t,min_range,blocked,lidar_range,camera_range,agree,cmd_in_vx,cmd_in_vy,cmd_in_wz,cmd_out_vx,cmd_out_vy,cmd_out_wz,odom_x,odom_y
0.21,nan,0,nan,nan,0,0.000,0.000,0.000,0.000,0.000,0.000,0.000,0.000
0.41,nan,0,nan,nan,0,0.000,0.000,0.000,0.000,0.000,0.000,0.000,0.000
0.61,nan,0,nan,nan,0,0.000,0.000,0.000,0.000,0.000,0.000,0.000,0.000
0.81,nan,0,nan,nan,0,0.000,0.000,0.000,0.000,0.000,0.000,0.000,0.000
1.01,nan,0,nan,nan,0,0.000,0.000,0.000,0.000,0.000,0.000,0.000,0.000
1.21,nan,0,nan,nan,0,0.000,0.000,0.000,0.000,0.000,0.000,0.000,0.000
1.41,nan,0,nan,nan,0,0.000,0.000,0.000,0.000,0.000,0.000,0.000,0.000
1.61,nan,0,nan,nan,0,0.000,0.000,0.000,0.000,0.000,0.000,0.000,0.000
1.81,nan,0,nan,nan,0,0.000,0.000,0.000,0.000,0.000,0.000,0.000,0.000
2.01,0.105,0,nan,nan,0,0.000,0.000,0.000,0.000,0.000,0.000,0.000,0.000
2.21,0.104,0,nan,nan,0,0.000,0.000,0.000,0.000,0.000,0.000,-0.004,0.000
2.41,0.105,0,nan,nan,0,0.000,0.000,0.000,0.000,0.000,0.000,-0.002,0.003
2.61,0.105,0,nan,nan,0,0.000,0.000,0.000,0.000,0.000,0.000,-0.003,-0.000
2.81,0.105,0,nan,nan,0,0.000,0.000,0.000,0.000,0.000,0.000,-0.003,-0.000
3.01,0.106,0,nan,nan,0,0.000,0.000,0.000,0.000,0.000,0.000,0.002,-0.000
3.21,0.105,0,nan,nan,0,0.000,0.000,0.000,0.000,0.000,0.000,0.002,0.002
3.41,0.106,0,0.384,0.442,1,0.000,0.000,0.000,0.000,0.000,0.000,-0.000,-0.002
3.61,0.106,0,0.384,0.442,1,0.000,0.000,0.000,0.000,0.000,0.000,-0.007,-0.002
3.81,0.105,0,0.384,0.442,1,0.000,0.000,0.000,0.000,0.000,0.000,-0.007,-0.002
4.01,0.105,0,0.387,0.442,1,0.000,0.000,0.000,0.000,0.000,0.000,-0.008,-0.002
4.21,0.105,0,0.387,0.442,1,0.000,0.000,0.000,0.000,0.000,0.000,-0.002,-0.001
4.41,0.105,0,0.390,0.442,1,0.000,0.000,0.000,0.000,0.000,0.000,-0.004,0.002
4.61,0.105,0,0.390,0.442,1,0.000,0.000,0.000,0.000,0.000,0.000,-0.003,-0.003
4.81,0.105,0,0.390,0.442,1,0.000,0.000,0.000,0.000,0.000,0.000,-0.003,-0.003
5.01,0.106,0,0.395,0.442,1,0.000,0.000,0.000,0.000,0.000,0.000,-0.005,0.004
5.21,0.106,0,0.395,0.442,1,0.000,0.000,0.000,0.000,0.000,0.000,-0.001,0.003
5.41,0.105,0,0.385,0.441,1,0.000,0.000,0.000,0.000,0.000,0.000,-0.005,0.002
5.61,0.105,0,0.385,0.441,1,0.000,0.000,0.000,0.000,0.000,0.000,-0.004,0.000
5.81,0.104,0,0.385,0.441,1,0.000,0.000,0.000,0.000,0.000,0.000,-0.004,0.000
6.01,0.105,0,0.387,0.442,1,0.000,0.000,0.000,0.000,0.000,0.000,0.001,0.000
6.21,0.106,0,0.387,0.442,1,0.000,0.000,0.000,0.000,0.000,0.000,-0.001,0.000
6.41,0.106,0,0.399,0.442,1,0.000,0.000,0.000,0.000,0.000,0.000,-0.002,0.002
6.61,0.106,0,0.399,0.442,1,0.000,0.000,0.000,0.000,0.000,0.000,-0.003,0.004
6.81,0.106,0,0.399,0.442,1,0.000,0.000,0.000,0.000,0.000,0.000,-0.003,0.004
7.01,0.105,0,0.396,0.442,1,0.000,0.000,0.000,0.000,0.000,0.000,0.002,-0.001
7.21,0.105,0,0.396,0.442,1,0.000,0.000,0.000,0.000,0.000,0.000,-0.004,-0.000
7.41,0.105,0,0.386,0.442,1,0.000,0.000,0.000,0.000,0.000,0.000,-0.002,0.001
7.61,0.105,0,0.386,0.442,1,0.000,0.000,0.000,0.000,0.000,0.000,-0.002,0.001
7.81,0.105,0,0.386,0.442,1,0.000,0.000,0.000,0.000,0.000,0.000,-0.002,0.001
8.01,0.105,0,0.393,0.442,1,0.000,0.000,0.000,0.000,0.000,0.000,0.004,-0.001
8.21,0.105,0,0.393,0.442,1,0.000,0.000,0.000,0.000,0.000,0.000,-0.000,0.001
8.41,0.105,0,0.386,0.442,1,0.000,0.000,0.000,0.000,0.000,0.000,-0.002,0.003
8.61,0.106,0,0.386,0.442,1,0.000,0.000,0.000,0.000,0.000,0.000,0.003,0.003
8.81,0.105,0,0.386,0.442,1,0.000,0.000,0.000,0.000,0.000,0.000,0.003,0.003
9.01,0.105,0,0.387,0.442,1,0.000,0.000,0.000,0.000,0.000,0.000,-0.002,0.003
9.21,0.104,0,0.387,0.442,1,0.000,0.000,0.000,0.000,0.000,0.000,-0.004,-0.002
9.41,0.104,0,0.391,0.442,1,0.000,0.000,0.000,0.000,0.000,0.000,-0.000,-0.005
9.61,0.105,0,0.391,0.442,1,0.000,0.000,0.000,0.000,0.000,0.000,0.000,-0.008
9.81,0.105,0,0.391,0.442,1,0.000,0.000,0.000,0.000,0.000,0.000,0.000,-0.008
10.01,0.105,0,0.385,0.442,1,0.000,0.000,0.000,0.000,0.000,0.000,0.001,0.000
10.21,0.105,0,0.385,0.442,1,0.000,0.000,0.000,0.000,0.000,0.000,-0.001,-0.005
10.41,0.105,0,0.384,0.442,1,0.000,0.000,0.000,0.000,0.000,0.000,0.005,-0.002
10.61,0.105,0,0.384,0.442,1,0.000,0.000,0.000,0.000,0.000,0.000,0.005,-0.002
10.81,0.106,0,0.384,0.442,1,0.000,0.000,0.000,0.000,0.000,0.000,0.009,-0.009
11.01,0.105,0,0.397,0.442,1,0.000,0.000,0.000,0.000,0.000,0.000,0.002,-0.003
11.21,0.105,0,0.397,0.442,1,0.000,0.000,0.000,0.000,0.000,0.000,0.006,-0.002
11.41,0.105,0,0.391,0.442,1,0.000,0.000,0.000,0.000,0.000,0.000,0.002,-0.003
11.61,0.102,0,0.391,0.442,1,0.000,0.000,0.000,0.000,0.000,0.000,0.002,-0.003
11.81,0.105,0,0.391,0.442,1,0.000,0.000,0.000,0.000,0.000,0.000,0.003,-0.003
12.01,0.105,0,0.397,0.442,1,0.000,0.000,0.000,0.000,0.000,0.000,0.002,-0.005
12.21,0.105,0,0.397,0.442,1,0.000,0.000,0.000,0.000,0.000,0.000,0.002,-0.007
12.41,0.105,0,0.386,0.442,1,0.000,0.000,0.000,0.000,0.000,0.000,0.003,-0.004
12.61,0.105,0,0.386,0.442,1,0.000,0.000,0.000,0.000,0.000,0.000,0.003,-0.004
12.81,0.105,0,0.386,0.442,1,0.000,0.000,0.000,0.000,0.000,0.000,-0.005,-0.007
13.01,0.105,0,4.941,0.442,0,0.000,0.000,0.000,0.000,0.000,0.000,0.003,-0.001
13.21,0.105,0,4.941,0.442,0,0.000,0.000,0.000,0.000,0.000,0.000,0.006,-0.003
13.41,0.105,0,0.398,0.442,1,0.000,0.000,0.000,0.000,0.000,0.000,0.005,-0.006
13.61,0.106,0,0.398,0.442,1,0.000,0.000,0.000,0.000,0.000,0.000,0.005,-0.006
13.81,0.106,0,0.398,0.442,1,0.000,0.000,0.000,0.000,0.000,0.000,-0.004,-0.005
14.01,0.105,0,0.391,0.442,1,0.000,0.000,0.000,0.000,0.000,0.000,-0.002,-0.005
14.21,0.105,0,0.391,0.442,1,0.000,0.000,0.000,0.000,0.000,0.000,0.000,0.001
14.41,0.105,0,0.389,0.442,1,0.000,0.000,0.000,0.000,0.000,0.000,0.003,-0.001
14.61,0.105,0,0.389,0.442,1,0.000,0.000,0.000,0.000,0.000,0.000,0.003,-0.001
14.81,0.105,0,0.389,0.442,1,0.000,0.000,0.000,0.000,0.000,0.000,0.001,0.001
15.01,0.105,0,0.393,0.442,1,0.000,0.000,0.000,0.000,0.000,0.000,-0.003,-0.000
15.21,0.105,0,0.393,0.442,1,0.000,0.000,0.000,0.000,0.000,0.000,0.003,-0.004
15.41,0.105,0,0.386,0.442,1,0.000,0.000,0.000,0.000,0.000,0.000,-0.001,-0.006
15.61,0.105,0,0.386,0.442,1,0.000,0.000,0.000,0.000,0.000,0.000,-0.001,-0.006
15.81,0.105,0,0.386,0.442,1,0.000,0.000,0.000,0.000,0.000,0.000,0.000,0.000
16.01,0.104,0,0.389,0.442,1,0.000,0.000,0.000,0.000,0.000,0.000,0.004,0.002
16.21,0.104,0,0.389,0.442,1,0.000,0.000,0.000,0.000,0.000,0.000,0.003,-0.001
16.41,0.106,0,0.387,0.442,1,0.000,0.000,0.000,0.000,0.000,0.000,0.001,0.000
16.61,0.105,0,0.387,0.442,1,0.000,0.000,0.000,0.000,0.000,0.000,0.001,0.000
16.81,0.105,0,0.387,0.442,1,0.000,0.000,0.000,0.000,0.000,0.000,0.004,-0.005
17.01,0.105,0,0.384,0.442,1,0.000,0.000,0.000,0.000,0.000,0.000,-0.001,-0.002
17.21,0.105,0,0.384,0.442,1,0.000,0.000,0.000,0.000,0.000,0.000,0.001,0.001
17.41,0.105,0,0.384,0.442,1,0.000,0.000,0.000,0.000,0.000,0.000,0.001,0.001
17.61,0.105,0,0.384,0.442,1,0.000,0.000,0.000,0.000,0.000,0.000,-0.000,-0.008
17.81,0.105,0,0.384,0.442,1,0.000,0.000,0.000,0.000,0.000,0.000,-0.001,-0.011
18.01,0.105,0,0.387,0.442,1,0.000,0.000,0.000,0.000,0.000,0.000,0.003,-0.007
18.21,0.105,0,0.387,0.442,1,0.000,0.000,0.000,0.000,0.000,0.000,-0.004,-0.007
18.41,0.106,0,0.398,0.442,1,0.000,0.000,0.000,0.000,0.000,0.000,-0.004,-0.007
18.61,0.105,0,0.398,0.442,1,0.000,0.000,0.000,0.000,0.000,0.000,0.003,-0.005
18.81,0.106,0,0.398,0.442,1,0.000,0.000,0.000,0.000,0.000,0.000,0.003,-0.007
19.01,0.105,0,0.400,0.442,1,0.000,0.000,0.000,0.000,0.000,0.000,0.005,-0.003
19.21,0.105,0,0.400,0.442,1,0.000,0.000,0.000,0.000,0.000,0.000,0.002,-0.002
19.41,0.106,0,0.402,0.442,1,0.000,0.000,0.000,0.000,0.000,0.000,0.002,-0.002
19.61,0.105,0,0.402,0.442,1,0.000,0.000,0.000,0.000,0.000,0.000,0.010,-0.004
19.81,0.106,0,0.402,0.442,1,0.000,0.000,0.000,0.000,0.000,0.000,0.006,-0.009
20.01,0.106,0,0.400,0.442,1,0.000,0.000,0.000,0.000,0.000,0.000,0.007,-0.016
20.21,0.106,0,0.400,0.442,1,0.000,0.000,0.000,0.000,0.000,0.000,0.001,-0.012
20.41,0.106,0,0.387,0.442,1,0.000,0.000,0.000,0.000,0.000,0.000,0.001,-0.012
20.61,0.105,0,0.387,0.442,1,0.000,0.000,0.000,0.000,0.000,0.000,0.004,-0.010
20.81,0.105,0,0.387,0.442,1,0.000,0.000,0.000,0.000,0.000,0.000,0.006,-0.008
21.01,0.106,0,0.386,0.442,1,0.000,0.000,0.000,0.000,0.000,0.000,0.004,-0.012
21.21,0.106,0,0.386,0.442,1,0.000,0.000,0.000,0.000,0.000,0.000,0.003,-0.005
21.41,0.106,0,0.386,0.442,1,0.000,0.000,0.000,0.000,0.000,0.000,0.003,-0.005
21.61,0.105,0,0.386,0.442,1,0.000,0.000,0.000,0.000,0.000,0.000,0.005,-0.009
21.81,0.105,0,0.386,0.442,1,0.000,0.000,0.000,0.000,0.000,0.000,0.001,-0.013
22.01,0.105,0,0.393,0.442,1,0.000,0.000,0.000,0.000,0.000,0.000,0.004,-0.007
22.21,0.105,0,0.393,0.442,1,0.000,0.000,0.000,0.000,0.000,0.000,0.006,-0.008
22.41,0.105,0,0.385,0.442,1,0.000,0.000,0.000,0.000,0.000,0.000,0.006,-0.008
22.61,0.105,0,0.385,0.442,1,0.000,0.000,0.000,0.000,0.000,0.000,0.004,-0.012
22.81,0.104,0,0.385,0.442,1,0.000,0.000,0.000,0.000,0.000,0.000,0.006,-0.006
23.01,0.104,0,0.384,0.442,1,0.000,0.000,0.000,0.000,0.000,0.000,0.005,-0.005
23.21,0.106,0,0.384,0.442,1,0.000,0.000,0.000,0.000,0.000,0.000,0.003,-0.011
23.41,0.105,0,0.391,0.442,1,0.000,0.000,0.000,0.000,0.000,0.000,0.003,-0.011
23.61,0.105,0,0.391,0.442,1,0.000,0.000,0.000,0.000,0.000,0.000,-0.001,-0.007
23.81,0.105,0,0.391,0.442,1,0.000,0.000,0.000,0.000,0.000,0.000,-0.006,-0.012
24.01,0.105,0,0.385,0.442,1,0.000,0.000,0.000,0.000,0.000,0.000,-0.006,-0.009
24.21,0.106,0,0.385,0.442,1,0.000,0.000,0.000,0.000,0.000,0.000,-0.006,-0.009
24.41,0.106,0,0.397,0.442,1,0.000,0.000,0.000,0.000,0.000,0.000,-0.005,-0.009
24.61,0.105,0,0.397,0.442,1,0.000,0.000,0.000,0.000,0.000,0.000,-0.004,-0.008
24.81,0.106,0,0.397,0.442,1,0.000,0.000,0.000,0.000,0.000,0.000,-0.007,-0.010
25.01,0.106,0,0.391,0.442,1,0.000,0.000,0.000,0.000,0.000,0.000,-0.002,-0.005
25.21,0.105,0,0.391,0.442,1,0.000,0.000,0.000,0.000,0.000,0.000,-0.002,-0.005
25.41,0.105,0,0.400,0.442,1,0.000,0.000,0.000,0.000,0.000,0.000,-0.001,0.001
25.61,0.106,0,0.400,0.442,1,0.000,0.000,0.000,0.000,0.000,0.000,-0.000,-0.004
25.81,0.106,0,0.400,0.442,1,0.000,0.000,0.000,0.000,0.000,0.000,-0.003,-0.006
26.01,0.106,0,0.402,0.442,1,0.000,0.000,0.000,0.000,0.000,0.000,0.001,0.000
26.21,0.102,0,0.402,0.442,1,0.000,0.000,0.000,0.000,0.000,0.000,0.001,0.000
26.41,0.105,0,0.386,0.442,1,0.000,0.000,0.000,0.000,0.000,0.000,-0.001,-0.002
26.61,0.105,0,0.386,0.442,1,0.000,0.000,0.000,0.000,0.000,0.000,-0.004,-0.003
26.81,0.105,0,0.386,0.442,1,0.000,0.000,0.000,0.000,0.000,0.000,-0.004,-0.003
27.01,0.105,0,0.160,0.442,0,0.000,0.000,0.000,0.000,0.000,0.000,-0.006,-0.004
27.21,0.106,0,0.160,0.442,0,0.000,0.000,0.000,0.000,0.000,0.000,-0.006,-0.004
27.41,0.105,0,0.385,0.442,1,0.000,0.000,0.000,0.000,0.000,0.000,0.000,-0.012
27.61,0.105,0,0.385,0.442,1,0.000,0.000,0.000,0.000,0.000,0.000,-0.003,-0.018
27.81,0.105,0,0.385,0.442,1,0.000,0.000,0.000,0.000,0.000,0.000,-0.004,-0.013
28.01,0.105,0,0.387,0.442,1,0.000,0.000,0.000,0.000,0.000,0.000,-0.005,-0.011
28.21,0.105,0,0.387,0.442,1,0.000,0.000,0.000,0.000,0.000,0.000,-0.005,-0.011
28.41,0.106,0,0.386,0.442,1,0.000,0.000,0.000,0.000,0.000,0.000,0.004,-0.008
28.61,0.105,0,0.386,0.442,1,0.000,0.000,0.000,0.000,0.000,0.000,-0.007,-0.013
28.81,0.105,0,0.386,0.442,1,0.000,0.000,0.000,0.000,0.000,0.000,0.000,-0.008
29.01,0.105,0,0.385,0.442,1,0.000,0.000,0.000,0.000,0.000,0.000,0.004,-0.011
29.21,0.105,0,0.385,0.442,1,0.000,0.000,0.000,0.000,0.000,0.000,0.004,-0.011
29.41,0.106,0,0.398,0.442,1,0.000,0.000,0.000,0.000,0.000,0.000,0.003,-0.025
29.61,0.106,0,0.398,0.442,1,0.000,0.000,0.000,0.000,0.000,0.000,-0.012,-0.019
29.81,0.104,0,0.398,0.442,1,0.000,0.000,0.000,0.000,0.000,0.000,-0.001,-0.015
30.01,0.104,0,0.384,0.442,1,0.000,0.000,0.000,0.000,0.000,0.000,-0.002,-0.006
30.21,0.105,0,0.384,0.442,1,0.000,0.000,0.000,0.000,0.000,0.000,-0.002,-0.006
30.41,0.106,0,0.387,0.442,1,0.000,0.000,0.000,0.000,0.000,0.000,-0.006,-0.012
30.61,0.105,0,0.387,0.442,1,0.000,0.000,0.000,0.000,0.000,0.000,0.006,-0.006
30.81,0.104,0,0.387,0.442,1,0.000,0.000,0.000,0.000,0.000,0.000,0.004,-0.004
31.01,0.104,0,0.401,0.442,1,0.000,0.000,0.000,0.000,0.000,0.000,-0.006,-0.009
31.21,0.105,0,0.401,0.442,1,0.000,0.000,0.000,0.000,0.000,0.000,-0.006,-0.009
31.41,0.102,0,0.387,0.442,1,0.000,0.000,0.000,0.000,0.000,0.000,-0.002,-0.005
31.61,0.105,0,0.387,0.442,1,0.000,0.000,0.000,0.000,0.000,0.000,-0.007,-0.001
31.81,0.105,0,0.387,0.442,1,0.000,0.000,0.000,0.000,0.000,0.000,0.002,-0.002
32.01,0.105,0,0.400,0.442,1,0.000,0.000,0.000,0.000,0.000,0.000,-0.004,-0.007
32.21,0.104,0,0.400,0.442,1,0.000,0.000,0.000,0.000,0.000,0.000,-0.004,-0.007
32.41,0.105,0,0.391,0.442,1,0.000,0.000,0.000,0.000,0.000,0.000,-0.005,-0.004
32.61,0.105,0,0.391,0.442,1,0.000,0.000,0.000,0.000,0.000,0.000,-0.000,0.001
32.81,0.105,0,0.391,0.442,1,0.000,0.000,0.000,0.000,0.000,0.000,0.003,-0.006
33.01,0.105,0,0.395,0.442,1,0.000,0.000,0.000,0.000,0.000,0.000,-0.003,-0.008
33.21,0.105,0,0.395,0.442,1,0.000,0.000,0.000,0.000,0.000,0.000,-0.003,-0.008
33.41,0.105,0,0.386,0.442,1,0.000,0.000,0.000,0.000,0.000,0.000,0.001,0.001
33.61,0.105,0,0.386,0.442,1,0.000,0.000,0.000,0.000,0.000,0.000,0.005,-0.001
33.81,0.105,0,0.386,0.442,1,0.000,0.000,0.000,0.000,0.000,0.000,0.002,-0.023
34.01,0.105,0,0.398,0.442,1,0.000,0.000,0.000,0.000,0.000,0.000,0.002,-0.014
34.21,0.105,0,0.398,0.442,1,0.000,0.000,0.000,0.000,0.000,0.000,0.002,-0.014
34.41,0.106,0,0.402,0.441,1,0.000,0.000,0.000,0.000,0.000,0.000,-0.004,-0.019
34.61,0.105,0,0.402,0.441,1,0.000,0.000,0.000,0.000,0.000,0.000,-0.002,-0.026
34.81,0.105,0,0.402,0.441,1,0.000,0.000,0.000,0.000,0.000,0.000,-0.002,-0.007
35.01,0.105,0,0.385,0.442,1,0.000,0.000,0.000,0.000,0.000,0.000,-0.002,-0.007
35.21,0.106,0,0.385,0.442,1,0.000,0.000,0.000,0.000,0.000,0.000,0.002,-0.007
35.41,0.105,0,0.385,0.442,1,0.000,0.000,0.000,0.000,0.000,0.000,0.006,-0.006
35.61,0.105,0,0.385,0.442,1,0.000,0.000,0.000,0.000,0.000,0.000,0.004,-0.009
35.81,0.105,0,0.385,0.442,1,0.000,0.000,0.000,0.000,0.000,0.000,-0.001,-0.007
36.01,0.106,0,0.386,0.442,1,0.000,0.000,0.000,0.000,0.000,0.000,-0.001,-0.007
36.21,0.106,0,0.386,0.442,1,0.000,0.000,0.000,0.000,0.000,0.000,-0.001,-0.034
36.41,0.105,0,0.385,0.442,1,0.000,0.000,0.000,0.000,0.000,0.000,-0.001,-0.012
36.61,0.105,0,0.385,0.442,1,0.000,0.000,0.000,0.000,0.000,0.000,0.002,-0.003
36.81,0.105,0,0.385,0.442,1,0.000,0.000,0.000,0.000,0.000,0.000,-0.001,-0.029
37.01,0.105,0,0.386,0.442,1,0.000,0.000,0.000,0.000,0.000,0.000,-0.001,-0.029
37.21,0.106,0,0.386,0.442,1,0.000,0.000,0.000,0.000,0.000,0.000,0.002,-0.023
37.41,0.106,0,0.389,0.442,1,0.000,0.000,0.000,0.000,0.000,0.000,0.002,-0.026
37.61,0.105,0,0.389,0.442,1,0.000,0.000,0.000,0.000,0.000,0.000,0.006,-0.009
37.81,0.105,0,0.389,0.442,1,0.000,0.000,0.000,0.000,0.000,0.000,-0.000,-0.039
38.01,0.105,0,0.401,0.442,1,0.000,0.000,0.000,0.000,0.000,0.000,-0.000,-0.039
38.21,0.105,0,0.401,0.442,1,0.000,0.000,0.000,0.000,0.000,0.000,-0.004,-0.024
38.41,0.105,0,0.401,0.442,1,0.000,0.000,0.000,0.000,0.000,0.000,0.004,-0.013
38.61,0.105,0,0.401,0.442,1,0.000,0.000,0.000,0.000,0.000,0.000,-0.007,-0.005
38.81,0.105,0,0.401,0.442,1,0.000,0.000,0.000,0.000,0.000,0.000,-0.005,-0.009
39.01,0.106,0,0.402,0.442,1,0.000,0.000,0.000,0.000,0.000,0.000,-0.005,-0.009
39.21,0.105,0,0.402,0.442,1,0.000,0.000,0.000,0.000,0.000,0.000,0.002,-0.008
39.41,0.106,0,0.384,0.442,1,0.000,0.000,0.000,0.000,0.000,0.000,0.001,-0.015
39.61,0.105,0,0.384,0.442,1,0.000,0.000,0.000,0.000,0.000,0.000,0.002,-0.015
39.81,0.105,0,0.384,0.442,1,0.000,0.000,0.000,0.000,0.000,0.000,0.007,-0.028
40.01,0.105,0,0.385,0.442,1,0.000,0.000,0.000,0.000,0.000,0.000,0.007,-0.028
40.21,0.105,0,0.385,0.442,1,0.000,0.000,0.000,0.000,0.000,0.000,0.005,-0.016
40.41,0.105,0,0.389,0.442,1,0.000,0.000,0.000,0.000,0.000,0.000,0.004,-0.032
40.61,0.105,0,0.389,0.442,1,0.000,0.000,0.000,0.000,0.000,0.000,0.000,-0.021
40.81,0.105,0,0.389,0.442,1,0.000,0.000,0.000,0.000,0.000,0.000,0.008,-0.012
41.01,0.106,0,2.607,0.442,0,0.000,0.000,0.000,0.000,0.000,0.000,0.008,-0.012
41.21,0.105,0,2.607,0.442,0,0.000,0.000,0.000,0.000,0.000,0.000,-0.000,-0.006
41.41,0.102,0,0.401,0.442,1,0.000,0.000,0.000,0.000,0.000,0.000,-0.002,-0.007
41.61,0.106,0,0.401,0.442,1,0.000,0.000,0.000,0.000,0.000,0.000,-0.001,-0.015
41.81,0.106,0,0.401,0.442,1,0.000,0.000,0.000,0.000,0.000,0.000,0.002,-0.022
42.01,0.105,0,0.402,0.442,1,0.000,0.000,0.000,0.000,0.000,0.000,0.002,-0.022
42.21,0.105,0,0.402,0.442,1,0.000,0.000,0.000,0.000,0.000,0.000,0.002,-0.006
42.41,0.104,0,0.389,0.442,1,0.000,0.000,0.000,0.000,0.000,0.000,-0.002,-0.006
42.61,0.105,0,0.389,0.442,1,0.000,0.000,0.000,0.000,0.000,0.000,0.002,-0.006
42.81,0.105,0,0.389,0.442,1,0.000,0.000,0.000,0.000,0.000,0.000,0.005,-0.013
43.01,0.106,0,0.397,0.442,1,0.000,0.000,0.000,0.000,0.000,0.000,0.005,-0.013
43.21,0.105,0,0.397,0.442,1,0.000,0.000,0.000,0.000,0.000,0.000,0.003,-0.012
43.41,0.106,0,0.387,0.442,1,0.000,0.000,0.000,0.000,0.000,0.000,0.005,-0.014
43.61,0.106,0,0.387,0.442,1,0.000,0.000,0.000,0.000,0.000,0.000,0.007,-0.013
43.81,0.106,0,0.387,0.442,1,0.000,0.000,0.000,0.000,0.000,0.000,0.007,-0.015
44.01,0.105,0,0.397,0.442,1,0.000,0.000,0.000,0.000,0.000,0.000,0.007,-0.015
44.21,0.105,0,0.397,0.442,1,0.000,0.000,0.000,0.000,0.000,0.000,0.005,-0.008
44.41,0.105,0,0.387,0.442,1,0.000,0.000,0.000,0.000,0.000,0.000,0.001,-0.006
44.61,0.105,0,0.387,0.442,1,0.000,0.000,0.000,0.000,0.000,0.000,-0.001,-0.025
44.81,0.105,0,0.387,0.442,1,0.000,0.000,0.000,0.000,0.000,0.000,0.002,-0.029
45.01,0.106,0,0.387,0.442,1,0.000,0.000,0.000,0.000,0.000,0.000,0.002,-0.029
45.21,0.104,0,0.387,0.442,1,0.000,0.000,0.000,0.000,0.000,0.000,-0.000,-0.007
45.41,0.105,0,0.391,0.442,1,0.000,0.000,0.000,0.000,0.000,0.000,-0.003,0.000
45.61,0.105,0,0.391,0.442,1,0.000,0.000,0.000,0.000,0.000,0.000,-0.000,-0.028
45.81,0.105,0,0.391,0.442,1,0.000,0.000,0.000,0.000,0.000,0.000,-0.003,-0.024
46.01,0.105,0,0.384,0.442,1,0.000,0.000,0.000,0.000,0.000,0.000,-0.003,-0.024
46.21,0.105,0,0.384,0.442,1,0.000,0.000,0.000,0.000,0.000,0.000,-0.006,-0.014
46.41,0.105,0,0.385,0.442,1,0.000,0.000,0.000,0.000,0.000,0.000,0.003,-0.025
46.61,0.105,0,0.385,0.442,1,0.000,0.000,0.000,0.000,0.000,0.000,0.002,-0.030
46.81,0.105,0,0.385,0.442,1,0.000,0.000,0.000,0.000,0.000,0.000,-0.005,-0.025
47.01,0.105,0,0.390,0.442,1,0.000,0.000,0.000,0.000,0.000,0.000,-0.005,-0.025
47.21,0.106,0,0.390,0.442,1,0.000,0.000,0.000,0.000,0.000,0.000,-0.003,-0.021
47.41,0.105,0,0.387,0.441,1,0.000,0.000,0.000,0.000,0.000,0.000,-0.006,-0.033
47.61,0.105,0,0.387,0.441,1,0.000,0.000,0.000,0.000,0.000,0.000,0.004,-0.012
47.81,0.105,0,0.387,0.441,1,0.000,0.000,0.000,0.000,0.000,0.000,0.004,-0.012
48.01,0.105,0,0.386,0.442,1,0.000,0.000,0.000,0.000,0.000,0.000,-0.003,-0.025
48.21,0.106,0,0.386,0.442,1,0.000,0.000,0.000,0.000,0.000,0.000,-0.003,-0.022
48.41,0.105,0,0.387,0.442,1,0.000,0.000,0.000,0.000,0.000,0.000,-0.001,-0.012
48.61,0.105,0,0.387,0.442,1,0.000,0.000,0.000,0.000,0.000,0.000,-0.002,-0.009
48.81,0.105,0,0.387,0.442,1,0.000,0.000,0.000,0.000,0.000,0.000,-0.002,-0.009
49.01,0.106,0,0.397,0.442,1,0.000,0.000,0.000,0.000,0.000,0.000,-0.001,-0.014
49.21,0.105,0,0.397,0.442,1,0.000,0.000,0.000,0.000,0.000,0.000,-0.007,-0.006
49.41,0.106,0,0.386,0.442,1,0.000,0.000,0.000,0.000,0.000,0.000,0.003,-0.011
49.61,0.106,0,0.386,0.442,1,0.000,0.000,0.000,0.000,0.000,0.000,-0.009,-0.013
49.81,0.105,0,0.386,0.442,1,0.000,0.000,0.000,0.000,0.000,0.000,-0.009,-0.013
50.01,0.106,0,2.669,0.442,0,0.000,0.000,0.000,0.000,0.000,0.000,-0.006,-0.007
50.21,0.102,0,2.669,0.442,0,0.000,0.000,0.000,0.000,0.000,0.000,-0.006,-0.011
50.41,0.105,0,0.387,0.442,1,0.000,0.000,0.000,0.000,0.000,0.000,-0.006,-0.016
50.61,0.105,0,0.387,0.442,1,0.000,0.000,0.000,0.000,0.000,0.000,-0.007,-0.020
50.81,0.105,0,0.387,0.442,1,0.000,0.000,0.000,0.000,0.000,0.000,-0.007,-0.020
51.01,0.106,0,0.400,0.442,1,0.000,0.000,0.000,0.000,0.000,0.000,-0.002,-0.024
51.21,0.105,0,0.400,0.442,1,0.000,0.000,0.000,0.000,0.000,0.000,-0.007,-0.027
51.41,0.106,0,0.390,0.442,1,0.000,0.000,0.000,0.000,0.000,0.000,-0.000,-0.029
51.61,0.106,0,0.390,0.442,1,0.000,0.000,0.000,0.000,0.000,0.000,-0.000,-0.029
51.81,0.106,0,0.390,0.442,1,0.000,0.000,0.000,0.000,0.000,0.000,-0.000,-0.029
52.01,0.105,0,0.386,0.442,1,0.000,0.000,0.000,0.000,0.000,0.000,-0.002,-0.045
52.21,0.105,0,0.386,0.442,1,0.000,0.000,0.000,0.000,0.000,0.000,-0.007,-0.029
52.41,0.105,0,0.401,0.442,1,0.000,0.000,0.000,0.000,0.000,0.000,-0.006,-0.036
52.61,0.105,0,0.401,0.442,1,0.000,0.000,0.000,0.000,0.000,0.000,0.009,-0.012
52.81,0.105,0,0.401,0.442,1,0.000,0.000,0.000,0.000,0.000,0.000,0.009,-0.012
53.01,0.105,0,0.397,0.442,1,0.000,0.000,0.000,0.000,0.000,0.000,0.006,-0.026
53.21,0.105,0,0.397,0.442,1,0.000,0.000,0.000,0.000,0.000,0.000,0.002,-0.007
53.41,0.106,0,0.387,0.442,1,0.000,0.000,0.000,0.000,0.000,0.000,0.003,-0.010
53.61,0.106,0,0.387,0.442,1,0.000,0.000,0.000,0.000,0.000,0.000,-0.000,-0.027
53.81,0.105,0,0.387,0.442,1,0.000,0.000,0.000,0.000,0.000,0.000,-0.000,-0.027
54.01,0.105,0,0.387,0.442,1,0.000,0.000,0.000,0.000,0.000,0.000,0.006,-0.009
54.21,0.104,0,0.387,0.442,1,0.000,0.000,0.000,0.000,0.000,0.000,0.005,-0.009
54.41,0.105,0,0.390,0.442,1,0.000,0.000,0.000,0.000,0.000,0.000,-0.004,-0.024
54.61,0.105,0,0.390,0.442,1,0.000,0.000,0.000,0.000,0.000,0.000,0.001,-0.016
54.81,0.106,0,0.390,0.442,1,0.000,0.000,0.000,0.000,0.000,0.000,0.001,-0.016
55.01,0.105,0,0.385,0.442,1,0.000,0.000,0.000,0.000,0.000,0.000,0.009,-0.026
55.21,0.105,0,0.385,0.442,1,0.000,0.000,0.000,0.000,0.000,0.000,-0.003,-0.029
55.41,0.104,0,0.384,0.442,1,0.000,0.000,0.000,0.000,0.000,0.000,0.000,-0.016
55.61,0.104,0,0.384,0.442,1,0.000,0.000,0.000,0.000,0.000,0.000,0.011,-0.025
55.81,0.102,0,0.384,0.442,1,0.000,0.000,0.000,0.000,0.000,0.000,0.011,-0.025
56.01,0.105,0,0.402,0.442,1,0.000,0.000,0.000,0.000,0.000,0.000,0.004,-0.016
56.21,0.105,0,0.402,0.442,1,0.000,0.000,0.000,0.000,0.000,0.000,0.006,-0.016
56.41,0.105,0,0.387,0.442,1,0.000,0.000,0.000,0.000,0.000,0.000,0.004,-0.015
56.61,0.105,0,0.387,0.442,1,0.000,0.000,0.000,0.000,0.000,0.000,0.011,-0.034
56.81,0.106,0,0.387,0.442,1,0.000,0.000,0.000,0.000,0.000,0.000,0.011,-0.034
57.01,0.105,0,0.394,0.442,1,0.000,0.000,0.000,0.000,0.000,0.000,0.005,-0.030
57.21,0.105,0,0.394,0.442,1,0.000,0.000,0.000,0.000,0.000,0.000,0.011,-0.032
57.41,0.105,0,0.385,0.442,1,0.000,0.000,0.000,0.000,0.000,0.000,0.009,-0.030
57.61,0.105,0,0.385,0.442,1,0.000,0.000,0.000,0.000,0.000,0.000,0.007,-0.030
57.81,0.106,0,0.385,0.442,1,0.000,0.000,0.000,0.000,0.000,0.000,0.007,-0.030
58.01,0.105,0,0.387,0.442,1,0.000,0.000,0.000,0.000,0.000,0.000,0.000,-0.027
58.21,0.104,0,0.387,0.442,1,0.000,0.000,0.000,0.000,0.000,0.000,0.003,-0.021
58.41,0.104,0,0.389,0.442,1,0.000,0.000,0.000,0.000,0.000,0.000,0.003,-0.029
58.61,0.102,0,0.389,0.442,1,0.000,0.000,0.000,0.000,0.000,0.000,0.009,-0.024
58.81,0.106,0,0.389,0.442,1,0.000,0.000,0.000,0.000,0.000,0.000,0.009,-0.024
59.01,0.105,0,0.386,0.442,1,0.000,0.000,0.000,0.000,0.000,0.000,-0.002,-0.014
59.21,0.106,0,0.386,0.442,1,0.000,0.000,0.000,0.000,0.000,0.000,0.006,-0.027
59.41,0.106,0,0.385,0.442,1,0.000,0.000,0.000,0.000,0.000,0.000,-0.007,-0.045
59.61,0.106,0,0.385,0.442,1,0.000,0.000,0.000,0.000,0.000,0.000,-0.007,-0.045
59.81,0.105,0,0.385,0.442,1,0.000,0.000,0.000,0.000,0.000,0.000,-0.001,-0.029
60.01,0.106,0,0.389,0.442,1,0.000,0.000,0.000,0.000,0.000,0.000,-0.009,-0.016
60.21,0.105,0,0.389,0.442,1,0.000,0.000,0.000,0.000,0.000,0.000,-0.011,-0.013
60.41,0.105,0,0.387,0.442,1,0.000,0.000,0.000,0.000,0.000,0.000,-0.003,-0.038
60.61,0.105,0,0.387,0.442,1,0.000,0.000,0.000,0.000,0.000,0.000,-0.003,-0.038
60.81,0.105,0,0.387,0.442,1,0.000,0.000,0.000,0.000,0.000,0.000,-0.001,-0.037
61.01,0.105,0,0.387,0.442,1,0.000,0.000,0.000,0.000,0.000,0.000,-0.002,-0.040
61.21,0.105,0,0.387,0.442,1,0.000,0.000,0.000,0.000,0.000,0.000,-0.003,-0.014
61.41,0.105,0,0.385,0.442,1,0.000,0.000,0.000,0.000,0.000,0.000,0.000,-0.016
61.61,0.105,0,0.385,0.442,1,0.000,0.000,0.000,0.000,0.000,0.000,0.000,-0.016
61.81,0.106,0,0.385,0.442,1,0.000,0.000,0.000,0.000,0.000,0.000,-0.002,-0.013
62.01,0.105,0,0.385,0.442,1,0.000,0.000,0.000,0.000,0.000,0.000,-0.007,-0.011
62.21,0.102,0,0.385,0.442,1,0.000,0.000,0.000,0.000,0.000,0.000,-0.006,-0.008
62.41,0.102,0,0.387,0.442,1,0.000,0.000,0.000,0.000,0.000,0.000,-0.008,-0.032
62.61,0.106,0,0.387,0.442,1,0.000,0.000,0.000,0.000,0.000,0.000,-0.008,-0.032
62.81,0.105,0,0.387,0.442,1,0.000,0.000,0.000,0.000,0.000,0.000,-0.007,-0.010
63.01,0.105,0,0.386,0.442,1,0.000,0.000,0.000,0.000,0.000,0.000,-0.018,-0.016
63.21,0.105,0,0.386,0.442,1,0.000,0.000,0.000,0.000,0.000,0.000,-0.010,-0.012
63.41,0.105,0,0.388,0.442,1,0.000,0.000,0.000,0.000,0.000,0.000,-0.014,-0.028
63.61,0.105,0,0.388,0.442,1,0.000,0.000,0.000,0.000,0.000,0.000,-0.014,-0.028
63.81,0.105,0,0.388,0.442,1,0.000,0.000,0.000,0.000,0.000,0.000,-0.014,-0.027
64.01,0.102,0,0.387,0.442,1,0.000,0.000,0.000,0.000,0.000,0.000,-0.005,-0.016
64.21,0.105,0,0.387,0.442,1,0.000,0.000,0.000,0.000,0.000,0.000,0.006,-0.032
64.41,0.105,0,0.384,0.442,1,0.000,0.000,0.000,0.000,0.000,0.000,-0.002,-0.036
64.61,0.105,0,0.384,0.442,1,0.000,0.000,0.000,0.000,0.000,0.000,-0.002,-0.036
64.81,0.105,0,0.384,0.442,1,0.000,0.000,0.000,0.000,0.000,0.000,-0.002,-0.031
65.01,0.375,0,0.385,0.442,1,0.000,0.000,0.000,0.000,0.000,0.000,0.004,-0.013
65.21,0.106,0,0.385,0.442,1,0.000,0.000,0.000,0.000,0.000,0.000,-0.002,-0.022
65.41,0.106,0,0.387,0.442,1,0.000,0.000,0.000,0.000,0.000,0.000,-0.010,-0.019
65.61,0.106,0,0.387,0.442,1,0.000,0.000,0.000,0.000,0.000,0.000,-0.010,-0.019
65.81,0.105,0,0.387,0.442,1,0.000,0.000,0.000,0.000,0.000,0.000,-0.002,-0.034
66.01,0.105,0,0.386,0.442,1,0.000,0.000,0.000,0.000,0.000,0.000,0.000,-0.029
66.21,0.105,0,0.386,0.442,1,0.000,0.000,0.000,0.000,0.000,0.000,0.007,-0.028
66.41,0.105,0,0.401,0.442,1,0.000,0.000,0.000,0.000,0.000,0.000,0.016,-0.031
66.61,0.106,0,0.401,0.442,1,0.000,0.000,0.000,0.000,0.000,0.000,0.016,-0.031
66.81,0.105,0,0.401,0.442,1,0.000,0.000,0.000,0.000,0.000,0.000,-0.007,-0.032
67.01,0.105,0,0.391,0.442,1,0.000,0.000,0.000,0.000,0.000,0.000,0.003,-0.032
67.21,0.105,0,0.391,0.442,1,0.000,0.000,0.000,0.000,0.000,0.000,-0.007,-0.031
67.41,0.102,0,0.812,0.442,0,0.000,0.000,0.000,0.000,0.000,0.000,-0.001,-0.039
67.61,0.105,0,0.812,0.442,0,0.000,0.000,0.000,0.000,0.000,0.000,-0.001,-0.039
67.81,0.105,0,0.812,0.442,0,0.000,0.000,0.000,0.000,0.000,0.000,-0.002,-0.005
68.01,0.106,0,0.385,0.442,1,0.000,0.000,0.000,0.000,0.000,0.000,-0.003,-0.002
68.21,0.106,0,0.385,0.442,1,0.000,0.000,0.000,0.000,0.000,0.000,-0.007,0.001
68.41,0.105,0,0.387,0.442,1,0.000,0.000,0.000,0.000,0.000,0.000,-0.002,0.014
68.61,0.106,0,0.387,0.442,1,0.000,0.000,0.000,0.000,0.000,0.000,-0.002,0.014
68.81,0.105,0,0.387,0.442,1,0.000,0.000,0.000,0.000,0.000,0.000,0.004,0.007
69.01,0.105,0,0.401,0.442,1,0.000,0.000,0.000,0.000,0.000,0.000,0.005,0.002
69.21,0.105,0,0.401,0.442,1,0.000,0.000,0.000,0.000,0.000,0.000,-0.005,-0.003
69.41,0.105,0,1.804,0.442,0,0.000,0.000,0.000,0.000,0.000,0.000,-0.005,-0.003
69.61,0.104,0,1.804,0.442,0,0.000,0.000,0.000,0.000,0.000,0.000,-0.003,-0.006
69.81,0.105,0,1.804,0.442,0,0.000,0.000,0.000,0.000,0.000,0.000,-0.006,-0.019
70.01,0.105,0,0.392,0.442,1,0.000,0.000,0.000,0.000,0.000,0.000,-0.007,-0.024
70.21,0.105,0,0.392,0.442,1,0.000,0.000,0.000,0.000,0.000,0.000,0.002,-0.025
70.41,0.105,0,0.386,0.442,1,0.000,0.000,0.000,0.000,0.000,0.000,0.002,-0.025
70.61,0.105,0,0.386,0.442,1,0.000,0.000,0.000,0.000,0.000,0.000,-0.001,-0.011
70.81,0.106,0,0.386,0.442,1,0.000,0.000,0.000,0.000,0.000,0.000,-0.008,-0.045
71.01,0.105,0,0.387,0.442,1,0.000,0.000,0.000,0.000,0.000,0.000,-0.001,-0.024
71.21,0.105,0,0.387,0.442,1,0.000,0.000,0.000,0.000,0.000,0.000,-0.011,-0.019
71.41,0.107,0,0.386,0.442,1,0.000,0.000,0.000,0.000,0.000,0.000,-0.011,-0.019
71.61,0.105,0,0.386,0.442,1,0.000,0.000,0.000,0.000,0.000,0.000,0.003,-0.028
71.81,0.105,0,0.386,0.442,1,0.000,0.000,0.000,0.000,0.000,0.000,-0.005,-0.034
72.01,0.105,0,0.392,0.442,1,0.000,0.000,0.000,0.000,0.000,0.000,-0.000,-0.029
72.21,0.105,0,0.392,0.442,1,0.000,0.000,0.000,0.000,0.000,0.000,-0.006,-0.022
72.41,0.105,0,0.392,0.442,1,0.000,0.000,0.000,0.000,0.000,0.000,-0.006,-0.022
72.61,0.105,0,0.392,0.442,1,0.000,0.000,0.000,0.000,0.000,0.000,-0.004,-0.009
72.81,0.105,0,0.392,0.442,1,0.000,0.000,0.000,0.000,0.000,0.000,-0.002,-0.010
73.01,0.106,0,0.387,0.442,1,0.000,0.000,0.000,0.000,0.000,0.000,-0.002,0.002
73.21,0.106,0,0.387,0.442,1,0.000,0.000,0.000,0.000,0.000,0.000,0.003,0.001
73.41,0.105,0,0.390,0.442,1,0.000,0.000,0.000,0.000,0.000,0.000,0.003,0.001
73.61,0.105,0,0.390,0.442,1,0.000,0.000,0.000,0.000,0.000,0.000,-0.038,-0.029
73.81,0.106,0,0.390,0.442,1,0.000,0.000,0.000,0.000,0.000,0.000,-0.023,-0.025
74.01,0.102,0,0.388,0.436,1,0.000,0.000,0.000,0.000,0.000,0.000,-0.015,-0.022
74.21,0.102,0,0.388,0.436,1,0.000,0.000,0.000,0.000,0.000,0.000,-0.008,-0.022
74.41,0.105,0,0.383,0.435,1,0.000,0.000,0.000,0.000,0.000,0.000,-0.008,-0.022
74.61,0.105,0,0.383,0.435,1,0.000,0.000,0.000,0.000,0.000,0.000,-0.010,-0.023
74.81,0.105,0,0.383,0.435,1,0.000,0.000,0.000,0.000,0.000,0.000,-0.019,-0.029
75.01,0.105,0,0.386,0.433,1,0.000,0.000,0.000,0.000,0.000,0.000,-0.022,-0.033
75.21,0.105,0,0.386,0.433,1,0.000,0.000,0.000,0.000,0.000,0.000,-0.016,-0.038
75.41,0.105,0,0.386,0.431,1,0.000,0.000,0.000,0.000,0.000,0.000,-0.016,-0.038
75.61,0.105,0,0.386,0.431,1,0.000,0.000,0.000,0.000,0.000,0.000,-0.018,-0.037
75.81,0.105,0,0.386,0.431,1,0.000,0.000,0.000,0.000,0.000,0.000,-0.008,-0.032
76.01,0.105,0,0.388,0.431,1,0.000,0.000,0.000,0.000,0.000,0.000,-0.003,-0.027
76.21,0.102,0,0.388,0.431,1,0.000,0.000,0.000,0.000,0.000,0.000,-0.003,-0.027
76.41,0.106,0,0.386,0.431,1,0.000,0.000,0.000,0.000,0.000,0.000,-0.008,-0.037
76.61,0.105,0,0.386,0.431,1,0.000,0.000,0.000,0.000,0.000,0.000,-0.016,-0.033
76.81,0.105,0,0.386,0.431,1,0.000,0.000,0.000,0.000,0.000,0.000,-0.010,-0.036
77.01,0.105,0,0.387,0.431,1,0.000,0.000,0.000,0.000,0.000,0.000,-0.004,-0.039
77.21,0.105,0,0.387,0.431,1,0.000,0.000,0.000,0.000,0.000,0.000,-0.004,-0.039
77.41,0.106,0,0.386,0.431,1,0.000,0.000,0.000,0.000,0.000,0.000,-0.007,-0.040
77.61,0.106,0,0.386,0.431,1,0.000,0.000,0.000,0.000,0.000,0.000,-0.007,-0.013
77.81,0.105,0,0.386,0.431,1,0.000,0.000,0.000,0.000,0.000,0.000,-0.010,-0.013
78.01,0.105,0,0.384,0.431,1,0.000,0.000,0.000,0.000,0.000,0.000,-0.003,-0.014
78.21,0.105,0,0.384,0.431,1,0.000,0.000,0.000,0.000,0.000,0.000,-0.003,-0.014
78.41,0.105,0,0.395,0.431,1,0.000,0.000,0.000,0.000,0.000,0.000,-0.007,-0.013
78.61,0.105,0,0.395,0.431,1,0.000,0.000,0.000,0.000,0.000,0.000,-0.009,-0.021
78.81,0.105,0,0.395,0.431,1,0.000,0.000,0.000,0.000,0.000,0.000,0.001,-0.026
79.01,0.105,0,0.391,0.430,1,0.000,0.000,0.000,0.000,0.000,0.000,-0.010,-0.034
79.21,0.105,0,0.391,0.430,1,0.000,0.000,0.000,0.000,0.000,0.000,-0.010,-0.034
79.41,0.105,0,0.386,0.431,1,0.000,0.000,0.000,0.000,0.000,0.000,-0.005,-0.033
79.61,0.106,0,0.386,0.431,1,0.000,0.000,0.000,0.000,0.000,0.000,-0.004,-0.031
79.81,0.105,0,0.386,0.431,1,0.000,0.000,0.000,0.000,0.000,0.000,-0.003,-0.033
80.01,0.105,0,0.401,0.430,1,0.000,0.000,0.000,0.000,0.000,0.000,-0.005,-0.039
80.21,0.105,0,0.401,0.430,1,0.000,0.000,0.000,0.000,0.000,0.000,-0.005,-0.039
80.41,0.105,0,0.384,0.430,1,0.000,0.000,0.000,0.000,0.000,0.000,-0.010,-0.021
80.61,0.102,0,0.384,0.430,1,0.000,0.000,0.000,0.000,0.000,0.000,-0.007,-0.020
80.81,0.106,0,0.384,0.430,1,0.000,0.000,0.000,0.000,0.000,0.000,-0.007,-0.023
81.01,0.106,0,0.384,0.430,1,0.000,0.000,0.000,0.000,0.000,0.000,-0.009,-0.018
81.21,0.105,0,0.384,0.430,1,0.000,0.000,0.000,0.000,0.000,0.000,-0.009,-0.018
81.41,0.105,0,0.386,0.430,1,0.000,0.000,0.000,0.000,0.000,0.000,0.004,-0.026
81.61,0.105,0,0.386,0.430,1,0.000,0.000,0.000,0.000,0.000,0.000,-0.005,-0.018
81.81,0.105,0,0.386,0.430,1,0.000,0.000,0.000,0.000,0.000,0.000,-0.012,-0.030
82.01,0.105,0,0.385,0.430,1,0.000,0.000,0.000,0.000,0.000,0.000,-0.008,-0.029
82.21,0.105,0,0.385,0.430,1,0.000,0.000,0.000,0.000,0.000,0.000,-0.008,-0.029
82.41,0.105,0,0.393,0.430,1,0.000,0.000,0.000,0.000,0.000,0.000,-0.011,-0.024
82.61,0.105,0,0.393,0.430,1,0.000,0.000,0.000,0.000,0.000,0.000,-0.005,-0.030
82.81,0.105,0,0.393,0.430,1,0.000,0.000,0.000,0.000,0.000,0.000,-0.007,-0.034
83.01,0.105,0,0.387,0.430,1,0.000,0.000,0.000,0.000,0.000,0.000,-0.014,-0.010
83.21,0.105,0,0.387,0.430,1,0.000,0.000,0.000,0.000,0.000,0.000,-0.014,-0.010
83.41,0.105,0,0.383,0.430,1,0.000,0.000,0.000,0.000,0.000,0.000,-0.007,-0.007
83.61,0.106,0,0.383,0.430,1,0.000,0.000,0.000,0.000,0.000,0.000,-0.008,0.001
83.81,0.106,0,0.383,0.430,1,0.000,0.000,0.000,0.000,0.000,0.000,-0.012,-0.011
84.01,0.105,0,0.392,0.431,1,0.000,0.000,0.000,0.000,0.000,0.000,-0.012,-0.011
84.21,0.106,0,0.392,0.431,1,0.000,0.000,0.000,0.000,0.000,0.000,-0.005,-0.013
84.41,0.105,0,0.385,0.430,1,0.000,0.000,0.000,0.000,0.000,0.000,0.001,-0.005
84.61,0.106,0,0.385,0.430,1,0.000,0.000,0.000,0.000,0.000,0.000,-0.006,-0.011
84.81,0.106,0,0.385,0.430,1,0.000,0.000,0.000,0.000,0.000,0.000,0.000,-0.012
85.01,0.105,0,0.383,0.430,1,0.000,0.000,0.000,0.000,0.000,0.000,0.000,-0.012
85.21,0.106,0,0.383,0.430,1,0.000,0.000,0.000,0.000,0.000,0.000,-0.006,-0.012
85.41,0.102,0,0.384,0.430,1,0.000,0.000,0.000,0.000,0.000,0.000,-0.004,-0.011
85.61,0.106,0,0.384,0.430,1,0.000,0.000,0.000,0.000,0.000,0.000,-0.013,-0.012
85.81,0.106,0,0.384,0.430,1,0.000,0.000,0.000,0.000,0.000,0.000,-0.005,-0.008
86.01,0.106,0,0.394,0.430,1,0.000,0.000,0.000,0.000,0.000,0.000,-0.005,-0.008
86.21,0.106,0,0.394,0.430,1,0.000,0.000,0.000,0.000,0.000,0.000,-0.007,-0.007
86.41,0.105,0,0.402,0.430,1,0.000,0.000,0.000,0.000,0.000,0.000,-0.002,-0.012
86.61,0.105,0,0.402,0.430,1,0.000,0.000,0.000,0.000,0.000,0.000,-0.011,-0.005
86.81,0.105,0,0.402,0.430,1,0.000,0.000,0.000,0.000,0.000,0.000,-0.003,-0.008
87.01,0.105,0,0.387,0.430,1,0.000,0.000,0.000,0.000,0.000,0.000,-0.003,-0.008
87.21,0.105,0,0.387,0.430,1,0.000,0.000,0.000,0.000,0.000,0.000,-0.008,-0.012
87.41,0.105,0,0.387,0.430,1,0.000,0.000,0.000,0.000,0.000,0.000,-0.003,-0.016
87.61,0.105,0,0.387,0.430,1,0.000,0.000,0.000,0.000,0.000,0.000,0.000,-0.009
87.81,0.105,0,0.387,0.430,1,0.000,0.000,0.000,0.000,0.000,0.000,0.004,-0.022
88.01,0.105,0,0.397,0.430,1,0.000,0.000,0.000,0.000,0.000,0.000,0.004,-0.022
88.21,0.105,0,0.397,0.430,1,0.000,0.000,0.000,0.000,0.000,0.000,0.002,-0.035
88.41,0.105,0,0.387,0.430,1,0.000,0.000,0.000,0.000,0.000,0.000,-0.000,-0.017
88.61,0.105,0,0.387,0.430,1,0.000,0.000,0.000,0.000,0.000,0.000,-0.006,-0.023
88.81,0.106,0,0.387,0.430,1,0.000,0.000,0.000,0.000,0.000,0.000,-0.004,-0.034
89.01,0.105,0,0.384,0.431,1,0.000,0.000,0.000,0.000,0.000,0.000,-0.004,-0.034
89.21,0.106,0,0.384,0.431,1,0.000,0.000,0.000,0.000,0.000,0.000,-0.002,-0.027
89.41,0.105,0,0.382,0.431,1,0.000,0.000,0.000,0.000,0.000,0.000,-0.007,-0.032
89.61,0.105,0,0.382,0.431,1,0.000,0.000,0.000,0.000,0.000,0.000,-0.002,-0.026
89.81,0.106,0,0.382,0.431,1,0.000,0.000,0.000,0.000,0.000,0.000,-0.002,-0.026
90.01,0.105,0,0.387,0.431,1,0.000,0.000,0.000,0.000,0.000,0.000,0.003,-0.030
90.21,0.105,0,0.387,0.431,1,0.000,0.000,0.000,0.000,0.000,0.000,-0.004,-0.033
90.41,0.105,0,0.382,0.430,1,0.000,0.000,0.000,0.000,0.000,0.000,-0.003,-0.025
90.61,0.105,0,0.382,0.430,1,0.000,0.000,0.000,0.000,0.000,0.000,-0.070,-0.034
90.81,0.105,0,0.382,0.430,1,0.000,0.000,0.000,0.000,0.000,0.000,-0.070,-0.034
91.01,0.386,0,0.396,0.423,1,0.000,0.000,0.000,0.000,0.000,0.000,-0.001,-0.012
91.21,0.384,0,0.396,0.423,1,0.000,0.000,0.000,0.000,0.000,0.000,-0.002,-0.017
91.41,0.373,0,0.383,0.425,1,0.000,0.000,0.000,0.000,0.000,0.000,0.036,-0.028
91.61,0.373,0,0.383,0.425,1,0.000,0.000,0.000,0.000,0.000,0.000,0.086,0.001
91.81,0.105,0,0.383,0.425,1,0.000,0.000,0.000,0.000,0.000,0.000,0.086,0.001
92.01,0.105,0,0.381,0.432,1,0.000,0.000,0.000,0.000,0.000,0.000,0.024,0.010
92.21,0.106,0,0.381,0.432,1,0.000,0.000,0.000,0.000,0.000,0.000,0.005,-0.003
92.41,0.105,0,0.383,0.432,1,0.000,0.000,0.000,0.000,0.000,0.000,0.008,-0.004
92.61,0.105,0,0.383,0.432,1,0.000,0.000,0.000,0.000,0.000,0.000,0.004,-0.007
92.81,0.105,0,0.383,0.432,1,0.000,0.000,0.000,0.000,0.000,0.000,0.004,-0.007
93.01,0.106,0,0.397,0.432,1,0.000,0.000,0.000,0.000,0.000,0.000,0.002,-0.016
93.21,0.105,0,0.397,0.432,1,0.000,0.000,0.000,0.000,0.000,0.000,0.000,-0.020
93.41,0.105,0,0.380,0.432,1,0.000,0.000,0.000,0.000,0.000,0.000,-0.000,-0.026
93.61,0.105,0,0.380,0.432,1,0.000,0.000,0.000,0.000,0.000,0.000,0.007,-0.019
93.81,0.105,0,0.380,0.432,1,0.000,0.000,0.000,0.000,0.000,0.000,0.007,-0.019
94.01,0.105,0,0.383,0.432,1,0.000,0.000,0.000,0.000,0.000,0.000,0.002,-0.024
94.21,0.106,0,0.383,0.432,1,0.000,0.000,0.000,0.000,0.000,0.000,0.005,-0.020
94.41,0.105,0,0.384,0.432,1,0.000,0.000,0.000,0.000,0.000,0.000,0.009,-0.018
94.61,0.105,0,0.384,0.432,1,0.000,0.000,0.000,0.000,0.000,0.000,0.005,-0.025
94.81,0.105,0,0.384,0.432,1,0.000,0.000,0.000,0.000,0.000,0.000,0.005,-0.025
95.01,0.105,0,0.379,0.432,1,0.000,0.000,0.000,0.000,0.000,0.000,0.000,-0.024
95.21,0.105,0,0.379,0.432,1,0.000,0.000,0.000,0.000,0.000,0.000,0.007,-0.025
95.41,0.105,0,0.384,0.432,1,0.000,0.000,0.000,0.000,0.000,0.000,0.006,-0.024
95.61,0.105,0,0.384,0.432,1,0.000,0.000,0.000,0.000,0.000,0.000,0.002,-0.023
95.81,0.105,0,0.384,0.432,1,0.000,0.000,0.000,0.000,0.000,0.000,0.002,-0.023
96.01,0.105,0,0.382,0.432,1,0.000,0.000,0.000,0.000,0.000,0.000,0.002,-0.026
96.21,0.106,0,0.382,0.432,1,0.000,0.000,0.000,0.000,0.000,0.000,0.005,-0.015
96.41,0.106,0,0.403,0.432,1,0.000,0.000,0.000,0.000,0.000,0.000,0.005,-0.027
96.61,0.106,0,0.403,0.432,1,0.000,0.000,0.000,0.000,0.000,0.000,0.005,-0.027
96.81,0.106,0,0.403,0.432,1,0.000,0.000,0.000,0.000,0.000,0.000,0.005,-0.028
97.01,0.105,0,0.379,0.432,1,0.000,0.000,0.000,0.000,0.000,0.000,0.002,-0.027
97.21,0.105,0,0.379,0.432,1,0.000,0.000,0.000,0.000,0.000,0.000,0.004,-0.026
97.41,0.105,0,0.383,0.432,1,0.000,0.000,0.000,0.000,0.000,0.000,0.008,-0.022
97.61,0.105,0,0.383,0.432,1,0.000,0.000,0.000,0.000,0.000,0.000,0.008,-0.022
97.81,0.105,0,0.383,0.432,1,0.000,0.000,0.000,0.000,0.000,0.000,0.005,-0.025
98.01,0.106,0,0.380,0.432,1,0.000,0.000,0.000,0.000,0.000,0.000,0.005,-0.023
98.21,0.106,0,0.380,0.432,1,0.000,0.000,0.000,0.000,0.000,0.000,0.007,-0.023
98.41,0.106,0,0.379,0.432,1,0.000,0.000,0.000,0.000,0.000,0.000,0.002,-0.027
98.61,0.105,0,0.379,0.432,1,0.000,0.000,0.000,0.000,0.000,0.000,0.002,-0.027
98.81,0.105,0,0.379,0.432,1,0.000,0.000,0.000,0.000,0.000,0.000,-0.001,-0.027
99.01,0.104,0,0.382,0.431,1,0.000,0.000,0.000,0.000,0.000,0.000,0.004,-0.034
99.21,0.105,0,0.382,0.431,1,0.000,0.000,0.000,0.000,0.000,0.000,-0.002,-0.026
99.41,0.105,0,0.385,0.431,1,0.000,0.000,0.000,0.000,0.000,0.000,0.004,-0.027
99.61,0.105,0,0.385,0.431,1,0.000,0.000,0.000,0.000,0.000,0.000,0.004,-0.027
99.81,0.105,0,0.385,0.431,1,0.000,0.000,0.000,0.000,0.000,0.000,-0.006,-0.030
100.01,0.106,0,0.386,0.432,1,0.000,0.000,0.000,0.000,0.000,0.000,-0.001,-0.044
100.21,0.106,0,0.386,0.432,1,0.000,0.000,0.000,0.000,0.000,0.000,0.003,-0.035
100.41,0.105,0,0.394,0.432,1,0.000,0.000,0.000,0.000,0.000,0.000,-0.004,-0.032
100.61,0.105,0,0.394,0.432,1,0.000,0.000,0.000,0.000,0.000,0.000,-0.004,-0.032
100.81,0.105,0,0.394,0.432,1,0.000,0.000,0.000,0.000,0.000,0.000,0.001,-0.036
101.01,0.105,0,0.379,0.432,1,0.000,0.000,0.000,0.000,0.000,0.000,0.005,-0.045
101.21,0.105,0,0.379,0.432,1,0.000,0.000,0.000,0.000,0.000,0.000,0.003,-0.048
101.41,0.106,0,0.381,0.432,1,0.000,0.000,0.000,0.000,0.000,0.000,0.003,-0.048
101.61,0.105,0,0.381,0.432,1,0.000,0.000,0.000,0.000,0.000,0.000,-0.000,-0.041
101.81,0.106,0,0.381,0.432,1,0.000,0.000,0.000,0.000,0.000,0.000,-0.001,-0.031
102.01,0.105,0,0.383,0.432,1,0.000,0.000,0.000,0.000,0.000,0.000,0.008,-0.031
102.21,0.105,0,0.383,0.432,1,0.000,0.000,0.000,0.000,0.000,0.000,-0.003,-0.034
102.41,0.105,0,0.379,0.432,1,0.000,0.000,0.000,0.000,0.000,0.000,-0.003,-0.034
102.61,0.105,0,0.379,0.432,1,0.000,0.000,0.000,0.000,0.000,0.000,-0.004,-0.031
102.81,0.105,0,0.379,0.432,1,0.000,0.000,0.000,0.000,0.000,0.000,0.005,-0.028
103.01,0.105,0,0.383,0.432,1,0.000,0.000,0.000,0.000,0.000,0.000,0.002,-0.035
103.21,0.105,0,0.383,0.432,1,0.000,0.000,0.000,0.000,0.000,0.000,0.000,-0.035
103.41,0.105,0,0.380,0.432,1,0.000,0.000,0.000,0.000,0.000,0.000,0.000,-0.035
103.61,0.105,0,0.380,0.432,1,0.000,0.000,0.000,0.000,0.000,0.000,0.002,-0.034
103.81,0.104,0,0.380,0.432,1,0.000,0.000,0.000,0.000,0.000,0.000,-0.001,-0.031
104.01,0.106,0,0.379,0.433,1,0.000,0.000,0.000,0.000,0.000,0.000,0.003,-0.045
104.21,0.106,0,0.379,0.433,1,0.000,0.000,0.000,0.000,0.000,0.000,0.001,-0.027
104.41,0.105,0,0.382,0.433,1,0.000,0.000,0.000,0.000,0.000,0.000,0.001,-0.027
104.61,0.105,0,0.382,0.433,1,0.000,0.000,0.000,0.000,0.000,0.000,-0.000,-0.032
104.81,0.105,0,0.382,0.433,1,0.000,0.000,0.000,0.000,0.000,0.000,0.010,-0.028
105.01,0.105,0,0.393,0.433,1,0.000,0.000,0.000,0.000,0.000,0.000,-0.001,-0.025
105.21,0.105,0,0.393,0.433,1,0.000,0.000,0.000,0.000,0.000,0.000,0.007,-0.013
105.41,0.105,0,0.383,0.433,1,0.000,0.000,0.000,0.000,0.000,0.000,0.007,-0.013
105.61,0.105,0,0.383,0.433,1,0.000,0.000,0.000,0.000,0.000,0.000,-0.005,-0.015
105.81,0.106,0,0.383,0.433,1,0.000,0.000,0.000,0.000,0.000,0.000,0.002,-0.016
106.01,0.106,0,0.391,0.433,1,0.000,0.000,0.000,0.000,0.000,0.000,-0.004,-0.014
106.21,0.105,0,0.391,0.433,1,0.000,0.000,0.000,0.000,0.000,0.000,-0.004,-0.014
106.41,0.105,0,0.383,0.433,1,0.000,0.000,0.000,0.000,0.000,0.000,-0.005,-0.011
106.61,0.105,0,0.383,0.433,1,0.000,0.000,0.000,0.000,0.000,0.000,0.000,-0.010
106.81,0.105,0,0.383,0.433,1,0.000,0.000,0.000,0.000,0.000,0.000,0.005,-0.015
107.01,0.105,0,0.381,0.433,1,0.000,0.000,0.000,0.000,0.000,0.000,0.002,-0.014
107.21,0.105,0,0.381,0.433,1,0.000,0.000,0.000,0.000,0.000,0.000,0.002,-0.014
107.41,0.105,0,0.380,0.433,1,0.000,0.000,0.000,0.000,0.000,0.000,0.005,-0.025
107.61,0.105,0,0.380,0.433,1,0.000,0.000,0.000,0.000,0.000,0.000,0.003,-0.029
107.81,0.105,0,0.380,0.433,1,0.000,0.000,0.000,0.000,0.000,0.000,0.003,-0.031
108.01,0.105,0,0.382,0.433,1,0.000,0.000,0.000,0.000,0.000,0.000,0.001,-0.027
108.21,0.105,0,0.382,0.433,1,0.000,0.000,0.000,0.000,0.000,0.000,0.001,-0.027
108.41,0.105,0,0.385,0.432,1,0.000,0.000,0.000,0.000,0.000,0.000,0.005,-0.023
108.61,0.105,0,0.385,0.432,1,0.000,0.000,0.000,0.000,0.000,0.000,0.001,-0.025
108.81,0.106,0,0.385,0.432,1,0.000,0.000,0.000,0.000,0.000,0.000,0.000,-0.025
109.01,0.106,0,0.380,0.433,1,0.000,0.000,0.000,0.000,0.000,0.000,0.004,-0.020
109.21,0.105,0,0.380,0.433,1,0.000,0.000,0.000,0.000,0.000,0.000,0.004,-0.020
109.41,0.102,0,0.379,0.433,1,0.000,0.000,0.000,0.000,0.000,0.000,0.004,-0.011
109.61,0.105,0,0.379,0.433,1,0.000,0.000,0.000,0.000,0.000,0.000,0.001,-0.021
109.81,0.105,0,0.379,0.433,1,0.000,0.000,0.000,0.000,0.000,0.000,-0.013,-0.014
110.01,0.105,0,0.380,0.433,1,0.000,0.000,0.000,0.000,0.000,0.000,-0.013,-0.014
110.21,0.105,0,0.380,0.433,1,0.000,0.000,0.000,0.000,0.000,0.000,-0.005,0.002
110.41,0.105,0,0.383,0.433,1,0.000,0.000,0.000,0.000,0.000,0.000,-0.007,0.018
110.61,0.106,0,0.383,0.433,1,0.000,0.000,0.000,0.000,0.000,0.000,-0.004,-0.003
110.81,0.106,0,0.383,0.433,1,0.000,0.000,0.000,0.000,0.000,0.000,0.002,0.011
111.01,0.105,0,0.391,0.433,1,0.000,0.000,0.000,0.000,0.000,0.000,0.002,0.011
111.21,0.105,0,0.391,0.433,1,0.000,0.000,0.000,0.000,0.000,0.000,0.005,0.021
111.41,0.105,0,0.382,0.432,1,0.000,0.000,0.000,0.000,0.000,0.000,0.006,0.017
111.61,0.105,0,0.382,0.432,1,0.000,0.000,0.000,0.000,0.000,0.000,-0.005,0.009
111.81,0.105,0,0.382,0.432,1,0.000,0.000,0.000,0.000,0.000,0.000,-0.002,0.002
112.01,0.105,0,0.379,0.431,1,0.000,0.000,0.000,0.000,0.000,0.000,-0.002,0.002
112.21,0.105,0,0.379,0.431,1,0.000,0.000,0.000,0.000,0.000,0.000,0.001,-0.000
112.41,0.105,0,0.384,0.432,1,0.000,0.000,0.000,0.000,0.000,0.000,0.003,-0.018
112.61,0.105,0,0.384,0.432,1,0.000,0.000,0.000,0.000,0.000,0.000,-0.003,-0.005
112.81,0.105,0,0.384,0.432,1,0.000,0.000,0.000,0.000,0.000,0.000,0.001,-0.012
113.01,0.106,0,0.383,0.431,1,0.000,0.000,0.000,0.000,0.000,0.000,0.001,-0.012
113.21,0.105,0,0.383,0.431,1,0.000,0.000,0.000,0.000,0.000,0.000,0.004,-0.016
113.41,0.106,0,0.384,0.432,1,0.000,0.000,0.000,0.000,0.000,0.000,0.000,-0.003
113.61,0.105,0,0.384,0.432,1,0.000,0.000,0.000,0.000,0.000,0.000,0.006,-0.011
113.81,0.105,0,0.384,0.432,1,0.000,0.000,0.000,0.000,0.000,0.000,0.003,-0.012
114.01,0.105,0,0.382,0.432,1,0.000,0.000,0.000,0.000,0.000,0.000,0.003,-0.012
114.21,0.105,0,0.382,0.432,1,0.000,0.000,0.000,0.000,0.000,0.000,0.002,-0.013
114.41,0.101,0,3.915,0.431,0,0.000,0.000,0.000,0.000,0.000,0.000,-0.005,-0.006
114.61,0.101,0,3.915,0.431,0,0.000,0.000,0.000,0.000,0.000,0.000,-0.001,0.006
114.81,0.105,0,3.915,0.431,0,0.000,0.000,0.000,0.000,0.000,0.000,0.009,0.009
115.01,0.106,0,3.916,0.432,0,0.000,0.000,0.000,0.000,0.000,0.000,0.009,0.009
115.21,0.106,0,3.916,0.432,0,0.000,0.000,0.000,0.000,0.000,0.000,0.003,0.001
115.41,0.100,0,3.903,0.432,0,0.000,0.000,0.000,0.000,0.000,0.000,-0.003,0.003
115.61,0.100,0,3.903,0.432,0,0.000,0.000,0.000,0.000,0.000,0.000,0.006,-0.018
115.81,0.100,0,3.903,0.432,0,0.000,0.000,0.000,0.000,0.000,0.000,0.006,-0.018
116.01,0.105,0,0.142,0.431,0,0.000,0.000,0.000,0.000,0.000,0.000,0.010,-0.030
116.21,0.105,0,0.142,0.431,0,0.000,0.000,0.000,0.000,0.000,0.000,-0.001,-0.021
116.41,0.106,0,0.383,0.431,1,0.000,0.000,0.000,0.000,0.000,0.000,0.000,-0.023
116.61,0.106,0,0.383,0.431,1,0.000,0.000,0.000,0.000,0.000,0.000,-0.000,-0.025
116.81,0.106,0,0.383,0.431,1,0.000,0.000,0.000,0.000,0.000,0.000,-0.000,-0.025
117.01,0.105,0,0.381,0.431,1,0.000,0.000,0.000,0.000,0.000,0.000,-0.001,-0.021
117.21,0.105,0,0.381,0.431,1,0.000,0.000,0.000,0.000,0.000,0.000,-0.003,-0.024
117.41,0.104,0,0.396,0.431,1,0.000,0.000,0.000,0.000,0.000,0.000,-0.007,-0.013
117.61,0.104,0,0.396,0.431,1,0.000,0.000,0.000,0.000,0.000,0.000,-0.005,-0.006
117.81,0.105,0,0.396,0.431,1,0.000,0.000,0.000,0.000,0.000,0.000,-0.005,-0.006
118.01,0.105,0,0.382,0.431,1,0.000,0.000,0.000,0.000,0.000,0.000,-0.007,-0.020
118.21,0.106,0,0.382,0.431,1,0.000,0.000,0.000,0.000,0.000,0.000,-0.003,-0.013
118.41,0.105,0,0.387,0.432,1,0.000,0.000,0.000,0.000,0.000,0.000,-0.003,-0.019
118.61,0.105,0,0.387,0.432,1,0.000,0.000,0.000,0.000,0.000,0.000,0.006,-0.010
118.81,0.105,0,0.387,0.432,1,0.000,0.000,0.000,0.000,0.000,0.000,0.006,-0.010
119.01,0.105,0,0.383,0.431,1,0.000,0.000,0.000,0.000,0.000,0.000,0.006,-0.009
119.21,0.106,0,0.383,0.431,1,0.000,0.000,0.000,0.000,0.000,0.000,0.001,-0.006
119.41,0.106,0,0.383,0.432,1,0.000,0.000,0.000,0.000,0.000,0.000,0.003,-0.021
119.61,0.105,0,0.383,0.432,1,0.000,0.000,0.000,0.000,0.000,0.000,0.003,-0.021
119.81,0.106,0,0.383,0.432,1,0.000,0.000,0.000,0.000,0.000,0.000,0.007,-0.033
120.01,0.105,0,0.384,0.431,1,0.000,0.000,0.000,0.000,0.000,0.000,0.002,-0.023
120.21,0.105,0,0.384,0.431,1,0.000,0.000,0.000,0.000,0.000,0.000,-0.005,-0.028
120.41,0.105,0,0.404,0.431,1,0.000,0.000,0.000,0.000,0.000,0.000,0.003,-0.023
120.61,0.105,0,0.404,0.431,1,0.000,0.000,0.000,0.000,0.000,0.000,0.003,-0.023
120.81,0.106,0,0.404,0.431,1,0.000,0.000,0.000,0.000,0.000,0.000,-0.005,-0.021
121.01,0.106,0,0.381,0.432,1,0.000,0.000,0.000,0.000,0.000,0.000,-0.007,-0.019
121.21,0.105,0,0.381,0.432,1,0.000,0.000,0.000,0.000,0.000,0.000,-0.009,-0.010
121.41,0.105,0,0.383,0.431,1,0.000,0.000,0.000,0.000,0.000,0.000,-0.003,-0.020
121.61,0.105,0,0.383,0.431,1,0.000,0.000,0.000,0.000,0.000,0.000,-0.003,-0.020
121.81,0.105,0,0.383,0.431,1,0.000,0.000,0.000,0.000,0.000,0.000,-0.011,-0.015
122.01,0.105,0,0.384,0.432,1,0.000,0.000,0.000,0.000,0.000,0.000,-0.007,-0.002
122.21,0.106,0,0.384,0.432,1,0.000,0.000,0.000,0.000,0.000,0.000,-0.008,-0.019
122.41,0.106,0,0.381,0.431,1,0.000,0.000,0.000,0.000,0.000,0.000,-0.006,-0.019
122.61,0.105,0,0.381,0.431,1,0.000,0.000,0.000,0.000,0.000,0.000,-0.006,-0.019
122.81,0.105,0,0.381,0.431,1,0.000,0.000,0.000,0.000,0.000,0.000,-0.008,-0.021
123.01,0.105,0,0.386,0.431,1,0.000,0.000,0.000,0.000,0.000,0.000,-0.004,-0.015
123.21,0.105,0,0.386,0.431,1,0.000,0.000,0.000,0.000,0.000,0.000,-0.004,-0.009
123.41,0.106,0,0.384,0.431,1,0.000,0.000,0.000,0.000,0.000,0.000,-0.004,-0.009
123.61,0.105,0,0.384,0.431,1,0.000,0.000,0.000,0.000,0.000,0.000,-0.003,-0.016
123.81,0.106,0,0.384,0.431,1,0.000,0.000,0.000,0.000,0.000,0.000,-0.006,-0.013
124.01,0.106,0,0.380,0.431,1,0.000,0.000,0.000,0.000,0.000,0.000,-0.007,-0.016
124.21,0.106,0,0.380,0.431,1,0.000,0.000,0.000,0.000,0.000,0.000,-0.001,-0.019
124.41,0.105,0,0.382,0.431,1,0.000,0.000,0.000,0.000,0.000,0.000,-0.001,-0.019
124.61,0.106,0,0.382,0.431,1,0.000,0.000,0.000,0.000,0.000,0.000,-0.006,-0.019
124.81,0.105,0,0.382,0.431,1,0.000,0.000,0.000,0.000,0.000,0.000,-0.004,-0.021
125.01,0.105,0,0.385,0.431,1,0.000,0.000,0.000,0.000,0.000,0.000,-0.000,-0.017
125.21,0.105,0,0.385,0.431,1,0.000,0.000,0.000,0.000,0.000,0.000,-0.003,-0.019
125.41,0.106,0,0.389,0.432,1,0.000,0.000,0.000,0.000,0.000,0.000,-0.003,-0.019
125.61,0.106,0,0.389,0.432,1,0.000,0.000,0.000,0.000,0.000,0.000,-0.005,-0.011
125.81,0.106,0,0.389,0.432,1,0.000,0.000,0.000,0.000,0.000,0.000,0.002,-0.019
126.01,0.105,0,0.380,0.431,1,0.000,0.000,0.000,0.000,0.000,0.000,0.012,-0.015
126.21,0.105,0,0.380,0.431,1,0.000,0.000,0.000,0.000,0.000,0.000,-0.001,-0.015
126.41,0.105,0,0.381,0.431,1,0.000,0.000,0.000,0.000,0.000,0.000,-0.001,-0.015
126.61,0.105,0,0.381,0.431,1,0.000,0.000,0.000,0.000,0.000,0.000,0.002,-0.006
126.81,0.105,0,0.381,0.431,1,0.000,0.000,0.000,0.000,0.000,0.000,0.002,0.005
127.01,0.105,0,0.382,0.431,1,0.000,0.000,0.000,0.000,0.000,0.000,0.003,0.013
127.21,0.105,0,0.382,0.431,1,0.000,0.000,0.000,0.000,0.000,0.000,0.005,0.015
127.41,0.106,0,0.382,0.431,1,0.000,0.000,0.000,0.000,0.000,0.000,0.005,0.015
127.61,0.105,0,0.382,0.431,1,0.000,0.000,0.000,0.000,0.000,0.000,0.008,0.018
127.81,0.105,0,0.382,0.431,1,0.000,0.000,0.000,0.000,0.000,0.000,0.007,0.011
128.01,0.105,0,0.381,0.431,1,0.000,0.000,0.000,0.000,0.000,0.000,0.057,0.024
128.21,0.105,0,0.381,0.431,1,0.000,0.000,0.000,0.000,0.000,0.000,0.037,0.033
128.41,0.104,0,0.396,0.439,1,0.000,0.000,0.000,0.000,0.000,0.000,0.037,0.033
128.61,0.105,0,0.396,0.439,1,0.000,0.000,0.000,0.000,0.000,0.000,0.017,0.025
128.81,0.106,0,0.396,0.439,1,0.000,0.000,0.000,0.000,0.000,0.000,0.015,0.033
129.01,0.106,0,0.393,0.462,1,0.000,0.000,0.000,0.000,0.000,0.000,0.011,0.026
129.21,0.105,0,0.393,0.462,1,0.000,0.000,0.000,0.000,0.000,0.000,0.011,0.026
129.41,0.105,0,0.382,0.489,1,0.000,0.000,0.000,0.000,0.000,0.000,0.014,0.035
129.61,0.105,0,0.382,0.489,1,0.000,0.000,0.000,0.000,0.000,0.000,0.013,0.051
129.81,0.394,0,0.382,0.489,1,0.000,0.000,0.000,0.000,0.000,0.000,0.018,0.070
130.01,0.394,0,0.404,0.599,1,0.000,0.000,0.000,0.000,0.000,0.000,0.005,0.067
130.21,0.387,0,0.404,0.599,1,0.000,0.000,0.000,0.000,0.000,0.000,0.005,0.067
130.41,0.394,0,3.508,0.734,0,0.000,0.000,0.000,0.000,0.000,0.000,0.009,0.084
130.61,0.398,0,3.508,0.734,0,0.000,0.000,0.000,0.000,0.000,0.000,-0.012,0.099
130.81,0.405,0,3.508,0.734,0,0.000,0.000,0.000,0.000,0.000,0.000,-0.010,0.123
131.01,0.405,0,0.455,0.437,1,0.000,0.000,0.000,0.000,0.000,0.000,-0.028,0.076
131.21,0.403,0,0.455,0.437,1,0.000,0.000,0.000,0.000,0.000,0.000,-0.028,0.076
131.41,0.408,0,0.432,0.436,1,0.000,0.000,0.000,0.000,0.000,0.000,-0.020,0.080
131.61,0.415,0,0.432,0.436,1,0.000,0.000,0.000,0.000,0.000,0.000,-0.014,0.108
131.81,0.416,0,0.432,0.436,1,0.000,0.000,0.000,0.000,0.000,0.000,-0.034,0.106
132.01,0.416,0,0.426,0.463,1,0.000,0.000,0.000,0.000,0.000,0.000,-0.031,0.110
132.21,0.411,0,0.426,0.463,1,0.000,0.000,0.000,0.000,0.000,0.000,-0.031,0.110
132.41,0.106,0,0.426,0.463,1,0.000,0.000,0.000,0.000,0.000,0.000,-0.049,0.108
132.61,0.106,0,0.426,0.463,1,0.000,0.000,0.000,0.000,0.000,0.000,-0.054,0.106
132.81,0.106,0,0.426,0.463,1,0.000,0.000,0.000,0.000,0.000,0.000,-0.047,0.070
133.01,0.104,0,0.414,0.469,1,0.000,0.000,0.000,0.000,0.000,0.000,-0.047,0.070
133.21,0.105,0,0.414,0.469,1,0.000,0.000,0.000,0.000,0.000,0.000,-0.054,0.079
133.41,0.106,0,0.431,0.481,1,0.000,0.000,0.000,0.000,0.000,0.000,-0.051,0.078
133.61,0.104,0,0.431,0.481,1,0.000,0.000,0.000,0.000,0.000,0.000,-0.052,0.092
133.81,0.104,0,0.431,0.481,1,0.000,0.000,0.000,0.000,0.000,0.000,-0.061,0.103
134.01,0.105,0,0.434,0.486,1,0.000,0.000,0.000,0.000,0.000,0.000,-0.061,0.103
134.21,0.106,0,0.434,0.486,1,0.000,0.000,0.000,0.000,0.000,0.000,-0.062,0.099
134.41,0.105,0,0.434,0.490,1,0.000,0.000,0.000,0.000,0.000,0.000,-0.067,0.117
134.61,0.425,0,0.434,0.490,1,0.000,0.000,0.000,0.000,0.000,0.000,-0.073,0.118
134.81,0.425,0,0.434,0.490,1,0.000,0.000,0.000,0.000,0.000,0.000,-0.081,0.080
135.01,0.425,0,0.434,0.492,1,0.000,0.000,0.000,0.000,0.000,0.000,-0.081,0.080
135.21,0.425,0,0.434,0.492,1,0.000,0.000,0.000,0.000,0.000,0.000,-0.067,0.073
135.41,0.428,0,0.437,0.495,1,0.000,0.000,0.000,0.000,0.000,0.000,-0.071,0.082
135.61,0.436,0,0.437,0.495,1,0.000,0.000,0.000,0.000,0.000,0.000,-0.071,0.081
135.81,0.436,0,0.437,0.495,1,0.000,0.000,0.000,0.000,0.000,0.000,-0.074,0.076
136.01,0.475,0,0.483,0.543,1,0.000,0.000,0.000,0.000,0.000,0.000,-0.074,0.076
136.21,0.106,0,0.483,0.543,1,0.000,0.000,0.000,0.000,0.000,0.000,-0.076,0.071
136.41,0.106,0,0.603,0.593,1,0.000,0.000,0.000,0.000,0.000,0.000,-0.074,0.071
136.61,0.106,0,0.603,0.593,1,0.000,0.000,0.000,0.000,0.000,0.000,-0.072,0.075
136.81,0.205,0,0.603,0.593,1,0.000,0.000,0.000,0.000,0.000,0.000,-0.078,0.068
137.01,0.362,0,0.373,0.487,1,0.000,0.000,0.000,0.000,0.000,0.000,-0.078,0.068
137.21,0.410,0,0.373,0.487,1,0.000,0.000,0.000,0.000,0.000,0.000,-0.082,0.067
137.41,0.421,0,0.430,0.498,1,0.000,0.000,0.000,0.000,0.000,0.000,-0.088,0.058
137.61,0.421,0,0.430,0.498,1,0.000,0.000,0.000,0.000,0.000,0.000,-0.082,0.060
137.81,0.365,0,0.430,0.498,1,0.000,0.000,0.000,0.000,0.000,0.000,-0.082,0.060
138.01,0.298,0,0.311,0.418,1,0.000,0.000,0.000,0.000,0.000,0.000,-0.081,0.058
138.21,0.106,0,0.311,0.418,1,0.000,0.000,0.000,0.000,0.000,0.000,-0.077,0.080
138.41,0.326,0,0.338,0.491,1,0.000,0.000,0.000,0.000,0.000,0.000,-0.073,0.054
138.61,0.326,0,0.338,0.491,1,0.000,0.000,0.000,0.000,0.000,0.000,-0.083,0.053
138.81,0.364,0,0.338,0.491,1,0.000,0.000,0.000,0.000,0.000,0.000,-0.083,0.053
139.01,0.106,0,0.334,0.466,1,0.000,0.000,0.000,0.000,0.000,0.000,-0.074,0.050
139.21,0.326,0,0.334,0.466,1,0.000,0.000,0.000,0.000,0.000,0.000,-0.077,0.053
139.41,0.461,0,0.578,0.404,1,0.000,0.000,0.000,0.000,0.000,0.000,-0.077,0.058
139.61,0.461,0,0.578,0.404,1,0.000,0.000,0.000,0.000,0.000,0.000,-0.073,0.057
139.81,0.458,0,0.578,0.404,1,0.000,0.000,0.000,0.000,0.000,0.000,-0.073,0.057
140.01,0.553,0,0.560,0.427,1,0.000,0.000,0.000,0.000,0.000,0.000,-0.080,0.061
140.21,0.549,0,0.560,0.427,1,0.000,0.000,0.000,0.000,0.000,0.000,-0.076,0.071
140.41,0.549,0,0.555,0.423,1,0.000,0.000,0.000,0.000,0.000,0.000,-0.079,0.083
140.61,0.106,0,0.555,0.423,1,0.000,0.000,0.000,0.000,0.000,0.000,-0.079,0.083
140.81,0.470,0,0.555,0.423,1,0.000,0.000,0.000,0.000,0.000,0.000,-0.078,0.078
141.01,0.465,0,0.556,0.428,1,0.000,0.000,0.000,0.000,0.000,0.000,-0.079,0.081
141.21,0.106,0,0.556,0.428,1,0.000,0.000,0.000,0.000,0.000,0.000,-0.079,0.069
141.41,0.106,0,0.553,0.444,1,0.000,0.000,0.000,0.000,0.000,0.000,-0.082,0.077
141.61,0.472,0,0.553,0.444,1,0.000,0.000,0.000,0.000,0.000,0.000,-0.082,0.077
141.81,0.539,0,0.553,0.444,1,0.000,0.000,0.000,0.000,0.000,0.000,-0.080,0.085
142.01,0.106,0,0.525,0.457,1,0.000,0.000,0.000,0.000,0.000,0.000,-0.076,0.081
142.21,0.467,0,0.525,0.457,1,0.000,0.000,0.000,0.000,0.000,0.000,-0.078,0.071
142.41,0.467,0,0.505,0.556,1,0.000,0.000,0.000,0.000,0.000,0.000,-0.078,0.069
142.61,0.461,0,0.505,0.556,1,0.000,0.000,0.000,0.000,0.000,0.000,-0.078,0.069
142.81,0.470,0,0.505,0.556,1,0.000,0.000,0.000,0.000,0.000,0.000,-0.074,0.075
143.01,0.468,0,0.520,0.574,1,0.000,0.000,0.000,0.000,0.000,0.000,-0.075,0.076
143.21,0.105,0,0.520,0.574,1,0.000,0.000,0.000,0.000,0.000,0.000,-0.080,0.079
143.41,0.105,0,0.552,0.400,1,0.000,0.000,0.000,0.000,0.000,0.000,-0.078,0.067
143.61,0.477,0,0.552,0.400,1,0.000,0.000,0.000,0.000,0.000,0.000,-0.078,0.067
143.81,0.461,0,0.552,0.400,1,0.000,0.000,0.000,0.000,0.000,0.000,-0.075,0.080
144.01,0.472,0,0.531,0.589,1,0.000,0.000,0.000,0.000,0.000,0.000,-0.077,0.084
144.21,0.472,0,0.531,0.589,1,0.000,0.000,0.000,0.000,0.000,0.000,-0.078,0.083
144.41,0.468,0,0.534,0.409,1,0.000,0.000,0.000,0.000,0.000,0.000,-0.078,0.083
144.61,0.417,0,0.534,0.409,1,0.000,0.000,0.000,0.000,0.000,0.000,-0.076,0.101
144.81,0.472,0,0.534,0.409,1,0.000,0.000,0.000,0.000,0.000,0.000,-0.075,0.086
145.01,0.468,0,0.630,0.617,1,0.000,0.000,0.000,0.000,0.000,0.000,-0.077,0.067
145.21,0.468,0,0.630,0.617,1,0.000,0.000,0.000,0.000,0.000,0.000,-0.078,0.061
145.41,0.476,0,0.638,0.547,1,0.000,0.000,0.000,0.000,0.000,0.000,-0.078,0.061
145.61,0.189,0,0.638,0.547,1,0.000,0.000,0.000,0.000,0.000,0.000,-0.073,0.073
145.81,0.167,0,0.638,0.547,1,0.000,0.000,0.000,0.000,0.000,0.000,-0.074,0.081
146.01,0.106,0,0.190,0.584,0,0.000,0.000,0.000,0.000,0.000,0.000,-0.073,0.061
146.21,0.106,0,0.190,0.584,0,0.000,0.000,0.000,0.000,0.000,0.000,-0.075,0.068
146.41,0.106,0,0.207,0.506,0,0.000,0.000,0.000,0.000,0.000,0.000,-0.075,0.068
146.61,0.162,0,0.207,0.506,0,0.000,0.000,0.000,0.000,0.000,0.000,-0.081,0.081
146.81,0.199,0,0.207,0.506,0,0.000,0.000,0.000,0.000,0.000,0.000,-0.080,0.067
147.01,0.199,0,0.219,0.603,0,0.000,0.000,0.000,0.000,0.000,0.000,-0.079,0.079
147.21,0.237,0,0.219,0.603,0,0.000,0.000,0.000,0.000,0.000,0.000,-0.079,0.079
147.41,0.465,0,0.521,0.570,1,0.000,0.000,0.000,0.000,0.000,0.000,-0.080,0.075
147.61,0.475,0,0.521,0.570,1,0.000,0.000,0.000,0.000,0.000,0.000,-0.070,0.078
147.81,0.458,0,0.521,0.570,1,0.000,0.000,0.000,0.000,0.000,0.000,-0.072,0.080
148.01,0.458,0,0.512,0.568,1,0.000,0.000,0.000,0.000,0.000,0.000,-0.076,0.074
148.21,0.474,0,0.512,0.568,1,0.000,0.000,0.000,0.000,0.000,0.000,-0.076,0.074
148.41,0.106,0,0.503,0.561,1,0.000,0.000,0.000,0.000,0.000,0.000,-0.076,0.083
148.61,0.484,0,0.503,0.561,1,0.000,0.000,0.000,0.000,0.000,0.000,-0.073,0.093
148.81,0.475,0,0.503,0.561,1,0.000,0.000,0.000,0.000,0.000,0.000,-0.077,0.081
149.01,0.475,0,0.483,0.557,1,0.000,0.000,0.000,0.000,0.000,0.000,-0.082,0.081
149.21,0.458,0,0.483,0.557,1,0.000,0.000,0.000,0.000,0.000,0.000,-0.082,0.081
149.41,0.477,0,0.495,0.555,1,0.000,0.000,0.000,0.000,0.000,0.000,-0.076,0.084
149.61,0.461,0,0.495,0.555,1,0.000,0.000,0.000,0.000,0.000,0.000,-0.074,0.078
149.81,0.460,0,0.495,0.555,1,0.000,0.000,0.000,0.000,0.000,0.000,-0.080,0.087
150.01,0.460,0,0.494,0.554,1,0.000,0.000,0.000,0.000,0.000,0.000,-0.083,0.083
150.21,0.460,0,0.494,0.554,1,0.000,0.000,0.000,0.000,0.000,0.000,-0.083,0.083
150.41,0.480,0,0.488,0.552,1,0.000,0.000,0.000,0.000,0.000,0.000,-0.078,0.091
150.61,0.468,0,0.488,0.552,1,0.000,0.000,0.000,0.000,0.000,0.000,-0.075,0.089
150.81,0.468,0,0.488,0.552,1,0.000,0.000,0.000,0.000,0.000,0.000,-0.080,0.081
151.01,0.465,0,0.488,0.551,1,0.000,0.000,0.000,0.000,0.000,0.000,-0.080,0.081
151.21,0.460,0,0.488,0.551,1,0.000,0.000,0.000,0.000,0.000,0.000,-0.080,0.087
151.41,0.468,0,0.492,0.550,1,0.000,0.000,0.000,0.000,0.000,0.000,-0.073,0.081
151.61,0.461,0,0.492,0.550,1,0.000,0.000,0.000,0.000,0.000,0.000,-0.082,0.078
151.81,0.461,0,0.492,0.550,1,0.000,0.000,0.000,0.000,0.000,0.000,-0.077,0.086
152.01,0.106,0,0.478,0.536,1,0.000,0.000,0.000,0.000,0.000,0.000,-0.077,0.086
152.21,0.453,0,0.478,0.536,1,0.000,0.000,0.000,0.000,0.000,0.000,-0.082,0.090
152.41,0.106,0,0.466,0.540,1,0.000,0.000,0.000,0.000,0.000,0.000,-0.077,0.090
152.61,0.461,0,0.466,0.540,1,0.000,0.000,0.000,0.000,0.000,0.000,-0.080,0.085
152.81,0.461,0,0.466,0.540,1,0.000,0.000,0.000,0.000,0.000,0.000,-0.076,0.084
153.01,0.471,0,0.480,0.541,1,0.000,0.000,0.000,0.000,0.000,0.000,-0.076,0.084
153.21,0.465,0,0.480,0.541,1,0.000,0.000,0.000,0.000,0.000,0.000,-0.081,0.084
153.41,0.472,0,0.481,0.542,1,0.000,0.000,0.000,0.000,0.000,0.000,-0.074,0.081
153.61,0.467,0,0.481,0.542,1,0.000,0.000,0.000,0.000,0.000,0.000,-0.074,0.086
153.81,0.467,0,0.481,0.542,1,0.000,0.000,0.000,0.000,0.000,0.000,-0.077,0.082
154.01,0.476,0,0.484,0.545,1,0.000,0.000,0.000,0.000,0.000,0.000,-0.077,0.082
154.21,0.465,0,0.484,0.545,1,0.000,0.000,0.000,0.000,0.000,0.000,-0.076,0.075
154.41,0.460,0,0.483,0.544,1,0.000,0.000,0.000,0.000,0.000,0.000,-0.076,0.069
154.61,0.460,0,0.483,0.544,1,0.000,0.000,0.000,0.000,0.000,0.000,-0.070,0.076
154.81,0.475,0,0.483,0.544,1,0.000,0.000,0.000,0.000,0.000,0.000,-0.070,0.076
155.01,0.424,0,0.434,0.544,1,0.000,0.000,0.000,0.000,0.000,0.000,-0.073,0.082
155.21,0.475,0,0.434,0.544,1,0.000,0.000,0.000,0.000,0.000,0.000,-0.075,0.067
155.41,0.461,0,0.483,0.542,1,0.000,0.000,0.000,0.000,0.000,0.000,-0.077,0.070
155.61,0.461,0,0.483,0.542,1,0.000,0.000,0.000,0.000,0.000,0.000,-0.073,0.078
155.81,0.473,0,0.483,0.542,1,0.000,0.000,0.000,0.000,0.000,0.000,-0.073,0.078
156.01,0.465,0,0.474,0.533,1,0.000,0.000,0.000,0.000,0.000,0.000,-0.074,0.071
156.21,0.484,0,0.474,0.533,1,0.000,0.000,0.000,0.000,0.000,0.000,-0.073,0.061
156.41,0.107,0,0.489,0.534,1,0.000,0.000,0.000,0.000,0.000,0.000,-0.075,0.064
156.61,0.107,0,0.489,0.534,1,0.000,0.000,0.000,0.000,0.000,0.000,-0.070,0.073
156.81,0.463,0,0.489,0.534,1,0.000,0.000,0.000,0.000,0.000,0.000,-0.070,0.073
157.01,0.452,0,0.461,0.513,1,0.000,0.000,0.000,0.000,0.000,0.000,-0.068,0.073
157.21,0.440,0,0.461,0.513,1,0.000,0.000,0.000,0.000,0.000,0.000,-0.073,0.076
157.41,0.440,0,0.444,0.472,1,0.000,0.000,0.000,0.000,0.000,0.000,-0.068,0.072
157.61,0.435,0,0.444,0.472,1,0.000,0.000,0.000,0.000,0.000,0.000,-0.068,0.072
157.81,0.410,0,0.444,0.472,1,0.000,0.000,0.000,0.000,0.000,0.000,-0.069,0.073
158.01,0.413,0,0.423,0.481,1,0.000,0.000,0.000,0.000,0.000,0.000,-0.068,0.069
158.21,0.421,0,0.423,0.481,1,0.000,0.000,0.000,0.000,0.000,0.000,-0.092,0.078
158.41,0.421,0,0.423,0.495,1,0.000,0.000,0.000,0.000,0.000,0.000,-0.084,0.050
158.61,0.105,0,0.423,0.495,1,0.000,0.000,0.000,0.000,0.000,0.000,-0.084,0.050
158.81,0.105,0,0.423,0.495,1,0.000,0.000,0.000,0.000,0.000,0.000,-0.074,0.037
159.01,0.105,0,0.430,0.496,1,0.000,0.000,0.000,0.000,0.000,0.000,-0.076,0.015
159.21,0.105,0,0.430,0.496,1,0.000,0.000,0.000,0.000,0.000,0.000,-0.088,0.044
159.41,0.105,0,0.435,0.500,1,0.000,0.000,0.000,0.000,0.000,0.000,-0.088,0.034
159.61,0.426,0,0.435,0.500,1,0.000,0.000,0.000,0.000,0.000,0.000,-0.088,0.034
159.81,0.105,0,0.435,0.500,1,0.000,0.000,0.000,0.000,0.000,0.000,-0.081,0.041
160.01,0.106,0,0.437,0.503,1,0.000,0.000,0.000,0.000,0.000,0.000,-0.092,0.048
160.21,0.106,0,0.437,0.503,1,0.000,0.000,0.000,0.000,0.000,0.000,-0.092,0.046
160.41,0.105,0,0.440,0.507,1,0.000,0.000,0.000,0.000,0.000,0.000,-0.092,0.046
160.61,0.105,0,0.440,0.507,1,0.000,0.000,0.000,0.000,0.000,0.000,-0.089,0.055
160.81,0.106,0,0.440,0.507,1,0.000,0.000,0.000,0.000,0.000,0.000,-0.082,0.044
161.01,0.105,0,0.443,0.505,1,0.000,0.000,0.000,0.000,0.000,0.000,-0.082,0.051
161.21,0.105,0,0.443,0.505,1,0.000,0.000,0.000,0.000,0.000,0.000,-0.083,0.045
161.41,0.105,0,0.433,0.508,1,0.000,0.000,0.000,0.000,0.000,0.000,-0.083,0.045
161.61,0.105,0,0.433,0.508,1,0.000,0.000,0.000,0.000,0.000,0.000,-0.090,0.069
161.81,0.105,0,0.433,0.508,1,0.000,0.000,0.000,0.000,0.000,0.000,-0.090,0.042
162.01,0.435,0,0.444,0.503,1,0.000,0.000,0.000,0.000,0.000,0.000,-0.091,0.045
162.21,0.435,0,0.444,0.503,1,0.000,0.000,0.000,0.000,0.000,0.000,-0.098,0.072
162.41,0.428,0,0.437,0.498,1,0.000,0.000,0.000,0.000,0.000,0.000,-0.098,0.072
162.61,0.106,0,0.437,0.498,1,0.000,0.000,0.000,0.000,0.000,0.000,-0.100,0.066
162.81,0.106,0,0.437,0.498,1,0.000,0.000,0.000,0.000,0.000,0.000,-0.093,0.059
163.01,0.106,0,0.440,0.496,1,0.000,0.000,0.000,0.000,0.000,0.000,-0.095,0.057
163.21,0.106,0,0.440,0.496,1,0.000,0.000,0.000,0.000,0.000,0.000,-0.098,0.053
163.41,0.106,0,0.431,0.498,1,0.000,0.000,0.000,0.000,0.000,0.000,-0.098,0.053
163.61,0.105,0,0.431,0.498,1,0.000,0.000,0.000,0.000,0.000,0.000,-0.097,0.046
163.81,0.105,0,0.431,0.498,1,0.000,0.000,0.000,0.000,0.000,0.000,-0.088,0.027
164.01,0.105,0,0.452,0.504,1,0.000,0.000,0.000,0.000,0.000,0.000,-0.093,0.039
164.21,0.446,0,0.452,0.504,1,0.000,0.000,0.000,0.000,0.000,0.000,-0.093,0.039
164.41,0.106,0,0.451,0.510,1,0.000,0.000,0.000,0.000,0.000,0.000,-0.093,0.039
164.61,0.105,0,0.451,0.510,1,0.000,0.000,0.000,0.000,0.000,0.000,-0.086,0.034
164.81,0.106,0,0.451,0.510,1,0.000,0.000,0.000,0.000,0.000,0.000,-0.088,0.045
165.01,0.106,0,0.461,0.505,1,0.000,0.000,0.000,0.000,0.000,0.000,-0.083,0.028
165.21,0.106,0,0.461,0.505,1,0.000,0.000,0.000,0.000,0.000,0.000,-0.083,0.028
165.41,0.105,0,0.462,0.504,1,0.000,0.000,0.000,0.000,0.000,0.000,-0.087,0.026
165.61,0.106,0,0.462,0.504,1,0.000,0.000,0.000,0.000,0.000,0.000,-0.078,0.024
165.81,0.106,0,0.462,0.504,1,0.000,0.000,0.000,0.000,0.000,0.000,-0.081,0.023
166.01,0.106,0,0.450,0.495,1,0.000,0.000,0.000,0.000,0.000,0.000,-0.080,0.019
166.21,0.439,0,0.450,0.495,1,0.000,0.000,0.000,0.000,0.000,0.000,-0.080,0.019
166.41,0.441,0,0.450,0.497,1,0.000,0.000,0.000,0.000,0.000,0.000,-0.081,0.050
166.61,0.450,0,0.450,0.497,1,0.000,0.000,0.000,0.000,0.000,0.000,-0.079,0.047
166.81,0.450,0,0.450,0.497,1,0.000,0.000,0.000,0.000,0.000,0.000,-0.078,0.048
167.01,0.446,0,0.455,0.502,1,0.000,0.000,0.000,0.000,0.000,0.000,-0.078,0.048
167.21,0.475,0,0.455,0.502,1,0.000,0.000,0.000,0.000,0.000,0.000,-0.077,0.054
167.41,0.475,0,0.530,0.612,1,0.000,0.000,0.000,0.000,0.000,0.000,-0.078,0.054
167.61,0.487,0,0.530,0.612,1,0.000,0.000,0.000,0.000,0.000,0.000,-0.076,0.053
167.81,0.487,0,0.530,0.612,1,0.000,0.000,0.000,0.000,0.000,0.000,-0.075,0.054
168.01,0.472,0,0.545,0.606,1,0.000,0.000,0.000,0.000,0.000,0.000,-0.075,0.054
168.21,0.482,0,0.545,0.606,1,0.000,0.000,0.000,0.000,0.000,0.000,-0.073,0.050
168.41,0.477,0,0.524,0.585,1,0.000,0.000,0.000,0.000,0.000,0.000,-0.074,0.051
168.61,0.509,0,0.524,0.585,1,0.000,0.000,0.000,0.000,0.000,0.000,-0.076,0.054
168.81,0.509,0,0.524,0.585,1,0.000,0.000,0.000,0.000,0.000,0.000,-0.082,0.064
169.01,0.482,0,0.506,0.568,1,0.000,0.000,0.000,0.000,0.000,0.000,-0.082,0.064
169.21,0.487,0,0.506,0.568,1,0.000,0.000,0.000,0.000,0.000,0.000,-0.074,0.053
169.41,0.477,0,0.493,0.562,1,0.000,0.000,0.000,0.000,0.000,0.000,-0.076,0.052
169.61,0.477,0,0.493,0.562,1,0.000,0.000,0.000,0.000,0.000,0.000,-0.078,0.051
169.81,0.477,0,0.493,0.562,1,0.000,0.000,0.000,0.000,0.000,0.000,-0.078,0.051
170.01,0.482,0,0.490,0.563,1,0.000,0.000,0.000,0.000,0.000,0.000,-0.078,0.050
170.21,0.482,0,0.490,0.563,1,0.000,0.000,0.000,0.000,0.000,0.000,-0.077,0.047
170.41,0.480,0,0.488,0.561,1,0.000,0.000,0.000,0.000,0.000,0.000,-0.076,0.045
170.61,0.480,0,0.488,0.561,1,0.000,0.000,0.000,0.000,0.000,0.000,-0.079,0.051
170.81,0.477,0,0.488,0.561,1,0.000,0.000,0.000,0.000,0.000,0.000,-0.079,0.051
171.01,0.470,0,0.488,0.563,1,0.000,0.000,0.000,0.000,0.000,0.000,-0.081,0.055
171.21,0.475,0,0.488,0.563,1,0.000,0.000,0.000,0.000,0.000,0.000,-0.081,0.054
171.41,0.480,0,0.488,0.564,1,0.000,0.000,0.000,0.000,0.000,0.000,-0.074,0.047
171.61,0.480,0,0.488,0.564,1,0.000,0.000,0.000,0.000,0.000,0.000,-0.081,0.053
171.81,0.479,0,0.488,0.564,1,0.000,0.000,0.000,0.000,0.000,0.000,-0.081,0.053
172.01,0.480,0,0.488,0.565,1,0.000,0.000,0.000,0.000,0.000,0.000,-0.081,0.061
172.21,0.480,0,0.488,0.565,1,0.000,0.000,0.000,0.000,0.000,0.000,-0.087,0.066
172.41,0.480,0,0.487,0.564,1,0.000,0.000,0.000,0.000,0.000,0.000,-0.085,0.067
172.61,0.477,0,0.487,0.564,1,0.000,0.000,0.000,0.000,0.000,0.000,-0.085,0.067
172.81,0.480,0,0.487,0.564,1,0.000,0.000,0.000,0.000,0.000,0.000,-0.088,0.055
173.01,0.477,0,0.490,0.563,1,0.000,0.000,0.000,0.000,0.000,0.000,-0.087,0.054
173.21,0.479,0,0.490,0.563,1,0.000,0.000,0.000,0.000,0.000,0.000,-0.090,0.062
173.41,0.479,0,0.487,0.565,1,0.000,0.000,0.000,0.000,0.000,0.000,-0.088,0.058
173.61,0.479,0,0.487,0.565,1,0.000,0.000,0.000,0.000,0.000,0.000,-0.088,0.058
173.81,0.475,0,0.487,0.565,1,0.000,0.000,0.000,0.000,0.000,0.000,-0.087,0.056
174.01,0.475,0,0.490,0.567,1,0.000,0.000,0.000,0.000,0.000,0.000,-0.085,0.049
174.21,0.474,0,0.490,0.567,1,0.000,0.000,0.000,0.000,0.000,0.000,-0.084,0.053
174.41,0.474,0,0.493,0.568,1,0.000,0.000,0.000,0.000,0.000,0.000,-0.087,0.057
174.61,0.472,0,0.493,0.568,1,0.000,0.000,0.000,0.000,0.000,0.000,-0.087,0.057
174.81,0.482,0,0.493,0.568,1,0.000,0.000,0.000,0.000,0.000,0.000,-0.083,0.056
175.01,0.482,0,0.490,0.567,1,0.000,0.000,0.000,0.000,0.000,0.000,-0.087,0.059
175.21,0.482,0,0.490,0.567,1,0.000,0.000,0.000,0.000,0.000,0.000,-0.079,0.053
175.41,0.477,0,0.494,0.568,1,0.000,0.000,0.000,0.000,0.000,0.000,-0.087,0.060
175.61,0.477,0,0.494,0.568,1,0.000,0.000,0.000,0.000,0.000,0.000,-0.087,0.060
175.81,0.485,0,0.494,0.568,1,0.000,0.000,0.000,0.000,0.000,0.000,-0.086,0.056
176.01,0.484,0,0.493,0.566,1,0.000,0.000,0.000,0.000,0.000,0.000,-0.088,0.053
176.21,0.484,0,0.493,0.566,1,0.000,0.000,0.000,0.000,0.000,0.000,-0.091,0.057
176.41,0.481,0,0.493,0.566,1,0.000,0.000,0.000,0.000,0.000,0.000,-0.091,0.057
176.61,0.484,0,0.493,0.566,1,0.000,0.000,0.000,0.000,0.000,0.000,-0.086,0.053
176.81,0.475,0,0.493,0.566,1,0.000,0.000,0.000,0.000,0.000,0.000,-0.089,0.050
177.01,0.477,0,0.493,0.568,1,0.000,0.000,0.000,0.000,0.000,0.000,-0.092,0.049
177.21,0.477,0,0.493,0.568,1,0.000,0.000,0.000,0.000,0.000,0.000,-0.088,0.060
177.41,0.477,0,0.496,0.573,1,0.000,0.000,0.000,0.000,0.000,0.000,-0.088,0.060
177.61,0.490,0,0.496,0.573,1,0.000,0.000,0.000,0.000,0.000,0.000,-0.085,0.065
177.81,0.492,0,0.496,0.573,1,0.000,0.000,0.000,0.000,0.000,0.000,-0.092,0.055
178.01,0.492,0,0.500,0.573,1,0.000,0.000,0.000,0.000,0.000,0.000,-0.083,0.049
178.21,0.470,0,0.500,0.573,1,0.000,0.000,0.000,0.000,0.000,0.000,-0.087,0.047
178.41,0.477,0,0.497,0.571,1,0.000,0.000,0.000,0.000,0.000,0.000,-0.087,0.047
178.61,0.477,0,0.497,0.571,1,0.000,0.000,0.000,0.000,0.000,0.000,-0.088,0.046
178.81,0.477,0,0.497,0.571,1,0.000,0.000,0.000,0.000,0.000,0.000,-0.087,0.047
179.01,0.477,0,0.496,0.570,1,0.000,0.000,0.000,0.000,0.000,0.000,-0.085,0.047
179.21,0.488,0,0.496,0.570,1,0.000,0.000,0.000,0.000,0.000,0.000,-0.085,0.047
179.41,0.484,0,0.494,0.568,1,0.000,0.000,0.000,0.000,0.000,0.000,-0.087,0.050
179.61,0.477,0,0.494,0.568,1,0.000,0.000,0.000,0.000,0.000,0.000,-0.082,0.047
179.81,0.474,0,0.494,0.568,1,0.000,0.000,0.000,0.000,0.000,0.000,-0.087,0.056
180.01,0.474,0,0.492,0.568,1,0.000,0.000,0.000,0.000,0.000,0.000,-0.086,0.063
180.21,0.470,0,0.492,0.568,1,0.000,0.000,0.000,0.000,0.000,0.000,-0.086,0.063
180.41,0.475,0,0.495,0.571,1,0.000,0.000,0.000,0.000,0.000,0.000,-0.084,0.051
180.61,0.477,0,0.495,0.571,1,0.000,0.000,0.000,0.000,0.000,0.000,-0.091,0.056
180.81,0.477,0,0.495,0.571,1,0.000,0.000,0.000,0.000,0.000,0.000,-0.091,0.051
181.01,0.475,0,0.495,0.574,1,0.000,0.000,0.000,0.000,0.000,0.000,-0.088,0.056
181.21,0.481,0,0.495,0.574,1,0.000,0.000,0.000,0.000,0.000,0.000,-0.088,0.056
181.41,0.486,0,0.495,0.568,1,0.000,0.000,0.000,0.000,0.000,0.000,-0.084,0.046
181.61,0.485,0,0.495,0.568,1,0.000,0.000,0.000,0.000,0.000,0.000,-0.091,0.045
181.81,0.485,0,0.495,0.568,1,0.000,0.000,0.000,0.000,0.000,0.000,-0.086,0.065
182.01,0.477,0,0.491,0.565,1,0.000,0.000,0.000,0.000,0.000,0.000,-0.086,0.065
182.21,0.470,0,0.491,0.565,1,0.000,0.000,0.000,0.000,0.000,0.000,-0.085,0.053
182.41,0.470,0,0.492,0.566,1,0.000,0.000,0.000,0.000,0.000,0.000,-0.088,0.050
182.61,0.479,0,0.492,0.566,1,0.000,0.000,0.000,0.000,0.000,0.000,-0.088,0.056
182.81,0.479,0,0.492,0.566,1,0.000,0.000,0.000,0.000,0.000,0.000,-0.089,0.059
183.01,0.481,0,0.491,0.567,1,0.000,0.000,0.000,0.000,0.000,0.000,-0.089,0.059
183.21,0.477,0,0.491,0.567,1,0.000,0.000,0.000,0.000,0.000,0.000,-0.082,0.051
183.41,0.482,0,0.490,0.567,1,0.000,0.000,0.000,0.000,0.000,0.000,-0.086,0.056
183.61,0.482,0,0.490,0.567,1,0.000,0.000,0.000,0.000,0.000,0.000,-0.088,0.052
183.81,0.475,0,0.490,0.567,1,0.000,0.000,0.000,0.000,0.000,0.000,-0.079,0.056
184.01,0.484,0,0.493,0.568,1,0.000,0.000,0.000,0.000,0.000,0.000,-0.079,0.056
184.21,0.477,0,0.493,0.568,1,0.000,0.000,0.000,0.000,0.000,0.000,-0.084,0.046
184.41,0.486,0,0.494,0.568,1,0.000,0.000,0.000,0.000,0.000,0.000,-0.084,0.048
184.61,0.486,0,0.494,0.568,1,0.000,0.000,0.000,0.000,0.000,0.000,-0.083,0.054
184.81,0.477,0,0.494,0.568,1,0.000,0.000,0.000,0.000,0.000,0.000,-0.083,0.054
185.01,0.470,0,0.495,0.569,1,0.000,0.000,0.000,0.000,0.000,0.000,-0.081,0.046
185.21,0.484,0,0.495,0.569,1,0.000,0.000,0.000,0.000,0.000,0.000,-0.084,0.048
185.41,0.486,0,0.494,0.567,1,0.000,0.000,0.000,0.000,0.000,0.000,-0.086,0.056
185.61,0.486,0,0.494,0.567,1,0.000,0.000,0.000,0.000,0.000,0.000,-0.083,0.050
185.81,0.484,0,0.494,0.567,1,0.000,0.000,0.000,0.000,0.000,0.000,-0.083,0.050
186.01,0.484,0,0.493,0.567,1,0.000,0.000,0.000,0.000,0.000,0.000,-0.083,0.048
186.21,0.482,0,0.493,0.567,1,0.000,0.000,0.000,0.000,0.000,0.000,-0.084,0.047
186.41,0.477,0,0.491,0.568,1,0.000,0.000,0.000,0.000,0.000,0.000,-0.081,0.047
186.61,0.477,0,0.491,0.568,1,0.000,0.000,0.000,0.000,0.000,0.000,-0.087,0.049
186.81,0.484,0,0.491,0.568,1,0.000,0.000,0.000,0.000,0.000,0.000,-0.087,0.049
187.01,0.482,0,0.495,0.569,1,0.000,0.000,0.000,0.000,0.000,0.000,-0.089,0.047
187.21,0.486,0,0.495,0.569,1,0.000,0.000,0.000,0.000,0.000,0.000,-0.083,0.047
187.41,0.486,0,0.500,0.572,1,0.000,0.000,0.000,0.000,0.000,0.000,-0.085,0.042
187.61,0.492,0,0.500,0.572,1,0.000,0.000,0.000,0.000,0.000,0.000,-0.085,0.042
187.81,0.486,0,0.500,0.572,1,0.000,0.000,0.000,0.000,0.000,0.000,-0.083,0.044
188.01,0.477,0,0.498,0.571,1,0.000,0.000,0.000,0.000,0.000,0.000,-0.088,0.045
188.21,0.477,0,0.498,0.571,1,0.000,0.000,0.000,0.000,0.000,0.000,-0.084,0.050
188.41,0.477,0,0.493,0.571,1,0.000,0.000,0.000,0.000,0.000,0.000,-0.085,0.044
188.61,0.482,0,0.493,0.571,1,0.000,0.000,0.000,0.000,0.000,0.000,-0.085,0.044
188.81,0.477,0,0.493,0.571,1,0.000,0.000,0.000,0.000,0.000,0.000,-0.085,0.039
189.01,0.481,0,0.492,0.567,1,0.000,0.000,0.000,0.000,0.000,0.000,-0.084,0.045
189.21,0.472,0,0.492,0.567,1,0.000,0.000,0.000,0.000,0.000,0.000,-0.081,0.047
189.41,0.472,0,0.489,0.564,1,0.000,0.000,0.000,0.000,0.000,0.000,-0.084,0.044
189.61,0.477,0,0.489,0.564,1,0.000,0.000,0.000,0.000,0.000,0.000,-0.084,0.044
189.81,0.481,0,0.489,0.564,1,0.000,0.000,0.000,0.000,0.000,0.000,-0.076,0.046
190.01,0.477,0,0.491,0.566,1,0.000,0.000,0.000,0.000,0.000,0.000,-0.083,0.043
190.21,0.477,0,0.491,0.566,1,0.000,0.000,0.000,0.000,0.000,0.000,-0.080,0.054
190.41,0.483,0,0.491,0.569,1,0.000,0.000,0.000,0.000,0.000,0.000,-0.080,0.054
190.61,0.477,0,0.491,0.569,1,0.000,0.000,0.000,0.000,0.000,0.000,-0.074,0.050
190.81,0.486,0,0.491,0.569,1,0.000,0.000,0.000,0.000,0.000,0.000,-0.077,0.055
191.01,0.470,0,0.494,0.569,1,0.000,0.000,0.000,0.000,0.000,0.000,-0.083,0.047
191.21,0.470,0,0.494,0.569,1,0.000,0.000,0.000,0.000,0.000,0.000,-0.080,0.044
191.41,0.486,0,0.494,0.570,1,0.000,0.000,0.000,0.000,0.000,0.000,-0.080,0.044
191.61,0.474,0,0.494,0.570,1,0.000,0.000,0.000,0.000,0.000,0.000,-0.077,0.050
191.81,0.489,0,0.494,0.570,1,0.000,0.000,0.000,0.000,0.000,0.000,-0.086,0.054
192.01,0.484,0,0.498,0.572,1,0.000,0.000,0.000,0.000,0.000,0.000,-0.081,0.058
192.21,0.484,0,0.498,0.572,1,0.000,0.000,0.000,0.000,0.000,0.000,-0.086,0.060
192.41,0.479,0,0.495,0.568,1,0.000,0.000,0.000,0.000,0.000,0.000,-0.086,0.060
192.61,0.482,0,0.495,0.568,1,0.000,0.000,0.000,0.000,0.000,0.000,-0.083,0.047
192.81,0.482,0,0.495,0.568,1,0.000,0.000,0.000,0.000,0.000,0.000,-0.092,0.047
193.01,0.482,0,0.491,0.566,1,0.000,0.000,0.000,0.000,0.000,0.000,-0.086,0.057
193.21,0.481,0,0.491,0.566,1,0.000,0.000,0.000,0.000,0.000,0.000,-0.086,0.057
193.41,0.472,0,0.492,0.566,1,0.000,0.000,0.000,0.000,0.000,0.000,-0.076,0.048
193.61,0.475,0,0.492,0.566,1,0.000,0.000,0.000,0.000,0.000,0.000,-0.077,0.050
193.81,0.477,0,0.492,0.566,1,0.000,0.000,0.000,0.000,0.000,0.000,-0.080,0.049
194.01,0.477,0,0.491,0.566,1,0.000,0.000,0.000,0.000,0.000,0.000,-0.071,0.056
194.21,0.474,0,0.491,0.566,1,0.000,0.000,0.000,0.000,0.000,0.000,-0.071,0.056
194.41,0.479,0,0.492,0.570,1,0.000,0.000,0.000,0.000,0.000,0.000,-0.066,0.048
194.61,0.485,0,0.492,0.570,1,0.000,0.000,0.000,0.000,0.000,0.000,-0.062,0.054
194.81,0.477,0,0.492,0.570,1,0.000,0.000,0.000,0.000,0.000,0.000,-0.075,0.046
195.01,0.477,0,0.494,0.569,1,0.000,0.000,0.000,0.000,0.000,0.000,-0.071,0.042
195.21,0.484,0,0.494,0.569,1,0.000,0.000,0.000,0.000,0.000,0.000,-0.071,0.042
195.41,0.484,0,0.494,0.569,1,0.000,0.000,0.000,0.000,0.000,0.000,-0.072,0.036
195.61,0.484,0,0.494,0.569,1,0.000,0.000,0.000,0.000,0.000,0.000,-0.077,0.040
195.81,0.484,0,0.494,0.569,1,0.000,0.000,0.000,0.000,0.000,0.000,-0.079,0.043
196.01,0.477,0,0.494,0.571,1,0.000,0.000,0.000,0.000,0.000,0.000,-0.079,0.043
196.21,0.488,0,0.494,0.571,1,0.000,0.000,0.000,0.000,0.000,0.000,-0.074,0.045
196.41,0.472,0,0.496,0.571,1,0.000,0.000,0.000,0.000,0.000,0.000,-0.077,0.050
196.61,0.477,0,0.496,0.571,1,0.000,0.000,0.000,0.000,0.000,0.000,-0.073,0.052
196.81,0.477,0,0.496,0.571,1,0.000,0.000,0.000,0.000,0.000,0.000,-0.082,0.049
197.01,0.484,0,0.498,0.573,1,0.000,0.000,0.000,0.000,0.000,0.000,-0.082,0.049
197.21,0.470,0,0.498,0.573,1,0.000,0.000,0.000,0.000,0.000,0.000,-0.074,0.055
197.41,0.474,0,0.482,0.562,1,0.000,0.000,0.000,0.000,0.000,0.000,-0.073,0.041
197.61,0.462,0,0.482,0.562,1,0.000,0.000,0.000,0.000,0.000,0.000,-0.075,0.045
197.81,0.462,0,0.482,0.562,1,0.000,0.000,0.000,0.000,0.000,0.000,-0.079,0.040
198.01,0.471,0,0.480,0.564,1,0.000,0.000,0.000,0.000,0.000,0.000,-0.079,0.040
198.21,0.468,0,0.480,0.564,1,0.000,0.000,0.000,0.000,0.000,0.000,-0.082,0.043
198.41,0.468,0,0.477,0.568,1,0.000,0.000,0.000,0.000,0.000,0.000,-0.080,0.040
198.61,0.468,0,0.477,0.568,1,0.000,0.000,0.000,0.000,0.000,0.000,-0.079,0.039
198.81,0.495,0,0.477,0.568,1,0.000,0.000,0.000,0.000,0.000,0.000,-0.079,0.039
199.01,0.479,0,0.501,0.571,1,0.000,0.000,0.000,0.000,0.000,0.000,-0.081,0.045
199.21,0.475,0,0.501,0.571,1,0.000,0.000,0.000,0.000,0.000,0.000,-0.080,0.041
199.41,0.482,0,0.510,0.575,1,0.000,0.000,0.000,0.000,0.000,0.000,-0.084,0.041
199.61,0.482,0,0.510,0.575,1,0.000,0.000,0.000,0.000,0.000,0.000,-0.083,0.042
199.81,0.481,0,0.510,0.575,1,0.000,0.000,0.000,0.000,0.000,0.000,-0.083,0.042
200.01,0.472,0,0.512,0.577,1,0.000,0.000,0.000,0.000,0.000,0.000,-0.071,0.055
200.21,0.486,0,0.512,0.577,1,0.000,0.000,0.000,0.000,0.000,0.000,-0.081,0.043
200.41,0.479,0,0.511,0.580,1,0.000,0.000,0.000,0.000,0.000,0.000,-0.077,0.039
200.61,0.479,0,0.511,0.580,1,0.000,0.000,0.000,0.000,0.000,0.000,-0.081,0.046
200.81,0.475,0,0.511,0.580,1,0.000,0.000,0.000,0.000,0.000,0.000,-0.081,0.046
201.01,0.481,0,0.506,0.573,1,0.000,0.000,0.000,0.000,0.000,0.000,-0.076,0.042
201.21,0.477,0,0.506,0.573,1,0.000,0.000,0.000,0.000,0.000,0.000,-0.082,0.049
201.41,0.477,0,0.488,0.559,1,0.000,0.000,0.000,0.000,0.000,0.000,-0.088,0.047
201.61,0.477,0,0.488,0.559,1,0.000,0.000,0.000,0.000,0.000,0.000,-0.088,0.047
201.81,0.475,0,0.488,0.559,1,0.000,0.000,0.000,0.000,0.000,0.000,-0.081,0.053
202.01,0.476,0,0.484,0.556,1,0.000,0.000,0.000,0.000,0.000,0.000,-0.087,0.044
202.21,0.477,0,0.484,0.556,1,0.000,0.000,0.000,0.000,0.000,0.000,-0.084,0.047
202.41,0.477,0,0.485,0.558,1,0.000,0.000,0.000,0.000,0.000,0.000,-0.085,0.050
202.61,0.472,0,0.485,0.558,1,0.000,0.000,0.000,0.000,0.000,0.000,-0.085,0.050
202.81,0.475,0,0.485,0.558,1,0.000,0.000,0.000,0.000,0.000,0.000,-0.077,0.042
203.01,0.477,0,0.487,0.559,1,0.000,0.000,0.000,0.000,0.000,0.000,-0.086,0.052
203.21,0.475,0,0.487,0.559,1,0.000,0.000,0.000,0.000,0.000,0.000,-0.080,0.045
203.41,0.475,0,0.485,0.557,1,0.000,0.000,0.000,0.000,0.000,0.000,-0.080,0.045
203.61,0.477,0,0.485,0.557,1,0.000,0.000,0.000,0.000,0.000,0.000,-0.085,0.043
203.81,0.472,0,0.485,0.557,1,0.000,0.000,0.000,0.000,0.000,0.000,-0.080,0.063
204.01,0.478,0,0.486,0.558,1,0.000,0.000,0.000,0.000,0.000,0.000,-0.081,0.058
204.21,0.478,0,0.486,0.558,1,0.000,0.000,0.000,0.000,0.000,0.000,-0.081,0.052
204.41,0.479,0,0.487,0.559,1,0.000,0.000,0.000,0.000,0.000,0.000,-0.081,0.052
204.61,0.482,0,0.487,0.559,1,0.000,0.000,0.000,0.000,0.000,0.000,-0.081,0.050
204.81,0.477,0,0.487,0.559,1,0.000,0.000,0.000,0.000,0.000,0.000,-0.080,0.046
205.01,0.477,0,0.491,0.562,1,0.000,0.000,0.000,0.000,0.000,0.000,-0.084,0.043
205.21,0.477,0,0.491,0.562,1,0.000,0.000,0.000,0.000,0.000,0.000,-0.086,0.038
205.41,0.480,0,0.488,0.560,1,0.000,0.000,0.000,0.000,0.000,0.000,-0.086,0.038
205.61,0.470,0,0.488,0.560,1,0.000,0.000,0.000,0.000,0.000,0.000,-0.080,0.050
205.81,0.472,0,0.488,0.560,1,0.000,0.000,0.000,0.000,0.000,0.000,-0.084,0.052
206.01,0.472,0,0.486,0.558,1,0.000,0.000,0.000,0.000,0.000,0.000,-0.078,0.050
206.21,0.472,0,0.486,0.558,1,0.000,0.000,0.000,0.000,0.000,0.000,-0.075,0.055
206.41,0.474,0,0.486,0.559,1,0.000,0.000,0.000,0.000,0.000,0.000,-0.075,0.055
206.61,0.479,0,0.486,0.559,1,0.000,0.000,0.000,0.000,0.000,0.000,-0.074,0.041
206.81,0.478,0,0.486,0.559,1,0.000,0.000,0.000,0.000,0.000,0.000,-0.081,0.045
207.01,0.478,0,0.486,0.560,1,0.000,0.000,0.000,0.000,0.000,0.000,-0.082,0.042
207.21,0.472,0,0.486,0.560,1,0.000,0.000,0.000,0.000,0.000,0.000,-0.082,0.042
207.41,0.476,0,0.484,0.544,1,0.000,0.000,0.000,0.000,0.000,0.000,-0.081,0.041
207.61,0.451,0,0.484,0.544,1,0.000,0.000,0.000,0.000,0.000,0.000,-0.078,0.041
207.81,0.439,0,0.484,0.544,1,0.000,0.000,0.000,0.000,0.000,0.000,-0.073,0.046
208.01,0.439,0,0.448,0.523,1,0.000,0.000,0.000,0.000,0.000,0.000,-0.080,0.044
208.21,0.431,0,0.448,0.523,1,0.000,0.000,0.000,0.000,0.000,0.000,-0.080,0.044
208.41,0.439,0,0.448,0.533,1,0.000,0.000,0.000,0.000,0.000,0.000,-0.070,0.048
208.61,0.449,0,0.448,0.533,1,0.000,0.000,0.000,0.000,0.000,0.000,-0.079,0.041
208.81,0.449,0,0.448,0.533,1,0.000,0.000,0.000,0.000,0.000,0.000,-0.075,0.040
209.01,0.467,0,0.476,0.562,1,0.000,0.000,0.000,0.000,0.000,0.000,-0.075,0.040
209.21,0.479,0,0.476,0.562,1,0.000,0.000,0.000,0.000,0.000,0.000,-0.076,0.047
209.41,0.475,0,0.503,0.575,1,0.000,0.000,0.000,0.000,0.000,0.000,-0.069,0.053
209.61,0.477,0,0.503,0.575,1,0.000,0.000,0.000,0.000,0.000,0.000,-0.075,0.046
209.81,0.477,0,0.503,0.575,1,0.000,0.000,0.000,0.000,0.000,0.000,-0.075,0.034
210.01,0.536,0,0.544,0.610,1,0.000,0.000,0.000,0.000,0.000,0.000,-0.075,0.034
210.21,0.481,0,0.544,0.610,1,0.000,0.000,0.000,0.000,0.000,0.000,-0.078,0.033
210.41,0.545,0,0.552,0.582,1,0.000,0.000,0.000,0.000,0.000,0.000,-0.073,0.026
210.61,0.479,0,0.552,0.582,1,0.000,0.000,0.000,0.000,0.000,0.000,-0.071,0.043
210.81,0.479,0,0.552,0.582,1,0.000,0.000,0.000,0.000,0.000,0.000,-0.075,0.049
211.01,0.482,0,0.513,0.572,1,0.000,0.000,0.000,0.000,0.000,0.000,-0.075,0.049
211.21,0.482,0,0.513,0.572,1,0.000,0.000,0.000,0.000,0.000,0.000,-0.066,0.046
211.41,0.477,0,0.539,0.576,1,0.000,0.000,0.000,0.000,0.000,0.000,-0.071,0.031
211.61,0.477,0,0.539,0.576,1,0.000,0.000,0.000,0.000,0.000,0.000,-0.074,0.028
211.81,0.488,0,0.539,0.576,1,0.000,0.000,0.000,0.000,0.000,0.000,-0.074,0.028
212.01,0.477,0,0.617,0.607,1,0.000,0.000,0.000,0.000,0.000,0.000,-0.077,0.031
212.21,0.470,0,0.617,0.607,1,0.000,0.000,0.000,0.000,0.000,0.000,-0.074,0.035
212.41,0.484,0,0.805,0.784,1,0.000,0.000,0.000,0.000,0.000,0.000,-0.074,0.039
212.61,0.484,0,0.805,0.784,1,0.000,0.000,0.000,0.000,0.000,0.000,-0.076,0.045
212.81,0.482,0,0.805,0.784,1,0.000,0.000,0.000,0.000,0.000,0.000,-0.076,0.045
213.01,0.776,0,1.071,1.079,1,0.000,0.000,0.000,0.000,0.000,0.000,-0.076,0.047
213.21,0.475,0,1.071,1.079,1,0.000,0.000,0.000,0.000,0.000,0.000,-0.075,0.041
213.41,0.475,0,1.239,1.249,1,0.000,0.000,0.000,0.000,0.000,0.000,-0.080,0.042
213.61,0.472,0,1.239,1.249,1,0.000,0.000,0.000,0.000,0.000,0.000,-0.080,0.042
213.81,0.479,0,1.239,1.249,1,0.000,0.000,0.000,0.000,0.000,0.000,-0.078,0.049
214.01,0.488,0,1.244,1.261,1,0.000,0.000,0.000,0.000,0.000,0.000,-0.076,0.055
214.21,0.488,0,1.244,1.261,1,0.000,0.000,0.000,0.000,0.000,0.000,-0.076,0.047
214.41,0.488,0,1.216,1.268,1,0.000,0.000,0.000,0.000,0.000,0.000,-0.075,0.042
214.61,0.776,0,1.216,1.268,1,0.000,0.000,0.000,0.000,0.000,0.000,-0.075,0.042
214.81,0.489,0,1.216,1.268,1,0.000,0.000,0.000,0.000,0.000,0.000,-0.076,0.046
215.01,0.488,0,1.219,1.265,1,0.000,0.000,0.000,0.000,0.000,0.000,-0.076,0.041
215.21,0.479,0,1.219,1.265,1,0.000,0.000,0.000,0.000,0.000,0.000,-0.074,0.057
215.41,0.479,0,1.214,1.267,1,0.000,0.000,0.000,0.000,0.000,0.000,-0.076,0.049
215.61,0.485,0,1.214,1.267,1,0.000,0.000,0.000,0.000,0.000,0.000,-0.076,0.049
215.81,0.470,0,1.214,1.267,1,0.000,0.000,0.000,0.000,0.000,0.000,-0.076,0.050
216.01,0.477,0,1.217,1.260,1,0.000,0.000,0.000,0.000,0.000,0.000,-0.069,0.043
216.21,0.477,0,1.217,1.260,1,0.000,0.000,0.000,0.000,0.000,0.000,-0.074,0.039
216.41,0.482,0,1.199,1.262,1,0.000,0.000,0.000,0.000,0.000,0.000,-0.074,0.039
216.61,0.488,0,1.199,1.262,1,0.000,0.000,0.000,0.000,0.000,0.000,-0.079,0.036
216.81,0.779,0,1.199,1.262,1,0.000,0.000,0.000,0.000,0.000,0.000,-0.071,0.041
217.01,0.479,0,1.195,1.260,1,0.000,0.000,0.000,0.000,0.000,0.000,-0.072,0.047
217.21,0.479,0,1.195,1.260,1,0.000,0.000,0.000,0.000,0.000,0.000,-0.075,0.057
217.41,0.481,0,1.201,1.263,1,0.000,0.000,0.000,0.000,0.000,0.000,-0.075,0.057
217.61,0.474,0,1.201,1.263,1,0.000,0.000,0.000,0.000,0.000,0.000,-0.075,0.048
217.81,0.472,0,1.201,1.263,1,0.000,0.000,0.000,0.000,0.000,0.000,-0.077,0.044
218.01,0.472,0,1.200,1.263,1,0.000,0.000,0.000,0.000,0.000,0.000,-0.070,0.044
218.21,0.470,0,1.200,1.263,1,0.000,0.000,0.000,0.000,0.000,0.000,-0.077,0.045
218.41,0.477,0,1.202,1.262,1,0.000,0.000,0.000,0.000,0.000,0.000,-0.077,0.045
218.61,0.479,0,1.202,1.262,1,0.000,0.000,0.000,0.000,0.000,0.000,-0.078,0.048
218.81,0.474,0,1.202,1.262,1,0.000,0.000,0.000,0.000,0.000,0.000,-0.079,0.048
219.01,0.474,0,1.208,1.263,1,0.000,0.000,0.000,0.000,0.000,0.000,-0.074,0.045
219.21,0.477,0,1.208,1.263,1,0.000,0.000,0.000,0.000,0.000,0.000,-0.074,0.045
219.41,0.481,0,0.908,1.266,0,0.000,0.000,0.000,0.000,0.000,0.000,-0.076,0.046
219.61,0.489,0,0.908,1.266,0,0.000,0.000,0.000,0.000,0.000,0.000,-0.080,0.048
219.81,0.486,0,0.908,1.266,0,0.000,0.000,0.000,0.000,0.000,0.000,-0.080,0.060
220.01,0.486,0,1.204,1.264,1,0.000,0.000,0.000,0.000,0.000,0.000,-0.080,0.059
220.21,0.470,0,1.204,1.264,1,0.000,0.000,0.000,0.000,0.000,0.000,-0.080,0.059
220.41,0.486,0,1.201,1.262,1,0.000,0.000,0.000,0.000,0.000,0.000,-0.081,0.048
220.61,0.475,0,1.201,1.262,1,0.000,0.000,0.000,0.000,0.000,0.000,-0.081,0.048
220.81,0.475,0,1.201,1.262,1,0.000,0.000,0.000,0.000,0.000,0.000,-0.079,0.043
221.01,0.779,0,1.212,1.263,1,0.000,0.000,0.000,0.000,0.000,0.000,-0.079,0.043
221.21,0.472,0,1.212,1.263,1,0.000,0.000,0.000,0.000,0.000,0.000,-0.077,0.052
221.41,0.481,0,1.214,1.268,1,0.000,0.000,0.000,0.000,0.000,0.000,-0.078,0.043
221.61,0.488,0,1.214,1.268,1,0.000,0.000,0.000,0.000,0.000,0.000,-0.076,0.046
221.81,0.488,0,1.214,1.268,1,0.000,0.000,0.000,0.000,0.000,0.000,-0.073,0.040
222.01,0.484,0,1.221,1.268,1,0.000,0.000,0.000,0.000,0.000,0.000,-0.073,0.040
222.21,0.479,0,1.221,1.268,1,0.000,0.000,0.000,0.000,0.000,0.000,-0.079,0.042
222.41,0.479,0,1.216,1.271,1,0.000,0.000,0.000,0.000,0.000,0.000,-0.080,0.039
222.61,0.479,0,1.216,1.271,1,0.000,0.000,0.000,0.000,0.000,0.000,-0.076,0.046
222.81,0.472,0,1.216,1.271,1,0.000,0.000,0.000,0.000,0.000,0.000,-0.076,0.046
223.01,0.481,0,1.223,1.275,1,0.000,0.000,0.000,0.000,0.000,0.000,-0.072,0.050
223.21,0.489,0,1.223,1.275,1,0.000,0.000,0.000,0.000,0.000,0.000,-0.075,0.047
223.41,0.489,0,1.246,1.280,1,0.000,0.000,0.000,0.000,0.000,0.000,-0.077,0.059
223.61,0.489,0,1.246,1.280,1,0.000,0.000,0.000,0.000,0.000,0.000,-0.082,0.057
223.81,0.475,0,1.246,1.280,1,0.000,0.000,0.000,0.000,0.000,0.000,-0.082,0.057
224.01,0.475,0,1.244,1.276,1,0.000,0.000,0.000,0.000,0.000,0.000,-0.077,0.054
224.21,0.472,0,1.244,1.276,1,0.000,0.000,0.000,0.000,0.000,0.000,-0.075,0.054
224.41,0.472,0,1.258,0.966,0,0.000,0.000,0.000,0.000,0.000,0.000,-0.073,0.049
224.61,0.472,0,1.258,0.966,0,0.000,0.000,0.000,0.000,0.000,0.000,-0.077,0.055
224.81,0.479,0,1.258,0.966,0,0.000,0.000,0.000,0.000,0.000,0.000,-0.077,0.055
225.01,0.486,0,0.924,1.037,1,0.000,0.000,0.000,0.000,0.000,0.000,-0.080,0.061
225.21,0.487,0,0.924,1.037,1,0.000,0.000,0.000,0.000,0.000,0.000,-0.076,0.067
225.41,0.487,0,0.909,1.018,1,0.000,0.000,0.000,0.000,0.000,0.000,-0.083,0.066
225.61,0.479,0,0.909,1.018,1,0.000,0.000,0.000,0.000,0.000,0.000,-0.083,0.066
225.81,0.477,0,0.909,1.018,1,0.000,0.000,0.000,0.000,0.000,0.000,-0.078,0.064
226.01,0.777,0,0.900,1.131,0,0.000,0.000,0.000,0.000,0.000,0.000,-0.081,0.067
226.21,0.475,0,0.900,1.131,0,0.000,0.000,0.000,0.000,0.000,0.000,-0.074,0.066
226.41,0.475,0,1.240,1.008,0,0.000,0.000,0.000,0.000,0.000,0.000,-0.078,0.057
226.61,0.481,0,1.240,1.008,0,0.000,0.000,0.000,0.000,0.000,0.000,-0.078,0.057
226.81,0.477,0,1.240,1.008,0,0.000,0.000,0.000,0.000,0.000,0.000,-0.080,0.059
227.01,0.472,0,0.826,0.853,1,0.000,0.000,0.000,0.000,0.000,0.000,-0.085,0.060
227.21,0.105,0,0.826,0.853,1,0.000,0.000,0.000,0.000,0.000,0.000,-0.083,0.048
227.41,0.105,0,1.214,1.260,1,0.000,0.000,0.000,0.000,0.000,0.000,-0.081,0.052
227.61,0.475,0,1.214,1.260,1,0.000,0.000,0.000,0.000,0.000,0.000,-0.081,0.052
227.81,0.486,0,1.214,1.260,1,0.000,0.000,0.000,0.000,0.000,0.000,-0.087,0.048
228.01,0.489,0,0.908,1.258,0,0.000,0.000,0.000,0.000,0.000,0.000,-0.073,0.054
228.21,0.489,0,0.908,1.258,0,0.000,0.000,0.000,0.000,0.000,0.000,-0.082,0.056
228.41,0.481,0,1.214,1.253,1,0.000,0.000,0.000,0.000,0.000,0.000,-0.082,0.056
228.61,0.489,0,1.214,1.253,1,0.000,0.000,0.000,0.000,0.000,0.000,-0.080,0.052
228.81,0.487,0,1.214,1.253,1,0.000,0.000,0.000,0.000,0.000,0.000,-0.082,0.061
229.01,0.472,0,1.212,1.253,1,0.000,0.000,0.000,0.000,0.000,0.000,-0.076,0.065
229.21,0.472,0,1.212,1.253,1,0.000,0.000,0.000,0.000,0.000,0.000,-0.084,0.059
229.41,0.472,0,0.909,1.256,0,0.000,0.000,0.000,0.000,0.000,0.000,-0.084,0.059
229.61,0.472,0,0.909,1.256,0,0.000,0.000,0.000,0.000,0.000,0.000,-0.077,0.064
229.81,0.479,0,0.909,1.256,0,0.000,0.000,0.000,0.000,0.000,0.000,-0.082,0.061
230.01,0.479,0,1.209,1.256,1,0.000,0.000,0.000,0.000,0.000,0.000,-0.082,0.051
230.21,0.489,0,1.209,1.256,1,0.000,0.000,0.000,0.000,0.000,0.000,-0.082,0.051
230.41,0.106,0,1.209,1.249,1,0.000,0.000,0.000,0.000,0.000,0.000,-0.079,0.066
230.61,0.477,0,1.209,1.249,1,0.000,0.000,0.000,0.000,0.000,0.000,-0.072,0.071
230.81,0.475,0,1.209,1.249,1,0.000,0.000,0.000,0.000,0.000,0.000,-0.070,0.066
231.01,0.475,0,1.165,1.226,1,0.000,0.000,0.000,0.000,0.000,0.000,-0.072,0.061
231.21,0.777,0,1.165,1.226,1,0.000,0.000,0.000,0.000,0.000,0.000,-0.072,0.061
231.41,0.487,0,1.158,1.219,1,0.000,0.000,0.000,0.000,0.000,0.000,-0.073,0.060
231.61,0.477,0,1.158,1.219,1,0.000,0.000,0.000,0.000,0.000,0.000,-0.077,0.053
231.81,0.481,0,1.158,1.219,1,0.000,0.000,0.000,0.000,0.000,0.000,-0.075,0.046
232.01,0.481,0,1.145,1.216,1,0.000,0.000,0.000,0.000,0.000,0.000,-0.076,0.042
232.21,0.479,0,1.145,1.216,1,0.000,0.000,0.000,0.000,0.000,0.000,-0.076,0.042
232.41,0.780,0,1.159,1.214,1,0.000,0.000,0.000,0.000,0.000,0.000,-0.075,0.054
232.61,0.475,0,1.159,1.214,1,0.000,0.000,0.000,0.000,0.000,0.000,-0.075,0.052
232.81,0.475,0,1.159,1.214,1,0.000,0.000,0.000,0.000,0.000,0.000,-0.075,0.050
233.01,0.479,0,1.158,1.214,1,0.000,0.000,0.000,0.000,0.000,0.000,-0.075,0.050
233.21,0.488,0,1.158,1.214,1,0.000,0.000,0.000,0.000,0.000,0.000,-0.076,0.048
233.41,0.488,0,1.159,1.215,1,0.000,0.000,0.000,0.000,0.000,0.000,-0.081,0.038
233.61,0.484,0,1.159,1.215,1,0.000,0.000,0.000,0.000,0.000,0.000,-0.073,0.053
233.81,0.484,0,1.159,1.215,1,0.000,0.000,0.000,0.000,0.000,0.000,-0.075,0.050
234.01,0.474,0,1.148,1.212,1,0.000,0.000,0.000,0.000,0.000,0.000,-0.075,0.050
234.21,0.470,0,1.148,1.212,1,0.000,0.000,0.000,0.000,0.000,0.000,-0.073,0.046
234.41,0.778,0,1.148,1.213,1,0.000,0.000,0.000,0.000,0.000,0.000,-0.073,0.058
234.61,0.778,0,1.148,1.213,1,0.000,0.000,0.000,0.000,0.000,0.000,-0.066,0.052
234.81,0.472,0,1.148,1.213,1,0.000,0.000,0.000,0.000,0.000,0.000,-0.066,0.052
235.01,0.481,0,0.908,1.211,0,0.000,0.000,0.000,0.000,0.000,0.000,-0.075,0.051
235.21,0.472,0,0.908,1.211,0,0.000,0.000,0.000,0.000,0.000,0.000,-0.076,0.056
235.41,0.472,0,1.153,1.211,1,0.000,0.000,0.000,0.000,0.000,0.000,-0.075,0.060
235.61,0.472,0,1.153,1.211,1,0.000,0.000,0.000,0.000,0.000,0.000,-0.076,0.057
235.81,0.489,0,1.153,1.211,1,0.000,0.000,0.000,0.000,0.000,0.000,-0.076,0.057
236.01,0.477,0,1.164,1.211,1,0.000,0.000,0.000,0.000,0.000,0.000,-0.075,0.058
236.21,0.472,0,1.164,1.211,1,0.000,0.000,0.000,0.000,0.000,0.000,-0.078,0.059
236.41,0.481,0,1.051,1.153,1,0.000,0.000,0.000,0.000,0.000,0.000,-0.071,0.054
236.61,0.481,0,1.051,1.153,1,0.000,0.000,0.000,0.000,0.000,0.000,-0.076,0.042
236.81,0.105,0,1.051,1.153,1,0.000,0.000,0.000,0.000,0.000,0.000,-0.076,0.042
237.01,0.105,0,0.798,0.830,1,0.000,0.000,0.000,0.000,0.000,0.000,-0.074,0.052
237.21,0.484,0,0.798,0.830,1,0.000,0.000,0.000,0.000,0.000,0.000,-0.073,0.057
237.41,0.484,0,0.681,0.521,1,0.000,0.000,0.000,0.000,0.000,0.000,-0.076,0.043
237.61,0.477,0,0.681,0.521,1,0.000,0.000,0.000,0.000,0.000,0.000,-0.076,0.043
237.81,0.477,0,0.681,0.521,1,0.000,0.000,0.000,0.000,0.000,0.000,-0.076,0.035
238.01,0.470,0,0.590,0.450,1,0.000,0.000,0.000,0.000,0.000,0.000,-0.074,0.052
238.21,0.474,0,0.590,0.450,1,0.000,0.000,0.000,0.000,0.000,0.000,-0.070,0.044
238.41,0.474,0,0.500,0.566,1,0.000,0.000,0.000,0.000,0.000,0.000,-0.072,0.049
238.61,0.477,0,0.500,0.566,1,0.000,0.000,0.000,0.000,0.000,0.000,-0.072,0.049
238.81,0.481,0,0.500,0.566,1,0.000,0.000,0.000,0.000,0.000,0.000,-0.072,0.038
239.01,0.475,0,0.487,0.553,1,0.000,0.000,0.000,0.000,0.000,0.000,-0.074,0.049
239.21,0.475,0,0.487,0.553,1,0.000,0.000,0.000,0.000,0.000,0.000,-0.076,0.055
239.41,0.470,0,0.481,0.551,1,0.000,0.000,0.000,0.000,0.000,0.000,-0.076,0.055
239.61,0.476,0,0.481,0.551,1,0.000,0.000,0.000,0.000,0.000,0.000,-0.074,0.050
239.81,0.483,0,0.481,0.551,1,0.000,0.000,0.000,0.000,0.000,0.000,-0.073,0.051
240.01,0.470,0,0.491,0.558,1,0.000,0.000,0.000,0.000,0.000,0.000,-0.077,0.055
240.21,0.470,0,0.491,0.558,1,0.000,0.000,0.000,0.000,0.000,0.000,-0.073,0.046
240.41,0.486,0,0.494,0.562,1,0.000,0.000,0.000,0.000,0.000,0.000,-0.073,0.046
240.61,0.481,0,0.494,0.562,1,0.000,0.000,0.000,0.000,0.000,0.000,-0.078,0.052
240.81,0.486,0,0.494,0.562,1,0.000,0.000,0.000,0.000,0.000,0.000,-0.077,0.048
241.01,0.470,0,0.496,0.559,1,0.000,0.000,0.000,0.000,0.000,0.000,-0.075,0.044
241.21,0.470,0,0.496,0.559,1,0.000,0.000,0.000,0.000,0.000,0.000,-0.078,0.045
241.41,0.477,0,0.490,0.556,1,0.000,0.000,0.000,0.000,0.000,0.000,-0.078,0.045
241.61,0.470,0,0.490,0.556,1,0.000,0.000,0.000,0.000,0.000,0.000,-0.077,0.033
241.81,0.480,0,0.490,0.556,1,0.000,0.000,0.000,0.000,0.000,0.000,-0.081,0.042
242.01,0.480,0,0.488,0.552,1,0.000,0.000,0.000,0.000,0.000,0.000,-0.078,0.046
242.21,0.476,0,0.488,0.552,1,0.000,0.000,0.000,0.000,0.000,0.000,-0.078,0.046
242.41,0.474,0,0.482,0.549,1,0.000,0.000,0.000,0.000,0.000,0.000,-0.084,0.043
242.61,0.470,0,0.482,0.549,1,0.000,0.000,0.000,0.000,0.000,0.000,-0.080,0.035
242.81,0.472,0,0.482,0.549,1,0.000,0.000,0.000,0.000,0.000,0.000,-0.082,0.035
243.01,0.472,0,0.484,0.550,1,0.000,0.000,0.000,0.000,0.000,0.000,-0.081,0.031
243.21,0.474,0,0.484,0.550,1,0.000,0.000,0.000,0.000,0.000,0.000,-0.081,0.031
243.41,0.474,0,0.484,0.551,1,0.000,0.000,0.000,0.000,0.000,0.000,-0.083,0.039
243.61,0.476,0,0.484,0.551,1,0.000,0.000,0.000,0.000,0.000,0.000,-0.088,0.041
243.81,0.476,0,0.484,0.551,1,0.000,0.000,0.000,0.000,0.000,0.000,-0.076,0.045
244.01,0.480,0,0.488,0.550,1,0.000,0.000,0.000,0.000,0.000,0.000,-0.076,0.045
244.21,0.476,0,0.488,0.550,1,0.000,0.000,0.000,0.000,0.000,0.000,-0.080,0.047
244.41,0.480,0,0.488,0.550,1,0.000,0.000,0.000,0.000,0.000,0.000,-0.082,0.040
244.61,0.470,0,0.488,0.550,1,0.000,0.000,0.000,0.000,0.000,0.000,-0.083,0.047
244.81,0.470,0,0.488,0.550,1,0.000,0.000,0.000,0.000,0.000,0.000,-0.076,0.022
245.01,0.479,0,0.487,0.551,1,0.000,0.000,0.000,0.000,0.000,0.000,-0.076,0.022
245.21,0.475,0,0.487,0.551,1,0.000,0.000,0.000,0.000,0.000,0.000,-0.081,0.034
245.41,0.472,0,0.491,0.554,1,0.000,0.000,0.000,0.000,0.000,0.000,-0.085,0.048
245.61,0.477,0,0.491,0.554,1,0.000,0.000,0.000,0.000,0.000,0.000,-0.085,0.041
245.81,0.477,0,0.491,0.554,1,0.000,0.000,0.000,0.000,0.000,0.000,-0.085,0.041
246.01,0.474,0,0.496,0.561,1,0.000,0.000,0.000,0.000,0.000,0.000,-0.075,0.028
246.21,0.491,0,0.496,0.561,1,0.000,0.000,0.000,0.000,0.000,0.000,-0.077,0.041
246.41,0.487,0,0.501,0.564,1,0.000,0.000,0.000,0.000,0.000,0.000,-0.080,0.048
246.61,0.487,0,0.501,0.564,1,0.000,0.000,0.000,0.000,0.000,0.000,-0.071,0.061
246.81,0.481,0,0.501,0.564,1,0.000,0.000,0.000,0.000,0.000,0.000,-0.071,0.061
247.01,0.488,0,0.498,0.563,1,0.000,0.000,0.000,0.000,0.000,0.000,-0.079,0.065
247.21,0.106,0,0.498,0.563,1,0.000,0.000,0.000,0.000,0.000,0.000,-0.079,0.076
247.41,0.477,0,0.515,0.581,1,0.000,0.000,0.000,0.000,0.000,0.000,-0.085,0.058
247.61,0.477,0,0.515,0.581,1,0.000,0.000,0.000,0.000,0.000,0.000,-0.083,0.063
247.81,0.486,0,0.515,0.581,1,0.000,0.000,0.000,0.000,0.000,0.000,-0.083,0.063
248.01,0.477,0,0.544,0.596,1,0.000,0.000,0.000,0.000,0.000,0.000,-0.080,0.059
248.21,0.472,0,0.544,0.596,1,0.000,0.000,0.000,0.000,0.000,0.000,-0.078,0.074
248.41,0.472,0,0.548,0.600,1,0.000,0.000,0.000,0.000,0.000,0.000,-0.077,0.047
248.61,0.481,0,0.548,0.600,1,0.000,0.000,0.000,0.000,0.000,0.000,-0.077,0.047
248.81,0.472,0,0.548,0.600,1,0.000,0.000,0.000,0.000,0.000,0.000,-0.062,0.043
249.01,0.489,0,0.523,0.578,1,0.000,0.000,0.000,0.000,0.000,0.000,-0.067,0.040
249.21,0.479,0,0.523,0.578,1,0.000,0.000,0.000,0.000,0.000,0.000,-0.068,0.043
249.41,0.479,0,0.502,0.569,1,0.000,0.000,0.000,0.000,0.000,0.000,-0.067,0.039
249.61,0.470,0,0.502,0.569,1,0.000,0.000,0.000,0.000,0.000,0.000,-0.067,0.039
249.81,0.493,0,0.502,0.569,1,0.000,0.000,0.000,0.000,0.000,0.000,-0.068,0.052
250.01,0.477,0,0.508,0.574,1,0.000,0.000,0.000,0.000,0.000,0.000,-0.070,0.045
250.21,0.477,0,0.508,0.574,1,0.000,0.000,0.000,0.000,0.000,0.000,-0.072,0.060
250.41,0.503,0,0.525,0.596,1,0.000,0.000,0.000,0.000,0.000,0.000,-0.072,0.060
250.61,0.477,0,0.525,0.596,1,0.000,0.000,0.000,0.000,0.000,0.000,-0.080,0.061
250.81,0.472,0,0.525,0.596,1,0.000,0.000,0.000,0.000,0.000,0.000,-0.074,0.059
251.01,0.514,0,0.522,0.588,1,0.000,0.000,0.000,0.000,0.000,0.000,-0.070,0.058
251.21,0.514,0,0.522,0.588,1,0.000,0.000,0.000,0.000,0.000,0.000,-0.067,0.058
251.41,0.472,0,0.517,0.585,1,0.000,0.000,0.000,0.000,0.000,0.000,-0.067,0.058
251.61,0.477,0,0.517,0.585,1,0.000,0.000,0.000,0.000,0.000,0.000,-0.061,0.044
251.81,0.475,0,0.517,0.585,1,0.000,0.000,0.000,0.000,0.000,0.000,-0.070,0.050
252.01,0.470,0,0.527,0.595,1,0.000,0.000,0.000,0.000,0.000,0.000,-0.069,0.054
252.21,0.470,0,0.527,0.595,1,0.000,0.000,0.000,0.000,0.000,0.000,-0.066,0.069
252.41,0.477,0,0.531,0.596,1,0.000,0.000,0.000,0.000,0.000,0.000,-0.066,0.069
252.61,0.481,0,0.531,0.596,1,0.000,0.000,0.000,0.000,0.000,0.000,-0.071,0.064
252.81,0.472,0,0.531,0.596,1,0.000,0.000,0.000,0.000,0.000,0.000,-0.075,0.027
253.01,0.472,0,0.527,0.596,1,0.000,0.000,0.000,0.000,0.000,0.000,-0.079,0.036
253.21,0.472,0,0.527,0.596,1,0.000,0.000,0.000,0.000,0.000,0.000,-0.079,0.036
253.41,0.488,0,0.524,0.590,1,0.000,0.000,0.000,0.000,0.000,0.000,-0.082,0.031
253.61,0.472,0,0.524,0.590,1,0.000,0.000,0.000,0.000,0.000,0.000,-0.077,0.029
253.81,0.484,0,0.524,0.590,1,0.000,0.000,0.000,0.000,0.000,0.000,-0.077,0.036
254.01,0.484,0,0.525,0.590,1,0.000,0.000,0.000,0.000,0.000,0.000,-0.073,0.044
254.21,0.514,0,0.525,0.590,1,0.000,0.000,0.000,0.000,0.000,0.000,-0.073,0.044
254.41,0.484,0,0.521,0.589,1,0.000,0.000,0.000,0.000,0.000,0.000,-0.069,0.048
254.61,0.482,0,0.521,0.589,1,0.000,0.000,0.000,0.000,0.000,0.000,-0.074,0.043
254.81,0.482,0,0.521,0.589,1,0.000,0.000,0.000,0.000,0.000,0.000,-0.075,0.038
255.01,0.509,0,0.517,0.588,1,0.000,0.000,0.000,0.000,0.000,0.000,-0.075,0.038
255.21,0.477,0,0.517,0.588,1,0.000,0.000,0.000,0.000,0.000,0.000,-0.074,0.038
255.41,0.477,0,0.522,0.588,1,0.000,0.000,0.000,0.000,0.000,0.000,-0.077,0.030
255.61,0.487,0,0.522,0.588,1,0.000,0.000,0.000,0.000,0.000,0.000,-0.078,0.037
255.81,0.487,0,0.522,0.588,1,0.000,0.000,0.000,0.000,0.000,0.000,-0.083,0.045
256.01,0.475,0,0.522,0.589,1,0.000,0.000,0.000,0.000,0.000,0.000,-0.083,0.045
256.21,0.474,0,0.522,0.589,1,0.000,0.000,0.000,0.000,0.000,0.000,-0.078,0.048
256.41,0.518,0,0.526,0.591,1,0.000,0.000,0.000,0.000,0.000,0.000,-0.083,0.044
256.61,0.481,0,0.526,0.591,1,0.000,0.000,0.000,0.000,0.000,0.000,-0.081,0.046
256.81,0.481,0,0.526,0.591,1,0.000,0.000,0.000,0.000,0.000,0.000,-0.081,0.046
257.01,0.479,0,0.526,0.591,1,0.000,0.000,0.000,0.000,0.000,0.000,-0.078,0.064
257.21,0.515,0,0.526,0.591,1,0.000,0.000,0.000,0.000,0.000,0.000,-0.072,0.034
257.41,0.482,0,0.524,0.590,1,0.000,0.000,0.000,0.000,0.000,0.000,-0.070,0.041
257.61,0.482,0,0.524,0.590,1,0.000,0.000,0.000,0.000,0.000,0.000,-0.074,0.053
257.81,0.512,0,0.524,0.590,1,0.000,0.000,0.000,0.000,0.000,0.000,-0.074,0.053
258.01,0.472,0,0.524,0.590,1,0.000,0.000,0.000,0.000,0.000,0.000,-0.077,0.066
258.21,0.482,0,0.524,0.590,1,0.000,0.000,0.000,0.000,0.000,0.000,-0.083,0.051
258.41,0.481,0,0.525,0.590,1,0.000,0.000,0.000,0.000,0.000,0.000,-0.080,0.052
258.61,0.481,0,0.525,0.590,1,0.000,0.000,0.000,0.000,0.000,0.000,-0.082,0.058
258.81,0.477,0,0.525,0.590,1,0.000,0.000,0.000,0.000,0.000,0.000,-0.082,0.058
259.01,0.481,0,0.526,0.591,1,0.000,0.000,0.000,0.000,0.000,0.000,-0.080,0.041
259.21,0.472,0,0.526,0.591,1,0.000,0.000,0.000,0.000,0.000,0.000,-0.080,0.014
259.41,0.472,0,0.522,0.585,1,0.000,0.000,0.000,0.000,0.000,0.000,-0.077,0.031
259.61,0.475,0,0.522,0.585,1,0.000,0.000,0.000,0.000,0.000,0.000,-0.077,0.031
259.81,0.479,0,0.522,0.585,1,0.000,0.000,0.000,0.000,0.000,0.000,-0.083,0.053
260.01,0.477,0,0.503,0.578,1,0.000,0.000,0.000,0.000,0.000,0.000,-0.074,0.031
260.21,0.484,0,0.503,0.578,1,0.000,0.000,0.000,0.000,0.000,0.000,-0.074,0.033
260.41,0.484,0,0.520,0.590,1,0.000,0.000,0.000,0.000,0.000,0.000,-0.076,0.043
260.61,0.484,0,0.520,0.590,1,0.000,0.000,0.000,0.000,0.000,0.000,-0.076,0.043
260.81,0.470,0,0.520,0.590,1,0.000,0.000,0.000,0.000,0.000,0.000,-0.075,0.046
261.01,0.477,0,0.528,0.594,1,0.000,0.000,0.000,0.000,0.000,0.000,-0.077,0.053
261.21,0.477,0,0.528,0.594,1,0.000,0.000,0.000,0.000,0.000,0.000,-0.075,0.042
261.41,0.475,0,0.524,0.591,1,0.000,0.000,0.000,0.000,0.000,0.000,-0.070,0.032
261.61,0.477,0,0.524,0.591,1,0.000,0.000,0.000,0.000,0.000,0.000,-0.070,0.032
261.81,0.472,0,0.524,0.591,1,0.000,0.000,0.000,0.000,0.000,0.000,-0.078,0.034
262.01,0.477,0,0.525,0.594,1,0.000,0.000,0.000,0.000,0.000,0.000,-0.077,0.035
262.21,0.477,0,0.525,0.594,1,0.000,0.000,0.000,0.000,0.000,0.000,-0.077,0.043
262.41,0.486,0,0.532,0.599,1,0.000,0.000,0.000,0.000,0.000,0.000,-0.077,0.043
262.61,0.481,0,0.532,0.599,1,0.000,0.000,0.000,0.000,0.000,0.000,-0.076,0.041
262.81,0.477,0,0.532,0.599,1,0.000,0.000,0.000,0.000,0.000,0.000,-0.071,0.045
263.01,0.484,0,0.537,0.601,1,0.000,0.000,0.000,0.000,0.000,0.000,-0.082,0.052
263.21,0.484,0,0.537,0.601,1,0.000,0.000,0.000,0.000,0.000,0.000,-0.078,0.051
263.41,0.520,0,0.528,0.595,1,0.000,0.000,0.000,0.000,0.000,0.000,-0.078,0.051
263.61,0.479,0,0.528,0.595,1,0.000,0.000,0.000,0.000,0.000,0.000,-0.078,0.061
263.81,0.489,0,0.528,0.595,1,0.000,0.000,0.000,0.000,0.000,0.000,-0.079,0.059
264.01,0.489,0,0.530,0.600,1,0.000,0.000,0.000,0.000,0.000,0.000,-0.079,0.047
264.21,0.486,0,0.530,0.600,1,0.000,0.000,0.000,0.000,0.000,0.000,-0.079,0.047
264.41,0.470,0,0.527,0.598,1,0.000,0.000,0.000,0.000,0.000,0.000,-0.080,0.042
264.61,0.477,0,0.527,0.598,1,0.000,0.000,0.000,0.000,0.000,0.000,-0.071,0.044
264.81,0.524,0,0.527,0.598,1,0.000,0.000,0.000,0.000,0.000,0.000,-0.072,0.047
265.01,0.524,0,0.532,0.577,1,0.000,0.000,0.000,0.000,0.000,0.000,-0.076,0.051
265.21,0.477,0,0.532,0.577,1,0.000,0.000,0.000,0.000,0.000,0.000,-0.076,0.051
265.41,0.472,0,0.508,0.560,1,0.000,0.000,0.000,0.000,0.000,0.000,-0.077,0.048
265.61,0.481,0,0.508,0.560,1,0.000,0.000,0.000,0.000,0.000,0.000,-0.075,0.054
265.81,0.481,0,0.508,0.560,1,0.000,0.000,0.000,0.000,0.000,0.000,-0.084,0.046
266.01,0.475,0,0.483,0.543,1,0.000,0.000,0.000,0.000,0.000,0.000,-0.084,0.046
266.21,0.466,0,0.483,0.543,1,0.000,0.000,0.000,0.000,0.000,0.000,-0.079,0.055
266.41,0.105,0,0.473,0.533,1,0.000,0.000,0.000,0.000,0.000,0.000,-0.074,0.041
266.61,0.465,0,0.473,0.533,1,0.000,0.000,0.000,0.000,0.000,0.000,-0.079,0.037
266.81,0.465,0,0.473,0.533,1,0.000,0.000,0.000,0.000,0.000,0.000,-0.079,0.048
267.01,0.467,0,0.476,0.535,1,0.000,0.000,0.000,0.000,0.000,0.000,-0.079,0.048
267.21,0.466,0,0.476,0.535,1,0.000,0.000,0.000,0.000,0.000,0.000,-0.084,0.053
267.41,0.468,0,0.477,0.536,1,0.000,0.000,0.000,0.000,0.000,0.000,-0.072,0.048
267.61,0.469,0,0.477,0.536,1,0.000,0.000,0.000,0.000,0.000,0.000,-0.077,0.046
267.81,0.469,0,0.477,0.536,1,0.000,0.000,0.000,0.000,0.000,0.000,-0.077,0.052
268.01,0.468,0,0.477,0.540,1,0.000,0.000,0.000,0.000,0.000,0.000,-0.077,0.052
268.21,0.471,0,0.477,0.540,1,0.000,0.000,0.000,0.000,0.000,0.000,-0.077,0.061
268.41,0.471,0,0.480,0.542,1,0.000,0.000,0.000,0.000,0.000,0.000,-0.073,0.048
268.61,0.471,0,0.480,0.542,1,0.000,0.000,0.000,0.000,0.000,0.000,-0.082,0.052
268.81,0.473,0,0.480,0.542,1,0.000,0.000,0.000,0.000,0.000,0.000,-0.082,0.052
269.01,0.474,0,0.483,0.541,1,0.000,0.000,0.000,0.000,0.000,0.000,-0.077,0.053
269.21,0.469,0,0.483,0.541,1,0.000,0.000,0.000,0.000,0.000,0.000,-0.079,0.059
269.41,0.470,0,0.479,0.539,1,0.000,0.000,0.000,0.000,0.000,0.000,-0.079,0.057
269.61,0.470,0,0.479,0.539,1,0.000,0.000,0.000,0.000,0.000,0.000,-0.078,0.049
269.81,0.470,0,0.479,0.539,1,0.000,0.000,0.000,0.000,0.000,0.000,-0.078,0.049
270.01,0.470,0,0.479,0.534,1,0.000,0.000,0.000,0.000,0.000,0.000,-0.077,0.048
270.21,0.469,0,0.479,0.534,1,0.000,0.000,0.000,0.000,0.000,0.000,-0.074,0.054
270.41,0.469,0,0.474,0.529,1,0.000,0.000,0.000,0.000,0.000,0.000,-0.078,0.058
270.61,0.465,0,0.474,0.529,1,0.000,0.000,0.000,0.000,0.000,0.000,-0.078,0.058
270.81,0.464,0,0.474,0.529,1,0.000,0.000,0.000,0.000,0.000,0.000,-0.073,0.062
271.01,0.464,0,0.473,0.527,1,0.000,0.000,0.000,0.000,0.000,0.000,-0.077,0.061
271.21,0.463,0,0.473,0.527,1,0.000,0.000,0.000,0.000,0.000,0.000,-0.075,0.060
271.41,0.463,0,0.468,0.515,1,0.000,0.000,0.000,0.000,0.000,0.000,-0.080,0.063
271.61,0.459,0,0.468,0.515,1,0.000,0.000,0.000,0.000,0.000,0.000,-0.080,0.063
271.81,0.446,0,0.468,0.515,1,0.000,0.000,0.000,0.000,0.000,0.000,-0.078,0.044
272.01,0.445,0,0.454,0.509,1,0.000,0.000,0.000,0.000,0.000,0.000,-0.078,0.065
272.21,0.445,0,0.454,0.509,1,0.000,0.000,0.000,0.000,0.000,0.000,-0.079,0.045
272.41,0.444,0,0.456,0.509,1,0.000,0.000,0.000,0.000,0.000,0.000,-0.079,0.045
272.61,0.447,0,0.456,0.509,1,0.000,0.000,0.000,0.000,0.000,0.000,-0.076,0.038
272.81,0.446,0,0.456,0.509,1,0.000,0.000,0.000,0.000,0.000,0.000,-0.081,0.043
273.01,0.446,0,0.455,0.509,1,0.000,0.000,0.000,0.000,0.000,0.000,-0.076,0.046
273.21,0.446,0,0.455,0.509,1,0.000,0.000,0.000,0.000,0.000,0.000,-0.081,0.049
273.41,0.447,0,0.456,0.512,1,0.000,0.000,0.000,0.000,0.000,0.000,-0.081,0.049
273.61,0.453,0,0.456,0.512,1,0.000,0.000,0.000,0.000,0.000,0.000,-0.078,0.046
273.81,0.451,0,0.456,0.512,1,0.000,0.000,0.000,0.000,0.000,0.000,-0.077,0.046
274.01,0.454,0,0.460,0.513,1,0.000,0.000,0.000,0.000,0.000,0.000,-0.075,0.051
274.21,0.454,0,0.460,0.513,1,0.000,0.000,0.000,0.000,0.000,0.000,-0.074,0.046
274.41,0.456,0,0.465,0.513,1,0.000,0.000,0.000,0.000,0.000,0.000,-0.074,0.046
274.61,0.454,0,0.465,0.513,1,0.000,0.000,0.000,0.000,0.000,0.000,-0.075,0.049
274.81,0.459,0,0.465,0.513,1,0.000,0.000,0.000,0.000,0.000,0.000,-0.071,0.054
275.01,0.459,0,0.468,0.514,1,0.000,0.000,0.000,0.000,0.000,0.000,-0.070,0.054
275.21,0.458,0,0.468,0.514,1,0.000,0.000,0.000,0.000,0.000,0.000,-0.070,0.054
275.41,0.459,0,0.468,0.517,1,0.000,0.000,0.000,0.000,0.000,0.000,-0.076,0.056
275.61,0.460,0,0.468,0.517,1,0.000,0.000,0.000,0.000,0.000,0.000,-0.076,0.056
275.81,0.459,0,0.468,0.517,1,0.000,0.000,0.000,0.000,0.000,0.000,-0.072,0.049
276.01,0.459,0,0.468,0.516,1,0.000,0.000,0.000,0.000,0.000,0.000,-0.072,0.056
276.21,0.460,0,0.468,0.516,1,0.000,0.000,0.000,0.000,0.000,0.000,-0.072,0.056
276.41,0.460,0,0.469,0.516,1,0.000,0.000,0.000,0.000,0.000,0.000,-0.072,0.058
276.61,0.459,0,0.469,0.516,1,0.000,0.000,0.000,0.000,0.000,0.000,-0.075,0.066
276.81,0.459,0,0.469,0.516,1,0.000,0.000,0.000,0.000,0.000,0.000,-0.077,0.056
277.01,0.460,0,0.469,0.517,1,0.000,0.000,0.000,0.000,0.000,0.000,-0.077,0.056
277.21,0.458,0,0.469,0.517,1,0.000,0.000,0.000,0.000,0.000,0.000,-0.076,0.056
277.41,0.461,0,0.470,0.517,1,0.000,0.000,0.000,0.000,0.000,0.000,-0.074,0.044
277.61,0.460,0,0.470,0.517,1,0.000,0.000,0.000,0.000,0.000,0.000,-0.077,0.056
277.81,0.460,0,0.470,0.517,1,0.000,0.000,0.000,0.000,0.000,0.000,-0.073,0.052
278.01,0.106,0,0.466,0.516,1,0.000,0.000,0.000,0.000,0.000,0.000,-0.073,0.052
278.21,0.461,0,0.466,0.516,1,0.000,0.000,0.000,0.000,0.000,0.000,-0.073,0.054
278.41,0.458,0,0.467,0.515,1,0.000,0.000,0.000,0.000,0.000,0.000,-0.075,0.055
278.61,0.458,0,0.467,0.515,1,0.000,0.000,0.000,0.000,0.000,0.000,-0.074,0.060
278.81,0.458,0,0.467,0.515,1,0.000,0.000,0.000,0.000,0.000,0.000,-0.074,0.060
279.01,0.460,0,0.469,0.516,1,0.000,0.000,0.000,0.000,0.000,0.000,-0.075,0.055
279.21,0.457,0,0.469,0.516,1,0.000,0.000,0.000,0.000,0.000,0.000,-0.079,0.059
279.41,0.459,0,0.468,0.516,1,0.000,0.000,0.000,0.000,0.000,0.000,-0.080,0.062
279.61,0.459,0,0.468,0.516,1,0.000,0.000,0.000,0.000,0.000,0.000,-0.074,0.048
279.81,0.459,0,0.468,0.516,1,0.000,0.000,0.000,0.000,0.000,0.000,-0.074,0.048
280.01,0.460,0,0.469,0.516,1,0.000,0.000,0.000,0.000,0.000,0.000,-0.077,0.059
280.21,0.459,0,0.469,0.516,1,0.000,0.000,0.000,0.000,0.000,0.000,-0.077,0.063
280.41,0.461,0,0.470,0.517,1,0.000,0.000,0.000,0.000,0.000,0.000,-0.080,0.056
280.61,0.461,0,0.470,0.517,1,0.000,0.000,0.000,0.000,0.000,0.000,-0.083,0.058
280.81,0.462,0,0.470,0.517,1,0.000,0.000,0.000,0.000,0.000,0.000,-0.083,0.058
281.01,0.463,0,0.472,0.518,1,0.000,0.000,0.000,0.000,0.000,0.000,-0.079,0.060
281.21,0.461,0,0.472,0.518,1,0.000,0.000,0.000,0.000,0.000,0.000,-0.072,0.062
281.41,0.461,0,0.471,0.518,1,0.000,0.000,0.000,0.000,0.000,0.000,-0.072,0.062
281.61,0.462,0,0.471,0.518,1,0.000,0.000,0.000,0.000,0.000,0.000,-0.072,0.062
281.81,0.462,0,0.471,0.518,1,0.000,0.000,0.000,0.000,0.000,0.000,-0.075,0.064
282.01,0.461,0,0.470,0.518,1,0.000,0.000,0.000,0.000,0.000,0.000,-0.071,0.064
282.21,0.461,0,0.470,0.518,1,0.000,0.000,0.000,0.000,0.000,0.000,-0.075,0.062
282.41,0.461,0,0.471,0.518,1,0.000,0.000,0.000,0.000,0.000,0.000,-0.069,0.065
282.61,0.462,0,0.471,0.518,1,0.000,0.000,0.000,0.000,0.000,0.000,-0.069,0.065
282.81,0.459,0,0.471,0.518,1,0.000,0.000,0.000,0.000,0.000,0.000,-0.076,0.064
283.01,0.460,0,0.469,0.520,1,0.000,0.000,0.000,0.000,0.000,0.000,-0.076,0.058
283.21,0.460,0,0.469,0.520,1,0.000,0.000,0.000,0.000,0.000,0.000,-0.072,0.061
283.41,0.460,0,0.469,0.523,1,0.000,0.000,0.000,0.000,0.000,0.000,-0.072,0.061
283.61,0.462,0,0.469,0.523,1,0.000,0.000,0.000,0.000,0.000,0.000,-0.076,0.063
283.81,0.470,0,0.469,0.523,1,0.000,0.000,0.000,0.000,0.000,0.000,-0.078,0.051
284.01,0.477,0,0.479,0.558,1,0.000,0.000,0.000,0.000,0.000,0.000,-0.076,0.041
284.21,0.477,0,0.479,0.558,1,0.000,0.000,0.000,0.000,0.000,0.000,-0.073,0.042
284.41,0.485,0,0.510,0.571,1,0.000,0.000,0.000,0.000,0.000,0.000,-0.073,0.042
284.61,0.511,0,0.510,0.571,1,0.000,0.000,0.000,0.000,0.000,0.000,-0.078,0.040
284.81,0.470,0,0.510,0.571,1,0.000,0.000,0.000,0.000,0.000,0.000,-0.075,0.042
285.01,0.470,0,0.525,0.587,1,0.000,0.000,0.000,0.000,0.000,0.000,-0.078,0.049
285.21,0.488,0,0.525,0.587,1,0.000,0.000,0.000,0.000,0.000,0.000,-0.078,0.049
285.41,0.472,0,0.544,0.607,1,0.000,0.000,0.000,0.000,0.000,0.000,-0.074,0.042
285.61,0.477,0,0.544,0.607,1,0.000,0.000,0.000,0.000,0.000,0.000,-0.078,0.049
285.81,0.477,0,0.544,0.607,1,0.000,0.000,0.000,0.000,0.000,0.000,-0.075,0.054
286.01,0.477,0,0.535,0.598,1,0.000,0.000,0.000,0.000,0.000,0.000,-0.079,0.055
286.21,0.479,0,0.535,0.598,1,0.000,0.000,0.000,0.000,0.000,0.000,-0.079,0.055
286.41,0.484,0,0.504,0.581,1,0.000,0.000,0.000,0.000,0.000,0.000,-0.074,0.040
286.61,0.470,0,0.504,0.581,1,0.000,0.000,0.000,0.000,0.000,0.000,-0.080,0.044
286.81,0.470,0,0.504,0.581,1,0.000,0.000,0.000,0.000,0.000,0.000,-0.080,0.054
287.01,0.482,0,0.519,0.589,1,0.000,0.000,0.000,0.000,0.000,0.000,-0.079,0.051
287.21,0.477,0,0.519,0.589,1,0.000,0.000,0.000,0.000,0.000,0.000,-0.079,0.051
287.41,0.475,0,0.513,0.583,1,0.000,0.000,0.000,0.000,0.000,0.000,-0.076,0.047
287.61,0.105,0,0.513,0.583,1,0.000,0.000,0.000,0.000,0.000,0.000,-0.078,0.054
287.81,0.105,0,0.513,0.583,1,0.000,0.000,0.000,0.000,0.000,0.000,-0.076,0.054
288.01,0.488,0,0.524,0.591,1,0.000,0.000,0.000,0.000,0.000,0.000,-0.076,0.054
288.21,0.479,0,0.524,0.591,1,0.000,0.000,0.000,0.000,0.000,0.000,-0.070,0.052
288.41,0.470,0,0.516,0.582,1,0.000,0.000,0.000,0.000,0.000,0.000,-0.078,0.049
288.61,0.486,0,0.516,0.582,1,0.000,0.000,0.000,0.000,0.000,0.000,-0.075,0.044
288.81,0.486,0,0.516,0.582,1,0.000,0.000,0.000,0.000,0.000,0.000,-0.076,0.036
289.01,0.475,0,0.521,0.588,1,0.000,0.000,0.000,0.000,0.000,0.000,-0.076,0.036
289.21,0.512,0,0.521,0.588,1,0.000,0.000,0.000,0.000,0.000,0.000,-0.075,0.029
289.41,0.479,0,0.513,0.579,1,0.000,0.000,0.000,0.000,0.000,0.000,-0.079,0.034
289.61,0.479,0,0.513,0.579,1,0.000,0.000,0.000,0.000,0.000,0.000,-0.072,0.041
289.81,0.474,0,0.513,0.579,1,0.000,0.000,0.000,0.000,0.000,0.000,-0.072,0.041
290.01,0.506,0,0.514,0.587,1,0.000,0.000,0.000,0.000,0.000,0.000,-0.078,0.026
290.21,0.488,0,0.514,0.587,1,0.000,0.000,0.000,0.000,0.000,0.000,-0.078,0.031
290.41,0.106,0,0.532,0.598,1,0.000,0.000,0.000,0.000,0.000,0.000,-0.079,0.029
290.61,0.106,0,0.532,0.598,1,0.000,0.000,0.000,0.000,0.000,0.000,-0.079,0.026
290.81,0.472,0,0.532,0.598,1,0.000,0.000,0.000,0.000,0.000,0.000,-0.079,0.026
291.01,0.477,0,0.535,0.604,1,0.000,0.000,0.000,0.000,0.000,0.000,-0.077,0.024
291.21,0.481,0,0.535,0.604,1,0.000,0.000,0.000,0.000,0.000,0.000,-0.081,0.024
291.41,0.481,0,0.545,0.610,1,0.000,0.000,0.000,0.000,0.000,0.000,-0.074,0.027
291.61,0.481,0,0.545,0.610,1,0.000,0.000,0.000,0.000,0.000,0.000,-0.074,0.027
291.81,0.472,0,0.545,0.610,1,0.000,0.000,0.000,0.000,0.000,0.000,-0.076,0.029
292.01,0.488,0,0.542,0.609,1,0.000,0.000,0.000,0.000,0.000,0.000,-0.075,0.026
292.21,0.472,0,0.542,0.609,1,0.000,0.000,0.000,0.000,0.000,0.000,-0.075,0.024
292.41,0.472,0,0.538,0.609,1,0.000,0.000,0.000,0.000,0.000,0.000,-0.075,0.030
292.61,0.475,0,0.538,0.609,1,0.000,0.000,0.000,0.000,0.000,0.000,-0.075,0.030
292.81,0.532,0,0.538,0.609,1,0.000,0.000,0.000,0.000,0.000,0.000,-0.078,0.014
293.01,0.472,0,0.537,0.607,1,0.000,0.000,0.000,0.000,0.000,0.000,-0.083,0.020
293.21,0.472,0,0.537,0.607,1,0.000,0.000,0.000,0.000,0.000,0.000,-0.075,0.029
293.41,0.529,0,0.536,0.604,1,0.000,0.000,0.000,0.000,0.000,0.000,-0.077,0.029
293.61,0.484,0,0.536,0.604,1,0.000,0.000,0.000,0.000,0.000,0.000,-0.077,0.029
293.81,0.488,0,0.536,0.604,1,0.000,0.000,0.000,0.000,0.000,0.000,-0.074,0.022
294.01,0.470,0,0.542,0.603,1,0.000,0.000,0.000,0.000,0.000,0.000,-0.074,0.023
294.21,0.470,0,0.542,0.603,1,0.000,0.000,0.000,0.000,0.000,0.000,-0.078,0.031
294.41,0.479,0,0.533,0.602,1,0.000,0.000,0.000,0.000,0.000,0.000,-0.078,0.031
294.61,0.481,0,0.533,0.602,1,0.000,0.000,0.000,0.000,0.000,0.000,-0.072,0.027
294.81,0.479,0,0.533,0.602,1,0.000,0.000,0.000,0.000,0.000,0.000,-0.072,0.038
295.01,0.486,0,0.536,0.601,1,0.000,0.000,0.000,0.000,0.000,0.000,-0.075,0.029
295.21,0.486,0,0.536,0.601,1,0.000,0.000,0.000,0.000,0.000,0.000,-0.078,0.040
295.41,0.477,0,0.516,0.597,1,0.000,0.000,0.000,0.000,0.000,0.000,-0.078,0.040
295.61,0.474,0,0.516,0.597,1,0.000,0.000,0.000,0.000,0.000,0.000,-0.073,0.034
295.81,0.486,0,0.516,0.597,1,0.000,0.000,0.000,0.000,0.000,0.000,-0.072,0.024
296.01,0.486,0,0.531,0.594,1,0.000,0.000,0.000,0.000,0.000,0.000,-0.075,0.051
296.21,0.472,0,0.531,0.594,1,0.000,0.000,0.000,0.000,0.000,0.000,-0.075,0.051
296.41,0.482,0,0.525,0.594,1,0.000,0.000,0.000,0.000,0.000,0.000,-0.073,0.052
296.61,0.484,0,0.525,0.594,1,0.000,0.000,0.000,0.000,0.000,0.000,-0.069,0.033
296.81,0.475,0,0.525,0.594,1,0.000,0.000,0.000,0.000,0.000,0.000,-0.073,0.044
297.01,0.475,0,0.531,0.597,1,0.000,0.000,0.000,0.000,0.000,0.000,-0.071,0.050
297.21,0.472,0,0.531,0.597,1,0.000,0.000,0.000,0.000,0.000,0.000,-0.071,0.050
297.41,0.484,0,0.527,0.596,1,0.000,0.000,0.000,0.000,0.000,0.000,-0.072,0.055
297.61,0.481,0,0.527,0.596,1,0.000,0.000,0.000,0.000,0.000,0.000,-0.072,0.046
297.81,0.481,0,0.527,0.596,1,0.000,0.000,0.000,0.000,0.000,0.000,-0.073,0.046
298.01,0.475,0,0.533,0.598,1,0.000,0.000,0.000,0.000,0.000,0.000,-0.073,0.046
298.21,0.472,0,0.533,0.598,1,0.000,0.000,0.000,0.000,0.000,0.000,-0.078,0.044
298.41,0.479,0,0.535,0.603,1,0.000,0.000,0.000,0.000,0.000,0.000,-0.076,0.036
298.61,0.479,0,0.535,0.603,1,0.000,0.000,0.000,0.000,0.000,0.000,-0.076,0.037
298.81,0.479,0,0.535,0.603,1,0.000,0.000,0.000,0.000,0.000,0.000,-0.074,0.035
299.01,0.477,0,0.540,0.606,1,0.000,0.000,0.000,0.000,0.000,0.000,-0.074,0.035
299.21,0.106,0,0.540,0.606,1,0.000,0.000,0.000,0.000,0.000,0.000,-0.073,0.034
299.41,0.472,0,0.535,0.602,1,0.000,0.000,0.000,0.000,0.000,0.000,-0.073,0.028
299.61,0.472,0,0.535,0.602,1,0.000,0.000,0.000,0.000,0.000,0.000,-0.076,0.027
299.81,0.470,0,0.535,0.602,1,0.000,0.000,0.000,0.000,0.000,0.000,-0.076,0.027
300.01,0.475,0,0.529,0.597,1,0.000,0.000,0.000,0.000,0.000,0.000,-0.075,0.055
300.21,0.477,0,0.529,0.597,1,0.000,0.000,0.000,0.000,0.000,0.000,-0.077,0.059
300.41,0.475,0,0.524,0.590,1,0.000,0.000,0.000,0.000,0.000,0.000,-0.075,0.042
300.61,0.475,0,0.524,0.590,1,0.000,0.000,0.000,0.000,0.000,0.000,-0.072,0.039
300.81,0.472,0,0.524,0.590,1,0.000,0.000,0.000,0.000,0.000,0.000,-0.072,0.039
301.01,0.472,0,0.517,0.593,1,0.000,0.000,0.000,0.000,0.000,0.000,-0.076,0.034
301.21,0.106,0,0.517,0.593,1,0.000,0.000,0.000,0.000,0.000,0.000,-0.074,0.036
301.41,0.524,0,0.532,0.599,1,0.000,0.000,0.000,0.000,0.000,0.000,-0.074,0.037
301.61,0.524,0,0.532,0.599,1,0.000,0.000,0.000,0.000,0.000,0.000,-0.076,0.036
301.81,0.486,0,0.532,0.599,1,0.000,0.000,0.000,0.000,0.000,0.000,-0.076,0.036
302.01,0.517,0,0.525,0.599,1,0.000,0.000,0.000,0.000,0.000,0.000,-0.076,0.043
302.21,0.472,0,0.525,0.599,1,0.000,0.000,0.000,0.000,0.000,0.000,-0.075,0.048
302.41,0.472,0,0.528,0.601,1,0.000,0.000,0.000,0.000,0.000,0.000,-0.077,0.048
302.61,0.472,0,0.528,0.601,1,0.000,0.000,0.000,0.000,0.000,0.000,-0.077,0.048
302.81,0.482,0,0.528,0.601,1,0.000,0.000,0.000,0.000,0.000,0.000,-0.069,0.033
303.01,0.105,0,0.526,0.595,1,0.000,0.000,0.000,0.000,0.000,0.000,-0.078,0.028
303.21,0.518,0,0.526,0.595,1,0.000,0.000,0.000,0.000,0.000,0.000,-0.074,0.031
303.41,0.518,0,0.524,0.594,1,0.000,0.000,0.000,0.000,0.000,0.000,-0.076,0.034
303.61,0.472,0,0.524,0.594,1,0.000,0.000,0.000,0.000,0.000,0.000,-0.076,0.034
303.81,0.520,0,0.524,0.594,1,0.000,0.000,0.000,0.000,0.000,0.000,-0.073,0.034
304.01,0.485,0,0.528,0.597,1,0.000,0.000,0.000,0.000,0.000,0.000,-0.079,0.034
304.21,0.485,0,0.528,0.597,1,0.000,0.000,0.000,0.000,0.000,0.000,-0.075,0.033
304.41,0.477,0,0.530,0.598,1,0.000,0.000,0.000,0.000,0.000,0.000,-0.075,0.033
304.61,0.470,0,0.530,0.598,1,0.000,0.000,0.000,0.000,0.000,0.000,-0.078,0.036
304.81,0.487,0,0.530,0.598,1,0.000,0.000,0.000,0.000,0.000,0.000,-0.076,0.048
305.01,0.523,0,0.531,0.599,1,0.000,0.000,0.000,0.000,0.000,0.000,-0.070,0.034
305.21,0.523,0,0.531,0.599,1,0.000,0.000,0.000,0.000,0.000,0.000,-0.079,0.033
305.41,0.522,0,0.530,0.590,1,0.000,0.000,0.000,0.000,0.000,0.000,-0.079,0.033
305.61,0.472,0,0.530,0.590,1,0.000,0.000,0.000,0.000,0.000,0.000,-0.076,0.043
305.81,0.488,0,0.530,0.590,1,0.000,0.000,0.000,0.000,0.000,0.000,-0.075,0.052
306.01,0.488,0,0.522,0.585,1,0.000,0.000,0.000,0.000,0.000,0.000,-0.077,0.044
306.21,0.472,0,0.522,0.585,1,0.000,0.000,0.000,0.000,0.000,0.000,-0.077,0.044
306.41,0.470,0,0.521,0.593,1,0.000,0.000,0.000,0.000,0.000,0.000,-0.076,0.045
306.61,0.477,0,0.521,0.593,1,0.000,0.000,0.000,0.000,0.000,0.000,-0.076,0.052
306.81,0.481,0,0.521,0.593,1,0.000,0.000,0.000,0.000,0.000,0.000,-0.074,0.047
307.01,0.481,0,0.534,0.600,1,0.000,0.000,0.000,0.000,0.000,0.000,-0.078,0.053
307.21,0.488,0,0.534,0.600,1,0.000,0.000,0.000,0.000,0.000,0.000,-0.078,0.053
307.41,0.488,0,0.525,0.596,1,0.000,0.000,0.000,0.000,0.000,0.000,-0.076,0.052
307.61,0.517,0,0.525,0.596,1,0.000,0.000,0.000,0.000,0.000,0.000,-0.077,0.059
307.81,0.517,0,0.525,0.596,1,0.000,0.000,0.000,0.000,0.000,0.000,-0.069,0.061
308.01,0.484,0,0.523,0.597,1,0.000,0.000,0.000,0.000,0.000,0.000,-0.069,0.061
308.21,0.481,0,0.523,0.597,1,0.000,0.000,0.000,0.000,0.000,0.000,-0.074,0.045
308.41,0.481,0,0.532,0.600,1,0.000,0.000,0.000,0.000,0.000,0.000,-0.072,0.051
308.61,0.472,0,0.532,0.600,1,0.000,0.000,0.000,0.000,0.000,0.000,-0.073,0.054
308.81,0.472,0,0.532,0.600,1,0.000,0.000,0.000,0.000,0.000,0.000,-0.071,0.052
309.01,0.488,0,0.523,0.590,1,0.000,0.000,0.000,0.000,0.000,0.000,-0.071,0.052
309.21,0.489,0,0.523,0.590,1,0.000,0.000,0.000,0.000,0.000,0.000,-0.075,0.053
309.41,0.472,0,0.513,0.587,1,0.000,0.000,0.000,0.000,0.000,0.000,-0.076,0.058
309.61,0.472,0,0.513,0.587,1,0.000,0.000,0.000,0.000,0.000,0.000,-0.070,0.057
309.81,0.470,0,0.513,0.587,1,0.000,0.000,0.000,0.000,0.000,0.000,-0.070,0.057
310.01,0.472,0,0.512,0.585,1,0.000,0.000,0.000,0.000,0.000,0.000,-0.077,0.055
310.21,0.482,0,0.512,0.585,1,0.000,0.000,0.000,0.000,0.000,0.000,-0.073,0.052
310.41,0.514,0,0.522,0.592,1,0.000,0.000,0.000,0.000,0.000,0.000,-0.076,0.059
310.61,0.514,0,0.522,0.592,1,0.000,0.000,0.000,0.000,0.000,0.000,-0.070,0.057
310.81,0.474,0,0.522,0.592,1,0.000,0.000,0.000,0.000,0.000,0.000,-0.070,0.057
311.01,0.475,0,0.520,0.596,1,0.000,0.000,0.000,0.000,0.000,0.000,-0.076,0.057
311.21,0.477,0,0.520,0.596,1,0.000,0.000,0.000,0.000,0.000,0.000,-0.073,0.052
311.41,0.477,0,0.520,0.601,1,0.000,0.000,0.000,0.000,0.000,0.000,-0.076,0.052
311.61,0.477,0,0.520,0.601,1,0.000,0.000,0.000,0.000,0.000,0.000,-0.076,0.054
311.81,0.474,0,0.520,0.601,1,0.000,0.000,0.000,0.000,0.000,0.000,-0.076,0.054
312.01,0.515,0,0.523,0.584,1,0.000,0.000,0.000,0.000,0.000,0.000,-0.074,0.050
312.21,0.477,0,0.523,0.584,1,0.000,0.000,0.000,0.000,0.000,0.000,-0.075,0.048
312.41,0.477,0,0.515,0.585,1,0.000,0.000,0.000,0.000,0.000,0.000,-0.073,0.056
312.61,0.477,0,0.515,0.585,1,0.000,0.000,0.000,0.000,0.000,0.000,-0.073,0.056
312.81,0.479,0,0.515,0.585,1,0.000,0.000,0.000,0.000,0.000,0.000,-0.072,0.051
313.01,0.477,0,0.526,0.591,1,0.000,0.000,0.000,0.000,0.000,0.000,-0.076,0.050
313.21,0.516,0,0.526,0.591,1,0.000,0.000,0.000,0.000,0.000,0.000,-0.077,0.058
313.41,0.516,0,0.512,0.588,1,0.000,0.000,0.000,0.000,0.000,0.000,-0.075,0.053
313.61,0.472,0,0.512,0.588,1,0.000,0.000,0.000,0.000,0.000,0.000,-0.075,0.053
313.81,0.470,0,0.512,0.588,1,0.000,0.000,0.000,0.000,0.000,0.000,-0.077,0.051
314.01,0.470,0,0.514,0.588,1,0.000,0.000,0.000,0.000,0.000,0.000,-0.071,0.055
314.21,0.470,0,0.514,0.588,1,0.000,0.000,0.000,0.000,0.000,0.000,-0.074,0.050
314.41,0.477,0,0.519,0.598,1,0.000,0.000,0.000,0.000,0.000,0.000,-0.074,0.050
314.61,0.515,0,0.519,0.598,1,0.000,0.000,0.000,0.000,0.000,0.000,-0.068,0.044
314.81,0.474,0,0.519,0.598,1,0.000,0.000,0.000,0.000,0.000,0.000,-0.073,0.055
315.01,0.477,0,0.517,0.558,1,0.000,0.000,0.000,0.000,0.000,0.000,-0.073,0.055
315.21,0.477,0,0.517,0.558,1,0.000,0.000,0.000,0.000,0.000,0.000,-0.078,0.070
315.41,0.481,0,0.509,0.563,1,0.000,0.000,0.000,0.000,0.000,0.000,-0.078,0.070
315.61,0.484,0,0.509,0.563,1,0.000,0.000,0.000,0.000,0.000,0.000,-0.070,0.052
315.81,0.479,0,0.509,0.563,1,0.000,0.000,0.000,0.000,0.000,0.000,-0.075,0.056
316.01,0.479,0,0.518,0.565,1,0.000,0.000,0.000,0.000,0.000,0.000,-0.071,0.055
316.21,0.472,0,0.518,0.565,1,0.000,0.000,0.000,0.000,0.000,0.000,-0.071,0.055
316.41,0.474,0,0.495,0.558,1,0.000,0.000,0.000,0.000,0.000,0.000,-0.074,0.054
316.61,0.475,0,0.495,0.558,1,0.000,0.000,0.000,0.000,0.000,0.000,-0.071,0.051
316.81,0.484,0,0.495,0.558,1,0.000,0.000,0.000,0.000,0.000,0.000,-0.072,0.057
317.01,0.484,0,0.505,0.572,1,0.000,0.000,0.000,0.000,0.000,0.000,-0.070,0.053
317.21,0.472,0,0.505,0.572,1,0.000,0.000,0.000,0.000,0.000,0.000,-0.070,0.053
317.41,0.472,0,0.519,0.572,1,0.000,0.000,0.000,0.000,0.000,0.000,-0.069,0.046
317.61,0.484,0,0.519,0.572,1,0.000,0.000,0.000,0.000,0.000,0.000,-0.076,0.048
317.81,0.484,0,0.519,0.572,1,0.000,0.000,0.000,0.000,0.000,0.000,-0.076,0.050
318.01,0.484,0,0.522,0.552,1,0.000,0.000,0.000,0.000,0.000,0.000,-0.076,0.050
318.21,0.510,0,0.522,0.552,1,0.000,0.000,0.000,0.000,0.000,0.000,-0.075,0.059
318.41,0.500,0,0.508,0.541,1,0.000,0.000,0.000,0.000,0.000,0.000,-0.072,0.059
318.61,0.481,0,0.508,0.541,1,0.000,0.000,0.000,0.000,0.000,0.000,-0.070,0.058
318.81,0.481,0,0.508,0.541,1,0.000,0.000,0.000,0.000,0.000,0.000,-0.071,0.048
319.01,0.470,0,0.510,0.544,1,0.000,0.000,0.000,0.000,0.000,0.000,-0.071,0.048
319.21,0.481,0,0.510,0.544,1,0.000,0.000,0.000,0.000,0.000,0.000,-0.068,0.049
319.41,0.474,0,0.495,0.558,1,0.000,0.000,0.000,0.000,0.000,0.000,-0.074,0.051
319.61,0.474,0,0.495,0.558,1,0.000,0.000,0.000,0.000,0.000,0.000,-0.067,0.058
319.81,0.481,0,0.495,0.558,1,0.000,0.000,0.000,0.000,0.000,0.000,-0.067,0.058
320.01,0.472,0,0.499,0.560,1,0.000,0.000,0.000,0.000,0.000,0.000,-0.073,0.048
320.21,0.475,0,0.499,0.560,1,0.000,0.000,0.000,0.000,0.000,0.000,-0.067,0.049
320.41,0.475,0,0.494,0.554,1,0.000,0.000,0.000,0.000,0.000,0.000,-0.073,0.049
320.61,0.475,0,0.494,0.554,1,0.000,0.000,0.000,0.000,0.000,0.000,-0.069,0.059
320.81,0.479,0,0.494,0.554,1,0.000,0.000,0.000,0.000,0.000,0.000,-0.069,0.059
321.01,0.485,0,0.493,0.552,1,0.000,0.000,0.000,0.000,0.000,0.000,-0.069,0.043
321.21,0.472,0,0.493,0.552,1,0.000,0.000,0.000,0.000,0.000,0.000,-0.071,0.039
321.41,0.476,0,0.484,0.549,1,0.000,0.000,0.000,0.000,0.000,0.000,-0.068,0.043
321.61,0.476,0,0.484,0.549,1,0.000,0.000,0.000,0.000,0.000,0.000,-0.068,0.040
321.81,0.470,0,0.484,0.549,1,0.000,0.000,0.000,0.000,0.000,0.000,-0.068,0.040
322.01,0.479,0,0.495,0.557,1,0.000,0.000,0.000,0.000,0.000,0.000,-0.061,0.037
322.21,0.495,0,0.495,0.557,1,0.000,0.000,0.000,0.000,0.000,0.000,-0.068,0.043
322.41,0.495,0,0.497,0.555,1,0.000,0.000,0.000,0.000,0.000,0.000,-0.063,0.048
322.61,0.481,0,0.497,0.555,1,0.000,0.000,0.000,0.000,0.000,0.000,-0.063,0.048
322.81,0.481,0,0.497,0.555,1,0.000,0.000,0.000,0.000,0.000,0.000,-0.069,0.050
323.01,0.481,0,0.494,0.557,1,0.000,0.000,0.000,0.000,0.000,0.000,-0.058,0.046
323.21,0.482,0,0.494,0.557,1,0.000,0.000,0.000,0.000,0.000,0.000,-0.064,0.049
323.41,0.482,0,0.493,0.555,1,0.000,0.000,0.000,0.000,0.000,0.000,-0.065,0.049
323.61,0.477,0,0.493,0.555,1,0.000,0.000,0.000,0.000,0.000,0.000,-0.065,0.049
323.81,0.484,0,0.493,0.555,1,0.000,0.000,0.000,0.000,0.000,0.000,-0.059,0.043
324.01,0.481,0,0.495,0.556,1,0.000,0.000,0.000,0.000,0.000,0.000,-0.060,0.035
324.21,0.481,0,0.495,0.556,1,0.000,0.000,0.000,0.000,0.000,0.000,-0.065,0.037
324.41,0.486,0,0.494,0.556,1,0.000,0.000,0.000,0.000,0.000,0.000,-0.065,0.037
324.61,0.486,0,0.494,0.556,1,0.000,0.000,0.000,0.000,0.000,0.000,-0.063,0.043
324.81,0.477,0,0.494,0.556,1,0.000,0.000,0.000,0.000,0.000,0.000,-0.060,0.046
325.01,0.482,0,0.492,0.557,1,0.000,0.000,0.000,0.000,0.000,0.000,-0.066,0.041
325.21,0.482,0,0.492,0.557,1,0.000,0.000,0.000,0.000,0.000,0.000,-0.068,0.039
325.41,0.475,0,0.494,0.558,1,0.000,0.000,0.000,0.000,0.000,0.000,-0.068,0.039
325.61,0.486,0,0.494,0.558,1,0.000,0.000,0.000,0.000,0.000,0.000,-0.065,0.041
325.81,0.482,0,0.494,0.558,1,0.000,0.000,0.000,0.000,0.000,0.000,-0.063,0.041
326.01,0.482,0,0.492,0.560,1,0.000,0.000,0.000,0.000,0.000,0.000,-0.069,0.044
326.21,0.472,0,0.492,0.560,1,0.000,0.000,0.000,0.000,0.000,0.000,-0.069,0.044
326.41,0.494,0,0.502,0.573,1,0.000,0.000,0.000,0.000,0.000,0.000,-0.067,0.055
326.61,0.470,0,0.502,0.573,1,0.000,0.000,0.000,0.000,0.000,0.000,-0.066,0.033
326.81,0.477,0,0.502,0.573,1,0.000,0.000,0.000,0.000,0.000,0.000,-0.065,0.027
327.01,0.477,0,0.544,0.556,1,0.000,0.000,0.000,0.000,0.000,0.000,-0.069,0.040
327.21,0.477,0,0.544,0.556,1,0.000,0.000,0.000,0.000,0.000,0.000,-0.069,0.040
327.41,0.472,0,0.524,0.552,1,0.000,0.000,0.000,0.000,0.000,0.000,-0.068,0.044
327.61,0.480,0,0.524,0.552,1,0.000,0.000,0.000,0.000,0.000,0.000,-0.062,0.049
327.81,0.480,0,0.524,0.552,1,0.000,0.000,0.000,0.000,0.000,0.000,-0.069,0.040
328.01,0.473,0,0.481,0.540,1,0.000,0.000,0.000,0.000,0.000,0.000,-0.065,0.047
328.21,0.470,0,0.481,0.540,1,0.000,0.000,0.000,0.000,0.000,0.000,-0.065,0.047
328.41,0.468,0,0.477,0.528,1,0.000,0.000,0.000,0.000,0.000,0.000,-0.065,0.056
328.61,0.462,0,0.477,0.528,1,0.000,0.000,0.000,0.000,0.000,0.000,-0.059,0.049
328.81,0.462,0,0.477,0.528,1,0.000,0.000,0.000,0.000,0.000,0.000,-0.067,0.043
329.01,0.462,0,0.471,0.522,1,0.000,0.000,0.000,0.000,0.000,0.000,-0.067,0.043
329.21,0.461,0,0.471,0.522,1,0.000,0.000,0.000,0.000,0.000,0.000,-0.060,0.047
329.41,0.460,0,0.469,0.520,1,0.000,0.000,0.000,0.000,0.000,0.000,-0.065,0.058
329.61,0.458,0,0.469,0.520,1,0.000,0.000,0.000,0.000,0.000,0.000,-0.060,0.045
329.81,0.458,0,0.469,0.520,1,0.000,0.000,0.000,0.000,0.000,0.000,-0.065,0.053
330.01,0.458,0,0.467,0.520,1,0.000,0.000,0.000,0.000,0.000,0.000,-0.065,0.053
330.21,0.459,0,0.467,0.520,1,0.000,0.000,0.000,0.000,0.000,0.000,-0.066,0.061
330.41,0.459,0,0.468,0.517,1,0.000,0.000,0.000,0.000,0.000,0.000,-0.060,0.058
330.61,0.459,0,0.468,0.517,1,0.000,0.000,0.000,0.000,0.000,0.000,-0.066,0.054
330.81,0.459,0,0.468,0.517,1,0.000,0.000,0.000,0.000,0.000,0.000,-0.066,0.054
331.01,0.457,0,0.466,0.516,1,0.000,0.000,0.000,0.000,0.000,0.000,-0.061,0.047
331.21,0.457,0,0.466,0.516,1,0.000,0.000,0.000,0.000,0.000,0.000,-0.066,0.064
331.41,0.457,0,0.466,0.520,1,0.000,0.000,0.000,0.000,0.000,0.000,-0.061,0.056
331.61,0.457,0,0.466,0.520,1,0.000,0.000,0.000,0.000,0.000,0.000,-0.066,0.041
331.81,0.462,0,0.466,0.520,1,0.000,0.000,0.000,0.000,0.000,0.000,-0.066,0.041
332.01,0.462,0,0.471,0.531,1,0.000,0.000,0.000,0.000,0.000,0.000,-0.070,0.034
332.21,0.463,0,0.471,0.531,1,0.000,0.000,0.000,0.000,0.000,0.000,-0.066,0.033
332.41,0.463,0,0.473,0.531,1,0.000,0.000,0.000,0.000,0.000,0.000,-0.067,0.033
332.61,0.464,0,0.473,0.531,1,0.000,0.000,0.000,0.000,0.000,0.000,-0.067,0.033
332.81,0.464,0,0.473,0.531,1,0.000,0.000,0.000,0.000,0.000,0.000,-0.068,0.033
333.01,0.476,0,0.484,0.549,1,0.000,0.000,0.000,0.000,0.000,0.000,-0.068,0.042
333.21,0.477,0,0.484,0.549,1,0.000,0.000,0.000,0.000,0.000,0.000,-0.065,0.038
333.41,0.477,0,0.495,0.557,1,0.000,0.000,0.000,0.000,0.000,0.000,-0.066,0.036
333.61,0.470,0,0.495,0.557,1,0.000,0.000,0.000,0.000,0.000,0.000,-0.066,0.036
333.81,0.474,0,0.495,0.557,1,0.000,0.000,0.000,0.000,0.000,0.000,-0.064,0.033
334.01,0.483,0,0.491,0.554,1,0.000,0.000,0.000,0.000,0.000,0.000,-0.065,0.035
334.21,0.483,0,0.491,0.554,1,0.000,0.000,0.000,0.000,0.000,0.000,-0.065,0.041
334.41,0.477,0,0.490,0.554,1,0.000,0.000,0.000,0.000,0.000,0.000,-0.065,0.041
334.61,0.485,0,0.490,0.554,1,0.000,0.000,0.000,0.000,0.000,0.000,-0.067,0.035
334.81,0.485,0,0.490,0.554,1,0.000,0.000,0.000,0.000,0.000,0.000,-0.067,0.042
335.01,0.477,0,0.493,0.553,1,0.000,0.000,0.000,0.000,0.000,0.000,-0.068,0.043
335.21,0.477,0,0.493,0.553,1,0.000,0.000,0.000,0.000,0.000,0.000,-0.067,0.034
335.41,0.472,0,0.492,0.553,1,0.000,0.000,0.000,0.000,0.000,0.000,-0.067,0.034
335.61,0.477,0,0.492,0.553,1,0.000,0.000,0.000,0.000,0.000,0.000,-0.063,0.050
335.81,0.482,0,0.492,0.553,1,0.000,0.000,0.000,0.000,0.000,0.000,-0.067,0.045
336.01,0.482,0,0.490,0.554,1,0.000,0.000,0.000,0.000,0.000,0.000,-0.060,0.041
336.21,0.472,0,0.490,0.554,1,0.000,0.000,0.000,0.000,0.000,0.000,-0.060,0.041
336.41,0.470,0,0.492,0.559,1,0.000,0.000,0.000,0.000,0.000,0.000,-0.067,0.042
336.61,0.485,0,0.492,0.559,1,0.000,0.000,0.000,0.000,0.000,0.000,-0.066,0.041
336.81,0.485,0,0.492,0.559,1,0.000,0.000,0.000,0.000,0.000,0.000,-0.068,0.046
337.01,0.485,0,0.523,0.612,1,0.000,0.000,0.000,0.000,0.000,0.000,-0.065,0.038
337.21,0.489,0,0.523,0.612,1,0.000,0.000,0.000,0.000,0.000,0.000,-0.065,0.038
337.41,0.477,0,0.548,0.529,1,0.000,0.000,0.000,0.000,0.000,0.000,-0.067,0.039
337.61,0.430,0,0.548,0.529,1,0.000,0.000,0.000,0.000,0.000,0.000,-0.059,0.043
337.81,0.430,0,0.548,0.529,1,0.000,0.000,0.000,0.000,0.000,0.000,-0.064,0.058
338.01,0.318,0,0.330,0.444,1,0.000,0.000,0.000,0.000,0.000,0.000,-0.064,0.058
338.21,0.396,0,0.330,0.444,1,0.000,0.000,0.000,0.000,0.000,0.000,-0.063,0.047
338.41,0.306,0,0.319,0.422,1,0.000,0.000,0.000,0.000,0.000,0.000,-0.062,0.046
338.61,0.390,0,0.319,0.422,1,0.000,0.000,0.000,0.000,0.000,0.000,-0.065,0.047
338.81,0.390,0,0.319,0.422,1,0.000,0.000,0.000,0.000,0.000,0.000,-0.063,0.042
339.01,0.486,0,0.551,1.748,0,0.000,0.000,0.000,0.000,0.000,0.000,-0.063,0.042
339.21,0.482,0,0.551,1.748,0,0.000,0.000,0.000,0.000,0.000,0.000,-0.066,0.038
339.41,0.470,0,0.909,1.750,0,0.000,0.000,0.000,0.000,0.000,0.000,-0.062,0.051
339.61,0.470,0,0.909,1.750,0,0.000,0.000,0.000,0.000,0.000,0.000,-0.072,0.052
339.81,0.484,0,0.909,1.750,0,0.000,0.000,0.000,0.000,0.000,0.000,-0.071,0.047
340.01,0.488,0,2.345,1.747,0,0.000,0.000,0.000,0.000,0.000,0.000,-0.071,0.047
340.21,0.477,0,2.345,1.747,0,0.000,0.000,0.000,0.000,0.000,0.000,-0.077,0.043
340.41,0.472,0,2.345,1.747,0,0.000,0.000,0.000,0.000,0.000,0.000,-0.074,0.053
340.61,0.472,0,2.345,1.747,0,0.000,0.000,0.000,0.000,0.000,0.000,-0.069,0.051
340.81,0.488,0,2.345,1.747,0,0.000,0.000,0.000,0.000,0.000,0.000,-0.069,0.051
341.01,0.777,0,2.347,1.748,0,0.000,0.000,0.000,0.000,0.000,0.000,-0.074,0.042
341.21,0.488,0,2.347,1.748,0,0.000,0.000,0.000,0.000,0.000,0.000,-0.075,0.045
341.41,0.787,0,2.347,1.744,0,0.000,0.000,0.000,0.000,0.000,0.000,-0.078,0.048
341.61,0.787,0,2.347,1.744,0,0.000,0.000,0.000,0.000,0.000,0.000,-0.078,0.052
341.81,0.782,0,2.347,1.744,0,0.000,0.000,0.000,0.000,0.000,0.000,-0.078,0.052
342.01,0.479,0,0.905,1.746,0,0.000,0.000,0.000,0.000,0.000,0.000,-0.084,0.049
342.21,0.474,0,0.905,1.746,0,0.000,0.000,0.000,0.000,0.000,0.000,-0.081,0.052
342.41,0.474,0,2.347,1.749,0,0.000,0.000,0.000,0.000,0.000,0.000,-0.085,0.053
342.61,0.472,0,2.347,1.749,0,0.000,0.000,0.000,0.000,0.000,0.000,-0.085,0.053
342.81,0.479,0,2.347,1.749,0,0.000,0.000,0.000,0.000,0.000,0.000,-0.077,0.044
343.01,0.484,0,0.909,1.746,0,0.000,0.000,0.000,0.000,0.000,0.000,-0.083,0.054
343.21,0.481,0,0.909,1.746,0,0.000,0.000,0.000,0.000,0.000,0.000,-0.082,0.055
343.41,0.481,0,0.928,1.748,0,0.000,0.000,0.000,0.000,0.000,0.000,-0.078,0.047
343.61,0.486,0,0.928,1.748,0,0.000,0.000,0.000,0.000,0.000,0.000,-0.078,0.047
343.81,0.472,0,0.928,1.748,0,0.000,0.000,0.000,0.000,0.000,0.000,-0.076,0.026
344.01,0.481,0,0.910,1.749,0,0.000,0.000,0.000,0.000,0.000,0.000,-0.078,0.059
344.21,0.481,0,0.910,1.749,0,0.000,0.000,0.000,0.000,0.000,0.000,-0.078,0.042
344.41,0.489,0,2.348,1.745,0,0.000,0.000,0.000,0.000,0.000,0.000,-0.078,0.042
344.61,0.481,0,2.348,1.745,0,0.000,0.000,0.000,0.000,0.000,0.000,-0.075,0.043
344.81,0.481,0,2.348,1.745,0,0.000,0.000,0.000,0.000,0.000,0.000,-0.077,0.041
345.01,0.477,0,2.347,1.745,0,0.000,0.000,0.000,0.000,0.000,0.000,-0.073,0.033
345.21,0.477,0,2.347,1.745,0,0.000,0.000,0.000,0.000,0.000,0.000,-0.073,0.033
345.41,0.472,0,2.344,1.747,0,0.000,0.000,0.000,0.000,0.000,0.000,-0.078,0.042
345.61,0.489,0,2.344,1.747,0,0.000,0.000,0.000,0.000,0.000,0.000,-0.071,0.050
345.81,0.479,0,2.344,1.747,0,0.000,0.000,0.000,0.000,0.000,0.000,-0.066,0.043
346.01,0.479,0,2.344,1.746,0,0.000,0.000,0.000,0.000,0.000,0.000,-0.077,0.047
346.21,0.488,0,2.344,1.746,0,0.000,0.000,0.000,0.000,0.000,0.000,-0.077,0.047
346.41,0.488,0,2.345,1.750,0,0.000,0.000,0.000,0.000,0.000,0.000,-0.072,0.053
346.61,0.776,0,2.345,1.750,0,0.000,0.000,0.000,0.000,0.000,0.000,-0.069,0.044
346.81,0.472,0,2.345,1.750,0,0.000,0.000,0.000,0.000,0.000,0.000,-0.076,0.050
347.01,0.472,0,2.347,1.742,0,0.000,0.000,0.000,0.000,0.000,0.000,-0.070,0.067
347.21,0.472,0,2.347,1.742,0,0.000,0.000,0.000,0.000,0.000,0.000,-0.070,0.067
347.41,0.488,0,2.346,1.749,0,0.000,0.000,0.000,0.000,0.000,0.000,-0.063,0.039
347.61,0.777,0,2.346,1.749,0,0.000,0.000,0.000,0.000,0.000,0.000,-0.073,0.041
347.81,0.777,0,2.346,1.749,0,0.000,0.000,0.000,0.000,0.000,0.000,-0.077,0.042
348.01,0.486,0,2.341,1.746,0,0.000,0.000,0.000,0.000,0.000,0.000,-0.077,0.042
348.21,0.780,0,2.341,1.746,0,0.000,0.000,0.000,0.000,0.000,0.000,-0.076,0.040
348.41,0.484,0,2.345,1.748,0,0.000,0.000,0.000,0.000,0.000,0.000,-0.068,0.040
348.61,0.475,0,2.345,1.748,0,0.000,0.000,0.000,0.000,0.000,0.000,-0.074,0.038
348.81,0.475,0,2.345,1.748,0,0.000,0.000,0.000,0.000,0.000,0.000,-0.073,0.042
349.01,0.481,0,1.821,1.749,1,0.000,0.000,0.000,0.000,0.000,0.000,-0.073,0.042
349.21,0.481,0,1.821,1.749,1,0.000,0.000,0.000,0.000,0.000,0.000,-0.070,0.042
349.41,0.481,0,2.350,1.749,0,0.000,0.000,0.000,0.000,0.000,0.000,-0.076,0.045
349.61,0.481,0,2.350,1.749,0,0.000,0.000,0.000,0.000,0.000,0.000,-0.078,0.044
349.81,0.484,0,2.350,1.749,0,0.000,0.000,0.000,0.000,0.000,0.000,-0.078,0.044
350.01,0.477,0,2.343,1.744,0,0.000,0.000,0.000,0.000,0.000,0.000,-0.085,0.047
350.21,0.777,0,2.343,1.744,0,0.000,0.000,0.000,0.000,0.000,0.000,-0.079,0.047
350.41,0.477,0,2.339,1.748,0,0.000,0.000,0.000,0.000,0.000,0.000,-0.083,0.053
350.61,0.477,0,2.339,1.748,0,0.000,0.000,0.000,0.000,0.000,0.000,-0.083,0.050
350.81,0.783,0,2.339,1.748,0,0.000,0.000,0.000,0.000,0.000,0.000,-0.083,0.050
351.01,0.477,0,2.345,1.750,0,0.000,0.000,0.000,0.000,0.000,0.000,-0.077,0.050
351.21,0.475,0,2.345,1.750,0,0.000,0.000,0.000,0.000,0.000,0.000,-0.069,0.049
351.41,0.475,0,2.344,1.747,0,0.000,0.000,0.000,0.000,0.000,0.000,-0.071,0.046
351.61,0.470,0,2.344,1.747,0,0.000,0.000,0.000,0.000,0.000,0.000,-0.071,0.046
351.81,0.489,0,2.344,1.747,0,0.000,0.000,0.000,0.000,0.000,0.000,-0.078,0.047
352.01,0.474,0,2.344,1.746,0,0.000,0.000,0.000,0.000,0.000,0.000,-0.078,0.042
352.21,0.472,0,2.344,1.746,0,0.000,0.000,0.000,0.000,0.000,0.000,-0.077,0.038
352.41,0.472,0,0.861,1.744,0,0.000,0.000,0.000,0.000,0.000,0.000,-0.081,0.044
352.61,0.472,0,0.861,1.744,0,0.000,0.000,0.000,0.000,0.000,0.000,-0.081,0.044
352.81,0.472,0,0.861,1.744,0,0.000,0.000,0.000,0.000,0.000,0.000,-0.080,0.040
353.01,0.477,0,0.693,0.561,1,0.000,0.000,0.000,0.000,0.000,0.000,-0.078,0.051
353.21,0.472,0,0.693,0.561,1,0.000,0.000,0.000,0.000,0.000,0.000,-0.073,0.048
353.41,0.472,0,0.552,0.592,1,0.000,0.000,0.000,0.000,0.000,0.000,-0.075,0.052
353.61,0.486,0,0.552,0.592,1,0.000,0.000,0.000,0.000,0.000,0.000,-0.075,0.052
353.81,0.509,0,0.552,0.592,1,0.000,0.000,0.000,0.000,0.000,0.000,-0.079,0.065
354.01,0.324,0,0.517,0.437,1,0.000,0.000,0.000,0.000,0.000,0.000,-0.070,0.057
354.21,0.324,0,0.517,0.437,1,0.000,0.000,0.000,0.000,0.000,0.000,-0.072,0.047
354.41,0.367,0,0.378,0.624,0,0.000,0.000,0.000,0.000,0.000,0.000,-0.072,0.047
354.61,0.479,0,0.378,0.624,0,0.000,0.000,0.000,0.000,0.000,0.000,-0.072,0.042
354.81,0.486,0,0.378,0.624,0,0.000,0.000,0.000,0.000,0.000,0.000,-0.074,0.046
355.01,0.487,0,0.685,0.820,1,0.000,0.000,0.000,0.000,0.000,0.000,-0.068,0.043
355.21,0.487,0,0.685,0.820,1,0.000,0.000,0.000,0.000,0.000,0.000,-0.080,0.052
355.41,0.479,0,0.749,0.793,1,0.000,0.000,0.000,0.000,0.000,0.000,-0.080,0.052
355.61,0.489,0,0.749,0.793,1,0.000,0.000,0.000,0.000,0.000,0.000,-0.074,0.046
355.81,0.481,0,0.749,0.793,1,0.000,0.000,0.000,0.000,0.000,0.000,-0.080,0.045
356.01,0.481,0,0.699,0.756,1,0.000,0.000,0.000,0.000,0.000,0.000,-0.079,0.048
356.21,0.479,0,0.699,0.756,1,0.000,0.000,0.000,0.000,0.000,0.000,-0.079,0.048
356.41,0.485,0,0.687,0.753,1,0.000,0.000,0.000,0.000,0.000,0.000,-0.086,0.053
356.61,0.474,0,0.687,0.753,1,0.000,0.000,0.000,0.000,0.000,0.000,-0.084,0.053
356.81,0.482,0,0.687,0.753,1,0.000,0.000,0.000,0.000,0.000,0.000,-0.078,0.048
357.01,0.482,0,0.709,0.787,1,0.000,0.000,0.000,0.000,0.000,0.000,-0.080,0.048
357.21,0.489,0,0.709,0.787,1,0.000,0.000,0.000,0.000,0.000,0.000,-0.080,0.048
357.41,0.472,0,0.767,0.850,1,0.000,0.000,0.000,0.000,0.000,0.000,-0.078,0.057
357.61,0.486,0,0.767,0.850,1,0.000,0.000,0.000,0.000,0.000,0.000,-0.075,0.052
357.81,0.486,0,0.767,0.850,1,0.000,0.000,0.000,0.000,0.000,0.000,-0.072,0.047
358.01,0.475,0,0.792,0.862,1,0.000,0.000,0.000,0.000,0.000,0.000,-0.072,0.047
358.21,0.470,0,0.792,0.862,1,0.000,0.000,0.000,0.000,0.000,0.000,-0.075,0.048
358.41,0.475,0,0.813,0.878,1,0.000,0.000,0.000,0.000,0.000,0.000,-0.073,0.050
358.61,0.789,0,0.813,0.878,1,0.000,0.000,0.000,0.000,0.000,0.000,-0.070,0.055
358.81,0.789,0,0.813,0.878,1,0.000,0.000,0.000,0.000,0.000,0.000,-0.080,0.044
359.01,0.477,0,0.810,0.878,1,0.000,0.000,0.000,0.000,0.000,0.000,-0.080,0.044
359.21,0.479,0,0.810,0.878,1,0.000,0.000,0.000,0.000,0.000,0.000,-0.071,0.050
359.41,0.488,0,0.817,0.877,1,0.000,0.000,0.000,0.000,0.000,0.000,-0.075,0.048
359.61,0.488,0,0.817,0.877,1,0.000,0.000,0.000,0.000,0.000,0.000,-0.065,0.054
359.81,0.479,0,0.817,0.877,1,0.000,0.000,0.000,0.000,0.000,0.000,-0.065,0.054
360.01,0.786,0,0.806,0.877,1,0.000,0.000,0.000,0.000,0.000,0.000,-0.074,0.048
360.21,0.481,0,0.806,0.877,1,0.000,0.000,0.000,0.000,0.000,0.000,-0.074,0.056
360.41,0.477,0,0.817,0.764,1,0.000,0.000,0.000,0.000,0.000,0.000,-0.070,0.050
360.61,0.477,0,0.817,0.764,1,0.000,0.000,0.000,0.000,0.000,0.000,-0.069,0.026
360.81,0.489,0,0.817,0.764,1,0.000,0.000,0.000,0.000,0.000,0.000,-0.069,0.026
361.01,0.486,0,0.816,0.831,1,0.000,0.000,0.000,0.000,0.000,0.000,-0.071,0.054
361.21,0.470,0,0.816,0.831,1,0.000,0.000,0.000,0.000,0.000,0.000,-0.069,0.055
361.41,0.470,0,0.808,0.862,1,0.000,0.000,0.000,0.000,0.000,0.000,-0.066,0.046
361.61,0.472,0,0.808,0.862,1,0.000,0.000,0.000,0.000,0.000,0.000,-0.066,0.046
361.81,0.479,0,0.808,0.862,1,0.000,0.000,0.000,0.000,0.000,0.000,-0.070,0.041
362.01,0.479,0,0.809,0.866,1,0.000,0.000,0.000,0.000,0.000,0.000,-0.072,0.043
362.21,0.477,0,0.809,0.866,1,0.000,0.000,0.000,0.000,0.000,0.000,-0.077,0.045
362.41,0.477,0,0.816,0.866,1,0.000,0.000,0.000,0.000,0.000,0.000,-0.071,0.042
362.61,0.479,0,0.816,0.866,1,0.000,0.000,0.000,0.000,0.000,0.000,-0.071,0.042
362.81,0.472,0,0.816,0.866,1,0.000,0.000,0.000,0.000,0.000,0.000,-0.072,0.045
363.01,0.475,0,0.813,0.865,1,0.000,0.000,0.000,0.000,0.000,0.000,-0.074,0.042
363.21,0.475,0,0.813,0.865,1,0.000,0.000,0.000,0.000,0.000,0.000,-0.074,0.042
363.41,0.481,0,0.817,0.850,1,0.000,0.000,0.000,0.000,0.000,0.000,-0.074,0.042
363.61,0.479,0,0.817,0.850,1,0.000,0.000,0.000,0.000,0.000,0.000,-0.069,0.045
363.81,0.482,0,0.817,0.850,1,0.000,0.000,0.000,0.000,0.000,0.000,-0.068,0.040
364.01,0.485,0,0.813,0.868,1,0.000,0.000,0.000,0.000,0.000,0.000,-0.069,0.030
364.21,0.485,0,0.813,0.868,1,0.000,0.000,0.000,0.000,0.000,0.000,-0.065,0.037
364.41,0.472,0,0.822,0.887,1,0.000,0.000,0.000,0.000,0.000,0.000,-0.065,0.037
364.61,0.472,0,0.822,0.887,1,0.000,0.000,0.000,0.000,0.000,0.000,-0.074,0.044
364.81,0.485,0,0.822,0.887,1,0.000,0.000,0.000,0.000,0.000,0.000,-0.070,0.044
365.01,0.485,0,0.824,0.888,1,0.000,0.000,0.000,0.000,0.000,0.000,-0.071,0.044
365.21,0.482,0,0.824,0.888,1,0.000,0.000,0.000,0.000,0.000,0.000,-0.071,0.044
365.41,0.475,0,0.822,0.887,1,0.000,0.000,0.000,0.000,0.000,0.000,-0.068,0.041
365.61,0.481,0,0.822,0.887,1,0.000,0.000,0.000,0.000,0.000,0.000,-0.068,0.036
365.81,0.475,0,0.822,0.887,1,0.000,0.000,0.000,0.000,0.000,0.000,-0.071,0.037
366.01,0.475,0,0.812,0.873,1,0.000,0.000,0.000,0.000,0.000,0.000,-0.071,0.042
366.21,0.484,0,0.812,0.873,1,0.000,0.000,0.000,0.000,0.000,0.000,-0.071,0.042
366.41,0.474,0,0.793,0.852,1,0.000,0.000,0.000,0.000,0.000,0.000,-0.074,0.030
366.61,0.470,0,0.793,0.852,1,0.000,0.000,0.000,0.000,0.000,0.000,-0.072,0.045
366.81,0.470,0,0.793,0.852,1,0.000,0.000,0.000,0.000,0.000,0.000,-0.074,0.047
367.01,0.486,0,0.780,0.846,1,0.000,0.000,0.000,0.000,0.000,0.000,-0.071,0.046
367.21,0.472,0,0.780,0.846,1,0.000,0.000,0.000,0.000,0.000,0.000,-0.071,0.046
367.41,0.481,0,0.783,0.845,1,0.000,0.000,0.000,0.000,0.000,0.000,-0.068,0.041
367.61,0.481,0,0.783,0.845,1,0.000,0.000,0.000,0.000,0.000,0.000,-0.071,0.036
367.81,0.481,0,0.783,0.845,1,0.000,0.000,0.000,0.000,0.000,0.000,-0.074,0.033
368.01,0.489,0,0.778,0.853,1,0.000,0.000,0.000,0.000,0.000,0.000,-0.074,0.033
368.21,0.477,0,0.778,0.853,1,0.000,0.000,0.000,0.000,0.000,0.000,-0.072,0.037
368.41,0.477,0,0.787,0.862,1,0.000,0.000,0.000,0.000,0.000,0.000,-0.072,0.034
368.61,0.475,0,0.787,0.862,1,0.000,0.000,0.000,0.000,0.000,0.000,-0.077,0.036
368.81,0.475,0,0.787,0.862,1,0.000,0.000,0.000,0.000,0.000,0.000,-0.074,0.045
369.01,0.479,0,0.804,0.668,1,0.000,0.000,0.000,0.000,0.000,0.000,-0.074,0.045
369.21,0.482,0,0.804,0.668,1,0.000,0.000,0.000,0.000,0.000,0.000,-0.066,0.037
369.41,0.477,0,0.807,0.674,1,0.000,0.000,0.000,0.000,0.000,0.000,-0.075,0.033
369.61,0.477,0,0.807,0.674,1,0.000,0.000,0.000,0.000,0.000,0.000,-0.073,0.042
369.81,0.486,0,0.807,0.674,1,0.000,0.000,0.000,0.000,0.000,0.000,-0.073,0.042
370.01,0.777,0,0.804,0.675,1,0.000,0.000,0.000,0.000,0.000,0.000,-0.067,0.048
370.21,0.472,0,0.804,0.675,1,0.000,0.000,0.000,0.000,0.000,0.000,-0.072,0.045
370.41,0.477,0,0.804,0.671,1,0.000,0.000,0.000,0.000,0.000,0.000,-0.074,0.033
370.61,0.477,0,0.804,0.671,1,0.000,0.000,0.000,0.000,0.000,0.000,-0.071,0.028
370.81,0.482,0,0.804,0.671,1,0.000,0.000,0.000,0.000,0.000,0.000,-0.071,0.028
371.01,0.489,0,0.806,0.866,1,0.000,0.000,0.000,0.000,0.000,0.000,-0.071,0.017
371.21,0.472,0,0.806,0.866,1,0.000,0.000,0.000,0.000,0.000,0.000,-0.078,0.028
371.41,0.472,0,0.815,0.864,1,0.000,0.000,0.000,0.000,0.000,0.000,-0.070,0.026
371.61,0.792,0,0.815,0.864,1,0.000,0.000,0.000,0.000,0.000,0.000,-0.070,0.026
371.81,0.488,0,0.815,0.864,1,0.000,0.000,0.000,0.000,0.000,0.000,-0.066,0.050
372.01,0.477,0,0.815,0.876,1,0.000,0.000,0.000,0.000,0.000,0.000,-0.064,0.026
372.21,0.489,0,0.815,0.876,1,0.000,0.000,0.000,0.000,0.000,0.000,-0.077,0.025
372.41,0.489,0,0.818,0.875,1,0.000,0.000,0.000,0.000,0.000,0.000,-0.072,0.051
372.61,0.484,0,0.818,0.875,1,0.000,0.000,0.000,0.000,0.000,0.000,-0.072,0.051
372.81,0.778,0,0.818,0.875,1,0.000,0.000,0.000,0.000,0.000,0.000,-0.073,0.022
373.01,0.779,0,0.816,0.874,1,0.000,0.000,0.000,0.000,0.000,0.000,-0.075,0.024
373.21,0.779,0,0.816,0.874,1,0.000,0.000,0.000,0.000,0.000,0.000,-0.065,0.042
373.41,0.482,0,0.803,0.844,1,0.000,0.000,0.000,0.000,0.000,0.000,-0.065,0.042
373.61,0.484,0,0.803,0.844,1,0.000,0.000,0.000,0.000,0.000,0.000,-0.067,0.037
373.81,0.479,0,0.803,0.844,1,0.000,0.000,0.000,0.000,0.000,0.000,-0.068,0.022
374.01,0.479,0,0.771,0.817,1,0.000,0.000,0.000,0.000,0.000,0.000,-0.062,0.053
374.21,0.479,0,0.771,0.817,1,0.000,0.000,0.000,0.000,0.000,0.000,-0.064,0.052
374.41,0.479,0,0.772,0.816,1,0.000,0.000,0.000,0.000,0.000,0.000,-0.064,0.052
374.61,0.477,0,0.772,0.816,1,0.000,0.000,0.000,0.000,0.000,0.000,-0.056,0.036
374.81,0.474,0,0.772,0.816,1,0.000,0.000,0.000,0.000,0.000,0.000,-0.064,0.014
375.01,0.474,0,0.775,0.622,1,0.000,0.000,0.000,0.000,0.000,0.000,-0.066,0.040
375.21,0.773,0,0.775,0.622,1,0.000,0.000,0.000,0.000,0.000,0.000,-0.066,0.040
375.41,0.774,0,0.779,0.627,1,0.000,0.000,0.000,0.000,0.000,0.000,-0.059,0.035
375.61,0.474,0,0.779,0.627,1,0.000,0.000,0.000,0.000,0.000,0.000,-0.061,0.047
375.81,0.474,0,0.779,0.627,1,0.000,0.000,0.000,0.000,0.000,0.000,-0.060,0.056
376.01,0.474,0,0.773,0.627,1,0.000,0.000,0.000,0.000,0.000,0.000,-0.064,0.062
376.21,0.767,0,0.773,0.627,1,0.000,0.000,0.000,0.000,0.000,0.000,-0.064,0.062
376.41,0.486,0,0.770,0.627,1,0.000,0.000,0.000,0.000,0.000,0.000,-0.066,0.057
376.61,0.488,0,0.770,0.627,1,0.000,0.000,0.000,0.000,0.000,0.000,-0.070,0.043
376.81,0.488,0,0.770,0.627,1,0.000,0.000,0.000,0.000,0.000,0.000,-0.077,0.021
377.01,0.477,0,0.770,0.627,1,0.000,0.000,0.000,0.000,0.000,0.000,-0.077,0.021
377.21,0.486,0,0.770,0.627,1,0.000,0.000,0.000,0.000,0.000,0.000,-0.075,0.023
377.41,0.470,0,0.767,0.628,1,0.000,0.000,0.000,0.000,0.000,0.000,-0.071,0.039
377.61,0.477,0,0.767,0.628,1,0.000,0.000,0.000,0.000,0.000,0.000,-0.075,0.053
377.81,0.477,0,0.767,0.628,1,0.000,0.000,0.000,0.000,0.000,0.000,-0.069,0.027
378.01,0.477,0,0.768,0.627,1,0.000,0.000,0.000,0.000,0.000,0.000,-0.069,0.027
378.21,0.479,0,0.768,0.627,1,0.000,0.000,0.000,0.000,0.000,0.000,-0.077,0.020
378.41,0.764,0,0.769,0.641,1,0.000,0.000,0.000,0.000,0.000,0.000,-0.076,0.036
378.61,0.764,0,0.769,0.641,1,0.000,0.000,0.000,0.000,0.000,0.000,-0.073,0.031
378.81,0.475,0,0.769,0.641,1,0.000,0.000,0.000,0.000,0.000,0.000,-0.073,0.031
379.01,0.488,0,0.774,0.640,1,0.000,0.000,0.000,0.000,0.000,0.000,-0.064,0.038
379.21,0.486,0,0.774,0.640,1,0.000,0.000,0.000,0.000,0.000,0.000,-0.071,0.036
379.41,0.778,0,0.784,0.638,1,0.000,0.000,0.000,0.000,0.000,0.000,-0.066,0.031
379.61,0.778,0,0.784,0.638,1,0.000,0.000,0.000,0.000,0.000,0.000,-0.084,-0.005
379.81,0.491,0,0.784,0.638,1,0.000,0.000,0.000,0.000,0.000,0.000,-0.084,-0.005
380.01,0.477,0,0.785,0.646,1,0.000,0.000,0.000,0.000,0.000,0.000,-0.068,0.022
380.21,0.470,0,0.785,0.646,1,0.000,0.000,0.000,0.000,0.000,0.000,-0.071,0.022
380.41,0.470,0,0.779,0.650,1,0.000,0.000,0.000,0.000,0.000,0.000,-0.066,0.027
380.61,0.477,0,0.779,0.650,1,0.000,0.000,0.000,0.000,0.000,0.000,-0.066,0.027
380.81,0.477,0,0.779,0.650,1,0.000,0.000,0.000,0.000,0.000,0.000,-0.068,0.032
381.01,0.484,0,0.782,0.652,1,0.000,0.000,0.000,0.000,0.000,0.000,-0.071,0.022
381.21,0.475,0,0.782,0.652,1,0.000,0.000,0.000,0.000,0.000,0.000,-0.067,0.035
381.41,0.475,0,0.784,0.650,1,0.000,0.000,0.000,0.000,0.000,0.000,-0.067,0.012
381.61,0.474,0,0.784,0.650,1,0.000,0.000,0.000,0.000,0.000,0.000,-0.067,0.012
381.81,0.479,0,0.784,0.650,1,0.000,0.000,0.000,0.000,0.000,0.000,-0.070,0.033
382.01,0.477,0,0.787,0.675,1,0.000,0.000,0.000,0.000,0.000,0.000,-0.070,0.025
382.21,0.477,0,0.787,0.675,1,0.000,0.000,0.000,0.000,0.000,0.000,-0.069,0.027
382.41,0.477,0,0.786,0.653,1,0.000,0.000,0.000,0.000,0.000,0.000,-0.070,0.010
382.61,0.477,0,0.786,0.653,1,0.000,0.000,0.000,0.000,0.000,0.000,-0.070,0.010
382.81,0.474,0,0.786,0.653,1,0.000,0.000,0.000,0.000,0.000,0.000,-0.067,0.018
383.01,0.472,0,0.776,0.646,1,0.000,0.000,0.000,0.000,0.000,0.000,-0.071,0.027
383.21,0.472,0,0.776,0.646,1,0.000,0.000,0.000,0.000,0.000,0.000,-0.069,0.022
383.41,0.475,0,0.781,0.656,1,0.000,0.000,0.000,0.000,0.000,0.000,-0.069,0.022
383.61,0.488,0,0.781,0.656,1,0.000,0.000,0.000,0.000,0.000,0.000,-0.071,0.029
383.81,0.475,0,0.781,0.656,1,0.000,0.000,0.000,0.000,0.000,0.000,-0.075,0.014
384.01,0.477,0,0.781,0.825,1,0.000,0.000,0.000,0.000,0.000,0.000,-0.067,0.024
384.21,0.477,0,0.781,0.825,1,0.000,0.000,0.000,0.000,0.000,0.000,-0.062,0.018
384.41,0.773,0,0.778,0.819,1,0.000,0.000,0.000,0.000,0.000,0.000,-0.062,0.018
384.61,0.475,0,0.778,0.819,1,0.000,0.000,0.000,0.000,0.000,0.000,-0.064,0.020
384.81,0.477,0,0.778,0.819,1,0.000,0.000,0.000,0.000,0.000,0.000,-0.063,0.032
385.01,0.477,0,0.770,0.818,1,0.000,0.000,0.000,0.000,0.000,0.000,-0.065,0.028
385.21,0.472,0,0.770,0.818,1,0.000,0.000,0.000,0.000,0.000,0.000,-0.065,0.028
385.41,0.477,0,0.775,0.672,1,0.000,0.000,0.000,0.000,0.000,0.000,-0.065,0.011
385.61,0.477,0,0.775,0.672,1,0.000,0.000,0.000,0.000,0.000,0.000,-0.070,0.001
385.81,0.484,0,0.775,0.672,1,0.000,0.000,0.000,0.000,0.000,0.000,-0.069,-0.006
386.01,0.484,0,0.770,0.722,1,0.000,0.000,0.000,0.000,0.000,0.000,-0.066,0.018
386.21,0.470,0,0.770,0.722,1,0.000,0.000,0.000,0.000,0.000,0.000,-0.066,0.018
386.41,0.474,0,0.774,0.755,1,0.000,0.000,0.000,0.000,0.000,0.000,-0.066,0.014
386.61,0.472,0,0.774,0.755,1,0.000,0.000,0.000,0.000,0.000,0.000,-0.070,0.015
386.81,0.472,0,0.774,0.755,1,0.000,0.000,0.000,0.000,0.000,0.000,-0.064,0.018
387.01,0.765,0,0.770,0.753,1,0.000,0.000,0.000,0.000,0.000,0.000,-0.064,0.018
387.21,0.762,0,0.770,0.753,1,0.000,0.000,0.000,0.000,0.000,0.000,-0.073,0.010
387.41,0.489,0,0.773,0.753,1,0.000,0.000,0.000,0.000,0.000,0.000,-0.067,0.026
387.61,0.477,0,0.773,0.753,1,0.000,0.000,0.000,0.000,0.000,0.000,-0.067,0.032
387.81,0.477,0,0.773,0.753,1,0.000,0.000,0.000,0.000,0.000,0.000,-0.065,0.029
388.01,0.477,0,0.777,0.763,1,0.000,0.000,0.000,0.000,0.000,0.000,-0.065,0.029
388.21,0.472,0,0.777,0.763,1,0.000,0.000,0.000,0.000,0.000,0.000,-0.064,0.028
388.41,0.475,0,0.764,0.772,1,0.000,0.000,0.000,0.000,0.000,0.000,-0.067,0.025
388.61,0.475,0,0.764,0.772,1,0.000,0.000,0.000,0.000,0.000,0.000,-0.067,0.035
388.81,0.487,0,0.764,0.772,1,0.000,0.000,0.000,0.000,0.000,0.000,-0.067,0.035
389.01,0.488,0,0.767,0.774,1,0.000,0.000,0.000,0.000,0.000,0.000,-0.055,0.026
389.21,0.482,0,0.767,0.774,1,0.000,0.000,0.000,0.000,0.000,0.000,-0.071,0.028
389.41,0.768,0,0.773,0.771,1,0.000,0.000,0.000,0.000,0.000,0.000,-0.063,0.033
389.61,0.768,0,0.773,0.771,1,0.000,0.000,0.000,0.000,0.000,0.000,-0.063,0.029
389.81,0.477,0,0.773,0.771,1,0.000,0.000,0.000,0.000,0.000,0.000,-0.063,0.029
390.01,0.477,0,0.769,0.727,1,0.000,0.000,0.000,0.000,0.000,0.000,-0.068,0.031
390.21,0.765,0,0.769,0.727,1,0.000,0.000,0.000,0.000,0.000,0.000,-0.074,0.021
390.41,0.765,0,0.780,0.810,1,0.000,0.000,0.000,0.000,0.000,0.000,-0.072,0.020
390.61,0.479,0,0.780,0.810,1,0.000,0.000,0.000,0.000,0.000,0.000,-0.072,0.020
390.81,0.484,0,0.780,0.810,1,0.000,0.000,0.000,0.000,0.000,0.000,-0.068,0.005
391.01,0.482,0,0.783,0.837,1,0.000,0.000,0.000,0.000,0.000,0.000,-0.070,0.024
391.21,0.484,0,0.783,0.837,1,0.000,0.000,0.000,0.000,0.000,0.000,-0.072,0.023
391.41,0.484,0,0.797,0.853,1,0.000,0.000,0.000,0.000,0.000,0.000,-0.070,0.029
391.61,0.488,0,0.797,0.853,1,0.000,0.000,0.000,0.000,0.000,0.000,-0.070,0.029
391.81,0.777,0,0.797,0.853,1,0.000,0.000,0.000,0.000,0.000,0.000,-0.060,0.026
392.01,0.472,0,0.811,0.842,1,0.000,0.000,0.000,0.000,0.000,0.000,-0.062,0.028
392.21,0.472,0,0.811,0.842,1,0.000,0.000,0.000,0.000,0.000,0.000,-0.067,0.020
392.41,0.477,0,0.787,0.834,1,0.000,0.000,0.000,0.000,0.000,0.000,-0.067,0.020
392.61,0.484,0,0.787,0.834,1,0.000,0.000,0.000,0.000,0.000,0.000,-0.067,0.018
392.81,0.477,0,0.787,0.834,1,0.000,0.000,0.000,0.000,0.000,0.000,-0.068,0.006
393.01,0.470,0,0.733,0.465,0,0.000,0.000,0.000,0.000,0.000,0.000,-0.072,0.000
393.21,0.470,0,0.733,0.465,0,0.000,0.000,0.000,0.000,0.000,0.000,-0.074,0.013
393.41,0.487,0,0.590,0.589,1,0.000,0.000,0.000,0.000,0.000,0.000,-0.074,0.013
393.61,0.472,0,0.590,0.589,1,0.000,0.000,0.000,0.000,0.000,0.000,-0.066,0.011
393.81,0.484,0,0.590,0.589,1,0.000,0.000,0.000,0.000,0.000,0.000,-0.070,0.025
394.01,0.484,0,0.519,0.584,1,0.000,0.000,0.000,0.000,0.000,0.000,-0.069,0.040
394.21,0.477,0,0.519,0.584,1,0.000,0.000,0.000,0.000,0.000,0.000,-0.068,0.041
394.41,0.478,0,0.486,0.526,1,0.000,0.000,0.000,0.000,0.000,0.000,-0.068,0.041
394.61,0.446,0,0.486,0.526,1,0.000,0.000,0.000,0.000,0.000,0.000,-0.066,0.041
394.81,0.452,0,0.486,0.526,1,0.000,0.000,0.000,0.000,0.000,0.000,-0.075,0.049
395.02,0.452,0,0.461,0.528,1,0.000,0.000,0.000,0.000,0.000,0.000,-0.079,0.054
395.21,0.452,0,0.461,0.528,1,0.000,0.000,0.000,0.000,0.000,0.000,-0.079,0.054
395.41,0.454,0,0.463,0.528,1,0.000,0.000,0.000,0.000,0.000,0.000,-0.079,0.047
395.61,0.451,0,0.463,0.528,1,0.000,0.000,0.000,0.000,0.000,0.000,-0.077,0.054
395.81,0.450,0,0.463,0.528,1,0.000,0.000,0.000,0.000,0.000,0.000,-0.074,0.060
396.01,0.450,0,0.459,0.522,1,0.000,0.000,0.000,0.000,0.000,0.000,-0.078,0.052
396.21,0.446,0,0.459,0.522,1,0.000,0.000,0.000,0.000,0.000,0.000,-0.078,0.052
396.41,0.452,0,0.461,0.535,1,0.000,0.000,0.000,0.000,0.000,0.000,-0.070,0.047
396.61,0.464,0,0.461,0.535,1,0.000,0.000,0.000,0.000,0.000,0.000,-0.077,0.050
396.81,0.464,0,0.461,0.535,1,0.000,0.000,0.000,0.000,0.000,0.000,-0.072,0.045
397.01,0.474,0,0.491,0.562,1,0.000,0.000,0.000,0.000,0.000,0.000,-0.072,0.045
397.21,0.477,0,0.491,0.562,1,0.000,0.000,0.000,0.000,0.000,0.000,-0.069,0.036
397.41,0.477,0,0.497,0.573,1,0.000,0.000,0.000,0.000,0.000,0.000,-0.069,0.042
397.61,0.475,0,0.497,0.573,1,0.000,0.000,0.000,0.000,0.000,0.000,-0.073,0.043
397.81,0.475,0,0.497,0.573,1,0.000,0.000,0.000,0.000,0.000,0.000,-0.072,0.039
398.01,0.481,0,0.489,0.573,1,0.000,0.000,0.000,0.000,0.000,0.000,-0.072,0.039
398.21,0.470,0,0.489,0.573,1,0.000,0.000,0.000,0.000,0.000,0.000,-0.072,0.043
398.41,0.486,0,0.494,0.568,1,0.000,0.000,0.000,0.000,0.000,0.000,-0.078,0.037
398.61,0.486,0,0.494,0.568,1,0.000,0.000,0.000,0.000,0.000,0.000,-0.070,0.038
398.81,0.477,0,0.494,0.568,1,0.000,0.000,0.000,0.000,0.000,0.000,-0.070,0.038
399.01,0.471,0,0.480,0.558,1,0.000,0.000,0.000,0.000,0.000,0.000,-0.072,0.044
399.21,0.475,0,0.480,0.558,1,0.000,0.000,0.000,0.000,0.000,0.000,-0.065,0.022
399.41,0.476,0,0.484,0.555,1,0.000,0.000,0.000,0.000,0.000,0.000,-0.071,0.021
399.61,0.476,0,0.484,0.555,1,0.000,0.000,0.000,0.000,0.000,0.000,-0.069,0.043
399.81,0.465,0,0.484,0.555,1,0.000,0.000,0.000,0.000,0.000,0.000,-0.069,0.043
400.01,0.458,0,0.467,0.539,1,0.000,0.000,0.000,0.000,0.000,0.000,-0.070,0.044
400.21,0.465,0,0.467,0.539,1,0.000,0.000,0.000,0.000,0.000,0.000,-0.071,0.045
400.41,0.465,0,0.477,0.548,1,0.000,0.000,0.000,0.000,0.000,0.000,-0.066,0.043
400.61,0.468,0,0.477,0.548,1,0.000,0.000,0.000,0.000,0.000,0.000,-0.066,0.043
400.81,0.466,0,0.477,0.548,1,0.000,0.000,0.000,0.000,0.000,0.000,-0.066,0.041
401.01,0.463,0,0.472,0.542,1,0.000,0.000,0.000,0.000,0.000,0.000,-0.068,0.036
401.21,0.466,0,0.472,0.542,1,0.000,0.000,0.000,0.000,0.000,0.000,-0.072,0.040
401.41,0.466,0,0.475,0.541,1,0.000,0.000,0.000,0.000,0.000,0.000,-0.069,0.045
401.61,0.466,0,0.475,0.541,1,0.000,0.000,0.000,0.000,0.000,0.000,-0.069,0.045
401.81,0.465,0,0.475,0.541,1,0.000,0.000,0.000,0.000,0.000,0.000,-0.070,0.043
402.01,0.457,0,0.474,0.541,1,0.000,0.000,0.000,0.000,0.000,0.000,-0.064,0.045
402.21,0.457,0,0.474,0.541,1,0.000,0.000,0.000,0.000,0.000,0.000,-0.074,0.044
402.41,0.458,0,0.467,0.540,1,0.000,0.000,0.000,0.000,0.000,0.000,-0.074,0.044
402.61,0.464,0,0.467,0.540,1,0.000,0.000,0.000,0.000,0.000,0.000,-0.071,0.045
402.81,0.459,0,0.467,0.540,1,0.000,0.000,0.000,0.000,0.000,0.000,-0.068,0.047
403.01,0.464,0,0.468,0.541,1,0.000,0.000,0.000,0.000,0.000,0.000,-0.071,0.049
403.21,0.464,0,0.468,0.541,1,0.000,0.000,0.000,0.000,0.000,0.000,-0.068,0.049
403.41,0.462,0,0.471,0.541,1,0.000,0.000,0.000,0.000,0.000,0.000,-0.068,0.049
403.61,0.461,0,0.471,0.541,1,0.000,0.000,0.000,0.000,0.000,0.000,-0.074,0.039
403.81,0.463,0,0.471,0.541,1,0.000,0.000,0.000,0.000,0.000,0.000,-0.069,0.043
404.01,0.463,0,0.472,0.539,1,0.000,0.000,0.000,0.000,0.000,0.000,-0.066,0.012
404.21,0.463,0,0.472,0.539,1,0.000,0.000,0.000,0.000,0.000,0.000,-0.066,0.012
404.41,0.462,0,0.471,0.539,1,0.000,0.000,0.000,0.000,0.000,0.000,-0.066,0.014
404.61,0.462,0,0.471,0.539,1,0.000,0.000,0.000,0.000,0.000,0.000,-0.072,0.023
404.81,0.463,0,0.471,0.539,1,0.000,0.000,0.000,0.000,0.000,0.000,-0.067,0.037
405.01,0.463,0,0.472,0.540,1,0.000,0.000,0.000,0.000,0.000,0.000,-0.079,0.034
405.21,0.461,0,0.472,0.540,1,0.000,0.000,0.000,0.000,0.000,0.000,-0.079,0.034
405.41,0.461,0,0.470,0.536,1,0.000,0.000,0.000,0.000,0.000,0.000,-0.084,0.040
405.61,0.457,0,0.470,0.536,1,0.000,0.000,0.000,0.000,0.000,0.000,-0.083,0.043
405.81,0.457,0,0.470,0.536,1,0.000,0.000,0.000,0.000,0.000,0.000,-0.078,0.037
406.01,0.457,0,0.466,0.535,1,0.000,0.000,0.000,0.000,0.000,0.000,-0.078,0.037
406.21,0.459,0,0.466,0.535,1,0.000,0.000,0.000,0.000,0.000,0.000,-0.075,0.057
406.41,0.459,0,0.468,0.537,1,0.000,0.000,0.000,0.000,0.000,0.000,-0.077,0.060
406.61,0.459,0,0.468,0.537,1,0.000,0.000,0.000,0.000,0.000,0.000,-0.075,0.058
406.81,0.459,0,0.468,0.537,1,0.000,0.000,0.000,0.000,0.000,0.000,-0.076,0.054
407.01,0.460,0,0.469,0.536,1,0.000,0.000,0.000,0.000,0.000,0.000,-0.076,0.054
407.21,0.458,0,0.469,0.536,1,0.000,0.000,0.000,0.000,0.000,0.000,-0.076,0.043
407.41,0.457,0,0.466,0.535,1,0.000,0.000,0.000,0.000,0.000,0.000,-0.075,0.050
407.61,0.457,0,0.466,0.535,1,0.000,0.000,0.000,0.000,0.000,0.000,-0.075,0.060
407.81,0.456,0,0.466,0.535,1,0.000,0.000,0.000,0.000,0.000,0.000,-0.075,0.060
408.01,0.458,0,0.467,0.536,1,0.000,0.000,0.000,0.000,0.000,0.000,-0.077,0.060
408.21,0.459,0,0.467,0.536,1,0.000,0.000,0.000,0.000,0.000,0.000,-0.078,0.056
408.41,0.458,0,0.467,0.536,1,0.000,0.000,0.000,0.000,0.000,0.000,-0.084,0.050
408.61,0.458,0,0.467,0.536,1,0.000,0.000,0.000,0.000,0.000,0.000,-0.086,0.038
408.81,0.458,0,0.467,0.536,1,0.000,0.000,0.000,0.000,0.000,0.000,-0.086,0.038
409.01,0.461,0,0.470,0.538,1,0.000,0.000,0.000,0.000,0.000,0.000,-0.088,0.019
409.21,0.473,0,0.470,0.538,1,0.000,0.000,0.000,0.000,0.000,0.000,-0.082,0.013
409.41,0.473,0,0.541,0.619,1,0.000,0.000,0.000,0.000,0.000,0.000,-0.085,0.011
409.61,0.470,0,0.541,0.619,1,0.000,0.000,0.000,0.000,0.000,0.000,-0.085,0.011
409.81,0.474,0,0.541,0.619,1,0.000,0.000,0.000,0.000,0.000,0.000,-0.080,0.012
410.01,0.489,0,0.645,0.598,1,0.000,0.000,0.000,0.000,0.000,0.000,-0.078,0.025
410.21,0.479,0,0.645,0.598,1,0.000,0.000,0.000,0.000,0.000,0.000,-0.072,0.027
410.41,0.479,0,0.579,0.636,1,0.000,0.000,0.000,0.000,0.000,0.000,-0.073,0.016
410.61,0.486,0,0.579,0.636,1,0.000,0.000,0.000,0.000,0.000,0.000,-0.073,0.016
410.81,0.489,0,0.579,0.636,1,0.000,0.000,0.000,0.000,0.000,0.000,-0.073,0.015
411.01,0.485,0,0.603,0.624,1,0.000,0.000,0.000,0.000,0.000,0.000,-0.069,0.008
411.21,0.485,0,0.603,0.624,1,0.000,0.000,0.000,0.000,0.000,0.000,-0.069,0.012
411.41,0.477,0,0.594,0.592,1,0.000,0.000,0.000,0.000,0.000,0.000,-0.069,0.012
411.61,0.489,0,0.594,0.592,1,0.000,0.000,0.000,0.000,0.000,0.000,-0.078,0.012
411.81,0.488,0,0.594,0.592,1,0.000,0.000,0.000,0.000,0.000,0.000,-0.069,0.008
412.01,0.470,0,0.568,0.576,1,0.000,0.000,0.000,0.000,0.000,0.000,-0.078,0.006
412.21,0.470,0,0.568,0.576,1,0.000,0.000,0.000,0.000,0.000,0.000,-0.072,0.009
412.41,0.475,0,0.564,0.570,1,0.000,0.000,0.000,0.000,0.000,0.000,-0.072,0.009
412.61,0.472,0,0.564,0.570,1,0.000,0.000,0.000,0.000,0.000,0.000,-0.078,0.010
412.81,0.479,0,0.564,0.570,1,0.000,0.000,0.000,0.000,0.000,0.000,-0.069,0.027
413.01,0.479,0,0.564,0.570,1,0.000,0.000,0.000,0.000,0.000,0.000,-0.073,0.027
413.21,0.477,0,0.564,0.570,1,0.000,0.000,0.000,0.000,0.000,0.000,-0.073,0.027
413.41,0.472,0,0.582,0.659,1,0.000,0.000,0.000,0.000,0.000,0.000,-0.072,0.000
413.61,0.600,0,0.582,0.659,1,0.000,0.000,0.000,0.000,0.000,0.000,-0.075,-0.002
413.81,0.477,0,0.582,0.659,1,0.000,0.000,0.000,0.000,0.000,0.000,-0.079,-0.002
414.01,0.477,0,0.637,0.711,1,0.000,0.000,0.000,0.000,0.000,0.000,-0.074,-0.001
414.21,0.654,0,0.637,0.711,1,0.000,0.000,0.000,0.000,0.000,0.000,-0.074,-0.001
414.41,0.477,0,0.700,0.774,1,0.000,0.000,0.000,0.000,0.000,0.000,-0.078,-0.012
414.61,0.718,0,0.700,0.774,1,0.000,0.000,0.000,0.000,0.000,0.000,-0.082,-0.007
414.81,0.718,0,0.700,0.774,1,0.000,0.000,0.000,0.000,0.000,0.000,-0.075,-0.008
415.01,0.477,0,0.741,0.797,1,0.000,0.000,0.000,0.000,0.000,0.000,-0.075,-0.008
415.21,0.474,0,0.741,0.797,1,0.000,0.000,0.000,0.000,0.000,0.000,-0.076,-0.007
415.41,0.472,0,0.753,0.819,1,0.000,0.000,0.000,0.000,0.000,0.000,-0.078,-0.011
415.61,0.475,0,0.753,0.819,1,0.000,0.000,0.000,0.000,0.000,0.000,-0.073,-0.008
415.81,0.475,0,0.753,0.819,1,0.000,0.000,0.000,0.000,0.000,0.000,-0.080,-0.002
416.01,0.489,0,0.792,0.420,0,0.000,0.000,0.000,0.000,0.000,0.000,-0.080,-0.002
416.21,0.477,0,0.792,0.420,0,0.000,0.000,0.000,0.000,0.000,0.000,-0.077,-0.009
416.41,0.779,0,0.878,0.968,1,0.000,0.000,0.000,0.000,0.000,0.000,-0.081,-0.019
416.61,0.779,0,0.878,0.968,1,0.000,0.000,0.000,0.000,0.000,0.000,-0.072,-0.022
416.81,0.472,0,0.878,0.968,1,0.000,0.000,0.000,0.000,0.000,0.000,-0.072,-0.022
417.01,0.472,0,0.858,0.902,1,0.000,0.000,0.000,0.000,0.000,0.000,-0.077,-0.029
417.21,0.692,0,0.858,0.902,1,0.000,0.000,0.000,0.000,0.000,0.000,-0.071,-0.010
417.41,0.462,0,0.471,0.483,1,0.000,0.000,0.000,0.000,0.000,0.000,-0.075,-0.004
417.61,0.462,0,0.471,0.483,1,0.000,0.000,0.000,0.000,0.000,0.000,-0.072,0.017
417.81,0.477,0,0.471,0.483,1,0.000,0.000,0.000,0.000,0.000,0.000,-0.072,0.017
418.01,0.491,0,0.503,0.566,1,0.000,0.000,0.000,0.000,0.000,0.000,-0.073,0.026
418.21,0.430,0,0.503,0.566,1,0.000,0.000,0.000,0.000,0.000,0.000,-0.075,0.030
418.41,0.430,0,0.395,0.484,1,0.000,0.000,0.000,0.000,0.000,0.000,-0.070,0.046
418.61,0.385,0,0.395,0.484,1,0.000,0.000,0.000,0.000,0.000,0.000,-0.076,0.043
418.81,0.404,0,0.395,0.484,1,0.000,0.000,0.000,0.000,0.000,0.000,-0.076,0.043
419.01,0.417,0,0.446,0.628,1,0.000,0.000,0.000,0.000,0.000,0.000,-0.070,0.014
419.21,0.418,0,0.446,0.628,1,0.000,0.000,0.000,0.000,0.000,0.000,-0.071,0.010
419.41,0.418,0,0.459,0.639,1,0.000,0.000,0.000,0.000,0.000,0.000,-0.064,0.017
419.61,0.417,0,0.459,0.639,1,0.000,0.000,0.000,0.000,0.000,0.000,-0.064,0.017
419.81,0.422,0,0.459,0.639,1,0.000,0.000,0.000,0.000,0.000,0.000,-0.068,0.028
420.01,0.429,0,0.459,0.640,1,0.000,0.000,0.000,0.000,0.000,0.000,-0.063,0.013
420.21,0.424,0,0.459,0.640,1,0.000,0.000,0.000,0.000,0.000,0.000,-0.081,0.015
420.41,0.424,0,0.439,0.529,1,0.000,0.000,0.000,0.000,0.000,0.000,-0.075,0.027
420.61,0.430,0,0.439,0.529,1,0.000,0.000,0.000,0.000,0.000,0.000,-0.075,0.027
420.81,0.434,0,0.439,0.529,1,0.000,0.000,0.000,0.000,0.000,0.000,-0.077,0.019
421.01,0.407,0,0.443,0.476,1,0.000,0.000,0.000,0.000,0.000,0.000,-0.081,0.015
421.21,0.407,0,0.443,0.476,1,0.000,0.000,0.000,0.000,0.000,0.000,-0.082,0.029
421.41,0.392,0,0.402,0.441,1,0.000,0.000,0.000,0.000,0.000,0.000,-0.082,0.029
421.61,0.162,0,0.402,0.441,1,0.000,0.000,0.000,0.000,0.000,0.000,-0.088,0.052
421.81,0.188,0,0.402,0.441,1,0.000,0.000,0.000,0.000,0.000,0.000,-0.106,0.094
422.01,0.183,0,0.244,0.398,1,0.000,0.000,0.000,0.000,0.000,0.000,-0.106,0.094
422.21,0.183,0,0.244,0.398,1,0.000,0.000,0.000,0.000,0.000,0.000,-0.106,0.094
422.41,0.199,0,0.219,0.400,1,0.000,0.000,0.000,0.000,0.000,0.000,-0.106,0.094
422.61,0.189,0,0.219,0.400,1,0.000,0.000,0.000,0.000,0.000,0.000,-0.106,0.094
422.81,0.183,0,0.219,0.400,1,0.000,0.000,0.000,0.000,0.000,0.000,-0.106,0.094
423.01,0.183,0,0.204,0.427,0,0.000,0.000,0.000,0.000,0.000,0.000,-0.106,0.094
423.21,0.176,0,0.204,0.427,0,0.000,0.000,0.000,0.000,0.000,0.000,-0.106,0.094
423.41,0.172,0,0.194,0.435,0,0.000,0.000,0.000,0.000,0.000,0.000,-0.106,0.094
423.61,0.173,0,0.194,0.435,0,0.000,0.000,0.000,0.000,0.000,0.000,-0.135,0.040
423.81,0.173,0,0.194,0.435,0,0.000,0.000,0.000,0.000,0.000,0.000,-0.119,0.052
424.01,0.173,0,0.195,0.405,0,0.000,0.000,0.000,0.000,0.000,0.000,-0.115,0.059
424.21,0.172,0,0.195,0.405,0,0.000,0.000,0.000,0.000,0.000,0.000,-0.115,0.059
424.41,0.171,0,0.193,0.414,0,0.000,0.000,0.000,0.000,0.000,0.000,-0.110,0.067
424.61,0.172,0,0.193,0.414,0,0.000,0.000,0.000,0.000,0.000,0.000,-0.104,0.080
424.81,0.172,0,0.193,0.414,0,0.000,0.000,0.000,0.000,0.000,0.000,-0.093,0.071
425.01,0.105,0,0.201,0.436,0,0.000,0.000,0.000,0.000,0.000,0.000,-0.093,0.071
425.21,0.183,0,0.201,0.436,0,0.000,0.000,0.000,0.000,0.000,0.000,-0.092,0.067
425.41,0.190,0,0.210,0.426,0,0.000,0.000,0.000,0.000,0.000,0.000,-0.099,0.046
425.61,0.207,0,0.210,0.426,0,0.000,0.000,0.000,0.000,0.000,0.000,-0.103,0.022
425.81,0.207,0,0.210,0.426,0,0.000,0.000,0.000,0.000,0.000,0.000,-0.114,0.046
426.01,0.115,0,0.229,0.425,1,0.000,0.000,0.000,0.000,0.000,0.000,-0.114,0.046
426.21,0.105,0,0.229,0.425,1,0.000,0.000,0.000,0.000,0.000,0.000,-0.112,0.048
426.41,0.104,0,0.229,0.426,1,0.000,0.000,0.000,0.000,0.000,0.000,-0.115,0.043
426.61,0.104,0,0.229,0.426,1,0.000,0.000,0.000,0.000,0.000,0.000,-0.111,0.036
426.81,0.100,0,0.229,0.426,1,0.000,0.000,0.000,0.000,0.000,0.000,-0.111,0.036
427.01,0.112,0,0.252,0.432,1,0.000,0.000,0.000,0.000,0.000,0.000,-0.107,0.046
427.21,0.121,0,0.252,0.432,1,0.000,0.000,0.000,0.000,0.000,0.000,-0.106,0.049
427.41,0.123,0,0.234,0.430,1,0.000,0.000,0.000,0.000,0.000,0.000,-0.106,0.045
427.61,0.123,0,0.234,0.430,1,0.000,0.000,0.000,0.000,0.000,0.000,-0.109,0.044
427.81,0.116,0,0.234,0.430,1,0.000,0.000,0.000,0.000,0.000,0.000,-0.109,0.044
428.01,0.161,0,0.217,0.435,0,0.000,0.000,0.000,0.000,0.000,0.000,-0.106,0.064
428.21,0.111,0,0.217,0.435,0,0.000,0.000,0.000,0.000,0.000,0.000,-0.115,0.069
428.41,0.111,0,0.135,0.409,0,0.000,0.000,0.000,0.000,0.000,0.000,-0.097,0.087
428.61,0.100,0,0.135,0.409,0,0.000,0.000,0.000,0.000,0.000,0.000,-0.097,0.087
428.81,0.259,0,0.135,0.409,0,0.000,0.000,0.000,0.000,0.000,0.000,-0.104,0.051
429.01,0.251,0,0.267,nan,0,0.000,0.000,0.000,0.000,0.000,0.000,-0.107,0.051
429.21,0.244,0,0.267,nan,0,0.000,0.000,0.000,0.000,0.000,0.000,-0.107,0.048
429.41,0.244,0,0.258,nan,0,0.000,0.000,0.000,0.000,0.000,0.000,-0.107,0.046
429.61,0.242,0,0.258,nan,0,0.000,0.000,0.000,0.000,0.000,0.000,-0.107,0.046
429.81,0.242,0,0.258,nan,0,0.000,0.000,0.000,0.000,0.000,0.000,-0.110,0.050
430.01,0.244,0,0.258,nan,0,0.000,0.000,0.000,0.000,0.000,0.000,-0.110,0.051
430.21,0.244,0,0.258,nan,0,0.000,0.000,0.000,0.000,0.000,0.000,-0.100,0.046
430.41,0.243,0,0.259,nan,0,0.000,0.000,0.000,0.000,0.000,0.000,-0.100,0.046
430.61,0.247,0,0.259,nan,0,0.000,0.000,0.000,0.000,0.000,0.000,-0.107,0.048
430.81,0.249,0,0.259,nan,0,0.000,0.000,0.000,0.000,0.000,0.000,-0.102,0.049
431.01,0.248,0,0.265,nan,0,0.000,0.000,0.000,0.000,0.000,0.000,-0.106,0.053
431.21,0.248,0,0.265,nan,0,0.000,0.000,0.000,0.000,0.000,0.000,-0.105,0.049
431.41,0.248,0,0.264,nan,0,0.000,0.000,0.000,0.000,0.000,0.000,-0.105,0.049
431.61,0.249,0,0.264,nan,0,0.000,0.000,0.000,0.000,0.000,0.000,-0.112,0.048
431.81,0.249,0,0.264,nan,0,0.000,0.000,0.000,0.000,0.000,0.000,-0.108,0.047
432.01,0.249,0,0.265,nan,0,0.000,0.000,0.000,0.000,0.000,0.000,-0.108,0.050
432.21,0.247,0,0.265,nan,0,0.000,0.000,0.000,0.000,0.000,0.000,-0.108,0.050
432.41,0.247,0,0.263,nan,0,0.000,0.000,0.000,0.000,0.000,0.000,-0.110,0.047
432.61,0.247,0,0.263,nan,0,0.000,0.000,0.000,0.000,0.000,0.000,-0.109,0.048
432.81,0.248,0,0.263,nan,0,0.000,0.000,0.000,0.000,0.000,0.000,-0.105,0.051
433.01,0.248,0,0.264,nan,0,0.000,0.000,0.000,0.000,0.000,0.000,-0.106,0.043
433.21,0.250,0,0.264,nan,0,0.000,0.000,0.000,0.000,0.000,0.000,-0.106,0.043
433.41,0.270,0,0.285,0.415,1,0.000,0.000,0.000,0.000,0.000,0.000,-0.110,0.035
433.61,0.298,0,0.285,0.415,1,0.000,0.000,0.000,0.000,0.000,0.000,-0.107,0.039
433.81,0.298,0,0.285,0.415,1,0.000,0.000,0.000,0.000,0.000,0.000,-0.105,0.041
434.01,0.349,0,0.360,0.411,1,0.000,0.000,0.000,0.000,0.000,0.000,-0.105,0.041
434.21,0.420,0,0.360,0.411,1,0.000,0.000,0.000,0.000,0.000,0.000,-0.107,0.034
434.41,0.423,0,0.465,0.469,1,0.000,0.000,0.000,0.000,0.000,0.000,-0.100,0.023
434.61,0.414,0,0.465,0.469,1,0.000,0.000,0.000,0.000,0.000,0.000,-0.099,-0.005
434.81,0.414,0,0.465,0.469,1,0.000,0.000,0.000,0.000,0.000,0.000,-0.083,0.009
435.01,0.282,0,0.433,0.457,1,0.000,0.000,0.000,0.000,0.000,0.000,-0.083,0.009
435.21,0.386,0,0.433,0.457,1,0.000,0.000,0.000,0.000,0.000,0.000,-0.107,-0.005
435.41,0.339,0,0.351,0.405,1,0.000,0.000,0.000,0.000,0.000,0.000,-0.120,0.009
435.61,0.339,0,0.351,0.405,1,0.000,0.000,0.000,0.000,0.000,0.000,-0.116,0.031
435.81,0.282,0,0.351,0.405,1,0.000,0.000,0.000,0.000,0.000,0.000,-0.116,0.031
436.01,0.237,0,0.254,0.405,1,0.000,0.000,0.000,0.000,0.000,0.000,-0.113,0.016
436.21,0.206,0,0.254,0.405,1,0.000,0.000,0.000,0.000,0.000,0.000,-0.127,0.020
436.41,0.170,0,0.239,0.420,1,0.000,0.000,0.000,0.000,0.000,0.000,-0.123,0.040
436.61,0.170,0,0.239,0.420,1,0.000,0.000,0.000,0.000,0.000,0.000,-0.117,0.037
436.81,0.159,0,0.239,0.420,1,0.000,0.000,0.000,0.000,0.000,0.000,-0.117,0.037
437.01,0.127,0,0.248,0.440,1,0.000,0.000,0.000,0.000,0.000,0.000,-0.117,0.033
437.21,0.111,0,0.248,0.440,1,0.000,0.000,0.000,0.000,0.000,0.000,-0.110,0.043
437.41,0.111,0,0.242,0.449,0,0.000,0.000,0.000,0.000,0.000,0.000,-0.113,0.041
437.61,0.116,0,0.242,0.449,0,0.000,0.000,0.000,0.000,0.000,0.000,-0.113,0.041
437.81,0.123,0,0.242,0.449,0,0.000,0.000,0.000,0.000,0.000,0.000,-0.117,0.044
438.01,0.123,0,0.242,0.448,0,0.000,0.000,0.000,0.000,0.000,0.000,-0.114,0.042
438.21,0.217,0,0.242,0.448,0,0.000,0.000,0.000,0.000,0.000,0.000,-0.122,0.051
438.41,0.217,0,0.235,0.422,1,0.000,0.000,0.000,0.000,0.000,0.000,-0.116,0.051
438.61,0.217,0,0.235,0.422,1,0.000,0.000,0.000,0.000,0.000,0.000,-0.116,0.051
438.81,0.215,0,0.235,0.422,1,0.000,0.000,0.000,0.000,0.000,0.000,-0.113,0.048
439.01,0.219,0,0.233,0.443,0,0.000,0.000,0.000,0.000,0.000,0.000,-0.120,0.047
439.21,0.219,0,0.233,0.443,0,0.000,0.000,0.000,0.000,0.000,0.000,-0.113,0.047
439.41,0.222,0,0.240,0.403,1,0.000,0.000,0.000,0.000,0.000,0.000,-0.113,0.047
439.61,0.114,0,0.240,0.403,1,0.000,0.000,0.000,0.000,0.000,0.000,-0.120,0.045
439.81,0.229,0,0.240,0.403,1,0.000,0.000,0.000,0.000,0.000,0.000,-0.106,0.045
440.01,0.229,0,0.246,0.413,1,0.000,0.000,0.000,0.000,0.000,0.000,-0.116,0.046
440.21,0.100,0,0.246,0.413,1,0.000,0.000,0.000,0.000,0.000,0.000,-0.112,0.050
440.41,0.242,0,0.258,nan,0,0.000,0.000,0.000,0.000,0.000,0.000,-0.112,0.050
440.61,0.243,0,0.258,nan,0,0.000,0.000,0.000,0.000,0.000,0.000,-0.106,0.049
440.81,0.243,0,0.258,nan,0,0.000,0.000,0.000,0.000,0.000,0.000,-0.110,0.049
441.01,0.243,0,0.259,nan,0,0.000,0.000,0.000,0.000,0.000,0.000,-0.115,0.055
441.21,0.244,0,0.259,nan,0,0.000,0.000,0.000,0.000,0.000,0.000,-0.115,0.055
441.41,0.256,0,0.271,0.405,1,0.000,0.000,0.000,0.000,0.000,0.000,-0.114,0.047
441.61,0.285,0,0.271,0.405,1,0.000,0.000,0.000,0.000,0.000,0.000,-0.110,0.048
441.81,0.285,0,0.271,0.405,1,0.000,0.000,0.000,0.000,0.000,0.000,-0.111,0.037
442.01,0.350,0,0.361,0.433,1,0.000,0.000,0.000,0.000,0.000,0.000,-0.105,0.031
442.21,0.414,0,0.361,0.433,1,0.000,0.000,0.000,0.000,0.000,0.000,-0.105,0.031
442.41,0.442,0,0.451,0.471,1,0.000,0.000,0.000,0.000,0.000,0.000,-0.110,0.035
442.61,0.446,0,0.451,0.471,1,0.000,0.000,0.000,0.000,0.000,0.000,-0.112,0.018
442.81,0.446,0,0.451,0.471,1,0.000,0.000,0.000,0.000,0.000,0.000,-0.117,0.006
443.01,0.440,0,0.449,0.424,1,0.000,0.000,0.000,0.000,0.000,0.000,-0.117,0.006
443.21,0.420,0,0.449,0.424,1,0.000,0.000,0.000,0.000,0.000,0.000,-0.111,-0.002
443.41,0.477,0,0.517,0.813,0,0.000,0.000,0.000,0.000,0.000,0.000,-0.111,0.004
443.61,0.487,0,0.517,0.813,0,0.000,0.000,0.000,0.000,0.000,0.000,-0.111,0.017
443.81,0.487,0,0.517,0.813,0,0.000,0.000,0.000,0.000,0.000,0.000,-0.105,0.036
444.01,0.477,0,0.966,1.745,0,0.000,0.000,0.000,0.000,0.000,0.000,-0.105,0.036
444.21,0.488,0,0.966,1.745,0,0.000,0.000,0.000,0.000,0.000,0.000,-0.109,0.035
444.41,0.482,0,2.339,1.746,0,0.000,0.000,0.000,0.000,0.000,0.000,-0.105,0.029
444.61,0.482,0,2.339,1.746,0,0.000,0.000,0.000,0.000,0.000,0.000,-0.114,0.031
444.81,0.477,0,2.339,1.746,0,0.000,0.000,0.000,0.000,0.000,0.000,-0.114,0.031
445.01,0.488,0,0.908,1.746,0,0.000,0.000,0.000,0.000,0.000,0.000,-0.109,0.032
445.21,0.475,0,0.908,1.746,0,0.000,0.000,0.000,0.000,0.000,0.000,-0.113,0.034
445.41,0.475,0,2.344,1.748,0,0.000,0.000,0.000,0.000,0.000,0.000,-0.106,0.024
445.61,0.790,0,2.344,1.748,0,0.000,0.000,0.000,0.000,0.000,0.000,-0.106,0.024
445.81,0.484,0,2.344,1.748,0,0.000,0.000,0.000,0.000,0.000,0.000,-0.109,0.016
446.01,0.802,0,2.340,1.747,0,0.000,0.000,0.000,0.000,0.000,0.000,-0.108,0.034
446.21,0.778,0,2.340,1.747,0,0.000,0.000,0.000,0.000,0.000,0.000,-0.110,0.027
446.41,0.778,0,0.908,1.748,0,0.000,0.000,0.000,0.000,0.000,0.000,-0.111,0.029
446.61,0.486,0,0.908,1.748,0,0.000,0.000,0.000,0.000,0.000,0.000,-0.111,0.029
446.81,0.479,0,0.908,1.748,0,0.000,0.000,0.000,0.000,0.000,0.000,-0.111,0.023
447.01,0.407,0,2.350,1.749,0,0.000,0.000,0.000,0.000,0.000,0.000,-0.118,0.039
447.21,0.407,0,2.350,1.749,0,0.000,0.000,0.000,0.000,0.000,0.000,-0.109,0.027
447.41,0.776,0,0.909,1.748,0,0.000,0.000,0.000,0.000,0.000,0.000,-0.111,0.017
447.61,0.474,0,0.909,1.748,0,0.000,0.000,0.000,0.000,0.000,0.000,-0.111,0.017
447.81,0.489,0,0.909,1.748,0,0.000,0.000,0.000,0.000,0.000,0.000,-0.112,0.027
448.01,0.479,0,2.350,1.751,0,0.000,0.000,0.000,0.000,0.000,0.000,-0.109,0.028
448.21,0.479,0,2.350,1.751,0,0.000,0.000,0.000,0.000,0.000,0.000,-0.107,0.025
448.41,0.470,0,0.975,1.734,0,0.000,0.000,0.000,0.000,0.000,0.000,-0.107,0.025
448.61,0.479,0,0.975,1.734,0,0.000,0.000,0.000,0.000,0.000,0.000,-0.112,0.017
448.81,0.477,0,0.975,1.734,0,0.000,0.000,0.000,0.000,0.000,0.000,-0.112,0.014
449.01,0.477,0,0.675,0.681,1,0.000,0.000,0.000,0.000,0.000,0.000,-0.115,0.013
449.21,0.594,0,0.675,0.681,1,0.000,0.000,0.000,0.000,0.000,0.000,-0.115,0.013
449.41,0.474,0,0.573,0.647,1,0.000,0.000,0.000,0.000,0.000,0.000,-0.103,-0.006
449.61,0.475,0,0.573,0.647,1,0.000,0.000,0.000,0.000,0.000,0.000,-0.110,-0.001
449.81,0.472,0,0.573,0.647,1,0.000,0.000,0.000,0.000,0.000,0.000,-0.114,-0.001
450.01,0.472,0,0.675,0.640,1,0.000,0.000,0.000,0.000,0.000,0.000,-0.105,0.021
450.21,0.477,0,0.675,0.640,1,0.000,0.000,0.000,0.000,0.000,0.000,-0.105,0.021
450.41,0.477,0,0.628,0.746,1,0.000,0.000,0.000,0.000,0.000,0.000,-0.113,0.020
450.61,0.477,0,0.628,0.746,1,0.000,0.000,0.000,0.000,0.000,0.000,-0.108,0.001
450.81,0.477,0,0.628,0.746,1,0.000,0.000,0.000,0.000,0.000,0.000,-0.114,0.003
451.01,0.477,0,0.702,0.728,1,0.000,0.000,0.000,0.000,0.000,0.000,-0.105,0.003
451.21,0.644,0,0.702,0.728,1,0.000,0.000,0.000,0.000,0.000,0.000,-0.105,0.003
451.41,0.482,0,0.644,0.701,1,0.000,0.000,0.000,0.000,0.000,0.000,-0.107,0.002
451.61,0.477,0,0.644,0.701,1,0.000,0.000,0.000,0.000,0.000,0.000,-0.105,0.002
451.81,0.477,0,0.644,0.701,1,0.000,0.000,0.000,0.000,0.000,0.000,-0.103,-0.004
452.01,0.487,0,0.654,0.737,1,0.000,0.000,0.000,0.000,0.000,0.000,-0.103,-0.004
452.21,0.472,0,0.654,0.737,1,0.000,0.000,0.000,0.000,0.000,0.000,-0.109,-0.005
452.41,0.477,0,0.671,0.736,1,0.000,0.000,0.000,0.000,0.000,0.000,-0.113,-0.006
452.61,0.477,0,0.671,0.736,1,0.000,0.000,0.000,0.000,0.000,0.000,-0.110,-0.004
452.81,0.477,0,0.671,0.736,1,0.000,0.000,0.000,0.000,0.000,0.000,-0.103,0.001
453.01,0.475,0,0.490,0.501,1,0.000,0.000,0.000,0.000,0.000,0.000,-0.103,0.001
453.21,0.484,0,0.490,0.501,1,0.000,0.000,0.000,0.000,0.000,0.000,-0.114,0.018
453.41,0.465,0,0.474,0.583,1,0.000,0.000,0.000,0.000,0.000,0.000,-0.105,0.019
453.61,0.465,0,0.474,0.583,1,0.000,0.000,0.000,0.000,0.000,0.000,-0.117,0.025
453.81,0.481,0,0.474,0.583,1,0.000,0.000,0.000,0.000,0.000,0.000,-0.117,0.025
454.01,0.470,0,0.534,0.605,1,0.000,0.000,0.000,0.000,0.000,0.000,-0.111,0.008
454.21,0.479,0,0.534,0.605,1,0.000,0.000,0.000,0.000,0.000,0.000,-0.114,0.011
454.41,0.479,0,0.550,0.616,1,0.000,0.000,0.000,0.000,0.000,0.000,-0.109,0.006
454.61,0.487,0,0.550,0.616,1,0.000,0.000,0.000,0.000,0.000,0.000,-0.109,0.006
454.81,0.477,0,0.550,0.616,1,0.000,0.000,0.000,0.000,0.000,0.000,-0.112,0.007
455.01,0.481,0,0.506,0.578,1,0.000,0.000,0.000,0.000,0.000,0.000,-0.115,0.009
455.21,0.479,0,0.506,0.578,1,0.000,0.000,0.000,0.000,0.000,0.000,-0.118,0.016
455.41,0.479,0,0.487,0.564,1,0.000,0.000,0.000,0.000,0.000,0.000,-0.115,0.040
455.61,0.475,0,0.487,0.564,1,0.000,0.000,0.000,0.000,0.000,0.000,-0.115,0.040
455.81,0.479,0,0.487,0.564,1,0.000,0.000,0.000,0.000,0.000,0.000,-0.112,0.029
456.01,0.482,0,0.493,0.566,1,0.000,0.000,0.000,0.000,0.000,0.000,-0.117,0.041
456.21,0.482,0,0.493,0.566,1,0.000,0.000,0.000,0.000,0.000,0.000,-0.117,0.040
456.41,0.477,0,0.487,0.567,1,0.000,0.000,0.000,0.000,0.000,0.000,-0.116,0.041
456.61,0.477,0,0.487,0.567,1,0.000,0.000,0.000,0.000,0.000,0.000,-0.116,0.041
456.81,0.472,0,0.487,0.567,1,0.000,0.000,0.000,0.000,0.000,0.000,-0.112,0.033
457.01,0.477,0,0.498,0.579,1,0.000,0.000,0.000,0.000,0.000,0.000,-0.112,0.034
457.21,0.477,0,0.498,0.579,1,0.000,0.000,0.000,0.000,0.000,0.000,-0.103,0.032
457.41,0.477,0,0.506,0.588,1,0.000,0.000,0.000,0.000,0.000,0.000,-0.103,0.032
457.61,0.477,0,0.506,0.588,1,0.000,0.000,0.000,0.000,0.000,0.000,-0.103,0.037
457.81,0.470,0,0.506,0.588,1,0.000,0.000,0.000,0.000,0.000,0.000,-0.114,0.033
458.01,0.470,0,0.510,0.588,1,0.000,0.000,0.000,0.000,0.000,0.000,-0.112,0.060
458.21,0.477,0,0.510,0.588,1,0.000,0.000,0.000,0.000,0.000,0.000,-0.112,0.060
458.41,0.470,0,0.508,0.588,1,0.000,0.000,0.000,0.000,0.000,0.000,-0.113,0.026
458.61,0.503,0,0.508,0.588,1,0.000,0.000,0.000,0.000,0.000,0.000,-0.109,0.024
458.81,0.489,0,0.508,0.588,1,0.000,0.000,0.000,0.000,0.000,0.000,-0.104,0.038
459.01,0.489,0,0.514,0.592,1,0.000,0.000,0.000,0.000,0.000,0.000,-0.108,0.023
459.21,0.488,0,0.514,0.592,1,0.000,0.000,0.000,0.000,0.000,0.000,-0.108,0.023
459.41,0.481,0,0.513,0.590,1,0.000,0.000,0.000,0.000,0.000,0.000,-0.103,0.038
459.61,0.481,0,0.513,0.590,1,0.000,0.000,0.000,0.000,0.000,0.000,-0.097,0.001
459.81,0.481,0,0.513,0.590,1,0.000,0.000,0.000,0.000,0.000,0.000,-0.103,0.011
460.01,0.507,0,0.515,0.593,1,0.000,0.000,0.000,0.000,0.000,0.000,-0.103,0.008
460.21,0.508,0,0.515,0.593,1,0.000,0.000,0.000,0.000,0.000,0.000,-0.103,0.008
460.41,0.482,0,0.515,0.594,1,0.000,0.000,0.000,0.000,0.000,0.000,-0.106,0.013
460.61,0.477,0,0.515,0.594,1,0.000,0.000,0.000,0.000,0.000,0.000,-0.104,0.018
460.81,0.477,0,0.515,0.594,1,0.000,0.000,0.000,0.000,0.000,0.000,-0.106,0.021
461.01,0.507,0,0.515,0.595,1,0.000,0.000,0.000,0.000,0.000,0.000,-0.106,0.021
461.21,0.477,0,0.515,0.595,1,0.000,0.000,0.000,0.000,0.000,0.000,-0.110,0.024
461.41,0.475,0,0.521,0.599,1,0.000,0.000,0.000,0.000,0.000,0.000,-0.100,0.008
461.61,0.475,0,0.521,0.599,1,0.000,0.000,0.000,0.000,0.000,0.000,-0.108,0.009
461.81,0.474,0,0.521,0.599,1,0.000,0.000,0.000,0.000,0.000,0.000,-0.104,0.005
462.01,0.470,0,0.534,0.592,1,0.000,0.000,0.000,0.000,0.000,0.000,-0.104,0.005
462.21,0.508,0,0.534,0.592,1,0.000,0.000,0.000,0.000,0.000,0.000,-0.113,0.001
462.41,0.477,0,0.498,0.572,1,0.000,0.000,0.000,0.000,0.000,0.000,-0.104,0.017
462.61,0.477,0,0.498,0.572,1,0.000,0.000,0.000,0.000,0.000,0.000,-0.111,0.011
462.81,0.470,0,0.498,0.572,1,0.000,0.000,0.000,0.000,0.000,0.000,-0.111,0.011
463.01,0.468,0,0.477,0.551,1,0.000,0.000,0.000,0.000,0.000,0.000,-0.108,0.016
463.21,0.475,0,0.477,0.551,1,0.000,0.000,0.000,0.000,0.000,0.000,-0.106,0.014
463.41,0.475,0,0.485,0.553,1,0.000,0.000,0.000,0.000,0.000,0.000,-0.109,0.004
463.61,0.477,0,0.485,0.553,1,0.000,0.000,0.000,0.000,0.000,0.000,-0.109,0.012
463.81,0.477,0,0.485,0.553,1,0.000,0.000,0.000,0.000,0.000,0.000,-0.109,0.012
464.01,0.472,0,0.501,0.589,1,0.000,0.000,0.000,0.000,0.000,0.000,-0.118,0.018
464.21,0.482,0,0.501,0.589,1,0.000,0.000,0.000,0.000,0.000,0.000,-0.108,0.013
464.41,0.482,0,0.551,0.627,1,0.000,0.000,0.000,0.000,0.000,0.000,-0.109,-0.002
464.61,0.484,0,0.551,0.627,1,0.000,0.000,0.000,0.000,0.000,0.000,-0.109,-0.002
464.81,0.484,0,0.551,0.627,1,0.000,0.000,0.000,0.000,0.000,0.000,-0.104,0.015
465.01,0.203,0,0.570,0.642,1,0.000,0.000,0.000,0.000,0.000,0.000,-0.104,0.018
465.21,0.203,0,0.570,0.642,1,0.000,0.000,0.000,0.000,0.000,0.000,-0.101,0.009
465.41,0.479,0,0.547,0.615,1,0.000,0.000,0.000,0.000,0.000,0.000,-0.107,-0.000
465.61,0.475,0,0.547,0.615,1,0.000,0.000,0.000,0.000,0.000,0.000,-0.107,-0.000
465.81,0.488,0,0.547,0.615,1,0.000,0.000,0.000,0.000,0.000,0.000,-0.107,0.001
466.01,0.488,0,0.541,0.603,1,0.000,0.000,0.000,0.000,0.000,0.000,-0.102,0.008
466.21,0.488,0,0.541,0.603,1,0.000,0.000,0.000,0.000,0.000,0.000,-0.102,-0.004
466.41,0.482,0,0.523,0.590,1,0.000,0.000,0.000,0.000,0.000,0.000,-0.102,-0.004
466.61,0.474,0,0.523,0.590,1,0.000,0.000,0.000,0.000,0.000,0.000,-0.104,0.001
466.81,0.508,0,0.523,0.590,1,0.000,0.000,0.000,0.000,0.000,0.000,-0.107,-0.000
467.01,0.508,0,0.516,0.592,1,0.000,0.000,0.000,0.000,0.000,0.000,-0.105,0.021
467.21,0.472,0,0.516,0.592,1,0.000,0.000,0.000,0.000,0.000,0.000,-0.108,0.030
467.41,0.512,0,0.520,0.593,1,0.000,0.000,0.000,0.000,0.000,0.000,-0.108,0.030
467.61,0.472,0,0.520,0.593,1,0.000,0.000,0.000,0.000,0.000,0.000,-0.101,0.019
467.81,0.482,0,0.520,0.593,1,0.000,0.000,0.000,0.000,0.000,0.000,-0.107,0.027
468.01,0.482,0,0.515,0.603,1,0.000,0.000,0.000,0.000,0.000,0.000,-0.098,0.034
468.21,0.516,0,0.515,0.603,1,0.000,0.000,0.000,0.000,0.000,0.000,-0.098,0.034
468.41,0.488,0,0.520,0.594,1,0.000,0.000,0.000,0.000,0.000,0.000,-0.106,0.022
468.61,0.486,0,0.520,0.594,1,0.000,0.000,0.000,0.000,0.000,0.000,-0.104,0.009
468.81,0.486,0,0.520,0.594,1,0.000,0.000,0.000,0.000,0.000,0.000,-0.101,0.021
469.01,0.484,0,0.521,0.596,1,0.000,0.000,0.000,0.000,0.000,0.000,-0.099,0.008
469.21,0.489,0,0.521,0.596,1,0.000,0.000,0.000,0.000,0.000,0.000,-0.099,0.008
469.41,0.484,0,0.526,0.600,1,0.000,0.000,0.000,0.000,0.000,0.000,-0.100,0.006
469.61,0.481,0,0.526,0.600,1,0.000,0.000,0.000,0.000,0.000,0.000,-0.102,0.016
469.81,0.481,0,0.526,0.600,1,0.000,0.000,0.000,0.000,0.000,0.000,-0.098,0.016
470.01,0.482,0,0.521,0.593,1,0.000,0.000,0.000,0.000,0.000,0.000,-0.098,0.016
470.21,0.510,0,0.521,0.593,1,0.000,0.000,0.000,0.000,0.000,0.000,-0.108,0.019
470.41,0.472,0,0.509,0.590,1,0.000,0.000,0.000,0.000,0.000,0.000,-0.106,0.008
470.61,0.472,0,0.509,0.590,1,0.000,0.000,0.000,0.000,0.000,0.000,-0.104,0.004
470.81,0.479,0,0.509,0.590,1,0.000,0.000,0.000,0.000,0.000,0.000,-0.104,0.004
471.01,0.492,0,0.500,0.584,1,0.000,0.000,0.000,0.000,0.000,0.000,-0.097,-0.001
471.21,0.481,0,0.500,0.584,1,0.000,0.000,0.000,0.000,0.000,0.000,-0.098,0.008
471.41,0.479,0,0.509,0.592,1,0.000,0.000,0.000,0.000,0.000,0.000,-0.099,0.010
471.61,0.479,0,0.509,0.592,1,0.000,0.000,0.000,0.000,0.000,0.000,-0.102,-0.002
471.81,0.486,0,0.509,0.592,1,0.000,0.000,0.000,0.000,0.000,0.000,-0.102,-0.002
472.01,0.475,0,0.517,0.594,1,0.000,0.000,0.000,0.000,0.000,0.000,-0.106,0.009
472.21,0.489,0,0.517,0.594,1,0.000,0.000,0.000,0.000,0.000,0.000,-0.101,0.011
472.41,0.489,0,0.520,0.594,1,0.000,0.000,0.000,0.000,0.000,0.000,-0.101,0.015
472.61,0.477,0,0.520,0.594,1,0.000,0.000,0.000,0.000,0.000,0.000,-0.101,0.015
472.81,0.488,0,0.520,0.594,1,0.000,0.000,0.000,0.000,0.000,0.000,-0.098,-0.000
473.01,0.489,0,0.522,0.598,1,0.000,0.000,0.000,0.000,0.000,0.000,-0.106,0.017
473.21,0.479,0,0.522,0.598,1,0.000,0.000,0.000,0.000,0.000,0.000,-0.103,0.009
473.41,0.479,0,0.514,0.594,1,0.000,0.000,0.000,0.000,0.000,0.000,-0.103,0.012
473.61,0.487,0,0.514,0.594,1,0.000,0.000,0.000,0.000,0.000,0.000,-0.103,0.012
473.81,0.479,0,0.514,0.594,1,0.000,0.000,0.000,0.000,0.000,0.000,-0.101,-0.000
474.01,0.472,0,0.507,0.591,1,0.000,0.000,0.000,0.000,0.000,0.000,-0.102,0.002
474.21,0.472,0,0.507,0.591,1,0.000,0.000,0.000,0.000,0.000,0.000,-0.104,0.015
474.41,0.503,0,0.511,0.590,1,0.000,0.000,0.000,0.000,0.000,0.000,-0.104,0.015
474.61,0.477,0,0.511,0.590,1,0.000,0.000,0.000,0.000,0.000,0.000,-0.104,0.017
474.81,0.479,0,0.511,0.590,1,0.000,0.000,0.000,0.000,0.000,0.000,-0.101,0.007
475.01,0.487,0,0.517,0.595,1,0.000,0.000,0.000,0.000,0.000,0.000,-0.108,0.012
475.21,0.487,0,0.517,0.595,1,0.000,0.000,0.000,0.000,0.000,0.000,-0.102,0.017
475.41,0.479,0,0.521,0.597,1,0.000,0.000,0.000,0.000,0.000,0.000,-0.102,0.017
475.61,0.477,0,0.521,0.597,1,0.000,0.000,0.000,0.000,0.000,0.000,-0.095,0.009
475.81,0.497,0,0.521,0.597,1,0.000,0.000,0.000,0.000,0.000,0.000,-0.095,0.005
476.01,0.497,0,0.505,0.588,1,0.000,0.000,0.000,0.000,0.000,0.000,-0.100,0.005
476.21,0.475,0,0.505,0.588,1,0.000,0.000,0.000,0.000,0.000,0.000,-0.100,0.005
476.41,0.486,0,0.516,0.599,1,0.000,0.000,0.000,0.000,0.000,0.000,-0.099,-0.006
476.61,0.484,0,0.516,0.599,1,0.000,0.000,0.000,0.000,0.000,0.000,-0.095,-0.018
476.81,0.470,0,0.516,0.599,1,0.000,0.000,0.000,0.000,0.000,0.000,-0.097,-0.007
477.01,0.470,0,0.525,0.600,1,0.000,0.000,0.000,0.000,0.000,0.000,-0.094,-0.004
477.21,0.516,0,0.525,0.600,1,0.000,0.000,0.000,0.000,0.000,0.000,-0.094,-0.004
477.41,0.475,0,0.524,0.596,1,0.000,0.000,0.000,0.000,0.000,0.000,-0.097,0.012
477.61,0.479,0,0.524,0.596,1,0.000,0.000,0.000,0.000,0.000,0.000,-0.102,0.009
477.81,0.479,0,0.524,0.596,1,0.000,0.000,0.000,0.000,0.000,0.000,-0.105,0.010
478.01,0.505,0,0.513,0.588,1,0.000,0.000,0.000,0.000,0.000,0.000,-0.105,0.010
478.21,0.477,0,0.513,0.588,1,0.000,0.000,0.000,0.000,0.000,0.000,-0.105,0.004
478.41,0.472,0,0.513,0.589,1,0.000,0.000,0.000,0.000,0.000,0.000,-0.096,-0.002
478.61,0.482,0,0.513,0.589,1,0.000,0.000,0.000,0.000,0.000,0.000,-0.104,0.001
478.81,0.482,0,0.513,0.589,1,0.000,0.000,0.000,0.000,0.000,0.000,-0.100,0.000
479.01,0.481,0,0.518,0.594,1,0.000,0.000,0.000,0.000,0.000,0.000,-0.100,0.000
479.21,0.511,0,0.518,0.594,1,0.000,0.000,0.000,0.000,0.000,0.000,-0.103,0.017
479.41,0.481,0,0.524,0.598,1,0.000,0.000,0.000,0.000,0.000,0.000,-0.101,0.016
479.61,0.481,0,0.524,0.598,1,0.000,0.000,0.000,0.000,0.000,0.000,-0.106,-0.002
479.81,0.507,0,0.524,0.598,1,0.000,0.000,0.000,0.000,0.000,0.000,-0.106,-0.002
480.01,0.470,0,0.511,0.598,1,0.000,0.000,0.000,0.000,0.000,0.000,-0.110,0.016
480.21,0.484,0,0.511,0.598,1,0.000,0.000,0.000,0.000,0.000,0.000,-0.104,0.001
480.41,0.472,0,0.523,0.600,1,0.000,0.000,0.000,0.000,0.000,0.000,-0.099,-0.004
480.61,0.472,0,0.523,0.600,1,0.000,0.000,0.000,0.000,0.000,0.000,-0.110,0.018
480.81,0.472,0,0.523,0.600,1,0.000,0.000,0.000,0.000,0.000,0.000,-0.110,0.018
481.01,0.477,0,0.528,0.607,1,0.000,0.000,0.000,0.000,0.000,0.000,-0.111,0.026
481.21,0.533,0,0.528,0.607,1,0.000,0.000,0.000,0.000,0.000,0.000,-0.100,0.007
481.41,0.533,0,0.549,0.620,1,0.000,0.000,0.000,0.000,0.000,0.000,-0.099,-0.005
481.61,0.488,0,0.549,0.620,1,0.000,0.000,0.000,0.000,0.000,0.000,-0.099,-0.005
481.81,0.470,0,0.549,0.620,1,0.000,0.000,0.000,0.000,0.000,0.000,-0.107,-0.004
482.01,0.569,0,0.576,0.537,1,0.000,0.000,0.000,0.000,0.000,0.000,-0.105,-0.003
482.21,0.479,0,0.576,0.537,1,0.000,0.000,0.000,0.000,0.000,0.000,-0.103,-0.005
482.41,0.479,0,0.559,0.626,1,0.000,0.000,0.000,0.000,0.000,0.000,-0.113,-0.000
482.61,0.484,0,0.559,0.626,1,0.000,0.000,0.000,0.000,0.000,0.000,-0.113,-0.000
482.81,0.470,0,0.559,0.626,1,0.000,0.000,0.000,0.000,0.000,0.000,-0.108,-0.009
483.01,0.549,0,0.560,0.625,1,0.000,0.000,0.000,0.000,0.000,0.000,-0.106,0.013
483.21,0.549,0,0.560,0.625,1,0.000,0.000,0.000,0.000,0.000,0.000,-0.100,-0.007
483.41,0.482,0,0.547,0.615,1,0.000,0.000,0.000,0.000,0.000,0.000,-0.100,-0.007
483.61,0.488,0,0.547,0.615,1,0.000,0.000,0.000,0.000,0.000,0.000,-0.100,0.009
483.81,0.472,0,0.547,0.615,1,0.000,0.000,0.000,0.000,0.000,0.000,-0.093,0.012
484.01,0.526,0,0.535,0.607,1,0.000,0.000,0.000,0.000,0.000,0.000,-0.088,0.000
484.21,0.526,0,0.535,0.607,1,0.000,0.000,0.000,0.000,0.000,0.000,-0.088,0.003
484.41,0.477,0,0.535,0.614,1,0.000,0.000,0.000,0.000,0.000,0.000,-0.088,0.003
484.61,0.486,0,0.535,0.614,1,0.000,0.000,0.000,0.000,0.000,0.000,-0.094,-0.003
484.81,0.481,0,0.535,0.614,1,0.000,0.000,0.000,0.000,0.000,0.000,-0.100,0.007
485.01,0.481,0,0.545,0.627,1,0.000,0.000,0.000,0.000,0.000,0.000,-0.093,0.007
485.21,0.470,0,0.545,0.627,1,0.000,0.000,0.000,0.000,0.000,0.000,-0.093,0.007
485.41,0.481,0,0.544,0.624,1,0.000,0.000,0.000,0.000,0.000,0.000,-0.102,0.002
485.61,0.477,0,0.544,0.624,1,0.000,0.000,0.000,0.000,0.000,0.000,-0.094,0.010
485.81,0.487,0,0.544,0.624,1,0.000,0.000,0.000,0.000,0.000,0.000,-0.096,0.015
486.01,0.487,0,0.545,0.598,1,0.000,0.000,0.000,0.000,0.000,0.000,-0.098,0.002
486.21,0.481,0,0.545,0.598,1,0.000,0.000,0.000,0.000,0.000,0.000,-0.098,0.002
486.41,0.477,0,0.544,0.614,1,0.000,0.000,0.000,0.000,0.000,0.000,-0.107,0.005
486.61,0.479,0,0.544,0.614,1,0.000,0.000,0.000,0.000,0.000,0.000,-0.094,0.003
486.81,0.479,0,0.544,0.614,1,0.000,0.000,0.000,0.000,0.000,0.000,-0.099,0.006
487.01,0.470,0,0.545,0.605,1,0.000,0.000,0.000,0.000,0.000,0.000,-0.099,0.006
487.21,0.475,0,0.545,0.605,1,0.000,0.000,0.000,0.000,0.000,0.000,-0.101,0.004
487.41,0.470,0,0.548,0.599,1,0.000,0.000,0.000,0.000,0.000,0.000,-0.103,0.010
487.61,0.481,0,0.548,0.599,1,0.000,0.000,0.000,0.000,0.000,0.000,-0.101,0.006
487.81,0.481,0,0.548,0.599,1,0.000,0.000,0.000,0.000,0.000,0.000,-0.100,-0.003
488.01,0.479,0,0.561,0.593,1,0.000,0.000,0.000,0.000,0.000,0.000,-0.100,-0.003
488.21,0.472,0,0.561,0.593,1,0.000,0.000,0.000,0.000,0.000,0.000,-0.106,-0.002
488.41,0.477,0,0.557,0.612,1,0.000,0.000,0.000,0.000,0.000,0.000,-0.105,0.006
488.61,0.477,0,0.557,0.612,1,0.000,0.000,0.000,0.000,0.000,0.000,-0.098,0.007
488.81,0.470,0,0.557,0.612,1,0.000,0.000,0.000,0.000,0.000,0.000,-0.098,0.007
489.01,0.477,0,0.553,0.629,1,0.000,0.000,0.000,0.000,0.000,0.000,-0.098,0.004
489.21,0.479,0,0.553,0.629,1,0.000,0.000,0.000,0.000,0.000,0.000,-0.099,-0.000
489.41,0.477,0,0.559,0.619,1,0.000,0.000,0.000,0.000,0.000,0.000,-0.106,0.004
489.61,0.477,0,0.559,0.619,1,0.000,0.000,0.000,0.000,0.000,0.000,-0.111,0.002
489.81,0.518,0,0.559,0.619,1,0.000,0.000,0.000,0.000,0.000,0.000,-0.111,0.002
490.01,0.477,0,0.504,0.560,1,0.000,0.000,0.000,0.000,0.000,0.000,-0.109,0.003
490.21,0.472,0,0.504,0.560,1,0.000,0.000,0.000,0.000,0.000,0.000,-0.116,0.002
490.41,0.472,0,0.494,0.555,1,0.000,0.000,0.000,0.000,0.000,0.000,-0.107,0.002
490.61,0.486,0,0.494,0.555,1,0.000,0.000,0.000,0.000,0.000,0.000,-0.107,0.002
490.81,0.488,0,0.494,0.555,1,0.000,0.000,0.000,0.000,0.000,0.000,-0.110,0.003
491.01,0.472,0,0.523,0.578,1,0.000,0.000,0.000,0.000,0.000,0.000,-0.111,-0.004
491.21,0.472,0,0.523,0.578,1,0.000,0.000,0.000,0.000,0.000,0.000,-0.104,-0.011
491.41,0.495,0,0.520,0.593,1,0.000,0.000,0.000,0.000,0.000,0.000,-0.116,0.001
491.61,0.477,0,0.520,0.593,1,0.000,0.000,0.000,0.000,0.000,0.000,-0.116,0.001
491.81,0.509,0,0.520,0.593,1,0.000,0.000,0.000,0.000,0.000,0.000,-0.115,-0.035
492.01,0.488,0,0.517,0.597,1,0.000,0.000,0.000,0.000,0.000,0.000,-0.113,-0.007
492.21,0.488,0,0.517,0.597,1,0.000,0.000,0.000,0.000,0.000,0.000,-0.120,0.004
492.41,0.479,0,0.531,0.604,1,0.000,0.000,0.000,0.000,0.000,0.000,-0.120,0.004
492.61,0.479,0,0.531,0.604,1,0.000,0.000,0.000,0.000,0.000,0.000,-0.112,0.006
492.81,0.475,0,0.531,0.604,1,0.000,0.000,0.000,0.000,0.000,0.000,-0.117,-0.019
493.01,0.475,0,0.540,0.609,1,0.000,0.000,0.000,0.000,0.000,0.000,-0.111,-0.023
493.21,0.472,0,0.540,0.609,1,0.000,0.000,0.000,0.000,0.000,0.000,-0.111,-0.023
493.41,0.474,0,0.532,0.606,1,0.000,0.000,0.000,0.000,0.000,0.000,-0.111,-0.009
493.61,0.472,0,0.532,0.606,1,0.000,0.000,0.000,0.000,0.000,0.000,-0.112,-0.008
493.81,0.472,0,0.532,0.606,1,0.000,0.000,0.000,0.000,0.000,0.000,-0.124,-0.006
494.01,0.472,0,0.537,0.602,1,0.000,0.000,0.000,0.000,0.000,0.000,-0.121,-0.012
494.21,0.477,0,0.537,0.602,1,0.000,0.000,0.000,0.000,0.000,0.000,-0.121,-0.012
494.41,0.484,0,0.532,0.601,1,0.000,0.000,0.000,0.000,0.000,0.000,-0.123,-0.007
494.61,0.479,0,0.532,0.601,1,0.000,0.000,0.000,0.000,0.000,0.000,-0.119,-0.009
494.81,0.479,0,0.532,0.601,1,0.000,0.000,0.000,0.000,0.000,0.000,-0.119,-0.023
495.01,0.472,0,0.533,0.601,1,0.000,0.000,0.000,0.000,0.000,0.000,-0.119,-0.023
495.21,0.477,0,0.533,0.601,1,0.000,0.000,0.000,0.000,0.000,0.000,-0.124,0.003
495.41,0.481,0,0.533,0.604,1,0.000,0.000,0.000,0.000,0.000,0.000,-0.115,-0.009
495.61,0.482,0,0.533,0.604,1,0.000,0.000,0.000,0.000,0.000,0.000,-0.122,-0.013
495.81,0.482,0,0.533,0.604,1,0.000,0.000,0.000,0.000,0.000,0.000,-0.120,-0.023
496.01,0.475,0,0.533,0.607,1,0.000,0.000,0.000,0.000,0.000,0.000,-0.120,-0.023
496.21,0.531,0,0.533,0.607,1,0.000,0.000,0.000,0.000,0.000,0.000,-0.116,-0.016
496.41,0.472,0,0.534,0.604,1,0.000,0.000,0.000,0.000,0.000,0.000,-0.113,-0.019
496.61,0.472,0,0.534,0.604,1,0.000,0.000,0.000,0.000,0.000,0.000,-0.116,-0.009
496.81,0.475,0,0.534,0.604,1,0.000,0.000,0.000,0.000,0.000,0.000,-0.116,-0.009
497.01,0.489,0,0.538,0.604,1,0.000,0.000,0.000,0.000,0.000,0.000,-0.115,-0.008
497.21,0.477,0,0.538,0.604,1,0.000,0.000,0.000,0.000,0.000,0.000,-0.115,-0.006
497.41,0.474,0,0.533,0.603,1,0.000,0.000,0.000,0.000,0.000,0.000,-0.117,-0.005
497.61,0.474,0,0.533,0.603,1,0.000,0.000,0.000,0.000,0.000,0.000,-0.115,-0.018
497.81,0.472,0,0.533,0.603,1,0.000,0.000,0.000,0.000,0.000,0.000,-0.115,-0.018
498.01,0.477,0,0.534,0.603,1,0.000,0.000,0.000,0.000,0.000,0.000,-0.111,-0.011
498.21,0.470,0,0.534,0.603,1,0.000,0.000,0.000,0.000,0.000,0.000,-0.106,-0.010
498.41,0.470,0,0.532,0.602,1,0.000,0.000,0.000,0.000,0.000,0.000,-0.112,-0.011
498.61,0.489,0,0.532,0.602,1,0.000,0.000,0.000,0.000,0.000,0.000,-0.112,-0.011
498.81,0.470,0,0.532,0.602,1,0.000,0.000,0.000,0.000,0.000,0.000,-0.114,-0.010
499.01,0.481,0,0.531,0.602,1,0.000,0.000,0.000,0.000,0.000,0.000,-0.113,-0.001
499.21,0.470,0,0.531,0.602,1,0.000,0.000,0.000,0.000,0.000,0.000,-0.107,-0.012
499.41,0.470,0,0.538,0.605,1,0.000,0.000,0.000,0.000,0.000,0.000,-0.108,-0.005
499.61,0.482,0,0.538,0.605,1,0.000,0.000,0.000,0.000,0.000,0.000,-0.108,-0.005
499.81,0.477,0,0.538,0.605,1,0.000,0.000,0.000,0.000,0.000,0.000,-0.110,-0.006
500.01,0.474,0,0.539,0.604,1,0.000,0.000,0.000,0.000,0.000,0.000,-0.112,-0.004
500.21,0.474,0,0.539,0.604,1,0.000,0.000,0.000,0.000,0.000,0.000,-0.113,-0.005
500.41,0.477,0,0.530,0.601,1,0.000,0.000,0.000,0.000,0.000,0.000,-0.113,-0.005
500.61,0.520,0,0.530,0.601,1,0.000,0.000,0.000,0.000,0.000,0.000,-0.111,-0.021
500.81,0.472,0,0.530,0.601,1,0.000,0.000,0.000,0.000,0.000,0.000,-0.115,-0.013
501.01,0.479,0,0.531,0.602,1,0.000,0.000,0.000,0.000,0.000,0.000,-0.117,-0.007
501.21,0.479,0,0.531,0.602,1,0.000,0.000,0.000,0.000,0.000,0.000,-0.118,-0.020
501.41,0.486,0,0.534,0.601,1,0.000,0.000,0.000,0.000,0.000,0.000,-0.118,-0.020
501.61,0.475,0,0.534,0.601,1,0.000,0.000,0.000,0.000,0.000,0.000,-0.118,-0.019
501.81,0.477,0,0.534,0.601,1,0.000,0.000,0.000,0.000,0.000,0.000,-0.119,-0.004
502.01,0.477,0,0.531,0.601,1,0.000,0.000,0.000,0.000,0.000,0.000,-0.111,-0.020
502.21,0.472,0,0.531,0.601,1,0.000,0.000,0.000,0.000,0.000,0.000,-0.111,-0.020
502.41,0.470,0,0.532,0.602,1,0.000,0.000,0.000,0.000,0.000,0.000,-0.118,-0.006
502.61,0.484,0,0.532,0.602,1,0.000,0.000,0.000,0.000,0.000,0.000,-0.124,-0.001
502.81,0.472,0,0.532,0.602,1,0.000,0.000,0.000,0.000,0.000,0.000,-0.113,-0.000
503.01,0.472,0,0.537,0.603,1,0.000,0.000,0.000,0.000,0.000,0.000,-0.114,-0.016
503.21,0.489,0,0.537,0.603,1,0.000,0.000,0.000,0.000,0.000,0.000,-0.114,-0.016
503.41,0.479,0,0.533,0.604,1,0.000,0.000,0.000,0.000,0.000,0.000,-0.111,-0.011
503.61,0.528,0,0.533,0.604,1,0.000,0.000,0.000,0.000,0.000,0.000,-0.119,-0.019
503.81,0.528,0,0.533,0.604,1,0.000,0.000,0.000,0.000,0.000,0.000,-0.114,0.004
504.01,0.489,0,0.534,0.604,1,0.000,0.000,0.000,0.000,0.000,0.000,-0.114,0.004
504.21,0.487,0,0.534,0.604,1,0.000,0.000,0.000,0.000,0.000,0.000,-0.119,-0.021
504.41,0.532,0,0.540,0.606,1,0.000,0.000,0.000,0.000,0.000,0.000,-0.120,-0.026
504.61,0.474,0,0.540,0.606,1,0.000,0.000,0.000,0.000,0.000,0.000,-0.115,-0.015
504.81,0.474,0,0.540,0.606,1,0.000,0.000,0.000,0.000,0.000,0.000,-0.120,-0.004
505.01,0.475,0,0.539,0.604,1,0.000,0.000,0.000,0.000,0.000,0.000,-0.120,-0.004
505.21,0.486,0,0.539,0.604,1,0.000,0.000,0.000,0.000,0.000,0.000,-0.115,-0.014
505.41,0.477,0,0.538,0.607,1,0.000,0.000,0.000,0.000,0.000,0.000,-0.112,-0.007
505.61,0.477,0,0.538,0.607,1,0.000,0.000,0.000,0.000,0.000,0.000,-0.111,-0.012
505.81,0.472,0,0.538,0.607,1,0.000,0.000,0.000,0.000,0.000,0.000,-0.111,-0.012
506.01,0.481,0,0.536,0.608,1,0.000,0.000,0.000,0.000,0.000,0.000,-0.116,-0.018
506.21,0.472,0,0.536,0.608,1,0.000,0.000,0.000,0.000,0.000,0.000,-0.116,-0.021
506.41,0.475,0,0.537,0.609,1,0.000,0.000,0.000,0.000,0.000,0.000,-0.116,-0.025
506.61,0.475,0,0.537,0.609,1,0.000,0.000,0.000,0.000,0.000,0.000,-0.106,-0.023
506.81,0.470,0,0.537,0.609,1,0.000,0.000,0.000,0.000,0.000,0.000,-0.106,-0.023
507.01,0.481,0,0.537,0.608,1,0.000,0.000,0.000,0.000,0.000,0.000,-0.113,-0.026
507.21,0.472,0,0.537,0.608,1,0.000,0.000,0.000,0.000,0.000,0.000,-0.114,-0.022
507.41,0.472,0,0.536,0.609,1,0.000,0.000,0.000,0.000,0.000,0.000,-0.111,-0.029
507.61,0.479,0,0.536,0.609,1,0.000,0.000,0.000,0.000,0.000,0.000,-0.111,-0.029
507.81,0.479,0,0.536,0.609,1,0.000,0.000,0.000,0.000,0.000,0.000,-0.106,-0.033
508.01,0.482,0,0.539,0.608,1,0.000,0.000,0.000,0.000,0.000,0.000,-0.106,-0.027
508.21,0.475,0,0.539,0.608,1,0.000,0.000,0.000,0.000,0.000,0.000,-0.111,-0.009
508.41,0.475,0,0.539,0.608,1,0.000,0.000,0.000,0.000,0.000,0.000,-0.101,-0.016
508.61,0.477,0,0.539,0.608,1,0.000,0.000,0.000,0.000,0.000,0.000,-0.101,-0.016
508.81,0.477,0,0.539,0.608,1,0.000,0.000,0.000,0.000,0.000,0.000,-0.105,-0.012
509.01,0.472,0,0.535,0.609,1,0.000,0.000,0.000,0.000,0.000,0.000,-0.102,-0.019
509.21,0.472,0,0.535,0.609,1,0.000,0.000,0.000,0.000,0.000,0.000,-0.105,-0.014
509.41,0.475,0,0.537,0.612,1,0.000,0.000,0.000,0.000,0.000,0.000,-0.105,-0.014
509.61,0.487,0,0.537,0.612,1,0.000,0.000,0.000,0.000,0.000,0.000,-0.105,-0.025
509.81,0.482,0,0.537,0.612,1,0.000,0.000,0.000,0.000,0.000,0.000,-0.113,-0.011
510.01,0.482,0,0.542,0.616,1,0.000,0.000,0.000,0.000,0.000,0.000,-0.111,-0.025
510.21,0.486,0,0.542,0.616,1,0.000,0.000,0.000,0.000,0.000,0.000,-0.111,-0.025
510.41,0.484,0,0.545,0.614,1,0.000,0.000,0.000,0.000,0.000,0.000,-0.119,-0.013
510.61,0.475,0,0.545,0.614,1,0.000,0.000,0.000,0.000,0.000,0.000,-0.113,-0.019
510.81,0.534,0,0.545,0.614,1,0.000,0.000,0.000,0.000,0.000,0.000,-0.114,-0.017
511.01,0.534,0,0.542,0.614,1,0.000,0.000,0.000,0.000,0.000,0.000,-0.110,-0.013
511.21,0.479,0,0.542,0.614,1,0.000,0.000,0.000,0.000,0.000,0.000,-0.110,-0.013
511.41,0.474,0,0.542,0.614,1,0.000,0.000,0.000,0.000,0.000,0.000,-0.118,-0.011
511.61,0.477,0,0.542,0.614,1,0.000,0.000,0.000,0.000,0.000,0.000,-0.117,-0.006
511.81,0.477,0,0.542,0.614,1,0.000,0.000,0.000,0.000,0.000,0.000,-0.110,-0.023
512.01,0.482,0,0.544,0.613,1,0.000,0.000,0.000,0.000,0.000,0.000,-0.110,-0.023
512.21,0.472,0,0.544,0.613,1,0.000,0.000,0.000,0.000,0.000,0.000,-0.109,-0.023
512.41,0.481,0,0.543,0.614,1,0.000,0.000,0.000,0.000,0.000,0.000,-0.107,-0.022
512.61,0.477,0,0.543,0.614,1,0.000,0.000,0.000,0.000,0.000,0.000,-0.107,-0.027
512.81,0.477,0,0.543,0.614,1,0.000,0.000,0.000,0.000,0.000,0.000,-0.114,-0.019
513.01,0.475,0,0.545,0.615,1,0.000,0.000,0.000,0.000,0.000,0.000,-0.114,-0.019
513.21,0.472,0,0.545,0.615,1,0.000,0.000,0.000,0.000,0.000,0.000,-0.110,-0.014
513.41,0.537,0,0.544,0.618,1,0.000,0.000,0.000,0.000,0.000,0.000,-0.109,-0.028
513.61,0.537,0,0.544,0.618,1,0.000,0.000,0.000,0.000,0.000,0.000,-0.108,-0.021
513.81,0.477,0,0.544,0.618,1,0.000,0.000,0.000,0.000,0.000,0.000,-0.108,-0.021
514.01,0.541,0,0.548,0.617,1,0.000,0.000,0.000,0.000,0.000,0.000,-0.106,-0.024
514.21,0.482,0,0.548,0.617,1,0.000,0.000,0.000,0.000,0.000,0.000,-0.105,-0.026
514.41,0.477,0,0.545,0.617,1,0.000,0.000,0.000,0.000,0.000,0.000,-0.105,-0.037
514.61,0.477,0,0.545,0.617,1,0.000,0.000,0.000,0.000,0.000,0.000,-0.108,-0.038
514.81,0.481,0,0.545,0.617,1,0.000,0.000,0.000,0.000,0.000,0.000,-0.108,-0.038
515.01,0.481,0,0.545,0.617,1,0.000,0.000,0.000,0.000,0.000,0.000,-0.103,-0.029
515.21,0.487,0,0.545,0.617,1,0.000,0.000,0.000,0.000,0.000,0.000,-0.104,-0.031
515.41,0.487,0,0.542,0.615,1,0.000,0.000,0.000,0.000,0.000,0.000,-0.102,-0.038
515.61,0.481,0,0.542,0.615,1,0.000,0.000,0.000,0.000,0.000,0.000,-0.102,-0.038
515.81,0.475,0,0.542,0.615,1,0.000,0.000,0.000,0.000,0.000,0.000,-0.113,-0.028
516.01,0.475,0,0.544,0.613,1,0.000,0.000,0.000,0.000,0.000,0.000,-0.105,-0.027
516.21,0.489,0,0.544,0.613,1,0.000,0.000,0.000,0.000,0.000,0.000,-0.107,-0.013
516.41,0.489,0,0.543,0.613,1,0.000,0.000,0.000,0.000,0.000,0.000,-0.109,-0.024
516.61,0.481,0,0.543,0.613,1,0.000,0.000,0.000,0.000,0.000,0.000,-0.109,-0.024
516.81,0.484,0,0.543,0.613,1,0.000,0.000,0.000,0.000,0.000,0.000,-0.125,-0.003
517.01,0.477,0,0.548,0.616,1,0.000,0.000,0.000,0.000,0.000,0.000,-0.109,0.027
517.21,0.477,0,0.548,0.616,1,0.000,0.000,0.000,0.000,0.000,0.000,-0.115,-0.012
517.41,0.479,0,0.549,0.616,1,0.000,0.000,0.000,0.000,0.000,0.000,-0.115,-0.012
517.61,0.474,0,0.549,0.616,1,0.000,0.000,0.000,0.000,0.000,0.000,-0.117,0.003
517.81,0.488,0,0.549,0.616,1,0.000,0.000,0.000,0.000,0.000,0.000,-0.103,-0.004
518.01,0.479,0,0.548,0.613,1,0.000,0.000,0.000,0.000,0.000,0.000,-0.105,0.005
518.21,0.479,0,0.548,0.613,1,0.000,0.000,0.000,0.000,0.000,0.000,-0.105,0.012
518.41,0.475,0,0.546,0.613,1,0.000,0.000,0.000,0.000,0.000,0.000,-0.105,0.012
518.61,0.538,0,0.546,0.613,1,0.000,0.000,0.000,0.000,0.000,0.000,-0.103,-0.004
518.81,0.479,0,0.546,0.613,1,0.000,0.000,0.000,0.000,0.000,0.000,-0.101,0.005
519.01,0.479,0,0.544,0.613,1,0.000,0.000,0.000,0.000,0.000,0.000,-0.102,0.014
519.21,0.489,0,0.544,0.613,1,0.000,0.000,0.000,0.000,0.000,0.000,-0.102,0.014
519.41,0.481,0,0.545,0.615,1,0.000,0.000,0.000,0.000,0.000,0.000,-0.103,0.024
519.61,0.472,0,0.545,0.615,1,0.000,0.000,0.000,0.000,0.000,0.000,-0.098,0.001
519.81,0.477,0,0.545,0.615,1,0.000,0.000,0.000,0.000,0.000,0.000,-0.099,-0.007
520.01,0.477,0,0.547,0.615,1,0.000,0.000,0.000,0.000,0.000,0.000,-0.098,0.009
520.21,0.538,0,0.547,0.615,1,0.000,0.000,0.000,0.000,0.000,0.000,-0.098,0.009
520.41,0.475,0,0.547,0.616,1,0.000,0.000,0.000,0.000,0.000,0.000,-0.097,0.006
520.61,0.487,0,0.547,0.616,1,0.000,0.000,0.000,0.000,0.000,0.000,-0.093,0.003
520.81,0.487,0,0.547,0.616,1,0.000,0.000,0.000,0.000,0.000,0.000,-0.094,-0.010
521.01,0.479,0,0.546,0.617,1,0.000,0.000,0.000,0.000,0.000,0.000,-0.094,-0.010
521.21,0.481,0,0.546,0.617,1,0.000,0.000,0.000,0.000,0.000,0.000,-0.097,-0.004
521.41,0.481,0,0.544,0.616,1,0.000,0.000,0.000,0.000,0.000,0.000,-0.094,-0.013
521.61,0.484,0,0.544,0.616,1,0.000,0.000,0.000,0.000,0.000,0.000,-0.100,-0.017
521.81,0.484,0,0.544,0.616,1,0.000,0.000,0.000,0.000,0.000,0.000,-0.099,-0.002
522.01,0.538,0,0.545,0.617,1,0.000,0.000,0.000,0.000,0.000,0.000,-0.099,-0.002
522.21,0.472,0,0.545,0.617,1,0.000,0.000,0.000,0.000,0.000,0.000,-0.101,-0.006
522.41,0.477,0,0.544,0.615,1,0.000,0.000,0.000,0.000,0.000,0.000,-0.104,-0.001
522.61,0.477,0,0.544,0.615,1,0.000,0.000,0.000,0.000,0.000,0.000,-0.100,-0.003
522.81,0.486,0,0.544,0.615,1,0.000,0.000,0.000,0.000,0.000,0.000,-0.100,-0.003
523.01,0.474,0,0.544,0.616,1,0.000,0.000,0.000,0.000,0.000,0.000,-0.099,0.001
523.21,0.482,0,0.544,0.616,1,0.000,0.000,0.000,0.000,0.000,0.000,-0.103,0.006
523.41,0.536,0,0.544,0.614,1,0.000,0.000,0.000,0.000,0.000,0.000,-0.098,-0.010
523.61,0.536,0,0.544,0.614,1,0.000,0.000,0.000,0.000,0.000,0.000,-0.103,-0.013
523.81,0.487,0,0.544,0.614,1,0.000,0.000,0.000,0.000,0.000,0.000,-0.103,-0.013
524.01,0.475,0,0.544,0.614,1,0.000,0.000,0.000,0.000,0.000,0.000,-0.099,-0.010
524.21,0.472,0,0.544,0.614,1,0.000,0.000,0.000,0.000,0.000,0.000,-0.114,-0.006
524.41,0.472,0,0.547,0.618,1,0.000,0.000,0.000,0.000,0.000,0.000,-0.107,0.002
524.61,0.472,0,0.547,0.618,1,0.000,0.000,0.000,0.000,0.000,0.000,-0.107,0.002
524.81,0.477,0,0.547,0.618,1,0.000,0.000,0.000,0.000,0.000,0.000,-0.098,0.000
525.01,0.477,0,0.545,0.615,1,0.000,0.000,0.000,0.000,0.000,0.000,-0.100,-0.004
525.21,0.477,0,0.545,0.615,1,0.000,0.000,0.000,0.000,0.000,0.000,-0.094,0.005
525.41,0.484,0,0.546,0.628,1,0.000,0.000,0.000,0.000,0.000,0.000,-0.098,0.004
525.61,0.479,0,0.546,0.628,1,0.000,0.000,0.000,0.000,0.000,0.000,-0.098,0.004
525.81,0.557,0,0.546,0.628,1,0.000,0.000,0.000,0.000,0.000,0.000,-0.095,-0.005
526.01,0.482,0,0.564,0.637,1,0.000,0.000,0.000,0.000,0.000,0.000,-0.105,0.009
526.21,0.482,0,0.564,0.637,1,0.000,0.000,0.000,0.000,0.000,0.000,-0.099,-0.007
526.41,0.477,0,0.566,0.640,1,0.000,0.000,0.000,0.000,0.000,0.000,-0.099,-0.007
526.61,0.479,0,0.566,0.640,1,0.000,0.000,0.000,0.000,0.000,0.000,-0.097,-0.013
526.81,0.472,0,0.566,0.640,1,0.000,0.000,0.000,0.000,0.000,0.000,-0.100,-0.006
527.01,0.472,0,0.552,0.630,1,0.000,0.000,0.000,0.000,0.000,0.000,-0.093,-0.002
527.21,0.470,0,0.552,0.630,1,0.000,0.000,0.000,0.000,0.000,0.000,-0.093,-0.002
527.41,0.477,0,0.545,0.621,1,0.000,0.000,0.000,0.000,0.000,0.000,-0.095,0.003
527.61,0.487,0,0.545,0.621,1,0.000,0.000,0.000,0.000,0.000,0.000,-0.098,-0.003
527.81,0.477,0,0.545,0.621,1,0.000,0.000,0.000,0.000,0.000,0.000,-0.099,-0.008
528.01,0.477,0,0.549,0.624,1,0.000,0.000,0.000,0.000,0.000,0.000,-0.100,-0.011
528.21,0.470,0,0.549,0.624,1,0.000,0.000,0.000,0.000,0.000,0.000,-0.100,-0.011
528.41,0.477,0,0.544,0.611,1,0.000,0.000,0.000,0.000,0.000,0.000,-0.105,-0.000
528.61,0.529,0,0.544,0.611,1,0.000,0.000,0.000,0.000,0.000,0.000,-0.099,0.008
528.81,0.529,0,0.544,0.611,1,0.000,0.000,0.000,0.000,0.000,0.000,-0.104,0.007
529.01,0.479,0,0.541,0.617,1,0.000,0.000,0.000,0.000,0.000,0.000,-0.104,0.007
529.21,0.488,0,0.541,0.617,1,0.000,0.000,0.000,0.000,0.000,0.000,-0.101,0.001
529.41,0.481,0,0.543,0.613,1,0.000,0.000,0.000,0.000,0.000,0.000,-0.101,-0.007
529.61,0.481,0,0.543,0.613,1,0.000,0.000,0.000,0.000,0.000,0.000,-0.110,-0.011
529.81,0.481,0,0.543,0.613,1,0.000,0.000,0.000,0.000,0.000,0.000,-0.102,-0.006
530.01,0.488,0,0.534,0.607,1,0.000,0.000,0.000,0.000,0.000,0.000,-0.102,-0.006
530.21,0.477,0,0.534,0.607,1,0.000,0.000,0.000,0.000,0.000,0.000,-0.106,0.003
530.41,0.472,0,0.532,0.606,1,0.000,0.000,0.000,0.000,0.000,0.000,-0.106,0.001
530.61,0.472,0,0.532,0.606,1,0.000,0.000,0.000,0.000,0.000,0.000,-0.100,0.001
530.81,0.489,0,0.532,0.606,1,0.000,0.000,0.000,0.000,0.000,0.000,-0.100,0.001
531.01,0.477,0,0.536,0.605,1,0.000,0.000,0.000,0.000,0.000,0.000,-0.101,-0.004
531.21,0.481,0,0.536,0.605,1,0.000,0.000,0.000,0.000,0.000,0.000,-0.101,-0.005
531.41,0.484,0,0.532,0.602,1,0.000,0.000,0.000,0.000,0.000,0.000,-0.100,-0.022
531.61,0.484,0,0.532,0.602,1,0.000,0.000,0.000,0.000,0.000,0.000,-0.098,-0.005
531.81,0.474,0,0.532,0.602,1,0.000,0.000,0.000,0.000,0.000,0.000,-0.098,-0.005
532.01,0.477,0,0.532,0.602,1,0.000,0.000,0.000,0.000,0.000,0.000,-0.102,-0.013
532.21,0.486,0,0.532,0.602,1,0.000,0.000,0.000,0.000,0.000,0.000,-0.099,-0.012
532.41,0.486,0,0.536,0.605,1,0.000,0.000,0.000,0.000,0.000,0.000,-0.103,-0.007
532.61,0.472,0,0.536,0.605,1,0.000,0.000,0.000,0.000,0.000,0.000,-0.103,-0.007
532.81,0.477,0,0.536,0.605,1,0.000,0.000,0.000,0.000,0.000,0.000,-0.104,0.004
533.01,0.477,0,0.545,0.617,1,0.000,0.000,0.000,0.000,0.000,0.000,-0.097,-0.008
533.21,0.470,0,0.545,0.617,1,0.000,0.000,0.000,0.000,0.000,0.000,-0.097,-0.020
533.41,0.470,0,0.544,0.614,1,0.000,0.000,0.000,0.000,0.000,0.000,-0.107,-0.005
533.61,0.482,0,0.544,0.614,1,0.000,0.000,0.000,0.000,0.000,0.000,-0.107,-0.005
533.81,0.521,0,0.544,0.614,1,0.000,0.000,0.000,0.000,0.000,0.000,-0.093,0.012
534.01,0.477,0,0.529,0.605,1,0.000,0.000,0.000,0.000,0.000,0.000,-0.098,0.019
534.21,0.477,0,0.529,0.605,1,0.000,0.000,0.000,0.000,0.000,0.000,-0.096,-0.001
534.41,0.477,0,0.532,0.616,1,0.000,0.000,0.000,0.000,0.000,0.000,-0.096,-0.001
534.61,0.477,0,0.532,0.616,1,0.000,0.000,0.000,0.000,0.000,0.000,-0.096,0.003
534.81,0.534,0,0.532,0.616,1,0.000,0.000,0.000,0.000,0.000,0.000,-0.093,-0.013
535.01,0.487,0,0.542,0.623,1,0.000,0.000,0.000,0.000,0.000,0.000,-0.100,-0.008
535.21,0.487,0,0.542,0.623,1,0.000,0.000,0.000,0.000,0.000,0.000,-0.106,-0.003
535.41,0.475,0,0.545,0.622,1,0.000,0.000,0.000,0.000,0.000,0.000,-0.106,-0.003
535.61,0.479,0,0.545,0.622,1,0.000,0.000,0.000,0.000,0.000,0.000,-0.103,-0.012
535.81,0.479,0,0.545,0.622,1,0.000,0.000,0.000,0.000,0.000,0.000,-0.101,-0.006
536.01,0.479,0,0.539,0.612,1,0.000,0.000,0.000,0.000,0.000,0.000,-0.099,-0.011
536.21,0.472,0,0.539,0.612,1,0.000,0.000,0.000,0.000,0.000,0.000,-0.099,-0.011
536.41,0.479,0,0.535,0.607,1,0.000,0.000,0.000,0.000,0.000,0.000,-0.099,-0.008
536.61,0.477,0,0.535,0.607,1,0.000,0.000,0.000,0.000,0.000,0.000,-0.095,-0.009
536.81,0.472,0,0.535,0.607,1,0.000,0.000,0.000,0.000,0.000,0.000,-0.098,-0.004
537.01,0.472,0,0.547,0.626,1,0.000,0.000,0.000,0.000,0.000,0.000,-0.098,-0.004
537.21,0.474,0,0.547,0.626,1,0.000,0.000,0.000,0.000,0.000,0.000,-0.093,-0.014
537.41,0.544,0,0.551,0.631,1,0.000,0.000,0.000,0.000,0.000,0.000,-0.096,-0.009
537.61,0.479,0,0.551,0.631,1,0.000,0.000,0.000,0.000,0.000,0.000,-0.101,-0.017
537.81,0.479,0,0.551,0.631,1,0.000,0.000,0.000,0.000,0.000,0.000,-0.100,-0.015
538.01,0.475,0,0.613,0.708,1,0.000,0.000,0.000,0.000,0.000,0.000,-0.100,-0.015
538.21,0.652,0,0.613,0.708,1,0.000,0.000,0.000,0.000,0.000,0.000,-0.101,-0.022
538.41,0.484,0,0.702,0.755,1,0.000,0.000,0.000,0.000,0.000,0.000,-0.101,-0.023
538.61,0.484,0,0.702,0.755,1,0.000,0.000,0.000,0.000,0.000,0.000,-0.100,-0.030
538.81,0.477,0,0.702,0.755,1,0.000,0.000,0.000,0.000,0.000,0.000,-0.100,-0.030
539.01,0.482,0,0.704,0.763,1,0.000,0.000,0.000,0.000,0.000,0.000,-0.097,-0.025
539.21,0.690,0,0.704,0.763,1,0.000,0.000,0.000,0.000,0.000,0.000,-0.102,-0.048
539.41,0.470,0,0.712,0.775,1,0.000,0.000,0.000,0.000,0.000,0.000,-0.097,-0.045
539.61,0.470,0,0.712,0.775,1,0.000,0.000,0.000,0.000,0.000,0.000,-0.100,-0.012
539.81,0.706,0,0.712,0.775,1,0.000,0.000,0.000,0.000,0.000,0.000,-0.100,-0.012
540.01,0.477,0,0.715,0.778,1,0.000,0.000,0.000,0.000,0.000,0.000,-0.097,-0.041
540.21,0.484,0,0.715,0.778,1,0.000,0.000,0.000,0.000,0.000,0.000,-0.100,-0.048
540.41,0.484,0,0.716,0.781,1,0.000,0.000,0.000,0.000,0.000,0.000,-0.102,-0.052
540.61,0.486,0,0.716,0.781,1,0.000,0.000,0.000,0.000,0.000,0.000,-0.102,-0.052
540.81,0.482,0,0.716,0.781,1,0.000,0.000,0.000,0.000,0.000,0.000,-0.100,-0.056
541.01,0.481,0,0.712,0.733,1,0.000,0.000,0.000,0.000,0.000,0.000,-0.103,-0.057
541.21,0.475,0,0.712,0.733,1,0.000,0.000,0.000,0.000,0.000,0.000,-0.103,-0.054
541.41,0.475,0,0.723,0.792,1,0.000,0.000,0.000,0.000,0.000,0.000,-0.110,-0.054
541.61,0.477,0,0.723,0.792,1,0.000,0.000,0.000,0.000,0.000,0.000,-0.110,-0.054
541.81,0.725,0,0.723,0.792,1,0.000,0.000,0.000,0.000,0.000,0.000,-0.098,-0.049
542.01,0.488,0,0.740,0.809,1,0.000,0.000,0.000,0.000,0.000,0.000,-0.106,-0.055
542.21,0.488,0,0.740,0.809,1,0.000,0.000,0.000,0.000,0.000,0.000,-0.101,-0.051
542.41,0.472,0,0.756,0.806,1,0.000,0.000,0.000,0.000,0.000,0.000,-0.101,-0.051
542.61,0.474,0,0.756,0.806,1,0.000,0.000,0.000,0.000,0.000,0.000,-0.101,-0.033
542.81,0.477,0,0.756,0.806,1,0.000,0.000,0.000,0.000,0.000,0.000,-0.108,-0.038
543.01,0.475,0,0.739,0.802,1,0.000,0.000,0.000,0.000,0.000,0.000,-0.107,-0.034
543.21,0.475,0,0.739,0.802,1,0.000,0.000,0.000,0.000,0.000,0.000,-0.108,-0.039
543.41,0.487,0,0.725,0.799,1,0.000,0.000,0.000,0.000,0.000,0.000,-0.108,-0.039
543.61,0.477,0,0.725,0.799,1,0.000,0.000,0.000,0.000,0.000,0.000,-0.100,-0.037
543.81,0.475,0,0.725,0.799,1,0.000,0.000,0.000,0.000,0.000,0.000,-0.101,-0.044
544.01,0.475,0,0.723,0.795,1,0.000,0.000,0.000,0.000,0.000,0.000,-0.101,-0.045
544.21,0.487,0,0.723,0.795,1,0.000,0.000,0.000,0.000,0.000,0.000,-0.101,-0.045
544.41,0.715,0,0.721,0.791,1,0.000,0.000,0.000,0.000,0.000,0.000,-0.102,-0.040
544.61,0.479,0,0.721,0.791,1,0.000,0.000,0.000,0.000,0.000,0.000,-0.100,-0.041
544.81,0.477,0,0.721,0.791,1,0.000,0.000,0.000,0.000,0.000,0.000,-0.101,-0.037
545.01,0.477,0,0.714,0.740,1,0.000,0.000,0.000,0.000,0.000,0.000,-0.098,-0.029
545.21,0.479,0,0.714,0.740,1,0.000,0.000,0.000,0.000,0.000,0.000,-0.098,-0.029
545.41,0.474,0,0.696,0.775,1,0.000,0.000,0.000,0.000,0.000,0.000,-0.097,-0.025
545.61,0.486,0,0.696,0.775,1,0.000,0.000,0.000,0.000,0.000,0.000,-0.102,-0.029
545.81,0.486,0,0.696,0.775,1,0.000,0.000,0.000,0.000,0.000,0.000,-0.101,-0.035
546.01,0.488,0,0.727,0.793,1,0.000,0.000,0.000,0.000,0.000,0.000,-0.101,-0.035
546.21,0.477,0,0.727,0.793,1,0.000,0.000,0.000,0.000,0.000,0.000,-0.101,-0.023
546.41,0.470,0,0.702,0.724,1,0.000,0.000,0.000,0.000,0.000,0.000,-0.100,-0.018
546.61,0.488,0,0.702,0.724,1,0.000,0.000,0.000,0.000,0.000,0.000,-0.102,-0.016
546.81,0.488,0,0.702,0.724,1,0.000,0.000,0.000,0.000,0.000,0.000,-0.096,-0.016
547.01,0.470,0,0.639,0.686,1,0.000,0.000,0.000,0.000,0.000,0.000,-0.096,-0.016
547.21,0.477,0,0.639,0.686,1,0.000,0.000,0.000,0.000,0.000,0.000,-0.101,-0.011
547.41,0.481,0,0.651,0.729,1,0.000,0.000,0.000,0.000,0.000,0.000,-0.103,-0.020
547.61,0.481,0,0.651,0.729,1,0.000,0.000,0.000,0.000,0.000,0.000,-0.103,-0.036
547.81,0.479,0,0.651,0.729,1,0.000,0.000,0.000,0.000,0.000,0.000,-0.103,-0.036
548.01,0.481,0,0.719,0.793,1,0.000,0.000,0.000,0.000,0.000,0.000,-0.104,-0.016
548.21,0.474,0,0.719,0.793,1,0.000,0.000,0.000,0.000,0.000,0.000,-0.103,-0.021
548.41,0.487,0,0.741,0.799,1,0.000,0.000,0.000,0.000,0.000,0.000,-0.104,-0.029
548.61,0.487,0,0.741,0.799,1,0.000,0.000,0.000,0.000,0.000,0.000,-0.104,-0.025
548.81,0.477,0,0.741,0.799,1,0.000,0.000,0.000,0.000,0.000,0.000,-0.104,-0.025
549.01,0.491,0,0.733,0.794,1,0.000,0.000,0.000,0.000,0.000,0.000,-0.104,-0.026
549.21,0.470,0,0.733,0.794,1,0.000,0.000,0.000,0.000,0.000,0.000,-0.107,-0.028
549.41,0.470,0,0.759,0.813,1,0.000,0.000,0.000,0.000,0.000,0.000,-0.101,-0.034
549.61,0.477,0,0.759,0.813,1,0.000,0.000,0.000,0.000,0.000,0.000,-0.101,-0.034
549.81,0.477,0,0.759,0.813,1,0.000,0.000,0.000,0.000,0.000,0.000,-0.107,-0.027
550.01,0.477,0,0.778,0.818,1,0.000,0.000,0.000,0.000,0.000,0.000,-0.101,-0.021
550.21,0.472,0,0.778,0.818,1,0.000,0.000,0.000,0.000,0.000,0.000,-0.099,-0.021
550.41,0.472,0,0.779,0.823,1,0.000,0.000,0.000,0.000,0.000,0.000,-0.110,-0.015
550.61,0.488,0,0.779,0.823,1,0.000,0.000,0.000,0.000,0.000,0.000,-0.110,-0.015
550.81,0.472,0,0.779,0.823,1,0.000,0.000,0.000,0.000,0.000,0.000,-0.099,-0.023
551.01,0.106,0,0.784,0.827,1,0.000,0.000,0.000,0.000,0.000,0.000,-0.105,-0.017
551.21,0.106,0,0.784,0.827,1,0.000,0.000,0.000,0.000,0.000,0.000,-0.104,-0.024
551.41,0.105,0,0.760,0.805,1,0.000,0.000,0.000,0.000,0.000,0.000,-0.104,-0.024
551.61,0.472,0,0.760,0.805,1,0.000,0.000,0.000,0.000,0.000,0.000,-0.110,-0.018
551.81,0.729,0,0.760,0.805,1,0.000,0.000,0.000,0.000,0.000,0.000,-0.105,-0.021
552.01,0.479,0,0.735,0.724,1,0.000,0.000,0.000,0.000,0.000,0.000,-0.106,-0.034
552.21,0.479,0,0.735,0.724,1,0.000,0.000,0.000,0.000,0.000,0.000,-0.110,-0.028
552.41,0.477,0,0.716,0.720,1,0.000,0.000,0.000,0.000,0.000,0.000,-0.110,-0.028
552.61,0.479,0,0.716,0.720,1,0.000,0.000,0.000,0.000,0.000,0.000,-0.102,-0.014
552.81,0.484,0,0.716,0.720,1,0.000,0.000,0.000,0.000,0.000,0.000,-0.107,-0.013
553.01,0.484,0,0.724,0.735,1,0.000,0.000,0.000,0.000,0.000,0.000,-0.106,-0.021
553.21,0.729,0,0.724,0.735,1,0.000,0.000,0.000,0.000,0.000,0.000,-0.106,-0.021
553.41,0.474,0,0.736,0.735,1,0.000,0.000,0.000,0.000,0.000,0.000,-0.104,-0.025
553.61,0.482,0,0.736,0.735,1,0.000,0.000,0.000,0.000,0.000,0.000,-0.100,-0.030
553.81,0.472,0,0.736,0.735,1,0.000,0.000,0.000,0.000,0.000,0.000,-0.107,-0.012
554.01,0.472,0,0.731,0.734,1,0.000,0.000,0.000,0.000,0.000,0.000,-0.107,-0.014
554.21,0.472,0,0.731,0.734,1,0.000,0.000,0.000,0.000,0.000,0.000,-0.107,-0.014
554.41,0.481,0,0.735,0.697,1,0.000,0.000,0.000,0.000,0.000,0.000,-0.107,-0.014
554.61,0.470,0,0.735,0.697,1,0.000,0.000,0.000,0.000,0.000,0.000,-0.105,-0.011
554.81,0.470,0,0.735,0.697,1,0.000,0.000,0.000,0.000,0.000,0.000,-0.102,-0.007
555.01,0.475,0,0.732,0.697,1,0.000,0.000,0.000,0.000,0.000,0.000,-0.102,-0.007
555.21,0.738,0,0.732,0.697,1,0.000,0.000,0.000,0.000,0.000,0.000,-0.110,-0.008
555.41,0.475,0,0.747,0.720,1,0.000,0.000,0.000,0.000,0.000,0.000,-0.110,-0.012
555.61,0.489,0,0.747,0.720,1,0.000,0.000,0.000,0.000,0.000,0.000,-0.110,-0.012
555.81,0.489,0,0.747,0.720,1,0.000,0.000,0.000,0.000,0.000,0.000,-0.107,-0.010
556.01,0.481,0,0.745,0.726,1,0.000,0.000,0.000,0.000,0.000,0.000,-0.107,-0.010
556.21,0.482,0,0.745,0.726,1,0.000,0.000,0.000,0.000,0.000,0.000,-0.109,-0.014
556.41,0.743,0,0.748,0.688,1,0.000,0.000,0.000,0.000,0.000,0.000,-0.112,-0.009
556.61,0.743,0,0.748,0.688,1,0.000,0.000,0.000,0.000,0.000,0.000,-0.107,-0.005
556.81,0.477,0,0.748,0.688,1,0.000,0.000,0.000,0.000,0.000,0.000,-0.107,-0.005
557.01,0.489,0,0.728,0.601,1,0.000,0.000,0.000,0.000,0.000,0.000,-0.103,-0.013
557.21,0.477,0,0.728,0.601,1,0.000,0.000,0.000,0.000,0.000,0.000,-0.107,-0.008
557.41,0.477,0,0.709,0.718,1,0.000,0.000,0.000,0.000,0.000,0.000,-0.107,-0.004
557.61,0.488,0,0.709,0.718,1,0.000,0.000,0.000,0.000,0.000,0.000,-0.105,-0.008
557.81,0.488,0,0.709,0.718,1,0.000,0.000,0.000,0.000,0.000,0.000,-0.105,-0.008
558.01,0.481,0,0.713,0.702,1,0.000,0.000,0.000,0.000,0.000,0.000,-0.109,-0.008
558.21,0.486,0,0.713,0.702,1,0.000,0.000,0.000,0.000,0.000,0.000,-0.108,-0.013
558.41,0.486,0,0.717,0.698,1,0.000,0.000,0.000,0.000,0.000,0.000,-0.108,-0.008
558.61,0.479,0,0.717,0.698,1,0.000,0.000,0.000,0.000,0.000,0.000,-0.108,-0.008
558.81,0.470,0,0.717,0.698,1,0.000,0.000,0.000,0.000,0.000,0.000,-0.097,-0.011
559.01,0.477,0,0.731,0.637,1,0.000,0.000,0.000,0.000,0.000,0.000,-0.103,-0.013
559.21,0.477,0,0.731,0.637,1,0.000,0.000,0.000,0.000,0.000,0.000,-0.102,-0.006
559.41,0.470,0,0.727,0.594,1,0.000,0.000,0.000,0.000,0.000,0.000,-0.099,-0.003
559.61,0.470,0,0.727,0.594,1,0.000,0.000,0.000,0.000,0.000,0.000,-0.099,-0.003
559.81,0.477,0,0.727,0.594,1,0.000,0.000,0.000,0.000,0.000,0.000,-0.100,-0.001
560.01,0.705,0,0.715,0.544,1,0.000,0.000,0.000,0.000,0.000,0.000,-0.104,-0.002
560.21,0.705,0,0.715,0.544,1,0.000,0.000,0.000,0.000,0.000,0.000,-0.100,-0.016
560.41,0.712,0,0.718,0.562,1,0.000,0.000,0.000,0.000,0.000,0.000,-0.100,-0.016
560.61,0.486,0,0.718,0.562,1,0.000,0.000,0.000,0.000,0.000,0.000,-0.100,-0.006
560.81,0.489,0,0.718,0.562,1,0.000,0.000,0.000,0.000,0.000,0.000,-0.102,-0.008
561.01,0.489,0,0.734,0.569,1,0.000,0.000,0.000,0.000,0.000,0.000,-0.102,-0.011
561.21,0.470,0,0.734,0.569,1,0.000,0.000,0.000,0.000,0.000,0.000,-0.105,-0.014
561.41,0.710,0,0.716,0.543,1,0.000,0.000,0.000,0.000,0.000,0.000,-0.105,-0.014
561.61,0.479,0,0.716,0.543,1,0.000,0.000,0.000,0.000,0.000,0.000,-0.099,-0.012
561.81,0.472,0,0.716,0.543,1,0.000,0.000,0.000,0.000,0.000,0.000,-0.108,-0.006
562.01,0.472,0,0.698,0.538,1,0.000,0.000,0.000,0.000,0.000,0.000,-0.101,-0.011
562.21,0.488,0,0.698,0.538,1,0.000,0.000,0.000,0.000,0.000,0.000,-0.101,-0.011
562.41,0.482,0,0.711,0.589,1,0.000,0.000,0.000,0.000,0.000,0.000,-0.107,-0.013
562.61,0.474,0,0.711,0.589,1,0.000,0.000,0.000,0.000,0.000,0.000,-0.104,-0.014
562.81,0.474,0,0.711,0.589,1,0.000,0.000,0.000,0.000,0.000,0.000,-0.106,-0.016
563.01,0.488,0,0.725,0.746,1,0.000,0.000,0.000,0.000,0.000,0.000,-0.106,-0.016
563.21,0.477,0,0.725,0.746,1,0.000,0.000,0.000,0.000,0.000,0.000,-0.104,-0.015
563.41,0.477,0,0.728,0.741,1,0.000,0.000,0.000,0.000,0.000,0.000,-0.104,-0.016
563.61,0.470,0,0.728,0.741,1,0.000,0.000,0.000,0.000,0.000,0.000,-0.105,-0.011
563.81,0.470,0,0.728,0.741,1,0.000,0.000,0.000,0.000,0.000,0.000,-0.104,-0.008
564.01,0.719,0,0.725,0.728,1,0.000,0.000,0.000,0.000,0.000,0.000,-0.104,-0.008
564.21,0.475,0,0.725,0.728,1,0.000,0.000,0.000,0.000,0.000,0.000,-0.105,-0.009
564.41,0.479,0,0.724,0.726,1,0.000,0.000,0.000,0.000,0.000,0.000,-0.105,-0.009
564.61,0.479,0,0.724,0.726,1,0.000,0.000,0.000,0.000,0.000,0.000,-0.105,-0.010
564.81,0.481,0,0.724,0.726,1,0.000,0.000,0.000,0.000,0.000,0.000,-0.105,-0.010
565.01,0.472,0,0.726,0.720,1,0.000,0.000,0.000,0.000,0.000,0.000,-0.106,-0.007
565.21,0.477,0,0.726,0.720,1,0.000,0.000,0.000,0.000,0.000,0.000,-0.108,-0.005
565.41,0.477,0,0.727,0.694,1,0.000,0.000,0.000,0.000,0.000,0.000,-0.103,-0.011
565.61,0.477,0,0.727,0.694,1,0.000,0.000,0.000,0.000,0.000,0.000,-0.108,-0.010
565.81,0.477,0,0.727,0.694,1,0.000,0.000,0.000,0.000,0.000,0.000,-0.108,-0.010
566.01,0.477,0,0.741,0.797,1,0.000,0.000,0.000,0.000,0.000,0.000,-0.105,-0.008
566.21,0.482,0,0.741,0.797,1,0.000,0.000,0.000,0.000,0.000,0.000,-0.107,-0.006
566.41,0.482,0,0.725,0.786,1,0.000,0.000,0.000,0.000,0.000,0.000,-0.105,-0.009
566.61,0.477,0,0.725,0.786,1,0.000,0.000,0.000,0.000,0.000,0.000,-0.105,-0.009
566.81,0.479,0,0.725,0.786,1,0.000,0.000,0.000,0.000,0.000,0.000,-0.108,-0.015
567.01,0.470,0,0.733,0.788,1,0.000,0.000,0.000,0.000,0.000,0.000,-0.104,-0.011
567.21,0.472,0,0.733,0.788,1,0.000,0.000,0.000,0.000,0.000,0.000,-0.106,-0.006
567.41,0.472,0,0.736,0.788,1,0.000,0.000,0.000,0.000,0.000,0.000,-0.108,-0.004
567.61,0.490,0,0.736,0.788,1,0.000,0.000,0.000,0.000,0.000,0.000,-0.108,-0.004
567.81,0.475,0,0.736,0.788,1,0.000,0.000,0.000,0.000,0.000,0.000,-0.102,-0.010
568.01,0.479,0,0.735,0.695,1,0.000,0.000,0.000,0.000,0.000,0.000,-0.107,-0.010
568.21,0.479,0,0.735,0.695,1,0.000,0.000,0.000,0.000,0.000,0.000,-0.104,-0.010
568.41,0.472,0,0.729,0.618,1,0.000,0.000,0.000,0.000,0.000,0.000,-0.104,-0.010
568.61,0.481,0,0.729,0.618,1,0.000,0.000,0.000,0.000,0.000,0.000,-0.106,-0.009
568.81,0.482,0,0.729,0.618,1,0.000,0.000,0.000,0.000,0.000,0.000,-0.103,-0.002
569.01,0.479,0,0.723,0.779,1,0.000,0.000,0.000,0.000,0.000,0.000,-0.100,-0.000
569.21,0.479,0,0.723,0.779,1,0.000,0.000,0.000,0.000,0.000,0.000,-0.103,-0.003
569.41,0.479,0,0.725,0.623,1,0.000,0.000,0.000,0.000,0.000,0.000,-0.103,-0.003
569.61,0.488,0,0.725,0.623,1,0.000,0.000,0.000,0.000,0.000,0.000,-0.103,-0.011
569.81,0.489,0,0.725,0.623,1,0.000,0.000,0.000,0.000,0.000,0.000,-0.103,-0.008
570.01,0.489,0,0.727,0.654,1,0.000,0.000,0.000,0.000,0.000,0.000,-0.102,-0.008
570.21,0.475,0,0.727,0.654,1,0.000,0.000,0.000,0.000,0.000,0.000,-0.102,-0.008
570.41,0.731,0,0.737,0.662,1,0.000,0.000,0.000,0.000,0.000,0.000,-0.102,-0.008
570.61,0.472,0,0.737,0.662,1,0.000,0.000,0.000,0.000,0.000,0.000,-0.102,-0.010
570.81,0.475,0,0.737,0.662,1,0.000,0.000,0.000,0.000,0.000,0.000,-0.105,-0.008
571.01,0.475,0,0.737,0.797,1,0.000,0.000,0.000,0.000,0.000,0.000,-0.099,-0.005
571.21,0.475,0,0.737,0.797,1,0.000,0.000,0.000,0.000,0.000,0.000,-0.099,-0.005
571.41,0.479,0,0.739,0.798,1,0.000,0.000,0.000,0.000,0.000,0.000,-0.103,-0.009
571.61,0.477,0,0.739,0.798,1,0.000,0.000,0.000,0.000,0.000,0.000,-0.106,-0.016
571.81,0.477,0,0.739,0.798,1,0.000,0.000,0.000,0.000,0.000,0.000,-0.103,-0.012
572.01,0.474,0,0.737,0.801,1,0.000,0.000,0.000,0.000,0.000,0.000,-0.103,-0.012
572.21,0.477,0,0.737,0.801,1,0.000,0.000,0.000,0.000,0.000,0.000,-0.102,-0.005
572.41,0.477,0,0.740,0.801,1,0.000,0.000,0.000,0.000,0.000,0.000,-0.103,-0.009
572.61,0.481,0,0.740,0.801,1,0.000,0.000,0.000,0.000,0.000,0.000,-0.105,-0.007
572.81,0.481,0,0.740,0.801,1,0.000,0.000,0.000,0.000,0.000,0.000,-0.101,-0.009
573.01,0.472,0,0.739,0.802,1,0.000,0.000,0.000,0.000,0.000,0.000,-0.101,-0.009
573.21,0.482,0,0.739,0.802,1,0.000,0.000,0.000,0.000,0.000,0.000,-0.107,-0.016
573.41,0.472,0,0.754,0.811,1,0.000,0.000,0.000,0.000,0.000,0.000,-0.099,-0.019
573.61,0.472,0,0.754,0.811,1,0.000,0.000,0.000,0.000,0.000,0.000,-0.103,-0.013
573.81,0.754,0,0.754,0.811,1,0.000,0.000,0.000,0.000,0.000,0.000,-0.103,-0.013
574.01,0.477,0,0.739,0.798,1,0.000,0.000,0.000,0.000,0.000,0.000,-0.100,-0.015
574.21,0.477,0,0.739,0.798,1,0.000,0.000,0.000,0.000,0.000,0.000,-0.105,-0.022
574.41,0.723,0,0.729,0.566,1,0.000,0.000,0.000,0.000,0.000,0.000,-0.101,-0.017
574.61,0.723,0,0.729,0.566,1,0.000,0.000,0.000,0.000,0.000,0.000,-0.103,-0.002
574.81,0.474,0,0.729,0.566,1,0.000,0.000,0.000,0.000,0.000,0.000,-0.103,-0.002
575.01,0.477,0,0.749,0.558,1,0.000,0.000,0.000,0.000,0.000,0.000,-0.101,-0.008
575.21,0.470,0,0.749,0.558,1,0.000,0.000,0.000,0.000,0.000,0.000,-0.104,-0.017
575.41,0.470,0,0.749,0.809,1,0.000,0.000,0.000,0.000,0.000,0.000,-0.103,-0.014
575.61,0.479,0,0.749,0.809,1,0.000,0.000,0.000,0.000,0.000,0.000,-0.103,-0.014
575.81,0.486,0,0.749,0.809,1,0.000,0.000,0.000,0.000,0.000,0.000,-0.095,-0.010
576.01,0.746,0,0.751,0.809,1,0.000,0.000,0.000,0.000,0.000,0.000,-0.103,-0.019
576.21,0.481,0,0.751,0.809,1,0.000,0.000,0.000,0.000,0.000,0.000,-0.099,-0.022
576.41,0.481,0,0.748,0.807,1,0.000,0.000,0.000,0.000,0.000,0.000,-0.100,-0.015
576.61,0.475,0,0.748,0.807,1,0.000,0.000,0.000,0.000,0.000,0.000,-0.100,-0.015
576.81,0.482,0,0.748,0.807,1,0.000,0.000,0.000,0.000,0.000,0.000,-0.098,-0.021
577.01,0.484,0,0.749,0.808,1,0.000,0.000,0.000,0.000,0.000,0.000,-0.100,-0.022
577.21,0.484,0,0.749,0.808,1,0.000,0.000,0.000,0.000,0.000,0.000,-0.103,-0.025
577.41,0.487,0,0.749,0.807,1,0.000,0.000,0.000,0.000,0.000,0.000,-0.103,-0.025
577.61,0.477,0,0.749,0.807,1,0.000,0.000,0.000,0.000,0.000,0.000,-0.099,-0.021
577.81,0.475,0,0.749,0.807,1,0.000,0.000,0.000,0.000,0.000,0.000,-0.101,-0.021
578.01,0.475,0,0.756,0.818,1,0.000,0.000,0.000,0.000,0.000,0.000,-0.106,-0.010
578.21,0.481,0,0.756,0.818,1,0.000,0.000,0.000,0.000,0.000,0.000,-0.106,-0.010
578.41,0.477,0,0.789,0.806,1,0.000,0.000,0.000,0.000,0.000,0.000,-0.105,-0.005
578.61,0.477,0,0.789,0.806,1,0.000,0.000,0.000,0.000,0.000,0.000,-0.100,-0.008
578.81,0.479,0,0.789,0.806,1,0.000,0.000,0.000,0.000,0.000,0.000,-0.101,-0.008
579.01,0.479,0,0.748,0.809,1,0.000,0.000,0.000,0.000,0.000,0.000,-0.102,-0.013
579.21,0.747,0,0.748,0.809,1,0.000,0.000,0.000,0.000,0.000,0.000,-0.102,-0.013
579.41,0.477,0,0.751,0.805,1,0.000,0.000,0.000,0.000,0.000,0.000,-0.109,-0.009
579.61,0.472,0,0.751,0.805,1,0.000,0.000,0.000,0.000,0.000,0.000,-0.102,-0.013
579.81,0.472,0,0.751,0.805,1,0.000,0.000,0.000,0.000,0.000,0.000,-0.106,-0.001
580.02,0.486,0,0.750,0.805,1,0.000,0.000,0.000,0.000,0.000,0.000,-0.106,-0.001
580.21,0.477,0,0.750,0.805,1,0.000,0.000,0.000,0.000,0.000,0.000,-0.101,-0.004
580.41,0.474,0,0.769,0.816,1,0.000,0.000,0.000,0.000,0.000,0.000,-0.102,-0.005
580.61,0.768,0,0.769,0.816,1,0.000,0.000,0.000,0.000,0.000,0.000,-0.104,-0.006
580.81,0.768,0,0.769,0.816,1,0.000,0.000,0.000,0.000,0.000,0.000,-0.098,-0.005
581.01,0.472,0,0.753,0.799,1,0.000,0.000,0.000,0.000,0.000,0.000,-0.098,-0.005
581.21,0.479,0,0.753,0.799,1,0.000,0.000,0.000,0.000,0.000,0.000,-0.101,-0.006
581.41,0.489,0,0.743,0.698,1,0.000,0.000,0.000,0.000,0.000,0.000,-0.096,-0.006
581.61,0.489,0,0.743,0.698,1,0.000,0.000,0.000,0.000,0.000,0.000,-0.101,-0.009
581.81,0.475,0,0.743,0.698,1,0.000,0.000,0.000,0.000,0.000,0.000,-0.101,-0.009
582.01,0.482,0,0.734,0.752,1,0.000,0.000,0.000,0.000,0.000,0.000,-0.101,-0.015
582.21,0.725,0,0.734,0.752,1,0.000,0.000,0.000,0.000,0.000,0.000,-0.104,-0.000
582.41,0.483,0,0.731,0.763,1,0.000,0.000,0.000,0.000,0.000,0.000,-0.099,-0.012
582.61,0.483,0,0.731,0.763,1,0.000,0.000,0.000,0.000,0.000,0.000,-0.102,-0.011
582.81,0.488,0,0.731,0.763,1,0.000,0.000,0.000,0.000,0.000,0.000,-0.102,-0.011
583.01,0.729,0,0.735,0.764,1,0.000,0.000,0.000,0.000,0.000,0.000,-0.098,-0.013
583.21,0.486,0,0.735,0.764,1,0.000,0.000,0.000,0.000,0.000,0.000,-0.097,-0.026
583.41,0.486,0,0.736,0.773,1,0.000,0.000,0.000,0.000,0.000,0.000,-0.098,-0.024
583.61,0.489,0,0.736,0.773,1,0.000,0.000,0.000,0.000,0.000,0.000,-0.098,-0.024
583.81,0.481,0,0.736,0.773,1,0.000,0.000,0.000,0.000,0.000,0.000,-0.101,-0.018
584.01,0.719,0,0.725,0.773,1,0.000,0.000,0.000,0.000,0.000,0.000,-0.098,-0.013
584.21,0.470,0,0.725,0.773,1,0.000,0.000,0.000,0.000,0.000,0.000,-0.095,-0.008
584.41,0.470,0,0.727,0.776,1,0.000,0.000,0.000,0.000,0.000,0.000,-0.106,-0.011
584.61,0.484,0,0.727,0.776,1,0.000,0.000,0.000,0.000,0.000,0.000,-0.106,-0.011
584.81,0.472,0,0.727,0.776,1,0.000,0.000,0.000,0.000,0.000,0.000,-0.102,-0.011
585.01,0.470,0,0.730,0.773,1,0.000,0.000,0.000,0.000,0.000,0.000,-0.104,-0.012
585.21,0.470,0,0.730,0.773,1,0.000,0.000,0.000,0.000,0.000,0.000,-0.104,-0.012
585.41,0.722,0,0.728,0.793,1,0.000,0.000,0.000,0.000,0.000,0.000,-0.102,-0.013
585.61,0.486,0,0.728,0.793,1,0.000,0.000,0.000,0.000,0.000,0.000,-0.100,-0.010
585.81,0.484,0,0.728,0.793,1,0.000,0.000,0.000,0.000,0.000,0.000,-0.104,-0.014
586.01,0.479,0,0.728,0.804,1,0.000,0.000,0.000,0.000,0.000,0.000,-0.102,-0.010
586.21,0.479,0,0.728,0.804,1,0.000,0.000,0.000,0.000,0.000,0.000,-0.097,-0.004
586.41,0.474,0,0.740,0.806,1,0.000,0.000,0.000,0.000,0.000,0.000,-0.097,-0.004
586.61,0.475,0,0.740,0.806,1,0.000,0.000,0.000,0.000,0.000,0.000,-0.104,-0.011
586.81,0.479,0,0.740,0.806,1,0.000,0.000,0.000,0.000,0.000,0.000,-0.105,-0.006
587.01,0.479,0,0.740,0.807,1,0.000,0.000,0.000,0.000,0.000,0.000,-0.096,-0.005
587.21,0.734,0,0.740,0.807,1,0.000,0.000,0.000,0.000,0.000,0.000,-0.096,-0.005
587.41,0.470,0,0.736,0.806,1,0.000,0.000,0.000,0.000,0.000,0.000,-0.099,-0.004
587.61,0.470,0,0.736,0.806,1,0.000,0.000,0.000,0.000,0.000,0.000,-0.098,-0.003
587.81,0.484,0,0.736,0.806,1,0.000,0.000,0.000,0.000,0.000,0.000,-0.100,-0.007
588.01,0.484,0,0.743,0.807,1,0.000,0.000,0.000,0.000,0.000,0.000,-0.097,-0.013
588.21,0.472,0,0.743,0.807,1,0.000,0.000,0.000,0.000,0.000,0.000,-0.097,-0.013
588.41,0.477,0,0.738,0.804,1,0.000,0.000,0.000,0.000,0.000,0.000,-0.102,-0.009
588.61,0.488,0,0.738,0.804,1,0.000,0.000,0.000,0.000,0.000,0.000,-0.100,-0.016
588.81,0.488,0,0.738,0.804,1,0.000,0.000,0.000,0.000,0.000,0.000,-0.103,-0.015
589.01,0.472,0,0.738,0.809,1,0.000,0.000,0.000,0.000,0.000,0.000,-0.103,-0.015
589.21,0.105,0,0.738,0.809,1,0.000,0.000,0.000,0.000,0.000,0.000,-0.103,-0.017
589.41,0.728,0,0.734,0.804,1,0.000,0.000,0.000,0.000,0.000,0.000,-0.099,-0.011
589.61,0.472,0,0.734,0.804,1,0.000,0.000,0.000,0.000,0.000,0.000,-0.104,-0.017
589.81,0.472,0,0.734,0.804,1,0.000,0.000,0.000,0.000,0.000,0.000,-0.096,-0.017
590.01,0.479,0,0.730,0.794,1,0.000,0.000,0.000,0.000,0.000,0.000,-0.096,-0.017
590.21,0.715,0,0.730,0.794,1,0.000,0.000,0.000,0.000,0.000,0.000,-0.107,-0.017
590.41,0.484,0,0.712,0.777,1,0.000,0.000,0.000,0.000,0.000,0.000,-0.096,-0.008
590.61,0.484,0,0.712,0.777,1,0.000,0.000,0.000,0.000,0.000,0.000,-0.098,-0.014
590.81,0.472,0,0.712,0.777,1,0.000,0.000,0.000,0.000,0.000,0.000,-0.098,-0.014
591.01,0.479,0,0.717,0.769,1,0.000,0.000,0.000,0.000,0.000,0.000,-0.097,-0.012
591.21,0.472,0,0.717,0.769,1,0.000,0.000,0.000,0.000,0.000,0.000,-0.100,-0.001
591.41,0.470,0,0.684,0.729,1,0.000,0.000,0.000,0.000,0.000,0.000,-0.097,-0.004
591.61,0.470,0,0.684,0.729,1,0.000,0.000,0.000,0.000,0.000,0.000,-0.097,-0.010
591.81,0.484,0,0.684,0.729,1,0.000,0.000,0.000,0.000,0.000,0.000,-0.097,-0.010
592.01,0.477,0,0.686,0.736,1,0.000,0.000,0.000,0.000,0.000,0.000,-0.097,-0.010
592.21,0.679,0,0.686,0.736,1,0.000,0.000,0.000,0.000,0.000,0.000,-0.096,-0.012
592.41,0.679,0,0.689,0.732,1,0.000,0.000,0.000,0.000,0.000,0.000,-0.094,-0.010
592.61,0.482,0,0.689,0.732,1,0.000,0.000,0.000,0.000,0.000,0.000,-0.094,-0.010
592.81,0.482,0,0.689,0.732,1,0.000,0.000,0.000,0.000,0.000,0.000,-0.092,-0.013
593.01,0.470,0,0.685,0.726,1,0.000,0.000,0.000,0.000,0.000,0.000,-0.098,-0.013
593.21,0.477,0,0.685,0.726,1,0.000,0.000,0.000,0.000,0.000,0.000,-0.096,-0.013
593.41,0.477,0,0.689,0.730,1,0.000,0.000,0.000,0.000,0.000,0.000,-0.099,-0.011
593.61,0.482,0,0.689,0.730,1,0.000,0.000,0.000,0.000,0.000,0.000,-0.099,-0.011
593.81,0.488,0,0.689,0.730,1,0.000,0.000,0.000,0.000,0.000,0.000,-0.093,-0.008
594.01,0.487,0,0.688,0.732,1,0.000,0.000,0.000,0.000,0.000,0.000,-0.096,-0.009
594.21,0.487,0,0.688,0.732,1,0.000,0.000,0.000,0.000,0.000,0.000,-0.096,-0.005
594.41,0.487,0,0.690,0.734,1,0.000,0.000,0.000,0.000,0.000,0.000,-0.096,-0.005
594.61,0.681,0,0.690,0.734,1,0.000,0.000,0.000,0.000,0.000,0.000,-0.092,-0.007
594.81,0.472,0,0.690,0.734,1,0.000,0.000,0.000,0.000,0.000,0.000,-0.095,-0.010
595.01,0.479,0,0.690,0.730,1,0.000,0.000,0.000,0.000,0.000,0.000,-0.095,-0.004
595.21,0.479,0,0.690,0.730,1,0.000,0.000,0.000,0.000,0.000,0.000,-0.097,-0.004
595.41,0.489,0,0.686,0.731,1,0.000,0.000,0.000,0.000,0.000,0.000,-0.097,-0.004
595.61,0.477,0,0.686,0.731,1,0.000,0.000,0.000,0.000,0.000,0.000,-0.093,-0.007
595.81,0.470,0,0.686,0.731,1,0.000,0.000,0.000,0.000,0.000,0.000,-0.094,-0.008
596.01,0.470,0,0.688,0.732,1,0.000,0.000,0.000,0.000,0.000,0.000,-0.093,-0.007
596.21,0.472,0,0.688,0.732,1,0.000,0.000,0.000,0.000,0.000,0.000,-0.093,-0.007
596.41,0.477,0,0.683,0.730,1,0.000,0.000,0.000,0.000,0.000,0.000,-0.095,-0.006
596.61,0.479,0,0.683,0.730,1,0.000,0.000,0.000,0.000,0.000,0.000,-0.093,-0.006
596.81,0.477,0,0.683,0.730,1,0.000,0.000,0.000,0.000,0.000,0.000,-0.095,-0.010
597.01,0.477,0,0.688,0.732,1,0.000,0.000,0.000,0.000,0.000,0.000,-0.094,-0.011
597.21,0.486,0,0.688,0.732,1,0.000,0.000,0.000,0.000,0.000,0.000,-0.094,-0.011
597.41,0.472,0,0.687,0.729,1,0.000,0.000,0.000,0.000,0.000,0.000,-0.095,-0.008
597.61,0.479,0,0.687,0.729,1,0.000,0.000,0.000,0.000,0.000,0.000,-0.094,-0.010
597.81,0.479,0,0.687,0.729,1,0.000,0.000,0.000,0.000,0.000,0.000,-0.092,-0.004
598.01,0.486,0,0.685,0.728,1,0.000,0.000,0.000,0.000,0.000,0.000,-0.092,-0.004
598.21,0.489,0,0.685,0.728,1,0.000,0.000,0.000,0.000,0.000,0.000,-0.095,-0.006
598.41,0.481,0,0.694,0.741,1,0.000,0.000,0.000,0.000,0.000,0.000,-0.092,-0.007
598.61,0.481,0,0.694,0.741,1,0.000,0.000,0.000,0.000,0.000,0.000,-0.097,-0.010
598.81,0.475,0,0.694,0.741,1,0.000,0.000,0.000,0.000,0.000,0.000,-0.095,-0.007
599.01,0.489,0,0.690,0.736,1,0.000,0.000,0.000,0.000,0.000,0.000,-0.095,-0.007
599.21,0.479,0,0.690,0.736,1,0.000,0.000,0.000,0.000,0.000,0.000,-0.101,-0.005
599.41,0.472,0,0.725,0.795,1,0.000,0.000,0.000,0.000,0.000,0.000,-0.093,-0.011
599.61,0.472,0,0.725,0.795,1,0.000,0.000,0.000,0.000,0.000,0.000,-0.098,-0.007
599.81,0.470,0,0.725,0.795,1,0.000,0.000,0.000,0.000,0.000,0.000,-0.098,-0.007
600.01,0.475,0,0.748,0.802,1,0.000,0.000,0.000,0.000,0.000,0.000,-0.098,-0.008
600.21,0.475,0,0.748,0.802,1,0.000,0.000,0.000,0.000,0.000,0.000,-0.095,-0.020
600.41,0.475,0,0.754,0.802,1,0.000,0.000,0.000,0.000,0.000,0.000,-0.097,-0.024
600.61,0.477,0,0.754,0.802,1,0.000,0.000,0.000,0.000,0.000,0.000,-0.099,-0.011
600.81,0.475,0,0.754,0.802,1,0.000,0.000,0.000,0.000,0.000,0.000,-0.099,-0.011
601.01,0.474,0,0.757,0.802,1,0.000,0.000,0.000,0.000,0.000,0.000,-0.098,-0.015
601.21,0.477,0,0.757,0.802,1,0.000,0.000,0.000,0.000,0.000,0.000,-0.099,-0.013
601.41,0.477,0,0.748,0.806,1,0.000,0.000,0.000,0.000,0.000,0.000,-0.102,-0.008
601.61,0.470,0,0.748,0.806,1,0.000,0.000,0.000,0.000,0.000,0.000,-0.102,-0.008
601.81,0.475,0,0.748,0.806,1,0.000,0.000,0.000,0.000,0.000,0.000,-0.101,-0.004
602.01,0.472,0,0.744,0.810,1,0.000,0.000,0.000,0.000,0.000,0.000,-0.101,-0.007
602.21,0.472,0,0.744,0.810,1,0.000,0.000,0.000,0.000,0.000,0.000,-0.095,-0.007
602.41,0.486,0,0.765,0.803,1,0.000,0.000,0.000,0.000,0.000,0.000,-0.095,-0.007
602.61,0.472,0,0.765,0.803,1,0.000,0.000,0.000,0.000,0.000,0.000,-0.100,-0.012
602.81,0.489,0,0.765,0.803,1,0.000,0.000,0.000,0.000,0.000,0.000,-0.099,-0.009
603.01,0.486,0,0.758,0.814,1,0.000,0.000,0.000,0.000,0.000,0.000,-0.100,-0.007
603.21,0.486,0,0.758,0.814,1,0.000,0.000,0.000,0.000,0.000,0.000,-0.100,-0.007
603.41,0.488,0,0.757,0.812,1,0.000,0.000,0.000,0.000,0.000,0.000,-0.100,-0.007
603.61,0.477,0,0.757,0.812,1,0.000,0.000,0.000,0.000,0.000,0.000,-0.101,-0.005
603.81,0.472,0,0.757,0.812,1,0.000,0.000,0.000,0.000,0.000,0.000,-0.102,-0.012
604.01,0.472,0,0.762,0.809,1,0.000,0.000,0.000,0.000,0.000,0.000,-0.092,-0.023
604.21,0.477,0,0.762,0.809,1,0.000,0.000,0.000,0.000,0.000,0.000,-0.092,-0.023
604.41,0.472,0,0.768,0.562,0,0.000,0.000,0.000,0.000,0.000,0.000,-0.103,-0.009
604.61,0.477,0,0.768,0.562,0,0.000,0.000,0.000,0.000,0.000,0.000,-0.101,-0.010
604.81,0.477,0,0.768,0.562,0,0.000,0.000,0.000,0.000,0.000,0.000,-0.104,-0.004
605.01,0.477,0,0.776,0.566,0,0.000,0.000,0.000,0.000,0.000,0.000,-0.099,-0.008
605.21,0.486,0,0.776,0.566,0,0.000,0.000,0.000,0.000,0.000,0.000,-0.099,-0.008
605.41,0.481,0,0.775,0.568,0,0.000,0.000,0.000,0.000,0.000,0.000,-0.102,-0.005
605.61,0.488,0,0.775,0.568,0,0.000,0.000,0.000,0.000,0.000,0.000,-0.099,-0.014
605.81,0.488,0,0.775,0.568,0,0.000,0.000,0.000,0.000,0.000,0.000,-0.105,-0.022
606.01,0.477,0,0.772,0.577,1,0.000,0.000,0.000,0.000,0.000,0.000,-0.105,-0.022
606.21,0.486,0,0.772,0.577,1,0.000,0.000,0.000,0.000,0.000,0.000,-0.102,-0.016
606.41,0.764,0,0.769,0.580,1,0.000,0.000,0.000,0.000,0.000,0.000,-0.104,-0.013
606.61,0.482,0,0.769,0.580,1,0.000,0.000,0.000,0.000,0.000,0.000,-0.101,-0.007
606.81,0.482,0,0.769,0.580,1,0.000,0.000,0.000,0.000,0.000,0.000,-0.097,-0.010
607.01,0.472,0,0.741,0.592,1,0.000,0.000,0.000,0.000,0.000,0.000,-0.097,-0.010
607.21,0.479,0,0.741,0.592,1,0.000,0.000,0.000,0.000,0.000,0.000,-0.100,-0.018
607.41,0.733,0,0.739,0.585,1,0.000,0.000,0.000,0.000,0.000,0.000,-0.100,-0.017
607.61,0.733,0,0.739,0.585,1,0.000,0.000,0.000,0.000,0.000,0.000,-0.103,-0.025
607.81,0.475,0,0.739,0.585,1,0.000,0.000,0.000,0.000,0.000,0.000,-0.103,-0.025
608.01,0.477,0,0.732,0.591,1,0.000,0.000,0.000,0.000,0.000,0.000,-0.100,-0.017
608.21,0.482,0,0.732,0.591,1,0.000,0.000,0.000,0.000,0.000,0.000,-0.102,-0.025
608.41,0.482,0,0.735,0.595,1,0.000,0.000,0.000,0.000,0.000,0.000,-0.099,-0.017
608.61,0.482,0,0.735,0.595,1,0.000,0.000,0.000,0.000,0.000,0.000,-0.098,-0.018
608.81,0.486,0,0.735,0.595,1,0.000,0.000,0.000,0.000,0.000,0.000,-0.098,-0.018
609.01,0.489,0,0.727,0.594,1,0.000,0.000,0.000,0.000,0.000,0.000,-0.100,-0.021
609.21,0.489,0,0.727,0.594,1,0.000,0.000,0.000,0.000,0.000,0.000,-0.101,-0.019
609.41,0.489,0,0.730,0.593,1,0.000,0.000,0.000,0.000,0.000,0.000,-0.101,-0.016
609.61,0.481,0,0.730,0.593,1,0.000,0.000,0.000,0.000,0.000,0.000,-0.101,-0.016
609.81,0.484,0,0.730,0.593,1,0.000,0.000,0.000,0.000,0.000,0.000,-0.095,-0.019
610.01,0.472,0,0.733,0.588,1,0.000,0.000,0.000,0.000,0.000,0.000,-0.098,-0.023
610.21,0.479,0,0.733,0.588,1,0.000,0.000,0.000,0.000,0.000,0.000,-0.099,-0.012
610.41,0.479,0,0.738,0.592,1,0.000,0.000,0.000,0.000,0.000,0.000,-0.096,-0.019
610.61,0.470,0,0.738,0.592,1,0.000,0.000,0.000,0.000,0.000,0.000,-0.096,-0.019
610.81,0.477,0,0.738,0.592,1,0.000,0.000,0.000,0.000,0.000,0.000,-0.092,-0.024
611.01,0.479,0,0.736,0.582,1,0.000,0.000,0.000,0.000,0.000,0.000,-0.098,-0.017
611.21,0.479,0,0.736,0.582,1,0.000,0.000,0.000,0.000,0.000,0.000,-0.098,-0.014
611.41,0.477,0,0.738,0.594,1,0.000,0.000,0.000,0.000,0.000,0.000,-0.098,-0.014
611.61,0.481,0,0.738,0.594,1,0.000,0.000,0.000,0.000,0.000,0.000,-0.095,-0.016
611.81,0.479,0,0.738,0.594,1,0.000,0.000,0.000,0.000,0.000,0.000,-0.100,-0.031
612.01,0.728,0,0.736,0.590,1,0.000,0.000,0.000,0.000,0.000,0.000,-0.098,-0.025
612.21,0.728,0,0.736,0.590,1,0.000,0.000,0.000,0.000,0.000,0.000,-0.101,-0.030
612.41,0.472,0,0.738,0.590,1,0.000,0.000,0.000,0.000,0.000,0.000,-0.101,-0.030
612.61,0.475,0,0.738,0.590,1,0.000,0.000,0.000,0.000,0.000,0.000,-0.099,-0.012
612.81,0.488,0,0.738,0.590,1,0.000,0.000,0.000,0.000,0.000,0.000,-0.103,-0.016
613.01,0.488,0,0.736,0.592,1,0.000,0.000,0.000,0.000,0.000,0.000,-0.100,-0.017
613.21,0.484,0,0.736,0.592,1,0.000,0.000,0.000,0.000,0.000,0.000,-0.100,-0.017
613.41,0.470,0,0.733,0.595,1,0.000,0.000,0.000,0.000,0.000,0.000,-0.103,-0.007
613.61,0.486,0,0.733,0.595,1,0.000,0.000,0.000,0.000,0.000,0.000,-0.100,-0.020
613.81,0.479,0,0.733,0.595,1,0.000,0.000,0.000,0.000,0.000,0.000,-0.105,-0.013
614.01,0.479,0,0.737,0.592,1,0.000,0.000,0.000,0.000,0.000,0.000,-0.098,-0.005
614.21,0.472,0,0.737,0.592,1,0.000,0.000,0.000,0.000,0.000,0.000,-0.098,-0.005
614.41,0.479,0,0.738,0.596,1,0.000,0.000,0.000,0.000,0.000,0.000,-0.099,-0.019
614.61,0.477,0,0.738,0.596,1,0.000,0.000,0.000,0.000,0.000,0.000,-0.100,-0.024
614.81,0.477,0,0.738,0.596,1,0.000,0.000,0.000,0.000,0.000,0.000,-0.101,-0.012
615.01,0.472,0,0.739,0.595,1,0.000,0.000,0.000,0.000,0.000,0.000,-0.101,-0.012
615.21,0.477,0,0.739,0.595,1,0.000,0.000,0.000,0.000,0.000,0.000,-0.104,-0.013
615.41,0.489,0,0.738,0.593,1,0.000,0.000,0.000,0.000,0.000,0.000,-0.097,-0.010
615.61,0.472,0,0.738,0.593,1,0.000,0.000,0.000,0.000,0.000,0.000,-0.102,-0.010
615.81,0.472,0,0.738,0.593,1,0.000,0.000,0.000,0.000,0.000,0.000,-0.103,-0.014
616.01,0.472,0,0.739,0.596,1,0.000,0.000,0.000,0.000,0.000,0.000,-0.103,-0.014
616.21,0.489,0,0.739,0.596,1,0.000,0.000,0.000,0.000,0.000,0.000,-0.102,-0.018
616.41,0.479,0,0.735,0.600,1,0.000,0.000,0.000,0.000,0.000,0.000,-0.100,-0.021
616.61,0.479,0,0.735,0.600,1,0.000,0.000,0.000,0.000,0.000,0.000,-0.104,-0.024
616.81,0.470,0,0.735,0.600,1,0.000,0.000,0.000,0.000,0.000,0.000,-0.104,-0.024
617.01,0.477,0,0.735,0.601,1,0.000,0.000,0.000,0.000,0.000,0.000,-0.100,-0.010
617.21,0.474,0,0.735,0.601,1,0.000,0.000,0.000,0.000,0.000,0.000,-0.099,-0.012
617.41,0.474,0,0.732,0.598,1,0.000,0.000,0.000,0.000,0.000,0.000,-0.101,-0.014
617.61,0.482,0,0.732,0.598,1,0.000,0.000,0.000,0.000,0.000,0.000,-0.097,-0.010
617.81,0.489,0,0.732,0.598,1,0.000,0.000,0.000,0.000,0.000,0.000,-0.097,-0.010
618.01,0.479,0,0.733,0.591,1,0.000,0.000,0.000,0.000,0.000,0.000,-0.105,-0.005
618.21,0.489,0,0.733,0.591,1,0.000,0.000,0.000,0.000,0.000,0.000,-0.096,-0.020
618.41,0.489,0,0.736,0.592,1,0.000,0.000,0.000,0.000,0.000,0.000,-0.106,-0.018
618.61,0.481,0,0.736,0.592,1,0.000,0.000,0.000,0.000,0.000,0.000,-0.106,-0.018
618.81,0.472,0,0.736,0.592,1,0.000,0.000,0.000,0.000,0.000,0.000,-0.099,-0.020
619.01,0.489,0,0.737,0.597,1,0.000,0.000,0.000,0.000,0.000,0.000,-0.100,-0.009
619.21,0.489,0,0.737,0.597,1,0.000,0.000,0.000,0.000,0.000,0.000,-0.098,-0.024
619.41,0.488,0,0.745,0.601,1,0.000,0.000,0.000,0.000,0.000,0.000,-0.098,-0.024
619.61,0.477,0,0.745,0.601,1,0.000,0.000,0.000,0.000,0.000,0.000,-0.103,-0.016
619.81,0.484,0,0.745,0.601,1,0.000,0.000,0.000,0.000,0.000,0.000,-0.103,-0.011
620.01,0.470,0,0.741,0.604,1,0.000,0.000,0.000,0.000,0.000,0.000,-0.102,-0.012
620.21,0.470,0,0.741,0.604,1,0.000,0.000,0.000,0.000,0.000,0.000,-0.098,-0.012
620.41,0.479,0,0.738,0.606,1,0.000,0.000,0.000,0.000,0.000,0.000,-0.098,-0.012
620.61,0.474,0,0.738,0.606,1,0.000,0.000,0.000,0.000,0.000,0.000,-0.103,-0.011
620.81,0.488,0,0.738,0.606,1,0.000,0.000,0.000,0.000,0.000,0.000,-0.101,-0.008
621.01,0.488,0,0.739,0.605,1,0.000,0.000,0.000,0.000,0.000,0.000,-0.099,-0.007
621.21,0.731,0,0.739,0.605,1,0.000,0.000,0.000,0.000,0.000,0.000,-0.099,-0.007
621.41,0.481,0,0.739,0.606,1,0.000,0.000,0.000,0.000,0.000,0.000,-0.102,-0.016
621.61,0.475,0,0.739,0.606,1,0.000,0.000,0.000,0.000,0.000,0.000,-0.104,-0.018
621.81,0.736,0,0.739,0.606,1,0.000,0.000,0.000,0.000,0.000,0.000,-0.102,-0.010
622.01,0.736,0,0.741,0.577,1,0.000,0.000,0.000,0.000,0.000,0.000,-0.097,-0.019
622.21,0.472,0,0.741,0.577,1,0.000,0.000,0.000,0.000,0.000,0.000,-0.097,-0.019
622.41,0.484,0,0.739,0.589,1,0.000,0.000,0.000,0.000,0.000,0.000,-0.102,-0.014
622.61,0.474,0,0.739,0.589,1,0.000,0.000,0.000,0.000,0.000,0.000,-0.101,-0.006
622.81,0.474,0,0.739,0.589,1,0.000,0.000,0.000,0.000,0.000,0.000,-0.102,-0.019
623.01,0.477,0,0.740,0.596,1,0.000,0.000,0.000,0.000,0.000,0.000,-0.102,-0.019
623.21,0.477,0,0.740,0.596,1,0.000,0.000,0.000,0.000,0.000,0.000,-0.104,-0.020
623.41,0.482,0,0.745,0.601,1,0.000,0.000,0.000,0.000,0.000,0.000,-0.101,-0.010
623.61,0.474,0,0.745,0.601,1,0.000,0.000,0.000,0.000,0.000,0.000,-0.104,-0.029
623.81,0.474,0,0.745,0.601,1,0.000,0.000,0.000,0.000,0.000,0.000,-0.096,-0.030
624.01,0.472,0,0.735,0.623,1,0.000,0.000,0.000,0.000,0.000,0.000,-0.096,-0.030
624.21,0.479,0,0.735,0.623,1,0.000,0.000,0.000,0.000,0.000,0.000,-0.101,-0.028
624.41,0.470,0,0.737,0.633,1,0.000,0.000,0.000,0.000,0.000,0.000,-0.099,-0.017
624.61,0.470,0,0.737,0.633,1,0.000,0.000,0.000,0.000,0.000,0.000,-0.099,-0.014
624.81,0.475,0,0.737,0.633,1,0.000,0.000,0.000,0.000,0.000,0.000,-0.099,-0.014
625.01,0.484,0,0.730,0.634,1,0.000,0.000,0.000,0.000,0.000,0.000,-0.099,-0.027
625.21,0.484,0,0.730,0.634,1,0.000,0.000,0.000,0.000,0.000,0.000,-0.101,-0.012
625.41,0.472,0,0.727,0.633,1,0.000,0.000,0.000,0.000,0.000,0.000,-0.099,-0.013
625.61,0.472,0,0.727,0.633,1,0.000,0.000,0.000,0.000,0.000,0.000,-0.099,-0.019
625.81,0.472,0,0.727,0.633,1,0.000,0.000,0.000,0.000,0.000,0.000,-0.099,-0.019
626.01,0.486,0,0.734,0.635,1,0.000,0.000,0.000,0.000,0.000,0.000,-0.102,-0.021
626.21,0.489,0,0.734,0.635,1,0.000,0.000,0.000,0.000,0.000,0.000,-0.107,-0.022
626.41,0.489,0,0.730,0.635,1,0.000,0.000,0.000,0.000,0.000,0.000,-0.104,-0.023
626.61,0.475,0,0.730,0.635,1,0.000,0.000,0.000,0.000,0.000,0.000,-0.104,-0.023
626.81,0.482,0,0.730,0.635,1,0.000,0.000,0.000,0.000,0.000,0.000,-0.097,-0.007
627.01,0.486,0,0.732,0.636,1,0.000,0.000,0.000,0.000,0.000,0.000,-0.094,-0.021
627.21,0.489,0,0.732,0.636,1,0.000,0.000,0.000,0.000,0.000,0.000,-0.098,-0.024
627.41,0.489,0,0.729,0.636,1,0.000,0.000,0.000,0.000,0.000,0.000,-0.102,-0.020
627.61,0.481,0,0.729,0.636,1,0.000,0.000,0.000,0.000,0.000,0.000,-0.102,-0.020
627.81,0.479,0,0.729,0.636,1,0.000,0.000,0.000,0.000,0.000,0.000,-0.100,-0.014
628.01,0.472,0,0.736,0.636,1,0.000,0.000,0.000,0.000,0.000,0.000,-0.100,-0.006
628.21,0.472,0,0.736,0.636,1,0.000,0.000,0.000,0.000,0.000,0.000,-0.100,-0.004
628.41,0.470,0,0.729,0.636,1,0.000,0.000,0.000,0.000,0.000,0.000,-0.100,-0.004
628.61,0.484,0,0.729,0.636,1,0.000,0.000,0.000,0.000,0.000,0.000,-0.100,-0.022
628.81,0.488,0,0.729,0.636,1,0.000,0.000,0.000,0.000,0.000,0.000,-0.102,-0.018
629.01,0.488,0,0.729,0.636,1,0.000,0.000,0.000,0.000,0.000,0.000,-0.100,-0.019
629.21,0.472,0,0.729,0.636,1,0.000,0.000,0.000,0.000,0.000,0.000,-0.100,-0.019
629.41,0.482,0,0.734,0.636,1,0.000,0.000,0.000,0.000,0.000,0.000,-0.106,-0.015
629.61,0.720,0,0.734,0.636,1,0.000,0.000,0.000,0.000,0.000,0.000,-0.099,-0.012
629.81,0.472,0,0.734,0.636,1,0.000,0.000,0.000,0.000,0.000,0.000,-0.102,-0.027
630.01,0.472,0,0.733,0.636,1,0.000,0.000,0.000,0.000,0.000,0.000,-0.105,-0.010
630.21,0.479,0,0.733,0.636,1,0.000,0.000,0.000,0.000,0.000,0.000,-0.105,-0.010
630.41,0.470,0,0.731,0.636,1,0.000,0.000,0.000,0.000,0.000,0.000,-0.103,-0.007
630.61,0.487,0,0.731,0.636,1,0.000,0.000,0.000,0.000,0.000,0.000,-0.100,-0.024
630.81,0.487,0,0.731,0.636,1,0.000,0.000,0.000,0.000,0.000,0.000,-0.102,-0.020
631.01,0.484,0,0.736,0.637,1,0.000,0.000,0.000,0.000,0.000,0.000,-0.102,-0.020
631.21,0.477,0,0.736,0.637,1,0.000,0.000,0.000,0.000,0.000,0.000,-0.101,-0.014
631.41,0.477,0,0.732,0.637,1,0.000,0.000,0.000,0.000,0.000,0.000,-0.103,-0.009
631.61,0.481,0,0.732,0.637,1,0.000,0.000,0.000,0.000,0.000,0.000,-0.102,-0.032
631.81,0.481,0,0.732,0.637,1,0.000,0.000,0.000,0.000,0.000,0.000,-0.099,-0.019
632.01,0.477,0,0.735,0.637,1,0.000,0.000,0.000,0.000,0.000,0.000,-0.099,-0.019
632.21,0.482,0,0.735,0.637,1,0.000,0.000,0.000,0.000,0.000,0.000,-0.098,-0.009
632.41,0.477,0,0.726,0.637,1,0.000,0.000,0.000,0.000,0.000,0.000,-0.094,-0.009
632.61,0.477,0,0.726,0.637,1,0.000,0.000,0.000,0.000,0.000,0.000,-0.098,-0.023
632.81,0.481,0,0.726,0.637,1,0.000,0.000,0.000,0.000,0.000,0.000,-0.098,-0.023
633.01,0.470,0,0.731,0.637,1,0.000,0.000,0.000,0.000,0.000,0.000,-0.098,-0.021
633.21,0.479,0,0.731,0.637,1,0.000,0.000,0.000,0.000,0.000,0.000,-0.098,-0.014
633.41,0.725,0,0.731,0.637,1,0.000,0.000,0.000,0.000,0.000,0.000,-0.095,-0.027
633.61,0.725,0,0.731,0.637,1,0.000,0.000,0.000,0.000,0.000,0.000,-0.101,-0.025
633.81,0.726,0,0.731,0.637,1,0.000,0.000,0.000,0.000,0.000,0.000,-0.101,-0.025
634.01,0.475,0,0.727,0.634,1,0.000,0.000,0.000,0.000,0.000,0.000,-0.101,-0.024
634.21,0.474,0,0.727,0.634,1,0.000,0.000,0.000,0.000,0.000,0.000,-0.096,-0.005
634.41,0.474,0,0.732,0.635,1,0.000,0.000,0.000,0.000,0.000,0.000,-0.098,-0.026
634.61,0.475,0,0.732,0.635,1,0.000,0.000,0.000,0.000,0.000,0.000,-0.098,-0.026
634.81,0.477,0,0.732,0.635,1,0.000,0.000,0.000,0.000,0.000,0.000,-0.098,-0.026
635.01,0.726,0,0.732,0.635,1,0.000,0.000,0.000,0.000,0.000,0.000,-0.102,-0.023
635.21,0.481,0,0.732,0.635,1,0.000,0.000,0.000,0.000,0.000,0.000,-0.101,-0.020
635.41,0.481,0,0.737,0.633,1,0.000,0.000,0.000,0.000,0.000,0.000,-0.103,-0.021
635.61,0.486,0,0.737,0.633,1,0.000,0.000,0.000,0.000,0.000,0.000,-0.103,-0.021
635.81,0.475,0,0.737,0.633,1,0.000,0.000,0.000,0.000,0.000,0.000,-0.105,-0.011
636.01,0.481,0,0.733,0.633,1,0.000,0.000,0.000,0.000,0.000,0.000,-0.104,-0.022
636.21,0.481,0,0.733,0.633,1,0.000,0.000,0.000,0.000,0.000,0.000,-0.100,-0.034
636.41,0.727,0,0.733,0.635,1,0.000,0.000,0.000,0.000,0.000,0.000,-0.100,-0.034
636.61,0.728,0,0.733,0.635,1,0.000,0.000,0.000,0.000,0.000,0.000,-0.105,-0.011
636.81,0.728,0,0.733,0.635,1,0.000,0.000,0.000,0.000,0.000,0.000,-0.102,-0.026
637.01,0.481,0,0.734,0.635,1,0.000,0.000,0.000,0.000,0.000,0.000,-0.106,-0.022
637.21,0.481,0,0.734,0.635,1,0.000,0.000,0.000,0.000,0.000,0.000,-0.107,-0.027
637.41,0.479,0,0.733,0.635,1,0.000,0.000,0.000,0.000,0.000,0.000,-0.107,-0.027
637.61,0.470,0,0.733,0.635,1,0.000,0.000,0.000,0.000,0.000,0.000,-0.099,-0.015
637.81,0.472,0,0.733,0.635,1,0.000,0.000,0.000,0.000,0.000,0.000,-0.106,-0.007
638.01,0.472,0,0.732,0.634,1,0.000,0.000,0.000,0.000,0.000,0.000,-0.103,-0.015
638.21,0.477,0,0.732,0.634,1,0.000,0.000,0.000,0.000,0.000,0.000,-0.103,-0.015
638.41,0.475,0,0.730,0.634,1,0.000,0.000,0.000,0.000,0.000,0.000,-0.111,-0.028
638.61,0.484,0,0.730,0.634,1,0.000,0.000,0.000,0.000,0.000,0.000,-0.108,-0.021
638.81,0.484,0,0.730,0.634,1,0.000,0.000,0.000,0.000,0.000,0.000,-0.102,-0.010
639.01,0.725,0,0.731,0.637,1,0.000,0.000,0.000,0.000,0.000,0.000,-0.102,-0.010
639.21,0.727,0,0.731,0.637,1,0.000,0.000,0.000,0.000,0.000,0.000,-0.101,-0.013
639.41,0.477,0,0.733,0.638,1,0.000,0.000,0.000,0.000,0.000,0.000,-0.105,-0.009
639.61,0.488,0,0.733,0.638,1,0.000,0.000,0.000,0.000,0.000,0.000,-0.106,-0.009
639.81,0.488,0,0.733,0.638,1,0.000,0.000,0.000,0.000,0.000,0.000,-0.108,-0.006
640.01,0.470,0,0.730,0.631,1,0.000,0.000,0.000,0.000,0.000,0.000,-0.108,-0.006
640.21,0.488,0,0.730,0.631,1,0.000,0.000,0.000,0.000,0.000,0.000,-0.101,-0.023
640.41,0.477,0,0.735,0.625,1,0.000,0.000,0.000,0.000,0.000,0.000,-0.104,-0.022
640.61,0.477,0,0.735,0.625,1,0.000,0.000,0.000,0.000,0.000,0.000,-0.104,-0.021
640.81,0.481,0,0.735,0.625,1,0.000,0.000,0.000,0.000,0.000,0.000,-0.104,-0.021
641.01,0.479,0,0.736,0.629,1,0.000,0.000,0.000,0.000,0.000,0.000,-0.103,-0.020
641.21,0.481,0,0.736,0.629,1,0.000,0.000,0.000,0.000,0.000,0.000,-0.104,-0.011
641.41,0.481,0,0.737,0.633,1,0.000,0.000,0.000,0.000,0.000,0.000,-0.105,-0.006
641.61,0.481,0,0.737,0.633,1,0.000,0.000,0.000,0.000,0.000,0.000,-0.101,-0.011
641.81,0.474,0,0.737,0.633,1,0.000,0.000,0.000,0.000,0.000,0.000,-0.101,-0.011
642.01,0.479,0,0.735,0.638,1,0.000,0.000,0.000,0.000,0.000,0.000,-0.101,-0.023
642.21,0.719,0,0.735,0.638,1,0.000,0.000,0.000,0.000,0.000,0.000,-0.102,-0.009
642.41,0.719,0,0.725,0.638,1,0.000,0.000,0.000,0.000,0.000,0.000,-0.097,-0.013
642.61,0.474,0,0.725,0.638,1,0.000,0.000,0.000,0.000,0.000,0.000,-0.097,-0.013
642.81,0.472,0,0.725,0.638,1,0.000,0.000,0.000,0.000,0.000,0.000,-0.102,-0.012
643.01,0.477,0,0.730,0.638,1,0.000,0.000,0.000,0.000,0.000,0.000,-0.104,-0.009
643.21,0.719,0,0.730,0.638,1,0.000,0.000,0.000,0.000,0.000,0.000,-0.102,-0.010
643.41,0.719,0,0.726,0.637,1,0.000,0.000,0.000,0.000,0.000,0.000,-0.104,-0.009
643.61,0.481,0,0.726,0.637,1,0.000,0.000,0.000,0.000,0.000,0.000,-0.104,-0.009
643.81,0.479,0,0.726,0.637,1,0.000,0.000,0.000,0.000,0.000,0.000,-0.099,-0.007
644.01,0.484,0,0.732,0.638,1,0.000,0.000,0.000,0.000,0.000,0.000,-0.100,-0.020
644.21,0.484,0,0.732,0.638,1,0.000,0.000,0.000,0.000,0.000,0.000,-0.105,-0.011
644.41,0.723,0,0.729,0.638,1,0.000,0.000,0.000,0.000,0.000,0.000,-0.105,-0.011
644.61,0.477,0,0.729,0.638,1,0.000,0.000,0.000,0.000,0.000,0.000,-0.104,-0.008
644.81,0.479,0,0.729,0.638,1,0.000,0.000,0.000,0.000,0.000,0.000,-0.105,-0.008
645.01,0.488,0,0.732,0.638,1,0.000,0.000,0.000,0.000,0.000,0.000,-0.104,-0.011
645.21,0.488,0,0.732,0.638,1,0.000,0.000,0.000,0.000,0.000,0.000,-0.103,-0.011
645.41,0.481,0,0.727,0.638,1,0.000,0.000,0.000,0.000,0.000,0.000,-0.103,-0.011
645.61,0.485,0,0.727,0.638,1,0.000,0.000,0.000,0.000,0.000,0.000,-0.105,-0.009
645.81,0.484,0,0.727,0.638,1,0.000,0.000,0.000,0.000,0.000,0.000,-0.099,-0.009
646.01,0.484,0,0.728,0.637,1,0.000,0.000,0.000,0.000,0.000,0.000,-0.110,-0.007
646.21,0.484,0,0.728,0.637,1,0.000,0.000,0.000,0.000,0.000,0.000,-0.110,-0.007
646.41,0.488,0,0.728,0.636,1,0.000,0.000,0.000,0.000,0.000,0.000,-0.106,-0.020
646.61,0.472,0,0.728,0.636,1,0.000,0.000,0.000,0.000,0.000,0.000,-0.106,-0.029
646.81,0.472,0,0.728,0.636,1,0.000,0.000,0.000,0.000,0.000,0.000,-0.103,-0.029
647.01,0.472,0,0.729,0.639,1,0.000,0.000,0.000,0.000,0.000,0.000,-0.101,-0.024
647.21,0.721,0,0.729,0.639,1,0.000,0.000,0.000,0.000,0.000,0.000,-0.101,-0.024
647.41,0.474,0,0.729,0.642,1,0.000,0.000,0.000,0.000,0.000,0.000,-0.104,-0.009
647.61,0.484,0,0.729,0.642,1,0.000,0.000,0.000,0.000,0.000,0.000,-0.102,-0.015
647.81,0.484,0,0.729,0.642,1,0.000,0.000,0.000,0.000,0.000,0.000,-0.108,-0.016
648.01,0.722,0,0.728,0.642,1,0.000,0.000,0.000,0.000,0.000,0.000,-0.108,-0.016
648.21,0.477,0,0.728,0.642,1,0.000,0.000,0.000,0.000,0.000,0.000,-0.101,-0.019
648.41,0.474,0,0.729,0.642,1,0.000,0.000,0.000,0.000,0.000,0.000,-0.107,-0.024
648.61,0.474,0,0.729,0.642,1,0.000,0.000,0.000,0.000,0.000,0.000,-0.104,-0.025
648.81,0.722,0,0.729,0.642,1,0.000,0.000,0.000,0.000,0.000,0.000,-0.104,-0.025
649.01,0.477,0,0.735,0.640,1,0.000,0.000,0.000,0.000,0.000,0.000,-0.099,-0.027
649.21,0.479,0,0.735,0.640,1,0.000,0.000,0.000,0.000,0.000,0.000,-0.104,-0.011
649.41,0.484,0,0.740,0.631,1,0.000,0.000,0.000,0.000,0.000,0.000,-0.098,-0.014
649.61,0.484,0,0.740,0.631,1,0.000,0.000,0.000,0.000,0.000,0.000,-0.100,-0.029
649.81,0.475,0,0.740,0.631,1,0.000,0.000,0.000,0.000,0.000,0.000,-0.100,-0.029
650.01,0.470,0,0.743,0.614,1,0.000,0.000,0.000,0.000,0.000,0.000,-0.098,-0.026
650.21,0.489,0,0.743,0.614,1,0.000,0.000,0.000,0.000,0.000,0.000,-0.101,-0.015
650.41,0.489,0,0.739,0.631,1,0.000,0.000,0.000,0.000,0.000,0.000,-0.094,-0.025
650.61,0.472,0,0.739,0.631,1,0.000,0.000,0.000,0.000,0.000,0.000,-0.094,-0.025
650.81,0.477,0,0.739,0.631,1,0.000,0.000,0.000,0.000,0.000,0.000,-0.100,-0.011
651.01,0.735,0,0.740,0.633,1,0.000,0.000,0.000,0.000,0.000,0.000,-0.100,-0.015
651.21,0.477,0,0.740,0.633,1,0.000,0.000,0.000,0.000,0.000,0.000,-0.103,-0.009
651.41,0.477,0,0.739,0.631,1,0.000,0.000,0.000,0.000,0.000,0.000,-0.098,-0.009
651.61,0.489,0,0.739,0.631,1,0.000,0.000,0.000,0.000,0.000,0.000,-0.098,-0.009
651.81,0.486,0,0.739,0.631,1,0.000,0.000,0.000,0.000,0.000,0.000,-0.102,-0.011
652.01,0.477,0,0.739,0.632,1,0.000,0.000,0.000,0.000,0.000,0.000,-0.099,-0.021
652.21,0.477,0,0.739,0.632,1,0.000,0.000,0.000,0.000,0.000,0.000,-0.102,-0.026
652.41,0.477,0,0.740,0.631,1,0.000,0.000,0.000,0.000,0.000,0.000,-0.102,-0.026
652.61,0.470,0,0.740,0.631,1,0.000,0.000,0.000,0.000,0.000,0.000,-0.107,-0.026
652.81,0.477,0,0.740,0.631,1,0.000,0.000,0.000,0.000,0.000,0.000,-0.108,-0.008
653.01,0.477,0,0.739,0.632,1,0.000,0.000,0.000,0.000,0.000,0.000,-0.113,-0.009
653.21,0.477,0,0.739,0.632,1,0.000,0.000,0.000,0.000,0.000,0.000,-0.099,-0.008
653.41,0.477,0,0.741,0.633,1,0.000,0.000,0.000,0.000,0.000,0.000,-0.099,-0.008
653.61,0.477,0,0.741,0.633,1,0.000,0.000,0.000,0.000,0.000,0.000,-0.106,-0.013
653.81,0.477,0,0.741,0.633,1,0.000,0.000,0.000,0.000,0.000,0.000,-0.101,-0.012
654.01,0.477,0,0.739,0.632,1,0.000,0.000,0.000,0.000,0.000,0.000,-0.105,-0.010
654.21,0.470,0,0.739,0.632,1,0.000,0.000,0.000,0.000,0.000,0.000,-0.105,-0.010
654.41,0.477,0,0.742,0.631,1,0.000,0.000,0.000,0.000,0.000,0.000,-0.105,-0.025
654.61,0.479,0,0.742,0.631,1,0.000,0.000,0.000,0.000,0.000,0.000,-0.103,-0.017
654.81,0.477,0,0.742,0.631,1,0.000,0.000,0.000,0.000,0.000,0.000,-0.106,-0.049
655.01,0.477,0,0.745,0.630,1,0.000,0.000,0.000,0.000,0.000,0.000,-0.104,-0.018
655.21,0.479,0,0.745,0.630,1,0.000,0.000,0.000,0.000,0.000,0.000,-0.104,-0.018
655.41,0.105,0,0.738,0.625,1,0.000,0.000,0.000,0.000,0.000,0.000,-0.108,-0.030
655.61,0.479,0,0.738,0.625,1,0.000,0.000,0.000,0.000,0.000,0.000,-0.108,-0.052
655.81,0.479,0,0.738,0.625,1,0.000,0.000,0.000,0.000,0.000,0.000,-0.105,-0.042
656.01,0.488,0,0.744,0.613,1,0.000,0.000,0.000,0.000,0.000,0.000,-0.105,-0.042
656.21,0.481,0,0.744,0.613,1,0.000,0.000,0.000,0.000,0.000,0.000,-0.108,-0.030
656.41,0.105,0,0.744,0.614,1,0.000,0.000,0.000,0.000,0.000,0.000,-0.109,-0.040
656.61,0.737,0,0.744,0.614,1,0.000,0.000,0.000,0.000,0.000,0.000,-0.105,-0.037
656.81,0.737,0,0.744,0.614,1,0.000,0.000,0.000,0.000,0.000,0.000,-0.106,-0.041
657.01,0.475,0,0.741,0.613,1,0.000,0.000,0.000,0.000,0.000,0.000,-0.106,-0.041
657.21,0.738,0,0.741,0.613,1,0.000,0.000,0.000,0.000,0.000,0.000,-0.104,-0.035
657.41,0.731,0,0.737,0.617,1,0.000,0.000,0.000,0.000,0.000,0.000,-0.105,-0.025
657.61,0.731,0,0.737,0.617,1,0.000,0.000,0.000,0.000,0.000,0.000,-0.107,-0.020
657.81,0.489,0,0.737,0.617,1,0.000,0.000,0.000,0.000,0.000,0.000,-0.107,-0.020
658.01,0.477,0,0.729,0.637,1,0.000,0.000,0.000,0.000,0.000,0.000,-0.105,-0.014
658.21,0.720,0,0.729,0.637,1,0.000,0.000,0.000,0.000,0.000,0.000,-0.104,-0.025
658.41,0.720,0,0.725,0.643,1,0.000,0.000,0.000,0.000,0.000,0.000,-0.107,-0.028
658.61,0.486,0,0.725,0.643,1,0.000,0.000,0.000,0.000,0.000,0.000,-0.107,-0.028
658.81,0.723,0,0.725,0.643,1,0.000,0.000,0.000,0.000,0.000,0.000,-0.104,-0.022
659.01,0.713,0,0.719,0.627,1,0.000,0.000,0.000,0.000,0.000,0.000,-0.108,-0.033
659.21,0.477,0,0.719,0.627,1,0.000,0.000,0.000,0.000,0.000,0.000,-0.110,-0.021
659.41,0.477,0,0.727,0.624,1,0.000,0.000,0.000,0.000,0.000,0.000,-0.106,-0.031
659.61,0.472,0,0.727,0.624,1,0.000,0.000,0.000,0.000,0.000,0.000,-0.106,-0.031
659.81,0.725,0,0.727,0.624,1,0.000,0.000,0.000,0.000,0.000,0.000,-0.112,-0.032
660.01,0.481,0,0.726,0.602,1,0.000,0.000,0.000,0.000,0.000,0.000,-0.111,-0.024
660.21,0.481,0,0.726,0.602,1,0.000,0.000,0.000,0.000,0.000,0.000,-0.110,-0.022
660.41,0.486,0,0.731,0.798,1,0.000,0.000,0.000,0.000,0.000,0.000,-0.110,-0.022
660.61,0.482,0,0.731,0.798,1,0.000,0.000,0.000,0.000,0.000,0.000,-0.105,-0.029
660.81,0.482,0,0.731,0.798,1,0.000,0.000,0.000,0.000,0.000,0.000,-0.106,-0.030
661.01,0.481,0,0.739,0.803,1,0.000,0.000,0.000,0.000,0.000,0.000,-0.107,-0.048
661.21,0.481,0,0.739,0.803,1,0.000,0.000,0.000,0.000,0.000,0.000,-0.104,-0.026
661.41,0.484,0,0.739,0.552,1,0.000,0.000,0.000,0.000,0.000,0.000,-0.104,-0.026
661.61,0.733,0,0.739,0.552,1,0.000,0.000,0.000,0.000,0.000,0.000,-0.106,-0.015
661.81,0.479,0,0.739,0.552,1,0.000,0.000,0.000,0.000,0.000,0.000,-0.105,-0.026
662.01,0.479,0,0.740,0.571,1,0.000,0.000,0.000,0.000,0.000,0.000,-0.111,-0.023
662.21,0.486,0,0.740,0.571,1,0.000,0.000,0.000,0.000,0.000,0.000,-0.111,-0.023
662.41,0.477,0,0.740,0.780,1,0.000,0.000,0.000,0.000,0.000,0.000,-0.108,-0.029
662.61,0.489,0,0.740,0.780,1,0.000,0.000,0.000,0.000,0.000,0.000,-0.099,-0.022
662.81,0.481,0,0.740,0.780,1,0.000,0.000,0.000,0.000,0.000,0.000,-0.104,-0.023
663.01,0.481,0,0.649,0.707,1,0.000,0.000,0.000,0.000,0.000,0.000,-0.105,-0.025
663.21,0.484,0,0.649,0.707,1,0.000,0.000,0.000,0.000,0.000,0.000,-0.105,-0.025
663.41,0.475,0,0.612,0.641,1,0.000,0.000,0.000,0.000,0.000,0.000,-0.105,-0.015
663.61,0.571,0,0.612,0.641,1,0.000,0.000,0.000,0.000,0.000,0.000,-0.100,-0.020
663.81,0.571,0,0.612,0.641,1,0.000,0.000,0.000,0.000,0.000,0.000,-0.105,-0.030
664.01,0.489,0,0.550,0.596,1,0.000,0.000,0.000,0.000,0.000,0.000,-0.105,-0.030
664.21,0.482,0,0.550,0.596,1,0.000,0.000,0.000,0.000,0.000,0.000,-0.102,-0.011
664.41,0.484,0,0.534,0.595,1,0.000,0.000,0.000,0.000,0.000,0.000,-0.106,-0.024
664.61,0.484,0,0.534,0.595,1,0.000,0.000,0.000,0.000,0.000,0.000,-0.103,-0.022
664.81,0.484,0,0.534,0.595,1,0.000,0.000,0.000,0.000,0.000,0.000,-0.107,-0.021
665.01,0.475,0,0.543,0.601,1,0.000,0.000,0.000,0.000,0.000,0.000,-0.107,-0.021
665.21,0.539,0,0.543,0.601,1,0.000,0.000,0.000,0.000,0.000,0.000,-0.101,-0.020
665.41,0.487,0,0.548,0.604,1,0.000,0.000,0.000,0.000,0.000,0.000,-0.107,-0.017
665.61,0.487,0,0.548,0.604,1,0.000,0.000,0.000,0.000,0.000,0.000,-0.103,-0.014
665.81,0.479,0,0.548,0.604,1,0.000,0.000,0.000,0.000,0.000,0.000,-0.103,-0.014
666.01,0.477,0,0.544,0.599,1,0.000,0.000,0.000,0.000,0.000,0.000,-0.105,-0.008
666.21,0.477,0,0.544,0.599,1,0.000,0.000,0.000,0.000,0.000,0.000,-0.105,-0.011
666.41,0.479,0,0.539,0.595,1,0.000,0.000,0.000,0.000,0.000,0.000,-0.103,-0.015
666.61,0.479,0,0.539,0.595,1,0.000,0.000,0.000,0.000,0.000,0.000,-0.107,-0.016
666.81,0.488,0,0.539,0.595,1,0.000,0.000,0.000,0.000,0.000,0.000,-0.107,-0.016
667.01,0.472,0,0.532,0.591,1,0.000,0.000,0.000,0.000,0.000,0.000,-0.109,-0.023
667.21,0.521,0,0.532,0.591,1,0.000,0.000,0.000,0.000,0.000,0.000,-0.101,-0.016
667.41,0.521,0,0.523,0.582,1,0.000,0.000,0.000,0.000,0.000,0.000,-0.100,-0.021
667.61,0.477,0,0.523,0.582,1,0.000,0.000,0.000,0.000,0.000,0.000,-0.100,-0.021
667.81,0.489,0,0.523,0.582,1,0.000,0.000,0.000,0.000,0.000,0.000,-0.110,-0.040
668.01,0.477,0,0.516,0.561,1,0.000,0.000,0.000,0.000,0.000,0.000,-0.106,-0.039
668.21,0.477,0,0.516,0.561,1,0.000,0.000,0.000,0.000,0.000,0.000,-0.106,-0.031
668.41,0.512,0,0.513,0.577,1,0.000,0.000,0.000,0.000,0.000,0.000,-0.106,-0.037
668.61,0.477,0,0.513,0.577,1,0.000,0.000,0.000,0.000,0.000,0.000,-0.106,-0.037
668.81,0.488,0,0.513,0.577,1,0.000,0.000,0.000,0.000,0.000,0.000,-0.107,-0.022
669.01,0.475,0,0.500,0.565,1,0.000,0.000,0.000,0.000,0.000,0.000,-0.107,-0.029
669.21,0.475,0,0.500,0.565,1,0.000,0.000,0.000,0.000,0.000,0.000,-0.108,-0.039
669.41,0.501,0,0.509,0.572,1,0.000,0.000,0.000,0.000,0.000,0.000,-0.108,-0.039
669.61,0.474,0,0.509,0.572,1,0.000,0.000,0.000,0.000,0.000,0.000,-0.107,-0.045
669.81,0.484,0,0.509,0.572,1,0.000,0.000,0.000,0.000,0.000,0.000,-0.110,-0.044
670.01,0.484,0,0.508,0.573,1,0.000,0.000,0.000,0.000,0.000,0.000,-0.113,-0.022
670.21,0.484,0,0.508,0.573,1,0.000,0.000,0.000,0.000,0.000,0.000,-0.113,-0.022
670.41,0.475,0,0.508,0.572,1,0.000,0.000,0.000,0.000,0.000,0.000,-0.114,-0.033
670.61,0.499,0,0.508,0.572,1,0.000,0.000,0.000,0.000,0.000,0.000,-0.110,-0.016
670.81,0.481,0,0.508,0.572,1,0.000,0.000,0.000,0.000,0.000,0.000,-0.106,-0.030
671.01,0.481,0,0.512,0.577,1,0.000,0.000,0.000,0.000,0.000,0.000,-0.109,-0.016
671.21,0.481,0,0.512,0.577,1,0.000,0.000,0.000,0.000,0.000,0.000,-0.109,-0.016
671.41,0.477,0,0.513,0.576,1,0.000,0.000,0.000,0.000,0.000,0.000,-0.108,-0.026
671.61,0.477,0,0.513,0.576,1,0.000,0.000,0.000,0.000,0.000,0.000,-0.111,-0.012
671.81,0.477,0,0.513,0.576,1,0.000,0.000,0.000,0.000,0.000,0.000,-0.112,-0.008
672.01,0.488,0,0.506,0.573,1,0.000,0.000,0.000,0.000,0.000,0.000,-0.112,-0.008
672.21,0.477,0,0.506,0.573,1,0.000,0.000,0.000,0.000,0.000,0.000,-0.103,-0.018
672.41,0.477,0,0.505,0.572,1,0.000,0.000,0.000,0.000,0.000,0.000,-0.103,-0.020
672.61,0.105,0,0.505,0.572,1,0.000,0.000,0.000,0.000,0.000,0.000,-0.106,-0.021
672.81,0.105,0,0.505,0.572,1,0.000,0.000,0.000,0.000,0.000,0.000,-0.109,-0.003
673.01,0.477,0,0.511,0.574,1,0.000,0.000,0.000,0.000,0.000,0.000,-0.109,-0.003
673.21,0.475,0,0.511,0.574,1,0.000,0.000,0.000,0.000,0.000,0.000,-0.104,-0.010
673.41,0.475,0,0.511,0.573,1,0.000,0.000,0.000,0.000,0.000,0.000,-0.106,-0.018
673.61,0.475,0,0.511,0.573,1,0.000,0.000,0.000,0.000,0.000,0.000,-0.104,-0.014
673.81,0.481,0,0.511,0.573,1,0.000,0.000,0.000,0.000,0.000,0.000,-0.104,-0.014
674.01,0.106,0,0.509,0.572,1,0.000,0.000,0.000,0.000,0.000,0.000,-0.102,-0.013
674.21,0.105,0,0.509,0.572,1,0.000,0.000,0.000,0.000,0.000,0.000,-0.104,-0.024
674.41,0.488,0,0.508,0.573,1,0.000,0.000,0.000,0.000,0.000,0.000,-0.106,-0.028
674.61,0.488,0,0.508,0.573,1,0.000,0.000,0.000,0.000,0.000,0.000,-0.105,-0.024
674.81,0.481,0,0.508,0.573,1,0.000,0.000,0.000,0.000,0.000,0.000,-0.105,-0.024
675.01,0.486,0,0.511,0.574,1,0.000,0.000,0.000,0.000,0.000,0.000,-0.107,-0.019
675.21,0.477,0,0.511,0.574,1,0.000,0.000,0.000,0.000,0.000,0.000,-0.111,-0.028
675.41,0.477,0,0.512,0.575,1,0.000,0.000,0.000,0.000,0.000,0.000,-0.109,-0.027
675.61,0.487,0,0.512,0.575,1,0.000,0.000,0.000,0.000,0.000,0.000,-0.109,-0.027
675.81,0.477,0,0.512,0.575,1,0.000,0.000,0.000,0.000,0.000,0.000,-0.111,-0.018
676.01,0.501,0,0.509,0.574,1,0.000,0.000,0.000,0.000,0.000,0.000,-0.109,-0.025
676.21,0.501,0,0.509,0.574,1,0.000,0.000,0.000,0.000,0.000,0.000,-0.111,-0.034
676.41,0.501,0,0.512,0.574,1,0.000,0.000,0.000,0.000,0.000,0.000,-0.108,-0.035
676.61,0.475,0,0.512,0.574,1,0.000,0.000,0.000,0.000,0.000,0.000,-0.108,-0.035
676.81,0.481,0,0.512,0.574,1,0.000,0.000,0.000,0.000,0.000,0.000,-0.108,-0.031
677.01,0.488,0,0.509,0.573,1,0.000,0.000,0.000,0.000,0.000,0.000,-0.106,-0.026
677.21,0.488,0,0.509,0.573,1,0.000,0.000,0.000,0.000,0.000,0.000,-0.110,-0.027
677.41,0.486,0,0.507,0.572,1,0.000,0.000,0.000,0.000,0.000,0.000,-0.110,-0.027
677.61,0.481,0,0.507,0.572,1,0.000,0.000,0.000,0.000,0.000,0.000,-0.108,-0.024
677.81,0.487,0,0.507,0.572,1,0.000,0.000,0.000,0.000,0.000,0.000,-0.109,-0.016
678.01,0.487,0,0.508,0.573,1,0.000,0.000,0.000,0.000,0.000,0.000,-0.110,-0.016
678.21,0.477,0,0.508,0.573,1,0.000,0.000,0.000,0.000,0.000,0.000,-0.110,-0.016
678.41,0.477,0,0.512,0.578,1,0.000,0.000,0.000,0.000,0.000,0.000,-0.107,-0.012
678.61,0.475,0,0.512,0.578,1,0.000,0.000,0.000,0.000,0.000,0.000,-0.112,0.002
678.81,0.479,0,0.512,0.578,1,0.000,0.000,0.000,0.000,0.000,0.000,-0.108,-0.017
679.01,0.479,0,0.521,0.598,1,0.000,0.000,0.000,0.000,0.000,0.000,-0.111,-0.022
679.21,0.477,0,0.521,0.598,1,0.000,0.000,0.000,0.000,0.000,0.000,-0.111,-0.022
679.41,0.472,0,0.547,0.624,1,0.000,0.000,0.000,0.000,0.000,0.000,-0.110,-0.017
679.61,0.477,0,0.547,0.624,1,0.000,0.000,0.000,0.000,0.000,0.000,-0.110,-0.015
679.81,0.477,0,0.547,0.624,1,0.000,0.000,0.000,0.000,0.000,0.000,-0.110,-0.026
680.01,0.472,0,0.594,0.659,1,0.000,0.000,0.000,0.000,0.000,0.000,-0.110,-0.026
680.21,0.484,0,0.594,0.659,1,0.000,0.000,0.000,0.000,0.000,0.000,-0.110,-0.031
680.41,0.472,0,0.628,0.708,1,0.000,0.000,0.000,0.000,0.000,0.000,-0.104,-0.016
680.61,0.485,0,0.628,0.708,1,0.000,0.000,0.000,0.000,0.000,0.000,-0.103,-0.021
680.81,0.485,0,0.628,0.708,1,0.000,0.000,0.000,0.000,0.000,0.000,-0.106,-0.022
681.01,0.474,0,0.677,0.481,1,0.000,0.000,0.000,0.000,0.000,0.000,-0.106,-0.022
681.21,0.475,0,0.677,0.481,1,0.000,0.000,0.000,0.000,0.000,0.000,-0.103,-0.023
681.41,0.487,0,0.690,0.744,1,0.000,0.000,0.000,0.000,0.000,0.000,-0.106,-0.017
681.61,0.487,0,0.690,0.744,1,0.000,0.000,0.000,0.000,0.000,0.000,-0.105,-0.018
681.81,0.666,0,0.690,0.744,1,0.000,0.000,0.000,0.000,0.000,0.000,-0.105,-0.018
682.01,0.472,0,0.672,0.725,1,0.000,0.000,0.000,0.000,0.000,0.000,-0.103,-0.022
682.21,0.482,0,0.672,0.725,1,0.000,0.000,0.000,0.000,0.000,0.000,-0.102,-0.022
682.41,0.477,0,0.660,0.712,1,0.000,0.000,0.000,0.000,0.000,0.000,-0.104,-0.019
682.61,0.477,0,0.660,0.712,1,0.000,0.000,0.000,0.000,0.000,0.000,-0.103,-0.021
682.81,0.477,0,0.660,0.712,1,0.000,0.000,0.000,0.000,0.000,0.000,-0.103,-0.021
683.01,0.477,0,0.663,0.714,1,0.000,0.000,0.000,0.000,0.000,0.000,-0.106,-0.033
683.21,0.477,0,0.663,0.714,1,0.000,0.000,0.000,0.000,0.000,0.000,-0.106,-0.037
683.41,0.477,0,0.663,0.715,1,0.000,0.000,0.000,0.000,0.000,0.000,-0.099,-0.025
683.61,0.477,0,0.663,0.715,1,0.000,0.000,0.000,0.000,0.000,0.000,-0.099,-0.025
683.81,0.657,0,0.663,0.715,1,0.000,0.000,0.000,0.000,0.000,0.000,-0.107,-0.034
684.01,0.477,0,0.665,0.719,1,0.000,0.000,0.000,0.000,0.000,0.000,-0.103,-0.035
684.21,0.481,0,0.665,0.719,1,0.000,0.000,0.000,0.000,0.000,0.000,-0.105,-0.028
684.41,0.481,0,0.664,0.718,1,0.000,0.000,0.000,0.000,0.000,0.000,-0.103,-0.025
684.61,0.477,0,0.664,0.718,1,0.000,0.000,0.000,0.000,0.000,0.000,-0.103,-0.025
684.81,0.486,0,0.664,0.718,1,0.000,0.000,0.000,0.000,0.000,0.000,-0.100,-0.022
685.01,0.659,0,0.666,0.720,1,0.000,0.000,0.000,0.000,0.000,0.000,-0.104,-0.014
685.21,0.659,0,0.666,0.720,1,0.000,0.000,0.000,0.000,0.000,0.000,-0.103,-0.012
685.41,0.477,0,0.667,0.722,1,0.000,0.000,0.000,0.000,0.000,0.000,-0.103,-0.012
685.61,0.662,0,0.667,0.722,1,0.000,0.000,0.000,0.000,0.000,0.000,-0.101,-0.023
685.81,0.667,0,0.667,0.722,1,0.000,0.000,0.000,0.000,0.000,0.000,-0.101,-0.027
686.01,0.481,0,0.673,0.728,1,0.000,0.000,0.000,0.000,0.000,0.000,-0.098,-0.026
686.21,0.481,0,0.673,0.728,1,0.000,0.000,0.000,0.000,0.000,0.000,-0.102,-0.024
686.41,0.482,0,0.672,0.728,1,0.000,0.000,0.000,0.000,0.000,0.000,-0.102,-0.024
686.61,0.488,0,0.672,0.728,1,0.000,0.000,0.000,0.000,0.000,0.000,-0.103,-0.025
686.81,0.479,0,0.672,0.728,1,0.000,0.000,0.000,0.000,0.000,0.000,-0.105,-0.030
687.01,0.479,0,0.669,0.718,1,0.000,0.000,0.000,0.000,0.000,0.000,-0.106,-0.025
687.21,0.659,0,0.669,0.718,1,0.000,0.000,0.000,0.000,0.000,0.000,-0.106,-0.025
687.41,0.472,0,0.667,0.712,1,0.000,0.000,0.000,0.000,0.000,0.000,-0.102,-0.025
687.61,0.477,0,0.667,0.712,1,0.000,0.000,0.000,0.000,0.000,0.000,-0.104,-0.024
687.81,0.477,0,0.667,0.712,1,0.000,0.000,0.000,0.000,0.000,0.000,-0.105,-0.025
688.01,0.479,0,0.667,0.717,1,0.000,0.000,0.000,0.000,0.000,0.000,-0.105,-0.025
688.21,0.486,0,0.667,0.717,1,0.000,0.000,0.000,0.000,0.000,0.000,-0.108,-0.020
688.41,0.475,0,0.668,0.716,1,0.000,0.000,0.000,0.000,0.000,0.000,-0.106,-0.026
688.61,0.477,0,0.668,0.716,1,0.000,0.000,0.000,0.000,0.000,0.000,-0.109,-0.018
688.81,0.477,0,0.668,0.716,1,0.000,0.000,0.000,0.000,0.000,0.000,-0.105,-0.020
689.01,0.664,0,0.670,0.724,1,0.000,0.000,0.000,0.000,0.000,0.000,-0.105,-0.020
689.21,0.474,0,0.670,0.724,1,0.000,0.000,0.000,0.000,0.000,0.000,-0.105,-0.027
689.41,0.489,0,0.670,0.725,1,0.000,0.000,0.000,0.000,0.000,0.000,-0.103,-0.033
689.61,0.489,0,0.670,0.725,1,0.000,0.000,0.000,0.000,0.000,0.000,-0.108,-0.038
689.81,0.481,0,0.670,0.725,1,0.000,0.000,0.000,0.000,0.000,0.000,-0.108,-0.038
690.01,0.470,0,0.670,0.726,1,0.000,0.000,0.000,0.000,0.000,0.000,-0.110,-0.020
690.21,0.470,0,0.670,0.726,1,0.000,0.000,0.000,0.000,0.000,0.000,-0.104,-0.023
690.41,0.486,0,0.670,0.726,1,0.000,0.000,0.000,0.000,0.000,0.000,-0.103,-0.023
690.61,0.486,0,0.670,0.726,1,0.000,0.000,0.000,0.000,0.000,0.000,-0.102,-0.017
690.81,0.488,0,0.670,0.726,1,0.000,0.000,0.000,0.000,0.000,0.000,-0.102,-0.017
691.01,0.475,0,0.671,0.727,1,0.000,0.000,0.000,0.000,0.000,0.000,-0.106,-0.012
691.21,0.477,0,0.671,0.727,1,0.000,0.000,0.000,0.000,0.000,0.000,-0.102,-0.019
691.41,0.477,0,0.672,0.729,1,0.000,0.000,0.000,0.000,0.000,0.000,-0.105,-0.020
691.61,0.472,0,0.672,0.729,1,0.000,0.000,0.000,0.000,0.000,0.000,-0.105,-0.020
691.81,0.479,0,0.672,0.729,1,0.000,0.000,0.000,0.000,0.000,0.000,-0.106,-0.022
692.01,0.668,0,0.674,0.728,1,0.000,0.000,0.000,0.000,0.000,0.000,-0.102,-0.012
692.21,0.666,0,0.674,0.728,1,0.000,0.000,0.000,0.000,0.000,0.000,-0.104,-0.020
692.41,0.666,0,0.670,0.728,1,0.000,0.000,0.000,0.000,0.000,0.000,-0.105,-0.015
692.61,0.470,0,0.670,0.728,1,0.000,0.000,0.000,0.000,0.000,0.000,-0.105,-0.015
692.81,0.665,0,0.670,0.728,1,0.000,0.000,0.000,0.000,0.000,0.000,-0.103,-0.017
693.01,0.474,0,0.671,0.720,1,0.000,0.000,0.000,0.000,0.000,0.000,-0.107,-0.022
693.21,0.474,0,0.671,0.720,1,0.000,0.000,0.000,0.000,0.000,0.000,-0.107,-0.023
693.41,0.477,0,0.664,0.716,1,0.000,0.000,0.000,0.000,0.000,0.000,-0.107,-0.023
693.61,0.477,0,0.664,0.716,1,0.000,0.000,0.000,0.000,0.000,0.000,-0.107,-0.022
693.81,0.484,0,0.664,0.716,1,0.000,0.000,0.000,0.000,0.000,0.000,-0.107,-0.012
694.01,0.474,0,0.668,0.726,1,0.000,0.000,0.000,0.000,0.000,0.000,-0.102,-0.016
694.21,0.474,0,0.668,0.726,1,0.000,0.000,0.000,0.000,0.000,0.000,-0.108,-0.023
694.41,0.477,0,0.683,0.725,1,0.000,0.000,0.000,0.000,0.000,0.000,-0.108,-0.023
694.61,0.472,0,0.683,0.725,1,0.000,0.000,0.000,0.000,0.000,0.000,-0.110,-0.019
694.81,0.664,0,0.683,0.725,1,0.000,0.000,0.000,0.000,0.000,0.000,-0.103,-0.021
695.01,0.664,0,0.670,0.719,1,0.000,0.000,0.000,0.000,0.000,0.000,-0.104,-0.024
695.21,0.470,0,0.670,0.719,1,0.000,0.000,0.000,0.000,0.000,0.000,-0.104,-0.024
695.41,0.661,0,0.667,0.715,1,0.000,0.000,0.000,0.000,0.000,0.000,-0.106,-0.018
695.61,0.477,0,0.667,0.715,1,0.000,0.000,0.000,0.000,0.000,0.000,-0.104,-0.020
695.81,0.477,0,0.667,0.715,1,0.000,0.000,0.000,0.000,0.000,0.000,-0.101,-0.019
696.01,0.489,0,0.668,0.714,1,0.000,0.000,0.000,0.000,0.000,0.000,-0.106,-0.015
696.21,0.482,0,0.668,0.714,1,0.000,0.000,0.000,0.000,0.000,0.000,-0.106,-0.015
696.41,0.472,0,0.661,0.712,1,0.000,0.000,0.000,0.000,0.000,0.000,-0.109,-0.018
696.61,0.481,0,0.661,0.712,1,0.000,0.000,0.000,0.000,0.000,0.000,-0.105,-0.032
696.81,0.481,0,0.661,0.712,1,0.000,0.000,0.000,0.000,0.000,0.000,-0.105,-0.037
697.01,0.477,0,0.663,0.711,1,0.000,0.000,0.000,0.000,0.000,0.000,-0.105,-0.037
697.21,0.470,0,0.663,0.711,1,0.000,0.000,0.000,0.000,0.000,0.000,-0.102,-0.024
697.41,0.488,0,0.666,0.710,1,0.000,0.000,0.000,0.000,0.000,0.000,-0.102,-0.027
697.61,0.488,0,0.666,0.710,1,0.000,0.000,0.000,0.000,0.000,0.000,-0.101,-0.028
697.81,0.477,0,0.666,0.710,1,0.000,0.000,0.000,0.000,0.000,0.000,-0.101,-0.028
698.01,0.479,0,0.666,0.714,1,0.000,0.000,0.000,0.000,0.000,0.000,-0.102,-0.034
698.21,0.472,0,0.666,0.714,1,0.000,0.000,0.000,0.000,0.000,0.000,-0.105,-0.022
698.41,0.488,0,0.671,0.717,1,0.000,0.000,0.000,0.000,0.000,0.000,-0.107,-0.024
698.61,0.488,0,0.671,0.717,1,0.000,0.000,0.000,0.000,0.000,0.000,-0.100,-0.013
698.81,0.486,0,0.671,0.717,1,0.000,0.000,0.000,0.000,0.000,0.000,-0.100,-0.013
699.01,0.488,0,0.672,0.720,1,0.000,0.000,0.000,0.000,0.000,0.000,-0.101,-0.027
699.21,0.666,0,0.672,0.720,1,0.000,0.000,0.000,0.000,0.000,0.000,-0.100,-0.032
699.41,0.666,0,0.675,0.720,1,0.000,0.000,0.000,0.000,0.000,0.000,-0.104,-0.032
699.61,0.481,0,0.675,0.720,1,0.000,0.000,0.000,0.000,0.000,0.000,-0.104,-0.032
699.81,0.475,0,0.675,0.720,1,0.000,0.000,0.000,0.000,0.000,0.000,-0.107,-0.033
700.01,0.663,0,0.669,0.716,1,0.000,0.000,0.000,0.000,0.000,0.000,-0.108,-0.026
700.21,0.470,0,0.669,0.716,1,0.000,0.000,0.000,0.000,0.000,0.000,-0.105,-0.023
700.41,0.470,0,0.668,0.714,1,0.000,0.000,0.000,0.000,0.000,0.000,-0.103,-0.023
700.61,0.477,0,0.668,0.714,1,0.000,0.000,0.000,0.000,0.000,0.000,-0.103,-0.023
700.81,0.470,0,0.668,0.714,1,0.000,0.000,0.000,0.000,0.000,0.000,-0.104,-0.026
701.01,0.475,0,0.668,0.721,1,0.000,0.000,0.000,0.000,0.000,0.000,-0.109,-0.027
701.21,0.475,0,0.668,0.721,1,0.000,0.000,0.000,0.000,0.000,0.000,-0.107,-0.032
701.41,0.484,0,0.675,0.724,1,0.000,0.000,0.000,0.000,0.000,0.000,-0.107,-0.032
701.61,0.670,0,0.675,0.724,1,0.000,0.000,0.000,0.000,0.000,0.000,-0.105,-0.032
701.81,0.670,0,0.675,0.724,1,0.000,0.000,0.000,0.000,0.000,0.000,-0.107,-0.027
702.01,0.670,0,0.676,0.724,1,0.000,0.000,0.000,0.000,0.000,0.000,-0.105,-0.024
702.21,0.668,0,0.676,0.724,1,0.000,0.000,0.000,0.000,0.000,0.000,-0.105,-0.024
702.41,0.477,0,0.677,0.751,1,0.000,0.000,0.000,0.000,0.000,0.000,-0.105,-0.030
702.61,0.475,0,0.677,0.751,1,0.000,0.000,0.000,0.000,0.000,0.000,-0.107,-0.025
702.81,0.477,0,0.677,0.751,1,0.000,0.000,0.000,0.000,0.000,0.000,-0.103,-0.027
703.01,0.477,0,0.718,0.762,1,0.000,0.000,0.000,0.000,0.000,0.000,-0.103,-0.033
703.21,0.470,0,0.718,0.762,1,0.000,0.000,0.000,0.000,0.000,0.000,-0.103,-0.033
703.41,0.474,0,0.676,0.720,1,0.000,0.000,0.000,0.000,0.000,0.000,-0.102,-0.019
703.61,0.477,0,0.676,0.720,1,0.000,0.000,0.000,0.000,0.000,0.000,-0.104,-0.035
703.81,0.477,0,0.676,0.720,1,0.000,0.000,0.000,0.000,0.000,0.000,-0.105,-0.039
704.01,0.484,0,0.673,0.728,1,0.000,0.000,0.000,0.000,0.000,0.000,-0.105,-0.039
704.21,0.472,0,0.673,0.728,1,0.000,0.000,0.000,0.000,0.000,0.000,-0.102,-0.026
704.41,0.666,0,0.672,0.725,1,0.000,0.000,0.000,0.000,0.000,0.000,-0.102,-0.022
704.61,0.475,0,0.672,0.725,1,0.000,0.000,0.000,0.000,0.000,0.000,-0.106,-0.027
704.81,0.475,0,0.672,0.725,1,0.000,0.000,0.000,0.000,0.000,0.000,-0.101,-0.015
705.01,0.479,0,0.676,0.737,1,0.000,0.000,0.000,0.000,0.000,0.000,-0.101,-0.015
705.21,0.488,0,0.676,0.737,1,0.000,0.000,0.000,0.000,0.000,0.000,-0.105,-0.023
705.41,0.477,0,0.678,0.733,1,0.000,0.000,0.000,0.000,0.000,0.000,-0.104,-0.029
705.61,0.477,0,0.678,0.733,1,0.000,0.000,0.000,0.000,0.000,0.000,-0.106,-0.025
705.81,0.488,0,0.678,0.733,1,0.000,0.000,0.000,0.000,0.000,0.000,-0.106,-0.025
706.01,0.482,0,0.676,0.733,1,0.000,0.000,0.000,0.000,0.000,0.000,-0.104,-0.019
706.21,0.477,0,0.676,0.733,1,0.000,0.000,0.000,0.000,0.000,0.000,-0.107,-0.024
706.41,0.669,0,0.675,0.732,1,0.000,0.000,0.000,0.000,0.000,0.000,-0.103,-0.025
706.61,0.669,0,0.675,0.732,1,0.000,0.000,0.000,0.000,0.000,0.000,-0.104,-0.024
706.81,0.470,0,0.675,0.732,1,0.000,0.000,0.000,0.000,0.000,0.000,-0.104,-0.024
707.01,0.474,0,0.675,0.727,1,0.000,0.000,0.000,0.000,0.000,0.000,-0.107,-0.025
707.21,0.489,0,0.675,0.727,1,0.000,0.000,0.000,0.000,0.000,0.000,-0.102,-0.027
707.41,0.489,0,0.680,0.733,1,0.000,0.000,0.000,0.000,0.000,0.000,-0.103,-0.028
707.61,0.470,0,0.680,0.733,1,0.000,0.000,0.000,0.000,0.000,0.000,-0.103,-0.028
707.81,0.477,0,0.680,0.733,1,0.000,0.000,0.000,0.000,0.000,0.000,-0.104,-0.010
708.01,0.477,0,0.704,0.754,1,0.000,0.000,0.000,0.000,0.000,0.000,-0.109,-0.008
708.21,0.481,0,0.704,0.754,1,0.000,0.000,0.000,0.000,0.000,0.000,-0.105,-0.015
708.41,0.481,0,0.655,0.677,1,0.000,0.000,0.000,0.000,0.000,0.000,-0.107,-0.025
708.61,0.486,0,0.655,0.677,1,0.000,0.000,0.000,0.000,0.000,0.000,-0.107,-0.025
708.81,0.477,0,0.655,0.677,1,0.000,0.000,0.000,0.000,0.000,0.000,-0.105,-0.018
709.01,0.475,0,0.689,0.656,1,0.000,0.000,0.000,0.000,0.000,0.000,-0.102,-0.027
709.21,0.475,0,0.689,0.656,1,0.000,0.000,0.000,0.000,0.000,0.000,-0.108,-0.026
709.41,0.481,0,0.651,0.724,1,0.000,0.000,0.000,0.000,0.000,0.000,-0.108,-0.026
709.61,0.477,0,0.651,0.724,1,0.000,0.000,0.000,0.000,0.000,0.000,-0.110,-0.022
709.81,0.481,0,0.651,0.724,1,0.000,0.000,0.000,0.000,0.000,0.000,-0.110,-0.019
710.01,0.481,0,0.681,0.732,1,0.000,0.000,0.000,0.000,0.000,0.000,-0.103,-0.024
710.21,0.479,0,0.681,0.732,1,0.000,0.000,0.000,0.000,0.000,0.000,-0.103,-0.030
710.41,0.489,0,0.680,0.732,1,0.000,0.000,0.000,0.000,0.000,0.000,-0.103,-0.030
710.61,0.484,0,0.680,0.732,1,0.000,0.000,0.000,0.000,0.000,0.000,-0.103,-0.028
710.81,0.489,0,0.680,0.732,1,0.000,0.000,0.000,0.000,0.000,0.000,-0.103,-0.029
711.01,0.489,0,0.679,0.732,1,0.000,0.000,0.000,0.000,0.000,0.000,-0.103,-0.026
711.21,0.668,0,0.679,0.732,1,0.000,0.000,0.000,0.000,0.000,0.000,-0.103,-0.026
711.41,0.671,0,0.677,0.733,1,0.000,0.000,0.000,0.000,0.000,0.000,-0.104,-0.028
711.61,0.475,0,0.677,0.733,1,0.000,0.000,0.000,0.000,0.000,0.000,-0.107,-0.030
711.81,0.475,0,0.677,0.733,1,0.000,0.000,0.000,0.000,0.000,0.000,-0.103,-0.027
712.01,0.485,0,0.679,0.736,1,0.000,0.000,0.000,0.000,0.000,0.000,-0.103,-0.027
712.21,0.474,0,0.679,0.736,1,0.000,0.000,0.000,0.000,0.000,0.000,-0.103,-0.026
712.41,0.472,0,0.678,0.737,1,0.000,0.000,0.000,0.000,0.000,0.000,-0.102,-0.017
712.61,0.479,0,0.678,0.737,1,0.000,0.000,0.000,0.000,0.000,0.000,-0.102,-0.022
712.81,0.479,0,0.678,0.737,1,0.000,0.000,0.000,0.000,0.000,0.000,-0.103,-0.032
713.01,0.477,0,0.680,0.736,1,0.000,0.000,0.000,0.000,0.000,0.000,-0.103,-0.032
713.21,0.479,0,0.680,0.736,1,0.000,0.000,0.000,0.000,0.000,0.000,-0.109,-0.044
713.41,0.671,0,0.677,0.736,1,0.000,0.000,0.000,0.000,0.000,0.000,-0.104,-0.026
713.61,0.671,0,0.677,0.736,1,0.000,0.000,0.000,0.000,0.000,0.000,-0.100,-0.026
713.81,0.475,0,0.677,0.736,1,0.000,0.000,0.000,0.000,0.000,0.000,-0.100,-0.026
714.01,0.475,0,0.679,0.736,1,0.000,0.000,0.000,0.000,0.000,0.000,-0.097,-0.025
714.21,0.477,0,0.679,0.736,1,0.000,0.000,0.000,0.000,0.000,0.000,-0.101,-0.037
714.41,0.477,0,0.679,0.735,1,0.000,0.000,0.000,0.000,0.000,0.000,-0.100,-0.036
714.61,0.477,0,0.679,0.735,1,0.000,0.000,0.000,0.000,0.000,0.000,-0.097,-0.054
714.81,0.487,0,0.679,0.735,1,0.000,0.000,0.000,0.000,0.000,0.000,-0.097,-0.054
715.01,0.477,0,0.682,0.741,1,0.000,0.000,0.000,0.000,0.000,0.000,-0.098,-0.042
715.21,0.477,0,0.682,0.741,1,0.000,0.000,0.000,0.000,0.000,0.000,-0.101,-0.042
715.41,0.477,0,0.682,0.745,1,0.000,0.000,0.000,0.000,0.000,0.000,-0.098,-0.022
715.61,0.484,0,0.682,0.745,1,0.000,0.000,0.000,0.000,0.000,0.000,-0.098,-0.022
715.81,0.484,0,0.682,0.745,1,0.000,0.000,0.000,0.000,0.000,0.000,-0.095,-0.016
716.01,0.477,0,0.685,0.746,1,0.000,0.000,0.000,0.000,0.000,0.000,-0.103,-0.026
716.21,0.484,0,0.685,0.746,1,0.000,0.000,0.000,0.000,0.000,0.000,-0.099,-0.007
716.41,0.484,0,0.683,0.743,1,0.000,0.000,0.000,0.000,0.000,0.000,-0.101,-0.036
716.61,0.481,0,0.683,0.743,1,0.000,0.000,0.000,0.000,0.000,0.000,-0.101,-0.036
716.81,0.470,0,0.683,0.743,1,0.000,0.000,0.000,0.000,0.000,0.000,-0.096,-0.036
717.01,0.479,0,0.684,0.745,1,0.000,0.000,0.000,0.000,0.000,0.000,-0.104,-0.022
717.21,0.479,0,0.684,0.745,1,0.000,0.000,0.000,0.000,0.000,0.000,-0.104,-0.015
717.41,0.488,0,0.684,0.740,1,0.000,0.000,0.000,0.000,0.000,0.000,-0.104,-0.015
717.61,0.477,0,0.684,0.740,1,0.000,0.000,0.000,0.000,0.000,0.000,-0.103,-0.044
717.81,0.472,0,0.684,0.740,1,0.000,0.000,0.000,0.000,0.000,0.000,-0.101,-0.030
718.01,0.472,0,0.680,0.737,1,0.000,0.000,0.000,0.000,0.000,0.000,-0.099,-0.036
718.21,0.481,0,0.680,0.737,1,0.000,0.000,0.000,0.000,0.000,0.000,-0.099,-0.036
718.41,0.680,0,0.686,0.737,1,0.000,0.000,0.000,0.000,0.000,0.000,-0.104,-0.022
718.61,0.472,0,0.686,0.737,1,0.000,0.000,0.000,0.000,0.000,0.000,-0.099,-0.025
718.81,0.681,0,0.686,0.737,1,0.000,0.000,0.000,0.000,0.000,0.000,-0.100,-0.017
719.01,0.681,0,0.687,0.775,1,0.000,0.000,0.000,0.000,0.000,0.000,-0.101,-0.017
719.21,0.477,0,0.687,0.775,1,0.000,0.000,0.000,0.000,0.000,0.000,-0.101,-0.017
719.41,0.481,0,0.716,0.777,1,0.000,0.000,0.000,0.000,0.000,0.000,-0.101,-0.019
719.61,0.702,0,0.716,0.777,1,0.000,0.000,0.000,0.000,0.000,0.000,-0.102,-0.018
719.81,0.702,0,0.716,0.777,1,0.000,0.000,0.000,0.000,0.000,0.000,-0.102,-0.018
720.01,0.676,0,0.682,0.729,1,0.000,0.000,0.000,0.000,0.000,0.000,-0.102,-0.018
720.21,0.472,0,0.682,0.729,1,0.000,0.000,0.000,0.000,0.000,0.000,-0.102,-0.020
720.41,0.477,0,0.677,0.731,1,0.000,0.000,0.000,0.000,0.000,0.000,-0.098,-0.009
720.61,0.669,0,0.677,0.731,1,0.000,0.000,0.000,0.000,0.000,0.000,-0.101,-0.014
720.81,0.669,0,0.677,0.731,1,0.000,0.000,0.000,0.000,0.000,0.000,-0.100,-0.012
721.01,0.477,0,0.676,0.733,1,0.000,0.000,0.000,0.000,0.000,0.000,-0.100,-0.012
721.21,0.488,0,0.676,0.733,1,0.000,0.000,0.000,0.000,0.000,0.000,-0.099,-0.012
721.41,0.481,0,0.676,0.729,1,0.000,0.000,0.000,0.000,0.000,0.000,-0.096,-0.013
