t,min_range,blocked,lidar_range,camera_range,agree,cmd_in_vx,cmd_in_vy,cmd_in_wz,cmd_out_vx,cmd_out_vy,cmd_out_wz,odom_x,odom_y
0.21,nan,0,nan,nan,0,0.000,0.000,0.000,0.000,0.000,0.000,0.000,0.000
0.41,nan,0,nan,nan,0,0.000,0.000,0.000,0.000,0.000,0.000,0.000,0.000
0.61,nan,0,nan,nan,0,0.000,0.000,0.000,0.000,0.000,0.000,0.000,0.000
0.81,nan,0,nan,nan,0,0.000,0.000,0.000,0.000,0.000,0.000,0.000,0.000
1.01,nan,0,nan,nan,0,0.000,0.000,0.000,0.000,0.000,0.000,0.000,0.000
1.21,nan,0,nan,nan,0,0.000,0.000,0.000,0.000,0.000,0.000,0.000,0.000
1.41,nan,0,nan,nan,0,0.000,0.000,0.000,0.000,0.000,0.000,0.000,0.000
1.61,nan,0,nan,nan,0,0.000,0.000,0.000,0.000,0.000,0.000,0.000,0.000
1.81,nan,0,nan,nan,0,0.000,0.000,0.000,0.000,0.000,0.000,0.000,0.000
2.01,nan,0,nan,nan,0,0.000,0.000,0.000,0.000,0.000,0.000,0.000,0.000
2.21,nan,0,nan,nan,0,0.000,0.000,0.000,0.000,0.000,0.000,0.000,0.000
2.41,nan,0,nan,nan,0,0.000,0.000,0.000,0.000,0.000,0.000,-0.001,0.004
2.61,nan,0,nan,nan,0,0.000,0.000,0.000,0.000,0.000,0.000,-0.003,0.005
2.81,nan,0,nan,nan,0,0.000,0.000,0.000,0.000,0.000,0.000,-0.001,-0.004
3.01,nan,0,nan,nan,0,0.000,0.000,0.000,0.000,0.000,0.000,-0.001,-0.004
3.21,0.222,0,nan,nan,0,0.000,0.000,0.000,0.000,0.000,0.000,-0.002,0.002
3.41,0.221,0,nan,nan,0,0.000,0.000,0.000,0.000,0.000,0.000,-0.001,0.001
3.61,0.225,0,0.698,0.441,0,0.000,0.000,0.000,0.000,0.000,0.000,-0.001,0.003
3.81,0.225,0,0.698,0.441,0,0.000,0.000,0.000,0.000,0.000,0.000,-0.001,0.003
4.01,0.225,0,0.737,0.442,0,0.000,0.000,0.000,0.000,0.000,0.000,-0.004,0.001
4.21,0.226,0,0.737,0.442,0,0.000,0.000,0.000,0.000,0.000,0.000,-0.003,0.001
4.41,0.224,0,0.737,0.442,0,0.000,0.000,0.000,0.000,0.000,0.000,-0.003,0.001
4.61,0.224,0,0.466,0.441,1,0.000,0.000,0.000,0.000,0.000,0.000,-0.005,-0.005
4.81,0.222,0,0.466,0.441,1,0.000,0.000,0.000,0.000,0.000,0.000,-0.005,-0.005
5.01,0.220,0,0.416,0.440,1,0.000,0.000,0.000,0.000,0.000,0.000,-0.003,0.000
5.21,0.226,0,0.416,0.440,1,0.000,0.000,0.000,0.000,0.000,0.000,-0.002,-0.001
5.41,0.226,0,0.416,0.440,1,0.000,0.000,0.000,0.000,0.000,0.000,-0.004,-0.002
5.61,0.221,0,0.428,0.443,1,0.000,0.000,0.000,0.000,0.000,0.000,-0.004,-0.002
5.81,0.221,0,0.428,0.443,1,0.000,0.000,0.000,0.000,0.000,0.000,-0.005,-0.002
6.01,0.221,0,0.426,0.442,1,0.000,0.000,0.000,0.000,0.000,0.000,-0.005,-0.002
6.21,0.221,0,0.426,0.442,1,0.000,0.000,0.000,0.000,0.000,0.000,-0.009,-0.006
6.41,0.221,0,0.426,0.442,1,0.000,0.000,0.000,0.000,0.000,0.000,-0.005,-0.001
6.61,0.220,0,0.419,0.442,1,0.000,0.000,0.000,0.000,0.000,0.000,-0.005,-0.001
6.81,0.225,0,0.419,0.442,1,0.000,0.000,0.000,0.000,0.000,0.000,-0.004,-0.003
7.01,0.222,0,0.420,0.442,1,0.000,0.000,0.000,0.000,0.000,0.000,-0.006,-0.003
7.21,0.222,0,0.420,0.442,1,0.000,0.000,0.000,0.000,0.000,0.000,-0.001,-0.002
7.41,0.227,0,0.420,0.442,1,0.000,0.000,0.000,0.000,0.000,0.000,-0.001,-0.002
7.61,0.222,0,0.418,0.442,1,0.000,0.000,0.000,0.000,0.000,0.000,-0.004,-0.003
7.81,0.226,0,0.418,0.442,1,0.000,0.000,0.000,0.000,0.000,0.000,-0.006,0.000
8.01,0.221,0,0.423,0.442,1,0.000,0.000,0.000,0.000,0.000,0.000,-0.004,-0.003
8.21,0.221,0,0.423,0.442,1,0.000,0.000,0.000,0.000,0.000,0.000,0.002,0.005
8.41,0.222,0,0.423,0.442,1,0.000,0.000,0.000,0.000,0.000,0.000,0.002,0.005
8.61,0.227,0,0.426,0.442,1,0.000,0.000,0.000,0.000,0.000,0.000,-0.004,-0.007
8.81,0.221,0,0.426,0.442,1,0.000,0.000,0.000,0.000,0.000,0.000,-0.004,-0.001
9.01,0.221,0,0.432,0.442,1,0.000,0.000,0.000,0.000,0.000,0.000,-0.003,0.001
9.21,0.221,0,0.432,0.442,1,0.000,0.000,0.000,0.000,0.000,0.000,-0.003,0.001
9.41,0.226,0,0.432,0.442,1,0.000,0.000,0.000,0.000,0.000,0.000,-0.000,0.002
9.61,0.220,0,0.430,0.442,1,0.000,0.000,0.000,0.000,0.000,0.000,0.000,-0.000
9.81,0.223,0,0.430,0.442,1,0.000,0.000,0.000,0.000,0.000,0.000,-0.001,-0.002
10.01,0.223,0,0.522,0.442,1,0.000,0.000,0.000,0.000,0.000,0.000,-0.001,-0.002
10.21,0.228,0,0.522,0.442,1,0.000,0.000,0.000,0.000,0.000,0.000,-0.001,0.004
10.41,0.221,0,0.522,0.442,1,0.000,0.000,0.000,0.000,0.000,0.000,-0.003,0.002
10.61,0.221,0,0.767,0.442,0,0.000,0.000,0.000,0.000,0.000,0.000,-0.001,-0.000
10.81,0.221,0,0.767,0.442,0,0.000,0.000,0.000,0.000,0.000,0.000,-0.005,-0.000
11.01,0.222,0,2.189,0.442,0,0.000,0.000,0.000,0.000,0.000,0.000,-0.005,-0.000
11.21,0.222,0,2.189,0.442,0,0.000,0.000,0.000,0.000,0.000,0.000,-0.002,0.000
11.41,0.226,0,2.189,0.442,0,0.000,0.000,0.000,0.000,0.000,0.000,-0.001,0.002
11.61,0.226,0,2.191,0.442,0,0.000,0.000,0.000,0.000,0.000,0.000,-0.004,0.003
11.81,0.221,0,2.191,0.442,0,0.000,0.000,0.000,0.000,0.000,0.000,-0.004,0.003
12.01,0.226,0,2.324,0.440,0,0.000,0.000,0.000,0.000,0.000,0.000,-0.004,0.002
12.21,0.223,0,2.324,0.440,0,0.000,0.000,0.000,0.000,0.000,0.000,0.001,-0.002
12.41,0.221,0,2.324,0.440,0,0.000,0.000,0.000,0.000,0.000,0.000,-0.004,-0.003
12.61,0.221,0,2.187,0.442,0,0.000,0.000,0.000,0.000,0.000,0.000,-0.005,-0.001
12.81,0.221,0,2.187,0.442,0,0.000,0.000,0.000,0.000,0.000,0.000,-0.005,-0.001
13.01,0.226,0,2.199,0.442,0,0.000,0.000,0.000,0.000,0.000,0.000,-0.007,0.003
13.21,0.220,0,2.199,0.442,0,0.000,0.000,0.000,0.000,0.000,0.000,-0.003,0.003
13.41,0.220,0,2.199,0.442,0,0.000,0.000,0.000,0.000,0.000,0.000,-0.004,0.003
13.61,0.221,0,2.191,0.442,0,0.000,0.000,0.000,0.000,0.000,0.000,-0.004,0.003
13.81,0.223,0,2.191,0.442,0,0.000,0.000,0.000,0.000,0.000,0.000,-0.000,0.005
14.01,0.221,0,2.299,0.439,0,0.000,0.000,0.000,0.000,0.000,0.000,0.001,0.005
14.21,0.220,0,2.299,0.439,0,0.000,0.000,0.000,0.000,0.000,0.000,0.001,0.004
14.41,0.220,0,2.299,0.439,0,0.000,0.000,0.000,0.000,0.000,0.000,0.001,0.001
14.61,0.221,0,2.216,0.439,0,0.000,0.000,0.000,0.000,0.000,0.000,0.001,0.001
14.81,0.226,0,2.216,0.439,0,0.000,0.000,0.000,0.000,0.000,0.000,0.000,0.003
15.01,0.221,0,2.318,0.441,0,0.000,0.000,0.000,0.000,0.000,0.000,0.002,0.006
15.21,0.221,0,2.318,0.441,0,0.000,0.000,0.000,0.000,0.000,0.000,-0.001,-0.001
15.41,0.226,0,2.318,0.441,0,0.000,0.000,0.000,0.000,0.000,0.000,-0.001,-0.001
15.61,0.221,0,2.194,0.443,0,0.000,0.000,0.000,0.000,0.000,0.000,0.002,0.005
15.81,0.221,0,2.194,0.443,0,0.000,0.000,0.000,0.000,0.000,0.000,-0.004,0.006
16.01,0.221,0,2.201,0.439,0,0.000,0.000,0.000,0.000,0.000,0.000,-0.004,0.002
16.21,0.221,0,2.201,0.439,0,0.000,0.000,0.000,0.000,0.000,0.000,-0.004,0.002
16.41,0.221,0,2.201,0.439,0,0.000,0.000,0.000,0.000,0.000,0.000,-0.007,0.002
16.61,0.221,0,2.196,0.442,0,0.000,0.000,0.000,0.000,0.000,0.000,-0.005,0.005
16.81,0.221,0,2.196,0.442,0,0.000,0.000,0.000,0.000,0.000,0.000,-0.004,0.007
17.01,0.221,0,2.191,0.442,0,0.000,0.000,0.000,0.000,0.000,0.000,-0.004,0.002
17.21,0.220,0,2.191,0.442,0,0.000,0.000,0.000,0.000,0.000,0.000,-0.004,0.002
17.41,0.221,0,2.191,0.442,0,0.000,0.000,0.000,0.000,0.000,0.000,-0.005,0.003
17.61,0.226,0,2.207,0.442,0,0.000,0.000,0.000,0.000,0.000,0.000,-0.000,0.003
17.81,0.226,0,2.207,0.442,0,0.000,0.000,0.000,0.000,0.000,0.000,-0.001,0.005
18.01,0.221,0,2.281,0.442,0,0.000,0.000,0.000,0.000,0.000,0.000,-0.001,0.005
18.21,0.223,0,2.281,0.442,0,0.000,0.000,0.000,0.000,0.000,0.000,0.001,0.005
18.41,0.225,0,2.281,0.442,0,0.000,0.000,0.000,0.000,0.000,0.000,0.004,0.003
18.61,0.221,0,2.200,0.442,0,0.000,0.000,0.000,0.000,0.000,0.000,-0.004,0.007
18.81,0.221,0,2.200,0.442,0,0.000,0.000,0.000,0.000,0.000,0.000,-0.003,0.006
19.01,0.226,0,2.188,0.442,0,0.000,0.000,0.000,0.000,0.000,0.000,-0.003,0.006
19.21,0.221,0,2.188,0.442,0,0.000,0.000,0.000,0.000,0.000,0.000,-0.001,0.004
19.41,0.225,0,2.188,0.442,0,0.000,0.000,0.000,0.000,0.000,0.000,0.001,0.004
19.61,0.225,0,2.184,0.441,0,0.000,0.000,0.000,0.000,0.000,0.000,0.000,0.006
19.81,0.227,0,2.184,0.441,0,0.000,0.000,0.000,0.000,0.000,0.000,0.000,0.006
20.01,0.221,0,2.188,0.442,0,0.000,0.000,0.000,0.000,0.000,0.000,-0.005,-0.001
20.21,0.225,0,2.188,0.442,0,0.000,0.000,0.000,0.000,0.000,0.000,-0.007,0.001
20.41,0.222,0,2.188,0.442,0,0.000,0.000,0.000,0.000,0.000,0.000,0.000,0.005
20.61,0.222,0,2.184,0.442,0,0.000,0.000,0.000,0.000,0.000,0.000,-0.002,0.001
20.81,0.221,0,2.184,0.442,0,0.000,0.000,0.000,0.000,0.000,0.000,-0.002,0.001
21.01,0.221,0,2.216,0.442,0,0.000,0.000,0.000,0.000,0.000,0.000,-0.003,0.001
21.21,0.226,0,2.216,0.442,0,0.000,0.000,0.000,0.000,0.000,0.000,-0.002,0.003
21.41,0.226,0,2.216,0.442,0,0.000,0.000,0.000,0.000,0.000,0.000,-0.005,0.003
21.61,0.221,0,2.185,0.442,0,0.000,0.000,0.000,0.000,0.000,0.000,-0.005,0.003
21.81,0.221,0,2.185,0.442,0,0.000,0.000,0.000,0.000,0.000,0.000,-0.002,0.002
22.01,0.221,0,2.219,0.441,0,0.000,0.000,0.000,0.000,0.000,0.000,-0.001,0.003
22.21,0.221,0,2.219,0.441,0,0.000,0.000,0.000,0.000,0.000,0.000,0.000,-0.002
22.41,0.221,0,2.219,0.441,0,0.000,0.000,0.000,0.000,0.000,0.000,0.000,-0.002
22.61,0.226,0,2.197,0.442,0,0.000,0.000,0.000,0.000,0.000,0.000,0.000,0.005
22.81,0.227,0,2.197,0.442,0,0.000,0.000,0.000,0.000,0.000,0.000,0.001,0.002
23.01,0.225,0,2.185,0.441,0,0.000,0.000,0.000,0.000,0.000,0.000,-0.004,0.008
23.21,0.225,0,2.185,0.441,0,0.000,0.000,0.000,0.000,0.000,0.000,0.005,0.004
23.41,0.225,0,2.185,0.441,0,0.000,0.000,0.000,0.000,0.000,0.000,0.005,0.004
23.61,0.225,0,1.054,0.442,0,0.000,0.000,0.000,0.000,0.000,0.000,0.003,0.006
23.81,0.220,0,1.054,0.442,0,0.000,0.000,0.000,0.000,0.000,0.000,0.003,0.005
24.01,0.223,0,0.898,0.441,0,0.000,0.000,0.000,0.000,0.000,0.000,0.003,0.004
24.21,0.223,0,0.898,0.441,0,0.000,0.000,0.000,0.000,0.000,0.000,0.003,0.004
24.41,0.221,0,0.898,0.441,0,0.000,0.000,0.000,0.000,0.000,0.000,-0.000,-0.000
24.61,0.226,0,0.965,0.442,0,0.000,0.000,0.000,0.000,0.000,0.000,-0.007,0.002
24.81,0.221,0,0.965,0.442,0,0.000,0.000,0.000,0.000,0.000,0.000,-0.003,0.004
25.01,0.221,0,2.187,0.439,0,0.000,0.000,0.000,0.000,0.000,0.000,0.001,0.004
25.21,0.222,0,2.187,0.439,0,0.000,0.000,0.000,0.000,0.000,0.000,0.001,0.004
25.41,0.226,0,2.187,0.439,0,0.000,0.000,0.000,0.000,0.000,0.000,0.006,0.010
25.61,0.221,0,2.186,0.442,0,0.000,0.000,0.000,0.000,0.000,0.000,0.001,0.003
25.81,0.221,0,2.186,0.442,0,0.000,0.000,0.000,0.000,0.000,0.000,-0.000,0.002
26.01,0.222,0,2.190,0.441,0,0.000,0.000,0.000,0.000,0.000,0.000,-0.000,0.002
26.21,0.224,0,2.190,0.441,0,0.000,0.000,0.000,0.000,0.000,0.000,0.001,0.006
26.41,0.221,0,2.190,0.441,0,0.000,0.000,0.000,0.000,0.000,0.000,-0.001,0.006
26.61,0.221,0,2.185,0.442,0,0.000,0.000,0.000,0.000,0.000,0.000,0.002,0.004
26.81,0.221,0,2.185,0.442,0,0.000,0.000,0.000,0.000,0.000,0.000,-0.000,0.007
27.01,0.221,0,2.189,0.442,0,0.000,0.000,0.000,0.000,0.000,0.000,-0.000,0.007
27.21,0.221,0,2.189,0.442,0,0.000,0.000,0.000,0.000,0.000,0.000,-0.005,0.007
27.41,0.221,0,2.189,0.442,0,0.000,0.000,0.000,0.000,0.000,0.000,0.001,0.004
27.61,0.221,0,2.190,0.441,0,0.000,0.000,0.000,0.000,0.000,0.000,-0.005,-0.002
27.81,0.221,0,2.190,0.441,0,0.000,0.000,0.000,0.000,0.000,0.000,-0.005,-0.002
28.01,0.226,0,2.294,0.440,0,0.000,0.000,0.000,0.000,0.000,0.000,-0.000,0.004
28.21,0.222,0,2.294,0.440,0,0.000,0.000,0.000,0.000,0.000,0.000,0.001,0.002
28.41,0.227,0,2.294,0.440,0,0.000,0.000,0.000,0.000,0.000,0.000,-0.002,0.003
28.61,0.227,0,1.142,0.442,0,0.000,0.000,0.000,0.000,0.000,0.000,-0.004,0.001
28.81,0.221,0,1.142,0.442,0,0.000,0.000,0.000,0.000,0.000,0.000,-0.004,0.001
29.01,0.223,0,0.781,0.441,0,0.000,0.000,0.000,0.000,0.000,0.000,0.010,0.002
29.21,0.222,0,0.781,0.441,0,0.000,0.000,0.000,0.000,0.000,0.000,0.006,0.001
29.41,0.222,0,0.781,0.441,0,0.000,0.000,0.000,0.000,0.000,0.000,-0.001,0.008
29.61,0.115,0,0.549,0.440,1,0.000,0.000,0.000,0.000,0.000,0.000,-0.001,0.008
29.81,0.221,0,0.549,0.440,1,0.000,0.000,0.000,0.000,0.000,0.000,0.002,0.007
30.01,0.221,0,2.231,0.441,0,0.000,0.000,0.000,0.000,0.000,0.000,-0.002,0.010
30.21,0.221,0,2.231,0.441,0,0.000,0.000,0.000,0.000,0.000,0.000,-0.005,0.005
30.41,0.226,0,2.231,0.441,0,0.000,0.000,0.000,0.000,0.000,0.000,-0.005,0.005
30.61,0.221,0,2.190,0.441,0,0.000,0.000,0.000,0.000,0.000,0.000,-0.005,-0.002
30.81,0.222,0,2.190,0.441,0,0.000,0.000,0.000,0.000,0.000,0.000,0.005,0.008
31.01,0.222,0,2.216,0.441,0,0.000,0.000,0.000,0.000,0.000,0.000,0.002,0.009
31.21,0.222,0,2.216,0.441,0,0.000,0.000,0.000,0.000,0.000,0.000,0.004,0.000
31.41,0.222,0,2.216,0.441,0,0.000,0.000,0.000,0.000,0.000,0.000,0.004,0.000
31.61,0.221,0,2.191,0.441,0,0.000,0.000,0.000,0.000,0.000,0.000,0.002,-0.000
31.81,0.221,0,2.191,0.441,0,0.000,0.000,0.000,0.000,0.000,0.000,0.001,0.002
32.01,0.221,0,2.193,0.442,0,0.000,0.000,0.000,0.000,0.000,0.000,0.001,0.003
32.21,0.226,0,2.193,0.442,0,0.000,0.000,0.000,0.000,0.000,0.000,0.001,0.003
32.41,0.221,0,2.193,0.442,0,0.000,0.000,0.000,0.000,0.000,0.000,0.002,0.003
32.61,0.225,0,2.209,0.442,0,0.000,0.000,0.000,0.000,0.000,0.000,0.006,0.001
32.81,0.224,0,2.209,0.442,0,0.000,0.000,0.000,0.000,0.000,0.000,0.005,0.003
33.01,0.224,0,2.201,0.442,0,0.000,0.000,0.000,0.000,0.000,0.000,0.003,0.001
33.21,0.226,0,2.201,0.442,0,0.000,0.000,0.000,0.000,0.000,0.000,0.003,0.001
33.41,0.221,0,2.201,0.442,0,0.000,0.000,0.000,0.000,0.000,0.000,-0.000,0.006
33.61,0.221,0,2.204,0.440,0,0.000,0.000,0.000,0.000,0.000,0.000,0.003,0.008
33.81,0.221,0,2.204,0.440,0,0.000,0.000,0.000,0.000,0.000,0.000,0.000,0.011
34.01,0.221,0,2.187,0.441,0,0.000,0.000,0.000,0.000,0.000,0.000,0.000,0.011
34.21,0.228,0,2.187,0.441,0,0.000,0.000,0.000,0.000,0.000,0.000,0.004,0.002
34.41,0.221,0,2.187,0.441,0,0.000,0.000,0.000,0.000,0.000,0.000,0.003,0.005
34.61,0.221,0,2.202,0.442,0,0.000,0.000,0.000,0.000,0.000,0.000,0.005,0.004
34.81,0.221,0,2.202,0.442,0,0.000,0.000,0.000,0.000,0.000,0.000,0.008,0.004
35.01,0.226,0,2.265,0.441,0,0.000,0.000,0.000,0.000,0.000,0.000,0.008,0.004
35.21,0.226,0,2.265,0.441,0,0.000,0.000,0.000,0.000,0.000,0.000,0.003,0.001
35.41,0.221,0,2.265,0.441,0,0.000,0.000,0.000,0.000,0.000,0.000,0.007,0.004
35.61,0.221,0,2.211,0.441,0,0.000,0.000,0.000,0.000,0.000,0.000,0.006,0.006
35.81,0.228,0,2.211,0.441,0,0.000,0.000,0.000,0.000,0.000,0.000,0.006,0.006
36.01,0.221,0,2.219,0.439,0,0.000,0.000,0.000,0.000,0.000,0.000,0.009,0.004
36.21,0.224,0,2.219,0.439,0,0.000,0.000,0.000,0.000,0.000,0.000,-0.001,0.003
36.41,0.227,0,2.219,0.439,0,0.000,0.000,0.000,0.000,0.000,0.000,-0.009,0.007
36.61,0.227,0,0.542,0.442,1,0.000,0.000,0.000,0.000,0.000,0.000,-0.009,0.007
36.81,0.221,0,0.542,0.442,1,0.000,0.000,0.000,0.000,0.000,0.000,-0.001,0.003
37.01,0.115,0,0.448,0.441,1,0.000,0.000,0.000,0.000,0.000,0.000,-0.001,0.011
37.21,0.211,0,0.448,0.441,1,0.000,0.000,0.000,0.000,0.000,0.000,-0.003,0.006
37.41,0.211,0,0.448,0.441,1,0.000,0.000,0.000,0.000,0.000,0.000,0.004,0.011
37.61,0.115,0,0.413,0.442,1,0.000,0.000,0.000,0.000,0.000,0.000,0.004,0.011
37.81,0.225,0,0.413,0.442,1,0.000,0.000,0.000,0.000,0.000,0.000,0.004,0.008
38.01,0.228,0,0.427,0.443,1,0.000,0.000,0.000,0.000,0.000,0.000,0.000,0.006
38.21,0.221,0,0.427,0.443,1,0.000,0.000,0.000,0.000,0.000,0.000,-0.005,0.006
38.41,0.221,0,0.427,0.443,1,0.000,0.000,0.000,0.000,0.000,0.000,-0.005,0.006
38.61,0.222,0,0.423,0.442,1,0.000,0.000,0.000,0.000,0.000,0.000,-0.007,0.009
38.81,0.228,0,0.423,0.442,1,0.000,0.000,0.000,0.000,0.000,0.000,-0.014,0.008
39.01,0.227,0,0.421,0.444,1,0.000,0.000,0.000,0.000,0.000,0.000,-0.017,0.007
39.21,0.227,0,0.421,0.444,1,0.000,0.000,0.000,0.000,0.000,0.000,-0.006,0.011
39.41,0.222,0,0.421,0.444,1,0.000,0.000,0.000,0.000,0.000,0.000,-0.006,0.011
39.61,0.221,0,0.420,0.441,1,0.000,0.000,0.000,0.000,0.000,0.000,0.002,0.011
39.81,0.221,0,0.420,0.441,1,0.000,0.000,0.000,0.000,0.000,0.000,0.001,0.007
40.01,0.221,0,0.434,0.440,1,0.000,0.000,0.000,0.000,0.000,0.000,-0.006,0.012
40.21,0.221,0,0.434,0.440,1,0.000,0.000,0.000,0.000,0.000,0.000,-0.006,0.012
40.41,0.224,0,0.434,0.440,1,0.000,0.000,0.000,0.000,0.000,0.000,-0.007,0.010
40.61,0.222,0,0.482,0.441,1,0.000,0.000,0.000,0.000,0.000,0.000,-0.010,0.004
40.81,0.222,0,0.482,0.441,1,0.000,0.000,0.000,0.000,0.000,0.000,-0.010,0.007
41.01,0.222,0,2.208,0.440,0,0.000,0.000,0.000,0.000,0.000,0.000,0.001,0.003
41.21,0.221,0,2.208,0.440,0,0.000,0.000,0.000,0.000,0.000,0.000,0.001,0.003
41.41,0.116,0,2.208,0.440,0,0.000,0.000,0.000,0.000,0.000,0.000,-0.007,0.006
41.61,0.221,0,2.187,0.440,0,0.000,0.000,0.000,0.000,0.000,0.000,-0.003,0.006
41.81,0.221,0,2.187,0.440,0,0.000,0.000,0.000,0.000,0.000,0.000,-0.006,-0.001
42.01,0.228,0,2.191,0.439,0,0.000,0.000,0.000,0.000,0.000,0.000,-0.006,-0.001
42.21,0.226,0,2.191,0.439,0,0.000,0.000,0.000,0.000,0.000,0.000,-0.001,0.005
42.41,0.221,0,2.191,0.439,0,0.000,0.000,0.000,0.000,0.000,0.000,-0.001,0.004
42.61,0.224,0,2.295,0.441,0,0.000,0.000,0.000,0.000,0.000,0.000,-0.001,0.002
42.81,0.224,0,2.295,0.441,0,0.000,0.000,0.000,0.000,0.000,0.000,-0.001,0.002
43.01,0.228,0,2.216,0.439,0,0.000,0.000,0.000,0.000,0.000,0.000,-0.005,0.006
43.21,0.221,0,2.216,0.439,0,0.000,0.000,0.000,0.000,0.000,0.000,0.000,0.006
43.41,0.221,0,2.216,0.439,0,0.000,0.000,0.000,0.000,0.000,0.000,-0.005,0.005
43.61,0.221,0,2.348,0.441,0,0.000,0.000,0.000,0.000,0.000,0.000,-0.006,0.003
43.81,0.227,0,2.348,0.441,0,0.000,0.000,0.000,0.000,0.000,0.000,-0.006,0.003
44.01,0.221,0,2.200,0.440,0,0.000,0.000,0.000,0.000,0.000,0.000,-0.006,0.005
44.21,0.221,0,2.200,0.440,0,0.000,0.000,0.000,0.000,0.000,0.000,-0.004,0.004
44.41,0.221,0,2.200,0.440,0,0.000,0.000,0.000,0.000,0.000,0.000,-0.001,0.003
44.61,0.221,0,2.189,0.442,0,0.000,0.000,0.000,0.000,0.000,0.000,-0.001,0.003
44.81,0.221,0,2.189,0.442,0,0.000,0.000,0.000,0.000,0.000,0.000,-0.003,0.004
45.01,0.222,0,2.319,0.442,0,0.000,0.000,0.000,0.000,0.000,0.000,-0.004,0.009
45.21,0.221,0,2.319,0.442,0,0.000,0.000,0.000,0.000,0.000,0.000,-0.003,0.004
45.41,0.221,0,2.319,0.442,0,0.000,0.000,0.000,0.000,0.000,0.000,-0.009,0.002
45.61,0.222,0,2.202,0.440,0,0.000,0.000,0.000,0.000,0.000,0.000,-0.009,0.002
45.81,0.220,0,2.202,0.440,0,0.000,0.000,0.000,0.000,0.000,0.000,-0.003,0.010
46.01,0.220,0,2.235,0.440,0,0.000,0.000,0.000,0.000,0.000,0.000,-0.010,0.009
46.21,0.220,0,2.235,0.440,0,0.000,0.000,0.000,0.000,0.000,0.000,0.001,0.005
46.41,0.222,0,2.235,0.440,0,0.000,0.000,0.000,0.000,0.000,0.000,0.001,0.005
46.61,0.223,0,2.213,0.442,0,0.000,0.000,0.000,0.000,0.000,0.000,0.002,0.003
46.81,0.221,0,2.213,0.442,0,0.000,0.000,0.000,0.000,0.000,0.000,-0.009,0.006
47.01,0.221,0,2.227,0.439,0,0.000,0.000,0.000,0.000,0.000,0.000,-0.009,0.005
47.21,0.221,0,2.227,0.439,0,0.000,0.000,0.000,0.000,0.000,0.000,-0.001,0.003
47.41,0.221,0,2.227,0.439,0,0.000,0.000,0.000,0.000,0.000,0.000,-0.001,0.003
47.61,0.224,0,2.213,0.442,0,0.000,0.000,0.000,0.000,0.000,0.000,-0.004,0.001
47.81,0.221,0,2.213,0.442,0,0.000,0.000,0.000,0.000,0.000,0.000,-0.002,0.004
48.01,0.221,0,0.747,0.441,0,0.000,0.000,0.000,0.000,0.000,0.000,-0.007,0.006
48.21,0.205,0,0.747,0.441,0,0.000,0.000,0.000,0.000,0.000,0.000,-0.007,0.006
48.41,0.116,0,0.747,0.441,0,0.000,0.000,0.000,0.000,0.000,0.000,-0.005,0.002
48.61,0.213,0,0.462,0.441,1,0.000,0.000,0.000,0.000,0.000,0.000,-0.011,0.009
48.81,0.200,0,0.462,0.441,1,0.000,0.000,0.000,0.000,0.000,0.000,-0.009,0.021
49.01,0.200,0,0.379,0.439,1,0.000,0.000,0.000,0.000,0.000,0.000,-0.000,0.010
49.21,0.221,0,0.379,0.439,1,0.000,0.000,0.000,0.000,0.000,0.000,-0.000,0.010
49.41,0.116,0,0.379,0.439,1,0.000,0.000,0.000,0.000,0.000,0.000,-0.001,0.007
49.61,0.115,0,0.382,0.442,1,0.000,0.000,0.000,0.000,0.000,0.000,-0.002,0.010
49.81,0.115,0,0.382,0.442,1,0.000,0.000,0.000,0.000,0.000,0.000,-0.007,0.009
50.01,0.152,0,0.374,0.442,1,0.000,0.000,0.000,0.000,0.000,0.000,-0.007,0.009
50.21,0.172,0,0.374,0.442,1,0.000,0.000,0.000,0.000,0.000,0.000,-0.006,0.012
50.41,0.115,0,0.374,0.442,1,0.000,0.000,0.000,0.000,0.000,0.000,-0.004,0.009
50.61,0.116,0,0.367,0.439,1,0.000,0.000,0.000,0.000,0.000,0.000,-0.005,0.013
50.81,0.116,0,0.367,0.439,1,0.000,0.000,0.000,0.000,0.000,0.000,-0.005,0.013
51.01,0.116,0,0.360,0.443,1,0.000,0.000,0.000,0.000,0.000,0.000,-0.015,0.003
51.21,0.116,0,0.360,0.443,1,0.000,0.000,0.000,0.000,0.000,0.000,-0.005,0.002
51.41,0.116,0,0.360,0.443,1,0.000,0.000,0.000,0.000,0.000,0.000,-0.005,0.011
51.61,0.116,0,0.360,0.443,1,0.000,0.000,0.000,0.000,0.000,0.000,-0.004,0.007
51.81,0.116,0,0.360,0.443,1,0.000,0.000,0.000,0.000,0.000,0.000,-0.004,0.007
52.01,0.115,0,0.362,0.441,1,0.000,0.000,0.000,0.000,0.000,0.000,-0.005,0.013
52.21,0.116,0,0.362,0.441,1,0.000,0.000,0.000,0.000,0.000,0.000,-0.009,0.009
52.41,0.116,0,0.362,0.441,1,0.000,0.000,0.000,0.000,0.000,0.000,-0.002,0.006
52.61,0.177,0,0.364,0.445,1,0.000,0.000,0.000,0.000,0.000,0.000,-0.002,0.006
52.81,0.173,0,0.364,0.445,1,0.000,0.000,0.000,0.000,0.000,0.000,-0.006,0.004
53.01,0.183,0,0.362,0.445,1,0.000,0.000,0.000,0.000,0.000,0.000,-0.014,0.011
53.21,0.190,0,0.362,0.445,1,0.000,0.000,0.000,0.000,0.000,0.000,-0.017,0.006
53.41,0.190,0,0.362,0.445,1,0.000,0.000,0.000,0.000,0.000,0.000,-0.001,0.005
53.61,0.178,0,0.363,0.445,1,0.000,0.000,0.000,0.000,0.000,0.000,-0.001,0.005
53.81,0.174,0,0.363,0.445,1,0.000,0.000,0.000,0.000,0.000,0.000,-0.010,0.006
54.01,0.118,0,0.359,0.442,1,0.000,0.000,0.000,0.000,0.000,0.000,-0.008,0.006
54.21,0.118,0,0.359,0.442,1,0.000,0.000,0.000,0.000,0.000,0.000,-0.017,0.010
54.41,0.163,0,0.359,0.442,1,0.000,0.000,0.000,0.000,0.000,0.000,-0.017,0.010
54.61,0.166,0,0.355,0.444,1,0.000,0.000,0.000,0.000,0.000,0.000,-0.016,0.022
54.81,0.118,0,0.355,0.444,1,0.000,0.000,0.000,0.000,0.000,0.000,-0.010,0.010
55.01,0.161,0,0.351,0.448,1,0.000,0.000,0.000,0.000,0.000,0.000,-0.006,0.001
55.21,0.161,0,0.351,0.448,1,0.000,0.000,0.000,0.000,0.000,0.000,-0.010,0.007
55.41,0.118,0,0.351,0.448,1,0.000,0.000,0.000,0.000,0.000,0.000,-0.010,0.007
55.61,0.118,0,0.353,0.445,1,0.000,0.000,0.000,0.000,0.000,0.000,-0.007,0.008
55.81,0.160,0,0.353,0.445,1,0.000,0.000,0.000,0.000,0.000,0.000,0.003,0.006
56.01,0.160,0,0.355,0.445,1,0.000,0.000,0.000,0.000,0.000,0.000,-0.000,0.005
56.21,0.190,0,0.355,0.445,1,0.000,0.000,0.000,0.000,0.000,0.000,-0.000,0.005
56.41,0.117,0,0.355,0.445,1,0.000,0.000,0.000,0.000,0.000,0.000,-0.003,0.009
56.61,0.175,0,0.358,0.443,1,0.000,0.000,0.000,0.000,0.000,0.000,-0.012,0.006
56.81,0.175,0,0.358,0.443,1,0.000,0.000,0.000,0.000,0.000,0.000,-0.004,0.004
57.01,0.162,0,0.369,0.443,1,0.000,0.000,0.000,0.000,0.000,0.000,-0.004,0.004
57.21,0.183,0,0.369,0.443,1,0.000,0.000,0.000,0.000,0.000,0.000,-0.010,0.009
57.41,0.189,0,0.369,0.443,1,0.000,0.000,0.000,0.000,0.000,0.000,-0.004,0.006
57.61,0.184,0,0.364,0.445,1,0.000,0.000,0.000,0.000,0.000,0.000,-0.005,0.011
57.81,0.184,0,0.364,0.445,1,0.000,0.000,0.000,0.000,0.000,0.000,-0.000,0.007
58.01,0.172,0,0.366,0.444,1,0.000,0.000,0.000,0.000,0.000,0.000,-0.000,0.007
58.21,0.174,0,0.366,0.444,1,0.000,0.000,0.000,0.000,0.000,0.000,-0.003,0.002
58.41,0.184,0,0.366,0.444,1,0.000,0.000,0.000,0.000,0.000,0.000,-0.002,0.003
58.61,0.184,0,0.367,0.446,1,0.000,0.000,0.000,0.000,0.000,0.000,-0.003,0.002
58.81,0.170,0,0.367,0.446,1,0.000,0.000,0.000,0.000,0.000,0.000,-0.003,0.002
59.01,0.188,0,0.376,0.441,1,0.000,0.000,0.000,0.000,0.000,0.000,-0.006,0.007
59.21,0.177,0,0.376,0.441,1,0.000,0.000,0.000,0.000,0.000,0.000,0.002,0.010
59.41,0.185,0,0.376,0.441,1,0.000,0.000,0.000,0.000,0.000,0.000,0.001,0.007
59.61,0.185,0,0.370,0.442,1,0.000,0.000,0.000,0.000,0.000,0.000,0.001,0.007
59.81,0.145,0,0.370,0.442,1,0.000,0.000,0.000,0.000,0.000,0.000,-0.007,0.005
60.01,0.220,0,0.402,0.441,1,0.000,0.000,0.000,0.000,0.000,0.000,-0.001,0.013
60.21,0.222,0,0.402,0.441,1,0.000,0.000,0.000,0.000,0.000,0.000,-0.005,0.005
60.41,0.222,0,0.402,0.441,1,0.000,0.000,0.000,0.000,0.000,0.000,-0.007,0.006
60.61,0.221,0,0.481,0.442,1,0.000,0.000,0.000,0.000,0.000,0.000,-0.007,0.006
60.81,0.220,0,0.481,0.442,1,0.000,0.000,0.000,0.000,0.000,0.000,-0.002,-0.001
61.01,0.220,0,2.190,0.442,0,0.000,0.000,0.000,0.000,0.000,0.000,-0.008,0.005
61.21,0.220,0,2.190,0.442,0,0.000,0.000,0.000,0.000,0.000,0.000,-0.012,0.002
61.41,0.229,0,2.190,0.442,0,0.000,0.000,0.000,0.000,0.000,0.000,-0.012,0.002
61.61,0.227,0,2.219,0.442,0,0.000,0.000,0.000,0.000,0.000,0.000,-0.008,0.003
61.81,0.222,0,2.219,0.442,0,0.000,0.000,0.000,0.000,0.000,0.000,-0.012,0.002
62.01,0.117,0,2.202,0.442,0,0.000,0.000,0.000,0.000,0.000,0.000,-0.010,0.005
62.21,0.117,0,2.202,0.442,0,0.000,0.000,0.000,0.000,0.000,0.000,-0.007,0.011
62.41,0.221,0,2.202,0.442,0,0.000,0.000,0.000,0.000,0.000,0.000,-0.007,0.011
62.61,0.212,0,2.204,0.443,0,0.000,0.000,0.000,0.000,0.000,0.000,-0.004,0.005
62.81,0.221,0,2.204,0.443,0,0.000,0.000,0.000,0.000,0.000,0.000,-0.020,0.012
63.01,0.221,0,0.455,0.441,1,0.000,0.000,0.000,0.000,0.000,0.000,-0.004,0.016
63.21,0.112,0,0.455,0.441,1,0.000,0.000,0.000,0.000,0.000,0.000,-0.004,0.016
63.41,0.100,0,0.455,0.441,1,0.000,0.000,0.000,0.000,0.000,0.000,-0.008,0.019
63.61,0.105,0,0.353,0.442,1,0.000,0.000,0.000,0.000,0.000,0.000,-0.015,0.029
63.81,0.227,0,0.353,0.442,1,0.000,0.000,0.000,0.000,0.000,0.000,-0.006,0.035
64.01,0.227,0,0.335,0.442,1,0.000,0.000,0.000,0.000,0.000,0.000,-0.006,0.035
64.21,0.220,0,0.335,0.442,1,0.000,0.000,0.000,0.000,0.000,0.000,-0.003,0.027
64.41,0.101,0,0.335,0.442,1,0.000,0.000,0.000,0.000,0.000,0.000,-0.008,0.030
64.61,0.101,0,0.334,0.441,1,0.000,0.000,0.000,0.000,0.000,0.000,-0.007,0.016
64.81,0.101,0,0.334,0.441,1,0.000,0.000,0.000,0.000,0.000,0.000,-0.004,0.025
65.01,0.101,0,0.347,0.442,1,0.000,0.000,0.000,0.000,0.000,0.000,-0.004,0.025
65.21,0.209,0,0.347,0.442,1,0.000,0.000,0.000,0.000,0.000,0.000,-0.001,0.024
65.41,0.197,0,0.347,0.442,1,0.000,0.000,0.000,0.000,0.000,0.000,-0.011,0.024
65.61,0.197,0,0.354,0.442,1,0.000,0.000,0.000,0.000,0.000,0.000,-0.017,0.019
65.81,0.221,0,0.354,0.442,1,0.000,0.000,0.000,0.000,0.000,0.000,-0.017,0.019
66.01,0.229,0,0.377,0.443,1,0.000,0.000,0.000,0.000,0.000,0.000,-0.015,0.015
66.21,0.221,0,0.377,0.443,1,0.000,0.000,0.000,0.000,0.000,0.000,-0.015,0.009
66.41,0.221,0,0.377,0.443,1,0.000,0.000,0.000,0.000,0.000,0.000,-0.019,0.009
66.61,0.221,0,0.407,0.442,1,0.000,0.000,0.000,0.000,0.000,0.000,-0.020,0.012
66.81,0.228,0,0.407,0.442,1,0.000,0.000,0.000,0.000,0.000,0.000,-0.020,0.012
67.01,0.221,0,0.381,0.442,1,0.000,0.000,0.000,0.000,0.000,0.000,-0.011,0.004
67.21,0.223,0,0.381,0.442,1,0.000,0.000,0.000,0.000,0.000,0.000,-0.007,0.005
67.41,0.223,0,0.381,0.442,1,0.000,0.000,0.000,0.000,0.000,0.000,-0.010,0.007
67.61,0.227,0,0.384,0.442,1,0.000,0.000,0.000,0.000,0.000,0.000,-0.010,0.007
67.81,0.222,0,0.384,0.442,1,0.000,0.000,0.000,0.000,0.000,0.000,-0.010,0.013
68.01,0.221,0,0.412,0.441,1,0.000,0.000,0.000,0.000,0.000,0.000,-0.012,0.013
68.21,0.206,0,0.412,0.441,1,0.000,0.000,0.000,0.000,0.000,0.000,-0.005,0.014
68.41,0.206,0,0.412,0.441,1,0.000,0.000,0.000,0.000,0.000,0.000,-0.005,0.014
68.61,0.222,0,0.404,0.443,1,0.000,0.000,0.000,0.000,0.000,0.000,-0.019,0.008
68.81,0.229,0,0.404,0.443,1,0.000,0.000,0.000,0.000,0.000,0.000,-0.016,0.015
69.01,0.221,0,0.405,0.442,1,0.000,0.000,0.000,0.000,0.000,0.000,-0.010,0.012
69.21,0.221,0,0.405,0.442,1,0.000,0.000,0.000,0.000,0.000,0.000,-0.016,0.011
69.41,0.221,0,0.405,0.442,1,0.000,0.000,0.000,0.000,0.000,0.000,-0.016,0.011
69.61,0.228,0,0.402,0.443,1,0.000,0.000,0.000,0.000,0.000,0.000,-0.014,0.014
69.81,0.156,0,0.402,0.443,1,0.000,0.000,0.000,0.000,0.000,0.000,-0.014,0.013
70.01,0.156,0,0.397,0.443,1,0.000,0.000,0.000,0.000,0.000,0.000,-0.008,0.003
70.21,0.226,0,0.397,0.443,1,0.000,0.000,0.000,0.000,0.000,0.000,-0.008,0.003
70.41,0.221,0,0.397,0.443,1,0.000,0.000,0.000,0.000,0.000,0.000,-0.020,0.004
70.61,0.119,0,0.432,0.442,1,0.000,0.000,0.000,0.000,0.000,0.000,-0.025,0.016
70.81,0.228,0,0.432,0.442,1,0.000,0.000,0.000,0.000,0.000,0.000,-0.021,0.008
71.01,0.228,0,0.426,0.442,1,0.000,0.000,0.000,0.000,0.000,0.000,-0.003,0.010
71.21,0.222,0,0.426,0.442,1,0.000,0.000,0.000,0.000,0.000,0.000,-0.003,0.010
71.41,0.228,0,0.426,0.442,1,0.000,0.000,0.000,0.000,0.000,0.000,-0.014,0.009
71.61,0.230,0,2.210,0.443,0,0.000,0.000,0.000,0.000,0.000,0.000,-0.018,0.012
71.81,0.230,0,2.210,0.443,0,0.000,0.000,0.000,0.000,0.000,0.000,-0.014,0.008
72.01,0.226,0,2.211,0.441,0,0.000,0.000,0.000,0.000,0.000,0.000,-0.014,0.008
72.21,0.224,0,2.211,0.441,0,0.000,0.000,0.000,0.000,0.000,0.000,-0.019,0.001
72.41,0.116,0,2.211,0.441,0,0.000,0.000,0.000,0.000,0.000,0.000,-0.017,0.004
72.61,0.225,0,2.208,0.443,0,0.000,0.000,0.000,0.000,0.000,0.000,-0.012,0.004
72.81,0.225,0,2.208,0.443,0,0.000,0.000,0.000,0.000,0.000,0.000,-0.012,0.004
73.01,0.227,0,2.194,0.442,0,0.000,0.000,0.000,0.000,0.000,0.000,-0.004,0.001
73.21,0.115,0,2.194,0.442,0,0.000,0.000,0.000,0.000,0.000,0.000,-0.017,0.003
73.41,0.115,0,2.194,0.442,0,0.000,0.000,0.000,0.000,0.000,0.000,-0.013,0.011
73.61,0.115,0,2.225,0.443,0,0.000,0.000,0.000,0.000,0.000,0.000,-0.007,-0.000
73.81,0.117,0,2.225,0.443,0,0.000,0.000,0.000,0.000,0.000,0.000,-0.007,-0.000
74.01,0.117,0,2.184,0.442,0,0.000,0.000,0.000,0.000,0.000,0.000,-0.007,-0.003
74.21,0.115,0,2.184,0.442,0,0.000,0.000,0.000,0.000,0.000,0.000,-0.015,0.004
74.41,0.115,0,2.184,0.442,0,0.000,0.000,0.000,0.000,0.000,0.000,-0.016,0.007
74.61,0.230,0,2.190,0.443,0,0.000,0.000,0.000,0.000,0.000,0.000,-0.016,0.007
74.81,0.119,0,2.190,0.443,0,0.000,0.000,0.000,0.000,0.000,0.000,-0.014,0.001
75.01,0.118,0,2.176,0.443,0,0.000,0.000,0.000,0.000,0.000,0.000,-0.009,0.001
75.21,0.116,0,2.176,0.443,0,0.000,0.000,0.000,0.000,0.000,0.000,-0.018,0.005
75.41,0.116,0,2.176,0.443,0,0.000,0.000,0.000,0.000,0.000,0.000,-0.018,0.005
75.61,0.117,0,1.313,0.435,0,0.000,0.000,0.000,0.000,0.000,0.000,-0.017,0.006
75.81,0.178,0,1.313,0.435,0,0.000,0.000,0.000,0.000,0.000,0.000,-0.008,0.002
76.01,0.117,0,1.049,0.442,0,0.000,0.000,0.000,0.000,0.000,0.000,-0.007,-0.002
76.21,0.117,0,1.049,0.442,0,0.000,0.000,0.000,0.000,0.000,0.000,-0.013,0.008
76.41,0.221,0,1.049,0.442,0,0.000,0.000,0.000,0.000,0.000,0.000,-0.013,0.008
76.61,0.227,0,0.825,0.443,0,0.000,0.000,0.000,0.000,0.000,0.000,-0.007,0.012
76.81,0.116,0,0.825,0.443,0,0.000,0.000,0.000,0.000,0.000,0.000,-0.012,0.006
77.01,0.221,0,0.436,0.442,1,0.000,0.000,0.000,0.000,0.000,0.000,-0.013,0.010
77.21,0.221,0,0.436,0.442,1,0.000,0.000,0.000,0.000,0.000,0.000,-0.013,0.010
77.41,0.229,0,0.436,0.442,1,0.000,0.000,0.000,0.000,0.000,0.000,-0.000,0.009
77.61,0.228,0,0.481,0.442,1,0.000,0.000,0.000,0.000,0.000,0.000,-0.011,0.015
77.81,0.227,0,0.481,0.442,1,0.000,0.000,0.000,0.000,0.000,0.000,-0.006,0.006
78.01,0.227,0,0.722,0.444,0,0.000,0.000,0.000,0.000,0.000,0.000,-0.008,0.002
78.21,0.228,0,0.722,0.444,0,0.000,0.000,0.000,0.000,0.000,0.000,-0.008,0.002
78.41,0.228,0,0.722,0.444,0,0.000,0.000,0.000,0.000,0.000,0.000,-0.016,0.004
78.61,0.227,0,0.710,0.444,0,0.000,0.000,0.000,0.000,0.000,0.000,-0.006,0.007
78.81,0.227,0,0.710,0.444,0,0.000,0.000,0.000,0.000,0.000,0.000,-0.022,0.004
79.01,0.116,0,0.704,0.442,0,0.000,0.000,0.000,0.000,0.000,0.000,-0.022,0.004
79.21,0.116,0,0.704,0.442,0,0.000,0.000,0.000,0.000,0.000,0.000,-0.022,0.011
79.41,0.117,0,0.704,0.442,0,0.000,0.000,0.000,0.000,0.000,0.000,-0.009,0.008
79.61,0.116,0,0.724,0.441,0,0.000,0.000,0.000,0.000,0.000,0.000,-0.000,0.003
79.81,0.116,0,0.724,0.441,0,0.000,0.000,0.000,0.000,0.000,0.000,-0.009,-0.002
80.01,0.119,0,0.702,0.443,0,0.000,0.000,0.000,0.000,0.000,0.000,-0.009,-0.002
80.21,0.116,0,0.702,0.443,0,0.000,0.000,0.000,0.000,0.000,0.000,-0.010,0.003
80.41,0.116,0,0.702,0.443,0,0.000,0.000,0.000,0.000,0.000,0.000,-0.014,0.008
80.61,0.116,0,0.705,0.442,0,0.000,0.000,0.000,0.000,0.000,0.000,-0.008,-0.005
80.81,0.116,0,0.705,0.442,0,0.000,0.000,0.000,0.000,0.000,0.000,-0.008,-0.005
81.01,0.222,0,0.508,0.442,1,0.000,0.000,0.000,0.000,0.000,0.000,-0.010,0.005
81.21,0.190,0,0.508,0.442,1,0.000,0.000,0.000,0.000,0.000,0.000,-0.006,0.012
81.41,0.221,0,0.508,0.442,1,0.000,0.000,0.000,0.000,0.000,0.000,-0.015,0.006
81.61,0.221,0,0.500,0.442,1,0.000,0.000,0.000,0.000,0.000,0.000,-0.015,0.006
81.81,0.221,0,0.500,0.442,1,0.000,0.000,0.000,0.000,0.000,0.000,-0.014,0.007
82.01,0.221,0,0.486,0.441,1,0.000,0.000,0.000,0.000,0.000,0.000,-0.012,0.013
82.21,0.221,0,0.486,0.441,1,0.000,0.000,0.000,0.000,0.000,0.000,-0.016,0.008
82.41,0.221,0,0.486,0.441,1,0.000,0.000,0.000,0.000,0.000,0.000,-0.000,0.020
82.61,0.227,0,0.330,0.441,1,0.000,0.000,0.000,0.000,0.000,0.000,-0.000,0.020
82.81,0.223,0,0.330,0.441,1,0.000,0.000,0.000,0.000,0.000,0.000,-0.007,0.007
83.01,0.227,0,0.339,0.444,1,0.000,0.000,0.000,0.000,0.000,0.000,-0.004,0.005
83.21,0.229,0,0.339,0.444,1,0.000,0.000,0.000,0.000,0.000,0.000,-0.015,0.010
83.41,0.229,0,0.339,0.444,1,0.000,0.000,0.000,0.000,0.000,0.000,-0.015,0.010
83.61,0.243,0,0.318,0.452,1,0.000,0.000,0.000,0.000,0.000,0.000,-0.050,0.006
83.81,0.227,0,0.318,0.452,1,0.000,0.000,0.000,0.000,0.000,0.000,-0.076,0.006
84.01,0.214,0,3.312,3.446,1,0.000,0.000,0.000,0.000,0.000,0.000,-0.121,-0.015
84.21,0.214,0,3.312,3.446,1,0.000,0.000,0.000,0.000,0.000,0.000,-0.139,-0.010
84.41,0.196,0,3.312,3.446,1,0.000,0.000,0.000,0.000,0.000,0.000,-0.139,-0.010
84.61,0.197,0,3.341,3.377,1,0.000,0.000,0.000,0.000,0.000,0.000,-0.160,-0.038
84.81,0.212,0,3.341,3.377,1,0.000,0.000,0.000,0.000,0.000,0.000,-0.179,-0.056
85.01,0.212,0,0.235,3.510,0,0.000,0.000,0.000,0.000,0.000,0.000,-0.236,-0.019
85.21,0.221,0,0.235,3.510,0,0.000,0.000,0.000,0.000,0.000,0.000,-0.236,-0.019
85.41,0.212,0,0.235,3.510,0,0.000,0.000,0.000,0.000,0.000,0.000,-0.265,-0.014
85.61,0.192,0,2.418,3.595,0,0.000,0.000,0.000,0.000,0.000,0.000,-0.309,0.006
85.81,0.176,0,2.418,3.595,0,0.000,0.000,0.000,0.000,0.000,0.000,-0.336,0.008
86.01,0.176,0,2.389,3.705,0,0.000,0.000,0.000,0.000,0.000,0.000,-0.336,0.008
86.21,0.176,0,2.389,3.705,0,0.000,0.000,0.000,0.000,0.000,0.000,-0.333,-0.014
86.41,0.174,0,2.389,3.705,0,0.000,0.000,0.000,0.000,0.000,0.000,-0.329,-0.007
86.61,0.175,0,2.390,3.807,0,0.000,0.000,0.000,0.000,0.000,0.000,-0.340,-0.029
86.81,0.175,0,2.390,3.807,0,0.000,0.000,0.000,0.000,0.000,0.000,-0.361,0.010
87.01,0.177,0,2.403,2.668,0,0.000,0.000,0.000,0.000,0.000,0.000,-0.361,0.010
87.21,0.188,0,2.403,2.668,0,0.000,0.000,0.000,0.000,0.000,0.000,-0.425,0.019
87.41,0.208,0,2.403,2.668,0,0.000,0.000,0.000,0.000,0.000,0.000,-0.442,-0.064
87.61,0.208,0,4.214,2.549,0,0.000,0.000,0.000,0.000,0.000,0.000,-0.537,-0.058
87.81,0.214,0,4.214,2.549,0,0.000,0.000,0.000,0.000,0.000,0.000,-0.537,-0.058
88.01,0.207,0,0.531,0.584,1,0.000,0.000,0.000,0.000,0.000,0.000,-0.494,-0.012
88.21,0.207,0,0.531,0.584,1,0.000,0.000,0.000,0.000,0.000,0.000,-0.429,-0.083
88.41,0.206,0,0.531,0.584,1,0.000,0.000,0.000,0.000,0.000,0.000,-0.430,-0.109
88.61,0.206,0,5.292,2.542,0,0.000,0.000,0.000,0.000,0.000,0.000,-0.465,-0.172
88.81,0.208,0,5.292,2.542,0,0.000,0.000,0.000,0.000,0.000,0.000,-0.465,-0.172
89.01,0.214,0,0.251,2.579,0,0.000,0.000,0.000,0.000,0.000,0.000,-0.510,-0.096
89.21,0.217,0,0.251,2.579,0,0.000,0.000,0.000,0.000,0.000,0.000,-0.550,-0.030
89.41,0.217,0,0.251,2.579,0,0.000,0.000,0.000,0.000,0.000,0.000,-0.594,-0.087
89.61,0.218,0,2.477,3.695,0,0.000,0.000,0.000,0.000,0.000,0.000,-0.594,-0.087
89.81,0.213,0,2.477,3.695,0,0.000,0.000,0.000,0.000,0.000,0.000,-0.626,-0.059
90.01,0.223,0,2.505,3.616,0,0.000,0.000,0.000,0.000,0.000,0.000,-0.475,-0.008
90.21,0.237,0,2.505,3.616,0,0.000,0.000,0.000,0.000,0.000,0.000,-0.421,-0.072
90.41,0.237,0,2.505,3.616,0,0.000,0.000,0.000,0.000,0.000,0.000,-0.371,-0.125
90.61,0.244,0,0.261,2.856,0,0.000,0.000,0.000,0.000,0.000,0.000,-0.371,-0.125
90.81,0.249,0,0.261,2.856,0,0.000,0.000,0.000,0.000,0.000,0.000,-0.306,-0.073
91.01,0.248,0,2.499,2.731,0,0.000,0.000,0.000,0.000,0.000,0.000,0.000,0.000
91.21,0.248,0,2.499,2.731,0,0.000,0.000,0.000,0.000,0.000,0.000,-0.306,-0.073
91.41,0.244,0,2.499,2.731,0,0.000,0.000,0.000,0.000,0.000,0.000,-0.306,-0.073
91.61,0.241,0,0.272,2.705,0,0.000,0.000,0.000,0.000,0.000,0.000,-0.326,-0.078
91.81,0.244,0,0.272,2.705,0,0.000,0.000,0.000,0.000,0.000,0.000,-0.331,-0.078
92.01,0.245,0,2.492,2.610,1,0.000,0.000,0.000,0.000,0.000,0.000,-0.308,-0.079
92.21,0.245,0,2.492,2.610,1,0.000,0.000,0.000,0.000,0.000,0.000,-0.304,-0.073
92.41,0.244,0,2.492,2.610,1,0.000,0.000,0.000,0.000,0.000,0.000,-0.304,-0.073
92.61,0.244,0,0.276,2.616,0,0.000,0.000,0.000,0.000,0.000,0.000,-0.303,-0.068
92.81,0.249,0,0.276,2.616,0,0.000,0.000,0.000,0.000,0.000,0.000,-0.314,-0.083
93.01,0.249,0,2.509,2.627,1,0.000,0.000,0.000,0.000,0.000,0.000,-0.350,-0.051
93.21,0.248,0,2.509,2.627,1,0.000,0.000,0.000,0.000,0.000,0.000,-0.350,-0.051
93.41,0.250,0,2.509,2.627,1,0.000,0.000,0.000,0.000,0.000,0.000,-0.375,-0.039
93.61,0.246,0,0.266,2.598,0,0.000,0.000,0.000,0.000,0.000,0.000,-0.447,-0.021
93.81,0.244,0,0.266,2.598,0,0.000,0.000,0.000,0.000,0.000,0.000,-0.534,-0.042
94.01,0.244,0,0.536,0.453,1,0.000,0.000,0.000,0.000,0.000,0.000,-0.534,-0.042
94.21,0.229,0,0.536,0.453,1,0.000,0.000,0.000,0.000,0.000,0.000,-0.653,-0.077
94.41,0.222,0,0.536,0.453,1,0.000,0.000,0.000,0.000,0.000,0.000,-0.703,-0.065
94.61,0.219,0,0.262,0.403,1,0.000,0.000,0.000,0.000,0.000,0.000,-0.800,-0.066
94.81,0.219,0,0.262,0.403,1,0.000,0.000,0.000,0.000,0.000,0.000,-0.918,-0.120
95.01,0.224,0,0.340,0.445,1,0.000,0.000,0.000,0.000,0.000,0.000,-0.918,-0.120
95.21,0.222,0,0.340,0.445,1,0.000,0.000,0.000,0.000,0.000,0.000,-0.971,-0.158
95.41,0.244,0,0.340,0.445,1,0.000,0.000,0.000,0.000,0.000,0.000,-1.077,-0.209
95.61,0.242,0,0.312,0.479,1,0.000,0.000,0.000,0.000,0.000,0.000,0.000,0.000
95.81,0.242,0,0.312,0.479,1,0.000,0.000,0.000,0.000,0.000,0.000,-1.077,-0.209
96.01,0.238,0,0.598,0.607,1,0.000,0.000,0.000,0.000,0.000,0.000,-1.077,-0.209
96.21,0.245,0,0.598,0.607,1,0.000,0.000,0.000,0.000,0.000,0.000,-1.213,-0.260
96.41,0.255,0,0.598,0.607,1,0.000,0.000,0.000,0.000,0.000,0.000,-1.428,-0.336
96.61,0.255,0,0.534,0.788,0,0.000,0.000,0.000,0.000,0.000,0.000,-1.703,-0.324
96.81,0.257,0,0.534,0.788,0,0.000,0.000,0.000,0.000,0.000,0.000,-1.703,-0.324
97.01,0.251,0,3.982,3.978,1,0.000,0.000,0.000,0.000,0.000,0.000,0.000,0.000
97.21,0.260,0,3.982,3.978,1,0.000,0.000,0.000,0.000,0.000,0.000,-1.703,-0.324
97.41,0.255,0,3.982,3.978,1,0.000,0.000,0.000,0.000,0.000,0.000,-1.836,-0.371
97.61,0.255,0,3.616,3.621,1,0.000,0.000,0.000,0.000,0.000,0.000,-1.836,-0.371
97.81,0.253,0,3.616,3.621,1,0.000,0.000,0.000,0.000,0.000,0.000,-2.062,-0.542
98.01,0.262,0,3.156,3.241,1,0.000,0.000,0.000,0.000,0.000,0.000,-2.224,-0.697
98.21,0.238,0,3.156,3.241,1,0.000,0.000,0.000,0.000,0.000,0.000,-2.406,-0.870
98.41,0.238,0,3.156,3.241,1,0.000,0.000,0.000,0.000,0.000,0.000,-2.546,-1.047
98.61,0.258,0,2.726,2.806,1,0.000,0.000,0.000,0.000,0.000,0.000,-2.546,-1.047
98.81,0.247,0,2.726,2.806,1,0.000,0.000,0.000,0.000,0.000,0.000,-2.725,-1.198
99.01,0.277,0,2.245,2.475,0,0.000,0.000,0.000,0.000,0.000,0.000,-2.895,-1.361
99.21,0.277,0,2.245,2.475,0,0.000,0.000,0.000,0.000,0.000,0.000,-3.037,-1.529
99.41,0.262,0,2.245,2.475,0,0.000,0.000,0.000,0.000,0.000,0.000,-3.037,-1.529
99.61,0.283,0,2.147,2.263,1,0.000,0.000,0.000,0.000,0.000,0.000,-3.168,-1.694
99.81,0.290,0,2.147,2.263,1,0.000,0.000,0.000,0.000,0.000,0.000,-3.304,-1.833
100.01,0.290,0,1.743,1.121,0,0.000,0.000,0.000,0.000,0.000,0.000,-3.468,-1.963
100.21,0.290,0,1.743,1.121,0,0.000,0.000,0.000,0.000,0.000,0.000,0.000,0.000
100.41,0.328,0,1.743,1.121,0,0.000,0.000,0.000,0.000,0.000,0.000,0.000,0.000
100.61,0.349,0,0.837,0.941,1,0.000,0.000,0.000,0.000,0.000,0.000,-3.468,-1.963
100.81,0.353,0,0.837,0.941,1,0.000,0.000,0.000,0.000,0.000,0.000,-3.500,-1.965
101.01,0.343,0,0.805,1.357,0,0.000,0.000,0.000,0.000,0.000,0.000,-3.507,-1.975
101.21,0.343,0,0.805,1.357,0,0.000,0.000,0.000,0.000,0.000,0.000,-3.507,-1.975
101.41,0.325,0,0.805,1.357,0,0.000,0.000,0.000,0.000,0.000,0.000,-3.510,-1.963
101.61,0.322,0,0.785,1.308,0,0.000,0.000,0.000,0.000,0.000,0.000,-3.520,-1.956
101.81,0.324,0,0.785,1.308,0,0.000,0.000,0.000,0.000,0.000,0.000,-3.499,-1.951
102.01,0.324,0,0.782,1.334,0,0.000,0.000,0.000,0.000,0.000,0.000,-3.511,-1.959
102.21,0.322,0,0.782,1.334,0,0.000,0.000,0.000,0.000,0.000,0.000,-3.511,-1.959
102.41,0.330,0,0.782,1.334,0,0.000,0.000,0.000,0.000,0.000,0.000,-3.510,-1.954
102.61,0.315,0,0.784,1.327,0,0.000,0.000,0.000,0.000,0.000,0.000,-3.510,-1.961
102.81,0.315,0,0.784,1.327,0,0.000,0.000,0.000,0.000,0.000,0.000,-3.510,-1.962
103.01,0.235,0,0.783,1.339,0,0.000,0.000,0.000,0.000,0.000,0.000,-3.510,-1.962
103.21,0.210,0,0.783,1.339,0,0.000,0.000,0.000,0.000,0.000,0.000,-3.507,-1.961
103.41,0.230,0,0.783,1.339,0,0.000,0.000,0.000,0.000,0.000,0.000,-3.513,-1.963
103.61,0.116,0,0.784,1.341,0,0.000,0.000,0.000,0.000,0.000,0.000,-3.507,-1.955
103.81,0.116,0,0.784,1.341,0,0.000,0.000,0.000,0.000,0.000,0.000,-3.507,-1.957
104.01,0.118,0,0.784,1.340,0,0.000,0.000,0.000,0.000,0.000,0.000,-3.507,-1.957
104.21,0.482,0,0.784,1.340,0,0.000,0.000,0.000,0.000,0.000,0.000,-3.506,-1.962
104.41,0.482,0,0.784,1.340,0,0.000,0.000,0.000,0.000,0.000,0.000,-3.513,-1.966
104.61,0.482,0,0.783,1.335,0,0.000,0.000,0.000,0.000,0.000,0.000,-3.507,-1.964
104.81,0.483,0,0.783,1.335,0,0.000,0.000,0.000,0.000,0.000,0.000,-3.507,-1.964
105.01,0.483,0,0.783,1.336,0,0.000,0.000,0.000,0.000,0.000,0.000,-3.505,-1.964
105.21,0.484,0,0.783,1.336,0,0.000,0.000,0.000,0.000,0.000,0.000,-3.511,-1.959
105.41,0.484,0,0.783,1.336,0,0.000,0.000,0.000,0.000,0.000,0.000,-3.504,-1.961
105.61,0.484,0,0.783,1.341,0,0.000,0.000,0.000,0.000,0.000,0.000,-3.510,-1.964
105.81,0.458,0,0.783,1.341,0,0.000,0.000,0.000,0.000,0.000,0.000,-3.510,-1.964
106.01,0.410,0,0.784,1.337,0,0.000,0.000,0.000,0.000,0.000,0.000,-3.510,-1.966
106.21,0.116,0,0.784,1.337,0,0.000,0.000,0.000,0.000,0.000,0.000,-3.512,-1.959
106.41,0.116,0,0.784,1.337,0,0.000,0.000,0.000,0.000,0.000,0.000,-3.508,-1.959
106.61,0.381,0,0.783,1.338,0,0.000,0.000,0.000,0.000,0.000,0.000,-3.508,-1.959
106.81,0.367,0,0.783,1.338,0,0.000,0.000,0.000,0.000,0.000,0.000,-3.508,-1.962
107.01,0.116,0,0.784,1.334,0,0.000,0.000,0.000,0.000,0.000,0.000,-3.509,-1.964
107.21,0.365,0,0.784,1.334,0,0.000,0.000,0.000,0.000,0.000,0.000,-3.514,-1.960
107.41,0.365,0,0.784,1.334,0,0.000,0.000,0.000,0.000,0.000,0.000,-3.504,-1.962
107.61,0.366,0,0.784,1.339,0,0.000,0.000,0.000,0.000,0.000,0.000,-3.504,-1.962
107.81,0.368,0,0.784,1.339,0,0.000,0.000,0.000,0.000,0.000,0.000,-3.509,-1.965
108.01,0.367,0,0.783,1.344,0,0.000,0.000,0.000,0.000,0.000,0.000,-3.507,-1.968
108.21,0.368,0,0.783,1.344,0,0.000,0.000,0.000,0.000,0.000,0.000,-3.507,-1.961
108.41,0.368,0,0.783,1.344,0,0.000,0.000,0.000,0.000,0.000,0.000,-3.507,-1.961
108.61,0.368,0,0.784,1.336,0,0.000,0.000,0.000,0.000,0.000,0.000,-3.504,-1.966
108.81,0.368,0,0.784,1.336,0,0.000,0.000,0.000,0.000,0.000,0.000,-3.506,-1.963
109.01,0.366,0,0.784,1.335,0,0.000,0.000,0.000,0.000,0.000,0.000,-3.507,-1.961
109.21,0.366,0,0.784,1.335,0,0.000,0.000,0.000,0.000,0.000,0.000,-3.503,-1.962
109.41,0.367,0,0.784,1.335,0,0.000,0.000,0.000,0.000,0.000,0.000,-3.503,-1.962
109.61,0.368,0,0.784,1.336,0,0.000,0.000,0.000,0.000,0.000,0.000,-3.509,-1.962
109.81,0.368,0,0.784,1.336,0,0.000,0.000,0.000,0.000,0.000,0.000,-3.508,-1.963
110.01,0.367,0,0.569,1.339,0,0.000,0.600,0.000,0.000,0.600,0.000,-3.506,-1.959
110.21,0.367,0,0.569,1.339,0,0.000,0.600,0.000,0.000,0.600,0.000,-3.506,-1.959
110.41,0.372,0,0.569,1.339,0,0.000,0.600,0.000,0.000,0.600,0.000,-3.498,-1.963
110.61,0.385,0,0.786,1.330,0,0.000,0.600,0.000,0.000,0.600,0.000,-3.535,-1.965
110.81,0.118,0,0.786,1.330,0,0.600,0.000,0.000,0.600,0.000,0.000,-3.492,-1.992
111.01,0.118,0,0.810,1.362,0,0.600,0.000,0.000,0.600,0.000,0.000,-3.449,-2.001
111.21,0.428,0,0.810,1.362,0,0.600,0.000,0.000,0.600,0.000,0.000,-3.449,-2.001
111.41,0.416,0,0.810,1.362,0,0.000,0.600,0.000,0.000,0.600,0.000,-3.466,-2.012
111.61,0.412,0,0.810,1.251,0,0.000,0.600,0.000,0.000,0.600,0.000,-3.516,-2.092
111.81,0.482,0,0.810,1.251,0,0.000,0.600,0.000,0.000,0.600,0.000,-3.544,-2.189
112.01,0.482,0,0.728,1.125,0,0.000,0.000,0.000,0.000,0.000,0.000,-3.544,-2.189
112.21,0.575,0,0.728,1.125,0,0.000,0.000,0.000,0.000,0.000,0.000,-3.481,-2.306
112.41,0.654,0,0.728,1.125,0,0.000,0.000,0.000,0.000,0.000,0.000,-3.485,-2.376
112.61,0.671,0,0.985,1.052,1,0.600,0.000,0.000,0.600,0.000,0.000,-3.478,-2.422
112.81,0.671,0,0.985,1.052,1,0.600,0.000,0.000,0.600,0.000,0.000,-3.482,-2.424
113.01,0.668,0,0.966,1.019,1,0.000,0.000,0.000,0.000,0.000,0.000,-3.482,-2.424
113.21,0.674,0,0.966,1.019,1,-0.600,0.000,0.000,-0.600,0.000,0.000,-3.489,-2.460
113.41,0.116,1,0.966,1.019,1,-0.600,0.000,0.000,0.000,0.000,0.000,-3.559,-2.532
113.61,0.113,0,0.840,0.869,1,0.000,0.000,0.000,0.000,0.000,0.000,-3.587,-2.551
113.81,0.113,1,0.840,0.869,1,-0.600,0.000,0.000,0.000,0.000,0.000,-3.587,-2.551
114.01,0.115,1,1.191,0.882,0,-0.600,0.000,0.000,0.000,0.000,0.000,-3.577,-2.552
114.21,0.113,1,1.191,0.882,0,-0.600,0.000,0.000,0.000,0.000,0.000,-3.574,-2.550
114.41,0.658,0,1.191,0.882,0,0.000,0.000,0.000,0.000,0.000,0.000,-3.575,-2.553
114.61,0.658,0,0.823,0.880,1,-0.600,0.000,0.000,-0.600,0.000,0.000,-3.583,-2.546
114.81,0.115,1,0.823,0.880,1,-0.600,0.000,0.000,0.000,0.000,0.000,-3.583,-2.546
115.01,0.116,0,1.195,0.885,0,0.000,0.000,0.000,0.000,0.000,0.000,-3.578,-2.549
115.21,0.115,0,1.195,0.885,0,0.000,0.000,0.000,0.000,0.000,0.000,-3.580,-2.551
115.41,0.113,1,1.195,0.885,0,-0.600,0.000,0.000,0.000,0.000,0.000,-3.579,-2.547
115.61,0.113,1,0.974,0.893,1,-0.600,0.000,0.000,0.000,0.000,0.000,-3.579,-2.547
115.81,0.115,1,0.974,0.893,1,-0.600,0.000,0.000,0.000,0.000,0.000,-3.575,-2.545
116.01,0.660,0,1.193,0.885,0,-0.600,0.000,0.000,-0.600,0.000,0.000,-3.574,-2.551
116.21,0.113,0,1.193,0.885,0,0.000,0.000,0.000,0.000,0.000,0.000,-3.576,-2.550
116.41,0.113,0,1.193,0.885,0,0.000,0.000,0.000,0.000,0.000,0.000,-3.523,-2.512
116.61,0.679,0,0.889,0.980,1,-0.600,0.000,0.000,-0.600,0.000,0.000,-3.523,-2.512
116.81,0.669,0,0.889,0.980,1,-0.600,0.000,0.000,-0.600,0.000,0.000,-3.480,-2.450
117.01,0.116,0,1.000,1.073,1,0.000,0.000,0.000,0.000,0.000,0.000,-3.464,-2.421
117.21,0.665,0,1.000,1.073,1,0.000,0.000,0.000,0.000,0.000,0.000,-3.367,-2.368
117.41,0.665,0,1.000,1.073,1,0.000,0.000,0.000,0.000,0.000,0.000,-3.367,-2.368
117.61,0.665,0,0.881,1.314,0,0.000,0.000,0.000,0.000,0.000,0.000,-3.327,-2.283
117.81,0.662,0,0.881,1.314,0,0.000,0.600,0.000,0.000,0.600,0.000,-3.319,-2.241
118.01,0.663,0,1.178,1.299,1,0.000,0.600,0.000,0.000,0.600,0.000,-3.313,-2.251
118.21,0.663,0,1.178,1.299,1,0.000,0.000,0.000,0.000,0.000,0.000,-3.308,-2.246
118.41,0.664,0,1.178,1.299,1,0.000,0.600,0.000,0.000,0.600,0.000,-3.308,-2.246
118.61,0.665,0,1.542,1.302,0,0.000,0.600,0.000,0.000,0.600,0.000,-3.314,-2.239
118.81,0.666,0,1.542,1.302,0,0.000,0.600,0.000,0.000,0.600,0.000,-3.302,-2.237
119.01,0.666,0,1.192,1.310,1,0.000,0.600,0.000,0.000,0.600,0.000,-3.304,-2.250
119.21,0.666,0,1.192,1.310,1,0.000,-0.600,0.000,0.000,-0.399,0.000,-3.304,-2.250
119.41,0.667,0,1.192,1.310,1,0.000,-0.600,0.000,0.000,-0.400,0.000,-3.310,-2.247
119.61,0.661,0,1.353,1.307,1,0.000,-0.600,0.000,0.000,-0.392,0.000,-3.310,-2.239
119.81,0.661,0,1.353,1.307,1,0.000,-0.600,0.000,0.000,-0.392,0.000,-3.309,-2.234
120.01,0.661,0,1.542,1.298,0,0.600,0.000,0.000,0.600,0.000,0.000,-3.306,-2.242
120.21,0.660,0,1.542,1.298,0,0.000,0.000,0.000,0.000,0.000,0.000,-3.306,-2.242
120.41,0.663,0,1.542,1.298,0,0.000,0.000,0.000,0.000,0.000,0.000,-3.322,-2.273
120.61,0.674,0,1.520,1.287,0,0.000,0.000,0.000,0.000,0.000,0.000,-3.356,-2.331
120.81,0.681,0,1.520,1.287,0,0.000,0.600,0.000,0.000,0.600,0.000,-3.410,-2.358
121.01,0.681,0,0.990,1.162,1,0.000,0.600,0.000,0.000,0.600,0.000,-3.421,-2.397
121.21,0.680,0,0.990,1.162,1,0.000,0.000,0.000,0.000,0.000,0.000,-3.421,-2.397
121.41,0.714,0,0.990,1.162,1,0.000,0.600,0.000,0.000,0.600,0.000,-3.354,-2.439
121.61,0.727,0,0.944,1.982,0,0.000,0.600,0.000,0.000,0.600,0.000,-3.376,-2.444
121.81,0.727,0,0.944,1.982,0,0.600,0.000,0.000,0.600,0.000,0.000,-3.335,-2.496
122.01,0.779,0,0.956,2.172,0,0.600,0.000,0.000,0.600,0.000,0.000,-3.335,-2.496
122.21,0.802,0,0.956,2.172,0,0.000,0.000,0.000,0.000,0.000,0.000,-3.315,-2.493
122.41,0.842,0,0.956,2.172,0,0.000,0.000,0.000,0.000,0.000,0.000,-3.370,-2.511
122.61,0.851,0,1.154,2.035,0,0.000,0.000,0.000,0.000,0.000,0.000,-3.365,-2.613
122.81,0.851,0,1.154,2.035,0,-0.600,0.000,0.000,-0.600,0.000,0.000,-3.368,-2.683
123.01,0.846,0,1.038,1.840,0,0.000,0.000,0.000,0.000,0.000,0.000,-3.368,-2.683
123.21,0.846,0,1.038,1.840,0,0.000,0.000,0.000,0.000,0.000,0.000,-3.398,-2.647
123.41,0.813,0,1.038,1.840,0,0.000,-0.600,0.000,0.000,-0.600,0.000,-3.339,-2.569
123.61,0.813,0,1.092,2.049,0,0.000,0.000,0.000,0.000,0.000,0.000,-3.319,-2.488
123.81,0.785,0,1.092,2.049,0,0.000,-0.600,0.000,0.000,-0.578,0.000,-3.319,-2.488
124.01,0.736,0,0.964,1.256,0,0.000,-0.600,0.000,0.000,-0.504,0.000,-3.341,-2.438
124.21,0.707,0,0.964,1.256,0,0.000,-0.600,0.000,0.000,-0.461,0.000,-3.360,-2.400
124.41,0.672,0,0.964,1.256,0,0.000,-0.600,0.000,0.000,-0.408,0.000,-3.382,-2.380
124.61,0.672,0,1.074,1.185,1,0.000,-0.600,0.000,0.000,-0.367,0.000,-3.366,-2.377
124.81,0.645,0,1.074,1.185,1,0.000,-0.600,0.000,0.000,-0.367,0.000,-3.366,-2.377
125.01,0.627,0,1.817,2.221,0,0.000,-0.600,0.000,0.000,-0.340,0.000,-3.368,-2.374
125.21,0.601,0,1.817,2.221,0,0.000,-0.600,0.000,0.000,-0.327,0.000,-3.399,-2.394
125.41,0.601,0,1.817,2.221,0,0.000,-0.600,0.000,0.000,-0.497,0.000,-3.431,-2.390
125.61,0.597,0,1.969,3.233,0,0.000,-0.600,0.000,0.000,-0.497,0.000,-3.431,-2.390
125.81,0.115,0,1.969,3.233,0,0.000,0.000,0.000,0.000,0.000,0.000,-3.446,-2.393
126.01,0.596,0,2.486,2.797,0,0.000,0.000,-9.000,0.000,0.000,-9.000,-3.470,-2.388
126.21,0.581,0,2.486,2.797,0,0.000,0.000,-9.000,0.000,0.000,-9.000,-3.452,-2.363
126.41,0.581,0,2.486,2.797,0,0.000,0.000,0.000,0.000,0.000,0.000,-3.452,-2.363
126.61,0.113,0,1.264,1.053,0,0.000,0.000,-9.000,0.000,0.000,-9.000,0.000,0.000
126.81,0.115,1,1.264,1.053,0,0.000,0.000,-9.000,0.000,0.000,0.000,-3.452,-2.363
127.01,0.116,0,0.513,0.557,1,0.000,0.000,0.000,0.000,0.000,0.000,0.000,0.000
127.21,0.116,1,0.513,0.557,1,0.000,0.000,9.000,0.000,0.000,0.000,-3.452,-2.363
127.41,0.184,1,0.513,0.557,1,0.000,0.000,9.000,0.000,0.000,0.000,-3.452,-2.363
127.61,0.190,0,0.532,0.756,0,0.000,0.000,0.000,0.000,0.000,0.000,-3.425,-2.383
127.81,0.524,0,0.532,0.756,0,0.000,0.000,9.000,0.000,0.000,9.000,-3.442,-2.384
128.01,0.203,0,0.531,0.756,0,0.000,0.000,9.000,0.000,0.000,9.000,-3.434,-2.380
128.21,0.203,0,0.531,0.756,0,0.000,0.000,9.000,0.000,0.000,9.000,0.000,0.000
128.41,0.519,0,0.531,0.756,0,0.000,0.000,0.000,0.000,0.000,0.000,0.000,0.000
128.61,0.598,0,0.651,0.712,1,-0.600,0.000,0.000,-0.600,0.000,0.000,-3.434,-2.380
128.81,0.608,0,0.651,0.712,1,0.000,0.000,0.000,0.000,0.000,0.000,0.000,0.000
129.01,0.608,0,0.925,2.076,0,0.000,0.000,0.000,0.000,0.000,0.000,-3.434,-2.380
129.21,0.115,0,0.925,2.076,0,0.000,0.000,0.000,0.000,0.000,0.000,-3.434,-2.380
129.41,0.509,0,0.925,2.076,0,0.000,0.000,0.000,0.000,0.000,0.000,-3.506,-2.269
129.61,0.486,0,1.064,2.470,0,0.000,-0.600,0.000,0.000,-0.129,0.000,-3.531,-2.210
129.81,0.115,0,1.064,2.470,0,0.000,-0.600,0.000,0.000,-0.120,0.000,-3.556,-2.178
130.01,0.115,1,1.130,2.536,0,-0.600,0.000,0.000,0.000,0.000,0.000,-3.565,-2.160
130.21,0.116,1,1.130,2.536,0,-0.600,0.000,0.000,0.000,0.000,0.000,-3.565,-2.160
130.41,0.115,0,1.130,2.536,0,0.000,0.000,0.000,0.000,0.000,0.000,-3.565,-2.165
130.61,0.481,0,1.129,2.553,0,0.000,0.000,0.000,0.000,0.000,0.000,-3.563,-2.169
130.81,0.481,0,1.129,2.553,0,0.000,0.000,0.000,0.000,0.000,0.000,-3.563,-2.168
131.01,0.481,0,1.873,2.560,0,0.000,-0.600,0.000,0.000,-0.122,0.000,-3.563,-2.168
131.21,0.480,0,1.873,2.560,0,0.000,-0.600,0.000,0.000,-0.120,0.000,-3.557,-2.166
131.41,0.481,0,1.873,2.560,0,0.000,-0.600,0.000,0.000,-0.122,0.000,-3.564,-2.166
131.61,0.480,0,1.319,2.509,0,0.000,-0.600,0.000,0.000,-0.120,0.000,-3.565,-2.172
131.81,0.480,0,1.319,2.509,0,0.000,0.600,0.000,0.000,0.600,0.000,-3.560,-2.170
132.01,0.480,0,1.887,2.507,0,0.000,0.000,0.000,0.000,0.000,0.000,-3.560,-2.170
132.21,0.495,0,1.887,2.507,0,0.000,0.000,0.000,0.000,0.000,0.000,-3.542,-2.148
132.41,0.504,0,1.887,2.507,0,0.600,0.000,0.000,0.600,0.000,0.000,-3.544,-2.157
132.61,0.509,0,1.731,2.508,0,0.600,0.000,0.000,0.600,0.000,0.000,-3.544,-2.142
132.81,0.509,0,1.731,2.508,0,0.000,0.000,0.000,0.000,0.000,0.000,-3.536,-2.181
133.01,0.548,0,1.845,2.442,0,0.000,-0.600,0.000,0.000,-0.222,0.000,-3.536,-2.181
133.21,0.116,0,1.845,2.442,0,0.000,-0.600,0.000,0.000,-0.275,0.000,-3.480,-2.263
133.41,0.116,0,1.845,2.442,0,0.000,0.000,0.000,0.000,0.000,0.000,-3.454,-2.330
133.61,0.116,0,1.862,2.306,0,0.000,-0.600,0.000,0.000,-0.308,0.000,-3.454,-2.354
133.81,0.605,0,1.862,2.306,0,0.600,0.000,0.000,0.600,0.000,0.000,-3.454,-2.354
134.01,0.116,0,1.772,2.309,0,0.600,0.000,0.000,0.600,0.000,0.000,-3.449,-2.352
134.21,0.594,0,1.772,2.309,0,0.600,0.000,0.000,0.600,0.000,0.000,-3.443,-2.388
134.41,0.685,0,1.772,2.309,0,0.600,0.000,0.000,0.600,0.000,0.000,-3.447,-2.446
134.61,0.685,0,1.042,2.018,0,0.000,-0.600,0.000,0.000,-0.428,0.000,-3.414,-2.541
134.81,0.693,0,1.042,2.018,0,0.000,-0.600,0.000,0.000,-0.440,0.000,-3.414,-2.541
135.01,0.116,0,0.848,1.822,0,0.000,-0.600,0.000,0.000,-0.408,0.000,-3.340,-2.622
135.21,0.656,0,0.848,1.822,0,0.000,-0.600,0.000,0.000,-0.384,0.000,0.000,0.000
135.41,0.656,1,0.848,1.822,0,-0.600,0.000,0.000,0.000,0.000,0.000,-3.340,-2.622
135.61,0.116,1,1.266,1.941,0,-0.600,0.000,0.000,0.000,0.000,0.000,-3.340,-2.622
135.81,0.115,0,1.266,1.941,0,0.000,0.000,0.000,0.000,0.000,0.000,-3.346,-2.602
136.01,0.645,0,1.523,1.963,0,-0.600,0.000,0.000,-0.511,0.000,0.000,-3.348,-2.615
136.21,0.646,0,1.523,1.963,0,-0.600,0.000,0.000,-0.503,0.000,0.000,-3.347,-2.613
136.41,0.646,0,1.523,1.963,0,0.000,0.000,0.000,0.000,0.000,0.000,-3.354,-2.561
136.61,0.638,0,1.436,2.050,0,0.000,0.000,0.000,0.000,0.000,0.000,-3.354,-2.561
136.81,0.116,0,1.436,2.050,0,0.600,0.000,0.000,0.600,0.000,0.000,-3.369,-2.494
137.01,0.578,0,1.608,2.188,0,0.600,0.000,0.000,0.600,0.000,0.000,-3.419,-2.401
137.21,0.613,0,1.608,2.188,0,0.000,0.000,0.000,0.000,0.000,0.000,-3.426,-2.416
137.41,0.613,0,1.608,2.188,0,-0.600,0.000,0.000,-0.361,0.000,0.000,-3.436,-2.462
137.61,0.628,0,1.540,1.885,0,-0.600,0.000,0.000,-0.600,0.000,0.000,-3.436,-2.462
137.81,0.626,0,1.540,1.885,0,0.000,0.000,0.000,0.000,0.000,0.000,-3.388,-2.500
138.01,0.589,0,1.247,1.435,1,-0.600,0.000,0.000,-0.600,0.000,0.000,-3.397,-2.435
138.21,0.589,0,1.247,1.435,1,0.000,0.000,0.000,0.000,0.000,0.000,-3.407,-2.384
138.41,0.115,0,1.247,1.435,1,0.000,0.000,0.000,0.000,0.000,0.000,-3.407,-2.384
138.61,0.465,0,1.003,1.125,1,0.000,0.000,0.000,0.000,0.000,0.000,-3.430,-2.282
138.81,0.419,0,1.003,1.125,1,0.000,0.000,0.000,0.000,0.000,0.000,-3.494,-2.153
139.01,0.395,0,1.083,1.096,1,0.000,0.000,0.000,0.000,0.000,0.000,-3.535,-2.084
139.21,0.395,0,1.083,1.096,1,0.000,0.000,0.000,0.000,0.000,0.000,-3.570,-2.027
139.41,0.115,0,1.083,1.096,1,0.000,0.000,0.000,0.000,0.000,0.000,-3.570,-2.027
139.61,0.383,0,1.014,1.031,1,0.000,0.000,0.000,0.000,0.000,0.000,-3.566,-2.010
139.81,0.406,0,1.014,1.031,1,0.000,0.000,0.000,0.000,0.000,0.000,-3.569,-2.014
140.01,0.411,0,0.811,0.803,1,0.000,0.000,0.000,0.000,0.000,0.000,-3.573,-2.013
140.21,0.411,0,0.811,0.803,1,0.600,0.000,0.000,0.499,0.000,0.000,-3.574,-2.010
140.41,0.409,0,0.811,0.803,1,0.600,0.000,0.000,0.408,0.000,0.000,-3.574,-2.010
140.61,0.410,0,0.678,0.751,1,0.000,0.000,0.000,0.000,0.000,0.000,-3.572,-2.017
140.81,0.425,0,0.678,0.751,1,0.600,0.000,0.000,0.384,0.000,0.000,-3.554,-2.047
141.01,0.425,0,0.662,0.671,1,0.600,0.000,0.000,0.314,0.000,0.000,-3.538,-2.092
141.21,0.116,0,0.662,0.671,1,0.600,0.000,0.000,0.314,0.000,0.000,-3.538,-2.092
141.41,0.115,0,0.662,0.671,1,0.600,0.000,0.000,0.191,0.000,0.000,-3.517,-2.152
141.61,0.412,0,0.535,0.528,1,0.600,0.000,0.000,0.018,0.000,0.000,-3.472,-2.255
141.81,0.286,1,0.535,0.528,1,0.600,0.000,0.000,0.000,0.000,0.000,-3.422,-2.362
142.01,0.286,1,0.300,0.429,1,0.600,0.000,0.000,0.000,0.000,0.000,-3.397,-2.450
142.21,0.115,1,0.300,0.429,1,0.600,0.000,0.000,0.000,0.000,0.000,-3.397,-2.450
142.41,0.116,1,0.300,0.429,1,0.600,0.000,0.000,0.000,0.000,0.000,-3.368,-2.460
142.61,0.252,0,0.269,0.420,1,-0.600,0.000,0.000,-0.457,0.000,0.000,-3.365,-2.474
142.81,0.250,0,0.269,0.420,1,-0.600,0.000,0.000,-0.451,0.000,0.000,-3.366,-2.469
143.01,0.250,0,0.266,0.413,1,0.000,0.000,0.000,0.000,0.000,0.000,-3.366,-2.469
143.21,0.275,1,0.266,0.413,1,0.600,0.000,0.000,0.000,0.000,0.000,-3.374,-2.442
143.41,0.329,1,0.266,0.413,1,0.600,0.000,0.000,0.000,0.000,0.000,-3.392,-2.394
143.61,0.361,0,0.341,0.410,1,0.000,0.000,0.000,0.000,0.000,0.000,-3.410,-2.356
143.81,0.361,1,0.341,0.410,1,0.600,0.000,0.000,0.000,0.000,0.000,-3.418,-2.348
144.01,0.336,1,0.348,0.408,1,0.600,0.000,0.000,0.000,0.000,0.000,-3.418,-2.348
144.21,0.333,1,0.348,0.408,1,0.600,0.000,0.000,0.000,0.000,0.000,-3.413,-2.348
144.41,0.326,1,0.348,0.408,1,0.600,0.000,0.000,0.000,0.000,0.000,-3.415,-2.347
144.61,0.312,1,0.338,0.411,1,0.600,0.000,0.000,0.000,0.000,0.000,-3.414,-2.350
144.81,0.312,0,0.338,0.411,1,-0.600,0.000,0.000,-0.546,0.000,0.000,-3.410,-2.351
145.01,0.340,0,0.352,0.401,1,-0.600,0.000,0.000,-0.526,0.000,0.000,-3.410,-2.351
145.21,0.393,0,0.352,0.401,1,0.000,0.000,0.000,0.000,0.000,0.000,-3.413,-2.344
145.41,0.512,0,0.352,0.401,1,0.000,0.000,0.000,0.000,0.000,0.000,-3.436,-2.281
145.61,0.516,0,0.520,0.597,1,0.000,0.000,0.000,0.000,0.000,0.000,-3.461,-2.246
145.81,0.516,0,0.520,0.597,1,0.600,0.000,0.000,0.518,0.000,0.000,-3.461,-2.246
146.01,0.528,0,0.750,0.734,1,0.000,0.000,0.000,0.000,0.000,0.000,-3.461,-2.236
146.21,0.534,0,0.750,0.734,1,0.600,0.000,0.000,0.436,0.000,0.000,-3.454,-2.245
146.41,0.593,0,0.750,0.734,1,0.600,0.000,0.000,0.363,0.000,0.000,-3.443,-2.311
146.61,0.593,0,0.648,0.626,1,0.000,0.000,0.000,0.000,0.000,0.000,-3.414,-2.383
146.81,0.560,0,0.648,0.626,1,0.000,0.000,0.000,0.000,0.000,0.000,-3.414,-2.383
147.01,0.444,0,0.453,0.418,1,0.000,0.000,0.000,0.000,0.000,0.000,-3.385,-2.482
147.21,0.359,0,0.453,0.418,1,0.000,0.000,0.000,0.000,0.000,0.000,-3.353,-2.585
147.41,0.115,0,0.453,0.418,1,0.000,0.000,0.000,0.000,0.000,0.000,-3.341,-2.628
147.61,0.115,0,0.456,0.514,1,0.600,0.000,0.000,0.071,0.000,0.000,-3.346,-2.638
147.81,0.480,0,0.456,0.514,1,0.600,0.000,0.000,0.120,0.000,0.000,-3.346,-2.638
148.01,0.115,0,0.282,0.498,0,0.000,0.000,0.000,0.000,0.000,0.000,-3.337,-2.638
148.21,0.449,0,0.282,0.498,0,0.600,0.000,0.000,0.074,0.000,0.000,-3.344,-2.644
148.41,0.310,0,0.282,0.498,0,0.600,0.000,0.000,0.600,0.000,0.000,-3.337,-2.649
148.61,0.310,0,0.843,0.407,0,0.600,0.000,0.000,0.600,0.000,0.000,-3.337,-2.649
148.81,0.226,1,0.843,0.407,0,0.600,0.000,0.000,0.000,0.000,0.000,-3.340,-2.633
149.01,0.215,1,0.234,0.403,1,0.600,0.000,0.000,0.000,0.000,0.000,-3.365,-2.663
149.21,0.115,1,0.234,0.403,1,-0.600,0.000,0.000,0.000,0.000,0.000,-3.268,-2.652
149.41,0.115,0,0.234,0.403,1,-0.600,0.000,0.000,-0.600,0.000,0.000,-3.352,-2.738
149.61,0.177,0,0.199,0.400,0,0.000,0.000,0.000,0.000,0.000,0.000,-3.352,-2.738
149.81,0.186,0,0.199,0.400,0,-0.600,0.000,0.000,-0.600,0.000,0.000,-3.424,-2.751
150.01,0.208,0,0.227,0.414,1,-0.600,0.000,0.000,-0.600,0.000,0.000,-3.434,-2.702
150.21,0.304,0,0.227,0.414,1,-0.600,0.000,0.000,-0.600,0.000,0.000,-3.344,-2.619
150.41,0.304,0,0.227,0.414,1,0.000,0.000,0.000,0.000,0.000,0.000,-3.312,-2.464
150.61,0.434,0,0.443,0.489,1,0.000,0.000,0.000,0.000,0.000,0.000,-3.312,-2.464
150.81,0.568,0,0.443,0.489,1,0.600,0.000,0.000,0.253,0.000,0.000,-3.264,-2.264
151.01,0.721,0,0.727,0.764,1,0.000,0.000,0.000,0.000,0.000,0.000,-3.269,-2.088
151.21,0.637,0,0.727,0.764,1,0.000,0.000,0.000,0.000,0.000,0.000,-3.272,-2.029
151.41,0.637,0,0.727,0.764,1,0.000,0.000,0.000,0.000,0.000,0.000,-3.272,-2.029
151.61,0.630,0,0.767,0.791,1,0.000,0.000,0.000,0.000,0.000,0.000,-3.253,-2.044
151.81,0.628,0,0.767,0.791,1,0.000,0.000,0.000,0.000,0.000,0.000,-3.259,-2.041
152.01,0.630,0,0.836,0.791,1,0.600,0.000,0.000,0.600,0.000,0.000,-3.264,-2.042
152.21,0.630,0,0.836,0.791,1,0.600,0.000,0.000,0.600,0.000,0.000,-3.271,-2.046
152.41,0.628,0,0.836,0.791,1,0.600,0.000,0.000,0.600,0.000,0.000,-3.271,-2.046
152.61,0.658,0,0.700,0.743,1,0.600,0.000,0.000,0.441,0.000,0.000,-3.255,-2.107
152.81,0.115,0,0.700,0.743,1,0.000,0.000,0.000,0.000,0.000,0.000,-3.277,-2.179
153.01,0.507,0,0.514,0.517,1,0.000,0.000,0.000,0.000,0.000,0.000,-3.296,-2.313
153.21,0.507,0,0.514,0.517,1,0.000,0.000,0.000,0.000,0.000,0.000,-3.307,-2.433
153.41,0.441,0,0.514,0.517,1,0.000,0.000,0.000,0.000,0.000,0.000,-3.307,-2.433
153.61,0.357,0,0.369,0.404,1,0.000,0.000,0.000,0.000,0.000,0.000,-3.318,-2.510
153.81,0.342,0,0.369,0.404,1,0.000,0.000,0.000,0.000,0.000,0.000,-3.326,-2.561
154.01,0.336,0,0.354,0.405,1,0.000,0.000,0.000,0.000,0.000,0.000,-3.332,-2.569
154.21,0.336,0,0.354,0.405,1,0.000,0.000,0.000,0.000,0.000,0.000,-3.332,-2.569
154.41,0.332,0,0.354,0.405,1,0.000,0.000,0.000,0.000,0.000,0.000,-3.327,-2.567
154.61,0.328,0,0.344,0.403,1,0.000,0.000,0.000,0.000,0.000,0.000,-3.323,-2.574
154.81,0.329,0,0.344,0.403,1,0.000,0.000,0.000,0.000,0.000,0.000,-3.325,-2.578
155.01,0.329,0,0.341,0.404,1,0.000,0.000,0.000,0.000,0.000,0.000,-3.334,-2.576
155.21,0.321,0,0.341,0.404,1,0.000,0.000,0.000,0.000,0.000,0.000,-3.334,-2.576
155.41,0.325,0,0.341,0.404,1,0.000,0.000,0.000,0.000,0.000,0.000,-3.322,-2.569
155.61,0.328,0,0.337,0.403,1,0.000,0.000,0.000,0.000,0.000,0.000,-3.328,-2.578
155.81,0.115,0,0.337,0.403,1,0.000,0.000,0.000,0.000,0.000,0.000,-3.328,-2.581
156.01,0.115,0,0.307,0.404,1,0.000,0.000,0.000,0.000,0.000,0.000,-3.327,-2.576
156.21,0.324,0,0.307,0.404,1,0.000,0.000,0.000,0.000,0.000,0.000,-3.327,-2.576
156.41,0.321,0,0.307,0.404,1,0.000,0.000,0.000,0.000,0.000,0.000,-3.325,-2.576
156.61,0.320,0,0.333,0.404,1,0.000,0.000,0.000,0.000,0.000,0.000,-3.326,-2.575
156.81,0.317,0,0.333,0.404,1,0.000,0.000,0.000,0.000,0.000,0.000,-3.329,-2.571
157.01,0.317,0,0.330,0.408,1,0.000,0.000,0.000,0.000,0.000,0.000,-3.329,-2.571
157.21,0.318,0,0.330,0.408,1,0.000,0.000,0.000,0.000,0.000,0.000,-3.327,-2.574
157.41,0.313,0,0.330,0.408,1,0.000,0.000,0.000,0.000,0.000,0.000,-3.326,-2.569
157.61,0.320,0,0.326,0.404,1,0.000,0.000,0.000,0.000,0.000,0.000,-3.329,-2.568
157.81,0.320,0,0.326,0.404,1,0.000,0.000,0.000,0.000,0.000,0.000,-3.329,-2.563
158.01,0.115,0,0.330,0.404,1,0.000,0.000,0.000,0.000,0.000,0.000,-3.329,-2.563
158.21,0.317,0,0.330,0.404,1,0.000,0.000,0.000,0.000,0.000,0.000,-3.323,-2.570
158.41,0.312,0,0.330,0.404,1,0.000,0.000,0.000,0.000,0.000,0.000,-3.331,-2.573
158.61,0.317,0,0.325,0.404,1,0.000,0.000,0.000,0.000,0.000,0.000,-3.334,-2.565
158.81,0.317,0,0.325,0.404,1,0.000,0.000,0.000,0.000,0.000,0.000,-3.327,-2.565
159.01,0.314,0,0.327,0.406,1,-0.600,0.000,0.000,-0.600,0.000,0.000,-3.327,-2.565
159.21,0.310,0,0.327,0.406,1,-0.600,0.000,0.000,-0.600,0.000,0.000,-3.326,-2.570
159.41,0.326,0,0.327,0.406,1,0.000,0.000,0.000,0.000,0.000,0.000,-3.329,-2.566
159.61,0.394,0,0.338,0.400,1,0.000,0.000,0.000,0.000,0.000,0.000,-3.318,-2.499
159.81,0.394,0,0.338,0.400,1,0.000,0.000,0.000,0.000,0.000,0.000,-3.318,-2.499
160.01,0.408,0,0.418,0.466,1,0.000,0.000,0.000,0.000,0.000,0.000,-3.296,-2.415
160.21,0.116,0,0.418,0.466,1,0.000,0.000,0.000,0.000,0.000,0.000,-3.289,-2.379
160.41,0.474,0,0.418,0.466,1,0.000,-0.600,0.000,0.000,-0.111,0.000,-3.299,-2.353
160.61,0.474,0,0.490,0.508,1,0.000,-0.600,0.000,0.000,-0.119,0.000,-3.299,-2.358
160.81,0.479,0,0.490,0.508,1,0.000,0.000,0.000,0.000,0.000,0.000,-3.299,-2.358
161.01,0.474,0,0.482,0.512,1,0.000,0.000,0.000,0.000,0.000,0.000,-3.299,-2.353
161.21,0.466,0,0.482,0.512,1,0.000,-0.600,0.000,0.000,-0.102,0.000,-3.290,-2.357
161.41,0.459,0,0.482,0.512,1,0.000,0.000,0.000,0.000,0.000,0.000,-3.298,-2.358
161.61,0.459,0,0.488,0.509,1,0.000,-0.600,0.000,0.000,-0.090,0.000,-3.294,-2.360
161.81,0.460,0,0.488,0.509,1,0.000,0.600,0.000,0.000,0.600,0.000,-3.294,-2.360
162.01,0.460,0,0.469,0.504,1,0.000,0.600,0.000,0.000,0.600,0.000,-3.295,-2.358
162.21,0.475,0,0.469,0.504,1,0.000,0.000,0.000,0.000,0.000,0.000,-3.297,-2.351
162.41,0.506,0,0.469,0.504,1,0.000,0.000,0.000,0.000,0.000,0.000,-3.270,-2.351
162.61,0.506,0,0.518,0.483,1,0.000,0.000,0.000,0.000,0.000,0.000,-3.270,-2.351
162.81,0.503,0,0.518,0.483,1,0.000,0.000,0.000,0.000,0.000,0.000,-3.252,-2.366
163.01,0.442,0,0.451,0.474,1,0.000,0.000,0.000,0.000,0.000,0.000,-3.261,-2.364
163.21,0.116,0,0.451,0.474,1,0.000,0.000,0.000,0.000,0.000,0.000,-3.258,-2.368
163.41,0.116,0,0.451,0.474,1,0.000,0.000,0.000,0.000,0.000,0.000,-3.251,-2.369
163.61,0.451,0,0.460,0.484,1,0.000,0.000,0.000,0.000,0.000,0.000,-3.251,-2.369
163.81,0.438,0,0.460,0.484,1,0.000,0.000,0.000,0.000,0.000,0.000,-3.260,-2.364
164.01,0.499,0,0.510,0.476,1,0.000,0.000,0.000,0.000,0.000,0.000,-3.262,-2.365
164.21,0.492,0,0.510,0.476,1,0.000,0.000,0.000,0.000,0.000,0.000,-3.260,-2.368
164.41,0.492,0,0.510,0.476,1,0.000,0.000,0.000,0.000,0.000,0.000,-3.259,-2.366
164.61,0.492,0,0.500,0.471,1,0.000,0.000,0.000,0.000,0.000,0.000,-3.259,-2.366
164.81,0.440,0,0.500,0.471,1,0.000,0.000,0.000,0.000,0.000,0.000,-3.255,-2.365
165.01,0.498,0,0.521,0.477,1,0.000,0.000,0.000,0.000,0.000,0.000,-3.254,-2.372
165.21,0.496,0,0.521,0.477,1,0.000,0.000,0.000,0.000,0.000,0.000,-3.257,-2.369
165.41,0.496,0,0.521,0.477,1,0.000,0.000,0.000,0.000,0.000,0.000,-3.257,-2.369
165.61,0.449,0,0.458,0.480,1,0.000,0.000,0.000,0.000,0.000,0.000,-3.252,-2.363
165.81,0.379,0,0.458,0.480,1,0.000,0.000,0.000,0.000,0.000,0.000,-3.253,-2.367
166.01,0.300,0,0.443,0.481,1,0.000,0.000,0.000,0.000,0.000,0.000,-3.265,-2.365
166.21,0.300,0,0.443,0.481,1,0.000,0.000,0.000,0.000,0.000,0.000,-3.263,-2.359
166.41,0.440,0,0.443,0.481,1,0.000,0.000,0.000,0.000,0.000,0.000,-3.263,-2.359
166.61,0.440,0,0.450,0.482,1,0.000,0.000,0.000,0.000,0.000,0.000,-3.248,-2.370
166.81,0.510,0,0.450,0.482,1,0.000,0.000,0.000,0.000,0.000,0.000,-3.255,-2.367
167.01,0.445,0,0.454,0.477,1,0.000,0.000,0.000,0.000,0.000,0.000,-3.253,-2.371
167.21,0.445,0,0.454,0.477,1,0.000,0.000,0.000,0.000,0.000,0.000,-3.249,-2.366
167.41,0.442,0,0.454,0.477,1,0.000,0.000,0.000,0.000,0.000,0.000,-3.249,-2.366
167.61,0.503,0,0.452,0.477,1,0.000,0.000,0.000,0.000,0.000,0.000,-3.251,-2.370
167.81,0.507,0,0.452,0.477,1,0.000,0.000,0.000,0.000,0.000,0.000,-3.253,-2.372
168.01,0.115,0,0.515,0.527,1,0.000,0.000,0.000,0.000,0.000,0.000,-3.257,-2.380
168.21,0.115,0,0.515,0.527,1,0.000,0.000,0.000,0.000,0.000,0.000,-3.257,-2.380
168.41,0.496,0,0.515,0.527,1,0.000,0.000,0.000,0.000,0.000,0.000,-3.250,-2.373
168.61,0.436,0,0.504,0.476,1,0.000,0.000,0.000,0.000,0.000,0.000,-3.245,-2.380
168.81,0.462,0,0.504,0.476,1,0.000,0.000,0.000,0.000,0.000,0.000,-3.256,-2.376
169.01,0.462,0,0.471,0.521,1,0.000,0.000,0.000,0.000,0.000,0.000,-3.258,-2.371
169.21,0.489,0,0.471,0.521,1,0.000,0.000,0.000,0.000,0.000,0.000,-3.258,-2.371
169.41,0.515,0,0.471,0.521,1,0.000,0.000,0.000,0.000,0.000,0.000,-3.266,-2.369
169.61,0.517,0,0.523,0.556,1,0.000,0.000,0.000,0.000,0.000,0.000,-3.250,-2.366
169.81,0.115,0,0.523,0.556,1,0.000,0.000,0.000,0.000,0.000,0.000,-3.257,-2.373
170.01,0.115,0,0.524,0.557,1,0.000,0.000,0.000,0.000,0.000,0.000,-3.261,-2.365
170.21,0.517,0,0.524,0.557,1,0.000,0.000,0.000,0.000,0.000,0.000,-3.261,-2.365
170.41,0.514,0,0.524,0.557,1,0.000,0.000,0.000,0.000,0.000,0.000,-3.255,-2.369
170.61,0.514,0,0.522,0.557,1,0.000,0.000,0.000,0.000,0.000,0.000,-3.256,-2.369
170.81,0.511,0,0.522,0.557,1,0.000,0.000,0.000,0.000,0.000,0.000,-3.255,-2.370
171.01,0.511,0,0.519,0.548,1,0.000,0.000,0.000,0.000,0.000,0.000,-3.255,-2.370
171.21,0.497,0,0.519,0.548,1,0.000,0.000,0.000,0.000,0.000,0.000,-3.253,-2.372
171.41,0.502,0,0.519,0.548,1,0.000,0.000,0.000,0.000,0.000,0.000,-3.249,-2.368
171.61,0.505,0,0.510,0.551,1,0.000,0.000,0.000,0.000,0.000,0.000,-3.248,-2.372
171.81,0.505,0,0.510,0.551,1,0.000,0.000,0.000,0.000,0.000,0.000,-3.259,-2.366
172.01,0.513,0,0.521,0.557,1,0.000,0.000,0.000,0.000,0.000,0.000,-3.259,-2.366
172.21,0.515,0,0.521,0.557,1,0.000,0.000,0.000,0.000,0.000,0.000,-3.257,-2.368
172.41,0.116,0,0.521,0.557,1,0.000,0.000,0.000,0.000,0.000,0.000,-3.260,-2.365
172.61,0.116,0,0.440,0.494,1,0.000,0.000,0.000,0.000,0.000,0.000,-3.259,-2.367
172.81,0.116,0,0.440,0.494,1,0.000,0.000,0.000,0.000,0.000,0.000,-3.255,-2.370
173.01,0.426,0,0.435,0.492,1,0.000,0.000,0.000,0.000,0.000,0.000,-3.255,-2.370
173.21,0.436,0,0.435,0.492,1,0.000,0.000,0.000,0.000,0.000,0.000,-3.256,-2.371
173.41,0.428,0,0.435,0.492,1,0.000,0.000,0.000,0.000,0.000,0.000,-3.256,-2.370
173.61,0.419,0,0.437,0.475,1,0.000,0.000,0.000,0.000,0.000,0.000,-3.256,-2.371
173.81,0.419,0,0.437,0.475,1,0.000,0.000,0.000,0.000,0.000,0.000,-3.256,-2.371
174.01,0.115,0,0.426,0.475,1,0.000,0.000,0.000,0.000,0.000,0.000,-3.255,-2.367
174.21,0.414,0,0.426,0.475,1,0.000,0.000,0.000,0.000,0.000,0.000,-3.255,-2.366
174.41,0.414,0,0.426,0.475,1,0.000,0.000,0.000,0.000,0.000,0.000,-3.259,-2.369
174.61,0.414,0,0.424,0.472,1,0.000,0.000,0.000,0.000,0.000,0.000,-3.260,-2.369
174.81,0.411,0,0.424,0.472,1,0.000,0.000,0.000,0.000,0.000,0.000,-3.260,-2.369
175.01,0.399,0,0.409,0.464,1,0.000,0.000,0.000,0.000,0.000,0.000,-3.261,-2.364
175.21,0.410,0,0.409,0.464,1,0.000,0.000,0.000,0.000,0.000,0.000,-3.256,-2.373
175.41,0.368,0,0.409,0.464,1,0.000,0.000,0.000,0.000,0.000,0.000,-3.254,-2.373
175.61,0.368,0,0.379,0.439,1,0.000,0.000,0.000,0.000,0.000,0.000,-3.261,-2.367
175.81,0.482,0,0.379,0.439,1,0.000,0.000,0.000,0.000,0.000,0.000,-3.261,-2.367
176.01,0.234,0,0.258,0.527,0,0.000,0.000,0.000,0.000,0.000,0.000,-3.257,-2.371
176.21,0.250,0,0.258,0.527,0,0.000,0.000,0.000,0.000,0.000,0.000,-3.254,-2.374
176.41,0.250,0,0.258,0.527,0,0.000,0.000,0.000,0.000,0.000,0.000,-3.268,-2.366
176.61,0.115,0,0.432,0.471,1,0.000,0.000,0.000,0.000,0.000,0.000,-3.268,-2.366
176.81,0.225,0,0.432,0.471,1,0.000,0.000,0.000,0.000,0.000,0.000,-3.257,-2.366
177.01,0.230,0,1.353,1.114,0,0.000,0.000,0.000,0.000,0.000,0.000,-3.258,-2.368
177.21,0.248,0,1.353,1.114,0,0.000,0.000,0.000,0.000,0.000,0.000,-3.257,-2.376
177.41,0.248,0,1.353,1.114,0,0.000,-0.600,0.000,0.000,-0.597,0.000,-3.261,-2.375
177.61,0.412,0,1.354,1.103,0,0.000,-0.600,0.000,0.000,-0.597,0.000,-3.261,-2.375
177.81,0.115,0,1.354,1.103,0,0.000,0.000,0.000,0.000,0.000,0.000,-3.267,-2.361
178.01,0.761,0,1.103,1.067,1,0.000,0.000,0.000,0.000,0.000,0.000,-3.288,-2.396
178.21,0.758,0,1.103,1.067,1,0.000,-0.600,0.000,0.000,-0.537,0.000,-3.303,-2.369
178.41,0.758,0,1.103,1.067,1,0.000,0.000,0.000,0.000,0.000,0.000,-3.292,-2.399
178.61,0.755,0,1.318,1.088,0,0.000,0.000,0.000,0.000,0.000,0.000,-3.292,-2.399
178.81,0.729,0,1.318,1.088,0,-0.600,0.000,0.000,-0.600,0.000,0.000,-3.315,-2.392
179.01,0.736,0,0.992,1.081,1,-0.600,0.000,0.000,-0.600,0.000,0.000,-3.315,-2.403
179.21,0.736,0,0.992,1.081,1,0.000,0.000,0.000,0.000,0.000,0.000,-3.311,-2.346
179.41,0.772,0,0.992,1.081,1,0.000,0.000,0.000,0.000,0.000,0.000,-3.311,-2.346
179.61,0.825,0,0.879,1.236,0,0.000,0.600,0.000,0.000,0.600,0.000,-3.314,-2.225
179.81,0.655,0,0.879,1.236,0,0.000,0.600,0.000,0.000,0.600,0.000,-3.318,-2.167
180.01,0.711,0,0.759,1.301,0,0.000,0.600,0.000,0.000,0.600,0.000,-3.317,-2.115
180.21,0.711,0,0.759,1.301,0,0.000,0.600,0.000,0.000,0.600,0.000,-3.291,-2.119
180.41,0.721,0,0.759,1.301,0,0.600,0.000,0.000,0.482,0.000,0.000,-3.291,-2.119
180.61,0.701,0,0.753,1.369,0,0.600,0.000,0.000,0.522,0.000,0.000,-3.296,-2.108
180.81,0.695,0,0.753,1.369,0,0.000,0.000,0.000,0.000,0.000,0.000,-3.301,-2.111
181.01,0.747,0,1.447,2.030,0,0.000,0.000,0.000,0.000,0.000,0.000,-3.296,-2.203
181.21,0.747,0,1.447,2.030,0,-0.600,0.000,0.000,-0.520,0.000,0.000,-3.297,-2.266
181.41,0.819,0,1.447,2.030,0,-0.600,0.000,0.000,-0.600,0.000,0.000,-3.297,-2.266
181.61,0.821,0,1.407,1.984,0,0.000,0.000,0.000,0.000,0.000,0.000,-3.286,-2.274
181.81,0.842,0,1.407,1.984,0,0.000,0.000,0.000,0.000,0.000,0.000,-3.295,-2.205
182.01,0.775,0,0.946,1.328,0,0.000,0.000,0.000,0.000,0.000,0.000,-3.305,-2.158
182.21,0.775,0,0.946,1.328,0,0.000,0.600,0.000,0.000,0.600,0.000,-3.305,-2.158
182.41,0.734,0,0.946,1.328,0,0.000,0.600,0.000,0.000,0.600,0.000,-3.302,-2.135
182.61,0.726,0,0.803,1.304,0,0.000,0.000,0.000,0.000,0.000,0.000,-3.307,-2.133
182.81,0.116,0,0.803,1.304,0,0.000,0.600,0.000,0.000,0.600,0.000,-3.272,-2.147
183.01,0.116,0,1.511,2.140,0,0.000,0.600,0.000,0.000,0.600,0.000,-3.280,-2.148
183.21,0.116,0,1.511,2.140,0,0.000,0.000,0.000,0.000,0.000,0.000,-3.280,-2.148
183.41,0.728,0,1.511,2.140,0,0.000,0.600,0.000,0.000,0.600,0.000,-3.286,-2.136
183.61,0.738,0,0.800,2.128,0,0.000,0.600,0.000,0.000,0.600,0.000,-3.285,-2.145
183.81,0.732,0,0.800,2.128,0,0.000,0.600,0.000,0.000,0.600,0.000,-3.288,-2.139
184.01,0.732,0,0.798,2.133,0,0.000,0.600,0.000,0.000,0.600,0.000,-3.283,-2.137
184.21,0.735,0,0.798,2.133,0,0.000,0.600,0.000,0.000,0.600,0.000,-3.283,-2.137
184.41,0.728,0,0.798,2.133,0,0.000,0.600,0.000,0.000,0.600,0.000,-3.287,-2.134
184.61,0.732,0,0.799,2.127,0,0.000,0.000,0.000,0.000,0.000,0.000,-3.290,-2.134
184.81,0.735,0,0.799,2.127,0,0.000,-0.600,0.000,0.000,-0.600,0.000,-3.290,-2.137
185.01,0.735,0,0.797,2.132,0,0.000,0.000,0.000,0.000,0.000,0.000,-3.290,-2.137
185.21,0.729,0,0.797,2.132,0,0.000,0.000,0.000,0.000,0.000,0.000,-3.289,-2.160
185.41,0.750,0,0.797,2.132,0,0.600,0.000,0.000,0.600,0.000,0.000,-3.287,-2.159
185.61,0.759,0,1.505,2.167,0,-0.600,0.000,0.000,-0.539,0.000,0.000,-3.305,-2.163
185.81,0.759,0,1.505,2.167,0,-0.600,0.000,0.000,-0.539,0.000,0.000,-3.313,-2.200
186.01,0.772,0,1.461,2.086,0,0.000,0.000,0.000,0.000,0.000,0.000,-3.313,-2.200
186.21,0.833,0,1.461,2.086,0,0.000,0.000,0.000,0.000,0.000,0.000,-3.292,-2.228
186.41,0.116,0,1.461,2.086,0,0.000,0.000,0.000,0.000,0.000,0.000,-3.298,-2.189
186.61,0.758,0,1.483,2.170,0,0.000,0.000,-9.000,0.000,0.000,-9.000,-3.304,-2.152
186.81,0.758,0,1.483,2.170,0,0.000,0.000,0.000,0.000,0.000,0.000,-3.333,-2.151
187.01,0.759,0,1.472,1.254,0,0.000,0.000,-9.000,0.000,0.000,-9.000,-3.333,-2.151
187.21,0.116,0,1.472,1.254,0,0.000,0.000,-9.000,0.000,0.000,-9.000,0.000,0.000
187.41,0.115,0,1.472,1.254,0,0.000,0.000,0.000,0.000,0.000,0.000,-3.333,-2.151
187.61,0.116,0,0.822,1.191,0,0.000,0.000,0.000,0.000,0.000,0.000,0.000,0.000
187.81,0.116,0,0.822,1.191,0,0.000,0.000,0.000,0.000,0.000,0.000,-3.333,-2.151
188.01,0.695,0,0.701,0.792,1,0.000,0.000,0.000,0.000,0.000,0.000,-3.333,-2.151
188.21,0.695,1,0.701,0.792,1,0.000,0.000,-9.000,0.000,0.000,0.000,-3.312,-2.157
188.41,0.695,0,0.701,0.792,1,0.000,0.000,-9.000,0.000,0.000,-9.000,-3.315,-2.168
188.61,0.695,0,0.701,0.793,1,0.000,0.000,0.000,0.000,0.000,0.000,-3.347,-2.145
188.81,0.695,0,0.701,0.793,1,0.000,0.000,0.000,0.000,0.000,0.000,-3.347,-2.145
189.01,0.691,0,0.697,0.769,1,0.000,0.000,9.000,0.000,0.000,9.000,-3.364,-2.168
189.21,0.691,0,0.697,0.769,1,0.000,0.000,0.000,0.000,0.000,0.000,-3.334,-2.180
189.41,0.715,0,0.697,0.769,1,0.000,0.000,0.000,0.000,0.000,0.000,0.000,0.000
189.61,0.715,0,0.771,1.144,0,0.000,0.000,0.000,0.000,0.000,0.000,-3.334,-2.180
189.81,0.747,0,0.771,1.144,0,0.000,0.000,0.000,0.000,0.000,0.000,-3.334,-2.180
190.01,0.115,0,0.842,0.998,1,0.000,0.000,9.000,0.000,0.000,9.000,-3.362,-2.046
190.21,0.115,0,0.842,0.998,1,0.000,0.000,9.000,0.000,0.000,9.000,-3.345,-2.067
190.41,0.792,0,0.842,0.998,1,0.000,0.000,0.000,0.000,0.000,0.000,0.000,0.000
190.61,0.792,0,0.800,0.829,1,0.000,0.000,0.000,0.000,0.000,0.000,-3.345,-2.067
190.81,0.794,0,0.800,0.829,1,0.000,0.000,0.000,0.000,0.000,0.000,-3.345,-2.067
191.01,0.116,1,1.064,1.161,1,0.000,0.000,9.000,0.000,0.000,0.000,0.000,0.000
191.21,0.116,1,1.064,1.161,1,0.000,0.000,9.000,0.000,0.000,0.000,-3.345,-2.067
191.41,0.812,0,1.064,1.161,1,0.000,0.000,0.000,0.000,0.000,0.000,-3.344,-2.068
191.61,0.812,0,1.419,1.148,0,0.000,0.600,0.000,0.000,0.600,0.000,-3.342,-2.068
191.81,0.811,0,1.419,1.148,0,0.000,0.600,0.000,0.000,0.600,0.000,-3.342,-2.068
192.01,0.817,0,1.424,1.152,0,0.000,0.000,0.000,0.000,0.000,0.000,-3.351,-2.042
192.21,0.115,0,1.424,1.152,0,0.000,0.000,0.000,0.000,0.000,0.000,-3.342,-2.021
192.41,0.115,0,1.424,1.152,0,0.000,0.000,9.000,0.000,0.000,9.000,-3.322,-2.060
192.61,0.116,0,0.851,1.200,0,0.000,0.000,0.000,0.000,0.000,0.000,-3.322,-2.060
192.81,0.818,0,0.851,1.200,0,0.000,0.000,0.000,0.000,0.000,0.000,-3.336,-2.018
193.01,0.801,0,2.678,1.506,0,0.000,0.000,0.000,0.000,0.000,0.000,0.000,0.000
193.21,0.763,0,2.678,1.506,0,0.000,0.000,0.000,0.000,0.000,0.000,-3.336,-2.018
193.41,0.763,0,2.678,1.506,0,-0.600,0.000,0.000,-0.600,0.000,0.000,-3.361,-2.010
193.61,0.763,0,1.254,1.502,0,0.000,0.000,0.000,0.000,0.000,0.000,-3.361,-2.010
193.81,0.758,0,1.254,1.502,0,0.000,0.000,0.000,0.000,0.000,0.000,-3.338,-2.021
194.01,0.749,0,1.130,1.621,0,0.600,0.000,0.000,0.600,0.000,0.000,-3.353,-1.934
194.21,0.747,0,1.130,1.621,0,0.600,0.000,0.000,0.600,0.000,0.000,-3.358,-1.871
194.41,0.747,0,1.130,1.621,0,0.000,0.000,0.000,0.000,0.000,0.000,-3.359,-1.895
194.61,0.746,0,1.042,1.608,0,0.600,0.000,0.000,0.600,0.000,0.000,-3.359,-1.895
194.81,0.744,0,1.042,1.608,0,0.600,0.000,0.000,0.600,0.000,0.000,-3.358,-1.969
195.01,0.753,0,1.169,1.425,0,0.600,0.000,0.000,0.600,0.000,0.000,-3.349,-2.084
195.21,0.782,0,1.169,1.425,0,0.000,0.000,0.000,0.000,0.000,0.000,-3.316,-2.267
195.41,0.782,0,1.169,1.425,0,-0.600,0.000,0.000,-0.600,0.000,0.000,-3.316,-2.267
195.61,0.860,0,1.045,0.855,1,-0.600,0.000,0.000,-0.600,0.000,0.000,-3.323,-2.434
195.81,0.897,0,1.045,0.855,1,0.000,0.000,0.000,0.000,0.000,0.000,-3.339,-2.539
196.01,0.881,0,0.886,1.051,1,0.000,0.000,0.000,0.000,0.000,0.000,-3.275,-2.637
196.21,0.881,0,0.886,1.051,1,0.000,0.000,0.000,0.000,0.000,0.000,-3.287,-2.585
196.41,0.901,0,0.886,1.051,1,0.000,-0.600,0.000,0.000,-0.600,0.000,-3.287,-2.585
196.61,0.899,0,0.903,1.075,1,0.000,-0.600,0.000,0.000,-0.600,0.000,-3.274,-2.591
196.81,0.906,0,0.903,1.075,1,0.000,0.600,0.000,0.000,0.600,0.000,-3.288,-2.601
197.01,0.925,0,0.929,1.118,1,0.000,0.600,0.000,0.000,0.600,0.000,-3.308,-2.585
197.21,0.925,0,0.929,1.118,1,0.000,0.000,0.000,0.000,0.000,0.000,-3.301,-2.610
197.41,0.919,0,0.929,1.118,1,0.000,0.000,0.000,0.000,0.000,0.000,-3.301,-2.610
197.61,0.889,0,0.894,0.974,1,0.000,0.600,0.000,0.000,0.600,0.000,-3.255,-2.622
197.81,0.879,0,0.894,0.974,1,0.000,0.000,0.000,0.000,0.000,0.000,-3.272,-2.615
198.01,0.865,0,0.870,0.974,1,0.000,0.000,0.000,0.000,0.000,0.000,-3.263,-2.607
198.21,0.865,0,0.870,0.974,1,0.000,0.000,-9.000,0.000,0.000,-9.000,-3.262,-2.627
198.41,0.867,0,0.870,0.974,1,0.000,0.000,-9.000,0.000,0.000,-9.000,-3.262,-2.627
198.61,0.864,0,0.872,0.950,1,0.000,0.000,0.000,0.000,0.000,0.000,-3.315,-2.550
198.81,0.894,0,0.872,0.950,1,0.000,0.000,0.000,0.000,0.000,0.000,0.000,0.000
199.01,0.912,0,2.107,3.029,0,0.000,0.000,0.000,0.000,0.000,0.000,-3.315,-2.550
199.21,0.912,0,2.107,3.029,0,-0.600,0.000,0.000,-0.600,0.000,0.000,-3.315,-2.550
199.41,0.914,0,2.107,3.029,0,0.000,0.000,0.000,0.000,0.000,0.000,-3.310,-2.542
199.61,0.913,0,1.481,2.980,0,-0.600,0.000,0.000,-0.600,0.000,0.000,-3.306,-2.570
199.81,0.906,0,1.481,2.980,0,-0.600,0.000,0.000,-0.600,0.000,0.000,-3.296,-2.509
200.01,0.906,0,0.991,2.209,0,0.000,0.000,0.000,0.000,0.000,0.000,-3.297,-2.415
200.21,0.115,0,0.991,2.209,0,0.000,0.000,0.000,0.000,0.000,0.000,-3.297,-2.415
200.41,0.758,0,0.991,2.209,0,0.000,0.000,0.000,0.000,0.000,0.000,-3.323,-2.249
200.61,0.626,0,2.376,2.511,1,0.000,0.000,0.000,0.000,0.000,0.000,-3.342,-2.153
200.81,0.548,0,2.376,2.511,1,-0.600,0.000,0.000,-0.222,0.000,0.000,-3.363,-2.064
201.01,0.548,0,2.549,2.515,1,0.000,0.000,0.000,0.000,0.000,0.000,-3.371,-2.033
201.21,0.504,0,2.549,2.515,1,-0.600,0.000,0.000,-0.156,0.000,0.000,-3.371,-2.033
201.41,0.459,0,2.549,2.515,1,-0.600,0.000,0.000,-0.088,0.000,0.000,-3.391,-1.973
201.61,0.420,0,2.621,2.490,1,0.000,0.000,0.000,0.000,0.000,0.000,-3.396,-1.947
201.81,0.405,0,2.621,2.490,1,-0.600,0.000,0.000,-0.008,0.000,0.000,-3.397,-1.934
202.01,0.405,0,2.295,2.503,0,-0.600,0.000,0.000,-0.011,0.000,0.000,-3.393,-1.945
202.21,0.407,0,2.295,2.503,0,-0.600,0.000,0.000,-0.011,0.000,0.000,-3.393,-1.945
202.41,0.408,0,2.295,2.503,0,-0.600,0.000,0.000,-0.012,0.000,0.000,-3.392,-1.951
202.61,0.408,0,2.655,2.511,1,-0.600,0.000,0.000,-0.012,0.000,0.000,-3.399,-1.941
202.81,0.408,0,2.655,2.511,1,-0.600,0.000,0.000,-0.014,0.000,0.000,-3.397,-1.947
203.01,0.409,0,2.653,2.523,1,-0.600,0.000,0.000,-0.014,0.000,0.000,-3.397,-1.947
203.21,0.414,0,2.653,2.523,1,-0.600,0.000,0.000,-0.021,0.000,0.000,-3.400,-1.943
203.41,0.416,0,2.653,2.523,1,-0.600,0.000,0.000,-0.024,0.000,0.000,-3.398,-1.945
203.61,0.414,0,1.958,2.517,0,-0.600,0.000,0.000,-0.020,0.000,0.000,-3.400,-1.950
203.81,0.414,0,1.958,2.517,0,-0.600,0.000,0.000,-0.031,0.000,0.000,-3.392,-1.947
204.01,0.421,0,2.654,2.519,1,-0.600,0.000,0.000,-0.031,0.000,0.000,-3.392,-1.947
204.21,0.419,0,2.654,2.519,1,-0.600,0.000,0.000,-0.028,0.000,0.000,-3.395,-1.950
204.41,0.415,0,2.654,2.519,1,-0.600,0.000,0.000,-0.023,0.000,0.000,-3.394,-1.954
204.61,0.417,0,2.651,2.510,1,-0.600,0.000,0.000,-0.026,0.000,0.000,-3.397,-1.947
204.81,0.417,0,2.651,2.510,1,-0.600,0.000,0.000,-0.030,0.000,0.000,-3.392,-1.952
205.01,0.420,0,2.249,2.522,0,-0.600,0.000,0.000,-0.030,0.000,0.000,-3.392,-1.952
205.21,0.419,0,2.249,2.522,0,-0.600,0.000,0.000,-0.028,0.000,0.000,-3.393,-1.951
205.41,0.423,0,2.249,2.522,0,-0.600,0.000,0.000,-0.035,0.000,0.000,-3.400,-1.945
205.61,0.424,0,2.646,2.520,1,-0.600,0.000,0.000,-0.036,0.000,0.000,-3.397,-1.942
205.81,0.424,0,2.646,2.520,1,-0.600,0.000,0.000,-0.026,0.000,0.000,-3.394,-1.946
206.01,0.417,0,2.666,2.523,1,-0.600,0.000,0.000,-0.026,0.000,0.000,-3.394,-1.946
206.21,0.419,0,2.666,2.523,1,0.600,0.000,0.000,0.600,0.000,0.000,-3.394,-1.946
206.41,0.410,0,2.666,2.523,1,0.600,0.000,0.000,0.600,0.000,0.000,-3.398,-1.947
206.61,0.410,0,2.657,2.505,1,0.000,0.000,0.000,0.000,0.000,0.000,-3.385,-1.971
206.81,0.433,0,2.657,2.505,1,0.000,0.000,0.000,0.000,0.000,0.000,-3.385,-1.971
207.01,0.518,0,0.563,2.492,0,0.000,0.000,0.000,0.000,0.000,0.000,-3.370,-2.063
207.21,0.116,0,0.563,2.492,0,0.000,0.000,0.000,0.000,0.000,0.000,-3.352,-2.163
207.41,0.115,0,0.563,2.492,0,0.000,0.000,0.000,0.000,0.000,0.000,-3.343,-2.202
207.61,0.115,0,0.723,2.397,0,0.600,0.000,0.000,0.480,0.000,0.000,-3.342,-2.236
207.81,0.114,0,0.723,2.397,0,0.600,0.000,0.000,0.480,0.000,0.000,-3.342,-2.236
208.01,0.116,0,0.763,2.396,0,0.600,0.000,0.000,0.536,0.000,0.000,-3.332,-2.246
208.21,0.115,0,0.763,2.396,0,0.600,0.000,0.000,0.519,0.000,0.000,-3.324,-2.262
208.41,0.115,0,0.763,2.396,0,0.000,0.000,0.000,0.000,0.000,0.000,-3.313,-2.348
208.61,0.115,0,0.819,2.202,0,0.000,0.000,0.000,0.000,0.000,0.000,-3.299,-2.486
208.81,0.116,1,0.819,2.202,0,-0.600,0.000,0.000,0.000,0.000,0.000,-3.299,-2.486
209.01,0.867,0,1.130,2.375,0,0.000,0.000,0.000,0.000,0.000,0.000,-3.273,-2.635
209.21,0.863,0,1.130,2.375,0,0.000,0.000,0.000,0.000,0.000,0.000,-3.261,-2.719
209.41,0.115,1,1.130,2.375,0,-0.600,0.000,0.000,0.000,0.000,0.000,-3.254,-2.769
209.61,0.115,1,1.277,2.516,0,-0.600,0.000,0.000,0.000,0.000,0.000,-3.247,-2.772
209.81,0.869,0,1.277,2.516,0,0.000,0.000,0.000,0.000,0.000,0.000,-3.247,-2.772
210.01,0.870,0,1.873,2.535,0,0.000,0.000,0.000,0.000,0.000,0.000,-3.244,-2.784
210.21,0.866,0,1.873,2.535,0,0.000,0.000,0.000,0.000,0.000,0.000,-3.251,-2.755
210.41,0.866,0,1.873,2.535,0,0.000,0.000,0.000,0.000,0.000,0.000,-3.255,-2.755
210.61,0.865,0,1.259,2.374,0,0.000,0.000,0.000,0.000,0.000,0.000,-3.255,-2.755
210.81,0.865,0,1.259,2.374,0,0.000,0.000,0.000,0.000,0.000,0.000,-3.249,-2.759
211.01,0.865,0,1.262,2.393,0,0.000,0.000,0.000,0.000,0.000,0.000,-3.259,-2.754
211.21,0.865,0,1.262,2.393,0,0.000,0.000,0.000,0.000,0.000,0.000,-3.249,-2.751
211.41,0.865,0,1.262,2.393,0,-0.600,0.000,0.000,-0.600,0.000,0.000,-3.250,-2.756
211.61,0.866,0,1.262,2.411,0,-0.600,0.000,0.000,-0.600,0.000,0.000,-3.250,-2.756
211.81,0.866,0,1.262,2.411,0,0.000,0.000,0.000,0.000,0.000,0.000,-3.236,-2.769
212.01,0.116,0,1.943,2.026,1,0.000,0.000,0.000,0.000,0.000,0.000,-3.248,-2.702
212.21,0.862,0,1.943,2.026,1,0.000,0.000,0.000,0.000,0.000,0.000,-3.258,-2.631
212.41,0.862,0,1.943,2.026,1,0.000,0.000,0.000,0.000,0.000,0.000,-3.260,-2.582
212.61,0.866,0,1.121,2.124,0,0.000,0.000,0.000,0.000,0.000,0.000,-3.260,-2.582
212.81,0.872,0,1.121,2.124,0,0.000,0.000,0.000,0.000,0.000,0.000,-3.269,-2.581
213.01,0.867,0,1.086,2.145,0,-0.600,0.000,0.000,-0.600,0.000,0.000,-3.268,-2.578
213.21,0.868,0,1.086,2.145,0,-0.600,0.000,0.000,-0.600,0.000,0.000,-3.275,-2.571
213.41,0.868,0,1.086,2.145,0,-0.600,0.000,0.000,-0.600,0.000,0.000,-3.269,-2.538
213.61,0.877,0,2.101,2.157,1,0.000,0.000,0.000,0.000,0.000,0.000,-3.269,-2.538
213.81,0.115,0,2.101,2.157,1,0.000,0.000,0.000,0.000,0.000,0.000,-3.277,-2.414
214.01,0.116,0,2.266,2.421,1,0.000,0.000,0.000,0.000,0.000,0.000,-3.308,-2.258
214.21,0.116,0,2.266,2.421,1,0.000,0.000,0.000,0.000,0.000,0.000,-3.321,-2.166
214.41,0.116,1,2.266,2.421,1,-0.600,0.000,0.000,0.000,0.000,0.000,-3.321,-2.166
214.61,0.571,0,2.506,2.516,1,-0.600,0.000,0.000,-0.256,0.000,0.000,-3.339,-2.092
214.81,0.540,0,2.506,2.516,1,0.000,0.000,0.000,0.000,0.000,0.000,-3.342,-2.077
215.01,0.514,0,2.564,2.510,1,-0.600,0.000,0.000,-0.171,0.000,0.000,-3.348,-2.038
215.21,0.514,0,2.564,2.510,1,0.000,0.000,0.000,0.000,0.000,0.000,-3.366,-2.013
215.41,0.484,0,2.564,2.510,1,-0.600,0.000,0.000,-0.126,0.000,0.000,-3.366,-2.013
215.61,0.458,0,1.167,2.497,0,-0.600,0.000,0.000,-0.087,0.000,0.000,-3.362,-1.978
215.81,0.447,0,1.167,2.497,0,-0.600,0.000,0.000,-0.070,0.000,0.000,-3.369,-1.969
216.01,0.447,0,2.039,2.516,0,-0.600,0.000,0.000,-0.070,0.000,0.000,-3.366,-1.974
216.21,0.447,0,2.039,2.516,0,-0.600,0.000,0.000,-0.072,0.000,0.000,-3.369,-1.980
216.41,0.448,0,2.039,2.516,0,0.000,0.000,0.000,0.000,0.000,0.000,-3.369,-1.980
216.61,0.449,0,2.107,2.499,0,0.000,0.000,0.000,0.000,0.000,0.000,-3.366,-1.974
216.81,0.450,0,2.107,2.499,0,0.000,0.000,0.000,0.000,0.000,0.000,-3.367,-1.974
217.01,0.450,0,1.172,2.484,0,0.000,0.000,0.000,0.000,0.000,0.000,-3.369,-1.973
217.21,0.450,0,1.172,2.484,0,0.000,0.000,0.000,0.000,0.000,0.000,-3.365,-1.975
217.41,0.450,0,1.172,2.484,0,0.000,0.000,0.000,0.000,0.000,0.000,-3.365,-1.975
217.61,0.445,0,1.719,2.522,0,0.000,0.000,0.000,0.000,0.000,0.000,-3.363,-1.975
217.81,0.449,0,1.719,2.522,0,0.000,0.000,0.000,0.000,0.000,0.000,-3.363,-1.979
218.01,0.449,0,1.188,2.472,0,0.000,0.000,0.000,0.000,0.000,0.000,-3.364,-1.978
218.21,0.447,0,1.188,2.472,0,0.000,0.000,0.000,0.000,0.000,0.000,-3.364,-1.978
218.41,0.451,0,1.188,2.472,0,0.000,0.000,0.000,0.000,0.000,0.000,-3.363,-1.971
218.61,0.454,0,1.530,2.500,0,0.000,0.000,0.000,0.000,0.000,0.000,-3.367,-1.967
218.81,0.449,0,1.530,2.500,0,0.000,0.000,0.000,0.000,0.000,0.000,-3.365,-1.973
219.01,0.449,0,1.438,2.513,0,0.000,0.000,0.000,0.000,0.000,0.000,-3.364,-1.969
219.21,0.451,0,1.438,2.513,0,0.000,0.000,0.000,0.000,0.000,0.000,-3.364,-1.969
219.41,0.452,0,1.438,2.513,0,0.000,0.000,0.000,0.000,0.000,0.000,-3.369,-1.967
219.61,0.451,0,1.439,2.499,0,0.000,0.000,0.000,0.000,0.000,0.000,-3.368,-1.973
219.81,0.454,0,1.439,2.499,0,0.000,0.000,0.000,0.000,0.000,0.000,-3.370,-1.967
220.01,0.454,0,1.172,2.520,0,0.000,0.000,0.000,0.000,0.000,0.000,-3.365,-1.970
220.21,0.447,0,1.172,2.520,0,0.000,0.000,0.000,0.000,0.000,0.000,-3.365,-1.970
220.41,0.447,0,1.172,2.520,0,0.000,0.000,0.000,0.000,0.000,0.000,-3.370,-1.967
220.61,0.445,0,1.172,2.495,0,0.000,0.000,0.000,0.000,0.000,0.000,-3.367,-1.966
220.81,0.445,0,1.172,2.495,0,0.000,0.000,0.000,0.000,0.000,0.000,-3.370,-1.962
221.01,0.445,0,1.172,2.504,0,0.000,0.000,0.000,0.000,0.000,0.000,-3.366,-1.965
221.21,0.116,0,1.172,2.504,0,0.000,0.000,0.000,0.000,0.000,0.000,-3.366,-1.965
221.41,0.449,0,1.172,2.504,0,0.000,0.000,0.000,0.000,0.000,0.000,-3.370,-1.969
221.61,0.454,0,1.172,2.486,0,0.000,0.000,0.000,0.000,0.000,0.000,-3.367,-1.976
221.81,0.454,0,1.172,2.486,0,0.000,0.000,0.000,0.000,0.000,0.000,-3.363,-1.977
222.01,0.449,0,1.439,2.492,0,0.000,0.000,0.000,0.000,0.000,0.000,-3.363,-1.977
222.21,0.449,0,1.439,2.492,0,0.000,0.000,0.000,0.000,0.000,0.000,-3.367,-1.971
222.41,0.452,0,1.439,2.492,0,0.000,0.000,0.000,0.000,0.000,0.000,-3.365,-1.964
222.61,0.453,0,1.172,2.505,0,0.000,0.000,0.000,0.000,0.000,0.000,-3.366,-1.971
222.81,0.453,0,1.172,2.505,0,0.000,0.000,0.000,0.000,0.000,0.000,-3.364,-1.973
223.01,0.453,0,1.176,2.498,0,0.000,0.000,0.000,0.000,0.000,0.000,-3.364,-1.973
223.21,0.458,0,1.176,2.498,0,0.000,0.000,0.000,0.000,0.000,0.000,-3.368,-1.970
223.41,0.461,0,1.176,2.498,0,0.000,0.000,0.000,0.000,0.000,0.000,-3.370,-1.967
223.61,0.463,0,1.190,2.506,0,0.000,0.000,0.000,0.000,0.000,0.000,-3.372,-1.968
223.81,0.463,0,1.190,2.506,0,0.000,0.000,0.000,0.000,0.000,0.000,-3.367,-1.974
224.01,0.466,0,1.173,2.497,0,0.000,0.000,0.000,0.000,0.000,0.000,-3.367,-1.974
224.21,0.465,0,1.173,2.497,0,0.000,0.000,0.000,0.000,0.000,0.000,-3.369,-1.966
224.41,0.467,0,1.173,2.497,0,0.000,0.000,0.000,0.000,0.000,0.000,-3.366,-1.966
224.61,0.465,0,1.179,2.498,0,0.000,0.000,0.000,0.000,0.000,0.000,-3.365,-1.968
224.81,0.465,0,1.179,2.498,0,0.000,0.000,0.000,0.000,0.000,0.000,-3.370,-1.965
225.01,0.463,0,1.176,2.488,0,0.000,0.000,0.000,0.000,0.000,0.000,-3.370,-1.965
225.21,0.474,0,1.176,2.488,0,0.000,0.000,0.000,0.000,0.000,0.000,-3.368,-1.963
225.41,0.470,0,1.176,2.488,0,0.000,0.000,0.000,0.000,0.000,0.000,-3.369,-1.967
225.61,0.473,0,1.172,2.500,0,0.000,0.000,0.000,0.000,0.000,0.000,-3.371,-1.970
225.81,0.473,0,1.172,2.500,0,-0.600,0.000,0.000,-0.109,0.000,0.000,-3.371,-1.970
226.01,0.474,0,1.180,2.498,0,-0.600,0.000,0.000,-0.111,0.000,0.000,-3.374,-1.974
226.21,0.472,0,1.180,2.498,0,-0.600,0.000,0.000,-0.107,0.000,0.000,-3.367,-1.968
226.41,0.474,0,1.180,2.498,0,-0.600,0.000,0.000,-0.111,0.000,0.000,-3.366,-1.973
226.61,0.474,0,1.180,2.524,0,-0.600,0.000,0.000,-0.103,0.000,0.000,-3.370,-1.971
226.81,0.468,0,1.180,2.524,0,-0.600,0.000,0.000,-0.103,0.000,0.000,-3.370,-1.971
227.01,0.472,0,1.172,2.505,0,-0.600,0.000,0.000,-0.109,0.000,0.000,-3.369,-1.963
227.21,0.468,0,1.172,2.505,0,-0.600,0.000,0.000,-0.103,0.000,0.000,-3.369,-1.967
227.41,0.472,0,1.172,2.505,0,0.600,0.000,0.000,0.600,0.000,0.000,-3.369,-1.967
227.61,0.472,0,1.173,2.502,0,0.600,0.000,0.000,0.600,0.000,0.000,-3.373,-1.965
227.81,0.470,0,1.173,2.502,0,0.000,0.000,0.000,0.000,0.000,0.000,-3.373,-1.965
228.01,0.495,0,1.516,2.494,0,0.000,0.000,0.000,0.000,0.000,0.000,-3.356,-2.004
228.21,0.572,0,1.516,2.494,0,0.000,0.000,0.000,0.000,0.000,0.000,-3.339,-2.092
228.41,0.656,0,1.516,2.494,0,0.600,0.000,0.000,0.600,0.000,0.000,-3.318,-2.156
228.61,0.656,0,1.593,2.444,0,0.600,0.000,0.000,0.463,0.000,0.000,-3.310,-2.211
228.81,0.116,0,1.593,2.444,0,0.000,0.000,0.000,0.000,0.000,0.000,-3.310,-2.211
229.01,0.115,1,0.781,2.231,0,-0.600,0.000,0.000,0.000,0.000,0.000,-3.284,-2.295
229.21,0.116,1,0.781,2.231,0,-0.600,0.000,0.000,0.000,0.000,0.000,-3.272,-2.413
229.41,0.856,0,0.781,2.231,0,0.000,0.000,0.000,0.000,0.000,0.000,-3.264,-2.494
229.61,0.856,0,1.010,2.090,0,-0.600,0.000,0.000,-0.600,0.000,0.000,-3.255,-2.548
229.81,0.116,0,1.010,2.090,0,0.000,0.000,0.000,0.000,0.000,0.000,-3.255,-2.548
230.01,0.116,0,1.079,2.131,0,0.000,0.000,0.000,0.000,0.000,0.000,-3.247,-2.545
230.21,0.116,0,1.079,2.131,0,0.000,0.000,0.000,0.000,0.000,0.000,-3.252,-2.494
230.41,0.113,0,1.079,2.131,0,0.000,0.000,0.000,0.000,0.000,0.000,-3.253,-2.471
230.61,0.113,0,0.992,2.162,0,0.000,0.000,0.000,0.000,0.000,0.000,-3.253,-2.471
230.81,0.116,0,0.992,2.162,0,0.000,0.000,0.000,0.000,0.000,0.000,-3.252,-2.467
231.01,0.116,0,0.989,2.158,0,0.000,0.000,0.000,0.000,0.000,0.000,-3.248,-2.466
231.21,0.116,1,0.989,2.158,0,-0.600,0.000,0.000,0.000,0.000,0.000,-3.248,-2.463
231.41,0.116,1,0.989,2.158,0,-0.600,0.000,0.000,0.000,0.000,0.000,-3.257,-2.468
231.61,0.865,0,0.989,2.156,0,-0.600,0.000,0.000,-0.600,0.000,0.000,-3.257,-2.468
231.81,0.116,0,0.989,2.156,0,0.000,0.000,0.000,0.000,0.000,0.000,-3.254,-2.470
232.01,0.116,1,0.978,2.202,0,-0.600,0.000,0.000,0.000,0.000,0.000,-3.244,-2.450
232.21,0.116,1,0.978,2.202,0,-0.600,0.000,0.000,0.000,0.000,0.000,-3.256,-2.401
232.41,0.116,1,0.978,2.202,0,-0.600,0.000,0.000,0.000,0.000,0.000,-3.264,-2.396
232.61,0.115,1,0.933,2.222,0,-0.600,0.000,0.000,0.000,0.000,0.000,-3.264,-2.396
232.81,0.115,1,0.933,2.222,0,-0.600,0.000,0.000,0.000,0.000,0.000,-3.257,-2.393
233.01,0.115,1,0.932,2.214,0,-0.600,0.000,0.000,0.000,0.000,0.000,-3.260,-2.398
233.21,0.116,1,0.932,2.214,0,-0.600,0.000,0.000,0.000,0.000,0.000,-3.257,-2.396
233.41,0.116,1,0.932,2.214,0,-0.600,0.000,0.000,0.000,0.000,0.000,-3.261,-2.394
233.61,0.116,1,0.937,2.220,0,-0.600,0.000,0.000,0.000,0.000,0.000,-3.261,-2.394
233.81,0.116,0,0.937,2.220,0,0.000,0.000,0.000,0.000,0.000,0.000,-3.262,-2.394
234.01,0.115,1,0.928,2.220,0,-0.600,0.000,0.000,0.000,0.000,0.000,-3.261,-2.397
234.21,0.332,0,0.928,2.220,0,-0.600,0.000,0.000,-0.600,0.000,0.000,-3.262,-2.400
234.41,0.332,0,0.928,2.220,0,0.000,0.000,0.000,0.000,0.000,0.000,-3.258,-2.395
234.61,0.116,0,0.409,0.810,0,0.000,0.000,0.000,0.000,0.000,0.000,-3.258,-2.395
234.81,0.626,0,0.409,0.810,0,0.000,0.000,0.000,0.000,0.000,0.000,-3.261,-2.392
235.01,0.116,0,0.743,0.801,1,0.600,0.000,0.000,0.507,0.000,0.000,-3.262,-2.386
235.21,0.116,0,0.743,0.801,1,0.000,0.000,0.000,0.000,0.000,0.000,-3.263,-2.388
235.41,0.116,0,0.743,0.801,1,0.000,0.000,0.000,0.000,0.000,0.000,-3.263,-2.388
235.61,0.116,0,0.603,0.658,1,0.000,0.000,0.000,0.000,0.000,0.000,-3.256,-2.452
235.81,0.524,0,0.603,0.658,1,0.600,0.000,0.000,0.186,0.000,0.000,-3.243,-2.506
236.01,0.116,0,0.529,0.592,1,0.000,0.000,0.000,0.000,0.000,0.000,-3.250,-2.512
236.21,0.116,0,0.529,0.592,1,0.600,0.000,0.000,0.174,0.000,0.000,-3.251,-2.521
236.41,0.116,0,0.529,0.592,1,0.000,0.000,0.000,0.000,0.000,0.000,-3.251,-2.521
236.61,0.116,0,0.516,0.584,1,0.600,0.000,0.000,0.162,0.000,0.000,-3.243,-2.528
236.81,0.116,0,0.516,0.584,1,0.600,0.000,0.000,0.064,0.000,0.000,-3.241,-2.533
237.01,0.116,1,0.336,0.413,1,0.600,0.000,0.000,0.000,0.000,0.000,-3.247,-2.535
237.21,0.116,1,0.336,0.413,1,0.600,0.000,0.000,0.000,0.000,0.000,-3.245,-2.537
237.41,0.116,1,0.336,0.413,1,0.600,0.000,0.000,0.000,0.000,0.000,-3.245,-2.537
237.61,0.116,1,0.358,0.412,1,0.600,0.000,0.000,0.000,0.000,0.000,-3.242,-2.534
237.81,0.116,1,0.358,0.412,1,-0.600,0.000,0.000,0.000,0.000,0.000,-3.240,-2.533
238.01,0.116,1,0.294,0.406,1,-0.600,0.000,0.000,0.000,0.000,0.000,-3.241,-2.532
238.21,0.116,0,0.294,0.406,1,0.000,0.000,0.000,0.000,0.000,0.000,-3.238,-2.529
238.41,0.277,0,0.294,0.406,1,-0.600,0.000,0.000,-0.600,0.000,0.000,-3.238,-2.529
238.61,0.115,0,0.300,0.404,1,0.000,0.000,0.000,0.000,0.000,0.000,-3.243,-2.529
238.81,0.115,0,0.300,0.404,1,0.000,0.000,0.000,0.000,0.000,0.000,-3.252,-2.492
239.01,0.116,1,0.410,0.438,1,-0.600,0.000,0.000,0.000,0.000,0.000,-3.249,-2.421
239.21,0.116,1,0.410,0.438,1,-0.600,0.000,0.000,0.000,0.000,0.000,-3.248,-2.379
239.41,0.116,0,0.410,0.438,1,0.000,0.000,0.000,0.000,0.000,0.000,-3.248,-2.379
239.61,0.456,0,0.452,0.481,1,-0.600,0.000,0.000,-0.600,0.000,0.000,-3.251,-2.363
239.81,0.115,1,0.452,0.481,1,-0.600,0.000,0.000,0.000,0.000,0.000,-3.259,-2.366
240.01,0.116,0,0.470,0.556,1,0.000,0.000,0.000,0.000,0.000,0.000,-3.257,-2.333
240.21,0.116,0,0.470,0.556,1,0.000,0.000,0.000,0.000,0.000,0.000,-3.257,-2.333
240.41,0.116,1,0.470,0.556,1,-0.600,0.000,0.000,0.000,0.000,0.000,-3.277,-2.241
240.61,0.498,0,0.584,0.586,1,0.000,0.000,0.000,0.000,0.000,0.000,-3.288,-2.211
240.81,0.116,1,0.584,0.586,1,-0.600,0.000,0.000,0.000,0.000,0.000,-3.294,-2.190
241.01,0.116,1,0.505,0.561,1,-0.600,0.000,0.000,0.000,0.000,0.000,-3.305,-2.178
241.21,0.115,0,0.505,0.561,1,0.000,0.000,0.000,0.000,0.000,0.000,-3.305,-2.178
241.41,0.116,1,0.505,0.561,1,-0.600,0.000,0.000,0.000,0.000,0.000,-3.300,-2.186
241.61,0.116,0,0.516,0.575,1,0.600,0.000,0.000,0.161,0.000,0.000,-3.300,-2.188
241.81,0.506,0,0.516,0.575,1,0.600,0.000,0.000,0.159,0.000,0.000,-3.304,-2.189
242.01,0.506,0,0.514,0.572,1,0.000,0.000,0.000,0.000,0.000,0.000,-3.306,-2.184
242.21,0.116,0,0.514,0.572,1,0.600,0.000,0.000,0.153,0.000,0.000,-3.306,-2.184
242.41,0.115,0,0.514,0.572,1,0.600,0.000,0.000,0.155,0.000,0.000,-3.297,-2.191
242.61,0.504,0,0.511,0.573,1,0.600,0.000,0.000,0.156,0.000,0.000,-3.303,-2.189
242.81,0.116,0,0.511,0.573,1,0.600,0.000,0.000,0.156,0.000,0.000,-3.299,-2.185
243.01,0.116,0,0.512,0.573,1,0.600,0.000,0.000,0.156,0.000,0.000,-3.302,-2.181
243.21,0.116,0,0.512,0.573,1,0.600,0.000,0.000,0.155,0.000,0.000,-3.302,-2.181
243.41,0.116,0,0.512,0.573,1,0.600,0.000,0.000,0.155,0.000,0.000,-3.305,-2.186
243.61,0.116,0,0.511,0.572,1,0.600,0.000,0.000,0.155,0.000,0.000,-3.302,-2.187
243.81,0.115,0,0.511,0.572,1,0.600,0.000,0.000,0.153,0.000,0.000,-3.300,-2.192
244.01,0.115,0,0.510,0.570,1,0.000,-0.600,0.000,0.000,-0.600,0.000,-3.300,-2.192
244.21,0.116,0,0.510,0.570,1,0.000,-0.600,0.000,0.000,-0.600,0.000,-3.296,-2.183
244.41,0.116,0,0.510,0.570,1,0.000,0.000,0.000,0.000,0.000,0.000,-3.288,-2.217
244.61,0.651,0,0.590,0.667,1,0.000,-0.600,0.000,0.000,-0.600,0.000,-3.266,-2.189
244.81,0.651,0,0.590,0.667,1,0.000,0.600,0.000,0.000,0.600,0.000,-3.310,-2.196
245.01,0.679,0,0.733,0.794,1,0.000,0.600,0.000,0.000,0.600,0.000,-3.310,-2.196
245.21,0.682,0,0.733,0.794,1,0.000,0.600,0.000,0.000,0.600,0.000,-3.314,-2.165
245.41,0.675,0,0.733,0.794,1,0.000,0.600,0.000,0.000,0.600,0.000,-3.337,-2.172
245.61,0.688,0,0.773,0.838,1,0.000,0.600,0.000,0.000,0.600,0.000,-3.290,-2.188
245.81,0.688,0,0.773,0.838,1,0.000,0.600,0.000,0.000,0.600,0.000,-3.214,-2.206
246.01,0.692,0,0.778,0.839,1,0.000,0.000,0.000,0.000,0.000,0.000,-3.214,-2.206
246.21,0.682,0,0.778,0.839,1,0.000,0.600,0.000,0.000,0.600,0.000,-3.140,-2.188
246.41,0.116,0,0.778,0.839,1,0.000,0.600,0.000,0.000,0.600,0.000,-3.156,-2.155
246.61,0.116,0,0.787,0.768,1,0.000,0.600,0.000,0.000,0.600,0.000,-3.111,-2.177
246.81,0.116,0,0.787,0.768,1,0.000,0.600,0.000,0.000,0.600,0.000,-3.061,-2.139
247.01,0.702,0,0.816,0.734,1,0.000,0.600,0.000,0.000,0.600,0.000,-3.061,-2.139
247.21,0.686,0,0.816,0.734,1,0.000,0.600,0.000,0.000,0.600,0.000,-2.989,-2.111
247.41,0.714,0,0.816,0.734,1,0.000,0.600,0.000,0.000,0.486,0.000,-2.940,-2.058
247.61,0.632,0,0.755,0.723,1,0.000,0.600,0.000,0.000,0.348,0.000,-2.835,-2.018
247.81,0.632,0,0.755,0.723,1,0.000,0.000,0.000,0.000,0.000,0.000,-2.835,-2.018
248.01,0.536,0,0.741,0.805,1,0.000,0.600,0.000,0.000,0.204,0.000,-2.776,-1.957
248.21,0.471,0,0.741,0.805,1,0.000,0.000,0.000,0.000,0.000,0.000,-2.740,-1.930
248.41,0.116,0,0.741,0.805,1,0.000,0.000,0.000,0.000,0.000,0.000,-2.711,-1.917
248.61,0.116,0,0.739,0.798,1,0.000,0.600,0.000,0.000,0.084,0.000,-2.713,-1.922
248.81,0.116,0,0.739,0.798,1,0.000,0.600,0.000,0.000,0.084,0.000,-2.713,-1.922
249.01,0.459,0,0.739,0.798,1,0.000,0.600,0.000,0.000,0.088,0.000,-2.712,-1.916
249.21,0.116,0,0.739,0.798,1,0.000,0.600,0.000,0.000,0.087,0.000,-2.713,-1.919
249.41,0.116,0,0.739,0.798,1,0.000,0.600,0.000,0.000,0.084,0.000,-2.710,-1.923
249.61,0.116,1,0.737,0.799,1,0.000,0.600,0.000,0.000,0.000,0.000,-2.712,-1.922
249.81,0.362,1,0.737,0.799,1,0.000,0.600,0.000,0.000,0.000,0.000,-2.712,-1.922
250.01,0.116,1,0.739,0.799,1,0.000,0.600,0.000,0.000,0.000,0.000,-2.712,-1.923
250.21,0.348,1,0.739,0.799,1,0.000,0.600,0.000,0.000,0.000,0.000,-2.711,-1.916
250.41,0.349,1,0.739,0.799,1,0.000,0.600,0.000,0.000,0.000,0.000,-2.710,-1.910
250.61,0.349,1,0.740,0.798,1,0.000,0.600,0.000,0.000,0.000,0.000,-2.712,-1.917
250.81,0.115,1,0.740,0.798,1,0.000,0.600,0.000,0.000,0.000,0.000,-2.712,-1.917
251.01,0.349,0,0.739,0.797,1,0.000,0.000,0.000,0.000,0.000,0.000,-2.712,-1.918
251.21,0.349,0,0.739,0.797,1,0.000,-0.600,0.000,0.000,-0.600,0.000,-2.714,-1.915
251.41,0.351,0,0.739,0.797,1,0.000,0.000,0.000,0.000,0.000,0.000,-2.712,-1.922
251.61,0.351,0,0.736,0.790,1,0.000,0.000,0.000,0.000,0.000,0.000,-2.727,-1.940
251.81,0.376,0,0.736,0.790,1,0.000,0.000,0.000,0.000,0.000,0.000,-2.727,-1.940
252.01,0.383,0,0.719,0.776,1,0.000,0.000,0.000,0.000,0.000,0.000,-2.737,-1.947
252.21,0.383,0,0.719,0.776,1,0.000,0.000,0.000,0.000,0.000,0.000,-2.730,-1.951
252.41,0.383,0,0.719,0.776,1,0.000,-0.600,0.000,0.000,-0.600,0.000,-2.732,-1.955
252.61,0.383,0,0.717,0.775,1,0.000,-0.600,0.000,0.000,-0.600,0.000,-2.732,-1.955
252.81,0.384,0,0.717,0.775,1,0.000,0.000,0.000,0.000,0.000,0.000,-2.727,-1.952
253.01,0.395,0,0.709,0.809,1,0.000,-0.600,0.000,0.000,-0.600,0.000,-2.693,-1.954
253.21,0.404,0,0.709,0.809,1,0.000,-0.600,0.000,0.000,-0.600,0.000,-2.729,-1.971
253.41,0.404,0,0.709,0.809,1,0.000,-0.600,0.000,0.000,-0.600,0.000,-2.692,-1.988
253.61,0.413,0,0.695,0.857,1,0.000,-0.600,0.000,0.000,-0.600,0.000,-2.692,-1.988
253.81,0.430,0,0.695,0.857,1,0.000,-0.600,0.000,0.000,-0.600,0.000,-2.701,-1.963
254.01,0.452,0,0.530,0.860,0,0.000,0.000,0.000,0.000,0.000,0.000,-2.701,-1.989
254.21,0.481,0,0.530,0.860,0,0.000,0.000,0.000,0.000,0.000,0.000,-2.737,-2.031
254.41,0.481,0,0.530,0.860,0,0.000,0.000,0.000,0.000,0.000,0.000,-2.723,-2.069
254.61,0.116,1,0.507,0.616,1,-0.600,0.000,0.000,0.000,0.000,0.000,-2.723,-2.069
254.81,0.498,0,0.507,0.616,1,0.000,0.000,0.000,0.000,0.000,0.000,-2.644,-2.057
255.01,0.494,0,0.502,0.513,1,0.000,0.000,0.000,0.000,0.000,0.000,-2.643,-2.051
255.21,0.512,0,0.502,0.513,1,0.000,0.000,-9.000,0.000,0.000,-9.000,-2.663,-2.061
255.41,0.512,0,0.502,0.513,1,0.000,0.000,-9.000,0.000,0.000,-9.000,-2.679,-2.068
255.61,0.557,0,0.564,0.610,1,0.000,0.000,0.000,0.000,0.000,0.000,-2.679,-2.068
255.81,0.556,0,0.564,0.610,1,0.000,0.000,0.000,0.000,0.000,0.000,-2.606,-2.197
256.01,0.531,0,0.598,0.566,1,0.000,0.000,0.000,0.000,0.000,0.000,0.000,0.000
256.21,0.115,0,0.598,0.566,1,0.000,0.000,-9.000,0.000,0.000,-9.000,-2.606,-2.197
256.41,0.115,0,0.598,0.566,1,0.000,0.000,0.000,0.000,0.000,0.000,0.000,0.000
256.61,0.115,0,0.598,0.549,1,0.600,0.000,0.000,0.287,0.000,0.000,0.000,0.000
256.81,0.614,0,0.598,0.549,1,0.600,0.000,0.000,0.567,0.000,0.000,-2.606,-2.197
257.01,0.613,0,0.759,0.794,1,0.000,0.000,0.000,0.000,0.000,0.000,0.000,0.000
257.21,0.591,0,0.759,0.794,1,0.600,0.000,0.000,0.421,0.000,0.000,-2.606,-2.197
257.41,0.591,0,0.759,0.794,1,0.600,0.000,0.000,0.421,0.000,0.000,-2.519,-2.163
257.61,0.570,0,0.599,0.627,1,0.000,0.000,0.000,0.000,0.000,0.000,-2.519,-2.163
257.81,0.453,0,0.599,0.627,1,0.000,0.000,0.000,0.000,0.000,0.000,-2.400,-2.111
258.01,0.315,0,0.327,0.453,1,0.000,0.000,0.000,0.000,0.000,0.000,-2.270,-2.051
258.21,0.315,0,0.327,0.453,1,0.000,0.000,0.000,0.000,0.000,0.000,-2.166,-2.009
258.41,0.218,0,0.327,0.453,1,0.000,0.000,0.000,0.000,0.000,0.000,-2.166,-2.009
258.61,0.116,0,0.187,nan,0,0.000,0.000,0.000,0.000,0.000,0.000,-2.136,-1.995
258.81,0.149,0,0.187,nan,0,0.000,0.000,0.000,0.000,0.000,0.000,-2.088,-1.986
259.01,0.151,0,0.176,0.650,0,-0.600,0.000,0.000,-0.600,0.000,0.000,-2.089,-1.981
259.21,0.151,0,0.176,0.650,0,-0.600,0.000,0.000,-0.600,0.000,0.000,-2.092,-1.976
259.41,0.154,0,0.176,0.650,0,0.000,0.000,0.000,0.000,0.000,0.000,-2.092,-1.976
259.61,0.210,0,0.229,0.418,1,0.000,0.000,0.000,0.000,0.000,0.000,-2.137,-1.985
259.81,0.296,0,0.229,0.418,1,0.000,0.000,0.000,0.000,0.000,0.000,-2.234,-2.022
260.01,0.356,0,0.368,0.417,1,0.000,0.000,0.000,0.000,0.000,0.000,-2.285,-2.043
260.21,0.356,1,0.368,0.417,1,0.600,0.000,0.000,0.000,0.000,0.000,-2.319,-2.063
260.41,0.116,1,0.368,0.417,1,0.600,0.000,0.000,0.000,0.000,0.000,-2.319,-2.063
260.61,0.389,1,0.399,0.443,1,0.600,0.000,0.000,0.000,0.000,0.000,-2.333,-2.065
260.81,0.389,1,0.399,0.443,1,0.600,0.000,0.000,0.000,0.000,0.000,-2.331,-2.064
261.01,0.116,1,0.399,0.442,1,0.600,0.000,0.000,0.000,0.000,0.000,-2.330,-2.065
261.21,0.116,1,0.399,0.442,1,0.600,0.000,0.000,0.000,0.000,0.000,-2.333,-2.069
261.41,0.115,1,0.399,0.442,1,0.600,0.000,0.000,0.000,0.000,0.000,-2.333,-2.069
261.61,0.115,1,0.395,0.440,1,0.600,0.000,0.000,0.000,0.000,0.000,-2.333,-2.068
261.81,0.116,1,0.395,0.440,1,0.600,0.000,0.000,0.000,0.000,0.000,-2.331,-2.067
262.01,0.115,1,0.395,0.439,1,0.600,0.000,0.000,0.000,0.000,0.000,-2.330,-2.070
262.21,0.115,1,0.395,0.439,1,0.600,0.000,0.000,0.000,0.000,0.000,-2.331,-2.067
262.41,0.116,1,0.395,0.439,1,0.600,0.000,0.000,0.000,0.000,0.000,-2.331,-2.067
262.61,0.115,1,0.394,0.439,1,0.600,0.000,0.000,0.000,0.000,0.000,-2.332,-2.064
262.81,0.116,1,0.394,0.439,1,0.600,0.000,0.000,0.000,0.000,0.000,-2.330,-2.064
263.01,0.115,1,0.397,0.439,1,0.600,0.000,0.000,0.000,0.000,0.000,-2.332,-2.062
263.21,0.115,1,0.397,0.439,1,0.600,0.000,0.000,0.000,0.000,0.000,-2.332,-2.062
263.41,0.384,0,0.397,0.439,1,-0.600,0.000,0.000,-0.600,0.000,0.000,-2.333,-2.069
263.61,0.116,0,0.395,0.442,1,0.000,0.000,0.000,0.000,0.000,0.000,-2.333,-2.066
263.81,0.447,0,0.395,0.442,1,0.000,0.000,0.000,0.000,0.000,0.000,-2.376,-2.073
264.01,0.447,0,0.456,0.558,1,0.000,0.000,0.000,0.000,0.000,0.000,-2.444,-2.109
264.21,0.506,0,0.456,0.558,1,0.000,0.000,0.000,0.000,0.000,0.000,-2.444,-2.109
264.41,0.539,0,0.456,0.558,1,0.000,0.000,0.000,0.000,0.000,0.000,-2.478,-2.128
264.61,0.545,0,0.546,0.607,1,0.000,0.000,-9.000,0.000,0.000,-9.000,-2.482,-2.131
264.81,0.543,0,0.546,0.607,1,0.000,0.000,0.000,0.000,0.000,0.000,-2.460,-2.158
265.01,0.543,0,0.550,0.712,1,0.000,0.000,0.000,0.000,0.000,0.000,0.000,0.000
265.21,0.115,0,0.550,0.712,1,0.000,0.000,0.000,0.000,0.000,0.000,0.000,0.000
265.41,0.115,0,0.550,0.712,1,0.000,0.000,0.000,0.000,0.000,0.000,-2.460,-2.158
265.61,0.607,0,1.225,1.863,0,0.000,0.000,9.000,0.000,0.000,9.000,-2.406,-2.131
265.81,0.116,1,1.225,1.863,0,0.000,0.000,9.000,0.000,0.000,0.000,-2.403,-2.134
266.01,0.116,0,1.248,1.882,0,0.000,0.000,0.000,0.000,0.000,0.000,0.000,0.000
266.21,0.583,0,1.248,1.882,0,0.000,0.000,0.000,0.000,0.000,0.000,0.000,0.000
266.41,0.571,0,1.248,1.882,0,0.000,0.000,9.000,0.000,0.000,9.000,-2.403,-2.134
266.61,0.115,0,0.693,2.074,0,0.000,0.000,0.000,0.000,0.000,0.000,-2.369,-2.114
266.81,0.116,0,0.693,2.074,0,0.000,0.000,0.000,0.000,0.000,0.000,0.000,0.000
267.01,0.116,0,0.566,0.627,1,0.000,0.000,0.000,0.000,0.000,0.000,-2.369,-2.114
267.21,0.552,0,0.566,0.627,1,0.000,0.000,0.000,0.000,0.000,0.000,-2.369,-2.114
267.41,0.551,0,0.566,0.627,1,0.000,0.000,0.000,0.000,0.000,0.000,-2.408,-2.160
267.61,0.551,0,0.567,0.629,1,0.000,0.000,0.000,0.000,0.000,0.000,-2.407,-2.150
267.81,0.551,0,0.567,0.629,1,0.000,0.000,0.000,0.000,0.000,0.000,-2.412,-2.155
268.01,0.551,0,0.571,0.629,1,0.000,0.000,0.000,0.000,0.000,0.000,-2.412,-2.155
268.21,0.551,0,0.571,0.629,1,0.000,0.000,0.000,0.000,0.000,0.000,-2.411,-2.156
268.41,0.552,0,0.571,0.629,1,0.000,0.000,0.000,0.000,0.000,0.000,-2.409,-2.155
268.61,0.549,0,0.567,0.625,1,0.000,0.000,0.000,0.000,0.000,0.000,-2.412,-2.158
268.81,0.549,0,0.567,0.625,1,0.000,0.000,0.000,0.000,0.000,0.000,-2.408,-2.154
269.01,0.530,0,0.538,0.597,1,0.000,0.000,0.000,0.000,0.000,0.000,-2.408,-2.154
269.21,0.507,0,0.538,0.597,1,0.000,0.000,0.000,0.000,0.000,0.000,-2.415,-2.150
269.41,0.489,0,0.538,0.597,1,0.000,0.000,0.000,0.000,0.000,0.000,-2.407,-2.150
269.61,0.512,0,0.497,2.057,0,0.000,0.000,0.000,0.000,0.000,0.000,-2.409,-2.151
269.81,0.512,0,0.497,2.057,0,0.000,0.000,0.000,0.000,0.000,0.000,-2.412,-2.156
270.01,0.551,0,2.040,2.069,1,0.000,0.000,0.000,0.000,0.000,0.000,-2.412,-2.156
270.21,0.551,0,2.040,2.069,1,0.000,0.000,0.000,0.000,0.000,0.000,-2.413,-2.156
270.41,0.553,0,2.040,2.069,1,0.000,0.000,0.000,0.000,0.000,0.000,-2.413,-2.158
270.61,0.551,0,2.041,2.068,1,0.000,0.000,0.000,0.000,0.000,0.000,-2.410,-2.155
270.81,0.551,0,2.041,2.068,1,0.000,0.000,0.000,0.000,0.000,0.000,-2.410,-2.151
271.01,0.551,0,2.037,2.077,1,0.000,0.000,0.000,0.000,0.000,0.000,-2.410,-2.151
271.21,0.553,0,2.037,2.077,1,0.000,0.000,0.000,0.000,0.000,0.000,-2.407,-2.160
271.41,0.552,0,2.037,2.077,1,0.000,0.000,0.000,0.000,0.000,0.000,-2.409,-2.162
271.61,0.511,0,2.045,2.052,1,0.000,0.000,0.000,0.000,0.000,0.000,-2.405,-2.154
271.81,0.511,0,2.045,2.052,1,0.000,0.000,0.000,0.000,0.000,0.000,-2.407,-2.155
272.01,0.495,0,2.021,2.071,1,0.000,0.000,0.000,0.000,0.000,0.000,-2.407,-2.155
272.21,0.507,0,2.021,2.071,1,0.000,0.000,-9.000,0.000,0.000,-9.000,-2.401,-2.157
272.41,0.510,0,2.021,2.071,1,0.000,0.000,-9.000,0.000,0.000,-9.000,-2.408,-2.153
272.61,0.480,0,2.037,2.328,0,0.000,0.000,0.000,0.000,0.000,0.000,0.000,0.000
272.81,0.480,0,2.037,2.328,0,0.000,0.000,0.000,0.000,0.000,0.000,-2.408,-2.153
273.01,0.116,0,0.463,2.055,0,0.000,0.000,0.000,0.000,0.000,0.000,-2.408,-2.153
273.21,0.116,0,0.463,2.055,0,0.000,0.000,0.000,0.000,0.000,0.000,-2.320,-2.101
273.41,0.115,0,0.463,2.055,0,0.000,0.000,0.000,0.000,0.000,0.000,-2.336,-2.111
273.61,0.451,0,0.460,2.056,0,0.000,0.600,0.000,0.000,0.325,0.000,-2.338,-2.106
273.81,0.451,0,0.460,2.056,0,0.000,0.600,0.000,0.000,0.325,0.000,-2.338,-2.106
274.01,0.116,0,0.461,2.065,0,0.000,0.600,0.000,0.000,0.325,0.000,-2.333,-2.099
274.21,0.116,0,0.461,2.065,0,0.000,0.600,0.000,0.000,0.324,0.000,-2.339,-2.112
274.41,0.115,0,0.461,2.065,0,0.000,0.000,0.000,0.000,0.000,0.000,-2.339,-2.102
274.61,0.115,1,0.459,2.059,0,0.000,0.000,9.000,0.000,0.000,0.000,-2.338,-2.103
274.81,0.116,1,0.459,2.059,0,0.000,0.000,9.000,0.000,0.000,0.000,-2.338,-2.103
275.01,0.115,1,0.459,2.060,0,0.000,0.000,9.000,0.000,0.000,0.000,-2.340,-2.109
275.21,0.117,1,0.459,2.060,0,0.000,0.000,9.000,0.000,0.000,0.000,-2.338,-2.105
275.41,0.116,1,0.459,2.060,0,0.000,0.000,9.000,0.000,0.000,0.000,-2.340,-2.105
275.61,0.116,1,0.457,2.054,0,0.000,0.000,9.000,0.000,0.000,0.000,-2.338,-2.109
275.81,0.115,0,0.457,2.054,0,0.000,0.000,0.000,0.000,0.000,0.000,-2.338,-2.109
276.01,0.116,1,0.458,2.054,0,0.000,0.000,9.000,0.000,0.000,0.000,-2.337,-2.110
276.21,0.116,1,0.458,2.054,0,0.000,0.000,9.000,0.000,0.000,0.000,-2.345,-2.106
276.41,0.450,1,0.458,2.054,0,0.000,0.000,9.000,0.000,0.000,0.000,-2.334,-2.105
276.61,0.450,1,0.459,2.056,0,0.000,0.000,9.000,0.000,0.000,0.000,-2.334,-2.109
276.81,0.115,1,0.459,2.056,0,0.000,0.000,9.000,0.000,0.000,0.000,-2.334,-2.109
277.01,0.116,1,0.460,2.063,0,0.000,0.000,9.000,0.000,0.000,0.000,-2.341,-2.116
277.21,0.116,0,0.460,2.063,0,0.600,0.000,0.000,0.075,0.000,0.000,-2.342,-2.106
277.41,0.115,0,0.460,2.063,0,0.600,0.000,0.000,0.075,0.000,0.000,-2.341,-2.111
277.61,0.115,0,0.459,2.055,0,0.000,0.000,0.000,0.000,0.000,0.000,-2.338,-2.111
277.81,0.116,1,0.459,2.055,0,-0.600,0.000,0.000,0.000,0.000,0.000,-2.338,-2.111
278.01,0.115,0,0.458,2.055,0,0.000,0.000,0.000,0.000,0.000,0.000,-2.337,-2.114
278.21,0.116,0,0.458,2.055,0,0.000,0.000,0.000,0.000,0.000,0.000,-2.338,-2.109
278.41,0.116,1,0.458,2.055,0,-0.600,0.000,0.000,0.000,0.000,0.000,-2.334,-2.104
278.61,0.116,0,0.458,2.060,0,0.000,0.000,0.000,0.000,0.000,0.000,-2.332,-2.109
278.81,0.117,0,0.458,2.060,0,0.000,-0.600,0.000,0.000,-0.182,0.000,-2.332,-2.109
279.01,0.116,1,0.457,2.065,0,-0.600,0.000,0.000,0.000,0.000,0.000,-2.341,-2.100
279.21,0.116,0,0.457,2.065,0,0.000,0.600,0.000,0.000,0.323,0.000,-2.336,-2.104
279.41,0.116,0,0.457,2.065,0,0.000,0.600,0.000,0.000,0.321,0.000,-2.337,-2.103
279.61,0.116,1,0.457,2.055,0,-0.600,0.000,0.000,0.000,0.000,0.000,-2.341,-2.098
279.81,0.117,0,0.457,2.055,0,0.000,0.000,0.000,0.000,0.000,0.000,-2.341,-2.098
280.01,0.116,0,0.454,2.053,0,0.600,0.000,0.000,0.067,0.000,0.000,-2.343,-2.099
280.21,0.115,0,0.454,2.053,0,0.600,0.000,0.000,0.051,0.000,0.000,-2.339,-2.104
280.41,0.479,0,0.454,2.053,0,0.000,0.000,0.000,0.000,0.000,0.000,-2.332,-2.108
280.61,0.479,0,0.487,0.547,1,0.000,0.000,0.000,0.000,0.000,0.000,-2.338,-2.106
280.81,0.116,0,0.487,0.547,1,0.000,0.000,0.000,0.000,0.000,0.000,-2.338,-2.106
281.01,0.115,0,0.501,0.558,1,0.600,0.000,0.000,0.140,0.000,0.000,-2.335,-2.110
281.21,0.116,0,0.501,0.558,1,0.600,0.000,0.000,0.165,0.000,0.000,-2.336,-2.110
281.41,0.116,0,0.501,0.558,1,0.000,0.000,0.000,0.000,0.000,0.000,-2.334,-2.107
281.61,0.116,0,0.534,0.578,1,0.000,0.000,0.000,0.000,0.000,0.000,-2.334,-2.107
281.81,0.116,0,0.534,0.578,1,0.600,0.000,0.000,0.308,0.000,0.000,-2.341,-2.105
282.01,0.115,0,0.629,0.665,1,0.600,0.000,0.000,0.335,0.000,0.000,-2.335,-2.103
282.21,0.116,0,0.629,0.665,1,0.000,0.000,0.000,0.000,0.000,0.000,-2.329,-2.104
282.41,0.116,0,0.629,0.665,1,0.000,0.000,0.000,0.000,0.000,0.000,-2.284,-2.091
282.61,0.116,0,0.785,0.868,1,0.600,0.000,0.000,0.570,0.000,0.000,-2.284,-2.091
282.81,0.116,0,0.785,0.868,1,0.600,0.000,0.000,0.600,0.000,0.000,-2.291,-2.091
283.01,0.116,0,0.898,0.924,1,0.000,0.000,0.000,0.000,0.000,0.000,-2.282,-2.088
283.21,0.116,0,0.898,0.924,1,0.000,0.000,0.000,0.000,0.000,0.000,-2.226,-2.069
283.41,0.116,0,0.898,0.924,1,0.000,0.000,0.000,0.000,0.000,0.000,-2.158,-2.032
283.61,0.116,0,0.746,0.755,1,0.000,0.000,0.000,0.000,0.000,0.000,-2.158,-2.032
283.81,0.116,1,0.746,0.755,1,0.000,0.000,-9.000,0.000,0.000,0.000,-2.121,-2.007
284.01,0.116,0,0.681,0.692,1,0.000,0.000,0.000,0.000,0.000,0.000,-2.090,-1.994
284.21,0.116,1,0.681,0.692,1,0.000,0.000,-9.000,0.000,0.000,0.000,-2.095,-1.993
284.41,0.116,1,0.681,0.692,1,0.000,0.000,-9.000,0.000,0.000,0.000,-2.092,-1.998
284.61,0.649,0,0.655,0.678,1,0.000,0.000,0.000,0.000,0.000,0.000,-2.092,-1.998
284.81,0.640,0,0.655,0.678,1,0.000,0.000,0.000,0.000,0.000,0.000,-2.087,-2.003
285.01,0.115,1,0.639,0.668,1,0.000,0.000,9.000,0.000,0.000,0.000,-2.094,-2.001
285.21,0.116,1,0.639,0.668,1,0.000,0.000,9.000,0.000,0.000,0.000,-2.094,-2.003
285.41,0.116,0,0.639,0.668,1,0.000,0.000,9.000,0.000,0.000,9.000,-2.090,-2.000
285.61,0.624,0,0.630,0.667,1,0.000,0.000,9.000,0.000,0.000,9.000,-2.090,-2.000
285.81,0.627,0,0.630,0.667,1,0.000,0.000,9.000,0.000,0.000,9.000,-2.081,-1.970
286.01,0.633,0,0.640,2.956,0,0.000,0.000,0.000,0.000,0.000,0.000,0.000,0.000
286.21,0.117,0,0.640,2.956,0,0.000,0.000,0.000,0.000,0.000,0.000,-2.081,-1.970
286.41,0.117,0,0.640,2.956,0,0.000,0.000,0.000,0.000,0.000,0.000,0.000,0.000
286.61,0.695,0,0.701,0.804,1,0.000,0.000,0.000,0.000,0.000,0.000,0.000,0.000
286.81,0.699,0,0.701,0.804,1,0.000,0.000,-9.000,0.000,0.000,-9.000,-2.081,-1.970
287.01,0.700,0,0.706,0.586,1,0.000,0.000,-9.000,0.000,0.000,-9.000,-2.129,-1.980
287.21,0.703,0,0.706,0.586,1,0.000,0.000,0.000,0.000,0.000,0.000,-2.057,-1.887
287.41,0.703,0,0.706,0.586,1,0.000,0.000,0.000,0.000,0.000,0.000,0.000,0.000
287.61,0.668,0,2.037,2.076,1,0.000,0.000,0.000,0.000,0.000,0.000,0.000,0.000
287.81,0.116,0,2.037,2.076,1,0.000,0.000,-9.000,0.000,0.000,-9.000,-2.057,-1.887
288.01,0.115,0,1.039,2.068,0,0.000,0.000,-9.000,0.000,0.000,-9.000,-2.068,-1.891
288.21,0.650,0,1.039,2.068,0,0.000,0.000,0.000,0.000,0.000,0.000,-2.038,-1.885
288.41,0.650,0,1.039,2.068,0,0.000,0.000,0.000,0.000,0.000,0.000,0.000,0.000
288.61,0.641,0,0.648,0.704,1,0.000,0.000,0.000,0.000,0.000,0.000,0.000,0.000
288.81,0.115,1,0.648,0.704,1,0.000,0.000,9.000,0.000,0.000,0.000,-2.038,-1.885
289.01,0.115,0,0.657,0.709,1,0.000,0.000,0.000,0.000,0.000,0.000,-2.024,-1.876
289.21,0.115,1,0.657,0.709,1,0.000,0.000,9.000,0.000,0.000,0.000,-2.043,-1.880
289.41,0.115,1,0.657,0.709,1,0.000,0.000,9.000,0.000,0.000,0.000,-2.048,-1.890
289.61,0.115,0,0.653,0.706,1,0.000,0.000,0.000,0.000,0.000,0.000,-2.048,-1.890
289.81,0.116,1,0.653,0.706,1,0.000,0.000,9.000,0.000,0.000,0.000,-2.049,-1.895
290.01,0.642,0,0.648,0.703,1,0.000,0.000,0.000,0.000,0.000,0.000,-2.053,-1.892
290.21,0.115,1,0.648,0.703,1,-0.600,0.000,0.000,0.000,0.000,0.000,-2.050,-1.889
290.41,0.115,1,0.648,0.703,1,-0.600,0.000,0.000,0.000,0.000,0.000,-2.046,-1.886
290.61,0.116,1,0.642,0.700,1,-0.600,0.000,0.000,0.000,0.000,0.000,-2.046,-1.886
290.81,0.116,1,0.642,0.700,1,-0.600,0.000,0.000,0.000,0.000,0.000,-2.044,-1.883
291.01,0.628,0,0.634,0.696,1,0.000,0.000,0.000,0.000,0.000,0.000,-2.050,-1.882
291.21,0.628,0,0.634,0.696,1,0.600,0.000,0.000,0.339,0.000,0.000,-2.041,-1.883
291.41,0.626,0,0.634,0.696,1,0.600,0.000,0.000,0.339,0.000,0.000,-2.040,-1.883
291.61,0.116,0,0.626,0.683,1,0.000,0.000,0.000,0.000,0.000,0.000,-2.040,-1.883
291.81,0.587,0,0.626,0.683,1,0.000,0.000,0.000,0.000,0.000,0.000,-2.024,-1.881
292.01,0.116,0,0.577,0.640,1,0.000,0.000,0.000,0.000,0.000,0.000,-1.997,-1.871
292.21,0.116,1,0.577,0.640,1,-0.600,0.000,0.000,0.000,0.000,0.000,-2.001,-1.866
292.41,0.115,0,0.577,0.640,1,0.000,0.000,0.000,0.000,0.000,0.000,-2.001,-1.866
292.61,0.566,0,0.573,0.638,1,-0.600,0.000,0.000,-0.600,0.000,0.000,-1.996,-1.870
292.81,0.115,1,0.573,0.638,1,-0.600,0.000,0.000,0.000,0.000,0.000,-1.991,-1.867
293.01,0.602,0,0.609,0.677,1,0.000,0.000,0.000,0.000,0.000,0.000,-2.020,-1.873
293.21,0.602,0,0.609,0.677,1,0.000,0.000,0.000,0.000,0.000,0.000,-2.085,-1.883
293.41,0.645,0,0.609,0.677,1,0.000,0.000,0.000,0.000,0.000,0.000,-2.085,-1.883
293.61,0.659,0,0.665,0.729,1,0.000,0.000,9.000,0.000,0.000,9.000,-2.087,-1.909
293.81,0.659,0,0.665,0.729,1,0.000,0.000,0.000,0.000,0.000,0.000,-2.061,-1.881
294.01,0.683,0,0.703,2.108,0,0.000,0.000,0.000,0.000,0.000,0.000,0.000,0.000
294.21,0.683,0,0.703,2.108,0,0.000,0.000,0.000,0.000,0.000,0.000,-2.061,-1.881
294.41,0.115,0,0.703,2.108,0,0.000,0.000,0.000,0.000,0.000,0.000,-2.061,-1.881
294.61,0.116,0,0.734,1.011,0,0.000,0.000,0.000,0.000,0.000,0.000,-2.153,-1.943
294.81,0.116,1,0.734,1.011,0,0.000,0.000,-9.000,0.000,0.000,0.000,-2.138,-1.913
295.01,0.115,0,1.328,1.074,0,0.000,0.000,0.000,0.000,0.000,0.000,-2.151,-1.939
295.21,0.115,1,1.328,1.074,0,0.000,0.000,-9.000,0.000,0.000,0.000,-2.136,-1.911
295.41,0.723,1,1.328,1.074,0,0.000,0.000,-9.000,0.000,0.000,0.000,-2.136,-1.911
295.61,0.659,0,1.328,1.029,0,0.000,0.000,0.000,0.000,0.000,0.000,-2.137,-1.911
295.81,0.543,0,1.328,1.029,0,0.000,0.000,0.000,0.000,0.000,0.000,-2.138,-1.911
296.01,0.497,0,1.298,1.038,0,0.000,0.000,-9.000,0.000,0.000,-9.000,-2.133,-1.910
296.21,0.497,0,1.298,1.038,0,0.000,0.000,-9.000,0.000,0.000,-9.000,-2.149,-1.931
296.41,0.503,0,1.298,1.038,0,0.000,0.000,0.000,0.000,0.000,0.000,-2.149,-1.931
296.61,0.452,0,1.328,0.563,0,0.000,0.000,0.000,0.000,0.000,0.000,0.000,0.000
296.81,0.438,0,1.328,0.563,0,0.000,0.000,9.000,0.000,0.000,9.000,-2.149,-1.931
297.01,0.116,0,0.444,0.510,1,0.000,0.000,9.000,0.000,0.000,9.000,-2.039,-1.882
297.21,0.116,0,0.444,0.510,1,0.000,0.000,0.000,0.000,0.000,0.000,0.000,0.000
297.41,0.457,0,0.444,0.510,1,0.000,0.000,0.000,0.000,0.000,0.000,0.000,0.000
297.61,0.516,0,0.725,0.590,1,0.000,0.000,0.000,0.000,0.000,0.000,-2.039,-1.882
297.81,0.523,0,0.725,0.590,1,0.000,0.000,-9.000,0.000,0.000,-9.000,0.000,0.000
298.01,0.506,0,0.721,0.595,1,0.000,0.000,0.000,0.000,0.000,0.000,-2.039,-1.882
298.21,0.506,0,0.721,0.595,1,0.000,0.000,0.000,0.000,0.000,0.000,0.000,0.000
298.41,0.469,0,0.721,0.595,1,0.000,0.000,0.000,0.000,0.000,0.000,0.000,0.000
298.61,0.462,0,0.478,0.597,1,0.600,0.000,0.000,0.093,0.000,0.000,-2.039,-1.882
298.81,0.463,0,0.478,0.597,1,0.000,0.000,0.000,0.000,0.000,0.000,-2.026,-1.851
299.01,0.116,0,0.472,0.598,1,0.600,0.000,0.000,0.093,0.000,0.000,-2.029,-1.870
299.21,0.116,0,0.472,0.598,1,0.600,0.000,0.000,0.093,0.000,0.000,-2.031,-1.869
299.41,0.461,0,0.472,0.598,1,0.600,0.000,0.000,0.091,0.000,0.000,-2.031,-1.869
299.61,0.460,0,0.470,0.598,1,0.600,0.000,0.000,0.090,0.000,0.000,-2.029,-1.869
299.81,0.458,0,0.470,0.598,1,0.600,0.000,0.000,0.087,0.000,0.000,-2.027,-1.871
300.01,0.457,0,0.467,0.595,1,0.600,0.000,0.000,0.085,0.000,0.000,-2.029,-1.870
300.21,0.457,0,0.467,0.595,1,0.600,0.000,0.000,0.085,0.000,0.000,-2.029,-1.871
300.41,0.458,0,0.467,0.595,1,-0.600,0.000,0.000,-0.600,0.000,0.000,-2.029,-1.871
300.61,0.463,0,0.467,0.605,1,-0.600,0.000,0.000,-0.600,0.000,0.000,-2.029,-1.866
300.81,0.492,0,0.467,0.605,1,0.000,0.000,0.000,0.000,0.000,0.000,-2.037,-1.869
301.01,0.584,0,0.500,0.700,1,0.600,0.000,0.000,0.276,0.000,0.000,-2.105,-1.876
301.21,0.584,0,0.500,0.700,1,0.600,0.000,0.000,0.276,0.000,0.000,-2.181,-1.913
301.41,0.692,0,0.500,0.700,1,0.600,0.000,0.000,0.438,0.000,0.000,-2.181,-1.913
301.61,0.747,0,0.698,0.835,1,0.600,0.000,0.000,0.520,0.000,0.000,-2.191,-1.916
301.81,0.786,0,0.698,0.835,1,0.600,0.000,0.000,0.599,0.000,0.000,-2.187,-1.919
302.01,0.728,0,0.804,0.815,1,0.000,0.000,0.000,0.000,0.000,0.000,-2.147,-1.904
302.21,0.728,0,0.804,0.815,1,0.000,0.000,0.000,0.000,0.000,0.000,-2.147,-1.904
302.41,0.606,0,0.804,0.815,1,-0.600,0.000,0.000,-0.600,0.000,0.000,-2.032,-1.869
302.61,0.492,0,0.613,0.656,1,-0.600,0.000,0.000,-0.600,0.000,0.000,-1.927,-1.809
302.81,0.489,0,0.613,0.656,1,0.000,0.000,0.000,0.000,0.000,0.000,-1.886,-1.806
303.01,0.489,0,0.497,0.620,1,0.000,0.000,0.000,0.000,0.000,0.000,-1.934,-1.814
303.21,0.540,0,0.497,0.620,1,-0.600,0.000,0.000,-0.600,0.000,0.000,-1.934,-1.814
303.41,0.571,0,0.497,0.620,1,-0.600,0.000,0.000,-0.600,0.000,0.000,-1.981,-1.832
303.61,0.614,0,0.578,0.700,1,0.000,0.000,0.000,0.000,0.000,0.000,-2.006,-1.837
303.81,0.712,0,0.578,0.700,1,0.000,0.000,0.000,0.000,0.000,0.000,-2.103,-1.881
304.01,0.712,0,0.718,0.877,1,0.000,0.000,0.000,0.000,0.000,0.000,-2.184,-1.920
304.21,0.757,0,0.718,0.877,1,-0.600,0.000,0.000,-0.536,0.000,0.000,-2.184,-1.920
304.41,0.709,0,0.718,0.877,1,0.000,0.000,0.000,0.000,0.000,0.000,-2.248,-1.948
304.61,0.632,0,0.856,0.963,1,0.000,0.000,0.000,0.000,0.000,0.000,-2.298,-1.978
304.81,0.536,0,0.856,0.963,1,0.000,0.000,0.000,0.000,0.000,0.000,-2.390,-2.021
305.01,0.536,0,1.024,1.167,1,0.000,0.000,0.000,0.000,0.000,0.000,-2.466,-2.067
305.21,0.501,0,1.024,1.167,1,0.600,0.000,0.000,0.600,0.000,0.000,-2.466,-2.067
305.41,0.495,0,1.024,1.167,1,0.000,0.000,0.000,0.000,0.000,0.000,-2.493,-2.092
305.61,0.546,0,1.117,1.157,1,0.000,0.000,0.000,0.000,0.000,0.000,-2.471,-2.086
305.81,0.627,0,1.117,1.157,1,0.000,0.000,0.000,0.000,0.000,0.000,-2.407,-2.046
306.01,0.627,0,0.985,1.044,1,0.000,0.000,0.000,0.000,0.000,0.000,-2.346,-1.994
306.21,0.638,0,0.985,1.044,1,0.000,0.000,0.000,0.000,0.000,0.000,-2.346,-1.994
306.41,0.667,0,0.985,1.044,1,0.000,0.000,0.000,0.000,0.000,0.000,-2.319,-1.976
306.61,0.666,0,0.895,1.002,1,0.000,0.000,0.000,0.000,0.000,0.000,-2.306,-1.971
306.81,0.664,0,0.895,1.002,1,0.000,0.000,0.000,0.000,0.000,0.000,-2.307,-1.973
307.01,0.664,0,0.886,1.032,1,0.000,0.000,0.000,0.000,0.000,0.000,-2.313,-1.973
307.21,0.656,0,0.886,1.032,1,0.000,0.000,0.000,0.000,0.000,0.000,-2.313,-1.973
307.41,0.607,0,0.886,1.032,1,0.000,0.000,0.000,0.000,0.000,0.000,-2.308,-1.975
307.61,0.654,0,0.613,0.967,0,0.000,0.000,0.000,0.000,0.000,0.000,-2.312,-1.977
307.81,0.652,0,0.613,0.967,0,0.000,0.000,0.000,0.000,0.000,0.000,-2.312,-1.972
308.01,0.652,0,0.897,1.001,1,0.000,0.000,0.000,0.000,0.000,0.000,-2.305,-1.974
308.21,0.652,0,0.897,1.001,1,0.000,0.000,0.000,0.000,0.000,0.000,-2.305,-1.974
308.41,0.655,0,0.897,1.001,1,0.000,0.000,0.000,0.000,0.000,0.000,-2.309,-1.975
308.61,0.642,0,0.903,0.977,1,0.000,0.000,0.000,0.000,0.000,0.000,-2.305,-1.973
308.81,0.616,0,0.903,0.977,1,0.000,0.000,0.000,0.000,0.000,0.000,-2.306,-1.973
309.01,0.616,0,0.889,0.986,1,0.000,0.000,0.000,0.000,0.000,0.000,-2.298,-1.971
309.21,0.619,0,0.889,0.986,1,0.000,0.000,0.000,0.000,0.000,0.000,-2.298,-1.971
309.41,0.638,0,0.889,0.986,1,0.000,0.000,0.000,0.000,0.000,0.000,-2.306,-1.971
309.61,0.677,0,0.856,1.028,1,0.000,0.000,0.000,0.000,0.000,0.000,-2.298,-1.973
309.81,0.707,0,0.856,1.028,1,0.000,0.000,0.000,0.000,0.000,0.000,-2.297,-1.964
310.01,0.707,0,0.898,0.867,1,0.000,0.000,0.000,0.000,0.000,0.000,-2.304,-1.974
310.21,0.718,0,0.898,0.867,1,0.000,0.000,0.000,0.000,0.000,0.000,-2.304,-1.974
310.41,0.716,0,0.898,0.867,1,0.000,0.000,0.000,0.000,0.000,0.000,-2.305,-1.968
310.61,0.685,0,0.722,0.749,1,0.000,0.000,0.000,0.000,0.000,0.000,-2.308,-1.969
310.81,0.561,0,0.722,0.749,1,0.000,0.000,0.000,0.000,0.000,0.000,-2.304,-1.973
311.01,0.561,0,0.568,0.652,1,0.000,0.000,0.000,0.000,0.000,0.000,-2.309,-1.972
311.21,0.398,0,0.568,0.652,1,0.000,0.000,0.000,0.000,0.000,0.000,-2.309,-1.972
311.41,0.366,0,0.568,0.652,1,0.000,0.000,0.000,0.000,0.000,0.000,-2.304,-1.968
311.61,0.336,0,0.377,0.415,1,0.000,0.000,0.000,0.000,0.000,0.000,-2.307,-1.971
311.81,0.322,0,0.377,0.415,1,0.000,0.000,0.000,0.000,0.000,0.000,-2.303,-1.976
312.01,0.322,0,0.334,0.408,1,0.000,0.000,0.000,0.000,0.000,0.000,-2.299,-1.973
312.21,0.313,0,0.334,0.408,1,0.000,0.000,0.000,0.000,0.000,0.000,-2.299,-1.973
312.41,0.278,0,0.334,0.408,1,0.000,0.000,0.000,0.000,0.000,0.000,-2.302,-1.973
312.61,0.244,0,0.292,0.435,1,0.000,0.000,0.000,0.000,0.000,0.000,-2.304,-1.971
312.81,0.228,0,0.292,0.435,1,0.000,0.000,0.000,0.000,0.000,0.000,-2.308,-1.979
313.01,0.228,0,0.263,0.418,1,0.000,0.000,0.000,0.000,0.000,0.000,-2.306,-1.973
313.21,0.230,0,0.263,0.418,1,0.000,0.000,0.000,0.000,0.000,0.000,-2.306,-1.973
313.41,0.244,0,0.263,0.418,1,0.000,0.000,0.000,0.000,0.000,0.000,-2.302,-1.973
313.61,0.239,0,0.300,0.441,1,0.000,0.000,0.000,0.000,0.000,0.000,-2.299,-1.969
313.81,0.239,0,0.300,0.441,1,0.000,0.000,0.000,0.000,0.000,0.000,-2.306,-1.974
314.01,0.239,0,0.257,2.434,0,0.000,0.000,0.000,0.000,0.000,0.000,-2.311,-1.972
314.21,0.256,0,0.257,2.434,0,0.000,0.000,0.000,0.000,0.000,0.000,-2.311,-1.972
314.41,0.283,0,0.257,2.434,0,0.000,0.000,0.000,0.000,0.000,0.000,-2.305,-1.971
314.61,0.288,0,0.297,2.478,0,0.000,0.000,0.000,0.000,0.000,0.000,-2.304,-1.974
314.81,0.301,0,0.297,2.478,0,0.000,0.000,0.000,0.000,0.000,0.000,-2.305,-1.970
315.01,0.301,0,0.314,2.416,0,0.000,0.000,0.000,0.000,0.000,0.000,-2.302,-1.972
315.21,0.298,0,0.314,2.416,0,0.000,0.000,0.000,0.000,0.000,0.000,-2.302,-1.972
315.41,0.291,0,0.314,2.416,0,0.000,0.000,0.000,0.000,0.000,0.000,-2.308,-1.974
315.61,0.300,0,0.305,2.398,0,0.000,0.000,0.000,0.000,0.000,0.000,-2.305,-1.976
315.81,0.276,0,0.305,2.398,0,0.000,0.000,0.000,0.000,0.000,0.000,-2.305,-1.969
316.01,0.276,0,0.290,0.608,0,0.000,0.000,0.000,0.000,0.000,0.000,-2.305,-1.969
316.21,0.297,0,0.290,0.608,0,0.000,0.000,0.000,0.000,0.000,0.000,-2.300,-1.968
316.41,0.273,0,0.290,0.608,0,0.000,0.000,0.000,0.000,0.000,0.000,-2.303,-1.967
316.61,0.507,0,0.287,0.487,1,0.000,0.000,0.000,0.000,0.000,0.000,-2.303,-1.970
316.81,0.639,0,0.287,0.487,1,0.000,0.000,0.000,0.000,0.000,0.000,-2.306,-1.971
317.01,0.639,0,0.645,0.679,1,0.000,0.000,0.000,0.000,0.000,0.000,-2.306,-1.971
317.21,0.691,0,0.645,0.679,1,0.000,0.000,0.000,0.000,0.000,0.000,-2.302,-1.970
317.41,0.675,0,0.645,0.679,1,0.000,0.000,0.000,0.000,0.000,0.000,-2.295,-1.969
317.61,0.591,0,0.681,0.672,1,0.000,0.000,0.000,0.000,0.000,0.000,-2.301,-1.969
317.81,0.591,0,0.681,0.672,1,0.000,0.000,0.000,0.000,0.000,0.000,-2.307,-1.972
318.01,0.544,0,0.551,0.560,1,0.000,0.000,0.000,0.000,0.000,0.000,-2.307,-1.972
318.21,0.478,0,0.551,0.560,1,0.000,0.000,0.000,0.000,0.000,0.000,-2.304,-1.970
318.41,0.464,0,0.551,0.560,1,0.000,0.000,0.000,0.000,0.000,0.000,-2.307,-1.970
318.61,0.440,0,0.473,0.525,1,0.000,0.000,0.000,0.000,0.000,0.000,-2.301,-1.962
318.81,0.440,0,0.473,0.525,1,0.000,0.000,0.000,0.000,0.000,0.000,-2.300,-1.966
319.01,0.422,0,0.431,0.491,1,0.000,0.000,0.000,0.000,0.000,0.000,-2.300,-1.966
319.21,0.406,0,0.431,0.491,1,0.000,0.000,0.000,0.000,0.000,0.000,-2.303,-1.970
319.41,0.427,0,0.431,0.491,1,0.000,0.000,0.000,0.000,0.000,0.000,-2.307,-1.968
319.61,0.577,0,0.436,0.622,1,0.000,0.000,0.000,0.000,0.000,0.000,-2.310,-1.972
319.81,0.577,0,0.436,0.622,1,0.000,0.000,0.000,0.000,0.000,0.000,-2.309,-1.970
320.01,0.600,0,0.810,2.398,0,0.000,0.000,0.000,0.000,0.000,0.000,-2.309,-1.970
320.21,0.658,0,0.810,2.398,0,0.000,0.000,0.000,0.000,0.000,0.000,-2.302,-1.969
320.41,0.116,0,0.810,2.398,0,0.000,0.000,0.000,0.000,0.000,0.000,-2.310,-1.963
320.61,0.785,0,0.787,2.406,0,0.000,0.000,0.000,0.000,0.000,0.000,-2.303,-1.968
320.81,0.785,0,0.787,2.406,0,0.000,0.000,0.000,0.000,0.000,0.000,-2.299,-1.963
321.01,0.793,0,0.973,2.405,0,0.000,0.000,0.000,0.000,0.000,0.000,-2.299,-1.963
321.21,0.779,0,0.973,2.405,0,0.000,0.000,0.000,0.000,0.000,0.000,-2.301,-1.973
321.41,0.782,0,0.973,2.405,0,0.000,0.000,0.000,0.000,0.000,0.000,-2.309,-1.971
321.61,0.795,0,0.991,2.408,0,0.000,0.000,0.000,0.000,0.000,0.000,-2.312,-1.972
321.81,0.795,0,0.991,2.408,0,-0.600,0.000,0.000,-0.600,0.000,0.000,-2.302,-1.970
322.01,0.807,0,1.051,2.396,0,-0.600,0.000,0.000,-0.600,0.000,0.000,-2.302,-1.970
322.21,0.782,0,1.051,2.396,0,0.000,0.000,0.000,0.000,0.000,0.000,-2.307,-1.969
322.41,0.720,0,1.051,2.396,0,0.000,0.000,0.000,0.000,0.000,0.000,-2.373,-2.007
322.61,0.655,0,1.121,2.468,0,-0.600,0.000,0.000,-0.428,0.000,0.000,-2.418,-2.036
322.81,0.655,0,1.121,2.468,0,-0.600,0.000,0.000,-0.400,0.000,0.000,-2.431,-2.036
323.01,0.667,0,1.167,2.504,0,0.000,0.000,0.000,0.000,0.000,0.000,-2.431,-2.036
323.21,0.115,1,1.167,2.504,0,-0.600,0.000,0.000,0.000,0.000,0.000,-2.475,-2.052
323.41,0.595,0,1.167,2.504,0,-0.600,0.000,0.000,-0.293,0.000,0.000,-2.522,-2.108
323.61,0.576,0,1.014,0.969,1,-0.600,0.000,0.000,-0.264,0.000,0.000,-2.538,-2.127
323.81,0.576,0,1.014,0.969,1,-0.600,0.000,0.000,-0.273,0.000,0.000,-2.563,-2.148
324.01,0.582,0,0.627,0.990,0,-0.600,0.000,0.000,-0.273,0.000,0.000,-2.563,-2.148
324.21,0.559,0,0.627,0.990,0,-0.600,0.000,0.000,-0.239,0.000,0.000,-2.563,-2.146
324.41,0.559,0,0.627,0.990,0,0.000,0.000,0.000,0.000,0.000,0.000,-2.561,-2.150
324.61,0.554,0,1.049,0.994,1,0.600,0.000,0.000,0.231,0.000,0.000,-2.565,-2.145
324.81,0.554,0,1.049,0.994,1,0.000,0.000,0.000,0.231,0.000,0.000,-2.559,-2.143
325.01,0.574,0,1.035,0.961,1,0.000,0.000,0.000,0.000,0.000,0.000,-2.559,-2.143
325.21,0.613,0,1.035,0.961,1,0.000,-0.600,0.000,0.000,-0.600,0.000,-2.539,-2.107
325.41,0.616,0,1.035,0.961,1,0.000,0.000,0.000,0.000,0.000,0.000,-2.518,-2.097
325.61,0.633,0,0.623,0.915,0,0.000,-0.600,0.000,0.000,-0.600,0.000,-2.494,-2.126
325.81,0.633,0,0.623,0.915,0,0.000,-0.600,0.000,0.000,-0.600,0.000,-2.464,-2.102
326.01,0.641,0,0.672,1.301,0,0.000,0.000,0.000,0.000,0.000,0.000,-2.464,-2.102
326.21,0.642,0,0.672,1.301,0,0.600,0.000,0.000,0.420,0.000,0.000,-2.459,-2.125
326.41,0.646,0,0.672,1.301,0,0.600,0.000,0.000,0.462,0.000,0.000,-2.440,-2.095
326.61,0.660,0,0.714,1.353,0,0.000,0.000,0.000,0.000,0.000,0.000,-2.431,-2.109
326.81,0.660,0,0.714,1.353,0,0.000,-0.600,0.000,0.000,-0.600,0.000,-2.393,-2.080
327.01,0.725,0,0.765,2.462,0,0.000,-0.600,0.000,0.000,-0.600,0.000,-2.393,-2.080
327.21,0.736,0,0.765,2.462,0,0.600,0.000,0.000,0.600,0.000,0.000,-2.359,-2.048
327.41,0.796,0,0.765,2.462,0,0.600,0.000,0.000,0.600,0.000,0.000,-2.319,-2.021
327.61,0.721,0,0.830,2.430,0,0.000,0.000,0.000,0.000,0.000,0.000,-2.302,-2.025
327.81,0.721,0,0.830,2.430,0,0.000,-0.600,0.000,0.000,-0.600,0.000,-2.240,-1.971
328.01,0.115,0,1.185,2.296,0,0.000,0.000,0.000,0.000,0.000,0.000,-2.240,-1.971
328.21,0.764,0,1.185,2.296,0,0.000,0.000,0.000,0.000,0.000,0.000,-2.144,-1.895
328.41,0.779,0,1.185,2.296,0,0.600,0.000,0.000,0.600,0.000,0.000,-2.059,-1.880
328.61,0.784,0,2.140,2.184,1,0.600,0.000,0.000,0.600,0.000,0.000,-2.027,-1.899
328.81,0.784,0,2.140,2.184,1,0.000,0.000,0.000,0.000,0.000,0.000,-1.988,-1.856
329.01,0.770,0,2.059,2.023,1,0.600,0.000,0.000,0.600,0.000,0.000,-1.988,-1.856
329.21,0.747,0,2.059,2.023,1,0.600,0.000,0.000,0.600,0.000,0.000,-1.922,-1.789
329.41,0.735,0,2.059,2.023,1,0.000,0.000,0.000,0.000,0.000,0.000,-1.859,-1.754
329.61,0.740,0,1.900,1.902,1,0.000,0.000,0.000,0.000,0.000,0.000,-1.726,-1.694
329.81,0.740,0,1.900,1.902,1,0.000,0.000,0.000,0.000,0.000,0.000,-1.426,-1.679
330.01,0.781,0,0.942,2.867,0,-0.600,0.000,0.000,-0.600,0.000,0.000,-1.426,-1.679
330.21,0.824,0,0.942,2.867,0,0.000,0.000,0.000,0.000,0.000,0.000,-1.111,-1.838
330.41,0.839,0,0.942,2.867,0,-0.600,0.000,0.000,-0.600,0.000,0.000,0.000,0.000
330.61,0.115,1,1.138,1.337,1,-0.600,0.000,0.000,0.000,0.000,0.000,-1.111,-1.838
330.81,0.115,1,1.138,1.337,1,-0.600,0.000,0.000,0.000,0.000,0.000,-1.190,-1.862
331.01,0.116,0,1.431,1.574,1,0.000,0.000,0.000,0.000,0.000,0.000,-1.190,-1.862
331.21,0.115,1,1.431,1.574,1,-0.600,0.000,0.000,0.000,0.000,0.000,-1.266,-1.919
331.41,0.115,1,1.431,1.574,1,-0.600,0.000,0.000,0.000,0.000,0.000,-1.318,-1.949
331.61,0.116,1,1.580,1.646,1,-0.600,0.000,0.000,0.000,0.000,0.000,-1.336,-1.965
331.81,0.116,1,1.580,1.646,1,-0.600,0.000,0.000,0.000,0.000,0.000,-1.349,-1.960
332.01,0.116,0,1.620,1.688,1,0.000,0.000,0.000,0.000,0.000,0.000,-1.349,-1.960
332.21,0.115,0,1.620,1.688,1,0.000,0.600,0.000,0.000,0.289,0.000,-1.344,-1.971
332.41,0.590,0,1.620,1.688,1,0.000,0.000,0.000,0.000,0.000,0.000,-1.349,-1.965
332.61,0.115,1,1.618,1.689,1,0.000,0.000,9.000,0.000,0.000,0.000,-1.349,-1.970
332.81,0.115,1,1.618,1.689,1,0.000,0.000,9.000,0.000,0.000,0.000,-1.344,-1.968
333.01,0.115,0,1.623,1.684,1,0.000,0.000,0.000,0.000,0.000,0.000,-1.344,-1.968
333.21,0.115,1,1.623,1.684,1,0.000,0.000,9.000,0.000,0.000,0.000,-1.351,-1.968
333.41,0.590,1,1.623,1.684,1,0.000,0.000,9.000,0.000,0.000,0.000,-1.348,-1.969
333.61,0.115,1,1.626,1.692,1,0.000,0.000,9.000,0.000,0.000,0.000,-1.348,-1.965
333.81,0.115,0,1.626,1.692,1,0.000,0.000,0.000,0.000,0.000,0.000,-1.347,-1.972
334.01,0.116,1,1.625,1.690,1,0.000,0.000,-9.000,0.000,0.000,0.000,-1.347,-1.972
334.21,0.116,1,1.625,1.690,1,0.000,0.000,-9.000,0.000,0.000,0.000,-1.350,-1.967
334.41,0.115,0,1.625,1.690,1,0.000,0.000,0.000,0.000,0.000,0.000,-1.349,-1.973
334.61,0.115,1,1.628,1.695,1,-0.600,0.000,0.000,0.000,0.000,0.000,-1.350,-1.971
334.81,0.115,0,1.628,1.695,1,0.000,-0.600,0.000,0.000,-0.600,0.000,-1.348,-1.974
335.01,0.116,0,1.623,1.684,1,0.000,-0.600,0.000,0.000,-0.600,0.000,-1.348,-1.974
335.21,0.115,0,1.623,1.684,1,0.000,0.000,0.000,0.000,0.000,0.000,-1.341,-1.956
335.41,0.115,0,1.623,1.684,1,0.000,-0.600,0.000,0.000,-0.600,0.000,-1.334,-1.969
335.61,0.116,0,1.607,1.668,1,0.000,-0.600,0.000,0.000,-0.600,0.000,-1.351,-1.998
335.81,0.116,0,1.607,1.668,1,0.000,0.000,0.000,0.000,0.000,0.000,-1.326,-1.991
336.01,0.115,0,1.610,1.674,1,0.000,-0.600,0.000,0.000,-0.600,0.000,-1.326,-1.991
336.21,0.622,0,1.610,1.674,1,0.000,-0.600,0.000,0.000,-0.600,0.000,-1.330,-1.989
336.41,0.116,0,1.610,1.674,1,0.000,-0.600,0.000,0.000,-0.600,0.000,-1.292,-1.991
336.61,0.637,0,1.602,3.549,0,0.000,-0.600,0.000,0.000,-0.600,0.000,-1.342,-1.987
336.81,0.637,0,1.602,3.549,0,0.000,-0.600,0.000,0.000,-0.600,0.000,-1.327,-1.988
337.01,0.666,0,1.610,1.963,0,-0.600,0.000,0.000,-0.600,0.000,0.000,-1.327,-1.988
337.21,0.116,1,1.610,1.963,0,-0.600,0.000,0.000,0.000,0.000,0.000,-1.295,-2.010
337.41,0.115,0,1.610,1.963,0,0.000,0.000,0.000,0.000,0.000,0.000,-1.248,-2.044
337.61,0.112,1,1.957,1.983,1,-0.600,0.000,0.000,0.000,0.000,0.000,-1.232,-2.053
337.81,0.112,1,1.957,1.983,1,-0.600,0.000,0.000,0.000,0.000,0.000,-1.248,-2.062
338.01,0.116,1,1.976,1.989,1,-0.600,0.000,0.000,0.000,0.000,0.000,-1.248,-2.062
338.21,0.767,0,1.976,1.989,1,-0.600,0.000,0.000,-0.600,0.000,0.000,-1.253,-2.062
338.41,0.115,0,1.976,1.989,1,0.000,0.000,0.000,0.000,0.000,0.000,-1.253,-2.060
338.61,0.116,1,1.985,1.840,1,-0.600,0.000,0.000,0.000,0.000,0.000,-1.266,-2.088
338.81,0.116,1,1.985,1.840,1,-0.600,0.000,0.000,0.000,0.000,0.000,-1.245,-2.157
339.01,0.815,0,2.083,2.127,1,-0.600,0.000,0.000,-0.600,0.000,0.000,-1.245,-2.157
339.21,0.115,1,2.083,2.127,1,-0.600,0.000,0.000,0.000,0.000,0.000,-1.244,-2.183
339.41,0.863,0,2.083,2.127,1,-0.600,0.000,0.000,-0.600,0.000,0.000,-1.253,-2.232
339.61,0.914,0,2.175,2.225,1,-0.600,0.000,0.000,-0.600,0.000,0.000,-1.254,-2.364
339.81,0.914,0,2.175,2.225,1,-0.600,0.000,0.000,-0.600,0.000,0.000,-1.254,-2.364
340.01,0.886,0,0.994,0.990,1,-0.600,0.000,0.000,-0.600,0.000,0.000,-1.258,-2.469
340.21,0.116,0,0.994,0.990,1,0.000,0.000,0.000,0.000,0.000,0.000,-1.232,-2.635
340.41,0.541,0,0.994,0.990,1,0.000,0.000,0.000,0.000,0.000,0.000,-1.235,-2.835
340.61,0.541,0,1.342,1.122,0,0.000,0.000,0.000,0.000,0.000,0.000,-1.204,-3.057
340.81,0.356,0,1.342,1.122,0,0.000,0.000,0.000,0.000,0.000,0.000,-1.204,-3.057
341.01,0.288,0,1.422,1.756,0,0.000,0.000,0.000,0.000,0.000,0.000,-1.129,-3.108
341.21,0.278,0,1.422,1.756,0,0.600,0.000,0.000,0.600,0.000,0.000,-1.088,-3.167
341.41,0.286,0,1.422,1.756,0,0.000,0.000,0.000,0.000,0.000,0.000,-1.067,-3.201
341.61,0.286,0,1.201,1.793,0,0.000,0.000,0.000,0.000,0.000,0.000,-1.093,-3.204
341.81,0.280,0,1.201,1.793,0,0.600,0.000,0.000,0.600,0.000,0.000,-1.093,-3.204
342.01,0.282,0,1.204,1.733,0,0.600,0.000,0.000,0.600,0.000,0.000,-1.119,-3.191
342.21,0.284,0,1.204,1.733,0,0.000,0.000,0.000,0.000,0.000,0.000,-1.115,-3.170
342.41,0.287,0,1.204,1.733,0,0.600,0.000,0.000,0.600,0.000,0.000,-1.144,-3.120
342.61,0.287,0,1.237,1.597,0,0.600,0.000,0.000,0.600,0.000,0.000,-1.206,-3.033
342.81,0.308,0,1.237,1.597,0,0.600,0.000,0.000,0.600,0.000,0.000,-1.206,-3.033
343.01,0.344,0,1.342,1.360,1,0.600,0.000,0.000,0.600,0.000,0.000,-1.234,-2.959
343.21,0.426,0,1.342,1.360,1,0.600,0.000,0.000,0.600,0.000,0.000,-1.319,-2.807
343.41,0.572,0,1.342,1.360,1,0.600,0.000,0.000,0.600,0.000,0.000,-1.438,-2.647
343.61,0.572,0,1.034,0.852,1,0.600,0.000,0.000,0.545,0.000,0.000,-1.587,-2.415
343.81,0.763,0,1.034,0.852,1,-0.600,0.000,0.000,-0.579,0.000,0.000,-1.587,-2.415
344.01,0.450,0,0.459,0.415,1,0.000,0.600,0.000,0.000,0.600,0.000,-1.759,-2.174
344.21,0.183,0,0.459,0.415,1,0.000,0.600,0.000,0.000,0.465,0.000,-1.865,-1.947
344.41,0.142,0,0.459,0.415,1,0.000,0.000,0.000,0.000,0.000,0.000,0.000,0.000
344.61,0.142,0,0.168,0.601,0,0.000,0.000,0.000,0.000,0.000,0.000,-1.865,-1.947
344.81,0.150,0,0.168,0.601,0,0.000,0.000,0.000,0.000,0.000,0.000,-1.865,-1.947
345.01,0.169,0,0.192,0.541,0,0.000,0.000,0.000,0.000,0.000,0.000,-1.906,-1.917
345.21,0.173,0,0.192,0.541,0,-0.600,0.000,0.000,-0.600,0.000,0.000,-1.953,-2.004
345.41,0.173,0,0.192,0.541,0,-0.600,0.000,0.000,-0.600,0.000,0.000,-1.910,-2.007
345.61,0.173,0,0.195,0.433,0,0.000,0.000,0.000,0.000,0.000,0.000,-1.909,-2.025
345.81,0.199,0,0.195,0.433,0,0.000,0.000,0.000,0.000,0.000,0.000,-1.909,-2.025
346.01,0.280,0,0.294,0.406,1,0.000,0.000,0.000,0.000,0.000,0.000,-1.894,-2.116
346.21,0.357,0,0.294,0.406,1,0.000,0.000,-9.000,0.000,0.000,-9.000,-1.860,-2.191
346.41,0.404,0,0.294,0.406,1,0.000,0.000,-9.000,0.000,0.000,-9.000,-1.840,-2.256
346.61,0.404,0,0.414,0.439,1,0.000,0.000,0.000,0.000,0.000,0.000,0.000,0.000
346.81,0.430,0,0.414,0.439,1,0.000,0.000,-9.000,0.000,0.000,-9.000,0.000,0.000
347.01,0.471,0,0.621,2.507,0,0.000,0.000,-9.000,0.000,0.000,-9.000,-1.840,-2.256
347.21,0.517,0,0.621,2.507,0,0.000,0.000,-9.000,0.000,0.000,-9.000,0.000,0.000
347.41,0.490,0,0.621,2.507,0,0.000,0.000,0.000,0.000,0.000,0.000,-1.840,-2.256
347.61,0.490,0,0.517,2.276,0,0.000,0.000,0.000,0.000,0.000,0.000,0.000,0.000
347.81,0.507,0,0.517,2.276,0,0.000,0.000,0.000,0.000,0.000,0.000,0.000,0.000
348.01,0.547,0,0.554,0.581,1,0.000,0.000,9.000,0.000,0.000,9.000,-1.840,-2.256
348.21,0.115,0,0.554,0.581,1,0.000,0.000,9.000,0.000,0.000,9.000,-1.839,-2.239
348.41,0.569,0,0.554,0.581,1,0.000,0.000,0.000,0.000,0.000,0.000,-1.836,-2.260
348.61,0.569,0,0.576,0.646,1,0.000,0.000,0.000,0.000,0.000,0.000,0.000,0.000
348.81,0.606,0,0.576,0.646,1,0.000,0.000,9.000,0.000,0.000,9.000,0.000,0.000
349.01,0.621,0,1.470,1.575,1,0.000,0.000,9.000,0.000,0.000,9.000,-1.836,-2.260
349.21,0.613,0,1.470,1.575,1,0.000,0.000,0.000,0.000,0.000,0.000,-1.807,-2.200
349.41,0.117,0,1.470,1.575,1,0.000,0.000,0.000,0.000,0.000,0.000,0.000,0.000
349.61,0.117,0,1.052,1.145,1,0.000,0.000,9.000,0.000,0.000,9.000,-1.807,-2.200
349.81,0.591,0,1.052,1.145,1,0.000,0.000,9.000,0.000,0.000,9.000,-1.807,-2.200
350.01,0.115,0,0.691,1.269,0,0.000,0.000,0.000,0.000,0.000,0.000,0.000,0.000
350.21,0.535,0,0.691,1.269,0,0.000,0.000,0.000,0.000,0.000,0.000,-1.807,-2.200
350.41,0.116,0,0.691,1.269,0,0.000,0.000,0.000,0.000,0.000,0.000,-1.826,-2.357
350.61,0.116,0,0.516,0.551,1,0.000,0.000,0.000,0.000,0.000,0.000,-1.826,-2.343
350.81,0.113,0,0.516,0.551,1,0.000,0.000,0.000,0.000,0.000,0.000,-1.826,-2.343
351.01,0.115,0,0.515,0.551,1,0.000,0.000,0.000,0.000,0.000,0.000,0.000,0.000
351.21,0.115,1,0.515,0.551,1,-0.600,0.000,0.000,0.000,0.000,0.000,-1.826,-2.343
351.41,0.508,0,0.515,0.551,1,0.000,0.000,0.000,0.000,0.000,0.000,-1.820,-2.344
351.61,0.508,1,0.516,0.550,1,-0.600,0.000,0.000,0.000,0.000,0.000,-1.823,-2.344
351.81,0.115,1,0.516,0.550,1,-0.600,0.000,0.000,0.000,0.000,0.000,-1.823,-2.344
352.01,0.115,0,0.518,0.551,1,0.000,0.000,0.000,0.000,0.000,0.000,-1.837,-2.348
352.21,0.113,0,0.518,0.551,1,0.000,-0.600,0.000,0.000,-0.600,0.000,-1.825,-2.346
352.41,0.116,0,0.518,0.551,1,0.000,-0.600,0.000,0.000,-0.600,0.000,-1.842,-2.343
352.61,0.116,0,0.519,0.545,1,0.000,-0.600,0.000,0.000,-0.600,0.000,-1.873,-2.349
352.81,0.115,0,0.519,0.545,1,0.000,-0.600,0.000,0.000,-0.600,0.000,-1.873,-2.349
353.01,0.513,0,0.521,0.546,1,0.000,-0.600,0.000,0.000,-0.600,0.000,-1.831,-2.333
353.21,0.519,0,0.521,0.546,1,0.000,-0.600,0.000,0.000,-0.600,0.000,-1.855,-2.325
353.41,0.520,0,0.521,0.546,1,0.000,-0.600,0.000,0.000,-0.600,0.000,-1.801,-2.325
353.61,0.520,0,0.528,0.569,1,0.000,0.000,0.000,0.000,0.000,0.000,-1.779,-2.263
353.81,0.522,0,0.528,0.569,1,0.000,0.000,0.000,0.000,0.000,0.000,-1.779,-2.263
354.01,0.532,0,0.540,0.592,1,0.000,0.000,0.000,0.000,0.000,0.000,-1.773,-2.217
354.21,0.544,0,0.540,0.592,1,0.000,-0.600,0.000,0.000,-0.600,0.000,-1.801,-2.181
354.41,0.548,0,0.540,0.592,1,0.000,-0.600,0.000,0.000,-0.600,0.000,-1.793,-2.141
354.61,0.548,0,0.555,0.600,1,0.000,-0.600,0.000,0.000,0.000,0.000,-1.794,-2.161
354.81,0.544,0,0.555,0.600,1,0.000,-0.600,0.000,0.000,-0.600,0.000,-1.794,-2.161
355.01,0.546,0,0.553,0.594,1,0.000,-0.600,0.000,0.000,-0.600,0.000,-1.779,-2.173
355.21,0.537,0,0.553,0.594,1,0.000,-0.600,0.000,0.000,-0.600,0.000,-1.772,-2.143
355.41,0.530,0,0.553,0.594,1,0.000,-0.600,0.000,0.000,-0.600,0.000,-1.823,-2.290
355.61,0.530,0,0.538,0.655,1,0.000,-0.600,0.000,0.000,-0.600,0.000,-1.841,-2.303
355.81,0.514,0,0.538,0.655,1,0.600,0.000,0.000,0.171,0.000,0.000,-1.841,-2.303
356.01,0.489,0,0.570,0.778,0,0.600,0.000,0.000,0.245,0.000,0.000,-1.849,-2.243
356.21,0.481,0,0.570,0.778,0,0.000,0.000,0.000,0.000,0.000,0.000,-1.869,-2.078
356.41,0.480,0,0.570,0.778,0,0.000,0.000,0.000,0.000,0.000,0.000,-1.985,-1.816
356.61,0.480,0,0.559,0.848,0,-0.600,0.000,0.000,-0.600,0.000,0.000,-2.147,-1.623
356.81,0.478,0,0.559,0.848,0,-0.600,0.000,0.000,-0.600,0.000,0.000,-2.147,-1.623
357.01,0.115,0,0.563,0.854,0,0.000,0.000,0.000,0.000,0.000,0.000,-2.306,-1.466
357.21,0.517,0,0.563,0.854,0,-0.600,0.000,0.000,-0.600,0.000,0.000,-2.313,-1.407
357.41,0.545,0,0.563,0.854,0,-0.600,0.000,0.000,-0.600,0.000,0.000,-2.333,-1.363
357.61,0.545,0,0.643,0.991,0,-0.600,0.000,0.000,-0.600,0.000,0.000,-2.332,-1.278
357.81,0.617,0,0.643,0.991,0,-0.600,0.000,0.000,-0.600,0.000,0.000,-2.332,-1.278
358.01,0.643,0,0.739,1.136,0,-0.600,0.000,0.000,-0.600,0.000,0.000,-2.371,-1.124
358.21,0.116,0,0.739,1.136,0,0.600,0.000,0.000,0.600,0.000,0.000,-2.424,-0.922
358.41,0.767,0,0.739,1.136,0,0.000,0.000,0.000,0.000,0.000,0.000,-2.458,-0.732
358.61,0.767,0,1.052,1.279,0,0.600,0.000,0.000,0.600,0.000,0.000,-2.514,-0.704
358.81,0.763,0,1.052,1.279,0,0.600,0.000,0.000,0.600,0.000,0.000,-2.514,-0.704
359.01,0.769,0,1.044,1.120,1,0.600,0.000,0.000,0.600,0.000,0.000,-2.509,-0.726
359.21,0.785,0,1.044,1.120,1,0.600,0.000,0.000,0.600,0.000,0.000,-2.498,-0.797
359.41,0.831,0,1.044,1.120,1,0.000,-0.600,0.000,0.000,-0.600,0.000,-2.478,-0.928
359.61,0.831,0,0.852,0.988,1,-0.600,0.000,0.000,-0.600,0.000,0.000,-2.452,-1.092
359.81,0.713,0,0.852,0.988,1,0.000,0.000,0.000,0.000,0.000,0.000,-2.452,-1.092
360.01,0.669,0,0.675,0.889,0,0.000,0.000,0.000,0.000,0.000,0.000,-2.430,-1.130
360.21,0.713,0,0.675,0.889,0,0.000,0.000,0.000,0.000,0.000,0.000,-2.424,-1.127
360.41,0.730,0,0.675,0.889,0,-0.600,0.000,0.000,-0.600,0.000,0.000,-2.441,-1.089
360.61,0.730,0,0.736,1.110,0,-0.600,0.000,0.000,-0.600,0.000,0.000,-2.434,-1.093
360.81,0.739,0,0.736,1.110,0,0.000,0.000,0.000,0.000,0.000,0.000,-2.434,-1.093
361.01,0.783,0,0.788,1.110,0,0.000,0.600,0.000,0.000,0.600,0.000,-2.430,-1.062
361.21,0.855,0,0.788,1.110,0,0.000,0.600,0.000,0.000,0.600,0.000,-2.447,-0.965
361.41,0.841,0,0.788,1.110,0,0.000,0.000,0.000,0.000,0.000,0.000,-2.460,-0.895
361.61,0.841,0,0.903,1.380,0,0.000,0.000,0.000,0.000,0.000,0.000,-2.442,-0.855
361.81,0.793,0,0.903,1.380,0,0.000,0.000,0.000,0.000,0.000,0.000,-2.442,-0.855
362.01,0.771,0,0.959,1.403,0,0.000,0.000,0.000,0.000,0.000,0.000,-2.438,-0.839
362.21,0.771,0,0.959,1.403,0,0.000,0.000,0.000,0.000,0.000,0.000,-2.438,-0.837
362.41,0.772,0,0.959,1.403,0,0.000,0.000,0.000,0.000,0.000,0.000,-2.441,-0.838
362.61,0.772,0,0.963,1.404,0,0.000,0.000,-9.000,0.000,0.000,-9.000,-2.440,-0.826
362.81,0.771,0,0.963,1.404,0,0.000,0.000,-9.000,0.000,0.000,-9.000,-2.440,-0.826
363.01,0.779,0,0.945,0.859,1,0.000,0.000,0.000,0.000,0.000,0.000,-2.436,-0.868
363.21,0.809,0,0.945,0.859,1,0.000,0.000,0.000,0.000,0.000,0.000,0.000,0.000
363.41,0.115,0,0.945,0.859,1,0.000,0.000,-9.000,0.000,0.000,-9.000,-2.436,-0.868
363.61,0.115,0,0.942,0.829,1,0.000,0.000,-9.000,0.000,0.000,-9.000,-2.517,-0.770
363.81,0.116,0,0.942,0.829,1,0.000,0.000,0.000,0.000,0.000,0.000,-2.517,-0.770
364.01,0.831,0,0.872,1.600,0,0.000,0.000,0.000,0.000,0.000,0.000,0.000,0.000
364.21,0.831,0,0.872,1.600,0,0.000,0.000,0.000,0.000,0.000,0.000,-2.517,-0.770
364.41,0.830,0,0.872,1.600,0,0.000,0.000,9.000,0.000,0.000,9.000,-2.488,-0.784
364.61,0.830,0,1.355,1.374,1,0.000,0.000,9.000,0.000,0.000,9.000,-2.481,-0.792
364.81,0.834,0,1.355,1.374,1,0.000,0.000,0.000,0.000,0.000,0.000,-2.481,-0.792
365.01,0.964,0,1.412,2.241,0,0.000,0.000,0.000,0.000,0.000,0.000,-2.522,-0.782
365.21,0.836,0,1.412,2.241,0,0.000,0.000,0.000,0.000,0.000,0.000,0.000,0.000
365.41,0.820,0,1.412,2.241,0,0.000,0.000,-9.000,0.000,0.000,-9.000,-2.522,-0.782
365.61,0.820,0,0.941,0.850,1,0.000,0.000,-9.000,0.000,0.000,-9.000,-2.557,-0.696
365.81,0.820,0,0.941,0.850,1,0.000,0.000,0.000,0.000,0.000,0.000,-2.557,-0.696
366.01,0.833,0,0.959,2.354,0,0.000,0.000,0.000,0.000,0.000,0.000,0.000,0.000
366.21,0.817,0,0.959,2.354,0,0.000,0.000,0.000,0.000,0.000,0.000,-2.557,-0.696
366.41,0.818,0,0.959,2.354,0,-0.600,0.000,0.000,-0.600,0.000,0.000,-2.496,-0.778
366.61,0.818,0,1.410,1.474,1,-0.600,0.000,0.000,-0.600,0.000,0.000,-2.512,-0.762
366.81,0.791,0,1.410,1.474,1,0.000,0.000,0.000,0.000,0.000,0.000,-2.512,-0.762
367.01,0.116,0,1.507,1.576,1,0.000,0.000,0.000,0.000,0.000,0.000,-2.521,-0.697
367.21,0.115,1,1.507,1.576,1,-0.600,0.000,0.000,0.000,0.000,0.000,-2.524,-0.622
367.41,0.694,0,1.507,1.576,1,0.000,0.000,0.000,0.000,0.000,0.000,-2.523,-0.597
367.61,0.694,0,1.599,1.671,1,-0.600,0.000,0.000,-0.560,0.000,0.000,-2.541,-0.587
367.81,0.691,0,1.599,1.671,1,-0.600,0.000,0.000,-0.572,0.000,0.000,-2.541,-0.587
368.01,0.659,0,1.624,1.703,1,0.000,0.000,0.000,0.000,0.000,0.000,-2.539,-0.571
368.21,0.616,0,1.624,1.703,1,0.000,0.000,0.000,0.000,0.000,0.000,-2.542,-0.493
368.41,0.595,0,1.624,1.703,1,-0.600,0.000,0.000,-0.393,0.000,0.000,-2.582,-0.439
368.61,0.595,0,1.734,1.817,1,-0.600,0.000,0.000,-0.344,0.000,0.000,-2.595,-0.424
368.81,0.573,0,1.734,1.817,1,0.000,0.000,0.000,0.000,0.000,0.000,-2.595,-0.424
369.01,0.538,0,1.765,1.823,1,0.000,0.000,0.000,0.000,0.000,0.000,-2.610,-0.364
369.21,0.518,0,1.765,1.823,1,0.000,0.000,0.000,0.000,0.000,0.000,-2.638,-0.315
369.41,0.498,0,1.765,1.823,1,0.000,0.000,0.000,0.000,0.000,0.000,-2.650,-0.303
369.61,0.498,0,1.803,1.866,1,0.000,0.000,0.000,0.000,0.000,0.000,-2.659,-0.298
369.81,0.495,0,1.803,1.866,1,0.000,0.000,0.000,0.000,0.000,0.000,-2.659,-0.298
370.01,0.497,0,1.740,1.781,1,0.000,0.000,0.000,0.000,0.000,0.000,-2.659,-0.298
370.21,0.495,0,1.740,1.781,1,0.000,0.000,0.000,0.000,0.000,0.000,-2.659,-0.295
370.41,0.494,0,1.740,1.781,1,0.000,0.000,0.000,0.000,0.000,0.000,-2.653,-0.298
370.61,0.494,0,1.661,1.731,1,0.000,0.000,0.000,0.000,0.000,0.000,-2.653,-0.300
370.81,0.494,0,1.661,1.731,1,0.000,0.000,0.000,0.000,0.000,0.000,-2.653,-0.300
371.01,0.496,0,1.658,1.735,1,0.000,0.000,0.000,0.000,0.000,0.000,-2.655,-0.302
371.21,0.497,0,1.658,1.735,1,0.000,0.000,0.000,0.000,0.000,0.000,-2.659,-0.302
371.41,0.495,0,1.658,1.735,1,0.000,0.000,0.000,0.000,0.000,0.000,-2.656,-0.305
371.61,0.495,0,1.660,1.741,1,0.000,0.000,0.000,0.000,0.000,0.000,-2.659,-0.295
371.81,0.496,0,1.660,1.741,1,0.000,0.000,0.000,0.000,0.000,0.000,-2.659,-0.295
372.01,0.495,0,1.666,1.749,1,0.000,0.000,0.000,0.000,0.000,0.000,-2.655,-0.298
372.21,0.495,0,1.666,1.749,1,0.000,0.000,0.000,0.000,0.000,0.000,-2.654,-0.300
372.41,0.496,0,1.666,1.749,1,0.000,0.000,0.000,0.000,0.000,0.000,-2.655,-0.300
372.61,0.496,0,1.666,1.739,1,0.000,0.000,0.000,0.000,0.000,0.000,-2.658,-0.295
372.81,0.495,0,1.666,1.739,1,0.000,0.000,0.000,0.000,0.000,0.000,-2.658,-0.295
373.01,0.495,0,1.671,1.741,1,0.000,0.000,0.000,0.000,0.000,0.000,-2.658,-0.297
373.21,0.493,0,1.671,1.741,1,0.000,0.000,0.000,0.000,0.000,0.000,-2.654,-0.300
373.41,0.493,0,1.671,1.741,1,0.000,0.000,0.000,0.000,0.000,0.000,-2.656,-0.299
373.61,0.495,0,0.663,1.747,0,0.000,0.000,0.000,0.000,0.000,0.000,-2.656,-0.299
373.81,0.495,0,0.663,1.747,0,0.000,0.000,0.000,0.000,0.000,0.000,-2.655,-0.298
374.01,0.495,0,1.598,1.733,1,0.000,0.000,0.000,0.000,0.000,0.000,-2.657,-0.302
374.21,0.495,0,1.598,1.733,1,0.000,0.000,0.000,0.000,0.000,0.000,-2.656,-0.294
374.41,0.496,0,1.598,1.733,1,0.000,0.000,0.000,0.000,0.000,0.000,-2.658,-0.302
374.61,0.496,0,1.407,1.371,1,0.000,0.000,0.000,0.000,0.000,0.000,-2.658,-0.302
374.81,0.493,0,1.407,1.371,1,0.000,0.000,0.000,0.000,0.000,0.000,-2.658,-0.298
375.01,0.493,0,0.961,1.356,0,0.000,0.000,0.000,0.000,0.000,0.000,-2.658,-0.295
375.21,0.493,0,0.961,1.356,0,0.000,0.000,0.000,0.000,0.000,0.000,-2.661,-0.299
375.41,0.493,0,0.961,1.356,0,0.000,0.000,0.000,0.000,0.000,0.000,-2.665,-0.291
375.61,0.493,0,0.906,2.795,0,0.000,0.000,0.000,0.000,0.000,0.000,-2.665,-0.291
375.81,0.495,0,0.906,2.795,0,0.000,0.000,0.000,0.000,0.000,0.000,-2.665,-0.289
376.01,0.496,0,2.712,2.800,1,0.000,0.000,0.000,0.000,0.000,0.000,-2.658,-0.291
376.21,0.497,0,2.712,2.800,1,0.000,0.000,0.000,0.000,0.000,0.000,-2.658,-0.295
376.41,0.497,0,2.712,2.800,1,0.000,0.000,0.000,0.000,0.000,0.000,-2.657,-0.294
376.61,0.497,0,2.692,2.771,1,0.000,0.000,0.000,0.000,0.000,0.000,-2.657,-0.294
376.81,0.493,0,2.692,2.771,1,0.000,0.000,0.000,0.000,0.000,0.000,-2.657,-0.294
377.01,0.491,0,2.713,2.828,1,0.000,0.000,0.000,0.000,0.000,0.000,-2.655,-0.297
377.21,0.492,0,2.713,2.828,1,0.000,0.000,0.000,0.000,0.000,0.000,-2.660,-0.297
377.41,0.492,0,2.713,2.828,1,0.000,0.000,0.000,0.000,0.000,0.000,-2.655,-0.300
377.61,0.496,0,2.714,2.878,1,0.000,0.000,0.000,0.000,0.000,0.000,-2.655,-0.300
377.81,0.495,0,2.714,2.878,1,0.000,0.000,0.000,0.000,0.000,0.000,-2.658,-0.299
378.01,0.493,0,2.712,2.756,1,0.000,0.000,0.000,0.000,0.000,0.000,-2.658,-0.298
378.21,0.493,0,2.712,2.756,1,0.000,0.000,0.000,0.000,0.000,0.000,-2.661,-0.293
378.41,0.493,0,2.712,2.756,1,0.000,0.000,0.000,0.000,0.000,0.000,-2.657,-0.301
378.61,0.493,0,2.701,2.737,1,0.000,0.000,0.000,0.000,0.000,0.000,-2.657,-0.301
378.81,0.493,0,2.701,2.737,1,0.000,0.000,0.000,0.000,0.000,0.000,-2.653,-0.302
379.01,0.493,0,2.714,2.777,1,0.000,0.000,0.000,0.000,0.000,0.000,-2.657,-0.300
379.21,0.493,0,2.714,2.777,1,0.000,0.000,0.000,0.000,0.000,0.000,-2.657,-0.293
379.41,0.493,0,2.714,2.777,1,0.000,0.000,0.000,0.000,0.000,0.000,-2.659,-0.294
379.61,0.493,0,2.441,2.783,0,0.000,0.000,0.000,0.000,0.000,0.000,-2.659,-0.294
379.81,0.493,0,2.441,2.783,0,0.000,0.000,0.000,0.000,0.000,0.000,-2.655,-0.299
380.01,0.115,0,2.428,2.751,0,0.000,0.000,0.000,0.000,0.000,0.000,-2.662,-0.294
380.21,0.494,0,2.428,2.751,0,0.000,0.000,0.000,0.000,0.000,0.000,-2.657,-0.297
380.41,0.494,0,2.428,2.751,0,0.000,0.000,0.000,0.000,0.000,0.000,-2.660,-0.296
380.61,0.493,0,2.712,2.742,1,0.000,0.000,0.000,0.000,0.000,0.000,-2.660,-0.296
380.81,0.494,0,2.712,2.742,1,0.000,0.000,0.000,0.000,0.000,0.000,-2.658,-0.300
381.01,0.494,0,2.679,2.860,1,0.000,0.000,0.000,0.000,0.000,0.000,-2.655,-0.298
381.21,0.494,0,2.679,2.860,1,0.000,0.000,0.000,0.000,0.000,0.000,-2.658,-0.299
381.41,0.494,0,2.679,2.860,1,0.000,0.000,0.000,0.000,0.000,0.000,-2.659,-0.297
381.61,0.494,0,2.713,2.757,1,0.000,0.000,0.000,0.000,0.000,0.000,-2.659,-0.297
381.81,0.494,0,2.713,2.757,1,0.000,0.000,0.000,0.000,0.000,0.000,-2.657,-0.300
382.01,0.493,0,2.689,2.819,1,0.000,0.000,0.000,0.000,0.000,0.000,-2.653,-0.296
382.21,0.494,0,2.689,2.819,1,0.000,0.000,0.000,0.000,0.000,0.000,-2.658,-0.296
382.41,0.494,0,2.689,2.819,1,0.000,0.000,0.000,0.000,0.000,0.000,-2.657,-0.296
382.61,0.493,0,2.708,2.734,1,0.000,0.000,0.000,0.000,0.000,0.000,-2.657,-0.296
382.81,0.494,0,2.708,2.734,1,0.000,0.000,0.000,0.000,0.000,0.000,-2.661,-0.296
383.01,0.494,0,2.714,2.742,1,0.000,0.000,0.000,0.000,0.000,0.000,-2.653,-0.296
383.21,0.494,0,2.714,2.742,1,0.000,0.000,0.000,0.000,0.000,0.000,-2.656,-0.299
383.41,0.494,0,2.714,2.742,1,0.000,0.000,0.000,0.000,0.000,0.000,-2.657,-0.299
383.61,0.493,0,2.712,2.762,1,0.000,0.000,0.000,0.000,0.000,0.000,-2.657,-0.299
383.81,0.494,0,2.712,2.762,1,0.000,0.000,0.000,0.000,0.000,0.000,-2.658,-0.293
384.01,0.494,0,2.703,2.770,1,0.000,0.000,0.000,0.000,0.000,0.000,-2.660,-0.294
384.21,0.493,0,2.703,2.770,1,0.000,0.000,0.000,0.000,0.000,0.000,-2.656,-0.295
384.41,0.493,0,2.703,2.770,1,0.000,0.000,0.000,0.000,0.000,0.000,-2.660,-0.297
384.61,0.116,0,2.701,2.715,1,0.000,0.000,0.000,0.000,0.000,0.000,-2.660,-0.297
384.81,0.494,0,2.701,2.715,1,0.000,0.000,0.000,0.000,0.000,0.000,-2.657,-0.297
385.01,0.494,0,2.695,2.742,1,0.000,0.000,0.000,0.000,0.000,0.000,-2.654,-0.302
385.21,0.494,0,2.695,2.742,1,0.000,0.000,0.000,0.000,0.000,0.000,-2.650,-0.306
385.41,0.494,0,2.695,2.742,1,0.000,0.000,0.000,0.000,0.000,0.000,-2.654,-0.300
385.61,0.494,0,2.708,2.806,1,0.000,0.000,0.000,0.000,0.000,0.000,-2.654,-0.300
385.81,0.494,0,2.708,2.806,1,0.000,0.000,0.000,0.000,0.000,0.000,-2.653,-0.299
386.01,0.494,0,2.438,2.745,0,0.000,0.000,0.000,0.000,0.000,0.000,-2.657,-0.296
386.21,0.494,0,2.438,2.745,0,0.000,0.000,0.000,0.000,0.000,0.000,-2.654,-0.299
386.41,0.494,0,2.438,2.745,0,0.000,0.000,0.000,0.000,0.000,0.000,-2.659,-0.294
386.61,0.493,0,0.663,2.815,0,0.000,0.000,0.000,0.000,0.000,0.000,-2.659,-0.294
386.81,0.494,0,0.663,2.815,0,0.000,0.000,0.000,0.000,0.000,0.000,-2.656,-0.298
387.01,0.493,0,1.750,2.793,0,0.000,0.000,0.000,0.000,0.000,0.000,-2.655,-0.299
387.21,0.494,0,1.750,2.793,0,0.000,0.000,0.000,0.000,0.000,0.000,-2.656,-0.300
387.41,0.494,0,1.750,2.793,0,0.000,0.000,0.000,0.000,0.000,0.000,-2.658,-0.295
387.61,0.493,0,1.550,2.779,0,0.000,0.000,0.000,0.000,0.000,0.000,-2.658,-0.295
387.81,0.494,0,1.550,2.779,0,0.000,0.000,0.000,0.000,0.000,0.000,-2.656,-0.298
388.01,0.494,0,0.664,2.846,0,0.000,0.000,0.000,0.000,0.000,0.000,-2.657,-0.300
388.21,0.494,0,0.664,2.846,0,0.000,0.000,0.000,0.000,0.000,0.000,-2.661,-0.296
388.41,0.494,0,0.664,2.846,0,0.000,0.000,0.000,0.000,0.000,0.000,-2.655,-0.300
388.61,0.494,0,0.663,2.746,0,0.000,0.000,0.000,0.000,0.000,0.000,-2.655,-0.300
388.81,0.115,0,0.663,2.746,0,0.000,0.000,0.000,0.000,0.000,0.000,-2.656,-0.300
389.01,0.494,0,2.699,2.827,1,0.000,0.000,0.000,0.000,0.000,0.000,-2.654,-0.302
389.21,0.494,0,2.699,2.827,1,0.000,0.000,0.000,0.000,0.000,0.000,-2.654,-0.304
389.41,0.494,0,2.699,2.827,1,0.000,0.000,0.000,0.000,0.000,0.000,-2.655,-0.299
389.61,0.116,0,2.378,2.851,0,0.000,0.000,0.000,0.000,0.000,0.000,-2.655,-0.299
389.81,0.116,0,2.378,2.851,0,0.000,0.000,0.000,0.000,0.000,0.000,-2.647,-0.310
390.01,0.493,0,2.704,2.800,1,0.000,0.000,0.000,0.000,0.000,0.000,-2.660,-0.298
390.21,0.494,0,2.704,2.800,1,0.000,0.000,0.000,0.000,0.000,0.000,-2.656,-0.296
390.41,0.494,0,2.704,2.800,1,0.000,0.000,0.000,0.000,0.000,0.000,-2.658,-0.298
390.61,0.495,0,2.716,2.735,1,0.000,0.000,0.000,0.000,0.000,0.000,-2.658,-0.298
390.81,0.495,0,2.716,2.735,1,0.000,0.000,0.000,0.000,0.000,0.000,-2.656,-0.301
391.01,0.492,0,2.349,2.795,0,0.000,0.000,0.000,0.000,0.000,0.000,-2.658,-0.302
391.21,0.497,0,2.349,2.795,0,0.000,0.000,0.000,0.000,0.000,0.000,-2.657,-0.301
391.41,0.497,0,2.349,2.795,0,0.000,0.000,0.000,0.000,0.000,0.000,-2.657,-0.298
391.61,0.493,0,2.715,2.827,1,0.000,0.000,0.000,0.000,0.000,0.000,-2.657,-0.298
391.81,0.495,0,2.715,2.827,1,0.000,0.000,0.000,0.000,0.000,0.000,-2.652,-0.302
392.01,0.503,0,2.426,2.862,0,0.000,0.000,0.000,0.000,0.000,0.000,-2.658,-0.298
392.21,0.116,0,2.426,2.862,0,0.000,0.000,0.000,0.000,0.000,0.000,-2.652,-0.301
392.41,0.116,0,2.426,2.862,0,0.000,0.000,0.000,0.000,0.000,0.000,-2.651,-0.296
392.61,0.494,0,1.515,2.734,0,0.000,0.000,0.000,0.000,0.000,0.000,-2.651,-0.296
392.81,0.494,0,1.515,2.734,0,0.000,0.000,0.000,0.000,0.000,0.000,-2.651,-0.304
393.01,0.494,0,1.498,2.745,0,0.000,0.000,0.000,0.000,0.000,0.000,-2.650,-0.299
393.21,0.495,0,1.498,2.745,0,0.000,0.000,0.000,0.000,0.000,0.000,-2.658,-0.299
393.41,0.495,0,1.498,2.745,0,0.000,0.000,0.000,0.000,0.000,0.000,-2.653,-0.295
393.61,0.495,0,2.318,2.785,0,0.000,0.000,0.000,0.000,0.000,0.000,-2.653,-0.295
393.81,0.494,0,2.318,2.785,0,0.000,0.000,0.000,0.000,0.000,0.000,-2.657,-0.294
394.01,0.495,0,2.709,2.771,1,0.000,0.000,0.000,0.000,0.000,0.000,-2.651,-0.298
394.21,0.495,0,2.709,2.771,1,0.000,0.000,0.000,0.000,0.000,0.000,-2.649,-0.304
394.41,0.495,0,2.709,2.771,1,0.000,0.000,0.000,0.000,0.000,0.000,-2.653,-0.299
394.61,0.495,0,2.496,2.795,0,0.000,0.000,0.000,0.000,0.000,0.000,-2.653,-0.299
394.81,0.494,0,2.496,2.795,0,0.000,0.000,0.000,0.000,0.000,0.000,-2.655,-0.296
395.01,0.495,0,2.713,2.813,1,0.000,0.000,0.000,0.000,0.000,0.000,-2.649,-0.302
395.21,0.495,0,2.713,2.813,1,0.000,0.000,0.000,0.000,0.000,0.000,-2.650,-0.298
395.41,0.495,0,2.713,2.813,1,0.000,0.000,0.000,0.000,0.000,0.000,-2.657,-0.299
395.61,0.495,0,2.713,2.807,1,0.000,0.000,0.000,0.000,0.000,0.000,-2.657,-0.299
395.81,0.494,0,2.713,2.807,1,0.000,0.000,0.000,0.000,0.000,0.000,-2.656,-0.301
396.01,0.495,0,2.442,2.940,0,0.000,0.000,0.000,0.000,0.000,0.000,-2.659,-0.291
396.21,0.494,0,2.442,2.940,0,0.000,0.000,0.000,0.000,0.000,0.000,-2.658,-0.296
396.41,0.494,0,2.442,2.940,0,0.000,0.000,0.000,0.000,0.000,0.000,-2.661,-0.301
396.61,0.479,0,0.663,2.792,0,0.000,0.000,0.000,0.000,0.000,0.000,-2.661,-0.301
396.81,0.503,0,0.663,2.792,0,0.000,0.000,0.000,0.000,0.000,0.000,-2.650,-0.306
397.01,0.504,0,0.561,2.772,0,0.000,0.000,0.000,0.000,0.000,0.000,-2.654,-0.302
397.21,0.479,0,0.561,2.772,0,0.000,0.000,0.000,0.000,0.000,0.000,-2.649,-0.305
397.41,0.479,0,0.561,2.772,0,0.000,0.000,0.000,0.000,0.000,0.000,-2.658,-0.304
397.61,0.501,0,0.570,2.786,0,0.000,0.000,0.000,0.000,0.000,0.000,-2.658,-0.304
397.81,0.481,0,0.570,2.786,0,0.000,0.000,0.000,0.000,0.000,0.000,-2.655,-0.297
398.01,0.432,0,0.664,2.856,0,0.000,0.000,0.000,0.000,0.000,0.000,-2.652,-0.298
398.21,0.440,0,0.664,2.856,0,0.000,0.000,0.000,0.000,0.000,0.000,-2.655,-0.302
398.41,0.440,0,0.664,2.856,0,0.000,0.000,0.000,0.000,0.000,0.000,-2.655,-0.295
398.61,0.520,0,0.710,2.785,0,0.000,0.000,0.000,0.000,0.000,0.000,-2.655,-0.295
398.81,0.473,0,0.710,2.785,0,0.000,0.000,0.000,0.000,0.000,0.000,-2.654,-0.299
399.01,0.453,0,0.662,2.781,0,0.000,0.000,0.000,0.000,0.000,0.000,-2.651,-0.301
399.21,0.446,0,0.662,2.781,0,0.000,0.000,0.000,0.000,0.000,0.000,-2.659,-0.296
399.41,0.446,0,0.662,2.781,0,0.000,0.000,0.000,0.000,0.000,0.000,-2.655,-0.296
399.61,0.476,0,0.655,2.743,0,0.000,0.000,0.000,0.000,0.000,0.000,-2.655,-0.296
399.81,0.455,0,0.655,2.743,0,0.000,0.000,0.000,0.000,0.000,0.000,-2.650,-0.305
400.01,0.503,0,0.519,2.755,0,0.000,0.000,0.000,0.000,0.000,0.000,-2.652,-0.301
400.21,0.650,0,0.519,2.755,0,0.000,0.000,0.000,0.000,0.000,0.000,-2.660,-0.298
400.41,0.650,0,0.519,2.755,0,0.000,0.000,0.000,0.000,0.000,0.000,-2.654,-0.297
400.61,0.806,0,2.708,2.789,1,0.000,0.000,0.000,0.000,0.000,0.000,-2.654,-0.297
400.81,0.823,0,2.708,2.789,1,0.000,0.000,0.000,0.000,0.000,0.000,-2.651,-0.297
401.01,0.656,0,0.663,2.750,0,0.000,0.000,0.000,0.000,0.000,0.000,-2.656,-0.294
401.21,0.822,0,0.663,2.750,0,0.000,0.000,0.000,0.000,0.000,0.000,-2.653,-0.292
401.41,0.822,0,0.663,2.750,0,0.000,0.000,0.000,0.000,0.000,0.000,-2.655,-0.299
401.61,1.059,0,2.714,2.826,1,0.000,0.000,0.000,0.000,0.000,0.000,-2.655,-0.299
401.81,0.812,0,2.714,2.826,1,0.000,0.000,0.000,0.000,0.000,0.000,-2.649,-0.304
402.01,0.823,0,2.715,2.776,1,0.000,0.000,0.000,0.000,0.000,0.000,-2.653,-0.304
402.21,0.826,0,2.715,2.776,1,0.000,0.000,0.000,0.000,0.000,0.000,-2.651,-0.302
402.41,0.826,0,2.715,2.776,1,0.000,0.000,0.000,0.000,0.000,0.000,-2.650,-0.302
402.61,0.827,0,2.715,2.832,1,0.000,0.000,0.000,0.000,0.000,0.000,-2.650,-0.302
402.81,1.071,0,2.715,2.832,1,0.000,0.000,0.000,0.000,0.000,0.000,-2.648,-0.303
403.01,0.830,0,1.647,2.793,0,0.000,0.000,0.000,0.000,0.000,0.000,-2.652,-0.302
403.21,1.071,0,1.647,2.793,0,0.000,0.000,0.000,0.000,0.000,0.000,-2.652,-0.308
403.41,1.071,0,1.647,2.793,0,0.000,0.000,0.000,0.000,0.000,0.000,-2.646,-0.310
403.61,0.655,0,0.662,2.759,0,0.000,0.000,0.000,0.000,0.000,0.000,-2.646,-0.310
403.81,0.822,0,0.662,2.759,0,0.000,0.000,0.000,0.000,0.000,0.000,-2.653,-0.306
404.01,0.826,0,2.668,2.740,1,0.000,0.000,0.000,0.000,0.000,0.000,-2.653,-0.297
404.21,0.826,0,2.668,2.740,1,0.000,0.000,0.000,0.000,0.000,0.000,-2.655,-0.300
404.41,0.826,0,2.668,2.740,1,0.000,0.000,0.000,0.000,0.000,0.000,-2.648,-0.303
404.61,0.827,0,2.711,2.724,1,0.000,0.000,0.000,0.000,0.000,0.000,-2.648,-0.303
404.81,0.826,0,2.711,2.724,1,0.000,0.000,0.000,0.000,0.000,0.000,-2.656,-0.303
405.01,0.817,0,2.383,2.789,0,0.000,0.000,0.000,0.000,0.000,0.000,-2.650,-0.302
405.21,1.084,0,2.383,2.789,0,0.000,0.000,0.000,0.000,0.000,0.000,-2.653,-0.298
405.41,1.084,0,2.383,2.789,0,0.000,0.000,0.000,0.000,0.000,0.000,-2.658,-0.298
405.61,0.826,0,2.712,2.742,1,0.000,0.000,0.000,0.000,0.000,0.000,-2.658,-0.298
405.81,0.826,0,2.712,2.742,1,0.000,0.000,0.000,0.000,0.000,0.000,-2.659,-0.295
406.01,0.822,0,2.690,2.739,1,0.000,0.000,0.000,0.000,0.000,0.000,-2.649,-0.302
406.21,0.818,0,2.690,2.739,1,0.000,0.000,0.000,0.000,0.000,0.000,-2.647,-0.308
406.41,0.818,0,2.690,2.739,1,0.000,0.000,0.000,0.000,0.000,0.000,-2.659,-0.293
406.61,0.814,0,2.673,2.893,0,0.000,0.000,0.000,0.000,0.000,0.000,-2.659,-0.293
406.81,0.822,0,2.673,2.893,0,0.000,0.000,0.000,0.000,0.000,0.000,-2.655,-0.295
407.01,0.656,0,0.663,2.848,0,0.000,0.000,0.000,0.000,0.000,0.000,-2.654,-0.296
407.21,0.828,0,0.663,2.848,0,0.000,0.000,0.000,0.000,0.000,0.000,-2.652,-0.296
407.41,0.828,0,0.663,2.848,0,0.000,0.000,0.000,0.000,0.000,0.000,-2.656,-0.294
407.61,0.830,0,2.715,2.731,1,0.000,0.000,0.000,0.000,0.000,0.000,-2.656,-0.294
407.81,0.812,0,2.715,2.731,1,0.000,0.000,0.000,0.000,0.000,0.000,-2.649,-0.293
408.01,0.817,0,2.687,2.829,1,0.000,0.000,0.000,0.000,0.000,0.000,-2.656,-0.290
408.21,0.974,0,2.687,2.829,1,0.000,0.000,0.000,0.000,0.000,0.000,-2.657,-0.293
408.41,0.974,0,2.687,2.829,1,0.000,0.000,0.000,0.000,0.000,0.000,-2.657,-0.293
408.61,0.823,0,2.489,2.757,0,0.000,0.000,0.000,0.000,0.000,0.000,-2.657,-0.293
408.81,0.823,0,2.489,2.757,0,0.000,0.000,0.000,0.000,0.000,0.000,-2.654,-0.295
409.01,0.753,0,2.403,2.734,0,0.000,0.000,0.000,0.000,0.000,0.000,-2.653,-0.295
409.21,0.754,0,2.403,2.734,0,0.000,0.000,0.000,0.000,0.000,0.000,-2.661,-0.295
409.41,0.754,0,2.403,2.734,0,0.000,0.000,0.000,0.000,0.000,0.000,-2.660,-0.295
409.61,0.743,0,2.713,2.735,1,0.000,0.000,0.000,0.000,0.000,0.000,-2.660,-0.295
409.81,0.655,0,2.713,2.735,1,0.000,0.000,0.000,0.000,0.000,0.000,-2.657,-0.298
410.01,0.728,0,2.711,2.794,1,0.000,0.000,0.000,0.000,0.000,0.000,-2.656,-0.297
410.21,0.115,0,2.711,2.794,1,0.000,0.000,0.000,0.000,0.000,0.000,-2.661,-0.295
410.41,0.115,0,2.711,2.794,1,0.000,0.000,0.000,0.000,0.000,0.000,-2.656,-0.296
410.61,0.723,0,2.705,2.876,1,0.000,0.000,0.000,0.000,0.000,0.000,-2.656,-0.296
410.81,0.720,0,2.705,2.876,1,0.000,0.000,0.000,0.000,0.000,0.000,-2.655,-0.293
411.01,0.717,0,2.696,2.756,1,0.000,0.000,0.000,0.000,0.000,0.000,-2.660,-0.295
411.21,0.718,0,2.696,2.756,1,0.000,0.000,0.000,0.000,0.000,0.000,-2.662,-0.294
411.41,0.718,0,2.696,2.756,1,0.000,0.000,0.000,0.000,0.000,0.000,-2.654,-0.295
411.61,0.717,0,2.705,2.789,1,0.000,0.000,0.000,0.000,0.000,0.000,-2.654,-0.295
411.81,0.659,0,2.705,2.789,1,0.000,0.000,0.000,0.000,0.000,0.000,-2.651,-0.295
412.01,0.660,0,0.666,2.767,0,0.000,0.000,0.000,0.000,0.000,0.000,-2.654,-0.297
412.21,0.724,0,0.666,2.767,0,0.000,0.000,0.000,0.000,0.000,0.000,-2.656,-0.290
412.41,0.724,0,0.666,2.767,0,0.000,0.000,0.000,0.000,0.000,0.000,-2.653,-0.295
412.61,0.724,0,2.713,2.740,1,0.000,0.000,0.000,0.000,0.000,0.000,-2.653,-0.295
412.81,0.729,0,2.713,2.740,1,0.000,0.000,0.000,0.000,0.000,0.000,-2.652,-0.297
413.01,0.735,0,2.700,2.752,1,0.000,0.000,0.000,0.000,0.000,0.000,-2.657,-0.296
413.21,0.742,0,2.700,2.752,1,0.000,0.000,0.000,0.000,0.000,0.000,-2.653,-0.292
413.41,0.742,0,2.700,2.752,1,0.000,0.000,0.000,0.000,0.000,0.000,-2.658,-0.291
413.61,0.748,0,2.713,2.833,1,0.000,0.000,0.000,0.000,0.000,0.000,-2.658,-0.291
413.81,0.756,0,2.713,2.833,1,0.000,0.000,0.000,0.000,0.000,0.000,-2.653,-0.297
414.01,0.759,0,2.492,2.806,0,0.000,0.000,0.000,0.000,0.000,0.000,-2.653,-0.292
414.21,0.760,0,2.492,2.806,0,0.000,0.000,0.000,0.000,0.000,0.000,-2.654,-0.296
414.41,0.760,0,2.492,2.806,0,0.000,0.000,0.000,0.000,0.000,0.000,-2.651,-0.296
414.61,0.765,0,2.715,2.782,1,0.000,0.000,0.000,0.000,0.000,0.000,-2.651,-0.296
414.81,0.767,0,2.715,2.782,1,0.000,0.000,0.000,0.000,0.000,0.000,-2.650,-0.301
415.01,0.770,0,2.712,2.801,1,0.000,0.000,0.000,0.000,0.000,0.000,-2.651,-0.295
415.21,0.744,0,2.712,2.801,1,0.000,0.000,0.000,0.000,0.000,0.000,-2.655,-0.298
415.41,0.744,0,2.712,2.801,1,0.000,0.000,0.000,0.000,0.000,0.000,-2.659,-0.290
415.61,0.710,0,2.712,2.778,1,0.000,0.000,0.000,0.000,0.000,0.000,-2.659,-0.290
415.81,0.706,0,2.712,2.778,1,0.000,0.000,0.000,0.000,0.000,0.000,-2.659,-0.292
416.01,0.660,0,0.666,2.751,0,0.000,0.000,0.000,0.000,0.000,0.000,-2.653,-0.293
416.21,0.714,0,0.666,2.751,0,0.000,0.000,0.000,0.000,0.000,0.000,-2.655,-0.291
416.41,0.714,0,0.666,2.751,0,0.000,0.000,0.000,0.000,0.000,0.000,-2.653,-0.292
416.61,0.680,0,2.710,2.744,1,0.000,0.000,0.000,0.000,0.000,0.000,-2.653,-0.292
416.81,0.647,0,2.710,2.744,1,0.000,0.000,0.000,0.000,0.000,0.000,-2.656,-0.290
417.01,0.655,0,2.705,2.786,1,0.000,0.000,0.000,0.000,0.000,0.000,-2.653,-0.292
417.21,0.658,0,2.705,2.786,1,0.000,0.000,0.000,0.000,0.000,0.000,-2.653,-0.292
417.41,0.658,0,2.705,2.786,1,0.000,0.000,0.000,0.000,0.000,0.000,-2.657,-0.292
417.61,0.658,0,2.296,2.795,0,0.000,0.000,0.000,0.000,0.000,0.000,-2.657,-0.292
417.81,0.660,0,2.296,2.795,0,0.000,0.000,0.000,0.000,0.000,0.000,-2.656,-0.290
418.01,0.665,0,2.452,2.810,0,0.000,0.000,0.000,0.000,0.000,0.000,-2.658,-0.287
418.21,0.115,0,2.452,2.810,0,0.000,0.000,0.000,0.000,0.000,0.000,-2.652,-0.293
418.41,0.115,0,2.452,2.810,0,0.000,0.000,0.000,0.000,0.000,0.000,-2.660,-0.293
418.61,0.792,0,2.706,2.787,1,0.000,0.000,0.000,0.000,0.000,0.000,-2.660,-0.293
418.81,0.823,0,2.706,2.787,1,0.000,0.000,0.000,0.000,0.000,0.000,-2.657,-0.297
419.01,0.825,0,2.286,2.799,0,0.000,0.000,0.000,0.000,0.000,0.000,-2.654,-0.300
419.21,0.822,0,2.286,2.799,0,0.000,0.000,0.000,0.000,0.000,0.000,-2.655,-0.295
419.41,0.822,0,2.286,2.799,0,0.000,0.000,0.000,0.000,0.000,0.000,-2.657,-0.291
419.61,0.115,0,2.718,2.817,1,0.000,0.000,0.000,0.000,0.000,0.000,-2.657,-0.291
419.81,0.116,0,2.718,2.817,1,0.000,0.000,0.000,0.000,0.000,0.000,-2.652,-0.295
420.01,0.659,0,0.665,2.798,0,0.000,0.000,0.000,0.000,0.000,0.000,-2.657,-0.294
420.21,0.802,0,0.665,2.798,0,0.000,0.000,0.000,0.000,0.000,0.000,-2.657,-0.296
420.41,0.802,0,0.665,2.798,0,0.000,0.000,0.000,0.000,0.000,0.000,-2.651,-0.297
420.61,0.526,0,0.816,2.741,0,0.000,0.000,0.000,0.000,0.000,0.000,-2.651,-0.297
420.81,0.500,0,0.816,2.741,0,0.000,0.000,0.000,0.000,0.000,0.000,-2.653,-0.290
421.01,0.516,0,0.723,2.804,0,0.000,0.000,0.000,0.000,0.000,0.000,-2.651,-0.291
421.21,0.503,0,0.723,2.804,0,0.000,0.000,0.000,0.000,0.000,0.000,-2.653,-0.297
421.41,0.503,0,0.723,2.804,0,0.000,0.000,0.000,0.000,0.000,0.000,-2.650,-0.293
421.61,0.116,0,0.741,2.796,0,0.000,0.000,0.000,0.000,0.000,0.000,-2.650,-0.293
421.81,0.476,0,0.741,2.796,0,0.000,0.000,0.000,0.000,0.000,0.000,-2.647,-0.298
422.01,0.475,0,0.703,2.797,0,0.000,0.000,0.000,0.000,0.000,0.000,-2.651,-0.295
422.21,0.487,0,0.703,2.797,0,0.000,0.000,0.000,0.000,0.000,0.000,-2.653,-0.288
422.41,0.487,0,0.703,2.797,0,0.000,0.000,0.000,0.000,0.000,0.000,-2.654,-0.293
422.61,0.499,0,0.726,2.752,0,0.000,0.000,0.000,0.000,0.000,0.000,-2.654,-0.293
422.81,0.496,0,0.726,2.752,0,0.000,0.000,0.000,0.000,0.000,0.000,-2.648,-0.300
423.01,0.494,0,0.727,2.793,0,0.000,0.000,0.000,0.000,0.000,0.000,-2.653,-0.303
423.21,0.493,0,0.727,2.793,0,0.000,0.000,0.000,0.000,0.000,0.000,-2.656,-0.294
423.41,0.493,0,0.727,2.793,0,0.000,0.000,0.000,0.000,0.000,0.000,-2.656,-0.294
423.61,0.115,0,0.731,2.772,0,0.000,0.000,0.000,0.000,0.000,0.000,-2.656,-0.294
423.81,0.492,0,0.731,2.772,0,0.000,0.000,0.000,0.000,0.000,0.000,-2.651,-0.299
424.01,0.493,0,0.726,2.825,0,0.000,0.000,0.000,0.000,0.000,0.000,-2.656,-0.294
424.21,0.493,0,0.726,2.825,0,0.000,0.000,0.000,0.000,0.000,0.000,-2.647,-0.299
424.41,0.493,0,0.726,2.825,0,0.000,0.000,0.000,0.000,0.000,0.000,-2.644,-0.304
424.61,0.493,0,0.728,2.783,0,0.000,0.000,0.000,0.000,0.000,0.000,-2.644,-0.304
424.81,0.493,0,0.728,2.783,0,0.000,0.000,0.000,0.000,0.000,0.000,-2.652,-0.299
425.01,0.492,0,0.766,2.810,0,0.000,0.000,0.000,0.000,0.000,0.000,-2.654,-0.299
425.21,0.492,0,0.766,2.810,0,0.000,0.000,0.000,0.000,0.000,0.000,-2.650,-0.296
425.41,0.492,0,0.766,2.810,0,0.000,0.000,0.000,0.000,0.000,0.000,-2.653,-0.296
425.61,0.492,0,0.728,2.750,0,0.000,0.000,0.000,0.000,0.000,0.000,-2.653,-0.296
425.81,0.492,0,0.728,2.750,0,0.000,0.000,0.000,0.000,0.000,0.000,-2.657,-0.295
426.01,0.492,0,0.730,2.788,0,0.000,0.000,0.000,0.000,0.000,0.000,-2.655,-0.293
426.21,0.492,0,0.730,2.788,0,0.000,0.000,0.000,0.000,0.000,0.000,-2.656,-0.296
426.41,0.492,0,0.730,2.788,0,0.000,0.000,0.000,0.000,0.000,0.000,-2.646,-0.300
426.61,0.492,0,0.731,2.745,0,0.000,0.000,0.000,0.000,0.000,0.000,-2.646,-0.300
426.81,0.492,0,0.731,2.745,0,0.000,0.000,0.000,0.000,0.000,0.000,-2.653,-0.296
427.01,0.116,0,0.664,2.734,0,0.000,0.000,0.000,0.000,0.000,0.000,-2.654,-0.295
427.21,0.492,0,0.664,2.734,0,0.000,0.000,0.000,0.000,0.000,0.000,-2.658,-0.297
427.41,0.492,0,0.664,2.734,0,0.000,0.000,0.000,0.000,0.000,0.000,-2.657,-0.294
427.61,0.492,0,0.734,2.751,0,0.000,0.000,0.000,0.000,0.000,0.000,-2.651,-0.297
427.81,0.492,0,0.734,2.751,0,0.000,0.000,0.000,0.000,0.000,0.000,-2.651,-0.297
428.01,0.492,0,0.665,2.736,0,0.000,0.000,0.000,0.000,0.000,0.000,-2.652,-0.292
428.21,0.492,0,0.665,2.736,0,0.000,0.000,0.000,0.000,0.000,0.000,-2.648,-0.299
428.41,0.492,0,0.665,2.736,0,0.000,0.000,0.000,0.000,0.000,0.000,-2.652,-0.300
428.61,0.492,0,0.761,2.830,0,0.000,0.000,0.000,0.000,0.000,0.000,-2.654,-0.293
428.81,0.492,0,0.761,2.830,0,0.000,0.000,0.000,0.000,0.000,0.000,-2.654,-0.293
429.01,0.492,0,0.768,2.776,0,0.000,0.000,0.000,0.000,0.000,0.000,-2.654,-0.294
429.21,0.492,0,0.768,2.776,0,0.000,0.000,0.000,0.000,0.000,0.000,-2.649,-0.293
429.41,0.492,0,0.768,2.776,0,0.000,0.000,0.000,0.000,0.000,0.000,-2.653,-0.298
429.61,0.492,0,0.730,2.796,0,0.000,0.000,0.000,0.000,0.000,0.000,-2.654,-0.292
429.81,0.492,0,0.730,2.796,0,0.000,0.000,0.000,0.000,0.000,0.000,-2.654,-0.292
430.01,0.492,0,0.731,2.801,0,0.000,0.000,0.000,0.000,0.000,0.000,-2.650,-0.294
430.21,0.492,0,0.731,2.801,0,0.000,0.000,0.000,0.000,0.000,0.000,-2.653,-0.295
430.41,0.492,0,0.731,2.801,0,0.000,0.000,0.000,0.000,0.000,0.000,-2.654,-0.296
430.61,0.492,0,0.727,2.762,0,0.000,0.000,0.000,0.000,0.000,0.000,-2.654,-0.298
430.81,0.492,0,0.727,2.762,0,0.000,0.000,0.000,0.000,0.000,0.000,-2.654,-0.298
431.01,0.492,0,0.729,2.871,0,0.000,0.000,0.000,0.000,0.000,0.000,-2.653,-0.300
431.21,0.492,0,0.729,2.871,0,0.000,0.000,0.000,0.000,0.000,0.000,-2.651,-0.297
431.41,0.492,0,0.729,2.871,0,0.000,0.000,0.000,0.000,0.000,0.000,-2.651,-0.298
431.61,0.492,0,0.730,2.775,0,0.000,0.000,0.000,0.000,0.000,0.000,-2.650,-0.302
431.81,0.492,0,0.730,2.775,0,0.000,0.000,0.000,0.000,0.000,0.000,-2.650,-0.302
432.01,0.492,0,0.767,2.748,0,0.000,0.000,0.000,0.000,0.000,0.000,-2.644,-0.302
432.21,0.492,0,0.767,2.748,0,0.000,0.000,0.000,0.000,0.000,0.000,-2.655,-0.292
432.41,0.492,0,0.767,2.748,0,0.000,0.000,0.000,0.000,0.000,0.000,-2.653,-0.293
432.61,0.492,0,0.766,2.740,0,0.000,0.000,0.000,0.000,0.000,0.000,-2.654,-0.293
432.81,0.492,0,0.766,2.740,0,0.000,0.000,0.000,0.000,0.000,0.000,-2.654,-0.293
433.01,0.492,0,0.726,2.785,0,0.000,0.000,0.000,0.000,0.000,0.000,-2.658,-0.293
433.21,0.492,0,0.726,2.785,0,0.000,0.000,0.000,0.000,0.000,0.000,-2.657,-0.296
433.41,0.492,0,0.726,2.785,0,0.000,0.000,0.000,0.000,0.000,0.000,-2.652,-0.297
433.61,0.492,0,0.731,2.797,0,0.000,0.000,0.000,0.000,0.000,0.000,-2.652,-0.293
433.81,0.492,0,0.731,2.797,0,0.000,0.000,0.000,0.000,0.000,0.000,-2.652,-0.293
434.01,0.115,0,0.765,2.772,0,0.000,0.000,0.000,0.000,0.000,0.000,-2.658,-0.299
434.21,0.116,0,0.765,2.772,0,0.000,0.000,0.000,0.000,0.000,0.000,-2.659,-0.292
434.41,0.492,0,0.765,2.772,0,0.000,0.000,0.000,0.000,0.000,0.000,-2.655,-0.295
434.61,0.492,0,0.733,2.775,0,0.000,0.000,0.000,0.000,0.000,0.000,-2.656,-0.300
434.81,0.492,0,0.733,2.775,0,0.000,0.000,0.000,0.000,0.000,0.000,-2.656,-0.300
435.01,0.492,0,0.731,2.744,0,0.000,0.000,0.000,0.000,0.000,0.000,-2.655,-0.301
435.21,0.492,0,0.731,2.744,0,0.000,0.000,0.000,0.000,0.000,0.000,-2.655,-0.297
435.41,0.492,0,0.731,2.744,0,0.000,0.000,0.000,0.000,0.000,0.000,-2.661,-0.296
435.61,0.492,0,0.730,2.751,0,0.000,0.000,0.000,0.000,0.000,0.000,-2.655,-0.295
435.81,0.492,0,0.730,2.751,0,0.000,0.000,0.000,0.000,0.000,0.000,-2.655,-0.295
436.01,0.492,0,0.731,2.756,0,0.000,0.000,0.000,0.000,0.000,0.000,-2.658,-0.298
436.21,0.492,0,0.731,2.756,0,0.000,0.000,0.000,0.000,0.000,0.000,-2.655,-0.296
436.41,0.492,0,0.731,2.756,0,0.000,0.000,0.000,0.000,0.000,0.000,-2.652,-0.297
436.61,0.492,0,0.732,2.741,0,0.000,0.000,0.000,0.000,0.000,0.000,-2.655,-0.298
436.81,0.492,0,0.732,2.741,0,0.000,0.000,0.000,0.000,0.000,0.000,-2.655,-0.298
437.01,0.492,0,0.754,2.793,0,0.000,0.000,0.000,0.000,0.000,0.000,-2.658,-0.294
437.21,0.492,0,0.754,2.793,0,0.000,0.000,0.000,0.000,0.000,0.000,-2.656,-0.299
437.41,0.492,0,0.754,2.793,0,0.000,0.000,0.000,0.000,0.000,0.000,-2.651,-0.294
437.61,0.492,0,0.730,2.871,0,0.000,0.000,0.000,0.000,0.000,0.000,-2.656,-0.297
437.81,0.492,0,0.730,2.871,0,0.000,0.000,0.000,0.000,0.000,0.000,-2.656,-0.297
438.01,0.492,0,0.765,2.740,0,0.000,0.000,0.000,0.000,0.000,0.000,-2.645,-0.304
438.21,0.492,0,0.765,2.740,0,0.000,0.000,0.000,0.000,0.000,0.000,-2.656,-0.292
438.41,0.492,0,0.765,2.740,0,0.000,0.000,0.000,0.000,0.000,0.000,-2.653,-0.297
438.61,0.492,0,0.728,2.947,0,0.000,0.000,0.000,0.000,0.000,0.000,-2.659,-0.300
438.81,0.492,0,0.728,2.947,0,0.000,0.000,0.000,0.000,0.000,0.000,-2.659,-0.300
439.01,0.492,0,0.732,2.735,0,0.000,0.000,0.000,0.000,0.000,0.000,-2.653,-0.296
439.21,0.492,0,0.732,2.735,0,0.000,0.000,0.000,0.000,0.000,0.000,-2.653,-0.302
439.41,0.492,0,0.732,2.735,0,0.000,0.000,0.000,0.000,0.000,0.000,-2.650,-0.303
439.61,0.492,0,0.728,2.745,0,0.000,0.000,0.000,0.000,0.000,0.000,-2.656,-0.296
439.81,0.492,0,0.728,2.745,0,0.000,0.000,0.000,0.000,0.000,0.000,-2.656,-0.296
440.01,0.492,0,0.731,2.784,0,0.000,0.000,0.000,0.000,0.000,0.000,-2.656,-0.297
440.21,0.492,0,0.731,2.784,0,0.000,0.000,0.000,0.000,0.000,0.000,-2.653,-0.301
440.41,0.492,0,0.731,2.784,0,0.000,0.000,0.000,0.000,0.000,0.000,-2.652,-0.303
440.61,0.492,0,0.740,2.758,0,0.000,0.000,0.000,0.000,0.000,0.000,-2.656,-0.296
440.81,0.492,0,0.740,2.758,0,0.000,0.000,0.000,0.000,0.000,0.000,-2.656,-0.296
441.01,0.492,0,0.733,2.749,0,0.000,0.000,0.000,0.000,0.000,0.000,-2.660,-0.289
441.21,0.492,0,0.733,2.749,0,0.000,0.000,0.000,0.000,0.000,0.000,-2.655,-0.299
441.41,0.492,0,0.733,2.749,0,0.000,0.000,0.000,0.000,0.000,0.000,-2.660,-0.298
441.61,0.492,0,0.730,2.916,0,0.000,0.000,0.000,0.000,0.000,0.000,-2.658,-0.299
441.81,0.492,0,0.730,2.916,0,0.000,0.000,0.000,0.000,0.000,0.000,-2.659,-0.296
442.01,0.492,0,0.730,2.786,0,0.000,0.000,0.000,0.000,0.000,0.000,-2.659,-0.296
442.21,0.492,0,0.730,2.786,0,0.000,0.000,0.000,0.000,0.000,0.000,-2.661,-0.296
442.41,0.492,0,0.730,2.786,0,0.000,0.000,0.000,0.000,0.000,0.000,-2.655,-0.298
442.61,0.115,0,0.737,2.747,0,0.000,0.000,0.000,0.000,0.000,0.000,-2.661,-0.297
442.81,0.115,0,0.737,2.747,0,0.000,0.000,0.000,0.000,0.000,0.000,-2.658,-0.296
443.01,0.492,0,0.729,2.795,0,0.000,0.000,0.000,0.000,0.000,0.000,-2.658,-0.296
443.21,0.492,0,0.729,2.795,0,0.000,0.000,0.000,0.000,0.000,0.000,-2.661,-0.295
443.41,0.492,0,0.729,2.795,0,0.000,0.000,0.000,0.000,0.000,0.000,-2.651,-0.297
443.61,0.492,0,0.729,2.833,0,0.000,0.000,0.000,0.000,0.000,0.000,-2.646,-0.309
443.81,0.492,0,0.729,2.833,0,0.000,0.000,0.000,0.000,0.000,0.000,-2.653,-0.302
444.01,0.492,0,0.730,2.741,0,0.000,0.000,0.000,0.000,0.000,0.000,-2.653,-0.302
444.21,0.492,0,0.730,2.741,0,0.000,0.000,0.000,0.000,0.000,0.000,-2.660,-0.300
444.41,0.492,0,0.730,2.741,0,0.000,0.000,0.000,0.000,0.000,0.000,-2.652,-0.297
444.61,0.474,0,0.665,2.831,0,0.000,0.000,0.000,0.000,0.000,0.000,-2.656,-0.298
444.81,0.474,0,0.665,2.831,0,0.000,0.000,0.000,0.000,0.000,0.000,-2.654,-0.301
445.01,0.397,0,0.735,2.732,0,0.000,0.000,0.000,0.000,0.000,0.000,-2.654,-0.301
445.21,0.370,0,0.735,2.732,0,0.000,0.000,0.000,0.000,0.000,0.000,-2.660,-0.300
445.41,0.358,0,0.735,2.732,0,0.000,0.000,0.000,0.000,0.000,0.000,-2.661,-0.295
445.61,0.368,0,0.739,2.836,0,0.000,0.000,0.000,0.000,0.000,0.000,-2.653,-0.297
445.81,0.368,0,0.739,2.836,0,0.000,0.000,0.000,0.000,0.000,0.000,-2.662,-0.295
446.01,0.398,0,0.436,0.533,1,0.000,0.000,0.000,0.000,0.000,0.000,-2.662,-0.295
446.21,0.492,0,0.436,0.533,1,0.000,0.000,0.000,0.000,0.000,0.000,-2.650,-0.304
446.41,0.492,0,0.436,0.533,1,0.000,0.000,0.000,0.000,0.000,0.000,-2.654,-0.297
446.61,0.492,0,0.703,0.734,1,0.000,0.000,0.000,0.000,0.000,0.000,-2.656,-0.298
446.81,0.492,0,0.703,0.734,1,0.000,0.000,0.000,0.000,0.000,0.000,-2.653,-0.296
447.01,0.492,0,0.730,1.118,0,0.000,0.000,0.000,0.000,0.000,0.000,-2.653,-0.296
447.21,0.492,0,0.730,1.118,0,0.000,0.000,0.000,0.000,0.000,0.000,-2.657,-0.301
447.41,0.492,0,0.730,1.118,0,0.000,0.000,0.000,0.000,0.000,0.000,-2.658,-0.299
447.61,0.491,0,0.733,1.620,0,0.000,0.000,0.000,0.000,0.000,0.000,-2.661,-0.295
447.81,0.491,0,0.733,1.620,0,0.000,0.000,0.000,0.000,0.000,0.000,-2.661,-0.293
448.01,0.491,0,0.734,2.298,0,0.000,0.000,0.000,0.000,0.000,0.000,-2.661,-0.293
448.21,0.492,0,0.734,2.298,0,0.000,0.000,0.000,0.000,0.000,0.000,-2.654,-0.296
448.41,0.492,0,0.734,2.298,0,0.000,0.000,0.000,0.000,0.000,0.000,-2.654,-0.296
448.61,0.492,0,0.732,2.777,0,0.000,0.000,0.000,0.000,0.000,0.000,-2.654,-0.299
448.81,0.492,0,0.732,2.777,0,0.000,0.000,0.000,0.000,0.000,0.000,-2.651,-0.292
449.01,0.492,0,0.730,2.977,0,0.000,0.000,0.000,0.000,0.000,0.000,-2.651,-0.292
449.21,0.492,0,0.730,2.977,0,0.000,0.000,0.000,0.000,0.000,0.000,-2.654,-0.295
449.41,0.491,0,0.730,2.977,0,0.000,0.000,0.000,0.000,0.000,0.000,-2.652,-0.293
449.61,0.492,0,0.664,3.075,0,0.000,0.000,0.000,0.000,0.000,0.000,-2.652,-0.297
449.81,0.492,0,0.664,3.075,0,0.000,0.000,0.000,0.000,0.000,0.000,-2.653,-0.298
450.01,0.492,0,0.765,2.946,0,0.000,0.000,0.000,0.000,0.000,0.000,-2.653,-0.298
450.21,0.492,0,0.765,2.946,0,0.000,0.000,0.000,0.000,0.000,0.000,-2.650,-0.298
450.41,0.492,0,0.765,2.946,0,0.000,0.000,0.000,0.000,0.000,0.000,-2.658,-0.299
450.61,0.492,0,0.729,3.004,0,0.000,0.000,0.000,0.000,0.000,0.000,-2.652,-0.296
450.81,0.492,0,0.729,3.004,0,0.000,0.000,0.000,0.000,0.000,0.000,-2.653,-0.297
451.01,0.492,0,0.768,3.093,0,0.000,0.000,0.000,0.000,0.000,0.000,-2.652,-0.301
451.21,0.492,0,0.768,3.093,0,0.000,0.000,0.000,0.000,0.000,0.000,-2.652,-0.301
451.41,0.492,0,0.768,3.093,0,0.000,0.000,0.000,0.000,0.000,0.000,-2.658,-0.298
451.61,0.492,0,0.731,3.090,0,0.000,0.000,0.000,0.000,0.000,0.000,-2.657,-0.291
451.81,0.492,0,0.731,3.090,0,0.000,0.000,0.000,0.000,0.000,0.000,-2.657,-0.300
452.01,0.492,0,0.731,2.964,0,0.000,0.000,0.000,0.000,0.000,0.000,-2.657,-0.300
452.21,0.116,0,0.731,2.964,0,0.000,0.000,0.000,0.000,0.000,0.000,-2.657,-0.300
452.41,0.492,0,0.731,2.964,0,0.000,0.000,0.000,0.000,0.000,0.000,-2.660,-0.296
452.61,0.491,0,0.734,2.947,0,0.000,0.000,0.000,0.000,0.000,0.000,-2.662,-0.294
452.81,0.491,0,0.734,2.947,0,0.000,0.000,0.000,0.000,0.000,0.000,-2.659,-0.296
453.01,0.491,0,0.734,2.939,0,0.000,0.000,0.000,0.000,0.000,0.000,-2.662,-0.295
453.21,0.492,0,0.734,2.939,0,0.000,0.000,0.000,0.000,0.000,0.000,-2.662,-0.295
453.41,0.492,0,0.734,2.939,0,0.000,0.000,0.000,0.000,0.000,0.000,-2.659,-0.296
453.61,0.492,0,0.732,3.022,0,0.000,0.000,0.000,0.000,0.000,0.000,-2.657,-0.298
453.81,0.492,0,0.732,3.022,0,0.000,0.000,0.000,0.000,0.000,0.000,-2.652,-0.301
454.01,0.492,0,0.730,2.944,0,0.000,0.000,0.000,0.000,0.000,0.000,-2.659,-0.299
454.21,0.492,0,0.730,2.944,0,0.000,0.000,0.000,0.000,0.000,0.000,-2.659,-0.299
454.41,0.491,0,0.730,2.944,0,0.000,0.000,0.000,0.000,0.000,0.000,-2.655,-0.294
454.61,0.491,0,0.774,2.820,0,0.000,0.000,0.000,0.000,0.000,0.000,-2.659,-0.296
454.81,0.492,0,0.774,2.820,0,0.000,0.000,0.000,0.000,0.000,0.000,-2.659,-0.296
455.01,0.492,0,0.765,2.917,0,0.000,0.000,0.000,0.000,0.000,0.000,-2.658,-0.296
455.21,0.492,0,0.765,2.917,0,0.000,0.000,0.000,0.000,0.000,0.000,-2.658,-0.296
455.41,0.492,0,0.765,2.917,0,0.000,0.000,0.000,0.000,0.000,0.000,-2.656,-0.296
455.61,0.491,0,0.731,2.884,0,0.000,0.000,0.000,0.000,0.000,0.000,-2.659,-0.299
455.81,0.492,0,0.731,2.884,0,0.000,0.000,0.000,0.000,0.000,0.000,-2.656,-0.301
456.01,0.492,0,0.768,2.900,0,0.000,0.000,0.000,0.000,0.000,0.000,-2.663,-0.293
456.21,0.492,0,0.768,2.900,0,0.000,0.000,0.000,0.000,0.000,0.000,-2.663,-0.293
456.41,0.492,0,0.768,2.900,0,0.000,0.000,0.000,0.000,0.000,0.000,-2.658,-0.291
456.61,0.492,0,0.729,2.878,0,0.000,0.000,0.000,0.000,0.000,0.000,-2.652,-0.295
456.81,0.491,0,0.729,2.878,0,0.000,0.000,0.000,0.000,0.000,0.000,-2.654,-0.292
457.01,0.491,0,0.728,2.969,0,0.000,0.000,0.000,0.000,0.000,0.000,-2.652,-0.297
457.21,0.492,0,0.728,2.969,0,0.000,0.000,0.000,0.000,0.000,0.000,-2.652,-0.297
457.41,0.492,0,0.728,2.969,0,0.000,0.000,0.000,0.000,0.000,0.000,-2.651,-0.299
457.61,0.492,0,0.729,2.895,0,0.000,0.000,0.000,0.000,0.000,0.000,-2.652,-0.293
457.81,0.492,0,0.729,2.895,0,0.000,0.000,0.000,0.000,0.000,0.000,-2.655,-0.293
458.01,0.492,0,0.765,2.884,0,0.000,0.000,0.000,0.000,0.000,0.000,-2.648,-0.296
458.21,0.492,0,0.765,2.884,0,0.000,0.000,0.000,0.000,0.000,0.000,-2.648,-0.296
458.41,0.492,0,0.765,2.884,0,0.000,0.000,0.000,0.000,0.000,0.000,-2.648,-0.299
458.61,0.492,0,0.770,2.954,0,0.000,0.000,0.000,0.000,0.000,0.000,-2.652,-0.298
458.81,0.491,0,0.770,2.954,0,0.000,0.000,0.000,0.000,0.000,0.000,-2.652,-0.293
459.01,0.492,0,0.766,2.809,0,0.000,0.000,0.000,0.000,0.000,0.000,-2.656,-0.289
459.21,0.492,0,0.766,2.809,0,0.000,0.000,0.000,0.000,0.000,0.000,-2.656,-0.289
459.41,0.492,0,0.766,2.809,0,0.000,0.000,0.000,0.000,0.000,0.000,-2.648,-0.295
459.61,0.492,0,0.730,2.948,0,0.000,0.000,0.000,0.000,0.000,0.000,-2.652,-0.299
459.81,0.492,0,0.730,2.948,0,0.000,0.000,0.000,0.000,0.000,0.000,-2.651,-0.293
460.01,0.492,0,0.732,3.020,0,0.000,0.000,0.000,0.000,0.000,0.000,-2.654,-0.291
460.21,0.492,0,0.732,3.020,0,0.000,0.000,0.000,0.000,0.000,0.000,-2.654,-0.291
460.41,0.492,0,0.732,3.020,0,0.000,0.000,0.000,0.000,0.000,0.000,-2.653,-0.294
460.61,0.492,0,0.728,2.936,0,0.000,0.000,0.000,0.000,0.000,0.000,-2.655,-0.293
460.81,0.492,0,0.728,2.936,0,0.000,0.000,0.000,0.000,0.000,0.000,-2.652,-0.293
461.01,0.492,0,0.668,2.916,0,0.000,0.000,0.000,0.000,0.000,0.000,-2.646,-0.295
461.21,0.492,0,0.668,2.916,0,0.000,0.000,0.000,0.000,0.000,0.000,-2.649,-0.302
461.41,0.491,0,0.668,2.916,0,0.000,0.000,0.000,0.000,0.000,0.000,-2.649,-0.302
461.61,0.492,0,0.773,2.981,0,0.000,0.000,0.000,0.000,0.000,0.000,-2.645,-0.295
461.81,0.492,0,0.773,2.981,0,0.000,0.000,0.000,0.000,0.000,0.000,-2.649,-0.296
462.01,0.491,0,0.665,3.086,0,0.000,0.000,0.000,0.000,0.000,0.000,-2.650,-0.294
462.21,0.491,0,0.665,3.086,0,0.000,0.000,0.000,0.000,0.000,0.000,-2.652,-0.296
462.41,0.491,0,0.665,3.086,0,0.000,0.000,0.000,0.000,0.000,0.000,-2.652,-0.296
462.61,0.492,0,0.664,2.923,0,0.000,0.000,0.000,0.000,0.000,0.000,-2.652,-0.290
462.81,0.491,0,0.664,2.923,0,0.000,0.000,0.000,0.000,0.000,0.000,-2.651,-0.294
463.01,0.492,0,0.733,2.513,0,0.000,0.000,0.000,0.000,0.000,0.000,-2.651,-0.296
463.21,0.492,0,0.733,2.513,0,0.000,0.000,0.000,0.000,0.000,0.000,-2.654,-0.292
463.41,0.491,0,0.733,2.513,0,0.000,0.000,0.000,0.000,0.000,0.000,-2.654,-0.292
463.61,0.491,0,0.730,2.273,0,0.000,0.000,0.000,0.000,0.000,0.000,-2.648,-0.296
463.81,0.492,0,0.730,2.273,0,0.000,0.000,0.000,0.000,0.000,0.000,-2.651,-0.293
464.01,0.492,0,0.767,1.891,0,0.000,0.000,0.000,0.000,0.000,0.000,-2.646,-0.304
464.21,0.492,0,0.767,1.891,0,0.000,0.000,0.000,0.000,0.000,0.000,-2.648,-0.302
464.41,0.492,0,0.767,1.891,0,0.000,0.000,0.000,0.000,0.000,0.000,-2.648,-0.302
464.61,0.492,0,0.738,1.485,0,0.000,0.000,0.000,0.000,0.000,0.000,-2.649,-0.298
464.81,0.492,0,0.738,1.485,0,0.000,0.000,0.000,0.000,0.000,0.000,-2.643,-0.295
465.01,0.492,0,0.733,1.158,0,0.000,0.000,0.000,0.000,0.000,0.000,-2.648,-0.296
465.21,0.492,0,0.733,1.158,0,0.000,0.000,0.000,0.000,0.000,0.000,-2.647,-0.294
465.41,0.491,0,0.733,1.158,0,0.000,0.000,0.000,0.000,0.000,0.000,-2.647,-0.294
465.61,0.491,0,0.735,0.808,1,0.000,0.000,0.000,0.000,0.000,0.000,-2.646,-0.294
465.81,0.492,0,0.735,0.808,1,0.000,0.000,0.000,0.000,0.000,0.000,-2.647,-0.292
466.01,0.492,0,0.544,0.582,1,0.000,0.000,0.000,0.000,0.000,0.000,-2.653,-0.295
466.21,0.492,0,0.544,0.582,1,0.000,0.000,0.000,0.000,0.000,0.000,-2.648,-0.296
466.41,0.282,0,0.544,0.582,1,0.000,0.000,0.000,0.000,0.000,0.000,-2.648,-0.296
466.61,0.281,0,0.297,0.517,0,0.000,0.000,0.000,0.000,0.000,0.000,-2.641,-0.304
466.81,0.248,0,0.297,0.517,0,0.000,0.000,0.000,0.000,0.000,0.000,-2.652,-0.300
467.01,0.116,0,0.732,2.741,0,0.000,0.000,0.000,0.000,0.000,0.000,-2.656,-0.300
467.21,0.116,0,0.732,2.741,0,0.000,0.000,0.000,0.000,0.000,0.000,-2.645,-0.300
467.41,0.304,0,0.732,2.741,0,0.000,0.000,0.000,0.000,0.000,0.000,-2.645,-0.300
467.61,0.485,0,0.734,2.750,0,0.000,0.000,0.000,0.000,0.000,0.000,-2.648,-0.301
467.81,0.491,0,0.734,2.750,0,0.000,0.000,0.000,0.000,0.000,0.000,-2.651,-0.298
468.01,0.491,0,0.745,2.737,0,0.000,0.000,0.000,0.000,0.000,0.000,-2.652,-0.295
468.21,0.491,0,0.745,2.737,0,0.000,0.000,0.000,0.000,0.000,0.000,-2.649,-0.298
468.41,0.491,0,0.745,2.737,0,0.000,0.000,0.000,0.000,0.000,0.000,-2.649,-0.298
468.61,0.492,0,0.761,2.781,0,0.000,0.000,0.000,0.000,0.000,0.000,-2.646,-0.300
468.81,0.491,0,0.761,2.781,0,0.000,0.000,0.000,0.000,0.000,0.000,-2.650,-0.296
469.01,0.492,0,0.733,2.790,0,0.000,0.000,0.000,0.000,0.000,0.000,-2.649,-0.287
469.21,0.491,0,0.733,2.790,0,0.000,0.000,0.000,0.000,0.000,0.000,-2.652,-0.296
469.41,0.491,0,0.733,2.790,0,0.000,0.000,0.000,0.000,0.000,0.000,-2.652,-0.296
469.61,0.491,0,0.729,2.755,0,0.000,0.000,0.000,0.000,0.000,0.000,-2.652,-0.296
469.81,0.491,0,0.729,2.755,0,0.000,0.000,0.000,0.000,0.000,0.000,-2.649,-0.299
470.01,0.492,0,0.736,2.741,0,0.000,0.000,0.000,0.000,0.000,0.000,-2.649,-0.298
470.21,0.492,0,0.736,2.741,0,0.000,0.000,0.000,0.000,0.000,0.000,-2.650,-0.297
470.41,0.492,0,0.736,2.741,0,0.000,0.000,0.000,0.000,0.000,0.000,-2.654,-0.296
470.61,0.492,0,0.774,2.791,0,0.000,0.000,0.000,0.000,0.000,0.000,-2.654,-0.296
470.81,0.492,0,0.774,2.791,0,0.000,0.000,0.000,0.000,0.000,0.000,-2.647,-0.294
471.01,0.492,0,0.731,2.797,0,0.000,0.000,0.000,0.000,0.000,0.000,-2.650,-0.294
471.21,0.492,0,0.731,2.797,0,0.000,0.000,0.000,0.000,0.000,0.000,-2.648,-0.302
471.41,0.492,0,0.731,2.797,0,0.000,0.000,0.000,0.000,0.000,0.000,-2.650,-0.296
471.61,0.492,0,0.733,2.872,0,0.000,0.000,0.000,0.000,0.000,0.000,-2.650,-0.296
471.81,0.492,0,0.733,2.872,0,0.000,0.000,0.000,0.000,0.000,0.000,-2.647,-0.292
472.01,0.492,0,0.765,2.734,0,0.000,0.000,0.000,0.000,0.000,0.000,-2.645,-0.299
472.21,0.492,0,0.765,2.734,0,0.000,0.000,0.000,0.000,0.000,0.000,-2.647,-0.299
472.41,0.492,0,0.765,2.734,0,0.000,0.000,0.000,0.000,0.000,0.000,-2.649,-0.301
472.61,0.491,0,0.730,2.791,0,0.000,0.000,0.000,0.000,0.000,0.000,-2.649,-0.301
472.81,0.491,0,0.730,2.791,0,0.000,0.000,0.000,0.000,0.000,0.000,-2.650,-0.298
473.01,0.491,0,0.734,2.761,0,0.000,0.000,0.000,0.000,0.000,0.000,-2.648,-0.298
473.21,0.491,0,0.734,2.761,0,0.000,0.000,0.000,0.000,0.000,0.000,-2.651,-0.297
473.41,0.491,0,0.734,2.761,0,0.000,0.000,0.000,0.000,0.000,0.000,-2.651,-0.297
473.61,0.491,0,0.725,2.767,0,0.000,0.000,0.000,0.000,0.000,0.000,-2.651,-0.297
473.81,0.491,0,0.725,2.767,0,0.000,0.000,0.000,0.000,0.000,0.000,-2.651,-0.296
474.01,0.491,0,0.667,2.762,0,0.000,0.000,0.000,0.000,0.000,0.000,-2.651,-0.297
474.21,0.491,0,0.667,2.762,0,0.000,0.000,0.000,0.000,0.000,0.000,-2.653,-0.299
474.41,0.491,0,0.667,2.762,0,0.000,0.000,0.000,0.000,0.000,0.000,-2.649,-0.294
474.61,0.491,0,0.733,2.747,0,0.000,0.000,0.000,0.000,0.000,0.000,-2.649,-0.294
474.81,0.491,0,0.733,2.747,0,0.000,0.000,0.000,0.000,0.000,0.000,-2.651,-0.293
475.01,0.491,0,0.726,2.736,0,0.000,0.000,0.000,0.000,0.000,0.000,-2.652,-0.294
475.21,0.491,0,0.726,2.736,0,0.000,0.000,0.000,0.000,0.000,0.000,-2.651,-0.293
475.41,0.491,0,0.726,2.736,0,0.000,0.000,0.000,0.000,0.000,0.000,-2.647,-0.297
475.61,0.491,0,0.730,2.776,0,0.000,0.000,0.000,0.000,0.000,0.000,-2.647,-0.297
475.81,0.492,0,0.730,2.776,0,0.000,0.000,0.000,0.000,0.000,0.000,-2.649,-0.293
476.01,0.491,0,0.775,2.789,0,0.000,0.000,0.000,0.000,0.000,0.000,-2.648,-0.297
476.21,0.491,0,0.775,2.789,0,0.000,0.000,0.000,0.000,0.000,0.000,-2.651,-0.295
476.41,0.491,0,0.775,2.789,0,0.000,0.000,0.000,0.000,0.000,0.000,-2.654,-0.293
476.61,0.491,0,0.737,2.906,0,0.000,0.000,0.000,0.000,0.000,0.000,-2.654,-0.293
476.81,0.491,0,0.737,2.906,0,0.000,0.000,0.000,0.000,0.000,0.000,-2.649,-0.299
477.01,0.491,0,0.738,2.742,0,0.000,0.000,0.000,0.000,0.000,0.000,-2.651,-0.297
477.21,0.491,0,0.738,2.742,0,0.000,0.000,0.000,0.000,0.000,0.000,-2.646,-0.296
477.41,0.491,0,0.738,2.742,0,0.000,0.000,0.000,0.000,0.000,0.000,-2.648,-0.297
477.61,0.491,0,0.737,2.745,0,0.000,0.000,0.000,0.000,0.000,0.000,-2.648,-0.297
477.81,0.491,0,0.737,2.745,0,0.000,0.000,0.000,0.000,0.000,0.000,-2.649,-0.295
478.01,0.490,0,0.738,2.815,0,0.000,0.000,0.000,0.000,0.000,0.000,-2.649,-0.296
478.21,0.491,0,0.738,2.815,0,0.000,0.000,0.000,0.000,0.000,0.000,-2.649,-0.296
478.41,0.491,0,0.738,2.815,0,0.000,0.000,0.000,0.000,0.000,0.000,-2.643,-0.296
478.61,0.491,0,0.737,2.775,0,0.000,0.000,0.000,0.000,0.000,0.000,-2.643,-0.296
478.81,0.490,0,0.737,2.775,0,0.000,0.000,0.000,0.000,0.000,0.000,-2.647,-0.300
479.01,0.490,0,0.737,2.817,0,0.000,0.000,0.000,0.000,0.000,0.000,-2.647,-0.297
479.21,0.491,0,0.737,2.817,0,0.000,0.000,0.000,0.000,0.000,0.000,-2.648,-0.302
479.41,0.491,0,0.737,2.817,0,0.000,0.000,0.000,0.000,0.000,0.000,-2.648,-0.301
479.61,0.490,0,0.736,2.743,0,0.000,0.000,0.000,0.000,0.000,0.000,-2.648,-0.301
479.81,0.491,0,0.736,2.743,0,0.000,0.000,0.000,0.000,0.000,0.000,-2.649,-0.306
480.01,0.491,0,0.736,2.734,0,0.000,0.000,0.000,0.000,0.000,0.000,-2.650,-0.297
480.21,0.490,0,0.736,2.734,0,0.000,0.000,0.000,0.000,0.000,0.000,-2.653,-0.297
480.41,0.490,0,0.736,2.734,0,0.000,0.000,0.000,0.000,0.000,0.000,-2.651,-0.296
480.61,0.490,0,0.755,2.816,0,0.000,0.000,0.000,0.000,0.000,0.000,-2.651,-0.296
480.81,0.490,0,0.755,2.816,0,0.000,0.000,0.000,0.000,0.000,0.000,-2.651,-0.297
481.01,0.490,0,0.664,2.826,0,0.000,0.000,0.000,0.000,0.000,0.000,-2.650,-0.296
481.21,0.490,0,0.664,2.826,0,0.000,0.000,0.000,0.000,0.000,0.000,-2.650,-0.298
481.41,0.491,0,0.664,2.826,0,0.000,0.000,0.000,0.000,0.000,0.000,-2.650,-0.299
481.61,0.491,0,0.755,2.732,0,0.000,0.000,0.000,0.000,0.000,0.000,-2.650,-0.296
481.81,0.491,0,0.755,2.732,0,0.000,0.000,0.000,0.000,0.000,0.000,-2.650,-0.296
482.01,0.491,0,0.750,2.776,0,0.000,0.000,0.000,0.000,0.000,0.000,-2.648,-0.300
482.21,0.490,0,0.750,2.776,0,0.000,0.000,0.000,0.000,0.000,0.000,-2.649,-0.299
482.41,0.491,0,0.750,2.776,0,0.000,0.000,0.000,0.000,0.000,0.000,-2.650,-0.302
482.61,0.491,0,0.735,2.795,0,0.000,0.000,0.000,0.000,0.000,0.000,-2.652,-0.296
482.81,0.491,0,0.735,2.795,0,0.000,0.000,0.000,0.000,0.000,0.000,-2.652,-0.296
483.01,0.490,0,0.734,2.745,0,0.000,0.000,0.000,0.000,0.000,0.000,-2.648,-0.298
483.21,0.490,0,0.734,2.745,0,0.000,0.000,0.000,0.000,0.000,0.000,-2.649,-0.301
483.41,0.490,0,0.734,2.745,0,0.000,0.000,0.000,0.000,0.000,0.000,-2.653,-0.302
483.61,0.490,0,0.735,2.864,0,0.000,0.000,0.000,0.000,0.000,0.000,-2.651,-0.294
483.81,0.490,0,0.735,2.864,0,0.000,0.000,0.000,0.000,0.000,0.000,-2.651,-0.294
484.01,0.490,0,0.736,2.803,0,0.000,0.000,0.000,0.000,0.000,0.000,-2.648,-0.295
484.21,0.490,0,0.736,2.803,0,0.000,0.000,0.000,0.000,0.000,0.000,-2.656,-0.297
484.41,0.490,0,0.736,2.803,0,0.000,0.000,0.000,0.000,0.000,0.000,-2.649,-0.296
484.61,0.490,0,0.735,2.816,0,0.000,0.000,0.000,0.000,0.000,0.000,-2.650,-0.295
484.81,0.490,0,0.735,2.816,0,0.000,0.000,0.000,0.000,0.000,0.000,-2.650,-0.295
485.01,0.490,0,0.736,2.744,0,0.000,0.000,0.000,0.000,0.000,0.000,-2.647,-0.303
485.21,0.490,0,0.736,2.744,0,0.000,0.000,0.000,0.000,0.000,0.000,-2.659,-0.294
485.41,0.490,0,0.736,2.744,0,0.000,0.000,0.000,0.000,0.000,0.000,-2.652,-0.293
485.61,0.490,0,0.735,2.758,0,0.000,0.000,0.000,0.000,0.000,0.000,-2.652,-0.292
485.81,0.490,0,0.735,2.758,0,0.000,0.000,0.000,0.000,0.000,0.000,-2.652,-0.292
486.01,0.490,0,0.735,2.977,0,0.000,0.000,0.000,0.000,0.000,0.000,-2.651,-0.301
486.21,0.490,0,0.735,2.977,0,0.000,0.000,0.000,0.000,0.000,0.000,-2.651,-0.298
486.41,0.491,0,0.735,2.977,0,0.000,0.000,0.000,0.000,0.000,0.000,-2.653,-0.292
486.61,0.491,0,0.735,2.784,0,0.000,0.000,0.000,0.000,0.000,0.000,-2.650,-0.292
486.81,0.490,0,0.735,2.784,0,0.000,0.000,0.000,0.000,0.000,0.000,-2.650,-0.292
487.01,0.490,0,0.759,2.846,0,0.000,0.000,0.000,0.000,0.000,0.000,-2.648,-0.303
487.21,0.490,0,0.759,2.846,0,0.000,0.000,0.000,0.000,0.000,0.000,-2.651,-0.293
487.41,0.490,0,0.759,2.846,0,0.000,0.000,0.000,0.000,0.000,0.000,-2.654,-0.298
487.61,0.490,0,0.737,2.732,0,0.000,0.000,0.000,0.000,0.000,0.000,-2.654,-0.299
487.81,0.490,0,0.737,2.732,0,0.000,0.000,0.000,0.000,0.000,0.000,-2.654,-0.299
488.01,0.491,0,0.735,2.822,0,0.000,0.000,0.000,0.000,0.000,0.000,-2.654,-0.300
488.21,0.490,0,0.735,2.822,0,0.000,0.000,0.000,0.000,0.000,0.000,-2.652,-0.298
488.41,0.490,0,0.735,2.822,0,0.000,0.000,0.000,0.000,0.000,0.000,-2.651,-0.300
488.61,0.490,0,0.734,2.727,0,0.000,0.000,0.000,0.000,0.000,0.000,-2.654,-0.295
488.81,0.490,0,0.734,2.727,0,0.000,0.000,0.000,0.000,0.000,0.000,-2.654,-0.295
489.01,0.490,0,0.734,2.742,0,0.000,0.000,0.000,0.000,0.000,0.000,-2.658,-0.288
489.21,0.490,0,0.734,2.742,0,0.000,0.000,0.000,0.000,0.000,0.000,-2.652,-0.293
489.41,0.490,0,0.734,2.742,0,0.000,0.000,0.000,0.000,0.000,0.000,-2.652,-0.299
489.61,0.490,0,0.734,2.739,0,0.000,0.000,0.000,0.000,0.000,0.000,-2.656,-0.299
489.81,0.490,0,0.734,2.739,0,0.000,0.000,0.000,0.000,0.000,0.000,-2.656,-0.299
490.01,0.486,0,0.735,2.753,0,0.000,0.000,0.000,0.000,0.000,0.000,-2.654,-0.297
490.21,0.466,0,0.735,2.753,0,0.000,0.000,0.000,0.000,0.000,0.000,-2.652,-0.296
490.41,0.455,0,0.735,2.753,0,0.000,0.000,0.000,0.000,0.000,0.000,-2.650,-0.290
490.61,0.115,0,0.690,2.751,0,0.000,0.000,0.000,0.000,0.000,0.000,-2.656,-0.292
490.81,0.115,0,0.690,2.751,0,0.000,0.000,0.000,0.000,0.000,0.000,-2.652,-0.296
491.01,0.477,0,0.670,2.719,0,0.000,0.000,0.000,0.000,0.000,0.000,-2.652,-0.296
491.21,0.527,0,0.670,2.719,0,0.000,0.000,0.000,0.000,0.000,0.000,-2.651,-0.298
491.41,0.592,0,0.670,2.719,0,0.000,0.000,0.000,0.000,0.000,0.000,-2.652,-0.295
491.61,0.660,0,0.753,2.826,0,0.000,0.000,0.000,0.000,0.000,0.000,-2.653,-0.293
491.81,0.660,0,0.753,2.826,0,0.000,0.000,0.000,0.000,0.000,0.000,-2.649,-0.300
492.01,0.787,0,2.713,2.736,1,0.000,0.000,0.000,0.000,0.000,0.000,-2.649,-0.300
492.21,0.659,0,2.713,2.736,1,0.000,0.000,0.000,0.000,0.000,0.000,-2.646,-0.297
492.41,0.816,0,2.713,2.736,1,0.600,0.000,0.000,0.600,0.000,0.000,-2.652,-0.301
492.61,0.116,0,2.714,2.765,1,0.600,0.000,0.000,0.600,0.000,0.000,-2.648,-0.297
492.81,0.116,0,2.714,2.765,1,0.000,0.000,0.000,0.000,0.000,0.000,-2.632,-0.317
493.01,0.116,0,1.162,2.755,0,0.600,0.000,0.000,0.000,0.000,0.000,-2.632,-0.317
493.21,1.005,0,1.162,2.755,0,0.600,0.000,0.000,0.600,0.000,0.000,-2.587,-0.393
493.41,1.000,0,1.162,2.755,0,0.000,0.000,0.000,0.000,0.000,0.000,-2.534,-0.467
493.61,0.116,0,1.321,2.561,0,0.600,0.000,0.000,0.600,0.000,0.000,-2.501,-0.539
493.81,0.116,0,1.321,2.561,0,0.600,0.000,0.000,0.600,0.000,0.000,-2.426,-0.651
494.01,0.895,0,2.329,3.203,0,0.000,0.000,0.000,0.000,0.000,0.000,-2.426,-0.651
494.21,0.861,0,2.329,3.203,0,0.600,0.000,0.000,0.600,0.000,0.000,-2.375,-0.750
494.41,0.843,0,2.329,3.203,0,0.600,0.000,0.000,0.600,0.000,0.000,-2.272,-0.908
494.61,0.859,0,2.089,3.429,0,0.600,0.000,0.000,0.600,0.000,0.000,-2.178,-1.075
494.81,0.859,0,2.089,3.429,0,0.600,0.000,0.000,0.600,0.000,0.000,-2.068,-1.269
495.01,0.923,0,1.317,3.360,0,0.000,0.600,0.000,0.000,0.600,0.000,-2.068,-1.269
495.21,1.061,0,1.317,3.360,0,0.000,0.000,0.000,0.000,0.000,0.000,-1.927,-1.513
495.41,1.269,0,1.317,3.360,0,0.000,0.000,0.000,0.000,0.000,0.000,-1.776,-1.726
495.61,1.294,0,2.261,2.906,0,0.000,0.000,0.000,0.000,0.000,0.000,-1.608,-1.917
495.81,1.294,0,2.261,2.906,0,0.000,0.000,0.000,0.000,0.000,0.000,-1.490,-2.077
496.01,1.229,0,2.025,2.257,0,0.000,0.000,0.000,0.000,0.000,0.000,-1.490,-2.077
496.21,1.227,0,2.025,2.257,0,0.000,0.600,0.000,0.000,0.600,0.000,-1.428,-2.226
496.41,1.263,0,2.025,2.257,0,0.000,0.600,0.000,0.000,0.600,0.000,-1.397,-2.358
496.61,0.116,0,1.855,2.106,0,0.000,0.000,0.000,0.000,0.000,0.000,-1.384,-2.432
496.81,0.116,0,1.855,2.106,0,0.000,0.000,0.000,0.000,0.000,0.000,-1.371,-2.407
497.01,0.991,0,1.863,2.057,1,0.000,0.000,0.000,0.000,0.000,0.000,-1.371,-2.407
497.21,0.787,0,1.863,2.057,1,0.000,0.000,0.000,0.000,0.000,0.000,-1.346,-2.422
497.41,0.806,0,1.863,2.057,1,0.000,0.000,9.000,0.000,0.000,9.000,-1.361,-2.435
497.61,0.116,0,1.872,2.021,1,0.000,0.000,9.000,0.000,0.000,9.000,-1.359,-2.441
497.81,0.116,0,1.872,2.021,1,0.000,0.000,0.000,0.000,0.000,0.000,-1.358,-2.435
498.01,0.115,0,1.895,2.550,0,0.000,0.000,0.000,0.000,0.000,0.000,-1.358,-2.435
498.21,0.796,0,1.895,2.550,0,0.000,0.000,9.000,0.000,0.000,9.000,-1.525,-2.498
498.41,0.784,0,1.895,2.550,0,0.000,0.000,9.000,0.000,0.000,9.000,0.000,0.000
498.61,0.768,0,2.169,3.051,0,0.000,0.000,9.000,0.000,0.000,9.000,-1.525,-2.498
498.81,0.768,0,2.169,3.051,0,0.000,0.000,9.000,0.000,0.000,9.000,-1.542,-2.516
499.01,0.764,0,2.227,3.229,0,0.000,0.000,0.000,0.000,0.000,0.000,-1.542,-2.516
499.21,0.771,0,2.227,3.229,0,0.600,0.000,0.000,0.600,0.000,0.000,-1.505,-2.501
499.41,0.780,0,2.227,3.229,0,0.600,0.000,0.000,0.600,0.000,0.000,-1.521,-2.504
499.61,0.776,0,2.294,2.989,0,0.000,0.000,0.000,0.000,0.000,0.000,-1.501,-2.534
499.81,0.776,0,2.294,2.989,0,0.600,0.000,0.000,0.600,0.000,0.000,-1.409,-2.486
500.01,0.115,0,1.998,2.205,0,0.600,0.000,0.000,0.600,0.000,0.000,-1.409,-2.486
500.21,0.881,0,1.998,2.205,0,0.600,0.000,0.000,0.600,0.000,0.000,-1.326,-2.468
500.41,1.001,0,1.998,2.205,0,0.000,0.000,0.000,0.000,0.000,0.000,-1.154,-2.381
500.61,1.111,0,1.827,1.815,1,0.000,0.000,0.000,0.000,0.000,0.000,0.000,0.000
500.81,1.111,0,1.827,1.815,1,0.000,0.000,0.000,0.000,0.000,0.000,-1.154,-2.381
501.01,1.209,0,1.567,1.568,1,0.000,0.000,9.000,0.000,0.000,9.000,-1.154,-2.381
501.21,1.288,0,1.567,1.568,1,0.000,0.600,0.000,0.000,0.600,0.000,-1.187,-2.498
501.41,1.402,0,1.567,1.568,1,0.000,0.600,0.000,0.000,0.600,0.000,0.000,0.000
501.61,0.116,0,1.416,1.514,1,0.000,0.000,9.000,0.000,0.000,9.000,-1.187,-2.498
501.81,0.116,0,1.416,1.514,1,0.000,0.000,9.000,0.000,0.000,9.000,-1.177,-2.502
502.01,0.115,0,2.127,2.273,1,0.600,0.000,0.000,0.600,0.000,0.000,0.000,0.000
502.21,1.247,0,2.127,2.273,1,0.600,0.000,0.000,0.600,0.000,0.000,0.000,0.000
502.41,1.247,0,2.127,2.273,1,0.000,0.000,0.000,0.000,0.000,0.000,-1.177,-2.502
502.61,1.059,0,1.605,1.492,1,0.000,0.000,0.000,0.000,0.000,0.000,-1.143,-2.406
502.81,1.059,0,1.605,1.492,1,0.000,0.000,0.000,0.000,0.000,0.000,0.000,0.000
503.01,0.973,0,1.407,1.423,1,0.000,0.000,0.000,0.000,0.000,0.000,0.000,0.000
503.21,0.963,0,1.407,1.423,1,0.000,0.000,0.000,0.000,0.000,0.000,-1.143,-2.406
503.41,0.976,0,1.407,1.423,1,0.000,0.000,-9.000,0.000,0.000,-9.000,-1.134,-2.460
503.61,0.892,0,1.366,1.711,0,0.000,0.000,0.000,0.000,0.000,0.000,-1.150,-2.415
503.81,0.892,0,1.366,1.711,0,0.000,0.000,-9.000,0.000,0.000,-9.000,0.000,0.000
504.01,0.869,0,1.980,2.604,0,0.000,0.000,0.000,0.000,0.000,-9.000,-1.150,-2.415
504.21,0.116,0,1.980,2.604,0,0.600,0.000,0.000,0.600,0.000,0.000,-1.150,-2.415
504.41,0.738,0,1.980,2.604,0,0.600,0.000,0.000,0.600,0.000,0.000,0.000,0.000
504.61,0.721,0,2.514,2.863,0,0.000,0.000,0.000,0.000,0.000,0.000,-1.150,-2.415
504.81,0.116,0,2.514,2.863,0,0.600,0.000,0.000,0.600,0.000,0.000,0.000,0.000
505.01,0.116,0,1.983,2.087,1,0.600,0.000,0.000,0.600,0.000,0.000,-1.150,-2.415
505.21,0.825,0,1.983,2.087,1,0.600,0.000,0.000,0.600,0.000,0.000,-1.150,-2.415
505.41,0.872,0,1.983,2.087,1,0.600,0.000,0.000,0.600,0.000,0.000,-1.119,-2.533
505.61,0.116,0,1.867,1.806,1,0.600,0.000,0.000,0.600,0.000,0.000,-1.162,-2.616
505.81,0.969,0,1.867,1.806,1,0.000,0.000,0.000,0.000,0.000,0.000,0.000,0.000
506.01,0.969,0,1.571,1.416,1,0.000,0.000,0.000,0.000,0.000,0.000,-1.162,-2.616
506.21,1.123,0,1.571,1.416,1,0.000,0.000,0.000,0.000,0.000,0.000,-1.162,-2.616
506.41,1.238,0,1.571,1.416,1,0.000,0.000,0.000,0.000,0.000,0.000,-1.174,-2.771
506.61,0.117,0,1.241,1.760,0,0.000,0.000,0.000,0.000,0.000,0.000,-1.153,-2.897
506.81,0.116,0,1.241,1.760,0,0.000,0.000,0.000,0.000,0.000,0.000,-1.158,-2.971
507.01,0.116,0,1.066,1.539,0,0.000,0.000,0.000,0.000,0.000,0.000,-1.166,-3.025
507.21,1.032,0,1.066,1.539,0,0.000,0.000,-9.000,0.000,0.000,-9.000,-1.166,-3.025
507.41,1.010,0,1.066,1.539,0,0.000,0.000,-9.000,0.000,0.000,-9.000,-1.158,-3.051
507.61,1.016,0,1.471,1.530,1,0.000,0.000,0.000,0.000,0.000,0.000,-1.141,-3.115
507.81,1.016,0,1.471,1.530,1,0.000,0.000,0.000,0.000,0.000,0.000,0.000,0.000
508.01,1.044,0,2.223,2.291,1,0.000,0.000,-9.000,0.000,0.000,-9.000,-1.141,-3.115
508.21,1.052,0,2.223,2.291,1,0.000,0.000,-9.000,0.000,0.000,-9.000,-1.141,-3.115
508.41,0.948,0,2.223,2.291,1,0.000,0.000,0.000,0.000,0.000,0.000,-1.179,-3.071
508.61,0.871,0,1.145,2.285,0,0.000,0.000,0.000,0.000,0.000,0.000,0.000,0.000
508.81,0.879,0,1.145,2.285,0,0.000,0.000,0.000,0.000,0.000,0.000,-1.179,-3.071
509.01,0.879,0,0.884,0.913,1,0.600,0.000,0.000,0.600,0.000,0.000,-1.162,-3.080
509.21,0.882,0,0.884,0.913,1,0.600,0.000,0.000,0.600,0.000,0.000,-1.162,-3.080
509.41,0.752,0,0.884,0.913,1,0.000,0.000,0.000,0.000,0.000,0.000,-1.176,-3.095
509.61,0.571,0,0.758,0.711,1,0.600,0.000,0.000,0.256,0.000,0.000,-1.189,-3.134
509.81,0.549,0,0.758,0.711,1,0.600,0.000,0.000,0.223,0.000,0.000,-1.218,-3.190
510.01,0.549,0,0.556,0.598,1,0.600,0.000,0.000,0.199,0.000,0.000,-1.244,-3.269
510.21,0.533,0,0.556,0.598,1,0.600,0.000,0.000,0.199,0.000,0.000,-1.244,-3.269
510.41,0.460,0,0.556,0.598,1,0.600,0.000,0.000,0.089,0.000,0.000,-1.273,-3.339
510.61,0.404,0,0.468,0.470,1,0.600,0.000,0.000,0.006,0.000,0.000,-1.312,-3.420
510.81,0.348,1,0.468,0.470,1,0.600,0.000,0.000,0.000,0.000,0.000,-1.329,-3.493
511.01,0.348,1,0.359,0.405,1,0.600,0.000,0.000,0.000,0.000,0.000,-1.343,-3.495
511.21,0.329,1,0.359,0.405,1,0.600,0.000,0.000,0.000,0.000,0.000,-1.343,-3.495
511.41,0.331,1,0.359,0.405,1,0.600,0.000,0.000,0.000,0.000,0.000,-1.350,-3.517
511.61,0.332,1,0.343,0.404,1,0.600,0.000,0.000,0.000,0.000,0.000,-1.353,-3.512
511.81,0.338,1,0.343,0.404,1,0.600,0.000,0.000,0.000,0.000,0.000,-1.348,-3.512
512.01,0.338,1,0.350,0.404,1,0.600,0.000,0.000,0.000,0.000,0.000,-1.349,-3.516
512.21,0.339,1,0.350,0.404,1,0.600,0.000,0.000,0.000,0.000,0.000,-1.349,-3.516
512.41,0.338,1,0.350,0.404,1,0.600,0.000,0.000,0.000,0.000,0.000,-1.347,-3.514
512.61,0.335,1,0.350,0.401,1,0.600,0.000,0.000,0.000,0.000,0.000,-1.348,-3.512
512.81,0.344,1,0.350,0.401,1,0.600,0.000,0.000,0.000,0.000,0.000,-1.346,-3.511
513.01,0.344,1,0.356,0.401,1,0.600,0.000,0.000,0.000,0.000,0.000,-1.348,-3.512
513.21,0.341,1,0.356,0.401,1,0.600,0.000,0.000,0.000,0.000,0.000,-1.348,-3.512
513.41,0.342,1,0.356,0.401,1,0.600,0.000,0.000,0.000,0.000,0.000,-1.349,-3.514
513.61,0.334,1,0.354,0.403,1,0.600,0.000,0.000,0.000,0.000,0.000,-1.352,-3.511
513.81,0.326,1,0.354,0.403,1,0.600,0.000,0.000,0.000,0.000,0.000,-1.346,-3.511
514.01,0.326,1,0.338,0.408,1,0.600,0.000,0.000,0.000,0.000,0.000,-1.353,-3.516
514.21,0.321,1,0.338,0.408,1,0.600,0.000,0.000,0.000,0.000,0.000,-1.353,-3.516
514.41,0.313,1,0.338,0.408,1,0.600,0.000,0.000,0.000,0.000,0.000,-1.354,-3.510
514.61,0.318,1,0.326,0.411,1,0.600,0.000,0.000,0.000,0.000,0.000,-1.353,-3.510
514.81,0.324,1,0.326,0.411,1,0.600,0.000,0.000,0.000,0.000,0.000,-1.353,-3.515
515.01,0.324,1,0.336,0.410,1,0.600,0.000,0.000,0.000,0.000,0.000,-1.350,-3.514
515.21,0.312,1,0.336,0.410,1,0.600,0.000,0.000,0.000,0.000,0.000,-1.350,-3.514
515.41,0.311,1,0.336,0.410,1,0.600,0.000,0.000,0.000,0.000,0.000,-1.354,-3.511
515.61,0.322,1,0.324,0.411,1,0.600,0.000,0.000,0.000,0.000,0.000,-1.350,-3.513
515.81,0.344,0,0.324,0.411,1,0.000,0.000,0.000,0.000,0.000,0.000,-1.353,-3.512
516.01,0.344,0,0.356,0.407,1,0.000,0.000,0.000,0.000,0.000,0.000,-1.350,-3.513
516.21,0.527,0,0.356,0.407,1,0.600,0.000,0.000,0.191,0.000,0.000,-1.350,-3.513
516.41,0.728,0,0.356,0.407,1,0.000,0.000,0.000,0.000,0.000,0.000,-1.351,-3.512
516.61,0.737,0,0.734,0.808,1,0.600,0.000,0.000,0.505,0.000,0.000,-1.345,-3.514
516.81,0.732,0,0.734,0.808,1,0.600,0.000,0.000,0.498,0.000,0.000,-1.355,-3.524
517.01,0.732,0,0.738,0.775,1,0.600,0.000,0.000,0.450,0.000,0.000,-1.369,-3.551
517.21,0.700,0,0.738,0.775,1,0.600,0.000,0.000,0.450,0.000,0.000,-1.369,-3.551
517.41,0.606,0,0.738,0.775,1,0.600,0.000,0.000,0.309,0.000,0.000,-1.396,-3.635
517.61,0.479,0,0.613,0.556,1,0.600,0.000,0.000,0.119,0.000,0.000,-1.419,-3.760
517.81,0.353,1,0.613,0.556,1,0.600,0.000,0.000,0.000,0.000,0.000,-1.424,-3.941
518.01,0.353,1,0.364,0.520,1,0.600,0.000,0.000,0.000,0.000,0.000,-1.492,-3.994
518.21,0.116,0,0.364,0.520,1,0.000,0.000,0.000,0.000,0.000,0.000,-1.492,-3.994
518.41,0.203,0,0.364,0.520,1,0.000,0.000,0.000,0.000,0.000,0.000,-1.448,-4.061
518.61,0.128,0,0.222,0.425,0,0.000,0.000,0.000,0.000,0.000,0.000,-1.516,-4.153
518.81,0.138,0,0.222,0.425,0,0.000,0.000,0.000,0.000,0.000,0.000,-1.533,-4.212
519.01,0.138,0,0.164,0.404,0,0.000,0.000,0.000,0.000,0.000,0.000,-1.533,-4.204
519.21,0.181,0,0.164,0.404,0,0.000,0.000,0.000,0.000,0.000,0.000,-1.533,-4.204
519.41,0.416,0,0.164,0.404,0,0.000,0.000,0.000,0.000,0.000,0.000,-1.518,-4.197
519.61,0.609,0,0.426,0.678,0,0.000,0.000,0.000,0.000,0.000,0.000,-1.532,-4.200
519.81,0.569,0,0.426,0.678,0,0.000,0.000,0.000,0.000,0.000,0.000,-1.531,-4.207
520.01,0.569,0,0.576,0.614,1,0.000,0.000,0.000,0.000,0.000,0.000,-1.529,-4.205
520.21,0.554,0,0.576,0.614,1,0.000,0.000,0.000,0.000,0.000,0.000,-1.529,-4.205
520.41,0.552,0,0.576,0.614,1,0.000,0.000,0.000,0.000,0.000,0.000,-1.530,-4.204
520.61,0.481,0,0.559,0.515,1,0.000,0.000,0.000,0.000,0.000,0.000,-1.525,-4.207
520.81,0.325,0,0.559,0.515,1,0.000,0.000,0.000,0.000,0.000,0.000,-1.529,-4.200
521.01,0.325,0,0.337,0.451,1,0.000,0.000,0.000,0.000,0.000,0.000,-1.529,-4.200
521.21,0.196,0,0.337,0.451,1,0.000,0.000,0.000,0.000,0.000,0.000,-1.529,-4.200
521.41,0.177,0,0.337,0.451,1,0.000,0.000,0.000,0.000,0.000,0.000,-1.528,-4.209
521.61,0.191,0,0.203,0.498,0,0.000,0.000,0.000,0.000,0.000,0.000,-1.525,-4.205
521.81,0.163,0,0.203,0.498,0,0.000,0.000,0.000,0.000,0.000,0.000,-1.522,-4.195
522.01,0.115,0,0.274,0.510,0,0.000,0.000,0.000,0.000,0.000,0.000,-1.528,-4.198
522.21,0.115,0,0.274,0.510,0,0.000,0.000,0.000,0.000,0.000,0.000,-1.528,-4.198
522.41,0.134,0,0.274,0.510,0,0.000,0.000,0.000,0.000,0.000,0.000,-1.536,-4.204
522.61,0.140,0,0.277,0.503,0,0.000,0.000,0.000,0.000,0.000,0.000,-1.534,-4.208
522.81,0.199,0,0.277,0.503,0,0.000,0.000,0.000,0.000,0.000,0.000,-1.532,-4.199
523.01,0.226,0,0.274,0.525,0,0.000,0.000,0.000,0.000,0.000,0.000,-1.525,-4.198
523.21,0.226,0,0.274,0.525,0,0.000,0.000,0.000,0.000,0.000,0.000,-1.525,-4.198
523.41,0.175,0,0.274,0.525,0,0.000,0.000,0.000,0.000,0.000,0.000,-1.532,-4.202
523.61,0.116,0,0.277,0.452,1,0.000,0.000,0.000,0.000,0.000,0.000,-1.537,-4.193
523.81,0.163,0,0.277,0.452,1,0.000,0.000,0.000,0.000,0.000,0.000,-1.533,-4.202
524.01,0.173,0,0.263,0.444,1,0.000,0.000,0.000,0.000,0.000,0.000,-1.534,-4.196
524.21,0.173,0,0.263,0.444,1,0.000,0.000,0.000,0.000,0.000,0.000,-1.533,-4.202
524.41,0.143,0,0.263,0.444,1,0.000,0.000,0.000,0.000,0.000,0.000,-1.533,-4.202
524.61,0.146,0,0.255,0.443,1,0.000,0.000,0.000,0.000,0.000,0.000,-1.528,-4.204
524.81,0.120,0,0.255,0.443,1,0.000,0.000,0.000,0.000,0.000,0.000,-1.528,-4.200
525.01,0.115,0,0.232,0.446,0,0.000,0.000,0.000,0.000,0.000,0.000,-1.520,-4.202
525.21,0.115,0,0.232,0.446,0,0.000,0.000,0.000,0.000,0.000,0.000,-1.522,-4.200
525.41,0.128,0,0.232,0.446,0,0.000,0.000,0.000,0.000,0.000,0.000,-1.522,-4.200
525.61,0.133,0,0.225,0.458,0,0.000,0.000,0.000,0.000,0.000,0.000,-1.531,-4.207
525.81,0.133,0,0.225,0.458,0,0.000,0.000,0.000,0.000,0.000,0.000,-1.526,-4.223
526.01,0.138,0,0.205,1.269,0,0.000,0.000,0.000,0.000,0.000,0.000,-1.518,-4.227
526.21,0.138,0,0.205,1.269,0,0.000,0.000,0.000,0.000,0.000,0.000,-1.496,-4.252
526.41,0.138,0,0.205,1.269,0,0.000,0.000,0.000,0.000,0.000,0.000,-1.496,-4.252
526.61,0.134,0,0.196,2.012,0,0.000,0.000,0.000,0.000,0.000,0.000,-1.514,-4.239
526.81,0.172,0,0.196,2.012,0,0.000,0.000,0.000,0.000,0.000,0.000,-1.520,-4.249
527.01,0.182,0,0.210,0.484,0,0.000,0.000,0.000,0.000,0.000,0.000,-1.519,-4.248
527.21,0.182,0,0.210,0.484,0,0.000,0.000,0.000,0.000,0.000,0.000,-1.518,-4.245
527.41,0.203,0,0.210,0.484,0,0.000,0.000,0.000,0.000,0.000,0.000,-1.518,-4.245
527.61,0.270,0,0.285,0.455,1,0.000,0.000,0.000,0.000,0.000,0.000,-1.523,-4.240
527.81,0.400,0,0.285,0.455,1,0.000,0.000,0.000,0.000,0.000,0.000,-1.516,-4.248
528.01,0.549,0,0.557,0.536,1,0.000,0.000,0.000,0.000,0.000,0.000,-1.520,-4.240
528.21,0.549,0,0.557,0.536,1,0.000,0.000,0.000,0.000,0.000,0.000,-1.513,-4.244
528.41,0.694,0,0.557,0.536,1,0.000,0.000,0.000,0.000,0.000,0.000,-1.513,-4.244
528.61,0.938,0,0.942,0.999,1,0.000,0.000,0.000,0.000,0.000,0.000,-1.515,-4.243
528.81,0.962,0,0.942,0.999,1,0.000,0.000,0.000,0.000,0.000,0.000,-1.515,-4.248
529.01,1.100,0,1.104,1.148,1,0.000,0.000,0.000,0.000,0.000,0.000,-1.523,-4.246
529.21,1.100,0,1.104,1.148,1,0.000,0.000,0.000,0.000,0.000,0.000,-1.518,-4.251
529.41,1.464,0,1.104,1.148,1,0.000,0.000,0.000,0.000,0.000,0.000,-1.518,-4.251
529.61,1.464,0,1.467,1.391,1,0.000,0.000,0.000,0.000,0.000,0.000,-1.517,-4.253
529.81,1.362,0,1.467,1.391,1,0.000,0.000,0.000,0.000,0.000,0.000,-1.514,-4.249
530.01,1.209,0,1.212,1.322,1,0.600,0.000,0.000,0.600,0.000,0.000,-1.514,-4.242
530.21,1.209,0,1.212,1.322,1,0.600,0.000,0.000,0.600,0.000,0.000,-1.521,-4.266
530.41,1.133,0,1.212,1.322,1,0.600,0.000,0.000,0.600,0.000,0.000,-1.521,-4.266
530.61,1.058,0,1.062,1.100,1,0.600,0.000,0.000,0.600,0.000,0.000,-1.528,-4.323
530.81,0.973,0,1.062,1.100,1,0.600,0.000,0.000,0.600,0.000,0.000,-1.560,-4.410
531.01,0.823,0,0.828,0.868,1,0.600,0.000,0.000,0.600,0.000,0.000,-1.601,-4.544
531.21,0.823,0,0.828,0.868,1,0.600,0.000,0.000,0.600,0.000,0.000,-1.661,-4.731
531.41,0.622,0,0.828,0.868,1,0.600,0.000,0.000,0.333,0.000,0.000,-1.661,-4.731
531.61,0.116,1,0.388,0.417,1,0.600,0.000,0.000,0.000,0.000,0.000,-1.730,-4.979
531.81,0.250,0,0.388,0.417,1,0.000,0.000,0.000,0.000,0.000,0.000,-1.842,-5.293
532.01,1.010,0,1.157,1.217,1,0.000,0.000,0.000,0.000,0.000,0.000,-1.889,-5.490
532.21,1.010,0,1.157,1.217,1,0.000,0.000,0.000,0.000,0.000,0.000,-1.889,-5.490
532.41,1.010,0,1.157,1.217,1,0.000,0.000,0.000,0.000,0.000,0.000,-1.889,-5.490
532.61,0.115,0,0.225,0.414,1,0.000,0.000,0.000,0.000,0.000,0.000,0.000,0.000
532.81,0.154,0,0.225,0.414,1,0.000,0.000,0.000,0.000,0.000,0.000,-1.889,-5.490
533.01,0.131,0,0.159,0.411,0,0.000,0.000,0.000,0.000,0.000,0.000,-1.894,-5.484
533.21,0.131,0,0.159,0.411,0,0.000,0.000,0.000,0.000,0.000,0.000,-1.890,-5.488
533.41,0.142,0,0.159,0.411,0,0.000,0.000,0.000,0.000,0.000,0.000,-1.890,-5.488
533.61,0.325,0,0.358,0.401,1,0.000,0.000,0.000,0.000,0.000,0.000,-1.888,-5.488
533.81,0.332,0,0.358,0.401,1,0.000,0.000,0.000,0.000,0.000,0.000,-1.893,-5.485
534.01,0.146,0,0.171,0.414,0,0.000,0.000,0.000,0.000,0.000,0.000,-1.892,-5.487
534.21,0.146,0,0.171,0.414,0,0.000,0.000,0.000,0.000,0.000,0.000,-1.886,-5.490
534.41,0.374,0,0.171,0.414,0,0.000,0.000,0.000,0.000,0.000,0.000,-1.886,-5.490
534.61,0.521,0,0.529,0.592,1,0.000,0.000,0.000,0.000,0.000,0.000,-1.891,-5.489
534.81,0.361,0,0.529,0.592,1,0.000,0.000,0.000,0.000,0.000,0.000,-1.885,-5.486
535.01,0.496,0,0.504,0.459,1,0.000,0.000,0.000,0.000,0.000,0.000,-1.888,-5.487
535.21,0.496,0,0.504,0.459,1,0.600,0.000,0.000,0.144,0.000,0.000,-1.890,-5.487
535.41,0.559,0,0.504,0.459,1,0.600,0.000,0.000,0.239,0.000,0.000,-1.890,-5.487
535.61,0.559,0,0.566,0.621,1,0.600,0.000,0.000,0.239,0.000,0.000,-1.888,-5.485
535.81,0.635,0,0.566,0.621,1,0.600,0.000,0.000,0.352,0.000,0.000,-1.888,-5.497
536.01,0.656,0,0.662,0.713,1,0.600,0.000,0.000,0.384,0.000,0.000,-1.889,-5.500
536.21,0.656,0,0.662,0.713,1,0.600,0.000,0.000,0.384,0.000,0.000,-1.890,-5.525
536.41,0.116,0,0.662,0.713,1,0.600,0.000,0.000,0.363,0.000,0.000,-1.890,-5.525
536.61,0.115,0,0.587,0.647,1,0.600,0.000,0.000,0.270,0.000,0.000,-1.906,-5.577
536.81,0.473,0,0.587,0.647,1,0.600,0.000,0.000,0.109,0.000,0.000,-1.922,-5.680
537.01,0.403,0,0.413,0.446,1,0.000,0.000,0.000,0.000,0.000,0.000,-1.954,-5.760
537.21,0.403,0,0.413,0.446,1,0.000,0.000,0.000,0.000,0.000,0.000,-1.989,-5.877
537.41,0.340,0,0.413,0.446,1,0.000,0.000,0.000,0.000,0.000,0.000,-1.989,-5.877
537.61,0.308,0,0.321,0.405,1,0.000,0.000,0.000,0.000,0.000,0.000,-2.005,-5.919
537.81,0.299,1,0.321,0.405,1,0.600,0.000,0.000,0.000,0.000,0.000,-2.013,-5.937
538.01,0.330,1,0.342,0.402,1,0.600,0.000,0.000,0.000,0.000,0.000,-2.015,-5.955
538.21,0.330,1,0.342,0.402,1,0.600,0.000,0.000,0.000,0.000,0.000,-2.010,-5.945
538.41,0.352,1,0.342,0.402,1,0.600,0.000,0.000,0.000,0.000,0.000,-2.010,-5.945
538.61,0.344,1,0.356,0.404,1,0.600,0.000,0.000,0.000,0.000,0.000,-2.016,-5.947
538.81,0.411,0,0.356,0.404,1,0.600,0.000,0.000,0.017,0.000,0.000,-2.012,-5.952
539.01,0.116,0,0.416,0.453,1,0.600,0.000,0.000,0.009,0.000,0.000,-2.016,-5.950
539.21,0.116,0,0.416,0.453,1,0.600,0.000,0.000,0.014,0.000,0.000,-2.015,-5.948
539.41,0.409,0,0.416,0.453,1,0.600,0.000,0.000,0.014,0.000,0.000,-2.015,-5.948
539.61,0.401,0,0.411,0.450,1,0.600,0.000,0.000,0.001,0.000,0.000,-2.018,-5.948
539.81,0.116,0,0.411,0.450,1,0.600,0.000,0.000,0.000,0.000,0.000,-2.020,-5.951
540.01,0.399,1,0.409,0.451,1,0.600,0.000,0.000,0.000,0.000,0.000,-2.012,-5.953
540.21,0.399,1,0.409,0.451,1,0.600,0.000,0.000,0.000,0.000,0.000,-2.014,-5.950
540.41,0.399,1,0.409,0.451,1,0.600,0.000,0.000,0.000,0.000,0.000,-2.014,-5.950
540.61,0.402,0,0.412,0.451,1,0.000,0.000,0.000,0.000,0.000,0.000,-2.015,-5.949
540.81,0.406,0,0.412,0.451,1,0.600,0.000,0.000,0.009,0.000,0.000,-2.015,-5.947
541.01,0.408,0,0.418,0.456,1,0.600,0.000,0.000,0.012,0.000,0.000,-2.014,-5.947
541.21,0.408,0,0.418,0.456,1,0.600,0.000,0.000,0.011,0.000,0.000,-2.016,-5.945
541.41,0.407,0,0.418,0.456,1,0.600,0.000,0.000,0.011,0.000,0.000,-2.016,-5.945
541.61,0.411,0,0.421,0.457,1,0.600,0.000,0.000,0.017,0.000,0.000,-2.017,-5.946
541.81,0.413,0,0.421,0.457,1,0.600,0.000,0.000,0.019,0.000,0.000,-2.020,-5.953
542.01,0.414,0,0.424,0.457,1,0.600,0.000,0.000,0.021,0.000,0.000,-2.018,-5.949
542.21,0.414,0,0.424,0.457,1,0.600,0.000,0.000,0.019,0.000,0.000,-2.011,-5.949
542.41,0.413,0,0.424,0.457,1,0.600,0.000,0.000,0.019,0.000,0.000,-2.011,-5.949
542.61,0.410,0,0.420,0.457,1,0.000,0.000,0.000,0.000,0.000,0.000,-2.017,-5.947
542.81,0.411,0,0.420,0.457,1,-0.600,0.000,0.000,-0.600,0.000,0.000,-2.019,-5.948
543.01,0.411,0,0.421,0.457,1,-0.600,0.000,0.000,-0.600,0.000,0.000,-2.015,-5.945
543.21,0.411,0,0.421,0.457,1,-0.600,0.000,0.000,-0.600,0.000,0.000,-2.010,-5.923
543.41,0.447,0,0.421,0.457,1,-0.600,0.000,0.000,-0.600,0.000,0.000,-2.010,-5.923
543.61,0.519,0,0.527,0.537,1,0.000,0.000,0.000,0.000,0.000,0.000,-1.990,-5.841
543.81,0.625,0,0.527,0.537,1,0.000,0.000,0.000,0.000,0.000,0.000,-1.914,-5.752
544.01,0.116,0,0.769,0.817,1,0.000,0.000,0.000,0.000,0.000,0.000,0.000,0.000
544.21,0.116,0,0.769,0.817,1,0.000,0.000,0.000,0.000,0.000,0.000,-1.914,-5.752
544.41,0.821,0,0.769,0.817,1,0.000,0.000,0.000,0.000,0.000,0.000,-1.914,-5.752
544.61,0.832,0,0.837,0.882,1,0.600,0.000,0.000,0.600,0.000,0.000,-1.893,-5.674
544.81,0.863,0,0.837,0.882,1,0.600,0.000,0.000,0.600,0.000,0.000,-1.897,-5.648
545.01,0.802,0,0.807,0.887,1,0.600,0.000,0.000,0.600,0.000,0.000,-1.894,-5.675
545.21,0.802,0,0.807,0.887,1,0.600,0.000,0.000,0.519,0.000,0.000,-1.920,-5.754
545.41,0.116,0,0.807,0.887,1,0.600,0.000,0.000,0.519,0.000,0.000,-1.920,-5.754
545.61,0.632,0,0.638,0.660,1,0.600,0.000,0.000,0.348,0.000,0.000,-1.921,-5.868
545.81,0.465,0,0.638,0.660,1,0.600,0.000,0.000,0.098,0.000,0.000,-1.933,-6.049
546.01,0.571,0,0.578,0.403,1,0.000,0.600,0.000,0.000,0.600,0.000,-1.949,-6.251
546.21,0.213,0,0.578,0.403,1,0.000,0.600,0.000,0.000,0.600,0.000,-1.964,-6.420
546.41,0.213,0,0.578,0.403,1,0.000,0.000,0.000,0.000,0.000,0.000,-1.964,-6.420
546.61,0.116,0,0.277,0.412,1,0.000,0.000,0.000,0.000,0.000,0.000,0.000,0.000
546.81,0.251,0,0.277,0.412,1,0.000,0.000,0.000,0.000,0.000,0.000,-1.964,-6.420
547.01,0.276,0,0.291,0.421,1,0.000,0.000,0.000,0.000,0.000,0.000,-1.954,-6.389
547.21,0.278,0,0.291,0.421,1,0.000,0.000,0.000,0.000,0.000,0.000,-1.957,-6.399
547.41,0.278,0,0.291,0.421,1,0.000,0.000,0.000,0.000,0.000,0.000,-1.953,-6.401
547.61,0.116,1,0.279,0.417,1,-0.600,0.000,0.000,0.000,0.000,0.000,-1.953,-6.401
547.81,0.268,0,0.279,0.417,1,-0.600,0.000,0.000,-0.600,0.000,0.000,-1.959,-6.399
548.01,0.271,0,0.285,0.428,1,0.000,0.000,0.000,0.000,0.000,0.000,-1.958,-6.400
548.21,0.303,0,0.285,0.428,1,-0.600,0.000,0.000,-0.600,0.000,0.000,-1.929,-6.379
548.41,0.303,0,0.285,0.428,1,-0.600,0.000,0.000,-0.600,0.000,0.000,-1.933,-6.319
548.61,0.116,1,0.359,0.432,1,-0.600,0.000,0.000,0.000,0.000,0.000,-1.933,-6.319
548.81,0.451,0,0.359,0.432,1,0.600,0.000,0.000,0.077,0.000,0.000,-1.950,-6.220
549.01,0.554,0,0.561,0.630,1,0.000,0.000,0.000,0.000,0.000,0.000,-1.949,-6.121
549.21,0.614,0,0.561,0.630,1,0.600,0.000,0.000,0.321,0.000,0.000,-1.955,-6.059
549.41,0.614,0,0.561,0.630,1,0.600,0.000,0.000,0.321,0.000,0.000,-1.969,-6.040
549.61,0.116,0,0.599,0.670,1,0.600,0.000,0.000,0.288,0.000,0.000,-1.969,-6.040
549.81,0.596,0,0.599,0.670,1,0.600,0.000,0.000,0.294,0.000,0.000,-1.953,-6.053
550.01,0.544,0,0.551,0.613,1,0.600,0.000,0.000,0.216,0.000,0.000,-1.959,-6.085
550.21,0.518,0,0.551,0.613,1,0.600,0.000,0.000,0.177,0.000,0.000,-1.950,-6.148
550.41,0.518,0,0.551,0.613,1,0.600,0.000,0.000,0.177,0.000,0.000,-1.938,-6.214
550.61,0.455,0,0.464,0.479,1,0.600,0.000,0.000,0.083,0.000,0.000,-1.938,-6.214
550.81,0.390,1,0.464,0.479,1,0.600,0.000,0.000,0.000,0.000,0.000,-1.926,-6.278
551.01,0.334,1,0.346,0.404,1,0.600,0.000,0.000,0.000,0.000,0.000,-1.922,-6.326
551.21,0.315,1,0.346,0.404,1,0.600,0.000,0.000,0.000,0.000,0.000,-1.914,-6.355
551.41,0.315,1,0.346,0.404,1,0.600,0.000,0.000,0.000,0.000,0.000,-1.912,-6.367
551.61,0.306,1,0.319,0.406,1,0.600,0.000,0.000,0.000,0.000,0.000,-1.912,-6.367
551.81,0.320,1,0.319,0.406,1,0.600,0.000,0.000,0.000,0.000,0.000,-1.914,-6.366
552.01,0.306,1,0.319,0.406,1,0.600,0.000,0.000,0.000,0.000,0.000,-1.912,-6.364
552.21,0.289,1,0.319,0.406,1,0.600,0.000,0.000,0.000,0.000,0.000,-1.912,-6.364
552.41,0.289,1,0.319,0.406,1,0.600,0.000,0.000,0.000,0.000,0.000,-1.910,-6.364
552.61,0.319,1,0.331,0.406,1,0.600,0.000,0.000,0.000,0.000,0.000,-1.910,-6.364
552.81,0.316,1,0.331,0.406,1,0.600,0.000,0.000,0.000,0.000,0.000,-1.910,-6.365
553.01,0.310,1,0.323,0.403,1,0.600,0.000,0.000,0.000,0.000,0.000,-1.907,-6.366
553.21,0.312,1,0.323,0.403,1,0.600,0.000,0.000,0.000,0.000,0.000,-1.911,-6.368
553.41,0.312,1,0.323,0.403,1,0.600,0.000,0.000,0.000,0.000,0.000,-1.910,-6.367
553.61,0.309,1,0.322,0.402,1,0.600,0.000,0.000,0.000,0.000,0.000,-1.910,-6.367
553.81,0.311,0,0.322,0.402,1,0.000,0.000,0.000,0.000,0.000,0.000,-1.914,-6.362
554.01,0.309,0,0.322,0.411,1,0.000,0.000,0.000,0.000,0.000,0.000,-1.908,-6.361
554.21,0.309,0,0.322,0.411,1,-0.600,0.000,0.000,-0.600,0.000,0.000,-1.905,-6.359
554.41,0.309,0,0.322,0.411,1,0.000,0.000,0.000,0.000,0.000,0.000,-1.901,-6.356
554.61,0.317,0,0.330,0.402,1,-0.600,0.000,0.000,-0.600,0.000,0.000,-1.901,-6.356
554.81,0.360,0,0.330,0.402,1,-0.600,0.000,0.000,-0.600,0.000,0.000,-1.915,-6.299
555.01,0.116,1,0.454,0.539,1,-0.600,0.000,0.000,0.000,0.000,0.000,-1.926,-6.234
555.21,0.116,1,0.454,0.539,1,-0.600,0.000,0.000,0.000,0.000,0.000,-1.915,-6.094
555.41,0.116,0,0.454,0.539,1,-0.600,0.000,0.000,-0.600,0.000,0.000,-1.974,-5.970
555.61,0.700,0,0.706,0.743,1,0.000,0.000,0.000,0.000,0.000,0.000,-1.974,-5.970
555.81,0.701,0,0.706,0.743,1,0.000,0.000,0.000,0.000,0.000,0.000,-2.009,-5.890
556.01,0.747,0,0.780,0.865,1,0.600,0.000,0.000,0.562,0.000,0.000,-2.053,-5.822
556.21,0.776,0,0.780,0.865,1,0.000,0.000,0.000,0.000,0.000,0.000,-2.068,-5.795
556.41,0.749,0,0.780,0.865,1,0.600,0.000,0.000,0.524,0.000,0.000,-2.060,-5.828
556.61,0.749,0,0.754,0.774,1,0.600,0.000,0.000,0.413,0.000,0.000,-2.060,-5.828
556.81,0.675,0,0.754,0.774,1,0.600,0.000,0.000,0.413,0.000,0.000,-2.032,-5.905
557.01,0.614,0,0.621,0.589,1,0.600,0.000,0.000,0.321,0.000,0.000,-1.980,-5.984
557.21,0.467,0,0.621,0.589,1,0.600,0.000,0.000,0.101,0.000,0.000,-1.914,-6.122
557.41,0.336,0,0.621,0.589,1,0.000,0.000,0.000,0.000,0.000,0.000,-1.837,-6.284
557.61,0.336,0,0.348,0.420,1,0.000,0.000,0.000,0.000,0.000,0.000,-1.761,-6.432
557.81,0.326,0,0.348,0.420,1,0.000,0.000,0.000,0.000,0.000,0.000,-1.761,-6.432
558.01,0.232,0,0.249,0.412,1,0.000,0.000,0.000,0.000,0.000,0.000,-1.692,-6.553
558.21,0.116,0,0.249,0.412,1,0.000,0.000,0.000,0.000,0.000,0.000,-1.664,-6.645
558.41,0.364,0,0.249,0.412,1,0.000,0.000,0.000,0.000,0.000,0.000,-1.645,-6.693
558.61,0.364,0,0.379,0.426,1,0.000,0.000,0.000,0.000,0.000,0.000,-1.619,-6.731
558.81,0.116,0,0.379,0.426,1,0.000,0.000,0.000,0.000,0.000,0.000,-1.619,-6.731
559.01,0.348,0,0.360,0.419,1,0.000,0.000,0.000,0.000,0.000,0.000,-1.629,-6.730
559.21,0.116,0,0.360,0.419,1,0.000,0.000,0.000,0.000,0.000,0.000,-1.636,-6.735
559.41,0.116,0,0.360,0.419,1,0.000,0.000,0.000,0.000,0.000,0.000,-1.630,-6.732
559.61,0.116,0,0.360,0.407,1,0.000,0.000,0.000,0.000,0.000,0.000,-1.628,-6.734
559.81,0.348,0,0.360,0.407,1,0.000,0.000,0.000,0.000,0.000,0.000,-1.628,-6.734
560.01,0.116,0,0.360,0.430,1,0.000,0.000,0.000,0.000,0.000,0.000,-1.626,-6.735
560.21,0.348,0,0.360,0.430,1,0.000,0.000,0.000,0.000,0.000,0.000,-1.630,-6.736
560.41,0.348,0,0.360,0.430,1,0.000,0.000,0.000,0.000,0.000,0.000,-1.623,-6.735
560.61,0.348,0,0.360,0.426,1,0.000,0.000,0.000,0.000,0.000,0.000,-1.634,-6.734
560.81,0.116,0,0.360,0.426,1,0.000,0.000,0.000,0.000,0.000,0.000,-1.634,-6.734
561.01,0.116,0,0.360,0.421,1,0.000,0.000,0.000,0.000,0.000,0.000,-1.634,-6.734
561.21,0.116,0,0.360,0.421,1,0.000,0.000,0.000,0.000,0.000,0.000,-1.632,-6.728
561.41,0.117,0,0.360,0.421,1,0.000,0.000,0.000,0.000,0.000,0.000,-1.637,-6.731
561.61,0.117,0,0.360,0.429,1,0.000,0.000,0.000,0.000,0.000,0.000,-1.631,-6.727
561.81,0.116,0,0.360,0.429,1,0.000,0.000,0.000,0.000,0.000,0.000,-1.631,-6.727
562.01,0.116,0,0.360,0.412,1,0.000,0.000,0.000,0.000,0.000,0.000,-1.631,-6.730
562.21,0.116,0,0.360,0.412,1,0.000,0.000,0.000,0.000,0.000,0.000,-1.632,-6.728
562.41,0.116,0,0.360,0.412,1,0.000,0.000,0.000,0.000,0.000,0.000,-1.631,-6.721
562.61,0.116,0,0.213,0.423,0,0.000,0.000,0.000,0.000,0.000,0.000,-1.634,-6.726
562.81,0.195,0,0.213,0.423,0,0.000,0.000,0.000,0.000,0.000,0.000,-1.634,-6.726
563.01,0.116,0,0.212,0.407,1,0.000,0.000,0.000,0.000,0.000,0.000,-1.627,-6.725
563.21,0.186,0,0.212,0.407,1,0.000,0.000,0.000,0.000,0.000,0.000,-1.628,-6.733
563.41,0.116,0,0.212,0.407,1,0.000,0.000,0.000,0.000,0.000,0.000,-1.634,-6.729
563.61,0.116,0,0.208,0.413,0,0.000,0.000,0.000,0.000,0.000,0.000,-1.634,-6.730
563.81,0.116,0,0.208,0.413,0,0.000,0.000,0.000,0.000,0.000,0.000,-1.634,-6.730
564.01,0.348,0,0.360,0.427,1,0.000,0.000,0.000,0.000,0.000,0.000,-1.634,-6.731
564.21,0.198,0,0.360,0.427,1,0.000,0.000,0.000,0.000,0.000,0.000,-1.634,-6.737
564.41,0.116,0,0.360,0.427,1,0.000,0.000,0.000,0.000,0.000,0.000,-1.621,-6.733
564.61,0.116,0,0.360,0.404,1,0.000,0.000,0.000,0.000,0.000,0.000,-1.626,-6.734
564.81,0.116,0,0.360,0.404,1,0.000,0.000,0.000,0.000,0.000,0.000,-1.627,-6.730
565.01,0.183,0,0.360,0.427,1,0.000,0.000,0.000,0.000,0.000,0.000,-1.627,-6.730
565.21,0.116,0,0.360,0.427,1,0.000,0.000,0.000,0.000,0.000,0.000,-1.629,-6.734
565.41,0.177,0,0.360,0.427,1,0.000,0.000,0.000,0.000,0.000,0.000,-1.624,-6.746
565.61,0.116,0,0.360,0.407,1,0.000,0.000,0.000,0.000,0.000,0.000,-1.630,-6.741
565.81,0.116,0,0.360,0.407,1,0.000,0.000,0.000,0.000,0.000,0.000,-1.630,-6.741
566.01,0.348,0,0.360,0.449,1,0.000,0.000,0.000,0.000,0.000,0.000,-1.630,-6.741
566.21,0.117,0,0.360,0.449,1,0.000,0.000,0.000,0.000,0.000,0.000,-1.629,-6.727
566.41,0.266,0,0.360,0.449,1,0.000,0.000,0.000,0.000,0.000,0.000,-1.623,-6.734
566.61,0.116,0,0.360,0.453,1,0.000,0.000,0.000,0.000,0.000,0.000,-1.628,-6.731
566.81,0.116,0,0.360,0.453,1,0.000,0.000,0.000,0.000,0.000,0.000,-1.631,-6.733
567.01,0.116,0,0.360,0.417,1,0.000,0.000,0.000,0.000,0.000,0.000,-1.631,-6.733
567.21,0.116,0,0.360,0.417,1,0.000,0.000,0.000,0.000,0.000,0.000,-1.626,-6.733
567.41,0.116,0,0.360,0.417,1,0.000,0.000,0.000,0.000,0.000,0.000,-1.638,-6.732
567.61,0.116,0,0.359,0.425,1,0.000,0.000,0.000,0.000,0.000,0.000,-1.634,-6.726
567.81,0.116,0,0.359,0.425,1,0.000,0.000,0.000,0.000,0.000,0.000,-1.630,-6.728
568.01,0.207,0,0.360,0.418,1,0.000,0.000,0.000,0.000,0.000,0.000,-1.630,-6.728
568.21,0.116,0,0.360,0.418,1,0.000,0.000,0.000,0.000,0.000,0.000,-1.632,-6.733
568.41,0.116,0,0.360,0.418,1,0.000,0.000,0.000,0.000,0.000,0.000,-1.630,-6.728
568.61,0.116,0,0.360,0.435,1,0.000,0.000,0.000,0.000,0.000,0.000,-1.630,-6.730
568.81,0.116,0,0.360,0.435,1,0.000,0.000,0.000,0.000,0.000,0.000,-1.626,-6.730
569.01,0.116,0,0.207,0.446,0,0.000,0.000,0.000,0.000,0.000,0.000,-1.626,-6.730
569.21,0.116,0,0.207,0.446,0,0.000,0.000,0.000,0.000,0.000,0.000,-1.638,-6.727
569.41,0.116,0,0.207,0.446,0,0.000,0.000,0.000,0.000,0.000,0.000,-1.632,-6.735
569.61,0.116,0,0.360,0.413,1,0.000,0.000,0.000,0.000,0.000,0.000,-1.632,-6.730
569.81,0.116,0,0.360,0.413,1,0.000,0.000,0.000,0.000,0.000,0.000,-1.629,-6.728
570.01,0.116,0,0.360,0.399,1,0.000,0.000,0.000,0.000,0.000,0.000,-1.629,-6.728
570.21,0.116,0,0.360,0.399,1,0.000,0.000,0.000,0.000,0.000,0.000,-1.629,-6.732
570.41,0.116,0,0.360,0.399,1,0.000,0.000,0.000,0.000,0.000,0.000,-1.629,-6.732
570.61,0.116,1,0.360,0.397,1,0.000,0.000,0.000,0.000,0.000,0.000,-1.629,-6.732
570.81,0.116,1,0.360,0.397,1,0.000,0.000,0.000,0.000,0.000,0.000,-1.629,-6.732
571.01,0.116,0,6.270,0.399,0,0.000,0.000,0.000,0.000,0.000,0.000,-1.645,-6.743
571.21,0.116,0,6.270,0.399,0,0.000,0.000,0.000,0.000,0.000,0.000,-1.625,-6.729
571.41,0.116,0,6.270,0.399,0,0.000,0.000,0.000,0.000,0.000,0.000,-1.632,-6.733
571.61,0.116,0,0.360,0.400,1,0.000,0.000,0.000,0.000,0.000,0.000,-1.632,-6.733
571.81,0.348,0,0.360,0.400,1,0.000,0.000,0.000,0.000,0.000,0.000,-1.630,-6.733
572.01,0.234,0,0.360,0.450,1,0.000,0.000,0.000,0.000,0.000,0.000,-1.632,-6.726
572.21,0.116,0,0.360,0.450,1,0.000,0.000,0.000,0.000,0.000,0.000,-1.636,-6.731
572.41,0.116,0,0.360,0.450,1,0.000,0.000,0.000,0.000,0.000,0.000,-1.634,-6.732
572.61,0.116,0,0.360,0.407,1,0.000,0.000,0.000,0.000,0.000,0.000,-1.634,-6.732
572.81,0.116,0,0.360,0.407,1,0.000,0.000,0.000,0.000,0.000,0.000,-1.625,-6.728
573.01,0.218,0,0.360,0.442,1,0.000,0.000,0.000,0.000,0.000,0.000,-1.627,-6.736
573.21,0.216,0,0.360,0.442,1,0.000,0.000,0.000,0.000,0.000,0.000,-1.623,-6.729
573.41,0.216,0,0.360,0.442,1,0.000,0.000,0.000,0.000,0.000,0.000,-1.637,-6.728
573.61,0.116,0,0.360,0.412,1,0.000,0.000,0.000,0.000,0.000,0.000,-1.637,-6.728
573.81,0.116,0,0.360,0.412,1,0.000,0.000,0.000,0.000,0.000,0.000,-1.626,-6.725
574.01,0.220,0,0.360,0.419,1,0.000,0.000,0.000,0.000,0.000,0.000,-1.632,-6.728
574.21,0.116,0,0.360,0.419,1,0.000,0.000,0.000,0.000,0.000,0.000,-1.626,-6.730
574.41,0.116,0,0.360,0.419,1,0.000,0.000,0.000,0.000,0.000,0.000,-1.627,-6.730
574.61,0.118,0,0.360,0.451,1,0.000,0.000,0.000,0.000,0.000,0.000,-1.627,-6.730
574.81,0.214,0,0.360,0.451,1,0.000,0.000,0.000,0.000,0.000,0.000,-1.633,-6.730
575.01,0.116,0,0.360,0.453,1,0.000,0.000,0.000,0.000,0.000,0.000,-1.627,-6.728
575.21,0.116,0,0.360,0.453,1,0.000,0.000,0.000,0.000,0.000,0.000,-1.631,-6.726
575.41,0.116,0,0.360,0.453,1,0.000,0.000,0.000,0.000,0.000,0.000,-1.626,-6.723
575.61,0.116,0,0.291,0.454,1,0.000,0.000,0.000,0.000,0.000,0.000,-1.626,-6.723
575.81,0.116,0,0.291,0.454,1,0.000,0.000,0.000,0.000,0.000,0.000,-1.634,-6.730
576.01,0.116,0,0.360,0.454,1,0.000,0.000,0.000,0.000,0.000,0.000,-1.624,-6.726
576.21,0.273,0,0.360,0.454,1,0.000,0.000,0.000,0.000,0.000,0.000,-1.627,-6.725
576.41,0.116,0,0.360,0.454,1,0.000,0.000,0.000,0.000,0.000,0.000,-1.631,-6.733
576.61,0.116,0,0.360,0.454,1,0.000,0.000,0.000,0.000,0.000,0.000,-1.640,-6.723
576.81,0.238,0,0.360,0.454,1,0.000,0.000,0.000,0.000,0.000,0.000,-1.640,-6.723
577.01,0.240,0,0.360,0.454,1,0.000,0.000,0.000,0.000,0.000,0.000,-1.643,-6.728
577.21,0.116,0,0.360,0.454,1,0.000,0.000,0.000,0.000,0.000,0.000,-1.630,-6.731
577.41,0.116,0,0.360,0.454,1,0.000,0.000,0.000,0.000,0.000,0.000,-1.632,-6.734
577.61,0.116,0,0.360,0.455,1,0.000,0.000,0.000,0.000,0.000,0.000,-1.631,-6.731
577.81,0.116,0,0.360,0.455,1,0.000,0.000,0.000,0.000,0.000,0.000,-1.631,-6.731
578.01,0.348,0,0.360,0.455,1,0.000,0.000,0.000,0.000,0.000,0.000,-1.629,-6.734
578.21,0.116,0,0.360,0.455,1,0.000,0.000,0.000,0.000,0.000,0.000,-1.627,-6.730
578.41,0.116,0,0.360,0.455,1,0.000,0.000,0.000,0.000,0.000,0.000,-1.632,-6.736
578.61,0.116,0,0.360,0.455,1,0.000,0.000,0.000,0.000,0.000,0.000,-1.632,-6.729
578.81,0.116,0,0.360,0.455,1,0.000,0.000,0.000,0.000,0.000,0.000,-1.632,-6.729
579.01,0.116,0,0.360,0.455,1,0.000,0.000,0.000,0.000,0.000,0.000,-1.630,-6.731
579.21,0.116,0,0.360,0.455,1,0.000,0.000,0.000,0.000,0.000,0.000,-1.633,-6.731
579.41,0.116,0,0.360,0.455,1,0.000,0.000,0.000,0.000,0.000,0.000,-1.637,-6.731
579.61,0.116,0,0.360,0.455,1,0.000,0.000,0.000,0.000,0.000,0.000,-1.643,-6.724
579.81,0.116,0,0.360,0.455,1,0.000,0.000,0.000,0.000,0.000,0.000,-1.643,-6.724
580.01,0.348,0,0.360,0.455,1,0.000,0.000,0.000,0.000,0.000,0.000,-1.629,-6.733
580.21,0.116,0,0.360,0.455,1,0.000,0.000,0.000,0.000,0.000,0.000,-1.631,-6.734
580.41,0.116,0,0.360,0.455,1,0.000,0.000,0.000,0.000,0.000,0.000,-1.627,-6.726
580.61,0.116,0,0.360,0.455,1,0.000,0.000,0.000,0.000,0.000,0.000,-1.634,-6.729
580.81,0.116,0,0.360,0.455,1,0.000,0.000,0.000,0.000,0.000,0.000,-1.634,-6.729
581.01,0.116,0,0.360,0.455,1,0.000,0.000,0.000,0.000,0.000,0.000,-1.632,-6.733
581.21,0.348,0,0.360,0.455,1,0.000,0.000,0.000,0.000,0.000,0.000,-1.629,-6.734
581.41,0.116,0,0.360,0.455,1,0.000,0.000,0.000,0.000,0.000,0.000,-1.626,-6.733
581.61,0.116,0,0.360,0.454,1,0.000,0.000,0.000,0.000,0.000,0.000,-1.629,-6.734
581.81,0.116,0,0.360,0.454,1,0.000,0.000,0.000,0.000,0.000,0.000,-1.635,-6.724
582.01,0.116,0,0.360,0.454,1,0.000,0.000,0.000,0.000,0.000,0.000,-1.635,-6.724
582.21,0.116,0,0.360,0.454,1,0.000,0.000,0.000,0.000,0.000,0.000,-1.637,-6.728
582.41,0.348,0,0.360,0.454,1,0.000,0.000,0.000,0.000,0.000,0.000,-1.629,-6.733
582.61,0.116,0,0.360,0.455,1,0.000,0.000,0.000,0.000,0.000,0.000,-1.625,-6.729
582.81,0.116,0,0.360,0.455,1,0.000,0.000,0.000,0.000,0.000,0.000,-1.633,-6.730
583.01,0.116,0,0.360,0.455,1,0.000,0.000,0.000,0.000,0.000,0.000,-1.633,-6.730
583.21,0.116,0,0.360,0.455,1,0.000,0.000,0.000,0.000,0.000,0.000,-1.635,-6.727
583.41,0.348,0,0.360,0.455,1,0.000,0.000,0.000,0.000,0.000,0.000,-1.633,-6.733
583.61,0.116,0,0.360,0.455,1,0.000,0.000,0.000,0.000,0.000,0.000,-1.625,-6.736
583.81,0.116,0,0.360,0.455,1,0.000,0.000,0.000,0.000,0.000,0.000,-1.628,-6.734
584.01,0.116,0,0.360,0.455,1,0.000,0.000,0.000,0.000,0.000,0.000,-1.628,-6.734
584.21,0.116,0,0.360,0.455,1,0.000,0.000,0.000,0.000,0.000,0.000,-1.633,-6.732
584.41,0.348,0,0.360,0.455,1,0.000,0.000,0.000,0.000,0.000,0.000,-1.632,-6.732
584.61,0.116,0,0.360,0.454,1,0.000,0.000,0.000,0.000,0.000,0.000,-1.630,-6.731
584.81,0.116,0,0.360,0.454,1,0.000,0.000,0.000,0.000,0.000,0.000,-1.638,-6.722
585.01,0.116,0,0.360,0.454,1,0.000,0.000,0.000,0.000,0.000,0.000,-1.638,-6.722
585.21,0.116,0,0.360,0.454,1,0.000,0.000,0.000,0.000,0.000,0.000,-1.637,-6.721
585.41,0.116,0,0.360,0.454,1,0.000,0.000,0.000,0.000,0.000,0.000,-1.627,-6.727
585.61,0.116,0,0.360,0.455,1,0.000,0.000,0.000,0.000,0.000,0.000,-1.631,-6.727
585.81,0.116,0,0.360,0.455,1,0.000,0.000,0.000,0.000,0.000,0.000,-1.630,-6.731
586.01,0.116,0,0.360,0.455,1,0.000,0.000,0.000,0.000,0.000,0.000,-1.630,-6.731
586.21,0.116,0,0.360,0.455,1,0.000,0.000,0.000,0.000,0.000,0.000,-1.635,-6.729
586.41,0.235,0,0.360,0.455,1,0.000,0.000,0.000,0.000,0.000,0.000,-1.620,-6.737
586.61,0.266,0,0.360,0.455,1,0.000,0.000,0.000,0.000,0.000,0.000,-1.629,-6.743
586.81,0.285,0,0.360,0.455,1,0.000,0.000,0.000,0.000,0.000,0.000,-1.634,-6.739
587.01,0.285,0,0.360,0.455,1,0.000,0.000,0.000,0.000,0.000,0.000,-1.628,-6.741
587.21,0.289,0,0.360,0.455,1,0.000,0.000,0.000,0.000,0.000,0.000,-1.628,-6.741
587.41,0.116,0,0.360,0.455,1,0.000,0.000,0.000,0.000,0.000,0.000,-1.627,-6.733
587.61,0.116,0,0.360,0.455,1,0.000,0.000,0.000,0.000,0.000,0.000,-1.630,-6.744
587.81,0.116,0,0.360,0.455,1,0.000,0.000,0.000,0.000,0.000,0.000,-1.636,-6.741
588.01,0.116,0,0.360,0.454,1,0.000,0.000,0.000,0.000,0.000,0.000,-1.639,-6.732
588.21,0.116,0,0.360,0.454,1,0.000,0.000,0.000,0.000,0.000,0.000,-1.639,-6.732
588.41,0.116,0,0.360,0.454,1,0.000,0.000,0.000,0.000,0.000,0.000,-1.639,-6.738
588.61,0.116,0,0.360,0.455,1,0.000,0.000,0.000,0.000,0.000,0.000,-1.629,-6.735
588.81,0.116,0,0.360,0.455,1,0.000,0.000,0.000,0.000,0.000,0.000,-1.640,-6.732
589.01,0.116,0,0.360,0.463,1,0.000,0.000,0.000,0.000,0.000,0.000,-1.642,-6.712
589.21,0.116,0,0.360,0.463,1,0.000,0.000,0.000,0.000,0.000,0.000,-1.642,-6.712
589.41,0.308,0,0.360,0.463,1,0.000,0.000,0.000,0.000,0.000,0.000,-1.650,-6.698
589.61,0.116,0,0.384,0.507,1,0.000,0.000,0.000,0.000,0.000,0.000,-1.653,-6.654
589.81,0.319,0,0.384,0.507,1,0.000,0.000,0.000,0.000,0.000,0.000,-1.669,-6.638
590.01,0.319,0,0.430,0.653,0,0.000,0.000,0.000,0.000,0.000,0.000,-1.697,-6.572
590.21,0.321,0,0.430,0.653,0,0.000,0.000,0.000,0.000,0.000,0.000,-1.697,-6.572
590.41,0.171,0,0.430,0.653,0,0.000,0.000,0.000,0.000,0.000,0.000,-1.817,-6.494
590.61,0.170,0,0.631,0.720,1,0.000,0.000,0.000,0.000,0.000,0.000,0.000,0.000
590.81,0.164,0,0.631,0.720,1,0.000,0.000,0.000,0.000,0.000,0.000,-1.817,-6.494
591.01,0.117,0,0.663,0.660,1,0.000,0.000,0.000,0.000,0.000,0.000,0.000,0.000
591.21,0.117,0,0.663,0.660,1,0.000,0.000,0.000,0.000,0.000,0.000,-1.817,-6.494
591.41,0.195,0,0.663,0.660,1,0.000,0.000,0.000,0.000,0.000,0.000,-1.817,-6.494
591.61,0.220,0,0.612,2.608,0,0.000,0.000,0.000,0.000,0.000,0.000,0.000,0.000
591.81,0.227,0,0.612,2.608,0,0.000,0.000,0.000,0.000,0.000,0.000,-1.817,-6.494
592.01,0.229,0,3.449,2.309,0,0.000,0.000,0.000,0.000,0.000,0.000,0.000,0.000
592.21,0.229,0,3.449,2.309,0,0.000,0.000,0.000,0.000,0.000,0.000,-1.817,-6.494
592.41,0.228,0,3.449,2.309,0,0.000,0.000,0.000,0.000,0.000,0.000,-1.817,-6.494
592.61,0.218,0,7.472,4.175,0,0.000,0.000,0.000,0.000,0.000,0.000,0.000,0.000
592.81,0.213,0,7.472,4.175,0,0.000,0.000,0.000,0.000,0.000,0.000,-1.817,-6.494
593.01,0.209,0,0.577,3.820,0,0.000,0.000,0.000,0.000,0.000,0.000,0.000,0.000
593.21,0.209,0,0.577,3.820,0,0.000,0.000,0.000,0.000,0.000,0.000,-1.817,-6.494
593.41,0.208,0,0.577,3.820,0,0.000,0.000,0.000,0.000,0.000,0.000,-1.817,-6.494
593.61,0.207,0,0.675,0.661,1,0.000,0.000,0.000,0.000,0.000,0.000,0.000,0.000
593.81,0.207,0,0.675,0.661,1,0.000,0.000,0.000,0.000,0.000,0.000,-1.817,-6.494
594.01,0.209,0,0.867,0.777,1,0.000,0.000,0.000,0.000,0.000,0.000,0.000,0.000
594.21,0.209,0,0.867,0.777,1,0.000,0.000,0.000,0.000,0.000,0.000,-1.817,-6.494
594.41,0.212,0,0.867,0.777,1,0.000,0.000,0.000,0.000,0.000,0.000,-1.817,-6.494
594.61,0.214,0,0.243,0.842,0,0.000,0.000,0.000,0.000,0.000,0.000,0.000,0.000
594.81,0.223,0,0.243,0.842,0,0.000,0.000,0.000,0.000,0.000,0.000,-1.817,-6.494
595.01,0.214,0,0.243,0.828,0,0.000,0.000,0.000,0.000,0.000,0.000,0.000,0.000
595.21,0.214,0,0.243,0.828,0,0.000,0.000,0.000,0.000,0.000,0.000,-1.817,-6.494
595.41,0.220,0,0.243,0.828,0,0.000,0.000,0.000,0.000,0.000,0.000,-1.817,-6.494
595.61,0.220,0,0.900,3.860,0,0.000,0.000,0.000,0.000,0.000,0.000,0.000,0.000
595.81,0.233,0,0.900,3.860,0,0.000,0.000,0.000,0.000,0.000,0.000,-1.817,-6.494
596.01,0.228,0,4.102,3.023,0,0.000,0.000,0.000,0.000,0.000,0.000,0.000,0.000
596.21,0.228,0,4.102,3.023,0,0.000,0.000,0.000,0.000,0.000,0.000,-1.817,-6.494
596.41,0.227,0,4.102,3.023,0,0.000,0.000,0.000,0.000,0.000,0.000,0.000,0.000
596.61,0.232,0,5.635,2.604,0,0.000,0.000,0.000,0.000,0.000,0.000,0.000,0.000
596.81,0.240,0,5.635,2.604,0,0.000,0.000,0.000,0.000,0.000,0.000,-1.817,-6.494
597.01,0.253,0,5.078,2.315,0,0.000,0.000,0.000,0.000,0.000,0.000,0.000,0.000
597.21,0.244,0,5.078,2.315,0,0.000,0.000,0.000,0.000,0.000,0.000,-1.817,-6.494
597.41,0.244,0,5.078,2.315,0,0.000,0.000,0.000,0.000,0.000,0.000,0.000,0.000
597.61,0.264,0,0.280,2.294,0,0.000,0.000,0.000,0.000,0.000,0.000,0.000,0.000
597.81,0.252,0,0.280,2.294,0,0.000,0.000,0.000,0.000,0.000,0.000,-1.817,-6.494
598.01,0.235,0,0.264,0.567,0,0.000,0.000,0.000,0.000,0.000,0.000,-1.732,-6.578
598.21,0.218,0,0.264,0.567,0,0.000,0.000,0.000,0.000,0.000,0.000,-1.658,-6.652
598.41,0.218,0,0.264,0.567,0,0.000,0.000,0.000,0.000,0.000,0.000,-1.579,-6.694
598.61,0.210,0,0.254,0.403,1,0.000,0.000,0.000,0.000,0.000,0.000,-1.579,-6.694
598.81,0.219,0,0.254,0.403,1,0.000,0.000,0.000,0.000,0.000,0.000,-1.536,-6.730
599.01,0.229,0,0.254,0.425,1,0.000,0.000,0.000,0.000,0.000,0.000,-1.491,-6.798
599.21,0.219,0,0.254,0.425,1,0.000,0.000,0.000,0.000,0.000,0.000,-1.460,-6.841
599.41,0.219,0,0.254,0.425,1,0.000,0.000,0.000,0.000,0.000,0.000,-1.469,-6.837
599.61,0.223,0,0.265,0.421,1,0.000,0.000,0.000,0.000,0.000,0.000,-1.469,-6.837
599.81,0.231,0,0.265,0.421,1,0.000,0.000,0.000,0.000,0.000,0.000,-1.463,-6.860
600.01,0.231,0,0.248,0.417,1,0.000,0.000,0.000,0.000,0.000,0.000,-1.441,-6.889
600.21,0.217,0,0.248,0.417,1,0.000,0.000,0.000,0.000,0.000,0.000,-1.456,-6.888
600.41,0.217,0,0.248,0.417,1,0.000,0.000,0.000,0.000,0.000,0.000,-1.438,-6.902
600.61,0.208,0,0.227,0.424,1,0.000,0.000,0.000,0.000,0.000,0.000,-1.438,-6.902
600.81,0.208,0,0.227,0.424,1,0.000,0.000,0.000,0.000,0.000,0.000,-1.435,-6.901
601.01,0.212,0,0.230,0.418,1,0.000,0.000,0.000,0.000,0.000,0.000,-1.436,-6.907
601.21,0.208,0,0.230,0.418,1,0.000,0.000,0.000,0.000,0.000,0.000,-1.437,-6.909
601.41,0.208,0,0.230,0.418,1,0.000,0.000,0.000,0.000,0.000,0.000,-1.436,-6.906
601.61,0.212,0,0.230,0.414,1,0.000,0.000,0.000,0.000,0.000,0.000,-1.436,-6.906
601.81,0.212,0,0.230,0.414,1,0.000,0.000,0.000,0.000,0.000,0.000,-1.438,-6.900
602.01,0.212,0,0.230,0.414,1,0.000,0.000,0.000,0.000,0.000,0.000,-1.437,-6.901
602.21,0.212,0,0.230,0.414,1,0.000,0.000,0.000,0.000,0.000,0.000,-1.439,-6.901
602.41,0.117,0,0.230,0.414,1,0.000,0.000,0.000,0.000,0.000,0.000,-1.435,-6.903
602.61,0.117,0,0.230,0.423,1,0.000,0.000,0.000,0.000,0.000,0.000,-1.429,-6.905
602.81,0.212,0,0.230,0.423,1,0.000,0.000,0.000,0.000,0.000,0.000,-1.429,-6.905
603.01,0.211,0,0.229,0.420,1,0.000,0.000,0.000,0.000,0.000,0.000,-1.428,-6.911
603.21,0.116,0,0.229,0.420,1,0.000,0.000,0.000,0.000,0.000,0.000,-1.434,-6.906
603.41,0.208,0,0.229,0.420,1,0.000,0.000,0.000,0.000,0.000,0.000,-1.433,-6.899
603.61,0.208,0,0.227,0.422,1,0.000,0.000,0.000,0.000,0.000,0.000,-1.430,-6.904
603.81,0.212,0,0.227,0.422,1,0.000,0.000,0.000,0.000,0.000,0.000,-1.430,-6.904
604.01,0.212,0,0.230,0.424,1,0.000,0.000,0.000,0.000,0.000,0.000,-1.442,-6.901
604.21,0.209,0,0.230,0.424,1,0.000,0.000,0.000,0.000,0.000,0.000,-1.441,-6.908
604.41,0.212,0,0.230,0.424,1,0.000,0.000,0.000,0.000,0.000,0.000,-1.442,-6.903
604.61,0.212,0,0.230,0.420,1,0.000,0.000,0.000,0.000,0.000,0.000,-1.438,-6.905
604.81,0.212,0,0.230,0.420,1,0.000,0.000,0.000,0.000,0.000,0.000,-1.438,-6.905
605.01,0.116,0,0.230,0.419,1,0.000,0.000,0.000,0.000,0.000,0.000,-1.438,-6.902
605.21,0.212,0,0.230,0.419,1,0.000,0.000,0.000,0.000,0.000,0.000,-1.436,-6.904
605.41,0.212,0,0.230,0.419,1,0.000,0.000,0.000,0.000,0.000,0.000,-1.434,-6.906
605.61,0.212,0,0.230,0.412,1,0.000,0.000,0.000,0.000,0.000,0.000,-1.433,-6.911
605.81,0.212,0,0.230,0.412,1,0.000,0.000,0.000,0.000,0.000,0.000,-1.433,-6.911
606.01,0.212,0,0.230,0.418,1,0.000,0.000,0.000,0.000,0.000,0.000,-1.436,-6.906
606.21,0.117,0,0.230,0.418,1,0.000,0.000,0.000,0.000,0.000,0.000,-1.434,-6.904
606.41,0.116,0,0.230,0.418,1,0.000,0.000,0.000,0.000,0.000,0.000,-1.437,-6.908
606.61,0.116,0,0.230,0.412,1,0.000,0.000,0.000,0.000,0.000,0.000,-1.437,-6.903
606.81,0.116,0,0.230,0.412,1,0.000,0.000,0.000,0.000,0.000,0.000,-1.437,-6.903
607.01,0.212,0,0.230,0.418,1,0.000,0.000,0.000,0.000,0.000,0.000,-1.431,-6.902
607.21,0.212,0,0.230,0.418,1,0.000,0.000,0.000,0.000,0.000,0.000,-1.437,-6.908
607.41,0.209,0,0.230,0.418,1,0.000,0.000,0.000,0.000,0.000,0.000,-1.434,-6.903
607.61,0.209,0,0.228,0.424,1,0.000,0.000,0.000,0.000,0.000,0.000,-1.436,-6.907
607.81,0.212,0,0.228,0.424,1,0.000,0.000,0.000,0.000,0.000,0.000,-1.436,-6.907
608.01,0.116,0,0.230,0.416,1,0.000,0.000,0.000,0.000,0.000,0.000,-1.439,-6.907
608.21,0.116,0,0.230,0.416,1,0.000,0.000,0.000,0.000,0.000,0.000,-1.438,-6.909
608.41,0.212,0,0.230,0.416,1,0.000,0.000,0.000,0.000,0.000,0.000,-1.435,-6.910
608.61,0.212,0,0.230,0.409,1,0.000,0.000,0.000,0.000,0.000,0.000,-1.435,-6.905
608.81,0.209,0,0.230,0.409,1,0.000,0.000,0.000,0.000,0.000,0.000,-1.435,-6.905
609.01,0.212,0,0.230,0.421,1,0.000,0.000,0.000,0.000,0.000,0.000,-1.428,-6.903
609.21,0.209,0,0.230,0.421,1,0.000,0.000,0.000,0.000,0.000,0.000,-1.431,-6.898
609.41,0.212,0,0.230,0.421,1,0.000,0.000,0.000,0.000,0.000,0.000,-1.427,-6.897
609.61,0.212,0,0.230,0.423,1,0.000,0.000,0.000,0.000,0.000,0.000,-1.428,-6.897
609.81,0.212,0,0.230,0.423,1,0.000,0.000,0.000,0.000,0.000,0.000,-1.428,-6.897
610.01,0.212,0,0.230,0.424,1,0.000,0.000,0.000,0.000,0.000,0.000,-1.432,-6.903
610.21,0.212,0,0.230,0.424,1,0.000,0.000,0.000,0.000,0.000,0.000,-1.431,-6.905
610.41,0.209,0,0.230,0.424,1,0.000,0.000,0.000,0.000,0.000,0.000,-1.437,-6.903
610.61,0.209,0,0.228,0.421,1,0.000,0.000,0.000,0.000,0.000,0.000,-1.435,-6.903
610.81,0.212,0,0.228,0.421,1,0.000,0.000,0.000,0.000,0.000,0.000,-1.435,-6.903
611.01,0.212,0,0.230,0.421,1,0.000,0.000,0.000,0.000,0.000,0.000,-1.435,-6.907
611.21,0.212,0,0.230,0.421,1,0.000,0.000,0.000,0.000,0.000,0.000,-1.431,-6.901
611.41,0.209,0,0.230,0.421,1,0.000,0.000,0.000,0.000,0.000,0.000,-1.439,-6.901
611.61,0.212,0,0.228,0.413,1,0.000,0.000,0.000,0.000,0.000,0.000,-1.432,-6.907
611.81,0.212,0,0.228,0.413,1,0.000,0.000,0.000,0.000,0.000,0.000,-1.429,-6.910
612.01,0.209,0,0.228,0.420,1,0.000,0.000,0.000,0.000,0.000,0.000,-1.429,-6.910
612.21,0.212,0,0.228,0.420,1,0.000,0.000,0.000,0.000,0.000,0.000,-1.436,-6.904
612.41,0.213,0,0.228,0.420,1,0.000,0.000,0.000,0.000,0.000,0.000,-1.438,-6.902
612.61,0.208,0,0.231,0.414,1,0.000,0.000,0.000,0.000,0.000,0.000,-1.431,-6.904
612.81,0.208,0,0.231,0.414,1,0.000,0.000,0.000,0.000,0.000,0.000,-1.434,-6.905
613.01,0.211,0,0.229,0.418,1,0.000,0.000,0.000,0.000,0.000,0.000,-1.434,-6.905
613.21,0.116,0,0.229,0.418,1,0.000,0.000,0.000,0.000,0.000,0.000,-1.437,-6.900
613.41,0.212,0,0.229,0.418,1,0.000,0.000,0.000,0.000,0.000,0.000,-1.433,-6.899
613.61,0.212,0,0.230,0.416,1,0.000,0.000,0.000,0.000,0.000,0.000,-1.437,-6.902
613.81,0.212,0,0.230,0.416,1,0.000,0.000,0.000,0.000,0.000,0.000,-1.437,-6.903
614.01,0.212,0,0.230,0.424,1,0.000,0.000,0.000,0.000,0.000,0.000,-1.437,-6.903
614.21,0.212,0,0.230,0.424,1,0.000,0.000,0.000,0.000,0.000,0.000,-1.440,-6.900
614.41,0.212,0,0.230,0.424,1,0.000,0.000,0.000,0.000,0.000,0.000,-1.439,-6.899
614.61,0.211,0,0.230,0.423,1,0.000,0.000,0.000,0.000,0.000,0.000,-1.437,-6.893
614.81,0.211,0,0.230,0.423,1,0.000,0.000,0.000,0.000,0.000,0.000,-1.439,-6.903
615.01,0.212,0,0.230,0.420,1,0.000,0.000,0.000,0.000,0.000,0.000,-1.439,-6.903
615.21,0.116,0,0.230,0.420,1,0.000,0.000,0.000,0.000,0.000,0.000,-1.437,-6.895
615.41,0.211,0,0.230,0.420,1,0.000,0.000,0.000,0.000,0.000,0.000,-1.435,-6.896
615.61,0.209,0,0.229,0.419,1,0.000,0.000,0.000,0.000,0.000,0.000,-1.437,-6.906
615.81,0.209,0,0.229,0.419,1,0.000,0.000,0.000,0.000,0.000,0.000,-1.439,-6.896
616.01,0.212,0,0.230,0.423,1,0.000,0.000,0.000,0.000,0.000,0.000,-1.439,-6.896
616.21,0.211,0,0.230,0.423,1,0.000,0.000,0.000,0.000,0.000,0.000,-1.439,-6.900
616.41,0.212,0,0.230,0.423,1,0.000,0.000,0.000,0.000,0.000,0.000,-1.436,-6.898
616.61,0.212,0,0.230,0.420,1,0.000,0.000,0.000,0.000,0.000,0.000,-1.439,-6.905
616.81,0.212,0,0.230,0.420,1,0.000,0.000,0.000,0.000,0.000,0.000,-1.436,-6.899
617.01,0.212,0,0.230,0.424,1,0.000,0.000,0.000,0.000,0.000,0.000,-1.436,-6.899
617.21,0.212,0,0.230,0.424,1,0.000,0.000,0.000,0.000,0.000,0.000,-1.441,-6.902
617.41,0.212,0,0.230,0.424,1,0.000,0.000,0.000,0.000,0.000,0.000,-1.435,-6.899
617.61,0.212,0,0.230,0.423,1,0.000,0.000,0.000,0.000,0.000,0.000,-1.441,-6.902
617.81,0.212,0,0.230,0.423,1,0.000,0.000,0.000,0.000,0.000,0.000,-1.440,-6.895
618.01,0.211,0,0.229,0.423,1,0.000,0.000,0.000,0.000,0.000,0.000,-1.440,-6.895
618.21,0.116,0,0.229,0.423,1,0.000,0.000,0.000,0.000,0.000,0.000,-1.430,-6.902
618.41,0.116,0,0.229,0.423,1,0.000,0.000,0.000,0.000,0.000,0.000,-1.433,-6.906
618.61,0.211,0,0.228,0.421,1,0.000,0.000,0.000,0.000,0.000,0.000,-1.445,-6.899
618.81,0.211,0,0.228,0.421,1,0.000,0.000,0.000,0.000,0.000,0.000,-1.419,-6.923
619.01,0.211,0,0.229,0.427,1,0.000,0.000,0.000,0.000,0.000,0.000,-1.419,-6.923
619.21,0.205,0,0.229,0.427,1,0.000,0.000,0.000,0.000,0.000,0.000,-1.459,-6.908
619.41,0.216,0,0.229,0.427,1,0.000,0.000,0.000,0.000,0.000,0.000,-1.474,-6.891
619.61,0.239,0,0.234,0.413,1,0.000,0.000,0.000,0.000,0.000,0.000,-1.545,-6.873
619.81,0.239,0,0.234,0.413,1,0.000,0.000,0.000,0.000,0.000,0.000,-1.549,-6.894
620.01,0.256,0,0.271,0.402,1,0.000,0.000,0.000,0.000,0.000,0.000,-1.549,-6.894
620.21,0.277,0,0.271,0.402,1,0.000,0.000,0.000,0.000,0.000,0.000,-1.702,-6.893
620.41,0.283,0,0.271,0.402,1,0.000,0.000,0.000,0.000,0.000,0.000,0.000,0.000
620.61,0.278,0,0.300,0.410,1,0.000,0.000,0.000,0.000,0.000,0.000,-1.702,-6.893
620.81,0.278,0,0.300,0.410,1,0.000,0.000,0.000,0.000,0.000,0.000,-1.726,-6.818
621.01,0.279,0,0.294,0.405,1,0.000,0.000,0.000,0.000,0.000,0.000,-1.726,-6.818
621.21,0.298,0,0.294,0.405,1,0.000,0.000,0.000,0.000,0.000,0.000,-1.692,-6.848
621.41,0.314,0,0.294,0.405,1,0.000,0.000,0.000,0.000,0.000,0.000,-1.557,-6.851
621.61,0.346,0,0.350,0.421,1,0.000,0.000,0.000,0.000,0.000,0.000,0.000,0.000
621.81,0.346,0,0.350,0.421,1,0.000,0.000,0.000,0.000,0.000,0.000,-1.557,-6.851
622.01,0.376,0,5.073,3.777,0,0.000,0.000,0.000,0.000,0.000,0.000,-1.557,-6.851
622.21,0.390,0,5.073,3.777,0,0.000,0.000,0.000,0.000,0.000,0.000,-1.602,-6.956
622.41,0.370,0,5.073,3.777,0,0.000,0.000,0.000,0.000,0.000,0.000,-1.625,-6.954
622.61,0.353,0,0.409,3.739,0,0.000,0.000,0.000,0.000,0.000,0.000,-1.633,-6.988
622.81,0.353,0,0.409,3.739,0,0.000,0.000,0.000,0.000,0.000,0.000,-1.703,-6.918
623.01,0.342,0,0.376,3.684,0,0.000,0.000,0.000,0.000,0.000,0.000,-1.703,-6.918
623.21,0.343,0,0.376,3.684,0,0.000,0.000,0.000,0.000,0.000,0.000,-1.678,-6.961
623.41,0.354,0,0.376,3.684,0,0.000,0.000,0.000,0.000,0.000,0.000,-1.646,-6.968
623.61,0.305,0,3.228,3.479,0,0.000,0.000,0.000,0.000,0.000,0.000,-1.647,-6.983
623.81,0.305,0,3.228,3.479,0,0.000,0.000,0.000,0.000,0.000,0.000,-1.634,-7.001
624.01,0.287,0,3.215,3.327,1,0.000,0.000,0.000,0.000,0.000,0.000,-1.634,-7.001
624.21,0.262,0,3.215,3.327,1,0.000,0.000,0.000,0.000,0.000,0.000,-1.617,-7.017
624.41,0.227,0,3.215,3.327,1,0.000,0.000,0.000,0.000,0.000,0.000,-1.586,-7.037
624.61,0.216,0,3.147,3.106,1,0.000,0.000,0.000,0.000,0.000,0.000,-1.500,-7.096
624.81,0.216,0,3.147,3.106,1,0.000,0.000,0.000,0.000,0.000,0.000,-1.521,-7.115
625.01,0.226,0,0.382,2.999,0,0.000,0.000,0.000,0.000,0.000,0.000,-1.521,-7.115
625.21,0.227,0,0.382,2.999,0,0.000,0.000,0.000,0.000,0.000,0.000,-1.520,-7.123
625.41,0.223,0,0.382,2.999,0,0.000,0.000,0.000,0.000,0.000,0.000,-1.505,-7.117
625.61,0.226,0,0.381,2.275,0,0.000,0.000,0.000,0.000,0.000,0.000,-1.556,-7.115
625.81,0.226,0,0.381,2.275,0,0.000,0.000,0.000,0.000,0.000,0.000,-1.654,-7.040
626.01,0.250,0,3.150,2.339,0,0.000,0.000,0.000,0.000,0.000,0.000,-1.654,-7.040
626.21,0.235,0,3.150,2.339,0,0.000,0.000,0.000,0.000,0.000,0.000,0.000,0.000
626.41,0.216,0,3.150,2.339,0,0.000,0.000,0.000,0.000,0.000,0.000,-1.654,-7.040
626.61,0.222,0,2.177,0.439,0,0.000,0.000,0.000,0.000,0.000,0.000,-1.641,-7.022
626.81,0.222,0,2.177,0.439,0,0.000,0.000,0.000,0.000,0.000,0.000,-1.640,-7.046
627.01,0.213,0,0.476,0.431,1,0.000,0.000,0.000,0.000,0.000,0.000,-1.640,-7.046
627.21,0.213,0,0.476,0.431,1,0.000,0.000,0.000,0.000,0.000,0.000,-1.639,-7.035
627.41,0.215,0,0.476,0.431,1,0.000,0.000,0.000,0.000,0.000,0.000,-1.644,-7.042
627.61,0.215,0,2.195,0.436,0,0.000,0.000,0.000,0.000,0.000,0.000,-1.642,-7.042
627.81,0.215,0,2.195,0.436,0,0.000,0.000,0.000,0.000,0.000,0.000,-1.642,-7.027
628.01,0.220,0,0.386,0.436,1,0.000,0.000,0.000,0.000,0.000,0.000,-1.642,-7.027
628.21,0.213,0,0.386,0.436,1,0.000,0.000,0.000,0.000,0.000,0.000,-1.641,-7.025
628.41,0.213,0,0.386,0.436,1,0.000,0.000,0.000,0.000,0.000,0.000,-1.644,-7.034
628.61,0.116,0,2.193,0.436,0,0.000,0.000,0.000,0.000,0.000,0.000,-1.646,-7.035
628.81,0.215,0,2.193,0.436,0,0.000,0.000,0.000,0.000,0.000,0.000,-1.642,-7.038
629.01,0.215,0,2.260,0.436,0,0.000,0.000,0.000,0.000,0.000,0.000,-1.642,-7.038
629.21,0.221,0,2.260,0.436,0,0.000,0.000,0.000,0.000,0.000,0.000,-1.641,-7.041
629.41,0.214,0,2.260,0.436,0,0.000,0.000,0.000,0.000,0.000,0.000,-1.645,-7.055
629.61,0.116,0,0.534,0.432,1,0.000,0.000,0.000,0.000,0.000,0.000,-1.645,-7.041
629.81,0.116,0,0.534,0.432,1,0.000,0.000,0.000,0.000,0.000,0.000,-1.653,-7.041
630.01,0.225,0,0.501,0.423,1,0.000,0.000,0.000,0.000,0.000,0.000,-1.653,-7.041
630.21,0.229,0,0.501,0.423,1,0.000,0.000,0.000,0.000,0.000,0.000,-1.606,-7.042
630.41,0.223,0,0.501,0.423,1,0.000,0.000,0.000,0.000,0.000,0.000,-1.608,-7.005
630.61,0.228,0,0.488,0.422,1,0.000,0.000,0.000,0.000,0.000,0.000,-1.630,-7.017
630.81,0.228,0,0.488,0.422,1,0.000,0.000,0.000,0.000,0.000,0.000,-1.644,-7.006
631.01,0.236,0,2.199,0.439,0,0.000,0.000,0.000,0.000,0.000,0.000,-1.644,-7.006
631.21,0.236,0,2.199,0.439,0,0.000,0.000,0.000,0.000,0.000,0.000,-1.644,-7.025
631.41,0.246,0,2.199,0.439,0,0.000,0.000,0.000,0.000,0.000,0.000,-1.651,-7.010
631.61,0.238,0,2.197,0.440,0,0.000,0.000,0.000,0.000,0.000,0.000,-1.658,-7.004
631.81,0.238,0,2.197,0.440,0,0.000,0.000,0.000,0.000,0.000,0.000,-1.652,-7.010
632.01,0.236,0,2.212,0.440,0,0.000,0.000,0.000,0.000,0.000,0.000,-1.652,-7.010
632.21,0.241,0,2.212,0.440,0,0.000,0.000,0.000,0.000,0.000,0.000,-1.656,-7.008
632.41,0.236,0,2.212,0.440,0,0.000,0.000,0.000,0.000,0.000,0.000,-1.657,-7.007
632.61,0.238,0,2.216,0.445,0,0.000,0.000,0.000,0.000,0.000,0.000,-1.648,-6.998
632.81,0.238,0,2.216,0.445,0,0.000,0.000,0.000,0.000,0.000,0.000,-1.650,-7.004
633.01,0.235,0,0.636,0.441,1,0.000,0.000,0.000,0.000,0.000,0.000,-1.650,-7.004
633.21,0.244,0,0.636,0.441,1,0.000,0.000,0.000,0.000,0.000,0.000,-1.654,-6.998
633.41,0.236,0,0.636,0.441,1,0.000,0.000,0.000,0.000,0.000,0.000,-1.652,-7.008
633.61,0.237,0,2.210,0.439,0,0.000,0.000,0.000,0.000,0.000,0.000,-1.652,-6.996
633.81,0.237,0,2.210,0.439,0,0.000,0.000,0.000,0.000,0.000,0.000,-1.655,-6.999
634.01,0.241,0,2.199,0.439,0,0.000,0.000,0.000,0.000,0.000,0.000,-1.655,-6.999
634.21,0.235,0,2.199,0.439,0,0.000,0.000,0.000,0.000,0.000,0.000,-1.652,-6.999
634.41,0.235,0,2.199,0.439,0,0.000,0.000,0.000,0.000,0.000,0.000,-1.654,-7.003
634.61,0.238,0,0.581,0.442,1,0.000,0.000,0.000,0.000,0.000,0.000,-1.658,-7.001
634.81,0.238,0,0.581,0.442,1,0.000,0.000,0.000,0.000,0.000,0.000,-1.659,-7.001
635.01,0.207,0,3.229,0.444,0,0.000,0.000,0.000,0.000,0.000,0.000,-1.659,-7.001
635.21,0.200,0,3.229,0.444,0,0.000,0.000,0.000,0.000,0.000,0.000,-1.662,-7.004
635.41,0.193,0,3.229,0.444,0,0.000,0.000,0.000,0.000,0.000,0.000,-1.655,-7.002
635.61,0.195,0,2.203,0.444,0,0.000,0.000,0.000,0.000,0.000,0.000,-1.661,-7.000
635.81,0.195,0,2.203,0.444,0,0.000,0.000,0.000,0.000,0.000,0.000,-1.655,-7.006
636.01,0.213,0,3.237,0.443,0,0.000,0.000,0.000,0.000,0.000,0.000,-1.655,-7.006
636.21,0.106,0,3.237,0.443,0,0.000,0.000,0.000,0.000,0.000,0.000,-1.660,-7.001
636.41,0.131,0,3.237,0.443,0,0.000,0.000,0.000,0.000,0.000,0.000,-1.657,-7.001
636.61,0.116,0,2.197,0.440,0,0.000,0.000,0.000,0.000,0.000,0.000,-1.652,-7.000
636.81,0.116,0,2.197,0.440,0,0.000,0.000,0.000,0.000,0.000,0.000,-1.659,-6.997
637.01,0.123,0,2.212,0.440,0,0.000,0.000,0.000,0.000,0.000,0.000,-1.659,-6.997
637.21,0.153,0,2.212,0.440,0,0.000,0.000,0.000,0.000,0.000,0.000,-1.655,-6.996
637.41,0.184,0,2.212,0.440,0,0.000,0.000,0.000,0.000,0.000,0.000,-1.656,-6.995
637.61,0.208,0,2.224,0.440,0,0.000,0.000,0.000,0.000,0.000,0.000,-1.655,-7.003
637.81,0.208,0,2.224,0.440,0,0.000,0.000,0.000,0.000,0.000,0.000,-1.656,-6.998
638.01,0.238,0,2.208,0.438,0,0.000,0.000,0.000,0.000,0.000,0.000,-1.656,-6.998
638.21,0.242,0,2.208,0.438,0,0.000,0.000,0.000,0.000,0.000,0.000,-1.653,-7.003
638.41,0.241,0,2.208,0.438,0,0.000,0.000,0.000,0.000,0.000,0.000,-1.657,-7.006
638.61,0.240,0,2.206,0.443,0,0.000,0.000,0.000,0.000,0.000,0.000,-1.658,-7.004
638.81,0.240,0,2.206,0.443,0,0.000,0.000,0.000,0.000,0.000,0.000,-1.656,-7.004
639.01,0.243,0,2.214,0.442,0,0.000,0.000,0.000,0.000,0.000,0.000,-1.656,-7.004
639.21,0.235,0,2.214,0.442,0,0.000,0.000,0.000,0.000,0.000,0.000,-1.654,-7.004
639.41,0.236,0,2.214,0.442,0,0.000,0.000,0.000,0.000,0.000,0.000,-1.653,-7.010
639.61,0.242,0,2.202,0.442,0,0.000,0.000,0.000,0.000,0.000,0.000,-1.655,-7.003
639.81,0.242,0,2.202,0.442,0,0.000,0.000,0.000,0.000,0.000,0.000,-1.657,-7.001
640.01,0.238,0,2.220,0.441,0,0.000,0.000,0.000,0.000,0.000,0.000,-1.657,-7.001
640.21,0.109,0,2.220,0.441,0,0.000,0.000,0.000,0.000,0.000,0.000,-1.655,-7.004
640.41,0.237,0,2.220,0.441,0,0.000,0.000,0.000,0.000,0.000,0.000,-1.653,-7.006
640.61,0.246,0,2.214,0.441,0,0.000,0.000,0.000,0.000,0.000,0.000,-1.657,-7.004
640.81,0.246,0,2.214,0.441,0,0.000,0.000,0.000,0.000,0.000,0.000,-1.656,-7.002
641.01,0.236,0,2.210,0.441,0,0.000,0.000,0.000,0.000,0.000,0.000,-1.656,-7.002
641.21,0.240,0,2.210,0.441,0,0.000,0.000,0.000,0.000,0.000,0.000,-1.658,-7.006
641.41,0.106,0,2.210,0.441,0,0.000,0.000,0.000,0.000,0.000,0.000,-1.656,-7.003
641.61,0.240,0,2.195,0.440,0,0.000,0.000,0.000,0.000,0.000,0.000,-1.656,-7.003
641.81,0.240,0,2.195,0.440,0,0.000,0.000,0.000,0.000,0.000,0.000,-1.655,-7.007
642.01,0.243,0,2.204,0.441,0,0.000,0.000,0.000,0.000,0.000,0.000,-1.655,-7.007
642.21,0.236,0,2.204,0.441,0,0.000,0.000,0.000,0.000,0.000,0.000,-1.654,-7.009
642.41,0.242,0,2.204,0.441,0,0.000,0.000,0.000,0.000,0.000,0.000,-1.657,-7.010
642.61,0.235,0,2.201,0.444,0,0.000,0.000,0.000,0.000,0.000,0.000,-1.659,-7.004
642.81,0.235,0,2.201,0.444,0,0.000,0.000,0.000,0.000,0.000,0.000,-1.661,-7.011
643.01,0.237,0,2.223,0.440,0,0.000,0.000,0.000,0.000,0.000,0.000,-1.661,-7.011
643.21,0.235,0,2.223,0.440,0,0.000,0.000,0.000,0.000,0.000,0.000,-1.659,-7.011
643.41,0.243,0,2.223,0.440,0,0.000,0.000,0.000,0.000,0.000,0.000,-1.660,-7.000
643.61,0.238,0,2.205,0.439,0,0.000,0.000,0.000,0.000,0.000,0.000,-1.660,-7.000
643.81,0.238,0,2.205,0.439,0,0.000,0.000,0.000,0.000,0.000,0.000,-1.660,-7.003
644.01,0.236,0,2.206,0.443,0,0.000,0.000,0.000,0.000,0.000,0.000,-1.660,-7.003
644.21,0.245,0,2.206,0.443,0,0.000,0.000,0.000,0.000,0.000,0.000,-1.665,-7.000
644.41,0.237,0,2.206,0.443,0,0.000,0.000,0.000,0.000,0.000,0.000,-1.658,-7.000
644.61,0.236,0,3.229,0.442,0,0.000,0.000,0.000,0.000,0.000,0.000,-1.658,-7.005
644.81,0.236,0,3.229,0.442,0,0.000,0.000,0.000,0.000,0.000,0.000,-1.654,-7.002
645.01,0.235,0,3.241,0.440,0,0.000,0.000,0.000,0.000,0.000,0.000,-1.654,-7.002
645.21,0.236,0,3.241,0.440,0,0.000,0.000,0.000,0.000,0.000,0.000,-1.665,-7.000
645.41,0.241,0,3.241,0.440,0,0.000,0.000,0.000,0.000,0.000,0.000,-1.660,-7.000
645.61,0.247,0,2.216,0.443,0,0.000,0.000,0.000,0.000,0.000,0.000,-1.657,-7.001
645.81,0.247,0,2.216,0.443,0,0.000,0.000,0.000,0.000,0.000,0.000,-1.653,-6.996
646.01,0.238,0,2.215,0.442,0,0.000,0.000,0.000,0.000,0.000,0.000,-1.653,-6.996
646.21,0.109,0,2.215,0.442,0,0.000,0.000,0.000,0.000,0.000,0.000,-1.662,-7.000
646.41,0.235,0,2.215,0.442,0,0.000,0.000,0.000,0.000,0.000,0.000,-1.653,-7.006
646.61,0.240,0,2.203,0.443,0,0.000,0.000,0.000,0.000,0.000,0.000,-1.658,-7.003
646.81,0.240,0,2.203,0.443,0,0.000,0.000,0.000,0.000,0.000,0.000,-1.664,-7.008
647.01,0.241,0,2.214,0.441,0,0.000,0.000,0.000,0.000,0.000,0.000,-1.664,-7.008
647.21,0.107,0,2.214,0.441,0,0.000,0.000,0.000,0.000,0.000,0.000,-1.655,-7.018
647.41,0.237,0,2.214,0.441,0,0.000,0.000,0.000,0.000,0.000,0.000,-1.659,-7.004
647.61,0.107,0,2.222,0.440,0,0.000,0.000,0.000,0.000,0.000,0.000,-1.656,-7.004
647.81,0.107,0,2.222,0.440,0,0.000,0.000,0.000,0.000,0.000,0.000,-1.662,-7.005
648.01,0.241,0,2.210,0.442,0,0.000,0.000,0.000,0.000,0.000,0.000,-1.662,-7.005
648.21,0.235,0,2.210,0.442,0,0.000,0.000,0.000,0.000,0.000,0.000,-1.652,-7.016
648.41,0.243,0,2.210,0.442,0,0.000,0.000,0.000,0.000,0.000,0.000,-1.653,-7.004
648.61,0.235,0,2.201,0.444,0,0.000,0.000,0.000,0.000,0.000,0.000,-1.651,-7.010
648.81,0.235,0,2.201,0.444,0,0.000,0.000,0.000,0.000,0.000,0.000,-1.652,-6.998
649.01,0.236,0,2.214,0.444,0,0.000,0.000,0.000,0.000,0.000,0.000,-1.652,-6.998
649.21,0.237,0,2.214,0.444,0,0.000,0.000,0.000,0.000,0.000,0.000,-1.649,-6.995
649.41,0.235,0,2.214,0.444,0,0.000,0.000,0.000,0.000,0.000,0.000,-1.652,-6.996
649.61,0.240,0,2.217,0.442,0,0.000,0.000,0.000,0.000,0.000,0.000,-1.649,-7.012
649.81,0.240,0,2.217,0.442,0,0.000,0.000,0.000,0.000,0.000,0.000,-1.649,-7.012
650.01,0.247,0,2.200,0.438,0,0.000,0.000,0.000,0.000,0.000,0.000,-1.652,-6.998
650.21,0.235,0,2.200,0.438,0,0.000,0.000,0.000,0.000,0.000,0.000,-1.648,-7.001
650.41,0.235,0,2.200,0.438,0,0.000,0.000,0.000,0.000,0.000,0.000,-1.647,-7.007
650.61,0.235,0,2.206,0.441,0,0.000,0.000,0.000,0.000,0.000,0.000,-1.646,-7.012
650.81,0.243,0,2.206,0.441,0,0.000,0.000,0.000,0.000,0.000,0.000,-1.646,-7.012
651.01,0.237,0,2.205,0.441,0,0.000,0.000,0.000,0.000,0.000,0.000,-1.642,-7.000
651.21,0.238,0,2.205,0.441,0,0.000,0.000,0.000,0.000,0.000,0.000,-1.645,-7.010
651.41,0.238,0,2.205,0.441,0,0.000,0.000,0.000,0.000,0.000,0.000,-1.656,-7.009
651.61,0.238,0,2.200,0.446,0,0.000,0.000,0.000,0.000,0.000,0.000,-1.659,-7.005
651.81,0.243,0,2.200,0.446,0,0.000,0.000,0.000,0.000,0.000,0.000,-1.659,-7.005
652.01,0.238,0,3.226,0.443,0,0.000,0.000,0.000,0.000,0.000,0.000,-1.656,-7.004
652.21,0.240,0,3.226,0.443,0,0.000,0.000,0.000,0.000,0.000,0.000,-1.656,-7.007
652.41,0.107,0,3.226,0.443,0,0.000,0.000,0.000,0.000,0.000,0.000,-1.651,-7.011
652.61,0.107,0,2.211,0.447,0,0.000,0.000,0.000,0.000,0.000,0.000,-1.648,-7.010
652.81,0.106,0,2.211,0.447,0,0.000,0.000,0.000,0.000,0.000,0.000,-1.648,-7.010
653.01,0.106,0,2.196,0.445,0,0.000,0.000,0.000,0.000,0.000,0.000,-1.651,-7.003
653.21,0.107,0,2.196,0.445,0,0.000,0.000,0.000,0.000,0.000,0.000,-1.648,-7.008
653.41,0.106,0,2.196,0.445,0,0.000,0.000,0.000,0.000,0.000,0.000,-1.639,-6.995
653.61,0.106,0,2.209,0.454,0,0.000,0.000,0.000,0.000,0.000,0.000,-1.621,-6.997
653.81,0.108,0,2.209,0.454,0,0.000,0.000,0.000,0.000,0.000,0.000,-1.621,-6.997
654.01,0.236,0,2.190,0.447,0,0.000,0.000,0.000,0.000,0.000,0.000,-1.648,-7.018
654.21,0.183,0,2.190,0.447,0,0.000,0.000,0.000,0.000,0.000,0.000,-1.650,-7.008
654.41,0.107,0,2.190,0.447,0,0.000,0.000,0.000,0.000,0.000,0.000,-1.655,-7.014
654.61,0.107,0,2.200,0.446,0,0.000,0.000,0.000,0.000,0.000,0.000,-1.652,-7.005
654.81,0.131,0,2.200,0.446,0,0.000,0.000,0.000,0.000,0.000,0.000,-1.652,-7.005
655.01,0.158,0,2.190,0.446,0,0.000,0.000,0.000,0.000,0.000,0.000,-1.657,-7.011
655.21,0.199,0,2.190,0.446,0,0.000,0.000,0.000,0.000,0.000,0.000,-1.653,-7.006
655.41,0.204,0,2.190,0.446,0,0.000,0.000,0.000,0.000,0.000,0.000,-1.651,-7.009
655.61,0.204,0,2.191,0.445,0,0.000,0.000,0.000,0.000,0.000,0.000,-1.648,-7.010
655.81,0.186,0,2.191,0.445,0,0.000,0.000,0.000,0.000,0.000,0.000,-1.648,-7.010
656.01,0.154,0,2.193,0.443,0,0.000,0.000,0.000,0.000,0.000,0.000,-1.647,-7.009
656.21,0.172,0,2.193,0.443,0,0.000,0.000,0.000,0.000,0.000,0.000,-1.645,-7.021
656.41,0.214,0,2.193,0.443,0,0.000,0.000,0.000,0.000,0.000,0.000,-1.649,-7.019
656.61,0.214,0,3.245,0.445,0,0.000,0.000,0.000,0.000,0.000,0.000,-1.649,-7.019
656.81,0.226,0,3.245,0.445,0,0.000,0.000,0.000,0.000,0.000,0.000,-1.649,-7.019
657.01,0.237,0,2.204,0.447,0,0.000,0.000,0.000,0.000,0.000,0.000,-1.654,-7.024
657.21,0.167,0,2.204,0.447,0,0.000,0.000,0.000,0.000,0.000,0.000,-1.654,-7.021
657.41,0.109,0,2.204,0.447,0,0.000,0.000,0.000,0.000,0.000,0.000,-1.647,-7.003
657.61,0.109,0,2.187,0.444,0,0.000,0.000,0.000,0.000,0.000,0.000,-1.619,-7.004
657.81,0.146,0,2.187,0.444,0,0.000,0.000,0.000,0.000,0.000,0.000,-1.619,-7.004
658.01,0.106,0,2.201,0.441,0,0.000,0.000,0.000,0.000,0.000,0.000,-1.655,-7.004
658.21,0.106,0,2.201,0.441,0,0.000,0.000,0.000,0.000,0.000,0.000,-1.652,-7.014
658.41,0.108,0,2.201,0.441,0,0.000,0.000,0.000,0.000,0.000,0.000,-1.641,-7.011
658.61,0.108,0,0.156,0.441,0,0.000,0.000,0.000,0.000,0.000,0.000,-1.610,-7.004
658.81,0.109,0,0.156,0.441,0,0.000,0.000,0.000,0.000,0.000,0.000,-1.610,-7.004
659.01,0.107,0,0.359,0.447,1,0.000,0.000,0.000,0.000,0.000,0.000,-1.657,-7.016
659.21,0.255,0,0.359,0.447,1,0.000,0.000,0.000,0.000,0.000,0.000,-1.646,-7.013
659.41,0.235,0,0.359,0.447,1,0.000,0.000,0.000,0.000,0.000,0.000,-1.650,-7.013
659.61,0.235,0,0.330,0.446,1,0.000,0.000,0.000,0.000,0.000,0.000,-1.649,-7.015
659.81,0.241,0,0.330,0.446,1,0.000,0.000,0.000,0.000,0.000,0.000,-1.649,-7.015
660.01,0.244,0,2.201,0.446,0,0.000,0.000,0.000,0.000,0.000,0.000,-1.652,-7.015
660.21,0.242,0,2.201,0.446,0,0.000,0.000,0.000,0.000,0.000,0.000,-1.650,-7.008
660.41,0.235,0,2.201,0.446,0,0.000,0.000,0.000,0.000,0.000,0.000,-1.653,-7.010
660.61,0.235,0,2.208,0.445,0,0.000,0.000,0.000,0.000,0.000,0.000,-1.659,-7.012
660.81,0.244,0,2.208,0.445,0,0.000,0.000,0.000,0.000,0.000,0.000,-1.659,-7.012
661.01,0.236,0,3.233,0.445,0,0.000,0.000,0.000,0.000,0.000,0.000,-1.655,-7.002
661.21,0.242,0,3.233,0.445,0,0.000,0.000,0.000,0.000,0.000,0.000,-1.654,-7.006
661.41,0.235,0,3.233,0.445,0,0.000,0.000,0.000,0.000,0.000,0.000,-1.658,-7.014
661.61,0.235,0,2.188,0.442,0,0.000,0.000,0.000,0.000,0.000,0.000,-1.660,-6.998
661.81,0.240,0,2.188,0.442,0,0.000,0.000,0.000,0.000,0.000,0.000,-1.660,-6.998
662.01,0.235,0,2.200,0.444,0,0.000,0.000,0.000,0.000,0.000,0.000,-1.663,-7.008
662.21,0.236,0,2.200,0.444,0,0.000,0.000,0.000,0.000,0.000,0.000,-1.658,-6.978
662.41,0.235,0,2.200,0.444,0,0.000,0.000,0.000,0.000,0.000,0.000,-1.655,-7.004
662.61,0.235,0,2.204,0.437,0,0.000,0.000,0.000,0.000,0.000,0.000,-1.655,-7.004
662.81,0.209,0,2.204,0.437,0,0.000,0.000,0.000,0.000,0.000,0.000,-1.630,-7.016
663.01,0.191,0,3.175,2.302,0,0.000,0.000,0.000,0.000,0.000,0.000,-1.621,-7.037
663.21,0.192,0,3.175,2.302,0,0.000,0.000,0.000,0.000,0.000,0.000,-1.620,-7.037
663.41,0.192,0,3.175,2.302,0,0.000,0.000,0.000,0.000,0.000,0.000,-1.632,-7.044
663.61,0.193,0,2.153,2.295,1,0.000,0.000,0.000,0.000,0.000,0.000,-1.632,-7.044
663.81,0.191,0,2.153,2.295,1,0.000,0.000,0.000,0.000,0.000,0.000,-1.623,-7.050
664.01,0.191,0,2.152,2.294,1,0.000,0.000,0.000,0.000,0.000,0.000,-1.628,-7.052
664.21,0.108,0,2.152,2.294,1,0.000,0.000,0.000,0.000,0.000,0.000,-1.633,-7.043
664.41,0.108,0,2.152,2.294,1,0.000,0.000,0.000,0.000,0.000,0.000,-1.631,-7.046
664.61,0.109,0,2.167,2.297,1,0.000,0.000,0.000,0.000,0.000,0.000,-1.631,-7.046
664.81,0.192,0,2.167,2.297,1,0.000,0.000,0.000,0.000,0.000,0.000,-1.618,-7.047
665.01,0.191,0,2.172,2.312,1,0.000,0.000,0.000,0.000,0.000,0.000,-1.622,-7.042
665.21,0.197,0,2.172,2.312,1,0.000,0.000,0.000,0.000,0.000,0.000,-1.623,-7.042
665.41,0.197,0,2.172,2.312,1,0.000,0.000,0.000,0.000,0.000,0.000,-1.636,-7.035
665.61,0.108,0,2.165,2.264,1,0.000,0.000,0.000,0.000,0.000,0.000,-1.636,-7.035
665.81,0.108,0,2.165,2.264,1,0.000,0.000,0.000,0.000,0.000,0.000,-1.618,-7.037
666.01,0.101,0,0.135,2.312,0,0.000,0.000,0.000,0.000,0.000,0.000,-1.607,-7.039
666.21,0.149,0,0.135,2.312,0,0.000,0.000,0.000,0.000,0.000,0.000,-1.609,-7.049
666.41,0.149,0,0.135,2.312,0,0.000,0.000,0.000,0.000,0.000,0.000,-1.617,-7.039
666.61,0.141,0,0.167,2.291,0,0.000,0.000,0.000,0.000,0.000,0.000,-1.617,-7.039
666.81,0.101,0,0.167,2.291,0,0.000,0.000,0.000,0.000,0.000,0.000,-1.604,-7.035
667.01,0.206,0,0.362,0.435,1,0.000,0.000,0.000,0.000,0.000,0.000,-1.613,-7.040
667.21,0.336,0,0.362,0.435,1,0.000,0.000,0.000,0.000,0.000,0.000,-1.617,-7.030
667.41,0.336,0,0.362,0.435,1,0.000,0.000,0.000,0.000,0.000,0.000,-1.617,-7.036
667.61,0.101,0,0.135,2.319,0,0.000,0.000,0.000,0.000,0.000,0.000,-1.617,-7.036
667.81,0.199,0,0.135,2.319,0,0.000,0.000,0.000,0.000,0.000,0.000,-1.624,-7.043
668.01,0.107,0,2.154,2.310,1,0.000,0.000,0.000,0.000,0.000,0.000,-1.625,-7.049
668.21,0.168,0,2.154,2.310,1,0.000,0.000,0.000,0.000,0.000,0.000,-1.623,-7.038
668.41,0.168,0,2.154,2.310,1,0.000,0.000,0.000,0.000,0.000,0.000,-1.618,-7.040
668.61,0.109,0,0.362,2.293,0,0.000,0.000,0.000,0.000,0.000,0.000,-1.618,-7.040
668.81,0.171,0,0.362,2.293,0,0.000,0.000,0.000,0.000,0.000,0.000,-1.619,-7.043
669.01,0.139,0,2.166,2.314,1,0.000,0.000,0.000,0.000,0.000,0.000,-1.626,-7.046
669.21,0.123,0,2.166,2.314,1,0.000,0.000,0.000,0.000,0.000,0.000,-1.629,-7.034
669.41,0.123,0,2.166,2.314,1,0.000,0.000,0.000,0.000,0.000,0.000,-1.617,-7.037
669.61,0.144,0,2.173,2.303,1,0.000,0.000,0.000,0.000,0.000,0.000,-1.617,-7.037
669.81,0.149,0,2.173,2.303,1,0.000,0.000,0.000,0.000,0.000,0.000,-1.618,-7.037
670.01,0.143,0,2.162,2.289,1,0.000,0.000,0.000,0.000,0.000,0.000,-1.634,-7.041
670.21,0.141,0,2.162,2.289,1,0.000,0.000,0.000,0.000,0.000,0.000,-1.624,-7.032
670.41,0.141,0,2.162,2.289,1,0.000,0.000,0.000,0.000,0.000,0.000,-1.625,-7.044
670.61,0.151,0,2.152,2.304,1,0.000,0.000,0.000,0.000,0.000,0.000,-1.625,-7.044
670.81,0.191,0,2.152,2.304,1,0.000,0.000,0.000,0.000,0.000,0.000,-1.615,-7.053
671.01,0.193,0,0.492,2.302,0,0.000,0.000,0.000,0.000,0.000,0.000,-1.621,-7.042
671.21,0.191,0,0.492,2.302,0,0.000,0.000,0.000,0.000,0.000,0.000,-1.618,-7.040
671.41,0.191,0,0.492,2.302,0,0.000,0.000,0.000,0.000,0.000,0.000,-1.618,-7.040
671.61,0.108,0,0.474,2.292,0,0.000,0.000,0.000,0.000,0.000,0.000,-1.604,-7.033
671.81,0.179,0,0.474,2.292,0,0.000,0.000,0.000,0.000,0.000,0.000,-1.619,-7.037
672.01,0.174,0,2.172,2.306,1,0.000,0.000,0.000,0.000,0.000,0.000,-1.624,-7.031
672.21,0.174,0,2.172,2.306,1,0.000,0.000,0.000,0.000,0.000,0.000,-1.616,-7.043
672.41,0.169,0,2.172,2.306,1,0.000,0.000,0.000,0.000,0.000,0.000,-1.616,-7.043
672.61,0.169,0,2.172,2.298,1,0.000,0.000,0.000,0.000,0.000,0.000,-1.625,-7.040
672.81,0.192,0,2.172,2.298,1,0.000,0.000,0.000,0.000,0.000,0.000,-1.618,-7.041
673.01,0.193,0,2.169,2.301,1,0.000,0.000,0.000,0.000,0.000,0.000,-1.622,-7.046
673.21,0.193,0,2.169,2.301,1,0.000,0.000,0.000,0.000,0.000,0.000,-1.618,-7.049
673.41,0.191,0,2.169,2.301,1,0.000,0.000,0.000,0.000,0.000,0.000,-1.618,-7.049
673.61,0.191,0,0.348,2.292,0,0.000,0.000,0.000,0.000,0.000,0.000,-1.618,-7.048
673.81,0.193,0,0.348,2.292,0,0.000,0.000,0.000,0.000,0.000,0.000,-1.621,-7.045
674.01,0.193,0,2.165,2.298,1,0.000,0.000,0.000,0.000,0.000,0.000,-1.618,-7.044
674.21,0.193,0,2.165,2.298,1,0.000,0.000,0.000,0.000,0.000,0.000,-1.616,-7.045
674.41,0.192,0,2.165,2.298,1,0.000,0.000,0.000,0.000,0.000,0.000,-1.616,-7.045
674.61,0.109,0,3.213,2.288,0,0.000,0.000,0.000,0.000,0.000,0.000,-1.622,-7.046
674.81,0.192,0,3.213,2.288,0,0.000,0.000,0.000,0.000,0.000,0.000,-1.618,-7.038
675.01,0.108,0,3.170,2.282,0,0.000,0.000,0.000,0.000,0.000,0.000,-1.621,-7.045
675.21,0.108,0,3.170,2.282,0,0.000,0.000,0.000,0.000,0.000,0.000,-1.621,-7.041
675.41,0.108,0,3.170,2.282,0,0.000,0.000,0.000,0.000,0.000,0.000,-1.621,-7.041
675.61,0.178,0,2.156,2.294,1,0.000,0.000,0.000,0.000,0.000,0.000,-1.620,-7.039
675.81,0.193,0,2.156,2.294,1,0.000,0.000,0.000,0.000,0.000,0.000,-1.615,-7.041
676.01,0.192,0,2.172,2.275,1,0.000,0.000,0.000,0.000,0.000,0.000,-1.622,-7.042
676.21,0.192,0,2.172,2.275,1,0.000,0.000,0.000,0.000,0.000,0.000,-1.623,-7.045
676.41,0.197,0,2.172,2.275,1,0.000,0.000,0.000,0.000,0.000,0.000,-1.623,-7.045
676.61,0.176,0,3.167,2.288,0,0.000,0.000,0.000,0.000,0.000,0.000,-1.624,-7.046
676.81,0.163,0,3.167,2.288,0,0.000,0.000,0.000,0.000,0.000,0.000,-1.621,-7.049
677.01,0.160,0,3.178,2.292,0,0.000,0.000,0.000,0.000,0.000,0.000,-1.630,-7.039
677.21,0.160,0,3.178,2.292,0,0.000,0.000,0.000,0.000,0.000,0.000,-1.627,-7.039
677.41,0.165,0,3.178,2.292,0,0.000,0.000,0.000,0.000,0.000,0.000,-1.627,-7.039
677.61,0.163,0,3.192,2.289,0,0.000,0.000,0.000,0.000,0.000,0.000,-1.631,-7.047
677.81,0.161,0,3.192,2.289,0,0.000,0.000,0.000,0.000,0.000,0.000,-1.628,-7.048
678.01,0.167,0,3.166,2.309,0,0.000,0.000,0.000,0.000,0.000,0.000,-1.623,-7.040
678.21,0.167,0,3.166,2.309,0,0.000,0.000,0.000,0.000,0.000,0.000,-1.621,-7.034
678.41,0.171,0,3.166,2.309,0,0.000,0.000,0.000,0.000,0.000,0.000,-1.621,-7.034
678.61,0.173,0,3.183,2.308,0,0.000,0.000,0.000,0.000,0.000,0.000,-1.617,-7.034
678.81,0.180,0,3.183,2.308,0,0.000,0.000,0.000,0.000,0.000,0.000,-1.625,-7.041
679.01,0.183,0,3.164,2.287,0,0.000,0.000,0.000,0.000,0.000,0.000,-1.623,-7.052
679.21,0.183,0,3.164,2.287,0,0.000,0.000,0.000,0.000,0.000,0.000,-1.628,-7.045
679.41,0.178,0,3.164,2.287,0,0.000,0.000,0.000,0.000,0.000,0.000,-1.628,-7.045
679.61,0.176,0,3.178,2.289,0,0.000,0.000,0.000,0.000,0.000,0.000,-1.627,-7.044
679.81,0.173,0,3.178,2.289,0,0.000,0.000,0.000,0.000,0.000,0.000,-1.632,-7.049
680.01,0.173,0,0.389,2.310,0,0.000,0.000,0.000,0.000,0.000,0.000,-1.633,-7.040
680.21,0.175,0,0.389,2.310,0,0.000,0.000,0.000,0.000,0.000,0.000,-1.633,-7.040
680.41,0.172,0,0.389,2.310,0,0.000,0.000,0.000,0.000,0.000,0.000,-1.628,-7.038
680.61,0.176,0,3.179,2.318,0,0.000,0.000,0.000,0.000,0.000,0.000,-1.622,-7.037
680.81,0.172,0,3.179,2.318,0,0.000,0.000,0.000,0.000,0.000,0.000,-1.620,-7.051
681.01,0.172,0,0.396,2.302,0,0.000,0.000,0.000,0.000,0.000,0.000,-1.622,-7.040
681.21,0.174,0,0.396,2.302,0,0.000,0.000,0.000,0.000,0.000,0.000,-1.622,-7.040
681.41,0.176,0,0.396,2.302,0,0.000,0.000,0.000,0.000,0.000,0.000,-1.616,-7.042
681.61,0.172,0,3.173,2.316,0,0.000,0.000,0.000,0.000,0.000,0.000,-1.617,-7.048
681.81,0.184,0,3.173,2.316,0,0.000,0.000,0.000,0.000,0.000,0.000,-1.622,-7.044
682.01,0.184,0,3.182,2.288,0,0.000,0.000,0.000,0.000,0.000,0.000,-1.622,-7.043
682.21,0.181,0,3.182,2.288,0,0.000,0.000,0.000,0.000,0.000,0.000,-1.622,-7.043
682.41,0.192,0,3.182,2.288,0,0.000,0.000,0.000,0.000,0.000,0.000,-1.623,-7.052
682.61,0.198,0,3.173,2.293,0,0.000,0.000,0.000,0.000,0.000,0.000,-1.616,-7.058
682.81,0.194,0,3.173,2.293,0,0.000,0.000,0.000,0.000,0.000,0.000,-1.622,-7.052
683.01,0.194,0,3.171,2.296,0,0.000,0.000,0.000,0.000,0.000,0.000,-1.625,-7.047
683.21,0.108,0,3.171,2.296,0,0.000,0.000,0.000,0.000,0.000,0.000,-1.625,-7.047
683.41,0.191,0,3.171,2.296,0,0.000,0.000,0.000,0.000,0.000,0.000,-1.618,-7.051
683.61,0.194,0,3.167,2.280,0,0.000,0.000,0.000,0.000,0.000,0.000,-1.619,-7.052
683.81,0.108,0,3.167,2.280,0,0.000,0.000,0.000,0.000,0.000,0.000,-1.615,-7.055
684.01,0.108,0,3.186,2.285,0,0.000,0.000,0.000,0.000,0.000,0.000,-1.614,-7.051
684.21,0.108,0,3.186,2.285,0,0.000,0.000,0.000,0.000,0.000,0.000,-1.614,-7.051
684.41,0.109,0,3.186,2.285,0,0.000,0.000,0.000,0.000,0.000,0.000,-1.615,-7.045
684.61,0.106,0,3.175,2.304,0,0.000,0.000,0.000,0.000,0.000,0.000,-1.607,-7.046
684.81,0.108,0,3.175,2.304,0,0.000,0.000,0.000,0.000,0.000,0.000,-1.622,-7.051
685.01,0.108,0,3.157,2.294,0,0.000,0.000,0.000,0.000,0.000,0.000,-1.616,-7.050
685.21,0.108,0,3.157,2.294,0,0.000,0.000,0.000,0.000,0.000,0.000,-1.616,-7.050
685.41,0.110,0,3.157,2.294,0,0.000,0.000,0.000,0.000,0.000,0.000,-1.611,-7.050
685.61,0.192,0,3.190,2.302,0,0.000,0.000,0.000,0.000,0.000,0.000,-1.623,-7.051
685.81,0.110,0,3.190,2.302,0,0.000,0.000,0.000,0.000,0.000,0.000,-1.612,-7.045
686.01,0.110,0,0.536,2.300,0,0.000,0.000,0.000,0.000,0.000,0.000,-1.613,-7.059
686.21,0.108,0,0.536,2.300,0,0.000,0.000,0.000,0.000,0.000,0.000,-1.613,-7.059
686.41,0.108,0,0.536,2.300,0,0.000,0.000,0.000,0.000,0.000,0.000,-1.623,-7.045
686.61,0.108,0,3.177,2.304,0,0.000,0.000,0.000,0.000,0.000,0.000,-1.620,-7.042
686.81,0.108,0,3.177,2.304,0,0.000,0.000,0.000,0.000,0.000,0.000,-1.612,-7.049
687.01,0.109,0,3.163,2.288,0,0.000,0.000,0.000,0.000,0.000,0.000,-1.612,-7.049
687.21,0.109,0,3.163,2.288,0,0.000,0.000,0.000,0.000,0.000,0.000,-1.609,-7.051
687.41,0.108,0,3.163,2.288,0,0.000,0.000,0.000,0.000,0.000,0.000,-1.615,-7.049
687.61,0.108,0,3.155,2.301,0,0.000,0.000,0.000,0.000,0.000,0.000,-1.622,-7.052
687.81,0.108,0,3.155,2.301,0,0.000,0.000,0.000,0.000,0.000,0.000,-1.621,-7.042
688.01,0.193,0,3.178,2.288,0,0.000,0.000,0.000,0.000,0.000,0.000,-1.621,-7.042
688.21,0.108,0,3.178,2.288,0,0.000,0.000,0.000,0.000,0.000,0.000,-1.613,-7.057
688.41,0.108,0,3.178,2.288,0,0.000,0.000,0.000,0.000,0.000,0.000,-1.617,-7.056
688.61,0.108,0,3.174,2.285,0,0.000,0.000,0.000,0.000,0.000,0.000,-1.614,-7.045
688.81,0.108,0,3.174,2.285,0,0.000,0.000,0.000,0.000,0.000,0.000,-1.613,-7.048
689.01,0.108,0,3.151,2.291,0,0.000,0.000,0.000,0.000,0.000,0.000,-1.613,-7.048
689.21,0.107,0,3.151,2.291,0,0.000,0.000,0.000,0.000,0.000,0.000,-1.617,-7.054
689.41,0.108,0,3.151,2.291,0,0.000,0.000,0.000,0.000,0.000,0.000,-1.616,-7.056
689.61,0.108,0,0.668,2.301,0,0.000,0.000,0.000,0.000,0.000,0.000,-1.616,-7.053
689.81,0.108,0,0.668,2.301,0,0.000,0.000,0.000,0.000,0.000,0.000,-1.617,-7.045
690.01,0.108,0,3.202,2.302,0,0.000,0.000,0.000,0.000,0.000,0.000,-1.617,-7.045
690.21,0.108,0,3.202,2.302,0,0.000,0.000,0.000,0.000,0.000,0.000,-1.614,-7.043
690.41,0.108,0,3.202,2.302,0,0.000,0.000,0.000,0.000,0.000,0.000,-1.618,-7.044
690.61,0.109,0,3.181,2.268,0,0.000,0.000,0.000,0.000,0.000,0.000,-1.615,-7.042
690.81,0.109,0,3.181,2.268,0,0.000,0.000,0.000,0.000,0.000,0.000,-1.620,-7.045
691.01,0.194,0,3.181,2.306,0,0.000,0.000,0.000,0.000,0.000,0.000,-1.620,-7.045
691.21,0.194,0,3.181,2.306,0,0.000,0.000,0.000,0.000,0.000,0.000,-1.612,-7.049
691.41,0.192,0,3.181,2.306,0,0.000,0.000,0.000,0.000,0.000,0.000,-1.616,-7.050
691.61,0.191,0,3.163,2.279,0,0.000,0.000,0.000,0.000,0.000,0.000,-1.611,-7.047
691.81,0.191,0,3.163,2.279,0,0.000,0.000,0.000,0.000,0.000,0.000,-1.618,-7.059
692.01,0.200,0,0.643,2.300,0,0.000,0.000,0.000,0.000,0.000,0.000,-1.618,-7.059
692.21,0.194,0,0.643,2.300,0,0.000,0.000,0.000,0.000,0.000,0.000,-1.616,-7.058
692.41,0.192,0,0.643,2.300,0,0.000,0.000,0.000,0.000,0.000,0.000,-1.612,-7.053
692.61,0.192,0,3.198,2.291,0,0.000,0.000,0.000,0.000,0.000,0.000,-1.617,-7.056
692.81,0.191,0,3.198,2.291,0,0.000,0.000,0.000,0.000,0.000,0.000,-1.617,-7.056
693.01,0.108,0,3.205,2.296,0,0.000,0.000,0.000,0.000,0.000,0.000,-1.612,-7.040
693.21,0.192,0,3.205,2.296,0,0.000,0.000,0.000,0.000,0.000,0.000,-1.615,-7.052
693.41,0.108,0,3.205,2.296,0,0.000,0.000,0.000,0.000,0.000,0.000,-1.617,-7.055
693.61,0.108,0,3.192,2.303,0,0.000,0.000,0.000,0.000,0.000,0.000,-1.595,-7.054
693.81,0.109,0,3.192,2.303,0,0.000,0.000,0.000,0.000,0.000,0.000,-1.595,-7.054
694.01,0.199,0,3.183,2.306,0,0.000,0.000,0.000,0.000,0.000,0.000,-1.619,-7.059
694.21,0.109,0,3.183,2.306,0,0.000,0.000,0.000,0.000,0.000,0.000,-1.616,-7.053
694.41,0.109,0,3.183,2.306,0,0.000,0.000,0.000,0.000,0.000,0.000,-1.607,-7.047
694.61,0.109,0,3.183,2.292,0,0.000,0.000,0.000,0.000,0.000,0.000,-1.610,-7.050
694.81,0.191,0,3.183,2.292,0,0.000,0.000,0.000,0.000,0.000,0.000,-1.610,-7.050
695.01,0.192,0,3.172,2.279,0,0.000,0.000,0.000,0.000,0.000,0.000,-1.614,-7.039
695.21,0.109,0,3.172,2.279,0,0.000,0.000,0.000,0.000,0.000,0.000,-1.611,-7.037
695.41,0.192,0,3.172,2.279,0,0.000,0.000,0.000,0.000,0.000,0.000,-1.608,-7.045
695.61,0.192,0,3.211,2.295,0,0.000,0.000,0.000,0.000,0.000,0.000,-1.605,-7.051
695.81,0.192,0,3.211,2.295,0,0.000,0.000,0.000,0.000,0.000,0.000,-1.605,-7.051
696.01,0.192,0,3.185,2.299,0,0.000,0.000,0.000,0.000,0.000,0.000,-1.613,-7.056
696.21,0.192,0,3.185,2.299,0,0.000,0.000,0.000,0.000,0.000,0.000,-1.610,-7.054
696.41,0.194,0,3.185,2.299,0,0.000,0.000,0.000,0.000,0.000,0.000,-1.613,-7.047
696.61,0.194,0,3.177,2.297,0,0.000,0.000,0.000,0.000,0.000,0.000,-1.611,-7.047
696.81,0.192,0,3.177,2.297,0,0.000,0.000,0.000,0.000,0.000,0.000,-1.611,-7.047
697.01,0.192,0,3.198,2.290,0,0.000,0.000,0.000,0.000,0.000,0.000,-1.622,-7.057
697.21,0.191,0,3.198,2.290,0,0.000,0.000,0.000,0.000,0.000,0.000,-1.619,-7.060
697.41,0.191,0,3.198,2.290,0,0.000,0.000,0.000,0.000,0.000,0.000,-1.621,-7.053
697.61,0.191,0,0.522,2.281,0,0.000,0.000,0.000,0.000,0.000,0.000,-1.623,-7.055
697.81,0.192,0,0.522,2.281,0,0.000,0.000,0.000,0.000,0.000,0.000,-1.623,-7.055
698.01,0.108,0,3.172,2.305,0,0.000,0.000,0.000,0.000,0.000,0.000,-1.620,-7.058
698.21,0.108,0,3.172,2.305,0,0.000,0.000,0.000,0.000,0.000,0.000,-1.622,-7.060
698.41,0.108,0,3.172,2.305,0,0.000,0.000,0.000,0.000,0.000,0.000,-1.618,-7.045
698.61,0.191,0,3.204,2.301,0,0.000,0.000,0.000,0.000,0.000,0.000,-1.618,-7.045
698.81,0.196,0,3.204,2.301,0,0.000,0.000,0.000,0.000,0.000,0.000,-1.618,-7.055
699.01,0.182,0,0.510,2.301,0,0.000,0.000,0.000,0.000,0.000,0.000,-1.615,-7.048
699.21,0.163,0,0.510,2.301,0,0.000,0.000,0.000,0.000,0.000,0.000,-1.629,-7.040
699.41,0.163,0,0.510,2.301,0,0.000,0.000,0.000,0.000,0.000,0.000,-1.625,-7.042
699.61,0.152,0,3.166,2.290,0,0.000,0.000,0.000,0.000,0.000,0.000,-1.625,-7.042
699.81,0.141,0,3.166,2.290,0,0.000,0.000,0.000,0.000,0.000,0.000,-1.622,-7.049
700.01,0.155,0,3.184,2.296,0,0.000,0.000,0.000,0.000,0.000,0.000,-1.614,-7.041
700.21,0.154,0,3.184,2.296,0,0.000,0.000,0.000,0.000,0.000,0.000,-1.602,-7.031
700.41,0.154,0,3.184,2.296,0,0.000,0.000,0.000,0.000,0.000,0.000,-1.618,-7.047
700.61,0.153,0,3.199,2.308,0,0.000,0.000,0.000,0.000,0.000,0.000,-1.618,-7.047
700.81,0.160,0,3.199,2.308,0,0.000,0.000,0.000,0.000,0.000,0.000,-1.611,-7.046
701.01,0.164,0,3.199,2.301,0,0.000,0.000,0.000,0.000,0.000,0.000,-1.616,-7.048
701.21,0.165,0,3.199,2.301,0,0.000,0.000,0.000,0.000,0.000,0.000,-1.607,-7.050
701.41,0.165,0,3.199,2.301,0,0.000,0.000,0.000,0.000,0.000,0.000,-1.617,-7.043
701.61,0.164,0,0.533,2.301,0,0.000,0.000,0.000,0.000,0.000,0.000,-1.617,-7.043
701.81,0.192,0,0.533,2.301,0,0.000,0.000,0.000,0.000,0.000,0.000,-1.609,-7.051
702.01,0.192,0,3.177,2.272,0,0.000,0.000,0.000,0.000,0.000,0.000,-1.614,-7.052
702.21,0.194,0,3.177,2.272,0,0.000,0.000,0.000,0.000,0.000,0.000,-1.610,-7.049
702.41,0.194,0,3.177,2.272,0,0.000,0.000,0.000,0.000,0.000,0.000,-1.616,-7.062
702.61,0.196,0,3.164,2.305,0,0.000,0.000,0.000,0.000,0.000,0.000,-1.616,-7.062
702.81,0.193,0,3.164,2.305,0,0.000,0.000,0.000,0.000,0.000,0.000,-1.617,-7.061
703.01,0.191,0,3.180,2.311,0,0.000,0.000,0.000,0.000,0.000,0.000,-1.615,-7.066
703.21,0.194,0,3.180,2.311,0,0.000,0.000,0.000,0.000,0.000,0.000,-1.622,-7.058
703.41,0.194,0,3.180,2.311,0,0.000,0.000,0.000,0.000,0.000,0.000,-1.622,-7.058
703.61,0.192,0,0.693,2.295,0,0.000,0.000,0.000,0.000,0.000,0.000,-1.612,-7.056
703.81,0.192,0,0.693,2.295,0,0.000,0.000,0.000,0.000,0.000,0.000,-1.611,-7.064
704.01,0.191,0,3.170,2.297,0,0.000,0.000,0.000,0.000,0.000,0.000,-1.612,-7.059
704.21,0.191,0,3.170,2.297,0,0.000,0.000,0.000,0.000,0.000,0.000,-1.615,-7.060
704.41,0.199,0,3.170,2.297,0,0.000,0.000,0.000,0.000,0.000,0.000,-1.615,-7.060
704.61,0.191,0,3.183,2.298,0,0.000,0.000,0.000,0.000,0.000,0.000,-1.610,-7.059
704.81,0.195,0,3.183,2.298,0,0.000,0.000,0.000,0.000,0.000,0.000,-1.617,-7.057
705.01,0.195,0,3.186,2.293,0,0.000,0.000,0.000,0.000,0.000,0.000,-1.623,-7.066
705.21,0.195,0,3.186,2.293,0,0.000,0.000,0.000,0.000,0.000,0.000,-1.618,-7.054
705.41,0.110,0,3.186,2.293,0,0.000,0.000,0.000,0.000,0.000,0.000,-1.618,-7.054
705.61,0.194,0,0.681,2.299,0,0.000,0.000,0.000,0.000,0.000,0.000,-1.619,-7.045
705.81,0.191,0,0.681,2.299,0,0.000,0.000,0.000,0.000,0.000,0.000,-1.621,-7.055
706.01,0.192,0,3.200,2.291,0,0.000,0.000,0.000,0.000,0.000,0.000,-1.622,-7.050
706.21,0.192,0,3.200,2.291,0,0.000,0.000,0.000,0.000,0.000,0.000,-1.619,-7.047
706.41,0.191,0,3.200,2.291,0,0.000,0.000,0.000,0.000,0.000,0.000,-1.619,-7.047
706.61,0.192,0,3.204,2.310,0,0.000,0.000,0.000,0.000,0.000,0.000,-1.612,-7.056
706.81,0.198,0,3.204,2.310,0,0.000,0.000,0.000,0.000,0.000,0.000,-1.616,-7.049
707.01,0.196,0,3.162,2.298,0,0.000,0.000,0.000,0.000,0.000,0.000,-1.615,-7.053
707.21,0.196,0,3.162,2.298,0,0.000,0.000,0.000,0.000,0.000,0.000,-1.617,-7.056
707.41,0.191,0,3.162,2.298,0,0.000,0.000,0.000,0.000,0.000,0.000,-1.617,-7.056
707.61,0.192,0,0.688,2.288,0,0.000,0.000,0.000,0.000,0.000,0.000,-1.618,-7.054
707.81,0.196,0,0.688,2.288,0,0.000,0.000,0.000,0.000,0.000,0.000,-1.620,-7.054
708.01,0.194,0,3.178,2.296,0,0.000,0.000,0.000,0.000,0.000,0.000,-1.617,-7.052
