t,min_range,blocked,lidar_range,camera_range,agree,cmd_in_vx,cmd_in_vy,cmd_in_wz,cmd_out_vx,cmd_out_vy,cmd_out_wz,odom_x,odom_y
0.23,nan,0,nan,nan,0,0.000,0.000,0.000,0.000,0.000,0.000,0.000,0.000
0.43,nan,0,nan,nan,0,0.000,0.000,0.000,0.000,0.000,0.000,0.000,0.000
0.63,nan,0,nan,nan,0,0.000,0.000,0.000,0.000,0.000,0.000,0.000,0.000
0.83,nan,0,nan,nan,0,0.000,0.000,0.000,0.000,0.000,0.000,0.000,0.000
1.03,nan,0,nan,nan,0,0.000,0.000,0.000,0.000,0.000,0.000,0.000,0.000
1.23,nan,0,nan,nan,0,0.000,0.000,0.000,0.000,0.000,0.000,0.000,0.000
1.43,nan,0,nan,nan,0,0.000,0.000,0.000,0.000,0.000,0.000,0.000,0.000
1.63,nan,0,nan,0.453,0,0.000,0.000,0.000,0.000,0.000,0.000,0.000,0.000
1.83,nan,0,nan,0.453,0,0.000,0.000,0.000,0.000,0.000,0.000,0.000,0.000
2.03,nan,0,nan,0.453,0,0.000,0.000,0.000,0.000,0.000,0.000,0.000,0.000
2.23,nan,0,nan,0.452,0,0.000,0.000,0.000,0.000,0.000,0.000,0.000,0.000
2.43,nan,0,nan,0.452,0,0.000,0.000,0.000,0.000,0.000,0.000,0.000,0.000
2.63,nan,0,0.391,0.452,1,0.000,0.000,0.000,0.000,0.000,0.000,0.000,0.000
2.83,nan,0,0.391,0.452,1,0.000,0.000,0.000,0.000,0.000,0.000,0.000,0.000
3.03,nan,0,0.391,0.452,1,0.000,0.000,0.000,0.000,0.000,0.000,0.000,0.000
3.23,0.105,0,0.406,0.452,1,0.000,0.000,0.000,0.000,0.000,0.000,0.000,0.000
3.43,0.105,0,0.406,0.452,1,0.000,0.000,0.000,0.000,0.000,0.000,0.000,0.000
3.63,0.106,0,0.391,0.452,1,0.000,0.000,0.000,0.000,0.000,0.000,-0.002,-0.002
3.83,0.106,0,0.391,0.452,1,0.000,0.000,0.000,0.000,0.000,0.000,-0.004,0.000
4.03,0.105,0,0.391,0.452,1,0.000,0.000,0.000,0.000,0.000,0.000,-0.004,0.000
4.23,0.106,0,0.396,0.452,1,0.000,0.000,0.000,0.000,0.000,0.000,0.001,-0.002
4.43,0.105,0,0.396,0.452,1,0.000,0.000,0.000,0.000,0.000,0.000,-0.000,0.003
4.63,0.105,0,0.390,0.452,1,0.000,0.000,0.000,0.000,0.000,0.000,-0.004,0.001
4.83,0.105,0,0.390,0.452,1,0.000,0.000,0.000,0.000,0.000,0.000,-0.004,-0.000
5.03,0.105,0,0.390,0.452,1,0.000,0.000,0.000,0.000,0.000,0.000,-0.004,-0.000
5.23,0.104,0,0.395,0.452,1,0.000,0.000,0.000,0.000,0.000,0.000,-0.003,0.004
5.43,0.106,0,0.395,0.452,1,0.000,0.000,0.000,0.000,0.000,0.000,-0.001,0.002
5.63,0.106,0,0.395,0.451,1,0.000,0.000,0.000,0.000,0.000,0.000,0.004,0.003
5.83,0.106,0,0.395,0.451,1,0.000,0.000,0.000,0.000,0.000,0.000,-0.002,-0.001
6.03,0.105,0,0.395,0.451,1,0.000,0.000,0.000,0.000,0.000,0.000,-0.002,-0.001
6.23,0.105,0,0.391,0.452,1,0.000,0.000,0.000,0.000,0.000,0.000,-0.001,0.000
6.43,0.105,0,0.391,0.452,1,0.000,0.000,0.000,0.000,0.000,0.000,-0.003,0.001
6.63,0.105,0,0.390,0.452,1,0.000,0.000,0.000,0.000,0.000,0.000,-0.006,-0.000
6.83,0.105,0,0.390,0.452,1,0.000,0.000,0.000,0.000,0.000,0.000,-0.002,0.003
7.03,0.105,0,0.390,0.452,1,0.000,0.000,0.000,0.000,0.000,0.000,-0.002,0.003
7.23,0.106,0,0.396,0.451,1,0.000,0.000,0.000,0.000,0.000,0.000,-0.001,0.003
7.43,0.105,0,0.396,0.451,1,0.000,0.000,0.000,0.000,0.000,0.000,-0.003,0.003
7.63,0.105,0,0.393,0.452,1,0.000,0.000,0.000,0.000,0.000,0.000,-0.001,0.001
7.83,0.104,0,0.393,0.452,1,0.000,0.000,0.000,0.000,0.000,0.000,-0.002,0.000
8.03,0.104,0,0.393,0.452,1,0.000,0.000,0.000,0.000,0.000,0.000,-0.002,-0.001
8.23,0.105,0,0.397,0.452,1,0.000,0.000,0.000,0.000,0.000,0.000,-0.002,-0.001
8.43,0.105,0,0.397,0.452,1,0.000,0.000,0.000,0.000,0.000,0.000,0.001,0.000
8.63,0.105,0,0.395,0.452,1,0.000,0.000,0.000,0.000,0.000,0.000,-0.004,-0.002
8.83,0.105,0,0.395,0.452,1,0.000,0.000,0.000,0.000,0.000,0.000,-0.000,0.001
9.03,0.105,0,0.395,0.452,1,0.000,0.000,0.000,0.000,0.000,0.000,-0.008,0.002
9.23,0.105,0,0.391,0.451,1,0.000,0.000,0.000,0.000,0.000,0.000,-0.008,0.002
9.43,0.106,0,0.391,0.451,1,0.000,0.000,0.000,0.000,0.000,0.000,-0.004,-0.000
9.63,0.105,0,0.407,0.452,1,0.000,0.000,0.000,0.000,0.000,0.000,0.002,-0.000
9.83,0.105,0,0.407,0.452,1,0.000,0.000,0.000,0.000,0.000,0.000,-0.003,-0.005
10.03,0.105,0,0.407,0.452,1,0.000,0.000,0.000,0.000,0.000,0.000,-0.002,0.001
10.23,0.105,0,0.395,0.452,1,0.000,0.000,0.000,0.000,0.000,0.000,-0.002,0.001
10.43,0.106,0,0.395,0.452,1,0.000,0.000,0.000,0.000,0.000,0.000,-0.008,-0.002
10.63,0.105,0,0.396,0.452,1,0.000,0.000,0.000,0.000,0.000,0.000,-0.001,0.000
10.83,0.105,0,0.396,0.452,1,0.000,0.000,0.000,0.000,0.000,0.000,-0.006,0.001
11.03,0.105,0,0.396,0.452,1,0.000,0.000,0.000,0.000,0.000,0.000,-0.004,0.001
11.23,0.105,0,0.395,0.453,1,0.000,0.000,0.000,0.000,0.000,0.000,-0.004,0.001
11.43,0.105,0,0.395,0.453,1,0.000,0.000,0.000,0.000,0.000,0.000,-0.002,0.002
11.63,0.105,0,0.403,0.453,1,0.000,0.000,0.000,0.000,0.000,0.000,0.001,-0.001
11.83,0.105,0,0.403,0.453,1,0.000,0.000,0.000,0.000,0.000,0.000,-0.001,0.001
12.03,0.105,0,0.403,0.453,1,0.000,0.000,0.000,0.000,0.000,0.000,0.001,0.003
12.23,0.105,0,0.392,0.454,1,0.000,0.000,0.000,0.000,0.000,0.000,-0.006,0.004
12.43,0.105,0,0.392,0.454,1,0.000,0.000,0.000,0.000,0.000,0.000,-0.006,0.004
12.63,0.106,0,0.393,0.453,1,0.000,0.000,0.000,0.000,0.000,0.000,-0.005,0.006
12.83,0.105,0,0.393,0.453,1,0.000,0.000,0.000,0.000,0.000,0.000,-0.001,0.003
13.03,0.106,0,0.393,0.453,1,0.000,0.000,0.000,0.000,0.000,0.000,-0.000,0.002
13.23,0.106,0,0.394,0.453,1,0.000,0.000,0.000,0.000,0.000,0.000,-0.004,-0.003
13.43,0.106,0,0.394,0.453,1,0.000,0.000,0.000,0.000,0.000,0.000,-0.004,-0.003
13.63,0.106,0,0.394,0.453,1,0.000,0.000,0.000,0.000,0.000,0.000,-0.009,0.001
13.83,0.105,0,0.394,0.453,1,0.000,0.000,0.000,0.000,0.000,0.000,-0.001,0.003
14.03,0.105,0,0.394,0.453,1,0.000,0.000,0.000,0.000,0.000,0.000,0.003,0.001
14.23,0.105,0,0.395,0.453,1,0.000,0.000,0.000,0.000,0.000,0.000,0.002,0.001
14.43,0.105,0,0.395,0.453,1,0.000,0.000,0.000,0.000,0.000,0.000,0.002,0.001
14.63,0.105,0,0.400,0.453,1,0.000,0.000,0.000,0.000,0.000,0.000,-0.003,0.002
14.83,0.104,0,0.400,0.453,1,0.000,0.000,0.000,0.000,0.000,0.000,-0.002,-0.001
15.03,0.105,0,0.400,0.453,1,0.000,0.000,0.000,0.000,0.000,0.000,0.000,0.001
15.23,0.105,0,0.394,0.453,1,0.000,0.000,0.000,0.000,0.000,0.000,-0.002,-0.003
15.43,0.105,0,0.394,0.453,1,0.000,0.000,0.000,0.000,0.000,0.000,-0.002,-0.003
15.63,0.105,0,0.395,0.453,1,0.000,0.000,0.000,0.000,0.000,0.000,-0.007,0.003
15.83,0.106,0,0.395,0.453,1,0.000,0.000,0.000,0.000,0.000,0.000,-0.004,-0.002
16.03,0.105,0,0.395,0.453,1,0.000,0.000,0.000,0.000,0.000,0.000,0.003,0.004
16.23,0.105,0,0.391,0.453,1,0.000,0.000,0.000,0.000,0.000,0.000,-0.006,-0.003
16.43,0.105,0,0.391,0.453,1,0.000,0.000,0.000,0.000,0.000,0.000,-0.006,-0.003
16.63,0.105,0,0.393,0.453,1,0.000,0.000,0.000,0.000,0.000,0.000,0.000,-0.003
16.83,0.105,0,0.393,0.453,1,0.000,0.000,0.000,0.000,0.000,0.000,0.000,-0.005
17.03,0.106,0,0.393,0.453,1,0.000,0.000,0.000,0.000,0.000,0.000,0.002,0.001
17.23,0.106,0,0.395,0.453,1,0.000,0.000,0.000,0.000,0.000,0.000,-0.000,0.001
17.43,0.106,0,0.395,0.453,1,0.000,0.000,0.000,0.000,0.000,0.000,0.001,-0.000
17.63,0.105,0,0.394,0.453,1,0.000,0.000,0.000,0.000,0.000,0.000,0.001,-0.000
17.83,0.105,0,0.394,0.453,1,0.000,0.000,0.000,0.000,0.000,0.000,-0.002,-0.002
18.03,0.105,0,0.394,0.453,1,0.000,0.000,0.000,0.000,0.000,0.000,-0.003,0.000
18.23,0.105,0,0.391,0.453,1,0.000,0.000,0.000,0.000,0.000,0.000,0.002,-0.006
18.43,0.105,0,0.391,0.453,1,0.000,0.000,0.000,0.000,0.000,0.000,-0.001,-0.003
18.63,0.105,0,0.391,0.453,1,0.000,0.000,0.000,0.000,0.000,0.000,-0.001,-0.003
18.83,0.105,0,0.391,0.453,1,0.000,0.000,0.000,0.000,0.000,0.000,0.003,-0.003
19.03,0.105,0,0.391,0.453,1,0.000,0.000,0.000,0.000,0.000,0.000,0.000,-0.004
19.23,0.105,0,0.391,0.453,1,0.000,0.000,0.000,0.000,0.000,0.000,-0.004,-0.002
19.43,0.105,0,0.391,0.453,1,0.000,0.000,0.000,0.000,0.000,0.000,-0.009,-0.006
19.63,0.105,0,0.395,0.453,1,0.000,0.000,0.000,0.000,0.000,0.000,-0.009,-0.006
19.83,0.105,0,0.395,0.453,1,0.000,0.000,0.000,0.000,0.000,0.000,-0.000,-0.004
20.03,0.106,0,0.395,0.453,1,0.000,0.000,0.000,0.000,0.000,0.000,-0.012,-0.004
20.23,0.105,0,0.396,0.453,1,0.000,0.000,0.000,0.000,0.000,0.000,-0.000,-0.006
20.43,0.105,0,0.396,0.453,1,0.000,0.000,0.000,0.000,0.000,0.000,0.000,-0.004
20.63,0.105,0,0.408,0.453,1,0.000,0.000,0.000,0.000,0.000,0.000,0.000,-0.004
20.83,0.106,0,0.408,0.453,1,0.000,0.000,0.000,0.000,0.000,0.000,-0.004,-0.002
21.03,0.105,0,0.408,0.453,1,0.000,0.000,0.000,0.000,0.000,0.000,-0.003,-0.006
21.23,0.105,0,0.398,0.453,1,0.000,0.000,0.000,0.000,0.000,0.000,-0.004,-0.002
21.43,0.105,0,0.398,0.453,1,0.000,0.000,0.000,0.000,0.000,0.000,-0.004,0.002
21.63,0.105,0,0.390,0.453,1,0.000,0.000,0.000,0.000,0.000,0.000,-0.006,-0.001
21.83,0.105,0,0.390,0.453,1,0.000,0.000,0.000,0.000,0.000,0.000,-0.006,-0.001
22.03,0.105,0,0.390,0.453,1,0.000,0.000,0.000,0.000,0.000,0.000,-0.003,-0.000
22.23,0.105,0,0.394,0.452,1,0.000,0.000,0.000,0.000,0.000,0.000,-0.002,-0.001
22.43,0.106,0,0.394,0.452,1,0.000,0.000,0.000,0.000,0.000,0.000,0.000,-0.005
22.63,0.106,0,0.392,0.453,1,0.000,0.000,0.000,0.000,0.000,0.000,-0.008,-0.002
22.83,0.105,0,0.392,0.453,1,0.000,0.000,0.000,0.000,0.000,0.000,-0.008,-0.002
23.03,0.105,0,0.392,0.453,1,0.000,0.000,0.000,0.000,0.000,0.000,-0.000,-0.001
23.23,0.105,0,0.396,0.453,1,0.000,0.000,0.000,0.000,0.000,0.000,0.000,-0.008
23.43,0.105,0,0.396,0.453,1,0.000,0.000,0.000,0.000,0.000,0.000,-0.002,-0.001
23.63,0.105,0,0.391,0.453,1,0.000,0.000,0.000,0.000,0.000,0.000,-0.003,0.000
23.83,0.105,0,0.391,0.453,1,0.000,0.000,0.000,0.000,0.000,0.000,-0.003,0.000
24.03,0.105,0,0.391,0.453,1,0.000,0.000,0.000,0.000,0.000,0.000,-0.001,-0.001
24.23,0.105,0,0.390,0.453,1,0.000,0.000,0.000,0.000,0.000,0.000,-0.008,-0.002
24.43,0.105,0,0.390,0.453,1,0.000,0.000,0.000,0.000,0.000,0.000,-0.008,-0.003
24.63,0.105,0,0.391,0.453,1,0.000,0.000,0.000,0.000,0.000,0.000,-0.003,-0.006
24.83,0.106,0,0.391,0.453,1,0.000,0.000,0.000,0.000,0.000,0.000,-0.003,-0.006
25.03,0.105,0,0.391,0.453,1,0.000,0.000,0.000,0.000,0.000,0.000,-0.003,-0.000
25.23,0.105,0,0.395,0.453,1,0.000,0.000,0.000,0.000,0.000,0.000,-0.002,-0.006
25.43,0.105,0,0.395,0.453,1,0.000,0.000,0.000,0.000,0.000,0.000,0.005,-0.003
25.63,0.105,0,0.402,0.453,1,0.000,0.000,0.000,0.000,0.000,0.000,0.001,-0.007
25.83,0.105,0,0.402,0.453,1,0.000,0.000,0.000,0.000,0.000,0.000,0.004,-0.005
26.03,0.106,0,0.402,0.453,1,0.000,0.000,0.000,0.000,0.000,0.000,0.004,-0.005
26.23,0.105,0,0.391,0.453,1,0.000,0.000,0.000,0.000,0.000,0.000,0.002,-0.009
26.43,0.105,0,0.391,0.453,1,0.000,0.000,0.000,0.000,0.000,0.000,-0.002,0.000
26.63,0.105,0,0.394,0.453,1,0.000,0.000,0.000,0.000,0.000,0.000,-0.004,-0.007
26.83,0.105,0,0.394,0.453,1,0.000,0.000,0.000,0.000,0.000,0.000,0.001,-0.006
27.03,0.105,0,0.394,0.453,1,0.000,0.000,0.000,0.000,0.000,0.000,0.001,-0.006
27.23,0.105,0,0.394,0.453,1,0.000,0.000,0.000,0.000,0.000,0.000,-0.006,-0.007
27.43,0.105,0,0.394,0.453,1,0.000,0.000,0.000,0.000,0.000,0.000,-0.002,-0.009
27.63,0.105,0,0.394,0.453,1,0.000,0.000,0.000,0.000,0.000,0.000,-0.006,-0.007
27.83,0.105,0,0.394,0.453,1,0.000,0.000,0.000,0.000,0.000,0.000,-0.007,-0.006
28.03,0.105,0,0.394,0.453,1,0.000,0.000,0.000,0.000,0.000,0.000,-0.007,-0.006
28.23,0.105,0,0.394,0.453,1,0.000,0.000,0.000,0.000,0.000,0.000,-0.009,-0.003
28.43,0.105,0,0.394,0.453,1,0.000,0.000,0.000,0.000,0.000,0.000,-0.003,-0.003
28.63,0.105,0,0.408,0.453,1,0.000,0.000,0.000,0.000,0.000,0.000,-0.010,-0.006
28.83,0.105,0,0.408,0.453,1,0.000,0.000,0.000,0.000,0.000,0.000,-0.001,-0.003
29.03,0.105,0,0.408,0.453,1,0.000,0.000,0.000,0.000,0.000,0.000,-0.001,-0.003
29.23,0.105,0,0.395,0.453,1,0.000,0.000,0.000,0.000,0.000,0.000,-0.007,0.002
29.43,0.105,0,0.395,0.453,1,0.000,0.000,0.000,0.000,0.000,0.000,-0.010,-0.002
29.63,0.105,0,0.394,0.453,1,0.000,0.000,0.000,0.000,0.000,0.000,-0.001,-0.004
29.83,0.105,0,0.394,0.453,1,0.000,0.000,0.000,0.000,0.000,0.000,-0.009,-0.007
30.03,0.105,0,0.394,0.453,1,0.000,0.000,0.000,0.000,0.000,0.000,-0.009,-0.007
30.23,0.105,0,2.375,0.453,0,0.000,0.000,0.000,0.000,0.000,0.000,0.000,-0.004
30.43,0.105,0,2.375,0.453,0,0.000,0.000,0.000,0.000,0.000,0.000,0.003,-0.011
30.63,0.105,0,0.394,0.453,1,0.000,0.000,0.000,0.000,0.000,0.000,-0.004,-0.005
30.83,0.105,0,0.394,0.453,1,0.000,0.000,0.000,0.000,0.000,0.000,-0.006,0.001
31.03,0.105,0,0.394,0.453,1,0.000,0.000,0.000,0.000,0.000,0.000,-0.005,-0.002
31.23,0.105,0,0.394,0.454,1,0.000,0.000,0.000,0.000,0.000,0.000,-0.005,-0.002
31.43,0.105,0,0.394,0.454,1,0.000,0.000,0.000,0.000,0.000,0.000,-0.006,-0.004
31.63,0.106,0,0.392,0.453,1,0.000,0.000,0.000,0.000,0.000,0.000,-0.007,-0.006
31.83,0.106,0,0.392,0.453,1,0.000,0.000,0.000,0.000,0.000,0.000,-0.002,-0.005
32.03,0.106,0,0.392,0.453,1,0.000,0.000,0.000,0.000,0.000,0.000,-0.006,-0.003
32.23,0.106,0,0.390,0.453,1,0.000,0.000,0.000,0.000,0.000,0.000,-0.006,-0.003
32.43,0.105,0,0.390,0.453,1,0.000,0.000,0.000,0.000,0.000,0.000,-0.005,-0.004
32.63,0.105,0,0.395,0.453,1,0.000,0.000,0.000,0.000,0.000,0.000,-0.008,-0.010
32.83,0.105,0,0.395,0.453,1,0.000,0.000,0.000,0.000,0.000,0.000,-0.005,-0.002
33.03,0.105,0,0.395,0.453,1,0.000,0.000,0.000,0.000,0.000,0.000,-0.003,-0.006
33.23,0.105,0,0.392,0.453,1,0.000,0.000,0.000,0.000,0.000,0.000,-0.003,-0.006
33.43,0.106,0,0.392,0.453,1,0.000,0.000,0.000,0.000,0.000,0.000,-0.001,-0.008
33.63,0.106,0,0.398,0.453,1,0.000,0.000,0.000,0.000,0.000,0.000,-0.010,-0.005
33.83,0.105,0,0.398,0.453,1,0.000,0.000,0.000,0.000,0.000,0.000,-0.001,-0.003
34.03,0.105,0,0.398,0.453,1,0.000,0.000,0.000,0.000,0.000,0.000,-0.004,-0.004
34.23,0.105,0,0.395,0.453,1,0.000,0.000,0.000,0.000,0.000,0.000,-0.004,-0.004
34.43,0.105,0,0.395,0.453,1,0.000,0.000,0.000,0.000,0.000,0.000,0.002,-0.002
34.63,0.105,0,0.390,0.453,1,0.000,0.000,0.000,0.000,0.000,0.000,-0.005,-0.001
34.83,0.106,0,0.390,0.453,1,0.000,0.000,0.000,0.000,0.000,0.000,-0.004,-0.005
35.03,0.106,0,0.390,0.453,1,0.000,0.000,0.000,0.000,0.000,0.000,0.002,-0.003
35.23,0.105,0,0.391,0.453,1,0.000,0.000,0.000,0.000,0.000,0.000,-0.004,0.001
35.43,0.105,0,0.391,0.453,1,0.000,0.000,0.000,0.000,0.000,0.000,-0.004,0.001
35.63,0.105,0,0.394,0.453,1,0.000,0.000,0.000,0.000,0.000,0.000,-0.003,-0.002
35.83,0.105,0,0.394,0.453,1,0.000,0.000,0.000,0.000,0.000,0.000,-0.009,-0.002
36.03,0.105,0,0.394,0.453,1,0.000,0.000,0.000,0.000,0.000,0.000,-0.000,-0.005
36.23,0.105,0,0.401,0.453,1,0.000,0.000,0.000,0.000,0.000,0.000,-0.009,-0.006
36.43,0.105,0,0.401,0.453,1,0.000,0.000,0.000,0.000,0.000,0.000,-0.009,-0.006
36.63,0.106,0,0.395,0.453,1,0.000,0.000,0.000,0.000,0.000,0.000,-0.007,-0.007
36.83,0.105,0,0.395,0.453,1,0.000,0.000,0.000,0.000,0.000,0.000,-0.001,-0.004
37.03,0.105,0,0.395,0.453,1,0.000,0.000,0.000,0.000,0.000,0.000,-0.001,-0.006
37.23,0.105,0,0.400,0.453,1,0.000,0.000,0.000,0.000,0.000,0.000,-0.005,-0.004
37.43,0.105,0,0.400,0.453,1,0.000,0.000,0.000,0.000,0.000,0.000,-0.005,-0.004
37.63,0.105,0,0.398,0.453,1,0.000,0.000,0.000,0.000,0.000,0.000,0.006,-0.004
37.83,0.105,0,0.398,0.453,1,0.000,0.000,0.000,0.000,0.000,0.000,0.003,-0.003
38.03,0.105,0,0.398,0.453,1,0.000,0.000,0.000,0.000,0.000,0.000,-0.005,-0.002
38.23,0.105,0,0.394,0.453,1,0.000,0.000,0.000,0.000,0.000,0.000,-0.002,0.004
38.43,0.105,0,0.394,0.453,1,0.000,0.000,0.000,0.000,0.000,0.000,-0.002,0.004
38.63,0.105,0,0.404,0.453,1,0.000,0.000,0.000,0.000,0.000,0.000,-0.003,0.001
38.83,0.105,0,0.404,0.453,1,0.000,0.000,0.000,0.000,0.000,0.000,-0.005,-0.008
39.03,0.105,0,0.404,0.453,1,0.000,0.000,0.000,0.000,0.000,0.000,-0.005,-0.002
39.23,0.105,0,0.392,0.453,1,0.000,0.000,0.000,0.000,0.000,0.000,-0.002,-0.004
39.43,0.105,0,0.392,0.453,1,0.000,0.000,0.000,0.000,0.000,0.000,-0.003,-0.001
39.63,0.105,0,0.395,0.453,1,0.000,0.000,0.000,0.000,0.000,0.000,-0.003,-0.001
39.83,0.105,0,0.395,0.453,1,0.000,0.000,0.000,0.000,0.000,0.000,-0.003,-0.008
40.03,0.105,0,0.395,0.453,1,0.000,0.000,0.000,0.000,0.000,0.000,-0.005,-0.001
40.23,0.105,0,0.390,0.453,1,0.000,0.000,0.000,0.000,0.000,0.000,-0.002,-0.002
40.43,0.105,0,0.390,0.453,1,0.000,0.000,0.000,0.000,0.000,0.000,-0.005,0.001
40.63,0.105,0,0.396,0.453,1,0.000,0.000,0.000,0.000,0.000,0.000,-0.005,0.001
40.83,0.105,0,0.396,0.453,1,0.000,0.000,0.000,0.000,0.000,0.000,-0.001,-0.005
41.03,0.106,0,0.396,0.453,1,0.000,0.000,0.000,0.000,0.000,0.000,-0.009,-0.003
41.23,0.105,0,0.395,0.453,1,0.000,0.000,0.000,0.000,0.000,0.000,-0.003,-0.001
41.43,0.105,0,0.395,0.453,1,0.000,0.000,0.000,0.000,0.000,0.000,-0.003,-0.002
41.63,0.105,0,0.390,0.454,1,0.000,0.000,0.000,0.000,0.000,0.000,-0.003,-0.002
41.83,0.105,0,0.390,0.454,1,0.000,0.000,0.000,0.000,0.000,0.000,-0.003,-0.003
42.03,0.105,0,0.390,0.454,1,0.000,0.000,0.000,0.000,0.000,0.000,-0.008,-0.004
42.23,0.106,0,0.396,0.453,1,0.000,0.000,0.000,0.000,0.000,0.000,-0.004,-0.000
42.43,0.106,0,0.396,0.453,1,0.000,0.000,0.000,0.000,0.000,0.000,-0.003,-0.001
42.63,0.105,0,0.394,0.453,1,0.000,0.000,0.000,0.000,0.000,0.000,-0.003,-0.001
42.83,0.106,0,0.394,0.453,1,0.000,0.000,0.000,0.000,0.000,0.000,-0.006,-0.000
43.03,0.105,0,0.394,0.453,1,0.000,0.000,0.000,0.000,0.000,0.000,-0.001,-0.002
43.23,0.105,0,0.394,0.453,1,0.000,0.000,0.000,0.000,0.000,0.000,-0.002,-0.000
43.43,0.105,0,0.394,0.453,1,0.000,0.000,0.000,0.000,0.000,0.000,-0.003,0.001
43.63,0.105,0,0.400,0.453,1,0.000,0.000,0.000,0.000,0.000,0.000,-0.003,0.001
43.83,0.105,0,0.400,0.453,1,0.000,0.000,0.000,0.000,0.000,0.000,-0.008,-0.000
44.03,0.105,0,0.400,0.453,1,0.000,0.000,0.000,0.000,0.000,0.000,-0.008,-0.001
44.23,0.105,0,0.396,0.453,1,0.000,0.000,0.000,0.000,0.000,0.000,0.001,0.000
44.43,0.106,0,0.396,0.453,1,0.000,0.000,0.000,0.000,0.000,0.000,-0.008,0.000
44.63,0.106,0,0.390,0.453,1,0.000,0.000,0.000,0.000,0.000,0.000,-0.005,-0.003
44.83,0.105,0,0.390,0.453,1,0.000,0.000,0.000,0.000,0.000,0.000,-0.005,-0.003
45.03,0.105,0,0.390,0.453,1,0.000,0.000,0.000,0.000,0.000,0.000,-0.003,-0.002
45.23,0.106,0,0.394,0.453,1,0.000,0.000,0.000,0.000,0.000,0.000,-0.006,-0.004
45.43,0.105,0,0.394,0.453,1,0.000,0.000,0.000,0.000,0.000,0.000,0.000,-0.004
45.63,0.105,0,0.392,0.453,1,0.000,0.000,0.000,0.000,0.000,0.000,-0.002,-0.010
45.83,0.105,0,0.392,0.453,1,0.000,0.000,0.000,0.000,0.000,0.000,-0.002,-0.010
46.03,0.105,0,0.392,0.453,1,0.000,0.000,0.000,0.000,0.000,0.000,-0.007,0.005
46.23,0.105,0,0.400,0.453,1,0.000,0.000,0.000,0.000,0.000,0.000,-0.000,0.000
46.43,0.105,0,0.400,0.453,1,0.000,0.000,0.000,0.000,0.000,0.000,-0.004,-0.000
46.63,0.105,0,0.391,0.454,1,0.000,0.000,0.000,0.000,0.000,0.000,0.001,0.004
46.83,0.105,0,0.391,0.454,1,0.000,0.000,0.000,0.000,0.000,0.000,0.001,0.004
47.03,0.104,0,0.391,0.454,1,0.000,0.000,0.000,0.000,0.000,0.000,-0.008,-0.006
47.23,0.105,0,0.395,0.454,1,0.000,0.000,0.000,0.000,0.000,0.000,-0.004,-0.004
47.43,0.105,0,0.395,0.454,1,0.000,0.000,0.000,0.000,0.000,0.000,-0.006,0.002
47.63,0.105,0,0.394,0.453,1,0.000,0.000,0.000,0.000,0.000,0.000,-0.004,-0.007
47.83,0.105,0,0.394,0.453,1,0.000,0.000,0.000,0.000,0.000,0.000,-0.004,-0.007
48.03,0.105,0,0.394,0.453,1,0.000,0.000,0.000,0.000,0.000,0.000,0.010,0.003
48.23,0.106,0,0.403,0.453,1,0.000,0.000,0.000,0.000,0.000,0.000,0.000,0.009
48.43,0.106,0,0.403,0.453,1,0.000,0.000,0.000,0.000,0.000,0.000,0.006,0.023
48.63,0.106,0,0.394,0.453,1,0.000,0.000,0.000,0.000,0.000,0.000,0.012,0.005
48.83,0.105,0,0.394,0.453,1,0.000,0.000,0.000,0.000,0.000,0.000,0.012,0.005
49.03,0.105,0,0.394,0.453,1,0.000,0.000,0.000,0.000,0.000,0.000,0.016,0.021
49.23,0.105,0,0.391,0.453,1,0.000,0.000,0.000,0.000,0.000,0.000,0.007,0.006
49.43,0.105,0,0.391,0.453,1,0.000,0.000,0.000,0.000,0.000,0.000,0.003,0.006
49.63,0.105,0,2.380,0.453,0,0.000,0.000,0.000,0.000,0.000,0.000,0.007,0.005
49.83,0.105,0,2.380,0.453,0,0.000,0.000,0.000,0.000,0.000,0.000,0.004,0.012
50.03,0.106,0,2.380,0.453,0,0.000,0.000,0.000,0.000,0.000,0.000,0.004,0.012
50.23,0.105,0,0.395,0.453,1,0.000,0.000,0.000,0.000,0.000,0.000,0.007,0.013
50.43,0.105,0,0.395,0.453,1,0.000,0.000,0.000,0.000,0.000,0.000,0.010,0.021
50.63,0.188,0,0.392,0.453,1,0.000,0.000,0.000,0.000,0.000,0.000,0.013,0.031
50.83,0.188,0,0.392,0.453,1,0.000,0.000,0.000,0.000,0.000,0.000,0.016,0.056
51.03,0.219,0,0.392,0.453,1,0.000,0.000,0.000,0.000,0.000,0.000,0.016,0.056
51.23,0.222,0,0.390,0.453,1,0.000,0.000,0.000,0.000,0.000,0.000,0.020,0.041
51.43,0.207,0,0.390,0.453,1,0.000,0.000,0.000,0.000,0.000,0.000,0.027,0.046
51.63,0.193,0,0.392,0.453,1,0.000,0.000,0.000,0.000,0.000,0.000,0.017,0.035
51.83,0.193,0,0.392,0.453,1,0.000,0.000,0.000,0.000,0.000,0.000,0.021,0.054
52.03,0.185,0,0.392,0.453,1,0.000,0.000,0.000,0.000,0.000,0.000,0.021,0.054
52.23,0.158,0,0.408,0.453,1,0.000,0.000,0.000,0.000,0.000,0.000,0.021,0.073
52.43,0.128,0,0.408,0.453,1,0.000,0.000,0.000,0.000,0.000,0.000,0.060,0.092
52.63,0.105,0,0.156,0.451,0,0.000,0.000,0.000,0.000,0.000,0.000,0.004,0.026
52.83,0.105,0,0.156,0.451,0,0.000,0.000,0.000,0.000,0.000,0.000,0.003,0.056
53.03,0.105,0,0.156,0.451,0,0.000,0.000,0.000,0.000,0.000,0.000,0.003,0.056
53.23,0.106,0,0.396,0.449,1,0.000,0.000,0.000,0.000,0.000,0.000,0.010,0.063
53.43,0.105,0,0.396,0.449,1,0.000,0.000,0.000,0.000,0.000,0.000,0.012,0.032
53.63,0.105,0,0.216,0.449,0,0.000,0.000,0.000,0.000,0.000,0.000,0.028,0.068
53.83,0.105,0,0.216,0.449,0,0.000,0.000,0.000,0.000,0.000,0.000,0.002,0.095
54.03,0.156,0,0.216,0.449,0,0.000,0.000,0.000,0.000,0.000,0.000,0.002,0.095
54.23,0.163,0,0.221,0.450,0,0.000,0.000,0.000,0.000,0.000,0.000,-0.017,0.076
54.43,0.168,0,0.221,0.450,0,0.000,0.000,0.000,0.000,0.000,0.000,0.043,0.113
54.63,0.105,0,0.274,0.448,1,0.000,0.000,0.000,0.000,0.000,0.000,0.017,0.079
54.83,0.105,0,0.274,0.448,1,0.000,0.000,0.000,0.000,0.000,0.000,-0.001,0.078
55.03,0.105,0,0.274,0.448,1,0.000,0.000,0.000,0.000,0.000,0.000,-0.005,0.076
55.23,0.105,0,0.253,0.436,1,0.000,0.000,0.000,0.000,0.000,0.000,-0.005,0.076
55.43,0.105,0,0.253,0.436,1,0.000,0.000,0.000,0.000,0.000,0.000,-0.007,0.071
55.63,0.105,0,0.312,0.449,1,0.000,0.000,0.000,0.000,0.000,0.000,-0.011,0.062
55.83,0.105,0,0.312,0.449,1,0.000,0.000,0.000,0.000,0.000,0.000,-0.010,0.051
56.03,0.105,0,0.312,0.449,1,0.000,0.000,0.000,0.000,0.000,0.000,-0.016,0.042
56.23,0.106,0,0.304,0.449,1,0.000,0.000,0.000,0.000,0.000,0.000,-0.016,0.042
56.43,0.105,0,0.304,0.449,1,0.000,0.000,0.000,0.000,0.000,0.000,0.006,0.058
56.63,0.105,0,0.307,0.447,1,0.000,0.000,0.000,0.000,0.000,0.000,-0.000,0.070
56.83,0.105,0,0.307,0.447,1,0.000,0.000,0.000,0.000,0.000,0.000,0.001,0.081
57.03,0.105,0,0.307,0.447,1,0.000,0.000,0.000,0.000,0.000,0.000,-0.002,0.076
57.23,0.105,0,0.284,0.449,1,0.000,0.000,0.000,0.000,0.000,0.000,-0.002,0.076
57.43,0.105,0,0.284,0.449,1,0.000,0.000,0.000,0.000,0.000,0.000,0.004,0.081
57.63,0.105,0,0.263,0.449,1,0.000,0.000,0.000,0.000,0.000,0.000,0.008,0.085
57.83,0.105,0,0.263,0.449,1,0.000,0.000,0.000,0.000,0.000,0.000,0.013,0.078
58.03,0.105,0,0.263,0.449,1,0.000,0.000,0.000,0.000,0.000,0.000,0.007,0.084
58.23,0.105,0,0.270,0.448,1,0.000,0.000,0.000,0.000,0.000,0.000,0.007,0.084
58.43,0.105,0,0.270,0.448,1,0.000,0.000,0.000,0.000,0.000,0.000,0.006,0.088
58.63,0.105,0,0.268,0.448,1,0.000,0.000,0.000,0.000,0.000,0.000,0.000,0.090
58.83,0.105,0,0.268,0.448,1,0.000,0.000,0.000,0.000,0.000,0.000,0.002,0.089
59.03,0.105,0,0.268,0.448,1,0.000,0.000,0.000,0.000,0.000,0.000,0.014,0.072
59.23,0.105,0,0.268,0.448,1,0.000,0.000,0.000,0.000,0.000,0.000,0.014,0.072
59.43,0.105,0,0.268,0.448,1,0.000,0.000,0.000,0.000,0.000,0.000,0.015,0.082
59.63,0.105,0,0.267,0.448,1,0.000,0.000,0.000,0.000,0.000,0.000,0.018,0.084
59.83,0.105,0,0.267,0.448,1,0.000,0.000,0.000,0.000,0.000,0.000,0.006,0.076
60.03,0.105,0,0.267,0.448,1,0.000,0.000,0.000,0.000,0.000,0.000,0.007,0.076
60.23,0.105,0,0.267,0.448,1,0.000,0.000,0.000,0.000,0.000,0.000,0.007,0.076
60.43,0.104,0,0.267,0.448,1,0.000,0.000,0.000,0.000,0.000,0.000,0.013,0.093
60.63,0.153,0,0.262,0.448,1,0.000,0.000,0.000,0.000,0.000,0.000,0.010,0.100
60.83,0.156,0,0.262,0.448,1,0.000,0.000,0.000,0.000,0.000,0.000,0.046,0.135
61.03,0.156,0,0.262,0.448,1,0.000,0.000,0.000,0.000,0.000,0.000,0.002,0.060
61.23,0.105,0,0.277,0.449,1,0.000,0.000,0.000,0.000,0.000,0.000,0.002,0.060
61.43,0.106,0,0.277,0.449,1,0.000,0.000,0.000,0.000,0.000,0.000,-0.009,0.049
61.63,0.106,0,0.295,0.451,1,0.000,0.000,0.000,0.000,0.000,0.000,-0.004,0.047
61.83,0.105,0,0.295,0.451,1,0.000,0.000,0.000,0.000,0.000,0.000,-0.028,0.046
62.03,0.105,0,0.295,0.451,1,0.000,0.000,0.000,0.000,0.000,0.000,-0.031,0.041
62.23,0.105,0,0.207,0.452,0,0.000,0.000,0.000,0.000,0.000,0.000,-0.009,0.045
62.43,0.105,0,0.207,0.452,0,0.000,0.000,0.000,0.000,0.000,0.000,-0.009,0.045
62.63,0.106,0,0.234,0.450,0,0.000,0.000,0.000,0.000,0.000,0.000,0.000,0.039
62.83,0.105,0,0.234,0.450,0,0.000,0.000,0.000,0.000,0.000,0.000,-0.002,0.056
63.03,0.106,0,0.234,0.450,0,0.000,0.000,0.000,0.000,0.000,0.000,0.002,0.074
63.23,0.106,0,0.242,0.450,0,0.000,0.000,0.000,0.000,0.000,0.000,0.008,0.080
63.43,0.106,0,0.242,0.450,0,0.000,0.000,0.000,0.000,0.000,0.000,0.008,0.080
63.63,0.106,0,0.252,0.450,1,0.000,0.000,0.000,0.000,0.000,0.000,0.013,0.087
63.83,0.146,0,0.252,0.450,1,0.000,0.000,0.000,0.000,0.000,0.000,0.013,0.078
64.03,0.133,0,0.252,0.450,1,0.000,0.000,0.000,0.000,0.000,0.000,0.003,0.080
64.23,0.133,0,0.239,0.427,1,0.000,0.000,0.000,0.000,0.000,0.000,-0.000,0.077
64.43,0.125,0,0.239,0.427,1,0.000,0.000,0.000,0.000,0.000,0.000,-0.000,0.077
64.63,0.126,0,0.226,0.447,0,0.000,0.000,0.000,0.000,0.000,0.000,-0.000,0.069
64.83,0.126,0,0.226,0.447,0,0.000,0.000,0.000,0.000,0.000,0.000,0.002,0.081
65.03,0.124,0,0.226,0.447,0,0.000,0.000,0.000,0.000,0.000,0.000,0.021,0.096
65.23,0.124,0,0.224,0.444,0,0.000,0.000,0.000,0.000,0.000,0.000,0.025,0.095
65.43,0.106,0,0.224,0.444,0,0.000,0.000,0.000,0.000,0.000,0.000,0.025,0.095
65.63,0.119,0,0.221,0.433,0,0.000,0.000,0.000,0.000,0.000,0.000,0.018,0.099
65.83,0.119,0,0.221,0.433,0,0.000,0.000,0.000,0.000,0.000,0.000,0.015,0.102
66.03,0.119,0,0.221,0.433,0,0.000,0.000,0.000,0.000,0.000,0.000,-0.001,0.078
66.23,0.119,0,0.224,0.443,0,0.000,0.000,0.000,0.000,0.000,0.000,-0.002,0.077
66.43,0.118,0,0.224,0.443,0,0.000,0.000,0.000,0.000,0.000,0.000,-0.002,0.077
66.63,0.119,0,0.220,0.438,0,0.000,0.000,0.000,0.000,0.000,0.000,-0.000,0.079
66.83,0.120,0,0.220,0.438,0,0.000,0.000,0.000,0.000,0.000,0.000,0.017,0.098
67.03,0.117,0,0.220,0.438,0,0.000,0.000,0.000,0.000,0.000,0.000,0.028,0.119
67.23,0.117,0,0.210,0.415,0,0.000,0.000,0.000,0.000,0.000,0.000,0.033,0.110
67.43,0.105,0,0.210,0.415,0,0.000,0.000,0.000,0.000,0.000,0.000,0.033,0.110
67.63,0.104,0,0.192,0.421,0,0.000,0.000,0.000,0.000,0.000,0.000,0.038,0.111
67.83,0.104,0,0.192,0.421,0,0.000,0.000,0.000,0.000,0.000,0.000,0.045,0.111
68.03,0.109,0,0.192,0.421,0,0.000,0.000,0.000,0.000,0.000,0.000,0.016,0.100
68.23,0.109,0,0.198,0.421,0,0.000,0.000,0.000,0.000,0.000,0.000,0.005,0.086
68.43,0.113,0,0.198,0.421,0,0.000,0.000,0.000,0.000,0.000,0.000,0.005,0.086
68.63,0.113,0,0.204,0.434,0,0.000,0.000,0.000,0.000,0.000,0.000,-0.009,0.082
68.83,0.112,0,0.204,0.434,0,0.000,0.000,0.000,0.000,0.000,0.000,0.011,0.090
69.03,0.111,0,0.204,0.434,0,0.000,0.000,0.000,0.000,0.000,0.000,0.009,0.089
69.23,0.110,0,0.195,0.445,0,0.000,0.000,0.000,0.000,0.000,0.000,0.015,0.093
69.43,0.110,0,0.195,0.445,0,0.000,0.000,0.000,0.000,0.000,0.000,-0.005,0.076
69.63,0.110,0,0.194,0.416,0,0.000,0.000,0.000,0.000,0.000,0.000,-0.005,0.076
69.83,0.108,0,0.194,0.416,0,0.000,0.000,0.000,0.000,0.000,0.000,0.017,0.090
70.03,0.109,0,0.194,0.416,0,0.000,0.000,0.000,0.000,0.000,0.000,0.013,0.108
70.23,0.106,0,0.196,0.410,0,0.000,0.000,0.000,0.000,0.000,0.000,0.007,0.094
70.43,0.106,0,0.196,0.410,0,0.000,0.000,0.000,0.000,0.000,0.000,0.014,0.091
70.63,0.111,0,0.196,0.411,0,0.000,0.000,0.000,0.000,0.000,0.000,0.014,0.091
70.83,0.112,0,0.196,0.411,0,0.000,0.000,0.000,0.000,0.000,0.000,0.022,0.098
71.03,0.115,0,0.196,0.411,0,0.000,0.000,0.000,0.000,0.000,0.000,0.013,0.084
71.23,0.115,0,0.198,0.416,0,0.000,0.000,0.000,0.000,0.000,0.000,0.006,0.072
71.43,0.115,0,0.198,0.416,0,0.000,0.000,0.000,0.000,0.000,0.000,0.020,0.093
71.63,0.106,0,0.208,0.416,0,0.000,0.000,0.000,0.000,0.000,0.000,0.020,0.093
71.83,0.105,0,0.208,0.416,0,0.000,0.000,0.000,0.000,0.000,0.000,0.012,0.081
72.03,0.105,0,0.208,0.416,0,0.000,0.000,0.000,0.000,0.000,0.000,-0.005,0.067
72.23,0.100,0,0.229,0.437,0,0.000,0.000,0.000,0.000,0.000,0.000,-0.001,0.071
72.43,0.100,0,0.229,0.437,0,0.000,0.000,0.000,0.000,0.000,0.000,0.002,0.069
72.63,0.101,0,0.244,0.448,0,0.000,0.000,0.000,0.000,0.000,0.000,0.002,0.069
72.83,0.101,0,0.244,0.448,0,0.000,0.000,0.000,0.000,0.000,0.000,-0.008,0.066
73.03,0.100,0,0.244,0.448,0,0.000,0.000,0.000,0.000,0.000,0.000,0.002,0.073
73.23,0.102,0,0.249,0.448,1,0.000,0.000,0.000,0.000,0.000,0.000,-0.001,0.082
73.43,0.102,0,0.249,0.448,1,0.000,0.000,0.000,0.000,0.000,0.000,-0.004,0.074
73.63,0.100,0,0.251,0.449,1,0.000,0.000,0.000,0.000,0.000,0.000,-0.004,0.074
73.83,0.103,0,0.251,0.449,1,0.000,0.000,0.000,0.000,0.000,0.000,-0.008,0.067
74.03,0.105,0,0.251,0.449,1,0.000,0.000,0.000,0.000,0.000,0.000,-0.004,0.075
74.23,0.103,0,0.245,0.449,0,0.000,0.000,0.000,0.000,0.000,0.000,-0.004,0.082
74.43,0.103,0,0.245,0.449,0,0.000,0.000,0.000,0.000,0.000,0.000,-0.003,0.073
74.63,0.100,0,0.257,0.449,1,0.000,0.000,0.000,0.000,0.000,0.000,-0.003,0.073
74.83,0.105,0,0.257,0.449,1,0.000,0.000,0.000,0.000,0.000,0.000,0.005,0.061
75.03,0.105,0,0.257,0.449,1,0.000,0.000,0.000,0.000,0.000,0.000,-0.010,0.050
75.23,0.105,0,0.270,0.451,1,0.000,0.000,0.000,0.000,0.000,0.000,-0.027,0.052
75.43,0.105,0,0.270,0.451,1,0.000,0.000,0.000,0.000,0.000,0.000,-0.009,0.036
75.63,0.105,0,0.284,0.454,1,0.000,0.000,0.000,0.000,0.000,0.000,-0.009,0.036
75.83,0.105,0,0.284,0.454,1,0.000,0.000,0.000,0.000,0.000,0.000,-0.009,0.014
76.03,0.105,0,0.284,0.454,1,0.000,0.000,0.000,0.000,0.000,0.000,-0.005,0.027
76.23,0.106,0,0.392,0.454,1,0.000,0.000,0.000,0.000,0.000,0.000,-0.012,0.029
76.43,0.106,0,0.392,0.454,1,0.000,0.000,0.000,0.000,0.000,0.000,0.005,0.033
76.63,0.262,0,0.392,0.454,1,0.000,0.000,0.000,0.000,0.000,0.000,0.012,0.031
76.83,0.264,0,0.392,0.454,1,0.000,0.000,0.000,0.000,0.000,0.000,0.012,0.031
77.03,0.262,0,0.392,0.454,1,0.000,0.000,0.000,0.000,0.000,0.000,0.008,0.020
77.23,0.105,0,0.394,0.454,1,0.000,0.000,0.000,0.000,0.000,0.000,-0.002,0.027
77.43,0.105,0,0.394,0.454,1,0.000,0.000,0.000,0.000,0.000,0.000,-0.000,0.032
77.63,0.105,0,0.394,0.454,1,0.000,0.000,0.000,0.000,0.000,0.000,-0.004,0.023
77.83,0.105,0,0.394,0.454,1,0.000,0.000,0.000,0.000,0.000,0.000,-0.004,0.023
78.03,0.105,0,0.394,0.454,1,0.000,0.000,0.000,0.000,0.000,0.000,-0.005,0.027
78.23,0.157,0,0.391,0.453,1,0.000,0.000,0.000,0.000,0.000,0.000,0.003,0.027
78.43,0.152,0,0.391,0.453,1,0.000,0.000,0.000,0.000,0.000,0.000,0.001,0.020
78.63,0.152,0,0.394,0.453,1,0.000,0.000,0.000,0.000,0.000,0.000,0.009,0.014
78.83,0.106,0,0.394,0.453,1,0.000,0.000,0.000,0.000,0.000,0.000,0.009,0.014
79.03,0.144,0,0.394,0.453,1,0.000,0.000,0.000,0.000,0.000,0.000,-0.006,0.011
79.23,0.105,0,2.372,0.454,0,0.000,0.000,0.000,0.000,0.000,0.000,-0.010,0.035
79.43,0.105,0,2.372,0.454,0,0.000,0.000,0.000,0.000,0.000,0.000,-0.011,0.023
79.63,0.105,0,0.396,0.454,1,0.000,0.000,0.000,0.000,0.000,0.000,-0.006,0.022
79.83,0.105,0,0.396,0.454,1,0.000,0.000,0.000,0.000,0.000,0.000,-0.006,0.022
80.03,0.105,0,0.396,0.454,1,0.000,0.000,0.000,0.000,0.000,0.000,-0.007,0.022
80.23,0.264,0,0.407,0.454,1,0.000,0.000,0.000,0.000,0.000,0.000,-0.000,0.020
80.43,0.276,0,0.407,0.454,1,0.000,0.000,0.000,0.000,0.000,0.000,-0.002,0.030
80.63,0.276,0,2.374,0.454,0,0.000,0.000,0.000,0.000,0.000,0.000,-0.000,0.023
80.83,0.317,0,2.374,0.454,0,0.000,0.000,0.000,0.000,0.000,0.000,-0.000,0.023
81.03,0.359,0,2.374,0.454,0,0.000,0.000,0.000,0.000,0.000,0.000,0.014,0.030
81.23,0.106,0,0.396,0.453,1,0.000,0.000,0.000,0.000,0.000,0.000,-0.012,0.026
81.43,0.106,0,0.396,0.453,1,0.000,0.000,0.000,0.000,0.000,0.000,-0.012,0.018
81.63,0.106,0,0.394,0.454,1,0.000,0.000,0.000,0.000,0.000,0.000,-0.013,0.011
81.83,0.105,0,0.394,0.454,1,0.000,0.000,0.000,0.000,0.000,0.000,-0.013,0.011
82.03,0.105,0,0.394,0.454,1,0.000,0.000,0.000,0.000,0.000,0.000,-0.014,0.015
82.23,0.105,0,0.394,0.454,1,0.000,0.000,0.000,0.000,0.000,0.000,-0.011,0.023
82.43,0.105,0,0.394,0.454,1,0.000,0.000,0.000,0.000,0.000,0.000,-0.010,0.024
82.63,0.105,0,0.407,0.454,1,0.000,0.000,0.000,0.000,0.000,0.000,-0.011,0.021
82.83,0.106,0,0.407,0.454,1,0.000,0.000,0.000,0.000,0.000,0.000,-0.011,0.021
83.03,0.105,0,0.407,0.454,1,0.000,0.000,0.000,0.000,0.000,0.000,-0.010,0.013
83.23,0.105,0,0.394,0.454,1,0.000,0.000,0.000,0.000,0.000,0.000,-0.012,0.019
83.43,0.105,0,0.394,0.454,1,0.000,0.000,0.000,0.000,0.000,0.000,-0.006,0.012
83.63,0.105,0,0.394,0.454,1,0.000,0.000,0.000,0.000,0.000,0.000,-0.009,0.023
83.83,0.105,0,0.394,0.454,1,0.000,0.000,0.000,0.000,0.000,0.000,-0.006,0.011
84.03,0.105,0,0.394,0.454,1,0.000,0.000,0.000,0.000,0.000,0.000,-0.006,0.011
84.23,0.105,0,0.392,0.454,1,0.000,0.000,0.000,0.000,0.000,0.000,-0.003,0.022
84.43,0.105,0,0.392,0.454,1,0.000,0.000,0.000,0.000,0.000,0.000,-0.003,0.028
84.63,0.105,0,0.394,0.454,1,0.000,0.000,0.000,0.000,0.000,0.000,-0.005,0.018
84.83,0.105,0,0.394,0.454,1,0.000,0.000,0.000,0.000,0.000,0.000,-0.006,0.008
85.03,0.106,0,0.394,0.454,1,0.000,0.000,0.000,0.000,0.000,0.000,-0.006,0.008
85.23,0.106,0,0.398,0.453,1,0.000,0.000,0.000,0.000,0.000,0.000,0.005,0.025
85.43,0.105,0,0.398,0.453,1,0.000,0.000,0.000,0.000,0.000,0.000,-0.007,0.008
85.63,0.105,0,0.396,0.454,1,0.000,0.000,0.000,0.000,0.000,0.000,-0.012,0.002
85.83,0.105,0,0.396,0.454,1,0.000,0.000,0.000,0.000,0.000,0.000,-0.012,0.022
86.03,0.105,0,0.396,0.454,1,0.000,0.000,0.000,0.000,0.000,0.000,-0.012,0.022
86.23,0.105,0,0.407,0.454,1,0.000,0.000,0.000,0.000,0.000,0.000,-0.009,0.027
86.43,0.105,0,0.407,0.454,1,0.000,0.000,0.000,0.000,0.000,0.000,-0.008,0.016
86.63,0.105,0,0.389,0.454,1,0.000,0.000,0.000,0.000,0.000,0.000,-0.012,0.021
86.83,0.105,0,0.389,0.454,1,0.000,0.000,0.000,0.000,0.000,0.000,-0.011,0.015
87.03,0.106,0,0.389,0.454,1,0.000,0.000,0.000,0.000,0.000,0.000,-0.011,0.015
87.23,0.105,0,2.468,0.453,0,0.000,0.000,0.000,0.000,0.000,0.000,-0.012,0.028
87.43,0.106,0,2.468,0.453,0,0.000,0.000,0.000,0.000,0.000,0.000,-0.011,0.032
87.63,0.106,0,0.393,0.454,1,0.000,0.000,0.000,0.000,0.000,0.000,-0.014,0.019
87.83,0.106,0,0.393,0.454,1,0.000,0.000,0.000,0.000,0.000,0.000,-0.002,0.021
88.03,0.105,0,0.393,0.454,1,0.000,0.000,0.000,0.000,0.000,0.000,-0.002,0.021
88.23,0.105,0,0.392,0.454,1,0.000,0.000,0.000,0.000,0.000,0.000,-0.011,0.012
88.43,0.105,0,0.392,0.454,1,0.000,0.000,0.000,0.000,0.000,0.000,-0.008,0.018
88.63,0.105,0,0.392,0.454,1,0.000,0.000,0.000,0.000,0.000,0.000,-0.013,0.017
88.83,0.105,0,0.392,0.454,1,0.000,0.000,0.000,0.000,0.000,0.000,-0.006,0.012
89.03,0.104,0,0.392,0.454,1,0.000,0.000,0.000,0.000,0.000,0.000,-0.006,0.012
89.23,0.106,0,0.408,0.454,1,0.000,0.000,0.000,0.000,0.000,0.000,-0.003,0.028
89.43,0.106,0,0.408,0.454,1,0.000,0.000,0.000,0.000,0.000,0.000,-0.012,0.019
89.63,0.105,0,0.394,0.454,1,0.000,0.000,0.000,0.000,0.000,0.000,-0.005,0.029
89.83,0.105,0,0.394,0.454,1,0.000,0.000,0.000,0.000,0.000,0.000,-0.004,0.017
90.03,0.105,0,0.394,0.454,1,0.000,0.000,0.000,0.000,0.000,0.000,-0.007,0.011
90.23,0.105,0,0.393,0.454,1,0.000,0.000,0.000,0.000,0.000,0.000,-0.007,0.011
90.43,0.106,0,0.393,0.454,1,0.000,0.000,0.000,0.000,0.000,0.000,-0.011,0.020
90.63,0.106,0,0.387,0.450,1,0.000,0.000,0.000,0.000,0.000,0.000,-0.030,-0.013
90.83,0.106,0,0.387,0.450,1,0.000,0.000,0.000,0.000,0.000,0.000,-0.044,-0.015
91.03,0.106,0,0.387,0.450,1,0.000,0.000,0.000,0.000,0.000,0.000,-0.024,-0.003
91.23,0.105,0,0.385,0.442,1,0.000,0.000,0.000,0.000,0.000,0.000,-0.024,-0.003
91.43,0.106,0,0.385,0.442,1,0.000,0.000,0.000,0.000,0.000,0.000,-0.021,-0.005
91.63,0.105,0,0.389,0.440,1,0.000,0.000,0.000,0.000,0.000,0.000,-0.032,-0.017
91.83,0.105,0,0.389,0.440,1,0.000,0.000,0.000,0.000,0.000,0.000,-0.029,-0.034
92.03,0.105,0,0.389,0.440,1,0.000,0.000,0.000,0.000,0.000,0.000,-0.023,-0.037
92.23,0.105,0,0.384,0.436,1,0.000,0.000,0.000,0.000,0.000,0.000,-0.023,-0.037
92.43,0.105,0,0.384,0.436,1,0.000,0.000,0.000,0.000,0.000,0.000,-0.016,-0.029
92.63,0.105,0,0.396,0.436,1,0.000,0.000,0.000,0.000,0.000,0.000,-0.024,-0.035
92.83,0.106,0,0.396,0.436,1,0.000,0.000,0.000,0.000,0.000,0.000,-0.025,-0.024
93.03,0.106,0,0.396,0.436,1,0.000,0.000,0.000,0.000,0.000,0.000,-0.020,-0.024
93.23,0.105,0,0.390,0.436,1,0.000,0.000,0.000,0.000,0.000,0.000,-0.020,-0.024
93.43,0.105,0,0.390,0.436,1,0.000,0.000,0.000,0.000,0.000,0.000,-0.014,-0.032
93.63,0.105,0,0.384,0.436,1,0.000,0.000,0.000,0.000,0.000,0.000,-0.020,-0.028
93.83,0.105,0,0.384,0.436,1,0.000,0.000,0.000,0.000,0.000,0.000,-0.019,-0.021
94.03,0.105,0,0.384,0.436,1,0.000,0.000,0.000,0.000,0.000,0.000,-0.017,-0.015
94.23,0.105,0,0.388,0.436,1,0.000,0.000,0.000,0.000,0.000,0.000,-0.017,-0.015
94.43,0.105,0,0.388,0.436,1,0.000,0.000,0.000,0.000,0.000,0.000,-0.016,-0.014
94.63,0.105,0,0.389,0.437,1,0.000,0.000,0.000,0.000,0.000,0.000,-0.028,-0.013
94.83,0.105,0,0.389,0.437,1,0.000,0.000,0.000,0.000,0.000,0.000,-0.024,-0.014
95.03,0.105,0,0.389,0.437,1,0.000,0.000,0.000,0.000,0.000,0.000,-0.016,-0.018
95.23,0.106,0,0.386,0.436,1,0.000,0.000,0.000,0.000,0.000,0.000,-0.016,-0.018
95.43,0.106,0,0.386,0.436,1,0.000,0.000,0.000,0.000,0.000,0.000,-0.018,-0.021
95.63,0.105,0,0.390,0.436,1,0.000,0.000,0.000,0.000,0.000,0.000,-0.022,-0.016
95.83,0.105,0,0.390,0.436,1,0.000,0.000,0.000,0.000,0.000,0.000,-0.019,-0.018
96.03,0.105,0,0.390,0.436,1,0.000,0.000,0.000,0.000,0.000,0.000,-0.020,-0.019
96.23,0.105,0,0.392,0.436,1,0.000,0.000,0.000,0.000,0.000,0.000,-0.022,-0.025
96.43,0.105,0,0.392,0.436,1,0.000,0.000,0.000,0.000,0.000,0.000,-0.022,-0.025
96.63,0.105,0,0.388,0.436,1,0.000,0.000,0.000,0.000,0.000,0.000,-0.015,-0.018
96.83,0.106,0,0.388,0.436,1,0.000,0.000,0.000,0.000,0.000,0.000,-0.017,-0.026
97.03,0.105,0,0.388,0.436,1,0.000,0.000,0.000,0.000,0.000,0.000,-0.019,-0.015
97.23,0.105,0,0.384,0.436,1,0.000,0.000,0.000,0.000,0.000,0.000,-0.021,-0.022
97.43,0.105,0,0.384,0.436,1,0.000,0.000,0.000,0.000,0.000,0.000,-0.021,-0.022
97.63,0.105,0,0.390,0.437,1,0.000,0.000,0.000,0.000,0.000,0.000,-0.023,-0.030
97.83,0.106,0,0.390,0.437,1,0.000,0.000,0.000,0.000,0.000,0.000,-0.019,-0.025
98.03,0.105,0,0.390,0.437,1,0.000,0.000,0.000,0.000,0.000,0.000,-0.018,-0.023
98.23,0.105,0,0.390,0.436,1,0.000,0.000,0.000,0.000,0.000,0.000,-0.022,-0.017
98.43,0.105,0,0.390,0.436,1,0.000,0.000,0.000,0.000,0.000,0.000,-0.022,-0.017
98.63,0.106,0,0.408,0.436,1,0.000,0.000,0.000,0.000,0.000,0.000,-0.027,-0.012
98.83,0.106,0,0.408,0.436,1,0.000,0.000,0.000,0.000,0.000,0.000,-0.022,-0.024
99.03,0.105,0,0.408,0.436,1,0.000,0.000,0.000,0.000,0.000,0.000,-0.025,-0.026
99.23,0.105,0,0.389,0.436,1,0.000,0.000,0.000,0.000,0.000,0.000,-0.025,-0.020
99.43,0.105,0,0.389,0.436,1,0.000,0.000,0.000,0.000,0.000,0.000,-0.025,-0.020
99.63,0.106,0,0.403,0.436,1,0.000,0.000,0.000,0.000,0.000,0.000,-0.023,-0.030
99.83,0.105,0,0.403,0.436,1,0.000,0.000,0.000,0.000,0.000,0.000,-0.022,-0.027
100.03,0.105,0,0.403,0.436,1,0.000,0.000,0.000,0.000,0.000,0.000,-0.026,-0.015
100.23,0.105,0,0.396,0.436,1,0.000,0.000,0.000,0.000,0.000,0.000,-0.025,-0.009
100.43,0.105,0,0.396,0.436,1,0.000,0.000,0.000,0.000,0.000,0.000,-0.025,-0.009
100.63,0.105,0,0.392,0.436,1,0.000,0.000,0.000,0.000,0.000,0.000,-0.018,-0.027
100.83,0.105,0,0.392,0.436,1,0.000,0.000,0.000,0.000,0.000,0.000,-0.026,-0.023
101.03,0.105,0,0.392,0.436,1,0.000,0.000,0.000,0.000,0.000,0.000,-0.021,-0.024
101.23,0.105,0,0.398,0.436,1,0.000,0.000,0.000,0.000,0.000,0.000,-0.026,-0.017
101.43,0.105,0,0.398,0.436,1,0.000,0.000,0.000,0.000,0.000,0.000,-0.026,-0.017
101.63,0.106,0,0.386,0.436,1,0.000,0.000,0.000,0.000,0.000,0.000,-0.022,-0.022
101.83,0.105,0,0.386,0.436,1,0.000,0.000,0.000,0.000,0.000,0.000,-0.025,-0.019
102.03,0.106,0,0.386,0.436,1,0.000,0.000,0.000,0.000,0.000,0.000,-0.022,-0.025
102.23,0.106,0,0.389,0.436,1,0.000,0.000,0.000,0.000,0.000,0.000,-0.023,-0.022
102.43,0.105,0,0.389,0.436,1,0.000,0.000,0.000,0.000,0.000,0.000,-0.023,-0.022
102.63,0.105,0,0.390,0.436,1,0.000,0.000,0.000,0.000,0.000,0.000,-0.020,-0.025
102.83,0.106,0,0.390,0.436,1,0.000,0.000,0.000,0.000,0.000,0.000,-0.027,-0.021
103.03,0.106,0,0.390,0.436,1,0.000,0.000,0.000,0.000,0.000,0.000,-0.026,-0.028
103.23,0.105,0,0.388,0.436,1,0.000,0.000,0.000,0.000,0.000,0.000,-0.024,-0.023
103.43,0.105,0,0.388,0.436,1,0.000,0.000,0.000,0.000,0.000,0.000,-0.024,-0.023
103.63,0.105,0,0.385,0.437,1,0.000,0.000,0.000,0.000,0.000,0.000,-0.023,-0.023
103.83,0.105,0,0.385,0.437,1,0.000,0.000,0.000,0.000,0.000,0.000,-0.029,-0.023
104.03,0.106,0,0.385,0.437,1,0.000,0.000,0.000,0.000,0.000,0.000,-0.023,-0.028
104.23,0.106,0,0.402,0.436,1,0.000,0.000,0.000,0.000,0.000,0.000,-0.022,-0.022
104.43,0.106,0,0.402,0.436,1,0.000,0.000,0.000,0.000,0.000,0.000,-0.025,-0.017
104.63,0.105,0,0.390,0.436,1,0.000,0.000,0.000,0.000,0.000,0.000,-0.025,-0.017
104.83,0.105,0,0.390,0.436,1,0.000,0.000,0.000,0.000,0.000,0.000,-0.020,-0.018
105.03,0.106,0,0.390,0.436,1,0.000,0.000,0.000,0.000,0.000,0.000,-0.025,-0.037
105.23,0.105,0,0.390,0.436,1,0.000,0.000,0.000,0.000,0.000,0.000,-0.029,-0.026
105.43,0.105,0,0.390,0.436,1,0.000,0.000,0.000,0.000,0.000,0.000,-0.028,-0.027
105.63,0.105,0,0.387,0.436,1,0.000,0.000,0.000,0.000,0.000,0.000,-0.028,-0.027
105.83,0.105,0,0.387,0.436,1,0.000,0.000,0.000,0.000,0.000,0.000,-0.019,-0.025
106.03,0.105,0,0.387,0.436,1,0.000,0.000,0.000,0.000,0.000,0.000,-0.022,-0.032
106.23,0.105,0,0.400,0.437,1,0.000,0.000,0.000,0.000,0.000,0.000,-0.030,-0.013
106.43,0.105,0,0.400,0.437,1,0.000,0.000,0.000,0.000,0.000,0.000,-0.028,-0.011
106.63,0.105,0,0.389,0.437,1,0.000,0.000,0.000,0.000,0.000,0.000,-0.028,-0.011
106.83,0.105,0,0.389,0.437,1,0.000,0.000,0.000,0.000,0.000,0.000,-0.025,-0.026
107.03,0.105,0,0.389,0.437,1,0.000,0.000,0.000,0.000,0.000,0.000,-0.017,-0.011
107.23,0.105,0,0.398,0.435,1,0.000,0.000,0.000,0.000,0.000,0.000,-0.028,-0.024
107.43,0.105,0,0.398,0.435,1,0.000,0.000,0.000,0.000,0.000,0.000,-0.024,-0.015
107.63,0.106,0,0.392,0.436,1,0.000,0.000,0.000,0.000,0.000,0.000,-0.024,-0.015
107.83,0.105,0,0.392,0.436,1,0.000,0.000,0.000,0.000,0.000,0.000,-0.024,-0.016
108.03,0.105,0,0.392,0.436,1,0.000,0.000,0.000,0.000,0.000,0.000,-0.018,-0.014
108.23,0.105,0,0.403,0.436,1,0.000,0.000,0.000,0.000,0.000,0.000,-0.028,-0.025
108.43,0.105,0,0.403,0.436,1,0.000,0.000,0.000,0.000,0.000,0.000,-0.027,-0.025
108.63,0.105,0,0.390,0.436,1,0.000,0.000,0.000,0.000,0.000,0.000,-0.027,-0.025
108.83,0.106,0,0.390,0.436,1,0.000,0.000,0.000,0.000,0.000,0.000,-0.019,-0.018
109.03,0.105,0,0.390,0.436,1,0.000,0.000,0.000,0.000,0.000,0.000,-0.016,-0.015
109.23,0.106,0,0.398,0.436,1,0.000,0.000,0.000,0.000,0.000,0.000,-0.025,-0.024
109.43,0.106,0,0.398,0.436,1,0.000,0.000,0.000,0.000,0.000,0.000,-0.020,-0.031
109.63,0.106,0,0.395,0.436,1,0.000,0.000,0.000,0.000,0.000,0.000,-0.020,-0.014
109.83,0.106,0,0.395,0.436,1,0.000,0.000,0.000,0.000,0.000,0.000,-0.020,-0.014
110.03,0.106,0,0.395,0.436,1,0.000,0.000,0.000,0.000,0.000,0.000,-0.024,-0.022
110.23,0.105,0,0.386,0.436,1,0.000,0.000,0.000,0.000,0.000,0.000,-0.025,-0.017
110.43,0.105,0,0.386,0.436,1,0.000,0.000,0.000,0.000,0.000,0.000,-0.024,-0.017
110.63,0.105,0,0.388,0.436,1,0.000,0.000,0.000,0.000,0.000,0.000,-0.024,-0.023
110.83,0.105,0,0.388,0.436,1,0.000,0.000,0.000,0.000,0.000,0.000,-0.024,-0.023
111.03,0.105,0,0.388,0.436,1,0.000,0.000,0.000,0.000,0.000,0.000,-0.026,-0.025
111.23,0.105,0,0.390,0.436,1,0.000,0.000,0.000,0.000,0.000,0.000,-0.024,-0.021
111.43,0.105,0,0.390,0.436,1,0.000,0.000,0.000,0.000,0.000,0.000,-0.024,-0.008
111.63,0.105,0,0.390,0.436,1,0.000,0.000,0.000,0.000,0.000,0.000,-0.026,-0.012
111.83,0.105,0,0.390,0.436,1,0.000,0.000,0.000,0.000,0.000,0.000,-0.026,-0.012
112.03,0.105,0,0.390,0.436,1,0.000,0.000,0.000,0.000,0.000,0.000,-0.026,-0.026
112.23,0.106,0,0.384,0.436,1,0.000,0.000,0.000,0.000,0.000,0.000,-0.034,-0.022
112.43,0.105,0,0.384,0.436,1,0.000,0.000,0.000,0.000,0.000,0.000,-0.020,-0.015
112.63,0.105,0,0.399,0.436,1,0.000,0.000,0.000,0.000,0.000,0.000,-0.028,-0.013
112.83,0.105,0,0.399,0.436,1,0.000,0.000,0.000,0.000,0.000,0.000,-0.028,-0.013
113.03,0.105,0,0.399,0.436,1,0.000,0.000,0.000,0.000,0.000,0.000,-0.027,-0.016
113.23,0.105,0,0.398,0.436,1,0.000,0.000,0.000,0.000,0.000,0.000,-0.027,-0.016
113.43,0.105,0,0.398,0.436,1,0.000,0.000,0.000,0.000,0.000,0.000,-0.027,-0.018
113.63,0.105,0,0.390,0.436,1,0.000,0.000,0.000,0.000,0.000,0.000,-0.030,-0.021
113.83,0.106,0,0.390,0.436,1,0.000,0.000,0.000,0.000,0.000,0.000,-0.030,-0.021
114.03,0.105,0,0.390,0.436,1,0.000,0.000,0.000,0.000,0.000,0.000,-0.029,-0.025
114.23,0.105,0,0.390,0.436,1,0.000,0.000,0.000,0.000,0.000,0.000,-0.019,-0.019
114.43,0.105,0,0.390,0.436,1,0.000,0.000,0.000,0.000,0.000,0.000,-0.020,-0.016
114.63,0.105,0,0.386,0.436,1,0.000,0.000,0.000,0.000,0.000,0.000,-0.029,-0.017
114.83,0.105,0,0.386,0.436,1,0.000,0.000,0.000,0.000,0.000,0.000,-0.029,-0.017
115.03,0.105,0,0.386,0.436,1,0.000,0.000,0.000,0.000,0.000,0.000,-0.027,-0.018
115.23,0.105,0,0.394,0.436,1,0.000,0.000,0.000,0.000,0.000,0.000,-0.023,-0.018
115.43,0.105,0,0.394,0.436,1,0.000,0.000,0.000,0.000,0.000,0.000,-0.029,-0.022
115.63,0.105,0,0.384,0.436,1,0.000,0.000,0.000,0.000,0.000,0.000,-0.032,-0.023
115.83,0.106,0,0.384,0.436,1,0.000,0.000,0.000,0.000,0.000,0.000,-0.032,-0.023
116.03,0.105,0,0.384,0.436,1,0.000,0.000,0.000,0.000,0.000,0.000,-0.027,-0.013
116.23,0.106,0,0.383,0.436,1,0.000,0.000,0.000,0.000,0.000,0.000,-0.022,-0.007
116.43,0.105,0,0.383,0.436,1,0.000,0.000,0.000,0.000,0.000,0.000,-0.029,-0.023
116.63,0.105,0,0.389,0.436,1,0.000,0.000,0.000,0.000,0.000,0.000,-0.029,-0.013
116.83,0.106,0,0.389,0.436,1,0.000,0.000,0.000,0.000,0.000,0.000,-0.029,-0.013
117.03,0.106,0,0.389,0.436,1,0.000,0.000,0.000,0.000,0.000,0.000,-0.026,-0.022
117.23,0.105,0,0.403,0.436,1,0.000,0.000,0.000,0.000,0.000,0.000,-0.028,-0.017
117.43,0.106,0,0.403,0.436,1,0.000,0.000,0.000,0.000,0.000,0.000,-0.037,-0.015
117.63,0.106,0,0.399,0.436,1,0.000,0.000,0.000,0.000,0.000,0.000,-0.035,-0.024
117.83,0.105,0,0.399,0.436,1,0.000,0.000,0.000,0.000,0.000,0.000,-0.035,-0.024
118.03,0.105,0,0.399,0.436,1,0.000,0.000,0.000,0.000,0.000,0.000,-0.024,-0.019
118.23,0.102,0,0.390,0.436,1,0.000,0.000,0.000,0.000,0.000,0.000,-0.027,-0.023
118.43,0.105,0,0.390,0.436,1,0.000,0.000,0.000,0.000,0.000,0.000,-0.027,-0.015
118.63,0.105,0,0.389,0.437,1,0.000,0.000,0.000,0.000,0.000,0.000,-0.032,-0.023
118.83,0.106,0,0.389,0.437,1,0.000,0.000,0.000,0.000,0.000,0.000,-0.032,-0.023
119.03,0.106,0,0.389,0.437,1,0.000,0.000,0.000,0.000,0.000,0.000,-0.031,-0.014
119.23,0.105,0,0.384,0.436,1,0.000,0.000,0.000,0.000,0.000,0.000,-0.028,-0.024
119.43,0.105,0,0.384,0.436,1,0.000,0.000,0.000,0.000,0.000,0.000,-0.029,-0.024
119.63,0.105,0,0.389,0.436,1,0.000,0.000,0.000,0.000,0.000,0.000,-0.027,-0.022
119.83,0.105,0,0.389,0.436,1,0.000,0.000,0.000,0.000,0.000,0.000,-0.033,-0.024
120.03,0.105,0,0.389,0.436,1,0.000,0.000,0.000,0.000,0.000,0.000,-0.033,-0.024
120.23,0.105,0,0.388,0.435,1,0.000,0.000,0.000,0.000,0.000,0.000,-0.032,-0.015
120.43,0.105,0,0.388,0.435,1,0.000,0.000,0.000,0.000,0.000,0.000,-0.028,-0.012
120.63,0.106,0,0.390,0.436,1,0.000,0.000,0.000,0.000,0.000,0.000,-0.029,-0.010
120.83,0.106,0,0.390,0.436,1,0.000,0.000,0.000,0.000,0.000,0.000,-0.026,-0.009
121.03,0.105,0,0.390,0.436,1,0.000,0.000,0.000,0.000,0.000,0.000,-0.026,-0.009
121.23,0.105,0,0.384,0.436,1,0.000,0.000,0.000,0.000,0.000,0.000,-0.031,-0.008
121.43,0.105,0,0.384,0.436,1,0.000,0.000,0.000,0.000,0.000,0.000,-0.029,-0.016
121.63,0.105,0,0.401,0.436,1,0.000,0.000,0.000,0.000,0.000,0.000,-0.030,-0.017
121.83,0.105,0,0.401,0.436,1,0.000,0.000,0.000,0.000,0.000,0.000,-0.029,-0.011
122.03,0.105,0,0.401,0.436,1,0.000,0.000,0.000,0.000,0.000,0.000,-0.029,-0.011
122.23,0.106,0,0.390,0.436,1,0.000,0.000,0.000,0.000,0.000,0.000,-0.031,-0.013
122.43,0.105,0,0.390,0.436,1,0.000,0.000,0.000,0.000,0.000,0.000,-0.029,-0.007
122.63,0.105,0,0.399,0.436,1,0.000,0.000,0.000,0.000,0.000,0.000,-0.025,-0.009
122.83,0.105,0,0.399,0.436,1,0.000,0.000,0.000,0.000,0.000,0.000,-0.028,-0.013
123.03,0.105,0,0.399,0.436,1,0.000,0.000,0.000,0.000,0.000,0.000,-0.028,-0.013
123.23,0.105,0,0.403,0.437,1,0.000,0.000,0.000,0.000,0.000,0.000,-0.030,-0.013
123.43,0.105,0,0.403,0.437,1,0.000,0.000,0.000,0.000,0.000,0.000,-0.030,-0.023
123.63,0.105,0,0.388,0.436,1,0.000,0.000,0.000,0.000,0.000,0.000,-0.030,-0.018
123.83,0.105,0,0.388,0.436,1,0.000,0.000,0.000,0.000,0.000,0.000,-0.033,-0.023
124.03,0.105,0,0.388,0.436,1,0.000,0.000,0.000,0.000,0.000,0.000,-0.033,-0.023
124.23,0.106,0,0.387,0.437,1,0.000,0.000,0.000,0.000,0.000,0.000,-0.028,-0.015
124.43,0.105,0,0.387,0.437,1,0.000,0.000,0.000,0.000,0.000,0.000,-0.029,-0.021
124.63,0.106,0,0.389,0.436,1,0.000,0.000,0.000,0.000,0.000,0.000,-0.033,-0.014
124.83,0.106,0,0.389,0.436,1,0.000,0.000,0.000,0.000,0.000,0.000,-0.030,-0.017
125.03,0.105,0,0.389,0.436,1,0.000,0.000,0.000,0.000,0.000,0.000,-0.030,-0.017
125.23,0.105,0,0.388,0.436,1,0.000,0.000,0.000,0.000,0.000,0.000,-0.025,-0.016
125.43,0.105,0,0.388,0.436,1,0.000,0.000,0.000,0.000,0.000,0.000,-0.025,-0.016
125.63,0.105,0,0.388,0.436,1,0.000,0.000,0.000,0.000,0.000,0.000,-0.025,-0.016
125.83,0.105,0,0.388,0.436,1,0.000,0.000,0.000,0.000,0.000,0.000,-0.029,-0.011
126.03,0.106,0,0.388,0.436,1,0.000,0.000,0.000,0.000,0.000,0.000,-0.029,-0.011
126.23,0.105,0,0.388,0.436,1,0.000,0.000,0.000,0.000,0.000,0.000,-0.035,-0.013
126.43,0.105,0,0.388,0.436,1,0.000,0.000,0.000,0.000,0.000,0.000,-0.031,-0.011
126.63,0.105,0,0.387,0.436,1,0.000,0.000,0.000,0.000,0.000,0.000,-0.035,-0.014
126.83,0.105,0,0.387,0.436,1,0.000,0.000,0.000,0.000,0.000,0.000,-0.034,-0.020
127.03,0.106,0,0.387,0.436,1,0.000,0.000,0.000,0.000,0.000,0.000,-0.034,-0.020
127.23,0.105,0,0.387,0.436,1,0.000,0.000,0.000,0.000,0.000,0.000,-0.032,-0.021
127.43,0.106,0,0.387,0.436,1,0.000,0.000,0.000,0.000,0.000,0.000,-0.029,-0.016
127.63,0.105,0,0.390,0.436,1,0.000,0.000,0.000,0.000,0.000,0.000,-0.024,-0.010
127.83,0.105,0,0.390,0.436,1,0.000,0.000,0.000,0.000,0.000,0.000,-0.022,-0.026
128.03,0.105,0,0.390,0.436,1,0.000,0.000,0.000,0.000,0.000,0.000,-0.022,-0.026
128.23,0.105,0,0.386,0.436,1,0.000,0.000,0.000,0.000,0.000,0.000,-0.024,-0.022
128.43,0.105,0,0.386,0.436,1,0.000,0.000,0.000,0.000,0.000,0.000,-0.030,-0.025
128.63,0.106,0,0.386,0.436,1,0.000,0.000,0.000,0.000,0.000,0.000,-0.023,-0.020
128.83,0.106,0,0.386,0.436,1,0.000,0.000,0.000,0.000,0.000,0.000,-0.023,-0.010
129.03,0.106,0,0.386,0.436,1,0.000,0.000,0.000,0.000,0.000,0.000,-0.023,-0.010
129.23,0.104,0,0.389,0.436,1,0.000,0.000,0.000,0.000,0.000,0.000,-0.026,-0.018
129.43,0.105,0,0.389,0.436,1,0.000,0.000,0.000,0.000,0.000,0.000,-0.027,-0.020
129.63,0.105,0,0.404,0.436,1,0.000,0.000,0.000,0.000,0.000,0.000,-0.024,-0.017
129.83,0.105,0,0.404,0.436,1,0.000,0.000,0.000,0.000,0.000,0.000,-0.024,-0.025
130.03,0.106,0,0.404,0.436,1,0.000,0.000,0.000,0.000,0.000,0.000,-0.024,-0.025
130.23,0.105,0,0.390,0.436,1,0.000,0.000,0.000,0.000,0.000,0.000,-0.029,-0.020
130.43,0.105,0,0.390,0.436,1,0.000,0.000,0.000,0.000,0.000,0.000,-0.026,-0.022
130.63,0.106,0,0.386,0.436,1,0.000,0.000,0.000,0.000,0.000,0.000,-0.022,-0.020
130.83,0.106,0,0.386,0.436,1,0.000,0.000,0.000,0.000,0.000,0.000,-0.026,-0.026
131.03,0.105,0,0.386,0.436,1,0.000,0.000,0.000,0.000,0.000,0.000,-0.026,-0.026
131.23,0.105,0,0.385,0.436,1,0.000,0.000,0.000,0.000,0.000,0.000,-0.031,-0.024
131.43,0.105,0,0.385,0.436,1,0.000,0.000,0.000,0.000,0.000,0.000,-0.030,-0.026
131.63,0.105,0,0.383,0.436,1,0.000,0.000,0.000,0.000,0.000,0.000,-0.023,-0.023
131.83,0.105,0,0.383,0.436,1,0.000,0.000,0.000,0.000,0.000,0.000,-0.022,-0.016
132.03,0.105,0,0.383,0.436,1,0.000,0.000,0.000,0.000,0.000,0.000,-0.022,-0.016
132.23,0.106,0,0.387,0.434,1,0.000,0.000,0.000,0.000,0.000,0.000,-0.068,-0.015
132.43,0.106,0,0.387,0.434,1,0.000,0.000,0.000,0.000,0.000,0.000,-0.065,-0.031
132.63,0.377,0,0.388,0.428,1,0.000,0.000,0.000,0.000,0.000,0.000,-0.034,-0.025
132.83,0.377,0,0.388,0.428,1,0.000,0.000,0.000,0.000,0.000,0.000,-0.027,-0.024
133.03,0.375,0,0.388,0.428,1,0.000,0.000,0.000,0.000,0.000,0.000,-0.027,-0.024
133.23,0.377,0,0.388,0.427,1,0.000,0.000,0.000,0.000,0.000,0.000,-0.022,-0.019
133.43,0.377,0,0.388,0.427,1,0.000,0.000,0.000,0.000,0.000,0.000,0.021,-0.010
133.63,0.106,0,0.397,0.432,1,0.000,0.000,0.000,0.000,0.000,0.000,-0.002,-0.020
133.83,0.105,0,0.397,0.432,1,0.000,0.000,0.000,0.000,0.000,0.000,-0.009,-0.007
134.03,0.105,0,0.397,0.432,1,0.000,0.000,0.000,0.000,0.000,0.000,-0.000,-0.014
134.23,0.105,0,0.397,0.434,1,0.000,0.000,0.000,0.000,0.000,0.000,-0.000,-0.014
134.43,0.105,0,0.397,0.434,1,0.000,0.000,0.000,0.000,0.000,0.000,-0.004,-0.013
134.63,0.105,0,0.387,0.437,1,0.000,0.000,0.000,0.000,0.000,0.000,-0.000,-0.004
134.83,0.106,0,0.387,0.437,1,0.000,0.000,0.000,0.000,0.000,0.000,-0.007,0.021
135.03,0.106,0,0.387,0.437,1,0.000,0.000,0.000,0.000,0.000,0.000,-0.009,0.017
135.23,0.105,0,0.384,0.439,1,0.000,0.000,0.000,0.000,0.000,0.000,-0.009,0.017
135.43,0.105,0,0.384,0.439,1,0.000,0.000,0.000,0.000,0.000,0.000,-0.015,0.002
135.63,0.106,0,0.386,0.439,1,0.000,0.000,0.000,0.000,0.000,0.000,-0.015,0.018
135.83,0.105,0,0.386,0.439,1,0.000,0.000,0.000,0.000,0.000,0.000,-0.013,0.009
136.03,0.105,0,0.386,0.439,1,0.000,0.000,0.000,0.000,0.000,0.000,-0.010,-0.005
136.23,0.104,0,0.382,0.439,1,0.000,0.000,0.000,0.000,0.000,0.000,-0.010,-0.005
136.43,0.105,0,0.382,0.439,1,0.000,0.000,0.000,0.000,0.000,0.000,-0.010,0.001
136.63,0.105,0,0.397,0.439,1,0.000,0.000,0.000,0.000,0.000,0.000,-0.015,0.006
136.83,0.105,0,0.397,0.439,1,0.000,0.000,0.000,0.000,0.000,0.000,-0.016,-0.000
137.03,0.105,0,0.397,0.439,1,0.000,0.000,0.000,0.000,0.000,0.000,-0.016,-0.002
137.23,0.106,0,0.385,0.439,1,0.000,0.000,0.000,0.000,0.000,0.000,-0.016,-0.002
137.43,0.105,0,0.385,0.439,1,0.000,0.000,0.000,0.000,0.000,0.000,-0.015,0.000
137.63,0.105,0,0.397,0.439,1,0.000,0.000,0.000,0.000,0.000,0.000,-0.012,0.014
137.83,0.105,0,0.397,0.439,1,0.000,0.000,0.000,0.000,0.000,0.000,-0.015,0.020
138.03,0.105,0,0.397,0.439,1,0.000,0.000,0.000,0.000,0.000,0.000,-0.019,0.022
138.23,0.106,0,0.385,0.439,1,0.000,0.000,0.000,0.000,0.000,0.000,-0.019,0.022
138.43,0.105,0,0.385,0.439,1,0.000,0.000,0.000,0.000,0.000,0.000,-0.012,0.010
138.63,0.105,0,0.397,0.439,1,0.000,0.000,0.000,0.000,0.000,0.000,-0.016,0.001
138.83,0.105,0,0.397,0.439,1,0.000,0.000,0.000,0.000,0.000,0.000,-0.012,0.010
139.03,0.105,0,0.397,0.439,1,0.000,0.000,0.000,0.000,0.000,0.000,-0.014,-0.000
139.23,0.105,0,0.382,0.439,1,0.000,0.000,0.000,0.000,0.000,0.000,-0.014,-0.000
139.43,0.105,0,0.382,0.439,1,0.000,0.000,0.000,0.000,0.000,0.000,-0.012,0.009
139.63,0.105,0,0.381,0.439,1,0.000,0.000,0.000,0.000,0.000,0.000,-0.013,0.016
139.83,0.105,0,0.381,0.439,1,0.000,0.000,0.000,0.000,0.000,0.000,-0.011,0.011
140.03,0.105,0,0.381,0.439,1,0.000,0.000,0.000,0.000,0.000,0.000,-0.012,0.015
140.23,0.106,0,0.383,0.439,1,0.000,0.000,0.000,0.000,0.000,0.000,-0.012,0.015
140.43,0.105,0,0.383,0.439,1,0.000,0.000,0.000,0.000,0.000,0.000,-0.017,0.003
140.63,0.105,0,0.397,0.439,1,0.000,0.000,0.000,0.000,0.000,0.000,-0.017,0.003
140.83,0.105,0,0.397,0.439,1,0.000,0.000,0.000,0.000,0.000,0.000,-0.018,-0.007
141.03,0.105,0,0.397,0.439,1,0.000,0.000,0.000,0.000,0.000,0.000,-0.014,0.003
141.23,0.105,0,0.383,0.439,1,0.000,0.000,0.000,0.000,0.000,0.000,-0.014,0.003
141.43,0.105,0,0.383,0.439,1,0.000,0.000,0.000,0.000,0.000,0.000,-0.015,0.011
141.63,0.105,0,0.389,0.442,1,0.000,0.000,0.000,0.000,0.000,0.000,0.013,0.009
141.83,0.105,0,0.389,0.442,1,0.000,0.000,0.000,0.000,0.000,0.000,0.021,0.046
142.03,0.105,0,0.389,0.442,1,0.000,0.000,0.000,0.000,0.000,0.000,-0.015,0.042
142.23,0.105,0,0.387,0.455,1,0.000,0.000,0.000,0.000,0.000,0.000,-0.015,0.042
142.43,0.106,0,0.387,0.455,1,0.000,0.000,0.000,0.000,0.000,0.000,-0.011,0.031
142.63,0.106,0,0.391,0.483,1,0.000,0.000,0.000,0.000,0.000,0.000,-0.014,0.011
142.83,0.105,0,0.391,0.483,1,0.000,0.000,0.000,0.000,0.000,0.000,-0.028,0.017
143.03,0.105,0,0.391,0.483,1,0.000,0.000,0.000,0.000,0.000,0.000,-0.027,-0.008
143.23,0.105,0,0.389,0.449,1,0.000,0.000,0.000,0.000,0.000,0.000,-0.027,-0.008
143.43,0.105,0,0.389,0.449,1,0.000,0.000,0.000,0.000,0.000,0.000,-0.047,-0.004
143.63,0.106,0,0.402,0.443,1,0.000,0.000,0.000,0.000,0.000,0.000,-0.016,0.000
143.83,0.105,0,0.402,0.443,1,0.000,0.000,0.000,0.000,0.000,0.000,-0.023,0.001
144.03,0.105,0,0.402,0.443,1,0.000,0.000,0.000,0.000,0.000,0.000,-0.015,-0.003
144.23,0.106,0,0.386,0.443,1,0.000,0.000,0.000,0.000,0.000,0.000,-0.015,-0.003
144.43,0.105,0,0.386,0.443,1,0.000,0.000,0.000,0.000,0.000,0.000,-0.014,0.003
144.63,0.102,0,0.398,0.443,1,0.000,0.000,0.000,0.000,0.000,0.000,-0.016,0.002
144.83,0.105,0,0.398,0.443,1,0.000,0.000,0.000,0.000,0.000,0.000,-0.013,-0.008
145.03,0.105,0,0.398,0.443,1,0.000,0.000,0.000,0.000,0.000,0.000,-0.019,-0.009
145.23,0.105,0,0.395,0.443,1,0.000,0.000,0.000,0.000,0.000,0.000,-0.019,-0.009
145.43,0.106,0,0.395,0.443,1,0.000,0.000,0.000,0.000,0.000,0.000,-0.020,-0.006
145.63,0.104,0,0.390,0.443,1,0.000,0.000,0.000,0.000,0.000,0.000,-0.018,-0.011
145.83,0.105,0,0.390,0.443,1,0.000,0.000,0.000,0.000,0.000,0.000,-0.018,-0.021
146.03,0.105,0,0.390,0.443,1,0.000,0.000,0.000,0.000,0.000,0.000,-0.019,-0.014
146.23,0.105,0,0.390,0.443,1,0.000,0.000,0.000,0.000,0.000,0.000,-0.019,-0.014
146.43,0.106,0,0.390,0.443,1,0.000,0.000,0.000,0.000,0.000,0.000,-0.016,-0.001
146.63,0.105,0,0.394,0.443,1,0.000,0.000,0.000,0.000,0.000,0.000,-0.015,0.002
146.83,0.105,0,0.394,0.443,1,0.000,0.000,0.000,0.000,0.000,0.000,-0.020,-0.005
147.03,0.105,0,0.394,0.443,1,0.000,0.000,0.000,0.000,0.000,0.000,-0.015,-0.007
147.23,0.105,0,2.565,0.443,0,0.000,0.000,0.000,0.000,0.000,0.000,-0.015,-0.007
147.43,0.104,0,2.565,0.443,0,0.000,0.000,0.000,0.000,0.000,0.000,-0.017,0.007
147.63,0.105,0,0.395,0.443,1,0.000,0.000,0.000,0.000,0.000,0.000,-0.020,-0.000
147.83,0.106,0,0.395,0.443,1,0.000,0.000,0.000,0.000,0.000,0.000,-0.021,-0.001
148.03,0.106,0,0.395,0.443,1,0.000,0.000,0.000,0.000,0.000,0.000,-0.014,0.010
148.23,0.105,0,0.396,0.443,1,0.000,0.000,0.000,0.000,0.000,0.000,-0.014,0.010
148.43,0.105,0,0.396,0.443,1,0.000,0.000,0.000,0.000,0.000,0.000,-0.020,-0.002
148.63,0.105,0,2.571,0.443,0,0.000,0.000,0.000,0.000,0.000,0.000,-0.019,-0.007
148.83,0.105,0,2.571,0.443,0,0.000,0.000,0.000,0.000,0.000,0.000,-0.016,-0.008
149.03,0.105,0,2.571,0.443,0,0.000,0.000,0.000,0.000,0.000,0.000,-0.012,-0.000
149.23,0.105,0,0.387,0.443,1,0.000,0.000,0.000,0.000,0.000,0.000,-0.012,-0.000
149.43,0.105,0,0.387,0.443,1,0.000,0.000,0.000,0.000,0.000,0.000,-0.025,-0.014
149.63,0.106,0,0.385,0.443,1,0.000,0.000,0.000,0.000,0.000,0.000,-0.019,-0.003
149.83,0.105,0,0.385,0.443,1,0.000,0.000,0.000,0.000,0.000,0.000,-0.019,-0.017
150.03,0.105,0,0.385,0.443,1,0.000,0.000,0.000,0.000,0.000,0.000,-0.019,-0.014
150.23,0.105,0,0.401,0.443,1,0.000,0.000,0.000,0.000,0.000,0.000,-0.019,-0.014
150.43,0.105,0,0.401,0.443,1,0.000,0.000,0.000,0.000,0.000,0.000,-0.023,-0.004
150.63,0.105,0,0.387,0.443,1,0.000,0.000,0.000,0.000,0.000,0.000,-0.021,-0.016
150.83,0.105,0,0.387,0.443,1,0.000,0.000,0.000,0.000,0.000,0.000,-0.013,-0.007
151.03,0.105,0,0.387,0.443,1,0.000,0.000,0.000,0.000,0.000,0.000,-0.024,-0.006
151.23,0.105,0,0.387,0.443,1,0.000,0.000,0.000,0.000,0.000,0.000,-0.024,-0.006
151.43,0.105,0,0.387,0.443,1,0.000,0.000,0.000,0.000,0.000,0.000,-0.016,0.000
151.63,0.105,0,0.398,0.443,1,0.000,0.000,0.000,0.000,0.000,0.000,-0.021,-0.010
151.83,0.105,0,0.398,0.443,1,0.000,0.000,0.000,0.000,0.000,0.000,-0.016,-0.015
152.03,0.105,0,0.398,0.443,1,0.000,0.000,0.000,0.000,0.000,0.000,-0.019,-0.022
152.23,0.105,0,0.392,0.443,1,0.000,0.000,0.000,0.000,0.000,0.000,-0.019,-0.022
152.43,0.105,0,0.392,0.443,1,0.000,0.000,0.000,0.000,0.000,0.000,-0.018,-0.003
152.63,0.105,0,0.387,0.443,1,0.000,0.000,0.000,0.000,0.000,0.000,-0.015,-0.013
152.83,0.105,0,0.387,0.443,1,0.000,0.000,0.000,0.000,0.000,0.000,-0.012,-0.018
153.03,0.105,0,0.387,0.443,1,0.000,0.000,0.000,0.000,0.000,0.000,-0.011,-0.009
153.23,0.105,0,0.391,0.443,1,0.000,0.000,0.000,0.000,0.000,0.000,-0.011,-0.009
153.43,0.105,0,0.391,0.443,1,0.000,0.000,0.000,0.000,0.000,0.000,-0.012,-0.009
153.63,0.105,0,0.399,0.443,1,0.000,0.000,0.000,0.000,0.000,0.000,-0.006,-0.011
153.83,0.105,0,0.399,0.443,1,0.000,0.000,0.000,0.000,0.000,0.000,-0.019,-0.019
154.03,0.105,0,0.399,0.443,1,0.000,0.000,0.000,0.000,0.000,0.000,-0.018,-0.020
154.23,0.105,0,0.390,0.443,1,0.000,0.000,0.000,0.000,0.000,0.000,-0.018,-0.020
154.43,0.105,0,0.390,0.443,1,0.000,0.000,0.000,0.000,0.000,0.000,-0.017,-0.015
154.63,0.105,0,0.386,0.443,1,0.000,0.000,0.000,0.000,0.000,0.000,-0.013,-0.014
154.83,0.105,0,0.386,0.443,1,0.000,0.000,0.000,0.000,0.000,0.000,-0.014,-0.023
155.03,0.105,0,0.386,0.443,1,0.000,0.000,0.000,0.000,0.000,0.000,-0.016,-0.022
155.23,0.105,0,0.386,0.443,1,0.000,0.000,0.000,0.000,0.000,0.000,-0.016,-0.022
155.43,0.105,0,0.386,0.443,1,0.000,0.000,0.000,0.000,0.000,0.000,-0.017,-0.016
155.63,0.105,0,0.386,0.443,1,0.000,0.000,0.000,0.000,0.000,0.000,-0.016,-0.028
155.83,0.105,0,0.386,0.443,1,0.000,0.000,0.000,0.000,0.000,0.000,-0.019,-0.023
156.03,0.105,0,0.386,0.443,1,0.000,0.000,0.000,0.000,0.000,0.000,-0.022,-0.030
156.23,0.105,0,0.387,0.443,1,0.000,0.000,0.000,0.000,0.000,0.000,-0.022,-0.030
156.43,0.106,0,0.387,0.443,1,0.000,0.000,0.000,0.000,0.000,0.000,-0.014,-0.021
156.63,0.106,0,0.391,0.443,1,0.000,0.000,0.000,0.000,0.000,0.000,-0.016,-0.024
156.83,0.105,0,0.391,0.443,1,0.000,0.000,0.000,0.000,0.000,0.000,-0.014,-0.008
157.03,0.105,0,0.391,0.443,1,0.000,0.000,0.000,0.000,0.000,0.000,-0.013,-0.026
157.23,0.105,0,0.398,0.443,1,0.000,0.000,0.000,0.000,0.000,0.000,-0.013,-0.026
157.43,0.105,0,0.398,0.443,1,0.000,0.000,0.000,0.000,0.000,0.000,-0.020,-0.024
157.63,0.106,0,0.392,0.443,1,0.000,0.000,0.000,0.000,0.000,0.000,-0.018,-0.025
157.83,0.105,0,0.392,0.443,1,0.000,0.000,0.000,0.000,0.000,0.000,-0.018,-0.024
158.03,0.105,0,0.392,0.443,1,0.000,0.000,0.000,0.000,0.000,0.000,-0.016,-0.018
158.23,0.106,0,0.386,0.443,1,0.000,0.000,0.000,0.000,0.000,0.000,-0.016,-0.018
158.43,0.105,0,0.386,0.443,1,0.000,0.000,0.000,0.000,0.000,0.000,-0.012,-0.022
158.63,0.106,0,0.384,0.443,1,0.000,0.000,0.000,0.000,0.000,0.000,-0.017,-0.012
158.83,0.106,0,0.384,0.443,1,0.000,0.000,0.000,0.000,0.000,0.000,-0.014,-0.021
159.03,0.106,0,0.384,0.443,1,0.000,0.000,0.000,0.000,0.000,0.000,-0.016,-0.025
159.23,0.105,0,0.384,0.443,1,0.000,0.000,0.000,0.000,0.000,0.000,-0.016,-0.025
159.43,0.105,0,0.384,0.443,1,0.000,0.000,0.000,0.000,0.000,0.000,-0.017,-0.026
159.63,0.105,0,0.385,0.443,1,0.000,0.000,0.000,0.000,0.000,0.000,-0.014,-0.019
159.83,0.105,0,0.385,0.443,1,0.000,0.000,0.000,0.000,0.000,0.000,-0.015,-0.014
160.03,0.105,0,0.385,0.443,1,0.000,0.000,0.000,0.000,0.000,0.000,-0.019,-0.020
160.23,0.106,0,0.386,0.443,1,0.000,0.000,0.000,0.000,0.000,0.000,-0.019,-0.020
160.43,0.105,0,0.386,0.443,1,0.000,0.000,0.000,0.000,0.000,0.000,-0.015,-0.021
160.63,0.105,0,0.383,0.443,1,0.000,0.000,0.000,0.000,0.000,0.000,-0.021,-0.027
160.83,0.106,0,0.383,0.443,1,0.000,0.000,0.000,0.000,0.000,0.000,-0.015,-0.020
161.03,0.106,0,0.383,0.443,1,0.000,0.000,0.000,0.000,0.000,0.000,-0.016,-0.029
161.23,0.105,0,0.387,0.443,1,0.000,0.000,0.000,0.000,0.000,0.000,-0.016,-0.029
161.43,0.106,0,0.387,0.443,1,0.000,0.000,0.000,0.000,0.000,0.000,-0.016,-0.020
161.63,0.105,0,0.385,0.443,1,0.000,0.000,0.000,0.000,0.000,0.000,-0.019,-0.027
161.83,0.105,0,0.385,0.443,1,0.000,0.000,0.000,0.000,0.000,0.000,-0.020,-0.030
162.03,0.105,0,0.385,0.443,1,0.000,0.000,0.000,0.000,0.000,0.000,-0.023,-0.019
162.23,0.105,0,0.386,0.443,1,0.000,0.000,0.000,0.000,0.000,0.000,-0.023,-0.019
162.43,0.105,0,0.386,0.443,1,0.000,0.000,0.000,0.000,0.000,0.000,-0.020,-0.024
162.63,0.105,0,0.385,0.443,1,0.000,0.000,0.000,0.000,0.000,0.000,-0.021,-0.023
162.83,0.106,0,0.385,0.443,1,0.000,0.000,0.000,0.000,0.000,0.000,-0.011,-0.016
163.03,0.106,0,0.385,0.443,1,0.000,0.000,0.000,0.000,0.000,0.000,-0.020,-0.014
163.23,0.105,0,0.384,0.443,1,0.000,0.000,0.000,0.000,0.000,0.000,-0.020,-0.014
163.43,0.105,0,0.384,0.443,1,0.000,0.000,0.000,0.000,0.000,0.000,-0.015,-0.027
163.63,0.106,0,0.387,0.443,1,0.000,0.000,0.000,0.000,0.000,0.000,-0.025,-0.030
163.83,0.105,0,0.387,0.443,1,0.000,0.000,0.000,0.000,0.000,0.000,-0.015,-0.017
164.03,0.105,0,0.387,0.443,1,0.000,0.000,0.000,0.000,0.000,0.000,-0.018,-0.029
164.23,0.106,0,0.386,0.443,1,0.000,0.000,0.000,0.000,0.000,0.000,-0.018,-0.029
164.43,0.105,0,0.386,0.443,1,0.000,0.000,0.000,0.000,0.000,0.000,-0.019,-0.024
164.63,0.106,0,0.390,0.443,1,0.000,0.000,0.000,0.000,0.000,0.000,-0.014,-0.033
164.83,0.106,0,0.390,0.443,1,0.000,0.000,0.000,0.000,0.000,0.000,-0.020,-0.026
165.03,0.106,0,0.390,0.443,1,0.000,0.000,0.000,0.000,0.000,0.000,-0.016,-0.010
165.23,0.105,0,0.391,0.443,1,0.000,0.000,0.000,0.000,0.000,0.000,-0.016,-0.010
165.43,0.106,0,0.391,0.443,1,0.000,0.000,0.000,0.000,0.000,0.000,-0.016,-0.024
165.63,0.105,0,0.386,0.443,1,0.000,0.000,0.000,0.000,0.000,0.000,-0.015,-0.032
165.83,0.105,0,0.386,0.443,1,0.000,0.000,0.000,0.000,0.000,0.000,-0.018,-0.025
166.03,0.105,0,0.386,0.443,1,0.000,0.000,0.000,0.000,0.000,0.000,-0.018,-0.033
166.23,0.105,0,0.385,0.443,1,0.000,0.000,0.000,0.000,0.000,0.000,-0.018,-0.033
166.43,0.105,0,0.385,0.443,1,0.000,0.000,0.000,0.000,0.000,0.000,-0.016,-0.027
166.63,0.105,0,0.387,0.443,1,0.000,0.000,0.000,0.000,0.000,0.000,-0.014,-0.021
166.83,0.106,0,0.387,0.443,1,0.000,0.000,0.000,0.000,0.000,0.000,-0.018,-0.021
167.03,0.106,0,0.387,0.443,1,0.000,0.000,0.000,0.000,0.000,0.000,-0.021,-0.027
167.23,0.105,0,0.395,0.443,1,0.000,0.000,0.000,0.000,0.000,0.000,-0.021,-0.027
167.43,0.105,0,0.395,0.443,1,0.000,0.000,0.000,0.000,0.000,0.000,-0.018,-0.029
167.63,0.105,0,0.386,0.443,1,0.000,0.000,0.000,0.000,0.000,0.000,-0.026,-0.035
167.83,0.105,0,0.386,0.443,1,0.000,0.000,0.000,0.000,0.000,0.000,-0.020,-0.020
168.03,0.105,0,0.386,0.443,1,0.000,0.000,0.000,0.000,0.000,0.000,-0.015,-0.003
168.23,0.105,0,0.387,0.443,1,0.000,0.000,0.000,0.000,0.000,0.000,-0.015,-0.004
168.43,0.105,0,0.387,0.443,1,0.000,0.000,0.000,0.000,0.000,0.000,-0.015,-0.004
168.63,0.105,0,0.814,0.443,0,0.000,0.000,0.000,0.000,0.000,0.000,-0.019,-0.003
168.83,0.106,0,0.814,0.443,0,0.000,0.000,0.000,0.000,0.000,0.000,-0.016,-0.019
169.03,0.105,0,0.814,0.443,0,0.000,0.000,0.000,0.000,0.000,0.000,-0.013,-0.010
169.23,0.105,0,0.386,0.443,1,0.000,0.000,0.000,0.000,0.000,0.000,-0.018,-0.007
169.43,0.105,0,0.386,0.443,1,0.000,0.000,0.000,0.000,0.000,0.000,-0.018,-0.007
169.63,0.106,0,0.384,0.443,1,0.000,0.000,0.000,0.000,0.000,0.000,-0.018,-0.003
169.83,0.105,0,0.384,0.443,1,0.000,0.000,0.000,0.000,0.000,0.000,-0.014,-0.010
170.03,0.105,0,0.384,0.443,1,0.000,0.000,0.000,0.000,0.000,0.000,-0.020,-0.002
170.23,0.105,0,2.461,0.443,0,0.000,0.000,0.000,0.000,0.000,0.000,-0.020,-0.017
170.43,0.105,0,2.461,0.443,0,0.000,0.000,0.000,0.000,0.000,0.000,-0.020,-0.017
170.63,0.105,0,0.386,0.443,1,0.000,0.000,0.000,0.000,0.000,0.000,-0.021,-0.022
170.83,0.105,0,0.386,0.443,1,0.000,0.000,0.000,0.000,0.000,0.000,-0.015,-0.019
171.03,0.105,0,0.386,0.443,1,0.000,0.000,0.000,0.000,0.000,0.000,-0.020,-0.011
171.23,0.105,0,0.402,0.443,1,0.000,0.000,0.000,0.000,0.000,0.000,-0.014,-0.022
171.43,0.106,0,0.402,0.443,1,0.000,0.000,0.000,0.000,0.000,0.000,-0.014,-0.022
171.63,0.105,0,0.386,0.443,1,0.000,0.000,0.000,0.000,0.000,0.000,-0.022,-0.018
171.83,0.105,0,0.386,0.443,1,0.000,0.000,0.000,0.000,0.000,0.000,-0.016,-0.010
172.03,0.105,0,0.386,0.443,1,0.000,0.000,0.000,0.000,0.000,0.000,-0.014,-0.019
172.23,0.105,0,0.390,0.443,1,0.000,0.000,0.000,0.000,0.000,0.000,-0.019,-0.025
172.43,0.106,0,0.390,0.443,1,0.000,0.000,0.000,0.000,0.000,0.000,-0.019,-0.025
172.63,0.106,0,0.386,0.443,1,0.000,0.000,0.000,0.000,0.000,0.000,-0.011,-0.017
172.83,0.106,0,0.386,0.443,1,0.000,0.000,0.000,0.000,0.000,0.000,-0.019,-0.019
173.03,0.105,0,0.386,0.443,1,0.000,0.000,0.000,0.000,0.000,0.000,-0.013,-0.017
173.23,0.105,0,0.401,0.443,1,0.000,0.000,0.000,0.000,0.000,0.000,-0.014,-0.008
173.43,0.105,0,0.401,0.443,1,0.000,0.000,0.000,0.000,0.000,0.000,-0.014,-0.008
173.63,0.105,0,0.397,0.443,1,0.000,0.000,0.000,0.000,0.000,0.000,-0.017,-0.002
173.83,0.105,0,0.397,0.443,1,0.000,0.000,0.000,0.000,0.000,0.000,-0.018,0.002
174.03,0.105,0,0.397,0.443,1,0.000,0.000,0.000,0.000,0.000,0.000,-0.025,-0.010
174.23,0.105,0,0.387,0.443,1,0.000,0.000,0.000,0.000,0.000,0.000,-0.022,-0.018
174.43,0.105,0,0.387,0.443,1,0.000,0.000,0.000,0.000,0.000,0.000,-0.022,-0.018
174.63,0.105,0,0.391,0.443,1,0.000,0.000,0.000,0.000,0.000,0.000,-0.018,-0.019
174.83,0.105,0,0.391,0.443,1,0.000,0.000,0.000,0.000,0.000,0.000,-0.021,-0.022
175.03,0.106,0,0.391,0.443,1,0.000,0.000,0.000,0.000,0.000,0.000,-0.019,-0.024
175.23,0.106,0,0.385,0.443,1,0.000,0.000,0.000,0.000,0.000,0.000,-0.016,-0.017
175.43,0.105,0,0.385,0.443,1,0.000,0.000,0.000,0.000,0.000,0.000,-0.016,-0.017
175.63,0.105,0,0.386,0.443,1,0.000,0.000,0.000,0.000,0.000,0.000,-0.012,-0.023
175.83,0.105,0,0.386,0.443,1,0.000,0.000,0.000,0.000,0.000,0.000,-0.016,-0.015
176.03,0.105,0,0.386,0.443,1,0.000,0.000,0.000,0.000,0.000,0.000,-0.023,-0.017
176.23,0.105,0,0.385,0.443,1,0.000,0.000,0.000,0.000,0.000,0.000,-0.012,-0.007
176.43,0.104,0,0.385,0.443,1,0.000,0.000,0.000,0.000,0.000,0.000,-0.012,-0.007
176.63,0.105,0,0.389,0.443,1,0.000,0.000,0.000,0.000,0.000,0.000,-0.013,-0.024
176.83,0.106,0,0.389,0.443,1,0.000,0.000,0.000,0.000,0.000,0.000,-0.022,-0.019
177.03,0.105,0,0.389,0.443,1,0.000,0.000,0.000,0.000,0.000,0.000,-0.019,-0.022
177.23,0.105,0,0.401,0.443,1,0.000,0.000,0.000,0.000,0.000,0.000,-0.020,-0.023
177.43,0.105,0,0.401,0.443,1,0.000,0.000,0.000,0.000,0.000,0.000,-0.020,-0.023
177.63,0.105,0,0.400,0.443,1,0.000,0.000,0.000,0.000,0.000,0.000,-0.018,-0.026
177.83,0.105,0,0.400,0.443,1,0.000,0.000,0.000,0.000,0.000,0.000,-0.019,-0.012
178.03,0.105,0,0.400,0.443,1,0.000,0.000,0.000,0.000,0.000,0.000,-0.016,-0.012
178.23,0.105,0,0.384,0.443,1,0.000,0.000,0.000,0.000,0.000,0.000,-0.014,-0.015
178.43,0.105,0,0.384,0.443,1,0.000,0.000,0.000,0.000,0.000,0.000,-0.014,-0.015
178.63,0.106,0,0.387,0.443,1,0.000,0.000,0.000,0.000,0.000,0.000,-0.017,-0.015
178.83,0.105,0,0.387,0.443,1,0.000,0.000,0.000,0.000,0.000,0.000,-0.022,-0.015
179.03,0.106,0,0.387,0.443,1,0.000,0.000,0.000,0.000,0.000,0.000,-0.021,-0.028
179.23,0.106,0,0.384,0.443,1,0.000,0.000,0.000,0.000,0.000,0.000,-0.019,-0.015
179.43,0.105,0,0.384,0.443,1,0.000,0.000,0.000,0.000,0.000,0.000,-0.019,-0.015
179.63,0.105,0,0.400,0.443,1,0.000,0.000,0.000,0.000,0.000,0.000,-0.022,-0.018
179.83,0.106,0,0.400,0.443,1,0.000,0.000,0.000,0.000,0.000,0.000,-0.019,-0.019
180.03,0.105,0,0.400,0.443,1,0.000,0.000,0.000,0.000,0.000,0.000,-0.018,-0.023
180.23,0.105,0,0.389,0.443,1,0.000,0.000,0.000,0.000,0.000,0.000,-0.015,-0.013
180.43,0.102,0,0.389,0.443,1,0.000,0.000,0.000,0.000,0.000,0.000,-0.015,-0.013
180.63,0.105,0,0.389,0.443,1,0.000,0.000,0.000,0.000,0.000,0.000,-0.022,-0.018
180.83,0.106,0,0.389,0.443,1,0.000,0.000,0.000,0.000,0.000,0.000,-0.028,-0.021
181.03,0.105,0,0.389,0.443,1,0.000,0.000,0.000,0.000,0.000,0.000,-0.020,-0.013
181.23,0.105,0,0.387,0.443,1,0.000,0.000,0.000,0.000,0.000,0.000,-0.020,-0.019
181.43,0.105,0,0.387,0.443,1,0.000,0.000,0.000,0.000,0.000,0.000,-0.020,-0.019
181.63,0.105,0,0.386,0.443,1,0.000,0.000,0.000,0.000,0.000,0.000,-0.020,-0.019
181.83,0.105,0,0.386,0.443,1,0.000,0.000,0.000,0.000,0.000,0.000,-0.017,-0.026
182.03,0.106,0,0.386,0.443,1,0.000,0.000,0.000,0.000,0.000,0.000,-0.021,-0.029
182.23,0.106,0,0.386,0.443,1,0.000,0.000,0.000,0.000,0.000,0.000,-0.019,-0.020
182.43,0.106,0,0.386,0.443,1,0.000,0.000,0.000,0.000,0.000,0.000,-0.019,-0.020
182.63,0.105,0,0.394,0.443,1,0.000,0.000,0.000,0.000,0.000,0.000,-0.016,-0.026
182.83,0.105,0,0.394,0.443,1,0.000,0.000,0.000,0.000,0.000,0.000,-0.020,-0.027
183.03,0.106,0,0.394,0.443,1,0.000,0.000,0.000,0.000,0.000,0.000,-0.016,-0.022
183.23,0.106,0,0.391,0.443,1,0.000,0.000,0.000,0.000,0.000,0.000,-0.021,-0.022
183.43,0.105,0,0.391,0.443,1,0.000,0.000,0.000,0.000,0.000,0.000,-0.021,-0.022
183.63,0.105,0,0.385,0.443,1,0.000,0.000,0.000,0.000,0.000,0.000,-0.020,-0.017
183.83,0.106,0,0.385,0.443,1,0.000,0.000,0.000,0.000,0.000,0.000,-0.018,-0.010
184.03,0.104,0,0.385,0.443,1,0.000,0.000,0.000,0.000,0.000,0.000,-0.014,-0.026
184.23,0.106,0,0.387,0.443,1,0.000,0.000,0.000,0.000,0.000,0.000,-0.019,-0.023
184.43,0.106,0,0.387,0.443,1,0.000,0.000,0.000,0.000,0.000,0.000,-0.019,-0.023
184.63,0.105,0,0.401,0.443,1,0.000,0.000,0.000,0.000,0.000,0.000,-0.014,-0.019
184.83,0.106,0,0.401,0.443,1,0.000,0.000,0.000,0.000,0.000,0.000,-0.014,-0.022
185.03,0.105,0,0.401,0.443,1,0.000,0.000,0.000,0.000,0.000,0.000,-0.022,-0.017
185.23,0.105,0,0.396,0.443,1,0.000,0.000,0.000,0.000,0.000,0.000,-0.015,-0.017
185.43,0.105,0,0.396,0.443,1,0.000,0.000,0.000,0.000,0.000,0.000,-0.013,-0.016
185.63,0.106,0,0.386,0.443,1,0.000,0.000,0.000,0.000,0.000,0.000,-0.013,-0.016
185.83,0.106,0,0.386,0.443,1,0.000,0.000,0.000,0.000,0.000,0.000,-0.014,-0.013
186.03,0.105,0,0.386,0.443,1,0.000,0.000,0.000,0.000,0.000,0.000,-0.025,-0.027
186.23,0.105,0,0.385,0.443,1,0.000,0.000,0.000,0.000,0.000,0.000,-0.021,-0.023
186.43,0.105,0,0.385,0.443,1,0.000,0.000,0.000,0.000,0.000,0.000,-0.017,-0.013
186.63,0.105,0,0.387,0.443,1,0.000,0.000,0.000,0.000,0.000,0.000,-0.017,-0.013
186.83,0.105,0,0.387,0.443,1,0.000,0.000,0.000,0.000,0.000,0.000,-0.021,-0.020
187.03,0.105,0,0.387,0.443,1,0.000,0.000,0.000,0.000,0.000,0.000,-0.018,-0.017
187.23,0.105,0,0.386,0.443,1,0.000,0.000,0.000,0.000,0.000,0.000,-0.023,-0.022
187.43,0.105,0,0.386,0.443,1,0.000,0.000,0.000,0.000,0.000,0.000,-0.021,-0.020
187.63,0.106,0,0.391,0.443,1,0.000,0.000,0.000,0.000,0.000,0.000,-0.021,-0.020
187.83,0.105,0,0.391,0.443,1,0.000,0.000,0.000,0.000,0.000,0.000,-0.021,-0.018
188.03,0.105,0,0.391,0.443,1,0.000,0.000,0.000,0.000,0.000,0.000,-0.019,-0.021
188.23,0.104,0,0.392,0.443,1,0.000,0.000,0.000,0.000,0.000,0.000,-0.015,-0.024
188.43,0.104,0,0.392,0.443,1,0.000,0.000,0.000,0.000,0.000,0.000,-0.016,-0.016
188.63,0.105,0,0.384,0.443,1,0.000,0.000,0.000,0.000,0.000,0.000,-0.016,-0.016
188.83,0.105,0,0.384,0.443,1,0.000,0.000,0.000,0.000,0.000,0.000,-0.020,-0.021
189.03,0.105,0,0.384,0.443,1,0.000,0.000,0.000,0.000,0.000,0.000,-0.023,-0.018
189.23,0.106,0,0.386,0.443,1,0.000,0.000,0.000,0.000,0.000,0.000,-0.017,-0.024
189.43,0.106,0,0.386,0.443,1,0.000,0.000,0.000,0.000,0.000,0.000,-0.014,-0.023
189.63,0.106,0,0.400,0.443,1,0.000,0.000,0.000,0.000,0.000,0.000,-0.014,-0.023
189.83,0.106,0,0.400,0.443,1,0.000,0.000,0.000,0.000,0.000,0.000,-0.019,-0.024
190.03,0.105,0,0.400,0.443,1,0.000,0.000,0.000,0.000,0.000,0.000,-0.015,-0.004
190.23,0.106,0,0.386,0.443,1,0.000,0.000,0.000,0.000,0.000,0.000,-0.010,-0.009
190.43,0.106,0,0.386,0.443,1,0.000,0.000,0.000,0.000,0.000,0.000,-0.021,-0.016
190.63,0.105,0,0.400,0.443,1,0.000,0.000,0.000,0.000,0.000,0.000,-0.021,-0.016
190.83,0.105,0,0.400,0.443,1,0.000,0.000,0.000,0.000,0.000,0.000,-0.024,-0.002
191.03,0.106,0,0.400,0.443,1,0.000,0.000,0.000,0.000,0.000,0.000,-0.019,-0.015
191.23,0.105,0,0.402,0.443,1,0.000,0.000,0.000,0.000,0.000,0.000,-0.018,-0.003
191.43,0.105,0,0.402,0.443,1,0.000,0.000,0.000,0.000,0.000,0.000,-0.019,0.000
191.63,0.106,0,0.391,0.443,1,0.000,0.000,0.000,0.000,0.000,0.000,-0.019,0.000
191.83,0.105,0,0.391,0.443,1,0.000,0.000,0.000,0.000,0.000,0.000,-0.013,-0.008
192.03,0.105,0,0.391,0.443,1,0.000,0.000,0.000,0.000,0.000,0.000,-0.017,-0.001
192.23,0.105,0,0.389,0.443,1,0.000,0.000,0.000,0.000,0.000,0.000,-0.014,-0.012
192.43,0.105,0,0.389,0.443,1,0.000,0.000,0.000,0.000,0.000,0.000,-0.011,0.004
192.63,0.106,0,0.388,0.443,1,0.000,0.000,0.000,0.000,0.000,0.000,-0.011,0.004
192.83,0.105,0,0.388,0.443,1,0.000,0.000,0.000,0.000,0.000,0.000,-0.006,0.002
193.03,0.105,0,0.388,0.443,1,0.000,0.000,0.000,0.000,0.000,0.000,-0.009,0.011
193.23,0.106,0,0.386,0.443,1,0.000,0.000,0.000,0.000,0.000,0.000,-0.010,-0.001
193.43,0.106,0,0.386,0.443,1,0.000,0.000,0.000,0.000,0.000,0.000,-0.005,0.026
193.63,0.105,0,0.385,0.443,1,0.000,0.000,0.000,0.000,0.000,0.000,-0.005,0.026
193.83,0.105,0,0.385,0.443,1,0.000,0.000,0.000,0.000,0.000,0.000,-0.016,0.009
194.03,0.105,0,0.385,0.443,1,0.000,0.000,0.000,0.000,0.000,0.000,-0.017,0.003
194.23,0.105,0,2.498,0.443,0,0.000,0.000,0.000,0.000,0.000,0.000,-0.025,0.018
194.43,0.105,0,2.498,0.443,0,0.000,0.000,0.000,0.000,0.000,0.000,-0.020,0.014
194.63,0.105,0,0.388,0.443,1,0.000,0.000,0.000,0.000,0.000,0.000,-0.020,0.014
194.83,0.106,0,0.388,0.443,1,0.000,0.000,0.000,0.000,0.000,0.000,-0.018,0.008
195.03,0.105,0,0.388,0.443,1,0.000,0.000,0.000,0.000,0.000,0.000,-0.012,0.006
195.23,0.105,0,2.477,0.443,0,0.000,0.000,0.000,0.000,0.000,0.000,-0.025,0.013
195.43,0.105,0,2.477,0.443,0,0.000,0.000,0.000,0.000,0.000,0.000,-0.029,0.029
195.63,0.106,0,0.388,0.443,1,0.000,0.000,0.000,0.000,0.000,0.000,-0.029,0.029
195.83,0.105,0,0.388,0.443,1,0.000,0.000,0.000,0.000,0.000,0.000,-0.017,0.023
196.03,0.106,0,0.388,0.443,1,0.000,0.000,0.000,0.000,0.000,0.000,-0.018,0.011
196.23,0.106,0,0.385,0.443,1,0.000,0.000,0.000,0.000,0.000,0.000,-0.011,0.007
196.43,0.106,0,0.385,0.443,1,0.000,0.000,0.000,0.000,0.000,0.000,-0.015,0.014
196.63,0.106,0,0.402,0.443,1,0.000,0.000,0.000,0.000,0.000,0.000,-0.015,0.014
196.83,0.105,0,0.402,0.443,1,0.000,0.000,0.000,0.000,0.000,0.000,-0.013,-0.020
197.03,0.105,0,0.402,0.443,1,0.000,0.000,0.000,0.000,0.000,0.000,-0.015,0.001
197.23,0.106,0,0.395,0.443,1,0.000,0.000,0.000,0.000,0.000,0.000,-0.006,-0.002
197.43,0.106,0,0.395,0.443,1,0.000,0.000,0.000,0.000,0.000,0.000,-0.013,-0.012
197.63,0.105,0,0.386,0.443,1,0.000,0.000,0.000,0.000,0.000,0.000,-0.013,-0.012
197.83,0.105,0,0.386,0.443,1,0.000,0.000,0.000,0.000,0.000,0.000,-0.014,-0.009
198.03,0.105,0,0.386,0.443,1,0.000,0.000,0.000,0.000,0.000,0.000,-0.017,-0.006
198.23,0.106,0,0.393,0.443,1,0.000,0.000,0.000,0.000,0.000,0.000,-0.013,-0.006
198.43,0.106,0,0.393,0.443,1,0.000,0.000,0.000,0.000,0.000,0.000,-0.010,-0.016
198.63,0.106,0,0.385,0.443,1,0.000,0.000,0.000,0.000,0.000,0.000,-0.010,-0.016
198.83,0.105,0,0.385,0.443,1,0.000,0.000,0.000,0.000,0.000,0.000,-0.012,-0.008
199.03,0.105,0,0.385,0.443,1,0.000,0.000,0.000,0.000,0.000,0.000,-0.008,-0.000
199.23,0.106,0,0.402,0.443,1,0.000,0.000,0.000,0.000,0.000,0.000,-0.015,-0.002
199.43,0.106,0,0.402,0.443,1,0.000,0.000,0.000,0.000,0.000,0.000,-0.014,-0.011
199.63,0.105,0,0.386,0.443,1,0.000,0.000,0.000,0.000,0.000,0.000,-0.014,-0.011
199.83,0.105,0,0.386,0.443,1,0.000,0.000,0.000,0.000,0.000,0.000,-0.016,-0.023
200.03,0.105,0,0.386,0.443,1,0.000,0.000,0.000,0.000,0.000,0.000,-0.022,-0.015
200.23,0.105,0,0.387,0.443,1,0.000,0.000,0.000,0.000,0.000,0.000,-0.009,-0.001
200.43,0.105,0,0.387,0.443,1,0.000,0.000,0.000,0.000,0.000,0.000,-0.014,-0.011
200.63,0.105,0,0.385,0.443,1,0.000,0.000,0.000,0.000,0.000,0.000,-0.014,-0.011
200.83,0.105,0,0.385,0.443,1,0.000,0.000,0.000,0.000,0.000,0.000,-0.016,-0.018
201.03,0.105,0,0.385,0.443,1,0.000,0.000,0.000,0.000,0.000,0.000,-0.017,-0.011
201.23,0.106,0,0.390,0.443,1,0.000,0.000,0.000,0.000,0.000,0.000,-0.014,-0.019
201.43,0.106,0,0.390,0.443,1,0.000,0.000,0.000,0.000,0.000,0.000,-0.019,-0.014
201.63,0.105,0,0.386,0.443,1,0.000,0.000,0.000,0.000,0.000,0.000,-0.019,-0.014
201.83,0.105,0,0.386,0.443,1,0.000,0.000,0.000,0.000,0.000,0.000,-0.009,-0.003
202.03,0.106,0,0.386,0.443,1,0.000,0.000,0.000,0.000,0.000,0.000,-0.019,-0.022
202.23,0.105,0,0.391,0.443,1,0.000,0.000,0.000,0.000,0.000,0.000,-0.017,-0.023
202.43,0.105,0,0.391,0.443,1,0.000,0.000,0.000,0.000,0.000,0.000,-0.014,-0.026
202.63,0.106,0,0.391,0.443,1,0.000,0.000,0.000,0.000,0.000,0.000,-0.014,-0.026
202.83,0.106,0,0.391,0.443,1,0.000,0.000,0.000,0.000,0.000,0.000,-0.013,-0.011
203.03,0.106,0,0.391,0.443,1,0.000,0.000,0.000,0.000,0.000,0.000,-0.011,-0.009
203.23,0.105,0,0.401,0.442,1,0.000,0.000,0.000,0.000,0.000,0.000,-0.016,-0.017
203.43,0.105,0,0.401,0.442,1,0.000,0.000,0.000,0.000,0.000,0.000,-0.016,-0.018
203.63,0.106,0,0.385,0.442,1,0.000,0.000,0.000,0.000,0.000,0.000,-0.016,-0.018
203.83,0.105,0,0.385,0.442,1,0.000,0.000,0.000,0.000,0.000,0.000,-0.019,-0.021
204.03,0.105,0,0.385,0.442,1,0.000,0.000,0.000,0.000,0.000,0.000,-0.010,-0.004
204.23,0.105,0,0.388,0.443,1,0.000,0.000,0.000,0.000,0.000,0.000,-0.017,-0.018
204.43,0.105,0,0.388,0.443,1,0.000,0.000,0.000,0.000,0.000,0.000,-0.016,-0.011
204.63,0.105,0,0.387,0.442,1,0.000,0.000,0.000,0.000,0.000,0.000,-0.016,-0.011
204.83,0.105,0,0.387,0.442,1,0.000,0.000,0.000,0.000,0.000,0.000,-0.019,-0.015
205.03,0.105,0,0.387,0.442,1,0.000,0.000,0.000,0.000,0.000,0.000,-0.024,-0.008
205.23,0.105,0,2.412,0.443,0,0.000,0.000,0.000,0.000,0.000,0.000,-0.031,-0.016
205.43,0.105,0,2.412,0.443,0,0.000,0.000,0.000,0.000,0.000,0.000,-0.030,-0.025
205.63,0.106,0,0.391,0.442,1,0.000,0.000,0.000,0.000,0.000,0.000,-0.030,-0.025
205.83,0.105,0,0.391,0.442,1,0.000,0.000,0.000,0.000,0.000,0.000,-0.020,-0.010
206.03,0.105,0,0.391,0.442,1,0.000,0.000,0.000,0.000,0.000,0.000,-0.024,-0.013
206.23,0.106,0,0.387,0.443,1,0.000,0.000,0.000,0.000,0.000,0.000,-0.020,-0.001
206.43,0.106,0,0.387,0.443,1,0.000,0.000,0.000,0.000,0.000,0.000,-0.026,0.004
206.63,0.106,0,0.393,0.442,1,0.000,0.000,0.000,0.000,0.000,0.000,-0.026,0.004
206.83,0.106,0,0.393,0.442,1,0.000,0.000,0.000,0.000,0.000,0.000,-0.019,-0.005
207.03,0.105,0,0.393,0.442,1,0.000,0.000,0.000,0.000,0.000,0.000,-0.026,-0.009
207.23,0.105,0,0.385,0.443,1,0.000,0.000,0.000,0.000,0.000,0.000,-0.027,-0.008
207.43,0.105,0,0.385,0.443,1,0.000,0.000,0.000,0.000,0.000,0.000,-0.017,-0.006
207.63,0.106,0,0.385,0.443,1,0.000,0.000,0.000,0.000,0.000,0.000,-0.017,-0.006
207.83,0.105,0,0.385,0.443,1,0.000,0.000,0.000,0.000,0.000,0.000,-0.021,-0.003
208.03,0.106,0,0.385,0.443,1,0.000,0.000,0.000,0.000,0.000,0.000,-0.026,-0.029
208.23,0.106,0,0.392,0.442,1,0.000,0.000,0.000,0.000,0.000,0.000,-0.024,-0.041
208.43,0.106,0,0.392,0.442,1,0.000,0.000,0.000,0.000,0.000,0.000,-0.019,-0.030
208.63,0.105,0,0.389,0.443,1,0.000,0.000,0.000,0.000,0.000,0.000,-0.019,-0.030
208.83,0.105,0,0.389,0.443,1,0.000,0.000,0.000,0.000,0.000,0.000,-0.025,-0.027
209.03,0.106,0,0.389,0.443,1,0.000,0.000,0.000,0.000,0.000,0.000,-0.022,-0.034
209.23,0.106,0,0.386,0.442,1,0.000,0.000,0.000,0.000,0.000,0.000,-0.017,-0.025
209.43,0.106,0,0.386,0.442,1,0.000,0.000,0.000,0.000,0.000,0.000,-0.020,-0.028
209.63,0.105,0,2.410,0.442,0,0.000,0.000,0.000,0.000,0.000,0.000,-0.020,-0.028
209.83,0.105,0,2.410,0.442,0,0.000,0.000,0.000,0.000,0.000,0.000,-0.024,-0.031
210.03,0.104,0,2.410,0.442,0,0.000,0.000,0.000,0.000,0.000,0.000,-0.021,-0.023
210.23,0.105,0,0.401,0.442,1,0.000,0.000,0.000,0.000,0.000,0.000,-0.015,-0.013
210.43,0.105,0,0.401,0.442,1,0.000,0.000,0.000,0.000,0.000,0.000,-0.011,-0.011
210.63,0.105,0,0.386,0.442,1,0.000,0.000,0.000,0.000,0.000,0.000,-0.011,-0.011
210.83,0.105,0,0.386,0.442,1,0.000,0.000,0.000,0.000,0.000,0.000,-0.015,-0.009
211.03,0.105,0,0.386,0.442,1,0.000,0.000,0.000,0.000,0.000,0.000,-0.018,-0.015
211.23,0.105,0,0.391,0.443,1,0.000,0.000,0.000,0.000,0.000,0.000,-0.023,-0.012
211.43,0.105,0,0.391,0.443,1,0.000,0.000,0.000,0.000,0.000,0.000,-0.020,-0.024
211.63,0.105,0,0.387,0.443,1,0.000,0.000,0.000,0.000,0.000,0.000,-0.020,-0.024
211.83,0.105,0,0.387,0.443,1,0.000,0.000,0.000,0.000,0.000,0.000,-0.021,-0.012
212.03,0.106,0,0.387,0.443,1,0.000,0.000,0.000,0.000,0.000,0.000,-0.022,-0.008
212.23,0.106,0,0.394,0.442,1,0.000,0.000,0.000,0.000,0.000,0.000,-0.020,-0.019
212.43,0.106,0,0.394,0.442,1,0.000,0.000,0.000,0.000,0.000,0.000,-0.020,-0.010
212.63,0.105,0,0.395,0.443,1,0.000,0.000,0.000,0.000,0.000,0.000,-0.020,-0.010
212.83,0.106,0,0.395,0.443,1,0.000,0.000,0.000,0.000,0.000,0.000,-0.013,-0.020
213.03,0.106,0,0.395,0.443,1,0.000,0.000,0.000,0.000,0.000,0.000,-0.015,-0.017
213.23,0.104,0,0.387,0.443,1,0.000,0.000,0.000,0.000,0.000,0.000,-0.015,-0.016
213.43,0.104,0,0.387,0.443,1,0.000,0.000,0.000,0.000,0.000,0.000,-0.018,-0.016
213.63,0.105,0,0.401,0.443,1,0.000,0.000,0.000,0.000,0.000,0.000,-0.018,-0.016
213.83,0.106,0,0.401,0.443,1,0.000,0.000,0.000,0.000,0.000,0.000,-0.017,-0.019
214.03,0.105,0,0.401,0.443,1,0.000,0.000,0.000,0.000,0.000,0.000,-0.011,-0.029
214.23,0.105,0,0.386,0.442,1,0.000,0.000,0.000,0.000,0.000,0.000,-0.013,-0.022
214.43,0.105,0,0.386,0.442,1,0.000,0.000,0.000,0.000,0.000,0.000,-0.013,-0.013
214.63,0.105,0,0.399,0.443,1,0.000,0.000,0.000,0.000,0.000,0.000,-0.013,-0.013
214.83,0.105,0,0.399,0.443,1,0.000,0.000,0.000,0.000,0.000,0.000,-0.014,-0.015
215.03,0.105,0,0.399,0.443,1,0.000,0.000,0.000,0.000,0.000,0.000,-0.017,-0.027
215.23,0.105,0,0.392,0.443,1,0.000,0.000,0.000,0.000,0.000,0.000,-0.018,-0.001
215.43,0.105,0,0.392,0.443,1,0.000,0.000,0.000,0.000,0.000,0.000,-0.017,-0.000
215.63,0.105,0,0.401,0.443,1,0.000,0.000,0.000,0.000,0.000,0.000,-0.017,-0.000
215.83,0.104,0,0.401,0.443,1,0.000,0.000,0.000,0.000,0.000,0.000,-0.011,-0.008
216.03,0.105,0,0.401,0.443,1,0.000,0.000,0.000,0.000,0.000,0.000,-0.013,-0.025
216.23,0.105,0,0.396,0.443,1,0.000,0.000,0.000,0.000,0.000,0.000,-0.021,0.000
216.43,0.105,0,0.396,0.443,1,0.000,0.000,0.000,0.000,0.000,0.000,-0.012,-0.002
216.63,0.106,0,0.391,0.443,1,0.000,0.000,0.000,0.000,0.000,0.000,-0.012,-0.002
216.83,0.105,0,0.391,0.443,1,0.000,0.000,0.000,0.000,0.000,0.000,-0.015,-0.020
217.03,0.105,0,0.391,0.443,1,0.000,0.000,0.000,0.000,0.000,0.000,-0.015,-0.021
217.23,0.105,0,0.386,0.440,1,0.000,0.000,0.000,0.000,0.000,0.000,-0.015,-0.005
217.43,0.105,0,0.386,0.440,1,0.000,0.000,0.000,0.000,0.000,0.000,-0.021,-0.026
217.63,0.105,0,0.393,0.443,1,0.000,0.000,0.000,0.000,0.000,0.000,-0.021,-0.026
217.83,0.105,0,0.393,0.443,1,0.000,0.000,0.000,0.000,0.000,0.000,-0.009,-0.009
218.03,0.105,0,0.393,0.443,1,0.000,0.000,0.000,0.000,0.000,0.000,-0.018,-0.019
218.23,0.105,0,0.400,0.443,1,0.000,0.000,0.000,0.000,0.000,0.000,-0.012,-0.010
218.43,0.105,0,0.400,0.443,1,0.000,0.000,0.000,0.000,0.000,0.000,-0.016,-0.003
218.63,0.106,0,0.386,0.443,1,0.000,0.000,0.000,0.000,0.000,0.000,-0.016,-0.003
218.83,0.106,0,0.386,0.443,1,0.000,0.000,0.000,0.000,0.000,0.000,-0.015,-0.009
219.03,0.105,0,0.386,0.443,1,0.000,0.000,0.000,0.000,0.000,0.000,-0.015,-0.018
219.23,0.105,0,0.401,0.443,1,0.000,0.000,0.000,0.000,0.000,0.000,-0.013,-0.024
219.43,0.105,0,0.401,0.443,1,0.000,0.000,0.000,0.000,0.000,0.000,-0.010,-0.002
219.63,0.106,0,0.390,0.443,1,0.000,0.000,0.000,0.000,0.000,0.000,-0.010,-0.002
219.83,0.105,0,0.390,0.443,1,0.000,0.000,0.000,0.000,0.000,0.000,-0.011,-0.007
220.03,0.105,0,0.390,0.443,1,0.000,0.000,0.000,0.000,0.000,0.000,-0.015,-0.017
220.23,0.105,0,0.390,0.442,1,0.000,0.000,0.000,0.000,0.000,0.000,-0.015,-0.011
220.43,0.105,0,0.390,0.442,1,0.000,0.000,0.000,0.000,0.000,0.000,-0.012,-0.003
220.63,0.105,0,0.385,0.443,1,0.000,0.000,0.000,0.000,0.000,0.000,-0.012,-0.003
220.83,0.105,0,0.385,0.443,1,0.000,0.000,0.000,0.000,0.000,0.000,-0.018,-0.021
221.03,0.105,0,0.385,0.443,1,0.000,0.000,0.000,0.000,0.000,0.000,-0.015,-0.007
221.23,0.105,0,0.387,0.443,1,0.000,0.000,0.000,0.000,0.000,0.000,-0.016,-0.010
221.43,0.105,0,0.387,0.443,1,0.000,0.000,0.000,0.000,0.000,0.000,-0.018,-0.014
221.63,0.105,0,0.389,0.443,1,0.000,0.000,0.000,0.000,0.000,0.000,-0.018,-0.014
221.83,0.105,0,0.389,0.443,1,0.000,0.000,0.000,0.000,0.000,0.000,-0.015,-0.016
222.03,0.105,0,0.389,0.443,1,0.000,0.000,0.000,0.000,0.000,0.000,-0.015,-0.014
222.23,0.106,0,0.397,0.443,1,0.000,0.000,0.000,0.000,0.000,0.000,-0.017,-0.024
222.43,0.106,0,0.397,0.443,1,0.000,0.000,0.000,0.000,0.000,0.000,-0.016,-0.020
222.63,0.105,0,0.386,0.443,1,0.000,0.000,0.000,0.000,0.000,0.000,-0.016,-0.020
222.83,0.105,0,0.386,0.443,1,0.000,0.000,0.000,0.000,0.000,0.000,-0.019,-0.020
223.03,0.105,0,0.386,0.443,1,0.000,0.000,0.000,0.000,0.000,0.000,-0.020,-0.004
223.23,0.105,0,0.385,0.443,1,0.000,0.000,0.000,0.000,0.000,0.000,-0.016,-0.008
223.43,0.105,0,0.385,0.443,1,0.000,0.000,0.000,0.000,0.000,0.000,-0.019,-0.010
223.63,0.105,0,0.816,0.442,0,0.000,0.000,0.000,0.000,0.000,0.000,-0.019,-0.010
223.83,0.105,0,0.816,0.442,0,0.000,0.000,0.000,0.000,0.000,0.000,-0.022,-0.012
224.03,0.105,0,0.816,0.442,0,0.000,0.000,0.000,0.000,0.000,0.000,-0.021,-0.001
224.23,0.105,0,0.385,0.443,1,0.000,0.000,0.000,0.000,0.000,0.000,-0.013,-0.011
224.43,0.105,0,0.385,0.443,1,0.000,0.000,0.000,0.000,0.000,0.000,-0.025,-0.010
224.63,0.105,0,0.392,0.443,1,0.000,0.000,0.000,0.000,0.000,0.000,-0.025,-0.010
224.83,0.105,0,0.392,0.443,1,0.000,0.000,0.000,0.000,0.000,0.000,-0.013,0.001
225.03,0.105,0,0.392,0.443,1,0.000,0.000,0.000,0.000,0.000,0.000,-0.014,0.003
225.23,0.105,0,0.387,0.443,1,0.000,0.000,0.000,0.000,0.000,0.000,-0.019,-0.012
225.43,0.105,0,0.387,0.443,1,0.000,0.000,0.000,0.000,0.000,0.000,-0.018,-0.008
225.63,0.105,0,0.388,0.443,1,0.000,0.000,0.000,0.000,0.000,0.000,-0.018,-0.008
225.83,0.106,0,0.388,0.443,1,0.000,0.000,0.000,0.000,0.000,0.000,-0.022,-0.019
226.03,0.105,0,0.388,0.443,1,0.000,0.000,0.000,0.000,0.000,0.000,-0.020,-0.007
226.23,0.106,0,0.395,0.443,1,0.000,0.000,0.000,0.000,0.000,0.000,-0.020,-0.010
226.43,0.106,0,0.395,0.443,1,0.000,0.000,0.000,0.000,0.000,0.000,-0.021,-0.001
226.63,0.105,0,0.385,0.443,1,0.000,0.000,0.000,0.000,0.000,0.000,-0.021,-0.001
226.83,0.105,0,0.385,0.443,1,0.000,0.000,0.000,0.000,0.000,0.000,-0.018,0.005
227.03,0.105,0,0.385,0.443,1,0.000,0.000,0.000,0.000,0.000,0.000,-0.017,-0.006
227.23,0.105,0,0.401,0.443,1,0.000,0.000,0.000,0.000,0.000,0.000,-0.019,0.007
227.43,0.105,0,0.401,0.443,1,0.000,0.000,0.000,0.000,0.000,0.000,-0.027,-0.010
227.63,0.105,0,0.387,0.443,1,0.000,0.000,0.000,0.000,0.000,0.000,-0.027,-0.010
227.83,0.106,0,0.387,0.443,1,0.000,0.000,0.000,0.000,0.000,0.000,-0.015,-0.000
228.03,0.105,0,0.387,0.443,1,0.000,0.000,0.000,0.000,0.000,0.000,-0.019,-0.006
228.23,0.105,0,0.386,0.443,1,0.000,0.000,0.000,0.000,0.000,0.000,-0.022,0.008
228.43,0.105,0,0.386,0.443,1,0.000,0.000,0.000,0.000,0.000,0.000,-0.019,0.010
228.63,0.106,0,0.388,0.442,1,0.000,0.000,0.000,0.000,0.000,0.000,-0.019,0.010
228.83,0.105,0,0.388,0.442,1,0.000,0.000,0.000,0.000,0.000,0.000,-0.019,0.006
229.03,0.106,0,0.388,0.442,1,0.000,0.000,0.000,0.000,0.000,0.000,-0.018,-0.018
229.23,0.105,0,0.386,0.443,1,0.000,0.000,0.000,0.000,0.000,0.000,-0.016,-0.002
229.43,0.105,0,0.386,0.443,1,0.000,0.000,0.000,0.000,0.000,0.000,-0.025,-0.016
229.63,0.106,0,0.386,0.443,1,0.000,0.000,0.000,0.000,0.000,0.000,-0.025,-0.016
229.83,0.105,0,0.386,0.443,1,0.000,0.000,0.000,0.000,0.000,0.000,-0.016,0.003
230.03,0.105,0,0.386,0.443,1,0.000,0.000,0.000,0.000,0.000,0.000,-0.014,-0.001
230.23,0.105,0,0.392,0.443,1,0.000,0.000,0.000,0.000,0.000,0.000,-0.018,-0.021
230.43,0.105,0,0.392,0.443,1,0.000,0.000,0.000,0.000,0.000,0.000,-0.010,-0.010
230.63,0.105,0,0.399,0.442,1,0.000,0.000,0.000,0.000,0.000,0.000,-0.010,-0.010
230.83,0.105,0,0.399,0.442,1,0.000,0.000,0.000,0.000,0.000,0.000,-0.018,-0.011
231.03,0.105,0,0.399,0.442,1,0.000,0.000,0.000,0.000,0.000,0.000,-0.017,-0.004
231.23,0.105,0,0.388,0.442,1,0.000,0.000,0.000,0.000,0.000,0.000,-0.020,-0.015
231.43,0.105,0,0.388,0.442,1,0.000,0.000,0.000,0.000,0.000,0.000,-0.013,-0.021
231.63,0.105,0,0.401,0.443,1,0.000,0.000,0.000,0.000,0.000,0.000,-0.013,-0.021
231.83,0.106,0,0.401,0.443,1,0.000,0.000,0.000,0.000,0.000,0.000,-0.024,-0.011
232.03,0.106,0,0.401,0.443,1,0.000,0.000,0.000,0.000,0.000,0.000,-0.012,0.000
232.23,0.106,0,0.394,0.443,1,0.000,0.000,0.000,0.000,0.000,0.000,-0.014,-0.002
232.43,0.106,0,0.394,0.443,1,0.000,0.000,0.000,0.000,0.000,0.000,-0.016,-0.022
232.63,0.106,0,0.401,0.442,1,0.000,0.000,0.000,0.000,0.000,0.000,-0.016,-0.022
232.83,0.105,0,0.401,0.442,1,0.000,0.000,0.000,0.000,0.000,0.000,-0.020,-0.007
233.03,0.105,0,0.401,0.442,1,0.000,0.000,0.000,0.000,0.000,0.000,-0.014,-0.005
233.23,0.105,0,0.401,0.443,1,0.000,0.000,0.000,0.000,0.000,0.000,-0.013,-0.016
233.43,0.105,0,0.401,0.443,1,0.000,0.000,0.000,0.000,0.000,0.000,-0.014,-0.002
233.63,0.105,0,0.399,0.443,1,0.000,0.000,0.000,0.000,0.000,0.000,-0.014,-0.002
233.83,0.106,0,0.399,0.443,1,0.000,0.000,0.000,0.000,0.000,0.000,-0.017,0.009
234.03,0.105,0,0.399,0.443,1,0.000,0.000,0.000,0.000,0.000,0.000,-0.015,-0.002
234.23,0.106,0,0.387,0.443,1,0.000,0.000,0.000,0.000,0.000,0.000,-0.014,-0.009
234.43,0.106,0,0.387,0.443,1,0.000,0.000,0.000,0.000,0.000,0.000,-0.019,-0.009
234.63,0.106,0,0.386,0.443,1,0.000,0.000,0.000,0.000,0.000,0.000,-0.019,-0.009
234.83,0.105,0,0.386,0.443,1,0.000,0.000,0.000,0.000,0.000,0.000,-0.019,-0.012
235.03,0.106,0,0.386,0.443,1,0.000,0.000,0.000,0.000,0.000,0.000,-0.011,-0.027
235.23,0.105,0,2.414,0.443,0,0.000,0.000,0.000,0.000,0.000,0.000,-0.014,-0.017
235.43,0.105,0,2.414,0.443,0,0.000,0.000,0.000,0.000,0.000,0.000,-0.021,-0.006
235.63,0.106,0,0.402,0.443,1,0.000,0.000,0.000,0.000,0.000,0.000,-0.021,-0.006
235.83,0.105,0,0.402,0.443,1,0.000,0.000,0.000,0.000,0.000,0.000,-0.012,-0.021
236.03,0.106,0,0.402,0.443,1,0.000,0.000,0.000,0.000,0.000,0.000,-0.010,-0.002
236.23,0.105,0,0.387,0.443,1,0.000,0.000,0.000,0.000,0.000,0.000,-0.011,-0.004
236.43,0.105,0,0.387,0.443,1,0.000,0.000,0.000,0.000,0.000,0.000,-0.018,-0.010
236.63,0.105,0,0.389,0.442,1,0.000,0.000,0.000,0.000,0.000,0.000,-0.018,-0.010
236.83,0.105,0,0.389,0.442,1,0.000,0.000,0.000,0.000,0.000,0.000,-0.012,-0.014
237.03,0.105,0,0.389,0.442,1,0.000,0.000,0.000,0.000,0.000,0.000,-0.004,-0.013
237.23,0.105,0,0.399,0.443,1,0.000,0.000,0.000,0.000,0.000,0.000,-0.020,-0.023
237.43,0.105,0,0.399,0.443,1,0.000,0.000,0.000,0.000,0.000,0.000,-0.008,0.005
237.63,0.105,0,0.401,0.442,1,0.000,0.000,0.000,0.000,0.000,0.000,-0.008,0.005
237.83,0.105,0,0.401,0.442,1,0.000,0.000,0.000,0.000,0.000,0.000,-0.015,-0.017
238.03,0.105,0,0.401,0.442,1,0.000,0.000,0.000,0.000,0.000,0.000,-0.016,-0.013
238.23,0.105,0,0.391,0.443,1,0.000,0.000,0.000,0.000,0.000,0.000,-0.014,0.002
238.43,0.105,0,0.391,0.443,1,0.000,0.000,0.000,0.000,0.000,0.000,-0.018,-0.020
238.63,0.105,0,0.385,0.443,1,0.000,0.000,0.000,0.000,0.000,0.000,-0.018,-0.020
238.83,0.105,0,0.385,0.443,1,0.000,0.000,0.000,0.000,0.000,0.000,-0.019,-0.019
239.03,0.106,0,0.385,0.443,1,0.000,0.000,0.000,0.000,0.000,0.000,-0.023,-0.004
239.23,0.106,0,0.390,0.442,1,0.000,0.000,0.000,0.000,0.000,0.000,-0.023,-0.003
239.43,0.106,0,0.390,0.442,1,0.000,0.000,0.000,0.000,0.000,0.000,-0.017,-0.006
239.63,0.105,0,0.390,0.442,1,0.000,0.000,0.000,0.000,0.000,0.000,-0.017,-0.006
239.83,0.106,0,0.390,0.442,1,0.000,0.000,0.000,0.000,0.000,0.000,-0.016,-0.007
240.03,0.106,0,0.390,0.442,1,0.000,0.000,0.000,0.000,0.000,0.000,-0.023,-0.014
240.23,0.105,0,0.385,0.442,1,0.000,0.000,0.000,0.000,0.000,0.000,-0.013,-0.007
240.43,0.105,0,0.385,0.442,1,0.000,0.000,0.000,0.000,0.000,0.000,-0.017,-0.005
240.63,0.105,0,0.387,0.443,1,0.000,0.000,0.000,0.000,0.000,0.000,-0.017,-0.005
240.83,0.105,0,0.387,0.443,1,0.000,0.000,0.000,0.000,0.000,0.000,-0.019,-0.019
241.03,0.105,0,0.387,0.443,1,0.000,0.000,0.000,0.000,0.000,0.000,-0.017,-0.025
241.23,0.105,0,0.386,0.443,1,0.000,0.000,0.000,0.000,0.000,0.000,-0.017,-0.009
241.43,0.105,0,0.386,0.443,1,0.000,0.000,0.000,0.000,0.000,0.000,-0.014,0.001
241.63,0.105,0,0.396,0.443,1,0.000,0.000,0.000,0.000,0.000,0.000,-0.014,0.001
241.83,0.105,0,0.396,0.443,1,0.000,0.000,0.000,0.000,0.000,0.000,-0.014,-0.004
242.03,0.105,0,0.396,0.443,1,0.000,0.000,0.000,0.000,0.000,0.000,-0.017,-0.005
242.23,0.105,0,0.385,0.443,1,0.000,0.000,0.000,0.000,0.000,0.000,-0.019,-0.014
242.43,0.105,0,0.385,0.443,1,0.000,0.000,0.000,0.000,0.000,0.000,-0.015,-0.019
242.63,0.106,0,0.395,0.443,1,0.000,0.000,0.000,0.000,0.000,0.000,-0.015,-0.019
242.83,0.106,0,0.395,0.443,1,0.000,0.000,0.000,0.000,0.000,0.000,-0.016,-0.007
243.03,0.105,0,0.395,0.443,1,0.000,0.000,0.000,0.000,0.000,0.000,-0.009,-0.001
243.23,0.105,0,0.387,0.443,1,0.000,0.000,0.000,0.000,0.000,0.000,-0.015,-0.016
243.43,0.105,0,0.387,0.443,1,0.000,0.000,0.000,0.000,0.000,0.000,-0.016,-0.016
243.63,0.105,0,0.390,0.443,1,0.000,0.000,0.000,0.000,0.000,0.000,-0.016,-0.016
243.83,0.106,0,0.390,0.443,1,0.000,0.000,0.000,0.000,0.000,0.000,-0.017,-0.005
244.03,0.105,0,0.390,0.443,1,0.000,0.000,0.000,0.000,0.000,0.000,-0.013,-0.005
244.23,0.105,0,0.393,0.443,1,0.000,0.000,0.000,0.000,0.000,0.000,-0.015,0.002
244.43,0.105,0,0.393,0.443,1,0.000,0.000,0.000,0.000,0.000,0.000,-0.013,-0.011
244.63,0.105,0,0.386,0.443,1,0.000,0.000,0.000,0.000,0.000,0.000,-0.013,-0.011
244.83,0.105,0,0.386,0.443,1,0.000,0.000,0.000,0.000,0.000,0.000,-0.017,-0.010
245.03,0.105,0,0.386,0.443,1,0.000,0.000,0.000,0.000,0.000,0.000,-0.015,-0.009
245.23,0.106,0,0.401,0.443,1,0.000,0.000,0.000,0.000,0.000,0.000,-0.010,-0.011
245.43,0.106,0,0.401,0.443,1,0.000,0.000,0.000,0.000,0.000,0.000,-0.015,-0.015
245.63,0.105,0,0.397,0.442,1,0.000,0.000,0.000,0.000,0.000,0.000,-0.015,-0.015
245.83,0.105,0,0.397,0.442,1,0.000,0.000,0.000,0.000,0.000,0.000,-0.013,-0.015
246.03,0.106,0,0.397,0.442,1,0.000,0.000,0.000,0.000,0.000,0.000,-0.019,-0.016
246.23,0.105,0,0.388,0.443,1,0.000,0.000,0.000,0.000,0.000,0.000,-0.015,-0.008
246.43,0.105,0,0.388,0.443,1,0.000,0.000,0.000,0.000,0.000,0.000,-0.017,-0.005
246.63,0.105,0,0.391,0.443,1,0.000,0.000,0.000,0.000,0.000,0.000,-0.017,-0.005
246.83,0.105,0,0.391,0.443,1,0.000,0.000,0.000,0.000,0.000,0.000,-0.017,-0.000
247.03,0.105,0,0.391,0.443,1,0.000,0.000,0.000,0.000,0.000,0.000,-0.016,-0.009
247.23,0.105,0,0.385,0.442,1,0.000,0.000,0.000,0.000,0.000,0.000,-0.012,-0.016
247.43,0.105,0,0.385,0.442,1,0.000,0.000,0.000,0.000,0.000,0.000,-0.008,0.012
247.63,0.105,0,0.401,0.442,1,0.000,0.000,0.000,0.000,0.000,0.000,-0.008,0.012
247.83,0.105,0,0.401,0.442,1,0.000,0.000,0.000,0.000,0.000,0.000,-0.014,-0.006
248.03,0.106,0,0.401,0.442,1,0.000,0.000,0.000,0.000,0.000,0.000,-0.010,-0.024
248.23,0.105,0,0.401,0.442,1,0.000,0.000,0.000,0.000,0.000,0.000,-0.014,-0.011
248.43,0.105,0,0.401,0.442,1,0.000,0.000,0.000,0.000,0.000,0.000,-0.014,0.000
248.63,0.106,0,0.385,0.443,1,0.000,0.000,0.000,0.000,0.000,0.000,-0.014,0.000
248.83,0.104,0,0.385,0.443,1,0.000,0.000,0.000,0.000,0.000,0.000,-0.016,-0.002
249.03,0.106,0,0.385,0.443,1,0.000,0.000,0.000,0.000,0.000,0.000,-0.010,-0.020
249.23,0.105,0,0.387,0.443,1,0.000,0.000,0.000,0.000,0.000,0.000,-0.018,-0.013
249.43,0.105,0,0.387,0.443,1,0.000,0.000,0.000,0.000,0.000,0.000,-0.014,0.000
249.63,0.106,0,0.393,0.443,1,0.000,0.000,0.000,0.000,0.000,0.000,-0.014,0.000
249.83,0.106,0,0.393,0.443,1,0.000,0.000,0.000,0.000,0.000,0.000,-0.017,-0.009
250.03,0.105,0,0.393,0.443,1,0.000,0.000,0.000,0.000,0.000,0.000,-0.013,-0.012
250.23,0.105,0,0.385,0.443,1,0.000,0.000,0.000,0.000,0.000,0.000,-0.019,-0.012
250.43,0.105,0,0.385,0.443,1,0.000,0.000,0.000,0.000,0.000,0.000,-0.015,-0.025
250.63,0.105,0,0.391,0.443,1,0.000,0.000,0.000,0.000,0.000,0.000,-0.015,-0.025
250.83,0.105,0,0.391,0.443,1,0.000,0.000,0.000,0.000,0.000,0.000,-0.012,-0.023
251.03,0.105,0,0.391,0.443,1,0.000,0.000,0.000,0.000,0.000,0.000,-0.019,-0.025
251.23,0.105,0,0.390,0.442,1,0.000,0.000,0.000,0.000,0.000,0.000,-0.014,-0.016
251.43,0.105,0,0.390,0.442,1,0.000,0.000,0.000,0.000,0.000,0.000,-0.014,-0.006
251.63,0.105,0,0.385,0.443,1,0.000,0.000,0.000,0.000,0.000,0.000,-0.014,-0.006
251.83,0.105,0,0.385,0.443,1,0.000,0.000,0.000,0.000,0.000,0.000,-0.009,-0.017
252.03,0.105,0,0.385,0.443,1,0.000,0.000,0.000,0.000,0.000,0.000,-0.018,-0.003
252.23,0.104,0,0.386,0.442,1,0.000,0.000,0.000,0.000,0.000,0.000,-0.015,-0.024
252.43,0.104,0,0.386,0.442,1,0.000,0.000,0.000,0.000,0.000,0.000,-0.018,-0.031
252.63,0.105,0,0.395,0.443,1,0.000,0.000,0.000,0.000,0.000,0.000,-0.018,-0.031
252.83,0.105,0,0.395,0.443,1,0.000,0.000,0.000,0.000,0.000,0.000,-0.017,-0.018
253.03,0.105,0,0.395,0.443,1,0.000,0.000,0.000,0.000,0.000,0.000,-0.020,-0.009
253.23,0.105,0,0.386,0.442,1,0.000,0.000,0.000,0.000,0.000,0.000,-0.019,-0.020
253.43,0.105,0,0.386,0.442,1,0.000,0.000,0.000,0.000,0.000,0.000,-0.011,-0.014
253.63,0.105,0,0.396,0.443,1,0.000,0.000,0.000,0.000,0.000,0.000,-0.011,-0.014
253.83,0.106,0,0.396,0.443,1,0.000,0.000,0.000,0.000,0.000,0.000,-0.014,-0.022
254.03,0.105,0,0.396,0.443,1,0.000,0.000,0.000,0.000,0.000,0.000,-0.014,-0.003
254.23,0.104,0,0.394,0.442,1,0.000,0.000,0.000,0.000,0.000,0.000,-0.011,-0.007
254.43,0.104,0,0.394,0.442,1,0.000,0.000,0.000,0.000,0.000,0.000,-0.016,-0.002
254.63,0.106,0,0.386,0.443,1,0.000,0.000,0.000,0.000,0.000,0.000,-0.016,-0.002
254.83,0.106,0,0.386,0.443,1,0.000,0.000,0.000,0.000,0.000,0.000,-0.020,-0.002
255.03,0.105,0,0.386,0.443,1,0.000,0.000,0.000,0.000,0.000,0.000,-0.019,-0.000
255.23,0.106,0,0.385,0.443,1,0.000,0.000,0.000,0.000,0.000,0.000,-0.011,0.014
255.43,0.106,0,0.385,0.443,1,0.000,0.000,0.000,0.000,0.000,0.000,-0.013,0.018
255.63,0.105,0,0.386,0.442,1,0.000,0.000,0.000,0.000,0.000,0.000,-0.013,0.018
255.83,0.105,0,0.386,0.442,1,0.000,0.000,0.000,0.000,0.000,0.000,-0.017,0.006
256.03,0.105,0,0.386,0.442,1,0.000,0.000,0.000,0.000,0.000,0.000,-0.016,0.003
256.23,0.105,0,0.385,0.443,1,0.000,0.000,0.000,0.000,0.000,0.000,-0.017,0.001
256.43,0.105,0,0.385,0.443,1,0.000,0.000,0.000,0.000,0.000,0.000,-0.012,0.002
256.63,0.105,0,0.390,0.443,1,0.000,0.000,0.000,0.000,0.000,0.000,-0.012,0.002
256.83,0.106,0,0.390,0.443,1,0.000,0.000,0.000,0.000,0.000,0.000,-0.012,0.003
257.03,0.106,0,0.390,0.443,1,0.000,0.000,0.000,0.000,0.000,0.000,-0.019,0.014
257.23,0.105,0,0.386,0.442,1,0.000,0.000,0.000,0.000,0.000,0.000,-0.015,0.010
257.43,0.105,0,0.386,0.442,1,0.000,0.000,0.000,0.000,0.000,0.000,-0.017,0.002
257.63,0.105,0,0.389,0.443,1,0.000,0.000,0.000,0.000,0.000,0.000,-0.017,0.002
257.83,0.105,0,0.389,0.443,1,0.000,0.000,0.000,0.000,0.000,0.000,-0.016,-0.000
258.03,0.106,0,0.389,0.443,1,0.000,0.000,0.000,0.000,0.000,0.000,-0.016,0.003
258.23,0.105,0,0.385,0.443,1,0.000,0.000,0.000,0.000,0.000,0.000,-0.016,0.006
258.43,0.105,0,0.385,0.443,1,0.000,0.000,0.000,0.000,0.000,0.000,-0.022,-0.001
258.63,0.106,0,0.386,0.442,1,0.000,0.000,0.000,0.000,0.000,0.000,-0.022,-0.001
258.83,0.105,0,0.386,0.442,1,0.000,0.000,0.000,0.000,0.000,0.000,-0.031,0.007
259.03,0.105,0,0.386,0.442,1,0.000,0.000,0.000,0.000,0.000,0.000,-0.025,0.001
259.23,0.106,0,0.397,0.442,1,0.000,0.000,0.000,0.000,0.000,0.000,-0.017,0.003
259.43,0.106,0,0.397,0.442,1,0.000,0.000,0.000,0.000,0.000,0.000,-0.018,0.007
259.63,0.105,0,0.392,0.442,1,0.000,0.000,0.000,0.000,0.000,0.000,-0.018,0.007
259.83,0.105,0,0.392,0.442,1,0.000,0.000,0.000,0.000,0.000,0.000,-0.018,0.007
260.03,0.105,0,0.392,0.442,1,0.000,0.000,0.000,0.000,0.000,0.000,-0.019,0.005
260.23,0.105,0,0.388,0.443,1,0.000,0.000,0.000,0.000,0.000,0.000,-0.013,0.002
260.43,0.105,0,0.388,0.443,1,0.000,0.000,0.000,0.000,0.000,0.000,-0.019,0.002
260.63,0.105,0,0.386,0.442,1,0.000,0.000,0.000,0.000,0.000,0.000,-0.019,0.002
260.83,0.105,0,0.386,0.442,1,0.000,0.000,0.000,0.000,0.000,0.000,-0.023,-0.004
261.03,0.105,0,0.386,0.442,1,0.000,0.000,0.000,0.000,0.000,0.000,-0.020,-0.001
261.23,0.105,0,0.395,0.443,1,0.000,0.000,0.000,0.000,0.000,0.000,-0.019,-0.004
261.43,0.105,0,0.395,0.443,1,0.000,0.000,0.000,0.000,0.000,0.000,-0.024,-0.006
261.63,0.105,0,0.390,0.442,1,0.000,0.000,0.000,0.000,0.000,0.000,-0.024,-0.006
261.83,0.104,0,0.390,0.442,1,0.000,0.000,0.000,0.000,0.000,0.000,-0.018,-0.017
262.03,0.105,0,0.390,0.442,1,0.000,0.000,0.000,0.000,0.000,0.000,-0.026,-0.006
262.23,0.105,0,0.385,0.442,1,0.000,0.000,0.000,0.000,0.000,0.000,-0.017,0.001
262.43,0.105,0,0.385,0.442,1,0.000,0.000,0.000,0.000,0.000,0.000,-0.029,0.003
262.63,0.105,0,0.388,0.442,1,0.000,0.000,0.000,0.000,0.000,0.000,-0.029,0.003
262.83,0.106,0,0.388,0.442,1,0.000,0.000,0.000,0.000,0.000,0.000,-0.022,-0.007
263.03,0.105,0,0.388,0.442,1,0.000,0.000,0.000,0.000,0.000,0.000,-0.024,-0.014
263.23,0.105,0,0.386,0.443,1,0.000,0.000,0.000,0.000,0.000,0.000,-0.022,-0.012
263.43,0.105,0,0.386,0.443,1,0.000,0.000,0.000,0.000,0.000,0.000,-0.022,-0.018
263.63,0.105,0,0.385,0.443,1,0.000,0.000,0.000,0.000,0.000,0.000,-0.022,-0.018
263.83,0.106,0,0.385,0.443,1,0.000,0.000,0.000,0.000,0.000,0.000,-0.022,-0.014
264.03,0.105,0,0.385,0.443,1,0.000,0.000,0.000,0.000,0.000,0.000,-0.022,-0.019
264.23,0.105,0,0.402,0.443,1,0.000,0.000,0.000,0.000,0.000,0.000,-0.029,-0.026
264.43,0.105,0,0.402,0.443,1,0.000,0.000,0.000,0.000,0.000,0.000,-0.029,-0.026
264.63,0.105,0,0.385,0.442,1,0.000,0.000,0.000,0.000,0.000,0.000,-0.020,-0.012
264.83,0.105,0,0.385,0.442,1,0.000,0.000,0.000,0.000,0.000,0.000,-0.020,-0.029
265.03,0.106,0,0.385,0.442,1,0.000,0.000,0.000,0.000,0.000,0.000,-0.025,-0.028
265.23,0.105,0,0.387,0.443,1,0.000,0.000,0.000,0.000,0.000,0.000,-0.019,-0.023
265.43,0.105,0,0.387,0.443,1,0.000,0.000,0.000,0.000,0.000,0.000,-0.023,-0.028
265.63,0.105,0,0.387,0.443,1,0.000,0.000,0.000,0.000,0.000,0.000,-0.023,-0.028
265.83,0.106,0,0.387,0.443,1,0.000,0.000,0.000,0.000,0.000,0.000,-0.021,-0.023
266.03,0.105,0,0.387,0.443,1,0.000,0.000,0.000,0.000,0.000,0.000,-0.019,-0.022
266.23,0.105,0,0.392,0.443,1,0.000,0.000,0.000,0.000,0.000,0.000,-0.021,-0.026
266.43,0.105,0,0.392,0.443,1,0.000,0.000,0.000,0.000,0.000,0.000,-0.019,-0.029
266.63,0.105,0,0.401,0.443,1,0.000,0.000,0.000,0.000,0.000,0.000,-0.019,-0.029
266.83,0.105,0,0.401,0.443,1,0.000,0.000,0.000,0.000,0.000,0.000,-0.029,-0.019
267.03,0.105,0,0.401,0.443,1,0.000,0.000,0.000,0.000,0.000,0.000,-0.023,-0.040
267.23,0.105,0,0.385,0.443,1,0.000,0.000,0.000,0.000,0.000,0.000,-0.018,-0.036
267.43,0.105,0,0.385,0.443,1,0.000,0.000,0.000,0.000,0.000,0.000,-0.018,-0.036
267.63,0.106,0,0.387,0.443,1,0.000,0.000,0.000,0.000,0.000,0.000,-0.020,-0.026
267.83,0.105,0,0.387,0.443,1,0.000,0.000,0.000,0.000,0.000,0.000,-0.024,-0.022
268.03,0.106,0,0.387,0.443,1,0.000,0.000,0.000,0.000,0.000,0.000,-0.020,-0.020
268.23,0.106,0,0.386,0.443,1,0.000,0.000,0.000,0.000,0.000,0.000,-0.028,-0.021
268.43,0.105,0,0.386,0.443,1,0.000,0.000,0.000,0.000,0.000,0.000,-0.028,-0.021
268.63,0.105,0,0.396,0.443,1,0.000,0.000,0.000,0.000,0.000,0.000,-0.018,-0.030
268.83,0.105,0,0.396,0.443,1,0.000,0.000,0.000,0.000,0.000,0.000,-0.025,-0.029
269.03,0.105,0,0.396,0.443,1,0.000,0.000,0.000,0.000,0.000,0.000,-0.019,-0.031
269.23,0.105,0,0.386,0.443,1,0.000,0.000,0.000,0.000,0.000,0.000,-0.020,-0.030
269.43,0.106,0,0.386,0.443,1,0.000,0.000,0.000,0.000,0.000,0.000,-0.020,-0.030
269.63,0.105,0,0.399,0.443,1,0.000,0.000,0.000,0.000,0.000,0.000,-0.021,-0.027
269.83,0.105,0,0.399,0.443,1,0.000,0.000,0.000,0.000,0.000,0.000,-0.026,-0.025
270.03,0.106,0,0.399,0.443,1,0.000,0.000,0.000,0.000,0.000,0.000,-0.017,-0.023
270.23,0.106,0,0.385,0.443,1,0.000,0.000,0.000,0.000,0.000,0.000,-0.021,-0.036
270.43,0.105,0,0.385,0.443,1,0.000,0.000,0.000,0.000,0.000,0.000,-0.021,-0.036
270.63,0.105,0,0.384,0.443,1,0.000,0.000,0.000,0.000,0.000,0.000,-0.026,-0.020
270.83,0.106,0,0.384,0.443,1,0.000,0.000,0.000,0.000,0.000,0.000,-0.022,-0.036
271.03,0.105,0,0.384,0.443,1,0.000,0.000,0.000,0.000,0.000,0.000,-0.025,-0.039
271.23,0.105,0,0.386,0.443,1,0.000,0.000,0.000,0.000,0.000,0.000,-0.023,-0.045
271.43,0.105,0,0.386,0.443,1,0.000,0.000,0.000,0.000,0.000,0.000,-0.023,-0.045
271.63,0.105,0,0.390,0.443,1,0.000,0.000,0.000,0.000,0.000,0.000,-0.027,-0.046
271.83,0.106,0,0.390,0.443,1,0.000,0.000,0.000,0.000,0.000,0.000,-0.019,-0.027
272.03,0.105,0,0.390,0.443,1,0.000,0.000,0.000,0.000,0.000,0.000,-0.022,-0.038
272.23,0.105,0,0.401,0.443,1,0.000,0.000,0.000,0.000,0.000,0.000,-0.027,-0.039
272.43,0.106,0,0.401,0.443,1,0.000,0.000,0.000,0.000,0.000,0.000,-0.027,-0.039
272.63,0.105,0,2.290,0.443,0,0.000,0.000,0.000,0.000,0.000,0.000,-0.022,-0.041
272.83,0.105,0,2.290,0.443,0,0.000,0.000,0.000,0.000,0.000,0.000,-0.016,-0.038
273.03,0.105,0,2.290,0.443,0,0.000,0.000,0.000,0.000,0.000,0.000,-0.026,-0.046
273.23,0.105,0,0.396,0.443,1,0.000,0.000,0.000,0.000,0.000,0.000,-0.021,-0.040
273.43,0.106,0,0.396,0.443,1,0.000,0.000,0.000,0.000,0.000,0.000,-0.021,-0.040
273.63,0.106,0,0.395,0.443,1,0.000,0.000,0.000,0.000,0.000,0.000,-0.020,-0.047
273.83,0.105,0,0.395,0.443,1,0.000,0.000,0.000,0.000,0.000,0.000,-0.014,-0.033
274.03,0.105,0,0.395,0.443,1,0.000,0.000,0.000,0.000,0.000,0.000,-0.024,-0.029
274.23,0.105,0,0.401,0.443,1,0.000,0.000,0.000,0.000,0.000,0.000,-0.019,-0.037
274.43,0.105,0,0.401,0.443,1,0.000,0.000,0.000,0.000,0.000,0.000,-0.019,-0.037
274.63,0.106,0,0.386,0.443,1,0.000,0.000,0.000,0.000,0.000,0.000,-0.017,-0.042
274.83,0.105,0,0.386,0.443,1,0.000,0.000,0.000,0.000,0.000,0.000,-0.022,-0.047
275.03,0.105,0,0.386,0.443,1,0.000,0.000,0.000,0.000,0.000,0.000,-0.023,-0.029
275.23,0.105,0,0.386,0.443,1,0.000,0.000,0.000,0.000,0.000,0.000,-0.021,-0.033
275.43,0.105,0,0.386,0.443,1,0.000,0.000,0.000,0.000,0.000,0.000,-0.021,-0.033
275.63,0.106,0,0.386,0.443,1,0.000,0.000,0.000,0.000,0.000,0.000,-0.020,-0.046
275.83,0.106,0,0.386,0.443,1,0.000,0.000,0.000,0.000,0.000,0.000,-0.020,-0.037
276.03,0.105,0,0.386,0.443,1,0.000,0.000,0.000,0.000,0.000,0.000,-0.028,-0.025
276.23,0.105,0,0.389,0.443,1,0.000,0.000,0.000,0.000,0.000,0.000,-0.016,-0.031
276.43,0.106,0,0.389,0.443,1,0.000,0.000,0.000,0.000,0.000,0.000,-0.016,-0.031
276.63,0.105,0,0.395,0.443,1,0.000,0.000,0.000,0.000,0.000,0.000,-0.018,-0.038
276.83,0.105,0,0.395,0.443,1,0.000,0.000,0.000,0.000,0.000,0.000,-0.019,-0.044
277.03,0.107,0,0.395,0.443,1,0.000,0.000,0.000,0.000,0.000,0.000,-0.019,-0.036
277.23,0.107,0,2.305,0.443,0,0.000,0.000,0.000,0.000,0.000,0.000,-0.014,-0.050
277.43,0.105,0,2.305,0.443,0,0.000,0.000,0.000,0.000,0.000,0.000,-0.014,-0.050
277.63,0.105,0,0.395,0.443,1,0.000,0.000,0.000,0.000,0.000,0.000,-0.013,-0.028
277.83,0.105,0,0.395,0.443,1,0.000,0.000,0.000,0.000,0.000,0.000,-0.016,-0.033
278.03,0.105,0,0.395,0.443,1,0.000,0.000,0.000,0.000,0.000,0.000,-0.014,-0.026
278.23,0.105,0,0.397,0.443,1,0.000,0.000,0.000,0.000,0.000,0.000,-0.012,-0.035
278.43,0.106,0,0.397,0.443,1,0.000,0.000,0.000,0.000,0.000,0.000,-0.012,-0.035
278.63,0.105,0,0.386,0.443,1,0.000,0.000,0.000,0.000,0.000,0.000,-0.021,-0.038
278.83,0.105,0,0.386,0.443,1,0.000,0.000,0.000,0.000,0.000,0.000,-0.019,-0.013
279.03,0.105,0,0.386,0.443,1,0.000,0.000,0.000,0.000,0.000,0.000,-0.017,-0.030
279.23,0.105,0,0.387,0.443,1,0.000,0.000,0.000,0.000,0.000,0.000,-0.009,-0.030
279.43,0.105,0,0.387,0.443,1,0.000,0.000,0.000,0.000,0.000,0.000,-0.009,-0.030
279.63,0.105,0,0.385,0.443,1,0.000,0.000,0.000,0.000,0.000,0.000,-0.021,-0.034
279.83,0.105,0,0.385,0.443,1,0.000,0.000,0.000,0.000,0.000,0.000,-0.018,-0.033
280.03,0.105,0,0.385,0.443,1,0.000,0.000,0.000,0.000,0.000,0.000,-0.019,-0.031
280.23,0.105,0,0.386,0.443,1,0.000,0.000,0.000,0.000,0.000,0.000,-0.020,-0.040
280.43,0.105,0,0.386,0.443,1,0.000,0.000,0.000,0.000,0.000,0.000,-0.020,-0.040
280.63,0.105,0,0.385,0.442,1,0.000,0.000,0.000,0.000,0.000,0.000,-0.029,-0.043
280.83,0.106,0,0.385,0.442,1,0.000,0.000,0.000,0.000,0.000,0.000,-0.021,-0.044
281.03,0.105,0,0.385,0.442,1,0.000,0.000,0.000,0.000,0.000,0.000,-0.015,-0.026
281.23,0.105,0,0.385,0.443,1,0.000,0.000,0.000,0.000,0.000,0.000,-0.015,-0.026
281.43,0.105,0,0.385,0.443,1,0.000,0.000,0.000,0.000,0.000,0.000,-0.028,-0.041
281.63,0.105,0,0.391,0.443,1,0.000,0.000,0.000,0.000,0.000,0.000,-0.021,-0.041
281.83,0.105,0,0.391,0.443,1,0.000,0.000,0.000,0.000,0.000,0.000,-0.007,-0.014
282.03,0.105,0,0.391,0.443,1,0.000,0.000,0.000,0.000,0.000,0.000,-0.011,-0.026
282.23,0.105,0,0.385,0.443,1,0.000,0.000,0.000,0.000,0.000,0.000,-0.019,-0.037
282.43,0.105,0,0.385,0.443,1,0.000,0.000,0.000,0.000,0.000,0.000,-0.019,-0.037
282.63,0.105,0,0.398,0.443,1,0.000,0.000,0.000,0.000,0.000,0.000,-0.013,-0.025
282.83,0.106,0,0.398,0.443,1,0.000,0.000,0.000,0.000,0.000,0.000,-0.010,-0.029
283.03,0.105,0,0.398,0.443,1,0.000,0.000,0.000,0.000,0.000,0.000,-0.011,-0.043
283.23,0.105,0,0.386,0.443,1,0.000,0.000,0.000,0.000,0.000,0.000,-0.016,-0.043
283.43,0.105,0,0.386,0.443,1,0.000,0.000,0.000,0.000,0.000,0.000,-0.016,-0.043
283.63,0.105,0,0.393,0.443,1,0.000,0.000,0.000,0.000,0.000,0.000,-0.015,-0.040
283.83,0.106,0,0.393,0.443,1,0.000,0.000,0.000,0.000,0.000,0.000,-0.014,-0.038
284.03,0.105,0,0.393,0.443,1,0.000,0.000,0.000,0.000,0.000,0.000,-0.011,-0.024
284.23,0.105,0,0.385,0.442,1,0.000,0.000,0.000,0.000,0.000,0.000,-0.011,-0.031
284.43,0.105,0,0.385,0.442,1,0.000,0.000,0.000,0.000,0.000,0.000,-0.011,-0.031
284.63,0.106,0,0.393,0.443,1,0.000,0.000,0.000,0.000,0.000,0.000,-0.021,-0.026
284.83,0.105,0,0.393,0.443,1,0.000,0.000,0.000,0.000,0.000,0.000,-0.018,-0.019
285.03,0.105,0,0.393,0.443,1,0.000,0.000,0.000,0.000,0.000,0.000,-0.020,-0.045
285.23,0.105,0,0.388,0.443,1,0.000,0.000,0.000,0.000,0.000,0.000,-0.013,-0.045
285.43,0.106,0,0.388,0.443,1,0.000,0.000,0.000,0.000,0.000,0.000,-0.013,-0.045
285.63,0.106,0,0.387,0.442,1,0.000,0.000,0.000,0.000,0.000,0.000,-0.012,-0.042
285.83,0.105,0,0.387,0.442,1,0.000,0.000,0.000,0.000,0.000,0.000,-0.014,-0.042
286.03,0.105,0,0.387,0.442,1,0.000,0.000,0.000,0.000,0.000,0.000,-0.014,-0.030
286.23,0.105,0,0.387,0.443,1,0.000,0.000,0.000,0.000,0.000,0.000,-0.015,-0.024
286.43,0.105,0,0.387,0.443,1,0.000,0.000,0.000,0.000,0.000,0.000,-0.015,-0.024
286.63,0.106,0,0.388,0.443,1,0.000,0.000,0.000,0.000,0.000,0.000,-0.024,-0.032
286.83,0.105,0,0.388,0.443,1,0.000,0.000,0.000,0.000,0.000,0.000,-0.020,-0.037
287.03,0.105,0,0.388,0.443,1,0.000,0.000,0.000,0.000,0.000,0.000,-0.016,-0.028
287.23,0.105,0,0.392,0.443,1,0.000,0.000,0.000,0.000,0.000,0.000,-0.016,-0.028
287.43,0.106,0,0.392,0.443,1,0.000,0.000,0.000,0.000,0.000,0.000,-0.010,-0.029
287.63,0.106,0,0.386,0.443,1,0.000,0.000,0.000,0.000,0.000,0.000,-0.014,-0.034
287.83,0.105,0,0.386,0.443,1,0.000,0.000,0.000,0.000,0.000,0.000,-0.021,-0.025
288.03,0.105,0,0.386,0.443,1,0.000,0.000,0.000,0.000,0.000,0.000,-0.013,-0.024
288.23,0.105,0,0.385,0.443,1,0.000,0.000,0.000,0.000,0.000,0.000,-0.013,-0.024
288.43,0.105,0,0.385,0.443,1,0.000,0.000,0.000,0.000,0.000,0.000,-0.016,-0.020
288.63,0.105,0,0.387,0.443,1,0.000,0.000,0.000,0.000,0.000,0.000,-0.012,-0.012
288.83,0.105,0,0.387,0.443,1,0.000,0.000,0.000,0.000,0.000,0.000,-0.025,-0.034
289.03,0.105,0,0.387,0.443,1,0.000,0.000,0.000,0.000,0.000,0.000,-0.019,-0.036
289.23,0.105,0,0.396,0.443,1,0.000,0.000,0.000,0.000,0.000,0.000,-0.019,-0.036
289.43,0.105,0,0.396,0.443,1,0.000,0.000,0.000,0.000,0.000,0.000,-0.017,-0.043
289.63,0.105,0,0.396,0.443,1,0.000,0.000,0.000,0.000,0.000,0.000,-0.016,-0.026
289.83,0.105,0,0.396,0.443,1,0.000,0.000,0.000,0.000,0.000,0.000,-0.020,-0.012
290.03,0.105,0,0.396,0.443,1,0.000,0.000,0.000,0.000,0.000,0.000,-0.010,-0.027
290.23,0.105,0,0.390,0.443,1,0.000,0.000,0.000,0.000,0.000,0.000,-0.010,-0.027
290.43,0.105,0,0.390,0.443,1,0.000,0.000,0.000,0.000,0.000,0.000,-0.016,-0.028
290.63,0.105,0,0.390,0.443,1,0.000,0.000,0.000,0.000,0.000,0.000,-0.023,-0.023
290.83,0.105,0,0.390,0.443,1,0.000,0.000,0.000,0.000,0.000,0.000,-0.016,-0.029
291.03,0.105,0,0.390,0.443,1,0.000,0.000,0.000,0.000,0.000,0.000,-0.013,-0.031
291.23,0.106,0,0.390,0.443,1,0.000,0.000,0.000,0.000,0.000,0.000,-0.013,-0.031
291.43,0.105,0,0.390,0.443,1,0.000,0.000,0.000,0.000,0.000,0.000,-0.018,-0.037
291.63,0.105,0,0.397,0.442,1,0.000,0.000,0.000,0.000,0.000,0.000,-0.023,-0.027
291.83,0.105,0,0.397,0.442,1,0.000,0.000,0.000,0.000,0.000,0.000,-0.020,-0.015
292.03,0.105,0,0.397,0.442,1,0.000,0.000,0.000,0.000,0.000,0.000,-0.015,-0.037
292.23,0.105,0,0.387,0.443,1,0.000,0.000,0.000,0.000,0.000,0.000,-0.015,-0.037
292.43,0.105,0,0.387,0.443,1,0.000,0.000,0.000,0.000,0.000,0.000,-0.016,-0.047
292.63,0.105,0,0.386,0.443,1,0.000,0.000,0.000,0.000,0.000,0.000,-0.016,-0.035
292.83,0.105,0,0.386,0.443,1,0.000,0.000,0.000,0.000,0.000,0.000,-0.013,-0.023
293.03,0.105,0,0.386,0.443,1,0.000,0.000,0.000,0.000,0.000,0.000,-0.012,-0.029
293.23,0.106,0,0.385,0.443,1,0.000,0.000,0.000,0.000,0.000,0.000,-0.012,-0.029
293.43,0.105,0,0.385,0.443,1,0.000,0.000,0.000,0.000,0.000,0.000,-0.015,-0.023
293.63,0.105,0,0.387,0.443,1,0.000,0.000,0.000,0.000,0.000,0.000,-0.016,-0.031
293.83,0.105,0,0.387,0.443,1,0.000,0.000,0.000,0.000,0.000,0.000,-0.015,-0.026
294.03,0.105,0,0.387,0.443,1,0.000,0.000,0.000,0.000,0.000,0.000,-0.015,-0.033
294.23,0.105,0,0.387,0.443,1,0.000,0.000,0.000,0.000,0.000,0.000,-0.015,-0.033
294.43,0.105,0,0.387,0.443,1,0.000,0.000,0.000,0.000,0.000,0.000,-0.013,-0.020
294.63,0.105,0,0.387,0.443,1,0.000,0.000,0.000,0.000,0.000,0.000,-0.017,-0.020
294.83,0.105,0,0.387,0.443,1,0.000,0.000,0.000,0.000,0.000,0.000,-0.017,-0.033
295.03,0.105,0,0.387,0.443,1,0.000,0.000,0.000,0.000,0.000,0.000,-0.016,-0.038
295.23,0.105,0,0.398,0.443,1,0.000,0.000,0.000,0.000,0.000,0.000,-0.016,-0.038
295.43,0.105,0,0.398,0.443,1,0.000,0.000,0.000,0.000,0.000,0.000,-0.018,-0.027
295.63,0.105,0,0.402,0.443,1,0.000,0.000,0.000,0.000,0.000,0.000,-0.015,-0.023
295.83,0.106,0,0.402,0.443,1,0.000,0.000,0.000,0.000,0.000,0.000,-0.019,-0.017
296.03,0.106,0,0.402,0.443,1,0.000,0.000,0.000,0.000,0.000,0.000,-0.019,-0.021
296.23,0.105,0,0.388,0.443,1,0.000,0.000,0.000,0.000,0.000,0.000,-0.019,-0.021
296.43,0.105,0,0.388,0.443,1,0.000,0.000,0.000,0.000,0.000,0.000,-0.013,-0.021
296.63,0.106,0,0.389,0.443,1,0.000,0.000,0.000,0.000,0.000,0.000,-0.023,-0.014
296.83,0.106,0,0.389,0.443,1,0.000,0.000,0.000,0.000,0.000,0.000,-0.012,-0.035
297.03,0.106,0,0.389,0.443,1,0.000,0.000,0.000,0.000,0.000,0.000,-0.020,-0.032
297.23,0.105,0,0.385,0.443,1,0.000,0.000,0.000,0.000,0.000,0.000,-0.020,-0.032
297.43,0.105,0,0.385,0.443,1,0.000,0.000,0.000,0.000,0.000,0.000,-0.017,-0.032
297.63,0.106,0,0.386,0.443,1,0.000,0.000,0.000,0.000,0.000,0.000,-0.013,-0.040
297.83,0.105,0,0.386,0.443,1,0.000,0.000,0.000,0.000,0.000,0.000,-0.015,-0.030
298.03,0.105,0,0.386,0.443,1,0.000,0.000,0.000,0.000,0.000,0.000,-0.018,-0.033
298.23,0.105,0,0.393,0.443,1,0.000,0.000,0.000,0.000,0.000,0.000,-0.018,-0.033
298.43,0.105,0,0.393,0.443,1,0.000,0.000,0.000,0.000,0.000,0.000,-0.016,-0.043
298.63,0.105,0,0.388,0.443,1,0.000,0.000,0.000,0.000,0.000,0.000,-0.009,-0.030
298.83,0.105,0,0.388,0.443,1,0.000,0.000,0.000,0.000,0.000,0.000,-0.019,-0.037
299.03,0.105,0,0.388,0.443,1,0.000,0.000,0.000,0.000,0.000,0.000,-0.019,-0.037
299.23,0.105,0,0.387,0.443,1,0.000,0.000,0.000,0.000,0.000,0.000,-0.013,-0.021
299.43,0.105,0,0.387,0.443,1,0.000,0.000,0.000,0.000,0.000,0.000,-0.020,-0.035
299.63,0.105,0,0.397,0.442,1,0.000,0.000,0.000,0.000,0.000,0.000,-0.012,-0.021
299.83,0.105,0,0.397,0.442,1,0.000,0.000,0.000,0.000,0.000,0.000,-0.015,-0.022
300.03,0.105,0,0.397,0.442,1,0.000,0.000,0.000,0.000,0.000,0.000,-0.015,-0.022
300.23,0.106,0,0.385,0.443,1,0.000,0.000,0.000,0.000,0.000,0.000,-0.016,-0.023
300.43,0.106,0,0.385,0.443,1,0.000,0.000,0.000,0.000,0.000,0.000,-0.018,-0.039
300.63,0.105,0,0.385,0.443,1,0.000,0.000,0.000,0.000,0.000,0.000,-0.012,-0.033
300.83,0.105,0,0.385,0.443,1,0.000,0.000,0.000,0.000,0.000,0.000,-0.019,-0.016
301.03,0.105,0,0.385,0.443,1,0.000,0.000,0.000,0.000,0.000,0.000,-0.019,-0.016
301.23,0.105,0,0.386,0.443,1,0.000,0.000,0.000,0.000,0.000,0.000,-0.012,-0.026
301.43,0.105,0,0.386,0.443,1,0.000,0.000,0.000,0.000,0.000,0.000,-0.017,-0.030
301.63,0.105,0,0.384,0.443,1,0.000,0.000,0.000,0.000,0.000,0.000,-0.014,-0.041
301.83,0.105,0,0.384,0.443,1,0.000,0.000,0.000,0.000,0.000,0.000,-0.013,-0.040
302.03,0.105,0,0.384,0.443,1,0.000,0.000,0.000,0.000,0.000,0.000,-0.013,-0.040
302.23,0.105,0,0.391,0.443,1,0.000,0.000,0.000,0.000,0.000,0.000,-0.014,-0.015
302.43,0.105,0,0.391,0.443,1,0.000,0.000,0.000,0.000,0.000,0.000,-0.019,-0.031
302.63,0.106,0,0.389,0.443,1,0.000,0.000,0.000,0.000,0.000,0.000,-0.022,-0.036
302.83,0.106,0,0.389,0.443,1,0.000,0.000,0.000,0.000,0.000,0.000,-0.014,-0.046
303.03,0.106,0,0.389,0.443,1,0.000,0.000,0.000,0.000,0.000,0.000,-0.014,-0.046
303.23,0.106,0,0.395,0.443,1,0.000,0.000,0.000,0.000,0.000,0.000,-0.017,-0.029
303.43,0.105,0,0.395,0.443,1,0.000,0.000,0.000,0.000,0.000,0.000,-0.023,-0.029
303.63,0.105,0,0.393,0.443,1,0.000,0.000,0.000,0.000,0.000,0.000,-0.017,-0.048
303.83,0.105,0,0.393,0.443,1,0.000,0.000,0.000,0.000,0.000,0.000,-0.015,-0.031
304.03,0.105,0,0.393,0.443,1,0.000,0.000,0.000,0.000,0.000,0.000,-0.015,-0.031
304.23,0.105,0,0.386,0.442,1,0.000,0.000,0.000,0.000,0.000,0.000,-0.013,-0.031
304.43,0.105,0,0.386,0.442,1,0.000,0.000,0.000,0.000,0.000,0.000,-0.020,-0.027
304.63,0.105,0,0.387,0.443,1,0.000,0.000,0.000,0.000,0.000,0.000,-0.018,-0.045
304.83,0.105,0,0.387,0.443,1,0.000,0.000,0.000,0.000,0.000,0.000,-0.015,-0.028
305.03,0.105,0,0.387,0.443,1,0.000,0.000,0.000,0.000,0.000,0.000,-0.015,-0.028
305.23,0.105,0,0.393,0.443,1,0.000,0.000,0.000,0.000,0.000,0.000,-0.018,-0.033
305.43,0.106,0,0.393,0.443,1,0.000,0.000,0.000,0.000,0.000,0.000,-0.017,-0.027
305.63,0.105,0,0.396,0.443,1,0.000,0.000,0.000,0.000,0.000,0.000,-0.019,-0.033
305.83,0.105,0,0.396,0.443,1,0.000,0.000,0.000,0.000,0.000,0.000,-0.013,-0.032
306.03,0.105,0,0.396,0.443,1,0.000,0.000,0.000,0.000,0.000,0.000,-0.013,-0.032
306.23,0.105,0,0.392,0.443,1,0.000,0.000,0.000,0.000,0.000,0.000,-0.016,-0.032
306.43,0.105,0,0.392,0.443,1,0.000,0.000,0.000,0.000,0.000,0.000,-0.017,-0.028
306.63,0.105,0,0.385,0.442,1,0.000,0.000,0.000,0.000,0.000,0.000,-0.015,-0.032
306.83,0.105,0,0.385,0.442,1,0.000,0.000,0.000,0.000,0.000,0.000,-0.014,-0.026
307.03,0.105,0,0.385,0.442,1,0.000,0.000,0.000,0.000,0.000,0.000,-0.014,-0.026
307.23,0.105,0,0.386,0.443,1,0.000,0.000,0.000,0.000,0.000,0.000,-0.018,-0.029
307.43,0.105,0,0.386,0.443,1,0.000,0.000,0.000,0.000,0.000,0.000,-0.013,-0.034
307.63,0.105,0,0.391,0.443,1,0.000,0.000,0.000,0.000,0.000,0.000,-0.008,-0.025
307.83,0.106,0,0.391,0.443,1,0.000,0.000,0.000,0.000,0.000,0.000,-0.008,-0.025
308.03,0.105,0,0.391,0.443,1,0.000,0.000,0.000,0.000,0.000,0.000,-0.018,-0.032
308.23,0.105,0,0.386,0.443,1,0.000,0.000,0.000,0.000,0.000,0.000,-0.016,-0.032
308.43,0.105,0,0.386,0.443,1,0.000,0.000,0.000,0.000,0.000,0.000,-0.026,-0.040
308.63,0.105,0,0.384,0.443,1,0.000,0.000,0.000,0.000,0.000,0.000,-0.012,-0.042
308.83,0.105,0,0.384,0.443,1,0.000,0.000,0.000,0.000,0.000,0.000,-0.012,-0.042
309.03,0.105,0,0.384,0.443,1,0.000,0.000,0.000,0.000,0.000,0.000,-0.021,-0.014
309.23,0.105,0,0.382,0.443,1,0.000,0.000,0.000,0.000,0.000,0.000,-0.015,-0.023
309.43,0.106,0,0.382,0.443,1,0.000,0.000,0.000,0.000,0.000,0.000,-0.013,-0.020
309.63,0.106,0,0.396,0.443,1,0.000,0.000,0.000,0.000,0.000,0.000,-0.014,-0.035
309.83,0.105,0,0.396,0.443,1,0.000,0.000,0.000,0.000,0.000,0.000,-0.014,-0.035
310.03,0.105,0,0.396,0.443,1,0.000,0.000,0.000,0.000,0.000,0.000,-0.016,-0.031
310.23,0.105,0,0.385,0.443,1,0.000,0.000,0.000,0.000,0.000,0.000,-0.011,-0.026
310.43,0.105,0,0.385,0.443,1,0.000,0.000,0.000,0.000,0.000,0.000,-0.017,-0.042
310.63,0.105,0,0.385,0.442,1,0.000,0.000,0.000,0.000,0.000,0.000,-0.022,-0.033
310.83,0.105,0,0.385,0.442,1,0.000,0.000,0.000,0.000,0.000,0.000,-0.022,-0.033
311.03,0.105,0,0.385,0.442,1,0.000,0.000,0.000,0.000,0.000,0.000,-0.020,-0.022
311.23,0.106,0,0.386,0.443,1,0.000,0.000,0.000,0.000,0.000,0.000,-0.016,-0.036
311.43,0.105,0,0.386,0.443,1,0.000,0.000,0.000,0.000,0.000,0.000,-0.014,-0.026
311.63,0.105,0,0.387,0.443,1,0.000,0.000,0.000,0.000,0.000,0.000,-0.017,-0.023
311.83,0.105,0,0.387,0.443,1,0.000,0.000,0.000,0.000,0.000,0.000,-0.017,-0.023
312.03,0.105,0,0.387,0.443,1,0.000,0.000,0.000,0.000,0.000,0.000,-0.013,-0.037
312.23,0.105,0,0.390,0.442,1,0.000,0.000,0.000,0.000,0.000,0.000,-0.021,-0.016
312.43,0.105,0,0.390,0.442,1,0.000,0.000,0.000,0.000,0.000,0.000,-0.016,-0.025
312.63,0.105,0,0.385,0.443,1,0.000,0.000,0.000,0.000,0.000,0.000,-0.020,-0.045
312.83,0.105,0,0.385,0.443,1,0.000,0.000,0.000,0.000,0.000,0.000,-0.020,-0.045
313.03,0.105,0,0.385,0.443,1,0.000,0.000,0.000,0.000,0.000,0.000,-0.021,-0.037
313.23,0.105,0,0.385,0.443,1,0.000,0.000,0.000,0.000,0.000,0.000,-0.022,-0.040
313.43,0.105,0,0.385,0.443,1,0.000,0.000,0.000,0.000,0.000,0.000,-0.018,-0.032
313.63,0.105,0,0.391,0.442,1,0.000,0.000,0.000,0.000,0.000,0.000,-0.016,-0.026
313.83,0.105,0,0.391,0.442,1,0.000,0.000,0.000,0.000,0.000,0.000,-0.016,-0.026
314.03,0.105,0,0.391,0.442,1,0.000,0.000,0.000,0.000,0.000,0.000,-0.022,-0.024
314.23,0.106,0,0.384,0.443,1,0.000,0.000,0.000,0.000,0.000,0.000,-0.012,-0.040
314.43,0.105,0,0.384,0.443,1,0.000,0.000,0.000,0.000,0.000,0.000,-0.016,-0.035
314.63,0.105,0,0.396,0.443,1,0.000,0.000,0.000,0.000,0.000,0.000,-0.018,-0.036
314.83,0.105,0,0.396,0.443,1,0.000,0.000,0.000,0.000,0.000,0.000,-0.018,-0.036
315.03,0.105,0,0.396,0.443,1,0.000,0.000,0.000,0.000,0.000,0.000,-0.025,-0.028
315.23,0.105,0,0.385,0.443,1,0.000,0.000,0.000,0.000,0.000,0.000,-0.012,-0.028
315.43,0.105,0,0.385,0.443,1,0.000,0.000,0.000,0.000,0.000,0.000,-0.018,-0.032
315.63,0.105,0,0.397,0.442,1,0.000,0.000,0.000,0.000,0.000,0.000,-0.018,-0.032
315.83,0.105,0,0.397,0.442,1,0.000,0.000,0.000,0.000,0.000,0.000,-0.013,-0.032
316.03,0.105,0,0.397,0.442,1,0.000,0.000,0.000,0.000,0.000,0.000,-0.015,-0.030
316.23,0.105,0,0.389,0.442,1,0.000,0.000,0.000,0.000,0.000,0.000,-0.012,-0.029
316.43,0.105,0,0.389,0.442,1,0.000,0.000,0.000,0.000,0.000,0.000,-0.022,-0.027
316.63,0.105,0,0.395,0.443,1,0.000,0.000,0.000,0.000,0.000,0.000,-0.022,-0.027
316.83,0.105,0,0.395,0.443,1,0.000,0.000,0.000,0.000,0.000,0.000,-0.017,-0.028
317.03,0.105,0,0.395,0.443,1,0.000,0.000,0.000,0.000,0.000,0.000,-0.019,-0.034
317.23,0.105,0,0.391,0.443,1,0.000,0.000,0.000,0.000,0.000,0.000,-0.013,-0.024
317.43,0.105,0,0.391,0.443,1,0.000,0.000,0.000,0.000,0.000,0.000,-0.018,-0.040
317.63,0.106,0,0.387,0.443,1,0.000,0.000,0.000,0.000,0.000,0.000,-0.018,-0.040
317.83,0.105,0,0.387,0.443,1,0.000,0.000,0.000,0.000,0.000,0.000,-0.016,-0.016
318.03,0.105,0,0.387,0.443,1,0.000,0.000,0.000,0.000,0.000,0.000,-0.013,-0.020
318.23,0.106,0,0.812,0.443,0,0.000,0.000,0.000,0.000,0.000,0.000,-0.023,-0.028
318.43,0.106,0,0.812,0.443,0,0.000,0.000,0.000,0.000,0.000,0.000,-0.010,-0.021
318.63,0.105,0,0.385,0.443,1,0.000,0.000,0.000,0.000,0.000,0.000,-0.010,-0.021
318.83,0.105,0,0.385,0.443,1,0.000,0.000,0.000,0.000,0.000,0.000,-0.021,-0.030
319.03,0.105,0,0.385,0.443,1,0.000,0.000,0.000,0.000,0.000,0.000,-0.017,-0.014
319.23,0.105,0,0.386,0.443,1,0.000,0.000,0.000,0.000,0.000,0.000,-0.029,-0.042
319.43,0.105,0,0.386,0.443,1,0.000,0.000,0.000,0.000,0.000,0.000,-0.016,-0.025
319.63,0.105,0,0.385,0.443,1,0.000,0.000,0.000,0.000,0.000,0.000,-0.016,-0.025
319.83,0.105,0,0.385,0.443,1,0.000,0.000,0.000,0.000,0.000,0.000,-0.011,-0.034
320.03,0.106,0,0.385,0.443,1,0.000,0.000,0.000,0.000,0.000,0.000,-0.022,-0.032
320.23,0.105,0,0.401,0.443,1,0.000,0.000,0.000,0.000,0.000,0.000,-0.021,-0.022
320.43,0.105,0,0.401,0.443,1,0.000,0.000,0.000,0.000,0.000,0.000,-0.022,-0.028
320.63,0.106,0,0.387,0.443,1,0.000,0.000,0.000,0.000,0.000,0.000,-0.022,-0.028
320.83,0.106,0,0.387,0.443,1,0.000,0.000,0.000,0.000,0.000,0.000,-0.018,-0.040
321.03,0.106,0,0.387,0.443,1,0.000,0.000,0.000,0.000,0.000,0.000,-0.015,-0.031
321.23,0.105,0,0.388,0.443,1,0.000,0.000,0.000,0.000,0.000,0.000,-0.018,-0.016
321.43,0.105,0,0.388,0.443,1,0.000,0.000,0.000,0.000,0.000,0.000,-0.009,-0.040
321.63,0.105,0,0.385,0.443,1,0.000,0.000,0.000,0.000,0.000,0.000,-0.009,-0.040
321.83,0.105,0,0.385,0.443,1,0.000,0.000,0.000,0.000,0.000,0.000,-0.018,-0.036
322.03,0.105,0,0.385,0.443,1,0.000,0.000,0.000,0.000,0.000,0.000,-0.023,-0.014
322.23,0.105,0,0.387,0.443,1,0.000,0.000,0.000,0.000,0.000,0.000,-0.015,-0.034
322.43,0.105,0,0.387,0.443,1,0.000,0.000,0.000,0.000,0.000,0.000,-0.017,-0.015
322.63,0.105,0,0.392,0.442,1,0.000,0.000,0.000,0.000,0.000,0.000,-0.017,-0.015
322.83,0.105,0,0.392,0.442,1,0.000,0.000,0.000,0.000,0.000,0.000,-0.019,-0.038
323.03,0.106,0,0.392,0.442,1,0.000,0.000,0.000,0.000,0.000,0.000,-0.017,-0.046
323.23,0.106,0,0.389,0.443,1,0.000,0.000,0.000,0.000,0.000,0.000,-0.025,-0.043
323.43,0.106,0,0.389,0.443,1,0.000,0.000,0.000,0.000,0.000,0.000,-0.016,-0.032
323.63,0.106,0,0.387,0.443,1,0.000,0.000,0.000,0.000,0.000,0.000,-0.016,-0.032
323.83,0.106,0,0.387,0.443,1,0.000,0.000,0.000,0.000,0.000,0.000,-0.019,-0.043
324.03,0.106,0,0.387,0.443,1,0.000,0.000,0.000,0.000,0.000,0.000,-0.009,-0.031
324.23,0.105,0,0.386,0.443,1,0.000,0.000,0.000,0.000,0.000,0.000,-0.024,-0.035
324.43,0.105,0,0.386,0.443,1,0.000,0.000,0.000,0.000,0.000,0.000,-0.024,-0.035
324.63,0.105,0,0.395,0.443,1,0.000,0.000,0.000,0.000,0.000,0.000,-0.013,-0.029
324.83,0.105,0,0.395,0.443,1,0.000,0.000,0.000,0.000,0.000,0.000,-0.027,-0.046
325.03,0.105,0,0.395,0.443,1,0.000,0.000,0.000,0.000,0.000,0.000,-0.020,-0.033
325.23,0.105,0,0.384,0.443,1,0.000,0.000,0.000,0.000,0.000,0.000,-0.010,-0.027
325.43,0.106,0,0.384,0.443,1,0.000,0.000,0.000,0.000,0.000,0.000,-0.010,-0.027
325.63,0.105,0,0.385,0.443,1,0.000,0.000,0.000,0.000,0.000,0.000,-0.019,-0.035
325.83,0.105,0,0.385,0.443,1,0.000,0.000,0.000,0.000,0.000,0.000,-0.013,-0.025
326.03,0.105,0,0.385,0.443,1,0.000,0.000,0.000,0.000,0.000,0.000,-0.017,-0.033
326.23,0.105,0,0.387,0.443,1,0.000,0.000,0.000,0.000,0.000,0.000,-0.019,-0.043
326.43,0.104,0,0.387,0.443,1,0.000,0.000,0.000,0.000,0.000,0.000,-0.019,-0.043
326.63,0.105,0,0.392,0.443,1,0.000,0.000,0.000,0.000,0.000,0.000,-0.019,-0.038
326.83,0.105,0,0.392,0.443,1,0.000,0.000,0.000,0.000,0.000,0.000,-0.015,-0.018
327.03,0.106,0,0.392,0.443,1,0.000,0.000,0.000,0.000,0.000,0.000,-0.013,-0.021
327.23,0.106,0,0.391,0.443,1,0.000,0.000,0.000,0.000,0.000,0.000,-0.013,-0.023
327.43,0.105,0,0.391,0.443,1,0.000,0.000,0.000,0.000,0.000,0.000,-0.013,-0.023
327.63,0.105,0,0.394,0.443,1,0.000,0.000,0.000,0.000,0.000,0.000,-0.020,-0.027
327.83,0.106,0,0.394,0.443,1,0.000,0.000,0.000,0.000,0.000,0.000,-0.025,-0.028
328.03,0.106,0,0.394,0.443,1,0.000,0.000,0.000,0.000,0.000,0.000,-0.017,-0.037
328.23,0.106,0,0.400,0.443,1,0.000,0.000,0.000,0.000,0.000,0.000,-0.020,-0.023
328.43,0.105,0,0.400,0.443,1,0.000,0.000,0.000,0.000,0.000,0.000,-0.020,-0.023
328.63,0.105,0,0.389,0.443,1,0.000,0.000,0.000,0.000,0.000,0.000,-0.016,-0.009
328.83,0.105,0,0.389,0.443,1,0.000,0.000,0.000,0.000,0.000,0.000,-0.015,-0.037
329.03,0.106,0,0.389,0.443,1,0.000,0.000,0.000,0.000,0.000,0.000,-0.009,-0.038
329.23,0.106,0,0.390,0.443,1,0.000,0.000,0.000,0.000,0.000,0.000,-0.027,-0.032
329.43,0.105,0,0.390,0.443,1,0.000,0.000,0.000,0.000,0.000,0.000,-0.027,-0.032
329.63,0.105,0,0.387,0.443,1,0.000,0.000,0.000,0.000,0.000,0.000,-0.024,-0.026
329.83,0.106,0,0.387,0.443,1,0.000,0.000,0.000,0.000,0.000,0.000,-0.023,-0.030
330.03,0.105,0,0.387,0.443,1,0.000,0.000,0.000,0.000,0.000,0.000,-0.020,-0.033
330.23,0.105,0,0.396,0.443,1,0.000,0.000,0.000,0.000,0.000,0.000,-0.025,-0.013
330.43,0.105,0,0.396,0.443,1,0.000,0.000,0.000,0.000,0.000,0.000,-0.025,-0.013
330.63,0.105,0,0.387,0.443,1,0.000,0.000,0.000,0.000,0.000,0.000,-0.022,-0.019
330.83,0.106,0,0.387,0.443,1,0.000,0.000,0.000,0.000,0.000,0.000,-0.016,-0.012
331.03,0.105,0,0.387,0.443,1,0.000,0.000,0.000,0.000,0.000,0.000,-0.023,-0.022
331.23,0.105,0,0.384,0.443,1,0.000,0.000,0.000,0.000,0.000,0.000,-0.021,-0.025
331.43,0.105,0,0.384,0.443,1,0.000,0.000,0.000,0.000,0.000,0.000,-0.021,-0.025
331.63,0.105,0,0.385,0.443,1,0.000,0.000,0.000,0.000,0.000,0.000,-0.019,-0.007
331.83,0.105,0,0.385,0.443,1,0.000,0.000,0.000,0.000,0.000,0.000,-0.017,-0.003
332.03,0.105,0,0.385,0.443,1,0.000,0.000,0.000,0.000,0.000,0.000,-0.026,-0.005
332.23,0.105,0,0.390,0.443,1,0.000,0.000,0.000,0.000,0.000,0.000,-0.014,-0.001
332.43,0.105,0,0.390,0.443,1,0.000,0.000,0.000,0.000,0.000,0.000,-0.014,-0.001
332.63,0.105,0,0.385,0.443,1,0.000,0.000,0.000,0.000,0.000,0.000,-0.019,-0.006
332.83,0.106,0,0.385,0.443,1,0.000,0.000,0.000,0.000,0.000,0.000,-0.021,-0.013
333.03,0.106,0,0.385,0.443,1,0.000,0.000,0.000,0.000,0.000,0.000,-0.013,-0.000
333.23,0.105,0,0.384,0.443,1,0.000,0.000,0.000,0.000,0.000,0.000,-0.013,-0.000
333.43,0.106,0,0.384,0.443,1,0.000,0.000,0.000,0.000,0.000,0.000,-0.020,-0.003
333.63,0.105,0,0.387,0.443,1,0.000,0.000,0.000,0.000,0.000,0.000,-0.017,-0.002
333.83,0.105,0,0.387,0.443,1,0.000,0.000,0.000,0.000,0.000,0.000,-0.023,-0.016
334.03,0.105,0,0.387,0.443,1,0.000,0.000,0.000,0.000,0.000,0.000,-0.024,-0.009
334.23,0.106,0,0.396,0.443,1,0.000,0.000,0.000,0.000,0.000,0.000,-0.024,-0.009
334.43,0.105,0,0.396,0.443,1,0.000,0.000,0.000,0.000,0.000,0.000,-0.018,-0.008
334.63,0.106,0,0.385,0.443,1,0.000,0.000,0.000,0.000,0.000,0.000,-0.016,-0.013
334.83,0.106,0,0.385,0.443,1,0.000,0.000,0.000,0.000,0.000,0.000,-0.019,-0.003
335.03,0.106,0,0.385,0.443,1,0.000,0.000,0.000,0.000,0.000,0.000,-0.019,-0.009
335.23,0.105,0,0.402,0.443,1,0.000,0.000,0.000,0.000,0.000,0.000,-0.019,-0.009
335.43,0.105,0,0.402,0.443,1,0.000,0.000,0.000,0.000,0.000,0.000,-0.018,-0.011
335.63,0.105,0,0.400,0.443,1,0.000,0.000,0.000,0.000,0.000,0.000,-0.016,-0.003
335.83,0.105,0,0.400,0.443,1,0.000,0.000,0.000,0.000,0.000,0.000,-0.019,-0.007
336.03,0.105,0,0.400,0.443,1,0.000,0.000,0.000,0.000,0.000,0.000,-0.016,-0.009
336.23,0.105,0,0.385,0.443,1,0.000,0.000,0.000,0.000,0.000,0.000,-0.016,-0.009
336.43,0.105,0,0.385,0.443,1,0.000,0.000,0.000,0.000,0.000,0.000,-0.017,-0.006
336.63,0.105,0,0.386,0.443,1,0.000,0.000,0.000,0.000,0.000,0.000,-0.019,-0.025
336.83,0.105,0,0.386,0.443,1,0.000,0.000,0.000,0.000,0.000,0.000,-0.020,-0.017
337.03,0.105,0,0.386,0.443,1,0.000,0.000,0.000,0.000,0.000,0.000,-0.023,0.004
337.23,0.106,0,0.392,0.443,1,0.000,0.000,0.000,0.000,0.000,0.000,-0.023,0.004
337.43,0.105,0,0.392,0.443,1,0.000,0.000,0.000,0.000,0.000,0.000,-0.014,-0.006
337.63,0.106,0,2.480,0.443,0,0.000,0.000,0.000,0.000,0.000,0.000,-0.020,-0.006
337.83,0.105,0,2.480,0.443,0,0.000,0.000,0.000,0.000,0.000,0.000,-0.012,-0.009
338.03,0.105,0,2.480,0.443,0,0.000,0.000,0.000,0.000,0.000,0.000,-0.017,-0.008
338.23,0.105,0,2.489,0.443,0,0.000,0.000,0.000,0.000,0.000,0.000,-0.017,-0.008
338.43,0.105,0,2.489,0.443,0,0.000,0.000,0.000,0.000,0.000,0.000,-0.016,-0.008
338.63,0.105,0,0.386,0.443,1,0.000,0.000,0.000,0.000,0.000,0.000,-0.023,-0.011
338.83,0.105,0,0.386,0.443,1,0.000,0.000,0.000,0.000,0.000,0.000,-0.026,0.001
339.03,0.105,0,0.386,0.443,1,0.000,0.000,0.000,0.000,0.000,0.000,-0.014,-0.014
339.23,0.106,0,2.498,0.443,0,0.000,0.000,0.000,0.000,0.000,0.000,-0.014,-0.014
339.43,0.105,0,2.498,0.443,0,0.000,0.000,0.000,0.000,0.000,0.000,-0.020,-0.018
339.63,0.105,0,0.389,0.443,1,0.000,0.000,0.000,0.000,0.000,0.000,-0.018,0.002
339.83,0.105,0,0.389,0.443,1,0.000,0.000,0.000,0.000,0.000,0.000,-0.018,-0.009
340.03,0.105,0,0.389,0.443,1,0.000,0.000,0.000,0.000,0.000,0.000,-0.019,-0.020
340.23,0.106,0,0.390,0.443,1,0.000,0.000,0.000,0.000,0.000,0.000,-0.019,-0.020
340.43,0.105,0,0.390,0.443,1,0.000,0.000,0.000,0.000,0.000,0.000,-0.018,-0.007
340.63,0.105,0,0.385,0.443,1,0.000,0.000,0.000,0.000,0.000,0.000,-0.015,0.002
340.83,0.106,0,0.385,0.443,1,0.000,0.000,0.000,0.000,0.000,0.000,-0.019,-0.004
341.03,0.106,0,0.385,0.443,1,0.000,0.000,0.000,0.000,0.000,0.000,-0.009,-0.019
341.23,0.105,0,0.384,0.443,1,0.000,0.000,0.000,0.000,0.000,0.000,-0.009,-0.019
341.43,0.105,0,0.384,0.443,1,0.000,0.000,0.000,0.000,0.000,0.000,-0.019,-0.010
341.63,0.105,0,0.384,0.443,1,0.000,0.000,0.000,0.000,0.000,0.000,-0.017,-0.008
341.83,0.105,0,0.384,0.443,1,0.000,0.000,0.000,0.000,0.000,0.000,-0.020,-0.003
342.03,0.105,0,0.384,0.443,1,0.000,0.000,0.000,0.000,0.000,0.000,-0.020,-0.003
342.23,0.105,0,0.386,0.443,1,0.000,0.000,0.000,0.000,0.000,0.000,-0.014,-0.004
342.43,0.106,0,0.386,0.443,1,0.000,0.000,0.000,0.000,0.000,0.000,-0.019,-0.009
342.63,0.106,0,0.398,0.443,1,0.000,0.000,0.000,0.000,0.000,0.000,-0.017,-0.010
342.83,0.106,0,0.398,0.443,1,0.000,0.000,0.000,0.000,0.000,0.000,-0.014,0.002
343.03,0.105,0,0.398,0.443,1,0.000,0.000,0.000,0.000,0.000,0.000,-0.014,0.002
343.23,0.105,0,0.387,0.443,1,0.000,0.000,0.000,0.000,0.000,0.000,-0.015,-0.020
343.43,0.105,0,0.387,0.443,1,0.000,0.000,0.000,0.000,0.000,0.000,-0.014,0.001
343.63,0.105,0,0.384,0.443,1,0.000,0.000,0.000,0.000,0.000,0.000,-0.019,-0.002
343.83,0.105,0,0.384,0.443,1,0.000,0.000,0.000,0.000,0.000,0.000,-0.016,0.004
344.03,0.105,0,0.384,0.443,1,0.000,0.000,0.000,0.000,0.000,0.000,-0.016,0.004
344.23,0.105,0,0.400,0.443,1,0.000,0.000,0.000,0.000,0.000,0.000,-0.012,0.003
344.43,0.105,0,0.400,0.443,1,0.000,0.000,0.000,0.000,0.000,0.000,-0.020,0.005
344.63,0.105,0,0.387,0.443,1,0.000,0.000,0.000,0.000,0.000,0.000,-0.017,0.011
344.83,0.105,0,0.387,0.443,1,0.000,0.000,0.000,0.000,0.000,0.000,-0.010,0.002
345.03,0.105,0,0.387,0.443,1,0.000,0.000,0.000,0.000,0.000,0.000,-0.010,0.002
345.23,0.105,0,0.386,0.443,1,0.000,0.000,0.000,0.000,0.000,0.000,-0.011,-0.002
345.43,0.105,0,0.386,0.443,1,0.000,0.000,0.000,0.000,0.000,0.000,-0.018,0.003
345.63,0.106,0,0.393,0.443,1,0.000,0.000,0.000,0.000,0.000,0.000,-0.013,-0.010
345.83,0.106,0,0.393,0.443,1,0.000,0.000,0.000,0.000,0.000,0.000,-0.013,-0.008
346.03,0.105,0,0.393,0.443,1,0.000,0.000,0.000,0.000,0.000,0.000,-0.013,-0.008
346.23,0.105,0,0.385,0.443,1,0.000,0.000,0.000,0.000,0.000,0.000,-0.013,-0.007
346.43,0.105,0,0.385,0.443,1,0.000,0.000,0.000,0.000,0.000,0.000,-0.010,-0.002
346.63,0.106,0,0.385,0.443,1,0.000,0.000,0.000,0.000,0.000,0.000,-0.018,0.001
346.83,0.106,0,0.385,0.443,1,0.000,0.000,0.000,0.000,0.000,0.000,-0.019,-0.002
347.03,0.105,0,0.385,0.443,1,0.000,0.000,0.000,0.000,0.000,0.000,-0.019,-0.002
347.23,0.105,0,0.387,0.443,1,0.000,0.000,0.000,0.000,0.000,0.000,-0.015,-0.008
347.43,0.105,0,0.387,0.443,1,0.000,0.000,0.000,0.000,0.000,0.000,-0.017,0.004
347.63,0.105,0,0.386,0.443,1,0.000,0.000,0.000,0.000,0.000,0.000,-0.014,-0.006
347.83,0.105,0,0.386,0.443,1,0.000,0.000,0.000,0.000,0.000,0.000,-0.021,-0.007
348.03,0.105,0,0.386,0.443,1,0.000,0.000,0.000,0.000,0.000,0.000,-0.021,-0.007
