t,min_range,blocked,lidar_range,camera_range,agree,cmd_in_vx,cmd_in_vy,cmd_in_wz,cmd_out_vx,cmd_out_vy,cmd_out_wz,odom_x,odom_y
0.23,nan,0,nan,nan,0,0.000,0.000,0.000,0.000,0.000,0.000,0.000,0.000
0.43,nan,0,nan,nan,0,0.000,0.000,0.000,0.000,0.000,0.000,0.000,0.000
0.63,nan,0,nan,nan,0,0.000,0.000,0.000,0.000,0.000,0.000,0.000,0.000
0.83,nan,0,nan,nan,0,0.000,0.000,0.000,0.000,0.000,0.000,0.000,0.000
1.03,nan,0,nan,nan,0,0.000,0.000,0.000,0.000,0.000,0.000,0.000,0.000
1.23,nan,0,nan,nan,0,0.000,0.000,0.000,0.000,0.000,0.000,0.000,0.000
1.43,nan,0,nan,nan,0,0.000,0.000,0.000,0.000,0.000,0.000,0.000,0.000
1.63,nan,0,nan,nan,0,0.000,0.000,0.000,0.000,0.000,0.000,0.000,0.000
1.83,nan,0,nan,nan,0,0.000,0.000,0.000,0.000,0.000,0.000,0.000,0.000
2.03,0.105,0,nan,nan,0,0.000,0.000,0.000,0.000,0.000,0.000,0.000,0.000
2.23,0.105,0,nan,nan,0,0.000,0.000,0.000,0.000,0.000,0.000,0.006,-0.004
2.43,0.379,0,nan,nan,0,0.000,0.000,0.000,0.000,0.000,0.000,0.002,-0.001
2.63,0.378,0,nan,nan,0,0.000,0.000,0.000,0.000,0.000,0.000,0.002,-0.001
2.83,0.107,0,nan,nan,0,0.000,0.000,0.000,0.000,0.000,0.000,0.005,-0.000
3.03,0.106,0,nan,nan,0,0.000,0.000,0.000,0.000,0.000,0.000,0.004,-0.001
3.23,0.106,0,nan,nan,0,0.000,0.000,0.000,0.000,0.000,0.000,0.006,-0.005
3.43,0.382,0,0.392,0.421,1,0.000,0.000,0.000,0.000,0.000,0.000,0.006,-0.005
3.63,0.382,0,0.392,0.421,1,0.000,0.000,0.000,0.000,0.000,0.000,0.005,0.000
3.83,0.380,0,0.392,0.421,1,0.000,0.000,0.000,0.000,0.000,0.000,0.004,-0.001
4.03,0.380,0,0.391,0.421,1,0.000,0.000,0.000,0.000,0.000,0.000,0.006,-0.005
4.23,0.377,0,0.391,0.421,1,0.000,0.000,0.000,0.000,0.000,0.000,0.001,-0.003
4.43,0.377,0,0.388,0.421,1,0.000,0.000,0.000,0.000,0.000,0.000,0.001,-0.003
4.63,0.108,0,0.388,0.421,1,0.000,0.000,0.000,0.000,0.000,0.000,0.004,0.002
4.83,0.382,0,0.388,0.421,1,0.000,0.000,0.000,0.000,0.000,0.000,0.002,0.001
5.03,0.382,0,0.392,0.422,1,0.000,0.000,0.000,0.000,0.000,0.000,0.004,-0.004
5.23,0.382,0,0.392,0.422,1,0.000,0.000,0.000,0.000,0.000,0.000,0.004,-0.004
5.43,0.377,0,0.388,0.422,1,0.000,0.000,0.000,0.000,0.000,0.000,0.002,-0.002
5.63,0.107,0,0.388,0.422,1,0.000,0.000,0.000,0.000,0.000,0.000,0.005,-0.005
5.83,0.107,0,0.388,0.422,1,0.000,0.000,0.000,0.000,0.000,0.000,0.004,-0.002
6.03,0.105,0,0.392,0.422,1,0.000,0.000,0.000,0.000,0.000,0.000,0.001,0.002
6.23,0.382,0,0.392,0.422,1,0.000,0.000,0.000,0.000,0.000,0.000,0.001,0.002
6.43,0.378,0,0.389,0.422,1,0.000,0.000,0.000,0.000,0.000,0.000,-0.005,0.003
6.63,0.382,0,0.389,0.422,1,0.000,0.000,0.000,0.000,0.000,0.000,-0.003,-0.001
6.83,0.382,0,0.389,0.422,1,0.000,0.000,0.000,0.000,0.000,0.000,-0.003,-0.004
7.03,0.379,0,0.390,0.421,1,0.000,0.000,0.000,0.000,0.000,0.000,-0.003,-0.004
7.23,0.382,0,0.390,0.421,1,0.000,0.000,0.000,0.000,0.000,0.000,-0.005,-0.001
7.43,0.382,0,0.392,0.421,1,0.000,0.000,0.000,0.000,0.000,0.000,-0.003,-0.001
7.63,0.379,0,0.392,0.421,1,0.000,0.000,0.000,0.000,0.000,0.000,-0.006,-0.003
7.83,0.379,0,0.392,0.421,1,0.000,0.000,0.000,0.000,0.000,0.000,0.003,0.038
8.03,0.381,0,0.391,0.403,1,0.000,0.000,0.000,0.000,0.000,0.000,0.003,0.038
8.23,0.386,0,0.391,0.403,1,0.000,0.000,0.000,0.000,0.000,0.000,-0.004,0.043
8.43,0.106,0,0.401,0.358,1,0.000,0.000,0.000,0.000,0.000,0.000,-0.007,0.035
8.63,0.106,0,0.401,0.358,1,0.000,0.000,0.000,0.000,0.000,0.000,-0.013,0.030
8.83,0.394,0,0.401,0.358,1,0.000,0.000,0.000,0.000,0.000,0.000,-0.012,0.045
9.03,0.397,0,0.409,0.362,1,0.000,0.000,0.000,0.000,0.000,0.000,-0.012,0.045
9.23,0.107,0,0.409,0.362,1,0.000,0.000,0.000,0.000,0.000,0.000,-0.020,0.033
9.43,0.396,0,0.406,0.366,1,0.000,0.000,0.000,0.000,0.000,0.000,-0.015,0.050
9.63,0.396,0,0.406,0.366,1,0.000,0.000,0.000,0.000,0.000,0.000,-0.024,0.019
9.83,0.105,0,0.406,0.366,1,0.000,0.000,0.000,0.000,0.000,0.000,-0.024,0.019
10.03,0.105,0,0.405,0.366,1,0.000,0.000,0.000,0.000,0.000,0.000,-0.030,0.001
10.23,0.392,0,0.405,0.366,1,0.000,0.000,0.000,0.000,0.000,0.000,-0.029,-0.061
10.43,0.392,0,0.408,0.361,1,0.000,0.000,0.000,0.000,0.000,0.000,-0.034,-0.049
10.63,0.387,0,0.408,0.361,1,0.000,0.000,0.000,0.000,0.000,0.000,-0.027,-0.063
10.83,0.105,0,0.408,0.361,1,0.000,0.000,0.000,0.000,0.000,0.000,-0.027,-0.063
11.03,0.372,0,0.391,0.419,1,0.000,0.000,0.000,0.000,0.000,0.000,-0.025,-0.063
11.23,0.364,0,0.391,0.419,1,0.000,0.000,0.000,0.000,0.000,0.000,-0.028,-0.071
11.43,0.364,0,0.375,0.422,1,0.000,0.000,0.000,0.000,0.000,0.000,-0.014,-0.068
11.63,0.105,0,0.375,0.422,1,0.000,0.000,0.000,0.000,0.000,0.000,-0.014,-0.068
11.83,0.105,0,0.375,0.422,1,0.000,0.000,0.000,0.000,0.000,0.000,0.002,-0.043
12.03,0.105,0,0.374,0.421,1,0.000,0.000,0.000,0.000,0.000,0.000,-0.003,-0.036
12.23,0.105,0,0.374,0.421,1,0.000,0.000,0.000,0.000,0.000,0.000,0.005,-0.034
12.43,0.106,0,0.378,0.421,1,0.000,0.000,0.000,0.000,0.000,0.000,0.016,-0.035
12.63,0.291,0,0.378,0.421,1,0.000,0.000,0.000,0.000,0.000,0.000,0.016,-0.035
12.83,0.106,0,0.378,0.421,1,0.000,0.000,0.000,0.000,0.000,0.000,0.006,-0.034
13.03,0.105,0,0.374,0.421,1,0.000,0.000,0.000,0.000,0.000,0.000,0.005,-0.037
13.23,0.105,0,0.374,0.421,1,0.000,0.000,0.000,0.000,0.000,0.000,0.005,-0.036
13.43,0.106,0,0.376,0.421,1,0.000,0.000,0.000,0.000,0.000,0.000,0.005,-0.036
13.63,0.108,0,0.376,0.421,1,0.000,0.000,0.000,0.000,0.000,0.000,0.007,-0.036
13.83,0.105,0,0.376,0.421,1,0.000,0.000,0.000,0.000,0.000,0.000,0.002,-0.037
14.03,0.105,0,0.377,0.421,1,0.000,0.000,0.000,0.000,0.000,0.000,0.006,-0.037
14.23,0.107,0,0.377,0.421,1,0.000,0.000,0.000,0.000,0.000,0.000,-0.025,-0.053
14.43,0.105,0,0.378,0.415,1,0.000,0.000,0.000,0.000,0.000,0.000,-0.025,-0.053
14.63,0.105,0,0.378,0.415,1,0.000,0.000,0.000,0.000,0.000,0.000,-0.043,-0.042
14.83,0.105,0,0.378,0.415,1,0.000,0.000,0.000,0.000,0.000,0.000,-0.033,-0.062
15.03,0.105,0,0.374,0.397,1,0.000,0.000,0.000,0.000,0.000,0.000,-0.037,-0.085
15.23,0.105,0,0.374,0.397,1,0.000,0.000,0.000,0.000,0.000,0.000,-0.037,-0.085
15.43,0.105,0,0.373,0.512,1,0.000,0.000,0.000,0.000,0.000,0.000,-0.052,-0.093
15.63,0.105,0,0.373,0.512,1,0.000,0.000,0.000,0.000,0.000,0.000,-0.053,-0.063
15.83,0.105,0,0.373,0.512,1,0.000,0.000,0.000,0.000,0.000,0.000,-0.065,-0.073
16.03,0.106,0,0.631,0.501,1,0.000,0.000,0.000,0.000,0.000,0.000,-0.061,-0.075
16.23,0.105,0,0.631,0.501,1,0.000,0.000,0.000,0.000,0.000,0.000,-0.061,-0.075
16.43,0.106,0,0.604,0.491,1,0.000,0.000,0.000,0.000,0.000,0.000,-0.074,-0.081
16.63,0.105,0,0.604,0.491,1,0.000,0.000,0.000,0.000,0.000,0.000,-0.070,-0.090
16.83,0.105,0,0.604,0.491,1,0.000,0.000,0.000,0.000,0.000,0.000,-0.074,-0.083
17.03,0.105,0,0.599,0.499,1,0.000,0.000,0.000,0.000,0.000,0.000,-0.074,-0.083
17.23,0.105,0,0.599,0.499,1,0.000,0.000,0.000,0.000,0.000,0.000,-0.062,-0.086
17.43,0.105,0,0.487,0.501,1,0.000,0.000,0.000,0.000,0.000,0.000,-0.058,-0.108
17.63,0.105,0,0.487,0.501,1,0.000,0.000,0.000,0.000,0.000,0.000,-0.051,-0.109
17.83,0.105,0,0.487,0.501,1,0.000,0.000,0.000,0.000,0.000,0.000,-0.056,-0.123
18.03,0.106,0,0.594,0.498,1,0.000,0.000,0.000,0.000,0.000,0.000,-0.056,-0.123
18.23,0.106,0,0.594,0.498,1,0.000,0.000,0.000,0.000,0.000,0.000,-0.033,-0.126
18.43,0.105,0,0.592,0.495,1,0.000,0.000,0.000,0.000,0.000,0.000,-0.039,-0.122
18.63,0.105,0,0.592,0.495,1,0.000,0.000,0.000,0.000,0.000,0.000,-0.009,-0.124
18.83,0.106,0,0.592,0.495,1,0.000,0.000,0.000,0.000,0.000,0.000,-0.009,-0.124
19.03,0.105,0,0.583,0.490,1,0.000,0.000,0.000,0.000,0.000,0.000,0.004,-0.120
19.23,0.105,0,0.583,0.490,1,0.000,0.000,0.000,0.000,0.000,0.000,-0.012,-0.108
19.43,0.106,0,0.558,0.488,1,0.000,0.000,0.000,0.000,0.000,0.000,-0.002,-0.100
19.63,0.106,0,0.558,0.488,1,0.000,0.000,0.000,0.000,0.000,0.000,-0.017,-0.093
19.83,0.105,0,0.558,0.488,1,0.000,0.000,0.000,0.000,0.000,0.000,-0.017,-0.093
20.03,0.105,0,0.567,0.486,1,0.000,0.000,0.000,0.000,0.000,0.000,-0.061,-0.078
20.23,0.105,0,0.567,0.486,1,0.000,0.000,0.000,0.000,0.000,0.000,-0.085,-0.076
20.43,0.105,0,0.691,0.487,0,0.000,0.000,0.000,0.000,0.000,0.000,-0.055,-0.074
20.63,0.107,0,0.691,0.487,0,0.000,0.000,0.000,0.000,0.000,0.000,-0.055,-0.074
20.83,0.105,0,0.691,0.487,0,0.000,0.000,0.000,0.000,0.000,0.000,-0.053,-0.069
21.03,0.105,0,0.774,0.503,0,0.000,0.000,0.000,0.000,0.000,0.000,-0.048,-0.069
21.23,0.106,0,0.774,0.503,0,0.000,0.000,0.000,0.000,0.000,0.000,-0.060,-0.074
21.43,0.106,0,0.497,0.541,1,0.000,0.000,0.000,0.000,0.000,0.000,-0.046,-0.070
21.63,0.105,0,0.497,0.541,1,0.000,0.000,0.000,0.000,0.000,0.000,-0.046,-0.070
21.83,0.380,0,0.497,0.541,1,0.000,0.000,0.000,0.000,0.000,0.000,-0.054,-0.092
22.03,0.380,0,0.476,0.545,1,0.000,0.000,0.000,0.000,0.000,0.000,-0.051,-0.089
22.23,0.380,0,0.476,0.545,1,0.000,0.000,0.000,0.000,0.000,0.000,-0.052,-0.087
22.43,0.384,0,0.478,0.644,1,0.000,0.000,0.000,0.000,0.000,0.000,-0.050,-0.090
22.63,0.383,0,0.478,0.644,1,0.000,0.000,0.000,0.000,0.000,0.000,-0.050,-0.090
22.83,0.382,0,0.478,0.644,1,0.000,0.000,0.000,0.000,0.000,0.000,-0.053,-0.094
23.03,0.384,0,0.478,0.552,1,0.000,0.000,0.000,0.000,0.000,0.000,-0.066,-0.106
23.23,0.384,0,0.478,0.552,1,0.000,0.000,0.000,0.000,0.000,0.000,-0.072,-0.069
23.43,0.385,0,0.470,0.439,1,0.000,0.000,0.000,0.000,0.000,0.000,-0.072,-0.069
23.63,0.392,0,0.470,0.439,1,0.000,0.000,0.000,0.000,0.000,0.000,-0.079,-0.082
23.83,0.391,0,0.470,0.439,1,0.000,0.000,0.000,0.000,0.000,0.000,-0.085,-0.097
24.03,0.391,0,0.444,0.432,1,0.000,0.000,0.000,0.000,0.000,0.000,-0.082,-0.106
24.23,0.392,0,0.444,0.432,1,0.000,0.000,0.000,0.000,0.000,0.000,-0.077,-0.124
24.43,0.395,0,0.446,0.442,1,0.000,0.000,0.000,0.000,0.000,0.000,-0.077,-0.124
24.63,0.392,0,0.446,0.442,1,0.000,0.000,0.000,0.000,0.000,0.000,-0.064,-0.150
24.83,0.386,0,0.446,0.442,1,0.000,0.000,0.000,0.000,0.000,0.000,-0.030,-0.169
25.03,0.386,0,0.477,0.507,1,0.000,0.000,0.000,0.000,0.000,0.000,-0.019,-0.149
25.23,0.106,0,0.477,0.507,1,0.000,0.000,0.000,0.000,0.000,0.000,-0.019,-0.149
25.43,0.105,0,0.778,0.481,0,0.000,0.000,0.000,0.000,0.000,0.000,0.001,-0.135
25.63,0.105,0,0.778,0.481,0,0.000,0.000,0.000,0.000,0.000,0.000,0.013,-0.124
25.83,0.105,0,0.778,0.481,0,0.000,0.000,0.000,0.000,0.000,0.000,-0.001,-0.105
26.03,0.106,0,0.354,0.476,1,0.000,0.000,0.000,0.000,0.000,0.000,-0.019,-0.094
26.23,0.343,0,0.354,0.476,1,0.000,0.000,0.000,0.000,0.000,0.000,-0.019,-0.094
26.43,0.105,0,0.352,0.474,1,0.000,0.000,0.000,0.000,0.000,0.000,-0.022,-0.109
26.63,0.108,0,0.352,0.474,1,0.000,0.000,0.000,0.000,0.000,0.000,0.002,-0.094
26.83,0.108,0,0.352,0.474,1,0.000,0.000,0.000,0.000,0.000,0.000,0.002,-0.080
27.03,0.105,0,0.346,0.363,1,0.000,0.000,0.000,0.000,0.000,0.000,0.002,-0.080
27.23,0.105,0,0.346,0.363,1,0.000,0.000,0.000,0.000,0.000,0.000,0.024,-0.065
27.43,0.105,0,0.342,0.378,1,0.000,0.000,0.000,0.000,0.000,0.000,0.029,-0.049
27.63,0.106,0,0.342,0.378,1,0.000,0.000,0.000,0.000,0.000,0.000,0.025,-0.057
27.83,0.106,0,0.342,0.378,1,0.000,0.000,0.000,0.000,0.000,0.000,0.020,-0.052
28.03,0.331,0,0.343,0.385,1,0.000,0.000,0.000,0.000,0.000,0.000,0.020,-0.052
28.23,0.332,0,0.343,0.385,1,0.000,0.000,0.000,0.000,0.000,0.000,0.019,-0.053
28.43,0.329,0,0.342,0.399,1,0.000,0.000,0.000,0.000,0.000,0.000,0.033,-0.020
28.63,0.329,0,0.342,0.399,1,0.000,0.000,0.000,0.000,0.000,0.000,0.024,-0.043
28.83,0.334,0,0.342,0.399,1,0.000,0.000,0.000,0.000,0.000,0.000,0.024,-0.043
29.03,0.105,0,0.347,0.395,1,0.000,0.000,0.000,0.000,0.000,0.000,0.013,-0.028
29.23,0.105,0,0.347,0.395,1,0.000,0.000,0.000,0.000,0.000,0.000,0.006,-0.027
29.43,0.105,0,0.347,0.361,1,0.000,0.000,0.000,0.000,0.000,0.000,0.010,-0.035
29.63,0.105,0,0.347,0.361,1,0.000,0.000,0.000,0.000,0.000,0.000,0.005,-0.031
29.83,0.105,0,0.347,0.361,1,0.000,0.000,0.000,0.000,0.000,0.000,0.005,-0.031
30.03,0.339,0,0.348,0.358,1,0.000,0.000,0.000,0.000,0.000,0.000,0.010,-0.024
30.23,0.339,0,0.348,0.358,1,0.000,0.000,0.000,0.000,0.000,0.000,-0.001,-0.030
30.43,0.339,0,0.351,0.352,1,0.000,0.000,0.000,0.000,0.000,0.000,0.018,-0.005
30.63,0.105,0,0.351,0.352,1,0.000,0.000,0.000,0.000,0.000,0.000,0.018,-0.005
30.83,0.341,0,0.351,0.352,1,0.000,0.000,0.000,0.000,0.000,0.000,0.001,-0.022
31.03,0.342,0,0.353,0.347,1,0.000,0.000,0.000,0.000,0.000,0.000,0.018,-0.002
31.23,0.105,0,0.353,0.347,1,0.000,0.000,0.000,0.000,0.000,0.000,0.003,-0.001
31.43,0.105,0,0.416,0.349,1,0.000,0.000,0.000,0.000,0.000,0.000,0.020,0.016
31.63,0.105,0,0.416,0.349,1,0.000,0.000,0.000,0.000,0.000,0.000,0.020,0.016
31.83,0.107,0,0.416,0.349,1,0.000,0.000,0.000,0.000,0.000,0.000,0.008,0.028
32.03,0.105,0,0.406,0.349,1,0.000,0.000,0.000,0.000,0.000,0.000,0.009,0.047
32.23,0.105,0,0.406,0.349,1,0.000,0.000,0.000,0.000,0.000,0.000,-0.002,0.040
32.43,0.105,0,0.397,0.351,1,0.000,0.000,0.000,0.000,0.000,0.000,-0.002,0.040
32.63,0.105,0,0.397,0.351,1,0.000,0.000,0.000,0.000,0.000,0.000,-0.017,0.023
32.83,0.108,0,0.397,0.351,1,0.000,0.000,0.000,0.000,0.000,0.000,0.013,0.052
33.03,0.105,0,0.396,0.354,1,0.000,0.000,0.000,0.000,0.000,0.000,-0.007,0.039
33.23,0.105,0,0.396,0.354,1,0.000,0.000,0.000,0.000,0.000,0.000,-0.017,0.029
33.43,0.106,0,0.393,0.356,1,0.000,0.000,0.000,0.000,0.000,0.000,-0.017,0.029
33.63,0.105,0,0.393,0.356,1,0.000,0.000,0.000,0.000,0.000,0.000,-0.030,-0.003
33.83,0.107,0,0.393,0.356,1,0.000,0.000,0.000,0.000,0.000,0.000,-0.022,-0.040
34.03,0.107,0,0.399,0.337,1,0.000,0.000,0.000,0.000,0.000,0.000,-0.023,-0.050
34.23,0.105,0,0.399,0.337,1,0.000,0.000,0.000,0.000,0.000,0.000,-0.023,-0.050
34.43,0.331,0,0.343,0.395,1,0.000,0.000,0.000,0.000,0.000,0.000,-0.025,-0.075
34.63,0.332,0,0.343,0.395,1,0.000,0.000,0.000,0.000,0.000,0.000,-0.028,-0.086
34.83,0.105,0,0.343,0.395,1,0.000,0.000,0.000,0.000,0.000,0.000,-0.038,-0.080
35.03,0.105,0,0.343,0.378,1,0.000,0.000,0.000,0.000,0.000,0.000,-0.042,-0.094
35.23,0.106,0,0.343,0.378,1,0.000,0.000,0.000,0.000,0.000,0.000,-0.042,-0.094
35.43,0.105,0,0.356,0.507,1,0.000,0.000,0.000,0.000,0.000,0.000,-0.068,-0.085
35.63,0.106,0,0.356,0.507,1,0.000,0.000,0.000,0.000,0.000,0.000,-0.072,-0.052
35.83,0.106,0,0.356,0.507,1,0.000,0.000,0.000,0.000,0.000,0.000,-0.071,-0.051
36.03,0.106,0,0.819,0.504,0,0.000,0.000,0.000,0.000,0.000,0.000,-0.064,-0.067
36.23,0.105,0,0.819,0.504,0,0.000,0.000,0.000,0.000,0.000,0.000,-0.064,-0.067
36.43,0.105,0,0.867,0.510,0,0.000,0.000,0.000,0.000,0.000,0.000,-0.056,-0.062
36.63,0.105,0,0.867,0.510,0,0.000,0.000,0.000,0.000,0.000,0.000,-0.042,-0.065
36.83,0.105,0,0.867,0.510,0,0.000,0.000,0.000,0.000,0.000,0.000,-0.032,-0.077
37.03,0.105,0,0.894,0.497,0,0.000,0.000,0.000,0.000,0.000,0.000,-0.032,-0.077
37.23,0.106,0,0.894,0.497,0,0.000,0.000,0.000,0.000,0.000,0.000,-0.087,-0.030
37.43,0.105,0,0.491,0.512,1,0.000,0.000,0.000,0.000,0.000,0.000,-0.069,-0.055
37.63,0.105,0,0.491,0.512,1,0.000,0.000,0.000,0.000,0.000,0.000,-0.076,-0.049
37.83,0.106,0,0.491,0.512,1,0.000,0.000,0.000,0.000,0.000,0.000,-0.067,-0.064
38.03,0.389,0,0.483,0.440,1,0.000,0.000,0.000,0.000,0.000,0.000,-0.067,-0.064
38.23,0.394,0,0.483,0.440,1,0.000,0.000,0.000,0.000,0.000,0.000,-0.067,-0.077
38.43,0.396,0,0.492,0.484,1,0.000,0.000,0.000,0.000,0.000,0.000,-0.055,-0.112
38.63,0.396,0,0.492,0.484,1,0.000,0.000,0.000,0.000,0.000,0.000,-0.013,-0.122
38.83,0.380,0,0.492,0.484,1,0.000,0.000,0.000,0.000,0.000,0.000,-0.013,-0.122
39.03,0.105,0,0.849,0.501,0,0.000,0.000,0.000,0.000,0.000,0.000,-0.002,-0.107
39.23,0.108,0,0.849,0.501,0,0.000,0.000,0.000,0.000,0.000,0.000,0.018,-0.077
39.43,0.107,0,0.756,0.505,0,0.000,0.000,0.000,0.000,0.000,0.000,-0.022,-0.065
39.63,0.107,0,0.756,0.505,0,0.000,0.000,0.000,0.000,0.000,0.000,-0.032,-0.063
39.83,0.105,0,0.756,0.505,0,0.000,0.000,0.000,0.000,0.000,0.000,-0.032,-0.063
40.03,0.105,0,0.723,0.506,0,0.000,0.000,0.000,0.000,0.000,0.000,-0.024,-0.064
40.23,0.105,0,0.723,0.506,0,0.000,0.000,0.000,0.000,0.000,0.000,-0.028,-0.070
40.43,0.105,0,0.719,0.504,0,0.000,0.000,0.000,0.000,0.000,0.000,-0.037,-0.075
40.63,0.105,0,0.719,0.504,0,0.000,0.000,0.000,0.000,0.000,0.000,-0.037,-0.075
40.83,0.105,0,0.719,0.504,0,0.000,0.000,0.000,0.000,0.000,0.000,-0.027,-0.072
41.03,0.105,0,0.628,0.504,1,0.000,0.000,0.000,0.000,0.000,0.000,-0.032,-0.074
41.23,0.105,0,0.628,0.504,1,0.000,0.000,0.000,0.000,0.000,0.000,-0.029,-0.080
41.43,0.105,0,0.636,0.505,1,0.000,0.000,0.000,0.000,0.000,0.000,-0.031,-0.081
41.63,0.105,0,0.636,0.505,1,0.000,0.000,0.000,0.000,0.000,0.000,-0.031,-0.081
41.83,0.105,0,0.636,0.505,1,0.000,0.000,0.000,0.000,0.000,0.000,-0.029,-0.074
42.03,0.108,0,0.694,0.505,1,0.000,0.000,0.000,0.000,0.000,0.000,-0.032,-0.066
42.23,0.108,0,0.694,0.505,1,0.000,0.000,0.000,0.000,0.000,0.000,-0.029,-0.071
42.43,0.105,0,0.714,0.505,0,0.000,0.000,0.000,0.000,0.000,0.000,-0.029,-0.071
42.63,0.105,0,0.714,0.505,0,0.000,0.000,0.000,0.000,0.000,0.000,-0.031,-0.073
42.83,0.106,0,0.714,0.505,0,0.000,0.000,0.000,0.000,0.000,0.000,-0.032,-0.071
43.03,0.108,0,0.627,0.505,1,0.000,0.000,0.000,0.000,0.000,0.000,-0.030,-0.063
43.23,0.108,0,0.627,0.505,1,0.000,0.000,0.000,0.000,0.000,0.000,-0.031,-0.066
43.43,0.107,0,0.610,0.504,1,0.000,0.000,0.000,0.000,0.000,0.000,-0.031,-0.066
43.63,0.107,0,0.610,0.504,1,0.000,0.000,0.000,0.000,0.000,0.000,-0.026,-0.070
43.83,0.105,0,0.610,0.504,1,0.000,0.000,0.000,0.000,0.000,0.000,-0.032,-0.072
44.03,0.105,0,0.749,0.505,0,0.000,0.000,0.000,0.000,0.000,0.000,-0.033,-0.069
44.23,0.107,0,0.749,0.505,0,0.000,0.000,0.000,0.000,0.000,0.000,-0.033,-0.069
44.43,0.105,0,0.662,0.507,1,0.000,0.000,0.000,0.000,0.000,0.000,-0.029,-0.068
44.63,0.105,0,0.662,0.507,1,0.000,0.000,0.000,0.000,0.000,0.000,-0.042,-0.081
44.83,0.106,0,0.662,0.507,1,0.000,0.000,0.000,0.000,0.000,0.000,-0.038,-0.084
45.03,0.106,0,0.723,0.505,0,0.000,0.000,0.000,0.000,0.000,0.000,-0.042,-0.080
45.23,0.105,0,0.723,0.505,0,0.000,0.000,0.000,0.000,0.000,0.000,-0.042,-0.080
45.43,0.107,0,0.604,0.505,1,0.000,0.000,0.000,0.000,0.000,0.000,-0.035,-0.080
45.63,0.107,0,0.604,0.505,1,0.000,0.000,0.000,0.000,0.000,0.000,-0.039,-0.088
45.83,0.107,0,0.604,0.505,1,0.000,0.000,0.000,0.000,0.000,0.000,-0.098,-0.057
46.03,0.107,0,0.725,0.506,0,0.000,0.000,0.000,0.000,0.000,0.000,-0.098,-0.057
46.23,0.105,0,0.725,0.506,0,0.000,0.000,0.000,0.000,0.000,0.000,-0.098,-0.057
46.43,0.105,0,0.380,0.326,1,0.000,0.000,0.000,0.000,0.000,0.000,-0.098,-0.057
46.63,0.345,0,0.380,0.326,1,0.000,0.000,0.000,0.000,0.000,0.000,-0.098,-0.057
46.83,0.345,0,0.380,0.326,1,0.000,0.000,0.000,0.000,0.000,0.000,-0.098,-0.057
47.03,0.358,0,0.397,0.353,1,0.000,0.000,0.000,0.000,0.000,0.000,-0.098,-0.057
47.23,0.365,0,0.397,0.353,1,0.000,0.000,0.000,0.000,0.000,0.000,-0.098,-0.057
47.43,0.374,0,0.414,0.376,1,0.000,0.000,0.000,0.000,0.000,0.000,-0.098,-0.057
47.63,0.374,0,0.414,0.376,1,0.000,0.000,0.000,0.000,0.000,0.000,-0.099,-0.058
47.83,0.384,0,0.414,0.376,1,0.000,0.000,0.000,0.000,0.000,0.000,-0.097,-0.056
48.03,0.387,0,0.439,0.385,1,0.000,0.000,0.000,0.000,0.000,0.000,-0.097,-0.056
48.23,0.392,0,0.439,0.385,1,0.000,0.000,0.000,0.000,0.000,0.000,-0.093,-0.057
48.43,0.392,0,0.425,0.354,1,0.000,0.000,0.000,0.000,0.000,0.000,-0.097,-0.058
48.63,0.392,0,0.425,0.354,1,0.000,0.000,0.000,0.000,0.000,0.000,-0.097,-0.059
48.83,0.391,0,0.425,0.354,1,0.000,0.000,0.000,0.000,0.000,0.000,-0.097,-0.059
49.03,0.386,0,0.405,0.335,1,0.000,0.000,0.000,0.000,0.000,0.000,-0.097,-0.059
49.23,0.381,0,0.405,0.335,1,0.000,0.000,0.000,0.000,0.000,0.000,-0.098,-0.057
49.43,0.381,0,0.403,0.320,1,0.000,0.000,0.000,0.000,0.000,0.000,-0.147,-0.051
49.63,0.380,0,0.403,0.320,1,0.000,0.000,0.000,0.000,0.000,0.000,-0.153,-0.045
49.83,0.384,0,0.403,0.320,1,0.000,0.000,0.000,0.000,0.000,0.000,-0.153,-0.045
50.03,0.107,0,0.394,0.348,1,0.000,0.000,0.000,0.000,0.000,0.000,-0.160,-0.058
50.23,0.105,0,0.394,0.348,1,0.000,0.000,0.000,0.000,0.000,0.000,-0.177,-0.052
50.43,0.105,0,0.409,0.428,1,0.000,0.000,0.000,0.000,0.000,0.000,-0.171,-0.054
50.63,0.396,0,0.409,0.428,1,0.000,0.000,0.000,0.000,0.000,0.000,-0.171,-0.054
50.83,0.395,0,0.409,0.428,1,0.000,0.000,0.000,0.000,0.000,0.000,-0.167,-0.059
51.03,0.107,0,0.405,0.421,1,0.000,0.000,0.000,0.000,0.000,0.000,-0.169,-0.053
51.23,0.107,0,0.405,0.421,1,0.000,0.000,0.000,0.000,0.000,0.000,-0.159,-0.056
51.43,0.107,0,0.410,0.413,1,0.000,0.000,0.000,0.000,0.000,0.000,-0.160,-0.060
51.63,0.106,0,0.410,0.413,1,0.000,0.000,0.000,0.000,0.000,0.000,-0.160,-0.060
51.83,0.105,0,0.410,0.413,1,0.000,0.000,0.000,0.000,0.000,0.000,-0.156,-0.057
52.03,0.106,0,0.445,0.453,1,0.000,0.000,0.000,0.000,0.000,0.000,-0.156,-0.046
52.23,0.106,0,0.445,0.453,1,0.000,0.000,0.000,0.000,0.000,0.000,-0.161,-0.041
52.43,0.105,0,0.528,0.509,1,0.000,0.000,0.000,0.000,0.000,0.000,-0.156,-0.046
52.63,0.105,0,0.528,0.509,1,0.000,0.000,0.000,0.000,0.000,0.000,-0.156,-0.046
52.83,0.107,0,0.528,0.509,1,0.000,0.000,0.000,0.000,0.000,0.000,-0.157,-0.049
53.03,0.105,0,0.534,0.514,1,0.000,0.000,0.000,0.000,0.000,0.000,-0.159,-0.049
53.23,0.105,0,0.534,0.514,1,0.000,0.000,0.000,0.000,0.000,0.000,-0.155,-0.047
53.43,0.106,0,0.529,0.516,1,0.000,0.000,0.000,0.000,0.000,0.000,-0.155,-0.047
53.63,0.105,0,0.529,0.516,1,0.000,0.000,0.000,0.000,0.000,0.000,-0.160,-0.046
53.83,0.105,0,0.529,0.516,1,0.000,0.000,0.000,0.000,0.000,0.000,-0.159,-0.051
54.03,0.105,0,0.526,0.493,1,0.000,0.000,0.000,0.000,0.000,0.000,-0.160,-0.056
54.23,0.105,0,0.526,0.493,1,0.000,0.000,0.000,0.000,0.000,0.000,-0.158,-0.058
54.43,0.107,0,0.481,0.454,1,0.000,0.000,0.000,0.000,0.000,0.000,-0.158,-0.058
54.63,0.105,0,0.481,0.454,1,0.000,0.000,0.000,0.000,0.000,0.000,-0.156,-0.060
54.83,0.105,0,0.481,0.454,1,0.000,0.000,0.000,0.000,0.000,0.000,-0.159,-0.062
55.03,0.105,0,0.454,0.436,1,0.000,0.000,0.000,0.000,0.000,0.000,-0.159,-0.060
55.23,0.106,0,0.454,0.436,1,0.000,0.000,0.000,0.000,0.000,0.000,-0.159,-0.060
55.43,0.106,0,0.432,0.436,1,0.000,0.000,0.000,0.000,0.000,0.000,-0.161,-0.067
55.63,0.105,0,0.432,0.436,1,0.000,0.000,0.000,0.000,0.000,0.000,-0.158,-0.072
55.83,0.105,0,0.432,0.436,1,0.000,0.000,0.000,0.000,0.000,0.000,-0.159,-0.069
56.03,0.108,0,0.426,0.431,1,0.000,0.000,0.000,0.000,0.000,0.000,-0.118,-0.114
56.23,0.108,0,0.426,0.431,1,0.000,0.000,0.000,0.000,0.000,0.000,-0.118,-0.114
56.43,0.399,0,0.409,0.340,1,0.000,0.000,0.000,0.000,0.000,0.000,-0.120,-0.131
56.63,0.389,0,0.409,0.340,1,0.000,0.000,0.000,0.000,0.000,0.000,-0.124,-0.131
56.83,0.389,0,0.409,0.340,1,0.000,0.000,0.000,0.000,0.000,0.000,-0.092,-0.165
57.03,0.375,0,0.388,0.317,1,0.000,0.000,0.000,0.000,0.000,0.000,-0.092,-0.165
57.23,0.362,0,0.388,0.317,1,0.000,0.000,0.000,0.000,0.000,0.000,-0.084,-0.126
57.43,0.106,0,0.831,0.511,0,0.000,0.000,0.000,0.000,0.000,0.000,-0.091,-0.120
57.63,0.105,0,0.831,0.511,0,0.000,0.000,0.000,0.000,0.000,0.000,-0.099,-0.113
57.83,0.105,0,0.831,0.511,0,0.000,0.000,0.000,0.000,0.000,0.000,-0.116,-0.106
58.03,0.105,0,0.833,0.516,0,0.000,0.000,0.000,0.000,0.000,0.000,-0.116,-0.106
58.23,0.106,0,0.833,0.516,0,0.000,0.000,0.000,0.000,0.000,0.000,-0.119,-0.102
58.43,0.105,0,0.830,0.516,0,0.000,0.000,0.000,0.000,0.000,0.000,-0.109,-0.097
58.63,0.105,0,0.830,0.516,0,0.000,0.000,0.000,0.000,0.000,0.000,-0.098,-0.094
58.83,0.105,0,0.830,0.516,0,0.000,0.000,0.000,0.000,0.000,0.000,-0.092,-0.089
59.03,0.107,0,0.831,0.515,0,0.000,0.000,0.000,0.000,0.000,0.000,-0.092,-0.089
59.23,0.108,0,0.831,0.515,0,0.000,0.000,0.000,0.000,0.000,0.000,-0.093,-0.084
59.43,0.105,0,0.824,0.515,0,0.000,0.000,0.000,0.000,0.000,0.000,-0.094,-0.086
59.63,0.105,0,0.824,0.515,0,0.000,0.000,0.000,0.000,0.000,0.000,-0.101,-0.081
59.83,0.106,0,0.824,0.515,0,0.000,0.000,0.000,0.000,0.000,0.000,-0.101,-0.081
60.03,0.106,0,0.826,0.515,0,0.000,0.000,0.000,0.000,0.000,0.000,-0.093,-0.080
60.23,0.105,0,0.826,0.515,0,0.000,0.000,0.000,0.000,0.000,0.000,-0.099,-0.085
60.43,0.105,0,0.833,0.517,0,0.000,0.000,0.000,0.000,0.000,0.000,-0.095,-0.090
60.63,0.105,0,0.833,0.517,0,0.000,0.000,0.000,0.000,0.000,0.000,-0.089,-0.077
60.83,0.106,0,0.833,0.517,0,0.000,0.000,0.000,0.000,0.000,0.000,-0.089,-0.077
61.03,0.105,0,0.835,0.517,0,0.000,0.000,0.000,0.000,0.000,0.000,-0.090,-0.074
61.23,0.105,0,0.835,0.517,0,0.000,0.000,0.000,0.000,0.000,0.000,-0.088,-0.065
61.43,0.105,0,0.834,0.515,0,0.000,0.000,0.000,0.000,0.000,0.000,-0.089,-0.079
61.63,0.106,0,0.834,0.515,0,0.000,0.000,0.000,0.000,0.000,0.000,-0.089,-0.079
61.83,0.105,0,0.834,0.515,0,0.000,0.000,0.000,0.000,0.000,0.000,-0.087,-0.076
62.03,0.106,0,0.832,0.516,0,0.000,0.000,0.000,0.000,0.000,0.000,-0.087,-0.078
62.23,0.106,0,0.832,0.516,0,0.000,0.000,0.000,0.000,0.000,0.000,-0.091,-0.083
62.43,0.106,0,0.819,0.516,0,0.000,0.000,0.000,0.000,0.000,0.000,-0.092,-0.084
62.63,0.106,0,0.819,0.516,0,0.000,0.000,0.000,0.000,0.000,0.000,-0.092,-0.084
62.83,0.105,0,0.819,0.516,0,0.000,0.000,0.000,0.000,0.000,0.000,-0.092,-0.081
63.03,0.107,0,0.822,0.515,0,0.000,0.000,0.000,0.000,0.000,0.000,-0.090,-0.087
63.23,0.107,0,0.822,0.515,0,0.000,0.000,0.000,0.000,0.000,0.000,-0.094,-0.091
63.43,0.105,0,0.825,0.516,0,0.000,0.000,0.000,0.000,0.000,0.000,-0.094,-0.091
63.63,0.106,0,0.825,0.516,0,0.000,0.000,0.000,0.000,0.000,0.000,-0.093,-0.091
63.83,0.107,0,0.825,0.516,0,0.000,0.000,0.000,0.000,0.000,0.000,-0.093,-0.087
64.03,0.107,0,0.825,0.515,0,0.000,0.000,0.000,0.000,0.000,0.000,-0.094,-0.085
64.23,0.105,0,0.825,0.515,0,0.000,0.000,0.000,0.000,0.000,0.000,-0.097,-0.088
64.43,0.105,0,0.825,0.518,0,0.000,0.000,0.000,0.000,0.000,0.000,-0.097,-0.088
64.63,0.105,0,0.825,0.518,0,0.000,0.000,0.000,0.000,0.000,0.000,-0.098,-0.083
64.83,0.106,0,0.825,0.518,0,0.000,0.000,0.000,0.000,0.000,0.000,-0.093,-0.078
65.03,0.106,0,0.823,0.516,0,0.000,0.000,0.000,0.000,0.000,0.000,-0.089,-0.079
65.23,0.105,0,0.823,0.516,0,0.000,0.000,0.000,0.000,0.000,0.000,-0.089,-0.079
65.43,0.105,0,0.830,0.517,0,0.000,0.000,0.000,0.000,0.000,0.000,-0.086,-0.081
65.63,0.106,0,0.830,0.517,0,0.000,0.000,0.000,0.000,0.000,0.000,-0.088,-0.078
65.83,0.107,0,0.830,0.517,0,0.000,0.000,0.000,0.000,0.000,0.000,-0.091,-0.076
66.03,0.107,0,0.864,0.515,0,0.000,0.000,0.000,0.000,0.000,0.000,-0.093,-0.072
66.23,0.108,0,0.864,0.515,0,0.000,0.000,0.000,0.000,0.000,0.000,-0.093,-0.072
66.43,0.105,0,0.878,0.516,0,0.000,0.000,0.000,0.000,0.000,0.000,-0.097,-0.087
66.63,0.105,0,0.878,0.516,0,0.000,0.000,0.000,0.000,0.000,0.000,-0.097,-0.083
66.83,0.105,0,0.878,0.516,0,0.000,0.000,0.000,0.000,0.000,0.000,-0.096,-0.088
67.03,0.107,0,0.854,0.516,0,0.000,0.000,0.000,0.000,0.000,0.000,-0.101,-0.082
67.23,0.107,0,0.854,0.516,0,0.000,0.000,0.000,0.000,0.000,0.000,-0.101,-0.082
67.43,0.105,0,0.854,0.516,0,0.000,0.000,0.000,0.000,0.000,0.000,-0.095,-0.087
67.63,0.106,0,0.854,0.516,0,0.000,0.000,0.000,0.000,0.000,0.000,-0.093,-0.077
67.83,0.106,0,0.854,0.516,0,0.000,0.000,0.000,0.000,0.000,0.000,-0.090,-0.075
68.03,0.105,0,0.863,0.515,0,0.000,0.000,0.000,0.000,0.000,0.000,-0.090,-0.075
68.23,0.105,0,0.863,0.515,0,0.000,0.000,0.000,0.000,0.000,0.000,-0.094,-0.074
68.43,0.107,0,0.869,0.516,0,0.000,0.000,0.000,0.000,0.000,0.000,-0.092,-0.073
68.63,0.107,0,0.869,0.516,0,0.000,0.000,0.000,0.000,0.000,0.000,-0.093,-0.078
68.83,0.105,0,0.869,0.516,0,0.000,0.000,0.000,0.000,0.000,0.000,-0.091,-0.082
69.03,0.105,0,0.876,0.516,0,0.000,0.000,0.000,0.000,0.000,0.000,-0.091,-0.082
69.23,0.105,0,0.876,0.516,0,0.000,0.000,0.000,0.000,0.000,0.000,-0.094,-0.080
69.43,0.106,0,0.873,0.516,0,0.000,0.000,0.000,0.000,0.000,0.000,-0.092,-0.080
69.63,0.106,0,0.873,0.516,0,0.000,0.000,0.000,0.000,0.000,0.000,-0.096,-0.085
69.83,0.105,0,0.873,0.516,0,0.000,0.000,0.000,0.000,0.000,0.000,-0.096,-0.085
70.03,0.105,0,0.875,0.515,0,0.000,0.000,0.000,0.000,0.000,0.000,-0.094,-0.084
70.23,0.105,0,0.875,0.515,0,0.000,0.000,0.000,0.000,0.000,0.000,-0.097,-0.077
70.43,0.105,0,0.874,0.517,0,0.000,0.000,0.000,0.000,0.000,0.000,-0.096,-0.075
70.63,0.105,0,0.874,0.517,0,0.000,0.000,0.000,0.000,0.000,0.000,-0.096,-0.081
70.83,0.108,0,0.874,0.517,0,0.000,0.000,0.000,0.000,0.000,0.000,-0.096,-0.081
71.03,0.105,0,0.873,0.515,0,0.000,0.000,0.000,0.000,0.000,0.000,-0.093,-0.083
71.23,0.106,0,0.873,0.515,0,0.000,0.000,0.000,0.000,0.000,0.000,-0.094,-0.083
71.43,0.106,0,0.873,0.515,0,0.000,0.000,0.000,0.000,0.000,0.000,-0.095,-0.075
71.63,0.105,0,0.873,0.515,0,0.000,0.000,0.000,0.000,0.000,0.000,-0.095,-0.075
71.83,0.105,0,0.873,0.515,0,0.000,0.000,0.000,0.000,0.000,0.000,-0.088,-0.076
72.03,0.105,0,0.884,0.515,0,0.000,0.000,0.000,0.000,0.000,0.000,-0.090,-0.072
72.23,0.105,0,0.884,0.515,0,0.000,0.000,0.000,0.000,0.000,0.000,-0.090,-0.074
72.43,0.105,0,0.891,0.516,0,0.000,0.000,0.000,0.000,0.000,0.000,-0.090,-0.073
72.63,0.107,0,0.891,0.516,0,0.000,0.000,0.000,0.000,0.000,0.000,-0.090,-0.073
72.83,0.106,0,0.891,0.516,0,0.000,0.000,0.000,0.000,0.000,0.000,-0.092,-0.076
73.03,0.106,0,0.894,0.518,0,0.000,0.000,0.000,0.000,0.000,0.000,-0.089,-0.070
73.23,0.106,0,0.894,0.518,0,0.000,0.000,0.000,0.000,0.000,0.000,-0.091,-0.068
73.43,0.105,0,0.893,0.516,0,0.000,0.000,0.000,0.000,0.000,0.000,-0.091,-0.068
73.63,0.105,0,0.893,0.516,0,0.000,0.000,0.000,0.000,0.000,0.000,-0.091,-0.074
73.83,0.108,0,0.893,0.516,0,0.000,0.000,0.000,0.000,0.000,0.000,-0.090,-0.073
74.03,0.105,0,0.895,0.516,0,0.000,0.000,0.000,0.000,0.000,0.000,-0.095,-0.069
74.23,0.105,0,0.895,0.516,0,0.000,0.000,0.000,0.000,0.000,0.000,-0.097,-0.077
74.43,0.108,0,0.899,0.515,0,0.000,0.000,0.000,0.000,0.000,0.000,-0.097,-0.077
74.63,0.105,0,0.899,0.515,0,0.000,0.000,0.000,0.000,0.000,0.000,-0.094,-0.079
74.83,0.106,0,0.899,0.515,0,0.000,0.000,0.000,0.000,0.000,0.000,-0.092,-0.073
75.03,0.106,0,0.901,0.515,0,0.000,0.000,0.000,0.000,0.000,0.000,-0.092,-0.069
75.23,0.105,0,0.901,0.515,0,0.000,0.000,0.000,0.000,0.000,0.000,-0.096,-0.077
75.43,0.107,0,0.898,0.515,0,0.000,0.000,0.000,0.000,0.000,0.000,-0.096,-0.077
75.63,0.107,0,0.898,0.515,0,0.000,0.000,0.000,0.000,0.000,0.000,-0.097,-0.068
75.83,0.105,0,0.898,0.515,0,0.000,0.000,0.000,0.000,0.000,0.000,-0.096,-0.074
76.03,0.105,0,0.898,0.515,0,0.000,0.000,0.000,0.000,0.000,0.000,-0.091,-0.073
76.23,0.106,0,0.898,0.515,0,0.000,0.000,0.000,0.000,0.000,0.000,-0.091,-0.073
76.43,0.105,0,0.901,0.516,0,0.000,0.000,0.000,0.000,0.000,0.000,-0.089,-0.069
76.63,0.105,0,0.901,0.516,0,0.000,0.000,0.000,0.000,0.000,0.000,-0.098,-0.081
76.83,0.105,0,0.901,0.516,0,0.000,0.000,0.000,0.000,0.000,0.000,-0.089,-0.069
77.03,0.106,0,0.896,0.515,0,0.000,0.000,0.000,0.000,0.000,0.000,-0.096,-0.075
77.23,0.105,0,0.896,0.515,0,0.000,0.000,0.000,0.000,0.000,0.000,-0.096,-0.075
77.43,0.107,0,0.895,0.515,0,0.000,0.000,0.000,0.000,0.000,0.000,-0.094,-0.075
77.63,0.105,0,0.895,0.515,0,0.000,0.000,0.000,0.000,0.000,0.000,-0.094,-0.076
77.83,0.105,0,0.895,0.515,0,0.000,0.000,0.000,0.000,0.000,0.000,-0.093,-0.069
78.03,0.105,0,0.896,0.517,0,0.000,0.000,0.000,0.000,0.000,0.000,-0.093,-0.069
78.23,0.105,0,0.896,0.517,0,0.000,0.000,0.000,0.000,0.000,0.000,-0.090,-0.077
78.43,0.108,0,0.901,0.516,0,0.000,0.000,0.000,0.000,0.000,0.000,-0.092,-0.075
78.63,0.108,0,0.901,0.516,0,0.000,0.000,0.000,0.000,0.000,0.000,-0.096,-0.078
78.83,0.106,0,0.901,0.516,0,0.000,0.000,0.000,0.000,0.000,0.000,-0.092,-0.081
79.03,0.105,0,0.903,0.515,0,0.000,0.000,0.000,0.000,0.000,0.000,-0.092,-0.081
79.23,0.107,0,0.903,0.515,0,0.000,0.000,0.000,0.000,0.000,0.000,-0.092,-0.076
79.43,0.105,0,0.900,0.515,0,0.000,0.000,0.000,0.000,0.000,0.000,-0.094,-0.077
79.63,0.105,0,0.900,0.515,0,0.000,0.000,0.000,0.000,0.000,0.000,-0.091,-0.075
79.83,0.105,0,0.900,0.515,0,0.000,0.000,0.000,0.000,0.000,0.000,-0.091,-0.075
80.03,0.105,0,0.897,0.515,0,0.000,0.000,0.000,0.000,0.000,0.000,-0.093,-0.074
80.23,0.107,0,0.897,0.515,0,0.000,0.000,0.000,0.000,0.000,0.000,-0.090,-0.074
80.43,0.105,0,0.897,0.517,0,0.000,0.000,0.000,0.000,0.000,0.000,-0.099,-0.076
80.63,0.105,0,0.897,0.517,0,0.000,0.000,0.000,0.000,0.000,0.000,-0.094,-0.071
80.83,0.105,0,0.897,0.517,0,0.000,0.000,0.000,0.000,0.000,0.000,-0.094,-0.071
81.03,0.105,0,0.900,0.516,0,0.000,0.000,0.000,0.000,0.000,0.000,-0.094,-0.078
81.23,0.105,0,0.900,0.516,0,0.000,0.000,0.000,0.000,0.000,0.000,-0.091,-0.071
81.43,0.105,0,0.904,0.517,0,0.000,0.000,0.000,0.000,0.000,0.000,-0.096,-0.068
81.63,0.106,0,0.904,0.517,0,0.000,0.000,0.000,0.000,0.000,0.000,-0.094,-0.066
81.83,0.105,0,0.904,0.517,0,0.000,0.000,0.000,0.000,0.000,0.000,-0.094,-0.066
82.03,0.105,0,0.918,0.515,0,0.000,0.000,0.000,0.000,0.000,0.000,-0.090,-0.068
82.23,0.105,0,0.918,0.515,0,0.000,0.000,0.000,0.000,0.000,0.000,-0.096,-0.072
82.43,0.105,0,0.927,0.515,0,0.000,0.000,0.000,0.000,0.000,0.000,-0.095,-0.067
82.63,0.105,0,0.927,0.515,0,0.000,0.000,0.000,0.000,0.000,0.000,-0.095,-0.067
82.83,0.105,0,0.927,0.515,0,0.000,0.000,0.000,0.000,0.000,0.000,-0.095,-0.069
83.03,0.105,0,0.915,0.516,0,0.000,0.000,0.000,0.000,0.000,0.000,-0.093,-0.071
83.23,0.105,0,0.915,0.516,0,0.000,0.000,0.000,0.000,0.000,0.000,-0.099,-0.074
83.43,0.105,0,0.913,0.515,0,0.000,0.000,0.000,0.000,0.000,0.000,-0.099,-0.065
83.63,0.105,0,0.913,0.515,0,0.000,0.000,0.000,0.000,0.000,0.000,-0.099,-0.065
83.83,0.105,0,0.913,0.515,0,0.000,0.000,0.000,0.000,0.000,0.000,-0.095,-0.064
84.03,0.106,0,0.912,0.516,0,0.000,0.000,0.000,0.000,0.000,0.000,-0.092,-0.068
84.23,0.106,0,0.912,0.516,0,0.000,0.000,0.000,0.000,0.000,0.000,-0.099,-0.070
84.43,0.105,0,0.913,0.515,0,0.000,0.000,0.000,0.000,0.000,0.000,-0.099,-0.070
84.63,0.106,0,0.913,0.515,0,0.000,0.000,0.000,0.000,0.000,0.000,-0.091,-0.063
84.83,0.105,0,0.913,0.515,0,0.000,0.000,0.000,0.000,0.000,0.000,-0.095,-0.068
85.03,0.105,0,0.909,0.515,0,0.000,0.000,0.000,0.000,0.000,0.000,-0.099,-0.067
85.23,0.106,0,0.909,0.515,0,0.000,0.000,0.000,0.000,0.000,0.000,-0.093,-0.069
85.43,0.105,0,0.910,0.515,0,0.000,0.000,0.000,0.000,0.000,0.000,-0.093,-0.069
85.63,0.106,0,0.910,0.515,0,0.000,0.000,0.000,0.000,0.000,0.000,-0.097,-0.070
85.83,0.106,0,0.910,0.515,0,0.000,0.000,0.000,0.000,0.000,0.000,-0.095,-0.064
86.03,0.106,0,0.912,0.516,0,0.000,0.000,0.000,0.000,0.000,0.000,-0.098,-0.068
86.23,0.105,0,0.912,0.516,0,0.000,0.000,0.000,0.000,0.000,0.000,-0.098,-0.068
86.43,0.106,0,0.912,0.516,0,0.000,0.000,0.000,0.000,0.000,0.000,-0.097,-0.066
86.63,0.105,0,0.912,0.516,0,0.000,0.000,0.000,0.000,0.000,0.000,-0.100,-0.064
86.83,0.105,0,0.912,0.516,0,0.000,0.000,0.000,0.000,0.000,0.000,-0.097,-0.077
87.03,0.105,0,0.910,0.515,0,0.000,0.000,0.000,0.000,0.000,0.000,-0.096,-0.073
87.23,0.105,0,0.910,0.515,0,0.000,0.000,0.000,0.000,0.000,0.000,-0.096,-0.073
87.43,0.106,0,0.910,0.515,0,0.000,0.000,0.000,0.000,0.000,0.000,-0.097,-0.068
87.63,0.105,0,0.910,0.515,0,0.000,0.000,0.000,0.000,0.000,0.000,-0.095,-0.074
87.83,0.105,0,0.910,0.515,0,0.000,0.000,0.000,0.000,0.000,0.000,-0.099,-0.073
88.03,0.105,0,0.905,0.516,0,0.000,0.000,0.000,0.000,0.000,0.000,-0.099,-0.073
88.23,0.105,0,0.905,0.516,0,0.000,0.000,0.000,0.000,0.000,0.000,-0.100,-0.069
88.43,0.106,0,0.896,0.515,0,0.000,0.000,0.000,0.000,0.000,0.000,-0.097,-0.071
88.63,0.105,0,0.896,0.515,0,0.000,0.000,0.000,0.000,0.000,0.000,-0.096,-0.080
88.83,0.105,0,0.896,0.515,0,0.000,0.000,0.000,0.000,0.000,0.000,-0.097,-0.076
89.03,0.106,0,0.889,0.516,0,0.000,0.000,0.000,0.000,0.000,0.000,-0.097,-0.076
89.23,0.106,0,0.889,0.516,0,0.000,0.000,0.000,0.000,0.000,0.000,-0.095,-0.072
89.43,0.105,0,0.895,0.515,0,0.000,0.000,0.000,0.000,0.000,0.000,-0.100,-0.072
89.63,0.105,0,0.895,0.515,0,0.000,0.000,0.000,0.000,0.000,0.000,-0.096,-0.069
89.83,0.106,0,0.895,0.515,0,0.000,0.000,0.000,0.000,0.000,0.000,-0.096,-0.069
90.03,0.105,0,0.902,0.515,0,0.000,0.000,0.000,0.000,0.000,0.000,-0.102,-0.064
90.23,0.105,0,0.902,0.515,0,0.000,0.000,0.000,0.000,0.000,0.000,-0.098,-0.068
90.43,0.105,0,0.902,0.515,0,0.000,0.000,0.000,0.000,0.000,0.000,-0.100,-0.077
90.63,0.105,0,0.902,0.515,0,0.000,0.000,0.000,0.000,0.000,0.000,-0.104,-0.082
90.83,0.105,0,0.902,0.515,0,0.000,0.000,0.000,0.000,0.000,0.000,-0.104,-0.082
91.03,0.106,0,0.901,0.515,0,0.000,0.000,0.000,0.000,0.000,0.000,-0.095,-0.074
91.23,0.105,0,0.901,0.515,0,0.000,0.000,0.000,0.000,0.000,0.000,-0.097,-0.069
91.43,0.105,0,0.903,0.516,0,0.000,0.000,0.000,0.000,0.000,0.000,-0.098,-0.067
91.63,0.105,0,0.903,0.516,0,0.000,0.000,0.000,0.000,0.000,0.000,-0.107,-0.066
91.83,0.105,0,0.903,0.516,0,0.000,0.000,0.000,0.000,0.000,0.000,-0.107,-0.066
92.03,0.106,0,0.902,0.516,0,0.000,0.000,0.000,0.000,0.000,0.000,-0.100,-0.070
92.23,0.107,0,0.902,0.516,0,0.000,0.000,0.000,0.000,0.000,0.000,-0.102,-0.071
92.43,0.107,0,0.902,0.515,0,0.000,0.000,0.000,0.000,0.000,0.000,-0.099,-0.072
92.63,0.106,0,0.902,0.515,0,0.000,0.000,0.000,0.000,0.000,0.000,-0.099,-0.072
92.83,0.106,0,0.902,0.515,0,0.000,0.000,0.000,0.000,0.000,0.000,-0.097,-0.067
93.03,0.105,0,0.902,0.514,0,0.000,0.000,0.000,0.000,0.000,0.000,-0.100,-0.063
93.23,0.105,0,0.902,0.514,0,0.000,0.000,0.000,0.000,0.000,0.000,-0.096,-0.068
93.43,0.105,0,0.901,0.515,0,0.000,0.000,0.000,0.000,0.000,0.000,-0.104,-0.076
93.63,0.106,0,0.901,0.515,0,0.000,0.000,0.000,0.000,0.000,0.000,-0.104,-0.076
93.83,0.105,0,0.901,0.515,0,0.000,0.000,0.000,0.000,0.000,0.000,-0.098,-0.071
94.03,0.105,0,0.901,0.515,0,0.000,0.000,0.000,0.000,0.000,0.000,-0.099,-0.069
94.23,0.105,0,0.901,0.515,0,0.000,0.000,0.000,0.000,0.000,0.000,-0.103,-0.067
94.43,0.106,0,0.902,0.514,0,0.000,0.000,0.000,0.000,0.000,0.000,-0.103,-0.067
94.63,0.105,0,0.902,0.514,0,0.000,0.000,0.000,0.000,0.000,0.000,-0.098,-0.072
94.83,0.106,0,0.902,0.514,0,0.000,0.000,0.000,0.000,0.000,0.000,-0.098,-0.066
95.03,0.108,0,0.900,0.516,0,0.000,0.000,0.000,0.000,0.000,0.000,-0.094,-0.069
95.23,0.108,0,0.900,0.516,0,0.000,0.000,0.000,0.000,0.000,0.000,-0.103,-0.075
95.43,0.105,0,0.898,0.516,0,0.000,0.000,0.000,0.000,0.000,0.000,-0.103,-0.075
95.63,0.106,0,0.898,0.516,0,0.000,0.000,0.000,0.000,0.000,0.000,-0.099,-0.079
95.83,0.108,0,0.898,0.516,0,0.000,0.000,0.000,0.000,0.000,0.000,-0.103,-0.082
96.03,0.108,0,0.894,0.516,0,0.000,0.000,0.000,0.000,0.000,0.000,-0.103,-0.077
96.23,0.106,0,0.894,0.516,0,0.000,0.000,0.000,0.000,0.000,0.000,-0.100,-0.070
96.43,0.105,0,0.890,0.517,0,0.000,0.000,0.000,0.000,0.000,0.000,-0.100,-0.070
96.63,0.106,0,0.890,0.517,0,0.000,0.000,0.000,0.000,0.000,0.000,-0.100,-0.076
96.83,0.105,0,0.890,0.517,0,0.000,0.000,0.000,0.000,0.000,0.000,-0.096,-0.081
97.03,0.105,0,0.888,0.515,0,0.000,0.000,0.000,0.000,0.000,0.000,-0.096,-0.078
97.23,0.105,0,0.888,0.515,0,0.000,0.000,0.000,0.000,0.000,0.000,-0.096,-0.078
97.43,0.105,0,0.887,0.515,0,0.000,0.000,0.000,0.000,0.000,0.000,-0.094,-0.077
97.63,0.105,0,0.887,0.515,0,0.000,0.000,0.000,0.000,0.000,0.000,-0.097,-0.073
97.83,0.105,0,0.887,0.515,0,0.000,0.000,0.000,0.000,0.000,0.000,-0.099,-0.072
98.03,0.106,0,0.889,0.515,0,0.000,0.000,0.000,0.000,0.000,0.000,-0.098,-0.079
98.23,0.105,0,0.889,0.515,0,0.000,0.000,0.000,0.000,0.000,0.000,-0.098,-0.079
98.43,0.106,0,0.891,0.515,0,0.000,0.000,0.000,0.000,0.000,0.000,-0.100,-0.078
98.63,0.106,0,0.891,0.515,0,0.000,0.000,0.000,0.000,0.000,0.000,-0.097,-0.073
98.83,0.106,0,0.891,0.515,0,0.000,0.000,0.000,0.000,0.000,0.000,-0.099,-0.074
99.03,0.106,0,0.891,0.515,0,0.000,0.000,0.000,0.000,0.000,0.000,-0.099,-0.074
99.23,0.105,0,0.891,0.515,0,0.000,0.000,0.000,0.000,0.000,0.000,-0.093,-0.068
99.43,0.106,0,0.892,0.515,0,0.000,0.000,0.000,0.000,0.000,0.000,-0.096,-0.069
99.63,0.106,0,0.892,0.515,0,0.000,0.000,0.000,0.000,0.000,0.000,-0.097,-0.079
99.83,0.105,0,0.892,0.515,0,0.000,0.000,0.000,0.000,0.000,0.000,-0.093,-0.071
100.03,0.106,0,0.891,0.514,0,0.000,0.000,0.000,0.000,0.000,0.000,-0.093,-0.071
100.23,0.105,0,0.891,0.514,0,0.000,0.000,0.000,0.000,0.000,0.000,-0.100,-0.077
100.43,0.105,0,0.890,0.515,0,0.000,0.000,0.000,0.000,0.000,0.000,-0.096,-0.072
100.63,0.105,0,0.890,0.515,0,0.000,0.000,0.000,0.000,0.000,0.000,-0.097,-0.076
100.83,0.105,0,0.890,0.515,0,0.000,0.000,0.000,0.000,0.000,0.000,-0.097,-0.076
101.03,0.105,0,0.890,0.515,0,0.000,0.000,0.000,0.000,0.000,0.000,-0.096,-0.073
101.23,0.105,0,0.890,0.515,0,0.000,0.000,0.000,0.000,0.000,0.000,-0.096,-0.076
101.43,0.105,0,0.890,0.514,0,0.000,0.000,0.000,0.000,0.000,0.000,-0.086,-0.071
101.63,0.108,0,0.890,0.514,0,0.000,0.000,0.000,0.000,0.000,0.000,-0.096,-0.074
101.83,0.105,0,0.890,0.514,0,0.000,0.000,0.000,0.000,0.000,0.000,-0.096,-0.074
102.03,0.108,0,0.889,0.515,0,0.000,0.000,0.000,0.000,0.000,0.000,-0.094,-0.076
102.23,0.105,0,0.889,0.515,0,0.000,0.000,0.000,0.000,0.000,0.000,-0.093,-0.070
102.43,0.105,0,0.891,0.515,0,0.000,0.000,0.000,0.000,0.000,0.000,-0.096,-0.072
102.63,0.107,0,0.891,0.515,0,0.000,0.000,0.000,0.000,0.000,0.000,-0.094,-0.069
102.83,0.105,0,0.891,0.515,0,0.000,0.000,0.000,0.000,0.000,0.000,-0.094,-0.069
103.03,0.107,0,0.891,0.516,0,0.000,0.000,0.000,0.000,0.000,0.000,-0.092,-0.075
103.23,0.106,0,0.891,0.516,0,0.000,0.000,0.000,0.000,0.000,0.000,-0.092,-0.073
103.43,0.106,0,0.891,0.516,0,0.000,0.000,0.000,0.000,0.000,0.000,-0.097,-0.072
103.63,0.105,0,0.891,0.516,0,0.000,0.000,0.000,0.000,0.000,0.000,-0.097,-0.072
103.83,0.107,0,0.891,0.516,0,0.000,0.000,0.000,0.000,0.000,0.000,-0.097,-0.075
104.03,0.105,0,0.892,0.515,0,0.000,0.000,0.000,0.000,0.000,0.000,-0.097,-0.068
104.23,0.105,0,0.892,0.515,0,0.000,0.000,0.000,0.000,0.000,0.000,-0.098,-0.076
104.43,0.106,0,0.892,0.515,0,0.000,0.000,0.000,0.000,0.000,0.000,-0.096,-0.075
104.63,0.106,0,0.892,0.515,0,0.000,0.000,0.000,0.000,0.000,0.000,-0.096,-0.075
104.83,0.105,0,0.892,0.515,0,0.000,0.000,0.000,0.000,0.000,0.000,-0.097,-0.077
105.03,0.106,0,0.889,0.515,0,0.000,0.000,0.000,0.000,0.000,0.000,-0.097,-0.078
105.23,0.106,0,0.889,0.515,0,0.000,0.000,0.000,0.000,0.000,0.000,-0.096,-0.076
105.43,0.105,0,0.887,0.515,0,0.000,0.000,0.000,0.000,0.000,0.000,-0.096,-0.076
105.63,0.105,0,0.887,0.515,0,0.000,0.000,0.000,0.000,0.000,0.000,-0.094,-0.072
105.83,0.106,0,0.887,0.515,0,0.000,0.000,0.000,0.000,0.000,0.000,-0.099,-0.080
106.03,0.106,0,0.900,0.515,0,0.000,0.000,0.000,0.000,0.000,0.000,-0.096,-0.066
106.23,0.105,0,0.900,0.515,0,0.000,0.000,0.000,0.000,0.000,0.000,-0.095,-0.077
106.43,0.105,0,0.887,0.515,0,0.000,0.000,0.000,0.000,0.000,0.000,-0.095,-0.077
106.63,0.106,0,0.887,0.515,0,0.000,0.000,0.000,0.000,0.000,0.000,-0.096,-0.078
106.83,0.105,0,0.887,0.515,0,0.000,0.000,0.000,0.000,0.000,0.000,-0.096,-0.076
107.03,0.105,0,0.874,0.515,0,0.000,0.000,0.000,0.000,0.000,0.000,-0.092,-0.080
107.23,0.106,0,0.874,0.515,0,0.000,0.000,0.000,0.000,0.000,0.000,-0.092,-0.080
107.43,0.107,0,0.857,0.515,0,0.000,0.000,0.000,0.000,0.000,0.000,-0.093,-0.078
107.63,0.105,0,0.857,0.515,0,0.000,0.000,0.000,0.000,0.000,0.000,-0.094,-0.082
107.83,0.105,0,0.857,0.515,0,0.000,0.000,0.000,0.000,0.000,0.000,-0.097,-0.074
108.03,0.105,0,0.870,0.516,0,0.000,0.000,0.000,0.000,0.000,0.000,-0.099,-0.074
108.23,0.105,0,0.870,0.516,0,0.000,0.000,0.000,0.000,0.000,0.000,-0.099,-0.074
108.43,0.107,0,0.946,0.516,0,0.000,0.000,0.000,0.000,0.000,0.000,-0.093,-0.067
108.63,0.105,0,0.946,0.516,0,0.000,0.000,0.000,0.000,0.000,0.000,-0.099,-0.065
108.83,0.105,0,0.946,0.516,0,0.000,0.000,0.000,0.000,0.000,0.000,-0.096,-0.063
109.03,0.106,0,1.038,0.515,0,0.000,0.000,0.000,0.000,0.000,0.000,-0.095,-0.067
109.23,0.105,0,1.038,0.515,0,0.000,0.000,0.000,0.000,0.000,0.000,-0.095,-0.067
109.43,0.105,0,1.024,0.516,0,0.000,0.000,0.000,0.000,0.000,0.000,-0.096,-0.068
109.63,0.106,0,1.024,0.516,0,0.000,0.000,0.000,0.000,0.000,0.000,-0.103,-0.071
109.83,0.106,0,1.024,0.516,0,0.000,0.000,0.000,0.000,0.000,0.000,-0.098,-0.074
110.03,0.106,0,1.057,0.515,0,0.000,0.000,0.000,0.000,0.000,0.000,-0.098,-0.074
110.23,0.108,0,1.057,0.515,0,0.000,0.000,0.000,0.000,0.000,0.000,-0.094,-0.071
110.43,0.108,0,0.972,0.515,0,0.000,0.000,0.000,0.000,0.000,0.000,-0.100,-0.066
110.63,0.108,0,0.972,0.515,0,0.000,0.000,0.000,0.000,0.000,0.000,-0.098,-0.073
110.83,0.106,0,0.972,0.515,0,0.000,0.000,0.000,0.000,0.000,0.000,-0.097,-0.089
111.03,0.105,0,0.696,0.516,1,0.000,0.000,0.000,0.000,0.000,0.000,-0.097,-0.089
111.23,0.105,0,0.696,0.516,1,0.000,0.000,0.000,0.000,0.000,0.000,-0.089,-0.077
111.43,0.105,0,0.446,0.511,1,0.000,0.000,0.000,0.000,0.000,0.000,-0.097,-0.079
111.63,0.105,0,0.446,0.511,1,0.000,0.000,0.000,0.000,0.000,0.000,-0.096,-0.074
111.83,0.105,0,0.446,0.511,1,0.000,0.000,0.000,0.000,0.000,0.000,-0.096,-0.074
112.03,0.105,0,0.458,0.516,1,0.000,0.000,0.000,0.000,0.000,0.000,-0.098,-0.085
112.23,0.106,0,0.458,0.516,1,0.000,0.000,0.000,0.000,0.000,0.000,-0.096,-0.091
112.43,0.105,0,0.502,0.516,1,0.000,0.000,0.000,0.000,0.000,0.000,-0.094,-0.083
112.63,0.105,0,0.502,0.516,1,0.000,0.000,0.000,0.000,0.000,0.000,-0.090,-0.088
112.83,0.106,0,0.502,0.516,1,0.000,0.000,0.000,0.000,0.000,0.000,-0.090,-0.088
113.03,0.108,0,0.548,0.518,1,0.000,0.000,0.000,0.000,0.000,0.000,-0.093,-0.085
113.23,0.105,0,0.548,0.518,1,0.000,0.000,0.000,0.000,0.000,0.000,-0.092,-0.083
113.43,0.105,0,0.714,0.517,1,0.000,0.000,0.000,0.000,0.000,0.000,-0.096,-0.080
113.63,0.105,0,0.714,0.517,1,0.000,0.000,0.000,0.000,0.000,0.000,-0.092,-0.085
113.83,0.108,0,0.714,0.517,1,0.000,0.000,0.000,0.000,0.000,0.000,-0.092,-0.085
114.03,0.106,0,0.744,0.518,0,0.000,0.000,0.000,0.000,0.000,0.000,-0.092,-0.087
114.23,0.106,0,0.744,0.518,0,0.000,0.000,0.000,0.000,0.000,0.000,-0.096,-0.088
114.43,0.106,0,0.720,0.517,0,0.000,0.000,0.000,0.000,0.000,0.000,-0.093,-0.074
114.63,0.106,0,0.720,0.517,0,0.000,0.000,0.000,0.000,0.000,0.000,-0.093,-0.074
114.83,0.105,0,0.720,0.517,0,0.000,0.000,0.000,0.000,0.000,0.000,-0.098,-0.079
115.03,0.106,0,0.831,0.516,0,0.000,0.000,0.000,0.000,0.000,0.000,-0.094,-0.083
115.23,0.106,0,0.831,0.516,0,0.000,0.000,0.000,0.000,0.000,0.000,-0.100,-0.078
115.43,0.105,0,0.900,0.517,0,0.000,0.000,0.000,0.000,0.000,0.000,-0.096,-0.089
115.63,0.106,0,0.900,0.517,0,0.000,0.000,0.000,0.000,0.000,0.000,-0.096,-0.089
115.83,0.105,0,0.900,0.517,0,0.000,0.000,0.000,0.000,0.000,0.000,-0.100,-0.083
116.03,0.105,0,0.848,0.515,0,0.000,0.000,0.000,0.000,0.000,0.000,-0.101,-0.080
116.23,0.105,0,0.848,0.515,0,0.000,0.000,0.000,0.000,0.000,0.000,-0.104,-0.091
116.43,0.105,0,0.791,0.518,0,0.000,0.000,0.000,0.000,0.000,0.000,-0.104,-0.091
116.63,0.108,0,0.791,0.518,0,0.000,0.000,0.000,0.000,0.000,0.000,-0.105,-0.085
116.83,0.105,0,0.791,0.518,0,0.000,0.000,0.000,0.000,0.000,0.000,-0.092,-0.095
117.03,0.106,0,0.690,0.516,1,0.000,0.000,0.000,0.000,0.000,0.000,-0.097,-0.080
117.23,0.106,0,0.690,0.516,1,0.000,0.000,0.000,0.000,0.000,0.000,-0.093,-0.083
117.43,0.106,0,0.905,0.518,0,0.000,0.000,0.000,0.000,0.000,0.000,-0.093,-0.083
117.63,0.105,0,0.905,0.518,0,0.000,0.000,0.000,0.000,0.000,0.000,-0.092,-0.083
117.83,0.105,0,0.905,0.518,0,0.000,0.000,0.000,0.000,0.000,0.000,-0.095,-0.075
118.03,0.105,0,0.925,0.518,0,0.000,0.000,0.000,0.000,0.000,0.000,-0.096,-0.087
118.23,0.105,0,0.925,0.518,0,0.000,0.000,0.000,0.000,0.000,0.000,-0.095,-0.079
118.43,0.106,0,0.960,0.516,0,0.000,0.000,0.000,0.000,0.000,0.000,-0.095,-0.079
118.63,0.105,0,0.960,0.516,0,0.000,0.000,0.000,0.000,0.000,0.000,-0.094,-0.081
118.83,0.105,0,0.960,0.516,0,0.000,0.000,0.000,0.000,0.000,0.000,-0.102,-0.087
119.03,0.105,0,0.948,0.515,0,0.000,0.000,0.000,0.000,0.000,0.000,-0.102,-0.086
119.23,0.105,0,0.948,0.515,0,0.000,0.000,0.000,0.000,0.000,0.000,-0.102,-0.086
119.43,0.105,0,0.907,0.517,0,0.000,0.000,0.000,0.000,0.000,0.000,-0.094,-0.093
119.63,0.105,0,0.907,0.517,0,0.000,0.000,0.000,0.000,0.000,0.000,-0.099,-0.096
119.83,0.105,0,0.907,0.517,0,0.000,0.000,0.000,0.000,0.000,0.000,-0.102,-0.079
120.03,0.108,0,0.930,0.516,0,0.000,0.000,0.000,0.000,0.000,0.000,-0.099,-0.071
120.23,0.106,0,0.930,0.516,0,0.000,0.000,0.000,0.000,0.000,0.000,-0.099,-0.071
120.43,0.106,0,0.964,0.515,0,0.000,0.000,0.000,0.000,0.000,0.000,-0.094,-0.061
120.63,0.106,0,0.964,0.515,0,0.000,0.000,0.000,0.000,0.000,0.000,-0.093,-0.079
120.83,0.106,0,0.964,0.515,0,0.000,0.000,0.000,0.000,0.000,0.000,-0.098,-0.072
121.03,0.108,0,0.957,0.516,0,0.000,0.000,0.000,0.000,0.000,0.000,-0.098,-0.072
121.23,0.106,0,0.957,0.516,0,0.000,0.000,0.000,0.000,0.000,0.000,-0.099,-0.069
121.43,0.105,0,1.076,0.515,0,0.000,0.000,0.000,0.000,0.000,0.000,-0.101,-0.075
121.63,0.106,0,1.076,0.515,0,0.000,0.000,0.000,0.000,0.000,0.000,-0.098,-0.077
121.83,0.106,0,1.076,0.515,0,0.000,0.000,0.000,0.000,0.000,0.000,-0.095,-0.080
122.03,0.106,0,1.361,0.515,0,0.000,0.000,0.000,0.000,0.000,0.000,-0.095,-0.080
122.23,0.106,0,1.361,0.515,0,0.000,0.000,0.000,0.000,0.000,0.000,-0.097,-0.085
122.43,0.107,0,1.428,0.512,0,0.000,0.000,0.000,0.000,0.000,0.000,-0.094,-0.081
122.63,0.107,0,1.428,0.512,0,0.000,0.000,0.000,0.000,0.000,0.000,-0.101,-0.075
122.83,0.105,0,1.428,0.512,0,0.000,0.000,0.000,0.000,0.000,0.000,-0.101,-0.075
123.03,0.105,0,1.430,0.512,0,0.000,0.000,0.000,0.000,0.000,0.000,-0.101,-0.075
123.23,0.105,0,1.430,0.512,0,0.000,0.000,0.000,0.000,0.000,0.000,-0.099,-0.077
123.43,0.105,0,1.429,0.511,0,0.000,0.000,0.000,0.000,0.000,0.000,-0.099,-0.079
123.63,0.105,0,1.429,0.511,0,0.000,0.000,0.000,0.000,0.000,0.000,-0.094,-0.090
123.83,0.105,0,1.429,0.511,0,0.000,0.000,0.000,0.000,0.000,0.000,-0.094,-0.090
124.03,0.105,0,1.429,0.511,0,0.000,0.000,0.000,0.000,0.000,0.000,-0.095,-0.082
124.23,0.106,0,1.429,0.511,0,0.000,0.000,0.000,0.000,0.000,0.000,-0.092,-0.081
124.43,0.106,0,1.448,0.514,0,0.000,0.000,0.000,0.000,0.000,0.000,-0.093,-0.084
124.63,0.105,0,1.448,0.514,0,0.000,0.000,0.000,0.000,0.000,0.000,-0.098,-0.088
124.83,0.105,0,1.448,0.514,0,0.000,0.000,0.000,0.000,0.000,0.000,-0.098,-0.088
125.03,0.105,0,1.434,0.512,0,0.000,0.000,0.000,0.000,0.000,0.000,-0.097,-0.085
125.23,0.105,0,1.434,0.512,0,0.000,0.000,0.000,0.000,0.000,0.000,-0.093,-0.084
125.43,0.105,0,1.447,0.510,0,0.000,0.000,0.000,0.000,0.000,0.000,-0.096,-0.092
125.63,0.105,0,1.447,0.510,0,0.000,0.000,0.000,0.000,0.000,0.000,-0.096,-0.092
125.83,0.105,0,1.447,0.510,0,0.000,0.000,0.000,0.000,0.000,0.000,-0.096,-0.085
126.03,0.105,0,1.429,0.512,0,0.000,0.000,0.000,0.000,0.000,0.000,-0.092,-0.085
126.23,0.106,0,1.429,0.512,0,0.000,0.000,0.000,0.000,0.000,0.000,-0.094,-0.094
126.43,0.106,0,2.174,0.512,0,0.000,0.000,0.000,0.000,0.000,0.000,-0.100,-0.090
126.63,0.106,0,2.174,0.512,0,0.000,0.000,0.000,0.000,0.000,0.000,-0.100,-0.090
126.83,0.105,0,2.174,0.512,0,0.000,0.000,0.000,0.000,0.000,0.000,-0.089,-0.086
127.03,0.107,0,1.432,0.510,0,0.000,0.000,0.000,0.000,0.000,0.000,-0.090,-0.079
127.23,0.107,0,1.432,0.510,0,0.000,0.000,0.000,0.000,0.000,0.000,-0.092,-0.085
127.43,0.106,0,1.768,0.512,0,0.000,0.000,0.000,0.000,0.000,0.000,-0.096,-0.092
127.63,0.106,0,1.768,0.512,0,0.000,0.000,0.000,0.000,0.000,0.000,-0.096,-0.092
127.83,0.108,0,1.768,0.512,0,0.000,0.000,0.000,0.000,0.000,0.000,-0.093,-0.084
128.03,0.107,0,1.429,0.512,0,0.000,0.000,0.000,0.000,0.000,0.000,-0.089,-0.080
128.23,0.107,0,1.429,0.512,0,0.000,0.000,0.000,0.000,0.000,0.000,-0.099,-0.076
128.43,0.106,0,1.433,0.512,0,0.000,0.000,0.000,0.000,0.000,0.000,-0.099,-0.076
128.63,0.105,0,1.433,0.512,0,0.000,0.000,0.000,0.000,0.000,0.000,-0.097,-0.077
128.83,0.105,0,1.433,0.512,0,0.000,0.000,0.000,0.000,0.000,0.000,-0.095,-0.079
129.03,0.105,0,1.431,0.510,0,0.000,0.000,0.000,0.000,0.000,0.000,-0.093,-0.086
129.23,0.105,0,1.431,0.510,0,0.000,0.000,0.000,0.000,0.000,0.000,-0.095,-0.078
129.43,0.106,0,1.447,0.511,0,0.000,0.000,0.000,0.000,0.000,0.000,-0.095,-0.078
129.63,0.108,0,1.447,0.511,0,0.000,0.000,0.000,0.000,0.000,0.000,-0.093,-0.074
129.83,0.106,0,1.447,0.511,0,0.000,0.000,0.000,0.000,0.000,0.000,-0.094,-0.077
130.03,0.106,0,1.445,0.512,0,0.000,0.000,0.000,0.000,0.000,0.000,-0.094,-0.083
130.23,0.107,0,1.445,0.512,0,0.000,0.000,0.000,0.000,0.000,0.000,-0.097,-0.074
130.43,0.105,0,1.439,0.513,0,0.000,0.000,0.000,0.000,0.000,0.000,-0.097,-0.074
130.63,0.105,0,1.439,0.513,0,0.000,0.000,0.000,0.000,0.000,0.000,-0.093,-0.083
130.83,0.106,0,1.439,0.513,0,0.000,0.000,0.000,0.000,0.000,0.000,-0.090,-0.082
131.03,0.106,0,1.414,0.511,0,0.000,0.000,0.000,0.000,0.000,0.000,-0.095,-0.078
131.23,0.105,0,1.414,0.511,0,0.000,0.000,0.000,0.000,0.000,0.000,-0.095,-0.078
131.43,0.105,0,1.305,0.514,0,0.000,0.000,0.000,0.000,0.000,0.000,-0.091,-0.072
131.63,0.107,0,1.305,0.514,0,0.000,0.000,0.000,0.000,0.000,0.000,-0.095,-0.065
131.83,0.107,0,1.305,0.514,0,0.000,0.000,0.000,0.000,0.000,0.000,-0.097,-0.065
132.03,0.105,0,1.194,0.515,0,0.000,0.000,0.000,0.000,0.000,0.000,-0.096,-0.075
132.23,0.105,0,1.194,0.515,0,0.000,0.000,0.000,0.000,0.000,0.000,-0.096,-0.075
132.43,0.105,0,1.143,0.516,0,0.000,0.000,0.000,0.000,0.000,0.000,-0.090,-0.069
132.63,0.107,0,1.143,0.516,0,0.000,0.000,0.000,0.000,0.000,0.000,-0.085,-0.064
132.83,0.107,0,1.143,0.516,0,0.000,0.000,0.000,0.000,0.000,0.000,-0.087,-0.071
133.03,0.106,0,1.199,0.516,0,0.000,0.000,0.000,0.000,0.000,0.000,-0.087,-0.071
133.23,0.105,0,1.199,0.516,0,0.000,0.000,0.000,0.000,0.000,0.000,-0.090,-0.066
133.43,0.105,0,1.096,0.516,0,0.000,0.000,0.000,0.000,0.000,0.000,-0.087,-0.066
133.63,0.105,0,1.096,0.516,0,0.000,0.000,0.000,0.000,0.000,0.000,-0.091,-0.074
133.83,0.105,0,1.096,0.516,0,0.000,0.000,0.000,0.000,0.000,0.000,-0.090,-0.080
134.03,0.105,0,1.018,0.517,0,0.000,0.000,0.000,0.000,0.000,0.000,-0.090,-0.080
134.23,0.106,0,1.018,0.517,0,0.000,0.000,0.000,0.000,0.000,0.000,-0.087,-0.071
134.43,0.105,0,1.100,0.517,0,0.000,0.000,0.000,0.000,0.000,0.000,-0.088,-0.079
134.63,0.105,0,1.100,0.517,0,0.000,0.000,0.000,0.000,0.000,0.000,-0.091,-0.072
134.83,0.106,0,1.100,0.517,0,0.000,0.000,0.000,0.000,0.000,0.000,-0.091,-0.075
135.03,0.105,0,0.961,0.518,0,0.000,0.000,0.000,0.000,0.000,0.000,-0.091,-0.075
135.23,0.105,0,0.961,0.518,0,0.000,0.000,0.000,0.000,0.000,0.000,-0.088,-0.076
135.43,0.107,0,0.946,0.517,0,0.000,0.000,0.000,0.000,0.000,0.000,-0.088,-0.078
135.63,0.107,0,0.946,0.517,0,0.000,0.000,0.000,0.000,0.000,0.000,-0.089,-0.075
135.83,0.105,0,0.946,0.517,0,0.000,0.000,0.000,0.000,0.000,0.000,-0.089,-0.075
136.03,0.105,0,0.990,0.517,0,0.000,0.000,0.000,0.000,0.000,0.000,-0.091,-0.078
136.23,0.105,0,0.990,0.517,0,0.000,0.000,0.000,0.000,0.000,0.000,-0.088,-0.078
136.43,0.105,0,0.834,0.518,0,0.000,0.000,0.000,0.000,0.000,0.000,-0.090,-0.068
136.63,0.107,0,0.834,0.518,0,0.000,0.000,0.000,0.000,0.000,0.000,-0.094,-0.073
136.83,0.105,0,0.834,0.518,0,0.000,0.000,0.000,0.000,0.000,0.000,-0.094,-0.073
137.03,0.105,0,1.057,0.516,0,0.000,0.000,0.000,0.000,0.000,0.000,-0.091,-0.076
137.23,0.105,0,1.057,0.516,0,0.000,0.000,0.000,0.000,0.000,0.000,-0.090,-0.070
137.43,0.105,0,0.715,0.517,1,0.000,0.000,0.000,0.000,0.000,0.000,-0.093,-0.072
137.63,0.105,0,0.715,0.517,1,0.000,0.000,0.000,0.000,0.000,0.000,-0.093,-0.072
137.83,0.105,0,0.715,0.517,1,0.000,0.000,0.000,0.000,0.000,0.000,-0.091,-0.067
138.03,0.105,0,0.917,0.515,0,0.000,0.000,0.000,0.000,0.000,0.000,-0.091,-0.065
138.23,0.105,0,0.917,0.515,0,0.000,0.000,0.000,0.000,0.000,0.000,-0.088,-0.059
138.43,0.105,0,0.914,0.517,0,0.000,0.000,0.000,0.000,0.000,0.000,-0.086,-0.070
138.63,0.106,0,0.914,0.517,0,0.000,0.000,0.000,0.000,0.000,0.000,-0.086,-0.070
138.83,0.105,0,0.914,0.517,0,0.000,0.000,0.000,0.000,0.000,0.000,-0.091,-0.066
139.03,0.105,0,0.702,0.518,1,0.000,0.000,0.000,0.000,0.000,0.000,-0.087,-0.075
139.23,0.105,0,0.702,0.518,1,0.000,0.000,0.000,0.000,0.000,0.000,-0.091,-0.068
139.43,0.107,0,1.004,0.518,0,0.000,0.000,0.000,0.000,0.000,0.000,-0.093,-0.076
139.63,0.105,0,1.004,0.518,0,0.000,0.000,0.000,0.000,0.000,0.000,-0.093,-0.076
139.83,0.106,0,1.004,0.518,0,0.000,0.000,0.000,0.000,0.000,0.000,-0.088,-0.068
140.03,0.107,0,0.967,0.518,0,0.000,0.000,0.000,0.000,0.000,0.000,-0.094,-0.078
140.23,0.107,0,0.967,0.518,0,0.000,0.000,0.000,0.000,0.000,0.000,-0.093,-0.080
140.43,0.105,0,0.924,0.518,0,0.000,0.000,0.000,0.000,0.000,0.000,-0.093,-0.080
140.63,0.105,0,0.924,0.518,0,0.000,0.000,0.000,0.000,0.000,0.000,-0.095,-0.079
140.83,0.105,0,0.924,0.518,0,0.000,0.000,0.000,0.000,0.000,0.000,-0.097,-0.087
141.03,0.105,0,0.878,0.517,0,0.000,0.000,0.000,0.000,0.000,0.000,-0.094,-0.085
141.23,0.106,0,0.878,0.517,0,0.000,0.000,0.000,0.000,0.000,0.000,-0.101,-0.082
141.43,0.105,0,0.879,0.518,0,0.000,0.000,0.000,0.000,0.000,0.000,-0.101,-0.082
141.63,0.105,0,0.879,0.518,0,0.000,0.000,0.000,0.000,0.000,0.000,-0.099,-0.088
141.83,0.105,0,0.879,0.518,0,0.000,0.000,0.000,0.000,0.000,0.000,-0.090,-0.081
142.03,0.105,0,0.885,0.516,0,0.000,0.000,0.000,0.000,0.000,0.000,-0.096,-0.089
142.23,0.107,0,0.885,0.516,0,0.000,0.000,0.000,0.000,0.000,0.000,-0.096,-0.089
142.43,0.105,0,0.894,0.517,0,0.000,0.000,0.000,0.000,0.000,0.000,-0.092,-0.078
142.63,0.107,0,0.894,0.517,0,0.000,0.000,0.000,0.000,0.000,0.000,-0.091,-0.068
142.83,0.107,0,0.894,0.517,0,0.000,0.000,0.000,0.000,0.000,0.000,-0.091,-0.080
143.03,0.107,0,0.951,0.516,0,0.000,0.000,0.000,0.000,0.000,0.000,-0.087,-0.072
143.23,0.107,0,0.951,0.516,0,0.000,0.000,0.000,0.000,0.000,0.000,-0.087,-0.072
143.43,0.105,0,0.931,0.515,0,0.000,0.000,0.000,0.000,0.000,0.000,-0.089,-0.061
143.63,0.105,0,0.931,0.515,0,0.000,0.000,0.000,0.000,0.000,0.000,-0.084,-0.066
143.83,0.105,0,0.931,0.515,0,0.000,0.000,0.000,0.000,0.000,0.000,-0.094,-0.065
144.03,0.108,0,0.972,0.512,0,0.000,0.000,0.000,0.000,0.000,0.000,-0.091,-0.067
144.23,0.105,0,0.972,0.512,0,0.000,0.000,0.000,0.000,0.000,0.000,-0.091,-0.067
144.43,0.108,0,1.198,0.512,0,0.000,0.000,0.000,0.000,0.000,0.000,-0.096,-0.073
144.63,0.106,0,1.198,0.512,0,0.000,0.000,0.000,0.000,0.000,0.000,-0.090,-0.069
144.83,0.106,0,1.198,0.512,0,0.000,0.000,0.000,0.000,0.000,0.000,-0.094,-0.080
145.03,0.107,0,1.396,0.512,0,0.000,0.000,0.000,0.000,0.000,0.000,-0.094,-0.080
145.23,0.105,0,1.396,0.512,0,0.000,0.000,0.000,0.000,0.000,0.000,-0.096,-0.084
145.43,0.107,0,1.431,0.512,0,0.000,0.000,0.000,0.000,0.000,0.000,-0.095,-0.074
145.63,0.107,0,1.431,0.512,0,0.000,0.000,0.000,0.000,0.000,0.000,-0.090,-0.073
145.83,0.105,0,1.431,0.512,0,0.000,0.000,0.000,0.000,0.000,0.000,-0.091,-0.082
146.03,0.105,0,3.209,0.513,0,0.000,0.000,0.000,0.000,0.000,0.000,-0.091,-0.082
146.23,0.106,0,3.209,0.513,0,0.000,0.000,0.000,0.000,0.000,0.000,-0.093,-0.083
146.43,0.108,0,1.432,0.513,0,0.000,0.000,0.000,0.000,0.000,0.000,-0.087,-0.075
146.63,0.108,0,1.432,0.513,0,0.000,0.000,0.000,0.000,0.000,0.000,-0.090,-0.088
146.83,0.106,0,1.432,0.513,0,0.000,0.000,0.000,0.000,0.000,0.000,-0.090,-0.088
147.03,0.106,0,1.442,0.511,0,0.000,0.000,0.000,0.000,0.000,0.000,-0.092,-0.088
147.23,0.106,0,1.442,0.511,0,0.000,0.000,0.000,0.000,0.000,0.000,-0.095,-0.082
147.43,0.105,0,3.020,0.511,0,0.000,0.000,0.000,0.000,0.000,0.000,-0.098,-0.080
147.63,0.105,0,3.020,0.511,0,0.000,0.000,0.000,0.000,0.000,0.000,-0.091,-0.081
147.83,0.105,0,3.020,0.511,0,0.000,0.000,0.000,0.000,0.000,0.000,-0.091,-0.081
148.03,0.106,0,3.213,0.511,0,0.000,0.000,0.000,0.000,0.000,0.000,-0.093,-0.079
148.23,0.108,0,3.213,0.511,0,0.000,0.000,0.000,0.000,0.000,0.000,-0.094,-0.077
148.43,0.108,0,1.430,0.513,0,0.000,0.000,0.000,0.000,0.000,0.000,-0.095,-0.084
148.63,0.105,0,1.430,0.513,0,0.000,0.000,0.000,0.000,0.000,0.000,-0.095,-0.078
148.83,0.105,0,1.430,0.513,0,0.000,0.000,0.000,0.000,0.000,0.000,-0.095,-0.078
149.03,0.105,0,1.432,0.515,0,0.000,0.000,0.000,0.000,0.000,0.000,-0.096,-0.084
149.23,0.105,0,1.432,0.515,0,0.000,0.000,0.000,0.000,0.000,0.000,-0.095,-0.085
149.43,0.105,0,1.430,0.513,0,0.000,0.000,0.000,0.000,0.000,0.000,-0.096,-0.081
149.63,0.105,0,1.430,0.513,0,0.000,0.000,0.000,0.000,0.000,0.000,-0.096,-0.081
149.83,0.105,0,1.430,0.513,0,0.000,0.000,0.000,0.000,0.000,0.000,-0.093,-0.088
150.03,0.105,0,1.438,0.513,0,0.000,0.000,0.000,0.000,0.000,0.000,-0.099,-0.080
150.23,0.105,0,1.438,0.513,0,0.000,0.000,0.000,0.000,0.000,0.000,-0.096,-0.080
150.43,0.105,0,1.430,0.513,0,0.000,0.000,0.000,0.000,0.000,0.000,-0.091,-0.081
150.63,0.105,0,1.430,0.513,0,0.000,0.000,0.000,0.000,0.000,0.000,-0.091,-0.081
150.83,0.105,0,1.430,0.513,0,0.000,0.000,0.000,0.000,0.000,0.000,-0.097,-0.087
151.03,0.105,0,3.212,0.511,0,0.000,0.000,0.000,0.000,0.000,0.000,-0.094,-0.076
151.23,0.105,0,3.212,0.511,0,0.000,0.000,0.000,0.000,0.000,0.000,-0.090,-0.089
151.43,0.105,0,1.433,0.513,0,0.000,0.000,0.000,0.000,0.000,0.000,-0.090,-0.089
151.63,0.105,0,1.433,0.513,0,0.000,0.000,0.000,0.000,0.000,0.000,-0.095,-0.092
151.83,0.105,0,1.433,0.513,0,0.000,0.000,0.000,0.000,0.000,0.000,-0.096,-0.076
152.03,0.106,0,3.206,0.513,0,0.000,0.000,0.000,0.000,0.000,0.000,-0.090,-0.075
152.23,0.106,0,3.206,0.513,0,0.000,0.000,0.000,0.000,0.000,0.000,-0.089,-0.079
152.43,0.107,0,1.429,0.510,0,0.000,0.000,0.000,0.000,0.000,0.000,-0.089,-0.079
152.63,0.105,0,1.429,0.510,0,0.000,0.000,0.000,0.000,0.000,0.000,-0.092,-0.081
152.83,0.107,0,1.429,0.510,0,0.000,0.000,0.000,0.000,0.000,0.000,-0.093,-0.082
153.03,0.107,0,1.434,0.512,0,0.000,0.000,0.000,0.000,0.000,0.000,-0.091,-0.075
153.23,0.108,0,1.434,0.512,0,0.000,0.000,0.000,0.000,0.000,0.000,-0.093,-0.082
153.43,0.106,0,1.435,0.511,0,0.000,0.000,0.000,0.000,0.000,0.000,-0.093,-0.082
153.63,0.106,0,1.435,0.511,0,0.000,0.000,0.000,0.000,0.000,0.000,-0.091,-0.080
153.83,0.108,0,1.435,0.511,0,0.000,0.000,0.000,0.000,0.000,0.000,-0.091,-0.078
154.03,0.108,0,1.429,0.514,0,0.000,0.000,0.000,0.000,0.000,0.000,-0.089,-0.080
154.23,0.105,0,1.429,0.514,0,0.000,0.000,0.000,0.000,0.000,0.000,-0.089,-0.080
154.43,0.106,0,1.453,0.511,0,0.000,0.000,0.000,0.000,0.000,0.000,-0.091,-0.087
154.63,0.106,0,1.453,0.511,0,0.000,0.000,0.000,0.000,0.000,0.000,-0.094,-0.088
154.83,0.106,0,1.453,0.511,0,0.000,0.000,0.000,0.000,0.000,0.000,-0.093,-0.093
155.03,0.106,0,1.454,0.511,0,0.000,0.000,0.000,0.000,0.000,0.000,-0.092,-0.083
155.23,0.105,0,1.454,0.511,0,0.000,0.000,0.000,0.000,0.000,0.000,-0.092,-0.083
155.43,0.106,0,1.432,0.512,0,0.000,0.000,0.000,0.000,0.000,0.000,-0.097,-0.084
155.63,0.105,0,1.432,0.512,0,0.000,0.000,0.000,0.000,0.000,0.000,-0.091,-0.081
155.83,0.105,0,1.432,0.512,0,0.000,0.000,0.000,0.000,0.000,0.000,-0.092,-0.091
156.03,0.105,0,1.430,0.513,0,0.000,0.000,0.000,0.000,0.000,0.000,-0.090,-0.080
156.23,0.107,0,1.430,0.513,0,0.000,0.000,0.000,0.000,0.000,0.000,-0.090,-0.080
156.43,0.105,0,1.429,0.514,0,0.000,0.000,0.000,0.000,0.000,0.000,-0.093,-0.082
156.63,0.105,0,1.429,0.514,0,0.000,0.000,0.000,0.000,0.000,0.000,-0.096,-0.076
156.83,0.105,0,1.429,0.514,0,0.000,0.000,0.000,0.000,0.000,0.000,-0.092,-0.085
157.03,0.106,0,1.429,0.511,0,0.000,0.000,0.000,0.000,0.000,0.000,-0.092,-0.085
157.23,0.106,0,1.429,0.511,0,0.000,0.000,0.000,0.000,0.000,0.000,-0.089,-0.082
157.43,0.105,0,1.442,0.509,0,0.000,0.000,0.000,0.000,0.000,0.000,-0.095,-0.087
157.63,0.106,0,1.442,0.509,0,0.000,0.000,0.000,0.000,0.000,0.000,-0.093,-0.087
157.83,0.106,0,1.442,0.509,0,0.000,0.000,0.000,0.000,0.000,0.000,-0.096,-0.088
158.03,0.105,0,1.429,0.511,0,0.000,0.000,0.000,0.000,0.000,0.000,-0.096,-0.088
158.23,0.106,0,1.429,0.511,0,0.000,0.000,0.000,0.000,0.000,0.000,-0.096,-0.093
158.43,0.105,0,1.437,0.511,0,0.000,0.000,0.000,0.000,0.000,0.000,-0.097,-0.086
158.63,0.105,0,1.437,0.511,0,0.000,0.000,0.000,0.000,0.000,0.000,-0.096,-0.085
158.83,0.105,0,1.437,0.511,0,0.000,0.000,0.000,0.000,0.000,0.000,-0.091,-0.085
159.03,0.105,0,3.209,0.514,0,0.000,0.000,0.000,0.000,0.000,0.000,-0.091,-0.085
159.23,0.106,0,3.209,0.514,0,0.000,0.000,0.000,0.000,0.000,0.000,-0.090,-0.088
159.43,0.106,0,1.431,0.513,0,0.000,0.000,0.000,0.000,0.000,0.000,-0.093,-0.079
159.63,0.106,0,1.431,0.513,0,0.000,0.000,0.000,0.000,0.000,0.000,-0.094,-0.085
159.83,0.105,0,1.431,0.513,0,0.000,0.000,0.000,0.000,0.000,0.000,-0.094,-0.085
160.03,0.107,0,1.434,0.511,0,0.000,0.000,0.000,0.000,0.000,0.000,-0.094,-0.086
160.23,0.105,0,1.434,0.511,0,0.000,0.000,0.000,0.000,0.000,0.000,-0.097,-0.088
160.43,0.108,0,1.451,0.511,0,0.000,0.000,0.000,0.000,0.000,0.000,-0.095,-0.086
160.63,0.108,0,1.451,0.511,0,0.000,0.000,0.000,0.000,0.000,0.000,-0.092,-0.088
160.83,0.105,0,1.451,0.511,0,0.000,0.000,0.000,0.000,0.000,0.000,-0.092,-0.088
161.03,0.106,0,3.192,0.512,0,0.000,0.000,0.000,0.000,0.000,0.000,-0.091,-0.094
161.23,0.105,0,3.192,0.512,0,0.000,0.000,0.000,0.000,0.000,0.000,-0.097,-0.091
161.43,0.105,0,1.428,0.514,0,0.000,0.000,0.000,0.000,0.000,0.000,-0.097,-0.081
161.63,0.107,0,1.428,0.514,0,0.000,0.000,0.000,0.000,0.000,0.000,-0.098,-0.088
161.83,0.108,0,1.428,0.514,0,0.000,0.000,0.000,0.000,0.000,0.000,-0.098,-0.088
162.03,0.106,0,3.169,0.510,0,0.000,0.000,0.000,0.000,0.000,0.000,-0.097,-0.094
162.23,0.106,0,3.169,0.510,0,0.000,0.000,0.000,0.000,0.000,0.000,-0.095,-0.082
162.43,0.106,0,1.429,0.512,0,0.000,0.000,0.000,0.000,0.000,0.000,-0.094,-0.088
162.63,0.105,0,1.429,0.512,0,0.000,0.000,0.000,0.000,0.000,0.000,-0.094,-0.088
162.83,0.105,0,1.429,0.512,0,0.000,0.000,0.000,0.000,0.000,0.000,-0.088,-0.086
163.03,0.106,0,1.452,0.512,0,0.000,0.000,0.000,0.000,0.000,0.000,-0.097,-0.093
163.23,0.106,0,1.452,0.512,0,0.000,0.000,0.000,0.000,0.000,0.000,-0.098,-0.096
163.43,0.106,0,1.430,0.512,0,0.000,0.000,0.000,0.000,0.000,0.000,-0.094,-0.095
163.63,0.108,0,1.430,0.512,0,0.000,0.000,0.000,0.000,0.000,0.000,-0.094,-0.095
163.83,0.105,0,1.430,0.512,0,0.000,0.000,0.000,0.000,0.000,0.000,-0.092,-0.083
164.03,0.105,0,1.440,0.513,0,0.000,0.000,0.000,0.000,0.000,0.000,-0.102,-0.085
164.23,0.105,0,1.440,0.513,0,0.000,0.000,0.000,0.000,0.000,0.000,-0.093,-0.088
164.43,0.105,0,1.452,0.512,0,0.000,0.000,0.000,0.000,0.000,0.000,-0.093,-0.088
164.63,0.107,0,1.452,0.512,0,0.000,0.000,0.000,0.000,0.000,0.000,-0.093,-0.083
164.83,0.105,0,1.452,0.512,0,0.000,0.000,0.000,0.000,0.000,0.000,-0.095,-0.084
165.03,0.106,0,1.437,0.512,0,0.000,0.000,0.000,0.000,0.000,0.000,-0.092,-0.088
165.23,0.106,0,1.437,0.512,0,0.000,0.000,0.000,0.000,0.000,0.000,-0.094,-0.085
165.43,0.105,0,3.222,0.512,0,0.000,0.000,0.000,0.000,0.000,0.000,-0.094,-0.085
165.63,0.106,0,3.222,0.512,0,0.000,0.000,0.000,0.000,0.000,0.000,-0.094,-0.082
165.83,0.107,0,3.222,0.512,0,0.000,0.000,0.000,0.000,0.000,0.000,-0.094,-0.088
166.03,0.107,0,1.429,0.509,0,0.000,0.000,0.000,0.000,0.000,0.000,-0.091,-0.096
166.23,0.106,0,1.429,0.509,0,0.000,0.000,0.000,0.000,0.000,0.000,-0.096,-0.088
166.43,0.105,0,1.436,0.513,0,0.000,0.000,0.000,0.000,0.000,0.000,-0.096,-0.088
166.63,0.105,0,1.436,0.513,0,0.000,0.000,0.000,0.000,0.000,0.000,-0.096,-0.094
166.83,0.106,0,1.436,0.513,0,0.000,0.000,0.000,0.000,0.000,0.000,-0.097,-0.091
167.03,0.106,0,3.168,0.511,0,0.000,0.000,0.000,0.000,0.000,0.000,-0.100,-0.095
167.23,0.105,0,3.168,0.511,0,0.000,0.000,0.000,0.000,0.000,0.000,-0.100,-0.095
167.43,0.106,0,3.065,0.511,0,0.000,0.000,0.000,0.000,0.000,0.000,-0.100,-0.092
167.63,0.106,0,3.065,0.511,0,0.000,0.000,0.000,0.000,0.000,0.000,-0.102,-0.094
167.83,0.106,0,3.065,0.511,0,0.000,0.000,0.000,0.000,0.000,0.000,-0.097,-0.086
168.03,0.105,0,1.428,0.514,0,0.000,0.000,0.000,0.000,0.000,0.000,-0.093,-0.095
168.23,0.105,0,1.428,0.514,0,0.000,0.000,0.000,0.000,0.000,0.000,-0.093,-0.095
168.43,0.106,0,1.443,0.513,0,0.000,0.000,0.000,0.000,0.000,0.000,-0.090,-0.091
168.63,0.106,0,1.443,0.513,0,0.000,0.000,0.000,0.000,0.000,0.000,-0.089,-0.091
168.83,0.106,0,1.443,0.513,0,0.000,0.000,0.000,0.000,0.000,0.000,-0.092,-0.084
169.03,0.105,0,1.454,0.509,0,0.000,0.000,0.000,0.000,0.000,0.000,-0.092,-0.085
169.23,0.107,0,1.454,0.509,0,0.000,0.000,0.000,0.000,0.000,0.000,-0.092,-0.085
169.43,0.106,0,1.438,0.514,0,0.000,0.000,0.000,0.000,0.000,0.000,-0.091,-0.084
169.63,0.105,0,1.438,0.514,0,0.000,0.000,0.000,0.000,0.000,0.000,-0.091,-0.086
169.83,0.105,0,1.438,0.514,0,0.000,0.000,0.000,0.000,0.000,0.000,-0.095,-0.088
170.03,0.107,0,3.199,0.510,0,0.000,0.000,0.000,0.000,0.000,0.000,-0.095,-0.088
170.23,0.105,0,3.199,0.510,0,0.000,0.000,0.000,0.000,0.000,0.000,-0.092,-0.082
170.43,0.105,0,1.430,0.512,0,0.000,0.000,0.000,0.000,0.000,0.000,-0.089,-0.081
170.63,0.105,0,1.430,0.512,0,0.000,0.000,0.000,0.000,0.000,0.000,-0.092,-0.069
170.83,0.107,0,1.430,0.512,0,0.000,0.000,0.000,0.000,0.000,0.000,-0.087,-0.074
171.03,0.106,0,1.430,0.512,0,0.000,0.000,0.000,0.000,0.000,0.000,-0.087,-0.074
171.23,0.105,0,1.430,0.512,0,0.000,0.000,0.000,0.000,0.000,0.000,-0.092,-0.079
171.43,0.105,0,3.208,0.511,0,0.000,0.000,0.000,0.000,0.000,0.000,-0.098,-0.090
171.63,0.105,0,3.208,0.511,0,0.000,0.000,0.000,0.000,0.000,0.000,-0.090,-0.084
171.83,0.105,0,3.208,0.511,0,0.000,0.000,0.000,0.000,0.000,0.000,-0.090,-0.084
172.03,0.105,0,1.436,0.510,0,0.000,0.000,0.000,0.000,0.000,0.000,-0.091,-0.078
172.23,0.105,0,1.436,0.510,0,0.000,0.000,0.000,0.000,0.000,0.000,-0.087,-0.087
172.43,0.105,0,1.436,0.512,0,0.000,0.000,0.000,0.000,0.000,0.000,-0.090,-0.079
172.63,0.105,0,1.436,0.512,0,0.000,0.000,0.000,0.000,0.000,0.000,-0.093,-0.076
172.83,0.106,0,1.436,0.512,0,0.000,0.000,0.000,0.000,0.000,0.000,-0.093,-0.076
173.03,0.105,0,1.434,0.513,0,0.000,0.000,0.000,0.000,0.000,0.000,-0.090,-0.082
173.23,0.107,0,1.434,0.513,0,0.000,0.000,0.000,0.000,0.000,0.000,-0.097,-0.076
173.43,0.107,0,1.447,0.514,0,0.000,0.000,0.000,0.000,0.000,0.000,-0.094,-0.076
173.63,0.105,0,1.447,0.514,0,0.000,0.000,0.000,0.000,0.000,0.000,-0.090,-0.086
173.83,0.105,0,1.447,0.514,0,0.000,0.000,0.000,0.000,0.000,0.000,-0.090,-0.086
174.03,0.105,0,1.430,0.513,0,0.000,0.000,0.000,0.000,0.000,0.000,-0.097,-0.089
174.23,0.108,0,1.430,0.513,0,0.000,0.000,0.000,0.000,0.000,0.000,-0.089,-0.082
174.43,0.108,0,1.441,0.514,0,0.000,0.000,0.000,0.000,0.000,0.000,-0.096,-0.078
174.63,0.106,0,1.441,0.514,0,0.000,0.000,0.000,0.000,0.000,0.000,-0.096,-0.078
174.83,0.105,0,1.441,0.514,0,0.000,0.000,0.000,0.000,0.000,0.000,-0.092,-0.085
175.03,0.106,0,1.433,0.514,0,0.000,0.000,0.000,0.000,0.000,0.000,-0.088,-0.081
175.23,0.106,0,1.433,0.514,0,0.000,0.000,0.000,0.000,0.000,0.000,-0.091,-0.081
175.43,0.106,0,1.437,0.511,0,0.000,0.000,0.000,0.000,0.000,0.000,-0.091,-0.078
175.63,0.106,0,1.437,0.511,0,0.000,0.000,0.000,0.000,0.000,0.000,-0.091,-0.078
175.83,0.107,0,1.437,0.511,0,0.000,0.000,0.000,0.000,0.000,0.000,-0.087,-0.079
176.03,0.105,0,1.441,0.512,0,0.000,0.000,0.000,0.000,0.000,0.000,-0.094,-0.081
176.23,0.105,0,1.441,0.512,0,0.000,0.000,0.000,0.000,0.000,0.000,-0.092,-0.084
176.43,0.105,0,3.184,0.511,0,0.000,0.000,0.000,0.000,0.000,0.000,-0.091,-0.080
176.63,0.106,0,3.184,0.511,0,0.000,0.000,0.000,0.000,0.000,0.000,-0.091,-0.080
176.83,0.107,0,3.184,0.511,0,0.000,0.000,0.000,0.000,0.000,0.000,-0.089,-0.077
177.03,0.106,0,1.429,0.511,0,0.000,0.000,0.000,0.000,0.000,0.000,-0.094,-0.089
177.23,0.106,0,1.429,0.511,0,0.000,0.000,0.000,0.000,0.000,0.000,-0.093,-0.087
177.43,0.105,0,3.197,0.510,0,0.000,0.000,0.000,0.000,0.000,0.000,-0.093,-0.087
177.63,0.106,0,3.197,0.510,0,0.000,0.000,0.000,0.000,0.000,0.000,-0.097,-0.081
177.83,0.105,0,3.197,0.510,0,0.000,0.000,0.000,0.000,0.000,0.000,-0.093,-0.083
178.03,0.105,0,3.016,0.513,0,0.000,0.000,0.000,0.000,0.000,0.000,-0.097,-0.079
178.23,0.106,0,3.016,0.513,0,0.000,0.000,0.000,0.000,0.000,0.000,-0.093,-0.082
178.43,0.107,0,1.429,0.511,0,0.000,0.000,0.000,0.000,0.000,0.000,-0.093,-0.082
178.63,0.105,0,1.429,0.511,0,0.000,0.000,0.000,0.000,0.000,0.000,-0.094,-0.085
178.83,0.105,0,1.429,0.511,0,0.000,0.000,0.000,0.000,0.000,0.000,-0.093,-0.092
179.03,0.105,0,1.457,0.511,0,0.000,0.000,0.000,0.000,0.000,0.000,-0.089,-0.084
179.23,0.105,0,1.457,0.511,0,0.000,0.000,0.000,0.000,0.000,0.000,-0.089,-0.084
179.43,0.107,0,1.438,0.514,0,0.000,0.000,0.000,0.000,0.000,0.000,-0.095,-0.079
179.63,0.105,0,1.438,0.514,0,0.000,0.000,0.000,0.000,0.000,0.000,-0.093,-0.081
179.83,0.105,0,1.438,0.514,0,0.000,0.000,0.000,0.000,0.000,0.000,-0.102,-0.094
180.03,0.105,0,1.429,0.512,0,0.000,0.000,0.000,0.000,0.000,0.000,-0.096,-0.082
180.23,0.106,0,1.429,0.512,0,0.000,0.000,0.000,0.000,0.000,0.000,-0.096,-0.082
180.43,0.105,0,1.442,0.512,0,0.000,0.000,0.000,0.000,0.000,0.000,-0.098,-0.088
180.63,0.105,0,1.442,0.512,0,0.000,0.000,0.000,0.000,0.000,0.000,-0.095,-0.086
180.83,0.105,0,1.442,0.512,0,0.000,0.000,0.000,0.000,0.000,0.000,-0.097,-0.076
181.03,0.105,0,1.429,0.515,0,0.000,0.000,0.000,0.000,0.000,0.000,-0.097,-0.076
181.23,0.386,0,1.429,0.515,0,0.000,0.000,0.000,0.000,0.000,0.000,-0.096,-0.086
181.43,0.105,0,1.429,0.513,0,0.000,0.000,0.000,0.000,0.000,0.000,-0.091,-0.083
181.63,0.105,0,1.429,0.513,0,0.000,0.000,0.000,0.000,0.000,0.000,-0.097,-0.097
181.83,0.105,0,1.429,0.513,0,0.000,0.000,0.000,0.000,0.000,0.000,-0.096,-0.083
182.03,0.107,0,1.438,0.511,0,0.000,0.000,0.000,0.000,0.000,0.000,-0.096,-0.083
182.23,0.105,0,1.438,0.511,0,0.000,0.000,0.000,0.000,0.000,0.000,-0.095,-0.087
182.43,0.105,0,1.430,0.510,0,0.000,0.000,0.000,0.000,0.000,0.000,-0.100,-0.087
182.63,0.105,0,1.430,0.510,0,0.000,0.000,0.000,0.000,0.000,0.000,-0.103,-0.083
182.83,0.106,0,1.430,0.510,0,0.000,0.000,0.000,0.000,0.000,0.000,-0.097,-0.078
183.03,0.105,0,1.430,0.512,0,0.000,0.000,0.000,0.000,0.000,0.000,-0.097,-0.078
183.23,0.107,0,1.430,0.512,0,0.000,0.000,0.000,0.000,0.000,0.000,-0.095,-0.086
183.43,0.105,0,1.457,0.514,0,0.000,0.000,0.000,0.000,0.000,0.000,-0.095,-0.088
183.63,0.105,0,1.457,0.514,0,0.000,0.000,0.000,0.000,0.000,0.000,-0.093,-0.084
183.83,0.105,0,1.457,0.514,0,0.000,0.000,0.000,0.000,0.000,0.000,-0.093,-0.084
184.03,0.106,0,1.455,0.511,0,0.000,0.000,0.000,0.000,0.000,0.000,-0.097,-0.093
184.23,0.106,0,1.455,0.511,0,0.000,0.000,0.000,0.000,0.000,0.000,-0.094,-0.087
184.43,0.105,0,3.069,0.510,0,0.000,0.000,0.000,0.000,0.000,0.000,-0.096,-0.090
184.63,0.105,0,3.069,0.510,0,0.000,0.000,0.000,0.000,0.000,0.000,-0.094,-0.079
184.83,0.105,0,3.069,0.510,0,0.000,0.000,0.000,0.000,0.000,0.000,-0.094,-0.079
185.03,0.105,0,1.430,0.514,0,0.000,0.000,0.000,0.000,0.000,0.000,-0.097,-0.085
185.23,0.105,0,1.430,0.514,0,0.000,0.000,0.000,0.000,0.000,0.000,-0.094,-0.094
185.43,0.105,0,3.160,0.509,0,0.000,0.000,0.000,0.000,0.000,0.000,-0.092,-0.082
185.63,0.105,0,3.160,0.509,0,0.000,0.000,0.000,0.000,0.000,0.000,-0.092,-0.082
185.83,0.106,0,3.160,0.509,0,0.000,0.000,0.000,0.000,0.000,0.000,-0.094,-0.090
186.03,0.105,0,3.146,0.513,0,0.000,0.000,0.000,0.000,0.000,0.000,-0.093,-0.101
186.23,0.105,0,3.146,0.513,0,0.000,0.000,0.000,0.000,0.000,0.000,-0.094,-0.090
186.43,0.105,0,1.448,0.509,0,0.000,0.000,0.000,0.000,0.000,0.000,-0.096,-0.087
186.63,0.105,0,1.448,0.509,0,0.000,0.000,0.000,0.000,0.000,0.000,-0.096,-0.087
186.83,0.106,0,1.448,0.509,0,0.000,0.000,0.000,0.000,0.000,0.000,-0.094,-0.083
187.03,0.106,0,1.430,0.511,0,0.000,0.000,0.000,0.000,0.000,0.000,-0.096,-0.091
187.23,0.106,0,1.430,0.511,0,0.000,0.000,0.000,0.000,0.000,0.000,-0.093,-0.097
187.43,0.105,0,1.454,0.510,0,0.000,0.000,0.000,0.000,0.000,0.000,-0.100,-0.089
187.63,0.105,0,1.454,0.510,0,0.000,0.000,0.000,0.000,0.000,0.000,-0.100,-0.089
187.83,0.107,0,1.454,0.510,0,0.000,0.000,0.000,0.000,0.000,0.000,-0.087,-0.095
188.03,0.105,0,1.429,0.512,0,0.000,0.000,0.000,0.000,0.000,0.000,-0.094,-0.092
188.23,0.105,0,1.429,0.512,0,0.000,0.000,0.000,0.000,0.000,0.000,-0.098,-0.085
188.43,0.105,0,1.429,0.513,0,0.000,0.000,0.000,0.000,0.000,0.000,-0.098,-0.085
188.63,0.105,0,1.429,0.513,0,0.000,0.000,0.000,0.000,0.000,0.000,-0.097,-0.090
188.83,0.107,0,1.429,0.513,0,0.000,0.000,0.000,0.000,0.000,0.000,-0.090,-0.088
189.03,0.108,0,1.429,0.511,0,0.000,0.000,0.000,0.000,0.000,0.000,-0.092,-0.095
189.23,0.108,0,1.429,0.511,0,0.000,0.000,0.000,0.000,0.000,0.000,-0.095,-0.093
189.43,0.105,0,3.163,0.511,0,0.000,0.000,0.000,0.000,0.000,0.000,-0.095,-0.093
189.63,0.107,0,3.163,0.511,0,0.000,0.000,0.000,0.000,0.000,0.000,-0.095,-0.090
189.83,0.107,0,3.163,0.511,0,0.000,0.000,0.000,0.000,0.000,0.000,-0.096,-0.081
190.03,0.107,0,1.434,0.510,0,0.000,0.000,0.000,0.000,0.000,0.000,-0.092,-0.093
190.23,0.105,0,1.434,0.510,0,0.000,0.000,0.000,0.000,0.000,0.000,-0.091,-0.087
190.43,0.105,0,1.435,0.512,0,0.000,0.000,0.000,0.000,0.000,0.000,-0.091,-0.087
190.63,0.106,0,1.435,0.512,0,0.000,0.000,0.000,0.000,0.000,0.000,-0.091,-0.094
190.83,0.105,0,1.435,0.512,0,0.000,0.000,0.000,0.000,0.000,0.000,-0.093,-0.086
191.03,0.105,0,1.433,0.513,0,0.000,0.000,0.000,0.000,0.000,0.000,-0.093,-0.091
191.23,0.108,0,1.433,0.513,0,0.000,0.000,0.000,0.000,0.000,0.000,-0.093,-0.091
191.43,0.105,0,2.080,0.513,0,0.000,0.000,0.000,0.000,0.000,0.000,-0.090,-0.087
191.63,0.105,0,2.080,0.513,0,0.000,0.000,0.000,0.000,0.000,0.000,-0.089,-0.086
191.83,0.106,0,2.080,0.513,0,0.000,0.000,0.000,0.000,0.000,0.000,-0.091,-0.078
192.03,0.106,0,3.151,0.513,0,0.000,0.000,0.000,0.000,0.000,0.000,-0.091,-0.078
192.23,0.106,0,3.151,0.513,0,0.000,0.000,0.000,0.000,0.000,0.000,-0.091,-0.078
192.43,0.105,0,1.441,0.512,0,0.000,0.000,0.000,0.000,0.000,0.000,-0.084,-0.083
192.63,0.105,0,1.441,0.512,0,0.000,0.000,0.000,0.000,0.000,0.000,-0.093,-0.078
192.83,0.105,0,1.441,0.512,0,0.000,0.000,0.000,0.000,0.000,0.000,-0.097,-0.080
193.03,0.105,0,1.434,0.510,0,0.000,0.000,0.000,0.000,0.000,0.000,-0.092,-0.071
193.23,0.107,0,1.434,0.510,0,0.000,0.000,0.000,0.000,0.000,0.000,-0.092,-0.071
193.43,0.105,0,1.433,0.512,0,0.000,0.000,0.000,0.000,0.000,0.000,-0.093,-0.073
193.63,0.106,0,1.433,0.512,0,0.000,0.000,0.000,0.000,0.000,0.000,-0.090,-0.074
193.83,0.106,0,1.433,0.512,0,0.000,0.000,0.000,0.000,0.000,0.000,-0.093,-0.073
194.03,0.106,0,3.217,0.514,0,0.000,0.000,0.000,0.000,0.000,0.000,-0.093,-0.073
194.23,0.106,0,3.217,0.514,0,0.000,0.000,0.000,0.000,0.000,0.000,-0.091,-0.072
194.43,0.105,0,1.429,0.513,0,0.000,0.000,0.000,0.000,0.000,0.000,-0.096,-0.065
194.63,0.107,0,1.429,0.513,0,0.000,0.000,0.000,0.000,0.000,0.000,-0.096,-0.069
194.83,0.107,0,1.429,0.513,0,0.000,0.000,0.000,0.000,0.000,0.000,-0.098,-0.072
195.03,0.106,0,1.428,0.512,0,0.000,0.000,0.000,0.000,0.000,0.000,-0.098,-0.072
195.23,0.107,0,1.428,0.512,0,0.000,0.000,0.000,0.000,0.000,0.000,-0.092,-0.067
195.43,0.105,0,1.437,0.512,0,0.000,0.000,0.000,0.000,0.000,0.000,-0.089,-0.075
195.63,0.105,0,1.437,0.512,0,0.000,0.000,0.000,0.000,0.000,0.000,-0.094,-0.077
195.83,0.105,0,1.437,0.512,0,0.000,0.000,0.000,0.000,0.000,0.000,-0.091,-0.074
196.03,0.105,0,1.447,0.512,0,0.000,0.000,0.000,0.000,0.000,0.000,-0.091,-0.074
196.23,0.106,0,1.447,0.512,0,0.000,0.000,0.000,0.000,0.000,0.000,-0.094,-0.075
196.43,0.105,0,1.454,0.512,0,0.000,0.000,0.000,0.000,0.000,0.000,-0.095,-0.078
196.63,0.105,0,1.454,0.512,0,0.000,0.000,0.000,0.000,0.000,0.000,-0.097,-0.082
196.83,0.106,0,1.454,0.512,0,0.000,0.000,0.000,0.000,0.000,0.000,-0.097,-0.082
197.03,0.106,0,1.444,0.512,0,0.000,0.000,0.000,0.000,0.000,0.000,-0.090,-0.075
197.23,0.107,0,1.444,0.512,0,0.000,0.000,0.000,0.000,0.000,0.000,-0.094,-0.081
197.43,0.107,0,1.450,0.512,0,0.000,0.000,0.000,0.000,0.000,0.000,-0.095,-0.080
197.63,0.105,0,1.450,0.512,0,0.000,0.000,0.000,0.000,0.000,0.000,-0.096,-0.076
197.83,0.105,0,1.450,0.512,0,0.000,0.000,0.000,0.000,0.000,0.000,-0.096,-0.076
198.03,0.106,0,1.432,0.512,0,0.000,0.000,0.000,0.000,0.000,0.000,-0.090,-0.074
198.23,0.106,0,1.432,0.512,0,0.000,0.000,0.000,0.000,0.000,0.000,-0.087,-0.071
198.43,0.106,0,1.452,0.513,0,0.000,0.000,0.000,0.000,0.000,0.000,-0.094,-0.080
198.63,0.105,0,1.452,0.513,0,0.000,0.000,0.000,0.000,0.000,0.000,-0.094,-0.080
198.83,0.107,0,1.452,0.513,0,0.000,0.000,0.000,0.000,0.000,0.000,-0.096,-0.074
199.03,0.106,0,1.450,0.512,0,0.000,0.000,0.000,0.000,0.000,0.000,-0.098,-0.080
199.23,0.105,0,1.450,0.512,0,0.000,0.000,0.000,0.000,0.000,0.000,-0.097,-0.079
199.43,0.105,0,1.450,0.512,0,0.000,0.000,0.000,0.000,0.000,0.000,-0.096,-0.088
199.63,0.105,0,1.450,0.512,0,0.000,0.000,0.000,0.000,0.000,0.000,-0.096,-0.088
199.83,0.105,0,1.450,0.512,0,0.000,0.000,0.000,0.000,0.000,0.000,-0.093,-0.074
200.03,0.105,0,1.430,0.513,0,0.000,0.000,0.000,0.000,0.000,0.000,-0.098,-0.079
200.23,0.105,0,1.430,0.513,0,0.000,0.000,0.000,0.000,0.000,0.000,-0.093,-0.080
200.43,0.105,0,1.428,0.513,0,0.000,0.000,0.000,0.000,0.000,0.000,-0.092,-0.079
200.63,0.105,0,1.428,0.513,0,0.000,0.000,0.000,0.000,0.000,0.000,-0.092,-0.079
200.83,0.105,0,1.428,0.513,0,0.000,0.000,0.000,0.000,0.000,0.000,-0.089,-0.079
201.03,0.105,0,3.159,0.513,0,0.000,0.000,0.000,0.000,0.000,0.000,-0.089,-0.070
201.23,0.105,0,3.159,0.513,0,0.000,0.000,0.000,0.000,0.000,0.000,-0.088,-0.084
201.43,0.106,0,3.149,0.513,0,0.000,0.000,0.000,0.000,0.000,0.000,-0.088,-0.084
201.63,0.106,0,3.149,0.513,0,0.000,0.000,0.000,0.000,0.000,0.000,-0.095,-0.080
201.83,0.107,0,3.149,0.513,0,0.000,0.000,0.000,0.000,0.000,0.000,-0.097,-0.083
202.03,0.105,0,1.444,0.512,0,0.000,0.000,0.000,0.000,0.000,0.000,-0.095,-0.081
202.23,0.105,0,1.444,0.512,0,0.000,0.000,0.000,0.000,0.000,0.000,-0.098,-0.077
202.43,0.105,0,1.431,0.512,0,0.000,0.000,0.000,0.000,0.000,0.000,-0.098,-0.077
202.63,0.105,0,1.431,0.512,0,0.000,0.000,0.000,0.000,0.000,0.000,-0.094,-0.085
202.83,0.106,0,1.431,0.512,0,0.000,0.000,0.000,0.000,0.000,0.000,-0.093,-0.082
203.03,0.106,0,1.429,0.513,0,0.000,0.000,0.000,0.000,0.000,0.000,-0.087,-0.076
203.23,0.106,0,1.429,0.513,0,0.000,0.000,0.000,0.000,0.000,0.000,-0.097,-0.083
203.43,0.105,0,3.150,0.512,0,0.000,0.000,0.000,0.000,0.000,0.000,-0.097,-0.083
203.63,0.106,0,3.150,0.512,0,0.000,0.000,0.000,0.000,0.000,0.000,-0.093,-0.082
203.83,0.105,0,3.150,0.512,0,0.000,0.000,0.000,0.000,0.000,0.000,-0.095,-0.080
204.03,0.105,0,1.429,0.511,0,0.000,0.000,0.000,0.000,0.000,0.000,-0.094,-0.087
204.23,0.105,0,1.429,0.511,0,0.000,0.000,0.000,0.000,0.000,0.000,-0.094,-0.087
204.43,0.105,0,1.435,0.513,0,0.000,0.000,0.000,0.000,0.000,0.000,-0.092,-0.078
204.63,0.105,0,1.435,0.513,0,0.000,0.000,0.000,0.000,0.000,0.000,-0.093,-0.082
204.83,0.106,0,1.435,0.513,0,0.000,0.000,0.000,0.000,0.000,0.000,-0.091,-0.087
205.03,0.106,0,1.448,0.513,0,0.000,0.000,0.000,0.000,0.000,0.000,-0.095,-0.083
205.23,0.106,0,1.448,0.513,0,0.000,0.000,0.000,0.000,0.000,0.000,-0.095,-0.083
205.43,0.106,0,1.457,0.512,0,0.000,0.000,0.000,0.000,0.000,0.000,-0.090,-0.080
205.63,0.108,0,1.457,0.512,0,0.000,0.000,0.000,0.000,0.000,0.000,-0.091,-0.079
205.83,0.108,0,1.457,0.512,0,0.000,0.000,0.000,0.000,0.000,0.000,-0.093,-0.083
206.03,0.105,0,1.451,0.512,0,0.000,0.000,0.000,0.000,0.000,0.000,-0.092,-0.084
206.23,0.106,0,1.451,0.512,0,0.000,0.000,0.000,0.000,0.000,0.000,-0.092,-0.084
206.43,0.107,0,1.429,0.511,0,0.000,0.000,0.000,0.000,0.000,0.000,-0.095,-0.087
206.63,0.108,0,1.429,0.511,0,0.000,0.000,0.000,0.000,0.000,0.000,-0.092,-0.087
206.83,0.108,0,1.429,0.511,0,0.000,0.000,0.000,0.000,0.000,0.000,-0.088,-0.090
207.03,0.105,0,1.436,0.512,0,0.000,0.000,0.000,0.000,0.000,0.000,-0.088,-0.090
207.23,0.105,0,1.436,0.512,0,0.000,0.000,0.000,0.000,0.000,0.000,-0.095,-0.077
207.43,0.105,0,1.433,0.514,0,0.000,0.000,0.000,0.000,0.000,0.000,-0.093,-0.081
207.63,0.105,0,1.433,0.514,0,0.000,0.000,0.000,0.000,0.000,0.000,-0.091,-0.081
207.83,0.105,0,1.433,0.514,0,0.000,0.000,0.000,0.000,0.000,0.000,-0.093,-0.083
208.03,0.106,0,1.429,0.512,0,0.000,0.000,0.000,0.000,0.000,0.000,-0.093,-0.083
208.23,0.105,0,1.429,0.512,0,0.000,0.000,0.000,0.000,0.000,0.000,-0.093,-0.081
208.43,0.105,0,1.427,0.513,0,0.000,0.000,0.000,0.000,0.000,0.000,-0.092,-0.083
208.63,0.105,0,1.427,0.513,0,0.000,0.000,0.000,0.000,0.000,0.000,-0.093,-0.091
208.83,0.108,0,1.427,0.513,0,0.000,0.000,0.000,0.000,0.000,0.000,-0.099,-0.089
209.03,0.105,0,1.457,0.512,0,0.000,0.000,0.000,0.000,0.000,0.000,-0.099,-0.089
209.23,0.105,0,1.457,0.512,0,0.000,0.000,0.000,0.000,0.000,0.000,-0.096,-0.085
209.43,0.105,0,1.442,0.511,0,0.000,0.000,0.000,0.000,0.000,0.000,-0.100,-0.083
209.63,0.105,0,1.442,0.511,0,0.000,0.000,0.000,0.000,0.000,0.000,-0.098,-0.091
209.83,0.105,0,1.442,0.511,0,0.000,0.000,0.000,0.000,0.000,0.000,-0.098,-0.091
210.03,0.108,0,1.430,0.512,0,0.000,0.000,0.000,0.000,0.000,0.000,-0.099,-0.086
210.23,0.106,0,1.430,0.512,0,0.000,0.000,0.000,0.000,0.000,0.000,-0.094,-0.088
210.43,0.106,0,1.429,0.513,0,0.000,0.000,0.000,0.000,0.000,0.000,-0.093,-0.090
210.63,0.108,0,1.429,0.513,0,0.000,0.000,0.000,0.000,0.000,0.000,-0.092,-0.082
210.83,0.105,0,1.429,0.513,0,0.000,0.000,0.000,0.000,0.000,0.000,-0.092,-0.082
211.03,0.106,0,1.441,0.511,0,0.000,0.000,0.000,0.000,0.000,0.000,-0.094,-0.091
211.23,0.105,0,1.441,0.511,0,0.000,0.000,0.000,0.000,0.000,0.000,-0.090,-0.086
211.43,0.105,0,3.171,0.512,0,0.000,0.000,0.000,0.000,0.000,0.000,-0.092,-0.082
211.63,0.105,0,3.171,0.512,0,0.000,0.000,0.000,0.000,0.000,0.000,-0.092,-0.082
211.83,0.105,0,3.171,0.512,0,0.000,0.000,0.000,0.000,0.000,0.000,-0.094,-0.084
212.03,0.105,0,3.168,0.513,0,0.000,0.000,0.000,0.000,0.000,0.000,-0.089,-0.084
212.23,0.105,0,3.168,0.513,0,0.000,0.000,0.000,0.000,0.000,0.000,-0.096,-0.093
212.43,0.105,0,1.429,0.512,0,0.000,0.000,0.000,0.000,0.000,0.000,-0.098,-0.093
212.63,0.106,0,1.429,0.512,0,0.000,0.000,0.000,0.000,0.000,0.000,-0.098,-0.093
212.83,0.106,0,1.429,0.512,0,0.000,0.000,0.000,0.000,0.000,0.000,-0.100,-0.076
213.03,0.107,0,1.122,0.512,0,0.000,0.000,0.000,0.000,0.000,0.000,-0.096,-0.085
213.23,0.107,0,1.122,0.512,0,0.000,0.000,0.000,0.000,0.000,0.000,-0.096,-0.080
213.43,0.105,0,1.195,0.512,0,0.000,0.000,0.000,0.000,0.000,0.000,-0.099,-0.075
213.63,0.105,0,1.195,0.512,0,0.000,0.000,0.000,0.000,0.000,0.000,-0.099,-0.075
213.83,0.105,0,1.195,0.512,0,0.000,0.000,0.000,0.000,0.000,0.000,-0.099,-0.064
214.03,0.105,0,1.102,0.514,0,0.000,0.000,0.000,0.000,0.000,0.000,-0.102,-0.058
214.23,0.105,0,1.102,0.514,0,0.000,0.000,0.000,0.000,0.000,0.000,-0.103,-0.073
214.43,0.106,0,1.130,0.514,0,0.000,0.000,0.000,0.000,0.000,0.000,-0.103,-0.073
214.63,0.105,0,1.130,0.514,0,0.000,0.000,0.000,0.000,0.000,0.000,-0.104,-0.073
214.83,0.108,0,1.130,0.514,0,0.000,0.000,0.000,0.000,0.000,0.000,-0.105,-0.074
215.03,0.108,0,1.280,0.514,0,0.000,0.000,0.000,0.000,0.000,0.000,-0.099,-0.073
215.23,0.108,0,1.280,0.514,0,0.000,0.000,0.000,0.000,0.000,0.000,-0.098,-0.079
215.43,0.105,0,1.334,0.513,0,0.000,0.000,0.000,0.000,0.000,0.000,-0.098,-0.079
215.63,0.105,0,1.334,0.513,0,0.000,0.000,0.000,0.000,0.000,0.000,-0.104,-0.069
215.83,0.105,0,1.334,0.513,0,0.000,0.000,0.000,0.000,0.000,0.000,-0.103,-0.081
216.03,0.105,0,1.424,0.513,0,0.000,0.000,0.000,0.000,0.000,0.000,-0.103,-0.078
216.23,0.106,0,1.424,0.513,0,0.000,0.000,0.000,0.000,0.000,0.000,-0.102,-0.085
216.43,0.105,0,1.429,0.514,0,0.000,0.000,0.000,0.000,0.000,0.000,-0.102,-0.085
216.63,0.106,0,1.429,0.514,0,0.000,0.000,0.000,0.000,0.000,0.000,-0.105,-0.076
216.83,0.105,0,1.429,0.514,0,0.000,0.000,0.000,0.000,0.000,0.000,-0.102,-0.073
217.03,0.105,0,1.440,0.514,0,0.000,0.000,0.000,0.000,0.000,0.000,-0.101,-0.084
217.23,0.105,0,1.440,0.514,0,0.000,0.000,0.000,0.000,0.000,0.000,-0.101,-0.084
217.43,0.106,0,1.430,0.512,0,0.000,0.000,0.000,0.000,0.000,0.000,-0.101,-0.078
217.63,0.105,0,1.430,0.512,0,0.000,0.000,0.000,0.000,0.000,0.000,-0.103,-0.083
217.83,0.105,0,1.430,0.512,0,0.000,0.000,0.000,0.000,0.000,0.000,-0.095,-0.079
218.03,0.105,0,1.430,0.510,0,0.000,0.000,0.000,0.000,0.000,0.000,-0.100,-0.086
218.23,0.105,0,1.430,0.510,0,0.000,0.000,0.000,0.000,0.000,0.000,-0.100,-0.086
218.43,0.105,0,1.434,0.512,0,0.000,0.000,0.000,0.000,0.000,0.000,-0.101,-0.083
218.63,0.108,0,1.434,0.512,0,0.000,0.000,0.000,0.000,0.000,0.000,-0.098,-0.089
218.83,0.108,0,1.434,0.512,0,0.000,0.000,0.000,0.000,0.000,0.000,-0.093,-0.089
219.03,0.106,0,1.454,0.512,0,0.000,0.000,0.000,0.000,0.000,0.000,-0.099,-0.086
219.23,0.106,0,1.454,0.512,0,0.000,0.000,0.000,0.000,0.000,0.000,-0.099,-0.086
219.43,0.108,0,1.439,0.513,0,0.000,0.000,0.000,0.000,0.000,0.000,-0.100,-0.081
219.63,0.108,0,1.439,0.513,0,0.000,0.000,0.000,0.000,0.000,0.000,-0.101,-0.084
219.83,0.108,0,1.439,0.513,0,0.000,0.000,0.000,0.000,0.000,0.000,-0.099,-0.083
220.03,0.106,0,1.599,0.515,0,0.000,0.000,0.000,0.000,0.000,0.000,-0.099,-0.083
220.23,0.105,0,1.599,0.515,0,0.000,0.000,0.000,0.000,0.000,0.000,-0.096,-0.083
220.43,0.105,0,1.430,0.512,0,0.000,0.000,0.000,0.000,0.000,0.000,-0.096,-0.081
220.63,0.107,0,1.430,0.512,0,0.000,0.000,0.000,0.000,0.000,0.000,-0.097,-0.089
220.83,0.107,0,1.430,0.512,0,0.000,0.000,0.000,0.000,0.000,0.000,-0.098,-0.089
221.03,0.105,0,1.439,0.512,0,0.000,0.000,0.000,0.000,0.000,0.000,-0.098,-0.089
221.23,0.107,0,1.439,0.512,0,0.000,0.000,0.000,0.000,0.000,0.000,-0.102,-0.079
221.43,0.105,0,1.431,0.512,0,0.000,0.000,0.000,0.000,0.000,0.000,-0.098,-0.080
221.63,0.105,0,1.431,0.512,0,0.000,0.000,0.000,0.000,0.000,0.000,-0.096,-0.083
221.83,0.106,0,1.431,0.512,0,0.000,0.000,0.000,0.000,0.000,0.000,-0.096,-0.075
222.03,0.108,0,1.602,0.510,0,0.000,0.000,0.000,0.000,0.000,0.000,-0.096,-0.075
222.23,0.105,0,1.602,0.510,0,0.000,0.000,0.000,0.000,0.000,0.000,-0.103,-0.082
222.43,0.105,0,1.430,0.513,0,0.000,0.000,0.000,0.000,0.000,0.000,-0.096,-0.086
222.63,0.105,0,1.430,0.513,0,0.000,0.000,0.000,0.000,0.000,0.000,-0.098,-0.081
222.83,0.105,0,1.430,0.513,0,0.000,0.000,0.000,0.000,0.000,0.000,-0.098,-0.081
223.03,0.105,0,1.447,0.512,0,0.000,0.000,0.000,0.000,0.000,0.000,-0.102,-0.076
223.23,0.105,0,1.447,0.512,0,0.000,0.000,0.000,0.000,0.000,0.000,-0.100,-0.077
223.43,0.105,0,1.429,0.510,0,0.000,0.000,0.000,0.000,0.000,0.000,-0.099,-0.079
223.63,0.106,0,1.429,0.510,0,0.000,0.000,0.000,0.000,0.000,0.000,-0.100,-0.081
223.83,0.105,0,1.429,0.510,0,0.000,0.000,0.000,0.000,0.000,0.000,-0.100,-0.081
224.03,0.107,0,1.438,0.514,0,0.000,0.000,0.000,0.000,0.000,0.000,-0.099,-0.079
224.23,0.105,0,1.438,0.514,0,0.000,0.000,0.000,0.000,0.000,0.000,-0.099,-0.078
224.43,0.105,0,1.434,0.515,0,0.000,0.000,0.000,0.000,0.000,0.000,-0.094,-0.077
224.63,0.106,0,1.434,0.515,0,0.000,0.000,0.000,0.000,0.000,0.000,-0.094,-0.077
224.83,0.105,0,1.434,0.515,0,0.000,0.000,0.000,0.000,0.000,0.000,-0.096,-0.080
225.03,0.105,0,1.593,0.514,0,0.000,0.000,0.000,0.000,0.000,0.000,-0.096,-0.085
225.23,0.105,0,1.593,0.514,0,0.000,0.000,0.000,0.000,0.000,0.000,-0.104,-0.080
225.43,0.105,0,1.441,0.515,0,0.000,0.000,0.000,0.000,0.000,0.000,-0.102,-0.072
225.63,0.105,0,1.441,0.515,0,0.000,0.000,0.000,0.000,0.000,0.000,-0.102,-0.072
225.83,0.106,0,1.441,0.515,0,0.000,0.000,0.000,0.000,0.000,0.000,-0.100,-0.076
226.03,0.105,0,1.589,0.512,0,0.000,0.000,0.000,0.000,0.000,0.000,-0.097,-0.081
226.23,0.105,0,1.589,0.512,0,0.000,0.000,0.000,0.000,0.000,0.000,-0.096,-0.080
226.43,0.105,0,1.443,0.512,0,0.000,0.000,0.000,0.000,0.000,0.000,-0.100,-0.072
226.63,0.105,0,1.443,0.512,0,0.000,0.000,0.000,0.000,0.000,0.000,-0.100,-0.072
226.83,0.105,0,1.443,0.512,0,0.000,0.000,0.000,0.000,0.000,0.000,-0.101,-0.080
227.03,0.105,0,1.429,0.513,0,0.000,0.000,0.000,0.000,0.000,0.000,-0.099,-0.071
227.23,0.105,0,1.429,0.513,0,0.000,0.000,0.000,0.000,0.000,0.000,-0.097,-0.079
227.43,0.105,0,1.439,0.514,0,0.000,0.000,0.000,0.000,0.000,0.000,-0.097,-0.079
227.63,0.105,0,1.439,0.514,0,0.000,0.000,0.000,0.000,0.000,0.000,-0.103,-0.084
227.83,0.105,0,1.439,0.514,0,0.000,0.000,0.000,0.000,0.000,0.000,-0.102,-0.073
228.03,0.108,0,1.428,0.512,0,0.000,0.000,0.000,0.000,0.000,0.000,-0.099,-0.083
228.23,0.108,0,1.428,0.512,0,0.000,0.000,0.000,0.000,0.000,0.000,-0.099,-0.081
228.43,0.108,0,1.599,0.514,0,0.000,0.000,0.000,0.000,0.000,0.000,-0.099,-0.081
228.63,0.105,0,1.599,0.514,0,0.000,0.000,0.000,0.000,0.000,0.000,-0.103,-0.081
228.83,0.105,0,1.599,0.514,0,0.000,0.000,0.000,0.000,0.000,0.000,-0.097,-0.087
229.03,0.105,0,1.599,0.514,0,0.000,0.000,0.000,0.000,0.000,0.000,-0.102,-0.075
229.23,0.105,0,1.599,0.514,0,0.000,0.000,0.000,0.000,0.000,0.000,-0.101,-0.071
229.43,0.106,0,1.439,0.515,0,0.000,0.000,0.000,0.000,0.000,0.000,-0.101,-0.071
229.63,0.106,0,1.439,0.515,0,0.000,0.000,0.000,0.000,0.000,0.000,-0.102,-0.082
229.83,0.105,0,1.439,0.515,0,0.000,0.000,0.000,0.000,0.000,0.000,-0.099,-0.087
230.03,0.105,0,1.444,0.512,0,0.000,0.000,0.000,0.000,0.000,0.000,-0.100,-0.090
230.23,0.108,0,1.444,0.512,0,0.000,0.000,0.000,0.000,0.000,0.000,-0.100,-0.090
230.43,0.105,0,1.441,0.514,0,0.000,0.000,0.000,0.000,0.000,0.000,-0.101,-0.078
230.63,0.105,0,1.441,0.514,0,0.000,0.000,0.000,0.000,0.000,0.000,-0.098,-0.078
230.83,0.105,0,1.441,0.514,0,0.000,0.000,0.000,0.000,0.000,0.000,-0.105,-0.087
231.03,0.105,0,1.355,0.512,0,0.000,0.000,0.000,0.000,0.000,0.000,-0.107,-0.081
231.23,0.105,0,1.355,0.512,0,0.000,0.000,0.000,0.000,0.000,0.000,-0.107,-0.081
231.43,0.106,0,1.171,0.515,0,0.000,0.000,0.000,0.000,0.000,0.000,-0.107,-0.088
231.63,0.106,0,1.171,0.515,0,0.000,0.000,0.000,0.000,0.000,0.000,-0.103,-0.084
231.83,0.106,0,1.171,0.515,0,0.000,0.000,0.000,0.000,0.000,0.000,-0.106,-0.082
232.03,0.105,0,1.016,0.516,0,0.000,0.000,0.000,0.000,0.000,0.000,-0.106,-0.082
232.23,0.105,0,1.016,0.516,0,0.000,0.000,0.000,0.000,0.000,0.000,-0.106,-0.088
232.43,0.105,0,1.061,0.517,0,0.000,0.000,0.000,0.000,0.000,0.000,-0.104,-0.073
232.63,0.106,0,1.061,0.517,0,0.000,0.000,0.000,0.000,0.000,0.000,-0.101,-0.075
232.83,0.106,0,1.061,0.517,0,0.000,0.000,0.000,0.000,0.000,0.000,-0.098,-0.088
233.03,0.105,0,0.538,0.516,1,0.000,0.000,0.000,0.000,0.000,0.000,-0.098,-0.088
233.23,0.105,0,0.538,0.516,1,0.000,0.000,0.000,0.000,0.000,0.000,-0.103,-0.085
233.43,0.106,0,0.401,0.422,1,0.000,0.000,0.000,0.000,0.000,0.000,-0.100,-0.093
233.63,0.108,0,0.401,0.422,1,0.000,0.000,0.000,0.000,0.000,0.000,-0.096,-0.091
233.83,0.108,0,0.401,0.422,1,0.000,0.000,0.000,0.000,0.000,0.000,-0.108,-0.100
234.03,0.108,0,0.371,0.392,1,0.000,0.000,0.000,0.000,0.000,0.000,-0.108,-0.100
234.23,0.105,0,0.371,0.392,1,0.000,0.000,0.000,0.000,0.000,0.000,-0.107,-0.092
234.43,0.106,0,0.406,0.389,1,0.000,0.000,0.000,0.000,0.000,0.000,-0.111,-0.095
234.63,0.106,0,0.406,0.389,1,0.000,0.000,0.000,0.000,0.000,0.000,-0.102,-0.094
234.83,0.105,0,0.406,0.389,1,0.000,0.000,0.000,0.000,0.000,0.000,-0.107,-0.094
235.03,0.105,0,0.878,0.389,0,0.000,0.000,0.000,0.000,0.000,0.000,-0.107,-0.094
235.23,0.106,0,0.878,0.389,0,0.000,0.000,0.000,0.000,0.000,0.000,-0.109,-0.093
235.43,0.105,0,0.882,0.389,0,0.000,0.000,0.000,0.000,0.000,0.000,-0.100,-0.095
235.63,0.105,0,0.882,0.389,0,0.000,0.000,0.000,0.000,0.000,0.000,-0.104,-0.100
235.83,0.105,0,0.882,0.389,0,0.000,0.000,0.000,0.000,0.000,0.000,-0.104,-0.100
236.03,0.105,0,0.871,0.389,0,0.000,0.000,0.000,0.000,0.000,0.000,-0.105,-0.093
236.23,0.108,0,0.871,0.389,0,0.000,0.000,0.000,0.000,0.000,0.000,-0.104,-0.102
236.43,0.108,0,0.830,0.389,0,0.000,0.000,0.000,0.000,0.000,0.000,-0.102,-0.098
236.63,0.105,0,0.830,0.389,0,0.000,0.000,0.000,0.000,0.000,0.000,-0.106,-0.100
236.83,0.105,0,0.830,0.389,0,0.000,0.000,0.000,0.000,0.000,0.000,-0.106,-0.100
237.03,0.106,0,0.882,0.389,0,0.000,0.000,0.000,0.000,0.000,0.000,-0.107,-0.097
237.23,0.105,0,0.882,0.389,0,0.000,0.000,0.000,0.000,0.000,0.000,-0.105,-0.094
237.43,0.105,0,0.731,0.389,0,0.000,0.000,0.000,0.000,0.000,0.000,-0.113,-0.095
237.63,0.107,0,0.731,0.389,0,0.000,0.000,0.000,0.000,0.000,0.000,-0.113,-0.096
237.83,0.105,0,0.731,0.389,0,0.000,0.000,0.000,0.000,0.000,0.000,-0.113,-0.096
238.03,0.107,0,0.744,0.389,0,0.000,0.000,0.000,0.000,0.000,0.000,-0.103,-0.095
238.23,0.105,0,0.744,0.389,0,0.000,0.000,0.000,0.000,0.000,0.000,-0.115,-0.095
238.43,0.105,0,0.762,0.389,0,0.000,0.000,0.000,0.000,0.000,0.000,-0.107,-0.100
238.63,0.105,0,0.762,0.389,0,0.000,0.000,0.000,0.000,0.000,0.000,-0.107,-0.100
238.83,0.106,0,0.762,0.389,0,0.000,0.000,0.000,0.000,0.000,0.000,-0.115,-0.102
239.03,0.105,0,0.773,0.389,0,0.000,0.000,0.000,0.000,0.000,0.000,-0.111,-0.099
239.23,0.105,0,0.773,0.389,0,0.000,0.000,0.000,0.000,0.000,0.000,-0.106,-0.099
239.43,0.105,0,0.946,0.389,0,0.000,0.000,0.000,0.000,0.000,0.000,-0.104,-0.096
239.63,0.106,0,0.946,0.389,0,0.000,0.000,0.000,0.000,0.000,0.000,-0.104,-0.096
239.83,0.107,0,0.946,0.389,0,0.000,0.000,0.000,0.000,0.000,0.000,-0.109,-0.097
240.03,0.105,0,0.930,0.389,0,0.000,0.000,0.000,0.000,0.000,0.000,-0.103,-0.099
240.23,0.105,0,0.930,0.389,0,0.000,0.000,0.000,0.000,0.000,0.000,-0.105,-0.088
240.43,0.105,0,0.910,0.389,0,0.000,0.000,0.000,0.000,0.000,0.000,-0.105,-0.088
240.63,0.106,0,0.910,0.389,0,0.000,0.000,0.000,0.000,0.000,0.000,-0.107,-0.096
240.83,0.105,0,0.910,0.389,0,0.000,0.000,0.000,0.000,0.000,0.000,-0.110,-0.097
241.03,0.105,0,0.932,0.389,0,0.000,0.000,0.000,0.000,0.000,0.000,-0.114,-0.095
241.23,0.105,0,0.932,0.389,0,0.000,0.000,0.000,0.000,0.000,0.000,-0.113,-0.093
241.43,0.106,0,0.929,0.389,0,0.000,0.000,0.000,0.000,0.000,0.000,-0.113,-0.093
241.63,0.105,0,0.929,0.389,0,0.000,0.000,0.000,0.000,0.000,0.000,-0.107,-0.100
241.83,0.105,0,0.929,0.389,0,0.000,0.000,0.000,0.000,0.000,0.000,-0.105,-0.096
242.03,0.105,0,0.882,0.389,0,0.000,0.000,0.000,0.000,0.000,0.000,-0.106,-0.091
242.23,0.106,0,0.882,0.389,0,0.000,0.000,0.000,0.000,0.000,0.000,-0.106,-0.100
242.43,0.105,0,0.827,0.389,0,0.000,0.000,0.000,0.000,0.000,0.000,-0.106,-0.100
242.63,0.105,0,0.827,0.389,0,0.000,0.000,0.000,0.000,0.000,0.000,-0.111,-0.094
242.83,0.106,0,0.827,0.389,0,0.000,0.000,0.000,0.000,0.000,0.000,-0.108,-0.092
243.03,0.106,0,0.791,0.389,0,0.000,0.000,0.000,0.000,0.000,0.000,-0.105,-0.090
243.23,0.105,0,0.791,0.389,0,0.000,0.000,0.000,0.000,0.000,0.000,-0.105,-0.090
243.43,0.105,0,0.784,0.389,0,0.000,0.000,0.000,0.000,0.000,0.000,-0.109,-0.087
243.63,0.108,0,0.784,0.389,0,0.000,0.000,0.000,0.000,0.000,0.000,-0.108,-0.093
243.83,0.105,0,0.784,0.389,0,0.000,0.000,0.000,0.000,0.000,0.000,-0.108,-0.091
244.03,0.105,0,0.783,0.389,0,0.000,0.000,0.000,0.000,0.000,0.000,-0.103,-0.095
244.23,0.105,0,0.783,0.389,0,0.000,0.000,0.000,0.000,0.000,0.000,-0.103,-0.095
244.43,0.105,0,0.783,0.389,0,0.000,0.000,0.000,0.000,0.000,0.000,-0.107,-0.101
244.63,0.105,0,0.783,0.389,0,0.000,0.000,0.000,0.000,0.000,0.000,-0.102,-0.096
244.83,0.105,0,0.783,0.389,0,0.000,0.000,0.000,0.000,0.000,0.000,-0.102,-0.097
245.03,0.105,0,0.787,0.389,0,0.000,0.000,0.000,0.000,0.000,0.000,-0.103,-0.093
245.23,0.105,0,0.787,0.389,0,0.000,0.000,0.000,0.000,0.000,0.000,-0.103,-0.093
245.43,0.105,0,0.844,0.389,0,0.000,0.000,0.000,0.000,0.000,0.000,-0.108,-0.098
245.63,0.106,0,0.844,0.389,0,0.000,0.000,0.000,0.000,0.000,0.000,-0.111,-0.088
245.83,0.106,0,0.844,0.389,0,0.000,0.000,0.000,0.000,0.000,0.000,-0.108,-0.094
246.03,0.107,0,0.877,0.389,0,0.000,0.000,0.000,0.000,0.000,0.000,-0.108,-0.094
246.23,0.105,0,0.877,0.389,0,0.000,0.000,0.000,0.000,0.000,0.000,-0.101,-0.091
246.43,0.105,0,0.875,0.389,0,0.000,0.000,0.000,0.000,0.000,0.000,-0.105,-0.085
246.63,0.105,0,0.875,0.389,0,0.000,0.000,0.000,0.000,0.000,0.000,-0.099,-0.076
246.83,0.105,0,0.875,0.389,0,0.000,0.000,0.000,0.000,0.000,0.000,-0.097,-0.083
247.03,0.107,0,0.873,0.389,0,0.000,0.000,0.000,0.000,0.000,0.000,-0.097,-0.083
247.23,0.105,0,0.873,0.389,0,0.000,0.000,0.000,0.000,0.000,0.000,-0.101,-0.082
247.43,0.105,0,0.891,0.389,0,0.000,0.000,0.000,0.000,0.000,0.000,-0.106,-0.081
247.63,0.105,0,0.891,0.389,0,0.000,0.000,0.000,0.000,0.000,0.000,-0.101,-0.089
247.83,0.105,0,0.891,0.389,0,0.000,0.000,0.000,0.000,0.000,0.000,-0.104,-0.083
248.03,0.105,0,0.902,0.389,0,0.000,0.000,0.000,0.000,0.000,0.000,-0.104,-0.083
248.23,0.105,0,0.902,0.389,0,0.000,0.000,0.000,0.000,0.000,0.000,-0.101,-0.096
248.43,0.105,0,0.893,0.389,0,0.000,0.000,0.000,0.000,0.000,0.000,-0.100,-0.095
248.63,0.105,0,0.893,0.389,0,0.000,0.000,0.000,0.000,0.000,0.000,-0.101,-0.092
248.83,0.106,0,0.893,0.389,0,0.000,0.000,0.000,0.000,0.000,0.000,-0.101,-0.092
249.03,0.108,0,0.895,0.389,0,0.000,0.000,0.000,0.000,0.000,0.000,-0.103,-0.087
249.23,0.105,0,0.895,0.389,0,0.000,0.000,0.000,0.000,0.000,0.000,-0.105,-0.086
249.43,0.105,0,0.888,0.389,0,0.000,0.000,0.000,0.000,0.000,0.000,-0.099,-0.086
249.63,0.105,0,0.888,0.389,0,0.000,0.000,0.000,0.000,0.000,0.000,-0.098,-0.081
249.83,0.105,0,0.888,0.389,0,0.000,0.000,0.000,0.000,0.000,0.000,-0.098,-0.081
250.03,0.105,0,0.901,0.389,0,0.000,0.000,0.000,0.000,0.000,0.000,-0.102,-0.090
250.23,0.105,0,0.901,0.389,0,0.000,0.000,0.000,0.000,0.000,0.000,-0.107,-0.084
250.43,0.105,0,0.907,0.389,0,0.000,0.000,0.000,0.000,0.000,0.000,-0.103,-0.088
250.63,0.107,0,0.907,0.389,0,0.000,0.000,0.000,0.000,0.000,0.000,-0.101,-0.089
250.83,0.106,0,0.907,0.389,0,0.000,0.000,0.000,0.000,0.000,0.000,-0.101,-0.089
251.03,0.105,0,0.917,0.389,0,0.000,0.000,0.000,0.000,0.000,0.000,-0.102,-0.087
251.23,0.106,0,0.917,0.389,0,0.000,0.000,0.000,0.000,0.000,0.000,-0.102,-0.085
251.43,0.106,0,0.919,0.389,0,0.000,0.000,0.000,0.000,0.000,0.000,-0.103,-0.093
251.63,0.105,0,0.919,0.389,0,0.000,0.000,0.000,0.000,0.000,0.000,-0.103,-0.093
251.83,0.108,0,0.919,0.389,0,0.000,0.000,0.000,0.000,0.000,0.000,-0.096,-0.086
252.03,0.105,0,0.916,0.389,0,0.000,0.000,0.000,0.000,0.000,0.000,-0.105,-0.083
252.23,0.105,0,0.916,0.389,0,0.000,0.000,0.000,0.000,0.000,0.000,-0.101,-0.087
252.43,0.105,0,0.910,0.389,0,0.000,0.000,0.000,0.000,0.000,0.000,-0.106,-0.083
252.63,0.107,0,0.910,0.389,0,0.000,0.000,0.000,0.000,0.000,0.000,-0.106,-0.083
252.83,0.108,0,0.910,0.389,0,0.000,0.000,0.000,0.000,0.000,0.000,-0.104,-0.085
253.03,0.105,0,0.906,0.389,0,0.000,0.000,0.000,0.000,0.000,0.000,-0.103,-0.085
253.23,0.105,0,0.906,0.389,0,0.000,0.000,0.000,0.000,0.000,0.000,-0.105,-0.086
253.43,0.107,0,0.906,0.389,0,0.000,0.000,0.000,0.000,0.000,0.000,-0.105,-0.086
253.63,0.105,0,0.906,0.389,0,0.000,0.000,0.000,0.000,0.000,0.000,-0.110,-0.090
253.83,0.105,0,0.906,0.389,0,0.000,0.000,0.000,0.000,0.000,0.000,-0.103,-0.083
254.03,0.105,0,0.902,0.389,0,0.000,0.000,0.000,0.000,0.000,0.000,-0.109,-0.086
254.23,0.105,0,0.902,0.389,0,0.000,0.000,0.000,0.000,0.000,0.000,-0.103,-0.090
254.43,0.105,0,0.916,0.389,0,0.000,0.000,0.000,0.000,0.000,0.000,-0.103,-0.090
254.63,0.105,0,0.916,0.389,0,0.000,0.000,0.000,0.000,0.000,0.000,-0.105,-0.088
254.83,0.105,0,0.916,0.389,0,0.000,0.000,0.000,0.000,0.000,0.000,-0.112,-0.091
255.03,0.105,0,0.962,0.389,0,0.000,0.000,0.000,0.000,0.000,0.000,-0.107,-0.090
255.23,0.106,0,0.962,0.389,0,0.000,0.000,0.000,0.000,0.000,0.000,-0.108,-0.083
255.43,0.105,0,0.921,0.389,0,0.000,0.000,0.000,0.000,0.000,0.000,-0.108,-0.083
255.63,0.105,0,0.921,0.389,0,0.000,0.000,0.000,0.000,0.000,0.000,-0.110,-0.101
255.83,0.106,0,0.921,0.389,0,0.000,0.000,0.000,0.000,0.000,0.000,-0.100,-0.091
256.03,0.106,0,0.739,0.389,0,0.000,0.000,0.000,0.000,0.000,0.000,-0.103,-0.088
256.23,0.105,0,0.739,0.389,0,0.000,0.000,0.000,0.000,0.000,0.000,-0.103,-0.088
256.43,0.107,0,0.859,0.389,0,0.000,0.000,0.000,0.000,0.000,0.000,-0.107,-0.093
256.63,0.108,0,0.859,0.389,0,0.000,0.000,0.000,0.000,0.000,0.000,-0.107,-0.093
256.83,0.106,0,0.859,0.389,0,0.000,0.000,0.000,0.000,0.000,0.000,-0.102,-0.084
257.03,0.106,0,0.772,0.389,0,0.000,0.000,0.000,0.000,0.000,0.000,-0.101,-0.091
257.23,0.105,0,0.772,0.389,0,0.000,0.000,0.000,0.000,0.000,0.000,-0.101,-0.091
257.43,0.106,0,0.757,0.389,0,0.000,0.000,0.000,0.000,0.000,0.000,-0.108,-0.093
257.63,0.106,0,0.757,0.389,0,0.000,0.000,0.000,0.000,0.000,0.000,-0.106,-0.087
257.83,0.106,0,0.757,0.389,0,0.000,0.000,0.000,0.000,0.000,0.000,-0.103,-0.091
258.03,0.105,0,0.748,0.389,0,0.000,0.000,0.000,0.000,0.000,0.000,-0.101,-0.094
258.23,0.105,0,0.748,0.389,0,0.000,0.000,0.000,0.000,0.000,0.000,-0.101,-0.094
258.43,0.105,0,0.724,0.389,0,0.000,0.000,0.000,0.000,0.000,0.000,-0.107,-0.098
258.63,0.105,0,0.724,0.389,0,0.000,0.000,0.000,0.000,0.000,0.000,-0.108,-0.085
258.83,0.105,0,0.724,0.389,0,0.000,0.000,0.000,0.000,0.000,0.000,-0.107,-0.084
259.03,0.106,0,0.726,0.389,0,0.000,0.000,0.000,0.000,0.000,0.000,-0.107,-0.084
259.23,0.105,0,0.726,0.389,0,0.000,0.000,0.000,0.000,0.000,0.000,-0.104,-0.082
259.43,0.105,0,0.730,0.389,0,0.000,0.000,0.000,0.000,0.000,0.000,-0.106,-0.083
259.63,0.105,0,0.730,0.389,0,0.000,0.000,0.000,0.000,0.000,0.000,-0.105,-0.086
259.83,0.105,0,0.730,0.389,0,0.000,0.000,0.000,0.000,0.000,0.000,-0.106,-0.087
260.03,0.107,0,0.739,0.389,0,0.000,0.000,0.000,0.000,0.000,0.000,-0.106,-0.087
260.23,0.106,0,0.739,0.389,0,0.000,0.000,0.000,0.000,0.000,0.000,-0.100,-0.084
260.43,0.106,0,0.750,0.389,0,0.000,0.000,0.000,0.000,0.000,0.000,-0.112,-0.084
260.63,0.106,0,0.750,0.389,0,0.000,0.000,0.000,0.000,0.000,0.000,-0.106,-0.092
260.83,0.107,0,0.750,0.389,0,0.000,0.000,0.000,0.000,0.000,0.000,-0.110,-0.091
261.03,0.106,0,0.726,0.389,0,0.000,0.000,0.000,0.000,0.000,0.000,-0.110,-0.091
261.23,0.106,0,0.726,0.389,0,0.000,0.000,0.000,0.000,0.000,0.000,-0.112,-0.091
261.43,0.106,0,0.709,0.389,0,0.000,0.000,0.000,0.000,0.000,0.000,-0.110,-0.097
261.63,0.106,0,0.709,0.389,0,0.000,0.000,0.000,0.000,0.000,0.000,-0.104,-0.098
261.83,0.105,0,0.709,0.389,0,0.000,0.000,0.000,0.000,0.000,0.000,-0.104,-0.098
262.03,0.106,0,0.705,0.389,0,0.000,0.000,0.000,0.000,0.000,0.000,-0.109,-0.089
262.23,0.105,0,0.705,0.389,0,0.000,0.000,0.000,0.000,0.000,0.000,-0.108,-0.088
262.43,0.106,0,0.707,0.389,0,0.000,0.000,0.000,0.000,0.000,0.000,-0.107,-0.089
262.63,0.106,0,0.707,0.389,0,0.000,0.000,0.000,0.000,0.000,0.000,-0.108,-0.093
262.83,0.107,0,0.707,0.389,0,0.000,0.000,0.000,0.000,0.000,0.000,-0.108,-0.093
263.03,0.105,0,0.707,0.389,0,0.000,0.000,0.000,0.000,0.000,0.000,-0.106,-0.092
263.23,0.105,0,0.707,0.389,0,0.000,0.000,0.000,0.000,0.000,0.000,-0.109,-0.090
263.43,0.105,0,0.706,0.389,0,0.000,0.000,0.000,0.000,0.000,0.000,-0.106,-0.094
263.63,0.105,0,0.706,0.389,0,0.000,0.000,0.000,0.000,0.000,0.000,-0.105,-0.099
263.83,0.105,0,0.706,0.389,0,0.000,0.000,0.000,0.000,0.000,0.000,-0.105,-0.099
264.03,0.106,0,0.706,0.389,0,0.000,0.000,0.000,0.000,0.000,0.000,-0.107,-0.090
264.23,0.108,0,0.706,0.389,0,0.000,0.000,0.000,0.000,0.000,0.000,-0.109,-0.086
264.43,0.108,0,0.707,0.389,0,0.000,0.000,0.000,0.000,0.000,0.000,-0.111,-0.097
264.63,0.105,0,0.707,0.389,0,0.000,0.000,0.000,0.000,0.000,0.000,-0.111,-0.097
264.83,0.106,0,0.707,0.389,0,0.000,0.000,0.000,0.000,0.000,0.000,-0.113,-0.094
265.03,0.105,0,0.736,0.389,0,0.000,0.000,0.000,0.000,0.000,0.000,-0.108,-0.097
265.23,0.106,0,0.736,0.389,0,0.000,0.000,0.000,0.000,0.000,0.000,-0.115,-0.088
265.43,0.106,0,0.832,0.389,0,0.000,0.000,0.000,0.000,0.000,0.000,-0.108,-0.088
265.63,0.105,0,0.832,0.389,0,0.000,0.000,0.000,0.000,0.000,0.000,-0.108,-0.088
265.83,0.105,0,0.832,0.389,0,0.000,0.000,0.000,0.000,0.000,0.000,-0.107,-0.087
266.03,0.105,0,0.920,0.389,0,0.000,0.000,0.000,0.000,0.000,0.000,-0.118,-0.092
266.23,0.105,0,0.920,0.389,0,0.000,0.000,0.000,0.000,0.000,0.000,-0.111,-0.083
266.43,0.105,0,0.925,0.389,0,0.000,0.000,0.000,0.000,0.000,0.000,-0.109,-0.087
266.63,0.106,0,0.925,0.389,0,0.000,0.000,0.000,0.000,0.000,0.000,-0.109,-0.087
266.83,0.108,0,0.925,0.389,0,0.000,0.000,0.000,0.000,0.000,0.000,-0.110,-0.083
267.03,0.105,0,0.941,0.389,0,0.000,0.000,0.000,0.000,0.000,0.000,-0.108,-0.087
267.23,0.105,0,0.941,0.389,0,0.000,0.000,0.000,0.000,0.000,0.000,-0.110,-0.089
267.43,0.105,0,0.919,0.389,0,0.000,0.000,0.000,0.000,0.000,0.000,-0.110,-0.089
267.63,0.106,0,0.919,0.389,0,0.000,0.000,0.000,0.000,0.000,0.000,-0.110,-0.087
267.83,0.106,0,0.919,0.389,0,0.000,0.000,0.000,0.000,0.000,0.000,-0.112,-0.088
268.03,0.106,0,0.917,0.389,0,0.000,0.000,0.000,0.000,0.000,0.000,-0.107,-0.091
268.23,0.105,0,0.917,0.389,0,0.000,0.000,0.000,0.000,0.000,0.000,-0.107,-0.096
268.43,0.105,0,0.919,0.389,0,0.000,0.000,0.000,0.000,0.000,0.000,-0.107,-0.096
268.63,0.106,0,0.919,0.389,0,0.000,0.000,0.000,0.000,0.000,0.000,-0.111,-0.084
268.83,0.105,0,0.919,0.389,0,0.000,0.000,0.000,0.000,0.000,0.000,-0.114,-0.089
269.03,0.105,0,0.906,0.389,0,0.000,0.000,0.000,0.000,0.000,0.000,-0.108,-0.088
269.23,0.106,0,0.906,0.389,0,0.000,0.000,0.000,0.000,0.000,0.000,-0.107,-0.093
269.43,0.105,0,0.854,0.389,0,0.000,0.000,0.000,0.000,0.000,0.000,-0.107,-0.093
269.63,0.105,0,0.854,0.389,0,0.000,0.000,0.000,0.000,0.000,0.000,-0.111,-0.098
269.83,0.105,0,0.854,0.389,0,0.000,0.000,0.000,0.000,0.000,0.000,-0.112,-0.090
270.03,0.105,0,0.829,0.389,0,0.000,0.000,0.000,0.000,0.000,0.000,-0.112,-0.092
270.23,0.106,0,0.829,0.389,0,0.000,0.000,0.000,0.000,0.000,0.000,-0.112,-0.092
270.43,0.105,0,0.800,0.389,0,0.000,0.000,0.000,0.000,0.000,0.000,-0.106,-0.092
270.63,0.105,0,0.800,0.389,0,0.000,0.000,0.000,0.000,0.000,0.000,-0.111,-0.091
270.83,0.105,0,0.800,0.389,0,0.000,0.000,0.000,0.000,0.000,0.000,-0.106,-0.088
271.03,0.105,0,0.789,0.389,0,0.000,0.000,0.000,0.000,0.000,0.000,-0.102,-0.094
271.23,0.105,0,0.789,0.389,0,0.000,0.000,0.000,0.000,0.000,0.000,-0.102,-0.094
271.43,0.107,0,0.791,0.389,0,0.000,0.000,0.000,0.000,0.000,0.000,-0.103,-0.085
271.63,0.107,0,0.791,0.389,0,0.000,0.000,0.000,0.000,0.000,0.000,-0.109,-0.082
271.83,0.107,0,0.791,0.389,0,0.000,0.000,0.000,0.000,0.000,0.000,-0.106,-0.085
272.03,0.107,0,0.795,0.389,0,0.000,0.000,0.000,0.000,0.000,0.000,-0.106,-0.085
272.23,0.106,0,0.795,0.389,0,0.000,0.000,0.000,0.000,0.000,0.000,-0.108,-0.089
272.43,0.105,0,0.827,0.389,0,0.000,0.000,0.000,0.000,0.000,0.000,-0.106,-0.089
272.63,0.105,0,0.827,0.389,0,0.000,0.000,0.000,0.000,0.000,0.000,-0.108,-0.087
272.83,0.105,0,0.827,0.389,0,0.000,0.000,0.000,0.000,0.000,0.000,-0.109,-0.084
273.03,0.106,0,0.882,0.389,0,0.000,0.000,0.000,0.000,0.000,0.000,-0.109,-0.084
273.23,0.105,0,0.882,0.389,0,0.000,0.000,0.000,0.000,0.000,0.000,-0.106,-0.083
273.43,0.106,0,0.922,0.389,0,0.000,0.000,0.000,0.000,0.000,0.000,-0.106,-0.080
273.63,0.106,0,0.922,0.389,0,0.000,0.000,0.000,0.000,0.000,0.000,-0.103,-0.087
273.83,0.105,0,0.922,0.389,0,0.000,0.000,0.000,0.000,0.000,0.000,-0.106,-0.089
274.03,0.105,0,0.912,0.389,0,0.000,0.000,0.000,0.000,0.000,0.000,-0.106,-0.089
274.23,0.106,0,0.912,0.389,0,0.000,0.000,0.000,0.000,0.000,0.000,-0.106,-0.089
274.43,0.105,0,0.906,0.389,0,0.000,0.000,0.000,0.000,0.000,0.000,-0.105,-0.084
274.63,0.105,0,0.906,0.389,0,0.000,0.000,0.000,0.000,0.000,0.000,-0.101,-0.089
274.83,0.105,0,0.906,0.389,0,0.000,0.000,0.000,0.000,0.000,0.000,-0.101,-0.089
275.03,0.105,0,0.909,0.389,0,0.000,0.000,0.000,0.000,0.000,0.000,-0.103,-0.086
275.23,0.105,0,0.909,0.389,0,0.000,0.000,0.000,0.000,0.000,0.000,-0.108,-0.086
275.43,0.107,0,0.909,0.389,0,0.000,0.000,0.000,0.000,0.000,0.000,-0.107,-0.087
275.63,0.107,0,0.909,0.389,0,0.000,0.000,0.000,0.000,0.000,0.000,-0.109,-0.085
275.83,0.105,0,0.909,0.389,0,0.000,0.000,0.000,0.000,0.000,0.000,-0.109,-0.085
276.03,0.106,0,0.916,0.389,0,0.000,0.000,0.000,0.000,0.000,0.000,-0.104,-0.081
276.23,0.106,0,0.916,0.389,0,0.000,0.000,0.000,0.000,0.000,0.000,-0.107,-0.091
276.43,0.106,0,0.916,0.389,0,0.000,0.000,0.000,0.000,0.000,0.000,-0.106,-0.086
276.63,0.105,0,0.916,0.389,0,0.000,0.000,0.000,0.000,0.000,0.000,-0.105,-0.082
276.83,0.105,0,0.916,0.389,0,0.000,0.000,0.000,0.000,0.000,0.000,-0.105,-0.082
277.03,0.106,0,0.914,0.389,0,0.000,0.000,0.000,0.000,0.000,0.000,-0.105,-0.088
277.23,0.105,0,0.914,0.389,0,0.000,0.000,0.000,0.000,0.000,0.000,-0.109,-0.087
277.43,0.105,0,0.909,0.389,0,0.000,0.000,0.000,0.000,0.000,0.000,-0.107,-0.083
277.63,0.105,0,0.909,0.389,0,0.000,0.000,0.000,0.000,0.000,0.000,-0.107,-0.083
277.83,0.105,0,0.909,0.389,0,0.000,0.000,0.000,0.000,0.000,0.000,-0.109,-0.080
278.03,0.105,0,0.914,0.389,0,0.000,0.000,0.000,0.000,0.000,0.000,-0.112,-0.085
278.23,0.105,0,0.914,0.389,0,0.000,0.000,0.000,0.000,0.000,0.000,-0.109,-0.083
278.43,0.105,0,0.890,0.389,0,0.000,0.000,0.000,0.000,0.000,0.000,-0.109,-0.085
278.63,0.105,0,0.890,0.389,0,0.000,0.000,0.000,0.000,0.000,0.000,-0.109,-0.085
278.83,0.107,0,0.890,0.389,0,0.000,0.000,0.000,0.000,0.000,0.000,-0.107,-0.082
279.03,0.105,0,0.812,0.389,0,0.000,0.000,0.000,0.000,0.000,0.000,-0.111,-0.087
279.23,0.105,0,0.812,0.389,0,0.000,0.000,0.000,0.000,0.000,0.000,-0.107,-0.097
279.43,0.105,0,0.798,0.389,0,0.000,0.000,0.000,0.000,0.000,0.000,-0.107,-0.097
279.63,0.105,0,0.798,0.389,0,0.000,0.000,0.000,0.000,0.000,0.000,-0.108,-0.090
279.83,0.106,0,0.798,0.389,0,0.000,0.000,0.000,0.000,0.000,0.000,-0.106,-0.085
280.03,0.106,0,0.797,0.389,0,0.000,0.000,0.000,0.000,0.000,0.000,-0.111,-0.087
280.23,0.106,0,0.797,0.389,0,0.000,0.000,0.000,0.000,0.000,0.000,-0.109,-0.087
280.43,0.106,0,0.796,0.389,0,0.000,0.000,0.000,0.000,0.000,0.000,-0.109,-0.087
280.63,0.105,0,0.796,0.389,0,0.000,0.000,0.000,0.000,0.000,0.000,-0.109,-0.088
280.83,0.105,0,0.796,0.389,0,0.000,0.000,0.000,0.000,0.000,0.000,-0.110,-0.096
281.03,0.105,0,0.799,0.389,0,0.000,0.000,0.000,0.000,0.000,0.000,-0.114,-0.091
281.23,0.106,0,0.799,0.389,0,0.000,0.000,0.000,0.000,0.000,0.000,-0.109,-0.088
281.43,0.105,0,0.795,0.389,0,0.000,0.000,0.000,0.000,0.000,0.000,-0.109,-0.088
281.63,0.105,0,0.795,0.389,0,0.000,0.000,0.000,0.000,0.000,0.000,-0.108,-0.093
281.83,0.105,0,0.795,0.389,0,0.000,0.000,0.000,0.000,0.000,0.000,-0.109,-0.086
282.03,0.105,0,0.850,0.389,0,0.000,0.000,0.000,0.000,0.000,0.000,-0.111,-0.084
282.23,0.106,0,0.850,0.389,0,0.000,0.000,0.000,0.000,0.000,0.000,-0.111,-0.084
282.43,0.105,0,0.889,0.389,0,0.000,0.000,0.000,0.000,0.000,0.000,-0.113,-0.088
282.63,0.106,0,0.889,0.389,0,0.000,0.000,0.000,0.000,0.000,0.000,-0.113,-0.092
282.83,0.106,0,0.889,0.389,0,0.000,0.000,0.000,0.000,0.000,0.000,-0.111,-0.085
283.03,0.106,0,0.916,0.389,0,0.000,0.000,0.000,0.000,0.000,0.000,-0.111,-0.090
283.23,0.105,0,0.916,0.389,0,0.000,0.000,0.000,0.000,0.000,0.000,-0.111,-0.090
283.43,0.108,0,0.916,0.389,0,0.000,0.000,0.000,0.000,0.000,0.000,-0.110,-0.085
283.63,0.108,0,0.916,0.389,0,0.000,0.000,0.000,0.000,0.000,0.000,-0.112,-0.080
283.83,0.108,0,0.916,0.389,0,0.000,0.000,0.000,0.000,0.000,0.000,-0.110,-0.082
284.03,0.106,0,0.896,0.389,0,0.000,0.000,0.000,0.000,0.000,0.000,-0.112,-0.081
284.23,0.105,0,0.896,0.389,0,0.000,0.000,0.000,0.000,0.000,0.000,-0.112,-0.081
284.43,0.106,0,0.895,0.389,0,0.000,0.000,0.000,0.000,0.000,0.000,-0.108,-0.092
284.63,0.105,0,0.895,0.389,0,0.000,0.000,0.000,0.000,0.000,0.000,-0.112,-0.084
284.83,0.105,0,0.895,0.389,0,0.000,0.000,0.000,0.000,0.000,0.000,-0.111,-0.086
285.03,0.106,0,0.888,0.389,0,0.000,0.000,0.000,0.000,0.000,0.000,-0.111,-0.086
285.23,0.106,0,0.888,0.389,0,0.000,0.000,0.000,0.000,0.000,0.000,-0.109,-0.086
285.43,0.108,0,0.889,0.389,0,0.000,0.000,0.000,0.000,0.000,0.000,-0.108,-0.090
285.63,0.108,0,0.889,0.389,0,0.000,0.000,0.000,0.000,0.000,0.000,-0.111,-0.084
285.83,0.105,0,0.889,0.389,0,0.000,0.000,0.000,0.000,0.000,0.000,-0.111,-0.081
286.03,0.105,0,0.894,0.389,0,0.000,0.000,0.000,0.000,0.000,0.000,-0.111,-0.081
286.23,0.105,0,0.894,0.389,0,0.000,0.000,0.000,0.000,0.000,0.000,-0.106,-0.086
286.43,0.106,0,0.897,0.389,0,0.000,0.000,0.000,0.000,0.000,0.000,-0.108,-0.086
286.63,0.106,0,0.897,0.389,0,0.000,0.000,0.000,0.000,0.000,0.000,-0.111,-0.084
286.83,0.105,0,0.897,0.389,0,0.000,0.000,0.000,0.000,0.000,0.000,-0.111,-0.084
287.03,0.105,0,0.898,0.389,0,0.000,0.000,0.000,0.000,0.000,0.000,-0.113,-0.087
287.23,0.106,0,0.898,0.389,0,0.000,0.000,0.000,0.000,0.000,0.000,-0.110,-0.084
287.43,0.106,0,0.900,0.389,0,0.000,0.000,0.000,0.000,0.000,0.000,-0.111,-0.085
287.63,0.106,0,0.900,0.389,0,0.000,0.000,0.000,0.000,0.000,0.000,-0.107,-0.084
287.83,0.108,0,0.900,0.389,0,0.000,0.000,0.000,0.000,0.000,0.000,-0.107,-0.084
288.03,0.106,0,0.907,0.389,0,0.000,0.000,0.000,0.000,0.000,0.000,-0.108,-0.085
288.23,0.105,0,0.907,0.389,0,0.000,0.000,0.000,0.000,0.000,0.000,-0.110,-0.089
288.43,0.105,0,0.921,0.389,0,0.000,0.000,0.000,0.000,0.000,0.000,-0.109,-0.090
288.63,0.105,0,0.921,0.389,0,0.000,0.000,0.000,0.000,0.000,0.000,-0.112,-0.082
288.83,0.107,0,0.921,0.389,0,0.000,0.000,0.000,0.000,0.000,0.000,-0.112,-0.082
289.03,0.105,0,0.949,0.389,0,0.000,0.000,0.000,0.000,0.000,0.000,-0.107,-0.089
289.23,0.106,0,0.949,0.389,0,0.000,0.000,0.000,0.000,0.000,0.000,-0.110,-0.084
289.43,0.106,0,0.826,0.389,0,0.000,0.000,0.000,0.000,0.000,0.000,-0.107,-0.087
289.63,0.105,0,0.826,0.389,0,0.000,0.000,0.000,0.000,0.000,0.000,-0.107,-0.087
289.83,0.105,0,0.826,0.389,0,0.000,0.000,0.000,0.000,0.000,0.000,-0.107,-0.086
290.03,0.105,0,0.501,0.389,1,0.000,0.000,0.000,0.000,0.000,0.000,-0.104,-0.085
290.23,0.105,0,0.501,0.389,1,0.000,0.000,0.000,0.000,0.000,0.000,-0.104,-0.094
290.43,0.105,0,0.481,0.389,1,0.000,0.000,0.000,0.000,0.000,0.000,-0.107,-0.085
290.63,0.105,0,0.481,0.389,1,0.000,0.000,0.000,0.000,0.000,0.000,-0.107,-0.085
290.83,0.107,0,0.481,0.389,1,0.000,0.000,0.000,0.000,0.000,0.000,-0.107,-0.087
291.03,0.105,0,0.617,0.389,0,0.000,0.000,0.000,0.000,0.000,0.000,-0.108,-0.093
291.23,0.105,0,0.617,0.389,0,0.000,0.000,0.000,0.000,0.000,0.000,-0.114,-0.083
291.43,0.107,0,0.668,0.389,0,0.000,0.000,0.000,0.000,0.000,0.000,-0.114,-0.083
291.63,0.105,0,0.668,0.389,0,0.000,0.000,0.000,0.000,0.000,0.000,-0.108,-0.083
291.83,0.105,0,0.668,0.389,0,0.000,0.000,0.000,0.000,0.000,0.000,-0.109,-0.083
292.03,0.106,0,0.644,0.389,0,0.000,0.000,0.000,0.000,0.000,0.000,-0.108,-0.082
292.23,0.106,0,0.644,0.389,0,0.000,0.000,0.000,0.000,0.000,0.000,-0.108,-0.081
292.43,0.105,0,0.644,0.389,0,0.000,0.000,0.000,0.000,0.000,0.000,-0.108,-0.081
292.63,0.106,0,0.644,0.389,0,0.000,0.000,0.000,0.000,0.000,0.000,-0.108,-0.079
292.83,0.105,0,0.644,0.389,0,0.000,0.000,0.000,0.000,0.000,0.000,-0.107,-0.085
293.03,0.105,0,0.686,0.389,0,0.000,0.000,0.000,0.000,0.000,0.000,-0.115,-0.088
293.23,0.105,0,0.686,0.389,0,0.000,0.000,0.000,0.000,0.000,0.000,-0.107,-0.087
293.43,0.105,0,0.696,0.389,0,0.000,0.000,0.000,0.000,0.000,0.000,-0.107,-0.087
293.63,0.105,0,0.696,0.389,0,0.000,0.000,0.000,0.000,0.000,0.000,-0.108,-0.081
293.83,0.106,0,0.696,0.389,0,0.000,0.000,0.000,0.000,0.000,0.000,-0.111,-0.080
294.03,0.106,0,0.679,0.389,0,0.000,0.000,0.000,0.000,0.000,0.000,-0.108,-0.085
294.23,0.107,0,0.679,0.389,0,0.000,0.000,0.000,0.000,0.000,0.000,-0.108,-0.085
294.43,0.106,0,0.698,0.389,0,0.000,0.000,0.000,0.000,0.000,0.000,-0.110,-0.081
294.63,0.106,0,0.698,0.389,0,0.000,0.000,0.000,0.000,0.000,0.000,-0.108,-0.087
294.83,0.106,0,0.698,0.389,0,0.000,0.000,0.000,0.000,0.000,0.000,-0.109,-0.091
295.03,0.106,0,0.715,0.389,0,0.000,0.000,0.000,0.000,0.000,0.000,-0.114,-0.084
295.23,0.106,0,0.715,0.389,0,0.000,0.000,0.000,0.000,0.000,0.000,-0.114,-0.084
295.43,0.105,0,0.724,0.389,0,0.000,0.000,0.000,0.000,0.000,0.000,-0.108,-0.087
295.63,0.106,0,0.724,0.389,0,0.000,0.000,0.000,0.000,0.000,0.000,-0.111,-0.091
295.83,0.106,0,0.724,0.389,0,0.000,0.000,0.000,0.000,0.000,0.000,-0.113,-0.088
296.03,0.108,0,0.730,0.389,0,0.000,0.000,0.000,0.000,0.000,0.000,-0.112,-0.086
296.23,0.105,0,0.730,0.389,0,0.000,0.000,0.000,0.000,0.000,0.000,-0.112,-0.086
296.43,0.106,0,0.737,0.389,0,0.000,0.000,0.000,0.000,0.000,0.000,-0.112,-0.086
296.63,0.108,0,0.737,0.389,0,0.000,0.000,0.000,0.000,0.000,0.000,-0.108,-0.093
296.83,0.108,0,0.737,0.389,0,0.000,0.000,0.000,0.000,0.000,0.000,-0.112,-0.080
297.03,0.105,0,0.845,0.389,0,0.000,0.000,0.000,0.000,0.000,0.000,-0.112,-0.080
297.23,0.105,0,0.845,0.389,0,0.000,0.000,0.000,0.000,0.000,0.000,-0.105,-0.088
297.43,0.105,0,0.903,0.389,0,0.000,0.000,0.000,0.000,0.000,0.000,-0.106,-0.084
297.63,0.105,0,0.903,0.389,0,0.000,0.000,0.000,0.000,0.000,0.000,-0.112,-0.084
297.83,0.106,0,0.903,0.389,0,0.000,0.000,0.000,0.000,0.000,0.000,-0.111,-0.082
298.03,0.105,0,0.900,0.389,0,0.000,0.000,0.000,0.000,0.000,0.000,-0.111,-0.082
298.23,0.105,0,0.900,0.389,0,0.000,0.000,0.000,0.000,0.000,0.000,-0.112,-0.081
298.43,0.108,0,0.882,0.389,0,0.000,0.000,0.000,0.000,0.000,0.000,-0.105,-0.088
298.63,0.108,0,0.882,0.389,0,0.000,0.000,0.000,0.000,0.000,0.000,-0.108,-0.081
298.83,0.106,0,0.882,0.389,0,0.000,0.000,0.000,0.000,0.000,0.000,-0.108,-0.081
299.03,0.105,0,0.848,0.389,0,0.000,0.000,0.000,0.000,0.000,0.000,-0.107,-0.075
299.23,0.105,0,0.848,0.389,0,0.000,0.000,0.000,0.000,0.000,0.000,-0.111,-0.081
299.43,0.105,0,0.750,0.389,0,0.000,0.000,0.000,0.000,0.000,0.000,-0.111,-0.089
299.63,0.105,0,0.750,0.389,0,0.000,0.000,0.000,0.000,0.000,0.000,-0.113,-0.092
299.83,0.106,0,0.750,0.389,0,0.000,0.000,0.000,0.000,0.000,0.000,-0.113,-0.092
300.03,0.106,0,0.760,0.389,0,0.000,0.000,0.000,0.000,0.000,0.000,-0.113,-0.087
300.23,0.105,0,0.760,0.389,0,0.000,0.000,0.000,0.000,0.000,0.000,-0.111,-0.083
300.43,0.105,0,0.783,0.389,0,0.000,0.000,0.000,0.000,0.000,0.000,-0.112,-0.082
300.63,0.106,0,0.783,0.389,0,0.000,0.000,0.000,0.000,0.000,0.000,-0.110,-0.086
300.83,0.106,0,0.783,0.389,0,0.000,0.000,0.000,0.000,0.000,0.000,-0.110,-0.086
301.03,0.105,0,0.799,0.389,0,0.000,0.000,0.000,0.000,0.000,0.000,-0.113,-0.080
301.23,0.105,0,0.799,0.389,0,0.000,0.000,0.000,0.000,0.000,0.000,-0.112,-0.083
301.43,0.105,0,0.875,0.389,0,0.000,0.000,0.000,0.000,0.000,0.000,-0.118,-0.075
301.63,0.105,0,0.875,0.389,0,0.000,0.000,0.000,0.000,0.000,0.000,-0.118,-0.075
301.83,0.108,0,0.875,0.389,0,0.000,0.000,0.000,0.000,0.000,0.000,-0.115,-0.087
302.03,0.108,0,0.886,0.389,0,0.000,0.000,0.000,0.000,0.000,0.000,-0.112,-0.090
302.23,0.108,0,0.886,0.389,0,0.000,0.000,0.000,0.000,0.000,0.000,-0.114,-0.085
302.43,0.108,0,0.900,0.389,0,0.000,0.000,0.000,0.000,0.000,0.000,-0.115,-0.082
302.63,0.108,0,0.900,0.389,0,0.000,0.000,0.000,0.000,0.000,0.000,-0.115,-0.082
302.83,0.105,0,0.900,0.389,0,0.000,0.000,0.000,0.000,0.000,0.000,-0.115,-0.077
303.03,0.106,0,0.907,0.389,0,0.000,0.000,0.000,0.000,0.000,0.000,-0.114,-0.086
303.23,0.106,0,0.907,0.389,0,0.000,0.000,0.000,0.000,0.000,0.000,-0.114,-0.085
303.43,0.105,0,0.893,0.389,0,0.000,0.000,0.000,0.000,0.000,0.000,-0.121,-0.083
303.63,0.106,0,0.893,0.389,0,0.000,0.000,0.000,0.000,0.000,0.000,-0.121,-0.083
303.83,0.105,0,0.893,0.389,0,0.000,0.000,0.000,0.000,0.000,0.000,-0.123,-0.089
304.03,0.105,0,0.871,0.389,0,0.000,0.000,0.000,0.000,0.000,0.000,-0.118,-0.085
304.23,0.105,0,0.871,0.389,0,0.000,0.000,0.000,0.000,0.000,0.000,-0.120,-0.094
304.43,0.106,0,0.856,0.389,0,0.000,0.000,0.000,0.000,0.000,0.000,-0.120,-0.094
304.63,0.105,0,0.856,0.389,0,0.000,0.000,0.000,0.000,0.000,0.000,-0.112,-0.084
304.83,0.105,0,0.856,0.389,0,0.000,0.000,0.000,0.000,0.000,0.000,-0.113,-0.089
305.03,0.105,0,0.833,0.389,0,0.000,0.000,0.000,0.000,0.000,0.000,-0.114,-0.093
305.23,0.105,0,0.833,0.389,0,0.000,0.000,0.000,0.000,0.000,0.000,-0.118,-0.105
305.43,0.105,0,0.804,0.389,0,0.000,0.000,0.000,0.000,0.000,0.000,-0.118,-0.105
305.63,0.105,0,0.804,0.389,0,0.000,0.000,0.000,0.000,0.000,0.000,-0.114,-0.102
305.83,0.107,0,0.804,0.389,0,0.000,0.000,0.000,0.000,0.000,0.000,-0.115,-0.107
306.03,0.107,0,0.782,0.389,0,0.000,0.000,0.000,0.000,0.000,0.000,-0.117,-0.113
306.23,0.105,0,0.782,0.389,0,0.000,0.000,0.000,0.000,0.000,0.000,-0.117,-0.113
306.43,0.105,0,0.736,0.389,0,0.000,0.000,0.000,0.000,0.000,0.000,-0.117,-0.100
306.63,0.105,0,0.736,0.389,0,0.000,0.000,0.000,0.000,0.000,0.000,-0.117,-0.108
306.83,0.105,0,0.736,0.389,0,0.000,0.000,0.000,0.000,0.000,0.000,-0.117,-0.104
307.03,0.105,0,0.732,0.389,0,0.000,0.000,0.000,0.000,0.000,0.000,-0.119,-0.110
307.23,0.105,0,0.732,0.389,0,0.000,0.000,0.000,0.000,0.000,0.000,-0.119,-0.110
307.43,0.106,0,0.811,0.389,0,0.000,0.000,0.000,0.000,0.000,0.000,-0.124,-0.099
307.63,0.105,0,0.811,0.389,0,0.000,0.000,0.000,0.000,0.000,0.000,-0.122,-0.097
307.83,0.105,0,0.811,0.389,0,0.000,0.000,0.000,0.000,0.000,0.000,-0.122,-0.098
308.03,0.108,0,0.836,0.389,0,0.000,0.000,0.000,0.000,0.000,0.000,-0.122,-0.098
308.23,0.107,0,0.836,0.389,0,0.000,0.000,0.000,0.000,0.000,0.000,-0.122,-0.098
308.43,0.107,0,0.828,0.389,0,0.000,0.000,0.000,0.000,0.000,0.000,-0.120,-0.103
308.63,0.107,0,0.828,0.389,0,0.000,0.000,0.000,0.000,0.000,0.000,-0.117,-0.094
308.83,0.107,0,0.828,0.389,0,0.000,0.000,0.000,0.000,0.000,0.000,-0.125,-0.097
309.03,0.106,0,0.824,0.389,0,0.000,0.000,0.000,0.000,0.000,0.000,-0.125,-0.097
309.23,0.105,0,0.824,0.389,0,0.000,0.000,0.000,0.000,0.000,0.000,-0.124,-0.113
309.43,0.108,0,0.823,0.389,0,0.000,0.000,0.000,0.000,0.000,0.000,-0.123,-0.113
309.63,0.108,0,0.823,0.389,0,0.000,0.000,0.000,0.000,0.000,0.000,-0.121,-0.109
309.83,0.105,0,0.823,0.389,0,0.000,0.000,0.000,0.000,0.000,0.000,-0.127,-0.114
310.03,0.106,0,0.821,0.389,0,0.000,0.000,0.000,0.000,0.000,0.000,-0.127,-0.114
310.23,0.106,0,0.821,0.389,0,0.000,0.000,0.000,0.000,0.000,0.000,-0.120,-0.099
310.43,0.105,0,0.819,0.389,0,0.000,0.000,0.000,0.000,0.000,0.000,-0.131,-0.108
310.63,0.105,0,0.819,0.389,0,0.000,0.000,0.000,0.000,0.000,0.000,-0.123,-0.105
310.83,0.105,0,0.819,0.389,0,0.000,0.000,0.000,0.000,0.000,0.000,-0.123,-0.105
311.03,0.107,0,0.819,0.389,0,0.000,0.000,0.000,0.000,0.000,0.000,-0.123,-0.101
311.23,0.105,0,0.819,0.389,0,0.000,0.000,0.000,0.000,0.000,0.000,-0.116,-0.104
311.43,0.105,0,0.821,0.389,0,0.000,0.000,0.000,0.000,0.000,0.000,-0.118,-0.108
311.63,0.105,0,0.821,0.389,0,0.000,0.000,0.000,0.000,0.000,0.000,-0.117,-0.101
311.83,0.105,0,0.821,0.389,0,0.000,0.000,0.000,0.000,0.000,0.000,-0.117,-0.101
312.03,0.106,0,0.821,0.389,0,0.000,0.000,0.000,0.000,0.000,0.000,-0.113,-0.099
312.23,0.108,0,0.821,0.389,0,0.000,0.000,0.000,0.000,0.000,0.000,-0.113,-0.104
312.43,0.108,0,0.827,0.389,0,0.000,0.000,0.000,0.000,0.000,0.000,-0.116,-0.107
312.63,0.105,0,0.827,0.389,0,0.000,0.000,0.000,0.000,0.000,0.000,-0.119,-0.102
312.83,0.105,0,0.827,0.389,0,0.000,0.000,0.000,0.000,0.000,0.000,-0.119,-0.102
313.03,0.105,0,0.851,0.389,0,0.000,0.000,0.000,0.000,0.000,0.000,-0.111,-0.102
313.23,0.105,0,0.851,0.389,0,0.000,0.000,0.000,0.000,0.000,0.000,-0.112,-0.107
313.43,0.105,0,0.879,0.389,0,0.000,0.000,0.000,0.000,0.000,0.000,-0.117,-0.098
313.63,0.106,0,0.879,0.389,0,0.000,0.000,0.000,0.000,0.000,0.000,-0.117,-0.098
313.83,0.105,0,0.879,0.389,0,0.000,0.000,0.000,0.000,0.000,0.000,-0.116,-0.095
314.03,0.105,0,0.893,0.389,0,0.000,0.000,0.000,0.000,0.000,0.000,-0.116,-0.102
314.23,0.105,0,0.893,0.389,0,0.000,0.000,0.000,0.000,0.000,0.000,-0.119,-0.098
314.43,0.105,0,0.894,0.389,0,0.000,0.000,0.000,0.000,0.000,0.000,-0.117,-0.109
314.63,0.105,0,0.894,0.389,0,0.000,0.000,0.000,0.000,0.000,0.000,-0.117,-0.109
314.83,0.105,0,0.894,0.389,0,0.000,0.000,0.000,0.000,0.000,0.000,-0.116,-0.112
315.03,0.108,0,0.862,0.389,0,0.000,0.000,0.000,0.000,0.000,0.000,-0.114,-0.098
315.23,0.108,0,0.862,0.389,0,0.000,0.000,0.000,0.000,0.000,0.000,-0.116,-0.104
315.43,0.105,0,0.847,0.389,0,0.000,0.000,0.000,0.000,0.000,0.000,-0.116,-0.104
315.63,0.108,0,0.847,0.389,0,0.000,0.000,0.000,0.000,0.000,0.000,-0.121,-0.102
315.83,0.105,0,0.847,0.389,0,0.000,0.000,0.000,0.000,0.000,0.000,-0.121,-0.108
316.03,0.105,0,0.829,0.389,0,0.000,0.000,0.000,0.000,0.000,0.000,-0.114,-0.107
316.23,0.105,0,0.829,0.389,0,0.000,0.000,0.000,0.000,0.000,0.000,-0.114,-0.103
316.43,0.105,0,0.817,0.389,0,0.000,0.000,0.000,0.000,0.000,0.000,-0.114,-0.103
316.63,0.105,0,0.817,0.389,0,0.000,0.000,0.000,0.000,0.000,0.000,-0.118,-0.106
316.83,0.105,0,0.817,0.389,0,0.000,0.000,0.000,0.000,0.000,0.000,-0.120,-0.105
317.03,0.105,0,0.812,0.389,0,0.000,0.000,0.000,0.000,0.000,0.000,-0.122,-0.109
317.23,0.105,0,0.812,0.389,0,0.000,0.000,0.000,0.000,0.000,0.000,-0.115,-0.105
317.43,0.105,0,0.812,0.389,0,0.000,0.000,0.000,0.000,0.000,0.000,-0.115,-0.105
317.63,0.105,0,0.812,0.389,0,0.000,0.000,0.000,0.000,0.000,0.000,-0.117,-0.108
317.83,0.107,0,0.812,0.389,0,0.000,0.000,0.000,0.000,0.000,0.000,-0.117,-0.103
318.03,0.107,0,0.815,0.389,0,0.000,0.000,0.000,0.000,0.000,0.000,-0.120,-0.107
318.23,0.105,0,0.815,0.389,0,0.000,0.000,0.000,0.000,0.000,0.000,-0.120,-0.107
318.43,0.105,0,0.818,0.389,0,0.000,0.000,0.000,0.000,0.000,0.000,-0.122,-0.101
318.63,0.105,0,0.818,0.389,0,0.000,0.000,0.000,0.000,0.000,0.000,-0.117,-0.103
318.83,0.105,0,0.818,0.389,0,0.000,0.000,0.000,0.000,0.000,0.000,-0.118,-0.105
319.03,0.105,0,0.817,0.387,0,0.000,0.000,0.000,0.000,0.000,0.000,-0.114,-0.106
319.23,0.105,0,0.817,0.387,0,0.000,0.000,0.000,0.000,0.000,0.000,-0.114,-0.106
319.43,0.105,0,0.518,0.523,1,0.000,0.000,0.000,0.000,0.000,0.000,-0.117,-0.103
319.63,0.105,0,0.518,0.523,1,0.000,0.000,0.000,0.000,0.000,0.000,-0.118,-0.090
319.83,0.105,0,0.518,0.523,1,0.000,0.000,0.000,0.000,0.000,0.000,-0.119,-0.108
320.03,0.107,0,0.837,0.525,0,0.000,0.000,0.000,0.000,0.000,0.000,-0.116,-0.106
320.23,0.108,0,0.837,0.525,0,0.000,0.000,0.000,0.000,0.000,0.000,-0.116,-0.106
320.43,0.108,0,0.829,0.525,0,0.000,0.000,0.000,0.000,0.000,0.000,-0.120,-0.110
320.63,0.105,0,0.829,0.525,0,0.000,0.000,0.000,0.000,0.000,0.000,-0.115,-0.104
320.83,0.105,0,0.829,0.525,0,0.000,0.000,0.000,0.000,0.000,0.000,-0.119,-0.102
321.03,0.106,0,0.821,0.526,0,0.000,0.000,0.000,0.000,0.000,0.000,-0.119,-0.102
321.23,0.105,0,0.821,0.526,0,0.000,0.000,0.000,0.000,0.000,0.000,-0.119,-0.101
321.43,0.105,0,0.834,0.526,0,0.000,0.000,0.000,0.000,0.000,0.000,-0.117,-0.109
321.63,0.105,0,0.834,0.526,0,0.000,0.000,0.000,0.000,0.000,0.000,-0.113,-0.106
321.83,0.108,0,0.834,0.526,0,0.000,0.000,0.000,0.000,0.000,0.000,-0.115,-0.106
322.03,0.105,0,0.847,0.523,0,0.000,0.000,0.000,0.000,0.000,0.000,-0.115,-0.106
322.23,0.105,0,0.847,0.523,0,0.000,0.000,0.000,0.000,0.000,0.000,-0.118,-0.100
322.43,0.108,0,0.848,0.523,0,0.000,0.000,0.000,0.000,0.000,0.000,-0.125,-0.106
322.63,0.108,0,0.848,0.523,0,0.000,0.000,0.000,0.000,0.000,0.000,-0.116,-0.100
322.83,0.105,0,0.848,0.523,0,0.000,0.000,0.000,0.000,0.000,0.000,-0.116,-0.100
323.03,0.105,0,0.845,0.522,0,0.000,0.000,0.000,0.000,0.000,0.000,-0.116,-0.106
323.23,0.105,0,0.845,0.522,0,0.000,0.000,0.000,0.000,0.000,0.000,-0.123,-0.103
323.43,0.105,0,0.851,0.523,0,0.000,0.000,0.000,0.000,0.000,0.000,-0.118,-0.101
323.63,0.105,0,0.851,0.523,0,0.000,0.000,0.000,0.000,0.000,0.000,-0.115,-0.107
323.83,0.106,0,0.851,0.523,0,0.000,0.000,0.000,0.000,0.000,0.000,-0.115,-0.107
324.03,0.106,0,0.850,0.523,0,0.000,0.000,0.000,0.000,0.000,0.000,-0.119,-0.107
324.23,0.105,0,0.850,0.523,0,0.000,0.000,0.000,0.000,0.000,0.000,-0.117,-0.111
324.43,0.105,0,0.844,0.522,0,0.000,0.000,0.000,0.000,0.000,0.000,-0.124,-0.109
324.63,0.106,0,0.844,0.522,0,0.000,0.000,0.000,0.000,0.000,0.000,-0.121,-0.107
324.83,0.108,0,0.844,0.522,0,0.000,0.000,0.000,0.000,0.000,0.000,-0.121,-0.107
325.03,0.105,0,0.841,0.523,0,0.000,0.000,0.000,0.000,0.000,0.000,-0.128,-0.107
325.23,0.107,0,0.841,0.523,0,0.000,0.000,0.000,0.000,0.000,0.000,-0.118,-0.102
325.43,0.107,0,0.845,0.522,0,0.000,0.000,0.000,0.000,0.000,0.000,-0.123,-0.100
325.63,0.107,0,0.845,0.522,0,0.000,0.000,0.000,0.000,0.000,0.000,-0.123,-0.100
325.83,0.105,0,0.845,0.522,0,0.000,0.000,0.000,0.000,0.000,0.000,-0.122,-0.111
326.03,0.106,0,0.871,0.518,0,0.000,0.000,0.000,0.000,0.000,0.000,-0.120,-0.101
326.23,0.106,0,0.871,0.518,0,0.000,0.000,0.000,0.000,0.000,0.000,-0.123,-0.102
326.43,0.105,0,0.324,0.413,1,0.000,0.000,0.000,0.000,0.000,0.000,-0.115,-0.110
326.63,0.106,0,0.324,0.413,1,0.000,0.000,0.000,0.000,0.000,0.000,-0.115,-0.110
326.83,0.105,0,0.324,0.413,1,0.000,0.000,0.000,0.000,0.000,0.000,-0.117,-0.100
327.03,0.105,0,0.309,0.375,1,0.000,0.000,0.000,0.000,0.000,0.000,-0.117,-0.095
327.23,0.105,0,0.309,0.375,1,0.000,0.000,0.000,0.000,0.000,0.000,-0.116,-0.108
327.43,0.105,0,0.337,0.377,1,0.000,0.000,0.000,0.000,0.000,0.000,-0.116,-0.108
327.63,0.106,0,0.337,0.377,1,0.000,0.000,0.000,0.000,0.000,0.000,-0.109,-0.106
327.83,0.106,0,0.337,0.377,1,0.000,0.000,0.000,0.000,0.000,0.000,-0.110,-0.102
328.03,0.105,0,0.331,0.377,1,0.000,0.000,0.000,0.000,0.000,0.000,-0.110,-0.102
328.23,0.105,0,0.331,0.377,1,0.000,0.000,0.000,0.000,0.000,0.000,-0.112,-0.095
328.43,0.105,0,0.335,0.374,1,0.000,0.000,0.000,0.000,0.000,0.000,-0.112,-0.095
328.63,0.106,0,0.335,0.374,1,0.000,0.000,0.000,0.000,0.000,0.000,-0.113,-0.102
328.83,0.106,0,0.335,0.374,1,0.000,0.000,0.000,0.000,0.000,0.000,-0.113,-0.097
329.03,0.106,0,0.367,0.521,1,0.000,0.000,0.000,0.000,0.000,0.000,-0.119,-0.101
329.23,0.106,0,0.367,0.521,1,0.000,0.000,0.000,0.000,0.000,0.000,-0.113,-0.099
329.43,0.105,0,0.878,0.522,0,0.000,0.000,0.000,0.000,0.000,0.000,-0.113,-0.099
329.63,0.106,0,0.878,0.522,0,0.000,0.000,0.000,0.000,0.000,0.000,-0.117,-0.109
329.83,0.105,0,0.878,0.522,0,0.000,0.000,0.000,0.000,0.000,0.000,-0.105,-0.097
330.03,0.105,0,0.876,0.523,0,0.000,0.000,0.000,0.000,0.000,0.000,-0.103,-0.104
330.23,0.105,0,0.876,0.523,0,0.000,0.000,0.000,0.000,0.000,0.000,-0.103,-0.104
330.43,0.105,0,0.877,0.523,0,0.000,0.000,0.000,0.000,0.000,0.000,-0.108,-0.102
330.63,0.105,0,0.877,0.523,0,0.000,0.000,0.000,0.000,0.000,0.000,-0.119,-0.098
330.83,0.105,0,0.877,0.523,0,0.000,0.000,0.000,0.000,0.000,0.000,-0.104,-0.101
331.03,0.107,0,0.874,0.522,0,0.000,0.000,0.000,0.000,0.000,0.000,-0.102,-0.090
331.23,0.105,0,0.874,0.522,0,0.000,0.000,0.000,0.000,0.000,0.000,-0.102,-0.090
331.43,0.106,0,0.874,0.522,0,0.000,0.000,0.000,0.000,0.000,0.000,-0.105,-0.098
331.63,0.105,0,0.874,0.522,0,0.000,0.000,0.000,0.000,0.000,0.000,-0.107,-0.099
331.83,0.105,0,0.874,0.522,0,0.000,0.000,0.000,0.000,0.000,0.000,-0.105,-0.093
332.03,0.106,0,0.877,0.522,0,0.000,0.000,0.000,0.000,0.000,0.000,-0.105,-0.093
332.23,0.105,0,0.877,0.522,0,0.000,0.000,0.000,0.000,0.000,0.000,-0.105,-0.098
332.43,0.105,0,0.878,0.522,0,0.000,0.000,0.000,0.000,0.000,0.000,-0.106,-0.106
332.63,0.105,0,0.878,0.522,0,0.000,0.000,0.000,0.000,0.000,0.000,-0.099,-0.104
332.83,0.105,0,0.878,0.522,0,0.000,0.000,0.000,0.000,0.000,0.000,-0.099,-0.104
333.03,0.106,0,0.802,0.523,0,0.000,0.000,0.000,0.000,0.000,0.000,-0.099,-0.104
333.23,0.105,0,0.802,0.523,0,0.000,0.000,0.000,0.000,0.000,0.000,-0.098,-0.095
333.43,0.106,0,0.752,0.522,0,0.000,0.000,0.000,0.000,0.000,0.000,-0.100,-0.094
333.63,0.106,0,0.752,0.522,0,0.000,0.000,0.000,0.000,0.000,0.000,-0.097,-0.095
333.83,0.108,0,0.752,0.522,0,0.000,0.000,0.000,0.000,0.000,0.000,-0.101,-0.099
334.03,0.107,0,0.747,0.523,0,0.000,0.000,0.000,0.000,0.000,0.000,-0.101,-0.099
334.23,0.105,0,0.747,0.523,0,0.000,0.000,0.000,0.000,0.000,0.000,-0.097,-0.105
334.43,0.105,0,0.755,0.522,0,0.000,0.000,0.000,0.000,0.000,0.000,-0.105,-0.098
334.63,0.105,0,0.755,0.522,0,0.000,0.000,0.000,0.000,0.000,0.000,-0.100,-0.098
334.83,0.105,0,0.755,0.522,0,0.000,0.000,0.000,0.000,0.000,0.000,-0.100,-0.098
335.03,0.105,0,0.770,0.523,0,0.000,0.000,0.000,0.000,0.000,0.000,-0.100,-0.098
335.23,0.105,0,0.770,0.523,0,0.000,0.000,0.000,0.000,0.000,0.000,-0.100,-0.098
335.43,0.105,0,0.770,0.522,0,0.000,0.000,0.000,0.000,0.000,0.000,-0.100,-0.098
335.63,0.105,0,0.770,0.522,0,0.000,0.000,0.000,0.000,0.000,0.000,-0.100,-0.098
335.83,0.105,0,0.770,0.522,0,0.000,0.000,0.000,0.000,0.000,0.000,-0.100,-0.098
336.03,0.105,0,0.770,0.522,0,0.000,0.000,0.000,0.000,0.000,0.000,-0.100,-0.098
336.23,0.105,0,0.770,0.522,0,0.000,0.000,0.000,0.000,0.000,0.000,-0.100,-0.098
336.43,0.105,0,0.770,0.522,0,0.000,0.000,0.000,0.000,0.000,0.000,-0.100,-0.098
336.63,0.105,0,0.770,0.522,0,0.000,0.000,0.000,0.000,0.000,0.000,-0.100,-0.098
336.83,0.105,0,0.770,0.522,0,0.000,0.000,0.000,0.000,0.000,0.000,-0.100,-0.098
337.03,0.105,0,0.770,0.522,0,0.000,0.000,0.000,0.000,0.000,0.000,-0.100,-0.098
337.23,0.105,0,0.770,0.522,0,0.000,0.000,0.000,0.000,0.000,0.000,-0.100,-0.098
337.43,0.105,0,0.770,0.522,0,0.000,0.000,0.000,0.000,0.000,0.000,-0.100,-0.098
337.63,0.105,0,0.770,0.522,0,0.000,0.000,0.000,0.000,0.000,0.000,-0.100,-0.098
337.83,0.105,0,0.770,0.522,0,0.000,0.000,0.000,0.000,0.000,0.000,-0.100,-0.098
338.03,0.105,0,0.770,0.522,0,0.000,0.000,0.000,0.000,0.000,0.000,-0.100,-0.098
338.23,0.105,0,0.770,0.522,0,0.000,0.000,0.000,0.000,0.000,0.000,-0.100,-0.098
338.43,0.105,0,0.770,0.523,0,0.000,0.000,0.000,0.000,0.000,0.000,-0.100,-0.098
338.63,0.105,0,0.770,0.523,0,0.000,0.000,0.000,0.000,0.000,0.000,-0.100,-0.098
338.83,0.105,0,0.770,0.523,0,0.000,0.000,0.000,0.000,0.000,0.000,-0.100,-0.098
339.03,0.105,0,0.770,0.523,0,0.000,0.000,0.000,0.000,0.000,0.000,-0.100,-0.098
339.23,0.105,0,0.770,0.523,0,0.000,0.000,0.000,0.000,0.000,0.000,-0.100,-0.098
339.43,0.105,0,0.770,0.523,0,0.000,0.000,0.000,0.000,0.000,0.000,-0.100,-0.098
339.63,0.105,0,0.770,0.523,0,0.000,0.000,0.000,0.000,0.000,0.000,-0.100,-0.098
339.83,0.105,0,0.770,0.523,0,0.000,0.000,0.000,0.000,0.000,0.000,-0.100,-0.098
340.03,0.105,0,0.770,0.522,0,0.000,0.000,0.000,0.000,0.000,0.000,-0.100,-0.098
340.23,0.105,0,0.770,0.522,0,0.000,0.000,0.000,0.000,0.000,0.000,-0.100,-0.098
340.43,0.105,0,0.770,0.523,0,0.000,0.000,0.000,0.000,0.000,0.000,-0.100,-0.098
340.63,0.105,0,0.770,0.523,0,0.000,0.000,0.000,0.000,0.000,0.000,-0.100,-0.098
340.83,0.105,0,0.770,0.523,0,0.000,0.000,0.000,0.000,0.000,0.000,-0.100,-0.098
341.03,0.105,0,0.770,0.523,0,0.000,0.000,0.000,0.000,0.000,0.000,-0.100,-0.098
341.23,0.105,0,0.770,0.523,0,0.000,0.000,0.000,0.000,0.000,0.000,-0.100,-0.098
341.43,0.105,0,0.770,0.523,0,0.000,0.000,0.000,0.000,0.000,0.000,-0.100,-0.098
341.63,0.105,0,0.770,0.523,0,0.000,0.000,0.000,0.000,0.000,0.000,-0.100,-0.098
341.83,0.105,0,0.770,0.523,0,0.000,0.000,0.000,0.000,0.000,0.000,-0.100,-0.098
342.03,0.105,0,0.770,0.523,0,0.000,0.000,0.000,0.000,0.000,0.000,-0.100,-0.098
342.23,0.105,0,0.770,0.523,0,0.000,0.000,0.000,0.000,0.000,0.000,-0.100,-0.098
342.43,0.105,0,0.770,0.523,0,0.000,0.000,0.000,0.000,0.000,0.000,-0.100,-0.098
342.63,0.105,0,0.770,0.523,0,0.000,0.000,0.000,0.000,0.000,0.000,-0.100,-0.098
342.83,0.105,0,0.770,0.523,0,0.000,0.000,0.000,0.000,0.000,0.000,-0.100,-0.098
343.03,0.105,0,0.770,0.523,0,0.000,0.000,0.000,0.000,0.000,0.000,-0.100,-0.098
343.23,0.105,0,0.770,0.523,0,0.000,0.000,0.000,0.000,0.000,0.000,-0.100,-0.098
343.43,0.105,0,0.770,0.523,0,0.000,0.000,0.000,0.000,0.000,0.000,-0.100,-0.098
343.63,0.105,0,0.770,0.523,0,0.000,0.000,0.000,0.000,0.000,0.000,-0.100,-0.098
343.83,0.105,0,0.770,0.523,0,0.000,0.000,0.000,0.000,0.000,0.000,-0.100,-0.098
344.03,0.105,0,0.770,0.523,0,0.000,0.000,0.000,0.000,0.000,0.000,-0.100,-0.098
344.23,0.105,0,0.770,0.523,0,0.000,0.000,0.000,0.000,0.000,0.000,-0.100,-0.098
344.43,0.105,0,0.770,0.523,0,0.000,0.000,0.000,0.000,0.000,0.000,-0.100,-0.098
344.63,0.105,0,0.770,0.523,0,0.000,0.000,0.000,0.000,0.000,0.000,-0.100,-0.098
344.83,0.105,0,0.770,0.523,0,0.000,0.000,0.000,0.000,0.000,0.000,-0.100,-0.098
345.03,0.105,0,0.770,0.523,0,0.000,0.000,0.000,0.000,0.000,0.000,-0.100,-0.098
345.23,0.105,0,0.770,0.523,0,0.000,0.000,0.000,0.000,0.000,0.000,-0.100,-0.098
345.43,0.105,0,0.770,0.523,0,0.000,0.000,0.000,0.000,0.000,0.000,-0.100,-0.098
345.63,0.105,0,0.770,0.523,0,0.000,0.000,0.000,0.000,0.000,0.000,-0.100,-0.098
345.83,0.105,0,0.770,0.523,0,0.000,0.000,0.000,0.000,0.000,0.000,-0.100,-0.098
346.03,0.105,0,0.770,0.523,0,0.000,0.000,0.000,0.000,0.000,0.000,-0.100,-0.098
346.23,0.105,0,0.770,0.523,0,0.000,0.000,0.000,0.000,0.000,0.000,-0.100,-0.098
346.43,0.105,0,0.770,0.522,0,0.000,0.000,0.000,0.000,0.000,0.000,-0.100,-0.098
346.63,0.105,0,0.770,0.522,0,0.000,0.000,0.000,0.000,0.000,0.000,-0.100,-0.098
346.83,0.105,0,0.770,0.522,0,0.000,0.000,0.000,0.000,0.000,0.000,-0.100,-0.098
347.03,0.105,0,0.770,0.523,0,0.000,0.000,0.000,0.000,0.000,0.000,-0.100,-0.098
347.23,0.105,0,0.770,0.523,0,0.000,0.000,0.000,0.000,0.000,0.000,-0.100,-0.098
347.43,0.105,0,0.770,0.522,0,0.000,0.000,0.000,0.000,0.000,0.000,-0.100,-0.098
347.63,0.105,0,0.770,0.522,0,0.000,0.000,0.000,0.000,0.000,0.000,-0.100,-0.098
347.83,0.105,0,0.770,0.522,0,0.000,0.000,0.000,0.000,0.000,0.000,-0.100,-0.098
348.03,0.105,0,0.770,0.523,0,0.000,0.000,0.000,0.000,0.000,0.000,-0.100,-0.098
348.23,0.105,0,0.770,0.523,0,0.000,0.000,0.000,0.000,0.000,0.000,-0.100,-0.098
348.43,0.105,0,0.770,0.523,0,0.000,0.000,0.000,0.000,0.000,0.000,-0.100,-0.098
348.63,0.105,0,0.770,0.523,0,0.000,0.000,0.000,0.000,0.000,0.000,-0.100,-0.098
348.83,0.105,0,0.770,0.523,0,0.000,0.000,0.000,0.000,0.000,0.000,-0.100,-0.098
349.03,0.105,0,0.770,0.523,0,0.000,0.000,0.000,0.000,0.000,0.000,-0.100,-0.098
349.23,0.105,0,0.770,0.523,0,0.000,0.000,0.000,0.000,0.000,0.000,-0.100,-0.098
349.43,0.105,0,0.770,0.523,0,0.000,0.000,0.000,0.000,0.000,0.000,-0.100,-0.098
349.63,0.105,0,0.770,0.523,0,0.000,0.000,0.000,0.000,0.000,0.000,-0.100,-0.098
349.83,0.105,0,0.770,0.523,0,0.000,0.000,0.000,0.000,0.000,0.000,-0.100,-0.098
350.03,0.105,0,0.770,0.523,0,0.000,0.000,0.000,0.000,0.000,0.000,-0.100,-0.098
350.23,0.105,0,0.770,0.523,0,0.000,0.000,0.000,0.000,0.000,0.000,-0.100,-0.098
350.43,0.105,0,0.770,0.523,0,0.000,0.000,0.000,0.000,0.000,0.000,-0.100,-0.098
350.63,0.105,0,0.770,0.523,0,0.000,0.000,0.000,0.000,0.000,0.000,-0.100,-0.098
350.83,0.105,0,0.770,0.523,0,0.000,0.000,0.000,0.000,0.000,0.000,-0.100,-0.098
351.03,0.105,0,0.770,0.523,0,0.000,0.000,0.000,0.000,0.000,0.000,-0.100,-0.098
351.23,0.105,0,0.770,0.523,0,0.000,0.000,0.000,0.000,0.000,0.000,-0.100,-0.098
351.43,0.105,0,0.770,0.523,0,0.000,0.000,0.000,0.000,0.000,0.000,-0.100,-0.098
351.63,0.105,0,0.770,0.523,0,0.000,0.000,0.000,0.000,0.000,0.000,-0.100,-0.098
351.83,0.105,0,0.770,0.523,0,0.000,0.000,0.000,0.000,0.000,0.000,-0.100,-0.098
352.03,0.105,0,0.770,0.523,0,0.000,0.000,0.000,0.000,0.000,0.000,-0.100,-0.098
352.23,0.105,0,0.770,0.523,0,0.000,0.000,0.000,0.000,0.000,0.000,-0.100,-0.098
352.43,0.105,0,0.770,0.523,0,0.000,0.000,0.000,0.000,0.000,0.000,-0.100,-0.098
352.63,0.105,0,0.770,0.523,0,0.000,0.000,0.000,0.000,0.000,0.000,-0.100,-0.098
352.83,0.105,0,0.770,0.523,0,0.000,0.000,0.000,0.000,0.000,0.000,-0.100,-0.098
353.03,0.105,0,0.770,0.523,0,0.000,0.000,0.000,0.000,0.000,0.000,-0.100,-0.098
353.23,0.105,0,0.770,0.523,0,0.000,0.000,0.000,0.000,0.000,0.000,-0.100,-0.098
353.43,0.105,0,0.770,0.523,0,0.000,0.000,0.000,0.000,0.000,0.000,-0.100,-0.098
353.63,0.105,0,0.770,0.523,0,0.000,0.000,0.000,0.000,0.000,0.000,-0.100,-0.098
353.83,0.105,0,0.770,0.523,0,0.000,0.000,0.000,0.000,0.000,0.000,-0.100,-0.098
354.03,0.105,0,0.770,0.523,0,0.000,0.000,0.000,0.000,0.000,0.000,-0.100,-0.098
354.23,0.105,0,0.770,0.523,0,0.000,0.000,0.000,0.000,0.000,0.000,-0.100,-0.098
354.43,0.105,0,0.770,0.523,0,0.000,0.000,0.000,0.000,0.000,0.000,-0.100,-0.098
354.63,0.105,0,0.770,0.523,0,0.000,0.000,0.000,0.000,0.000,0.000,-0.100,-0.098
354.83,0.105,0,0.770,0.523,0,0.000,0.000,0.000,0.000,0.000,0.000,-0.100,-0.098
355.03,0.105,0,0.770,0.523,0,0.000,0.000,0.000,0.000,0.000,0.000,-0.100,-0.098
355.23,0.105,0,0.770,0.523,0,0.000,0.000,0.000,0.000,0.000,0.000,-0.100,-0.098
355.43,0.105,0,0.770,0.522,0,0.000,0.000,0.000,0.000,0.000,0.000,-0.100,-0.098
355.63,0.105,0,0.770,0.522,0,0.000,0.000,0.000,0.000,0.000,0.000,-0.100,-0.098
355.83,0.105,0,0.770,0.522,0,0.000,0.000,0.000,0.000,0.000,0.000,-0.100,-0.098
356.03,0.105,0,0.770,0.523,0,0.000,0.000,0.000,0.000,0.000,0.000,-0.100,-0.098
356.23,0.105,0,0.770,0.523,0,0.000,0.000,0.000,0.000,0.000,0.000,-0.100,-0.098
356.43,0.105,0,0.770,0.523,0,0.000,0.000,0.000,0.000,0.000,0.000,-0.100,-0.098
356.63,0.105,0,0.770,0.523,0,0.000,0.000,0.000,0.000,0.000,0.000,-0.100,-0.098
356.83,0.105,0,0.770,0.523,0,0.000,0.000,0.000,0.000,0.000,0.000,-0.100,-0.098
357.03,0.105,0,0.770,0.523,0,0.000,0.000,0.000,0.000,0.000,0.000,-0.100,-0.098
357.23,0.105,0,0.770,0.523,0,0.000,0.000,0.000,0.000,0.000,0.000,-0.100,-0.098
357.43,0.105,0,0.770,0.523,0,0.000,0.000,0.000,0.000,0.000,0.000,-0.100,-0.098
357.63,0.105,0,0.770,0.523,0,0.000,0.000,0.000,0.000,0.000,0.000,-0.100,-0.098
357.83,0.105,0,0.770,0.523,0,0.000,0.000,0.000,0.000,0.000,0.000,-0.100,-0.098
358.03,0.105,0,0.770,0.523,0,0.000,0.000,0.000,0.000,0.000,0.000,-0.100,-0.098
358.23,0.105,0,0.770,0.523,0,0.000,0.000,0.000,0.000,0.000,0.000,-0.100,-0.098
358.43,0.105,0,0.770,0.523,0,0.000,0.000,0.000,0.000,0.000,0.000,-0.100,-0.098
358.63,0.105,0,0.770,0.523,0,0.000,0.000,0.000,0.000,0.000,0.000,-0.100,-0.098
358.83,0.105,0,0.770,0.523,0,0.000,0.000,0.000,0.000,0.000,0.000,-0.100,-0.098
359.03,0.105,0,0.770,0.522,0,0.000,0.000,0.000,0.000,0.000,0.000,-0.100,-0.098
359.23,0.105,0,0.770,0.522,0,0.000,0.000,0.000,0.000,0.000,0.000,-0.100,-0.098
359.43,0.105,0,0.770,0.523,0,0.000,0.000,0.000,0.000,0.000,0.000,-0.100,-0.098
359.63,0.105,0,0.770,0.523,0,0.000,0.000,0.000,0.000,0.000,0.000,-0.100,-0.098
359.83,0.105,0,0.770,0.523,0,0.000,0.000,0.000,0.000,0.000,0.000,-0.100,-0.098
360.03,0.105,0,0.770,0.523,0,0.000,0.000,0.000,0.000,0.000,0.000,-0.100,-0.098
360.23,0.105,0,0.770,0.523,0,0.000,0.000,0.000,0.000,0.000,0.000,-0.100,-0.098
360.43,0.105,0,0.770,0.523,0,0.000,0.000,0.000,0.000,0.000,0.000,-0.100,-0.098
360.63,0.105,0,0.770,0.523,0,0.000,0.000,0.000,0.000,0.000,0.000,-0.100,-0.098
360.83,0.105,0,0.770,0.523,0,0.000,0.000,0.000,0.000,0.000,0.000,-0.100,-0.098
361.03,0.105,0,0.770,0.523,0,0.000,0.000,0.000,0.000,0.000,0.000,-0.100,-0.098
361.23,0.105,0,0.770,0.523,0,0.000,0.000,0.000,0.000,0.000,0.000,-0.100,-0.098
361.43,0.105,0,0.770,0.523,0,0.000,0.000,0.000,0.000,0.000,0.000,-0.100,-0.098
361.63,0.105,0,0.770,0.523,0,0.000,0.000,0.000,0.000,0.000,0.000,-0.100,-0.098
361.83,0.105,0,0.770,0.523,0,0.000,0.000,0.000,0.000,0.000,0.000,-0.100,-0.098
362.03,0.105,0,0.770,0.523,0,0.000,0.000,0.000,0.000,0.000,0.000,-0.100,-0.098
362.23,0.105,0,0.770,0.523,0,0.000,0.000,0.000,0.000,0.000,0.000,-0.100,-0.098
362.43,0.105,0,0.770,0.523,0,0.000,0.000,0.000,0.000,0.000,0.000,-0.100,-0.098
362.63,0.105,0,0.770,0.523,0,0.000,0.000,0.000,0.000,0.000,0.000,-0.100,-0.098
362.83,0.105,0,0.770,0.523,0,0.000,0.000,0.000,0.000,0.000,0.000,-0.100,-0.098
363.03,0.105,0,0.770,0.523,0,0.000,0.000,0.000,0.000,0.000,0.000,-0.100,-0.098
363.23,0.105,0,0.770,0.523,0,0.000,0.000,0.000,0.000,0.000,0.000,-0.100,-0.098
363.43,0.105,0,0.770,0.523,0,0.000,0.000,0.000,0.000,0.000,0.000,-0.100,-0.098
363.63,0.105,0,0.770,0.523,0,0.000,0.000,0.000,0.000,0.000,0.000,-0.100,-0.098
363.83,0.105,0,0.770,0.523,0,0.000,0.000,0.000,0.000,0.000,0.000,-0.100,-0.098
364.03,0.105,0,0.770,0.523,0,0.000,0.000,0.000,0.000,0.000,0.000,-0.100,-0.098
364.23,0.105,0,0.770,0.523,0,0.000,0.000,0.000,0.000,0.000,0.000,-0.100,-0.098
364.43,0.105,0,0.770,0.523,0,0.000,0.000,0.000,0.000,0.000,0.000,-0.100,-0.098
364.63,0.105,0,0.770,0.523,0,0.000,0.000,0.000,0.000,0.000,0.000,-0.100,-0.098
364.83,0.105,0,0.770,0.523,0,0.000,0.000,0.000,0.000,0.000,0.000,-0.100,-0.098
365.03,0.105,0,0.770,0.523,0,0.000,0.000,0.000,0.000,0.000,0.000,-0.100,-0.098
365.23,0.105,0,0.770,0.523,0,0.000,0.000,0.000,0.000,0.000,0.000,-0.100,-0.098
365.43,0.105,0,0.770,0.523,0,0.000,0.000,0.000,0.000,0.000,0.000,-0.100,-0.098
365.63,0.105,0,0.770,0.523,0,0.000,0.000,0.000,0.000,0.000,0.000,-0.100,-0.098
365.83,0.105,0,0.770,0.523,0,0.000,0.000,0.000,0.000,0.000,0.000,-0.100,-0.098
366.03,0.105,0,0.770,0.523,0,0.000,0.000,0.000,0.000,0.000,0.000,-0.100,-0.098
366.23,0.105,0,0.770,0.523,0,0.000,0.000,0.000,0.000,0.000,0.000,-0.100,-0.098
366.43,0.105,0,0.770,0.523,0,0.000,0.000,0.000,0.000,0.000,0.000,-0.100,-0.098
366.63,0.105,0,0.770,0.523,0,0.000,0.000,0.000,0.000,0.000,0.000,-0.100,-0.098
366.83,0.105,0,0.770,0.523,0,0.000,0.000,0.000,0.000,0.000,0.000,-0.100,-0.098
367.03,0.105,0,0.770,0.523,0,0.000,0.000,0.000,0.000,0.000,0.000,-0.100,-0.098
367.23,0.105,0,0.770,0.523,0,0.000,0.000,0.000,0.000,0.000,0.000,-0.100,-0.098
367.43,0.105,0,0.770,0.523,0,0.000,0.000,0.000,0.000,0.000,0.000,-0.100,-0.098
367.63,0.105,0,0.770,0.523,0,0.000,0.000,0.000,0.000,0.000,0.000,-0.100,-0.098
367.83,0.105,0,0.770,0.523,0,0.000,0.000,0.000,0.000,0.000,0.000,-0.100,-0.098
368.03,0.105,0,0.770,0.523,0,0.000,0.000,0.000,0.000,0.000,0.000,-0.100,-0.098
368.23,0.105,0,0.770,0.523,0,0.000,0.000,0.000,0.000,0.000,0.000,-0.100,-0.098
368.43,0.105,0,0.770,0.523,0,0.000,0.000,0.000,0.000,0.000,0.000,-0.100,-0.098
368.63,0.105,0,0.770,0.523,0,0.000,0.000,0.000,0.000,0.000,0.000,-0.100,-0.098
368.83,0.105,0,0.770,0.523,0,0.000,0.000,0.000,0.000,0.000,0.000,-0.100,-0.098
369.03,0.105,0,0.770,0.523,0,0.000,0.000,0.000,0.000,0.000,0.000,-0.100,-0.098
369.23,0.105,0,0.770,0.523,0,0.000,0.000,0.000,0.000,0.000,0.000,-0.100,-0.098
369.43,0.105,0,0.770,0.523,0,0.000,0.000,0.000,0.000,0.000,0.000,-0.100,-0.098
369.63,0.105,0,0.770,0.523,0,0.000,0.000,0.000,0.000,0.000,0.000,-0.100,-0.098
369.83,0.105,0,0.770,0.523,0,0.000,0.000,0.000,0.000,0.000,0.000,-0.100,-0.098
370.03,0.105,0,0.770,0.523,0,0.000,0.000,0.000,0.000,0.000,0.000,-0.100,-0.098
370.23,0.105,0,0.770,0.523,0,0.000,0.000,0.000,0.000,0.000,0.000,-0.100,-0.098
370.43,0.105,0,0.770,0.523,0,0.000,0.000,0.000,0.000,0.000,0.000,-0.100,-0.098
370.63,0.105,0,0.770,0.523,0,0.000,0.000,0.000,0.000,0.000,0.000,-0.100,-0.098
370.83,0.105,0,0.770,0.523,0,0.000,0.000,0.000,0.000,0.000,0.000,-0.100,-0.098
371.03,0.105,0,0.770,0.523,0,0.000,0.000,0.000,0.000,0.000,0.000,-0.100,-0.098
371.23,0.105,0,0.770,0.523,0,0.000,0.000,0.000,0.000,0.000,0.000,-0.100,-0.098
371.43,0.105,0,0.770,0.523,0,0.000,0.000,0.000,0.000,0.000,0.000,-0.100,-0.098
371.63,0.105,0,0.770,0.523,0,0.000,0.000,0.000,0.000,0.000,0.000,-0.100,-0.098
371.83,0.105,0,0.770,0.523,0,0.000,0.000,0.000,0.000,0.000,0.000,-0.100,-0.098
372.03,0.105,0,0.770,0.523,0,0.000,0.000,0.000,0.000,0.000,0.000,-0.100,-0.098
372.23,0.105,0,0.770,0.523,0,0.000,0.000,0.000,0.000,0.000,0.000,-0.100,-0.098
372.43,0.105,0,0.770,0.523,0,0.000,0.000,0.000,0.000,0.000,0.000,-0.100,-0.098
372.63,0.105,0,0.770,0.523,0,0.000,0.000,0.000,0.000,0.000,0.000,-0.100,-0.098
372.83,0.105,0,0.770,0.523,0,0.000,0.000,0.000,0.000,0.000,0.000,-0.100,-0.098
373.03,0.105,0,0.770,0.523,0,0.000,0.000,0.000,0.000,0.000,0.000,-0.100,-0.098
373.23,0.105,0,0.770,0.523,0,0.000,0.000,0.000,0.000,0.000,0.000,-0.100,-0.098
373.43,0.105,0,0.770,0.523,0,0.000,0.000,0.000,0.000,0.000,0.000,-0.100,-0.098
373.63,0.105,0,0.770,0.523,0,0.000,0.000,0.000,0.000,0.000,0.000,-0.100,-0.098
373.83,0.105,0,0.770,0.523,0,0.000,0.000,0.000,0.000,0.000,0.000,-0.100,-0.098
374.03,0.105,0,0.770,0.523,0,0.000,0.000,0.000,0.000,0.000,0.000,-0.100,-0.098
374.23,0.105,0,0.770,0.523,0,0.000,0.000,0.000,0.000,0.000,0.000,-0.100,-0.098
374.43,0.105,0,0.770,0.522,0,0.000,0.000,0.000,0.000,0.000,0.000,-0.100,-0.098
374.63,0.105,0,0.770,0.522,0,0.000,0.000,0.000,0.000,0.000,0.000,-0.100,-0.098
374.83,0.105,0,0.770,0.522,0,0.000,0.000,0.000,0.000,0.000,0.000,-0.100,-0.098
375.03,0.105,0,0.770,0.523,0,0.000,0.000,0.000,0.000,0.000,0.000,-0.100,-0.098
375.23,0.105,0,0.770,0.523,0,0.000,0.000,0.000,0.000,0.000,0.000,-0.100,-0.098
375.43,0.105,0,0.770,0.523,0,0.000,0.000,0.000,0.000,0.000,0.000,-0.100,-0.098
375.63,0.105,0,0.770,0.523,0,0.000,0.000,0.000,0.000,0.000,0.000,-0.100,-0.098
375.83,0.105,0,0.770,0.523,0,0.000,0.000,0.000,0.000,0.000,0.000,-0.100,-0.098
376.03,0.105,0,0.770,0.523,0,0.000,0.000,0.000,0.000,0.000,0.000,-0.100,-0.098
376.23,0.105,0,0.770,0.523,0,0.000,0.000,0.000,0.000,0.000,0.000,-0.100,-0.098
376.43,0.105,0,0.770,0.523,0,0.000,0.000,0.000,0.000,0.000,0.000,-0.100,-0.098
376.63,0.105,0,0.770,0.523,0,0.000,0.000,0.000,0.000,0.000,0.000,-0.100,-0.098
376.83,0.105,0,0.770,0.523,0,0.000,0.000,0.000,0.000,0.000,0.000,-0.100,-0.098
377.03,0.105,0,0.770,0.523,0,0.000,0.000,0.000,0.000,0.000,0.000,-0.100,-0.098
377.23,0.105,0,0.770,0.523,0,0.000,0.000,0.000,0.000,0.000,0.000,-0.100,-0.098
377.43,0.105,0,0.770,0.523,0,0.000,0.000,0.000,0.000,0.000,0.000,-0.100,-0.098
377.63,0.105,0,0.770,0.523,0,0.000,0.000,0.000,0.000,0.000,0.000,-0.100,-0.098
377.83,0.105,0,0.770,0.523,0,0.000,0.000,0.000,0.000,0.000,0.000,-0.100,-0.098
378.03,0.105,0,0.770,0.523,0,0.000,0.000,0.000,0.000,0.000,0.000,-0.100,-0.098
378.23,0.105,0,0.770,0.523,0,0.000,0.000,0.000,0.000,0.000,0.000,-0.100,-0.098
378.43,0.105,0,0.770,0.523,0,0.000,0.000,0.000,0.000,0.000,0.000,-0.100,-0.098
378.63,0.105,0,0.770,0.523,0,0.000,0.000,0.000,0.000,0.000,0.000,-0.100,-0.098
378.83,0.105,0,0.770,0.523,0,0.000,0.000,0.000,0.000,0.000,0.000,-0.100,-0.098
379.03,0.105,0,0.770,0.523,0,0.000,0.000,0.000,0.000,0.000,0.000,-0.100,-0.098
