[    0.0s] === run started 20260723_053809 ===
[   13.5s] CAMERA/LIDAR DISAGREE - lidar=0.86 m  camera=0.42 m  delta=-0.44 m  CAMERA SEES CLOSER - lidar may be missing this obstacle
[   14.0s] CAMERA/LIDAR DISAGREE - lidar=0.86 m  camera=0.42 m  delta=-0.43 m  CAMERA SEES CLOSER - lidar may be missing this obstacle
[   14.5s] CAMERA/LIDAR DISAGREE - lidar=0.86 m  camera=0.42 m  delta=-0.43 m  CAMERA SEES CLOSER - lidar may be missing this obstacle
[   19.0s] CAMERA/LIDAR DISAGREE - lidar=0.86 m  camera=0.42 m  delta=-0.44 m  CAMERA SEES CLOSER - lidar may be missing this obstacle
[   31.0s] CAMERA/LIDAR DISAGREE - lidar=0.86 m  camera=0.42 m  delta=-0.44 m  CAMERA SEES CLOSER - lidar may be missing this obstacle
[   35.0s] CAMERA/LIDAR DISAGREE - lidar=0.90 m  camera=0.42 m  delta=-0.48 m  CAMERA SEES CLOSER - lidar may be missing this obstacle
[   48.5s] CAMERA/LIDAR DISAGREE - lidar=0.94 m  camera=0.42 m  delta=-0.51 m  CAMERA SEES CLOSER - lidar may be missing this obstacle
[   54.5s] CAMERA/LIDAR DISAGREE - lidar=0.95 m  camera=0.42 m  delta=-0.53 m  CAMERA SEES CLOSER - lidar may be missing this obstacle
[   63.0s] CAMERA/LIDAR DISAGREE - lidar=0.97 m  camera=0.42 m  delta=-0.55 m  CAMERA SEES CLOSER - lidar may be missing this obstacle
[   71.5s] CAMERA/LIDAR DISAGREE - lidar=0.82 m  camera=0.42 m  delta=-0.40 m  CAMERA SEES CLOSER - lidar may be missing this obstacle
[   73.0s] CAMERA/LIDAR DISAGREE - lidar=0.83 m  camera=0.42 m  delta=-0.40 m  CAMERA SEES CLOSER - lidar may be missing this obstacle
[   74.5s] CAMERA/LIDAR DISAGREE - lidar=0.83 m  camera=0.42 m  delta=-0.40 m  CAMERA SEES CLOSER - lidar may be missing this obstacle
[   80.0s] CAMERA/LIDAR DISAGREE - lidar=0.85 m  camera=0.42 m  delta=-0.43 m  CAMERA SEES CLOSER - lidar may be missing this obstacle
[   86.5s] CAMERA/LIDAR DISAGREE - lidar=0.84 m  camera=0.42 m  delta=-0.42 m  CAMERA SEES CLOSER - lidar may be missing this obstacle
[   90.0s] CAMERA/LIDAR DISAGREE - lidar=0.84 m  camera=0.42 m  delta=-0.42 m  CAMERA SEES CLOSER - lidar may be missing this obstacle
[  209.0s] CAMERA/LIDAR DISAGREE - lidar=0.77 m  camera=0.44 m  delta=-0.33 m  CAMERA SEES CLOSER - lidar may be missing this obstacle
[  215.0s] CAMERA/LIDAR DISAGREE - lidar=0.88 m  camera=0.44 m  delta=-0.44 m  CAMERA SEES CLOSER - lidar may be missing this obstacle
[  223.0s] CAMERA/LIDAR DISAGREE - lidar=0.88 m  camera=0.44 m  delta=-0.43 m  CAMERA SEES CLOSER - lidar may be missing this obstacle
[  226.0s] CAMERA/LIDAR DISAGREE - lidar=0.88 m  camera=0.44 m  delta=-0.44 m  CAMERA SEES CLOSER - lidar may be missing this obstacle
[  229.0s] CAMERA/LIDAR DISAGREE - lidar=0.85 m  camera=0.44 m  delta=-0.40 m  CAMERA SEES CLOSER - lidar may be missing this obstacle
[  229.5s] CAMERA/LIDAR DISAGREE - lidar=0.85 m  camera=0.44 m  delta=-0.40 m  CAMERA SEES CLOSER - lidar may be missing this obstacle
[  240.0s] CAMERA/LIDAR DISAGREE - lidar=0.85 m  camera=0.44 m  delta=-0.40 m  CAMERA SEES CLOSER - lidar may be missing this obstacle
[  241.5s] CAMERA/LIDAR DISAGREE - lidar=0.84 m  camera=0.44 m  delta=-0.40 m  CAMERA SEES CLOSER - lidar may be missing this obstacle
[  242.0s] CAMERA/LIDAR DISAGREE - lidar=0.85 m  camera=0.44 m  delta=-0.40 m  CAMERA SEES CLOSER - lidar may be missing this obstacle
[  243.5s] CAMERA/LIDAR DISAGREE - lidar=0.84 m  camera=0.44 m  delta=-0.40 m  CAMERA SEES CLOSER - lidar may be missing this obstacle
[  248.5s] CAMERA/LIDAR DISAGREE - lidar=0.84 m  camera=0.44 m  delta=-0.40 m  CAMERA SEES CLOSER - lidar may be missing this obstacle
[  249.0s] CAMERA/LIDAR DISAGREE - lidar=0.84 m  camera=0.44 m  delta=-0.40 m  CAMERA SEES CLOSER - lidar may be missing this obstacle
[  260.5s] CAMERA/LIDAR DISAGREE - lidar=0.77 m  camera=0.44 m  delta=-0.33 m  CAMERA SEES CLOSER - lidar may be missing this obstacle
[  261.0s] CAMERA/LIDAR DISAGREE - lidar=0.85 m  camera=0.44 m  delta=-0.41 m  CAMERA SEES CLOSER - lidar may be missing this obstacle
[  265.5s] CAMERA/LIDAR DISAGREE - lidar=0.83 m  camera=0.44 m  delta=-0.39 m  CAMERA SEES CLOSER - lidar may be missing this obstacle
[  266.0s] CAMERA/LIDAR DISAGREE - lidar=0.83 m  camera=0.44 m  delta=-0.39 m  CAMERA SEES CLOSER - lidar may be missing this obstacle
[  266.5s] CAMERA/LIDAR DISAGREE - lidar=0.83 m  camera=0.44 m  delta=-0.39 m  CAMERA SEES CLOSER - lidar may be missing this obstacle
[  268.5s] CAMERA/LIDAR DISAGREE - lidar=0.77 m  camera=0.44 m  delta=-0.33 m  CAMERA SEES CLOSER - lidar may be missing this obstacle
[  269.0s] CAMERA/LIDAR DISAGREE - lidar=0.83 m  camera=0.44 m  delta=-0.39 m  CAMERA SEES CLOSER - lidar may be missing this obstacle
[  281.0s] CAMERA/LIDAR DISAGREE - lidar=0.83 m  camera=0.44 m  delta=-0.39 m  CAMERA SEES CLOSER - lidar may be missing this obstacle
[  300.0s] CAMERA/LIDAR DISAGREE - lidar=0.83 m  camera=0.44 m  delta=-0.39 m  CAMERA SEES CLOSER - lidar may be missing this obstacle
[  302.5s] CAMERA/LIDAR DISAGREE - lidar=0.83 m  camera=0.44 m  delta=-0.38 m  CAMERA SEES CLOSER - lidar may be missing this obstacle
[  305.5s] CAMERA/LIDAR DISAGREE - lidar=0.83 m  camera=0.44 m  delta=-0.39 m  CAMERA SEES CLOSER - lidar may be missing this obstacle
[  307.0s] CAMERA/LIDAR DISAGREE - lidar=0.83 m  camera=0.44 m  delta=-0.38 m  CAMERA SEES CLOSER - lidar may be missing this obstacle
[  307.5s] CAMERA/LIDAR DISAGREE - lidar=0.83 m  camera=0.44 m  delta=-0.38 m  CAMERA SEES CLOSER - lidar may be missing this obstacle
[  309.0s] CAMERA/LIDAR DISAGREE - lidar=0.77 m  camera=0.44 m  delta=-0.33 m  CAMERA SEES CLOSER - lidar may be missing this obstacle
[  316.5s] CAMERA/LIDAR DISAGREE - lidar=0.83 m  camera=0.44 m  delta=-0.38 m  CAMERA SEES CLOSER - lidar may be missing this obstacle
[  322.0s] CAMERA/LIDAR DISAGREE - lidar=0.83 m  camera=0.44 m  delta=-0.39 m  CAMERA SEES CLOSER - lidar may be missing this obstacle
[  326.5s] CAMERA/LIDAR DISAGREE - lidar=0.84 m  camera=0.44 m  delta=-0.40 m  CAMERA SEES CLOSER - lidar may be missing this obstacle
[  328.0s] CAMERA/LIDAR DISAGREE - lidar=0.84 m  camera=0.44 m  delta=-0.39 m  CAMERA SEES CLOSER - lidar may be missing this obstacle
[  330.5s] CAMERA/LIDAR DISAGREE - lidar=0.83 m  camera=0.44 m  delta=-0.39 m  CAMERA SEES CLOSER - lidar may be missing this obstacle
[  347.0s] CAMERA/LIDAR DISAGREE - lidar=0.87 m  camera=0.44 m  delta=-0.43 m  CAMERA SEES CLOSER - lidar may be missing this obstacle
[  347.5s] CAMERA/LIDAR DISAGREE - lidar=0.87 m  camera=0.44 m  delta=-0.43 m  CAMERA SEES CLOSER - lidar may be missing this obstacle
[  352.5s] CAMERA/LIDAR DISAGREE - lidar=0.88 m  camera=0.44 m  delta=-0.43 m  CAMERA SEES CLOSER - lidar may be missing this obstacle
[  355.0s] CAMERA/LIDAR DISAGREE - lidar=0.77 m  camera=0.44 m  delta=-0.33 m  CAMERA SEES CLOSER - lidar may be missing this obstacle
[  361.0s] CAMERA/LIDAR DISAGREE - lidar=0.79 m  camera=0.44 m  delta=-0.34 m  CAMERA SEES CLOSER - lidar may be missing this obstacle
[  361.5s] CAMERA/LIDAR DISAGREE - lidar=0.87 m  camera=0.44 m  delta=-0.43 m  CAMERA SEES CLOSER - lidar may be missing this obstacle
[  370.5s] CAMERA/LIDAR DISAGREE - lidar=0.87 m  camera=0.44 m  delta=-0.43 m  CAMERA SEES CLOSER - lidar may be missing this obstacle
[  371.0s] CAMERA/LIDAR DISAGREE - lidar=0.88 m  camera=0.44 m  delta=-0.43 m  CAMERA SEES CLOSER - lidar may be missing this obstacle
[  371.5s] CAMERA/LIDAR DISAGREE - lidar=0.87 m  camera=0.44 m  delta=-0.43 m  CAMERA SEES CLOSER - lidar may be missing this obstacle
[  374.5s] CAMERA/LIDAR DISAGREE - lidar=0.87 m  camera=0.44 m  delta=-0.43 m  CAMERA SEES CLOSER - lidar may be missing this obstacle
[  383.0s] CAMERA/LIDAR DISAGREE - lidar=0.87 m  camera=0.44 m  delta=-0.43 m  CAMERA SEES CLOSER - lidar may be missing this obstacle
[  383.5s] CAMERA/LIDAR DISAGREE - lidar=0.87 m  camera=0.44 m  delta=-0.43 m  CAMERA SEES CLOSER - lidar may be missing this obstacle
[  385.5s] CAMERA/LIDAR DISAGREE - lidar=0.87 m  camera=0.44 m  delta=-0.43 m  CAMERA SEES CLOSER - lidar may be missing this obstacle
[  391.5s] CAMERA/LIDAR DISAGREE - lidar=0.88 m  camera=0.44 m  delta=-0.44 m  CAMERA SEES CLOSER - lidar may be missing this obstacle
[  397.5s] CAMERA/LIDAR DISAGREE - lidar=0.77 m  camera=0.44 m  delta=-0.33 m  CAMERA SEES CLOSER - lidar may be missing this obstacle
[  398.0s] CAMERA/LIDAR DISAGREE - lidar=0.88 m  camera=0.44 m  delta=-0.44 m  CAMERA SEES CLOSER - lidar may be missing this obstacle
[  400.0s] CAMERA/LIDAR DISAGREE - lidar=0.87 m  camera=0.44 m  delta=-0.43 m  CAMERA SEES CLOSER - lidar may be missing this obstacle
[  407.0s] CAMERA/LIDAR DISAGREE - lidar=0.88 m  camera=0.44 m  delta=-0.43 m  CAMERA SEES CLOSER - lidar may be missing this obstacle
[  409.5s] CAMERA/LIDAR DISAGREE - lidar=0.87 m  camera=0.44 m  delta=-0.43 m  CAMERA SEES CLOSER - lidar may be missing this obstacle
[  411.5s] CAMERA/LIDAR DISAGREE - lidar=0.87 m  camera=0.44 m  delta=-0.43 m  CAMERA SEES CLOSER - lidar may be missing this obstacle
[  413.5s] CAMERA/LIDAR DISAGREE - lidar=0.88 m  camera=0.44 m  delta=-0.43 m  CAMERA SEES CLOSER - lidar may be missing this obstacle
[  415.0s] CAMERA/LIDAR DISAGREE - lidar=0.87 m  camera=0.44 m  delta=-0.43 m  CAMERA SEES CLOSER - lidar may be missing this obstacle
[  416.5s] CAMERA/LIDAR DISAGREE - lidar=0.87 m  camera=0.44 m  delta=-0.43 m  CAMERA SEES CLOSER - lidar may be missing this obstacle
[  433.0s] CAMERA/LIDAR DISAGREE - lidar=0.87 m  camera=0.44 m  delta=-0.43 m  CAMERA SEES CLOSER - lidar may be missing this obstacle
[  437.5s] CAMERA/LIDAR DISAGREE - lidar=0.83 m  camera=0.45 m  delta=-0.38 m  CAMERA SEES CLOSER - lidar may be missing this obstacle
[  439.5s] CAMERA/LIDAR DISAGREE - lidar=0.83 m  camera=0.44 m  delta=-0.38 m  CAMERA SEES CLOSER - lidar may be missing this obstacle
[  441.0s] CAMERA/LIDAR DISAGREE - lidar=0.77 m  camera=0.44 m  delta=-0.33 m  CAMERA SEES CLOSER - lidar may be missing this obstacle
[  441.5s] CAMERA/LIDAR DISAGREE - lidar=0.83 m  camera=0.44 m  delta=-0.38 m  CAMERA SEES CLOSER - lidar may be missing this obstacle
[  443.0s] CAMERA/LIDAR DISAGREE - lidar=0.82 m  camera=0.44 m  delta=-0.38 m  CAMERA SEES CLOSER - lidar may be missing this obstacle
[  443.5s] CAMERA/LIDAR DISAGREE - lidar=0.77 m  camera=0.44 m  delta=-0.33 m  CAMERA SEES CLOSER - lidar may be missing this obstacle
[  447.0s] CAMERA/LIDAR DISAGREE - lidar=0.83 m  camera=0.44 m  delta=-0.39 m  CAMERA SEES CLOSER - lidar may be missing this obstacle
[  451.5s] CAMERA/LIDAR DISAGREE - lidar=0.83 m  camera=0.44 m  delta=-0.38 m  CAMERA SEES CLOSER - lidar may be missing this obstacle
[  453.0s] CAMERA/LIDAR DISAGREE - lidar=0.83 m  camera=0.44 m  delta=-0.39 m  CAMERA SEES CLOSER - lidar may be missing this obstacle
[  454.5s] CAMERA/LIDAR DISAGREE - lidar=0.82 m  camera=0.44 m  delta=-0.38 m  CAMERA SEES CLOSER - lidar may be missing this obstacle
[  457.0s] CAMERA/LIDAR DISAGREE - lidar=0.83 m  camera=0.44 m  delta=-0.39 m  CAMERA SEES CLOSER - lidar may be missing this obstacle
[  458.5s] CAMERA/LIDAR DISAGREE - lidar=0.82 m  camera=0.44 m  delta=-0.38 m  CAMERA SEES CLOSER - lidar may be missing this obstacle
[  463.0s] CAMERA/LIDAR DISAGREE - lidar=0.83 m  camera=0.44 m  delta=-0.38 m  CAMERA SEES CLOSER - lidar may be missing this obstacle
[  464.0s] CAMERA/LIDAR DISAGREE - lidar=0.83 m  camera=0.44 m  delta=-0.39 m  CAMERA SEES CLOSER - lidar may be missing this obstacle
[  471.5s] CAMERA/LIDAR DISAGREE - lidar=0.83 m  camera=0.44 m  delta=-0.39 m  CAMERA SEES CLOSER - lidar may be missing this obstacle
[  473.0s] CAMERA/LIDAR DISAGREE - lidar=0.82 m  camera=0.44 m  delta=-0.38 m  CAMERA SEES CLOSER - lidar may be missing this obstacle
[  474.0s] CAMERA/LIDAR DISAGREE - lidar=0.79 m  camera=0.44 m  delta=-0.34 m  CAMERA SEES CLOSER - lidar may be missing this obstacle
[  474.5s] CAMERA/LIDAR DISAGREE - lidar=0.77 m  camera=0.44 m  delta=-0.33 m  CAMERA SEES CLOSER - lidar may be missing this obstacle
[  475.5s] CAMERA/LIDAR DISAGREE - lidar=0.83 m  camera=0.44 m  delta=-0.38 m  CAMERA SEES CLOSER - lidar may be missing this obstacle
[  478.0s] CAMERA/LIDAR DISAGREE - lidar=0.83 m  camera=0.44 m  delta=-0.38 m  CAMERA SEES CLOSER - lidar may be missing this obstacle
[  480.5s] CAMERA/LIDAR DISAGREE - lidar=0.83 m  camera=0.44 m  delta=-0.39 m  CAMERA SEES CLOSER - lidar may be missing this obstacle
[  484.5s] CAMERA/LIDAR DISAGREE - lidar=0.82 m  camera=0.44 m  delta=-0.38 m  CAMERA SEES CLOSER - lidar may be missing this obstacle
[  486.0s] CAMERA/LIDAR DISAGREE - lidar=0.83 m  camera=0.44 m  delta=-0.38 m  CAMERA SEES CLOSER - lidar may be missing this obstacle
[  487.0s] CAMERA/LIDAR DISAGREE - lidar=0.79 m  camera=0.44 m  delta=-0.35 m  CAMERA SEES CLOSER - lidar may be missing this obstacle
[  487.5s] CAMERA/LIDAR DISAGREE - lidar=0.83 m  camera=0.44 m  delta=-0.38 m  CAMERA SEES CLOSER - lidar may be missing this obstacle
[  488.0s] CAMERA/LIDAR DISAGREE - lidar=0.79 m  camera=0.44 m  delta=-0.34 m  CAMERA SEES CLOSER - lidar may be missing this obstacle
[  488.5s] CAMERA/LIDAR DISAGREE - lidar=0.82 m  camera=0.44 m  delta=-0.38 m  CAMERA SEES CLOSER - lidar may be missing this obstacle
[  490.5s] CAMERA/LIDAR DISAGREE - lidar=0.82 m  camera=0.44 m  delta=-0.38 m  CAMERA SEES CLOSER - lidar may be missing this obstacle
[  493.0s] CAMERA/LIDAR DISAGREE - lidar=0.83 m  camera=0.44 m  delta=-0.38 m  CAMERA SEES CLOSER - lidar may be missing this obstacle
[  496.0s] CAMERA/LIDAR DISAGREE - lidar=0.83 m  camera=0.44 m  delta=-0.38 m  CAMERA SEES CLOSER - lidar may be missing this obstacle
[  497.5s] CAMERA/LIDAR DISAGREE - lidar=0.83 m  camera=0.44 m  delta=-0.39 m  CAMERA SEES CLOSER - lidar may be missing this obstacle
[  499.0s] CAMERA/LIDAR DISAGREE - lidar=0.77 m  camera=0.44 m  delta=-0.33 m  CAMERA SEES CLOSER - lidar may be missing this obstacle
[  500.0s] CAMERA/LIDAR DISAGREE - lidar=0.83 m  camera=0.44 m  delta=-0.38 m  CAMERA SEES CLOSER - lidar may be missing this obstacle
[  503.5s] CAMERA/LIDAR DISAGREE - lidar=0.77 m  camera=0.44 m  delta=-0.33 m  CAMERA SEES CLOSER - lidar may be missing this obstacle
[  504.0s] CAMERA/LIDAR DISAGREE - lidar=0.82 m  camera=0.44 m  delta=-0.38 m  CAMERA SEES CLOSER - lidar may be missing this obstacle
[  510.0s] CAMERA/LIDAR DISAGREE - lidar=0.83 m  camera=0.44 m  delta=-0.39 m  CAMERA SEES CLOSER - lidar may be missing this obstacle
[  513.0s] CAMERA/LIDAR DISAGREE - lidar=0.83 m  camera=0.44 m  delta=-0.38 m  CAMERA SEES CLOSER - lidar may be missing this obstacle
[  517.5s] CAMERA/LIDAR DISAGREE - lidar=0.77 m  camera=0.44 m  delta=-0.33 m  CAMERA SEES CLOSER - lidar may be missing this obstacle
[  522.0s] CAMERA/LIDAR DISAGREE - lidar=0.83 m  camera=0.44 m  delta=-0.38 m  CAMERA SEES CLOSER - lidar may be missing this obstacle
[  525.0s] CAMERA/LIDAR DISAGREE - lidar=0.82 m  camera=0.44 m  delta=-0.38 m  CAMERA SEES CLOSER - lidar may be missing this obstacle
[  526.0s] CAMERA/LIDAR DISAGREE - lidar=0.77 m  camera=0.44 m  delta=-0.33 m  CAMERA SEES CLOSER - lidar may be missing this obstacle
[  527.5s] CAMERA/LIDAR DISAGREE - lidar=0.83 m  camera=0.44 m  delta=-0.38 m  CAMERA SEES CLOSER - lidar may be missing this obstacle
[  528.5s] CAMERA/LIDAR DISAGREE - lidar=0.82 m  camera=0.44 m  delta=-0.38 m  CAMERA SEES CLOSER - lidar may be missing this obstacle
[  538.5s] CAMERA/LIDAR DISAGREE - lidar=0.82 m  camera=0.44 m  delta=-0.38 m  CAMERA SEES CLOSER - lidar may be missing this obstacle
[  540.5s] CAMERA/LIDAR DISAGREE - lidar=0.82 m  camera=0.44 m  delta=-0.38 m  CAMERA SEES CLOSER - lidar may be missing this obstacle
[  547.0s] CAMERA/LIDAR DISAGREE - lidar=0.83 m  camera=0.44 m  delta=-0.38 m  CAMERA SEES CLOSER - lidar may be missing this obstacle
[  547.5s] CAMERA/LIDAR DISAGREE - lidar=0.77 m  camera=0.44 m  delta=-0.33 m  CAMERA SEES CLOSER - lidar may be missing this obstacle
[  549.0s] CAMERA/LIDAR DISAGREE - lidar=0.83 m  camera=0.44 m  delta=-0.39 m  CAMERA SEES CLOSER - lidar may be missing this obstacle
[  550.5s] CAMERA/LIDAR DISAGREE - lidar=0.78 m  camera=0.44 m  delta=-0.34 m  CAMERA SEES CLOSER - lidar may be missing this obstacle
[  552.0s] CAMERA/LIDAR DISAGREE - lidar=0.83 m  camera=0.44 m  delta=-0.39 m  CAMERA SEES CLOSER - lidar may be missing this obstacle
[  555.0s] CAMERA/LIDAR DISAGREE - lidar=0.82 m  camera=0.44 m  delta=-0.38 m  CAMERA SEES CLOSER - lidar may be missing this obstacle
[  564.0s] CAMERA/LIDAR DISAGREE - lidar=0.83 m  camera=0.44 m  delta=-0.38 m  CAMERA SEES CLOSER - lidar may be missing this obstacle
[  571.0s] CAMERA/LIDAR DISAGREE - lidar=0.82 m  camera=0.44 m  delta=-0.38 m  CAMERA SEES CLOSER - lidar may be missing this obstacle
[  574.0s] CAMERA/LIDAR DISAGREE - lidar=0.83 m  camera=0.44 m  delta=-0.39 m  CAMERA SEES CLOSER - lidar may be missing this obstacle
[  575.5s] CAMERA/LIDAR DISAGREE - lidar=0.83 m  camera=0.44 m  delta=-0.38 m  CAMERA SEES CLOSER - lidar may be missing this obstacle
[  581.0s] CAMERA/LIDAR DISAGREE - lidar=0.83 m  camera=0.44 m  delta=-0.38 m  CAMERA SEES CLOSER - lidar may be missing this obstacle
[  587.0s] CAMERA/LIDAR DISAGREE - lidar=0.83 m  camera=0.44 m  delta=-0.38 m  CAMERA SEES CLOSER - lidar may be missing this obstacle
[  597.0s] CAMERA/LIDAR DISAGREE - lidar=0.82 m  camera=0.44 m  delta=-0.38 m  CAMERA SEES CLOSER - lidar may be missing this obstacle
[  599.0s] CAMERA/LIDAR DISAGREE - lidar=0.83 m  camera=0.44 m  delta=-0.39 m  CAMERA SEES CLOSER - lidar may be missing this obstacle
[  601.5s] CAMERA/LIDAR DISAGREE - lidar=0.77 m  camera=0.44 m  delta=-0.33 m  CAMERA SEES CLOSER - lidar may be missing this obstacle
[  610.0s] CAMERA/LIDAR DISAGREE - lidar=0.77 m  camera=0.44 m  delta=-0.33 m  CAMERA SEES CLOSER - lidar may be missing this obstacle
[  616.0s] CAMERA/LIDAR DISAGREE - lidar=0.82 m  camera=0.44 m  delta=-0.38 m  CAMERA SEES CLOSER - lidar may be missing this obstacle
[  619.0s] CAMERA/LIDAR DISAGREE - lidar=0.82 m  camera=0.44 m  delta=-0.38 m  CAMERA SEES CLOSER - lidar may be missing this obstacle
[  620.0s] CAMERA/LIDAR DISAGREE - lidar=0.82 m  camera=0.44 m  delta=-0.38 m  CAMERA SEES CLOSER - lidar may be missing this obstacle
[  628.5s] CAMERA/LIDAR DISAGREE - lidar=0.83 m  camera=0.44 m  delta=-0.39 m  CAMERA SEES CLOSER - lidar may be missing this obstacle
[  632.0s] CAMERA/LIDAR DISAGREE - lidar=0.79 m  camera=0.44 m  delta=-0.34 m  CAMERA SEES CLOSER - lidar may be missing this obstacle
[  633.5s] CAMERA/LIDAR DISAGREE - lidar=0.83 m  camera=0.44 m  delta=-0.39 m  CAMERA SEES CLOSER - lidar may be missing this obstacle
[  636.0s] CAMERA/LIDAR DISAGREE - lidar=0.83 m  camera=0.44 m  delta=-0.39 m  CAMERA SEES CLOSER - lidar may be missing this obstacle
[  637.5s] CAMERA/LIDAR DISAGREE - lidar=0.89 m  camera=0.44 m  delta=-0.45 m  CAMERA SEES CLOSER - lidar may be missing this obstacle
[  638.0s] CAMERA/LIDAR DISAGREE - lidar=0.89 m  camera=0.44 m  delta=-0.45 m  CAMERA SEES CLOSER - lidar may be missing this obstacle
[  643.5s] CAMERA/LIDAR DISAGREE - lidar=0.75 m  camera=0.44 m  delta=-0.31 m  CAMERA SEES CLOSER - lidar may be missing this obstacle
[  650.0s] CAMERA/LIDAR DISAGREE - lidar=0.90 m  camera=0.44 m  delta=-0.45 m  CAMERA SEES CLOSER - lidar may be missing this obstacle
[  651.5s] CAMERA/LIDAR DISAGREE - lidar=0.90 m  camera=0.44 m  delta=-0.45 m  CAMERA SEES CLOSER - lidar may be missing this obstacle
[  658.5s] CAMERA/LIDAR DISAGREE - lidar=0.90 m  camera=0.44 m  delta=-0.45 m  CAMERA SEES CLOSER - lidar may be missing this obstacle
[  660.5s] CAMERA/LIDAR DISAGREE - lidar=0.90 m  camera=0.44 m  delta=-0.46 m  CAMERA SEES CLOSER - lidar may be missing this obstacle
[  664.5s] CAMERA/LIDAR DISAGREE - lidar=0.90 m  camera=0.44 m  delta=-0.45 m  CAMERA SEES CLOSER - lidar may be missing this obstacle
[  666.5s] CAMERA/LIDAR DISAGREE - lidar=0.77 m  camera=0.44 m  delta=-0.33 m  CAMERA SEES CLOSER - lidar may be missing this obstacle
[  673.0s] CAMERA/LIDAR DISAGREE - lidar=0.90 m  camera=0.44 m  delta=-0.45 m  CAMERA SEES CLOSER - lidar may be missing this obstacle
[  676.5s] CAMERA/LIDAR DISAGREE - lidar=0.90 m  camera=0.44 m  delta=-0.45 m  CAMERA SEES CLOSER - lidar may be missing this obstacle
[  678.5s] CAMERA/LIDAR DISAGREE - lidar=0.90 m  camera=0.44 m  delta=-0.46 m  CAMERA SEES CLOSER - lidar may be missing this obstacle
[  680.5s] CAMERA/LIDAR DISAGREE - lidar=0.79 m  camera=0.44 m  delta=-0.35 m  CAMERA SEES CLOSER - lidar may be missing this obstacle
[  684.0s] CAMERA/LIDAR DISAGREE - lidar=0.90 m  camera=0.44 m  delta=-0.45 m  CAMERA SEES CLOSER - lidar may be missing this obstacle
[  684.5s] CAMERA/LIDAR DISAGREE - lidar=0.90 m  camera=0.44 m  delta=-0.46 m  CAMERA SEES CLOSER - lidar may be missing this obstacle
[  690.5s] CAMERA/LIDAR DISAGREE - lidar=0.90 m  camera=0.44 m  delta=-0.45 m  CAMERA SEES CLOSER - lidar may be missing this obstacle
[  700.5s] CAMERA/LIDAR DISAGREE - lidar=0.84 m  camera=0.32 m  delta=-0.53 m  CAMERA SEES CLOSER - lidar may be missing this obstacle
[  701.5s] CAMERA/LIDAR DISAGREE - lidar=0.64 m  camera=0.39 m  delta=-0.25 m  CAMERA SEES CLOSER - lidar may be missing this obstacle
[  704.0s] CAMERA/LIDAR DISAGREE - lidar=0.74 m  camera=0.39 m  delta=-0.35 m  CAMERA SEES CLOSER - lidar may be missing this obstacle
[  707.0s] CAMERA/LIDAR DISAGREE - lidar=0.74 m  camera=0.39 m  delta=-0.35 m  CAMERA SEES CLOSER - lidar may be missing this obstacle
[  714.5s] CAMERA/LIDAR DISAGREE - lidar=0.64 m  camera=0.40 m  delta=-0.24 m  CAMERA SEES CLOSER - lidar may be missing this obstacle
[  721.0s] CAMERA/LIDAR DISAGREE - lidar=0.88 m  camera=0.40 m  delta=-0.48 m  CAMERA SEES CLOSER - lidar may be missing this obstacle
[  722.0s] CAMERA/LIDAR DISAGREE - lidar=0.63 m  camera=0.40 m  delta=-0.23 m  CAMERA SEES CLOSER - lidar may be missing this obstacle
[  725.5s] CAMERA/LIDAR DISAGREE - lidar=0.67 m  camera=0.40 m  delta=-0.28 m  CAMERA SEES CLOSER - lidar may be missing this obstacle
[  726.5s] CAMERA/LIDAR DISAGREE - lidar=0.64 m  camera=0.40 m  delta=-0.24 m  CAMERA SEES CLOSER - lidar may be missing this obstacle
[  728.5s] CAMERA/LIDAR DISAGREE - lidar=0.75 m  camera=0.40 m  delta=-0.35 m  CAMERA SEES CLOSER - lidar may be missing this obstacle
[  739.0s] CAMERA/LIDAR DISAGREE - lidar=0.88 m  camera=0.40 m  delta=-0.48 m  CAMERA SEES CLOSER - lidar may be missing this obstacle
[  740.0s] CAMERA/LIDAR DISAGREE - lidar=0.88 m  camera=0.40 m  delta=-0.48 m  CAMERA SEES CLOSER - lidar may be missing this obstacle
[  747.5s] CAMERA/LIDAR DISAGREE - lidar=0.65 m  camera=0.40 m  delta=-0.26 m  CAMERA SEES CLOSER - lidar may be missing this obstacle
[  748.5s] CAMERA/LIDAR DISAGREE - lidar=0.88 m  camera=0.40 m  delta=-0.48 m  CAMERA SEES CLOSER - lidar may be missing this obstacle
[  762.0s] CAMERA/LIDAR DISAGREE - lidar=0.88 m  camera=0.40 m  delta=-0.48 m  CAMERA SEES CLOSER - lidar may be missing this obstacle
[  762.5s] CAMERA/LIDAR DISAGREE - lidar=0.75 m  camera=0.40 m  delta=-0.35 m  CAMERA SEES CLOSER - lidar may be missing this obstacle
[  763.5s] CAMERA/LIDAR DISAGREE - lidar=0.70 m  camera=0.40 m  delta=-0.30 m  CAMERA SEES CLOSER - lidar may be missing this obstacle
[  767.5s] CAMERA/LIDAR DISAGREE - lidar=0.71 m  camera=0.40 m  delta=-0.31 m  CAMERA SEES CLOSER - lidar may be missing this obstacle
[  771.0s] CAMERA/LIDAR DISAGREE - lidar=0.75 m  camera=0.40 m  delta=-0.35 m  CAMERA SEES CLOSER - lidar may be missing this obstacle
[  772.5s] CAMERA/LIDAR DISAGREE - lidar=0.65 m  camera=0.40 m  delta=-0.25 m  CAMERA SEES CLOSER - lidar may be missing this obstacle
[  774.0s] CAMERA/LIDAR DISAGREE - lidar=0.70 m  camera=0.40 m  delta=-0.30 m  CAMERA SEES CLOSER - lidar may be missing this obstacle
[  778.5s] CAMERA/LIDAR DISAGREE - lidar=0.88 m  camera=0.40 m  delta=-0.48 m  CAMERA SEES CLOSER - lidar may be missing this obstacle
[  779.5s] CAMERA/LIDAR DISAGREE - lidar=0.66 m  camera=0.40 m  delta=-0.26 m  CAMERA SEES CLOSER - lidar may be missing this obstacle
[  786.0s] CAMERA/LIDAR DISAGREE - lidar=0.61 m  camera=0.40 m  delta=-0.21 m  CAMERA SEES CLOSER - lidar may be missing this obstacle
[  787.5s] CAMERA/LIDAR DISAGREE - lidar=0.88 m  camera=0.40 m  delta=-0.48 m  CAMERA SEES CLOSER - lidar may be missing this obstacle
[  793.0s] CAMERA/LIDAR DISAGREE - lidar=0.63 m  camera=0.40 m  delta=-0.23 m  CAMERA SEES CLOSER - lidar may be missing this obstacle
[  794.5s] CAMERA/LIDAR DISAGREE - lidar=0.75 m  camera=0.40 m  delta=-0.35 m  CAMERA SEES CLOSER - lidar may be missing this obstacle
[  798.5s] CAMERA/LIDAR DISAGREE - lidar=0.74 m  camera=0.40 m  delta=-0.34 m  CAMERA SEES CLOSER - lidar may be missing this obstacle
[  802.0s] CAMERA/LIDAR DISAGREE - lidar=0.71 m  camera=0.40 m  delta=-0.31 m  CAMERA SEES CLOSER - lidar may be missing this obstacle
[  803.0s] CAMERA/LIDAR DISAGREE - lidar=0.74 m  camera=0.40 m  delta=-0.35 m  CAMERA SEES CLOSER - lidar may be missing this obstacle
[  804.0s] CAMERA/LIDAR DISAGREE - lidar=0.75 m  camera=0.40 m  delta=-0.35 m  CAMERA SEES CLOSER - lidar may be missing this obstacle
[  808.0s] CAMERA/LIDAR DISAGREE - lidar=0.74 m  camera=0.40 m  delta=-0.34 m  CAMERA SEES CLOSER - lidar may be missing this obstacle
[  810.5s] CAMERA/LIDAR DISAGREE - lidar=0.75 m  camera=0.40 m  delta=-0.35 m  CAMERA SEES CLOSER - lidar may be missing this obstacle
[  814.5s] CAMERA/LIDAR DISAGREE - lidar=0.75 m  camera=0.40 m  delta=-0.35 m  CAMERA SEES CLOSER - lidar may be missing this obstacle
[  815.0s] CAMERA/LIDAR DISAGREE - lidar=0.64 m  camera=0.40 m  delta=-0.24 m  CAMERA SEES CLOSER - lidar may be missing this obstacle
[  820.5s] CAMERA/LIDAR DISAGREE - lidar=0.74 m  camera=0.40 m  delta=-0.34 m  CAMERA SEES CLOSER - lidar may be missing this obstacle
[  822.5s] CAMERA/LIDAR DISAGREE - lidar=0.63 m  camera=0.40 m  delta=-0.23 m  CAMERA SEES CLOSER - lidar may be missing this obstacle
[  831.0s] CAMERA/LIDAR DISAGREE - lidar=0.75 m  camera=0.40 m  delta=-0.35 m  CAMERA SEES CLOSER - lidar may be missing this obstacle
[  834.5s] CAMERA/LIDAR DISAGREE - lidar=0.66 m  camera=0.40 m  delta=-0.26 m  CAMERA SEES CLOSER - lidar may be missing this obstacle
[  836.5s] CAMERA/LIDAR DISAGREE - lidar=0.72 m  camera=0.52 m  delta=-0.20 m  CAMERA SEES CLOSER - lidar may be missing this obstacle
[  847.5s] CAMERA/LIDAR DISAGREE - lidar=0.84 m  camera=0.53 m  delta=-0.31 m  CAMERA SEES CLOSER - lidar may be missing this obstacle
[  849.5s] CAMERA/LIDAR DISAGREE - lidar=0.87 m  camera=0.53 m  delta=-0.34 m  CAMERA SEES CLOSER - lidar may be missing this obstacle
[  852.0s] CAMERA/LIDAR DISAGREE - lidar=0.77 m  camera=0.53 m  delta=-0.24 m  CAMERA SEES CLOSER - lidar may be missing this obstacle
[  854.5s] CAMERA/LIDAR DISAGREE - lidar=1.00 m  camera=0.53 m  delta=-0.47 m  CAMERA SEES CLOSER - lidar may be missing this obstacle
[  855.5s] CAMERA/LIDAR DISAGREE - lidar=0.85 m  camera=0.53 m  delta=-0.32 m  CAMERA SEES CLOSER - lidar may be missing this obstacle
[  860.5s] CAMERA/LIDAR DISAGREE - lidar=0.85 m  camera=0.53 m  delta=-0.32 m  CAMERA SEES CLOSER - lidar may be missing this obstacle
[  862.5s] CAMERA/LIDAR DISAGREE - lidar=0.83 m  camera=0.53 m  delta=-0.31 m  CAMERA SEES CLOSER - lidar may be missing this obstacle
[  863.0s] CAMERA/LIDAR DISAGREE - lidar=1.00 m  camera=0.53 m  delta=-0.47 m  CAMERA SEES CLOSER - lidar may be missing this obstacle
[  865.0s] CAMERA/LIDAR DISAGREE - lidar=0.82 m  camera=0.53 m  delta=-0.30 m  CAMERA SEES CLOSER - lidar may be missing this obstacle
[  866.9s] BLOCK #1 - auto-stop fired at 0.37 m
[  868.9s] CLEAR - motion allowed again
[  876.6s] BLOCK #2 - auto-stop fired at 0.11 m
[  881.5s] CLEAR - motion allowed again
[  885.0s] CAMERA/LIDAR DISAGREE - lidar=0.84 m  camera=0.53 m  delta=-0.31 m  CAMERA SEES CLOSER - lidar may be missing this obstacle
[  887.0s] CAMERA/LIDAR DISAGREE - lidar=0.81 m  camera=0.53 m  delta=-0.28 m  CAMERA SEES CLOSER - lidar may be missing this obstacle
[  887.5s] CAMERA/LIDAR DISAGREE - lidar=1.00 m  camera=0.53 m  delta=-0.47 m  CAMERA SEES CLOSER - lidar may be missing this obstacle
[  892.0s] CAMERA/LIDAR DISAGREE - lidar=0.87 m  camera=0.53 m  delta=-0.34 m  CAMERA SEES CLOSER - lidar may be missing this obstacle
[  893.7s] BLOCK #3 - auto-stop fired at 0.10 m
[  895.5s] CLEAR - motion allowed again
[  896.0s] CAMERA/LIDAR DISAGREE - lidar=0.75 m  camera=0.53 m  delta=-0.22 m  CAMERA SEES CLOSER - lidar may be missing this obstacle
[  896.5s] CAMERA/LIDAR DISAGREE - lidar=0.85 m  camera=0.53 m  delta=-0.32 m  CAMERA SEES CLOSER - lidar may be missing this obstacle
[  900.5s] CAMERA/LIDAR DISAGREE - lidar=0.86 m  camera=0.53 m  delta=-0.33 m  CAMERA SEES CLOSER - lidar may be missing this obstacle
[  902.0s] CAMERA/LIDAR DISAGREE - lidar=0.77 m  camera=0.53 m  delta=-0.24 m  CAMERA SEES CLOSER - lidar may be missing this obstacle
[  906.0s] CAMERA/LIDAR DISAGREE - lidar=0.87 m  camera=0.53 m  delta=-0.34 m  CAMERA SEES CLOSER - lidar may be missing this obstacle
[  907.0s] CAMERA/LIDAR DISAGREE - lidar=0.86 m  camera=0.53 m  delta=-0.33 m  CAMERA SEES CLOSER - lidar may be missing this obstacle
[  908.5s] CAMERA/LIDAR DISAGREE - lidar=0.83 m  camera=0.53 m  delta=-0.30 m  CAMERA SEES CLOSER - lidar may be missing this obstacle
[  909.0s] CAMERA/LIDAR DISAGREE - lidar=0.86 m  camera=0.53 m  delta=-0.33 m  CAMERA SEES CLOSER - lidar may be missing this obstacle
[  916.0s] CAMERA/LIDAR DISAGREE - lidar=0.84 m  camera=0.53 m  delta=-0.32 m  CAMERA SEES CLOSER - lidar may be missing this obstacle
[  916.5s] CAMERA/LIDAR DISAGREE - lidar=0.86 m  camera=0.53 m  delta=-0.33 m  CAMERA SEES CLOSER - lidar may be missing this obstacle
[  918.0s] CAMERA/LIDAR DISAGREE - lidar=1.00 m  camera=0.53 m  delta=-0.47 m  CAMERA SEES CLOSER - lidar may be missing this obstacle
[  921.0s] CAMERA/LIDAR DISAGREE - lidar=0.86 m  camera=0.53 m  delta=-0.33 m  CAMERA SEES CLOSER - lidar may be missing this obstacle
[  924.5s] CAMERA/LIDAR DISAGREE - lidar=0.86 m  camera=0.53 m  delta=-0.33 m  CAMERA SEES CLOSER - lidar may be missing this obstacle
[  931.0s] CAMERA/LIDAR DISAGREE - lidar=1.01 m  camera=0.53 m  delta=-0.48 m  CAMERA SEES CLOSER - lidar may be missing this obstacle
[  934.5s] CAMERA/LIDAR DISAGREE - lidar=0.76 m  camera=0.53 m  delta=-0.23 m  CAMERA SEES CLOSER - lidar may be missing this obstacle
[  935.0s] CAMERA/LIDAR DISAGREE - lidar=0.85 m  camera=0.53 m  delta=-0.32 m  CAMERA SEES CLOSER - lidar may be missing this obstacle
[  936.0s] CAMERA/LIDAR DISAGREE - lidar=0.85 m  camera=0.53 m  delta=-0.32 m  CAMERA SEES CLOSER - lidar may be missing this obstacle
[  938.5s] CAMERA/LIDAR DISAGREE - lidar=1.00 m  camera=0.53 m  delta=-0.48 m  CAMERA SEES CLOSER - lidar may be missing this obstacle
[  941.0s] CAMERA/LIDAR DISAGREE - lidar=0.86 m  camera=0.53 m  delta=-0.33 m  CAMERA SEES CLOSER - lidar may be missing this obstacle
[  946.0s] CAMERA/LIDAR DISAGREE - lidar=1.00 m  camera=0.53 m  delta=-0.47 m  CAMERA SEES CLOSER - lidar may be missing this obstacle
[  948.5s] CAMERA/LIDAR DISAGREE - lidar=0.83 m  camera=0.53 m  delta=-0.30 m  CAMERA SEES CLOSER - lidar may be missing this obstacle
[  951.0s] CAMERA/LIDAR DISAGREE - lidar=0.85 m  camera=0.53 m  delta=-0.32 m  CAMERA SEES CLOSER - lidar may be missing this obstacle
[  951.5s] CAMERA/LIDAR DISAGREE - lidar=1.00 m  camera=0.53 m  delta=-0.47 m  CAMERA SEES CLOSER - lidar may be missing this obstacle
[  952.5s] CAMERA/LIDAR DISAGREE - lidar=0.87 m  camera=0.53 m  delta=-0.34 m  CAMERA SEES CLOSER - lidar may be missing this obstacle
[  953.5s] CAMERA/LIDAR DISAGREE - lidar=0.86 m  camera=0.53 m  delta=-0.33 m  CAMERA SEES CLOSER - lidar may be missing this obstacle
[  955.5s] CAMERA/LIDAR DISAGREE - lidar=0.83 m  camera=0.53 m  delta=-0.31 m  CAMERA SEES CLOSER - lidar may be missing this obstacle
[  960.0s] CAMERA/LIDAR DISAGREE - lidar=0.87 m  camera=0.53 m  delta=-0.34 m  CAMERA SEES CLOSER - lidar may be missing this obstacle
[  961.5s] CAMERA/LIDAR DISAGREE - lidar=1.01 m  camera=0.53 m  delta=-0.48 m  CAMERA SEES CLOSER - lidar may be missing this obstacle
[  968.5s] CAMERA/LIDAR DISAGREE - lidar=1.00 m  camera=0.53 m  delta=-0.48 m  CAMERA SEES CLOSER - lidar may be missing this obstacle
[  970.5s] CAMERA/LIDAR DISAGREE - lidar=0.85 m  camera=0.53 m  delta=-0.33 m  CAMERA SEES CLOSER - lidar may be missing this obstacle
[  971.0s] CAMERA/LIDAR DISAGREE - lidar=1.01 m  camera=0.53 m  delta=-0.48 m  CAMERA SEES CLOSER - lidar may be missing this obstacle
[  972.5s] CAMERA/LIDAR DISAGREE - lidar=1.00 m  camera=0.53 m  delta=-0.47 m  CAMERA SEES CLOSER - lidar may be missing this obstacle
[  973.0s] CAMERA/LIDAR DISAGREE - lidar=1.00 m  camera=0.53 m  delta=-0.47 m  CAMERA SEES CLOSER - lidar may be missing this obstacle
[  976.0s] CAMERA/LIDAR DISAGREE - lidar=0.75 m  camera=0.53 m  delta=-0.22 m  CAMERA SEES CLOSER - lidar may be missing this obstacle
[  980.0s] CAMERA/LIDAR DISAGREE - lidar=0.75 m  camera=0.53 m  delta=-0.22 m  CAMERA SEES CLOSER - lidar may be missing this obstacle
[  985.0s] CAMERA/LIDAR DISAGREE - lidar=0.83 m  camera=0.53 m  delta=-0.30 m  CAMERA SEES CLOSER - lidar may be missing this obstacle
[  987.0s] CAMERA/LIDAR DISAGREE - lidar=1.01 m  camera=0.53 m  delta=-0.48 m  CAMERA SEES CLOSER - lidar may be missing this obstacle
[  989.0s] CAMERA/LIDAR DISAGREE - lidar=0.87 m  camera=0.53 m  delta=-0.34 m  CAMERA SEES CLOSER - lidar may be missing this obstacle
[  990.5s] CAMERA/LIDAR DISAGREE - lidar=0.86 m  camera=0.53 m  delta=-0.33 m  CAMERA SEES CLOSER - lidar may be missing this obstacle
[  995.0s] CAMERA/LIDAR DISAGREE - lidar=1.00 m  camera=0.53 m  delta=-0.47 m  CAMERA SEES CLOSER - lidar may be missing this obstacle
[ 1002.0s] CAMERA/LIDAR DISAGREE - lidar=0.83 m  camera=0.53 m  delta=-0.30 m  CAMERA SEES CLOSER - lidar may be missing this obstacle
[ 1003.0s] CAMERA/LIDAR DISAGREE - lidar=0.86 m  camera=0.53 m  delta=-0.33 m  CAMERA SEES CLOSER - lidar may be missing this obstacle
[ 1005.5s] CAMERA/LIDAR DISAGREE - lidar=1.01 m  camera=0.53 m  delta=-0.48 m  CAMERA SEES CLOSER - lidar may be missing this obstacle
[ 1008.0s] CAMERA/LIDAR DISAGREE - lidar=1.01 m  camera=0.53 m  delta=-0.48 m  CAMERA SEES CLOSER - lidar may be missing this obstacle
[ 1013.0s] CAMERA/LIDAR DISAGREE - lidar=1.00 m  camera=0.53 m  delta=-0.47 m  CAMERA SEES CLOSER - lidar may be missing this obstacle
[ 1016.5s] CAMERA/LIDAR DISAGREE - lidar=0.87 m  camera=0.53 m  delta=-0.34 m  CAMERA SEES CLOSER - lidar may be missing this obstacle
[ 1018.5s] CAMERA/LIDAR DISAGREE - lidar=0.83 m  camera=0.53 m  delta=-0.30 m  CAMERA SEES CLOSER - lidar may be missing this obstacle
[ 1019.0s] CAMERA/LIDAR DISAGREE - lidar=0.85 m  camera=0.53 m  delta=-0.32 m  CAMERA SEES CLOSER - lidar may be missing this obstacle
[ 1020.0s] CAMERA/LIDAR DISAGREE - lidar=0.87 m  camera=0.53 m  delta=-0.34 m  CAMERA SEES CLOSER - lidar may be missing this obstacle
[ 1021.5s] CAMERA/LIDAR DISAGREE - lidar=1.01 m  camera=0.53 m  delta=-0.48 m  CAMERA SEES CLOSER - lidar may be missing this obstacle
[ 1025.5s] CAMERA/LIDAR DISAGREE - lidar=0.83 m  camera=0.53 m  delta=-0.30 m  CAMERA SEES CLOSER - lidar may be missing this obstacle
[ 1029.5s] CAMERA/LIDAR DISAGREE - lidar=1.00 m  camera=0.53 m  delta=-0.47 m  CAMERA SEES CLOSER - lidar may be missing this obstacle
[ 1031.0s] CAMERA/LIDAR DISAGREE - lidar=1.00 m  camera=0.53 m  delta=-0.47 m  CAMERA SEES CLOSER - lidar may be missing this obstacle
[ 1035.0s] CAMERA/LIDAR DISAGREE - lidar=1.00 m  camera=0.53 m  delta=-0.48 m  CAMERA SEES CLOSER - lidar may be missing this obstacle
[ 1037.5s] CAMERA/LIDAR DISAGREE - lidar=1.01 m  camera=0.53 m  delta=-0.48 m  CAMERA SEES CLOSER - lidar may be missing this obstacle
[ 1040.0s] CAMERA/LIDAR DISAGREE - lidar=0.84 m  camera=0.53 m  delta=-0.31 m  CAMERA SEES CLOSER - lidar may be missing this obstacle
[ 1042.0s] CAMERA/LIDAR DISAGREE - lidar=1.00 m  camera=0.53 m  delta=-0.47 m  CAMERA SEES CLOSER - lidar may be missing this obstacle
[ 1044.5s] CAMERA/LIDAR DISAGREE - lidar=1.00 m  camera=0.53 m  delta=-0.47 m  CAMERA SEES CLOSER - lidar may be missing this obstacle
[ 1048.0s] CAMERA/LIDAR DISAGREE - lidar=0.75 m  camera=0.53 m  delta=-0.22 m  CAMERA SEES CLOSER - lidar may be missing this obstacle
[ 1049.0s] CAMERA/LIDAR DISAGREE - lidar=1.01 m  camera=0.53 m  delta=-0.48 m  CAMERA SEES CLOSER - lidar may be missing this obstacle
[ 1049.5s] CAMERA/LIDAR DISAGREE - lidar=1.00 m  camera=0.53 m  delta=-0.47 m  CAMERA SEES CLOSER - lidar may be missing this obstacle
[ 1051.0s] CAMERA/LIDAR DISAGREE - lidar=0.87 m  camera=0.53 m  delta=-0.34 m  CAMERA SEES CLOSER - lidar may be missing this obstacle
[ 1052.0s] CAMERA/LIDAR DISAGREE - lidar=0.86 m  camera=0.53 m  delta=-0.33 m  CAMERA SEES CLOSER - lidar may be missing this obstacle
[ 1063.5s] CAMERA/LIDAR DISAGREE - lidar=0.87 m  camera=0.53 m  delta=-0.34 m  CAMERA SEES CLOSER - lidar may be missing this obstacle
[ 1068.5s] CAMERA/LIDAR DISAGREE - lidar=0.79 m  camera=0.53 m  delta=-0.26 m  CAMERA SEES CLOSER - lidar may be missing this obstacle
[ 1072.5s] CAMERA/LIDAR DISAGREE - lidar=0.75 m  camera=0.53 m  delta=-0.22 m  CAMERA SEES CLOSER - lidar may be missing this obstacle
[ 1075.5s] CAMERA/LIDAR DISAGREE - lidar=0.81 m  camera=0.53 m  delta=-0.28 m  CAMERA SEES CLOSER - lidar may be missing this obstacle
[ 1076.5s] CAMERA/LIDAR DISAGREE - lidar=0.86 m  camera=0.53 m  delta=-0.33 m  CAMERA SEES CLOSER - lidar may be missing this obstacle
[ 1086.0s] CAMERA/LIDAR DISAGREE - lidar=0.85 m  camera=0.53 m  delta=-0.32 m  CAMERA SEES CLOSER - lidar may be missing this obstacle
[ 1087.0s] CAMERA/LIDAR DISAGREE - lidar=0.85 m  camera=0.53 m  delta=-0.32 m  CAMERA SEES CLOSER - lidar may be missing this obstacle
[ 1087.5s] CAMERA/LIDAR DISAGREE - lidar=0.87 m  camera=0.53 m  delta=-0.34 m  CAMERA SEES CLOSER - lidar may be missing this obstacle
[ 1091.0s] CAMERA/LIDAR DISAGREE - lidar=0.86 m  camera=0.53 m  delta=-0.33 m  CAMERA SEES CLOSER - lidar may be missing this obstacle
[ 1093.0s] CAMERA/LIDAR DISAGREE - lidar=0.85 m  camera=0.53 m  delta=-0.33 m  CAMERA SEES CLOSER - lidar may be missing this obstacle
[ 1093.5s] CAMERA/LIDAR DISAGREE - lidar=0.87 m  camera=0.53 m  delta=-0.34 m  CAMERA SEES CLOSER - lidar may be missing this obstacle
[ 1094.5s] CAMERA/LIDAR DISAGREE - lidar=1.00 m  camera=0.53 m  delta=-0.47 m  CAMERA SEES CLOSER - lidar may be missing this obstacle
[ 1099.5s] CAMERA/LIDAR DISAGREE - lidar=0.85 m  camera=0.53 m  delta=-0.32 m  CAMERA SEES CLOSER - lidar may be missing this obstacle
[ 1103.0s] CAMERA/LIDAR DISAGREE - lidar=0.78 m  camera=0.53 m  delta=-0.25 m  CAMERA SEES CLOSER - lidar may be missing this obstacle
[ 1104.5s] CAMERA/LIDAR DISAGREE - lidar=0.81 m  camera=0.53 m  delta=-0.28 m  CAMERA SEES CLOSER - lidar may be missing this obstacle
[ 1105.5s] CAMERA/LIDAR DISAGREE - lidar=0.87 m  camera=0.53 m  delta=-0.34 m  CAMERA SEES CLOSER - lidar may be missing this obstacle
[ 1108.5s] CAMERA/LIDAR DISAGREE - lidar=1.01 m  camera=0.53 m  delta=-0.48 m  CAMERA SEES CLOSER - lidar may be missing this obstacle
[ 1109.5s] CAMERA/LIDAR DISAGREE - lidar=0.85 m  camera=0.53 m  delta=-0.32 m  CAMERA SEES CLOSER - lidar may be missing this obstacle
[ 1111.5s] CAMERA/LIDAR DISAGREE - lidar=0.87 m  camera=0.53 m  delta=-0.34 m  CAMERA SEES CLOSER - lidar may be missing this obstacle
[ 1115.5s] CAMERA/LIDAR DISAGREE - lidar=0.82 m  camera=0.53 m  delta=-0.29 m  CAMERA SEES CLOSER - lidar may be missing this obstacle
[ 1119.0s] CAMERA/LIDAR DISAGREE - lidar=0.86 m  camera=0.53 m  delta=-0.33 m  CAMERA SEES CLOSER - lidar may be missing this obstacle
[ 1123.5s] CAMERA/LIDAR DISAGREE - lidar=0.87 m  camera=0.53 m  delta=-0.34 m  CAMERA SEES CLOSER - lidar may be missing this obstacle
[ 1124.0s] CAMERA/LIDAR DISAGREE - lidar=0.87 m  camera=0.53 m  delta=-0.34 m  CAMERA SEES CLOSER - lidar may be missing this obstacle
[ 1130.0s] CAMERA/LIDAR DISAGREE - lidar=1.00 m  camera=0.53 m  delta=-0.48 m  CAMERA SEES CLOSER - lidar may be missing this obstacle
[ 1131.0s] CAMERA/LIDAR DISAGREE - lidar=0.87 m  camera=0.53 m  delta=-0.34 m  CAMERA SEES CLOSER - lidar may be missing this obstacle
[ 1138.5s] CAMERA/LIDAR DISAGREE - lidar=0.84 m  camera=0.53 m  delta=-0.31 m  CAMERA SEES CLOSER - lidar may be missing this obstacle
[ 1140.0s] CAMERA/LIDAR DISAGREE - lidar=1.01 m  camera=0.53 m  delta=-0.48 m  CAMERA SEES CLOSER - lidar may be missing this obstacle
[ 1141.0s] CAMERA/LIDAR DISAGREE - lidar=1.00 m  camera=0.53 m  delta=-0.47 m  CAMERA SEES CLOSER - lidar may be missing this obstacle
[ 1142.5s] CAMERA/LIDAR DISAGREE - lidar=1.01 m  camera=0.53 m  delta=-0.48 m  CAMERA SEES CLOSER - lidar may be missing this obstacle
[ 1143.0s] CAMERA/LIDAR DISAGREE - lidar=0.85 m  camera=0.53 m  delta=-0.32 m  CAMERA SEES CLOSER - lidar may be missing this obstacle
[ 1144.5s] CAMERA/LIDAR DISAGREE - lidar=0.86 m  camera=0.53 m  delta=-0.33 m  CAMERA SEES CLOSER - lidar may be missing this obstacle
[ 1146.0s] CAMERA/LIDAR DISAGREE - lidar=0.85 m  camera=0.53 m  delta=-0.32 m  CAMERA SEES CLOSER - lidar may be missing this obstacle
[ 1149.0s] CAMERA/LIDAR DISAGREE - lidar=0.77 m  camera=0.53 m  delta=-0.24 m  CAMERA SEES CLOSER - lidar may be missing this obstacle
[ 1154.0s] CAMERA/LIDAR DISAGREE - lidar=0.86 m  camera=0.53 m  delta=-0.34 m  CAMERA SEES CLOSER - lidar may be missing this obstacle
[ 1155.0s] CAMERA/LIDAR DISAGREE - lidar=1.00 m  camera=0.53 m  delta=-0.47 m  CAMERA SEES CLOSER - lidar may be missing this obstacle
[ 1156.0s] CAMERA/LIDAR DISAGREE - lidar=0.75 m  camera=0.53 m  delta=-0.22 m  CAMERA SEES CLOSER - lidar may be missing this obstacle
[ 1158.0s] CAMERA/LIDAR DISAGREE - lidar=1.00 m  camera=0.53 m  delta=-0.47 m  CAMERA SEES CLOSER - lidar may be missing this obstacle
[ 1160.0s] CAMERA/LIDAR DISAGREE - lidar=1.00 m  camera=0.53 m  delta=-0.47 m  CAMERA SEES CLOSER - lidar may be missing this obstacle
[ 1161.0s] CAMERA/LIDAR DISAGREE - lidar=1.01 m  camera=0.53 m  delta=-0.48 m  CAMERA SEES CLOSER - lidar may be missing this obstacle
[ 1162.0s] CAMERA/LIDAR DISAGREE - lidar=0.86 m  camera=0.53 m  delta=-0.33 m  CAMERA SEES CLOSER - lidar may be missing this obstacle
[ 1164.0s] CAMERA/LIDAR DISAGREE - lidar=0.87 m  camera=0.53 m  delta=-0.34 m  CAMERA SEES CLOSER - lidar may be missing this obstacle
[ 1167.5s] CAMERA/LIDAR DISAGREE - lidar=0.86 m  camera=0.53 m  delta=-0.34 m  CAMERA SEES CLOSER - lidar may be missing this obstacle
[ 1172.0s] CAMERA/LIDAR DISAGREE - lidar=0.86 m  camera=0.53 m  delta=-0.33 m  CAMERA SEES CLOSER - lidar may be missing this obstacle
[ 1172.5s] CAMERA/LIDAR DISAGREE - lidar=0.86 m  camera=0.53 m  delta=-0.33 m  CAMERA SEES CLOSER - lidar may be missing this obstacle
[ 1176.5s] CAMERA/LIDAR DISAGREE - lidar=0.87 m  camera=0.53 m  delta=-0.34 m  CAMERA SEES CLOSER - lidar may be missing this obstacle
[ 1180.5s] CAMERA/LIDAR DISAGREE - lidar=1.11 m  camera=0.55 m  delta=-0.56 m  CAMERA SEES CLOSER - lidar may be missing this obstacle
[ 1182.5s] CAMERA/LIDAR DISAGREE - lidar=0.86 m  camera=0.55 m  delta=-0.31 m  CAMERA SEES CLOSER - lidar may be missing this obstacle
[ 1184.5s] CAMERA/LIDAR DISAGREE - lidar=0.84 m  camera=0.55 m  delta=-0.29 m  CAMERA SEES CLOSER - lidar may be missing this obstacle
[ 1188.0s] CAMERA/LIDAR DISAGREE - lidar=0.87 m  camera=0.55 m  delta=-0.32 m  CAMERA SEES CLOSER - lidar may be missing this obstacle
[ 1194.5s] CAMERA/LIDAR DISAGREE - lidar=0.86 m  camera=0.55 m  delta=-0.31 m  CAMERA SEES CLOSER - lidar may be missing this obstacle
[ 1197.5s] CAMERA/LIDAR DISAGREE - lidar=0.88 m  camera=0.55 m  delta=-0.33 m  CAMERA SEES CLOSER - lidar may be missing this obstacle
[ 1200.5s] CAMERA/LIDAR DISAGREE - lidar=0.83 m  camera=0.55 m  delta=-0.28 m  CAMERA SEES CLOSER - lidar may be missing this obstacle
[ 1202.5s] CAMERA/LIDAR DISAGREE - lidar=1.12 m  camera=0.55 m  delta=-0.57 m  CAMERA SEES CLOSER - lidar may be missing this obstacle
[ 1203.5s] CAMERA/LIDAR DISAGREE - lidar=0.82 m  camera=0.55 m  delta=-0.27 m  CAMERA SEES CLOSER - lidar may be missing this obstacle
[ 1209.0s] CAMERA/LIDAR DISAGREE - lidar=0.83 m  camera=0.55 m  delta=-0.28 m  CAMERA SEES CLOSER - lidar may be missing this obstacle
[ 1214.0s] CAMERA/LIDAR DISAGREE - lidar=0.83 m  camera=0.55 m  delta=-0.28 m  CAMERA SEES CLOSER - lidar may be missing this obstacle
[ 1217.5s] CAMERA/LIDAR DISAGREE - lidar=0.88 m  camera=0.55 m  delta=-0.33 m  CAMERA SEES CLOSER - lidar may be missing this obstacle
[ 1219.5s] CAMERA/LIDAR DISAGREE - lidar=1.11 m  camera=0.55 m  delta=-0.56 m  CAMERA SEES CLOSER - lidar may be missing this obstacle
[ 1227.5s] CAMERA/LIDAR DISAGREE - lidar=1.12 m  camera=0.55 m  delta=-0.57 m  CAMERA SEES CLOSER - lidar may be missing this obstacle
[ 1238.0s] CAMERA/LIDAR DISAGREE - lidar=0.85 m  camera=0.55 m  delta=-0.30 m  CAMERA SEES CLOSER - lidar may be missing this obstacle
[ 1239.5s] CAMERA/LIDAR DISAGREE - lidar=1.11 m  camera=0.55 m  delta=-0.56 m  CAMERA SEES CLOSER - lidar may be missing this obstacle
[ 1245.5s] CAMERA/LIDAR DISAGREE - lidar=0.88 m  camera=0.55 m  delta=-0.33 m  CAMERA SEES CLOSER - lidar may be missing this obstacle
[ 1252.3s] BLOCK #4 - auto-stop fired at 0.11 m
[ 1254.5s] CAMERA/LIDAR DISAGREE - lidar=1.11 m  camera=0.55 m  delta=-0.56 m  CAMERA SEES CLOSER - lidar may be missing this obstacle
[ 1257.5s] CLEAR - motion allowed again
[ 1260.4s] BLOCK #5 - auto-stop fired at 0.11 m
[ 1262.2s] CLEAR - motion allowed again
[ 1265.5s] BLOCK #6 - auto-stop fired at 0.30 m
[ 1267.1s] CLEAR - motion allowed again
[ 1267.4s] BLOCK #7 - auto-stop fired at 0.11 m
[ 1267.6s] CLEAR - motion allowed again
[ 1276.5s] CAMERA/LIDAR DISAGREE - lidar=0.87 m  camera=0.55 m  delta=-0.32 m  CAMERA SEES CLOSER - lidar may be missing this obstacle
[ 1277.0s] CAMERA/LIDAR DISAGREE - lidar=0.84 m  camera=0.55 m  delta=-0.29 m  CAMERA SEES CLOSER - lidar may be missing this obstacle
[ 1280.5s] CAMERA/LIDAR DISAGREE - lidar=1.12 m  camera=0.55 m  delta=-0.57 m  CAMERA SEES CLOSER - lidar may be missing this obstacle
[ 1283.5s] CAMERA/LIDAR DISAGREE - lidar=1.12 m  camera=0.55 m  delta=-0.57 m  CAMERA SEES CLOSER - lidar may be missing this obstacle
[ 1285.5s] CAMERA/LIDAR DISAGREE - lidar=0.87 m  camera=0.55 m  delta=-0.32 m  CAMERA SEES CLOSER - lidar may be missing this obstacle
[ 1289.5s] CAMERA/LIDAR DISAGREE - lidar=1.12 m  camera=0.55 m  delta=-0.57 m  CAMERA SEES CLOSER - lidar may be missing this obstacle
[ 1290.5s] CAMERA/LIDAR DISAGREE - lidar=1.12 m  camera=0.55 m  delta=-0.57 m  CAMERA SEES CLOSER - lidar may be missing this obstacle
[ 1291.0s] CAMERA/LIDAR DISAGREE - lidar=0.86 m  camera=0.55 m  delta=-0.31 m  CAMERA SEES CLOSER - lidar may be missing this obstacle
[ 1298.0s] CAMERA/LIDAR DISAGREE - lidar=1.12 m  camera=0.55 m  delta=-0.57 m  CAMERA SEES CLOSER - lidar may be missing this obstacle
[ 1300.5s] CAMERA/LIDAR DISAGREE - lidar=0.87 m  camera=0.55 m  delta=-0.32 m  CAMERA SEES CLOSER - lidar may be missing this obstacle
[ 1302.5s] CAMERA/LIDAR DISAGREE - lidar=1.12 m  camera=0.55 m  delta=-0.57 m  CAMERA SEES CLOSER - lidar may be missing this obstacle
[ 1303.0s] CAMERA/LIDAR DISAGREE - lidar=0.86 m  camera=0.55 m  delta=-0.31 m  CAMERA SEES CLOSER - lidar may be missing this obstacle
[ 1307.0s] CAMERA/LIDAR DISAGREE - lidar=0.83 m  camera=0.55 m  delta=-0.28 m  CAMERA SEES CLOSER - lidar may be missing this obstacle
[ 1308.5s] CAMERA/LIDAR DISAGREE - lidar=1.11 m  camera=0.55 m  delta=-0.56 m  CAMERA SEES CLOSER - lidar may be missing this obstacle
[ 1311.0s] CAMERA/LIDAR DISAGREE - lidar=0.88 m  camera=0.55 m  delta=-0.33 m  CAMERA SEES CLOSER - lidar may be missing this obstacle
[ 1313.0s] CAMERA/LIDAR DISAGREE - lidar=0.86 m  camera=0.55 m  delta=-0.31 m  CAMERA SEES CLOSER - lidar may be missing this obstacle
[ 1314.5s] CAMERA/LIDAR DISAGREE - lidar=0.88 m  camera=0.55 m  delta=-0.33 m  CAMERA SEES CLOSER - lidar may be missing this obstacle
[ 1317.0s] CAMERA/LIDAR DISAGREE - lidar=1.11 m  camera=0.55 m  delta=-0.56 m  CAMERA SEES CLOSER - lidar may be missing this obstacle
[ 1320.5s] CAMERA/LIDAR DISAGREE - lidar=1.12 m  camera=0.55 m  delta=-0.57 m  CAMERA SEES CLOSER - lidar may be missing this obstacle
[ 1326.5s] CAMERA/LIDAR DISAGREE - lidar=1.11 m  camera=0.55 m  delta=-0.56 m  CAMERA SEES CLOSER - lidar may be missing this obstacle
[ 1329.5s] CAMERA/LIDAR DISAGREE - lidar=0.87 m  camera=0.55 m  delta=-0.33 m  CAMERA SEES CLOSER - lidar may be missing this obstacle
[ 1331.0s] CAMERA/LIDAR DISAGREE - lidar=0.88 m  camera=0.55 m  delta=-0.33 m  CAMERA SEES CLOSER - lidar may be missing this obstacle
[ 1342.5s] CAMERA/LIDAR DISAGREE - lidar=0.88 m  camera=0.55 m  delta=-0.33 m  CAMERA SEES CLOSER - lidar may be missing this obstacle
[ 1343.0s] CAMERA/LIDAR DISAGREE - lidar=1.11 m  camera=0.55 m  delta=-0.56 m  CAMERA SEES CLOSER - lidar may be missing this obstacle
[ 1353.0s] CAMERA/LIDAR DISAGREE - lidar=0.87 m  camera=0.55 m  delta=-0.32 m  CAMERA SEES CLOSER - lidar may be missing this obstacle
[ 1355.0s] CAMERA/LIDAR DISAGREE - lidar=1.11 m  camera=0.55 m  delta=-0.56 m  CAMERA SEES CLOSER - lidar may be missing this obstacle
[ 1356.0s] CAMERA/LIDAR DISAGREE - lidar=0.87 m  camera=0.55 m  delta=-0.32 m  CAMERA SEES CLOSER - lidar may be missing this obstacle
[ 1359.0s] CAMERA/LIDAR DISAGREE - lidar=0.87 m  camera=0.55 m  delta=-0.32 m  CAMERA SEES CLOSER - lidar may be missing this obstacle
[ 1360.5s] CAMERA/LIDAR DISAGREE - lidar=0.81 m  camera=0.55 m  delta=-0.26 m  CAMERA SEES CLOSER - lidar may be missing this obstacle
[ 1362.5s] CAMERA/LIDAR DISAGREE - lidar=1.11 m  camera=0.55 m  delta=-0.56 m  CAMERA SEES CLOSER - lidar may be missing this obstacle
[ 1367.0s] CAMERA/LIDAR DISAGREE - lidar=0.87 m  camera=0.55 m  delta=-0.32 m  CAMERA SEES CLOSER - lidar may be missing this obstacle
[ 1367.5s] CAMERA/LIDAR DISAGREE - lidar=0.81 m  camera=0.55 m  delta=-0.26 m  CAMERA SEES CLOSER - lidar may be missing this obstacle
[ 1369.5s] CAMERA/LIDAR DISAGREE - lidar=0.87 m  camera=0.55 m  delta=-0.32 m  CAMERA SEES CLOSER - lidar may be missing this obstacle
[ 1376.0s] CAMERA/LIDAR DISAGREE - lidar=0.87 m  camera=0.55 m  delta=-0.32 m  CAMERA SEES CLOSER - lidar may be missing this obstacle
[ 1376.5s] CAMERA/LIDAR DISAGREE - lidar=0.88 m  camera=0.55 m  delta=-0.33 m  CAMERA SEES CLOSER - lidar may be missing this obstacle
[ 1378.5s] CAMERA/LIDAR DISAGREE - lidar=0.88 m  camera=0.55 m  delta=-0.32 m  CAMERA SEES CLOSER - lidar may be missing this obstacle
[ 1381.5s] CAMERA/LIDAR DISAGREE - lidar=0.87 m  camera=0.55 m  delta=-0.32 m  CAMERA SEES CLOSER - lidar may be missing this obstacle
[ 1385.0s] CAMERA/LIDAR DISAGREE - lidar=1.11 m  camera=0.55 m  delta=-0.56 m  CAMERA SEES CLOSER - lidar may be missing this obstacle
[ 1390.0s] CAMERA/LIDAR DISAGREE - lidar=0.88 m  camera=0.55 m  delta=-0.33 m  CAMERA SEES CLOSER - lidar may be missing this obstacle
[ 1402.0s] CAMERA/LIDAR DISAGREE - lidar=1.12 m  camera=0.55 m  delta=-0.57 m  CAMERA SEES CLOSER - lidar may be missing this obstacle
[ 1404.0s] CAMERA/LIDAR DISAGREE - lidar=1.12 m  camera=0.55 m  delta=-0.57 m  CAMERA SEES CLOSER - lidar may be missing this obstacle
[ 1406.5s] CAMERA/LIDAR DISAGREE - lidar=1.12 m  camera=0.55 m  delta=-0.57 m  CAMERA SEES CLOSER - lidar may be missing this obstacle
[ 1408.0s] CAMERA/LIDAR DISAGREE - lidar=1.12 m  camera=0.55 m  delta=-0.57 m  CAMERA SEES CLOSER - lidar may be missing this obstacle
[ 1411.0s] CAMERA/LIDAR DISAGREE - lidar=1.12 m  camera=0.55 m  delta=-0.57 m  CAMERA SEES CLOSER - lidar may be missing this obstacle
[ 1414.0s] CAMERA/LIDAR DISAGREE - lidar=0.86 m  camera=0.55 m  delta=-0.31 m  CAMERA SEES CLOSER - lidar may be missing this obstacle
[ 1415.5s] CAMERA/LIDAR DISAGREE - lidar=0.86 m  camera=0.55 m  delta=-0.31 m  CAMERA SEES CLOSER - lidar may be missing this obstacle
[ 1422.5s] CAMERA/LIDAR DISAGREE - lidar=1.12 m  camera=0.55 m  delta=-0.57 m  CAMERA SEES CLOSER - lidar may be missing this obstacle
[ 1423.5s] CAMERA/LIDAR DISAGREE - lidar=0.87 m  camera=0.55 m  delta=-0.32 m  CAMERA SEES CLOSER - lidar may be missing this obstacle
[ 1424.5s] CAMERA/LIDAR DISAGREE - lidar=0.82 m  camera=0.55 m  delta=-0.27 m  CAMERA SEES CLOSER - lidar may be missing this obstacle
[ 1425.5s] CAMERA/LIDAR DISAGREE - lidar=1.12 m  camera=0.55 m  delta=-0.57 m  CAMERA SEES CLOSER - lidar may be missing this obstacle
[ 1428.5s] CAMERA/LIDAR DISAGREE - lidar=0.83 m  camera=0.55 m  delta=-0.28 m  CAMERA SEES CLOSER - lidar may be missing this obstacle
[ 1429.0s] CAMERA/LIDAR DISAGREE - lidar=0.87 m  camera=0.55 m  delta=-0.32 m  CAMERA SEES CLOSER - lidar may be missing this obstacle
[ 1436.0s] CAMERA/LIDAR DISAGREE - lidar=1.11 m  camera=0.55 m  delta=-0.56 m  CAMERA SEES CLOSER - lidar may be missing this obstacle
[ 1438.5s] CAMERA/LIDAR DISAGREE - lidar=0.88 m  camera=0.55 m  delta=-0.33 m  CAMERA SEES CLOSER - lidar may be missing this obstacle
[ 1439.5s] CAMERA/LIDAR DISAGREE - lidar=1.11 m  camera=0.55 m  delta=-0.56 m  CAMERA SEES CLOSER - lidar may be missing this obstacle
[ 1449.0s] CAMERA/LIDAR DISAGREE - lidar=1.12 m  camera=0.55 m  delta=-0.57 m  CAMERA SEES CLOSER - lidar may be missing this obstacle
[ 1450.5s] CAMERA/LIDAR DISAGREE - lidar=1.12 m  camera=0.55 m  delta=-0.57 m  CAMERA SEES CLOSER - lidar may be missing this obstacle
[ 1452.0s] CAMERA/LIDAR DISAGREE - lidar=0.87 m  camera=0.55 m  delta=-0.32 m  CAMERA SEES CLOSER - lidar may be missing this obstacle
[ 1454.5s] CAMERA/LIDAR DISAGREE - lidar=1.11 m  camera=0.55 m  delta=-0.56 m  CAMERA SEES CLOSER - lidar may be missing this obstacle
[ 1455.0s] CAMERA/LIDAR DISAGREE - lidar=1.11 m  camera=0.55 m  delta=-0.56 m  CAMERA SEES CLOSER - lidar may be missing this obstacle
[ 1456.0s] CAMERA/LIDAR DISAGREE - lidar=1.12 m  camera=0.55 m  delta=-0.57 m  CAMERA SEES CLOSER - lidar may be missing this obstacle
[ 1456.5s] CAMERA/LIDAR DISAGREE - lidar=1.12 m  camera=0.55 m  delta=-0.57 m  CAMERA SEES CLOSER - lidar may be missing this obstacle
[ 1460.5s] CAMERA/LIDAR DISAGREE - lidar=0.88 m  camera=0.55 m  delta=-0.33 m  CAMERA SEES CLOSER - lidar may be missing this obstacle
[ 1462.0s] CAMERA/LIDAR DISAGREE - lidar=0.88 m  camera=0.55 m  delta=-0.32 m  CAMERA SEES CLOSER - lidar may be missing this obstacle
[ 1465.5s] CAMERA/LIDAR DISAGREE - lidar=1.11 m  camera=0.55 m  delta=-0.56 m  CAMERA SEES CLOSER - lidar may be missing this obstacle
[ 1469.5s] CAMERA/LIDAR DISAGREE - lidar=1.11 m  camera=0.55 m  delta=-0.56 m  CAMERA SEES CLOSER - lidar may be missing this obstacle
[ 1472.5s] CAMERA/LIDAR DISAGREE - lidar=0.85 m  camera=0.55 m  delta=-0.30 m  CAMERA SEES CLOSER - lidar may be missing this obstacle
[ 1484.5s] CAMERA/LIDAR DISAGREE - lidar=0.88 m  camera=0.55 m  delta=-0.33 m  CAMERA SEES CLOSER - lidar may be missing this obstacle
[ 1489.5s] CAMERA/LIDAR DISAGREE - lidar=1.11 m  camera=0.55 m  delta=-0.56 m  CAMERA SEES CLOSER - lidar may be missing this obstacle
[ 1491.5s] CAMERA/LIDAR DISAGREE - lidar=1.12 m  camera=0.55 m  delta=-0.57 m  CAMERA SEES CLOSER - lidar may be missing this obstacle
[ 1496.5s] CAMERA/LIDAR DISAGREE - lidar=1.12 m  camera=0.55 m  delta=-0.57 m  CAMERA SEES CLOSER - lidar may be missing this obstacle
[ 1506.5s] CAMERA/LIDAR DISAGREE - lidar=1.12 m  camera=0.55 m  delta=-0.57 m  CAMERA SEES CLOSER - lidar may be missing this obstacle
[ 1509.5s] CAMERA/LIDAR DISAGREE - lidar=0.87 m  camera=0.55 m  delta=-0.32 m  CAMERA SEES CLOSER - lidar may be missing this obstacle
[ 1512.5s] CAMERA/LIDAR DISAGREE - lidar=0.88 m  camera=0.55 m  delta=-0.33 m  CAMERA SEES CLOSER - lidar may be missing this obstacle
[ 1518.0s] CAMERA/LIDAR DISAGREE - lidar=0.83 m  camera=0.55 m  delta=-0.28 m  CAMERA SEES CLOSER - lidar may be missing this obstacle
[ 1519.0s] CAMERA/LIDAR DISAGREE - lidar=0.87 m  camera=0.55 m  delta=-0.32 m  CAMERA SEES CLOSER - lidar may be missing this obstacle
[ 1523.0s] CAMERA/LIDAR DISAGREE - lidar=0.88 m  camera=0.55 m  delta=-0.33 m  CAMERA SEES CLOSER - lidar may be missing this obstacle
[ 1525.0s] CAMERA/LIDAR DISAGREE - lidar=0.88 m  camera=0.55 m  delta=-0.32 m  CAMERA SEES CLOSER - lidar may be missing this obstacle
[ 1529.0s] CAMERA/LIDAR DISAGREE - lidar=1.12 m  camera=0.55 m  delta=-0.57 m  CAMERA SEES CLOSER - lidar may be missing this obstacle
[ 1531.5s] CAMERA/LIDAR DISAGREE - lidar=0.83 m  camera=0.55 m  delta=-0.28 m  CAMERA SEES CLOSER - lidar may be missing this obstacle
[ 1536.5s] CAMERA/LIDAR DISAGREE - lidar=1.12 m  camera=0.55 m  delta=-0.57 m  CAMERA SEES CLOSER - lidar may be missing this obstacle
[ 1538.0s] CAMERA/LIDAR DISAGREE - lidar=0.88 m  camera=0.55 m  delta=-0.33 m  CAMERA SEES CLOSER - lidar may be missing this obstacle
[ 1546.5s] CAMERA/LIDAR DISAGREE - lidar=0.87 m  camera=0.55 m  delta=-0.32 m  CAMERA SEES CLOSER - lidar may be missing this obstacle
[ 1548.5s] CAMERA/LIDAR DISAGREE - lidar=1.11 m  camera=0.55 m  delta=-0.56 m  CAMERA SEES CLOSER - lidar may be missing this obstacle
[ 1549.5s] CAMERA/LIDAR DISAGREE - lidar=0.87 m  camera=0.55 m  delta=-0.32 m  CAMERA SEES CLOSER - lidar may be missing this obstacle
[ 1550.0s] CAMERA/LIDAR DISAGREE - lidar=1.12 m  camera=0.55 m  delta=-0.57 m  CAMERA SEES CLOSER - lidar may be missing this obstacle
[ 1551.5s] CAMERA/LIDAR DISAGREE - lidar=1.12 m  camera=0.55 m  delta=-0.57 m  CAMERA SEES CLOSER - lidar may be missing this obstacle
[ 1553.0s] CAMERA/LIDAR DISAGREE - lidar=0.87 m  camera=0.55 m  delta=-0.32 m  CAMERA SEES CLOSER - lidar may be missing this obstacle
[ 1554.0s] CAMERA/LIDAR DISAGREE - lidar=1.11 m  camera=0.55 m  delta=-0.56 m  CAMERA SEES CLOSER - lidar may be missing this obstacle
[ 1556.0s] CAMERA/LIDAR DISAGREE - lidar=0.88 m  camera=0.55 m  delta=-0.32 m  CAMERA SEES CLOSER - lidar may be missing this obstacle
[ 1561.5s] CAMERA/LIDAR DISAGREE - lidar=1.11 m  camera=0.55 m  delta=-0.56 m  CAMERA SEES CLOSER - lidar may be missing this obstacle
[ 1562.5s] CAMERA/LIDAR DISAGREE - lidar=1.12 m  camera=0.55 m  delta=-0.57 m  CAMERA SEES CLOSER - lidar may be missing this obstacle
[ 1563.5s] CAMERA/LIDAR DISAGREE - lidar=0.88 m  camera=0.55 m  delta=-0.33 m  CAMERA SEES CLOSER - lidar may be missing this obstacle
[ 1567.0s] CAMERA/LIDAR DISAGREE - lidar=1.12 m  camera=0.55 m  delta=-0.57 m  CAMERA SEES CLOSER - lidar may be missing this obstacle
[ 1575.0s] CAMERA/LIDAR DISAGREE - lidar=0.87 m  camera=0.55 m  delta=-0.32 m  CAMERA SEES CLOSER - lidar may be missing this obstacle
[ 1576.0s] CAMERA/LIDAR DISAGREE - lidar=0.88 m  camera=0.55 m  delta=-0.33 m  CAMERA SEES CLOSER - lidar may be missing this obstacle
[ 1580.5s] CAMERA/LIDAR DISAGREE - lidar=0.85 m  camera=0.55 m  delta=-0.30 m  CAMERA SEES CLOSER - lidar may be missing this obstacle
[ 1590.0s] CAMERA/LIDAR DISAGREE - lidar=0.87 m  camera=0.55 m  delta=-0.32 m  CAMERA SEES CLOSER - lidar may be missing this obstacle
[ 1593.0s] CAMERA/LIDAR DISAGREE - lidar=0.87 m  camera=0.55 m  delta=-0.32 m  CAMERA SEES CLOSER - lidar may be missing this obstacle
[ 1594.0s] CAMERA/LIDAR DISAGREE - lidar=1.12 m  camera=0.55 m  delta=-0.57 m  CAMERA SEES CLOSER - lidar may be missing this obstacle
[ 1595.0s] CAMERA/LIDAR DISAGREE - lidar=0.87 m  camera=0.55 m  delta=-0.32 m  CAMERA SEES CLOSER - lidar may be missing this obstacle
[ 1603.0s] CAMERA/LIDAR DISAGREE - lidar=1.12 m  camera=0.55 m  delta=-0.57 m  CAMERA SEES CLOSER - lidar may be missing this obstacle
[ 1604.5s] CAMERA/LIDAR DISAGREE - lidar=0.83 m  camera=0.55 m  delta=-0.28 m  CAMERA SEES CLOSER - lidar may be missing this obstacle
[ 1606.0s] CAMERA/LIDAR DISAGREE - lidar=0.86 m  camera=0.55 m  delta=-0.31 m  CAMERA SEES CLOSER - lidar may be missing this obstacle
[ 1609.0s] CAMERA/LIDAR DISAGREE - lidar=1.12 m  camera=0.55 m  delta=-0.57 m  CAMERA SEES CLOSER - lidar may be missing this obstacle
[ 1610.0s] CAMERA/LIDAR DISAGREE - lidar=0.87 m  camera=0.55 m  delta=-0.32 m  CAMERA SEES CLOSER - lidar may be missing this obstacle
[ 1611.5s] CAMERA/LIDAR DISAGREE - lidar=0.84 m  camera=0.55 m  delta=-0.29 m  CAMERA SEES CLOSER - lidar may be missing this obstacle
[ 1612.5s] CAMERA/LIDAR DISAGREE - lidar=1.12 m  camera=0.55 m  delta=-0.57 m  CAMERA SEES CLOSER - lidar may be missing this obstacle
[ 1615.5s] CAMERA/LIDAR DISAGREE - lidar=1.11 m  camera=0.55 m  delta=-0.56 m  CAMERA SEES CLOSER - lidar may be missing this obstacle
[ 1616.5s] CAMERA/LIDAR DISAGREE - lidar=0.84 m  camera=0.55 m  delta=-0.29 m  CAMERA SEES CLOSER - lidar may be missing this obstacle
[ 1622.0s] CAMERA/LIDAR DISAGREE - lidar=0.88 m  camera=0.55 m  delta=-0.33 m  CAMERA SEES CLOSER - lidar may be missing this obstacle
[ 1623.0s] CAMERA/LIDAR DISAGREE - lidar=0.82 m  camera=0.55 m  delta=-0.27 m  CAMERA SEES CLOSER - lidar may be missing this obstacle
[ 1626.0s] CAMERA/LIDAR DISAGREE - lidar=1.12 m  camera=0.55 m  delta=-0.57 m  CAMERA SEES CLOSER - lidar may be missing this obstacle
[ 1630.0s] CAMERA/LIDAR DISAGREE - lidar=1.12 m  camera=0.55 m  delta=-0.57 m  CAMERA SEES CLOSER - lidar may be missing this obstacle
[ 1637.5s] CAMERA/LIDAR DISAGREE - lidar=0.85 m  camera=0.55 m  delta=-0.30 m  CAMERA SEES CLOSER - lidar may be missing this obstacle
[ 1646.0s] CAMERA/LIDAR DISAGREE - lidar=0.86 m  camera=0.55 m  delta=-0.31 m  CAMERA SEES CLOSER - lidar may be missing this obstacle
[ 1647.0s] CAMERA/LIDAR DISAGREE - lidar=1.11 m  camera=0.55 m  delta=-0.56 m  CAMERA SEES CLOSER - lidar may be missing this obstacle
[ 1648.5s] CAMERA/LIDAR DISAGREE - lidar=0.87 m  camera=0.55 m  delta=-0.32 m  CAMERA SEES CLOSER - lidar may be missing this obstacle
[ 1650.0s] CAMERA/LIDAR DISAGREE - lidar=1.12 m  camera=0.55 m  delta=-0.57 m  CAMERA SEES CLOSER - lidar may be missing this obstacle
[ 1653.0s] CAMERA/LIDAR DISAGREE - lidar=0.86 m  camera=0.55 m  delta=-0.31 m  CAMERA SEES CLOSER - lidar may be missing this obstacle
[ 1658.0s] CAMERA/LIDAR DISAGREE - lidar=0.83 m  camera=0.55 m  delta=-0.28 m  CAMERA SEES CLOSER - lidar may be missing this obstacle
[ 1659.5s] CAMERA/LIDAR DISAGREE - lidar=0.87 m  camera=0.55 m  delta=-0.32 m  CAMERA SEES CLOSER - lidar may be missing this obstacle
[ 1660.5s] CAMERA/LIDAR DISAGREE - lidar=0.87 m  camera=0.55 m  delta=-0.32 m  CAMERA SEES CLOSER - lidar may be missing this obstacle
[ 1668.5s] CAMERA/LIDAR DISAGREE - lidar=0.88 m  camera=0.55 m  delta=-0.33 m  CAMERA SEES CLOSER - lidar may be missing this obstacle
[ 1674.5s] CAMERA/LIDAR DISAGREE - lidar=0.88 m  camera=0.55 m  delta=-0.33 m  CAMERA SEES CLOSER - lidar may be missing this obstacle
[ 1675.5s] CAMERA/LIDAR DISAGREE - lidar=0.88 m  camera=0.55 m  delta=-0.33 m  CAMERA SEES CLOSER - lidar may be missing this obstacle
[ 1676.5s] CAMERA/LIDAR DISAGREE - lidar=1.12 m  camera=0.55 m  delta=-0.57 m  CAMERA SEES CLOSER - lidar may be missing this obstacle
[ 1687.0s] CAMERA/LIDAR DISAGREE - lidar=1.12 m  camera=0.55 m  delta=-0.57 m  CAMERA SEES CLOSER - lidar may be missing this obstacle
[ 1688.5s] CAMERA/LIDAR DISAGREE - lidar=1.12 m  camera=0.55 m  delta=-0.57 m  CAMERA SEES CLOSER - lidar may be missing this obstacle
[ 1689.5s] CAMERA/LIDAR DISAGREE - lidar=0.87 m  camera=0.55 m  delta=-0.32 m  CAMERA SEES CLOSER - lidar may be missing this obstacle
[ 1690.5s] CAMERA/LIDAR DISAGREE - lidar=0.87 m  camera=0.55 m  delta=-0.32 m  CAMERA SEES CLOSER - lidar may be missing this obstacle
[ 1693.5s] CAMERA/LIDAR DISAGREE - lidar=0.87 m  camera=0.55 m  delta=-0.32 m  CAMERA SEES CLOSER - lidar may be missing this obstacle
[ 1695.0s] CAMERA/LIDAR DISAGREE - lidar=1.12 m  camera=0.55 m  delta=-0.57 m  CAMERA SEES CLOSER - lidar may be missing this obstacle
[ 1697.5s] CAMERA/LIDAR DISAGREE - lidar=1.12 m  camera=0.55 m  delta=-0.57 m  CAMERA SEES CLOSER - lidar may be missing this obstacle
[ 1698.0s] CAMERA/LIDAR DISAGREE - lidar=0.86 m  camera=0.55 m  delta=-0.31 m  CAMERA SEES CLOSER - lidar may be missing this obstacle
[ 1713.0s] CAMERA/LIDAR DISAGREE - lidar=1.11 m  camera=0.55 m  delta=-0.56 m  CAMERA SEES CLOSER - lidar may be missing this obstacle
[ 1715.5s] CAMERA/LIDAR DISAGREE - lidar=1.11 m  camera=0.55 m  delta=-0.56 m  CAMERA SEES CLOSER - lidar may be missing this obstacle
[ 1717.0s] CAMERA/LIDAR DISAGREE - lidar=1.11 m  camera=0.55 m  delta=-0.56 m  CAMERA SEES CLOSER - lidar may be missing this obstacle
[ 1718.0s] CAMERA/LIDAR DISAGREE - lidar=0.87 m  camera=0.55 m  delta=-0.32 m  CAMERA SEES CLOSER - lidar may be missing this obstacle
[ 1719.0s] CAMERA/LIDAR DISAGREE - lidar=1.12 m  camera=0.55 m  delta=-0.57 m  CAMERA SEES CLOSER - lidar may be missing this obstacle
[ 1721.5s] CAMERA/LIDAR DISAGREE - lidar=0.87 m  camera=0.55 m  delta=-0.32 m  CAMERA SEES CLOSER - lidar may be missing this obstacle
[ 1724.0s] CAMERA/LIDAR DISAGREE - lidar=0.87 m  camera=0.55 m  delta=-0.32 m  CAMERA SEES CLOSER - lidar may be missing this obstacle
[ 1726.0s] CAMERA/LIDAR DISAGREE - lidar=0.87 m  camera=0.55 m  delta=-0.32 m  CAMERA SEES CLOSER - lidar may be missing this obstacle
[ 1733.5s] CAMERA/LIDAR DISAGREE - lidar=0.88 m  camera=0.55 m  delta=-0.33 m  CAMERA SEES CLOSER - lidar may be missing this obstacle
[ 1741.5s] CAMERA/LIDAR DISAGREE - lidar=1.12 m  camera=0.55 m  delta=-0.57 m  CAMERA SEES CLOSER - lidar may be missing this obstacle
[ 1750.5s] CAMERA/LIDAR DISAGREE - lidar=0.87 m  camera=0.55 m  delta=-0.32 m  CAMERA SEES CLOSER - lidar may be missing this obstacle
[ 1754.5s] CAMERA/LIDAR DISAGREE - lidar=1.12 m  camera=0.55 m  delta=-0.57 m  CAMERA SEES CLOSER - lidar may be missing this obstacle
[ 1759.5s] CAMERA/LIDAR DISAGREE - lidar=0.88 m  camera=0.55 m  delta=-0.33 m  CAMERA SEES CLOSER - lidar may be missing this obstacle
[ 1760.0s] CAMERA/LIDAR DISAGREE - lidar=1.12 m  camera=0.55 m  delta=-0.57 m  CAMERA SEES CLOSER - lidar may be missing this obstacle
[ 1763.0s] CAMERA/LIDAR DISAGREE - lidar=1.11 m  camera=0.55 m  delta=-0.56 m  CAMERA SEES CLOSER - lidar may be missing this obstacle
[ 1764.0s] CAMERA/LIDAR DISAGREE - lidar=0.87 m  camera=0.55 m  delta=-0.32 m  CAMERA SEES CLOSER - lidar may be missing this obstacle
[ 1765.0s] CAMERA/LIDAR DISAGREE - lidar=0.88 m  camera=0.55 m  delta=-0.33 m  CAMERA SEES CLOSER - lidar may be missing this obstacle
[ 1766.0s] CAMERA/LIDAR DISAGREE - lidar=1.12 m  camera=0.55 m  delta=-0.57 m  CAMERA SEES CLOSER - lidar may be missing this obstacle
[ 1767.0s] CAMERA/LIDAR DISAGREE - lidar=0.86 m  camera=0.55 m  delta=-0.31 m  CAMERA SEES CLOSER - lidar may be missing this obstacle
[ 1768.5s] CAMERA/LIDAR DISAGREE - lidar=0.87 m  camera=0.55 m  delta=-0.32 m  CAMERA SEES CLOSER - lidar may be missing this obstacle
[ 1769.0s] CAMERA/LIDAR DISAGREE - lidar=1.12 m  camera=0.55 m  delta=-0.57 m  CAMERA SEES CLOSER - lidar may be missing this obstacle
[ 1770.5s] CAMERA/LIDAR DISAGREE - lidar=1.12 m  camera=0.55 m  delta=-0.57 m  CAMERA SEES CLOSER - lidar may be missing this obstacle
[ 1779.0s] CAMERA/LIDAR DISAGREE - lidar=1.12 m  camera=0.55 m  delta=-0.57 m  CAMERA SEES CLOSER - lidar may be missing this obstacle
[ 1780.5s] CAMERA/LIDAR DISAGREE - lidar=0.87 m  camera=0.55 m  delta=-0.33 m  CAMERA SEES CLOSER - lidar may be missing this obstacle
[ 1786.0s] CAMERA/LIDAR DISAGREE - lidar=0.85 m  camera=0.55 m  delta=-0.30 m  CAMERA SEES CLOSER - lidar may be missing this obstacle
[ 1787.5s] CAMERA/LIDAR DISAGREE - lidar=1.12 m  camera=0.55 m  delta=-0.57 m  CAMERA SEES CLOSER - lidar may be missing this obstacle
[ 1790.0s] CAMERA/LIDAR DISAGREE - lidar=1.12 m  camera=0.55 m  delta=-0.57 m  CAMERA SEES CLOSER - lidar may be missing this obstacle
[ 1793.5s] CAMERA/LIDAR DISAGREE - lidar=1.12 m  camera=0.55 m  delta=-0.57 m  CAMERA SEES CLOSER - lidar may be missing this obstacle
[ 1798.0s] CAMERA/LIDAR DISAGREE - lidar=1.12 m  camera=0.55 m  delta=-0.57 m  CAMERA SEES CLOSER - lidar may be missing this obstacle
[ 1799.5s] CAMERA/LIDAR DISAGREE - lidar=1.12 m  camera=0.55 m  delta=-0.57 m  CAMERA SEES CLOSER - lidar may be missing this obstacle
[ 1801.5s] CAMERA/LIDAR DISAGREE - lidar=1.12 m  camera=0.55 m  delta=-0.57 m  CAMERA SEES CLOSER - lidar may be missing this obstacle
[ 1805.0s] CAMERA/LIDAR DISAGREE - lidar=0.87 m  camera=0.55 m  delta=-0.32 m  CAMERA SEES CLOSER - lidar may be missing this obstacle
[ 1811.5s] CAMERA/LIDAR DISAGREE - lidar=0.87 m  camera=0.55 m  delta=-0.32 m  CAMERA SEES CLOSER - lidar may be missing this obstacle
[ 1813.5s] CAMERA/LIDAR DISAGREE - lidar=1.12 m  camera=0.55 m  delta=-0.57 m  CAMERA SEES CLOSER - lidar may be missing this obstacle
[ 1816.0s] CAMERA/LIDAR DISAGREE - lidar=0.87 m  camera=0.55 m  delta=-0.32 m  CAMERA SEES CLOSER - lidar may be missing this obstacle
[ 1824.5s] CAMERA/LIDAR DISAGREE - lidar=1.12 m  camera=0.55 m  delta=-0.57 m  CAMERA SEES CLOSER - lidar may be missing this obstacle
[ 1825.5s] CAMERA/LIDAR DISAGREE - lidar=1.12 m  camera=0.55 m  delta=-0.57 m  CAMERA SEES CLOSER - lidar may be missing this obstacle
[ 1828.0s] CAMERA/LIDAR DISAGREE - lidar=0.86 m  camera=0.55 m  delta=-0.31 m  CAMERA SEES CLOSER - lidar may be missing this obstacle
[ 1832.0s] CAMERA/LIDAR DISAGREE - lidar=0.88 m  camera=0.55 m  delta=-0.33 m  CAMERA SEES CLOSER - lidar may be missing this obstacle
[ 1833.5s] CAMERA/LIDAR DISAGREE - lidar=0.87 m  camera=0.55 m  delta=-0.32 m  CAMERA SEES CLOSER - lidar may be missing this obstacle
[ 1836.5s] CAMERA/LIDAR DISAGREE - lidar=1.11 m  camera=0.55 m  delta=-0.56 m  CAMERA SEES CLOSER - lidar may be missing this obstacle
[ 1842.0s] CAMERA/LIDAR DISAGREE - lidar=0.86 m  camera=0.55 m  delta=-0.31 m  CAMERA SEES CLOSER - lidar may be missing this obstacle
[ 1846.5s] CAMERA/LIDAR DISAGREE - lidar=0.88 m  camera=0.55 m  delta=-0.33 m  CAMERA SEES CLOSER - lidar may be missing this obstacle
[ 1849.5s] CAMERA/LIDAR DISAGREE - lidar=0.88 m  camera=0.55 m  delta=-0.33 m  CAMERA SEES CLOSER - lidar may be missing this obstacle
[ 1850.5s] CAMERA/LIDAR DISAGREE - lidar=0.86 m  camera=0.55 m  delta=-0.31 m  CAMERA SEES CLOSER - lidar may be missing this obstacle
[ 1852.0s] CAMERA/LIDAR DISAGREE - lidar=1.12 m  camera=0.55 m  delta=-0.57 m  CAMERA SEES CLOSER - lidar may be missing this obstacle
[ 1858.5s] CAMERA/LIDAR DISAGREE - lidar=1.12 m  camera=0.55 m  delta=-0.57 m  CAMERA SEES CLOSER - lidar may be missing this obstacle
[ 1864.5s] CAMERA/LIDAR DISAGREE - lidar=0.88 m  camera=0.55 m  delta=-0.33 m  CAMERA SEES CLOSER - lidar may be missing this obstacle
[ 1866.0s] CAMERA/LIDAR DISAGREE - lidar=0.83 m  camera=0.55 m  delta=-0.28 m  CAMERA SEES CLOSER - lidar may be missing this obstacle
[ 1869.0s] CAMERA/LIDAR DISAGREE - lidar=0.84 m  camera=0.55 m  delta=-0.29 m  CAMERA SEES CLOSER - lidar may be missing this obstacle
[ 1869.5s] CAMERA/LIDAR DISAGREE - lidar=0.86 m  camera=0.55 m  delta=-0.31 m  CAMERA SEES CLOSER - lidar may be missing this obstacle
[ 1874.5s] CAMERA/LIDAR DISAGREE - lidar=1.11 m  camera=0.55 m  delta=-0.56 m  CAMERA SEES CLOSER - lidar may be missing this obstacle
[ 1884.5s] CAMERA/LIDAR DISAGREE - lidar=0.84 m  camera=0.55 m  delta=-0.29 m  CAMERA SEES CLOSER - lidar may be missing this obstacle
[ 1890.0s] CAMERA/LIDAR DISAGREE - lidar=1.11 m  camera=0.55 m  delta=-0.56 m  CAMERA SEES CLOSER - lidar may be missing this obstacle
[ 1904.0s] CAMERA/LIDAR DISAGREE - lidar=0.87 m  camera=0.55 m  delta=-0.32 m  CAMERA SEES CLOSER - lidar may be missing this obstacle
[ 1906.5s] CAMERA/LIDAR DISAGREE - lidar=0.86 m  camera=0.55 m  delta=-0.31 m  CAMERA SEES CLOSER - lidar may be missing this obstacle
[ 1907.0s] CAMERA/LIDAR DISAGREE - lidar=1.12 m  camera=0.55 m  delta=-0.57 m  CAMERA SEES CLOSER - lidar may be missing this obstacle
[ 1910.0s] CAMERA/LIDAR DISAGREE - lidar=0.87 m  camera=0.55 m  delta=-0.32 m  CAMERA SEES CLOSER - lidar may be missing this obstacle
[ 1911.5s] CAMERA/LIDAR DISAGREE - lidar=1.12 m  camera=0.55 m  delta=-0.57 m  CAMERA SEES CLOSER - lidar may be missing this obstacle
[ 1913.0s] CAMERA/LIDAR DISAGREE - lidar=1.12 m  camera=0.55 m  delta=-0.57 m  CAMERA SEES CLOSER - lidar may be missing this obstacle
[ 1918.0s] CAMERA/LIDAR DISAGREE - lidar=1.12 m  camera=0.55 m  delta=-0.57 m  CAMERA SEES CLOSER - lidar may be missing this obstacle
[ 1919.5s] CAMERA/LIDAR DISAGREE - lidar=1.12 m  camera=0.55 m  delta=-0.57 m  CAMERA SEES CLOSER - lidar may be missing this obstacle
[ 1924.0s] CAMERA/LIDAR DISAGREE - lidar=0.87 m  camera=0.55 m  delta=-0.32 m  CAMERA SEES CLOSER - lidar may be missing this obstacle
[ 1924.5s] CAMERA/LIDAR DISAGREE - lidar=1.12 m  camera=0.55 m  delta=-0.57 m  CAMERA SEES CLOSER - lidar may be missing this obstacle
[ 1930.0s] CAMERA/LIDAR DISAGREE - lidar=0.86 m  camera=0.55 m  delta=-0.31 m  CAMERA SEES CLOSER - lidar may be missing this obstacle
[ 1934.5s] CAMERA/LIDAR DISAGREE - lidar=1.12 m  camera=0.55 m  delta=-0.57 m  CAMERA SEES CLOSER - lidar may be missing this obstacle
[ 1935.0s] CAMERA/LIDAR DISAGREE - lidar=1.12 m  camera=0.55 m  delta=-0.57 m  CAMERA SEES CLOSER - lidar may be missing this obstacle
[ 1939.0s] CAMERA/LIDAR DISAGREE - lidar=1.12 m  camera=0.55 m  delta=-0.57 m  CAMERA SEES CLOSER - lidar may be missing this obstacle
[ 1940.5s] CAMERA/LIDAR DISAGREE - lidar=1.12 m  camera=0.55 m  delta=-0.57 m  CAMERA SEES CLOSER - lidar may be missing this obstacle
[ 1945.0s] CAMERA/LIDAR DISAGREE - lidar=1.12 m  camera=0.55 m  delta=-0.57 m  CAMERA SEES CLOSER - lidar may be missing this obstacle
[ 1946.5s] CAMERA/LIDAR DISAGREE - lidar=0.88 m  camera=0.55 m  delta=-0.32 m  CAMERA SEES CLOSER - lidar may be missing this obstacle
[ 1947.0s] CAMERA/LIDAR DISAGREE - lidar=1.12 m  camera=0.55 m  delta=-0.57 m  CAMERA SEES CLOSER - lidar may be missing this obstacle
[ 1948.5s] CAMERA/LIDAR DISAGREE - lidar=1.12 m  camera=0.55 m  delta=-0.57 m  CAMERA SEES CLOSER - lidar may be missing this obstacle
[ 1951.5s] CAMERA/LIDAR DISAGREE - lidar=1.12 m  camera=0.55 m  delta=-0.57 m  CAMERA SEES CLOSER - lidar may be missing this obstacle
[ 1958.0s] CAMERA/LIDAR DISAGREE - lidar=1.11 m  camera=0.55 m  delta=-0.56 m  CAMERA SEES CLOSER - lidar may be missing this obstacle
[ 1959.5s] CAMERA/LIDAR DISAGREE - lidar=0.88 m  camera=0.55 m  delta=-0.33 m  CAMERA SEES CLOSER - lidar may be missing this obstacle
[ 1960.5s] CAMERA/LIDAR DISAGREE - lidar=0.87 m  camera=0.55 m  delta=-0.32 m  CAMERA SEES CLOSER - lidar may be missing this obstacle
[ 1962.5s] CAMERA/LIDAR DISAGREE - lidar=1.12 m  camera=0.55 m  delta=-0.57 m  CAMERA SEES CLOSER - lidar may be missing this obstacle
[ 1968.5s] CAMERA/LIDAR DISAGREE - lidar=1.12 m  camera=0.55 m  delta=-0.57 m  CAMERA SEES CLOSER - lidar may be missing this obstacle
[ 1977.5s] CAMERA/LIDAR DISAGREE - lidar=0.87 m  camera=0.55 m  delta=-0.32 m  CAMERA SEES CLOSER - lidar may be missing this obstacle
[ 1978.5s] CAMERA/LIDAR DISAGREE - lidar=1.12 m  camera=0.55 m  delta=-0.57 m  CAMERA SEES CLOSER - lidar may be missing this obstacle
[ 1980.5s] CAMERA/LIDAR DISAGREE - lidar=0.86 m  camera=0.55 m  delta=-0.31 m  CAMERA SEES CLOSER - lidar may be missing this obstacle
[ 1983.0s] CAMERA/LIDAR DISAGREE - lidar=1.12 m  camera=0.55 m  delta=-0.57 m  CAMERA SEES CLOSER - lidar may be missing this obstacle
[ 1984.5s] CAMERA/LIDAR DISAGREE - lidar=0.87 m  camera=0.55 m  delta=-0.32 m  CAMERA SEES CLOSER - lidar may be missing this obstacle
[ 2002.0s] CAMERA/LIDAR DISAGREE - lidar=0.84 m  camera=0.55 m  delta=-0.29 m  CAMERA SEES CLOSER - lidar may be missing this obstacle
[ 2004.5s] CAMERA/LIDAR DISAGREE - lidar=1.12 m  camera=0.55 m  delta=-0.57 m  CAMERA SEES CLOSER - lidar may be missing this obstacle
[ 2006.5s] CAMERA/LIDAR DISAGREE - lidar=1.12 m  camera=0.55 m  delta=-0.57 m  CAMERA SEES CLOSER - lidar may be missing this obstacle
[ 2008.0s] CAMERA/LIDAR DISAGREE - lidar=0.88 m  camera=0.55 m  delta=-0.33 m  CAMERA SEES CLOSER - lidar may be missing this obstacle
[ 2014.5s] CAMERA/LIDAR DISAGREE - lidar=0.80 m  camera=0.55 m  delta=-0.25 m  CAMERA SEES CLOSER - lidar may be missing this obstacle
[ 2017.0s] CAMERA/LIDAR DISAGREE - lidar=1.12 m  camera=0.55 m  delta=-0.57 m  CAMERA SEES CLOSER - lidar may be missing this obstacle
[ 2021.5s] CAMERA/LIDAR DISAGREE - lidar=0.87 m  camera=0.55 m  delta=-0.32 m  CAMERA SEES CLOSER - lidar may be missing this obstacle
[ 2022.0s] CAMERA/LIDAR DISAGREE - lidar=0.87 m  camera=0.55 m  delta=-0.32 m  CAMERA SEES CLOSER - lidar may be missing this obstacle
[ 2026.0s] CAMERA/LIDAR DISAGREE - lidar=0.87 m  camera=0.55 m  delta=-0.32 m  CAMERA SEES CLOSER - lidar may be missing this obstacle
[ 2026.5s] CAMERA/LIDAR DISAGREE - lidar=1.11 m  camera=0.55 m  delta=-0.56 m  CAMERA SEES CLOSER - lidar may be missing this obstacle
[ 2027.0s] CAMERA/LIDAR DISAGREE - lidar=1.12 m  camera=0.55 m  delta=-0.57 m  CAMERA SEES CLOSER - lidar may be missing this obstacle
[ 2029.0s] CAMERA/LIDAR DISAGREE - lidar=1.12 m  camera=0.55 m  delta=-0.57 m  CAMERA SEES CLOSER - lidar may be missing this obstacle
[ 2032.0s] CAMERA/LIDAR DISAGREE - lidar=0.84 m  camera=0.55 m  delta=-0.30 m  CAMERA SEES CLOSER - lidar may be missing this obstacle
[ 2032.5s] CAMERA/LIDAR DISAGREE - lidar=0.87 m  camera=0.55 m  delta=-0.32 m  CAMERA SEES CLOSER - lidar may be missing this obstacle
[ 2042.0s] CAMERA/LIDAR DISAGREE - lidar=0.85 m  camera=0.55 m  delta=-0.30 m  CAMERA SEES CLOSER - lidar may be missing this obstacle
[ 2046.5s] CAMERA/LIDAR DISAGREE - lidar=0.87 m  camera=0.55 m  delta=-0.32 m  CAMERA SEES CLOSER - lidar may be missing this obstacle
[ 2047.0s] CAMERA/LIDAR DISAGREE - lidar=1.12 m  camera=0.55 m  delta=-0.57 m  CAMERA SEES CLOSER - lidar may be missing this obstacle
[ 2051.0s] CAMERA/LIDAR DISAGREE - lidar=0.87 m  camera=0.55 m  delta=-0.32 m  CAMERA SEES CLOSER - lidar may be missing this obstacle
[ 2057.5s] CAMERA/LIDAR DISAGREE - lidar=0.87 m  camera=0.55 m  delta=-0.32 m  CAMERA SEES CLOSER - lidar may be missing this obstacle
[ 2062.5s] CAMERA/LIDAR DISAGREE - lidar=0.88 m  camera=0.55 m  delta=-0.33 m  CAMERA SEES CLOSER - lidar may be missing this obstacle
[ 2066.5s] CAMERA/LIDAR DISAGREE - lidar=0.87 m  camera=0.55 m  delta=-0.32 m  CAMERA SEES CLOSER - lidar may be missing this obstacle
[ 2067.0s] CAMERA/LIDAR DISAGREE - lidar=1.11 m  camera=0.55 m  delta=-0.56 m  CAMERA SEES CLOSER - lidar may be missing this obstacle
[ 2070.5s] CAMERA/LIDAR DISAGREE - lidar=1.11 m  camera=0.55 m  delta=-0.56 m  CAMERA SEES CLOSER - lidar may be missing this obstacle
[ 2071.0s] CAMERA/LIDAR DISAGREE - lidar=1.12 m  camera=0.55 m  delta=-0.57 m  CAMERA SEES CLOSER - lidar may be missing this obstacle
[ 2073.0s] CAMERA/LIDAR DISAGREE - lidar=1.11 m  camera=0.55 m  delta=-0.56 m  CAMERA SEES CLOSER - lidar may be missing this obstacle
[ 2076.5s] CAMERA/LIDAR DISAGREE - lidar=0.86 m  camera=0.55 m  delta=-0.31 m  CAMERA SEES CLOSER - lidar may be missing this obstacle
[ 2077.0s] CAMERA/LIDAR DISAGREE - lidar=1.12 m  camera=0.55 m  delta=-0.57 m  CAMERA SEES CLOSER - lidar may be missing this obstacle
[ 2077.5s] CAMERA/LIDAR DISAGREE - lidar=0.88 m  camera=0.55 m  delta=-0.33 m  CAMERA SEES CLOSER - lidar may be missing this obstacle
[ 2084.0s] CAMERA/LIDAR DISAGREE - lidar=1.11 m  camera=0.55 m  delta=-0.56 m  CAMERA SEES CLOSER - lidar may be missing this obstacle
[ 2097.0s] CAMERA/LIDAR DISAGREE - lidar=0.87 m  camera=0.55 m  delta=-0.32 m  CAMERA SEES CLOSER - lidar may be missing this obstacle
[ 2098.5s] CAMERA/LIDAR DISAGREE - lidar=1.11 m  camera=0.55 m  delta=-0.56 m  CAMERA SEES CLOSER - lidar may be missing this obstacle
[ 2099.0s] CAMERA/LIDAR DISAGREE - lidar=0.86 m  camera=0.55 m  delta=-0.31 m  CAMERA SEES CLOSER - lidar may be missing this obstacle
[ 2099.5s] CAMERA/LIDAR DISAGREE - lidar=0.86 m  camera=0.55 m  delta=-0.31 m  CAMERA SEES CLOSER - lidar may be missing this obstacle
[ 2103.5s] CAMERA/LIDAR DISAGREE - lidar=0.82 m  camera=0.55 m  delta=-0.27 m  CAMERA SEES CLOSER - lidar may be missing this obstacle
[ 2104.0s] CAMERA/LIDAR DISAGREE - lidar=1.12 m  camera=0.55 m  delta=-0.57 m  CAMERA SEES CLOSER - lidar may be missing this obstacle
[ 2109.5s] CAMERA/LIDAR DISAGREE - lidar=0.83 m  camera=0.55 m  delta=-0.28 m  CAMERA SEES CLOSER - lidar may be missing this obstacle
[ 2110.0s] CAMERA/LIDAR DISAGREE - lidar=1.11 m  camera=0.55 m  delta=-0.56 m  CAMERA SEES CLOSER - lidar may be missing this obstacle
[ 2112.5s] CAMERA/LIDAR DISAGREE - lidar=0.85 m  camera=0.55 m  delta=-0.30 m  CAMERA SEES CLOSER - lidar may be missing this obstacle
[ 2113.0s] CAMERA/LIDAR DISAGREE - lidar=0.81 m  camera=0.55 m  delta=-0.26 m  CAMERA SEES CLOSER - lidar may be missing this obstacle
[ 2115.0s] CAMERA/LIDAR DISAGREE - lidar=1.12 m  camera=0.55 m  delta=-0.57 m  CAMERA SEES CLOSER - lidar may be missing this obstacle
[ 2117.0s] CAMERA/LIDAR DISAGREE - lidar=1.12 m  camera=0.55 m  delta=-0.57 m  CAMERA SEES CLOSER - lidar may be missing this obstacle
[ 2120.0s] CAMERA/LIDAR DISAGREE - lidar=1.12 m  camera=0.55 m  delta=-0.57 m  CAMERA SEES CLOSER - lidar may be missing this obstacle
[ 2123.0s] CAMERA/LIDAR DISAGREE - lidar=0.88 m  camera=0.55 m  delta=-0.33 m  CAMERA SEES CLOSER - lidar may be missing this obstacle
[ 2127.0s] CAMERA/LIDAR DISAGREE - lidar=0.88 m  camera=0.55 m  delta=-0.33 m  CAMERA SEES CLOSER - lidar may be missing this obstacle
[ 2127.5s] CAMERA/LIDAR DISAGREE - lidar=1.11 m  camera=0.55 m  delta=-0.56 m  CAMERA SEES CLOSER - lidar may be missing this obstacle
[ 2129.5s] CAMERA/LIDAR DISAGREE - lidar=0.88 m  camera=0.55 m  delta=-0.33 m  CAMERA SEES CLOSER - lidar may be missing this obstacle
[ 2130.0s] CAMERA/LIDAR DISAGREE - lidar=1.12 m  camera=0.55 m  delta=-0.57 m  CAMERA SEES CLOSER - lidar may be missing this obstacle
[ 2130.5s] CAMERA/LIDAR DISAGREE - lidar=0.87 m  camera=0.55 m  delta=-0.32 m  CAMERA SEES CLOSER - lidar may be missing this obstacle
[ 2131.5s] CAMERA/LIDAR DISAGREE - lidar=0.87 m  camera=0.55 m  delta=-0.32 m  CAMERA SEES CLOSER - lidar may be missing this obstacle
[ 2132.0s] CAMERA/LIDAR DISAGREE - lidar=1.12 m  camera=0.55 m  delta=-0.57 m  CAMERA SEES CLOSER - lidar may be missing this obstacle
[ 2136.0s] CAMERA/LIDAR DISAGREE - lidar=0.88 m  camera=0.55 m  delta=-0.32 m  CAMERA SEES CLOSER - lidar may be missing this obstacle
[ 2136.5s] CAMERA/LIDAR DISAGREE - lidar=0.87 m  camera=0.55 m  delta=-0.32 m  CAMERA SEES CLOSER - lidar may be missing this obstacle
[ 2140.0s] CAMERA/LIDAR DISAGREE - lidar=0.85 m  camera=0.55 m  delta=-0.30 m  CAMERA SEES CLOSER - lidar may be missing this obstacle
[ 2144.0s] CAMERA/LIDAR DISAGREE - lidar=1.11 m  camera=0.55 m  delta=-0.56 m  CAMERA SEES CLOSER - lidar may be missing this obstacle
[ 2146.0s] CAMERA/LIDAR DISAGREE - lidar=0.85 m  camera=0.55 m  delta=-0.30 m  CAMERA SEES CLOSER - lidar may be missing this obstacle
[ 2146.5s] CAMERA/LIDAR DISAGREE - lidar=0.87 m  camera=0.55 m  delta=-0.32 m  CAMERA SEES CLOSER - lidar may be missing this obstacle
[ 2147.0s] CAMERA/LIDAR DISAGREE - lidar=0.87 m  camera=0.55 m  delta=-0.32 m  CAMERA SEES CLOSER - lidar may be missing this obstacle
[ 2152.0s] CAMERA/LIDAR DISAGREE - lidar=0.86 m  camera=0.55 m  delta=-0.31 m  CAMERA SEES CLOSER - lidar may be missing this obstacle
[ 2166.0s] CAMERA/LIDAR DISAGREE - lidar=1.12 m  camera=0.55 m  delta=-0.57 m  CAMERA SEES CLOSER - lidar may be missing this obstacle
[ 2168.5s] CAMERA/LIDAR DISAGREE - lidar=0.85 m  camera=0.55 m  delta=-0.30 m  CAMERA SEES CLOSER - lidar may be missing this obstacle
[ 2171.0s] CAMERA/LIDAR DISAGREE - lidar=1.11 m  camera=0.55 m  delta=-0.56 m  CAMERA SEES CLOSER - lidar may be missing this obstacle
[ 2189.5s] CAMERA/LIDAR DISAGREE - lidar=0.88 m  camera=0.55 m  delta=-0.33 m  CAMERA SEES CLOSER - lidar may be missing this obstacle
[ 2190.0s] CAMERA/LIDAR DISAGREE - lidar=0.87 m  camera=0.55 m  delta=-0.32 m  CAMERA SEES CLOSER - lidar may be missing this obstacle
[ 2193.5s] CAMERA/LIDAR DISAGREE - lidar=1.12 m  camera=0.55 m  delta=-0.57 m  CAMERA SEES CLOSER - lidar may be missing this obstacle
[ 2194.0s] CAMERA/LIDAR DISAGREE - lidar=0.84 m  camera=0.55 m  delta=-0.29 m  CAMERA SEES CLOSER - lidar may be missing this obstacle
[ 2196.5s] CAMERA/LIDAR DISAGREE - lidar=0.84 m  camera=0.55 m  delta=-0.29 m  CAMERA SEES CLOSER - lidar may be missing this obstacle
[ 2203.0s] CAMERA/LIDAR DISAGREE - lidar=0.87 m  camera=0.55 m  delta=-0.32 m  CAMERA SEES CLOSER - lidar may be missing this obstacle
[ 2210.0s] CAMERA/LIDAR DISAGREE - lidar=0.85 m  camera=0.55 m  delta=-0.30 m  CAMERA SEES CLOSER - lidar may be missing this obstacle
[ 2212.5s] CAMERA/LIDAR DISAGREE - lidar=0.88 m  camera=0.55 m  delta=-0.33 m  CAMERA SEES CLOSER - lidar may be missing this obstacle
[ 2213.5s] CAMERA/LIDAR DISAGREE - lidar=0.88 m  camera=0.55 m  delta=-0.32 m  CAMERA SEES CLOSER - lidar may be missing this obstacle
[ 2217.0s] CAMERA/LIDAR DISAGREE - lidar=1.11 m  camera=0.55 m  delta=-0.56 m  CAMERA SEES CLOSER - lidar may be missing this obstacle
[ 2220.5s] CAMERA/LIDAR DISAGREE - lidar=0.87 m  camera=0.55 m  delta=-0.32 m  CAMERA SEES CLOSER - lidar may be missing this obstacle
[ 2223.0s] CAMERA/LIDAR DISAGREE - lidar=1.12 m  camera=0.55 m  delta=-0.57 m  CAMERA SEES CLOSER - lidar may be missing this obstacle
[ 2226.0s] CAMERA/LIDAR DISAGREE - lidar=0.87 m  camera=0.55 m  delta=-0.32 m  CAMERA SEES CLOSER - lidar may be missing this obstacle
[ 2227.5s] CAMERA/LIDAR DISAGREE - lidar=1.12 m  camera=0.55 m  delta=-0.57 m  CAMERA SEES CLOSER - lidar may be missing this obstacle
[ 2233.5s] CAMERA/LIDAR DISAGREE - lidar=1.12 m  camera=0.55 m  delta=-0.57 m  CAMERA SEES CLOSER - lidar may be missing this obstacle
[ 2234.0s] CAMERA/LIDAR DISAGREE - lidar=1.12 m  camera=0.55 m  delta=-0.57 m  CAMERA SEES CLOSER - lidar may be missing this obstacle
[ 2239.5s] CAMERA/LIDAR DISAGREE - lidar=0.88 m  camera=0.55 m  delta=-0.33 m  CAMERA SEES CLOSER - lidar may be missing this obstacle
[ 2241.0s] CAMERA/LIDAR DISAGREE - lidar=0.81 m  camera=0.55 m  delta=-0.26 m  CAMERA SEES CLOSER - lidar may be missing this obstacle
[ 2243.0s] CAMERA/LIDAR DISAGREE - lidar=0.87 m  camera=0.55 m  delta=-0.32 m  CAMERA SEES CLOSER - lidar may be missing this obstacle
[ 2244.5s] CAMERA/LIDAR DISAGREE - lidar=1.11 m  camera=0.55 m  delta=-0.56 m  CAMERA SEES CLOSER - lidar may be missing this obstacle
[ 2250.5s] CAMERA/LIDAR DISAGREE - lidar=1.12 m  camera=0.55 m  delta=-0.57 m  CAMERA SEES CLOSER - lidar may be missing this obstacle
[ 2251.0s] CAMERA/LIDAR DISAGREE - lidar=0.85 m  camera=0.55 m  delta=-0.30 m  CAMERA SEES CLOSER - lidar may be missing this obstacle
[ 2252.5s] CAMERA/LIDAR DISAGREE - lidar=1.12 m  camera=0.55 m  delta=-0.57 m  CAMERA SEES CLOSER - lidar may be missing this obstacle
[ 2256.0s] CAMERA/LIDAR DISAGREE - lidar=0.81 m  camera=0.55 m  delta=-0.26 m  CAMERA SEES CLOSER - lidar may be missing this obstacle
[ 2267.5s] CAMERA/LIDAR DISAGREE - lidar=1.11 m  camera=0.55 m  delta=-0.56 m  CAMERA SEES CLOSER - lidar may be missing this obstacle
[ 2268.0s] CAMERA/LIDAR DISAGREE - lidar=1.11 m  camera=0.55 m  delta=-0.56 m  CAMERA SEES CLOSER - lidar may be missing this obstacle
[ 2268.5s] CAMERA/LIDAR DISAGREE - lidar=0.84 m  camera=0.55 m  delta=-0.29 m  CAMERA SEES CLOSER - lidar may be missing this obstacle
[ 2272.0s] CAMERA/LIDAR DISAGREE - lidar=0.87 m  camera=0.55 m  delta=-0.32 m  CAMERA SEES CLOSER - lidar may be missing this obstacle
[ 2273.5s] CAMERA/LIDAR DISAGREE - lidar=1.11 m  camera=0.55 m  delta=-0.56 m  CAMERA SEES CLOSER - lidar may be missing this obstacle
[ 2274.0s] CAMERA/LIDAR DISAGREE - lidar=1.11 m  camera=0.55 m  delta=-0.56 m  CAMERA SEES CLOSER - lidar may be missing this obstacle
[ 2274.5s] CAMERA/LIDAR DISAGREE - lidar=0.86 m  camera=0.55 m  delta=-0.31 m  CAMERA SEES CLOSER - lidar may be missing this obstacle
[ 2277.5s] CAMERA/LIDAR DISAGREE - lidar=0.86 m  camera=0.55 m  delta=-0.31 m  CAMERA SEES CLOSER - lidar may be missing this obstacle
[ 2279.5s] CAMERA/LIDAR DISAGREE - lidar=0.87 m  camera=0.55 m  delta=-0.32 m  CAMERA SEES CLOSER - lidar may be missing this obstacle
[ 2280.0s] CAMERA/LIDAR DISAGREE - lidar=1.11 m  camera=0.55 m  delta=-0.56 m  CAMERA SEES CLOSER - lidar may be missing this obstacle
[ 2280.5s] CAMERA/LIDAR DISAGREE - lidar=0.85 m  camera=0.55 m  delta=-0.30 m  CAMERA SEES CLOSER - lidar may be missing this obstacle
[ 2285.0s] CAMERA/LIDAR DISAGREE - lidar=0.85 m  camera=0.55 m  delta=-0.30 m  CAMERA SEES CLOSER - lidar may be missing this obstacle
[ 2285.5s] CAMERA/LIDAR DISAGREE - lidar=0.87 m  camera=0.55 m  delta=-0.32 m  CAMERA SEES CLOSER - lidar may be missing this obstacle
[ 2287.5s] CAMERA/LIDAR DISAGREE - lidar=1.11 m  camera=0.55 m  delta=-0.56 m  CAMERA SEES CLOSER - lidar may be missing this obstacle
[ 2288.0s] CAMERA/LIDAR DISAGREE - lidar=0.87 m  camera=0.55 m  delta=-0.32 m  CAMERA SEES CLOSER - lidar may be missing this obstacle
[ 2297.0s] CAMERA/LIDAR DISAGREE - lidar=0.88 m  camera=0.55 m  delta=-0.33 m  CAMERA SEES CLOSER - lidar may be missing this obstacle
[ 2297.5s] CAMERA/LIDAR DISAGREE - lidar=0.87 m  camera=0.55 m  delta=-0.32 m  CAMERA SEES CLOSER - lidar may be missing this obstacle
[ 2306.0s] CAMERA/LIDAR DISAGREE - lidar=1.12 m  camera=0.55 m  delta=-0.57 m  CAMERA SEES CLOSER - lidar may be missing this obstacle
[ 2307.5s] CAMERA/LIDAR DISAGREE - lidar=1.12 m  camera=0.55 m  delta=-0.57 m  CAMERA SEES CLOSER - lidar may be missing this obstacle
[ 2309.5s] CAMERA/LIDAR DISAGREE - lidar=1.11 m  camera=0.55 m  delta=-0.56 m  CAMERA SEES CLOSER - lidar may be missing this obstacle
[ 2312.5s] CAMERA/LIDAR DISAGREE - lidar=1.11 m  camera=0.55 m  delta=-0.56 m  CAMERA SEES CLOSER - lidar may be missing this obstacle
[ 2319.5s] CAMERA/LIDAR DISAGREE - lidar=1.11 m  camera=0.55 m  delta=-0.56 m  CAMERA SEES CLOSER - lidar may be missing this obstacle
[ 2320.0s] CAMERA/LIDAR DISAGREE - lidar=0.87 m  camera=0.55 m  delta=-0.32 m  CAMERA SEES CLOSER - lidar may be missing this obstacle
[ 2320.5s] CAMERA/LIDAR DISAGREE - lidar=0.86 m  camera=0.55 m  delta=-0.31 m  CAMERA SEES CLOSER - lidar may be missing this obstacle
[ 2325.5s] CAMERA/LIDAR DISAGREE - lidar=1.11 m  camera=0.55 m  delta=-0.56 m  CAMERA SEES CLOSER - lidar may be missing this obstacle
[ 2328.5s] CAMERA/LIDAR DISAGREE - lidar=0.87 m  camera=0.55 m  delta=-0.32 m  CAMERA SEES CLOSER - lidar may be missing this obstacle
[ 2329.0s] CAMERA/LIDAR DISAGREE - lidar=1.11 m  camera=0.55 m  delta=-0.56 m  CAMERA SEES CLOSER - lidar may be missing this obstacle
[ 2334.5s] CAMERA/LIDAR DISAGREE - lidar=0.87 m  camera=0.55 m  delta=-0.32 m  CAMERA SEES CLOSER - lidar may be missing this obstacle
[ 2335.0s] CAMERA/LIDAR DISAGREE - lidar=1.12 m  camera=0.55 m  delta=-0.57 m  CAMERA SEES CLOSER - lidar may be missing this obstacle
[ 2337.0s] CAMERA/LIDAR DISAGREE - lidar=0.81 m  camera=0.55 m  delta=-0.26 m  CAMERA SEES CLOSER - lidar may be missing this obstacle
[ 2337.5s] CAMERA/LIDAR DISAGREE - lidar=0.85 m  camera=0.55 m  delta=-0.30 m  CAMERA SEES CLOSER - lidar may be missing this obstacle
[ 2339.5s] CAMERA/LIDAR DISAGREE - lidar=0.88 m  camera=0.55 m  delta=-0.33 m  CAMERA SEES CLOSER - lidar may be missing this obstacle
[ 2343.0s] CAMERA/LIDAR DISAGREE - lidar=1.11 m  camera=0.55 m  delta=-0.56 m  CAMERA SEES CLOSER - lidar may be missing this obstacle
[ 2343.5s] CAMERA/LIDAR DISAGREE - lidar=1.12 m  camera=0.55 m  delta=-0.57 m  CAMERA SEES CLOSER - lidar may be missing this obstacle
[ 2347.0s] CAMERA/LIDAR DISAGREE - lidar=0.86 m  camera=0.55 m  delta=-0.31 m  CAMERA SEES CLOSER - lidar may be missing this obstacle
[ 2352.0s] CAMERA/LIDAR DISAGREE - lidar=0.86 m  camera=0.55 m  delta=-0.31 m  CAMERA SEES CLOSER - lidar may be missing this obstacle
[ 2353.5s] CAMERA/LIDAR DISAGREE - lidar=0.87 m  camera=0.55 m  delta=-0.32 m  CAMERA SEES CLOSER - lidar may be missing this obstacle
[ 2354.0s] CAMERA/LIDAR DISAGREE - lidar=0.88 m  camera=0.55 m  delta=-0.33 m  CAMERA SEES CLOSER - lidar may be missing this obstacle
[ 2358.0s] CAMERA/LIDAR DISAGREE - lidar=0.87 m  camera=0.55 m  delta=-0.32 m  CAMERA SEES CLOSER - lidar may be missing this obstacle
[ 2358.5s] CAMERA/LIDAR DISAGREE - lidar=0.86 m  camera=0.55 m  delta=-0.31 m  CAMERA SEES CLOSER - lidar may be missing this obstacle
[ 2364.5s] CAMERA/LIDAR DISAGREE - lidar=1.12 m  camera=0.55 m  delta=-0.57 m  CAMERA SEES CLOSER - lidar may be missing this obstacle
[ 2366.0s] CAMERA/LIDAR DISAGREE - lidar=0.85 m  camera=0.55 m  delta=-0.30 m  CAMERA SEES CLOSER - lidar may be missing this obstacle
[ 2375.0s] CAMERA/LIDAR DISAGREE - lidar=1.11 m  camera=0.55 m  delta=-0.56 m  CAMERA SEES CLOSER - lidar may be missing this obstacle
[ 2379.0s] CAMERA/LIDAR DISAGREE - lidar=0.84 m  camera=0.55 m  delta=-0.29 m  CAMERA SEES CLOSER - lidar may be missing this obstacle
[ 2379.5s] CAMERA/LIDAR DISAGREE - lidar=1.12 m  camera=0.55 m  delta=-0.57 m  CAMERA SEES CLOSER - lidar may be missing this obstacle
[ 2387.5s] CAMERA/LIDAR DISAGREE - lidar=1.11 m  camera=0.55 m  delta=-0.56 m  CAMERA SEES CLOSER - lidar may be missing this obstacle
[ 2390.5s] CAMERA/LIDAR DISAGREE - lidar=0.87 m  camera=0.55 m  delta=-0.32 m  CAMERA SEES CLOSER - lidar may be missing this obstacle
[ 2391.0s] CAMERA/LIDAR DISAGREE - lidar=1.12 m  camera=0.55 m  delta=-0.57 m  CAMERA SEES CLOSER - lidar may be missing this obstacle
[ 2391.5s] CAMERA/LIDAR DISAGREE - lidar=1.12 m  camera=0.55 m  delta=-0.57 m  CAMERA SEES CLOSER - lidar may be missing this obstacle
[ 2393.5s] CAMERA/LIDAR DISAGREE - lidar=0.88 m  camera=0.55 m  delta=-0.33 m  CAMERA SEES CLOSER - lidar may be missing this obstacle
[ 2395.0s] CAMERA/LIDAR DISAGREE - lidar=1.12 m  camera=0.55 m  delta=-0.57 m  CAMERA SEES CLOSER - lidar may be missing this obstacle
[ 2395.5s] CAMERA/LIDAR DISAGREE - lidar=1.11 m  camera=0.55 m  delta=-0.57 m  CAMERA SEES CLOSER - lidar may be missing this obstacle
[ 2406.5s] CAMERA/LIDAR DISAGREE - lidar=1.11 m  camera=0.55 m  delta=-0.56 m  CAMERA SEES CLOSER - lidar may be missing this obstacle
[ 2409.0s] CAMERA/LIDAR DISAGREE - lidar=1.11 m  camera=0.55 m  delta=-0.56 m  CAMERA SEES CLOSER - lidar may be missing this obstacle
[ 2415.5s] CAMERA/LIDAR DISAGREE - lidar=0.86 m  camera=0.55 m  delta=-0.31 m  CAMERA SEES CLOSER - lidar may be missing this obstacle
[ 2416.0s] CAMERA/LIDAR DISAGREE - lidar=0.87 m  camera=0.55 m  delta=-0.32 m  CAMERA SEES CLOSER - lidar may be missing this obstacle
[ 2416.5s] CAMERA/LIDAR DISAGREE - lidar=0.84 m  camera=0.55 m  delta=-0.29 m  CAMERA SEES CLOSER - lidar may be missing this obstacle
[ 2418.5s] CAMERA/LIDAR DISAGREE - lidar=0.87 m  camera=0.55 m  delta=-0.32 m  CAMERA SEES CLOSER - lidar may be missing this obstacle
[ 2419.0s] CAMERA/LIDAR DISAGREE - lidar=1.11 m  camera=0.55 m  delta=-0.56 m  CAMERA SEES CLOSER - lidar may be missing this obstacle
[ 2419.5s] CAMERA/LIDAR DISAGREE - lidar=1.11 m  camera=0.55 m  delta=-0.56 m  CAMERA SEES CLOSER - lidar may be missing this obstacle
[ 2423.0s] CAMERA/LIDAR DISAGREE - lidar=0.87 m  camera=0.55 m  delta=-0.32 m  CAMERA SEES CLOSER - lidar may be missing this obstacle
[ 2423.5s] CAMERA/LIDAR DISAGREE - lidar=1.11 m  camera=0.55 m  delta=-0.56 m  CAMERA SEES CLOSER - lidar may be missing this obstacle
[ 2424.0s] CAMERA/LIDAR DISAGREE - lidar=0.87 m  camera=0.55 m  delta=-0.32 m  CAMERA SEES CLOSER - lidar may be missing this obstacle
[ 2426.0s] CAMERA/LIDAR DISAGREE - lidar=0.87 m  camera=0.55 m  delta=-0.32 m  CAMERA SEES CLOSER - lidar may be missing this obstacle
[ 2426.5s] CAMERA/LIDAR DISAGREE - lidar=1.11 m  camera=0.55 m  delta=-0.56 m  CAMERA SEES CLOSER - lidar may be missing this obstacle
[ 2432.0s] CAMERA/LIDAR DISAGREE - lidar=1.12 m  camera=0.55 m  delta=-0.57 m  CAMERA SEES CLOSER - lidar may be missing this obstacle
[ 2436.0s] CAMERA/LIDAR DISAGREE - lidar=1.11 m  camera=0.55 m  delta=-0.56 m  CAMERA SEES CLOSER - lidar may be missing this obstacle
[ 2438.5s] CAMERA/LIDAR DISAGREE - lidar=1.12 m  camera=0.55 m  delta=-0.57 m  CAMERA SEES CLOSER - lidar may be missing this obstacle
[ 2444.5s] CAMERA/LIDAR DISAGREE - lidar=0.84 m  camera=0.55 m  delta=-0.29 m  CAMERA SEES CLOSER - lidar may be missing this obstacle
[ 2447.0s] CAMERA/LIDAR DISAGREE - lidar=1.12 m  camera=0.55 m  delta=-0.57 m  CAMERA SEES CLOSER - lidar may be missing this obstacle
[ 2449.5s] CAMERA/LIDAR DISAGREE - lidar=1.12 m  camera=0.55 m  delta=-0.57 m  CAMERA SEES CLOSER - lidar may be missing this obstacle
[ 2450.0s] CAMERA/LIDAR DISAGREE - lidar=1.12 m  camera=0.55 m  delta=-0.57 m  CAMERA SEES CLOSER - lidar may be missing this obstacle
[ 2450.5s] CAMERA/LIDAR DISAGREE - lidar=1.12 m  camera=0.55 m  delta=-0.57 m  CAMERA SEES CLOSER - lidar may be missing this obstacle
[ 2455.0s] CAMERA/LIDAR DISAGREE - lidar=1.12 m  camera=0.55 m  delta=-0.57 m  CAMERA SEES CLOSER - lidar may be missing this obstacle
[ 2459.0s] CAMERA/LIDAR DISAGREE - lidar=1.12 m  camera=0.55 m  delta=-0.57 m  CAMERA SEES CLOSER - lidar may be missing this obstacle
[ 2462.0s] CAMERA/LIDAR DISAGREE - lidar=0.86 m  camera=0.55 m  delta=-0.31 m  CAMERA SEES CLOSER - lidar may be missing this obstacle
[ 2462.5s] CAMERA/LIDAR DISAGREE - lidar=1.12 m  camera=0.55 m  delta=-0.57 m  CAMERA SEES CLOSER - lidar may be missing this obstacle
[ 2469.0s] CAMERA/LIDAR DISAGREE - lidar=0.88 m  camera=0.55 m  delta=-0.33 m  CAMERA SEES CLOSER - lidar may be missing this obstacle
[ 2469.5s] CAMERA/LIDAR DISAGREE - lidar=0.87 m  camera=0.55 m  delta=-0.32 m  CAMERA SEES CLOSER - lidar may be missing this obstacle
[ 2477.5s] CAMERA/LIDAR DISAGREE - lidar=0.87 m  camera=0.55 m  delta=-0.32 m  CAMERA SEES CLOSER - lidar may be missing this obstacle
[ 2478.0s] CAMERA/LIDAR DISAGREE - lidar=0.87 m  camera=0.55 m  delta=-0.32 m  CAMERA SEES CLOSER - lidar may be missing this obstacle
[ 2478.5s] CAMERA/LIDAR DISAGREE - lidar=0.87 m  camera=0.55 m  delta=-0.32 m  CAMERA SEES CLOSER - lidar may be missing this obstacle
[ 2480.5s] CAMERA/LIDAR DISAGREE - lidar=0.85 m  camera=0.55 m  delta=-0.30 m  CAMERA SEES CLOSER - lidar may be missing this obstacle
[ 2484.5s] CAMERA/LIDAR DISAGREE - lidar=1.11 m  camera=0.55 m  delta=-0.56 m  CAMERA SEES CLOSER - lidar may be missing this obstacle
[ 2486.0s] CAMERA/LIDAR DISAGREE - lidar=0.85 m  camera=0.55 m  delta=-0.30 m  CAMERA SEES CLOSER - lidar may be missing this obstacle
[ 2488.0s] CAMERA/LIDAR DISAGREE - lidar=1.12 m  camera=0.55 m  delta=-0.57 m  CAMERA SEES CLOSER - lidar may be missing this obstacle
[ 2491.0s] CAMERA/LIDAR DISAGREE - lidar=1.12 m  camera=0.55 m  delta=-0.57 m  CAMERA SEES CLOSER - lidar may be missing this obstacle
[ 2491.5s] CAMERA/LIDAR DISAGREE - lidar=1.12 m  camera=0.55 m  delta=-0.57 m  CAMERA SEES CLOSER - lidar may be missing this obstacle
[ 2492.0s] CAMERA/LIDAR DISAGREE - lidar=1.11 m  camera=0.55 m  delta=-0.56 m  CAMERA SEES CLOSER - lidar may be missing this obstacle
[ 2496.0s] CAMERA/LIDAR DISAGREE - lidar=1.11 m  camera=0.55 m  delta=-0.56 m  CAMERA SEES CLOSER - lidar may be missing this obstacle
[ 2502.0s] CAMERA/LIDAR DISAGREE - lidar=1.11 m  camera=0.55 m  delta=-0.56 m  CAMERA SEES CLOSER - lidar may be missing this obstacle
[ 2509.0s] CAMERA/LIDAR DISAGREE - lidar=1.11 m  camera=0.55 m  delta=-0.56 m  CAMERA SEES CLOSER - lidar may be missing this obstacle
[ 2509.5s] CAMERA/LIDAR DISAGREE - lidar=0.87 m  camera=0.55 m  delta=-0.32 m  CAMERA SEES CLOSER - lidar may be missing this obstacle
[ 2511.5s] CAMERA/LIDAR DISAGREE - lidar=1.12 m  camera=0.55 m  delta=-0.57 m  CAMERA SEES CLOSER - lidar may be missing this obstacle
[ 2512.0s] CAMERA/LIDAR DISAGREE - lidar=1.12 m  camera=0.55 m  delta=-0.57 m  CAMERA SEES CLOSER - lidar may be missing this obstacle
[ 2513.5s] CAMERA/LIDAR DISAGREE - lidar=1.12 m  camera=0.55 m  delta=-0.57 m  CAMERA SEES CLOSER - lidar may be missing this obstacle
[ 2514.0s] CAMERA/LIDAR DISAGREE - lidar=0.85 m  camera=0.55 m  delta=-0.30 m  CAMERA SEES CLOSER - lidar may be missing this obstacle
[ 2520.5s] CAMERA/LIDAR DISAGREE - lidar=0.87 m  camera=0.55 m  delta=-0.32 m  CAMERA SEES CLOSER - lidar may be missing this obstacle
[ 2526.5s] CAMERA/LIDAR DISAGREE - lidar=0.88 m  camera=0.55 m  delta=-0.33 m  CAMERA SEES CLOSER - lidar may be missing this obstacle
[ 2527.0s] CAMERA/LIDAR DISAGREE - lidar=0.87 m  camera=0.55 m  delta=-0.32 m  CAMERA SEES CLOSER - lidar may be missing this obstacle
[ 2531.5s] CAMERA/LIDAR DISAGREE - lidar=0.85 m  camera=0.55 m  delta=-0.30 m  CAMERA SEES CLOSER - lidar may be missing this obstacle
[ 2537.0s] CAMERA/LIDAR DISAGREE - lidar=0.86 m  camera=0.55 m  delta=-0.31 m  CAMERA SEES CLOSER - lidar may be missing this obstacle
[ 2541.0s] CAMERA/LIDAR DISAGREE - lidar=0.87 m  camera=0.55 m  delta=-0.32 m  CAMERA SEES CLOSER - lidar may be missing this obstacle
[ 2541.5s] CAMERA/LIDAR DISAGREE - lidar=1.12 m  camera=0.55 m  delta=-0.57 m  CAMERA SEES CLOSER - lidar may be missing this obstacle
[ 2547.5s] CAMERA/LIDAR DISAGREE - lidar=0.88 m  camera=0.55 m  delta=-0.33 m  CAMERA SEES CLOSER - lidar may be missing this obstacle
[ 2553.5s] CAMERA/LIDAR DISAGREE - lidar=1.12 m  camera=0.55 m  delta=-0.57 m  CAMERA SEES CLOSER - lidar may be missing this obstacle
[ 2556.5s] CAMERA/LIDAR DISAGREE - lidar=0.83 m  camera=0.55 m  delta=-0.28 m  CAMERA SEES CLOSER - lidar may be missing this obstacle
[ 2561.0s] CAMERA/LIDAR DISAGREE - lidar=0.87 m  camera=0.55 m  delta=-0.32 m  CAMERA SEES CLOSER - lidar may be missing this obstacle
[ 2561.5s] CAMERA/LIDAR DISAGREE - lidar=1.12 m  camera=0.55 m  delta=-0.57 m  CAMERA SEES CLOSER - lidar may be missing this obstacle
[ 2562.5s] CAMERA/LIDAR DISAGREE - lidar=0.85 m  camera=0.55 m  delta=-0.30 m  CAMERA SEES CLOSER - lidar may be missing this obstacle
[ 2564.0s] CAMERA/LIDAR DISAGREE - lidar=0.87 m  camera=0.55 m  delta=-0.32 m  CAMERA SEES CLOSER - lidar may be missing this obstacle
[ 2564.5s] CAMERA/LIDAR DISAGREE - lidar=1.11 m  camera=0.55 m  delta=-0.56 m  CAMERA SEES CLOSER - lidar may be missing this obstacle
[ 2568.5s] CAMERA/LIDAR DISAGREE - lidar=1.11 m  camera=0.55 m  delta=-0.56 m  CAMERA SEES CLOSER - lidar may be missing this obstacle
[ 2571.0s] CAMERA/LIDAR DISAGREE - lidar=1.12 m  camera=0.55 m  delta=-0.57 m  CAMERA SEES CLOSER - lidar may be missing this obstacle
[ 2575.0s] CAMERA/LIDAR DISAGREE - lidar=1.12 m  camera=0.55 m  delta=-0.57 m  CAMERA SEES CLOSER - lidar may be missing this obstacle
[ 2578.0s] CAMERA/LIDAR DISAGREE - lidar=1.12 m  camera=0.55 m  delta=-0.57 m  CAMERA SEES CLOSER - lidar may be missing this obstacle
[ 2578.5s] CAMERA/LIDAR DISAGREE - lidar=0.83 m  camera=0.55 m  delta=-0.28 m  CAMERA SEES CLOSER - lidar may be missing this obstacle
[ 2579.0s] CAMERA/LIDAR DISAGREE - lidar=1.11 m  camera=0.55 m  delta=-0.56 m  CAMERA SEES CLOSER - lidar may be missing this obstacle
[ 2590.0s] CAMERA/LIDAR DISAGREE - lidar=0.87 m  camera=0.55 m  delta=-0.32 m  CAMERA SEES CLOSER - lidar may be missing this obstacle
[ 2590.5s] CAMERA/LIDAR DISAGREE - lidar=0.87 m  camera=0.55 m  delta=-0.32 m  CAMERA SEES CLOSER - lidar may be missing this obstacle
[ 2591.0s] CAMERA/LIDAR DISAGREE - lidar=1.12 m  camera=0.55 m  delta=-0.57 m  CAMERA SEES CLOSER - lidar may be missing this obstacle
[ 2595.0s] CAMERA/LIDAR DISAGREE - lidar=0.88 m  camera=0.55 m  delta=-0.32 m  CAMERA SEES CLOSER - lidar may be missing this obstacle
[ 2596.5s] CAMERA/LIDAR DISAGREE - lidar=1.12 m  camera=0.55 m  delta=-0.57 m  CAMERA SEES CLOSER - lidar may be missing this obstacle
[ 2597.0s] CAMERA/LIDAR DISAGREE - lidar=0.86 m  camera=0.55 m  delta=-0.31 m  CAMERA SEES CLOSER - lidar may be missing this obstacle
[ 2600.5s] CAMERA/LIDAR DISAGREE - lidar=1.11 m  camera=0.55 m  delta=-0.56 m  CAMERA SEES CLOSER - lidar may be missing this obstacle
[ 2601.0s] CAMERA/LIDAR DISAGREE - lidar=1.12 m  camera=0.55 m  delta=-0.57 m  CAMERA SEES CLOSER - lidar may be missing this obstacle
[ 2601.5s] CAMERA/LIDAR DISAGREE - lidar=0.86 m  camera=0.55 m  delta=-0.31 m  CAMERA SEES CLOSER - lidar may be missing this obstacle
[ 2606.5s] CAMERA/LIDAR DISAGREE - lidar=0.86 m  camera=0.55 m  delta=-0.31 m  CAMERA SEES CLOSER - lidar may be missing this obstacle
[ 2612.0s] CAMERA/LIDAR DISAGREE - lidar=0.88 m  camera=0.55 m  delta=-0.33 m  CAMERA SEES CLOSER - lidar may be missing this obstacle
[ 2612.5s] CAMERA/LIDAR DISAGREE - lidar=0.88 m  camera=0.55 m  delta=-0.33 m  CAMERA SEES CLOSER - lidar may be missing this obstacle
[ 2613.0s] CAMERA/LIDAR DISAGREE - lidar=0.88 m  camera=0.55 m  delta=-0.33 m  CAMERA SEES CLOSER - lidar may be missing this obstacle
[ 2615.0s] CAMERA/LIDAR DISAGREE - lidar=0.87 m  camera=0.55 m  delta=-0.32 m  CAMERA SEES CLOSER - lidar may be missing this obstacle
[ 2615.5s] CAMERA/LIDAR DISAGREE - lidar=0.82 m  camera=0.55 m  delta=-0.27 m  CAMERA SEES CLOSER - lidar may be missing this obstacle
[ 2623.0s] CAMERA/LIDAR DISAGREE - lidar=1.12 m  camera=0.55 m  delta=-0.57 m  CAMERA SEES CLOSER - lidar may be missing this obstacle
[ 2623.5s] CAMERA/LIDAR DISAGREE - lidar=0.88 m  camera=0.55 m  delta=-0.33 m  CAMERA SEES CLOSER - lidar may be missing this obstacle
[ 2632.0s] CAMERA/LIDAR DISAGREE - lidar=0.87 m  camera=0.55 m  delta=-0.32 m  CAMERA SEES CLOSER - lidar may be missing this obstacle
[ 2633.0s] CAMERA/LIDAR DISAGREE - lidar=1.12 m  camera=0.55 m  delta=-0.57 m  CAMERA SEES CLOSER - lidar may be missing this obstacle
[ 2633.5s] CAMERA/LIDAR DISAGREE - lidar=0.87 m  camera=0.55 m  delta=-0.32 m  CAMERA SEES CLOSER - lidar may be missing this obstacle
[ 2638.0s] CAMERA/LIDAR DISAGREE - lidar=1.12 m  camera=0.55 m  delta=-0.57 m  CAMERA SEES CLOSER - lidar may be missing this obstacle
[ 2639.0s] CAMERA/LIDAR DISAGREE - lidar=1.12 m  camera=0.55 m  delta=-0.57 m  CAMERA SEES CLOSER - lidar may be missing this obstacle
[ 2640.0s] CAMERA/LIDAR DISAGREE - lidar=0.87 m  camera=0.55 m  delta=-0.32 m  CAMERA SEES CLOSER - lidar may be missing this obstacle
[ 2651.5s] CAMERA/LIDAR DISAGREE - lidar=1.12 m  camera=0.55 m  delta=-0.57 m  CAMERA SEES CLOSER - lidar may be missing this obstacle
[ 2652.5s] CAMERA/LIDAR DISAGREE - lidar=0.80 m  camera=0.55 m  delta=-0.25 m  CAMERA SEES CLOSER - lidar may be missing this obstacle
[ 2653.5s] CAMERA/LIDAR DISAGREE - lidar=0.87 m  camera=0.55 m  delta=-0.32 m  CAMERA SEES CLOSER - lidar may be missing this obstacle
[ 2659.0s] CAMERA/LIDAR DISAGREE - lidar=0.87 m  camera=0.55 m  delta=-0.32 m  CAMERA SEES CLOSER - lidar may be missing this obstacle
[ 2660.5s] CAMERA/LIDAR DISAGREE - lidar=1.12 m  camera=0.55 m  delta=-0.57 m  CAMERA SEES CLOSER - lidar may be missing this obstacle
[ 2661.0s] CAMERA/LIDAR DISAGREE - lidar=0.87 m  camera=0.55 m  delta=-0.32 m  CAMERA SEES CLOSER - lidar may be missing this obstacle
[ 2665.0s] CAMERA/LIDAR DISAGREE - lidar=1.12 m  camera=0.55 m  delta=-0.57 m  CAMERA SEES CLOSER - lidar may be missing this obstacle
[ 2665.5s] CAMERA/LIDAR DISAGREE - lidar=0.86 m  camera=0.55 m  delta=-0.31 m  CAMERA SEES CLOSER - lidar may be missing this obstacle
[ 2678.0s] CAMERA/LIDAR DISAGREE - lidar=0.88 m  camera=0.55 m  delta=-0.33 m  CAMERA SEES CLOSER - lidar may be missing this obstacle
[ 2681.0s] CAMERA/LIDAR DISAGREE - lidar=0.82 m  camera=0.55 m  delta=-0.27 m  CAMERA SEES CLOSER - lidar may be missing this obstacle
[ 2683.0s] CAMERA/LIDAR DISAGREE - lidar=1.11 m  camera=0.55 m  delta=-0.56 m  CAMERA SEES CLOSER - lidar may be missing this obstacle
[ 2683.5s] CAMERA/LIDAR DISAGREE - lidar=1.12 m  camera=0.55 m  delta=-0.57 m  CAMERA SEES CLOSER - lidar may be missing this obstacle
[ 2684.0s] CAMERA/LIDAR DISAGREE - lidar=1.12 m  camera=0.55 m  delta=-0.57 m  CAMERA SEES CLOSER - lidar may be missing this obstacle
[ 2692.5s] CAMERA/LIDAR DISAGREE - lidar=0.88 m  camera=0.55 m  delta=-0.33 m  CAMERA SEES CLOSER - lidar may be missing this obstacle
[ 2702.5s] CAMERA/LIDAR DISAGREE - lidar=0.86 m  camera=0.55 m  delta=-0.31 m  CAMERA SEES CLOSER - lidar may be missing this obstacle
[ 2703.5s] CAMERA/LIDAR DISAGREE - lidar=1.12 m  camera=0.55 m  delta=-0.57 m  CAMERA SEES CLOSER - lidar may be missing this obstacle
[ 2704.0s] CAMERA/LIDAR DISAGREE - lidar=0.83 m  camera=0.55 m  delta=-0.28 m  CAMERA SEES CLOSER - lidar may be missing this obstacle
[ 2704.5s] CAMERA/LIDAR DISAGREE - lidar=1.12 m  camera=0.55 m  delta=-0.57 m  CAMERA SEES CLOSER - lidar may be missing this obstacle
[ 2716.5s] CAMERA/LIDAR DISAGREE - lidar=0.85 m  camera=0.55 m  delta=-0.30 m  CAMERA SEES CLOSER - lidar may be missing this obstacle
[ 2717.0s] CAMERA/LIDAR DISAGREE - lidar=0.88 m  camera=0.55 m  delta=-0.33 m  CAMERA SEES CLOSER - lidar may be missing this obstacle
[ 2717.5s] CAMERA/LIDAR DISAGREE - lidar=0.87 m  camera=0.55 m  delta=-0.32 m  CAMERA SEES CLOSER - lidar may be missing this obstacle
[ 2718.5s] CAMERA/LIDAR DISAGREE - lidar=0.87 m  camera=0.55 m  delta=-0.32 m  CAMERA SEES CLOSER - lidar may be missing this obstacle
[ 2719.5s] CAMERA/LIDAR DISAGREE - lidar=0.85 m  camera=0.55 m  delta=-0.30 m  CAMERA SEES CLOSER - lidar may be missing this obstacle
[ 2721.0s] CAMERA/LIDAR DISAGREE - lidar=1.12 m  camera=0.55 m  delta=-0.57 m  CAMERA SEES CLOSER - lidar may be missing this obstacle
[ 2721.5s] CAMERA/LIDAR DISAGREE - lidar=1.11 m  camera=0.55 m  delta=-0.56 m  CAMERA SEES CLOSER - lidar may be missing this obstacle
[ 2722.0s] CAMERA/LIDAR DISAGREE - lidar=0.84 m  camera=0.55 m  delta=-0.30 m  CAMERA SEES CLOSER - lidar may be missing this obstacle
[ 2725.0s] CAMERA/LIDAR DISAGREE - lidar=1.12 m  camera=0.55 m  delta=-0.57 m  CAMERA SEES CLOSER - lidar may be missing this obstacle
[ 2726.0s] CAMERA/LIDAR DISAGREE - lidar=1.12 m  camera=0.55 m  delta=-0.57 m  CAMERA SEES CLOSER - lidar may be missing this obstacle
[ 2728.0s] CAMERA/LIDAR DISAGREE - lidar=0.81 m  camera=0.55 m  delta=-0.26 m  CAMERA SEES CLOSER - lidar may be missing this obstacle
[ 2736.0s] CAMERA/LIDAR DISAGREE - lidar=1.12 m  camera=0.55 m  delta=-0.57 m  CAMERA SEES CLOSER - lidar may be missing this obstacle
[ 2736.5s] CAMERA/LIDAR DISAGREE - lidar=1.12 m  camera=0.55 m  delta=-0.57 m  CAMERA SEES CLOSER - lidar may be missing this obstacle
[ 2740.5s] CAMERA/LIDAR DISAGREE - lidar=0.86 m  camera=0.55 m  delta=-0.31 m  CAMERA SEES CLOSER - lidar may be missing this obstacle
[ 2743.5s] CAMERA/LIDAR DISAGREE - lidar=1.12 m  camera=0.55 m  delta=-0.57 m  CAMERA SEES CLOSER - lidar may be missing this obstacle
[ 2744.0s] CAMERA/LIDAR DISAGREE - lidar=0.87 m  camera=0.55 m  delta=-0.32 m  CAMERA SEES CLOSER - lidar may be missing this obstacle
[ 2752.0s] CAMERA/LIDAR DISAGREE - lidar=1.12 m  camera=0.55 m  delta=-0.57 m  CAMERA SEES CLOSER - lidar may be missing this obstacle
[ 2753.5s] CAMERA/LIDAR DISAGREE - lidar=1.11 m  camera=0.55 m  delta=-0.56 m  CAMERA SEES CLOSER - lidar may be missing this obstacle
[ 2754.0s] CAMERA/LIDAR DISAGREE - lidar=0.86 m  camera=0.55 m  delta=-0.31 m  CAMERA SEES CLOSER - lidar may be missing this obstacle
[ 2755.5s] CAMERA/LIDAR DISAGREE - lidar=1.12 m  camera=0.55 m  delta=-0.57 m  CAMERA SEES CLOSER - lidar may be missing this obstacle
[ 2756.0s] CAMERA/LIDAR DISAGREE - lidar=0.87 m  camera=0.55 m  delta=-0.32 m  CAMERA SEES CLOSER - lidar may be missing this obstacle
[ 2757.5s] CAMERA/LIDAR DISAGREE - lidar=1.12 m  camera=0.55 m  delta=-0.57 m  CAMERA SEES CLOSER - lidar may be missing this obstacle
[ 2758.5s] CAMERA/LIDAR DISAGREE - lidar=1.12 m  camera=0.55 m  delta=-0.57 m  CAMERA SEES CLOSER - lidar may be missing this obstacle
[ 2762.0s] CAMERA/LIDAR DISAGREE - lidar=1.12 m  camera=0.55 m  delta=-0.57 m  CAMERA SEES CLOSER - lidar may be missing this obstacle
[ 2770.0s] CAMERA/LIDAR DISAGREE - lidar=0.88 m  camera=0.55 m  delta=-0.33 m  CAMERA SEES CLOSER - lidar may be missing this obstacle
[ 2777.0s] CAMERA/LIDAR DISAGREE - lidar=0.87 m  camera=0.55 m  delta=-0.32 m  CAMERA SEES CLOSER - lidar may be missing this obstacle
[ 2783.0s] CAMERA/LIDAR DISAGREE - lidar=1.11 m  camera=0.55 m  delta=-0.56 m  CAMERA SEES CLOSER - lidar may be missing this obstacle
[ 2783.5s] CAMERA/LIDAR DISAGREE - lidar=1.12 m  camera=0.55 m  delta=-0.57 m  CAMERA SEES CLOSER - lidar may be missing this obstacle
[ 2784.0s] CAMERA/LIDAR DISAGREE - lidar=0.87 m  camera=0.55 m  delta=-0.32 m  CAMERA SEES CLOSER - lidar may be missing this obstacle
[ 2785.5s] CAMERA/LIDAR DISAGREE - lidar=1.12 m  camera=0.55 m  delta=-0.57 m  CAMERA SEES CLOSER - lidar may be missing this obstacle
[ 2790.5s] CAMERA/LIDAR DISAGREE - lidar=0.87 m  camera=0.55 m  delta=-0.32 m  CAMERA SEES CLOSER - lidar may be missing this obstacle
[ 2796.5s] CAMERA/LIDAR DISAGREE - lidar=1.12 m  camera=0.55 m  delta=-0.57 m  CAMERA SEES CLOSER - lidar may be missing this obstacle
[ 2797.0s] CAMERA/LIDAR DISAGREE - lidar=1.11 m  camera=0.55 m  delta=-0.56 m  CAMERA SEES CLOSER - lidar may be missing this obstacle
[ 2806.0s] CAMERA/LIDAR DISAGREE - lidar=1.12 m  camera=0.55 m  delta=-0.57 m  CAMERA SEES CLOSER - lidar may be missing this obstacle
[ 2808.5s] CAMERA/LIDAR DISAGREE - lidar=1.12 m  camera=0.55 m  delta=-0.57 m  CAMERA SEES CLOSER - lidar may be missing this obstacle
[ 2809.5s] CAMERA/LIDAR DISAGREE - lidar=1.12 m  camera=0.55 m  delta=-0.57 m  CAMERA SEES CLOSER - lidar may be missing this obstacle
[ 2811.0s] CAMERA/LIDAR DISAGREE - lidar=0.87 m  camera=0.55 m  delta=-0.32 m  CAMERA SEES CLOSER - lidar may be missing this obstacle
[ 2824.0s] CAMERA/LIDAR DISAGREE - lidar=0.85 m  camera=0.55 m  delta=-0.30 m  CAMERA SEES CLOSER - lidar may be missing this obstacle
[ 2830.0s] CAMERA/LIDAR DISAGREE - lidar=1.11 m  camera=0.55 m  delta=-0.56 m  CAMERA SEES CLOSER - lidar may be missing this obstacle
[ 2831.5s] CAMERA/LIDAR DISAGREE - lidar=0.87 m  camera=0.55 m  delta=-0.32 m  CAMERA SEES CLOSER - lidar may be missing this obstacle
[ 2832.0s] CAMERA/LIDAR DISAGREE - lidar=0.85 m  camera=0.55 m  delta=-0.30 m  CAMERA SEES CLOSER - lidar may be missing this obstacle
[ 2832.5s] CAMERA/LIDAR DISAGREE - lidar=0.87 m  camera=0.55 m  delta=-0.32 m  CAMERA SEES CLOSER - lidar may be missing this obstacle
[ 2836.0s] CAMERA/LIDAR DISAGREE - lidar=0.88 m  camera=0.55 m  delta=-0.33 m  CAMERA SEES CLOSER - lidar may be missing this obstacle
[ 2840.5s] CAMERA/LIDAR DISAGREE - lidar=1.12 m  camera=0.55 m  delta=-0.57 m  CAMERA SEES CLOSER - lidar may be missing this obstacle
[ 2841.0s] CAMERA/LIDAR DISAGREE - lidar=0.84 m  camera=0.55 m  delta=-0.29 m  CAMERA SEES CLOSER - lidar may be missing this obstacle
[ 2841.5s] CAMERA/LIDAR DISAGREE - lidar=0.87 m  camera=0.55 m  delta=-0.32 m  CAMERA SEES CLOSER - lidar may be missing this obstacle
[ 2877.0s] CAMERA/LIDAR DISAGREE - lidar=1.12 m  camera=0.55 m  delta=-0.57 m  CAMERA SEES CLOSER - lidar may be missing this obstacle
[ 2886.0s] CAMERA/LIDAR DISAGREE - lidar=0.88 m  camera=0.55 m  delta=-0.32 m  CAMERA SEES CLOSER - lidar may be missing this obstacle
[ 2886.5s] CAMERA/LIDAR DISAGREE - lidar=0.87 m  camera=0.55 m  delta=-0.32 m  CAMERA SEES CLOSER - lidar may be missing this obstacle
[ 2887.0s] CAMERA/LIDAR DISAGREE - lidar=0.87 m  camera=0.55 m  delta=-0.32 m  CAMERA SEES CLOSER - lidar may be missing this obstacle
[ 2889.5s] CAMERA/LIDAR DISAGREE - lidar=0.84 m  camera=0.55 m  delta=-0.29 m  CAMERA SEES CLOSER - lidar may be missing this obstacle
[ 2890.0s] CAMERA/LIDAR DISAGREE - lidar=1.12 m  camera=0.55 m  delta=-0.57 m  CAMERA SEES CLOSER - lidar may be missing this obstacle
[ 2895.0s] CAMERA/LIDAR DISAGREE - lidar=0.87 m  camera=0.55 m  delta=-0.32 m  CAMERA SEES CLOSER - lidar may be missing this obstacle
[ 2895.5s] CAMERA/LIDAR DISAGREE - lidar=1.11 m  camera=0.55 m  delta=-0.56 m  CAMERA SEES CLOSER - lidar may be missing this obstacle
[ 2896.0s] CAMERA/LIDAR DISAGREE - lidar=1.11 m  camera=0.55 m  delta=-0.56 m  CAMERA SEES CLOSER - lidar may be missing this obstacle
[ 2902.0s] CAMERA/LIDAR DISAGREE - lidar=0.88 m  camera=0.55 m  delta=-0.33 m  CAMERA SEES CLOSER - lidar may be missing this obstacle
[ 2902.5s] CAMERA/LIDAR DISAGREE - lidar=1.12 m  camera=0.55 m  delta=-0.57 m  CAMERA SEES CLOSER - lidar may be missing this obstacle
[ 2907.0s] CAMERA/LIDAR DISAGREE - lidar=1.11 m  camera=0.55 m  delta=-0.56 m  CAMERA SEES CLOSER - lidar may be missing this obstacle
[ 2915.5s] CAMERA/LIDAR DISAGREE - lidar=0.88 m  camera=0.55 m  delta=-0.33 m  CAMERA SEES CLOSER - lidar may be missing this obstacle
[ 2916.0s] CAMERA/LIDAR DISAGREE - lidar=0.84 m  camera=0.55 m  delta=-0.29 m  CAMERA SEES CLOSER - lidar may be missing this obstacle
[ 2924.5s] CAMERA/LIDAR DISAGREE - lidar=0.87 m  camera=0.55 m  delta=-0.32 m  CAMERA SEES CLOSER - lidar may be missing this obstacle
[ 2925.0s] CAMERA/LIDAR DISAGREE - lidar=1.12 m  camera=0.55 m  delta=-0.57 m  CAMERA SEES CLOSER - lidar may be missing this obstacle
[ 2934.0s] CAMERA/LIDAR DISAGREE - lidar=1.11 m  camera=0.55 m  delta=-0.56 m  CAMERA SEES CLOSER - lidar may be missing this obstacle
[ 2935.0s] CAMERA/LIDAR DISAGREE - lidar=0.87 m  camera=0.55 m  delta=-0.32 m  CAMERA SEES CLOSER - lidar may be missing this obstacle
[ 2936.0s] CAMERA/LIDAR DISAGREE - lidar=1.12 m  camera=0.55 m  delta=-0.57 m  CAMERA SEES CLOSER - lidar may be missing this obstacle
[ 2936.5s] CAMERA/LIDAR DISAGREE - lidar=1.12 m  camera=0.55 m  delta=-0.57 m  CAMERA SEES CLOSER - lidar may be missing this obstacle
[ 2937.0s] CAMERA/LIDAR DISAGREE - lidar=1.12 m  camera=0.55 m  delta=-0.57 m  CAMERA SEES CLOSER - lidar may be missing this obstacle
[ 2938.0s] CAMERA/LIDAR DISAGREE - lidar=0.86 m  camera=0.55 m  delta=-0.31 m  CAMERA SEES CLOSER - lidar may be missing this obstacle
[ 2944.0s] CAMERA/LIDAR DISAGREE - lidar=1.11 m  camera=0.55 m  delta=-0.56 m  CAMERA SEES CLOSER - lidar may be missing this obstacle
[ 2951.5s] CAMERA/LIDAR DISAGREE - lidar=0.82 m  camera=0.55 m  delta=-0.27 m  CAMERA SEES CLOSER - lidar may be missing this obstacle
[ 2952.0s] CAMERA/LIDAR DISAGREE - lidar=0.86 m  camera=0.55 m  delta=-0.31 m  CAMERA SEES CLOSER - lidar may be missing this obstacle
[ 2959.5s] CAMERA/LIDAR DISAGREE - lidar=0.87 m  camera=0.55 m  delta=-0.32 m  CAMERA SEES CLOSER - lidar may be missing this obstacle
[ 2967.0s] CAMERA/LIDAR DISAGREE - lidar=0.87 m  camera=0.55 m  delta=-0.32 m  CAMERA SEES CLOSER - lidar may be missing this obstacle
[ 2970.0s] CAMERA/LIDAR DISAGREE - lidar=1.11 m  camera=0.55 m  delta=-0.56 m  CAMERA SEES CLOSER - lidar may be missing this obstacle
[ 2978.0s] CAMERA/LIDAR DISAGREE - lidar=1.12 m  camera=0.55 m  delta=-0.57 m  CAMERA SEES CLOSER - lidar may be missing this obstacle
[ 2978.5s] CAMERA/LIDAR DISAGREE - lidar=1.11 m  camera=0.55 m  delta=-0.56 m  CAMERA SEES CLOSER - lidar may be missing this obstacle
[ 2980.5s] CAMERA/LIDAR DISAGREE - lidar=0.86 m  camera=0.55 m  delta=-0.31 m  CAMERA SEES CLOSER - lidar may be missing this obstacle
[ 2981.0s] CAMERA/LIDAR DISAGREE - lidar=1.12 m  camera=0.55 m  delta=-0.57 m  CAMERA SEES CLOSER - lidar may be missing this obstacle
[ 2984.0s] CAMERA/LIDAR DISAGREE - lidar=0.85 m  camera=0.55 m  delta=-0.29 m  CAMERA SEES CLOSER - lidar may be missing this obstacle
[ 2997.5s] CAMERA/LIDAR DISAGREE - lidar=1.12 m  camera=0.55 m  delta=-0.57 m  CAMERA SEES CLOSER - lidar may be missing this obstacle
[ 3002.5s] CAMERA/LIDAR DISAGREE - lidar=0.86 m  camera=0.55 m  delta=-0.31 m  CAMERA SEES CLOSER - lidar may be missing this obstacle
[ 3004.0s] CAMERA/LIDAR DISAGREE - lidar=1.12 m  camera=0.55 m  delta=-0.57 m  CAMERA SEES CLOSER - lidar may be missing this obstacle
[ 3004.5s] CAMERA/LIDAR DISAGREE - lidar=1.12 m  camera=0.55 m  delta=-0.57 m  CAMERA SEES CLOSER - lidar may be missing this obstacle
[ 3005.5s] CAMERA/LIDAR DISAGREE - lidar=1.11 m  camera=0.55 m  delta=-0.56 m  CAMERA SEES CLOSER - lidar may be missing this obstacle
[ 3011.0s] CAMERA/LIDAR DISAGREE - lidar=0.86 m  camera=0.55 m  delta=-0.31 m  CAMERA SEES CLOSER - lidar may be missing this obstacle
[ 3016.0s] CAMERA/LIDAR DISAGREE - lidar=1.12 m  camera=0.55 m  delta=-0.57 m  CAMERA SEES CLOSER - lidar may be missing this obstacle
[ 3017.0s] CAMERA/LIDAR DISAGREE - lidar=1.12 m  camera=0.55 m  delta=-0.57 m  CAMERA SEES CLOSER - lidar may be missing this obstacle
[ 3020.5s] CAMERA/LIDAR DISAGREE - lidar=1.12 m  camera=0.55 m  delta=-0.57 m  CAMERA SEES CLOSER - lidar may be missing this obstacle
[ 3027.5s] CAMERA/LIDAR DISAGREE - lidar=0.87 m  camera=0.55 m  delta=-0.32 m  CAMERA SEES CLOSER - lidar may be missing this obstacle
[ 3028.0s] CAMERA/LIDAR DISAGREE - lidar=1.12 m  camera=0.55 m  delta=-0.57 m  CAMERA SEES CLOSER - lidar may be missing this obstacle
[ 3033.0s] CAMERA/LIDAR DISAGREE - lidar=1.12 m  camera=0.55 m  delta=-0.57 m  CAMERA SEES CLOSER - lidar may be missing this obstacle
[ 3044.5s] CAMERA/LIDAR DISAGREE - lidar=0.82 m  camera=0.55 m  delta=-0.27 m  CAMERA SEES CLOSER - lidar may be missing this obstacle
[ 3047.0s] CAMERA/LIDAR DISAGREE - lidar=1.12 m  camera=0.55 m  delta=-0.57 m  CAMERA SEES CLOSER - lidar may be missing this obstacle
[ 3049.0s] CAMERA/LIDAR DISAGREE - lidar=1.12 m  camera=0.55 m  delta=-0.57 m  CAMERA SEES CLOSER - lidar may be missing this obstacle
[ 3058.0s] CAMERA/LIDAR DISAGREE - lidar=1.12 m  camera=0.55 m  delta=-0.57 m  CAMERA SEES CLOSER - lidar may be missing this obstacle
[ 3061.0s] CAMERA/LIDAR DISAGREE - lidar=0.81 m  camera=0.55 m  delta=-0.26 m  CAMERA SEES CLOSER - lidar may be missing this obstacle
[ 3074.5s] CAMERA/LIDAR DISAGREE - lidar=0.87 m  camera=0.55 m  delta=-0.32 m  CAMERA SEES CLOSER - lidar may be missing this obstacle
[ 3076.0s] CAMERA/LIDAR DISAGREE - lidar=0.85 m  camera=0.55 m  delta=-0.30 m  CAMERA SEES CLOSER - lidar may be missing this obstacle
[ 3076.5s] CAMERA/LIDAR DISAGREE - lidar=0.88 m  camera=0.55 m  delta=-0.33 m  CAMERA SEES CLOSER - lidar may be missing this obstacle
[ 3085.0s] CAMERA/LIDAR DISAGREE - lidar=1.12 m  camera=0.55 m  delta=-0.57 m  CAMERA SEES CLOSER - lidar may be missing this obstacle
[ 3085.5s] CAMERA/LIDAR DISAGREE - lidar=0.88 m  camera=0.55 m  delta=-0.33 m  CAMERA SEES CLOSER - lidar may be missing this obstacle
[ 3087.0s] CAMERA/LIDAR DISAGREE - lidar=0.87 m  camera=0.55 m  delta=-0.32 m  CAMERA SEES CLOSER - lidar may be missing this obstacle
[ 3087.5s] CAMERA/LIDAR DISAGREE - lidar=1.11 m  camera=0.55 m  delta=-0.56 m  CAMERA SEES CLOSER - lidar may be missing this obstacle
[ 3091.0s] CAMERA/LIDAR DISAGREE - lidar=0.88 m  camera=0.55 m  delta=-0.33 m  CAMERA SEES CLOSER - lidar may be missing this obstacle
[ 3091.5s] CAMERA/LIDAR DISAGREE - lidar=0.88 m  camera=0.55 m  delta=-0.33 m  CAMERA SEES CLOSER - lidar may be missing this obstacle
[ 3102.5s] CAMERA/LIDAR DISAGREE - lidar=0.83 m  camera=0.55 m  delta=-0.28 m  CAMERA SEES CLOSER - lidar may be missing this obstacle
[ 3103.0s] CAMERA/LIDAR DISAGREE - lidar=0.85 m  camera=0.55 m  delta=-0.30 m  CAMERA SEES CLOSER - lidar may be missing this obstacle
[ 3103.5s] CAMERA/LIDAR DISAGREE - lidar=0.87 m  camera=0.55 m  delta=-0.32 m  CAMERA SEES CLOSER - lidar may be missing this obstacle
[ 3105.0s] CAMERA/LIDAR DISAGREE - lidar=1.12 m  camera=0.55 m  delta=-0.57 m  CAMERA SEES CLOSER - lidar may be missing this obstacle
[ 3108.0s] CAMERA/LIDAR DISAGREE - lidar=0.87 m  camera=0.55 m  delta=-0.32 m  CAMERA SEES CLOSER - lidar may be missing this obstacle
[ 3120.0s] CAMERA/LIDAR DISAGREE - lidar=1.12 m  camera=0.55 m  delta=-0.57 m  CAMERA SEES CLOSER - lidar may be missing this obstacle
[ 3124.0s] CAMERA/LIDAR DISAGREE - lidar=1.12 m  camera=0.55 m  delta=-0.57 m  CAMERA SEES CLOSER - lidar may be missing this obstacle
[ 3124.5s] CAMERA/LIDAR DISAGREE - lidar=1.12 m  camera=0.55 m  delta=-0.57 m  CAMERA SEES CLOSER - lidar may be missing this obstacle
[ 3130.0s] CAMERA/LIDAR DISAGREE - lidar=1.12 m  camera=0.55 m  delta=-0.57 m  CAMERA SEES CLOSER - lidar may be missing this obstacle
[ 3133.5s] CAMERA/LIDAR DISAGREE - lidar=0.87 m  camera=0.55 m  delta=-0.32 m  CAMERA SEES CLOSER - lidar may be missing this obstacle
[ 3135.0s] CAMERA/LIDAR DISAGREE - lidar=1.12 m  camera=0.55 m  delta=-0.57 m  CAMERA SEES CLOSER - lidar may be missing this obstacle
[ 3136.0s] CAMERA/LIDAR DISAGREE - lidar=1.12 m  camera=0.55 m  delta=-0.57 m  CAMERA SEES CLOSER - lidar may be missing this obstacle
[ 3142.5s] CAMERA/LIDAR DISAGREE - lidar=0.88 m  camera=0.55 m  delta=-0.33 m  CAMERA SEES CLOSER - lidar may be missing this obstacle
[ 3145.5s] CAMERA/LIDAR DISAGREE - lidar=0.87 m  camera=0.55 m  delta=-0.32 m  CAMERA SEES CLOSER - lidar may be missing this obstacle
[ 3147.0s] CAMERA/LIDAR DISAGREE - lidar=1.12 m  camera=0.55 m  delta=-0.57 m  CAMERA SEES CLOSER - lidar may be missing this obstacle
[ 3151.5s] CAMERA/LIDAR DISAGREE - lidar=0.83 m  camera=0.55 m  delta=-0.28 m  CAMERA SEES CLOSER - lidar may be missing this obstacle
[ 3153.0s] CAMERA/LIDAR DISAGREE - lidar=0.87 m  camera=0.55 m  delta=-0.32 m  CAMERA SEES CLOSER - lidar may be missing this obstacle
[ 3153.5s] CAMERA/LIDAR DISAGREE - lidar=0.85 m  camera=0.55 m  delta=-0.30 m  CAMERA SEES CLOSER - lidar may be missing this obstacle
[ 3154.0s] CAMERA/LIDAR DISAGREE - lidar=1.12 m  camera=0.55 m  delta=-0.57 m  CAMERA SEES CLOSER - lidar may be missing this obstacle
[ 3161.5s] CAMERA/LIDAR DISAGREE - lidar=0.87 m  camera=0.55 m  delta=-0.32 m  CAMERA SEES CLOSER - lidar may be missing this obstacle
[ 3171.0s] CAMERA/LIDAR DISAGREE - lidar=0.87 m  camera=0.55 m  delta=-0.32 m  CAMERA SEES CLOSER - lidar may be missing this obstacle
[ 3172.0s] CAMERA/LIDAR DISAGREE - lidar=0.88 m  camera=0.55 m  delta=-0.33 m  CAMERA SEES CLOSER - lidar may be missing this obstacle
[ 3172.5s] CAMERA/LIDAR DISAGREE - lidar=0.87 m  camera=0.55 m  delta=-0.32 m  CAMERA SEES CLOSER - lidar may be missing this obstacle
[ 3174.0s] CAMERA/LIDAR DISAGREE - lidar=0.87 m  camera=0.55 m  delta=-0.32 m  CAMERA SEES CLOSER - lidar may be missing this obstacle
[ 3176.0s] CAMERA/LIDAR DISAGREE - lidar=0.87 m  camera=0.55 m  delta=-0.32 m  CAMERA SEES CLOSER - lidar may be missing this obstacle
[ 3177.5s] CAMERA/LIDAR DISAGREE - lidar=0.88 m  camera=0.55 m  delta=-0.33 m  CAMERA SEES CLOSER - lidar may be missing this obstacle
[ 3179.0s] CAMERA/LIDAR DISAGREE - lidar=0.87 m  camera=0.55 m  delta=-0.32 m  CAMERA SEES CLOSER - lidar may be missing this obstacle
[ 3180.5s] CAMERA/LIDAR DISAGREE - lidar=0.87 m  camera=0.55 m  delta=-0.32 m  CAMERA SEES CLOSER - lidar may be missing this obstacle
[ 3187.0s] CAMERA/LIDAR DISAGREE - lidar=1.12 m  camera=0.55 m  delta=-0.57 m  CAMERA SEES CLOSER - lidar may be missing this obstacle
[ 3188.0s] CAMERA/LIDAR DISAGREE - lidar=1.11 m  camera=0.55 m  delta=-0.56 m  CAMERA SEES CLOSER - lidar may be missing this obstacle
[ 3188.5s] CAMERA/LIDAR DISAGREE - lidar=1.11 m  camera=0.55 m  delta=-0.56 m  CAMERA SEES CLOSER - lidar may be missing this obstacle
[ 3189.0s] CAMERA/LIDAR DISAGREE - lidar=0.86 m  camera=0.55 m  delta=-0.31 m  CAMERA SEES CLOSER - lidar may be missing this obstacle
[ 3193.0s] CAMERA/LIDAR DISAGREE - lidar=0.87 m  camera=0.55 m  delta=-0.32 m  CAMERA SEES CLOSER - lidar may be missing this obstacle
[ 3205.5s] CAMERA/LIDAR DISAGREE - lidar=1.12 m  camera=0.55 m  delta=-0.57 m  CAMERA SEES CLOSER - lidar may be missing this obstacle
[ 3206.0s] CAMERA/LIDAR DISAGREE - lidar=1.12 m  camera=0.55 m  delta=-0.57 m  CAMERA SEES CLOSER - lidar may be missing this obstacle
[ 3207.0s] CAMERA/LIDAR DISAGREE - lidar=0.87 m  camera=0.55 m  delta=-0.32 m  CAMERA SEES CLOSER - lidar may be missing this obstacle
[ 3207.5s] CAMERA/LIDAR DISAGREE - lidar=0.88 m  camera=0.55 m  delta=-0.32 m  CAMERA SEES CLOSER - lidar may be missing this obstacle
[ 3208.5s] CAMERA/LIDAR DISAGREE - lidar=1.12 m  camera=0.55 m  delta=-0.57 m  CAMERA SEES CLOSER - lidar may be missing this obstacle
[ 3209.5s] CAMERA/LIDAR DISAGREE - lidar=1.12 m  camera=0.55 m  delta=-0.57 m  CAMERA SEES CLOSER - lidar may be missing this obstacle
[ 3214.5s] CAMERA/LIDAR DISAGREE - lidar=1.11 m  camera=0.55 m  delta=-0.56 m  CAMERA SEES CLOSER - lidar may be missing this obstacle
[ 3215.0s] CAMERA/LIDAR DISAGREE - lidar=0.87 m  camera=0.55 m  delta=-0.32 m  CAMERA SEES CLOSER - lidar may be missing this obstacle
[ 3216.0s] CAMERA/LIDAR DISAGREE - lidar=1.12 m  camera=0.55 m  delta=-0.57 m  CAMERA SEES CLOSER - lidar may be missing this obstacle
[ 3216.5s] CAMERA/LIDAR DISAGREE - lidar=0.87 m  camera=0.55 m  delta=-0.32 m  CAMERA SEES CLOSER - lidar may be missing this obstacle
[ 3222.0s] CAMERA/LIDAR DISAGREE - lidar=1.11 m  camera=0.55 m  delta=-0.56 m  CAMERA SEES CLOSER - lidar may be missing this obstacle
[ 3223.0s] CAMERA/LIDAR DISAGREE - lidar=0.86 m  camera=0.55 m  delta=-0.31 m  CAMERA SEES CLOSER - lidar may be missing this obstacle
[ 3231.5s] CAMERA/LIDAR DISAGREE - lidar=1.12 m  camera=0.55 m  delta=-0.57 m  CAMERA SEES CLOSER - lidar may be missing this obstacle
[ 3232.5s] CAMERA/LIDAR DISAGREE - lidar=0.82 m  camera=0.55 m  delta=-0.27 m  CAMERA SEES CLOSER - lidar may be missing this obstacle
[ 3233.5s] CAMERA/LIDAR DISAGREE - lidar=0.87 m  camera=0.55 m  delta=-0.32 m  CAMERA SEES CLOSER - lidar may be missing this obstacle
[ 3237.0s] CAMERA/LIDAR DISAGREE - lidar=0.85 m  camera=0.55 m  delta=-0.30 m  CAMERA SEES CLOSER - lidar may be missing this obstacle
[ 3237.5s] CAMERA/LIDAR DISAGREE - lidar=0.87 m  camera=0.55 m  delta=-0.32 m  CAMERA SEES CLOSER - lidar may be missing this obstacle
[ 3240.5s] CAMERA/LIDAR DISAGREE - lidar=1.12 m  camera=0.55 m  delta=-0.57 m  CAMERA SEES CLOSER - lidar may be missing this obstacle
[ 3247.5s] CAMERA/LIDAR DISAGREE - lidar=0.87 m  camera=0.55 m  delta=-0.32 m  CAMERA SEES CLOSER - lidar may be missing this obstacle
[ 3251.5s] CAMERA/LIDAR DISAGREE - lidar=1.11 m  camera=0.55 m  delta=-0.56 m  CAMERA SEES CLOSER - lidar may be missing this obstacle
[ 3254.5s] CAMERA/LIDAR DISAGREE - lidar=1.12 m  camera=0.55 m  delta=-0.57 m  CAMERA SEES CLOSER - lidar may be missing this obstacle
[ 3256.0s] CAMERA/LIDAR DISAGREE - lidar=0.87 m  camera=0.55 m  delta=-0.32 m  CAMERA SEES CLOSER - lidar may be missing this obstacle
[ 3261.5s] CAMERA/LIDAR DISAGREE - lidar=0.87 m  camera=0.55 m  delta=-0.32 m  CAMERA SEES CLOSER - lidar may be missing this obstacle
[ 3262.5s] CAMERA/LIDAR DISAGREE - lidar=1.12 m  camera=0.55 m  delta=-0.57 m  CAMERA SEES CLOSER - lidar may be missing this obstacle
[ 3275.0s] CAMERA/LIDAR DISAGREE - lidar=0.83 m  camera=0.55 m  delta=-0.28 m  CAMERA SEES CLOSER - lidar may be missing this obstacle
[ 3276.0s] CAMERA/LIDAR DISAGREE - lidar=0.84 m  camera=0.55 m  delta=-0.29 m  CAMERA SEES CLOSER - lidar may be missing this obstacle
[ 3277.5s] CAMERA/LIDAR DISAGREE - lidar=1.11 m  camera=0.55 m  delta=-0.56 m  CAMERA SEES CLOSER - lidar may be missing this obstacle
[ 3279.5s] CAMERA/LIDAR DISAGREE - lidar=1.12 m  camera=0.55 m  delta=-0.57 m  CAMERA SEES CLOSER - lidar may be missing this obstacle
[ 3281.0s] CAMERA/LIDAR DISAGREE - lidar=0.86 m  camera=0.55 m  delta=-0.31 m  CAMERA SEES CLOSER - lidar may be missing this obstacle
[ 3287.5s] CAMERA/LIDAR DISAGREE - lidar=1.12 m  camera=0.55 m  delta=-0.57 m  CAMERA SEES CLOSER - lidar may be missing this obstacle
[ 3288.0s] CAMERA/LIDAR DISAGREE - lidar=1.12 m  camera=0.55 m  delta=-0.57 m  CAMERA SEES CLOSER - lidar may be missing this obstacle
[ 3288.5s] CAMERA/LIDAR DISAGREE - lidar=0.84 m  camera=0.55 m  delta=-0.29 m  CAMERA SEES CLOSER - lidar may be missing this obstacle
[ 3294.5s] CAMERA/LIDAR DISAGREE - lidar=1.12 m  camera=0.55 m  delta=-0.57 m  CAMERA SEES CLOSER - lidar may be missing this obstacle
[ 3296.0s] CAMERA/LIDAR DISAGREE - lidar=0.83 m  camera=0.55 m  delta=-0.28 m  CAMERA SEES CLOSER - lidar may be missing this obstacle
[ 3297.0s] CAMERA/LIDAR DISAGREE - lidar=0.87 m  camera=0.55 m  delta=-0.32 m  CAMERA SEES CLOSER - lidar may be missing this obstacle
[ 3298.0s] CAMERA/LIDAR DISAGREE - lidar=1.12 m  camera=0.55 m  delta=-0.57 m  CAMERA SEES CLOSER - lidar may be missing this obstacle
[ 3298.5s] CAMERA/LIDAR DISAGREE - lidar=0.88 m  camera=0.55 m  delta=-0.33 m  CAMERA SEES CLOSER - lidar may be missing this obstacle
[ 3302.0s] CAMERA/LIDAR DISAGREE - lidar=0.84 m  camera=0.55 m  delta=-0.29 m  CAMERA SEES CLOSER - lidar may be missing this obstacle
[ 3302.5s] CAMERA/LIDAR DISAGREE - lidar=0.87 m  camera=0.55 m  delta=-0.32 m  CAMERA SEES CLOSER - lidar may be missing this obstacle
[ 3303.0s] CAMERA/LIDAR DISAGREE - lidar=0.88 m  camera=0.55 m  delta=-0.33 m  CAMERA SEES CLOSER - lidar may be missing this obstacle
[ 3304.0s] CAMERA/LIDAR DISAGREE - lidar=1.12 m  camera=0.55 m  delta=-0.57 m  CAMERA SEES CLOSER - lidar may be missing this obstacle
[ 3310.0s] CAMERA/LIDAR DISAGREE - lidar=1.12 m  camera=0.55 m  delta=-0.57 m  CAMERA SEES CLOSER - lidar may be missing this obstacle
[ 3312.5s] CAMERA/LIDAR DISAGREE - lidar=0.87 m  camera=0.55 m  delta=-0.32 m  CAMERA SEES CLOSER - lidar may be missing this obstacle
[ 3313.0s] CAMERA/LIDAR DISAGREE - lidar=0.88 m  camera=0.55 m  delta=-0.32 m  CAMERA SEES CLOSER - lidar may be missing this obstacle
[ 3314.0s] CAMERA/LIDAR DISAGREE - lidar=1.12 m  camera=0.55 m  delta=-0.57 m  CAMERA SEES CLOSER - lidar may be missing this obstacle
[ 3316.5s] CAMERA/LIDAR DISAGREE - lidar=1.11 m  camera=0.55 m  delta=-0.56 m  CAMERA SEES CLOSER - lidar may be missing this obstacle
[ 3317.5s] CAMERA/LIDAR DISAGREE - lidar=1.12 m  camera=0.55 m  delta=-0.57 m  CAMERA SEES CLOSER - lidar may be missing this obstacle
[ 3318.0s] CAMERA/LIDAR DISAGREE - lidar=0.87 m  camera=0.55 m  delta=-0.32 m  CAMERA SEES CLOSER - lidar may be missing this obstacle
[ 3323.0s] CAMERA/LIDAR DISAGREE - lidar=0.87 m  camera=0.55 m  delta=-0.32 m  CAMERA SEES CLOSER - lidar may be missing this obstacle
[ 3324.5s] CAMERA/LIDAR DISAGREE - lidar=1.11 m  camera=0.55 m  delta=-0.56 m  CAMERA SEES CLOSER - lidar may be missing this obstacle
[ 3325.5s] CAMERA/LIDAR DISAGREE - lidar=1.12 m  camera=0.55 m  delta=-0.57 m  CAMERA SEES CLOSER - lidar may be missing this obstacle
[ 3326.0s] CAMERA/LIDAR DISAGREE - lidar=0.88 m  camera=0.55 m  delta=-0.33 m  CAMERA SEES CLOSER - lidar may be missing this obstacle
[ 3328.0s] CAMERA/LIDAR DISAGREE - lidar=0.88 m  camera=0.55 m  delta=-0.33 m  CAMERA SEES CLOSER - lidar may be missing this obstacle
[ 3328.5s] CAMERA/LIDAR DISAGREE - lidar=0.88 m  camera=0.55 m  delta=-0.33 m  CAMERA SEES CLOSER - lidar may be missing this obstacle
[ 3330.0s] CAMERA/LIDAR DISAGREE - lidar=1.12 m  camera=0.55 m  delta=-0.57 m  CAMERA SEES CLOSER - lidar may be missing this obstacle
[ 3330.5s] CAMERA/LIDAR DISAGREE - lidar=0.86 m  camera=0.55 m  delta=-0.31 m  CAMERA SEES CLOSER - lidar may be missing this obstacle
[ 3331.0s] CAMERA/LIDAR DISAGREE - lidar=0.86 m  camera=0.55 m  delta=-0.31 m  CAMERA SEES CLOSER - lidar may be missing this obstacle
[ 3351.5s] CAMERA/LIDAR DISAGREE - lidar=1.12 m  camera=0.55 m  delta=-0.57 m  CAMERA SEES CLOSER - lidar may be missing this obstacle
[ 3360.0s] CAMERA/LIDAR DISAGREE - lidar=1.11 m  camera=0.55 m  delta=-0.56 m  CAMERA SEES CLOSER - lidar may be missing this obstacle
[ 3366.0s] CAMERA/LIDAR DISAGREE - lidar=1.12 m  camera=0.55 m  delta=-0.57 m  CAMERA SEES CLOSER - lidar may be missing this obstacle
[ 3366.5s] CAMERA/LIDAR DISAGREE - lidar=0.87 m  camera=0.55 m  delta=-0.32 m  CAMERA SEES CLOSER - lidar may be missing this obstacle
[ 3368.5s] CAMERA/LIDAR DISAGREE - lidar=1.12 m  camera=0.55 m  delta=-0.57 m  CAMERA SEES CLOSER - lidar may be missing this obstacle
[ 3369.0s] CAMERA/LIDAR DISAGREE - lidar=0.88 m  camera=0.55 m  delta=-0.32 m  CAMERA SEES CLOSER - lidar may be missing this obstacle
[ 3369.5s] CAMERA/LIDAR DISAGREE - lidar=0.88 m  camera=0.55 m  delta=-0.33 m  CAMERA SEES CLOSER - lidar may be missing this obstacle
[ 3373.0s] CAMERA/LIDAR DISAGREE - lidar=1.12 m  camera=0.55 m  delta=-0.57 m  CAMERA SEES CLOSER - lidar may be missing this obstacle
[ 3373.5s] CAMERA/LIDAR DISAGREE - lidar=1.12 m  camera=0.55 m  delta=-0.57 m  CAMERA SEES CLOSER - lidar may be missing this obstacle
[ 3379.5s] CAMERA/LIDAR DISAGREE - lidar=0.87 m  camera=0.55 m  delta=-0.31 m  CAMERA SEES CLOSER - lidar may be missing this obstacle
[ 3393.0s] CAMERA/LIDAR DISAGREE - lidar=1.11 m  camera=0.55 m  delta=-0.56 m  CAMERA SEES CLOSER - lidar may be missing this obstacle
[ 3393.5s] CAMERA/LIDAR DISAGREE - lidar=0.80 m  camera=0.55 m  delta=-0.25 m  CAMERA SEES CLOSER - lidar may be missing this obstacle
[ 3394.0s] CAMERA/LIDAR DISAGREE - lidar=0.87 m  camera=0.55 m  delta=-0.32 m  CAMERA SEES CLOSER - lidar may be missing this obstacle
[ 3395.5s] CAMERA/LIDAR DISAGREE - lidar=1.12 m  camera=0.55 m  delta=-0.57 m  CAMERA SEES CLOSER - lidar may be missing this obstacle
[ 3397.0s] CAMERA/LIDAR DISAGREE - lidar=1.11 m  camera=0.55 m  delta=-0.56 m  CAMERA SEES CLOSER - lidar may be missing this obstacle
[ 3403.5s] CAMERA/LIDAR DISAGREE - lidar=0.88 m  camera=0.55 m  delta=-0.33 m  CAMERA SEES CLOSER - lidar may be missing this obstacle
[ 3407.0s] CAMERA/LIDAR DISAGREE - lidar=0.87 m  camera=0.55 m  delta=-0.32 m  CAMERA SEES CLOSER - lidar may be missing this obstacle
[ 3408.5s] CAMERA/LIDAR DISAGREE - lidar=1.11 m  camera=0.55 m  delta=-0.56 m  CAMERA SEES CLOSER - lidar may be missing this obstacle
[ 3415.0s] CAMERA/LIDAR DISAGREE - lidar=0.87 m  camera=0.55 m  delta=-0.32 m  CAMERA SEES CLOSER - lidar may be missing this obstacle
[ 3425.0s] CAMERA/LIDAR DISAGREE - lidar=0.87 m  camera=0.55 m  delta=-0.32 m  CAMERA SEES CLOSER - lidar may be missing this obstacle
[ 3426.5s] CAMERA/LIDAR DISAGREE - lidar=0.86 m  camera=0.55 m  delta=-0.31 m  CAMERA SEES CLOSER - lidar may be missing this obstacle
[ 3427.5s] CAMERA/LIDAR DISAGREE - lidar=1.12 m  camera=0.55 m  delta=-0.57 m  CAMERA SEES CLOSER - lidar may be missing this obstacle
[ 3428.5s] CAMERA/LIDAR DISAGREE - lidar=0.86 m  camera=0.55 m  delta=-0.31 m  CAMERA SEES CLOSER - lidar may be missing this obstacle
[ 3429.5s] CAMERA/LIDAR DISAGREE - lidar=0.88 m  camera=0.55 m  delta=-0.33 m  CAMERA SEES CLOSER - lidar may be missing this obstacle
[ 3436.0s] CAMERA/LIDAR DISAGREE - lidar=1.12 m  camera=0.55 m  delta=-0.57 m  CAMERA SEES CLOSER - lidar may be missing this obstacle
[ 3437.5s] CAMERA/LIDAR DISAGREE - lidar=1.12 m  camera=0.55 m  delta=-0.57 m  CAMERA SEES CLOSER - lidar may be missing this obstacle
[ 3438.5s] CAMERA/LIDAR DISAGREE - lidar=0.87 m  camera=0.55 m  delta=-0.32 m  CAMERA SEES CLOSER - lidar may be missing this obstacle
[ 3440.5s] CAMERA/LIDAR DISAGREE - lidar=0.86 m  camera=0.55 m  delta=-0.31 m  CAMERA SEES CLOSER - lidar may be missing this obstacle
[ 3443.0s] CAMERA/LIDAR DISAGREE - lidar=0.88 m  camera=0.55 m  delta=-0.33 m  CAMERA SEES CLOSER - lidar may be missing this obstacle
[ 3444.5s] CAMERA/LIDAR DISAGREE - lidar=1.12 m  camera=0.55 m  delta=-0.57 m  CAMERA SEES CLOSER - lidar may be missing this obstacle
[ 3445.0s] CAMERA/LIDAR DISAGREE - lidar=0.87 m  camera=0.55 m  delta=-0.32 m  CAMERA SEES CLOSER - lidar may be missing this obstacle
[ 3445.5s] CAMERA/LIDAR DISAGREE - lidar=0.88 m  camera=0.55 m  delta=-0.33 m  CAMERA SEES CLOSER - lidar may be missing this obstacle
[ 3454.0s] CAMERA/LIDAR DISAGREE - lidar=0.87 m  camera=0.55 m  delta=-0.32 m  CAMERA SEES CLOSER - lidar may be missing this obstacle
[ 3455.0s] CAMERA/LIDAR DISAGREE - lidar=0.81 m  camera=0.55 m  delta=-0.26 m  CAMERA SEES CLOSER - lidar may be missing this obstacle
[ 3456.5s] CAMERA/LIDAR DISAGREE - lidar=0.87 m  camera=0.55 m  delta=-0.32 m  CAMERA SEES CLOSER - lidar may be missing this obstacle
[ 3458.0s] CAMERA/LIDAR DISAGREE - lidar=0.82 m  camera=0.55 m  delta=-0.27 m  CAMERA SEES CLOSER - lidar may be missing this obstacle
[ 3458.5s] CAMERA/LIDAR DISAGREE - lidar=0.88 m  camera=0.55 m  delta=-0.33 m  CAMERA SEES CLOSER - lidar may be missing this obstacle
[ 3459.5s] CAMERA/LIDAR DISAGREE - lidar=0.87 m  camera=0.55 m  delta=-0.32 m  CAMERA SEES CLOSER - lidar may be missing this obstacle
[ 3460.5s] CAMERA/LIDAR DISAGREE - lidar=0.87 m  camera=0.55 m  delta=-0.32 m  CAMERA SEES CLOSER - lidar may be missing this obstacle
[ 3461.5s] CAMERA/LIDAR DISAGREE - lidar=1.12 m  camera=0.55 m  delta=-0.57 m  CAMERA SEES CLOSER - lidar may be missing this obstacle
[ 3465.0s] CAMERA/LIDAR DISAGREE - lidar=0.87 m  camera=0.55 m  delta=-0.32 m  CAMERA SEES CLOSER - lidar may be missing this obstacle
[ 3465.5s] CAMERA/LIDAR DISAGREE - lidar=0.87 m  camera=0.55 m  delta=-0.32 m  CAMERA SEES CLOSER - lidar may be missing this obstacle
[ 3466.5s] CAMERA/LIDAR DISAGREE - lidar=1.12 m  camera=0.55 m  delta=-0.57 m  CAMERA SEES CLOSER - lidar may be missing this obstacle
[ 3468.0s] CAMERA/LIDAR DISAGREE - lidar=1.12 m  camera=0.55 m  delta=-0.57 m  CAMERA SEES CLOSER - lidar may be missing this obstacle
[ 3476.5s] CAMERA/LIDAR DISAGREE - lidar=1.12 m  camera=0.55 m  delta=-0.57 m  CAMERA SEES CLOSER - lidar may be missing this obstacle
[ 3480.5s] CAMERA/LIDAR DISAGREE - lidar=0.81 m  camera=0.55 m  delta=-0.26 m  CAMERA SEES CLOSER - lidar may be missing this obstacle
[ 3481.0s] CAMERA/LIDAR DISAGREE - lidar=0.86 m  camera=0.55 m  delta=-0.31 m  CAMERA SEES CLOSER - lidar may be missing this obstacle
[ 3485.0s] CAMERA/LIDAR DISAGREE - lidar=1.12 m  camera=0.55 m  delta=-0.57 m  CAMERA SEES CLOSER - lidar may be missing this obstacle
[ 3487.5s] CAMERA/LIDAR DISAGREE - lidar=0.81 m  camera=0.55 m  delta=-0.26 m  CAMERA SEES CLOSER - lidar may be missing this obstacle
[ 3495.0s] CAMERA/LIDAR DISAGREE - lidar=1.12 m  camera=0.55 m  delta=-0.57 m  CAMERA SEES CLOSER - lidar may be missing this obstacle
[ 3504.0s] CAMERA/LIDAR DISAGREE - lidar=1.12 m  camera=0.55 m  delta=-0.57 m  CAMERA SEES CLOSER - lidar may be missing this obstacle
[ 3504.5s] CAMERA/LIDAR DISAGREE - lidar=1.12 m  camera=0.55 m  delta=-0.57 m  CAMERA SEES CLOSER - lidar may be missing this obstacle
[ 3508.0s] CAMERA/LIDAR DISAGREE - lidar=0.87 m  camera=0.55 m  delta=-0.32 m  CAMERA SEES CLOSER - lidar may be missing this obstacle
[ 3510.0s] CAMERA/LIDAR DISAGREE - lidar=0.86 m  camera=0.55 m  delta=-0.31 m  CAMERA SEES CLOSER - lidar may be missing this obstacle
[ 3510.5s] CAMERA/LIDAR DISAGREE - lidar=0.87 m  camera=0.55 m  delta=-0.32 m  CAMERA SEES CLOSER - lidar may be missing this obstacle
[ 3511.5s] CAMERA/LIDAR DISAGREE - lidar=1.12 m  camera=0.55 m  delta=-0.57 m  CAMERA SEES CLOSER - lidar may be missing this obstacle
[ 3512.5s] CAMERA/LIDAR DISAGREE - lidar=1.12 m  camera=0.55 m  delta=-0.57 m  CAMERA SEES CLOSER - lidar may be missing this obstacle
[ 3522.5s] CAMERA/LIDAR DISAGREE - lidar=0.87 m  camera=0.55 m  delta=-0.32 m  CAMERA SEES CLOSER - lidar may be missing this obstacle
[ 3527.0s] CAMERA/LIDAR DISAGREE - lidar=0.86 m  camera=0.55 m  delta=-0.31 m  CAMERA SEES CLOSER - lidar may be missing this obstacle
[ 3528.5s] CAMERA/LIDAR DISAGREE - lidar=1.11 m  camera=0.55 m  delta=-0.56 m  CAMERA SEES CLOSER - lidar may be missing this obstacle
[ 3533.5s] CAMERA/LIDAR DISAGREE - lidar=1.12 m  camera=0.55 m  delta=-0.57 m  CAMERA SEES CLOSER - lidar may be missing this obstacle
[ 3543.0s] CAMERA/LIDAR DISAGREE - lidar=0.87 m  camera=0.55 m  delta=-0.32 m  CAMERA SEES CLOSER - lidar may be missing this obstacle
[ 3545.0s] CAMERA/LIDAR DISAGREE - lidar=1.12 m  camera=0.55 m  delta=-0.57 m  CAMERA SEES CLOSER - lidar may be missing this obstacle
[ 3547.0s] CAMERA/LIDAR DISAGREE - lidar=0.80 m  camera=0.55 m  delta=-0.25 m  CAMERA SEES CLOSER - lidar may be missing this obstacle
[ 3550.5s] CAMERA/LIDAR DISAGREE - lidar=0.87 m  camera=0.55 m  delta=-0.32 m  CAMERA SEES CLOSER - lidar may be missing this obstacle
[ 3552.0s] CAMERA/LIDAR DISAGREE - lidar=0.85 m  camera=0.55 m  delta=-0.30 m  CAMERA SEES CLOSER - lidar may be missing this obstacle
[ 3556.0s] CAMERA/LIDAR DISAGREE - lidar=0.87 m  camera=0.55 m  delta=-0.32 m  CAMERA SEES CLOSER - lidar may be missing this obstacle
[ 3556.5s] CAMERA/LIDAR DISAGREE - lidar=0.87 m  camera=0.55 m  delta=-0.32 m  CAMERA SEES CLOSER - lidar may be missing this obstacle
[ 3564.0s] CAMERA/LIDAR DISAGREE - lidar=1.11 m  camera=0.55 m  delta=-0.56 m  CAMERA SEES CLOSER - lidar may be missing this obstacle
[ 3565.0s] CAMERA/LIDAR DISAGREE - lidar=0.86 m  camera=0.55 m  delta=-0.31 m  CAMERA SEES CLOSER - lidar may be missing this obstacle
[ 3567.0s] CAMERA/LIDAR DISAGREE - lidar=1.12 m  camera=0.55 m  delta=-0.57 m  CAMERA SEES CLOSER - lidar may be missing this obstacle
[ 3569.0s] CAMERA/LIDAR DISAGREE - lidar=0.85 m  camera=0.55 m  delta=-0.30 m  CAMERA SEES CLOSER - lidar may be missing this obstacle
[ 3571.5s] CAMERA/LIDAR DISAGREE - lidar=0.87 m  camera=0.55 m  delta=-0.32 m  CAMERA SEES CLOSER - lidar may be missing this obstacle
[ 3576.0s] CAMERA/LIDAR DISAGREE - lidar=1.12 m  camera=0.55 m  delta=-0.57 m  CAMERA SEES CLOSER - lidar may be missing this obstacle
[ 3582.5s] CAMERA/LIDAR DISAGREE - lidar=0.87 m  camera=0.55 m  delta=-0.32 m  CAMERA SEES CLOSER - lidar may be missing this obstacle
[ 3583.0s] CAMERA/LIDAR DISAGREE - lidar=0.87 m  camera=0.55 m  delta=-0.32 m  CAMERA SEES CLOSER - lidar may be missing this obstacle
[ 3585.0s] CAMERA/LIDAR DISAGREE - lidar=0.84 m  camera=0.55 m  delta=-0.29 m  CAMERA SEES CLOSER - lidar may be missing this obstacle
[ 3595.5s] CAMERA/LIDAR DISAGREE - lidar=0.84 m  camera=0.55 m  delta=-0.29 m  CAMERA SEES CLOSER - lidar may be missing this obstacle
[ 3596.0s] CAMERA/LIDAR DISAGREE - lidar=0.87 m  camera=0.55 m  delta=-0.32 m  CAMERA SEES CLOSER - lidar may be missing this obstacle
[ 3597.5s] CAMERA/LIDAR DISAGREE - lidar=1.12 m  camera=0.55 m  delta=-0.57 m  CAMERA SEES CLOSER - lidar may be missing this obstacle
[ 3598.0s] CAMERA/LIDAR DISAGREE - lidar=1.12 m  camera=0.55 m  delta=-0.57 m  CAMERA SEES CLOSER - lidar may be missing this obstacle
[ 3603.0s] CAMERA/LIDAR DISAGREE - lidar=0.85 m  camera=0.55 m  delta=-0.30 m  CAMERA SEES CLOSER - lidar may be missing this obstacle
[ 3604.5s] CAMERA/LIDAR DISAGREE - lidar=1.11 m  camera=0.55 m  delta=-0.56 m  CAMERA SEES CLOSER - lidar may be missing this obstacle
[ 3611.0s] CAMERA/LIDAR DISAGREE - lidar=0.86 m  camera=0.55 m  delta=-0.31 m  CAMERA SEES CLOSER - lidar may be missing this obstacle
[ 3613.0s] CAMERA/LIDAR DISAGREE - lidar=1.11 m  camera=0.55 m  delta=-0.56 m  CAMERA SEES CLOSER - lidar may be missing this obstacle
[ 3615.5s] CAMERA/LIDAR DISAGREE - lidar=1.12 m  camera=0.55 m  delta=-0.57 m  CAMERA SEES CLOSER - lidar may be missing this obstacle
[ 3616.5s] CAMERA/LIDAR DISAGREE - lidar=1.12 m  camera=0.55 m  delta=-0.57 m  CAMERA SEES CLOSER - lidar may be missing this obstacle
[ 3617.0s] CAMERA/LIDAR DISAGREE - lidar=0.87 m  camera=0.55 m  delta=-0.32 m  CAMERA SEES CLOSER - lidar may be missing this obstacle
[ 3625.0s] CAMERA/LIDAR DISAGREE - lidar=0.88 m  camera=0.55 m  delta=-0.32 m  CAMERA SEES CLOSER - lidar may be missing this obstacle
[ 3646.5s] CAMERA/LIDAR DISAGREE - lidar=0.83 m  camera=0.55 m  delta=-0.28 m  CAMERA SEES CLOSER - lidar may be missing this obstacle
[ 3651.5s] CAMERA/LIDAR DISAGREE - lidar=1.12 m  camera=0.55 m  delta=-0.57 m  CAMERA SEES CLOSER - lidar may be missing this obstacle
[ 3652.0s] CAMERA/LIDAR DISAGREE - lidar=1.12 m  camera=0.55 m  delta=-0.57 m  CAMERA SEES CLOSER - lidar may be missing this obstacle
[ 3659.0s] CAMERA/LIDAR DISAGREE - lidar=0.87 m  camera=0.55 m  delta=-0.32 m  CAMERA SEES CLOSER - lidar may be missing this obstacle
[ 3659.5s] CAMERA/LIDAR DISAGREE - lidar=0.86 m  camera=0.55 m  delta=-0.31 m  CAMERA SEES CLOSER - lidar may be missing this obstacle
[ 3660.0s] CAMERA/LIDAR DISAGREE - lidar=1.12 m  camera=0.55 m  delta=-0.57 m  CAMERA SEES CLOSER - lidar may be missing this obstacle
[ 3661.0s] CAMERA/LIDAR DISAGREE - lidar=1.12 m  camera=0.55 m  delta=-0.57 m  CAMERA SEES CLOSER - lidar may be missing this obstacle
[ 3661.5s] CAMERA/LIDAR DISAGREE - lidar=0.87 m  camera=0.55 m  delta=-0.32 m  CAMERA SEES CLOSER - lidar may be missing this obstacle
[ 3665.0s] CAMERA/LIDAR DISAGREE - lidar=1.12 m  camera=0.55 m  delta=-0.57 m  CAMERA SEES CLOSER - lidar may be missing this obstacle
[ 3665.5s] CAMERA/LIDAR DISAGREE - lidar=0.86 m  camera=0.55 m  delta=-0.31 m  CAMERA SEES CLOSER - lidar may be missing this obstacle
[ 3666.0s] CAMERA/LIDAR DISAGREE - lidar=0.86 m  camera=0.55 m  delta=-0.31 m  CAMERA SEES CLOSER - lidar may be missing this obstacle
[ 3667.0s] CAMERA/LIDAR DISAGREE - lidar=0.81 m  camera=0.55 m  delta=-0.26 m  CAMERA SEES CLOSER - lidar may be missing this obstacle
[ 3668.5s] CAMERA/LIDAR DISAGREE - lidar=1.12 m  camera=0.55 m  delta=-0.57 m  CAMERA SEES CLOSER - lidar may be missing this obstacle
[ 3672.8s] BLOCK #8 - auto-stop fired at 0.51 m
[ 3672.9s] CLEAR - motion allowed again
[ 3673.0s] BLOCK #9 - auto-stop fired at 0.10 m
[ 3673.2s] CLEAR - motion allowed again
[ 3673.7s] BLOCK #10 - auto-stop fired at 0.11 m
[ 3674.1s] CLEAR - motion allowed again
[ 3674.7s] BLOCK #11 - auto-stop fired at 0.51 m
[ 3675.0s] CAMERA/LIDAR DISAGREE - lidar=0.87 m  camera=0.55 m  delta=-0.32 m  CAMERA SEES CLOSER - lidar may be missing this obstacle
[ 3675.0s] CLEAR - motion allowed again
[ 3675.3s] BLOCK #12 - auto-stop fired at 0.11 m
[ 3675.5s] CLEAR - motion allowed again
[ 3679.5s] CAMERA/LIDAR DISAGREE - lidar=1.12 m  camera=0.55 m  delta=-0.57 m  CAMERA SEES CLOSER - lidar may be missing this obstacle
[ 3679.7s] BLOCK #13 - auto-stop fired at 0.51 m
[ 3680.0s] CAMERA/LIDAR DISAGREE - lidar=0.88 m  camera=0.55 m  delta=-0.32 m  CAMERA SEES CLOSER - lidar may be missing this obstacle
[ 3680.0s] CLEAR - motion allowed again
[ 3680.1s] BLOCK #14 - auto-stop fired at 0.51 m
[ 3680.5s] CLEAR - motion allowed again
[ 3681.0s] CAMERA/LIDAR DISAGREE - lidar=0.87 m  camera=0.55 m  delta=-0.32 m  CAMERA SEES CLOSER - lidar may be missing this obstacle
[ 3681.8s] BLOCK #15 - auto-stop fired at 0.11 m
[ 3682.1s] CLEAR - motion allowed again
[ 3682.5s] CAMERA/LIDAR DISAGREE - lidar=0.81 m  camera=0.55 m  delta=-0.26 m  CAMERA SEES CLOSER - lidar may be missing this obstacle
[ 3682.6s] BLOCK #16 - auto-stop fired at 0.11 m
[ 3683.0s] CLEAR - motion allowed again
[ 3684.0s] CAMERA/LIDAR DISAGREE - lidar=0.84 m  camera=0.55 m  delta=-0.29 m  CAMERA SEES CLOSER - lidar may be missing this obstacle
[ 3684.4s] BLOCK #17 - auto-stop fired at 0.51 m
[ 3684.5s] CLEAR - motion allowed again
[ 3685.3s] BLOCK #18 - auto-stop fired at 0.51 m
[ 3685.5s] CLEAR - motion allowed again
[ 3696.0s] CAMERA/LIDAR DISAGREE - lidar=1.12 m  camera=0.55 m  delta=-0.57 m  CAMERA SEES CLOSER - lidar may be missing this obstacle
[ 3696.1s] BLOCK #19 - auto-stop fired at 0.11 m
[ 3696.2s] CLEAR - motion allowed again
[ 3696.6s] BLOCK #20 - auto-stop fired at 0.51 m
[ 3696.6s] CLEAR - motion allowed again
[ 3696.8s] BLOCK #21 - auto-stop fired at 0.11 m
[ 3696.9s] CLEAR - motion allowed again
[ 3697.0s] BLOCK #22 - auto-stop fired at 0.51 m
[ 3697.2s] CLEAR - motion allowed again
[ 3697.2s] BLOCK #23 - auto-stop fired at 0.51 m
[ 3697.4s] CLEAR - motion allowed again
[ 3697.9s] BLOCK #24 - auto-stop fired at 0.11 m
[ 3698.0s] CLEAR - motion allowed again
[ 3698.0s] BLOCK #25 - auto-stop fired at 0.51 m
[ 3698.3s] CLEAR - motion allowed again
[ 3703.5s] CAMERA/LIDAR DISAGREE - lidar=1.12 m  camera=0.55 m  delta=-0.57 m  CAMERA SEES CLOSER - lidar may be missing this obstacle
[ 3704.0s] CAMERA/LIDAR DISAGREE - lidar=1.12 m  camera=0.55 m  delta=-0.57 m  CAMERA SEES CLOSER - lidar may be missing this obstacle
[ 3710.5s] CAMERA/LIDAR DISAGREE - lidar=0.87 m  camera=0.61 m  delta=-0.26 m  CAMERA SEES CLOSER - lidar may be missing this obstacle
[ 3714.0s] CAMERA/LIDAR DISAGREE - lidar=1.80 m  camera=0.61 m  delta=-1.18 m  CAMERA SEES CLOSER - lidar may be missing this obstacle
[ 3719.0s] CAMERA/LIDAR DISAGREE - lidar=1.80 m  camera=0.62 m  delta=-1.19 m  CAMERA SEES CLOSER - lidar may be missing this obstacle
[ 3719.5s] CAMERA/LIDAR DISAGREE - lidar=4.42 m  camera=0.58 m  delta=-3.84 m  CAMERA SEES CLOSER - lidar may be missing this obstacle
[ 3729.0s] CAMERA/LIDAR DISAGREE - lidar=4.43 m  camera=0.61 m  delta=-3.82 m  CAMERA SEES CLOSER - lidar may be missing this obstacle
[ 3729.5s] CAMERA/LIDAR DISAGREE - lidar=4.43 m  camera=0.61 m  delta=-3.83 m  CAMERA SEES CLOSER - lidar may be missing this obstacle
[ 3730.0s] CAMERA/LIDAR DISAGREE - lidar=4.43 m  camera=0.61 m  delta=-3.82 m  CAMERA SEES CLOSER - lidar may be missing this obstacle
[ 3730.5s] CAMERA/LIDAR DISAGREE - lidar=4.42 m  camera=0.61 m  delta=-3.82 m  CAMERA SEES CLOSER - lidar may be missing this obstacle
[ 3733.5s] CAMERA/LIDAR DISAGREE - lidar=4.43 m  camera=0.61 m  delta=-3.82 m  CAMERA SEES CLOSER - lidar may be missing this obstacle
[ 3735.0s] CAMERA/LIDAR DISAGREE - lidar=4.43 m  camera=0.61 m  delta=-3.82 m  CAMERA SEES CLOSER - lidar may be missing this obstacle
[ 3735.5s] CAMERA/LIDAR DISAGREE - lidar=4.42 m  camera=0.61 m  delta=-3.81 m  CAMERA SEES CLOSER - lidar may be missing this obstacle
[ 3736.0s] CAMERA/LIDAR DISAGREE - lidar=4.43 m  camera=0.61 m  delta=-3.82 m  CAMERA SEES CLOSER - lidar may be missing this obstacle
[ 3736.5s] CAMERA/LIDAR DISAGREE - lidar=4.43 m  camera=0.61 m  delta=-3.82 m  CAMERA SEES CLOSER - lidar may be missing this obstacle
[ 3736.7s] BLOCK #26 - auto-stop fired at 0.60 m
[ 3736.9s] CLEAR - motion allowed again
[ 3737.0s] BLOCK #27 - auto-stop fired at 0.63 m
[ 3737.1s] CLEAR - motion allowed again
[ 3737.3s] BLOCK #28 - auto-stop fired at 0.60 m
[ 3738.0s] CLEAR - motion allowed again
[ 3739.7s] BLOCK #29 - auto-stop fired at 0.11 m
[ 3740.0s] CAMERA/LIDAR DISAGREE - lidar=4.42 m  camera=0.61 m  delta=-3.82 m  CAMERA SEES CLOSER - lidar may be missing this obstacle
[ 3740.0s] CLEAR - motion allowed again
[ 3740.5s] CAMERA/LIDAR DISAGREE - lidar=4.43 m  camera=0.60 m  delta=-3.82 m  CAMERA SEES CLOSER - lidar may be missing this obstacle
[ 3740.8s] BLOCK #30 - auto-stop fired at 0.11 m
[ 3741.1s] CLEAR - motion allowed again
[ 3743.4s] BLOCK #31 - auto-stop fired at 0.61 m
[ 3743.5s] CLEAR - motion allowed again
[ 3743.5s] BLOCK #32 - auto-stop fired at 0.61 m
[ 3743.6s] CLEAR - motion allowed again
[ 3743.9s] BLOCK #33 - auto-stop fired at 0.11 m
[ 3744.0s] CLEAR - motion allowed again
[ 3744.0s] BLOCK #34 - auto-stop fired at 0.60 m
[ 3744.1s] CLEAR - motion allowed again
[ 3744.2s] BLOCK #35 - auto-stop fired at 0.60 m
[ 3744.3s] CLEAR - motion allowed again
[ 3745.1s] BLOCK #36 - auto-stop fired at 0.60 m
[ 3745.4s] CLEAR - motion allowed again
[ 3745.6s] BLOCK #37 - auto-stop fired at 0.11 m
[ 3745.7s] CLEAR - motion allowed again
[ 3745.9s] BLOCK #38 - auto-stop fired at 0.61 m
[ 3746.0s] CLEAR - motion allowed again
[ 3746.1s] BLOCK #39 - auto-stop fired at 0.11 m
[ 3746.1s] CLEAR - motion allowed again
[ 3747.0s] CAMERA/LIDAR DISAGREE - lidar=4.43 m  camera=0.61 m  delta=-3.83 m  CAMERA SEES CLOSER - lidar may be missing this obstacle
[ 3750.0s] CAMERA/LIDAR DISAGREE - lidar=4.43 m  camera=0.61 m  delta=-3.82 m  CAMERA SEES CLOSER - lidar may be missing this obstacle
[ 3755.5s] CAMERA/LIDAR DISAGREE - lidar=4.43 m  camera=0.60 m  delta=-3.83 m  CAMERA SEES CLOSER - lidar may be missing this obstacle
[ 3757.0s] CAMERA/LIDAR DISAGREE - lidar=4.43 m  camera=0.61 m  delta=-3.82 m  CAMERA SEES CLOSER - lidar may be missing this obstacle
[ 3757.5s] CAMERA/LIDAR DISAGREE - lidar=4.43 m  camera=0.61 m  delta=-3.82 m  CAMERA SEES CLOSER - lidar may be missing this obstacle
[ 3769.0s] CAMERA/LIDAR DISAGREE - lidar=4.43 m  camera=0.61 m  delta=-3.83 m  CAMERA SEES CLOSER - lidar may be missing this obstacle
[ 3770.0s] CAMERA/LIDAR DISAGREE - lidar=4.43 m  camera=0.61 m  delta=-3.82 m  CAMERA SEES CLOSER - lidar may be missing this obstacle
[ 3771.5s] CAMERA/LIDAR DISAGREE - lidar=4.43 m  camera=0.60 m  delta=-3.83 m  CAMERA SEES CLOSER - lidar may be missing this obstacle
[ 3782.5s] CAMERA/LIDAR DISAGREE - lidar=4.43 m  camera=0.61 m  delta=-3.82 m  CAMERA SEES CLOSER - lidar may be missing this obstacle
[ 3783.5s] CAMERA/LIDAR DISAGREE - lidar=4.43 m  camera=0.61 m  delta=-3.82 m  CAMERA SEES CLOSER - lidar may be missing this obstacle
[ 3785.5s] CAMERA/LIDAR DISAGREE - lidar=4.43 m  camera=0.61 m  delta=-3.82 m  CAMERA SEES CLOSER - lidar may be missing this obstacle
[ 3799.5s] CAMERA/LIDAR DISAGREE - lidar=4.43 m  camera=0.61 m  delta=-3.82 m  CAMERA SEES CLOSER - lidar may be missing this obstacle
[ 3805.0s] CAMERA/LIDAR DISAGREE - lidar=4.44 m  camera=0.61 m  delta=-3.83 m  CAMERA SEES CLOSER - lidar may be missing this obstacle
[ 3806.0s] CAMERA/LIDAR DISAGREE - lidar=4.43 m  camera=0.61 m  delta=-3.82 m  CAMERA SEES CLOSER - lidar may be missing this obstacle
[ 3807.5s] CAMERA/LIDAR DISAGREE - lidar=4.43 m  camera=0.61 m  delta=-3.82 m  CAMERA SEES CLOSER - lidar may be missing this obstacle
[ 3810.0s] CAMERA/LIDAR DISAGREE - lidar=4.43 m  camera=0.61 m  delta=-3.82 m  CAMERA SEES CLOSER - lidar may be missing this obstacle
[ 3815.0s] CAMERA/LIDAR DISAGREE - lidar=4.43 m  camera=0.61 m  delta=-3.82 m  CAMERA SEES CLOSER - lidar may be missing this obstacle
[ 3817.5s] CAMERA/LIDAR DISAGREE - lidar=4.43 m  camera=0.61 m  delta=-3.83 m  CAMERA SEES CLOSER - lidar may be missing this obstacle
[ 3818.5s] CAMERA/LIDAR DISAGREE - lidar=4.43 m  camera=0.61 m  delta=-3.82 m  CAMERA SEES CLOSER - lidar may be missing this obstacle
[ 3820.0s] CAMERA/LIDAR DISAGREE - lidar=4.43 m  camera=0.61 m  delta=-3.83 m  CAMERA SEES CLOSER - lidar may be missing this obstacle
[ 3824.0s] CAMERA/LIDAR DISAGREE - lidar=4.43 m  camera=0.61 m  delta=-3.82 m  CAMERA SEES CLOSER - lidar may be missing this obstacle
[ 3825.5s] CAMERA/LIDAR DISAGREE - lidar=4.44 m  camera=0.61 m  delta=-3.83 m  CAMERA SEES CLOSER - lidar may be missing this obstacle
[ 3828.9s] BLOCK #40 - auto-stop fired at 0.60 m
[ 3829.1s] CLEAR - motion allowed again
[ 3829.5s] CAMERA/LIDAR DISAGREE - lidar=4.44 m  camera=0.61 m  delta=-3.83 m  CAMERA SEES CLOSER - lidar may be missing this obstacle
[ 3836.0s] CAMERA/LIDAR DISAGREE - lidar=4.43 m  camera=0.61 m  delta=-3.82 m  CAMERA SEES CLOSER - lidar may be missing this obstacle
[ 3837.0s] CAMERA/LIDAR DISAGREE - lidar=4.44 m  camera=0.60 m  delta=-3.83 m  CAMERA SEES CLOSER - lidar may be missing this obstacle
[ 3838.0s] CAMERA/LIDAR DISAGREE - lidar=4.43 m  camera=0.61 m  delta=-3.83 m  CAMERA SEES CLOSER - lidar may be missing this obstacle
[ 3840.0s] CAMERA/LIDAR DISAGREE - lidar=4.42 m  camera=0.61 m  delta=-3.82 m  CAMERA SEES CLOSER - lidar may be missing this obstacle
[ 3841.5s] CAMERA/LIDAR DISAGREE - lidar=4.43 m  camera=0.61 m  delta=-3.82 m  CAMERA SEES CLOSER - lidar may be missing this obstacle
[ 3842.5s] CAMERA/LIDAR DISAGREE - lidar=4.43 m  camera=0.61 m  delta=-3.82 m  CAMERA SEES CLOSER - lidar may be missing this obstacle
[ 3845.0s] CAMERA/LIDAR DISAGREE - lidar=4.43 m  camera=0.60 m  delta=-3.83 m  CAMERA SEES CLOSER - lidar may be missing this obstacle
[ 3846.5s] CAMERA/LIDAR DISAGREE - lidar=4.44 m  camera=0.60 m  delta=-3.83 m  CAMERA SEES CLOSER - lidar may be missing this obstacle
[ 3847.0s] CAMERA/LIDAR DISAGREE - lidar=4.44 m  camera=0.60 m  delta=-3.84 m  CAMERA SEES CLOSER - lidar may be missing this obstacle
[ 3853.0s] CAMERA/LIDAR DISAGREE - lidar=4.43 m  camera=0.61 m  delta=-3.83 m  CAMERA SEES CLOSER - lidar may be missing this obstacle
[ 3858.0s] CAMERA/LIDAR DISAGREE - lidar=4.43 m  camera=0.60 m  delta=-3.84 m  CAMERA SEES CLOSER - lidar may be missing this obstacle
[ 3861.0s] CAMERA/LIDAR DISAGREE - lidar=4.43 m  camera=0.61 m  delta=-3.83 m  CAMERA SEES CLOSER - lidar may be missing this obstacle
[ 3864.0s] CAMERA/LIDAR DISAGREE - lidar=4.44 m  camera=0.60 m  delta=-3.84 m  CAMERA SEES CLOSER - lidar may be missing this obstacle
[ 3870.5s] CAMERA/LIDAR DISAGREE - lidar=4.43 m  camera=0.60 m  delta=-3.83 m  CAMERA SEES CLOSER - lidar may be missing this obstacle
[ 3872.0s] CAMERA/LIDAR DISAGREE - lidar=4.43 m  camera=0.61 m  delta=-3.83 m  CAMERA SEES CLOSER - lidar may be missing this obstacle
[ 3873.5s] CAMERA/LIDAR DISAGREE - lidar=1.32 m  camera=0.60 m  delta=-0.72 m  CAMERA SEES CLOSER - lidar may be missing this obstacle
[ 3878.0s] CAMERA/LIDAR DISAGREE - lidar=4.43 m  camera=0.61 m  delta=-3.83 m  CAMERA SEES CLOSER - lidar may be missing this obstacle
[ 3881.0s] CAMERA/LIDAR DISAGREE - lidar=4.43 m  camera=0.61 m  delta=-3.82 m  CAMERA SEES CLOSER - lidar may be missing this obstacle
[ 3883.5s] CAMERA/LIDAR DISAGREE - lidar=4.43 m  camera=0.61 m  delta=-3.83 m  CAMERA SEES CLOSER - lidar may be missing this obstacle
[ 3884.5s] CAMERA/LIDAR DISAGREE - lidar=4.43 m  camera=0.60 m  delta=-3.83 m  CAMERA SEES CLOSER - lidar may be missing this obstacle
[ 3885.5s] CAMERA/LIDAR DISAGREE - lidar=4.43 m  camera=0.61 m  delta=-3.82 m  CAMERA SEES CLOSER - lidar may be missing this obstacle
[ 3892.5s] CAMERA/LIDAR DISAGREE - lidar=4.43 m  camera=0.61 m  delta=-3.82 m  CAMERA SEES CLOSER - lidar may be missing this obstacle
[ 3893.5s] CAMERA/LIDAR DISAGREE - lidar=4.43 m  camera=0.61 m  delta=-3.82 m  CAMERA SEES CLOSER - lidar may be missing this obstacle
[ 3896.0s] CAMERA/LIDAR DISAGREE - lidar=4.43 m  camera=0.60 m  delta=-3.83 m  CAMERA SEES CLOSER - lidar may be missing this obstacle
[ 3900.5s] CAMERA/LIDAR DISAGREE - lidar=4.43 m  camera=0.61 m  delta=-3.83 m  CAMERA SEES CLOSER - lidar may be missing this obstacle
[ 3910.0s] CAMERA/LIDAR DISAGREE - lidar=4.43 m  camera=0.61 m  delta=-3.82 m  CAMERA SEES CLOSER - lidar may be missing this obstacle
[ 3910.5s] CAMERA/LIDAR DISAGREE - lidar=4.43 m  camera=0.60 m  delta=-3.83 m  CAMERA SEES CLOSER - lidar may be missing this obstacle
[ 3914.5s] CAMERA/LIDAR DISAGREE - lidar=4.44 m  camera=0.61 m  delta=-3.83 m  CAMERA SEES CLOSER - lidar may be missing this obstacle
[ 3915.0s] CAMERA/LIDAR DISAGREE - lidar=4.43 m  camera=0.61 m  delta=-3.83 m  CAMERA SEES CLOSER - lidar may be missing this obstacle
[ 3918.0s] CAMERA/LIDAR DISAGREE - lidar=4.43 m  camera=0.61 m  delta=-3.83 m  CAMERA SEES CLOSER - lidar may be missing this obstacle
[ 3922.5s] CAMERA/LIDAR DISAGREE - lidar=4.42 m  camera=0.61 m  delta=-3.81 m  CAMERA SEES CLOSER - lidar may be missing this obstacle
[ 3927.5s] CAMERA/LIDAR DISAGREE - lidar=4.44 m  camera=0.61 m  delta=-3.83 m  CAMERA SEES CLOSER - lidar may be missing this obstacle
[ 3931.5s] CAMERA/LIDAR DISAGREE - lidar=4.43 m  camera=0.61 m  delta=-3.82 m  CAMERA SEES CLOSER - lidar may be missing this obstacle
[ 3933.0s] CAMERA/LIDAR DISAGREE - lidar=4.43 m  camera=0.61 m  delta=-3.82 m  CAMERA SEES CLOSER - lidar may be missing this obstacle
[ 3934.5s] CAMERA/LIDAR DISAGREE - lidar=4.43 m  camera=0.61 m  delta=-3.82 m  CAMERA SEES CLOSER - lidar may be missing this obstacle
[ 3935.0s] CAMERA/LIDAR DISAGREE - lidar=4.43 m  camera=0.61 m  delta=-3.82 m  CAMERA SEES CLOSER - lidar may be missing this obstacle
[ 3935.5s] CAMERA/LIDAR DISAGREE - lidar=4.43 m  camera=0.61 m  delta=-3.82 m  CAMERA SEES CLOSER - lidar may be missing this obstacle
[ 3937.0s] CAMERA/LIDAR DISAGREE - lidar=4.43 m  camera=0.61 m  delta=-3.82 m  CAMERA SEES CLOSER - lidar may be missing this obstacle
[ 3945.5s] CAMERA/LIDAR DISAGREE - lidar=4.43 m  camera=0.61 m  delta=-3.82 m  CAMERA SEES CLOSER - lidar may be missing this obstacle
[ 3947.5s] CAMERA/LIDAR DISAGREE - lidar=4.44 m  camera=0.61 m  delta=-3.83 m  CAMERA SEES CLOSER - lidar may be missing this obstacle
[ 3959.0s] CAMERA/LIDAR DISAGREE - lidar=4.43 m  camera=0.60 m  delta=-3.83 m  CAMERA SEES CLOSER - lidar may be missing this obstacle
[ 3962.5s] CAMERA/LIDAR DISAGREE - lidar=4.43 m  camera=0.60 m  delta=-3.83 m  CAMERA SEES CLOSER - lidar may be missing this obstacle
[ 3966.0s] CAMERA/LIDAR DISAGREE - lidar=4.43 m  camera=0.61 m  delta=-3.82 m  CAMERA SEES CLOSER - lidar may be missing this obstacle
[ 3966.5s] CAMERA/LIDAR DISAGREE - lidar=4.44 m  camera=0.61 m  delta=-3.83 m  CAMERA SEES CLOSER - lidar may be missing this obstacle
[ 3973.5s] CAMERA/LIDAR DISAGREE - lidar=4.43 m  camera=0.61 m  delta=-3.82 m  CAMERA SEES CLOSER - lidar may be missing this obstacle
[ 3976.5s] CAMERA/LIDAR DISAGREE - lidar=4.43 m  camera=0.61 m  delta=-3.83 m  CAMERA SEES CLOSER - lidar may be missing this obstacle
[ 3982.0s] CAMERA/LIDAR DISAGREE - lidar=4.43 m  camera=0.61 m  delta=-3.82 m  CAMERA SEES CLOSER - lidar may be missing this obstacle
[ 3984.0s] CAMERA/LIDAR DISAGREE - lidar=4.43 m  camera=0.61 m  delta=-3.82 m  CAMERA SEES CLOSER - lidar may be missing this obstacle
[ 3984.5s] CAMERA/LIDAR DISAGREE - lidar=4.43 m  camera=0.61 m  delta=-3.82 m  CAMERA SEES CLOSER - lidar may be missing this obstacle
[ 3986.0s] CAMERA/LIDAR DISAGREE - lidar=4.43 m  camera=0.61 m  delta=-3.82 m  CAMERA SEES CLOSER - lidar may be missing this obstacle
[ 3988.0s] CAMERA/LIDAR DISAGREE - lidar=4.42 m  camera=0.60 m  delta=-3.82 m  CAMERA SEES CLOSER - lidar may be missing this obstacle
[ 3989.5s] CAMERA/LIDAR DISAGREE - lidar=4.43 m  camera=0.61 m  delta=-3.82 m  CAMERA SEES CLOSER - lidar may be missing this obstacle
[ 4001.0s] CAMERA/LIDAR DISAGREE - lidar=4.43 m  camera=0.61 m  delta=-3.82 m  CAMERA SEES CLOSER - lidar may be missing this obstacle
[ 4001.5s] CAMERA/LIDAR DISAGREE - lidar=4.43 m  camera=0.61 m  delta=-3.82 m  CAMERA SEES CLOSER - lidar may be missing this obstacle
[ 4004.5s] CAMERA/LIDAR DISAGREE - lidar=4.43 m  camera=0.60 m  delta=-3.82 m  CAMERA SEES CLOSER - lidar may be missing this obstacle
[ 4007.5s] CAMERA/LIDAR DISAGREE - lidar=4.43 m  camera=0.61 m  delta=-3.82 m  CAMERA SEES CLOSER - lidar may be missing this obstacle
[ 4009.0s] CAMERA/LIDAR DISAGREE - lidar=4.43 m  camera=0.61 m  delta=-3.82 m  CAMERA SEES CLOSER - lidar may be missing this obstacle
[ 4009.5s] CAMERA/LIDAR DISAGREE - lidar=4.43 m  camera=0.61 m  delta=-3.82 m  CAMERA SEES CLOSER - lidar may be missing this obstacle
[ 4011.0s] CAMERA/LIDAR DISAGREE - lidar=4.43 m  camera=0.61 m  delta=-3.82 m  CAMERA SEES CLOSER - lidar may be missing this obstacle
[ 4011.5s] CAMERA/LIDAR DISAGREE - lidar=4.43 m  camera=0.61 m  delta=-3.83 m  CAMERA SEES CLOSER - lidar may be missing this obstacle
[ 4015.5s] CAMERA/LIDAR DISAGREE - lidar=4.43 m  camera=0.60 m  delta=-3.83 m  CAMERA SEES CLOSER - lidar may be missing this obstacle
[ 4016.0s] CAMERA/LIDAR DISAGREE - lidar=4.42 m  camera=0.61 m  delta=-3.82 m  CAMERA SEES CLOSER - lidar may be missing this obstacle
[ 4027.0s] CAMERA/LIDAR DISAGREE - lidar=4.42 m  camera=0.61 m  delta=-3.81 m  CAMERA SEES CLOSER - lidar may be missing this obstacle
[ 4027.5s] CAMERA/LIDAR DISAGREE - lidar=4.43 m  camera=0.61 m  delta=-3.82 m  CAMERA SEES CLOSER - lidar may be missing this obstacle
[ 4037.5s] CAMERA/LIDAR DISAGREE - lidar=4.43 m  camera=0.61 m  delta=-3.82 m  CAMERA SEES CLOSER - lidar may be missing this obstacle
[ 4038.0s] CAMERA/LIDAR DISAGREE - lidar=4.44 m  camera=0.61 m  delta=-3.83 m  CAMERA SEES CLOSER - lidar may be missing this obstacle
[ 4042.0s] CAMERA/LIDAR DISAGREE - lidar=4.43 m  camera=0.61 m  delta=-3.82 m  CAMERA SEES CLOSER - lidar may be missing this obstacle
[ 4046.0s] CAMERA/LIDAR DISAGREE - lidar=4.43 m  camera=0.61 m  delta=-3.82 m  CAMERA SEES CLOSER - lidar may be missing this obstacle
[ 4046.5s] CAMERA/LIDAR DISAGREE - lidar=4.42 m  camera=0.61 m  delta=-3.81 m  CAMERA SEES CLOSER - lidar may be missing this obstacle
[ 4051.0s] CAMERA/LIDAR DISAGREE - lidar=4.43 m  camera=0.61 m  delta=-3.83 m  CAMERA SEES CLOSER - lidar may be missing this obstacle
[ 4051.5s] CAMERA/LIDAR DISAGREE - lidar=4.43 m  camera=0.61 m  delta=-3.83 m  CAMERA SEES CLOSER - lidar may be missing this obstacle
[ 4053.0s] CAMERA/LIDAR DISAGREE - lidar=4.43 m  camera=0.61 m  delta=-3.82 m  CAMERA SEES CLOSER - lidar may be missing this obstacle
[ 4058.0s] CAMERA/LIDAR DISAGREE - lidar=4.43 m  camera=0.61 m  delta=-3.82 m  CAMERA SEES CLOSER - lidar may be missing this obstacle
[ 4058.5s] CAMERA/LIDAR DISAGREE - lidar=4.43 m  camera=0.61 m  delta=-3.82 m  CAMERA SEES CLOSER - lidar may be missing this obstacle
[ 4060.0s] CAMERA/LIDAR DISAGREE - lidar=4.43 m  camera=0.61 m  delta=-3.83 m  CAMERA SEES CLOSER - lidar may be missing this obstacle
[ 4060.5s] CAMERA/LIDAR DISAGREE - lidar=4.43 m  camera=0.61 m  delta=-3.83 m  CAMERA SEES CLOSER - lidar may be missing this obstacle
[ 4065.0s] CAMERA/LIDAR DISAGREE - lidar=4.42 m  camera=0.61 m  delta=-3.82 m  CAMERA SEES CLOSER - lidar may be missing this obstacle
[ 4067.0s] CAMERA/LIDAR DISAGREE - lidar=4.43 m  camera=0.61 m  delta=-3.82 m  CAMERA SEES CLOSER - lidar may be missing this obstacle
[ 4067.5s] CAMERA/LIDAR DISAGREE - lidar=4.43 m  camera=0.60 m  delta=-3.83 m  CAMERA SEES CLOSER - lidar may be missing this obstacle
[ 4074.0s] CAMERA/LIDAR DISAGREE - lidar=4.44 m  camera=0.61 m  delta=-3.83 m  CAMERA SEES CLOSER - lidar may be missing this obstacle
[ 4074.5s] CAMERA/LIDAR DISAGREE - lidar=4.43 m  camera=0.61 m  delta=-3.82 m  CAMERA SEES CLOSER - lidar may be missing this obstacle
[ 4075.0s] CAMERA/LIDAR DISAGREE - lidar=4.44 m  camera=0.61 m  delta=-3.82 m  CAMERA SEES CLOSER - lidar may be missing this obstacle
[ 4079.5s] CAMERA/LIDAR DISAGREE - lidar=4.43 m  camera=0.61 m  delta=-3.83 m  CAMERA SEES CLOSER - lidar may be missing this obstacle
[ 4084.0s] CAMERA/LIDAR DISAGREE - lidar=4.43 m  camera=0.61 m  delta=-3.82 m  CAMERA SEES CLOSER - lidar may be missing this obstacle
[ 4093.5s] CAMERA/LIDAR DISAGREE - lidar=4.43 m  camera=0.61 m  delta=-3.83 m  CAMERA SEES CLOSER - lidar may be missing this obstacle
[ 4094.0s] CAMERA/LIDAR DISAGREE - lidar=4.43 m  camera=0.61 m  delta=-3.82 m  CAMERA SEES CLOSER - lidar may be missing this obstacle
[ 4101.5s] CAMERA/LIDAR DISAGREE - lidar=4.43 m  camera=0.61 m  delta=-3.82 m  CAMERA SEES CLOSER - lidar may be missing this obstacle
[ 4103.0s] CAMERA/LIDAR DISAGREE - lidar=4.43 m  camera=0.61 m  delta=-3.83 m  CAMERA SEES CLOSER - lidar may be missing this obstacle
[ 4109.0s] CAMERA/LIDAR DISAGREE - lidar=4.42 m  camera=0.61 m  delta=-3.81 m  CAMERA SEES CLOSER - lidar may be missing this obstacle
[ 4110.0s] CAMERA/LIDAR DISAGREE - lidar=4.43 m  camera=0.61 m  delta=-3.82 m  CAMERA SEES CLOSER - lidar may be missing this obstacle
[ 4110.5s] CAMERA/LIDAR DISAGREE - lidar=4.43 m  camera=0.61 m  delta=-3.82 m  CAMERA SEES CLOSER - lidar may be missing this obstacle
[ 4116.0s] CAMERA/LIDAR DISAGREE - lidar=4.43 m  camera=0.61 m  delta=-3.82 m  CAMERA SEES CLOSER - lidar may be missing this obstacle
[ 4123.0s] CAMERA/LIDAR DISAGREE - lidar=4.43 m  camera=0.60 m  delta=-3.83 m  CAMERA SEES CLOSER - lidar may be missing this obstacle
[ 4127.0s] CAMERA/LIDAR DISAGREE - lidar=4.44 m  camera=0.61 m  delta=-3.84 m  CAMERA SEES CLOSER - lidar may be missing this obstacle
[ 4127.5s] CAMERA/LIDAR DISAGREE - lidar=4.43 m  camera=0.61 m  delta=-3.82 m  CAMERA SEES CLOSER - lidar may be missing this obstacle
[ 4128.0s] CAMERA/LIDAR DISAGREE - lidar=4.43 m  camera=0.61 m  delta=-3.82 m  CAMERA SEES CLOSER - lidar may be missing this obstacle
[ 4128.5s] CAMERA/LIDAR DISAGREE - lidar=4.45 m  camera=0.61 m  delta=-3.84 m  CAMERA SEES CLOSER - lidar may be missing this obstacle
[ 4129.0s] CAMERA/LIDAR DISAGREE - lidar=4.93 m  camera=0.61 m  delta=-4.33 m  CAMERA SEES CLOSER - lidar may be missing this obstacle
[ 4129.5s] CAMERA/LIDAR DISAGREE - lidar=5.30 m  camera=0.61 m  delta=-4.69 m  CAMERA SEES CLOSER - lidar may be missing this obstacle
[ 4131.0s] CAMERA/LIDAR DISAGREE - lidar=4.43 m  camera=0.61 m  delta=-3.82 m  CAMERA SEES CLOSER - lidar may be missing this obstacle
[ 4133.0s] CAMERA/LIDAR DISAGREE - lidar=4.43 m  camera=0.61 m  delta=-3.82 m  CAMERA SEES CLOSER - lidar may be missing this obstacle
[ 4139.0s] CAMERA/LIDAR DISAGREE - lidar=4.44 m  camera=0.60 m  delta=-3.83 m  CAMERA SEES CLOSER - lidar may be missing this obstacle
[ 4143.5s] CAMERA/LIDAR DISAGREE - lidar=4.43 m  camera=0.60 m  delta=-3.83 m  CAMERA SEES CLOSER - lidar may be missing this obstacle
[ 4144.0s] CAMERA/LIDAR DISAGREE - lidar=4.43 m  camera=0.61 m  delta=-3.82 m  CAMERA SEES CLOSER - lidar may be missing this obstacle
[ 4144.5s] CAMERA/LIDAR DISAGREE - lidar=4.43 m  camera=0.61 m  delta=-3.82 m  CAMERA SEES CLOSER - lidar may be missing this obstacle
[ 4149.5s] CAMERA/LIDAR DISAGREE - lidar=4.43 m  camera=0.60 m  delta=-3.82 m  CAMERA SEES CLOSER - lidar may be missing this obstacle
[ 4152.5s] CAMERA/LIDAR DISAGREE - lidar=4.44 m  camera=0.61 m  delta=-3.83 m  CAMERA SEES CLOSER - lidar may be missing this obstacle
[ 4155.5s] CAMERA/LIDAR DISAGREE - lidar=4.43 m  camera=0.61 m  delta=-3.82 m  CAMERA SEES CLOSER - lidar may be missing this obstacle
[ 4159.0s] CAMERA/LIDAR DISAGREE - lidar=4.43 m  camera=0.61 m  delta=-3.83 m  CAMERA SEES CLOSER - lidar may be missing this obstacle
[ 4163.5s] CAMERA/LIDAR DISAGREE - lidar=4.43 m  camera=0.61 m  delta=-3.82 m  CAMERA SEES CLOSER - lidar may be missing this obstacle
[ 4164.0s] CAMERA/LIDAR DISAGREE - lidar=4.43 m  camera=0.61 m  delta=-3.82 m  CAMERA SEES CLOSER - lidar may be missing this obstacle
[ 4166.0s] CAMERA/LIDAR DISAGREE - lidar=4.43 m  camera=0.61 m  delta=-3.82 m  CAMERA SEES CLOSER - lidar may be missing this obstacle
[ 4166.5s] CAMERA/LIDAR DISAGREE - lidar=4.43 m  camera=0.61 m  delta=-3.83 m  CAMERA SEES CLOSER - lidar may be missing this obstacle
[ 4169.0s] CAMERA/LIDAR DISAGREE - lidar=4.43 m  camera=0.61 m  delta=-3.82 m  CAMERA SEES CLOSER - lidar may be missing this obstacle
[ 4171.0s] CAMERA/LIDAR DISAGREE - lidar=4.43 m  camera=0.61 m  delta=-3.82 m  CAMERA SEES CLOSER - lidar may be missing this obstacle
[ 4179.5s] CAMERA/LIDAR DISAGREE - lidar=4.44 m  camera=0.61 m  delta=-3.83 m  CAMERA SEES CLOSER - lidar may be missing this obstacle
[ 4188.5s] CAMERA/LIDAR DISAGREE - lidar=4.43 m  camera=0.60 m  delta=-3.83 m  CAMERA SEES CLOSER - lidar may be missing this obstacle
[ 4191.0s] CAMERA/LIDAR DISAGREE - lidar=4.43 m  camera=0.61 m  delta=-3.83 m  CAMERA SEES CLOSER - lidar may be missing this obstacle
[ 4200.0s] CAMERA/LIDAR DISAGREE - lidar=4.44 m  camera=0.61 m  delta=-3.83 m  CAMERA SEES CLOSER - lidar may be missing this obstacle
[ 4202.5s] CAMERA/LIDAR DISAGREE - lidar=4.43 m  camera=0.61 m  delta=-3.82 m  CAMERA SEES CLOSER - lidar may be missing this obstacle
[ 4204.5s] CAMERA/LIDAR DISAGREE - lidar=4.43 m  camera=0.61 m  delta=-3.82 m  CAMERA SEES CLOSER - lidar may be missing this obstacle
[ 4205.0s] CAMERA/LIDAR DISAGREE - lidar=4.42 m  camera=0.61 m  delta=-3.82 m  CAMERA SEES CLOSER - lidar may be missing this obstacle
[ 4205.5s] CAMERA/LIDAR DISAGREE - lidar=4.44 m  camera=0.61 m  delta=-3.83 m  CAMERA SEES CLOSER - lidar may be missing this obstacle
[ 4221.5s] CAMERA/LIDAR DISAGREE - lidar=4.60 m  camera=0.61 m  delta=-3.99 m  CAMERA SEES CLOSER - lidar may be missing this obstacle
[ 4223.5s] CAMERA/LIDAR DISAGREE - lidar=4.44 m  camera=0.61 m  delta=-3.83 m  CAMERA SEES CLOSER - lidar may be missing this obstacle
[ 4226.0s] CAMERA/LIDAR DISAGREE - lidar=4.43 m  camera=0.61 m  delta=-3.82 m  CAMERA SEES CLOSER - lidar may be missing this obstacle
[ 4226.5s] CAMERA/LIDAR DISAGREE - lidar=4.43 m  camera=0.61 m  delta=-3.82 m  CAMERA SEES CLOSER - lidar may be missing this obstacle
[ 4230.0s] CAMERA/LIDAR DISAGREE - lidar=4.44 m  camera=0.60 m  delta=-3.83 m  CAMERA SEES CLOSER - lidar may be missing this obstacle
[ 4230.5s] CAMERA/LIDAR DISAGREE - lidar=4.43 m  camera=0.61 m  delta=-3.82 m  CAMERA SEES CLOSER - lidar may be missing this obstacle
[ 4239.0s] CAMERA/LIDAR DISAGREE - lidar=4.42 m  camera=0.61 m  delta=-3.82 m  CAMERA SEES CLOSER - lidar may be missing this obstacle
[ 4240.5s] CAMERA/LIDAR DISAGREE - lidar=4.43 m  camera=0.61 m  delta=-3.82 m  CAMERA SEES CLOSER - lidar may be missing this obstacle
[ 4241.0s] CAMERA/LIDAR DISAGREE - lidar=4.43 m  camera=0.61 m  delta=-3.82 m  CAMERA SEES CLOSER - lidar may be missing this obstacle
[ 4246.0s] CAMERA/LIDAR DISAGREE - lidar=4.43 m  camera=0.61 m  delta=-3.83 m  CAMERA SEES CLOSER - lidar may be missing this obstacle
[ 4253.5s] CAMERA/LIDAR DISAGREE - lidar=4.43 m  camera=0.61 m  delta=-3.82 m  CAMERA SEES CLOSER - lidar may be missing this obstacle
[ 4255.5s] CAMERA/LIDAR DISAGREE - lidar=4.44 m  camera=0.61 m  delta=-3.83 m  CAMERA SEES CLOSER - lidar may be missing this obstacle
[ 4259.5s] CAMERA/LIDAR DISAGREE - lidar=4.43 m  camera=0.61 m  delta=-3.82 m  CAMERA SEES CLOSER - lidar may be missing this obstacle
[ 4275.0s] CAMERA/LIDAR DISAGREE - lidar=4.43 m  camera=0.61 m  delta=-3.82 m  CAMERA SEES CLOSER - lidar may be missing this obstacle
[ 4276.5s] CAMERA/LIDAR DISAGREE - lidar=4.43 m  camera=0.61 m  delta=-3.82 m  CAMERA SEES CLOSER - lidar may be missing this obstacle
[ 4284.0s] CAMERA/LIDAR DISAGREE - lidar=4.43 m  camera=0.61 m  delta=-3.82 m  CAMERA SEES CLOSER - lidar may be missing this obstacle
[ 4285.5s] CAMERA/LIDAR DISAGREE - lidar=4.43 m  camera=0.61 m  delta=-3.82 m  CAMERA SEES CLOSER - lidar may be missing this obstacle
