t,min_range,blocked,lidar_range,camera_range,agree,cmd_in_vx,cmd_in_vy,cmd_in_wz,cmd_out_vx,cmd_out_vy,cmd_out_wz,odom_x,odom_y
0.23,nan,0,nan,nan,0,0.000,0.000,0.000,0.000,0.000,0.000,0.000,0.000
0.43,nan,0,nan,nan,0,0.000,0.000,0.000,0.000,0.000,0.000,0.000,0.000
0.63,nan,0,nan,nan,0,0.000,0.000,0.000,0.000,0.000,0.000,0.000,0.000
0.83,nan,0,nan,nan,0,0.000,0.000,0.000,0.000,0.000,0.000,0.000,0.000
1.03,nan,0,nan,nan,0,0.000,0.000,0.000,0.000,0.000,0.000,0.000,0.000
1.23,nan,0,nan,0.420,0,0.000,0.000,0.000,0.000,0.000,0.000,0.000,0.000
1.43,nan,0,nan,0.420,0,0.000,0.000,0.000,0.000,0.000,0.000,0.000,0.000
1.63,nan,0,nan,0.421,0,0.000,0.000,0.000,0.000,0.000,0.000,0.000,0.000
1.83,nan,0,nan,0.421,0,0.000,0.000,0.000,0.000,0.000,0.000,0.000,0.000
2.03,0.105,0,nan,0.421,0,0.000,0.000,0.000,0.000,0.000,0.000,0.000,0.000
2.23,0.105,0,0.384,0.421,1,0.000,0.000,0.000,0.000,0.000,0.000,0.000,0.000
2.43,0.107,0,0.384,0.421,1,0.000,0.000,0.000,0.000,0.000,0.000,0.000,0.000
2.63,0.105,0,0.382,0.421,1,0.000,0.000,0.000,0.000,0.000,0.000,0.000,0.000
2.83,0.106,0,0.382,0.421,1,0.000,0.000,0.000,0.000,0.000,0.000,0.000,0.000
3.03,0.106,0,0.382,0.421,1,0.000,0.000,0.000,0.000,0.000,0.000,0.000,0.000
3.23,0.106,0,0.380,0.421,1,0.000,0.000,0.000,0.000,0.000,0.000,-0.002,0.001
3.43,0.108,0,0.380,0.421,1,0.000,0.000,0.000,0.000,0.000,0.000,-0.002,0.001
3.63,0.105,0,0.381,0.421,1,0.000,0.000,0.000,0.000,0.000,0.000,-0.000,0.000
3.83,0.106,0,0.381,0.421,1,0.000,0.000,0.000,0.000,0.000,0.000,-0.005,-0.000
4.03,0.106,0,0.381,0.421,1,0.000,0.000,0.000,0.000,0.000,0.000,-0.005,0.001
4.23,0.106,0,0.381,0.421,1,0.000,0.000,0.000,0.000,0.000,0.000,0.000,-0.001
4.43,0.105,0,0.381,0.421,1,0.000,0.000,0.000,0.000,0.000,0.000,0.000,-0.001
4.63,0.105,0,0.380,0.421,1,0.000,0.000,0.000,0.000,0.000,0.000,0.003,0.000
4.83,0.106,0,0.380,0.421,1,0.000,0.000,0.000,0.000,0.000,0.000,0.001,-0.000
5.03,0.106,0,0.380,0.421,1,0.000,0.000,0.000,0.000,0.000,0.000,-0.004,0.001
5.23,0.105,0,0.384,0.421,1,0.000,0.000,0.000,0.000,0.000,0.000,0.004,0.001
5.43,0.105,0,0.384,0.421,1,0.000,0.000,0.000,0.000,0.000,0.000,0.004,0.001
5.63,0.105,0,0.380,0.421,1,0.000,0.000,0.000,0.000,0.000,0.000,-0.006,-0.001
5.83,0.106,0,0.380,0.421,1,0.000,0.000,0.000,0.000,0.000,0.000,0.002,0.001
6.03,0.106,0,0.380,0.421,1,0.000,0.000,0.000,0.000,0.000,0.000,0.000,0.002
6.23,0.107,0,0.380,0.421,1,0.000,0.000,0.000,0.000,0.000,0.000,0.000,-0.001
6.43,0.107,0,0.380,0.421,1,0.000,0.000,0.000,0.000,0.000,0.000,0.000,-0.001
6.63,0.106,0,0.177,0.421,0,0.000,0.000,0.000,0.000,0.000,0.000,-0.011,0.004
6.83,0.100,0,0.177,0.421,0,0.000,0.000,0.000,0.000,0.000,0.000,-0.010,0.002
7.03,0.103,0,0.177,0.421,0,0.000,0.000,0.000,0.000,0.000,0.000,-0.006,0.003
7.23,0.100,0,0.137,0.421,0,0.000,0.000,0.000,0.000,0.000,0.000,-0.006,-0.007
7.43,0.100,0,0.137,0.421,0,0.000,0.000,0.000,0.000,0.000,0.000,-0.006,-0.007
7.63,0.107,0,0.141,0.421,0,0.000,0.000,0.000,0.000,0.000,0.000,-0.013,0.015
7.83,0.100,0,0.141,0.421,0,0.000,0.000,0.000,0.000,0.000,0.000,0.001,-0.000
8.03,0.100,0,0.141,0.421,0,0.000,0.000,0.000,0.000,0.000,0.000,0.005,0.004
8.23,0.107,0,0.135,0.420,0,0.000,0.000,0.000,0.000,0.000,0.000,-0.006,-0.000
8.43,0.107,0,0.135,0.420,0,0.000,0.000,0.000,0.000,0.000,0.000,-0.006,-0.000
8.63,0.108,0,0.380,0.430,1,0.000,0.000,0.000,0.000,0.000,0.000,-0.002,0.002
8.83,0.105,0,0.380,0.430,1,0.000,0.000,0.000,0.000,0.000,0.000,0.002,-0.001
9.03,0.106,0,0.380,0.430,1,0.000,0.000,0.000,0.000,0.000,0.000,-0.005,0.002
9.23,0.106,0,0.381,0.420,1,0.000,0.000,0.000,0.000,0.000,0.000,-0.008,0.008
9.43,0.106,0,0.381,0.420,1,0.000,0.000,0.000,0.000,0.000,0.000,-0.005,0.001
9.63,0.108,0,0.382,0.340,1,0.000,0.000,0.000,0.000,0.000,0.000,-0.005,0.001
9.83,0.105,0,0.382,0.340,1,0.000,0.000,0.000,0.000,0.000,0.000,0.002,0.003
10.03,0.105,0,0.382,0.340,1,0.000,0.000,0.000,0.000,0.000,0.000,-0.005,0.007
10.23,0.106,0,0.382,0.352,1,0.000,0.000,0.000,0.000,0.000,0.000,-0.002,0.002
10.43,0.106,0,0.382,0.352,1,0.000,0.000,0.000,0.000,0.000,0.000,-0.002,0.002
10.63,0.106,0,0.383,0.351,1,0.000,0.000,0.000,0.000,0.000,0.000,-0.002,0.002
10.83,0.106,0,0.383,0.351,1,0.000,0.000,0.000,0.000,0.000,0.000,-0.004,0.008
11.03,0.105,0,0.383,0.351,1,0.000,0.000,0.000,0.000,0.000,0.000,-0.001,0.002
11.23,0.105,0,0.382,0.365,1,0.000,0.000,0.000,0.000,0.000,0.000,0.004,0.007
11.43,0.105,0,0.382,0.365,1,0.000,0.000,0.000,0.000,0.000,0.000,-0.003,0.008
11.63,0.105,0,0.383,0.421,1,0.000,0.000,0.000,0.000,0.000,0.000,-0.003,0.008
11.83,0.106,0,0.383,0.421,1,0.000,0.000,0.000,0.000,0.000,0.000,0.002,0.009
12.03,0.105,0,0.383,0.421,1,0.000,0.000,0.000,0.000,0.000,0.000,-0.003,0.014
12.23,0.106,0,0.380,0.421,1,0.000,0.000,0.000,0.000,0.000,0.000,0.006,0.004
12.43,0.105,0,0.380,0.421,1,0.000,0.000,0.000,0.000,0.000,0.000,0.001,0.012
12.63,0.105,0,0.382,0.421,1,0.000,0.000,0.000,0.000,0.000,0.000,0.001,0.012
12.83,0.108,0,0.382,0.421,1,0.000,0.000,0.000,0.000,0.000,0.000,-0.003,0.005
13.03,0.105,0,0.382,0.421,1,0.000,0.000,0.000,0.000,0.000,0.000,-0.009,0.003
13.23,0.108,0,0.382,0.421,1,0.000,0.000,0.000,0.000,0.000,0.000,-0.002,0.007
13.43,0.106,0,0.382,0.421,1,0.000,0.000,0.000,0.000,0.000,0.000,-0.005,0.008
13.63,0.106,0,0.380,0.421,1,0.000,0.000,0.000,0.000,0.000,0.000,-0.005,0.008
13.83,0.106,0,0.380,0.421,1,0.000,0.000,0.000,0.000,0.000,0.000,-0.009,-0.001
14.03,0.105,0,0.380,0.421,1,0.000,0.000,0.000,0.000,0.000,0.000,-0.010,0.003
14.23,0.106,0,0.380,0.421,1,0.000,0.000,0.000,0.000,0.000,0.000,-0.001,-0.007
14.43,0.107,0,0.380,0.421,1,0.000,0.000,0.000,0.000,0.000,0.000,-0.030,-0.015
14.63,0.107,0,0.383,0.416,1,0.000,0.000,0.000,0.000,0.000,0.000,-0.030,-0.015
14.83,0.106,0,0.383,0.416,1,0.000,0.000,0.000,0.000,0.000,0.000,-0.031,-0.000
15.03,0.106,0,0.383,0.416,1,0.000,0.000,0.000,0.000,0.000,0.000,-0.034,-0.019
15.23,0.105,0,0.384,0.408,1,0.000,0.000,0.000,0.000,0.000,0.000,0.006,-0.022
15.43,0.105,0,0.384,0.408,1,0.000,0.000,0.000,0.000,0.000,0.000,0.046,-0.018
15.63,0.105,0,0.387,0.411,1,0.000,0.000,0.000,0.000,0.000,0.000,0.046,-0.018
15.83,0.106,0,0.387,0.411,1,0.000,0.000,0.000,0.000,0.000,0.000,0.052,-0.005
16.03,0.105,0,0.387,0.411,1,0.000,0.000,0.000,0.000,0.000,0.000,0.044,0.006
16.23,0.106,0,0.379,0.419,1,0.000,0.000,0.000,0.000,0.000,0.000,0.010,-0.001
16.43,0.105,0,0.379,0.419,1,0.000,0.000,0.000,0.000,0.000,0.000,0.017,0.014
16.63,0.105,0,0.377,0.423,1,0.000,0.000,0.000,0.000,0.000,0.000,0.017,0.019
16.83,0.106,0,0.377,0.423,1,0.000,0.000,0.000,0.000,0.000,0.000,0.017,0.019
17.03,0.108,0,0.377,0.423,1,0.000,0.000,0.000,0.000,0.000,0.000,0.014,0.020
17.23,0.105,0,0.377,0.427,1,0.000,0.000,0.000,0.000,0.000,0.000,0.004,0.037
17.43,0.105,0,0.377,0.427,1,0.000,0.000,0.000,0.000,0.000,0.000,0.003,0.058
17.63,0.105,0,0.377,0.429,1,0.000,0.000,0.000,0.000,0.000,0.000,0.003,0.063
17.83,0.105,0,0.377,0.429,1,0.000,0.000,0.000,0.000,0.000,0.000,0.003,0.063
18.03,0.329,0,0.377,0.429,1,0.000,0.000,0.000,0.000,0.000,0.000,0.006,0.057
18.23,0.327,0,0.376,0.432,1,0.000,0.000,0.000,0.000,0.000,0.000,0.008,0.050
18.43,0.326,0,0.376,0.432,1,0.000,0.000,0.000,0.000,0.000,0.000,0.011,0.048
18.63,0.326,0,0.377,0.433,1,0.000,0.000,0.000,0.000,0.000,0.000,0.009,0.054
18.83,0.324,0,0.377,0.433,1,0.000,0.000,0.000,0.000,0.000,0.000,0.009,0.054
19.03,0.322,0,0.377,0.433,1,0.000,0.000,0.000,0.000,0.000,0.000,0.022,0.036
19.23,0.325,0,0.378,0.432,1,0.000,0.000,0.000,0.000,0.000,0.000,0.014,-0.001
19.43,0.336,0,0.378,0.432,1,0.000,0.000,0.000,0.000,0.000,0.000,0.039,-0.063
19.63,0.105,0,0.381,0.419,1,0.000,0.000,0.000,0.000,0.000,0.000,0.038,-0.033
19.83,0.105,0,0.381,0.419,1,0.000,0.000,0.000,0.000,0.000,0.000,0.038,-0.033
20.03,0.107,0,0.381,0.419,1,0.000,0.000,0.000,0.000,0.000,0.000,0.018,-0.036
20.23,0.106,0,0.387,0.415,1,0.000,0.000,0.000,0.000,0.000,0.000,-0.002,-0.037
20.43,0.105,0,0.387,0.415,1,0.000,0.000,0.000,0.000,0.000,0.000,-0.011,-0.040
20.63,0.105,0,0.394,0.411,1,0.000,0.000,0.000,0.000,0.000,0.000,0.008,-0.056
20.83,0.105,0,0.394,0.411,1,0.000,0.000,0.000,0.000,0.000,0.000,0.008,-0.056
21.03,0.106,0,0.394,0.411,1,0.000,0.000,0.000,0.000,0.000,0.000,-0.017,-0.040
21.23,0.105,0,0.401,0.499,1,0.000,0.000,0.000,0.000,0.000,0.000,-0.012,-0.067
21.43,0.105,0,0.401,0.499,1,0.000,0.000,0.000,0.000,0.000,0.000,-0.008,-0.069
21.63,0.106,0,0.413,0.492,1,0.000,0.000,0.000,0.000,0.000,0.000,-0.003,-0.063
21.83,0.106,0,0.413,0.492,1,0.000,0.000,0.000,0.000,0.000,0.000,-0.003,-0.063
22.03,0.106,0,0.413,0.492,1,0.000,0.000,0.000,0.000,0.000,0.000,-0.018,-0.077
22.23,0.106,0,0.704,0.498,0,0.000,0.000,0.000,0.000,0.000,0.000,-0.010,-0.075
22.43,0.106,0,0.704,0.498,0,0.000,0.000,0.000,0.000,0.000,0.000,-0.010,-0.069
22.63,0.106,0,0.688,0.484,0,0.000,0.000,0.000,0.000,0.000,0.000,-0.025,-0.067
22.83,0.106,0,0.688,0.484,0,0.000,0.000,0.000,0.000,0.000,0.000,-0.025,-0.067
23.03,0.106,0,0.688,0.484,0,0.000,0.000,0.000,0.000,0.000,0.000,-0.013,-0.075
23.23,0.106,0,0.559,0.486,1,0.000,0.000,0.000,0.000,0.000,0.000,-0.023,-0.081
23.43,0.106,0,0.559,0.486,1,0.000,0.000,0.000,0.000,0.000,0.000,-0.019,-0.089
23.63,0.385,0,0.445,0.485,1,0.000,0.000,0.000,0.000,0.000,0.000,-0.022,-0.086
23.83,0.385,0,0.445,0.485,1,0.000,0.000,0.000,0.000,0.000,0.000,-0.028,-0.093
24.03,0.377,0,0.445,0.485,1,0.000,0.000,0.000,0.000,0.000,0.000,-0.028,-0.093
24.23,0.369,0,0.406,0.478,1,0.000,0.000,0.000,0.000,0.000,0.000,-0.037,-0.085
24.43,0.370,0,0.406,0.478,1,0.000,0.000,0.000,0.000,0.000,0.000,-0.010,-0.105
24.63,0.407,0,0.422,0.494,1,0.000,0.000,0.000,0.000,0.000,0.000,-0.015,-0.097
24.83,0.407,0,0.422,0.494,1,0.000,0.000,0.000,0.000,0.000,0.000,-0.013,-0.098
25.03,0.407,0,0.422,0.494,1,0.000,0.000,0.000,0.000,0.000,0.000,-0.013,-0.098
25.23,0.406,0,0.425,0.490,1,0.000,0.000,0.000,0.000,0.000,0.000,-0.010,-0.098
25.43,0.407,0,0.425,0.490,1,0.000,0.000,0.000,0.000,0.000,0.000,-0.066,-0.060
25.63,0.398,0,0.408,0.478,1,0.000,0.000,0.000,0.000,0.000,0.000,-0.040,-0.088
25.83,0.398,0,0.408,0.478,1,0.000,0.000,0.000,0.000,0.000,0.000,-0.026,-0.094
26.03,0.361,0,0.408,0.478,1,0.000,0.000,0.000,0.000,0.000,0.000,-0.026,-0.094
26.23,0.361,0,0.372,0.478,1,0.000,0.000,0.000,0.000,0.000,0.000,-0.023,-0.103
26.43,0.366,0,0.372,0.478,1,0.000,0.000,0.000,0.000,0.000,0.000,-0.029,-0.098
26.63,0.398,0,0.417,0.493,1,0.000,0.000,0.000,0.000,0.000,0.000,0.032,-0.125
26.83,0.406,0,0.417,0.493,1,0.000,0.000,0.000,0.000,0.000,0.000,0.064,-0.131
27.03,0.406,0,0.417,0.493,1,0.000,0.000,0.000,0.000,0.000,0.000,0.064,-0.131
27.23,0.405,0,0.586,0.501,1,0.000,0.000,0.000,0.000,0.000,0.000,0.083,-0.116
27.43,0.105,0,0.586,0.501,1,0.000,0.000,0.000,0.000,0.000,0.000,0.043,-0.095
27.63,0.105,0,0.647,0.495,1,0.000,0.000,0.000,0.000,0.000,0.000,0.035,-0.088
27.83,0.105,0,0.647,0.495,1,0.000,0.000,0.000,0.000,0.000,0.000,0.061,-0.090
28.03,0.105,0,0.647,0.495,1,0.000,0.000,0.000,0.000,0.000,0.000,0.061,-0.090
28.23,0.106,0,0.401,0.499,1,0.000,0.000,0.000,0.000,0.000,0.000,0.062,-0.074
28.43,0.105,0,0.401,0.499,1,0.000,0.000,0.000,0.000,0.000,0.000,0.085,-0.067
28.63,0.105,0,0.393,0.419,1,0.000,0.000,0.000,0.000,0.000,0.000,0.072,-0.050
28.83,0.108,0,0.393,0.419,1,0.000,0.000,0.000,0.000,0.000,0.000,0.076,-0.038
29.03,0.108,0,0.393,0.419,1,0.000,0.000,0.000,0.000,0.000,0.000,0.076,-0.038
29.23,0.105,0,0.390,0.428,1,0.000,0.000,0.000,0.000,0.000,0.000,0.044,-0.028
29.43,0.105,0,0.390,0.428,1,0.000,0.000,0.000,0.000,0.000,0.000,0.043,-0.015
29.63,0.106,0,0.385,0.434,1,0.000,0.000,0.000,0.000,0.000,0.000,0.059,-0.016
29.83,0.360,0,0.385,0.434,1,0.000,0.000,0.000,0.000,0.000,0.000,0.055,0.001
30.03,0.360,0,0.385,0.434,1,0.000,0.000,0.000,0.000,0.000,0.000,0.055,0.001
30.23,0.355,0,0.387,0.439,1,0.000,0.000,0.000,0.000,0.000,0.000,0.051,-0.005
30.43,0.105,0,0.387,0.439,1,0.000,0.000,0.000,0.000,0.000,0.000,0.047,0.006
30.63,0.106,0,0.381,0.440,1,0.000,0.000,0.000,0.000,0.000,0.000,0.033,0.001
30.83,0.105,0,0.381,0.440,1,0.000,0.000,0.000,0.000,0.000,0.000,0.031,-0.007
31.03,0.105,0,0.381,0.440,1,0.000,0.000,0.000,0.000,0.000,0.000,0.031,-0.007
31.23,0.107,0,0.384,0.435,1,0.000,0.000,0.000,0.000,0.000,0.000,0.009,-0.025
31.43,0.369,0,0.384,0.435,1,0.000,0.000,0.000,0.000,0.000,0.000,-0.017,-0.021
31.63,0.105,0,0.397,0.431,1,0.000,0.000,0.000,0.000,0.000,0.000,0.017,-0.052
31.83,0.108,0,0.397,0.431,1,0.000,0.000,0.000,0.000,0.000,0.000,0.017,-0.052
32.03,0.108,0,0.397,0.431,1,0.000,0.000,0.000,0.000,0.000,0.000,0.017,-0.052
32.23,0.105,0,0.395,0.429,1,0.000,0.000,0.000,0.000,0.000,0.000,0.017,-0.052
32.43,0.106,0,0.395,0.429,1,0.000,0.000,0.000,0.000,0.000,0.000,0.017,-0.052
32.63,0.106,0,0.279,0.347,1,0.000,0.000,0.000,0.000,0.000,0.000,0.017,-0.052
32.83,0.105,0,0.279,0.347,1,0.000,0.000,0.000,0.000,0.000,0.000,0.017,-0.052
33.03,0.105,0,0.279,0.347,1,0.000,0.000,0.000,0.000,0.000,0.000,0.017,-0.052
33.23,0.105,0,0.399,0.340,1,0.000,0.000,0.000,0.000,0.000,0.000,0.017,-0.052
33.43,0.106,0,0.399,0.340,1,0.000,0.000,0.000,0.000,0.000,0.000,0.015,-0.057
33.63,0.105,0,0.398,0.342,1,0.000,0.000,0.000,0.000,0.000,0.000,0.018,-0.052
33.83,0.105,0,0.398,0.342,1,0.000,0.000,0.000,0.000,0.000,0.000,0.013,-0.054
34.03,0.105,0,0.398,0.342,1,0.000,0.000,0.000,0.000,0.000,0.000,0.019,-0.054
34.23,0.106,0,0.298,0.393,1,0.000,0.000,0.000,0.000,0.000,0.000,0.019,-0.054
34.43,0.105,0,0.298,0.393,1,0.000,0.000,0.000,0.000,0.000,0.000,0.014,-0.056
34.63,0.106,0,0.304,0.361,1,0.000,0.000,0.000,0.000,0.000,0.000,0.016,-0.055
34.83,0.106,0,0.304,0.361,1,0.000,0.000,0.000,0.000,0.000,0.000,0.015,-0.054
35.03,0.106,0,0.304,0.361,1,0.000,0.000,0.000,0.000,0.000,0.000,0.015,-0.054
35.23,0.106,0,0.399,0.342,1,0.000,0.000,0.000,0.000,0.000,0.000,0.015,-0.054
35.43,0.107,0,0.399,0.342,1,0.000,0.000,0.000,0.000,0.000,0.000,0.021,-0.052
35.63,0.106,0,0.394,0.367,1,0.000,0.000,0.000,0.000,0.000,0.000,0.011,-0.056
35.83,0.105,0,0.394,0.367,1,0.000,0.000,0.000,0.000,0.000,0.000,0.019,-0.054
36.03,0.106,0,0.394,0.367,1,0.000,0.000,0.000,0.000,0.000,0.000,0.015,-0.054
36.23,0.106,0,0.397,0.363,1,0.000,0.000,0.000,0.000,0.000,0.000,0.015,-0.054
36.43,0.108,0,0.397,0.363,1,0.000,0.000,0.000,0.000,0.000,0.000,0.020,-0.052
36.63,0.106,0,0.398,0.335,1,0.000,0.000,0.000,0.000,0.000,0.000,0.014,-0.054
36.83,0.105,0,0.398,0.335,1,0.000,0.000,0.000,0.000,0.000,0.000,0.018,-0.053
37.03,0.105,0,0.398,0.335,1,0.000,0.000,0.000,0.000,0.000,0.000,0.019,-0.052
37.23,0.105,0,0.397,0.361,1,0.000,0.000,0.000,0.000,0.000,0.000,0.019,-0.052
37.43,0.106,0,0.397,0.361,1,0.000,0.000,0.000,0.000,0.000,0.000,0.017,-0.056
37.63,0.105,0,0.395,0.430,1,0.000,0.000,0.000,0.000,0.000,0.000,0.020,-0.052
37.83,0.107,0,0.395,0.430,1,0.000,0.000,0.000,0.000,0.000,0.000,0.024,-0.053
38.03,0.105,0,0.395,0.430,1,0.000,0.000,0.000,0.000,0.000,0.000,0.018,-0.054
38.23,0.105,0,0.394,0.430,1,0.000,0.000,0.000,0.000,0.000,0.000,0.018,-0.054
38.43,0.106,0,0.394,0.430,1,0.000,0.000,0.000,0.000,0.000,0.000,0.020,-0.054
38.63,0.105,0,0.394,0.430,1,0.000,0.000,0.000,0.000,0.000,0.000,0.016,-0.054
38.83,0.105,0,0.394,0.430,1,0.000,0.000,0.000,0.000,0.000,0.000,0.015,-0.056
39.03,0.105,0,0.394,0.430,1,0.000,0.000,0.000,0.000,0.000,0.000,0.019,-0.055
39.23,0.105,0,0.399,0.430,1,0.000,0.000,0.000,0.000,0.000,0.000,0.019,-0.055
39.43,0.105,0,0.399,0.430,1,0.000,0.000,0.000,0.000,0.000,0.000,0.019,-0.055
39.63,0.105,0,0.394,0.430,1,0.000,0.000,0.000,0.000,0.000,0.000,0.018,-0.054
39.83,0.108,0,0.394,0.430,1,0.000,0.000,0.000,0.000,0.000,0.000,0.019,-0.054
40.03,0.106,0,0.394,0.430,1,0.000,0.000,0.000,0.000,0.000,0.000,0.021,-0.055
40.23,0.106,0,0.395,0.430,1,0.000,0.000,0.000,0.000,0.000,0.000,0.019,-0.054
40.43,0.106,0,0.395,0.430,1,0.000,0.000,0.000,0.000,0.000,0.000,0.019,-0.054
40.63,0.106,0,0.397,0.430,1,0.000,0.000,0.000,0.000,0.000,0.000,0.020,-0.056
40.83,0.105,0,0.397,0.430,1,0.000,0.000,0.000,0.000,0.000,0.000,0.018,-0.050
41.03,0.106,0,0.397,0.430,1,0.000,0.000,0.000,0.000,0.000,0.000,0.018,-0.055
41.23,0.106,0,0.393,0.430,1,0.000,0.000,0.000,0.000,0.000,0.000,0.018,-0.056
41.43,0.106,0,0.393,0.430,1,0.000,0.000,0.000,0.000,0.000,0.000,0.018,-0.056
41.63,0.106,0,0.394,0.430,1,0.000,0.000,0.000,0.000,0.000,0.000,0.020,-0.053
41.83,0.105,0,0.394,0.430,1,0.000,0.000,0.000,0.000,0.000,0.000,0.021,-0.057
42.03,0.106,0,0.394,0.430,1,0.000,0.000,0.000,0.000,0.000,0.000,0.017,-0.056
42.23,0.105,0,0.396,0.430,1,0.000,0.000,0.000,0.000,0.000,0.000,0.021,-0.054
42.43,0.105,0,0.396,0.430,1,0.000,0.000,0.000,0.000,0.000,0.000,0.021,-0.054
42.63,0.106,0,0.396,0.430,1,0.000,0.000,0.000,0.000,0.000,0.000,0.023,-0.047
42.83,0.105,0,0.396,0.430,1,0.000,0.000,0.000,0.000,0.000,0.000,0.023,-0.049
43.03,0.105,0,0.396,0.430,1,0.000,0.000,0.000,0.000,0.000,0.000,0.019,-0.051
43.23,0.106,0,0.397,0.430,1,0.000,0.000,0.000,0.000,0.000,0.000,0.021,-0.059
43.43,0.106,0,0.397,0.430,1,0.000,0.000,0.000,0.000,0.000,0.000,0.021,-0.059
43.63,0.105,0,0.395,0.430,1,0.000,0.000,0.000,0.000,0.000,0.000,0.021,-0.051
43.83,0.106,0,0.395,0.430,1,0.000,0.000,0.000,0.000,0.000,0.000,0.013,-0.060
44.03,0.106,0,0.395,0.430,1,0.000,0.000,0.000,0.000,0.000,0.000,0.020,-0.058
44.23,0.107,0,0.393,0.430,1,0.000,0.000,0.000,0.000,0.000,0.000,0.019,-0.055
44.43,0.107,0,0.393,0.430,1,0.000,0.000,0.000,0.000,0.000,0.000,0.019,-0.055
44.63,0.105,0,0.394,0.430,1,0.000,0.000,0.000,0.000,0.000,0.000,0.016,-0.057
44.83,0.106,0,0.394,0.430,1,0.000,0.000,0.000,0.000,0.000,0.000,0.013,-0.056
45.03,0.106,0,0.394,0.430,1,0.000,0.000,0.000,0.000,0.000,0.000,0.013,-0.056
45.23,0.106,0,0.393,0.430,1,0.000,0.000,0.000,0.000,0.000,0.000,0.013,-0.056
45.43,0.106,0,0.393,0.430,1,0.000,0.000,0.000,0.000,0.000,0.000,0.018,-0.053
45.63,0.105,0,0.395,0.430,1,0.000,0.000,0.000,0.000,0.000,0.000,0.022,-0.056
45.83,0.105,0,0.395,0.430,1,0.000,0.000,0.000,0.000,0.000,0.000,0.015,-0.057
46.03,0.106,0,0.395,0.430,1,0.000,0.000,0.000,0.000,0.000,0.000,0.021,-0.052
46.23,0.107,0,0.396,0.430,1,0.000,0.000,0.000,0.000,0.000,0.000,0.021,-0.054
46.43,0.107,0,0.396,0.430,1,0.000,0.000,0.000,0.000,0.000,0.000,0.022,-0.055
46.63,0.105,0,0.394,0.430,1,0.000,0.000,0.000,0.000,0.000,0.000,0.022,-0.055
46.83,0.108,0,0.394,0.430,1,0.000,0.000,0.000,0.000,0.000,0.000,0.020,-0.053
47.03,0.106,0,0.394,0.430,1,0.000,0.000,0.000,0.000,0.000,0.000,0.018,-0.054
47.23,0.105,0,0.397,0.430,1,0.000,0.000,0.000,0.000,0.000,0.000,0.017,-0.055
47.43,0.105,0,0.397,0.430,1,0.000,0.000,0.000,0.000,0.000,0.000,0.020,-0.054
47.63,0.105,0,0.399,0.430,1,0.000,0.000,0.000,0.000,0.000,0.000,0.020,-0.054
47.83,0.106,0,0.399,0.430,1,0.000,0.000,0.000,0.000,0.000,0.000,0.026,-0.053
48.03,0.107,0,0.399,0.430,1,0.000,0.000,0.000,0.000,0.000,0.000,0.018,-0.053
48.23,0.106,0,0.394,0.430,1,0.000,0.000,0.000,0.000,0.000,0.000,0.015,-0.052
48.43,0.106,0,0.394,0.430,1,0.000,0.000,0.000,0.000,0.000,0.000,0.015,-0.054
48.63,0.106,0,0.394,0.430,1,0.000,0.000,0.000,0.000,0.000,0.000,0.015,-0.054
48.83,0.106,0,0.394,0.430,1,0.000,0.000,0.000,0.000,0.000,0.000,0.022,-0.052
49.03,0.108,0,0.394,0.430,1,0.000,0.000,0.000,0.000,0.000,0.000,0.020,-0.052
49.23,0.106,0,0.398,0.430,1,0.000,0.000,0.000,0.000,0.000,0.000,0.019,-0.050
49.43,0.106,0,0.398,0.430,1,0.000,0.000,0.000,0.000,0.000,0.000,0.018,-0.050
49.63,0.105,0,0.396,0.430,1,0.000,0.000,0.000,0.000,0.000,0.000,0.018,-0.050
49.83,0.106,0,0.396,0.430,1,0.000,0.000,0.000,0.000,0.000,0.000,0.022,-0.053
50.03,0.106,0,0.396,0.430,1,0.000,0.000,0.000,0.000,0.000,0.000,0.024,-0.053
50.23,0.105,0,0.396,0.430,1,0.000,0.000,0.000,0.000,0.000,0.000,0.017,-0.055
50.43,0.105,0,0.396,0.430,1,0.000,0.000,0.000,0.000,0.000,0.000,0.024,-0.053
50.63,0.106,0,0.395,0.430,1,0.000,0.000,0.000,0.000,0.000,0.000,0.024,-0.053
50.83,0.107,0,0.395,0.430,1,0.000,0.000,0.000,0.000,0.000,0.000,0.026,-0.053
51.03,0.106,0,0.395,0.430,1,0.000,0.000,0.000,0.000,0.000,0.000,0.021,-0.054
51.23,0.108,0,0.397,0.430,1,0.000,0.000,0.000,0.000,0.000,0.000,0.017,-0.056
51.43,0.105,0,0.397,0.430,1,0.000,0.000,0.000,0.000,0.000,0.000,0.027,-0.061
51.63,0.105,0,0.394,0.430,1,0.000,0.000,0.000,0.000,0.000,0.000,0.027,-0.061
51.83,0.106,0,0.394,0.430,1,0.000,0.000,0.000,0.000,0.000,0.000,0.026,-0.055
52.03,0.105,0,0.394,0.430,1,0.000,0.000,0.000,0.000,0.000,0.000,0.018,-0.057
52.23,0.106,0,0.395,0.430,1,0.000,0.000,0.000,0.000,0.000,0.000,0.030,-0.067
52.43,0.105,0,0.395,0.430,1,0.000,0.000,0.000,0.000,0.000,0.000,0.024,-0.060
52.63,0.105,0,0.397,0.430,1,0.000,0.000,0.000,0.000,0.000,0.000,0.024,-0.060
52.83,0.106,0,0.397,0.430,1,0.000,0.000,0.000,0.000,0.000,0.000,0.023,-0.054
53.03,0.108,0,0.397,0.430,1,0.000,0.000,0.000,0.000,0.000,0.000,0.016,-0.048
53.23,0.108,0,0.396,0.430,1,0.000,0.000,0.000,0.000,0.000,0.000,0.020,-0.049
53.43,0.106,0,0.396,0.430,1,0.000,0.000,0.000,0.000,0.000,0.000,0.021,-0.051
53.63,0.106,0,0.395,0.430,1,0.000,0.000,0.000,0.000,0.000,0.000,0.021,-0.051
53.83,0.108,0,0.395,0.430,1,0.000,0.000,0.000,0.000,0.000,0.000,0.019,-0.055
54.03,0.106,0,0.395,0.430,1,0.000,0.000,0.000,0.000,0.000,0.000,0.016,-0.053
54.23,0.106,0,0.397,0.430,1,0.000,0.000,0.000,0.000,0.000,0.000,0.016,-0.053
54.43,0.105,0,0.397,0.430,1,0.000,0.000,0.000,0.000,0.000,0.000,0.023,-0.060
54.63,0.105,0,0.396,0.430,1,0.000,0.000,0.000,0.000,0.000,0.000,0.028,-0.061
54.83,0.106,0,0.396,0.430,1,0.000,0.000,0.000,0.000,0.000,0.000,0.028,-0.061
55.03,0.105,0,0.396,0.430,1,0.000,0.000,0.000,0.000,0.000,0.000,0.027,-0.065
55.23,0.107,0,0.395,0.430,1,0.000,0.000,0.000,0.000,0.000,0.000,0.036,-0.075
55.43,0.105,0,0.395,0.430,1,0.000,0.000,0.000,0.000,0.000,0.000,0.036,-0.057
55.63,0.105,0,0.397,0.430,1,0.000,0.000,0.000,0.000,0.000,0.000,0.032,-0.051
55.83,0.107,0,0.397,0.430,1,0.000,0.000,0.000,0.000,0.000,0.000,0.032,-0.051
56.03,0.105,0,0.397,0.430,1,0.000,0.000,0.000,0.000,0.000,0.000,0.027,-0.054
56.23,0.105,0,0.395,0.430,1,0.000,0.000,0.000,0.000,0.000,0.000,0.035,-0.056
56.43,0.106,0,0.395,0.430,1,0.000,0.000,0.000,0.000,0.000,0.000,0.027,-0.065
56.63,0.106,0,0.395,0.430,1,0.000,0.000,0.000,0.000,0.000,0.000,0.031,-0.066
56.83,0.106,0,0.395,0.430,1,0.000,0.000,0.000,0.000,0.000,0.000,0.031,-0.066
57.03,0.105,0,0.395,0.430,1,0.000,0.000,0.000,0.000,0.000,0.000,0.028,-0.070
57.23,0.108,0,0.393,0.430,1,0.000,0.000,0.000,0.000,0.000,0.000,0.032,-0.069
57.43,0.106,0,0.393,0.430,1,0.000,0.000,0.000,0.000,0.000,0.000,0.035,-0.062
57.63,0.106,0,0.395,0.430,1,0.000,0.000,0.000,0.000,0.000,0.000,0.032,-0.056
57.83,0.105,0,0.395,0.430,1,0.000,0.000,0.000,0.000,0.000,0.000,0.032,-0.056
58.03,0.106,0,0.395,0.430,1,0.000,0.000,0.000,0.000,0.000,0.000,0.036,-0.072
58.23,0.105,0,0.397,0.430,1,0.000,0.000,0.000,0.000,0.000,0.000,0.041,-0.076
58.43,0.106,0,0.397,0.430,1,0.000,0.000,0.000,0.000,0.000,0.000,0.034,-0.074
58.63,0.105,0,0.394,0.430,1,0.000,0.000,0.000,0.000,0.000,0.000,0.028,-0.064
58.83,0.105,0,0.394,0.430,1,0.000,0.000,0.000,0.000,0.000,0.000,0.028,-0.064
59.03,0.106,0,0.394,0.430,1,0.000,0.000,0.000,0.000,0.000,0.000,0.031,-0.060
59.23,0.105,0,0.394,0.430,1,0.000,0.000,0.000,0.000,0.000,0.000,0.033,-0.058
59.43,0.105,0,0.394,0.430,1,0.000,0.000,0.000,0.000,0.000,0.000,0.029,-0.058
59.63,0.105,0,0.394,0.430,1,0.000,0.000,0.000,0.000,0.000,0.000,0.031,-0.059
59.83,0.105,0,0.394,0.430,1,0.000,0.000,0.000,0.000,0.000,0.000,0.031,-0.059
60.03,0.107,0,0.394,0.430,1,0.000,0.000,0.000,0.000,0.000,0.000,0.031,-0.057
60.23,0.105,0,0.397,0.430,1,0.000,0.000,0.000,0.000,0.000,0.000,0.031,-0.058
60.43,0.105,0,0.397,0.430,1,0.000,0.000,0.000,0.000,0.000,0.000,0.025,-0.062
60.63,0.108,0,0.395,0.430,1,0.000,0.000,0.000,0.000,0.000,0.000,0.029,-0.060
60.83,0.108,0,0.395,0.430,1,0.000,0.000,0.000,0.000,0.000,0.000,0.029,-0.060
61.03,0.106,0,0.395,0.430,1,0.000,0.000,0.000,0.000,0.000,0.000,0.026,-0.060
61.23,0.105,0,0.396,0.430,1,0.000,0.000,0.000,0.000,0.000,0.000,0.029,-0.064
61.43,0.105,0,0.396,0.430,1,0.000,0.000,0.000,0.000,0.000,0.000,0.024,-0.060
61.63,0.108,0,0.394,0.430,1,0.000,0.000,0.000,0.000,0.000,0.000,0.028,-0.062
61.83,0.108,0,0.394,0.430,1,0.000,0.000,0.000,0.000,0.000,0.000,0.028,-0.062
62.03,0.106,0,0.394,0.430,1,0.000,0.000,0.000,0.000,0.000,0.000,0.038,-0.073
62.23,0.106,0,0.396,0.430,1,0.000,0.000,0.000,0.000,0.000,0.000,0.033,-0.073
62.43,0.105,0,0.396,0.430,1,0.000,0.000,0.000,0.000,0.000,0.000,0.026,-0.059
62.63,0.106,0,0.394,0.430,1,0.000,0.000,0.000,0.000,0.000,0.000,0.031,-0.061
62.83,0.106,0,0.394,0.430,1,0.000,0.000,0.000,0.000,0.000,0.000,0.021,-0.066
63.03,0.105,0,0.394,0.430,1,0.000,0.000,0.000,0.000,0.000,0.000,0.021,-0.066
63.23,0.106,0,0.396,0.430,1,0.000,0.000,0.000,0.000,0.000,0.000,0.031,-0.060
63.43,0.105,0,0.396,0.430,1,0.000,0.000,0.000,0.000,0.000,0.000,0.028,-0.059
63.63,0.106,0,0.397,0.430,1,0.000,0.000,0.000,0.000,0.000,0.000,0.031,-0.059
63.83,0.106,0,0.397,0.430,1,0.000,0.000,0.000,0.000,0.000,0.000,0.031,-0.064
64.03,0.105,0,0.397,0.430,1,0.000,0.000,0.000,0.000,0.000,0.000,0.031,-0.064
64.23,0.106,0,0.396,0.430,1,0.000,0.000,0.000,0.000,0.000,0.000,0.025,-0.062
64.43,0.106,0,0.396,0.430,1,0.000,0.000,0.000,0.000,0.000,0.000,0.033,-0.065
64.63,0.105,0,0.397,0.430,1,0.000,0.000,0.000,0.000,0.000,0.000,0.031,-0.060
64.83,0.105,0,0.397,0.430,1,0.000,0.000,0.000,0.000,0.000,0.000,0.031,-0.061
65.03,0.106,0,0.397,0.430,1,0.000,0.000,0.000,0.000,0.000,0.000,0.031,-0.061
65.23,0.107,0,0.395,0.430,1,0.000,0.000,0.000,0.000,0.000,0.000,0.031,-0.057
65.43,0.105,0,0.395,0.430,1,0.000,0.000,0.000,0.000,0.000,0.000,0.039,-0.061
65.63,0.108,0,0.397,0.430,1,0.000,0.000,0.000,0.000,0.000,0.000,0.039,-0.078
65.83,0.108,0,0.397,0.430,1,0.000,0.000,0.000,0.000,0.000,0.000,0.030,-0.062
66.03,0.106,0,0.397,0.430,1,0.000,0.000,0.000,0.000,0.000,0.000,0.030,-0.062
66.23,0.108,0,0.397,0.430,1,0.000,0.000,0.000,0.000,0.000,0.000,0.032,-0.061
66.43,0.106,0,0.397,0.430,1,0.000,0.000,0.000,0.000,0.000,0.000,0.033,-0.060
66.63,0.105,0,0.395,0.429,1,0.000,0.000,0.000,0.000,0.000,0.000,0.030,-0.063
66.83,0.106,0,0.395,0.429,1,0.000,0.000,0.000,0.000,0.000,0.000,0.031,-0.062
67.03,0.106,0,0.395,0.429,1,0.000,0.000,0.000,0.000,0.000,0.000,0.031,-0.062
67.23,0.106,0,0.396,0.430,1,0.000,0.000,0.000,0.000,0.000,0.000,0.029,-0.066
67.43,0.105,0,0.396,0.430,1,0.000,0.000,0.000,0.000,0.000,0.000,0.029,-0.062
67.63,0.106,0,0.395,0.430,1,0.000,0.000,0.000,0.000,0.000,0.000,0.031,-0.066
67.83,0.105,0,0.395,0.430,1,0.000,0.000,0.000,0.000,0.000,0.000,0.028,-0.056
68.03,0.105,0,0.395,0.430,1,0.000,0.000,0.000,0.000,0.000,0.000,0.028,-0.056
68.23,0.107,0,0.395,0.430,1,0.000,0.000,0.000,0.000,0.000,0.000,0.033,-0.066
68.43,0.106,0,0.395,0.430,1,0.000,0.000,0.000,0.000,0.000,0.000,0.032,-0.063
68.63,0.107,0,0.397,0.430,1,0.000,0.000,0.000,0.000,0.000,0.000,0.028,-0.058
68.83,0.105,0,0.397,0.430,1,0.000,0.000,0.000,0.000,0.000,0.000,0.030,-0.059
69.03,0.105,0,0.397,0.430,1,0.000,0.000,0.000,0.000,0.000,0.000,0.030,-0.059
69.23,0.106,0,0.398,0.430,1,0.000,0.000,0.000,0.000,0.000,0.000,0.038,-0.059
69.43,0.106,0,0.398,0.430,1,0.000,0.000,0.000,0.000,0.000,0.000,0.027,-0.060
69.63,0.105,0,0.398,0.430,1,0.000,0.000,0.000,0.000,0.000,0.000,0.032,-0.057
69.83,0.108,0,0.398,0.430,1,0.000,0.000,0.000,0.000,0.000,0.000,0.030,-0.062
70.03,0.108,0,0.398,0.430,1,0.000,0.000,0.000,0.000,0.000,0.000,0.030,-0.062
70.23,0.106,0,0.394,0.430,1,0.000,0.000,0.000,0.000,0.000,0.000,0.026,-0.066
70.43,0.106,0,0.394,0.430,1,0.000,0.000,0.000,0.000,0.000,0.000,0.031,-0.061
70.63,0.106,0,0.396,0.430,1,0.000,0.000,0.000,0.000,0.000,0.000,0.032,-0.059
70.83,0.105,0,0.396,0.430,1,0.000,0.000,0.000,0.000,0.000,0.000,0.030,-0.064
71.03,0.105,0,0.396,0.430,1,0.000,0.000,0.000,0.000,0.000,0.000,0.033,-0.060
71.23,0.106,0,0.394,0.430,1,0.000,0.000,0.000,0.000,0.000,0.000,0.033,-0.060
71.43,0.108,0,0.394,0.430,1,0.000,0.000,0.000,0.000,0.000,0.000,0.028,-0.063
71.63,0.105,0,0.394,0.430,1,0.000,0.000,0.000,0.000,0.000,0.000,0.035,-0.059
71.83,0.105,0,0.394,0.430,1,0.000,0.000,0.000,0.000,0.000,0.000,0.026,-0.059
72.03,0.105,0,0.394,0.430,1,0.000,0.000,0.000,0.000,0.000,0.000,0.028,-0.060
72.23,0.106,0,0.394,0.430,1,0.000,0.000,0.000,0.000,0.000,0.000,0.028,-0.060
72.43,0.106,0,0.394,0.430,1,0.000,0.000,0.000,0.000,0.000,0.000,0.031,-0.063
72.63,0.105,0,0.394,0.429,1,0.000,0.000,0.000,0.000,0.000,0.000,0.031,-0.057
72.83,0.107,0,0.394,0.429,1,0.000,0.000,0.000,0.000,0.000,0.000,0.033,-0.059
73.03,0.107,0,0.394,0.429,1,0.000,0.000,0.000,0.000,0.000,0.000,0.032,-0.062
73.23,0.106,0,0.394,0.430,1,0.000,0.000,0.000,0.000,0.000,0.000,0.032,-0.062
73.43,0.107,0,0.394,0.430,1,0.000,0.000,0.000,0.000,0.000,0.000,0.035,-0.058
73.63,0.106,0,0.395,0.430,1,0.000,0.000,0.000,0.000,0.000,0.000,0.039,-0.066
73.83,0.106,0,0.395,0.430,1,0.000,0.000,0.000,0.000,0.000,0.000,0.028,-0.059
74.03,0.106,0,0.395,0.430,1,0.000,0.000,0.000,0.000,0.000,0.000,0.031,-0.059
74.23,0.106,0,0.398,0.430,1,0.000,0.000,0.000,0.000,0.000,0.000,0.031,-0.059
74.43,0.105,0,0.398,0.430,1,0.000,0.000,0.000,0.000,0.000,0.000,0.032,-0.056
74.63,0.107,0,0.398,0.429,1,0.000,0.000,0.000,0.000,0.000,0.000,0.033,-0.058
74.83,0.108,0,0.398,0.429,1,0.000,0.000,0.000,0.000,0.000,0.000,0.023,-0.057
75.03,0.108,0,0.398,0.429,1,0.000,0.000,0.000,0.000,0.000,0.000,0.040,-0.063
75.23,0.108,0,0.396,0.429,1,0.000,0.000,0.000,0.000,0.000,0.000,0.040,-0.063
75.43,0.107,0,0.396,0.429,1,0.000,0.000,0.000,0.000,0.000,0.000,0.026,-0.054
75.63,0.108,0,0.395,0.429,1,0.000,0.000,0.000,0.000,0.000,0.000,0.034,-0.077
75.83,0.106,0,0.395,0.429,1,0.000,0.000,0.000,0.000,0.000,0.000,0.027,-0.074
76.03,0.105,0,0.395,0.429,1,0.000,0.000,0.000,0.000,0.000,0.000,0.032,-0.064
76.23,0.105,0,0.398,0.430,1,0.000,0.000,0.000,0.000,0.000,0.000,0.032,-0.064
76.43,0.106,0,0.398,0.430,1,0.000,0.000,0.000,0.000,0.000,0.000,0.027,-0.067
76.63,0.105,0,0.394,0.418,1,0.000,0.000,0.000,0.000,0.000,0.000,0.004,-0.088
76.83,0.105,0,0.394,0.418,1,0.000,0.000,0.000,0.000,0.000,0.000,-0.009,-0.094
77.03,0.105,0,0.394,0.418,1,0.000,0.000,0.000,0.000,0.000,0.000,-0.053,-0.104
77.23,0.105,0,0.400,0.617,0,0.000,0.000,0.000,0.000,0.000,0.000,-0.053,-0.104
77.43,0.108,0,0.400,0.617,0,0.000,0.000,0.000,0.000,0.000,0.000,-0.035,-0.122
77.63,0.105,0,0.836,0.639,1,0.000,0.000,0.000,0.000,0.000,0.000,-0.004,-0.153
77.83,0.106,0,0.836,0.639,1,0.000,0.000,0.000,0.000,0.000,0.000,-0.006,-0.146
78.03,0.107,0,0.836,0.639,1,0.000,0.000,0.000,0.000,0.000,0.000,0.004,-0.154
78.23,0.107,0,0.550,0.465,1,0.000,0.000,0.000,0.000,0.000,0.000,0.004,-0.154
78.43,0.105,0,0.550,0.465,1,0.000,0.000,0.000,0.000,0.000,0.000,0.008,-0.160
78.63,0.401,0,0.447,0.469,1,0.000,0.000,0.000,0.000,0.000,0.000,0.006,-0.163
78.83,0.402,0,0.447,0.469,1,0.000,0.000,0.000,0.000,0.000,0.000,0.023,-0.188
79.03,0.409,0,0.447,0.469,1,0.000,0.000,0.000,0.000,0.000,0.000,0.087,-0.192
79.23,0.409,0,0.544,0.605,1,0.000,0.000,0.000,0.000,0.000,0.000,0.087,-0.192
79.43,0.106,0,0.544,0.605,1,0.000,0.000,0.000,0.000,0.000,0.000,0.077,-0.170
79.63,0.107,0,0.609,0.600,1,0.000,0.000,0.000,0.000,0.000,0.000,0.091,-0.157
79.83,0.105,0,0.609,0.600,1,0.000,0.000,0.000,0.000,0.000,0.000,0.095,-0.146
80.03,0.105,0,0.609,0.600,1,0.000,0.000,0.000,0.000,0.000,0.000,0.102,-0.128
80.23,0.105,0,0.382,0.591,0,0.000,0.000,0.000,0.000,0.000,0.000,0.089,-0.113
80.43,0.107,0,0.382,0.591,0,0.000,0.000,0.000,0.000,0.000,0.000,0.089,-0.113
80.63,0.106,0,0.375,0.396,1,0.000,0.000,0.000,0.000,0.000,0.000,0.085,-0.128
80.83,0.106,0,0.375,0.396,1,0.000,0.000,0.000,0.000,0.000,0.000,0.079,-0.131
81.03,0.106,0,0.375,0.396,1,0.000,0.000,0.000,0.000,0.000,0.000,0.070,-0.096
81.23,0.106,0,0.372,0.406,1,0.000,0.000,0.000,0.000,0.000,0.000,0.074,-0.091
81.43,0.106,0,0.372,0.406,1,0.000,0.000,0.000,0.000,0.000,0.000,0.074,-0.091
81.63,0.361,0,0.372,0.416,1,0.000,0.000,0.000,0.000,0.000,0.000,0.078,-0.080
81.83,0.105,0,0.372,0.416,1,0.000,0.000,0.000,0.000,0.000,0.000,0.072,-0.073
82.03,0.106,0,0.372,0.416,1,0.000,0.000,0.000,0.000,0.000,0.000,0.080,-0.074
82.23,0.106,0,0.371,0.407,1,0.000,0.000,0.000,0.000,0.000,0.000,0.055,-0.084
82.43,0.365,0,0.371,0.407,1,0.000,0.000,0.000,0.000,0.000,0.000,0.055,-0.084
82.63,0.364,0,0.375,0.406,1,0.000,0.000,0.000,0.000,0.000,0.000,0.064,-0.103
82.83,0.362,0,0.375,0.406,1,0.000,0.000,0.000,0.000,0.000,0.000,0.052,-0.093
83.03,0.361,0,0.375,0.406,1,0.000,0.000,0.000,0.000,0.000,0.000,0.056,-0.103
83.23,0.364,0,0.372,0.406,1,0.000,0.000,0.000,0.000,0.000,0.000,0.055,-0.098
83.43,0.364,0,0.372,0.406,1,0.000,0.000,0.000,0.000,0.000,0.000,0.055,-0.098
83.63,0.364,0,0.375,0.406,1,0.000,0.000,0.000,0.000,0.000,0.000,0.052,-0.097
83.83,0.364,0,0.375,0.406,1,0.000,0.000,0.000,0.000,0.000,0.000,0.060,-0.103
84.03,0.365,0,0.375,0.406,1,0.000,0.000,0.000,0.000,0.000,0.000,0.058,-0.104
84.23,0.362,0,0.376,0.407,1,0.000,0.000,0.000,0.000,0.000,0.000,0.053,-0.102
84.43,0.362,0,0.376,0.407,1,0.000,0.000,0.000,0.000,0.000,0.000,0.053,-0.102
84.63,0.361,0,0.372,0.406,1,0.000,0.000,0.000,0.000,0.000,0.000,0.060,-0.103
84.83,0.361,0,0.372,0.406,1,0.000,0.000,0.000,0.000,0.000,0.000,0.061,-0.103
85.03,0.365,0,0.372,0.406,1,0.000,0.000,0.000,0.000,0.000,0.000,0.058,-0.105
85.23,0.365,0,0.376,0.405,1,0.000,0.000,0.000,0.000,0.000,0.000,0.055,-0.107
85.43,0.365,0,0.376,0.405,1,0.000,0.000,0.000,0.000,0.000,0.000,0.055,-0.107
85.63,0.363,0,0.374,0.406,1,0.000,0.000,0.000,0.000,0.000,0.000,0.062,-0.108
85.83,0.365,0,0.374,0.406,1,0.000,0.000,0.000,0.000,0.000,0.000,0.062,-0.112
86.03,0.365,0,0.374,0.406,1,0.000,0.000,0.000,0.000,0.000,0.000,0.061,-0.104
86.23,0.361,0,0.376,0.407,1,0.000,0.000,0.000,0.000,0.000,0.000,0.058,-0.107
86.43,0.361,0,0.376,0.407,1,0.000,0.000,0.000,0.000,0.000,0.000,0.048,-0.079
86.63,0.372,0,0.383,0.355,1,0.000,0.000,0.000,0.000,0.000,0.000,0.048,-0.079
86.83,0.105,0,0.383,0.355,1,0.000,0.000,0.000,0.000,0.000,0.000,0.033,-0.075
87.03,0.105,0,0.383,0.355,1,0.000,0.000,0.000,0.000,0.000,0.000,0.037,-0.064
87.23,0.107,0,0.397,0.350,1,0.000,0.000,0.000,0.000,0.000,0.000,0.015,-0.058
87.43,0.107,0,0.397,0.350,1,0.000,0.000,0.000,0.000,0.000,0.000,0.015,-0.078
87.63,0.384,0,0.394,0.360,1,0.000,0.000,0.000,0.000,0.000,0.000,0.015,-0.078
87.83,0.384,0,0.394,0.360,1,0.000,0.000,0.000,0.000,0.000,0.000,0.009,-0.071
88.03,0.106,0,0.394,0.360,1,0.000,0.000,0.000,0.000,0.000,0.000,-0.006,-0.067
88.23,0.107,0,0.392,0.365,1,0.000,0.000,0.000,0.000,0.000,0.000,-0.006,-0.076
88.43,0.107,0,0.392,0.365,1,0.000,0.000,0.000,0.000,0.000,0.000,-0.013,-0.079
88.63,0.106,0,0.391,0.371,1,0.000,0.000,0.000,0.000,0.000,0.000,-0.013,-0.079
88.83,0.106,0,0.391,0.371,1,0.000,0.000,0.000,0.000,0.000,0.000,-0.023,-0.081
89.03,0.106,0,0.391,0.371,1,0.000,0.000,0.000,0.000,0.000,0.000,-0.011,-0.084
89.23,0.105,0,0.391,0.373,1,0.000,0.000,0.000,0.000,0.000,0.000,-0.020,-0.065
89.43,0.105,0,0.391,0.373,1,0.000,0.000,0.000,0.000,0.000,0.000,-0.022,-0.084
89.63,0.106,0,0.389,0.377,1,0.000,0.000,0.000,0.000,0.000,0.000,-0.022,-0.084
89.83,0.107,0,0.389,0.377,1,0.000,0.000,0.000,0.000,0.000,0.000,-0.026,-0.085
90.03,0.106,0,0.389,0.377,1,0.000,0.000,0.000,0.000,0.000,0.000,-0.029,-0.074
90.23,0.106,0,0.387,0.378,1,0.000,0.000,0.000,0.000,0.000,0.000,-0.029,-0.074
90.43,0.106,0,0.387,0.378,1,0.000,0.000,0.000,0.000,0.000,0.000,-0.038,-0.070
90.63,0.106,0,0.386,0.382,1,0.000,0.000,0.000,0.000,0.000,0.000,-0.038,-0.070
90.83,0.108,0,0.386,0.382,1,0.000,0.000,0.000,0.000,0.000,0.000,-0.038,-0.074
91.03,0.106,0,0.386,0.382,1,0.000,0.000,0.000,0.000,0.000,0.000,-0.037,-0.094
91.23,0.106,0,0.385,0.398,1,0.000,0.000,0.000,0.000,0.000,0.000,-0.033,-0.100
91.43,0.106,0,0.385,0.398,1,0.000,0.000,0.000,0.000,0.000,0.000,-0.035,-0.090
91.63,0.106,0,0.385,0.399,1,0.000,0.000,0.000,0.000,0.000,0.000,-0.035,-0.090
91.83,0.106,0,0.385,0.399,1,0.000,0.000,0.000,0.000,0.000,0.000,-0.035,-0.084
92.03,0.106,0,0.385,0.399,1,0.000,0.000,0.000,0.000,0.000,0.000,-0.026,-0.092
92.23,0.106,0,0.384,0.399,1,0.000,0.000,0.000,0.000,0.000,0.000,-0.026,-0.094
92.43,0.106,0,0.384,0.399,1,0.000,0.000,0.000,0.000,0.000,0.000,-0.035,-0.083
92.63,0.106,0,0.383,0.399,1,0.000,0.000,0.000,0.000,0.000,0.000,-0.035,-0.083
92.83,0.106,0,0.383,0.399,1,0.000,0.000,0.000,0.000,0.000,0.000,-0.033,-0.083
93.03,0.105,0,0.383,0.399,1,0.000,0.000,0.000,0.000,0.000,0.000,-0.031,-0.085
93.23,0.105,0,0.383,0.399,1,0.000,0.000,0.000,0.000,0.000,0.000,-0.038,-0.087
93.43,0.106,0,0.383,0.399,1,0.000,0.000,0.000,0.000,0.000,0.000,-0.035,-0.090
93.63,0.106,0,0.385,0.399,1,0.000,0.000,0.000,0.000,0.000,0.000,-0.035,-0.090
93.83,0.107,0,0.385,0.399,1,0.000,0.000,0.000,0.000,0.000,0.000,-0.032,-0.095
94.03,0.372,0,0.385,0.399,1,0.000,0.000,0.000,0.000,0.000,0.000,-0.034,-0.097
94.23,0.374,0,0.383,0.399,1,0.000,0.000,0.000,0.000,0.000,0.000,-0.031,-0.093
94.43,0.374,0,0.383,0.399,1,0.000,0.000,0.000,0.000,0.000,0.000,-0.030,-0.097
94.63,0.374,0,0.385,0.399,1,0.000,0.000,0.000,0.000,0.000,0.000,-0.030,-0.097
94.83,0.374,0,0.385,0.399,1,0.000,0.000,0.000,0.000,0.000,0.000,-0.029,-0.097
95.03,0.374,0,0.385,0.399,1,0.000,0.000,0.000,0.000,0.000,0.000,-0.033,-0.074
95.23,0.376,0,0.385,0.407,1,0.000,0.000,0.000,0.000,0.000,0.000,0.034,-0.091
95.43,0.379,0,0.385,0.407,1,0.000,0.000,0.000,0.000,0.000,0.000,-0.018,-0.095
95.63,0.379,0,0.390,0.416,1,0.000,0.000,0.000,0.000,0.000,0.000,-0.018,-0.095
95.83,0.380,0,0.390,0.416,1,0.000,0.000,0.000,0.000,0.000,0.000,-0.047,-0.096
96.03,0.382,0,0.390,0.416,1,0.000,0.000,0.000,0.000,0.000,0.000,-0.054,-0.103
96.23,0.383,0,0.392,0.417,1,0.000,0.000,0.000,0.000,0.000,0.000,-0.056,-0.103
96.43,0.384,0,0.392,0.417,1,0.000,0.000,0.000,0.000,0.000,0.000,-0.053,-0.113
96.63,0.384,0,0.394,0.419,1,0.000,0.000,0.000,0.000,0.000,0.000,-0.046,-0.121
96.83,0.384,0,0.394,0.419,1,0.000,0.000,0.000,0.000,0.000,0.000,-0.046,-0.121
97.03,0.384,0,0.394,0.419,1,0.000,0.000,0.000,0.000,0.000,0.000,-0.033,-0.125
97.23,0.381,0,0.394,0.414,1,0.000,0.000,0.000,0.000,0.000,0.000,-0.011,-0.147
97.43,0.382,0,0.394,0.414,1,0.000,0.000,0.000,0.000,0.000,0.000,-0.017,-0.138
97.63,0.382,0,0.392,0.412,1,0.000,0.000,0.000,0.000,0.000,0.000,0.004,-0.163
97.83,0.382,0,0.392,0.412,1,0.000,0.000,0.000,0.000,0.000,0.000,0.004,-0.163
98.03,0.108,0,0.392,0.412,1,0.000,0.000,0.000,0.000,0.000,0.000,0.006,-0.148
98.23,0.381,0,0.392,0.383,1,0.000,0.000,0.000,0.000,0.000,0.000,-0.005,-0.145
98.43,0.106,0,0.392,0.383,1,0.000,0.000,0.000,0.000,0.000,0.000,-0.002,-0.154
98.63,0.106,0,0.393,0.368,1,0.000,0.000,0.000,0.000,0.000,0.000,0.005,-0.153
98.83,0.105,0,0.393,0.368,1,0.000,0.000,0.000,0.000,0.000,0.000,0.005,-0.153
99.03,0.106,0,0.393,0.368,1,0.000,0.000,0.000,0.000,0.000,0.000,0.025,-0.156
99.23,0.107,0,0.407,0.359,1,0.000,0.000,0.000,0.000,0.000,0.000,0.033,-0.155
99.43,0.105,0,0.407,0.359,1,0.000,0.000,0.000,0.000,0.000,0.000,0.039,-0.124
99.63,0.105,0,0.398,0.358,1,0.000,0.000,0.000,0.000,0.000,0.000,0.030,-0.117
99.83,0.105,0,0.398,0.358,1,0.000,0.000,0.000,0.000,0.000,0.000,0.030,-0.117
100.03,0.106,0,0.398,0.358,1,0.000,0.000,0.000,0.000,0.000,0.000,0.031,-0.123
100.23,0.105,0,0.403,0.358,1,0.000,0.000,0.000,0.000,0.000,0.000,0.038,-0.116
100.43,0.105,0,0.403,0.358,1,0.000,0.000,0.000,0.000,0.000,0.000,0.034,-0.118
100.63,0.105,0,0.403,0.358,1,0.000,0.000,0.000,0.000,0.000,0.000,0.029,-0.117
100.83,0.392,0,0.403,0.358,1,0.000,0.000,0.000,0.000,0.000,0.000,0.029,-0.117
101.03,0.106,0,0.403,0.358,1,0.000,0.000,0.000,0.000,0.000,0.000,0.029,-0.119
101.23,0.388,0,0.398,0.358,1,0.000,0.000,0.000,0.000,0.000,0.000,0.032,-0.121
101.43,0.391,0,0.398,0.358,1,0.000,0.000,0.000,0.000,0.000,0.000,0.032,-0.116
101.63,0.391,0,0.401,0.358,1,0.000,0.000,0.000,0.000,0.000,0.000,0.031,-0.114
101.83,0.391,0,0.401,0.358,1,0.000,0.000,0.000,0.000,0.000,0.000,0.031,-0.114
102.03,0.393,0,0.401,0.358,1,0.000,0.000,0.000,0.000,0.000,0.000,0.034,-0.117
102.23,0.390,0,0.400,0.358,1,0.000,0.000,0.000,0.000,0.000,0.000,0.032,-0.117
102.43,0.390,0,0.400,0.358,1,0.000,0.000,0.000,0.000,0.000,0.000,0.030,-0.111
102.63,0.390,0,0.404,0.358,1,0.000,0.000,0.000,0.000,0.000,0.000,0.028,-0.112
102.83,0.393,0,0.404,0.358,1,0.000,0.000,0.000,0.000,0.000,0.000,0.028,-0.112
103.03,0.390,0,0.404,0.358,1,0.000,0.000,0.000,0.000,0.000,0.000,0.031,-0.117
103.23,0.393,0,0.403,0.358,1,0.000,0.000,0.000,0.000,0.000,0.000,0.022,-0.115
103.43,0.389,0,0.403,0.358,1,0.000,0.000,0.000,0.000,0.000,0.000,0.034,-0.116
103.63,0.390,0,0.400,0.358,1,0.000,0.000,0.000,0.000,0.000,0.000,0.027,-0.106
103.83,0.390,0,0.400,0.358,1,0.000,0.000,0.000,0.000,0.000,0.000,0.027,-0.106
104.03,0.389,0,0.400,0.358,1,0.000,0.000,0.000,0.000,0.000,0.000,0.035,-0.115
104.23,0.392,0,0.402,0.358,1,0.000,0.000,0.000,0.000,0.000,0.000,0.029,-0.121
104.43,0.393,0,0.402,0.358,1,0.000,0.000,0.000,0.000,0.000,0.000,0.027,-0.118
104.63,0.392,0,0.402,0.358,1,0.000,0.000,0.000,0.000,0.000,0.000,0.030,-0.126
104.83,0.392,0,0.402,0.358,1,0.000,0.000,0.000,0.000,0.000,0.000,0.030,-0.126
105.03,0.389,0,0.402,0.358,1,0.000,0.000,0.000,0.000,0.000,0.000,0.027,-0.126
105.23,0.385,0,0.395,0.354,1,0.000,0.000,0.000,0.000,0.000,0.000,0.029,-0.159
105.43,0.106,0,0.395,0.354,1,0.000,0.000,0.000,0.000,0.000,0.000,0.041,-0.157
105.63,0.376,0,0.387,0.371,1,0.000,0.000,0.000,0.000,0.000,0.000,0.054,-0.127
105.83,0.376,0,0.387,0.371,1,0.000,0.000,0.000,0.000,0.000,0.000,0.054,-0.127
106.03,0.376,0,0.387,0.371,1,0.000,0.000,0.000,0.000,0.000,0.000,0.055,-0.125
106.23,0.375,0,0.386,0.370,1,0.000,0.000,0.000,0.000,0.000,0.000,0.047,-0.127
106.43,0.378,0,0.386,0.370,1,0.000,0.000,0.000,0.000,0.000,0.000,0.045,-0.127
106.63,0.376,0,0.387,0.369,1,0.000,0.000,0.000,0.000,0.000,0.000,0.055,-0.127
106.83,0.376,0,0.387,0.369,1,0.000,0.000,0.000,0.000,0.000,0.000,0.055,-0.127
107.03,0.377,0,0.387,0.369,1,0.000,0.000,0.000,0.000,0.000,0.000,0.046,-0.122
107.23,0.352,0,0.390,0.371,1,0.000,0.000,0.000,0.000,0.000,0.000,0.053,-0.137
107.43,0.332,0,0.390,0.371,1,0.000,0.000,0.000,0.000,0.000,0.000,0.053,-0.131
107.63,0.252,0,0.389,0.370,1,0.000,0.000,0.000,0.000,0.000,0.000,0.059,-0.131
107.83,0.252,0,0.389,0.370,1,0.000,0.000,0.000,0.000,0.000,0.000,0.059,-0.131
108.03,0.379,0,0.389,0.370,1,0.000,0.000,0.000,0.000,0.000,0.000,0.049,-0.127
108.23,0.375,0,0.386,0.370,1,0.000,0.000,0.000,0.000,0.000,0.000,0.050,-0.127
108.43,0.379,0,0.386,0.370,1,0.000,0.000,0.000,0.000,0.000,0.000,0.046,-0.129
108.63,0.379,0,0.390,0.369,1,0.000,0.000,0.000,0.000,0.000,0.000,0.048,-0.132
108.83,0.379,0,0.390,0.369,1,0.000,0.000,0.000,0.000,0.000,0.000,0.048,-0.132
109.03,0.379,0,0.390,0.369,1,0.000,0.000,0.000,0.000,0.000,0.000,0.051,-0.122
109.23,0.378,0,0.389,0.370,1,0.000,0.000,0.000,0.000,0.000,0.000,0.051,-0.122
109.43,0.375,0,0.389,0.370,1,0.000,0.000,0.000,0.000,0.000,0.000,0.059,-0.182
109.63,0.368,0,0.379,0.425,1,0.000,0.000,0.000,0.000,0.000,0.000,0.059,-0.181
109.83,0.368,0,0.379,0.425,1,0.000,0.000,0.000,0.000,0.000,0.000,0.059,-0.181
110.03,0.107,0,0.379,0.425,1,0.000,0.000,0.000,0.000,0.000,0.000,0.069,-0.165
110.23,0.105,0,0.373,0.416,1,0.000,0.000,0.000,0.000,0.000,0.000,0.059,-0.148
110.43,0.105,0,0.373,0.416,1,0.000,0.000,0.000,0.000,0.000,0.000,0.066,-0.166
110.63,0.363,0,0.374,0.405,1,0.000,0.000,0.000,0.000,0.000,0.000,0.063,-0.167
110.83,0.363,0,0.374,0.405,1,0.000,0.000,0.000,0.000,0.000,0.000,0.076,-0.161
111.03,0.106,0,0.374,0.405,1,0.000,0.000,0.000,0.000,0.000,0.000,0.076,-0.161
111.23,0.106,0,0.372,0.403,1,0.000,0.000,0.000,0.000,0.000,0.000,0.077,-0.147
111.43,0.106,0,0.372,0.403,1,0.000,0.000,0.000,0.000,0.000,0.000,0.076,-0.148
111.63,0.106,0,0.373,0.403,1,0.000,0.000,0.000,0.000,0.000,0.000,0.076,-0.147
111.83,0.106,0,0.373,0.403,1,0.000,0.000,0.000,0.000,0.000,0.000,0.078,-0.141
112.03,0.105,0,0.373,0.403,1,0.000,0.000,0.000,0.000,0.000,0.000,0.078,-0.141
112.23,0.108,0,0.373,0.403,1,0.000,0.000,0.000,0.000,0.000,0.000,0.076,-0.149
112.43,0.105,0,0.373,0.403,1,0.000,0.000,0.000,0.000,0.000,0.000,0.077,-0.149
112.63,0.108,0,0.370,0.403,1,0.000,0.000,0.000,0.000,0.000,0.000,0.080,-0.143
112.83,0.108,0,0.370,0.403,1,0.000,0.000,0.000,0.000,0.000,0.000,0.074,-0.144
113.03,0.106,0,0.370,0.403,1,0.000,0.000,0.000,0.000,0.000,0.000,0.074,-0.144
113.23,0.105,0,0.372,0.403,1,0.000,0.000,0.000,0.000,0.000,0.000,0.072,-0.143
113.43,0.107,0,0.372,0.403,1,0.000,0.000,0.000,0.000,0.000,0.000,0.068,-0.127
113.63,0.106,0,0.372,0.403,1,0.000,0.000,0.000,0.000,0.000,0.000,0.072,-0.135
113.83,0.106,0,0.372,0.403,1,0.000,0.000,0.000,0.000,0.000,0.000,0.072,-0.131
114.03,0.105,0,0.372,0.403,1,0.000,0.000,0.000,0.000,0.000,0.000,0.072,-0.131
114.23,0.106,0,0.371,0.402,1,0.000,0.000,0.000,0.000,0.000,0.000,0.053,-0.136
114.43,0.108,0,0.371,0.402,1,0.000,0.000,0.000,0.000,0.000,0.000,0.050,-0.164
114.63,0.105,0,0.377,0.593,0,0.000,0.000,0.000,0.000,0.000,0.000,0.038,-0.183
114.83,0.106,0,0.377,0.593,0,0.000,0.000,0.000,0.000,0.000,0.000,0.022,-0.176
115.03,0.106,0,0.377,0.593,0,0.000,0.000,0.000,0.000,0.000,0.000,0.022,-0.176
115.23,0.106,0,0.755,0.578,1,0.000,0.000,0.000,0.000,0.000,0.000,0.027,-0.190
115.43,0.107,0,0.755,0.578,1,0.000,0.000,0.000,0.000,0.000,0.000,0.026,-0.202
115.63,0.105,0,0.775,0.630,1,0.000,0.000,0.000,0.000,0.000,0.000,0.033,-0.206
115.83,0.105,0,0.775,0.630,1,0.000,0.000,0.000,0.000,0.000,0.000,0.059,-0.203
116.03,0.105,0,0.775,0.630,1,0.000,0.000,0.000,0.000,0.000,0.000,0.059,-0.203
116.23,0.105,0,0.773,0.628,1,0.000,0.000,0.000,0.000,0.000,0.000,0.059,-0.196
116.43,0.106,0,0.773,0.628,1,0.000,0.000,0.000,0.000,0.000,0.000,0.057,-0.192
116.63,0.106,0,0.458,0.562,1,0.000,0.000,0.000,0.000,0.000,0.000,0.056,-0.199
116.83,0.105,0,0.458,0.562,1,0.000,0.000,0.000,0.000,0.000,0.000,0.056,-0.195
117.03,0.105,0,0.458,0.562,1,0.000,0.000,0.000,0.000,0.000,0.000,0.056,-0.195
117.23,0.106,0,0.432,0.626,1,0.000,0.000,0.000,0.000,0.000,0.000,0.060,-0.202
117.43,0.106,0,0.432,0.626,1,0.000,0.000,0.000,0.000,0.000,0.000,0.058,-0.199
117.63,0.106,0,0.419,0.625,0,0.000,0.000,0.000,0.000,0.000,0.000,0.058,-0.205
117.83,0.106,0,0.419,0.625,0,0.000,0.000,0.000,0.000,0.000,0.000,0.049,-0.196
118.03,0.106,0,0.419,0.625,0,0.000,0.000,0.000,0.000,0.000,0.000,0.049,-0.196
118.23,0.106,0,0.431,0.564,1,0.000,0.000,0.000,0.000,0.000,0.000,0.058,-0.188
118.43,0.106,0,0.431,0.564,1,0.000,0.000,0.000,0.000,0.000,0.000,0.062,-0.198
118.63,0.107,0,0.449,0.355,1,0.000,0.000,0.000,0.000,0.000,0.000,0.054,-0.196
118.83,0.107,0,0.449,0.355,1,0.000,0.000,0.000,0.000,0.000,0.000,0.061,-0.197
119.03,0.107,0,0.449,0.355,1,0.000,0.000,0.000,0.000,0.000,0.000,0.061,-0.197
119.23,0.106,0,0.455,0.348,1,0.000,0.000,0.000,0.000,0.000,0.000,0.057,-0.199
119.43,0.105,0,0.455,0.348,1,0.000,0.000,0.000,0.000,0.000,0.000,0.059,-0.198
119.63,0.106,0,0.474,0.356,1,0.000,0.000,0.000,0.000,0.000,0.000,0.053,-0.197
119.83,0.107,0,0.474,0.356,1,0.000,0.000,0.000,0.000,0.000,0.000,0.054,-0.202
120.03,0.107,0,0.474,0.356,1,0.000,0.000,0.000,0.000,0.000,0.000,0.056,-0.199
120.23,0.108,0,0.429,0.338,1,0.000,0.000,0.000,0.000,0.000,0.000,0.056,-0.199
120.43,0.105,0,0.429,0.338,1,0.000,0.000,0.000,0.000,0.000,0.000,0.059,-0.193
120.63,0.105,0,0.423,0.586,1,0.000,0.000,0.000,0.000,0.000,0.000,0.060,-0.192
120.83,0.108,0,0.423,0.586,1,0.000,0.000,0.000,0.000,0.000,0.000,0.053,-0.195
121.03,0.108,0,0.423,0.586,1,0.000,0.000,0.000,0.000,0.000,0.000,0.057,-0.199
121.23,0.105,0,0.415,0.378,1,0.000,0.000,0.000,0.000,0.000,0.000,0.057,-0.199
121.43,0.105,0,0.415,0.378,1,0.000,0.000,0.000,0.000,0.000,0.000,0.052,-0.197
121.63,0.105,0,0.418,0.350,1,0.000,0.000,0.000,0.000,0.000,0.000,0.054,-0.198
121.83,0.106,0,0.418,0.350,1,0.000,0.000,0.000,0.000,0.000,0.000,0.014,-0.192
122.03,0.106,0,0.418,0.350,1,0.000,0.000,0.000,0.000,0.000,0.000,0.033,-0.209
122.23,0.105,0,0.404,0.321,1,0.000,0.000,0.000,0.000,0.000,0.000,0.033,-0.209
122.43,0.389,0,0.404,0.321,1,0.000,0.000,0.000,0.000,0.000,0.000,0.028,-0.205
122.63,0.388,0,0.398,0.317,1,0.000,0.000,0.000,0.000,0.000,0.000,0.031,-0.221
122.83,0.388,0,0.398,0.317,1,0.000,0.000,0.000,0.000,0.000,0.000,0.037,-0.225
123.03,0.385,0,0.398,0.317,1,0.000,0.000,0.000,0.000,0.000,0.000,0.044,-0.229
123.23,0.385,0,0.395,0.318,1,0.000,0.000,0.000,0.000,0.000,0.000,0.044,-0.229
123.43,0.380,0,0.395,0.318,1,0.000,0.000,0.000,0.000,0.000,0.000,0.048,-0.232
123.63,0.378,0,0.389,0.314,1,0.000,0.000,0.000,0.000,0.000,0.000,0.045,-0.212
123.83,0.376,0,0.389,0.314,1,0.000,0.000,0.000,0.000,0.000,0.000,0.050,-0.216
124.03,0.373,0,0.389,0.314,1,0.000,0.000,0.000,0.000,0.000,0.000,0.061,-0.229
124.23,0.373,0,0.384,0.321,1,0.000,0.000,0.000,0.000,0.000,0.000,0.061,-0.229
124.43,0.373,0,0.384,0.321,1,0.000,0.000,0.000,0.000,0.000,0.000,0.082,-0.243
124.63,0.369,0,0.380,0.344,1,0.000,0.000,0.000,0.000,0.000,0.000,0.070,-0.206
124.83,0.381,0,0.380,0.344,1,0.000,0.000,0.000,0.000,0.000,0.000,0.057,-0.214
125.03,0.404,0,0.380,0.344,1,0.000,0.000,0.000,0.000,0.000,0.000,0.053,-0.215
125.23,0.404,0,0.425,0.383,1,0.000,0.000,0.000,0.000,0.000,0.000,0.053,-0.215
125.43,0.404,0,0.425,0.383,1,0.000,0.000,0.000,0.000,0.000,0.000,0.054,-0.207
125.63,0.400,0,0.495,0.764,0,0.000,0.000,0.000,0.000,0.000,0.000,0.057,-0.217
125.83,0.404,0,0.495,0.764,0,0.000,0.000,0.000,0.000,0.000,0.000,0.054,-0.223
126.03,0.403,0,0.495,0.764,0,0.000,0.000,0.000,0.000,0.000,0.000,0.055,-0.221
126.23,0.403,0,0.470,0.477,1,0.000,0.000,0.000,0.000,0.000,0.000,0.055,-0.221
126.43,0.401,0,0.470,0.477,1,0.000,0.000,0.000,0.000,0.000,0.000,0.052,-0.216
126.63,0.404,0,0.456,0.463,1,0.000,0.000,0.000,0.000,0.000,0.000,0.054,-0.225
126.83,0.405,0,0.456,0.463,1,0.000,0.000,0.000,0.000,0.000,0.000,0.051,-0.216
127.03,0.403,0,0.456,0.463,1,0.000,0.000,0.000,0.000,0.000,0.000,0.103,-0.239
127.23,0.403,0,0.460,0.771,0,0.000,0.000,0.000,0.000,0.000,0.000,0.103,-0.239
127.43,0.107,0,0.460,0.771,0,0.000,0.000,0.000,0.000,0.000,0.000,0.103,-0.239
127.63,0.106,0,0.628,0.580,1,0.000,0.000,0.000,0.000,0.000,0.000,0.103,-0.239
127.83,0.105,0,0.628,0.580,1,0.000,0.000,0.000,0.000,0.000,0.000,0.103,-0.239
128.03,0.105,0,0.628,0.580,1,0.000,0.000,0.000,0.000,0.000,0.000,0.103,-0.239
128.23,0.105,0,0.374,0.389,1,0.000,0.000,0.000,0.000,0.000,0.000,0.103,-0.239
128.43,0.105,0,0.374,0.389,1,0.000,0.000,0.000,0.000,0.000,0.000,0.103,-0.239
128.63,0.106,0,0.373,0.399,1,0.000,0.000,0.000,0.000,0.000,0.000,0.103,-0.239
128.83,0.106,0,0.373,0.399,1,0.000,0.000,0.000,0.000,0.000,0.000,0.137,-0.222
129.03,0.105,0,0.373,0.399,1,0.000,0.000,0.000,0.000,0.000,0.000,0.127,-0.231
129.23,0.105,0,0.373,0.414,1,0.000,0.000,0.000,0.000,0.000,0.000,0.137,-0.223
129.43,0.366,0,0.373,0.414,1,0.000,0.000,0.000,0.000,0.000,0.000,0.137,-0.223
129.63,0.105,0,0.380,0.425,1,0.000,0.000,0.000,0.000,0.000,0.000,0.132,-0.222
129.83,0.108,0,0.380,0.425,1,0.000,0.000,0.000,0.000,0.000,0.000,0.110,-0.211
130.03,0.105,0,0.380,0.425,1,0.000,0.000,0.000,0.000,0.000,0.000,0.112,-0.204
130.23,0.106,0,0.377,0.425,1,0.000,0.000,0.000,0.000,0.000,0.000,0.109,-0.208
130.43,0.106,0,0.377,0.425,1,0.000,0.000,0.000,0.000,0.000,0.000,0.109,-0.208
130.63,0.105,0,0.381,0.425,1,0.000,0.000,0.000,0.000,0.000,0.000,0.110,-0.210
130.83,0.106,0,0.381,0.425,1,0.000,0.000,0.000,0.000,0.000,0.000,0.116,-0.218
131.03,0.105,0,0.381,0.425,1,0.000,0.000,0.000,0.000,0.000,0.000,0.114,-0.212
131.23,0.105,0,0.377,0.425,1,0.000,0.000,0.000,0.000,0.000,0.000,0.111,-0.211
131.43,0.105,0,0.377,0.425,1,0.000,0.000,0.000,0.000,0.000,0.000,0.111,-0.211
131.63,0.105,0,0.381,0.425,1,0.000,0.000,0.000,0.000,0.000,0.000,0.107,-0.207
131.83,0.105,0,0.381,0.425,1,0.000,0.000,0.000,0.000,0.000,0.000,0.111,-0.213
132.03,0.106,0,0.381,0.425,1,0.000,0.000,0.000,0.000,0.000,0.000,0.113,-0.213
132.23,0.106,0,0.376,0.425,1,0.000,0.000,0.000,0.000,0.000,0.000,0.109,-0.214
132.43,0.106,0,0.376,0.425,1,0.000,0.000,0.000,0.000,0.000,0.000,0.109,-0.214
132.63,0.106,0,0.381,0.425,1,0.000,0.000,0.000,0.000,0.000,0.000,0.110,-0.211
132.83,0.106,0,0.381,0.425,1,0.000,0.000,0.000,0.000,0.000,0.000,0.135,-0.224
133.03,0.373,0,0.381,0.425,1,0.000,0.000,0.000,0.000,0.000,0.000,0.151,-0.211
133.23,0.377,0,0.384,0.367,1,0.000,0.000,0.000,0.000,0.000,0.000,0.134,-0.200
133.43,0.377,0,0.384,0.367,1,0.000,0.000,0.000,0.000,0.000,0.000,0.134,-0.200
133.63,0.105,0,0.397,0.355,1,0.000,0.000,0.000,0.000,0.000,0.000,0.122,-0.190
133.83,0.105,0,0.397,0.355,1,0.000,0.000,0.000,0.000,0.000,0.000,0.106,-0.183
134.03,0.390,0,0.397,0.355,1,0.000,0.000,0.000,0.000,0.000,0.000,0.117,-0.171
134.23,0.105,0,0.400,0.363,1,0.000,0.000,0.000,0.000,0.000,0.000,0.114,-0.153
134.43,0.105,0,0.400,0.363,1,0.000,0.000,0.000,0.000,0.000,0.000,0.114,-0.153
134.63,0.105,0,0.392,0.367,1,0.000,0.000,0.000,0.000,0.000,0.000,0.095,-0.149
134.83,0.107,0,0.392,0.367,1,0.000,0.000,0.000,0.000,0.000,0.000,0.093,-0.146
135.03,0.379,0,0.392,0.367,1,0.000,0.000,0.000,0.000,0.000,0.000,0.092,-0.152
135.23,0.107,0,0.390,0.368,1,0.000,0.000,0.000,0.000,0.000,0.000,0.084,-0.158
135.43,0.107,0,0.390,0.368,1,0.000,0.000,0.000,0.000,0.000,0.000,0.083,-0.161
135.63,0.105,0,0.389,0.368,1,0.000,0.000,0.000,0.000,0.000,0.000,0.083,-0.161
135.83,0.107,0,0.389,0.368,1,0.000,0.000,0.000,0.000,0.000,0.000,0.087,-0.155
136.03,0.106,0,0.389,0.368,1,0.000,0.000,0.000,0.000,0.000,0.000,0.084,-0.157
136.23,0.105,0,0.390,0.368,1,0.000,0.000,0.000,0.000,0.000,0.000,0.078,-0.163
136.43,0.105,0,0.390,0.368,1,0.000,0.000,0.000,0.000,0.000,0.000,0.083,-0.156
136.63,0.107,0,0.389,0.368,1,0.000,0.000,0.000,0.000,0.000,0.000,0.083,-0.156
136.83,0.377,0,0.389,0.368,1,0.000,0.000,0.000,0.000,0.000,0.000,0.089,-0.153
137.03,0.379,0,0.389,0.368,1,0.000,0.000,0.000,0.000,0.000,0.000,0.086,-0.156
137.23,0.106,0,0.390,0.368,1,0.000,0.000,0.000,0.000,0.000,0.000,0.081,-0.156
137.43,0.106,0,0.390,0.368,1,0.000,0.000,0.000,0.000,0.000,0.000,0.087,-0.151
137.63,0.105,0,0.389,0.368,1,0.000,0.000,0.000,0.000,0.000,0.000,0.087,-0.151
137.83,0.379,0,0.389,0.368,1,0.000,0.000,0.000,0.000,0.000,0.000,0.083,-0.163
138.03,0.378,0,0.389,0.368,1,0.000,0.000,0.000,0.000,0.000,0.000,0.089,-0.148
138.23,0.106,0,0.389,0.368,1,0.000,0.000,0.000,0.000,0.000,0.000,0.094,-0.149
138.43,0.106,0,0.389,0.368,1,0.000,0.000,0.000,0.000,0.000,0.000,0.087,-0.151
138.63,0.105,0,0.388,0.368,1,0.000,0.000,0.000,0.000,0.000,0.000,0.087,-0.151
138.83,0.106,0,0.388,0.368,1,0.000,0.000,0.000,0.000,0.000,0.000,0.086,-0.152
139.03,0.106,0,0.388,0.368,1,0.000,0.000,0.000,0.000,0.000,0.000,0.089,-0.151
139.23,0.105,0,0.389,0.368,1,0.000,0.000,0.000,0.000,0.000,0.000,0.088,-0.148
139.43,0.105,0,0.389,0.368,1,0.000,0.000,0.000,0.000,0.000,0.000,0.092,-0.150
139.63,0.377,0,0.388,0.368,1,0.000,0.000,0.000,0.000,0.000,0.000,0.092,-0.150
139.83,0.106,0,0.388,0.368,1,0.000,0.000,0.000,0.000,0.000,0.000,0.089,-0.147
140.03,0.377,0,0.388,0.368,1,0.000,0.000,0.000,0.000,0.000,0.000,0.087,-0.149
140.23,0.107,0,0.388,0.368,1,0.000,0.000,0.000,0.000,0.000,0.000,0.083,-0.153
140.43,0.379,0,0.388,0.368,1,0.000,0.000,0.000,0.000,0.000,0.000,0.085,-0.157
140.63,0.379,0,0.390,0.368,1,0.000,0.000,0.000,0.000,0.000,0.000,0.085,-0.157
140.83,0.376,0,0.390,0.368,1,0.000,0.000,0.000,0.000,0.000,0.000,0.090,-0.148
141.03,0.105,0,0.390,0.368,1,0.000,0.000,0.000,0.000,0.000,0.000,0.086,-0.150
141.23,0.378,0,0.387,0.368,1,0.000,0.000,0.000,0.000,0.000,0.000,0.089,-0.149
141.43,0.105,0,0.387,0.368,1,0.000,0.000,0.000,0.000,0.000,0.000,0.084,-0.150
141.63,0.105,0,0.389,0.368,1,0.000,0.000,0.000,0.000,0.000,0.000,0.084,-0.150
141.83,0.105,0,0.389,0.368,1,0.000,0.000,0.000,0.000,0.000,0.000,0.087,-0.150
142.03,0.106,0,0.389,0.368,1,0.000,0.000,0.000,0.000,0.000,0.000,0.074,-0.151
142.23,0.105,0,0.389,0.366,1,0.000,0.000,0.000,0.000,0.000,0.000,0.066,-0.178
142.43,0.105,0,0.389,0.366,1,0.000,0.000,0.000,0.000,0.000,0.000,0.070,-0.175
142.63,0.105,0,0.394,0.362,1,0.000,0.000,0.000,0.000,0.000,0.000,0.070,-0.175
142.83,0.106,0,0.394,0.362,1,0.000,0.000,0.000,0.000,0.000,0.000,0.070,-0.184
143.03,0.385,0,0.394,0.362,1,0.000,0.000,0.000,0.000,0.000,0.000,0.083,-0.218
143.23,0.387,0,0.395,0.344,1,0.000,0.000,0.000,0.000,0.000,0.000,0.090,-0.223
143.43,0.105,0,0.395,0.344,1,0.000,0.000,0.000,0.000,0.000,0.000,0.087,-0.212
143.63,0.105,0,0.393,0.367,1,0.000,0.000,0.000,0.000,0.000,0.000,0.087,-0.212
143.83,0.105,0,0.393,0.367,1,0.000,0.000,0.000,0.000,0.000,0.000,0.091,-0.244
144.03,0.378,0,0.393,0.367,1,0.000,0.000,0.000,0.000,0.000,0.000,0.129,-0.208
144.23,0.379,0,0.389,0.388,1,0.000,0.000,0.000,0.000,0.000,0.000,0.120,-0.204
144.43,0.378,0,0.389,0.388,1,0.000,0.000,0.000,0.000,0.000,0.000,0.127,-0.210
144.63,0.378,0,0.389,0.402,1,0.000,0.000,0.000,0.000,0.000,0.000,0.127,-0.210
144.83,0.275,0,0.389,0.402,1,0.000,0.000,0.000,0.000,0.000,0.000,0.127,-0.202
145.03,0.358,0,0.389,0.402,1,0.000,0.000,0.000,0.000,0.000,0.000,0.128,-0.202
145.23,0.377,0,0.389,0.393,1,0.000,0.000,0.000,0.000,0.000,0.000,0.134,-0.199
145.43,0.378,0,0.389,0.393,1,0.000,0.000,0.000,0.000,0.000,0.000,0.126,-0.196
145.63,0.378,0,0.389,0.398,1,0.000,0.000,0.000,0.000,0.000,0.000,0.126,-0.196
145.83,0.375,0,0.389,0.398,1,0.000,0.000,0.000,0.000,0.000,0.000,0.129,-0.205
146.03,0.379,0,0.389,0.398,1,0.000,0.000,0.000,0.000,0.000,0.000,0.131,-0.198
146.23,0.375,0,0.390,0.402,1,0.000,0.000,0.000,0.000,0.000,0.000,0.123,-0.198
146.43,0.377,0,0.390,0.402,1,0.000,0.000,0.000,0.000,0.000,0.000,0.127,-0.206
146.63,0.377,0,0.388,0.409,1,0.000,0.000,0.000,0.000,0.000,0.000,0.119,-0.209
146.83,0.377,0,0.388,0.409,1,0.000,0.000,0.000,0.000,0.000,0.000,0.119,-0.209
147.03,0.376,0,0.388,0.409,1,0.000,0.000,0.000,0.000,0.000,0.000,0.116,-0.210
147.23,0.377,0,0.387,0.401,1,0.000,0.000,0.000,0.000,0.000,0.000,0.116,-0.201
147.43,0.372,0,0.387,0.401,1,0.000,0.000,0.000,0.000,0.000,0.000,0.098,-0.223
147.63,0.372,0,0.383,0.431,1,0.000,0.000,0.000,0.000,0.000,0.000,0.083,-0.224
147.83,0.370,0,0.383,0.431,1,0.000,0.000,0.000,0.000,0.000,0.000,0.083,-0.224
148.03,0.106,0,0.383,0.431,1,0.000,0.000,0.000,0.000,0.000,0.000,0.060,-0.254
148.23,0.368,0,0.376,0.416,1,0.000,0.000,0.000,0.000,0.000,0.000,0.082,-0.232
148.43,0.105,0,0.376,0.416,1,0.000,0.000,0.000,0.000,0.000,0.000,0.093,-0.217
148.63,0.105,0,0.380,0.410,1,0.000,0.000,0.000,0.000,0.000,0.000,0.094,-0.212
148.83,0.105,0,0.380,0.410,1,0.000,0.000,0.000,0.000,0.000,0.000,0.094,-0.212
149.03,0.106,0,0.380,0.410,1,0.000,0.000,0.000,0.000,0.000,0.000,0.091,-0.213
149.23,0.105,0,0.386,0.409,1,0.000,0.000,0.000,0.000,0.000,0.000,0.097,-0.210
149.43,0.106,0,0.386,0.409,1,0.000,0.000,0.000,0.000,0.000,0.000,0.102,-0.205
149.63,0.106,0,0.383,0.409,1,0.000,0.000,0.000,0.000,0.000,0.000,0.105,-0.204
149.83,0.105,0,0.383,0.409,1,0.000,0.000,0.000,0.000,0.000,0.000,0.105,-0.204
150.03,0.105,0,0.383,0.409,1,0.000,0.000,0.000,0.000,0.000,0.000,0.104,-0.208
150.23,0.105,0,0.388,0.409,1,0.000,0.000,0.000,0.000,0.000,0.000,0.107,-0.218
150.43,0.106,0,0.388,0.409,1,0.000,0.000,0.000,0.000,0.000,0.000,0.100,-0.224
150.63,0.106,0,0.383,0.409,1,0.000,0.000,0.000,0.000,0.000,0.000,0.096,-0.215
150.83,0.108,0,0.383,0.409,1,0.000,0.000,0.000,0.000,0.000,0.000,0.096,-0.215
151.03,0.108,0,0.383,0.409,1,0.000,0.000,0.000,0.000,0.000,0.000,0.106,-0.216
151.23,0.108,0,0.387,0.409,1,0.000,0.000,0.000,0.000,0.000,0.000,0.102,-0.215
151.43,0.108,0,0.387,0.409,1,0.000,0.000,0.000,0.000,0.000,0.000,0.093,-0.213
151.63,0.107,0,0.385,0.409,1,0.000,0.000,0.000,0.000,0.000,0.000,0.100,-0.218
151.83,0.107,0,0.385,0.409,1,0.000,0.000,0.000,0.000,0.000,0.000,0.100,-0.218
152.03,0.107,0,0.385,0.409,1,0.000,0.000,0.000,0.000,0.000,0.000,0.095,-0.216
152.23,0.105,0,0.386,0.409,1,0.000,0.000,0.000,0.000,0.000,0.000,0.093,-0.220
152.43,0.106,0,0.386,0.409,1,0.000,0.000,0.000,0.000,0.000,0.000,0.098,-0.211
152.63,0.106,0,0.387,0.409,1,0.000,0.000,0.000,0.000,0.000,0.000,0.101,-0.221
152.83,0.106,0,0.387,0.409,1,0.000,0.000,0.000,0.000,0.000,0.000,0.101,-0.221
153.03,0.106,0,0.387,0.409,1,0.000,0.000,0.000,0.000,0.000,0.000,0.097,-0.218
153.23,0.108,0,0.387,0.409,1,0.000,0.000,0.000,0.000,0.000,0.000,0.095,-0.215
153.43,0.105,0,0.387,0.409,1,0.000,0.000,0.000,0.000,0.000,0.000,0.105,-0.216
153.63,0.105,0,0.387,0.409,1,0.000,0.000,0.000,0.000,0.000,0.000,0.099,-0.216
153.83,0.105,0,0.387,0.409,1,0.000,0.000,0.000,0.000,0.000,0.000,0.099,-0.216
154.03,0.105,0,0.387,0.409,1,0.000,0.000,0.000,0.000,0.000,0.000,0.102,-0.217
154.23,0.105,0,0.387,0.409,1,0.000,0.000,0.000,0.000,0.000,0.000,0.094,-0.218
154.43,0.105,0,0.387,0.409,1,0.000,0.000,0.000,0.000,0.000,0.000,0.105,-0.217
154.63,0.108,0,0.387,0.409,1,0.000,0.000,0.000,0.000,0.000,0.000,0.108,-0.208
154.83,0.108,0,0.387,0.409,1,0.000,0.000,0.000,0.000,0.000,0.000,0.108,-0.208
155.03,0.105,0,0.387,0.409,1,0.000,0.000,0.000,0.000,0.000,0.000,0.106,-0.214
155.23,0.107,0,0.382,0.409,1,0.000,0.000,0.000,0.000,0.000,0.000,0.097,-0.216
155.43,0.106,0,0.382,0.409,1,0.000,0.000,0.000,0.000,0.000,0.000,0.102,-0.220
155.63,0.105,0,0.386,0.409,1,0.000,0.000,0.000,0.000,0.000,0.000,0.108,-0.214
155.83,0.105,0,0.386,0.409,1,0.000,0.000,0.000,0.000,0.000,0.000,0.108,-0.214
156.03,0.105,0,0.386,0.409,1,0.000,0.000,0.000,0.000,0.000,0.000,0.099,-0.211
156.23,0.105,0,0.384,0.409,1,0.000,0.000,0.000,0.000,0.000,0.000,0.100,-0.217
156.43,0.105,0,0.384,0.409,1,0.000,0.000,0.000,0.000,0.000,0.000,0.108,-0.211
156.63,0.105,0,0.387,0.409,1,0.000,0.000,0.000,0.000,0.000,0.000,0.106,-0.210
156.83,0.105,0,0.387,0.409,1,0.000,0.000,0.000,0.000,0.000,0.000,0.101,-0.208
157.03,0.106,0,0.387,0.409,1,0.000,0.000,0.000,0.000,0.000,0.000,0.101,-0.208
157.23,0.106,0,0.385,0.409,1,0.000,0.000,0.000,0.000,0.000,0.000,0.100,-0.214
157.43,0.105,0,0.385,0.409,1,0.000,0.000,0.000,0.000,0.000,0.000,0.101,-0.215
157.63,0.105,0,0.387,0.409,1,0.000,0.000,0.000,0.000,0.000,0.000,0.104,-0.210
157.83,0.105,0,0.387,0.409,1,0.000,0.000,0.000,0.000,0.000,0.000,0.098,-0.213
158.03,0.106,0,0.387,0.409,1,0.000,0.000,0.000,0.000,0.000,0.000,0.098,-0.213
158.23,0.107,0,0.385,0.409,1,0.000,0.000,0.000,0.000,0.000,0.000,0.102,-0.211
158.43,0.108,0,0.385,0.409,1,0.000,0.000,0.000,0.000,0.000,0.000,0.100,-0.211
158.63,0.105,0,0.387,0.409,1,0.000,0.000,0.000,0.000,0.000,0.000,0.102,-0.213
158.83,0.105,0,0.387,0.409,1,0.000,0.000,0.000,0.000,0.000,0.000,0.100,-0.214
159.03,0.106,0,0.387,0.409,1,0.000,0.000,0.000,0.000,0.000,0.000,0.100,-0.214
159.23,0.105,0,0.387,0.409,1,0.000,0.000,0.000,0.000,0.000,0.000,0.103,-0.210
159.43,0.108,0,0.387,0.409,1,0.000,0.000,0.000,0.000,0.000,0.000,0.100,-0.215
159.63,0.105,0,0.387,0.409,1,0.000,0.000,0.000,0.000,0.000,0.000,0.096,-0.218
159.83,0.105,0,0.387,0.409,1,0.000,0.000,0.000,0.000,0.000,0.000,0.098,-0.219
160.03,0.108,0,0.387,0.409,1,0.000,0.000,0.000,0.000,0.000,0.000,0.098,-0.219
160.23,0.106,0,0.387,0.409,1,0.000,0.000,0.000,0.000,0.000,0.000,0.096,-0.216
160.43,0.105,0,0.387,0.409,1,0.000,0.000,0.000,0.000,0.000,0.000,0.095,-0.224
160.63,0.105,0,0.384,0.409,1,0.000,0.000,0.000,0.000,0.000,0.000,0.092,-0.219
160.83,0.105,0,0.384,0.409,1,0.000,0.000,0.000,0.000,0.000,0.000,0.099,-0.229
161.03,0.106,0,0.384,0.409,1,0.000,0.000,0.000,0.000,0.000,0.000,0.099,-0.229
161.23,0.105,0,0.382,0.409,1,0.000,0.000,0.000,0.000,0.000,0.000,0.090,-0.218
161.43,0.105,0,0.382,0.409,1,0.000,0.000,0.000,0.000,0.000,0.000,0.093,-0.224
161.63,0.107,0,0.383,0.409,1,0.000,0.000,0.000,0.000,0.000,0.000,0.091,-0.216
161.83,0.107,0,0.383,0.409,1,0.000,0.000,0.000,0.000,0.000,0.000,0.097,-0.214
162.03,0.105,0,0.383,0.409,1,0.000,0.000,0.000,0.000,0.000,0.000,0.097,-0.214
162.23,0.108,0,0.382,0.409,1,0.000,0.000,0.000,0.000,0.000,0.000,0.101,-0.217
162.43,0.105,0,0.382,0.409,1,0.000,0.000,0.000,0.000,0.000,0.000,0.094,-0.221
162.63,0.105,0,0.383,0.409,1,0.000,0.000,0.000,0.000,0.000,0.000,0.093,-0.219
162.83,0.105,0,0.383,0.409,1,0.000,0.000,0.000,0.000,0.000,0.000,0.095,-0.221
163.03,0.106,0,0.383,0.409,1,0.000,0.000,0.000,0.000,0.000,0.000,0.095,-0.221
163.23,0.106,0,0.387,0.409,1,0.000,0.000,0.000,0.000,0.000,0.000,0.101,-0.214
163.43,0.106,0,0.387,0.409,1,0.000,0.000,0.000,0.000,0.000,0.000,0.093,-0.219
163.63,0.106,0,0.387,0.409,1,0.000,0.000,0.000,0.000,0.000,0.000,0.103,-0.224
163.83,0.108,0,0.387,0.409,1,0.000,0.000,0.000,0.000,0.000,0.000,0.098,-0.216
164.03,0.108,0,0.387,0.409,1,0.000,0.000,0.000,0.000,0.000,0.000,0.098,-0.216
164.23,0.105,0,0.383,0.409,1,0.000,0.000,0.000,0.000,0.000,0.000,0.094,-0.213
164.43,0.108,0,0.383,0.409,1,0.000,0.000,0.000,0.000,0.000,0.000,0.096,-0.219
164.63,0.105,0,0.382,0.409,1,0.000,0.000,0.000,0.000,0.000,0.000,0.097,-0.219
164.83,0.106,0,0.382,0.409,1,0.000,0.000,0.000,0.000,0.000,0.000,0.108,-0.217
165.03,0.106,0,0.382,0.409,1,0.000,0.000,0.000,0.000,0.000,0.000,0.108,-0.217
165.23,0.105,0,0.382,0.409,1,0.000,0.000,0.000,0.000,0.000,0.000,0.103,-0.216
165.43,0.106,0,0.382,0.409,1,0.000,0.000,0.000,0.000,0.000,0.000,0.095,-0.218
165.63,0.105,0,0.387,0.409,1,0.000,0.000,0.000,0.000,0.000,0.000,0.098,-0.218
165.83,0.108,0,0.387,0.409,1,0.000,0.000,0.000,0.000,0.000,0.000,0.098,-0.219
166.03,0.108,0,0.387,0.409,1,0.000,0.000,0.000,0.000,0.000,0.000,0.098,-0.219
166.23,0.105,0,0.382,0.409,1,0.000,0.000,0.000,0.000,0.000,0.000,0.097,-0.214
166.43,0.106,0,0.382,0.409,1,0.000,0.000,0.000,0.000,0.000,0.000,0.099,-0.214
166.63,0.105,0,0.383,0.409,1,0.000,0.000,0.000,0.000,0.000,0.000,0.101,-0.212
166.83,0.108,0,0.383,0.409,1,0.000,0.000,0.000,0.000,0.000,0.000,0.101,-0.217
167.03,0.108,0,0.383,0.409,1,0.000,0.000,0.000,0.000,0.000,0.000,0.101,-0.217
167.23,0.106,0,0.388,0.409,1,0.000,0.000,0.000,0.000,0.000,0.000,0.095,-0.213
167.43,0.105,0,0.388,0.409,1,0.000,0.000,0.000,0.000,0.000,0.000,0.097,-0.217
167.63,0.105,0,0.385,0.409,1,0.000,0.000,0.000,0.000,0.000,0.000,0.097,-0.219
167.83,0.105,0,0.385,0.409,1,0.000,0.000,0.000,0.000,0.000,0.000,0.098,-0.213
168.03,0.105,0,0.385,0.409,1,0.000,0.000,0.000,0.000,0.000,0.000,0.098,-0.213
168.23,0.105,0,0.387,0.409,1,0.000,0.000,0.000,0.000,0.000,0.000,0.108,-0.212
168.43,0.105,0,0.387,0.409,1,0.000,0.000,0.000,0.000,0.000,0.000,0.101,-0.214
168.63,0.106,0,0.386,0.409,1,0.000,0.000,0.000,0.000,0.000,0.000,0.108,-0.206
168.83,0.108,0,0.386,0.409,1,0.000,0.000,0.000,0.000,0.000,0.000,0.103,-0.210
169.03,0.108,0,0.386,0.409,1,0.000,0.000,0.000,0.000,0.000,0.000,0.103,-0.210
169.23,0.108,0,0.385,0.409,1,0.000,0.000,0.000,0.000,0.000,0.000,0.100,-0.213
169.43,0.105,0,0.385,0.409,1,0.000,0.000,0.000,0.000,0.000,0.000,0.100,-0.214
169.63,0.108,0,0.387,0.409,1,0.000,0.000,0.000,0.000,0.000,0.000,0.105,-0.213
169.83,0.107,0,0.387,0.409,1,0.000,0.000,0.000,0.000,0.000,0.000,0.104,-0.209
170.03,0.107,0,0.387,0.409,1,0.000,0.000,0.000,0.000,0.000,0.000,0.104,-0.209
170.23,0.108,0,0.387,0.409,1,0.000,0.000,0.000,0.000,0.000,0.000,0.105,-0.217
170.43,0.105,0,0.387,0.409,1,0.000,0.000,0.000,0.000,0.000,0.000,0.104,-0.216
170.63,0.105,0,0.383,0.409,1,0.000,0.000,0.000,0.000,0.000,0.000,0.103,-0.211
170.83,0.105,0,0.383,0.409,1,0.000,0.000,0.000,0.000,0.000,0.000,0.099,-0.212
171.03,0.105,0,0.383,0.409,1,0.000,0.000,0.000,0.000,0.000,0.000,0.099,-0.212
171.23,0.105,0,0.383,0.409,1,0.000,0.000,0.000,0.000,0.000,0.000,0.101,-0.211
171.43,0.107,0,0.383,0.409,1,0.000,0.000,0.000,0.000,0.000,0.000,0.105,-0.209
171.63,0.106,0,0.382,0.409,1,0.000,0.000,0.000,0.000,0.000,0.000,0.099,-0.215
171.83,0.105,0,0.382,0.409,1,0.000,0.000,0.000,0.000,0.000,0.000,0.105,-0.216
172.03,0.105,0,0.382,0.409,1,0.000,0.000,0.000,0.000,0.000,0.000,0.107,-0.215
172.23,0.105,0,0.385,0.409,1,0.000,0.000,0.000,0.000,0.000,0.000,0.107,-0.215
172.43,0.108,0,0.385,0.409,1,0.000,0.000,0.000,0.000,0.000,0.000,0.100,-0.211
172.63,0.105,0,0.384,0.409,1,0.000,0.000,0.000,0.000,0.000,0.000,0.110,-0.208
172.83,0.106,0,0.384,0.409,1,0.000,0.000,0.000,0.000,0.000,0.000,0.108,-0.205
173.03,0.106,0,0.384,0.409,1,0.000,0.000,0.000,0.000,0.000,0.000,0.106,-0.210
173.23,0.108,0,0.386,0.409,1,0.000,0.000,0.000,0.000,0.000,0.000,0.106,-0.210
173.43,0.105,0,0.386,0.409,1,0.000,0.000,0.000,0.000,0.000,0.000,0.103,-0.209
173.63,0.106,0,0.386,0.409,1,0.000,0.000,0.000,0.000,0.000,0.000,0.111,-0.216
173.83,0.106,0,0.386,0.409,1,0.000,0.000,0.000,0.000,0.000,0.000,0.110,-0.216
174.03,0.106,0,0.386,0.409,1,0.000,0.000,0.000,0.000,0.000,0.000,0.108,-0.215
174.23,0.106,0,0.382,0.409,1,0.000,0.000,0.000,0.000,0.000,0.000,0.108,-0.215
174.43,0.105,0,0.382,0.409,1,0.000,0.000,0.000,0.000,0.000,0.000,0.105,-0.209
174.63,0.105,0,0.386,0.409,1,0.000,0.000,0.000,0.000,0.000,0.000,0.108,-0.207
174.83,0.107,0,0.386,0.409,1,0.000,0.000,0.000,0.000,0.000,0.000,0.112,-0.211
175.03,0.107,0,0.386,0.409,1,0.000,0.000,0.000,0.000,0.000,0.000,0.106,-0.208
175.23,0.107,0,0.386,0.409,1,0.000,0.000,0.000,0.000,0.000,0.000,0.106,-0.208
175.43,0.105,0,0.386,0.409,1,0.000,0.000,0.000,0.000,0.000,0.000,0.102,-0.216
175.63,0.108,0,0.387,0.409,1,0.000,0.000,0.000,0.000,0.000,0.000,0.110,-0.214
175.83,0.105,0,0.387,0.409,1,0.000,0.000,0.000,0.000,0.000,0.000,0.107,-0.211
176.03,0.105,0,0.387,0.409,1,0.000,0.000,0.000,0.000,0.000,0.000,0.099,-0.214
176.23,0.105,0,0.383,0.409,1,0.000,0.000,0.000,0.000,0.000,0.000,0.099,-0.214
176.43,0.105,0,0.383,0.409,1,0.000,0.000,0.000,0.000,0.000,0.000,0.105,-0.219
176.63,0.105,0,0.387,0.409,1,0.000,0.000,0.000,0.000,0.000,0.000,0.107,-0.207
176.83,0.105,0,0.387,0.409,1,0.000,0.000,0.000,0.000,0.000,0.000,0.108,-0.207
177.03,0.105,0,0.387,0.409,1,0.000,0.000,0.000,0.000,0.000,0.000,0.108,-0.212
177.23,0.105,0,0.387,0.409,1,0.000,0.000,0.000,0.000,0.000,0.000,0.108,-0.212
177.43,0.105,0,0.387,0.409,1,0.000,0.000,0.000,0.000,0.000,0.000,0.104,-0.211
177.63,0.105,0,0.383,0.409,1,0.000,0.000,0.000,0.000,0.000,0.000,0.106,-0.212
177.83,0.105,0,0.383,0.409,1,0.000,0.000,0.000,0.000,0.000,0.000,0.106,-0.209
178.03,0.108,0,0.383,0.409,1,0.000,0.000,0.000,0.000,0.000,0.000,0.108,-0.211
178.23,0.108,0,0.385,0.409,1,0.000,0.000,0.000,0.000,0.000,0.000,0.108,-0.211
178.43,0.105,0,0.385,0.409,1,0.000,0.000,0.000,0.000,0.000,0.000,0.102,-0.213
178.63,0.106,0,0.387,0.409,1,0.000,0.000,0.000,0.000,0.000,0.000,0.110,-0.213
178.83,0.108,0,0.387,0.409,1,0.000,0.000,0.000,0.000,0.000,0.000,0.103,-0.209
179.03,0.105,0,0.387,0.409,1,0.000,0.000,0.000,0.000,0.000,0.000,0.107,-0.208
179.23,0.105,0,0.385,0.409,1,0.000,0.000,0.000,0.000,0.000,0.000,0.107,-0.208
179.43,0.106,0,0.385,0.409,1,0.000,0.000,0.000,0.000,0.000,0.000,0.106,-0.211
179.63,0.105,0,0.384,0.409,1,0.000,0.000,0.000,0.000,0.000,0.000,0.104,-0.211
179.83,0.105,0,0.384,0.409,1,0.000,0.000,0.000,0.000,0.000,0.000,0.106,-0.212
180.03,0.105,0,0.384,0.409,1,0.000,0.000,0.000,0.000,0.000,0.000,0.100,-0.217
180.23,0.105,0,0.383,0.409,1,0.000,0.000,0.000,0.000,0.000,0.000,0.100,-0.217
180.43,0.105,0,0.383,0.409,1,0.000,0.000,0.000,0.000,0.000,0.000,0.111,-0.209
180.63,0.107,0,0.382,0.409,1,0.000,0.000,0.000,0.000,0.000,0.000,0.108,-0.216
180.83,0.105,0,0.382,0.409,1,0.000,0.000,0.000,0.000,0.000,0.000,0.113,-0.205
181.03,0.108,0,0.382,0.409,1,0.000,0.000,0.000,0.000,0.000,0.000,0.116,-0.208
181.23,0.108,0,0.385,0.409,1,0.000,0.000,0.000,0.000,0.000,0.000,0.116,-0.208
181.43,0.108,0,0.385,0.409,1,0.000,0.000,0.000,0.000,0.000,0.000,0.111,-0.214
181.63,0.108,0,0.387,0.409,1,0.000,0.000,0.000,0.000,0.000,0.000,0.103,-0.212
181.83,0.105,0,0.387,0.409,1,0.000,0.000,0.000,0.000,0.000,0.000,0.102,-0.218
182.03,0.105,0,0.387,0.409,1,0.000,0.000,0.000,0.000,0.000,0.000,0.109,-0.210
182.23,0.105,0,0.387,0.409,1,0.000,0.000,0.000,0.000,0.000,0.000,0.109,-0.210
182.43,0.107,0,0.387,0.409,1,0.000,0.000,0.000,0.000,0.000,0.000,0.111,-0.206
182.63,0.105,0,0.386,0.409,1,0.000,0.000,0.000,0.000,0.000,0.000,0.099,-0.205
182.83,0.106,0,0.386,0.409,1,0.000,0.000,0.000,0.000,0.000,0.000,0.103,-0.219
183.03,0.108,0,0.386,0.409,1,0.000,0.000,0.000,0.000,0.000,0.000,0.097,-0.216
183.23,0.108,0,0.385,0.409,1,0.000,0.000,0.000,0.000,0.000,0.000,0.097,-0.216
183.43,0.105,0,0.385,0.409,1,0.000,0.000,0.000,0.000,0.000,0.000,0.098,-0.211
183.63,0.108,0,0.385,0.409,1,0.000,0.000,0.000,0.000,0.000,0.000,0.108,-0.211
183.83,0.105,0,0.385,0.409,1,0.000,0.000,0.000,0.000,0.000,0.000,0.095,-0.213
184.03,0.108,0,0.385,0.409,1,0.000,0.000,0.000,0.000,0.000,0.000,0.098,-0.216
184.23,0.108,0,0.385,0.409,1,0.000,0.000,0.000,0.000,0.000,0.000,0.098,-0.216
184.43,0.107,0,0.385,0.409,1,0.000,0.000,0.000,0.000,0.000,0.000,0.106,-0.214
184.63,0.107,0,0.386,0.409,1,0.000,0.000,0.000,0.000,0.000,0.000,0.109,-0.207
184.83,0.105,0,0.386,0.409,1,0.000,0.000,0.000,0.000,0.000,0.000,0.100,-0.209
185.03,0.108,0,0.386,0.409,1,0.000,0.000,0.000,0.000,0.000,0.000,0.103,-0.217
185.23,0.108,0,0.387,0.409,1,0.000,0.000,0.000,0.000,0.000,0.000,0.103,-0.217
185.43,0.107,0,0.387,0.409,1,0.000,0.000,0.000,0.000,0.000,0.000,0.094,-0.218
185.63,0.105,0,0.387,0.409,1,0.000,0.000,0.000,0.000,0.000,0.000,0.098,-0.221
185.83,0.106,0,0.387,0.409,1,0.000,0.000,0.000,0.000,0.000,0.000,0.101,-0.224
186.03,0.106,0,0.387,0.409,1,0.000,0.000,0.000,0.000,0.000,0.000,0.093,-0.224
186.23,0.106,0,0.387,0.409,1,0.000,0.000,0.000,0.000,0.000,0.000,0.093,-0.224
186.43,0.105,0,0.387,0.409,1,0.000,0.000,0.000,0.000,0.000,0.000,0.096,-0.224
186.63,0.105,0,0.382,0.409,1,0.000,0.000,0.000,0.000,0.000,0.000,0.096,-0.217
186.83,0.106,0,0.382,0.409,1,0.000,0.000,0.000,0.000,0.000,0.000,0.098,-0.221
187.03,0.105,0,0.382,0.409,1,0.000,0.000,0.000,0.000,0.000,0.000,0.092,-0.218
187.23,0.105,0,0.385,0.409,1,0.000,0.000,0.000,0.000,0.000,0.000,0.102,-0.215
187.43,0.105,0,0.385,0.409,1,0.000,0.000,0.000,0.000,0.000,0.000,0.102,-0.215
187.63,0.105,0,0.386,0.409,1,0.000,0.000,0.000,0.000,0.000,0.000,0.090,-0.220
187.83,0.105,0,0.386,0.409,1,0.000,0.000,0.000,0.000,0.000,0.000,0.098,-0.222
188.03,0.108,0,0.386,0.409,1,0.000,0.000,0.000,0.000,0.000,0.000,0.097,-0.218
188.23,0.108,0,0.382,0.409,1,0.000,0.000,0.000,0.000,0.000,0.000,0.097,-0.220
188.43,0.105,0,0.382,0.409,1,0.000,0.000,0.000,0.000,0.000,0.000,0.097,-0.220
188.63,0.105,0,0.386,0.409,1,0.000,0.000,0.000,0.000,0.000,0.000,0.094,-0.221
188.83,0.105,0,0.386,0.409,1,0.000,0.000,0.000,0.000,0.000,0.000,0.097,-0.219
189.03,0.105,0,0.386,0.409,1,0.000,0.000,0.000,0.000,0.000,0.000,0.092,-0.218
189.23,0.105,0,0.383,0.409,1,0.000,0.000,0.000,0.000,0.000,0.000,0.099,-0.215
189.43,0.108,0,0.383,0.409,1,0.000,0.000,0.000,0.000,0.000,0.000,0.099,-0.215
189.63,0.105,0,0.384,0.409,1,0.000,0.000,0.000,0.000,0.000,0.000,0.096,-0.218
189.83,0.107,0,0.384,0.409,1,0.000,0.000,0.000,0.000,0.000,0.000,0.096,-0.218
190.03,0.105,0,0.384,0.409,1,0.000,0.000,0.000,0.000,0.000,0.000,0.092,-0.224
190.23,0.105,0,0.383,0.409,1,0.000,0.000,0.000,0.000,0.000,0.000,0.098,-0.221
190.43,0.105,0,0.383,0.409,1,0.000,0.000,0.000,0.000,0.000,0.000,0.098,-0.221
190.63,0.105,0,0.387,0.409,1,0.000,0.000,0.000,0.000,0.000,0.000,0.097,-0.222
190.83,0.105,0,0.387,0.409,1,0.000,0.000,0.000,0.000,0.000,0.000,0.096,-0.218
191.03,0.105,0,0.387,0.409,1,0.000,0.000,0.000,0.000,0.000,0.000,0.093,-0.222
191.23,0.105,0,0.383,0.409,1,0.000,0.000,0.000,0.000,0.000,0.000,0.093,-0.222
191.43,0.105,0,0.383,0.409,1,0.000,0.000,0.000,0.000,0.000,0.000,0.093,-0.222
191.63,0.106,0,0.382,0.409,1,0.000,0.000,0.000,0.000,0.000,0.000,0.091,-0.222
191.83,0.106,0,0.382,0.409,1,0.000,0.000,0.000,0.000,0.000,0.000,0.092,-0.216
192.03,0.106,0,0.382,0.409,1,0.000,0.000,0.000,0.000,0.000,0.000,0.096,-0.222
192.23,0.106,0,0.387,0.409,1,0.000,0.000,0.000,0.000,0.000,0.000,0.105,-0.214
192.43,0.108,0,0.387,0.409,1,0.000,0.000,0.000,0.000,0.000,0.000,0.105,-0.214
192.63,0.105,0,0.387,0.409,1,0.000,0.000,0.000,0.000,0.000,0.000,0.093,-0.218
192.83,0.105,0,0.387,0.409,1,0.000,0.000,0.000,0.000,0.000,0.000,0.098,-0.218
193.03,0.106,0,0.387,0.409,1,0.000,0.000,0.000,0.000,0.000,0.000,0.102,-0.212
193.23,0.106,0,0.385,0.409,1,0.000,0.000,0.000,0.000,0.000,0.000,0.094,-0.222
193.43,0.108,0,0.385,0.409,1,0.000,0.000,0.000,0.000,0.000,0.000,0.094,-0.222
193.63,0.108,0,0.382,0.409,1,0.000,0.000,0.000,0.000,0.000,0.000,0.091,-0.214
193.83,0.105,0,0.382,0.409,1,0.000,0.000,0.000,0.000,0.000,0.000,0.099,-0.220
194.03,0.105,0,0.382,0.409,1,0.000,0.000,0.000,0.000,0.000,0.000,0.098,-0.216
194.23,0.105,0,0.382,0.409,1,0.000,0.000,0.000,0.000,0.000,0.000,0.093,-0.221
194.43,0.105,0,0.382,0.409,1,0.000,0.000,0.000,0.000,0.000,0.000,0.093,-0.221
194.63,0.105,0,0.382,0.409,1,0.000,0.000,0.000,0.000,0.000,0.000,0.096,-0.221
194.83,0.105,0,0.382,0.409,1,0.000,0.000,0.000,0.000,0.000,0.000,0.092,-0.224
195.03,0.105,0,0.382,0.409,1,0.000,0.000,0.000,0.000,0.000,0.000,0.097,-0.219
195.23,0.105,0,0.382,0.409,1,0.000,0.000,0.000,0.000,0.000,0.000,0.094,-0.224
195.43,0.108,0,0.382,0.409,1,0.000,0.000,0.000,0.000,0.000,0.000,0.094,-0.224
195.63,0.107,0,0.387,0.409,1,0.000,0.000,0.000,0.000,0.000,0.000,0.097,-0.219
195.83,0.108,0,0.387,0.409,1,0.000,0.000,0.000,0.000,0.000,0.000,0.091,-0.220
196.03,0.105,0,0.387,0.409,1,0.000,0.000,0.000,0.000,0.000,0.000,0.098,-0.218
196.23,0.105,0,0.383,0.409,1,0.000,0.000,0.000,0.000,0.000,0.000,0.098,-0.214
196.43,0.106,0,0.383,0.409,1,0.000,0.000,0.000,0.000,0.000,0.000,0.098,-0.214
196.63,0.106,0,0.387,0.409,1,0.000,0.000,0.000,0.000,0.000,0.000,0.096,-0.220
196.83,0.105,0,0.387,0.409,1,0.000,0.000,0.000,0.000,0.000,0.000,0.101,-0.221
197.03,0.108,0,0.387,0.409,1,0.000,0.000,0.000,0.000,0.000,0.000,0.093,-0.223
197.23,0.108,0,0.383,0.409,1,0.000,0.000,0.000,0.000,0.000,0.000,0.094,-0.220
197.43,0.106,0,0.383,0.409,1,0.000,0.000,0.000,0.000,0.000,0.000,0.094,-0.220
197.63,0.105,0,0.386,0.409,1,0.000,0.000,0.000,0.000,0.000,0.000,0.095,-0.218
197.83,0.108,0,0.386,0.409,1,0.000,0.000,0.000,0.000,0.000,0.000,0.093,-0.219
198.03,0.105,0,0.386,0.409,1,0.000,0.000,0.000,0.000,0.000,0.000,0.102,-0.215
198.23,0.105,0,0.387,0.409,1,0.000,0.000,0.000,0.000,0.000,0.000,0.099,-0.212
198.43,0.105,0,0.387,0.409,1,0.000,0.000,0.000,0.000,0.000,0.000,0.099,-0.212
198.63,0.105,0,0.383,0.409,1,0.000,0.000,0.000,0.000,0.000,0.000,0.103,-0.210
198.83,0.106,0,0.383,0.409,1,0.000,0.000,0.000,0.000,0.000,0.000,0.099,-0.215
199.03,0.107,0,0.383,0.409,1,0.000,0.000,0.000,0.000,0.000,0.000,0.101,-0.212
199.23,0.105,0,0.386,0.409,1,0.000,0.000,0.000,0.000,0.000,0.000,0.103,-0.208
199.43,0.105,0,0.386,0.409,1,0.000,0.000,0.000,0.000,0.000,0.000,0.103,-0.208
199.63,0.105,0,0.383,0.409,1,0.000,0.000,0.000,0.000,0.000,0.000,0.102,-0.213
199.83,0.107,0,0.383,0.409,1,0.000,0.000,0.000,0.000,0.000,0.000,0.101,-0.219
200.03,0.105,0,0.383,0.409,1,0.000,0.000,0.000,0.000,0.000,0.000,0.098,-0.215
200.23,0.106,0,0.387,0.409,1,0.000,0.000,0.000,0.000,0.000,0.000,0.106,-0.218
200.43,0.106,0,0.387,0.409,1,0.000,0.000,0.000,0.000,0.000,0.000,0.106,-0.218
200.63,0.105,0,0.382,0.409,1,0.000,0.000,0.000,0.000,0.000,0.000,0.103,-0.216
200.83,0.107,0,0.382,0.409,1,0.000,0.000,0.000,0.000,0.000,0.000,0.106,-0.218
201.03,0.105,0,0.382,0.409,1,0.000,0.000,0.000,0.000,0.000,0.000,0.108,-0.215
201.23,0.105,0,0.385,0.409,1,0.000,0.000,0.000,0.000,0.000,0.000,0.106,-0.217
201.43,0.105,0,0.385,0.409,1,0.000,0.000,0.000,0.000,0.000,0.000,0.106,-0.217
201.63,0.108,0,0.386,0.409,1,0.000,0.000,0.000,0.000,0.000,0.000,0.102,-0.213
201.83,0.105,0,0.386,0.409,1,0.000,0.000,0.000,0.000,0.000,0.000,0.098,-0.214
202.03,0.108,0,0.386,0.409,1,0.000,0.000,0.000,0.000,0.000,0.000,0.107,-0.213
202.23,0.106,0,0.386,0.409,1,0.000,0.000,0.000,0.000,0.000,0.000,0.099,-0.216
202.43,0.106,0,0.386,0.409,1,0.000,0.000,0.000,0.000,0.000,0.000,0.099,-0.216
202.63,0.105,0,0.387,0.409,1,0.000,0.000,0.000,0.000,0.000,0.000,0.097,-0.212
202.83,0.105,0,0.387,0.409,1,0.000,0.000,0.000,0.000,0.000,0.000,0.100,-0.217
203.03,0.105,0,0.387,0.409,1,0.000,0.000,0.000,0.000,0.000,0.000,0.096,-0.216
203.23,0.105,0,0.387,0.409,1,0.000,0.000,0.000,0.000,0.000,0.000,0.106,-0.215
203.43,0.105,0,0.387,0.409,1,0.000,0.000,0.000,0.000,0.000,0.000,0.106,-0.215
203.63,0.105,0,0.382,0.409,1,0.000,0.000,0.000,0.000,0.000,0.000,0.103,-0.218
203.83,0.106,0,0.382,0.409,1,0.000,0.000,0.000,0.000,0.000,0.000,0.101,-0.215
204.03,0.107,0,0.382,0.409,1,0.000,0.000,0.000,0.000,0.000,0.000,0.095,-0.218
204.23,0.105,0,0.386,0.409,1,0.000,0.000,0.000,0.000,0.000,0.000,0.102,-0.217
204.43,0.105,0,0.386,0.409,1,0.000,0.000,0.000,0.000,0.000,0.000,0.102,-0.217
204.63,0.105,0,0.385,0.409,1,0.000,0.000,0.000,0.000,0.000,0.000,0.095,-0.214
204.83,0.105,0,0.385,0.409,1,0.000,0.000,0.000,0.000,0.000,0.000,0.094,-0.220
205.03,0.106,0,0.385,0.409,1,0.000,0.000,0.000,0.000,0.000,0.000,0.096,-0.218
205.23,0.106,0,0.383,0.409,1,0.000,0.000,0.000,0.000,0.000,0.000,0.092,-0.219
205.43,0.106,0,0.383,0.409,1,0.000,0.000,0.000,0.000,0.000,0.000,0.092,-0.219
205.63,0.106,0,0.386,0.409,1,0.000,0.000,0.000,0.000,0.000,0.000,0.098,-0.211
205.83,0.107,0,0.386,0.409,1,0.000,0.000,0.000,0.000,0.000,0.000,0.101,-0.209
206.03,0.106,0,0.386,0.409,1,0.000,0.000,0.000,0.000,0.000,0.000,0.100,-0.213
206.23,0.105,0,0.383,0.409,1,0.000,0.000,0.000,0.000,0.000,0.000,0.095,-0.218
206.43,0.105,0,0.383,0.409,1,0.000,0.000,0.000,0.000,0.000,0.000,0.095,-0.218
206.63,0.107,0,0.387,0.409,1,0.000,0.000,0.000,0.000,0.000,0.000,0.102,-0.216
206.83,0.106,0,0.387,0.409,1,0.000,0.000,0.000,0.000,0.000,0.000,0.099,-0.215
207.03,0.106,0,0.387,0.409,1,0.000,0.000,0.000,0.000,0.000,0.000,0.102,-0.213
207.23,0.107,0,0.386,0.409,1,0.000,0.000,0.000,0.000,0.000,0.000,0.099,-0.215
207.43,0.107,0,0.386,0.409,1,0.000,0.000,0.000,0.000,0.000,0.000,0.099,-0.215
207.63,0.108,0,0.384,0.409,1,0.000,0.000,0.000,0.000,0.000,0.000,0.100,-0.218
207.83,0.105,0,0.384,0.409,1,0.000,0.000,0.000,0.000,0.000,0.000,0.105,-0.214
208.03,0.106,0,0.384,0.409,1,0.000,0.000,0.000,0.000,0.000,0.000,0.103,-0.213
208.23,0.105,0,0.386,0.409,1,0.000,0.000,0.000,0.000,0.000,0.000,0.104,-0.212
208.43,0.105,0,0.386,0.409,1,0.000,0.000,0.000,0.000,0.000,0.000,0.104,-0.212
208.63,0.105,0,0.384,0.409,1,0.000,0.000,0.000,0.000,0.000,0.000,0.098,-0.212
208.83,0.106,0,0.384,0.409,1,0.000,0.000,0.000,0.000,0.000,0.000,0.105,-0.217
209.03,0.105,0,0.384,0.409,1,0.000,0.000,0.000,0.000,0.000,0.000,0.097,-0.213
209.23,0.107,0,0.387,0.409,1,0.000,0.000,0.000,0.000,0.000,0.000,0.103,-0.211
209.43,0.107,0,0.387,0.409,1,0.000,0.000,0.000,0.000,0.000,0.000,0.103,-0.211
209.63,0.105,0,0.385,0.409,1,0.000,0.000,0.000,0.000,0.000,0.000,0.102,-0.215
209.83,0.105,0,0.385,0.409,1,0.000,0.000,0.000,0.000,0.000,0.000,0.100,-0.218
210.03,0.105,0,0.385,0.409,1,0.000,0.000,0.000,0.000,0.000,0.000,0.092,-0.218
210.23,0.107,0,0.385,0.409,1,0.000,0.000,0.000,0.000,0.000,0.000,0.097,-0.216
210.43,0.107,0,0.385,0.409,1,0.000,0.000,0.000,0.000,0.000,0.000,0.097,-0.216
210.63,0.105,0,0.386,0.409,1,0.000,0.000,0.000,0.000,0.000,0.000,0.101,-0.213
210.83,0.107,0,0.386,0.409,1,0.000,0.000,0.000,0.000,0.000,0.000,0.099,-0.215
211.03,0.105,0,0.386,0.409,1,0.000,0.000,0.000,0.000,0.000,0.000,0.098,-0.217
211.23,0.105,0,0.386,0.409,1,0.000,0.000,0.000,0.000,0.000,0.000,0.100,-0.213
211.43,0.105,0,0.386,0.409,1,0.000,0.000,0.000,0.000,0.000,0.000,0.100,-0.213
211.63,0.106,0,0.386,0.409,1,0.000,0.000,0.000,0.000,0.000,0.000,0.108,-0.218
211.83,0.107,0,0.386,0.409,1,0.000,0.000,0.000,0.000,0.000,0.000,0.107,-0.214
212.03,0.105,0,0.386,0.409,1,0.000,0.000,0.000,0.000,0.000,0.000,0.110,-0.217
212.23,0.105,0,0.387,0.409,1,0.000,0.000,0.000,0.000,0.000,0.000,0.112,-0.215
212.43,0.105,0,0.387,0.409,1,0.000,0.000,0.000,0.000,0.000,0.000,0.112,-0.215
212.63,0.108,0,0.385,0.409,1,0.000,0.000,0.000,0.000,0.000,0.000,0.106,-0.216
212.83,0.105,0,0.385,0.409,1,0.000,0.000,0.000,0.000,0.000,0.000,0.101,-0.216
213.03,0.105,0,0.385,0.409,1,0.000,0.000,0.000,0.000,0.000,0.000,0.103,-0.213
213.23,0.106,0,0.385,0.409,1,0.000,0.000,0.000,0.000,0.000,0.000,0.107,-0.214
213.43,0.106,0,0.385,0.409,1,0.000,0.000,0.000,0.000,0.000,0.000,0.103,-0.215
213.63,0.106,0,0.387,0.409,1,0.000,0.000,0.000,0.000,0.000,0.000,0.103,-0.215
213.83,0.106,0,0.387,0.409,1,0.000,0.000,0.000,0.000,0.000,0.000,0.102,-0.214
214.03,0.105,0,0.387,0.409,1,0.000,0.000,0.000,0.000,0.000,0.000,0.103,-0.217
214.23,0.105,0,0.387,0.409,1,0.000,0.000,0.000,0.000,0.000,0.000,0.105,-0.220
214.43,0.105,0,0.387,0.409,1,0.000,0.000,0.000,0.000,0.000,0.000,0.101,-0.217
214.63,0.108,0,0.385,0.409,1,0.000,0.000,0.000,0.000,0.000,0.000,0.101,-0.217
214.83,0.105,0,0.385,0.409,1,0.000,0.000,0.000,0.000,0.000,0.000,0.091,-0.220
215.03,0.106,0,0.385,0.409,1,0.000,0.000,0.000,0.000,0.000,0.000,0.089,-0.225
215.23,0.105,0,0.387,0.409,1,0.000,0.000,0.000,0.000,0.000,0.000,0.094,-0.221
215.43,0.105,0,0.387,0.409,1,0.000,0.000,0.000,0.000,0.000,0.000,0.098,-0.221
215.63,0.107,0,0.382,0.409,1,0.000,0.000,0.000,0.000,0.000,0.000,0.098,-0.221
215.83,0.105,0,0.382,0.409,1,0.000,0.000,0.000,0.000,0.000,0.000,0.089,-0.220
216.03,0.105,0,0.382,0.409,1,0.000,0.000,0.000,0.000,0.000,0.000,0.093,-0.224
216.23,0.105,0,0.386,0.409,1,0.000,0.000,0.000,0.000,0.000,0.000,0.095,-0.220
216.43,0.105,0,0.386,0.409,1,0.000,0.000,0.000,0.000,0.000,0.000,0.095,-0.220
216.63,0.105,0,0.387,0.409,1,0.000,0.000,0.000,0.000,0.000,0.000,0.089,-0.219
216.83,0.106,0,0.387,0.409,1,0.000,0.000,0.000,0.000,0.000,0.000,0.094,-0.228
217.03,0.105,0,0.387,0.409,1,0.000,0.000,0.000,0.000,0.000,0.000,0.092,-0.224
217.23,0.106,0,0.386,0.409,1,0.000,0.000,0.000,0.000,0.000,0.000,0.088,-0.218
217.43,0.106,0,0.386,0.409,1,0.000,0.000,0.000,0.000,0.000,0.000,0.088,-0.223
217.63,0.106,0,0.386,0.409,1,0.000,0.000,0.000,0.000,0.000,0.000,0.088,-0.223
217.83,0.105,0,0.386,0.409,1,0.000,0.000,0.000,0.000,0.000,0.000,0.087,-0.224
218.03,0.105,0,0.386,0.409,1,0.000,0.000,0.000,0.000,0.000,0.000,0.088,-0.231
218.23,0.106,0,0.386,0.409,1,0.000,0.000,0.000,0.000,0.000,0.000,0.081,-0.229
218.43,0.106,0,0.386,0.409,1,0.000,0.000,0.000,0.000,0.000,0.000,0.079,-0.227
218.63,0.105,0,0.382,0.409,1,0.000,0.000,0.000,0.000,0.000,0.000,0.079,-0.227
218.83,0.105,0,0.382,0.409,1,0.000,0.000,0.000,0.000,0.000,0.000,0.087,-0.229
219.03,0.105,0,0.382,0.409,1,0.000,0.000,0.000,0.000,0.000,0.000,0.087,-0.228
219.23,0.108,0,0.386,0.409,1,0.000,0.000,0.000,0.000,0.000,0.000,0.087,-0.225
219.43,0.108,0,0.386,0.409,1,0.000,0.000,0.000,0.000,0.000,0.000,0.085,-0.227
219.63,0.106,0,0.382,0.409,1,0.000,0.000,0.000,0.000,0.000,0.000,0.085,-0.227
219.83,0.105,0,0.382,0.409,1,0.000,0.000,0.000,0.000,0.000,0.000,0.093,-0.222
220.03,0.107,0,0.382,0.409,1,0.000,0.000,0.000,0.000,0.000,0.000,0.092,-0.227
220.23,0.104,0,0.387,0.409,1,0.000,0.000,0.000,0.000,0.000,0.000,0.088,-0.226
220.43,0.104,0,0.387,0.409,1,0.000,0.000,0.000,0.000,0.000,0.000,0.093,-0.225
220.63,0.105,0,0.387,0.409,1,0.000,0.000,0.000,0.000,0.000,0.000,0.093,-0.225
220.83,0.106,0,0.387,0.409,1,0.000,0.000,0.000,0.000,0.000,0.000,0.092,-0.229
221.03,0.105,0,0.387,0.409,1,0.000,0.000,0.000,0.000,0.000,0.000,0.091,-0.224
221.23,0.107,0,0.387,0.409,1,0.000,0.000,0.000,0.000,0.000,0.000,0.095,-0.222
221.43,0.107,0,0.387,0.409,1,0.000,0.000,0.000,0.000,0.000,0.000,0.092,-0.224
221.63,0.106,0,0.384,0.409,1,0.000,0.000,0.000,0.000,0.000,0.000,0.092,-0.224
221.83,0.105,0,0.384,0.409,1,0.000,0.000,0.000,0.000,0.000,0.000,0.089,-0.226
222.03,0.104,0,0.384,0.409,1,0.000,0.000,0.000,0.000,0.000,0.000,0.089,-0.221
222.23,0.106,0,0.386,0.409,1,0.000,0.000,0.000,0.000,0.000,0.000,0.091,-0.226
222.43,0.106,0,0.386,0.409,1,0.000,0.000,0.000,0.000,0.000,0.000,0.088,-0.224
222.63,0.105,0,0.385,0.409,1,0.000,0.000,0.000,0.000,0.000,0.000,0.088,-0.224
222.83,0.105,0,0.385,0.409,1,0.000,0.000,0.000,0.000,0.000,0.000,0.091,-0.221
223.03,0.107,0,0.385,0.409,1,0.000,0.000,0.000,0.000,0.000,0.000,0.093,-0.221
223.23,0.108,0,0.385,0.409,1,0.000,0.000,0.000,0.000,0.000,0.000,0.088,-0.222
223.43,0.108,0,0.385,0.409,1,0.000,0.000,0.000,0.000,0.000,0.000,0.091,-0.228
223.63,0.106,0,0.386,0.409,1,0.000,0.000,0.000,0.000,0.000,0.000,0.091,-0.228
223.83,0.104,0,0.386,0.409,1,0.000,0.000,0.000,0.000,0.000,0.000,0.092,-0.223
224.03,0.105,0,0.386,0.409,1,0.000,0.000,0.000,0.000,0.000,0.000,0.089,-0.223
224.23,0.105,0,0.384,0.409,1,0.000,0.000,0.000,0.000,0.000,0.000,0.091,-0.222
224.43,0.105,0,0.384,0.409,1,0.000,0.000,0.000,0.000,0.000,0.000,0.091,-0.228
224.63,0.105,0,0.384,0.409,1,0.000,0.000,0.000,0.000,0.000,0.000,0.091,-0.228
224.83,0.105,0,0.384,0.409,1,0.000,0.000,0.000,0.000,0.000,0.000,0.091,-0.222
225.03,0.108,0,0.384,0.409,1,0.000,0.000,0.000,0.000,0.000,0.000,0.094,-0.227
225.23,0.107,0,0.385,0.409,1,0.000,0.000,0.000,0.000,0.000,0.000,0.093,-0.227
225.43,0.107,0,0.385,0.409,1,0.000,0.000,0.000,0.000,0.000,0.000,0.091,-0.225
225.63,0.105,0,0.385,0.409,1,0.000,0.000,0.000,0.000,0.000,0.000,0.091,-0.225
225.83,0.105,0,0.385,0.409,1,0.000,0.000,0.000,0.000,0.000,0.000,0.086,-0.229
226.03,0.105,0,0.385,0.409,1,0.000,0.000,0.000,0.000,0.000,0.000,0.088,-0.225
226.23,0.105,0,0.387,0.409,1,0.000,0.000,0.000,0.000,0.000,0.000,0.087,-0.229
226.43,0.105,0,0.387,0.409,1,0.000,0.000,0.000,0.000,0.000,0.000,0.082,-0.221
226.63,0.105,0,0.385,0.409,1,0.000,0.000,0.000,0.000,0.000,0.000,0.082,-0.221
226.83,0.106,0,0.385,0.409,1,0.000,0.000,0.000,0.000,0.000,0.000,0.090,-0.218
227.03,0.108,0,0.385,0.409,1,0.000,0.000,0.000,0.000,0.000,0.000,0.088,-0.219
227.23,0.105,0,0.387,0.409,1,0.000,0.000,0.000,0.000,0.000,0.000,0.087,-0.226
227.43,0.105,0,0.387,0.409,1,0.000,0.000,0.000,0.000,0.000,0.000,0.083,-0.227
227.63,0.105,0,0.382,0.409,1,0.000,0.000,0.000,0.000,0.000,0.000,0.083,-0.227
227.83,0.105,0,0.382,0.409,1,0.000,0.000,0.000,0.000,0.000,0.000,0.091,-0.220
228.03,0.105,0,0.382,0.409,1,0.000,0.000,0.000,0.000,0.000,0.000,0.091,-0.225
228.23,0.108,0,0.385,0.409,1,0.000,0.000,0.000,0.000,0.000,0.000,0.094,-0.226
228.43,0.108,0,0.385,0.409,1,0.000,0.000,0.000,0.000,0.000,0.000,0.099,-0.227
228.63,0.108,0,0.383,0.409,1,0.000,0.000,0.000,0.000,0.000,0.000,0.099,-0.227
228.83,0.108,0,0.383,0.409,1,0.000,0.000,0.000,0.000,0.000,0.000,0.094,-0.225
229.03,0.106,0,0.383,0.409,1,0.000,0.000,0.000,0.000,0.000,0.000,0.093,-0.222
229.23,0.105,0,0.386,0.409,1,0.000,0.000,0.000,0.000,0.000,0.000,0.094,-0.223
229.43,0.105,0,0.386,0.409,1,0.000,0.000,0.000,0.000,0.000,0.000,0.087,-0.219
229.63,0.106,0,0.382,0.409,1,0.000,0.000,0.000,0.000,0.000,0.000,0.087,-0.219
229.83,0.106,0,0.382,0.409,1,0.000,0.000,0.000,0.000,0.000,0.000,0.095,-0.218
230.03,0.105,0,0.382,0.409,1,0.000,0.000,0.000,0.000,0.000,0.000,0.096,-0.218
230.23,0.105,0,0.386,0.409,1,0.000,0.000,0.000,0.000,0.000,0.000,0.088,-0.218
230.43,0.105,0,0.386,0.409,1,0.000,0.000,0.000,0.000,0.000,0.000,0.093,-0.216
230.63,0.105,0,0.386,0.409,1,0.000,0.000,0.000,0.000,0.000,0.000,0.093,-0.216
230.83,0.105,0,0.386,0.409,1,0.000,0.000,0.000,0.000,0.000,0.000,0.102,-0.219
231.03,0.107,0,0.386,0.409,1,0.000,0.000,0.000,0.000,0.000,0.000,0.099,-0.221
231.23,0.105,0,0.384,0.409,1,0.000,0.000,0.000,0.000,0.000,0.000,0.101,-0.218
231.43,0.105,0,0.384,0.409,1,0.000,0.000,0.000,0.000,0.000,0.000,0.104,-0.217
231.63,0.105,0,0.382,0.409,1,0.000,0.000,0.000,0.000,0.000,0.000,0.104,-0.217
231.83,0.108,0,0.382,0.409,1,0.000,0.000,0.000,0.000,0.000,0.000,0.100,-0.220
232.03,0.105,0,0.382,0.409,1,0.000,0.000,0.000,0.000,0.000,0.000,0.095,-0.221
232.23,0.106,0,0.387,0.409,1,0.000,0.000,0.000,0.000,0.000,0.000,0.095,-0.224
232.43,0.106,0,0.387,0.409,1,0.000,0.000,0.000,0.000,0.000,0.000,0.093,-0.222
232.63,0.106,0,0.382,0.409,1,0.000,0.000,0.000,0.000,0.000,0.000,0.093,-0.222
232.83,0.107,0,0.382,0.409,1,0.000,0.000,0.000,0.000,0.000,0.000,0.088,-0.226
233.03,0.105,0,0.382,0.409,1,0.000,0.000,0.000,0.000,0.000,0.000,0.089,-0.224
233.23,0.105,0,0.384,0.409,1,0.000,0.000,0.000,0.000,0.000,0.000,0.089,-0.226
233.43,0.105,0,0.384,0.409,1,0.000,0.000,0.000,0.000,0.000,0.000,0.097,-0.229
233.63,0.105,0,0.387,0.409,1,0.000,0.000,0.000,0.000,0.000,0.000,0.097,-0.229
233.83,0.106,0,0.387,0.409,1,0.000,0.000,0.000,0.000,0.000,0.000,0.097,-0.222
234.03,0.106,0,0.387,0.409,1,0.000,0.000,0.000,0.000,0.000,0.000,0.098,-0.223
234.23,0.108,0,0.383,0.409,1,0.000,0.000,0.000,0.000,0.000,0.000,0.091,-0.220
234.43,0.108,0,0.383,0.409,1,0.000,0.000,0.000,0.000,0.000,0.000,0.098,-0.217
234.63,0.106,0,0.386,0.409,1,0.000,0.000,0.000,0.000,0.000,0.000,0.098,-0.217
234.83,0.105,0,0.386,0.409,1,0.000,0.000,0.000,0.000,0.000,0.000,0.090,-0.222
235.03,0.106,0,0.386,0.409,1,0.000,0.000,0.000,0.000,0.000,0.000,0.096,-0.223
235.23,0.105,0,0.387,0.409,1,0.000,0.000,0.000,0.000,0.000,0.000,0.093,-0.218
235.43,0.105,0,0.387,0.409,1,0.000,0.000,0.000,0.000,0.000,0.000,0.094,-0.223
235.63,0.108,0,0.382,0.409,1,0.000,0.000,0.000,0.000,0.000,0.000,0.094,-0.223
235.83,0.106,0,0.382,0.409,1,0.000,0.000,0.000,0.000,0.000,0.000,0.094,-0.220
236.03,0.105,0,0.382,0.409,1,0.000,0.000,0.000,0.000,0.000,0.000,0.090,-0.214
236.23,0.105,0,0.385,0.409,1,0.000,0.000,0.000,0.000,0.000,0.000,0.099,-0.217
236.43,0.105,0,0.385,0.409,1,0.000,0.000,0.000,0.000,0.000,0.000,0.097,-0.217
236.63,0.105,0,0.382,0.409,1,0.000,0.000,0.000,0.000,0.000,0.000,0.097,-0.217
236.83,0.106,0,0.382,0.409,1,0.000,0.000,0.000,0.000,0.000,0.000,0.093,-0.213
237.03,0.106,0,0.382,0.409,1,0.000,0.000,0.000,0.000,0.000,0.000,0.096,-0.213
237.23,0.108,0,0.386,0.409,1,0.000,0.000,0.000,0.000,0.000,0.000,0.097,-0.218
237.43,0.108,0,0.386,0.409,1,0.000,0.000,0.000,0.000,0.000,0.000,0.098,-0.215
237.63,0.108,0,0.385,0.409,1,0.000,0.000,0.000,0.000,0.000,0.000,0.098,-0.215
237.83,0.106,0,0.385,0.409,1,0.000,0.000,0.000,0.000,0.000,0.000,0.099,-0.213
238.03,0.106,0,0.385,0.409,1,0.000,0.000,0.000,0.000,0.000,0.000,0.098,-0.215
238.23,0.105,0,0.383,0.409,1,0.000,0.000,0.000,0.000,0.000,0.000,0.099,-0.224
238.43,0.105,0,0.383,0.409,1,0.000,0.000,0.000,0.000,0.000,0.000,0.092,-0.218
238.63,0.106,0,0.386,0.409,1,0.000,0.000,0.000,0.000,0.000,0.000,0.092,-0.218
238.83,0.106,0,0.386,0.409,1,0.000,0.000,0.000,0.000,0.000,0.000,0.098,-0.216
239.03,0.105,0,0.386,0.409,1,0.000,0.000,0.000,0.000,0.000,0.000,0.098,-0.212
239.23,0.105,0,0.384,0.409,1,0.000,0.000,0.000,0.000,0.000,0.000,0.092,-0.206
239.43,0.105,0,0.384,0.409,1,0.000,0.000,0.000,0.000,0.000,0.000,0.098,-0.207
239.63,0.105,0,0.386,0.409,1,0.000,0.000,0.000,0.000,0.000,0.000,0.098,-0.207
239.83,0.105,0,0.386,0.409,1,0.000,0.000,0.000,0.000,0.000,0.000,0.093,-0.219
240.03,0.106,0,0.386,0.409,1,0.000,0.000,0.000,0.000,0.000,0.000,0.098,-0.217
240.23,0.106,0,0.385,0.409,1,0.000,0.000,0.000,0.000,0.000,0.000,0.093,-0.219
240.43,0.106,0,0.385,0.409,1,0.000,0.000,0.000,0.000,0.000,0.000,0.091,-0.220
240.63,0.106,0,0.382,0.409,1,0.000,0.000,0.000,0.000,0.000,0.000,0.091,-0.220
240.83,0.106,0,0.382,0.409,1,0.000,0.000,0.000,0.000,0.000,0.000,0.095,-0.212
241.03,0.107,0,0.382,0.409,1,0.000,0.000,0.000,0.000,0.000,0.000,0.092,-0.222
241.23,0.105,0,0.383,0.409,1,0.000,0.000,0.000,0.000,0.000,0.000,0.085,-0.219
241.43,0.105,0,0.383,0.409,1,0.000,0.000,0.000,0.000,0.000,0.000,0.098,-0.218
241.63,0.106,0,0.382,0.409,1,0.000,0.000,0.000,0.000,0.000,0.000,0.098,-0.218
241.83,0.106,0,0.382,0.409,1,0.000,0.000,0.000,0.000,0.000,0.000,0.101,-0.214
242.03,0.105,0,0.382,0.409,1,0.000,0.000,0.000,0.000,0.000,0.000,0.101,-0.207
242.23,0.108,0,0.382,0.409,1,0.000,0.000,0.000,0.000,0.000,0.000,0.096,-0.213
242.43,0.108,0,0.382,0.409,1,0.000,0.000,0.000,0.000,0.000,0.000,0.100,-0.206
242.63,0.106,0,0.384,0.409,1,0.000,0.000,0.000,0.000,0.000,0.000,0.100,-0.206
242.83,0.104,0,0.384,0.409,1,0.000,0.000,0.000,0.000,0.000,0.000,0.098,-0.209
243.03,0.108,0,0.384,0.409,1,0.000,0.000,0.000,0.000,0.000,0.000,0.096,-0.221
243.23,0.105,0,0.384,0.409,1,0.000,0.000,0.000,0.000,0.000,0.000,0.092,-0.226
243.43,0.105,0,0.384,0.409,1,0.000,0.000,0.000,0.000,0.000,0.000,0.081,-0.231
243.63,0.106,0,0.382,0.409,1,0.000,0.000,0.000,0.000,0.000,0.000,0.081,-0.231
243.83,0.108,0,0.382,0.409,1,0.000,0.000,0.000,0.000,0.000,0.000,0.088,-0.224
244.03,0.108,0,0.382,0.409,1,0.000,0.000,0.000,0.000,0.000,0.000,0.087,-0.224
244.23,0.105,0,0.382,0.409,1,0.000,0.000,0.000,0.000,0.000,0.000,0.086,-0.218
244.43,0.105,0,0.382,0.409,1,0.000,0.000,0.000,0.000,0.000,0.000,0.090,-0.226
244.63,0.106,0,0.386,0.409,1,0.000,0.000,0.000,0.000,0.000,0.000,0.090,-0.226
244.83,0.108,0,0.386,0.409,1,0.000,0.000,0.000,0.000,0.000,0.000,0.085,-0.232
245.03,0.105,0,0.386,0.409,1,0.000,0.000,0.000,0.000,0.000,0.000,0.090,-0.225
245.23,0.106,0,0.383,0.409,1,0.000,0.000,0.000,0.000,0.000,0.000,0.088,-0.227
245.43,0.106,0,0.383,0.409,1,0.000,0.000,0.000,0.000,0.000,0.000,0.088,-0.223
245.63,0.105,0,0.386,0.409,1,0.000,0.000,0.000,0.000,0.000,0.000,0.088,-0.223
245.83,0.105,0,0.386,0.409,1,0.000,0.000,0.000,0.000,0.000,0.000,0.077,-0.220
246.03,0.106,0,0.386,0.409,1,0.000,0.000,0.000,0.000,0.000,0.000,0.084,-0.219
246.23,0.108,0,0.383,0.409,1,0.000,0.000,0.000,0.000,0.000,0.000,0.083,-0.220
246.43,0.108,0,0.383,0.409,1,0.000,0.000,0.000,0.000,0.000,0.000,0.080,-0.233
246.63,0.105,0,0.383,0.409,1,0.000,0.000,0.000,0.000,0.000,0.000,0.080,-0.233
246.83,0.107,0,0.383,0.409,1,0.000,0.000,0.000,0.000,0.000,0.000,0.070,-0.229
247.03,0.106,0,0.383,0.409,1,0.000,0.000,0.000,0.000,0.000,0.000,0.082,-0.224
247.23,0.106,0,0.382,0.409,1,0.000,0.000,0.000,0.000,0.000,0.000,0.087,-0.217
247.43,0.106,0,0.382,0.409,1,0.000,0.000,0.000,0.000,0.000,0.000,0.092,-0.220
247.63,0.105,0,0.386,0.409,1,0.000,0.000,0.000,0.000,0.000,0.000,0.092,-0.220
247.83,0.105,0,0.386,0.409,1,0.000,0.000,0.000,0.000,0.000,0.000,0.093,-0.213
248.03,0.105,0,0.386,0.409,1,0.000,0.000,0.000,0.000,0.000,0.000,0.080,-0.224
248.23,0.107,0,0.386,0.409,1,0.000,0.000,0.000,0.000,0.000,0.000,0.085,-0.226
248.43,0.107,0,0.386,0.409,1,0.000,0.000,0.000,0.000,0.000,0.000,0.087,-0.223
248.63,0.105,0,0.386,0.409,1,0.000,0.000,0.000,0.000,0.000,0.000,0.087,-0.223
248.83,0.105,0,0.386,0.409,1,0.000,0.000,0.000,0.000,0.000,0.000,0.085,-0.214
249.03,0.105,0,0.386,0.409,1,0.000,0.000,0.000,0.000,0.000,0.000,0.089,-0.212
249.23,0.102,0,0.386,0.409,1,0.000,0.000,0.000,0.000,0.000,0.000,0.083,-0.222
249.43,0.102,0,0.386,0.409,1,0.000,0.000,0.000,0.000,0.000,0.000,0.088,-0.219
249.63,0.108,0,0.387,0.409,1,0.000,0.000,0.000,0.000,0.000,0.000,0.088,-0.219
249.83,0.107,0,0.387,0.409,1,0.000,0.000,0.000,0.000,0.000,0.000,0.092,-0.219
250.03,0.105,0,0.387,0.409,1,0.000,0.000,0.000,0.000,0.000,0.000,0.096,-0.222
250.23,0.105,0,0.387,0.409,1,0.000,0.000,0.000,0.000,0.000,0.000,0.085,-0.227
250.43,0.105,0,0.387,0.409,1,0.000,0.000,0.000,0.000,0.000,0.000,0.086,-0.225
250.63,0.105,0,0.385,0.409,1,0.000,0.000,0.000,0.000,0.000,0.000,0.086,-0.225
250.83,0.105,0,0.385,0.409,1,0.000,0.000,0.000,0.000,0.000,0.000,0.090,-0.228
251.03,0.105,0,0.385,0.409,1,0.000,0.000,0.000,0.000,0.000,0.000,0.097,-0.224
251.23,0.108,0,0.385,0.409,1,0.000,0.000,0.000,0.000,0.000,0.000,0.088,-0.226
251.43,0.108,0,0.385,0.409,1,0.000,0.000,0.000,0.000,0.000,0.000,0.087,-0.225
251.63,0.107,0,0.386,0.409,1,0.000,0.000,0.000,0.000,0.000,0.000,0.087,-0.225
251.83,0.106,0,0.386,0.409,1,0.000,0.000,0.000,0.000,0.000,0.000,0.087,-0.221
252.03,0.105,0,0.386,0.409,1,0.000,0.000,0.000,0.000,0.000,0.000,0.091,-0.217
252.23,0.106,0,0.387,0.409,1,0.000,0.000,0.000,0.000,0.000,0.000,0.083,-0.223
252.43,0.106,0,0.387,0.409,1,0.000,0.000,0.000,0.000,0.000,0.000,0.083,-0.230
252.63,0.106,0,0.382,0.409,1,0.000,0.000,0.000,0.000,0.000,0.000,0.083,-0.230
252.83,0.105,0,0.382,0.409,1,0.000,0.000,0.000,0.000,0.000,0.000,0.087,-0.231
253.03,0.105,0,0.382,0.409,1,0.000,0.000,0.000,0.000,0.000,0.000,0.080,-0.230
253.23,0.105,0,0.387,0.409,1,0.000,0.000,0.000,0.000,0.000,0.000,0.080,-0.229
253.43,0.105,0,0.387,0.409,1,0.000,0.000,0.000,0.000,0.000,0.000,0.079,-0.228
253.63,0.105,0,0.386,0.409,1,0.000,0.000,0.000,0.000,0.000,0.000,0.079,-0.228
253.83,0.105,0,0.386,0.409,1,0.000,0.000,0.000,0.000,0.000,0.000,0.087,-0.225
254.03,0.106,0,0.386,0.409,1,0.000,0.000,0.000,0.000,0.000,0.000,0.080,-0.221
254.23,0.106,0,0.382,0.409,1,0.000,0.000,0.000,0.000,0.000,0.000,0.080,-0.225
254.43,0.106,0,0.382,0.409,1,0.000,0.000,0.000,0.000,0.000,0.000,0.087,-0.227
254.63,0.106,0,0.384,0.409,1,0.000,0.000,0.000,0.000,0.000,0.000,0.087,-0.227
254.83,0.105,0,0.384,0.409,1,0.000,0.000,0.000,0.000,0.000,0.000,0.085,-0.228
255.03,0.106,0,0.384,0.409,1,0.000,0.000,0.000,0.000,0.000,0.000,0.084,-0.229
255.23,0.105,0,0.384,0.409,1,0.000,0.000,0.000,0.000,0.000,0.000,0.081,-0.220
255.43,0.105,0,0.384,0.409,1,0.000,0.000,0.000,0.000,0.000,0.000,0.079,-0.226
255.63,0.105,0,0.384,0.409,1,0.000,0.000,0.000,0.000,0.000,0.000,0.079,-0.226
255.83,0.108,0,0.384,0.409,1,0.000,0.000,0.000,0.000,0.000,0.000,0.090,-0.220
256.03,0.106,0,0.384,0.409,1,0.000,0.000,0.000,0.000,0.000,0.000,0.090,-0.220
256.23,0.108,0,0.385,0.409,1,0.000,0.000,0.000,0.000,0.000,0.000,0.090,-0.216
256.43,0.108,0,0.385,0.409,1,0.000,0.000,0.000,0.000,0.000,0.000,0.090,-0.215
256.63,0.107,0,0.387,0.409,1,0.000,0.000,0.000,0.000,0.000,0.000,0.090,-0.215
256.83,0.105,0,0.387,0.409,1,0.000,0.000,0.000,0.000,0.000,0.000,0.080,-0.215
257.03,0.106,0,0.387,0.409,1,0.000,0.000,0.000,0.000,0.000,0.000,0.089,-0.213
257.23,0.108,0,0.382,0.409,1,0.000,0.000,0.000,0.000,0.000,0.000,0.087,-0.216
257.43,0.108,0,0.382,0.409,1,0.000,0.000,0.000,0.000,0.000,0.000,0.096,-0.221
257.63,0.105,0,0.386,0.409,1,0.000,0.000,0.000,0.000,0.000,0.000,0.096,-0.221
257.83,0.107,0,0.386,0.409,1,0.000,0.000,0.000,0.000,0.000,0.000,0.082,-0.213
258.03,0.105,0,0.386,0.409,1,0.000,0.000,0.000,0.000,0.000,0.000,0.081,-0.231
258.23,0.105,0,0.386,0.409,1,0.000,0.000,0.000,0.000,0.000,0.000,0.087,-0.225
258.43,0.105,0,0.386,0.409,1,0.000,0.000,0.000,0.000,0.000,0.000,0.084,-0.218
258.63,0.107,0,0.386,0.409,1,0.000,0.000,0.000,0.000,0.000,0.000,0.084,-0.218
258.83,0.104,0,0.386,0.409,1,0.000,0.000,0.000,0.000,0.000,0.000,0.083,-0.226
259.03,0.105,0,0.386,0.409,1,0.000,0.000,0.000,0.000,0.000,0.000,0.085,-0.219
259.23,0.105,0,0.387,0.409,1,0.000,0.000,0.000,0.000,0.000,0.000,0.086,-0.223
259.43,0.105,0,0.387,0.409,1,0.000,0.000,0.000,0.000,0.000,0.000,0.083,-0.224
259.63,0.106,0,0.387,0.409,1,0.000,0.000,0.000,0.000,0.000,0.000,0.083,-0.224
259.83,0.105,0,0.387,0.409,1,0.000,0.000,0.000,0.000,0.000,0.000,0.079,-0.224
260.03,0.105,0,0.387,0.409,1,0.000,0.000,0.000,0.000,0.000,0.000,0.082,-0.227
260.23,0.106,0,0.387,0.409,1,0.000,0.000,0.000,0.000,0.000,0.000,0.081,-0.221
260.43,0.106,0,0.387,0.409,1,0.000,0.000,0.000,0.000,0.000,0.000,0.082,-0.218
260.63,0.105,0,0.386,0.409,1,0.000,0.000,0.000,0.000,0.000,0.000,0.082,-0.218
260.83,0.108,0,0.386,0.409,1,0.000,0.000,0.000,0.000,0.000,0.000,0.085,-0.226
261.03,0.105,0,0.386,0.409,1,0.000,0.000,0.000,0.000,0.000,0.000,0.087,-0.214
261.23,0.106,0,0.384,0.409,1,0.000,0.000,0.000,0.000,0.000,0.000,0.089,-0.222
261.43,0.106,0,0.384,0.409,1,0.000,0.000,0.000,0.000,0.000,0.000,0.088,-0.219
261.63,0.108,0,0.382,0.409,1,0.000,0.000,0.000,0.000,0.000,0.000,0.088,-0.219
261.83,0.105,0,0.382,0.409,1,0.000,0.000,0.000,0.000,0.000,0.000,0.091,-0.219
262.03,0.106,0,0.382,0.409,1,0.000,0.000,0.000,0.000,0.000,0.000,0.084,-0.219
262.23,0.105,0,0.387,0.409,1,0.000,0.000,0.000,0.000,0.000,0.000,0.079,-0.224
262.43,0.105,0,0.387,0.409,1,0.000,0.000,0.000,0.000,0.000,0.000,0.087,-0.221
262.63,0.105,0,0.384,0.409,1,0.000,0.000,0.000,0.000,0.000,0.000,0.087,-0.221
262.83,0.105,0,0.384,0.409,1,0.000,0.000,0.000,0.000,0.000,0.000,0.081,-0.227
263.03,0.106,0,0.384,0.409,1,0.000,0.000,0.000,0.000,0.000,0.000,0.081,-0.227
263.23,0.105,0,0.382,0.409,1,0.000,0.000,0.000,0.000,0.000,0.000,0.079,-0.226
263.43,0.105,0,0.382,0.409,1,0.000,0.000,0.000,0.000,0.000,0.000,0.073,-0.223
263.63,0.105,0,0.387,0.409,1,0.000,0.000,0.000,0.000,0.000,0.000,0.073,-0.223
263.83,0.107,0,0.387,0.409,1,0.000,0.000,0.000,0.000,0.000,0.000,0.081,-0.227
264.03,0.105,0,0.387,0.409,1,0.000,0.000,0.000,0.000,0.000,0.000,0.077,-0.221
264.23,0.108,0,0.383,0.409,1,0.000,0.000,0.000,0.000,0.000,0.000,0.097,-0.221
264.43,0.108,0,0.383,0.409,1,0.000,0.000,0.000,0.000,0.000,0.000,0.091,-0.226
264.63,0.105,0,0.387,0.409,1,0.000,0.000,0.000,0.000,0.000,0.000,0.091,-0.226
264.83,0.105,0,0.387,0.409,1,0.000,0.000,0.000,0.000,0.000,0.000,0.092,-0.229
265.03,0.108,0,0.387,0.409,1,0.000,0.000,0.000,0.000,0.000,0.000,0.092,-0.228
265.23,0.105,0,0.383,0.409,1,0.000,0.000,0.000,0.000,0.000,0.000,0.090,-0.228
265.43,0.105,0,0.383,0.409,1,0.000,0.000,0.000,0.000,0.000,0.000,0.094,-0.226
265.63,0.105,0,0.386,0.409,1,0.000,0.000,0.000,0.000,0.000,0.000,0.094,-0.226
265.83,0.107,0,0.386,0.409,1,0.000,0.000,0.000,0.000,0.000,0.000,0.093,-0.231
266.03,0.105,0,0.386,0.409,1,0.000,0.000,0.000,0.000,0.000,0.000,0.082,-0.230
266.23,0.105,0,0.382,0.409,1,0.000,0.000,0.000,0.000,0.000,0.000,0.096,-0.227
266.43,0.105,0,0.382,0.409,1,0.000,0.000,0.000,0.000,0.000,0.000,0.086,-0.228
266.63,0.105,0,0.387,0.409,1,0.000,0.000,0.000,0.000,0.000,0.000,0.086,-0.228
266.83,0.105,0,0.387,0.409,1,0.000,0.000,0.000,0.000,0.000,0.000,0.090,-0.232
267.03,0.108,0,0.387,0.409,1,0.000,0.000,0.000,0.000,0.000,0.000,0.093,-0.226
267.23,0.105,0,0.382,0.409,1,0.000,0.000,0.000,0.000,0.000,0.000,0.092,-0.219
267.43,0.105,0,0.382,0.409,1,0.000,0.000,0.000,0.000,0.000,0.000,0.099,-0.222
267.63,0.105,0,0.385,0.409,1,0.000,0.000,0.000,0.000,0.000,0.000,0.099,-0.222
267.83,0.105,0,0.385,0.409,1,0.000,0.000,0.000,0.000,0.000,0.000,0.103,-0.211
268.03,0.107,0,0.385,0.409,1,0.000,0.000,0.000,0.000,0.000,0.000,0.103,-0.217
268.23,0.105,0,0.387,0.409,1,0.000,0.000,0.000,0.000,0.000,0.000,0.097,-0.221
268.43,0.105,0,0.387,0.409,1,0.000,0.000,0.000,0.000,0.000,0.000,0.094,-0.222
268.63,0.105,0,0.385,0.409,1,0.000,0.000,0.000,0.000,0.000,0.000,0.094,-0.222
268.83,0.105,0,0.385,0.409,1,0.000,0.000,0.000,0.000,0.000,0.000,0.089,-0.221
269.03,0.105,0,0.385,0.409,1,0.000,0.000,0.000,0.000,0.000,0.000,0.097,-0.217
269.23,0.105,0,0.386,0.409,1,0.000,0.000,0.000,0.000,0.000,0.000,0.100,-0.220
269.43,0.105,0,0.386,0.409,1,0.000,0.000,0.000,0.000,0.000,0.000,0.092,-0.227
269.63,0.108,0,0.382,0.409,1,0.000,0.000,0.000,0.000,0.000,0.000,0.092,-0.227
269.83,0.107,0,0.382,0.409,1,0.000,0.000,0.000,0.000,0.000,0.000,0.098,-0.218
270.03,0.105,0,0.382,0.409,1,0.000,0.000,0.000,0.000,0.000,0.000,0.090,-0.218
270.23,0.105,0,0.382,0.409,1,0.000,0.000,0.000,0.000,0.000,0.000,0.096,-0.223
270.43,0.105,0,0.382,0.409,1,0.000,0.000,0.000,0.000,0.000,0.000,0.098,-0.219
270.63,0.106,0,0.384,0.409,1,0.000,0.000,0.000,0.000,0.000,0.000,0.098,-0.219
270.83,0.107,0,0.384,0.409,1,0.000,0.000,0.000,0.000,0.000,0.000,0.102,-0.220
271.03,0.105,0,0.384,0.409,1,0.000,0.000,0.000,0.000,0.000,0.000,0.095,-0.225
271.23,0.105,0,0.386,0.409,1,0.000,0.000,0.000,0.000,0.000,0.000,0.098,-0.220
271.43,0.105,0,0.386,0.409,1,0.000,0.000,0.000,0.000,0.000,0.000,0.089,-0.222
271.63,0.105,0,0.382,0.409,1,0.000,0.000,0.000,0.000,0.000,0.000,0.089,-0.222
271.83,0.107,0,0.382,0.409,1,0.000,0.000,0.000,0.000,0.000,0.000,0.094,-0.219
272.03,0.105,0,0.382,0.409,1,0.000,0.000,0.000,0.000,0.000,0.000,0.098,-0.217
272.23,0.106,0,0.382,0.409,1,0.000,0.000,0.000,0.000,0.000,0.000,0.099,-0.219
272.43,0.106,0,0.382,0.409,1,0.000,0.000,0.000,0.000,0.000,0.000,0.096,-0.219
272.63,0.102,0,0.382,0.409,1,0.000,0.000,0.000,0.000,0.000,0.000,0.096,-0.219
272.83,0.106,0,0.382,0.409,1,0.000,0.000,0.000,0.000,0.000,0.000,0.096,-0.222
273.03,0.106,0,0.382,0.409,1,0.000,0.000,0.000,0.000,0.000,0.000,0.098,-0.221
273.23,0.107,0,0.382,0.409,1,0.000,0.000,0.000,0.000,0.000,0.000,0.093,-0.218
273.43,0.107,0,0.382,0.409,1,0.000,0.000,0.000,0.000,0.000,0.000,0.096,-0.226
273.63,0.107,0,0.384,0.409,1,0.000,0.000,0.000,0.000,0.000,0.000,0.096,-0.226
273.83,0.106,0,0.384,0.409,1,0.000,0.000,0.000,0.000,0.000,0.000,0.091,-0.218
274.03,0.108,0,0.384,0.409,1,0.000,0.000,0.000,0.000,0.000,0.000,0.099,-0.225
274.23,0.105,0,0.386,0.409,1,0.000,0.000,0.000,0.000,0.000,0.000,0.094,-0.218
274.43,0.105,0,0.386,0.409,1,0.000,0.000,0.000,0.000,0.000,0.000,0.094,-0.221
274.63,0.105,0,0.383,0.409,1,0.000,0.000,0.000,0.000,0.000,0.000,0.094,-0.221
274.83,0.108,0,0.383,0.409,1,0.000,0.000,0.000,0.000,0.000,0.000,0.101,-0.219
275.03,0.104,0,0.383,0.409,1,0.000,0.000,0.000,0.000,0.000,0.000,0.092,-0.221
275.23,0.105,0,0.386,0.409,1,0.000,0.000,0.000,0.000,0.000,0.000,0.092,-0.223
275.43,0.105,0,0.386,0.409,1,0.000,0.000,0.000,0.000,0.000,0.000,0.092,-0.222
275.63,0.105,0,0.386,0.409,1,0.000,0.000,0.000,0.000,0.000,0.000,0.092,-0.222
275.83,0.105,0,0.386,0.409,1,0.000,0.000,0.000,0.000,0.000,0.000,0.098,-0.222
276.03,0.107,0,0.386,0.409,1,0.000,0.000,0.000,0.000,0.000,0.000,0.089,-0.223
276.23,0.105,0,0.382,0.409,1,0.000,0.000,0.000,0.000,0.000,0.000,0.098,-0.217
276.43,0.105,0,0.382,0.409,1,0.000,0.000,0.000,0.000,0.000,0.000,0.098,-0.217
276.63,0.105,0,0.386,0.408,1,0.000,0.000,0.000,0.000,0.000,0.000,0.096,-0.218
276.83,0.107,0,0.386,0.408,1,0.000,0.000,0.000,0.000,0.000,0.000,0.098,-0.224
277.03,0.107,0,0.386,0.408,1,0.000,0.000,0.000,0.000,0.000,0.000,0.088,-0.218
277.23,0.106,0,0.385,0.409,1,0.000,0.000,0.000,0.000,0.000,0.000,0.095,-0.216
277.43,0.106,0,0.385,0.409,1,0.000,0.000,0.000,0.000,0.000,0.000,0.095,-0.216
277.63,0.105,0,0.386,0.409,1,0.000,0.000,0.000,0.000,0.000,0.000,0.097,-0.218
277.83,0.104,0,0.386,0.409,1,0.000,0.000,0.000,0.000,0.000,0.000,0.098,-0.218
278.03,0.105,0,0.386,0.409,1,0.000,0.000,0.000,0.000,0.000,0.000,0.096,-0.209
278.23,0.105,0,0.385,0.409,1,0.000,0.000,0.000,0.000,0.000,0.000,0.096,-0.219
278.43,0.105,0,0.385,0.409,1,0.000,0.000,0.000,0.000,0.000,0.000,0.096,-0.219
278.63,0.105,0,0.386,0.409,1,0.000,0.000,0.000,0.000,0.000,0.000,0.094,-0.226
278.83,0.108,0,0.386,0.409,1,0.000,0.000,0.000,0.000,0.000,0.000,0.085,-0.227
279.03,0.107,0,0.386,0.409,1,0.000,0.000,0.000,0.000,0.000,0.000,0.099,-0.217
279.23,0.108,0,0.386,0.409,1,0.000,0.000,0.000,0.000,0.000,0.000,0.099,-0.220
279.43,0.108,0,0.386,0.409,1,0.000,0.000,0.000,0.000,0.000,0.000,0.099,-0.220
279.63,0.105,0,0.387,0.409,1,0.000,0.000,0.000,0.000,0.000,0.000,0.093,-0.225
279.83,0.105,0,0.387,0.409,1,0.000,0.000,0.000,0.000,0.000,0.000,0.085,-0.221
280.03,0.105,0,0.387,0.409,1,0.000,0.000,0.000,0.000,0.000,0.000,0.085,-0.227
280.23,0.105,0,0.383,0.409,1,0.000,0.000,0.000,0.000,0.000,0.000,0.088,-0.226
280.43,0.105,0,0.383,0.409,1,0.000,0.000,0.000,0.000,0.000,0.000,0.088,-0.226
280.63,0.107,0,0.387,0.409,1,0.000,0.000,0.000,0.000,0.000,0.000,0.094,-0.227
280.83,0.105,0,0.387,0.409,1,0.000,0.000,0.000,0.000,0.000,0.000,0.095,-0.219
281.03,0.106,0,0.387,0.409,1,0.000,0.000,0.000,0.000,0.000,0.000,0.090,-0.217
281.23,0.105,0,0.387,0.409,1,0.000,0.000,0.000,0.000,0.000,0.000,0.093,-0.221
281.43,0.105,0,0.387,0.409,1,0.000,0.000,0.000,0.000,0.000,0.000,0.093,-0.221
281.63,0.105,0,0.387,0.409,1,0.000,0.000,0.000,0.000,0.000,0.000,0.086,-0.225
281.83,0.107,0,0.387,0.409,1,0.000,0.000,0.000,0.000,0.000,0.000,0.086,-0.227
282.03,0.108,0,0.387,0.409,1,0.000,0.000,0.000,0.000,0.000,0.000,0.088,-0.220
282.23,0.105,0,0.387,0.409,1,0.000,0.000,0.000,0.000,0.000,0.000,0.086,-0.231
282.43,0.105,0,0.387,0.409,1,0.000,0.000,0.000,0.000,0.000,0.000,0.086,-0.231
282.63,0.105,0,0.387,0.409,1,0.000,0.000,0.000,0.000,0.000,0.000,0.082,-0.220
282.83,0.106,0,0.387,0.409,1,0.000,0.000,0.000,0.000,0.000,0.000,0.085,-0.227
283.03,0.105,0,0.387,0.409,1,0.000,0.000,0.000,0.000,0.000,0.000,0.086,-0.223
283.23,0.106,0,0.387,0.409,1,0.000,0.000,0.000,0.000,0.000,0.000,0.087,-0.227
283.43,0.106,0,0.387,0.409,1,0.000,0.000,0.000,0.000,0.000,0.000,0.087,-0.227
283.63,0.106,0,0.383,0.409,1,0.000,0.000,0.000,0.000,0.000,0.000,0.085,-0.228
283.83,0.108,0,0.383,0.409,1,0.000,0.000,0.000,0.000,0.000,0.000,0.081,-0.228
284.03,0.106,0,0.383,0.409,1,0.000,0.000,0.000,0.000,0.000,0.000,0.089,-0.227
284.23,0.108,0,0.384,0.409,1,0.000,0.000,0.000,0.000,0.000,0.000,0.089,-0.229
284.43,0.108,0,0.384,0.409,1,0.000,0.000,0.000,0.000,0.000,0.000,0.089,-0.229
284.63,0.106,0,0.386,0.409,1,0.000,0.000,0.000,0.000,0.000,0.000,0.086,-0.221
284.83,0.108,0,0.386,0.409,1,0.000,0.000,0.000,0.000,0.000,0.000,0.084,-0.225
285.03,0.105,0,0.386,0.409,1,0.000,0.000,0.000,0.000,0.000,0.000,0.088,-0.225
285.23,0.105,0,0.386,0.409,1,0.000,0.000,0.000,0.000,0.000,0.000,0.085,-0.219
285.43,0.105,0,0.386,0.409,1,0.000,0.000,0.000,0.000,0.000,0.000,0.085,-0.219
285.63,0.105,0,0.386,0.409,1,0.000,0.000,0.000,0.000,0.000,0.000,0.087,-0.221
285.83,0.106,0,0.386,0.409,1,0.000,0.000,0.000,0.000,0.000,0.000,0.091,-0.220
286.03,0.105,0,0.386,0.409,1,0.000,0.000,0.000,0.000,0.000,0.000,0.088,-0.221
286.23,0.105,0,0.382,0.409,1,0.000,0.000,0.000,0.000,0.000,0.000,0.086,-0.222
286.43,0.105,0,0.382,0.409,1,0.000,0.000,0.000,0.000,0.000,0.000,0.086,-0.222
286.63,0.105,0,0.384,0.409,1,0.000,0.000,0.000,0.000,0.000,0.000,0.082,-0.226
