[    0.0s] === run started 20260723_051534 ===
[    6.3s] CAMERA/LIDAR DISAGREE - lidar=0.69 m  camera=0.42 m  delta=-0.27 m  CAMERA SEES CLOSER - lidar may be missing this obstacle
[    8.8s] CAMERA/LIDAR DISAGREE - lidar=0.70 m  camera=0.42 m  delta=-0.28 m  CAMERA SEES CLOSER - lidar may be missing this obstacle
[   11.8s] CAMERA/LIDAR DISAGREE - lidar=0.89 m  camera=0.42 m  delta=-0.47 m  CAMERA SEES CLOSER - lidar may be missing this obstacle
[   16.3s] CAMERA/LIDAR DISAGREE - lidar=0.89 m  camera=0.42 m  delta=-0.47 m  CAMERA SEES CLOSER - lidar may be missing this obstacle
[   17.8s] CAMERA/LIDAR DISAGREE - lidar=0.89 m  camera=0.42 m  delta=-0.46 m  CAMERA SEES CLOSER - lidar may be missing this obstacle
[   22.3s] CAMERA/LIDAR DISAGREE - lidar=0.75 m  camera=0.46 m  delta=-0.29 m  CAMERA SEES CLOSER - lidar may be missing this obstacle
[   22.8s] CAMERA/LIDAR DISAGREE - lidar=0.97 m  camera=0.43 m  delta=-0.54 m  CAMERA SEES CLOSER - lidar may be missing this obstacle
[   29.8s] CAMERA/LIDAR DISAGREE - lidar=0.86 m  camera=0.59 m  delta=-0.28 m  CAMERA SEES CLOSER - lidar may be missing this obstacle
[   40.8s] CAMERA/LIDAR DISAGREE - lidar=0.78 m  camera=0.56 m  delta=-0.22 m  CAMERA SEES CLOSER - lidar may be missing this obstacle
[   50.8s] CAMERA/LIDAR DISAGREE - lidar=0.92 m  camera=0.48 m  delta=-0.44 m  CAMERA SEES CLOSER - lidar may be missing this obstacle
[   51.3s] CAMERA/LIDAR DISAGREE - lidar=0.92 m  camera=0.47 m  delta=-0.45 m  CAMERA SEES CLOSER - lidar may be missing this obstacle
[   51.8s] CAMERA/LIDAR DISAGREE - lidar=0.92 m  camera=0.48 m  delta=-0.45 m  CAMERA SEES CLOSER - lidar may be missing this obstacle
[   52.3s] CAMERA/LIDAR DISAGREE - lidar=0.92 m  camera=0.47 m  delta=-0.45 m  CAMERA SEES CLOSER - lidar may be missing this obstacle
[   52.8s] CAMERA/LIDAR DISAGREE - lidar=0.93 m  camera=0.48 m  delta=-0.45 m  CAMERA SEES CLOSER - lidar may be missing this obstacle
[   53.3s] CAMERA/LIDAR DISAGREE - lidar=0.93 m  camera=0.48 m  delta=-0.45 m  CAMERA SEES CLOSER - lidar may be missing this obstacle
[   53.8s] CAMERA/LIDAR DISAGREE - lidar=0.93 m  camera=0.47 m  delta=-0.45 m  CAMERA SEES CLOSER - lidar may be missing this obstacle
[   54.3s] CAMERA/LIDAR DISAGREE - lidar=0.93 m  camera=0.47 m  delta=-0.46 m  CAMERA SEES CLOSER - lidar may be missing this obstacle
[   54.8s] CAMERA/LIDAR DISAGREE - lidar=0.93 m  camera=0.47 m  delta=-0.46 m  CAMERA SEES CLOSER - lidar may be missing this obstacle
[   55.3s] CAMERA/LIDAR DISAGREE - lidar=0.94 m  camera=0.47 m  delta=-0.47 m  CAMERA SEES CLOSER - lidar may be missing this obstacle
[   55.8s] CAMERA/LIDAR DISAGREE - lidar=0.94 m  camera=0.48 m  delta=-0.46 m  CAMERA SEES CLOSER - lidar may be missing this obstacle
[   56.3s] CAMERA/LIDAR DISAGREE - lidar=0.94 m  camera=0.47 m  delta=-0.47 m  CAMERA SEES CLOSER - lidar may be missing this obstacle
[   56.8s] CAMERA/LIDAR DISAGREE - lidar=0.95 m  camera=0.47 m  delta=-0.47 m  CAMERA SEES CLOSER - lidar may be missing this obstacle
[   57.3s] CAMERA/LIDAR DISAGREE - lidar=0.95 m  camera=0.48 m  delta=-0.47 m  CAMERA SEES CLOSER - lidar may be missing this obstacle
[   57.8s] CAMERA/LIDAR DISAGREE - lidar=0.95 m  camera=0.47 m  delta=-0.47 m  CAMERA SEES CLOSER - lidar may be missing this obstacle
[   58.3s] CAMERA/LIDAR DISAGREE - lidar=0.95 m  camera=0.48 m  delta=-0.47 m  CAMERA SEES CLOSER - lidar may be missing this obstacle
[   58.8s] CAMERA/LIDAR DISAGREE - lidar=0.97 m  camera=0.47 m  delta=-0.50 m  CAMERA SEES CLOSER - lidar may be missing this obstacle
[   59.3s] CAMERA/LIDAR DISAGREE - lidar=0.98 m  camera=0.48 m  delta=-0.50 m  CAMERA SEES CLOSER - lidar may be missing this obstacle
[   59.8s] CAMERA/LIDAR DISAGREE - lidar=1.03 m  camera=0.47 m  delta=-0.55 m  CAMERA SEES CLOSER - lidar may be missing this obstacle
[   60.3s] CAMERA/LIDAR DISAGREE - lidar=1.12 m  camera=0.47 m  delta=-0.64 m  CAMERA SEES CLOSER - lidar may be missing this obstacle
[   60.8s] CAMERA/LIDAR DISAGREE - lidar=1.13 m  camera=0.47 m  delta=-0.66 m  CAMERA SEES CLOSER - lidar may be missing this obstacle
[   61.3s] CAMERA/LIDAR DISAGREE - lidar=1.13 m  camera=0.47 m  delta=-0.65 m  CAMERA SEES CLOSER - lidar may be missing this obstacle
[   61.8s] CAMERA/LIDAR DISAGREE - lidar=1.12 m  camera=0.47 m  delta=-0.64 m  CAMERA SEES CLOSER - lidar may be missing this obstacle
[   62.3s] CAMERA/LIDAR DISAGREE - lidar=1.12 m  camera=0.47 m  delta=-0.65 m  CAMERA SEES CLOSER - lidar may be missing this obstacle
[   62.8s] CAMERA/LIDAR DISAGREE - lidar=1.12 m  camera=0.47 m  delta=-0.64 m  CAMERA SEES CLOSER - lidar may be missing this obstacle
[   63.3s] CAMERA/LIDAR DISAGREE - lidar=1.11 m  camera=0.47 m  delta=-0.64 m  CAMERA SEES CLOSER - lidar may be missing this obstacle
[   63.8s] CAMERA/LIDAR DISAGREE - lidar=1.10 m  camera=0.47 m  delta=-0.63 m  CAMERA SEES CLOSER - lidar may be missing this obstacle
[   64.3s] CAMERA/LIDAR DISAGREE - lidar=1.10 m  camera=0.47 m  delta=-0.62 m  CAMERA SEES CLOSER - lidar may be missing this obstacle
[   64.8s] CAMERA/LIDAR DISAGREE - lidar=1.08 m  camera=0.47 m  delta=-0.61 m  CAMERA SEES CLOSER - lidar may be missing this obstacle
[   65.3s] CAMERA/LIDAR DISAGREE - lidar=1.09 m  camera=0.47 m  delta=-0.62 m  CAMERA SEES CLOSER - lidar may be missing this obstacle
[   65.8s] CAMERA/LIDAR DISAGREE - lidar=1.09 m  camera=0.48 m  delta=-0.61 m  CAMERA SEES CLOSER - lidar may be missing this obstacle
[   66.3s] CAMERA/LIDAR DISAGREE - lidar=1.09 m  camera=0.47 m  delta=-0.61 m  CAMERA SEES CLOSER - lidar may be missing this obstacle
[   66.8s] CAMERA/LIDAR DISAGREE - lidar=1.09 m  camera=0.47 m  delta=-0.62 m  CAMERA SEES CLOSER - lidar may be missing this obstacle
[   67.3s] CAMERA/LIDAR DISAGREE - lidar=1.09 m  camera=0.47 m  delta=-0.62 m  CAMERA SEES CLOSER - lidar may be missing this obstacle
[   67.8s] CAMERA/LIDAR DISAGREE - lidar=1.09 m  camera=0.47 m  delta=-0.61 m  CAMERA SEES CLOSER - lidar may be missing this obstacle
[   68.3s] CAMERA/LIDAR DISAGREE - lidar=1.09 m  camera=0.47 m  delta=-0.61 m  CAMERA SEES CLOSER - lidar may be missing this obstacle
[   68.8s] CAMERA/LIDAR DISAGREE - lidar=1.07 m  camera=0.47 m  delta=-0.60 m  CAMERA SEES CLOSER - lidar may be missing this obstacle
[   69.3s] CAMERA/LIDAR DISAGREE - lidar=1.05 m  camera=0.47 m  delta=-0.57 m  CAMERA SEES CLOSER - lidar may be missing this obstacle
[   69.8s] CAMERA/LIDAR DISAGREE - lidar=1.02 m  camera=0.47 m  delta=-0.55 m  CAMERA SEES CLOSER - lidar may be missing this obstacle
[   70.3s] CAMERA/LIDAR DISAGREE - lidar=1.03 m  camera=0.47 m  delta=-0.55 m  CAMERA SEES CLOSER - lidar may be missing this obstacle
[   70.8s] CAMERA/LIDAR DISAGREE - lidar=1.04 m  camera=0.47 m  delta=-0.57 m  CAMERA SEES CLOSER - lidar may be missing this obstacle
[   71.3s] CAMERA/LIDAR DISAGREE - lidar=1.06 m  camera=0.47 m  delta=-0.59 m  CAMERA SEES CLOSER - lidar may be missing this obstacle
[   71.8s] CAMERA/LIDAR DISAGREE - lidar=1.07 m  camera=0.47 m  delta=-0.59 m  CAMERA SEES CLOSER - lidar may be missing this obstacle
[   72.3s] CAMERA/LIDAR DISAGREE - lidar=1.07 m  camera=0.47 m  delta=-0.60 m  CAMERA SEES CLOSER - lidar may be missing this obstacle
[   72.8s] CAMERA/LIDAR DISAGREE - lidar=1.07 m  camera=0.47 m  delta=-0.60 m  CAMERA SEES CLOSER - lidar may be missing this obstacle
[   73.3s] CAMERA/LIDAR DISAGREE - lidar=1.07 m  camera=0.47 m  delta=-0.59 m  CAMERA SEES CLOSER - lidar may be missing this obstacle
[   73.8s] CAMERA/LIDAR DISAGREE - lidar=1.06 m  camera=0.47 m  delta=-0.59 m  CAMERA SEES CLOSER - lidar may be missing this obstacle
[   74.3s] CAMERA/LIDAR DISAGREE - lidar=1.06 m  camera=0.47 m  delta=-0.59 m  CAMERA SEES CLOSER - lidar may be missing this obstacle
[   74.8s] CAMERA/LIDAR DISAGREE - lidar=1.07 m  camera=0.47 m  delta=-0.60 m  CAMERA SEES CLOSER - lidar may be missing this obstacle
[   75.3s] CAMERA/LIDAR DISAGREE - lidar=1.07 m  camera=0.47 m  delta=-0.59 m  CAMERA SEES CLOSER - lidar may be missing this obstacle
[   75.8s] CAMERA/LIDAR DISAGREE - lidar=1.07 m  camera=0.47 m  delta=-0.60 m  CAMERA SEES CLOSER - lidar may be missing this obstacle
[   76.3s] CAMERA/LIDAR DISAGREE - lidar=1.06 m  camera=0.47 m  delta=-0.59 m  CAMERA SEES CLOSER - lidar may be missing this obstacle
[   76.8s] CAMERA/LIDAR DISAGREE - lidar=1.07 m  camera=0.47 m  delta=-0.59 m  CAMERA SEES CLOSER - lidar may be missing this obstacle
[   77.3s] CAMERA/LIDAR DISAGREE - lidar=1.06 m  camera=0.47 m  delta=-0.59 m  CAMERA SEES CLOSER - lidar may be missing this obstacle
[   77.8s] CAMERA/LIDAR DISAGREE - lidar=1.06 m  camera=0.47 m  delta=-0.59 m  CAMERA SEES CLOSER - lidar may be missing this obstacle
[   78.3s] CAMERA/LIDAR DISAGREE - lidar=1.05 m  camera=0.47 m  delta=-0.58 m  CAMERA SEES CLOSER - lidar may be missing this obstacle
[   78.8s] CAMERA/LIDAR DISAGREE - lidar=1.03 m  camera=0.47 m  delta=-0.56 m  CAMERA SEES CLOSER - lidar may be missing this obstacle
[   79.3s] CAMERA/LIDAR DISAGREE - lidar=1.03 m  camera=0.47 m  delta=-0.55 m  CAMERA SEES CLOSER - lidar may be missing this obstacle
[   79.8s] CAMERA/LIDAR DISAGREE - lidar=1.03 m  camera=0.47 m  delta=-0.56 m  CAMERA SEES CLOSER - lidar may be missing this obstacle
[   80.3s] CAMERA/LIDAR DISAGREE - lidar=1.03 m  camera=0.47 m  delta=-0.55 m  CAMERA SEES CLOSER - lidar may be missing this obstacle
[   80.8s] CAMERA/LIDAR DISAGREE - lidar=1.03 m  camera=0.47 m  delta=-0.56 m  CAMERA SEES CLOSER - lidar may be missing this obstacle
[   81.3s] CAMERA/LIDAR DISAGREE - lidar=1.01 m  camera=0.47 m  delta=-0.53 m  CAMERA SEES CLOSER - lidar may be missing this obstacle
[   81.8s] CAMERA/LIDAR DISAGREE - lidar=1.00 m  camera=0.47 m  delta=-0.52 m  CAMERA SEES CLOSER - lidar may be missing this obstacle
[   82.3s] CAMERA/LIDAR DISAGREE - lidar=1.00 m  camera=0.48 m  delta=-0.52 m  CAMERA SEES CLOSER - lidar may be missing this obstacle
[   82.8s] CAMERA/LIDAR DISAGREE - lidar=1.00 m  camera=0.48 m  delta=-0.52 m  CAMERA SEES CLOSER - lidar may be missing this obstacle
[   83.3s] CAMERA/LIDAR DISAGREE - lidar=0.99 m  camera=0.47 m  delta=-0.52 m  CAMERA SEES CLOSER - lidar may be missing this obstacle
[   83.8s] CAMERA/LIDAR DISAGREE - lidar=1.01 m  camera=0.47 m  delta=-0.53 m  CAMERA SEES CLOSER - lidar may be missing this obstacle
[   84.3s] CAMERA/LIDAR DISAGREE - lidar=1.04 m  camera=0.47 m  delta=-0.56 m  CAMERA SEES CLOSER - lidar may be missing this obstacle
[   84.8s] CAMERA/LIDAR DISAGREE - lidar=1.06 m  camera=0.47 m  delta=-0.58 m  CAMERA SEES CLOSER - lidar may be missing this obstacle
[   85.3s] CAMERA/LIDAR DISAGREE - lidar=1.07 m  camera=0.47 m  delta=-0.59 m  CAMERA SEES CLOSER - lidar may be missing this obstacle
[   85.8s] CAMERA/LIDAR DISAGREE - lidar=1.10 m  camera=0.47 m  delta=-0.63 m  CAMERA SEES CLOSER - lidar may be missing this obstacle
[   86.3s] CAMERA/LIDAR DISAGREE - lidar=1.18 m  camera=0.48 m  delta=-0.70 m  CAMERA SEES CLOSER - lidar may be missing this obstacle
[   86.8s] CAMERA/LIDAR DISAGREE - lidar=1.25 m  camera=0.48 m  delta=-0.77 m  CAMERA SEES CLOSER - lidar may be missing this obstacle
[   87.3s] CAMERA/LIDAR DISAGREE - lidar=1.39 m  camera=0.48 m  delta=-0.91 m  CAMERA SEES CLOSER - lidar may be missing this obstacle
[   87.8s] CAMERA/LIDAR DISAGREE - lidar=1.53 m  camera=0.48 m  delta=-1.05 m  CAMERA SEES CLOSER - lidar may be missing this obstacle
[   88.3s] CAMERA/LIDAR DISAGREE - lidar=1.60 m  camera=0.48 m  delta=-1.13 m  CAMERA SEES CLOSER - lidar may be missing this obstacle
[   88.8s] CAMERA/LIDAR DISAGREE - lidar=1.36 m  camera=0.48 m  delta=-0.88 m  CAMERA SEES CLOSER - lidar may be missing this obstacle
[   89.3s] CAMERA/LIDAR DISAGREE - lidar=1.16 m  camera=0.48 m  delta=-0.68 m  CAMERA SEES CLOSER - lidar may be missing this obstacle
[   89.8s] CAMERA/LIDAR DISAGREE - lidar=1.10 m  camera=0.48 m  delta=-0.63 m  CAMERA SEES CLOSER - lidar may be missing this obstacle
[   90.3s] CAMERA/LIDAR DISAGREE - lidar=1.25 m  camera=0.48 m  delta=-0.77 m  CAMERA SEES CLOSER - lidar may be missing this obstacle
[   90.8s] CAMERA/LIDAR DISAGREE - lidar=1.27 m  camera=0.48 m  delta=-0.79 m  CAMERA SEES CLOSER - lidar may be missing this obstacle
[   91.3s] CAMERA/LIDAR DISAGREE - lidar=1.09 m  camera=0.48 m  delta=-0.61 m  CAMERA SEES CLOSER - lidar may be missing this obstacle
[   91.8s] CAMERA/LIDAR DISAGREE - lidar=0.86 m  camera=0.48 m  delta=-0.37 m  CAMERA SEES CLOSER - lidar may be missing this obstacle
[   92.3s] CAMERA/LIDAR DISAGREE - lidar=0.98 m  camera=0.48 m  delta=-0.50 m  CAMERA SEES CLOSER - lidar may be missing this obstacle
[   92.8s] CAMERA/LIDAR DISAGREE - lidar=1.04 m  camera=0.48 m  delta=-0.56 m  CAMERA SEES CLOSER - lidar may be missing this obstacle
[   93.3s] CAMERA/LIDAR DISAGREE - lidar=1.06 m  camera=0.48 m  delta=-0.58 m  CAMERA SEES CLOSER - lidar may be missing this obstacle
[   93.8s] CAMERA/LIDAR DISAGREE - lidar=1.05 m  camera=0.48 m  delta=-0.57 m  CAMERA SEES CLOSER - lidar may be missing this obstacle
[   94.3s] CAMERA/LIDAR DISAGREE - lidar=1.05 m  camera=0.48 m  delta=-0.58 m  CAMERA SEES CLOSER - lidar may be missing this obstacle
[   94.8s] CAMERA/LIDAR DISAGREE - lidar=1.04 m  camera=0.48 m  delta=-0.56 m  CAMERA SEES CLOSER - lidar may be missing this obstacle
[   95.3s] CAMERA/LIDAR DISAGREE - lidar=1.05 m  camera=0.48 m  delta=-0.57 m  CAMERA SEES CLOSER - lidar may be missing this obstacle
[   95.8s] CAMERA/LIDAR DISAGREE - lidar=1.03 m  camera=0.48 m  delta=-0.55 m  CAMERA SEES CLOSER - lidar may be missing this obstacle
[   96.3s] CAMERA/LIDAR DISAGREE - lidar=1.08 m  camera=0.48 m  delta=-0.60 m  CAMERA SEES CLOSER - lidar may be missing this obstacle
[   96.8s] CAMERA/LIDAR DISAGREE - lidar=1.16 m  camera=0.48 m  delta=-0.68 m  CAMERA SEES CLOSER - lidar may be missing this obstacle
[   97.3s] CAMERA/LIDAR DISAGREE - lidar=1.33 m  camera=0.48 m  delta=-0.86 m  CAMERA SEES CLOSER - lidar may be missing this obstacle
[   97.8s] CAMERA/LIDAR DISAGREE - lidar=1.43 m  camera=0.48 m  delta=-0.96 m  CAMERA SEES CLOSER - lidar may be missing this obstacle
[   98.3s] CAMERA/LIDAR DISAGREE - lidar=1.42 m  camera=0.48 m  delta=-0.95 m  CAMERA SEES CLOSER - lidar may be missing this obstacle
[   98.8s] CAMERA/LIDAR DISAGREE - lidar=1.41 m  camera=0.48 m  delta=-0.93 m  CAMERA SEES CLOSER - lidar may be missing this obstacle
[   99.3s] CAMERA/LIDAR DISAGREE - lidar=1.43 m  camera=0.48 m  delta=-0.95 m  CAMERA SEES CLOSER - lidar may be missing this obstacle
[   99.8s] CAMERA/LIDAR DISAGREE - lidar=1.41 m  camera=0.48 m  delta=-0.94 m  CAMERA SEES CLOSER - lidar may be missing this obstacle
[  100.3s] CAMERA/LIDAR DISAGREE - lidar=1.44 m  camera=0.48 m  delta=-0.96 m  CAMERA SEES CLOSER - lidar may be missing this obstacle
[  100.8s] CAMERA/LIDAR DISAGREE - lidar=1.45 m  camera=0.48 m  delta=-0.97 m  CAMERA SEES CLOSER - lidar may be missing this obstacle
[  101.3s] CAMERA/LIDAR DISAGREE - lidar=1.36 m  camera=0.48 m  delta=-0.89 m  CAMERA SEES CLOSER - lidar may be missing this obstacle
[  101.8s] CAMERA/LIDAR DISAGREE - lidar=1.32 m  camera=0.48 m  delta=-0.85 m  CAMERA SEES CLOSER - lidar may be missing this obstacle
[  102.3s] CAMERA/LIDAR DISAGREE - lidar=1.25 m  camera=0.48 m  delta=-0.78 m  CAMERA SEES CLOSER - lidar may be missing this obstacle
[  102.8s] CAMERA/LIDAR DISAGREE - lidar=1.23 m  camera=0.48 m  delta=-0.75 m  CAMERA SEES CLOSER - lidar may be missing this obstacle
[  103.3s] CAMERA/LIDAR DISAGREE - lidar=1.23 m  camera=0.48 m  delta=-0.75 m  CAMERA SEES CLOSER - lidar may be missing this obstacle
[  103.8s] CAMERA/LIDAR DISAGREE - lidar=1.30 m  camera=0.48 m  delta=-0.82 m  CAMERA SEES CLOSER - lidar may be missing this obstacle
[  104.3s] CAMERA/LIDAR DISAGREE - lidar=1.33 m  camera=0.48 m  delta=-0.85 m  CAMERA SEES CLOSER - lidar may be missing this obstacle
[  104.8s] CAMERA/LIDAR DISAGREE - lidar=1.38 m  camera=0.48 m  delta=-0.90 m  CAMERA SEES CLOSER - lidar may be missing this obstacle
[  105.3s] CAMERA/LIDAR DISAGREE - lidar=1.28 m  camera=0.48 m  delta=-0.81 m  CAMERA SEES CLOSER - lidar may be missing this obstacle
[  105.8s] CAMERA/LIDAR DISAGREE - lidar=1.23 m  camera=0.48 m  delta=-0.75 m  CAMERA SEES CLOSER - lidar may be missing this obstacle
[  106.3s] CAMERA/LIDAR DISAGREE - lidar=1.21 m  camera=0.48 m  delta=-0.73 m  CAMERA SEES CLOSER - lidar may be missing this obstacle
[  106.8s] CAMERA/LIDAR DISAGREE - lidar=1.20 m  camera=0.48 m  delta=-0.72 m  CAMERA SEES CLOSER - lidar may be missing this obstacle
[  107.3s] CAMERA/LIDAR DISAGREE - lidar=1.19 m  camera=0.48 m  delta=-0.71 m  CAMERA SEES CLOSER - lidar may be missing this obstacle
[  107.8s] CAMERA/LIDAR DISAGREE - lidar=1.17 m  camera=0.48 m  delta=-0.69 m  CAMERA SEES CLOSER - lidar may be missing this obstacle
[  108.3s] CAMERA/LIDAR DISAGREE - lidar=1.14 m  camera=0.48 m  delta=-0.67 m  CAMERA SEES CLOSER - lidar may be missing this obstacle
[  108.8s] CAMERA/LIDAR DISAGREE - lidar=1.26 m  camera=0.48 m  delta=-0.78 m  CAMERA SEES CLOSER - lidar may be missing this obstacle
[  109.3s] CAMERA/LIDAR DISAGREE - lidar=1.35 m  camera=0.48 m  delta=-0.88 m  CAMERA SEES CLOSER - lidar may be missing this obstacle
[  109.8s] CAMERA/LIDAR DISAGREE - lidar=1.41 m  camera=0.48 m  delta=-0.93 m  CAMERA SEES CLOSER - lidar may be missing this obstacle
[  110.3s] CAMERA/LIDAR DISAGREE - lidar=1.38 m  camera=0.48 m  delta=-0.90 m  CAMERA SEES CLOSER - lidar may be missing this obstacle
[  110.8s] CAMERA/LIDAR DISAGREE - lidar=1.31 m  camera=0.48 m  delta=-0.84 m  CAMERA SEES CLOSER - lidar may be missing this obstacle
[  111.3s] CAMERA/LIDAR DISAGREE - lidar=1.19 m  camera=0.48 m  delta=-0.71 m  CAMERA SEES CLOSER - lidar may be missing this obstacle
[  111.8s] CAMERA/LIDAR DISAGREE - lidar=1.11 m  camera=0.48 m  delta=-0.63 m  CAMERA SEES CLOSER - lidar may be missing this obstacle
[  112.3s] CAMERA/LIDAR DISAGREE - lidar=1.05 m  camera=0.48 m  delta=-0.57 m  CAMERA SEES CLOSER - lidar may be missing this obstacle
[  112.8s] CAMERA/LIDAR DISAGREE - lidar=1.04 m  camera=0.48 m  delta=-0.56 m  CAMERA SEES CLOSER - lidar may be missing this obstacle
[  113.3s] CAMERA/LIDAR DISAGREE - lidar=1.05 m  camera=0.48 m  delta=-0.58 m  CAMERA SEES CLOSER - lidar may be missing this obstacle
[  113.8s] CAMERA/LIDAR DISAGREE - lidar=1.10 m  camera=0.48 m  delta=-0.63 m  CAMERA SEES CLOSER - lidar may be missing this obstacle
[  114.3s] CAMERA/LIDAR DISAGREE - lidar=1.13 m  camera=0.48 m  delta=-0.65 m  CAMERA SEES CLOSER - lidar may be missing this obstacle
[  114.8s] CAMERA/LIDAR DISAGREE - lidar=1.16 m  camera=0.48 m  delta=-0.68 m  CAMERA SEES CLOSER - lidar may be missing this obstacle
[  115.3s] CAMERA/LIDAR DISAGREE - lidar=1.14 m  camera=0.48 m  delta=-0.66 m  CAMERA SEES CLOSER - lidar may be missing this obstacle
[  115.8s] CAMERA/LIDAR DISAGREE - lidar=1.10 m  camera=0.48 m  delta=-0.62 m  CAMERA SEES CLOSER - lidar may be missing this obstacle
[  116.3s] CAMERA/LIDAR DISAGREE - lidar=1.10 m  camera=0.48 m  delta=-0.63 m  CAMERA SEES CLOSER - lidar may be missing this obstacle
[  116.8s] CAMERA/LIDAR DISAGREE - lidar=1.15 m  camera=0.48 m  delta=-0.67 m  CAMERA SEES CLOSER - lidar may be missing this obstacle
[  117.3s] CAMERA/LIDAR DISAGREE - lidar=1.08 m  camera=0.48 m  delta=-0.60 m  CAMERA SEES CLOSER - lidar may be missing this obstacle
[  117.8s] CAMERA/LIDAR DISAGREE - lidar=0.93 m  camera=0.48 m  delta=-0.46 m  CAMERA SEES CLOSER - lidar may be missing this obstacle
[  118.3s] CAMERA/LIDAR DISAGREE - lidar=0.84 m  camera=0.48 m  delta=-0.36 m  CAMERA SEES CLOSER - lidar may be missing this obstacle
[  118.8s] CAMERA/LIDAR DISAGREE - lidar=0.95 m  camera=0.48 m  delta=-0.47 m  CAMERA SEES CLOSER - lidar may be missing this obstacle
[  119.3s] CAMERA/LIDAR DISAGREE - lidar=1.02 m  camera=0.48 m  delta=-0.55 m  CAMERA SEES CLOSER - lidar may be missing this obstacle
[  119.8s] CAMERA/LIDAR DISAGREE - lidar=0.98 m  camera=0.48 m  delta=-0.50 m  CAMERA SEES CLOSER - lidar may be missing this obstacle
[  120.3s] CAMERA/LIDAR DISAGREE - lidar=0.92 m  camera=0.48 m  delta=-0.44 m  CAMERA SEES CLOSER - lidar may be missing this obstacle
[  120.8s] CAMERA/LIDAR DISAGREE - lidar=0.88 m  camera=0.48 m  delta=-0.40 m  CAMERA SEES CLOSER - lidar may be missing this obstacle
[  121.3s] CAMERA/LIDAR DISAGREE - lidar=0.86 m  camera=0.48 m  delta=-0.38 m  CAMERA SEES CLOSER - lidar may be missing this obstacle
[  121.8s] CAMERA/LIDAR DISAGREE - lidar=0.86 m  camera=0.48 m  delta=-0.38 m  CAMERA SEES CLOSER - lidar may be missing this obstacle
[  122.3s] CAMERA/LIDAR DISAGREE - lidar=0.86 m  camera=0.48 m  delta=-0.38 m  CAMERA SEES CLOSER - lidar may be missing this obstacle
[  122.8s] CAMERA/LIDAR DISAGREE - lidar=0.86 m  camera=0.48 m  delta=-0.38 m  CAMERA SEES CLOSER - lidar may be missing this obstacle
[  123.3s] CAMERA/LIDAR DISAGREE - lidar=0.86 m  camera=0.48 m  delta=-0.38 m  CAMERA SEES CLOSER - lidar may be missing this obstacle
[  123.8s] CAMERA/LIDAR DISAGREE - lidar=0.86 m  camera=0.48 m  delta=-0.38 m  CAMERA SEES CLOSER - lidar may be missing this obstacle
[  124.3s] CAMERA/LIDAR DISAGREE - lidar=0.88 m  camera=0.48 m  delta=-0.40 m  CAMERA SEES CLOSER - lidar may be missing this obstacle
[  124.8s] CAMERA/LIDAR DISAGREE - lidar=0.96 m  camera=0.48 m  delta=-0.48 m  CAMERA SEES CLOSER - lidar may be missing this obstacle
[  125.3s] CAMERA/LIDAR DISAGREE - lidar=0.97 m  camera=0.48 m  delta=-0.50 m  CAMERA SEES CLOSER - lidar may be missing this obstacle
[  125.8s] CAMERA/LIDAR DISAGREE - lidar=0.94 m  camera=0.48 m  delta=-0.47 m  CAMERA SEES CLOSER - lidar may be missing this obstacle
[  126.3s] CAMERA/LIDAR DISAGREE - lidar=0.89 m  camera=0.48 m  delta=-0.41 m  CAMERA SEES CLOSER - lidar may be missing this obstacle
[  126.8s] CAMERA/LIDAR DISAGREE - lidar=0.91 m  camera=0.48 m  delta=-0.43 m  CAMERA SEES CLOSER - lidar may be missing this obstacle
[  127.3s] CAMERA/LIDAR DISAGREE - lidar=0.99 m  camera=0.48 m  delta=-0.51 m  CAMERA SEES CLOSER - lidar may be missing this obstacle
[  127.8s] CAMERA/LIDAR DISAGREE - lidar=1.02 m  camera=0.48 m  delta=-0.55 m  CAMERA SEES CLOSER - lidar may be missing this obstacle
[  128.3s] CAMERA/LIDAR DISAGREE - lidar=1.04 m  camera=0.48 m  delta=-0.56 m  CAMERA SEES CLOSER - lidar may be missing this obstacle
[  128.8s] CAMERA/LIDAR DISAGREE - lidar=1.05 m  camera=0.48 m  delta=-0.58 m  CAMERA SEES CLOSER - lidar may be missing this obstacle
[  129.3s] CAMERA/LIDAR DISAGREE - lidar=1.06 m  camera=0.48 m  delta=-0.58 m  CAMERA SEES CLOSER - lidar may be missing this obstacle
[  129.8s] CAMERA/LIDAR DISAGREE - lidar=1.08 m  camera=0.48 m  delta=-0.60 m  CAMERA SEES CLOSER - lidar may be missing this obstacle
[  130.3s] CAMERA/LIDAR DISAGREE - lidar=1.14 m  camera=0.48 m  delta=-0.66 m  CAMERA SEES CLOSER - lidar may be missing this obstacle
[  130.8s] CAMERA/LIDAR DISAGREE - lidar=1.14 m  camera=0.48 m  delta=-0.66 m  CAMERA SEES CLOSER - lidar may be missing this obstacle
[  131.3s] CAMERA/LIDAR DISAGREE - lidar=1.13 m  camera=0.48 m  delta=-0.65 m  CAMERA SEES CLOSER - lidar may be missing this obstacle
[  131.8s] CAMERA/LIDAR DISAGREE - lidar=1.12 m  camera=0.48 m  delta=-0.65 m  CAMERA SEES CLOSER - lidar may be missing this obstacle
[  132.3s] CAMERA/LIDAR DISAGREE - lidar=1.11 m  camera=0.48 m  delta=-0.63 m  CAMERA SEES CLOSER - lidar may be missing this obstacle
[  132.8s] CAMERA/LIDAR DISAGREE - lidar=1.10 m  camera=0.48 m  delta=-0.62 m  CAMERA SEES CLOSER - lidar may be missing this obstacle
[  133.3s] CAMERA/LIDAR DISAGREE - lidar=1.10 m  camera=0.48 m  delta=-0.63 m  CAMERA SEES CLOSER - lidar may be missing this obstacle
[  133.8s] CAMERA/LIDAR DISAGREE - lidar=1.10 m  camera=0.48 m  delta=-0.63 m  CAMERA SEES CLOSER - lidar may be missing this obstacle
[  134.3s] CAMERA/LIDAR DISAGREE - lidar=1.12 m  camera=0.48 m  delta=-0.64 m  CAMERA SEES CLOSER - lidar may be missing this obstacle
[  134.8s] CAMERA/LIDAR DISAGREE - lidar=1.03 m  camera=0.48 m  delta=-0.55 m  CAMERA SEES CLOSER - lidar may be missing this obstacle
[  135.3s] CAMERA/LIDAR DISAGREE - lidar=0.83 m  camera=0.48 m  delta=-0.35 m  CAMERA SEES CLOSER - lidar may be missing this obstacle
[  135.8s] CAMERA/LIDAR DISAGREE - lidar=0.75 m  camera=0.48 m  delta=-0.27 m  CAMERA SEES CLOSER - lidar may be missing this obstacle
[  136.3s] CAMERA/LIDAR DISAGREE - lidar=0.76 m  camera=0.48 m  delta=-0.28 m  CAMERA SEES CLOSER - lidar may be missing this obstacle
[  136.8s] CAMERA/LIDAR DISAGREE - lidar=0.76 m  camera=0.48 m  delta=-0.28 m  CAMERA SEES CLOSER - lidar may be missing this obstacle
[  137.3s] CAMERA/LIDAR DISAGREE - lidar=0.76 m  camera=0.48 m  delta=-0.28 m  CAMERA SEES CLOSER - lidar may be missing this obstacle
[  137.8s] CAMERA/LIDAR DISAGREE - lidar=0.75 m  camera=0.48 m  delta=-0.27 m  CAMERA SEES CLOSER - lidar may be missing this obstacle
[  138.3s] CAMERA/LIDAR DISAGREE - lidar=0.75 m  camera=0.48 m  delta=-0.28 m  CAMERA SEES CLOSER - lidar may be missing this obstacle
[  138.8s] CAMERA/LIDAR DISAGREE - lidar=0.75 m  camera=0.48 m  delta=-0.27 m  CAMERA SEES CLOSER - lidar may be missing this obstacle
[  139.3s] CAMERA/LIDAR DISAGREE - lidar=0.75 m  camera=0.48 m  delta=-0.28 m  CAMERA SEES CLOSER - lidar may be missing this obstacle
[  139.8s] CAMERA/LIDAR DISAGREE - lidar=0.75 m  camera=0.48 m  delta=-0.27 m  CAMERA SEES CLOSER - lidar may be missing this obstacle
[  140.3s] CAMERA/LIDAR DISAGREE - lidar=0.75 m  camera=0.48 m  delta=-0.28 m  CAMERA SEES CLOSER - lidar may be missing this obstacle
[  140.8s] CAMERA/LIDAR DISAGREE - lidar=0.75 m  camera=0.48 m  delta=-0.27 m  CAMERA SEES CLOSER - lidar may be missing this obstacle
[  141.3s] CAMERA/LIDAR DISAGREE - lidar=0.75 m  camera=0.48 m  delta=-0.27 m  CAMERA SEES CLOSER - lidar may be missing this obstacle
[  141.8s] CAMERA/LIDAR DISAGREE - lidar=0.75 m  camera=0.48 m  delta=-0.27 m  CAMERA SEES CLOSER - lidar may be missing this obstacle
[  142.3s] CAMERA/LIDAR DISAGREE - lidar=0.75 m  camera=0.48 m  delta=-0.27 m  CAMERA SEES CLOSER - lidar may be missing this obstacle
[  142.8s] CAMERA/LIDAR DISAGREE - lidar=0.75 m  camera=0.48 m  delta=-0.27 m  CAMERA SEES CLOSER - lidar may be missing this obstacle
[  143.3s] CAMERA/LIDAR DISAGREE - lidar=0.75 m  camera=0.48 m  delta=-0.27 m  CAMERA SEES CLOSER - lidar may be missing this obstacle
[  143.8s] CAMERA/LIDAR DISAGREE - lidar=0.75 m  camera=0.48 m  delta=-0.27 m  CAMERA SEES CLOSER - lidar may be missing this obstacle
[  144.3s] CAMERA/LIDAR DISAGREE - lidar=0.75 m  camera=0.48 m  delta=-0.28 m  CAMERA SEES CLOSER - lidar may be missing this obstacle
[  144.8s] CAMERA/LIDAR DISAGREE - lidar=0.76 m  camera=0.48 m  delta=-0.29 m  CAMERA SEES CLOSER - lidar may be missing this obstacle
[  145.3s] CAMERA/LIDAR DISAGREE - lidar=0.75 m  camera=0.48 m  delta=-0.28 m  CAMERA SEES CLOSER - lidar may be missing this obstacle
[  145.8s] CAMERA/LIDAR DISAGREE - lidar=0.75 m  camera=0.48 m  delta=-0.27 m  CAMERA SEES CLOSER - lidar may be missing this obstacle
[  146.3s] CAMERA/LIDAR DISAGREE - lidar=0.75 m  camera=0.48 m  delta=-0.27 m  CAMERA SEES CLOSER - lidar may be missing this obstacle
[  146.8s] CAMERA/LIDAR DISAGREE - lidar=0.75 m  camera=0.48 m  delta=-0.28 m  CAMERA SEES CLOSER - lidar may be missing this obstacle
[  147.3s] CAMERA/LIDAR DISAGREE - lidar=0.75 m  camera=0.48 m  delta=-0.28 m  CAMERA SEES CLOSER - lidar may be missing this obstacle
[  147.8s] CAMERA/LIDAR DISAGREE - lidar=0.76 m  camera=0.48 m  delta=-0.28 m  CAMERA SEES CLOSER - lidar may be missing this obstacle
[  148.3s] CAMERA/LIDAR DISAGREE - lidar=0.76 m  camera=0.48 m  delta=-0.28 m  CAMERA SEES CLOSER - lidar may be missing this obstacle
[  148.8s] CAMERA/LIDAR DISAGREE - lidar=0.77 m  camera=0.48 m  delta=-0.29 m  CAMERA SEES CLOSER - lidar may be missing this obstacle
[  149.3s] CAMERA/LIDAR DISAGREE - lidar=0.77 m  camera=0.48 m  delta=-0.29 m  CAMERA SEES CLOSER - lidar may be missing this obstacle
[  149.8s] CAMERA/LIDAR DISAGREE - lidar=0.77 m  camera=0.48 m  delta=-0.29 m  CAMERA SEES CLOSER - lidar may be missing this obstacle
[  150.3s] CAMERA/LIDAR DISAGREE - lidar=0.76 m  camera=0.48 m  delta=-0.29 m  CAMERA SEES CLOSER - lidar may be missing this obstacle
[  150.8s] CAMERA/LIDAR DISAGREE - lidar=0.76 m  camera=0.48 m  delta=-0.28 m  CAMERA SEES CLOSER - lidar may be missing this obstacle
[  151.3s] CAMERA/LIDAR DISAGREE - lidar=0.76 m  camera=0.48 m  delta=-0.28 m  CAMERA SEES CLOSER - lidar may be missing this obstacle
[  151.8s] CAMERA/LIDAR DISAGREE - lidar=0.75 m  camera=0.48 m  delta=-0.28 m  CAMERA SEES CLOSER - lidar may be missing this obstacle
[  152.3s] CAMERA/LIDAR DISAGREE - lidar=0.75 m  camera=0.48 m  delta=-0.28 m  CAMERA SEES CLOSER - lidar may be missing this obstacle
[  152.8s] CAMERA/LIDAR DISAGREE - lidar=0.75 m  camera=0.48 m  delta=-0.27 m  CAMERA SEES CLOSER - lidar may be missing this obstacle
[  153.3s] CAMERA/LIDAR DISAGREE - lidar=0.75 m  camera=0.48 m  delta=-0.28 m  CAMERA SEES CLOSER - lidar may be missing this obstacle
[  153.8s] CAMERA/LIDAR DISAGREE - lidar=0.75 m  camera=0.48 m  delta=-0.27 m  CAMERA SEES CLOSER - lidar may be missing this obstacle
[  154.3s] CAMERA/LIDAR DISAGREE - lidar=0.76 m  camera=0.48 m  delta=-0.28 m  CAMERA SEES CLOSER - lidar may be missing this obstacle
[  154.8s] CAMERA/LIDAR DISAGREE - lidar=0.76 m  camera=0.48 m  delta=-0.28 m  CAMERA SEES CLOSER - lidar may be missing this obstacle
[  155.3s] CAMERA/LIDAR DISAGREE - lidar=0.75 m  camera=0.48 m  delta=-0.28 m  CAMERA SEES CLOSER - lidar may be missing this obstacle
[  155.8s] CAMERA/LIDAR DISAGREE - lidar=0.75 m  camera=0.48 m  delta=-0.28 m  CAMERA SEES CLOSER - lidar may be missing this obstacle
[  156.3s] CAMERA/LIDAR DISAGREE - lidar=0.76 m  camera=0.48 m  delta=-0.28 m  CAMERA SEES CLOSER - lidar may be missing this obstacle
[  156.8s] CAMERA/LIDAR DISAGREE - lidar=0.76 m  camera=0.48 m  delta=-0.28 m  CAMERA SEES CLOSER - lidar may be missing this obstacle
[  157.3s] CAMERA/LIDAR DISAGREE - lidar=0.75 m  camera=0.48 m  delta=-0.28 m  CAMERA SEES CLOSER - lidar may be missing this obstacle
[  157.8s] CAMERA/LIDAR DISAGREE - lidar=0.76 m  camera=0.48 m  delta=-0.28 m  CAMERA SEES CLOSER - lidar may be missing this obstacle
[  158.3s] CAMERA/LIDAR DISAGREE - lidar=0.76 m  camera=0.48 m  delta=-0.28 m  CAMERA SEES CLOSER - lidar may be missing this obstacle
[  158.8s] CAMERA/LIDAR DISAGREE - lidar=0.76 m  camera=0.48 m  delta=-0.28 m  CAMERA SEES CLOSER - lidar may be missing this obstacle
[  159.3s] CAMERA/LIDAR DISAGREE - lidar=0.77 m  camera=0.48 m  delta=-0.29 m  CAMERA SEES CLOSER - lidar may be missing this obstacle
[  159.8s] CAMERA/LIDAR DISAGREE - lidar=0.77 m  camera=0.48 m  delta=-0.29 m  CAMERA SEES CLOSER - lidar may be missing this obstacle
[  160.3s] CAMERA/LIDAR DISAGREE - lidar=0.77 m  camera=0.48 m  delta=-0.30 m  CAMERA SEES CLOSER - lidar may be missing this obstacle
[  160.8s] CAMERA/LIDAR DISAGREE - lidar=0.80 m  camera=0.48 m  delta=-0.32 m  CAMERA SEES CLOSER - lidar may be missing this obstacle
[  161.3s] CAMERA/LIDAR DISAGREE - lidar=0.90 m  camera=0.48 m  delta=-0.43 m  CAMERA SEES CLOSER - lidar may be missing this obstacle
[  161.8s] CAMERA/LIDAR DISAGREE - lidar=1.12 m  camera=0.48 m  delta=-0.65 m  CAMERA SEES CLOSER - lidar may be missing this obstacle
[  162.3s] CAMERA/LIDAR DISAGREE - lidar=1.12 m  camera=0.48 m  delta=-0.64 m  CAMERA SEES CLOSER - lidar may be missing this obstacle
[  162.8s] CAMERA/LIDAR DISAGREE - lidar=0.69 m  camera=0.48 m  delta=-0.21 m  CAMERA SEES CLOSER - lidar may be missing this obstacle
[  163.3s] CAMERA/LIDAR DISAGREE - lidar=0.88 m  camera=0.47 m  delta=-0.41 m  CAMERA SEES CLOSER - lidar may be missing this obstacle
[  163.8s] CAMERA/LIDAR DISAGREE - lidar=0.79 m  camera=0.48 m  delta=-0.31 m  CAMERA SEES CLOSER - lidar may be missing this obstacle
[  164.3s] CAMERA/LIDAR DISAGREE - lidar=0.77 m  camera=0.48 m  delta=-0.29 m  CAMERA SEES CLOSER - lidar may be missing this obstacle
[  164.8s] CAMERA/LIDAR DISAGREE - lidar=0.77 m  camera=0.48 m  delta=-0.29 m  CAMERA SEES CLOSER - lidar may be missing this obstacle
[  165.3s] CAMERA/LIDAR DISAGREE - lidar=0.78 m  camera=0.48 m  delta=-0.30 m  CAMERA SEES CLOSER - lidar may be missing this obstacle
[  165.8s] CAMERA/LIDAR DISAGREE - lidar=0.79 m  camera=0.48 m  delta=-0.31 m  CAMERA SEES CLOSER - lidar may be missing this obstacle
[  166.3s] CAMERA/LIDAR DISAGREE - lidar=0.79 m  camera=0.48 m  delta=-0.31 m  CAMERA SEES CLOSER - lidar may be missing this obstacle
[  166.8s] CAMERA/LIDAR DISAGREE - lidar=0.79 m  camera=0.48 m  delta=-0.31 m  CAMERA SEES CLOSER - lidar may be missing this obstacle
[  167.3s] CAMERA/LIDAR DISAGREE - lidar=0.78 m  camera=0.48 m  delta=-0.31 m  CAMERA SEES CLOSER - lidar may be missing this obstacle
[  167.8s] CAMERA/LIDAR DISAGREE - lidar=0.78 m  camera=0.48 m  delta=-0.30 m  CAMERA SEES CLOSER - lidar may be missing this obstacle
[  168.3s] CAMERA/LIDAR DISAGREE - lidar=0.78 m  camera=0.48 m  delta=-0.31 m  CAMERA SEES CLOSER - lidar may be missing this obstacle
[  168.8s] CAMERA/LIDAR DISAGREE - lidar=0.78 m  camera=0.48 m  delta=-0.31 m  CAMERA SEES CLOSER - lidar may be missing this obstacle
[  169.3s] CAMERA/LIDAR DISAGREE - lidar=0.78 m  camera=0.48 m  delta=-0.30 m  CAMERA SEES CLOSER - lidar may be missing this obstacle
[  169.8s] CAMERA/LIDAR DISAGREE - lidar=0.78 m  camera=0.48 m  delta=-0.30 m  CAMERA SEES CLOSER - lidar may be missing this obstacle
[  170.3s] CAMERA/LIDAR DISAGREE - lidar=0.77 m  camera=0.48 m  delta=-0.29 m  CAMERA SEES CLOSER - lidar may be missing this obstacle
[  170.8s] CAMERA/LIDAR DISAGREE - lidar=0.76 m  camera=0.48 m  delta=-0.29 m  CAMERA SEES CLOSER - lidar may be missing this obstacle
[  171.3s] CAMERA/LIDAR DISAGREE - lidar=0.77 m  camera=0.48 m  delta=-0.29 m  CAMERA SEES CLOSER - lidar may be missing this obstacle
[  171.8s] CAMERA/LIDAR DISAGREE - lidar=0.77 m  camera=0.48 m  delta=-0.29 m  CAMERA SEES CLOSER - lidar may be missing this obstacle
[  172.3s] CAMERA/LIDAR DISAGREE - lidar=0.77 m  camera=0.48 m  delta=-0.29 m  CAMERA SEES CLOSER - lidar may be missing this obstacle
[  172.8s] CAMERA/LIDAR DISAGREE - lidar=0.77 m  camera=0.48 m  delta=-0.29 m  CAMERA SEES CLOSER - lidar may be missing this obstacle
[  173.3s] CAMERA/LIDAR DISAGREE - lidar=0.76 m  camera=0.48 m  delta=-0.28 m  CAMERA SEES CLOSER - lidar may be missing this obstacle
[  173.8s] CAMERA/LIDAR DISAGREE - lidar=0.76 m  camera=0.48 m  delta=-0.28 m  CAMERA SEES CLOSER - lidar may be missing this obstacle
[  174.3s] CAMERA/LIDAR DISAGREE - lidar=0.76 m  camera=0.48 m  delta=-0.29 m  CAMERA SEES CLOSER - lidar may be missing this obstacle
[  174.8s] CAMERA/LIDAR DISAGREE - lidar=0.76 m  camera=0.48 m  delta=-0.28 m  CAMERA SEES CLOSER - lidar may be missing this obstacle
[  175.3s] CAMERA/LIDAR DISAGREE - lidar=0.74 m  camera=0.48 m  delta=-0.27 m  CAMERA SEES CLOSER - lidar may be missing this obstacle
[  175.8s] CAMERA/LIDAR DISAGREE - lidar=0.76 m  camera=0.48 m  delta=-0.28 m  CAMERA SEES CLOSER - lidar may be missing this obstacle
[  176.3s] CAMERA/LIDAR DISAGREE - lidar=0.76 m  camera=0.48 m  delta=-0.28 m  CAMERA SEES CLOSER - lidar may be missing this obstacle
[  176.8s] CAMERA/LIDAR DISAGREE - lidar=0.76 m  camera=0.48 m  delta=-0.28 m  CAMERA SEES CLOSER - lidar may be missing this obstacle
[  177.3s] CAMERA/LIDAR DISAGREE - lidar=0.75 m  camera=0.48 m  delta=-0.28 m  CAMERA SEES CLOSER - lidar may be missing this obstacle
[  177.8s] CAMERA/LIDAR DISAGREE - lidar=0.75 m  camera=0.48 m  delta=-0.28 m  CAMERA SEES CLOSER - lidar may be missing this obstacle
[  178.3s] CAMERA/LIDAR DISAGREE - lidar=0.76 m  camera=0.48 m  delta=-0.28 m  CAMERA SEES CLOSER - lidar may be missing this obstacle
[  178.8s] CAMERA/LIDAR DISAGREE - lidar=0.76 m  camera=0.48 m  delta=-0.28 m  CAMERA SEES CLOSER - lidar may be missing this obstacle
[  179.3s] CAMERA/LIDAR DISAGREE - lidar=0.75 m  camera=0.48 m  delta=-0.28 m  CAMERA SEES CLOSER - lidar may be missing this obstacle
[  179.8s] CAMERA/LIDAR DISAGREE - lidar=0.75 m  camera=0.48 m  delta=-0.28 m  CAMERA SEES CLOSER - lidar may be missing this obstacle
[  180.3s] CAMERA/LIDAR DISAGREE - lidar=0.76 m  camera=0.48 m  delta=-0.28 m  CAMERA SEES CLOSER - lidar may be missing this obstacle
[  180.8s] CAMERA/LIDAR DISAGREE - lidar=0.75 m  camera=0.48 m  delta=-0.28 m  CAMERA SEES CLOSER - lidar may be missing this obstacle
[  181.3s] CAMERA/LIDAR DISAGREE - lidar=0.76 m  camera=0.48 m  delta=-0.28 m  CAMERA SEES CLOSER - lidar may be missing this obstacle
[  181.8s] CAMERA/LIDAR DISAGREE - lidar=0.76 m  camera=0.48 m  delta=-0.29 m  CAMERA SEES CLOSER - lidar may be missing this obstacle
[  182.3s] CAMERA/LIDAR DISAGREE - lidar=0.76 m  camera=0.48 m  delta=-0.28 m  CAMERA SEES CLOSER - lidar may be missing this obstacle
[  182.8s] CAMERA/LIDAR DISAGREE - lidar=0.76 m  camera=0.48 m  delta=-0.28 m  CAMERA SEES CLOSER - lidar may be missing this obstacle
[  183.3s] CAMERA/LIDAR DISAGREE - lidar=0.77 m  camera=0.48 m  delta=-0.29 m  CAMERA SEES CLOSER - lidar may be missing this obstacle
[  183.8s] CAMERA/LIDAR DISAGREE - lidar=0.74 m  camera=0.48 m  delta=-0.26 m  CAMERA SEES CLOSER - lidar may be missing this obstacle
[  184.3s] CAMERA/LIDAR DISAGREE - lidar=0.92 m  camera=0.48 m  delta=-0.44 m  CAMERA SEES CLOSER - lidar may be missing this obstacle
[  184.8s] CAMERA/LIDAR DISAGREE - lidar=0.91 m  camera=0.48 m  delta=-0.43 m  CAMERA SEES CLOSER - lidar may be missing this obstacle
[  185.3s] CAMERA/LIDAR DISAGREE - lidar=0.92 m  camera=0.48 m  delta=-0.44 m  CAMERA SEES CLOSER - lidar may be missing this obstacle
[  185.8s] CAMERA/LIDAR DISAGREE - lidar=0.93 m  camera=0.48 m  delta=-0.45 m  CAMERA SEES CLOSER - lidar may be missing this obstacle
[  186.3s] CAMERA/LIDAR DISAGREE - lidar=0.94 m  camera=0.48 m  delta=-0.46 m  CAMERA SEES CLOSER - lidar may be missing this obstacle
[  186.8s] CAMERA/LIDAR DISAGREE - lidar=0.93 m  camera=0.48 m  delta=-0.45 m  CAMERA SEES CLOSER - lidar may be missing this obstacle
[  187.3s] CAMERA/LIDAR DISAGREE - lidar=0.93 m  camera=0.48 m  delta=-0.45 m  CAMERA SEES CLOSER - lidar may be missing this obstacle
[  187.8s] CAMERA/LIDAR DISAGREE - lidar=0.92 m  camera=0.48 m  delta=-0.45 m  CAMERA SEES CLOSER - lidar may be missing this obstacle
[  188.3s] CAMERA/LIDAR DISAGREE - lidar=0.93 m  camera=0.48 m  delta=-0.45 m  CAMERA SEES CLOSER - lidar may be missing this obstacle
[  188.8s] CAMERA/LIDAR DISAGREE - lidar=0.93 m  camera=0.48 m  delta=-0.45 m  CAMERA SEES CLOSER - lidar may be missing this obstacle
[  189.3s] CAMERA/LIDAR DISAGREE - lidar=0.93 m  camera=0.48 m  delta=-0.45 m  CAMERA SEES CLOSER - lidar may be missing this obstacle
[  189.8s] CAMERA/LIDAR DISAGREE - lidar=0.93 m  camera=0.48 m  delta=-0.45 m  CAMERA SEES CLOSER - lidar may be missing this obstacle
[  190.3s] CAMERA/LIDAR DISAGREE - lidar=0.93 m  camera=0.48 m  delta=-0.45 m  CAMERA SEES CLOSER - lidar may be missing this obstacle
[  190.8s] CAMERA/LIDAR DISAGREE - lidar=0.92 m  camera=0.48 m  delta=-0.44 m  CAMERA SEES CLOSER - lidar may be missing this obstacle
[  191.3s] CAMERA/LIDAR DISAGREE - lidar=0.92 m  camera=0.48 m  delta=-0.44 m  CAMERA SEES CLOSER - lidar may be missing this obstacle
[  191.8s] CAMERA/LIDAR DISAGREE - lidar=0.92 m  camera=0.48 m  delta=-0.44 m  CAMERA SEES CLOSER - lidar may be missing this obstacle
[  192.3s] CAMERA/LIDAR DISAGREE - lidar=0.92 m  camera=0.48 m  delta=-0.44 m  CAMERA SEES CLOSER - lidar may be missing this obstacle
[  192.8s] CAMERA/LIDAR DISAGREE - lidar=0.92 m  camera=0.48 m  delta=-0.44 m  CAMERA SEES CLOSER - lidar may be missing this obstacle
[  193.3s] CAMERA/LIDAR DISAGREE - lidar=0.91 m  camera=0.48 m  delta=-0.43 m  CAMERA SEES CLOSER - lidar may be missing this obstacle
[  193.8s] CAMERA/LIDAR DISAGREE - lidar=0.89 m  camera=0.48 m  delta=-0.41 m  CAMERA SEES CLOSER - lidar may be missing this obstacle
[  194.3s] CAMERA/LIDAR DISAGREE - lidar=0.87 m  camera=0.48 m  delta=-0.39 m  CAMERA SEES CLOSER - lidar may be missing this obstacle
[  194.8s] CAMERA/LIDAR DISAGREE - lidar=0.86 m  camera=0.48 m  delta=-0.38 m  CAMERA SEES CLOSER - lidar may be missing this obstacle
[  195.3s] CAMERA/LIDAR DISAGREE - lidar=0.86 m  camera=0.48 m  delta=-0.38 m  CAMERA SEES CLOSER - lidar may be missing this obstacle
[  195.8s] CAMERA/LIDAR DISAGREE - lidar=0.87 m  camera=0.48 m  delta=-0.39 m  CAMERA SEES CLOSER - lidar may be missing this obstacle
[  196.3s] CAMERA/LIDAR DISAGREE - lidar=0.88 m  camera=0.48 m  delta=-0.40 m  CAMERA SEES CLOSER - lidar may be missing this obstacle
[  196.8s] CAMERA/LIDAR DISAGREE - lidar=0.88 m  camera=0.48 m  delta=-0.41 m  CAMERA SEES CLOSER - lidar may be missing this obstacle
[  197.3s] CAMERA/LIDAR DISAGREE - lidar=0.88 m  camera=0.48 m  delta=-0.40 m  CAMERA SEES CLOSER - lidar may be missing this obstacle
[  197.8s] CAMERA/LIDAR DISAGREE - lidar=0.89 m  camera=0.48 m  delta=-0.41 m  CAMERA SEES CLOSER - lidar may be missing this obstacle
[  198.3s] CAMERA/LIDAR DISAGREE - lidar=0.89 m  camera=0.48 m  delta=-0.42 m  CAMERA SEES CLOSER - lidar may be missing this obstacle
[  198.8s] CAMERA/LIDAR DISAGREE - lidar=0.90 m  camera=0.48 m  delta=-0.42 m  CAMERA SEES CLOSER - lidar may be missing this obstacle
[  199.3s] CAMERA/LIDAR DISAGREE - lidar=0.89 m  camera=0.48 m  delta=-0.41 m  CAMERA SEES CLOSER - lidar may be missing this obstacle
[  199.8s] CAMERA/LIDAR DISAGREE - lidar=0.88 m  camera=0.48 m  delta=-0.40 m  CAMERA SEES CLOSER - lidar may be missing this obstacle
[  200.3s] CAMERA/LIDAR DISAGREE - lidar=0.87 m  camera=0.48 m  delta=-0.39 m  CAMERA SEES CLOSER - lidar may be missing this obstacle
[  200.8s] CAMERA/LIDAR DISAGREE - lidar=0.87 m  camera=0.48 m  delta=-0.39 m  CAMERA SEES CLOSER - lidar may be missing this obstacle
[  201.3s] CAMERA/LIDAR DISAGREE - lidar=0.87 m  camera=0.48 m  delta=-0.39 m  CAMERA SEES CLOSER - lidar may be missing this obstacle
[  201.8s] CAMERA/LIDAR DISAGREE - lidar=0.86 m  camera=0.48 m  delta=-0.38 m  CAMERA SEES CLOSER - lidar may be missing this obstacle
[  202.3s] CAMERA/LIDAR DISAGREE - lidar=0.86 m  camera=0.48 m  delta=-0.38 m  CAMERA SEES CLOSER - lidar may be missing this obstacle
[  202.8s] CAMERA/LIDAR DISAGREE - lidar=0.87 m  camera=0.48 m  delta=-0.39 m  CAMERA SEES CLOSER - lidar may be missing this obstacle
[  203.3s] CAMERA/LIDAR DISAGREE - lidar=0.89 m  camera=0.48 m  delta=-0.41 m  CAMERA SEES CLOSER - lidar may be missing this obstacle
[  203.8s] CAMERA/LIDAR DISAGREE - lidar=0.94 m  camera=0.48 m  delta=-0.46 m  CAMERA SEES CLOSER - lidar may be missing this obstacle
[  204.3s] CAMERA/LIDAR DISAGREE - lidar=0.94 m  camera=0.48 m  delta=-0.46 m  CAMERA SEES CLOSER - lidar may be missing this obstacle
[  204.8s] CAMERA/LIDAR DISAGREE - lidar=0.94 m  camera=0.48 m  delta=-0.46 m  CAMERA SEES CLOSER - lidar may be missing this obstacle
[  205.3s] CAMERA/LIDAR DISAGREE - lidar=0.96 m  camera=0.48 m  delta=-0.48 m  CAMERA SEES CLOSER - lidar may be missing this obstacle
[  205.8s] CAMERA/LIDAR DISAGREE - lidar=0.95 m  camera=0.48 m  delta=-0.47 m  CAMERA SEES CLOSER - lidar may be missing this obstacle
[  206.3s] CAMERA/LIDAR DISAGREE - lidar=0.94 m  camera=0.48 m  delta=-0.47 m  CAMERA SEES CLOSER - lidar may be missing this obstacle
[  206.8s] CAMERA/LIDAR DISAGREE - lidar=0.94 m  camera=0.47 m  delta=-0.46 m  CAMERA SEES CLOSER - lidar may be missing this obstacle
[  207.3s] CAMERA/LIDAR DISAGREE - lidar=0.94 m  camera=0.48 m  delta=-0.47 m  CAMERA SEES CLOSER - lidar may be missing this obstacle
[  207.8s] CAMERA/LIDAR DISAGREE - lidar=0.94 m  camera=0.48 m  delta=-0.47 m  CAMERA SEES CLOSER - lidar may be missing this obstacle
[  208.3s] CAMERA/LIDAR DISAGREE - lidar=0.92 m  camera=0.48 m  delta=-0.44 m  CAMERA SEES CLOSER - lidar may be missing this obstacle
[  208.8s] CAMERA/LIDAR DISAGREE - lidar=0.89 m  camera=0.48 m  delta=-0.41 m  CAMERA SEES CLOSER - lidar may be missing this obstacle
[  209.3s] CAMERA/LIDAR DISAGREE - lidar=0.89 m  camera=0.47 m  delta=-0.41 m  CAMERA SEES CLOSER - lidar may be missing this obstacle
[  209.8s] CAMERA/LIDAR DISAGREE - lidar=0.88 m  camera=0.47 m  delta=-0.41 m  CAMERA SEES CLOSER - lidar may be missing this obstacle
[  210.3s] CAMERA/LIDAR DISAGREE - lidar=0.88 m  camera=0.47 m  delta=-0.41 m  CAMERA SEES CLOSER - lidar may be missing this obstacle
[  210.8s] CAMERA/LIDAR DISAGREE - lidar=0.88 m  camera=0.47 m  delta=-0.41 m  CAMERA SEES CLOSER - lidar may be missing this obstacle
[  211.3s] CAMERA/LIDAR DISAGREE - lidar=0.88 m  camera=0.47 m  delta=-0.40 m  CAMERA SEES CLOSER - lidar may be missing this obstacle
[  211.8s] CAMERA/LIDAR DISAGREE - lidar=0.88 m  camera=0.47 m  delta=-0.41 m  CAMERA SEES CLOSER - lidar may be missing this obstacle
[  212.3s] CAMERA/LIDAR DISAGREE - lidar=0.88 m  camera=0.47 m  delta=-0.41 m  CAMERA SEES CLOSER - lidar may be missing this obstacle
[  212.8s] CAMERA/LIDAR DISAGREE - lidar=0.88 m  camera=0.47 m  delta=-0.41 m  CAMERA SEES CLOSER - lidar may be missing this obstacle
[  213.3s] CAMERA/LIDAR DISAGREE - lidar=0.88 m  camera=0.47 m  delta=-0.41 m  CAMERA SEES CLOSER - lidar may be missing this obstacle
[  213.8s] CAMERA/LIDAR DISAGREE - lidar=0.88 m  camera=0.47 m  delta=-0.41 m  CAMERA SEES CLOSER - lidar may be missing this obstacle
[  214.3s] CAMERA/LIDAR DISAGREE - lidar=0.88 m  camera=0.47 m  delta=-0.41 m  CAMERA SEES CLOSER - lidar may be missing this obstacle
[  214.8s] CAMERA/LIDAR DISAGREE - lidar=0.88 m  camera=0.47 m  delta=-0.41 m  CAMERA SEES CLOSER - lidar may be missing this obstacle
[  215.3s] CAMERA/LIDAR DISAGREE - lidar=0.88 m  camera=0.47 m  delta=-0.40 m  CAMERA SEES CLOSER - lidar may be missing this obstacle
[  215.8s] CAMERA/LIDAR DISAGREE - lidar=0.88 m  camera=0.47 m  delta=-0.40 m  CAMERA SEES CLOSER - lidar may be missing this obstacle
[  216.3s] CAMERA/LIDAR DISAGREE - lidar=0.88 m  camera=0.47 m  delta=-0.41 m  CAMERA SEES CLOSER - lidar may be missing this obstacle
[  216.8s] CAMERA/LIDAR DISAGREE - lidar=0.91 m  camera=0.48 m  delta=-0.43 m  CAMERA SEES CLOSER - lidar may be missing this obstacle
[  217.3s] CAMERA/LIDAR DISAGREE - lidar=0.94 m  camera=0.48 m  delta=-0.46 m  CAMERA SEES CLOSER - lidar may be missing this obstacle
[  217.8s] CAMERA/LIDAR DISAGREE - lidar=0.94 m  camera=0.48 m  delta=-0.47 m  CAMERA SEES CLOSER - lidar may be missing this obstacle
[  218.3s] CAMERA/LIDAR DISAGREE - lidar=0.94 m  camera=0.47 m  delta=-0.47 m  CAMERA SEES CLOSER - lidar may be missing this obstacle
[  218.8s] CAMERA/LIDAR DISAGREE - lidar=0.94 m  camera=0.47 m  delta=-0.46 m  CAMERA SEES CLOSER - lidar may be missing this obstacle
[  219.3s] CAMERA/LIDAR DISAGREE - lidar=0.94 m  camera=0.47 m  delta=-0.46 m  CAMERA SEES CLOSER - lidar may be missing this obstacle
[  219.8s] CAMERA/LIDAR DISAGREE - lidar=0.93 m  camera=0.48 m  delta=-0.45 m  CAMERA SEES CLOSER - lidar may be missing this obstacle
[  220.3s] CAMERA/LIDAR DISAGREE - lidar=0.93 m  camera=0.48 m  delta=-0.46 m  CAMERA SEES CLOSER - lidar may be missing this obstacle
[  220.8s] CAMERA/LIDAR DISAGREE - lidar=0.91 m  camera=0.48 m  delta=-0.43 m  CAMERA SEES CLOSER - lidar may be missing this obstacle
[  221.3s] CAMERA/LIDAR DISAGREE - lidar=0.87 m  camera=0.48 m  delta=-0.39 m  CAMERA SEES CLOSER - lidar may be missing this obstacle
[  221.8s] CAMERA/LIDAR DISAGREE - lidar=0.86 m  camera=0.47 m  delta=-0.39 m  CAMERA SEES CLOSER - lidar may be missing this obstacle
[  222.3s] CAMERA/LIDAR DISAGREE - lidar=0.86 m  camera=0.47 m  delta=-0.38 m  CAMERA SEES CLOSER - lidar may be missing this obstacle
[  222.8s] CAMERA/LIDAR DISAGREE - lidar=0.85 m  camera=0.47 m  delta=-0.38 m  CAMERA SEES CLOSER - lidar may be missing this obstacle
[  223.3s] CAMERA/LIDAR DISAGREE - lidar=0.86 m  camera=0.47 m  delta=-0.39 m  CAMERA SEES CLOSER - lidar may be missing this obstacle
[  223.8s] CAMERA/LIDAR DISAGREE - lidar=0.86 m  camera=0.47 m  delta=-0.39 m  CAMERA SEES CLOSER - lidar may be missing this obstacle
[  224.3s] CAMERA/LIDAR DISAGREE - lidar=0.85 m  camera=0.48 m  delta=-0.38 m  CAMERA SEES CLOSER - lidar may be missing this obstacle
[  224.8s] CAMERA/LIDAR DISAGREE - lidar=0.86 m  camera=0.48 m  delta=-0.38 m  CAMERA SEES CLOSER - lidar may be missing this obstacle
[  225.3s] CAMERA/LIDAR DISAGREE - lidar=0.86 m  camera=0.48 m  delta=-0.39 m  CAMERA SEES CLOSER - lidar may be missing this obstacle
[  225.8s] CAMERA/LIDAR DISAGREE - lidar=0.86 m  camera=0.47 m  delta=-0.38 m  CAMERA SEES CLOSER - lidar may be missing this obstacle
[  226.3s] CAMERA/LIDAR DISAGREE - lidar=0.86 m  camera=0.47 m  delta=-0.38 m  CAMERA SEES CLOSER - lidar may be missing this obstacle
[  226.8s] CAMERA/LIDAR DISAGREE - lidar=0.85 m  camera=0.48 m  delta=-0.37 m  CAMERA SEES CLOSER - lidar may be missing this obstacle
[  227.3s] CAMERA/LIDAR DISAGREE - lidar=0.85 m  camera=0.48 m  delta=-0.38 m  CAMERA SEES CLOSER - lidar may be missing this obstacle
[  227.8s] CAMERA/LIDAR DISAGREE - lidar=0.88 m  camera=0.48 m  delta=-0.40 m  CAMERA SEES CLOSER - lidar may be missing this obstacle
[  228.3s] CAMERA/LIDAR DISAGREE - lidar=0.94 m  camera=0.48 m  delta=-0.46 m  CAMERA SEES CLOSER - lidar may be missing this obstacle
[  228.8s] CAMERA/LIDAR DISAGREE - lidar=0.91 m  camera=0.48 m  delta=-0.44 m  CAMERA SEES CLOSER - lidar may be missing this obstacle
[  229.3s] CAMERA/LIDAR DISAGREE - lidar=0.89 m  camera=0.48 m  delta=-0.41 m  CAMERA SEES CLOSER - lidar may be missing this obstacle
[  229.8s] CAMERA/LIDAR DISAGREE - lidar=0.89 m  camera=0.48 m  delta=-0.41 m  CAMERA SEES CLOSER - lidar may be missing this obstacle
[  230.3s] CAMERA/LIDAR DISAGREE - lidar=0.88 m  camera=0.48 m  delta=-0.40 m  CAMERA SEES CLOSER - lidar may be missing this obstacle
[  230.8s] CAMERA/LIDAR DISAGREE - lidar=0.88 m  camera=0.48 m  delta=-0.40 m  CAMERA SEES CLOSER - lidar may be missing this obstacle
[  231.3s] CAMERA/LIDAR DISAGREE - lidar=0.87 m  camera=0.48 m  delta=-0.40 m  CAMERA SEES CLOSER - lidar may be missing this obstacle
[  231.8s] CAMERA/LIDAR DISAGREE - lidar=0.87 m  camera=0.48 m  delta=-0.39 m  CAMERA SEES CLOSER - lidar may be missing this obstacle
[  232.3s] CAMERA/LIDAR DISAGREE - lidar=0.86 m  camera=0.48 m  delta=-0.38 m  CAMERA SEES CLOSER - lidar may be missing this obstacle
[  232.8s] CAMERA/LIDAR DISAGREE - lidar=0.86 m  camera=0.48 m  delta=-0.38 m  CAMERA SEES CLOSER - lidar may be missing this obstacle
[  233.3s] CAMERA/LIDAR DISAGREE - lidar=0.86 m  camera=0.48 m  delta=-0.39 m  CAMERA SEES CLOSER - lidar may be missing this obstacle
[  233.8s] CAMERA/LIDAR DISAGREE - lidar=0.86 m  camera=0.48 m  delta=-0.38 m  CAMERA SEES CLOSER - lidar may be missing this obstacle
[  234.3s] CAMERA/LIDAR DISAGREE - lidar=0.86 m  camera=0.48 m  delta=-0.38 m  CAMERA SEES CLOSER - lidar may be missing this obstacle
[  234.8s] CAMERA/LIDAR DISAGREE - lidar=0.86 m  camera=0.48 m  delta=-0.38 m  CAMERA SEES CLOSER - lidar may be missing this obstacle
[  235.3s] CAMERA/LIDAR DISAGREE - lidar=0.86 m  camera=0.48 m  delta=-0.38 m  CAMERA SEES CLOSER - lidar may be missing this obstacle
[  235.8s] CAMERA/LIDAR DISAGREE - lidar=0.86 m  camera=0.48 m  delta=-0.38 m  CAMERA SEES CLOSER - lidar may be missing this obstacle
[  236.3s] CAMERA/LIDAR DISAGREE - lidar=0.87 m  camera=0.48 m  delta=-0.39 m  CAMERA SEES CLOSER - lidar may be missing this obstacle
[  236.8s] CAMERA/LIDAR DISAGREE - lidar=0.87 m  camera=0.48 m  delta=-0.39 m  CAMERA SEES CLOSER - lidar may be missing this obstacle
[  237.3s] CAMERA/LIDAR DISAGREE - lidar=0.86 m  camera=0.48 m  delta=-0.38 m  CAMERA SEES CLOSER - lidar may be missing this obstacle
[  237.8s] CAMERA/LIDAR DISAGREE - lidar=0.86 m  camera=0.48 m  delta=-0.38 m  CAMERA SEES CLOSER - lidar may be missing this obstacle
[  238.3s] CAMERA/LIDAR DISAGREE - lidar=0.86 m  camera=0.48 m  delta=-0.38 m  CAMERA SEES CLOSER - lidar may be missing this obstacle
[  238.8s] CAMERA/LIDAR DISAGREE - lidar=0.86 m  camera=0.48 m  delta=-0.38 m  CAMERA SEES CLOSER - lidar may be missing this obstacle
[  239.3s] CAMERA/LIDAR DISAGREE - lidar=0.86 m  camera=0.48 m  delta=-0.38 m  CAMERA SEES CLOSER - lidar may be missing this obstacle
[  239.8s] CAMERA/LIDAR DISAGREE - lidar=0.86 m  camera=0.48 m  delta=-0.38 m  CAMERA SEES CLOSER - lidar may be missing this obstacle
[  240.3s] CAMERA/LIDAR DISAGREE - lidar=0.86 m  camera=0.48 m  delta=-0.38 m  CAMERA SEES CLOSER - lidar may be missing this obstacle
[  240.8s] CAMERA/LIDAR DISAGREE - lidar=0.86 m  camera=0.48 m  delta=-0.39 m  CAMERA SEES CLOSER - lidar may be missing this obstacle
[  241.3s] CAMERA/LIDAR DISAGREE - lidar=0.86 m  camera=0.48 m  delta=-0.38 m  CAMERA SEES CLOSER - lidar may be missing this obstacle
[  241.8s] CAMERA/LIDAR DISAGREE - lidar=0.86 m  camera=0.48 m  delta=-0.39 m  CAMERA SEES CLOSER - lidar may be missing this obstacle
[  242.3s] CAMERA/LIDAR DISAGREE - lidar=0.87 m  camera=0.48 m  delta=-0.39 m  CAMERA SEES CLOSER - lidar may be missing this obstacle
[  242.8s] CAMERA/LIDAR DISAGREE - lidar=0.87 m  camera=0.48 m  delta=-0.39 m  CAMERA SEES CLOSER - lidar may be missing this obstacle
[  243.3s] CAMERA/LIDAR DISAGREE - lidar=0.87 m  camera=0.48 m  delta=-0.39 m  CAMERA SEES CLOSER - lidar may be missing this obstacle
[  243.8s] CAMERA/LIDAR DISAGREE - lidar=0.87 m  camera=0.48 m  delta=-0.39 m  CAMERA SEES CLOSER - lidar may be missing this obstacle
[  244.3s] CAMERA/LIDAR DISAGREE - lidar=0.86 m  camera=0.48 m  delta=-0.39 m  CAMERA SEES CLOSER - lidar may be missing this obstacle
[  244.8s] CAMERA/LIDAR DISAGREE - lidar=0.86 m  camera=0.48 m  delta=-0.38 m  CAMERA SEES CLOSER - lidar may be missing this obstacle
[  245.3s] CAMERA/LIDAR DISAGREE - lidar=0.87 m  camera=0.48 m  delta=-0.39 m  CAMERA SEES CLOSER - lidar may be missing this obstacle
[  245.8s] CAMERA/LIDAR DISAGREE - lidar=0.87 m  camera=0.48 m  delta=-0.39 m  CAMERA SEES CLOSER - lidar may be missing this obstacle
[  246.3s] CAMERA/LIDAR DISAGREE - lidar=0.87 m  camera=0.48 m  delta=-0.39 m  CAMERA SEES CLOSER - lidar may be missing this obstacle
[  246.8s] CAMERA/LIDAR DISAGREE - lidar=0.87 m  camera=0.48 m  delta=-0.40 m  CAMERA SEES CLOSER - lidar may be missing this obstacle
[  247.3s] CAMERA/LIDAR DISAGREE - lidar=0.87 m  camera=0.48 m  delta=-0.39 m  CAMERA SEES CLOSER - lidar may be missing this obstacle
[  247.8s] CAMERA/LIDAR DISAGREE - lidar=0.87 m  camera=0.48 m  delta=-0.39 m  CAMERA SEES CLOSER - lidar may be missing this obstacle
[  248.3s] CAMERA/LIDAR DISAGREE - lidar=0.87 m  camera=0.48 m  delta=-0.40 m  CAMERA SEES CLOSER - lidar may be missing this obstacle
[  248.8s] CAMERA/LIDAR DISAGREE - lidar=0.87 m  camera=0.48 m  delta=-0.39 m  CAMERA SEES CLOSER - lidar may be missing this obstacle
[  249.3s] CAMERA/LIDAR DISAGREE - lidar=0.86 m  camera=0.48 m  delta=-0.39 m  CAMERA SEES CLOSER - lidar may be missing this obstacle
[  249.8s] CAMERA/LIDAR DISAGREE - lidar=0.87 m  camera=0.48 m  delta=-0.40 m  CAMERA SEES CLOSER - lidar may be missing this obstacle
[  250.3s] CAMERA/LIDAR DISAGREE - lidar=0.87 m  camera=0.48 m  delta=-0.39 m  CAMERA SEES CLOSER - lidar may be missing this obstacle
[  250.8s] CAMERA/LIDAR DISAGREE - lidar=0.89 m  camera=0.48 m  delta=-0.41 m  CAMERA SEES CLOSER - lidar may be missing this obstacle
[  251.3s] CAMERA/LIDAR DISAGREE - lidar=0.96 m  camera=0.48 m  delta=-0.49 m  CAMERA SEES CLOSER - lidar may be missing this obstacle
[  251.8s] CAMERA/LIDAR DISAGREE - lidar=0.96 m  camera=0.48 m  delta=-0.48 m  CAMERA SEES CLOSER - lidar may be missing this obstacle
[  252.3s] CAMERA/LIDAR DISAGREE - lidar=0.92 m  camera=0.48 m  delta=-0.44 m  CAMERA SEES CLOSER - lidar may be missing this obstacle
[  252.8s] CAMERA/LIDAR DISAGREE - lidar=0.89 m  camera=0.48 m  delta=-0.41 m  CAMERA SEES CLOSER - lidar may be missing this obstacle
[  253.3s] CAMERA/LIDAR DISAGREE - lidar=0.88 m  camera=0.48 m  delta=-0.41 m  CAMERA SEES CLOSER - lidar may be missing this obstacle
[  253.8s] CAMERA/LIDAR DISAGREE - lidar=0.88 m  camera=0.48 m  delta=-0.41 m  CAMERA SEES CLOSER - lidar may be missing this obstacle
[  254.3s] CAMERA/LIDAR DISAGREE - lidar=0.88 m  camera=0.48 m  delta=-0.40 m  CAMERA SEES CLOSER - lidar may be missing this obstacle
[  254.8s] CAMERA/LIDAR DISAGREE - lidar=0.88 m  camera=0.48 m  delta=-0.40 m  CAMERA SEES CLOSER - lidar may be missing this obstacle
[  255.3s] CAMERA/LIDAR DISAGREE - lidar=0.88 m  camera=0.48 m  delta=-0.40 m  CAMERA SEES CLOSER - lidar may be missing this obstacle
[  255.8s] CAMERA/LIDAR DISAGREE - lidar=0.88 m  camera=0.48 m  delta=-0.40 m  CAMERA SEES CLOSER - lidar may be missing this obstacle
[  256.3s] CAMERA/LIDAR DISAGREE - lidar=0.87 m  camera=0.48 m  delta=-0.40 m  CAMERA SEES CLOSER - lidar may be missing this obstacle
[  256.8s] CAMERA/LIDAR DISAGREE - lidar=0.87 m  camera=0.48 m  delta=-0.40 m  CAMERA SEES CLOSER - lidar may be missing this obstacle
[  257.3s] CAMERA/LIDAR DISAGREE - lidar=0.87 m  camera=0.48 m  delta=-0.39 m  CAMERA SEES CLOSER - lidar may be missing this obstacle
[  257.8s] CAMERA/LIDAR DISAGREE - lidar=0.87 m  camera=0.48 m  delta=-0.40 m  CAMERA SEES CLOSER - lidar may be missing this obstacle
[  258.3s] CAMERA/LIDAR DISAGREE - lidar=0.87 m  camera=0.48 m  delta=-0.39 m  CAMERA SEES CLOSER - lidar may be missing this obstacle
[  258.8s] CAMERA/LIDAR DISAGREE - lidar=0.87 m  camera=0.48 m  delta=-0.39 m  CAMERA SEES CLOSER - lidar may be missing this obstacle
[  259.3s] CAMERA/LIDAR DISAGREE - lidar=0.87 m  camera=0.48 m  delta=-0.39 m  CAMERA SEES CLOSER - lidar may be missing this obstacle
[  259.8s] CAMERA/LIDAR DISAGREE - lidar=0.87 m  camera=0.48 m  delta=-0.40 m  CAMERA SEES CLOSER - lidar may be missing this obstacle
[  260.3s] CAMERA/LIDAR DISAGREE - lidar=0.87 m  camera=0.48 m  delta=-0.40 m  CAMERA SEES CLOSER - lidar may be missing this obstacle
[  260.8s] CAMERA/LIDAR DISAGREE - lidar=0.87 m  camera=0.48 m  delta=-0.40 m  CAMERA SEES CLOSER - lidar may be missing this obstacle
[  261.3s] CAMERA/LIDAR DISAGREE - lidar=0.89 m  camera=0.48 m  delta=-0.41 m  CAMERA SEES CLOSER - lidar may be missing this obstacle
[  261.8s] CAMERA/LIDAR DISAGREE - lidar=0.92 m  camera=0.48 m  delta=-0.44 m  CAMERA SEES CLOSER - lidar may be missing this obstacle
[  262.3s] CAMERA/LIDAR DISAGREE - lidar=0.95 m  camera=0.48 m  delta=-0.47 m  CAMERA SEES CLOSER - lidar may be missing this obstacle
[  262.8s] CAMERA/LIDAR DISAGREE - lidar=1.00 m  camera=0.48 m  delta=-0.53 m  CAMERA SEES CLOSER - lidar may be missing this obstacle
[  263.3s] CAMERA/LIDAR DISAGREE - lidar=1.05 m  camera=0.48 m  delta=-0.57 m  CAMERA SEES CLOSER - lidar may be missing this obstacle
[  263.8s] CAMERA/LIDAR DISAGREE - lidar=0.98 m  camera=0.48 m  delta=-0.50 m  CAMERA SEES CLOSER - lidar may be missing this obstacle
[  264.3s] CAMERA/LIDAR DISAGREE - lidar=0.88 m  camera=0.48 m  delta=-0.40 m  CAMERA SEES CLOSER - lidar may be missing this obstacle
[  264.8s] CAMERA/LIDAR DISAGREE - lidar=0.81 m  camera=0.48 m  delta=-0.33 m  CAMERA SEES CLOSER - lidar may be missing this obstacle
[  265.3s] CAMERA/LIDAR DISAGREE - lidar=0.80 m  camera=0.48 m  delta=-0.33 m  CAMERA SEES CLOSER - lidar may be missing this obstacle
[  265.8s] CAMERA/LIDAR DISAGREE - lidar=0.80 m  camera=0.48 m  delta=-0.32 m  CAMERA SEES CLOSER - lidar may be missing this obstacle
[  266.3s] CAMERA/LIDAR DISAGREE - lidar=0.81 m  camera=0.48 m  delta=-0.33 m  CAMERA SEES CLOSER - lidar may be missing this obstacle
[  266.8s] CAMERA/LIDAR DISAGREE - lidar=0.83 m  camera=0.48 m  delta=-0.35 m  CAMERA SEES CLOSER - lidar may be missing this obstacle
[  267.3s] CAMERA/LIDAR DISAGREE - lidar=0.95 m  camera=0.48 m  delta=-0.48 m  CAMERA SEES CLOSER - lidar may be missing this obstacle
[  267.8s] CAMERA/LIDAR DISAGREE - lidar=0.98 m  camera=0.48 m  delta=-0.50 m  CAMERA SEES CLOSER - lidar may be missing this obstacle
[  268.3s] CAMERA/LIDAR DISAGREE - lidar=1.00 m  camera=0.48 m  delta=-0.52 m  CAMERA SEES CLOSER - lidar may be missing this obstacle
[  268.8s] CAMERA/LIDAR DISAGREE - lidar=1.00 m  camera=0.48 m  delta=-0.52 m  CAMERA SEES CLOSER - lidar may be missing this obstacle
[  269.3s] CAMERA/LIDAR DISAGREE - lidar=0.93 m  camera=0.48 m  delta=-0.45 m  CAMERA SEES CLOSER - lidar may be missing this obstacle
[  269.8s] CAMERA/LIDAR DISAGREE - lidar=0.95 m  camera=0.48 m  delta=-0.47 m  CAMERA SEES CLOSER - lidar may be missing this obstacle
[  270.3s] CAMERA/LIDAR DISAGREE - lidar=0.96 m  camera=0.48 m  delta=-0.48 m  CAMERA SEES CLOSER - lidar may be missing this obstacle
[  270.8s] CAMERA/LIDAR DISAGREE - lidar=0.85 m  camera=0.48 m  delta=-0.37 m  CAMERA SEES CLOSER - lidar may be missing this obstacle
[  271.3s] CAMERA/LIDAR DISAGREE - lidar=0.74 m  camera=0.48 m  delta=-0.26 m  CAMERA SEES CLOSER - lidar may be missing this obstacle
[  271.8s] CAMERA/LIDAR DISAGREE - lidar=0.71 m  camera=0.48 m  delta=-0.23 m  CAMERA SEES CLOSER - lidar may be missing this obstacle
[  272.3s] CAMERA/LIDAR DISAGREE - lidar=0.68 m  camera=0.48 m  delta=-0.21 m  CAMERA SEES CLOSER - lidar may be missing this obstacle
[  272.8s] CAMERA/LIDAR DISAGREE - lidar=0.72 m  camera=0.48 m  delta=-0.24 m  CAMERA SEES CLOSER - lidar may be missing this obstacle
[  273.3s] CAMERA/LIDAR DISAGREE - lidar=0.71 m  camera=0.48 m  delta=-0.23 m  CAMERA SEES CLOSER - lidar may be missing this obstacle
[  273.8s] CAMERA/LIDAR DISAGREE - lidar=0.71 m  camera=0.48 m  delta=-0.23 m  CAMERA SEES CLOSER - lidar may be missing this obstacle
[  274.3s] CAMERA/LIDAR DISAGREE - lidar=0.71 m  camera=0.48 m  delta=-0.23 m  CAMERA SEES CLOSER - lidar may be missing this obstacle
[  274.8s] CAMERA/LIDAR DISAGREE - lidar=0.70 m  camera=0.48 m  delta=-0.23 m  CAMERA SEES CLOSER - lidar may be missing this obstacle
[  275.3s] CAMERA/LIDAR DISAGREE - lidar=0.70 m  camera=0.48 m  delta=-0.22 m  CAMERA SEES CLOSER - lidar may be missing this obstacle
[  275.8s] CAMERA/LIDAR DISAGREE - lidar=0.70 m  camera=0.48 m  delta=-0.22 m  CAMERA SEES CLOSER - lidar may be missing this obstacle
[  276.3s] CAMERA/LIDAR DISAGREE - lidar=0.70 m  camera=0.48 m  delta=-0.22 m  CAMERA SEES CLOSER - lidar may be missing this obstacle
[  276.8s] CAMERA/LIDAR DISAGREE - lidar=0.70 m  camera=0.48 m  delta=-0.22 m  CAMERA SEES CLOSER - lidar may be missing this obstacle
[  277.3s] CAMERA/LIDAR DISAGREE - lidar=0.73 m  camera=0.48 m  delta=-0.25 m  CAMERA SEES CLOSER - lidar may be missing this obstacle
[  277.8s] CAMERA/LIDAR DISAGREE - lidar=0.74 m  camera=0.48 m  delta=-0.26 m  CAMERA SEES CLOSER - lidar may be missing this obstacle
[  278.3s] CAMERA/LIDAR DISAGREE - lidar=0.75 m  camera=0.48 m  delta=-0.27 m  CAMERA SEES CLOSER - lidar may be missing this obstacle
[  278.8s] CAMERA/LIDAR DISAGREE - lidar=0.75 m  camera=0.48 m  delta=-0.27 m  CAMERA SEES CLOSER - lidar may be missing this obstacle
[  279.8s] CAMERA/LIDAR DISAGREE - lidar=0.75 m  camera=0.48 m  delta=-0.27 m  CAMERA SEES CLOSER - lidar may be missing this obstacle
[  280.3s] CAMERA/LIDAR DISAGREE - lidar=0.76 m  camera=0.48 m  delta=-0.28 m  CAMERA SEES CLOSER - lidar may be missing this obstacle
[  280.8s] CAMERA/LIDAR DISAGREE - lidar=0.74 m  camera=0.48 m  delta=-0.26 m  CAMERA SEES CLOSER - lidar may be missing this obstacle
[  281.3s] CAMERA/LIDAR DISAGREE - lidar=0.74 m  camera=0.48 m  delta=-0.26 m  CAMERA SEES CLOSER - lidar may be missing this obstacle
[  281.8s] CAMERA/LIDAR DISAGREE - lidar=0.74 m  camera=0.48 m  delta=-0.25 m  CAMERA SEES CLOSER - lidar may be missing this obstacle
[  282.3s] CAMERA/LIDAR DISAGREE - lidar=0.73 m  camera=0.48 m  delta=-0.25 m  CAMERA SEES CLOSER - lidar may be missing this obstacle
[  282.8s] CAMERA/LIDAR DISAGREE - lidar=0.73 m  camera=0.48 m  delta=-0.25 m  CAMERA SEES CLOSER - lidar may be missing this obstacle
[  283.3s] CAMERA/LIDAR DISAGREE - lidar=0.73 m  camera=0.48 m  delta=-0.25 m  CAMERA SEES CLOSER - lidar may be missing this obstacle
[  283.8s] CAMERA/LIDAR DISAGREE - lidar=0.70 m  camera=0.48 m  delta=-0.22 m  CAMERA SEES CLOSER - lidar may be missing this obstacle
[  284.3s] CAMERA/LIDAR DISAGREE - lidar=0.69 m  camera=0.48 m  delta=-0.21 m  CAMERA SEES CLOSER - lidar may be missing this obstacle
[  284.8s] CAMERA/LIDAR DISAGREE - lidar=0.88 m  camera=0.48 m  delta=-0.40 m  CAMERA SEES CLOSER - lidar may be missing this obstacle
[  285.3s] CAMERA/LIDAR DISAGREE - lidar=0.87 m  camera=0.48 m  delta=-0.39 m  CAMERA SEES CLOSER - lidar may be missing this obstacle
[  285.8s] CAMERA/LIDAR DISAGREE - lidar=0.88 m  camera=0.48 m  delta=-0.40 m  CAMERA SEES CLOSER - lidar may be missing this obstacle
[  286.3s] CAMERA/LIDAR DISAGREE - lidar=0.92 m  camera=0.48 m  delta=-0.44 m  CAMERA SEES CLOSER - lidar may be missing this obstacle
[  286.8s] CAMERA/LIDAR DISAGREE - lidar=0.96 m  camera=0.48 m  delta=-0.48 m  CAMERA SEES CLOSER - lidar may be missing this obstacle
[  287.3s] CAMERA/LIDAR DISAGREE - lidar=0.95 m  camera=0.48 m  delta=-0.48 m  CAMERA SEES CLOSER - lidar may be missing this obstacle
[  287.8s] CAMERA/LIDAR DISAGREE - lidar=0.95 m  camera=0.48 m  delta=-0.47 m  CAMERA SEES CLOSER - lidar may be missing this obstacle
[  288.3s] CAMERA/LIDAR DISAGREE - lidar=0.94 m  camera=0.48 m  delta=-0.47 m  CAMERA SEES CLOSER - lidar may be missing this obstacle
[  288.8s] CAMERA/LIDAR DISAGREE - lidar=0.94 m  camera=0.48 m  delta=-0.46 m  CAMERA SEES CLOSER - lidar may be missing this obstacle
[  289.3s] CAMERA/LIDAR DISAGREE - lidar=0.93 m  camera=0.48 m  delta=-0.46 m  CAMERA SEES CLOSER - lidar may be missing this obstacle
[  289.8s] CAMERA/LIDAR DISAGREE - lidar=0.93 m  camera=0.48 m  delta=-0.46 m  CAMERA SEES CLOSER - lidar may be missing this obstacle
[  290.3s] CAMERA/LIDAR DISAGREE - lidar=0.93 m  camera=0.48 m  delta=-0.45 m  CAMERA SEES CLOSER - lidar may be missing this obstacle
[  290.8s] CAMERA/LIDAR DISAGREE - lidar=0.94 m  camera=0.48 m  delta=-0.46 m  CAMERA SEES CLOSER - lidar may be missing this obstacle
[  291.3s] CAMERA/LIDAR DISAGREE - lidar=0.94 m  camera=0.48 m  delta=-0.46 m  CAMERA SEES CLOSER - lidar may be missing this obstacle
[  291.8s] CAMERA/LIDAR DISAGREE - lidar=0.94 m  camera=0.48 m  delta=-0.46 m  CAMERA SEES CLOSER - lidar may be missing this obstacle
[  292.3s] CAMERA/LIDAR DISAGREE - lidar=0.95 m  camera=0.48 m  delta=-0.47 m  CAMERA SEES CLOSER - lidar may be missing this obstacle
[  292.8s] CAMERA/LIDAR DISAGREE - lidar=0.94 m  camera=0.48 m  delta=-0.46 m  CAMERA SEES CLOSER - lidar may be missing this obstacle
[  293.3s] CAMERA/LIDAR DISAGREE - lidar=0.94 m  camera=0.48 m  delta=-0.46 m  CAMERA SEES CLOSER - lidar may be missing this obstacle
[  293.8s] CAMERA/LIDAR DISAGREE - lidar=0.93 m  camera=0.48 m  delta=-0.45 m  CAMERA SEES CLOSER - lidar may be missing this obstacle
[  294.3s] CAMERA/LIDAR DISAGREE - lidar=0.93 m  camera=0.48 m  delta=-0.45 m  CAMERA SEES CLOSER - lidar may be missing this obstacle
[  294.8s] CAMERA/LIDAR DISAGREE - lidar=0.92 m  camera=0.48 m  delta=-0.44 m  CAMERA SEES CLOSER - lidar may be missing this obstacle
[  295.3s] CAMERA/LIDAR DISAGREE - lidar=0.92 m  camera=0.48 m  delta=-0.45 m  CAMERA SEES CLOSER - lidar may be missing this obstacle
[  295.8s] CAMERA/LIDAR DISAGREE - lidar=0.93 m  camera=0.48 m  delta=-0.45 m  CAMERA SEES CLOSER - lidar may be missing this obstacle
[  296.3s] CAMERA/LIDAR DISAGREE - lidar=0.92 m  camera=0.48 m  delta=-0.45 m  CAMERA SEES CLOSER - lidar may be missing this obstacle
[  296.8s] CAMERA/LIDAR DISAGREE - lidar=0.93 m  camera=0.48 m  delta=-0.45 m  CAMERA SEES CLOSER - lidar may be missing this obstacle
[  297.3s] CAMERA/LIDAR DISAGREE - lidar=0.94 m  camera=0.48 m  delta=-0.46 m  CAMERA SEES CLOSER - lidar may be missing this obstacle
[  297.8s] CAMERA/LIDAR DISAGREE - lidar=0.99 m  camera=0.48 m  delta=-0.51 m  CAMERA SEES CLOSER - lidar may be missing this obstacle
[  298.8s] CAMERA/LIDAR DISAGREE - lidar=1.17 m  camera=0.48 m  delta=-0.69 m  CAMERA SEES CLOSER - lidar may be missing this obstacle
[  299.3s] CAMERA/LIDAR DISAGREE - lidar=1.09 m  camera=0.48 m  delta=-0.61 m  CAMERA SEES CLOSER - lidar may be missing this obstacle
[  299.8s] CAMERA/LIDAR DISAGREE - lidar=0.99 m  camera=0.48 m  delta=-0.51 m  CAMERA SEES CLOSER - lidar may be missing this obstacle
[  300.3s] CAMERA/LIDAR DISAGREE - lidar=0.94 m  camera=0.48 m  delta=-0.47 m  CAMERA SEES CLOSER - lidar may be missing this obstacle
[  300.8s] CAMERA/LIDAR DISAGREE - lidar=0.93 m  camera=0.48 m  delta=-0.46 m  CAMERA SEES CLOSER - lidar may be missing this obstacle
[  301.3s] CAMERA/LIDAR DISAGREE - lidar=0.97 m  camera=0.48 m  delta=-0.49 m  CAMERA SEES CLOSER - lidar may be missing this obstacle
[  301.8s] CAMERA/LIDAR DISAGREE - lidar=0.99 m  camera=0.48 m  delta=-0.51 m  CAMERA SEES CLOSER - lidar may be missing this obstacle
[  302.3s] CAMERA/LIDAR DISAGREE - lidar=0.96 m  camera=0.48 m  delta=-0.48 m  CAMERA SEES CLOSER - lidar may be missing this obstacle
[  302.8s] CAMERA/LIDAR DISAGREE - lidar=0.95 m  camera=0.48 m  delta=-0.47 m  CAMERA SEES CLOSER - lidar may be missing this obstacle
[  303.3s] CAMERA/LIDAR DISAGREE - lidar=1.01 m  camera=0.48 m  delta=-0.53 m  CAMERA SEES CLOSER - lidar may be missing this obstacle
[  303.8s] CAMERA/LIDAR DISAGREE - lidar=1.04 m  camera=0.48 m  delta=-0.56 m  CAMERA SEES CLOSER - lidar may be missing this obstacle
[  304.3s] CAMERA/LIDAR DISAGREE - lidar=1.04 m  camera=0.48 m  delta=-0.56 m  CAMERA SEES CLOSER - lidar may be missing this obstacle
[  304.8s] CAMERA/LIDAR DISAGREE - lidar=1.01 m  camera=0.48 m  delta=-0.53 m  CAMERA SEES CLOSER - lidar may be missing this obstacle
[  305.3s] CAMERA/LIDAR DISAGREE - lidar=0.99 m  camera=0.48 m  delta=-0.51 m  CAMERA SEES CLOSER - lidar may be missing this obstacle
[  305.8s] CAMERA/LIDAR DISAGREE - lidar=0.99 m  camera=0.48 m  delta=-0.51 m  CAMERA SEES CLOSER - lidar may be missing this obstacle
[  306.3s] CAMERA/LIDAR DISAGREE - lidar=0.99 m  camera=0.48 m  delta=-0.51 m  CAMERA SEES CLOSER - lidar may be missing this obstacle
[  306.8s] CAMERA/LIDAR DISAGREE - lidar=1.00 m  camera=0.48 m  delta=-0.52 m  CAMERA SEES CLOSER - lidar may be missing this obstacle
[  307.3s] CAMERA/LIDAR DISAGREE - lidar=1.01 m  camera=0.48 m  delta=-0.53 m  CAMERA SEES CLOSER - lidar may be missing this obstacle
[  307.8s] CAMERA/LIDAR DISAGREE - lidar=1.02 m  camera=0.48 m  delta=-0.54 m  CAMERA SEES CLOSER - lidar may be missing this obstacle
[  308.3s] CAMERA/LIDAR DISAGREE - lidar=1.01 m  camera=0.48 m  delta=-0.53 m  CAMERA SEES CLOSER - lidar may be missing this obstacle
[  308.8s] CAMERA/LIDAR DISAGREE - lidar=1.01 m  camera=0.48 m  delta=-0.53 m  CAMERA SEES CLOSER - lidar may be missing this obstacle
[  309.3s] CAMERA/LIDAR DISAGREE - lidar=1.01 m  camera=0.48 m  delta=-0.53 m  CAMERA SEES CLOSER - lidar may be missing this obstacle
[  309.8s] CAMERA/LIDAR DISAGREE - lidar=1.01 m  camera=0.48 m  delta=-0.53 m  CAMERA SEES CLOSER - lidar may be missing this obstacle
[  310.3s] CAMERA/LIDAR DISAGREE - lidar=0.99 m  camera=0.48 m  delta=-0.51 m  CAMERA SEES CLOSER - lidar may be missing this obstacle
[  310.8s] CAMERA/LIDAR DISAGREE - lidar=0.98 m  camera=0.48 m  delta=-0.50 m  CAMERA SEES CLOSER - lidar may be missing this obstacle
[  311.3s] CAMERA/LIDAR DISAGREE - lidar=1.00 m  camera=0.48 m  delta=-0.52 m  CAMERA SEES CLOSER - lidar may be missing this obstacle
[  311.8s] CAMERA/LIDAR DISAGREE - lidar=1.01 m  camera=0.48 m  delta=-0.52 m  CAMERA SEES CLOSER - lidar may be missing this obstacle
[  312.3s] CAMERA/LIDAR DISAGREE - lidar=1.00 m  camera=0.48 m  delta=-0.52 m  CAMERA SEES CLOSER - lidar may be missing this obstacle
[  312.8s] CAMERA/LIDAR DISAGREE - lidar=1.00 m  camera=0.48 m  delta=-0.51 m  CAMERA SEES CLOSER - lidar may be missing this obstacle
[  313.3s] CAMERA/LIDAR DISAGREE - lidar=1.00 m  camera=0.48 m  delta=-0.52 m  CAMERA SEES CLOSER - lidar may be missing this obstacle
[  313.8s] CAMERA/LIDAR DISAGREE - lidar=1.00 m  camera=0.48 m  delta=-0.52 m  CAMERA SEES CLOSER - lidar may be missing this obstacle
[  314.3s] CAMERA/LIDAR DISAGREE - lidar=1.00 m  camera=0.48 m  delta=-0.52 m  CAMERA SEES CLOSER - lidar may be missing this obstacle
[  314.8s] CAMERA/LIDAR DISAGREE - lidar=1.01 m  camera=0.48 m  delta=-0.53 m  CAMERA SEES CLOSER - lidar may be missing this obstacle
[  315.3s] CAMERA/LIDAR DISAGREE - lidar=1.00 m  camera=0.48 m  delta=-0.52 m  CAMERA SEES CLOSER - lidar may be missing this obstacle
[  315.8s] CAMERA/LIDAR DISAGREE - lidar=1.01 m  camera=0.48 m  delta=-0.52 m  CAMERA SEES CLOSER - lidar may be missing this obstacle
[  316.3s] CAMERA/LIDAR DISAGREE - lidar=1.04 m  camera=0.48 m  delta=-0.56 m  CAMERA SEES CLOSER - lidar may be missing this obstacle
[  316.8s] CAMERA/LIDAR DISAGREE - lidar=1.05 m  camera=0.48 m  delta=-0.57 m  CAMERA SEES CLOSER - lidar may be missing this obstacle
[  317.3s] CAMERA/LIDAR DISAGREE - lidar=1.02 m  camera=0.48 m  delta=-0.53 m  CAMERA SEES CLOSER - lidar may be missing this obstacle
[  317.8s] CAMERA/LIDAR DISAGREE - lidar=1.03 m  camera=0.48 m  delta=-0.55 m  CAMERA SEES CLOSER - lidar may be missing this obstacle
[  318.3s] CAMERA/LIDAR DISAGREE - lidar=1.03 m  camera=0.48 m  delta=-0.55 m  CAMERA SEES CLOSER - lidar may be missing this obstacle
[  318.8s] CAMERA/LIDAR DISAGREE - lidar=1.03 m  camera=0.48 m  delta=-0.55 m  CAMERA SEES CLOSER - lidar may be missing this obstacle
[  319.3s] CAMERA/LIDAR DISAGREE - lidar=1.03 m  camera=0.48 m  delta=-0.55 m  CAMERA SEES CLOSER - lidar may be missing this obstacle
[  319.8s] CAMERA/LIDAR DISAGREE - lidar=1.03 m  camera=0.48 m  delta=-0.55 m  CAMERA SEES CLOSER - lidar may be missing this obstacle
[  320.3s] CAMERA/LIDAR DISAGREE - lidar=1.03 m  camera=0.48 m  delta=-0.56 m  CAMERA SEES CLOSER - lidar may be missing this obstacle
[  320.8s] CAMERA/LIDAR DISAGREE - lidar=1.04 m  camera=0.48 m  delta=-0.56 m  CAMERA SEES CLOSER - lidar may be missing this obstacle
[  321.3s] CAMERA/LIDAR DISAGREE - lidar=1.04 m  camera=0.48 m  delta=-0.56 m  CAMERA SEES CLOSER - lidar may be missing this obstacle
[  321.8s] CAMERA/LIDAR DISAGREE - lidar=1.05 m  camera=0.48 m  delta=-0.57 m  CAMERA SEES CLOSER - lidar may be missing this obstacle
[  322.3s] CAMERA/LIDAR DISAGREE - lidar=1.04 m  camera=0.48 m  delta=-0.56 m  CAMERA SEES CLOSER - lidar may be missing this obstacle
[  322.8s] CAMERA/LIDAR DISAGREE - lidar=1.03 m  camera=0.48 m  delta=-0.55 m  CAMERA SEES CLOSER - lidar may be missing this obstacle
[  323.3s] CAMERA/LIDAR DISAGREE - lidar=1.04 m  camera=0.48 m  delta=-0.56 m  CAMERA SEES CLOSER - lidar may be missing this obstacle
[  323.8s] CAMERA/LIDAR DISAGREE - lidar=1.04 m  camera=0.48 m  delta=-0.56 m  CAMERA SEES CLOSER - lidar may be missing this obstacle
[  324.3s] CAMERA/LIDAR DISAGREE - lidar=1.04 m  camera=0.48 m  delta=-0.56 m  CAMERA SEES CLOSER - lidar may be missing this obstacle
[  324.8s] CAMERA/LIDAR DISAGREE - lidar=1.03 m  camera=0.48 m  delta=-0.55 m  CAMERA SEES CLOSER - lidar may be missing this obstacle
[  325.3s] CAMERA/LIDAR DISAGREE - lidar=1.03 m  camera=0.48 m  delta=-0.55 m  CAMERA SEES CLOSER - lidar may be missing this obstacle
[  325.8s] CAMERA/LIDAR DISAGREE - lidar=1.04 m  camera=0.48 m  delta=-0.55 m  CAMERA SEES CLOSER - lidar may be missing this obstacle
[  326.3s] CAMERA/LIDAR DISAGREE - lidar=1.04 m  camera=0.48 m  delta=-0.56 m  CAMERA SEES CLOSER - lidar may be missing this obstacle
[  326.8s] CAMERA/LIDAR DISAGREE - lidar=1.04 m  camera=0.48 m  delta=-0.56 m  CAMERA SEES CLOSER - lidar may be missing this obstacle
[  327.3s] CAMERA/LIDAR DISAGREE - lidar=1.03 m  camera=0.48 m  delta=-0.55 m  CAMERA SEES CLOSER - lidar may be missing this obstacle
[  327.8s] CAMERA/LIDAR DISAGREE - lidar=1.02 m  camera=0.48 m  delta=-0.54 m  CAMERA SEES CLOSER - lidar may be missing this obstacle
[  328.3s] CAMERA/LIDAR DISAGREE - lidar=1.02 m  camera=0.48 m  delta=-0.54 m  CAMERA SEES CLOSER - lidar may be missing this obstacle
[  328.8s] CAMERA/LIDAR DISAGREE - lidar=1.01 m  camera=0.48 m  delta=-0.53 m  CAMERA SEES CLOSER - lidar may be missing this obstacle
[  329.3s] CAMERA/LIDAR DISAGREE - lidar=1.01 m  camera=0.48 m  delta=-0.53 m  CAMERA SEES CLOSER - lidar may be missing this obstacle
[  329.8s] CAMERA/LIDAR DISAGREE - lidar=1.02 m  camera=0.48 m  delta=-0.54 m  CAMERA SEES CLOSER - lidar may be missing this obstacle
[  330.3s] CAMERA/LIDAR DISAGREE - lidar=1.03 m  camera=0.48 m  delta=-0.55 m  CAMERA SEES CLOSER - lidar may be missing this obstacle
[  330.8s] CAMERA/LIDAR DISAGREE - lidar=1.03 m  camera=0.48 m  delta=-0.55 m  CAMERA SEES CLOSER - lidar may be missing this obstacle
[  331.3s] CAMERA/LIDAR DISAGREE - lidar=1.03 m  camera=0.48 m  delta=-0.55 m  CAMERA SEES CLOSER - lidar may be missing this obstacle
[  331.8s] CAMERA/LIDAR DISAGREE - lidar=1.04 m  camera=0.48 m  delta=-0.56 m  CAMERA SEES CLOSER - lidar may be missing this obstacle
[  332.3s] CAMERA/LIDAR DISAGREE - lidar=1.04 m  camera=0.48 m  delta=-0.56 m  CAMERA SEES CLOSER - lidar may be missing this obstacle
[  332.8s] CAMERA/LIDAR DISAGREE - lidar=1.03 m  camera=0.48 m  delta=-0.55 m  CAMERA SEES CLOSER - lidar may be missing this obstacle
[  333.3s] CAMERA/LIDAR DISAGREE - lidar=1.03 m  camera=0.48 m  delta=-0.55 m  CAMERA SEES CLOSER - lidar may be missing this obstacle
[  333.8s] CAMERA/LIDAR DISAGREE - lidar=1.03 m  camera=0.48 m  delta=-0.55 m  CAMERA SEES CLOSER - lidar may be missing this obstacle
[  334.3s] CAMERA/LIDAR DISAGREE - lidar=1.03 m  camera=0.48 m  delta=-0.55 m  CAMERA SEES CLOSER - lidar may be missing this obstacle
[  334.8s] CAMERA/LIDAR DISAGREE - lidar=1.02 m  camera=0.48 m  delta=-0.54 m  CAMERA SEES CLOSER - lidar may be missing this obstacle
[  335.3s] CAMERA/LIDAR DISAGREE - lidar=1.02 m  camera=0.48 m  delta=-0.54 m  CAMERA SEES CLOSER - lidar may be missing this obstacle
[  335.8s] CAMERA/LIDAR DISAGREE - lidar=1.02 m  camera=0.48 m  delta=-0.54 m  CAMERA SEES CLOSER - lidar may be missing this obstacle
[  336.3s] CAMERA/LIDAR DISAGREE - lidar=1.02 m  camera=0.48 m  delta=-0.54 m  CAMERA SEES CLOSER - lidar may be missing this obstacle
[  336.8s] CAMERA/LIDAR DISAGREE - lidar=1.02 m  camera=0.48 m  delta=-0.54 m  CAMERA SEES CLOSER - lidar may be missing this obstacle
[  337.3s] CAMERA/LIDAR DISAGREE - lidar=1.02 m  camera=0.48 m  delta=-0.54 m  CAMERA SEES CLOSER - lidar may be missing this obstacle
[  337.8s] CAMERA/LIDAR DISAGREE - lidar=1.01 m  camera=0.48 m  delta=-0.53 m  CAMERA SEES CLOSER - lidar may be missing this obstacle
[  338.3s] CAMERA/LIDAR DISAGREE - lidar=1.00 m  camera=0.48 m  delta=-0.52 m  CAMERA SEES CLOSER - lidar may be missing this obstacle
[  338.8s] CAMERA/LIDAR DISAGREE - lidar=1.00 m  camera=0.48 m  delta=-0.51 m  CAMERA SEES CLOSER - lidar may be missing this obstacle
[  339.3s] CAMERA/LIDAR DISAGREE - lidar=1.00 m  camera=0.48 m  delta=-0.52 m  CAMERA SEES CLOSER - lidar may be missing this obstacle
[  339.8s] CAMERA/LIDAR DISAGREE - lidar=1.02 m  camera=0.48 m  delta=-0.54 m  CAMERA SEES CLOSER - lidar may be missing this obstacle
[  340.3s] CAMERA/LIDAR DISAGREE - lidar=1.02 m  camera=0.48 m  delta=-0.54 m  CAMERA SEES CLOSER - lidar may be missing this obstacle
[  340.8s] CAMERA/LIDAR DISAGREE - lidar=1.04 m  camera=0.48 m  delta=-0.56 m  CAMERA SEES CLOSER - lidar may be missing this obstacle
[  341.3s] CAMERA/LIDAR DISAGREE - lidar=1.01 m  camera=0.48 m  delta=-0.52 m  CAMERA SEES CLOSER - lidar may be missing this obstacle
[  341.8s] CAMERA/LIDAR DISAGREE - lidar=1.02 m  camera=0.48 m  delta=-0.54 m  CAMERA SEES CLOSER - lidar may be missing this obstacle
[  342.3s] CAMERA/LIDAR DISAGREE - lidar=1.02 m  camera=0.48 m  delta=-0.54 m  CAMERA SEES CLOSER - lidar may be missing this obstacle
[  342.8s] CAMERA/LIDAR DISAGREE - lidar=1.02 m  camera=0.48 m  delta=-0.54 m  CAMERA SEES CLOSER - lidar may be missing this obstacle
[  343.3s] CAMERA/LIDAR DISAGREE - lidar=1.01 m  camera=0.48 m  delta=-0.53 m  CAMERA SEES CLOSER - lidar may be missing this obstacle
[  343.8s] CAMERA/LIDAR DISAGREE - lidar=1.01 m  camera=0.48 m  delta=-0.53 m  CAMERA SEES CLOSER - lidar may be missing this obstacle
[  344.3s] CAMERA/LIDAR DISAGREE - lidar=1.00 m  camera=0.48 m  delta=-0.52 m  CAMERA SEES CLOSER - lidar may be missing this obstacle
[  344.8s] CAMERA/LIDAR DISAGREE - lidar=1.00 m  camera=0.48 m  delta=-0.52 m  CAMERA SEES CLOSER - lidar may be missing this obstacle
[  345.3s] CAMERA/LIDAR DISAGREE - lidar=0.99 m  camera=0.48 m  delta=-0.51 m  CAMERA SEES CLOSER - lidar may be missing this obstacle
[  345.8s] CAMERA/LIDAR DISAGREE - lidar=0.99 m  camera=0.48 m  delta=-0.51 m  CAMERA SEES CLOSER - lidar may be missing this obstacle
[  346.3s] CAMERA/LIDAR DISAGREE - lidar=0.99 m  camera=0.48 m  delta=-0.51 m  CAMERA SEES CLOSER - lidar may be missing this obstacle
[  346.8s] CAMERA/LIDAR DISAGREE - lidar=1.00 m  camera=0.48 m  delta=-0.52 m  CAMERA SEES CLOSER - lidar may be missing this obstacle
[  347.3s] CAMERA/LIDAR DISAGREE - lidar=0.99 m  camera=0.48 m  delta=-0.51 m  CAMERA SEES CLOSER - lidar may be missing this obstacle
[  347.8s] CAMERA/LIDAR DISAGREE - lidar=0.99 m  camera=0.48 m  delta=-0.51 m  CAMERA SEES CLOSER - lidar may be missing this obstacle
[  348.3s] CAMERA/LIDAR DISAGREE - lidar=0.99 m  camera=0.48 m  delta=-0.51 m  CAMERA SEES CLOSER - lidar may be missing this obstacle
[  348.8s] CAMERA/LIDAR DISAGREE - lidar=0.99 m  camera=0.48 m  delta=-0.51 m  CAMERA SEES CLOSER - lidar may be missing this obstacle
[  349.3s] CAMERA/LIDAR DISAGREE - lidar=0.99 m  camera=0.48 m  delta=-0.51 m  CAMERA SEES CLOSER - lidar may be missing this obstacle
[  349.8s] CAMERA/LIDAR DISAGREE - lidar=0.96 m  camera=0.48 m  delta=-0.48 m  CAMERA SEES CLOSER - lidar may be missing this obstacle
[  350.3s] CAMERA/LIDAR DISAGREE - lidar=0.99 m  camera=0.48 m  delta=-0.50 m  CAMERA SEES CLOSER - lidar may be missing this obstacle
[  350.8s] CAMERA/LIDAR DISAGREE - lidar=1.02 m  camera=0.48 m  delta=-0.54 m  CAMERA SEES CLOSER - lidar may be missing this obstacle
[  351.3s] CAMERA/LIDAR DISAGREE - lidar=1.04 m  camera=0.48 m  delta=-0.56 m  CAMERA SEES CLOSER - lidar may be missing this obstacle
[  351.8s] CAMERA/LIDAR DISAGREE - lidar=1.05 m  camera=0.48 m  delta=-0.57 m  CAMERA SEES CLOSER - lidar may be missing this obstacle
[  352.3s] CAMERA/LIDAR DISAGREE - lidar=1.08 m  camera=0.48 m  delta=-0.60 m  CAMERA SEES CLOSER - lidar may be missing this obstacle
[  352.8s] CAMERA/LIDAR DISAGREE - lidar=1.16 m  camera=0.48 m  delta=-0.68 m  CAMERA SEES CLOSER - lidar may be missing this obstacle
[  353.3s] CAMERA/LIDAR DISAGREE - lidar=1.22 m  camera=0.48 m  delta=-0.74 m  CAMERA SEES CLOSER - lidar may be missing this obstacle
[  353.8s] CAMERA/LIDAR DISAGREE - lidar=1.21 m  camera=0.48 m  delta=-0.73 m  CAMERA SEES CLOSER - lidar may be missing this obstacle
[  354.3s] CAMERA/LIDAR DISAGREE - lidar=1.21 m  camera=0.48 m  delta=-0.73 m  CAMERA SEES CLOSER - lidar may be missing this obstacle
[  354.8s] CAMERA/LIDAR DISAGREE - lidar=1.22 m  camera=0.48 m  delta=-0.74 m  CAMERA SEES CLOSER - lidar may be missing this obstacle
[  355.3s] CAMERA/LIDAR DISAGREE - lidar=1.23 m  camera=0.48 m  delta=-0.75 m  CAMERA SEES CLOSER - lidar may be missing this obstacle
[  355.8s] CAMERA/LIDAR DISAGREE - lidar=1.23 m  camera=0.48 m  delta=-0.75 m  CAMERA SEES CLOSER - lidar may be missing this obstacle
[  356.3s] CAMERA/LIDAR DISAGREE - lidar=1.22 m  camera=0.48 m  delta=-0.74 m  CAMERA SEES CLOSER - lidar may be missing this obstacle
[  356.8s] CAMERA/LIDAR DISAGREE - lidar=1.25 m  camera=0.48 m  delta=-0.77 m  CAMERA SEES CLOSER - lidar may be missing this obstacle
[  357.3s] CAMERA/LIDAR DISAGREE - lidar=1.22 m  camera=0.48 m  delta=-0.74 m  CAMERA SEES CLOSER - lidar may be missing this obstacle
[  357.8s] CAMERA/LIDAR DISAGREE - lidar=1.24 m  camera=0.48 m  delta=-0.76 m  CAMERA SEES CLOSER - lidar may be missing this obstacle
[  358.3s] CAMERA/LIDAR DISAGREE - lidar=1.24 m  camera=0.48 m  delta=-0.76 m  CAMERA SEES CLOSER - lidar may be missing this obstacle
[  358.8s] CAMERA/LIDAR DISAGREE - lidar=1.23 m  camera=0.48 m  delta=-0.75 m  CAMERA SEES CLOSER - lidar may be missing this obstacle
[  359.3s] CAMERA/LIDAR DISAGREE - lidar=1.24 m  camera=0.48 m  delta=-0.76 m  CAMERA SEES CLOSER - lidar may be missing this obstacle
[  359.8s] CAMERA/LIDAR DISAGREE - lidar=1.21 m  camera=0.48 m  delta=-0.74 m  CAMERA SEES CLOSER - lidar may be missing this obstacle
[  360.3s] CAMERA/LIDAR DISAGREE - lidar=1.21 m  camera=0.48 m  delta=-0.73 m  CAMERA SEES CLOSER - lidar may be missing this obstacle
[  360.8s] CAMERA/LIDAR DISAGREE - lidar=1.21 m  camera=0.48 m  delta=-0.73 m  CAMERA SEES CLOSER - lidar may be missing this obstacle
[  361.3s] CAMERA/LIDAR DISAGREE - lidar=1.22 m  camera=0.48 m  delta=-0.74 m  CAMERA SEES CLOSER - lidar may be missing this obstacle
[  361.8s] CAMERA/LIDAR DISAGREE - lidar=1.24 m  camera=0.48 m  delta=-0.77 m  CAMERA SEES CLOSER - lidar may be missing this obstacle
[  362.3s] CAMERA/LIDAR DISAGREE - lidar=1.24 m  camera=0.48 m  delta=-0.77 m  CAMERA SEES CLOSER - lidar may be missing this obstacle
[  362.8s] CAMERA/LIDAR DISAGREE - lidar=1.25 m  camera=0.48 m  delta=-0.77 m  CAMERA SEES CLOSER - lidar may be missing this obstacle
[  363.3s] CAMERA/LIDAR DISAGREE - lidar=1.24 m  camera=0.48 m  delta=-0.76 m  CAMERA SEES CLOSER - lidar may be missing this obstacle
[  363.8s] CAMERA/LIDAR DISAGREE - lidar=1.32 m  camera=0.48 m  delta=-0.85 m  CAMERA SEES CLOSER - lidar may be missing this obstacle
[  364.3s] CAMERA/LIDAR DISAGREE - lidar=1.30 m  camera=0.48 m  delta=-0.82 m  CAMERA SEES CLOSER - lidar may be missing this obstacle
[  364.8s] CAMERA/LIDAR DISAGREE - lidar=1.26 m  camera=0.48 m  delta=-0.78 m  CAMERA SEES CLOSER - lidar may be missing this obstacle
[  365.3s] CAMERA/LIDAR DISAGREE - lidar=1.26 m  camera=0.48 m  delta=-0.78 m  CAMERA SEES CLOSER - lidar may be missing this obstacle
[  365.8s] CAMERA/LIDAR DISAGREE - lidar=1.26 m  camera=0.48 m  delta=-0.78 m  CAMERA SEES CLOSER - lidar may be missing this obstacle
[  366.3s] CAMERA/LIDAR DISAGREE - lidar=1.26 m  camera=0.48 m  delta=-0.78 m  CAMERA SEES CLOSER - lidar may be missing this obstacle
[  366.8s] CAMERA/LIDAR DISAGREE - lidar=1.25 m  camera=0.48 m  delta=-0.78 m  CAMERA SEES CLOSER - lidar may be missing this obstacle
[  367.3s] CAMERA/LIDAR DISAGREE - lidar=1.26 m  camera=0.48 m  delta=-0.78 m  CAMERA SEES CLOSER - lidar may be missing this obstacle
[  367.8s] CAMERA/LIDAR DISAGREE - lidar=1.25 m  camera=0.48 m  delta=-0.77 m  CAMERA SEES CLOSER - lidar may be missing this obstacle
[  368.3s] CAMERA/LIDAR DISAGREE - lidar=1.25 m  camera=0.48 m  delta=-0.77 m  CAMERA SEES CLOSER - lidar may be missing this obstacle
[  368.8s] CAMERA/LIDAR DISAGREE - lidar=1.25 m  camera=0.48 m  delta=-0.78 m  CAMERA SEES CLOSER - lidar may be missing this obstacle
[  369.3s] CAMERA/LIDAR DISAGREE - lidar=1.25 m  camera=0.48 m  delta=-0.77 m  CAMERA SEES CLOSER - lidar may be missing this obstacle
[  369.8s] CAMERA/LIDAR DISAGREE - lidar=1.25 m  camera=0.48 m  delta=-0.78 m  CAMERA SEES CLOSER - lidar may be missing this obstacle
[  370.3s] CAMERA/LIDAR DISAGREE - lidar=1.27 m  camera=0.48 m  delta=-0.79 m  CAMERA SEES CLOSER - lidar may be missing this obstacle
[  370.8s] CAMERA/LIDAR DISAGREE - lidar=1.26 m  camera=0.48 m  delta=-0.78 m  CAMERA SEES CLOSER - lidar may be missing this obstacle
[  371.3s] CAMERA/LIDAR DISAGREE - lidar=1.25 m  camera=0.48 m  delta=-0.77 m  CAMERA SEES CLOSER - lidar may be missing this obstacle
[  371.8s] CAMERA/LIDAR DISAGREE - lidar=1.26 m  camera=0.48 m  delta=-0.78 m  CAMERA SEES CLOSER - lidar may be missing this obstacle
[  372.3s] CAMERA/LIDAR DISAGREE - lidar=1.25 m  camera=0.48 m  delta=-0.77 m  CAMERA SEES CLOSER - lidar may be missing this obstacle
[  372.8s] CAMERA/LIDAR DISAGREE - lidar=1.27 m  camera=0.48 m  delta=-0.79 m  CAMERA SEES CLOSER - lidar may be missing this obstacle
[  373.3s] CAMERA/LIDAR DISAGREE - lidar=1.24 m  camera=0.48 m  delta=-0.76 m  CAMERA SEES CLOSER - lidar may be missing this obstacle
[  373.8s] CAMERA/LIDAR DISAGREE - lidar=1.24 m  camera=0.48 m  delta=-0.76 m  CAMERA SEES CLOSER - lidar may be missing this obstacle
[  374.3s] CAMERA/LIDAR DISAGREE - lidar=1.24 m  camera=0.48 m  delta=-0.76 m  CAMERA SEES CLOSER - lidar may be missing this obstacle
[  374.8s] CAMERA/LIDAR DISAGREE - lidar=1.24 m  camera=0.48 m  delta=-0.76 m  CAMERA SEES CLOSER - lidar may be missing this obstacle
[  375.3s] CAMERA/LIDAR DISAGREE - lidar=1.21 m  camera=0.48 m  delta=-0.73 m  CAMERA SEES CLOSER - lidar may be missing this obstacle
[  375.8s] CAMERA/LIDAR DISAGREE - lidar=1.13 m  camera=0.48 m  delta=-0.65 m  CAMERA SEES CLOSER - lidar may be missing this obstacle
[  376.3s] CAMERA/LIDAR DISAGREE - lidar=1.10 m  camera=0.48 m  delta=-0.62 m  CAMERA SEES CLOSER - lidar may be missing this obstacle
[  376.8s] CAMERA/LIDAR DISAGREE - lidar=1.08 m  camera=0.48 m  delta=-0.60 m  CAMERA SEES CLOSER - lidar may be missing this obstacle
[  377.3s] CAMERA/LIDAR DISAGREE - lidar=1.04 m  camera=0.48 m  delta=-0.56 m  CAMERA SEES CLOSER - lidar may be missing this obstacle
[  377.8s] CAMERA/LIDAR DISAGREE - lidar=1.02 m  camera=0.48 m  delta=-0.54 m  CAMERA SEES CLOSER - lidar may be missing this obstacle
[  378.3s] CAMERA/LIDAR DISAGREE - lidar=1.03 m  camera=0.48 m  delta=-0.55 m  CAMERA SEES CLOSER - lidar may be missing this obstacle
[  378.8s] CAMERA/LIDAR DISAGREE - lidar=1.02 m  camera=0.48 m  delta=-0.54 m  CAMERA SEES CLOSER - lidar may be missing this obstacle
[  379.3s] CAMERA/LIDAR DISAGREE - lidar=1.01 m  camera=0.48 m  delta=-0.53 m  CAMERA SEES CLOSER - lidar may be missing this obstacle
[  379.8s] CAMERA/LIDAR DISAGREE - lidar=1.00 m  camera=0.48 m  delta=-0.52 m  CAMERA SEES CLOSER - lidar may be missing this obstacle
[  380.3s] CAMERA/LIDAR DISAGREE - lidar=0.99 m  camera=0.48 m  delta=-0.51 m  CAMERA SEES CLOSER - lidar may be missing this obstacle
[  380.8s] CAMERA/LIDAR DISAGREE - lidar=1.07 m  camera=0.48 m  delta=-0.59 m  CAMERA SEES CLOSER - lidar may be missing this obstacle
[  381.3s] CAMERA/LIDAR DISAGREE - lidar=1.15 m  camera=0.48 m  delta=-0.67 m  CAMERA SEES CLOSER - lidar may be missing this obstacle
[  381.8s] CAMERA/LIDAR DISAGREE - lidar=1.18 m  camera=0.48 m  delta=-0.70 m  CAMERA SEES CLOSER - lidar may be missing this obstacle
[  382.3s] CAMERA/LIDAR DISAGREE - lidar=1.16 m  camera=0.48 m  delta=-0.68 m  CAMERA SEES CLOSER - lidar may be missing this obstacle
[  382.8s] CAMERA/LIDAR DISAGREE - lidar=1.15 m  camera=0.48 m  delta=-0.67 m  CAMERA SEES CLOSER - lidar may be missing this obstacle
[  383.3s] CAMERA/LIDAR DISAGREE - lidar=1.14 m  camera=0.48 m  delta=-0.66 m  CAMERA SEES CLOSER - lidar may be missing this obstacle
[  383.8s] CAMERA/LIDAR DISAGREE - lidar=1.15 m  camera=0.48 m  delta=-0.67 m  CAMERA SEES CLOSER - lidar may be missing this obstacle
[  384.3s] CAMERA/LIDAR DISAGREE - lidar=1.15 m  camera=0.48 m  delta=-0.67 m  CAMERA SEES CLOSER - lidar may be missing this obstacle
[  384.8s] CAMERA/LIDAR DISAGREE - lidar=1.14 m  camera=0.48 m  delta=-0.66 m  CAMERA SEES CLOSER - lidar may be missing this obstacle
[  385.3s] CAMERA/LIDAR DISAGREE - lidar=1.15 m  camera=0.48 m  delta=-0.68 m  CAMERA SEES CLOSER - lidar may be missing this obstacle
[  385.8s] CAMERA/LIDAR DISAGREE - lidar=1.15 m  camera=0.48 m  delta=-0.67 m  CAMERA SEES CLOSER - lidar may be missing this obstacle
[  386.3s] CAMERA/LIDAR DISAGREE - lidar=1.15 m  camera=0.48 m  delta=-0.67 m  CAMERA SEES CLOSER - lidar may be missing this obstacle
[  386.8s] CAMERA/LIDAR DISAGREE - lidar=1.15 m  camera=0.48 m  delta=-0.67 m  CAMERA SEES CLOSER - lidar may be missing this obstacle
[  387.3s] CAMERA/LIDAR DISAGREE - lidar=1.17 m  camera=0.48 m  delta=-0.69 m  CAMERA SEES CLOSER - lidar may be missing this obstacle
[  387.8s] CAMERA/LIDAR DISAGREE - lidar=1.17 m  camera=0.48 m  delta=-0.70 m  CAMERA SEES CLOSER - lidar may be missing this obstacle
[  388.3s] CAMERA/LIDAR DISAGREE - lidar=1.17 m  camera=0.48 m  delta=-0.69 m  CAMERA SEES CLOSER - lidar may be missing this obstacle
[  388.8s] CAMERA/LIDAR DISAGREE - lidar=1.16 m  camera=0.48 m  delta=-0.69 m  CAMERA SEES CLOSER - lidar may be missing this obstacle
[  389.3s] CAMERA/LIDAR DISAGREE - lidar=1.17 m  camera=0.48 m  delta=-0.69 m  CAMERA SEES CLOSER - lidar may be missing this obstacle
[  389.8s] CAMERA/LIDAR DISAGREE - lidar=1.17 m  camera=0.48 m  delta=-0.69 m  CAMERA SEES CLOSER - lidar may be missing this obstacle
[  390.3s] CAMERA/LIDAR DISAGREE - lidar=1.16 m  camera=0.48 m  delta=-0.69 m  CAMERA SEES CLOSER - lidar may be missing this obstacle
[  390.8s] CAMERA/LIDAR DISAGREE - lidar=1.16 m  camera=0.48 m  delta=-0.68 m  CAMERA SEES CLOSER - lidar may be missing this obstacle
[  391.3s] CAMERA/LIDAR DISAGREE - lidar=1.16 m  camera=0.48 m  delta=-0.68 m  CAMERA SEES CLOSER - lidar may be missing this obstacle
[  391.8s] CAMERA/LIDAR DISAGREE - lidar=1.15 m  camera=0.48 m  delta=-0.67 m  CAMERA SEES CLOSER - lidar may be missing this obstacle
[  392.3s] CAMERA/LIDAR DISAGREE - lidar=1.16 m  camera=0.48 m  delta=-0.68 m  CAMERA SEES CLOSER - lidar may be missing this obstacle
[  392.8s] CAMERA/LIDAR DISAGREE - lidar=1.15 m  camera=0.48 m  delta=-0.67 m  CAMERA SEES CLOSER - lidar may be missing this obstacle
[  393.3s] CAMERA/LIDAR DISAGREE - lidar=1.14 m  camera=0.48 m  delta=-0.66 m  CAMERA SEES CLOSER - lidar may be missing this obstacle
[  393.8s] CAMERA/LIDAR DISAGREE - lidar=1.13 m  camera=0.48 m  delta=-0.65 m  CAMERA SEES CLOSER - lidar may be missing this obstacle
[  394.3s] CAMERA/LIDAR DISAGREE - lidar=1.14 m  camera=0.48 m  delta=-0.66 m  CAMERA SEES CLOSER - lidar may be missing this obstacle
[  394.8s] CAMERA/LIDAR DISAGREE - lidar=1.14 m  camera=0.48 m  delta=-0.66 m  CAMERA SEES CLOSER - lidar may be missing this obstacle
[  395.3s] CAMERA/LIDAR DISAGREE - lidar=1.15 m  camera=0.48 m  delta=-0.67 m  CAMERA SEES CLOSER - lidar may be missing this obstacle
[  395.8s] CAMERA/LIDAR DISAGREE - lidar=1.16 m  camera=0.48 m  delta=-0.68 m  CAMERA SEES CLOSER - lidar may be missing this obstacle
[  396.3s] CAMERA/LIDAR DISAGREE - lidar=1.16 m  camera=0.48 m  delta=-0.68 m  CAMERA SEES CLOSER - lidar may be missing this obstacle
[  396.8s] CAMERA/LIDAR DISAGREE - lidar=1.16 m  camera=0.48 m  delta=-0.68 m  CAMERA SEES CLOSER - lidar may be missing this obstacle
[  397.3s] CAMERA/LIDAR DISAGREE - lidar=1.18 m  camera=0.48 m  delta=-0.70 m  CAMERA SEES CLOSER - lidar may be missing this obstacle
[  397.8s] CAMERA/LIDAR DISAGREE - lidar=1.17 m  camera=0.48 m  delta=-0.69 m  CAMERA SEES CLOSER - lidar may be missing this obstacle
[  398.3s] CAMERA/LIDAR DISAGREE - lidar=1.12 m  camera=0.48 m  delta=-0.64 m  CAMERA SEES CLOSER - lidar may be missing this obstacle
[  398.8s] CAMERA/LIDAR DISAGREE - lidar=1.13 m  camera=0.48 m  delta=-0.65 m  CAMERA SEES CLOSER - lidar may be missing this obstacle
[  399.3s] CAMERA/LIDAR DISAGREE - lidar=1.11 m  camera=0.48 m  delta=-0.63 m  CAMERA SEES CLOSER - lidar may be missing this obstacle
[  399.8s] CAMERA/LIDAR DISAGREE - lidar=1.11 m  camera=0.48 m  delta=-0.63 m  CAMERA SEES CLOSER - lidar may be missing this obstacle
[  400.3s] CAMERA/LIDAR DISAGREE - lidar=1.10 m  camera=0.48 m  delta=-0.62 m  CAMERA SEES CLOSER - lidar may be missing this obstacle
[  400.8s] CAMERA/LIDAR DISAGREE - lidar=1.12 m  camera=0.48 m  delta=-0.64 m  CAMERA SEES CLOSER - lidar may be missing this obstacle
[  401.3s] CAMERA/LIDAR DISAGREE - lidar=1.12 m  camera=0.48 m  delta=-0.64 m  CAMERA SEES CLOSER - lidar may be missing this obstacle
[  403.3s] CAMERA/LIDAR DISAGREE - lidar=1.11 m  camera=0.48 m  delta=-0.63 m  CAMERA SEES CLOSER - lidar may be missing this obstacle
[  403.8s] CAMERA/LIDAR DISAGREE - lidar=1.17 m  camera=0.48 m  delta=-0.69 m  CAMERA SEES CLOSER - lidar may be missing this obstacle
[  404.3s] CAMERA/LIDAR DISAGREE - lidar=1.25 m  camera=0.48 m  delta=-0.77 m  CAMERA SEES CLOSER - lidar may be missing this obstacle
[  404.8s] CAMERA/LIDAR DISAGREE - lidar=1.34 m  camera=0.48 m  delta=-0.86 m  CAMERA SEES CLOSER - lidar may be missing this obstacle
[  405.3s] CAMERA/LIDAR DISAGREE - lidar=1.43 m  camera=0.48 m  delta=-0.96 m  CAMERA SEES CLOSER - lidar may be missing this obstacle
[  405.8s] CAMERA/LIDAR DISAGREE - lidar=1.45 m  camera=0.48 m  delta=-0.97 m  CAMERA SEES CLOSER - lidar may be missing this obstacle
[  406.3s] CAMERA/LIDAR DISAGREE - lidar=1.35 m  camera=0.48 m  delta=-0.87 m  CAMERA SEES CLOSER - lidar may be missing this obstacle
[  406.8s] CAMERA/LIDAR DISAGREE - lidar=1.16 m  camera=0.48 m  delta=-0.68 m  CAMERA SEES CLOSER - lidar may be missing this obstacle
[  407.3s] CAMERA/LIDAR DISAGREE - lidar=1.12 m  camera=0.48 m  delta=-0.64 m  CAMERA SEES CLOSER - lidar may be missing this obstacle
[  407.8s] CAMERA/LIDAR DISAGREE - lidar=1.13 m  camera=0.48 m  delta=-0.65 m  CAMERA SEES CLOSER - lidar may be missing this obstacle
[  408.3s] CAMERA/LIDAR DISAGREE - lidar=1.12 m  camera=0.48 m  delta=-0.64 m  CAMERA SEES CLOSER - lidar may be missing this obstacle
[  408.8s] CAMERA/LIDAR DISAGREE - lidar=1.12 m  camera=0.48 m  delta=-0.65 m  CAMERA SEES CLOSER - lidar may be missing this obstacle
[  409.3s] CAMERA/LIDAR DISAGREE - lidar=1.12 m  camera=0.48 m  delta=-0.65 m  CAMERA SEES CLOSER - lidar may be missing this obstacle
[  409.8s] CAMERA/LIDAR DISAGREE - lidar=1.14 m  camera=0.48 m  delta=-0.66 m  CAMERA SEES CLOSER - lidar may be missing this obstacle
[  410.3s] CAMERA/LIDAR DISAGREE - lidar=1.12 m  camera=0.48 m  delta=-0.65 m  CAMERA SEES CLOSER - lidar may be missing this obstacle
[  410.8s] CAMERA/LIDAR DISAGREE - lidar=1.13 m  camera=0.48 m  delta=-0.65 m  CAMERA SEES CLOSER - lidar may be missing this obstacle
[  411.3s] CAMERA/LIDAR DISAGREE - lidar=1.14 m  camera=0.48 m  delta=-0.66 m  CAMERA SEES CLOSER - lidar may be missing this obstacle
[  411.8s] CAMERA/LIDAR DISAGREE - lidar=1.13 m  camera=0.48 m  delta=-0.66 m  CAMERA SEES CLOSER - lidar may be missing this obstacle
[  412.3s] CAMERA/LIDAR DISAGREE - lidar=1.13 m  camera=0.48 m  delta=-0.66 m  CAMERA SEES CLOSER - lidar may be missing this obstacle
[  412.8s] CAMERA/LIDAR DISAGREE - lidar=1.12 m  camera=0.48 m  delta=-0.64 m  CAMERA SEES CLOSER - lidar may be missing this obstacle
[  413.3s] CAMERA/LIDAR DISAGREE - lidar=1.13 m  camera=0.48 m  delta=-0.66 m  CAMERA SEES CLOSER - lidar may be missing this obstacle
[  413.8s] CAMERA/LIDAR DISAGREE - lidar=1.14 m  camera=0.48 m  delta=-0.66 m  CAMERA SEES CLOSER - lidar may be missing this obstacle
[  414.3s] CAMERA/LIDAR DISAGREE - lidar=1.19 m  camera=0.48 m  delta=-0.71 m  CAMERA SEES CLOSER - lidar may be missing this obstacle
[  414.8s] CAMERA/LIDAR DISAGREE - lidar=1.19 m  camera=0.48 m  delta=-0.72 m  CAMERA SEES CLOSER - lidar may be missing this obstacle
[  415.3s] CAMERA/LIDAR DISAGREE - lidar=1.20 m  camera=0.48 m  delta=-0.72 m  CAMERA SEES CLOSER - lidar may be missing this obstacle
[  415.8s] CAMERA/LIDAR DISAGREE - lidar=1.19 m  camera=0.48 m  delta=-0.71 m  CAMERA SEES CLOSER - lidar may be missing this obstacle
[  416.3s] CAMERA/LIDAR DISAGREE - lidar=1.20 m  camera=0.48 m  delta=-0.72 m  CAMERA SEES CLOSER - lidar may be missing this obstacle
[  416.8s] CAMERA/LIDAR DISAGREE - lidar=1.20 m  camera=0.48 m  delta=-0.72 m  CAMERA SEES CLOSER - lidar may be missing this obstacle
[  417.3s] CAMERA/LIDAR DISAGREE - lidar=1.22 m  camera=0.48 m  delta=-0.74 m  CAMERA SEES CLOSER - lidar may be missing this obstacle
[  417.8s] CAMERA/LIDAR DISAGREE - lidar=1.21 m  camera=0.48 m  delta=-0.74 m  CAMERA SEES CLOSER - lidar may be missing this obstacle
[  418.3s] CAMERA/LIDAR DISAGREE - lidar=1.21 m  camera=0.48 m  delta=-0.73 m  CAMERA SEES CLOSER - lidar may be missing this obstacle
[  418.8s] CAMERA/LIDAR DISAGREE - lidar=1.21 m  camera=0.48 m  delta=-0.73 m  CAMERA SEES CLOSER - lidar may be missing this obstacle
[  419.3s] CAMERA/LIDAR DISAGREE - lidar=1.21 m  camera=0.48 m  delta=-0.73 m  CAMERA SEES CLOSER - lidar may be missing this obstacle
[  419.8s] CAMERA/LIDAR DISAGREE - lidar=1.21 m  camera=0.48 m  delta=-0.74 m  CAMERA SEES CLOSER - lidar may be missing this obstacle
[  420.3s] CAMERA/LIDAR DISAGREE - lidar=1.21 m  camera=0.48 m  delta=-0.73 m  CAMERA SEES CLOSER - lidar may be missing this obstacle
[  420.8s] CAMERA/LIDAR DISAGREE - lidar=1.19 m  camera=0.48 m  delta=-0.71 m  CAMERA SEES CLOSER - lidar may be missing this obstacle
[  421.3s] CAMERA/LIDAR DISAGREE - lidar=1.20 m  camera=0.48 m  delta=-0.72 m  CAMERA SEES CLOSER - lidar may be missing this obstacle
[  421.8s] CAMERA/LIDAR DISAGREE - lidar=1.20 m  camera=0.48 m  delta=-0.72 m  CAMERA SEES CLOSER - lidar may be missing this obstacle
[  422.3s] CAMERA/LIDAR DISAGREE - lidar=1.20 m  camera=0.48 m  delta=-0.71 m  CAMERA SEES CLOSER - lidar may be missing this obstacle
[  422.8s] CAMERA/LIDAR DISAGREE - lidar=1.19 m  camera=0.48 m  delta=-0.71 m  CAMERA SEES CLOSER - lidar may be missing this obstacle
[  423.3s] CAMERA/LIDAR DISAGREE - lidar=1.20 m  camera=0.48 m  delta=-0.72 m  CAMERA SEES CLOSER - lidar may be missing this obstacle
[  423.8s] CAMERA/LIDAR DISAGREE - lidar=1.20 m  camera=0.48 m  delta=-0.72 m  CAMERA SEES CLOSER - lidar may be missing this obstacle
[  424.3s] CAMERA/LIDAR DISAGREE - lidar=1.20 m  camera=0.48 m  delta=-0.73 m  CAMERA SEES CLOSER - lidar may be missing this obstacle
[  424.8s] CAMERA/LIDAR DISAGREE - lidar=1.21 m  camera=0.48 m  delta=-0.74 m  CAMERA SEES CLOSER - lidar may be missing this obstacle
[  425.3s] CAMERA/LIDAR DISAGREE - lidar=1.18 m  camera=0.48 m  delta=-0.70 m  CAMERA SEES CLOSER - lidar may be missing this obstacle
[  425.8s] CAMERA/LIDAR DISAGREE - lidar=1.17 m  camera=0.48 m  delta=-0.69 m  CAMERA SEES CLOSER - lidar may be missing this obstacle
[  426.3s] CAMERA/LIDAR DISAGREE - lidar=1.18 m  camera=0.48 m  delta=-0.70 m  CAMERA SEES CLOSER - lidar may be missing this obstacle
[  426.8s] CAMERA/LIDAR DISAGREE - lidar=1.17 m  camera=0.48 m  delta=-0.70 m  CAMERA SEES CLOSER - lidar may be missing this obstacle
[  427.3s] CAMERA/LIDAR DISAGREE - lidar=1.16 m  camera=0.48 m  delta=-0.68 m  CAMERA SEES CLOSER - lidar may be missing this obstacle
[  427.8s] CAMERA/LIDAR DISAGREE - lidar=1.15 m  camera=0.48 m  delta=-0.67 m  CAMERA SEES CLOSER - lidar may be missing this obstacle
[  428.3s] CAMERA/LIDAR DISAGREE - lidar=1.16 m  camera=0.48 m  delta=-0.68 m  CAMERA SEES CLOSER - lidar may be missing this obstacle
[  428.8s] CAMERA/LIDAR DISAGREE - lidar=1.17 m  camera=0.48 m  delta=-0.69 m  CAMERA SEES CLOSER - lidar may be missing this obstacle
[  429.3s] CAMERA/LIDAR DISAGREE - lidar=1.18 m  camera=0.48 m  delta=-0.70 m  CAMERA SEES CLOSER - lidar may be missing this obstacle
[  429.8s] CAMERA/LIDAR DISAGREE - lidar=1.15 m  camera=0.48 m  delta=-0.67 m  CAMERA SEES CLOSER - lidar may be missing this obstacle
[  430.3s] CAMERA/LIDAR DISAGREE - lidar=1.11 m  camera=0.48 m  delta=-0.63 m  CAMERA SEES CLOSER - lidar may be missing this obstacle
[  430.8s] CAMERA/LIDAR DISAGREE - lidar=1.10 m  camera=0.48 m  delta=-0.62 m  CAMERA SEES CLOSER - lidar may be missing this obstacle
[  431.3s] CAMERA/LIDAR DISAGREE - lidar=1.13 m  camera=0.48 m  delta=-0.65 m  CAMERA SEES CLOSER - lidar may be missing this obstacle
[  431.8s] CAMERA/LIDAR DISAGREE - lidar=1.14 m  camera=0.48 m  delta=-0.66 m  CAMERA SEES CLOSER - lidar may be missing this obstacle
[  432.3s] CAMERA/LIDAR DISAGREE - lidar=1.15 m  camera=0.48 m  delta=-0.67 m  CAMERA SEES CLOSER - lidar may be missing this obstacle
[  432.8s] CAMERA/LIDAR DISAGREE - lidar=1.12 m  camera=0.48 m  delta=-0.65 m  CAMERA SEES CLOSER - lidar may be missing this obstacle
[  433.3s] CAMERA/LIDAR DISAGREE - lidar=1.07 m  camera=0.48 m  delta=-0.60 m  CAMERA SEES CLOSER - lidar may be missing this obstacle
[  433.8s] CAMERA/LIDAR DISAGREE - lidar=1.04 m  camera=0.48 m  delta=-0.57 m  CAMERA SEES CLOSER - lidar may be missing this obstacle
[  434.3s] CAMERA/LIDAR DISAGREE - lidar=1.06 m  camera=0.48 m  delta=-0.59 m  CAMERA SEES CLOSER - lidar may be missing this obstacle
[  434.8s] CAMERA/LIDAR DISAGREE - lidar=1.06 m  camera=0.48 m  delta=-0.59 m  CAMERA SEES CLOSER - lidar may be missing this obstacle
[  435.3s] CAMERA/LIDAR DISAGREE - lidar=1.06 m  camera=0.48 m  delta=-0.58 m  CAMERA SEES CLOSER - lidar may be missing this obstacle
[  435.8s] CAMERA/LIDAR DISAGREE - lidar=1.07 m  camera=0.48 m  delta=-0.59 m  CAMERA SEES CLOSER - lidar may be missing this obstacle
[  436.3s] CAMERA/LIDAR DISAGREE - lidar=1.09 m  camera=0.48 m  delta=-0.62 m  CAMERA SEES CLOSER - lidar may be missing this obstacle
[  436.8s] CAMERA/LIDAR DISAGREE - lidar=1.16 m  camera=0.48 m  delta=-0.68 m  CAMERA SEES CLOSER - lidar may be missing this obstacle
[  437.3s] CAMERA/LIDAR DISAGREE - lidar=1.15 m  camera=0.48 m  delta=-0.67 m  CAMERA SEES CLOSER - lidar may be missing this obstacle
[  437.8s] CAMERA/LIDAR DISAGREE - lidar=1.11 m  camera=0.48 m  delta=-0.64 m  CAMERA SEES CLOSER - lidar may be missing this obstacle
[  438.3s] CAMERA/LIDAR DISAGREE - lidar=1.11 m  camera=0.48 m  delta=-0.64 m  CAMERA SEES CLOSER - lidar may be missing this obstacle
[  438.8s] CAMERA/LIDAR DISAGREE - lidar=1.12 m  camera=0.48 m  delta=-0.65 m  CAMERA SEES CLOSER - lidar may be missing this obstacle
[  439.3s] CAMERA/LIDAR DISAGREE - lidar=1.12 m  camera=0.48 m  delta=-0.64 m  CAMERA SEES CLOSER - lidar may be missing this obstacle
[  439.8s] CAMERA/LIDAR DISAGREE - lidar=1.13 m  camera=0.48 m  delta=-0.65 m  CAMERA SEES CLOSER - lidar may be missing this obstacle
[  440.3s] CAMERA/LIDAR DISAGREE - lidar=1.14 m  camera=0.48 m  delta=-0.66 m  CAMERA SEES CLOSER - lidar may be missing this obstacle
[  440.8s] CAMERA/LIDAR DISAGREE - lidar=1.14 m  camera=0.48 m  delta=-0.66 m  CAMERA SEES CLOSER - lidar may be missing this obstacle
[  441.3s] CAMERA/LIDAR DISAGREE - lidar=1.14 m  camera=0.48 m  delta=-0.66 m  CAMERA SEES CLOSER - lidar may be missing this obstacle
[  441.8s] CAMERA/LIDAR DISAGREE - lidar=1.13 m  camera=0.48 m  delta=-0.66 m  CAMERA SEES CLOSER - lidar may be missing this obstacle
[  442.3s] CAMERA/LIDAR DISAGREE - lidar=1.13 m  camera=0.48 m  delta=-0.66 m  CAMERA SEES CLOSER - lidar may be missing this obstacle
[  442.8s] CAMERA/LIDAR DISAGREE - lidar=1.15 m  camera=0.48 m  delta=-0.67 m  CAMERA SEES CLOSER - lidar may be missing this obstacle
[  443.3s] CAMERA/LIDAR DISAGREE - lidar=1.17 m  camera=0.48 m  delta=-0.69 m  CAMERA SEES CLOSER - lidar may be missing this obstacle
[  443.8s] CAMERA/LIDAR DISAGREE - lidar=1.23 m  camera=0.48 m  delta=-0.75 m  CAMERA SEES CLOSER - lidar may be missing this obstacle
[  444.3s] CAMERA/LIDAR DISAGREE - lidar=1.41 m  camera=0.48 m  delta=-0.94 m  CAMERA SEES CLOSER - lidar may be missing this obstacle
[  444.8s] CAMERA/LIDAR DISAGREE - lidar=1.44 m  camera=0.48 m  delta=-0.96 m  CAMERA SEES CLOSER - lidar may be missing this obstacle
[  445.3s] CAMERA/LIDAR DISAGREE - lidar=1.32 m  camera=0.48 m  delta=-0.84 m  CAMERA SEES CLOSER - lidar may be missing this obstacle
[  445.8s] CAMERA/LIDAR DISAGREE - lidar=2.48 m  camera=0.48 m  delta=-2.00 m  CAMERA SEES CLOSER - lidar may be missing this obstacle
[  446.3s] CAMERA/LIDAR DISAGREE - lidar=1.08 m  camera=0.48 m  delta=-0.60 m  CAMERA SEES CLOSER - lidar may be missing this obstacle
[  446.8s] CAMERA/LIDAR DISAGREE - lidar=1.16 m  camera=0.48 m  delta=-0.68 m  CAMERA SEES CLOSER - lidar may be missing this obstacle
[  447.3s] CAMERA/LIDAR DISAGREE - lidar=1.19 m  camera=0.48 m  delta=-0.71 m  CAMERA SEES CLOSER - lidar may be missing this obstacle
[  447.8s] CAMERA/LIDAR DISAGREE - lidar=1.17 m  camera=0.48 m  delta=-0.69 m  CAMERA SEES CLOSER - lidar may be missing this obstacle
[  448.3s] CAMERA/LIDAR DISAGREE - lidar=0.93 m  camera=0.48 m  delta=-0.45 m  CAMERA SEES CLOSER - lidar may be missing this obstacle
[  448.8s] CAMERA/LIDAR DISAGREE - lidar=0.87 m  camera=0.48 m  delta=-0.39 m  CAMERA SEES CLOSER - lidar may be missing this obstacle
[  449.3s] CAMERA/LIDAR DISAGREE - lidar=0.85 m  camera=0.48 m  delta=-0.37 m  CAMERA SEES CLOSER - lidar may be missing this obstacle
[  449.8s] CAMERA/LIDAR DISAGREE - lidar=0.86 m  camera=0.48 m  delta=-0.38 m  CAMERA SEES CLOSER - lidar may be missing this obstacle
[  450.3s] CAMERA/LIDAR DISAGREE - lidar=0.85 m  camera=0.48 m  delta=-0.37 m  CAMERA SEES CLOSER - lidar may be missing this obstacle
[  450.8s] CAMERA/LIDAR DISAGREE - lidar=0.81 m  camera=0.48 m  delta=-0.33 m  CAMERA SEES CLOSER - lidar may be missing this obstacle
[  451.3s] CAMERA/LIDAR DISAGREE - lidar=0.80 m  camera=0.48 m  delta=-0.31 m  CAMERA SEES CLOSER - lidar may be missing this obstacle
[  451.8s] CAMERA/LIDAR DISAGREE - lidar=0.87 m  camera=0.48 m  delta=-0.39 m  CAMERA SEES CLOSER - lidar may be missing this obstacle
[  452.3s] CAMERA/LIDAR DISAGREE - lidar=1.10 m  camera=0.48 m  delta=-0.62 m  CAMERA SEES CLOSER - lidar may be missing this obstacle
[  452.8s] CAMERA/LIDAR DISAGREE - lidar=1.25 m  camera=0.48 m  delta=-0.77 m  CAMERA SEES CLOSER - lidar may be missing this obstacle
[  453.3s] CAMERA/LIDAR DISAGREE - lidar=1.30 m  camera=0.48 m  delta=-0.82 m  CAMERA SEES CLOSER - lidar may be missing this obstacle
[  453.8s] CAMERA/LIDAR DISAGREE - lidar=1.30 m  camera=0.48 m  delta=-0.82 m  CAMERA SEES CLOSER - lidar may be missing this obstacle
[  454.3s] CAMERA/LIDAR DISAGREE - lidar=1.23 m  camera=0.48 m  delta=-0.75 m  CAMERA SEES CLOSER - lidar may be missing this obstacle
[  454.8s] CAMERA/LIDAR DISAGREE - lidar=1.17 m  camera=0.48 m  delta=-0.70 m  CAMERA SEES CLOSER - lidar may be missing this obstacle
[  455.3s] CAMERA/LIDAR DISAGREE - lidar=1.17 m  camera=0.48 m  delta=-0.70 m  CAMERA SEES CLOSER - lidar may be missing this obstacle
[  455.8s] CAMERA/LIDAR DISAGREE - lidar=1.53 m  camera=0.48 m  delta=-1.06 m  CAMERA SEES CLOSER - lidar may be missing this obstacle
[  456.3s] CAMERA/LIDAR DISAGREE - lidar=1.62 m  camera=0.48 m  delta=-1.14 m  CAMERA SEES CLOSER - lidar may be missing this obstacle
[  456.8s] CAMERA/LIDAR DISAGREE - lidar=1.62 m  camera=0.48 m  delta=-1.14 m  CAMERA SEES CLOSER - lidar may be missing this obstacle
[  457.3s] CAMERA/LIDAR DISAGREE - lidar=1.50 m  camera=0.48 m  delta=-1.02 m  CAMERA SEES CLOSER - lidar may be missing this obstacle
[  457.8s] CAMERA/LIDAR DISAGREE - lidar=1.41 m  camera=0.48 m  delta=-0.94 m  CAMERA SEES CLOSER - lidar may be missing this obstacle
[  458.3s] CAMERA/LIDAR DISAGREE - lidar=1.34 m  camera=0.48 m  delta=-0.86 m  CAMERA SEES CLOSER - lidar may be missing this obstacle
[  458.8s] CAMERA/LIDAR DISAGREE - lidar=1.32 m  camera=0.48 m  delta=-0.84 m  CAMERA SEES CLOSER - lidar may be missing this obstacle
[  459.3s] CAMERA/LIDAR DISAGREE - lidar=1.31 m  camera=0.48 m  delta=-0.83 m  CAMERA SEES CLOSER - lidar may be missing this obstacle
[  459.8s] CAMERA/LIDAR DISAGREE - lidar=1.26 m  camera=0.48 m  delta=-0.79 m  CAMERA SEES CLOSER - lidar may be missing this obstacle
[  460.3s] CAMERA/LIDAR DISAGREE - lidar=1.17 m  camera=0.48 m  delta=-0.70 m  CAMERA SEES CLOSER - lidar may be missing this obstacle
[  460.8s] CAMERA/LIDAR DISAGREE - lidar=1.14 m  camera=0.48 m  delta=-0.66 m  CAMERA SEES CLOSER - lidar may be missing this obstacle
[  461.3s] CAMERA/LIDAR DISAGREE - lidar=1.12 m  camera=0.48 m  delta=-0.65 m  CAMERA SEES CLOSER - lidar may be missing this obstacle
[  461.8s] CAMERA/LIDAR DISAGREE - lidar=1.13 m  camera=0.48 m  delta=-0.65 m  CAMERA SEES CLOSER - lidar may be missing this obstacle
[  462.3s] CAMERA/LIDAR DISAGREE - lidar=0.96 m  camera=0.48 m  delta=-0.49 m  CAMERA SEES CLOSER - lidar may be missing this obstacle
[  462.8s] CAMERA/LIDAR DISAGREE - lidar=0.94 m  camera=0.48 m  delta=-0.46 m  CAMERA SEES CLOSER - lidar may be missing this obstacle
[  463.3s] CAMERA/LIDAR DISAGREE - lidar=0.97 m  camera=0.48 m  delta=-0.49 m  CAMERA SEES CLOSER - lidar may be missing this obstacle
[  463.8s] CAMERA/LIDAR DISAGREE - lidar=1.05 m  camera=0.48 m  delta=-0.56 m  CAMERA SEES CLOSER - lidar may be missing this obstacle
[  464.3s] CAMERA/LIDAR DISAGREE - lidar=1.08 m  camera=0.48 m  delta=-0.60 m  CAMERA SEES CLOSER - lidar may be missing this obstacle
[  464.8s] CAMERA/LIDAR DISAGREE - lidar=1.12 m  camera=0.48 m  delta=-0.63 m  CAMERA SEES CLOSER - lidar may be missing this obstacle
[  465.3s] CAMERA/LIDAR DISAGREE - lidar=1.12 m  camera=0.48 m  delta=-0.64 m  CAMERA SEES CLOSER - lidar may be missing this obstacle
[  465.8s] CAMERA/LIDAR DISAGREE - lidar=1.06 m  camera=0.48 m  delta=-0.57 m  CAMERA SEES CLOSER - lidar may be missing this obstacle
[  466.3s] CAMERA/LIDAR DISAGREE - lidar=1.07 m  camera=0.48 m  delta=-0.59 m  CAMERA SEES CLOSER - lidar may be missing this obstacle
[  466.8s] CAMERA/LIDAR DISAGREE - lidar=1.03 m  camera=0.48 m  delta=-0.55 m  CAMERA SEES CLOSER - lidar may be missing this obstacle
[  467.3s] CAMERA/LIDAR DISAGREE - lidar=1.08 m  camera=0.48 m  delta=-0.60 m  CAMERA SEES CLOSER - lidar may be missing this obstacle
[  467.8s] CAMERA/LIDAR DISAGREE - lidar=1.09 m  camera=0.48 m  delta=-0.61 m  CAMERA SEES CLOSER - lidar may be missing this obstacle
[  468.3s] CAMERA/LIDAR DISAGREE - lidar=0.98 m  camera=0.48 m  delta=-0.50 m  CAMERA SEES CLOSER - lidar may be missing this obstacle
[  468.8s] CAMERA/LIDAR DISAGREE - lidar=1.19 m  camera=0.48 m  delta=-0.72 m  CAMERA SEES CLOSER - lidar may be missing this obstacle
[  469.3s] CAMERA/LIDAR DISAGREE - lidar=1.37 m  camera=0.48 m  delta=-0.89 m  CAMERA SEES CLOSER - lidar may be missing this obstacle
[  469.8s] CAMERA/LIDAR DISAGREE - lidar=1.28 m  camera=0.48 m  delta=-0.80 m  CAMERA SEES CLOSER - lidar may be missing this obstacle
[  470.3s] CAMERA/LIDAR DISAGREE - lidar=1.04 m  camera=0.48 m  delta=-0.56 m  CAMERA SEES CLOSER - lidar may be missing this obstacle
[  470.8s] CAMERA/LIDAR DISAGREE - lidar=0.99 m  camera=0.48 m  delta=-0.50 m  CAMERA SEES CLOSER - lidar may be missing this obstacle
[  471.3s] CAMERA/LIDAR DISAGREE - lidar=0.99 m  camera=0.48 m  delta=-0.51 m  CAMERA SEES CLOSER - lidar may be missing this obstacle
[  471.8s] CAMERA/LIDAR DISAGREE - lidar=1.05 m  camera=0.48 m  delta=-0.56 m  CAMERA SEES CLOSER - lidar may be missing this obstacle
[  472.3s] CAMERA/LIDAR DISAGREE - lidar=1.02 m  camera=0.48 m  delta=-0.54 m  CAMERA SEES CLOSER - lidar may be missing this obstacle
[  472.8s] CAMERA/LIDAR DISAGREE - lidar=0.94 m  camera=0.48 m  delta=-0.45 m  CAMERA SEES CLOSER - lidar may be missing this obstacle
[  473.3s] CAMERA/LIDAR DISAGREE - lidar=0.69 m  camera=0.48 m  delta=-0.21 m  CAMERA SEES CLOSER - lidar may be missing this obstacle
[  474.3s] CAMERA/LIDAR DISAGREE - lidar=0.79 m  camera=0.48 m  delta=-0.30 m  CAMERA SEES CLOSER - lidar may be missing this obstacle
[  474.8s] CAMERA/LIDAR DISAGREE - lidar=0.78 m  camera=0.48 m  delta=-0.30 m  CAMERA SEES CLOSER - lidar may be missing this obstacle
[  475.3s] CAMERA/LIDAR DISAGREE - lidar=0.77 m  camera=0.48 m  delta=-0.29 m  CAMERA SEES CLOSER - lidar may be missing this obstacle
[  475.8s] CAMERA/LIDAR DISAGREE - lidar=0.77 m  camera=0.48 m  delta=-0.29 m  CAMERA SEES CLOSER - lidar may be missing this obstacle
[  476.3s] CAMERA/LIDAR DISAGREE - lidar=0.78 m  camera=0.48 m  delta=-0.29 m  CAMERA SEES CLOSER - lidar may be missing this obstacle
[  476.8s] CAMERA/LIDAR DISAGREE - lidar=0.77 m  camera=0.48 m  delta=-0.29 m  CAMERA SEES CLOSER - lidar may be missing this obstacle
[  477.3s] CAMERA/LIDAR DISAGREE - lidar=0.75 m  camera=0.48 m  delta=-0.27 m  CAMERA SEES CLOSER - lidar may be missing this obstacle
[  477.8s] CAMERA/LIDAR DISAGREE - lidar=0.69 m  camera=0.48 m  delta=-0.21 m  CAMERA SEES CLOSER - lidar may be missing this obstacle
[  479.8s] CAMERA/LIDAR DISAGREE - lidar=0.80 m  camera=0.48 m  delta=-0.32 m  CAMERA SEES CLOSER - lidar may be missing this obstacle
[  480.3s] CAMERA/LIDAR DISAGREE - lidar=1.04 m  camera=0.48 m  delta=-0.56 m  CAMERA SEES CLOSER - lidar may be missing this obstacle
[  480.8s] CAMERA/LIDAR DISAGREE - lidar=1.16 m  camera=0.48 m  delta=-0.68 m  CAMERA SEES CLOSER - lidar may be missing this obstacle
[  481.3s] CAMERA/LIDAR DISAGREE - lidar=1.14 m  camera=0.48 m  delta=-0.66 m  CAMERA SEES CLOSER - lidar may be missing this obstacle
[  481.8s] CAMERA/LIDAR DISAGREE - lidar=1.34 m  camera=0.48 m  delta=-0.86 m  CAMERA SEES CLOSER - lidar may be missing this obstacle
[  482.3s] CAMERA/LIDAR DISAGREE - lidar=1.48 m  camera=0.48 m  delta=-1.00 m  CAMERA SEES CLOSER - lidar may be missing this obstacle
[  482.8s] CAMERA/LIDAR DISAGREE - lidar=1.39 m  camera=0.48 m  delta=-0.91 m  CAMERA SEES CLOSER - lidar may be missing this obstacle
[  483.3s] CAMERA/LIDAR DISAGREE - lidar=1.31 m  camera=0.48 m  delta=-0.83 m  CAMERA SEES CLOSER - lidar may be missing this obstacle
[  483.8s] CAMERA/LIDAR DISAGREE - lidar=1.25 m  camera=0.48 m  delta=-0.77 m  CAMERA SEES CLOSER - lidar may be missing this obstacle
[  484.3s] CAMERA/LIDAR DISAGREE - lidar=1.14 m  camera=0.48 m  delta=-0.65 m  CAMERA SEES CLOSER - lidar may be missing this obstacle
[  484.8s] CAMERA/LIDAR DISAGREE - lidar=1.01 m  camera=0.48 m  delta=-0.53 m  CAMERA SEES CLOSER - lidar may be missing this obstacle
[  485.3s] CAMERA/LIDAR DISAGREE - lidar=0.75 m  camera=0.48 m  delta=-0.27 m  CAMERA SEES CLOSER - lidar may be missing this obstacle
[  488.3s] CAMERA/LIDAR DISAGREE - lidar=0.68 m  camera=0.48 m  delta=-0.20 m  CAMERA SEES CLOSER - lidar may be missing this obstacle
[  488.8s] CAMERA/LIDAR DISAGREE - lidar=0.69 m  camera=0.48 m  delta=-0.21 m  CAMERA SEES CLOSER - lidar may be missing this obstacle
[  489.3s] CAMERA/LIDAR DISAGREE - lidar=0.69 m  camera=0.48 m  delta=-0.21 m  CAMERA SEES CLOSER - lidar may be missing this obstacle
[  489.8s] CAMERA/LIDAR DISAGREE - lidar=0.69 m  camera=0.48 m  delta=-0.20 m  CAMERA SEES CLOSER - lidar may be missing this obstacle
[  490.3s] CAMERA/LIDAR DISAGREE - lidar=0.69 m  camera=0.48 m  delta=-0.21 m  CAMERA SEES CLOSER - lidar may be missing this obstacle
[  490.8s] CAMERA/LIDAR DISAGREE - lidar=0.70 m  camera=0.48 m  delta=-0.21 m  CAMERA SEES CLOSER - lidar may be missing this obstacle
[  491.3s] CAMERA/LIDAR DISAGREE - lidar=0.70 m  camera=0.48 m  delta=-0.22 m  CAMERA SEES CLOSER - lidar may be missing this obstacle
[  491.8s] CAMERA/LIDAR DISAGREE - lidar=0.70 m  camera=0.48 m  delta=-0.21 m  CAMERA SEES CLOSER - lidar may be missing this obstacle
[  492.3s] CAMERA/LIDAR DISAGREE - lidar=0.70 m  camera=0.48 m  delta=-0.21 m  CAMERA SEES CLOSER - lidar may be missing this obstacle
[  492.8s] CAMERA/LIDAR DISAGREE - lidar=0.69 m  camera=0.48 m  delta=-0.21 m  CAMERA SEES CLOSER - lidar may be missing this obstacle
[  493.3s] CAMERA/LIDAR DISAGREE - lidar=0.69 m  camera=0.48 m  delta=-0.21 m  CAMERA SEES CLOSER - lidar may be missing this obstacle
[  493.8s] CAMERA/LIDAR DISAGREE - lidar=0.69 m  camera=0.48 m  delta=-0.20 m  CAMERA SEES CLOSER - lidar may be missing this obstacle
[  494.3s] CAMERA/LIDAR DISAGREE - lidar=0.69 m  camera=0.48 m  delta=-0.21 m  CAMERA SEES CLOSER - lidar may be missing this obstacle
[  494.8s] CAMERA/LIDAR DISAGREE - lidar=0.69 m  camera=0.48 m  delta=-0.21 m  CAMERA SEES CLOSER - lidar may be missing this obstacle
[  495.3s] CAMERA/LIDAR DISAGREE - lidar=0.69 m  camera=0.48 m  delta=-0.21 m  CAMERA SEES CLOSER - lidar may be missing this obstacle
[  495.8s] CAMERA/LIDAR DISAGREE - lidar=0.69 m  camera=0.48 m  delta=-0.21 m  CAMERA SEES CLOSER - lidar may be missing this obstacle
[  496.3s] CAMERA/LIDAR DISAGREE - lidar=0.70 m  camera=0.48 m  delta=-0.22 m  CAMERA SEES CLOSER - lidar may be missing this obstacle
[  496.8s] CAMERA/LIDAR DISAGREE - lidar=0.72 m  camera=0.48 m  delta=-0.24 m  CAMERA SEES CLOSER - lidar may be missing this obstacle
[  497.3s] CAMERA/LIDAR DISAGREE - lidar=0.73 m  camera=0.48 m  delta=-0.25 m  CAMERA SEES CLOSER - lidar may be missing this obstacle
[  497.8s] CAMERA/LIDAR DISAGREE - lidar=0.75 m  camera=0.48 m  delta=-0.26 m  CAMERA SEES CLOSER - lidar may be missing this obstacle
[  498.3s] CAMERA/LIDAR DISAGREE - lidar=0.76 m  camera=0.48 m  delta=-0.28 m  CAMERA SEES CLOSER - lidar may be missing this obstacle
[  498.8s] CAMERA/LIDAR DISAGREE - lidar=0.77 m  camera=0.48 m  delta=-0.28 m  CAMERA SEES CLOSER - lidar may be missing this obstacle
[  499.3s] CAMERA/LIDAR DISAGREE - lidar=0.77 m  camera=0.48 m  delta=-0.29 m  CAMERA SEES CLOSER - lidar may be missing this obstacle
[  499.8s] CAMERA/LIDAR DISAGREE - lidar=0.77 m  camera=0.48 m  delta=-0.29 m  CAMERA SEES CLOSER - lidar may be missing this obstacle
[  500.3s] CAMERA/LIDAR DISAGREE - lidar=0.77 m  camera=0.48 m  delta=-0.29 m  CAMERA SEES CLOSER - lidar may be missing this obstacle
[  500.8s] CAMERA/LIDAR DISAGREE - lidar=0.78 m  camera=0.48 m  delta=-0.30 m  CAMERA SEES CLOSER - lidar may be missing this obstacle
[  501.3s] CAMERA/LIDAR DISAGREE - lidar=0.78 m  camera=0.48 m  delta=-0.29 m  CAMERA SEES CLOSER - lidar may be missing this obstacle
[  501.8s] CAMERA/LIDAR DISAGREE - lidar=0.75 m  camera=0.48 m  delta=-0.27 m  CAMERA SEES CLOSER - lidar may be missing this obstacle
[  502.3s] CAMERA/LIDAR DISAGREE - lidar=0.72 m  camera=0.48 m  delta=-0.24 m  CAMERA SEES CLOSER - lidar may be missing this obstacle
[  502.8s] CAMERA/LIDAR DISAGREE - lidar=0.72 m  camera=0.48 m  delta=-0.23 m  CAMERA SEES CLOSER - lidar may be missing this obstacle
[  503.3s] CAMERA/LIDAR DISAGREE - lidar=0.72 m  camera=0.48 m  delta=-0.23 m  CAMERA SEES CLOSER - lidar may be missing this obstacle
[  503.8s] CAMERA/LIDAR DISAGREE - lidar=0.72 m  camera=0.48 m  delta=-0.24 m  CAMERA SEES CLOSER - lidar may be missing this obstacle
[  504.3s] CAMERA/LIDAR DISAGREE - lidar=0.73 m  camera=0.48 m  delta=-0.24 m  CAMERA SEES CLOSER - lidar may be missing this obstacle
[  504.8s] CAMERA/LIDAR DISAGREE - lidar=0.73 m  camera=0.48 m  delta=-0.24 m  CAMERA SEES CLOSER - lidar may be missing this obstacle
[  505.3s] CAMERA/LIDAR DISAGREE - lidar=0.73 m  camera=0.48 m  delta=-0.25 m  CAMERA SEES CLOSER - lidar may be missing this obstacle
[  505.8s] CAMERA/LIDAR DISAGREE - lidar=0.73 m  camera=0.48 m  delta=-0.24 m  CAMERA SEES CLOSER - lidar may be missing this obstacle
[  506.3s] CAMERA/LIDAR DISAGREE - lidar=0.73 m  camera=0.48 m  delta=-0.25 m  CAMERA SEES CLOSER - lidar may be missing this obstacle
[  506.8s] CAMERA/LIDAR DISAGREE - lidar=0.74 m  camera=0.48 m  delta=-0.26 m  CAMERA SEES CLOSER - lidar may be missing this obstacle
[  507.3s] CAMERA/LIDAR DISAGREE - lidar=0.74 m  camera=0.48 m  delta=-0.26 m  CAMERA SEES CLOSER - lidar may be missing this obstacle
[  507.8s] CAMERA/LIDAR DISAGREE - lidar=0.75 m  camera=0.48 m  delta=-0.26 m  CAMERA SEES CLOSER - lidar may be missing this obstacle
[  508.3s] CAMERA/LIDAR DISAGREE - lidar=0.74 m  camera=0.48 m  delta=-0.26 m  CAMERA SEES CLOSER - lidar may be missing this obstacle
[  508.8s] CAMERA/LIDAR DISAGREE - lidar=0.73 m  camera=0.48 m  delta=-0.25 m  CAMERA SEES CLOSER - lidar may be missing this obstacle
[  509.3s] CAMERA/LIDAR DISAGREE - lidar=0.73 m  camera=0.48 m  delta=-0.25 m  CAMERA SEES CLOSER - lidar may be missing this obstacle
[  509.8s] CAMERA/LIDAR DISAGREE - lidar=0.75 m  camera=0.48 m  delta=-0.26 m  CAMERA SEES CLOSER - lidar may be missing this obstacle
[  510.3s] CAMERA/LIDAR DISAGREE - lidar=0.76 m  camera=0.48 m  delta=-0.28 m  CAMERA SEES CLOSER - lidar may be missing this obstacle
[  510.8s] CAMERA/LIDAR DISAGREE - lidar=0.79 m  camera=0.48 m  delta=-0.31 m  CAMERA SEES CLOSER - lidar may be missing this obstacle
[  511.3s] CAMERA/LIDAR DISAGREE - lidar=0.80 m  camera=0.48 m  delta=-0.32 m  CAMERA SEES CLOSER - lidar may be missing this obstacle
[  511.8s] CAMERA/LIDAR DISAGREE - lidar=0.81 m  camera=0.48 m  delta=-0.33 m  CAMERA SEES CLOSER - lidar may be missing this obstacle
[  512.3s] CAMERA/LIDAR DISAGREE - lidar=0.98 m  camera=0.48 m  delta=-0.50 m  CAMERA SEES CLOSER - lidar may be missing this obstacle
[  512.8s] CAMERA/LIDAR DISAGREE - lidar=1.08 m  camera=0.48 m  delta=-0.60 m  CAMERA SEES CLOSER - lidar may be missing this obstacle
[  513.3s] CAMERA/LIDAR DISAGREE - lidar=1.08 m  camera=0.48 m  delta=-0.60 m  CAMERA SEES CLOSER - lidar may be missing this obstacle
[  513.8s] CAMERA/LIDAR DISAGREE - lidar=1.06 m  camera=0.48 m  delta=-0.58 m  CAMERA SEES CLOSER - lidar may be missing this obstacle
[  514.3s] CAMERA/LIDAR DISAGREE - lidar=1.03 m  camera=0.48 m  delta=-0.54 m  CAMERA SEES CLOSER - lidar may be missing this obstacle
[  514.8s] CAMERA/LIDAR DISAGREE - lidar=1.00 m  camera=0.48 m  delta=-0.51 m  CAMERA SEES CLOSER - lidar may be missing this obstacle
[  515.3s] CAMERA/LIDAR DISAGREE - lidar=0.99 m  camera=0.48 m  delta=-0.51 m  CAMERA SEES CLOSER - lidar may be missing this obstacle
[  515.8s] CAMERA/LIDAR DISAGREE - lidar=1.02 m  camera=0.48 m  delta=-0.54 m  CAMERA SEES CLOSER - lidar may be missing this obstacle
[  516.3s] CAMERA/LIDAR DISAGREE - lidar=0.95 m  camera=0.48 m  delta=-0.47 m  CAMERA SEES CLOSER - lidar may be missing this obstacle
[  516.8s] CAMERA/LIDAR DISAGREE - lidar=0.83 m  camera=0.48 m  delta=-0.35 m  CAMERA SEES CLOSER - lidar may be missing this obstacle
[  517.3s] CAMERA/LIDAR DISAGREE - lidar=0.83 m  camera=0.48 m  delta=-0.35 m  CAMERA SEES CLOSER - lidar may be missing this obstacle
[  517.8s] CAMERA/LIDAR DISAGREE - lidar=0.85 m  camera=0.48 m  delta=-0.37 m  CAMERA SEES CLOSER - lidar may be missing this obstacle
[  518.3s] CAMERA/LIDAR DISAGREE - lidar=0.86 m  camera=0.48 m  delta=-0.38 m  CAMERA SEES CLOSER - lidar may be missing this obstacle
[  518.8s] CAMERA/LIDAR DISAGREE - lidar=0.89 m  camera=0.48 m  delta=-0.41 m  CAMERA SEES CLOSER - lidar may be missing this obstacle
[  519.3s] CAMERA/LIDAR DISAGREE - lidar=0.91 m  camera=0.48 m  delta=-0.43 m  CAMERA SEES CLOSER - lidar may be missing this obstacle
[  519.8s] CAMERA/LIDAR DISAGREE - lidar=1.21 m  camera=0.48 m  delta=-0.73 m  CAMERA SEES CLOSER - lidar may be missing this obstacle
[  520.3s] CAMERA/LIDAR DISAGREE - lidar=1.24 m  camera=0.48 m  delta=-0.76 m  CAMERA SEES CLOSER - lidar may be missing this obstacle
[  520.8s] CAMERA/LIDAR DISAGREE - lidar=1.26 m  camera=0.48 m  delta=-0.78 m  CAMERA SEES CLOSER - lidar may be missing this obstacle
[  521.3s] CAMERA/LIDAR DISAGREE - lidar=1.33 m  camera=0.48 m  delta=-0.86 m  CAMERA SEES CLOSER - lidar may be missing this obstacle
[  521.8s] CAMERA/LIDAR DISAGREE - lidar=1.33 m  camera=0.48 m  delta=-0.85 m  CAMERA SEES CLOSER - lidar may be missing this obstacle
[  522.3s] CAMERA/LIDAR DISAGREE - lidar=1.23 m  camera=0.48 m  delta=-0.75 m  CAMERA SEES CLOSER - lidar may be missing this obstacle
[  522.8s] CAMERA/LIDAR DISAGREE - lidar=1.24 m  camera=0.48 m  delta=-0.77 m  CAMERA SEES CLOSER - lidar may be missing this obstacle
[  523.3s] CAMERA/LIDAR DISAGREE - lidar=1.44 m  camera=0.48 m  delta=-0.97 m  CAMERA SEES CLOSER - lidar may be missing this obstacle
[  523.8s] CAMERA/LIDAR DISAGREE - lidar=1.53 m  camera=0.48 m  delta=-1.05 m  CAMERA SEES CLOSER - lidar may be missing this obstacle
[  524.3s] CAMERA/LIDAR DISAGREE - lidar=1.52 m  camera=0.48 m  delta=-1.04 m  CAMERA SEES CLOSER - lidar may be missing this obstacle
[  524.8s] CAMERA/LIDAR DISAGREE - lidar=1.55 m  camera=0.48 m  delta=-1.07 m  CAMERA SEES CLOSER - lidar may be missing this obstacle
[  525.3s] CAMERA/LIDAR DISAGREE - lidar=1.50 m  camera=0.48 m  delta=-1.02 m  CAMERA SEES CLOSER - lidar may be missing this obstacle
[  525.8s] CAMERA/LIDAR DISAGREE - lidar=1.09 m  camera=0.48 m  delta=-0.61 m  CAMERA SEES CLOSER - lidar may be missing this obstacle
[  526.3s] CAMERA/LIDAR DISAGREE - lidar=0.86 m  camera=0.48 m  delta=-0.38 m  CAMERA SEES CLOSER - lidar may be missing this obstacle
[  526.8s] CAMERA/LIDAR DISAGREE - lidar=0.74 m  camera=0.48 m  delta=-0.26 m  CAMERA SEES CLOSER - lidar may be missing this obstacle
[  537.3s] CAMERA/LIDAR DISAGREE - lidar=0.81 m  camera=0.48 m  delta=-0.32 m  CAMERA SEES CLOSER - lidar may be missing this obstacle
[  537.8s] CAMERA/LIDAR DISAGREE - lidar=0.94 m  camera=0.48 m  delta=-0.46 m  CAMERA SEES CLOSER - lidar may be missing this obstacle
[  538.3s] CAMERA/LIDAR DISAGREE - lidar=1.00 m  camera=0.48 m  delta=-0.52 m  CAMERA SEES CLOSER - lidar may be missing this obstacle
[  538.8s] CAMERA/LIDAR DISAGREE - lidar=1.20 m  camera=0.48 m  delta=-0.72 m  CAMERA SEES CLOSER - lidar may be missing this obstacle
[  540.8s] CAMERA/LIDAR DISAGREE - lidar=0.73 m  camera=0.48 m  delta=-0.25 m  CAMERA SEES CLOSER - lidar may be missing this obstacle
[  541.3s] CAMERA/LIDAR DISAGREE - lidar=1.13 m  camera=0.48 m  delta=-0.65 m  CAMERA SEES CLOSER - lidar may be missing this obstacle
[  541.8s] CAMERA/LIDAR DISAGREE - lidar=1.37 m  camera=0.48 m  delta=-0.89 m  CAMERA SEES CLOSER - lidar may be missing this obstacle
[  542.3s] CAMERA/LIDAR DISAGREE - lidar=1.28 m  camera=0.48 m  delta=-0.80 m  CAMERA SEES CLOSER - lidar may be missing this obstacle
[  542.8s] CAMERA/LIDAR DISAGREE - lidar=1.21 m  camera=0.48 m  delta=-0.72 m  CAMERA SEES CLOSER - lidar may be missing this obstacle
[  543.3s] CAMERA/LIDAR DISAGREE - lidar=1.17 m  camera=0.48 m  delta=-0.69 m  CAMERA SEES CLOSER - lidar may be missing this obstacle
[  543.8s] CAMERA/LIDAR DISAGREE - lidar=1.16 m  camera=0.48 m  delta=-0.67 m  CAMERA SEES CLOSER - lidar may be missing this obstacle
[  544.3s] CAMERA/LIDAR DISAGREE - lidar=1.16 m  camera=0.48 m  delta=-0.67 m  CAMERA SEES CLOSER - lidar may be missing this obstacle
[  544.8s] CAMERA/LIDAR DISAGREE - lidar=1.15 m  camera=0.48 m  delta=-0.67 m  CAMERA SEES CLOSER - lidar may be missing this obstacle
[  545.3s] CAMERA/LIDAR DISAGREE - lidar=1.10 m  camera=0.48 m  delta=-0.62 m  CAMERA SEES CLOSER - lidar may be missing this obstacle
[  545.8s] CAMERA/LIDAR DISAGREE - lidar=1.04 m  camera=0.48 m  delta=-0.56 m  CAMERA SEES CLOSER - lidar may be missing this obstacle
[  546.3s] CAMERA/LIDAR DISAGREE - lidar=0.92 m  camera=0.48 m  delta=-0.44 m  CAMERA SEES CLOSER - lidar may be missing this obstacle
[  546.8s] CAMERA/LIDAR DISAGREE - lidar=0.82 m  camera=0.48 m  delta=-0.34 m  CAMERA SEES CLOSER - lidar may be missing this obstacle
[  547.3s] CAMERA/LIDAR DISAGREE - lidar=0.74 m  camera=0.48 m  delta=-0.26 m  CAMERA SEES CLOSER - lidar may be missing this obstacle
[  561.8s] CAMERA/LIDAR DISAGREE - lidar=0.96 m  camera=0.48 m  delta=-0.48 m  CAMERA SEES CLOSER - lidar may be missing this obstacle
[  562.8s] CAMERA/LIDAR DISAGREE - lidar=0.81 m  camera=0.48 m  delta=-0.33 m  CAMERA SEES CLOSER - lidar may be missing this obstacle
[  563.8s] CAMERA/LIDAR DISAGREE - lidar=0.71 m  camera=0.48 m  delta=-0.23 m  CAMERA SEES CLOSER - lidar may be missing this obstacle
[  564.3s] CAMERA/LIDAR DISAGREE - lidar=0.73 m  camera=0.48 m  delta=-0.25 m  CAMERA SEES CLOSER - lidar may be missing this obstacle
[  564.8s] CAMERA/LIDAR DISAGREE - lidar=0.74 m  camera=0.48 m  delta=-0.26 m  CAMERA SEES CLOSER - lidar may be missing this obstacle
[  565.3s] CAMERA/LIDAR DISAGREE - lidar=0.74 m  camera=0.48 m  delta=-0.27 m  CAMERA SEES CLOSER - lidar may be missing this obstacle
[  565.8s] CAMERA/LIDAR DISAGREE - lidar=0.74 m  camera=0.48 m  delta=-0.27 m  CAMERA SEES CLOSER - lidar may be missing this obstacle
[  566.3s] CAMERA/LIDAR DISAGREE - lidar=0.75 m  camera=0.48 m  delta=-0.27 m  CAMERA SEES CLOSER - lidar may be missing this obstacle
[  566.8s] CAMERA/LIDAR DISAGREE - lidar=0.75 m  camera=0.48 m  delta=-0.27 m  CAMERA SEES CLOSER - lidar may be missing this obstacle
[  567.3s] CAMERA/LIDAR DISAGREE - lidar=0.74 m  camera=0.48 m  delta=-0.26 m  CAMERA SEES CLOSER - lidar may be missing this obstacle
[  568.0s] CAMERA/LIDAR DISAGREE - lidar=0.74 m  camera=0.48 m  delta=-0.26 m  CAMERA SEES CLOSER - lidar may be missing this obstacle
[  568.3s] CAMERA/LIDAR DISAGREE - lidar=0.74 m  camera=0.48 m  delta=-0.26 m  CAMERA SEES CLOSER - lidar may be missing this obstacle
[  568.8s] CAMERA/LIDAR DISAGREE - lidar=0.74 m  camera=0.48 m  delta=-0.26 m  CAMERA SEES CLOSER - lidar may be missing this obstacle
[  569.3s] CAMERA/LIDAR DISAGREE - lidar=0.74 m  camera=0.48 m  delta=-0.27 m  CAMERA SEES CLOSER - lidar may be missing this obstacle
[  569.8s] CAMERA/LIDAR DISAGREE - lidar=0.75 m  camera=0.48 m  delta=-0.27 m  CAMERA SEES CLOSER - lidar may be missing this obstacle
[  570.3s] CAMERA/LIDAR DISAGREE - lidar=0.77 m  camera=0.48 m  delta=-0.29 m  CAMERA SEES CLOSER - lidar may be missing this obstacle
[  570.8s] CAMERA/LIDAR DISAGREE - lidar=0.82 m  camera=0.48 m  delta=-0.35 m  CAMERA SEES CLOSER - lidar may be missing this obstacle
[  571.3s] CAMERA/LIDAR DISAGREE - lidar=0.83 m  camera=0.48 m  delta=-0.36 m  CAMERA SEES CLOSER - lidar may be missing this obstacle
[  571.8s] CAMERA/LIDAR DISAGREE - lidar=0.82 m  camera=0.48 m  delta=-0.34 m  CAMERA SEES CLOSER - lidar may be missing this obstacle
[  572.8s] CAMERA/LIDAR DISAGREE - lidar=0.76 m  camera=0.48 m  delta=-0.28 m  CAMERA SEES CLOSER - lidar may be missing this obstacle
[  573.3s] CAMERA/LIDAR DISAGREE - lidar=0.85 m  camera=0.48 m  delta=-0.37 m  CAMERA SEES CLOSER - lidar may be missing this obstacle
[  573.8s] CAMERA/LIDAR DISAGREE - lidar=1.11 m  camera=0.48 m  delta=-0.63 m  CAMERA SEES CLOSER - lidar may be missing this obstacle
[  574.3s] CAMERA/LIDAR DISAGREE - lidar=1.19 m  camera=0.48 m  delta=-0.72 m  CAMERA SEES CLOSER - lidar may be missing this obstacle
[  574.8s] CAMERA/LIDAR DISAGREE - lidar=1.20 m  camera=0.48 m  delta=-0.71 m  CAMERA SEES CLOSER - lidar may be missing this obstacle
[  575.3s] CAMERA/LIDAR DISAGREE - lidar=1.15 m  camera=0.48 m  delta=-0.67 m  CAMERA SEES CLOSER - lidar may be missing this obstacle
[  575.8s] CAMERA/LIDAR DISAGREE - lidar=1.14 m  camera=0.48 m  delta=-0.66 m  CAMERA SEES CLOSER - lidar may be missing this obstacle
[  576.3s] CAMERA/LIDAR DISAGREE - lidar=1.13 m  camera=0.48 m  delta=-0.65 m  CAMERA SEES CLOSER - lidar may be missing this obstacle
[  576.8s] CAMERA/LIDAR DISAGREE - lidar=1.12 m  camera=0.48 m  delta=-0.65 m  CAMERA SEES CLOSER - lidar may be missing this obstacle
[  577.3s] CAMERA/LIDAR DISAGREE - lidar=1.01 m  camera=0.48 m  delta=-0.53 m  CAMERA SEES CLOSER - lidar may be missing this obstacle
[  577.8s] CAMERA/LIDAR DISAGREE - lidar=0.87 m  camera=0.48 m  delta=-0.39 m  CAMERA SEES CLOSER - lidar may be missing this obstacle
[  578.3s] CAMERA/LIDAR DISAGREE - lidar=0.83 m  camera=0.48 m  delta=-0.35 m  CAMERA SEES CLOSER - lidar may be missing this obstacle
[  578.8s] CAMERA/LIDAR DISAGREE - lidar=0.82 m  camera=0.48 m  delta=-0.34 m  CAMERA SEES CLOSER - lidar may be missing this obstacle
[  579.3s] CAMERA/LIDAR DISAGREE - lidar=0.80 m  camera=0.48 m  delta=-0.32 m  CAMERA SEES CLOSER - lidar may be missing this obstacle
[  579.8s] CAMERA/LIDAR DISAGREE - lidar=0.80 m  camera=0.48 m  delta=-0.32 m  CAMERA SEES CLOSER - lidar may be missing this obstacle
[  580.3s] CAMERA/LIDAR DISAGREE - lidar=0.76 m  camera=0.48 m  delta=-0.28 m  CAMERA SEES CLOSER - lidar may be missing this obstacle
[  580.8s] CAMERA/LIDAR DISAGREE - lidar=0.73 m  camera=0.48 m  delta=-0.25 m  CAMERA SEES CLOSER - lidar may be missing this obstacle
[  581.3s] CAMERA/LIDAR DISAGREE - lidar=0.75 m  camera=0.48 m  delta=-0.27 m  CAMERA SEES CLOSER - lidar may be missing this obstacle
[  581.8s] CAMERA/LIDAR DISAGREE - lidar=0.75 m  camera=0.48 m  delta=-0.27 m  CAMERA SEES CLOSER - lidar may be missing this obstacle
[  582.3s] CAMERA/LIDAR DISAGREE - lidar=0.75 m  camera=0.48 m  delta=-0.27 m  CAMERA SEES CLOSER - lidar may be missing this obstacle
[  582.8s] CAMERA/LIDAR DISAGREE - lidar=0.75 m  camera=0.48 m  delta=-0.27 m  CAMERA SEES CLOSER - lidar may be missing this obstacle
[  583.3s] CAMERA/LIDAR DISAGREE - lidar=0.75 m  camera=0.48 m  delta=-0.27 m  CAMERA SEES CLOSER - lidar may be missing this obstacle
[  583.8s] CAMERA/LIDAR DISAGREE - lidar=0.75 m  camera=0.48 m  delta=-0.27 m  CAMERA SEES CLOSER - lidar may be missing this obstacle
[  584.3s] CAMERA/LIDAR DISAGREE - lidar=0.75 m  camera=0.48 m  delta=-0.27 m  CAMERA SEES CLOSER - lidar may be missing this obstacle
[  584.8s] CAMERA/LIDAR DISAGREE - lidar=0.75 m  camera=0.48 m  delta=-0.27 m  CAMERA SEES CLOSER - lidar may be missing this obstacle
[  585.3s] CAMERA/LIDAR DISAGREE - lidar=0.75 m  camera=0.48 m  delta=-0.27 m  CAMERA SEES CLOSER - lidar may be missing this obstacle
[  585.8s] CAMERA/LIDAR DISAGREE - lidar=0.75 m  camera=0.48 m  delta=-0.27 m  CAMERA SEES CLOSER - lidar may be missing this obstacle
[  586.3s] CAMERA/LIDAR DISAGREE - lidar=0.75 m  camera=0.48 m  delta=-0.27 m  CAMERA SEES CLOSER - lidar may be missing this obstacle
[  586.8s] CAMERA/LIDAR DISAGREE - lidar=0.75 m  camera=0.48 m  delta=-0.27 m  CAMERA SEES CLOSER - lidar may be missing this obstacle
[  587.3s] CAMERA/LIDAR DISAGREE - lidar=0.75 m  camera=0.48 m  delta=-0.27 m  CAMERA SEES CLOSER - lidar may be missing this obstacle
[  587.8s] CAMERA/LIDAR DISAGREE - lidar=0.75 m  camera=0.48 m  delta=-0.27 m  CAMERA SEES CLOSER - lidar may be missing this obstacle
[  588.3s] CAMERA/LIDAR DISAGREE - lidar=0.75 m  camera=0.48 m  delta=-0.27 m  CAMERA SEES CLOSER - lidar may be missing this obstacle
[  588.8s] CAMERA/LIDAR DISAGREE - lidar=0.75 m  camera=0.48 m  delta=-0.27 m  CAMERA SEES CLOSER - lidar may be missing this obstacle
[  589.3s] CAMERA/LIDAR DISAGREE - lidar=0.76 m  camera=0.48 m  delta=-0.28 m  CAMERA SEES CLOSER - lidar may be missing this obstacle
[  589.8s] CAMERA/LIDAR DISAGREE - lidar=0.74 m  camera=0.48 m  delta=-0.27 m  CAMERA SEES CLOSER - lidar may be missing this obstacle
[  590.3s] CAMERA/LIDAR DISAGREE - lidar=0.74 m  camera=0.48 m  delta=-0.26 m  CAMERA SEES CLOSER - lidar may be missing this obstacle
[  590.8s] CAMERA/LIDAR DISAGREE - lidar=0.74 m  camera=0.48 m  delta=-0.26 m  CAMERA SEES CLOSER - lidar may be missing this obstacle
[  591.3s] CAMERA/LIDAR DISAGREE - lidar=0.72 m  camera=0.48 m  delta=-0.24 m  CAMERA SEES CLOSER - lidar may be missing this obstacle
[  591.8s] CAMERA/LIDAR DISAGREE - lidar=0.72 m  camera=0.48 m  delta=-0.24 m  CAMERA SEES CLOSER - lidar may be missing this obstacle
[  592.3s] CAMERA/LIDAR DISAGREE - lidar=0.72 m  camera=0.48 m  delta=-0.24 m  CAMERA SEES CLOSER - lidar may be missing this obstacle
[  592.8s] CAMERA/LIDAR DISAGREE - lidar=0.73 m  camera=0.48 m  delta=-0.24 m  CAMERA SEES CLOSER - lidar may be missing this obstacle
[  593.3s] CAMERA/LIDAR DISAGREE - lidar=0.73 m  camera=0.48 m  delta=-0.25 m  CAMERA SEES CLOSER - lidar may be missing this obstacle
[  593.8s] CAMERA/LIDAR DISAGREE - lidar=0.75 m  camera=0.48 m  delta=-0.27 m  CAMERA SEES CLOSER - lidar may be missing this obstacle
[  594.3s] CAMERA/LIDAR DISAGREE - lidar=0.75 m  camera=0.48 m  delta=-0.27 m  CAMERA SEES CLOSER - lidar may be missing this obstacle
[  594.8s] CAMERA/LIDAR DISAGREE - lidar=0.75 m  camera=0.48 m  delta=-0.27 m  CAMERA SEES CLOSER - lidar may be missing this obstacle
[  595.3s] CAMERA/LIDAR DISAGREE - lidar=0.75 m  camera=0.48 m  delta=-0.27 m  CAMERA SEES CLOSER - lidar may be missing this obstacle
[  595.8s] CAMERA/LIDAR DISAGREE - lidar=0.74 m  camera=0.48 m  delta=-0.26 m  CAMERA SEES CLOSER - lidar may be missing this obstacle
[  596.3s] CAMERA/LIDAR DISAGREE - lidar=0.74 m  camera=0.48 m  delta=-0.27 m  CAMERA SEES CLOSER - lidar may be missing this obstacle
[  596.8s] CAMERA/LIDAR DISAGREE - lidar=0.74 m  camera=0.48 m  delta=-0.26 m  CAMERA SEES CLOSER - lidar may be missing this obstacle
[  597.3s] CAMERA/LIDAR DISAGREE - lidar=0.73 m  camera=0.48 m  delta=-0.25 m  CAMERA SEES CLOSER - lidar may be missing this obstacle
[  597.8s] CAMERA/LIDAR DISAGREE - lidar=0.73 m  camera=0.48 m  delta=-0.25 m  CAMERA SEES CLOSER - lidar may be missing this obstacle
[  598.3s] CAMERA/LIDAR DISAGREE - lidar=0.73 m  camera=0.48 m  delta=-0.25 m  CAMERA SEES CLOSER - lidar may be missing this obstacle
[  598.8s] CAMERA/LIDAR DISAGREE - lidar=0.74 m  camera=0.48 m  delta=-0.26 m  CAMERA SEES CLOSER - lidar may be missing this obstacle
[  599.3s] CAMERA/LIDAR DISAGREE - lidar=0.75 m  camera=0.48 m  delta=-0.27 m  CAMERA SEES CLOSER - lidar may be missing this obstacle
[  599.8s] CAMERA/LIDAR DISAGREE - lidar=0.76 m  camera=0.48 m  delta=-0.28 m  CAMERA SEES CLOSER - lidar may be missing this obstacle
[  600.3s] CAMERA/LIDAR DISAGREE - lidar=0.75 m  camera=0.48 m  delta=-0.27 m  CAMERA SEES CLOSER - lidar may be missing this obstacle
[  600.8s] CAMERA/LIDAR DISAGREE - lidar=0.76 m  camera=0.48 m  delta=-0.28 m  CAMERA SEES CLOSER - lidar may be missing this obstacle
[  601.3s] CAMERA/LIDAR DISAGREE - lidar=0.74 m  camera=0.48 m  delta=-0.26 m  CAMERA SEES CLOSER - lidar may be missing this obstacle
[  601.8s] CAMERA/LIDAR DISAGREE - lidar=0.75 m  camera=0.48 m  delta=-0.27 m  CAMERA SEES CLOSER - lidar may be missing this obstacle
[  602.3s] CAMERA/LIDAR DISAGREE - lidar=0.77 m  camera=0.48 m  delta=-0.29 m  CAMERA SEES CLOSER - lidar may be missing this obstacle
[  602.8s] CAMERA/LIDAR DISAGREE - lidar=0.78 m  camera=0.48 m  delta=-0.30 m  CAMERA SEES CLOSER - lidar may be missing this obstacle
[  603.3s] CAMERA/LIDAR DISAGREE - lidar=0.71 m  camera=0.48 m  delta=-0.23 m  CAMERA SEES CLOSER - lidar may be missing this obstacle
[  603.8s] CAMERA/LIDAR DISAGREE - lidar=0.71 m  camera=0.48 m  delta=-0.24 m  CAMERA SEES CLOSER - lidar may be missing this obstacle
[  604.3s] CAMERA/LIDAR DISAGREE - lidar=0.71 m  camera=0.48 m  delta=-0.23 m  CAMERA SEES CLOSER - lidar may be missing this obstacle
[  604.8s] CAMERA/LIDAR DISAGREE - lidar=0.70 m  camera=0.48 m  delta=-0.22 m  CAMERA SEES CLOSER - lidar may be missing this obstacle
[  605.3s] CAMERA/LIDAR DISAGREE - lidar=0.70 m  camera=0.48 m  delta=-0.23 m  CAMERA SEES CLOSER - lidar may be missing this obstacle
[  605.8s] CAMERA/LIDAR DISAGREE - lidar=0.71 m  camera=0.48 m  delta=-0.23 m  CAMERA SEES CLOSER - lidar may be missing this obstacle
[  606.3s] CAMERA/LIDAR DISAGREE - lidar=0.72 m  camera=0.48 m  delta=-0.24 m  CAMERA SEES CLOSER - lidar may be missing this obstacle
[  606.8s] CAMERA/LIDAR DISAGREE - lidar=0.75 m  camera=0.48 m  delta=-0.27 m  CAMERA SEES CLOSER - lidar may be missing this obstacle
[  607.3s] CAMERA/LIDAR DISAGREE - lidar=0.76 m  camera=0.48 m  delta=-0.28 m  CAMERA SEES CLOSER - lidar may be missing this obstacle
[  607.8s] CAMERA/LIDAR DISAGREE - lidar=0.79 m  camera=0.48 m  delta=-0.31 m  CAMERA SEES CLOSER - lidar may be missing this obstacle
[  608.8s] CAMERA/LIDAR DISAGREE - lidar=0.74 m  camera=0.48 m  delta=-0.26 m  CAMERA SEES CLOSER - lidar may be missing this obstacle
[  609.3s] CAMERA/LIDAR DISAGREE - lidar=0.81 m  camera=0.48 m  delta=-0.33 m  CAMERA SEES CLOSER - lidar may be missing this obstacle
[  609.8s] CAMERA/LIDAR DISAGREE - lidar=0.81 m  camera=0.48 m  delta=-0.33 m  CAMERA SEES CLOSER - lidar may be missing this obstacle
[  610.3s] CAMERA/LIDAR DISAGREE - lidar=0.81 m  camera=0.48 m  delta=-0.33 m  CAMERA SEES CLOSER - lidar may be missing this obstacle
[  610.8s] CAMERA/LIDAR DISAGREE - lidar=0.80 m  camera=0.48 m  delta=-0.32 m  CAMERA SEES CLOSER - lidar may be missing this obstacle
[  611.3s] CAMERA/LIDAR DISAGREE - lidar=0.73 m  camera=0.48 m  delta=-0.25 m  CAMERA SEES CLOSER - lidar may be missing this obstacle
[  620.8s] CAMERA/LIDAR DISAGREE - lidar=0.69 m  camera=0.48 m  delta=-0.21 m  CAMERA SEES CLOSER - lidar may be missing this obstacle
[  621.3s] CAMERA/LIDAR DISAGREE - lidar=0.70 m  camera=0.48 m  delta=-0.22 m  CAMERA SEES CLOSER - lidar may be missing this obstacle
[  621.8s] CAMERA/LIDAR DISAGREE - lidar=0.70 m  camera=0.49 m  delta=-0.21 m  CAMERA SEES CLOSER - lidar may be missing this obstacle
[  622.3s] CAMERA/LIDAR DISAGREE - lidar=0.69 m  camera=0.48 m  delta=-0.21 m  CAMERA SEES CLOSER - lidar may be missing this obstacle
[  622.8s] CAMERA/LIDAR DISAGREE - lidar=0.70 m  camera=0.48 m  delta=-0.21 m  CAMERA SEES CLOSER - lidar may be missing this obstacle
[  623.3s] CAMERA/LIDAR DISAGREE - lidar=0.69 m  camera=0.49 m  delta=-0.21 m  CAMERA SEES CLOSER - lidar may be missing this obstacle
[  623.8s] CAMERA/LIDAR DISAGREE - lidar=0.69 m  camera=0.49 m  delta=-0.20 m  CAMERA SEES CLOSER - lidar may be missing this obstacle
[  624.3s] CAMERA/LIDAR DISAGREE - lidar=0.69 m  camera=0.48 m  delta=-0.20 m  CAMERA SEES CLOSER - lidar may be missing this obstacle
[  624.8s] CAMERA/LIDAR DISAGREE - lidar=0.69 m  camera=0.48 m  delta=-0.20 m  CAMERA SEES CLOSER - lidar may be missing this obstacle
[  625.3s] CAMERA/LIDAR DISAGREE - lidar=0.69 m  camera=0.49 m  delta=-0.21 m  CAMERA SEES CLOSER - lidar may be missing this obstacle
[  625.8s] CAMERA/LIDAR DISAGREE - lidar=0.69 m  camera=0.49 m  delta=-0.20 m  CAMERA SEES CLOSER - lidar may be missing this obstacle
[  626.3s] CAMERA/LIDAR DISAGREE - lidar=0.69 m  camera=0.48 m  delta=-0.21 m  CAMERA SEES CLOSER - lidar may be missing this obstacle
[  627.8s] CAMERA/LIDAR DISAGREE - lidar=0.69 m  camera=0.49 m  delta=-0.20 m  CAMERA SEES CLOSER - lidar may be missing this obstacle
[  628.3s] CAMERA/LIDAR DISAGREE - lidar=0.69 m  camera=0.48 m  delta=-0.20 m  CAMERA SEES CLOSER - lidar may be missing this obstacle
[  628.8s] CAMERA/LIDAR DISAGREE - lidar=0.69 m  camera=0.49 m  delta=-0.20 m  CAMERA SEES CLOSER - lidar may be missing this obstacle
[  629.3s] CAMERA/LIDAR DISAGREE - lidar=0.69 m  camera=0.49 m  delta=-0.20 m  CAMERA SEES CLOSER - lidar may be missing this obstacle
[  629.8s] CAMERA/LIDAR DISAGREE - lidar=0.69 m  camera=0.49 m  delta=-0.21 m  CAMERA SEES CLOSER - lidar may be missing this obstacle
[  662.3s] CAMERA/LIDAR DISAGREE - lidar=0.78 m  camera=0.48 m  delta=-0.30 m  CAMERA SEES CLOSER - lidar may be missing this obstacle
[  662.8s] CAMERA/LIDAR DISAGREE - lidar=0.86 m  camera=0.48 m  delta=-0.37 m  CAMERA SEES CLOSER - lidar may be missing this obstacle
[  663.3s] CAMERA/LIDAR DISAGREE - lidar=0.95 m  camera=0.48 m  delta=-0.47 m  CAMERA SEES CLOSER - lidar may be missing this obstacle
[  663.8s] CAMERA/LIDAR DISAGREE - lidar=0.97 m  camera=0.48 m  delta=-0.49 m  CAMERA SEES CLOSER - lidar may be missing this obstacle
[  664.3s] CAMERA/LIDAR DISAGREE - lidar=0.99 m  camera=0.48 m  delta=-0.51 m  CAMERA SEES CLOSER - lidar may be missing this obstacle
[  664.8s] CAMERA/LIDAR DISAGREE - lidar=0.98 m  camera=0.48 m  delta=-0.50 m  CAMERA SEES CLOSER - lidar may be missing this obstacle
[  665.3s] CAMERA/LIDAR DISAGREE - lidar=0.90 m  camera=0.48 m  delta=-0.41 m  CAMERA SEES CLOSER - lidar may be missing this obstacle
[  665.8s] CAMERA/LIDAR DISAGREE - lidar=0.88 m  camera=0.48 m  delta=-0.40 m  CAMERA SEES CLOSER - lidar may be missing this obstacle
[  666.3s] CAMERA/LIDAR DISAGREE - lidar=0.96 m  camera=0.48 m  delta=-0.47 m  CAMERA SEES CLOSER - lidar may be missing this obstacle
[  666.8s] CAMERA/LIDAR DISAGREE - lidar=0.93 m  camera=0.48 m  delta=-0.45 m  CAMERA SEES CLOSER - lidar may be missing this obstacle
[  667.3s] CAMERA/LIDAR DISAGREE - lidar=0.93 m  camera=0.48 m  delta=-0.45 m  CAMERA SEES CLOSER - lidar may be missing this obstacle
[  667.8s] CAMERA/LIDAR DISAGREE - lidar=0.94 m  camera=0.48 m  delta=-0.46 m  CAMERA SEES CLOSER - lidar may be missing this obstacle
[  668.3s] CAMERA/LIDAR DISAGREE - lidar=0.94 m  camera=0.48 m  delta=-0.45 m  CAMERA SEES CLOSER - lidar may be missing this obstacle
[  668.8s] CAMERA/LIDAR DISAGREE - lidar=0.93 m  camera=0.48 m  delta=-0.45 m  CAMERA SEES CLOSER - lidar may be missing this obstacle
[  669.3s] CAMERA/LIDAR DISAGREE - lidar=0.94 m  camera=0.48 m  delta=-0.45 m  CAMERA SEES CLOSER - lidar may be missing this obstacle
[  669.8s] CAMERA/LIDAR DISAGREE - lidar=0.93 m  camera=0.48 m  delta=-0.45 m  CAMERA SEES CLOSER - lidar may be missing this obstacle
[  670.3s] CAMERA/LIDAR DISAGREE - lidar=0.94 m  camera=0.48 m  delta=-0.45 m  CAMERA SEES CLOSER - lidar may be missing this obstacle
[  670.8s] CAMERA/LIDAR DISAGREE - lidar=0.94 m  camera=0.48 m  delta=-0.45 m  CAMERA SEES CLOSER - lidar may be missing this obstacle
[  671.3s] CAMERA/LIDAR DISAGREE - lidar=0.93 m  camera=0.48 m  delta=-0.45 m  CAMERA SEES CLOSER - lidar may be missing this obstacle
[  671.8s] CAMERA/LIDAR DISAGREE - lidar=0.93 m  camera=0.48 m  delta=-0.45 m  CAMERA SEES CLOSER - lidar may be missing this obstacle
[  672.3s] CAMERA/LIDAR DISAGREE - lidar=0.93 m  camera=0.48 m  delta=-0.45 m  CAMERA SEES CLOSER - lidar may be missing this obstacle
[  672.8s] CAMERA/LIDAR DISAGREE - lidar=0.93 m  camera=0.48 m  delta=-0.45 m  CAMERA SEES CLOSER - lidar may be missing this obstacle
[  673.3s] CAMERA/LIDAR DISAGREE - lidar=0.93 m  camera=0.48 m  delta=-0.45 m  CAMERA SEES CLOSER - lidar may be missing this obstacle
[  673.8s] CAMERA/LIDAR DISAGREE - lidar=0.93 m  camera=0.48 m  delta=-0.45 m  CAMERA SEES CLOSER - lidar may be missing this obstacle
[  674.3s] CAMERA/LIDAR DISAGREE - lidar=0.93 m  camera=0.48 m  delta=-0.45 m  CAMERA SEES CLOSER - lidar may be missing this obstacle
[  674.8s] CAMERA/LIDAR DISAGREE - lidar=0.93 m  camera=0.48 m  delta=-0.45 m  CAMERA SEES CLOSER - lidar may be missing this obstacle
[  675.3s] CAMERA/LIDAR DISAGREE - lidar=0.93 m  camera=0.48 m  delta=-0.45 m  CAMERA SEES CLOSER - lidar may be missing this obstacle
[  675.8s] CAMERA/LIDAR DISAGREE - lidar=0.93 m  camera=0.48 m  delta=-0.45 m  CAMERA SEES CLOSER - lidar may be missing this obstacle
[  676.3s] CAMERA/LIDAR DISAGREE - lidar=0.93 m  camera=0.48 m  delta=-0.45 m  CAMERA SEES CLOSER - lidar may be missing this obstacle
[  676.8s] CAMERA/LIDAR DISAGREE - lidar=0.93 m  camera=0.48 m  delta=-0.45 m  CAMERA SEES CLOSER - lidar may be missing this obstacle
[  677.3s] CAMERA/LIDAR DISAGREE - lidar=0.93 m  camera=0.48 m  delta=-0.45 m  CAMERA SEES CLOSER - lidar may be missing this obstacle
[  677.8s] CAMERA/LIDAR DISAGREE - lidar=0.93 m  camera=0.48 m  delta=-0.45 m  CAMERA SEES CLOSER - lidar may be missing this obstacle
[  678.3s] CAMERA/LIDAR DISAGREE - lidar=0.93 m  camera=0.48 m  delta=-0.45 m  CAMERA SEES CLOSER - lidar may be missing this obstacle
[  678.8s] CAMERA/LIDAR DISAGREE - lidar=0.93 m  camera=0.48 m  delta=-0.45 m  CAMERA SEES CLOSER - lidar may be missing this obstacle
[  679.3s] CAMERA/LIDAR DISAGREE - lidar=0.93 m  camera=0.48 m  delta=-0.45 m  CAMERA SEES CLOSER - lidar may be missing this obstacle
[  679.8s] CAMERA/LIDAR DISAGREE - lidar=0.93 m  camera=0.48 m  delta=-0.45 m  CAMERA SEES CLOSER - lidar may be missing this obstacle
[  680.3s] CAMERA/LIDAR DISAGREE - lidar=0.94 m  camera=0.48 m  delta=-0.45 m  CAMERA SEES CLOSER - lidar may be missing this obstacle
[  680.8s] CAMERA/LIDAR DISAGREE - lidar=0.93 m  camera=0.48 m  delta=-0.45 m  CAMERA SEES CLOSER - lidar may be missing this obstacle
[  681.3s] CAMERA/LIDAR DISAGREE - lidar=0.93 m  camera=0.48 m  delta=-0.45 m  CAMERA SEES CLOSER - lidar may be missing this obstacle
[  681.8s] CAMERA/LIDAR DISAGREE - lidar=0.94 m  camera=0.48 m  delta=-0.46 m  CAMERA SEES CLOSER - lidar may be missing this obstacle
[  682.3s] CAMERA/LIDAR DISAGREE - lidar=0.97 m  camera=0.48 m  delta=-0.49 m  CAMERA SEES CLOSER - lidar may be missing this obstacle
[  682.8s] CAMERA/LIDAR DISAGREE - lidar=0.98 m  camera=0.48 m  delta=-0.49 m  CAMERA SEES CLOSER - lidar may be missing this obstacle
[  683.3s] CAMERA/LIDAR DISAGREE - lidar=0.97 m  camera=0.48 m  delta=-0.49 m  CAMERA SEES CLOSER - lidar may be missing this obstacle
[  683.8s] CAMERA/LIDAR DISAGREE - lidar=0.97 m  camera=0.48 m  delta=-0.49 m  CAMERA SEES CLOSER - lidar may be missing this obstacle
[  684.3s] CAMERA/LIDAR DISAGREE - lidar=0.97 m  camera=0.48 m  delta=-0.48 m  CAMERA SEES CLOSER - lidar may be missing this obstacle
[  684.8s] CAMERA/LIDAR DISAGREE - lidar=0.97 m  camera=0.48 m  delta=-0.48 m  CAMERA SEES CLOSER - lidar may be missing this obstacle
[  685.3s] CAMERA/LIDAR DISAGREE - lidar=0.96 m  camera=0.48 m  delta=-0.47 m  CAMERA SEES CLOSER - lidar may be missing this obstacle
[  685.8s] CAMERA/LIDAR DISAGREE - lidar=0.94 m  camera=0.48 m  delta=-0.46 m  CAMERA SEES CLOSER - lidar may be missing this obstacle
[  686.3s] CAMERA/LIDAR DISAGREE - lidar=0.97 m  camera=0.48 m  delta=-0.49 m  CAMERA SEES CLOSER - lidar may be missing this obstacle
[  686.8s] CAMERA/LIDAR DISAGREE - lidar=0.98 m  camera=0.48 m  delta=-0.49 m  CAMERA SEES CLOSER - lidar may be missing this obstacle
[  687.3s] CAMERA/LIDAR DISAGREE - lidar=0.98 m  camera=0.48 m  delta=-0.50 m  CAMERA SEES CLOSER - lidar may be missing this obstacle
[  687.8s] CAMERA/LIDAR DISAGREE - lidar=0.95 m  camera=0.48 m  delta=-0.47 m  CAMERA SEES CLOSER - lidar may be missing this obstacle
[  688.3s] CAMERA/LIDAR DISAGREE - lidar=0.97 m  camera=0.48 m  delta=-0.48 m  CAMERA SEES CLOSER - lidar may be missing this obstacle
[  688.8s] CAMERA/LIDAR DISAGREE - lidar=0.93 m  camera=0.48 m  delta=-0.44 m  CAMERA SEES CLOSER - lidar may be missing this obstacle
[  689.3s] CAMERA/LIDAR DISAGREE - lidar=0.94 m  camera=0.48 m  delta=-0.46 m  CAMERA SEES CLOSER - lidar may be missing this obstacle
[  689.8s] CAMERA/LIDAR DISAGREE - lidar=0.94 m  camera=0.48 m  delta=-0.46 m  CAMERA SEES CLOSER - lidar may be missing this obstacle
[  690.3s] CAMERA/LIDAR DISAGREE - lidar=0.94 m  camera=0.48 m  delta=-0.46 m  CAMERA SEES CLOSER - lidar may be missing this obstacle
[  690.8s] CAMERA/LIDAR DISAGREE - lidar=0.94 m  camera=0.48 m  delta=-0.46 m  CAMERA SEES CLOSER - lidar may be missing this obstacle
[  691.3s] CAMERA/LIDAR DISAGREE - lidar=0.94 m  camera=0.48 m  delta=-0.46 m  CAMERA SEES CLOSER - lidar may be missing this obstacle
[  691.8s] CAMERA/LIDAR DISAGREE - lidar=0.95 m  camera=0.48 m  delta=-0.46 m  CAMERA SEES CLOSER - lidar may be missing this obstacle
[  692.3s] CAMERA/LIDAR DISAGREE - lidar=0.94 m  camera=0.48 m  delta=-0.46 m  CAMERA SEES CLOSER - lidar may be missing this obstacle
[  692.8s] CAMERA/LIDAR DISAGREE - lidar=0.94 m  camera=0.48 m  delta=-0.46 m  CAMERA SEES CLOSER - lidar may be missing this obstacle
[  693.3s] CAMERA/LIDAR DISAGREE - lidar=0.94 m  camera=0.48 m  delta=-0.46 m  CAMERA SEES CLOSER - lidar may be missing this obstacle
[  693.8s] CAMERA/LIDAR DISAGREE - lidar=0.94 m  camera=0.48 m  delta=-0.46 m  CAMERA SEES CLOSER - lidar may be missing this obstacle
[  694.3s] CAMERA/LIDAR DISAGREE - lidar=0.94 m  camera=0.48 m  delta=-0.46 m  CAMERA SEES CLOSER - lidar may be missing this obstacle
[  694.8s] CAMERA/LIDAR DISAGREE - lidar=0.94 m  camera=0.48 m  delta=-0.46 m  CAMERA SEES CLOSER - lidar may be missing this obstacle
[  695.3s] CAMERA/LIDAR DISAGREE - lidar=0.95 m  camera=0.48 m  delta=-0.46 m  CAMERA SEES CLOSER - lidar may be missing this obstacle
[  695.8s] CAMERA/LIDAR DISAGREE - lidar=0.94 m  camera=0.48 m  delta=-0.46 m  CAMERA SEES CLOSER - lidar may be missing this obstacle
[  696.3s] CAMERA/LIDAR DISAGREE - lidar=0.95 m  camera=0.48 m  delta=-0.46 m  CAMERA SEES CLOSER - lidar may be missing this obstacle
[  696.8s] CAMERA/LIDAR DISAGREE - lidar=0.95 m  camera=0.48 m  delta=-0.46 m  CAMERA SEES CLOSER - lidar may be missing this obstacle
[  697.3s] CAMERA/LIDAR DISAGREE - lidar=0.87 m  camera=0.48 m  delta=-0.39 m  CAMERA SEES CLOSER - lidar may be missing this obstacle
[  697.8s] CAMERA/LIDAR DISAGREE - lidar=0.87 m  camera=0.48 m  delta=-0.38 m  CAMERA SEES CLOSER - lidar may be missing this obstacle
[  698.3s] CAMERA/LIDAR DISAGREE - lidar=0.95 m  camera=0.48 m  delta=-0.47 m  CAMERA SEES CLOSER - lidar may be missing this obstacle
[  698.8s] CAMERA/LIDAR DISAGREE - lidar=0.96 m  camera=0.48 m  delta=-0.47 m  CAMERA SEES CLOSER - lidar may be missing this obstacle
[  699.3s] CAMERA/LIDAR DISAGREE - lidar=0.96 m  camera=0.48 m  delta=-0.47 m  CAMERA SEES CLOSER - lidar may be missing this obstacle
[  699.8s] CAMERA/LIDAR DISAGREE - lidar=0.95 m  camera=0.48 m  delta=-0.47 m  CAMERA SEES CLOSER - lidar may be missing this obstacle
[  700.3s] CAMERA/LIDAR DISAGREE - lidar=0.83 m  camera=0.48 m  delta=-0.35 m  CAMERA SEES CLOSER - lidar may be missing this obstacle
[  701.8s] CAMERA/LIDAR DISAGREE - lidar=0.75 m  camera=0.48 m  delta=-0.26 m  CAMERA SEES CLOSER - lidar may be missing this obstacle
[  702.3s] CAMERA/LIDAR DISAGREE - lidar=0.81 m  camera=0.48 m  delta=-0.33 m  CAMERA SEES CLOSER - lidar may be missing this obstacle
[  702.8s] CAMERA/LIDAR DISAGREE - lidar=0.80 m  camera=0.48 m  delta=-0.31 m  CAMERA SEES CLOSER - lidar may be missing this obstacle
[  703.3s] CAMERA/LIDAR DISAGREE - lidar=0.80 m  camera=0.48 m  delta=-0.31 m  CAMERA SEES CLOSER - lidar may be missing this obstacle
[  703.8s] CAMERA/LIDAR DISAGREE - lidar=0.80 m  camera=0.48 m  delta=-0.31 m  CAMERA SEES CLOSER - lidar may be missing this obstacle
[  704.3s] CAMERA/LIDAR DISAGREE - lidar=0.80 m  camera=0.48 m  delta=-0.32 m  CAMERA SEES CLOSER - lidar may be missing this obstacle
[  704.8s] CAMERA/LIDAR DISAGREE - lidar=0.80 m  camera=0.48 m  delta=-0.31 m  CAMERA SEES CLOSER - lidar may be missing this obstacle
[  705.3s] CAMERA/LIDAR DISAGREE - lidar=0.80 m  camera=0.48 m  delta=-0.31 m  CAMERA SEES CLOSER - lidar may be missing this obstacle
[  705.8s] CAMERA/LIDAR DISAGREE - lidar=0.80 m  camera=0.48 m  delta=-0.31 m  CAMERA SEES CLOSER - lidar may be missing this obstacle
[  706.3s] CAMERA/LIDAR DISAGREE - lidar=0.80 m  camera=0.48 m  delta=-0.32 m  CAMERA SEES CLOSER - lidar may be missing this obstacle
[  706.8s] CAMERA/LIDAR DISAGREE - lidar=0.80 m  camera=0.48 m  delta=-0.31 m  CAMERA SEES CLOSER - lidar may be missing this obstacle
[  707.3s] CAMERA/LIDAR DISAGREE - lidar=0.80 m  camera=0.48 m  delta=-0.31 m  CAMERA SEES CLOSER - lidar may be missing this obstacle
[  707.8s] CAMERA/LIDAR DISAGREE - lidar=0.80 m  camera=0.48 m  delta=-0.32 m  CAMERA SEES CLOSER - lidar may be missing this obstacle
[  708.3s] CAMERA/LIDAR DISAGREE - lidar=0.80 m  camera=0.48 m  delta=-0.31 m  CAMERA SEES CLOSER - lidar may be missing this obstacle
[  708.8s] CAMERA/LIDAR DISAGREE - lidar=0.80 m  camera=0.48 m  delta=-0.31 m  CAMERA SEES CLOSER - lidar may be missing this obstacle
[  709.3s] CAMERA/LIDAR DISAGREE - lidar=0.80 m  camera=0.48 m  delta=-0.31 m  CAMERA SEES CLOSER - lidar may be missing this obstacle
[  709.8s] CAMERA/LIDAR DISAGREE - lidar=0.80 m  camera=0.48 m  delta=-0.31 m  CAMERA SEES CLOSER - lidar may be missing this obstacle
[  710.3s] CAMERA/LIDAR DISAGREE - lidar=0.80 m  camera=0.48 m  delta=-0.31 m  CAMERA SEES CLOSER - lidar may be missing this obstacle
[  710.8s] CAMERA/LIDAR DISAGREE - lidar=0.80 m  camera=0.48 m  delta=-0.31 m  CAMERA SEES CLOSER - lidar may be missing this obstacle
[  711.3s] CAMERA/LIDAR DISAGREE - lidar=0.80 m  camera=0.48 m  delta=-0.31 m  CAMERA SEES CLOSER - lidar may be missing this obstacle
[  711.8s] CAMERA/LIDAR DISAGREE - lidar=0.80 m  camera=0.48 m  delta=-0.32 m  CAMERA SEES CLOSER - lidar may be missing this obstacle
[  712.3s] CAMERA/LIDAR DISAGREE - lidar=0.80 m  camera=0.48 m  delta=-0.31 m  CAMERA SEES CLOSER - lidar may be missing this obstacle
[  712.8s] CAMERA/LIDAR DISAGREE - lidar=0.80 m  camera=0.48 m  delta=-0.31 m  CAMERA SEES CLOSER - lidar may be missing this obstacle
[  713.3s] CAMERA/LIDAR DISAGREE - lidar=0.80 m  camera=0.48 m  delta=-0.31 m  CAMERA SEES CLOSER - lidar may be missing this obstacle
[  713.8s] CAMERA/LIDAR DISAGREE - lidar=0.80 m  camera=0.48 m  delta=-0.32 m  CAMERA SEES CLOSER - lidar may be missing this obstacle
[  714.3s] CAMERA/LIDAR DISAGREE - lidar=0.79 m  camera=0.48 m  delta=-0.31 m  CAMERA SEES CLOSER - lidar may be missing this obstacle
[  714.8s] CAMERA/LIDAR DISAGREE - lidar=0.80 m  camera=0.48 m  delta=-0.31 m  CAMERA SEES CLOSER - lidar may be missing this obstacle
[  715.3s] CAMERA/LIDAR DISAGREE - lidar=0.75 m  camera=0.48 m  delta=-0.26 m  CAMERA SEES CLOSER - lidar may be missing this obstacle
[  716.8s] CAMERA/LIDAR DISAGREE - lidar=0.80 m  camera=0.48 m  delta=-0.31 m  CAMERA SEES CLOSER - lidar may be missing this obstacle
[  717.3s] CAMERA/LIDAR DISAGREE - lidar=0.80 m  camera=0.48 m  delta=-0.31 m  CAMERA SEES CLOSER - lidar may be missing this obstacle
[  717.8s] CAMERA/LIDAR DISAGREE - lidar=0.80 m  camera=0.48 m  delta=-0.31 m  CAMERA SEES CLOSER - lidar may be missing this obstacle
[  718.3s] CAMERA/LIDAR DISAGREE - lidar=0.80 m  camera=0.48 m  delta=-0.31 m  CAMERA SEES CLOSER - lidar may be missing this obstacle
[  718.8s] CAMERA/LIDAR DISAGREE - lidar=0.80 m  camera=0.48 m  delta=-0.31 m  CAMERA SEES CLOSER - lidar may be missing this obstacle
[  719.3s] CAMERA/LIDAR DISAGREE - lidar=0.80 m  camera=0.48 m  delta=-0.32 m  CAMERA SEES CLOSER - lidar may be missing this obstacle
[  719.8s] CAMERA/LIDAR DISAGREE - lidar=0.80 m  camera=0.48 m  delta=-0.31 m  CAMERA SEES CLOSER - lidar may be missing this obstacle
[  720.3s] CAMERA/LIDAR DISAGREE - lidar=0.80 m  camera=0.48 m  delta=-0.31 m  CAMERA SEES CLOSER - lidar may be missing this obstacle
[  720.8s] CAMERA/LIDAR DISAGREE - lidar=0.80 m  camera=0.48 m  delta=-0.31 m  CAMERA SEES CLOSER - lidar may be missing this obstacle
[  721.3s] CAMERA/LIDAR DISAGREE - lidar=0.80 m  camera=0.48 m  delta=-0.31 m  CAMERA SEES CLOSER - lidar may be missing this obstacle
[  721.8s] CAMERA/LIDAR DISAGREE - lidar=0.80 m  camera=0.48 m  delta=-0.31 m  CAMERA SEES CLOSER - lidar may be missing this obstacle
[  722.3s] CAMERA/LIDAR DISAGREE - lidar=0.80 m  camera=0.48 m  delta=-0.31 m  CAMERA SEES CLOSER - lidar may be missing this obstacle
[  722.8s] CAMERA/LIDAR DISAGREE - lidar=0.80 m  camera=0.48 m  delta=-0.32 m  CAMERA SEES CLOSER - lidar may be missing this obstacle
[  723.3s] CAMERA/LIDAR DISAGREE - lidar=0.80 m  camera=0.48 m  delta=-0.31 m  CAMERA SEES CLOSER - lidar may be missing this obstacle
[  723.8s] CAMERA/LIDAR DISAGREE - lidar=0.80 m  camera=0.48 m  delta=-0.31 m  CAMERA SEES CLOSER - lidar may be missing this obstacle
[  724.3s] CAMERA/LIDAR DISAGREE - lidar=0.80 m  camera=0.48 m  delta=-0.31 m  CAMERA SEES CLOSER - lidar may be missing this obstacle
[  726.3s] CAMERA/LIDAR DISAGREE - lidar=0.80 m  camera=0.48 m  delta=-0.31 m  CAMERA SEES CLOSER - lidar may be missing this obstacle
[  726.8s] CAMERA/LIDAR DISAGREE - lidar=0.80 m  camera=0.48 m  delta=-0.31 m  CAMERA SEES CLOSER - lidar may be missing this obstacle
[  727.3s] CAMERA/LIDAR DISAGREE - lidar=0.80 m  camera=0.49 m  delta=-0.31 m  CAMERA SEES CLOSER - lidar may be missing this obstacle
[  727.8s] CAMERA/LIDAR DISAGREE - lidar=0.80 m  camera=0.48 m  delta=-0.31 m  CAMERA SEES CLOSER - lidar may be missing this obstacle
[  728.3s] CAMERA/LIDAR DISAGREE - lidar=0.79 m  camera=0.48 m  delta=-0.31 m  CAMERA SEES CLOSER - lidar may be missing this obstacle
[  728.8s] CAMERA/LIDAR DISAGREE - lidar=0.79 m  camera=0.48 m  delta=-0.31 m  CAMERA SEES CLOSER - lidar may be missing this obstacle
[  729.3s] CAMERA/LIDAR DISAGREE - lidar=0.79 m  camera=0.48 m  delta=-0.31 m  CAMERA SEES CLOSER - lidar may be missing this obstacle
[  730.3s] CAMERA/LIDAR DISAGREE - lidar=0.80 m  camera=0.48 m  delta=-0.32 m  CAMERA SEES CLOSER - lidar may be missing this obstacle
[  730.8s] CAMERA/LIDAR DISAGREE - lidar=0.80 m  camera=0.48 m  delta=-0.31 m  CAMERA SEES CLOSER - lidar may be missing this obstacle
[  731.3s] CAMERA/LIDAR DISAGREE - lidar=0.79 m  camera=0.48 m  delta=-0.31 m  CAMERA SEES CLOSER - lidar may be missing this obstacle
[  731.8s] CAMERA/LIDAR DISAGREE - lidar=0.79 m  camera=0.48 m  delta=-0.31 m  CAMERA SEES CLOSER - lidar may be missing this obstacle
[  732.3s] CAMERA/LIDAR DISAGREE - lidar=0.79 m  camera=0.48 m  delta=-0.31 m  CAMERA SEES CLOSER - lidar may be missing this obstacle
[  732.8s] CAMERA/LIDAR DISAGREE - lidar=0.79 m  camera=0.48 m  delta=-0.31 m  CAMERA SEES CLOSER - lidar may be missing this obstacle
[  733.3s] CAMERA/LIDAR DISAGREE - lidar=0.79 m  camera=0.48 m  delta=-0.31 m  CAMERA SEES CLOSER - lidar may be missing this obstacle
[  733.8s] CAMERA/LIDAR DISAGREE - lidar=0.80 m  camera=0.48 m  delta=-0.31 m  CAMERA SEES CLOSER - lidar may be missing this obstacle
[  734.3s] CAMERA/LIDAR DISAGREE - lidar=0.81 m  camera=0.48 m  delta=-0.32 m  CAMERA SEES CLOSER - lidar may be missing this obstacle
[  734.8s] CAMERA/LIDAR DISAGREE - lidar=0.81 m  camera=0.48 m  delta=-0.32 m  CAMERA SEES CLOSER - lidar may be missing this obstacle
[  735.3s] CAMERA/LIDAR DISAGREE - lidar=0.81 m  camera=0.48 m  delta=-0.33 m  CAMERA SEES CLOSER - lidar may be missing this obstacle
[  735.8s] CAMERA/LIDAR DISAGREE - lidar=0.82 m  camera=0.48 m  delta=-0.33 m  CAMERA SEES CLOSER - lidar may be missing this obstacle
[  736.3s] CAMERA/LIDAR DISAGREE - lidar=0.82 m  camera=0.48 m  delta=-0.33 m  CAMERA SEES CLOSER - lidar may be missing this obstacle
[  736.8s] CAMERA/LIDAR DISAGREE - lidar=0.81 m  camera=0.48 m  delta=-0.33 m  CAMERA SEES CLOSER - lidar may be missing this obstacle
[  737.3s] CAMERA/LIDAR DISAGREE - lidar=0.81 m  camera=0.48 m  delta=-0.33 m  CAMERA SEES CLOSER - lidar may be missing this obstacle
[  737.8s] CAMERA/LIDAR DISAGREE - lidar=0.79 m  camera=0.48 m  delta=-0.31 m  CAMERA SEES CLOSER - lidar may be missing this obstacle
[  738.3s] CAMERA/LIDAR DISAGREE - lidar=0.80 m  camera=0.48 m  delta=-0.32 m  CAMERA SEES CLOSER - lidar may be missing this obstacle
[  738.8s] CAMERA/LIDAR DISAGREE - lidar=0.81 m  camera=0.48 m  delta=-0.32 m  CAMERA SEES CLOSER - lidar may be missing this obstacle
[  739.3s] CAMERA/LIDAR DISAGREE - lidar=0.79 m  camera=0.48 m  delta=-0.31 m  CAMERA SEES CLOSER - lidar may be missing this obstacle
[  739.8s] CAMERA/LIDAR DISAGREE - lidar=0.77 m  camera=0.48 m  delta=-0.29 m  CAMERA SEES CLOSER - lidar may be missing this obstacle
[  740.3s] CAMERA/LIDAR DISAGREE - lidar=0.77 m  camera=0.48 m  delta=-0.28 m  CAMERA SEES CLOSER - lidar may be missing this obstacle
[  740.8s] CAMERA/LIDAR DISAGREE - lidar=0.77 m  camera=0.48 m  delta=-0.29 m  CAMERA SEES CLOSER - lidar may be missing this obstacle
[  741.3s] CAMERA/LIDAR DISAGREE - lidar=0.77 m  camera=0.48 m  delta=-0.29 m  CAMERA SEES CLOSER - lidar may be missing this obstacle
[  741.8s] CAMERA/LIDAR DISAGREE - lidar=0.73 m  camera=0.48 m  delta=-0.25 m  CAMERA SEES CLOSER - lidar may be missing this obstacle
[  742.8s] CAMERA/LIDAR DISAGREE - lidar=0.71 m  camera=0.48 m  delta=-0.23 m  CAMERA SEES CLOSER - lidar may be missing this obstacle
[  743.3s] CAMERA/LIDAR DISAGREE - lidar=0.78 m  camera=0.48 m  delta=-0.30 m  CAMERA SEES CLOSER - lidar may be missing this obstacle
[  743.8s] CAMERA/LIDAR DISAGREE - lidar=0.93 m  camera=0.48 m  delta=-0.45 m  CAMERA SEES CLOSER - lidar may be missing this obstacle
[  744.3s] CAMERA/LIDAR DISAGREE - lidar=1.00 m  camera=0.48 m  delta=-0.52 m  CAMERA SEES CLOSER - lidar may be missing this obstacle
[  744.8s] CAMERA/LIDAR DISAGREE - lidar=1.00 m  camera=0.48 m  delta=-0.52 m  CAMERA SEES CLOSER - lidar may be missing this obstacle
[  745.3s] CAMERA/LIDAR DISAGREE - lidar=1.01 m  camera=0.48 m  delta=-0.53 m  CAMERA SEES CLOSER - lidar may be missing this obstacle
[  745.8s] CAMERA/LIDAR DISAGREE - lidar=1.00 m  camera=0.48 m  delta=-0.52 m  CAMERA SEES CLOSER - lidar may be missing this obstacle
[  746.3s] CAMERA/LIDAR DISAGREE - lidar=1.01 m  camera=0.48 m  delta=-0.53 m  CAMERA SEES CLOSER - lidar may be missing this obstacle
[  746.8s] CAMERA/LIDAR DISAGREE - lidar=1.01 m  camera=0.48 m  delta=-0.53 m  CAMERA SEES CLOSER - lidar may be missing this obstacle
[  747.3s] CAMERA/LIDAR DISAGREE - lidar=1.01 m  camera=0.48 m  delta=-0.52 m  CAMERA SEES CLOSER - lidar may be missing this obstacle
[  747.8s] CAMERA/LIDAR DISAGREE - lidar=1.01 m  camera=0.48 m  delta=-0.53 m  CAMERA SEES CLOSER - lidar may be missing this obstacle
[  748.3s] CAMERA/LIDAR DISAGREE - lidar=1.01 m  camera=0.48 m  delta=-0.52 m  CAMERA SEES CLOSER - lidar may be missing this obstacle
[  748.8s] CAMERA/LIDAR DISAGREE - lidar=1.01 m  camera=0.48 m  delta=-0.53 m  CAMERA SEES CLOSER - lidar may be missing this obstacle
[  749.3s] CAMERA/LIDAR DISAGREE - lidar=1.01 m  camera=0.48 m  delta=-0.52 m  CAMERA SEES CLOSER - lidar may be missing this obstacle
[  749.8s] CAMERA/LIDAR DISAGREE - lidar=1.01 m  camera=0.48 m  delta=-0.52 m  CAMERA SEES CLOSER - lidar may be missing this obstacle
[  750.3s] CAMERA/LIDAR DISAGREE - lidar=1.00 m  camera=0.48 m  delta=-0.52 m  CAMERA SEES CLOSER - lidar may be missing this obstacle
[  750.8s] CAMERA/LIDAR DISAGREE - lidar=1.00 m  camera=0.48 m  delta=-0.51 m  CAMERA SEES CLOSER - lidar may be missing this obstacle
[  751.3s] CAMERA/LIDAR DISAGREE - lidar=1.00 m  camera=0.48 m  delta=-0.52 m  CAMERA SEES CLOSER - lidar may be missing this obstacle
[  751.8s] CAMERA/LIDAR DISAGREE - lidar=1.00 m  camera=0.48 m  delta=-0.52 m  CAMERA SEES CLOSER - lidar may be missing this obstacle
[  752.3s] CAMERA/LIDAR DISAGREE - lidar=1.01 m  camera=0.48 m  delta=-0.52 m  CAMERA SEES CLOSER - lidar may be missing this obstacle
[  752.8s] CAMERA/LIDAR DISAGREE - lidar=1.00 m  camera=0.48 m  delta=-0.52 m  CAMERA SEES CLOSER - lidar may be missing this obstacle
[  753.3s] CAMERA/LIDAR DISAGREE - lidar=1.00 m  camera=0.48 m  delta=-0.52 m  CAMERA SEES CLOSER - lidar may be missing this obstacle
[  753.8s] CAMERA/LIDAR DISAGREE - lidar=1.00 m  camera=0.48 m  delta=-0.52 m  CAMERA SEES CLOSER - lidar may be missing this obstacle
[  754.3s] CAMERA/LIDAR DISAGREE - lidar=1.00 m  camera=0.48 m  delta=-0.52 m  CAMERA SEES CLOSER - lidar may be missing this obstacle
[  754.8s] CAMERA/LIDAR DISAGREE - lidar=1.01 m  camera=0.48 m  delta=-0.52 m  CAMERA SEES CLOSER - lidar may be missing this obstacle
[  755.3s] CAMERA/LIDAR DISAGREE - lidar=1.00 m  camera=0.48 m  delta=-0.52 m  CAMERA SEES CLOSER - lidar may be missing this obstacle
[  755.8s] CAMERA/LIDAR DISAGREE - lidar=1.00 m  camera=0.48 m  delta=-0.52 m  CAMERA SEES CLOSER - lidar may be missing this obstacle
[  756.3s] CAMERA/LIDAR DISAGREE - lidar=1.00 m  camera=0.48 m  delta=-0.52 m  CAMERA SEES CLOSER - lidar may be missing this obstacle
[  756.8s] CAMERA/LIDAR DISAGREE - lidar=1.00 m  camera=0.48 m  delta=-0.52 m  CAMERA SEES CLOSER - lidar may be missing this obstacle
[  757.3s] CAMERA/LIDAR DISAGREE - lidar=1.00 m  camera=0.48 m  delta=-0.52 m  CAMERA SEES CLOSER - lidar may be missing this obstacle
[  757.8s] CAMERA/LIDAR DISAGREE - lidar=1.00 m  camera=0.48 m  delta=-0.52 m  CAMERA SEES CLOSER - lidar may be missing this obstacle
[  758.3s] CAMERA/LIDAR DISAGREE - lidar=1.00 m  camera=0.48 m  delta=-0.51 m  CAMERA SEES CLOSER - lidar may be missing this obstacle
[  758.8s] CAMERA/LIDAR DISAGREE - lidar=1.00 m  camera=0.48 m  delta=-0.52 m  CAMERA SEES CLOSER - lidar may be missing this obstacle
[  759.3s] CAMERA/LIDAR DISAGREE - lidar=1.00 m  camera=0.48 m  delta=-0.52 m  CAMERA SEES CLOSER - lidar may be missing this obstacle
[  759.8s] CAMERA/LIDAR DISAGREE - lidar=1.00 m  camera=0.48 m  delta=-0.52 m  CAMERA SEES CLOSER - lidar may be missing this obstacle
[  760.3s] CAMERA/LIDAR DISAGREE - lidar=1.00 m  camera=0.48 m  delta=-0.52 m  CAMERA SEES CLOSER - lidar may be missing this obstacle
[  760.8s] CAMERA/LIDAR DISAGREE - lidar=1.00 m  camera=0.48 m  delta=-0.52 m  CAMERA SEES CLOSER - lidar may be missing this obstacle
[  761.3s] CAMERA/LIDAR DISAGREE - lidar=1.00 m  camera=0.48 m  delta=-0.52 m  CAMERA SEES CLOSER - lidar may be missing this obstacle
[  761.8s] CAMERA/LIDAR DISAGREE - lidar=1.01 m  camera=0.48 m  delta=-0.52 m  CAMERA SEES CLOSER - lidar may be missing this obstacle
[  762.3s] CAMERA/LIDAR DISAGREE - lidar=1.00 m  camera=0.48 m  delta=-0.52 m  CAMERA SEES CLOSER - lidar may be missing this obstacle
[  762.8s] CAMERA/LIDAR DISAGREE - lidar=1.00 m  camera=0.48 m  delta=-0.52 m  CAMERA SEES CLOSER - lidar may be missing this obstacle
[  763.3s] CAMERA/LIDAR DISAGREE - lidar=1.00 m  camera=0.48 m  delta=-0.51 m  CAMERA SEES CLOSER - lidar may be missing this obstacle
[  763.8s] CAMERA/LIDAR DISAGREE - lidar=1.00 m  camera=0.48 m  delta=-0.52 m  CAMERA SEES CLOSER - lidar may be missing this obstacle
[  764.3s] CAMERA/LIDAR DISAGREE - lidar=1.00 m  camera=0.48 m  delta=-0.52 m  CAMERA SEES CLOSER - lidar may be missing this obstacle
[  764.8s] CAMERA/LIDAR DISAGREE - lidar=1.01 m  camera=0.48 m  delta=-0.52 m  CAMERA SEES CLOSER - lidar may be missing this obstacle
[  765.3s] CAMERA/LIDAR DISAGREE - lidar=1.00 m  camera=0.48 m  delta=-0.52 m  CAMERA SEES CLOSER - lidar may be missing this obstacle
[  765.8s] CAMERA/LIDAR DISAGREE - lidar=1.00 m  camera=0.48 m  delta=-0.52 m  CAMERA SEES CLOSER - lidar may be missing this obstacle
[  766.3s] CAMERA/LIDAR DISAGREE - lidar=1.00 m  camera=0.48 m  delta=-0.52 m  CAMERA SEES CLOSER - lidar may be missing this obstacle
[  766.8s] CAMERA/LIDAR DISAGREE - lidar=1.00 m  camera=0.48 m  delta=-0.52 m  CAMERA SEES CLOSER - lidar may be missing this obstacle
[  767.3s] CAMERA/LIDAR DISAGREE - lidar=1.00 m  camera=0.48 m  delta=-0.52 m  CAMERA SEES CLOSER - lidar may be missing this obstacle
[  767.8s] CAMERA/LIDAR DISAGREE - lidar=1.00 m  camera=0.48 m  delta=-0.52 m  CAMERA SEES CLOSER - lidar may be missing this obstacle
[  768.3s] CAMERA/LIDAR DISAGREE - lidar=1.00 m  camera=0.48 m  delta=-0.52 m  CAMERA SEES CLOSER - lidar may be missing this obstacle
[  768.8s] CAMERA/LIDAR DISAGREE - lidar=0.97 m  camera=0.48 m  delta=-0.49 m  CAMERA SEES CLOSER - lidar may be missing this obstacle
[  769.3s] CAMERA/LIDAR DISAGREE - lidar=0.71 m  camera=0.48 m  delta=-0.23 m  CAMERA SEES CLOSER - lidar may be missing this obstacle
[  769.8s] CAMERA/LIDAR DISAGREE - lidar=0.67 m  camera=0.42 m  delta=-0.25 m  CAMERA SEES CLOSER - lidar may be missing this obstacle
[  773.8s] CAMERA/LIDAR DISAGREE - lidar=0.89 m  camera=0.48 m  delta=-0.40 m  CAMERA SEES CLOSER - lidar may be missing this obstacle
[  774.3s] CAMERA/LIDAR DISAGREE - lidar=0.91 m  camera=0.48 m  delta=-0.43 m  CAMERA SEES CLOSER - lidar may be missing this obstacle
[  774.8s] CAMERA/LIDAR DISAGREE - lidar=0.91 m  camera=0.48 m  delta=-0.42 m  CAMERA SEES CLOSER - lidar may be missing this obstacle
[  775.3s] CAMERA/LIDAR DISAGREE - lidar=0.89 m  camera=0.48 m  delta=-0.40 m  CAMERA SEES CLOSER - lidar may be missing this obstacle
[  775.8s] CAMERA/LIDAR DISAGREE - lidar=0.88 m  camera=0.48 m  delta=-0.39 m  CAMERA SEES CLOSER - lidar may be missing this obstacle
[  776.3s] CAMERA/LIDAR DISAGREE - lidar=0.87 m  camera=0.48 m  delta=-0.39 m  CAMERA SEES CLOSER - lidar may be missing this obstacle
[  776.8s] CAMERA/LIDAR DISAGREE - lidar=0.87 m  camera=0.48 m  delta=-0.39 m  CAMERA SEES CLOSER - lidar may be missing this obstacle
[  777.3s] CAMERA/LIDAR DISAGREE - lidar=0.87 m  camera=0.48 m  delta=-0.39 m  CAMERA SEES CLOSER - lidar may be missing this obstacle
[  777.8s] CAMERA/LIDAR DISAGREE - lidar=0.87 m  camera=0.48 m  delta=-0.38 m  CAMERA SEES CLOSER - lidar may be missing this obstacle
[  778.3s] CAMERA/LIDAR DISAGREE - lidar=0.87 m  camera=0.48 m  delta=-0.39 m  CAMERA SEES CLOSER - lidar may be missing this obstacle
[  778.8s] CAMERA/LIDAR DISAGREE - lidar=0.87 m  camera=0.48 m  delta=-0.39 m  CAMERA SEES CLOSER - lidar may be missing this obstacle
[  779.3s] CAMERA/LIDAR DISAGREE - lidar=0.85 m  camera=0.48 m  delta=-0.37 m  CAMERA SEES CLOSER - lidar may be missing this obstacle
[  779.8s] CAMERA/LIDAR DISAGREE - lidar=0.76 m  camera=0.48 m  delta=-0.28 m  CAMERA SEES CLOSER - lidar may be missing this obstacle
[  780.3s] CAMERA/LIDAR DISAGREE - lidar=0.75 m  camera=0.49 m  delta=-0.27 m  CAMERA SEES CLOSER - lidar may be missing this obstacle
[  780.8s] CAMERA/LIDAR DISAGREE - lidar=0.74 m  camera=0.48 m  delta=-0.26 m  CAMERA SEES CLOSER - lidar may be missing this obstacle
[  781.3s] CAMERA/LIDAR DISAGREE - lidar=0.72 m  camera=0.48 m  delta=-0.24 m  CAMERA SEES CLOSER - lidar may be missing this obstacle
[  781.8s] CAMERA/LIDAR DISAGREE - lidar=0.73 m  camera=0.48 m  delta=-0.24 m  CAMERA SEES CLOSER - lidar may be missing this obstacle
[  782.3s] CAMERA/LIDAR DISAGREE - lidar=0.76 m  camera=0.48 m  delta=-0.27 m  CAMERA SEES CLOSER - lidar may be missing this obstacle
[  782.8s] CAMERA/LIDAR DISAGREE - lidar=0.74 m  camera=0.48 m  delta=-0.25 m  CAMERA SEES CLOSER - lidar may be missing this obstacle
[  813.8s] CAMERA/LIDAR DISAGREE - lidar=0.83 m  camera=0.47 m  delta=-0.36 m  CAMERA SEES CLOSER - lidar may be missing this obstacle
[  814.3s] CAMERA/LIDAR DISAGREE - lidar=0.83 m  camera=0.47 m  delta=-0.36 m  CAMERA SEES CLOSER - lidar may be missing this obstacle
[  814.8s] CAMERA/LIDAR DISAGREE - lidar=0.87 m  camera=0.47 m  delta=-0.40 m  CAMERA SEES CLOSER - lidar may be missing this obstacle
[  815.3s] CAMERA/LIDAR DISAGREE - lidar=0.88 m  camera=0.47 m  delta=-0.41 m  CAMERA SEES CLOSER - lidar may be missing this obstacle
[  815.8s] CAMERA/LIDAR DISAGREE - lidar=0.85 m  camera=0.47 m  delta=-0.38 m  CAMERA SEES CLOSER - lidar may be missing this obstacle
[  816.3s] CAMERA/LIDAR DISAGREE - lidar=0.86 m  camera=0.47 m  delta=-0.39 m  CAMERA SEES CLOSER - lidar may be missing this obstacle
[  816.8s] CAMERA/LIDAR DISAGREE - lidar=0.85 m  camera=0.47 m  delta=-0.38 m  CAMERA SEES CLOSER - lidar may be missing this obstacle
[  817.3s] CAMERA/LIDAR DISAGREE - lidar=0.85 m  camera=0.47 m  delta=-0.38 m  CAMERA SEES CLOSER - lidar may be missing this obstacle
[  817.8s] CAMERA/LIDAR DISAGREE - lidar=0.87 m  camera=0.47 m  delta=-0.40 m  CAMERA SEES CLOSER - lidar may be missing this obstacle
[  818.3s] CAMERA/LIDAR DISAGREE - lidar=0.86 m  camera=0.47 m  delta=-0.39 m  CAMERA SEES CLOSER - lidar may be missing this obstacle
[  818.8s] CAMERA/LIDAR DISAGREE - lidar=0.86 m  camera=0.47 m  delta=-0.39 m  CAMERA SEES CLOSER - lidar may be missing this obstacle
[  819.3s] CAMERA/LIDAR DISAGREE - lidar=0.87 m  camera=0.47 m  delta=-0.40 m  CAMERA SEES CLOSER - lidar may be missing this obstacle
[  819.8s] CAMERA/LIDAR DISAGREE - lidar=0.87 m  camera=0.47 m  delta=-0.40 m  CAMERA SEES CLOSER - lidar may be missing this obstacle
[  820.3s] CAMERA/LIDAR DISAGREE - lidar=0.87 m  camera=0.47 m  delta=-0.39 m  CAMERA SEES CLOSER - lidar may be missing this obstacle
[  820.8s] CAMERA/LIDAR DISAGREE - lidar=0.87 m  camera=0.47 m  delta=-0.40 m  CAMERA SEES CLOSER - lidar may be missing this obstacle
[  821.3s] CAMERA/LIDAR DISAGREE - lidar=0.86 m  camera=0.47 m  delta=-0.39 m  CAMERA SEES CLOSER - lidar may be missing this obstacle
[  821.8s] CAMERA/LIDAR DISAGREE - lidar=0.87 m  camera=0.47 m  delta=-0.40 m  CAMERA SEES CLOSER - lidar may be missing this obstacle
[  822.3s] CAMERA/LIDAR DISAGREE - lidar=0.87 m  camera=0.47 m  delta=-0.40 m  CAMERA SEES CLOSER - lidar may be missing this obstacle
[  822.8s] CAMERA/LIDAR DISAGREE - lidar=0.78 m  camera=0.47 m  delta=-0.31 m  CAMERA SEES CLOSER - lidar may be missing this obstacle
[  823.3s] CAMERA/LIDAR DISAGREE - lidar=0.78 m  camera=0.47 m  delta=-0.31 m  CAMERA SEES CLOSER - lidar may be missing this obstacle
[  823.8s] CAMERA/LIDAR DISAGREE - lidar=0.76 m  camera=0.47 m  delta=-0.29 m  CAMERA SEES CLOSER - lidar may be missing this obstacle
[  824.3s] CAMERA/LIDAR DISAGREE - lidar=0.77 m  camera=0.47 m  delta=-0.30 m  CAMERA SEES CLOSER - lidar may be missing this obstacle
[  824.8s] CAMERA/LIDAR DISAGREE - lidar=0.79 m  camera=0.47 m  delta=-0.32 m  CAMERA SEES CLOSER - lidar may be missing this obstacle
[  825.3s] CAMERA/LIDAR DISAGREE - lidar=0.79 m  camera=0.47 m  delta=-0.32 m  CAMERA SEES CLOSER - lidar may be missing this obstacle
[  825.8s] CAMERA/LIDAR DISAGREE - lidar=0.79 m  camera=0.47 m  delta=-0.32 m  CAMERA SEES CLOSER - lidar may be missing this obstacle
[  826.3s] CAMERA/LIDAR DISAGREE - lidar=0.79 m  camera=0.47 m  delta=-0.32 m  CAMERA SEES CLOSER - lidar may be missing this obstacle
[  826.8s] CAMERA/LIDAR DISAGREE - lidar=0.79 m  camera=0.47 m  delta=-0.32 m  CAMERA SEES CLOSER - lidar may be missing this obstacle
[  827.3s] CAMERA/LIDAR DISAGREE - lidar=0.79 m  camera=0.47 m  delta=-0.32 m  CAMERA SEES CLOSER - lidar may be missing this obstacle
[  827.8s] CAMERA/LIDAR DISAGREE - lidar=0.79 m  camera=0.47 m  delta=-0.31 m  CAMERA SEES CLOSER - lidar may be missing this obstacle
[  828.3s] CAMERA/LIDAR DISAGREE - lidar=0.79 m  camera=0.47 m  delta=-0.31 m  CAMERA SEES CLOSER - lidar may be missing this obstacle
[  828.8s] CAMERA/LIDAR DISAGREE - lidar=0.79 m  camera=0.47 m  delta=-0.32 m  CAMERA SEES CLOSER - lidar may be missing this obstacle
[  829.3s] CAMERA/LIDAR DISAGREE - lidar=0.79 m  camera=0.47 m  delta=-0.32 m  CAMERA SEES CLOSER - lidar may be missing this obstacle
[  829.8s] CAMERA/LIDAR DISAGREE - lidar=0.79 m  camera=0.47 m  delta=-0.32 m  CAMERA SEES CLOSER - lidar may be missing this obstacle
[  830.3s] CAMERA/LIDAR DISAGREE - lidar=0.79 m  camera=0.47 m  delta=-0.32 m  CAMERA SEES CLOSER - lidar may be missing this obstacle
[  830.8s] CAMERA/LIDAR DISAGREE - lidar=0.79 m  camera=0.47 m  delta=-0.32 m  CAMERA SEES CLOSER - lidar may be missing this obstacle
[  831.3s] CAMERA/LIDAR DISAGREE - lidar=0.79 m  camera=0.47 m  delta=-0.32 m  CAMERA SEES CLOSER - lidar may be missing this obstacle
[  831.8s] CAMERA/LIDAR DISAGREE - lidar=0.79 m  camera=0.47 m  delta=-0.32 m  CAMERA SEES CLOSER - lidar may be missing this obstacle
[  832.3s] CAMERA/LIDAR DISAGREE - lidar=0.79 m  camera=0.47 m  delta=-0.32 m  CAMERA SEES CLOSER - lidar may be missing this obstacle
[  832.8s] CAMERA/LIDAR DISAGREE - lidar=0.79 m  camera=0.47 m  delta=-0.32 m  CAMERA SEES CLOSER - lidar may be missing this obstacle
[  833.3s] CAMERA/LIDAR DISAGREE - lidar=0.79 m  camera=0.47 m  delta=-0.32 m  CAMERA SEES CLOSER - lidar may be missing this obstacle
[  833.8s] CAMERA/LIDAR DISAGREE - lidar=0.79 m  camera=0.47 m  delta=-0.32 m  CAMERA SEES CLOSER - lidar may be missing this obstacle
[  834.3s] CAMERA/LIDAR DISAGREE - lidar=0.79 m  camera=0.47 m  delta=-0.31 m  CAMERA SEES CLOSER - lidar may be missing this obstacle
[  834.8s] CAMERA/LIDAR DISAGREE - lidar=0.79 m  camera=0.47 m  delta=-0.31 m  CAMERA SEES CLOSER - lidar may be missing this obstacle
[  835.3s] CAMERA/LIDAR DISAGREE - lidar=0.79 m  camera=0.47 m  delta=-0.31 m  CAMERA SEES CLOSER - lidar may be missing this obstacle
[  835.8s] CAMERA/LIDAR DISAGREE - lidar=0.79 m  camera=0.47 m  delta=-0.31 m  CAMERA SEES CLOSER - lidar may be missing this obstacle
[  836.3s] CAMERA/LIDAR DISAGREE - lidar=0.79 m  camera=0.47 m  delta=-0.31 m  CAMERA SEES CLOSER - lidar may be missing this obstacle
[  836.8s] CAMERA/LIDAR DISAGREE - lidar=0.79 m  camera=0.47 m  delta=-0.32 m  CAMERA SEES CLOSER - lidar may be missing this obstacle
[  837.3s] CAMERA/LIDAR DISAGREE - lidar=0.79 m  camera=0.47 m  delta=-0.31 m  CAMERA SEES CLOSER - lidar may be missing this obstacle
[  837.8s] CAMERA/LIDAR DISAGREE - lidar=0.79 m  camera=0.47 m  delta=-0.31 m  CAMERA SEES CLOSER - lidar may be missing this obstacle
[  838.3s] CAMERA/LIDAR DISAGREE - lidar=0.79 m  camera=0.47 m  delta=-0.31 m  CAMERA SEES CLOSER - lidar may be missing this obstacle
[  838.8s] CAMERA/LIDAR DISAGREE - lidar=0.79 m  camera=0.47 m  delta=-0.31 m  CAMERA SEES CLOSER - lidar may be missing this obstacle
[  839.3s] CAMERA/LIDAR DISAGREE - lidar=0.79 m  camera=0.47 m  delta=-0.31 m  CAMERA SEES CLOSER - lidar may be missing this obstacle
[  839.8s] CAMERA/LIDAR DISAGREE - lidar=0.79 m  camera=0.47 m  delta=-0.31 m  CAMERA SEES CLOSER - lidar may be missing this obstacle
[  840.3s] CAMERA/LIDAR DISAGREE - lidar=0.79 m  camera=0.47 m  delta=-0.32 m  CAMERA SEES CLOSER - lidar may be missing this obstacle
[  840.8s] CAMERA/LIDAR DISAGREE - lidar=0.79 m  camera=0.47 m  delta=-0.32 m  CAMERA SEES CLOSER - lidar may be missing this obstacle
[  841.3s] CAMERA/LIDAR DISAGREE - lidar=0.79 m  camera=0.47 m  delta=-0.32 m  CAMERA SEES CLOSER - lidar may be missing this obstacle
[  841.8s] CAMERA/LIDAR DISAGREE - lidar=0.79 m  camera=0.47 m  delta=-0.31 m  CAMERA SEES CLOSER - lidar may be missing this obstacle
[  842.3s] CAMERA/LIDAR DISAGREE - lidar=0.79 m  camera=0.47 m  delta=-0.32 m  CAMERA SEES CLOSER - lidar may be missing this obstacle
[  842.8s] CAMERA/LIDAR DISAGREE - lidar=0.79 m  camera=0.47 m  delta=-0.31 m  CAMERA SEES CLOSER - lidar may be missing this obstacle
[  843.3s] CAMERA/LIDAR DISAGREE - lidar=0.78 m  camera=0.47 m  delta=-0.31 m  CAMERA SEES CLOSER - lidar may be missing this obstacle
[  843.8s] CAMERA/LIDAR DISAGREE - lidar=0.78 m  camera=0.47 m  delta=-0.31 m  CAMERA SEES CLOSER - lidar may be missing this obstacle
[  844.3s] CAMERA/LIDAR DISAGREE - lidar=0.73 m  camera=0.47 m  delta=-0.26 m  CAMERA SEES CLOSER - lidar may be missing this obstacle
[  844.8s] CAMERA/LIDAR DISAGREE - lidar=0.72 m  camera=0.47 m  delta=-0.25 m  CAMERA SEES CLOSER - lidar may be missing this obstacle
[  845.3s] CAMERA/LIDAR DISAGREE - lidar=0.72 m  camera=0.47 m  delta=-0.25 m  CAMERA SEES CLOSER - lidar may be missing this obstacle
[  845.8s] CAMERA/LIDAR DISAGREE - lidar=0.72 m  camera=0.47 m  delta=-0.25 m  CAMERA SEES CLOSER - lidar may be missing this obstacle
[  846.3s] CAMERA/LIDAR DISAGREE - lidar=0.72 m  camera=0.47 m  delta=-0.25 m  CAMERA SEES CLOSER - lidar may be missing this obstacle
[  846.8s] CAMERA/LIDAR DISAGREE - lidar=0.72 m  camera=0.47 m  delta=-0.25 m  CAMERA SEES CLOSER - lidar may be missing this obstacle
[  847.3s] CAMERA/LIDAR DISAGREE - lidar=0.73 m  camera=0.47 m  delta=-0.25 m  CAMERA SEES CLOSER - lidar may be missing this obstacle
[  847.8s] CAMERA/LIDAR DISAGREE - lidar=0.72 m  camera=0.47 m  delta=-0.25 m  CAMERA SEES CLOSER - lidar may be missing this obstacle
[  848.3s] CAMERA/LIDAR DISAGREE - lidar=0.72 m  camera=0.47 m  delta=-0.25 m  CAMERA SEES CLOSER - lidar may be missing this obstacle
[  848.8s] CAMERA/LIDAR DISAGREE - lidar=0.72 m  camera=0.47 m  delta=-0.25 m  CAMERA SEES CLOSER - lidar may be missing this obstacle
[  849.3s] CAMERA/LIDAR DISAGREE - lidar=0.72 m  camera=0.47 m  delta=-0.25 m  CAMERA SEES CLOSER - lidar may be missing this obstacle
[  849.8s] CAMERA/LIDAR DISAGREE - lidar=0.73 m  camera=0.47 m  delta=-0.26 m  CAMERA SEES CLOSER - lidar may be missing this obstacle
[  850.3s] CAMERA/LIDAR DISAGREE - lidar=0.72 m  camera=0.47 m  delta=-0.25 m  CAMERA SEES CLOSER - lidar may be missing this obstacle
[  850.8s] CAMERA/LIDAR DISAGREE - lidar=0.72 m  camera=0.47 m  delta=-0.25 m  CAMERA SEES CLOSER - lidar may be missing this obstacle
[  851.3s] CAMERA/LIDAR DISAGREE - lidar=0.72 m  camera=0.47 m  delta=-0.25 m  CAMERA SEES CLOSER - lidar may be missing this obstacle
[  851.8s] CAMERA/LIDAR DISAGREE - lidar=0.73 m  camera=0.47 m  delta=-0.26 m  CAMERA SEES CLOSER - lidar may be missing this obstacle
[  852.3s] CAMERA/LIDAR DISAGREE - lidar=0.73 m  camera=0.47 m  delta=-0.25 m  CAMERA SEES CLOSER - lidar may be missing this obstacle
[  852.8s] CAMERA/LIDAR DISAGREE - lidar=0.72 m  camera=0.47 m  delta=-0.25 m  CAMERA SEES CLOSER - lidar may be missing this obstacle
[  853.3s] CAMERA/LIDAR DISAGREE - lidar=0.73 m  camera=0.47 m  delta=-0.26 m  CAMERA SEES CLOSER - lidar may be missing this obstacle
[  853.8s] CAMERA/LIDAR DISAGREE - lidar=0.73 m  camera=0.47 m  delta=-0.25 m  CAMERA SEES CLOSER - lidar may be missing this obstacle
[  854.3s] CAMERA/LIDAR DISAGREE - lidar=0.73 m  camera=0.47 m  delta=-0.26 m  CAMERA SEES CLOSER - lidar may be missing this obstacle
[  854.8s] CAMERA/LIDAR DISAGREE - lidar=0.73 m  camera=0.47 m  delta=-0.26 m  CAMERA SEES CLOSER - lidar may be missing this obstacle
[  855.3s] CAMERA/LIDAR DISAGREE - lidar=0.73 m  camera=0.47 m  delta=-0.26 m  CAMERA SEES CLOSER - lidar may be missing this obstacle
[  855.8s] CAMERA/LIDAR DISAGREE - lidar=0.73 m  camera=0.47 m  delta=-0.26 m  CAMERA SEES CLOSER - lidar may be missing this obstacle
[  856.3s] CAMERA/LIDAR DISAGREE - lidar=0.73 m  camera=0.47 m  delta=-0.26 m  CAMERA SEES CLOSER - lidar may be missing this obstacle
[  856.8s] CAMERA/LIDAR DISAGREE - lidar=0.74 m  camera=0.47 m  delta=-0.26 m  CAMERA SEES CLOSER - lidar may be missing this obstacle
[  857.3s] CAMERA/LIDAR DISAGREE - lidar=0.74 m  camera=0.47 m  delta=-0.26 m  CAMERA SEES CLOSER - lidar may be missing this obstacle
[  857.8s] CAMERA/LIDAR DISAGREE - lidar=0.73 m  camera=0.47 m  delta=-0.26 m  CAMERA SEES CLOSER - lidar may be missing this obstacle
[  858.3s] CAMERA/LIDAR DISAGREE - lidar=0.73 m  camera=0.47 m  delta=-0.26 m  CAMERA SEES CLOSER - lidar may be missing this obstacle
[  858.8s] CAMERA/LIDAR DISAGREE - lidar=0.73 m  camera=0.47 m  delta=-0.26 m  CAMERA SEES CLOSER - lidar may be missing this obstacle
[  859.3s] CAMERA/LIDAR DISAGREE - lidar=0.74 m  camera=0.47 m  delta=-0.26 m  CAMERA SEES CLOSER - lidar may be missing this obstacle
[  859.8s] CAMERA/LIDAR DISAGREE - lidar=0.74 m  camera=0.47 m  delta=-0.27 m  CAMERA SEES CLOSER - lidar may be missing this obstacle
[  860.3s] CAMERA/LIDAR DISAGREE - lidar=0.74 m  camera=0.47 m  delta=-0.26 m  CAMERA SEES CLOSER - lidar may be missing this obstacle
[  860.8s] CAMERA/LIDAR DISAGREE - lidar=0.86 m  camera=0.47 m  delta=-0.39 m  CAMERA SEES CLOSER - lidar may be missing this obstacle
[  861.3s] CAMERA/LIDAR DISAGREE - lidar=0.89 m  camera=0.47 m  delta=-0.42 m  CAMERA SEES CLOSER - lidar may be missing this obstacle
[  861.8s] CAMERA/LIDAR DISAGREE - lidar=0.90 m  camera=0.47 m  delta=-0.43 m  CAMERA SEES CLOSER - lidar may be missing this obstacle
[  862.3s] CAMERA/LIDAR DISAGREE - lidar=0.90 m  camera=0.47 m  delta=-0.43 m  CAMERA SEES CLOSER - lidar may be missing this obstacle
[  862.8s] CAMERA/LIDAR DISAGREE - lidar=0.89 m  camera=0.47 m  delta=-0.42 m  CAMERA SEES CLOSER - lidar may be missing this obstacle
[  863.3s] CAMERA/LIDAR DISAGREE - lidar=0.89 m  camera=0.47 m  delta=-0.41 m  CAMERA SEES CLOSER - lidar may be missing this obstacle
[  863.8s] CAMERA/LIDAR DISAGREE - lidar=0.88 m  camera=0.48 m  delta=-0.40 m  CAMERA SEES CLOSER - lidar may be missing this obstacle
[  864.3s] CAMERA/LIDAR DISAGREE - lidar=0.88 m  camera=0.48 m  delta=-0.40 m  CAMERA SEES CLOSER - lidar may be missing this obstacle
[  864.8s] CAMERA/LIDAR DISAGREE - lidar=0.88 m  camera=0.48 m  delta=-0.40 m  CAMERA SEES CLOSER - lidar may be missing this obstacle
[  865.3s] CAMERA/LIDAR DISAGREE - lidar=0.88 m  camera=0.48 m  delta=-0.41 m  CAMERA SEES CLOSER - lidar may be missing this obstacle
[  865.8s] CAMERA/LIDAR DISAGREE - lidar=0.88 m  camera=0.48 m  delta=-0.40 m  CAMERA SEES CLOSER - lidar may be missing this obstacle
[  866.3s] CAMERA/LIDAR DISAGREE - lidar=0.88 m  camera=0.48 m  delta=-0.40 m  CAMERA SEES CLOSER - lidar may be missing this obstacle
[  866.8s] CAMERA/LIDAR DISAGREE - lidar=0.89 m  camera=0.48 m  delta=-0.41 m  CAMERA SEES CLOSER - lidar may be missing this obstacle
[  867.3s] CAMERA/LIDAR DISAGREE - lidar=0.90 m  camera=0.48 m  delta=-0.42 m  CAMERA SEES CLOSER - lidar may be missing this obstacle
[  867.8s] CAMERA/LIDAR DISAGREE - lidar=0.89 m  camera=0.48 m  delta=-0.41 m  CAMERA SEES CLOSER - lidar may be missing this obstacle
[  868.3s] CAMERA/LIDAR DISAGREE - lidar=0.88 m  camera=0.48 m  delta=-0.41 m  CAMERA SEES CLOSER - lidar may be missing this obstacle
[  868.8s] CAMERA/LIDAR DISAGREE - lidar=0.89 m  camera=0.48 m  delta=-0.41 m  CAMERA SEES CLOSER - lidar may be missing this obstacle
[  869.3s] CAMERA/LIDAR DISAGREE - lidar=0.88 m  camera=0.48 m  delta=-0.40 m  CAMERA SEES CLOSER - lidar may be missing this obstacle
[  869.8s] CAMERA/LIDAR DISAGREE - lidar=0.89 m  camera=0.48 m  delta=-0.41 m  CAMERA SEES CLOSER - lidar may be missing this obstacle
[  870.3s] CAMERA/LIDAR DISAGREE - lidar=0.90 m  camera=0.48 m  delta=-0.42 m  CAMERA SEES CLOSER - lidar may be missing this obstacle
[  870.8s] CAMERA/LIDAR DISAGREE - lidar=0.89 m  camera=0.48 m  delta=-0.41 m  CAMERA SEES CLOSER - lidar may be missing this obstacle
[  871.3s] CAMERA/LIDAR DISAGREE - lidar=0.90 m  camera=0.48 m  delta=-0.42 m  CAMERA SEES CLOSER - lidar may be missing this obstacle
[  871.8s] CAMERA/LIDAR DISAGREE - lidar=0.90 m  camera=0.48 m  delta=-0.42 m  CAMERA SEES CLOSER - lidar may be missing this obstacle
[  872.3s] CAMERA/LIDAR DISAGREE - lidar=0.89 m  camera=0.48 m  delta=-0.41 m  CAMERA SEES CLOSER - lidar may be missing this obstacle
[  872.8s] CAMERA/LIDAR DISAGREE - lidar=0.89 m  camera=0.48 m  delta=-0.41 m  CAMERA SEES CLOSER - lidar may be missing this obstacle
[  873.3s] CAMERA/LIDAR DISAGREE - lidar=0.89 m  camera=0.48 m  delta=-0.41 m  CAMERA SEES CLOSER - lidar may be missing this obstacle
[  873.8s] CAMERA/LIDAR DISAGREE - lidar=0.89 m  camera=0.48 m  delta=-0.42 m  CAMERA SEES CLOSER - lidar may be missing this obstacle
[  874.3s] CAMERA/LIDAR DISAGREE - lidar=0.76 m  camera=0.48 m  delta=-0.28 m  CAMERA SEES CLOSER - lidar may be missing this obstacle
[  874.8s] CAMERA/LIDAR DISAGREE - lidar=0.78 m  camera=0.48 m  delta=-0.30 m  CAMERA SEES CLOSER - lidar may be missing this obstacle
[  875.3s] CAMERA/LIDAR DISAGREE - lidar=0.90 m  camera=0.48 m  delta=-0.42 m  CAMERA SEES CLOSER - lidar may be missing this obstacle
[  875.8s] CAMERA/LIDAR DISAGREE - lidar=0.89 m  camera=0.48 m  delta=-0.42 m  CAMERA SEES CLOSER - lidar may be missing this obstacle
[  876.3s] CAMERA/LIDAR DISAGREE - lidar=0.90 m  camera=0.48 m  delta=-0.42 m  CAMERA SEES CLOSER - lidar may be missing this obstacle
[  876.8s] CAMERA/LIDAR DISAGREE - lidar=0.90 m  camera=0.48 m  delta=-0.42 m  CAMERA SEES CLOSER - lidar may be missing this obstacle
[  877.3s] CAMERA/LIDAR DISAGREE - lidar=0.90 m  camera=0.48 m  delta=-0.42 m  CAMERA SEES CLOSER - lidar may be missing this obstacle
[  877.8s] CAMERA/LIDAR DISAGREE - lidar=0.90 m  camera=0.48 m  delta=-0.42 m  CAMERA SEES CLOSER - lidar may be missing this obstacle
[  878.3s] CAMERA/LIDAR DISAGREE - lidar=0.89 m  camera=0.48 m  delta=-0.42 m  CAMERA SEES CLOSER - lidar may be missing this obstacle
[  878.8s] CAMERA/LIDAR DISAGREE - lidar=0.90 m  camera=0.48 m  delta=-0.42 m  CAMERA SEES CLOSER - lidar may be missing this obstacle
[  879.3s] CAMERA/LIDAR DISAGREE - lidar=0.90 m  camera=0.48 m  delta=-0.42 m  CAMERA SEES CLOSER - lidar may be missing this obstacle
[  879.8s] CAMERA/LIDAR DISAGREE - lidar=0.90 m  camera=0.48 m  delta=-0.42 m  CAMERA SEES CLOSER - lidar may be missing this obstacle
[  880.3s] CAMERA/LIDAR DISAGREE - lidar=0.90 m  camera=0.48 m  delta=-0.42 m  CAMERA SEES CLOSER - lidar may be missing this obstacle
[  880.8s] CAMERA/LIDAR DISAGREE - lidar=0.90 m  camera=0.48 m  delta=-0.42 m  CAMERA SEES CLOSER - lidar may be missing this obstacle
[  881.3s] CAMERA/LIDAR DISAGREE - lidar=0.90 m  camera=0.48 m  delta=-0.42 m  CAMERA SEES CLOSER - lidar may be missing this obstacle
[  881.8s] CAMERA/LIDAR DISAGREE - lidar=0.90 m  camera=0.48 m  delta=-0.42 m  CAMERA SEES CLOSER - lidar may be missing this obstacle
[  882.3s] CAMERA/LIDAR DISAGREE - lidar=0.90 m  camera=0.48 m  delta=-0.42 m  CAMERA SEES CLOSER - lidar may be missing this obstacle
[  882.8s] CAMERA/LIDAR DISAGREE - lidar=0.90 m  camera=0.48 m  delta=-0.42 m  CAMERA SEES CLOSER - lidar may be missing this obstacle
[  883.3s] CAMERA/LIDAR DISAGREE - lidar=0.90 m  camera=0.48 m  delta=-0.42 m  CAMERA SEES CLOSER - lidar may be missing this obstacle
[  883.8s] CAMERA/LIDAR DISAGREE - lidar=0.90 m  camera=0.48 m  delta=-0.42 m  CAMERA SEES CLOSER - lidar may be missing this obstacle
[  884.3s] CAMERA/LIDAR DISAGREE - lidar=0.90 m  camera=0.48 m  delta=-0.42 m  CAMERA SEES CLOSER - lidar may be missing this obstacle
[  884.8s] CAMERA/LIDAR DISAGREE - lidar=0.90 m  camera=0.48 m  delta=-0.42 m  CAMERA SEES CLOSER - lidar may be missing this obstacle
[  885.3s] CAMERA/LIDAR DISAGREE - lidar=0.90 m  camera=0.48 m  delta=-0.42 m  CAMERA SEES CLOSER - lidar may be missing this obstacle
[  885.8s] CAMERA/LIDAR DISAGREE - lidar=0.71 m  camera=0.48 m  delta=-0.23 m  CAMERA SEES CLOSER - lidar may be missing this obstacle
[  887.3s] CAMERA/LIDAR DISAGREE - lidar=0.68 m  camera=0.48 m  delta=-0.20 m  CAMERA SEES CLOSER - lidar may be missing this obstacle
[  912.8s] CAMERA/LIDAR DISAGREE - lidar=0.68 m  camera=0.48 m  delta=-0.20 m  CAMERA SEES CLOSER - lidar may be missing this obstacle
[  913.3s] CAMERA/LIDAR DISAGREE - lidar=0.69 m  camera=0.48 m  delta=-0.21 m  CAMERA SEES CLOSER - lidar may be missing this obstacle
[  941.8s] CAMERA/LIDAR DISAGREE - lidar=0.69 m  camera=0.48 m  delta=-0.21 m  CAMERA SEES CLOSER - lidar may be missing this obstacle
[  942.3s] CAMERA/LIDAR DISAGREE - lidar=0.81 m  camera=0.48 m  delta=-0.33 m  CAMERA SEES CLOSER - lidar may be missing this obstacle
[  942.8s] CAMERA/LIDAR DISAGREE - lidar=0.79 m  camera=0.48 m  delta=-0.31 m  CAMERA SEES CLOSER - lidar may be missing this obstacle
[  943.3s] CAMERA/LIDAR DISAGREE - lidar=0.77 m  camera=0.48 m  delta=-0.29 m  CAMERA SEES CLOSER - lidar may be missing this obstacle
[  943.8s] CAMERA/LIDAR DISAGREE - lidar=0.75 m  camera=0.48 m  delta=-0.27 m  CAMERA SEES CLOSER - lidar may be missing this obstacle
[  944.3s] CAMERA/LIDAR DISAGREE - lidar=0.73 m  camera=0.48 m  delta=-0.25 m  CAMERA SEES CLOSER - lidar may be missing this obstacle
[  944.8s] CAMERA/LIDAR DISAGREE - lidar=0.72 m  camera=0.48 m  delta=-0.24 m  CAMERA SEES CLOSER - lidar may be missing this obstacle
[  945.3s] CAMERA/LIDAR DISAGREE - lidar=0.73 m  camera=0.48 m  delta=-0.25 m  CAMERA SEES CLOSER - lidar may be missing this obstacle
[  945.8s] CAMERA/LIDAR DISAGREE - lidar=0.73 m  camera=0.48 m  delta=-0.25 m  CAMERA SEES CLOSER - lidar may be missing this obstacle
[  946.3s] CAMERA/LIDAR DISAGREE - lidar=0.73 m  camera=0.48 m  delta=-0.25 m  CAMERA SEES CLOSER - lidar may be missing this obstacle
[  946.8s] CAMERA/LIDAR DISAGREE - lidar=0.73 m  camera=0.48 m  delta=-0.25 m  CAMERA SEES CLOSER - lidar may be missing this obstacle
[  947.3s] CAMERA/LIDAR DISAGREE - lidar=0.73 m  camera=0.48 m  delta=-0.25 m  CAMERA SEES CLOSER - lidar may be missing this obstacle
[  947.8s] CAMERA/LIDAR DISAGREE - lidar=0.73 m  camera=0.48 m  delta=-0.25 m  CAMERA SEES CLOSER - lidar may be missing this obstacle
[  948.3s] CAMERA/LIDAR DISAGREE - lidar=0.72 m  camera=0.48 m  delta=-0.24 m  CAMERA SEES CLOSER - lidar may be missing this obstacle
[  948.8s] CAMERA/LIDAR DISAGREE - lidar=0.72 m  camera=0.48 m  delta=-0.24 m  CAMERA SEES CLOSER - lidar may be missing this obstacle
[  949.3s] CAMERA/LIDAR DISAGREE - lidar=0.72 m  camera=0.48 m  delta=-0.24 m  CAMERA SEES CLOSER - lidar may be missing this obstacle
[  949.8s] CAMERA/LIDAR DISAGREE - lidar=0.72 m  camera=0.48 m  delta=-0.24 m  CAMERA SEES CLOSER - lidar may be missing this obstacle
[  951.8s] CAMERA/LIDAR DISAGREE - lidar=0.72 m  camera=0.48 m  delta=-0.24 m  CAMERA SEES CLOSER - lidar may be missing this obstacle
[  952.3s] CAMERA/LIDAR DISAGREE - lidar=0.75 m  camera=0.48 m  delta=-0.27 m  CAMERA SEES CLOSER - lidar may be missing this obstacle
[  952.8s] CAMERA/LIDAR DISAGREE - lidar=0.76 m  camera=0.48 m  delta=-0.28 m  CAMERA SEES CLOSER - lidar may be missing this obstacle
[  953.3s] CAMERA/LIDAR DISAGREE - lidar=0.74 m  camera=0.48 m  delta=-0.26 m  CAMERA SEES CLOSER - lidar may be missing this obstacle
[  953.8s] CAMERA/LIDAR DISAGREE - lidar=0.74 m  camera=0.48 m  delta=-0.26 m  CAMERA SEES CLOSER - lidar may be missing this obstacle
[  954.3s] CAMERA/LIDAR DISAGREE - lidar=0.74 m  camera=0.48 m  delta=-0.26 m  CAMERA SEES CLOSER - lidar may be missing this obstacle
[  954.8s] CAMERA/LIDAR DISAGREE - lidar=0.73 m  camera=0.48 m  delta=-0.25 m  CAMERA SEES CLOSER - lidar may be missing this obstacle
[  956.3s] CAMERA/LIDAR DISAGREE - lidar=0.68 m  camera=0.48 m  delta=-0.20 m  CAMERA SEES CLOSER - lidar may be missing this obstacle
[  956.8s] CAMERA/LIDAR DISAGREE - lidar=0.68 m  camera=0.48 m  delta=-0.20 m  CAMERA SEES CLOSER - lidar may be missing this obstacle
[  957.3s] CAMERA/LIDAR DISAGREE - lidar=0.69 m  camera=0.48 m  delta=-0.21 m  CAMERA SEES CLOSER - lidar may be missing this obstacle
[  957.8s] CAMERA/LIDAR DISAGREE - lidar=0.68 m  camera=0.48 m  delta=-0.21 m  CAMERA SEES CLOSER - lidar may be missing this obstacle
[  958.3s] CAMERA/LIDAR DISAGREE - lidar=0.69 m  camera=0.48 m  delta=-0.21 m  CAMERA SEES CLOSER - lidar may be missing this obstacle
[  958.8s] CAMERA/LIDAR DISAGREE - lidar=0.69 m  camera=0.48 m  delta=-0.21 m  CAMERA SEES CLOSER - lidar may be missing this obstacle
[  959.3s] CAMERA/LIDAR DISAGREE - lidar=0.69 m  camera=0.48 m  delta=-0.21 m  CAMERA SEES CLOSER - lidar may be missing this obstacle
[  959.8s] CAMERA/LIDAR DISAGREE - lidar=0.69 m  camera=0.48 m  delta=-0.21 m  CAMERA SEES CLOSER - lidar may be missing this obstacle
[  960.3s] CAMERA/LIDAR DISAGREE - lidar=0.69 m  camera=0.48 m  delta=-0.21 m  CAMERA SEES CLOSER - lidar may be missing this obstacle
[  960.8s] CAMERA/LIDAR DISAGREE - lidar=0.69 m  camera=0.48 m  delta=-0.21 m  CAMERA SEES CLOSER - lidar may be missing this obstacle
[  961.3s] CAMERA/LIDAR DISAGREE - lidar=0.69 m  camera=0.48 m  delta=-0.21 m  CAMERA SEES CLOSER - lidar may be missing this obstacle
[  961.8s] CAMERA/LIDAR DISAGREE - lidar=0.69 m  camera=0.48 m  delta=-0.21 m  CAMERA SEES CLOSER - lidar may be missing this obstacle
[  962.3s] CAMERA/LIDAR DISAGREE - lidar=0.69 m  camera=0.48 m  delta=-0.21 m  CAMERA SEES CLOSER - lidar may be missing this obstacle
[  962.8s] CAMERA/LIDAR DISAGREE - lidar=0.69 m  camera=0.48 m  delta=-0.21 m  CAMERA SEES CLOSER - lidar may be missing this obstacle
[  963.3s] CAMERA/LIDAR DISAGREE - lidar=0.69 m  camera=0.48 m  delta=-0.21 m  CAMERA SEES CLOSER - lidar may be missing this obstacle
[  963.8s] CAMERA/LIDAR DISAGREE - lidar=0.69 m  camera=0.48 m  delta=-0.21 m  CAMERA SEES CLOSER - lidar may be missing this obstacle
[  964.3s] CAMERA/LIDAR DISAGREE - lidar=0.69 m  camera=0.48 m  delta=-0.21 m  CAMERA SEES CLOSER - lidar may be missing this obstacle
[  964.8s] CAMERA/LIDAR DISAGREE - lidar=0.69 m  camera=0.48 m  delta=-0.21 m  CAMERA SEES CLOSER - lidar may be missing this obstacle
[  965.3s] CAMERA/LIDAR DISAGREE - lidar=0.69 m  camera=0.48 m  delta=-0.21 m  CAMERA SEES CLOSER - lidar may be missing this obstacle
[  965.8s] CAMERA/LIDAR DISAGREE - lidar=0.69 m  camera=0.48 m  delta=-0.21 m  CAMERA SEES CLOSER - lidar may be missing this obstacle
[  966.3s] CAMERA/LIDAR DISAGREE - lidar=0.69 m  camera=0.48 m  delta=-0.21 m  CAMERA SEES CLOSER - lidar may be missing this obstacle
[  966.8s] CAMERA/LIDAR DISAGREE - lidar=0.69 m  camera=0.48 m  delta=-0.21 m  CAMERA SEES CLOSER - lidar may be missing this obstacle
[  967.3s] CAMERA/LIDAR DISAGREE - lidar=0.69 m  camera=0.48 m  delta=-0.21 m  CAMERA SEES CLOSER - lidar may be missing this obstacle
[  967.8s] CAMERA/LIDAR DISAGREE - lidar=0.69 m  camera=0.48 m  delta=-0.21 m  CAMERA SEES CLOSER - lidar may be missing this obstacle
[  968.3s] CAMERA/LIDAR DISAGREE - lidar=0.73 m  camera=0.48 m  delta=-0.25 m  CAMERA SEES CLOSER - lidar may be missing this obstacle
[  968.8s] CAMERA/LIDAR DISAGREE - lidar=1.01 m  camera=0.48 m  delta=-0.52 m  CAMERA SEES CLOSER - lidar may be missing this obstacle
[  969.3s] CAMERA/LIDAR DISAGREE - lidar=0.99 m  camera=0.48 m  delta=-0.51 m  CAMERA SEES CLOSER - lidar may be missing this obstacle
[  969.8s] CAMERA/LIDAR DISAGREE - lidar=0.98 m  camera=0.48 m  delta=-0.50 m  CAMERA SEES CLOSER - lidar may be missing this obstacle
[  970.3s] CAMERA/LIDAR DISAGREE - lidar=0.97 m  camera=0.48 m  delta=-0.48 m  CAMERA SEES CLOSER - lidar may be missing this obstacle
[  970.8s] CAMERA/LIDAR DISAGREE - lidar=0.97 m  camera=0.48 m  delta=-0.49 m  CAMERA SEES CLOSER - lidar may be missing this obstacle
[  971.3s] CAMERA/LIDAR DISAGREE - lidar=0.97 m  camera=0.48 m  delta=-0.49 m  CAMERA SEES CLOSER - lidar may be missing this obstacle
[  971.8s] CAMERA/LIDAR DISAGREE - lidar=0.98 m  camera=0.48 m  delta=-0.50 m  CAMERA SEES CLOSER - lidar may be missing this obstacle
[  972.3s] CAMERA/LIDAR DISAGREE - lidar=0.97 m  camera=0.48 m  delta=-0.49 m  CAMERA SEES CLOSER - lidar may be missing this obstacle
[  972.8s] CAMERA/LIDAR DISAGREE - lidar=0.98 m  camera=0.48 m  delta=-0.50 m  CAMERA SEES CLOSER - lidar may be missing this obstacle
[  973.3s] CAMERA/LIDAR DISAGREE - lidar=0.96 m  camera=0.48 m  delta=-0.48 m  CAMERA SEES CLOSER - lidar may be missing this obstacle
[  973.8s] CAMERA/LIDAR DISAGREE - lidar=0.94 m  camera=0.48 m  delta=-0.46 m  CAMERA SEES CLOSER - lidar may be missing this obstacle
[  974.3s] CAMERA/LIDAR DISAGREE - lidar=0.97 m  camera=0.48 m  delta=-0.49 m  CAMERA SEES CLOSER - lidar may be missing this obstacle
[  974.8s] CAMERA/LIDAR DISAGREE - lidar=0.98 m  camera=0.48 m  delta=-0.50 m  CAMERA SEES CLOSER - lidar may be missing this obstacle
[  975.3s] CAMERA/LIDAR DISAGREE - lidar=0.97 m  camera=0.48 m  delta=-0.49 m  CAMERA SEES CLOSER - lidar may be missing this obstacle
[  975.8s] CAMERA/LIDAR DISAGREE - lidar=0.96 m  camera=0.48 m  delta=-0.48 m  CAMERA SEES CLOSER - lidar may be missing this obstacle
[  976.3s] CAMERA/LIDAR DISAGREE - lidar=0.96 m  camera=0.48 m  delta=-0.48 m  CAMERA SEES CLOSER - lidar may be missing this obstacle
[  976.8s] CAMERA/LIDAR DISAGREE - lidar=0.96 m  camera=0.48 m  delta=-0.48 m  CAMERA SEES CLOSER - lidar may be missing this obstacle
[  977.3s] CAMERA/LIDAR DISAGREE - lidar=0.94 m  camera=0.48 m  delta=-0.46 m  CAMERA SEES CLOSER - lidar may be missing this obstacle
[  977.8s] CAMERA/LIDAR DISAGREE - lidar=0.95 m  camera=0.48 m  delta=-0.47 m  CAMERA SEES CLOSER - lidar may be missing this obstacle
[  978.3s] CAMERA/LIDAR DISAGREE - lidar=0.95 m  camera=0.48 m  delta=-0.47 m  CAMERA SEES CLOSER - lidar may be missing this obstacle
[  978.8s] CAMERA/LIDAR DISAGREE - lidar=0.96 m  camera=0.48 m  delta=-0.48 m  CAMERA SEES CLOSER - lidar may be missing this obstacle
[  979.3s] CAMERA/LIDAR DISAGREE - lidar=0.96 m  camera=0.48 m  delta=-0.48 m  CAMERA SEES CLOSER - lidar may be missing this obstacle
[  979.8s] CAMERA/LIDAR DISAGREE - lidar=0.96 m  camera=0.48 m  delta=-0.49 m  CAMERA SEES CLOSER - lidar may be missing this obstacle
[  980.3s] CAMERA/LIDAR DISAGREE - lidar=0.97 m  camera=0.48 m  delta=-0.49 m  CAMERA SEES CLOSER - lidar may be missing this obstacle
[  980.8s] CAMERA/LIDAR DISAGREE - lidar=0.95 m  camera=0.48 m  delta=-0.47 m  CAMERA SEES CLOSER - lidar may be missing this obstacle
[  981.3s] CAMERA/LIDAR DISAGREE - lidar=0.96 m  camera=0.48 m  delta=-0.48 m  CAMERA SEES CLOSER - lidar may be missing this obstacle
[  981.8s] CAMERA/LIDAR DISAGREE - lidar=0.96 m  camera=0.48 m  delta=-0.48 m  CAMERA SEES CLOSER - lidar may be missing this obstacle
[  982.3s] CAMERA/LIDAR DISAGREE - lidar=0.97 m  camera=0.48 m  delta=-0.49 m  CAMERA SEES CLOSER - lidar may be missing this obstacle
[  982.8s] CAMERA/LIDAR DISAGREE - lidar=0.97 m  camera=0.48 m  delta=-0.49 m  CAMERA SEES CLOSER - lidar may be missing this obstacle
[  983.3s] CAMERA/LIDAR DISAGREE - lidar=0.96 m  camera=0.48 m  delta=-0.48 m  CAMERA SEES CLOSER - lidar may be missing this obstacle
[  983.8s] CAMERA/LIDAR DISAGREE - lidar=0.96 m  camera=0.48 m  delta=-0.48 m  CAMERA SEES CLOSER - lidar may be missing this obstacle
[  984.3s] CAMERA/LIDAR DISAGREE - lidar=0.96 m  camera=0.48 m  delta=-0.48 m  CAMERA SEES CLOSER - lidar may be missing this obstacle
[  984.8s] CAMERA/LIDAR DISAGREE - lidar=0.95 m  camera=0.48 m  delta=-0.47 m  CAMERA SEES CLOSER - lidar may be missing this obstacle
[  985.3s] CAMERA/LIDAR DISAGREE - lidar=0.94 m  camera=0.48 m  delta=-0.46 m  CAMERA SEES CLOSER - lidar may be missing this obstacle
[  985.8s] CAMERA/LIDAR DISAGREE - lidar=0.92 m  camera=0.48 m  delta=-0.44 m  CAMERA SEES CLOSER - lidar may be missing this obstacle
[  986.3s] CAMERA/LIDAR DISAGREE - lidar=0.93 m  camera=0.48 m  delta=-0.45 m  CAMERA SEES CLOSER - lidar may be missing this obstacle
[  986.8s] CAMERA/LIDAR DISAGREE - lidar=0.94 m  camera=0.48 m  delta=-0.46 m  CAMERA SEES CLOSER - lidar may be missing this obstacle
[  987.3s] CAMERA/LIDAR DISAGREE - lidar=1.03 m  camera=0.48 m  delta=-0.55 m  CAMERA SEES CLOSER - lidar may be missing this obstacle
[  987.8s] CAMERA/LIDAR DISAGREE - lidar=1.11 m  camera=0.48 m  delta=-0.63 m  CAMERA SEES CLOSER - lidar may be missing this obstacle
[  988.3s] CAMERA/LIDAR DISAGREE - lidar=1.21 m  camera=0.48 m  delta=-0.74 m  CAMERA SEES CLOSER - lidar may be missing this obstacle
[  988.8s] CAMERA/LIDAR DISAGREE - lidar=1.28 m  camera=0.48 m  delta=-0.80 m  CAMERA SEES CLOSER - lidar may be missing this obstacle
[  989.3s] CAMERA/LIDAR DISAGREE - lidar=1.27 m  camera=0.48 m  delta=-0.79 m  CAMERA SEES CLOSER - lidar may be missing this obstacle
[  989.8s] CAMERA/LIDAR DISAGREE - lidar=1.06 m  camera=0.48 m  delta=-0.58 m  CAMERA SEES CLOSER - lidar may be missing this obstacle
[  990.3s] CAMERA/LIDAR DISAGREE - lidar=0.89 m  camera=0.48 m  delta=-0.41 m  CAMERA SEES CLOSER - lidar may be missing this obstacle
[  990.8s] CAMERA/LIDAR DISAGREE - lidar=0.88 m  camera=0.48 m  delta=-0.40 m  CAMERA SEES CLOSER - lidar may be missing this obstacle
[  991.3s] CAMERA/LIDAR DISAGREE - lidar=0.83 m  camera=0.48 m  delta=-0.34 m  CAMERA SEES CLOSER - lidar may be missing this obstacle
[  991.8s] CAMERA/LIDAR DISAGREE - lidar=0.87 m  camera=0.48 m  delta=-0.39 m  CAMERA SEES CLOSER - lidar may be missing this obstacle
[  992.3s] CAMERA/LIDAR DISAGREE - lidar=0.89 m  camera=0.48 m  delta=-0.41 m  CAMERA SEES CLOSER - lidar may be missing this obstacle
[  992.8s] CAMERA/LIDAR DISAGREE - lidar=0.89 m  camera=0.48 m  delta=-0.41 m  CAMERA SEES CLOSER - lidar may be missing this obstacle
[  993.3s] CAMERA/LIDAR DISAGREE - lidar=0.89 m  camera=0.48 m  delta=-0.40 m  CAMERA SEES CLOSER - lidar may be missing this obstacle
[  993.8s] CAMERA/LIDAR DISAGREE - lidar=0.88 m  camera=0.48 m  delta=-0.40 m  CAMERA SEES CLOSER - lidar may be missing this obstacle
[  994.3s] CAMERA/LIDAR DISAGREE - lidar=0.88 m  camera=0.48 m  delta=-0.40 m  CAMERA SEES CLOSER - lidar may be missing this obstacle
[  994.8s] CAMERA/LIDAR DISAGREE - lidar=0.88 m  camera=0.48 m  delta=-0.40 m  CAMERA SEES CLOSER - lidar may be missing this obstacle
[  995.3s] CAMERA/LIDAR DISAGREE - lidar=0.88 m  camera=0.48 m  delta=-0.40 m  CAMERA SEES CLOSER - lidar may be missing this obstacle
[  995.8s] CAMERA/LIDAR DISAGREE - lidar=0.89 m  camera=0.48 m  delta=-0.40 m  CAMERA SEES CLOSER - lidar may be missing this obstacle
[  996.3s] CAMERA/LIDAR DISAGREE - lidar=0.88 m  camera=0.48 m  delta=-0.40 m  CAMERA SEES CLOSER - lidar may be missing this obstacle
[  996.8s] CAMERA/LIDAR DISAGREE - lidar=0.88 m  camera=0.48 m  delta=-0.40 m  CAMERA SEES CLOSER - lidar may be missing this obstacle
[  997.3s] CAMERA/LIDAR DISAGREE - lidar=0.88 m  camera=0.48 m  delta=-0.40 m  CAMERA SEES CLOSER - lidar may be missing this obstacle
[  997.8s] CAMERA/LIDAR DISAGREE - lidar=0.88 m  camera=0.48 m  delta=-0.40 m  CAMERA SEES CLOSER - lidar may be missing this obstacle
[  998.3s] CAMERA/LIDAR DISAGREE - lidar=0.88 m  camera=0.48 m  delta=-0.40 m  CAMERA SEES CLOSER - lidar may be missing this obstacle
[  998.8s] CAMERA/LIDAR DISAGREE - lidar=0.88 m  camera=0.48 m  delta=-0.40 m  CAMERA SEES CLOSER - lidar may be missing this obstacle
[  999.3s] CAMERA/LIDAR DISAGREE - lidar=0.88 m  camera=0.48 m  delta=-0.40 m  CAMERA SEES CLOSER - lidar may be missing this obstacle
[  999.8s] CAMERA/LIDAR DISAGREE - lidar=0.88 m  camera=0.48 m  delta=-0.40 m  CAMERA SEES CLOSER - lidar may be missing this obstacle
[ 1000.3s] CAMERA/LIDAR DISAGREE - lidar=0.88 m  camera=0.48 m  delta=-0.40 m  CAMERA SEES CLOSER - lidar may be missing this obstacle
[ 1000.8s] CAMERA/LIDAR DISAGREE - lidar=0.89 m  camera=0.48 m  delta=-0.40 m  CAMERA SEES CLOSER - lidar may be missing this obstacle
[ 1001.3s] CAMERA/LIDAR DISAGREE - lidar=0.88 m  camera=0.48 m  delta=-0.40 m  CAMERA SEES CLOSER - lidar may be missing this obstacle
[ 1001.8s] CAMERA/LIDAR DISAGREE - lidar=0.88 m  camera=0.48 m  delta=-0.40 m  CAMERA SEES CLOSER - lidar may be missing this obstacle
[ 1002.3s] CAMERA/LIDAR DISAGREE - lidar=0.88 m  camera=0.48 m  delta=-0.40 m  CAMERA SEES CLOSER - lidar may be missing this obstacle
[ 1002.8s] CAMERA/LIDAR DISAGREE - lidar=0.83 m  camera=0.48 m  delta=-0.35 m  CAMERA SEES CLOSER - lidar may be missing this obstacle
[ 1003.3s] CAMERA/LIDAR DISAGREE - lidar=0.71 m  camera=0.48 m  delta=-0.22 m  CAMERA SEES CLOSER - lidar may be missing this obstacle
[ 1003.8s] CAMERA/LIDAR DISAGREE - lidar=0.88 m  camera=0.48 m  delta=-0.40 m  CAMERA SEES CLOSER - lidar may be missing this obstacle
[ 1004.3s] CAMERA/LIDAR DISAGREE - lidar=0.88 m  camera=0.48 m  delta=-0.40 m  CAMERA SEES CLOSER - lidar may be missing this obstacle
[ 1004.8s] CAMERA/LIDAR DISAGREE - lidar=0.88 m  camera=0.48 m  delta=-0.40 m  CAMERA SEES CLOSER - lidar may be missing this obstacle
[ 1005.3s] CAMERA/LIDAR DISAGREE - lidar=0.88 m  camera=0.48 m  delta=-0.40 m  CAMERA SEES CLOSER - lidar may be missing this obstacle
[ 1005.8s] CAMERA/LIDAR DISAGREE - lidar=0.88 m  camera=0.48 m  delta=-0.40 m  CAMERA SEES CLOSER - lidar may be missing this obstacle
[ 1006.3s] CAMERA/LIDAR DISAGREE - lidar=0.87 m  camera=0.48 m  delta=-0.39 m  CAMERA SEES CLOSER - lidar may be missing this obstacle
[ 1006.8s] CAMERA/LIDAR DISAGREE - lidar=0.88 m  camera=0.48 m  delta=-0.40 m  CAMERA SEES CLOSER - lidar may be missing this obstacle
[ 1007.3s] CAMERA/LIDAR DISAGREE - lidar=0.88 m  camera=0.48 m  delta=-0.40 m  CAMERA SEES CLOSER - lidar may be missing this obstacle
[ 1007.8s] CAMERA/LIDAR DISAGREE - lidar=0.87 m  camera=0.48 m  delta=-0.39 m  CAMERA SEES CLOSER - lidar may be missing this obstacle
[ 1008.3s] CAMERA/LIDAR DISAGREE - lidar=0.88 m  camera=0.48 m  delta=-0.40 m  CAMERA SEES CLOSER - lidar may be missing this obstacle
[ 1008.8s] CAMERA/LIDAR DISAGREE - lidar=0.87 m  camera=0.48 m  delta=-0.39 m  CAMERA SEES CLOSER - lidar may be missing this obstacle
[ 1009.3s] CAMERA/LIDAR DISAGREE - lidar=0.88 m  camera=0.48 m  delta=-0.40 m  CAMERA SEES CLOSER - lidar may be missing this obstacle
[ 1009.8s] CAMERA/LIDAR DISAGREE - lidar=0.87 m  camera=0.48 m  delta=-0.39 m  CAMERA SEES CLOSER - lidar may be missing this obstacle
[ 1010.3s] CAMERA/LIDAR DISAGREE - lidar=0.87 m  camera=0.48 m  delta=-0.39 m  CAMERA SEES CLOSER - lidar may be missing this obstacle
[ 1010.8s] CAMERA/LIDAR DISAGREE - lidar=0.88 m  camera=0.48 m  delta=-0.40 m  CAMERA SEES CLOSER - lidar may be missing this obstacle
[ 1011.3s] CAMERA/LIDAR DISAGREE - lidar=0.88 m  camera=0.48 m  delta=-0.40 m  CAMERA SEES CLOSER - lidar may be missing this obstacle
[ 1011.8s] CAMERA/LIDAR DISAGREE - lidar=0.88 m  camera=0.48 m  delta=-0.40 m  CAMERA SEES CLOSER - lidar may be missing this obstacle
[ 1012.3s] CAMERA/LIDAR DISAGREE - lidar=0.87 m  camera=0.48 m  delta=-0.39 m  CAMERA SEES CLOSER - lidar may be missing this obstacle
[ 1012.8s] CAMERA/LIDAR DISAGREE - lidar=0.87 m  camera=0.48 m  delta=-0.39 m  CAMERA SEES CLOSER - lidar may be missing this obstacle
[ 1013.3s] CAMERA/LIDAR DISAGREE - lidar=0.88 m  camera=0.48 m  delta=-0.40 m  CAMERA SEES CLOSER - lidar may be missing this obstacle
[ 1013.8s] CAMERA/LIDAR DISAGREE - lidar=0.88 m  camera=0.48 m  delta=-0.40 m  CAMERA SEES CLOSER - lidar may be missing this obstacle
[ 1014.3s] CAMERA/LIDAR DISAGREE - lidar=0.88 m  camera=0.48 m  delta=-0.40 m  CAMERA SEES CLOSER - lidar may be missing this obstacle
[ 1014.8s] CAMERA/LIDAR DISAGREE - lidar=0.88 m  camera=0.48 m  delta=-0.40 m  CAMERA SEES CLOSER - lidar may be missing this obstacle
[ 1015.3s] CAMERA/LIDAR DISAGREE - lidar=0.88 m  camera=0.48 m  delta=-0.40 m  CAMERA SEES CLOSER - lidar may be missing this obstacle
[ 1015.8s] CAMERA/LIDAR DISAGREE - lidar=0.88 m  camera=0.48 m  delta=-0.40 m  CAMERA SEES CLOSER - lidar may be missing this obstacle
[ 1016.3s] CAMERA/LIDAR DISAGREE - lidar=0.88 m  camera=0.48 m  delta=-0.40 m  CAMERA SEES CLOSER - lidar may be missing this obstacle
[ 1016.8s] CAMERA/LIDAR DISAGREE - lidar=0.88 m  camera=0.48 m  delta=-0.40 m  CAMERA SEES CLOSER - lidar may be missing this obstacle
[ 1017.3s] CAMERA/LIDAR DISAGREE - lidar=0.91 m  camera=0.48 m  delta=-0.43 m  CAMERA SEES CLOSER - lidar may be missing this obstacle
[ 1017.8s] CAMERA/LIDAR DISAGREE - lidar=0.94 m  camera=0.48 m  delta=-0.46 m  CAMERA SEES CLOSER - lidar may be missing this obstacle
[ 1018.3s] CAMERA/LIDAR DISAGREE - lidar=0.91 m  camera=0.48 m  delta=-0.43 m  CAMERA SEES CLOSER - lidar may be missing this obstacle
[ 1018.8s] CAMERA/LIDAR DISAGREE - lidar=0.90 m  camera=0.48 m  delta=-0.41 m  CAMERA SEES CLOSER - lidar may be missing this obstacle
[ 1019.3s] CAMERA/LIDAR DISAGREE - lidar=0.90 m  camera=0.48 m  delta=-0.42 m  CAMERA SEES CLOSER - lidar may be missing this obstacle
[ 1019.8s] CAMERA/LIDAR DISAGREE - lidar=0.89 m  camera=0.48 m  delta=-0.41 m  CAMERA SEES CLOSER - lidar may be missing this obstacle
[ 1020.3s] CAMERA/LIDAR DISAGREE - lidar=0.90 m  camera=0.48 m  delta=-0.41 m  CAMERA SEES CLOSER - lidar may be missing this obstacle
[ 1020.8s] CAMERA/LIDAR DISAGREE - lidar=0.90 m  camera=0.48 m  delta=-0.41 m  CAMERA SEES CLOSER - lidar may be missing this obstacle
[ 1021.3s] CAMERA/LIDAR DISAGREE - lidar=0.89 m  camera=0.48 m  delta=-0.41 m  CAMERA SEES CLOSER - lidar may be missing this obstacle
[ 1021.8s] CAMERA/LIDAR DISAGREE - lidar=0.89 m  camera=0.48 m  delta=-0.41 m  CAMERA SEES CLOSER - lidar may be missing this obstacle
[ 1022.3s] CAMERA/LIDAR DISAGREE - lidar=0.89 m  camera=0.48 m  delta=-0.41 m  CAMERA SEES CLOSER - lidar may be missing this obstacle
[ 1022.8s] CAMERA/LIDAR DISAGREE - lidar=0.90 m  camera=0.48 m  delta=-0.42 m  CAMERA SEES CLOSER - lidar may be missing this obstacle
[ 1023.3s] CAMERA/LIDAR DISAGREE - lidar=0.89 m  camera=0.48 m  delta=-0.41 m  CAMERA SEES CLOSER - lidar may be missing this obstacle
[ 1023.8s] CAMERA/LIDAR DISAGREE - lidar=0.89 m  camera=0.48 m  delta=-0.41 m  CAMERA SEES CLOSER - lidar may be missing this obstacle
[ 1024.3s] CAMERA/LIDAR DISAGREE - lidar=0.89 m  camera=0.48 m  delta=-0.41 m  CAMERA SEES CLOSER - lidar may be missing this obstacle
[ 1024.8s] CAMERA/LIDAR DISAGREE - lidar=0.89 m  camera=0.48 m  delta=-0.41 m  CAMERA SEES CLOSER - lidar may be missing this obstacle
[ 1025.3s] CAMERA/LIDAR DISAGREE - lidar=0.90 m  camera=0.48 m  delta=-0.41 m  CAMERA SEES CLOSER - lidar may be missing this obstacle
[ 1025.8s] CAMERA/LIDAR DISAGREE - lidar=0.89 m  camera=0.48 m  delta=-0.41 m  CAMERA SEES CLOSER - lidar may be missing this obstacle
[ 1026.3s] CAMERA/LIDAR DISAGREE - lidar=0.90 m  camera=0.48 m  delta=-0.42 m  CAMERA SEES CLOSER - lidar may be missing this obstacle
[ 1026.8s] CAMERA/LIDAR DISAGREE - lidar=0.90 m  camera=0.48 m  delta=-0.41 m  CAMERA SEES CLOSER - lidar may be missing this obstacle
[ 1027.3s] CAMERA/LIDAR DISAGREE - lidar=0.90 m  camera=0.48 m  delta=-0.41 m  CAMERA SEES CLOSER - lidar may be missing this obstacle
[ 1027.8s] CAMERA/LIDAR DISAGREE - lidar=0.90 m  camera=0.48 m  delta=-0.42 m  CAMERA SEES CLOSER - lidar may be missing this obstacle
[ 1028.3s] CAMERA/LIDAR DISAGREE - lidar=0.90 m  camera=0.48 m  delta=-0.42 m  CAMERA SEES CLOSER - lidar may be missing this obstacle
[ 1028.8s] CAMERA/LIDAR DISAGREE - lidar=0.91 m  camera=0.48 m  delta=-0.43 m  CAMERA SEES CLOSER - lidar may be missing this obstacle
[ 1029.3s] CAMERA/LIDAR DISAGREE - lidar=0.90 m  camera=0.48 m  delta=-0.42 m  CAMERA SEES CLOSER - lidar may be missing this obstacle
[ 1029.8s] CAMERA/LIDAR DISAGREE - lidar=0.91 m  camera=0.48 m  delta=-0.43 m  CAMERA SEES CLOSER - lidar may be missing this obstacle
[ 1030.3s] CAMERA/LIDAR DISAGREE - lidar=0.90 m  camera=0.48 m  delta=-0.42 m  CAMERA SEES CLOSER - lidar may be missing this obstacle
[ 1030.8s] CAMERA/LIDAR DISAGREE - lidar=0.91 m  camera=0.48 m  delta=-0.42 m  CAMERA SEES CLOSER - lidar may be missing this obstacle
[ 1031.3s] CAMERA/LIDAR DISAGREE - lidar=0.90 m  camera=0.48 m  delta=-0.42 m  CAMERA SEES CLOSER - lidar may be missing this obstacle
[ 1031.8s] CAMERA/LIDAR DISAGREE - lidar=0.91 m  camera=0.48 m  delta=-0.43 m  CAMERA SEES CLOSER - lidar may be missing this obstacle
[ 1032.3s] CAMERA/LIDAR DISAGREE - lidar=0.90 m  camera=0.48 m  delta=-0.42 m  CAMERA SEES CLOSER - lidar may be missing this obstacle
[ 1032.8s] CAMERA/LIDAR DISAGREE - lidar=0.90 m  camera=0.48 m  delta=-0.42 m  CAMERA SEES CLOSER - lidar may be missing this obstacle
[ 1033.3s] CAMERA/LIDAR DISAGREE - lidar=0.90 m  camera=0.48 m  delta=-0.42 m  CAMERA SEES CLOSER - lidar may be missing this obstacle
[ 1033.8s] CAMERA/LIDAR DISAGREE - lidar=0.90 m  camera=0.48 m  delta=-0.42 m  CAMERA SEES CLOSER - lidar may be missing this obstacle
[ 1034.3s] CAMERA/LIDAR DISAGREE - lidar=0.90 m  camera=0.48 m  delta=-0.42 m  CAMERA SEES CLOSER - lidar may be missing this obstacle
[ 1034.8s] CAMERA/LIDAR DISAGREE - lidar=0.90 m  camera=0.48 m  delta=-0.42 m  CAMERA SEES CLOSER - lidar may be missing this obstacle
[ 1035.3s] CAMERA/LIDAR DISAGREE - lidar=0.90 m  camera=0.48 m  delta=-0.42 m  CAMERA SEES CLOSER - lidar may be missing this obstacle
[ 1035.8s] CAMERA/LIDAR DISAGREE - lidar=0.90 m  camera=0.48 m  delta=-0.42 m  CAMERA SEES CLOSER - lidar may be missing this obstacle
[ 1036.3s] CAMERA/LIDAR DISAGREE - lidar=0.90 m  camera=0.48 m  delta=-0.42 m  CAMERA SEES CLOSER - lidar may be missing this obstacle
[ 1036.8s] CAMERA/LIDAR DISAGREE - lidar=0.90 m  camera=0.48 m  delta=-0.42 m  CAMERA SEES CLOSER - lidar may be missing this obstacle
[ 1037.3s] CAMERA/LIDAR DISAGREE - lidar=0.90 m  camera=0.48 m  delta=-0.42 m  CAMERA SEES CLOSER - lidar may be missing this obstacle
[ 1037.8s] CAMERA/LIDAR DISAGREE - lidar=0.90 m  camera=0.48 m  delta=-0.42 m  CAMERA SEES CLOSER - lidar may be missing this obstacle
[ 1038.3s] CAMERA/LIDAR DISAGREE - lidar=0.91 m  camera=0.48 m  delta=-0.42 m  CAMERA SEES CLOSER - lidar may be missing this obstacle
[ 1038.8s] CAMERA/LIDAR DISAGREE - lidar=0.91 m  camera=0.48 m  delta=-0.42 m  CAMERA SEES CLOSER - lidar may be missing this obstacle
[ 1039.3s] CAMERA/LIDAR DISAGREE - lidar=0.91 m  camera=0.48 m  delta=-0.42 m  CAMERA SEES CLOSER - lidar may be missing this obstacle
[ 1039.8s] CAMERA/LIDAR DISAGREE - lidar=0.90 m  camera=0.48 m  delta=-0.42 m  CAMERA SEES CLOSER - lidar may be missing this obstacle
[ 1040.3s] CAMERA/LIDAR DISAGREE - lidar=0.90 m  camera=0.48 m  delta=-0.42 m  CAMERA SEES CLOSER - lidar may be missing this obstacle
[ 1040.8s] CAMERA/LIDAR DISAGREE - lidar=0.90 m  camera=0.48 m  delta=-0.42 m  CAMERA SEES CLOSER - lidar may be missing this obstacle
[ 1041.3s] CAMERA/LIDAR DISAGREE - lidar=0.91 m  camera=0.48 m  delta=-0.42 m  CAMERA SEES CLOSER - lidar may be missing this obstacle
[ 1041.8s] CAMERA/LIDAR DISAGREE - lidar=0.91 m  camera=0.48 m  delta=-0.42 m  CAMERA SEES CLOSER - lidar may be missing this obstacle
[ 1042.3s] CAMERA/LIDAR DISAGREE - lidar=0.90 m  camera=0.48 m  delta=-0.42 m  CAMERA SEES CLOSER - lidar may be missing this obstacle
[ 1042.8s] CAMERA/LIDAR DISAGREE - lidar=0.90 m  camera=0.48 m  delta=-0.42 m  CAMERA SEES CLOSER - lidar may be missing this obstacle
[ 1043.3s] CAMERA/LIDAR DISAGREE - lidar=0.90 m  camera=0.48 m  delta=-0.42 m  CAMERA SEES CLOSER - lidar may be missing this obstacle
[ 1043.8s] CAMERA/LIDAR DISAGREE - lidar=0.90 m  camera=0.48 m  delta=-0.42 m  CAMERA SEES CLOSER - lidar may be missing this obstacle
[ 1044.3s] CAMERA/LIDAR DISAGREE - lidar=0.90 m  camera=0.48 m  delta=-0.42 m  CAMERA SEES CLOSER - lidar may be missing this obstacle
[ 1044.8s] CAMERA/LIDAR DISAGREE - lidar=0.91 m  camera=0.48 m  delta=-0.43 m  CAMERA SEES CLOSER - lidar may be missing this obstacle
[ 1045.3s] CAMERA/LIDAR DISAGREE - lidar=0.91 m  camera=0.48 m  delta=-0.43 m  CAMERA SEES CLOSER - lidar may be missing this obstacle
[ 1045.8s] CAMERA/LIDAR DISAGREE - lidar=0.91 m  camera=0.48 m  delta=-0.42 m  CAMERA SEES CLOSER - lidar may be missing this obstacle
[ 1046.3s] CAMERA/LIDAR DISAGREE - lidar=0.90 m  camera=0.48 m  delta=-0.42 m  CAMERA SEES CLOSER - lidar may be missing this obstacle
[ 1046.8s] CAMERA/LIDAR DISAGREE - lidar=0.90 m  camera=0.48 m  delta=-0.42 m  CAMERA SEES CLOSER - lidar may be missing this obstacle
[ 1047.3s] CAMERA/LIDAR DISAGREE - lidar=0.90 m  camera=0.48 m  delta=-0.42 m  CAMERA SEES CLOSER - lidar may be missing this obstacle
[ 1047.8s] CAMERA/LIDAR DISAGREE - lidar=0.80 m  camera=0.48 m  delta=-0.32 m  CAMERA SEES CLOSER - lidar may be missing this obstacle
[ 1049.3s] CAMERA/LIDAR DISAGREE - lidar=0.76 m  camera=0.48 m  delta=-0.28 m  CAMERA SEES CLOSER - lidar may be missing this obstacle
[ 1049.8s] CAMERA/LIDAR DISAGREE - lidar=0.80 m  camera=0.48 m  delta=-0.32 m  CAMERA SEES CLOSER - lidar may be missing this obstacle
[ 1050.3s] CAMERA/LIDAR DISAGREE - lidar=0.85 m  camera=0.48 m  delta=-0.37 m  CAMERA SEES CLOSER - lidar may be missing this obstacle
[ 1050.8s] CAMERA/LIDAR DISAGREE - lidar=0.89 m  camera=0.48 m  delta=-0.41 m  CAMERA SEES CLOSER - lidar may be missing this obstacle
[ 1051.3s] CAMERA/LIDAR DISAGREE - lidar=0.90 m  camera=0.48 m  delta=-0.42 m  CAMERA SEES CLOSER - lidar may be missing this obstacle
[ 1051.8s] CAMERA/LIDAR DISAGREE - lidar=0.89 m  camera=0.48 m  delta=-0.41 m  CAMERA SEES CLOSER - lidar may be missing this obstacle
[ 1052.3s] CAMERA/LIDAR DISAGREE - lidar=0.89 m  camera=0.48 m  delta=-0.41 m  CAMERA SEES CLOSER - lidar may be missing this obstacle
[ 1052.8s] CAMERA/LIDAR DISAGREE - lidar=0.90 m  camera=0.48 m  delta=-0.41 m  CAMERA SEES CLOSER - lidar may be missing this obstacle
[ 1053.3s] CAMERA/LIDAR DISAGREE - lidar=0.89 m  camera=0.48 m  delta=-0.41 m  CAMERA SEES CLOSER - lidar may be missing this obstacle
[ 1053.8s] CAMERA/LIDAR DISAGREE - lidar=0.90 m  camera=0.48 m  delta=-0.42 m  CAMERA SEES CLOSER - lidar may be missing this obstacle
[ 1054.3s] CAMERA/LIDAR DISAGREE - lidar=0.89 m  camera=0.48 m  delta=-0.41 m  CAMERA SEES CLOSER - lidar may be missing this obstacle
[ 1054.8s] CAMERA/LIDAR DISAGREE - lidar=0.89 m  camera=0.48 m  delta=-0.41 m  CAMERA SEES CLOSER - lidar may be missing this obstacle
[ 1055.3s] CAMERA/LIDAR DISAGREE - lidar=0.90 m  camera=0.48 m  delta=-0.41 m  CAMERA SEES CLOSER - lidar may be missing this obstacle
[ 1055.8s] CAMERA/LIDAR DISAGREE - lidar=0.89 m  camera=0.48 m  delta=-0.41 m  CAMERA SEES CLOSER - lidar may be missing this obstacle
[ 1056.3s] CAMERA/LIDAR DISAGREE - lidar=0.89 m  camera=0.48 m  delta=-0.41 m  CAMERA SEES CLOSER - lidar may be missing this obstacle
[ 1056.8s] CAMERA/LIDAR DISAGREE - lidar=0.90 m  camera=0.48 m  delta=-0.42 m  CAMERA SEES CLOSER - lidar may be missing this obstacle
[ 1057.3s] CAMERA/LIDAR DISAGREE - lidar=0.89 m  camera=0.48 m  delta=-0.41 m  CAMERA SEES CLOSER - lidar may be missing this obstacle
[ 1057.8s] CAMERA/LIDAR DISAGREE - lidar=0.89 m  camera=0.48 m  delta=-0.41 m  CAMERA SEES CLOSER - lidar may be missing this obstacle
[ 1058.3s] CAMERA/LIDAR DISAGREE - lidar=0.89 m  camera=0.48 m  delta=-0.41 m  CAMERA SEES CLOSER - lidar may be missing this obstacle
[ 1058.8s] CAMERA/LIDAR DISAGREE - lidar=0.89 m  camera=0.48 m  delta=-0.41 m  CAMERA SEES CLOSER - lidar may be missing this obstacle
[ 1059.3s] CAMERA/LIDAR DISAGREE - lidar=0.90 m  camera=0.48 m  delta=-0.41 m  CAMERA SEES CLOSER - lidar may be missing this obstacle
[ 1059.8s] CAMERA/LIDAR DISAGREE - lidar=0.89 m  camera=0.48 m  delta=-0.41 m  CAMERA SEES CLOSER - lidar may be missing this obstacle
[ 1060.3s] CAMERA/LIDAR DISAGREE - lidar=0.89 m  camera=0.48 m  delta=-0.41 m  CAMERA SEES CLOSER - lidar may be missing this obstacle
[ 1060.8s] CAMERA/LIDAR DISAGREE - lidar=0.89 m  camera=0.48 m  delta=-0.41 m  CAMERA SEES CLOSER - lidar may be missing this obstacle
[ 1061.3s] CAMERA/LIDAR DISAGREE - lidar=0.78 m  camera=0.48 m  delta=-0.29 m  CAMERA SEES CLOSER - lidar may be missing this obstacle
[ 1065.8s] CAMERA/LIDAR DISAGREE - lidar=0.88 m  camera=0.48 m  delta=-0.40 m  CAMERA SEES CLOSER - lidar may be missing this obstacle
[ 1066.3s] CAMERA/LIDAR DISAGREE - lidar=0.89 m  camera=0.48 m  delta=-0.41 m  CAMERA SEES CLOSER - lidar may be missing this obstacle
[ 1068.8s] CAMERA/LIDAR DISAGREE - lidar=0.88 m  camera=0.48 m  delta=-0.40 m  CAMERA SEES CLOSER - lidar may be missing this obstacle
[ 1069.3s] CAMERA/LIDAR DISAGREE - lidar=0.89 m  camera=0.48 m  delta=-0.41 m  CAMERA SEES CLOSER - lidar may be missing this obstacle
[ 1069.8s] CAMERA/LIDAR DISAGREE - lidar=0.88 m  camera=0.48 m  delta=-0.40 m  CAMERA SEES CLOSER - lidar may be missing this obstacle
[ 1070.3s] CAMERA/LIDAR DISAGREE - lidar=0.87 m  camera=0.48 m  delta=-0.39 m  CAMERA SEES CLOSER - lidar may be missing this obstacle
[ 1070.8s] CAMERA/LIDAR DISAGREE - lidar=0.86 m  camera=0.48 m  delta=-0.38 m  CAMERA SEES CLOSER - lidar may be missing this obstacle
[ 1071.3s] CAMERA/LIDAR DISAGREE - lidar=0.89 m  camera=0.48 m  delta=-0.41 m  CAMERA SEES CLOSER - lidar may be missing this obstacle
[ 1071.8s] CAMERA/LIDAR DISAGREE - lidar=0.88 m  camera=0.48 m  delta=-0.40 m  CAMERA SEES CLOSER - lidar may be missing this obstacle
[ 1072.3s] CAMERA/LIDAR DISAGREE - lidar=0.88 m  camera=0.48 m  delta=-0.40 m  CAMERA SEES CLOSER - lidar may be missing this obstacle
[ 1072.8s] CAMERA/LIDAR DISAGREE - lidar=0.88 m  camera=0.48 m  delta=-0.40 m  CAMERA SEES CLOSER - lidar may be missing this obstacle
[ 1073.3s] CAMERA/LIDAR DISAGREE - lidar=0.85 m  camera=0.48 m  delta=-0.37 m  CAMERA SEES CLOSER - lidar may be missing this obstacle
[ 1073.8s] CAMERA/LIDAR DISAGREE - lidar=0.86 m  camera=0.48 m  delta=-0.38 m  CAMERA SEES CLOSER - lidar may be missing this obstacle
[ 1074.3s] CAMERA/LIDAR DISAGREE - lidar=0.88 m  camera=0.48 m  delta=-0.40 m  CAMERA SEES CLOSER - lidar may be missing this obstacle
[ 1074.8s] CAMERA/LIDAR DISAGREE - lidar=0.88 m  camera=0.48 m  delta=-0.39 m  CAMERA SEES CLOSER - lidar may be missing this obstacle
[ 1075.3s] CAMERA/LIDAR DISAGREE - lidar=0.87 m  camera=0.48 m  delta=-0.39 m  CAMERA SEES CLOSER - lidar may be missing this obstacle
[ 1075.8s] CAMERA/LIDAR DISAGREE - lidar=0.87 m  camera=0.48 m  delta=-0.39 m  CAMERA SEES CLOSER - lidar may be missing this obstacle
[ 1076.3s] CAMERA/LIDAR DISAGREE - lidar=0.87 m  camera=0.48 m  delta=-0.39 m  CAMERA SEES CLOSER - lidar may be missing this obstacle
[ 1076.8s] CAMERA/LIDAR DISAGREE - lidar=0.87 m  camera=0.48 m  delta=-0.39 m  CAMERA SEES CLOSER - lidar may be missing this obstacle
[ 1077.3s] CAMERA/LIDAR DISAGREE - lidar=0.88 m  camera=0.48 m  delta=-0.40 m  CAMERA SEES CLOSER - lidar may be missing this obstacle
[ 1077.8s] CAMERA/LIDAR DISAGREE - lidar=0.87 m  camera=0.48 m  delta=-0.39 m  CAMERA SEES CLOSER - lidar may be missing this obstacle
[ 1078.3s] CAMERA/LIDAR DISAGREE - lidar=0.88 m  camera=0.48 m  delta=-0.39 m  CAMERA SEES CLOSER - lidar may be missing this obstacle
[ 1078.8s] CAMERA/LIDAR DISAGREE - lidar=0.88 m  camera=0.48 m  delta=-0.40 m  CAMERA SEES CLOSER - lidar may be missing this obstacle
[ 1079.3s] CAMERA/LIDAR DISAGREE - lidar=0.88 m  camera=0.48 m  delta=-0.40 m  CAMERA SEES CLOSER - lidar may be missing this obstacle
[ 1079.8s] CAMERA/LIDAR DISAGREE - lidar=0.88 m  camera=0.48 m  delta=-0.40 m  CAMERA SEES CLOSER - lidar may be missing this obstacle
[ 1080.3s] CAMERA/LIDAR DISAGREE - lidar=0.88 m  camera=0.48 m  delta=-0.40 m  CAMERA SEES CLOSER - lidar may be missing this obstacle
[ 1080.8s] CAMERA/LIDAR DISAGREE - lidar=0.87 m  camera=0.48 m  delta=-0.39 m  CAMERA SEES CLOSER - lidar may be missing this obstacle
[ 1081.3s] CAMERA/LIDAR DISAGREE - lidar=0.87 m  camera=0.48 m  delta=-0.39 m  CAMERA SEES CLOSER - lidar may be missing this obstacle
[ 1081.8s] CAMERA/LIDAR DISAGREE - lidar=0.88 m  camera=0.48 m  delta=-0.39 m  CAMERA SEES CLOSER - lidar may be missing this obstacle
[ 1082.3s] CAMERA/LIDAR DISAGREE - lidar=0.87 m  camera=0.48 m  delta=-0.39 m  CAMERA SEES CLOSER - lidar may be missing this obstacle
[ 1082.8s] CAMERA/LIDAR DISAGREE - lidar=0.87 m  camera=0.48 m  delta=-0.39 m  CAMERA SEES CLOSER - lidar may be missing this obstacle
[ 1083.3s] CAMERA/LIDAR DISAGREE - lidar=0.88 m  camera=0.48 m  delta=-0.40 m  CAMERA SEES CLOSER - lidar may be missing this obstacle
[ 1083.8s] CAMERA/LIDAR DISAGREE - lidar=0.88 m  camera=0.48 m  delta=-0.40 m  CAMERA SEES CLOSER - lidar may be missing this obstacle
[ 1084.3s] CAMERA/LIDAR DISAGREE - lidar=0.87 m  camera=0.48 m  delta=-0.39 m  CAMERA SEES CLOSER - lidar may be missing this obstacle
[ 1084.8s] CAMERA/LIDAR DISAGREE - lidar=0.88 m  camera=0.48 m  delta=-0.39 m  CAMERA SEES CLOSER - lidar may be missing this obstacle
[ 1085.3s] CAMERA/LIDAR DISAGREE - lidar=0.87 m  camera=0.48 m  delta=-0.39 m  CAMERA SEES CLOSER - lidar may be missing this obstacle
[ 1085.8s] CAMERA/LIDAR DISAGREE - lidar=0.87 m  camera=0.48 m  delta=-0.39 m  CAMERA SEES CLOSER - lidar may be missing this obstacle
[ 1086.3s] CAMERA/LIDAR DISAGREE - lidar=0.88 m  camera=0.48 m  delta=-0.39 m  CAMERA SEES CLOSER - lidar may be missing this obstacle
[ 1086.8s] CAMERA/LIDAR DISAGREE - lidar=0.87 m  camera=0.48 m  delta=-0.39 m  CAMERA SEES CLOSER - lidar may be missing this obstacle
[ 1087.3s] CAMERA/LIDAR DISAGREE - lidar=0.87 m  camera=0.48 m  delta=-0.39 m  CAMERA SEES CLOSER - lidar may be missing this obstacle
[ 1087.8s] CAMERA/LIDAR DISAGREE - lidar=0.87 m  camera=0.48 m  delta=-0.39 m  CAMERA SEES CLOSER - lidar may be missing this obstacle
[ 1088.3s] CAMERA/LIDAR DISAGREE - lidar=0.87 m  camera=0.48 m  delta=-0.39 m  CAMERA SEES CLOSER - lidar may be missing this obstacle
[ 1088.8s] CAMERA/LIDAR DISAGREE - lidar=0.87 m  camera=0.48 m  delta=-0.39 m  CAMERA SEES CLOSER - lidar may be missing this obstacle
[ 1089.3s] CAMERA/LIDAR DISAGREE - lidar=0.88 m  camera=0.48 m  delta=-0.39 m  CAMERA SEES CLOSER - lidar may be missing this obstacle
[ 1089.8s] CAMERA/LIDAR DISAGREE - lidar=0.87 m  camera=0.48 m  delta=-0.39 m  CAMERA SEES CLOSER - lidar may be missing this obstacle
[ 1090.3s] CAMERA/LIDAR DISAGREE - lidar=0.87 m  camera=0.48 m  delta=-0.39 m  CAMERA SEES CLOSER - lidar may be missing this obstacle
[ 1090.8s] CAMERA/LIDAR DISAGREE - lidar=0.87 m  camera=0.48 m  delta=-0.39 m  CAMERA SEES CLOSER - lidar may be missing this obstacle
[ 1091.3s] CAMERA/LIDAR DISAGREE - lidar=0.88 m  camera=0.48 m  delta=-0.39 m  CAMERA SEES CLOSER - lidar may be missing this obstacle
[ 1091.8s] CAMERA/LIDAR DISAGREE - lidar=0.88 m  camera=0.48 m  delta=-0.39 m  CAMERA SEES CLOSER - lidar may be missing this obstacle
[ 1092.3s] CAMERA/LIDAR DISAGREE - lidar=0.87 m  camera=0.48 m  delta=-0.39 m  CAMERA SEES CLOSER - lidar may be missing this obstacle
[ 1092.8s] CAMERA/LIDAR DISAGREE - lidar=0.87 m  camera=0.48 m  delta=-0.39 m  CAMERA SEES CLOSER - lidar may be missing this obstacle
[ 1093.3s] CAMERA/LIDAR DISAGREE - lidar=0.87 m  camera=0.48 m  delta=-0.39 m  CAMERA SEES CLOSER - lidar may be missing this obstacle
[ 1093.8s] CAMERA/LIDAR DISAGREE - lidar=0.87 m  camera=0.48 m  delta=-0.39 m  CAMERA SEES CLOSER - lidar may be missing this obstacle
[ 1094.3s] CAMERA/LIDAR DISAGREE - lidar=0.87 m  camera=0.48 m  delta=-0.39 m  CAMERA SEES CLOSER - lidar may be missing this obstacle
[ 1094.8s] CAMERA/LIDAR DISAGREE - lidar=0.87 m  camera=0.48 m  delta=-0.39 m  CAMERA SEES CLOSER - lidar may be missing this obstacle
[ 1095.3s] CAMERA/LIDAR DISAGREE - lidar=0.87 m  camera=0.48 m  delta=-0.39 m  CAMERA SEES CLOSER - lidar may be missing this obstacle
[ 1095.8s] CAMERA/LIDAR DISAGREE - lidar=0.87 m  camera=0.48 m  delta=-0.39 m  CAMERA SEES CLOSER - lidar may be missing this obstacle
[ 1096.3s] CAMERA/LIDAR DISAGREE - lidar=0.87 m  camera=0.48 m  delta=-0.39 m  CAMERA SEES CLOSER - lidar may be missing this obstacle
[ 1096.8s] CAMERA/LIDAR DISAGREE - lidar=0.87 m  camera=0.48 m  delta=-0.39 m  CAMERA SEES CLOSER - lidar may be missing this obstacle
[ 1097.3s] CAMERA/LIDAR DISAGREE - lidar=0.87 m  camera=0.48 m  delta=-0.39 m  CAMERA SEES CLOSER - lidar may be missing this obstacle
[ 1097.8s] CAMERA/LIDAR DISAGREE - lidar=0.87 m  camera=0.48 m  delta=-0.39 m  CAMERA SEES CLOSER - lidar may be missing this obstacle
[ 1098.3s] CAMERA/LIDAR DISAGREE - lidar=0.87 m  camera=0.48 m  delta=-0.39 m  CAMERA SEES CLOSER - lidar may be missing this obstacle
[ 1098.8s] CAMERA/LIDAR DISAGREE - lidar=0.87 m  camera=0.48 m  delta=-0.39 m  CAMERA SEES CLOSER - lidar may be missing this obstacle
[ 1099.3s] CAMERA/LIDAR DISAGREE - lidar=0.87 m  camera=0.48 m  delta=-0.39 m  CAMERA SEES CLOSER - lidar may be missing this obstacle
[ 1099.8s] CAMERA/LIDAR DISAGREE - lidar=0.87 m  camera=0.48 m  delta=-0.39 m  CAMERA SEES CLOSER - lidar may be missing this obstacle
[ 1100.3s] CAMERA/LIDAR DISAGREE - lidar=0.87 m  camera=0.48 m  delta=-0.39 m  CAMERA SEES CLOSER - lidar may be missing this obstacle
[ 1100.8s] CAMERA/LIDAR DISAGREE - lidar=0.87 m  camera=0.48 m  delta=-0.39 m  CAMERA SEES CLOSER - lidar may be missing this obstacle
[ 1101.3s] CAMERA/LIDAR DISAGREE - lidar=0.87 m  camera=0.48 m  delta=-0.39 m  CAMERA SEES CLOSER - lidar may be missing this obstacle
[ 1101.8s] CAMERA/LIDAR DISAGREE - lidar=0.87 m  camera=0.48 m  delta=-0.39 m  CAMERA SEES CLOSER - lidar may be missing this obstacle
[ 1102.3s] CAMERA/LIDAR DISAGREE - lidar=0.87 m  camera=0.48 m  delta=-0.39 m  CAMERA SEES CLOSER - lidar may be missing this obstacle
[ 1102.8s] CAMERA/LIDAR DISAGREE - lidar=0.87 m  camera=0.48 m  delta=-0.39 m  CAMERA SEES CLOSER - lidar may be missing this obstacle
[ 1103.3s] CAMERA/LIDAR DISAGREE - lidar=0.87 m  camera=0.48 m  delta=-0.39 m  CAMERA SEES CLOSER - lidar may be missing this obstacle
[ 1103.8s] CAMERA/LIDAR DISAGREE - lidar=0.87 m  camera=0.48 m  delta=-0.39 m  CAMERA SEES CLOSER - lidar may be missing this obstacle
[ 1104.3s] CAMERA/LIDAR DISAGREE - lidar=0.87 m  camera=0.48 m  delta=-0.39 m  CAMERA SEES CLOSER - lidar may be missing this obstacle
[ 1104.8s] CAMERA/LIDAR DISAGREE - lidar=0.87 m  camera=0.48 m  delta=-0.39 m  CAMERA SEES CLOSER - lidar may be missing this obstacle
[ 1105.3s] CAMERA/LIDAR DISAGREE - lidar=0.87 m  camera=0.48 m  delta=-0.39 m  CAMERA SEES CLOSER - lidar may be missing this obstacle
[ 1105.8s] CAMERA/LIDAR DISAGREE - lidar=0.87 m  camera=0.48 m  delta=-0.39 m  CAMERA SEES CLOSER - lidar may be missing this obstacle
[ 1106.3s] CAMERA/LIDAR DISAGREE - lidar=0.87 m  camera=0.48 m  delta=-0.39 m  CAMERA SEES CLOSER - lidar may be missing this obstacle
[ 1106.8s] CAMERA/LIDAR DISAGREE - lidar=0.87 m  camera=0.48 m  delta=-0.39 m  CAMERA SEES CLOSER - lidar may be missing this obstacle
[ 1107.3s] CAMERA/LIDAR DISAGREE - lidar=0.87 m  camera=0.48 m  delta=-0.39 m  CAMERA SEES CLOSER - lidar may be missing this obstacle
[ 1107.8s] CAMERA/LIDAR DISAGREE - lidar=0.86 m  camera=0.48 m  delta=-0.38 m  CAMERA SEES CLOSER - lidar may be missing this obstacle
[ 1108.3s] CAMERA/LIDAR DISAGREE - lidar=0.87 m  camera=0.48 m  delta=-0.39 m  CAMERA SEES CLOSER - lidar may be missing this obstacle
[ 1108.8s] CAMERA/LIDAR DISAGREE - lidar=0.87 m  camera=0.48 m  delta=-0.39 m  CAMERA SEES CLOSER - lidar may be missing this obstacle
[ 1109.3s] CAMERA/LIDAR DISAGREE - lidar=0.87 m  camera=0.48 m  delta=-0.39 m  CAMERA SEES CLOSER - lidar may be missing this obstacle
[ 1109.8s] CAMERA/LIDAR DISAGREE - lidar=0.87 m  camera=0.48 m  delta=-0.38 m  CAMERA SEES CLOSER - lidar may be missing this obstacle
[ 1110.3s] CAMERA/LIDAR DISAGREE - lidar=0.87 m  camera=0.48 m  delta=-0.39 m  CAMERA SEES CLOSER - lidar may be missing this obstacle
[ 1110.8s] CAMERA/LIDAR DISAGREE - lidar=0.87 m  camera=0.48 m  delta=-0.39 m  CAMERA SEES CLOSER - lidar may be missing this obstacle
[ 1111.3s] CAMERA/LIDAR DISAGREE - lidar=0.87 m  camera=0.48 m  delta=-0.39 m  CAMERA SEES CLOSER - lidar may be missing this obstacle
[ 1111.8s] CAMERA/LIDAR DISAGREE - lidar=0.87 m  camera=0.48 m  delta=-0.39 m  CAMERA SEES CLOSER - lidar may be missing this obstacle
[ 1112.3s] CAMERA/LIDAR DISAGREE - lidar=0.87 m  camera=0.48 m  delta=-0.39 m  CAMERA SEES CLOSER - lidar may be missing this obstacle
[ 1112.8s] CAMERA/LIDAR DISAGREE - lidar=0.87 m  camera=0.48 m  delta=-0.39 m  CAMERA SEES CLOSER - lidar may be missing this obstacle
[ 1113.3s] CAMERA/LIDAR DISAGREE - lidar=0.87 m  camera=0.48 m  delta=-0.39 m  CAMERA SEES CLOSER - lidar may be missing this obstacle
[ 1113.8s] CAMERA/LIDAR DISAGREE - lidar=0.87 m  camera=0.48 m  delta=-0.39 m  CAMERA SEES CLOSER - lidar may be missing this obstacle
[ 1115.8s] CAMERA/LIDAR DISAGREE - lidar=0.90 m  camera=0.48 m  delta=-0.42 m  CAMERA SEES CLOSER - lidar may be missing this obstacle
[ 1117.8s] CAMERA/LIDAR DISAGREE - lidar=0.90 m  camera=0.48 m  delta=-0.42 m  CAMERA SEES CLOSER - lidar may be missing this obstacle
[ 1118.3s] CAMERA/LIDAR DISAGREE - lidar=0.91 m  camera=0.48 m  delta=-0.42 m  CAMERA SEES CLOSER - lidar may be missing this obstacle
[ 1120.3s] CAMERA/LIDAR DISAGREE - lidar=0.86 m  camera=0.48 m  delta=-0.38 m  CAMERA SEES CLOSER - lidar may be missing this obstacle
[ 1122.3s] CAMERA/LIDAR DISAGREE - lidar=0.86 m  camera=0.48 m  delta=-0.38 m  CAMERA SEES CLOSER - lidar may be missing this obstacle
[ 1123.3s] CAMERA/LIDAR DISAGREE - lidar=0.86 m  camera=0.48 m  delta=-0.38 m  CAMERA SEES CLOSER - lidar may be missing this obstacle
[ 1123.8s] CAMERA/LIDAR DISAGREE - lidar=0.88 m  camera=0.48 m  delta=-0.40 m  CAMERA SEES CLOSER - lidar may be missing this obstacle
[ 1124.8s] CAMERA/LIDAR DISAGREE - lidar=0.90 m  camera=0.48 m  delta=-0.42 m  CAMERA SEES CLOSER - lidar may be missing this obstacle
[ 1125.3s] CAMERA/LIDAR DISAGREE - lidar=0.90 m  camera=0.48 m  delta=-0.42 m  CAMERA SEES CLOSER - lidar may be missing this obstacle
[ 1125.8s] CAMERA/LIDAR DISAGREE - lidar=0.90 m  camera=0.48 m  delta=-0.41 m  CAMERA SEES CLOSER - lidar may be missing this obstacle
[ 1126.3s] CAMERA/LIDAR DISAGREE - lidar=0.91 m  camera=0.48 m  delta=-0.42 m  CAMERA SEES CLOSER - lidar may be missing this obstacle
[ 1126.8s] CAMERA/LIDAR DISAGREE - lidar=0.74 m  camera=0.48 m  delta=-0.25 m  CAMERA SEES CLOSER - lidar may be missing this obstacle
[ 1127.3s] CAMERA/LIDAR DISAGREE - lidar=0.79 m  camera=0.48 m  delta=-0.31 m  CAMERA SEES CLOSER - lidar may be missing this obstacle
[ 1127.8s] CAMERA/LIDAR DISAGREE - lidar=0.74 m  camera=0.48 m  delta=-0.26 m  CAMERA SEES CLOSER - lidar may be missing this obstacle
[ 1128.3s] CAMERA/LIDAR DISAGREE - lidar=0.73 m  camera=0.48 m  delta=-0.25 m  CAMERA SEES CLOSER - lidar may be missing this obstacle
[ 1128.8s] CAMERA/LIDAR DISAGREE - lidar=0.82 m  camera=0.48 m  delta=-0.34 m  CAMERA SEES CLOSER - lidar may be missing this obstacle
[ 1129.3s] CAMERA/LIDAR DISAGREE - lidar=0.83 m  camera=0.48 m  delta=-0.35 m  CAMERA SEES CLOSER - lidar may be missing this obstacle
[ 1129.8s] CAMERA/LIDAR DISAGREE - lidar=0.81 m  camera=0.48 m  delta=-0.33 m  CAMERA SEES CLOSER - lidar may be missing this obstacle
[ 1130.3s] CAMERA/LIDAR DISAGREE - lidar=0.83 m  camera=0.48 m  delta=-0.35 m  CAMERA SEES CLOSER - lidar may be missing this obstacle
[ 1130.8s] CAMERA/LIDAR DISAGREE - lidar=0.83 m  camera=0.48 m  delta=-0.35 m  CAMERA SEES CLOSER - lidar may be missing this obstacle
[ 1131.3s] CAMERA/LIDAR DISAGREE - lidar=0.83 m  camera=0.48 m  delta=-0.35 m  CAMERA SEES CLOSER - lidar may be missing this obstacle
[ 1131.8s] CAMERA/LIDAR DISAGREE - lidar=0.84 m  camera=0.48 m  delta=-0.35 m  CAMERA SEES CLOSER - lidar may be missing this obstacle
[ 1132.3s] CAMERA/LIDAR DISAGREE - lidar=0.83 m  camera=0.48 m  delta=-0.35 m  CAMERA SEES CLOSER - lidar may be missing this obstacle
[ 1132.8s] CAMERA/LIDAR DISAGREE - lidar=0.84 m  camera=0.48 m  delta=-0.35 m  CAMERA SEES CLOSER - lidar may be missing this obstacle
[ 1133.3s] CAMERA/LIDAR DISAGREE - lidar=0.84 m  camera=0.48 m  delta=-0.36 m  CAMERA SEES CLOSER - lidar may be missing this obstacle
[ 1133.8s] CAMERA/LIDAR DISAGREE - lidar=0.83 m  camera=0.48 m  delta=-0.35 m  CAMERA SEES CLOSER - lidar may be missing this obstacle
[ 1134.3s] CAMERA/LIDAR DISAGREE - lidar=0.84 m  camera=0.48 m  delta=-0.36 m  CAMERA SEES CLOSER - lidar may be missing this obstacle
[ 1134.8s] CAMERA/LIDAR DISAGREE - lidar=0.83 m  camera=0.48 m  delta=-0.35 m  CAMERA SEES CLOSER - lidar may be missing this obstacle
[ 1145.3s] CAMERA/LIDAR DISAGREE - lidar=0.83 m  camera=0.48 m  delta=-0.35 m  CAMERA SEES CLOSER - lidar may be missing this obstacle
[ 1145.8s] CAMERA/LIDAR DISAGREE - lidar=0.83 m  camera=0.48 m  delta=-0.35 m  CAMERA SEES CLOSER - lidar may be missing this obstacle
[ 1146.3s] CAMERA/LIDAR DISAGREE - lidar=0.83 m  camera=0.48 m  delta=-0.35 m  CAMERA SEES CLOSER - lidar may be missing this obstacle
[ 1147.3s] CAMERA/LIDAR DISAGREE - lidar=0.83 m  camera=0.48 m  delta=-0.35 m  CAMERA SEES CLOSER - lidar may be missing this obstacle
[ 1170.3s] CAMERA/LIDAR DISAGREE - lidar=0.87 m  camera=0.48 m  delta=-0.39 m  CAMERA SEES CLOSER - lidar may be missing this obstacle
[ 1170.8s] CAMERA/LIDAR DISAGREE - lidar=0.86 m  camera=0.48 m  delta=-0.38 m  CAMERA SEES CLOSER - lidar may be missing this obstacle
[ 1171.3s] CAMERA/LIDAR DISAGREE - lidar=0.87 m  camera=0.48 m  delta=-0.39 m  CAMERA SEES CLOSER - lidar may be missing this obstacle
[ 1172.3s] CAMERA/LIDAR DISAGREE - lidar=0.85 m  camera=0.48 m  delta=-0.37 m  CAMERA SEES CLOSER - lidar may be missing this obstacle
[ 1175.8s] CAMERA/LIDAR DISAGREE - lidar=0.83 m  camera=0.48 m  delta=-0.35 m  CAMERA SEES CLOSER - lidar may be missing this obstacle
[ 1176.3s] CAMERA/LIDAR DISAGREE - lidar=0.85 m  camera=0.48 m  delta=-0.37 m  CAMERA SEES CLOSER - lidar may be missing this obstacle
[ 1177.3s] CAMERA/LIDAR DISAGREE - lidar=0.81 m  camera=0.48 m  delta=-0.33 m  CAMERA SEES CLOSER - lidar may be missing this obstacle
[ 1177.8s] CAMERA/LIDAR DISAGREE - lidar=0.80 m  camera=0.48 m  delta=-0.32 m  CAMERA SEES CLOSER - lidar may be missing this obstacle
[ 1178.3s] CAMERA/LIDAR DISAGREE - lidar=0.80 m  camera=0.48 m  delta=-0.32 m  CAMERA SEES CLOSER - lidar may be missing this obstacle
[ 1178.8s] CAMERA/LIDAR DISAGREE - lidar=0.81 m  camera=0.48 m  delta=-0.33 m  CAMERA SEES CLOSER - lidar may be missing this obstacle
[ 1179.3s] CAMERA/LIDAR DISAGREE - lidar=0.80 m  camera=0.48 m  delta=-0.32 m  CAMERA SEES CLOSER - lidar may be missing this obstacle
[ 1179.8s] CAMERA/LIDAR DISAGREE - lidar=0.80 m  camera=0.48 m  delta=-0.33 m  CAMERA SEES CLOSER - lidar may be missing this obstacle
[ 1181.3s] CAMERA/LIDAR DISAGREE - lidar=0.80 m  camera=0.48 m  delta=-0.32 m  CAMERA SEES CLOSER - lidar may be missing this obstacle
[ 1185.8s] CAMERA/LIDAR DISAGREE - lidar=0.80 m  camera=0.48 m  delta=-0.32 m  CAMERA SEES CLOSER - lidar may be missing this obstacle
[ 1186.3s] CAMERA/LIDAR DISAGREE - lidar=0.78 m  camera=0.48 m  delta=-0.30 m  CAMERA SEES CLOSER - lidar may be missing this obstacle
[ 1186.8s] CAMERA/LIDAR DISAGREE - lidar=0.78 m  camera=0.48 m  delta=-0.30 m  CAMERA SEES CLOSER - lidar may be missing this obstacle
[ 1187.8s] CAMERA/LIDAR DISAGREE - lidar=0.96 m  camera=0.48 m  delta=-0.48 m  CAMERA SEES CLOSER - lidar may be missing this obstacle
[ 1188.3s] CAMERA/LIDAR DISAGREE - lidar=0.98 m  camera=0.48 m  delta=-0.50 m  CAMERA SEES CLOSER - lidar may be missing this obstacle
[ 1189.3s] CAMERA/LIDAR DISAGREE - lidar=0.92 m  camera=0.48 m  delta=-0.43 m  CAMERA SEES CLOSER - lidar may be missing this obstacle
[ 1192.8s] CAMERA/LIDAR DISAGREE - lidar=0.96 m  camera=0.48 m  delta=-0.47 m  CAMERA SEES CLOSER - lidar may be missing this obstacle
[ 1193.3s] CAMERA/LIDAR DISAGREE - lidar=0.96 m  camera=0.48 m  delta=-0.47 m  CAMERA SEES CLOSER - lidar may be missing this obstacle
[ 1193.8s] CAMERA/LIDAR DISAGREE - lidar=0.96 m  camera=0.48 m  delta=-0.48 m  CAMERA SEES CLOSER - lidar may be missing this obstacle
[ 1194.3s] CAMERA/LIDAR DISAGREE - lidar=0.96 m  camera=0.48 m  delta=-0.47 m  CAMERA SEES CLOSER - lidar may be missing this obstacle
[ 1194.8s] CAMERA/LIDAR DISAGREE - lidar=0.96 m  camera=0.48 m  delta=-0.48 m  CAMERA SEES CLOSER - lidar may be missing this obstacle
[ 1195.3s] CAMERA/LIDAR DISAGREE - lidar=0.96 m  camera=0.48 m  delta=-0.48 m  CAMERA SEES CLOSER - lidar may be missing this obstacle
[ 1195.8s] CAMERA/LIDAR DISAGREE - lidar=0.96 m  camera=0.48 m  delta=-0.47 m  CAMERA SEES CLOSER - lidar may be missing this obstacle
[ 1196.3s] CAMERA/LIDAR DISAGREE - lidar=0.96 m  camera=0.48 m  delta=-0.47 m  CAMERA SEES CLOSER - lidar may be missing this obstacle
[ 1197.3s] CAMERA/LIDAR DISAGREE - lidar=0.95 m  camera=0.48 m  delta=-0.47 m  CAMERA SEES CLOSER - lidar may be missing this obstacle
[ 1197.8s] CAMERA/LIDAR DISAGREE - lidar=0.96 m  camera=0.48 m  delta=-0.48 m  CAMERA SEES CLOSER - lidar may be missing this obstacle
[ 1198.3s] CAMERA/LIDAR DISAGREE - lidar=0.98 m  camera=0.48 m  delta=-0.50 m  CAMERA SEES CLOSER - lidar may be missing this obstacle
[ 1198.8s] CAMERA/LIDAR DISAGREE - lidar=0.99 m  camera=0.48 m  delta=-0.51 m  CAMERA SEES CLOSER - lidar may be missing this obstacle
[ 1199.3s] CAMERA/LIDAR DISAGREE - lidar=0.98 m  camera=0.48 m  delta=-0.50 m  CAMERA SEES CLOSER - lidar may be missing this obstacle
[ 1199.8s] CAMERA/LIDAR DISAGREE - lidar=0.98 m  camera=0.48 m  delta=-0.50 m  CAMERA SEES CLOSER - lidar may be missing this obstacle
[ 1200.3s] CAMERA/LIDAR DISAGREE - lidar=0.98 m  camera=0.48 m  delta=-0.49 m  CAMERA SEES CLOSER - lidar may be missing this obstacle
[ 1200.8s] CAMERA/LIDAR DISAGREE - lidar=0.97 m  camera=0.48 m  delta=-0.49 m  CAMERA SEES CLOSER - lidar may be missing this obstacle
[ 1201.3s] CAMERA/LIDAR DISAGREE - lidar=0.96 m  camera=0.48 m  delta=-0.47 m  CAMERA SEES CLOSER - lidar may be missing this obstacle
[ 1201.8s] CAMERA/LIDAR DISAGREE - lidar=0.95 m  camera=0.48 m  delta=-0.46 m  CAMERA SEES CLOSER - lidar may be missing this obstacle
[ 1202.3s] CAMERA/LIDAR DISAGREE - lidar=0.92 m  camera=0.48 m  delta=-0.44 m  CAMERA SEES CLOSER - lidar may be missing this obstacle
[ 1202.8s] CAMERA/LIDAR DISAGREE - lidar=0.92 m  camera=0.48 m  delta=-0.44 m  CAMERA SEES CLOSER - lidar may be missing this obstacle
[ 1203.3s] CAMERA/LIDAR DISAGREE - lidar=0.93 m  camera=0.48 m  delta=-0.45 m  CAMERA SEES CLOSER - lidar may be missing this obstacle
[ 1203.8s] CAMERA/LIDAR DISAGREE - lidar=0.95 m  camera=0.48 m  delta=-0.47 m  CAMERA SEES CLOSER - lidar may be missing this obstacle
[ 1204.3s] CAMERA/LIDAR DISAGREE - lidar=0.93 m  camera=0.48 m  delta=-0.45 m  CAMERA SEES CLOSER - lidar may be missing this obstacle
[ 1204.8s] CAMERA/LIDAR DISAGREE - lidar=0.90 m  camera=0.45 m  delta=-0.46 m  CAMERA SEES CLOSER - lidar may be missing this obstacle
[ 1205.3s] CAMERA/LIDAR DISAGREE - lidar=0.87 m  camera=0.46 m  delta=-0.41 m  CAMERA SEES CLOSER - lidar may be missing this obstacle
[ 1205.8s] CAMERA/LIDAR DISAGREE - lidar=0.79 m  camera=0.47 m  delta=-0.32 m  CAMERA SEES CLOSER - lidar may be missing this obstacle
[ 1206.3s] CAMERA/LIDAR DISAGREE - lidar=0.76 m  camera=0.48 m  delta=-0.28 m  CAMERA SEES CLOSER - lidar may be missing this obstacle
[ 1206.8s] CAMERA/LIDAR DISAGREE - lidar=0.82 m  camera=0.48 m  delta=-0.34 m  CAMERA SEES CLOSER - lidar may be missing this obstacle
[ 1207.8s] CAMERA/LIDAR DISAGREE - lidar=0.87 m  camera=0.48 m  delta=-0.38 m  CAMERA SEES CLOSER - lidar may be missing this obstacle
[ 1208.3s] CAMERA/LIDAR DISAGREE - lidar=0.86 m  camera=0.48 m  delta=-0.38 m  CAMERA SEES CLOSER - lidar may be missing this obstacle
[ 1208.8s] CAMERA/LIDAR DISAGREE - lidar=0.87 m  camera=0.48 m  delta=-0.38 m  CAMERA SEES CLOSER - lidar may be missing this obstacle
[ 1209.3s] CAMERA/LIDAR DISAGREE - lidar=0.87 m  camera=0.48 m  delta=-0.39 m  CAMERA SEES CLOSER - lidar may be missing this obstacle
[ 1209.8s] CAMERA/LIDAR DISAGREE - lidar=0.88 m  camera=0.48 m  delta=-0.40 m  CAMERA SEES CLOSER - lidar may be missing this obstacle
[ 1211.8s] CAMERA/LIDAR DISAGREE - lidar=0.85 m  camera=0.48 m  delta=-0.37 m  CAMERA SEES CLOSER - lidar may be missing this obstacle
[ 1212.8s] CAMERA/LIDAR DISAGREE - lidar=0.84 m  camera=0.48 m  delta=-0.36 m  CAMERA SEES CLOSER - lidar may be missing this obstacle
[ 1215.3s] CAMERA/LIDAR DISAGREE - lidar=0.82 m  camera=0.48 m  delta=-0.34 m  CAMERA SEES CLOSER - lidar may be missing this obstacle
[ 1215.8s] CAMERA/LIDAR DISAGREE - lidar=0.82 m  camera=0.48 m  delta=-0.34 m  CAMERA SEES CLOSER - lidar may be missing this obstacle
[ 1216.8s] CAMERA/LIDAR DISAGREE - lidar=0.81 m  camera=0.48 m  delta=-0.32 m  CAMERA SEES CLOSER - lidar may be missing this obstacle
[ 1217.3s] CAMERA/LIDAR DISAGREE - lidar=0.81 m  camera=0.48 m  delta=-0.32 m  CAMERA SEES CLOSER - lidar may be missing this obstacle
[ 1217.8s] CAMERA/LIDAR DISAGREE - lidar=0.81 m  camera=0.48 m  delta=-0.32 m  CAMERA SEES CLOSER - lidar may be missing this obstacle
[ 1218.3s] CAMERA/LIDAR DISAGREE - lidar=0.80 m  camera=0.48 m  delta=-0.32 m  CAMERA SEES CLOSER - lidar may be missing this obstacle
[ 1218.8s] CAMERA/LIDAR DISAGREE - lidar=0.82 m  camera=0.48 m  delta=-0.33 m  CAMERA SEES CLOSER - lidar may be missing this obstacle
[ 1219.3s] CAMERA/LIDAR DISAGREE - lidar=0.85 m  camera=0.48 m  delta=-0.37 m  CAMERA SEES CLOSER - lidar may be missing this obstacle
[ 1219.8s] CAMERA/LIDAR DISAGREE - lidar=0.89 m  camera=0.48 m  delta=-0.41 m  CAMERA SEES CLOSER - lidar may be missing this obstacle
[ 1220.3s] CAMERA/LIDAR DISAGREE - lidar=0.83 m  camera=0.48 m  delta=-0.35 m  CAMERA SEES CLOSER - lidar may be missing this obstacle
[ 1220.8s] CAMERA/LIDAR DISAGREE - lidar=0.72 m  camera=0.48 m  delta=-0.24 m  CAMERA SEES CLOSER - lidar may be missing this obstacle
[ 1221.3s] CAMERA/LIDAR DISAGREE - lidar=0.75 m  camera=0.48 m  delta=-0.27 m  CAMERA SEES CLOSER - lidar may be missing this obstacle
[ 1221.8s] CAMERA/LIDAR DISAGREE - lidar=0.84 m  camera=0.48 m  delta=-0.36 m  CAMERA SEES CLOSER - lidar may be missing this obstacle
[ 1222.3s] CAMERA/LIDAR DISAGREE - lidar=0.87 m  camera=0.48 m  delta=-0.39 m  CAMERA SEES CLOSER - lidar may be missing this obstacle
[ 1222.8s] CAMERA/LIDAR DISAGREE - lidar=0.80 m  camera=0.48 m  delta=-0.32 m  CAMERA SEES CLOSER - lidar may be missing this obstacle
[ 1223.3s] CAMERA/LIDAR DISAGREE - lidar=0.82 m  camera=0.48 m  delta=-0.34 m  CAMERA SEES CLOSER - lidar may be missing this obstacle
[ 1223.8s] CAMERA/LIDAR DISAGREE - lidar=0.81 m  camera=0.48 m  delta=-0.33 m  CAMERA SEES CLOSER - lidar may be missing this obstacle
[ 1224.3s] CAMERA/LIDAR DISAGREE - lidar=0.86 m  camera=0.48 m  delta=-0.38 m  CAMERA SEES CLOSER - lidar may be missing this obstacle
[ 1224.8s] CAMERA/LIDAR DISAGREE - lidar=0.92 m  camera=0.48 m  delta=-0.44 m  CAMERA SEES CLOSER - lidar may be missing this obstacle
[ 1225.3s] CAMERA/LIDAR DISAGREE - lidar=0.95 m  camera=0.48 m  delta=-0.47 m  CAMERA SEES CLOSER - lidar may be missing this obstacle
[ 1225.8s] CAMERA/LIDAR DISAGREE - lidar=0.98 m  camera=0.48 m  delta=-0.49 m  CAMERA SEES CLOSER - lidar may be missing this obstacle
[ 1226.3s] CAMERA/LIDAR DISAGREE - lidar=0.97 m  camera=0.48 m  delta=-0.48 m  CAMERA SEES CLOSER - lidar may be missing this obstacle
[ 1226.8s] CAMERA/LIDAR DISAGREE - lidar=0.95 m  camera=0.48 m  delta=-0.47 m  CAMERA SEES CLOSER - lidar may be missing this obstacle
[ 1227.3s] CAMERA/LIDAR DISAGREE - lidar=0.95 m  camera=0.48 m  delta=-0.47 m  CAMERA SEES CLOSER - lidar may be missing this obstacle
[ 1227.8s] CAMERA/LIDAR DISAGREE - lidar=0.95 m  camera=0.48 m  delta=-0.47 m  CAMERA SEES CLOSER - lidar may be missing this obstacle
[ 1228.3s] CAMERA/LIDAR DISAGREE - lidar=0.95 m  camera=0.48 m  delta=-0.47 m  CAMERA SEES CLOSER - lidar may be missing this obstacle
[ 1228.8s] CAMERA/LIDAR DISAGREE - lidar=0.95 m  camera=0.48 m  delta=-0.47 m  CAMERA SEES CLOSER - lidar may be missing this obstacle
[ 1229.3s] CAMERA/LIDAR DISAGREE - lidar=0.95 m  camera=0.48 m  delta=-0.47 m  CAMERA SEES CLOSER - lidar may be missing this obstacle
[ 1229.8s] CAMERA/LIDAR DISAGREE - lidar=0.94 m  camera=0.48 m  delta=-0.46 m  CAMERA SEES CLOSER - lidar may be missing this obstacle
[ 1230.3s] CAMERA/LIDAR DISAGREE - lidar=0.86 m  camera=0.48 m  delta=-0.38 m  CAMERA SEES CLOSER - lidar may be missing this obstacle
[ 1230.8s] CAMERA/LIDAR DISAGREE - lidar=0.92 m  camera=0.48 m  delta=-0.44 m  CAMERA SEES CLOSER - lidar may be missing this obstacle
[ 1231.3s] CAMERA/LIDAR DISAGREE - lidar=0.93 m  camera=0.48 m  delta=-0.44 m  CAMERA SEES CLOSER - lidar may be missing this obstacle
[ 1231.8s] CAMERA/LIDAR DISAGREE - lidar=0.94 m  camera=0.48 m  delta=-0.45 m  CAMERA SEES CLOSER - lidar may be missing this obstacle
[ 1232.3s] CAMERA/LIDAR DISAGREE - lidar=0.93 m  camera=0.48 m  delta=-0.45 m  CAMERA SEES CLOSER - lidar may be missing this obstacle
[ 1232.8s] CAMERA/LIDAR DISAGREE - lidar=0.93 m  camera=0.48 m  delta=-0.45 m  CAMERA SEES CLOSER - lidar may be missing this obstacle
[ 1233.3s] CAMERA/LIDAR DISAGREE - lidar=0.93 m  camera=0.48 m  delta=-0.44 m  CAMERA SEES CLOSER - lidar may be missing this obstacle
[ 1233.8s] CAMERA/LIDAR DISAGREE - lidar=0.95 m  camera=0.48 m  delta=-0.47 m  CAMERA SEES CLOSER - lidar may be missing this obstacle
[ 1234.3s] CAMERA/LIDAR DISAGREE - lidar=0.96 m  camera=0.48 m  delta=-0.48 m  CAMERA SEES CLOSER - lidar may be missing this obstacle
[ 1234.8s] CAMERA/LIDAR DISAGREE - lidar=0.95 m  camera=0.48 m  delta=-0.47 m  CAMERA SEES CLOSER - lidar may be missing this obstacle
[ 1235.3s] CAMERA/LIDAR DISAGREE - lidar=0.95 m  camera=0.48 m  delta=-0.46 m  CAMERA SEES CLOSER - lidar may be missing this obstacle
[ 1235.8s] CAMERA/LIDAR DISAGREE - lidar=0.95 m  camera=0.48 m  delta=-0.47 m  CAMERA SEES CLOSER - lidar may be missing this obstacle
[ 1236.3s] CAMERA/LIDAR DISAGREE - lidar=0.96 m  camera=0.48 m  delta=-0.47 m  CAMERA SEES CLOSER - lidar may be missing this obstacle
[ 1236.8s] CAMERA/LIDAR DISAGREE - lidar=0.96 m  camera=0.48 m  delta=-0.48 m  CAMERA SEES CLOSER - lidar may be missing this obstacle
[ 1237.3s] CAMERA/LIDAR DISAGREE - lidar=0.93 m  camera=0.48 m  delta=-0.44 m  CAMERA SEES CLOSER - lidar may be missing this obstacle
[ 1237.8s] CAMERA/LIDAR DISAGREE - lidar=0.96 m  camera=0.48 m  delta=-0.48 m  CAMERA SEES CLOSER - lidar may be missing this obstacle
[ 1238.3s] CAMERA/LIDAR DISAGREE - lidar=0.98 m  camera=0.48 m  delta=-0.50 m  CAMERA SEES CLOSER - lidar may be missing this obstacle
[ 1238.8s] CAMERA/LIDAR DISAGREE - lidar=0.96 m  camera=0.48 m  delta=-0.47 m  CAMERA SEES CLOSER - lidar may be missing this obstacle
[ 1239.3s] CAMERA/LIDAR DISAGREE - lidar=0.93 m  camera=0.48 m  delta=-0.45 m  CAMERA SEES CLOSER - lidar may be missing this obstacle
[ 1239.8s] CAMERA/LIDAR DISAGREE - lidar=0.94 m  camera=0.48 m  delta=-0.46 m  CAMERA SEES CLOSER - lidar may be missing this obstacle
[ 1240.3s] CAMERA/LIDAR DISAGREE - lidar=0.88 m  camera=0.48 m  delta=-0.40 m  CAMERA SEES CLOSER - lidar may be missing this obstacle
[ 1240.8s] CAMERA/LIDAR DISAGREE - lidar=0.85 m  camera=0.48 m  delta=-0.37 m  CAMERA SEES CLOSER - lidar may be missing this obstacle
[ 1241.3s] CAMERA/LIDAR DISAGREE - lidar=0.82 m  camera=0.48 m  delta=-0.34 m  CAMERA SEES CLOSER - lidar may be missing this obstacle
[ 1241.8s] CAMERA/LIDAR DISAGREE - lidar=0.78 m  camera=0.48 m  delta=-0.30 m  CAMERA SEES CLOSER - lidar may be missing this obstacle
[ 1242.3s] CAMERA/LIDAR DISAGREE - lidar=0.80 m  camera=0.48 m  delta=-0.32 m  CAMERA SEES CLOSER - lidar may be missing this obstacle
[ 1242.8s] CAMERA/LIDAR DISAGREE - lidar=0.78 m  camera=0.48 m  delta=-0.30 m  CAMERA SEES CLOSER - lidar may be missing this obstacle
[ 1243.3s] CAMERA/LIDAR DISAGREE - lidar=0.76 m  camera=0.48 m  delta=-0.28 m  CAMERA SEES CLOSER - lidar may be missing this obstacle
[ 1243.8s] CAMERA/LIDAR DISAGREE - lidar=0.76 m  camera=0.48 m  delta=-0.28 m  CAMERA SEES CLOSER - lidar may be missing this obstacle
[ 1244.3s] CAMERA/LIDAR DISAGREE - lidar=0.68 m  camera=0.48 m  delta=-0.20 m  CAMERA SEES CLOSER - lidar may be missing this obstacle
[ 1246.8s] CAMERA/LIDAR DISAGREE - lidar=0.74 m  camera=0.48 m  delta=-0.26 m  CAMERA SEES CLOSER - lidar may be missing this obstacle
[ 1247.3s] CAMERA/LIDAR DISAGREE - lidar=0.74 m  camera=0.48 m  delta=-0.26 m  CAMERA SEES CLOSER - lidar may be missing this obstacle
[ 1247.8s] CAMERA/LIDAR DISAGREE - lidar=0.74 m  camera=0.48 m  delta=-0.25 m  CAMERA SEES CLOSER - lidar may be missing this obstacle
[ 1248.3s] CAMERA/LIDAR DISAGREE - lidar=0.76 m  camera=0.48 m  delta=-0.28 m  CAMERA SEES CLOSER - lidar may be missing this obstacle
[ 1248.8s] CAMERA/LIDAR DISAGREE - lidar=0.78 m  camera=0.48 m  delta=-0.30 m  CAMERA SEES CLOSER - lidar may be missing this obstacle
[ 1249.3s] CAMERA/LIDAR DISAGREE - lidar=0.79 m  camera=0.48 m  delta=-0.31 m  CAMERA SEES CLOSER - lidar may be missing this obstacle
[ 1249.8s] CAMERA/LIDAR DISAGREE - lidar=0.80 m  camera=0.48 m  delta=-0.32 m  CAMERA SEES CLOSER - lidar may be missing this obstacle
[ 1250.3s] CAMERA/LIDAR DISAGREE - lidar=0.74 m  camera=0.48 m  delta=-0.26 m  CAMERA SEES CLOSER - lidar may be missing this obstacle
[ 1250.8s] CAMERA/LIDAR DISAGREE - lidar=0.73 m  camera=0.48 m  delta=-0.24 m  CAMERA SEES CLOSER - lidar may be missing this obstacle
[ 1251.3s] CAMERA/LIDAR DISAGREE - lidar=0.77 m  camera=0.48 m  delta=-0.29 m  CAMERA SEES CLOSER - lidar may be missing this obstacle
[ 1251.8s] CAMERA/LIDAR DISAGREE - lidar=0.76 m  camera=0.48 m  delta=-0.28 m  CAMERA SEES CLOSER - lidar may be missing this obstacle
[ 1252.3s] CAMERA/LIDAR DISAGREE - lidar=0.77 m  camera=0.48 m  delta=-0.29 m  CAMERA SEES CLOSER - lidar may be missing this obstacle
[ 1252.8s] CAMERA/LIDAR DISAGREE - lidar=0.77 m  camera=0.48 m  delta=-0.29 m  CAMERA SEES CLOSER - lidar may be missing this obstacle
[ 1253.3s] CAMERA/LIDAR DISAGREE - lidar=0.76 m  camera=0.48 m  delta=-0.28 m  CAMERA SEES CLOSER - lidar may be missing this obstacle
[ 1253.8s] CAMERA/LIDAR DISAGREE - lidar=0.89 m  camera=0.48 m  delta=-0.41 m  CAMERA SEES CLOSER - lidar may be missing this obstacle
[ 1254.3s] CAMERA/LIDAR DISAGREE - lidar=0.85 m  camera=0.48 m  delta=-0.37 m  CAMERA SEES CLOSER - lidar may be missing this obstacle
[ 1254.8s] CAMERA/LIDAR DISAGREE - lidar=0.84 m  camera=0.48 m  delta=-0.36 m  CAMERA SEES CLOSER - lidar may be missing this obstacle
[ 1255.3s] CAMERA/LIDAR DISAGREE - lidar=0.86 m  camera=0.48 m  delta=-0.38 m  CAMERA SEES CLOSER - lidar may be missing this obstacle
[ 1255.8s] CAMERA/LIDAR DISAGREE - lidar=0.86 m  camera=0.48 m  delta=-0.38 m  CAMERA SEES CLOSER - lidar may be missing this obstacle
[ 1256.3s] CAMERA/LIDAR DISAGREE - lidar=0.86 m  camera=0.48 m  delta=-0.38 m  CAMERA SEES CLOSER - lidar may be missing this obstacle
[ 1256.8s] CAMERA/LIDAR DISAGREE - lidar=0.86 m  camera=0.48 m  delta=-0.38 m  CAMERA SEES CLOSER - lidar may be missing this obstacle
[ 1257.3s] CAMERA/LIDAR DISAGREE - lidar=0.86 m  camera=0.48 m  delta=-0.38 m  CAMERA SEES CLOSER - lidar may be missing this obstacle
[ 1257.8s] CAMERA/LIDAR DISAGREE - lidar=0.87 m  camera=0.48 m  delta=-0.38 m  CAMERA SEES CLOSER - lidar may be missing this obstacle
[ 1258.3s] CAMERA/LIDAR DISAGREE - lidar=0.86 m  camera=0.48 m  delta=-0.38 m  CAMERA SEES CLOSER - lidar may be missing this obstacle
[ 1258.8s] CAMERA/LIDAR DISAGREE - lidar=0.87 m  camera=0.48 m  delta=-0.38 m  CAMERA SEES CLOSER - lidar may be missing this obstacle
[ 1259.3s] CAMERA/LIDAR DISAGREE - lidar=0.86 m  camera=0.48 m  delta=-0.38 m  CAMERA SEES CLOSER - lidar may be missing this obstacle
[ 1259.8s] CAMERA/LIDAR DISAGREE - lidar=0.86 m  camera=0.48 m  delta=-0.38 m  CAMERA SEES CLOSER - lidar may be missing this obstacle
[ 1260.3s] CAMERA/LIDAR DISAGREE - lidar=0.86 m  camera=0.48 m  delta=-0.38 m  CAMERA SEES CLOSER - lidar may be missing this obstacle
[ 1260.8s] CAMERA/LIDAR DISAGREE - lidar=0.86 m  camera=0.48 m  delta=-0.38 m  CAMERA SEES CLOSER - lidar may be missing this obstacle
[ 1261.3s] CAMERA/LIDAR DISAGREE - lidar=0.86 m  camera=0.48 m  delta=-0.38 m  CAMERA SEES CLOSER - lidar may be missing this obstacle
[ 1261.8s] CAMERA/LIDAR DISAGREE - lidar=0.86 m  camera=0.48 m  delta=-0.38 m  CAMERA SEES CLOSER - lidar may be missing this obstacle
[ 1262.3s] CAMERA/LIDAR DISAGREE - lidar=0.86 m  camera=0.48 m  delta=-0.38 m  CAMERA SEES CLOSER - lidar may be missing this obstacle
[ 1262.8s] CAMERA/LIDAR DISAGREE - lidar=0.86 m  camera=0.48 m  delta=-0.38 m  CAMERA SEES CLOSER - lidar may be missing this obstacle
[ 1263.3s] CAMERA/LIDAR DISAGREE - lidar=0.87 m  camera=0.48 m  delta=-0.39 m  CAMERA SEES CLOSER - lidar may be missing this obstacle
[ 1263.8s] CAMERA/LIDAR DISAGREE - lidar=0.86 m  camera=0.48 m  delta=-0.38 m  CAMERA SEES CLOSER - lidar may be missing this obstacle
[ 1264.3s] CAMERA/LIDAR DISAGREE - lidar=0.86 m  camera=0.48 m  delta=-0.38 m  CAMERA SEES CLOSER - lidar may be missing this obstacle
[ 1264.8s] CAMERA/LIDAR DISAGREE - lidar=0.86 m  camera=0.48 m  delta=-0.38 m  CAMERA SEES CLOSER - lidar may be missing this obstacle
[ 1265.3s] CAMERA/LIDAR DISAGREE - lidar=0.86 m  camera=0.48 m  delta=-0.38 m  CAMERA SEES CLOSER - lidar may be missing this obstacle
[ 1265.8s] CAMERA/LIDAR DISAGREE - lidar=0.86 m  camera=0.48 m  delta=-0.38 m  CAMERA SEES CLOSER - lidar may be missing this obstacle
[ 1266.3s] CAMERA/LIDAR DISAGREE - lidar=0.87 m  camera=0.48 m  delta=-0.38 m  CAMERA SEES CLOSER - lidar may be missing this obstacle
[ 1266.8s] CAMERA/LIDAR DISAGREE - lidar=0.87 m  camera=0.48 m  delta=-0.39 m  CAMERA SEES CLOSER - lidar may be missing this obstacle
[ 1267.3s] CAMERA/LIDAR DISAGREE - lidar=0.80 m  camera=0.48 m  delta=-0.32 m  CAMERA SEES CLOSER - lidar may be missing this obstacle
[ 1267.8s] CAMERA/LIDAR DISAGREE - lidar=0.85 m  camera=0.48 m  delta=-0.37 m  CAMERA SEES CLOSER - lidar may be missing this obstacle
[ 1268.3s] CAMERA/LIDAR DISAGREE - lidar=0.85 m  camera=0.48 m  delta=-0.37 m  CAMERA SEES CLOSER - lidar may be missing this obstacle
[ 1268.8s] CAMERA/LIDAR DISAGREE - lidar=0.85 m  camera=0.48 m  delta=-0.37 m  CAMERA SEES CLOSER - lidar may be missing this obstacle
[ 1269.3s] CAMERA/LIDAR DISAGREE - lidar=0.86 m  camera=0.48 m  delta=-0.38 m  CAMERA SEES CLOSER - lidar may be missing this obstacle
[ 1269.8s] CAMERA/LIDAR DISAGREE - lidar=0.85 m  camera=0.48 m  delta=-0.37 m  CAMERA SEES CLOSER - lidar may be missing this obstacle
[ 1270.3s] CAMERA/LIDAR DISAGREE - lidar=0.87 m  camera=0.48 m  delta=-0.39 m  CAMERA SEES CLOSER - lidar may be missing this obstacle
[ 1270.8s] CAMERA/LIDAR DISAGREE - lidar=0.85 m  camera=0.48 m  delta=-0.37 m  CAMERA SEES CLOSER - lidar may be missing this obstacle
[ 1271.3s] CAMERA/LIDAR DISAGREE - lidar=0.83 m  camera=0.48 m  delta=-0.35 m  CAMERA SEES CLOSER - lidar may be missing this obstacle
[ 1271.8s] CAMERA/LIDAR DISAGREE - lidar=0.80 m  camera=0.48 m  delta=-0.32 m  CAMERA SEES CLOSER - lidar may be missing this obstacle
[ 1273.3s] CAMERA/LIDAR DISAGREE - lidar=0.69 m  camera=0.48 m  delta=-0.21 m  CAMERA SEES CLOSER - lidar may be missing this obstacle
[ 1273.8s] CAMERA/LIDAR DISAGREE - lidar=0.69 m  camera=0.48 m  delta=-0.21 m  CAMERA SEES CLOSER - lidar may be missing this obstacle
[ 1274.3s] CAMERA/LIDAR DISAGREE - lidar=0.71 m  camera=0.48 m  delta=-0.23 m  CAMERA SEES CLOSER - lidar may be missing this obstacle
[ 1274.8s] CAMERA/LIDAR DISAGREE - lidar=0.70 m  camera=0.48 m  delta=-0.22 m  CAMERA SEES CLOSER - lidar may be missing this obstacle
[ 1275.3s] CAMERA/LIDAR DISAGREE - lidar=0.71 m  camera=0.48 m  delta=-0.23 m  CAMERA SEES CLOSER - lidar may be missing this obstacle
[ 1275.8s] CAMERA/LIDAR DISAGREE - lidar=0.70 m  camera=0.48 m  delta=-0.22 m  CAMERA SEES CLOSER - lidar may be missing this obstacle
[ 1276.3s] CAMERA/LIDAR DISAGREE - lidar=0.69 m  camera=0.48 m  delta=-0.20 m  CAMERA SEES CLOSER - lidar may be missing this obstacle
[ 1276.8s] CAMERA/LIDAR DISAGREE - lidar=0.69 m  camera=0.48 m  delta=-0.21 m  CAMERA SEES CLOSER - lidar may be missing this obstacle
[ 1277.3s] CAMERA/LIDAR DISAGREE - lidar=0.70 m  camera=0.48 m  delta=-0.22 m  CAMERA SEES CLOSER - lidar may be missing this obstacle
[ 1277.8s] CAMERA/LIDAR DISAGREE - lidar=0.71 m  camera=0.48 m  delta=-0.23 m  CAMERA SEES CLOSER - lidar may be missing this obstacle
[ 1278.3s] CAMERA/LIDAR DISAGREE - lidar=0.70 m  camera=0.48 m  delta=-0.22 m  CAMERA SEES CLOSER - lidar may be missing this obstacle
[ 1278.8s] CAMERA/LIDAR DISAGREE - lidar=0.72 m  camera=0.48 m  delta=-0.24 m  CAMERA SEES CLOSER - lidar may be missing this obstacle
[ 1279.3s] CAMERA/LIDAR DISAGREE - lidar=0.70 m  camera=0.48 m  delta=-0.22 m  CAMERA SEES CLOSER - lidar may be missing this obstacle
[ 1279.8s] CAMERA/LIDAR DISAGREE - lidar=0.72 m  camera=0.48 m  delta=-0.24 m  CAMERA SEES CLOSER - lidar may be missing this obstacle
[ 1280.3s] CAMERA/LIDAR DISAGREE - lidar=0.72 m  camera=0.48 m  delta=-0.24 m  CAMERA SEES CLOSER - lidar may be missing this obstacle
[ 1280.8s] CAMERA/LIDAR DISAGREE - lidar=0.74 m  camera=0.48 m  delta=-0.26 m  CAMERA SEES CLOSER - lidar may be missing this obstacle
[ 1285.3s] CAMERA/LIDAR DISAGREE - lidar=0.74 m  camera=0.48 m  delta=-0.26 m  CAMERA SEES CLOSER - lidar may be missing this obstacle
[ 1285.8s] CAMERA/LIDAR DISAGREE - lidar=0.74 m  camera=0.48 m  delta=-0.26 m  CAMERA SEES CLOSER - lidar may be missing this obstacle
[ 1286.3s] CAMERA/LIDAR DISAGREE - lidar=0.73 m  camera=0.48 m  delta=-0.25 m  CAMERA SEES CLOSER - lidar may be missing this obstacle
[ 1286.8s] CAMERA/LIDAR DISAGREE - lidar=0.73 m  camera=0.48 m  delta=-0.25 m  CAMERA SEES CLOSER - lidar may be missing this obstacle
[ 1287.3s] CAMERA/LIDAR DISAGREE - lidar=0.74 m  camera=0.48 m  delta=-0.26 m  CAMERA SEES CLOSER - lidar may be missing this obstacle
[ 1287.8s] CAMERA/LIDAR DISAGREE - lidar=0.72 m  camera=0.48 m  delta=-0.24 m  CAMERA SEES CLOSER - lidar may be missing this obstacle
[ 1288.3s] CAMERA/LIDAR DISAGREE - lidar=0.73 m  camera=0.48 m  delta=-0.25 m  CAMERA SEES CLOSER - lidar may be missing this obstacle
[ 1288.8s] CAMERA/LIDAR DISAGREE - lidar=0.74 m  camera=0.48 m  delta=-0.25 m  CAMERA SEES CLOSER - lidar may be missing this obstacle
[ 1289.3s] CAMERA/LIDAR DISAGREE - lidar=0.75 m  camera=0.48 m  delta=-0.27 m  CAMERA SEES CLOSER - lidar may be missing this obstacle
[ 1289.8s] CAMERA/LIDAR DISAGREE - lidar=0.78 m  camera=0.48 m  delta=-0.29 m  CAMERA SEES CLOSER - lidar may be missing this obstacle
[ 1290.3s] CAMERA/LIDAR DISAGREE - lidar=0.78 m  camera=0.48 m  delta=-0.30 m  CAMERA SEES CLOSER - lidar may be missing this obstacle
[ 1290.8s] CAMERA/LIDAR DISAGREE - lidar=0.78 m  camera=0.48 m  delta=-0.30 m  CAMERA SEES CLOSER - lidar may be missing this obstacle
[ 1291.3s] CAMERA/LIDAR DISAGREE - lidar=0.78 m  camera=0.48 m  delta=-0.30 m  CAMERA SEES CLOSER - lidar may be missing this obstacle
[ 1291.8s] CAMERA/LIDAR DISAGREE - lidar=0.78 m  camera=0.48 m  delta=-0.30 m  CAMERA SEES CLOSER - lidar may be missing this obstacle
[ 1292.3s] CAMERA/LIDAR DISAGREE - lidar=0.78 m  camera=0.48 m  delta=-0.30 m  CAMERA SEES CLOSER - lidar may be missing this obstacle
[ 1292.8s] CAMERA/LIDAR DISAGREE - lidar=0.73 m  camera=0.48 m  delta=-0.25 m  CAMERA SEES CLOSER - lidar may be missing this obstacle
[ 1293.3s] CAMERA/LIDAR DISAGREE - lidar=0.72 m  camera=0.48 m  delta=-0.24 m  CAMERA SEES CLOSER - lidar may be missing this obstacle
[ 1293.8s] CAMERA/LIDAR DISAGREE - lidar=0.78 m  camera=0.48 m  delta=-0.30 m  CAMERA SEES CLOSER - lidar may be missing this obstacle
[ 1294.3s] CAMERA/LIDAR DISAGREE - lidar=0.78 m  camera=0.48 m  delta=-0.29 m  CAMERA SEES CLOSER - lidar may be missing this obstacle
[ 1294.8s] CAMERA/LIDAR DISAGREE - lidar=0.75 m  camera=0.48 m  delta=-0.27 m  CAMERA SEES CLOSER - lidar may be missing this obstacle
[ 1295.3s] CAMERA/LIDAR DISAGREE - lidar=0.74 m  camera=0.48 m  delta=-0.26 m  CAMERA SEES CLOSER - lidar may be missing this obstacle
[ 1295.8s] CAMERA/LIDAR DISAGREE - lidar=0.74 m  camera=0.48 m  delta=-0.26 m  CAMERA SEES CLOSER - lidar may be missing this obstacle
[ 1296.3s] CAMERA/LIDAR DISAGREE - lidar=0.71 m  camera=0.48 m  delta=-0.23 m  CAMERA SEES CLOSER - lidar may be missing this obstacle
[ 1296.8s] CAMERA/LIDAR DISAGREE - lidar=0.73 m  camera=0.48 m  delta=-0.25 m  CAMERA SEES CLOSER - lidar may be missing this obstacle
[ 1297.3s] CAMERA/LIDAR DISAGREE - lidar=0.73 m  camera=0.48 m  delta=-0.25 m  CAMERA SEES CLOSER - lidar may be missing this obstacle
[ 1298.3s] CAMERA/LIDAR DISAGREE - lidar=0.72 m  camera=0.48 m  delta=-0.24 m  CAMERA SEES CLOSER - lidar may be missing this obstacle
[ 1307.8s] CAMERA/LIDAR DISAGREE - lidar=0.87 m  camera=0.43 m  delta=-0.44 m  CAMERA SEES CLOSER - lidar may be missing this obstacle
[ 1318.8s] CAMERA/LIDAR DISAGREE - lidar=0.86 m  camera=0.42 m  delta=-0.44 m  CAMERA SEES CLOSER - lidar may be missing this obstacle
[ 1320.3s] CAMERA/LIDAR DISAGREE - lidar=0.86 m  camera=0.42 m  delta=-0.44 m  CAMERA SEES CLOSER - lidar may be missing this obstacle
[ 1320.8s] CAMERA/LIDAR DISAGREE - lidar=0.86 m  camera=0.42 m  delta=-0.43 m  CAMERA SEES CLOSER - lidar may be missing this obstacle
[ 1322.8s] CAMERA/LIDAR DISAGREE - lidar=0.86 m  camera=0.42 m  delta=-0.44 m  CAMERA SEES CLOSER - lidar may be missing this obstacle
[ 1324.3s] CAMERA/LIDAR DISAGREE - lidar=0.86 m  camera=0.42 m  delta=-0.44 m  CAMERA SEES CLOSER - lidar may be missing this obstacle
[ 1325.2s] === run ended - 0 auto-stop events ===
