t,min_range,blocked,lidar_range,camera_range,agree,cmd_in_vx,cmd_in_vy,cmd_in_wz,cmd_out_vx,cmd_out_vy,cmd_out_wz,odom_x,odom_y
0.21,nan,0,nan,nan,0,0.000,0.000,0.000,0.000,0.000,0.000,0.000,0.000
0.41,nan,0,nan,nan,0,0.000,0.000,0.000,0.000,0.000,0.000,0.000,0.000
0.61,nan,0,nan,nan,0,0.000,0.000,0.000,0.000,0.000,0.000,0.000,0.000
0.81,nan,0,nan,nan,0,0.000,0.000,0.000,0.000,0.000,0.000,0.000,0.000
1.01,nan,0,nan,nan,0,0.000,0.000,0.000,0.000,0.000,0.000,0.000,0.000
1.21,nan,0,nan,nan,0,0.000,0.000,0.000,0.000,0.000,0.000,0.000,0.000
1.41,nan,0,nan,nan,0,0.000,0.000,0.000,0.000,0.000,0.000,0.000,0.000
1.61,nan,0,nan,nan,0,0.000,0.000,0.000,0.000,0.000,0.000,0.000,0.000
1.81,nan,0,nan,nan,0,0.000,0.000,0.000,0.000,0.000,0.000,0.000,0.000
2.01,0.419,0,0.472,nan,0,0.000,0.000,0.000,0.000,0.000,0.000,0.000,0.000
2.21,0.417,0,0.472,nan,0,0.000,0.000,0.000,0.000,0.000,0.000,0.000,0.000
2.41,0.419,0,0.472,nan,0,0.000,0.000,0.000,0.000,0.000,0.000,0.000,0.000
2.61,0.106,0,0.472,nan,0,0.000,0.000,0.000,0.000,0.000,0.000,0.000,0.000
2.81,0.106,0,0.472,nan,0,0.000,0.000,0.000,0.000,0.000,0.000,0.000,0.000
3.01,0.419,0,0.469,nan,0,0.000,0.000,0.000,0.000,0.000,0.000,-0.003,-0.003
3.21,0.105,0,0.469,nan,0,0.000,0.000,0.000,0.000,0.000,0.000,-0.003,-0.003
3.41,0.419,0,0.472,0.559,1,0.000,0.000,0.000,0.000,0.000,0.000,-0.000,-0.002
3.61,0.415,0,0.472,0.559,1,0.000,0.000,0.000,0.000,0.000,0.000,0.001,-0.002
3.81,0.415,0,0.472,0.559,1,0.000,0.000,0.000,0.000,0.000,0.000,-0.004,0.002
4.01,0.104,0,0.472,0.558,1,0.000,0.000,0.000,0.000,0.000,0.000,-0.002,-0.000
4.21,0.106,0,0.472,0.558,1,0.000,0.000,0.000,0.000,0.000,0.000,-0.002,-0.000
4.41,0.415,0,0.472,0.558,1,0.000,0.000,0.000,0.000,0.000,0.000,0.001,0.000
4.61,0.106,0,0.472,0.558,1,0.000,0.000,0.000,0.000,0.000,0.000,0.001,-0.004
4.81,0.106,0,0.472,0.558,1,0.000,0.000,0.000,0.000,0.000,0.000,-0.002,-0.002
5.01,0.417,0,0.471,0.558,1,0.000,0.000,0.000,0.000,0.000,0.000,0.002,-0.003
5.21,0.417,0,0.471,0.558,1,0.000,0.000,0.000,0.000,0.000,0.000,0.002,-0.003
5.41,0.419,0,0.472,0.559,1,0.000,0.000,0.000,0.000,0.000,0.000,-0.001,-0.003
5.61,0.415,0,0.472,0.559,1,0.000,0.000,0.000,0.000,0.000,0.000,-0.004,0.000
5.81,0.415,0,0.472,0.559,1,0.000,0.000,0.000,0.000,0.000,0.000,-0.004,0.003
6.01,0.415,0,0.471,0.558,1,0.000,0.000,0.000,0.000,0.000,0.000,-0.004,0.003
6.21,0.416,0,0.471,0.558,1,0.000,0.000,0.000,0.000,0.000,0.000,-0.005,0.001
6.41,0.106,0,0.472,0.558,1,0.000,0.000,0.000,0.000,0.000,0.000,0.002,-0.001
6.61,0.415,0,0.472,0.558,1,0.000,0.000,0.000,0.000,0.000,0.000,-0.003,-0.002
6.81,0.415,0,0.472,0.558,1,0.000,0.000,0.000,0.000,0.000,0.000,-0.003,0.001
7.01,0.415,0,0.472,0.557,1,0.000,0.000,0.000,0.000,0.000,0.000,-0.003,0.001
7.21,0.417,0,0.472,0.557,1,0.000,0.000,0.000,0.000,0.000,0.000,-0.007,-0.007
7.41,0.105,0,0.471,0.558,1,0.000,0.000,0.000,0.000,0.000,0.000,-0.003,-0.015
7.61,0.417,0,0.471,0.558,1,0.000,0.000,0.000,0.000,0.000,0.000,-0.007,-0.000
7.81,0.417,0,0.471,0.558,1,0.000,0.000,0.000,0.000,0.000,0.000,-0.002,-0.003
8.01,0.417,0,0.471,0.559,1,0.000,0.000,0.000,0.000,0.000,0.000,-0.002,-0.003
8.21,0.106,0,0.471,0.559,1,0.000,0.000,0.000,0.000,0.000,0.000,-0.001,-0.002
8.41,0.105,0,0.472,0.558,1,0.000,0.000,0.000,0.000,0.000,0.000,-0.005,-0.003
8.61,0.415,0,0.472,0.558,1,0.000,0.000,0.000,0.000,0.000,0.000,-0.002,-0.001
8.81,0.415,0,0.472,0.558,1,0.000,0.000,0.000,0.000,0.000,0.000,-0.000,-0.004
9.01,0.417,0,0.471,0.558,1,0.000,0.000,0.000,0.000,0.000,0.000,-0.000,-0.004
9.21,0.415,0,0.471,0.558,1,0.000,0.000,0.000,0.000,0.000,0.000,0.000,-0.001
9.41,0.416,0,0.469,0.558,1,0.000,0.000,0.000,0.000,0.000,0.000,-0.004,0.000
9.61,0.419,0,0.469,0.558,1,0.000,0.000,0.000,0.000,0.000,0.000,0.003,-0.002
9.81,0.419,0,0.469,0.558,1,0.000,0.000,0.000,0.000,0.000,0.000,-0.003,0.002
10.01,0.105,0,0.472,0.558,1,0.000,0.000,0.000,0.000,0.000,0.000,-0.003,0.002
10.21,0.417,0,0.472,0.558,1,0.000,0.000,0.000,0.000,0.000,0.000,-0.004,0.001
10.41,0.415,0,0.472,0.558,1,0.000,0.000,0.000,0.000,0.000,0.000,-0.005,-0.001
10.61,0.415,0,0.472,0.558,1,0.000,0.000,0.000,0.000,0.000,0.000,-0.002,-0.003
10.81,0.415,0,0.472,0.558,1,0.000,0.000,0.000,0.000,0.000,0.000,-0.000,-0.002
11.01,0.415,0,0.472,0.558,1,0.000,0.000,0.000,0.000,0.000,0.000,-0.000,-0.002
11.21,0.415,0,0.472,0.558,1,0.000,0.000,0.000,0.000,0.000,0.000,-0.001,-0.002
11.41,0.415,0,0.470,0.558,1,0.000,0.000,0.000,0.000,0.000,0.000,-0.006,-0.001
11.61,0.415,0,0.470,0.558,1,0.000,0.000,0.000,0.000,0.000,0.000,-0.003,0.001
11.81,0.417,0,0.470,0.558,1,0.000,0.000,0.000,0.000,0.000,0.000,0.001,-0.002
12.01,0.106,0,0.473,0.559,1,0.000,0.000,0.000,0.000,0.000,0.000,0.001,-0.002
12.21,0.417,0,0.473,0.559,1,0.000,0.000,0.000,0.000,0.000,0.000,-0.002,-0.000
12.41,0.417,0,0.471,0.558,1,0.000,0.000,0.000,0.000,0.000,0.000,-0.002,-0.001
12.61,0.417,0,0.471,0.558,1,0.000,0.000,0.000,0.000,0.000,0.000,0.005,-0.001
12.81,0.415,0,0.471,0.558,1,0.000,0.000,0.000,0.000,0.000,0.000,0.001,-0.001
13.01,0.417,0,0.472,0.558,1,0.000,0.000,0.000,0.000,0.000,0.000,0.001,-0.001
13.21,0.417,0,0.472,0.558,1,0.000,0.000,0.000,0.000,0.000,0.000,0.002,-0.002
13.41,0.106,0,0.471,0.558,1,0.000,0.000,0.000,0.000,0.000,0.000,-0.004,0.004
13.61,0.106,0,0.471,0.558,1,0.000,0.000,0.000,0.000,0.000,0.000,-0.000,-0.001
13.81,0.417,0,0.471,0.558,1,0.000,0.000,0.000,0.000,0.000,0.000,0.002,-0.003
14.01,0.417,0,0.472,0.558,1,0.000,0.000,0.000,0.000,0.000,0.000,0.002,-0.003
14.21,0.105,0,0.472,0.558,1,0.000,0.000,0.000,0.000,0.000,0.000,0.002,-0.002
14.41,0.106,0,0.472,0.558,1,0.000,0.000,0.000,0.000,0.000,0.000,-0.001,-0.002
14.61,0.106,0,0.472,0.558,1,0.000,0.000,0.000,0.000,0.000,0.000,0.001,-0.003
14.81,0.415,0,0.472,0.558,1,0.000,0.000,0.000,0.000,0.000,0.000,0.001,-0.003
15.01,0.416,0,0.472,0.558,1,0.000,0.000,0.000,0.000,0.000,0.000,-0.006,-0.002
15.21,0.417,0,0.472,0.558,1,0.000,0.000,0.000,0.000,0.000,0.000,-0.002,-0.006
15.41,0.415,0,0.472,0.558,1,0.000,0.000,0.000,0.000,0.000,0.000,-0.007,-0.003
15.61,0.415,0,0.472,0.558,1,0.000,0.000,0.000,0.000,0.000,0.000,-0.003,-0.004
15.81,0.105,0,0.472,0.558,1,0.000,0.000,0.000,0.000,0.000,0.000,-0.003,-0.004
16.01,0.105,0,0.472,0.558,1,0.000,0.000,0.000,0.000,0.000,0.000,-0.001,-0.000
16.21,0.106,0,0.472,0.558,1,0.000,0.000,0.000,0.000,0.000,0.000,0.000,-0.002
16.41,0.106,0,0.470,0.559,1,0.000,0.000,0.000,0.000,0.000,0.000,-0.002,-0.005
16.61,0.106,0,0.470,0.559,1,0.000,0.000,0.000,0.000,0.000,0.000,-0.002,-0.005
16.81,0.419,0,0.470,0.559,1,0.000,0.000,0.000,0.000,0.000,0.000,-0.002,-0.005
17.01,0.415,0,0.473,0.558,1,0.000,0.000,0.000,0.000,0.000,0.000,-0.003,-0.001
17.21,0.417,0,0.473,0.558,1,0.000,0.000,0.000,0.000,0.000,0.000,-0.006,0.001
17.41,0.104,0,0.472,0.558,1,0.000,0.000,0.000,0.000,0.000,0.000,0.002,-0.004
17.61,0.104,0,0.472,0.558,1,0.000,0.000,0.000,0.000,0.000,0.000,-0.009,-0.000
17.81,0.108,0,0.472,0.558,1,0.000,0.000,0.000,0.000,0.000,0.000,-0.009,-0.000
18.01,0.415,0,0.473,0.559,1,0.000,0.000,0.000,0.000,0.000,0.000,-0.003,-0.001
18.21,0.106,0,0.473,0.559,1,0.000,0.000,0.000,0.000,0.000,0.000,0.001,-0.003
18.41,0.105,0,0.473,0.558,1,0.000,0.000,0.000,0.000,0.000,0.000,0.000,-0.001
18.61,0.105,0,0.473,0.558,1,0.000,0.000,0.000,0.000,0.000,0.000,-0.007,0.004
18.81,0.415,0,0.473,0.558,1,0.000,0.000,0.000,0.000,0.000,0.000,-0.007,0.004
19.01,0.415,0,0.472,0.558,1,0.000,0.000,0.000,0.000,0.000,0.000,-0.006,-0.000
19.21,0.417,0,0.472,0.558,1,0.000,0.000,0.000,0.000,0.000,0.000,-0.007,-0.002
19.41,0.417,0,0.471,0.558,1,0.000,0.000,0.000,0.000,0.000,0.000,-0.006,-0.002
19.61,0.415,0,0.471,0.558,1,0.000,0.000,0.000,0.000,0.000,0.000,-0.008,-0.004
19.81,0.415,0,0.471,0.558,1,0.000,0.000,0.000,0.000,0.000,0.000,-0.008,-0.004
20.01,0.417,0,0.472,0.558,1,0.000,0.000,0.000,0.000,0.000,0.000,-0.001,-0.000
20.21,0.417,0,0.472,0.558,1,0.000,0.000,0.000,0.000,0.000,0.000,-0.004,0.002
20.41,0.417,0,0.472,0.558,1,0.000,0.000,0.000,0.000,0.000,0.000,-0.009,0.002
20.61,0.416,0,0.472,0.558,1,0.000,0.000,0.000,0.000,0.000,0.000,-0.006,-0.003
20.81,0.105,0,0.472,0.558,1,0.000,0.000,0.000,0.000,0.000,0.000,-0.006,-0.003
21.01,0.105,0,0.472,0.559,1,0.000,0.000,0.000,0.000,0.000,0.000,-0.003,-0.003
21.21,0.415,0,0.472,0.559,1,0.000,0.000,0.000,0.000,0.000,0.000,-0.002,-0.006
21.41,0.415,0,0.470,0.558,1,0.000,0.000,0.000,0.000,0.000,0.000,-0.013,-0.001
21.61,0.417,0,0.470,0.558,1,0.000,0.000,0.000,0.000,0.000,0.000,-0.003,-0.003
21.81,0.416,0,0.470,0.558,1,0.000,0.000,0.000,0.000,0.000,0.000,-0.003,-0.003
22.01,0.415,0,0.472,0.559,1,0.000,0.000,0.000,0.000,0.000,0.000,0.001,-0.002
22.21,0.417,0,0.472,0.559,1,0.000,0.000,0.000,0.000,0.000,0.000,-0.005,-0.004
22.41,0.417,0,0.472,0.559,1,0.000,0.000,0.000,0.000,0.000,0.000,-0.001,-0.007
22.61,0.415,0,0.472,0.559,1,0.000,0.000,0.000,0.000,0.000,0.000,-0.001,-0.007
22.81,0.106,0,0.472,0.559,1,0.000,0.000,0.000,0.000,0.000,0.000,-0.003,-0.002
23.01,0.417,0,0.471,0.559,1,0.000,0.000,0.000,0.000,0.000,0.000,-0.006,0.001
23.21,0.417,0,0.471,0.559,1,0.000,0.000,0.000,0.000,0.000,0.000,-0.014,-0.004
23.41,0.417,0,0.472,0.559,1,0.000,0.000,0.000,0.000,0.000,0.000,-0.001,-0.005
23.61,0.417,0,0.472,0.559,1,0.000,0.000,0.000,0.000,0.000,0.000,-0.001,-0.005
23.81,0.415,0,0.472,0.559,1,0.000,0.000,0.000,0.000,0.000,0.000,-0.004,-0.003
24.01,0.416,0,0.472,0.558,1,0.000,0.000,0.000,0.000,0.000,0.000,-0.001,-0.008
24.21,0.105,0,0.472,0.558,1,0.000,0.000,0.000,0.000,0.000,0.000,-0.009,-0.004
24.41,0.105,0,0.472,0.559,1,0.000,0.000,0.000,0.000,0.000,0.000,-0.006,-0.003
24.61,0.417,0,0.472,0.559,1,0.000,0.000,0.000,0.000,0.000,0.000,-0.006,-0.003
24.81,0.106,0,0.472,0.559,1,0.000,0.000,0.000,0.000,0.000,0.000,-0.003,-0.010
25.01,0.415,0,0.471,0.559,1,0.000,0.000,0.000,0.000,0.000,0.000,-0.005,-0.006
25.21,0.417,0,0.471,0.559,1,0.000,0.000,0.000,0.000,0.000,0.000,-0.004,-0.004
25.41,0.417,0,0.471,0.558,1,0.000,0.000,0.000,0.000,0.000,0.000,-0.002,-0.001
25.61,0.106,0,0.471,0.558,1,0.000,0.000,0.000,0.000,0.000,0.000,-0.002,-0.001
25.81,0.106,0,0.471,0.558,1,0.000,0.000,0.000,0.000,0.000,0.000,-0.001,-0.003
26.01,0.417,0,0.472,0.559,1,0.000,0.000,0.000,0.000,0.000,0.000,-0.004,-0.006
26.21,0.417,0,0.472,0.559,1,0.000,0.000,0.000,0.000,0.000,0.000,-0.002,-0.005
26.41,0.415,0,0.471,0.559,1,0.000,0.000,0.000,0.000,0.000,0.000,-0.003,-0.004
26.61,0.419,0,0.471,0.559,1,0.000,0.000,0.000,0.000,0.000,0.000,-0.003,-0.004
26.81,0.106,0,0.471,0.559,1,0.000,0.000,0.000,0.000,0.000,0.000,-0.005,-0.011
27.01,0.105,0,0.471,0.558,1,0.000,0.000,0.000,0.000,0.000,0.000,-0.004,-0.011
27.21,0.105,0,0.471,0.558,1,0.000,0.000,0.000,0.000,0.000,0.000,-0.007,-0.012
27.41,0.105,0,0.472,0.558,1,0.000,0.000,0.000,0.000,0.000,0.000,-0.005,-0.009
27.61,0.417,0,0.472,0.558,1,0.000,0.000,0.000,0.000,0.000,0.000,-0.005,-0.009
27.81,0.105,0,0.472,0.558,1,0.000,0.000,0.000,0.000,0.000,0.000,-0.006,-0.008
28.01,0.417,0,0.471,0.558,1,0.000,0.000,0.000,0.000,0.000,0.000,0.001,0.002
28.21,0.417,0,0.471,0.558,1,0.000,0.000,0.000,0.000,0.000,0.000,-0.003,-0.004
28.41,0.107,0,0.473,0.558,1,0.000,0.000,0.000,0.000,0.000,0.000,-0.006,0.001
28.61,0.417,0,0.473,0.558,1,0.000,0.000,0.000,0.000,0.000,0.000,-0.006,0.001
28.81,0.106,0,0.473,0.558,1,0.000,0.000,0.000,0.000,0.000,0.000,-0.002,-0.006
29.01,0.415,0,0.471,0.559,1,0.000,0.000,0.000,0.000,0.000,0.000,-0.006,-0.006
29.21,0.415,0,0.471,0.559,1,0.000,0.000,0.000,0.000,0.000,0.000,-0.004,-0.002
29.41,0.106,0,0.472,0.558,1,0.000,0.000,0.000,0.000,0.000,0.000,-0.004,-0.002
29.61,0.419,0,0.472,0.558,1,0.000,0.000,0.000,0.000,0.000,0.000,-0.003,-0.005
29.81,0.106,0,0.472,0.558,1,0.000,0.000,0.000,0.000,0.000,0.000,-0.004,-0.009
30.01,0.188,0,0.472,0.558,1,0.000,0.000,0.000,0.000,0.000,0.000,-0.007,-0.001
30.21,0.188,0,0.472,0.558,1,0.000,0.000,0.000,0.000,0.000,0.000,-0.003,-0.015
30.41,0.415,0,0.472,0.560,1,0.000,0.000,0.000,0.000,0.000,0.000,-0.003,-0.015
30.61,0.105,0,0.472,0.560,1,0.000,0.000,0.000,0.000,0.000,0.000,-0.007,-0.007
30.81,0.105,0,0.472,0.560,1,0.000,0.000,0.000,0.000,0.000,0.000,-0.010,-0.007
31.01,0.417,0,0.472,0.559,1,0.000,0.000,0.000,0.000,0.000,0.000,-0.005,-0.000
31.21,0.417,0,0.472,0.559,1,0.000,0.000,0.000,0.000,0.000,0.000,0.001,0.000
31.41,0.416,0,0.472,0.559,1,0.000,0.000,0.000,0.000,0.000,0.000,0.001,0.000
31.61,0.417,0,0.472,0.559,1,0.000,0.000,0.000,0.000,0.000,0.000,-0.006,-0.003
31.81,0.415,0,0.472,0.559,1,0.000,0.000,0.000,0.000,0.000,0.000,-0.005,-0.005
32.01,0.416,0,0.471,0.559,1,0.000,0.000,0.000,0.000,0.000,0.000,-0.008,-0.002
32.21,0.416,0,0.471,0.559,1,0.000,0.000,0.000,0.000,0.000,0.000,-0.007,-0.006
32.41,0.415,0,0.472,0.559,1,0.000,0.000,0.000,0.000,0.000,0.000,-0.007,-0.006
32.61,0.106,0,0.472,0.559,1,0.000,0.000,0.000,0.000,0.000,0.000,-0.007,-0.007
32.81,0.415,0,0.472,0.559,1,0.000,0.000,0.000,0.000,0.000,0.000,-0.009,0.000
33.01,0.106,0,0.472,0.558,1,0.000,0.000,0.000,0.000,0.000,0.000,-0.002,-0.002
33.21,0.106,0,0.472,0.558,1,0.000,0.000,0.000,0.000,0.000,0.000,-0.009,-0.002
33.41,0.417,0,0.472,0.558,1,0.000,0.000,0.000,0.000,0.000,0.000,-0.009,-0.002
33.61,0.417,0,0.472,0.558,1,0.000,0.000,0.000,0.000,0.000,0.000,-0.005,0.001
33.81,0.105,0,0.472,0.558,1,0.000,0.000,0.000,0.000,0.000,0.000,-0.002,-0.006
34.01,0.105,0,0.471,0.558,1,0.000,0.000,0.000,0.000,0.000,0.000,-0.003,-0.003
34.21,0.419,0,0.471,0.558,1,0.000,0.000,0.000,0.000,0.000,0.000,-0.006,-0.004
34.41,0.106,0,0.472,0.558,1,0.000,0.000,0.000,0.000,0.000,0.000,-0.006,-0.004
34.61,0.417,0,0.472,0.558,1,0.000,0.000,0.000,0.000,0.000,0.000,0.000,-0.006
34.81,0.419,0,0.472,0.558,1,0.000,0.000,0.000,0.000,0.000,0.000,-0.002,-0.002
35.01,0.419,0,0.472,0.558,1,0.000,0.000,0.000,0.000,0.000,0.000,-0.002,-0.004
35.21,0.415,0,0.472,0.558,1,0.000,0.000,0.000,0.000,0.000,0.000,-0.006,-0.005
35.41,0.415,0,0.472,0.558,1,0.000,0.000,0.000,0.000,0.000,0.000,-0.006,-0.005
35.61,0.417,0,0.472,0.558,1,0.000,0.000,0.000,0.000,0.000,0.000,-0.004,0.001
35.81,0.105,0,0.472,0.558,1,0.000,0.000,0.000,0.000,0.000,0.000,-0.002,-0.009
36.01,0.105,0,0.472,0.559,1,0.000,0.000,0.000,0.000,0.000,0.000,-0.009,-0.008
36.21,0.104,0,0.472,0.559,1,0.000,0.000,0.000,0.000,0.000,0.000,-0.002,-0.009
36.41,0.417,0,0.471,0.559,1,0.000,0.000,0.000,0.000,0.000,0.000,-0.002,-0.009
36.61,0.106,0,0.471,0.559,1,0.000,0.000,0.000,0.000,0.000,0.000,-0.002,-0.003
36.81,0.105,0,0.471,0.559,1,0.000,0.000,0.000,0.000,0.000,0.000,0.003,-0.006
37.01,0.105,0,0.471,0.559,1,0.000,0.000,0.000,0.000,0.000,0.000,-0.002,-0.004
37.21,0.417,0,0.471,0.559,1,0.000,0.000,0.000,0.000,0.000,0.000,-0.008,-0.007
37.41,0.417,0,0.471,0.559,1,0.000,0.000,0.000,0.000,0.000,0.000,-0.008,-0.007
37.61,0.417,0,0.471,0.559,1,0.000,0.000,0.000,0.000,0.000,0.000,-0.005,-0.007
37.81,0.106,0,0.471,0.559,1,0.000,0.000,0.000,0.000,0.000,0.000,-0.000,-0.010
38.01,0.106,0,0.472,0.559,1,0.000,0.000,0.000,0.000,0.000,0.000,-0.010,-0.003
38.21,0.417,0,0.472,0.559,1,0.000,0.000,0.000,0.000,0.000,0.000,-0.010,-0.003
38.41,0.106,0,0.473,0.558,1,0.000,0.000,0.000,0.000,0.000,0.000,-0.008,-0.003
38.61,0.415,0,0.473,0.558,1,0.000,0.000,0.000,0.000,0.000,0.000,-0.005,-0.004
38.81,0.105,0,0.473,0.558,1,0.000,0.000,0.000,0.000,0.000,0.000,-0.000,-0.008
39.01,0.105,0,0.470,0.558,1,0.000,0.000,0.000,0.000,0.000,0.000,0.001,-0.010
39.21,0.417,0,0.470,0.558,1,0.000,0.000,0.000,0.000,0.000,0.000,0.001,-0.010
39.41,0.415,0,0.471,0.559,1,0.000,0.000,0.000,0.000,0.000,0.000,-0.001,-0.007
39.61,0.419,0,0.471,0.559,1,0.000,0.000,0.000,0.000,0.000,0.000,0.002,-0.007
39.81,0.104,0,0.471,0.559,1,0.000,0.000,0.000,0.000,0.000,0.000,-0.004,-0.004
40.01,0.104,0,0.472,0.559,1,0.000,0.000,0.000,0.000,0.000,0.000,0.000,-0.006
40.21,0.415,0,0.472,0.559,1,0.000,0.000,0.000,0.000,0.000,0.000,0.000,-0.006
40.41,0.105,0,0.472,0.558,1,0.000,0.000,0.000,0.000,0.000,0.000,-0.005,-0.008
40.61,0.106,0,0.472,0.558,1,0.000,0.000,0.000,0.000,0.000,0.000,0.001,-0.006
40.81,0.417,0,0.472,0.558,1,0.000,0.000,0.000,0.000,0.000,0.000,-0.009,-0.002
41.01,0.417,0,0.469,0.559,1,0.000,0.000,0.000,0.000,0.000,0.000,-0.002,-0.006
41.21,0.106,0,0.469,0.559,1,0.000,0.000,0.000,0.000,0.000,0.000,-0.002,-0.006
41.41,0.105,0,0.472,0.559,1,0.000,0.000,0.000,0.000,0.000,0.000,-0.004,-0.004
41.61,0.106,0,0.472,0.559,1,0.000,0.000,0.000,0.000,0.000,0.000,-0.009,-0.016
41.81,0.106,0,0.472,0.559,1,0.000,0.000,0.000,0.000,0.000,0.000,-0.007,-0.002
42.01,0.105,0,0.469,0.558,1,0.000,0.000,0.000,0.000,0.000,0.000,-0.011,-0.001
42.21,0.415,0,0.469,0.558,1,0.000,0.000,0.000,0.000,0.000,0.000,-0.011,-0.001
42.41,0.415,0,0.473,0.559,1,0.000,0.000,0.000,0.000,0.000,0.000,-0.003,-0.000
42.61,0.415,0,0.473,0.559,1,0.000,0.000,0.000,0.000,0.000,0.000,-0.008,0.005
42.81,0.415,0,0.473,0.559,1,0.000,0.000,0.000,0.000,0.000,0.000,-0.006,-0.002
43.01,0.415,0,0.470,0.558,1,0.000,0.000,0.000,0.000,0.000,0.000,-0.008,0.002
43.21,0.419,0,0.470,0.558,1,0.000,0.000,0.000,0.000,0.000,0.000,-0.008,0.002
43.41,0.417,0,0.472,0.559,1,0.000,0.000,0.000,0.000,0.000,0.000,0.003,-0.005
43.61,0.106,0,0.472,0.559,1,0.000,0.000,0.000,0.000,0.000,0.000,-0.004,-0.002
43.81,0.106,0,0.472,0.559,1,0.000,0.000,0.000,0.000,0.000,0.000,-0.002,0.001
44.01,0.417,0,0.472,0.558,1,0.000,0.000,0.000,0.000,0.000,0.000,-0.002,0.003
44.21,0.105,0,0.472,0.558,1,0.000,0.000,0.000,0.000,0.000,0.000,-0.002,0.003
44.41,0.417,0,0.472,0.559,1,0.000,0.000,0.000,0.000,0.000,0.000,-0.006,-0.002
44.61,0.415,0,0.472,0.559,1,0.000,0.000,0.000,0.000,0.000,0.000,-0.006,-0.001
44.81,0.415,0,0.472,0.559,1,0.000,0.000,0.000,0.000,0.000,0.000,-0.009,-0.009
45.01,0.415,0,0.472,0.559,1,0.000,0.000,0.000,0.000,0.000,0.000,-0.004,-0.017
45.21,0.417,0,0.472,0.559,1,0.000,0.000,0.000,0.000,0.000,0.000,-0.004,-0.017
45.41,0.415,0,0.472,0.559,1,0.000,0.000,0.000,0.000,0.000,0.000,-0.004,-0.010
45.61,0.105,0,0.472,0.559,1,0.000,0.000,0.000,0.000,0.000,0.000,-0.003,-0.002
45.81,0.105,0,0.472,0.559,1,0.000,0.000,0.000,0.000,0.000,0.000,-0.015,-0.006
46.01,0.106,0,0.472,0.559,1,0.000,0.000,0.000,0.000,0.000,0.000,-0.006,-0.016
46.21,0.417,0,0.472,0.559,1,0.000,0.000,0.000,0.000,0.000,0.000,-0.006,-0.016
46.41,0.106,0,0.470,0.558,1,0.000,0.000,0.000,0.000,0.000,0.000,-0.003,-0.002
46.61,0.106,0,0.470,0.558,1,0.000,0.000,0.000,0.000,0.000,0.000,-0.007,-0.001
46.81,0.106,0,0.470,0.558,1,0.000,0.000,0.000,0.000,0.000,0.000,0.001,-0.005
47.01,0.419,0,0.473,0.558,1,0.000,0.000,0.000,0.000,0.000,0.000,0.001,-0.005
47.21,0.415,0,0.473,0.558,1,0.000,0.000,0.000,0.000,0.000,0.000,-0.005,-0.006
47.41,0.415,0,0.471,0.559,1,0.000,0.000,0.000,0.000,0.000,0.000,-0.003,-0.007
47.61,0.419,0,0.471,0.559,1,0.000,0.000,0.000,0.000,0.000,0.000,-0.003,-0.004
47.81,0.419,0,0.471,0.559,1,0.000,0.000,0.000,0.000,0.000,0.000,-0.002,-0.010
48.01,0.415,0,0.470,0.559,1,0.000,0.000,0.000,0.000,0.000,0.000,-0.002,-0.010
48.21,0.105,0,0.470,0.559,1,0.000,0.000,0.000,0.000,0.000,0.000,-0.014,-0.010
48.41,0.415,0,0.472,0.559,1,0.000,0.000,0.000,0.000,0.000,0.000,-0.012,-0.009
48.61,0.415,0,0.472,0.559,1,0.000,0.000,0.000,0.000,0.000,0.000,-0.008,-0.009
48.81,0.415,0,0.472,0.559,1,0.000,0.000,0.000,0.000,0.000,0.000,-0.004,-0.002
49.01,0.415,0,0.472,0.558,1,0.000,0.000,0.000,0.000,0.000,0.000,-0.004,-0.002
49.21,0.105,0,0.472,0.558,1,0.000,0.000,0.000,0.000,0.000,0.000,-0.007,-0.009
49.41,0.415,0,0.472,0.559,1,0.000,0.000,0.000,0.000,0.000,0.000,-0.009,-0.001
49.61,0.415,0,0.472,0.559,1,0.000,0.000,0.000,0.000,0.000,0.000,-0.007,-0.007
49.81,0.415,0,0.472,0.559,1,0.000,0.000,0.000,0.000,0.000,0.000,-0.005,-0.009
50.01,0.417,0,0.472,0.559,1,0.000,0.000,0.000,0.000,0.000,0.000,-0.005,-0.009
50.21,0.417,0,0.472,0.559,1,0.000,0.000,0.000,0.000,0.000,0.000,-0.010,-0.008
50.41,0.416,0,0.472,0.559,1,0.000,0.000,0.000,0.000,0.000,0.000,-0.017,-0.004
50.61,0.419,0,0.472,0.559,1,0.000,0.000,0.000,0.000,0.000,0.000,-0.000,-0.024
50.81,0.419,0,0.472,0.559,1,0.000,0.000,0.000,0.000,0.000,0.000,-0.005,-0.009
51.01,0.419,0,0.472,0.558,1,0.000,0.000,0.000,0.000,0.000,0.000,-0.005,-0.009
51.21,0.105,0,0.472,0.558,1,0.000,0.000,0.000,0.000,0.000,0.000,-0.009,-0.022
51.41,0.418,0,0.472,0.559,1,0.000,0.000,0.000,0.000,0.000,0.000,-0.002,-0.011
51.61,0.106,0,0.472,0.559,1,0.000,0.000,0.000,0.000,0.000,0.000,-0.001,-0.016
51.81,0.106,0,0.472,0.559,1,0.000,0.000,0.000,0.000,0.000,0.000,-0.006,-0.004
52.01,0.106,0,0.472,0.559,1,0.000,0.000,0.000,0.000,0.000,0.000,-0.006,-0.004
52.21,0.415,0,0.472,0.559,1,0.000,0.000,0.000,0.000,0.000,0.000,-0.006,-0.008
52.41,0.416,0,0.472,0.559,1,0.000,0.000,0.000,0.000,0.000,0.000,-0.003,-0.008
52.61,0.416,0,0.472,0.559,1,0.000,0.000,0.000,0.000,0.000,0.000,-0.013,-0.011
52.81,0.419,0,0.472,0.559,1,0.000,0.000,0.000,0.000,0.000,0.000,-0.004,-0.002
53.01,0.415,0,0.472,0.558,1,0.000,0.000,0.000,0.000,0.000,0.000,-0.004,-0.002
53.21,0.106,0,0.472,0.558,1,0.000,0.000,0.000,0.000,0.000,0.000,-0.004,-0.002
53.41,0.416,0,0.472,0.558,1,0.000,0.000,0.000,0.000,0.000,0.000,0.003,-0.011
53.61,0.416,0,0.472,0.558,1,0.000,0.000,0.000,0.000,0.000,0.000,-0.012,-0.006
53.81,0.415,0,0.472,0.558,1,0.000,0.000,0.000,0.000,0.000,0.000,0.001,-0.014
54.01,0.106,0,0.472,0.559,1,0.000,0.000,0.000,0.000,0.000,0.000,0.001,-0.014
54.21,0.415,0,0.472,0.559,1,0.000,0.000,0.000,0.000,0.000,0.000,-0.006,-0.005
54.41,0.415,0,0.472,0.559,1,0.000,0.000,0.000,0.000,0.000,0.000,-0.001,-0.002
54.61,0.415,0,0.472,0.559,1,0.000,0.000,0.000,0.000,0.000,0.000,-0.009,-0.001
54.81,0.417,0,0.472,0.559,1,0.000,0.000,0.000,0.000,0.000,0.000,-0.006,0.007
55.01,0.105,0,0.469,0.559,1,0.000,0.000,0.000,0.000,0.000,0.000,-0.006,0.007
55.21,0.105,0,0.469,0.559,1,0.000,0.000,0.000,0.000,0.000,0.000,0.001,-0.004
55.41,0.415,0,0.472,0.559,1,0.000,0.000,0.000,0.000,0.000,0.000,-0.004,-0.004
55.61,0.415,0,0.472,0.559,1,0.000,0.000,0.000,0.000,0.000,0.000,-0.004,0.001
55.81,0.107,0,0.472,0.559,1,0.000,0.000,0.000,0.000,0.000,0.000,-0.004,0.001
56.01,0.417,0,0.472,0.558,1,0.000,0.000,0.000,0.000,0.000,0.000,-0.006,-0.006
56.21,0.415,0,0.472,0.558,1,0.000,0.000,0.000,0.000,0.000,0.000,0.001,-0.006
56.41,0.105,0,0.471,0.559,1,0.000,0.000,0.000,0.000,0.000,0.000,-0.004,-0.005
56.61,0.105,0,0.471,0.559,1,0.000,0.000,0.000,0.000,0.000,0.000,0.001,-0.008
56.81,0.106,0,0.471,0.559,1,0.000,0.000,0.000,0.000,0.000,0.000,0.001,-0.008
57.01,0.105,0,0.470,0.558,1,0.000,0.000,0.000,0.000,0.000,0.000,-0.002,-0.005
57.21,0.105,0,0.470,0.558,1,0.000,0.000,0.000,0.000,0.000,0.000,0.001,-0.003
57.41,0.105,0,0.470,0.559,1,0.000,0.000,0.000,0.000,0.000,0.000,-0.010,-0.006
57.61,0.105,0,0.470,0.559,1,0.000,0.000,0.000,0.000,0.000,0.000,-0.005,-0.005
57.81,0.106,0,0.470,0.559,1,0.000,0.000,0.000,0.000,0.000,0.000,-0.005,-0.005
58.01,0.105,0,0.472,0.558,1,0.000,0.000,0.000,0.000,0.000,0.000,-0.003,-0.009
58.21,0.417,0,0.472,0.558,1,0.000,0.000,0.000,0.000,0.000,0.000,-0.005,-0.008
58.41,0.106,0,0.472,0.558,1,0.000,0.000,0.000,0.000,0.000,0.000,-0.007,-0.004
58.61,0.106,0,0.472,0.558,1,0.000,0.000,0.000,0.000,0.000,0.000,-0.000,-0.009
58.81,0.106,0,0.472,0.558,1,0.000,0.000,0.000,0.000,0.000,0.000,-0.000,-0.009
59.01,0.105,0,0.473,0.559,1,0.000,0.000,0.000,0.000,0.000,0.000,0.001,-0.011
59.21,0.417,0,0.473,0.559,1,0.000,0.000,0.000,0.000,0.000,0.000,0.001,-0.006
59.41,0.417,0,0.469,0.558,1,0.000,0.000,0.000,0.000,0.000,0.000,-0.011,-0.006
59.61,0.417,0,0.469,0.558,1,0.000,0.000,0.000,0.000,0.000,0.000,-0.011,-0.009
59.81,0.415,0,0.469,0.558,1,0.000,0.000,0.000,0.000,0.000,0.000,-0.011,-0.009
60.01,0.419,0,0.472,0.559,1,0.000,0.000,0.000,0.000,0.000,0.000,0.006,-0.013
60.21,0.106,0,0.472,0.559,1,0.000,0.000,0.000,0.000,0.000,0.000,-0.004,0.005
60.41,0.415,0,0.471,0.559,1,0.000,0.000,0.000,0.000,0.000,0.000,-0.001,-0.008
60.61,0.415,0,0.471,0.559,1,0.000,0.000,0.000,0.000,0.000,0.000,-0.002,-0.001
60.81,0.416,0,0.471,0.559,1,0.000,0.000,0.000,0.000,0.000,0.000,-0.002,-0.001
61.01,0.105,0,0.472,0.559,1,0.000,0.000,0.000,0.000,0.000,0.000,-0.007,-0.014
61.21,0.417,0,0.472,0.559,1,0.000,0.000,0.000,0.000,0.000,0.000,-0.000,0.004
61.41,0.417,0,0.471,0.559,1,0.000,0.000,0.000,0.000,0.000,0.000,-0.003,-0.003
61.61,0.105,0,0.471,0.559,1,0.000,0.000,0.000,0.000,0.000,0.000,0.000,-0.009
61.81,0.415,0,0.471,0.559,1,0.000,0.000,0.000,0.000,0.000,0.000,0.000,-0.009
62.01,0.419,0,0.472,0.559,1,0.000,0.000,0.000,0.000,0.000,0.000,-0.013,-0.005
62.21,0.415,0,0.472,0.559,1,0.000,0.000,0.000,0.000,0.000,0.000,-0.009,0.002
62.41,0.415,0,0.472,0.559,1,0.000,0.000,0.000,0.000,0.000,0.000,-0.008,-0.000
62.61,0.416,0,0.472,0.559,1,0.000,0.000,0.000,0.000,0.000,0.000,0.004,0.001
62.81,0.419,0,0.472,0.559,1,0.000,0.000,0.000,0.000,0.000,0.000,0.004,0.001
63.01,0.416,0,0.472,0.559,1,0.000,0.000,0.000,0.000,0.000,0.000,-0.010,0.003
63.21,0.106,0,0.472,0.559,1,0.000,0.000,0.000,0.000,0.000,0.000,-0.003,0.003
63.41,0.106,0,0.472,0.559,1,0.000,0.000,0.000,0.000,0.000,0.000,-0.002,0.001
63.61,0.105,0,0.472,0.559,1,0.000,0.000,0.000,0.000,0.000,0.000,-0.008,-0.002
63.81,0.417,0,0.472,0.559,1,0.000,0.000,0.000,0.000,0.000,0.000,-0.008,-0.002
64.01,0.415,0,0.472,0.559,1,0.000,0.000,0.000,0.000,0.000,0.000,-0.006,-0.012
64.21,0.417,0,0.472,0.559,1,0.000,0.000,0.000,0.000,0.000,0.000,-0.002,-0.010
64.41,0.417,0,0.472,0.559,1,0.000,0.000,0.000,0.000,0.000,0.000,0.003,-0.006
64.61,0.417,0,0.472,0.559,1,0.000,0.000,0.000,0.000,0.000,0.000,0.003,-0.006
64.81,0.415,0,0.472,0.559,1,0.000,0.000,0.000,0.000,0.000,0.000,-0.009,-0.012
65.01,0.415,0,0.471,0.558,1,0.000,0.000,0.000,0.000,0.000,0.000,-0.004,-0.007
65.21,0.415,0,0.471,0.558,1,0.000,0.000,0.000,0.000,0.000,0.000,0.001,-0.010
65.41,0.415,0,0.473,0.559,1,0.000,0.000,0.000,0.000,0.000,0.000,0.002,-0.015
65.61,0.415,0,0.473,0.559,1,0.000,0.000,0.000,0.000,0.000,0.000,0.002,-0.015
65.81,0.417,0,0.473,0.559,1,0.000,0.000,0.000,0.000,0.000,0.000,-0.009,-0.009
66.01,0.415,0,0.472,0.559,1,0.000,0.000,0.000,0.000,0.000,0.000,-0.012,-0.006
66.21,0.415,0,0.472,0.559,1,0.000,0.000,0.000,0.000,0.000,0.000,-0.000,-0.005
66.41,0.415,0,0.472,0.559,1,0.000,0.000,0.000,0.000,0.000,0.000,-0.002,-0.013
66.61,0.104,0,0.472,0.559,1,0.000,0.000,0.000,0.000,0.000,0.000,-0.002,-0.013
66.81,0.106,0,0.472,0.559,1,0.000,0.000,0.000,0.000,0.000,0.000,-0.008,-0.019
67.01,0.416,0,0.472,0.558,1,0.000,0.000,0.000,0.000,0.000,0.000,0.001,-0.013
67.21,0.106,0,0.472,0.558,1,0.000,0.000,0.000,0.000,0.000,0.000,0.008,-0.010
67.41,0.106,0,0.470,0.559,1,0.000,0.000,0.000,0.000,0.000,0.000,0.002,-0.008
67.61,0.106,0,0.470,0.559,1,0.000,0.000,0.000,0.000,0.000,0.000,0.002,-0.008
67.81,0.415,0,0.470,0.559,1,0.000,0.000,0.000,0.000,0.000,0.000,0.002,-0.006
68.01,0.106,0,0.472,0.559,1,0.000,0.000,0.000,0.000,0.000,0.000,-0.003,-0.005
68.21,0.417,0,0.472,0.559,1,0.000,0.000,0.000,0.000,0.000,0.000,0.010,-0.004
68.41,0.417,0,0.472,0.559,1,0.000,0.000,0.000,0.000,0.000,0.000,-0.009,-0.009
68.61,0.417,0,0.472,0.559,1,0.000,0.000,0.000,0.000,0.000,0.000,-0.009,-0.009
68.81,0.415,0,0.472,0.559,1,0.000,0.000,0.000,0.000,0.000,0.000,0.002,-0.005
69.01,0.106,0,0.472,0.559,1,0.000,0.000,0.000,0.000,0.000,0.000,0.010,0.002
69.21,0.106,0,0.472,0.559,1,0.000,0.000,0.000,0.000,0.000,0.000,0.005,-0.014
69.41,0.106,0,0.469,0.559,1,0.000,0.000,0.000,0.000,0.000,0.000,-0.005,-0.003
69.61,0.415,0,0.469,0.559,1,0.000,0.000,0.000,0.000,0.000,0.000,-0.005,-0.003
69.81,0.415,0,0.469,0.559,1,0.000,0.000,0.000,0.000,0.000,0.000,-0.003,-0.005
70.01,0.105,0,0.472,0.559,1,0.000,0.000,0.000,0.000,0.000,0.000,0.001,-0.012
70.21,0.417,0,0.472,0.559,1,0.000,0.000,0.000,0.000,0.000,0.000,-0.006,-0.015
70.41,0.417,0,0.472,0.559,1,0.000,0.000,0.000,0.000,0.000,0.000,-0.014,-0.010
70.61,0.415,0,0.472,0.559,1,0.000,0.000,0.000,0.000,0.000,0.000,-0.014,-0.010
70.81,0.105,0,0.472,0.559,1,0.000,0.000,0.000,0.000,0.000,0.000,-0.014,-0.017
71.01,0.106,0,0.472,0.559,1,0.000,0.000,0.000,0.000,0.000,0.000,0.006,-0.013
71.21,0.106,0,0.472,0.559,1,0.000,0.000,0.000,0.000,0.000,0.000,-0.002,-0.003
71.41,0.415,0,0.472,0.558,1,0.000,0.000,0.000,0.000,0.000,0.000,-0.004,-0.008
71.61,0.106,0,0.472,0.558,1,0.000,0.000,0.000,0.000,0.000,0.000,-0.004,-0.008
71.81,0.106,0,0.472,0.558,1,0.000,0.000,0.000,0.000,0.000,0.000,0.001,-0.009
72.01,0.105,0,0.472,0.558,1,0.000,0.000,0.000,0.000,0.000,0.000,-0.007,-0.013
72.21,0.105,0,0.472,0.558,1,0.000,0.000,0.000,0.000,0.000,0.000,-0.013,-0.012
72.41,0.415,0,0.469,0.559,1,0.000,0.000,0.000,0.000,0.000,0.000,-0.007,-0.001
72.61,0.415,0,0.469,0.559,1,0.000,0.000,0.000,0.000,0.000,0.000,-0.007,-0.001
72.81,0.415,0,0.469,0.559,1,0.000,0.000,0.000,0.000,0.000,0.000,-0.003,-0.010
73.01,0.415,0,0.472,0.559,1,0.000,0.000,0.000,0.000,0.000,0.000,-0.008,-0.017
73.21,0.415,0,0.472,0.559,1,0.000,0.000,0.000,0.000,0.000,0.000,-0.000,-0.020
73.41,0.415,0,0.472,0.559,1,0.000,0.000,0.000,0.000,0.000,0.000,-0.000,-0.020
73.61,0.105,0,0.472,0.559,1,0.000,0.000,0.000,0.000,0.000,0.000,-0.000,-0.022
73.81,0.417,0,0.472,0.559,1,0.000,0.000,0.000,0.000,0.000,0.000,-0.005,-0.027
74.01,0.105,0,0.471,0.559,1,0.000,0.000,0.000,0.000,0.000,0.000,-0.009,-0.011
74.21,0.105,0,0.471,0.559,1,0.000,0.000,0.000,0.000,0.000,0.000,-0.006,-0.014
74.41,0.417,0,0.470,0.559,1,0.000,0.000,0.000,0.000,0.000,0.000,-0.006,-0.014
74.61,0.106,0,0.470,0.559,1,0.000,0.000,0.000,0.000,0.000,0.000,-0.007,-0.022
74.81,0.417,0,0.470,0.559,1,0.000,0.000,0.000,0.000,0.000,0.000,0.001,-0.021
75.01,0.106,0,0.472,0.559,1,0.000,0.000,0.000,0.000,0.000,0.000,-0.001,-0.019
75.21,0.106,0,0.472,0.559,1,0.000,0.000,0.000,0.000,0.000,0.000,-0.009,-0.007
75.41,0.415,0,0.472,0.559,1,0.000,0.000,0.000,0.000,0.000,0.000,-0.009,-0.007
75.61,0.415,0,0.472,0.559,1,0.000,0.000,0.000,0.000,0.000,0.000,-0.013,-0.013
75.81,0.417,0,0.472,0.559,1,0.000,0.000,0.000,0.000,0.000,0.000,-0.004,-0.008
76.01,0.106,0,0.472,0.559,1,0.000,0.000,0.000,0.000,0.000,0.000,-0.014,-0.005
76.21,0.106,0,0.472,0.559,1,0.000,0.000,0.000,0.000,0.000,0.000,-0.018,-0.012
76.41,0.105,0,0.472,0.559,1,0.000,0.000,0.000,0.000,0.000,0.000,-0.018,-0.012
76.61,0.417,0,0.472,0.559,1,0.000,0.000,0.000,0.000,0.000,0.000,-0.004,-0.032
76.81,0.106,0,0.472,0.559,1,0.000,0.000,0.000,0.000,0.000,0.000,-0.013,-0.017
77.01,0.106,0,0.472,0.559,1,0.000,0.000,0.000,0.000,0.000,0.000,-0.005,-0.008
77.21,0.106,0,0.472,0.559,1,0.000,0.000,0.000,0.000,0.000,0.000,-0.004,-0.022
77.41,0.106,0,0.472,0.560,1,0.000,0.000,0.000,0.000,0.000,0.000,-0.004,-0.022
77.61,0.415,0,0.472,0.560,1,0.000,0.000,0.000,0.000,0.000,0.000,-0.005,-0.022
77.81,0.106,0,0.472,0.560,1,0.000,0.000,0.000,0.000,0.000,0.000,-0.014,-0.018
78.01,0.418,0,0.472,0.559,1,0.000,0.000,0.000,0.000,0.000,0.000,-0.014,-0.032
78.21,0.418,0,0.472,0.559,1,0.000,0.000,0.000,0.000,0.000,0.000,-0.004,-0.033
78.41,0.415,0,0.472,0.559,1,0.000,0.000,0.000,0.000,0.000,0.000,-0.004,-0.033
78.61,0.415,0,0.472,0.559,1,0.000,0.000,0.000,0.000,0.000,0.000,-0.018,-0.038
78.81,0.417,0,0.472,0.559,1,0.000,0.000,0.000,0.000,0.000,0.000,-0.018,-0.047
79.01,0.417,0,0.472,0.558,1,0.000,0.000,0.000,0.000,0.000,0.000,-0.012,-0.029
79.21,0.417,0,0.472,0.558,1,0.000,0.000,0.000,0.000,0.000,0.000,-0.000,-0.018
79.41,0.104,0,0.471,0.559,1,0.000,0.000,0.000,0.000,0.000,0.000,-0.000,-0.018
79.61,0.415,0,0.471,0.559,1,0.000,0.000,0.000,0.000,0.000,0.000,0.003,-0.009
79.81,0.106,0,0.471,0.559,1,0.000,0.000,0.000,0.000,0.000,0.000,-0.003,-0.005
80.01,0.106,0,0.472,0.558,1,0.000,0.000,0.000,0.000,0.000,0.000,-0.005,-0.014
80.21,0.106,0,0.472,0.558,1,0.000,0.000,0.000,0.000,0.000,0.000,-0.013,-0.027
80.41,0.417,0,0.472,0.559,1,0.000,0.000,0.000,0.000,0.000,0.000,-0.013,-0.027
80.61,0.105,0,0.472,0.559,1,0.000,0.000,0.000,0.000,0.000,0.000,-0.009,-0.016
80.81,0.419,0,0.472,0.559,1,0.000,0.000,0.000,0.000,0.000,0.000,-0.009,-0.017
81.01,0.419,0,0.471,0.559,1,0.000,0.000,0.000,0.000,0.000,0.000,-0.011,-0.024
81.21,0.417,0,0.471,0.559,1,0.000,0.000,0.000,0.000,0.000,0.000,-0.013,-0.028
81.41,0.415,0,0.472,0.559,1,0.000,0.000,0.000,0.000,0.000,0.000,-0.013,-0.028
81.61,0.415,0,0.472,0.559,1,0.000,0.000,0.000,0.000,0.000,0.000,-0.007,-0.026
81.81,0.415,0,0.472,0.559,1,0.000,0.000,0.000,0.000,0.000,0.000,-0.011,-0.021
82.01,0.415,0,0.471,0.559,1,0.000,0.000,0.000,0.000,0.000,0.000,-0.009,-0.020
82.21,0.417,0,0.471,0.559,1,0.000,0.000,0.000,0.000,0.000,0.000,-0.009,-0.020
82.41,0.106,0,0.469,0.559,1,0.000,0.000,0.000,0.000,0.000,0.000,-0.014,-0.014
82.61,0.417,0,0.469,0.559,1,0.000,0.000,0.000,0.000,0.000,0.000,-0.012,-0.012
82.81,0.415,0,0.469,0.559,1,0.000,0.000,0.000,0.000,0.000,0.000,-0.014,-0.010
83.01,0.415,0,0.472,0.559,1,0.000,0.000,0.000,0.000,0.000,0.000,-0.008,-0.010
83.21,0.415,0,0.472,0.559,1,0.000,0.000,0.000,0.000,0.000,0.000,-0.008,-0.010
83.41,0.415,0,0.469,0.559,1,0.000,0.000,0.000,0.000,0.000,0.000,-0.015,-0.028
83.61,0.415,0,0.469,0.559,1,0.000,0.000,0.000,0.000,0.000,0.000,-0.009,-0.019
83.81,0.106,0,0.469,0.559,1,0.000,0.000,0.000,0.000,0.000,0.000,-0.003,-0.027
84.01,0.106,0,0.471,0.559,1,0.000,0.000,0.000,0.000,0.000,0.000,-0.012,-0.024
84.21,0.417,0,0.471,0.559,1,0.000,0.000,0.000,0.000,0.000,0.000,-0.012,-0.024
84.41,0.105,0,0.472,0.558,1,0.000,0.000,0.000,0.000,0.000,0.000,-0.013,-0.020
84.61,0.105,0,0.472,0.558,1,0.000,0.000,0.000,0.000,0.000,0.000,-0.012,-0.014
84.81,0.417,0,0.472,0.558,1,0.000,0.000,0.000,0.000,0.000,0.000,-0.007,-0.016
85.01,0.417,0,0.472,0.559,1,0.000,0.000,0.000,0.000,0.000,0.000,-0.009,-0.010
85.21,0.417,0,0.472,0.559,1,0.000,0.000,0.000,0.000,0.000,0.000,-0.009,-0.010
85.41,0.105,0,0.472,0.558,1,0.000,0.000,0.000,0.000,0.000,0.000,-0.000,-0.014
85.61,0.415,0,0.472,0.558,1,0.000,0.000,0.000,0.000,0.000,0.000,-0.008,-0.025
85.81,0.417,0,0.472,0.558,1,0.000,0.000,0.000,0.000,0.000,0.000,-0.008,-0.016
86.01,0.417,0,0.469,0.559,1,0.000,0.000,0.000,0.000,0.000,0.000,-0.007,-0.027
86.21,0.106,0,0.469,0.559,1,0.000,0.000,0.000,0.000,0.000,0.000,-0.007,-0.027
86.41,0.415,0,0.472,0.558,1,0.000,0.000,0.000,0.000,0.000,0.000,-0.012,-0.009
86.61,0.415,0,0.472,0.558,1,0.000,0.000,0.000,0.000,0.000,0.000,-0.002,-0.011
86.81,0.415,0,0.472,0.558,1,0.000,0.000,0.000,0.000,0.000,0.000,-0.014,-0.021
87.01,0.106,0,0.472,0.559,1,0.000,0.000,0.000,0.000,0.000,0.000,-0.003,-0.021
87.21,0.105,0,0.472,0.559,1,0.000,0.000,0.000,0.000,0.000,0.000,-0.003,-0.021
87.41,0.106,0,0.469,0.558,1,0.000,0.000,0.000,0.000,0.000,0.000,-0.006,-0.018
87.61,0.415,0,0.469,0.558,1,0.000,0.000,0.000,0.000,0.000,0.000,-0.007,-0.011
87.81,0.415,0,0.469,0.558,1,0.000,0.000,0.000,0.000,0.000,0.000,-0.010,-0.017
88.01,0.417,0,0.472,0.559,1,0.000,0.000,0.000,0.000,0.000,0.000,-0.001,-0.014
88.21,0.105,0,0.472,0.559,1,0.000,0.000,0.000,0.000,0.000,0.000,-0.001,-0.014
88.41,0.106,0,0.472,0.558,1,0.000,0.000,0.000,0.000,0.000,0.000,-0.002,-0.011
88.61,0.419,0,0.472,0.558,1,0.000,0.000,0.000,0.000,0.000,0.000,-0.005,-0.012
88.81,0.419,0,0.472,0.558,1,0.000,0.000,0.000,0.000,0.000,0.000,-0.022,-0.014
89.01,0.417,0,0.471,0.559,1,0.000,0.000,0.000,0.000,0.000,0.000,-0.011,-0.020
89.21,0.419,0,0.471,0.559,1,0.000,0.000,0.000,0.000,0.000,0.000,-0.011,-0.020
89.41,0.417,0,0.472,0.559,1,0.000,0.000,0.000,0.000,0.000,0.000,-0.007,-0.032
89.61,0.106,0,0.472,0.559,1,0.000,0.000,0.000,0.000,0.000,0.000,-0.006,-0.025
89.81,0.106,0,0.472,0.559,1,0.000,0.000,0.000,0.000,0.000,0.000,-0.001,-0.029
90.01,0.105,0,0.472,0.559,1,0.000,0.000,0.000,0.000,0.000,0.000,-0.001,-0.029
90.21,0.106,0,0.472,0.559,1,0.000,0.000,0.000,0.000,0.000,0.000,-0.013,-0.021
90.41,0.463,0,0.472,0.559,1,0.000,0.000,0.000,0.000,0.000,0.000,0.002,-0.028
90.61,0.105,0,0.472,0.559,1,0.000,0.000,0.000,0.000,0.000,0.000,-0.014,-0.011
90.81,0.105,0,0.472,0.559,1,0.000,0.000,0.000,0.000,0.000,0.000,-0.010,-0.012
91.01,0.105,0,0.472,0.558,1,0.000,0.000,0.000,0.000,0.000,0.000,-0.010,-0.012
91.21,0.462,0,0.472,0.558,1,0.000,0.000,0.000,0.000,0.000,0.000,-0.009,-0.014
91.41,0.460,0,0.469,0.559,1,0.000,0.000,0.000,0.000,0.000,0.000,-0.006,-0.011
91.61,0.464,0,0.469,0.559,1,0.000,0.000,0.000,0.000,0.000,0.000,-0.001,-0.013
91.81,0.464,0,0.469,0.559,1,0.000,0.000,0.000,0.000,0.000,0.000,-0.012,-0.026
92.01,0.463,0,0.472,0.559,1,0.000,0.000,0.000,0.000,0.000,0.000,-0.012,-0.026
92.21,0.106,0,0.472,0.559,1,0.000,0.000,0.000,0.000,0.000,0.000,-0.002,-0.015
92.41,0.463,0,0.472,0.558,1,0.000,0.000,0.000,0.000,0.000,0.000,-0.001,-0.019
92.61,0.462,0,0.472,0.558,1,0.000,0.000,0.000,0.000,0.000,0.000,-0.015,-0.015
92.81,0.462,0,0.472,0.558,1,0.000,0.000,0.000,0.000,0.000,0.000,-0.005,-0.014
93.01,0.462,0,0.471,0.558,1,0.000,0.000,0.000,0.000,0.000,0.000,-0.005,-0.014
93.21,0.106,0,0.471,0.558,1,0.000,0.000,0.000,0.000,0.000,0.000,-0.012,-0.025
93.41,0.462,0,0.471,0.558,1,0.000,0.000,0.000,0.000,0.000,0.000,-0.013,-0.023
93.61,0.463,0,0.471,0.558,1,0.000,0.000,0.000,0.000,0.000,0.000,-0.013,-0.020
93.81,0.463,0,0.471,0.558,1,0.000,0.000,0.000,0.000,0.000,0.000,-0.002,-0.013
94.01,0.463,0,0.472,0.559,1,0.000,0.000,0.000,0.000,0.000,0.000,-0.002,-0.013
94.21,0.460,0,0.472,0.559,1,0.000,0.000,0.000,0.000,0.000,0.000,-0.015,-0.033
94.41,0.462,0,0.471,0.558,1,0.000,0.000,0.000,0.000,0.000,0.000,-0.010,-0.024
94.61,0.461,0,0.471,0.558,1,0.000,0.000,0.000,0.000,0.000,0.000,-0.012,-0.024
94.81,0.461,0,0.471,0.558,1,0.000,0.000,0.000,0.000,0.000,0.000,-0.008,-0.020
95.01,0.463,0,0.472,0.559,1,0.000,0.000,0.000,0.000,0.000,0.000,-0.008,-0.020
95.21,0.106,0,0.472,0.559,1,0.000,0.000,0.000,0.000,0.000,0.000,-0.015,-0.023
95.41,0.464,0,0.473,0.559,1,0.000,0.000,0.000,0.000,0.000,0.000,-0.022,-0.012
95.61,0.464,0,0.473,0.559,1,0.000,0.000,0.000,0.000,0.000,0.000,-0.009,-0.015
95.81,0.105,0,0.473,0.559,1,0.000,0.000,0.000,0.000,0.000,0.000,-0.008,-0.012
96.01,0.105,0,0.473,0.559,1,0.000,0.000,0.000,0.000,0.000,0.000,-0.008,-0.012
96.21,0.463,0,0.473,0.559,1,0.000,0.000,0.000,0.000,0.000,0.000,-0.010,-0.006
96.41,0.106,0,0.472,0.559,1,0.000,0.000,0.000,0.000,0.000,0.000,-0.005,-0.014
96.61,0.106,0,0.472,0.559,1,0.000,0.000,0.000,0.000,0.000,0.000,-0.016,-0.021
96.81,0.463,0,0.472,0.559,1,0.000,0.000,0.000,0.000,0.000,0.000,-0.007,-0.010
97.01,0.462,0,0.471,0.559,1,0.000,0.000,0.000,0.000,0.000,0.000,-0.007,-0.010
97.21,0.464,0,0.471,0.559,1,0.000,0.000,0.000,0.000,0.000,0.000,-0.006,-0.008
97.41,0.107,0,0.472,0.559,1,0.000,0.000,0.000,0.000,0.000,0.000,-0.003,-0.011
97.61,0.107,0,0.472,0.559,1,0.000,0.000,0.000,0.000,0.000,0.000,-0.007,-0.016
97.81,0.106,0,0.472,0.559,1,0.000,0.000,0.000,0.000,0.000,0.000,-0.008,-0.024
98.01,0.105,0,0.471,0.559,1,0.000,0.000,0.000,0.000,0.000,0.000,-0.008,-0.024
98.21,0.463,0,0.471,0.559,1,0.000,0.000,0.000,0.000,0.000,0.000,-0.007,-0.005
98.41,0.461,0,0.470,0.559,1,0.000,0.000,0.000,0.000,0.000,0.000,-0.008,-0.005
98.61,0.461,0,0.470,0.559,1,0.000,0.000,0.000,0.000,0.000,0.000,-0.011,-0.035
98.81,0.106,0,0.470,0.559,1,0.000,0.000,0.000,0.000,0.000,0.000,-0.011,-0.035
99.01,0.107,0,0.472,0.558,1,0.000,0.000,0.000,0.000,0.000,0.000,-0.016,-0.037
99.21,0.106,0,0.472,0.558,1,0.000,0.000,0.000,0.000,0.000,0.000,-0.017,-0.042
99.41,0.106,0,0.470,0.559,1,0.000,0.000,0.000,0.000,0.000,0.000,-0.011,-0.023
99.61,0.106,0,0.470,0.559,1,0.000,0.000,0.000,0.000,0.000,0.000,-0.014,-0.014
99.81,0.105,0,0.470,0.559,1,0.000,0.000,0.000,0.000,0.000,0.000,-0.014,-0.014
100.01,0.463,0,0.472,0.559,1,0.000,0.000,0.000,0.000,0.000,0.000,-0.009,0.001
100.21,0.105,0,0.472,0.559,1,0.000,0.000,0.000,0.000,0.000,0.000,-0.004,-0.008
100.41,0.463,0,0.472,0.559,1,0.000,0.000,0.000,0.000,0.000,0.000,-0.005,-0.002
100.61,0.463,0,0.472,0.559,1,0.000,0.000,0.000,0.000,0.000,0.000,-0.009,-0.007
100.81,0.462,0,0.472,0.559,1,0.000,0.000,0.000,0.000,0.000,0.000,-0.009,-0.007
101.01,0.107,0,0.472,0.559,1,0.000,0.000,0.000,0.000,0.000,0.000,-0.006,-0.008
101.21,0.462,0,0.472,0.559,1,0.000,0.000,0.000,0.000,0.000,0.000,0.003,-0.004
101.41,0.106,0,0.470,0.559,1,0.000,0.000,0.000,0.000,0.000,0.000,0.004,-0.009
101.61,0.106,0,0.470,0.559,1,0.000,0.000,0.000,0.000,0.000,0.000,-0.007,-0.004
101.81,0.106,0,0.470,0.559,1,0.000,0.000,0.000,0.000,0.000,0.000,-0.007,-0.004
102.01,0.463,0,0.472,0.559,1,0.000,0.000,0.000,0.000,0.000,0.000,-0.003,-0.020
102.21,0.463,0,0.472,0.559,1,0.000,0.000,0.000,0.000,0.000,0.000,-0.002,-0.004
102.41,0.463,0,0.472,0.559,1,0.000,0.000,0.000,0.000,0.000,0.000,-0.004,-0.009
102.61,0.463,0,0.472,0.559,1,0.000,0.000,0.000,0.000,0.000,0.000,-0.003,-0.005
102.81,0.105,0,0.472,0.559,1,0.000,0.000,0.000,0.000,0.000,0.000,-0.003,-0.005
103.01,0.463,0,0.472,0.559,1,0.000,0.000,0.000,0.000,0.000,0.000,0.001,-0.003
103.21,0.462,0,0.472,0.559,1,0.000,0.000,0.000,0.000,0.000,0.000,0.002,-0.009
103.41,0.462,0,0.472,0.558,1,0.000,0.000,0.000,0.000,0.000,0.000,-0.003,-0.014
103.61,0.463,0,0.472,0.558,1,0.000,0.000,0.000,0.000,0.000,0.000,0.002,-0.014
103.81,0.105,0,0.472,0.558,1,0.000,0.000,0.000,0.000,0.000,0.000,0.002,-0.014
104.01,0.463,0,0.472,0.559,1,0.000,0.000,0.000,0.000,0.000,0.000,-0.001,-0.007
104.21,0.105,0,0.472,0.559,1,0.000,0.000,0.000,0.000,0.000,0.000,-0.003,-0.010
104.41,0.105,0,0.472,0.559,1,0.000,0.000,0.000,0.000,0.000,0.000,-0.005,-0.011
104.61,0.106,0,0.472,0.559,1,0.000,0.000,0.000,0.000,0.000,0.000,-0.008,-0.024
104.81,0.463,0,0.472,0.559,1,0.000,0.000,0.000,0.000,0.000,0.000,-0.008,-0.024
105.01,0.463,0,0.472,0.559,1,0.000,0.000,0.000,0.000,0.000,0.000,-0.005,-0.009
105.21,0.463,0,0.472,0.559,1,0.000,0.000,0.000,0.000,0.000,0.000,0.007,-0.012
105.41,0.463,0,0.472,0.558,1,0.000,0.000,0.000,0.000,0.000,0.000,0.003,0.002
105.61,0.462,0,0.472,0.558,1,0.000,0.000,0.000,0.000,0.000,0.000,-0.006,-0.037
105.81,0.106,0,0.472,0.558,1,0.000,0.000,0.000,0.000,0.000,0.000,-0.006,-0.037
106.01,0.462,0,0.471,0.559,1,0.000,0.000,0.000,0.000,0.000,0.000,-0.005,-0.038
106.21,0.460,0,0.471,0.559,1,0.000,0.000,0.000,0.000,0.000,0.000,-0.017,-0.044
106.41,0.460,0,0.469,0.559,1,0.000,0.000,0.000,0.000,0.000,0.000,-0.011,-0.038
106.61,0.462,0,0.469,0.559,1,0.000,0.000,0.000,0.000,0.000,0.000,-0.011,-0.038
106.81,0.105,0,0.469,0.559,1,0.000,0.000,0.000,0.000,0.000,0.000,-0.007,-0.051
107.01,0.105,0,0.472,0.559,1,0.000,0.000,0.000,0.000,0.000,0.000,-0.006,-0.049
107.21,0.105,0,0.472,0.559,1,0.000,0.000,0.000,0.000,0.000,0.000,-0.019,-0.034
107.41,0.105,0,0.473,0.559,1,0.000,0.000,0.000,0.000,0.000,0.000,-0.013,-0.054
107.61,0.107,0,0.473,0.559,1,0.000,0.000,0.000,0.000,0.000,0.000,-0.013,-0.054
107.81,0.461,0,0.473,0.559,1,0.000,0.000,0.000,0.000,0.000,0.000,-0.010,-0.045
108.01,0.463,0,0.470,0.559,1,0.000,0.000,0.000,0.000,0.000,0.000,-0.012,-0.048
108.21,0.463,0,0.470,0.559,1,0.000,0.000,0.000,0.000,0.000,0.000,-0.014,-0.052
108.41,0.463,0,0.472,0.559,1,0.000,0.000,0.000,0.000,0.000,0.000,-0.011,-0.035
108.61,0.463,0,0.472,0.559,1,0.000,0.000,0.000,0.000,0.000,0.000,-0.011,-0.035
108.81,0.463,0,0.472,0.559,1,0.000,0.000,0.000,0.000,0.000,0.000,-0.015,-0.045
109.01,0.463,0,0.472,0.558,1,0.000,0.000,0.000,0.000,0.000,0.000,-0.020,-0.047
109.21,0.461,0,0.472,0.558,1,0.000,0.000,0.000,0.000,0.000,0.000,-0.018,-0.034
109.41,0.461,0,0.470,0.559,1,0.000,0.000,0.000,0.000,0.000,0.000,-0.023,-0.040
109.61,0.463,0,0.470,0.559,1,0.000,0.000,0.000,0.000,0.000,0.000,-0.023,-0.040
109.81,0.461,0,0.470,0.559,1,0.000,0.000,0.000,0.000,0.000,0.000,-0.009,-0.049
110.01,0.463,0,0.470,0.558,1,0.000,0.000,0.000,0.000,0.000,0.000,-0.013,-0.047
110.21,0.105,0,0.470,0.558,1,0.000,0.000,0.000,0.000,0.000,0.000,-0.010,-0.043
110.41,0.105,0,0.472,0.559,1,0.000,0.000,0.000,0.000,0.000,0.000,-0.010,-0.031
110.61,0.106,0,0.472,0.559,1,0.000,0.000,0.000,0.000,0.000,0.000,-0.010,-0.031
110.81,0.105,0,0.472,0.559,1,0.000,0.000,0.000,0.000,0.000,0.000,-0.010,-0.035
111.01,0.461,0,0.470,0.559,1,0.000,0.000,0.000,0.000,0.000,0.000,-0.013,-0.037
111.21,0.460,0,0.470,0.559,1,0.000,0.000,0.000,0.000,0.000,0.000,-0.012,-0.038
111.41,0.460,0,0.469,0.559,1,0.000,0.000,0.000,0.000,0.000,0.000,-0.010,-0.028
111.61,0.107,0,0.469,0.559,1,0.000,0.000,0.000,0.000,0.000,0.000,-0.010,-0.028
111.81,0.105,0,0.469,0.559,1,0.000,0.000,0.000,0.000,0.000,0.000,-0.005,-0.036
112.01,0.463,0,0.472,0.558,1,0.000,0.000,0.000,0.000,0.000,0.000,-0.003,-0.032
112.21,0.463,0,0.472,0.558,1,0.000,0.000,0.000,0.000,0.000,0.000,-0.003,-0.025
112.41,0.463,0,0.472,0.559,1,0.000,0.000,0.000,0.000,0.000,0.000,-0.000,-0.020
112.61,0.106,0,0.472,0.559,1,0.000,0.000,0.000,0.000,0.000,0.000,-0.000,-0.020
112.81,0.463,0,0.472,0.559,1,0.000,0.000,0.000,0.000,0.000,0.000,-0.009,-0.032
113.01,0.463,0,0.472,0.559,1,0.000,0.000,0.000,0.000,0.000,0.000,-0.009,-0.026
113.21,0.463,0,0.472,0.559,1,0.000,0.000,0.000,0.000,0.000,0.000,-0.003,-0.023
113.41,0.106,0,0.469,0.559,1,0.000,0.000,0.000,0.000,0.000,0.000,-0.008,-0.043
113.61,0.462,0,0.469,0.559,1,0.000,0.000,0.000,0.000,0.000,0.000,-0.008,-0.043
113.81,0.105,0,0.469,0.559,1,0.000,0.000,0.000,0.000,0.000,0.000,-0.006,-0.037
114.01,0.106,0,0.472,0.559,1,0.000,0.000,0.000,0.000,0.000,0.000,-0.010,-0.030
114.21,0.106,0,0.472,0.559,1,0.000,0.000,0.000,0.000,0.000,0.000,-0.003,-0.033
114.41,0.463,0,0.472,0.558,1,0.000,0.000,0.000,0.000,0.000,0.000,-0.021,-0.028
114.61,0.463,0,0.472,0.558,1,0.000,0.000,0.000,0.000,0.000,0.000,-0.021,-0.028
114.81,0.463,0,0.472,0.558,1,0.000,0.000,0.000,0.000,0.000,0.000,-0.021,-0.034
115.01,0.463,0,0.472,0.559,1,0.000,0.000,0.000,0.000,0.000,0.000,-0.011,-0.024
115.21,0.463,0,0.472,0.559,1,0.000,0.000,0.000,0.000,0.000,0.000,-0.005,-0.031
115.41,0.460,0,0.469,0.559,1,0.000,0.000,0.000,0.000,0.000,0.000,-0.005,-0.031
115.61,0.462,0,0.469,0.559,1,0.000,0.000,0.000,0.000,0.000,0.000,-0.017,-0.027
115.81,0.106,0,0.469,0.559,1,0.000,0.000,0.000,0.000,0.000,0.000,-0.014,-0.032
116.01,0.461,0,0.472,0.558,1,0.000,0.000,0.000,0.000,0.000,0.000,-0.002,-0.021
116.21,0.461,0,0.472,0.558,1,0.000,0.000,0.000,0.000,0.000,0.000,-0.007,-0.016
116.41,0.105,0,0.473,0.559,1,0.000,0.000,0.000,0.000,0.000,0.000,-0.007,-0.016
116.61,0.463,0,0.473,0.559,1,0.000,0.000,0.000,0.000,0.000,0.000,-0.015,-0.022
116.81,0.463,0,0.473,0.559,1,0.000,0.000,0.000,0.000,0.000,0.000,-0.016,-0.027
117.01,0.106,0,0.472,0.559,1,0.000,0.000,0.000,0.000,0.000,0.000,-0.002,-0.023
117.21,0.106,0,0.472,0.559,1,0.000,0.000,0.000,0.000,0.000,0.000,-0.014,-0.032
117.41,0.105,0,0.472,0.559,1,0.000,0.000,0.000,0.000,0.000,0.000,-0.014,-0.032
117.61,0.463,0,0.472,0.559,1,0.000,0.000,0.000,0.000,0.000,0.000,-0.012,-0.041
117.81,0.463,0,0.472,0.559,1,0.000,0.000,0.000,0.000,0.000,0.000,-0.010,-0.036
118.01,0.463,0,0.472,0.558,1,0.000,0.000,0.000,0.000,0.000,0.000,-0.011,-0.036
118.21,0.463,0,0.472,0.558,1,0.000,0.000,0.000,0.000,0.000,0.000,-0.016,-0.036
118.41,0.463,0,0.472,0.558,1,0.000,0.000,0.000,0.000,0.000,0.000,-0.016,-0.036
118.61,0.463,0,0.472,0.558,1,0.000,0.000,0.000,0.000,0.000,0.000,-0.023,-0.034
118.81,0.463,0,0.472,0.558,1,0.000,0.000,0.000,0.000,0.000,0.000,-0.017,-0.035
119.01,0.463,0,0.472,0.558,1,0.000,0.000,0.000,0.000,0.000,0.000,-0.015,-0.050
119.21,0.462,0,0.472,0.558,1,0.000,0.000,0.000,0.000,0.000,0.000,-0.023,-0.049
119.41,0.460,0,0.469,0.559,1,0.000,0.000,0.000,0.000,0.000,0.000,-0.023,-0.049
119.61,0.106,0,0.469,0.559,1,0.000,0.000,0.000,0.000,0.000,0.000,-0.014,-0.051
119.81,0.105,0,0.469,0.559,1,0.000,0.000,0.000,0.000,0.000,0.000,-0.013,-0.041
120.01,0.105,0,0.472,0.559,1,0.000,0.000,0.000,0.000,0.000,0.000,-0.028,-0.054
120.21,0.105,0,0.472,0.559,1,0.000,0.000,0.000,0.000,0.000,0.000,-0.016,-0.042
120.41,0.460,0,0.469,0.558,1,0.000,0.000,0.000,0.000,0.000,0.000,-0.016,-0.042
120.61,0.461,0,0.469,0.558,1,0.000,0.000,0.000,0.000,0.000,0.000,-0.018,-0.050
120.81,0.106,0,0.469,0.558,1,0.000,0.000,0.000,0.000,0.000,0.000,-0.019,-0.058
121.01,0.106,0,0.472,0.559,1,0.000,0.000,0.000,0.000,0.000,0.000,-0.022,-0.061
121.21,0.106,0,0.472,0.559,1,0.000,0.000,0.000,0.000,0.000,0.000,-0.016,-0.051
121.41,0.463,0,0.472,0.558,1,0.000,0.000,0.000,0.000,0.000,0.000,-0.016,-0.051
121.61,0.106,0,0.472,0.558,1,0.000,0.000,0.000,0.000,0.000,0.000,-0.021,-0.047
121.81,0.106,0,0.472,0.558,1,0.000,0.000,0.000,0.000,0.000,0.000,-0.022,-0.048
122.01,0.106,0,0.472,0.559,1,0.000,0.000,0.000,0.000,0.000,0.000,-0.032,-0.045
122.21,0.105,0,0.472,0.559,1,0.000,0.000,0.000,0.000,0.000,0.000,-0.028,-0.042
122.41,0.462,0,0.471,0.558,1,0.000,0.000,0.000,0.000,0.000,0.000,-0.028,-0.042
122.61,0.462,0,0.471,0.558,1,0.000,0.000,0.000,0.000,0.000,0.000,-0.016,-0.043
122.81,0.464,0,0.471,0.558,1,0.000,0.000,0.000,0.000,0.000,0.000,-0.021,-0.055
123.01,0.464,0,0.473,0.559,1,0.000,0.000,0.000,0.000,0.000,0.000,-0.023,-0.027
123.21,0.105,0,0.473,0.559,1,0.000,0.000,0.000,0.000,0.000,0.000,-0.023,-0.027
123.41,0.462,0,0.471,0.558,1,0.000,0.000,0.000,0.000,0.000,0.000,-0.022,-0.047
123.61,0.106,0,0.471,0.558,1,0.000,0.000,0.000,0.000,0.000,0.000,-0.014,-0.049
123.81,0.463,0,0.471,0.558,1,0.000,0.000,0.000,0.000,0.000,0.000,-0.025,-0.042
124.01,0.463,0,0.472,0.559,1,0.000,0.000,0.000,0.000,0.000,0.000,-0.015,-0.041
124.21,0.461,0,0.472,0.559,1,0.000,0.000,0.000,0.000,0.000,0.000,-0.015,-0.041
124.41,0.463,0,0.472,0.558,1,0.000,0.000,0.000,0.000,0.000,0.000,-0.015,-0.035
124.61,0.463,0,0.472,0.558,1,0.000,0.000,0.000,0.000,0.000,0.000,-0.018,-0.046
124.81,0.461,0,0.472,0.558,1,0.000,0.000,0.000,0.000,0.000,0.000,-0.026,-0.054
125.01,0.461,0,0.470,0.559,1,0.000,0.000,0.000,0.000,0.000,0.000,-0.020,-0.046
125.21,0.106,0,0.470,0.559,1,0.000,0.000,0.000,0.000,0.000,0.000,-0.020,-0.046
125.41,0.462,0,0.471,0.558,1,0.000,0.000,0.000,0.000,0.000,0.000,-0.017,-0.041
125.61,0.106,0,0.471,0.558,1,0.000,0.000,0.000,0.000,0.000,0.000,-0.017,-0.055
125.81,0.463,0,0.471,0.558,1,0.000,0.000,0.000,0.000,0.000,0.000,-0.017,-0.043
126.01,0.463,0,0.472,0.560,1,0.000,0.000,0.000,0.000,0.000,0.000,-0.004,-0.039
126.21,0.106,0,0.472,0.560,1,0.000,0.000,0.000,0.000,0.000,0.000,-0.004,-0.039
126.41,0.463,0,0.472,0.559,1,0.000,0.000,0.000,0.000,0.000,0.000,-0.013,-0.034
126.61,0.463,0,0.472,0.559,1,0.000,0.000,0.000,0.000,0.000,0.000,-0.021,-0.048
126.81,0.462,0,0.472,0.559,1,0.000,0.000,0.000,0.000,0.000,0.000,-0.013,-0.040
127.01,0.462,0,0.471,0.558,1,0.000,0.000,0.000,0.000,0.000,0.000,-0.013,-0.036
127.21,0.461,0,0.471,0.558,1,0.000,0.000,0.000,0.000,0.000,0.000,-0.013,-0.036
127.41,0.463,0,0.472,0.558,1,0.000,0.000,0.000,0.000,0.000,0.000,-0.005,-0.041
127.61,0.463,0,0.472,0.558,1,0.000,0.000,0.000,0.000,0.000,0.000,-0.020,-0.039
127.81,0.105,0,0.472,0.558,1,0.000,0.000,0.000,0.000,0.000,0.000,-0.010,-0.047
128.01,0.105,0,0.471,0.559,1,0.000,0.000,0.000,0.000,0.000,0.000,-0.010,-0.047
128.21,0.105,0,0.471,0.559,1,0.000,0.000,0.000,0.000,0.000,0.000,-0.010,-0.047
128.41,0.463,0,0.472,0.559,1,0.000,0.000,0.000,0.000,0.000,0.000,-0.019,-0.042
128.61,0.461,0,0.472,0.559,1,0.000,0.000,0.000,0.000,0.000,0.000,-0.021,-0.041
128.81,0.461,0,0.472,0.559,1,0.000,0.000,0.000,0.000,0.000,0.000,-0.013,-0.038
129.01,0.106,0,0.472,0.558,1,0.000,0.000,0.000,0.000,0.000,0.000,-0.020,-0.038
129.21,0.463,0,0.472,0.558,1,0.000,0.000,0.000,0.000,0.000,0.000,-0.020,-0.038
129.41,0.106,0,0.469,0.559,1,0.000,0.000,0.000,0.000,0.000,0.000,-0.012,-0.043
129.61,0.463,0,0.469,0.559,1,0.000,0.000,0.000,0.000,0.000,0.000,-0.015,-0.048
129.81,0.463,0,0.469,0.559,1,0.000,0.000,0.000,0.000,0.000,0.000,-0.016,-0.046
130.01,0.462,0,0.471,0.559,1,0.000,0.000,0.000,0.000,0.000,0.000,-0.016,-0.046
130.21,0.105,0,0.471,0.559,1,0.000,0.000,0.000,0.000,0.000,0.000,-0.018,-0.049
130.41,0.463,0,0.472,0.558,1,0.000,0.000,0.000,0.000,0.000,0.000,-0.020,-0.040
130.61,0.463,0,0.472,0.558,1,0.000,0.000,0.000,0.000,0.000,0.000,-0.025,-0.045
130.81,0.463,0,0.472,0.558,1,0.000,0.000,0.000,0.000,0.000,0.000,-0.010,-0.045
131.01,0.106,0,0.469,0.558,1,0.000,0.000,0.000,0.000,0.000,0.000,-0.010,-0.045
131.21,0.105,0,0.469,0.558,1,0.000,0.000,0.000,0.000,0.000,0.000,-0.021,-0.047
131.41,0.105,0,0.471,0.558,1,0.000,0.000,0.000,0.000,0.000,0.000,-0.017,-0.046
131.61,0.463,0,0.471,0.558,1,0.000,0.000,0.000,0.000,0.000,0.000,-0.020,-0.053
131.81,0.463,0,0.471,0.558,1,0.000,0.000,0.000,0.000,0.000,0.000,-0.018,-0.051
132.01,0.462,0,0.471,0.558,1,0.000,0.000,0.000,0.000,0.000,0.000,-0.018,-0.051
132.21,0.463,0,0.471,0.558,1,0.000,0.000,0.000,0.000,0.000,0.000,-0.026,-0.044
132.41,0.105,0,0.471,0.559,1,0.000,0.000,0.000,0.000,0.000,0.000,-0.015,-0.040
132.61,0.462,0,0.471,0.559,1,0.000,0.000,0.000,0.000,0.000,0.000,-0.020,-0.036
132.81,0.462,0,0.471,0.559,1,0.000,0.000,0.000,0.000,0.000,0.000,-0.013,-0.042
133.01,0.462,0,0.471,0.558,1,0.000,0.000,0.000,0.000,0.000,0.000,-0.013,-0.042
133.21,0.461,0,0.471,0.558,1,0.000,0.000,0.000,0.000,0.000,0.000,-0.012,-0.047
133.41,0.106,0,0.472,0.559,1,0.000,0.000,0.000,0.000,0.000,0.000,-0.023,-0.050
133.61,0.463,0,0.472,0.559,1,0.000,0.000,0.000,0.000,0.000,0.000,-0.012,-0.050
133.81,0.463,0,0.472,0.559,1,0.000,0.000,0.000,0.000,0.000,0.000,-0.008,-0.053
134.01,0.105,0,0.471,0.559,1,0.000,0.000,0.000,0.000,0.000,0.000,-0.008,-0.053
134.21,0.463,0,0.471,0.559,1,0.000,0.000,0.000,0.000,0.000,0.000,-0.015,-0.046
134.41,0.463,0,0.472,0.559,1,0.000,0.000,0.000,0.000,0.000,0.000,-0.007,-0.045
134.61,0.106,0,0.472,0.559,1,0.000,0.000,0.000,0.000,0.000,0.000,-0.007,-0.043
134.81,0.106,0,0.472,0.559,1,0.000,0.000,0.000,0.000,0.000,0.000,-0.015,-0.045
135.01,0.106,0,0.469,0.558,1,0.000,0.000,0.000,0.000,0.000,0.000,-0.015,-0.045
135.21,0.106,0,0.469,0.558,1,0.000,0.000,0.000,0.000,0.000,0.000,-0.004,-0.045
135.41,0.463,0,0.472,0.559,1,0.000,0.000,0.000,0.000,0.000,0.000,-0.011,-0.045
135.61,0.105,0,0.472,0.559,1,0.000,0.000,0.000,0.000,0.000,0.000,-0.012,-0.049
135.81,0.105,0,0.472,0.559,1,0.000,0.000,0.000,0.000,0.000,0.000,-0.016,-0.051
136.01,0.461,0,0.470,0.558,1,0.000,0.000,0.000,0.000,0.000,0.000,-0.016,-0.051
136.21,0.106,0,0.470,0.558,1,0.000,0.000,0.000,0.000,0.000,0.000,-0.016,-0.052
136.41,0.106,0,0.473,0.559,1,0.000,0.000,0.000,0.000,0.000,0.000,-0.020,-0.040
136.61,0.106,0,0.473,0.559,1,0.000,0.000,0.000,0.000,0.000,0.000,-0.015,-0.041
136.81,0.461,0,0.473,0.559,1,0.000,0.000,0.000,0.000,0.000,0.000,-0.017,-0.040
137.01,0.463,0,0.472,0.559,1,0.000,0.000,0.000,0.000,0.000,0.000,-0.017,-0.040
137.21,0.106,0,0.472,0.559,1,0.000,0.000,0.000,0.000,0.000,0.000,-0.014,-0.036
137.41,0.463,0,0.472,0.559,1,0.000,0.000,0.000,0.000,0.000,0.000,-0.011,-0.039
137.61,0.463,0,0.472,0.559,1,0.000,0.000,0.000,0.000,0.000,0.000,-0.018,-0.049
137.81,0.462,0,0.472,0.559,1,0.000,0.000,0.000,0.000,0.000,0.000,-0.019,-0.050
138.01,0.460,0,0.469,0.559,1,0.000,0.000,0.000,0.000,0.000,0.000,-0.019,-0.050
138.21,0.461,0,0.469,0.559,1,0.000,0.000,0.000,0.000,0.000,0.000,-0.015,-0.044
138.41,0.463,0,0.472,0.559,1,0.000,0.000,0.000,0.000,0.000,0.000,-0.024,-0.040
138.61,0.463,0,0.472,0.559,1,0.000,0.000,0.000,0.000,0.000,0.000,-0.023,-0.031
138.81,0.463,0,0.472,0.559,1,0.000,0.000,0.000,0.000,0.000,0.000,-0.023,-0.031
139.01,0.104,0,0.472,0.558,1,0.000,0.000,0.000,0.000,0.000,0.000,-0.014,-0.020
139.21,0.106,0,0.472,0.558,1,0.000,0.000,0.000,0.000,0.000,0.000,-0.017,-0.032
139.41,0.463,0,0.472,0.559,1,0.000,0.000,0.000,0.000,0.000,0.000,-0.025,-0.034
139.61,0.463,0,0.472,0.559,1,0.000,0.000,0.000,0.000,0.000,0.000,-0.022,-0.032
139.81,0.462,0,0.472,0.559,1,0.000,0.000,0.000,0.000,0.000,0.000,-0.022,-0.032
140.01,0.106,0,0.473,0.558,1,0.000,0.000,0.000,0.000,0.000,0.000,-0.022,-0.029
140.21,0.462,0,0.473,0.558,1,0.000,0.000,0.000,0.000,0.000,0.000,-0.011,-0.033
140.41,0.463,0,0.472,0.559,1,0.000,0.000,0.000,0.000,0.000,0.000,-0.031,-0.031
140.61,0.463,0,0.472,0.559,1,0.000,0.000,0.000,0.000,0.000,0.000,-0.016,-0.025
140.81,0.105,0,0.472,0.559,1,0.000,0.000,0.000,0.000,0.000,0.000,-0.016,-0.025
141.01,0.106,0,0.472,0.558,1,0.000,0.000,0.000,0.000,0.000,0.000,-0.025,-0.028
141.21,0.105,0,0.472,0.558,1,0.000,0.000,0.000,0.000,0.000,0.000,-0.020,-0.043
141.41,0.462,0,0.471,0.558,1,0.000,0.000,0.000,0.000,0.000,0.000,-0.022,-0.037
141.61,0.462,0,0.471,0.558,1,0.000,0.000,0.000,0.000,0.000,0.000,-0.016,-0.033
141.81,0.463,0,0.471,0.558,1,0.000,0.000,0.000,0.000,0.000,0.000,-0.016,-0.033
142.01,0.461,0,0.470,0.559,1,0.000,0.000,0.000,0.000,0.000,0.000,-0.013,-0.032
142.21,0.104,0,0.470,0.559,1,0.000,0.000,0.000,0.000,0.000,0.000,-0.016,-0.035
142.41,0.464,0,0.473,0.558,1,0.000,0.000,0.000,0.000,0.000,0.000,-0.019,-0.014
142.61,0.464,0,0.473,0.558,1,0.000,0.000,0.000,0.000,0.000,0.000,-0.018,-0.023
142.81,0.461,0,0.473,0.558,1,0.000,0.000,0.000,0.000,0.000,0.000,-0.018,-0.023
143.01,0.105,0,0.472,0.559,1,0.000,0.000,0.000,0.000,0.000,0.000,-0.014,-0.041
143.21,0.462,0,0.472,0.559,1,0.000,0.000,0.000,0.000,0.000,0.000,-0.025,-0.032
143.41,0.105,0,0.472,0.558,1,0.000,0.000,0.000,0.000,0.000,0.000,-0.015,-0.029
143.61,0.105,0,0.472,0.558,1,0.000,0.000,0.000,0.000,0.000,0.000,-0.013,-0.035
143.81,0.463,0,0.472,0.558,1,0.000,0.000,0.000,0.000,0.000,0.000,-0.013,-0.035
144.01,0.104,0,0.472,0.559,1,0.000,0.000,0.000,0.000,0.000,0.000,-0.014,-0.025
144.21,0.104,0,0.472,0.559,1,0.000,0.000,0.000,0.000,0.000,0.000,-0.020,-0.039
144.41,0.104,0,0.471,0.558,1,0.000,0.000,0.000,0.000,0.000,0.000,-0.003,-0.025
144.61,0.462,0,0.471,0.558,1,0.000,0.000,0.000,0.000,0.000,0.000,-0.005,-0.033
144.81,0.461,0,0.471,0.558,1,0.000,0.000,0.000,0.000,0.000,0.000,-0.005,-0.033
145.01,0.106,0,0.473,0.558,1,0.000,0.000,0.000,0.000,0.000,0.000,-0.016,-0.030
145.21,0.105,0,0.473,0.558,1,0.000,0.000,0.000,0.000,0.000,0.000,-0.005,-0.036
145.41,0.105,0,0.470,0.558,1,0.000,0.000,0.000,0.000,0.000,0.000,-0.008,-0.028
145.61,0.462,0,0.470,0.558,1,0.000,0.000,0.000,0.000,0.000,0.000,-0.008,-0.027
145.81,0.462,0,0.470,0.558,1,0.000,0.000,0.000,0.000,0.000,0.000,-0.008,-0.027
146.01,0.105,0,0.471,0.558,1,0.000,0.000,0.000,0.000,0.000,0.000,-0.007,-0.034
146.21,0.462,0,0.471,0.558,1,0.000,0.000,0.000,0.000,0.000,0.000,-0.009,-0.039
146.41,0.462,0,0.471,0.558,1,0.000,0.000,0.000,0.000,0.000,0.000,-0.012,-0.030
146.61,0.463,0,0.471,0.558,1,0.000,0.000,0.000,0.000,0.000,0.000,-0.012,-0.030
146.81,0.105,0,0.471,0.558,1,0.000,0.000,0.000,0.000,0.000,0.000,-0.005,-0.048
147.01,0.106,0,0.471,0.559,1,0.000,0.000,0.000,0.000,0.000,0.000,-0.003,-0.026
147.21,0.105,0,0.471,0.559,1,0.000,0.000,0.000,0.000,0.000,0.000,0.003,-0.017
147.41,0.105,0,0.472,0.559,1,0.000,0.000,0.000,0.000,0.000,0.000,0.000,-0.022
147.61,0.106,0,0.472,0.559,1,0.000,0.000,0.000,0.000,0.000,0.000,0.000,-0.022
147.81,0.463,0,0.472,0.559,1,0.000,0.000,0.000,0.000,0.000,0.000,-0.007,-0.031
148.01,0.461,0,0.472,0.559,1,0.000,0.000,0.000,0.000,0.000,0.000,-0.006,-0.024
148.21,0.106,0,0.472,0.559,1,0.000,0.000,0.000,0.000,0.000,0.000,-0.006,-0.035
148.41,0.106,0,0.472,0.558,1,0.000,0.000,0.000,0.000,0.000,0.000,-0.000,-0.025
148.61,0.462,0,0.472,0.558,1,0.000,0.000,0.000,0.000,0.000,0.000,-0.000,-0.025
148.81,0.463,0,0.472,0.558,1,0.000,0.000,0.000,0.000,0.000,0.000,-0.005,-0.032
149.01,0.105,0,0.472,0.559,1,0.000,0.000,0.000,0.000,0.000,0.000,0.000,-0.030
149.21,0.463,0,0.472,0.559,1,0.000,0.000,0.000,0.000,0.000,0.000,-0.004,-0.029
149.41,0.463,0,0.472,0.559,1,0.000,0.000,0.000,0.000,0.000,0.000,-0.002,-0.041
149.61,0.105,0,0.472,0.559,1,0.000,0.000,0.000,0.000,0.000,0.000,-0.002,-0.041
149.81,0.461,0,0.472,0.559,1,0.000,0.000,0.000,0.000,0.000,0.000,-0.007,-0.034
150.01,0.106,0,0.470,0.559,1,0.000,0.000,0.000,0.000,0.000,0.000,-0.004,-0.032
150.21,0.106,0,0.470,0.559,1,0.000,0.000,0.000,0.000,0.000,0.000,-0.003,-0.036
150.41,0.463,0,0.472,0.559,1,0.000,0.000,0.000,0.000,0.000,0.000,-0.014,-0.037
150.61,0.105,0,0.472,0.559,1,0.000,0.000,0.000,0.000,0.000,0.000,-0.014,-0.037
150.81,0.461,0,0.472,0.559,1,0.000,0.000,0.000,0.000,0.000,0.000,-0.010,-0.031
151.01,0.463,0,0.470,0.559,1,0.000,0.000,0.000,0.000,0.000,0.000,-0.009,-0.034
151.21,0.463,0,0.470,0.559,1,0.000,0.000,0.000,0.000,0.000,0.000,-0.004,-0.039
151.41,0.105,0,0.472,0.558,1,0.000,0.000,0.000,0.000,0.000,0.000,-0.008,-0.032
151.61,0.462,0,0.472,0.558,1,0.000,0.000,0.000,0.000,0.000,0.000,-0.008,-0.032
151.81,0.463,0,0.472,0.558,1,0.000,0.000,0.000,0.000,0.000,0.000,0.004,-0.031
152.01,0.105,0,0.472,0.558,1,0.000,0.000,0.000,0.000,0.000,0.000,-0.002,-0.030
152.21,0.105,0,0.472,0.558,1,0.000,0.000,0.000,0.000,0.000,0.000,-0.010,-0.043
152.41,0.463,0,0.472,0.559,1,0.000,0.000,0.000,0.000,0.000,0.000,-0.008,-0.026
152.61,0.462,0,0.472,0.559,1,0.000,0.000,0.000,0.000,0.000,0.000,-0.008,-0.026
152.81,0.462,0,0.472,0.559,1,0.000,0.000,0.000,0.000,0.000,0.000,-0.004,-0.032
153.01,0.106,0,0.471,0.559,1,0.000,0.000,0.000,0.000,0.000,0.000,-0.004,-0.033
153.21,0.106,0,0.471,0.559,1,0.000,0.000,0.000,0.000,0.000,0.000,-0.008,-0.031
153.41,0.460,0,0.469,0.559,1,0.000,0.000,0.000,0.000,0.000,0.000,-0.008,-0.031
153.61,0.106,0,0.469,0.559,1,0.000,0.000,0.000,0.000,0.000,0.000,-0.004,-0.043
153.81,0.104,0,0.469,0.559,1,0.000,0.000,0.000,0.000,0.000,0.000,-0.002,-0.030
154.01,0.106,0,0.472,0.558,1,0.000,0.000,0.000,0.000,0.000,0.000,-0.005,-0.042
154.21,0.106,0,0.472,0.558,1,0.000,0.000,0.000,0.000,0.000,0.000,-0.009,-0.045
154.41,0.461,0,0.470,0.558,1,0.000,0.000,0.000,0.000,0.000,0.000,-0.009,-0.045
154.61,0.462,0,0.470,0.558,1,0.000,0.000,0.000,0.000,0.000,0.000,-0.013,-0.042
154.81,0.106,0,0.470,0.558,1,0.000,0.000,0.000,0.000,0.000,0.000,-0.011,-0.020
155.01,0.106,0,0.472,0.558,1,0.000,0.000,0.000,0.000,0.000,0.000,-0.003,-0.023
155.21,0.106,0,0.472,0.558,1,0.000,0.000,0.000,0.000,0.000,0.000,-0.007,-0.035
155.41,0.105,0,0.470,0.559,1,0.000,0.000,0.000,0.000,0.000,0.000,-0.007,-0.035
155.61,0.461,0,0.470,0.559,1,0.000,0.000,0.000,0.000,0.000,0.000,-0.007,-0.024
155.81,0.462,0,0.470,0.559,1,0.000,0.000,0.000,0.000,0.000,0.000,0.000,-0.021
156.01,0.463,0,0.471,0.559,1,0.000,0.000,0.000,0.000,0.000,0.000,-0.009,-0.028
156.21,0.463,0,0.471,0.559,1,0.000,0.000,0.000,0.000,0.000,0.000,-0.014,-0.038
156.41,0.463,0,0.472,0.559,1,0.000,0.000,0.000,0.000,0.000,0.000,-0.014,-0.038
156.61,0.105,0,0.472,0.559,1,0.000,0.000,0.000,0.000,0.000,0.000,-0.012,-0.039
156.81,0.462,0,0.472,0.559,1,0.000,0.000,0.000,0.000,0.000,0.000,-0.002,-0.033
157.01,0.462,0,0.471,0.558,1,0.000,0.000,0.000,0.000,0.000,0.000,-0.013,-0.042
157.21,0.105,0,0.471,0.558,1,0.000,0.000,0.000,0.000,0.000,0.000,-0.014,-0.027
157.41,0.105,0,0.471,0.559,1,0.000,0.000,0.000,0.000,0.000,0.000,-0.014,-0.027
157.61,0.463,0,0.471,0.559,1,0.000,0.000,0.000,0.000,0.000,0.000,-0.005,-0.035
157.81,0.461,0,0.471,0.559,1,0.000,0.000,0.000,0.000,0.000,0.000,-0.012,-0.032
158.01,0.461,0,0.470,0.558,1,0.000,0.000,0.000,0.000,0.000,0.000,-0.008,-0.033
158.21,0.106,0,0.470,0.558,1,0.000,0.000,0.000,0.000,0.000,0.000,-0.010,-0.048
158.41,0.463,0,0.472,0.558,1,0.000,0.000,0.000,0.000,0.000,0.000,-0.010,-0.048
158.61,0.463,0,0.472,0.558,1,0.000,0.000,0.000,0.000,0.000,0.000,-0.003,-0.027
158.81,0.105,0,0.472,0.558,1,0.000,0.000,0.000,0.000,0.000,0.000,-0.004,-0.034
159.01,0.105,0,0.471,0.558,1,0.000,0.000,0.000,0.000,0.000,0.000,-0.007,-0.037
159.21,0.463,0,0.471,0.558,1,0.000,0.000,0.000,0.000,0.000,0.000,-0.007,-0.037
159.41,0.462,0,0.471,0.558,1,0.000,0.000,0.000,0.000,0.000,0.000,-0.007,-0.037
159.61,0.463,0,0.471,0.558,1,0.000,0.000,0.000,0.000,0.000,0.000,-0.001,-0.045
159.81,0.104,0,0.471,0.558,1,0.000,0.000,0.000,0.000,0.000,0.000,-0.006,-0.034
160.01,0.104,0,0.472,0.559,1,0.000,0.000,0.000,0.000,0.000,0.000,-0.004,-0.029
160.21,0.463,0,0.472,0.559,1,0.000,0.000,0.000,0.000,0.000,0.000,-0.004,-0.029
160.41,0.106,0,0.472,0.558,1,0.000,0.000,0.000,0.000,0.000,0.000,-0.005,-0.035
160.61,0.463,0,0.472,0.558,1,0.000,0.000,0.000,0.000,0.000,0.000,-0.008,-0.038
160.81,0.460,0,0.472,0.558,1,0.000,0.000,0.000,0.000,0.000,0.000,-0.014,-0.035
161.01,0.460,0,0.469,0.558,1,0.000,0.000,0.000,0.000,0.000,0.000,-0.017,-0.033
161.21,0.106,0,0.469,0.558,1,0.000,0.000,0.000,0.000,0.000,0.000,-0.017,-0.033
161.41,0.463,0,0.472,0.558,1,0.000,0.000,0.000,0.000,0.000,0.000,-0.005,-0.039
161.61,0.463,0,0.472,0.558,1,0.000,0.000,0.000,0.000,0.000,0.000,-0.011,-0.033
161.81,0.462,0,0.472,0.558,1,0.000,0.000,0.000,0.000,0.000,0.000,-0.009,-0.031
162.01,0.462,0,0.471,0.558,1,0.000,0.000,0.000,0.000,0.000,0.000,-0.006,-0.035
162.21,0.106,0,0.471,0.558,1,0.000,0.000,0.000,0.000,0.000,0.000,-0.006,-0.035
162.41,0.463,0,0.472,0.558,1,0.000,0.000,0.000,0.000,0.000,0.000,-0.009,-0.039
162.61,0.106,0,0.472,0.558,1,0.000,0.000,0.000,0.000,0.000,0.000,-0.010,-0.032
162.81,0.106,0,0.472,0.558,1,0.000,0.000,0.000,0.000,0.000,0.000,-0.006,-0.047
163.01,0.463,0,0.472,0.558,1,0.000,0.000,0.000,0.000,0.000,0.000,-0.005,-0.040
163.21,0.463,0,0.472,0.558,1,0.000,0.000,0.000,0.000,0.000,0.000,-0.005,-0.040
163.41,0.461,0,0.470,0.558,1,0.000,0.000,0.000,0.000,0.000,0.000,-0.006,-0.048
163.61,0.106,0,0.470,0.558,1,0.000,0.000,0.000,0.000,0.000,0.000,-0.017,-0.045
163.81,0.106,0,0.470,0.558,1,0.000,0.000,0.000,0.000,0.000,0.000,-0.015,-0.029
164.01,0.463,0,0.472,0.559,1,0.000,0.000,0.000,0.000,0.000,0.000,-0.014,-0.024
164.21,0.463,0,0.472,0.559,1,0.000,0.000,0.000,0.000,0.000,0.000,-0.014,-0.024
164.41,0.107,0,0.472,0.559,1,0.000,0.000,0.000,0.000,0.000,0.000,-0.020,-0.045
164.61,0.463,0,0.472,0.559,1,0.000,0.000,0.000,0.000,0.000,0.000,-0.024,-0.028
164.81,0.463,0,0.472,0.559,1,0.000,0.000,0.000,0.000,0.000,0.000,-0.016,-0.031
165.01,0.463,0,0.472,0.558,1,0.000,0.000,0.000,0.000,0.000,0.000,-0.016,-0.031
165.21,0.106,0,0.472,0.558,1,0.000,0.000,0.000,0.000,0.000,0.000,-0.018,-0.029
165.41,0.106,0,0.470,0.558,1,0.000,0.000,0.000,0.000,0.000,0.000,-0.013,-0.036
165.61,0.106,0,0.470,0.558,1,0.000,0.000,0.000,0.000,0.000,0.000,-0.017,-0.040
165.81,0.106,0,0.470,0.558,1,0.000,0.000,0.000,0.000,0.000,0.000,-0.017,-0.046
166.01,0.463,0,0.472,0.558,1,0.000,0.000,0.000,0.000,0.000,0.000,-0.017,-0.046
166.21,0.462,0,0.472,0.558,1,0.000,0.000,0.000,0.000,0.000,0.000,-0.010,-0.034
166.41,0.463,0,0.472,0.558,1,0.000,0.000,0.000,0.000,0.000,0.000,-0.018,-0.038
166.61,0.463,0,0.472,0.558,1,0.000,0.000,0.000,0.000,0.000,0.000,-0.009,-0.043
166.81,0.463,0,0.472,0.558,1,0.000,0.000,0.000,0.000,0.000,0.000,-0.007,-0.023
167.01,0.106,0,0.472,0.558,1,0.000,0.000,0.000,0.000,0.000,0.000,-0.007,-0.023
167.21,0.463,0,0.472,0.558,1,0.000,0.000,0.000,0.000,0.000,0.000,-0.015,-0.042
167.41,0.463,0,0.472,0.559,1,0.000,0.000,0.000,0.000,0.000,0.000,-0.019,-0.040
167.61,0.463,0,0.472,0.559,1,0.000,0.000,0.000,0.000,0.000,0.000,-0.015,-0.036
167.81,0.463,0,0.472,0.559,1,0.000,0.000,0.000,0.000,0.000,0.000,-0.007,-0.035
168.01,0.463,0,0.472,0.559,1,0.000,0.000,0.000,0.000,0.000,0.000,-0.007,-0.035
168.21,0.105,0,0.472,0.559,1,0.000,0.000,0.000,0.000,0.000,0.000,-0.008,-0.041
168.41,0.463,0,0.472,0.559,1,0.000,0.000,0.000,0.000,0.000,0.000,-0.008,-0.040
168.61,0.463,0,0.472,0.559,1,0.000,0.000,0.000,0.000,0.000,0.000,-0.019,-0.032
168.81,0.462,0,0.472,0.559,1,0.000,0.000,0.000,0.000,0.000,0.000,-0.012,-0.044
169.01,0.463,0,0.472,0.559,1,0.000,0.000,0.000,0.000,0.000,0.000,-0.012,-0.044
169.21,0.463,0,0.472,0.559,1,0.000,0.000,0.000,0.000,0.000,0.000,-0.018,-0.033
169.41,0.463,0,0.472,0.559,1,0.000,0.000,0.000,0.000,0.000,0.000,-0.014,-0.038
169.61,0.463,0,0.472,0.559,1,0.000,0.000,0.000,0.000,0.000,0.000,-0.018,-0.032
169.81,0.106,0,0.472,0.559,1,0.000,0.000,0.000,0.000,0.000,0.000,-0.016,-0.034
170.01,0.461,0,0.470,0.558,1,0.000,0.000,0.000,0.000,0.000,0.000,-0.016,-0.034
170.21,0.106,0,0.470,0.558,1,0.000,0.000,0.000,0.000,0.000,0.000,-0.008,-0.039
170.41,0.106,0,0.471,0.559,1,0.000,0.000,0.000,0.000,0.000,0.000,-0.014,-0.047
170.61,0.106,0,0.471,0.559,1,0.000,0.000,0.000,0.000,0.000,0.000,-0.008,-0.045
170.81,0.463,0,0.471,0.559,1,0.000,0.000,0.000,0.000,0.000,0.000,-0.008,-0.045
171.01,0.105,0,0.472,0.558,1,0.000,0.000,0.000,0.000,0.000,0.000,-0.017,-0.029
171.21,0.105,0,0.472,0.558,1,0.000,0.000,0.000,0.000,0.000,0.000,-0.013,-0.033
171.41,0.106,0,0.470,0.558,1,0.000,0.000,0.000,0.000,0.000,0.000,-0.011,-0.036
171.61,0.106,0,0.470,0.558,1,0.000,0.000,0.000,0.000,0.000,0.000,-0.008,-0.040
171.81,0.105,0,0.470,0.558,1,0.000,0.000,0.000,0.000,0.000,0.000,-0.008,-0.040
172.01,0.463,0,0.472,0.559,1,0.000,0.000,0.000,0.000,0.000,0.000,-0.008,-0.020
172.21,0.464,0,0.472,0.559,1,0.000,0.000,0.000,0.000,0.000,0.000,-0.011,-0.031
172.41,0.462,0,0.471,0.558,1,0.000,0.000,0.000,0.000,0.000,0.000,-0.003,-0.034
172.61,0.462,0,0.471,0.558,1,0.000,0.000,0.000,0.000,0.000,0.000,-0.009,-0.037
172.81,0.106,0,0.471,0.558,1,0.000,0.000,0.000,0.000,0.000,0.000,-0.009,-0.037
173.01,0.463,0,0.472,0.558,1,0.000,0.000,0.000,0.000,0.000,0.000,-0.013,-0.031
173.21,0.463,0,0.472,0.558,1,0.000,0.000,0.000,0.000,0.000,0.000,-0.011,-0.023
173.41,0.463,0,0.472,0.559,1,0.000,0.000,0.000,0.000,0.000,0.000,-0.007,-0.026
173.61,0.105,0,0.472,0.559,1,0.000,0.000,0.000,0.000,0.000,0.000,-0.014,-0.031
173.81,0.463,0,0.472,0.559,1,0.000,0.000,0.000,0.000,0.000,0.000,-0.014,-0.031
174.01,0.105,0,0.472,0.559,1,0.000,0.000,0.000,0.000,0.000,0.000,-0.014,-0.030
174.21,0.106,0,0.472,0.559,1,0.000,0.000,0.000,0.000,0.000,0.000,-0.008,-0.030
174.41,0.106,0,0.472,0.559,1,0.000,0.000,0.000,0.000,0.000,0.000,-0.011,-0.030
174.61,0.106,0,0.472,0.559,1,0.000,0.000,0.000,0.000,0.000,0.000,-0.005,-0.033
174.81,0.106,0,0.472,0.559,1,0.000,0.000,0.000,0.000,0.000,0.000,-0.005,-0.033
175.01,0.463,0,0.472,0.558,1,0.000,0.000,0.000,0.000,0.000,0.000,-0.005,-0.035
175.21,0.106,0,0.472,0.558,1,0.000,0.000,0.000,0.000,0.000,0.000,-0.011,-0.028
175.41,0.106,0,0.472,0.559,1,0.000,0.000,0.000,0.000,0.000,0.000,-0.017,-0.034
175.61,0.463,0,0.472,0.559,1,0.000,0.000,0.000,0.000,0.000,0.000,-0.017,-0.034
175.81,0.462,0,0.472,0.559,1,0.000,0.000,0.000,0.000,0.000,0.000,-0.013,-0.034
176.01,0.463,0,0.471,0.559,1,0.000,0.000,0.000,0.000,0.000,0.000,-0.010,-0.034
176.21,0.463,0,0.471,0.559,1,0.000,0.000,0.000,0.000,0.000,0.000,-0.003,-0.030
176.41,0.463,0,0.472,0.558,1,0.000,0.000,0.000,0.000,0.000,0.000,-0.011,-0.036
176.61,0.463,0,0.472,0.558,1,0.000,0.000,0.000,0.000,0.000,0.000,-0.011,-0.036
176.81,0.463,0,0.472,0.558,1,0.000,0.000,0.000,0.000,0.000,0.000,-0.010,-0.043
177.01,0.462,0,0.472,0.558,1,0.000,0.000,0.000,0.000,0.000,0.000,-0.012,-0.031
177.21,0.463,0,0.472,0.558,1,0.000,0.000,0.000,0.000,0.000,0.000,-0.007,-0.034
177.41,0.463,0,0.472,0.558,1,0.000,0.000,0.000,0.000,0.000,0.000,-0.012,-0.030
177.61,0.105,0,0.472,0.558,1,0.000,0.000,0.000,0.000,0.000,0.000,-0.012,-0.030
177.81,0.463,0,0.472,0.558,1,0.000,0.000,0.000,0.000,0.000,0.000,-0.010,-0.034
178.01,0.463,0,0.472,0.558,1,0.000,0.000,0.000,0.000,0.000,0.000,-0.008,-0.028
178.21,0.463,0,0.472,0.558,1,0.000,0.000,0.000,0.000,0.000,0.000,-0.014,-0.026
178.41,0.105,0,0.472,0.558,1,0.000,0.000,0.000,0.000,0.000,0.000,-0.017,-0.035
178.61,0.106,0,0.472,0.558,1,0.000,0.000,0.000,0.000,0.000,0.000,-0.017,-0.035
178.81,0.106,0,0.472,0.558,1,0.000,0.000,0.000,0.000,0.000,0.000,-0.010,-0.036
179.01,0.461,0,0.472,0.559,1,0.000,0.000,0.000,0.000,0.000,0.000,-0.009,-0.036
179.21,0.461,0,0.472,0.559,1,0.000,0.000,0.000,0.000,0.000,0.000,-0.016,-0.035
179.41,0.462,0,0.471,0.559,1,0.000,0.000,0.000,0.000,0.000,0.000,-0.016,-0.035
179.61,0.105,0,0.471,0.559,1,0.000,0.000,0.000,0.000,0.000,0.000,-0.010,-0.037
179.81,0.105,0,0.471,0.559,1,0.000,0.000,0.000,0.000,0.000,0.000,-0.015,-0.034
180.01,0.462,0,0.472,0.559,1,0.000,0.000,0.000,0.000,0.000,0.000,-0.010,-0.025
180.21,0.462,0,0.472,0.559,1,0.000,0.000,0.000,0.000,0.000,0.000,-0.013,-0.030
180.41,0.463,0,0.472,0.559,1,0.000,0.000,0.000,0.000,0.000,0.000,-0.013,-0.030
180.61,0.460,0,0.472,0.559,1,0.000,0.000,0.000,0.000,0.000,0.000,-0.015,-0.042
180.81,0.463,0,0.472,0.559,1,0.000,0.000,0.000,0.000,0.000,0.000,-0.015,-0.043
181.01,0.463,0,0.472,0.559,1,0.000,0.000,0.000,0.000,0.000,0.000,-0.011,-0.037
181.21,0.463,0,0.472,0.559,1,0.000,0.000,0.000,0.000,0.000,0.000,-0.012,-0.037
181.41,0.461,0,0.470,0.559,1,0.000,0.000,0.000,0.000,0.000,0.000,-0.012,-0.037
181.61,0.106,0,0.470,0.559,1,0.000,0.000,0.000,0.000,0.000,0.000,-0.014,-0.029
181.81,0.106,0,0.470,0.559,1,0.000,0.000,0.000,0.000,0.000,0.000,-0.016,-0.038
182.01,0.463,0,0.471,0.559,1,0.000,0.000,0.000,0.000,0.000,0.000,-0.024,-0.041
182.21,0.463,0,0.471,0.559,1,0.000,0.000,0.000,0.000,0.000,0.000,-0.015,-0.047
182.41,0.463,0,0.472,0.559,1,0.000,0.000,0.000,0.000,0.000,0.000,-0.015,-0.047
182.61,0.106,0,0.472,0.559,1,0.000,0.000,0.000,0.000,0.000,0.000,-0.016,-0.038
182.81,0.463,0,0.472,0.559,1,0.000,0.000,0.000,0.000,0.000,0.000,-0.016,-0.040
183.01,0.463,0,0.472,0.558,1,0.000,0.000,0.000,0.000,0.000,0.000,-0.014,-0.036
183.21,0.460,0,0.472,0.558,1,0.000,0.000,0.000,0.000,0.000,0.000,-0.007,-0.037
183.41,0.463,0,0.472,0.559,1,0.000,0.000,0.000,0.000,0.000,0.000,-0.007,-0.037
183.61,0.461,0,0.472,0.559,1,0.000,0.000,0.000,0.000,0.000,0.000,-0.008,-0.045
183.81,0.463,0,0.472,0.559,1,0.000,0.000,0.000,0.000,0.000,0.000,-0.012,-0.039
184.01,0.463,0,0.472,0.559,1,0.000,0.000,0.000,0.000,0.000,0.000,-0.018,-0.036
184.21,0.464,0,0.472,0.559,1,0.000,0.000,0.000,0.000,0.000,0.000,-0.013,-0.030
184.41,0.106,0,0.472,0.558,1,0.000,0.000,0.000,0.000,0.000,0.000,-0.013,-0.030
184.61,0.463,0,0.472,0.558,1,0.000,0.000,0.000,0.000,0.000,0.000,-0.006,-0.039
184.81,0.106,0,0.472,0.558,1,0.000,0.000,0.000,0.000,0.000,0.000,-0.015,-0.030
185.01,0.106,0,0.472,0.558,1,0.000,0.000,0.000,0.000,0.000,0.000,-0.014,-0.044
185.21,0.105,0,0.472,0.558,1,0.000,0.000,0.000,0.000,0.000,0.000,-0.014,-0.044
185.41,0.105,0,0.472,0.559,1,0.000,0.000,0.000,0.000,0.000,0.000,-0.011,-0.024
185.61,0.105,0,0.472,0.559,1,0.000,0.000,0.000,0.000,0.000,0.000,-0.006,-0.041
185.81,0.463,0,0.472,0.559,1,0.000,0.000,0.000,0.000,0.000,0.000,-0.019,-0.039
186.01,0.463,0,0.472,0.558,1,0.000,0.000,0.000,0.000,0.000,0.000,-0.011,-0.030
186.21,0.106,0,0.472,0.558,1,0.000,0.000,0.000,0.000,0.000,0.000,-0.011,-0.030
186.41,0.462,0,0.471,0.558,1,0.000,0.000,0.000,0.000,0.000,0.000,-0.010,-0.034
186.61,0.463,0,0.471,0.558,1,0.000,0.000,0.000,0.000,0.000,0.000,-0.015,-0.042
186.81,0.106,0,0.471,0.558,1,0.000,0.000,0.000,0.000,0.000,0.000,-0.012,-0.032
187.01,0.106,0,0.473,0.559,1,0.000,0.000,0.000,0.000,0.000,0.000,-0.016,-0.044
187.21,0.463,0,0.473,0.559,1,0.000,0.000,0.000,0.000,0.000,0.000,-0.016,-0.044
187.41,0.462,0,0.471,0.559,1,0.000,0.000,0.000,0.000,0.000,0.000,-0.004,-0.042
187.61,0.464,0,0.471,0.559,1,0.000,0.000,0.000,0.000,0.000,0.000,-0.015,-0.047
187.81,0.463,0,0.471,0.559,1,0.000,0.000,0.000,0.000,0.000,0.000,-0.011,-0.038
188.01,0.463,0,0.472,0.558,1,0.000,0.000,0.000,0.000,0.000,0.000,-0.013,-0.034
188.21,0.463,0,0.472,0.558,1,0.000,0.000,0.000,0.000,0.000,0.000,-0.013,-0.034
188.41,0.462,0,0.471,0.559,1,0.000,0.000,0.000,0.000,0.000,0.000,-0.008,-0.038
188.61,0.105,0,0.471,0.559,1,0.000,0.000,0.000,0.000,0.000,0.000,-0.012,-0.030
188.81,0.105,0,0.471,0.559,1,0.000,0.000,0.000,0.000,0.000,0.000,-0.008,-0.028
189.01,0.463,0,0.472,0.559,1,0.000,0.000,0.000,0.000,0.000,0.000,-0.007,-0.046
189.21,0.105,0,0.472,0.559,1,0.000,0.000,0.000,0.000,0.000,0.000,-0.007,-0.046
189.41,0.105,0,0.472,0.559,1,0.000,0.000,0.000,0.000,0.000,0.000,-0.012,-0.045
189.61,0.463,0,0.472,0.559,1,0.000,0.000,0.000,0.000,0.000,0.000,-0.005,-0.038
189.81,0.463,0,0.472,0.559,1,0.000,0.000,0.000,0.000,0.000,0.000,-0.006,-0.024
190.01,0.106,0,0.471,0.558,1,0.000,0.000,0.000,0.000,0.000,0.000,-0.006,-0.024
190.21,0.463,0,0.471,0.558,1,0.000,0.000,0.000,0.000,0.000,0.000,-0.012,-0.040
190.41,0.463,0,0.472,0.558,1,0.000,0.000,0.000,0.000,0.000,0.000,-0.007,-0.026
190.61,0.106,0,0.472,0.558,1,0.000,0.000,0.000,0.000,0.000,0.000,-0.001,-0.032
190.81,0.106,0,0.472,0.558,1,0.000,0.000,0.000,0.000,0.000,0.000,-0.009,-0.031
191.01,0.106,0,0.472,0.559,1,0.000,0.000,0.000,0.000,0.000,0.000,-0.009,-0.031
191.21,0.105,0,0.472,0.559,1,0.000,0.000,0.000,0.000,0.000,0.000,0.002,-0.026
191.41,0.379,0,0.472,0.558,1,0.000,0.000,0.000,0.000,0.000,0.000,-0.013,-0.024
191.61,0.341,0,0.472,0.558,1,0.000,0.000,0.000,0.000,0.000,0.000,-0.007,-0.015
191.81,0.341,0,0.472,0.558,1,0.000,0.000,0.000,0.000,0.000,0.000,-0.014,-0.022
192.01,0.319,0,0.472,0.558,1,0.000,0.000,0.000,0.000,0.000,0.000,-0.014,-0.022
192.21,0.394,0,0.472,0.558,1,0.000,0.000,0.000,0.000,0.000,0.000,-0.017,-0.029
192.41,0.462,0,0.471,0.558,1,0.000,0.000,0.000,0.000,0.000,0.000,-0.007,-0.046
192.61,0.461,0,0.471,0.558,1,0.000,0.000,0.000,0.000,0.000,0.000,-0.012,-0.036
192.81,0.461,0,0.471,0.558,1,0.000,0.000,0.000,0.000,0.000,0.000,-0.007,-0.034
193.01,0.106,0,0.472,0.558,1,0.000,0.000,0.000,0.000,0.000,0.000,-0.007,-0.034
193.21,0.463,0,0.472,0.558,1,0.000,0.000,0.000,0.000,0.000,0.000,-0.013,-0.043
193.41,0.105,0,0.472,0.558,1,0.000,0.000,0.000,0.000,0.000,0.000,-0.016,-0.041
193.61,0.105,0,0.472,0.558,1,0.000,0.000,0.000,0.000,0.000,0.000,-0.024,-0.052
193.81,0.463,0,0.472,0.558,1,0.000,0.000,0.000,0.000,0.000,0.000,-0.009,-0.044
194.01,0.106,0,0.472,0.558,1,0.000,0.000,0.000,0.000,0.000,0.000,-0.009,-0.044
194.21,0.462,0,0.472,0.558,1,0.000,0.000,0.000,0.000,0.000,0.000,-0.014,-0.039
194.41,0.463,0,0.472,0.558,1,0.000,0.000,0.000,0.000,0.000,0.000,-0.012,-0.037
194.61,0.463,0,0.472,0.558,1,0.000,0.000,0.000,0.000,0.000,0.000,-0.012,-0.040
194.81,0.463,0,0.472,0.558,1,0.000,0.000,0.000,0.000,0.000,0.000,-0.012,-0.040
195.01,0.463,0,0.472,0.558,1,0.000,0.000,0.000,0.000,0.000,0.000,-0.005,-0.036
195.21,0.463,0,0.472,0.558,1,0.000,0.000,0.000,0.000,0.000,0.000,-0.007,-0.036
195.41,0.463,0,0.472,0.558,1,0.000,0.000,0.000,0.000,0.000,0.000,-0.016,-0.049
195.61,0.463,0,0.472,0.558,1,0.000,0.000,0.000,0.000,0.000,0.000,-0.009,-0.036
195.81,0.461,0,0.472,0.558,1,0.000,0.000,0.000,0.000,0.000,0.000,-0.009,-0.036
196.01,0.106,0,0.470,0.559,1,0.000,0.000,0.000,0.000,0.000,0.000,-0.013,-0.040
196.21,0.463,0,0.470,0.559,1,0.000,0.000,0.000,0.000,0.000,0.000,-0.014,-0.034
196.41,0.462,0,0.471,0.558,1,0.000,0.000,0.000,0.000,0.000,0.000,-0.007,-0.030
196.61,0.462,0,0.471,0.558,1,0.000,0.000,0.000,0.000,0.000,0.000,-0.014,-0.034
196.81,0.463,0,0.471,0.558,1,0.000,0.000,0.000,0.000,0.000,0.000,-0.014,-0.034
197.01,0.463,0,0.472,0.558,1,0.000,0.000,0.000,0.000,0.000,0.000,-0.014,-0.036
197.21,0.463,0,0.472,0.558,1,0.000,0.000,0.000,0.000,0.000,0.000,-0.014,-0.040
197.41,0.463,0,0.472,0.559,1,0.000,0.000,0.000,0.000,0.000,0.000,-0.016,-0.033
197.61,0.105,0,0.472,0.559,1,0.000,0.000,0.000,0.000,0.000,0.000,-0.009,-0.039
197.81,0.462,0,0.472,0.559,1,0.000,0.000,0.000,0.000,0.000,0.000,-0.009,-0.039
198.01,0.106,0,0.471,0.558,1,0.000,0.000,0.000,0.000,0.000,0.000,-0.013,-0.035
198.21,0.106,0,0.471,0.558,1,0.000,0.000,0.000,0.000,0.000,0.000,-0.017,-0.028
198.41,0.106,0,0.472,0.559,1,0.000,0.000,0.000,0.000,0.000,0.000,-0.007,-0.030
198.61,0.463,0,0.472,0.559,1,0.000,0.000,0.000,0.000,0.000,0.000,-0.017,-0.038
198.81,0.463,0,0.472,0.559,1,0.000,0.000,0.000,0.000,0.000,0.000,-0.017,-0.038
199.01,0.106,0,0.472,0.559,1,0.000,0.000,0.000,0.000,0.000,0.000,-0.014,-0.035
199.21,0.106,0,0.472,0.559,1,0.000,0.000,0.000,0.000,0.000,0.000,-0.014,-0.035
199.41,0.106,0,0.472,0.558,1,0.000,0.000,0.000,0.000,0.000,0.000,-0.011,-0.040
199.61,0.106,0,0.472,0.558,1,0.000,0.000,0.000,0.000,0.000,0.000,-0.011,-0.040
199.81,0.105,0,0.472,0.558,1,0.000,0.000,0.000,0.000,0.000,0.000,-0.018,-0.044
200.01,0.105,0,0.470,0.559,1,0.000,0.000,0.000,0.000,0.000,0.000,-0.014,-0.050
200.21,0.105,0,0.470,0.559,1,0.000,0.000,0.000,0.000,0.000,0.000,-0.022,-0.042
200.41,0.105,0,0.473,0.559,1,0.000,0.000,0.000,0.000,0.000,0.000,-0.017,-0.049
200.61,0.461,0,0.473,0.559,1,0.000,0.000,0.000,0.000,0.000,0.000,-0.017,-0.049
200.81,0.463,0,0.473,0.559,1,0.000,0.000,0.000,0.000,0.000,0.000,-0.024,-0.047
201.01,0.463,0,0.472,0.559,1,0.000,0.000,0.000,0.000,0.000,0.000,-0.015,-0.043
201.21,0.106,0,0.472,0.559,1,0.000,0.000,0.000,0.000,0.000,0.000,-0.015,-0.042
201.41,0.106,0,0.472,0.559,1,0.000,0.000,0.000,0.000,0.000,0.000,-0.020,-0.052
201.61,0.462,0,0.472,0.559,1,0.000,0.000,0.000,0.000,0.000,0.000,-0.020,-0.052
201.81,0.463,0,0.472,0.559,1,0.000,0.000,0.000,0.000,0.000,0.000,-0.013,-0.042
202.01,0.463,0,0.472,0.558,1,0.000,0.000,0.000,0.000,0.000,0.000,-0.015,-0.044
202.21,0.106,0,0.472,0.558,1,0.000,0.000,0.000,0.000,0.000,0.000,-0.015,-0.045
202.41,0.106,0,0.472,0.559,1,0.000,0.000,0.000,0.000,0.000,0.000,-0.019,-0.047
202.61,0.106,0,0.472,0.559,1,0.000,0.000,0.000,0.000,0.000,0.000,-0.019,-0.047
202.81,0.106,0,0.472,0.559,1,0.000,0.000,0.000,0.000,0.000,0.000,-0.018,-0.038
203.01,0.462,0,0.472,0.559,1,0.000,0.000,0.000,0.000,0.000,0.000,-0.014,-0.036
203.21,0.462,0,0.472,0.559,1,0.000,0.000,0.000,0.000,0.000,0.000,-0.014,-0.046
203.41,0.105,0,0.472,0.558,1,0.000,0.000,0.000,0.000,0.000,0.000,-0.012,-0.039
203.61,0.462,0,0.472,0.558,1,0.000,0.000,0.000,0.000,0.000,0.000,-0.012,-0.039
203.81,0.462,0,0.472,0.558,1,0.000,0.000,0.000,0.000,0.000,0.000,-0.017,-0.050
204.01,0.463,0,0.471,0.558,1,0.000,0.000,0.000,0.000,0.000,0.000,-0.009,-0.041
204.21,0.463,0,0.471,0.558,1,0.000,0.000,0.000,0.000,0.000,0.000,-0.014,-0.043
204.41,0.463,0,0.472,0.559,1,0.000,0.000,0.000,0.000,0.000,0.000,-0.012,-0.047
204.61,0.463,0,0.472,0.559,1,0.000,0.000,0.000,0.000,0.000,0.000,-0.012,-0.047
204.81,0.463,0,0.472,0.559,1,0.000,0.000,0.000,0.000,0.000,0.000,-0.013,-0.047
205.01,0.105,0,0.472,0.559,1,0.000,0.000,0.000,0.000,0.000,0.000,-0.005,-0.049
205.21,0.105,0,0.472,0.559,1,0.000,0.000,0.000,0.000,0.000,0.000,-0.014,-0.044
205.41,0.463,0,0.472,0.559,1,0.000,0.000,0.000,0.000,0.000,0.000,-0.014,-0.044
205.61,0.106,0,0.472,0.559,1,0.000,0.000,0.000,0.000,0.000,0.000,-0.009,-0.040
205.81,0.105,0,0.472,0.559,1,0.000,0.000,0.000,0.000,0.000,0.000,-0.009,-0.043
206.01,0.461,0,0.471,0.558,1,0.000,0.000,0.000,0.000,0.000,0.000,-0.002,-0.054
206.21,0.461,0,0.471,0.558,1,0.000,0.000,0.000,0.000,0.000,0.000,-0.008,-0.035
206.41,0.106,0,0.470,0.558,1,0.000,0.000,0.000,0.000,0.000,0.000,-0.008,-0.035
206.61,0.463,0,0.470,0.558,1,0.000,0.000,0.000,0.000,0.000,0.000,-0.007,-0.047
206.81,0.106,0,0.470,0.558,1,0.000,0.000,0.000,0.000,0.000,0.000,-0.004,-0.044
207.01,0.106,0,0.472,0.559,1,0.000,0.000,0.000,0.000,0.000,0.000,-0.010,-0.030
207.21,0.106,0,0.472,0.559,1,0.000,0.000,0.000,0.000,0.000,0.000,-0.012,-0.036
207.41,0.462,0,0.471,0.559,1,0.000,0.000,0.000,0.000,0.000,0.000,-0.012,-0.036
207.61,0.106,0,0.471,0.559,1,0.000,0.000,0.000,0.000,0.000,0.000,-0.013,-0.043
207.81,0.106,0,0.471,0.559,1,0.000,0.000,0.000,0.000,0.000,0.000,-0.009,-0.046
208.01,0.105,0,0.472,0.559,1,0.000,0.000,0.000,0.000,0.000,0.000,-0.007,-0.042
208.21,0.105,0,0.472,0.559,1,0.000,0.000,0.000,0.000,0.000,0.000,-0.011,-0.038
208.41,0.106,0,0.472,0.558,1,0.000,0.000,0.000,0.000,0.000,0.000,-0.011,-0.038
208.61,0.462,0,0.472,0.558,1,0.000,0.000,0.000,0.000,0.000,0.000,-0.007,-0.034
208.81,0.463,0,0.472,0.558,1,0.000,0.000,0.000,0.000,0.000,0.000,-0.011,-0.046
209.01,0.463,0,0.472,0.559,1,0.000,0.000,0.000,0.000,0.000,0.000,-0.012,-0.040
209.21,0.463,0,0.472,0.559,1,0.000,0.000,0.000,0.000,0.000,0.000,-0.017,-0.043
209.41,0.462,0,0.471,0.559,1,0.000,0.000,0.000,0.000,0.000,0.000,-0.017,-0.043
209.61,0.462,0,0.471,0.559,1,0.000,0.000,0.000,0.000,0.000,0.000,-0.006,-0.040
209.81,0.105,0,0.471,0.559,1,0.000,0.000,0.000,0.000,0.000,0.000,-0.004,-0.046
210.01,0.105,0,0.471,0.558,1,0.000,0.000,0.000,0.000,0.000,0.000,-0.012,-0.034
210.21,0.463,0,0.471,0.558,1,0.000,0.000,0.000,0.000,0.000,0.000,-0.009,-0.044
210.41,0.463,0,0.472,0.558,1,0.000,0.000,0.000,0.000,0.000,0.000,-0.009,-0.044
210.61,0.462,0,0.472,0.558,1,0.000,0.000,0.000,0.000,0.000,0.000,-0.007,-0.045
210.81,0.463,0,0.472,0.558,1,0.000,0.000,0.000,0.000,0.000,0.000,-0.003,-0.040
211.01,0.463,0,0.472,0.559,1,0.000,0.000,0.000,0.000,0.000,0.000,-0.011,-0.046
211.21,0.461,0,0.472,0.559,1,0.000,0.000,0.000,0.000,0.000,0.000,-0.011,-0.046
211.41,0.463,0,0.472,0.559,1,0.000,0.000,0.000,0.000,0.000,0.000,-0.003,-0.038
211.61,0.105,0,0.472,0.559,1,0.000,0.000,0.000,0.000,0.000,0.000,-0.010,-0.048
211.81,0.106,0,0.472,0.559,1,0.000,0.000,0.000,0.000,0.000,0.000,-0.012,-0.033
212.01,0.106,0,0.472,0.559,1,0.000,0.000,0.000,0.000,0.000,0.000,-0.012,-0.035
212.21,0.460,0,0.472,0.559,1,0.000,0.000,0.000,0.000,0.000,0.000,-0.012,-0.035
212.41,0.462,0,0.471,0.558,1,0.000,0.000,0.000,0.000,0.000,0.000,-0.011,-0.051
212.61,0.463,0,0.471,0.558,1,0.000,0.000,0.000,0.000,0.000,0.000,-0.005,-0.027
212.81,0.463,0,0.471,0.558,1,0.000,0.000,0.000,0.000,0.000,0.000,-0.013,-0.038
213.01,0.463,0,0.472,0.559,1,0.000,0.000,0.000,0.000,0.000,0.000,-0.011,-0.030
213.21,0.463,0,0.472,0.559,1,0.000,0.000,0.000,0.000,0.000,0.000,-0.011,-0.030
213.41,0.463,0,0.472,0.559,1,0.000,0.000,0.000,0.000,0.000,0.000,-0.008,-0.038
213.61,0.105,0,0.472,0.559,1,0.000,0.000,0.000,0.000,0.000,0.000,-0.004,-0.045
213.81,0.463,0,0.472,0.559,1,0.000,0.000,0.000,0.000,0.000,0.000,-0.002,-0.046
214.01,0.463,0,0.472,0.559,1,0.000,0.000,0.000,0.000,0.000,0.000,-0.009,-0.027
214.21,0.463,0,0.472,0.559,1,0.000,0.000,0.000,0.000,0.000,0.000,-0.009,-0.027
214.41,0.105,0,0.472,0.559,1,0.000,0.000,0.000,0.000,0.000,0.000,-0.004,-0.044
214.61,0.106,0,0.472,0.559,1,0.000,0.000,0.000,0.000,0.000,0.000,-0.000,-0.042
214.81,0.106,0,0.472,0.559,1,0.000,0.000,0.000,0.000,0.000,0.000,-0.005,-0.040
215.01,0.106,0,0.471,0.558,1,0.000,0.000,0.000,0.000,0.000,0.000,-0.011,-0.043
215.21,0.463,0,0.471,0.558,1,0.000,0.000,0.000,0.000,0.000,0.000,-0.011,-0.043
215.41,0.462,0,0.471,0.558,1,0.000,0.000,0.000,0.000,0.000,0.000,-0.005,-0.044
215.61,0.105,0,0.471,0.558,1,0.000,0.000,0.000,0.000,0.000,0.000,-0.010,-0.044
215.81,0.105,0,0.471,0.558,1,0.000,0.000,0.000,0.000,0.000,0.000,-0.009,-0.042
216.01,0.463,0,0.472,0.559,1,0.000,0.000,0.000,0.000,0.000,0.000,-0.009,-0.042
216.21,0.460,0,0.472,0.559,1,0.000,0.000,0.000,0.000,0.000,0.000,-0.002,-0.045
216.41,0.462,0,0.471,0.559,1,0.000,0.000,0.000,0.000,0.000,0.000,-0.014,-0.029
216.61,0.463,0,0.471,0.559,1,0.000,0.000,0.000,0.000,0.000,0.000,-0.010,-0.047
216.81,0.463,0,0.471,0.559,1,0.000,0.000,0.000,0.000,0.000,0.000,-0.006,-0.025
217.01,0.462,0,0.471,0.559,1,0.000,0.000,0.000,0.000,0.000,0.000,-0.006,-0.025
217.21,0.463,0,0.471,0.559,1,0.000,0.000,0.000,0.000,0.000,0.000,-0.014,-0.040
217.41,0.463,0,0.472,0.559,1,0.000,0.000,0.000,0.000,0.000,0.000,-0.005,-0.037
217.61,0.105,0,0.472,0.559,1,0.000,0.000,0.000,0.000,0.000,0.000,-0.001,-0.044
217.81,0.105,0,0.472,0.559,1,0.000,0.000,0.000,0.000,0.000,0.000,-0.009,-0.032
218.01,0.105,0,0.471,0.559,1,0.000,0.000,0.000,0.000,0.000,0.000,-0.009,-0.032
218.21,0.462,0,0.471,0.559,1,0.000,0.000,0.000,0.000,0.000,0.000,-0.009,-0.031
218.41,0.461,0,0.470,0.559,1,0.000,0.000,0.000,0.000,0.000,0.000,-0.011,-0.028
218.61,0.462,0,0.470,0.559,1,0.000,0.000,0.000,0.000,0.000,0.000,-0.014,-0.043
218.81,0.462,0,0.470,0.559,1,0.000,0.000,0.000,0.000,0.000,0.000,-0.007,-0.039
219.01,0.462,0,0.471,0.559,1,0.000,0.000,0.000,0.000,0.000,0.000,-0.007,-0.039
219.21,0.463,0,0.471,0.559,1,0.000,0.000,0.000,0.000,0.000,0.000,-0.012,-0.029
219.41,0.463,0,0.472,0.558,1,0.000,0.000,0.000,0.000,0.000,0.000,-0.010,-0.045
219.61,0.463,0,0.472,0.558,1,0.000,0.000,0.000,0.000,0.000,0.000,-0.011,-0.052
219.81,0.105,0,0.472,0.558,1,0.000,0.000,0.000,0.000,0.000,0.000,-0.008,-0.051
220.01,0.460,0,0.469,0.560,1,0.000,0.000,0.000,0.000,0.000,0.000,-0.008,-0.051
220.21,0.106,0,0.469,0.560,1,0.000,0.000,0.000,0.000,0.000,0.000,-0.019,-0.052
220.41,0.463,0,0.472,0.560,1,0.000,0.000,0.000,0.000,0.000,0.000,-0.014,-0.054
220.61,0.463,0,0.472,0.560,1,0.000,0.000,0.000,0.000,0.000,0.000,-0.010,-0.060
220.81,0.463,0,0.472,0.560,1,0.000,0.000,0.000,0.000,0.000,0.000,-0.010,-0.060
221.01,0.463,0,0.472,0.559,1,0.000,0.000,0.000,0.000,0.000,0.000,-0.012,-0.050
221.21,0.463,0,0.472,0.559,1,0.000,0.000,0.000,0.000,0.000,0.000,-0.008,-0.056
221.41,0.463,0,0.472,0.559,1,0.000,0.000,0.000,0.000,0.000,0.000,-0.008,-0.040
221.61,0.463,0,0.472,0.559,1,0.000,0.000,0.000,0.000,0.000,0.000,-0.005,-0.034
221.81,0.463,0,0.472,0.559,1,0.000,0.000,0.000,0.000,0.000,0.000,-0.005,-0.034
222.01,0.462,0,0.471,0.560,1,0.000,0.000,0.000,0.000,0.000,0.000,-0.009,-0.035
222.21,0.464,0,0.471,0.560,1,0.000,0.000,0.000,0.000,0.000,0.000,-0.008,-0.031
222.41,0.463,0,0.472,0.560,1,0.000,0.000,0.000,0.000,0.000,0.000,-0.008,-0.028
222.61,0.463,0,0.472,0.560,1,0.000,0.000,0.000,0.000,0.000,0.000,-0.007,-0.034
222.81,0.105,0,0.472,0.560,1,0.000,0.000,0.000,0.000,0.000,0.000,-0.007,-0.034
223.01,0.462,0,0.471,0.560,1,0.000,0.000,0.000,0.000,0.000,0.000,-0.008,-0.034
223.21,0.463,0,0.471,0.560,1,0.000,0.000,0.000,0.000,0.000,0.000,-0.007,-0.033
223.41,0.463,0,0.472,0.560,1,0.000,0.000,0.000,0.000,0.000,0.000,-0.012,-0.031
223.61,0.463,0,0.472,0.560,1,0.000,0.000,0.000,0.000,0.000,0.000,-0.009,-0.036
223.81,0.106,0,0.472,0.560,1,0.000,0.000,0.000,0.000,0.000,0.000,-0.009,-0.036
224.01,0.105,0,0.472,0.560,1,0.000,0.000,0.000,0.000,0.000,0.000,-0.010,-0.029
224.21,0.105,0,0.472,0.560,1,0.000,0.000,0.000,0.000,0.000,0.000,-0.010,-0.035
224.41,0.462,0,0.471,0.559,1,0.000,0.000,0.000,0.000,0.000,0.000,-0.006,-0.030
224.61,0.462,0,0.471,0.559,1,0.000,0.000,0.000,0.000,0.000,0.000,-0.013,-0.028
224.81,0.105,0,0.471,0.559,1,0.000,0.000,0.000,0.000,0.000,0.000,-0.013,-0.028
225.01,0.463,0,0.472,0.560,1,0.000,0.000,0.000,0.000,0.000,0.000,-0.010,-0.034
225.21,0.463,0,0.472,0.560,1,0.000,0.000,0.000,0.000,0.000,0.000,-0.008,-0.043
225.41,0.463,0,0.472,0.560,1,0.000,0.000,0.000,0.000,0.000,0.000,-0.008,-0.035
225.61,0.463,0,0.472,0.560,1,0.000,0.000,0.000,0.000,0.000,0.000,-0.013,-0.028
225.81,0.462,0,0.472,0.560,1,0.000,0.000,0.000,0.000,0.000,0.000,-0.013,-0.028
226.01,0.461,0,0.471,0.559,1,0.000,0.000,0.000,0.000,0.000,0.000,-0.002,-0.037
226.21,0.463,0,0.471,0.559,1,0.000,0.000,0.000,0.000,0.000,0.000,-0.006,-0.023
226.41,0.463,0,0.472,0.560,1,0.000,0.000,0.000,0.000,0.000,0.000,-0.007,-0.035
226.61,0.105,0,0.472,0.560,1,0.000,0.000,0.000,0.000,0.000,0.000,-0.007,-0.035
226.81,0.106,0,0.472,0.560,1,0.000,0.000,0.000,0.000,0.000,0.000,-0.012,-0.031
227.01,0.106,0,0.472,0.559,1,0.000,0.000,0.000,0.000,0.000,0.000,-0.007,-0.028
227.21,0.106,0,0.472,0.559,1,0.000,0.000,0.000,0.000,0.000,0.000,-0.006,-0.043
227.41,0.106,0,0.472,0.559,1,0.000,0.000,0.000,0.000,0.000,0.000,-0.011,-0.040
227.61,0.462,0,0.472,0.559,1,0.000,0.000,0.000,0.000,0.000,0.000,-0.011,-0.040
227.81,0.105,0,0.472,0.559,1,0.000,0.000,0.000,0.000,0.000,0.000,-0.006,-0.022
228.01,0.461,0,0.473,0.559,1,0.000,0.000,0.000,0.000,0.000,0.000,-0.006,-0.019
228.21,0.463,0,0.473,0.559,1,0.000,0.000,0.000,0.000,0.000,0.000,-0.008,-0.042
228.41,0.463,0,0.472,0.560,1,0.000,0.000,0.000,0.000,0.000,0.000,-0.012,-0.035
228.61,0.463,0,0.472,0.560,1,0.000,0.000,0.000,0.000,0.000,0.000,-0.012,-0.035
228.81,0.106,0,0.472,0.560,1,0.000,0.000,0.000,0.000,0.000,0.000,-0.008,-0.021
229.01,0.105,0,0.472,0.559,1,0.000,0.000,0.000,0.000,0.000,0.000,-0.005,-0.021
229.21,0.105,0,0.472,0.559,1,0.000,0.000,0.000,0.000,0.000,0.000,-0.013,-0.033
229.41,0.105,0,0.472,0.559,1,0.000,0.000,0.000,0.000,0.000,0.000,-0.001,-0.035
229.61,0.462,0,0.472,0.559,1,0.000,0.000,0.000,0.000,0.000,0.000,-0.001,-0.035
229.81,0.105,0,0.472,0.559,1,0.000,0.000,0.000,0.000,0.000,0.000,-0.005,-0.029
230.01,0.463,0,0.470,0.559,1,0.000,0.000,0.000,0.000,0.000,0.000,-0.006,-0.027
230.21,0.463,0,0.470,0.559,1,0.000,0.000,0.000,0.000,0.000,0.000,-0.009,-0.034
230.41,0.463,0,0.472,0.560,1,0.000,0.000,0.000,0.000,0.000,0.000,-0.005,-0.035
230.61,0.106,0,0.472,0.560,1,0.000,0.000,0.000,0.000,0.000,0.000,-0.005,-0.035
230.81,0.462,0,0.472,0.560,1,0.000,0.000,0.000,0.000,0.000,0.000,-0.009,-0.034
231.01,0.461,0,0.471,0.560,1,0.000,0.000,0.000,0.000,0.000,0.000,-0.006,-0.022
231.21,0.461,0,0.471,0.560,1,0.000,0.000,0.000,0.000,0.000,0.000,-0.007,-0.034
231.41,0.463,0,0.472,0.559,1,0.000,0.000,0.000,0.000,0.000,0.000,-0.008,-0.036
231.61,0.463,0,0.472,0.559,1,0.000,0.000,0.000,0.000,0.000,0.000,-0.008,-0.036
231.81,0.463,0,0.472,0.559,1,0.000,0.000,0.000,0.000,0.000,0.000,-0.007,-0.033
232.01,0.464,0,0.472,0.560,1,0.000,0.000,0.000,0.000,0.000,0.000,-0.005,-0.028
232.21,0.464,0,0.472,0.560,1,0.000,0.000,0.000,0.000,0.000,0.000,-0.011,-0.019
232.41,0.105,0,0.472,0.560,1,0.000,0.000,0.000,0.000,0.000,0.000,-0.011,-0.019
232.61,0.105,0,0.472,0.560,1,0.000,0.000,0.000,0.000,0.000,0.000,-0.008,-0.033
232.81,0.462,0,0.472,0.560,1,0.000,0.000,0.000,0.000,0.000,0.000,-0.003,-0.036
233.01,0.462,0,0.471,0.560,1,0.000,0.000,0.000,0.000,0.000,0.000,-0.010,-0.037
233.21,0.462,0,0.471,0.560,1,0.000,0.000,0.000,0.000,0.000,0.000,-0.005,-0.031
233.41,0.463,0,0.472,0.559,1,0.000,0.000,0.000,0.000,0.000,0.000,-0.005,-0.031
233.61,0.105,0,0.472,0.559,1,0.000,0.000,0.000,0.000,0.000,0.000,0.000,-0.017
233.81,0.463,0,0.472,0.559,1,0.000,0.000,0.000,0.000,0.000,0.000,-0.008,-0.033
234.01,0.105,0,0.472,0.560,1,0.000,0.000,0.000,0.000,0.000,0.000,-0.011,-0.025
234.21,0.105,0,0.472,0.560,1,0.000,0.000,0.000,0.000,0.000,0.000,-0.011,-0.012
234.41,0.461,0,0.470,0.560,1,0.000,0.000,0.000,0.000,0.000,0.000,-0.011,-0.012
234.61,0.106,0,0.470,0.560,1,0.000,0.000,0.000,0.000,0.000,0.000,-0.006,-0.024
234.81,0.106,0,0.470,0.560,1,0.000,0.000,0.000,0.000,0.000,0.000,-0.004,-0.027
235.01,0.463,0,0.472,0.560,1,0.000,0.000,0.000,0.000,0.000,0.000,-0.009,-0.035
235.21,0.463,0,0.472,0.560,1,0.000,0.000,0.000,0.000,0.000,0.000,-0.003,-0.035
235.41,0.463,0,0.472,0.560,1,0.000,0.000,0.000,0.000,0.000,0.000,-0.003,-0.035
235.61,0.463,0,0.472,0.560,1,0.000,0.000,0.000,0.000,0.000,0.000,-0.007,-0.029
235.81,0.106,0,0.472,0.560,1,0.000,0.000,0.000,0.000,0.000,0.000,-0.003,-0.049
236.01,0.106,0,0.472,0.560,1,0.000,0.000,0.000,0.000,0.000,0.000,0.013,-0.050
236.21,0.463,0,0.472,0.560,1,0.000,0.000,0.000,0.000,0.000,0.000,-0.004,-0.050
236.41,0.106,0,0.472,0.560,1,0.000,0.000,0.000,0.000,0.000,0.000,-0.004,-0.050
236.61,0.106,0,0.472,0.560,1,0.000,0.000,0.000,0.000,0.000,0.000,-0.002,-0.056
236.81,0.106,0,0.472,0.560,1,0.000,0.000,0.000,0.000,0.000,0.000,-0.000,-0.051
237.01,0.106,0,0.472,0.559,1,0.000,0.000,0.000,0.000,0.000,0.000,0.005,-0.046
237.21,0.106,0,0.472,0.559,1,0.000,0.000,0.000,0.000,0.000,0.000,0.001,-0.053
237.41,0.106,0,0.471,0.559,1,0.000,0.000,0.000,0.000,0.000,0.000,0.001,-0.053
237.61,0.106,0,0.471,0.559,1,0.000,0.000,0.000,0.000,0.000,0.000,-0.006,-0.052
237.81,0.105,0,0.471,0.559,1,0.000,0.000,0.000,0.000,0.000,0.000,-0.018,-0.051
238.01,0.105,0,0.472,0.558,1,0.000,0.000,0.000,0.000,0.000,0.000,-0.015,-0.062
238.21,0.105,0,0.472,0.558,1,0.000,0.000,0.000,0.000,0.000,0.000,-0.015,-0.062
238.41,0.463,0,0.472,0.559,1,0.000,0.000,0.000,0.000,0.000,0.000,-0.022,-0.062
238.61,0.463,0,0.472,0.559,1,0.000,0.000,0.000,0.000,0.000,0.000,-0.031,-0.051
238.81,0.463,0,0.472,0.559,1,0.000,0.000,0.000,0.000,0.000,0.000,-0.020,-0.056
239.01,0.463,0,0.472,0.559,1,0.000,0.000,0.000,0.000,0.000,0.000,-0.027,-0.060
239.21,0.105,0,0.472,0.559,1,0.000,0.000,0.000,0.000,0.000,0.000,-0.027,-0.060
239.41,0.105,0,0.472,0.558,1,0.000,0.000,0.000,0.000,0.000,0.000,-0.012,-0.052
239.61,0.463,0,0.472,0.558,1,0.000,0.000,0.000,0.000,0.000,0.000,-0.030,-0.048
239.81,0.461,0,0.472,0.558,1,0.000,0.000,0.000,0.000,0.000,0.000,-0.023,-0.053
240.01,0.461,0,0.470,0.559,1,0.000,0.000,0.000,0.000,0.000,0.000,-0.016,-0.056
240.21,0.462,0,0.470,0.559,1,0.000,0.000,0.000,0.000,0.000,0.000,-0.016,-0.056
240.41,0.105,0,0.471,0.559,1,0.000,0.000,0.000,0.000,0.000,0.000,-0.024,-0.060
240.61,0.460,0,0.471,0.559,1,0.000,0.000,0.000,0.000,0.000,0.000,-0.019,-0.064
240.81,0.106,0,0.471,0.559,1,0.000,0.000,0.000,0.000,0.000,0.000,-0.016,-0.064
241.01,0.106,0,0.471,0.559,1,0.000,0.000,0.000,0.000,0.000,0.000,-0.013,-0.060
241.21,0.463,0,0.471,0.559,1,0.000,0.000,0.000,0.000,0.000,0.000,-0.013,-0.060
241.41,0.463,0,0.472,0.558,1,0.000,0.000,0.000,0.000,0.000,0.000,-0.024,-0.060
241.61,0.460,0,0.472,0.558,1,0.000,0.000,0.000,0.000,0.000,0.000,-0.019,-0.053
241.81,0.460,0,0.472,0.558,1,0.000,0.000,0.000,0.000,0.000,0.000,-0.024,-0.069
242.01,0.462,0,0.471,0.559,1,0.000,0.000,0.000,0.000,0.000,0.000,-0.022,-0.060
242.21,0.463,0,0.471,0.559,1,0.000,0.000,0.000,0.000,0.000,0.000,-0.022,-0.060
242.41,0.463,0,0.472,0.559,1,0.000,0.000,0.000,0.000,0.000,0.000,-0.019,-0.055
242.61,0.463,0,0.472,0.559,1,0.000,0.000,0.000,0.000,0.000,0.000,-0.022,-0.054
242.81,0.463,0,0.472,0.559,1,0.000,0.000,0.000,0.000,0.000,0.000,-0.018,-0.056
243.01,0.105,0,0.470,0.558,1,0.000,0.000,0.000,0.000,0.000,0.000,-0.021,-0.056
243.21,0.463,0,0.470,0.558,1,0.000,0.000,0.000,0.000,0.000,0.000,-0.021,-0.056
243.41,0.105,0,0.472,0.559,1,0.000,0.000,0.000,0.000,0.000,0.000,-0.018,-0.055
243.61,0.463,0,0.472,0.559,1,0.000,0.000,0.000,0.000,0.000,0.000,-0.017,-0.053
243.81,0.463,0,0.472,0.559,1,0.000,0.000,0.000,0.000,0.000,0.000,-0.007,-0.053
244.01,0.105,0,0.471,0.559,1,0.000,0.000,0.000,0.000,0.000,0.000,-0.007,-0.053
244.21,0.463,0,0.471,0.559,1,0.000,0.000,0.000,0.000,0.000,0.000,-0.021,-0.055
244.41,0.105,0,0.471,0.558,1,0.000,0.000,0.000,0.000,0.000,0.000,-0.017,-0.055
244.61,0.462,0,0.471,0.558,1,0.000,0.000,0.000,0.000,0.000,0.000,-0.013,-0.038
244.81,0.462,0,0.471,0.558,1,0.000,0.000,0.000,0.000,0.000,0.000,-0.017,-0.043
245.01,0.108,0,0.473,0.558,1,0.000,0.000,0.000,0.000,0.000,0.000,-0.017,-0.043
245.21,0.462,0,0.473,0.558,1,0.000,0.000,0.000,0.000,0.000,0.000,-0.021,-0.058
245.41,0.462,0,0.471,0.559,1,0.000,0.000,0.000,0.000,0.000,0.000,-0.015,-0.055
245.61,0.105,0,0.471,0.559,1,0.000,0.000,0.000,0.000,0.000,0.000,-0.015,-0.046
245.81,0.105,0,0.471,0.559,1,0.000,0.000,0.000,0.000,0.000,0.000,-0.023,-0.043
246.01,0.105,0,0.472,0.558,1,0.000,0.000,0.000,0.000,0.000,0.000,-0.023,-0.043
246.21,0.106,0,0.472,0.558,1,0.000,0.000,0.000,0.000,0.000,0.000,-0.024,-0.044
246.41,0.463,0,0.472,0.559,1,0.000,0.000,0.000,0.000,0.000,0.000,-0.022,-0.049
246.61,0.463,0,0.472,0.559,1,0.000,0.000,0.000,0.000,0.000,0.000,-0.014,-0.047
246.81,0.463,0,0.472,0.559,1,0.000,0.000,0.000,0.000,0.000,0.000,-0.022,-0.054
247.01,0.462,0,0.471,0.558,1,0.000,0.000,0.000,0.000,0.000,0.000,-0.022,-0.054
247.21,0.462,0,0.471,0.558,1,0.000,0.000,0.000,0.000,0.000,0.000,-0.019,-0.057
247.41,0.463,0,0.472,0.559,1,0.000,0.000,0.000,0.000,0.000,0.000,-0.019,-0.053
247.61,0.463,0,0.472,0.559,1,0.000,0.000,0.000,0.000,0.000,0.000,-0.019,-0.071
247.81,0.462,0,0.472,0.559,1,0.000,0.000,0.000,0.000,0.000,0.000,-0.019,-0.071
248.01,0.463,0,0.472,0.559,1,0.000,0.000,0.000,0.000,0.000,0.000,-0.016,-0.048
248.21,0.463,0,0.472,0.559,1,0.000,0.000,0.000,0.000,0.000,0.000,-0.019,-0.044
248.41,0.106,0,0.472,0.559,1,0.000,0.000,0.000,0.000,0.000,0.000,-0.012,-0.049
248.61,0.106,0,0.472,0.559,1,0.000,0.000,0.000,0.000,0.000,0.000,-0.020,-0.053
248.81,0.105,0,0.472,0.559,1,0.000,0.000,0.000,0.000,0.000,0.000,-0.020,-0.053
249.01,0.463,0,0.472,0.559,1,0.000,0.000,0.000,0.000,0.000,0.000,-0.020,-0.052
249.21,0.105,0,0.472,0.559,1,0.000,0.000,0.000,0.000,0.000,0.000,-0.016,-0.043
249.41,0.462,0,0.471,0.559,1,0.000,0.000,0.000,0.000,0.000,0.000,-0.017,-0.049
249.61,0.462,0,0.471,0.559,1,0.000,0.000,0.000,0.000,0.000,0.000,-0.022,-0.052
249.81,0.460,0,0.471,0.559,1,0.000,0.000,0.000,0.000,0.000,0.000,-0.022,-0.052
250.01,0.105,0,0.470,0.558,1,0.000,0.000,0.000,0.000,0.000,0.000,-0.019,-0.045
250.21,0.461,0,0.470,0.558,1,0.000,0.000,0.000,0.000,0.000,0.000,-0.006,-0.050
250.41,0.105,0,0.472,0.559,1,0.000,0.000,0.000,0.000,0.000,0.000,-0.012,-0.052
250.61,0.105,0,0.472,0.559,1,0.000,0.000,0.000,0.000,0.000,0.000,-0.023,-0.054
250.81,0.462,0,0.472,0.559,1,0.000,0.000,0.000,0.000,0.000,0.000,-0.023,-0.054
251.01,0.463,0,0.472,0.559,1,0.000,0.000,0.000,0.000,0.000,0.000,-0.012,-0.051
251.21,0.463,0,0.472,0.559,1,0.000,0.000,0.000,0.000,0.000,0.000,-0.011,-0.051
251.41,0.463,0,0.470,0.559,1,0.000,0.000,0.000,0.000,0.000,0.000,-0.015,-0.041
251.61,0.461,0,0.470,0.559,1,0.000,0.000,0.000,0.000,0.000,0.000,-0.000,-0.029
251.81,0.463,0,0.470,0.559,1,0.000,0.000,0.000,0.000,0.000,0.000,-0.000,-0.029
252.01,0.106,0,0.472,0.559,1,0.000,0.000,0.000,0.000,0.000,0.000,-0.023,-0.065
252.21,0.106,0,0.472,0.559,1,0.000,0.000,0.000,0.000,0.000,0.000,-0.016,-0.060
252.41,0.106,0,0.471,0.559,1,0.000,0.000,0.000,0.000,0.000,0.000,-0.021,-0.067
252.61,0.463,0,0.471,0.559,1,0.000,0.000,0.000,0.000,0.000,0.000,-0.021,-0.067
252.81,0.108,0,0.471,0.559,1,0.000,0.000,0.000,0.000,0.000,0.000,-0.012,-0.065
253.01,0.461,0,0.472,0.559,1,0.000,0.000,0.000,0.000,0.000,0.000,-0.015,-0.047
253.21,0.463,0,0.472,0.559,1,0.000,0.000,0.000,0.000,0.000,0.000,-0.010,-0.056
253.41,0.463,0,0.472,0.559,1,0.000,0.000,0.000,0.000,0.000,0.000,-0.009,-0.047
253.61,0.106,0,0.472,0.559,1,0.000,0.000,0.000,0.000,0.000,0.000,-0.009,-0.047
253.81,0.105,0,0.472,0.559,1,0.000,0.000,0.000,0.000,0.000,0.000,-0.016,-0.055
254.01,0.463,0,0.471,0.559,1,0.000,0.000,0.000,0.000,0.000,0.000,-0.020,-0.053
254.21,0.105,0,0.471,0.559,1,0.000,0.000,0.000,0.000,0.000,0.000,-0.011,-0.062
254.41,0.105,0,0.472,0.559,1,0.000,0.000,0.000,0.000,0.000,0.000,-0.013,-0.045
254.61,0.462,0,0.472,0.559,1,0.000,0.000,0.000,0.000,0.000,0.000,-0.013,-0.045
254.81,0.106,0,0.472,0.559,1,0.000,0.000,0.000,0.000,0.000,0.000,-0.017,-0.049
255.01,0.462,0,0.470,0.559,1,0.000,0.000,0.000,0.000,0.000,0.000,-0.015,-0.056
255.21,0.462,0,0.470,0.559,1,0.000,0.000,0.000,0.000,0.000,0.000,-0.019,-0.056
255.41,0.463,0,0.472,0.559,1,0.000,0.000,0.000,0.000,0.000,0.000,-0.023,-0.054
255.61,0.463,0,0.472,0.559,1,0.000,0.000,0.000,0.000,0.000,0.000,-0.023,-0.054
255.81,0.105,0,0.472,0.559,1,0.000,0.000,0.000,0.000,0.000,0.000,-0.008,-0.051
256.01,0.105,0,0.472,0.558,1,0.000,0.000,0.000,0.000,0.000,0.000,-0.019,-0.055
256.21,0.105,0,0.472,0.558,1,0.000,0.000,0.000,0.000,0.000,0.000,-0.020,-0.058
256.41,0.463,0,0.472,0.559,1,0.000,0.000,0.000,0.000,0.000,0.000,-0.021,-0.055
256.61,0.463,0,0.472,0.559,1,0.000,0.000,0.000,0.000,0.000,0.000,-0.021,-0.055
256.81,0.462,0,0.472,0.559,1,0.000,0.000,0.000,0.000,0.000,0.000,-0.018,-0.047
257.01,0.460,0,0.471,0.559,1,0.000,0.000,0.000,0.000,0.000,0.000,-0.018,-0.044
257.21,0.460,0,0.471,0.559,1,0.000,0.000,0.000,0.000,0.000,0.000,-0.021,-0.041
257.41,0.463,0,0.472,0.559,1,0.000,0.000,0.000,0.000,0.000,0.000,-0.021,-0.041
257.61,0.463,0,0.472,0.559,1,0.000,0.000,0.000,0.000,0.000,0.000,-0.021,-0.036
257.81,0.463,0,0.472,0.559,1,0.000,0.000,0.000,0.000,0.000,0.000,-0.017,-0.036
258.01,0.105,0,0.472,0.558,1,0.000,0.000,0.000,0.000,0.000,0.000,-0.021,-0.042
258.21,0.105,0,0.472,0.558,1,0.000,0.000,0.000,0.000,0.000,0.000,-0.024,-0.047
258.41,0.105,0,0.472,0.558,1,0.000,0.000,0.000,0.000,0.000,0.000,-0.024,-0.047
258.61,0.105,0,0.472,0.558,1,0.000,0.000,0.000,0.000,0.000,0.000,-0.030,-0.057
258.81,0.462,0,0.472,0.558,1,0.000,0.000,0.000,0.000,0.000,0.000,-0.021,-0.056
259.01,0.461,0,0.471,0.559,1,0.000,0.000,0.000,0.000,0.000,0.000,-0.024,-0.049
259.21,0.461,0,0.471,0.559,1,0.000,0.000,0.000,0.000,0.000,0.000,-0.022,-0.055
259.41,0.462,0,0.471,0.559,1,0.000,0.000,0.000,0.000,0.000,0.000,-0.022,-0.055
259.61,0.106,0,0.471,0.559,1,0.000,0.000,0.000,0.000,0.000,0.000,-0.029,-0.046
259.81,0.106,0,0.471,0.559,1,0.000,0.000,0.000,0.000,0.000,0.000,-0.027,-0.041
260.01,0.106,0,0.472,0.559,1,0.000,0.000,0.000,0.000,0.000,0.000,-0.030,-0.064
260.21,0.463,0,0.472,0.559,1,0.000,0.000,0.000,0.000,0.000,0.000,-0.020,-0.049
260.41,0.106,0,0.472,0.559,1,0.000,0.000,0.000,0.000,0.000,0.000,-0.020,-0.049
260.61,0.462,0,0.472,0.559,1,0.000,0.000,0.000,0.000,0.000,0.000,-0.022,-0.051
260.81,0.105,0,0.472,0.559,1,0.000,0.000,0.000,0.000,0.000,0.000,-0.023,-0.053
261.01,0.105,0,0.471,0.559,1,0.000,0.000,0.000,0.000,0.000,0.000,-0.013,-0.051
261.21,0.105,0,0.471,0.559,1,0.000,0.000,0.000,0.000,0.000,0.000,-0.013,-0.051
261.41,0.105,0,0.472,0.558,1,0.000,0.000,0.000,0.000,0.000,0.000,-0.014,-0.042
261.61,0.461,0,0.472,0.558,1,0.000,0.000,0.000,0.000,0.000,0.000,-0.017,-0.067
261.81,0.462,0,0.472,0.558,1,0.000,0.000,0.000,0.000,0.000,0.000,-0.009,-0.059
262.01,0.462,0,0.471,0.558,1,0.000,0.000,0.000,0.000,0.000,0.000,-0.009,-0.051
262.21,0.106,0,0.471,0.558,1,0.000,0.000,0.000,0.000,0.000,0.000,-0.009,-0.051
262.41,0.463,0,0.472,0.559,1,0.000,0.000,0.000,0.000,0.000,0.000,-0.020,-0.046
262.61,0.106,0,0.472,0.559,1,0.000,0.000,0.000,0.000,0.000,0.000,-0.015,-0.059
262.81,0.462,0,0.472,0.559,1,0.000,0.000,0.000,0.000,0.000,0.000,-0.019,-0.061
263.01,0.462,0,0.471,0.558,1,0.000,0.000,0.000,0.000,0.000,0.000,-0.017,-0.062
263.21,0.105,0,0.471,0.558,1,0.000,0.000,0.000,0.000,0.000,0.000,-0.017,-0.062
263.41,0.463,0,0.472,0.559,1,0.000,0.000,0.000,0.000,0.000,0.000,-0.013,-0.052
263.61,0.105,0,0.472,0.559,1,0.000,0.000,0.000,0.000,0.000,0.000,-0.018,-0.055
263.81,0.105,0,0.472,0.559,1,0.000,0.000,0.000,0.000,0.000,0.000,-0.020,-0.059
264.01,0.105,0,0.472,0.558,1,0.000,0.000,0.000,0.000,0.000,0.000,-0.013,-0.049
264.21,0.106,0,0.472,0.558,1,0.000,0.000,0.000,0.000,0.000,0.000,-0.013,-0.049
264.41,0.105,0,0.472,0.559,1,0.000,0.000,0.000,0.000,0.000,0.000,-0.008,-0.055
264.61,0.463,0,0.472,0.559,1,0.000,0.000,0.000,0.000,0.000,0.000,-0.008,-0.052
264.81,0.463,0,0.472,0.559,1,0.000,0.000,0.000,0.000,0.000,0.000,-0.012,-0.036
265.01,0.463,0,0.472,0.559,1,0.000,0.000,0.000,0.000,0.000,0.000,-0.006,-0.039
265.21,0.105,0,0.472,0.559,1,0.000,0.000,0.000,0.000,0.000,0.000,-0.006,-0.039
265.41,0.463,0,0.472,0.558,1,0.000,0.000,0.000,0.000,0.000,0.000,-0.009,-0.023
265.61,0.106,0,0.472,0.558,1,0.000,0.000,0.000,0.000,0.000,0.000,-0.003,-0.001
265.81,0.106,0,0.472,0.558,1,0.000,0.000,0.000,0.000,0.000,0.000,-0.012,-0.027
266.01,0.460,0,0.469,0.559,1,0.000,0.000,0.000,0.000,0.000,0.000,-0.012,-0.027
266.21,0.461,0,0.469,0.559,1,0.000,0.000,0.000,0.000,0.000,0.000,-0.015,-0.033
266.41,0.462,0,0.471,0.559,1,0.000,0.000,0.000,0.000,0.000,0.000,-0.016,-0.038
266.61,0.463,0,0.471,0.559,1,0.000,0.000,0.000,0.000,0.000,0.000,-0.020,-0.028
266.81,0.463,0,0.471,0.559,1,0.000,0.000,0.000,0.000,0.000,0.000,-0.010,-0.034
267.01,0.462,0,0.471,0.559,1,0.000,0.000,0.000,0.000,0.000,0.000,-0.010,-0.034
267.21,0.463,0,0.471,0.559,1,0.000,0.000,0.000,0.000,0.000,0.000,-0.006,-0.039
267.41,0.462,0,0.471,0.559,1,0.000,0.000,0.000,0.000,0.000,0.000,-0.016,-0.039
267.61,0.107,0,0.471,0.559,1,0.000,0.000,0.000,0.000,0.000,0.000,-0.016,-0.034
267.81,0.107,0,0.471,0.559,1,0.000,0.000,0.000,0.000,0.000,0.000,-0.003,-0.019
268.01,0.105,0,0.470,0.559,1,0.000,0.000,0.000,0.000,0.000,0.000,-0.003,-0.019
268.21,0.462,0,0.470,0.559,1,0.000,0.000,0.000,0.000,0.000,0.000,-0.011,-0.032
268.41,0.463,0,0.472,0.559,1,0.000,0.000,0.000,0.000,0.000,0.000,-0.011,-0.032
268.61,0.106,0,0.472,0.559,1,0.000,0.000,0.000,0.000,0.000,0.000,-0.005,-0.034
268.81,0.106,0,0.472,0.559,1,0.000,0.000,0.000,0.000,0.000,0.000,-0.007,-0.027
269.01,0.462,0,0.471,0.558,1,0.000,0.000,0.000,0.000,0.000,0.000,-0.007,-0.027
269.21,0.106,0,0.471,0.558,1,0.000,0.000,0.000,0.000,0.000,0.000,-0.021,-0.033
269.41,0.105,0,0.472,0.559,1,0.000,0.000,0.000,0.000,0.000,0.000,-0.012,-0.033
269.61,0.105,0,0.472,0.559,1,0.000,0.000,0.000,0.000,0.000,0.000,-0.011,-0.027
269.81,0.463,0,0.472,0.559,1,0.000,0.000,0.000,0.000,0.000,0.000,-0.016,-0.030
270.01,0.105,0,0.472,0.559,1,0.000,0.000,0.000,0.000,0.000,0.000,-0.016,-0.030
270.21,0.462,0,0.472,0.559,1,0.000,0.000,0.000,0.000,0.000,0.000,-0.018,-0.036
270.41,0.463,0,0.472,0.559,1,0.000,0.000,0.000,0.000,0.000,0.000,-0.021,-0.042
270.61,0.463,0,0.472,0.559,1,0.000,0.000,0.000,0.000,0.000,0.000,-0.019,-0.050
270.81,0.463,0,0.472,0.559,1,0.000,0.000,0.000,0.000,0.000,0.000,-0.020,-0.042
271.01,0.464,0,0.473,0.558,1,0.000,0.000,0.000,0.000,0.000,0.000,-0.020,-0.042
271.21,0.106,0,0.473,0.558,1,0.000,0.000,0.000,0.000,0.000,0.000,-0.017,-0.039
271.41,0.463,0,0.472,0.558,1,0.000,0.000,0.000,0.000,0.000,0.000,-0.016,-0.047
271.61,0.463,0,0.472,0.558,1,0.000,0.000,0.000,0.000,0.000,0.000,-0.018,-0.052
271.81,0.106,0,0.472,0.558,1,0.000,0.000,0.000,0.000,0.000,0.000,-0.018,-0.052
272.01,0.463,0,0.472,0.559,1,0.000,0.000,0.000,0.000,0.000,0.000,-0.022,-0.048
272.21,0.464,0,0.472,0.559,1,0.000,0.000,0.000,0.000,0.000,0.000,-0.021,-0.047
272.41,0.105,0,0.472,0.559,1,0.000,0.000,0.000,0.000,0.000,0.000,-0.022,-0.044
272.61,0.105,0,0.472,0.559,1,0.000,0.000,0.000,0.000,0.000,0.000,-0.013,-0.046
272.81,0.463,0,0.472,0.559,1,0.000,0.000,0.000,0.000,0.000,0.000,-0.013,-0.046
273.01,0.106,0,0.471,0.559,1,0.000,0.000,0.000,0.000,0.000,0.000,-0.016,-0.044
273.21,0.462,0,0.471,0.559,1,0.000,0.000,0.000,0.000,0.000,0.000,-0.020,-0.050
273.41,0.463,0,0.472,0.559,1,0.000,0.000,0.000,0.000,0.000,0.000,-0.019,-0.043
273.61,0.463,0,0.472,0.559,1,0.000,0.000,0.000,0.000,0.000,0.000,-0.017,-0.044
273.81,0.105,0,0.472,0.559,1,0.000,0.000,0.000,0.000,0.000,0.000,-0.017,-0.044
274.01,0.462,0,0.471,0.559,1,0.000,0.000,0.000,0.000,0.000,0.000,-0.013,-0.036
274.21,0.462,0,0.471,0.559,1,0.000,0.000,0.000,0.000,0.000,0.000,-0.023,-0.038
274.41,0.462,0,0.471,0.559,1,0.000,0.000,0.000,0.000,0.000,0.000,-0.017,-0.042
274.61,0.463,0,0.471,0.559,1,0.000,0.000,0.000,0.000,0.000,0.000,-0.022,-0.039
274.81,0.463,0,0.471,0.559,1,0.000,0.000,0.000,0.000,0.000,0.000,-0.022,-0.039
275.01,0.105,0,0.472,0.559,1,0.000,0.000,0.000,0.000,0.000,0.000,-0.028,-0.035
275.21,0.462,0,0.472,0.559,1,0.000,0.000,0.000,0.000,0.000,0.000,-0.016,-0.024
275.41,0.462,0,0.471,0.559,1,0.000,0.000,0.000,0.000,0.000,0.000,-0.019,-0.048
275.61,0.463,0,0.471,0.559,1,0.000,0.000,0.000,0.000,0.000,0.000,-0.019,-0.048
275.81,0.105,0,0.471,0.559,1,0.000,0.000,0.000,0.000,0.000,0.000,-0.011,-0.035
276.01,0.105,0,0.469,0.559,1,0.000,0.000,0.000,0.000,0.000,0.000,-0.015,-0.032
276.21,0.106,0,0.469,0.559,1,0.000,0.000,0.000,0.000,0.000,0.000,-0.016,-0.043
276.41,0.106,0,0.472,0.559,1,0.000,0.000,0.000,0.000,0.000,0.000,-0.018,-0.028
276.61,0.106,0,0.472,0.559,1,0.000,0.000,0.000,0.000,0.000,0.000,-0.018,-0.028
276.81,0.105,0,0.472,0.559,1,0.000,0.000,0.000,0.000,0.000,0.000,-0.026,-0.034
277.01,0.464,0,0.470,0.558,1,0.000,0.000,0.000,0.000,0.000,0.000,-0.021,-0.039
277.21,0.105,0,0.470,0.558,1,0.000,0.000,0.000,0.000,0.000,0.000,-0.022,-0.050
277.41,0.105,0,0.472,0.559,1,0.000,0.000,0.000,0.000,0.000,0.000,-0.025,-0.041
277.61,0.106,0,0.472,0.559,1,0.000,0.000,0.000,0.000,0.000,0.000,-0.025,-0.041
277.81,0.100,0,0.472,0.559,1,0.000,0.000,0.000,0.000,0.000,0.000,-0.019,-0.053
278.01,0.101,0,0.135,0.559,0,0.000,0.000,0.000,0.000,0.000,0.000,-0.015,-0.034
278.21,0.101,0,0.135,0.559,0,0.000,0.000,0.000,0.000,0.000,0.000,-0.000,-0.035
278.41,0.475,0,4.911,0.558,0,0.000,0.000,0.000,0.000,0.000,0.000,-0.004,-0.038
278.61,0.475,0,4.911,0.558,0,0.000,0.000,0.000,0.000,0.000,0.000,-0.004,-0.038
278.81,0.479,0,4.911,0.558,0,0.000,0.000,0.000,0.000,0.000,0.000,0.001,-0.036
279.01,0.106,0,4.897,0.558,0,0.000,0.000,0.000,0.000,0.000,0.000,-0.007,-0.062
279.21,0.106,0,4.897,0.558,0,0.000,0.000,0.000,0.000,0.000,0.000,-0.012,-0.056
279.41,0.475,0,4.910,0.559,0,0.000,0.000,0.000,0.000,0.000,0.000,-0.012,-0.056
279.61,0.473,0,4.910,0.559,0,0.000,0.000,0.000,0.000,0.000,0.000,-0.016,-0.047
279.81,0.106,0,4.910,0.559,0,0.000,0.000,0.000,0.000,0.000,0.000,0.003,-0.044
280.01,0.469,0,4.904,0.559,0,0.000,0.000,0.000,0.000,0.000,0.000,0.008,-0.047
280.21,0.469,0,4.904,0.559,0,0.000,0.000,0.000,0.000,0.000,0.000,-0.017,-0.048
280.41,0.462,0,4.906,0.559,0,0.000,0.000,0.000,0.000,0.000,0.000,-0.017,-0.048
280.61,0.105,0,4.906,0.559,0,0.000,0.000,0.000,0.000,0.000,0.000,-0.019,-0.033
280.81,0.106,0,4.906,0.559,0,0.000,0.000,0.000,0.000,0.000,0.000,-0.008,-0.040
281.01,0.106,0,4.893,0.558,0,0.000,0.000,0.000,0.000,0.000,0.000,0.003,-0.057
281.21,0.105,0,4.893,0.558,0,0.000,0.000,0.000,0.000,0.000,0.000,0.003,-0.057
281.41,0.102,0,4.910,0.559,0,0.000,0.000,0.000,0.000,0.000,0.000,0.016,-0.050
281.61,0.101,0,4.910,0.559,0,0.000,0.000,0.000,0.000,0.000,0.000,-0.002,-0.022
281.81,0.101,0,4.910,0.559,0,0.000,0.000,0.000,0.000,0.000,0.000,-0.003,-0.026
282.01,0.101,0,0.135,0.559,0,0.000,0.000,0.000,0.000,0.000,0.000,-0.019,-0.033
282.21,0.106,0,0.135,0.559,0,0.000,0.000,0.000,0.000,0.000,0.000,-0.019,-0.033
282.41,0.460,0,0.469,0.555,1,0.000,0.000,0.000,0.000,0.000,0.000,-0.025,-0.040
282.61,0.106,0,0.469,0.555,1,0.000,0.000,0.000,0.000,0.000,0.000,-0.026,-0.048
282.81,0.106,0,0.469,0.555,1,0.000,0.000,0.000,0.000,0.000,0.000,-0.016,-0.035
283.01,0.462,0,0.471,0.558,1,0.000,0.000,0.000,0.000,0.000,0.000,-0.020,-0.034
283.21,0.461,0,0.471,0.558,1,0.000,0.000,0.000,0.000,0.000,0.000,-0.020,-0.034
283.41,0.106,0,0.472,0.557,1,0.000,0.000,0.000,0.000,0.000,0.000,-0.022,-0.035
283.61,0.459,0,0.472,0.557,1,0.000,0.000,0.000,0.000,0.000,0.000,-0.062,-0.030
283.81,0.459,0,0.472,0.557,1,0.000,0.000,0.000,0.000,0.000,0.000,-0.029,-0.062
284.01,0.105,0,0.455,0.515,1,0.000,0.000,0.000,0.000,0.000,0.000,-0.029,-0.062
284.21,0.105,0,0.455,0.515,1,0.000,0.000,0.000,0.000,0.000,0.000,-0.032,-0.061
284.41,0.106,0,0.458,0.512,1,0.000,0.000,0.000,0.000,0.000,0.000,-0.036,-0.062
284.61,0.105,0,0.458,0.512,1,0.000,0.000,0.000,0.000,0.000,0.000,-0.039,-0.051
284.81,0.105,0,0.458,0.512,1,0.000,0.000,0.000,0.000,0.000,0.000,-0.037,-0.055
285.01,0.105,0,0.452,0.504,1,0.000,0.000,0.000,0.000,0.000,0.000,-0.037,-0.055
285.21,0.105,0,0.452,0.504,1,0.000,0.000,0.000,0.000,0.000,0.000,-0.046,-0.058
285.41,0.105,0,0.453,0.505,1,0.000,0.000,0.000,0.000,0.000,0.000,-0.064,-0.066
285.61,0.105,0,0.453,0.505,1,0.000,0.000,0.000,0.000,0.000,0.000,-0.063,-0.078
285.81,0.105,0,0.453,0.505,1,0.000,0.000,0.000,0.000,0.000,0.000,-0.053,-0.066
286.01,0.106,0,0.460,0.507,1,0.000,0.000,0.000,0.000,0.000,0.000,-0.053,-0.066
286.21,0.105,0,0.460,0.507,1,0.000,0.000,0.000,0.000,0.000,0.000,-0.069,-0.070
286.41,0.106,0,0.460,0.505,1,0.000,0.000,0.000,0.000,0.000,0.000,-0.057,-0.081
286.61,0.106,0,0.460,0.505,1,0.000,0.000,0.000,0.000,0.000,0.000,-0.043,-0.074
286.81,0.106,0,0.460,0.505,1,0.000,0.000,0.000,0.000,0.000,0.000,-0.045,-0.069
287.01,0.105,0,0.457,0.503,1,0.000,0.000,0.000,0.000,0.000,0.000,-0.045,-0.069
287.21,0.105,0,0.457,0.503,1,0.000,0.000,0.000,0.000,0.000,0.000,-0.045,-0.067
287.41,0.105,0,0.456,0.500,1,0.000,0.000,0.000,0.000,0.000,0.000,-0.041,-0.061
287.61,0.105,0,0.456,0.500,1,0.000,0.000,0.000,0.000,0.000,0.000,-0.035,-0.061
287.81,0.444,0,0.456,0.500,1,0.000,0.000,0.000,0.000,0.000,0.000,-0.038,-0.070
288.01,0.447,0,0.456,0.500,1,0.000,0.000,0.000,0.000,0.000,0.000,-0.038,-0.070
288.21,0.442,0,0.456,0.500,1,0.000,0.000,0.000,0.000,0.000,0.000,-0.016,-0.069
288.41,0.105,0,0.458,0.504,1,0.000,0.000,0.000,0.000,0.000,0.000,0.023,-0.074
288.61,0.105,0,0.458,0.504,1,0.000,0.000,0.000,0.000,0.000,0.000,-0.007,-0.059
288.81,0.104,0,0.458,0.504,1,0.000,0.000,0.000,0.000,0.000,0.000,-0.007,-0.059
289.01,0.105,0,0.461,0.512,1,0.000,0.000,0.000,0.000,0.000,0.000,0.008,-0.067
289.21,0.106,0,0.461,0.512,1,0.000,0.000,0.000,0.000,0.000,0.000,-0.004,-0.065
289.41,0.105,0,0.457,0.510,1,0.000,0.000,0.000,0.000,0.000,0.000,-0.014,-0.058
289.61,0.105,0,0.457,0.510,1,0.000,0.000,0.000,0.000,0.000,0.000,-0.017,-0.050
289.81,0.105,0,0.457,0.510,1,0.000,0.000,0.000,0.000,0.000,0.000,-0.017,-0.050
290.01,0.105,0,0.462,0.516,1,0.000,0.000,0.000,0.000,0.000,0.000,-0.015,-0.055
290.21,0.105,0,0.462,0.516,1,0.000,0.000,0.000,0.000,0.000,0.000,-0.002,-0.066
290.41,0.106,0,0.468,0.540,1,0.000,0.000,0.000,0.000,0.000,0.000,-0.023,-0.045
290.61,0.106,0,0.468,0.540,1,0.000,0.000,0.000,0.000,0.000,0.000,-0.028,-0.049
290.81,0.105,0,0.468,0.540,1,0.000,0.000,0.000,0.000,0.000,0.000,-0.028,-0.049
291.01,0.105,0,0.468,0.550,1,0.000,0.000,0.000,0.000,0.000,0.000,-0.027,-0.040
291.21,0.454,0,0.468,0.550,1,0.000,0.000,0.000,0.000,0.000,0.000,-0.010,-0.038
291.41,0.454,0,0.463,0.562,1,0.000,0.000,0.000,0.000,0.000,0.000,-0.026,-0.048
291.61,0.454,0,0.463,0.562,1,0.000,0.000,0.000,0.000,0.000,0.000,-0.022,-0.054
291.81,0.458,0,0.463,0.562,1,0.000,0.000,0.000,0.000,0.000,0.000,-0.022,-0.054
292.01,0.461,0,0.470,0.581,1,0.000,0.000,0.000,0.000,0.000,0.000,-0.029,-0.046
292.21,0.460,0,0.470,0.581,1,0.000,0.000,0.000,0.000,0.000,0.000,-0.019,-0.049
292.41,0.460,0,0.470,0.597,1,0.000,0.000,0.000,0.000,0.000,0.000,-0.029,-0.042
292.61,0.464,0,0.470,0.597,1,0.000,0.000,0.000,0.000,0.000,0.000,-0.032,-0.044
292.81,0.465,0,0.470,0.597,1,0.000,0.000,0.000,0.000,0.000,0.000,-0.032,-0.044
293.01,0.468,0,0.475,0.596,1,0.000,0.000,0.000,0.000,0.000,0.000,-0.031,-0.049
293.21,0.462,0,0.475,0.596,1,0.000,0.000,0.000,0.000,0.000,0.000,-0.035,-0.063
293.41,0.462,0,0.472,0.564,1,0.000,0.000,0.000,0.000,0.000,0.000,-0.028,-0.072
293.61,0.454,0,0.472,0.564,1,0.000,0.000,0.000,0.000,0.000,0.000,-0.028,-0.072
293.81,0.449,0,0.472,0.564,1,0.000,0.000,0.000,0.000,0.000,0.000,-0.018,-0.091
294.01,0.105,0,0.458,0.540,1,0.000,0.000,0.000,0.000,0.000,0.000,-0.019,-0.059
294.21,0.106,0,0.458,0.540,1,0.000,0.000,0.000,0.000,0.000,0.000,-0.024,-0.080
294.41,0.106,0,0.465,0.534,1,0.000,0.000,0.000,0.000,0.000,0.000,-0.036,-0.070
294.61,0.106,0,0.465,0.534,1,0.000,0.000,0.000,0.000,0.000,0.000,-0.036,-0.070
294.81,0.104,0,0.465,0.534,1,0.000,0.000,0.000,0.000,0.000,0.000,-0.038,-0.069
295.01,0.105,0,0.465,0.522,1,0.000,0.000,0.000,0.000,0.000,0.000,-0.045,-0.077
295.21,0.105,0,0.465,0.522,1,0.000,0.000,0.000,0.000,0.000,0.000,-0.028,-0.071
295.41,0.105,0,0.452,0.508,1,0.000,0.000,0.000,0.000,0.000,0.000,-0.028,-0.067
295.61,0.107,0,0.452,0.508,1,0.000,0.000,0.000,0.000,0.000,0.000,-0.028,-0.067
295.81,0.105,0,0.452,0.508,1,0.000,0.000,0.000,0.000,0.000,0.000,-0.024,-0.081
296.01,0.106,0,0.454,0.507,1,0.000,0.000,0.000,0.000,0.000,0.000,-0.024,-0.078
296.21,0.106,0,0.454,0.507,1,0.000,0.000,0.000,0.000,0.000,0.000,-0.025,-0.074
296.41,0.104,0,0.454,0.507,1,0.000,0.000,0.000,0.000,0.000,0.000,-0.036,-0.077
296.61,0.102,0,0.454,0.507,1,0.000,0.000,0.000,0.000,0.000,0.000,-0.036,-0.077
296.81,0.106,0,0.454,0.507,1,0.000,0.000,0.000,0.000,0.000,0.000,-0.028,-0.087
297.01,0.105,0,0.454,0.507,1,0.000,0.000,0.000,0.000,0.000,0.000,-0.032,-0.083
297.21,0.105,0,0.454,0.507,1,0.000,0.000,0.000,0.000,0.000,0.000,-0.031,-0.084
297.41,0.105,0,0.453,0.507,1,0.000,0.000,0.000,0.000,0.000,0.000,-0.032,-0.081
297.61,0.105,0,0.453,0.507,1,0.000,0.000,0.000,0.000,0.000,0.000,-0.032,-0.081
297.81,0.104,0,0.453,0.507,1,0.000,0.000,0.000,0.000,0.000,0.000,-0.028,-0.080
298.01,0.106,0,0.454,0.507,1,0.000,0.000,0.000,0.000,0.000,0.000,-0.025,-0.075
298.21,0.106,0,0.454,0.507,1,0.000,0.000,0.000,0.000,0.000,0.000,-0.031,-0.074
298.41,0.106,0,0.452,0.507,1,0.000,0.000,0.000,0.000,0.000,0.000,-0.031,-0.074
298.61,0.106,0,0.452,0.507,1,0.000,0.000,0.000,0.000,0.000,0.000,-0.035,-0.083
298.81,0.105,0,0.452,0.507,1,0.000,0.000,0.000,0.000,0.000,0.000,-0.031,-0.077
299.01,0.106,0,0.454,0.507,1,0.000,0.000,0.000,0.000,0.000,0.000,-0.038,-0.072
299.21,0.106,0,0.454,0.507,1,0.000,0.000,0.000,0.000,0.000,0.000,-0.039,-0.078
299.41,0.105,0,0.454,0.507,1,0.000,0.000,0.000,0.000,0.000,0.000,-0.039,-0.078
299.61,0.104,0,0.454,0.507,1,0.000,0.000,0.000,0.000,0.000,0.000,-0.035,-0.081
299.81,0.105,0,0.454,0.507,1,0.000,0.000,0.000,0.000,0.000,0.000,-0.038,-0.080
300.01,0.105,0,0.454,0.508,1,0.000,0.000,0.000,0.000,0.000,0.000,-0.039,-0.092
300.21,0.105,0,0.454,0.508,1,0.000,0.000,0.000,0.000,0.000,0.000,-0.035,-0.089
300.41,0.105,0,0.454,0.507,1,0.000,0.000,0.000,0.000,0.000,0.000,-0.035,-0.089
300.61,0.105,0,0.454,0.507,1,0.000,0.000,0.000,0.000,0.000,0.000,-0.035,-0.086
300.81,0.105,0,0.454,0.507,1,0.000,0.000,0.000,0.000,0.000,0.000,-0.037,-0.078
301.01,0.105,0,0.453,0.507,1,0.000,0.000,0.000,0.000,0.000,0.000,-0.038,-0.085
301.21,0.105,0,0.453,0.507,1,0.000,0.000,0.000,0.000,0.000,0.000,-0.038,-0.085
301.41,0.105,0,0.453,0.507,1,0.000,0.000,0.000,0.000,0.000,0.000,-0.031,-0.072
301.61,0.106,0,0.453,0.507,1,0.000,0.000,0.000,0.000,0.000,0.000,-0.034,-0.078
301.81,0.105,0,0.453,0.507,1,0.000,0.000,0.000,0.000,0.000,0.000,-0.028,-0.089
302.01,0.105,0,0.452,0.507,1,0.000,0.000,0.000,0.000,0.000,0.000,-0.029,-0.081
302.21,0.105,0,0.452,0.507,1,0.000,0.000,0.000,0.000,0.000,0.000,-0.029,-0.081
302.41,0.104,0,0.454,0.508,1,0.000,0.000,0.000,0.000,0.000,0.000,-0.026,-0.090
302.61,0.105,0,0.454,0.508,1,0.000,0.000,0.000,0.000,0.000,0.000,-0.032,-0.079
302.81,0.105,0,0.454,0.508,1,0.000,0.000,0.000,0.000,0.000,0.000,-0.031,-0.083
303.01,0.105,0,0.452,0.507,1,0.000,0.000,0.000,0.000,0.000,0.000,-0.031,-0.075
303.21,0.105,0,0.452,0.507,1,0.000,0.000,0.000,0.000,0.000,0.000,-0.031,-0.075
303.41,0.105,0,0.453,0.508,1,0.000,0.000,0.000,0.000,0.000,0.000,-0.027,-0.083
303.61,0.105,0,0.453,0.508,1,0.000,0.000,0.000,0.000,0.000,0.000,-0.027,-0.083
303.81,0.105,0,0.453,0.508,1,0.000,0.000,0.000,0.000,0.000,0.000,-0.027,-0.080
304.01,0.105,0,0.450,0.507,1,0.000,0.000,0.000,0.000,0.000,0.000,-0.025,-0.085
304.21,0.105,0,0.450,0.507,1,0.000,0.000,0.000,0.000,0.000,0.000,-0.025,-0.085
304.41,0.106,0,0.454,0.507,1,0.000,0.000,0.000,0.000,0.000,0.000,-0.030,-0.084
304.61,0.105,0,0.454,0.507,1,0.000,0.000,0.000,0.000,0.000,0.000,-0.031,-0.084
304.81,0.105,0,0.454,0.507,1,0.000,0.000,0.000,0.000,0.000,0.000,-0.032,-0.082
305.01,0.105,0,0.453,0.508,1,0.000,0.000,0.000,0.000,0.000,0.000,-0.032,-0.082
305.21,0.105,0,0.453,0.508,1,0.000,0.000,0.000,0.000,0.000,0.000,-0.032,-0.091
305.41,0.105,0,0.454,0.507,1,0.000,0.000,0.000,0.000,0.000,0.000,-0.032,-0.079
305.61,0.105,0,0.454,0.507,1,0.000,0.000,0.000,0.000,0.000,0.000,-0.032,-0.076
305.81,0.105,0,0.454,0.507,1,0.000,0.000,0.000,0.000,0.000,0.000,-0.027,-0.076
306.01,0.106,0,0.454,0.507,1,0.000,0.000,0.000,0.000,0.000,0.000,-0.027,-0.076
306.21,0.105,0,0.454,0.507,1,0.000,0.000,0.000,0.000,0.000,0.000,-0.028,-0.073
306.41,0.102,0,0.454,0.507,1,0.000,0.000,0.000,0.000,0.000,0.000,-0.027,-0.072
306.61,0.105,0,0.454,0.507,1,0.000,0.000,0.000,0.000,0.000,0.000,-0.029,-0.066
306.81,0.105,0,0.454,0.507,1,0.000,0.000,0.000,0.000,0.000,0.000,-0.027,-0.071
307.01,0.106,0,0.453,0.507,1,0.000,0.000,0.000,0.000,0.000,0.000,-0.027,-0.071
307.21,0.104,0,0.453,0.507,1,0.000,0.000,0.000,0.000,0.000,0.000,-0.032,-0.079
307.41,0.105,0,0.453,0.507,1,0.000,0.000,0.000,0.000,0.000,0.000,-0.030,-0.084
307.61,0.102,0,0.453,0.507,1,0.000,0.000,0.000,0.000,0.000,0.000,-0.036,-0.078
307.81,0.102,0,0.453,0.507,1,0.000,0.000,0.000,0.000,0.000,0.000,-0.030,-0.096
308.01,0.106,0,0.453,0.507,1,0.000,0.000,0.000,0.000,0.000,0.000,-0.030,-0.096
308.21,0.105,0,0.453,0.507,1,0.000,0.000,0.000,0.000,0.000,0.000,-0.037,-0.093
308.41,0.105,0,0.451,0.507,1,0.000,0.000,0.000,0.000,0.000,0.000,-0.027,-0.098
308.61,0.105,0,0.451,0.507,1,0.000,0.000,0.000,0.000,0.000,0.000,-0.032,-0.099
308.81,0.105,0,0.451,0.507,1,0.000,0.000,0.000,0.000,0.000,0.000,-0.033,-0.101
309.01,0.104,0,0.454,0.507,1,0.000,0.000,0.000,0.000,0.000,0.000,-0.033,-0.101
309.21,0.105,0,0.454,0.507,1,0.000,0.000,0.000,0.000,0.000,0.000,-0.033,-0.109
309.41,0.104,0,0.453,0.507,1,0.000,0.000,0.000,0.000,0.000,0.000,-0.034,-0.094
309.61,0.104,0,0.453,0.507,1,0.000,0.000,0.000,0.000,0.000,0.000,-0.028,-0.087
309.81,0.106,0,0.453,0.507,1,0.000,0.000,0.000,0.000,0.000,0.000,-0.028,-0.087
310.01,0.106,0,0.453,0.507,1,0.000,0.000,0.000,0.000,0.000,0.000,-0.031,-0.100
310.21,0.105,0,0.453,0.507,1,0.000,0.000,0.000,0.000,0.000,0.000,-0.036,-0.095
310.41,0.105,0,0.450,0.507,1,0.000,0.000,0.000,0.000,0.000,0.000,-0.030,-0.088
310.61,0.105,0,0.450,0.507,1,0.000,0.000,0.000,0.000,0.000,0.000,-0.029,-0.102
310.81,0.106,0,0.450,0.507,1,0.000,0.000,0.000,0.000,0.000,0.000,-0.029,-0.102
311.01,0.106,0,0.454,0.507,1,0.000,0.000,0.000,0.000,0.000,0.000,-0.036,-0.090
311.21,0.105,0,0.454,0.507,1,0.000,0.000,0.000,0.000,0.000,0.000,-0.036,-0.091
311.41,0.105,0,0.451,0.507,1,0.000,0.000,0.000,0.000,0.000,0.000,-0.031,-0.089
311.61,0.105,0,0.451,0.507,1,0.000,0.000,0.000,0.000,0.000,0.000,-0.036,-0.098
311.81,0.105,0,0.451,0.507,1,0.000,0.000,0.000,0.000,0.000,0.000,-0.036,-0.098
312.01,0.106,0,0.453,0.507,1,0.000,0.000,0.000,0.000,0.000,0.000,-0.043,-0.100
312.21,0.105,0,0.453,0.507,1,0.000,0.000,0.000,0.000,0.000,0.000,-0.042,-0.091
312.41,0.105,0,0.454,0.507,1,0.000,0.000,0.000,0.000,0.000,0.000,-0.031,-0.085
312.61,0.105,0,0.454,0.507,1,0.000,0.000,0.000,0.000,0.000,0.000,-0.038,-0.108
312.81,0.102,0,0.454,0.507,1,0.000,0.000,0.000,0.000,0.000,0.000,-0.038,-0.108
313.01,0.105,0,0.454,0.507,1,0.000,0.000,0.000,0.000,0.000,0.000,-0.038,-0.104
313.21,0.105,0,0.454,0.507,1,0.000,0.000,0.000,0.000,0.000,0.000,-0.038,-0.098
313.41,0.105,0,0.453,0.507,1,0.000,0.000,0.000,0.000,0.000,0.000,-0.030,-0.090
313.61,0.105,0,0.453,0.507,1,0.000,0.000,0.000,0.000,0.000,0.000,-0.030,-0.090
313.81,0.106,0,0.453,0.507,1,0.000,0.000,0.000,0.000,0.000,0.000,-0.034,-0.090
314.01,0.102,0,0.450,0.507,1,0.000,0.000,0.000,0.000,0.000,0.000,-0.029,-0.090
314.21,0.105,0,0.450,0.507,1,0.000,0.000,0.000,0.000,0.000,0.000,-0.028,-0.094
314.41,0.105,0,0.450,0.507,1,0.000,0.000,0.000,0.000,0.000,0.000,-0.025,-0.091
314.61,0.105,0,0.450,0.507,1,0.000,0.000,0.000,0.000,0.000,0.000,-0.025,-0.091
314.81,0.106,0,0.450,0.507,1,0.000,0.000,0.000,0.000,0.000,0.000,-0.029,-0.086
315.01,0.105,0,0.454,0.507,1,0.000,0.000,0.000,0.000,0.000,0.000,-0.022,-0.095
315.21,0.105,0,0.454,0.507,1,0.000,0.000,0.000,0.000,0.000,0.000,-0.024,-0.092
315.41,0.105,0,0.454,0.507,1,0.000,0.000,0.000,0.000,0.000,0.000,-0.026,-0.095
315.61,0.105,0,0.454,0.507,1,0.000,0.000,0.000,0.000,0.000,0.000,-0.026,-0.095
315.81,0.102,0,0.454,0.507,1,0.000,0.000,0.000,0.000,0.000,0.000,-0.020,-0.087
316.01,0.105,0,0.454,0.507,1,0.000,0.000,0.000,0.000,0.000,0.000,-0.017,-0.091
316.21,0.105,0,0.454,0.507,1,0.000,0.000,0.000,0.000,0.000,0.000,-0.027,-0.098
316.41,0.106,0,0.453,0.508,1,0.000,0.000,0.000,0.000,0.000,0.000,-0.035,-0.091
316.61,0.106,0,0.453,0.508,1,0.000,0.000,0.000,0.000,0.000,0.000,-0.035,-0.091
316.81,0.105,0,0.453,0.508,1,0.000,0.000,0.000,0.000,0.000,0.000,-0.024,-0.087
317.01,0.104,0,0.454,0.507,1,0.000,0.000,0.000,0.000,0.000,0.000,-0.026,-0.091
317.21,0.104,0,0.454,0.507,1,0.000,0.000,0.000,0.000,0.000,0.000,-0.028,-0.081
317.41,0.105,0,0.453,0.507,1,0.000,0.000,0.000,0.000,0.000,0.000,-0.028,-0.081
317.61,0.105,0,0.453,0.507,1,0.000,0.000,0.000,0.000,0.000,0.000,-0.032,-0.081
317.81,0.105,0,0.453,0.507,1,0.000,0.000,0.000,0.000,0.000,0.000,-0.027,-0.093
318.01,0.105,0,0.453,0.507,1,0.000,0.000,0.000,0.000,0.000,0.000,-0.026,-0.081
318.21,0.105,0,0.453,0.507,1,0.000,0.000,0.000,0.000,0.000,0.000,-0.028,-0.084
318.41,0.102,0,0.450,0.507,1,0.000,0.000,0.000,0.000,0.000,0.000,-0.028,-0.084
318.61,0.106,0,0.450,0.507,1,0.000,0.000,0.000,0.000,0.000,0.000,-0.032,-0.085
318.81,0.104,0,0.450,0.507,1,0.000,0.000,0.000,0.000,0.000,0.000,-0.024,-0.082
319.01,0.102,0,0.453,0.507,1,0.000,0.000,0.000,0.000,0.000,0.000,-0.025,-0.083
319.21,0.102,0,0.453,0.507,1,0.000,0.000,0.000,0.000,0.000,0.000,-0.030,-0.082
319.41,0.105,0,0.454,0.507,1,0.000,0.000,0.000,0.000,0.000,0.000,-0.030,-0.082
319.61,0.105,0,0.454,0.507,1,0.000,0.000,0.000,0.000,0.000,0.000,-0.029,-0.086
319.81,0.105,0,0.454,0.507,1,0.000,0.000,0.000,0.000,0.000,0.000,-0.018,-0.089
320.01,0.105,0,0.454,0.507,1,0.000,0.000,0.000,0.000,0.000,0.000,-0.025,-0.093
320.21,0.106,0,0.454,0.507,1,0.000,0.000,0.000,0.000,0.000,0.000,-0.032,-0.090
320.41,0.106,0,0.454,0.507,1,0.000,0.000,0.000,0.000,0.000,0.000,-0.032,-0.090
320.61,0.105,0,0.454,0.507,1,0.000,0.000,0.000,0.000,0.000,0.000,-0.031,-0.095
320.81,0.106,0,0.454,0.507,1,0.000,0.000,0.000,0.000,0.000,0.000,-0.024,-0.086
321.01,0.106,0,0.454,0.507,1,0.000,0.000,0.000,0.000,0.000,0.000,-0.027,-0.081
321.21,0.105,0,0.454,0.507,1,0.000,0.000,0.000,0.000,0.000,0.000,-0.027,-0.081
321.41,0.105,0,0.454,0.507,1,0.000,0.000,0.000,0.000,0.000,0.000,-0.030,-0.086
321.61,0.105,0,0.454,0.507,1,0.000,0.000,0.000,0.000,0.000,0.000,-0.019,-0.079
321.81,0.104,0,0.454,0.507,1,0.000,0.000,0.000,0.000,0.000,0.000,-0.019,-0.085
322.01,0.104,0,0.454,0.507,1,0.000,0.000,0.000,0.000,0.000,0.000,-0.031,-0.076
322.21,0.105,0,0.454,0.507,1,0.000,0.000,0.000,0.000,0.000,0.000,-0.031,-0.076
322.41,0.105,0,0.454,0.507,1,0.000,0.000,0.000,0.000,0.000,0.000,-0.034,-0.100
322.61,0.105,0,0.454,0.507,1,0.000,0.000,0.000,0.000,0.000,0.000,-0.022,-0.101
322.81,0.105,0,0.454,0.507,1,0.000,0.000,0.000,0.000,0.000,0.000,-0.025,-0.079
323.01,0.105,0,0.454,0.507,1,0.000,0.000,0.000,0.000,0.000,0.000,-0.035,-0.080
323.21,0.105,0,0.454,0.507,1,0.000,0.000,0.000,0.000,0.000,0.000,-0.035,-0.080
323.41,0.105,0,0.450,0.507,1,0.000,0.000,0.000,0.000,0.000,0.000,-0.028,-0.077
323.61,0.105,0,0.450,0.507,1,0.000,0.000,0.000,0.000,0.000,0.000,-0.028,-0.081
323.81,0.105,0,0.450,0.507,1,0.000,0.000,0.000,0.000,0.000,0.000,-0.032,-0.088
324.01,0.105,0,0.454,0.507,1,0.000,0.000,0.000,0.000,0.000,0.000,-0.027,-0.073
324.21,0.105,0,0.454,0.507,1,0.000,0.000,0.000,0.000,0.000,0.000,-0.027,-0.073
324.41,0.105,0,0.454,0.507,1,0.000,0.000,0.000,0.000,0.000,0.000,-0.033,-0.083
324.61,0.105,0,0.454,0.507,1,0.000,0.000,0.000,0.000,0.000,0.000,-0.026,-0.076
324.81,0.105,0,0.454,0.507,1,0.000,0.000,0.000,0.000,0.000,0.000,-0.032,-0.079
325.01,0.105,0,0.454,0.507,1,0.000,0.000,0.000,0.000,0.000,0.000,-0.026,-0.082
325.21,0.105,0,0.454,0.507,1,0.000,0.000,0.000,0.000,0.000,0.000,-0.026,-0.082
325.41,0.105,0,0.453,0.507,1,0.000,0.000,0.000,0.000,0.000,0.000,-0.021,-0.077
325.61,0.106,0,0.453,0.507,1,0.000,0.000,0.000,0.000,0.000,0.000,-0.016,-0.089
325.81,0.106,0,0.453,0.507,1,0.000,0.000,0.000,0.000,0.000,0.000,-0.029,-0.079
326.01,0.102,0,0.453,0.508,1,0.000,0.000,0.000,0.000,0.000,0.000,-0.029,-0.079
326.21,0.105,0,0.453,0.508,1,0.000,0.000,0.000,0.000,0.000,0.000,-0.019,-0.078
326.41,0.105,0,0.454,0.507,1,0.000,0.000,0.000,0.000,0.000,0.000,-0.021,-0.067
326.61,0.105,0,0.454,0.507,1,0.000,0.000,0.000,0.000,0.000,0.000,-0.025,-0.078
326.81,0.105,0,0.454,0.507,1,0.000,0.000,0.000,0.000,0.000,0.000,-0.023,-0.069
327.01,0.105,0,0.453,0.507,1,0.000,0.000,0.000,0.000,0.000,0.000,-0.023,-0.069
327.21,0.104,0,0.453,0.507,1,0.000,0.000,0.000,0.000,0.000,0.000,-0.026,-0.084
327.41,0.105,0,0.450,0.507,1,0.000,0.000,0.000,0.000,0.000,0.000,-0.022,-0.072
327.61,0.105,0,0.450,0.507,1,0.000,0.000,0.000,0.000,0.000,0.000,-0.017,-0.074
327.81,0.105,0,0.450,0.507,1,0.000,0.000,0.000,0.000,0.000,0.000,-0.024,-0.085
328.01,0.106,0,0.453,0.507,1,0.000,0.000,0.000,0.000,0.000,0.000,-0.024,-0.085
328.21,0.105,0,0.453,0.507,1,0.000,0.000,0.000,0.000,0.000,0.000,-0.022,-0.078
328.41,0.105,0,0.452,0.507,1,0.000,0.000,0.000,0.000,0.000,0.000,-0.018,-0.083
328.61,0.105,0,0.452,0.507,1,0.000,0.000,0.000,0.000,0.000,0.000,-0.024,-0.076
328.81,0.105,0,0.452,0.507,1,0.000,0.000,0.000,0.000,0.000,0.000,-0.025,-0.077
329.01,0.105,0,0.453,0.507,1,0.000,0.000,0.000,0.000,0.000,0.000,-0.025,-0.077
329.21,0.105,0,0.453,0.507,1,0.000,0.000,0.000,0.000,0.000,0.000,-0.018,-0.073
329.41,0.106,0,0.453,0.508,1,0.000,0.000,0.000,0.000,0.000,0.000,-0.020,-0.079
329.61,0.106,0,0.453,0.508,1,0.000,0.000,0.000,0.000,0.000,0.000,-0.024,-0.087
329.81,0.105,0,0.453,0.508,1,0.000,0.000,0.000,0.000,0.000,0.000,-0.027,-0.090
330.01,0.105,0,0.453,0.507,1,0.000,0.000,0.000,0.000,0.000,0.000,-0.027,-0.090
330.21,0.105,0,0.453,0.507,1,0.000,0.000,0.000,0.000,0.000,0.000,-0.019,-0.086
330.41,0.105,0,0.453,0.507,1,0.000,0.000,0.000,0.000,0.000,0.000,-0.026,-0.089
330.61,0.105,0,0.453,0.507,1,0.000,0.000,0.000,0.000,0.000,0.000,-0.023,-0.078
330.81,0.105,0,0.453,0.507,1,0.000,0.000,0.000,0.000,0.000,0.000,-0.023,-0.078
331.01,0.105,0,0.454,0.507,1,0.000,0.000,0.000,0.000,0.000,0.000,-0.021,-0.087
331.21,0.105,0,0.454,0.507,1,0.000,0.000,0.000,0.000,0.000,0.000,-0.026,-0.086
331.41,0.106,0,0.454,0.507,1,0.000,0.000,0.000,0.000,0.000,0.000,-0.029,-0.086
331.61,0.106,0,0.454,0.507,1,0.000,0.000,0.000,0.000,0.000,0.000,-0.023,-0.075
331.81,0.102,0,0.454,0.507,1,0.000,0.000,0.000,0.000,0.000,0.000,-0.023,-0.075
332.01,0.105,0,0.454,0.508,1,0.000,0.000,0.000,0.000,0.000,0.000,-0.019,-0.095
332.21,0.105,0,0.454,0.508,1,0.000,0.000,0.000,0.000,0.000,0.000,-0.020,-0.088
332.41,0.106,0,0.452,0.508,1,0.000,0.000,0.000,0.000,0.000,0.000,-0.022,-0.079
332.61,0.106,0,0.452,0.508,1,0.000,0.000,0.000,0.000,0.000,0.000,-0.019,-0.091
332.81,0.105,0,0.452,0.508,1,0.000,0.000,0.000,0.000,0.000,0.000,-0.019,-0.091
333.01,0.105,0,0.454,0.507,1,0.000,0.000,0.000,0.000,0.000,0.000,-0.028,-0.092
333.21,0.105,0,0.454,0.507,1,0.000,0.000,0.000,0.000,0.000,0.000,-0.034,-0.091
333.41,0.105,0,0.450,0.507,1,0.000,0.000,0.000,0.000,0.000,0.000,-0.024,-0.083
333.61,0.105,0,0.450,0.507,1,0.000,0.000,0.000,0.000,0.000,0.000,-0.016,-0.075
333.81,0.105,0,0.450,0.507,1,0.000,0.000,0.000,0.000,0.000,0.000,-0.016,-0.075
334.01,0.105,0,0.452,0.507,1,0.000,0.000,0.000,0.000,0.000,0.000,-0.019,-0.078
334.21,0.106,0,0.452,0.507,1,0.000,0.000,0.000,0.000,0.000,0.000,-0.024,-0.087
334.41,0.106,0,0.452,0.507,1,0.000,0.000,0.000,0.000,0.000,0.000,-0.028,-0.095
334.61,0.105,0,0.452,0.507,1,0.000,0.000,0.000,0.000,0.000,0.000,-0.028,-0.095
334.81,0.104,0,0.452,0.507,1,0.000,0.000,0.000,0.000,0.000,0.000,-0.023,-0.073
335.01,0.105,0,0.451,0.507,1,0.000,0.000,0.000,0.000,0.000,0.000,-0.020,-0.090
335.21,0.105,0,0.451,0.507,1,0.000,0.000,0.000,0.000,0.000,0.000,-0.029,-0.083
335.41,0.105,0,0.454,0.507,1,0.000,0.000,0.000,0.000,0.000,0.000,-0.027,-0.085
335.61,0.105,0,0.454,0.507,1,0.000,0.000,0.000,0.000,0.000,0.000,-0.027,-0.085
335.81,0.102,0,0.454,0.507,1,0.000,0.000,0.000,0.000,0.000,0.000,-0.024,-0.084
336.01,0.105,0,0.453,0.507,1,0.000,0.000,0.000,0.000,0.000,0.000,-0.028,-0.080
336.21,0.105,0,0.453,0.507,1,0.000,0.000,0.000,0.000,0.000,0.000,-0.029,-0.082
336.41,0.105,0,0.453,0.507,1,0.000,0.000,0.000,0.000,0.000,0.000,-0.028,-0.088
336.61,0.105,0,0.453,0.507,1,0.000,0.000,0.000,0.000,0.000,0.000,-0.028,-0.088
336.81,0.105,0,0.453,0.507,1,0.000,0.000,0.000,0.000,0.000,0.000,-0.022,-0.087
337.01,0.105,0,0.450,0.507,1,0.000,0.000,0.000,0.000,0.000,0.000,-0.032,-0.082
337.21,0.106,0,0.450,0.507,1,0.000,0.000,0.000,0.000,0.000,0.000,-0.028,-0.083
337.41,0.106,0,0.454,0.507,1,0.000,0.000,0.000,0.000,0.000,0.000,-0.025,-0.081
337.61,0.105,0,0.454,0.507,1,0.000,0.000,0.000,0.000,0.000,0.000,-0.025,-0.081
337.81,0.102,0,0.454,0.507,1,0.000,0.000,0.000,0.000,0.000,0.000,-0.027,-0.082
338.01,0.105,0,0.453,0.507,1,0.000,0.000,0.000,0.000,0.000,0.000,-0.022,-0.084
338.21,0.105,0,0.453,0.507,1,0.000,0.000,0.000,0.000,0.000,0.000,-0.021,-0.091
338.41,0.105,0,0.454,0.507,1,0.000,0.000,0.000,0.000,0.000,0.000,-0.029,-0.092
338.61,0.105,0,0.454,0.507,1,0.000,0.000,0.000,0.000,0.000,0.000,-0.029,-0.092
338.81,0.106,0,0.454,0.507,1,0.000,0.000,0.000,0.000,0.000,0.000,-0.031,-0.082
339.01,0.106,0,0.451,0.507,1,0.000,0.000,0.000,0.000,0.000,0.000,-0.032,-0.090
339.21,0.106,0,0.451,0.507,1,0.000,0.000,0.000,0.000,0.000,0.000,-0.025,-0.087
339.41,0.105,0,0.455,0.507,1,0.000,0.000,0.000,0.000,0.000,0.000,-0.025,-0.087
339.61,0.105,0,0.455,0.507,1,0.000,0.000,0.000,0.000,0.000,0.000,-0.025,-0.082
339.81,0.105,0,0.455,0.507,1,0.000,0.000,0.000,0.000,0.000,0.000,-0.031,-0.087
340.01,0.105,0,0.450,0.507,1,0.000,0.000,0.000,0.000,0.000,0.000,-0.025,-0.086
340.21,0.105,0,0.450,0.507,1,0.000,0.000,0.000,0.000,0.000,0.000,-0.022,-0.077
340.41,0.105,0,0.454,0.507,1,0.000,0.000,0.000,0.000,0.000,0.000,-0.022,-0.077
340.61,0.106,0,0.454,0.507,1,0.000,0.000,0.000,0.000,0.000,0.000,-0.020,-0.080
340.81,0.106,0,0.454,0.507,1,0.000,0.000,0.000,0.000,0.000,0.000,-0.019,-0.088
341.01,0.105,0,0.450,0.507,1,0.000,0.000,0.000,0.000,0.000,0.000,-0.021,-0.086
341.21,0.105,0,0.450,0.507,1,0.000,0.000,0.000,0.000,0.000,0.000,-0.015,-0.086
341.41,0.105,0,0.454,0.507,1,0.000,0.000,0.000,0.000,0.000,0.000,-0.015,-0.086
341.61,0.105,0,0.454,0.507,1,0.000,0.000,0.000,0.000,0.000,0.000,-0.026,-0.089
341.81,0.105,0,0.454,0.507,1,0.000,0.000,0.000,0.000,0.000,0.000,-0.015,-0.080
342.01,0.105,0,0.454,0.507,1,0.000,0.000,0.000,0.000,0.000,0.000,-0.023,-0.088
342.21,0.105,0,0.454,0.507,1,0.000,0.000,0.000,0.000,0.000,0.000,-0.015,-0.094
342.41,0.105,0,0.452,0.507,1,0.000,0.000,0.000,0.000,0.000,0.000,-0.015,-0.094
342.61,0.105,0,0.452,0.507,1,0.000,0.000,0.000,0.000,0.000,0.000,-0.026,-0.084
342.81,0.105,0,0.452,0.507,1,0.000,0.000,0.000,0.000,0.000,0.000,-0.021,-0.097
343.01,0.105,0,0.453,0.507,1,0.000,0.000,0.000,0.000,0.000,0.000,-0.023,-0.091
343.21,0.105,0,0.453,0.507,1,0.000,0.000,0.000,0.000,0.000,0.000,-0.030,-0.091
343.41,0.105,0,0.450,0.507,1,0.000,0.000,0.000,0.000,0.000,0.000,-0.030,-0.091
343.61,0.106,0,0.450,0.507,1,0.000,0.000,0.000,0.000,0.000,0.000,-0.028,-0.090
343.81,0.105,0,0.450,0.507,1,0.000,0.000,0.000,0.000,0.000,0.000,-0.023,-0.088
344.01,0.105,0,0.454,0.507,1,0.000,0.000,0.000,0.000,0.000,0.000,-0.013,-0.083
344.21,0.106,0,0.454,0.507,1,0.000,0.000,0.000,0.000,0.000,0.000,-0.013,-0.083
344.41,0.105,0,0.453,0.507,1,0.000,0.000,0.000,0.000,0.000,0.000,-0.025,-0.082
344.61,0.106,0,0.453,0.507,1,0.000,0.000,0.000,0.000,0.000,0.000,-0.034,-0.081
344.81,0.105,0,0.453,0.507,1,0.000,0.000,0.000,0.000,0.000,0.000,-0.026,-0.091
345.01,0.105,0,0.454,0.508,1,0.000,0.000,0.000,0.000,0.000,0.000,-0.032,-0.096
345.21,0.105,0,0.454,0.508,1,0.000,0.000,0.000,0.000,0.000,0.000,-0.032,-0.096
345.41,0.105,0,0.453,0.507,1,0.000,0.000,0.000,0.000,0.000,0.000,-0.028,-0.091
345.61,0.105,0,0.453,0.507,1,0.000,0.000,0.000,0.000,0.000,0.000,-0.025,-0.079
345.81,0.105,0,0.453,0.507,1,0.000,0.000,0.000,0.000,0.000,0.000,-0.027,-0.081
346.01,0.105,0,0.450,0.507,1,0.000,0.000,0.000,0.000,0.000,0.000,-0.032,-0.094
346.21,0.105,0,0.450,0.507,1,0.000,0.000,0.000,0.000,0.000,0.000,-0.032,-0.094
346.41,0.104,0,0.453,0.507,1,0.000,0.000,0.000,0.000,0.000,0.000,-0.031,-0.086
346.61,0.105,0,0.453,0.507,1,0.000,0.000,0.000,0.000,0.000,0.000,-0.031,-0.083
346.81,0.105,0,0.453,0.507,1,0.000,0.000,0.000,0.000,0.000,0.000,-0.029,-0.085
347.01,0.106,0,0.453,0.507,1,0.000,0.000,0.000,0.000,0.000,0.000,-0.027,-0.083
347.21,0.106,0,0.453,0.507,1,0.000,0.000,0.000,0.000,0.000,0.000,-0.027,-0.083
347.41,0.105,0,0.450,0.508,1,0.000,0.000,0.000,0.000,0.000,0.000,-0.026,-0.086
347.61,0.105,0,0.450,0.508,1,0.000,0.000,0.000,0.000,0.000,0.000,-0.026,-0.098
347.81,0.105,0,0.450,0.508,1,0.000,0.000,0.000,0.000,0.000,0.000,-0.025,-0.085
348.01,0.105,0,0.453,0.507,1,0.000,0.000,0.000,0.000,0.000,0.000,-0.025,-0.085
348.21,0.105,0,0.453,0.507,1,0.000,0.000,0.000,0.000,0.000,0.000,-0.034,-0.079
348.41,0.105,0,0.453,0.508,1,0.000,0.000,0.000,0.000,0.000,0.000,-0.032,-0.092
348.61,0.105,0,0.453,0.508,1,0.000,0.000,0.000,0.000,0.000,0.000,-0.029,-0.084
348.81,0.105,0,0.453,0.508,1,0.000,0.000,0.000,0.000,0.000,0.000,-0.027,-0.077
349.01,0.105,0,0.454,0.507,1,0.000,0.000,0.000,0.000,0.000,0.000,-0.027,-0.077
349.21,0.105,0,0.454,0.507,1,0.000,0.000,0.000,0.000,0.000,0.000,-0.026,-0.094
349.41,0.106,0,0.454,0.508,1,0.000,0.000,0.000,0.000,0.000,0.000,-0.030,-0.080
349.61,0.106,0,0.454,0.508,1,0.000,0.000,0.000,0.000,0.000,0.000,-0.024,-0.094
349.81,0.106,0,0.454,0.508,1,0.000,0.000,0.000,0.000,0.000,0.000,-0.034,-0.085
350.01,0.105,0,0.454,0.507,1,0.000,0.000,0.000,0.000,0.000,0.000,-0.034,-0.085
350.21,0.105,0,0.454,0.507,1,0.000,0.000,0.000,0.000,0.000,0.000,-0.030,-0.080
350.41,0.105,0,0.454,0.507,1,0.000,0.000,0.000,0.000,0.000,0.000,-0.030,-0.087
350.61,0.105,0,0.454,0.507,1,0.000,0.000,0.000,0.000,0.000,0.000,-0.027,-0.097
350.81,0.105,0,0.454,0.507,1,0.000,0.000,0.000,0.000,0.000,0.000,-0.034,-0.097
351.01,0.105,0,0.453,0.508,1,0.000,0.000,0.000,0.000,0.000,0.000,-0.034,-0.097
351.21,0.105,0,0.453,0.508,1,0.000,0.000,0.000,0.000,0.000,0.000,-0.028,-0.111
351.41,0.105,0,0.453,0.507,1,0.000,0.000,0.000,0.000,0.000,0.000,-0.031,-0.100
351.61,0.105,0,0.453,0.507,1,0.000,0.000,0.000,0.000,0.000,0.000,-0.029,-0.091
351.81,0.102,0,0.453,0.507,1,0.000,0.000,0.000,0.000,0.000,0.000,-0.027,-0.096
352.01,0.106,0,0.450,0.507,1,0.000,0.000,0.000,0.000,0.000,0.000,-0.027,-0.096
352.21,0.102,0,0.450,0.507,1,0.000,0.000,0.000,0.000,0.000,0.000,-0.027,-0.112
352.41,0.105,0,0.453,0.507,1,0.000,0.000,0.000,0.000,0.000,0.000,-0.030,-0.096
352.61,0.105,0,0.453,0.507,1,0.000,0.000,0.000,0.000,0.000,0.000,-0.031,-0.089
352.81,0.105,0,0.453,0.507,1,0.000,0.000,0.000,0.000,0.000,0.000,-0.031,-0.089
353.01,0.105,0,0.454,0.507,1,0.000,0.000,0.000,0.000,0.000,0.000,-0.028,-0.089
353.21,0.105,0,0.454,0.507,1,0.000,0.000,0.000,0.000,0.000,0.000,-0.027,-0.099
353.41,0.106,0,0.450,0.507,1,0.000,0.000,0.000,0.000,0.000,0.000,-0.016,-0.091
353.61,0.106,0,0.450,0.507,1,0.000,0.000,0.000,0.000,0.000,0.000,-0.030,-0.102
353.81,0.106,0,0.450,0.507,1,0.000,0.000,0.000,0.000,0.000,0.000,-0.030,-0.102
354.01,0.105,0,0.452,0.507,1,0.000,0.000,0.000,0.000,0.000,0.000,-0.029,-0.114
354.21,0.106,0,0.452,0.507,1,0.000,0.000,0.000,0.000,0.000,0.000,-0.028,-0.097
354.41,0.105,0,0.453,0.507,1,0.000,0.000,0.000,0.000,0.000,0.000,-0.028,-0.089
354.61,0.105,0,0.453,0.507,1,0.000,0.000,0.000,0.000,0.000,0.000,-0.033,-0.100
354.81,0.105,0,0.453,0.507,1,0.000,0.000,0.000,0.000,0.000,0.000,-0.033,-0.100
355.01,0.106,0,0.450,0.507,1,0.000,0.000,0.000,0.000,0.000,0.000,-0.030,-0.093
355.21,0.105,0,0.450,0.507,1,0.000,0.000,0.000,0.000,0.000,0.000,-0.033,-0.091
355.41,0.105,0,0.453,0.507,1,0.000,0.000,0.000,0.000,0.000,0.000,-0.031,-0.091
355.61,0.105,0,0.453,0.507,1,0.000,0.000,0.000,0.000,0.000,0.000,-0.026,-0.097
355.81,0.105,0,0.453,0.507,1,0.000,0.000,0.000,0.000,0.000,0.000,-0.026,-0.097
356.01,0.105,0,0.450,0.507,1,0.000,0.000,0.000,0.000,0.000,0.000,-0.031,-0.090
356.21,0.106,0,0.450,0.507,1,0.000,0.000,0.000,0.000,0.000,0.000,-0.032,-0.100
356.41,0.106,0,0.453,0.507,1,0.000,0.000,0.000,0.000,0.000,0.000,-0.032,-0.096
356.61,0.105,0,0.453,0.507,1,0.000,0.000,0.000,0.000,0.000,0.000,-0.032,-0.096
356.81,0.105,0,0.453,0.507,1,0.000,0.000,0.000,0.000,0.000,0.000,-0.037,-0.089
357.01,0.105,0,0.454,0.507,1,0.000,0.000,0.000,0.000,0.000,0.000,-0.028,-0.094
357.21,0.105,0,0.454,0.507,1,0.000,0.000,0.000,0.000,0.000,0.000,-0.030,-0.097
357.41,0.105,0,0.452,0.507,1,0.000,0.000,0.000,0.000,0.000,0.000,-0.032,-0.091
357.61,0.106,0,0.452,0.507,1,0.000,0.000,0.000,0.000,0.000,0.000,-0.032,-0.091
357.81,0.101,0,0.452,0.507,1,0.000,0.000,0.000,0.000,0.000,0.000,-0.030,-0.100
358.01,0.105,0,0.454,0.507,1,0.000,0.000,0.000,0.000,0.000,0.000,-0.031,-0.091
358.21,0.105,0,0.454,0.507,1,0.000,0.000,0.000,0.000,0.000,0.000,-0.033,-0.094
358.41,0.105,0,0.453,0.507,1,0.000,0.000,0.000,0.000,0.000,0.000,-0.029,-0.107
358.61,0.105,0,0.453,0.507,1,0.000,0.000,0.000,0.000,0.000,0.000,-0.029,-0.107
358.81,0.105,0,0.453,0.507,1,0.000,0.000,0.000,0.000,0.000,0.000,-0.030,-0.106
359.01,0.105,0,0.454,0.507,1,0.000,0.000,0.000,0.000,0.000,0.000,-0.034,-0.099
359.21,0.105,0,0.454,0.507,1,0.000,0.000,0.000,0.000,0.000,0.000,-0.033,-0.098
359.41,0.106,0,0.454,0.507,1,0.000,0.000,0.000,0.000,0.000,0.000,-0.027,-0.106
359.61,0.105,0,0.454,0.507,1,0.000,0.000,0.000,0.000,0.000,0.000,-0.027,-0.106
359.81,0.106,0,0.454,0.507,1,0.000,0.000,0.000,0.000,0.000,0.000,-0.025,-0.097
360.01,0.105,0,0.454,0.507,1,0.000,0.000,0.000,0.000,0.000,0.000,-0.029,-0.110
360.21,0.105,0,0.454,0.507,1,0.000,0.000,0.000,0.000,0.000,0.000,-0.032,-0.101
360.41,0.105,0,0.454,0.507,1,0.000,0.000,0.000,0.000,0.000,0.000,-0.037,-0.112
360.61,0.105,0,0.454,0.507,1,0.000,0.000,0.000,0.000,0.000,0.000,-0.037,-0.112
360.81,0.105,0,0.454,0.507,1,0.000,0.000,0.000,0.000,0.000,0.000,-0.036,-0.096
361.01,0.105,0,0.453,0.507,1,0.000,0.000,0.000,0.000,0.000,0.000,-0.032,-0.086
361.21,0.105,0,0.453,0.507,1,0.000,0.000,0.000,0.000,0.000,0.000,-0.033,-0.098
361.41,0.105,0,0.453,0.507,1,0.000,0.000,0.000,0.000,0.000,0.000,-0.033,-0.098
361.61,0.105,0,0.453,0.507,1,0.000,0.000,0.000,0.000,0.000,0.000,-0.035,-0.092
361.81,0.105,0,0.453,0.507,1,0.000,0.000,0.000,0.000,0.000,0.000,-0.027,-0.085
362.01,0.105,0,0.453,0.507,1,0.000,0.000,0.000,0.000,0.000,0.000,-0.028,-0.088
362.21,0.105,0,0.453,0.507,1,0.000,0.000,0.000,0.000,0.000,0.000,-0.025,-0.101
362.41,0.105,0,0.450,0.507,1,0.000,0.000,0.000,0.000,0.000,0.000,-0.025,-0.101
362.61,0.105,0,0.450,0.507,1,0.000,0.000,0.000,0.000,0.000,0.000,-0.033,-0.102
362.81,0.104,0,0.450,0.507,1,0.000,0.000,0.000,0.000,0.000,0.000,-0.023,-0.094
363.01,0.106,0,0.454,0.507,1,0.000,0.000,0.000,0.000,0.000,0.000,-0.027,-0.091
363.21,0.106,0,0.454,0.507,1,0.000,0.000,0.000,0.000,0.000,0.000,-0.031,-0.103
363.41,0.105,0,0.451,0.507,1,0.000,0.000,0.000,0.000,0.000,0.000,-0.031,-0.103
363.61,0.105,0,0.451,0.507,1,0.000,0.000,0.000,0.000,0.000,0.000,-0.023,-0.098
363.81,0.105,0,0.451,0.507,1,0.000,0.000,0.000,0.000,0.000,0.000,-0.028,-0.099
364.01,0.105,0,0.452,0.507,1,0.000,0.000,0.000,0.000,0.000,0.000,-0.029,-0.094
364.21,0.105,0,0.452,0.507,1,0.000,0.000,0.000,0.000,0.000,0.000,-0.027,-0.100
364.41,0.105,0,0.454,0.507,1,0.000,0.000,0.000,0.000,0.000,0.000,-0.027,-0.100
364.61,0.105,0,0.454,0.507,1,0.000,0.000,0.000,0.000,0.000,0.000,-0.025,-0.098
364.81,0.105,0,0.454,0.507,1,0.000,0.000,0.000,0.000,0.000,0.000,-0.026,-0.094
365.01,0.105,0,0.454,0.507,1,0.000,0.000,0.000,0.000,0.000,0.000,-0.025,-0.108
365.21,0.105,0,0.454,0.507,1,0.000,0.000,0.000,0.000,0.000,0.000,-0.025,-0.108
365.41,0.105,0,0.452,0.507,1,0.000,0.000,0.000,0.000,0.000,0.000,-0.023,-0.112
365.61,0.105,0,0.452,0.507,1,0.000,0.000,0.000,0.000,0.000,0.000,-0.028,-0.108
365.81,0.106,0,0.452,0.507,1,0.000,0.000,0.000,0.000,0.000,0.000,-0.029,-0.110
366.01,0.106,0,0.454,0.507,1,0.000,0.000,0.000,0.000,0.000,0.000,-0.033,-0.113
366.21,0.106,0,0.454,0.507,1,0.000,0.000,0.000,0.000,0.000,0.000,-0.033,-0.113
366.41,0.104,0,0.453,0.507,1,0.000,0.000,0.000,0.000,0.000,0.000,-0.024,-0.098
366.61,0.105,0,0.453,0.507,1,0.000,0.000,0.000,0.000,0.000,0.000,-0.028,-0.094
366.81,0.105,0,0.453,0.507,1,0.000,0.000,0.000,0.000,0.000,0.000,-0.029,-0.107
367.01,0.105,0,0.453,0.507,1,0.000,0.000,0.000,0.000,0.000,0.000,-0.026,-0.113
367.21,0.105,0,0.453,0.507,1,0.000,0.000,0.000,0.000,0.000,0.000,-0.026,-0.113
367.41,0.105,0,0.454,0.507,1,0.000,0.000,0.000,0.000,0.000,0.000,-0.031,-0.119
367.61,0.104,0,0.454,0.507,1,0.000,0.000,0.000,0.000,0.000,0.000,-0.035,-0.110
367.81,0.104,0,0.454,0.507,1,0.000,0.000,0.000,0.000,0.000,0.000,-0.028,-0.103
368.01,0.106,0,0.454,0.507,1,0.000,0.000,0.000,0.000,0.000,0.000,-0.025,-0.098
368.21,0.105,0,0.454,0.507,1,0.000,0.000,0.000,0.000,0.000,0.000,-0.025,-0.098
368.41,0.105,0,0.453,0.507,1,0.000,0.000,0.000,0.000,0.000,0.000,-0.024,-0.113
368.61,0.105,0,0.453,0.507,1,0.000,0.000,0.000,0.000,0.000,0.000,-0.030,-0.095
368.81,0.105,0,0.453,0.507,1,0.000,0.000,0.000,0.000,0.000,0.000,-0.028,-0.098
369.01,0.105,0,0.454,0.507,1,0.000,0.000,0.000,0.000,0.000,0.000,-0.028,-0.098
369.21,0.105,0,0.454,0.507,1,0.000,0.000,0.000,0.000,0.000,0.000,-0.028,-0.094
369.41,0.105,0,0.454,0.507,1,0.000,0.000,0.000,0.000,0.000,0.000,-0.029,-0.091
369.61,0.102,0,0.454,0.507,1,0.000,0.000,0.000,0.000,0.000,0.000,-0.036,-0.106
369.81,0.102,0,0.454,0.507,1,0.000,0.000,0.000,0.000,0.000,0.000,-0.030,-0.097
370.01,0.105,0,0.454,0.507,1,0.000,0.000,0.000,0.000,0.000,0.000,-0.030,-0.097
370.21,0.105,0,0.454,0.507,1,0.000,0.000,0.000,0.000,0.000,0.000,-0.031,-0.092
370.41,0.105,0,0.450,0.507,1,0.000,0.000,0.000,0.000,0.000,0.000,-0.027,-0.096
370.61,0.105,0,0.450,0.507,1,0.000,0.000,0.000,0.000,0.000,0.000,-0.024,-0.104
370.81,0.105,0,0.450,0.507,1,0.000,0.000,0.000,0.000,0.000,0.000,-0.025,-0.111
371.01,0.105,0,0.453,0.508,1,0.000,0.000,0.000,0.000,0.000,0.000,-0.025,-0.111
371.21,0.106,0,0.453,0.508,1,0.000,0.000,0.000,0.000,0.000,0.000,-0.026,-0.104
371.41,0.105,0,0.454,0.507,1,0.000,0.000,0.000,0.000,0.000,0.000,-0.024,-0.103
371.61,0.105,0,0.454,0.507,1,0.000,0.000,0.000,0.000,0.000,0.000,-0.028,-0.113
371.81,0.105,0,0.454,0.507,1,0.000,0.000,0.000,0.000,0.000,0.000,-0.030,-0.107
372.01,0.105,0,0.453,0.508,1,0.000,0.000,0.000,0.000,0.000,0.000,-0.030,-0.107
372.21,0.105,0,0.453,0.508,1,0.000,0.000,0.000,0.000,0.000,0.000,-0.035,-0.113
372.41,0.105,0,0.453,0.507,1,0.000,0.000,0.000,0.000,0.000,0.000,-0.032,-0.106
372.61,0.105,0,0.453,0.507,1,0.000,0.000,0.000,0.000,0.000,0.000,-0.035,-0.094
372.81,0.105,0,0.453,0.507,1,0.000,0.000,0.000,0.000,0.000,0.000,-0.035,-0.094
373.01,0.106,0,0.453,0.507,1,0.000,0.000,0.000,0.000,0.000,0.000,-0.034,-0.100
373.21,0.105,0,0.453,0.507,1,0.000,0.000,0.000,0.000,0.000,0.000,-0.035,-0.099
373.41,0.105,0,0.453,0.507,1,0.000,0.000,0.000,0.000,0.000,0.000,-0.033,-0.099
373.61,0.105,0,0.453,0.507,1,0.000,0.000,0.000,0.000,0.000,0.000,-0.030,-0.103
373.81,0.105,0,0.453,0.507,1,0.000,0.000,0.000,0.000,0.000,0.000,-0.030,-0.103
374.01,0.105,0,0.454,0.507,1,0.000,0.000,0.000,0.000,0.000,0.000,-0.035,-0.103
374.21,0.105,0,0.454,0.507,1,0.000,0.000,0.000,0.000,0.000,0.000,-0.032,-0.100
374.41,0.105,0,0.452,0.507,1,0.000,0.000,0.000,0.000,0.000,0.000,-0.033,-0.100
374.61,0.105,0,0.452,0.507,1,0.000,0.000,0.000,0.000,0.000,0.000,-0.028,-0.094
374.81,0.105,0,0.452,0.507,1,0.000,0.000,0.000,0.000,0.000,0.000,-0.028,-0.094
375.01,0.102,0,0.451,0.507,1,0.000,0.000,0.000,0.000,0.000,0.000,-0.036,-0.101
375.21,0.105,0,0.451,0.507,1,0.000,0.000,0.000,0.000,0.000,0.000,-0.028,-0.090
375.41,0.105,0,0.454,0.507,1,0.000,0.000,0.000,0.000,0.000,0.000,-0.027,-0.085
375.61,0.105,0,0.454,0.507,1,0.000,0.000,0.000,0.000,0.000,0.000,-0.027,-0.085
375.81,0.105,0,0.454,0.507,1,0.000,0.000,0.000,0.000,0.000,0.000,-0.024,-0.097
376.01,0.105,0,0.454,0.508,1,0.000,0.000,0.000,0.000,0.000,0.000,-0.034,-0.095
376.21,0.105,0,0.454,0.508,1,0.000,0.000,0.000,0.000,0.000,0.000,-0.029,-0.098
376.41,0.105,0,0.454,0.507,1,0.000,0.000,0.000,0.000,0.000,0.000,-0.028,-0.101
376.61,0.105,0,0.454,0.507,1,0.000,0.000,0.000,0.000,0.000,0.000,-0.028,-0.101
376.81,0.105,0,0.454,0.507,1,0.000,0.000,0.000,0.000,0.000,0.000,-0.031,-0.102
377.01,0.105,0,0.454,0.507,1,0.000,0.000,0.000,0.000,0.000,0.000,-0.030,-0.100
377.21,0.105,0,0.454,0.507,1,0.000,0.000,0.000,0.000,0.000,0.000,-0.036,-0.103
377.41,0.105,0,0.453,0.507,1,0.000,0.000,0.000,0.000,0.000,0.000,-0.031,-0.093
377.61,0.102,0,0.453,0.507,1,0.000,0.000,0.000,0.000,0.000,0.000,-0.031,-0.093
377.81,0.106,0,0.453,0.507,1,0.000,0.000,0.000,0.000,0.000,0.000,-0.036,-0.097
378.01,0.102,0,0.454,0.507,1,0.000,0.000,0.000,0.000,0.000,0.000,-0.029,-0.104
378.21,0.102,0,0.454,0.507,1,0.000,0.000,0.000,0.000,0.000,0.000,-0.032,-0.101
378.41,0.105,0,0.453,0.507,1,0.000,0.000,0.000,0.000,0.000,0.000,-0.029,-0.095
378.61,0.105,0,0.453,0.507,1,0.000,0.000,0.000,0.000,0.000,0.000,-0.029,-0.095
378.81,0.105,0,0.453,0.507,1,0.000,0.000,0.000,0.000,0.000,0.000,-0.029,-0.100
379.01,0.105,0,0.451,0.507,1,0.000,0.000,0.000,0.000,0.000,0.000,-0.030,-0.090
379.21,0.105,0,0.451,0.507,1,0.000,0.000,0.000,0.000,0.000,0.000,-0.029,-0.082
379.41,0.106,0,0.451,0.507,1,0.000,0.000,0.000,0.000,0.000,0.000,-0.029,-0.082
379.61,0.105,0,0.451,0.507,1,0.000,0.000,0.000,0.000,0.000,0.000,-0.032,-0.074
379.81,0.105,0,0.451,0.507,1,0.000,0.000,0.000,0.000,0.000,0.000,-0.038,-0.077
380.01,0.106,0,0.453,0.507,1,0.000,0.000,0.000,0.000,0.000,0.000,-0.042,-0.073
380.21,0.106,0,0.453,0.507,1,0.000,0.000,0.000,0.000,0.000,0.000,-0.032,-0.083
380.41,0.105,0,0.454,0.507,1,0.000,0.000,0.000,0.000,0.000,0.000,-0.032,-0.083
380.61,0.105,0,0.454,0.507,1,0.000,0.000,0.000,0.000,0.000,0.000,-0.035,-0.098
380.81,0.104,0,0.454,0.507,1,0.000,0.000,0.000,0.000,0.000,0.000,-0.034,-0.090
381.01,0.104,0,0.451,0.507,1,0.000,0.000,0.000,0.000,0.000,0.000,-0.029,-0.091
381.21,0.105,0,0.451,0.507,1,0.000,0.000,0.000,0.000,0.000,0.000,-0.025,-0.080
381.41,0.105,0,0.454,0.507,1,0.000,0.000,0.000,0.000,0.000,0.000,-0.025,-0.080
381.61,0.105,0,0.454,0.507,1,0.000,0.000,0.000,0.000,0.000,0.000,-0.031,-0.077
381.81,0.102,0,0.454,0.507,1,0.000,0.000,0.000,0.000,0.000,0.000,-0.018,-0.083
382.01,0.102,0,0.450,0.507,1,0.000,0.000,0.000,0.000,0.000,0.000,-0.027,-0.076
382.21,0.104,0,0.450,0.507,1,0.000,0.000,0.000,0.000,0.000,0.000,-0.027,-0.076
382.41,0.105,0,0.453,0.507,1,0.000,0.000,0.000,0.000,0.000,0.000,-0.028,-0.085
382.61,0.106,0,0.453,0.507,1,0.000,0.000,0.000,0.000,0.000,0.000,-0.026,-0.077
382.81,0.105,0,0.453,0.507,1,0.000,0.000,0.000,0.000,0.000,0.000,-0.029,-0.082
383.01,0.105,0,0.453,0.507,1,0.000,0.000,0.000,0.000,0.000,0.000,-0.027,-0.068
383.21,0.105,0,0.453,0.507,1,0.000,0.000,0.000,0.000,0.000,0.000,-0.027,-0.068
383.41,0.105,0,0.452,0.507,1,0.000,0.000,0.000,0.000,0.000,0.000,-0.028,-0.075
383.61,0.105,0,0.452,0.507,1,0.000,0.000,0.000,0.000,0.000,0.000,-0.021,-0.080
383.81,0.106,0,0.452,0.507,1,0.000,0.000,0.000,0.000,0.000,0.000,-0.021,-0.082
384.01,0.106,0,0.451,0.507,1,0.000,0.000,0.000,0.000,0.000,0.000,-0.017,-0.081
384.21,0.105,0,0.451,0.507,1,0.000,0.000,0.000,0.000,0.000,0.000,-0.017,-0.081
384.41,0.105,0,0.453,0.507,1,0.000,0.000,0.000,0.000,0.000,0.000,-0.023,-0.079
384.61,0.106,0,0.453,0.507,1,0.000,0.000,0.000,0.000,0.000,0.000,-0.018,-0.071
384.81,0.106,0,0.453,0.507,1,0.000,0.000,0.000,0.000,0.000,0.000,-0.016,-0.066
385.01,0.105,0,0.454,0.507,1,0.000,0.000,0.000,0.000,0.000,0.000,-0.015,-0.062
385.21,0.105,0,0.454,0.507,1,0.000,0.000,0.000,0.000,0.000,0.000,-0.015,-0.062
385.41,0.105,0,0.454,0.507,1,0.000,0.000,0.000,0.000,0.000,0.000,-0.016,-0.061
385.61,0.106,0,0.454,0.507,1,0.000,0.000,0.000,0.000,0.000,0.000,-0.028,-0.077
385.81,0.106,0,0.454,0.507,1,0.000,0.000,0.000,0.000,0.000,0.000,-0.018,-0.075
386.01,0.106,0,0.454,0.507,1,0.000,0.000,0.000,0.000,0.000,0.000,-0.018,-0.075
386.21,0.105,0,0.454,0.507,1,0.000,0.000,0.000,0.000,0.000,0.000,-0.021,-0.074
386.41,0.105,0,0.451,0.507,1,0.000,0.000,0.000,0.000,0.000,0.000,-0.019,-0.066
386.61,0.105,0,0.451,0.507,1,0.000,0.000,0.000,0.000,0.000,0.000,-0.019,-0.080
386.81,0.105,0,0.451,0.507,1,0.000,0.000,0.000,0.000,0.000,0.000,-0.024,-0.081
387.01,0.105,0,0.454,0.507,1,0.000,0.000,0.000,0.000,0.000,0.000,-0.024,-0.081
387.21,0.105,0,0.454,0.507,1,0.000,0.000,0.000,0.000,0.000,0.000,-0.029,-0.077
387.41,0.105,0,0.454,0.507,1,0.000,0.000,0.000,0.000,0.000,0.000,-0.019,-0.076
387.61,0.105,0,0.454,0.507,1,0.000,0.000,0.000,0.000,0.000,0.000,-0.016,-0.074
387.81,0.105,0,0.454,0.507,1,0.000,0.000,0.000,0.000,0.000,0.000,-0.023,-0.085
388.01,0.105,0,0.451,0.507,1,0.000,0.000,0.000,0.000,0.000,0.000,-0.023,-0.085
388.21,0.105,0,0.451,0.507,1,0.000,0.000,0.000,0.000,0.000,0.000,-0.032,-0.080
388.41,0.105,0,0.453,0.507,1,0.000,0.000,0.000,0.000,0.000,0.000,-0.027,-0.078
388.61,0.105,0,0.453,0.507,1,0.000,0.000,0.000,0.000,0.000,0.000,-0.027,-0.081
388.81,0.104,0,0.453,0.507,1,0.000,0.000,0.000,0.000,0.000,0.000,-0.027,-0.081
389.01,0.104,0,0.454,0.507,1,0.000,0.000,0.000,0.000,0.000,0.000,-0.029,-0.082
389.21,0.106,0,0.454,0.507,1,0.000,0.000,0.000,0.000,0.000,0.000,-0.031,-0.074
389.41,0.104,0,0.453,0.507,1,0.000,0.000,0.000,0.000,0.000,0.000,-0.034,-0.069
389.61,0.104,0,0.453,0.507,1,0.000,0.000,0.000,0.000,0.000,0.000,-0.033,-0.064
389.81,0.105,0,0.453,0.507,1,0.000,0.000,0.000,0.000,0.000,0.000,-0.033,-0.064
390.01,0.105,0,0.452,0.507,1,0.000,0.000,0.000,0.000,0.000,0.000,-0.027,-0.064
390.21,0.105,0,0.452,0.507,1,0.000,0.000,0.000,0.000,0.000,0.000,-0.024,-0.061
390.41,0.105,0,0.450,0.507,1,0.000,0.000,0.000,0.000,0.000,0.000,-0.024,-0.065
390.61,0.105,0,0.450,0.507,1,0.000,0.000,0.000,0.000,0.000,0.000,-0.018,-0.077
390.81,0.105,0,0.450,0.507,1,0.000,0.000,0.000,0.000,0.000,0.000,-0.018,-0.077
391.01,0.104,0,0.454,0.507,1,0.000,0.000,0.000,0.000,0.000,0.000,-0.027,-0.073
391.21,0.106,0,0.454,0.507,1,0.000,0.000,0.000,0.000,0.000,0.000,-0.018,-0.070
391.41,0.106,0,0.453,0.507,1,0.000,0.000,0.000,0.000,0.000,0.000,-0.015,-0.069
391.61,0.106,0,0.453,0.507,1,0.000,0.000,0.000,0.000,0.000,0.000,-0.029,-0.073
391.81,0.105,0,0.453,0.507,1,0.000,0.000,0.000,0.000,0.000,0.000,-0.029,-0.073
392.01,0.105,0,0.454,0.507,1,0.000,0.000,0.000,0.000,0.000,0.000,-0.023,-0.072
392.21,0.104,0,0.454,0.507,1,0.000,0.000,0.000,0.000,0.000,0.000,-0.027,-0.064
392.41,0.104,0,0.453,0.507,1,0.000,0.000,0.000,0.000,0.000,0.000,-0.024,-0.082
392.61,0.104,0,0.453,0.507,1,0.000,0.000,0.000,0.000,0.000,0.000,-0.024,-0.082
392.81,0.105,0,0.453,0.507,1,0.000,0.000,0.000,0.000,0.000,0.000,-0.026,-0.085
393.01,0.105,0,0.454,0.507,1,0.000,0.000,0.000,0.000,0.000,0.000,-0.035,-0.087
393.21,0.105,0,0.454,0.507,1,0.000,0.000,0.000,0.000,0.000,0.000,-0.027,-0.073
393.41,0.105,0,0.453,0.507,1,0.000,0.000,0.000,0.000,0.000,0.000,-0.022,-0.078
393.61,0.105,0,0.453,0.507,1,0.000,0.000,0.000,0.000,0.000,0.000,-0.022,-0.078
393.81,0.105,0,0.453,0.507,1,0.000,0.000,0.000,0.000,0.000,0.000,-0.026,-0.077
394.01,0.105,0,0.450,0.507,1,0.000,0.000,0.000,0.000,0.000,0.000,-0.027,-0.081
394.21,0.105,0,0.450,0.507,1,0.000,0.000,0.000,0.000,0.000,0.000,-0.019,-0.076
394.41,0.105,0,0.454,0.507,1,0.000,0.000,0.000,0.000,0.000,0.000,-0.024,-0.075
394.61,0.105,0,0.454,0.507,1,0.000,0.000,0.000,0.000,0.000,0.000,-0.024,-0.075
394.81,0.105,0,0.454,0.507,1,0.000,0.000,0.000,0.000,0.000,0.000,-0.029,-0.082
395.01,0.105,0,0.453,0.507,1,0.000,0.000,0.000,0.000,0.000,0.000,-0.023,-0.072
395.21,0.104,0,0.453,0.507,1,0.000,0.000,0.000,0.000,0.000,0.000,-0.017,-0.087
395.41,0.104,0,0.451,0.507,1,0.000,0.000,0.000,0.000,0.000,0.000,-0.025,-0.081
395.61,0.105,0,0.451,0.507,1,0.000,0.000,0.000,0.000,0.000,0.000,-0.025,-0.081
395.81,0.106,0,0.451,0.507,1,0.000,0.000,0.000,0.000,0.000,0.000,-0.029,-0.083
396.01,0.105,0,0.454,0.507,1,0.000,0.000,0.000,0.000,0.000,0.000,-0.024,-0.084
396.21,0.105,0,0.454,0.507,1,0.000,0.000,0.000,0.000,0.000,0.000,-0.024,-0.080
396.41,0.105,0,0.454,0.507,1,0.000,0.000,0.000,0.000,0.000,0.000,-0.030,-0.072
396.61,0.105,0,0.454,0.507,1,0.000,0.000,0.000,0.000,0.000,0.000,-0.030,-0.072
396.81,0.105,0,0.454,0.507,1,0.000,0.000,0.000,0.000,0.000,0.000,-0.033,-0.087
397.01,0.105,0,0.454,0.507,1,0.000,0.000,0.000,0.000,0.000,0.000,-0.022,-0.088
397.21,0.105,0,0.454,0.507,1,0.000,0.000,0.000,0.000,0.000,0.000,-0.033,-0.077
397.41,0.105,0,0.450,0.507,1,0.000,0.000,0.000,0.000,0.000,0.000,-0.033,-0.077
397.61,0.105,0,0.450,0.507,1,0.000,0.000,0.000,0.000,0.000,0.000,-0.028,-0.087
397.81,0.105,0,0.450,0.507,1,0.000,0.000,0.000,0.000,0.000,0.000,-0.028,-0.086
398.01,0.104,0,0.453,0.507,1,0.000,0.000,0.000,0.000,0.000,0.000,-0.028,-0.078
398.21,0.104,0,0.453,0.507,1,0.000,0.000,0.000,0.000,0.000,0.000,-0.030,-0.081
398.41,0.105,0,0.454,0.507,1,0.000,0.000,0.000,0.000,0.000,0.000,-0.030,-0.081
398.61,0.105,0,0.454,0.507,1,0.000,0.000,0.000,0.000,0.000,0.000,-0.032,-0.069
398.81,0.102,0,0.454,0.507,1,0.000,0.000,0.000,0.000,0.000,0.000,-0.026,-0.088
399.01,0.105,0,0.454,0.507,1,0.000,0.000,0.000,0.000,0.000,0.000,-0.017,-0.084
399.21,0.105,0,0.454,0.507,1,0.000,0.000,0.000,0.000,0.000,0.000,-0.026,-0.085
399.41,0.105,0,0.453,0.507,1,0.000,0.000,0.000,0.000,0.000,0.000,-0.026,-0.085
399.61,0.105,0,0.453,0.507,1,0.000,0.000,0.000,0.000,0.000,0.000,-0.025,-0.091
399.81,0.105,0,0.453,0.507,1,0.000,0.000,0.000,0.000,0.000,0.000,-0.020,-0.085
400.01,0.105,0,0.454,0.507,1,0.000,0.000,0.000,0.000,0.000,0.000,-0.025,-0.086
400.21,0.105,0,0.454,0.507,1,0.000,0.000,0.000,0.000,0.000,0.000,-0.026,-0.076
400.41,0.104,0,0.451,0.507,1,0.000,0.000,0.000,0.000,0.000,0.000,-0.026,-0.076
400.61,0.105,0,0.451,0.507,1,0.000,0.000,0.000,0.000,0.000,0.000,-0.023,-0.082
400.81,0.102,0,0.451,0.507,1,0.000,0.000,0.000,0.000,0.000,0.000,-0.024,-0.082
401.01,0.102,0,0.453,0.507,1,0.000,0.000,0.000,0.000,0.000,0.000,-0.025,-0.086
401.21,0.105,0,0.453,0.507,1,0.000,0.000,0.000,0.000,0.000,0.000,-0.025,-0.086
401.41,0.106,0,0.454,0.507,1,0.000,0.000,0.000,0.000,0.000,0.000,-0.027,-0.081
401.61,0.105,0,0.454,0.507,1,0.000,0.000,0.000,0.000,0.000,0.000,-0.020,-0.085
401.81,0.105,0,0.454,0.507,1,0.000,0.000,0.000,0.000,0.000,0.000,-0.031,-0.100
402.01,0.105,0,0.453,0.507,1,0.000,0.000,0.000,0.000,0.000,0.000,-0.024,-0.085
402.21,0.105,0,0.453,0.507,1,0.000,0.000,0.000,0.000,0.000,0.000,-0.024,-0.085
402.41,0.105,0,0.453,0.507,1,0.000,0.000,0.000,0.000,0.000,0.000,-0.025,-0.091
402.61,0.105,0,0.453,0.507,1,0.000,0.000,0.000,0.000,0.000,0.000,-0.025,-0.095
402.81,0.105,0,0.453,0.507,1,0.000,0.000,0.000,0.000,0.000,0.000,-0.029,-0.106
403.01,0.105,0,0.451,0.507,1,0.000,0.000,0.000,0.000,0.000,0.000,-0.029,-0.099
403.21,0.105,0,0.451,0.507,1,0.000,0.000,0.000,0.000,0.000,0.000,-0.029,-0.099
403.41,0.105,0,0.453,0.507,1,0.000,0.000,0.000,0.000,0.000,0.000,-0.023,-0.096
403.61,0.105,0,0.453,0.507,1,0.000,0.000,0.000,0.000,0.000,0.000,-0.018,-0.084
403.81,0.105,0,0.453,0.507,1,0.000,0.000,0.000,0.000,0.000,0.000,-0.030,-0.084
404.01,0.105,0,0.451,0.507,1,0.000,0.000,0.000,0.000,0.000,0.000,-0.033,-0.092
404.21,0.105,0,0.451,0.507,1,0.000,0.000,0.000,0.000,0.000,0.000,-0.033,-0.092
404.41,0.105,0,0.454,0.507,1,0.000,0.000,0.000,0.000,0.000,0.000,-0.026,-0.091
404.61,0.102,0,0.454,0.507,1,0.000,0.000,0.000,0.000,0.000,0.000,-0.023,-0.081
404.81,0.102,0,0.454,0.507,1,0.000,0.000,0.000,0.000,0.000,0.000,-0.031,-0.069
405.01,0.105,0,0.454,0.507,1,0.000,0.000,0.000,0.000,0.000,0.000,-0.032,-0.068
405.21,0.106,0,0.454,0.507,1,0.000,0.000,0.000,0.000,0.000,0.000,-0.032,-0.068
405.41,0.105,0,0.454,0.507,1,0.000,0.000,0.000,0.000,0.000,0.000,-0.031,-0.091
405.61,0.105,0,0.454,0.507,1,0.000,0.000,0.000,0.000,0.000,0.000,-0.034,-0.090
405.81,0.105,0,0.454,0.507,1,0.000,0.000,0.000,0.000,0.000,0.000,-0.029,-0.094
406.01,0.102,0,0.454,0.507,1,0.000,0.000,0.000,0.000,0.000,0.000,-0.029,-0.094
406.21,0.104,0,0.454,0.507,1,0.000,0.000,0.000,0.000,0.000,0.000,-0.026,-0.075
406.41,0.104,0,0.453,0.507,1,0.000,0.000,0.000,0.000,0.000,0.000,-0.032,-0.093
406.61,0.105,0,0.453,0.507,1,0.000,0.000,0.000,0.000,0.000,0.000,-0.035,-0.090
406.81,0.105,0,0.453,0.507,1,0.000,0.000,0.000,0.000,0.000,0.000,-0.031,-0.088
407.01,0.104,0,0.451,0.507,1,0.000,0.000,0.000,0.000,0.000,0.000,-0.031,-0.088
407.21,0.105,0,0.451,0.507,1,0.000,0.000,0.000,0.000,0.000,0.000,-0.027,-0.093
407.41,0.105,0,0.453,0.507,1,0.000,0.000,0.000,0.000,0.000,0.000,-0.029,-0.084
407.61,0.105,0,0.453,0.507,1,0.000,0.000,0.000,0.000,0.000,0.000,-0.028,-0.079
407.81,0.105,0,0.453,0.507,1,0.000,0.000,0.000,0.000,0.000,0.000,-0.031,-0.096
408.01,0.105,0,0.454,0.507,1,0.000,0.000,0.000,0.000,0.000,0.000,-0.031,-0.096
408.21,0.105,0,0.454,0.507,1,0.000,0.000,0.000,0.000,0.000,0.000,-0.027,-0.090
408.41,0.106,0,0.453,0.507,1,0.000,0.000,0.000,0.000,0.000,0.000,-0.032,-0.086
408.61,0.106,0,0.453,0.507,1,0.000,0.000,0.000,0.000,0.000,0.000,-0.033,-0.085
408.81,0.104,0,0.453,0.507,1,0.000,0.000,0.000,0.000,0.000,0.000,-0.035,-0.086
409.01,0.105,0,0.453,0.507,1,0.000,0.000,0.000,0.000,0.000,0.000,-0.035,-0.086
409.21,0.102,0,0.453,0.507,1,0.000,0.000,0.000,0.000,0.000,0.000,-0.028,-0.087
409.41,0.105,0,0.454,0.507,1,0.000,0.000,0.000,0.000,0.000,0.000,-0.031,-0.078
409.61,0.105,0,0.454,0.507,1,0.000,0.000,0.000,0.000,0.000,0.000,-0.024,-0.081
409.81,0.105,0,0.454,0.507,1,0.000,0.000,0.000,0.000,0.000,0.000,-0.024,-0.081
410.01,0.105,0,0.453,0.507,1,0.000,0.000,0.000,0.000,0.000,0.000,-0.029,-0.071
410.21,0.102,0,0.453,0.507,1,0.000,0.000,0.000,0.000,0.000,0.000,-0.026,-0.068
410.41,0.105,0,0.450,0.507,1,0.000,0.000,0.000,0.000,0.000,0.000,-0.028,-0.074
410.61,0.105,0,0.450,0.507,1,0.000,0.000,0.000,0.000,0.000,0.000,-0.024,-0.086
410.81,0.105,0,0.450,0.507,1,0.000,0.000,0.000,0.000,0.000,0.000,-0.024,-0.086
411.01,0.102,0,0.451,0.507,1,0.000,0.000,0.000,0.000,0.000,0.000,-0.033,-0.092
411.21,0.105,0,0.451,0.507,1,0.000,0.000,0.000,0.000,0.000,0.000,-0.034,-0.085
411.41,0.105,0,0.454,0.507,1,0.000,0.000,0.000,0.000,0.000,0.000,-0.030,-0.087
411.61,0.105,0,0.454,0.507,1,0.000,0.000,0.000,0.000,0.000,0.000,-0.035,-0.092
411.81,0.444,0,0.454,0.507,1,0.000,0.000,0.000,0.000,0.000,0.000,-0.035,-0.092
412.01,0.105,0,0.450,0.507,1,0.000,0.000,0.000,0.000,0.000,0.000,-0.028,-0.081
412.21,0.105,0,0.450,0.507,1,0.000,0.000,0.000,0.000,0.000,0.000,-0.041,-0.103
412.41,0.105,0,0.454,0.507,1,0.000,0.000,0.000,0.000,0.000,0.000,-0.038,-0.104
412.61,0.105,0,0.454,0.507,1,0.000,0.000,0.000,0.000,0.000,0.000,-0.032,-0.111
412.81,0.105,0,0.454,0.507,1,0.000,0.000,0.000,0.000,0.000,0.000,-0.032,-0.111
413.01,0.105,0,0.451,0.507,1,0.000,0.000,0.000,0.000,0.000,0.000,-0.038,-0.110
413.21,0.105,0,0.451,0.507,1,0.000,0.000,0.000,0.000,0.000,0.000,-0.032,-0.098
413.41,0.105,0,0.452,0.508,1,0.000,0.000,0.000,0.000,0.000,0.000,-0.035,-0.101
413.61,0.104,0,0.452,0.508,1,0.000,0.000,0.000,0.000,0.000,0.000,-0.035,-0.101
413.81,0.105,0,0.452,0.508,1,0.000,0.000,0.000,0.000,0.000,0.000,-0.031,-0.090
414.01,0.105,0,0.453,0.507,1,0.000,0.000,0.000,0.000,0.000,0.000,-0.036,-0.095
414.21,0.106,0,0.453,0.507,1,0.000,0.000,0.000,0.000,0.000,0.000,-0.033,-0.100
414.41,0.106,0,0.453,0.507,1,0.000,0.000,0.000,0.000,0.000,0.000,-0.037,-0.103
414.61,0.105,0,0.453,0.507,1,0.000,0.000,0.000,0.000,0.000,0.000,-0.037,-0.103
414.81,0.105,0,0.453,0.507,1,0.000,0.000,0.000,0.000,0.000,0.000,-0.031,-0.094
415.01,0.105,0,0.454,0.507,1,0.000,0.000,0.000,0.000,0.000,0.000,-0.033,-0.094
415.21,0.105,0,0.454,0.507,1,0.000,0.000,0.000,0.000,0.000,0.000,-0.030,-0.094
415.41,0.105,0,0.454,0.508,1,0.000,0.000,0.000,0.000,0.000,0.000,-0.038,-0.087
415.61,0.102,0,0.454,0.508,1,0.000,0.000,0.000,0.000,0.000,0.000,-0.038,-0.087
415.81,0.104,0,0.454,0.508,1,0.000,0.000,0.000,0.000,0.000,0.000,-0.033,-0.086
416.01,0.105,0,0.451,0.507,1,0.000,0.000,0.000,0.000,0.000,0.000,-0.038,-0.086
416.21,0.105,0,0.451,0.507,1,0.000,0.000,0.000,0.000,0.000,0.000,-0.037,-0.084
416.41,0.105,0,0.453,0.507,1,0.000,0.000,0.000,0.000,0.000,0.000,-0.044,-0.097
416.61,0.105,0,0.453,0.507,1,0.000,0.000,0.000,0.000,0.000,0.000,-0.044,-0.097
416.81,0.106,0,0.453,0.507,1,0.000,0.000,0.000,0.000,0.000,0.000,-0.034,-0.092
417.01,0.106,0,0.454,0.507,1,0.000,0.000,0.000,0.000,0.000,0.000,-0.035,-0.087
417.21,0.106,0,0.454,0.507,1,0.000,0.000,0.000,0.000,0.000,0.000,-0.039,-0.090
417.41,0.105,0,0.454,0.507,1,0.000,0.000,0.000,0.000,0.000,0.000,-0.039,-0.090
417.61,0.105,0,0.454,0.507,1,0.000,0.000,0.000,0.000,0.000,0.000,-0.035,-0.079
417.81,0.105,0,0.454,0.507,1,0.000,0.000,0.000,0.000,0.000,0.000,-0.040,-0.090
418.01,0.105,0,0.453,0.507,1,0.000,0.000,0.000,0.000,0.000,0.000,-0.043,-0.090
418.21,0.105,0,0.453,0.507,1,0.000,0.000,0.000,0.000,0.000,0.000,-0.045,-0.082
418.41,0.105,0,0.454,0.507,1,0.000,0.000,0.000,0.000,0.000,0.000,-0.045,-0.082
418.61,0.105,0,0.454,0.507,1,0.000,0.000,0.000,0.000,0.000,0.000,-0.033,-0.084
418.81,0.106,0,0.454,0.507,1,0.000,0.000,0.000,0.000,0.000,0.000,-0.042,-0.105
419.01,0.105,0,0.450,0.507,1,0.000,0.000,0.000,0.000,0.000,0.000,-0.045,-0.112
419.21,0.105,0,0.450,0.507,1,0.000,0.000,0.000,0.000,0.000,0.000,-0.041,-0.104
419.41,0.102,0,0.454,0.507,1,0.000,0.000,0.000,0.000,0.000,0.000,-0.041,-0.104
419.61,0.106,0,0.454,0.507,1,0.000,0.000,0.000,0.000,0.000,0.000,-0.035,-0.098
419.81,0.105,0,0.454,0.507,1,0.000,0.000,0.000,0.000,0.000,0.000,-0.039,-0.107
420.01,0.105,0,0.454,0.507,1,0.000,0.000,0.000,0.000,0.000,0.000,-0.036,-0.094
420.21,0.105,0,0.454,0.507,1,0.000,0.000,0.000,0.000,0.000,0.000,-0.040,-0.101
420.41,0.105,0,0.454,0.507,1,0.000,0.000,0.000,0.000,0.000,0.000,-0.040,-0.101
420.61,0.106,0,0.454,0.507,1,0.000,0.000,0.000,0.000,0.000,0.000,-0.038,-0.111
420.81,0.106,0,0.454,0.507,1,0.000,0.000,0.000,0.000,0.000,0.000,-0.038,-0.106
421.01,0.106,0,0.454,0.507,1,0.000,0.000,0.000,0.000,0.000,0.000,-0.042,-0.105
421.21,0.105,0,0.454,0.507,1,0.000,0.000,0.000,0.000,0.000,0.000,-0.041,-0.104
421.41,0.104,0,0.453,0.507,1,0.000,0.000,0.000,0.000,0.000,0.000,-0.041,-0.104
421.61,0.105,0,0.453,0.507,1,0.000,0.000,0.000,0.000,0.000,0.000,-0.043,-0.099
421.81,0.105,0,0.453,0.507,1,0.000,0.000,0.000,0.000,0.000,0.000,-0.044,-0.105
422.01,0.105,0,0.453,0.507,1,0.000,0.000,0.000,0.000,0.000,0.000,-0.041,-0.107
422.21,0.105,0,0.453,0.507,1,0.000,0.000,0.000,0.000,0.000,0.000,-0.041,-0.107
422.41,0.105,0,0.453,0.507,1,0.000,0.000,0.000,0.000,0.000,0.000,-0.042,-0.104
422.61,0.105,0,0.453,0.507,1,0.000,0.000,0.000,0.000,0.000,0.000,-0.033,-0.096
422.81,0.105,0,0.453,0.507,1,0.000,0.000,0.000,0.000,0.000,0.000,-0.038,-0.099
423.01,0.105,0,0.450,0.507,1,0.000,0.000,0.000,0.000,0.000,0.000,-0.040,-0.105
423.21,0.106,0,0.450,0.507,1,0.000,0.000,0.000,0.000,0.000,0.000,-0.040,-0.105
423.41,0.105,0,0.453,0.508,1,0.000,0.000,0.000,0.000,0.000,0.000,-0.038,-0.105
423.61,0.104,0,0.453,0.508,1,0.000,0.000,0.000,0.000,0.000,0.000,-0.043,-0.104
423.81,0.104,0,0.453,0.508,1,0.000,0.000,0.000,0.000,0.000,0.000,-0.038,-0.104
424.01,0.104,0,0.453,0.507,1,0.000,0.000,0.000,0.000,0.000,0.000,-0.034,-0.098
424.21,0.105,0,0.453,0.507,1,0.000,0.000,0.000,0.000,0.000,0.000,-0.034,-0.098
424.41,0.106,0,0.454,0.507,1,0.000,0.000,0.000,0.000,0.000,0.000,-0.037,-0.102
424.61,0.105,0,0.454,0.507,1,0.000,0.000,0.000,0.000,0.000,0.000,-0.037,-0.104
424.81,0.105,0,0.454,0.507,1,0.000,0.000,0.000,0.000,0.000,0.000,-0.043,-0.099
425.01,0.105,0,0.454,0.507,1,0.000,0.000,0.000,0.000,0.000,0.000,-0.044,-0.102
425.21,0.104,0,0.454,0.507,1,0.000,0.000,0.000,0.000,0.000,0.000,-0.044,-0.102
425.41,0.106,0,0.450,0.507,1,0.000,0.000,0.000,0.000,0.000,0.000,-0.040,-0.094
425.61,0.105,0,0.450,0.507,1,0.000,0.000,0.000,0.000,0.000,0.000,-0.040,-0.088
425.81,0.105,0,0.450,0.507,1,0.000,0.000,0.000,0.000,0.000,0.000,-0.041,-0.099
426.01,0.106,0,0.454,0.507,1,0.000,0.000,0.000,0.000,0.000,0.000,-0.034,-0.094
426.21,0.105,0,0.454,0.507,1,0.000,0.000,0.000,0.000,0.000,0.000,-0.034,-0.094
426.41,0.105,0,0.453,0.507,1,0.000,0.000,0.000,0.000,0.000,0.000,-0.033,-0.099
426.61,0.102,0,0.453,0.507,1,0.000,0.000,0.000,0.000,0.000,0.000,-0.028,-0.097
426.81,0.102,0,0.453,0.507,1,0.000,0.000,0.000,0.000,0.000,0.000,-0.034,-0.095
427.01,0.105,0,0.452,0.507,1,0.000,0.000,0.000,0.000,0.000,0.000,-0.035,-0.087
427.21,0.105,0,0.452,0.507,1,0.000,0.000,0.000,0.000,0.000,0.000,-0.035,-0.087
427.41,0.105,0,0.454,0.507,1,0.000,0.000,0.000,0.000,0.000,0.000,-0.035,-0.096
427.61,0.106,0,0.454,0.507,1,0.000,0.000,0.000,0.000,0.000,0.000,-0.037,-0.084
427.81,0.106,0,0.454,0.507,1,0.000,0.000,0.000,0.000,0.000,0.000,-0.033,-0.088
428.01,0.106,0,0.454,0.507,1,0.000,0.000,0.000,0.000,0.000,0.000,-0.033,-0.088
428.21,0.106,0,0.454,0.507,1,0.000,0.000,0.000,0.000,0.000,0.000,-0.026,-0.080
428.41,0.106,0,0.453,0.507,1,0.000,0.000,0.000,0.000,0.000,0.000,-0.041,-0.090
428.61,0.105,0,0.453,0.507,1,0.000,0.000,0.000,0.000,0.000,0.000,-0.037,-0.091
428.81,0.105,0,0.453,0.507,1,0.000,0.000,0.000,0.000,0.000,0.000,-0.036,-0.090
429.01,0.105,0,0.453,0.507,1,0.000,0.000,0.000,0.000,0.000,0.000,-0.036,-0.090
429.21,0.105,0,0.453,0.507,1,0.000,0.000,0.000,0.000,0.000,0.000,-0.034,-0.083
429.41,0.105,0,0.453,0.507,1,0.000,0.000,0.000,0.000,0.000,0.000,-0.035,-0.085
429.61,0.105,0,0.453,0.507,1,0.000,0.000,0.000,0.000,0.000,0.000,-0.032,-0.084
429.81,0.105,0,0.453,0.507,1,0.000,0.000,0.000,0.000,0.000,0.000,-0.039,-0.089
430.01,0.105,0,0.452,0.507,1,0.000,0.000,0.000,0.000,0.000,0.000,-0.039,-0.089
430.21,0.104,0,0.452,0.507,1,0.000,0.000,0.000,0.000,0.000,0.000,-0.034,-0.081
430.41,0.105,0,0.453,0.507,1,0.000,0.000,0.000,0.000,0.000,0.000,-0.031,-0.080
430.61,0.102,0,0.453,0.507,1,0.000,0.000,0.000,0.000,0.000,0.000,-0.038,-0.093
430.81,0.102,0,0.453,0.507,1,0.000,0.000,0.000,0.000,0.000,0.000,-0.038,-0.086
431.01,0.105,0,0.452,0.508,1,0.000,0.000,0.000,0.000,0.000,0.000,-0.038,-0.086
431.21,0.105,0,0.452,0.508,1,0.000,0.000,0.000,0.000,0.000,0.000,-0.038,-0.091
431.41,0.105,0,0.453,0.507,1,0.000,0.000,0.000,0.000,0.000,0.000,-0.029,-0.084
431.61,0.105,0,0.453,0.507,1,0.000,0.000,0.000,0.000,0.000,0.000,-0.033,-0.087
431.81,0.102,0,0.453,0.507,1,0.000,0.000,0.000,0.000,0.000,0.000,-0.029,-0.073
432.01,0.106,0,0.454,0.507,1,0.000,0.000,0.000,0.000,0.000,0.000,-0.029,-0.073
432.21,0.105,0,0.454,0.507,1,0.000,0.000,0.000,0.000,0.000,0.000,-0.029,-0.088
432.41,0.105,0,0.454,0.507,1,0.000,0.000,0.000,0.000,0.000,0.000,-0.024,-0.085
432.61,0.105,0,0.454,0.507,1,0.000,0.000,0.000,0.000,0.000,0.000,-0.034,-0.074
432.81,0.105,0,0.454,0.507,1,0.000,0.000,0.000,0.000,0.000,0.000,-0.036,-0.079
433.01,0.104,0,0.454,0.507,1,0.000,0.000,0.000,0.000,0.000,0.000,-0.036,-0.079
433.21,0.105,0,0.454,0.507,1,0.000,0.000,0.000,0.000,0.000,0.000,-0.030,-0.095
433.41,0.105,0,0.453,0.507,1,0.000,0.000,0.000,0.000,0.000,0.000,-0.034,-0.105
433.61,0.105,0,0.453,0.507,1,0.000,0.000,0.000,0.000,0.000,0.000,-0.033,-0.098
433.81,0.105,0,0.453,0.507,1,0.000,0.000,0.000,0.000,0.000,0.000,-0.033,-0.098
434.01,0.104,0,0.454,0.507,1,0.000,0.000,0.000,0.000,0.000,0.000,-0.030,-0.099
434.21,0.105,0,0.454,0.507,1,0.000,0.000,0.000,0.000,0.000,0.000,-0.027,-0.096
434.41,0.105,0,0.451,0.507,1,0.000,0.000,0.000,0.000,0.000,0.000,-0.026,-0.097
434.61,0.105,0,0.451,0.507,1,0.000,0.000,0.000,0.000,0.000,0.000,-0.036,-0.095
434.81,0.105,0,0.451,0.507,1,0.000,0.000,0.000,0.000,0.000,0.000,-0.036,-0.095
435.01,0.105,0,0.454,0.507,1,0.000,0.000,0.000,0.000,0.000,0.000,-0.031,-0.096
435.21,0.105,0,0.454,0.507,1,0.000,0.000,0.000,0.000,0.000,0.000,-0.027,-0.100
435.41,0.105,0,0.454,0.507,1,0.000,0.000,0.000,0.000,0.000,0.000,-0.036,-0.099
435.61,0.105,0,0.454,0.507,1,0.000,0.000,0.000,0.000,0.000,0.000,-0.034,-0.101
435.81,0.102,0,0.454,0.507,1,0.000,0.000,0.000,0.000,0.000,0.000,-0.034,-0.101
436.01,0.105,0,0.454,0.507,1,0.000,0.000,0.000,0.000,0.000,0.000,-0.034,-0.097
436.21,0.105,0,0.454,0.507,1,0.000,0.000,0.000,0.000,0.000,0.000,-0.031,-0.105
436.41,0.105,0,0.454,0.507,1,0.000,0.000,0.000,0.000,0.000,0.000,-0.031,-0.085
436.61,0.104,0,0.454,0.507,1,0.000,0.000,0.000,0.000,0.000,0.000,-0.039,-0.105
436.81,0.105,0,0.454,0.507,1,0.000,0.000,0.000,0.000,0.000,0.000,-0.039,-0.105
437.01,0.106,0,0.453,0.507,1,0.000,0.000,0.000,0.000,0.000,0.000,-0.023,-0.084
437.21,0.105,0,0.453,0.507,1,0.000,0.000,0.000,0.000,0.000,0.000,-0.024,-0.073
437.41,0.105,0,0.454,0.507,1,0.000,0.000,0.000,0.000,0.000,0.000,-0.033,-0.075
437.61,0.105,0,0.454,0.507,1,0.000,0.000,0.000,0.000,0.000,0.000,-0.022,-0.067
437.81,0.105,0,0.454,0.507,1,0.000,0.000,0.000,0.000,0.000,0.000,-0.022,-0.067
438.01,0.106,0,0.453,0.507,1,0.000,0.000,0.000,0.000,0.000,0.000,-0.019,-0.073
438.21,0.105,0,0.453,0.507,1,0.000,0.000,0.000,0.000,0.000,0.000,-0.028,-0.082
438.41,0.105,0,0.453,0.507,1,0.000,0.000,0.000,0.000,0.000,0.000,-0.026,-0.081
438.61,0.105,0,0.453,0.507,1,0.000,0.000,0.000,0.000,0.000,0.000,-0.026,-0.081
438.81,0.105,0,0.453,0.507,1,0.000,0.000,0.000,0.000,0.000,0.000,-0.026,-0.076
439.01,0.105,0,0.453,0.507,1,0.000,0.000,0.000,0.000,0.000,0.000,-0.032,-0.091
439.21,0.105,0,0.453,0.507,1,0.000,0.000,0.000,0.000,0.000,0.000,-0.028,-0.081
439.41,0.105,0,0.451,0.507,1,0.000,0.000,0.000,0.000,0.000,0.000,-0.028,-0.085
439.61,0.105,0,0.451,0.507,1,0.000,0.000,0.000,0.000,0.000,0.000,-0.028,-0.085
439.81,0.106,0,0.451,0.507,1,0.000,0.000,0.000,0.000,0.000,0.000,-0.029,-0.085
440.01,0.105,0,0.454,0.507,1,0.000,0.000,0.000,0.000,0.000,0.000,-0.030,-0.090
440.21,0.106,0,0.454,0.507,1,0.000,0.000,0.000,0.000,0.000,0.000,-0.030,-0.085
440.41,0.106,0,0.451,0.507,1,0.000,0.000,0.000,0.000,0.000,0.000,-0.027,-0.083
440.61,0.105,0,0.451,0.507,1,0.000,0.000,0.000,0.000,0.000,0.000,-0.027,-0.083
440.81,0.105,0,0.451,0.507,1,0.000,0.000,0.000,0.000,0.000,0.000,-0.031,-0.087
441.01,0.105,0,0.450,0.507,1,0.000,0.000,0.000,0.000,0.000,0.000,-0.034,-0.074
441.21,0.105,0,0.450,0.507,1,0.000,0.000,0.000,0.000,0.000,0.000,-0.040,-0.083
441.41,0.105,0,0.454,0.507,1,0.000,0.000,0.000,0.000,0.000,0.000,-0.022,-0.076
441.61,0.102,0,0.454,0.507,1,0.000,0.000,0.000,0.000,0.000,0.000,-0.022,-0.076
441.81,0.105,0,0.454,0.507,1,0.000,0.000,0.000,0.000,0.000,0.000,-0.030,-0.080
442.01,0.105,0,0.454,0.507,1,0.000,0.000,0.000,0.000,0.000,0.000,-0.031,-0.099
442.21,0.105,0,0.454,0.507,1,0.000,0.000,0.000,0.000,0.000,0.000,-0.031,-0.091
442.41,0.105,0,0.453,0.507,1,0.000,0.000,0.000,0.000,0.000,0.000,-0.028,-0.082
442.61,0.105,0,0.453,0.507,1,0.000,0.000,0.000,0.000,0.000,0.000,-0.028,-0.082
442.81,0.105,0,0.453,0.507,1,0.000,0.000,0.000,0.000,0.000,0.000,-0.032,-0.081
443.01,0.105,0,0.454,0.507,1,0.000,0.000,0.000,0.000,0.000,0.000,-0.029,-0.080
443.21,0.105,0,0.454,0.507,1,0.000,0.000,0.000,0.000,0.000,0.000,-0.029,-0.100
443.41,0.105,0,0.453,0.507,1,0.000,0.000,0.000,0.000,0.000,0.000,-0.029,-0.100
443.61,0.106,0,0.453,0.507,1,0.000,0.000,0.000,0.000,0.000,0.000,-0.042,-0.093
443.81,0.106,0,0.453,0.507,1,0.000,0.000,0.000,0.000,0.000,0.000,-0.030,-0.079
444.01,0.445,0,0.451,0.507,1,0.000,0.000,0.000,0.000,0.000,0.000,-0.035,-0.083
444.21,0.445,0,0.451,0.507,1,0.000,0.000,0.000,0.000,0.000,0.000,-0.034,-0.081
444.41,0.444,0,0.453,0.507,1,0.000,0.000,0.000,0.000,0.000,0.000,-0.034,-0.081
444.61,0.106,0,0.453,0.507,1,0.000,0.000,0.000,0.000,0.000,0.000,-0.034,-0.085
444.81,0.102,0,0.453,0.507,1,0.000,0.000,0.000,0.000,0.000,0.000,-0.037,-0.079
445.01,0.104,0,0.450,0.507,1,0.000,0.000,0.000,0.000,0.000,0.000,-0.041,-0.090
445.21,0.104,0,0.450,0.507,1,0.000,0.000,0.000,0.000,0.000,0.000,-0.029,-0.098
445.41,0.105,0,0.453,0.507,1,0.000,0.000,0.000,0.000,0.000,0.000,-0.029,-0.098
445.61,0.105,0,0.453,0.507,1,0.000,0.000,0.000,0.000,0.000,0.000,-0.033,-0.102
445.81,0.105,0,0.453,0.507,1,0.000,0.000,0.000,0.000,0.000,0.000,-0.029,-0.074
446.01,0.105,0,0.454,0.507,1,0.000,0.000,0.000,0.000,0.000,0.000,-0.031,-0.070
446.21,0.105,0,0.454,0.507,1,0.000,0.000,0.000,0.000,0.000,0.000,-0.024,-0.078
446.41,0.105,0,0.454,0.507,1,0.000,0.000,0.000,0.000,0.000,0.000,-0.024,-0.078
446.61,0.102,0,0.454,0.507,1,0.000,0.000,0.000,0.000,0.000,0.000,-0.035,-0.085
446.81,0.105,0,0.454,0.507,1,0.000,0.000,0.000,0.000,0.000,0.000,-0.040,-0.085
447.01,0.105,0,0.451,0.507,1,0.000,0.000,0.000,0.000,0.000,0.000,-0.033,-0.088
447.21,0.105,0,0.451,0.507,1,0.000,0.000,0.000,0.000,0.000,0.000,-0.034,-0.098
447.41,0.105,0,0.450,0.507,1,0.000,0.000,0.000,0.000,0.000,0.000,-0.034,-0.098
447.61,0.106,0,0.450,0.507,1,0.000,0.000,0.000,0.000,0.000,0.000,-0.036,-0.093
447.81,0.105,0,0.450,0.507,1,0.000,0.000,0.000,0.000,0.000,0.000,-0.036,-0.089
448.01,0.105,0,0.450,0.507,1,0.000,0.000,0.000,0.000,0.000,0.000,-0.036,-0.089
448.21,0.105,0,0.450,0.507,1,0.000,0.000,0.000,0.000,0.000,0.000,-0.036,-0.089
448.41,0.105,0,0.454,0.507,1,0.000,0.000,0.000,0.000,0.000,0.000,-0.030,-0.085
448.61,0.105,0,0.454,0.507,1,0.000,0.000,0.000,0.000,0.000,0.000,-0.039,-0.091
448.81,0.105,0,0.454,0.507,1,0.000,0.000,0.000,0.000,0.000,0.000,-0.031,-0.093
449.01,0.105,0,0.454,0.508,1,0.000,0.000,0.000,0.000,0.000,0.000,-0.032,-0.091
449.21,0.102,0,0.454,0.508,1,0.000,0.000,0.000,0.000,0.000,0.000,-0.032,-0.091
449.41,0.105,0,0.453,0.507,1,0.000,0.000,0.000,0.000,0.000,0.000,-0.033,-0.086
449.61,0.105,0,0.453,0.507,1,0.000,0.000,0.000,0.000,0.000,0.000,-0.038,-0.091
449.81,0.106,0,0.453,0.507,1,0.000,0.000,0.000,0.000,0.000,0.000,-0.034,-0.085
450.01,0.106,0,0.454,0.507,1,0.000,0.000,0.000,0.000,0.000,0.000,-0.037,-0.090
450.21,0.105,0,0.454,0.507,1,0.000,0.000,0.000,0.000,0.000,0.000,-0.037,-0.090
450.41,0.105,0,0.453,0.507,1,0.000,0.000,0.000,0.000,0.000,0.000,-0.038,-0.093
450.61,0.105,0,0.453,0.507,1,0.000,0.000,0.000,0.000,0.000,0.000,-0.033,-0.093
450.81,0.105,0,0.453,0.507,1,0.000,0.000,0.000,0.000,0.000,0.000,-0.034,-0.086
451.01,0.104,0,0.454,0.507,1,0.000,0.000,0.000,0.000,0.000,0.000,-0.041,-0.088
451.21,0.106,0,0.454,0.507,1,0.000,0.000,0.000,0.000,0.000,0.000,-0.041,-0.088
451.41,0.105,0,0.450,0.507,1,0.000,0.000,0.000,0.000,0.000,0.000,-0.040,-0.092
451.61,0.106,0,0.450,0.507,1,0.000,0.000,0.000,0.000,0.000,0.000,-0.033,-0.097
451.81,0.106,0,0.450,0.507,1,0.000,0.000,0.000,0.000,0.000,0.000,-0.038,-0.110
452.01,0.106,0,0.452,0.507,1,0.000,0.000,0.000,0.000,0.000,0.000,-0.039,-0.105
452.21,0.105,0,0.452,0.507,1,0.000,0.000,0.000,0.000,0.000,0.000,-0.039,-0.105
452.41,0.105,0,0.453,0.507,1,0.000,0.000,0.000,0.000,0.000,0.000,-0.031,-0.089
452.61,0.105,0,0.453,0.507,1,0.000,0.000,0.000,0.000,0.000,0.000,-0.025,-0.076
452.81,0.105,0,0.453,0.507,1,0.000,0.000,0.000,0.000,0.000,0.000,-0.024,-0.093
453.01,0.104,0,0.454,0.507,1,0.000,0.000,0.000,0.000,0.000,0.000,-0.024,-0.093
453.21,0.104,0,0.454,0.507,1,0.000,0.000,0.000,0.000,0.000,0.000,-0.036,-0.095
453.41,0.102,0,0.454,0.507,1,0.000,0.000,0.000,0.000,0.000,0.000,-0.028,-0.089
453.61,0.105,0,0.454,0.507,1,0.000,0.000,0.000,0.000,0.000,0.000,-0.021,-0.095
453.81,0.105,0,0.454,0.507,1,0.000,0.000,0.000,0.000,0.000,0.000,-0.029,-0.098
454.01,0.105,0,0.453,0.507,1,0.000,0.000,0.000,0.000,0.000,0.000,-0.029,-0.098
454.21,0.104,0,0.453,0.507,1,0.000,0.000,0.000,0.000,0.000,0.000,-0.028,-0.091
454.41,0.104,0,0.454,0.507,1,0.000,0.000,0.000,0.000,0.000,0.000,-0.030,-0.097
454.61,0.106,0,0.454,0.507,1,0.000,0.000,0.000,0.000,0.000,0.000,-0.029,-0.095
454.81,0.106,0,0.454,0.507,1,0.000,0.000,0.000,0.000,0.000,0.000,-0.039,-0.098
455.01,0.105,0,0.454,0.507,1,0.000,0.000,0.000,0.000,0.000,0.000,-0.039,-0.098
455.21,0.105,0,0.454,0.507,1,0.000,0.000,0.000,0.000,0.000,0.000,-0.033,-0.085
455.41,0.105,0,0.454,0.507,1,0.000,0.000,0.000,0.000,0.000,0.000,-0.030,-0.096
455.61,0.105,0,0.454,0.507,1,0.000,0.000,0.000,0.000,0.000,0.000,-0.026,-0.097
455.81,0.105,0,0.454,0.507,1,0.000,0.000,0.000,0.000,0.000,0.000,-0.036,-0.094
456.01,0.106,0,0.454,0.507,1,0.000,0.000,0.000,0.000,0.000,0.000,-0.036,-0.094
456.21,0.105,0,0.454,0.507,1,0.000,0.000,0.000,0.000,0.000,0.000,-0.033,-0.099
456.41,0.105,0,0.450,0.507,1,0.000,0.000,0.000,0.000,0.000,0.000,-0.033,-0.091
456.61,0.105,0,0.450,0.507,1,0.000,0.000,0.000,0.000,0.000,0.000,-0.031,-0.086
456.81,0.105,0,0.450,0.507,1,0.000,0.000,0.000,0.000,0.000,0.000,-0.032,-0.088
457.01,0.105,0,0.454,0.507,1,0.000,0.000,0.000,0.000,0.000,0.000,-0.032,-0.088
457.21,0.105,0,0.454,0.507,1,0.000,0.000,0.000,0.000,0.000,0.000,-0.032,-0.093
457.41,0.104,0,0.453,0.507,1,0.000,0.000,0.000,0.000,0.000,0.000,-0.029,-0.094
457.61,0.104,0,0.453,0.507,1,0.000,0.000,0.000,0.000,0.000,0.000,-0.038,-0.084
457.81,0.102,0,0.453,0.507,1,0.000,0.000,0.000,0.000,0.000,0.000,-0.033,-0.097
458.01,0.102,0,0.454,0.507,1,0.000,0.000,0.000,0.000,0.000,0.000,-0.033,-0.097
458.21,0.105,0,0.454,0.507,1,0.000,0.000,0.000,0.000,0.000,0.000,-0.027,-0.084
458.41,0.105,0,0.450,0.507,1,0.000,0.000,0.000,0.000,0.000,0.000,-0.032,-0.102
458.61,0.105,0,0.450,0.507,1,0.000,0.000,0.000,0.000,0.000,0.000,-0.030,-0.085
458.81,0.105,0,0.450,0.507,1,0.000,0.000,0.000,0.000,0.000,0.000,-0.030,-0.085
459.01,0.105,0,0.454,0.507,1,0.000,0.000,0.000,0.000,0.000,0.000,-0.025,-0.082
459.21,0.105,0,0.454,0.507,1,0.000,0.000,0.000,0.000,0.000,0.000,-0.029,-0.089
459.41,0.105,0,0.450,0.507,1,0.000,0.000,0.000,0.000,0.000,0.000,-0.025,-0.078
459.61,0.105,0,0.450,0.507,1,0.000,0.000,0.000,0.000,0.000,0.000,-0.029,-0.080
459.81,0.106,0,0.450,0.507,1,0.000,0.000,0.000,0.000,0.000,0.000,-0.029,-0.080
460.01,0.105,0,0.454,0.507,1,0.000,0.000,0.000,0.000,0.000,0.000,-0.030,-0.087
460.21,0.105,0,0.454,0.507,1,0.000,0.000,0.000,0.000,0.000,0.000,-0.030,-0.085
460.41,0.104,0,0.450,0.507,1,0.000,0.000,0.000,0.000,0.000,0.000,-0.029,-0.092
460.61,0.104,0,0.450,0.507,1,0.000,0.000,0.000,0.000,0.000,0.000,-0.028,-0.090
460.81,0.105,0,0.450,0.507,1,0.000,0.000,0.000,0.000,0.000,0.000,-0.028,-0.090
461.01,0.105,0,0.454,0.507,1,0.000,0.000,0.000,0.000,0.000,0.000,-0.035,-0.093
461.21,0.105,0,0.454,0.507,1,0.000,0.000,0.000,0.000,0.000,0.000,-0.033,-0.089
461.41,0.105,0,0.454,0.507,1,0.000,0.000,0.000,0.000,0.000,0.000,-0.033,-0.094
461.61,0.105,0,0.454,0.507,1,0.000,0.000,0.000,0.000,0.000,0.000,-0.022,-0.090
461.81,0.105,0,0.454,0.507,1,0.000,0.000,0.000,0.000,0.000,0.000,-0.022,-0.090
462.01,0.105,0,0.453,0.507,1,0.000,0.000,0.000,0.000,0.000,0.000,-0.023,-0.084
462.21,0.105,0,0.453,0.507,1,0.000,0.000,0.000,0.000,0.000,0.000,-0.033,-0.095
462.41,0.105,0,0.454,0.507,1,0.000,0.000,0.000,0.000,0.000,0.000,-0.032,-0.081
462.61,0.106,0,0.454,0.507,1,0.000,0.000,0.000,0.000,0.000,0.000,-0.030,-0.077
462.81,0.105,0,0.454,0.507,1,0.000,0.000,0.000,0.000,0.000,0.000,-0.030,-0.077
463.01,0.106,0,0.453,0.507,1,0.000,0.000,0.000,0.000,0.000,0.000,-0.025,-0.083
463.21,0.105,0,0.453,0.507,1,0.000,0.000,0.000,0.000,0.000,0.000,-0.032,-0.089
463.41,0.105,0,0.453,0.507,1,0.000,0.000,0.000,0.000,0.000,0.000,-0.023,-0.091
463.61,0.105,0,0.453,0.507,1,0.000,0.000,0.000,0.000,0.000,0.000,-0.023,-0.091
463.81,0.105,0,0.453,0.507,1,0.000,0.000,0.000,0.000,0.000,0.000,-0.027,-0.106
464.01,0.105,0,0.453,0.507,1,0.000,0.000,0.000,0.000,0.000,0.000,-0.025,-0.086
464.21,0.105,0,0.453,0.507,1,0.000,0.000,0.000,0.000,0.000,0.000,-0.024,-0.080
464.41,0.105,0,0.450,0.507,1,0.000,0.000,0.000,0.000,0.000,0.000,-0.023,-0.092
464.61,0.105,0,0.450,0.507,1,0.000,0.000,0.000,0.000,0.000,0.000,-0.023,-0.092
464.81,0.105,0,0.450,0.507,1,0.000,0.000,0.000,0.000,0.000,0.000,-0.020,-0.087
465.01,0.105,0,0.454,0.507,1,0.000,0.000,0.000,0.000,0.000,0.000,-0.025,-0.094
465.21,0.105,0,0.454,0.507,1,0.000,0.000,0.000,0.000,0.000,0.000,-0.030,-0.089
465.41,0.105,0,0.453,0.507,1,0.000,0.000,0.000,0.000,0.000,0.000,-0.029,-0.089
465.61,0.105,0,0.453,0.507,1,0.000,0.000,0.000,0.000,0.000,0.000,-0.029,-0.089
465.81,0.105,0,0.453,0.507,1,0.000,0.000,0.000,0.000,0.000,0.000,-0.028,-0.092
466.01,0.105,0,0.454,0.507,1,0.000,0.000,0.000,0.000,0.000,0.000,-0.034,-0.104
466.21,0.105,0,0.454,0.507,1,0.000,0.000,0.000,0.000,0.000,0.000,-0.034,-0.110
466.41,0.105,0,0.454,0.507,1,0.000,0.000,0.000,0.000,0.000,0.000,-0.023,-0.094
466.61,0.105,0,0.454,0.507,1,0.000,0.000,0.000,0.000,0.000,0.000,-0.023,-0.094
466.81,0.105,0,0.454,0.507,1,0.000,0.000,0.000,0.000,0.000,0.000,-0.025,-0.099
467.01,0.105,0,0.450,0.507,1,0.000,0.000,0.000,0.000,0.000,0.000,-0.037,-0.090
467.21,0.105,0,0.450,0.507,1,0.000,0.000,0.000,0.000,0.000,0.000,-0.034,-0.104
467.41,0.105,0,0.454,0.507,1,0.000,0.000,0.000,0.000,0.000,0.000,-0.036,-0.102
467.61,0.104,0,0.454,0.507,1,0.000,0.000,0.000,0.000,0.000,0.000,-0.036,-0.102
467.81,0.106,0,0.454,0.507,1,0.000,0.000,0.000,0.000,0.000,0.000,-0.036,-0.100
468.01,0.102,0,0.453,0.507,1,0.000,0.000,0.000,0.000,0.000,0.000,-0.034,-0.105
468.21,0.102,0,0.453,0.507,1,0.000,0.000,0.000,0.000,0.000,0.000,-0.031,-0.094
468.41,0.106,0,0.450,0.507,1,0.000,0.000,0.000,0.000,0.000,0.000,-0.031,-0.094
468.61,0.105,0,0.450,0.507,1,0.000,0.000,0.000,0.000,0.000,0.000,-0.031,-0.084
468.81,0.105,0,0.450,0.507,1,0.000,0.000,0.000,0.000,0.000,0.000,-0.034,-0.082
469.01,0.105,0,0.453,0.507,1,0.000,0.000,0.000,0.000,0.000,0.000,-0.037,-0.086
469.21,0.105,0,0.453,0.507,1,0.000,0.000,0.000,0.000,0.000,0.000,-0.038,-0.089
469.41,0.105,0,0.453,0.507,1,0.000,0.000,0.000,0.000,0.000,0.000,-0.038,-0.089
469.61,0.105,0,0.453,0.507,1,0.000,0.000,0.000,0.000,0.000,0.000,-0.037,-0.090
469.81,0.102,0,0.453,0.507,1,0.000,0.000,0.000,0.000,0.000,0.000,-0.031,-0.088
470.01,0.105,0,0.453,0.507,1,0.000,0.000,0.000,0.000,0.000,0.000,-0.040,-0.098
470.21,0.105,0,0.453,0.507,1,0.000,0.000,0.000,0.000,0.000,0.000,-0.032,-0.097
470.41,0.105,0,0.454,0.507,1,0.000,0.000,0.000,0.000,0.000,0.000,-0.032,-0.097
470.61,0.105,0,0.454,0.507,1,0.000,0.000,0.000,0.000,0.000,0.000,-0.037,-0.093
470.81,0.105,0,0.454,0.507,1,0.000,0.000,0.000,0.000,0.000,0.000,-0.033,-0.090
471.01,0.105,0,0.454,0.507,1,0.000,0.000,0.000,0.000,0.000,0.000,-0.036,-0.087
471.21,0.105,0,0.454,0.507,1,0.000,0.000,0.000,0.000,0.000,0.000,-0.034,-0.088
471.41,0.106,0,0.452,0.507,1,0.000,0.000,0.000,0.000,0.000,0.000,-0.034,-0.088
471.61,0.105,0,0.452,0.507,1,0.000,0.000,0.000,0.000,0.000,0.000,-0.038,-0.089
471.81,0.105,0,0.452,0.507,1,0.000,0.000,0.000,0.000,0.000,0.000,-0.034,-0.081
472.01,0.105,0,0.451,0.507,1,0.000,0.000,0.000,0.000,0.000,0.000,-0.028,-0.083
472.21,0.105,0,0.451,0.507,1,0.000,0.000,0.000,0.000,0.000,0.000,-0.029,-0.085
472.41,0.105,0,0.452,0.507,1,0.000,0.000,0.000,0.000,0.000,0.000,-0.029,-0.085
472.61,0.106,0,0.452,0.507,1,0.000,0.000,0.000,0.000,0.000,0.000,-0.034,-0.093
472.81,0.105,0,0.452,0.507,1,0.000,0.000,0.000,0.000,0.000,0.000,-0.043,-0.096
473.01,0.105,0,0.450,0.507,1,0.000,0.000,0.000,0.000,0.000,0.000,-0.039,-0.102
473.21,0.105,0,0.450,0.507,1,0.000,0.000,0.000,0.000,0.000,0.000,-0.039,-0.102
473.41,0.105,0,0.450,0.507,1,0.000,0.000,0.000,0.000,0.000,0.000,-0.038,-0.093
473.61,0.104,0,0.450,0.507,1,0.000,0.000,0.000,0.000,0.000,0.000,-0.041,-0.106
473.81,0.105,0,0.450,0.507,1,0.000,0.000,0.000,0.000,0.000,0.000,-0.039,-0.098
474.01,0.105,0,0.453,0.507,1,0.000,0.000,0.000,0.000,0.000,0.000,-0.038,-0.079
474.21,0.105,0,0.453,0.507,1,0.000,0.000,0.000,0.000,0.000,0.000,-0.038,-0.079
474.41,0.105,0,0.453,0.507,1,0.000,0.000,0.000,0.000,0.000,0.000,-0.036,-0.081
474.61,0.105,0,0.453,0.507,1,0.000,0.000,0.000,0.000,0.000,0.000,-0.032,-0.075
474.81,0.106,0,0.453,0.507,1,0.000,0.000,0.000,0.000,0.000,0.000,-0.030,-0.086
475.01,0.106,0,0.453,0.507,1,0.000,0.000,0.000,0.000,0.000,0.000,-0.029,-0.084
475.21,0.105,0,0.453,0.507,1,0.000,0.000,0.000,0.000,0.000,0.000,-0.029,-0.084
475.41,0.102,0,0.454,0.507,1,0.000,0.000,0.000,0.000,0.000,0.000,-0.034,-0.087
475.61,0.105,0,0.454,0.507,1,0.000,0.000,0.000,0.000,0.000,0.000,-0.030,-0.072
475.81,0.105,0,0.454,0.507,1,0.000,0.000,0.000,0.000,0.000,0.000,-0.026,-0.067
476.01,0.105,0,0.452,0.507,1,0.000,0.000,0.000,0.000,0.000,0.000,-0.035,-0.070
476.21,0.105,0,0.452,0.507,1,0.000,0.000,0.000,0.000,0.000,0.000,-0.035,-0.070
476.41,0.105,0,0.453,0.507,1,0.000,0.000,0.000,0.000,0.000,0.000,-0.025,-0.078
476.61,0.105,0,0.453,0.507,1,0.000,0.000,0.000,0.000,0.000,0.000,-0.039,-0.070
476.81,0.105,0,0.453,0.507,1,0.000,0.000,0.000,0.000,0.000,0.000,-0.028,-0.071
477.01,0.105,0,0.454,0.507,1,0.000,0.000,0.000,0.000,0.000,0.000,-0.033,-0.068
477.21,0.105,0,0.454,0.507,1,0.000,0.000,0.000,0.000,0.000,0.000,-0.033,-0.068
477.41,0.105,0,0.454,0.507,1,0.000,0.000,0.000,0.000,0.000,0.000,-0.025,-0.063
477.61,0.105,0,0.454,0.507,1,0.000,0.000,0.000,0.000,0.000,0.000,-0.025,-0.079
477.81,0.105,0,0.454,0.507,1,0.000,0.000,0.000,0.000,0.000,0.000,-0.024,-0.073
478.01,0.104,0,0.453,0.507,1,0.000,0.000,0.000,0.000,0.000,0.000,-0.024,-0.073
478.21,0.105,0,0.453,0.507,1,0.000,0.000,0.000,0.000,0.000,0.000,-0.031,-0.069
478.41,0.105,0,0.453,0.507,1,0.000,0.000,0.000,0.000,0.000,0.000,-0.033,-0.085
478.61,0.105,0,0.453,0.507,1,0.000,0.000,0.000,0.000,0.000,0.000,-0.032,-0.083
478.81,0.105,0,0.453,0.507,1,0.000,0.000,0.000,0.000,0.000,0.000,-0.035,-0.079
479.01,0.105,0,0.453,0.507,1,0.000,0.000,0.000,0.000,0.000,0.000,-0.035,-0.079
479.21,0.105,0,0.453,0.507,1,0.000,0.000,0.000,0.000,0.000,0.000,-0.036,-0.076
479.41,0.105,0,0.450,0.507,1,0.000,0.000,0.000,0.000,0.000,0.000,-0.035,-0.075
479.61,0.102,0,0.450,0.507,1,0.000,0.000,0.000,0.000,0.000,0.000,-0.034,-0.076
479.81,0.102,0,0.450,0.507,1,0.000,0.000,0.000,0.000,0.000,0.000,-0.037,-0.074
480.01,0.105,0,0.453,0.507,1,0.000,0.000,0.000,0.000,0.000,0.000,-0.037,-0.074
480.21,0.105,0,0.453,0.507,1,0.000,0.000,0.000,0.000,0.000,0.000,-0.031,-0.077
480.41,0.105,0,0.453,0.507,1,0.000,0.000,0.000,0.000,0.000,0.000,-0.026,-0.077
480.61,0.105,0,0.453,0.507,1,0.000,0.000,0.000,0.000,0.000,0.000,-0.028,-0.081
480.81,0.105,0,0.453,0.507,1,0.000,0.000,0.000,0.000,0.000,0.000,-0.035,-0.087
481.01,0.105,0,0.454,0.507,1,0.000,0.000,0.000,0.000,0.000,0.000,-0.035,-0.087
481.21,0.102,0,0.454,0.507,1,0.000,0.000,0.000,0.000,0.000,0.000,-0.029,-0.076
481.41,0.106,0,0.454,0.507,1,0.000,0.000,0.000,0.000,0.000,0.000,-0.032,-0.084
481.61,0.106,0,0.454,0.507,1,0.000,0.000,0.000,0.000,0.000,0.000,-0.040,-0.083
481.81,0.104,0,0.454,0.507,1,0.000,0.000,0.000,0.000,0.000,0.000,-0.040,-0.083
482.01,0.105,0,0.449,0.507,1,0.000,0.000,0.000,0.000,0.000,0.000,-0.037,-0.078
482.21,0.105,0,0.449,0.507,1,0.000,0.000,0.000,0.000,0.000,0.000,-0.039,-0.077
482.41,0.106,0,0.453,0.507,1,0.000,0.000,0.000,0.000,0.000,0.000,-0.036,-0.073
482.61,0.106,0,0.453,0.507,1,0.000,0.000,0.000,0.000,0.000,0.000,-0.040,-0.073
482.81,0.106,0,0.453,0.507,1,0.000,0.000,0.000,0.000,0.000,0.000,-0.040,-0.073
483.01,0.105,0,0.453,0.507,1,0.000,0.000,0.000,0.000,0.000,0.000,-0.038,-0.071
483.21,0.105,0,0.453,0.507,1,0.000,0.000,0.000,0.000,0.000,0.000,-0.038,-0.068
483.41,0.105,0,0.454,0.507,1,0.000,0.000,0.000,0.000,0.000,0.000,-0.039,-0.073
483.61,0.105,0,0.454,0.507,1,0.000,0.000,0.000,0.000,0.000,0.000,-0.039,-0.076
483.81,0.104,0,0.454,0.507,1,0.000,0.000,0.000,0.000,0.000,0.000,-0.039,-0.076
484.01,0.105,0,0.454,0.507,1,0.000,0.000,0.000,0.000,0.000,0.000,-0.035,-0.081
484.21,0.106,0,0.454,0.507,1,0.000,0.000,0.000,0.000,0.000,0.000,-0.036,-0.094
484.41,0.105,0,0.454,0.507,1,0.000,0.000,0.000,0.000,0.000,0.000,-0.040,-0.077
484.61,0.105,0,0.454,0.507,1,0.000,0.000,0.000,0.000,0.000,0.000,-0.036,-0.088
484.81,0.105,0,0.454,0.507,1,0.000,0.000,0.000,0.000,0.000,0.000,-0.036,-0.088
485.01,0.105,0,0.453,0.507,1,0.000,0.000,0.000,0.000,0.000,0.000,-0.040,-0.081
485.21,0.105,0,0.453,0.507,1,0.000,0.000,0.000,0.000,0.000,0.000,-0.035,-0.084
485.41,0.105,0,0.454,0.507,1,0.000,0.000,0.000,0.000,0.000,0.000,-0.036,-0.091
485.61,0.105,0,0.454,0.507,1,0.000,0.000,0.000,0.000,0.000,0.000,-0.037,-0.086
485.81,0.106,0,0.454,0.507,1,0.000,0.000,0.000,0.000,0.000,0.000,-0.037,-0.086
486.01,0.104,0,0.453,0.507,1,0.000,0.000,0.000,0.000,0.000,0.000,-0.040,-0.082
486.21,0.104,0,0.453,0.507,1,0.000,0.000,0.000,0.000,0.000,0.000,-0.041,-0.091
486.41,0.104,0,0.450,0.507,1,0.000,0.000,0.000,0.000,0.000,0.000,-0.045,-0.071
486.61,0.105,0,0.450,0.507,1,0.000,0.000,0.000,0.000,0.000,0.000,-0.045,-0.071
486.81,0.105,0,0.450,0.507,1,0.000,0.000,0.000,0.000,0.000,0.000,-0.047,-0.091
487.01,0.105,0,0.453,0.507,1,0.000,0.000,0.000,0.000,0.000,0.000,-0.037,-0.084
487.21,0.105,0,0.453,0.507,1,0.000,0.000,0.000,0.000,0.000,0.000,-0.045,-0.076
487.41,0.105,0,0.453,0.507,1,0.000,0.000,0.000,0.000,0.000,0.000,-0.031,-0.084
487.61,0.105,0,0.453,0.507,1,0.000,0.000,0.000,0.000,0.000,0.000,-0.031,-0.084
487.81,0.105,0,0.453,0.507,1,0.000,0.000,0.000,0.000,0.000,0.000,-0.034,-0.090
488.01,0.105,0,0.453,0.507,1,0.000,0.000,0.000,0.000,0.000,0.000,-0.038,-0.082
488.21,0.106,0,0.453,0.507,1,0.000,0.000,0.000,0.000,0.000,0.000,-0.045,-0.091
488.41,0.106,0,0.454,0.507,1,0.000,0.000,0.000,0.000,0.000,0.000,-0.037,-0.093
488.61,0.105,0,0.454,0.507,1,0.000,0.000,0.000,0.000,0.000,0.000,-0.037,-0.093
488.81,0.106,0,0.454,0.507,1,0.000,0.000,0.000,0.000,0.000,0.000,-0.037,-0.075
489.01,0.106,0,0.453,0.507,1,0.000,0.000,0.000,0.000,0.000,0.000,-0.038,-0.076
489.21,0.105,0,0.453,0.507,1,0.000,0.000,0.000,0.000,0.000,0.000,-0.036,-0.067
489.41,0.105,0,0.454,0.507,1,0.000,0.000,0.000,0.000,0.000,0.000,-0.047,-0.065
489.61,0.105,0,0.454,0.507,1,0.000,0.000,0.000,0.000,0.000,0.000,-0.047,-0.065
489.81,0.105,0,0.454,0.507,1,0.000,0.000,0.000,0.000,0.000,0.000,-0.047,-0.074
490.01,0.104,0,0.454,0.507,1,0.000,0.000,0.000,0.000,0.000,0.000,-0.048,-0.086
490.21,0.104,0,0.454,0.507,1,0.000,0.000,0.000,0.000,0.000,0.000,-0.047,-0.080
490.41,0.105,0,0.454,0.508,1,0.000,0.000,0.000,0.000,0.000,0.000,-0.045,-0.075
490.61,0.105,0,0.454,0.508,1,0.000,0.000,0.000,0.000,0.000,0.000,-0.045,-0.075
490.81,0.102,0,0.454,0.508,1,0.000,0.000,0.000,0.000,0.000,0.000,-0.039,-0.082
491.01,0.105,0,0.451,0.507,1,0.000,0.000,0.000,0.000,0.000,0.000,-0.040,-0.077
491.21,0.105,0,0.451,0.507,1,0.000,0.000,0.000,0.000,0.000,0.000,-0.046,-0.090
491.41,0.105,0,0.453,0.507,1,0.000,0.000,0.000,0.000,0.000,0.000,-0.046,-0.090
491.61,0.105,0,0.453,0.507,1,0.000,0.000,0.000,0.000,0.000,0.000,-0.044,-0.086
491.81,0.102,0,0.453,0.507,1,0.000,0.000,0.000,0.000,0.000,0.000,-0.034,-0.085
492.01,0.105,0,0.449,0.507,1,0.000,0.000,0.000,0.000,0.000,0.000,-0.038,-0.084
492.21,0.105,0,0.449,0.507,1,0.000,0.000,0.000,0.000,0.000,0.000,-0.045,-0.085
492.41,0.105,0,0.450,0.507,1,0.000,0.000,0.000,0.000,0.000,0.000,-0.045,-0.085
492.61,0.102,0,0.450,0.507,1,0.000,0.000,0.000,0.000,0.000,0.000,-0.031,-0.083
492.81,0.105,0,0.450,0.507,1,0.000,0.000,0.000,0.000,0.000,0.000,-0.036,-0.078
493.01,0.105,0,0.451,0.507,1,0.000,0.000,0.000,0.000,0.000,0.000,-0.039,-0.080
493.21,0.105,0,0.451,0.507,1,0.000,0.000,0.000,0.000,0.000,0.000,-0.034,-0.078
493.41,0.106,0,0.453,0.507,1,0.000,0.000,0.000,0.000,0.000,0.000,-0.034,-0.078
493.61,0.106,0,0.453,0.507,1,0.000,0.000,0.000,0.000,0.000,0.000,-0.034,-0.071
493.81,0.106,0,0.453,0.507,1,0.000,0.000,0.000,0.000,0.000,0.000,-0.044,-0.075
494.01,0.105,0,0.450,0.507,1,0.000,0.000,0.000,0.000,0.000,0.000,-0.035,-0.075
494.21,0.105,0,0.450,0.507,1,0.000,0.000,0.000,0.000,0.000,0.000,-0.034,-0.079
494.41,0.105,0,0.453,0.507,1,0.000,0.000,0.000,0.000,0.000,0.000,-0.034,-0.079
494.61,0.105,0,0.453,0.507,1,0.000,0.000,0.000,0.000,0.000,0.000,-0.039,-0.083
494.81,0.106,0,0.453,0.507,1,0.000,0.000,0.000,0.000,0.000,0.000,-0.036,-0.085
495.01,0.106,0,0.450,0.507,1,0.000,0.000,0.000,0.000,0.000,0.000,-0.040,-0.082
495.21,0.105,0,0.450,0.507,1,0.000,0.000,0.000,0.000,0.000,0.000,-0.040,-0.082
495.41,0.105,0,0.453,0.507,1,0.000,0.000,0.000,0.000,0.000,0.000,-0.039,-0.080
495.61,0.105,0,0.453,0.507,1,0.000,0.000,0.000,0.000,0.000,0.000,-0.032,-0.084
495.81,0.105,0,0.453,0.507,1,0.000,0.000,0.000,0.000,0.000,0.000,-0.035,-0.087
496.01,0.105,0,0.454,0.507,1,0.000,0.000,0.000,0.000,0.000,0.000,-0.039,-0.087
496.21,0.105,0,0.454,0.507,1,0.000,0.000,0.000,0.000,0.000,0.000,-0.039,-0.087
496.41,0.106,0,0.453,0.507,1,0.000,0.000,0.000,0.000,0.000,0.000,-0.030,-0.083
496.61,0.105,0,0.453,0.507,1,0.000,0.000,0.000,0.000,0.000,0.000,-0.043,-0.071
496.81,0.105,0,0.453,0.507,1,0.000,0.000,0.000,0.000,0.000,0.000,-0.036,-0.075
497.01,0.105,0,0.450,0.507,1,0.000,0.000,0.000,0.000,0.000,0.000,-0.037,-0.081
497.21,0.105,0,0.450,0.507,1,0.000,0.000,0.000,0.000,0.000,0.000,-0.037,-0.081
497.41,0.105,0,0.453,0.507,1,0.000,0.000,0.000,0.000,0.000,0.000,-0.034,-0.081
497.61,0.105,0,0.453,0.507,1,0.000,0.000,0.000,0.000,0.000,0.000,-0.035,-0.090
497.81,0.105,0,0.453,0.507,1,0.000,0.000,0.000,0.000,0.000,0.000,-0.030,-0.083
498.01,0.105,0,0.453,0.507,1,0.000,0.000,0.000,0.000,0.000,0.000,-0.025,-0.098
498.21,0.105,0,0.453,0.507,1,0.000,0.000,0.000,0.000,0.000,0.000,-0.025,-0.098
498.41,0.105,0,0.453,0.507,1,0.000,0.000,0.000,0.000,0.000,0.000,-0.029,-0.096
498.61,0.102,0,0.453,0.507,1,0.000,0.000,0.000,0.000,0.000,0.000,-0.025,-0.091
498.81,0.102,0,0.453,0.507,1,0.000,0.000,0.000,0.000,0.000,0.000,-0.032,-0.083
499.01,0.104,0,0.453,0.507,1,0.000,0.000,0.000,0.000,0.000,0.000,-0.030,-0.091
499.21,0.105,0,0.453,0.507,1,0.000,0.000,0.000,0.000,0.000,0.000,-0.030,-0.091
499.41,0.106,0,0.449,0.507,1,0.000,0.000,0.000,0.000,0.000,0.000,-0.031,-0.083
499.61,0.105,0,0.449,0.507,1,0.000,0.000,0.000,0.000,0.000,0.000,-0.032,-0.091
499.81,0.105,0,0.449,0.507,1,0.000,0.000,0.000,0.000,0.000,0.000,-0.027,-0.092
500.01,0.105,0,0.454,0.507,1,0.000,0.000,0.000,0.000,0.000,0.000,-0.027,-0.092
500.21,0.105,0,0.454,0.507,1,0.000,0.000,0.000,0.000,0.000,0.000,-0.030,-0.090
500.41,0.105,0,0.451,0.507,1,0.000,0.000,0.000,0.000,0.000,0.000,-0.029,-0.082
500.61,0.105,0,0.451,0.507,1,0.000,0.000,0.000,0.000,0.000,0.000,-0.039,-0.078
500.81,0.105,0,0.451,0.507,1,0.000,0.000,0.000,0.000,0.000,0.000,-0.031,-0.089
501.01,0.106,0,0.451,0.507,1,0.000,0.000,0.000,0.000,0.000,0.000,-0.031,-0.089
501.21,0.105,0,0.451,0.507,1,0.000,0.000,0.000,0.000,0.000,0.000,-0.036,-0.090
501.41,0.102,0,0.453,0.507,1,0.000,0.000,0.000,0.000,0.000,0.000,-0.034,-0.083
501.61,0.105,0,0.453,0.507,1,0.000,0.000,0.000,0.000,0.000,0.000,-0.034,-0.088
501.81,0.105,0,0.453,0.507,1,0.000,0.000,0.000,0.000,0.000,0.000,-0.027,-0.088
502.01,0.105,0,0.452,0.507,1,0.000,0.000,0.000,0.000,0.000,0.000,-0.027,-0.088
502.21,0.105,0,0.452,0.507,1,0.000,0.000,0.000,0.000,0.000,0.000,-0.040,-0.094
502.41,0.105,0,0.453,0.507,1,0.000,0.000,0.000,0.000,0.000,0.000,-0.032,-0.092
502.61,0.105,0,0.453,0.507,1,0.000,0.000,0.000,0.000,0.000,0.000,-0.030,-0.091
502.81,0.105,0,0.453,0.507,1,0.000,0.000,0.000,0.000,0.000,0.000,-0.031,-0.091
503.01,0.106,0,0.450,0.507,1,0.000,0.000,0.000,0.000,0.000,0.000,-0.031,-0.091
503.21,0.105,0,0.450,0.507,1,0.000,0.000,0.000,0.000,0.000,0.000,-0.033,-0.092
503.41,0.105,0,0.454,0.507,1,0.000,0.000,0.000,0.000,0.000,0.000,-0.037,-0.086
503.61,0.105,0,0.454,0.507,1,0.000,0.000,0.000,0.000,0.000,0.000,-0.037,-0.088
503.81,0.106,0,0.454,0.507,1,0.000,0.000,0.000,0.000,0.000,0.000,-0.031,-0.096
504.01,0.105,0,0.454,0.507,1,0.000,0.000,0.000,0.000,0.000,0.000,-0.031,-0.096
504.21,0.105,0,0.454,0.507,1,0.000,0.000,0.000,0.000,0.000,0.000,-0.033,-0.084
504.41,0.105,0,0.452,0.507,1,0.000,0.000,0.000,0.000,0.000,0.000,-0.029,-0.086
504.61,0.105,0,0.452,0.507,1,0.000,0.000,0.000,0.000,0.000,0.000,-0.029,-0.087
504.81,0.104,0,0.452,0.507,1,0.000,0.000,0.000,0.000,0.000,0.000,-0.029,-0.087
505.01,0.102,0,0.454,0.507,1,0.000,0.000,0.000,0.000,0.000,0.000,-0.026,-0.087
505.21,0.106,0,0.454,0.507,1,0.000,0.000,0.000,0.000,0.000,0.000,-0.029,-0.089
505.41,0.105,0,0.454,0.507,1,0.000,0.000,0.000,0.000,0.000,0.000,-0.027,-0.087
505.61,0.105,0,0.454,0.507,1,0.000,0.000,0.000,0.000,0.000,0.000,-0.030,-0.088
505.81,0.105,0,0.454,0.507,1,0.000,0.000,0.000,0.000,0.000,0.000,-0.030,-0.088
506.01,0.105,0,0.453,0.507,1,0.000,0.000,0.000,0.000,0.000,0.000,-0.036,-0.085
506.21,0.104,0,0.453,0.507,1,0.000,0.000,0.000,0.000,0.000,0.000,-0.034,-0.087
506.41,0.105,0,0.453,0.507,1,0.000,0.000,0.000,0.000,0.000,0.000,-0.031,-0.082
506.61,0.105,0,0.453,0.507,1,0.000,0.000,0.000,0.000,0.000,0.000,-0.030,-0.082
506.81,0.105,0,0.453,0.507,1,0.000,0.000,0.000,0.000,0.000,0.000,-0.030,-0.082
507.01,0.106,0,0.454,0.507,1,0.000,0.000,0.000,0.000,0.000,0.000,-0.024,-0.089
507.21,0.105,0,0.454,0.507,1,0.000,0.000,0.000,0.000,0.000,0.000,-0.035,-0.084
507.41,0.105,0,0.454,0.507,1,0.000,0.000,0.000,0.000,0.000,0.000,-0.026,-0.086
507.61,0.105,0,0.454,0.507,1,0.000,0.000,0.000,0.000,0.000,0.000,-0.033,-0.087
507.81,0.105,0,0.454,0.507,1,0.000,0.000,0.000,0.000,0.000,0.000,-0.033,-0.087
508.01,0.105,0,0.450,0.507,1,0.000,0.000,0.000,0.000,0.000,0.000,-0.036,-0.083
508.21,0.105,0,0.450,0.507,1,0.000,0.000,0.000,0.000,0.000,0.000,-0.029,-0.093
508.41,0.105,0,0.453,0.508,1,0.000,0.000,0.000,0.000,0.000,0.000,-0.033,-0.087
508.61,0.106,0,0.453,0.508,1,0.000,0.000,0.000,0.000,0.000,0.000,-0.037,-0.082
508.81,0.106,0,0.453,0.508,1,0.000,0.000,0.000,0.000,0.000,0.000,-0.037,-0.082
509.01,0.105,0,0.449,0.507,1,0.000,0.000,0.000,0.000,0.000,0.000,-0.033,-0.088
509.21,0.102,0,0.449,0.507,1,0.000,0.000,0.000,0.000,0.000,0.000,-0.042,-0.097
509.41,0.102,0,0.452,0.507,1,0.000,0.000,0.000,0.000,0.000,0.000,-0.038,-0.091
509.61,0.105,0,0.452,0.507,1,0.000,0.000,0.000,0.000,0.000,0.000,-0.038,-0.091
509.81,0.105,0,0.452,0.507,1,0.000,0.000,0.000,0.000,0.000,0.000,-0.042,-0.086
510.01,0.105,0,0.450,0.507,1,0.000,0.000,0.000,0.000,0.000,0.000,-0.038,-0.082
510.21,0.105,0,0.450,0.507,1,0.000,0.000,0.000,0.000,0.000,0.000,-0.042,-0.090
510.41,0.105,0,0.454,0.507,1,0.000,0.000,0.000,0.000,0.000,0.000,-0.038,-0.090
510.61,0.105,0,0.454,0.507,1,0.000,0.000,0.000,0.000,0.000,0.000,-0.038,-0.090
510.81,0.104,0,0.454,0.507,1,0.000,0.000,0.000,0.000,0.000,0.000,-0.036,-0.089
511.01,0.105,0,0.454,0.507,1,0.000,0.000,0.000,0.000,0.000,0.000,-0.028,-0.087
511.21,0.105,0,0.454,0.507,1,0.000,0.000,0.000,0.000,0.000,0.000,-0.036,-0.094
511.41,0.105,0,0.454,0.507,1,0.000,0.000,0.000,0.000,0.000,0.000,-0.034,-0.093
511.61,0.105,0,0.454,0.507,1,0.000,0.000,0.000,0.000,0.000,0.000,-0.034,-0.093
511.81,0.105,0,0.454,0.507,1,0.000,0.000,0.000,0.000,0.000,0.000,-0.032,-0.091
512.01,0.105,0,0.454,0.507,1,0.000,0.000,0.000,0.000,0.000,0.000,-0.032,-0.091
512.21,0.105,0,0.454,0.507,1,0.000,0.000,0.000,0.000,0.000,0.000,-0.038,-0.095
512.41,0.105,0,0.454,0.507,1,0.000,0.000,0.000,0.000,0.000,0.000,-0.028,-0.094
512.61,0.105,0,0.454,0.507,1,0.000,0.000,0.000,0.000,0.000,0.000,-0.028,-0.094
512.81,0.105,0,0.454,0.507,1,0.000,0.000,0.000,0.000,0.000,0.000,-0.033,-0.088
513.01,0.102,0,0.452,0.507,1,0.000,0.000,0.000,0.000,0.000,0.000,-0.032,-0.095
513.21,0.102,0,0.452,0.507,1,0.000,0.000,0.000,0.000,0.000,0.000,-0.034,-0.084
513.41,0.105,0,0.454,0.507,1,0.000,0.000,0.000,0.000,0.000,0.000,-0.034,-0.084
513.61,0.106,0,0.454,0.507,1,0.000,0.000,0.000,0.000,0.000,0.000,-0.036,-0.092
513.81,0.106,0,0.454,0.507,1,0.000,0.000,0.000,0.000,0.000,0.000,-0.033,-0.093
514.01,0.105,0,0.453,0.507,1,0.000,0.000,0.000,0.000,0.000,0.000,-0.033,-0.093
514.21,0.105,0,0.453,0.507,1,0.000,0.000,0.000,0.000,0.000,0.000,-0.034,-0.087
514.41,0.105,0,0.449,0.508,1,0.000,0.000,0.000,0.000,0.000,0.000,-0.034,-0.087
514.61,0.105,0,0.449,0.508,1,0.000,0.000,0.000,0.000,0.000,0.000,-0.030,-0.094
514.81,0.105,0,0.449,0.508,1,0.000,0.000,0.000,0.000,0.000,0.000,-0.035,-0.095
515.01,0.105,0,0.453,0.507,1,0.000,0.000,0.000,0.000,0.000,0.000,-0.039,-0.074
515.21,0.105,0,0.453,0.507,1,0.000,0.000,0.000,0.000,0.000,0.000,-0.032,-0.088
515.41,0.105,0,0.454,0.507,1,0.000,0.000,0.000,0.000,0.000,0.000,-0.032,-0.088
515.61,0.105,0,0.454,0.507,1,0.000,0.000,0.000,0.000,0.000,0.000,-0.030,-0.093
515.81,0.105,0,0.454,0.507,1,0.000,0.000,0.000,0.000,0.000,0.000,-0.031,-0.089
516.01,0.106,0,0.450,0.507,1,0.000,0.000,0.000,0.000,0.000,0.000,-0.032,-0.082
516.21,0.106,0,0.450,0.507,1,0.000,0.000,0.000,0.000,0.000,0.000,-0.029,-0.089
516.41,0.106,0,0.453,0.507,1,0.000,0.000,0.000,0.000,0.000,0.000,-0.029,-0.089
516.61,0.105,0,0.453,0.507,1,0.000,0.000,0.000,0.000,0.000,0.000,-0.035,-0.092
516.81,0.105,0,0.453,0.507,1,0.000,0.000,0.000,0.000,0.000,0.000,-0.032,-0.088
517.01,0.106,0,0.454,0.507,1,0.000,0.000,0.000,0.000,0.000,0.000,-0.035,-0.089
517.21,0.106,0,0.454,0.507,1,0.000,0.000,0.000,0.000,0.000,0.000,-0.033,-0.081
517.41,0.106,0,0.449,0.507,1,0.000,0.000,0.000,0.000,0.000,0.000,-0.033,-0.081
517.61,0.106,0,0.449,0.507,1,0.000,0.000,0.000,0.000,0.000,0.000,-0.032,-0.091
517.81,0.105,0,0.449,0.507,1,0.000,0.000,0.000,0.000,0.000,0.000,-0.034,-0.087
518.01,0.105,0,0.453,0.507,1,0.000,0.000,0.000,0.000,0.000,0.000,-0.037,-0.092
518.21,0.105,0,0.453,0.507,1,0.000,0.000,0.000,0.000,0.000,0.000,-0.035,-0.089
518.41,0.105,0,0.453,0.507,1,0.000,0.000,0.000,0.000,0.000,0.000,-0.035,-0.089
518.61,0.106,0,0.453,0.507,1,0.000,0.000,0.000,0.000,0.000,0.000,-0.033,-0.087
518.81,0.104,0,0.453,0.507,1,0.000,0.000,0.000,0.000,0.000,0.000,-0.040,-0.092
519.01,0.104,0,0.453,0.507,1,0.000,0.000,0.000,0.000,0.000,0.000,-0.033,-0.098
519.21,0.105,0,0.453,0.507,1,0.000,0.000,0.000,0.000,0.000,0.000,-0.033,-0.098
519.41,0.105,0,0.454,0.507,1,0.000,0.000,0.000,0.000,0.000,0.000,-0.032,-0.087
519.61,0.102,0,0.454,0.507,1,0.000,0.000,0.000,0.000,0.000,0.000,-0.030,-0.080
519.81,0.102,0,0.454,0.507,1,0.000,0.000,0.000,0.000,0.000,0.000,-0.033,-0.080
520.01,0.102,0,0.453,0.507,1,0.000,0.000,0.000,0.000,0.000,0.000,-0.036,-0.083
520.21,0.106,0,0.453,0.507,1,0.000,0.000,0.000,0.000,0.000,0.000,-0.036,-0.083
520.41,0.105,0,0.453,0.507,1,0.000,0.000,0.000,0.000,0.000,0.000,-0.036,-0.066
520.61,0.105,0,0.453,0.507,1,0.000,0.000,0.000,0.000,0.000,0.000,-0.038,-0.079
520.81,0.104,0,0.453,0.507,1,0.000,0.000,0.000,0.000,0.000,0.000,-0.036,-0.076
521.01,0.104,0,0.453,0.507,1,0.000,0.000,0.000,0.000,0.000,0.000,-0.033,-0.081
521.21,0.105,0,0.453,0.507,1,0.000,0.000,0.000,0.000,0.000,0.000,-0.033,-0.081
521.41,0.105,0,0.453,0.507,1,0.000,0.000,0.000,0.000,0.000,0.000,-0.037,-0.088
521.61,0.105,0,0.453,0.507,1,0.000,0.000,0.000,0.000,0.000,0.000,-0.036,-0.079
521.81,0.105,0,0.453,0.507,1,0.000,0.000,0.000,0.000,0.000,0.000,-0.030,-0.085
522.01,0.105,0,0.453,0.507,1,0.000,0.000,0.000,0.000,0.000,0.000,-0.040,-0.082
522.21,0.105,0,0.453,0.507,1,0.000,0.000,0.000,0.000,0.000,0.000,-0.040,-0.082
522.41,0.105,0,0.453,0.507,1,0.000,0.000,0.000,0.000,0.000,0.000,-0.042,-0.089
522.61,0.105,0,0.453,0.507,1,0.000,0.000,0.000,0.000,0.000,0.000,-0.035,-0.087
522.81,0.106,0,0.453,0.507,1,0.000,0.000,0.000,0.000,0.000,0.000,-0.034,-0.085
523.01,0.106,0,0.453,0.507,1,0.000,0.000,0.000,0.000,0.000,0.000,-0.035,-0.089
523.21,0.105,0,0.453,0.507,1,0.000,0.000,0.000,0.000,0.000,0.000,-0.035,-0.089
523.41,0.104,0,0.451,0.507,1,0.000,0.000,0.000,0.000,0.000,0.000,-0.038,-0.085
523.61,0.105,0,0.451,0.507,1,0.000,0.000,0.000,0.000,0.000,0.000,-0.043,-0.089
523.81,0.105,0,0.451,0.507,1,0.000,0.000,0.000,0.000,0.000,0.000,-0.033,-0.085
524.01,0.105,0,0.453,0.507,1,0.000,0.000,0.000,0.000,0.000,0.000,-0.032,-0.087
524.21,0.106,0,0.453,0.507,1,0.000,0.000,0.000,0.000,0.000,0.000,-0.032,-0.087
524.41,0.105,0,0.450,0.507,1,0.000,0.000,0.000,0.000,0.000,0.000,-0.037,-0.080
524.61,0.105,0,0.450,0.507,1,0.000,0.000,0.000,0.000,0.000,0.000,-0.041,-0.085
524.81,0.105,0,0.450,0.507,1,0.000,0.000,0.000,0.000,0.000,0.000,-0.027,-0.084
525.01,0.105,0,0.450,0.507,1,0.000,0.000,0.000,0.000,0.000,0.000,-0.027,-0.084
525.21,0.105,0,0.450,0.507,1,0.000,0.000,0.000,0.000,0.000,0.000,-0.023,-0.084
525.41,0.106,0,0.454,0.507,1,0.000,0.000,0.000,0.000,0.000,0.000,-0.038,-0.079
525.61,0.105,0,0.454,0.507,1,0.000,0.000,0.000,0.000,0.000,0.000,-0.051,-0.088
525.81,0.105,0,0.454,0.507,1,0.000,0.000,0.000,0.000,0.000,0.000,-0.090,-0.089
526.01,0.105,0,0.446,0.496,1,0.000,0.000,0.000,0.000,0.000,0.000,-0.090,-0.089
526.21,0.105,0,0.446,0.496,1,0.000,0.000,0.000,0.000,0.000,0.000,-0.136,-0.077
526.41,0.445,0,0.454,0.489,1,0.000,0.000,0.000,0.000,0.000,0.000,-0.117,-0.104
526.61,0.443,0,0.454,0.489,1,0.000,0.000,0.000,0.000,0.000,0.000,-0.134,-0.097
526.81,0.443,0,0.454,0.489,1,0.000,0.000,0.000,0.000,0.000,0.000,-0.058,-0.116
527.01,0.446,0,0.455,0.483,1,0.000,0.000,0.000,0.000,0.000,0.000,-0.058,-0.116
527.21,0.445,0,0.455,0.483,1,0.000,0.000,0.000,0.000,0.000,0.000,-0.058,-0.126
527.41,0.446,0,0.455,0.483,1,0.000,0.000,0.000,0.000,0.000,0.000,-0.058,-0.110
527.61,0.442,0,0.455,0.483,1,0.000,0.000,0.000,0.000,0.000,0.000,-0.060,-0.110
527.81,0.442,0,0.455,0.483,1,0.000,0.000,0.000,0.000,0.000,0.000,-0.063,-0.117
528.01,0.106,0,0.446,0.482,1,0.000,0.000,0.000,0.000,0.000,0.000,-0.063,-0.117
528.21,0.444,0,0.446,0.482,1,0.000,0.000,0.000,0.000,0.000,0.000,-0.067,-0.112
528.41,0.445,0,0.454,0.482,1,0.000,0.000,0.000,0.000,0.000,0.000,-0.055,-0.105
528.61,0.445,0,0.454,0.482,1,0.000,0.000,0.000,0.000,0.000,0.000,-0.061,-0.106
528.81,0.445,0,0.454,0.482,1,0.000,0.000,0.000,0.000,0.000,0.000,-0.062,-0.116
529.01,0.444,0,0.453,0.482,1,0.000,0.000,0.000,0.000,0.000,0.000,-0.062,-0.116
529.21,0.445,0,0.453,0.482,1,0.000,0.000,0.000,0.000,0.000,0.000,-0.066,-0.126
529.41,0.437,0,0.446,0.482,1,0.000,0.000,0.000,0.000,0.000,0.000,-0.053,-0.106
529.61,0.437,0,0.446,0.482,1,0.000,0.000,0.000,0.000,0.000,0.000,-0.062,-0.119
529.81,0.444,0,0.446,0.482,1,0.000,0.000,0.000,0.000,0.000,0.000,-0.062,-0.109
530.01,0.409,0,0.454,0.482,1,0.000,0.000,0.000,0.000,0.000,0.000,-0.062,-0.109
530.21,0.442,0,0.454,0.482,1,0.000,0.000,0.000,0.000,0.000,0.000,-0.053,-0.091
530.41,0.399,0,0.454,0.483,1,0.000,0.000,0.000,0.000,0.000,0.000,-0.058,-0.091
530.61,0.399,0,0.454,0.483,1,0.000,0.000,0.000,0.000,0.000,0.000,0.003,-0.082
530.81,0.364,0,0.454,0.483,1,0.000,0.000,0.000,0.000,0.000,0.000,0.111,0.003
531.01,0.363,0,0.463,0.508,1,0.000,0.000,0.000,0.000,0.000,0.000,0.111,0.003
531.21,0.105,0,0.463,0.508,1,0.000,0.000,0.000,0.000,0.000,0.000,0.034,0.020
531.41,0.109,0,0.465,0.531,1,0.000,0.000,0.000,0.000,0.000,0.000,-0.004,0.056
531.61,0.109,0,0.465,0.531,1,0.000,0.000,0.000,0.000,0.000,0.000,-0.037,0.007
531.81,0.105,0,0.465,0.531,1,0.000,0.000,0.000,0.000,0.000,0.000,-0.037,0.007
532.01,0.108,0,0.465,0.535,1,0.000,0.000,0.000,0.000,0.000,0.000,-0.035,-0.008
532.21,0.105,0,0.465,0.535,1,0.000,0.000,0.000,0.000,0.000,0.000,-0.044,-0.007
532.41,0.105,0,0.466,0.535,1,0.000,0.000,0.000,0.000,0.000,0.000,-0.042,-0.029
532.61,0.105,0,0.466,0.535,1,0.000,0.000,0.000,0.000,0.000,0.000,-0.051,-0.031
532.81,0.106,0,0.466,0.535,1,0.000,0.000,0.000,0.000,0.000,0.000,-0.051,-0.031
533.01,0.106,0,0.466,0.535,1,0.000,0.000,0.000,0.000,0.000,0.000,-0.043,-0.038
533.21,0.105,0,0.466,0.535,1,0.000,0.000,0.000,0.000,0.000,0.000,-0.055,-0.050
533.41,0.106,0,0.466,0.535,1,0.000,0.000,0.000,0.000,0.000,0.000,-0.062,-0.068
533.61,0.106,0,0.466,0.535,1,0.000,0.000,0.000,0.000,0.000,0.000,-0.060,-0.069
533.81,0.105,0,0.466,0.535,1,0.000,0.000,0.000,0.000,0.000,0.000,-0.060,-0.069
534.01,0.106,0,0.466,0.535,1,0.000,0.000,0.000,0.000,0.000,0.000,-0.050,-0.044
534.21,0.104,0,0.466,0.535,1,0.000,0.000,0.000,0.000,0.000,0.000,-0.046,-0.044
534.41,0.104,0,0.466,0.535,1,0.000,0.000,0.000,0.000,0.000,0.000,-0.047,-0.045
534.61,0.106,0,0.466,0.535,1,0.000,0.000,0.000,0.000,0.000,0.000,-0.052,-0.034
534.81,0.105,0,0.466,0.535,1,0.000,0.000,0.000,0.000,0.000,0.000,-0.052,-0.034
535.01,0.105,0,0.464,0.536,1,0.000,0.000,0.000,0.000,0.000,0.000,-0.053,-0.060
535.21,0.106,0,0.464,0.536,1,0.000,0.000,0.000,0.000,0.000,0.000,-0.052,-0.054
535.41,0.106,0,0.467,0.536,1,0.000,0.000,0.000,0.000,0.000,0.000,-0.054,-0.049
535.61,0.105,0,0.467,0.536,1,0.000,0.000,0.000,0.000,0.000,0.000,-0.046,-0.043
535.81,0.105,0,0.467,0.536,1,0.000,0.000,0.000,0.000,0.000,0.000,-0.046,-0.043
536.01,0.105,0,0.466,0.536,1,0.000,0.000,0.000,0.000,0.000,0.000,-0.047,-0.051
536.21,0.105,0,0.466,0.536,1,0.000,0.000,0.000,0.000,0.000,0.000,-0.055,-0.043
536.41,0.105,0,0.466,0.535,1,0.000,0.000,0.000,0.000,0.000,0.000,-0.049,-0.049
536.61,0.105,0,0.466,0.535,1,0.000,0.000,0.000,0.000,0.000,0.000,-0.049,-0.049
536.81,0.105,0,0.466,0.535,1,0.000,0.000,0.000,0.000,0.000,0.000,-0.046,-0.056
537.01,0.105,0,0.463,0.535,1,0.000,0.000,0.000,0.000,0.000,0.000,-0.044,-0.062
537.21,0.105,0,0.463,0.535,1,0.000,0.000,0.000,0.000,0.000,0.000,-0.047,-0.066
537.41,0.105,0,0.466,0.535,1,0.000,0.000,0.000,0.000,0.000,0.000,-0.043,-0.054
537.61,0.105,0,0.466,0.535,1,0.000,0.000,0.000,0.000,0.000,0.000,-0.043,-0.054
537.81,0.105,0,0.466,0.535,1,0.000,0.000,0.000,0.000,0.000,0.000,-0.049,-0.054
538.01,0.105,0,0.466,0.535,1,0.000,0.000,0.000,0.000,0.000,0.000,-0.049,-0.047
538.21,0.105,0,0.466,0.535,1,0.000,0.000,0.000,0.000,0.000,0.000,-0.040,-0.049
538.41,0.105,0,0.466,0.535,1,0.000,0.000,0.000,0.000,0.000,0.000,-0.035,-0.041
538.61,0.105,0,0.466,0.535,1,0.000,0.000,0.000,0.000,0.000,0.000,-0.035,-0.041
538.81,0.105,0,0.466,0.535,1,0.000,0.000,0.000,0.000,0.000,0.000,-0.034,-0.045
539.01,0.105,0,0.466,0.535,1,0.000,0.000,0.000,0.000,0.000,0.000,-0.038,-0.055
539.21,0.105,0,0.466,0.535,1,0.000,0.000,0.000,0.000,0.000,0.000,-0.041,-0.060
539.41,0.105,0,0.462,0.535,1,0.000,0.000,0.000,0.000,0.000,0.000,-0.042,-0.057
539.61,0.105,0,0.462,0.535,1,0.000,0.000,0.000,0.000,0.000,0.000,-0.042,-0.057
539.81,0.108,0,0.462,0.535,1,0.000,0.000,0.000,0.000,0.000,0.000,-0.046,-0.067
540.01,0.105,0,0.466,0.535,1,0.000,0.000,0.000,0.000,0.000,0.000,-0.042,-0.060
540.21,0.105,0,0.466,0.535,1,0.000,0.000,0.000,0.000,0.000,0.000,-0.036,-0.049
540.41,0.105,0,0.466,0.535,1,0.000,0.000,0.000,0.000,0.000,0.000,-0.036,-0.049
540.61,0.105,0,0.466,0.535,1,0.000,0.000,0.000,0.000,0.000,0.000,-0.031,-0.044
540.81,0.105,0,0.466,0.535,1,0.000,0.000,0.000,0.000,0.000,0.000,-0.033,-0.043
541.01,0.105,0,0.466,0.535,1,0.000,0.000,0.000,0.000,0.000,0.000,-0.032,-0.054
541.21,0.105,0,0.466,0.535,1,0.000,0.000,0.000,0.000,0.000,0.000,-0.039,-0.062
541.41,0.106,0,0.466,0.535,1,0.000,0.000,0.000,0.000,0.000,0.000,-0.039,-0.062
541.61,0.106,0,0.466,0.535,1,0.000,0.000,0.000,0.000,0.000,0.000,-0.042,-0.047
541.81,0.105,0,0.466,0.535,1,0.000,0.000,0.000,0.000,0.000,0.000,-0.030,-0.056
542.01,0.106,0,0.466,0.535,1,0.000,0.000,0.000,0.000,0.000,0.000,-0.034,-0.062
542.21,0.106,0,0.466,0.535,1,0.000,0.000,0.000,0.000,0.000,0.000,-0.034,-0.066
542.41,0.457,0,0.466,0.535,1,0.000,0.000,0.000,0.000,0.000,0.000,-0.034,-0.066
542.61,0.457,0,0.466,0.535,1,0.000,0.000,0.000,0.000,0.000,0.000,-0.029,-0.041
542.81,0.105,0,0.466,0.535,1,0.000,0.000,0.000,0.000,0.000,0.000,-0.039,-0.049
543.01,0.105,0,0.463,0.535,1,0.000,0.000,0.000,0.000,0.000,0.000,-0.040,-0.053
543.21,0.106,0,0.463,0.535,1,0.000,0.000,0.000,0.000,0.000,0.000,-0.040,-0.056
543.41,0.105,0,0.465,0.535,1,0.000,0.000,0.000,0.000,0.000,0.000,-0.040,-0.056
543.61,0.106,0,0.465,0.535,1,0.000,0.000,0.000,0.000,0.000,0.000,-0.039,-0.052
543.81,0.106,0,0.465,0.535,1,0.000,0.000,0.000,0.000,0.000,0.000,-0.045,-0.044
544.01,0.106,0,0.466,0.535,1,0.000,0.000,0.000,0.000,0.000,0.000,-0.035,-0.043
544.21,0.105,0,0.466,0.535,1,0.000,0.000,0.000,0.000,0.000,0.000,-0.035,-0.043
544.41,0.105,0,0.465,0.535,1,0.000,0.000,0.000,0.000,0.000,0.000,-0.035,-0.048
544.61,0.105,0,0.465,0.535,1,0.000,0.000,0.000,0.000,0.000,0.000,-0.042,-0.057
544.81,0.105,0,0.465,0.535,1,0.000,0.000,0.000,0.000,0.000,0.000,-0.040,-0.054
545.01,0.105,0,0.465,0.535,1,0.000,0.000,0.000,0.000,0.000,0.000,-0.037,-0.054
545.21,0.105,0,0.465,0.535,1,0.000,0.000,0.000,0.000,0.000,0.000,-0.037,-0.054
545.41,0.105,0,0.466,0.535,1,0.000,0.000,0.000,0.000,0.000,0.000,-0.032,-0.049
545.61,0.106,0,0.466,0.535,1,0.000,0.000,0.000,0.000,0.000,0.000,-0.035,-0.056
545.81,0.105,0,0.466,0.535,1,0.000,0.000,0.000,0.000,0.000,0.000,-0.041,-0.052
546.01,0.105,0,0.466,0.535,1,0.000,0.000,0.000,0.000,0.000,0.000,-0.038,-0.051
546.21,0.106,0,0.466,0.535,1,0.000,0.000,0.000,0.000,0.000,0.000,-0.038,-0.051
546.41,0.105,0,0.466,0.534,1,0.000,0.000,0.000,0.000,0.000,0.000,-0.034,-0.052
546.61,0.106,0,0.466,0.534,1,0.000,0.000,0.000,0.000,0.000,0.000,-0.037,-0.049
546.81,0.106,0,0.466,0.534,1,0.000,0.000,0.000,0.000,0.000,0.000,-0.036,-0.047
547.01,0.105,0,0.466,0.535,1,0.000,0.000,0.000,0.000,0.000,0.000,-0.038,-0.042
547.21,0.105,0,0.466,0.535,1,0.000,0.000,0.000,0.000,0.000,0.000,-0.038,-0.042
547.41,0.105,0,0.465,0.535,1,0.000,0.000,0.000,0.000,0.000,0.000,-0.035,-0.048
547.61,0.105,0,0.465,0.535,1,0.000,0.000,0.000,0.000,0.000,0.000,-0.035,-0.048
547.81,0.105,0,0.465,0.535,1,0.000,0.000,0.000,0.000,0.000,0.000,-0.040,-0.053
548.01,0.106,0,0.466,0.535,1,0.000,0.000,0.000,0.000,0.000,0.000,-0.044,-0.063
548.21,0.105,0,0.466,0.535,1,0.000,0.000,0.000,0.000,0.000,0.000,-0.044,-0.063
548.41,0.106,0,0.466,0.535,1,0.000,0.000,0.000,0.000,0.000,0.000,-0.040,-0.059
548.61,0.104,0,0.466,0.535,1,0.000,0.000,0.000,0.000,0.000,0.000,-0.040,-0.048
548.81,0.104,0,0.466,0.535,1,0.000,0.000,0.000,0.000,0.000,0.000,-0.037,-0.048
549.01,0.105,0,0.462,0.535,1,0.000,0.000,0.000,0.000,0.000,0.000,-0.037,-0.048
549.21,0.105,0,0.462,0.535,1,0.000,0.000,0.000,0.000,0.000,0.000,-0.037,-0.053
549.41,0.105,0,0.462,0.535,1,0.000,0.000,0.000,0.000,0.000,0.000,-0.045,-0.040
549.61,0.105,0,0.462,0.535,1,0.000,0.000,0.000,0.000,0.000,0.000,-0.045,-0.040
549.81,0.105,0,0.462,0.535,1,0.000,0.000,0.000,0.000,0.000,0.000,-0.044,-0.041
550.01,0.105,0,0.466,0.535,1,0.000,0.000,0.000,0.000,0.000,0.000,-0.044,-0.041
550.21,0.105,0,0.466,0.535,1,0.000,0.000,0.000,0.000,0.000,0.000,-0.035,-0.051
550.41,0.105,0,0.462,0.535,1,0.000,0.000,0.000,0.000,0.000,0.000,-0.043,-0.047
550.61,0.457,0,0.462,0.535,1,0.000,0.000,0.000,0.000,0.000,0.000,-0.040,-0.045
550.81,0.457,0,0.462,0.535,1,0.000,0.000,0.000,0.000,0.000,0.000,-0.045,-0.057
551.01,0.105,0,0.466,0.535,1,0.000,0.000,0.000,0.000,0.000,0.000,-0.045,-0.057
551.21,0.106,0,0.466,0.535,1,0.000,0.000,0.000,0.000,0.000,0.000,-0.042,-0.061
551.41,0.105,0,0.466,0.535,1,0.000,0.000,0.000,0.000,0.000,0.000,-0.043,-0.052
551.61,0.105,0,0.466,0.535,1,0.000,0.000,0.000,0.000,0.000,0.000,-0.038,-0.061
551.81,0.105,0,0.466,0.535,1,0.000,0.000,0.000,0.000,0.000,0.000,-0.038,-0.053
552.01,0.104,0,0.464,0.535,1,0.000,0.000,0.000,0.000,0.000,0.000,-0.038,-0.053
552.21,0.106,0,0.464,0.535,1,0.000,0.000,0.000,0.000,0.000,0.000,-0.047,-0.057
552.41,0.105,0,0.466,0.534,1,0.000,0.000,0.000,0.000,0.000,0.000,-0.041,-0.054
552.61,0.105,0,0.466,0.534,1,0.000,0.000,0.000,0.000,0.000,0.000,-0.037,-0.050
552.81,0.105,0,0.466,0.534,1,0.000,0.000,0.000,0.000,0.000,0.000,-0.037,-0.050
553.01,0.105,0,0.465,0.535,1,0.000,0.000,0.000,0.000,0.000,0.000,-0.039,-0.055
553.21,0.106,0,0.465,0.535,1,0.000,0.000,0.000,0.000,0.000,0.000,-0.040,-0.044
553.41,0.106,0,0.466,0.535,1,0.000,0.000,0.000,0.000,0.000,0.000,-0.042,-0.050
553.61,0.106,0,0.466,0.535,1,0.000,0.000,0.000,0.000,0.000,0.000,-0.046,-0.047
553.81,0.106,0,0.466,0.535,1,0.000,0.000,0.000,0.000,0.000,0.000,-0.046,-0.047
554.01,0.105,0,0.466,0.535,1,0.000,0.000,0.000,0.000,0.000,0.000,-0.038,-0.055
554.21,0.105,0,0.466,0.535,1,0.000,0.000,0.000,0.000,0.000,0.000,-0.043,-0.046
554.41,0.105,0,0.466,0.535,1,0.000,0.000,0.000,0.000,0.000,0.000,-0.043,-0.044
554.61,0.105,0,0.466,0.535,1,0.000,0.000,0.000,0.000,0.000,0.000,-0.038,-0.049
554.81,0.104,0,0.466,0.535,1,0.000,0.000,0.000,0.000,0.000,0.000,-0.038,-0.049
555.01,0.104,0,0.466,0.535,1,0.000,0.000,0.000,0.000,0.000,0.000,-0.043,-0.054
555.21,0.106,0,0.466,0.535,1,0.000,0.000,0.000,0.000,0.000,0.000,-0.042,-0.060
555.41,0.105,0,0.466,0.535,1,0.000,0.000,0.000,0.000,0.000,0.000,-0.045,-0.050
555.61,0.105,0,0.466,0.535,1,0.000,0.000,0.000,0.000,0.000,0.000,-0.038,-0.051
555.81,0.105,0,0.466,0.535,1,0.000,0.000,0.000,0.000,0.000,0.000,-0.038,-0.051
556.01,0.104,0,0.466,0.535,1,0.000,0.000,0.000,0.000,0.000,0.000,-0.047,-0.052
556.21,0.106,0,0.466,0.535,1,0.000,0.000,0.000,0.000,0.000,0.000,-0.040,-0.050
556.41,0.106,0,0.463,0.535,1,0.000,0.000,0.000,0.000,0.000,0.000,-0.041,-0.060
556.61,0.105,0,0.463,0.535,1,0.000,0.000,0.000,0.000,0.000,0.000,-0.037,-0.051
556.81,0.105,0,0.463,0.535,1,0.000,0.000,0.000,0.000,0.000,0.000,-0.037,-0.051
557.01,0.105,0,0.462,0.535,1,0.000,0.000,0.000,0.000,0.000,0.000,-0.044,-0.053
557.21,0.105,0,0.462,0.535,1,0.000,0.000,0.000,0.000,0.000,0.000,-0.045,-0.046
557.41,0.105,0,0.466,0.535,1,0.000,0.000,0.000,0.000,0.000,0.000,-0.045,-0.043
557.61,0.106,0,0.466,0.535,1,0.000,0.000,0.000,0.000,0.000,0.000,-0.045,-0.043
557.81,0.105,0,0.466,0.535,1,0.000,0.000,0.000,0.000,0.000,0.000,-0.047,-0.051
558.01,0.106,0,0.466,0.535,1,0.000,0.000,0.000,0.000,0.000,0.000,-0.048,-0.052
558.21,0.105,0,0.466,0.535,1,0.000,0.000,0.000,0.000,0.000,0.000,-0.044,-0.050
558.41,0.105,0,0.466,0.535,1,0.000,0.000,0.000,0.000,0.000,0.000,-0.044,-0.045
558.61,0.105,0,0.466,0.535,1,0.000,0.000,0.000,0.000,0.000,0.000,-0.044,-0.045
558.81,0.105,0,0.466,0.535,1,0.000,0.000,0.000,0.000,0.000,0.000,-0.043,-0.055
559.01,0.105,0,0.463,0.535,1,0.000,0.000,0.000,0.000,0.000,0.000,-0.042,-0.053
559.21,0.105,0,0.463,0.535,1,0.000,0.000,0.000,0.000,0.000,0.000,-0.045,-0.050
559.41,0.105,0,0.464,0.535,1,0.000,0.000,0.000,0.000,0.000,0.000,-0.045,-0.053
559.61,0.106,0,0.464,0.535,1,0.000,0.000,0.000,0.000,0.000,0.000,-0.045,-0.053
559.81,0.105,0,0.464,0.535,1,0.000,0.000,0.000,0.000,0.000,0.000,-0.045,-0.046
560.01,0.105,0,0.466,0.535,1,0.000,0.000,0.000,0.000,0.000,0.000,-0.043,-0.051
560.21,0.105,0,0.466,0.535,1,0.000,0.000,0.000,0.000,0.000,0.000,-0.043,-0.059
560.41,0.105,0,0.466,0.535,1,0.000,0.000,0.000,0.000,0.000,0.000,-0.050,-0.053
560.61,0.105,0,0.466,0.535,1,0.000,0.000,0.000,0.000,0.000,0.000,-0.050,-0.053
560.81,0.105,0,0.466,0.535,1,0.000,0.000,0.000,0.000,0.000,0.000,-0.049,-0.051
561.01,0.105,0,0.462,0.535,1,0.000,0.000,0.000,0.000,0.000,0.000,-0.042,-0.048
561.21,0.105,0,0.462,0.535,1,0.000,0.000,0.000,0.000,0.000,0.000,-0.043,-0.048
561.41,0.105,0,0.466,0.535,1,0.000,0.000,0.000,0.000,0.000,0.000,-0.043,-0.048
561.61,0.105,0,0.466,0.535,1,0.000,0.000,0.000,0.000,0.000,0.000,-0.046,-0.051
561.81,0.105,0,0.466,0.535,1,0.000,0.000,0.000,0.000,0.000,0.000,-0.047,-0.051
562.01,0.105,0,0.466,0.535,1,0.000,0.000,0.000,0.000,0.000,0.000,-0.047,-0.044
562.21,0.105,0,0.466,0.535,1,0.000,0.000,0.000,0.000,0.000,0.000,-0.039,-0.047
562.41,0.105,0,0.463,0.535,1,0.000,0.000,0.000,0.000,0.000,0.000,-0.039,-0.047
562.61,0.105,0,0.463,0.535,1,0.000,0.000,0.000,0.000,0.000,0.000,-0.044,-0.048
562.81,0.105,0,0.463,0.535,1,0.000,0.000,0.000,0.000,0.000,0.000,-0.046,-0.047
563.01,0.106,0,0.466,0.535,1,0.000,0.000,0.000,0.000,0.000,0.000,-0.047,-0.049
563.21,0.106,0,0.466,0.535,1,0.000,0.000,0.000,0.000,0.000,0.000,-0.046,-0.045
563.41,0.105,0,0.465,0.535,1,0.000,0.000,0.000,0.000,0.000,0.000,-0.046,-0.045
563.61,0.104,0,0.465,0.535,1,0.000,0.000,0.000,0.000,0.000,0.000,-0.045,-0.047
563.81,0.104,0,0.465,0.535,1,0.000,0.000,0.000,0.000,0.000,0.000,-0.047,-0.046
564.01,0.105,0,0.465,0.534,1,0.000,0.000,0.000,0.000,0.000,0.000,-0.039,-0.050
564.21,0.105,0,0.465,0.534,1,0.000,0.000,0.000,0.000,0.000,0.000,-0.044,-0.043
564.41,0.106,0,0.464,0.529,1,0.000,0.000,0.000,0.000,0.000,0.000,-0.044,-0.043
564.61,0.105,0,0.464,0.529,1,0.000,0.000,0.000,0.000,0.000,0.000,-0.038,-0.033
564.81,0.105,0,0.464,0.529,1,0.000,0.000,0.000,0.000,0.000,0.000,-0.039,-0.053
565.01,0.105,0,0.463,0.530,1,0.000,0.000,0.000,0.000,0.000,0.000,-0.035,-0.052
565.21,0.104,0,0.463,0.530,1,0.000,0.000,0.000,0.000,0.000,0.000,-0.029,-0.046
565.41,0.106,0,0.463,0.530,1,0.000,0.000,0.000,0.000,0.000,0.000,-0.029,-0.046
565.61,0.105,0,0.463,0.530,1,0.000,0.000,0.000,0.000,0.000,0.000,-0.025,-0.043
565.81,0.106,0,0.463,0.530,1,0.000,0.000,0.000,0.000,0.000,0.000,-0.032,-0.028
566.01,0.106,0,0.463,0.530,1,0.000,0.000,0.000,0.000,0.000,0.000,-0.029,-0.015
566.21,0.105,0,0.463,0.530,1,0.000,0.000,0.000,0.000,0.000,0.000,-0.029,-0.015
566.41,0.106,0,0.463,0.530,1,0.000,0.000,0.000,0.000,0.000,0.000,-0.025,-0.003
566.61,0.105,0,0.463,0.530,1,0.000,0.000,0.000,0.000,0.000,0.000,-0.025,-0.010
566.81,0.105,0,0.463,0.530,1,0.000,0.000,0.000,0.000,0.000,0.000,-0.025,0.008
567.01,0.105,0,0.459,0.529,1,0.000,0.000,0.000,0.000,0.000,0.000,-0.026,0.015
567.21,0.104,0,0.459,0.529,1,0.000,0.000,0.000,0.000,0.000,0.000,-0.026,0.015
567.41,0.105,0,0.463,0.529,1,0.000,0.000,0.000,0.000,0.000,0.000,-0.030,0.001
567.61,0.106,0,0.463,0.529,1,0.000,0.000,0.000,0.000,0.000,0.000,-0.021,0.006
567.81,0.105,0,0.463,0.529,1,0.000,0.000,0.000,0.000,0.000,0.000,-0.028,-0.004
568.01,0.105,0,0.463,0.529,1,0.000,0.000,0.000,0.000,0.000,0.000,-0.024,0.001
568.21,0.105,0,0.463,0.529,1,0.000,0.000,0.000,0.000,0.000,0.000,-0.024,0.001
568.41,0.105,0,0.464,0.530,1,0.000,0.000,0.000,0.000,0.000,0.000,-0.022,0.008
568.61,0.106,0,0.464,0.530,1,0.000,0.000,0.000,0.000,0.000,0.000,-0.022,0.007
568.81,0.106,0,0.464,0.530,1,0.000,0.000,0.000,0.000,0.000,0.000,-0.041,0.001
569.01,0.106,0,0.461,0.525,1,0.000,0.000,0.000,0.000,0.000,0.000,0.010,-0.004
569.21,0.106,0,0.461,0.525,1,0.000,0.000,0.000,0.000,0.000,0.000,0.010,-0.004
569.41,0.105,0,0.459,0.516,1,0.000,0.000,0.000,0.000,0.000,0.000,-0.023,-0.008
569.61,0.106,0,0.459,0.516,1,0.000,0.000,0.000,0.000,0.000,0.000,-0.020,0.026
569.81,0.106,0,0.459,0.516,1,0.000,0.000,0.000,0.000,0.000,0.000,0.011,0.096
570.01,0.237,0,0.470,0.511,1,0.000,0.000,0.000,0.000,0.000,0.000,0.031,0.125
570.21,0.105,0,0.470,0.511,1,0.000,0.000,0.000,0.000,0.000,0.000,0.031,0.125
570.41,0.105,0,0.484,0.537,1,0.000,0.000,0.000,0.000,0.000,0.000,-0.018,0.138
570.61,0.196,0,0.484,0.537,1,0.000,0.000,0.000,0.000,0.000,0.000,-0.061,0.127
570.81,0.196,0,0.484,0.537,1,0.000,0.000,0.000,0.000,0.000,0.000,-0.046,0.101
571.01,0.224,0,0.494,0.537,1,0.000,0.000,0.000,0.000,0.000,0.000,-0.046,0.101
571.21,0.236,0,0.494,0.537,1,0.000,0.000,0.000,0.000,0.000,0.000,-0.050,0.124
571.41,0.105,0,0.483,0.541,1,0.000,0.000,0.000,0.000,0.000,0.000,-0.005,0.085
571.61,0.105,0,0.483,0.541,1,0.000,0.000,0.000,0.000,0.000,0.000,0.013,0.093
571.81,0.105,0,0.483,0.541,1,0.000,0.000,0.000,0.000,0.000,0.000,0.030,0.056
572.01,0.105,0,0.443,0.507,1,0.000,0.000,0.000,0.000,0.000,0.000,0.030,0.056
572.21,0.105,0,0.443,0.507,1,0.000,0.000,0.000,0.000,0.000,0.000,0.046,0.057
572.41,0.106,0,0.410,0.477,1,0.000,0.000,0.000,0.000,0.000,0.000,0.066,0.021
572.61,0.105,0,0.410,0.477,1,0.000,0.000,0.000,0.000,0.000,0.000,0.088,0.105
572.81,0.105,0,0.410,0.477,1,0.000,0.000,0.000,0.000,0.000,0.000,0.058,0.090
573.01,0.106,0,0.428,0.491,1,0.000,0.000,0.000,0.000,0.000,0.000,0.058,0.090
573.21,0.105,0,0.428,0.491,1,0.000,0.000,0.000,0.000,0.000,0.000,0.058,0.038
573.41,0.105,0,0.411,0.480,1,0.000,0.000,0.000,0.000,0.000,0.000,0.062,0.022
573.61,0.105,0,0.411,0.480,1,0.000,0.000,0.000,0.000,0.000,0.000,0.034,0.018
573.81,0.105,0,0.411,0.480,1,0.000,0.000,0.000,0.000,0.000,0.000,0.051,0.018
574.01,0.105,0,0.423,0.480,1,0.000,0.000,0.000,0.000,0.000,0.000,0.051,0.018
574.21,0.105,0,0.423,0.480,1,0.000,0.000,0.000,0.000,0.000,0.000,0.043,0.011
574.41,0.105,0,0.423,0.480,1,0.000,0.000,0.000,0.000,0.000,0.000,0.045,0.022
574.61,0.105,0,0.423,0.480,1,0.000,0.000,0.000,0.000,0.000,0.000,0.040,0.015
574.81,0.105,0,0.423,0.480,1,0.000,0.000,0.000,0.000,0.000,0.000,0.040,0.015
575.01,0.105,0,0.435,0.491,1,0.000,0.000,0.000,0.000,0.000,0.000,0.007,0.014
575.21,0.105,0,0.435,0.491,1,0.000,0.000,0.000,0.000,0.000,0.000,-0.019,0.016
575.41,0.105,0,0.430,0.481,1,0.000,0.000,0.000,0.000,0.000,0.000,-0.001,-0.000
575.61,0.105,0,0.430,0.481,1,0.000,0.000,0.000,0.000,0.000,0.000,0.007,-0.007
575.81,0.105,0,0.430,0.481,1,0.000,0.000,0.000,0.000,0.000,0.000,0.007,-0.007
576.01,0.106,0,0.448,0.504,1,0.000,0.000,0.000,0.000,0.000,0.000,-0.021,0.111
576.21,0.106,0,0.448,0.504,1,0.000,0.000,0.000,0.000,0.000,0.000,0.000,0.000
576.41,0.105,0,3.560,0.671,0,0.000,0.000,0.000,0.000,0.000,0.000,0.000,0.000
576.61,0.105,0,3.560,0.671,0,0.000,0.000,0.000,0.000,0.000,0.000,0.000,0.000
576.81,0.299,0,3.560,0.671,0,0.000,0.000,0.000,0.000,0.000,0.000,0.000,0.000
577.01,0.300,0,0.355,0.803,0,0.000,0.000,0.000,0.000,0.000,0.000,0.000,0.000
577.21,0.320,0,0.355,0.803,0,0.000,0.000,0.000,0.000,0.000,0.000,0.000,0.000
577.41,0.320,0,0.483,0.557,1,0.000,0.000,0.000,0.000,0.000,0.000,0.000,0.000
577.61,0.350,0,0.483,0.557,1,0.000,0.000,0.000,0.000,0.000,0.000,0.000,0.000
577.81,0.106,0,0.483,0.557,1,0.000,0.000,0.000,0.000,0.000,0.000,0.000,0.000
578.01,0.105,0,0.454,0.488,1,0.000,0.000,0.000,0.000,0.000,0.000,0.000,0.000
578.21,0.358,0,0.454,0.488,1,0.000,0.000,0.000,0.000,0.000,0.000,0.000,0.000
578.41,0.358,0,0.449,0.467,1,0.000,0.000,0.000,0.000,0.000,0.000,0.000,0.000
578.61,0.351,0,0.449,0.467,1,0.000,0.000,0.000,0.000,0.000,0.000,0.000,0.000
578.81,0.348,0,0.449,0.467,1,0.000,0.000,0.000,0.000,0.000,0.000,0.000,0.000
579.01,0.377,0,0.444,0.705,0,0.000,0.000,0.000,0.000,0.000,0.000,0.000,0.000
579.21,0.407,0,0.444,0.705,0,0.000,0.000,0.000,0.000,0.000,0.000,0.000,0.000
579.41,0.407,0,0.450,0.705,0,0.000,0.000,0.000,0.000,0.000,0.000,0.000,0.000
579.61,0.424,0,0.450,0.705,0,0.000,0.000,0.000,0.000,0.000,0.000,0.000,0.000
579.81,0.436,0,0.450,0.705,0,0.000,0.000,0.000,0.000,0.000,0.000,0.000,0.000
580.01,0.438,0,0.445,0.704,0,0.000,0.000,0.000,0.000,0.000,0.000,0.000,0.000
580.21,0.439,0,0.445,0.704,0,0.000,0.000,0.000,0.000,0.000,0.000,0.000,0.000
580.41,0.439,0,0.448,0.680,0,0.000,0.000,0.000,0.000,0.000,0.000,0.000,0.000
580.61,0.431,0,0.448,0.680,0,0.000,0.000,0.000,0.000,0.000,0.000,0.000,0.000
580.81,0.444,0,0.448,0.680,0,0.000,0.000,0.000,0.000,0.000,0.000,0.000,0.000
581.01,0.444,0,0.496,0.640,1,0.000,0.000,0.000,0.000,0.000,0.000,0.000,0.000
581.21,0.444,0,0.496,0.640,1,0.000,0.000,0.000,0.000,0.000,0.000,0.000,0.000
581.41,0.424,0,0.617,0.623,1,0.000,0.000,0.000,0.000,0.000,0.000,0.000,0.000
581.61,0.400,0,0.617,0.623,1,0.000,0.000,0.000,0.000,0.000,0.000,0.000,0.000
581.81,0.378,0,0.617,0.623,1,0.000,0.000,0.000,0.000,0.000,0.000,0.000,0.000
582.01,0.359,0,0.400,0.690,0,0.000,0.000,0.000,0.000,0.000,0.000,0.000,0.000
582.21,0.359,0,0.400,0.690,0,0.000,0.000,0.000,0.000,0.000,0.000,0.000,0.000
582.41,0.348,0,0.370,0.696,0,0.000,0.000,0.000,0.000,0.000,0.000,0.000,0.000
582.61,0.361,0,0.370,0.696,0,0.000,0.000,0.000,0.000,0.000,0.000,0.000,0.000
582.81,0.393,0,0.370,0.696,0,0.000,0.000,0.000,0.000,0.000,0.000,0.000,0.000
583.01,0.457,0,0.426,0.696,0,0.000,0.000,0.000,0.000,0.000,0.000,0.000,0.000
583.21,0.457,0,0.426,0.696,0,0.000,0.000,0.000,0.000,0.000,0.000,0.000,0.000
583.41,0.502,0,3.393,0.697,0,0.000,0.000,0.000,0.000,0.000,0.000,0.000,0.000
583.61,0.517,0,3.393,0.697,0,0.000,0.000,0.000,0.000,0.000,0.000,0.000,0.000
583.81,0.530,0,3.393,0.697,0,0.000,0.000,0.000,0.000,0.000,0.000,0.000,0.000
584.01,0.501,0,3.055,0.696,0,0.000,0.000,0.000,0.000,0.000,0.000,0.000,0.000
584.21,0.501,0,3.055,0.696,0,0.000,0.000,0.000,0.000,0.000,0.000,0.000,0.000
584.41,0.484,0,2.859,0.697,0,0.000,0.000,0.000,0.000,0.000,0.000,0.000,0.000
584.61,0.488,0,2.859,0.697,0,0.000,0.000,0.000,0.000,0.000,0.000,0.000,0.000
584.81,0.487,0,2.859,0.697,0,0.000,0.000,0.000,0.000,0.000,0.000,0.000,0.000
585.01,0.487,0,0.578,0.696,1,0.000,0.000,0.000,0.000,0.000,0.000,0.000,0.000
585.21,0.480,0,0.578,0.696,1,0.000,0.000,0.000,0.000,0.000,0.000,0.000,0.000
585.41,0.471,0,0.544,0.696,1,0.000,0.000,0.000,0.000,0.000,0.000,0.000,0.000
585.61,0.454,0,0.544,0.696,1,0.000,0.000,0.000,0.000,0.000,0.000,0.000,0.000
585.81,0.409,0,0.544,0.696,1,0.000,0.000,0.000,0.000,0.000,0.000,0.000,0.000
586.01,0.409,0,0.569,0.696,1,0.000,0.000,0.000,0.000,0.000,0.000,0.000,0.000
586.21,0.397,0,0.569,0.696,1,0.000,0.000,0.000,0.000,0.000,0.000,0.000,0.000
586.41,0.395,0,2.954,0.695,0,0.000,0.000,0.000,0.000,0.000,0.000,0.000,0.000
586.61,0.398,0,2.954,0.695,0,0.000,0.000,0.000,0.000,0.000,0.000,0.000,0.000
586.81,0.107,0,2.954,0.695,0,0.000,0.000,0.000,0.000,0.000,0.000,0.000,0.000
587.01,0.107,0,2.950,2.511,0,0.000,0.000,0.000,0.000,0.000,0.000,0.000,0.000
587.21,0.393,0,2.950,2.511,0,0.000,0.000,0.000,0.000,0.000,0.000,0.000,0.000
587.41,0.105,0,2.968,3.525,0,0.000,0.000,0.000,0.000,0.000,0.000,0.000,0.000
587.61,0.105,0,2.968,3.525,0,0.000,0.000,0.000,0.000,0.000,0.000,0.000,0.000
587.81,0.105,0,2.968,3.525,0,0.000,0.000,0.000,0.000,0.000,0.000,0.000,0.000
588.01,0.105,0,3.724,3.805,1,0.000,0.000,0.000,0.000,0.000,0.000,0.000,0.000
588.21,0.346,0,3.724,3.805,1,0.000,0.000,0.000,0.000,0.000,0.000,0.000,0.000
588.41,0.335,0,3.354,3.797,0,0.000,0.000,0.000,0.000,0.000,0.000,0.000,0.000
588.61,0.105,0,3.354,3.797,0,0.000,0.000,0.000,0.000,0.000,0.000,0.000,0.000
588.81,0.105,0,3.354,3.797,0,0.000,0.000,0.000,0.000,0.000,0.000,0.000,0.000
589.01,0.106,0,3.710,3.802,1,0.000,0.000,0.000,0.000,0.000,0.000,0.000,0.000
589.21,0.106,0,3.710,3.802,1,0.000,0.000,0.000,0.000,0.000,0.000,0.000,0.000
589.41,0.105,0,3.672,3.749,1,0.000,0.000,0.000,0.000,0.000,0.000,0.000,0.000
589.61,0.369,0,3.672,3.749,1,0.000,0.000,0.000,0.000,0.000,0.000,0.000,0.000
589.81,0.369,0,3.672,3.749,1,0.000,0.000,0.000,0.000,0.000,0.000,0.000,0.000
590.01,0.106,0,3.676,3.724,1,0.000,0.000,0.000,0.000,0.000,0.000,0.000,0.000
590.21,0.105,0,3.676,3.724,1,0.000,0.000,0.000,0.000,0.000,0.000,0.000,0.000
590.41,0.105,0,2.930,3.137,0,0.000,0.000,0.000,0.000,0.000,0.000,0.000,0.000
590.61,0.105,0,2.930,3.137,0,0.000,0.000,0.000,0.000,0.000,0.000,0.000,0.000
590.81,0.105,0,2.930,3.137,0,0.000,0.000,0.000,0.000,0.000,0.000,0.000,0.000
591.01,0.104,0,2.916,2.479,0,0.000,0.000,0.000,0.000,0.000,0.000,0.000,0.000
591.21,0.105,0,2.916,2.479,0,0.000,0.000,0.000,0.000,0.000,0.000,0.000,0.000
591.41,0.105,0,2.918,2.447,0,0.000,0.000,0.000,0.000,0.000,0.000,0.000,0.000
591.61,0.105,0,2.918,2.447,0,0.000,0.000,0.000,0.000,0.000,0.000,0.000,0.000
591.81,0.105,0,2.918,2.447,0,0.000,0.000,0.000,0.000,0.000,0.000,0.000,0.000
592.01,0.105,0,2.913,2.449,0,0.000,0.000,0.000,0.000,0.000,0.000,0.000,0.000
592.21,0.105,0,2.913,2.449,0,0.000,0.000,0.000,0.000,0.000,0.000,0.000,0.000
592.41,0.105,0,2.918,2.451,0,0.000,0.000,0.000,0.000,0.000,0.000,0.000,0.000
592.61,0.105,0,2.918,2.451,0,0.000,0.000,0.000,0.000,0.000,0.000,0.000,0.000
592.81,0.105,0,2.918,2.451,0,0.000,0.000,0.000,0.000,0.000,0.000,0.000,0.000
593.01,0.106,0,2.916,2.445,0,0.000,0.000,0.000,0.000,0.000,0.000,0.000,0.000
593.21,0.105,0,2.916,2.445,0,0.000,0.000,0.000,0.000,0.000,0.000,0.000,0.000
593.41,0.105,0,0.444,0.680,0,0.000,0.000,0.000,0.000,0.000,0.000,0.000,0.000
593.61,0.105,0,0.444,0.680,0,0.000,0.000,0.000,0.000,0.000,0.000,0.000,0.000
593.81,0.435,0,0.444,0.680,0,0.000,0.000,0.000,0.000,0.000,0.000,0.000,0.000
594.01,0.446,0,0.605,0.585,1,0.000,0.000,0.000,0.000,0.000,0.000,0.000,0.000
594.21,0.434,0,0.605,0.585,1,0.000,0.000,0.000,0.000,0.000,0.000,0.000,0.000
594.41,0.427,0,0.592,0.588,1,0.000,0.000,0.000,0.000,0.000,0.000,0.000,0.000
594.61,0.427,0,0.592,0.588,1,0.000,0.000,0.000,0.000,0.000,0.000,0.000,0.000
594.81,0.421,0,0.592,0.588,1,0.000,0.000,0.000,0.000,0.000,0.000,0.000,0.000
595.01,0.414,0,0.429,0.585,1,0.000,0.000,0.000,0.000,0.000,0.000,0.000,0.000
595.21,0.419,0,0.429,0.585,1,0.000,0.000,0.000,0.000,0.000,0.000,0.000,0.000
595.41,0.410,0,0.428,0.584,1,0.000,0.000,0.000,0.000,0.000,0.000,0.000,0.000
595.61,0.410,0,0.428,0.584,1,0.000,0.000,0.000,0.000,0.000,0.000,0.000,0.000
595.81,0.403,0,0.428,0.584,1,0.000,0.000,0.000,0.000,0.000,0.000,0.000,0.000
596.01,0.399,0,0.418,0.632,0,0.000,0.000,0.000,0.000,0.000,0.000,0.000,0.000
596.21,0.441,0,0.418,0.632,0,0.000,0.000,0.000,0.000,0.000,0.000,0.000,0.000
596.41,0.439,0,0.583,0.632,1,0.000,0.000,0.000,0.000,0.000,0.000,0.000,0.000
596.61,0.439,0,0.583,0.632,1,0.000,0.000,0.000,0.000,0.000,0.000,0.000,0.000
596.81,0.393,0,0.583,0.632,1,0.000,0.000,0.000,0.000,0.000,0.000,0.000,0.000
597.01,0.382,0,0.583,0.633,1,0.000,0.000,0.000,0.000,0.000,0.000,0.000,0.000
597.21,0.364,0,0.583,0.633,1,0.000,0.000,0.000,0.000,0.000,0.000,0.000,0.000
597.41,0.364,0,0.584,0.634,1,0.000,0.000,0.000,0.000,0.000,0.000,0.000,0.000
597.61,0.366,0,0.584,0.634,1,0.000,0.000,0.000,0.000,0.000,0.000,0.000,0.000
597.81,0.373,0,0.584,0.634,1,0.000,0.000,0.000,0.000,0.000,0.000,0.000,0.000
598.01,0.106,0,0.588,0.509,1,0.000,0.000,0.000,0.000,0.000,0.000,0.000,0.000
598.21,0.105,0,0.588,0.509,1,0.000,0.000,0.000,0.000,0.000,0.000,0.000,0.000
598.41,0.105,0,0.477,0.526,1,0.000,0.000,0.000,0.000,0.000,0.000,0.000,0.000
598.61,0.105,0,0.477,0.526,1,0.000,0.000,0.000,0.000,0.000,0.000,0.000,0.000
598.81,0.105,0,0.477,0.526,1,0.000,0.000,0.000,0.000,0.000,0.000,0.000,0.000
599.01,0.105,0,0.479,0.535,1,0.000,0.000,0.000,0.000,0.000,0.000,0.000,0.000
599.21,0.105,0,0.479,0.535,1,0.000,0.000,0.000,0.000,0.000,0.000,0.000,0.000
599.41,0.105,0,0.476,0.535,1,0.000,0.000,0.000,0.000,0.000,0.000,0.000,0.000
599.61,0.105,0,0.476,0.535,1,0.000,0.000,0.000,0.000,0.000,0.000,0.000,0.000
599.81,0.106,0,0.476,0.535,1,0.000,0.000,0.000,0.000,0.000,0.000,0.000,0.000
600.01,0.382,0,0.479,0.603,1,0.000,0.000,0.000,0.000,0.000,0.000,0.000,0.000
600.21,0.350,0,0.479,0.603,1,0.000,0.000,0.000,0.000,0.000,0.000,0.000,0.000
600.41,0.350,0,0.394,0.791,0,0.000,0.000,0.000,0.000,0.000,0.000,0.000,0.000
600.61,0.334,0,0.394,0.791,0,0.000,0.000,0.000,0.000,0.000,0.000,0.000,0.000
600.81,0.371,0,0.394,0.791,0,0.000,0.000,0.000,0.000,0.000,0.000,0.000,0.000
601.01,0.356,0,0.401,0.788,0,0.000,0.000,0.000,0.000,0.000,0.000,0.000,0.000
601.21,0.356,0,0.401,0.788,0,0.000,0.000,0.000,0.000,0.000,0.000,0.000,0.000
601.41,0.334,0,0.346,0.778,0,0.000,0.000,0.000,0.000,0.000,0.000,0.000,0.000
601.61,0.314,0,0.346,0.778,0,0.000,0.000,0.000,0.000,0.000,0.000,0.000,0.000
601.81,0.298,0,0.346,0.778,0,0.000,0.000,0.000,0.000,0.000,0.000,0.000,0.000
602.01,0.290,0,0.311,0.435,1,0.000,0.000,0.000,0.000,0.000,0.000,0.000,0.000
602.21,0.290,0,0.311,0.435,1,0.000,0.000,0.000,0.000,0.000,0.000,0.000,0.000
602.41,0.292,0,0.306,0.418,1,0.000,0.000,0.000,0.000,0.000,0.000,0.000,0.000
602.61,0.295,0,0.306,0.418,1,0.000,0.000,0.000,0.000,0.000,0.000,0.000,0.000
602.81,0.296,0,0.306,0.418,1,0.000,0.000,0.000,0.000,0.000,0.000,0.000,0.000
603.01,0.105,0,0.309,0.406,1,0.000,0.000,0.000,0.000,0.000,0.000,0.000,0.000
603.21,0.105,0,0.309,0.406,1,0.000,0.000,0.000,0.000,0.000,0.000,0.000,0.000
603.41,0.105,0,0.342,0.416,1,0.000,0.000,0.000,0.000,0.000,0.000,0.000,0.000
603.61,0.105,0,0.342,0.416,1,0.000,0.000,0.000,0.000,0.000,0.000,0.000,0.000
603.81,0.105,0,0.342,0.416,1,0.000,0.000,0.000,0.000,0.000,0.000,0.000,0.000
604.01,0.105,0,0.306,0.408,1,0.000,0.000,0.000,0.000,0.000,0.000,0.000,0.000
604.21,0.274,0,0.306,0.408,1,0.000,0.000,0.000,0.000,0.000,0.000,0.000,0.000
604.41,0.252,0,0.268,0.571,0,0.000,0.000,0.000,0.000,0.000,0.000,0.000,0.000
604.61,0.263,0,0.268,0.571,0,0.000,0.000,0.000,0.000,0.000,0.000,0.000,0.000
604.81,0.317,0,0.268,0.571,0,0.000,0.000,0.000,0.000,0.000,0.000,0.000,0.000
605.01,0.317,0,0.444,0.575,1,0.000,0.000,0.000,0.000,0.000,0.000,0.000,0.000
605.21,0.367,0,0.444,0.575,1,0.000,0.000,0.000,0.000,0.000,0.000,0.000,0.000
605.41,0.382,0,0.444,0.577,1,0.000,0.000,0.000,0.000,0.000,0.000,0.000,0.000
605.61,0.380,0,0.444,0.577,1,0.000,0.000,0.000,0.000,0.000,0.000,0.000,0.000
605.81,0.378,0,0.444,0.577,1,0.000,0.000,0.000,0.000,0.000,0.000,0.000,0.000
606.01,0.378,0,0.445,0.571,1,0.000,0.000,0.000,0.000,0.000,0.000,0.000,0.000
606.21,0.375,0,0.445,0.571,1,0.000,0.000,0.000,0.000,0.000,0.000,0.000,0.000
606.41,0.383,0,0.424,0.481,1,0.000,0.000,0.000,0.000,0.000,0.000,0.000,0.000
606.61,0.105,0,0.424,0.481,1,0.000,0.000,0.000,0.000,0.000,0.000,0.000,0.000
606.81,0.105,0,0.424,0.481,1,0.000,0.000,0.000,0.000,0.000,0.000,0.000,0.000
607.01,0.105,0,0.423,0.481,1,0.000,0.000,0.000,0.000,0.000,0.000,0.000,0.000
607.21,0.106,0,0.423,0.481,1,0.000,0.000,0.000,0.000,0.000,0.000,0.000,0.000
607.41,0.105,0,0.424,0.481,1,0.000,0.000,0.000,0.000,0.000,0.000,0.000,0.000
607.61,0.105,0,0.424,0.481,1,0.000,0.000,0.000,0.000,0.000,0.000,0.000,0.000
607.81,0.105,0,0.424,0.481,1,0.000,0.000,0.000,0.000,0.000,0.000,0.000,0.000
608.01,0.105,0,0.425,0.481,1,0.000,0.000,0.000,0.000,0.000,0.000,0.000,0.000
608.21,0.106,0,0.425,0.481,1,0.000,0.000,0.000,0.000,0.000,0.000,0.000,0.000
608.41,0.105,0,0.425,0.481,1,0.000,0.000,0.000,0.000,0.000,0.000,0.000,0.000
608.61,0.105,0,0.425,0.481,1,0.000,0.000,0.000,0.000,0.000,0.000,0.000,0.000
608.81,0.105,0,0.425,0.481,1,0.000,0.000,0.000,0.000,0.000,0.000,0.000,0.000
609.01,0.105,0,0.424,0.481,1,0.000,0.000,0.000,0.000,0.000,0.000,0.000,0.000
609.21,0.105,0,0.424,0.481,1,0.000,0.000,0.000,0.000,0.000,0.000,0.000,0.000
609.41,0.105,0,0.421,0.481,1,0.000,0.000,0.000,0.000,0.000,0.000,0.000,0.000
609.61,0.105,0,0.421,0.481,1,0.000,0.000,0.000,0.000,0.000,0.000,0.000,0.000
609.81,0.105,0,0.421,0.481,1,0.000,0.000,0.000,0.000,0.000,0.000,0.000,0.000
610.01,0.105,0,0.424,0.481,1,0.000,0.000,0.000,0.000,0.000,0.000,0.000,0.000
610.21,0.105,0,0.424,0.481,1,0.000,0.000,0.000,0.000,0.000,0.000,0.000,0.000
610.41,0.105,0,0.424,0.481,1,0.000,0.000,0.000,0.000,0.000,0.000,0.000,0.000
610.61,0.105,0,0.424,0.481,1,0.000,0.000,0.000,0.000,0.000,0.000,0.000,0.000
610.81,0.105,0,0.424,0.481,1,0.000,0.000,0.000,0.000,0.000,0.000,0.000,0.000
611.01,0.105,0,0.421,0.481,1,0.000,0.000,0.000,0.000,0.000,0.000,0.000,0.000
611.21,0.106,0,0.421,0.481,1,0.000,0.000,0.000,0.000,0.000,0.000,0.000,0.000
611.41,0.105,0,0.424,0.481,1,0.000,0.000,0.000,0.000,0.000,0.000,0.000,0.000
611.61,0.105,0,0.424,0.481,1,0.000,0.000,0.000,0.000,0.000,0.000,0.000,0.000
611.81,0.106,0,0.424,0.481,1,0.000,0.000,0.000,0.000,0.000,0.000,0.000,0.000
612.01,0.106,0,0.423,0.481,1,0.000,0.000,0.000,0.000,0.000,0.000,0.000,0.000
612.21,0.105,0,0.423,0.481,1,0.000,0.000,0.000,0.000,0.000,0.000,0.000,0.000
612.41,0.105,0,0.425,0.481,1,0.000,0.000,0.000,0.000,0.000,0.000,0.000,0.000
612.61,0.105,0,0.425,0.481,1,0.000,0.000,0.000,0.000,0.000,0.000,0.000,0.000
612.81,0.106,0,0.425,0.481,1,0.000,0.000,0.000,0.000,0.000,0.000,0.000,0.000
613.01,0.105,0,0.424,0.481,1,0.000,0.000,0.000,0.000,0.000,0.000,0.000,0.000
613.21,0.105,0,0.424,0.481,1,0.000,0.000,0.000,0.000,0.000,0.000,0.000,0.000
613.41,0.105,0,0.422,0.481,1,0.000,0.000,0.000,0.000,0.000,0.000,0.000,0.000
613.61,0.105,0,0.422,0.481,1,0.000,0.000,0.000,0.000,0.000,0.000,0.000,0.000
613.81,0.105,0,0.422,0.481,1,0.000,0.000,0.000,0.000,0.000,0.000,0.000,0.000
614.01,0.105,0,0.423,0.481,1,0.000,0.000,0.000,0.000,0.000,0.000,0.000,0.000
614.21,0.105,0,0.423,0.481,1,0.000,0.000,0.000,0.000,0.000,0.000,0.000,0.000
614.41,0.105,0,0.424,0.481,1,0.000,0.000,0.000,0.000,0.000,0.000,0.000,0.000
614.61,0.105,0,0.424,0.481,1,0.000,0.000,0.000,0.000,0.000,0.000,0.000,0.000
614.81,0.106,0,0.424,0.481,1,0.000,0.000,0.000,0.000,0.000,0.000,0.000,0.000
615.01,0.105,0,0.424,0.481,1,0.000,0.000,0.000,0.000,0.000,0.000,0.000,0.000
615.21,0.106,0,0.424,0.481,1,0.000,0.000,0.000,0.000,0.000,0.000,0.000,0.000
615.41,0.106,0,0.424,0.481,1,0.000,0.000,0.000,0.000,0.000,0.000,0.000,0.000
615.61,0.105,0,0.424,0.481,1,0.000,0.000,0.000,0.000,0.000,0.000,0.000,0.000
615.81,0.105,0,0.424,0.481,1,0.000,0.000,0.000,0.000,0.000,0.000,0.000,0.000
616.01,0.105,0,0.420,0.486,1,0.000,0.000,0.000,0.000,0.000,0.000,0.000,0.000
616.21,0.105,0,0.420,0.486,1,0.000,0.000,0.000,0.000,0.000,0.000,0.000,0.000
616.41,0.105,0,0.420,0.490,1,0.000,0.000,0.000,0.000,0.000,0.000,0.000,0.000
616.61,0.105,0,0.420,0.490,1,0.000,0.000,0.000,0.000,0.000,0.000,0.000,0.000
616.81,0.105,0,0.420,0.490,1,0.000,0.000,0.000,0.000,0.000,0.000,0.000,0.000
617.01,0.105,0,0.417,0.482,1,0.000,0.000,0.000,0.000,0.000,0.000,0.000,0.000
617.21,0.105,0,0.417,0.482,1,0.000,0.000,0.000,0.000,0.000,0.000,0.000,0.000
617.41,0.105,0,0.415,0.480,1,0.000,0.000,0.000,0.000,0.000,0.000,0.000,0.000
617.61,0.106,0,0.415,0.480,1,0.000,0.000,0.000,0.000,0.000,0.000,0.000,0.000
617.81,0.105,0,0.415,0.480,1,0.000,0.000,0.000,0.000,0.000,0.000,0.000,0.000
618.01,0.105,0,0.414,0.481,1,0.000,0.000,0.000,0.000,0.000,0.000,0.000,0.000
618.21,0.105,0,0.414,0.481,1,0.000,0.000,0.000,0.000,0.000,0.000,0.000,0.000
618.41,0.105,0,0.413,0.484,1,0.000,0.000,0.000,0.000,0.000,0.000,0.000,0.000
618.61,0.105,0,0.413,0.484,1,0.000,0.000,0.000,0.000,0.000,0.000,0.000,0.000
618.81,0.105,0,0.413,0.484,1,0.000,0.000,0.000,0.000,0.000,0.000,0.000,0.000
619.01,0.105,0,0.423,0.481,1,0.000,0.000,0.000,0.000,0.000,0.000,0.000,0.000
619.21,0.105,0,0.423,0.481,1,0.000,0.000,0.000,0.000,0.000,0.000,0.000,0.000
619.41,0.106,0,0.418,0.477,1,0.000,0.000,0.000,0.000,0.000,0.000,0.000,0.000
619.61,0.106,0,0.418,0.477,1,0.000,0.000,0.000,0.000,0.000,0.000,0.000,0.000
619.81,0.105,0,0.418,0.477,1,0.000,0.000,0.000,0.000,0.000,0.000,0.000,0.000
620.01,0.105,0,0.419,0.478,1,0.000,0.000,0.000,0.000,0.000,0.000,0.000,0.000
620.21,0.105,0,0.419,0.478,1,0.000,0.000,0.000,0.000,0.000,0.000,0.000,0.000
620.41,0.105,0,0.415,0.476,1,0.000,0.000,0.000,0.000,0.000,0.000,0.000,0.000
620.61,0.105,0,0.415,0.476,1,0.000,0.000,0.000,0.000,0.000,0.000,0.000,0.000
620.81,0.105,0,0.415,0.476,1,0.000,0.000,0.000,0.000,0.000,0.000,0.000,0.000
621.01,0.105,0,0.413,0.475,1,0.000,0.000,0.000,0.000,0.000,0.000,0.000,0.000
621.21,0.105,0,0.413,0.475,1,0.000,0.000,0.000,0.000,0.000,0.000,0.000,0.000
621.41,0.105,0,0.412,0.476,1,0.000,0.000,0.000,0.000,0.000,0.000,0.000,0.000
621.61,0.105,0,0.412,0.476,1,0.000,0.000,0.000,0.000,0.000,0.000,0.000,0.000
621.81,0.105,0,0.412,0.476,1,0.000,0.000,0.000,0.000,0.000,0.000,0.000,0.000
622.01,0.105,0,0.419,0.476,1,0.000,0.000,0.000,0.000,0.000,0.000,0.000,0.000
622.21,0.105,0,0.419,0.476,1,0.000,0.000,0.000,0.000,0.000,0.000,0.000,0.000
622.41,0.105,0,0.417,0.476,1,0.000,0.000,0.000,0.000,0.000,0.000,0.000,0.000
622.61,0.105,0,0.417,0.476,1,0.000,0.000,0.000,0.000,0.000,0.000,0.000,0.000
622.81,0.105,0,0.417,0.476,1,0.000,0.000,0.000,0.000,0.000,0.000,0.000,0.000
623.01,0.105,0,0.413,0.475,1,0.000,0.000,0.000,0.000,0.000,0.000,0.000,0.000
623.21,0.105,0,0.413,0.475,1,0.000,0.000,0.000,0.000,0.000,0.000,0.000,0.000
623.41,0.105,0,0.414,0.475,1,0.000,0.000,0.000,0.000,0.000,0.000,0.000,0.000
623.61,0.105,0,0.414,0.475,1,0.000,0.000,0.000,0.000,0.000,0.000,0.000,0.000
623.81,0.106,0,0.414,0.475,1,0.000,0.000,0.000,0.000,0.000,0.000,0.000,0.000
624.01,0.106,0,0.413,0.475,1,0.000,0.000,0.000,0.000,0.000,0.000,0.000,0.000
624.21,0.105,0,0.413,0.475,1,0.000,0.000,0.000,0.000,0.000,0.000,0.000,0.000
624.41,0.105,0,0.418,0.475,1,0.000,0.000,0.000,0.000,0.000,0.000,0.000,0.000
624.61,0.105,0,0.418,0.475,1,0.000,0.000,0.000,0.000,0.000,0.000,0.000,0.000
624.81,0.105,0,0.418,0.475,1,0.000,0.000,0.000,0.000,0.000,0.000,0.000,0.000
625.01,0.105,0,0.418,0.476,1,0.000,0.000,0.000,0.000,0.000,0.000,0.000,0.000
625.21,0.105,0,0.418,0.476,1,0.000,0.000,0.000,0.000,0.000,0.000,0.000,0.000
625.41,0.105,0,0.415,0.476,1,0.000,0.000,0.000,0.000,0.000,0.000,0.000,0.000
625.61,0.105,0,0.415,0.476,1,0.000,0.000,0.000,0.000,0.000,0.000,0.000,0.000
625.81,0.105,0,0.415,0.476,1,0.000,0.000,0.000,0.000,0.000,0.000,0.000,0.000
626.01,0.106,0,0.418,0.476,1,0.000,0.000,0.000,0.000,0.000,0.000,0.000,0.000
626.21,0.106,0,0.418,0.476,1,0.000,0.000,0.000,0.000,0.000,0.000,0.000,0.000
626.41,0.105,0,0.413,0.475,1,0.000,0.000,0.000,0.000,0.000,0.000,0.000,0.000
626.61,0.106,0,0.413,0.475,1,0.000,0.000,0.000,0.000,0.000,0.000,0.000,0.000
626.81,0.106,0,0.413,0.475,1,0.000,0.000,0.000,0.000,0.000,0.000,0.000,0.000
627.01,0.105,0,0.411,0.476,1,0.000,0.000,0.000,0.000,0.000,0.000,0.000,0.000
627.21,0.105,0,0.411,0.476,1,0.000,0.000,0.000,0.000,0.000,0.000,0.000,0.000
627.41,0.105,0,0.413,0.475,1,0.000,0.000,0.000,0.000,0.000,0.000,0.000,0.000
627.61,0.105,0,0.413,0.475,1,0.000,0.000,0.000,0.000,0.000,0.000,0.000,0.000
627.81,0.105,0,0.413,0.475,1,0.000,0.000,0.000,0.000,0.000,0.000,0.000,0.000
628.01,0.105,0,0.412,0.475,1,0.000,0.000,0.000,0.000,0.000,0.000,0.000,0.000
628.21,0.105,0,0.412,0.475,1,0.000,0.000,0.000,0.000,0.000,0.000,0.000,0.000
628.41,0.105,0,0.418,0.476,1,0.000,0.000,0.000,0.000,0.000,0.000,0.000,0.000
628.61,0.105,0,0.418,0.476,1,0.000,0.000,0.000,0.000,0.000,0.000,0.000,0.000
628.81,0.105,0,0.418,0.476,1,0.000,0.000,0.000,0.000,0.000,0.000,0.000,0.000
629.01,0.106,0,0.418,0.476,1,0.000,0.000,0.000,0.000,0.000,0.000,0.000,0.000
629.21,0.105,0,0.418,0.476,1,0.000,0.000,0.000,0.000,0.000,0.000,0.000,0.000
629.41,0.106,0,0.412,0.476,1,0.000,0.000,0.000,0.000,0.000,0.000,0.000,0.000
629.61,0.106,0,0.412,0.476,1,0.000,0.000,0.000,0.000,0.000,0.000,0.000,0.000
629.81,0.105,0,0.412,0.476,1,0.000,0.000,0.000,0.000,0.000,0.000,0.000,0.000
630.01,0.106,0,0.414,0.478,1,0.000,0.000,0.000,0.000,0.000,0.000,0.000,0.000
630.21,0.105,0,0.414,0.478,1,0.000,0.000,0.000,0.000,0.000,0.000,0.000,0.000
630.41,0.105,0,0.418,0.478,1,0.000,0.000,0.000,0.000,0.000,0.000,0.000,0.000
630.61,0.105,0,0.418,0.478,1,0.000,0.000,0.000,0.000,0.000,0.000,0.000,0.000
630.81,0.105,0,0.418,0.478,1,0.000,0.000,0.000,0.000,0.000,0.000,0.000,0.000
631.01,0.105,0,0.412,0.478,1,0.000,0.000,0.000,0.000,0.000,0.000,0.000,0.000
631.21,0.105,0,0.412,0.478,1,0.000,0.000,0.000,0.000,0.000,0.000,0.000,0.000
631.41,0.105,0,0.417,0.478,1,0.000,0.000,0.000,0.000,0.000,0.000,0.000,0.000
631.61,0.105,0,0.417,0.478,1,0.000,0.000,0.000,0.000,0.000,0.000,0.000,0.000
631.81,0.106,0,0.417,0.478,1,0.000,0.000,0.000,0.000,0.000,0.000,0.000,0.000
632.01,0.105,0,0.418,0.478,1,0.000,0.000,0.000,0.000,0.000,0.000,0.000,0.000
632.21,0.105,0,0.418,0.478,1,0.000,0.000,0.000,0.000,0.000,0.000,0.000,0.000
632.41,0.105,0,0.417,0.478,1,0.000,0.000,0.000,0.000,0.000,0.000,0.000,0.000
632.61,0.105,0,0.417,0.478,1,0.000,0.000,0.000,0.000,0.000,0.000,0.000,0.000
632.81,0.106,0,0.417,0.478,1,0.000,0.000,0.000,0.000,0.000,0.000,0.000,0.000
633.01,0.105,0,0.418,0.478,1,0.000,0.000,0.000,0.000,0.000,0.000,0.000,0.000
633.21,0.105,0,0.418,0.478,1,0.000,0.000,0.000,0.000,0.000,0.000,0.000,0.000
633.41,0.105,0,0.418,0.478,1,0.000,0.000,0.000,0.000,0.000,0.000,0.000,0.000
633.61,0.105,0,0.418,0.478,1,0.000,0.000,0.000,0.000,0.000,0.000,0.000,0.000
633.81,0.105,0,0.418,0.478,1,0.000,0.000,0.000,0.000,0.000,0.000,0.000,0.000
634.01,0.106,0,0.417,0.478,1,0.000,0.000,0.000,0.000,0.000,0.000,0.000,0.000
634.21,0.106,0,0.417,0.478,1,0.000,0.000,0.000,0.000,0.000,0.000,0.000,0.000
634.41,0.106,0,0.418,0.478,1,0.000,0.000,0.000,0.000,0.000,0.000,0.000,0.000
634.61,0.106,0,0.418,0.478,1,0.000,0.000,0.000,0.000,0.000,0.000,0.000,0.000
634.81,0.106,0,0.418,0.478,1,0.000,0.000,0.000,0.000,0.000,0.000,0.000,0.000
635.01,0.106,0,0.418,0.478,1,0.000,0.000,0.000,0.000,0.000,0.000,0.000,0.000
635.21,0.105,0,0.418,0.478,1,0.000,0.000,0.000,0.000,0.000,0.000,0.000,0.000
635.41,0.105,0,0.410,0.478,1,0.000,0.000,0.000,0.000,0.000,0.000,0.000,0.000
635.61,0.106,0,0.410,0.478,1,0.000,0.000,0.000,0.000,0.000,0.000,0.000,0.000
635.81,0.105,0,0.410,0.478,1,0.000,0.000,0.000,0.000,0.000,0.000,0.000,0.000
636.01,0.105,0,0.413,0.478,1,0.000,0.000,0.000,0.000,0.000,0.000,0.000,0.000
636.21,0.106,0,0.413,0.478,1,0.000,0.000,0.000,0.000,0.000,0.000,0.000,0.000
636.41,0.106,0,0.417,0.478,1,0.000,0.000,0.000,0.000,0.000,0.000,0.000,0.000
636.62,0.105,0,0.417,0.478,1,0.000,0.000,0.000,0.000,0.000,0.000,0.000,0.000
636.81,0.105,0,0.417,0.478,1,0.000,0.000,0.000,0.000,0.000,0.000,0.000,0.000
637.01,0.105,0,0.418,0.478,1,0.000,0.000,0.000,0.000,0.000,0.000,0.000,0.000
637.21,0.105,0,0.418,0.478,1,0.000,0.000,0.000,0.000,0.000,0.000,0.000,0.000
637.41,0.107,0,0.417,0.478,1,0.000,0.000,0.000,0.000,0.000,0.000,0.000,0.000
637.61,0.105,0,0.417,0.478,1,0.000,0.000,0.000,0.000,0.000,0.000,0.000,0.000
637.81,0.106,0,0.417,0.478,1,0.000,0.000,0.000,0.000,0.000,0.000,0.000,0.000
638.01,0.105,0,0.417,0.478,1,0.000,0.000,0.000,0.000,0.000,0.000,0.000,0.000
638.21,0.105,0,0.417,0.478,1,0.000,0.000,0.000,0.000,0.000,0.000,0.000,0.000
638.41,0.105,0,0.418,0.478,1,0.000,0.000,0.000,0.000,0.000,0.000,0.000,0.000
638.61,0.105,0,0.418,0.478,1,0.000,0.000,0.000,0.000,0.000,0.000,0.000,0.000
638.81,0.105,0,0.418,0.478,1,0.000,0.000,0.000,0.000,0.000,0.000,0.000,0.000
639.01,0.106,0,0.418,0.478,1,0.000,0.000,0.000,0.000,0.000,0.000,0.000,0.000
639.21,0.106,0,0.418,0.478,1,0.000,0.000,0.000,0.000,0.000,0.000,0.000,0.000
639.41,0.105,0,0.418,0.478,1,0.000,0.000,0.000,0.000,0.000,0.000,0.000,0.000
639.61,0.105,0,0.418,0.478,1,0.000,0.000,0.000,0.000,0.000,0.000,0.000,0.000
639.81,0.105,0,0.418,0.478,1,0.000,0.000,0.000,0.000,0.000,0.000,0.000,0.000
640.01,0.105,0,0.412,0.478,1,0.000,0.000,0.000,0.000,0.000,0.000,0.000,0.000
640.21,0.105,0,0.412,0.478,1,0.000,0.000,0.000,0.000,0.000,0.000,0.000,0.000
640.41,0.105,0,0.417,0.477,1,0.000,0.000,0.000,0.000,0.000,0.000,0.000,0.000
640.61,0.105,0,0.417,0.477,1,0.000,0.000,0.000,0.000,0.000,0.000,0.000,0.000
640.81,0.106,0,0.417,0.477,1,0.000,0.000,0.000,0.000,0.000,0.000,0.000,0.000
641.01,0.106,0,0.411,0.478,1,0.000,0.000,0.000,0.000,0.000,0.000,0.000,0.000
641.21,0.105,0,0.411,0.478,1,0.000,0.000,0.000,0.000,0.000,0.000,0.000,0.000
641.41,0.105,0,0.418,0.478,1,0.000,0.000,0.000,0.000,0.000,0.000,0.000,0.000
641.61,0.106,0,0.418,0.478,1,0.000,0.000,0.000,0.000,0.000,0.000,0.000,0.000
641.81,0.105,0,0.418,0.478,1,0.000,0.000,0.000,0.000,0.000,0.000,0.000,0.000
642.01,0.105,0,0.414,0.478,1,0.000,0.000,0.000,0.000,0.000,0.000,0.000,0.000
642.21,0.106,0,0.414,0.478,1,0.000,0.000,0.000,0.000,0.000,0.000,0.000,0.000
642.41,0.105,0,0.413,0.478,1,0.000,0.000,0.000,0.000,0.000,0.000,0.000,0.000
642.61,0.105,0,0.413,0.478,1,0.000,0.000,0.000,0.000,0.000,0.000,0.000,0.000
642.81,0.105,0,0.413,0.478,1,0.000,0.000,0.000,0.000,0.000,0.000,0.000,0.000
643.01,0.105,0,0.411,0.478,1,0.000,0.000,0.000,0.000,0.000,0.000,0.000,0.000
643.21,0.105,0,0.411,0.478,1,0.000,0.000,0.000,0.000,0.000,0.000,0.000,0.000
643.41,0.105,0,0.414,0.478,1,0.000,0.000,0.000,0.000,0.000,0.000,0.000,0.000
643.61,0.105,0,0.414,0.478,1,0.000,0.000,0.000,0.000,0.000,0.000,0.000,0.000
643.81,0.105,0,0.414,0.478,1,0.000,0.000,0.000,0.000,0.000,0.000,0.000,0.000
644.01,0.105,0,0.411,0.478,1,0.000,0.000,0.000,0.000,0.000,0.000,0.000,0.000
644.21,0.106,0,0.411,0.478,1,0.000,0.000,0.000,0.000,0.000,0.000,0.000,0.000
644.41,0.105,0,0.411,0.478,1,0.000,0.000,0.000,0.000,0.000,0.000,0.000,0.000
644.61,0.105,0,0.411,0.478,1,0.000,0.000,0.000,0.000,0.000,0.000,0.000,0.000
644.81,0.105,0,0.411,0.478,1,0.000,0.000,0.000,0.000,0.000,0.000,0.000,0.000
645.01,0.106,0,0.418,0.478,1,0.000,0.000,0.000,0.000,0.000,0.000,0.000,0.000
645.21,0.106,0,0.418,0.478,1,0.000,0.000,0.000,0.000,0.000,0.000,0.000,0.000
645.41,0.105,0,0.418,0.478,1,0.000,0.000,0.000,0.000,0.000,0.000,0.000,0.000
645.61,0.105,0,0.418,0.478,1,0.000,0.000,0.000,0.000,0.000,0.000,0.000,0.000
645.81,0.105,0,0.418,0.478,1,0.000,0.000,0.000,0.000,0.000,0.000,0.000,0.000
646.01,0.105,0,0.411,0.478,1,0.000,0.000,0.000,0.000,0.000,0.000,0.000,0.000
646.21,0.105,0,0.411,0.478,1,0.000,0.000,0.000,0.000,0.000,0.000,0.000,0.000
646.41,0.105,0,0.418,0.478,1,0.000,0.000,0.000,0.000,0.000,0.000,0.000,0.000
646.61,0.105,0,0.418,0.478,1,0.000,0.000,0.000,0.000,0.000,0.000,0.000,0.000
646.81,0.105,0,0.418,0.478,1,0.000,0.000,0.000,0.000,0.000,0.000,0.000,0.000
647.01,0.105,0,0.418,0.478,1,0.000,0.000,0.000,0.000,0.000,0.000,0.000,0.000
647.21,0.106,0,0.418,0.478,1,0.000,0.000,0.000,0.000,0.000,0.000,0.000,0.000
647.41,0.105,0,0.418,0.478,1,0.000,0.000,0.000,0.000,0.000,0.000,0.000,0.000
647.61,0.105,0,0.418,0.478,1,0.000,0.000,0.000,0.000,0.000,0.000,0.000,0.000
647.81,0.105,0,0.418,0.478,1,0.000,0.000,0.000,0.000,0.000,0.000,0.000,0.000
648.01,0.105,0,0.418,0.478,1,0.000,0.000,0.000,0.000,0.000,0.000,0.000,0.000
648.21,0.105,0,0.418,0.478,1,0.000,0.000,0.000,0.000,0.000,0.000,0.000,0.000
648.41,0.105,0,0.418,0.478,1,0.000,0.000,0.000,0.000,0.000,0.000,0.000,0.000
648.61,0.105,0,0.418,0.478,1,0.000,0.000,0.000,0.000,0.000,0.000,0.000,0.000
648.81,0.105,0,0.418,0.478,1,0.000,0.000,0.000,0.000,0.000,0.000,0.000,0.000
649.01,0.106,0,0.417,0.478,1,0.000,0.000,0.000,0.000,0.000,0.000,0.000,0.000
649.21,0.105,0,0.417,0.478,1,0.000,0.000,0.000,0.000,0.000,0.000,0.000,0.000
649.41,0.105,0,0.419,0.478,1,0.000,0.000,0.000,0.000,0.000,0.000,0.000,0.000
649.61,0.105,0,0.419,0.478,1,0.000,0.000,0.000,0.000,0.000,0.000,0.000,0.000
649.81,0.105,0,0.419,0.478,1,0.000,0.000,0.000,0.000,0.000,0.000,0.000,0.000
650.01,0.105,0,0.419,0.478,1,0.000,0.000,0.000,0.000,0.000,0.000,0.000,0.000
650.21,0.106,0,0.419,0.478,1,0.000,0.000,0.000,0.000,0.000,0.000,0.000,0.000
650.41,0.106,0,0.418,0.478,1,0.000,0.000,0.000,0.000,0.000,0.000,0.000,0.000
650.61,0.106,0,0.418,0.478,1,0.000,0.000,0.000,0.000,0.000,0.000,0.000,0.000
650.81,0.105,0,0.418,0.478,1,0.000,0.000,0.000,0.000,0.000,0.000,0.000,0.000
651.01,0.105,0,0.418,0.478,1,0.000,0.000,0.000,0.000,0.000,0.000,0.000,0.000
651.21,0.106,0,0.418,0.478,1,0.000,0.000,0.000,0.000,0.000,0.000,0.000,0.000
651.41,0.105,0,0.418,0.478,1,0.000,0.000,0.000,0.000,0.000,0.000,0.000,0.000
651.61,0.105,0,0.418,0.478,1,0.000,0.000,0.000,0.000,0.000,0.000,0.000,0.000
651.81,0.106,0,0.418,0.478,1,0.000,0.000,0.000,0.000,0.000,0.000,0.000,0.000
652.01,0.106,0,0.418,0.478,1,0.000,0.000,0.000,0.000,0.000,0.000,0.000,0.000
652.21,0.105,0,0.418,0.478,1,0.000,0.000,0.000,0.000,0.000,0.000,0.000,0.000
652.41,0.106,0,0.418,0.478,1,0.000,0.000,0.000,0.000,0.000,0.000,0.000,0.000
652.61,0.106,0,0.418,0.478,1,0.000,0.000,0.000,0.000,0.000,0.000,0.000,0.000
652.81,0.105,0,0.418,0.478,1,0.000,0.000,0.000,0.000,0.000,0.000,0.000,0.000
653.01,0.106,0,0.417,0.478,1,0.000,0.000,0.000,0.000,0.000,0.000,0.000,0.000
653.21,0.106,0,0.417,0.478,1,0.000,0.000,0.000,0.000,0.000,0.000,0.000,0.000
653.41,0.105,0,0.418,0.478,1,0.000,0.000,0.000,0.000,0.000,0.000,0.000,0.000
653.61,0.105,0,0.418,0.478,1,0.000,0.000,0.000,0.000,0.000,0.000,0.000,0.000
653.81,0.106,0,0.418,0.478,1,0.000,0.000,0.000,0.000,0.000,0.000,0.000,0.000
654.01,0.105,0,0.417,0.478,1,0.000,0.000,0.000,0.000,0.000,0.000,0.000,0.000
654.21,0.105,0,0.417,0.478,1,0.000,0.000,0.000,0.000,0.000,0.000,0.000,0.000
654.41,0.105,0,0.415,0.478,1,0.000,0.000,0.000,0.000,0.000,0.000,0.000,0.000
654.61,0.106,0,0.415,0.478,1,0.000,0.000,0.000,0.000,0.000,0.000,0.000,0.000
654.81,0.105,0,0.415,0.478,1,0.000,0.000,0.000,0.000,0.000,0.000,0.000,0.000
655.01,0.105,0,0.416,0.478,1,0.000,0.000,0.000,0.000,0.000,0.000,0.000,0.000
655.21,0.105,0,0.416,0.478,1,0.000,0.000,0.000,0.000,0.000,0.000,0.000,0.000
655.41,0.105,0,0.418,0.478,1,0.000,0.000,0.000,0.000,0.000,0.000,0.000,0.000
655.61,0.105,0,0.418,0.478,1,0.000,0.000,0.000,0.000,0.000,0.000,0.000,0.000
655.81,0.105,0,0.418,0.478,1,0.000,0.000,0.000,0.000,0.000,0.000,0.000,0.000
656.01,0.106,0,0.418,0.478,1,0.000,0.000,0.000,0.000,0.000,0.000,0.000,0.000
656.21,0.105,0,0.418,0.478,1,0.000,0.000,0.000,0.000,0.000,0.000,0.000,0.000
656.41,0.105,0,0.418,0.478,1,0.000,0.000,0.000,0.000,0.000,0.000,0.000,0.000
656.61,0.105,0,0.418,0.478,1,0.000,0.000,0.000,0.000,0.000,0.000,0.000,0.000
656.81,0.106,0,0.418,0.478,1,0.000,0.000,0.000,0.000,0.000,0.000,0.000,0.000
657.01,0.105,0,0.417,0.478,1,0.000,0.000,0.000,0.000,0.000,0.000,0.000,0.000
657.21,0.105,0,0.417,0.478,1,0.000,0.000,0.000,0.000,0.000,0.000,0.000,0.000
657.41,0.105,0,0.418,0.478,1,0.000,0.000,0.000,0.000,0.000,0.000,0.000,0.000
657.61,0.105,0,0.418,0.478,1,0.000,0.000,0.000,0.000,0.000,0.000,0.000,0.000
657.81,0.105,0,0.418,0.478,1,0.000,0.000,0.000,0.000,0.000,0.000,0.000,0.000
658.01,0.105,0,0.411,0.478,1,0.000,0.000,0.000,0.000,0.000,0.000,0.000,0.000
658.21,0.105,0,0.411,0.478,1,0.000,0.000,0.000,0.000,0.000,0.000,0.000,0.000
658.41,0.105,0,0.416,0.478,1,0.000,0.000,0.000,0.000,0.000,0.000,0.000,0.000
658.61,0.105,0,0.416,0.478,1,0.000,0.000,0.000,0.000,0.000,0.000,0.000,0.000
658.81,0.106,0,0.416,0.478,1,0.000,0.000,0.000,0.000,0.000,0.000,0.000,0.000
659.01,0.106,0,0.418,0.478,1,0.000,0.000,0.000,0.000,0.000,0.000,0.000,0.000
659.21,0.106,0,0.418,0.478,1,0.000,0.000,0.000,0.000,0.000,0.000,0.000,0.000
659.41,0.105,0,0.418,0.478,1,0.000,0.000,0.000,0.000,0.000,0.000,0.000,0.000
659.61,0.105,0,0.418,0.478,1,0.000,0.000,0.000,0.000,0.000,0.000,0.000,0.000
659.81,0.105,0,0.418,0.478,1,0.000,0.000,0.000,0.000,0.000,0.000,0.000,0.000
660.01,0.106,0,0.419,0.477,1,0.000,0.000,0.000,0.000,0.000,0.000,0.000,0.000
660.21,0.106,0,0.419,0.477,1,0.000,0.000,0.000,0.000,0.000,0.000,0.000,0.000
660.41,0.106,0,0.412,0.477,1,0.000,0.000,0.000,0.000,0.000,0.000,0.000,0.000
660.61,0.106,0,0.412,0.477,1,0.000,0.000,0.000,0.000,0.000,0.000,0.000,0.000
660.81,0.106,0,0.412,0.477,1,0.000,0.000,0.000,0.000,0.000,0.000,0.000,0.000
661.01,0.105,0,0.416,0.478,1,0.000,0.000,0.000,0.000,0.000,0.000,0.000,0.000
661.21,0.105,0,0.416,0.478,1,0.000,0.000,0.000,0.000,0.000,0.000,0.000,0.000
661.41,0.105,0,0.418,0.478,1,0.000,0.000,0.000,0.000,0.000,0.000,0.000,0.000
661.61,0.105,0,0.418,0.478,1,0.000,0.000,0.000,0.000,0.000,0.000,0.000,0.000
661.81,0.106,0,0.418,0.478,1,0.000,0.000,0.000,0.000,0.000,0.000,0.000,0.000
662.01,0.106,0,0.418,0.478,1,0.000,0.000,0.000,0.000,0.000,0.000,0.000,0.000
662.21,0.105,0,0.418,0.478,1,0.000,0.000,0.000,0.000,0.000,0.000,0.000,0.000
662.41,0.106,0,0.412,0.478,1,0.000,0.000,0.000,0.000,0.000,0.000,0.000,0.000
662.61,0.105,0,0.412,0.478,1,0.000,0.000,0.000,0.000,0.000,0.000,0.000,0.000
662.81,0.105,0,0.412,0.478,1,0.000,0.000,0.000,0.000,0.000,0.000,0.000,0.000
663.01,0.105,0,0.418,0.478,1,0.000,0.000,0.000,0.000,0.000,0.000,0.000,0.000
663.21,0.105,0,0.418,0.478,1,0.000,0.000,0.000,0.000,0.000,0.000,0.000,0.000
663.41,0.105,0,0.418,0.478,1,0.000,0.000,0.000,0.000,0.000,0.000,0.000,0.000
663.61,0.105,0,0.418,0.478,1,0.000,0.000,0.000,0.000,0.000,0.000,0.000,0.000
663.81,0.105,0,0.418,0.478,1,0.000,0.000,0.000,0.000,0.000,0.000,0.000,0.000
664.01,0.105,0,0.418,0.478,1,0.000,0.000,0.000,0.000,0.000,0.000,0.000,0.000
664.21,0.105,0,0.418,0.478,1,0.000,0.000,0.000,0.000,0.000,0.000,0.000,0.000
664.41,0.105,0,0.417,0.478,1,0.000,0.000,0.000,0.000,0.000,0.000,0.000,0.000
664.61,0.105,0,0.417,0.478,1,0.000,0.000,0.000,0.000,0.000,0.000,0.000,0.000
664.81,0.105,0,0.417,0.478,1,0.000,0.000,0.000,0.000,0.000,0.000,0.000,0.000
665.01,0.105,0,0.418,0.478,1,0.000,0.000,0.000,0.000,0.000,0.000,0.000,0.000
665.21,0.105,0,0.418,0.478,1,0.000,0.000,0.000,0.000,0.000,0.000,0.000,0.000
665.41,0.105,0,0.418,0.478,1,0.000,0.000,0.000,0.000,0.000,0.000,0.000,0.000
665.61,0.105,0,0.418,0.478,1,0.000,0.000,0.000,0.000,0.000,0.000,0.000,0.000
665.81,0.106,0,0.418,0.478,1,0.000,0.000,0.000,0.000,0.000,0.000,0.000,0.000
666.01,0.106,0,0.418,0.478,1,0.000,0.000,0.000,0.000,0.000,0.000,0.000,0.000
666.21,0.105,0,0.418,0.478,1,0.000,0.000,0.000,0.000,0.000,0.000,0.000,0.000
666.41,0.105,0,0.417,0.478,1,0.000,0.000,0.000,0.000,0.000,0.000,0.000,0.000
666.61,0.106,0,0.417,0.478,1,0.000,0.000,0.000,0.000,0.000,0.000,0.000,0.000
666.81,0.106,0,0.417,0.478,1,0.000,0.000,0.000,0.000,0.000,0.000,0.000,0.000
667.01,0.105,0,0.416,0.478,1,0.000,0.000,0.000,0.000,0.000,0.000,0.000,0.000
667.21,0.106,0,0.416,0.478,1,0.000,0.000,0.000,0.000,0.000,0.000,0.000,0.000
667.41,0.105,0,0.419,0.478,1,0.000,0.000,0.000,0.000,0.000,0.000,0.000,0.000
667.61,0.105,0,0.419,0.478,1,0.000,0.000,0.000,0.000,0.000,0.000,0.000,0.000
667.81,0.105,0,0.419,0.478,1,0.000,0.000,0.000,0.000,0.000,0.000,0.000,0.000
668.01,0.105,0,0.418,0.478,1,0.000,0.000,0.000,0.000,0.000,0.000,0.000,0.000
668.21,0.105,0,0.418,0.478,1,0.000,0.000,0.000,0.000,0.000,0.000,0.000,0.000
668.41,0.106,0,0.418,0.478,1,0.000,0.000,0.000,0.000,0.000,0.000,0.000,0.000
668.61,0.106,0,0.418,0.478,1,0.000,0.000,0.000,0.000,0.000,0.000,0.000,0.000
668.81,0.106,0,0.418,0.478,1,0.000,0.000,0.000,0.000,0.000,0.000,0.000,0.000
669.01,0.105,0,0.418,0.478,1,0.000,0.000,0.000,0.000,0.000,0.000,0.000,0.000
669.21,0.105,0,0.418,0.478,1,0.000,0.000,0.000,0.000,0.000,0.000,0.000,0.000
669.41,0.105,0,0.418,0.478,1,0.000,0.000,0.000,0.000,0.000,0.000,0.000,0.000
669.61,0.106,0,0.418,0.478,1,0.000,0.000,0.000,0.000,0.000,0.000,0.000,0.000
669.81,0.106,0,0.418,0.478,1,0.000,0.000,0.000,0.000,0.000,0.000,0.000,0.000
670.01,0.105,0,0.418,0.478,1,0.000,0.000,0.000,0.000,0.000,0.000,0.000,0.000
670.21,0.106,0,0.418,0.478,1,0.000,0.000,0.000,0.000,0.000,0.000,0.000,0.000
670.41,0.105,0,0.417,0.478,1,0.000,0.000,0.000,0.000,0.000,0.000,0.000,0.000
670.61,0.105,0,0.417,0.478,1,0.000,0.000,0.000,0.000,0.000,0.000,0.000,0.000
670.81,0.105,0,0.417,0.478,1,0.000,0.000,0.000,0.000,0.000,0.000,0.000,0.000
671.01,0.105,0,0.411,0.478,1,0.000,0.000,0.000,0.000,0.000,0.000,0.000,0.000
671.21,0.105,0,0.411,0.478,1,0.000,0.000,0.000,0.000,0.000,0.000,0.000,0.000
671.41,0.105,0,0.411,0.478,1,0.000,0.000,0.000,0.000,0.000,0.000,0.000,0.000
671.61,0.105,0,0.411,0.478,1,0.000,0.000,0.000,0.000,0.000,0.000,0.000,0.000
671.81,0.105,0,0.411,0.478,1,0.000,0.000,0.000,0.000,0.000,0.000,0.000,0.000
672.01,0.105,0,0.416,0.478,1,0.000,0.000,0.000,0.000,0.000,0.000,0.000,0.000
672.21,0.105,0,0.416,0.478,1,0.000,0.000,0.000,0.000,0.000,0.000,0.000,0.000
672.41,0.106,0,0.418,0.478,1,0.000,0.000,0.000,0.000,0.000,0.000,0.000,0.000
672.61,0.106,0,0.418,0.478,1,0.000,0.000,0.000,0.000,0.000,0.000,0.000,0.000
672.81,0.105,0,0.418,0.478,1,0.000,0.000,0.000,0.000,0.000,0.000,0.000,0.000
673.01,0.105,0,0.419,0.478,1,0.000,0.000,0.000,0.000,0.000,0.000,0.000,0.000
673.21,0.106,0,0.419,0.478,1,0.000,0.000,0.000,0.000,0.000,0.000,0.000,0.000
673.41,0.105,0,0.418,0.478,1,0.000,0.000,0.000,0.000,0.000,0.000,0.000,0.000
673.61,0.105,0,0.418,0.478,1,0.000,0.000,0.000,0.000,0.000,0.000,0.000,0.000
673.81,0.105,0,0.418,0.478,1,0.000,0.000,0.000,0.000,0.000,0.000,0.000,0.000
674.01,0.106,0,0.417,0.478,1,0.000,0.000,0.000,0.000,0.000,0.000,0.000,0.000
674.21,0.105,0,0.417,0.478,1,0.000,0.000,0.000,0.000,0.000,0.000,0.000,0.000
674.41,0.105,0,0.417,0.478,1,0.000,0.000,0.000,0.000,0.000,0.000,0.000,0.000
674.61,0.105,0,0.417,0.478,1,0.000,0.000,0.000,0.000,0.000,0.000,0.000,0.000
674.81,0.408,0,0.417,0.478,1,0.000,0.000,0.000,0.000,0.000,0.000,0.000,0.000
675.01,0.403,0,0.413,0.478,1,0.000,0.000,0.000,0.000,0.000,0.000,0.000,0.000
675.21,0.105,0,0.413,0.478,1,0.000,0.000,0.000,0.000,0.000,0.000,0.000,0.000
675.41,0.105,0,0.411,0.478,1,0.000,0.000,0.000,0.000,0.000,0.000,0.000,0.000
675.61,0.105,0,0.411,0.478,1,0.000,0.000,0.000,0.000,0.000,0.000,0.000,0.000
675.81,0.105,0,0.411,0.478,1,0.000,0.000,0.000,0.000,0.000,0.000,0.000,0.000
676.01,0.105,0,0.418,0.478,1,0.000,0.000,0.000,0.000,0.000,0.000,0.000,0.000
676.21,0.106,0,0.418,0.478,1,0.000,0.000,0.000,0.000,0.000,0.000,0.000,0.000
676.41,0.106,0,0.417,0.478,1,0.000,0.000,0.000,0.000,0.000,0.000,0.000,0.000
676.61,0.106,0,0.417,0.478,1,0.000,0.000,0.000,0.000,0.000,0.000,0.000,0.000
676.81,0.105,0,0.417,0.478,1,0.000,0.000,0.000,0.000,0.000,0.000,0.000,0.000
677.01,0.105,0,0.418,0.478,1,0.000,0.000,0.000,0.000,0.000,0.000,0.000,0.000
677.21,0.105,0,0.418,0.478,1,0.000,0.000,0.000,0.000,0.000,0.000,0.000,0.000
677.41,0.105,0,0.418,0.478,1,0.000,0.000,0.000,0.000,0.000,0.000,0.000,0.000
677.61,0.105,0,0.418,0.478,1,0.000,0.000,0.000,0.000,0.000,0.000,0.000,0.000
677.81,0.105,0,0.418,0.478,1,0.000,0.000,0.000,0.000,0.000,0.000,0.000,0.000
678.01,0.105,0,0.418,0.478,1,0.000,0.000,0.000,0.000,0.000,0.000,0.000,0.000
678.21,0.105,0,0.418,0.478,1,0.000,0.000,0.000,0.000,0.000,0.000,0.000,0.000
678.41,0.105,0,0.418,0.478,1,0.000,0.000,0.000,0.000,0.000,0.000,0.000,0.000
678.61,0.105,0,0.418,0.478,1,0.000,0.000,0.000,0.000,0.000,0.000,0.000,0.000
678.81,0.105,0,0.418,0.478,1,0.000,0.000,0.000,0.000,0.000,0.000,0.000,0.000
679.01,0.106,0,0.418,0.478,1,0.000,0.000,0.000,0.000,0.000,0.000,0.000,0.000
679.21,0.105,0,0.418,0.478,1,0.000,0.000,0.000,0.000,0.000,0.000,0.000,0.000
679.41,0.105,0,0.414,0.478,1,0.000,0.000,0.000,0.000,0.000,0.000,0.000,0.000
679.61,0.105,0,0.414,0.478,1,0.000,0.000,0.000,0.000,0.000,0.000,0.000,0.000
679.81,0.105,0,0.414,0.478,1,0.000,0.000,0.000,0.000,0.000,0.000,0.000,0.000
680.01,0.105,0,0.415,0.478,1,0.000,0.000,0.000,0.000,0.000,0.000,0.000,0.000
680.21,0.105,0,0.415,0.478,1,0.000,0.000,0.000,0.000,0.000,0.000,0.000,0.000
680.41,0.105,0,0.418,0.478,1,0.000,0.000,0.000,0.000,0.000,0.000,0.000,0.000
680.61,0.106,0,0.418,0.478,1,0.000,0.000,0.000,0.000,0.000,0.000,0.000,0.000
680.81,0.105,0,0.418,0.478,1,0.000,0.000,0.000,0.000,0.000,0.000,0.000,0.000
681.01,0.106,0,0.415,0.478,1,0.000,0.000,0.000,0.000,0.000,0.000,0.000,0.000
681.21,0.106,0,0.415,0.478,1,0.000,0.000,0.000,0.000,0.000,0.000,0.000,0.000
681.41,0.105,0,0.419,0.478,1,0.000,0.000,0.000,0.000,0.000,0.000,0.000,0.000
681.61,0.105,0,0.419,0.478,1,0.000,0.000,0.000,0.000,0.000,0.000,0.000,0.000
681.81,0.105,0,0.419,0.478,1,0.000,0.000,0.000,0.000,0.000,0.000,0.000,0.000
682.01,0.105,0,0.418,0.478,1,0.000,0.000,0.000,0.000,0.000,0.000,0.000,0.000
682.21,0.105,0,0.418,0.478,1,0.000,0.000,0.000,0.000,0.000,0.000,0.000,0.000
682.41,0.105,0,0.419,0.478,1,0.000,0.000,0.000,0.000,0.000,0.000,0.000,0.000
682.61,0.105,0,0.419,0.478,1,0.000,0.000,0.000,0.000,0.000,0.000,0.000,0.000
682.81,0.106,0,0.419,0.478,1,0.000,0.000,0.000,0.000,0.000,0.000,0.000,0.000
683.01,0.105,0,0.418,0.478,1,0.000,0.000,0.000,0.000,0.000,0.000,0.000,0.000
683.21,0.105,0,0.418,0.478,1,0.000,0.000,0.000,0.000,0.000,0.000,0.000,0.000
683.41,0.105,0,0.419,0.478,1,0.000,0.000,0.000,0.000,0.000,0.000,0.000,0.000
683.61,0.105,0,0.419,0.478,1,0.000,0.000,0.000,0.000,0.000,0.000,0.000,0.000
683.81,0.106,0,0.419,0.478,1,0.000,0.000,0.000,0.000,0.000,0.000,0.000,0.000
684.01,0.105,0,0.411,0.478,1,0.000,0.000,0.000,0.000,0.000,0.000,0.000,0.000
684.21,0.105,0,0.411,0.478,1,0.000,0.000,0.000,0.000,0.000,0.000,0.000,0.000
684.41,0.105,0,0.418,0.478,1,0.000,0.000,0.000,0.000,0.000,0.000,0.000,0.000
684.61,0.105,0,0.418,0.478,1,0.000,0.000,0.000,0.000,0.000,0.000,0.000,0.000
684.81,0.106,0,0.418,0.478,1,0.000,0.000,0.000,0.000,0.000,0.000,0.000,0.000
685.01,0.106,0,0.417,0.478,1,0.000,0.000,0.000,0.000,0.000,0.000,0.000,0.000
685.21,0.106,0,0.417,0.478,1,0.000,0.000,0.000,0.000,0.000,0.000,0.000,0.000
685.41,0.106,0,0.418,0.478,1,0.000,0.000,0.000,0.000,0.000,0.000,0.000,0.000
685.61,0.105,0,0.418,0.478,1,0.000,0.000,0.000,0.000,0.000,0.000,0.000,0.000
685.81,0.105,0,0.418,0.478,1,0.000,0.000,0.000,0.000,0.000,0.000,0.000,0.000
686.01,0.105,0,0.413,0.478,1,0.000,0.000,0.000,0.000,0.000,0.000,0.000,0.000
686.21,0.105,0,0.413,0.478,1,0.000,0.000,0.000,0.000,0.000,0.000,0.000,0.000
686.41,0.105,0,0.415,0.477,1,0.000,0.000,0.000,0.000,0.000,0.000,0.000,0.000
686.61,0.106,0,0.415,0.477,1,0.000,0.000,0.000,0.000,0.000,0.000,0.000,0.000
686.81,0.105,0,0.415,0.477,1,0.000,0.000,0.000,0.000,0.000,0.000,0.000,0.000
687.01,0.105,0,0.415,0.478,1,0.000,0.000,0.000,0.000,0.000,0.000,0.000,0.000
687.21,0.106,0,0.415,0.478,1,0.000,0.000,0.000,0.000,0.000,0.000,0.000,0.000
687.41,0.105,0,0.410,0.477,1,0.000,0.000,0.000,0.000,0.000,0.000,0.000,0.000
687.61,0.105,0,0.410,0.477,1,0.000,0.000,0.000,0.000,0.000,0.000,0.000,0.000
687.81,0.105,0,0.410,0.477,1,0.000,0.000,0.000,0.000,0.000,0.000,0.000,0.000
688.01,0.105,0,0.419,0.477,1,0.000,0.000,0.000,0.000,0.000,0.000,0.000,0.000
688.21,0.106,0,0.419,0.477,1,0.000,0.000,0.000,0.000,0.000,0.000,0.000,0.000
688.41,0.105,0,0.416,0.478,1,0.000,0.000,0.000,0.000,0.000,0.000,0.000,0.000
688.61,0.105,0,0.416,0.478,1,0.000,0.000,0.000,0.000,0.000,0.000,0.000,0.000
688.81,0.105,0,0.416,0.478,1,0.000,0.000,0.000,0.000,0.000,0.000,0.000,0.000
689.01,0.105,0,0.415,0.478,1,0.000,0.000,0.000,0.000,0.000,0.000,0.000,0.000
689.21,0.106,0,0.415,0.478,1,0.000,0.000,0.000,0.000,0.000,0.000,0.000,0.000
689.41,0.105,0,0.418,0.478,1,0.000,0.000,0.000,0.000,0.000,0.000,0.000,0.000
689.61,0.105,0,0.418,0.478,1,0.000,0.000,0.000,0.000,0.000,0.000,0.000,0.000
689.81,0.105,0,0.418,0.478,1,0.000,0.000,0.000,0.000,0.000,0.000,0.000,0.000
690.01,0.105,0,0.418,0.478,1,0.000,0.000,0.000,0.000,0.000,0.000,0.000,0.000
690.21,0.105,0,0.418,0.478,1,0.000,0.000,0.000,0.000,0.000,0.000,0.000,0.000
690.41,0.105,0,0.411,0.478,1,0.000,0.000,0.000,0.000,0.000,0.000,0.000,0.000
690.61,0.105,0,0.411,0.478,1,0.000,0.000,0.000,0.000,0.000,0.000,0.000,0.000
690.81,0.105,0,0.411,0.478,1,0.000,0.000,0.000,0.000,0.000,0.000,0.000,0.000
691.01,0.106,0,0.415,0.478,1,0.000,0.000,0.000,0.000,0.000,0.000,0.000,0.000
691.21,0.105,0,0.415,0.478,1,0.000,0.000,0.000,0.000,0.000,0.000,0.000,0.000
691.41,0.105,0,0.418,0.478,1,0.000,0.000,0.000,0.000,0.000,0.000,0.000,0.000
691.61,0.105,0,0.418,0.478,1,0.000,0.000,0.000,0.000,0.000,0.000,0.000,0.000
691.81,0.105,0,0.418,0.478,1,0.000,0.000,0.000,0.000,0.000,0.000,0.000,0.000
692.01,0.106,0,0.418,0.477,1,0.000,0.000,0.000,0.000,0.000,0.000,0.000,0.000
692.21,0.105,0,0.418,0.477,1,0.000,0.000,0.000,0.000,0.000,0.000,0.000,0.000
692.41,0.105,0,0.417,0.478,1,0.000,0.000,0.000,0.000,0.000,0.000,0.000,0.000
692.61,0.105,0,0.417,0.478,1,0.000,0.000,0.000,0.000,0.000,0.000,0.000,0.000
692.81,0.105,0,0.417,0.478,1,0.000,0.000,0.000,0.000,0.000,0.000,0.000,0.000
693.01,0.105,0,0.418,0.478,1,0.000,0.000,0.000,0.000,0.000,0.000,0.000,0.000
693.21,0.105,0,0.418,0.478,1,0.000,0.000,0.000,0.000,0.000,0.000,0.000,0.000
693.41,0.105,0,0.418,0.478,1,0.000,0.000,0.000,0.000,0.000,0.000,0.000,0.000
693.61,0.105,0,0.418,0.478,1,0.000,0.000,0.000,0.000,0.000,0.000,0.000,0.000
693.81,0.105,0,0.418,0.478,1,0.000,0.000,0.000,0.000,0.000,0.000,0.000,0.000
694.01,0.106,0,0.418,0.478,1,0.000,0.000,0.000,0.000,0.000,0.000,0.000,0.000
694.21,0.106,0,0.418,0.478,1,0.000,0.000,0.000,0.000,0.000,0.000,0.000,0.000
694.41,0.105,0,0.418,0.478,1,0.000,0.000,0.000,0.000,0.000,0.000,0.000,0.000
694.61,0.105,0,0.418,0.478,1,0.000,0.000,0.000,0.000,0.000,0.000,0.000,0.000
694.81,0.105,0,0.418,0.478,1,0.000,0.000,0.000,0.000,0.000,0.000,0.000,0.000
695.01,0.106,0,0.412,0.478,1,0.000,0.000,0.000,0.000,0.000,0.000,0.000,0.000
695.21,0.106,0,0.412,0.478,1,0.000,0.000,0.000,0.000,0.000,0.000,0.000,0.000
695.41,0.105,0,0.412,0.478,1,0.000,0.000,0.000,0.000,0.000,0.000,0.000,0.000
695.61,0.105,0,0.412,0.478,1,0.000,0.000,0.000,0.000,0.000,0.000,0.000,0.000
695.81,0.105,0,0.412,0.478,1,0.000,0.000,0.000,0.000,0.000,0.000,0.000,0.000
696.01,0.105,0,0.413,0.478,1,0.000,0.000,0.000,0.000,0.000,0.000,0.000,0.000
696.21,0.105,0,0.413,0.478,1,0.000,0.000,0.000,0.000,0.000,0.000,0.000,0.000
696.41,0.106,0,0.412,0.478,1,0.000,0.000,0.000,0.000,0.000,0.000,0.000,0.000
696.61,0.106,0,0.412,0.478,1,0.000,0.000,0.000,0.000,0.000,0.000,0.000,0.000
696.81,0.105,0,0.412,0.478,1,0.000,0.000,0.000,0.000,0.000,0.000,0.000,0.000
697.01,0.105,0,0.418,0.478,1,0.000,0.000,0.000,0.000,0.000,0.000,0.000,0.000
697.21,0.105,0,0.418,0.478,1,0.000,0.000,0.000,0.000,0.000,0.000,0.000,0.000
697.41,0.105,0,0.418,0.478,1,0.000,0.000,0.000,0.000,0.000,0.000,0.000,0.000
697.61,0.105,0,0.418,0.478,1,0.000,0.000,0.000,0.000,0.000,0.000,0.000,0.000
697.81,0.105,0,0.418,0.478,1,0.000,0.000,0.000,0.000,0.000,0.000,0.000,0.000
698.01,0.105,0,0.418,0.478,1,0.000,0.000,0.000,0.000,0.000,0.000,0.000,0.000
698.21,0.106,0,0.418,0.478,1,0.000,0.000,0.000,0.000,0.000,0.000,0.000,0.000
698.41,0.106,0,0.418,0.478,1,0.000,0.000,0.000,0.000,0.000,0.000,0.000,0.000
698.61,0.105,0,0.418,0.478,1,0.000,0.000,0.000,0.000,0.000,0.000,0.000,0.000
698.81,0.105,0,0.418,0.478,1,0.000,0.000,0.000,0.000,0.000,0.000,0.000,0.000
699.01,0.106,0,0.418,0.478,1,0.000,0.000,0.000,0.000,0.000,0.000,0.000,0.000
699.21,0.106,0,0.418,0.478,1,0.000,0.000,0.000,0.000,0.000,0.000,0.000,0.000
699.41,0.106,0,0.416,0.478,1,0.000,0.000,0.000,0.000,0.000,0.000,0.000,0.000
699.61,0.105,0,0.416,0.478,1,0.000,0.000,0.000,0.000,0.000,0.000,0.000,0.000
699.81,0.106,0,0.416,0.478,1,0.000,0.000,0.000,0.000,0.000,0.000,0.000,0.000
700.01,0.105,0,0.417,0.478,1,0.000,0.000,0.000,0.000,0.000,0.000,0.000,0.000
700.21,0.105,0,0.417,0.478,1,0.000,0.000,0.000,0.000,0.000,0.000,0.000,0.000
700.41,0.105,0,0.413,0.478,1,0.000,0.000,0.000,0.000,0.000,0.000,0.000,0.000
700.61,0.105,0,0.413,0.478,1,0.000,0.000,0.000,0.000,0.000,0.000,0.000,0.000
700.81,0.105,0,0.413,0.478,1,0.000,0.000,0.000,0.000,0.000,0.000,0.000,0.000
701.01,0.105,0,0.418,0.478,1,0.000,0.000,0.000,0.000,0.000,0.000,0.000,0.000
701.21,0.105,0,0.418,0.478,1,0.000,0.000,0.000,0.000,0.000,0.000,0.000,0.000
701.41,0.105,0,0.416,0.478,1,0.000,0.000,0.000,0.000,0.000,0.000,0.000,0.000
701.61,0.105,0,0.416,0.478,1,0.000,0.000,0.000,0.000,0.000,0.000,0.000,0.000
701.81,0.105,0,0.416,0.478,1,0.000,0.000,0.000,0.000,0.000,0.000,0.000,0.000
702.01,0.105,0,0.418,0.478,1,0.000,0.000,0.000,0.000,0.000,0.000,0.000,0.000
702.21,0.105,0,0.418,0.478,1,0.000,0.000,0.000,0.000,0.000,0.000,0.000,0.000
702.41,0.105,0,0.411,0.478,1,0.000,0.000,0.000,0.000,0.000,0.000,0.000,0.000
702.61,0.105,0,0.411,0.478,1,0.000,0.000,0.000,0.000,0.000,0.000,0.000,0.000
702.81,0.105,0,0.411,0.478,1,0.000,0.000,0.000,0.000,0.000,0.000,0.000,0.000
703.01,0.408,0,0.418,0.478,1,0.000,0.000,0.000,0.000,0.000,0.000,0.000,0.000
703.21,0.408,0,0.418,0.478,1,0.000,0.000,0.000,0.000,0.000,0.000,0.000,0.000
703.41,0.105,0,0.418,0.478,1,0.000,0.000,0.000,0.000,0.000,0.000,0.000,0.000
703.61,0.106,0,0.418,0.478,1,0.000,0.000,0.000,0.000,0.000,0.000,0.000,0.000
703.81,0.105,0,0.418,0.478,1,0.000,0.000,0.000,0.000,0.000,0.000,0.000,0.000
704.01,0.106,0,0.411,0.478,1,0.000,0.000,0.000,0.000,0.000,0.000,0.000,0.000
704.21,0.106,0,0.411,0.478,1,0.000,0.000,0.000,0.000,0.000,0.000,0.000,0.000
704.41,0.105,0,0.411,0.478,1,0.000,0.000,0.000,0.000,0.000,0.000,0.000,0.000
704.61,0.105,0,0.411,0.478,1,0.000,0.000,0.000,0.000,0.000,0.000,0.000,0.000
704.81,0.106,0,0.411,0.478,1,0.000,0.000,0.000,0.000,0.000,0.000,0.000,0.000
705.01,0.105,0,0.416,0.478,1,0.000,0.000,0.000,0.000,0.000,0.000,0.000,0.000
705.21,0.105,0,0.416,0.478,1,0.000,0.000,0.000,0.000,0.000,0.000,0.000,0.000
705.41,0.105,0,0.410,0.478,1,0.000,0.000,0.000,0.000,0.000,0.000,0.000,0.000
705.61,0.105,0,0.410,0.478,1,0.000,0.000,0.000,0.000,0.000,0.000,0.000,0.000
705.81,0.105,0,0.410,0.478,1,0.000,0.000,0.000,0.000,0.000,0.000,0.000,0.000
706.01,0.105,0,0.418,0.478,1,0.000,0.000,0.000,0.000,0.000,0.000,0.000,0.000
706.21,0.105,0,0.418,0.478,1,0.000,0.000,0.000,0.000,0.000,0.000,0.000,0.000
706.41,0.105,0,0.412,0.478,1,0.000,0.000,0.000,0.000,0.000,0.000,0.000,0.000
706.61,0.105,0,0.412,0.478,1,0.000,0.000,0.000,0.000,0.000,0.000,0.000,0.000
706.81,0.105,0,0.412,0.478,1,0.000,0.000,0.000,0.000,0.000,0.000,0.000,0.000
707.01,0.105,0,0.416,0.478,1,0.000,0.000,0.000,0.000,0.000,0.000,0.000,0.000
707.21,0.105,0,0.416,0.478,1,0.000,0.000,0.000,0.000,0.000,0.000,0.000,0.000
707.41,0.105,0,0.411,0.478,1,0.000,0.000,0.000,0.000,0.000,0.000,0.000,0.000
707.61,0.106,0,0.411,0.478,1,0.000,0.000,0.000,0.000,0.000,0.000,0.000,0.000
707.81,0.105,0,0.411,0.478,1,0.000,0.000,0.000,0.000,0.000,0.000,0.000,0.000
