t,min_range,blocked,lidar_range,camera_range,agree,cmd_in_vx,cmd_in_vy,cmd_in_wz,cmd_out_vx,cmd_out_vy,cmd_out_wz,odom_x,odom_y
0.23,nan,0,nan,nan,0,0.000,0.000,0.000,0.000,0.000,0.000,0.000,0.000
0.43,nan,0,nan,nan,0,0.000,0.000,0.000,0.000,0.000,0.000,0.000,0.000
0.63,nan,0,nan,nan,0,0.000,0.000,0.000,0.000,0.000,0.000,0.000,0.000
0.83,nan,0,nan,nan,0,0.000,0.000,0.000,0.000,0.000,0.000,0.000,0.000
1.03,nan,0,nan,nan,0,0.000,0.000,0.000,0.000,0.000,0.000,0.000,0.000
1.23,nan,0,1.573,nan,0,0.000,0.000,0.000,0.000,0.000,0.000,0.000,0.000
1.43,nan,0,1.573,nan,0,0.000,0.000,0.000,0.000,0.000,0.000,0.000,0.000
1.63,nan,0,1.636,0.715,0,0.000,0.000,0.000,0.000,0.000,0.000,0.000,0.000
1.83,nan,0,1.636,0.715,0,0.000,0.000,0.000,0.000,0.000,0.000,0.000,0.000
2.03,nan,0,1.636,0.715,0,0.000,0.000,0.000,0.000,0.000,0.000,0.000,0.000
2.23,nan,0,1.658,0.709,0,0.000,0.000,0.000,0.000,0.000,0.000,0.000,0.000
2.43,nan,0,1.658,0.709,0,0.000,0.000,0.000,0.000,0.000,0.000,0.000,0.000
2.63,nan,1,1.552,0.712,0,0.000,0.000,0.000,0.000,0.000,0.000,0.000,0.000
2.83,nan,1,1.552,0.712,0,0.000,0.000,0.000,0.000,0.000,0.000,0.000,0.000
3.03,nan,1,1.552,0.712,0,0.000,0.000,0.000,0.000,0.000,0.000,0.000,0.000
3.23,nan,0,1.064,0.707,0,0.000,0.000,0.000,0.000,0.000,0.000,0.000,0.000
3.43,nan,0,1.064,0.707,0,0.000,0.000,0.000,0.000,0.000,0.000,0.000,0.000
3.63,0.312,0,0.906,1.439,0,0.000,0.000,0.000,0.000,0.000,0.000,0.006,-0.078
3.83,0.290,0,0.906,1.439,0,0.000,0.000,0.000,0.000,0.000,0.000,0.003,-0.153
4.03,0.289,0,0.906,1.439,0,0.000,0.000,0.000,0.000,0.000,0.000,-0.007,-0.206
4.23,0.271,0,0.670,0.752,1,0.000,0.000,0.000,0.000,0.000,0.000,-0.025,-0.356
4.43,0.270,0,0.670,0.752,1,0.000,0.000,0.000,0.000,0.000,0.000,-0.048,-0.459
4.63,0.257,0,0.638,0.734,1,0.000,0.000,0.000,0.000,0.000,0.000,-0.063,-0.600
4.83,0.244,0,0.638,0.734,1,0.000,0.000,0.000,0.000,0.000,0.000,-0.071,-0.695
5.03,0.248,0,0.638,0.734,1,0.000,0.000,0.000,0.000,0.000,0.000,-0.111,-0.787
5.23,0.116,0,1.265,1.392,1,0.000,0.000,0.000,0.000,0.000,0.000,-0.065,-0.893
5.43,0.116,0,1.265,1.392,1,0.000,0.000,0.000,0.000,0.000,0.000,0.009,-0.987
5.63,0.115,0,1.286,1.184,1,0.000,0.000,0.000,0.000,0.000,0.000,0.068,-1.121
5.83,0.246,0,1.286,1.184,1,0.000,0.000,0.000,0.000,0.000,0.000,0.093,-1.184
6.03,0.244,0,1.286,1.184,1,0.000,0.000,0.000,0.000,0.000,0.000,0.193,-1.222
6.23,0.260,0,1.473,1.219,0,0.000,0.000,0.000,0.000,0.000,0.000,0.478,-1.309
6.43,0.265,0,1.473,1.219,0,0.000,0.000,0.000,0.000,0.000,0.000,0.634,-1.392
6.63,0.253,0,0.777,0.752,1,0.000,0.000,0.000,0.000,0.000,0.000,0.826,-1.468
6.83,0.246,0,0.777,0.752,1,0.000,0.000,0.000,0.000,0.000,0.000,0.958,-1.494
7.03,0.247,0,0.777,0.752,1,0.000,0.000,0.000,0.000,0.000,0.000,1.131,-1.525
7.23,0.116,0,0.641,0.654,1,0.000,0.000,0.000,0.000,0.000,0.000,1.431,-1.572
7.43,0.113,0,0.641,0.654,1,0.000,0.000,0.000,0.000,0.000,0.000,1.627,-1.637
7.63,0.116,0,0.833,4.148,0,0.000,0.000,0.000,0.000,0.000,0.000,1.955,-1.768
7.83,0.113,0,0.833,4.148,0,0.000,0.000,0.000,0.000,0.000,0.000,2.189,-1.804
8.03,0.113,0,0.833,4.148,0,0.000,0.000,0.000,0.000,0.000,0.000,2.413,-1.810
8.23,0.230,0,3.922,4.057,1,0.000,0.000,0.000,0.000,0.000,0.000,2.729,-1.803
8.43,0.225,0,3.922,4.057,1,0.000,0.000,0.000,0.000,0.000,0.000,2.945,-1.830
8.63,0.234,0,3.881,3.951,1,0.000,0.000,0.000,0.000,0.000,0.000,3.289,-1.883
8.83,0.223,0,3.881,3.951,1,0.000,0.000,0.000,0.000,0.000,0.000,3.505,-1.906
9.03,0.238,0,3.881,3.951,1,0.000,0.000,0.000,0.000,0.000,0.000,3.711,-1.907
9.23,0.263,0,2.337,4.006,0,0.000,0.000,0.000,0.000,0.000,0.000,4.004,-1.874
9.43,0.113,0,2.337,4.006,0,0.000,0.000,0.000,0.000,0.000,0.000,4.172,-1.899
9.63,0.116,0,1.897,2.486,0,0.000,0.000,0.000,0.000,0.000,0.000,4.400,-1.921
9.83,0.116,0,1.897,2.486,0,0.000,0.000,0.000,0.000,0.000,0.000,4.456,-1.922
10.03,0.288,0,1.897,2.486,0,0.000,0.000,0.000,0.000,0.000,0.000,4.475,-1.889
10.23,0.287,0,1.442,1.984,0,0.000,0.000,0.000,0.000,0.000,0.000,4.500,-1.862
10.43,0.297,0,1.442,1.984,0,0.000,0.000,0.000,0.000,0.000,0.000,4.512,-1.858
10.63,0.290,0,1.326,1.828,0,0.000,0.000,0.000,0.000,0.000,0.000,4.554,-1.872
10.83,0.300,0,1.326,1.828,0,0.000,0.000,0.000,0.000,0.000,0.000,4.575,-1.858
11.03,0.297,0,1.326,1.828,0,0.000,0.000,0.000,0.000,0.000,0.000,4.574,-1.847
11.23,0.115,0,1.281,1.788,0,0.000,0.000,0.000,0.000,0.000,0.000,4.539,-1.847
11.43,0.287,0,1.281,1.788,0,0.000,0.000,0.000,0.000,0.000,0.000,4.535,-1.850
11.63,0.304,0,1.271,1.799,0,0.000,0.000,0.000,0.000,0.000,0.000,4.553,-1.853
11.83,0.349,0,1.271,1.799,0,0.000,0.000,0.000,0.000,0.000,0.000,4.559,-1.846
12.03,0.427,0,1.271,1.799,0,0.000,0.000,0.000,0.000,0.000,0.000,4.558,-1.864
12.23,0.528,0,1.275,1.709,0,0.000,0.000,0.000,0.000,0.000,0.000,4.543,-1.875
12.43,0.572,0,1.275,1.709,0,0.000,0.000,0.000,0.000,0.000,0.000,4.547,-1.880
12.63,0.113,0,1.277,1.740,0,0.000,0.000,0.000,0.000,0.000,0.000,4.557,-1.875
12.83,0.959,0,1.277,1.740,0,0.000,0.000,0.000,0.000,0.000,0.000,4.545,-1.872
13.03,0.955,0,1.277,1.740,0,0.000,0.000,0.000,0.000,0.000,0.000,4.543,-1.871
13.23,0.955,0,1.277,1.795,0,0.000,0.000,0.000,0.000,0.000,0.000,4.553,-1.888
13.43,0.961,0,1.277,1.795,0,0.000,0.000,0.000,0.000,0.000,0.000,4.559,-1.874
13.63,0.959,0,1.267,1.802,0,0.000,0.000,0.000,0.000,0.000,0.000,4.543,-1.862
13.83,0.955,0,1.267,1.802,0,0.000,0.000,0.000,0.000,0.000,0.000,4.540,-1.878
14.03,0.956,0,1.267,1.802,0,0.000,0.000,0.000,0.000,0.000,0.000,4.550,-1.887
14.23,0.957,0,1.270,1.798,0,0.000,0.000,0.000,0.000,0.000,0.000,4.545,-1.889
14.43,0.953,0,1.270,1.798,0,0.000,0.000,0.000,0.000,0.000,0.000,4.554,-1.888
14.63,0.953,0,1.278,1.797,0,0.000,0.000,0.000,0.000,0.000,0.000,4.559,-1.881
14.83,0.969,0,1.278,1.797,0,0.000,0.000,0.000,0.000,0.000,0.000,4.548,-1.884
15.03,0.966,0,1.278,1.797,0,0.000,0.000,0.000,0.000,0.000,0.000,4.550,-1.886
15.23,0.960,0,1.287,1.804,0,0.000,0.000,0.000,0.000,0.000,0.000,4.583,-1.891
15.43,0.966,0,1.287,1.804,0,0.000,0.000,0.000,0.000,0.000,0.000,4.582,-1.889
15.63,0.963,0,1.287,1.801,0,0.000,0.000,0.000,0.000,0.000,0.000,4.557,-1.883
15.83,0.113,0,1.287,1.801,0,0.000,0.000,0.000,0.000,0.000,0.000,4.562,-1.878
16.03,0.960,0,1.287,1.801,0,0.000,0.000,0.000,0.000,0.000,0.000,4.562,-1.881
16.23,0.113,0,1.273,1.804,0,0.000,0.000,0.000,0.000,0.000,0.000,4.550,-1.888
16.43,0.113,0,1.273,1.804,0,0.000,0.000,0.000,0.000,0.000,0.000,4.561,-1.891
16.63,0.960,0,1.270,1.795,0,0.000,0.000,0.000,0.000,0.000,0.000,4.558,-1.887
16.83,0.955,0,1.270,1.795,0,0.000,0.000,0.000,0.000,0.000,0.000,4.542,-1.877
17.03,0.960,0,1.270,1.795,0,0.000,0.000,0.000,0.000,0.000,0.000,4.550,-1.870
17.23,0.958,0,1.267,1.804,0,0.000,0.000,0.000,0.000,0.000,0.000,4.539,-1.867
17.43,0.958,0,1.267,1.804,0,0.000,0.000,0.000,0.000,0.000,0.000,4.530,-1.870
17.63,0.959,0,1.268,1.797,0,0.000,0.000,0.000,0.000,0.000,0.000,4.534,-1.888
17.83,0.957,0,1.268,1.797,0,0.000,0.000,0.000,0.000,0.000,0.000,4.539,-1.882
18.03,0.954,0,1.268,1.797,0,0.000,0.000,0.000,0.000,0.000,0.000,4.556,-1.871
18.23,0.923,0,1.292,1.800,0,0.000,0.000,0.000,0.000,0.000,0.000,4.557,-1.873
18.43,0.897,0,1.292,1.800,0,0.000,0.000,0.000,0.000,0.000,0.000,4.534,-1.878
18.63,0.893,0,1.287,1.806,0,0.000,0.000,0.000,0.000,0.000,0.000,4.555,-1.883
18.83,0.910,0,1.287,1.806,0,0.000,0.000,0.000,0.000,0.000,0.000,4.575,-1.880
19.03,0.936,0,1.287,1.806,0,0.000,0.000,0.000,0.000,0.000,0.000,4.575,-1.876
19.23,0.961,0,1.261,1.799,0,0.000,0.000,0.000,0.000,0.000,0.000,4.556,-1.862
19.43,0.966,0,1.261,1.799,0,0.000,0.000,0.000,0.000,0.000,0.000,4.563,-1.881
19.63,0.969,0,1.267,1.798,0,0.000,0.000,0.000,0.000,0.000,0.000,4.577,-1.918
19.83,0.969,0,1.267,1.798,0,0.000,0.000,0.000,0.000,0.000,0.000,4.571,-1.919
20.03,0.953,0,1.267,1.798,0,0.000,0.000,0.000,0.000,0.000,0.000,4.571,-1.900
20.23,0.954,0,1.264,1.779,0,0.000,0.000,0.000,0.000,0.000,0.000,4.562,-1.890
20.43,0.960,0,1.264,1.779,0,0.000,0.000,0.000,0.000,0.000,0.000,4.558,-1.889
20.63,0.954,0,1.287,1.696,0,0.000,0.000,0.000,0.000,0.000,0.000,4.568,-1.900
20.83,0.958,0,1.287,1.696,0,0.000,0.000,0.000,0.000,0.000,0.000,4.572,-1.908
21.03,0.960,0,1.287,1.696,0,0.000,0.000,0.000,0.000,0.000,0.000,4.562,-1.911
21.23,0.958,0,1.280,1.693,0,0.000,0.000,0.000,0.000,0.000,0.000,4.565,-1.909
21.43,0.961,0,1.280,1.693,0,0.000,0.000,0.000,0.000,0.000,0.000,4.562,-1.906
21.63,0.965,0,1.289,1.792,0,0.000,0.000,0.000,0.000,0.000,0.000,4.575,-1.913
21.83,0.953,0,1.289,1.792,0,0.000,0.000,0.000,0.000,0.000,0.000,4.566,-1.915
22.03,0.957,0,1.289,1.792,0,0.000,0.000,0.000,0.000,0.000,0.000,4.561,-1.908
22.23,0.953,0,1.271,1.787,0,0.000,0.000,0.000,0.000,0.000,0.000,4.540,-1.887
22.43,0.746,0,1.271,1.787,0,0.000,0.000,0.000,0.000,0.000,0.000,4.546,-1.887
22.63,0.731,0,1.270,1.768,0,0.000,0.000,0.000,0.000,0.000,0.000,4.556,-1.906
22.83,0.728,0,1.270,1.768,0,0.000,0.000,0.000,0.000,0.000,0.000,4.563,-1.909
23.03,0.738,0,1.270,1.768,0,0.000,0.000,0.000,0.000,0.000,0.000,4.567,-1.902
23.23,0.899,0,1.284,1.744,0,0.000,0.000,0.000,0.000,0.000,0.000,4.585,-1.915
23.43,0.959,0,1.284,1.744,0,0.000,0.000,0.000,0.000,0.000,0.000,4.574,-1.912
23.63,0.959,0,1.211,1.445,0,0.000,0.000,0.000,0.000,0.000,0.000,4.568,-1.903
23.83,0.962,0,1.211,1.445,0,0.000,0.000,0.000,0.000,0.000,0.000,4.570,-1.897
24.03,0.115,0,1.211,1.445,0,0.000,0.000,0.000,0.000,0.000,0.000,4.581,-1.892
24.23,0.967,0,1.098,1.743,0,0.000,0.000,0.000,0.000,0.000,0.000,4.588,-1.911
24.43,0.968,0,1.098,1.743,0,0.000,0.000,0.000,0.000,0.000,0.000,4.574,-1.911
24.63,0.965,0,1.116,1.795,0,0.000,0.000,0.000,0.000,0.000,0.000,4.587,-1.912
24.83,0.969,0,1.116,1.795,0,0.000,0.000,0.000,0.000,0.000,0.000,4.596,-1.921
25.03,0.954,0,1.116,1.795,0,0.000,0.000,0.000,0.000,0.000,0.000,4.587,-1.909
25.23,0.959,0,1.116,1.793,0,0.000,0.000,0.000,0.000,0.000,0.000,4.562,-1.897
25.43,0.958,0,1.116,1.793,0,0.000,0.000,0.000,0.000,0.000,0.000,4.551,-1.900
25.63,0.953,0,1.109,1.800,0,0.000,0.000,0.000,0.000,0.000,0.000,4.568,-1.901
25.83,0.961,0,1.109,1.800,0,0.000,0.000,0.000,0.000,0.000,0.000,4.575,-1.896
26.03,0.957,0,1.109,1.800,0,0.000,0.000,0.000,0.000,0.000,0.000,4.573,-1.912
26.23,0.957,0,1.111,1.801,0,0.000,0.000,0.000,0.000,0.000,0.000,4.571,-1.920
26.43,0.113,0,1.111,1.801,0,0.000,0.000,0.000,0.000,0.000,0.000,4.581,-1.908
26.63,0.956,0,1.109,1.798,0,0.000,0.000,0.000,0.000,0.000,0.000,4.585,-1.904
26.83,0.959,0,1.109,1.798,0,0.000,0.000,0.000,0.000,0.000,0.000,4.576,-1.908
27.03,0.959,0,1.109,1.798,0,0.000,0.000,0.000,0.000,0.000,0.000,4.568,-1.911
27.23,0.958,0,1.104,1.795,0,0.000,0.000,0.000,0.000,0.000,0.000,4.579,-1.911
27.43,0.113,0,1.104,1.795,0,0.000,0.000,0.000,0.000,0.000,0.000,4.589,-1.915
27.63,0.954,0,1.111,1.793,0,0.000,0.000,0.000,0.000,0.000,0.000,4.588,-1.934
27.83,0.963,0,1.111,1.793,0,0.000,0.000,0.000,0.000,0.000,0.000,4.580,-1.922
28.03,0.960,0,1.111,1.793,0,0.000,0.000,0.000,0.000,0.000,0.000,4.578,-1.913
28.23,0.959,0,1.100,1.794,0,0.000,0.000,0.000,0.000,0.000,0.000,4.581,-1.912
28.43,0.959,0,1.100,1.794,0,0.000,0.000,0.000,0.000,0.000,0.000,4.584,-1.932
28.63,0.954,0,1.111,1.795,0,0.000,0.000,0.000,0.000,0.000,0.000,4.594,-1.941
28.83,0.953,0,1.111,1.795,0,0.000,0.000,0.000,0.000,0.000,0.000,4.582,-1.920
29.03,0.957,0,1.111,1.795,0,0.000,0.000,0.000,0.000,0.000,0.000,4.572,-1.899
29.23,0.956,0,1.090,1.794,0,0.000,0.000,0.000,0.000,0.000,0.000,4.581,-1.916
29.43,0.969,0,1.090,1.794,0,0.000,0.000,0.000,0.000,0.000,0.000,4.591,-1.926
29.63,0.955,0,1.106,1.795,0,0.000,0.000,0.000,0.000,0.000,0.000,4.589,-1.917
29.83,0.954,0,1.106,1.795,0,0.000,0.000,0.000,0.000,0.000,0.000,4.575,-1.911
30.03,0.953,0,1.106,1.795,0,0.000,0.000,0.000,0.000,0.000,0.000,4.568,-1.922
30.23,0.900,0,1.083,1.792,0,0.200,0.000,0.000,0.200,0.000,0.000,4.584,-1.922
30.43,0.842,0,1.083,1.792,0,0.200,0.000,0.000,0.200,0.000,0.000,4.587,-1.915
30.63,0.749,0,1.095,1.798,0,0.200,0.000,0.000,0.200,0.000,0.000,4.571,-1.904
30.83,0.722,0,1.095,1.798,0,0.200,0.000,0.000,0.200,0.000,0.000,4.569,-1.899
31.03,0.694,0,1.095,1.798,0,0.200,0.000,0.000,0.200,0.000,0.000,4.569,-1.915
31.23,0.581,0,1.093,1.795,0,0.200,0.000,0.000,0.200,0.000,0.000,4.579,-1.913
31.43,0.527,0,1.093,1.795,0,0.000,0.000,0.000,0.000,0.000,0.000,4.573,-1.920
31.63,0.620,0,1.116,1.794,0,0.000,0.000,0.000,0.000,0.000,0.000,4.549,-1.924
31.83,0.635,0,1.116,1.794,0,0.000,0.000,0.000,0.000,0.000,0.000,4.548,-1.919
32.03,0.672,0,1.116,1.794,0,0.000,0.000,0.000,0.000,0.000,0.000,4.577,-1.917
32.23,0.886,0,1.104,1.804,0,0.000,0.000,0.000,0.000,0.000,0.000,4.573,-1.933
32.43,0.113,0,1.104,1.804,0,0.000,0.000,0.000,0.000,0.000,0.000,4.575,-1.926
32.63,0.953,0,1.086,1.793,0,0.000,0.000,0.000,0.000,0.000,0.000,4.580,-1.903
32.83,0.961,0,1.086,1.793,0,0.000,0.000,0.000,0.000,0.000,0.000,4.577,-1.909
33.03,0.960,0,1.086,1.793,0,0.000,0.000,0.000,0.000,0.000,0.000,4.576,-1.925
33.23,0.968,0,1.091,1.801,0,0.000,0.000,0.000,0.000,0.000,0.000,4.582,-1.928
33.43,0.961,0,1.091,1.801,0,0.000,0.000,0.000,0.000,0.000,0.000,4.589,-1.925
33.63,0.960,0,1.109,1.796,0,0.000,0.000,0.000,0.000,0.000,0.000,4.586,-1.919
33.83,0.961,0,1.109,1.796,0,0.000,0.000,0.000,0.000,0.000,0.000,4.588,-1.924
34.03,0.954,0,1.109,1.796,0,0.500,0.000,0.000,0.500,0.000,0.000,4.588,-1.931
34.23,0.959,0,1.116,1.800,0,0.500,0.000,0.000,0.500,0.000,0.000,4.580,-1.915
34.43,0.115,0,1.116,1.800,0,0.000,0.000,0.000,0.000,0.000,0.000,4.580,-1.923
34.63,0.116,0,1.089,1.782,0,0.500,0.000,0.000,0.500,0.000,0.000,4.596,-2.000
34.83,0.915,0,1.089,1.782,0,0.500,0.000,0.000,0.500,0.000,0.000,4.589,-2.059
35.03,0.879,0,1.089,1.782,0,0.500,0.000,0.000,0.500,0.000,0.000,4.569,-2.161
35.23,0.862,0,0.966,1.749,0,0.500,0.000,0.000,0.500,0.000,0.000,4.573,-2.268
35.43,0.825,0,0.966,1.749,0,0.000,0.000,0.000,0.000,0.000,0.000,4.583,-2.409
35.63,0.787,0,1.309,1.813,0,0.000,0.000,0.000,0.000,0.000,0.000,4.593,-2.643
35.83,0.808,0,1.309,1.813,0,0.000,0.000,0.000,0.000,0.000,0.000,4.583,-2.763
36.03,0.823,0,1.309,1.813,0,0.500,0.000,0.000,0.500,0.000,0.000,4.564,-2.868
36.23,0.818,0,1.512,1.624,1,0.000,0.000,0.000,0.000,0.000,0.000,4.566,-2.947
36.43,0.814,0,1.512,1.624,1,0.000,0.000,0.000,0.000,0.000,0.000,4.576,-3.090
36.63,0.816,0,1.246,1.627,0,0.500,0.000,0.000,0.500,0.000,0.000,4.562,-3.328
36.83,0.834,0,1.246,1.627,0,0.500,0.000,0.000,0.500,0.000,0.000,4.546,-3.431
37.03,0.835,0,1.246,1.627,0,0.000,0.000,0.000,0.000,0.000,0.000,4.535,-3.527
37.23,0.834,0,1.183,1.590,0,0.500,0.000,0.000,0.500,0.000,0.000,4.526,-3.758
37.43,0.841,0,1.183,1.590,0,0.500,0.000,0.000,0.500,0.000,0.000,4.517,-3.910
37.63,0.799,0,1.173,1.978,0,0.000,0.000,0.000,0.000,0.000,0.000,4.498,-4.103
37.83,0.778,0,1.173,1.978,0,0.000,0.000,0.000,0.000,0.000,0.000,4.488,-4.256
38.03,0.771,0,1.173,1.978,0,0.000,0.000,0.000,0.000,0.000,0.000,4.486,-4.430
38.23,0.112,0,1.521,1.578,1,0.500,0.000,0.000,0.500,0.000,0.000,4.478,-4.618
38.43,0.756,0,1.521,1.578,1,0.500,0.000,0.000,0.500,0.000,0.000,4.466,-4.703
38.63,0.750,0,1.194,1.475,0,0.000,0.000,0.000,0.000,0.000,0.000,4.452,-4.808
38.83,0.112,0,1.194,1.475,0,0.000,0.000,0.000,0.000,0.000,0.000,4.456,-5.061
39.03,0.752,0,1.194,1.475,0,0.000,0.000,0.000,0.000,0.000,0.000,4.467,-5.206
39.23,0.777,0,1.052,1.394,0,0.000,0.000,0.000,0.000,0.000,0.000,4.452,-5.329
39.43,0.813,0,1.052,1.394,0,0.000,0.000,3.000,0.000,0.000,0.000,4.436,-5.376
39.63,0.794,0,1.057,1.438,0,0.000,0.000,3.000,0.000,0.000,3.000,4.435,-5.418
39.83,0.746,0,1.057,1.438,0,0.000,0.000,0.000,0.000,0.000,0.000,4.463,-5.463
40.03,0.726,0,1.057,1.438,0,0.000,0.000,3.000,0.000,0.000,3.000,4.463,-5.463
40.23,0.115,0,0.735,0.810,1,0.000,0.000,3.000,0.000,0.000,3.000,4.463,-5.463
40.43,0.780,0,0.735,0.810,1,0.000,0.000,3.000,0.000,0.000,3.000,4.463,-5.463
40.63,0.871,0,1.390,1.442,1,0.000,0.000,3.000,0.000,0.000,3.000,4.463,-5.463
40.83,0.790,0,1.390,1.442,1,0.000,0.000,0.000,0.000,0.000,0.000,4.463,-5.463
41.03,0.698,0,1.390,1.442,1,0.000,0.000,0.000,0.000,0.000,0.000,4.463,-5.463
41.23,0.116,0,0.704,0.762,1,0.000,0.000,0.000,0.000,0.000,0.000,4.463,-5.463
41.43,0.701,0,0.704,0.762,1,0.000,0.000,0.000,0.000,0.000,0.000,4.289,-5.268
41.63,0.116,0,0.710,0.951,0,0.000,0.000,0.000,0.000,0.000,0.000,4.304,-5.258
41.83,0.112,0,0.710,0.951,0,0.000,0.000,0.000,0.000,0.000,0.000,4.300,-5.265
42.03,0.112,0,0.710,0.951,0,0.000,0.000,0.000,0.000,0.000,0.000,4.285,-5.267
42.23,0.706,0,0.710,0.951,0,0.000,0.000,0.000,0.000,0.000,0.000,4.295,-5.264
42.43,0.113,0,0.710,0.951,0,0.000,0.000,0.000,0.000,0.000,0.000,4.300,-5.262
42.63,0.704,0,0.710,0.952,0,0.000,0.000,0.000,0.000,0.000,0.000,4.305,-5.256
42.83,0.708,0,0.710,0.952,0,0.000,0.000,0.000,0.000,0.000,0.000,4.312,-5.257
43.03,0.112,0,0.710,0.952,0,0.000,0.000,0.000,0.000,0.000,0.000,4.307,-5.267
43.23,0.706,0,0.710,0.952,0,0.000,0.000,0.000,0.000,0.000,0.000,4.300,-5.264
43.43,0.709,0,0.710,0.952,0,0.000,0.000,0.000,0.000,0.000,0.000,4.309,-5.255
43.63,0.707,0,0.713,0.953,0,0.000,0.000,0.000,0.000,0.000,0.000,4.308,-5.252
43.83,0.707,0,0.713,0.953,0,0.000,0.000,0.000,0.000,0.000,0.000,4.306,-5.254
44.03,0.112,0,0.713,0.953,0,0.000,0.000,0.000,0.000,0.000,0.000,4.311,-5.251
44.23,0.707,0,0.711,0.953,0,0.000,0.000,0.000,0.000,0.000,0.000,4.302,-5.255
44.43,0.711,0,0.711,0.953,0,0.000,0.000,0.000,0.000,0.000,0.000,4.300,-5.256
44.63,0.705,0,0.710,0.955,0,0.000,0.000,0.000,0.000,0.000,0.000,4.305,-5.258
44.83,0.112,0,0.710,0.955,0,0.000,0.000,0.000,0.000,0.000,0.000,4.310,-5.260
45.03,0.712,0,0.710,0.955,0,0.000,0.000,0.000,0.000,0.000,0.000,4.307,-5.266
45.23,0.708,0,0.718,0.953,0,0.000,0.000,0.000,0.000,0.000,0.000,4.307,-5.260
45.43,0.709,0,0.718,0.953,0,0.000,0.000,0.000,0.000,0.000,0.000,4.313,-5.257
45.63,0.706,0,0.712,0.955,0,0.000,0.000,0.000,0.000,0.000,0.000,4.324,-5.262
45.83,0.112,0,0.712,0.955,0,0.000,0.000,0.000,0.000,0.000,0.000,4.327,-5.274
46.03,0.347,0,0.712,0.955,0,0.000,0.000,0.000,0.000,0.000,0.000,4.323,-5.280
46.23,0.277,0,0.293,0.556,0,0.000,0.000,0.000,0.000,0.000,0.000,4.326,-5.276
46.43,0.112,0,0.293,0.556,0,0.000,0.000,0.000,0.000,0.000,0.000,4.322,-5.260
46.63,0.298,0,0.325,0.389,1,0.000,0.000,0.000,0.000,0.000,0.000,4.310,-5.268
46.83,0.289,0,0.325,0.389,1,0.000,0.000,0.000,0.000,0.000,0.000,4.304,-5.273
47.03,0.112,0,0.325,0.389,1,0.000,0.000,0.000,0.000,0.000,0.000,4.313,-5.256
47.23,0.112,0,0.304,0.471,1,0.000,0.000,0.000,0.000,0.000,0.000,4.321,-5.253
47.43,0.278,0,0.304,0.471,1,0.000,0.000,0.000,0.000,0.000,0.000,4.322,-5.274
47.63,0.235,0,0.268,0.404,1,0.000,0.000,0.000,0.000,0.000,0.000,4.326,-5.286
47.83,0.226,0,0.268,0.404,1,0.000,0.000,0.000,0.000,0.000,0.000,4.336,-5.289
48.03,0.112,0,0.268,0.404,1,0.000,0.000,0.000,0.000,0.000,0.000,4.346,-5.274
48.23,0.232,0,0.247,0.363,1,0.000,0.000,0.000,0.000,0.000,0.000,4.328,-5.267
48.43,0.232,0,0.247,0.363,1,0.000,0.000,0.000,0.000,0.000,0.000,4.306,-5.272
48.63,0.229,0,0.245,0.418,1,0.000,0.000,0.000,0.000,0.000,0.000,4.309,-5.283
48.83,0.234,0,0.245,0.418,1,0.000,0.000,0.000,0.000,0.000,0.000,4.327,-5.287
49.03,0.241,0,0.245,0.418,1,0.000,0.000,0.000,0.000,0.000,0.000,4.337,-5.274
49.23,0.244,0,0.257,0.461,0,0.000,0.000,0.000,0.000,0.000,0.000,4.325,-5.268
49.43,0.246,0,0.257,0.461,0,0.000,0.000,0.000,0.000,0.000,0.000,4.316,-5.263
49.63,0.247,0,0.262,nan,0,0.000,0.000,0.000,0.000,0.000,0.000,4.319,-5.286
49.83,0.248,0,0.262,nan,0,0.000,0.000,0.000,0.000,0.000,0.000,4.326,-5.285
50.03,0.113,0,0.262,nan,0,0.000,0.000,0.000,0.000,0.000,0.000,4.327,-5.282
50.23,0.242,0,0.261,nan,0,0.000,0.000,0.000,0.000,0.000,0.000,4.309,-5.284
50.43,0.240,0,0.261,nan,0,0.000,0.000,0.000,0.000,0.000,0.000,4.308,-5.290
50.63,0.240,0,0.256,nan,0,0.000,0.000,0.000,0.000,0.000,0.000,4.338,-5.284
50.83,0.112,0,0.256,nan,0,0.000,0.000,0.000,0.000,0.000,0.000,4.336,-5.276
51.03,0.238,0,0.256,nan,0,0.000,0.000,0.000,0.000,0.000,0.000,4.305,-5.280
51.23,0.238,0,0.254,0.509,0,0.000,0.000,0.000,0.000,0.000,0.000,4.301,-5.281
51.43,0.230,0,0.254,0.509,0,0.000,0.000,0.000,0.000,0.000,0.000,4.315,-5.273
51.63,0.238,0,0.253,0.463,0,0.000,0.000,0.000,0.000,0.000,0.000,4.339,-5.265
51.83,0.115,0,0.253,0.463,0,0.000,0.000,0.000,0.000,0.000,0.000,4.346,-5.257
52.03,0.111,0,0.253,0.463,0,0.000,0.000,0.000,0.000,0.000,0.000,4.330,-5.263
52.23,0.242,0,0.250,0.459,0,0.000,0.000,0.000,0.000,0.000,0.000,4.322,-5.256
52.43,0.113,0,0.250,0.459,0,0.000,0.000,0.000,0.000,0.000,0.000,4.319,-5.259
52.63,0.203,0,0.222,0.469,0,0.000,0.000,0.000,0.000,0.000,0.000,4.328,-5.263
52.83,0.223,0,0.222,0.469,0,0.000,0.000,0.000,0.000,0.000,0.000,4.325,-5.267
53.03,0.233,0,0.222,0.469,0,0.000,0.000,0.000,0.000,0.000,0.000,4.316,-5.269
53.23,0.230,0,0.242,0.418,1,0.000,0.000,0.000,0.000,0.000,0.000,4.319,-5.259
53.43,0.234,0,0.242,0.418,1,0.000,0.000,0.000,0.000,0.000,0.000,4.324,-5.253
53.63,0.233,0,0.250,0.371,1,0.000,0.000,0.000,0.000,0.000,0.000,4.316,-5.259
53.83,0.232,0,0.250,0.371,1,0.000,0.000,0.000,0.000,0.000,0.000,4.327,-5.266
54.03,0.115,0,0.250,0.371,1,0.000,0.000,0.000,0.000,0.000,0.000,4.335,-5.271
54.23,0.112,0,0.250,0.371,1,0.000,0.000,0.000,0.000,0.000,0.000,4.329,-5.255
54.43,0.258,0,0.250,0.371,1,0.000,0.000,0.000,0.000,0.000,0.000,4.304,-5.256
54.63,0.228,0,0.245,0.477,0,0.000,0.000,0.000,0.000,0.000,0.000,4.303,-5.268
54.83,0.220,0,0.245,0.477,0,0.000,0.000,0.000,0.000,0.000,0.000,4.330,-5.262
55.03,0.112,0,0.245,0.477,0,0.000,0.000,0.000,0.000,0.000,0.000,4.332,-5.264
55.23,0.112,0,0.232,0.472,0,0.000,0.000,0.000,0.000,0.000,0.000,4.321,-5.256
55.43,0.112,0,0.232,0.472,0,0.000,0.000,0.000,0.000,0.000,0.000,4.328,-5.249
55.63,0.112,0,0.230,0.465,0,0.000,0.000,0.000,0.000,0.000,0.000,4.328,-5.255
55.83,0.115,0,0.230,0.465,0,0.000,0.000,0.000,0.000,0.000,0.000,4.319,-5.275
56.03,0.268,0,0.230,0.465,0,0.000,0.000,0.000,0.000,0.000,0.000,4.319,-5.280
56.23,0.268,0,0.293,0.458,1,0.000,0.000,0.000,0.000,0.000,0.000,4.310,-5.251
56.43,0.268,0,0.293,0.458,1,0.000,0.000,0.000,0.000,0.000,0.000,4.292,-5.262
56.63,0.269,0,0.284,0.319,1,0.000,0.000,0.000,0.000,0.000,0.000,4.284,-5.272
56.83,0.360,0,0.284,0.319,1,0.000,0.000,0.000,0.000,0.000,0.000,4.299,-5.254
57.03,0.377,0,0.284,0.319,1,0.000,0.000,0.000,0.000,0.000,0.000,4.312,-5.234
57.23,0.113,0,0.412,0.459,1,0.000,0.000,0.000,0.000,0.000,0.000,4.292,-5.249
57.43,0.616,0,0.412,0.459,1,0.000,0.000,0.000,0.000,0.000,0.000,4.272,-5.256
57.63,0.709,0,0.715,0.959,0,0.000,0.000,0.000,0.000,0.000,0.000,4.287,-5.247
57.83,0.707,0,0.715,0.959,0,0.000,0.000,0.000,0.000,0.000,0.000,4.302,-5.239
58.03,0.711,0,0.715,0.959,0,0.000,0.000,0.000,0.000,0.000,0.000,4.302,-5.243
58.23,0.115,0,0.713,0.959,0,0.000,0.000,0.000,0.000,0.000,0.000,4.295,-5.252
58.43,0.112,0,0.713,0.959,0,0.000,0.000,0.000,0.000,0.000,0.000,4.301,-5.246
58.63,0.710,0,0.716,0.958,0,0.000,0.000,0.000,0.000,0.000,0.000,4.307,-5.242
58.83,0.115,0,0.716,0.958,0,0.000,0.000,0.000,0.000,0.000,0.000,4.296,-5.243
59.03,0.112,0,0.716,0.958,0,0.000,0.000,0.000,0.000,0.000,0.000,4.303,-5.238
59.23,0.112,0,0.713,0.959,0,0.000,0.000,0.000,0.000,0.000,0.000,4.317,-5.232
59.43,0.712,0,0.713,0.959,0,0.000,0.000,0.000,0.000,0.000,0.000,4.323,-5.250
59.63,0.713,0,0.719,0.958,0,0.000,0.000,0.000,0.000,0.000,0.000,4.320,-5.265
59.83,0.115,0,0.719,0.958,0,0.000,0.000,0.000,0.000,0.000,0.000,4.292,-5.252
60.03,0.715,0,0.719,0.958,0,0.000,0.000,0.000,0.000,0.000,0.000,4.292,-5.241
60.23,0.706,0,0.723,0.957,0,0.000,0.000,0.000,0.000,0.000,0.000,4.312,-5.247
60.43,0.711,0,0.723,0.957,0,0.000,0.000,0.000,0.000,0.000,0.000,4.310,-5.247
60.63,0.706,0,0.712,0.958,0,0.000,0.000,0.000,0.000,0.000,0.000,4.311,-5.256
60.83,0.115,0,0.712,0.958,0,0.000,0.000,0.000,0.000,0.000,0.000,4.303,-5.268
61.03,0.112,0,0.712,0.958,0,0.000,0.000,0.000,0.000,0.000,0.000,4.307,-5.244
61.23,0.112,0,0.714,0.958,0,0.000,0.000,0.000,0.000,0.000,0.000,4.313,-5.236
61.43,0.112,0,0.714,0.958,0,0.000,0.000,0.000,0.000,0.000,0.000,4.327,-5.247
61.63,0.115,0,0.719,0.958,0,0.000,0.000,0.000,0.000,0.000,0.000,4.321,-5.259
61.83,0.112,0,0.719,0.958,0,0.000,0.000,0.000,0.000,0.000,0.000,4.293,-5.255
62.03,0.112,0,0.719,0.958,0,0.000,0.000,0.000,0.000,0.000,0.000,4.304,-5.252
62.23,0.112,0,0.713,0.958,0,0.000,0.000,0.000,0.000,0.000,0.000,4.316,-5.242
62.43,0.709,0,0.713,0.958,0,0.000,0.000,0.000,0.000,0.000,0.000,4.319,-5.246
62.63,0.112,0,0.715,0.960,0,0.000,0.000,0.000,0.000,0.000,0.000,4.320,-5.250
62.83,0.712,0,0.715,0.960,0,0.000,0.000,0.000,0.000,0.000,0.000,4.319,-5.248
63.03,0.716,0,0.715,0.960,0,0.000,0.000,0.000,0.000,0.000,0.000,4.307,-5.256
63.23,0.708,0,0.713,0.958,0,0.000,0.000,0.000,0.000,0.000,0.000,4.304,-5.250
63.43,0.711,0,0.713,0.958,0,0.000,0.000,0.000,0.000,0.000,0.000,4.314,-5.237
63.63,0.115,0,0.712,0.958,0,0.000,0.000,0.000,0.000,0.000,0.000,4.309,-5.257
63.83,0.112,0,0.712,0.958,0,0.000,0.000,0.000,0.000,0.000,0.000,4.306,-5.265
64.03,0.115,0,0.712,0.958,0,0.000,0.000,0.000,0.000,0.000,0.000,4.307,-5.244
64.23,0.115,0,0.715,0.957,0,0.000,0.000,0.000,0.000,0.000,0.000,4.320,-5.245
64.43,0.113,0,0.715,0.957,0,0.000,0.000,0.000,0.000,0.000,0.000,4.318,-5.266
64.63,0.714,0,0.720,0.959,0,0.000,0.000,0.000,0.000,0.000,0.000,4.308,-5.265
64.83,0.709,0,0.720,0.959,0,0.000,0.000,0.000,0.000,0.000,0.000,4.309,-5.243
65.03,0.115,0,0.720,0.959,0,0.000,0.000,0.000,0.000,0.000,0.000,4.311,-5.250
65.23,0.113,0,0.716,0.959,0,0.000,0.000,0.000,0.000,0.000,0.000,4.305,-5.251
65.43,0.115,0,0.716,0.959,0,0.000,0.000,0.000,0.000,0.000,0.000,4.312,-5.256
65.63,0.112,0,0.716,0.957,0,0.000,0.000,0.000,0.000,0.000,0.000,4.326,-5.250
65.83,0.717,0,0.716,0.957,0,0.000,0.000,0.000,0.000,0.000,0.000,4.320,-5.256
66.03,0.112,0,0.716,0.957,0,0.000,0.000,0.000,0.000,0.000,0.000,4.304,-5.257
66.23,0.112,0,0.714,0.957,0,0.000,0.000,0.000,0.000,0.000,0.000,4.295,-5.259
66.43,0.112,0,0.714,0.957,0,0.000,0.000,0.000,0.000,0.000,0.000,4.317,-5.255
66.63,0.112,0,0.715,0.958,0,0.000,0.000,0.000,0.000,0.000,0.000,4.326,-5.244
66.83,0.113,0,0.715,0.958,0,0.000,0.000,0.000,0.000,0.000,0.000,4.319,-5.242
67.03,0.708,0,0.715,0.958,0,0.000,0.000,3.000,0.000,0.000,3.000,4.302,-5.259
67.23,0.112,0,0.721,0.958,0,0.000,0.000,3.000,0.000,0.000,3.000,4.324,-5.312
67.43,0.746,0,0.721,0.958,0,0.000,0.000,0.000,0.000,0.000,0.000,4.469,-5.468
67.63,0.758,0,0.908,1.154,0,0.000,0.000,0.000,0.000,0.000,0.000,4.643,-5.599
67.83,0.113,0,0.908,1.154,0,0.000,0.000,3.000,0.000,0.000,3.000,4.683,-5.595
68.03,0.780,0,0.908,1.154,0,0.000,0.000,0.000,0.000,0.000,0.000,4.683,-5.595
68.23,0.806,0,2.494,3.806,0,0.000,0.000,0.000,0.000,0.000,0.000,4.683,-5.595
68.43,0.814,0,2.494,3.806,0,0.000,0.000,3.000,0.000,0.000,3.000,4.679,-5.562
68.63,0.807,0,0.921,1.117,1,0.000,0.000,3.000,0.000,0.000,3.000,4.688,-5.594
68.83,0.785,0,0.921,1.117,1,0.000,0.000,3.000,0.000,0.000,3.000,4.788,-5.551
69.03,0.732,0,0.921,1.117,1,0.000,0.000,3.000,0.000,0.000,3.000,4.719,-5.472
69.23,0.112,0,0.718,0.812,1,0.000,0.000,0.000,0.000,0.000,0.000,4.587,-5.509
69.43,0.112,0,0.718,0.812,1,0.000,0.000,0.000,0.000,0.000,0.000,4.689,-5.524
69.63,0.883,0,1.044,2.745,0,0.000,0.000,0.000,0.000,0.000,0.000,4.689,-5.524
69.83,0.822,0,1.044,2.745,0,0.000,0.000,0.000,0.000,0.000,0.000,4.689,-5.524
70.03,0.820,0,1.044,2.745,0,0.000,0.000,0.000,0.000,0.000,0.000,4.689,-5.524
70.23,0.801,0,1.064,1.102,1,0.000,0.000,0.000,0.000,0.000,0.000,4.689,-5.531
70.43,0.821,0,1.064,1.102,1,0.000,0.000,0.000,0.000,0.000,0.000,4.687,-5.527
70.63,0.800,0,1.038,1.103,1,0.000,0.000,0.000,0.000,0.000,0.000,4.685,-5.522
70.83,0.800,0,1.038,1.103,1,-0.400,0.000,0.000,-0.400,0.000,0.000,4.683,-5.527
71.03,0.817,0,1.038,1.103,1,-0.400,0.000,0.000,-0.400,0.000,0.000,4.685,-5.525
71.23,0.778,0,1.052,1.114,1,0.000,0.000,0.000,0.000,0.000,0.000,4.691,-5.515
71.43,0.771,0,1.052,1.114,1,-0.400,0.000,0.000,-0.371,0.000,0.000,4.690,-5.458
71.63,0.755,0,0.973,1.187,0,-0.400,0.000,0.000,-0.355,0.000,0.000,4.691,-5.433
71.83,0.693,0,0.973,1.187,0,0.000,0.000,0.000,0.000,0.000,0.000,4.681,-5.391
72.03,0.635,0,0.973,1.187,0,0.400,0.000,0.000,0.400,0.000,0.000,4.677,-5.333
72.23,0.618,0,1.068,1.313,0,0.400,0.000,0.000,0.400,0.000,0.000,4.673,-5.291
72.43,0.645,0,1.068,1.313,0,0.000,0.000,0.000,0.000,0.000,0.000,4.672,-5.344
72.63,0.669,0,1.018,1.261,0,0.000,0.000,0.000,0.000,0.000,0.000,4.687,-5.403
72.83,0.686,0,1.018,1.261,0,0.400,0.000,0.000,0.400,0.000,0.000,4.687,-5.410
73.03,0.709,0,1.018,1.261,0,0.000,0.000,0.000,0.000,0.000,0.000,4.698,-5.419
73.23,0.750,0,0.968,1.191,0,0.400,0.000,0.000,0.400,0.000,0.000,4.709,-5.458
73.43,0.789,0,0.968,1.191,0,0.400,0.000,0.000,0.400,0.000,0.000,4.710,-5.524
73.63,0.830,0,0.877,1.107,0,0.000,0.000,0.000,0.000,0.000,0.000,4.711,-5.552
73.83,0.823,0,0.877,1.107,0,0.000,0.000,0.000,0.000,0.000,0.000,4.729,-5.641
74.03,0.754,0,0.877,1.107,0,0.000,0.000,0.000,0.000,0.000,0.000,4.752,-5.698
74.23,0.718,0,0.786,0.923,1,0.000,0.000,-3.000,0.000,0.000,-3.000,4.775,-5.751
74.43,0.703,0,0.786,0.923,1,0.000,0.000,-3.000,0.000,0.000,-3.000,4.723,-5.709
74.63,0.109,0,0.823,0.871,1,0.000,0.000,0.000,0.000,0.000,0.000,4.693,-5.660
74.83,0.732,0,0.823,0.871,1,0.000,0.000,0.000,0.000,0.000,0.000,4.693,-5.660
75.03,0.731,0,0.823,0.871,1,0.000,0.000,0.000,0.000,0.000,0.000,4.693,-5.660
75.23,0.735,0,1.319,2.093,0,0.000,0.000,0.000,0.000,0.000,0.000,4.693,-5.660
75.43,0.744,0,1.319,2.093,0,0.000,0.000,0.000,0.000,0.000,0.000,4.696,-5.655
75.63,0.739,0,1.334,2.093,0,0.000,0.000,0.000,0.000,0.000,0.000,4.691,-5.656
75.83,0.741,0,1.334,2.093,0,0.000,0.000,0.000,0.000,0.000,0.000,4.684,-5.667
76.03,0.735,0,1.334,2.093,0,0.000,0.000,0.000,0.000,0.000,0.000,4.687,-5.667
76.23,0.746,0,1.334,2.103,0,0.000,0.000,0.000,0.000,0.000,0.000,4.702,-5.659
76.43,0.735,0,1.334,2.103,0,0.000,0.000,0.000,0.000,0.000,0.000,4.678,-5.662
76.63,0.739,0,1.344,2.096,0,0.000,-0.400,0.000,0.000,-0.400,0.000,4.684,-5.666
76.83,0.113,0,1.344,2.096,0,0.000,-0.400,0.000,0.000,-0.400,0.000,4.699,-5.652
77.03,0.738,0,1.344,2.096,0,0.000,0.000,0.000,0.000,0.000,0.000,4.692,-5.665
77.23,0.743,0,1.352,2.123,0,0.000,-0.400,0.000,0.000,-0.400,0.000,4.681,-5.676
77.43,0.749,0,1.352,2.123,0,0.000,-0.400,0.000,0.000,-0.400,0.000,4.683,-5.673
77.63,0.737,0,1.348,2.121,0,0.000,-0.400,0.000,0.000,-0.400,0.000,4.694,-5.657
77.83,0.740,0,1.348,2.121,0,0.000,-0.400,0.000,0.000,-0.400,0.000,4.693,-5.657
78.03,0.741,0,1.348,2.121,0,0.000,-0.400,0.000,0.000,-0.400,0.000,4.688,-5.662
78.23,0.739,0,1.344,2.117,0,0.000,-0.400,0.000,0.000,-0.400,0.000,4.685,-5.667
78.43,0.742,0,1.344,2.117,0,0.000,0.000,0.000,0.000,0.000,0.000,4.687,-5.656
78.63,0.751,0,1.351,2.131,0,0.000,0.000,0.000,0.000,0.000,0.000,4.682,-5.667
78.83,0.743,0,1.351,2.131,0,0.000,0.000,0.000,0.000,0.000,0.000,4.682,-5.664
79.03,0.744,0,1.351,2.131,0,0.000,0.000,0.000,0.000,0.000,0.000,4.678,-5.659
79.23,0.742,0,1.343,2.127,0,0.000,0.000,0.000,0.000,0.000,0.000,4.684,-5.659
79.43,0.738,0,1.343,2.127,0,0.000,0.000,0.000,0.000,0.000,0.000,4.684,-5.665
79.63,0.744,0,1.360,2.123,0,0.000,0.000,0.000,0.000,0.000,0.000,4.684,-5.667
79.83,0.744,0,1.360,2.123,0,0.000,0.000,0.000,0.000,0.000,0.000,4.688,-5.658
80.03,0.741,0,1.360,2.123,0,0.000,0.000,0.000,0.000,0.000,0.000,4.684,-5.652
80.23,0.739,0,1.364,2.136,0,0.000,0.000,0.000,0.000,0.000,0.000,4.666,-5.657
80.43,0.741,0,1.364,2.136,0,0.000,0.000,0.000,0.000,0.000,0.000,4.671,-5.658
80.63,0.741,0,1.365,2.135,0,0.000,0.000,0.000,0.000,0.000,0.000,4.680,-5.660
80.83,0.742,0,1.365,2.135,0,0.000,-0.550,0.000,0.000,-0.550,0.000,4.687,-5.657
81.03,0.742,0,1.365,2.135,0,0.000,0.000,0.000,0.000,0.000,0.000,4.687,-5.658
81.23,0.113,0,1.408,2.186,0,0.000,-0.550,0.000,0.000,-0.550,0.000,4.676,-5.656
81.43,0.753,0,1.408,2.186,0,0.000,-0.550,0.000,0.000,-0.550,0.000,4.659,-5.653
81.63,0.758,0,1.667,2.945,0,0.000,-0.550,0.000,0.000,-0.550,0.000,4.666,-5.661
81.83,0.762,0,1.667,2.945,0,0.000,-0.550,0.000,0.000,-0.550,0.000,4.671,-5.679
82.03,0.772,0,1.667,2.945,0,0.000,-0.550,0.000,0.000,-0.550,0.000,4.658,-5.677
82.23,0.789,0,2.109,3.695,0,0.000,-0.550,0.000,0.000,-0.550,0.000,4.666,-5.682
82.43,0.808,0,2.109,3.695,0,0.000,-0.550,0.000,0.000,-0.550,0.000,4.679,-5.679
82.63,0.835,0,0.939,1.055,1,0.000,-0.550,0.000,0.000,-0.550,0.000,4.682,-5.685
82.83,0.863,0,0.939,1.055,1,0.000,-0.550,0.000,0.000,-0.550,0.000,4.659,-5.717
83.03,0.919,0,0.939,1.055,1,0.000,-0.550,0.000,0.000,-0.550,0.000,4.620,-5.740
83.23,0.952,0,0.986,1.033,1,0.000,-0.550,0.000,0.000,-0.550,0.000,4.572,-5.791
83.43,0.920,0,0.986,1.033,1,0.000,-0.550,0.000,0.000,-0.550,0.000,4.568,-5.837
83.63,0.864,0,1.039,1.087,1,0.000,0.000,0.000,0.000,0.000,0.000,4.561,-5.882
83.83,0.828,0,1.039,1.087,1,0.000,0.000,0.000,0.000,0.000,0.000,4.530,-5.972
84.03,0.832,0,1.039,1.087,1,0.000,0.550,0.000,0.000,0.550,0.000,4.490,-6.012
84.23,0.109,0,1.078,1.145,1,0.000,0.550,0.000,0.000,0.550,0.000,4.464,-6.004
84.43,0.829,0,1.078,1.145,1,0.000,0.000,0.000,0.000,0.000,0.000,4.463,-5.982
84.63,0.800,0,1.099,1.165,1,0.000,0.550,0.000,0.000,0.550,0.000,4.461,-5.966
84.83,0.794,0,1.099,1.165,1,0.000,0.550,0.000,0.000,0.550,0.000,4.449,-5.981
85.03,0.789,0,1.099,1.165,1,0.000,0.550,0.000,0.000,0.550,0.000,4.423,-5.998
85.23,0.769,0,1.113,1.176,1,0.000,0.550,0.000,0.000,0.550,0.000,4.399,-5.971
85.43,0.777,0,1.113,1.176,1,0.000,0.550,0.000,0.000,0.550,0.000,4.397,-5.939
85.63,0.767,0,1.134,1.208,1,0.000,0.550,0.000,0.000,0.550,0.000,4.388,-5.913
85.83,0.752,0,1.134,1.208,1,0.000,0.550,0.000,0.000,0.550,0.000,4.346,-5.874
86.03,0.755,0,1.134,1.208,1,0.000,0.550,0.000,0.000,0.550,0.000,4.313,-5.832
86.23,0.729,0,1.211,1.267,1,0.000,0.000,0.000,0.000,0.000,0.000,4.288,-5.751
86.43,0.701,0,1.211,1.267,1,0.000,0.000,0.000,0.000,0.000,0.000,4.300,-5.714
86.63,0.686,0,1.169,1.317,1,0.000,0.550,0.000,0.000,0.550,0.000,4.281,-5.694
86.83,0.681,0,1.169,1.317,1,0.000,0.550,0.000,0.000,0.550,0.000,4.275,-5.710
87.03,0.680,0,1.169,1.317,1,0.000,0.000,0.000,0.000,0.000,0.000,4.279,-5.710
87.23,0.685,0,1.233,1.309,1,0.000,0.550,0.000,0.000,0.550,0.000,4.290,-5.692
87.43,0.684,0,1.233,1.309,1,0.000,0.550,0.000,0.000,0.550,0.000,4.280,-5.693
87.63,0.696,0,1.244,1.296,1,0.000,0.550,0.000,0.000,0.550,0.000,4.284,-5.688
87.83,0.693,0,1.244,1.296,1,0.000,0.550,0.000,0.000,0.550,0.000,4.288,-5.670
88.03,0.695,0,1.244,1.296,1,0.000,0.550,0.000,0.000,0.550,0.000,4.309,-5.642
88.23,0.721,0,1.205,1.247,1,0.000,0.550,0.000,0.000,0.550,0.000,4.348,-5.596
88.43,0.735,0,1.205,1.247,1,0.000,0.550,0.000,0.000,0.550,0.000,4.349,-5.567
88.63,0.111,0,1.151,1.204,1,0.000,0.550,0.000,0.000,0.550,0.000,4.382,-5.509
88.83,0.811,0,1.151,1.204,1,0.000,0.550,0.000,0.000,0.550,0.000,4.428,-5.480
89.03,0.817,0,1.151,1.204,1,0.000,0.550,0.000,0.000,0.550,0.000,4.458,-5.460
89.23,0.755,0,1.110,1.286,1,0.000,0.550,0.000,0.000,0.517,0.000,4.503,-5.393
89.43,0.112,0,1.110,1.286,1,0.000,0.550,0.000,0.000,0.429,0.000,4.534,-5.335
89.63,0.674,0,1.223,3.552,0,0.000,0.550,0.000,0.000,0.377,0.000,4.581,-5.267
89.83,0.614,0,1.223,3.552,0,0.000,0.000,0.000,0.000,0.000,0.000,4.630,-5.231
90.03,0.590,0,1.223,3.552,0,0.000,-0.550,0.000,0.000,-0.550,0.000,4.674,-5.196
90.23,0.602,0,1.226,2.955,0,0.000,-0.550,0.000,0.000,-0.550,0.000,4.666,-5.165
90.43,0.620,0,1.226,2.955,0,0.000,-0.550,0.000,0.000,-0.550,0.000,4.641,-5.173
90.63,0.631,0,1.263,3.223,0,0.000,-0.550,0.000,0.000,-0.550,0.000,4.603,-5.208
90.83,0.638,0,1.263,3.223,0,0.000,-0.550,0.000,0.000,-0.550,0.000,4.597,-5.208
91.03,0.647,0,1.263,3.223,0,0.000,-0.550,0.000,0.000,-0.550,0.000,4.637,-5.198
91.23,0.668,0,1.102,1.310,0,0.000,-0.550,0.000,0.000,-0.550,0.000,4.659,-5.188
91.43,0.684,0,1.102,1.310,0,0.000,-0.550,0.000,0.000,-0.550,0.000,4.622,-5.211
91.63,0.709,0,1.121,1.171,1,0.000,-0.550,0.000,0.000,-0.550,0.000,4.627,-5.246
91.83,0.726,0,1.121,1.171,1,0.000,-0.550,0.000,0.000,-0.550,0.000,4.625,-5.259
92.03,0.744,0,1.121,1.171,1,0.000,-0.550,0.000,0.000,-0.550,0.000,4.588,-5.300
92.23,0.769,0,0.757,0.806,1,0.000,0.550,0.000,0.000,0.550,0.000,4.573,-5.342
92.43,0.781,0,0.757,0.806,1,0.000,0.550,0.000,0.000,0.550,0.000,4.532,-5.369
92.63,0.789,0,0.789,0.854,1,0.000,0.550,0.000,0.000,0.550,0.000,4.463,-5.358
92.83,0.791,0,0.789,0.854,1,0.000,0.550,0.000,0.000,0.550,0.000,4.471,-5.325
93.03,0.792,0,0.789,0.854,1,0.000,0.550,0.000,0.000,0.550,0.000,4.501,-5.321
93.23,0.795,0,0.796,0.856,1,0.000,0.550,0.000,0.000,0.550,0.000,4.486,-5.358
93.43,0.789,0,0.796,0.856,1,0.000,0.550,0.000,0.000,0.550,0.000,4.456,-5.360
93.63,0.792,0,0.800,0.844,1,0.000,0.550,0.000,0.000,0.550,0.000,4.446,-5.323
93.83,0.793,0,0.800,0.844,1,0.000,0.550,0.000,0.000,0.550,0.000,4.459,-5.298
94.03,0.794,0,0.800,0.844,1,0.000,0.550,0.000,0.000,0.550,0.000,4.422,-5.269
94.23,0.792,0,0.798,0.822,1,0.000,0.550,0.000,0.000,0.550,0.000,4.407,-5.246
94.43,0.792,0,0.798,0.822,1,0.000,0.550,0.000,0.000,0.550,0.000,4.421,-5.221
94.63,0.789,0,0.797,1.276,0,0.000,0.550,0.000,0.000,0.549,0.000,4.441,-5.165
94.83,0.788,0,0.797,1.276,0,0.000,0.550,0.000,0.000,0.536,0.000,4.449,-5.130
95.03,0.784,0,0.797,1.276,0,0.000,0.550,0.000,0.000,0.528,0.000,4.456,-5.091
95.23,0.773,0,1.259,1.301,1,0.000,0.550,0.000,0.000,0.513,0.000,4.452,-5.057
95.43,0.762,0,1.259,1.301,1,0.000,0.550,0.000,0.000,0.498,0.000,4.468,-5.027
95.63,0.740,0,1.277,1.315,1,0.000,0.550,0.000,0.000,0.480,0.000,4.494,-4.993
95.83,0.720,0,1.277,1.315,1,0.000,0.550,0.000,0.000,0.440,0.000,4.530,-4.965
96.03,0.699,0,1.277,1.315,1,0.000,0.550,0.000,0.000,0.411,0.000,4.552,-4.929
96.23,0.666,0,1.275,1.520,0,0.000,0.550,0.000,0.000,0.366,0.000,4.576,-4.916
96.43,0.644,0,1.275,1.520,0,0.000,0.550,0.000,0.000,0.335,0.000,4.604,-4.894
96.63,0.612,0,1.280,2.447,0,0.000,0.550,0.000,0.000,0.291,0.000,4.646,-4.859
96.83,0.593,0,1.280,2.447,0,0.000,0.550,0.000,0.000,0.265,0.000,4.679,-4.836
97.03,0.570,0,1.280,2.447,0,0.000,0.550,0.000,0.000,0.243,0.000,4.683,-4.810
97.23,0.566,0,1.260,1.518,0,0.000,0.550,0.000,0.000,0.228,0.000,4.679,-4.810
97.43,0.566,0,1.260,1.518,0,0.000,-0.550,0.000,0.000,-0.550,0.000,4.684,-4.810
97.63,0.569,0,1.245,1.483,0,0.000,-0.550,0.000,0.000,-0.550,0.000,4.689,-4.806
97.83,0.578,0,1.245,1.483,0,0.000,0.000,0.000,0.000,0.000,0.000,4.701,-4.811
98.03,0.587,0,1.245,1.483,0,0.000,-0.550,0.000,0.000,-0.550,0.000,4.692,-4.829
98.23,0.589,0,1.227,1.282,1,0.000,-0.550,0.000,0.000,-0.550,0.000,4.670,-4.826
98.43,0.109,0,1.227,1.282,1,0.000,-0.550,0.000,0.000,-0.550,0.000,4.666,-4.825
98.63,0.608,0,0.668,1.300,0,0.000,-0.550,0.000,0.000,-0.550,0.000,4.668,-4.828
98.83,0.111,0,0.668,1.300,0,0.000,-0.550,0.000,0.000,-0.550,0.000,4.684,-4.839
99.03,0.633,0,0.668,1.300,0,0.000,-0.550,0.000,0.000,-0.550,0.000,4.687,-4.862
99.23,0.642,0,0.639,0.674,1,0.000,-0.550,0.000,0.000,-0.550,0.000,4.678,-4.878
99.43,0.653,0,0.639,0.674,1,0.000,-0.550,0.000,0.000,-0.550,0.000,4.671,-4.893
99.63,0.653,0,0.660,0.702,1,0.000,-0.550,0.000,0.000,-0.550,0.000,4.672,-4.925
99.83,0.649,0,0.660,0.702,1,0.000,-0.550,0.000,0.000,-0.550,0.000,4.680,-4.948
100.03,0.628,0,0.660,0.702,1,0.000,-0.550,0.000,0.000,-0.550,0.000,4.712,-4.961
100.23,0.607,0,0.634,0.716,1,0.000,-0.550,0.000,0.000,-0.285,0.000,4.718,-4.988
100.43,0.578,0,0.634,0.716,1,0.000,-0.550,0.000,0.000,-0.245,0.000,4.704,-5.058
100.63,0.560,0,0.685,0.928,0,0.000,-0.550,0.000,0.000,-0.231,0.000,4.709,-5.075
100.83,0.550,0,0.685,0.928,0,0.000,-0.550,0.000,0.000,-0.206,0.000,4.709,-5.085
101.03,0.548,0,0.685,0.928,0,0.000,-0.550,0.000,0.000,-0.203,0.000,4.724,-5.095
101.23,0.548,0,0.697,1.187,0,0.000,0.000,0.000,0.000,0.000,0.000,4.724,-5.090
101.43,0.548,0,0.697,1.187,0,-0.550,0.000,0.000,-0.550,0.000,0.000,4.729,-5.083
101.63,0.111,1,0.688,1.188,0,-0.550,0.000,0.000,0.000,0.000,0.000,4.734,-5.091
101.83,0.551,0,0.688,1.188,0,0.000,0.000,0.000,0.000,0.000,0.000,4.734,-5.111
102.03,0.556,0,0.688,1.188,0,0.000,0.000,0.000,0.000,0.000,0.000,4.706,-5.164
102.23,0.561,0,0.733,1.288,0,0.000,0.000,0.000,0.000,0.000,0.000,4.704,-5.236
102.43,0.566,0,0.733,1.288,0,0.000,0.000,0.000,0.000,0.000,0.000,4.729,-5.273
102.63,0.568,0,0.736,1.100,0,0.000,0.000,0.000,0.000,0.000,0.000,4.727,-5.258
102.83,0.569,0,0.736,1.100,0,0.000,0.000,3.000,0.000,0.000,3.000,4.707,-5.255
103.03,0.580,0,0.736,1.100,0,0.000,0.000,0.000,0.000,0.000,0.000,4.692,-5.231
103.23,0.602,0,1.229,1.769,0,0.000,0.000,3.000,0.000,0.000,3.000,4.603,-5.215
103.43,0.606,0,1.229,1.769,0,0.000,0.000,3.000,0.000,0.000,3.000,4.632,-5.267
103.63,0.648,0,1.018,1.052,1,0.000,0.000,3.000,0.000,0.000,3.000,4.757,-5.264
103.83,0.589,0,1.018,1.052,1,0.000,0.000,0.000,0.000,0.000,0.000,4.666,-5.354
104.03,0.540,0,1.018,1.052,1,0.000,0.000,0.000,0.000,0.000,0.000,4.595,-5.466
104.23,0.507,0,0.990,1.022,1,0.000,0.000,0.000,0.000,0.000,0.000,4.566,-5.579
104.43,0.503,0,0.990,1.022,1,0.000,0.000,0.000,0.000,0.000,0.000,4.566,-5.579
104.63,0.501,0,1.089,2.380,0,0.000,0.000,0.000,0.000,0.000,0.000,4.566,-5.579
104.83,0.501,0,1.089,2.380,0,0.000,0.000,0.000,0.000,0.000,0.000,4.574,-5.571
105.03,0.504,0,1.089,2.380,0,0.000,0.000,0.000,0.000,0.000,0.000,4.570,-5.583
105.23,0.502,0,1.081,2.580,0,0.000,0.000,0.000,0.000,0.000,0.000,4.575,-5.572
105.43,0.502,0,1.081,2.580,0,0.000,0.000,-3.000,0.000,0.000,-3.000,4.555,-5.584
105.63,0.507,0,1.152,2.592,0,0.000,0.000,-3.000,0.000,0.000,-3.000,4.526,-5.568
105.83,0.533,0,1.152,2.592,0,0.000,0.000,0.000,0.000,0.000,0.000,4.498,-5.514
106.03,0.539,0,1.152,2.592,0,0.000,0.000,0.000,0.000,0.000,0.000,4.503,-5.513
106.23,0.541,0,1.131,1.210,1,0.000,0.000,0.000,0.000,0.000,0.000,4.503,-5.513
106.43,0.539,0,1.131,1.210,1,0.550,0.000,0.000,0.550,0.000,0.000,4.503,-5.513
106.63,0.548,0,1.114,1.191,1,0.550,0.000,0.000,0.550,0.000,0.000,4.503,-5.513
106.83,0.590,0,1.114,1.191,1,0.550,0.000,0.000,0.550,0.000,0.000,4.450,-5.530
107.03,0.648,0,1.114,1.191,1,0.000,0.000,0.000,0.000,0.000,0.000,4.365,-5.561
107.23,0.718,0,0.915,0.998,1,0.000,0.000,0.000,0.000,0.000,0.000,4.220,-5.611
107.43,0.743,0,0.915,0.998,1,0.000,0.000,0.000,0.000,0.000,0.000,4.168,-5.618
107.63,0.691,0,0.697,0.763,1,0.550,0.000,0.000,0.400,0.000,0.000,4.113,-5.639
107.83,0.617,0,0.697,0.763,1,0.550,0.000,0.000,0.351,0.000,0.000,4.049,-5.679
108.03,0.550,0,0.697,0.763,1,0.000,0.000,0.000,0.000,0.000,0.000,3.972,-5.690
108.23,0.444,0,0.502,0.569,1,0.000,0.000,0.000,0.000,0.000,0.000,3.855,-5.713
108.43,0.380,1,0.502,0.569,1,0.550,0.000,0.000,0.000,0.000,0.000,3.800,-5.742
108.63,0.349,1,0.360,0.397,1,0.550,0.000,0.000,0.000,0.000,0.000,3.768,-5.762
108.83,0.320,0,0.360,0.397,1,0.000,0.000,0.000,0.000,0.000,0.000,3.759,-5.754
109.03,0.320,1,0.360,0.397,1,0.550,0.000,0.000,0.000,0.000,0.000,3.755,-5.755
109.23,0.331,1,0.342,0.370,1,0.550,0.000,0.000,0.000,0.000,0.000,3.755,-5.762
109.43,0.322,1,0.342,0.370,1,0.550,0.000,0.000,0.000,0.000,0.000,3.748,-5.765
109.63,0.332,1,0.344,0.370,1,0.550,0.000,0.000,0.000,0.000,0.000,3.746,-5.760
109.83,0.319,0,0.344,0.370,1,0.000,0.000,0.000,0.000,0.000,0.000,3.757,-5.760
110.03,0.319,1,0.344,0.370,1,0.550,0.000,0.000,0.000,0.000,0.000,3.771,-5.761
110.23,0.315,1,0.332,0.368,1,0.550,0.000,0.000,0.000,0.000,0.000,3.780,-5.755
110.43,0.313,1,0.332,0.368,1,0.550,0.000,0.000,0.000,0.000,0.000,3.779,-5.771
110.63,0.303,1,0.322,0.360,1,0.550,0.000,0.000,0.000,0.000,0.000,3.756,-5.770
110.83,0.273,1,0.322,0.360,1,0.550,0.000,0.000,0.000,0.000,0.000,3.759,-5.754
111.03,0.260,1,0.322,0.360,1,0.550,0.000,0.000,0.000,0.000,0.000,3.776,-5.763
111.23,0.234,1,0.264,0.319,1,0.550,0.000,0.000,0.000,0.000,0.000,3.770,-5.768
111.43,0.283,1,0.264,0.319,1,0.550,0.000,0.000,0.000,0.000,0.000,3.748,-5.761
111.63,0.287,1,0.302,0.348,1,0.550,0.000,0.000,0.000,0.000,0.000,3.748,-5.761
111.83,0.282,1,0.302,0.348,1,0.550,0.000,0.000,0.000,0.000,0.000,3.775,-5.762
112.03,0.284,1,0.302,0.348,1,0.550,0.000,0.000,0.000,0.000,0.000,3.780,-5.776
112.23,0.295,1,0.302,0.347,1,0.550,0.000,0.000,0.000,0.000,0.000,3.762,-5.765
112.43,0.300,1,0.302,0.347,1,0.550,0.000,0.000,0.000,0.000,0.000,3.759,-5.765
112.63,0.307,1,0.319,0.356,1,0.550,0.000,0.000,0.000,0.000,0.000,3.769,-5.775
112.83,0.310,1,0.319,0.356,1,0.550,0.000,0.000,0.000,0.000,0.000,3.781,-5.785
113.03,0.310,1,0.319,0.356,1,0.550,0.000,0.000,0.000,0.000,0.000,3.785,-5.761
113.23,0.310,1,0.323,0.358,1,0.550,0.000,0.000,0.000,0.000,0.000,3.770,-5.768
113.43,0.311,1,0.323,0.358,1,0.550,0.000,0.000,0.000,0.000,0.000,3.770,-5.773
113.63,0.319,1,0.330,0.362,1,0.550,0.000,0.000,0.000,0.000,0.000,3.781,-5.784
113.83,0.327,1,0.330,0.362,1,0.550,0.000,0.000,0.000,0.000,0.000,3.780,-5.784
114.03,0.329,1,0.330,0.362,1,0.550,0.000,0.000,0.000,0.000,0.000,3.780,-5.767
114.23,0.330,1,0.341,0.366,1,0.550,0.000,0.000,0.000,0.000,0.000,3.781,-5.759
114.43,0.327,1,0.341,0.366,1,0.550,0.000,0.000,0.000,0.000,0.000,3.784,-5.790
114.63,0.324,1,0.337,0.364,1,0.550,0.000,0.000,0.000,0.000,0.000,3.780,-5.794
114.83,0.318,1,0.337,0.364,1,0.550,0.000,0.000,0.000,0.000,0.000,3.774,-5.772
115.03,0.303,1,0.337,0.364,1,0.550,0.000,0.000,0.000,0.000,0.000,3.755,-5.765
115.23,0.300,1,0.313,0.355,1,0.550,0.000,0.000,0.000,0.000,0.000,3.763,-5.776
115.43,0.286,1,0.313,0.355,1,0.550,0.000,0.000,0.000,0.000,0.000,3.766,-5.778
115.63,0.271,1,0.286,0.327,1,0.550,0.000,0.000,0.000,0.000,0.000,3.753,-5.758
115.83,0.336,0,0.286,0.327,1,0.550,0.000,0.000,0.525,0.000,0.000,3.744,-5.762
116.03,0.558,0,0.286,0.327,1,0.550,0.000,0.000,0.518,0.000,0.000,3.763,-5.761
116.23,0.620,0,0.763,0.980,0,0.550,0.000,0.000,0.500,0.000,0.000,3.774,-5.764
116.43,0.615,0,0.763,0.980,0,0.550,0.000,0.000,0.445,0.000,0.000,3.698,-5.794
116.63,0.628,0,0.685,0.875,1,0.550,0.000,0.000,0.400,0.000,0.000,3.604,-5.818
116.83,0.574,0,0.685,0.875,1,0.000,0.000,0.000,0.000,0.000,0.000,3.429,-5.834
117.03,0.525,0,0.685,0.875,1,0.000,0.000,0.000,0.000,0.000,0.000,3.307,-5.857
117.23,0.482,0,0.537,0.720,1,0.000,0.000,0.000,0.000,0.000,0.000,3.215,-5.910
117.43,0.433,0,0.537,0.720,1,0.000,0.000,0.000,0.000,0.000,0.000,3.124,-5.952
117.63,0.411,0,0.443,0.595,1,0.000,0.000,0.000,0.000,0.000,0.000,3.073,-5.958
117.83,0.390,0,0.443,0.595,1,-0.550,0.000,0.000,-0.550,0.000,0.000,3.022,-5.979
118.03,0.398,0,0.443,0.595,1,0.000,0.000,0.000,0.000,0.000,0.000,3.008,-5.986
118.23,0.413,0,0.435,0.572,1,0.000,0.000,0.000,0.000,0.000,0.000,3.072,-5.979
118.43,0.424,0,0.435,0.572,1,0.000,0.000,0.000,0.000,0.000,0.000,3.125,-5.960
118.63,0.423,0,0.454,0.604,1,0.000,0.000,0.000,0.000,0.000,0.000,3.120,-5.948
118.83,0.423,0,0.454,0.604,1,0.000,0.000,0.000,0.000,0.000,0.000,3.072,-5.958
119.03,0.423,0,0.454,0.604,1,0.000,0.000,0.000,0.000,0.000,0.000,3.094,-5.957
119.23,0.423,0,0.452,0.603,1,0.000,0.000,0.000,0.000,0.000,0.000,3.114,-5.955
119.43,0.423,0,0.452,0.603,1,0.000,0.000,0.000,0.000,0.000,0.000,3.113,-5.954
119.63,0.423,0,0.452,0.603,1,0.000,0.000,0.000,0.000,0.000,0.000,3.101,-5.968
119.83,0.423,0,0.452,0.603,1,0.000,0.000,0.000,0.000,0.000,0.000,3.082,-5.973
120.03,0.423,0,0.452,0.603,1,0.000,0.000,0.000,0.000,0.000,0.000,3.097,-5.969
120.23,0.423,0,0.454,0.603,1,0.000,0.000,0.000,0.000,0.000,0.000,3.111,-5.969
120.43,0.423,0,0.454,0.603,1,0.000,0.000,0.000,0.000,0.000,0.000,3.112,-5.978
120.63,0.423,0,0.452,0.603,1,0.000,0.000,0.000,0.000,0.000,0.000,3.090,-5.975
120.83,0.423,0,0.452,0.603,1,0.000,0.000,0.000,0.000,0.000,0.000,3.076,-5.973
121.03,0.423,0,0.452,0.603,1,0.000,0.000,0.000,0.000,0.000,0.000,3.095,-5.964
121.23,0.423,0,0.453,0.603,1,0.000,0.000,0.000,0.000,0.000,0.000,3.125,-5.977
121.43,0.423,0,0.453,0.603,1,0.000,0.000,0.000,0.000,0.000,0.000,3.109,-5.981
121.63,0.423,0,0.453,0.603,1,0.000,0.000,0.000,0.000,0.000,0.000,3.097,-5.981
121.83,0.423,0,0.453,0.603,1,0.000,0.000,0.000,0.000,0.000,0.000,3.090,-5.976
122.03,0.423,0,0.453,0.603,1,0.000,0.000,0.000,0.000,0.000,0.000,3.104,-5.971
122.23,0.423,0,0.453,0.603,1,0.000,0.000,0.000,0.000,0.000,0.000,3.102,-5.966
122.43,0.423,0,0.453,0.603,1,0.000,0.000,0.000,0.000,0.000,0.000,3.081,-5.970
122.63,0.423,0,0.455,0.604,1,0.000,0.000,0.000,0.000,0.000,0.000,3.068,-5.967
122.83,0.423,0,0.455,0.604,1,0.000,0.000,0.000,0.000,0.000,0.000,3.092,-5.973
123.03,0.423,0,0.455,0.604,1,0.000,0.000,0.000,0.000,0.000,0.000,3.109,-5.983
123.23,0.423,0,0.453,0.603,1,0.000,0.000,0.000,0.000,0.000,0.000,3.108,-5.986
123.43,0.423,0,0.453,0.603,1,0.000,0.000,0.000,0.000,0.000,0.000,3.100,-5.970
123.63,0.423,0,0.455,0.604,1,0.000,0.000,0.000,0.000,0.000,0.000,3.078,-5.968
123.83,0.423,0,0.455,0.604,1,0.000,0.000,0.000,0.000,0.000,0.000,3.086,-5.984
124.03,0.423,0,0.455,0.604,1,0.000,0.000,0.000,0.000,0.000,0.000,3.095,-5.998
124.23,0.423,0,0.453,0.604,1,0.000,0.000,0.000,0.000,0.000,0.000,3.106,-5.977
124.43,0.423,0,0.453,0.604,1,0.000,0.000,0.000,0.000,0.000,0.000,3.093,-5.954
124.63,0.423,0,0.453,0.605,1,0.000,0.000,0.000,0.000,0.000,0.000,3.100,-5.977
124.83,0.423,0,0.453,0.605,1,-0.550,0.000,0.000,-0.550,0.000,0.000,3.116,-5.994
125.03,0.433,0,0.453,0.605,1,-0.550,0.000,0.000,-0.550,0.000,0.000,3.119,-5.978
125.23,0.455,0,0.463,0.619,1,0.000,0.000,0.000,0.000,0.000,0.000,3.137,-5.955
125.43,0.482,0,0.463,0.619,1,0.000,0.000,0.000,0.000,0.000,0.000,3.233,-5.913
125.63,0.495,0,0.524,0.686,1,0.000,0.000,-3.000,0.000,0.000,-3.000,3.274,-5.905
125.83,0.498,0,0.524,0.686,1,0.000,0.000,-3.000,0.000,0.000,-3.000,3.297,-5.903
126.03,0.486,0,0.524,0.686,1,0.000,0.000,0.000,0.000,0.000,0.000,3.272,-5.811
126.23,0.491,0,0.494,0.553,1,0.000,0.000,0.000,0.000,0.000,0.000,3.277,-5.679
126.43,0.493,0,0.494,0.553,1,0.000,0.000,-3.000,0.000,0.000,-3.000,3.280,-5.656
126.63,0.111,0,0.500,0.547,1,0.000,0.000,-3.000,0.000,0.000,-3.000,3.280,-5.656
126.83,0.500,0,0.500,0.547,1,0.000,0.000,0.000,0.000,0.000,0.000,3.280,-5.656
127.03,0.527,0,0.500,0.547,1,0.000,0.000,0.000,0.000,0.000,0.000,3.280,-5.656
127.23,0.533,0,1.177,1.241,1,0.000,0.000,0.000,0.000,0.000,0.000,3.249,-5.644
127.43,0.533,0,1.177,1.241,1,0.000,0.000,0.000,0.000,0.000,0.000,3.238,-5.649
127.63,0.533,0,1.184,1.245,1,0.000,0.000,0.000,0.000,0.000,0.000,3.245,-5.648
127.83,0.532,0,1.184,1.245,1,-0.550,0.000,0.000,-0.550,0.000,0.000,3.245,-5.650
128.03,0.535,0,1.184,1.245,1,0.000,0.000,0.000,0.000,0.000,0.000,3.246,-5.641
128.23,0.109,0,1.226,1.282,1,0.000,0.000,0.000,0.000,0.000,0.000,3.315,-5.684
128.43,0.553,1,1.226,1.282,1,-0.550,0.000,0.000,0.000,0.000,0.000,3.361,-5.737
128.63,0.559,0,1.331,1.396,1,-0.550,0.000,0.000,-0.550,0.000,0.000,3.389,-5.753
128.83,0.567,0,1.331,1.396,1,0.000,0.000,0.000,0.000,0.000,0.000,3.409,-5.744
129.03,0.572,0,1.331,1.396,1,0.000,0.000,0.000,0.000,0.000,0.000,3.440,-5.768
129.23,0.576,0,0.749,1.514,0,0.000,0.000,0.000,0.000,0.000,0.000,3.485,-5.825
129.43,0.576,0,0.749,1.514,0,-0.550,0.000,0.000,-0.550,0.000,0.000,3.491,-5.823
129.63,0.576,0,0.729,1.538,0,-0.550,0.000,0.000,-0.550,0.000,0.000,3.468,-5.816
129.83,0.591,0,0.729,1.538,0,0.000,0.000,0.000,0.000,0.000,0.000,3.507,-5.861
130.03,0.602,0,0.729,1.538,0,0.000,0.000,0.000,0.000,0.000,0.000,3.579,-5.894
130.23,0.609,0,0.743,0.922,1,-0.550,0.000,0.000,-0.550,0.000,0.000,3.634,-5.913
130.43,0.624,0,0.743,0.922,1,0.000,0.000,0.000,0.000,0.000,0.000,3.651,-5.917
130.63,0.111,1,0.786,0.962,1,-0.550,0.000,0.000,0.000,0.000,0.000,3.691,-5.945
130.83,0.664,0,0.786,0.962,1,-0.550,0.000,0.000,-0.550,0.000,0.000,3.791,-6.011
131.03,0.679,0,0.786,0.962,1,-0.550,0.000,0.000,-0.550,0.000,0.000,3.837,-6.035
131.23,0.109,0,0.828,1.004,1,-0.550,0.000,0.000,-0.550,0.000,0.000,3.933,-6.051
131.43,0.798,0,0.828,1.004,1,-0.550,0.000,0.000,-0.550,0.000,0.000,4.018,-6.101
131.63,0.818,0,0.905,1.048,1,0.000,0.000,0.000,0.000,0.000,0.000,4.187,-6.200
131.83,0.888,0,0.905,1.048,1,0.000,0.000,0.000,0.000,0.000,0.000,4.329,-6.247
132.03,0.939,0,0.905,1.048,1,0.000,0.000,0.000,0.000,0.000,0.000,4.435,-6.286
132.23,0.967,0,1.162,1.230,1,0.000,0.000,0.000,0.000,0.000,0.000,4.543,-6.320
132.43,0.109,0,1.162,1.230,1,0.000,0.000,0.000,0.000,0.000,0.000,4.592,-6.341
132.63,0.112,1,1.339,1.370,1,-0.550,0.000,0.000,0.000,0.000,0.000,4.657,-6.375
132.83,1.007,0,1.339,1.370,1,-0.550,0.000,0.000,-0.550,0.000,0.000,4.685,-6.378
133.03,0.111,0,1.339,1.370,1,0.000,0.000,0.000,0.000,0.000,0.000,4.707,-6.387
133.23,0.109,0,1.239,1.492,0,0.000,0.000,0.000,0.000,0.000,0.000,4.796,-6.424
133.43,1.075,0,1.239,1.492,0,0.000,0.000,0.000,0.000,0.000,0.000,4.858,-6.457
133.63,1.089,0,1.259,1.628,0,0.000,0.000,0.000,0.000,0.000,0.000,4.914,-6.478
133.83,0.112,0,1.259,1.628,0,0.000,0.000,0.000,0.000,0.000,0.000,4.919,-6.463
134.03,0.112,0,1.259,1.628,0,0.000,0.000,0.000,0.000,0.000,0.000,4.904,-6.457
134.23,1.101,0,1.271,1.662,0,0.000,0.000,0.000,0.000,0.000,0.000,4.900,-6.453
134.43,1.100,0,1.271,1.662,0,0.000,0.000,0.000,0.000,0.000,0.000,4.911,-6.459
134.63,1.100,0,1.273,1.661,0,0.000,0.000,0.000,0.000,0.000,0.000,4.913,-6.474
134.83,1.100,0,1.273,1.661,0,0.000,0.000,0.000,0.000,0.000,0.000,4.903,-6.471
135.03,1.101,0,1.273,1.661,0,0.000,0.000,0.000,0.000,0.000,0.000,4.902,-6.469
135.23,1.100,0,1.276,1.662,0,0.000,0.000,0.000,0.000,0.000,0.000,4.911,-6.465
135.43,0.111,0,1.276,1.662,0,0.000,0.000,0.000,0.000,0.000,0.000,4.915,-6.463
135.63,1.100,0,1.274,1.656,0,-0.550,0.000,0.000,-0.550,0.000,0.000,4.908,-6.469
135.83,1.105,0,1.274,1.656,0,0.000,0.000,0.000,0.000,0.000,0.000,4.907,-6.476
136.03,1.121,0,1.274,1.656,0,-0.550,0.000,0.000,-0.550,0.000,0.000,4.978,-6.499
136.23,0.112,1,1.314,1.530,0,-0.550,0.000,0.000,0.000,0.000,0.000,5.029,-6.507
136.43,0.109,1,1.314,1.530,0,-0.550,0.000,0.000,0.000,0.000,0.000,5.046,-6.523
136.63,1.199,0,1.422,1.520,1,-0.550,0.000,0.000,-0.550,0.000,0.000,5.114,-6.545
136.83,0.112,1,1.422,1.520,1,-0.550,0.000,0.000,0.000,0.000,0.000,5.178,-6.564
137.03,1.226,0,1.422,1.520,1,-0.550,0.000,0.000,-0.550,0.000,0.000,5.276,-6.603
137.23,1.209,0,1.362,1.622,0,-0.550,0.000,0.000,-0.550,0.000,0.000,5.363,-6.618
137.43,1.178,0,1.362,1.622,0,-0.550,0.000,0.000,-0.550,0.000,0.000,5.491,-6.637
137.63,0.934,0,1.546,1.709,1,0.000,0.000,0.000,0.000,0.000,0.000,5.725,-6.700
137.83,0.744,0,1.546,1.709,1,0.000,0.000,0.000,0.000,0.000,0.000,5.902,-6.733
138.03,0.585,0,1.546,1.709,1,0.550,0.000,0.000,0.550,0.000,0.000,6.109,-6.757
138.23,0.456,0,1.814,2.020,0,0.550,0.000,0.000,0.550,0.000,0.000,6.200,-6.757
138.43,0.440,0,1.814,2.020,0,0.000,0.000,0.000,0.000,0.000,0.000,6.188,-6.749
138.63,0.473,0,1.935,2.207,0,0.000,0.000,0.000,0.000,0.000,0.000,6.132,-6.729
138.83,0.468,0,1.935,2.207,0,0.000,0.000,0.000,0.000,0.000,0.000,6.119,-6.727
139.03,0.465,0,1.935,2.207,0,0.000,0.000,0.000,0.000,0.000,0.000,6.151,-6.742
139.23,0.459,0,1.934,2.195,0,0.000,0.000,0.000,0.000,0.000,0.000,6.165,-6.743
139.43,0.458,0,1.934,2.195,0,0.000,0.000,0.000,0.000,0.000,0.000,6.148,-6.736
139.63,0.451,0,1.940,2.209,0,0.000,0.000,0.000,0.000,0.000,0.000,6.138,-6.736
139.83,0.440,0,1.940,2.209,0,0.000,0.000,0.000,0.000,0.000,0.000,6.144,-6.732
140.03,0.454,0,1.940,2.209,0,0.000,0.000,0.000,0.000,0.000,0.000,6.157,-6.745
140.23,0.458,0,1.947,2.194,0,0.000,0.000,0.000,0.000,0.000,0.000,6.156,-6.743
140.43,0.448,0,1.947,2.194,0,0.000,0.000,0.000,0.000,0.000,0.000,6.152,-6.734
140.63,0.444,0,1.929,2.195,0,0.000,0.000,0.000,0.000,0.000,0.000,6.152,-6.737
140.83,0.451,0,1.929,2.195,0,0.000,0.000,0.000,0.000,0.000,0.000,6.151,-6.742
141.03,0.443,0,1.929,2.195,0,0.000,0.000,0.000,0.000,0.000,0.000,6.150,-6.739
141.23,0.460,0,1.942,2.198,0,0.000,0.000,0.000,0.000,0.000,0.000,6.149,-6.737
141.43,0.471,0,1.942,2.198,0,0.000,0.000,0.000,0.000,0.000,0.000,6.150,-6.735
141.63,0.480,0,1.933,2.201,0,0.000,0.000,0.000,0.000,0.000,0.000,6.157,-6.737
141.83,0.505,0,1.933,2.201,0,0.000,0.000,0.000,0.000,0.000,0.000,6.154,-6.736
142.03,0.510,0,1.933,2.201,0,0.000,0.000,0.000,0.000,0.000,0.000,6.149,-6.732
142.23,0.516,0,1.939,2.210,0,0.000,0.000,0.000,0.000,0.000,0.000,6.151,-6.737
142.43,0.524,0,1.939,2.210,0,0.000,0.000,0.000,0.000,0.000,0.000,6.142,-6.746
142.63,0.526,0,1.937,2.210,0,0.000,0.000,0.000,0.000,0.000,0.000,6.139,-6.743
142.83,0.523,0,1.937,2.210,0,0.000,0.000,0.000,0.000,0.000,0.000,6.151,-6.742
143.03,0.519,0,1.937,2.210,0,0.000,0.000,0.000,0.000,0.000,0.000,6.153,-6.743
143.23,0.516,0,1.949,2.203,0,0.000,0.000,0.000,0.000,0.000,0.000,6.160,-6.740
143.43,0.514,0,1.949,2.203,0,0.000,0.000,0.000,0.000,0.000,0.000,6.159,-6.746
143.63,0.518,0,1.953,2.201,0,0.000,0.000,0.000,0.000,0.000,0.000,6.154,-6.744
143.83,0.535,0,1.953,2.201,0,0.000,0.000,0.000,0.000,0.000,0.000,6.151,-6.736
144.03,0.534,0,1.953,2.201,0,0.000,0.000,0.000,0.000,0.000,0.000,6.152,-6.731
144.23,0.539,0,1.938,2.208,0,0.000,0.000,0.000,0.000,0.000,0.000,6.166,-6.734
144.43,0.536,0,1.938,2.208,0,0.000,0.000,0.000,0.000,0.000,0.000,6.167,-6.729
144.63,0.537,0,1.948,2.199,0,0.000,0.000,0.000,0.000,0.000,0.000,6.151,-6.723
144.83,0.537,0,1.948,2.199,0,0.000,0.000,0.000,0.000,0.000,0.000,6.148,-6.717
145.03,0.541,0,1.948,2.199,0,0.000,0.000,0.000,0.000,0.000,0.000,6.146,-6.730
145.23,0.540,0,1.943,2.199,0,0.000,0.000,0.000,0.000,0.000,0.000,6.152,-6.737
145.43,0.538,0,1.943,2.199,0,0.000,0.000,0.000,0.000,0.000,0.000,6.153,-6.734
145.63,0.544,0,1.944,2.198,0,0.000,0.000,0.000,0.000,0.000,0.000,6.148,-6.734
145.83,0.542,0,1.944,2.198,0,0.000,0.000,0.000,0.000,0.000,0.000,6.146,-6.736
146.03,0.549,0,1.944,2.198,0,0.000,0.000,0.000,0.000,0.000,0.000,6.159,-6.745
146.23,0.549,0,1.945,2.198,0,0.000,0.000,0.000,0.000,0.000,0.000,6.165,-6.737
146.43,0.553,0,1.945,2.198,0,0.000,0.000,0.000,0.000,0.000,0.000,6.165,-6.743
146.63,0.544,0,1.951,2.199,0,0.000,0.000,0.000,0.000,0.000,0.000,6.156,-6.745
146.83,0.544,0,1.951,2.199,0,0.000,0.000,0.000,0.000,0.000,0.000,6.152,-6.745
147.03,0.545,0,1.951,2.199,0,0.000,0.000,0.000,0.000,0.000,0.000,6.154,-6.748
147.23,0.544,0,1.935,2.194,0,0.000,0.000,0.000,0.000,0.000,0.000,6.163,-6.745
147.43,0.549,0,1.935,2.194,0,0.000,0.000,0.000,0.000,0.000,0.000,6.166,-6.749
147.63,0.545,0,1.952,2.210,0,0.000,0.000,0.000,0.000,0.000,0.000,6.164,-6.747
147.83,0.546,0,1.952,2.210,0,0.000,0.000,0.000,0.000,0.000,0.000,6.165,-6.734
148.03,0.546,0,1.952,2.210,0,0.000,0.000,0.000,0.000,0.000,0.000,6.155,-6.736
148.23,0.546,0,1.939,2.189,0,0.000,0.000,0.000,0.000,0.000,0.000,6.154,-6.749
148.43,0.547,0,1.939,2.189,0,0.000,0.000,0.000,0.000,0.000,0.000,6.153,-6.750
148.63,0.546,0,1.952,2.209,0,0.000,0.000,0.000,0.000,0.000,0.000,6.157,-6.750
148.83,0.546,0,1.952,2.209,0,0.000,0.000,0.000,0.000,0.000,0.000,6.161,-6.739
149.03,0.548,0,1.952,2.209,0,0.000,0.000,0.000,0.000,0.000,0.000,6.163,-6.739
149.23,0.546,0,1.933,2.200,0,0.000,0.000,0.000,0.000,0.000,0.000,6.165,-6.734
149.43,0.548,0,1.933,2.200,0,0.000,0.000,0.000,0.000,0.000,0.000,6.164,-6.752
149.63,0.547,0,1.940,2.197,0,0.000,0.000,0.000,0.000,0.000,0.000,6.166,-6.748
149.83,0.548,0,1.940,2.197,0,0.000,0.000,0.000,0.000,0.000,0.000,6.160,-6.748
150.03,0.548,0,1.940,2.197,0,0.000,0.000,0.000,0.000,0.000,0.000,6.155,-6.746
150.23,0.547,0,1.930,2.189,0,0.000,0.000,0.000,0.000,0.000,0.000,6.160,-6.751
150.43,0.549,0,1.930,2.189,0,0.000,0.000,0.000,0.000,0.000,0.000,6.155,-6.769
150.63,0.550,0,1.931,2.197,0,0.000,0.000,0.000,0.000,0.000,0.000,6.155,-6.753
150.83,0.548,0,1.931,2.197,0,0.000,0.000,0.000,0.000,0.000,0.000,6.155,-6.740
151.03,0.548,0,1.931,2.197,0,0.000,0.000,0.000,0.000,0.000,0.000,6.155,-6.750
151.23,0.549,0,1.935,2.211,0,0.000,0.000,0.000,0.000,0.000,0.000,6.169,-6.742
151.43,0.548,0,1.935,2.211,0,0.000,0.000,0.000,0.000,0.000,0.000,6.165,-6.736
151.63,0.549,0,1.942,2.200,0,0.000,0.000,0.000,0.000,0.000,0.000,6.143,-6.750
151.83,0.549,0,1.942,2.200,0,0.000,0.000,0.000,0.000,0.000,0.000,6.141,-6.746
152.03,0.550,0,1.942,2.200,0,0.000,0.000,0.000,0.000,0.000,0.000,6.141,-6.745
152.23,0.553,0,1.948,2.211,0,0.000,0.000,0.000,0.000,0.000,0.000,6.149,-6.738
152.43,0.562,0,1.948,2.211,0,0.000,0.000,0.000,0.000,0.000,0.000,6.159,-6.735
152.63,0.552,0,1.933,2.215,0,0.000,0.000,0.000,0.000,0.000,0.000,6.162,-6.740
152.83,0.550,0,1.933,2.215,0,0.000,0.000,0.000,0.000,0.000,0.000,6.160,-6.745
153.03,0.551,0,1.933,2.215,0,0.000,0.000,0.000,0.000,0.000,0.000,6.155,-6.741
153.23,0.562,0,1.949,2.201,0,0.000,0.000,0.000,0.000,0.000,0.000,6.147,-6.736
153.43,0.556,0,1.949,2.201,0,0.000,0.000,0.000,0.000,0.000,0.000,6.148,-6.746
153.63,0.551,0,1.931,2.197,0,0.000,0.000,0.000,0.000,0.000,0.000,6.168,-6.740
153.83,0.555,0,1.931,2.197,0,0.000,0.000,0.000,0.000,0.000,0.000,6.162,-6.738
154.03,0.578,0,1.931,2.197,0,0.000,0.000,0.000,0.000,0.000,0.000,6.153,-6.740
154.23,0.536,0,1.936,2.205,0,0.000,0.000,0.000,0.000,0.000,0.000,6.165,-6.734
154.43,0.544,0,1.936,2.205,0,0.000,0.000,0.000,0.000,0.000,0.000,6.176,-6.731
154.63,0.573,0,1.944,2.205,0,0.000,0.000,0.000,0.000,0.000,0.000,6.154,-6.748
154.83,0.579,0,1.944,2.205,0,0.000,0.000,0.000,0.000,0.000,0.000,6.153,-6.751
155.03,0.586,0,1.944,2.205,0,0.000,0.000,0.000,0.000,0.000,0.000,6.175,-6.727
155.23,0.582,0,1.935,2.209,0,0.000,0.000,0.000,0.000,0.000,0.000,6.173,-6.727
155.43,0.562,0,1.935,2.209,0,0.000,0.000,0.000,0.000,0.000,0.000,6.158,-6.741
155.63,0.573,0,1.950,2.212,0,0.000,0.000,0.000,0.000,0.000,0.000,6.148,-6.736
155.83,0.585,0,1.950,2.212,0,0.000,0.000,0.000,0.000,0.000,0.000,6.144,-6.755
156.03,0.585,0,1.950,2.212,0,0.000,0.000,0.000,0.000,0.000,0.000,6.152,-6.758
156.23,0.592,0,1.951,2.215,0,0.000,0.000,0.000,0.000,0.000,0.000,6.162,-6.745
156.43,0.587,0,1.951,2.215,0,0.000,0.000,0.000,0.000,0.000,0.000,6.162,-6.742
156.63,0.584,0,1.936,2.204,0,0.000,0.000,0.000,0.000,0.000,0.000,6.157,-6.757
156.83,0.609,0,1.936,2.204,0,0.000,0.000,0.000,0.000,0.000,0.000,6.156,-6.738
157.03,0.613,0,1.936,2.204,0,0.000,0.000,0.000,0.000,0.000,0.000,6.143,-6.740
157.23,0.610,0,1.949,2.205,0,0.000,0.000,0.000,0.000,0.000,0.000,6.138,-6.741
157.43,0.552,0,1.949,2.205,0,0.000,0.000,0.000,0.000,0.000,0.000,6.160,-6.728
157.63,0.534,0,1.933,2.194,0,0.000,0.000,0.000,0.000,0.000,0.000,6.159,-6.735
157.83,0.506,0,1.933,2.194,0,0.000,0.000,0.000,0.000,0.000,0.000,6.155,-6.755
158.03,0.492,0,1.933,2.194,0,0.000,0.000,0.000,0.000,0.000,0.000,6.147,-6.760
158.23,0.483,0,1.940,2.210,0,0.000,0.000,0.000,0.000,0.000,0.000,6.138,-6.741
158.43,0.471,0,1.940,2.210,0,0.000,0.000,0.000,0.000,0.000,0.000,6.152,-6.720
158.63,0.481,0,1.938,2.214,0,0.000,0.000,0.000,0.000,0.000,0.000,6.163,-6.736
158.83,0.458,0,1.938,2.214,0,0.000,0.000,0.000,0.000,0.000,0.000,6.153,-6.752
159.03,0.442,0,1.938,2.214,0,0.000,0.000,0.000,0.000,0.000,0.000,6.151,-6.733
159.23,0.244,0,1.946,2.200,0,0.000,0.000,0.000,0.000,0.000,0.000,6.156,-6.716
159.43,0.289,0,1.946,2.200,0,0.000,0.000,0.000,0.000,0.000,0.000,6.161,-6.717
159.63,0.317,0,1.943,2.203,0,0.000,0.000,0.000,0.000,0.000,0.000,6.161,-6.745
159.83,0.332,0,1.943,2.203,0,0.000,0.000,0.000,0.000,0.000,0.000,6.140,-6.732
160.03,0.351,0,1.943,2.203,0,0.000,0.000,0.000,0.000,0.000,0.000,6.149,-6.712
160.23,0.360,0,1.939,2.209,0,0.000,0.000,0.000,0.000,0.000,0.000,6.154,-6.717
160.43,0.354,0,1.939,2.209,0,0.000,0.000,0.000,0.000,0.000,0.000,6.151,-6.731
160.63,0.111,0,1.949,2.199,0,0.000,0.000,0.000,0.000,0.000,0.000,6.146,-6.737
160.83,0.362,0,1.949,2.199,0,0.000,0.000,0.000,0.000,0.000,0.000,6.155,-6.724
161.03,0.365,0,1.949,2.199,0,0.000,0.000,0.000,0.000,0.000,0.000,6.165,-6.723
161.23,0.361,0,1.936,2.201,0,0.000,0.000,0.000,0.000,0.000,0.000,6.162,-6.721
161.43,0.361,0,1.936,2.201,0,0.000,0.000,0.000,0.000,0.000,0.000,6.148,-6.723
161.63,0.369,0,1.944,2.210,0,0.000,0.000,0.000,0.000,0.000,0.000,6.138,-6.721
161.83,0.369,0,1.944,2.210,0,0.000,0.000,0.000,0.000,0.000,0.000,6.130,-6.730
162.03,0.364,0,1.944,2.210,0,0.000,0.000,0.000,0.000,0.000,0.000,6.142,-6.735
162.23,0.360,0,1.961,2.193,0,0.000,0.000,0.000,0.000,0.000,0.000,6.157,-6.711
162.43,0.309,0,1.961,2.193,0,0.000,0.000,0.000,0.000,0.000,0.000,6.185,-6.687
162.63,0.274,0,2.173,2.562,0,0.000,0.000,0.000,0.000,0.000,0.000,6.208,-6.668
162.83,0.233,0,2.173,2.562,0,0.000,0.000,0.000,0.000,0.000,0.000,6.267,-6.543
163.03,0.196,0,2.173,2.562,0,0.000,0.000,0.000,0.000,0.000,0.000,6.356,-6.463
163.23,0.199,0,3.885,4.086,0,0.000,0.000,0.000,0.000,0.000,0.000,6.432,-6.378
163.43,0.205,0,3.885,4.086,0,0.000,0.000,0.000,0.000,0.000,0.000,6.538,-6.211
163.63,0.210,0,1.176,1.294,1,0.000,0.000,0.000,0.000,0.000,0.000,6.614,-6.067
163.83,0.219,0,1.176,1.294,1,0.000,0.000,0.000,0.000,0.000,0.000,6.759,-5.804
164.03,0.226,0,1.176,1.294,1,0.000,0.000,0.000,0.000,0.000,0.000,6.862,-5.716
164.23,0.220,0,0.792,0.818,1,0.000,0.000,0.000,0.000,0.000,0.000,6.990,-5.624
164.43,0.229,0,0.792,0.818,1,0.000,0.000,0.000,0.000,0.000,0.000,7.120,-5.525
164.63,0.240,0,0.510,1.032,0,0.000,0.000,0.000,0.000,0.000,0.000,7.279,-5.408
164.83,0.231,0,0.510,1.032,0,0.000,0.000,0.000,0.000,0.000,0.000,7.484,-5.229
165.03,0.240,0,0.510,1.032,0,0.000,0.000,0.000,0.000,0.000,0.000,7.596,-5.103
165.23,0.218,0,0.638,0.713,1,0.000,0.000,0.000,0.000,0.000,0.000,7.702,-4.958
165.43,0.214,0,0.638,0.713,1,0.000,0.000,0.000,0.000,0.000,0.000,7.822,-4.813
165.63,0.218,0,0.431,0.485,1,0.000,0.000,0.000,0.000,0.000,0.000,7.921,-4.656
165.83,0.207,0,0.431,0.485,1,0.000,0.000,0.000,0.000,0.000,0.000,7.921,-4.656
166.03,0.209,0,0.431,0.485,1,0.000,0.000,0.000,0.000,0.000,0.000,7.921,-4.656
166.23,0.206,0,0.345,0.571,0,0.000,0.000,0.000,0.000,0.000,0.000,7.921,-4.656
166.43,0.207,0,0.345,0.571,0,0.000,0.000,0.000,0.000,0.000,0.000,7.938,-4.599
166.63,0.207,0,0.273,0.475,0,0.000,0.000,0.000,0.000,0.000,0.000,7.947,-4.582
166.83,0.212,0,0.273,0.475,0,0.000,0.000,0.000,0.000,0.000,0.000,7.939,-4.578
167.03,0.214,0,0.273,0.475,0,0.000,0.000,0.000,0.000,0.000,0.000,7.941,-4.552
167.23,0.212,0,0.369,0.368,1,0.000,0.000,0.000,0.000,0.000,0.000,7.975,-4.478
167.43,0.218,0,0.369,0.368,1,0.000,0.000,0.000,0.000,0.000,0.000,8.011,-4.431
167.63,0.226,0,0.265,0.419,1,0.000,0.000,0.000,0.000,0.000,0.000,8.022,-4.401
167.83,0.215,0,0.265,0.419,1,0.000,0.000,0.000,0.000,0.000,0.000,8.022,-4.401
168.03,0.228,0,0.265,0.419,1,0.000,0.000,0.000,0.000,0.000,0.000,8.022,-4.401
168.23,0.229,0,0.809,1.311,0,0.000,0.000,0.000,0.000,0.000,0.000,8.034,-4.391
168.43,0.234,0,0.809,1.311,0,0.000,0.000,0.000,0.000,0.000,0.000,8.028,-4.353
168.63,0.262,0,2.203,1.192,0,0.000,0.000,0.000,0.000,0.000,0.000,8.038,-4.303
168.83,0.273,0,2.203,1.192,0,0.000,0.000,0.000,0.000,0.000,0.000,8.042,-4.267
169.03,0.281,0,2.203,1.192,0,0.000,0.000,0.000,0.000,0.000,0.000,8.057,-4.173
169.23,0.266,0,4.409,1.022,0,0.000,0.000,0.000,0.000,0.000,0.000,8.084,-4.083
169.43,0.266,0,4.409,1.022,0,0.000,0.000,0.000,0.000,0.000,0.000,8.069,-3.993
169.63,0.285,0,5.380,0.801,0,0.000,0.000,0.000,0.000,0.000,0.000,8.019,-3.905
169.83,0.308,0,5.380,0.801,0,0.000,0.000,0.000,0.000,0.000,0.000,7.991,-3.907
170.03,0.344,0,5.380,0.801,0,0.000,0.000,0.000,0.000,0.000,0.000,7.944,-3.872
170.23,0.368,0,4.056,0.503,0,0.000,0.000,0.000,0.000,0.000,0.000,7.915,-3.840
170.43,0.340,0,4.056,0.503,0,0.000,0.000,0.000,0.000,0.000,0.000,7.894,-3.785
170.63,0.112,0,0.304,0.325,1,0.000,0.000,0.000,0.000,0.000,0.000,7.890,-3.723
170.83,0.112,0,0.304,0.325,1,0.000,0.000,0.000,0.000,0.000,0.000,7.881,-3.662
171.03,0.242,0,0.304,0.325,1,0.000,0.000,0.000,0.000,0.000,0.000,7.877,-3.624
171.23,0.235,0,0.258,1.320,0,0.000,0.000,0.000,0.000,0.000,0.000,7.877,-3.647
171.43,0.234,0,0.258,1.320,0,0.000,0.000,0.000,0.000,0.000,0.000,7.856,-3.675
171.63,0.234,0,0.253,2.539,0,0.000,0.000,0.000,0.000,0.000,0.000,7.861,-3.664
171.83,0.235,0,0.253,2.539,0,0.000,0.000,0.000,0.000,0.000,0.000,7.863,-3.654
172.03,0.235,0,0.253,2.539,0,0.000,0.000,0.000,0.000,0.000,0.000,7.859,-3.680
172.23,0.235,0,0.252,2.544,0,0.000,0.000,0.000,0.000,0.000,0.000,7.852,-3.698
172.43,0.235,0,0.252,2.544,0,0.000,0.000,0.000,0.000,0.000,0.000,7.854,-3.679
172.63,0.235,0,0.252,2.522,0,0.000,0.000,0.000,0.000,0.000,0.000,7.863,-3.668
172.83,0.235,0,0.252,2.522,0,0.000,0.000,0.000,0.000,0.000,0.000,7.866,-3.696
173.03,0.235,0,0.252,2.522,0,0.000,0.000,0.000,0.000,0.000,0.000,7.853,-3.711
173.23,0.235,0,0.252,2.540,0,0.000,0.000,0.000,0.000,0.000,0.000,7.841,-3.700
173.43,0.235,0,0.252,2.540,0,0.000,0.000,0.000,0.000,0.000,0.000,7.858,-3.668
173.63,0.235,0,0.252,2.546,0,0.000,0.000,0.000,0.000,0.000,0.000,7.873,-3.675
173.83,0.235,0,0.252,2.546,0,0.000,0.000,0.000,0.000,0.000,0.000,7.872,-3.698
174.03,0.235,0,0.252,2.546,0,0.000,0.000,0.000,0.000,0.000,0.000,7.868,-3.694
174.23,0.235,0,0.252,2.547,0,0.000,0.000,0.000,0.000,0.000,0.000,7.870,-3.681
174.43,0.235,0,0.252,2.547,0,0.000,0.000,0.000,0.000,0.000,0.000,7.871,-3.672
174.63,0.235,0,0.252,2.571,0,0.000,0.000,0.000,0.000,0.000,0.000,7.868,-3.674
174.83,0.235,0,0.252,2.571,0,0.000,0.000,0.000,0.000,0.000,0.000,7.863,-3.676
175.03,0.235,0,0.252,2.571,0,0.000,0.000,0.000,0.000,0.000,0.000,7.866,-3.685
175.23,0.223,0,0.252,2.574,0,0.000,0.000,0.000,0.000,0.000,0.000,7.873,-3.697
175.43,0.230,0,0.252,2.574,0,0.000,0.000,0.000,0.000,0.000,0.000,7.868,-3.692
175.63,0.235,0,0.252,2.558,0,0.000,0.000,0.000,0.000,0.000,0.000,7.848,-3.672
175.83,0.235,0,0.252,2.558,0,0.000,0.000,0.000,0.000,0.000,0.000,7.849,-3.663
176.03,0.235,0,0.252,2.558,0,0.000,0.000,0.000,0.000,0.000,0.000,7.855,-3.668
176.23,0.235,0,0.252,2.545,0,0.000,0.000,0.000,0.000,0.000,0.000,7.859,-3.683
176.43,0.235,0,0.252,2.545,0,0.000,0.000,0.000,0.000,0.000,0.000,7.862,-3.673
176.63,0.235,0,0.252,2.544,0,0.000,0.000,0.000,0.000,0.000,0.000,7.871,-3.669
176.83,0.235,0,0.252,2.544,0,0.000,0.000,0.000,0.000,0.000,0.000,7.869,-3.671
177.03,0.235,0,0.252,2.544,0,0.000,0.000,0.000,0.000,0.000,0.000,7.861,-3.687
177.23,0.235,0,0.252,2.543,0,0.000,0.000,0.000,0.000,0.000,0.000,7.854,-3.682
177.43,0.235,0,0.252,2.543,0,0.000,0.000,0.000,0.000,0.000,0.000,7.861,-3.675
177.63,0.112,0,0.252,2.548,0,0.000,0.000,0.000,0.000,0.000,0.000,7.869,-3.688
177.83,0.235,0,0.252,2.548,0,0.000,0.000,0.000,0.000,0.000,0.000,7.862,-3.694
178.03,0.235,0,0.252,2.548,0,0.000,0.000,0.000,0.000,0.000,0.000,7.855,-3.685
178.23,0.235,0,0.252,2.561,0,0.000,0.000,0.000,0.000,0.000,0.000,7.856,-3.679
178.43,0.112,0,0.252,2.561,0,0.000,0.000,0.000,0.000,0.000,0.000,7.871,-3.694
178.63,0.235,0,0.252,2.547,0,0.000,0.000,0.000,0.000,0.000,0.000,7.870,-3.692
178.83,0.235,0,0.252,2.547,0,0.000,0.000,0.000,0.000,0.000,0.000,7.863,-3.683
179.03,0.235,0,0.252,2.547,0,0.000,0.000,0.000,0.000,0.000,0.000,7.861,-3.679
179.23,0.234,0,0.252,2.562,0,0.000,0.000,0.000,0.000,0.000,0.000,7.859,-3.685
179.43,0.234,0,0.252,2.562,0,0.000,0.000,0.000,0.000,0.000,0.000,7.867,-3.693
179.63,0.234,0,0.251,2.544,0,0.000,0.000,0.000,0.000,0.000,0.000,7.865,-3.688
179.83,0.112,0,0.251,2.544,0,0.000,0.000,0.000,0.000,0.000,0.000,7.860,-3.686
180.03,0.235,0,0.251,2.544,0,0.000,0.000,0.000,0.000,0.000,0.000,7.860,-3.681
180.23,0.235,0,0.252,2.541,0,0.000,0.000,0.000,0.000,0.000,0.000,7.867,-3.682
180.43,0.235,0,0.252,2.541,0,0.000,0.000,0.000,0.000,0.000,0.000,7.868,-3.681
180.63,0.235,0,0.252,2.529,0,0.000,0.000,0.000,0.000,0.000,0.000,7.863,-3.676
180.83,0.234,0,0.252,2.529,0,0.000,0.000,0.000,0.000,0.000,0.000,7.853,-3.683
181.03,0.233,0,0.252,2.529,0,0.000,0.000,0.000,0.000,0.000,0.000,7.853,-3.683
181.23,0.233,0,0.251,2.554,0,0.000,0.000,0.000,0.000,0.000,0.000,7.863,-3.667
181.43,0.233,0,0.251,2.554,0,0.000,0.000,0.000,0.000,0.000,0.000,7.851,-3.659
181.63,0.112,0,0.250,2.558,0,0.000,0.000,0.000,0.000,0.000,0.000,7.850,-3.673
181.83,0.197,0,0.250,2.558,0,0.000,0.000,0.000,0.000,0.000,0.000,7.876,-3.711
182.03,0.179,0,0.250,2.558,0,0.000,0.000,0.000,0.000,0.000,0.000,7.863,-3.708
182.23,0.233,0,0.250,2.560,0,0.000,0.000,0.000,0.000,0.000,0.000,7.844,-3.685
182.43,0.233,0,0.250,2.560,0,0.000,0.000,0.000,0.000,0.000,0.000,7.854,-3.667
182.63,0.233,0,0.250,2.544,0,0.000,0.000,0.000,0.000,0.000,0.000,7.866,-3.669
182.83,0.233,0,0.250,2.544,0,0.000,0.000,0.000,0.000,0.000,0.000,7.865,-3.676
183.03,0.233,0,0.250,2.544,0,0.000,0.000,0.000,0.000,0.000,0.000,7.870,-3.673
183.23,0.233,0,0.250,2.566,0,0.000,0.000,0.000,0.000,0.000,0.000,7.875,-3.663
183.43,0.233,0,0.250,2.566,0,0.000,0.000,0.000,0.000,0.000,0.000,7.877,-3.653
183.63,0.111,0,0.250,2.528,0,0.000,0.000,0.000,0.000,0.000,0.000,7.876,-3.678
183.83,0.233,0,0.250,2.528,0,0.000,0.000,0.000,0.000,0.000,0.000,7.877,-3.684
184.03,0.233,0,0.250,2.528,0,0.000,0.000,0.000,0.000,0.000,0.000,7.875,-3.660
184.23,0.233,0,0.250,2.549,0,0.000,0.000,0.000,0.000,0.000,0.000,7.873,-3.649
184.43,0.108,0,0.250,2.549,0,0.000,0.000,0.000,0.000,0.000,0.000,7.874,-3.650
184.63,0.233,0,0.250,2.535,0,0.000,0.000,0.000,0.000,0.000,0.000,7.869,-3.663
184.83,0.112,0,0.250,2.535,0,0.000,0.000,0.000,0.000,0.000,0.000,7.846,-3.671
185.03,0.111,0,0.250,2.535,0,0.000,0.000,0.000,0.000,0.000,0.000,7.859,-3.677
185.23,0.233,0,0.250,2.573,0,0.000,0.000,0.000,0.000,0.000,0.000,7.866,-3.658
185.43,0.233,0,0.250,2.573,0,0.000,0.000,0.000,0.000,0.000,0.000,7.860,-3.663
185.63,0.108,0,0.250,2.555,0,0.000,0.000,0.000,0.000,0.000,0.000,7.858,-3.671
185.83,0.233,0,0.250,2.555,0,0.000,0.000,0.000,0.000,0.000,0.000,7.851,-3.667
186.03,0.233,0,0.250,2.555,0,0.000,0.000,0.000,0.000,0.000,0.000,7.853,-3.664
186.23,0.233,0,0.250,2.549,0,0.000,0.000,0.000,0.000,0.000,0.000,7.845,-3.663
186.43,0.233,0,0.250,2.549,0,0.000,0.000,0.000,0.000,0.000,0.000,7.850,-3.664
186.63,0.108,0,0.250,2.560,0,0.000,0.000,0.000,0.000,0.000,0.000,7.857,-3.669
186.83,0.112,0,0.250,2.560,0,0.000,0.000,0.000,0.000,0.000,0.000,7.862,-3.667
187.03,0.233,0,0.250,2.560,0,0.000,0.000,0.000,0.000,0.000,0.000,7.859,-3.664
187.23,0.111,0,0.250,2.552,0,0.000,0.000,0.000,0.000,0.000,0.000,7.857,-3.661
187.43,0.108,0,0.250,2.552,0,0.000,0.000,0.000,0.000,0.000,0.000,7.855,-3.667
187.63,0.233,0,0.250,2.575,0,0.000,0.000,0.000,0.000,0.000,0.000,7.855,-3.674
187.83,0.233,0,0.250,2.575,0,0.000,0.000,0.000,0.000,0.000,0.000,7.852,-3.675
188.03,0.233,0,0.250,2.575,0,0.000,0.000,0.000,0.000,0.000,0.000,7.856,-3.676
188.23,0.233,0,0.250,2.544,0,0.000,0.000,0.000,0.000,0.000,0.000,7.858,-3.679
188.43,0.233,0,0.250,2.544,0,0.000,0.000,0.000,0.000,0.000,0.000,7.850,-3.679
188.63,0.233,0,0.250,2.549,0,0.000,0.000,0.000,0.000,0.000,0.000,7.838,-3.674
188.83,0.233,0,0.250,2.549,0,0.000,0.000,0.000,0.000,0.000,0.000,7.845,-3.675
189.03,0.233,0,0.250,2.549,0,0.000,0.000,0.000,0.000,0.000,0.000,7.855,-3.674
189.23,0.233,0,0.250,2.547,0,0.000,0.000,0.000,0.000,0.000,0.000,7.844,-3.669
189.43,0.111,0,0.250,2.547,0,0.000,0.000,0.000,0.000,0.000,0.000,7.845,-3.664
189.63,0.112,0,0.250,2.546,0,0.000,0.000,0.000,0.000,0.000,0.000,7.859,-3.678
189.83,0.208,0,0.250,2.546,0,0.000,0.000,0.000,0.000,0.000,0.000,7.857,-3.673
190.03,0.109,0,0.250,2.546,0,0.000,0.000,0.000,0.000,0.000,0.000,7.856,-3.660
190.23,0.212,0,0.250,2.558,0,0.000,0.000,0.000,0.000,0.000,0.000,7.852,-3.680
190.43,0.215,0,0.250,2.558,0,0.000,0.000,0.000,0.000,0.000,0.000,7.863,-3.695
190.63,0.220,0,0.250,2.542,0,0.000,0.000,0.000,0.000,0.000,0.000,7.866,-3.685
190.83,0.209,0,0.250,2.542,0,0.000,0.000,0.000,0.000,0.000,0.000,7.867,-3.672
191.03,0.206,0,0.250,2.542,0,0.000,0.000,0.000,0.000,0.000,0.000,7.841,-3.663
191.23,0.216,0,0.250,2.546,0,0.000,0.000,0.000,0.000,0.000,0.000,7.838,-3.651
191.43,0.233,0,0.250,2.546,0,0.000,0.000,0.000,0.000,0.000,0.000,7.858,-3.651
191.63,0.213,0,0.250,2.545,0,0.000,0.000,0.000,0.000,0.000,0.000,7.854,-3.673
191.83,0.112,0,0.250,2.545,0,0.000,0.000,0.000,0.000,0.000,0.000,7.849,-3.687
192.03,0.233,0,0.250,2.545,0,0.000,0.000,0.000,0.000,0.000,0.000,7.864,-3.657
192.23,0.233,0,0.250,2.561,0,0.000,0.000,0.000,0.000,0.000,0.000,7.861,-3.647
192.43,0.233,0,0.250,2.561,0,0.000,0.000,0.000,0.000,0.000,0.000,7.841,-3.652
192.63,0.233,0,0.250,2.562,0,0.000,0.000,0.000,0.000,0.000,0.000,7.839,-3.659
192.83,0.233,0,0.250,2.562,0,0.000,0.000,0.000,0.000,0.000,0.000,7.850,-3.663
193.03,0.233,0,0.250,2.562,0,0.000,0.000,0.000,0.000,0.000,0.000,7.849,-3.666
193.23,0.233,0,0.250,2.559,0,0.000,0.000,0.000,0.000,0.000,0.000,7.851,-3.671
193.43,0.233,0,0.250,2.559,0,0.000,0.000,0.000,0.000,0.000,0.000,7.865,-3.671
193.63,0.111,0,0.250,2.530,0,0.000,0.000,0.000,0.000,0.000,0.000,7.855,-3.671
193.83,0.222,0,0.250,2.530,0,0.000,0.000,0.000,0.000,0.000,0.000,7.842,-3.687
194.03,0.225,0,0.250,2.530,0,0.000,0.000,0.000,0.000,0.000,0.000,7.847,-3.688
194.23,0.233,0,0.250,2.530,0,0.000,0.000,0.000,0.000,0.000,0.000,7.871,-3.686
194.43,0.228,0,0.250,2.530,0,0.000,0.000,0.000,0.000,0.000,0.000,7.863,-3.685
194.63,0.233,0,0.250,2.566,0,0.000,0.000,0.000,0.000,0.000,0.000,7.866,-3.688
194.83,0.233,0,0.250,2.566,0,0.000,0.000,0.000,0.000,0.000,0.000,7.867,-3.686
195.03,0.233,0,0.250,2.566,0,0.000,0.000,0.000,0.000,0.000,0.000,7.871,-3.684
195.23,0.233,0,0.250,2.552,0,0.000,0.000,0.000,0.000,0.000,0.000,7.877,-3.689
195.43,0.230,0,0.250,2.552,0,0.000,0.000,0.000,0.000,0.000,0.000,7.876,-3.695
195.63,0.233,0,0.250,2.554,0,0.000,0.000,0.000,0.000,0.000,0.000,7.861,-3.674
195.83,0.233,0,0.250,2.554,0,0.000,0.000,0.000,0.000,0.000,0.000,7.862,-3.661
196.03,0.233,0,0.250,2.554,0,0.000,0.000,0.000,0.000,0.000,0.000,7.864,-3.662
196.23,0.233,0,0.250,2.554,0,0.000,0.000,0.000,0.000,0.000,0.000,7.856,-3.674
196.43,0.233,0,0.250,2.554,0,0.000,0.000,0.000,0.000,0.000,0.000,7.863,-3.683
196.63,0.105,0,0.142,2.546,0,0.000,0.000,0.000,0.000,0.000,0.000,7.875,-3.686
196.83,0.100,0,0.142,2.546,0,0.000,0.000,0.000,0.000,0.000,0.000,7.874,-3.686
197.03,0.102,0,0.142,2.546,0,0.000,0.000,0.000,0.000,0.000,0.000,7.870,-3.663
197.23,0.104,0,0.250,2.540,0,0.000,0.000,0.000,0.000,0.000,0.000,7.866,-3.665
197.43,0.100,0,0.250,2.540,0,0.000,0.000,0.000,0.000,0.000,0.000,7.866,-3.676
197.63,0.101,0,0.136,2.543,0,0.000,0.000,0.000,0.000,0.000,0.000,7.866,-3.674
197.83,0.105,0,0.136,2.543,0,0.000,0.000,0.000,0.000,0.000,0.000,7.869,-3.674
198.03,0.102,0,0.136,2.543,0,0.000,0.000,0.000,0.000,0.000,0.000,7.877,-3.676
198.23,0.101,0,0.248,2.540,0,0.000,0.000,0.000,0.000,0.000,0.000,7.886,-3.676
198.43,0.101,0,0.248,2.540,0,0.000,0.000,0.000,0.000,0.000,0.000,7.888,-3.672
198.63,0.101,0,0.138,2.547,0,0.000,0.000,0.000,0.000,0.000,0.000,7.887,-3.684
198.83,0.100,0,0.138,2.547,0,0.000,0.000,0.000,0.000,0.000,0.000,7.881,-3.665
199.03,0.100,0,0.138,2.547,0,0.000,0.000,0.000,0.000,0.000,0.000,7.880,-3.647
199.23,0.100,0,0.139,2.549,0,0.000,0.000,0.000,0.000,0.000,0.000,7.880,-3.655
199.43,0.119,0,0.139,2.549,0,0.000,0.000,0.000,0.000,0.000,0.000,7.879,-3.659
199.63,0.231,0,0.248,2.566,0,0.000,0.000,0.000,0.000,0.000,0.000,7.867,-3.656
199.83,0.231,0,0.248,2.566,0,0.000,0.000,0.000,0.000,0.000,0.000,7.861,-3.641
200.03,0.231,0,0.248,2.566,0,0.000,0.000,0.000,0.000,0.000,0.000,7.872,-3.657
200.23,0.109,0,0.248,2.587,0,0.000,0.000,0.000,0.000,0.000,0.000,7.871,-3.640
200.43,0.231,0,0.248,2.587,0,0.000,0.000,0.000,0.000,0.000,0.000,7.864,-3.629
200.63,0.108,0,0.248,2.583,0,0.000,0.000,0.000,0.000,0.000,0.000,7.858,-3.639
200.83,0.108,0,0.248,2.583,0,0.000,0.000,0.000,0.000,0.000,0.000,7.864,-3.645
201.03,0.231,0,0.248,2.583,0,0.000,0.000,0.000,0.000,0.000,0.000,7.861,-3.638
201.23,0.231,0,0.248,2.580,0,0.000,0.000,0.000,0.000,0.000,0.000,7.854,-3.619
201.43,0.231,0,0.248,2.580,0,0.000,0.000,0.000,0.000,0.000,0.000,7.846,-3.599
201.63,0.231,0,0.248,2.584,0,0.000,0.000,0.000,0.000,0.000,0.000,7.846,-3.594
201.83,0.231,0,0.248,2.584,0,0.000,0.000,0.000,0.000,0.000,0.000,7.851,-3.595
202.03,0.231,0,0.248,2.584,0,0.000,0.000,0.000,0.000,0.000,0.000,7.843,-3.589
202.23,0.231,0,0.248,2.569,0,0.000,0.000,0.000,0.000,0.000,0.000,7.859,-3.600
202.43,0.108,0,0.248,2.569,0,0.000,0.000,0.000,0.000,0.000,0.000,7.879,-3.615
202.63,0.108,0,0.248,2.578,0,0.000,0.000,0.000,0.000,0.000,0.000,7.865,-3.618
202.83,0.108,0,0.248,2.578,0,0.000,0.000,0.000,0.000,0.000,0.000,7.858,-3.611
203.03,0.232,0,0.248,2.578,0,0.000,0.000,0.000,0.000,0.000,0.000,7.855,-3.623
203.23,0.108,0,0.249,2.563,0,0.000,0.000,0.000,0.000,0.000,0.000,7.856,-3.633
203.43,0.231,0,0.249,2.563,0,0.000,0.000,0.000,0.000,0.000,0.000,7.866,-3.618
203.63,0.108,0,0.248,2.566,0,0.000,0.000,0.000,0.000,0.000,0.000,7.875,-3.619
203.83,0.108,0,0.248,2.566,0,0.000,0.000,0.000,0.000,0.000,0.000,7.874,-3.632
204.03,0.108,0,0.248,2.566,0,0.000,0.000,0.000,0.000,0.000,0.000,7.864,-3.642
204.23,0.111,0,0.248,2.566,0,0.000,0.000,0.000,0.000,0.000,0.000,7.860,-3.629
204.43,0.109,0,0.248,2.566,0,0.000,0.000,0.000,0.000,0.000,0.000,7.852,-3.622
204.63,0.108,0,0.248,2.564,0,0.000,0.000,0.000,0.000,0.000,0.000,7.854,-3.630
204.83,0.231,0,0.248,2.564,0,0.000,0.000,0.000,0.000,0.000,0.000,7.858,-3.636
205.03,0.231,0,0.248,2.564,0,0.000,0.000,0.000,0.000,0.000,0.000,7.863,-3.628
205.23,0.231,0,0.248,2.566,0,0.000,0.000,0.000,0.000,0.000,0.000,7.862,-3.615
205.43,0.231,0,0.248,2.566,0,0.000,0.000,0.000,0.000,0.000,0.000,7.847,-3.619
205.63,0.231,0,0.248,2.566,0,0.000,0.000,0.000,0.000,0.000,0.000,7.865,-3.646
205.83,0.231,0,0.248,2.566,0,0.000,0.000,0.000,0.000,0.000,0.000,7.861,-3.630
206.03,0.231,0,0.248,2.566,0,0.000,0.000,0.000,0.000,0.000,0.000,7.842,-3.604
206.23,0.231,0,0.248,2.557,0,0.000,0.000,0.000,0.000,0.000,0.000,7.846,-3.595
206.43,0.167,0,0.248,2.557,0,0.000,0.000,0.000,0.000,0.000,0.000,7.845,-3.604
206.63,0.125,0,0.248,2.562,0,0.000,0.000,0.000,0.000,0.000,0.000,7.847,-3.626
206.83,0.100,0,0.248,2.562,0,0.000,0.000,0.000,0.000,0.000,0.000,7.868,-3.650
207.03,0.101,0,0.248,2.562,0,0.000,0.000,0.000,0.000,0.000,0.000,7.870,-3.666
207.23,0.101,0,0.248,2.551,0,0.000,0.000,0.000,0.000,0.000,0.000,7.849,-3.656
207.43,0.101,0,0.248,2.551,0,0.000,0.000,0.000,0.000,0.000,0.000,7.854,-3.645
207.63,0.106,0,0.248,2.575,0,0.000,0.000,0.000,0.000,0.000,0.000,7.856,-3.644
207.83,0.101,0,0.248,2.575,0,0.000,0.000,0.000,0.000,0.000,0.000,7.866,-3.653
208.03,0.104,0,0.248,2.575,0,0.000,0.000,0.000,0.000,0.000,0.000,7.872,-3.651
208.23,0.108,0,0.248,2.574,0,0.000,0.000,0.000,0.000,0.000,0.000,7.867,-3.650
208.43,0.105,0,0.248,2.574,0,0.000,0.000,0.000,0.000,0.000,0.000,7.856,-3.647
208.63,0.104,0,0.249,2.548,0,0.000,0.000,0.000,0.000,0.000,0.000,7.859,-3.651
208.83,0.102,0,0.249,2.548,0,0.000,0.000,0.000,0.000,0.000,0.000,7.854,-3.644
209.03,0.148,0,0.249,2.548,0,0.000,0.000,0.000,0.000,0.000,0.000,7.862,-3.645
209.23,0.140,0,0.249,2.532,0,0.000,0.000,0.000,0.000,0.000,0.000,7.868,-3.642
209.43,0.109,0,0.249,2.532,0,0.000,0.000,0.000,0.000,0.000,0.000,7.884,-3.660
209.63,0.231,0,0.249,2.561,0,0.000,0.000,0.000,0.000,0.000,0.000,7.860,-3.652
209.83,0.231,0,0.249,2.561,0,0.000,0.000,0.000,0.000,0.000,0.000,7.853,-3.634
210.03,0.101,0,0.249,2.561,0,0.000,0.000,0.000,0.000,0.000,0.000,7.859,-3.633
210.23,0.101,0,0.249,2.537,0,0.000,0.000,0.000,0.000,0.000,0.000,7.868,-3.645
210.43,0.108,0,0.249,2.537,0,0.000,0.000,0.000,0.000,0.000,0.000,7.860,-3.657
210.63,0.101,0,0.249,2.539,0,0.000,0.000,0.000,0.000,0.000,0.000,7.854,-3.653
210.83,0.109,0,0.249,2.539,0,0.000,0.000,0.000,0.000,0.000,0.000,7.860,-3.640
211.03,0.108,0,0.249,2.539,0,0.000,0.000,0.000,0.000,0.000,0.000,7.866,-3.638
211.23,0.105,0,0.250,2.552,0,0.000,0.000,0.000,0.000,0.000,0.000,7.869,-3.649
211.43,0.105,0,0.250,2.552,0,0.000,0.000,0.000,0.000,0.000,0.000,7.864,-3.651
211.63,0.104,0,0.249,2.531,0,0.000,0.000,0.000,0.000,0.000,0.000,7.857,-3.645
211.83,0.101,0,0.249,2.531,0,0.000,0.000,0.000,0.000,0.000,0.000,7.857,-3.643
212.03,0.101,0,0.249,2.531,0,0.000,0.000,0.000,0.000,0.000,0.000,7.869,-3.650
212.23,0.101,0,0.250,2.579,0,0.000,0.000,0.000,0.000,0.000,0.000,7.867,-3.640
212.43,0.104,0,0.250,2.579,0,0.000,0.000,0.000,0.000,0.000,0.000,7.868,-3.637
212.63,0.101,0,0.248,2.554,0,0.000,0.000,0.000,0.000,0.000,0.000,7.852,-3.637
212.83,0.112,0,0.248,2.554,0,0.000,0.000,0.000,0.000,0.000,0.000,7.847,-3.625
213.03,0.108,0,0.248,2.554,0,0.000,0.000,0.000,0.000,0.000,0.000,7.853,-3.633
213.23,0.105,0,0.248,2.565,0,0.000,0.000,0.000,0.000,0.000,0.000,7.866,-3.638
213.43,0.104,0,0.248,2.565,0,0.000,0.000,0.000,0.000,0.000,0.000,7.863,-3.637
213.63,0.116,0,0.248,2.584,0,0.000,0.000,0.000,0.000,0.000,0.000,7.849,-3.630
213.83,0.102,0,0.248,2.584,0,0.000,0.000,0.000,0.000,0.000,0.000,7.853,-3.633
214.03,0.101,0,0.248,2.584,0,0.000,0.000,0.000,0.000,0.000,0.000,7.863,-3.655
214.23,0.111,0,0.248,2.573,0,0.000,0.000,0.000,0.000,0.000,0.000,7.862,-3.654
214.43,0.112,0,0.248,2.573,0,0.000,0.000,0.000,0.000,0.000,0.000,7.858,-3.649
214.63,0.105,0,0.247,2.572,0,0.000,0.000,0.000,0.000,0.000,0.000,7.842,-3.651
214.83,0.106,0,0.247,2.572,0,0.000,0.000,0.000,0.000,0.000,0.000,7.850,-3.650
215.03,0.106,0,0.247,2.572,0,0.000,0.000,0.000,0.000,0.000,0.000,7.860,-3.650
215.23,0.108,0,0.250,2.579,0,0.000,0.000,0.000,0.000,0.000,0.000,7.864,-3.694
215.43,0.101,0,0.250,2.579,0,0.000,0.000,0.000,0.000,0.000,0.000,7.844,-3.698
215.63,0.105,0,0.249,2.545,0,0.000,0.000,0.000,0.000,0.000,0.000,7.824,-3.677
215.83,0.111,0,0.249,2.545,0,0.000,0.000,0.000,0.000,0.000,0.000,7.840,-3.669
216.03,0.156,0,0.249,2.545,0,0.000,0.000,0.000,0.000,0.000,0.000,7.837,-3.681
216.23,0.233,0,0.250,2.524,0,0.000,0.000,0.000,0.000,0.000,0.000,7.824,-3.655
216.43,0.233,0,0.250,2.524,0,0.000,0.000,0.000,0.000,0.000,0.000,7.818,-3.632
216.63,0.233,0,0.250,2.551,0,0.000,0.000,0.000,0.000,0.000,0.000,7.819,-3.599
216.83,0.233,0,0.250,2.551,0,0.000,0.000,0.000,0.000,0.000,0.000,7.824,-3.579
217.03,0.233,0,0.250,2.551,0,0.000,0.000,0.000,0.000,0.000,0.000,7.828,-3.596
217.23,0.233,0,0.250,2.526,0,0.000,0.000,0.000,0.000,0.000,0.000,7.817,-3.609
217.43,0.233,0,0.250,2.526,0,0.000,0.000,0.000,0.000,0.000,0.000,7.818,-3.597
217.63,0.233,0,0.250,2.550,0,0.000,0.000,0.000,0.000,0.000,0.000,7.806,-3.586
217.83,0.233,0,0.250,2.550,0,0.000,0.000,0.000,0.000,0.000,0.000,7.809,-3.594
218.03,0.233,0,0.250,2.550,0,0.000,0.000,0.000,0.000,0.000,0.000,7.829,-3.595
218.23,0.233,0,0.250,2.548,0,0.000,0.000,0.000,0.000,0.000,0.000,7.841,-3.610
218.43,0.233,0,0.250,2.548,0,0.000,0.000,0.000,0.000,0.000,0.000,7.830,-3.618
218.63,0.233,0,0.250,2.527,0,0.000,0.000,0.000,0.000,0.000,0.000,7.818,-3.607
218.83,0.233,0,0.250,2.527,0,0.000,0.000,0.000,0.000,0.000,0.000,7.839,-3.597
219.03,0.233,0,0.250,2.527,0,0.000,0.000,0.000,0.000,0.000,0.000,7.841,-3.581
219.23,0.233,0,0.250,2.554,0,0.000,0.000,0.000,0.000,0.000,0.000,7.837,-3.580
219.43,0.233,0,0.250,2.554,0,0.000,0.000,0.000,0.000,0.000,0.000,7.814,-3.584
219.63,0.233,0,0.250,2.551,0,0.000,0.000,0.000,0.000,0.000,0.000,7.810,-3.600
219.83,0.233,0,0.250,2.551,0,0.000,0.000,0.000,0.000,0.000,0.000,7.823,-3.601
220.03,0.233,0,0.250,2.551,0,0.000,0.000,0.000,0.000,0.000,0.000,7.829,-3.586
220.23,0.233,0,0.250,2.534,0,0.000,0.000,0.000,0.000,0.000,0.000,7.822,-3.583
220.43,0.233,0,0.250,2.534,0,0.000,0.000,0.000,0.000,0.000,0.000,7.815,-3.599
220.63,0.233,0,0.250,2.555,0,0.000,0.000,0.000,0.000,0.000,0.000,7.821,-3.621
220.83,0.233,0,0.250,2.555,0,0.000,0.000,0.000,0.000,0.000,0.000,7.835,-3.618
221.03,0.233,0,0.250,2.555,0,0.000,0.000,0.000,0.000,0.000,0.000,7.835,-3.602
221.23,0.233,0,0.250,2.540,0,0.000,0.000,0.000,0.000,0.000,0.000,7.812,-3.611
221.43,0.233,0,0.250,2.540,0,0.000,0.000,0.000,0.000,0.000,0.000,7.815,-3.622
221.63,0.233,0,0.250,2.552,0,0.000,0.000,0.000,0.000,0.000,0.000,7.823,-3.625
221.83,0.233,0,0.250,2.552,0,0.000,0.000,0.000,0.000,0.000,0.000,7.837,-3.609
222.03,0.233,0,0.250,2.552,0,0.000,0.000,0.000,0.000,0.000,0.000,7.832,-3.596
222.23,0.105,0,0.250,2.557,0,0.000,0.000,0.000,0.000,0.000,0.000,7.832,-3.606
222.44,0.137,0,0.250,2.557,0,0.000,0.000,0.000,0.000,0.000,0.000,7.858,-3.609
222.63,0.138,0,0.208,2.553,0,0.000,0.000,0.000,0.000,0.000,0.000,7.877,-3.625
222.83,0.126,0,0.208,2.553,0,0.000,0.000,0.000,0.000,0.000,0.000,7.865,-3.638
223.03,0.164,0,0.208,2.553,0,0.000,0.000,0.000,0.000,0.000,0.000,7.851,-3.639
223.23,0.179,0,0.230,2.602,0,0.000,0.000,0.000,0.000,0.000,0.000,7.860,-3.615
223.43,0.186,0,0.230,2.602,0,0.000,0.000,0.000,0.000,0.000,0.000,7.855,-3.589
223.63,0.184,0,0.215,0.454,0,0.000,0.000,0.000,0.000,0.000,0.000,7.848,-3.600
223.83,0.211,0,0.215,0.454,0,0.000,0.000,0.000,0.000,0.000,0.000,7.839,-3.620
224.03,0.111,0,0.215,0.454,0,0.000,0.000,0.000,0.000,0.000,0.000,7.861,-3.643
224.23,0.238,0,0.361,0.454,1,0.000,0.000,0.000,0.000,0.000,0.000,7.874,-3.629
224.43,0.269,0,0.361,0.454,1,0.000,0.000,0.000,0.000,0.000,0.000,7.847,-3.622
224.63,0.354,0,0.365,0.762,0,0.000,0.000,0.000,0.000,0.000,0.000,7.827,-3.619
224.83,0.352,0,0.365,0.762,0,0.000,0.000,0.000,0.000,0.000,0.000,7.839,-3.640
225.03,0.241,0,0.365,0.762,0,0.000,0.000,0.000,0.000,0.000,0.000,7.844,-3.640
225.23,0.241,0,0.281,2.268,0,0.000,0.000,0.000,0.000,0.000,0.000,7.830,-3.630
225.43,0.355,0,0.281,2.268,0,0.000,0.000,0.000,0.000,0.000,0.000,7.824,-3.612
225.63,0.237,0,0.254,2.518,0,0.000,0.000,0.000,0.000,0.000,0.000,7.836,-3.616
225.83,0.239,0,0.254,2.518,0,0.000,0.000,0.000,0.000,0.000,0.000,7.833,-3.621
226.03,0.238,0,0.254,2.518,0,0.000,0.000,0.000,0.000,0.000,0.000,7.837,-3.632
226.23,0.266,0,0.255,2.362,0,0.000,0.000,0.000,0.000,0.000,0.000,7.832,-3.624
226.43,0.236,0,0.255,2.362,0,0.000,0.000,0.000,0.000,0.000,0.000,7.845,-3.618
226.63,0.266,0,0.248,0.457,0,0.000,0.000,0.000,0.000,0.000,0.000,7.837,-3.619
226.83,0.236,0,0.248,0.457,0,0.000,0.000,0.000,0.000,0.000,0.000,7.837,-3.623
227.03,0.242,0,0.248,0.457,0,0.000,0.000,0.000,0.000,0.000,0.000,7.831,-3.613
227.23,0.235,0,0.250,0.455,0,0.000,0.000,0.000,0.000,0.000,0.000,7.841,-3.624
227.43,0.231,0,0.250,0.455,0,0.000,0.000,0.000,0.000,0.000,0.000,7.839,-3.629
227.63,0.268,0,0.246,0.456,0,0.000,0.000,0.000,0.000,0.000,0.000,7.825,-3.621
227.83,0.240,0,0.246,0.456,0,0.000,0.000,0.000,0.000,0.000,0.000,7.827,-3.634
228.03,0.238,0,0.246,0.456,0,0.000,0.000,0.000,0.000,0.000,0.000,7.843,-3.639
228.23,0.230,0,0.254,2.521,0,0.000,0.000,0.000,0.000,0.000,0.000,7.832,-3.644
228.43,0.230,0,0.254,2.521,0,0.000,0.000,0.000,0.000,0.000,0.000,7.809,-3.654
228.63,0.229,0,0.247,2.525,0,0.000,0.000,0.000,0.000,0.000,0.000,7.816,-3.660
228.83,0.230,0,0.247,2.525,0,0.000,0.000,0.000,0.000,0.000,0.000,7.851,-3.663
229.03,0.229,0,0.247,2.525,0,0.000,0.000,0.000,0.000,0.000,0.000,7.855,-3.648
229.23,0.234,0,0.247,2.488,0,0.000,0.000,0.000,0.000,0.000,0.000,7.833,-3.634
229.43,0.232,0,0.247,2.488,0,0.000,0.000,0.000,0.000,0.000,0.000,7.825,-3.646
229.63,0.232,0,0.249,2.517,0,0.000,0.000,0.000,0.000,0.000,0.000,7.832,-3.645
229.83,0.108,0,0.249,2.517,0,0.000,0.000,0.000,0.000,0.000,0.000,7.854,-3.646
230.03,0.108,0,0.249,2.517,0,0.000,0.000,0.000,0.000,0.000,0.000,7.854,-3.643
230.23,0.108,0,0.249,2.521,0,0.000,0.000,0.000,0.000,0.000,0.000,7.858,-3.647
230.43,0.108,0,0.249,2.521,0,0.000,0.000,0.000,0.000,0.000,0.000,7.859,-3.645
230.63,0.228,0,0.247,2.535,0,0.000,0.000,0.000,0.000,0.000,0.000,7.846,-3.646
230.83,0.229,0,0.247,2.535,0,0.000,0.000,0.000,0.000,0.000,0.000,7.840,-3.633
231.03,0.228,0,0.247,2.535,0,0.000,0.000,0.000,0.000,0.000,0.000,7.835,-3.636
231.23,0.230,0,0.249,2.518,0,0.000,0.000,0.000,0.000,0.000,0.000,7.830,-3.656
231.43,0.230,0,0.249,2.518,0,0.000,0.000,0.000,0.000,0.000,0.000,7.839,-3.658
231.63,0.230,0,0.250,2.536,0,0.000,0.000,0.000,0.000,0.000,0.000,7.852,-3.628
231.83,0.229,0,0.250,2.536,0,0.000,0.000,0.000,0.000,0.000,0.000,7.856,-3.619
232.03,0.230,0,0.250,2.536,0,0.000,0.000,0.000,0.000,0.000,0.000,7.836,-3.654
232.23,0.230,0,0.247,2.505,0,0.000,0.000,0.000,0.000,0.000,0.000,7.838,-3.649
232.43,0.233,0,0.247,2.505,0,0.000,0.000,0.000,0.000,0.000,0.000,7.855,-3.627
232.63,0.234,0,0.250,2.539,0,0.000,0.000,0.000,0.000,0.000,0.000,7.858,-3.633
232.83,0.233,0,0.250,2.539,0,0.000,0.000,0.000,0.000,0.000,0.000,7.843,-3.632
233.03,0.231,0,0.250,2.539,0,0.000,0.000,0.000,0.000,0.000,0.000,7.843,-3.636
233.23,0.229,0,0.246,2.532,0,0.000,0.000,0.000,0.000,0.000,0.000,7.858,-3.641
233.43,0.226,0,0.246,2.532,0,0.000,0.000,0.000,0.000,0.000,0.000,7.871,-3.647
233.63,0.230,0,0.247,2.507,0,0.000,0.000,0.000,0.000,0.000,0.000,7.875,-3.633
233.83,0.228,0,0.247,2.507,0,0.000,0.000,0.000,0.000,0.000,0.000,7.858,-3.620
234.03,0.230,0,0.247,2.507,0,0.000,0.000,0.000,0.000,0.000,0.000,7.842,-3.643
234.23,0.231,0,0.247,2.497,0,0.000,0.000,0.000,0.000,0.000,0.000,7.833,-3.660
234.43,0.239,0,0.247,2.497,0,0.000,0.000,0.000,0.000,0.000,0.000,7.843,-3.638
234.63,0.227,0,0.254,2.521,0,0.000,0.000,0.000,0.000,0.000,0.000,7.849,-3.610
234.83,0.228,0,0.254,2.521,0,0.000,0.000,0.000,0.000,0.000,0.000,7.834,-3.620
235.03,0.231,0,0.254,2.521,0,0.000,0.000,0.000,0.000,0.000,0.000,7.839,-3.652
235.23,0.228,0,0.247,2.498,0,0.000,0.000,0.000,0.000,0.000,0.000,7.845,-3.659
235.43,0.222,0,0.247,2.498,0,0.000,0.000,0.000,0.000,0.000,0.000,7.841,-3.645
235.63,0.228,0,0.246,2.506,0,0.000,0.000,0.000,0.000,0.000,0.000,7.845,-3.649
235.83,0.221,0,0.246,2.506,0,0.000,0.000,0.000,0.000,0.000,0.000,7.862,-3.671
236.03,0.228,0,0.246,2.506,0,0.000,0.000,0.000,0.000,0.000,0.000,7.861,-3.655
236.23,0.223,0,0.245,2.521,0,0.000,0.000,0.000,0.000,0.000,0.000,7.846,-3.653
236.43,0.228,0,0.245,2.521,0,0.000,0.000,0.000,0.000,0.000,0.000,7.838,-3.667
236.63,0.228,0,0.246,2.535,0,0.000,0.000,0.000,0.000,0.000,0.000,7.848,-3.681
236.83,0.228,0,0.246,2.535,0,0.000,0.000,0.000,0.000,0.000,0.000,7.858,-3.672
237.03,0.228,0,0.246,2.535,0,0.000,0.000,0.000,0.000,0.000,0.000,7.861,-3.660
237.23,0.228,0,0.246,2.541,0,0.000,0.000,0.000,0.000,0.000,0.000,7.853,-3.652
237.43,0.230,0,0.246,2.541,0,0.000,0.000,0.000,0.000,0.000,0.000,7.830,-3.638
237.63,0.231,0,0.248,2.508,0,0.000,0.000,0.000,0.000,0.000,0.000,7.834,-3.641
237.83,0.229,0,0.248,2.508,0,0.000,0.000,0.000,0.000,0.000,0.000,7.855,-3.649
238.03,0.228,0,0.248,2.508,0,0.000,0.000,0.000,0.000,0.000,0.000,7.858,-3.653
238.23,0.228,0,0.246,2.529,0,0.000,0.000,0.000,0.000,0.000,0.000,7.857,-3.656
238.43,0.228,0,0.246,2.529,0,0.000,0.000,0.000,0.000,0.000,0.000,7.862,-3.648
238.63,0.228,0,0.245,2.529,0,0.000,0.000,0.000,0.000,0.000,0.000,7.854,-3.654
238.83,0.228,0,0.245,2.529,0,0.000,0.000,0.000,0.000,0.000,0.000,7.847,-3.653
239.03,0.229,0,0.245,2.529,0,0.000,0.000,0.000,0.000,0.000,0.000,7.830,-3.652
239.23,0.223,0,0.247,2.528,0,0.000,0.000,0.000,0.000,0.000,0.000,7.835,-3.657
239.43,0.228,0,0.247,2.528,0,0.000,0.000,0.000,0.000,0.000,0.000,7.844,-3.662
239.63,0.227,0,0.245,2.105,0,0.000,0.000,0.000,0.000,0.000,0.000,7.855,-3.676
239.83,0.227,0,0.245,2.105,0,0.000,0.000,0.000,0.000,0.000,0.000,7.858,-3.676
240.03,0.229,0,0.245,2.105,0,0.000,0.000,0.000,0.000,0.000,0.000,7.857,-3.648
240.23,0.228,0,0.246,2.501,0,0.000,0.000,0.000,0.000,0.000,0.000,7.852,-3.657
240.43,0.231,0,0.246,2.501,0,0.000,0.000,0.000,0.000,0.000,0.000,7.847,-3.671
240.63,0.235,0,0.252,2.521,0,0.000,0.000,0.000,0.000,0.000,0.000,7.835,-3.664
240.83,0.235,0,0.252,2.521,0,0.000,0.000,0.000,0.000,0.000,0.000,7.840,-3.636
241.03,0.235,0,0.252,2.521,0,0.000,0.000,0.000,0.000,0.000,0.000,7.840,-3.631
241.23,0.234,0,0.252,2.526,0,0.000,0.000,0.000,0.000,0.000,0.000,7.835,-3.648
241.43,0.233,0,0.252,2.526,0,0.000,0.000,0.000,0.000,0.000,0.000,7.846,-3.652
241.63,0.236,0,0.253,2.505,0,0.000,0.000,0.000,0.000,0.000,0.000,7.840,-3.653
241.83,0.236,0,0.253,2.505,0,0.000,0.000,0.000,0.000,0.000,0.000,7.850,-3.648
242.03,0.239,0,0.253,2.505,0,0.000,0.000,0.000,0.000,0.000,0.000,7.848,-3.642
242.23,0.234,0,0.250,2.467,0,0.000,0.000,0.000,0.000,0.000,0.000,7.828,-3.638
242.43,0.236,0,0.250,2.467,0,0.000,0.000,0.000,0.000,0.000,0.000,7.823,-3.641
242.63,0.235,0,0.251,1.354,0,0.000,0.000,0.000,0.000,0.000,0.000,7.843,-3.648
242.83,0.236,0,0.251,1.354,0,0.000,0.000,0.000,0.000,0.000,0.000,7.859,-3.648
243.03,0.235,0,0.251,1.354,0,0.000,0.000,0.000,0.000,0.000,0.000,7.840,-3.626
243.23,0.233,0,0.250,2.506,0,0.000,0.000,0.000,0.000,0.000,0.000,7.824,-3.641
243.43,0.234,0,0.250,2.506,0,0.000,0.000,0.000,0.000,0.000,0.000,7.823,-3.647
243.63,0.227,0,0.254,2.506,0,0.000,0.000,0.000,0.000,0.000,0.000,7.846,-3.630
243.83,0.236,0,0.254,2.506,0,0.000,0.000,0.000,0.000,0.000,0.000,7.845,-3.624
244.03,0.234,0,0.254,2.506,0,0.000,0.000,0.000,0.000,0.000,0.000,7.829,-3.618
244.23,0.231,0,0.250,2.484,0,0.000,0.000,0.000,0.000,0.000,0.000,7.824,-3.610
244.43,0.239,0,0.250,2.484,0,0.000,0.000,0.000,0.000,0.000,0.000,7.822,-3.624
244.63,0.234,0,0.250,2.503,0,0.000,0.000,0.000,0.000,0.000,0.000,7.832,-3.636
244.83,0.238,0,0.250,2.503,0,0.000,0.000,0.000,0.000,0.000,0.000,7.847,-3.640
245.03,0.236,0,0.250,2.503,0,0.000,0.000,0.000,0.000,0.000,0.000,7.848,-3.629
245.23,0.235,0,0.251,2.517,0,0.000,0.000,0.000,0.000,0.000,0.000,7.828,-3.627
245.43,0.236,0,0.251,2.517,0,0.000,0.000,0.000,0.000,0.000,0.000,7.834,-3.633
245.63,0.234,0,0.250,2.524,0,0.000,0.000,0.000,0.000,0.000,0.000,7.850,-3.626
245.83,0.234,0,0.250,2.524,0,0.000,0.000,0.000,0.000,0.000,0.000,7.846,-3.624
246.03,0.235,0,0.250,2.524,0,0.000,0.000,0.000,0.000,0.000,0.000,7.833,-3.630
246.23,0.235,0,0.249,2.522,0,0.000,0.000,0.000,0.000,0.000,0.000,7.823,-3.631
246.43,0.233,0,0.249,2.522,0,0.000,0.000,0.000,0.000,0.000,0.000,7.832,-3.634
246.63,0.239,0,0.252,2.540,0,0.000,0.000,0.000,0.000,0.000,0.000,7.841,-3.629
246.83,0.236,0,0.252,2.540,0,0.000,0.000,0.000,0.000,0.000,0.000,7.840,-3.628
247.03,0.231,0,0.252,2.540,0,0.000,0.000,0.000,0.000,0.000,0.000,7.831,-3.616
247.23,0.234,0,0.250,2.507,0,0.000,0.000,0.000,0.000,0.000,0.000,7.822,-3.627
247.43,0.240,0,0.250,2.507,0,0.000,0.000,0.000,0.000,0.000,0.000,7.832,-3.629
247.63,0.236,0,0.254,0.455,0,0.000,0.000,0.000,0.000,0.000,0.000,7.838,-3.623
247.83,0.238,0,0.254,0.455,0,0.000,0.000,0.000,0.000,0.000,0.000,7.838,-3.618
248.03,0.238,0,0.254,0.455,0,0.000,0.000,0.000,0.000,0.000,0.000,7.818,-3.608
248.23,0.237,0,0.255,0.458,0,0.000,0.000,0.000,0.000,0.000,0.000,7.817,-3.621
248.43,0.238,0,0.255,0.458,0,0.000,0.000,0.000,0.000,0.000,0.000,7.846,-3.642
248.63,0.237,0,0.254,0.455,0,0.000,0.000,0.000,0.000,0.000,0.000,7.851,-3.638
248.83,0.266,0,0.254,0.455,0,0.000,0.000,0.000,0.000,0.000,0.000,7.837,-3.616
249.03,0.238,0,0.254,0.455,0,0.000,0.000,0.000,0.000,0.000,0.000,7.822,-3.614
249.23,0.239,0,0.255,2.497,0,0.000,0.000,0.000,0.000,0.000,0.000,7.813,-3.630
249.43,0.238,0,0.255,2.497,0,0.000,0.000,0.000,0.000,0.000,0.000,7.828,-3.639
249.63,0.237,0,0.254,2.498,0,0.000,0.000,0.000,0.000,0.000,0.000,7.837,-3.630
249.83,0.238,0,0.254,2.498,0,0.000,0.000,0.000,0.000,0.000,0.000,7.830,-3.618
250.03,0.230,0,0.254,2.498,0,0.000,0.000,0.000,0.000,0.000,0.000,7.830,-3.620
250.23,0.238,0,0.253,2.077,0,0.000,0.000,0.000,0.000,0.000,0.000,7.852,-3.635
250.43,0.109,0,0.253,2.077,0,0.000,0.000,0.000,0.000,0.000,0.000,7.848,-3.643
250.63,0.108,0,0.281,0.663,0,0.000,0.000,0.000,0.000,0.000,0.000,7.815,-3.633
250.83,0.109,0,0.281,0.663,0,0.000,0.000,0.000,0.000,0.000,0.000,7.811,-3.627
251.03,0.111,0,0.281,0.663,0,0.000,0.000,0.000,0.000,0.000,0.000,7.833,-3.621
251.23,0.108,0,0.365,2.503,0,0.000,0.000,0.000,0.000,0.000,0.000,7.850,-3.630
251.43,0.108,0,0.365,2.503,0,0.000,0.000,0.000,0.000,0.000,0.000,7.842,-3.639
251.63,0.108,0,0.255,2.514,0,0.000,0.000,0.000,0.000,0.000,0.000,7.824,-3.630
251.83,0.237,0,0.255,2.514,0,0.000,0.000,0.000,0.000,0.000,0.000,7.835,-3.625
252.03,0.111,0,0.255,2.514,0,0.000,0.000,0.000,0.000,0.000,0.000,7.850,-3.631
252.23,0.108,0,0.255,2.517,0,0.000,0.000,0.000,0.000,0.000,0.000,7.838,-3.629
252.43,0.111,0,0.255,2.517,0,0.000,0.000,0.000,0.000,0.000,0.000,7.836,-3.622
252.63,0.238,0,0.255,2.492,0,0.000,0.000,0.000,0.000,0.000,0.000,7.839,-3.627
252.83,0.111,0,0.255,2.492,0,0.000,0.000,0.000,0.000,0.000,0.000,7.842,-3.624
253.03,0.108,0,0.255,2.492,0,0.000,0.000,0.000,0.000,0.000,0.000,7.829,-3.614
253.23,0.239,0,0.255,2.478,0,0.000,0.000,0.000,0.000,0.000,0.000,7.836,-3.616
253.43,0.108,0,0.255,2.478,0,0.000,0.000,0.000,0.000,0.000,0.000,7.851,-3.625
253.63,0.108,0,0.254,0.456,0,0.000,0.000,0.000,0.000,0.000,0.000,7.852,-3.642
253.83,0.108,0,0.254,0.456,0,0.000,0.000,0.000,0.000,0.000,0.000,7.829,-3.635
254.03,0.108,0,0.254,0.456,0,0.000,0.000,0.000,0.000,0.000,0.000,7.823,-3.622
254.23,0.109,0,0.255,2.077,0,0.000,0.000,0.000,0.000,0.000,0.000,7.833,-3.626
254.43,0.239,0,0.255,2.077,0,0.000,0.000,0.000,0.000,0.000,0.000,7.850,-3.639
254.63,0.238,0,0.256,2.187,0,0.000,0.000,0.000,0.000,0.000,0.000,7.838,-3.657
254.83,0.108,0,0.256,2.187,0,0.000,0.000,0.000,0.000,0.000,0.000,7.825,-3.639
255.03,0.108,0,0.256,2.187,0,0.000,0.000,0.000,0.000,0.000,0.000,7.827,-3.624
255.23,0.109,0,0.258,1.776,0,0.000,0.000,0.000,0.000,0.000,0.000,7.842,-3.639
255.43,0.112,0,0.258,1.776,0,0.000,0.000,0.000,0.000,0.000,0.000,7.843,-3.652
255.63,0.108,0,0.254,2.493,0,0.000,0.000,0.000,0.000,0.000,0.000,7.827,-3.635
255.83,0.111,0,0.254,2.493,0,0.000,0.000,0.000,0.000,0.000,0.000,7.828,-3.638
256.03,0.111,0,0.254,2.493,0,0.000,0.000,0.000,0.000,0.000,0.000,7.837,-3.642
256.23,0.109,0,0.254,2.509,0,0.000,0.000,0.000,0.000,0.000,0.000,7.828,-3.630
256.43,0.108,0,0.254,2.509,0,0.000,0.000,0.000,0.000,0.000,0.000,7.823,-3.629
256.63,0.237,0,0.254,2.412,0,0.000,0.000,0.000,0.000,0.000,0.000,7.836,-3.637
256.83,0.108,0,0.254,2.412,0,0.000,0.000,0.000,0.000,0.000,0.000,7.831,-3.620
257.03,0.111,0,0.254,2.412,0,0.000,0.000,0.000,0.000,0.000,0.000,7.825,-3.621
257.23,0.237,0,0.255,1.976,0,0.000,0.000,0.000,0.000,0.000,0.000,7.826,-3.633
257.43,0.108,0,0.255,1.976,0,0.000,0.000,0.000,0.000,0.000,0.000,7.835,-3.623
257.63,0.108,0,0.245,2.502,0,0.000,0.000,0.000,0.000,0.000,0.000,7.826,-3.616
257.83,0.234,0,0.245,2.502,0,0.000,0.000,0.000,0.000,0.000,0.000,7.840,-3.630
258.03,0.111,0,0.245,2.502,0,0.000,0.000,0.000,0.000,0.000,0.000,7.842,-3.629
258.23,0.108,0,0.251,2.508,0,0.000,0.000,0.000,0.000,0.000,0.000,7.827,-3.630
258.43,0.236,0,0.251,2.508,0,0.000,0.000,0.000,0.000,0.000,0.000,7.830,-3.627
258.63,0.108,0,0.248,2.520,0,0.000,0.000,0.000,0.000,0.000,0.000,7.827,-3.628
258.83,0.108,0,0.248,2.520,0,0.000,0.000,0.000,0.000,0.000,0.000,7.830,-3.635
259.03,0.236,0,0.248,2.520,0,0.000,0.000,0.000,0.000,0.000,0.000,7.843,-3.639
259.23,0.108,0,0.248,0.455,0,0.000,0.000,0.000,0.000,0.000,0.000,7.832,-3.623
259.43,0.111,0,0.248,0.455,0,0.000,0.000,0.000,0.000,0.000,0.000,7.830,-3.632
259.63,0.111,0,0.254,0.766,0,0.000,0.000,0.000,0.000,0.000,0.000,7.834,-3.638
259.83,0.111,0,0.254,0.766,0,0.000,0.000,0.000,0.000,0.000,0.000,7.830,-3.623
260.03,0.108,0,0.254,0.766,0,0.000,0.000,0.000,0.000,0.000,0.000,7.835,-3.618
260.23,0.236,0,0.253,2.500,0,0.000,0.000,0.000,0.000,0.000,0.000,7.840,-3.629
260.43,0.108,0,0.253,2.500,0,0.000,0.000,0.000,0.000,0.000,0.000,7.828,-3.636
260.63,0.108,0,0.245,2.503,0,0.000,0.000,0.000,0.000,0.000,0.000,7.832,-3.628
260.83,0.108,0,0.245,2.503,0,0.000,0.000,0.000,0.000,0.000,0.000,7.840,-3.626
261.03,0.109,0,0.245,2.503,0,0.000,0.000,0.000,0.000,0.000,0.000,7.833,-3.632
261.23,0.109,0,0.255,2.511,0,0.000,0.000,0.000,0.000,0.000,0.000,7.825,-3.628
261.43,0.111,0,0.255,2.511,0,0.000,0.000,0.000,0.000,0.000,0.000,7.826,-3.624
261.63,0.235,0,0.252,2.519,0,0.000,0.000,0.000,0.000,0.000,0.000,7.844,-3.630
261.83,0.238,0,0.252,2.519,0,0.000,0.000,0.000,0.000,0.000,0.000,7.847,-3.622
262.03,0.111,0,0.252,2.519,0,0.000,0.000,0.000,0.000,0.000,0.000,7.843,-3.619
262.23,0.109,0,0.259,0.455,1,0.000,0.000,0.000,0.000,0.000,0.000,7.836,-3.624
262.43,0.238,0,0.259,0.455,1,0.000,0.000,0.000,0.000,0.000,0.000,7.845,-3.635
262.63,0.241,0,0.257,2.515,0,0.000,0.000,0.000,0.000,0.000,0.000,7.843,-3.627
262.83,0.238,0,0.257,2.515,0,0.000,0.000,0.000,0.000,0.000,0.000,7.836,-3.635
263.03,0.238,0,0.257,2.515,0,0.000,0.000,0.000,0.000,0.000,0.000,7.845,-3.633
263.23,0.242,0,0.281,0.456,1,0.000,0.000,0.000,0.000,0.000,0.000,7.840,-3.638
263.43,0.241,0,0.281,0.456,1,0.000,0.000,0.000,0.000,0.000,0.000,7.843,-3.638
263.63,0.171,0,0.194,1.806,0,0.000,0.000,0.000,0.000,0.000,0.000,7.840,-3.634
263.83,0.237,0,0.194,1.806,0,0.000,0.000,0.000,0.000,0.000,0.000,7.833,-3.627
264.03,0.111,0,0.194,1.806,0,0.000,0.000,0.000,0.000,0.000,0.000,7.823,-3.621
264.23,0.108,0,0.255,2.454,0,0.000,0.000,0.000,0.000,0.000,0.000,7.822,-3.629
264.43,0.111,0,0.255,2.454,0,0.000,0.000,0.000,0.000,0.000,0.000,7.828,-3.637
264.63,0.109,0,0.258,0.454,1,0.000,0.000,0.000,0.000,0.000,0.000,7.826,-3.625
264.83,0.108,0,0.258,0.454,1,0.000,0.000,0.000,0.000,0.000,0.000,7.836,-3.620
265.03,0.109,0,0.258,0.454,1,0.000,0.000,0.000,0.000,0.000,0.000,7.836,-3.622
265.23,0.108,0,0.359,0.456,1,0.000,0.000,0.000,0.000,0.000,0.000,7.820,-3.630
265.43,0.108,0,0.359,0.456,1,0.000,0.000,0.000,0.000,0.000,0.000,7.819,-3.632
265.63,0.108,0,0.248,0.456,0,0.000,0.000,0.000,0.000,0.000,0.000,7.838,-3.632
265.83,0.239,0,0.248,0.456,0,0.000,0.000,0.000,0.000,0.000,0.000,7.835,-3.626
266.03,0.109,0,0.248,0.456,0,0.000,0.000,0.000,0.000,0.000,0.000,7.825,-3.630
266.23,0.109,0,0.255,0.560,0,0.000,0.000,0.000,0.000,0.000,0.000,7.808,-3.639
266.43,0.108,0,0.255,0.560,0,0.000,0.000,0.000,0.000,0.000,0.000,7.807,-3.629
266.63,0.238,0,0.255,0.763,0,0.000,0.000,0.000,0.000,0.000,0.000,7.824,-3.624
266.83,0.108,0,0.255,0.763,0,0.000,0.000,0.000,0.000,0.000,0.000,7.826,-3.636
267.03,0.108,0,0.255,0.763,0,0.000,0.000,0.000,0.000,0.000,0.000,7.807,-3.639
267.23,0.238,0,0.259,0.455,1,0.000,0.000,0.000,0.000,0.000,0.000,7.811,-3.625
267.43,0.233,0,0.259,0.455,1,0.000,0.000,0.000,0.000,0.000,0.000,7.823,-3.642
267.63,0.238,0,0.255,0.455,0,0.000,0.000,0.000,0.000,0.000,0.000,7.849,-3.663
267.83,0.266,0,0.255,0.455,0,0.000,0.000,0.000,0.000,0.000,0.000,7.846,-3.670
268.03,0.269,0,0.255,0.455,0,0.000,0.000,0.000,0.000,0.000,0.000,7.835,-3.650
268.23,0.266,0,0.279,2.197,0,0.000,0.000,0.000,0.000,0.000,0.000,7.840,-3.636
268.43,0.347,0,0.279,2.197,0,0.000,0.000,0.000,0.000,0.000,0.000,7.848,-3.639
268.63,0.344,0,0.361,2.515,0,0.000,0.000,0.000,0.000,0.000,0.000,7.843,-3.649
268.83,0.132,0,0.361,2.515,0,0.000,0.000,0.000,0.000,0.000,0.000,7.837,-3.676
269.03,0.147,0,0.361,2.515,0,0.000,0.000,0.000,0.000,0.000,0.000,7.861,-3.683
269.23,0.209,0,0.241,2.564,0,0.000,0.000,0.000,0.000,0.000,0.000,7.865,-3.689
269.43,0.225,0,0.241,2.564,0,0.000,0.000,0.000,0.000,0.000,0.000,7.833,-3.653
269.63,0.225,0,0.242,2.572,0,0.000,0.000,0.000,0.000,0.000,0.000,7.818,-3.637
269.83,0.225,0,0.242,2.572,0,0.000,0.000,0.000,0.000,0.000,0.000,7.813,-3.655
270.03,0.225,0,0.242,2.572,0,0.000,0.000,0.000,0.000,0.000,0.000,7.813,-3.656
270.23,0.225,0,0.242,2.576,0,0.000,0.000,0.000,0.000,0.000,0.000,7.818,-3.630
270.43,0.225,0,0.242,2.576,0,0.000,0.000,0.000,0.000,0.000,0.000,7.837,-3.624
270.63,0.225,0,0.242,2.561,0,0.000,0.000,0.000,0.000,0.000,0.000,7.844,-3.653
270.83,0.225,0,0.242,2.561,0,0.000,0.000,0.000,0.000,0.000,0.000,7.832,-3.665
271.03,0.226,0,0.242,2.561,0,0.000,0.000,0.000,0.000,0.000,0.000,7.830,-3.640
271.23,0.225,0,0.242,2.554,0,0.000,0.000,0.000,0.000,0.000,0.000,7.833,-3.620
271.43,0.225,0,0.242,2.554,0,0.000,0.000,0.000,0.000,0.000,0.000,7.833,-3.633
271.63,0.225,0,0.242,2.579,0,0.000,0.000,0.000,0.000,0.000,0.000,7.833,-3.655
271.83,0.225,0,0.242,2.579,0,0.000,0.000,0.000,0.000,0.000,0.000,7.834,-3.641
272.03,0.225,0,0.242,2.579,0,0.000,0.000,0.000,0.000,0.000,0.000,7.827,-3.626
272.23,0.225,0,0.242,2.572,0,0.000,0.000,0.000,0.000,0.000,0.000,7.830,-3.649
272.43,0.225,0,0.242,2.572,0,0.000,0.000,0.000,0.000,0.000,0.000,7.835,-3.659
272.63,0.225,0,0.242,2.567,0,0.000,0.000,0.000,0.000,0.000,0.000,7.841,-3.634
272.83,0.225,0,0.242,2.567,0,0.000,0.000,0.000,0.000,0.000,0.000,7.841,-3.639
273.03,0.225,0,0.242,2.567,0,0.000,0.000,0.000,0.000,0.000,0.000,7.851,-3.633
273.23,0.225,0,0.242,2.573,0,0.000,0.000,0.000,0.000,0.000,0.000,7.856,-3.645
273.43,0.225,0,0.242,2.573,0,0.000,0.000,0.000,0.000,0.000,0.000,7.869,-3.674
273.63,0.225,0,0.242,2.565,0,0.000,0.000,0.000,0.000,0.000,0.000,7.870,-3.675
273.83,0.225,0,0.242,2.565,0,0.000,0.000,0.000,0.000,0.000,0.000,7.852,-3.657
274.03,0.226,0,0.242,2.565,0,0.000,0.000,0.000,0.000,0.000,0.000,7.851,-3.660
274.23,0.225,0,0.242,2.571,0,0.000,0.000,0.000,0.000,0.000,0.000,7.850,-3.666
274.43,0.225,0,0.242,2.571,0,0.000,0.000,0.000,0.000,0.000,0.000,7.843,-3.672
274.63,0.225,0,0.242,2.562,0,0.000,0.000,0.000,0.000,0.000,0.000,7.847,-3.658
274.83,0.225,0,0.242,2.562,0,0.000,0.000,0.000,0.000,0.000,0.000,7.844,-3.625
275.03,0.225,0,0.242,2.562,0,0.000,0.000,0.000,0.000,0.000,0.000,7.844,-3.615
275.23,0.225,0,0.242,2.562,0,0.000,0.000,0.000,0.000,0.000,0.000,7.843,-3.629
275.43,0.225,0,0.242,2.562,0,0.000,0.000,0.000,0.000,0.000,0.000,7.847,-3.641
275.63,0.225,0,0.242,2.570,0,0.000,0.000,0.000,0.000,0.000,0.000,7.851,-3.615
275.83,0.225,0,0.242,2.570,0,0.000,0.000,0.000,0.000,0.000,0.000,7.854,-3.607
276.03,0.225,0,0.242,2.570,0,0.000,0.000,0.000,0.000,0.000,0.000,7.847,-3.617
276.23,0.225,0,0.242,2.565,0,0.000,0.000,0.000,0.000,0.000,0.000,7.853,-3.626
276.43,0.225,0,0.242,2.565,0,0.000,0.000,0.000,0.000,0.000,0.000,7.854,-3.627
276.63,0.225,0,0.242,2.586,0,0.000,0.000,0.000,0.000,0.000,0.000,7.853,-3.626
276.83,0.225,0,0.242,2.586,0,0.000,0.000,0.000,0.000,0.000,0.000,7.855,-3.629
277.03,0.225,0,0.242,2.586,0,0.000,0.000,0.000,0.000,0.000,0.000,7.849,-3.621
277.23,0.225,0,0.242,2.539,0,0.000,0.000,0.000,0.000,0.000,0.000,7.856,-3.631
277.43,0.225,0,0.242,2.539,0,0.000,0.000,0.000,0.000,0.000,0.000,7.851,-3.646
277.63,0.225,0,0.242,2.578,0,0.000,0.000,0.000,0.000,0.000,0.000,7.843,-3.642
277.83,0.225,0,0.242,2.578,0,0.000,0.000,0.000,0.000,0.000,0.000,7.839,-3.635
278.03,0.225,0,0.242,2.578,0,0.000,0.000,0.000,0.000,0.000,0.000,7.837,-3.635
278.23,0.225,0,0.242,2.542,0,0.000,0.000,0.000,0.000,0.000,0.000,7.836,-3.638
278.43,0.225,0,0.242,2.542,0,0.000,0.000,0.000,0.000,0.000,0.000,7.843,-3.640
278.63,0.225,0,0.242,2.563,0,0.000,0.000,0.000,0.000,0.000,0.000,7.841,-3.635
278.83,0.225,0,0.242,2.563,0,0.000,0.000,0.000,0.000,0.000,0.000,7.840,-3.633
279.03,0.223,0,0.242,2.563,0,0.000,0.000,0.000,0.000,0.000,0.000,7.836,-3.651
279.23,0.224,0,0.241,2.564,0,0.000,0.000,0.000,0.000,0.000,0.000,7.830,-3.664
279.43,0.225,0,0.241,2.564,0,0.000,0.000,0.000,0.000,0.000,0.000,7.841,-3.664
279.63,0.222,0,0.240,0.450,0,0.000,0.000,0.000,0.000,0.000,0.000,7.844,-3.656
279.83,0.222,0,0.240,0.450,0,0.000,0.000,0.000,0.000,0.000,0.000,7.850,-3.658
280.03,0.222,0,0.240,0.450,0,0.000,0.000,0.000,0.000,0.000,0.000,7.857,-3.672
280.23,0.231,0,0.241,0.456,0,0.000,0.000,0.000,0.000,0.000,0.000,7.865,-3.665
280.43,0.236,0,0.241,0.456,0,0.000,0.000,0.000,0.000,0.000,0.000,7.863,-3.661
280.63,0.238,0,0.255,2.612,0,0.000,0.000,0.000,0.000,0.000,0.000,7.868,-3.675
280.83,0.237,0,0.255,2.612,0,0.000,0.000,0.000,0.000,0.000,0.000,7.873,-3.680
281.03,0.237,0,0.255,2.612,0,0.000,0.000,0.000,0.000,0.000,0.000,7.859,-3.661
281.23,0.237,0,0.254,2.621,0,0.000,0.000,0.000,0.000,0.000,0.000,7.856,-3.655
281.43,0.237,0,0.254,2.621,0,0.000,0.000,0.000,0.000,0.000,0.000,7.862,-3.652
281.63,0.237,0,0.254,2.617,0,0.000,0.000,0.000,0.000,0.000,0.000,7.860,-3.657
281.83,0.237,0,0.254,2.617,0,0.000,0.000,0.000,0.000,0.000,0.000,7.867,-3.670
282.03,0.237,0,0.254,2.617,0,0.000,0.000,0.000,0.000,0.000,0.000,7.870,-3.671
282.23,0.237,0,0.254,2.629,0,0.000,0.000,0.000,0.000,0.000,0.000,7.875,-3.662
282.43,0.234,0,0.254,2.629,0,0.000,0.000,0.000,0.000,0.000,0.000,7.870,-3.652
282.63,0.234,0,0.251,2.590,0,0.000,0.000,0.000,0.000,0.000,0.000,7.854,-3.654
282.83,0.243,0,0.251,2.590,0,0.000,0.000,0.000,0.000,0.000,0.000,7.852,-3.662
283.03,0.250,0,0.251,2.590,0,0.000,0.000,0.000,0.000,0.000,0.000,7.858,-3.660
283.23,0.257,0,0.268,0.389,1,0.000,0.000,0.000,0.000,0.000,0.000,7.840,-3.660
283.43,0.111,0,0.268,0.389,1,0.000,0.000,0.000,0.000,0.000,0.000,7.823,-3.695
283.63,0.256,0,0.271,0.393,1,0.000,0.000,0.000,0.000,0.000,0.000,7.819,-3.714
283.83,0.111,0,0.271,0.393,1,0.000,0.000,0.000,0.000,0.000,0.000,7.833,-3.696
284.03,0.262,0,0.271,0.393,1,0.000,0.000,0.000,0.000,0.000,0.000,7.854,-3.683
284.23,0.260,0,0.277,0.398,1,0.000,0.000,0.000,0.000,0.000,0.000,7.866,-3.697
284.43,0.259,0,0.277,0.398,1,0.000,0.000,0.000,0.000,0.000,0.000,7.862,-3.696
284.63,0.257,0,0.273,2.927,0,0.000,0.000,0.000,0.000,0.000,0.000,7.863,-3.673
284.83,0.255,0,0.273,2.927,0,0.000,0.000,0.000,0.000,0.000,0.000,7.860,-3.668
285.03,0.253,0,0.273,2.927,0,0.000,0.000,0.000,0.000,0.000,0.000,7.847,-3.665
285.23,0.253,0,0.269,2.930,0,0.000,0.000,0.000,0.000,0.000,0.000,7.845,-3.670
285.43,0.254,0,0.269,2.930,0,0.000,0.000,0.000,0.000,0.000,0.000,7.841,-3.682
285.63,0.254,0,0.269,2.524,0,0.000,0.000,0.000,0.000,0.000,0.000,7.843,-3.688
285.83,0.254,0,0.269,2.524,0,0.000,0.000,0.000,0.000,0.000,0.000,7.846,-3.682
286.03,0.254,0,0.269,2.524,0,0.000,0.000,0.000,0.000,0.000,0.000,7.850,-3.666
286.23,0.254,0,0.269,1.086,0,0.000,0.000,0.000,0.000,0.000,0.000,7.848,-3.650
286.43,0.254,0,0.269,1.086,0,0.000,0.000,0.000,0.000,0.000,0.000,7.848,-3.662
286.63,0.254,0,0.269,2.908,0,0.000,0.000,0.000,0.000,0.000,0.000,7.842,-3.680
286.83,0.254,0,0.269,2.908,0,0.000,0.000,0.000,0.000,0.000,0.000,7.840,-3.686
287.03,0.254,0,0.269,2.908,0,0.000,0.000,0.000,0.000,0.000,0.000,7.847,-3.659
287.23,0.254,0,0.269,2.920,0,0.000,0.000,0.000,0.000,0.000,0.000,7.847,-3.652
287.43,0.254,0,0.269,2.920,0,0.000,0.000,0.000,0.000,0.000,0.000,7.843,-3.658
287.63,0.253,0,0.269,0.848,0,0.000,0.000,0.000,0.000,0.000,0.000,7.857,-3.673
287.83,0.254,0,0.269,0.848,0,0.000,0.000,0.000,0.000,0.000,0.000,7.867,-3.690
288.03,0.254,0,0.269,0.848,0,0.000,0.000,0.000,0.000,0.000,0.000,7.858,-3.699
288.23,0.254,0,0.269,2.895,0,0.000,0.000,0.000,0.000,0.000,0.000,7.851,-3.668
288.43,0.254,0,0.269,2.895,0,0.000,0.000,0.000,0.000,0.000,0.000,7.845,-3.670
288.63,0.254,0,0.269,2.913,0,0.000,0.000,0.000,0.000,0.000,0.000,7.849,-3.679
288.83,0.253,0,0.269,2.913,0,0.000,0.000,0.000,0.000,0.000,0.000,7.850,-3.676
289.03,0.254,0,0.269,2.913,0,0.000,0.000,0.000,0.000,0.000,0.000,7.848,-3.673
289.23,0.254,0,0.269,2.912,0,0.000,0.000,0.000,0.000,0.000,0.000,7.840,-3.666
289.43,0.108,0,0.269,2.912,0,0.000,0.000,0.000,0.000,0.000,0.000,7.839,-3.666
289.63,0.254,0,0.269,2.894,0,0.000,0.000,0.000,0.000,0.000,0.000,7.840,-3.677
289.83,0.254,0,0.269,2.894,0,0.000,0.000,0.000,0.000,0.000,0.000,7.835,-3.681
290.03,0.111,0,0.269,2.894,0,0.000,0.000,0.000,0.000,0.000,0.000,7.839,-3.667
290.23,0.111,0,0.269,2.778,0,0.000,0.000,0.000,0.000,0.000,0.000,7.848,-3.671
290.43,0.254,0,0.269,2.778,0,0.000,0.000,0.000,0.000,0.000,0.000,7.837,-3.682
290.63,0.254,0,0.269,2.925,0,0.000,0.000,0.000,0.000,0.000,0.000,7.821,-3.685
290.83,0.254,0,0.269,2.925,0,0.000,0.000,0.000,0.000,0.000,0.000,7.842,-3.667
291.03,0.254,0,0.269,2.925,0,0.000,0.000,0.000,0.000,0.000,0.000,7.847,-3.664
291.23,0.254,0,0.269,2.922,0,0.000,0.000,0.000,0.000,0.000,0.000,7.835,-3.685
291.43,0.254,0,0.269,2.922,0,0.000,0.000,0.000,0.000,0.000,0.000,7.833,-3.698
291.63,0.253,0,0.269,2.914,0,0.000,0.000,0.000,0.000,0.000,0.000,7.845,-3.687
291.83,0.254,0,0.269,2.914,0,0.000,0.000,0.000,0.000,0.000,0.000,7.848,-3.683
292.03,0.254,0,0.269,2.914,0,0.000,0.000,0.000,0.000,0.000,0.000,7.850,-3.684
292.23,0.253,0,0.269,2.915,0,0.000,0.000,0.000,0.000,0.000,0.000,7.859,-3.686
292.43,0.254,0,0.269,2.915,0,0.000,0.000,0.000,0.000,0.000,0.000,7.853,-3.691
292.63,0.254,0,0.269,2.906,0,0.000,0.000,0.000,0.000,0.000,0.000,7.851,-3.690
292.83,0.254,0,0.269,2.906,0,0.000,0.000,0.000,0.000,0.000,0.000,7.850,-3.670
293.03,0.254,0,0.269,2.906,0,0.000,0.000,0.000,0.000,0.000,0.000,7.846,-3.663
293.23,0.108,0,0.269,2.923,0,0.000,0.000,0.000,0.000,0.000,0.000,7.848,-3.676
293.43,0.254,0,0.269,2.923,0,0.000,0.000,0.000,0.000,0.000,0.000,7.844,-3.684
293.63,0.254,0,0.269,2.931,0,0.000,0.000,0.000,0.000,0.000,0.000,7.845,-3.660
293.83,0.254,0,0.269,2.931,0,0.000,0.000,0.000,0.000,0.000,0.000,7.832,-3.664
294.03,0.109,0,0.269,2.931,0,0.000,0.000,0.000,0.000,0.000,0.000,7.821,-3.689
294.23,0.253,0,0.269,2.930,0,0.000,0.000,0.000,0.000,0.000,0.000,7.826,-3.712
294.43,0.254,0,0.269,2.930,0,0.000,0.000,0.000,0.000,0.000,0.000,7.830,-3.700
294.63,0.111,0,0.269,2.911,0,0.000,0.000,0.000,0.000,0.000,0.000,7.844,-3.687
294.83,0.254,0,0.269,2.911,0,0.000,0.000,0.000,0.000,0.000,0.000,7.855,-3.698
295.03,0.254,0,0.269,2.911,0,0.000,0.000,0.000,0.000,0.000,0.000,7.834,-3.708
295.23,0.254,0,0.269,2.922,0,0.000,0.000,0.000,0.000,0.000,0.000,7.831,-3.698
295.43,0.253,0,0.269,2.922,0,0.000,0.000,0.000,0.000,0.000,0.000,7.848,-3.684
295.63,0.254,0,0.269,2.901,0,0.000,0.000,0.000,0.000,0.000,0.000,7.849,-3.687
295.83,0.253,0,0.269,2.901,0,0.000,0.000,0.000,0.000,0.000,0.000,7.839,-3.696
296.03,0.254,0,0.269,2.901,0,0.000,0.000,0.000,0.000,0.000,0.000,7.841,-3.703
296.23,0.108,0,0.269,2.917,0,0.000,0.000,0.000,0.000,0.000,0.000,7.851,-3.690
296.43,0.254,0,0.269,2.917,0,0.000,0.000,0.000,0.000,0.000,0.000,7.850,-3.681
296.63,0.254,0,0.269,2.074,0,0.000,0.000,0.000,0.000,0.000,0.000,7.850,-3.684
296.83,0.254,0,0.269,2.074,0,0.000,0.000,0.000,0.000,0.000,0.000,7.853,-3.678
297.03,0.254,0,0.269,2.074,0,0.000,0.000,0.000,0.000,0.000,0.000,7.847,-3.662
297.23,0.254,0,0.269,2.932,0,0.000,0.000,0.000,0.000,0.000,0.000,7.842,-3.664
297.43,0.254,0,0.269,2.932,0,0.000,0.000,0.000,0.000,0.000,0.000,7.834,-3.686
297.63,0.254,0,0.269,1.214,0,0.000,0.000,0.000,0.000,0.000,0.000,7.846,-3.683
297.83,0.254,0,0.269,1.214,0,0.000,0.000,0.000,0.000,0.000,0.000,7.863,-3.669
298.03,0.254,0,0.269,1.214,0,0.000,0.000,0.000,0.000,0.000,0.000,7.851,-3.661
298.23,0.254,0,0.269,2.919,0,0.000,0.000,0.000,0.000,0.000,0.000,7.822,-3.666
298.43,0.254,0,0.269,2.919,0,0.000,0.000,0.000,0.000,0.000,0.000,7.826,-3.670
298.63,0.254,0,0.269,2.932,0,0.000,0.000,0.000,0.000,0.000,0.000,7.847,-3.681
298.83,0.254,0,0.269,2.932,0,0.000,0.000,0.000,0.000,0.000,0.000,7.853,-3.679
299.03,0.254,0,0.269,2.932,0,0.000,0.000,0.000,0.000,0.000,0.000,7.846,-3.661
299.23,0.254,0,0.269,2.922,0,0.000,0.000,0.000,0.000,0.000,0.000,7.843,-3.670
299.43,0.254,0,0.269,2.922,0,0.000,0.000,0.000,0.000,0.000,0.000,7.850,-3.688
299.63,0.254,0,0.269,2.888,0,0.000,0.000,0.000,0.000,0.000,0.000,7.843,-3.681
299.83,0.254,0,0.269,2.888,0,0.000,0.000,0.000,0.000,0.000,0.000,7.835,-3.668
300.03,0.253,0,0.269,2.888,0,0.000,0.000,0.000,0.000,0.000,0.000,7.837,-3.664
300.23,0.254,0,0.269,2.922,0,0.000,0.000,0.000,0.000,0.000,0.000,7.841,-3.671
300.43,0.254,0,0.269,2.922,0,0.000,0.000,0.000,0.000,0.000,0.000,7.837,-3.673
300.63,0.254,0,0.269,0.484,0,0.000,0.000,0.000,0.000,0.000,0.000,7.837,-3.662
300.83,0.253,0,0.269,0.484,0,0.000,0.000,0.000,0.000,0.000,0.000,7.843,-3.684
301.03,0.254,0,0.269,0.484,0,0.000,0.000,0.000,0.000,0.000,0.000,7.845,-3.690
301.23,0.254,0,0.269,2.919,0,0.000,0.000,0.000,0.000,0.000,0.000,7.841,-3.683
301.43,0.254,0,0.269,2.919,0,0.000,0.000,0.000,0.000,0.000,0.000,7.852,-3.656
301.63,0.254,0,0.269,2.923,0,0.000,0.000,0.000,0.000,0.000,0.000,7.855,-3.664
301.83,0.254,0,0.269,2.923,0,0.000,0.000,0.000,0.000,0.000,0.000,7.837,-3.678
302.03,0.254,0,0.269,2.923,0,0.000,0.000,0.000,0.000,0.000,0.000,7.835,-3.669
302.23,0.111,0,0.269,2.925,0,0.000,0.000,0.000,0.000,0.000,0.000,7.860,-3.677
302.43,0.254,0,0.269,2.925,0,0.000,0.000,0.000,0.000,0.000,0.000,7.859,-3.699
302.63,0.253,0,0.269,1.337,0,0.000,0.000,0.000,0.000,0.000,0.000,7.835,-3.689
302.83,0.254,0,0.269,1.337,0,0.000,0.000,0.000,0.000,0.000,0.000,7.832,-3.674
303.03,0.254,0,0.269,1.337,0,0.000,0.000,0.000,0.000,0.000,0.000,7.842,-3.673
303.23,0.254,0,0.269,2.914,0,0.000,0.000,0.000,0.000,0.000,0.000,7.849,-3.701
303.43,0.108,0,0.269,2.914,0,0.000,0.000,0.000,0.000,0.000,0.000,7.853,-3.722
303.63,0.254,0,0.269,2.903,0,0.000,0.000,0.000,0.000,0.000,0.000,7.869,-3.712
303.83,0.254,0,0.269,2.903,0,0.000,0.000,0.000,0.000,0.000,0.000,7.867,-3.691
304.03,0.111,0,0.269,2.903,0,0.000,0.000,0.000,0.000,0.000,0.000,7.847,-3.690
304.23,0.254,0,0.269,2.900,0,0.000,0.000,0.000,0.000,0.000,0.000,7.856,-3.708
304.43,0.207,0,0.269,2.900,0,0.000,0.000,0.000,0.000,0.000,0.000,7.851,-3.733
304.63,0.108,0,0.269,2.904,0,0.000,0.000,0.000,0.000,0.000,0.000,7.848,-3.738
304.83,0.144,0,0.269,2.904,0,0.000,0.000,0.000,0.000,0.000,0.000,7.856,-3.734
305.03,0.142,0,0.269,2.904,0,0.000,0.000,0.000,0.000,0.000,0.000,7.867,-3.750
305.23,0.232,0,0.269,2.920,0,0.000,0.000,0.000,0.000,0.000,0.000,7.858,-3.737
305.43,0.254,0,0.269,2.920,0,0.000,0.000,0.000,0.000,0.000,0.000,7.847,-3.719
305.63,0.253,0,0.269,2.906,0,0.000,0.000,0.000,0.000,0.000,0.000,7.853,-3.716
305.83,0.111,0,0.269,2.906,0,0.000,0.000,0.000,0.000,0.000,0.000,7.875,-3.722
306.03,0.109,0,0.269,2.906,0,0.000,0.000,0.000,0.000,0.000,0.000,7.870,-3.742
306.23,0.254,0,0.269,2.921,0,0.000,0.000,0.000,0.000,0.000,0.000,7.853,-3.744
306.43,0.254,0,0.269,2.921,0,0.000,0.000,0.000,0.000,0.000,0.000,7.849,-3.723
306.63,0.254,0,0.269,2.914,0,0.000,0.000,0.000,0.000,0.000,0.000,7.854,-3.712
306.83,0.254,0,0.269,2.914,0,0.000,0.000,0.000,0.000,0.000,0.000,7.846,-3.727
307.03,0.253,0,0.269,2.914,0,0.000,0.000,0.000,0.000,0.000,0.000,7.851,-3.733
307.23,0.254,0,0.269,2.920,0,0.000,0.000,0.000,0.000,0.000,0.000,7.868,-3.697
307.43,0.254,0,0.269,2.920,0,0.000,0.000,0.000,0.000,0.000,0.000,7.867,-3.698
307.63,0.254,0,0.269,2.919,0,0.000,0.000,0.000,0.000,0.000,0.000,7.866,-3.719
307.83,0.254,0,0.269,2.919,0,0.000,0.000,0.000,0.000,0.000,0.000,7.859,-3.720
308.03,0.254,0,0.269,2.919,0,0.000,0.000,0.000,0.000,0.000,0.000,7.867,-3.702
308.23,0.254,0,0.269,2.925,0,0.000,0.000,0.000,0.000,0.000,0.000,7.863,-3.705
308.43,0.111,0,0.269,2.925,0,0.000,0.000,0.000,0.000,0.000,0.000,7.868,-3.716
308.63,0.254,0,0.269,2.917,0,0.000,0.000,0.000,0.000,0.000,0.000,7.868,-3.723
308.83,0.254,0,0.269,2.917,0,0.000,0.000,0.000,0.000,0.000,0.000,7.854,-3.701
309.03,0.254,0,0.269,2.917,0,0.000,0.000,0.000,0.000,0.000,0.000,7.844,-3.696
309.23,0.254,0,0.269,2.922,0,0.000,0.000,0.000,0.000,0.000,0.000,7.840,-3.714
309.43,0.254,0,0.269,2.922,0,0.000,0.000,0.000,0.000,0.000,0.000,7.850,-3.723
309.63,0.254,0,0.269,2.164,0,0.000,0.000,0.000,0.000,0.000,0.000,7.854,-3.717
309.83,0.254,0,0.269,2.164,0,0.000,0.000,0.000,0.000,0.000,0.000,7.856,-3.721
310.03,0.108,0,0.269,2.164,0,0.000,0.000,0.000,0.000,0.000,0.000,7.856,-3.727
310.23,0.254,0,0.269,2.922,0,0.000,0.000,0.000,0.000,0.000,0.000,7.855,-3.716
310.43,0.254,0,0.269,2.922,0,0.000,0.000,0.000,0.000,0.000,0.000,7.856,-3.701
310.63,0.254,0,0.269,1.563,0,0.000,0.000,0.000,0.000,0.000,0.000,7.859,-3.729
310.83,0.254,0,0.269,1.563,0,0.000,0.000,0.000,0.000,0.000,0.000,7.856,-3.721
311.03,0.254,0,0.269,1.563,0,0.000,0.000,0.000,0.000,0.000,0.000,7.844,-3.701
311.23,0.109,0,0.269,2.895,0,0.000,0.000,0.000,0.000,0.000,0.000,7.856,-3.719
311.43,0.254,0,0.269,2.895,0,0.000,0.000,0.000,0.000,0.000,0.000,7.855,-3.732
311.63,0.254,0,0.269,1.824,0,0.000,0.000,0.000,0.000,0.000,0.000,7.850,-3.725
311.83,0.254,0,0.269,1.824,0,0.000,0.000,0.000,0.000,0.000,0.000,7.846,-3.717
312.03,0.111,0,0.269,1.824,0,0.000,0.000,0.000,0.000,0.000,0.000,7.853,-3.706
312.23,0.254,0,0.269,1.210,0,0.000,0.000,0.000,0.000,0.000,0.000,7.857,-3.723
312.43,0.108,0,0.269,1.210,0,0.000,0.000,0.000,0.000,0.000,0.000,7.856,-3.740
312.63,0.254,0,0.269,2.920,0,0.000,0.000,0.000,0.000,0.000,0.000,7.854,-3.724
312.83,0.109,0,0.269,2.920,0,0.000,0.000,0.000,0.000,0.000,0.000,7.860,-3.717
313.03,0.111,0,0.269,2.920,0,0.000,0.000,0.000,0.000,0.000,0.000,7.862,-3.731
313.23,0.111,0,0.269,2.933,0,0.000,0.000,0.000,0.000,0.000,0.000,7.862,-3.745
313.43,0.254,0,0.269,2.933,0,0.000,0.000,0.000,0.000,0.000,0.000,7.862,-3.734
313.63,0.111,0,0.269,2.910,0,0.000,0.000,0.000,0.000,0.000,0.000,7.859,-3.724
313.83,0.108,0,0.269,2.910,0,0.000,0.000,0.000,0.000,0.000,0.000,7.868,-3.730
314.03,0.254,0,0.269,2.910,0,0.000,0.000,0.000,0.000,0.000,0.000,7.867,-3.728
314.23,0.108,0,0.269,2.905,0,0.000,0.000,0.000,0.000,0.000,0.000,7.846,-3.708
314.43,0.108,0,0.269,2.905,0,0.000,0.000,0.000,0.000,0.000,0.000,7.852,-3.718
314.63,0.109,0,0.269,2.895,0,0.000,0.000,0.000,0.000,0.000,0.000,7.869,-3.754
314.83,0.254,0,0.269,2.895,0,0.000,0.000,0.000,0.000,0.000,0.000,7.851,-3.728
315.03,0.108,0,0.269,2.895,0,0.000,0.000,0.000,0.000,0.000,0.000,7.839,-3.699
315.23,0.256,0,0.269,2.909,0,0.000,0.000,0.000,0.000,0.000,0.000,7.844,-3.718
315.43,0.267,0,0.269,2.909,0,0.000,0.000,0.000,0.000,0.000,0.000,7.846,-3.749
315.63,0.272,0,0.287,0.410,1,0.000,0.000,0.000,0.000,0.000,0.000,7.848,-3.762
315.83,0.274,0,0.287,0.410,1,0.000,0.000,0.000,0.000,0.000,0.000,7.848,-3.772
316.03,0.267,0,0.287,0.410,1,0.000,0.000,0.000,0.000,0.000,0.000,7.847,-3.784
316.23,0.264,0,0.281,0.415,1,0.000,0.000,0.000,0.000,0.000,0.000,7.856,-3.782
316.43,0.109,0,0.281,0.415,1,0.000,0.000,0.000,0.000,0.000,0.000,7.885,-3.797
316.63,0.262,0,0.277,0.396,1,0.000,0.000,0.000,0.000,0.000,0.000,7.888,-3.791
316.83,0.261,0,0.277,0.396,1,0.000,0.000,0.000,0.000,0.000,0.000,7.906,-3.790
317.03,0.264,0,0.277,0.396,1,0.000,0.000,0.000,0.000,0.000,0.000,7.908,-3.786
317.23,0.271,0,0.281,2.944,0,0.000,0.000,0.000,0.000,0.000,0.000,7.885,-3.760
317.43,0.108,0,0.281,2.944,0,0.000,0.000,0.000,0.000,0.000,0.000,7.869,-3.735
317.63,0.272,0,0.287,0.833,0,0.000,0.000,0.000,0.000,0.000,0.000,7.895,-3.756
317.83,0.271,0,0.287,0.833,0,0.000,0.000,0.000,0.000,0.000,0.000,7.899,-3.751
318.03,0.183,0,0.287,0.833,0,0.000,0.000,0.000,0.000,0.000,0.000,7.896,-3.758
318.23,0.105,0,0.287,0.843,0,0.000,0.000,0.000,0.000,0.000,0.000,7.872,-3.759
318.43,0.128,0,0.287,0.843,0,0.000,0.000,0.000,0.000,0.000,0.000,7.863,-3.765
318.63,0.102,0,0.286,0.839,0,0.000,0.000,0.000,0.000,0.000,0.000,7.876,-3.766
318.83,0.101,0,0.286,0.839,0,0.000,0.000,0.000,0.000,0.000,0.000,7.882,-3.805
319.03,0.100,0,0.286,0.839,0,0.000,0.000,0.000,0.000,0.000,0.000,7.880,-3.901
319.23,0.100,0,0.286,0.837,0,0.000,0.000,0.000,0.000,0.000,0.000,7.878,-3.817
319.43,0.100,0,0.286,0.837,0,0.000,0.000,0.000,0.000,0.000,0.000,7.873,-3.810
319.63,0.100,0,0.293,0.845,0,0.000,0.000,0.000,0.000,0.000,0.000,7.844,-3.919
319.83,0.100,0,0.293,0.845,0,0.000,0.000,0.000,0.000,0.000,0.000,7.877,-3.774
320.03,0.101,0,0.293,0.845,0,0.000,0.000,0.000,0.000,0.000,0.000,7.899,-3.701
320.23,0.101,0,0.286,0.841,0,0.000,0.000,0.000,0.000,0.000,0.000,7.890,-3.703
320.43,0.101,0,0.286,0.841,0,0.000,0.000,0.000,0.000,0.000,0.000,7.868,-3.760
320.63,0.141,0,0.288,0.836,0,0.000,0.000,0.000,0.000,0.000,0.000,7.887,-3.761
320.83,0.101,0,0.288,0.836,0,0.000,0.000,0.000,0.000,0.000,0.000,7.900,-3.723
321.03,0.108,0,0.288,0.836,0,0.000,0.000,0.000,0.000,0.000,0.000,7.884,-3.724
321.23,0.131,0,0.282,0.840,0,0.000,0.000,0.000,0.000,0.000,0.000,7.889,-3.742
321.43,0.109,0,0.282,0.840,0,0.000,0.000,0.000,0.000,0.000,0.000,7.895,-3.745
321.63,0.111,0,0.288,0.841,0,0.000,0.000,0.000,0.000,0.000,0.000,7.893,-3.740
321.83,0.102,0,0.288,0.841,0,0.000,0.000,0.000,0.000,0.000,0.000,7.892,-3.741
322.03,0.101,0,0.288,0.841,0,0.000,0.000,0.000,0.000,0.000,0.000,7.888,-3.727
322.23,0.104,0,0.287,0.843,0,0.000,0.000,0.000,0.000,0.000,0.000,7.889,-3.728
322.43,0.101,0,0.287,0.843,0,0.000,0.000,0.000,0.000,0.000,0.000,7.894,-3.742
322.63,0.100,0,0.287,0.842,0,0.000,0.000,0.000,0.000,0.000,0.000,7.896,-3.749
322.83,0.100,0,0.287,0.842,0,0.000,0.000,0.000,0.000,0.000,0.000,7.900,-3.742
323.03,0.100,0,0.287,0.842,0,0.000,0.000,0.000,0.000,0.000,0.000,7.892,-3.739
323.23,0.100,0,0.286,0.839,0,0.000,0.000,0.000,0.000,0.000,0.000,7.894,-3.741
323.43,0.101,0,0.286,0.839,0,0.000,0.000,0.000,0.000,0.000,0.000,7.899,-3.740
323.63,0.105,0,0.289,0.834,0,0.000,0.000,0.000,0.000,0.000,0.000,7.897,-3.739
323.83,0.101,0,0.289,0.834,0,0.000,0.000,0.000,0.000,0.000,0.000,7.891,-3.743
324.03,0.108,0,0.289,0.834,0,0.000,0.000,0.000,0.000,0.000,0.000,7.886,-3.732
324.23,0.112,0,0.302,0.838,0,0.000,0.000,0.000,0.000,0.000,0.000,7.892,-3.738
324.43,0.100,0,0.302,0.838,0,0.000,0.000,0.000,0.000,0.000,0.000,7.888,-3.740
324.63,0.100,0,0.287,0.840,0,0.000,0.000,0.000,0.000,0.000,0.000,7.881,-3.732
324.83,0.100,0,0.287,0.840,0,0.000,0.000,0.000,0.000,0.000,0.000,7.880,-3.724
325.03,0.100,0,0.287,0.840,0,0.000,0.000,0.000,0.000,0.000,0.000,7.889,-3.720
325.23,0.116,0,0.290,0.833,0,0.000,0.000,0.000,0.000,0.000,0.000,7.898,-3.728
325.43,0.100,0,0.290,0.833,0,0.000,0.000,0.000,0.000,0.000,0.000,7.903,-3.737
325.63,0.100,0,0.287,0.836,0,0.000,0.000,0.000,0.000,0.000,0.000,7.895,-3.729
325.83,0.100,0,0.287,0.836,0,0.000,0.000,0.000,0.000,0.000,0.000,7.887,-3.721
326.03,0.109,0,0.287,0.836,0,0.000,0.000,0.000,0.000,0.000,0.000,7.887,-3.738
326.23,0.272,0,0.287,0.842,0,0.000,0.000,0.000,0.000,0.000,0.000,7.892,-3.748
326.43,0.271,0,0.287,0.842,0,0.000,0.000,0.000,0.000,0.000,0.000,7.879,-3.716
326.63,0.111,0,0.286,0.845,0,0.000,0.000,0.000,0.000,0.000,0.000,7.867,-3.701
326.83,0.108,0,0.286,0.845,0,0.000,0.000,0.000,0.000,0.000,0.000,7.865,-3.711
327.03,0.272,0,0.286,0.845,0,0.000,0.000,0.000,0.000,0.000,0.000,7.861,-3.716
327.23,0.111,0,0.286,2.074,0,0.000,0.000,0.000,0.000,0.000,0.000,7.859,-3.723
327.43,0.109,0,0.286,2.074,0,0.000,0.000,0.000,0.000,0.000,0.000,7.874,-3.718
327.63,0.109,0,0.287,0.842,0,0.000,0.000,0.000,0.000,0.000,0.000,7.875,-3.720
327.83,0.111,0,0.287,0.842,0,0.000,0.000,0.000,0.000,0.000,0.000,7.878,-3.727
328.03,0.111,0,0.287,0.842,0,0.000,0.000,0.000,0.000,0.000,0.000,7.879,-3.728
328.23,0.111,0,0.287,0.844,0,0.000,0.000,0.000,0.000,0.000,0.000,7.865,-3.731
328.43,0.252,0,0.287,0.844,0,0.000,0.000,0.000,0.000,0.000,0.000,7.872,-3.735
328.63,0.109,0,0.286,0.852,0,0.000,0.000,0.000,0.000,0.000,0.000,7.882,-3.747
328.83,0.111,0,0.286,0.852,0,0.000,0.000,0.000,0.000,0.000,0.000,7.872,-3.731
329.03,0.271,0,0.286,0.852,0,0.000,0.000,0.000,0.000,0.000,0.000,7.868,-3.714
329.23,0.271,0,0.286,2.075,0,0.000,0.000,0.000,0.000,0.000,0.000,7.881,-3.735
329.43,0.111,0,0.286,2.075,0,0.000,0.000,0.000,0.000,0.000,0.000,7.889,-3.735
329.63,0.108,0,0.287,0.857,0,0.000,0.000,0.000,0.000,0.000,0.000,7.868,-3.708
329.83,0.109,0,0.287,0.857,0,0.000,0.000,0.000,0.000,0.000,0.000,7.864,-3.707
330.03,0.272,0,0.287,0.857,0,0.000,0.000,0.000,0.000,0.000,0.000,7.876,-3.728
330.23,0.271,0,0.287,1.938,0,0.000,0.000,0.000,0.000,0.000,0.000,7.881,-3.738
330.43,0.271,0,0.287,1.938,0,0.000,0.000,0.000,0.000,0.000,0.000,7.880,-3.723
330.63,0.272,0,0.287,0.841,0,0.000,0.000,0.000,0.000,0.000,0.000,7.874,-3.721
330.83,0.271,0,0.287,0.841,0,0.000,0.000,0.000,0.000,0.000,0.000,7.882,-3.748
331.03,0.272,0,0.287,0.841,0,0.000,0.000,0.000,0.000,0.000,0.000,7.892,-3.758
331.23,0.272,0,0.286,0.839,0,0.000,0.000,0.000,0.000,0.000,0.000,7.869,-3.717
331.43,0.271,0,0.286,0.839,0,0.000,0.000,0.000,0.000,0.000,0.000,7.866,-3.717
331.63,0.272,0,0.287,1.160,0,0.000,0.000,0.000,0.000,0.000,0.000,7.869,-3.735
331.83,0.271,0,0.287,1.160,0,0.000,0.000,0.000,0.000,0.000,0.000,7.882,-3.735
332.03,0.271,0,0.287,1.160,0,0.000,0.000,0.000,0.000,0.000,0.000,7.879,-3.724
332.23,0.272,0,0.286,0.838,0,0.000,0.000,0.000,0.000,0.000,0.000,7.862,-3.718
332.43,0.272,0,0.286,0.838,0,0.000,0.000,0.000,0.000,0.000,0.000,7.854,-3.725
332.63,0.271,0,0.286,2.071,0,0.000,0.000,0.000,0.000,0.000,0.000,7.858,-3.719
332.83,0.271,0,0.286,2.071,0,0.000,0.000,0.000,0.000,0.000,0.000,7.854,-3.713
333.03,0.271,0,0.286,2.071,0,0.000,0.000,0.000,0.000,0.000,0.000,7.857,-3.730
333.23,0.271,0,0.286,0.850,0,0.000,0.000,0.000,0.000,0.000,0.000,7.863,-3.737
333.43,0.271,0,0.286,0.850,0,0.000,0.000,0.000,0.000,0.000,0.000,7.878,-3.737
333.63,0.271,0,0.286,0.840,0,0.000,0.000,0.000,0.000,0.000,0.000,7.880,-3.731
333.83,0.271,0,0.286,0.840,0,0.000,0.000,0.000,0.000,0.000,0.000,7.874,-3.735
334.03,0.271,0,0.286,0.840,0,0.000,0.000,0.000,0.000,0.000,0.000,7.875,-3.745
334.23,0.272,0,0.287,0.843,0,0.000,0.000,0.000,0.000,0.000,0.000,7.874,-3.745
334.43,0.111,0,0.287,0.843,0,0.000,0.000,0.000,0.000,0.000,0.000,7.874,-3.727
334.63,0.111,0,0.286,0.855,0,0.000,0.000,0.000,0.000,0.000,0.000,7.880,-3.723
334.83,0.271,0,0.286,0.855,0,0.000,0.000,0.000,0.000,0.000,0.000,7.877,-3.730
335.03,0.111,0,0.286,0.855,0,0.000,0.000,0.000,0.000,0.000,0.000,7.868,-3.729
335.23,0.108,0,0.287,0.840,0,0.000,0.000,0.000,0.000,0.000,0.000,7.869,-3.729
335.43,0.272,0,0.287,0.840,0,0.000,0.000,0.000,0.000,0.000,0.000,7.884,-3.730
335.63,0.108,0,0.286,0.843,0,0.000,0.000,0.000,0.000,0.000,0.000,7.883,-3.731
335.83,0.109,0,0.286,0.843,0,0.000,0.000,0.000,0.000,0.000,0.000,7.880,-3.727
336.03,0.108,0,0.286,0.843,0,0.000,0.000,0.000,0.000,0.000,0.000,7.872,-3.724
336.23,0.111,0,0.286,1.039,0,0.000,0.000,0.000,0.000,0.000,0.000,7.873,-3.722
336.43,0.272,0,0.286,1.039,0,0.000,0.000,0.000,0.000,0.000,0.000,7.870,-3.717
336.63,0.271,0,0.287,1.903,0,0.000,0.000,0.000,0.000,0.000,0.000,7.862,-3.722
336.83,0.111,0,0.287,1.903,0,0.000,0.000,0.000,0.000,0.000,0.000,7.866,-3.717
337.03,0.108,0,0.287,1.903,0,0.000,0.000,0.000,0.000,0.000,0.000,7.873,-3.725
337.23,0.108,0,0.286,0.844,0,0.000,0.000,0.000,0.000,0.000,0.000,7.866,-3.726
337.43,0.271,0,0.286,0.844,0,0.000,0.000,0.000,0.000,0.000,0.000,7.870,-3.710
337.63,0.272,0,0.287,0.855,0,0.000,0.000,0.000,0.000,0.000,0.000,7.879,-3.715
337.83,0.108,0,0.287,0.855,0,0.000,0.000,0.000,0.000,0.000,0.000,7.878,-3.725
338.03,0.108,0,0.287,0.855,0,0.000,0.000,0.000,0.000,0.000,0.000,7.864,-3.721
338.23,0.109,0,0.287,0.838,0,0.000,0.000,0.000,0.000,0.000,0.000,7.886,-3.736
338.43,0.272,0,0.287,0.838,0,0.000,0.000,0.000,0.000,0.000,0.000,7.888,-3.738
338.63,0.111,0,0.286,0.841,0,0.000,0.000,0.000,0.000,0.000,0.000,7.878,-3.721
338.83,0.109,0,0.286,0.841,0,0.000,0.000,0.000,0.000,0.000,0.000,7.877,-3.717
339.03,0.108,0,0.286,0.841,0,0.000,0.000,0.000,0.000,0.000,0.000,7.874,-3.721
339.23,0.108,0,0.287,0.852,0,0.000,0.000,0.000,0.000,0.000,0.000,7.877,-3.733
339.43,0.111,0,0.287,0.852,0,0.000,0.000,0.000,0.000,0.000,0.000,7.874,-3.722
339.63,0.111,0,0.287,2.923,0,0.000,0.000,0.000,0.000,0.000,0.000,7.874,-3.718
339.83,0.108,0,0.287,2.923,0,0.000,0.000,0.000,0.000,0.000,0.000,7.866,-3.732
340.03,0.109,0,0.287,2.923,0,0.000,0.000,0.000,0.000,0.000,0.000,7.864,-3.724
340.23,0.111,0,0.287,0.853,0,0.000,0.000,0.000,0.000,0.000,0.000,7.880,-3.721
340.43,0.272,0,0.287,0.853,0,0.000,0.000,0.000,0.000,0.000,0.000,7.868,-3.726
340.63,0.109,0,0.286,0.852,0,0.000,0.000,0.000,0.000,0.000,0.000,7.867,-3.721
340.83,0.108,0,0.286,0.852,0,0.000,0.000,0.000,0.000,0.000,0.000,7.859,-3.731
341.03,0.271,0,0.286,0.852,0,0.000,0.000,0.000,0.000,0.000,0.000,7.853,-3.723
341.23,0.109,0,0.287,0.840,0,0.000,0.000,0.000,0.000,0.000,0.000,7.870,-3.720
341.43,0.111,0,0.287,0.840,0,0.000,0.000,0.000,0.000,0.000,0.000,7.874,-3.724
341.63,0.109,0,0.287,1.584,0,0.000,0.000,0.000,0.000,0.000,0.000,7.871,-3.724
341.83,0.108,0,0.287,1.584,0,0.000,0.000,0.000,0.000,0.000,0.000,7.864,-3.733
342.03,0.272,0,0.287,1.584,0,0.000,0.000,0.000,0.000,0.000,0.000,7.868,-3.729
342.23,0.111,0,0.287,0.840,0,0.000,0.000,0.000,0.000,0.000,0.000,7.867,-3.717
342.43,0.111,0,0.287,0.840,0,0.000,0.000,0.000,0.000,0.000,0.000,7.866,-3.725
342.63,0.108,0,0.287,0.842,0,0.000,0.000,0.000,0.000,0.000,0.000,7.856,-3.734
342.83,0.272,0,0.287,0.842,0,0.000,0.000,0.000,0.000,0.000,0.000,7.860,-3.725
343.03,0.272,0,0.287,0.842,0,0.000,0.000,0.000,0.000,0.000,0.000,7.870,-3.726
343.23,0.111,0,0.287,0.858,0,0.000,0.000,0.000,0.000,0.000,0.000,7.872,-3.718
343.43,0.108,0,0.287,0.858,0,0.000,0.000,0.000,0.000,0.000,0.000,7.862,-3.721
343.63,0.109,0,0.286,0.977,0,0.000,0.000,0.000,0.000,0.000,0.000,7.863,-3.731
343.83,0.272,0,0.286,0.977,0,0.000,0.000,0.000,0.000,0.000,0.000,7.868,-3.730
344.03,0.109,0,0.286,0.977,0,0.000,0.000,0.000,0.000,0.000,0.000,7.871,-3.723
344.23,0.111,0,0.286,2.259,0,0.000,0.000,0.000,0.000,0.000,0.000,7.861,-3.714
344.43,0.271,0,0.286,2.259,0,0.000,0.000,0.000,0.000,0.000,0.000,7.871,-3.720
344.63,0.109,0,0.287,0.846,0,0.000,0.000,0.000,0.000,0.000,0.000,7.883,-3.733
344.83,0.111,0,0.287,0.846,0,0.000,0.000,0.000,0.000,0.000,0.000,7.886,-3.728
345.03,0.111,0,0.287,0.846,0,0.000,0.000,0.000,0.000,0.000,0.000,7.880,-3.719
345.23,0.272,0,0.287,0.855,0,0.000,0.000,0.000,0.000,0.000,0.000,7.885,-3.715
345.43,0.111,0,0.287,0.855,0,0.000,0.000,0.000,0.000,0.000,0.000,7.881,-3.712
345.63,0.271,0,0.286,0.840,0,0.000,0.000,0.000,0.000,0.000,0.000,7.882,-3.712
345.83,0.111,0,0.286,0.840,0,0.000,0.000,0.000,0.000,0.000,0.000,7.878,-3.719
346.03,0.272,0,0.286,0.840,0,0.000,0.000,0.000,0.000,0.000,0.000,7.873,-3.721
346.23,0.108,0,0.287,0.844,0,0.000,0.000,0.000,0.000,0.000,0.000,7.863,-3.727
346.43,0.109,0,0.287,0.844,0,0.000,0.000,0.000,0.000,0.000,0.000,7.865,-3.724
346.63,0.271,0,0.287,0.844,0,0.000,0.000,0.000,0.000,0.000,0.000,7.874,-3.717
346.83,0.109,0,0.287,0.844,0,0.000,0.000,0.000,0.000,0.000,0.000,7.885,-3.740
347.03,0.272,0,0.287,0.844,0,0.000,0.000,0.000,0.000,0.000,0.000,7.897,-3.736
347.23,0.271,0,0.287,0.846,0,0.000,0.000,0.000,0.000,0.000,0.000,7.894,-3.731
347.43,0.108,0,0.287,0.846,0,0.000,0.000,0.000,0.000,0.000,0.000,7.890,-3.741
347.63,0.108,0,0.286,0.838,0,0.000,0.000,0.000,0.000,0.000,0.000,7.884,-3.737
347.83,0.111,0,0.286,0.838,0,0.000,0.000,0.000,0.000,0.000,0.000,7.891,-3.736
348.03,0.272,0,0.286,0.838,0,0.000,0.000,0.000,0.000,0.000,0.000,7.902,-3.739
348.23,0.272,0,0.287,0.838,0,0.000,0.000,0.000,0.000,0.000,0.000,7.885,-3.730
348.43,0.272,0,0.287,0.838,0,0.000,0.000,0.000,0.000,0.000,0.000,7.874,-3.714
348.63,0.111,0,0.287,0.842,0,0.000,0.000,0.000,0.000,0.000,0.000,7.874,-3.710
348.83,0.111,0,0.287,0.842,0,0.000,0.000,0.000,0.000,0.000,0.000,7.885,-3.728
349.03,0.111,0,0.287,0.842,0,0.000,0.000,0.000,0.000,0.000,0.000,7.883,-3.727
349.23,0.109,0,0.287,0.839,0,0.000,0.000,0.000,0.000,0.000,0.000,7.878,-3.719
349.43,0.109,0,0.287,0.839,0,0.000,0.000,0.000,0.000,0.000,0.000,7.875,-3.712
349.63,0.109,0,0.286,0.838,0,0.000,0.000,0.000,0.000,0.000,0.000,7.874,-3.724
349.83,0.272,0,0.286,0.838,0,0.000,0.000,0.000,0.000,0.000,0.000,7.878,-3.724
350.03,0.111,0,0.286,0.838,0,0.000,0.000,0.000,0.000,0.000,0.000,7.876,-3.720
350.23,0.108,0,0.287,0.847,0,0.000,0.000,0.000,0.000,0.000,0.000,7.867,-3.727
350.43,0.271,0,0.287,0.847,0,0.000,0.000,0.000,0.000,0.000,0.000,7.868,-3.723
350.63,0.111,0,0.287,0.838,0,0.000,0.000,0.000,0.000,0.000,0.000,7.870,-3.729
350.83,0.271,0,0.287,0.838,0,0.000,0.000,0.000,0.000,0.000,0.000,7.869,-3.734
351.03,0.109,0,0.287,0.838,0,0.000,0.000,0.000,0.000,0.000,0.000,7.877,-3.751
351.23,0.272,0,0.287,0.840,0,0.000,0.000,0.000,0.000,0.000,0.000,7.875,-3.745
351.43,0.108,0,0.287,0.840,0,0.000,0.000,0.000,0.000,0.000,0.000,7.860,-3.719
351.63,0.111,0,0.287,0.843,0,0.000,0.000,0.000,0.000,0.000,0.000,7.848,-3.714
351.83,0.108,0,0.287,0.843,0,0.000,0.000,0.000,0.000,0.000,0.000,7.871,-3.720
352.03,0.111,0,0.287,0.843,0,0.000,0.000,0.000,0.000,0.000,0.000,7.869,-3.719
352.23,0.108,0,0.287,0.839,0,0.000,0.000,0.000,0.000,0.000,0.000,7.878,-3.717
352.43,0.108,0,0.287,0.839,0,0.000,0.000,0.000,0.000,0.000,0.000,7.869,-3.713
352.63,0.111,0,0.287,0.838,0,0.000,0.000,0.000,0.000,0.000,0.000,7.879,-3.711
352.83,0.111,0,0.287,0.838,0,0.000,0.000,0.000,0.000,0.000,0.000,7.873,-3.717
353.03,0.111,0,0.287,0.838,0,0.000,0.000,0.000,0.000,0.000,0.000,7.875,-3.717
353.23,0.111,0,0.286,0.838,0,0.000,0.000,0.000,0.000,0.000,0.000,7.874,-3.709
353.43,0.111,0,0.286,0.838,0,0.000,0.000,0.000,0.000,0.000,0.000,7.879,-3.714
353.63,0.272,0,0.286,0.840,0,0.000,0.000,0.000,0.000,0.000,0.000,7.873,-3.709
353.83,0.271,0,0.286,0.840,0,0.000,0.000,0.000,0.000,0.000,0.000,7.873,-3.706
354.03,0.271,0,0.286,0.840,0,0.000,0.000,0.000,0.000,0.000,0.000,7.880,-3.702
354.23,0.271,0,0.286,0.846,0,0.000,0.000,0.000,0.000,0.000,0.000,7.870,-3.702
354.43,0.272,0,0.286,0.846,0,0.000,0.000,0.000,0.000,0.000,0.000,7.875,-3.708
354.63,0.272,0,0.287,0.841,0,0.000,0.000,0.000,0.000,0.000,0.000,7.872,-3.706
354.83,0.271,0,0.287,0.841,0,0.000,0.000,0.000,0.000,0.000,0.000,7.876,-3.703
355.03,0.272,0,0.287,0.841,0,0.000,0.000,0.000,0.000,0.000,0.000,7.868,-3.710
355.23,0.272,0,0.287,0.839,0,0.000,0.000,0.000,0.000,0.000,0.000,7.876,-3.720
355.43,0.272,0,0.287,0.839,0,0.000,0.000,0.000,0.000,0.000,0.000,7.888,-3.730
355.63,0.272,0,0.287,0.840,0,0.000,0.000,0.000,0.000,0.000,0.000,7.884,-3.723
355.83,0.271,0,0.287,0.840,0,0.000,0.000,0.000,0.000,0.000,0.000,7.862,-3.698
356.03,0.272,0,0.287,0.840,0,0.000,0.000,0.000,0.000,0.000,0.000,7.852,-3.694
356.23,0.271,0,0.287,0.846,0,0.000,0.000,0.000,0.000,0.000,0.000,7.871,-3.717
356.43,0.271,0,0.287,0.846,0,0.000,0.000,0.000,0.000,0.000,0.000,7.880,-3.712
356.63,0.272,0,0.286,0.845,0,0.000,0.000,0.000,0.000,0.000,0.000,7.881,-3.689
356.83,0.271,0,0.286,0.845,0,0.000,0.000,0.000,0.000,0.000,0.000,7.872,-3.689
357.03,0.272,0,0.286,0.845,0,0.000,0.000,0.000,0.000,0.000,0.000,7.858,-3.697
357.23,0.272,0,0.287,0.837,0,0.000,0.000,0.000,0.000,0.000,0.000,7.870,-3.709
357.43,0.272,0,0.287,0.837,0,0.000,0.000,0.000,0.000,0.000,0.000,7.875,-3.705
357.63,0.272,0,0.286,1.021,0,0.000,0.000,0.000,0.000,0.000,0.000,7.856,-3.695
357.83,0.272,0,0.286,1.021,0,0.000,0.000,0.000,0.000,0.000,0.000,7.858,-3.702
358.03,0.272,0,0.286,1.021,0,0.000,0.000,0.000,0.000,0.000,0.000,7.876,-3.719
358.23,0.271,0,0.287,0.840,0,0.000,0.000,0.000,0.000,0.000,0.000,7.885,-3.721
358.43,0.272,0,0.287,0.840,0,0.000,0.000,0.000,0.000,0.000,0.000,7.862,-3.698
358.63,0.271,0,0.286,0.837,0,0.000,0.000,0.000,0.000,0.000,0.000,7.846,-3.698
358.83,0.272,0,0.286,0.837,0,0.000,0.000,0.000,0.000,0.000,0.000,7.865,-3.722
359.03,0.271,0,0.286,0.837,0,0.000,0.000,0.000,0.000,0.000,0.000,7.868,-3.726
359.23,0.271,0,0.286,0.838,0,0.000,0.000,0.000,0.000,0.000,0.000,7.877,-3.712
359.43,0.271,0,0.286,0.838,0,0.000,0.000,0.000,0.000,0.000,0.000,7.865,-3.713
359.63,0.271,0,0.286,1.455,0,0.000,0.000,0.000,0.000,0.000,0.000,7.868,-3.724
359.83,0.271,0,0.286,1.455,0,0.000,0.000,0.000,0.000,0.000,0.000,7.882,-3.724
360.03,0.271,0,0.286,1.455,0,0.000,0.000,0.000,0.000,0.000,0.000,7.874,-3.712
360.23,0.272,0,0.286,0.841,0,0.000,0.000,0.000,0.000,0.000,0.000,7.857,-3.708
360.43,0.272,0,0.286,0.841,0,0.000,0.000,0.000,0.000,0.000,0.000,7.868,-3.715
360.63,0.272,0,0.286,0.839,0,0.000,0.000,0.000,0.000,0.000,0.000,7.877,-3.716
360.83,0.272,0,0.286,0.839,0,0.000,0.000,0.000,0.000,0.000,0.000,7.877,-3.720
361.03,0.272,0,0.286,0.839,0,0.000,0.000,0.000,0.000,0.000,0.000,7.873,-3.731
361.23,0.272,0,0.287,0.839,0,0.000,0.000,0.000,0.000,0.000,0.000,7.883,-3.729
361.43,0.272,0,0.287,0.839,0,0.000,0.000,0.000,0.000,0.000,0.000,7.883,-3.736
361.63,0.271,0,0.286,0.843,0,0.000,0.000,0.000,0.000,0.000,0.000,7.882,-3.740
361.83,0.271,0,0.286,0.843,0,0.000,0.000,0.000,0.000,0.000,0.000,7.878,-3.740
362.03,0.271,0,0.286,0.843,0,0.000,0.000,0.000,0.000,0.000,0.000,7.875,-3.736
362.23,0.272,0,0.286,0.835,0,0.000,0.000,0.000,0.000,0.000,0.000,7.877,-3.732
362.43,0.272,0,0.286,0.835,0,0.000,0.000,0.000,0.000,0.000,0.000,7.881,-3.741
362.63,0.272,0,0.287,0.844,0,0.000,0.000,0.000,0.000,0.000,0.000,7.875,-3.745
362.83,0.272,0,0.287,0.844,0,0.000,0.000,0.000,0.000,0.000,0.000,7.873,-3.738
363.03,0.271,0,0.287,0.844,0,0.000,0.000,0.000,0.000,0.000,0.000,7.883,-3.740
363.23,0.271,0,0.286,0.839,0,0.000,0.000,0.000,0.000,0.000,0.000,7.883,-3.740
363.43,0.272,0,0.286,0.839,0,0.000,0.000,0.000,0.000,0.000,0.000,7.881,-3.735
363.63,0.272,0,0.287,0.840,0,0.000,0.000,0.000,0.000,0.000,0.000,7.880,-3.728
363.83,0.271,0,0.287,0.840,0,0.000,0.000,0.000,0.000,0.000,0.000,7.881,-3.729
364.03,0.272,0,0.287,0.840,0,0.000,0.000,0.000,0.000,0.000,0.000,7.880,-3.725
364.23,0.271,0,0.287,0.842,0,0.000,0.000,0.000,0.000,0.000,0.000,7.875,-3.728
364.43,0.272,0,0.287,0.842,0,0.000,0.000,0.000,0.000,0.000,0.000,7.875,-3.730
364.63,0.272,0,0.287,0.844,0,0.000,0.000,0.000,0.000,0.000,0.000,7.879,-3.735
364.83,0.272,0,0.287,0.844,0,0.000,0.000,0.000,0.000,0.000,0.000,7.875,-3.730
365.03,0.272,0,0.287,0.844,0,0.000,0.000,0.000,0.000,0.000,0.000,7.873,-3.726
365.23,0.271,0,0.287,0.840,0,0.000,0.000,0.000,0.000,0.000,0.000,7.876,-3.720
365.43,0.271,0,0.287,0.840,0,0.000,0.000,0.000,0.000,0.000,0.000,7.876,-3.721
365.63,0.272,0,0.287,0.839,0,0.000,0.000,0.000,0.000,0.000,0.000,7.873,-3.722
365.83,0.271,0,0.287,0.839,0,0.000,0.000,0.000,0.000,0.000,0.000,7.868,-3.718
366.03,0.272,0,0.287,0.839,0,0.000,0.000,0.000,0.000,0.000,0.000,7.867,-3.712
366.23,0.271,0,0.286,0.843,0,0.000,0.000,0.000,0.000,0.000,0.000,7.866,-3.702
366.43,0.272,0,0.286,0.843,0,0.000,0.000,0.000,0.000,0.000,0.000,7.855,-3.699
366.63,0.271,0,0.286,0.840,0,0.000,0.000,0.000,0.000,0.000,0.000,7.860,-3.714
366.83,0.271,0,0.286,0.840,0,0.000,0.000,0.000,0.000,0.000,0.000,7.857,-3.709
367.03,0.272,0,0.286,0.840,0,0.000,0.000,0.000,0.000,0.000,0.000,7.874,-3.719
367.23,0.272,0,0.287,0.842,0,0.000,0.000,0.000,0.000,0.000,0.000,7.868,-3.725
367.43,0.272,0,0.287,0.842,0,0.000,0.000,0.000,0.000,0.000,0.000,7.859,-3.727
367.63,0.272,0,0.287,0.837,0,0.000,0.000,0.000,0.000,0.000,0.000,7.861,-3.726
367.83,0.272,0,0.287,0.837,0,0.000,0.000,0.000,0.000,0.000,0.000,7.862,-3.718
368.03,0.272,0,0.287,0.837,0,0.000,0.000,0.000,0.000,0.000,0.000,7.848,-3.708
368.23,0.271,0,0.287,0.837,0,0.000,0.000,0.000,0.000,0.000,0.000,7.855,-3.718
368.43,0.270,0,0.287,0.837,0,0.000,0.000,0.000,0.000,0.000,0.000,7.864,-3.729
368.63,0.272,0,0.287,2.921,0,0.000,0.000,0.000,0.000,0.000,0.000,7.842,-3.714
368.83,0.271,0,0.287,2.921,0,0.000,0.000,0.000,0.000,0.000,0.000,7.860,-3.728
369.03,0.270,0,0.287,2.921,0,0.000,0.000,0.000,0.000,0.000,0.000,7.855,-3.719
369.23,0.270,0,0.285,2.913,0,0.000,0.000,0.000,0.000,0.000,0.000,7.844,-3.714
369.43,0.271,0,0.285,2.913,0,0.000,0.000,0.000,0.000,0.000,0.000,7.858,-3.726
369.63,0.298,0,0.307,0.332,1,0.000,0.000,0.000,0.000,0.000,0.000,7.877,-3.744
369.83,0.108,0,0.307,0.332,1,0.000,0.000,0.000,0.000,0.000,0.000,7.900,-3.756
370.03,0.299,0,0.307,0.332,1,0.000,0.000,0.000,0.000,0.000,0.000,7.905,-3.724
370.23,0.304,0,0.314,0.331,1,0.000,0.000,0.000,0.000,0.000,0.000,7.901,-3.712
370.43,0.108,0,0.314,0.331,1,0.000,0.000,0.000,0.000,0.000,0.000,7.960,-3.762
370.63,0.343,0,0.349,0.342,1,0.000,0.000,0.000,0.000,0.000,0.000,8.039,-3.784
370.83,0.340,0,0.349,0.342,1,0.000,0.000,0.000,0.000,0.000,0.000,8.077,-3.779
371.03,0.321,0,0.349,0.342,1,0.000,0.000,0.000,0.000,0.000,0.000,8.077,-3.779
371.23,0.318,0,0.330,0.761,0,0.000,0.000,0.000,0.000,0.000,0.000,8.077,-3.779
371.43,0.324,0,0.330,0.761,0,0.000,0.000,0.000,0.000,0.000,0.000,8.049,-3.801
371.63,0.327,0,0.340,0.746,0,0.000,0.000,0.000,0.000,0.000,0.000,8.087,-3.767
371.83,0.333,0,0.340,0.746,0,0.000,0.000,0.000,0.000,0.000,0.000,8.128,-3.773
372.03,0.273,0,0.340,0.746,0,0.000,0.000,0.000,0.000,0.000,0.000,8.067,-3.827
372.23,0.343,0,0.352,1.776,0,0.000,0.000,0.000,0.000,0.000,0.000,8.046,-3.850
372.43,0.355,0,0.352,1.776,0,0.000,0.000,0.000,0.000,0.000,0.000,8.071,-3.846
372.63,0.362,0,0.373,1.603,0,0.000,0.000,0.000,0.000,0.000,0.000,8.086,-3.853
372.83,0.360,0,0.373,1.603,0,0.000,0.000,0.000,0.000,0.000,0.000,8.105,-3.816
373.03,0.366,0,0.373,1.603,0,0.000,0.000,0.000,0.000,0.000,0.000,8.120,-3.786
373.23,0.364,0,1.019,1.508,0,0.000,0.000,0.000,0.000,0.000,0.000,8.123,-3.806
373.43,0.360,0,1.019,1.508,0,0.000,0.000,0.000,0.000,0.000,0.000,8.127,-3.827
373.63,0.360,0,0.374,0.977,0,0.000,0.000,0.000,0.000,0.000,0.000,8.115,-3.823
373.83,0.359,0,0.374,0.977,0,0.000,0.000,0.000,0.000,0.000,0.000,8.118,-3.799
374.03,0.368,0,0.374,0.977,0,0.000,0.000,0.000,0.000,0.000,0.000,8.127,-3.782
374.23,0.108,0,0.383,1.753,0,0.000,0.000,0.000,0.000,0.000,0.000,8.080,-3.825
374.43,0.109,0,0.383,1.753,0,0.000,0.000,0.000,0.000,0.000,0.000,8.034,-3.892
374.63,0.370,0,0.381,1.819,0,0.000,0.000,0.000,0.000,0.000,0.000,8.025,-3.885
374.83,0.368,0,0.381,1.819,0,0.000,0.000,0.000,0.000,0.000,0.000,7.994,-3.826
375.03,0.109,0,0.381,1.819,0,0.000,0.000,0.000,0.000,0.000,0.000,7.993,-3.826
375.23,0.363,0,0.375,0.367,1,0.000,0.000,0.000,0.000,0.000,0.000,8.010,-3.888
375.43,0.361,0,0.375,0.367,1,0.000,0.000,0.000,0.000,0.000,0.000,7.966,-3.897
375.63,0.368,0,0.379,0.384,1,0.000,0.000,0.000,0.000,0.000,0.000,7.938,-3.885
375.83,0.375,0,0.379,0.384,1,0.000,0.000,0.000,0.000,0.000,0.000,7.919,-3.942
376.03,0.362,0,0.379,0.384,1,0.000,0.000,0.000,0.000,0.000,0.000,7.900,-3.999
376.23,0.108,0,0.371,0.412,1,0.000,0.000,0.000,0.000,0.000,0.000,7.919,-3.971
376.43,0.337,0,0.371,0.412,1,0.000,0.000,0.000,0.000,0.000,0.000,7.954,-3.913
376.63,0.303,0,0.325,0.354,1,0.000,0.000,0.000,0.000,0.000,0.000,7.963,-3.839
376.83,0.282,0,0.325,0.354,1,0.000,0.000,0.000,0.000,0.000,0.000,7.920,-3.839
377.03,0.273,0,0.325,0.354,1,0.000,0.000,0.000,0.000,0.000,0.000,7.866,-3.873
377.23,0.275,0,0.287,0.501,0,0.000,0.000,0.000,0.000,0.000,0.000,7.875,-3.878
377.43,0.284,0,0.287,0.501,0,0.000,0.000,0.000,0.000,0.000,0.000,7.906,-3.867
377.63,0.285,0,0.299,2.638,0,0.000,0.000,0.000,0.000,0.000,0.000,7.899,-3.854
377.83,0.290,0,0.299,2.638,0,0.000,0.000,0.000,0.000,0.000,0.000,7.890,-3.865
378.03,0.291,0,0.299,2.638,0,0.000,0.000,0.000,0.000,0.000,0.000,7.895,-3.867
378.23,0.291,0,0.304,2.667,0,0.000,0.000,0.000,0.000,0.000,0.000,7.898,-3.851
378.43,0.291,0,0.304,2.667,0,0.000,0.000,0.000,0.000,0.000,0.000,7.892,-3.840
378.63,0.290,0,0.304,2.763,0,0.000,0.000,0.000,0.000,0.000,0.000,7.892,-3.847
378.83,0.290,0,0.304,2.763,0,0.000,0.000,0.000,0.000,0.000,0.000,7.909,-3.858
379.03,0.290,0,0.304,2.763,0,0.000,0.000,0.000,0.000,0.000,0.000,7.915,-3.864
379.23,0.290,0,0.305,2.922,0,0.000,0.000,0.000,0.000,0.000,0.000,7.909,-3.857
379.43,0.290,0,0.305,2.922,0,0.000,0.000,0.000,0.000,0.000,0.000,7.893,-3.849
379.63,0.288,0,0.303,2.894,0,0.000,0.000,0.000,0.000,0.000,0.000,7.889,-3.845
379.83,0.282,0,0.303,2.894,0,0.000,0.000,0.000,0.000,0.000,0.000,7.903,-3.853
380.03,0.109,0,0.303,2.894,0,0.000,0.000,0.000,0.000,0.000,0.000,7.924,-3.853
380.23,0.108,0,0.299,0.814,0,0.000,0.000,0.000,0.000,0.000,0.000,7.932,-3.843
380.43,0.297,0,0.299,0.814,0,0.000,0.000,0.000,0.000,0.000,0.000,7.939,-3.844
380.63,0.298,0,0.313,0.621,0,0.000,0.000,0.000,0.000,0.000,0.000,7.944,-3.850
380.83,0.302,0,0.313,0.621,0,0.000,0.000,0.000,0.000,0.000,0.000,7.954,-3.843
381.03,0.301,0,0.313,0.621,0,0.000,0.000,0.000,0.000,0.000,0.000,7.963,-3.828
381.23,0.294,0,0.315,0.624,0,0.000,0.000,0.000,0.000,0.000,0.000,7.944,-3.810
381.43,0.111,0,0.315,0.624,0,0.000,0.000,0.000,0.000,0.000,0.000,7.916,-3.805
381.63,0.286,0,0.300,2.950,0,0.000,0.000,0.000,0.000,0.000,0.000,7.893,-3.824
381.83,0.108,0,0.300,2.950,0,0.000,0.000,0.000,0.000,0.000,0.000,7.890,-3.848
382.03,0.292,0,0.300,2.950,0,0.000,0.000,0.000,0.000,0.000,0.000,7.891,-3.851
382.23,0.293,0,0.307,0.422,1,0.000,0.000,0.000,0.000,0.000,0.000,7.872,-3.850
382.43,0.296,0,0.307,0.422,1,0.000,0.000,0.000,0.000,0.000,0.000,7.860,-3.859
382.63,0.297,0,0.310,0.430,1,0.000,0.000,0.000,0.000,0.000,0.000,7.880,-3.881
382.83,0.298,0,0.310,0.430,1,0.000,0.000,0.000,0.000,0.000,0.000,7.900,-3.874
383.03,0.300,0,0.310,0.430,1,0.000,0.000,0.000,0.000,0.000,0.000,7.917,-3.874
383.23,0.108,0,0.313,2.761,0,0.000,0.000,0.000,0.000,0.000,0.000,7.920,-3.864
383.43,0.108,0,0.313,2.761,0,0.000,0.000,0.000,0.000,0.000,0.000,7.912,-3.842
383.63,0.111,0,0.312,2.949,0,0.000,0.000,0.000,0.000,0.000,0.000,7.916,-3.846
383.83,0.108,0,0.312,2.949,0,0.000,0.000,0.000,0.000,0.000,0.000,7.909,-3.854
384.03,0.299,0,0.312,2.949,0,0.000,0.000,0.000,0.000,0.000,0.000,7.918,-3.865
384.23,0.109,0,0.312,2.988,0,0.000,0.000,0.000,0.000,0.000,0.000,7.919,-3.856
384.43,0.108,0,0.312,2.988,0,0.000,0.000,0.000,0.000,0.000,0.000,7.922,-3.848
384.63,0.109,0,0.312,2.968,0,0.000,0.000,0.000,0.000,0.000,0.000,7.921,-3.864
384.83,0.111,0,0.312,2.968,0,0.000,0.000,0.000,0.000,0.000,0.000,7.914,-3.864
385.03,0.108,0,0.312,2.968,0,0.000,0.000,0.000,0.000,0.000,0.000,7.910,-3.855
385.23,0.108,0,0.312,2.942,0,0.000,0.000,0.000,0.000,0.000,0.000,7.914,-3.863
385.43,0.108,0,0.312,2.942,0,0.000,0.000,0.000,0.000,0.000,0.000,7.919,-3.870
385.63,0.299,0,0.312,2.988,0,0.000,0.000,0.000,0.000,0.000,0.000,7.924,-3.870
385.83,0.109,0,0.312,2.988,0,0.000,0.000,0.000,0.000,0.000,0.000,7.914,-3.872
386.03,0.108,0,0.312,2.988,0,0.000,0.000,0.000,0.000,0.000,0.000,7.905,-3.871
386.23,0.108,0,0.312,2.991,0,0.000,0.000,0.000,0.000,0.000,0.000,7.911,-3.865
386.43,0.109,0,0.312,2.991,0,0.000,0.000,0.000,0.000,0.000,0.000,7.933,-3.870
386.63,0.300,0,0.313,2.991,0,0.000,0.000,0.000,0.000,0.000,0.000,7.933,-3.877
386.83,0.109,0,0.313,2.991,0,0.000,0.000,0.000,0.000,0.000,0.000,7.923,-3.877
387.03,0.108,0,0.313,2.991,0,0.000,0.000,0.000,0.000,0.000,0.000,7.924,-3.873
387.23,0.109,0,0.313,2.944,0,0.000,0.000,0.000,0.000,0.000,0.000,7.923,-3.864
387.43,0.108,0,0.313,2.944,0,0.000,0.000,0.000,0.000,0.000,0.000,7.932,-3.864
387.63,0.111,0,0.312,2.951,0,0.000,0.000,0.000,0.000,0.000,0.000,7.926,-3.867
387.83,0.108,0,0.312,2.951,0,0.000,0.000,0.000,0.000,0.000,0.000,7.920,-3.882
388.03,0.299,0,0.312,2.951,0,0.000,0.000,0.000,0.000,0.000,0.000,7.924,-3.883
388.23,0.108,0,0.312,2.935,0,0.000,0.000,0.000,0.000,0.000,0.000,7.928,-3.866
388.43,0.111,0,0.312,2.935,0,0.000,0.000,0.000,0.000,0.000,0.000,7.930,-3.863
