t,min_range,blocked,lidar_range,camera_range,agree,cmd_in_vx,cmd_in_vy,cmd_in_wz,cmd_out_vx,cmd_out_vy,cmd_out_wz,odom_x,odom_y
0.21,nan,0,nan,nan,0,0.000,0.000,0.000,0.000,0.000,0.000,0.000,0.000
0.41,nan,0,nan,nan,0,0.000,0.000,0.000,0.000,0.000,0.000,0.000,0.000
0.61,nan,0,nan,nan,0,0.000,0.000,0.000,0.000,0.000,0.000,0.000,0.000
0.81,nan,0,nan,nan,0,0.000,0.000,0.000,0.000,0.000,0.000,0.000,0.000
1.01,nan,0,nan,nan,0,0.000,0.000,0.000,0.000,0.000,0.000,0.000,0.000
1.21,nan,0,nan,nan,0,0.000,0.000,0.000,0.000,0.000,0.000,0.000,0.000
1.41,nan,0,nan,nan,0,0.000,0.000,0.000,0.000,0.000,0.000,0.000,0.000
1.61,nan,0,nan,nan,0,0.000,0.000,0.000,0.000,0.000,0.000,0.000,0.000
1.81,nan,0,nan,nan,0,0.000,0.000,0.000,0.000,0.000,0.000,0.000,0.000
2.01,nan,0,nan,nan,0,0.000,0.000,0.000,0.000,0.000,0.000,0.000,0.000
2.21,nan,0,nan,nan,0,0.000,0.000,0.000,0.000,0.000,0.000,0.000,0.000
2.41,nan,0,nan,nan,0,0.000,0.000,0.000,0.000,0.000,0.000,0.000,0.000
2.61,nan,0,nan,nan,0,0.000,0.000,0.000,0.000,0.000,0.000,0.000,0.000
2.81,nan,0,nan,nan,0,0.000,0.000,0.000,0.000,0.000,0.000,0.000,0.000
3.01,nan,0,nan,nan,0,0.000,0.000,0.000,0.000,0.000,0.000,0.000,0.000
3.21,nan,0,nan,nan,0,0.000,0.000,0.000,0.000,0.000,0.000,0.000,0.000
3.41,0.105,0,0.410,0.423,1,0.000,0.000,0.000,0.000,0.000,0.000,0.020,-0.018
3.61,0.315,0,0.410,0.423,1,0.000,0.000,0.000,0.000,0.000,0.000,0.012,-0.004
3.81,0.108,0,0.410,0.423,1,0.000,0.000,0.000,0.000,0.000,0.000,-0.004,-0.011
4.01,0.310,0,0.409,0.423,1,0.000,0.000,0.000,0.000,0.000,0.000,0.012,-0.022
4.21,0.308,0,0.409,0.423,1,0.000,0.000,0.000,0.000,0.000,0.000,0.036,-0.025
4.41,0.108,0,0.410,0.423,1,0.000,0.000,0.000,0.000,0.000,0.000,0.020,-0.002
4.61,0.105,0,0.410,0.423,1,0.000,0.000,0.000,0.000,0.000,0.000,0.011,-0.012
4.81,0.108,0,0.410,0.423,1,0.000,0.000,0.000,0.000,0.000,0.000,0.019,-0.012
5.01,0.300,0,0.418,0.423,1,0.000,0.000,0.000,0.000,0.000,0.000,0.019,-0.007
5.21,0.105,0,0.418,0.423,1,0.000,0.000,0.000,0.000,0.000,0.000,0.025,-0.024
5.41,0.285,0,0.411,0.423,1,0.000,0.000,0.000,0.000,0.000,0.000,0.020,-0.019
5.61,0.106,0,0.411,0.423,1,0.000,0.000,0.000,0.000,0.000,0.000,-0.001,-0.011
5.81,0.288,0,0.411,0.423,1,0.000,0.000,0.000,0.000,0.000,0.000,0.014,-0.024
6.01,0.289,0,0.411,0.423,1,0.000,0.000,0.000,0.000,0.000,0.000,0.030,-0.020
6.21,0.295,0,0.411,0.423,1,0.000,0.000,0.000,0.000,0.000,0.000,0.024,-0.006
6.41,0.106,0,0.689,0.423,0,0.000,0.000,0.000,0.000,0.000,0.000,0.021,-0.027
6.61,0.287,0,0.689,0.423,0,0.000,0.000,0.000,0.000,0.000,0.000,0.029,-0.037
6.81,0.106,0,0.689,0.423,0,0.000,0.000,0.000,0.000,0.000,0.000,0.022,-0.027
7.01,0.285,0,0.411,0.423,1,0.000,0.000,0.000,0.000,0.000,0.000,0.028,-0.019
7.21,0.108,0,0.411,0.423,1,0.000,0.000,0.000,0.000,0.000,0.000,0.024,-0.008
7.41,0.281,0,0.411,0.423,1,0.000,0.000,0.000,0.000,0.000,0.000,0.023,-0.013
7.61,0.105,0,0.411,0.423,1,0.000,0.000,0.000,0.000,0.000,0.000,0.029,-0.032
7.81,0.108,0,0.411,0.423,1,0.000,0.000,0.000,0.000,0.000,0.000,0.027,-0.029
8.01,0.106,0,0.409,0.423,1,0.000,0.000,0.000,0.000,0.000,0.000,-0.002,-0.010
8.21,0.105,0,0.409,0.423,1,0.000,0.000,0.000,0.000,0.000,0.000,0.026,-0.020
8.41,0.108,0,0.410,0.423,1,0.000,0.000,0.000,0.000,0.000,0.000,0.023,-0.022
8.61,0.108,0,0.410,0.423,1,0.000,0.000,0.000,0.000,0.000,0.000,0.003,-0.029
8.81,0.108,0,0.410,0.423,1,0.000,0.000,0.000,0.000,0.000,0.000,0.008,-0.021
9.01,0.108,0,0.703,0.423,0,0.000,0.000,0.000,0.000,0.000,0.000,0.024,-0.004
9.21,0.280,0,0.703,0.423,0,0.000,0.000,0.000,0.000,0.000,0.000,0.024,-0.006
9.41,0.280,0,0.411,0.423,1,0.000,0.000,0.000,0.000,0.000,0.000,0.021,-0.015
9.61,0.105,0,0.411,0.423,1,0.000,0.000,0.000,0.000,0.000,0.000,0.018,-0.021
9.81,0.105,0,0.411,0.423,1,0.000,0.000,0.000,0.000,0.000,0.000,0.017,-0.018
10.01,0.105,0,0.411,0.423,1,0.000,0.000,0.000,0.000,0.000,0.000,0.018,-0.013
10.21,0.105,0,0.411,0.423,1,0.000,0.000,0.000,0.000,0.000,0.000,0.023,-0.019
10.41,0.108,0,0.413,0.423,1,0.000,0.000,0.000,0.000,0.000,0.000,0.004,-0.020
10.61,0.108,0,0.413,0.423,1,0.000,0.000,0.000,0.000,0.000,0.000,-0.000,-0.003
10.81,0.278,0,0.413,0.423,1,0.000,0.000,0.000,0.000,0.000,0.000,0.011,-0.000
11.01,0.277,0,0.411,0.424,1,0.000,0.000,0.000,0.000,0.000,0.000,0.021,-0.024
11.21,0.108,0,0.411,0.424,1,0.000,0.000,0.000,0.000,0.000,0.000,0.005,-0.023
11.41,0.105,0,0.411,0.423,1,0.000,0.000,0.000,0.000,0.000,0.000,0.014,-0.007
11.61,0.106,0,0.411,0.423,1,0.000,0.000,0.000,0.000,0.000,0.000,0.021,-0.017
11.81,0.106,0,0.411,0.423,1,0.000,0.000,0.000,0.000,0.000,0.000,0.007,-0.022
12.01,0.106,0,0.891,0.423,0,0.000,0.000,0.000,0.000,0.000,0.000,0.009,-0.020
12.21,0.106,0,0.891,0.423,0,0.000,0.000,0.000,0.000,0.000,0.000,0.006,-0.012
12.41,0.108,0,0.410,0.423,1,0.000,0.000,0.000,0.000,0.000,0.000,0.007,-0.005
12.61,0.267,0,0.410,0.423,1,0.000,0.000,0.000,0.000,0.000,0.000,0.016,-0.003
12.81,0.267,0,0.410,0.423,1,0.000,0.000,0.000,0.000,0.000,0.000,0.024,-0.018
13.01,0.105,0,0.410,0.423,1,0.000,0.000,0.000,0.000,0.000,0.000,0.023,-0.028
13.21,0.265,0,0.410,0.423,1,0.000,0.000,0.000,0.000,0.000,0.000,0.024,-0.022
13.41,0.269,0,0.410,0.423,1,0.000,0.000,0.000,0.000,0.000,0.000,0.010,-0.014
13.61,0.105,0,0.410,0.423,1,0.000,0.000,0.000,0.000,0.000,0.000,0.014,-0.013
13.81,0.106,0,0.410,0.423,1,0.000,0.000,0.000,0.000,0.000,0.000,0.024,-0.023
14.01,0.108,0,0.411,0.423,1,0.000,0.000,0.000,0.000,0.000,0.000,0.012,-0.021
14.21,0.267,0,0.411,0.423,1,0.000,0.000,0.000,0.000,0.000,0.000,0.006,0.001
14.41,0.105,0,0.411,0.423,1,0.000,0.000,0.000,0.000,0.000,0.000,0.018,-0.013
14.61,0.285,0,0.411,0.423,1,0.000,0.000,0.000,0.000,0.000,0.000,0.018,-0.029
14.81,0.108,0,0.411,0.423,1,0.000,0.000,0.000,0.000,0.000,0.000,0.011,-0.006
15.01,0.401,0,0.411,0.423,1,0.000,0.000,0.000,0.000,0.000,0.000,0.020,0.008
15.21,0.105,0,0.411,0.423,1,0.000,0.000,0.000,0.000,0.000,0.000,0.026,-0.000
15.41,0.108,0,0.410,0.423,1,0.000,0.000,0.000,0.000,0.000,0.000,0.009,-0.010
15.61,0.401,0,0.410,0.423,1,0.000,0.000,0.000,0.000,0.000,0.000,0.009,0.009
15.81,0.108,0,0.410,0.423,1,0.000,0.000,0.000,0.000,0.000,0.000,0.015,0.012
16.01,0.106,0,0.414,0.423,1,0.000,0.000,0.000,0.000,0.000,0.000,0.009,-0.000
16.21,0.106,0,0.414,0.423,1,0.000,0.000,0.000,0.000,0.000,0.000,0.005,-0.010
16.41,0.106,0,0.891,0.423,0,0.000,0.000,0.000,0.000,0.000,0.000,0.010,-0.010
16.61,0.105,0,0.891,0.423,0,0.000,0.000,0.000,0.000,0.000,0.000,0.026,-0.002
16.81,0.401,0,0.891,0.423,0,0.000,0.000,0.000,0.000,0.000,0.000,0.017,0.016
17.01,0.105,0,0.411,0.424,1,0.000,0.000,0.000,0.000,0.000,0.000,0.012,0.019
17.21,0.105,0,0.411,0.424,1,0.000,0.000,0.000,0.000,0.000,0.000,0.021,-0.013
17.41,0.461,0,0.410,0.423,1,0.000,0.000,0.000,0.000,0.000,0.000,0.017,-0.009
17.61,0.106,0,0.410,0.423,1,0.000,0.000,0.000,0.000,0.000,0.000,0.025,-0.000
17.81,0.105,0,0.410,0.423,1,0.000,0.000,0.000,0.000,0.000,0.000,0.030,-0.008
18.01,0.105,0,0.887,0.423,0,0.000,0.000,0.000,0.000,0.000,0.000,0.040,-0.010
18.21,0.108,0,0.887,0.423,0,0.000,0.000,0.000,0.000,0.000,0.000,0.031,0.011
18.41,0.388,0,0.399,0.422,1,0.000,0.000,0.000,0.000,0.000,0.000,0.035,0.029
18.61,0.105,0,0.399,0.422,1,0.000,0.000,0.000,0.000,0.000,0.000,0.046,0.037
18.81,0.377,0,0.399,0.422,1,0.000,0.000,0.000,0.000,0.000,0.000,0.042,0.049
19.01,0.375,0,0.386,0.425,1,0.000,0.000,0.000,0.000,0.000,0.000,0.015,0.064
19.21,0.373,0,0.386,0.425,1,0.000,0.000,0.000,0.000,0.000,0.000,0.033,0.072
19.41,0.106,0,0.384,0.433,1,0.000,0.000,0.000,0.000,0.000,0.000,0.036,0.066
19.61,0.381,0,0.384,0.433,1,0.000,0.000,0.000,0.000,0.000,0.000,0.002,0.065
19.81,0.384,0,0.384,0.433,1,0.000,0.000,0.000,0.000,0.000,0.000,0.008,0.058
20.01,0.387,0,0.394,0.371,1,0.000,0.000,0.000,0.000,0.000,0.000,0.020,0.060
20.21,0.387,0,0.394,0.371,1,0.000,0.000,0.000,0.000,0.000,0.000,0.005,0.066
20.41,0.387,0,0.397,0.366,1,0.000,0.000,0.000,0.000,0.000,0.000,-0.002,0.044
20.61,0.106,0,0.397,0.366,1,0.000,0.000,0.000,0.000,0.000,0.000,0.013,0.011
20.81,0.108,0,0.397,0.366,1,0.000,0.000,0.000,0.000,0.000,0.000,0.024,0.002
21.01,0.105,0,0.382,0.421,1,0.000,0.000,0.000,0.000,0.000,0.000,0.031,0.008
21.21,0.371,0,0.382,0.421,1,0.000,0.000,0.000,0.000,0.000,0.000,0.039,-0.002
21.41,0.105,0,0.382,0.399,1,0.000,0.000,0.000,0.000,0.000,0.000,0.037,-0.020
21.61,0.105,0,0.382,0.399,1,0.000,0.000,0.000,0.000,0.000,0.000,0.041,-0.011
21.81,0.105,0,0.382,0.399,1,0.000,0.000,0.000,0.000,0.000,0.000,0.048,0.009
22.01,0.106,0,0.383,0.399,1,0.000,0.000,0.000,0.000,0.000,0.000,0.046,0.004
22.21,0.108,0,0.383,0.399,1,0.000,0.000,0.000,0.000,0.000,0.000,0.033,-0.014
22.41,0.108,0,0.750,0.456,0,0.000,0.000,0.000,0.000,0.000,0.000,0.030,-0.032
22.61,0.106,0,0.750,0.456,0,0.000,0.000,0.000,0.000,0.000,0.000,0.049,-0.037
22.81,0.105,0,0.750,0.456,0,0.000,0.000,0.000,0.000,0.000,0.000,0.045,-0.032
23.01,0.387,0,0.970,0.435,0,0.000,0.000,0.000,0.000,0.000,0.000,0.034,-0.024
23.21,0.108,0,0.970,0.435,0,0.000,0.000,0.000,0.000,0.000,0.000,0.037,-0.044
23.41,0.106,0,0.444,0.425,1,0.000,0.000,0.000,0.000,0.000,0.000,0.051,-0.057
23.61,0.106,0,0.444,0.425,1,0.000,0.000,0.000,0.000,0.000,0.000,0.061,-0.060
23.81,0.108,0,0.444,0.425,1,0.000,0.000,0.000,0.000,0.000,0.000,0.048,-0.048
24.01,0.105,0,0.453,0.498,1,0.000,0.000,0.000,0.000,0.000,0.000,0.055,-0.030
24.21,0.394,0,0.453,0.498,1,0.000,0.000,0.000,0.000,0.000,0.000,0.055,-0.034
24.41,0.108,0,0.402,0.605,0,0.000,0.000,0.000,0.000,0.000,0.000,0.057,-0.038
24.61,0.105,0,0.402,0.605,0,0.000,0.000,0.000,0.000,0.000,0.000,0.059,-0.036
24.81,0.345,0,0.402,0.605,0,0.000,0.000,0.000,0.000,0.000,0.000,0.060,-0.047
25.01,0.108,0,0.357,1.016,0,0.000,0.000,0.000,0.000,0.000,0.000,0.066,-0.049
25.21,0.106,0,0.357,1.016,0,0.000,0.000,0.000,0.000,0.000,0.000,0.051,-0.055
25.41,0.331,0,0.346,0.615,0,0.000,0.000,0.000,0.000,0.000,0.000,0.058,-0.058
25.61,0.337,0,0.346,0.615,0,0.000,0.000,0.000,0.000,0.000,0.000,0.039,-0.043
25.81,0.347,0,0.346,0.615,0,0.000,0.000,0.000,0.000,0.000,0.000,0.010,-0.041
26.01,0.363,0,0.363,0.308,1,0.000,0.000,0.000,0.000,0.000,0.000,0.011,-0.062
26.21,0.366,0,0.363,0.308,1,0.000,0.000,0.000,0.000,0.000,0.000,0.024,-0.067
26.41,0.363,0,0.374,0.345,1,0.000,0.000,0.000,0.000,0.000,0.000,0.006,-0.067
26.61,0.366,0,0.374,0.345,1,0.000,0.000,0.000,0.000,0.000,0.000,-0.011,-0.064
26.81,0.365,0,0.374,0.345,1,0.000,0.000,0.000,0.000,0.000,0.000,-0.018,-0.062
27.01,0.370,0,0.376,0.383,1,0.000,0.000,0.000,0.000,0.000,0.000,-0.021,-0.078
27.21,0.108,0,0.376,0.383,1,0.000,0.000,0.000,0.000,0.000,0.000,-0.034,-0.073
27.41,0.388,0,0.394,0.382,1,0.000,0.000,0.000,0.000,0.000,0.000,-0.040,-0.058
27.61,0.397,0,0.394,0.382,1,0.000,0.000,0.000,0.000,0.000,0.000,-0.035,-0.065
27.81,0.108,0,0.394,0.382,1,0.000,0.000,0.000,0.000,0.000,0.000,-0.038,-0.068
28.01,0.105,0,0.413,0.377,1,0.000,0.000,0.000,0.000,0.000,0.000,-0.044,-0.066
28.21,0.108,0,0.413,0.377,1,0.000,0.000,0.000,0.000,0.000,0.000,-0.024,-0.086
28.41,0.413,0,0.419,0.414,1,0.000,0.000,0.000,0.000,0.000,0.000,-0.027,-0.078
28.61,0.105,0,0.419,0.414,1,0.000,0.000,0.000,0.000,0.000,0.000,-0.038,-0.052
28.81,0.461,0,0.419,0.414,1,0.000,0.000,0.000,0.000,0.000,0.000,-0.032,-0.061
29.01,0.105,0,0.484,0.449,1,0.000,0.000,0.000,0.000,0.000,0.000,-0.017,-0.064
29.21,0.105,0,0.484,0.449,1,0.000,0.000,0.000,0.000,0.000,0.000,-0.015,-0.056
29.41,0.465,0,0.707,0.638,1,0.000,0.000,0.000,0.000,0.000,0.000,-0.023,-0.063
29.61,0.106,0,0.707,0.638,1,0.000,0.000,0.000,0.000,0.000,0.000,-0.026,-0.087
29.81,0.465,0,0.707,0.638,1,0.000,0.000,0.000,0.000,0.000,0.000,-0.022,-0.083
30.01,0.465,0,0.865,0.588,0,0.000,0.000,0.000,0.000,0.000,0.000,-0.022,-0.052
30.21,0.105,0,0.865,0.588,0,0.000,0.000,0.000,0.000,0.000,0.000,-0.023,-0.062
30.41,0.106,0,0.995,0.976,1,0.000,0.000,0.000,0.000,0.000,0.000,-0.027,-0.080
30.61,0.105,0,0.995,0.976,1,0.000,0.000,0.000,0.000,0.000,0.000,-0.036,-0.060
30.81,0.505,0,0.995,0.976,1,0.000,0.000,0.000,0.000,0.000,0.000,-0.028,-0.041
31.01,0.465,0,1.098,1.073,1,0.000,0.000,0.000,0.000,0.000,0.000,-0.029,-0.042
31.21,0.505,0,1.098,1.073,1,0.000,0.000,0.000,0.000,0.000,0.000,-0.039,-0.043
31.41,0.465,0,1.100,1.084,1,0.000,0.000,0.000,0.000,0.000,0.000,-0.035,-0.044
31.61,0.505,0,1.100,1.084,1,0.000,0.000,0.000,0.000,0.000,0.000,-0.036,-0.046
31.81,0.461,0,1.100,1.084,1,0.000,0.000,0.000,0.000,0.000,0.000,-0.037,-0.050
32.01,0.465,0,0.985,0.997,1,0.000,0.000,0.000,0.000,0.000,0.000,-0.029,-0.064
32.21,0.465,0,0.985,0.997,1,0.000,0.000,0.000,0.000,0.000,0.000,-0.046,-0.053
32.41,0.105,0,0.697,0.762,1,0.000,0.000,0.000,0.000,0.000,0.000,-0.052,-0.035
32.61,0.106,0,0.697,0.762,1,0.000,0.000,0.000,0.000,0.000,0.000,-0.040,-0.047
32.81,0.465,0,0.697,0.762,1,0.000,0.000,0.000,0.000,0.000,0.000,-0.042,-0.060
33.01,0.505,0,0.736,0.769,1,0.000,0.000,0.000,0.000,0.000,0.000,-0.043,-0.033
33.21,0.465,0,0.736,0.769,1,0.000,0.000,0.000,0.000,0.000,0.000,-0.042,-0.017
33.41,0.108,0,0.759,0.774,1,0.000,0.000,0.000,0.000,0.000,0.000,-0.032,-0.046
33.61,0.463,0,0.759,0.774,1,0.000,0.000,0.000,0.000,0.000,0.000,-0.032,-0.057
33.81,0.465,0,0.759,0.774,1,0.000,0.000,0.000,0.000,0.000,0.000,-0.038,-0.053
34.01,0.105,0,0.717,0.718,1,0.000,0.000,0.000,0.000,0.000,0.000,-0.037,-0.036
34.21,0.106,0,0.717,0.718,1,0.000,0.000,0.000,0.000,0.000,0.000,-0.030,-0.042
34.41,0.108,0,0.641,0.460,1,0.000,0.000,0.000,0.000,0.000,0.000,-0.038,-0.047
34.61,0.505,0,0.641,0.460,1,0.000,0.000,0.000,0.000,0.000,0.000,-0.029,-0.038
34.81,0.467,0,0.641,0.460,1,0.000,0.000,0.000,0.000,0.000,0.000,-0.025,-0.039
35.01,0.108,0,0.481,0.442,1,0.000,0.000,0.000,0.000,0.000,0.000,-0.032,-0.057
35.21,0.418,0,0.481,0.442,1,0.000,0.000,0.000,0.000,0.000,0.000,-0.028,-0.048
35.41,0.397,0,0.412,0.407,1,0.000,0.000,0.000,0.000,0.000,0.000,-0.027,-0.026
35.61,0.390,0,0.412,0.407,1,0.000,0.000,0.000,0.000,0.000,0.000,-0.030,-0.031
35.81,0.388,0,0.412,0.407,1,0.000,0.000,0.000,0.000,0.000,0.000,-0.037,-0.054
36.01,0.391,0,0.398,0.392,1,0.000,0.000,0.000,0.000,0.000,0.000,-0.047,-0.062
36.21,0.394,0,0.398,0.392,1,0.000,0.000,0.000,0.000,0.000,0.000,-0.021,-0.073
36.41,0.398,0,0.408,0.342,1,0.000,0.000,0.000,0.000,0.000,0.000,0.013,-0.099
36.61,0.401,0,0.408,0.342,1,0.000,0.000,0.000,0.000,0.000,0.000,0.013,-0.090
36.81,0.401,0,0.408,0.342,1,0.000,0.000,0.000,0.000,0.000,0.000,0.003,-0.060
37.01,0.399,0,0.409,0.319,1,0.000,0.000,0.000,0.000,0.000,0.000,0.012,-0.061
37.21,0.396,0,0.409,0.319,1,0.000,0.000,0.000,0.000,0.000,0.000,0.024,-0.075
37.41,0.377,0,0.392,0.364,1,0.000,0.000,0.000,0.000,0.000,0.000,0.015,-0.054
37.61,0.369,0,0.392,0.364,1,0.000,0.000,0.000,0.000,0.000,0.000,0.007,-0.039
37.81,0.383,0,0.392,0.364,1,0.000,0.000,0.000,0.000,0.000,0.000,0.007,-0.042
38.01,0.399,0,0.393,0.339,1,0.000,0.000,0.000,0.000,0.000,0.000,0.004,-0.037
38.21,0.419,0,0.393,0.339,1,0.000,0.000,0.000,0.000,0.000,0.000,0.010,-0.045
38.41,0.419,0,0.476,0.469,1,0.000,0.000,0.000,0.000,0.000,0.000,0.005,-0.037
38.61,0.419,0,0.476,0.469,1,0.000,0.000,0.000,0.000,0.000,0.000,-0.000,-0.032
38.81,0.419,0,0.476,0.469,1,0.000,0.000,0.000,0.000,0.000,0.000,0.001,-0.035
39.01,0.419,0,0.494,0.478,1,0.000,0.000,0.000,0.000,0.000,0.000,0.009,-0.060
39.21,0.419,0,0.494,0.478,1,0.000,0.000,0.000,0.000,0.000,0.000,0.000,-0.036
39.41,0.415,0,0.481,0.472,1,0.000,0.000,0.000,0.000,0.000,0.000,-0.002,-0.036
39.61,0.419,0,0.481,0.472,1,0.000,0.000,0.000,0.000,0.000,0.000,-0.003,-0.030
39.81,0.419,0,0.481,0.472,1,0.000,0.000,0.000,0.000,0.000,0.000,-0.005,-0.043
40.01,0.419,0,0.470,0.469,1,0.000,0.000,0.000,0.000,0.000,0.000,0.007,-0.044
40.21,0.419,0,0.470,0.469,1,0.000,0.000,0.000,0.000,0.000,0.000,0.002,-0.023
40.41,0.108,0,0.461,0.481,1,0.000,0.000,0.000,0.000,0.000,0.000,0.029,-0.041
40.61,0.108,0,0.461,0.481,1,0.000,0.000,0.000,0.000,0.000,0.000,0.057,-0.041
40.81,0.106,0,0.461,0.481,1,0.000,0.000,0.000,0.000,0.000,0.000,0.043,-0.020
41.01,0.105,0,0.782,0.563,0,0.000,0.000,0.000,0.000,0.000,0.000,0.020,-0.009
41.21,0.105,0,0.782,0.563,0,0.000,0.000,0.000,0.000,0.000,0.000,0.028,-0.005
41.41,0.108,0,0.408,0.414,1,0.000,0.000,0.000,0.000,0.000,0.000,0.044,0.000
41.61,0.389,0,0.408,0.414,1,0.000,0.000,0.000,0.000,0.000,0.000,0.027,0.017
41.81,0.391,0,0.408,0.414,1,0.000,0.000,0.000,0.000,0.000,0.000,0.008,0.006
42.01,0.106,0,0.402,0.428,1,0.000,0.000,0.000,0.000,0.000,0.000,0.002,-0.037
42.21,0.106,0,0.402,0.428,1,0.000,0.000,0.000,0.000,0.000,0.000,0.014,-0.018
42.41,0.384,0,0.398,0.434,1,0.000,0.000,0.000,0.000,0.000,0.000,0.030,0.035
42.61,0.106,0,0.398,0.434,1,0.000,0.000,0.000,0.000,0.000,0.000,0.018,0.033
42.81,0.395,0,0.398,0.434,1,0.000,0.000,0.000,0.000,0.000,0.000,0.023,0.031
43.01,0.406,0,0.405,0.440,1,0.000,0.000,0.000,0.000,0.000,0.000,0.024,0.031
43.21,0.412,0,0.405,0.440,1,0.000,0.000,0.000,0.000,0.000,0.000,-0.001,0.023
43.41,0.411,0,0.421,0.383,1,0.000,0.000,0.000,0.000,0.000,0.000,-0.004,0.000
43.61,0.417,0,0.421,0.383,1,0.000,0.000,0.000,0.000,0.000,0.000,-0.004,0.008
43.81,0.106,0,0.421,0.383,1,0.000,0.000,0.000,0.000,0.000,0.000,-0.006,0.019
44.01,0.408,0,0.422,0.383,1,0.000,0.000,0.000,0.000,0.000,0.000,0.005,0.016
44.21,0.412,0,0.422,0.383,1,0.000,0.000,0.000,0.000,0.000,0.000,0.005,0.011
44.41,0.106,0,0.421,0.383,1,0.000,0.000,0.000,0.000,0.000,0.000,-0.004,0.012
44.61,0.412,0,0.421,0.383,1,0.000,0.000,0.000,0.000,0.000,0.000,-0.002,0.016
44.81,0.106,0,0.421,0.383,1,0.000,0.000,0.000,0.000,0.000,0.000,-0.006,0.019
45.01,0.105,0,0.422,0.383,1,0.000,0.000,0.000,0.000,0.000,0.000,-0.010,0.022
45.21,0.419,0,0.422,0.383,1,0.000,0.000,0.000,0.000,0.000,0.000,-0.016,0.021
45.41,0.106,0,0.429,0.380,1,0.000,0.000,0.000,0.000,0.000,0.000,-0.018,0.030
45.61,0.416,0,0.429,0.380,1,0.000,0.000,0.000,0.000,0.000,0.000,-0.031,0.029
45.81,0.106,0,0.429,0.380,1,0.000,0.000,0.000,0.000,0.000,0.000,-0.039,0.024
46.01,0.412,0,0.424,0.384,1,0.000,0.000,0.000,0.000,0.000,0.000,-0.035,0.023
46.21,0.412,0,0.424,0.384,1,0.000,0.000,0.000,0.000,0.000,0.000,-0.028,0.023
46.41,0.410,0,0.420,0.386,1,0.000,0.000,0.000,0.000,0.000,0.000,-0.024,0.024
46.61,0.409,0,0.420,0.386,1,0.000,0.000,0.000,0.000,0.000,0.000,-0.029,0.015
46.81,0.105,0,0.420,0.386,1,0.000,0.000,0.000,0.000,0.000,0.000,-0.038,0.024
47.01,0.410,0,0.420,0.386,1,0.000,0.000,0.000,0.000,0.000,0.000,-0.043,0.042
47.21,0.410,0,0.420,0.386,1,0.000,0.000,0.000,0.000,0.000,0.000,-0.040,0.046
47.41,0.411,0,0.421,0.384,1,0.000,0.000,0.000,0.000,0.000,0.000,-0.032,0.005
47.61,0.411,0,0.421,0.384,1,0.000,0.000,0.000,0.000,0.000,0.000,-0.015,-0.006
47.81,0.405,0,0.421,0.384,1,0.000,0.000,0.000,0.000,0.000,0.000,0.001,0.016
48.01,0.400,0,0.409,0.390,1,0.000,0.000,0.000,0.000,0.000,0.000,0.004,0.010
48.21,0.108,0,0.409,0.390,1,0.000,0.000,0.000,0.000,0.000,0.000,-0.008,-0.009
48.41,0.394,0,0.405,0.444,1,0.000,0.000,0.000,0.000,0.000,0.000,-0.014,-0.012
48.61,0.447,0,0.405,0.444,1,0.000,0.000,0.000,0.000,0.000,0.000,-0.005,-0.026
48.81,0.105,0,0.405,0.444,1,0.000,0.000,0.000,0.000,0.000,0.000,-0.005,-0.042
49.01,0.105,0,0.413,0.430,1,0.000,0.000,0.000,0.000,0.000,0.000,0.005,-0.050
49.21,0.108,0,0.413,0.430,1,0.000,0.000,0.000,0.000,0.000,0.000,0.010,-0.030
49.41,0.108,0,0.414,0.428,1,0.000,0.000,0.000,0.000,0.000,0.000,0.002,-0.014
49.61,0.405,0,0.414,0.428,1,0.000,0.000,0.000,0.000,0.000,0.000,-0.000,-0.018
49.81,0.105,0,0.414,0.428,1,0.000,0.000,0.000,0.000,0.000,0.000,0.015,-0.039
50.01,0.106,0,0.414,0.428,1,0.000,0.000,0.000,0.000,0.000,0.000,0.014,-0.036
50.21,0.105,0,0.414,0.428,1,0.000,0.000,0.000,0.000,0.000,0.000,-0.002,-0.022
50.41,0.105,0,0.420,0.491,1,0.000,0.000,0.000,0.000,0.000,0.000,-0.011,-0.028
50.61,0.419,0,0.420,0.491,1,0.000,0.000,0.000,0.000,0.000,0.000,-0.000,-0.055
50.81,0.108,0,0.420,0.491,1,0.000,0.000,0.000,0.000,0.000,0.000,-0.000,-0.055
51.01,0.424,0,0.917,0.477,0,0.000,0.000,0.000,0.000,0.000,0.000,-0.000,-0.055
51.21,0.426,0,0.917,0.477,0,0.000,0.000,0.000,0.000,0.000,0.000,-0.000,-0.055
51.41,0.105,0,0.923,0.475,0,0.000,0.000,0.000,0.000,0.000,0.000,-0.000,-0.055
51.61,0.105,0,0.923,0.475,0,0.000,0.000,0.000,0.000,0.000,0.000,-0.002,-0.054
51.81,0.105,0,0.923,0.475,0,0.000,0.000,0.000,0.000,0.000,0.000,-0.001,-0.053
52.01,0.105,0,0.924,0.478,0,0.000,0.000,0.000,0.000,0.000,0.000,-0.003,-0.051
52.21,0.108,0,0.924,0.478,0,0.000,0.000,0.000,0.000,0.000,0.000,-0.007,-0.059
52.41,0.105,0,0.924,0.475,0,0.000,0.000,0.000,0.000,0.000,0.000,-0.009,-0.052
52.61,0.426,0,0.924,0.475,0,0.000,0.000,0.000,0.000,0.000,0.000,-0.013,-0.054
52.81,0.105,0,0.924,0.475,0,0.000,0.000,0.000,0.000,0.000,0.000,-0.006,-0.053
53.01,0.108,0,0.927,0.475,0,0.000,0.000,0.000,0.000,0.000,0.000,-0.007,-0.052
53.21,0.430,0,0.927,0.475,0,0.000,0.000,0.000,0.000,0.000,0.000,-0.000,-0.047
53.41,0.105,0,0.925,0.475,0,0.000,0.000,0.000,0.000,0.000,0.000,0.002,-0.048
53.61,0.108,0,0.925,0.475,0,0.000,0.000,0.000,0.000,0.000,0.000,-0.005,-0.038
53.81,0.108,0,0.925,0.475,0,0.000,0.000,0.000,0.000,0.000,0.000,-0.006,-0.038
54.01,0.421,0,0.925,0.475,0,0.000,0.000,0.000,0.000,0.000,0.000,-0.010,-0.056
54.21,0.105,0,0.925,0.475,0,0.000,0.000,0.000,0.000,0.000,0.000,-0.003,-0.066
54.41,0.105,0,0.933,0.475,0,0.000,0.000,0.000,0.000,0.000,0.000,-0.002,-0.060
54.61,0.423,0,0.933,0.475,0,0.000,0.000,0.000,0.000,0.000,0.000,-0.007,-0.054
54.81,0.424,0,0.933,0.475,0,0.000,0.000,0.000,0.000,0.000,0.000,-0.011,-0.056
55.01,0.105,0,0.933,0.475,0,0.000,0.000,0.000,0.000,0.000,0.000,-0.011,-0.060
55.21,0.108,0,0.933,0.475,0,0.000,0.000,0.000,0.000,0.000,0.000,-0.003,-0.066
55.41,0.108,0,0.940,0.475,0,0.000,0.000,0.000,0.000,0.000,0.000,-0.002,-0.061
55.61,0.426,0,0.940,0.475,0,0.000,0.000,0.000,0.000,0.000,0.000,-0.013,-0.056
55.81,0.105,0,0.940,0.475,0,0.000,0.000,0.000,0.000,0.000,0.000,-0.011,-0.057
56.01,0.106,0,0.939,0.475,0,0.000,0.000,0.000,0.000,0.000,0.000,-0.003,-0.054
56.21,0.106,0,0.939,0.475,0,0.000,0.000,0.000,0.000,0.000,0.000,0.003,-0.052
56.41,0.105,0,0.940,0.475,0,0.000,0.000,0.000,0.000,0.000,0.000,-0.002,-0.052
56.61,0.106,0,0.940,0.475,0,0.000,0.000,0.000,0.000,0.000,0.000,-0.005,-0.054
56.81,0.105,0,0.940,0.475,0,0.000,0.000,0.000,0.000,0.000,0.000,-0.008,-0.051
57.01,0.424,0,0.945,0.475,0,0.000,0.000,0.000,0.000,0.000,0.000,-0.004,-0.056
57.21,0.426,0,0.945,0.475,0,0.000,0.000,0.000,0.000,0.000,0.000,-0.015,-0.056
57.41,0.105,0,0.947,0.475,0,0.000,0.000,0.000,0.000,0.000,0.000,-0.016,-0.060
57.61,0.108,0,0.947,0.475,0,0.000,0.000,0.000,0.000,0.000,0.000,0.003,-0.068
57.81,0.108,0,0.947,0.475,0,0.000,0.000,0.000,0.000,0.000,0.000,-0.002,-0.068
58.01,0.421,0,0.945,0.475,0,0.000,0.000,0.000,0.000,0.000,0.000,-0.013,-0.065
58.21,0.105,0,0.945,0.475,0,0.000,0.000,0.000,0.000,0.000,0.000,-0.005,-0.066
58.41,0.424,0,0.949,0.475,0,0.000,0.000,0.000,0.000,0.000,0.000,-0.006,-0.062
58.61,0.108,0,0.949,0.475,0,0.000,0.000,0.000,0.000,0.000,0.000,-0.011,-0.052
58.81,0.426,0,0.949,0.475,0,0.000,0.000,0.000,0.000,0.000,0.000,-0.004,-0.060
59.01,0.108,0,0.970,0.475,0,0.000,0.000,0.000,0.000,0.000,0.000,-0.007,-0.062
59.21,0.105,0,0.970,0.475,0,0.000,0.000,0.000,0.000,0.000,0.000,-0.003,-0.061
59.41,0.426,0,0.978,0.475,0,0.000,0.000,0.000,0.000,0.000,0.000,0.000,-0.061
59.61,0.108,0,0.978,0.475,0,0.000,0.000,0.000,0.000,0.000,0.000,-0.003,-0.059
59.81,0.424,0,0.978,0.475,0,0.000,0.000,0.000,0.000,0.000,0.000,-0.003,-0.058
60.01,0.106,0,1.029,0.475,0,0.000,0.000,0.000,0.000,0.000,0.000,-0.010,-0.051
60.21,0.424,0,1.029,0.475,0,0.000,0.000,0.000,0.000,0.000,0.000,-0.013,-0.055
60.41,0.105,0,1.119,0.475,0,0.000,0.000,0.000,0.000,0.000,0.000,-0.005,-0.061
60.61,0.108,0,1.119,0.475,0,0.000,0.000,0.000,0.000,0.000,0.000,-0.010,-0.055
60.81,0.424,0,1.119,0.475,0,0.000,0.000,0.000,0.000,0.000,0.000,-0.013,-0.054
61.01,0.105,0,1.133,0.475,0,0.000,0.000,0.000,0.000,0.000,0.000,-0.009,-0.057
61.21,0.108,0,1.133,0.475,0,0.000,0.000,0.000,0.000,0.000,0.000,-0.014,-0.057
61.41,0.108,0,1.127,0.474,0,0.000,0.000,0.000,0.000,0.000,0.000,-0.019,-0.055
61.61,0.108,0,1.127,0.474,0,0.000,0.000,0.000,0.000,0.000,0.000,-0.016,-0.055
61.81,0.105,0,1.127,0.474,0,0.000,0.000,0.000,0.000,0.000,0.000,0.004,-0.057
62.01,0.426,0,1.116,0.475,0,0.000,0.000,0.000,0.000,0.000,0.000,-0.014,-0.051
62.21,0.424,0,1.116,0.475,0,0.000,0.000,0.000,0.000,0.000,0.000,-0.014,-0.050
62.41,0.108,0,1.121,0.475,0,0.000,0.000,0.000,0.000,0.000,0.000,-0.011,-0.049
62.61,0.424,0,1.121,0.475,0,0.000,0.000,0.000,0.000,0.000,0.000,-0.015,-0.050
62.81,0.108,0,1.121,0.475,0,0.000,0.000,0.000,0.000,0.000,0.000,-0.014,-0.051
63.01,0.426,0,1.117,0.475,0,0.000,0.000,0.000,0.000,0.000,0.000,-0.004,-0.055
63.21,0.105,0,1.117,0.475,0,0.000,0.000,0.000,0.000,0.000,0.000,-0.011,-0.053
63.41,0.105,0,1.115,0.474,0,0.000,0.000,0.000,0.000,0.000,0.000,-0.009,-0.057
63.61,0.106,0,1.115,0.474,0,0.000,0.000,0.000,0.000,0.000,0.000,-0.010,-0.057
63.81,0.108,0,1.115,0.474,0,0.000,0.000,0.000,0.000,0.000,0.000,-0.012,-0.053
64.01,0.108,0,1.104,0.475,0,0.000,0.000,0.000,0.000,0.000,0.000,-0.010,-0.052
64.21,0.105,0,1.104,0.475,0,0.000,0.000,0.000,0.000,0.000,0.000,-0.006,-0.060
64.41,0.424,0,1.099,0.475,0,0.000,0.000,0.000,0.000,0.000,0.000,-0.004,-0.065
64.61,0.106,0,1.099,0.475,0,0.000,0.000,0.000,0.000,0.000,0.000,-0.013,-0.061
64.81,0.421,0,1.099,0.475,0,0.000,0.000,0.000,0.000,0.000,0.000,-0.020,-0.055
65.01,0.424,0,1.081,0.474,0,0.000,0.000,0.000,0.000,0.000,0.000,-0.014,-0.062
65.21,0.105,0,1.081,0.474,0,0.000,0.000,0.000,0.000,0.000,0.000,-0.006,-0.068
65.41,0.424,0,1.094,0.474,0,0.000,0.000,0.000,0.000,0.000,0.000,-0.005,-0.061
65.61,0.421,0,1.094,0.474,0,0.000,0.000,0.000,0.000,0.000,0.000,-0.013,-0.051
65.81,0.106,0,1.094,0.474,0,0.000,0.000,0.000,0.000,0.000,0.000,-0.010,-0.049
66.01,0.428,0,1.088,0.475,0,0.000,0.000,0.000,0.000,0.000,0.000,-0.010,-0.055
66.21,0.106,0,1.088,0.475,0,0.000,0.000,0.000,0.000,0.000,0.000,-0.006,-0.058
66.41,0.108,0,1.089,0.475,0,0.000,0.000,0.000,0.000,0.000,0.000,-0.003,-0.062
66.61,0.423,0,1.089,0.475,0,0.000,0.000,0.000,0.000,0.000,0.000,-0.012,-0.051
66.81,0.424,0,1.089,0.475,0,0.000,0.000,0.000,0.000,0.000,0.000,-0.008,-0.053
67.01,0.105,0,1.090,0.475,0,0.000,0.000,0.000,0.000,0.000,0.000,-0.006,-0.056
67.21,0.108,0,1.090,0.475,0,0.000,0.000,0.000,0.000,0.000,0.000,-0.008,-0.058
67.41,0.424,0,1.091,0.474,0,0.000,0.000,0.000,0.000,0.000,0.000,-0.006,-0.056
67.61,0.108,0,1.091,0.474,0,0.000,0.000,0.000,0.000,0.000,0.000,-0.009,-0.055
67.81,0.424,0,1.091,0.474,0,0.000,0.000,0.000,0.000,0.000,0.000,-0.018,-0.050
68.01,0.421,0,1.090,0.475,0,0.000,0.000,0.000,0.000,0.000,0.000,-0.019,-0.049
68.21,0.105,0,1.090,0.475,0,0.000,0.000,0.000,0.000,0.000,0.000,-0.004,-0.055
68.41,0.105,0,1.089,0.475,0,0.000,0.000,0.000,0.000,0.000,0.000,0.001,-0.060
68.61,0.105,0,1.089,0.475,0,0.000,0.000,0.000,0.000,0.000,0.000,-0.003,-0.063
68.81,0.108,0,1.089,0.475,0,0.000,0.000,0.000,0.000,0.000,0.000,-0.012,-0.059
69.01,0.105,0,1.072,0.474,0,0.000,0.000,0.000,0.000,0.000,0.000,-0.007,-0.057
69.21,0.106,0,1.072,0.474,0,0.000,0.000,0.000,0.000,0.000,0.000,-0.001,-0.060
69.41,0.108,0,1.046,0.474,0,0.000,0.000,0.000,0.000,0.000,0.000,-0.006,-0.060
69.61,0.419,0,1.046,0.474,0,0.000,0.000,0.000,0.000,0.000,0.000,-0.014,-0.061
69.81,0.106,0,1.046,0.474,0,0.000,0.000,0.000,0.000,0.000,0.000,-0.008,-0.066
70.01,0.424,0,1.023,0.475,0,0.000,0.000,0.000,0.000,0.000,0.000,-0.009,-0.068
70.21,0.106,0,1.023,0.475,0,0.000,0.000,0.000,0.000,0.000,0.000,-0.004,-0.065
70.41,0.108,0,1.028,0.474,0,0.000,0.000,0.000,0.000,0.000,0.000,-0.009,-0.066
70.61,0.424,0,1.028,0.474,0,0.000,0.000,0.000,0.000,0.000,0.000,-0.009,-0.066
70.81,0.105,0,1.028,0.474,0,0.000,0.000,0.000,0.000,0.000,0.000,-0.007,-0.056
71.01,0.108,0,1.044,0.475,0,0.000,0.000,0.000,0.000,0.000,0.000,-0.008,-0.057
71.21,0.105,0,1.044,0.475,0,0.000,0.000,0.000,0.000,0.000,0.000,-0.009,-0.057
71.41,0.421,0,1.064,0.474,0,0.000,0.000,0.000,0.000,0.000,0.000,-0.011,-0.057
71.61,0.424,0,1.064,0.474,0,0.000,0.000,0.000,0.000,0.000,0.000,-0.001,-0.058
71.81,0.105,0,1.064,0.474,0,0.000,0.000,0.000,0.000,0.000,0.000,-0.001,-0.058
72.01,0.424,0,1.067,0.475,0,0.000,0.000,0.000,0.000,0.000,0.000,-0.017,-0.053
72.21,0.428,0,1.067,0.475,0,0.000,0.000,0.000,0.000,0.000,0.000,-0.021,-0.052
72.41,0.105,0,1.070,0.474,0,0.000,0.000,0.000,0.000,0.000,0.000,-0.007,-0.056
72.61,0.108,0,1.070,0.474,0,0.000,0.000,0.000,0.000,0.000,0.000,-0.006,-0.056
72.81,0.106,0,1.070,0.474,0,0.000,0.000,0.000,0.000,0.000,0.000,-0.016,-0.054
73.01,0.421,0,1.070,0.475,0,0.000,0.000,0.000,0.000,0.000,0.000,-0.018,-0.051
73.21,0.106,0,1.070,0.475,0,0.000,0.000,0.000,0.000,0.000,0.000,-0.013,-0.051
73.41,0.105,0,1.066,0.475,0,0.000,0.000,0.000,0.000,0.000,0.000,-0.011,-0.051
73.61,0.419,0,1.066,0.475,0,0.000,0.000,0.000,0.000,0.000,0.000,-0.010,-0.053
73.81,0.106,0,1.066,0.475,0,0.000,0.000,0.000,0.000,0.000,0.000,-0.013,-0.053
74.01,0.106,0,1.062,0.475,0,0.000,0.000,0.000,0.000,0.000,0.000,-0.015,-0.060
74.21,0.108,0,1.062,0.475,0,0.000,0.000,0.000,0.000,0.000,0.000,-0.009,-0.065
74.41,0.105,0,1.063,0.474,0,0.000,0.000,0.000,0.000,0.000,0.000,-0.001,-0.064
74.61,0.424,0,1.063,0.474,0,0.000,0.000,0.000,0.000,0.000,0.000,0.000,-0.061
74.81,0.106,0,1.063,0.474,0,0.000,0.000,0.000,0.000,0.000,0.000,-0.008,-0.060
75.01,0.426,0,1.071,0.475,0,0.000,0.000,0.000,0.000,0.000,0.000,-0.019,-0.060
75.21,0.108,0,1.071,0.475,0,0.000,0.000,0.000,0.000,0.000,0.000,-0.006,-0.055
75.41,0.421,0,1.068,0.474,0,0.000,0.000,0.000,0.000,0.000,0.000,-0.005,-0.053
75.61,0.424,0,1.068,0.474,0,0.000,0.000,0.000,0.000,0.000,0.000,-0.004,-0.058
75.81,0.108,0,1.068,0.474,0,0.000,0.000,0.000,0.000,0.000,0.000,-0.009,-0.059
76.01,0.108,0,1.069,0.474,0,0.000,0.000,0.000,0.000,0.000,0.000,-0.010,-0.054
76.21,0.105,0,1.069,0.474,0,0.000,0.000,0.000,0.000,0.000,0.000,-0.002,-0.058
76.41,0.106,0,1.062,0.475,0,0.000,0.000,0.000,0.000,0.000,0.000,-0.004,-0.064
76.61,0.105,0,1.062,0.475,0,0.000,0.000,0.000,0.000,0.000,0.000,-0.006,-0.066
76.81,0.108,0,1.062,0.475,0,0.000,0.000,0.000,0.000,0.000,0.000,-0.010,-0.062
77.01,0.421,0,1.067,0.474,0,0.000,0.000,0.000,0.000,0.000,0.000,-0.019,-0.056
77.21,0.424,0,1.067,0.474,0,0.000,0.000,0.000,0.000,0.000,0.000,-0.012,-0.058
77.41,0.106,0,1.065,0.475,0,0.000,0.000,0.000,0.000,0.000,0.000,-0.005,-0.062
77.61,0.106,0,1.065,0.475,0,0.000,0.000,0.000,0.000,0.000,0.000,-0.007,-0.061
77.81,0.426,0,1.065,0.475,0,0.000,0.000,0.000,0.000,0.000,0.000,-0.007,-0.059
78.01,0.106,0,1.061,0.474,0,0.000,0.000,0.000,0.000,0.000,0.000,-0.007,-0.061
78.21,0.424,0,1.061,0.474,0,0.000,0.000,0.000,0.000,0.000,0.000,-0.003,-0.066
78.41,0.106,0,1.055,0.475,0,0.000,0.000,0.000,0.000,0.000,0.000,-0.007,-0.070
78.61,0.105,0,1.055,0.475,0,0.000,0.000,0.000,0.000,0.000,0.000,-0.013,-0.067
78.81,0.106,0,1.055,0.475,0,0.000,0.000,0.000,0.000,0.000,0.000,-0.010,-0.063
79.01,0.106,0,1.035,0.475,0,0.000,0.000,0.000,0.000,0.000,0.000,-0.004,-0.067
79.21,0.106,0,1.035,0.475,0,0.000,0.000,0.000,0.000,0.000,0.000,-0.001,-0.070
79.41,0.424,0,1.028,0.475,0,0.000,0.000,0.000,0.000,0.000,0.000,-0.010,-0.064
79.61,0.105,0,1.028,0.475,0,0.000,0.000,0.000,0.000,0.000,0.000,-0.011,-0.056
79.81,0.106,0,1.028,0.475,0,0.000,0.000,0.000,0.000,0.000,0.000,-0.000,-0.062
80.01,0.424,0,1.031,0.475,0,0.000,0.000,0.000,0.000,0.000,0.000,0.002,-0.067
80.21,0.108,0,1.031,0.475,0,0.000,0.000,0.000,0.000,0.000,0.000,-0.008,-0.070
80.41,0.105,0,1.028,0.474,0,0.000,0.000,0.000,0.000,0.000,0.000,-0.006,-0.075
80.61,0.108,0,1.028,0.474,0,0.000,0.000,0.000,0.000,0.000,0.000,0.003,-0.073
80.81,0.106,0,1.028,0.474,0,0.000,0.000,0.000,0.000,0.000,0.000,0.000,-0.069
81.01,0.106,0,1.031,0.474,0,0.000,0.000,0.000,0.000,0.000,0.000,-0.006,-0.063
81.21,0.431,0,1.031,0.474,0,0.000,0.000,0.000,0.000,0.000,0.000,-0.003,-0.066
81.41,0.108,0,1.009,0.475,0,0.000,0.000,0.000,0.000,0.000,0.000,0.002,-0.071
81.61,0.421,0,1.009,0.475,0,0.000,0.000,0.000,0.000,0.000,0.000,0.004,-0.072
81.81,0.106,0,1.009,0.475,0,0.000,0.000,0.000,0.000,0.000,0.000,0.007,-0.069
82.01,0.421,0,0.996,0.475,0,0.000,0.000,0.000,0.000,0.000,0.000,-0.001,-0.073
82.21,0.108,0,0.996,0.475,0,0.000,0.000,0.000,0.000,0.000,0.000,0.001,-0.077
82.41,0.421,0,0.997,0.475,0,0.000,0.000,0.000,0.000,0.000,0.000,-0.001,-0.072
82.61,0.424,0,0.997,0.475,0,0.000,0.000,0.000,0.000,0.000,0.000,0.005,-0.067
82.81,0.426,0,0.997,0.475,0,0.000,0.000,0.000,0.000,0.000,0.000,0.002,-0.065
83.01,0.105,0,0.995,0.475,0,0.000,0.000,0.000,0.000,0.000,0.000,0.008,-0.068
83.21,0.106,0,0.995,0.475,0,0.000,0.000,0.000,0.000,0.000,0.000,0.008,-0.070
83.41,0.105,0,0.994,0.475,0,0.000,0.000,0.000,0.000,0.000,0.000,0.000,-0.075
83.61,0.426,0,0.994,0.475,0,0.000,0.000,0.000,0.000,0.000,0.000,-0.004,-0.069
83.81,0.105,0,0.994,0.475,0,0.000,0.000,0.000,0.000,0.000,0.000,0.002,-0.064
84.01,0.108,0,1.007,0.474,0,0.000,0.000,0.000,0.000,0.000,0.000,0.004,-0.066
84.21,0.108,0,1.007,0.474,0,0.000,0.000,0.000,0.000,0.000,0.000,-0.006,-0.053
84.41,0.105,0,1.038,0.475,0,0.000,0.000,0.000,0.000,0.000,0.000,-0.008,-0.052
84.61,0.423,0,1.038,0.475,0,0.000,0.000,0.000,0.000,0.000,0.000,-0.006,-0.060
84.81,0.106,0,1.038,0.475,0,0.000,0.000,0.000,0.000,0.000,0.000,-0.005,-0.061
85.01,0.421,0,1.058,0.475,0,0.000,0.000,0.000,0.000,0.000,0.000,-0.009,-0.058
85.21,0.105,0,1.058,0.475,0,0.000,0.000,0.000,0.000,0.000,0.000,-0.001,-0.064
85.41,0.105,0,1.066,0.475,0,0.000,0.000,0.000,0.000,0.000,0.000,-0.000,-0.063
85.61,0.106,0,1.066,0.475,0,0.000,0.000,0.000,0.000,0.000,0.000,-0.012,-0.060
85.81,0.105,0,1.066,0.475,0,0.000,0.000,0.000,0.000,0.000,0.000,-0.014,-0.056
86.01,0.108,0,1.103,0.474,0,0.000,0.000,0.000,0.000,0.000,0.000,-0.016,-0.063
86.21,0.106,0,1.103,0.474,0,0.000,0.000,0.000,0.000,0.000,0.000,-0.017,-0.063
86.41,0.105,0,1.181,0.477,0,0.000,0.000,0.000,0.000,0.000,0.000,-0.014,-0.062
86.61,0.473,0,1.181,0.477,0,0.000,0.000,0.000,0.000,0.000,0.000,-0.022,-0.064
86.81,0.105,0,1.181,0.477,0,0.000,0.000,0.000,0.000,0.000,0.000,-0.027,-0.067
87.01,0.105,0,1.251,0.477,0,0.000,0.000,0.000,0.000,0.000,0.000,-0.022,-0.069
87.21,0.108,0,1.251,0.477,0,0.000,0.000,0.000,0.000,0.000,0.000,-0.018,-0.059
87.41,0.106,0,1.392,0.477,0,0.000,0.000,0.000,0.000,0.000,0.000,-0.010,-0.059
87.61,0.253,0,1.392,0.477,0,0.000,0.000,0.000,0.000,0.000,0.000,-0.018,-0.068
87.81,0.105,0,1.392,0.477,0,0.000,0.000,0.000,0.000,0.000,0.000,-0.025,-0.072
88.01,0.105,0,1.529,0.477,0,0.000,0.000,0.000,0.000,0.000,0.000,-0.019,-0.065
88.21,0.105,0,1.529,0.477,0,0.000,0.000,0.000,0.000,0.000,0.000,-0.010,-0.061
88.41,0.341,0,1.601,0.475,0,0.000,0.000,0.000,0.000,0.000,0.000,-0.004,-0.055
88.61,0.393,0,1.601,0.475,0,0.000,0.000,0.000,0.000,0.000,0.000,-0.000,-0.058
88.81,0.105,0,1.601,0.475,0,0.000,0.000,0.000,0.000,0.000,0.000,-0.003,-0.087
89.01,0.424,0,1.358,0.477,0,0.000,0.000,0.000,0.000,0.000,0.000,0.001,-0.096
89.21,0.108,0,1.358,0.477,0,0.000,0.000,0.000,0.000,0.000,0.000,-0.004,-0.087
89.41,0.105,0,1.157,0.476,0,0.000,0.000,0.000,0.000,0.000,0.000,-0.003,-0.085
89.61,0.333,0,1.157,0.476,0,0.000,0.000,0.000,0.000,0.000,0.000,-0.004,-0.076
89.81,0.106,0,1.157,0.476,0,0.000,0.000,0.000,0.000,0.000,0.000,0.001,-0.068
90.01,0.105,0,1.104,0.477,0,0.000,0.000,0.000,0.000,0.000,0.000,0.004,-0.106
90.21,0.108,0,1.104,0.477,0,0.000,0.000,0.000,0.000,0.000,0.000,-0.013,-0.094
90.41,0.105,0,1.246,0.478,0,0.000,0.000,0.000,0.000,0.000,0.000,-0.022,-0.065
90.61,0.263,0,1.246,0.478,0,0.000,0.000,0.000,0.000,0.000,0.000,-0.010,-0.062
90.81,0.295,0,1.246,0.478,0,0.000,0.000,0.000,0.000,0.000,0.000,-0.006,-0.053
91.01,0.106,0,1.269,0.481,0,0.000,0.000,0.000,0.000,0.000,0.000,-0.004,-0.050
91.21,0.421,0,1.269,0.481,0,0.000,0.000,0.000,0.000,0.000,0.000,-0.009,-0.047
91.41,0.106,0,1.093,0.481,0,0.000,0.000,0.000,0.000,0.000,0.000,-0.002,-0.047
91.61,0.106,0,1.093,0.481,0,0.000,0.000,0.000,0.000,0.000,0.000,0.001,-0.063
91.81,0.428,0,1.093,0.481,0,0.000,0.000,0.000,0.000,0.000,0.000,-0.000,-0.065
92.01,0.108,0,0.856,0.481,0,0.000,0.000,0.000,0.000,0.000,0.000,-0.004,-0.063
92.21,0.424,0,0.856,0.481,0,0.000,0.000,0.000,0.000,0.000,0.000,-0.003,-0.064
92.41,0.105,0,0.981,0.481,0,0.000,0.000,0.000,0.000,0.000,0.000,-0.001,-0.059
92.61,0.106,0,0.981,0.481,0,0.000,0.000,0.000,0.000,0.000,0.000,-0.004,-0.057
92.81,0.419,0,0.981,0.481,0,0.000,0.000,0.000,0.000,0.000,0.000,-0.009,-0.054
93.01,0.108,0,1.043,0.482,0,0.000,0.000,0.000,0.000,0.000,0.000,-0.010,-0.053
93.21,0.108,0,1.043,0.482,0,0.000,0.000,0.000,0.000,0.000,0.000,-0.022,-0.055
93.41,0.423,0,1.056,0.478,0,0.000,0.000,0.000,0.000,0.000,0.000,-0.023,-0.054
93.61,0.108,0,1.056,0.478,0,0.000,0.000,0.000,0.000,0.000,0.000,-0.019,-0.053
93.81,0.105,0,1.056,0.478,0,0.000,0.000,0.000,0.000,0.000,0.000,-0.012,-0.052
94.01,0.424,0,1.047,0.480,0,0.000,0.000,0.000,0.000,0.000,0.000,-0.016,-0.055
94.21,0.105,0,1.047,0.480,0,0.000,0.000,0.000,0.000,0.000,0.000,-0.018,-0.059
94.41,0.105,0,1.054,0.478,0,0.000,0.000,0.000,0.000,0.000,0.000,-0.011,-0.055
94.61,0.108,0,1.054,0.478,0,0.000,0.000,0.000,0.000,0.000,0.000,-0.013,-0.056
94.81,0.426,0,1.054,0.478,0,0.000,0.000,0.000,0.000,0.000,0.000,-0.021,-0.058
95.01,0.106,0,1.044,0.481,0,0.000,0.000,0.000,0.000,0.000,0.000,-0.017,-0.058
95.21,0.424,0,1.044,0.481,0,0.000,0.000,0.000,0.000,0.000,0.000,-0.008,-0.059
95.41,0.106,0,1.049,0.481,0,0.000,0.000,0.000,0.000,0.000,0.000,-0.006,-0.059
95.61,0.106,0,1.049,0.481,0,0.000,0.000,0.000,0.000,0.000,0.000,-0.013,-0.061
95.81,0.106,0,1.049,0.481,0,0.000,0.000,0.000,0.000,0.000,0.000,-0.015,-0.074
96.01,0.105,0,1.030,0.480,0,0.000,0.000,0.000,0.000,0.000,0.000,-0.013,-0.077
96.21,0.105,0,1.030,0.480,0,0.000,0.000,0.000,0.000,0.000,0.000,-0.011,-0.072
96.41,0.424,0,1.077,0.481,0,0.000,0.000,0.000,0.000,0.000,0.000,-0.013,-0.064
96.61,0.108,0,1.077,0.481,0,0.000,0.000,0.000,0.000,0.000,0.000,-0.021,-0.065
96.81,0.108,0,1.077,0.481,0,0.000,0.000,0.000,0.000,0.000,0.000,-0.025,-0.071
97.01,0.419,0,1.159,0.480,0,0.000,0.000,0.000,0.000,0.000,0.000,-0.018,-0.069
97.21,0.106,0,1.159,0.480,0,0.000,0.000,0.000,0.000,0.000,0.000,-0.023,-0.075
97.41,0.426,0,1.334,0.478,0,0.000,0.000,0.000,0.000,0.000,0.000,-0.041,-0.059
97.61,0.424,0,1.334,0.478,0,0.000,0.000,0.000,0.000,0.000,0.000,-0.031,-0.064
97.81,0.108,0,1.334,0.478,0,0.000,0.000,0.000,0.000,0.000,0.000,-0.015,-0.081
98.01,0.105,0,1.434,0.477,0,0.000,0.000,0.000,0.000,0.000,0.000,-0.025,-0.084
98.21,0.424,0,1.434,0.477,0,0.000,0.000,0.000,0.000,0.000,0.000,-0.029,-0.072
98.41,0.421,0,1.425,0.477,0,0.000,0.000,0.000,0.000,0.000,0.000,-0.031,-0.061
98.61,0.106,0,1.425,0.477,0,0.000,0.000,0.000,0.000,0.000,0.000,-0.015,-0.073
98.81,0.108,0,1.425,0.477,0,0.000,0.000,0.000,0.000,0.000,0.000,-0.020,-0.069
99.01,0.108,0,1.408,0.477,0,0.000,0.000,0.000,0.000,0.000,0.000,-0.023,-0.069
99.21,0.424,0,1.408,0.477,0,0.000,0.000,0.000,0.000,0.000,0.000,-0.023,-0.072
99.41,0.105,0,1.430,0.477,0,0.000,0.000,0.000,0.000,0.000,0.000,-0.028,-0.074
99.61,0.105,0,1.430,0.477,0,0.000,0.000,0.000,0.000,0.000,0.000,-0.025,-0.068
99.81,0.105,0,1.430,0.477,0,0.000,0.000,0.000,0.000,0.000,0.000,-0.022,-0.074
100.01,0.108,0,1.413,0.477,0,0.000,0.000,0.000,0.000,0.000,0.000,-0.024,-0.078
100.21,0.108,0,1.413,0.477,0,0.000,0.000,0.000,0.000,0.000,0.000,-0.025,-0.068
100.41,0.424,0,1.438,0.477,0,0.000,0.000,0.000,0.000,0.000,0.000,-0.018,-0.061
100.61,0.106,0,1.438,0.477,0,0.000,0.000,0.000,0.000,0.000,0.000,-0.016,-0.061
100.81,0.108,0,1.438,0.477,0,0.000,0.000,0.000,0.000,0.000,0.000,-0.023,-0.054
101.01,0.426,0,1.447,0.477,0,0.000,0.000,0.000,0.000,0.000,0.000,-0.022,-0.054
101.21,0.106,0,1.447,0.477,0,0.000,0.000,0.000,0.000,0.000,0.000,-0.024,-0.051
101.41,0.106,0,1.365,0.477,0,0.000,0.000,0.000,0.000,0.000,0.000,-0.026,-0.055
101.61,0.424,0,1.365,0.477,0,0.000,0.000,0.000,0.000,0.000,0.000,-0.020,-0.053
101.81,0.426,0,1.365,0.477,0,0.000,0.000,0.000,0.000,0.000,0.000,-0.029,-0.041
102.01,0.105,0,1.323,0.478,0,0.000,0.000,0.000,0.000,0.000,0.000,-0.029,-0.054
102.21,0.424,0,1.323,0.478,0,0.000,0.000,0.000,0.000,0.000,0.000,-0.026,-0.055
102.41,0.421,0,1.254,0.477,0,0.000,0.000,0.000,0.000,0.000,0.000,-0.028,-0.050
102.61,0.106,0,1.254,0.477,0,0.000,0.000,0.000,0.000,0.000,0.000,-0.029,-0.056
102.81,0.108,0,1.254,0.477,0,0.000,0.000,0.000,0.000,0.000,0.000,-0.030,-0.067
103.01,0.108,0,1.230,0.477,0,0.000,0.000,0.000,0.000,0.000,0.000,-0.030,-0.075
103.21,0.106,0,1.230,0.477,0,0.000,0.000,0.000,0.000,0.000,0.000,-0.037,-0.071
103.41,0.105,0,1.231,0.477,0,0.000,0.000,0.000,0.000,0.000,0.000,-0.043,-0.066
103.61,0.424,0,1.231,0.477,0,0.000,0.000,0.000,0.000,0.000,0.000,-0.031,-0.066
103.81,0.105,0,1.231,0.477,0,0.000,0.000,0.000,0.000,0.000,0.000,-0.023,-0.080
104.01,0.105,0,1.295,0.477,0,0.000,0.000,0.000,0.000,0.000,0.000,-0.039,-0.078
104.21,0.424,0,1.295,0.477,0,0.000,0.000,0.000,0.000,0.000,0.000,-0.036,-0.069
104.41,0.105,0,1.330,0.477,0,0.000,0.000,0.000,0.000,0.000,0.000,-0.038,-0.088
104.61,0.108,0,1.330,0.477,0,0.000,0.000,0.000,0.000,0.000,0.000,-0.039,-0.096
104.81,0.423,0,1.330,0.477,0,0.000,0.000,0.000,0.000,0.000,0.000,-0.034,-0.092
105.01,0.108,0,1.377,0.477,0,0.000,0.000,0.000,0.000,0.000,0.000,-0.037,-0.077
105.21,0.106,0,1.377,0.477,0,0.000,0.000,0.000,0.000,0.000,0.000,-0.030,-0.088
105.41,0.421,0,1.284,0.477,0,0.000,0.000,0.000,0.000,0.000,0.000,-0.032,-0.088
105.61,0.108,0,1.284,0.477,0,0.000,0.000,0.000,0.000,0.000,0.000,-0.026,-0.087
105.81,0.105,0,1.284,0.477,0,0.000,0.000,0.000,0.000,0.000,0.000,-0.029,-0.091
106.01,0.424,0,1.225,0.476,0,0.000,0.000,0.000,0.000,0.000,0.000,-0.037,-0.079
106.21,0.106,0,1.225,0.476,0,0.000,0.000,0.000,0.000,0.000,0.000,-0.030,-0.076
106.41,0.108,0,1.209,0.477,0,0.000,0.000,0.000,0.000,0.000,0.000,-0.024,-0.096
106.61,0.426,0,1.209,0.477,0,0.000,0.000,0.000,0.000,0.000,0.000,-0.028,-0.101
106.81,0.421,0,1.209,0.477,0,0.000,0.000,0.000,0.000,0.000,0.000,-0.028,-0.080
107.01,0.108,0,1.197,0.477,0,0.000,0.000,0.000,0.000,0.000,0.000,-0.018,-0.091
107.21,0.105,0,1.197,0.477,0,0.000,0.000,0.000,0.000,0.000,0.000,-0.019,-0.096
107.41,0.423,0,1.189,0.477,0,0.000,0.000,0.000,0.000,0.000,0.000,-0.027,-0.091
107.61,0.105,0,1.189,0.477,0,0.000,0.000,0.000,0.000,0.000,0.000,-0.031,-0.085
107.81,0.108,0,1.189,0.477,0,0.000,0.000,0.000,0.000,0.000,0.000,-0.031,-0.096
108.01,0.421,0,1.165,0.477,0,0.000,0.000,0.000,0.000,0.000,0.000,-0.032,-0.103
108.21,0.108,0,1.165,0.477,0,0.000,0.000,0.000,0.000,0.000,0.000,-0.018,-0.089
108.41,0.108,0,1.145,0.478,0,0.000,0.000,0.000,0.000,0.000,0.000,-0.023,-0.082
108.61,0.424,0,1.145,0.478,0,0.000,0.000,0.000,0.000,0.000,0.000,-0.036,-0.091
108.81,0.105,0,1.145,0.478,0,0.000,0.000,0.000,0.000,0.000,0.000,-0.029,-0.086
109.01,0.108,0,1.258,0.477,0,0.000,0.000,0.000,0.000,0.000,0.000,-0.032,-0.087
109.21,0.424,0,1.258,0.477,0,0.000,0.000,0.000,0.000,0.000,0.000,-0.023,-0.092
109.41,0.106,0,1.351,0.475,0,0.000,0.000,0.000,0.000,0.000,0.000,-0.037,-0.082
109.61,0.105,0,1.351,0.475,0,0.000,0.000,0.000,0.000,0.000,0.000,-0.033,-0.084
109.81,0.424,0,1.351,0.475,0,0.000,0.000,0.000,0.000,0.000,0.000,-0.022,-0.089
110.01,0.108,0,1.410,0.477,0,0.000,0.000,0.000,0.000,0.000,0.000,-0.028,-0.088
110.21,0.105,0,1.410,0.477,0,0.000,0.000,0.000,0.000,0.000,0.000,-0.030,-0.079
110.41,0.106,0,1.380,0.477,0,0.000,0.000,0.000,0.000,0.000,0.000,-0.028,-0.083
110.61,0.108,0,1.380,0.477,0,0.000,0.000,0.000,0.000,0.000,0.000,-0.042,-0.094
110.81,0.431,0,1.380,0.477,0,0.000,0.000,0.000,0.000,0.000,0.000,-0.039,-0.084
111.01,0.106,0,1.312,0.477,0,0.000,0.000,0.000,0.000,0.000,0.000,-0.028,-0.074
111.21,0.503,0,1.312,0.477,0,0.000,0.000,0.000,0.000,0.000,0.000,-0.034,-0.069
111.41,0.106,0,1.190,0.478,0,0.000,0.000,0.000,0.000,0.000,0.000,-0.028,-0.070
111.61,0.424,0,1.190,0.478,0,0.000,0.000,0.000,0.000,0.000,0.000,-0.036,-0.072
111.81,0.105,0,1.190,0.478,0,0.000,0.000,0.000,0.000,0.000,0.000,-0.024,-0.076
112.01,0.108,0,1.110,0.478,0,0.000,0.000,0.000,0.000,0.000,0.000,-0.027,-0.072
112.21,0.424,0,1.110,0.478,0,0.000,0.000,0.000,0.000,0.000,0.000,-0.025,-0.072
112.41,0.421,0,1.046,0.477,0,0.000,0.000,0.000,0.000,0.000,0.000,-0.024,-0.076
112.61,0.108,0,1.046,0.477,0,0.000,0.000,0.000,0.000,0.000,0.000,-0.029,-0.087
112.81,0.105,0,1.046,0.477,0,0.000,0.000,0.000,0.000,0.000,0.000,-0.024,-0.079
113.01,0.106,0,1.036,0.477,0,0.000,0.000,0.000,0.000,0.000,0.000,-0.012,-0.073
113.21,0.108,0,1.036,0.477,0,0.000,0.000,0.000,0.000,0.000,0.000,-0.029,-0.067
113.41,0.423,0,1.054,0.477,0,0.000,0.000,0.000,0.000,0.000,0.000,-0.029,-0.080
113.61,0.424,0,1.054,0.477,0,0.000,0.000,0.000,0.000,0.000,0.000,-0.005,-0.089
113.81,0.105,0,1.054,0.477,0,0.000,0.000,0.000,0.000,0.000,0.000,-0.013,-0.078
114.01,0.106,0,1.105,0.477,0,0.000,0.000,0.000,0.000,0.000,0.000,-0.023,-0.082
114.21,0.423,0,1.105,0.477,0,0.000,0.000,0.000,0.000,0.000,0.000,-0.027,-0.092
114.41,0.106,0,1.127,0.477,0,0.000,0.000,0.000,0.000,0.000,0.000,-0.016,-0.105
114.61,0.105,0,1.127,0.477,0,0.000,0.000,0.000,0.000,0.000,0.000,-0.013,-0.112
114.81,0.108,0,1.127,0.477,0,0.000,0.000,0.000,0.000,0.000,0.000,-0.029,-0.095
115.01,0.105,0,1.159,0.477,0,0.000,0.000,0.000,0.000,0.000,0.000,-0.021,-0.089
115.21,0.108,0,1.159,0.477,0,0.000,0.000,0.000,0.000,0.000,0.000,-0.027,-0.093
115.41,0.431,0,1.139,0.475,0,0.000,0.000,0.000,0.000,0.000,0.000,-0.031,-0.091
115.61,0.421,0,1.139,0.475,0,0.000,0.000,0.000,0.000,0.000,0.000,-0.020,-0.092
115.81,0.423,0,1.139,0.475,0,0.000,0.000,0.000,0.000,0.000,0.000,-0.008,-0.089
116.01,0.108,0,1.096,0.476,0,0.000,0.000,0.000,0.000,0.000,0.000,-0.007,-0.089
116.21,0.108,0,1.096,0.476,0,0.000,0.000,0.000,0.000,0.000,0.000,-0.017,-0.090
116.41,0.421,0,1.102,0.475,0,0.000,0.000,0.000,0.000,0.000,0.000,-0.014,-0.087
116.61,0.108,0,1.102,0.475,0,0.000,0.000,0.000,0.000,0.000,0.000,-0.019,-0.082
116.81,0.105,0,1.102,0.475,0,0.000,0.000,0.000,0.000,0.000,0.000,-0.024,-0.091
117.01,0.424,0,1.146,0.477,0,0.000,0.000,0.000,0.000,0.000,0.000,-0.025,-0.079
117.21,0.106,0,1.146,0.477,0,0.000,0.000,0.000,0.000,0.000,0.000,-0.018,-0.062
117.41,0.105,0,1.078,0.477,0,0.000,0.000,0.000,0.000,0.000,0.000,-0.018,-0.069
117.61,0.106,0,1.078,0.477,0,0.000,0.000,0.000,0.000,0.000,0.000,-0.014,-0.086
117.81,0.424,0,1.078,0.477,0,0.000,0.000,0.000,0.000,0.000,0.000,-0.017,-0.086
118.01,0.423,0,0.933,0.477,0,0.000,0.000,0.000,0.000,0.000,0.000,-0.030,-0.097
118.21,0.105,0,0.933,0.477,0,0.000,0.000,0.000,0.000,0.000,0.000,-0.032,-0.108
118.41,0.106,0,0.837,0.481,0,0.000,0.000,0.000,0.000,0.000,0.000,-0.018,-0.076
118.61,0.424,0,0.837,0.481,0,0.000,0.000,0.000,0.000,0.000,0.000,-0.015,-0.072
118.81,0.106,0,0.837,0.481,0,0.000,0.000,0.000,0.000,0.000,0.000,-0.027,-0.086
119.01,0.105,0,0.946,0.477,0,0.000,0.000,0.000,0.000,0.000,0.000,-0.024,-0.090
119.21,0.108,0,0.946,0.477,0,0.000,0.000,0.000,0.000,0.000,0.000,-0.017,-0.087
119.41,0.108,0,1.025,0.477,0,0.000,0.000,0.000,0.000,0.000,0.000,-0.022,-0.081
119.61,0.108,0,1.025,0.477,0,0.000,0.000,0.000,0.000,0.000,0.000,-0.019,-0.082
119.81,0.108,0,1.025,0.477,0,0.000,0.000,0.000,0.000,0.000,0.000,-0.018,-0.076
120.01,0.424,0,0.977,0.477,0,0.000,0.000,0.000,0.000,0.000,0.000,-0.020,-0.079
120.21,0.426,0,0.977,0.477,0,0.000,0.000,0.000,0.000,0.000,0.000,-0.033,-0.079
120.41,0.106,0,0.917,0.477,0,0.000,0.000,0.000,0.000,0.000,0.000,-0.016,-0.079
120.61,0.426,0,0.917,0.477,0,0.000,0.000,0.000,0.000,0.000,0.000,-0.029,-0.067
120.81,0.106,0,0.917,0.477,0,0.000,0.000,0.000,0.000,0.000,0.000,-0.026,-0.087
121.01,0.421,0,0.875,0.477,0,0.000,0.000,0.000,0.000,0.000,0.000,-0.017,-0.086
121.21,0.108,0,0.875,0.477,0,0.000,0.000,0.000,0.000,0.000,0.000,-0.021,-0.078
121.41,0.105,0,0.859,0.477,0,0.000,0.000,0.000,0.000,0.000,0.000,-0.028,-0.077
121.61,0.424,0,0.859,0.477,0,0.000,0.000,0.000,0.000,0.000,0.000,-0.026,-0.082
121.81,0.105,0,0.859,0.477,0,0.000,0.000,0.000,0.000,0.000,0.000,-0.023,-0.078
122.01,0.106,0,0.856,0.477,0,0.000,0.000,0.000,0.000,0.000,0.000,-0.019,-0.078
122.21,0.424,0,0.856,0.477,0,0.000,0.000,0.000,0.000,0.000,0.000,-0.011,-0.081
122.41,0.430,0,0.857,0.478,0,0.000,0.000,0.000,0.000,0.000,0.000,-0.014,-0.081
122.61,0.108,0,0.857,0.478,0,0.000,0.000,0.000,0.000,0.000,0.000,-0.027,-0.084
122.81,0.424,0,0.857,0.478,0,0.000,0.000,0.000,0.000,0.000,0.000,-0.030,-0.084
123.01,0.105,0,0.858,0.478,0,0.000,0.000,0.000,0.000,0.000,0.000,-0.018,-0.085
123.21,0.105,0,0.858,0.478,0,0.000,0.000,0.000,0.000,0.000,0.000,-0.010,-0.083
123.41,0.108,0,0.859,0.477,0,0.000,0.000,0.000,0.000,0.000,0.000,-0.023,-0.093
123.61,0.108,0,0.859,0.477,0,0.000,0.000,0.000,0.000,0.000,0.000,-0.029,-0.093
123.81,0.105,0,0.859,0.477,0,0.000,0.000,0.000,0.000,0.000,0.000,-0.020,-0.090
124.01,0.424,0,0.859,0.477,0,0.000,0.000,0.000,0.000,0.000,0.000,-0.018,-0.082
124.21,0.108,0,0.859,0.477,0,0.000,0.000,0.000,0.000,0.000,0.000,-0.028,-0.084
124.41,0.421,0,0.877,0.477,0,0.000,0.000,0.000,0.000,0.000,0.000,-0.030,-0.091
124.61,0.105,0,0.877,0.477,0,0.000,0.000,0.000,0.000,0.000,0.000,-0.027,-0.099
124.81,0.431,0,0.877,0.477,0,0.000,0.000,0.000,0.000,0.000,0.000,-0.024,-0.089
125.01,0.105,0,0.958,0.476,0,0.000,0.000,0.000,0.000,0.000,0.000,-0.031,-0.091
125.21,0.108,0,0.958,0.476,0,0.000,0.000,0.000,0.000,0.000,0.000,-0.033,-0.093
125.41,0.106,0,0.973,0.477,0,0.000,0.000,0.000,0.000,0.000,0.000,-0.028,-0.095
125.61,0.108,0,0.973,0.477,0,0.000,0.000,0.000,0.000,0.000,0.000,-0.024,-0.085
125.81,0.105,0,0.973,0.477,0,0.000,0.000,0.000,0.000,0.000,0.000,-0.019,-0.076
126.01,0.105,0,0.944,0.477,0,0.000,0.000,0.000,0.000,0.000,0.000,-0.020,-0.085
126.21,0.106,0,0.944,0.477,0,0.000,0.000,0.000,0.000,0.000,0.000,-0.027,-0.100
126.41,0.106,0,0.891,0.477,0,0.000,0.000,0.000,0.000,0.000,0.000,-0.030,-0.100
126.61,0.428,0,0.891,0.477,0,0.000,0.000,0.000,0.000,0.000,0.000,-0.028,-0.090
126.81,0.108,0,0.891,0.477,0,0.000,0.000,0.000,0.000,0.000,0.000,-0.027,-0.097
127.01,0.421,0,0.909,0.478,0,0.000,0.000,0.000,0.000,0.000,0.000,-0.028,-0.102
127.21,0.106,0,0.909,0.478,0,0.000,0.000,0.000,0.000,0.000,0.000,-0.024,-0.092
127.41,0.108,0,0.986,0.477,0,0.000,0.000,0.000,0.000,0.000,0.000,-0.027,-0.088
127.61,0.424,0,0.986,0.477,0,0.000,0.000,0.000,0.000,0.000,0.000,-0.029,-0.081
127.81,0.424,0,0.986,0.477,0,0.000,0.000,0.000,0.000,0.000,0.000,-0.023,-0.075
128.01,0.105,0,1.025,0.477,0,0.000,0.000,0.000,0.000,0.000,0.000,-0.022,-0.083
128.21,0.108,0,1.025,0.477,0,0.000,0.000,0.000,0.000,0.000,0.000,-0.017,-0.091
128.41,0.421,0,1.040,0.477,0,0.000,0.000,0.000,0.000,0.000,0.000,-0.021,-0.078
128.61,0.423,0,1.040,0.477,0,0.000,0.000,0.000,0.000,0.000,0.000,-0.020,-0.079
128.81,0.421,0,1.040,0.477,0,0.000,0.000,0.000,0.000,0.000,0.000,-0.027,-0.083
129.01,0.105,0,1.055,0.477,0,0.000,0.000,0.000,0.000,0.000,0.000,-0.022,-0.081
129.21,0.423,0,1.055,0.477,0,0.000,0.000,0.000,0.000,0.000,0.000,-0.024,-0.073
129.41,0.105,0,1.058,0.477,0,0.000,0.000,0.000,0.000,0.000,0.000,-0.026,-0.078
129.61,0.426,0,1.058,0.477,0,0.000,0.000,0.000,0.000,0.000,0.000,-0.029,-0.097
129.81,0.423,0,1.058,0.477,0,0.000,0.000,0.000,0.000,0.000,0.000,-0.029,-0.085
130.01,0.106,0,1.078,0.477,0,0.000,0.000,0.000,0.000,0.000,0.000,-0.026,-0.076
130.21,0.108,0,1.078,0.477,0,0.000,0.000,0.000,0.000,0.000,0.000,-0.023,-0.072
130.41,0.424,0,1.138,0.477,0,0.000,0.000,0.000,0.000,0.000,0.000,-0.019,-0.061
130.61,0.424,0,1.138,0.477,0,0.000,0.000,0.000,0.000,0.000,0.000,-0.019,-0.057
130.81,0.108,0,1.138,0.477,0,0.000,0.000,0.000,0.000,0.000,0.000,-0.032,-0.049
131.01,0.105,0,1.136,0.477,0,0.000,0.000,0.000,0.000,0.000,0.000,-0.025,-0.064
131.21,0.421,0,1.136,0.477,0,0.000,0.000,0.000,0.000,0.000,0.000,-0.022,-0.065
131.41,0.108,0,1.131,0.477,0,0.000,0.000,0.000,0.000,0.000,0.000,-0.036,-0.060
131.61,0.108,0,1.131,0.477,0,0.000,0.000,0.000,0.000,0.000,0.000,-0.033,-0.067
131.81,0.108,0,1.131,0.477,0,0.000,0.000,0.000,0.000,0.000,0.000,-0.022,-0.078
132.01,0.105,0,1.125,0.477,0,0.000,0.000,0.000,0.000,0.000,0.000,-0.026,-0.076
132.21,0.108,0,1.125,0.477,0,0.000,0.000,0.000,0.000,0.000,0.000,-0.041,-0.061
132.41,0.421,0,1.110,0.477,0,0.000,0.000,0.000,0.000,0.000,0.000,-0.033,-0.066
132.61,0.106,0,1.110,0.477,0,0.000,0.000,0.000,0.000,0.000,0.000,-0.022,-0.089
132.81,0.421,0,1.110,0.477,0,0.000,0.000,0.000,0.000,0.000,0.000,-0.023,-0.079
133.01,0.106,0,1.102,0.477,0,0.000,0.000,0.000,0.000,0.000,0.000,-0.025,-0.077
133.21,0.106,0,1.102,0.477,0,0.000,0.000,0.000,0.000,0.000,0.000,-0.028,-0.082
133.41,0.424,0,1.103,0.477,0,0.000,0.000,0.000,0.000,0.000,0.000,-0.022,-0.079
133.61,0.105,0,1.103,0.477,0,0.000,0.000,0.000,0.000,0.000,0.000,-0.027,-0.084
133.81,0.105,0,1.103,0.477,0,0.000,0.000,0.000,0.000,0.000,0.000,-0.027,-0.094
134.01,0.108,0,1.103,0.478,0,0.000,0.000,0.000,0.000,0.000,0.000,-0.023,-0.089
134.21,0.105,0,1.103,0.478,0,0.000,0.000,0.000,0.000,0.000,0.000,-0.025,-0.084
134.41,0.105,0,1.116,0.477,0,0.000,0.000,0.000,0.000,0.000,0.000,-0.028,-0.084
134.61,0.421,0,1.116,0.477,0,0.000,0.000,0.000,0.000,0.000,0.000,-0.032,-0.089
134.81,0.108,0,1.116,0.477,0,0.000,0.000,0.000,0.000,0.000,0.000,-0.030,-0.091
135.01,0.106,0,1.026,0.477,0,0.000,0.000,0.000,0.000,0.000,0.000,-0.030,-0.083
135.21,0.108,0,1.026,0.477,0,0.000,0.000,0.000,0.000,0.000,0.000,-0.027,-0.084
135.41,0.106,0,0.829,0.477,0,0.000,0.000,0.000,0.000,0.000,0.000,-0.020,-0.087
135.61,0.105,0,0.829,0.477,0,0.000,0.000,0.000,0.000,0.000,0.000,-0.020,-0.088
135.81,0.424,0,0.829,0.477,0,0.000,0.000,0.000,0.000,0.000,0.000,-0.031,-0.076
136.01,0.105,0,0.748,0.477,0,0.000,0.000,0.000,0.000,0.000,0.000,-0.021,-0.078
136.21,0.108,0,0.748,0.477,0,0.000,0.000,0.000,0.000,0.000,0.000,-0.012,-0.092
136.41,0.426,0,0.756,0.477,0,0.000,0.000,0.000,0.000,0.000,0.000,-0.018,-0.095
136.61,0.108,0,0.756,0.477,0,0.000,0.000,0.000,0.000,0.000,0.000,-0.019,-0.079
136.81,0.105,0,0.756,0.477,0,0.000,0.000,0.000,0.000,0.000,0.000,-0.017,-0.079
137.01,0.105,0,0.755,0.478,0,0.000,0.000,0.000,0.000,0.000,0.000,-0.020,-0.101
137.21,0.424,0,0.755,0.478,0,0.000,0.000,0.000,0.000,0.000,0.000,-0.020,-0.099
137.41,0.106,0,0.756,0.477,0,0.000,0.000,0.000,0.000,0.000,0.000,-0.021,-0.090
137.61,0.108,0,0.756,0.477,0,0.000,0.000,0.000,0.000,0.000,0.000,-0.020,-0.086
137.81,0.424,0,0.756,0.477,0,0.000,0.000,0.000,0.000,0.000,0.000,-0.014,-0.077
138.01,0.424,0,0.749,0.477,0,0.000,0.000,0.000,0.000,0.000,0.000,-0.003,-0.082
138.21,0.106,0,0.749,0.477,0,0.000,0.000,0.000,0.000,0.000,0.000,-0.017,-0.090
138.41,0.106,0,0.754,0.477,0,0.000,0.000,0.000,0.000,0.000,0.000,-0.027,-0.083
138.61,0.105,0,0.754,0.477,0,0.000,0.000,0.000,0.000,0.000,0.000,-0.028,-0.076
138.81,0.424,0,0.754,0.477,0,0.000,0.000,0.000,0.000,0.000,0.000,-0.017,-0.083
139.01,0.108,0,0.747,0.477,0,0.000,0.000,0.000,0.000,0.000,0.000,-0.017,-0.096
139.21,0.108,0,0.747,0.477,0,0.000,0.000,0.000,0.000,0.000,0.000,-0.024,-0.082
139.41,0.106,0,0.753,0.477,0,0.000,0.000,0.000,0.000,0.000,0.000,-0.017,-0.077
139.61,0.424,0,0.753,0.477,0,0.000,0.000,0.000,0.000,0.000,0.000,-0.008,-0.083
139.81,0.421,0,0.753,0.477,0,0.000,0.000,0.000,0.000,0.000,0.000,-0.013,-0.092
140.01,0.108,0,0.752,0.478,0,0.000,0.000,0.000,0.000,0.000,0.000,-0.019,-0.093
140.21,0.106,0,0.752,0.478,0,0.000,0.000,0.000,0.000,0.000,0.000,-0.007,-0.087
140.41,0.106,0,0.754,0.478,0,0.000,0.000,0.000,0.000,0.000,0.000,-0.014,-0.085
140.61,0.106,0,0.754,0.478,0,0.000,0.000,0.000,0.000,0.000,0.000,-0.015,-0.088
140.81,0.105,0,0.754,0.478,0,0.000,0.000,0.000,0.000,0.000,0.000,-0.009,-0.093
141.01,0.393,0,0.751,0.478,0,0.000,0.000,0.000,0.000,0.000,0.000,-0.005,-0.092
141.21,0.383,0,0.751,0.478,0,0.000,0.000,0.000,0.000,0.000,0.000,-0.010,-0.091
141.41,0.105,0,0.750,0.478,0,0.000,0.000,0.000,0.000,0.000,0.000,-0.012,-0.092
141.61,0.106,0,0.750,0.478,0,0.000,0.000,0.000,0.000,0.000,0.000,-0.013,-0.087
141.81,0.106,0,0.750,0.478,0,0.000,0.000,0.000,0.000,0.000,0.000,-0.014,-0.085
142.01,0.382,0,0.749,0.477,0,0.000,0.000,0.000,0.000,0.000,0.000,-0.008,-0.091
142.21,0.378,0,0.749,0.477,0,0.000,0.000,0.000,0.000,0.000,0.000,-0.001,-0.095
142.41,0.105,0,0.748,0.480,0,0.000,0.000,0.000,0.000,0.000,0.000,-0.008,-0.096
142.61,0.106,0,0.748,0.480,0,0.000,0.000,0.000,0.000,0.000,0.000,-0.017,-0.083
142.81,0.382,0,0.748,0.480,0,0.000,0.000,0.000,0.000,0.000,0.000,-0.005,-0.094
143.01,0.105,0,0.752,0.478,0,0.000,0.000,0.000,0.000,0.000,0.000,-0.004,-0.100
143.21,0.108,0,0.752,0.478,0,0.000,0.000,0.000,0.000,0.000,0.000,-0.009,-0.099
143.41,0.105,0,0.749,0.478,0,0.000,0.000,0.000,0.000,0.000,0.000,-0.012,-0.091
143.61,0.373,0,0.749,0.478,0,0.000,0.000,0.000,0.000,0.000,0.000,-0.000,-0.094
143.81,0.108,0,0.749,0.478,0,0.000,0.000,0.000,0.000,0.000,0.000,0.005,-0.101
144.01,0.377,0,0.751,0.478,0,0.000,0.000,0.000,0.000,0.000,0.000,-0.005,-0.104
144.21,0.108,0,0.751,0.478,0,0.000,0.000,0.000,0.000,0.000,0.000,-0.011,-0.098
144.41,0.105,0,0.753,0.477,0,0.000,0.000,0.000,0.000,0.000,0.000,-0.006,-0.092
144.61,0.108,0,0.753,0.477,0,0.000,0.000,0.000,0.000,0.000,0.000,-0.000,-0.093
144.81,0.367,0,0.753,0.477,0,0.000,0.000,0.000,0.000,0.000,0.000,-0.008,-0.083
145.01,0.106,0,0.762,0.477,0,0.000,0.000,0.000,0.000,0.000,0.000,-0.008,-0.086
145.21,0.108,0,0.762,0.477,0,0.000,0.000,0.000,0.000,0.000,0.000,-0.013,-0.098
145.41,0.368,0,0.753,0.477,0,0.000,0.000,0.000,0.000,0.000,0.000,-0.010,-0.086
145.61,0.108,0,0.753,0.477,0,0.000,0.000,0.000,0.000,0.000,0.000,-0.002,-0.094
145.81,0.108,0,0.753,0.477,0,0.000,0.000,0.000,0.000,0.000,0.000,-0.003,-0.098
146.01,0.105,0,0.751,0.478,0,0.000,0.000,0.000,0.000,0.000,0.000,-0.003,-0.090
146.21,0.370,0,0.751,0.478,0,0.000,0.000,0.000,0.000,0.000,0.000,0.004,-0.088
146.41,0.108,0,0.751,0.477,0,0.000,0.000,0.000,0.000,0.000,0.000,-0.005,-0.108
146.61,0.108,0,0.751,0.477,0,0.000,0.000,0.000,0.000,0.000,0.000,-0.008,-0.103
146.81,0.347,0,0.751,0.477,0,0.000,0.000,0.000,0.000,0.000,0.000,-0.016,-0.088
147.01,0.105,0,0.753,0.478,0,0.000,0.000,0.000,0.000,0.000,0.000,-0.012,-0.086
147.21,0.361,0,0.753,0.478,0,0.000,0.000,0.000,0.000,0.000,0.000,-0.000,-0.087
147.41,0.358,0,0.753,0.478,0,0.000,0.000,0.000,0.000,0.000,0.000,-0.002,-0.093
147.61,0.105,0,0.753,0.478,0,0.000,0.000,0.000,0.000,0.000,0.000,-0.008,-0.095
147.81,0.105,0,0.753,0.478,0,0.000,0.000,0.000,0.000,0.000,0.000,-0.011,-0.084
148.01,0.362,0,0.760,0.478,0,0.000,0.000,0.000,0.000,0.000,0.000,-0.006,-0.077
148.21,0.108,0,0.760,0.478,0,0.000,0.000,0.000,0.000,0.000,0.000,0.007,-0.099
148.41,0.105,0,0.759,0.477,0,0.000,0.000,0.000,0.000,0.000,0.000,0.001,-0.104
148.61,0.362,0,0.759,0.477,0,0.000,0.000,0.000,0.000,0.000,0.000,-0.014,-0.092
148.81,0.361,0,0.759,0.477,0,0.000,0.000,0.000,0.000,0.000,0.000,-0.008,-0.081
149.01,0.105,0,0.768,0.478,0,0.000,0.000,0.000,0.000,0.000,0.000,-0.007,-0.096
149.21,0.105,0,0.768,0.478,0,0.000,0.000,0.000,0.000,0.000,0.000,-0.008,-0.095
149.41,0.361,0,0.772,0.477,0,0.000,0.000,0.000,0.000,0.000,0.000,-0.005,-0.094
149.61,0.366,0,0.772,0.477,0,0.000,0.000,0.000,0.000,0.000,0.000,-0.003,-0.089
149.81,0.105,0,0.772,0.477,0,0.000,0.000,0.000,0.000,0.000,0.000,0.000,-0.102
150.01,0.108,0,0.769,0.478,0,0.000,0.000,0.000,0.000,0.000,0.000,-0.005,-0.093
150.21,0.364,0,0.769,0.478,0,0.000,0.000,0.000,0.000,0.000,0.000,-0.008,-0.091
150.41,0.105,0,0.764,0.477,0,0.000,0.000,0.000,0.000,0.000,0.000,-0.007,-0.100
150.61,0.106,0,0.764,0.477,0,0.000,0.000,0.000,0.000,0.000,0.000,-0.005,-0.093
150.81,0.105,0,0.764,0.477,0,0.000,0.000,0.000,0.000,0.000,0.000,-0.008,-0.090
151.01,0.357,0,0.760,0.478,0,0.000,0.000,0.000,0.000,0.000,0.000,-0.007,-0.091
151.21,0.355,0,0.760,0.478,0,0.000,0.000,0.000,0.000,0.000,0.000,-0.004,-0.086
151.41,0.106,0,0.755,0.478,0,0.000,0.000,0.000,0.000,0.000,0.000,-0.008,-0.097
151.61,0.105,0,0.755,0.478,0,0.000,0.000,0.000,0.000,0.000,0.000,-0.006,-0.095
151.81,0.354,0,0.755,0.478,0,0.000,0.000,0.000,0.000,0.000,0.000,-0.007,-0.086
152.01,0.354,0,0.753,0.478,0,0.000,0.000,0.000,0.000,0.000,0.000,-0.009,-0.082
152.21,0.353,0,0.753,0.478,0,0.000,0.000,0.000,0.000,0.000,0.000,-0.002,-0.092
152.41,0.354,0,0.754,0.478,0,0.000,0.000,0.000,0.000,0.000,0.000,-0.003,-0.104
152.61,0.105,0,0.754,0.478,0,0.000,0.000,0.000,0.000,0.000,0.000,-0.000,-0.106
152.81,0.357,0,0.754,0.478,0,0.000,0.000,0.000,0.000,0.000,0.000,0.003,-0.093
153.01,0.374,0,0.752,0.478,0,0.000,0.000,0.000,0.000,0.000,0.000,-0.009,-0.099
153.21,0.108,0,0.752,0.478,0,0.000,0.000,0.000,0.000,0.000,0.000,-0.009,-0.099
153.41,0.106,0,0.753,0.478,0,0.000,0.000,0.000,0.000,0.000,0.000,-0.001,-0.098
153.61,0.105,0,0.753,0.478,0,0.000,0.000,0.000,0.000,0.000,0.000,0.002,-0.103
153.81,0.105,0,0.753,0.478,0,0.000,0.000,0.000,0.000,0.000,0.000,-0.007,-0.095
154.01,0.105,0,0.752,0.477,0,0.000,0.000,0.000,0.000,0.000,0.000,-0.003,-0.101
154.21,0.362,0,0.752,0.477,0,0.000,0.000,0.000,0.000,0.000,0.000,0.000,-0.088
154.41,0.106,0,0.756,0.477,0,0.000,0.000,0.000,0.000,0.000,0.000,-0.001,-0.082
154.61,0.106,0,0.756,0.477,0,0.000,0.000,0.000,0.000,0.000,0.000,-0.009,-0.095
154.81,0.355,0,0.756,0.477,0,0.000,0.000,0.000,0.000,0.000,0.000,-0.004,-0.102
155.01,0.363,0,0.755,0.478,0,0.000,0.000,0.000,0.000,0.000,0.000,0.002,-0.097
155.21,0.106,0,0.755,0.478,0,0.000,0.000,0.000,0.000,0.000,0.000,0.003,-0.088
155.41,0.105,0,0.754,0.479,0,0.000,0.000,0.000,0.000,0.000,0.000,0.001,-0.095
155.61,0.105,0,0.754,0.479,0,0.000,0.000,0.000,0.000,0.000,0.000,-0.007,-0.100
155.81,0.362,0,0.754,0.479,0,0.000,0.000,0.000,0.000,0.000,0.000,-0.003,-0.094
156.01,0.106,0,0.754,0.477,0,0.000,0.000,0.000,0.000,0.000,0.000,-0.003,-0.095
156.21,0.108,0,0.754,0.477,0,0.000,0.000,0.000,0.000,0.000,0.000,-0.006,-0.100
156.41,0.362,0,0.758,0.478,0,0.000,0.000,0.000,0.000,0.000,0.000,-0.007,-0.090
156.61,0.364,0,0.758,0.478,0,0.000,0.000,0.000,0.000,0.000,0.000,-0.006,-0.083
156.81,0.105,0,0.758,0.478,0,0.000,0.000,0.000,0.000,0.000,0.000,-0.005,-0.098
157.01,0.105,0,0.758,0.478,0,0.000,0.000,0.000,0.000,0.000,0.000,-0.004,-0.100
157.21,0.360,0,0.758,0.478,0,0.000,0.000,0.000,0.000,0.000,0.000,0.002,-0.097
157.41,0.108,0,0.753,0.477,0,0.000,0.000,0.000,0.000,0.000,0.000,0.001,-0.092
157.61,0.106,0,0.753,0.477,0,0.000,0.000,0.000,0.000,0.000,0.000,-0.005,-0.084
157.81,0.105,0,0.753,0.477,0,0.000,0.000,0.000,0.000,0.000,0.000,-0.006,-0.087
158.01,0.105,0,0.756,0.478,0,0.000,0.000,0.000,0.000,0.000,0.000,-0.005,-0.095
158.21,0.359,0,0.756,0.478,0,0.000,0.000,0.000,0.000,0.000,0.000,0.002,-0.097
158.41,0.363,0,0.758,0.477,0,0.000,0.000,0.000,0.000,0.000,0.000,0.001,-0.097
158.61,0.105,0,0.758,0.477,0,0.000,0.000,0.000,0.000,0.000,0.000,-0.003,-0.092
158.81,0.108,0,0.758,0.477,0,0.000,0.000,0.000,0.000,0.000,0.000,-0.008,-0.095
159.01,0.360,0,0.761,0.478,0,0.000,0.000,0.000,0.000,0.000,0.000,-0.008,-0.101
159.21,0.359,0,0.761,0.478,0,0.000,0.000,0.000,0.000,0.000,0.000,-0.004,-0.099
159.41,0.360,0,0.766,0.475,0,0.000,0.000,0.000,0.000,0.000,0.000,-0.002,-0.102
159.61,0.108,0,0.766,0.475,0,0.000,0.000,0.000,0.000,0.000,0.000,0.002,-0.099
159.81,0.105,0,0.766,0.475,0,0.000,0.000,0.000,0.000,0.000,0.000,0.001,-0.105
160.01,0.106,0,0.772,0.478,0,0.000,0.000,0.000,0.000,0.000,0.000,0.007,-0.109
160.21,0.359,0,0.772,0.478,0,0.000,0.000,0.000,0.000,0.000,0.000,0.003,-0.105
160.41,0.360,0,0.772,0.477,0,0.000,0.000,0.000,0.000,0.000,0.000,-0.006,-0.099
160.61,0.106,0,0.772,0.477,0,0.000,0.000,0.000,0.000,0.000,0.000,-0.005,-0.103
160.81,0.362,0,0.772,0.477,0,0.000,0.000,0.000,0.000,0.000,0.000,-0.002,-0.093
161.01,0.105,0,0.796,0.478,0,0.000,0.000,0.000,0.000,0.000,0.000,-0.001,-0.087
161.21,0.156,0,0.796,0.478,0,0.000,0.000,0.000,0.000,0.000,0.000,-0.002,-0.094
161.41,0.359,0,0.902,0.477,0,0.000,0.000,0.000,0.000,0.000,0.000,-0.009,-0.081
161.61,0.108,0,0.902,0.477,0,0.000,0.000,0.000,0.000,0.000,0.000,-0.010,-0.074
161.81,0.105,0,0.902,0.477,0,0.000,0.000,0.000,0.000,0.000,0.000,-0.020,-0.070
162.01,0.108,0,1.122,0.477,0,0.000,0.000,0.000,0.000,0.000,0.000,-0.025,-0.076
162.21,0.358,0,1.122,0.477,0,0.000,0.000,0.000,0.000,0.000,0.000,-0.021,-0.082
162.41,0.359,0,1.117,0.477,0,0.000,0.000,0.000,0.000,0.000,0.000,-0.015,-0.080
162.61,0.356,0,1.117,0.477,0,0.000,0.000,0.000,0.000,0.000,0.000,-0.023,-0.079
162.81,0.355,0,1.117,0.477,0,0.000,0.000,0.000,0.000,0.000,0.000,-0.030,-0.083
163.01,0.105,0,0.686,0.476,0,0.000,0.000,0.000,0.000,0.000,0.000,-0.023,-0.080
163.21,0.355,0,0.686,0.476,0,0.000,0.000,0.000,0.000,0.000,0.000,-0.015,-0.088
163.41,0.108,0,0.885,0.475,0,0.000,0.000,0.000,0.000,0.000,0.000,-0.019,-0.105
163.61,0.355,0,0.885,0.475,0,0.000,0.000,0.000,0.000,0.000,0.000,-0.019,-0.102
163.81,0.108,0,0.885,0.475,0,0.000,0.000,0.000,0.000,0.000,0.000,-0.005,-0.088
164.01,0.108,0,0.788,0.476,0,0.000,0.000,0.000,0.000,0.000,0.000,0.002,-0.099
164.21,0.105,0,0.788,0.476,0,0.000,0.000,0.000,0.000,0.000,0.000,-0.014,-0.111
164.41,0.106,0,0.768,0.476,0,0.000,0.000,0.000,0.000,0.000,0.000,-0.026,-0.103
164.61,0.108,0,0.768,0.476,0,0.000,0.000,0.000,0.000,0.000,0.000,-0.012,-0.092
164.81,0.108,0,0.768,0.476,0,0.000,0.000,0.000,0.000,0.000,0.000,0.003,-0.095
165.01,0.108,0,0.767,0.476,0,0.000,0.000,0.000,0.000,0.000,0.000,-0.007,-0.101
165.21,0.361,0,0.767,0.476,0,0.000,0.000,0.000,0.000,0.000,0.000,-0.011,-0.096
165.41,0.359,0,0.780,0.477,0,0.000,0.000,0.000,0.000,0.000,0.000,-0.009,-0.100
165.61,0.108,0,0.780,0.477,0,0.000,0.000,0.000,0.000,0.000,0.000,-0.010,-0.088
165.81,0.106,0,0.780,0.477,0,0.000,0.000,0.000,0.000,0.000,0.000,-0.005,-0.090
166.01,0.108,0,0.785,0.477,0,0.000,0.000,0.000,0.000,0.000,0.000,-0.011,-0.095
166.21,0.108,0,0.785,0.477,0,0.000,0.000,0.000,0.000,0.000,0.000,-0.015,-0.091
166.41,0.372,0,0.786,0.476,0,0.000,0.000,0.000,0.000,0.000,0.000,-0.019,-0.087
166.61,0.364,0,0.786,0.476,0,0.000,0.000,0.000,0.000,0.000,0.000,-0.015,-0.082
166.81,0.106,0,0.786,0.476,0,0.000,0.000,0.000,0.000,0.000,0.000,-0.018,-0.081
167.01,0.108,0,0.787,0.477,0,0.000,0.000,0.000,0.000,0.000,0.000,-0.019,-0.076
167.21,0.108,0,0.787,0.477,0,0.000,0.000,0.000,0.000,0.000,0.000,-0.014,-0.079
167.41,0.359,0,0.783,0.477,0,0.000,0.000,0.000,0.000,0.000,0.000,-0.016,-0.084
167.61,0.357,0,0.783,0.477,0,0.000,0.000,0.000,0.000,0.000,0.000,-0.022,-0.093
167.81,0.358,0,0.783,0.477,0,0.000,0.000,0.000,0.000,0.000,0.000,-0.022,-0.087
168.01,0.108,0,0.780,0.477,0,0.000,0.000,0.000,0.000,0.000,0.000,-0.010,-0.091
168.21,0.105,0,0.780,0.477,0,0.000,0.000,0.000,0.000,0.000,0.000,-0.020,-0.092
168.41,0.105,0,0.782,0.477,0,0.000,0.000,0.000,0.000,0.000,0.000,-0.025,-0.093
168.61,0.105,0,0.782,0.477,0,0.000,0.000,0.000,0.000,0.000,0.000,-0.026,-0.087
168.81,0.105,0,0.782,0.477,0,0.000,0.000,0.000,0.000,0.000,0.000,-0.011,-0.093
169.01,0.105,0,0.783,0.477,0,0.000,0.000,0.000,0.000,0.000,0.000,-0.011,-0.102
169.21,0.105,0,0.783,0.477,0,0.000,0.000,0.000,0.000,0.000,0.000,-0.014,-0.090
169.41,0.106,0,0.781,0.477,0,0.000,0.000,0.000,0.000,0.000,0.000,-0.013,-0.082
169.61,0.105,0,0.781,0.477,0,0.000,0.000,0.000,0.000,0.000,0.000,-0.014,-0.091
169.81,0.106,0,0.781,0.477,0,0.000,0.000,0.000,0.000,0.000,0.000,-0.022,-0.098
170.01,0.352,0,0.778,0.476,0,0.000,0.000,0.000,0.000,0.000,0.000,-0.025,-0.083
170.21,0.105,0,0.778,0.476,0,0.000,0.000,0.000,0.000,0.000,0.000,-0.020,-0.076
170.41,0.106,0,0.771,0.477,0,0.000,0.000,0.000,0.000,0.000,0.000,-0.016,-0.092
170.61,0.106,0,0.771,0.477,0,0.000,0.000,0.000,0.000,0.000,0.000,-0.025,-0.096
170.81,0.106,0,0.771,0.477,0,0.000,0.000,0.000,0.000,0.000,0.000,-0.028,-0.095
171.01,0.106,0,0.764,0.476,0,0.000,0.000,0.000,0.000,0.000,0.000,-0.021,-0.081
171.21,0.105,0,0.764,0.476,0,0.000,0.000,0.000,0.000,0.000,0.000,-0.011,-0.081
171.41,0.347,0,0.767,0.477,0,0.000,0.000,0.000,0.000,0.000,0.000,-0.015,-0.094
171.61,0.108,0,0.767,0.477,0,0.000,0.000,0.000,0.000,0.000,0.000,-0.015,-0.098
171.81,0.348,0,0.767,0.477,0,0.000,0.000,0.000,0.000,0.000,0.000,-0.020,-0.089
172.01,0.108,0,0.766,0.477,0,0.000,0.000,0.000,0.000,0.000,0.000,-0.032,-0.083
172.21,0.350,0,0.766,0.477,0,0.000,0.000,0.000,0.000,0.000,0.000,-0.029,-0.087
172.41,0.351,0,0.768,0.476,0,0.000,0.000,0.000,0.000,0.000,0.000,-0.020,-0.091
172.61,0.353,0,0.768,0.476,0,0.000,0.000,0.000,0.000,0.000,0.000,-0.022,-0.091
172.81,0.108,0,0.768,0.476,0,0.000,0.000,0.000,0.000,0.000,0.000,-0.019,-0.088
173.01,0.108,0,0.767,0.477,0,0.000,0.000,0.000,0.000,0.000,0.000,-0.011,-0.103
173.21,0.108,0,0.767,0.477,0,0.000,0.000,0.000,0.000,0.000,0.000,-0.020,-0.098
173.41,0.348,0,0.760,0.477,0,0.000,0.000,0.000,0.000,0.000,0.000,-0.015,-0.093
173.61,0.348,0,0.760,0.477,0,0.000,0.000,0.000,0.000,0.000,0.000,-0.013,-0.087
173.81,0.106,0,0.760,0.477,0,0.000,0.000,0.000,0.000,0.000,0.000,-0.012,-0.089
174.01,0.108,0,0.756,0.477,0,0.000,0.000,0.000,0.000,0.000,0.000,-0.008,-0.106
174.21,0.105,0,0.756,0.477,0,0.000,0.000,0.000,0.000,0.000,0.000,-0.021,-0.100
174.41,0.106,0,0.763,0.477,0,0.000,0.000,0.000,0.000,0.000,0.000,-0.023,-0.093
174.61,0.348,0,0.763,0.477,0,0.000,0.000,0.000,0.000,0.000,0.000,-0.005,-0.100
174.81,0.108,0,0.763,0.477,0,0.000,0.000,0.000,0.000,0.000,0.000,0.001,-0.108
175.01,0.348,0,0.755,0.476,0,0.000,0.000,0.000,0.000,0.000,0.000,-0.012,-0.101
175.21,0.108,0,0.755,0.476,0,0.000,0.000,0.000,0.000,0.000,0.000,-0.005,-0.104
175.41,0.106,0,0.745,0.476,0,0.000,0.000,0.000,0.000,0.000,0.000,-0.001,-0.101
175.61,0.108,0,0.745,0.476,0,0.000,0.000,0.000,0.000,0.000,0.000,-0.002,-0.100
175.81,0.346,0,0.745,0.476,0,0.000,0.000,0.000,0.000,0.000,0.000,-0.001,-0.105
176.01,0.106,0,0.760,0.478,0,0.000,0.000,0.000,0.000,0.000,0.000,-0.002,-0.107
176.21,0.106,0,0.760,0.478,0,0.000,0.000,0.000,0.000,0.000,0.000,0.002,-0.103
176.41,0.108,0,0.759,0.477,0,0.000,0.000,0.000,0.000,0.000,0.000,0.004,-0.106
176.61,0.108,0,0.759,0.477,0,0.000,0.000,0.000,0.000,0.000,0.000,-0.002,-0.109
176.81,0.346,0,0.759,0.477,0,0.000,0.000,0.000,0.000,0.000,0.000,-0.005,-0.101
177.01,0.347,0,0.755,0.477,0,0.000,0.000,0.000,0.000,0.000,0.000,-0.003,-0.096
177.21,0.105,0,0.755,0.477,0,0.000,0.000,0.000,0.000,0.000,0.000,0.003,-0.104
177.41,0.347,0,0.753,0.477,0,0.000,0.000,0.000,0.000,0.000,0.000,-0.002,-0.103
177.61,0.108,0,0.753,0.477,0,0.000,0.000,0.000,0.000,0.000,0.000,-0.003,-0.089
177.81,0.105,0,0.753,0.477,0,0.000,0.000,0.000,0.000,0.000,0.000,0.001,-0.096
178.01,0.106,0,0.754,0.477,0,0.000,0.000,0.000,0.000,0.000,0.000,0.003,-0.110
178.21,0.106,0,0.754,0.477,0,0.000,0.000,0.000,0.000,0.000,0.000,-0.005,-0.109
178.41,0.108,0,0.755,0.477,0,0.000,0.000,0.000,0.000,0.000,0.000,-0.007,-0.100
178.61,0.106,0,0.755,0.477,0,0.000,0.000,0.000,0.000,0.000,0.000,-0.009,-0.091
178.81,0.106,0,0.755,0.477,0,0.000,0.000,0.000,0.000,0.000,0.000,-0.002,-0.093
179.01,0.347,0,0.757,0.477,0,0.000,0.000,0.000,0.000,0.000,0.000,0.002,-0.102
179.21,0.344,0,0.757,0.477,0,0.000,0.000,0.000,0.000,0.000,0.000,0.009,-0.102
179.41,0.351,0,0.753,0.477,0,0.000,0.000,0.000,0.000,0.000,0.000,0.004,-0.093
179.61,0.358,0,0.753,0.477,0,0.000,0.000,0.000,0.000,0.000,0.000,0.004,-0.108
179.81,0.108,0,0.753,0.477,0,0.000,0.000,0.000,0.000,0.000,0.000,0.007,-0.106
180.01,0.106,0,0.752,0.477,0,0.000,0.000,0.000,0.000,0.000,0.000,0.006,-0.108
180.21,0.352,0,0.752,0.477,0,0.000,0.000,0.000,0.000,0.000,0.000,0.006,-0.110
180.41,0.349,0,0.756,0.477,0,0.000,0.000,0.000,0.000,0.000,0.000,-0.001,-0.098
180.61,0.108,0,0.756,0.477,0,0.000,0.000,0.000,0.000,0.000,0.000,-0.003,-0.089
180.81,0.108,0,0.756,0.477,0,0.000,0.000,0.000,0.000,0.000,0.000,-0.001,-0.098
181.01,0.108,0,0.754,0.477,0,0.000,0.000,0.000,0.000,0.000,0.000,-0.000,-0.115
181.21,0.108,0,0.754,0.477,0,0.000,0.000,0.000,0.000,0.000,0.000,0.012,-0.123
181.41,0.106,0,0.761,0.477,0,0.000,0.000,0.000,0.000,0.000,0.000,0.006,-0.106
181.61,0.106,0,0.761,0.477,0,0.000,0.000,0.000,0.000,0.000,0.000,-0.005,-0.092
181.81,0.108,0,0.761,0.477,0,0.000,0.000,0.000,0.000,0.000,0.000,-0.007,-0.097
182.01,0.108,0,0.762,0.477,0,0.000,0.000,0.000,0.000,0.000,0.000,-0.002,-0.110
182.21,0.353,0,0.762,0.477,0,0.000,0.000,0.000,0.000,0.000,0.000,-0.002,-0.110
182.41,0.355,0,0.756,0.477,0,0.000,0.000,0.000,0.000,0.000,0.000,0.004,-0.096
182.61,0.108,0,0.756,0.477,0,0.000,0.000,0.000,0.000,0.000,0.000,0.003,-0.102
182.81,0.108,0,0.756,0.477,0,0.000,0.000,0.000,0.000,0.000,0.000,0.004,-0.105
183.01,0.357,0,0.758,0.477,0,0.000,0.000,0.000,0.000,0.000,0.000,0.010,-0.108
183.21,0.105,0,0.758,0.477,0,0.000,0.000,0.000,0.000,0.000,0.000,0.012,-0.106
183.41,0.361,0,0.765,0.477,0,0.000,0.000,0.000,0.000,0.000,0.000,0.006,-0.103
183.61,0.363,0,0.765,0.477,0,0.000,0.000,0.000,0.000,0.000,0.000,0.012,-0.105
183.81,0.106,0,0.765,0.477,0,0.000,0.000,0.000,0.000,0.000,0.000,0.012,-0.105
184.01,0.358,0,0.740,0.478,0,0.000,0.000,0.000,0.000,0.000,0.000,0.003,-0.101
184.21,0.108,0,0.740,0.478,0,0.000,0.000,0.000,0.000,0.000,0.000,0.002,-0.090
184.41,0.358,0,0.918,0.480,0,0.000,0.000,0.000,0.000,0.000,0.000,-0.011,-0.074
184.61,0.106,0,0.918,0.480,0,0.000,0.000,0.000,0.000,0.000,0.000,-0.008,-0.084
184.81,0.106,0,0.918,0.480,0,0.000,0.000,0.000,0.000,0.000,0.000,-0.005,-0.083
185.01,0.106,0,0.914,0.481,0,0.000,0.000,0.000,0.000,0.000,0.000,-0.008,-0.077
185.21,0.105,0,0.914,0.481,0,0.000,0.000,0.000,0.000,0.000,0.000,-0.005,-0.065
185.41,0.106,0,0.918,0.481,0,0.000,0.000,0.000,0.000,0.000,0.000,-0.003,-0.081
185.61,0.106,0,0.918,0.481,0,0.000,0.000,0.000,0.000,0.000,0.000,-0.006,-0.082
185.81,0.367,0,0.918,0.481,0,0.000,0.000,0.000,0.000,0.000,0.000,0.000,-0.081
186.01,0.368,0,0.928,0.478,0,0.000,0.000,0.000,0.000,0.000,0.000,0.004,-0.081
186.21,0.105,0,0.928,0.478,0,0.000,0.000,0.000,0.000,0.000,0.000,-0.005,-0.076
186.41,0.108,0,0.936,0.478,0,0.000,0.000,0.000,0.000,0.000,0.000,0.003,-0.089
186.61,0.108,0,0.936,0.478,0,0.000,0.000,0.000,0.000,0.000,0.000,0.013,-0.100
186.81,0.105,0,0.936,0.478,0,0.000,0.000,0.000,0.000,0.000,0.000,-0.000,-0.093
187.01,0.370,0,0.931,0.481,0,0.000,0.000,0.000,0.000,0.000,0.000,-0.006,-0.080
187.21,0.105,0,0.931,0.481,0,0.000,0.000,0.000,0.000,0.000,0.000,0.006,-0.093
187.41,0.108,0,0.925,0.479,0,0.000,0.000,0.000,0.000,0.000,0.000,0.015,-0.099
187.61,0.370,0,0.925,0.479,0,0.000,0.000,0.000,0.000,0.000,0.000,0.007,-0.092
187.81,0.371,0,0.925,0.479,0,0.000,0.000,0.000,0.000,0.000,0.000,-0.003,-0.081
188.01,0.106,0,0.924,0.479,0,0.000,0.000,0.000,0.000,0.000,0.000,0.005,-0.097
188.21,0.105,0,0.924,0.479,0,0.000,0.000,0.000,0.000,0.000,0.000,0.007,-0.108
188.41,0.108,0,0.933,0.481,0,0.000,0.000,0.000,0.000,0.000,0.000,0.002,-0.106
188.61,0.105,0,0.933,0.481,0,0.000,0.000,0.000,0.000,0.000,0.000,0.001,-0.090
188.81,0.105,0,0.933,0.481,0,0.000,0.000,0.000,0.000,0.000,0.000,0.007,-0.089
189.01,0.108,0,0.929,0.480,0,0.000,0.000,0.000,0.000,0.000,0.000,0.016,-0.112
189.21,0.108,0,0.929,0.480,0,0.000,0.000,0.000,0.000,0.000,0.000,0.014,-0.129
189.41,0.106,0,0.934,0.480,0,0.000,0.000,0.000,0.000,0.000,0.000,0.003,-0.112
189.61,0.108,0,0.934,0.480,0,0.000,0.000,0.000,0.000,0.000,0.000,0.005,-0.086
189.81,0.105,0,0.934,0.480,0,0.000,0.000,0.000,0.000,0.000,0.000,0.014,-0.103
190.01,0.372,0,0.934,0.481,0,0.000,0.000,0.000,0.000,0.000,0.000,0.009,-0.112
190.21,0.372,0,0.934,0.481,0,0.000,0.000,0.000,0.000,0.000,0.000,0.008,-0.107
190.41,0.108,0,0.934,0.481,0,0.000,0.000,0.000,0.000,0.000,0.000,0.005,-0.094
190.61,0.108,0,0.934,0.481,0,0.000,0.000,0.000,0.000,0.000,0.000,0.001,-0.085
190.81,0.106,0,0.934,0.481,0,0.000,0.000,0.000,0.000,0.000,0.000,0.005,-0.103
191.01,0.371,0,0.923,0.481,0,0.000,0.000,0.000,0.000,0.000,0.000,0.001,-0.102
191.21,0.105,0,0.923,0.481,0,0.000,0.000,0.000,0.000,0.000,0.000,0.007,-0.085
191.41,0.365,0,0.923,0.481,0,0.000,0.000,0.000,0.000,0.000,0.000,0.001,-0.089
191.61,0.105,0,0.923,0.481,0,0.000,0.000,0.000,0.000,0.000,0.000,-0.007,-0.095
191.81,0.105,0,0.923,0.481,0,0.000,0.000,0.000,0.000,0.000,0.000,0.005,-0.103
192.01,0.105,0,0.918,0.480,0,0.000,0.000,0.000,0.000,0.000,0.000,0.002,-0.090
192.21,0.105,0,0.918,0.480,0,0.000,0.000,0.000,0.000,0.000,0.000,-0.004,-0.088
192.41,0.108,0,0.917,0.480,0,0.000,0.000,0.000,0.000,0.000,0.000,-0.002,-0.092
192.61,0.368,0,0.917,0.480,0,0.000,0.000,0.000,0.000,0.000,0.000,0.002,-0.105
192.81,0.106,0,0.917,0.480,0,0.000,0.000,0.000,0.000,0.000,0.000,0.002,-0.116
193.01,0.370,0,0.920,0.481,0,0.000,0.000,0.000,0.000,0.000,0.000,-0.003,-0.097
193.21,0.368,0,0.920,0.481,0,0.000,0.000,0.000,0.000,0.000,0.000,0.001,-0.090
193.41,0.108,0,0.911,0.480,0,0.000,0.000,0.000,0.000,0.000,0.000,0.004,-0.111
193.61,0.108,0,0.911,0.480,0,0.000,0.000,0.000,0.000,0.000,0.000,0.003,-0.122
193.81,0.105,0,0.911,0.480,0,0.000,0.000,0.000,0.000,0.000,0.000,0.007,-0.112
194.01,0.371,0,0.894,0.481,0,0.000,0.000,0.000,0.000,0.000,0.000,0.009,-0.112
194.21,0.375,0,0.894,0.481,0,0.000,0.000,0.000,0.000,0.000,0.000,0.014,-0.118
194.41,0.379,0,0.868,0.480,0,0.000,0.000,0.000,0.000,0.000,0.000,0.017,-0.117
194.61,0.105,0,0.868,0.480,0,0.000,0.000,0.000,0.000,0.000,0.000,0.001,-0.106
194.81,0.105,0,0.868,0.480,0,0.000,0.000,0.000,0.000,0.000,0.000,-0.002,-0.104
195.01,0.106,0,0.862,0.480,0,0.000,0.000,0.000,0.000,0.000,0.000,0.002,-0.102
195.21,0.106,0,0.862,0.480,0,0.000,0.000,0.000,0.000,0.000,0.000,0.003,-0.095
195.41,0.385,0,0.862,0.479,0,0.000,0.000,0.000,0.000,0.000,0.000,0.004,-0.095
195.61,0.386,0,0.862,0.479,0,0.000,0.000,0.000,0.000,0.000,0.000,0.007,-0.101
195.81,0.385,0,0.862,0.479,0,0.000,0.000,0.000,0.000,0.000,0.000,0.007,-0.108
196.01,0.105,0,0.870,0.480,0,0.000,0.000,0.000,0.000,0.000,0.000,0.009,-0.099
196.21,0.106,0,0.870,0.480,0,0.000,0.000,0.000,0.000,0.000,0.000,0.010,-0.099
196.41,0.105,0,0.877,0.481,0,0.000,0.000,0.000,0.000,0.000,0.000,0.004,-0.106
196.61,0.383,0,0.877,0.481,0,0.000,0.000,0.000,0.000,0.000,0.000,-0.004,-0.094
196.81,0.384,0,0.877,0.481,0,0.000,0.000,0.000,0.000,0.000,0.000,-0.002,-0.089
197.01,0.108,0,0.884,0.477,0,0.000,0.000,0.000,0.000,0.000,0.000,0.004,-0.100
197.21,0.108,0,0.884,0.477,0,0.000,0.000,0.000,0.000,0.000,0.000,0.007,-0.105
197.41,0.105,0,0.884,0.481,0,0.000,0.000,0.000,0.000,0.000,0.000,0.008,-0.119
197.61,0.105,0,0.884,0.481,0,0.000,0.000,0.000,0.000,0.000,0.000,0.009,-0.109
197.81,0.106,0,0.884,0.481,0,0.000,0.000,0.000,0.000,0.000,0.000,0.001,-0.096
198.01,0.382,0,0.887,0.478,0,0.000,0.000,0.000,0.000,0.000,0.000,0.001,-0.103
198.21,0.383,0,0.887,0.478,0,0.000,0.000,0.000,0.000,0.000,0.000,-0.001,-0.095
198.41,0.384,0,0.895,0.478,0,0.000,0.000,0.000,0.000,0.000,0.000,0.001,-0.091
198.61,0.105,0,0.895,0.478,0,0.000,0.000,0.000,0.000,0.000,0.000,0.004,-0.097
198.81,0.382,0,0.895,0.478,0,0.000,0.000,0.000,0.000,0.000,0.000,0.003,-0.110
199.01,0.105,0,0.898,0.481,0,0.000,0.000,0.000,0.000,0.000,0.000,-0.003,-0.104
199.21,0.106,0,0.898,0.481,0,0.000,0.000,0.000,0.000,0.000,0.000,0.000,-0.096
199.41,0.384,0,0.893,0.480,0,0.000,0.000,0.000,0.000,0.000,0.000,0.005,-0.096
199.61,0.386,0,0.893,0.480,0,0.000,0.000,0.000,0.000,0.000,0.000,0.010,-0.107
199.81,0.384,0,0.893,0.480,0,0.000,0.000,0.000,0.000,0.000,0.000,0.000,-0.103
200.01,0.106,0,0.881,0.481,0,0.000,0.000,0.000,0.000,0.000,0.000,-0.005,-0.096
200.21,0.105,0,0.881,0.481,0,0.000,0.000,0.000,0.000,0.000,0.000,0.006,-0.094
200.41,0.108,0,0.870,0.480,0,0.000,0.000,0.000,0.000,0.000,0.000,0.007,-0.088
200.61,0.384,0,0.870,0.480,0,0.000,0.000,0.000,0.000,0.000,0.000,0.000,-0.096
200.81,0.105,0,0.870,0.480,0,0.000,0.000,0.000,0.000,0.000,0.000,0.006,-0.114
201.01,0.106,0,0.871,0.477,0,0.000,0.000,0.000,0.000,0.000,0.000,0.008,-0.113
201.21,0.108,0,0.871,0.477,0,0.000,0.000,0.000,0.000,0.000,0.000,0.012,-0.102
201.41,0.108,0,0.866,0.479,0,0.000,0.000,0.000,0.000,0.000,0.000,0.010,-0.104
201.61,0.105,0,0.866,0.479,0,0.000,0.000,0.000,0.000,0.000,0.000,0.005,-0.099
201.81,0.106,0,0.866,0.479,0,0.000,0.000,0.000,0.000,0.000,0.000,0.002,-0.085
202.01,0.108,0,0.862,0.477,0,0.000,0.000,0.000,0.000,0.000,0.000,0.007,-0.092
202.21,0.108,0,0.862,0.477,0,0.000,0.000,0.000,0.000,0.000,0.000,0.012,-0.098
202.41,0.384,0,0.864,0.481,0,0.000,0.000,0.000,0.000,0.000,0.000,0.009,-0.090
202.61,0.389,0,0.864,0.481,0,0.000,0.000,0.000,0.000,0.000,0.000,0.014,-0.098
202.81,0.106,0,0.864,0.481,0,0.000,0.000,0.000,0.000,0.000,0.000,0.021,-0.107
203.01,0.108,0,0.868,0.480,0,0.000,0.000,0.000,0.000,0.000,0.000,0.024,-0.109
203.21,0.421,0,0.868,0.480,0,0.000,0.000,0.000,0.000,0.000,0.000,0.008,-0.095
203.41,0.108,0,0.891,0.479,0,0.000,0.000,0.000,0.000,0.000,0.000,0.002,-0.078
203.61,0.424,0,0.891,0.479,0,0.000,0.000,0.000,0.000,0.000,0.000,0.008,-0.082
203.81,0.108,0,0.891,0.479,0,0.000,0.000,0.000,0.000,0.000,0.000,0.006,-0.086
204.01,0.106,0,0.935,0.478,0,0.000,0.000,0.000,0.000,0.000,0.000,-0.004,-0.068
204.21,0.105,0,0.935,0.478,0,0.000,0.000,0.000,0.000,0.000,0.000,-0.008,-0.056
204.41,0.424,0,0.944,0.480,0,0.000,0.000,0.000,0.000,0.000,0.000,0.002,-0.069
204.61,0.421,0,0.944,0.480,0,0.000,0.000,0.000,0.000,0.000,0.000,-0.004,-0.076
204.81,0.106,0,0.944,0.480,0,0.000,0.000,0.000,0.000,0.000,0.000,-0.011,-0.070
205.01,0.106,0,0.944,0.479,0,0.000,0.000,0.000,0.000,0.000,0.000,-0.012,-0.065
205.21,0.105,0,0.944,0.479,0,0.000,0.000,0.000,0.000,0.000,0.000,-0.006,-0.070
205.41,0.424,0,0.955,0.480,0,0.000,0.000,0.000,0.000,0.000,0.000,0.000,-0.068
205.61,0.105,0,0.955,0.480,0,0.000,0.000,0.000,0.000,0.000,0.000,-0.008,-0.079
205.81,0.105,0,0.955,0.480,0,0.000,0.000,0.000,0.000,0.000,0.000,-0.007,-0.080
206.01,0.108,0,0.945,0.477,0,0.000,0.000,0.000,0.000,0.000,0.000,0.001,-0.071
206.21,0.424,0,0.945,0.477,0,0.000,0.000,0.000,0.000,0.000,0.000,-0.003,-0.074
206.41,0.424,0,0.943,0.475,0,0.000,0.000,0.000,0.000,0.000,0.000,-0.010,-0.076
206.61,0.108,0,0.943,0.475,0,0.000,0.000,0.000,0.000,0.000,0.000,-0.015,-0.078
206.81,0.106,0,0.943,0.475,0,0.000,0.000,0.000,0.000,0.000,0.000,-0.011,-0.068
207.01,0.108,0,0.939,0.475,0,0.000,0.000,0.000,0.000,0.000,0.000,-0.002,-0.076
207.21,0.106,0,0.939,0.475,0,0.000,0.000,0.000,0.000,0.000,0.000,-0.003,-0.079
207.41,0.108,0,0.940,0.475,0,0.000,0.000,0.000,0.000,0.000,0.000,-0.004,-0.074
207.61,0.108,0,0.940,0.475,0,0.000,0.000,0.000,0.000,0.000,0.000,-0.009,-0.077
207.81,0.105,0,0.940,0.475,0,0.000,0.000,0.000,0.000,0.000,0.000,-0.013,-0.069
208.01,0.105,0,0.944,0.475,0,0.000,0.000,0.000,0.000,0.000,0.000,0.005,-0.085
208.21,0.108,0,0.944,0.475,0,0.000,0.000,0.000,0.000,0.000,0.000,0.008,-0.082
208.41,0.105,0,0.915,0.477,0,0.000,0.000,0.000,0.000,0.000,0.000,0.002,-0.086
208.61,0.106,0,0.915,0.477,0,0.000,0.000,0.000,0.000,0.000,0.000,-0.004,-0.086
208.81,0.106,0,0.915,0.477,0,0.000,0.000,0.000,0.000,0.000,0.000,0.000,-0.081
209.01,0.108,0,0.892,0.477,0,0.000,0.000,0.000,0.000,0.000,0.000,0.004,-0.080
209.21,0.424,0,0.892,0.477,0,0.000,0.000,0.000,0.000,0.000,0.000,-0.004,-0.086
209.41,0.108,0,0.887,0.474,0,0.000,0.000,0.000,0.000,0.000,0.000,-0.006,-0.089
209.61,0.108,0,0.887,0.474,0,0.000,0.000,0.000,0.000,0.000,0.000,0.000,-0.107
209.81,0.423,0,0.887,0.474,0,0.000,0.000,0.000,0.000,0.000,0.000,-0.005,-0.094
210.01,0.421,0,0.883,0.473,0,0.000,0.000,0.000,0.000,0.000,0.000,0.003,-0.084
210.21,0.105,0,0.883,0.473,0,0.000,0.000,0.000,0.000,0.000,0.000,0.006,-0.087
210.41,0.424,0,0.881,0.474,0,0.000,0.000,0.000,0.000,0.000,0.000,0.003,-0.091
210.61,0.105,0,0.881,0.474,0,0.000,0.000,0.000,0.000,0.000,0.000,-0.004,-0.078
210.81,0.426,0,0.881,0.474,0,0.000,0.000,0.000,0.000,0.000,0.000,0.006,-0.081
211.01,0.421,0,0.881,0.473,0,0.000,0.000,0.000,0.000,0.000,0.000,0.003,-0.089
211.21,0.105,0,0.881,0.473,0,0.000,0.000,0.000,0.000,0.000,0.000,-0.001,-0.084
211.41,0.430,0,0.879,0.474,0,0.000,0.000,0.000,0.000,0.000,0.000,-0.003,-0.076
211.61,0.105,0,0.879,0.474,0,0.000,0.000,0.000,0.000,0.000,0.000,-0.002,-0.083
211.81,0.105,0,0.879,0.474,0,0.000,0.000,0.000,0.000,0.000,0.000,0.002,-0.085
212.01,0.424,0,0.881,0.473,0,0.000,0.000,0.000,0.000,0.000,0.000,0.007,-0.087
212.21,0.424,0,0.881,0.473,0,0.000,0.000,0.000,0.000,0.000,0.000,0.004,-0.077
212.41,0.105,0,0.880,0.473,0,0.000,0.000,0.000,0.000,0.000,0.000,-0.005,-0.071
212.61,0.105,0,0.880,0.473,0,0.000,0.000,0.000,0.000,0.000,0.000,0.000,-0.088
212.81,0.105,0,0.880,0.473,0,0.000,0.000,0.000,0.000,0.000,0.000,0.006,-0.093
213.01,0.105,0,0.881,0.473,0,0.000,0.000,0.000,0.000,0.000,0.000,0.002,-0.093
213.21,0.424,0,0.881,0.473,0,0.000,0.000,0.000,0.000,0.000,0.000,0.002,-0.090
213.41,0.424,0,0.881,0.473,0,0.000,0.000,0.000,0.000,0.000,0.000,0.010,-0.092
213.61,0.108,0,0.881,0.473,0,0.000,0.000,0.000,0.000,0.000,0.000,0.009,-0.101
213.81,0.108,0,0.881,0.473,0,0.000,0.000,0.000,0.000,0.000,0.000,0.005,-0.099
214.01,0.105,0,0.881,0.473,0,0.000,0.000,0.000,0.000,0.000,0.000,0.008,-0.102
214.21,0.105,0,0.881,0.473,0,0.000,0.000,0.000,0.000,0.000,0.000,0.007,-0.094
214.41,0.426,0,0.881,0.473,0,0.000,0.000,0.000,0.000,0.000,0.000,0.002,-0.090
214.61,0.424,0,0.881,0.473,0,0.000,0.000,0.000,0.000,0.000,0.000,-0.001,-0.094
214.81,0.108,0,0.881,0.473,0,0.000,0.000,0.000,0.000,0.000,0.000,0.008,-0.096
215.01,0.108,0,0.879,0.472,0,0.000,0.000,0.000,0.000,0.000,0.000,0.012,-0.094
215.21,0.105,0,0.879,0.472,0,0.000,0.000,0.000,0.000,0.000,0.000,0.002,-0.093
215.41,0.105,0,0.879,0.474,0,0.000,0.000,0.000,0.000,0.000,0.000,-0.002,-0.091
215.61,0.424,0,0.879,0.474,0,0.000,0.000,0.000,0.000,0.000,0.000,0.004,-0.098
215.81,0.424,0,0.879,0.474,0,0.000,0.000,0.000,0.000,0.000,0.000,0.010,-0.098
216.01,0.106,0,0.878,0.473,0,0.000,0.000,0.000,0.000,0.000,0.000,0.005,-0.088
216.21,0.108,0,0.878,0.473,0,0.000,0.000,0.000,0.000,0.000,0.000,0.004,-0.089
216.41,0.105,0,0.880,0.473,0,0.000,0.000,0.000,0.000,0.000,0.000,0.006,-0.094
216.61,0.105,0,0.880,0.473,0,0.000,0.000,0.000,0.000,0.000,0.000,0.004,-0.094
216.81,0.424,0,0.880,0.473,0,0.000,0.000,0.000,0.000,0.000,0.000,-0.003,-0.093
217.01,0.424,0,0.906,0.477,0,0.000,0.000,0.000,0.000,0.000,0.000,-0.004,-0.092
217.21,0.424,0,0.906,0.477,0,0.000,0.000,0.000,0.000,0.000,0.000,-0.006,-0.090
217.41,0.108,0,0.940,0.478,0,0.000,0.000,0.000,0.000,0.000,0.000,-0.001,-0.091
217.61,0.108,0,0.940,0.478,0,0.000,0.000,0.000,0.000,0.000,0.000,0.004,-0.085
217.81,0.108,0,0.940,0.478,0,0.000,0.000,0.000,0.000,0.000,0.000,0.004,-0.086
218.01,0.105,0,0.943,0.476,0,0.000,0.000,0.000,0.000,0.000,0.000,-0.008,-0.083
218.21,0.108,0,0.943,0.476,0,0.000,0.000,0.000,0.000,0.000,0.000,-0.010,-0.098
218.41,0.424,0,0.941,0.475,0,0.000,0.000,0.000,0.000,0.000,0.000,-0.009,-0.079
218.61,0.108,0,0.941,0.475,0,0.000,0.000,0.000,0.000,0.000,0.000,-0.002,-0.086
218.81,0.105,0,0.941,0.475,0,0.000,0.000,0.000,0.000,0.000,0.000,-0.009,-0.083
219.01,0.421,0,0.937,0.473,0,0.000,0.000,0.000,0.000,0.000,0.000,-0.016,-0.079
219.21,0.108,0,0.937,0.473,0,0.000,0.000,0.000,0.000,0.000,0.000,-0.010,-0.077
219.41,0.426,0,0.935,0.475,0,0.000,0.000,0.000,0.000,0.000,0.000,-0.001,-0.087
219.61,0.424,0,0.935,0.475,0,0.000,0.000,0.000,0.000,0.000,0.000,-0.014,-0.080
219.81,0.105,0,0.935,0.475,0,0.000,0.000,0.000,0.000,0.000,0.000,-0.015,-0.074
220.01,0.105,0,0.931,0.477,0,0.000,0.000,0.000,0.000,0.000,0.000,-0.013,-0.074
220.21,0.424,0,0.931,0.477,0,0.000,0.000,0.000,0.000,0.000,0.000,0.002,-0.092
220.41,0.106,0,0.932,0.475,0,0.000,0.000,0.000,0.000,0.000,0.000,0.011,-0.083
220.61,0.105,0,0.932,0.475,0,0.000,0.000,0.000,0.000,0.000,0.000,-0.001,-0.075
220.81,0.106,0,0.932,0.475,0,0.000,0.000,0.000,0.000,0.000,0.000,-0.003,-0.085
221.01,0.105,0,0.905,0.478,0,0.000,0.000,0.000,0.000,0.000,0.000,0.004,-0.103
221.21,0.423,0,0.905,0.478,0,0.000,0.000,0.000,0.000,0.000,0.000,0.006,-0.091
221.41,0.502,0,0.866,0.477,0,0.000,0.000,0.000,0.000,0.000,0.000,0.006,-0.080
221.61,0.501,0,0.866,0.477,0,0.000,0.000,0.000,0.000,0.000,0.000,0.008,-0.095
221.81,0.106,0,0.866,0.477,0,0.000,0.000,0.000,0.000,0.000,0.000,0.008,-0.101
222.01,0.106,0,0.860,0.475,0,0.000,0.000,0.000,0.000,0.000,0.000,0.003,-0.091
222.21,0.423,0,0.860,0.475,0,0.000,0.000,0.000,0.000,0.000,0.000,-0.002,-0.091
222.41,0.106,0,0.858,0.475,0,0.000,0.000,0.000,0.000,0.000,0.000,0.010,-0.095
222.61,0.108,0,0.858,0.475,0,0.000,0.000,0.000,0.000,0.000,0.000,0.016,-0.107
222.81,0.108,0,0.858,0.475,0,0.000,0.000,0.000,0.000,0.000,0.000,0.017,-0.116
223.01,0.108,0,0.854,0.473,0,0.000,0.000,0.000,0.000,0.000,0.000,0.010,-0.104
223.21,0.424,0,0.854,0.473,0,0.000,0.000,0.000,0.000,0.000,0.000,0.000,-0.102
223.41,0.105,0,0.859,0.473,0,0.000,0.000,0.000,0.000,0.000,0.000,0.003,-0.106
223.61,0.105,0,0.859,0.473,0,0.000,0.000,0.000,0.000,0.000,0.000,0.014,-0.104
223.81,0.105,0,0.859,0.473,0,0.000,0.000,0.000,0.000,0.000,0.000,0.015,-0.107
224.01,0.108,0,0.858,0.472,0,0.000,0.000,0.000,0.000,0.000,0.000,0.010,-0.107
224.21,0.424,0,0.858,0.472,0,0.000,0.000,0.000,0.000,0.000,0.000,0.001,-0.083
224.41,0.427,0,0.855,0.477,0,0.000,0.000,0.000,0.000,0.000,0.000,0.010,-0.097
224.61,0.105,0,0.855,0.477,0,0.000,0.000,0.000,0.000,0.000,0.000,0.008,-0.103
224.81,0.108,0,0.855,0.477,0,0.000,0.000,0.000,0.000,0.000,0.000,0.006,-0.103
225.01,0.105,0,0.856,0.480,0,0.000,0.000,0.000,0.000,0.000,0.000,0.005,-0.105
225.21,0.426,0,0.856,0.480,0,0.000,0.000,0.000,0.000,0.000,0.000,0.012,-0.110
225.41,0.105,0,0.864,0.478,0,0.000,0.000,0.000,0.000,0.000,0.000,-0.000,-0.092
225.61,0.108,0,0.864,0.478,0,0.000,0.000,0.000,0.000,0.000,0.000,0.019,-0.113
225.81,0.424,0,0.864,0.478,0,0.000,0.000,0.000,0.000,0.000,0.000,0.018,-0.094
226.01,0.108,0,0.858,0.474,0,0.000,0.000,0.000,0.000,0.000,0.000,0.005,-0.091
226.21,0.428,0,0.858,0.474,0,0.000,0.000,0.000,0.000,0.000,0.000,0.005,-0.096
226.41,0.106,0,0.858,0.475,0,0.000,0.000,0.000,0.000,0.000,0.000,0.007,-0.093
226.61,0.422,0,0.858,0.475,0,0.000,0.000,0.000,0.000,0.000,0.000,0.008,-0.099
226.81,0.106,0,0.858,0.475,0,0.000,0.000,0.000,0.000,0.000,0.000,0.011,-0.095
227.01,0.106,0,0.850,0.478,0,0.000,0.000,0.000,0.000,0.000,0.000,0.007,-0.101
227.21,0.108,0,0.850,0.478,0,0.000,0.000,0.000,0.000,0.000,0.000,0.004,-0.103
227.41,0.105,0,0.855,0.477,0,0.000,0.000,0.000,0.000,0.000,0.000,0.009,-0.104
227.61,0.105,0,0.855,0.477,0,0.000,0.000,0.000,0.000,0.000,0.000,0.005,-0.105
227.81,0.106,0,0.855,0.477,0,0.000,0.000,0.000,0.000,0.000,0.000,0.004,-0.106
228.01,0.108,0,0.881,0.477,0,0.000,0.000,0.000,0.000,0.000,0.000,-0.001,-0.101
228.21,0.105,0,0.881,0.477,0,0.000,0.000,0.000,0.000,0.000,0.000,-0.008,-0.096
228.41,0.106,0,0.936,0.477,0,0.000,0.000,0.000,0.000,0.000,0.000,-0.002,-0.108
228.61,0.108,0,0.936,0.477,0,0.000,0.000,0.000,0.000,0.000,0.000,0.006,-0.115
228.81,0.421,0,0.936,0.477,0,0.000,0.000,0.000,0.000,0.000,0.000,0.005,-0.105
229.01,0.105,0,0.915,0.476,0,0.000,0.000,0.000,0.000,0.000,0.000,-0.000,-0.090
229.21,0.108,0,0.915,0.476,0,0.000,0.000,0.000,0.000,0.000,0.000,-0.001,-0.098
229.41,0.105,0,0.894,0.480,0,0.000,0.000,0.000,0.000,0.000,0.000,0.002,-0.096
229.61,0.105,0,0.894,0.480,0,0.000,0.000,0.000,0.000,0.000,0.000,0.010,-0.101
229.81,0.423,0,0.894,0.480,0,0.000,0.000,0.000,0.000,0.000,0.000,0.016,-0.099
230.01,0.421,0,0.887,0.479,0,0.000,0.000,0.000,0.000,0.000,0.000,0.015,-0.095
230.21,0.106,0,0.887,0.479,0,0.000,0.000,0.000,0.000,0.000,0.000,0.015,-0.110
230.41,0.106,0,0.883,0.478,0,0.000,0.000,0.000,0.000,0.000,0.000,0.009,-0.122
230.61,0.108,0,0.883,0.478,0,0.000,0.000,0.000,0.000,0.000,0.000,0.018,-0.112
230.81,0.106,0,0.883,0.478,0,0.000,0.000,0.000,0.000,0.000,0.000,0.022,-0.108
231.01,0.421,0,0.878,0.479,0,0.000,0.000,0.000,0.000,0.000,0.000,0.018,-0.127
231.21,0.105,0,0.878,0.479,0,0.000,0.000,0.000,0.000,0.000,0.000,0.014,-0.128
231.41,0.421,0,0.875,0.478,0,0.000,0.000,0.000,0.000,0.000,0.000,0.021,-0.131
231.61,0.423,0,0.875,0.478,0,0.000,0.000,0.000,0.000,0.000,0.000,0.027,-0.130
231.81,0.105,0,0.875,0.478,0,0.000,0.000,0.000,0.000,0.000,0.000,0.019,-0.111
232.01,0.108,0,0.870,0.477,0,0.000,0.000,0.000,0.000,0.000,0.000,0.013,-0.119
232.21,0.106,0,0.870,0.477,0,0.000,0.000,0.000,0.000,0.000,0.000,-0.002,-0.095
232.41,0.105,0,0.863,0.478,0,0.000,0.000,0.000,0.000,0.000,0.000,-0.007,-0.100
232.61,0.108,0,0.863,0.478,0,0.000,0.000,0.000,0.000,0.000,0.000,0.005,-0.118
232.81,0.105,0,0.863,0.478,0,0.000,0.000,0.000,0.000,0.000,0.000,-0.006,-0.103
233.01,0.105,0,0.862,0.477,0,0.000,0.000,0.000,0.000,0.000,0.000,-0.001,-0.106
233.21,0.105,0,0.862,0.477,0,0.000,0.000,0.000,0.000,0.000,0.000,0.002,-0.105
233.41,0.108,0,0.865,0.477,0,0.000,0.000,0.000,0.000,0.000,0.000,0.012,-0.127
233.61,0.108,0,0.865,0.477,0,0.000,0.000,0.000,0.000,0.000,0.000,0.008,-0.138
233.81,0.105,0,0.865,0.477,0,0.000,0.000,0.000,0.000,0.000,0.000,-0.004,-0.101
234.01,0.423,0,0.863,0.478,0,0.000,0.000,0.000,0.000,0.000,0.000,-0.002,-0.090
234.21,0.421,0,0.863,0.478,0,0.000,0.000,0.000,0.000,0.000,0.000,0.003,-0.105
234.41,0.105,0,0.862,0.477,0,0.000,0.000,0.000,0.000,0.000,0.000,0.003,-0.107
234.61,0.106,0,0.862,0.477,0,0.000,0.000,0.000,0.000,0.000,0.000,0.002,-0.111
234.81,0.421,0,0.862,0.477,0,0.000,0.000,0.000,0.000,0.000,0.000,0.005,-0.117
235.01,0.108,0,0.861,0.480,0,0.000,0.000,0.000,0.000,0.000,0.000,0.007,-0.115
235.21,0.421,0,0.861,0.480,0,0.000,0.000,0.000,0.000,0.000,0.000,0.008,-0.110
235.41,0.421,0,0.857,0.479,0,0.000,0.000,0.000,0.000,0.000,0.000,0.003,-0.099
235.61,0.425,0,0.857,0.479,0,0.000,0.000,0.000,0.000,0.000,0.000,0.002,-0.105
235.81,0.105,0,0.857,0.479,0,0.000,0.000,0.000,0.000,0.000,0.000,-0.002,-0.099
236.01,0.105,0,0.861,0.480,0,0.000,0.000,0.000,0.000,0.000,0.000,-0.011,-0.102
236.21,0.423,0,0.861,0.480,0,0.000,0.000,0.000,0.000,0.000,0.000,0.009,-0.121
236.41,0.105,0,0.868,0.481,0,0.000,0.000,0.000,0.000,0.000,0.000,0.003,-0.101
236.61,0.105,0,0.868,0.481,0,0.000,0.000,0.000,0.000,0.000,0.000,-0.004,-0.092
236.81,0.421,0,0.868,0.481,0,0.000,0.000,0.000,0.000,0.000,0.000,0.004,-0.108
237.01,0.105,0,0.868,0.480,0,0.000,0.000,0.000,0.000,0.000,0.000,0.003,-0.111
237.21,0.108,0,0.868,0.480,0,0.000,0.000,0.000,0.000,0.000,0.000,0.006,-0.119
237.41,0.422,0,0.861,0.480,0,0.000,0.000,0.000,0.000,0.000,0.000,-0.009,-0.096
237.61,0.105,0,0.861,0.480,0,0.000,0.000,0.000,0.000,0.000,0.000,-0.007,-0.098
237.81,0.106,0,0.861,0.480,0,0.000,0.000,0.000,0.000,0.000,0.000,0.003,-0.103
238.01,0.424,0,0.861,0.477,0,0.000,0.000,0.000,0.000,0.000,0.000,0.013,-0.108
238.21,0.423,0,0.861,0.477,0,0.000,0.000,0.000,0.000,0.000,0.000,0.012,-0.115
238.41,0.105,0,0.859,0.478,0,0.000,0.000,0.000,0.000,0.000,0.000,0.008,-0.110
238.61,0.105,0,0.859,0.478,0,0.000,0.000,0.000,0.000,0.000,0.000,-0.001,-0.099
238.81,0.423,0,0.859,0.478,0,0.000,0.000,0.000,0.000,0.000,0.000,0.003,-0.105
239.01,0.105,0,0.857,0.478,0,0.000,0.000,0.000,0.000,0.000,0.000,0.008,-0.108
239.21,0.108,0,0.857,0.478,0,0.000,0.000,0.000,0.000,0.000,0.000,0.021,-0.119
239.41,0.422,0,0.863,0.478,0,0.000,0.000,0.000,0.000,0.000,0.000,0.014,-0.107
239.61,0.106,0,0.863,0.478,0,0.000,0.000,0.000,0.000,0.000,0.000,0.006,-0.104
239.81,0.108,0,0.863,0.478,0,0.000,0.000,0.000,0.000,0.000,0.000,0.017,-0.111
240.01,0.108,0,0.863,0.478,0,0.000,0.000,0.000,0.000,0.000,0.000,0.025,-0.103
240.21,0.105,0,0.863,0.478,0,0.000,0.000,0.000,0.000,0.000,0.000,0.014,-0.091
240.41,0.106,0,0.860,0.478,0,0.000,0.000,0.000,0.000,0.000,0.000,0.018,-0.096
240.61,0.105,0,0.860,0.478,0,0.000,0.000,0.000,0.000,0.000,0.000,0.011,-0.095
240.81,0.106,0,0.860,0.478,0,0.000,0.000,0.000,0.000,0.000,0.000,0.013,-0.100
241.01,0.105,0,0.863,0.477,0,0.000,0.000,0.000,0.000,0.000,0.000,0.007,-0.097
241.21,0.105,0,0.863,0.477,0,0.000,0.000,0.000,0.000,0.000,0.000,0.017,-0.124
241.41,0.108,0,0.860,0.478,0,0.000,0.000,0.000,0.000,0.000,0.000,0.029,-0.123
241.61,0.422,0,0.860,0.478,0,0.000,0.000,0.000,0.000,0.000,0.000,0.011,-0.076
241.81,0.424,0,0.860,0.478,0,0.000,0.000,0.000,0.000,0.000,0.000,0.005,-0.099
242.01,0.105,0,0.864,0.478,0,0.000,0.000,0.000,0.000,0.000,0.000,0.004,-0.104
242.21,0.106,0,0.864,0.478,0,0.000,0.000,0.000,0.000,0.000,0.000,-0.011,-0.084
242.41,0.108,0,0.870,0.477,0,0.000,0.000,0.000,0.000,0.000,0.000,-0.023,-0.069
242.61,0.105,0,0.870,0.477,0,0.000,0.000,0.000,0.000,0.000,0.000,-0.012,-0.081
242.81,0.108,0,0.870,0.477,0,0.000,0.000,0.000,0.000,0.000,0.000,0.005,-0.087
243.01,0.423,0,0.874,0.482,0,0.000,0.000,0.000,0.000,0.000,0.000,0.007,-0.081
243.21,0.422,0,0.874,0.482,0,0.000,0.000,0.000,0.000,0.000,0.000,0.008,-0.086
243.41,0.108,0,0.870,0.483,0,0.000,0.000,0.000,0.000,0.000,0.000,0.002,-0.084
243.61,0.106,0,0.870,0.483,0,0.000,0.000,0.000,0.000,0.000,0.000,0.002,-0.078
243.81,0.105,0,0.870,0.483,0,0.000,0.000,0.000,0.000,0.000,0.000,-0.001,-0.083
244.01,0.421,0,0.869,0.481,0,0.000,0.000,0.000,0.000,0.000,0.000,0.004,-0.101
244.21,0.421,0,0.869,0.481,0,0.000,0.000,0.000,0.000,0.000,0.000,0.010,-0.095
244.41,0.105,0,0.865,0.480,0,0.000,0.000,0.000,0.000,0.000,0.000,0.010,-0.090
244.61,0.428,0,0.865,0.480,0,0.000,0.000,0.000,0.000,0.000,0.000,0.007,-0.098
244.81,0.108,0,0.865,0.480,0,0.000,0.000,0.000,0.000,0.000,0.000,0.011,-0.098
245.01,0.108,0,0.860,0.478,0,0.000,0.000,0.000,0.000,0.000,0.000,0.018,-0.095
245.21,0.424,0,0.860,0.478,0,0.000,0.000,0.000,0.000,0.000,0.000,0.016,-0.088
245.41,0.422,0,0.868,0.478,0,0.000,0.000,0.000,0.000,0.000,0.000,0.019,-0.091
245.61,0.105,0,0.868,0.478,0,0.000,0.000,0.000,0.000,0.000,0.000,0.018,-0.096
245.81,0.108,0,0.868,0.478,0,0.000,0.000,0.000,0.000,0.000,0.000,0.012,-0.103
246.01,0.423,0,0.869,0.477,0,0.000,0.000,0.000,0.000,0.000,0.000,0.002,-0.103
246.21,0.106,0,0.869,0.477,0,0.000,0.000,0.000,0.000,0.000,0.000,0.014,-0.098
246.41,0.421,0,0.869,0.478,0,0.000,0.000,0.000,0.000,0.000,0.000,0.024,-0.092
246.61,0.422,0,0.869,0.478,0,0.000,0.000,0.000,0.000,0.000,0.000,0.022,-0.089
246.81,0.106,0,0.869,0.478,0,0.000,0.000,0.000,0.000,0.000,0.000,0.013,-0.091
247.01,0.105,0,0.875,0.477,0,0.000,0.000,0.000,0.000,0.000,0.000,0.014,-0.095
247.21,0.105,0,0.875,0.477,0,0.000,0.000,0.000,0.000,0.000,0.000,0.013,-0.103
247.41,0.105,0,0.871,0.477,0,0.000,0.000,0.000,0.000,0.000,0.000,0.004,-0.100
247.61,0.106,0,0.871,0.477,0,0.000,0.000,0.000,0.000,0.000,0.000,0.005,-0.091
247.81,0.105,0,0.871,0.477,0,0.000,0.000,0.000,0.000,0.000,0.000,0.005,-0.094
248.01,0.105,0,0.867,0.477,0,0.000,0.000,0.000,0.000,0.000,0.000,0.007,-0.086
248.21,0.108,0,0.867,0.477,0,0.000,0.000,0.000,0.000,0.000,0.000,0.009,-0.087
248.41,0.108,0,0.873,0.477,0,0.000,0.000,0.000,0.000,0.000,0.000,0.018,-0.102
248.61,0.105,0,0.873,0.477,0,0.000,0.000,0.000,0.000,0.000,0.000,0.010,-0.106
248.81,0.108,0,0.873,0.477,0,0.000,0.000,0.000,0.000,0.000,0.000,0.007,-0.095
249.01,0.106,0,0.872,0.478,0,0.000,0.000,0.000,0.000,0.000,0.000,0.009,-0.087
249.21,0.424,0,0.872,0.478,0,0.000,0.000,0.000,0.000,0.000,0.000,0.013,-0.089
249.41,0.108,0,0.865,0.478,0,0.000,0.000,0.000,0.000,0.000,0.000,0.015,-0.086
249.61,0.105,0,0.865,0.478,0,0.000,0.000,0.000,0.000,0.000,0.000,0.018,-0.088
249.81,0.108,0,0.865,0.478,0,0.000,0.000,0.000,0.000,0.000,0.000,0.020,-0.093
250.01,0.108,0,0.874,0.477,0,0.000,0.000,0.000,0.000,0.000,0.000,0.006,-0.091
250.21,0.106,0,0.874,0.477,0,0.000,0.000,0.000,0.000,0.000,0.000,-0.001,-0.083
250.41,0.108,0,0.868,0.478,0,0.000,0.000,0.000,0.000,0.000,0.000,0.003,-0.080
250.61,0.105,0,0.868,0.478,0,0.000,0.000,0.000,0.000,0.000,0.000,0.010,-0.089
250.81,0.421,0,0.868,0.478,0,0.000,0.000,0.000,0.000,0.000,0.000,0.004,-0.098
251.01,0.108,0,0.890,0.478,0,0.000,0.000,0.000,0.000,0.000,0.000,-0.002,-0.103
251.21,0.106,0,0.890,0.478,0,0.000,0.000,0.000,0.000,0.000,0.000,-0.004,-0.087
251.41,0.424,0,0.963,0.478,0,0.000,0.000,0.000,0.000,0.000,0.000,0.000,-0.081
251.61,0.424,0,0.963,0.478,0,0.000,0.000,0.000,0.000,0.000,0.000,0.016,-0.097
251.81,0.105,0,0.963,0.478,0,0.000,0.000,0.000,0.000,0.000,0.000,0.010,-0.104
252.01,0.105,0,0.961,0.477,0,0.000,0.000,0.000,0.000,0.000,0.000,-0.001,-0.094
252.21,0.108,0,0.961,0.477,0,0.000,0.000,0.000,0.000,0.000,0.000,0.004,-0.090
252.41,0.424,0,0.921,0.478,0,0.000,0.000,0.000,0.000,0.000,0.000,0.010,-0.095
252.61,0.424,0,0.921,0.478,0,0.000,0.000,0.000,0.000,0.000,0.000,0.013,-0.093
252.81,0.424,0,0.921,0.478,0,0.000,0.000,0.000,0.000,0.000,0.000,0.012,-0.102
253.01,0.106,0,0.892,0.477,0,0.000,0.000,0.000,0.000,0.000,0.000,0.010,-0.098
253.21,0.105,0,0.892,0.477,0,0.000,0.000,0.000,0.000,0.000,0.000,0.016,-0.104
253.41,0.108,0,0.885,0.478,0,0.000,0.000,0.000,0.000,0.000,0.000,0.017,-0.099
253.61,0.108,0,0.885,0.478,0,0.000,0.000,0.000,0.000,0.000,0.000,0.017,-0.088
253.81,0.424,0,0.885,0.478,0,0.000,0.000,0.000,0.000,0.000,0.000,0.020,-0.079
254.01,0.424,0,0.884,0.477,0,0.000,0.000,0.000,0.000,0.000,0.000,0.023,-0.095
254.21,0.108,0,0.884,0.477,0,0.000,0.000,0.000,0.000,0.000,0.000,0.008,-0.102
254.41,0.501,0,0.879,0.477,0,0.000,0.000,0.000,0.000,0.000,0.000,0.001,-0.096
254.61,0.106,0,0.879,0.477,0,0.000,0.000,0.000,0.000,0.000,0.000,0.010,-0.095
254.81,0.105,0,0.879,0.477,0,0.000,0.000,0.000,0.000,0.000,0.000,0.014,-0.099
255.01,0.426,0,0.880,0.478,0,0.000,0.000,0.000,0.000,0.000,0.000,0.007,-0.092
255.21,0.424,0,0.880,0.478,0,0.000,0.000,0.000,0.000,0.000,0.000,0.003,-0.087
255.41,0.108,0,0.879,0.480,0,0.000,0.000,0.000,0.000,0.000,0.000,0.016,-0.103
255.61,0.106,0,0.879,0.480,0,0.000,0.000,0.000,0.000,0.000,0.000,0.025,-0.099
255.81,0.421,0,0.879,0.480,0,0.000,0.000,0.000,0.000,0.000,0.000,0.017,-0.090
256.01,0.106,0,0.877,0.478,0,0.000,0.000,0.000,0.000,0.000,0.000,0.006,-0.091
256.21,0.106,0,0.877,0.478,0,0.000,0.000,0.000,0.000,0.000,0.000,0.010,-0.106
256.41,0.106,0,0.875,0.477,0,0.000,0.000,0.000,0.000,0.000,0.000,0.015,-0.101
256.61,0.108,0,0.875,0.477,0,0.000,0.000,0.000,0.000,0.000,0.000,0.009,-0.087
256.81,0.108,0,0.875,0.477,0,0.000,0.000,0.000,0.000,0.000,0.000,0.015,-0.098
257.01,0.424,0,0.874,0.478,0,0.000,0.000,0.000,0.000,0.000,0.000,0.021,-0.099
257.21,0.424,0,0.874,0.478,0,0.000,0.000,0.000,0.000,0.000,0.000,0.016,-0.104
257.41,0.424,0,0.874,0.479,0,0.000,0.000,0.000,0.000,0.000,0.000,0.019,-0.095
257.61,0.108,0,0.874,0.479,0,0.000,0.000,0.000,0.000,0.000,0.000,0.008,-0.088
257.81,0.106,0,0.874,0.479,0,0.000,0.000,0.000,0.000,0.000,0.000,0.016,-0.105
258.01,0.105,0,0.874,0.478,0,0.000,0.000,0.000,0.000,0.000,0.000,0.015,-0.109
258.21,0.106,0,0.874,0.478,0,0.000,0.000,0.000,0.000,0.000,0.000,0.008,-0.092
258.41,0.105,0,0.873,0.478,0,0.000,0.000,0.000,0.000,0.000,0.000,0.006,-0.097
258.61,0.424,0,0.873,0.478,0,0.000,0.000,0.000,0.000,0.000,0.000,0.013,-0.096
258.81,0.105,0,0.873,0.478,0,0.000,0.000,0.000,0.000,0.000,0.000,0.014,-0.096
259.01,0.108,0,0.871,0.478,0,0.000,0.000,0.000,0.000,0.000,0.000,0.014,-0.104
259.21,0.105,0,0.871,0.478,0,0.000,0.000,0.000,0.000,0.000,0.000,0.014,-0.104
259.41,0.105,0,0.872,0.478,0,0.000,0.000,0.000,0.000,0.000,0.000,0.013,-0.096
259.61,0.426,0,0.872,0.478,0,0.000,0.000,0.000,0.000,0.000,0.000,0.011,-0.092
259.81,0.421,0,0.872,0.478,0,0.000,0.000,0.000,0.000,0.000,0.000,0.009,-0.095
260.01,0.106,0,0.874,0.478,0,0.000,0.000,0.000,0.000,0.000,0.000,0.009,-0.095
260.21,0.106,0,0.874,0.478,0,0.000,0.000,0.000,0.000,0.000,0.000,0.016,-0.090
260.41,0.106,0,0.873,0.478,0,0.000,0.000,0.000,0.000,0.000,0.000,0.011,-0.096
260.61,0.430,0,0.873,0.478,0,0.000,0.000,0.000,0.000,0.000,0.000,0.005,-0.093
260.81,0.424,0,0.873,0.478,0,0.000,0.000,0.000,0.000,0.000,0.000,0.007,-0.088
261.01,0.105,0,0.875,0.477,0,0.000,0.000,0.000,0.000,0.000,0.000,0.015,-0.100
261.21,0.108,0,0.875,0.477,0,0.000,0.000,0.000,0.000,0.000,0.000,0.016,-0.098
261.41,0.421,0,0.890,0.480,0,0.000,0.000,0.000,0.000,0.000,0.000,0.017,-0.097
261.61,0.424,0,0.890,0.480,0,0.000,0.000,0.000,0.000,0.000,0.000,-0.004,-0.089
261.81,0.424,0,0.890,0.480,0,0.000,0.000,0.000,0.000,0.000,0.000,-0.002,-0.082
262.01,0.108,0,0.918,0.478,0,0.000,0.000,0.000,0.000,0.000,0.000,0.014,-0.093
262.21,0.106,0,0.918,0.478,0,0.000,0.000,0.000,0.000,0.000,0.000,0.008,-0.120
262.41,0.106,0,0.949,0.478,0,0.000,0.000,0.000,0.000,0.000,0.000,-0.003,-0.094
262.61,0.105,0,0.949,0.478,0,0.000,0.000,0.000,0.000,0.000,0.000,-0.002,-0.087
262.81,0.105,0,0.949,0.478,0,0.000,0.000,0.000,0.000,0.000,0.000,-0.000,-0.095
263.01,0.424,0,1.005,0.478,0,0.000,0.000,0.000,0.000,0.000,0.000,-0.004,-0.090
263.21,0.424,0,1.005,0.478,0,0.000,0.000,0.000,0.000,0.000,0.000,0.003,-0.079
263.41,0.108,0,1.047,0.478,0,0.000,0.000,0.000,0.000,0.000,0.000,0.002,-0.084
263.61,0.108,0,1.047,0.478,0,0.000,0.000,0.000,0.000,0.000,0.000,-0.002,-0.094
263.81,0.108,0,1.047,0.478,0,0.000,0.000,0.000,0.000,0.000,0.000,-0.004,-0.102
264.01,0.105,0,0.976,0.478,0,0.000,0.000,0.000,0.000,0.000,0.000,0.004,-0.098
264.21,0.421,0,0.976,0.478,0,0.000,0.000,0.000,0.000,0.000,0.000,0.007,-0.089
264.41,0.423,0,0.883,0.478,0,0.000,0.000,0.000,0.000,0.000,0.000,0.016,-0.098
264.61,0.108,0,0.883,0.478,0,0.000,0.000,0.000,0.000,0.000,0.000,0.015,-0.100
264.81,0.108,0,0.883,0.478,0,0.000,0.000,0.000,0.000,0.000,0.000,0.013,-0.106
265.01,0.426,0,0.812,0.478,0,0.000,0.000,0.000,0.000,0.000,0.000,0.016,-0.103
265.21,0.426,0,0.812,0.478,0,0.000,0.000,0.000,0.000,0.000,0.000,0.012,-0.100
265.41,0.108,0,0.803,0.478,0,0.000,0.000,0.000,0.000,0.000,0.000,0.018,-0.105
265.61,0.105,0,0.803,0.478,0,0.000,0.000,0.000,0.000,0.000,0.000,0.020,-0.115
265.81,0.105,0,0.803,0.478,0,0.000,0.000,0.000,0.000,0.000,0.000,0.008,-0.114
266.01,0.424,0,0.802,0.478,0,0.000,0.000,0.000,0.000,0.000,0.000,0.004,-0.098
266.21,0.105,0,0.802,0.478,0,0.000,0.000,0.000,0.000,0.000,0.000,0.008,-0.109
266.41,0.421,0,0.808,0.480,0,0.000,0.000,0.000,0.000,0.000,0.000,0.013,-0.120
266.61,0.424,0,0.808,0.480,0,0.000,0.000,0.000,0.000,0.000,0.000,0.010,-0.108
266.81,0.423,0,0.808,0.480,0,0.000,0.000,0.000,0.000,0.000,0.000,0.002,-0.089
267.01,0.421,0,0.832,0.481,0,0.000,0.000,0.000,0.000,0.000,0.000,0.002,-0.107
267.21,0.421,0,0.832,0.481,0,0.000,0.000,0.000,0.000,0.000,0.000,0.002,-0.105
267.41,0.108,0,0.953,0.477,0,0.000,0.000,0.000,0.000,0.000,0.000,-0.005,-0.104
267.61,0.431,0,0.953,0.477,0,0.000,0.000,0.000,0.000,0.000,0.000,-0.003,-0.093
267.81,0.108,0,0.953,0.477,0,0.000,0.000,0.000,0.000,0.000,0.000,-0.002,-0.091
268.01,0.105,0,0.981,0.478,0,0.000,0.000,0.000,0.000,0.000,0.000,-0.005,-0.095
268.21,0.428,0,0.981,0.478,0,0.000,0.000,0.000,0.000,0.000,0.000,-0.001,-0.106
268.41,0.424,0,1.001,0.477,0,0.000,0.000,0.000,0.000,0.000,0.000,-0.000,-0.096
268.61,0.424,0,1.001,0.477,0,0.000,0.000,0.000,0.000,0.000,0.000,-0.011,-0.078
268.81,0.424,0,1.001,0.477,0,0.000,0.000,0.000,0.000,0.000,0.000,-0.008,-0.077
269.01,0.106,0,1.000,0.478,0,0.000,0.000,0.000,0.000,0.000,0.000,-0.001,-0.101
269.21,0.108,0,1.000,0.478,0,0.000,0.000,0.000,0.000,0.000,0.000,0.002,-0.117
269.41,0.424,0,0.929,0.477,0,0.000,0.000,0.000,0.000,0.000,0.000,0.004,-0.112
269.61,0.428,0,0.929,0.477,0,0.000,0.000,0.000,0.000,0.000,0.000,-0.004,-0.093
269.81,0.108,0,0.929,0.477,0,0.000,0.000,0.000,0.000,0.000,0.000,-0.000,-0.097
270.01,0.424,0,0.952,0.478,0,0.000,0.000,0.000,0.000,0.000,0.000,0.004,-0.100
270.21,0.105,0,0.952,0.478,0,0.000,0.000,0.000,0.000,0.000,0.000,-0.006,-0.102
270.41,0.108,0,0.960,0.477,0,0.000,0.000,0.000,0.000,0.000,0.000,-0.013,-0.091
270.61,0.421,0,0.960,0.477,0,0.000,0.000,0.000,0.000,0.000,0.000,-0.002,-0.092
270.81,0.105,0,0.960,0.477,0,0.000,0.000,0.000,0.000,0.000,0.000,0.009,-0.112
271.01,0.105,0,0.850,0.479,0,0.000,0.000,0.000,0.000,0.000,0.000,-0.001,-0.100
271.21,0.106,0,0.850,0.479,0,0.000,0.000,0.000,0.000,0.000,0.000,-0.001,-0.095
271.41,0.106,0,0.736,0.479,0,0.000,0.000,0.000,0.000,0.000,0.000,-0.001,-0.101
271.61,0.424,0,0.736,0.479,0,0.000,0.000,0.000,0.000,0.000,0.000,0.008,-0.104
271.81,0.105,0,0.736,0.479,0,0.000,0.000,0.000,0.000,0.000,0.000,0.018,-0.110
272.01,0.424,0,0.711,0.481,0,0.000,0.000,0.000,0.000,0.000,0.000,0.013,-0.120
272.21,0.105,0,0.711,0.481,0,0.000,0.000,0.000,0.000,0.000,0.000,0.011,-0.120
272.41,0.424,0,0.684,0.478,0,0.000,0.000,0.000,0.000,0.000,0.000,0.014,-0.121
272.61,0.108,0,0.684,0.478,0,0.000,0.000,0.000,0.000,0.000,0.000,0.008,-0.099
272.81,0.105,0,0.684,0.478,0,0.000,0.000,0.000,0.000,0.000,0.000,0.013,-0.103
273.01,0.501,0,0.718,0.477,0,0.000,0.000,0.000,0.000,0.000,0.000,0.009,-0.103
273.21,0.105,0,0.718,0.477,0,0.000,0.000,0.000,0.000,0.000,0.000,0.014,-0.107
273.41,0.421,0,0.706,0.478,0,0.000,0.000,0.000,0.000,0.000,0.000,0.016,-0.103
273.61,0.106,0,0.706,0.478,0,0.000,0.000,0.000,0.000,0.000,0.000,0.013,-0.097
273.81,0.105,0,0.706,0.478,0,0.000,0.000,0.000,0.000,0.000,0.000,0.013,-0.108
274.01,0.108,0,0.710,0.478,0,0.000,0.000,0.000,0.000,0.000,0.000,0.007,-0.104
274.21,0.105,0,0.710,0.478,0,0.000,0.000,0.000,0.000,0.000,0.000,0.012,-0.091
274.41,0.424,0,0.711,0.478,0,0.000,0.000,0.000,0.000,0.000,0.000,0.015,-0.111
274.61,0.424,0,0.711,0.478,0,0.000,0.000,0.000,0.000,0.000,0.000,0.009,-0.112
274.81,0.105,0,0.711,0.478,0,0.000,0.000,0.000,0.000,0.000,0.000,0.014,-0.103
275.01,0.108,0,0.704,0.477,0,0.000,0.000,0.000,0.000,0.000,0.000,0.009,-0.100
275.21,0.424,0,0.704,0.477,0,0.000,0.000,0.000,0.000,0.000,0.000,0.003,-0.103
275.41,0.105,0,0.701,0.478,0,0.000,0.000,0.000,0.000,0.000,0.000,0.012,-0.111
275.61,0.105,0,0.701,0.478,0,0.000,0.000,0.000,0.000,0.000,0.000,0.023,-0.123
275.81,0.105,0,0.701,0.478,0,0.000,0.000,0.000,0.000,0.000,0.000,0.015,-0.111
276.01,0.424,0,0.699,0.478,0,0.000,0.000,0.000,0.000,0.000,0.000,0.011,-0.106
276.21,0.424,0,0.699,0.478,0,0.000,0.000,0.000,0.000,0.000,0.000,0.007,-0.106
276.41,0.421,0,0.700,0.477,0,0.000,0.000,0.000,0.000,0.000,0.000,0.016,-0.104
276.61,0.105,0,0.700,0.477,0,0.000,0.000,0.000,0.000,0.000,0.000,0.025,-0.119
276.81,0.421,0,0.700,0.477,0,0.000,0.000,0.000,0.000,0.000,0.000,0.018,-0.115
277.01,0.431,0,0.697,0.479,0,0.000,0.000,0.000,0.000,0.000,0.000,0.003,-0.102
277.21,0.424,0,0.697,0.479,0,0.000,0.000,0.000,0.000,0.000,0.000,0.010,-0.103
277.41,0.421,0,0.730,0.481,0,0.000,0.000,0.000,0.000,0.000,0.000,0.017,-0.104
277.61,0.424,0,0.730,0.481,0,0.000,0.000,0.000,0.000,0.000,0.000,0.018,-0.113
277.81,0.108,0,0.730,0.481,0,0.000,0.000,0.000,0.000,0.000,0.000,0.012,-0.111
278.01,0.108,0,0.741,0.480,0,0.000,0.000,0.000,0.000,0.000,0.000,0.012,-0.105
278.21,0.106,0,0.741,0.480,0,0.000,0.000,0.000,0.000,0.000,0.000,0.013,-0.104
278.41,0.105,0,0.748,0.480,0,0.000,0.000,0.000,0.000,0.000,0.000,0.007,-0.108
278.61,0.106,0,0.748,0.480,0,0.000,0.000,0.000,0.000,0.000,0.000,0.006,-0.108
278.81,0.386,0,0.748,0.480,0,0.000,0.000,0.000,0.000,0.000,0.000,0.009,-0.095
279.01,0.106,0,0.751,0.481,0,0.000,0.000,0.000,0.000,0.000,0.000,0.015,-0.101
279.21,0.108,0,0.751,0.481,0,0.000,0.000,0.000,0.000,0.000,0.000,0.002,-0.103
279.41,0.373,0,0.217,0.480,0,0.000,0.000,0.000,0.000,0.000,0.000,0.003,-0.101
279.61,0.106,0,0.217,0.480,0,0.000,0.000,0.000,0.000,0.000,0.000,0.009,-0.101
279.81,0.106,0,0.217,0.480,0,0.000,0.000,0.000,0.000,0.000,0.000,0.007,-0.095
280.01,0.108,0,0.752,0.481,0,0.000,0.000,0.000,0.000,0.000,0.000,0.013,-0.103
280.21,0.105,0,0.752,0.481,0,0.000,0.000,0.000,0.000,0.000,0.000,0.012,-0.107
280.41,0.106,0,0.757,0.481,0,0.000,0.000,0.000,0.000,0.000,0.000,0.007,-0.091
280.61,0.106,0,0.757,0.481,0,0.000,0.000,0.000,0.000,0.000,0.000,0.017,-0.102
280.81,0.385,0,0.757,0.481,0,0.000,0.000,0.000,0.000,0.000,0.000,0.012,-0.096
281.01,0.108,0,0.739,0.481,0,0.000,0.000,0.000,0.000,0.000,0.000,0.008,-0.094
281.21,0.108,0,0.739,0.481,0,0.000,0.000,0.000,0.000,0.000,0.000,0.013,-0.100
281.41,0.318,0,0.737,0.481,0,0.000,0.000,0.000,0.000,0.000,0.000,0.012,-0.100
281.61,0.106,0,0.737,0.481,0,0.000,0.000,0.000,0.000,0.000,0.000,0.008,-0.103
281.81,0.106,0,0.737,0.481,0,0.000,0.000,0.000,0.000,0.000,0.000,0.004,-0.098
282.01,0.205,0,0.736,0.481,0,0.000,0.000,0.000,0.000,0.000,0.000,0.007,-0.097
282.21,0.108,0,0.736,0.481,0,0.000,0.000,0.000,0.000,0.000,0.000,0.014,-0.111
282.41,0.108,0,0.732,0.482,0,0.000,0.000,0.000,0.000,0.000,0.000,0.014,-0.115
282.61,0.108,0,0.732,0.482,0,0.000,0.000,0.000,0.000,0.000,0.000,0.014,-0.110
282.81,0.106,0,0.732,0.482,0,0.000,0.000,0.000,0.000,0.000,0.000,0.010,-0.106
283.01,0.106,0,0.727,0.481,0,0.000,0.000,0.000,0.000,0.000,0.000,0.008,-0.104
283.21,0.203,0,0.727,0.481,0,0.000,0.000,0.000,0.000,0.000,0.000,0.008,-0.108
283.41,0.205,0,0.727,0.480,0,0.000,0.000,0.000,0.000,0.000,0.000,0.007,-0.107
283.61,0.106,0,0.727,0.480,0,0.000,0.000,0.000,0.000,0.000,0.000,0.012,-0.113
283.81,0.207,0,0.727,0.480,0,0.000,0.000,0.000,0.000,0.000,0.000,0.009,-0.106
284.01,0.108,0,0.696,0.481,0,0.000,0.000,0.000,0.000,0.000,0.000,0.006,-0.105
284.21,0.108,0,0.696,0.481,0,0.000,0.000,0.000,0.000,0.000,0.000,0.004,-0.106
284.41,0.205,0,0.694,0.480,0,0.000,0.000,0.000,0.000,0.000,0.000,-0.000,-0.099
284.61,0.108,0,0.694,0.480,0,0.000,0.000,0.000,0.000,0.000,0.000,0.009,-0.111
284.81,0.105,0,0.694,0.480,0,0.000,0.000,0.000,0.000,0.000,0.000,0.014,-0.126
285.01,0.105,0,0.877,0.479,0,0.000,0.000,0.000,0.000,0.000,0.000,-0.013,-0.114
285.21,0.108,0,0.877,0.479,0,0.000,0.000,0.000,0.000,0.000,0.000,-0.017,-0.097
285.41,0.106,0,0.872,0.480,0,0.000,0.000,0.000,0.000,0.000,0.000,-0.003,-0.104
285.61,0.196,0,0.872,0.480,0,0.000,0.000,0.000,0.000,0.000,0.000,0.005,-0.119
285.81,0.207,0,0.872,0.480,0,0.000,0.000,0.000,0.000,0.000,0.000,-0.005,-0.105
286.01,0.105,0,0.877,0.478,0,0.000,0.000,0.000,0.000,0.000,0.000,-0.010,-0.097
286.21,0.213,0,0.877,0.478,0,0.000,0.000,0.000,0.000,0.000,0.000,-0.005,-0.108
286.41,0.105,0,0.924,0.480,0,0.000,0.000,0.000,0.000,0.000,0.000,-0.000,-0.111
286.61,0.215,0,0.924,0.480,0,0.000,0.000,0.000,0.000,0.000,0.000,-0.003,-0.104
286.81,0.213,0,0.924,0.480,0,0.000,0.000,0.000,0.000,0.000,0.000,-0.002,-0.103
287.01,0.108,0,0.957,0.480,0,0.000,0.000,0.000,0.000,0.000,0.000,-0.006,-0.108
287.21,0.105,0,0.957,0.480,0,0.000,0.000,0.000,0.000,0.000,0.000,-0.001,-0.118
287.41,0.105,0,0.954,0.478,0,0.000,0.000,0.000,0.000,0.000,0.000,0.004,-0.115
287.61,0.106,0,0.954,0.478,0,0.000,0.000,0.000,0.000,0.000,0.000,-0.000,-0.112
287.81,0.108,0,0.954,0.478,0,0.000,0.000,0.000,0.000,0.000,0.000,-0.002,-0.107
288.01,0.105,0,0.945,0.477,0,0.000,0.000,0.000,0.000,0.000,0.000,0.006,-0.129
288.21,0.213,0,0.945,0.477,0,0.000,0.000,0.000,0.000,0.000,0.000,0.006,-0.133
288.41,0.212,0,0.944,0.478,0,0.000,0.000,0.000,0.000,0.000,0.000,0.004,-0.121
288.61,0.106,0,0.944,0.478,0,0.000,0.000,0.000,0.000,0.000,0.000,0.001,-0.112
288.81,0.211,0,0.944,0.478,0,0.000,0.000,0.000,0.000,0.000,0.000,0.006,-0.113
289.01,0.106,0,0.936,0.477,0,0.000,0.000,0.000,0.000,0.000,0.000,-0.002,-0.115
289.21,0.105,0,0.936,0.477,0,0.000,0.000,0.000,0.000,0.000,0.000,0.004,-0.115
289.41,0.105,0,0.933,0.477,0,0.000,0.000,0.000,0.000,0.000,0.000,-0.001,-0.116
289.61,0.105,0,0.933,0.477,0,0.000,0.000,0.000,0.000,0.000,0.000,-0.000,-0.109
289.81,0.108,0,0.933,0.477,0,0.000,0.000,0.000,0.000,0.000,0.000,0.006,-0.109
290.01,0.108,0,0.933,0.478,0,0.000,0.000,0.000,0.000,0.000,0.000,0.005,-0.111
290.21,0.194,0,0.933,0.478,0,0.000,0.000,0.000,0.000,0.000,0.000,-0.000,-0.098
290.41,0.108,0,0.931,0.477,0,0.000,0.000,0.000,0.000,0.000,0.000,0.007,-0.104
290.61,0.108,0,0.931,0.477,0,0.000,0.000,0.000,0.000,0.000,0.000,0.011,-0.125
290.81,0.105,0,0.931,0.477,0,0.000,0.000,0.000,0.000,0.000,0.000,0.001,-0.129
291.01,0.108,0,0.936,0.478,0,0.000,0.000,0.000,0.000,0.000,0.000,-0.001,-0.131
291.21,0.108,0,0.936,0.478,0,0.000,0.000,0.000,0.000,0.000,0.000,0.001,-0.114
291.41,0.105,0,0.936,0.479,0,0.000,0.000,0.000,0.000,0.000,0.000,0.005,-0.111
291.61,0.219,0,0.936,0.479,0,0.000,0.000,0.000,0.000,0.000,0.000,0.003,-0.106
291.81,0.105,0,0.936,0.479,0,0.000,0.000,0.000,0.000,0.000,0.000,0.002,-0.117
292.01,0.105,0,0.935,0.478,0,0.000,0.000,0.000,0.000,0.000,0.000,0.006,-0.114
292.21,0.236,0,0.935,0.478,0,0.000,0.000,0.000,0.000,0.000,0.000,0.018,-0.116
292.41,0.105,0,0.945,0.480,0,0.000,0.000,0.000,0.000,0.000,0.000,0.013,-0.106
292.61,0.106,0,0.945,0.480,0,0.000,0.000,0.000,0.000,0.000,0.000,0.008,-0.105
292.81,0.106,0,0.945,0.480,0,0.000,0.000,0.000,0.000,0.000,0.000,0.007,-0.102
293.01,0.105,0,0.941,0.478,0,0.000,0.000,0.000,0.000,0.000,0.000,0.004,-0.107
293.21,0.106,0,0.941,0.478,0,0.000,0.000,0.000,0.000,0.000,0.000,0.001,-0.092
293.41,0.106,0,0.937,0.478,0,0.000,0.000,0.000,0.000,0.000,0.000,0.001,-0.094
293.61,0.235,0,0.937,0.478,0,0.000,0.000,0.000,0.000,0.000,0.000,0.004,-0.107
293.81,0.108,0,0.937,0.478,0,0.000,0.000,0.000,0.000,0.000,0.000,0.013,-0.113
294.01,0.105,0,0.932,0.478,0,0.000,0.000,0.000,0.000,0.000,0.000,0.022,-0.113
294.21,0.105,0,0.932,0.478,0,0.000,0.000,0.000,0.000,0.000,0.000,0.009,-0.113
294.41,0.222,0,0.926,0.478,0,0.000,0.000,0.000,0.000,0.000,0.000,-0.001,-0.107
294.61,0.217,0,0.926,0.478,0,0.000,0.000,0.000,0.000,0.000,0.000,0.006,-0.097
294.81,0.106,0,0.926,0.478,0,0.000,0.000,0.000,0.000,0.000,0.000,0.010,-0.093
295.01,0.106,0,0.921,0.477,0,0.000,0.000,0.000,0.000,0.000,0.000,0.022,-0.121
295.21,0.225,0,0.921,0.477,0,0.000,0.000,0.000,0.000,0.000,0.000,0.020,-0.121
295.41,0.106,0,0.922,0.477,0,0.000,0.000,0.000,0.000,0.000,0.000,0.014,-0.116
295.61,0.105,0,0.922,0.477,0,0.000,0.000,0.000,0.000,0.000,0.000,0.012,-0.107
295.81,0.106,0,0.922,0.477,0,0.000,0.000,0.000,0.000,0.000,0.000,0.005,-0.110
296.01,0.105,0,0.928,0.480,0,0.000,0.000,0.000,0.000,0.000,0.000,0.014,-0.119
296.21,0.105,0,0.928,0.480,0,0.000,0.000,0.000,0.000,0.000,0.000,0.020,-0.115
296.41,0.108,0,0.924,0.478,0,0.000,0.000,0.000,0.000,0.000,0.000,0.019,-0.110
296.61,0.108,0,0.924,0.478,0,0.000,0.000,0.000,0.000,0.000,0.000,0.018,-0.121
296.81,0.234,0,0.924,0.478,0,0.000,0.000,0.000,0.000,0.000,0.000,0.022,-0.127
297.01,0.236,0,0.927,0.478,0,0.000,0.000,0.000,0.000,0.000,0.000,0.009,-0.121
297.21,0.237,0,0.927,0.478,0,0.000,0.000,0.000,0.000,0.000,0.000,0.008,-0.114
297.41,0.241,0,0.937,0.477,0,0.000,0.000,0.000,0.000,0.000,0.000,0.022,-0.112
297.61,0.230,0,0.937,0.477,0,0.000,0.000,0.000,0.000,0.000,0.000,0.017,-0.117
297.81,0.204,0,0.937,0.477,0,0.000,0.000,0.000,0.000,0.000,0.000,0.007,-0.124
298.01,0.213,0,0.992,0.478,0,0.000,0.000,0.000,0.000,0.000,0.000,-0.002,-0.110
298.21,0.105,0,0.992,0.478,0,0.000,0.000,0.000,0.000,0.000,0.000,0.009,-0.096
298.41,0.423,0,0.324,0.478,1,0.000,0.000,0.000,0.000,0.000,0.000,0.006,-0.105
298.61,0.105,0,0.324,0.478,1,0.000,0.000,0.000,0.000,0.000,0.000,0.012,-0.114
298.81,0.105,0,0.324,0.478,1,0.000,0.000,0.000,0.000,0.000,0.000,0.018,-0.106
299.01,0.108,0,1.169,0.477,0,0.000,0.000,0.000,0.000,0.000,0.000,0.018,-0.108
299.21,0.108,0,1.169,0.477,0,0.000,0.000,0.000,0.000,0.000,0.000,0.011,-0.114
299.41,0.431,0,1.089,0.477,0,0.000,0.000,0.000,0.000,0.000,0.000,0.000,-0.092
299.61,0.108,0,1.089,0.477,0,0.000,0.000,0.000,0.000,0.000,0.000,0.008,-0.084
299.81,0.421,0,1.089,0.477,0,0.000,0.000,0.000,0.000,0.000,0.000,0.016,-0.090
300.01,0.421,0,0.990,0.479,0,0.000,0.000,0.000,0.000,0.000,0.000,0.008,-0.086
300.21,0.105,0,0.990,0.479,0,0.000,0.000,0.000,0.000,0.000,0.000,0.014,-0.091
300.41,0.386,0,0.943,0.478,0,0.000,0.000,0.000,0.000,0.000,0.000,0.022,-0.090
300.61,0.105,0,0.943,0.478,0,0.000,0.000,0.000,0.000,0.000,0.000,0.007,-0.082
300.81,0.391,0,0.943,0.478,0,0.000,0.000,0.000,0.000,0.000,0.000,0.005,-0.092
301.01,0.106,0,0.934,0.478,0,0.000,0.000,0.000,0.000,0.000,0.000,0.011,-0.091
301.21,0.108,0,0.934,0.478,0,0.000,0.000,0.000,0.000,0.000,0.000,0.016,-0.081
301.41,0.108,0,0.970,0.478,0,0.000,0.000,0.000,0.000,0.000,0.000,0.012,-0.078
301.61,0.106,0,0.970,0.478,0,0.000,0.000,0.000,0.000,0.000,0.000,-0.000,-0.073
301.81,0.108,0,0.970,0.478,0,0.000,0.000,0.000,0.000,0.000,0.000,0.008,-0.084
302.01,0.108,0,0.988,0.477,0,0.000,0.000,0.000,0.000,0.000,0.000,0.009,-0.093
302.21,0.105,0,0.988,0.477,0,0.000,0.000,0.000,0.000,0.000,0.000,0.013,-0.082
302.41,0.106,0,0.961,0.478,0,0.000,0.000,0.000,0.000,0.000,0.000,0.012,-0.076
302.61,0.106,0,0.961,0.478,0,0.000,0.000,0.000,0.000,0.000,0.000,0.002,-0.079
302.81,0.409,0,0.961,0.478,0,0.000,0.000,0.000,0.000,0.000,0.000,-0.008,-0.092
303.01,0.402,0,0.947,0.478,0,0.000,0.000,0.000,0.000,0.000,0.000,-0.002,-0.090
303.21,0.108,0,0.947,0.478,0,0.000,0.000,0.000,0.000,0.000,0.000,0.001,-0.083
303.41,0.406,0,1.013,0.479,0,0.000,0.000,0.000,0.000,0.000,0.000,-0.008,-0.075
303.61,0.403,0,1.013,0.479,0,0.000,0.000,0.000,0.000,0.000,0.000,-0.003,-0.075
303.81,0.403,0,1.013,0.479,0,0.000,0.000,0.000,0.000,0.000,0.000,0.008,-0.089
304.01,0.106,0,1.043,0.483,0,0.000,0.000,0.000,0.000,0.000,0.000,-0.000,-0.077
304.21,0.106,0,1.043,0.483,0,0.000,0.000,0.000,0.000,0.000,0.000,-0.007,-0.068
304.41,0.398,0,1.045,0.481,0,0.000,0.000,0.000,0.000,0.000,0.000,-0.002,-0.084
304.61,0.402,0,1.045,0.481,0,0.000,0.000,0.000,0.000,0.000,0.000,0.010,-0.103
304.81,0.401,0,1.045,0.481,0,0.000,0.000,0.000,0.000,0.000,0.000,0.019,-0.097
305.01,0.106,0,1.011,0.483,0,0.000,0.000,0.000,0.000,0.000,0.000,0.013,-0.089
305.21,0.105,0,1.011,0.483,0,0.000,0.000,0.000,0.000,0.000,0.000,0.009,-0.087
305.41,0.105,0,0.994,0.482,0,0.000,0.000,0.000,0.000,0.000,0.000,0.005,-0.095
305.61,0.406,0,0.994,0.482,0,0.000,0.000,0.000,0.000,0.000,0.000,0.015,-0.095
305.81,0.404,0,0.994,0.482,0,0.000,0.000,0.000,0.000,0.000,0.000,0.009,-0.086
306.01,0.105,0,0.990,0.483,0,0.000,0.000,0.000,0.000,0.000,0.000,0.011,-0.086
306.21,0.392,0,0.990,0.483,0,0.000,0.000,0.000,0.000,0.000,0.000,0.015,-0.087
306.41,0.393,0,0.988,0.482,0,0.000,0.000,0.000,0.000,0.000,0.000,0.011,-0.096
306.61,0.108,0,0.988,0.482,0,0.000,0.000,0.000,0.000,0.000,0.000,-0.000,-0.092
306.81,0.108,0,0.988,0.482,0,0.000,0.000,0.000,0.000,0.000,0.000,0.000,-0.081
307.01,0.106,0,1.003,0.483,0,0.000,0.000,0.000,0.000,0.000,0.000,0.010,-0.075
307.21,0.397,0,1.003,0.483,0,0.000,0.000,0.000,0.000,0.000,0.000,0.011,-0.076
307.41,0.108,0,1.012,0.483,0,0.000,0.000,0.000,0.000,0.000,0.000,0.005,-0.090
307.61,0.106,0,1.012,0.483,0,0.000,0.000,0.000,0.000,0.000,0.000,0.002,-0.093
307.81,0.105,0,1.012,0.483,0,0.000,0.000,0.000,0.000,0.000,0.000,0.003,-0.082
308.01,0.393,0,1.023,0.483,0,0.000,0.000,0.000,0.000,0.000,0.000,0.008,-0.077
308.21,0.395,0,1.023,0.483,0,0.000,0.000,0.000,0.000,0.000,0.000,0.007,-0.089
308.41,0.394,0,1.012,0.482,0,0.000,0.000,0.000,0.000,0.000,0.000,0.009,-0.098
308.61,0.105,0,1.012,0.482,0,0.000,0.000,0.000,0.000,0.000,0.000,0.016,-0.103
308.81,0.108,0,1.012,0.482,0,0.000,0.000,0.000,0.000,0.000,0.000,0.011,-0.097
309.01,0.401,0,1.012,0.479,0,0.000,0.000,0.000,0.000,0.000,0.000,0.001,-0.084
309.21,0.400,0,1.012,0.479,0,0.000,0.000,0.000,0.000,0.000,0.000,0.006,-0.082
309.41,0.106,0,1.009,0.481,0,0.000,0.000,0.000,0.000,0.000,0.000,0.014,-0.095
309.61,0.389,0,1.009,0.481,0,0.000,0.000,0.000,0.000,0.000,0.000,0.009,-0.092
309.81,0.389,0,1.009,0.481,0,0.000,0.000,0.000,0.000,0.000,0.000,0.002,-0.081
310.01,0.394,0,1.014,0.481,0,0.000,0.000,0.000,0.000,0.000,0.000,0.003,-0.086
310.21,0.396,0,1.014,0.481,0,0.000,0.000,0.000,0.000,0.000,0.000,0.018,-0.080
310.41,0.106,0,0.987,0.480,0,0.000,0.000,0.000,0.000,0.000,0.000,0.021,-0.079
310.61,0.106,0,0.987,0.480,0,0.000,0.000,0.000,0.000,0.000,0.000,0.012,-0.088
310.81,0.108,0,0.987,0.480,0,0.000,0.000,0.000,0.000,0.000,0.000,0.013,-0.094
311.01,0.106,0,0.983,0.479,0,0.000,0.000,0.000,0.000,0.000,0.000,0.012,-0.093
311.21,0.108,0,0.983,0.479,0,0.000,0.000,0.000,0.000,0.000,0.000,0.010,-0.082
311.41,0.105,0,1.004,0.481,0,0.000,0.000,0.000,0.000,0.000,0.000,0.005,-0.085
311.61,0.106,0,1.004,0.481,0,0.000,0.000,0.000,0.000,0.000,0.000,0.008,-0.088
311.81,0.105,0,1.004,0.481,0,0.000,0.000,0.000,0.000,0.000,0.000,0.009,-0.085
312.01,0.389,0,1.006,0.481,0,0.000,0.000,0.000,0.000,0.000,0.000,0.009,-0.096
312.21,0.389,0,1.006,0.481,0,0.000,0.000,0.000,0.000,0.000,0.000,0.012,-0.092
312.41,0.105,0,1.001,0.481,0,0.000,0.000,0.000,0.000,0.000,0.000,0.014,-0.095
312.61,0.108,0,1.001,0.481,0,0.000,0.000,0.000,0.000,0.000,0.000,0.007,-0.083
312.81,0.108,0,1.001,0.481,0,0.000,0.000,0.000,0.000,0.000,0.000,0.008,-0.089
313.01,0.108,0,0.996,0.481,0,0.000,0.000,0.000,0.000,0.000,0.000,0.004,-0.087
313.21,0.393,0,0.996,0.481,0,0.000,0.000,0.000,0.000,0.000,0.000,0.014,-0.091
313.41,0.393,0,0.999,0.481,0,0.000,0.000,0.000,0.000,0.000,0.000,0.013,-0.089
313.61,0.108,0,0.999,0.481,0,0.000,0.000,0.000,0.000,0.000,0.000,0.001,-0.090
313.81,0.108,0,0.999,0.481,0,0.000,0.000,0.000,0.000,0.000,0.000,0.008,-0.080
314.01,0.108,0,0.997,0.481,0,0.000,0.000,0.000,0.000,0.000,0.000,0.014,-0.094
314.21,0.108,0,0.997,0.481,0,0.000,0.000,0.000,0.000,0.000,0.000,0.015,-0.095
314.41,0.108,0,1.002,0.481,0,0.000,0.000,0.000,0.000,0.000,0.000,0.006,-0.091
314.61,0.108,0,1.002,0.481,0,0.000,0.000,0.000,0.000,0.000,0.000,0.008,-0.091
314.81,0.399,0,1.002,0.481,0,0.000,0.000,0.000,0.000,0.000,0.000,0.013,-0.093
315.01,0.397,0,1.008,0.481,0,0.000,0.000,0.000,0.000,0.000,0.000,0.019,-0.100
315.21,0.394,0,1.008,0.481,0,0.000,0.000,0.000,0.000,0.000,0.000,0.012,-0.089
315.41,0.105,0,1.000,0.481,0,0.000,0.000,0.000,0.000,0.000,0.000,0.006,-0.087
315.61,0.108,0,1.000,0.481,0,0.000,0.000,0.000,0.000,0.000,0.000,0.003,-0.087
315.81,0.394,0,1.000,0.481,0,0.000,0.000,0.000,0.000,0.000,0.000,0.011,-0.084
316.01,0.396,0,1.006,0.481,0,0.000,0.000,0.000,0.000,0.000,0.000,0.006,-0.083
316.21,0.108,0,1.006,0.481,0,0.000,0.000,0.000,0.000,0.000,0.000,0.011,-0.084
316.41,0.108,0,1.038,0.482,0,0.000,0.000,0.000,0.000,0.000,0.000,0.011,-0.093
316.61,0.393,0,1.038,0.482,0,0.000,0.000,0.000,0.000,0.000,0.000,0.007,-0.089
316.81,0.394,0,1.038,0.482,0,0.000,0.000,0.000,0.000,0.000,0.000,0.007,-0.096
317.01,0.105,0,1.050,0.481,0,0.000,0.000,0.000,0.000,0.000,0.000,0.002,-0.099
317.21,0.108,0,1.050,0.481,0,0.000,0.000,0.000,0.000,0.000,0.000,0.005,-0.093
317.41,0.396,0,1.015,0.481,0,0.000,0.000,0.000,0.000,0.000,0.000,0.012,-0.087
317.61,0.398,0,1.015,0.481,0,0.000,0.000,0.000,0.000,0.000,0.000,0.003,-0.088
317.81,0.398,0,1.015,0.481,0,0.000,0.000,0.000,0.000,0.000,0.000,-0.002,-0.093
318.01,0.105,0,1.031,0.481,0,0.000,0.000,0.000,0.000,0.000,0.000,0.004,-0.079
318.21,0.108,0,1.031,0.481,0,0.000,0.000,0.000,0.000,0.000,0.000,0.008,-0.089
318.41,0.108,0,1.027,0.481,0,0.000,0.000,0.000,0.000,0.000,0.000,0.013,-0.094
318.61,0.394,0,1.027,0.481,0,0.000,0.000,0.000,0.000,0.000,0.000,0.008,-0.090
318.81,0.105,0,1.027,0.481,0,0.000,0.000,0.000,0.000,0.000,0.000,-0.003,-0.077
319.01,0.108,0,1.029,0.481,0,0.000,0.000,0.000,0.000,0.000,0.000,0.006,-0.101
319.21,0.394,0,1.029,0.481,0,0.000,0.000,0.000,0.000,0.000,0.000,0.007,-0.098
319.41,0.108,0,1.032,0.481,0,0.000,0.000,0.000,0.000,0.000,0.000,0.007,-0.086
319.61,0.105,0,1.032,0.481,0,0.000,0.000,0.000,0.000,0.000,0.000,0.007,-0.088
319.81,0.105,0,1.032,0.481,0,0.000,0.000,0.000,0.000,0.000,0.000,0.011,-0.094
320.01,0.106,0,1.033,0.481,0,0.000,0.000,0.000,0.000,0.000,0.000,0.009,-0.086
320.21,0.108,0,1.033,0.481,0,0.000,0.000,0.000,0.000,0.000,0.000,0.012,-0.088
320.41,0.396,0,1.035,0.480,0,0.000,0.000,0.000,0.000,0.000,0.000,0.011,-0.092
320.61,0.106,0,1.035,0.480,0,0.000,0.000,0.000,0.000,0.000,0.000,0.006,-0.107
320.81,0.105,0,1.035,0.480,0,0.000,0.000,0.000,0.000,0.000,0.000,0.007,-0.100
321.01,0.106,0,1.037,0.481,0,0.000,0.000,0.000,0.000,0.000,0.000,0.006,-0.088
321.21,0.105,0,1.037,0.481,0,0.000,0.000,0.000,0.000,0.000,0.000,0.006,-0.098
321.41,0.416,0,1.044,0.481,0,0.000,0.000,0.000,0.000,0.000,0.000,0.007,-0.091
321.61,0.422,0,1.044,0.481,0,0.000,0.000,0.000,0.000,0.000,0.000,0.008,-0.088
321.81,0.106,0,1.044,0.481,0,0.000,0.000,0.000,0.000,0.000,0.000,0.008,-0.083
322.01,0.105,0,1.050,0.481,0,0.000,0.000,0.000,0.000,0.000,0.000,0.008,-0.085
322.21,0.106,0,1.050,0.481,0,0.000,0.000,0.000,0.000,0.000,0.000,0.007,-0.097
322.41,0.409,0,1.039,0.481,0,0.000,0.000,0.000,0.000,0.000,0.000,0.007,-0.100
322.61,0.105,0,1.039,0.481,0,0.000,0.000,0.000,0.000,0.000,0.000,0.005,-0.093
322.81,0.108,0,1.039,0.481,0,0.000,0.000,0.000,0.000,0.000,0.000,0.011,-0.094
323.01,0.108,0,1.033,0.481,0,0.000,0.000,0.000,0.000,0.000,0.000,0.005,-0.086
323.21,0.390,0,1.033,0.481,0,0.000,0.000,0.000,0.000,0.000,0.000,0.005,-0.093
323.41,0.388,0,1.037,0.479,0,0.000,0.000,0.000,0.000,0.000,0.000,0.018,-0.116
323.61,0.108,0,1.037,0.479,0,0.000,0.000,0.000,0.000,0.000,0.000,0.011,-0.095
323.81,0.388,0,1.037,0.479,0,0.000,0.000,0.000,0.000,0.000,0.000,-0.007,-0.081
324.01,0.108,0,1.039,0.480,0,0.000,0.000,0.000,0.000,0.000,0.000,0.007,-0.105
324.21,0.106,0,1.039,0.480,0,0.000,0.000,0.000,0.000,0.000,0.000,0.014,-0.093
324.41,0.105,0,1.037,0.481,0,0.000,0.000,0.000,0.000,0.000,0.000,-0.006,-0.074
324.61,0.390,0,1.037,0.481,0,0.000,0.000,0.000,0.000,0.000,0.000,0.001,-0.094
324.81,0.108,0,1.037,0.481,0,0.000,0.000,0.000,0.000,0.000,0.000,0.016,-0.112
325.01,0.382,0,1.033,0.481,0,0.000,0.000,0.000,0.000,0.000,0.000,0.016,-0.095
325.21,0.389,0,1.033,0.481,0,0.000,0.000,0.000,0.000,0.000,0.000,-0.006,-0.082
325.41,0.386,0,1.033,0.481,0,0.000,0.000,0.000,0.000,0.000,0.000,-0.008,-0.087
325.61,0.105,0,1.033,0.481,0,0.000,0.000,0.000,0.000,0.000,0.000,-0.000,-0.094
325.81,0.105,0,1.033,0.481,0,0.000,0.000,0.000,0.000,0.000,0.000,0.009,-0.091
326.01,0.108,0,1.036,0.481,0,0.000,0.000,0.000,0.000,0.000,0.000,0.008,-0.101
326.21,0.106,0,1.036,0.481,0,0.000,0.000,0.000,0.000,0.000,0.000,0.001,-0.104
326.41,0.105,0,1.036,0.481,0,0.000,0.000,0.000,0.000,0.000,0.000,0.007,-0.092
326.61,0.105,0,1.036,0.481,0,0.000,0.000,0.000,0.000,0.000,0.000,0.011,-0.083
326.81,0.386,0,1.036,0.481,0,0.000,0.000,0.000,0.000,0.000,0.000,0.008,-0.085
327.01,0.386,0,1.038,0.481,0,0.000,0.000,0.000,0.000,0.000,0.000,0.007,-0.087
327.21,0.105,0,1.038,0.481,0,0.000,0.000,0.000,0.000,0.000,0.000,0.010,-0.091
327.41,0.105,0,1.031,0.481,0,0.000,0.000,0.000,0.000,0.000,0.000,0.008,-0.087
327.61,0.106,0,1.031,0.481,0,0.000,0.000,0.000,0.000,0.000,0.000,0.006,-0.089
327.81,0.105,0,1.031,0.481,0,0.000,0.000,0.000,0.000,0.000,0.000,0.009,-0.090
328.01,0.105,0,1.018,0.481,0,0.000,0.000,0.000,0.000,0.000,0.000,0.011,-0.097
328.21,0.385,0,1.018,0.481,0,0.000,0.000,0.000,0.000,0.000,0.000,0.014,-0.101
328.41,0.385,0,1.017,0.480,0,0.000,0.000,0.000,0.000,0.000,0.000,0.012,-0.086
328.61,0.105,0,1.017,0.480,0,0.000,0.000,0.000,0.000,0.000,0.000,0.006,-0.085
328.81,0.108,0,1.017,0.480,0,0.000,0.000,0.000,0.000,0.000,0.000,0.014,-0.101
329.01,0.374,0,1.014,0.481,0,0.000,0.000,0.000,0.000,0.000,0.000,0.014,-0.094
329.21,0.108,0,1.014,0.481,0,0.000,0.000,0.000,0.000,0.000,0.000,0.018,-0.102
329.41,0.382,0,1.013,0.481,0,0.000,0.000,0.000,0.000,0.000,0.000,0.013,-0.097
329.61,0.105,0,1.013,0.481,0,0.000,0.000,0.000,0.000,0.000,0.000,0.007,-0.084
329.81,0.106,0,1.013,0.481,0,0.000,0.000,0.000,0.000,0.000,0.000,0.011,-0.094
330.01,0.382,0,1.022,0.481,0,0.000,0.000,0.000,0.000,0.000,0.000,0.010,-0.090
330.21,0.106,0,1.022,0.481,0,0.000,0.000,0.000,0.000,0.000,0.000,0.016,-0.095
330.41,0.105,0,1.028,0.481,0,0.000,0.000,0.000,0.000,0.000,0.000,-0.003,-0.078
330.61,0.375,0,1.028,0.481,0,0.000,0.000,0.000,0.000,0.000,0.000,-0.000,-0.084
330.81,0.106,0,1.028,0.481,0,0.000,0.000,0.000,0.000,0.000,0.000,0.008,-0.081
331.01,0.105,0,1.031,0.481,0,0.000,0.000,0.000,0.000,0.000,0.000,0.011,-0.089
331.21,0.106,0,1.031,0.481,0,0.000,0.000,0.000,0.000,0.000,0.000,0.008,-0.083
331.41,0.105,0,1.029,0.480,0,0.000,0.000,0.000,0.000,0.000,0.000,-0.011,-0.067
331.61,0.105,0,1.029,0.480,0,0.000,0.000,0.000,0.000,0.000,0.000,-0.013,-0.073
331.81,0.105,0,1.029,0.480,0,0.000,0.000,0.000,0.000,0.000,0.000,0.016,-0.103
332.01,0.106,0,1.036,0.480,0,0.000,0.000,0.000,0.000,0.000,0.000,0.025,-0.101
332.21,0.376,0,1.036,0.480,0,0.000,0.000,0.000,0.000,0.000,0.000,0.001,-0.080
332.41,0.383,0,1.038,0.481,0,0.000,0.000,0.000,0.000,0.000,0.000,-0.001,-0.081
332.61,0.108,0,1.038,0.481,0,0.000,0.000,0.000,0.000,0.000,0.000,0.014,-0.096
332.81,0.105,0,1.038,0.481,0,0.000,0.000,0.000,0.000,0.000,0.000,0.008,-0.097
333.01,0.108,0,1.033,0.481,0,0.000,0.000,0.000,0.000,0.000,0.000,0.016,-0.093
333.21,0.105,0,1.033,0.481,0,0.000,0.000,0.000,0.000,0.000,0.000,0.010,-0.080
333.41,0.106,0,1.031,0.481,0,0.000,0.000,0.000,0.000,0.000,0.000,0.010,-0.096
333.61,0.108,0,1.031,0.481,0,0.000,0.000,0.000,0.000,0.000,0.000,0.015,-0.105
333.81,0.376,0,1.031,0.481,0,0.000,0.000,0.000,0.000,0.000,0.000,0.009,-0.086
334.01,0.373,0,1.028,0.481,0,0.000,0.000,0.000,0.000,0.000,0.000,0.006,-0.080
334.21,0.373,0,1.028,0.481,0,0.000,0.000,0.000,0.000,0.000,0.000,0.009,-0.086
334.41,0.377,0,1.028,0.481,0,0.000,0.000,0.000,0.000,0.000,0.000,0.011,-0.087
334.61,0.105,0,1.028,0.481,0,0.000,0.000,0.000,0.000,0.000,0.000,0.016,-0.088
334.81,0.108,0,1.028,0.481,0,0.000,0.000,0.000,0.000,0.000,0.000,0.013,-0.088
335.01,0.108,0,1.023,0.481,0,0.000,0.000,0.000,0.000,0.000,0.000,0.005,-0.092
335.21,0.105,0,1.023,0.481,0,0.000,0.000,0.000,0.000,0.000,0.000,0.001,-0.089
335.41,0.108,0,1.022,0.480,0,0.000,0.000,0.000,0.000,0.000,0.000,0.020,-0.101
335.61,0.372,0,1.022,0.480,0,0.000,0.000,0.000,0.000,0.000,0.000,0.018,-0.089
335.81,0.372,0,1.022,0.480,0,0.000,0.000,0.000,0.000,0.000,0.000,0.003,-0.079
336.01,0.376,0,1.024,0.480,0,0.000,0.000,0.000,0.000,0.000,0.000,0.007,-0.083
336.21,0.105,0,1.024,0.480,0,0.000,0.000,0.000,0.000,0.000,0.000,0.005,-0.079
336.41,0.105,0,1.023,0.481,0,0.000,0.000,0.000,0.000,0.000,0.000,0.005,-0.093
336.61,0.108,0,1.023,0.481,0,0.000,0.000,0.000,0.000,0.000,0.000,0.023,-0.104
336.81,0.108,0,1.023,0.481,0,0.000,0.000,0.000,0.000,0.000,0.000,0.023,-0.084
337.01,0.105,0,1.024,0.481,0,0.000,0.000,0.000,0.000,0.000,0.000,0.002,-0.073
337.21,0.106,0,1.024,0.481,0,0.000,0.000,0.000,0.000,0.000,0.000,0.006,-0.095
337.41,0.378,0,1.021,0.481,0,0.000,0.000,0.000,0.000,0.000,0.000,0.020,-0.109
337.61,0.380,0,1.021,0.481,0,0.000,0.000,0.000,0.000,0.000,0.000,0.024,-0.083
337.81,0.105,0,1.021,0.481,0,0.000,0.000,0.000,0.000,0.000,0.000,0.005,-0.068
338.01,0.371,0,1.006,0.480,0,0.000,0.000,0.000,0.000,0.000,0.000,0.017,-0.107
338.21,0.373,0,1.006,0.480,0,0.000,0.000,0.000,0.000,0.000,0.000,0.025,-0.112
338.41,0.371,0,1.001,0.480,0,0.000,0.000,0.000,0.000,0.000,0.000,0.008,-0.089
338.61,0.380,0,1.001,0.480,0,0.000,0.000,0.000,0.000,0.000,0.000,-0.001,-0.090
338.81,0.106,0,1.001,0.480,0,0.000,0.000,0.000,0.000,0.000,0.000,0.018,-0.090
339.01,0.378,0,0.996,0.482,0,0.000,0.000,0.000,0.000,0.000,0.000,0.020,-0.093
339.21,0.105,0,0.996,0.482,0,0.000,0.000,0.000,0.000,0.000,0.000,0.011,-0.093
339.41,0.108,0,1.002,0.479,0,0.000,0.000,0.000,0.000,0.000,0.000,0.010,-0.099
339.61,0.105,0,1.002,0.479,0,0.000,0.000,0.000,0.000,0.000,0.000,0.001,-0.086
339.81,0.378,0,1.002,0.479,0,0.000,0.000,0.000,0.000,0.000,0.000,0.011,-0.094
340.01,0.105,0,1.017,0.480,0,0.000,0.000,0.000,0.000,0.000,0.000,0.011,-0.091
340.21,0.106,0,1.017,0.480,0,0.000,0.000,0.000,0.000,0.000,0.000,-0.000,-0.091
340.41,0.108,0,1.021,0.480,0,0.000,0.000,0.000,0.000,0.000,0.000,0.003,-0.091
340.61,0.105,0,1.021,0.480,0,0.000,0.000,0.000,0.000,0.000,0.000,0.004,-0.083
340.81,0.106,0,1.021,0.480,0,0.000,0.000,0.000,0.000,0.000,0.000,0.005,-0.085
341.01,0.105,0,1.041,0.481,0,0.000,0.000,0.000,0.000,0.000,0.000,-0.002,-0.078
341.21,0.106,0,1.041,0.481,0,0.000,0.000,0.000,0.000,0.000,0.000,0.011,-0.082
341.41,0.372,0,1.006,0.481,0,0.000,0.000,0.000,0.000,0.000,0.000,0.011,-0.083
341.61,0.106,0,1.006,0.481,0,0.000,0.000,0.000,0.000,0.000,0.000,0.001,-0.085
341.81,0.108,0,1.006,0.481,0,0.000,0.000,0.000,0.000,0.000,0.000,0.005,-0.086
342.01,0.105,0,1.023,0.482,0,0.000,0.000,0.000,0.000,0.000,0.000,0.009,-0.095
342.21,0.106,0,1.023,0.482,0,0.000,0.000,0.000,0.000,0.000,0.000,0.006,-0.079
342.41,0.108,0,1.025,0.481,0,0.000,0.000,0.000,0.000,0.000,0.000,0.008,-0.077
342.61,0.377,0,1.025,0.481,0,0.000,0.000,0.000,0.000,0.000,0.000,0.012,-0.090
342.81,0.105,0,1.025,0.481,0,0.000,0.000,0.000,0.000,0.000,0.000,0.005,-0.081
343.01,0.106,0,1.024,0.482,0,0.000,0.000,0.000,0.000,0.000,0.000,0.009,-0.076
343.21,0.106,0,1.024,0.482,0,0.000,0.000,0.000,0.000,0.000,0.000,0.010,-0.071
343.41,0.105,0,1.015,0.481,0,0.000,0.000,0.000,0.000,0.000,0.000,0.008,-0.074
343.61,0.108,0,1.015,0.481,0,0.000,0.000,0.000,0.000,0.000,0.000,0.020,-0.087
343.81,0.105,0,1.015,0.481,0,0.000,0.000,0.000,0.000,0.000,0.000,0.015,-0.078
344.01,0.105,0,1.010,0.480,0,0.000,0.000,0.000,0.000,0.000,0.000,0.008,-0.069
344.21,0.105,0,1.010,0.480,0,0.000,0.000,0.000,0.000,0.000,0.000,0.010,-0.075
344.41,0.378,0,0.997,0.481,0,0.000,0.000,0.000,0.000,0.000,0.000,0.016,-0.076
344.61,0.377,0,0.997,0.481,0,0.000,0.000,0.000,0.000,0.000,0.000,0.015,-0.077
344.81,0.108,0,0.997,0.481,0,0.000,0.000,0.000,0.000,0.000,0.000,0.018,-0.085
345.01,0.106,0,0.999,0.481,0,0.000,0.000,0.000,0.000,0.000,0.000,0.014,-0.087
345.21,0.108,0,0.999,0.481,0,0.000,0.000,0.000,0.000,0.000,0.000,0.010,-0.083
345.41,0.106,0,0.994,0.481,0,0.000,0.000,0.000,0.000,0.000,0.000,0.012,-0.082
345.61,0.376,0,0.994,0.481,0,0.000,0.000,0.000,0.000,0.000,0.000,0.015,-0.087
345.81,0.373,0,0.994,0.481,0,0.000,0.000,0.000,0.000,0.000,0.000,0.015,-0.079
346.01,0.106,0,0.992,0.482,0,0.000,0.000,0.000,0.000,0.000,0.000,0.012,-0.078
346.21,0.105,0,0.992,0.482,0,0.000,0.000,0.000,0.000,0.000,0.000,0.016,-0.078
346.41,0.105,0,0.989,0.481,0,0.000,0.000,0.000,0.000,0.000,0.000,0.016,-0.085
346.61,0.105,0,0.989,0.481,0,0.000,0.000,0.000,0.000,0.000,0.000,0.004,-0.083
346.81,0.108,0,0.989,0.481,0,0.000,0.000,0.000,0.000,0.000,0.000,0.011,-0.086
347.01,0.376,0,1.000,0.481,0,0.000,0.000,0.000,0.000,0.000,0.000,0.010,-0.070
347.21,0.383,0,1.000,0.481,0,0.000,0.000,0.000,0.000,0.000,0.000,0.012,-0.077
347.41,0.105,0,0.989,0.481,0,0.000,0.000,0.000,0.000,0.000,0.000,0.017,-0.095
347.61,0.105,0,0.989,0.481,0,0.000,0.000,0.000,0.000,0.000,0.000,0.020,-0.090
347.81,0.106,0,0.989,0.481,0,0.000,0.000,0.000,0.000,0.000,0.000,0.017,-0.078
348.01,0.105,0,0.988,0.481,0,0.000,0.000,0.000,0.000,0.000,0.000,0.002,-0.079
348.21,0.108,0,0.988,0.481,0,0.000,0.000,0.000,0.000,0.000,0.000,0.015,-0.097
348.41,0.377,0,0.989,0.481,0,0.000,0.000,0.000,0.000,0.000,0.000,0.009,-0.089
348.61,0.105,0,0.989,0.481,0,0.000,0.000,0.000,0.000,0.000,0.000,0.003,-0.090
348.81,0.108,0,0.989,0.481,0,0.000,0.000,0.000,0.000,0.000,0.000,0.031,-0.105
349.01,0.379,0,0.993,0.481,0,0.000,0.000,0.000,0.000,0.000,0.000,0.028,-0.088
349.21,0.106,0,0.993,0.481,0,0.000,0.000,0.000,0.000,0.000,0.000,-0.004,-0.058
349.41,0.374,0,0.990,0.481,0,0.000,0.000,0.000,0.000,0.000,0.000,-0.001,-0.079
349.61,0.375,0,0.990,0.481,0,0.000,0.000,0.000,0.000,0.000,0.000,0.024,-0.100
349.81,0.106,0,0.990,0.481,0,0.000,0.000,0.000,0.000,0.000,0.000,0.027,-0.091
350.01,0.105,0,0.959,0.479,0,0.000,0.000,0.000,0.000,0.000,0.000,0.020,-0.088
350.21,0.108,0,0.959,0.479,0,0.000,0.000,0.000,0.000,0.000,0.000,0.016,-0.088
350.41,0.372,0,0.986,0.482,0,0.000,0.000,0.000,0.000,0.000,0.000,0.016,-0.085
350.61,0.377,0,0.986,0.482,0,0.000,0.000,0.000,0.000,0.000,0.000,0.020,-0.085
350.81,0.377,0,0.986,0.482,0,0.000,0.000,0.000,0.000,0.000,0.000,0.017,-0.087
351.01,0.105,0,1.020,0.481,0,0.000,0.000,0.000,0.000,0.000,0.000,0.010,-0.086
351.21,0.105,0,1.020,0.481,0,0.000,0.000,0.000,0.000,0.000,0.000,0.009,-0.081
351.41,0.108,0,1.044,0.481,0,0.000,0.000,0.000,0.000,0.000,0.000,0.016,-0.091
351.61,0.105,0,1.044,0.481,0,0.000,0.000,0.000,0.000,0.000,0.000,0.005,-0.070
351.81,0.105,0,1.044,0.481,0,0.000,0.000,0.000,0.000,0.000,0.000,0.006,-0.076
352.01,0.108,0,1.051,0.481,0,0.000,0.000,0.000,0.000,0.000,0.000,0.021,-0.093
352.21,0.369,0,1.051,0.481,0,0.000,0.000,0.000,0.000,0.000,0.000,0.017,-0.088
352.41,0.105,0,1.079,0.481,0,0.000,0.000,0.000,0.000,0.000,0.000,0.006,-0.071
352.61,0.108,0,1.079,0.481,0,0.000,0.000,0.000,0.000,0.000,0.000,0.011,-0.086
352.81,0.372,0,1.079,0.481,0,0.000,0.000,0.000,0.000,0.000,0.000,0.006,-0.087
353.01,0.108,0,1.163,0.479,0,0.000,0.000,0.000,0.000,0.000,0.000,0.015,-0.097
353.21,0.105,0,1.163,0.479,0,0.000,0.000,0.000,0.000,0.000,0.000,0.008,-0.093
353.41,0.108,0,1.222,0.478,0,0.000,0.000,0.000,0.000,0.000,0.000,0.012,-0.094
353.61,0.105,0,1.222,0.478,0,0.000,0.000,0.000,0.000,0.000,0.000,0.007,-0.095
353.81,0.372,0,1.222,0.478,0,0.000,0.000,0.000,0.000,0.000,0.000,0.014,-0.111
354.01,0.106,0,1.213,0.479,0,0.000,0.000,0.000,0.000,0.000,0.000,0.018,-0.094
354.21,0.105,0,1.213,0.479,0,0.000,0.000,0.000,0.000,0.000,0.000,0.002,-0.097
354.41,0.108,0,1.205,0.478,0,0.000,0.000,0.000,0.000,0.000,0.000,0.005,-0.103
354.61,0.373,0,1.205,0.478,0,0.000,0.000,0.000,0.000,0.000,0.000,0.011,-0.107
354.81,0.371,0,1.205,0.478,0,0.000,0.000,0.000,0.000,0.000,0.000,0.020,-0.105
355.01,0.108,0,1.220,0.478,0,0.000,0.000,0.000,0.000,0.000,0.000,0.017,-0.096
355.21,0.372,0,1.220,0.478,0,0.000,0.000,0.000,0.000,0.000,0.000,0.012,-0.106
355.41,0.374,0,1.227,0.478,0,0.000,0.000,0.000,0.000,0.000,0.000,0.017,-0.121
355.61,0.373,0,1.227,0.478,0,0.000,0.000,0.000,0.000,0.000,0.000,0.024,-0.130
355.81,0.105,0,1.227,0.478,0,0.000,0.000,0.000,0.000,0.000,0.000,0.008,-0.089
356.01,0.373,0,1.230,0.478,0,0.000,0.000,0.000,0.000,0.000,0.000,0.006,-0.098
356.21,0.371,0,1.230,0.478,0,0.000,0.000,0.000,0.000,0.000,0.000,0.026,-0.108
356.41,0.105,0,1.221,0.478,0,0.000,0.000,0.000,0.000,0.000,0.000,0.017,-0.087
356.61,0.372,0,1.221,0.478,0,0.000,0.000,0.000,0.000,0.000,0.000,0.004,-0.105
356.81,0.108,0,1.221,0.478,0,0.000,0.000,0.000,0.000,0.000,0.000,0.018,-0.123
357.01,0.105,0,1.245,0.477,0,0.000,0.000,0.000,0.000,0.000,0.000,0.012,-0.096
357.21,0.108,0,1.245,0.477,0,0.000,0.000,0.000,0.000,0.000,0.000,0.009,-0.096
357.41,0.108,0,1.221,0.477,0,0.000,0.000,0.000,0.000,0.000,0.000,0.011,-0.105
357.61,0.105,0,1.221,0.477,0,0.000,0.000,0.000,0.000,0.000,0.000,0.014,-0.109
357.81,0.106,0,1.221,0.477,0,0.000,0.000,0.000,0.000,0.000,0.000,0.016,-0.105
358.01,0.376,0,1.235,0.478,0,0.000,0.000,0.000,0.000,0.000,0.000,0.019,-0.086
358.21,0.105,0,1.235,0.478,0,0.000,0.000,0.000,0.000,0.000,0.000,0.003,-0.097
358.41,0.423,0,1.236,0.478,0,0.000,0.000,0.000,0.000,0.000,0.000,0.008,-0.110
358.61,0.108,0,1.236,0.478,0,0.000,0.000,0.000,0.000,0.000,0.000,0.014,-0.102
358.81,0.105,0,1.236,0.478,0,0.000,0.000,0.000,0.000,0.000,0.000,0.011,-0.094
359.01,0.105,0,1.232,0.478,0,0.000,0.000,0.000,0.000,0.000,0.000,0.000,-0.087
359.21,0.424,0,1.232,0.478,0,0.000,0.000,0.000,0.000,0.000,0.000,0.015,-0.111
359.41,0.106,0,1.241,0.478,0,0.000,0.000,0.000,0.000,0.000,0.000,0.021,-0.096
359.61,0.105,0,1.241,0.478,0,0.000,0.000,0.000,0.000,0.000,0.000,0.003,-0.095
359.81,0.105,0,1.241,0.478,0,0.000,0.000,0.000,0.000,0.000,0.000,-0.004,-0.104
360.01,0.108,0,1.213,0.478,0,0.000,0.000,0.000,0.000,0.000,0.000,0.012,-0.106
360.21,0.424,0,1.213,0.478,0,0.000,0.000,0.000,0.000,0.000,0.000,0.016,-0.094
360.41,0.424,0,1.209,0.478,0,0.000,0.000,0.000,0.000,0.000,0.000,0.006,-0.094
360.61,0.424,0,1.209,0.478,0,0.000,0.000,0.000,0.000,0.000,0.000,0.001,-0.105
360.81,0.105,0,1.209,0.478,0,0.000,0.000,0.000,0.000,0.000,0.000,0.010,-0.107
361.01,0.108,0,1.208,0.479,0,0.000,0.000,0.000,0.000,0.000,0.000,0.019,-0.104
361.21,0.424,0,1.208,0.479,0,0.000,0.000,0.000,0.000,0.000,0.000,0.013,-0.109
361.41,0.424,0,1.221,0.478,0,0.000,0.000,0.000,0.000,0.000,0.000,0.004,-0.100
361.61,0.424,0,1.221,0.478,0,0.000,0.000,0.000,0.000,0.000,0.000,0.011,-0.109
361.81,0.108,0,1.221,0.478,0,0.000,0.000,0.000,0.000,0.000,0.000,0.013,-0.102
362.01,0.501,0,1.243,0.478,0,0.000,0.000,0.000,0.000,0.000,0.000,0.002,-0.104
362.21,0.108,0,1.243,0.478,0,0.000,0.000,0.000,0.000,0.000,0.000,0.007,-0.098
362.41,0.424,0,1.244,0.478,0,0.000,0.000,0.000,0.000,0.000,0.000,0.005,-0.092
362.61,0.106,0,1.244,0.478,0,0.000,0.000,0.000,0.000,0.000,0.000,0.005,-0.097
362.81,0.106,0,1.244,0.478,0,0.000,0.000,0.000,0.000,0.000,0.000,-0.002,-0.102
363.01,0.424,0,1.251,0.478,0,0.000,0.000,0.000,0.000,0.000,0.000,0.006,-0.098
363.21,0.421,0,1.251,0.478,0,0.000,0.000,0.000,0.000,0.000,0.000,0.010,-0.104
363.41,0.106,0,1.235,0.478,0,0.000,0.000,0.000,0.000,0.000,0.000,0.000,-0.098
363.61,0.108,0,1.235,0.478,0,0.000,0.000,0.000,0.000,0.000,0.000,0.000,-0.104
363.81,0.106,0,1.235,0.478,0,0.000,0.000,0.000,0.000,0.000,0.000,-0.001,-0.079
364.01,0.501,0,1.324,0.478,0,0.000,0.000,0.000,0.000,0.000,0.000,-0.002,-0.087
364.21,0.106,0,1.324,0.478,0,0.000,0.000,0.000,0.000,0.000,0.000,0.007,-0.095
364.41,0.423,0,1.302,0.478,0,0.000,0.000,0.000,0.000,0.000,0.000,0.005,-0.106
364.61,0.106,0,1.302,0.478,0,0.000,0.000,0.000,0.000,0.000,0.000,0.007,-0.098
364.81,0.108,0,1.302,0.478,0,0.000,0.000,0.000,0.000,0.000,0.000,0.013,-0.099
365.01,0.424,0,1.262,0.478,0,0.000,0.000,0.000,0.000,0.000,0.000,0.012,-0.080
365.21,0.424,0,1.262,0.478,0,0.000,0.000,0.000,0.000,0.000,0.000,0.003,-0.087
365.41,0.108,0,1.258,0.478,0,0.000,0.000,0.000,0.000,0.000,0.000,0.009,-0.099
365.61,0.424,0,1.258,0.478,0,0.000,0.000,0.000,0.000,0.000,0.000,0.004,-0.092
365.81,0.108,0,1.258,0.478,0,0.000,0.000,0.000,0.000,0.000,0.000,0.002,-0.082
366.01,0.105,0,1.261,0.479,0,0.000,0.000,0.000,0.000,0.000,0.000,0.003,-0.085
366.21,0.106,0,1.261,0.479,0,0.000,0.000,0.000,0.000,0.000,0.000,0.002,-0.094
366.41,0.108,0,1.260,0.478,0,0.000,0.000,0.000,0.000,0.000,0.000,0.000,-0.091
366.61,0.108,0,1.260,0.478,0,0.000,0.000,0.000,0.000,0.000,0.000,0.009,-0.092
366.81,0.105,0,1.260,0.478,0,0.000,0.000,0.000,0.000,0.000,0.000,0.005,-0.087
367.01,0.501,0,1.254,0.478,0,0.000,0.000,0.000,0.000,0.000,0.000,0.016,-0.104
367.21,0.106,0,1.254,0.478,0,0.000,0.000,0.000,0.000,0.000,0.000,0.015,-0.103
367.41,0.108,0,1.261,0.479,0,0.000,0.000,0.000,0.000,0.000,0.000,0.003,-0.090
367.61,0.106,0,1.261,0.479,0,0.000,0.000,0.000,0.000,0.000,0.000,-0.002,-0.078
367.81,0.105,0,1.261,0.479,0,0.000,0.000,0.000,0.000,0.000,0.000,-0.014,-0.089
368.01,0.424,0,1.246,0.478,0,0.000,0.000,0.000,0.000,0.000,0.000,-0.001,-0.104
368.21,0.106,0,1.246,0.478,0,0.000,0.000,0.000,0.000,0.000,0.000,0.020,-0.097
368.41,0.424,0,1.251,0.478,0,0.000,0.000,0.000,0.000,0.000,0.000,0.009,-0.089
368.61,0.424,0,1.251,0.478,0,0.000,0.000,0.000,0.000,0.000,0.000,0.009,-0.085
368.81,0.106,0,1.251,0.478,0,0.000,0.000,0.000,0.000,0.000,0.000,0.017,-0.090
369.01,0.426,0,1.254,0.479,0,0.000,0.000,0.000,0.000,0.000,0.000,0.014,-0.088
369.21,0.105,0,1.254,0.479,0,0.000,0.000,0.000,0.000,0.000,0.000,0.002,-0.091
369.41,0.106,0,1.253,0.481,0,0.000,0.000,0.000,0.000,0.000,0.000,-0.003,-0.095
369.61,0.424,0,1.253,0.481,0,0.000,0.000,0.000,0.000,0.000,0.000,0.008,-0.098
369.81,0.424,0,1.253,0.481,0,0.000,0.000,0.000,0.000,0.000,0.000,0.007,-0.103
370.01,0.108,0,1.254,0.478,0,0.000,0.000,0.000,0.000,0.000,0.000,0.007,-0.093
370.21,0.105,0,1.254,0.478,0,0.000,0.000,0.000,0.000,0.000,0.000,0.005,-0.085
370.41,0.421,0,1.265,0.478,0,0.000,0.000,0.000,0.000,0.000,0.000,0.014,-0.102
370.61,0.424,0,1.265,0.478,0,0.000,0.000,0.000,0.000,0.000,0.000,0.016,-0.111
370.81,0.108,0,1.265,0.478,0,0.000,0.000,0.000,0.000,0.000,0.000,0.016,-0.110
371.01,0.424,0,1.255,0.478,0,0.000,0.000,0.000,0.000,0.000,0.000,0.011,-0.095
371.21,0.423,0,1.255,0.478,0,0.000,0.000,0.000,0.000,0.000,0.000,0.008,-0.100
371.41,0.105,0,1.252,0.478,0,0.000,0.000,0.000,0.000,0.000,0.000,0.008,-0.103
371.61,0.106,0,1.252,0.478,0,0.000,0.000,0.000,0.000,0.000,0.000,0.024,-0.108
371.81,0.423,0,1.252,0.478,0,0.000,0.000,0.000,0.000,0.000,0.000,0.018,-0.101
372.01,0.105,0,1.256,0.479,0,0.000,0.000,0.000,0.000,0.000,0.000,0.009,-0.089
372.21,0.426,0,1.256,0.479,0,0.000,0.000,0.000,0.000,0.000,0.000,0.010,-0.096
372.41,0.106,0,1.251,0.478,0,0.000,0.000,0.000,0.000,0.000,0.000,0.016,-0.085
372.61,0.424,0,1.251,0.478,0,0.000,0.000,0.000,0.000,0.000,0.000,0.010,-0.086
372.81,0.327,0,1.251,0.478,0,0.000,0.000,0.000,0.000,0.000,0.000,0.016,-0.102
373.01,0.288,0,1.267,0.479,0,0.000,0.000,0.000,0.000,0.000,0.000,0.008,-0.108
373.21,0.105,0,1.267,0.479,0,0.000,0.000,0.000,0.000,0.000,0.000,0.003,-0.104
373.41,0.108,0,1.239,0.478,0,0.000,0.000,0.000,0.000,0.000,0.000,0.008,-0.107
373.61,0.106,0,1.239,0.478,0,0.000,0.000,0.000,0.000,0.000,0.000,0.000,-0.106
373.81,0.264,0,1.239,0.478,0,0.000,0.000,0.000,0.000,0.000,0.000,0.004,-0.100
374.01,0.274,0,1.236,0.478,0,0.000,0.000,0.000,0.000,0.000,0.000,0.004,-0.104
374.21,0.105,0,1.236,0.478,0,0.000,0.000,0.000,0.000,0.000,0.000,0.005,-0.104
374.41,0.105,0,1.238,0.478,0,0.000,0.000,0.000,0.000,0.000,0.000,0.011,-0.104
374.61,0.381,0,1.238,0.478,0,0.000,0.000,0.000,0.000,0.000,0.000,0.005,-0.116
374.81,0.105,0,1.238,0.478,0,0.000,0.000,0.000,0.000,0.000,0.000,0.002,-0.109
375.01,0.290,0,1.236,0.479,0,0.000,0.000,0.000,0.000,0.000,0.000,0.007,-0.099
375.21,0.344,0,1.236,0.479,0,0.000,0.000,0.000,0.000,0.000,0.000,0.012,-0.103
375.41,0.108,0,1.213,0.479,0,0.000,0.000,0.000,0.000,0.000,0.000,0.015,-0.106
375.61,0.106,0,1.213,0.479,0,0.000,0.000,0.000,0.000,0.000,0.000,0.004,-0.102
375.81,0.108,0,1.213,0.479,0,0.000,0.000,0.000,0.000,0.000,0.000,0.000,-0.097
376.01,0.414,0,1.128,0.480,0,0.000,0.000,0.000,0.000,0.000,0.000,0.007,-0.106
376.21,0.108,0,1.128,0.480,0,0.000,0.000,0.000,0.000,0.000,0.000,0.021,-0.096
376.41,0.105,0,1.102,0.478,0,0.000,0.000,0.000,0.000,0.000,0.000,0.008,-0.082
376.61,0.105,0,1.102,0.478,0,0.000,0.000,0.000,0.000,0.000,0.000,0.005,-0.089
376.81,0.105,0,1.102,0.478,0,0.000,0.000,0.000,0.000,0.000,0.000,0.012,-0.100
377.01,0.106,0,1.076,0.478,0,0.000,0.000,0.000,0.000,0.000,0.000,0.018,-0.100
377.21,0.105,0,1.076,0.478,0,0.000,0.000,0.000,0.000,0.000,0.000,0.008,-0.088
377.41,0.108,0,1.042,0.478,0,0.000,0.000,0.000,0.000,0.000,0.000,0.009,-0.108
377.61,0.403,0,1.042,0.478,0,0.000,0.000,0.000,0.000,0.000,0.000,0.009,-0.104
377.81,0.381,0,1.042,0.478,0,0.000,0.000,0.000,0.000,0.000,0.000,0.005,-0.098
378.01,0.373,0,1.021,0.479,0,0.000,0.000,0.000,0.000,0.000,0.000,-0.002,-0.099
378.21,0.105,0,1.021,0.479,0,0.000,0.000,0.000,0.000,0.000,0.000,-0.000,-0.105
378.41,0.106,0,1.028,0.480,0,0.000,0.000,0.000,0.000,0.000,0.000,0.004,-0.094
378.61,0.108,0,1.028,0.480,0,0.000,0.000,0.000,0.000,0.000,0.000,0.007,-0.100
378.81,0.374,0,1.028,0.480,0,0.000,0.000,0.000,0.000,0.000,0.000,0.007,-0.098
379.01,0.376,0,1.016,0.480,0,0.000,0.000,0.000,0.000,0.000,0.000,-0.002,-0.091
379.21,0.106,0,1.016,0.480,0,0.000,0.000,0.000,0.000,0.000,0.000,0.001,-0.097
379.41,0.106,0,1.013,0.479,0,0.000,0.000,0.000,0.000,0.000,0.000,0.007,-0.100
379.61,0.105,0,1.013,0.479,0,0.000,0.000,0.000,0.000,0.000,0.000,0.007,-0.094
379.81,0.108,0,1.013,0.479,0,0.000,0.000,0.000,0.000,0.000,0.000,0.012,-0.104
380.01,0.106,0,1.001,0.478,0,0.000,0.000,0.000,0.000,0.000,0.000,0.004,-0.087
380.21,0.108,0,1.001,0.478,0,0.000,0.000,0.000,0.000,0.000,0.000,0.004,-0.091
380.41,0.414,0,0.989,0.478,0,0.000,0.000,0.000,0.000,0.000,0.000,0.006,-0.098
380.61,0.106,0,0.989,0.478,0,0.000,0.000,0.000,0.000,0.000,0.000,0.003,-0.092
380.81,0.420,0,0.989,0.478,0,0.000,0.000,0.000,0.000,0.000,0.000,0.008,-0.098
381.01,0.410,0,1.069,0.481,0,0.000,0.000,0.000,0.000,0.000,0.000,0.010,-0.090
381.21,0.105,0,1.069,0.481,0,0.000,0.000,0.000,0.000,0.000,0.000,-0.012,-0.081
381.41,0.106,0,1.149,0.479,0,0.000,0.000,0.000,0.000,0.000,0.000,-0.011,-0.094
381.61,0.414,0,1.149,0.479,0,0.000,0.000,0.000,0.000,0.000,0.000,0.005,-0.108
381.81,0.106,0,1.149,0.479,0,0.000,0.000,0.000,0.000,0.000,0.000,0.012,-0.099
382.01,0.105,0,1.181,0.480,0,0.000,0.000,0.000,0.000,0.000,0.000,-0.011,-0.075
382.21,0.108,0,1.181,0.480,0,0.000,0.000,0.000,0.000,0.000,0.000,-0.008,-0.094
382.41,0.108,0,1.157,0.478,0,0.000,0.000,0.000,0.000,0.000,0.000,0.019,-0.121
382.61,0.108,0,1.157,0.478,0,0.000,0.000,0.000,0.000,0.000,0.000,0.012,-0.101
382.81,0.105,0,1.157,0.478,0,0.000,0.000,0.000,0.000,0.000,0.000,-0.016,-0.092
383.01,0.412,0,1.151,0.479,0,0.000,0.000,0.000,0.000,0.000,0.000,-0.007,-0.107
383.21,0.106,0,1.151,0.479,0,0.000,0.000,0.000,0.000,0.000,0.000,0.011,-0.093
383.41,0.106,0,1.142,0.477,0,0.000,0.000,0.000,0.000,0.000,0.000,0.000,-0.081
383.61,0.409,0,1.142,0.477,0,0.000,0.000,0.000,0.000,0.000,0.000,-0.011,-0.084
383.81,0.417,0,1.142,0.477,0,0.000,0.000,0.000,0.000,0.000,0.000,-0.007,-0.096
384.01,0.410,0,1.147,0.478,0,0.000,0.000,0.000,0.000,0.000,0.000,-0.006,-0.089
384.21,0.105,0,1.147,0.478,0,0.000,0.000,0.000,0.000,0.000,0.000,-0.010,-0.087
384.41,0.105,0,1.152,0.477,0,0.000,0.000,0.000,0.000,0.000,0.000,-0.004,-0.096
384.61,0.108,0,1.152,0.477,0,0.000,0.000,0.000,0.000,0.000,0.000,0.002,-0.092
384.81,0.105,0,1.152,0.477,0,0.000,0.000,0.000,0.000,0.000,0.000,-0.004,-0.081
385.01,0.424,0,1.142,0.478,0,0.000,0.000,0.000,0.000,0.000,0.000,-0.007,-0.087
385.21,0.108,0,1.142,0.478,0,0.000,0.000,0.000,0.000,0.000,0.000,0.009,-0.111
385.41,0.108,0,1.155,0.479,0,0.000,0.000,0.000,0.000,0.000,0.000,0.004,-0.133
385.61,0.105,0,1.155,0.479,0,0.000,0.000,0.000,0.000,0.000,0.000,-0.012,-0.095
385.81,0.421,0,1.155,0.479,0,0.000,0.000,0.000,0.000,0.000,0.000,-0.014,-0.086
386.01,0.105,0,1.151,0.479,0,0.000,0.000,0.000,0.000,0.000,0.000,-0.014,-0.110
386.21,0.108,0,1.151,0.479,0,0.000,0.000,0.000,0.000,0.000,0.000,-0.012,-0.120
386.41,0.424,0,1.148,0.479,0,0.000,0.000,0.000,0.000,0.000,0.000,-0.017,-0.092
386.61,0.431,0,1.148,0.479,0,0.000,0.000,0.000,0.000,0.000,0.000,0.004,-0.098
386.81,0.106,0,1.148,0.479,0,0.000,0.000,0.000,0.000,0.000,0.000,0.014,-0.105
387.01,0.108,0,1.146,0.480,0,0.000,0.000,0.000,0.000,0.000,0.000,-0.003,-0.109
387.21,0.106,0,1.146,0.480,0,0.000,0.000,0.000,0.000,0.000,0.000,-0.011,-0.096
387.41,0.105,0,1.167,0.478,0,0.000,0.000,0.000,0.000,0.000,0.000,-0.006,-0.094
387.61,0.106,0,1.167,0.478,0,0.000,0.000,0.000,0.000,0.000,0.000,0.010,-0.103
387.81,0.108,0,1.167,0.478,0,0.000,0.000,0.000,0.000,0.000,0.000,-0.008,-0.095
388.01,0.424,0,1.173,0.478,0,0.000,0.000,0.000,0.000,0.000,0.000,-0.001,-0.091
388.21,0.424,0,1.173,0.478,0,0.000,0.000,0.000,0.000,0.000,0.000,-0.002,-0.092
388.41,0.106,0,1.172,0.479,0,0.000,0.000,0.000,0.000,0.000,0.000,-0.003,-0.090
388.61,0.105,0,1.172,0.479,0,0.000,0.000,0.000,0.000,0.000,0.000,-0.008,-0.098
388.81,0.106,0,1.172,0.479,0,0.000,0.000,0.000,0.000,0.000,0.000,-0.005,-0.097
389.01,0.106,0,1.164,0.478,0,0.000,0.000,0.000,0.000,0.000,0.000,-0.005,-0.094
389.21,0.108,0,1.164,0.478,0,0.000,0.000,0.000,0.000,0.000,0.000,-0.008,-0.100
389.41,0.423,0,1.165,0.478,0,0.000,0.000,0.000,0.000,0.000,0.000,-0.004,-0.100
389.61,0.105,0,1.165,0.478,0,0.000,0.000,0.000,0.000,0.000,0.000,-0.008,-0.090
389.81,0.106,0,1.165,0.478,0,0.000,0.000,0.000,0.000,0.000,0.000,-0.005,-0.083
390.01,0.424,0,1.165,0.480,0,0.000,0.000,0.000,0.000,0.000,0.000,-0.013,-0.095
390.21,0.108,0,1.165,0.480,0,0.000,0.000,0.000,0.000,0.000,0.000,0.003,-0.099
390.41,0.106,0,1.163,0.478,0,0.000,0.000,0.000,0.000,0.000,0.000,-0.000,-0.088
390.61,0.108,0,1.163,0.478,0,0.000,0.000,0.000,0.000,0.000,0.000,-0.008,-0.091
390.81,0.424,0,1.163,0.478,0,0.000,0.000,0.000,0.000,0.000,0.000,-0.011,-0.089
391.01,0.108,0,1.164,0.480,0,0.000,0.000,0.000,0.000,0.000,0.000,0.004,-0.103
391.21,0.421,0,1.164,0.480,0,0.000,0.000,0.000,0.000,0.000,0.000,0.002,-0.104
391.41,0.108,0,1.157,0.478,0,0.000,0.000,0.000,0.000,0.000,0.000,-0.008,-0.096
391.61,0.105,0,1.157,0.478,0,0.000,0.000,0.000,0.000,0.000,0.000,-0.011,-0.090
391.81,0.105,0,1.157,0.478,0,0.000,0.000,0.000,0.000,0.000,0.000,-0.002,-0.090
392.01,0.105,0,1.146,0.479,0,0.000,0.000,0.000,0.000,0.000,0.000,-0.004,-0.089
392.21,0.106,0,1.146,0.479,0,0.000,0.000,0.000,0.000,0.000,0.000,-0.010,-0.094
392.41,0.108,0,1.159,0.478,0,0.000,0.000,0.000,0.000,0.000,0.000,-0.004,-0.100
392.61,0.106,0,1.159,0.478,0,0.000,0.000,0.000,0.000,0.000,0.000,-0.004,-0.096
392.81,0.108,0,1.159,0.478,0,0.000,0.000,0.000,0.000,0.000,0.000,0.002,-0.107
393.01,0.424,0,1.147,0.480,0,0.000,0.000,0.000,0.000,0.000,0.000,-0.000,-0.097
393.21,0.424,0,1.147,0.480,0,0.000,0.000,0.000,0.000,0.000,0.000,-0.001,-0.092
393.41,0.105,0,1.142,0.480,0,0.000,0.000,0.000,0.000,0.000,0.000,-0.007,-0.098
393.61,0.105,0,1.142,0.480,0,0.000,0.000,0.000,0.000,0.000,0.000,-0.016,-0.109
393.81,0.105,0,1.142,0.480,0,0.000,0.000,0.000,0.000,0.000,0.000,-0.022,-0.101
394.01,0.108,0,1.131,0.478,0,0.000,0.000,0.000,0.000,0.000,0.000,0.002,-0.107
394.21,0.106,0,1.131,0.478,0,0.000,0.000,0.000,0.000,0.000,0.000,0.008,-0.093
394.41,0.105,0,1.142,0.478,0,0.000,0.000,0.000,0.000,0.000,0.000,-0.023,-0.097
394.61,0.424,0,1.142,0.478,0,0.000,0.000,0.000,0.000,0.000,0.000,-0.021,-0.109
394.81,0.108,0,1.142,0.478,0,0.000,0.000,0.000,0.000,0.000,0.000,0.004,-0.121
395.01,0.105,0,1.142,0.478,0,0.000,0.000,0.000,0.000,0.000,0.000,-0.004,-0.111
395.21,0.108,0,1.142,0.478,0,0.000,0.000,0.000,0.000,0.000,0.000,-0.015,-0.096
395.41,0.424,0,1.146,0.478,0,0.000,0.000,0.000,0.000,0.000,0.000,-0.016,-0.091
395.61,0.421,0,1.146,0.478,0,0.000,0.000,0.000,0.000,0.000,0.000,0.002,-0.117
395.81,0.105,0,1.146,0.478,0,0.000,0.000,0.000,0.000,0.000,0.000,-0.008,-0.107
396.01,0.108,0,1.159,0.478,0,0.000,0.000,0.000,0.000,0.000,0.000,0.003,-0.116
396.21,0.105,0,1.159,0.478,0,0.000,0.000,0.000,0.000,0.000,0.000,-0.007,-0.100
396.41,0.108,0,1.162,0.479,0,0.000,0.000,0.000,0.000,0.000,0.000,-0.015,-0.100
396.61,0.105,0,1.162,0.479,0,0.000,0.000,0.000,0.000,0.000,0.000,-0.016,-0.108
396.81,0.421,0,1.162,0.479,0,0.000,0.000,0.000,0.000,0.000,0.000,-0.007,-0.113
397.01,0.105,0,1.163,0.479,0,0.000,0.000,0.000,0.000,0.000,0.000,-0.012,-0.102
397.21,0.424,0,1.163,0.479,0,0.000,0.000,0.000,0.000,0.000,0.000,-0.009,-0.108
397.41,0.108,0,1.181,0.479,0,0.000,0.000,0.000,0.000,0.000,0.000,-0.013,-0.101
397.61,0.108,0,1.181,0.479,0,0.000,0.000,0.000,0.000,0.000,0.000,-0.014,-0.101
397.81,0.105,0,1.181,0.479,0,0.000,0.000,0.000,0.000,0.000,0.000,-0.000,-0.106
398.01,0.105,0,1.168,0.478,0,0.000,0.000,0.000,0.000,0.000,0.000,-0.001,-0.112
398.21,0.105,0,1.168,0.478,0,0.000,0.000,0.000,0.000,0.000,0.000,-0.004,-0.104
398.41,0.421,0,1.122,0.480,0,0.000,0.000,0.000,0.000,0.000,0.000,-0.000,-0.107
398.61,0.105,0,1.122,0.480,0,0.000,0.000,0.000,0.000,0.000,0.000,-0.002,-0.109
398.81,0.424,0,1.122,0.480,0,0.000,0.000,0.000,0.000,0.000,0.000,-0.003,-0.113
399.01,0.424,0,1.129,0.479,0,0.000,0.000,0.000,0.000,0.000,0.000,0.004,-0.114
399.21,0.465,0,1.129,0.479,0,0.000,0.000,0.000,0.000,0.000,0.000,0.002,-0.103
399.41,0.108,0,1.108,0.479,0,0.000,0.000,0.000,0.000,0.000,0.000,0.001,-0.098
399.61,0.106,0,1.108,0.479,0,0.000,0.000,0.000,0.000,0.000,0.000,0.002,-0.091
399.81,0.106,0,1.108,0.479,0,0.000,0.000,0.000,0.000,0.000,0.000,0.000,-0.085
400.01,0.108,0,1.110,0.478,0,0.000,0.000,0.000,0.000,0.000,0.000,-0.003,-0.110
400.21,0.402,0,1.110,0.478,0,0.000,0.000,0.000,0.000,0.000,0.000,-0.008,-0.101
400.41,0.106,0,1.103,0.478,0,0.000,0.000,0.000,0.000,0.000,0.000,0.000,-0.084
400.61,0.397,0,1.103,0.478,0,0.000,0.000,0.000,0.000,0.000,0.000,-0.007,-0.103
400.81,0.108,0,1.103,0.478,0,0.000,0.000,0.000,0.000,0.000,0.000,-0.002,-0.122
401.01,0.380,0,1.117,0.480,0,0.000,0.000,0.000,0.000,0.000,0.000,0.002,-0.098
401.21,0.106,0,1.117,0.480,0,0.000,0.000,0.000,0.000,0.000,0.000,-0.010,-0.098
401.41,0.106,0,1.117,0.480,0,0.000,0.000,0.000,0.000,0.000,0.000,-0.014,-0.118
401.61,0.108,0,1.117,0.480,0,0.000,0.000,0.000,0.000,0.000,0.000,-0.014,-0.129
401.81,0.108,0,1.117,0.480,0,0.000,0.000,0.000,0.000,0.000,0.000,-0.010,-0.134
402.01,0.105,0,0.250,0.480,0,0.000,0.000,0.000,0.000,0.000,0.000,-0.016,-0.123
402.21,0.108,0,0.250,0.480,0,0.000,0.000,0.000,0.000,0.000,0.000,-0.005,-0.126
402.41,0.200,0,0.219,0.477,0,0.000,0.000,0.000,0.000,0.000,0.000,0.013,-0.128
402.61,0.207,0,0.219,0.477,0,0.000,0.000,0.000,0.000,0.000,0.000,0.004,-0.125
402.81,0.108,0,0.219,0.477,0,0.000,0.000,0.000,0.000,0.000,0.000,-0.004,-0.121
403.01,0.108,0,0.286,0.481,1,0.000,0.000,0.000,0.000,0.000,0.000,0.004,-0.118
403.21,0.108,0,0.286,0.481,1,0.000,0.000,0.000,0.000,0.000,0.000,-0.001,-0.116
403.41,0.105,0,1.110,0.478,0,0.000,0.000,0.000,0.000,0.000,0.000,-0.004,-0.109
403.61,0.105,0,1.110,0.478,0,0.000,0.000,0.000,0.000,0.000,0.000,-0.009,-0.106
403.81,0.424,0,1.110,0.478,0,0.000,0.000,0.000,0.000,0.000,0.000,-0.023,-0.097
404.01,0.419,0,1.173,0.478,0,0.000,0.000,0.000,0.000,0.000,0.000,-0.023,-0.095
404.21,0.106,0,1.173,0.478,0,0.000,0.000,0.000,0.000,0.000,0.000,-0.015,-0.088
404.41,0.424,0,1.249,0.479,0,0.000,0.000,0.000,0.000,0.000,0.000,-0.013,-0.102
404.61,0.501,0,1.249,0.479,0,0.000,0.000,0.000,0.000,0.000,0.000,-0.013,-0.118
404.81,0.108,0,1.249,0.479,0,0.000,0.000,0.000,0.000,0.000,0.000,-0.018,-0.107
405.01,0.108,0,1.338,0.478,0,0.000,0.000,0.000,0.000,0.000,0.000,-0.009,-0.087
405.21,0.108,0,1.338,0.478,0,0.000,0.000,0.000,0.000,0.000,0.000,0.003,-0.082
405.41,0.108,0,1.433,0.477,0,0.000,0.000,0.000,0.000,0.000,0.000,-0.001,-0.101
405.61,0.106,0,1.433,0.477,0,0.000,0.000,0.000,0.000,0.000,0.000,-0.005,-0.091
405.81,0.105,0,1.433,0.477,0,0.000,0.000,0.000,0.000,0.000,0.000,-0.009,-0.106
406.01,0.108,0,1.447,0.477,0,0.000,0.000,0.000,0.000,0.000,0.000,0.002,-0.115
406.21,0.106,0,1.447,0.477,0,0.000,0.000,0.000,0.000,0.000,0.000,-0.010,-0.079
406.41,0.105,0,1.351,0.478,0,0.000,0.000,0.000,0.000,0.000,0.000,-0.026,-0.090
406.61,0.106,0,1.351,0.478,0,0.000,0.000,0.000,0.000,0.000,0.000,-0.016,-0.109
406.81,0.424,0,1.351,0.478,0,0.000,0.000,0.000,0.000,0.000,0.000,-0.005,-0.116
407.01,0.108,0,1.160,0.478,0,0.000,0.000,0.000,0.000,0.000,0.000,0.013,-0.117
407.21,0.106,0,1.160,0.478,0,0.000,0.000,0.000,0.000,0.000,0.000,0.007,-0.090
407.41,0.106,0,1.120,0.477,0,0.000,0.000,0.000,0.000,0.000,0.000,-0.018,-0.072
407.61,0.105,0,1.120,0.477,0,0.000,0.000,0.000,0.000,0.000,0.000,-0.019,-0.092
407.81,0.424,0,1.120,0.477,0,0.000,0.000,0.000,0.000,0.000,0.000,0.004,-0.128
408.01,0.106,0,1.127,0.478,0,0.000,0.000,0.000,0.000,0.000,0.000,0.006,-0.113
408.21,0.424,0,1.127,0.478,0,0.000,0.000,0.000,0.000,0.000,0.000,-0.010,-0.088
408.41,0.426,0,1.122,0.477,0,0.000,0.000,0.000,0.000,0.000,0.000,-0.001,-0.096
408.61,0.424,0,1.122,0.477,0,0.000,0.000,0.000,0.000,0.000,0.000,-0.001,-0.114
408.81,0.106,0,1.122,0.477,0,0.000,0.000,0.000,0.000,0.000,0.000,-0.002,-0.107
409.01,0.108,0,1.125,0.479,0,0.000,0.000,0.000,0.000,0.000,0.000,-0.001,-0.105
409.21,0.105,0,1.125,0.479,0,0.000,0.000,0.000,0.000,0.000,0.000,-0.007,-0.100
409.41,0.108,0,1.124,0.478,0,0.000,0.000,0.000,0.000,0.000,0.000,0.006,-0.110
409.61,0.105,0,1.124,0.478,0,0.000,0.000,0.000,0.000,0.000,0.000,0.001,-0.104
409.81,0.108,0,1.124,0.478,0,0.000,0.000,0.000,0.000,0.000,0.000,-0.006,-0.103
410.01,0.108,0,1.139,0.477,0,0.000,0.000,0.000,0.000,0.000,0.000,-0.002,-0.098
410.21,0.105,0,1.139,0.477,0,0.000,0.000,0.000,0.000,0.000,0.000,-0.012,-0.093
410.41,0.426,0,1.125,0.478,0,0.000,0.000,0.000,0.000,0.000,0.000,-0.009,-0.095
410.61,0.426,0,1.125,0.478,0,0.000,0.000,0.000,0.000,0.000,0.000,-0.003,-0.096
410.81,0.431,0,1.125,0.478,0,0.000,0.000,0.000,0.000,0.000,0.000,-0.003,-0.098
411.01,0.108,0,1.132,0.478,0,0.000,0.000,0.000,0.000,0.000,0.000,-0.006,-0.103
411.21,0.105,0,1.132,0.478,0,0.000,0.000,0.000,0.000,0.000,0.000,-0.012,-0.102
411.41,0.424,0,1.141,0.478,0,0.000,0.000,0.000,0.000,0.000,0.000,-0.011,-0.105
411.61,0.106,0,1.141,0.478,0,0.000,0.000,0.000,0.000,0.000,0.000,-0.001,-0.097
411.81,0.108,0,1.141,0.478,0,0.000,0.000,0.000,0.000,0.000,0.000,-0.004,-0.094
412.01,0.424,0,1.134,0.478,0,0.000,0.000,0.000,0.000,0.000,0.000,-0.017,-0.091
412.21,0.424,0,1.134,0.478,0,0.000,0.000,0.000,0.000,0.000,0.000,-0.011,-0.123
412.41,0.108,0,1.135,0.477,0,0.000,0.000,0.000,0.000,0.000,0.000,0.018,-0.122
412.61,0.426,0,1.135,0.477,0,0.000,0.000,0.000,0.000,0.000,0.000,0.011,-0.110
412.81,0.105,0,1.135,0.477,0,0.000,0.000,0.000,0.000,0.000,0.000,-0.019,-0.106
413.01,0.106,0,1.123,0.478,0,0.000,0.000,0.000,0.000,0.000,0.000,-0.010,-0.112
413.21,0.108,0,1.123,0.478,0,0.000,0.000,0.000,0.000,0.000,0.000,-0.002,-0.114
413.41,0.108,0,1.135,0.478,0,0.000,0.000,0.000,0.000,0.000,0.000,-0.006,-0.106
413.61,0.106,0,1.135,0.478,0,0.000,0.000,0.000,0.000,0.000,0.000,-0.008,-0.086
413.81,0.108,0,1.135,0.478,0,0.000,0.000,0.000,0.000,0.000,0.000,0.001,-0.082
414.01,0.105,0,1.140,0.479,0,0.000,0.000,0.000,0.000,0.000,0.000,-0.017,-0.094
414.21,0.106,0,1.140,0.479,0,0.000,0.000,0.000,0.000,0.000,0.000,-0.023,-0.106
414.41,0.106,0,1.192,0.479,0,0.000,0.000,0.000,0.000,0.000,0.000,-0.011,-0.102
414.61,0.424,0,1.192,0.479,0,0.000,0.000,0.000,0.000,0.000,0.000,-0.001,-0.090
414.81,0.424,0,1.192,0.479,0,0.000,0.000,0.000,0.000,0.000,0.000,-0.000,-0.086
415.01,0.501,0,1.193,0.478,0,0.000,0.000,0.000,0.000,0.000,0.000,-0.009,-0.099
415.21,0.106,0,1.193,0.478,0,0.000,0.000,0.000,0.000,0.000,0.000,-0.008,-0.103
415.41,0.424,0,1.201,0.478,0,0.000,0.000,0.000,0.000,0.000,0.000,-0.008,-0.096
415.61,0.105,0,1.201,0.478,0,0.000,0.000,0.000,0.000,0.000,0.000,-0.006,-0.092
415.81,0.424,0,1.201,0.478,0,0.000,0.000,0.000,0.000,0.000,0.000,0.001,-0.096
416.01,0.108,0,1.193,0.478,0,0.000,0.000,0.000,0.000,0.000,0.000,-0.004,-0.109
416.21,0.105,0,1.193,0.478,0,0.000,0.000,0.000,0.000,0.000,0.000,-0.014,-0.102
416.41,0.108,0,1.197,0.477,0,0.000,0.000,0.000,0.000,0.000,0.000,-0.017,-0.095
416.61,0.108,0,1.197,0.477,0,0.000,0.000,0.000,0.000,0.000,0.000,-0.009,-0.104
416.81,0.108,0,1.197,0.477,0,0.000,0.000,0.000,0.000,0.000,0.000,-0.004,-0.111
417.01,0.106,0,1.202,0.478,0,0.000,0.000,0.000,0.000,0.000,0.000,-0.015,-0.078
417.21,0.501,0,1.202,0.478,0,0.000,0.000,0.000,0.000,0.000,0.000,-0.017,-0.086
417.41,0.106,0,1.216,0.478,0,0.000,0.000,0.000,0.000,0.000,0.000,-0.014,-0.107
417.61,0.108,0,1.216,0.478,0,0.000,0.000,0.000,0.000,0.000,0.000,-0.011,-0.111
417.81,0.423,0,1.216,0.478,0,0.000,0.000,0.000,0.000,0.000,0.000,-0.011,-0.094
418.01,0.105,0,1.212,0.477,0,0.000,0.000,0.000,0.000,0.000,0.000,-0.013,-0.091
418.21,0.108,0,1.212,0.477,0,0.000,0.000,0.000,0.000,0.000,0.000,-0.006,-0.108
418.41,0.424,0,1.205,0.477,0,0.000,0.000,0.000,0.000,0.000,0.000,-0.010,-0.092
418.61,0.501,0,1.205,0.477,0,0.000,0.000,0.000,0.000,0.000,0.000,-0.015,-0.092
418.81,0.105,0,1.205,0.477,0,0.000,0.000,0.000,0.000,0.000,0.000,-0.014,-0.095
419.01,0.106,0,1.205,0.478,0,0.000,0.000,0.000,0.000,0.000,0.000,-0.015,-0.095
419.21,0.424,0,1.205,0.478,0,0.000,0.000,0.000,0.000,0.000,0.000,-0.011,-0.096
419.41,0.106,0,1.209,0.479,0,0.000,0.000,0.000,0.000,0.000,0.000,-0.009,-0.094
419.61,0.424,0,1.209,0.479,0,0.000,0.000,0.000,0.000,0.000,0.000,-0.013,-0.089
419.81,0.424,0,1.209,0.479,0,0.000,0.000,0.000,0.000,0.000,0.000,-0.012,-0.100
420.01,0.424,0,1.214,0.478,0,0.000,0.000,0.000,0.000,0.000,0.000,-0.012,-0.103
420.21,0.426,0,1.214,0.478,0,0.000,0.000,0.000,0.000,0.000,0.000,-0.010,-0.091
420.41,0.105,0,1.211,0.478,0,0.000,0.000,0.000,0.000,0.000,0.000,-0.019,-0.085
420.61,0.106,0,1.211,0.478,0,0.000,0.000,0.000,0.000,0.000,0.000,-0.019,-0.105
420.81,0.424,0,1.211,0.478,0,0.000,0.000,0.000,0.000,0.000,0.000,-0.011,-0.106
421.01,0.105,0,1.191,0.480,0,0.000,0.000,0.000,0.000,0.000,0.000,-0.015,-0.090
421.21,0.106,0,1.191,0.480,0,0.000,0.000,0.000,0.000,0.000,0.000,-0.017,-0.098
421.41,0.105,0,1.196,0.481,0,0.000,0.000,0.000,0.000,0.000,0.000,-0.013,-0.108
421.61,0.424,0,1.196,0.481,0,0.000,0.000,0.000,0.000,0.000,0.000,-0.013,-0.102
421.81,0.424,0,1.196,0.481,0,0.000,0.000,0.000,0.000,0.000,0.000,-0.011,-0.094
422.01,0.108,0,1.201,0.483,0,0.000,0.000,0.000,0.000,0.000,0.000,-0.014,-0.093
422.21,0.105,0,1.201,0.483,0,0.000,0.000,0.000,0.000,0.000,0.000,-0.019,-0.099
422.41,0.108,0,1.196,0.482,0,0.000,0.000,0.000,0.000,0.000,0.000,-0.017,-0.103
422.61,0.108,0,1.196,0.482,0,0.000,0.000,0.000,0.000,0.000,0.000,-0.020,-0.097
422.81,0.106,0,1.196,0.482,0,0.000,0.000,0.000,0.000,0.000,0.000,-0.017,-0.096
423.01,0.105,0,1.191,0.480,0,0.000,0.000,0.000,0.000,0.000,0.000,-0.017,-0.089
423.21,0.108,0,1.191,0.480,0,0.000,0.000,0.000,0.000,0.000,0.000,-0.020,-0.086
423.41,0.106,0,1.199,0.478,0,0.000,0.000,0.000,0.000,0.000,0.000,-0.017,-0.092
423.61,0.424,0,1.199,0.478,0,0.000,0.000,0.000,0.000,0.000,0.000,-0.011,-0.088
423.81,0.105,0,1.199,0.478,0,0.000,0.000,0.000,0.000,0.000,0.000,-0.022,-0.070
424.01,0.105,0,1.198,0.477,0,0.000,0.000,0.000,0.000,0.000,0.000,-0.031,-0.082
424.21,0.106,0,1.198,0.477,0,0.000,0.000,0.000,0.000,0.000,0.000,-0.018,-0.092
424.41,0.424,0,1.205,0.478,0,0.000,0.000,0.000,0.000,0.000,0.000,-0.009,-0.106
424.61,0.108,0,1.205,0.478,0,0.000,0.000,0.000,0.000,0.000,0.000,0.003,-0.113
424.81,0.424,0,1.205,0.478,0,0.000,0.000,0.000,0.000,0.000,0.000,-0.003,-0.100
425.01,0.426,0,1.213,0.478,0,0.000,0.000,0.000,0.000,0.000,0.000,-0.008,-0.090
425.21,0.105,0,1.213,0.478,0,0.000,0.000,0.000,0.000,0.000,0.000,-0.016,-0.089
425.41,0.424,0,1.175,0.477,0,0.000,0.000,0.000,0.000,0.000,0.000,-0.021,-0.106
425.61,0.424,0,1.175,0.477,0,0.000,0.000,0.000,0.000,0.000,0.000,0.002,-0.116
425.81,0.105,0,1.175,0.477,0,0.000,0.000,0.000,0.000,0.000,0.000,-0.011,-0.099
426.01,0.108,0,1.166,0.477,0,0.000,0.000,0.000,0.000,0.000,0.000,-0.018,-0.099
426.21,0.105,0,1.166,0.477,0,0.000,0.000,0.000,0.000,0.000,0.000,-0.025,-0.095
426.41,0.501,0,1.175,0.478,0,0.000,0.000,0.000,0.000,0.000,0.000,-0.016,-0.112
426.61,0.108,0,1.175,0.478,0,0.000,0.000,0.000,0.000,0.000,0.000,-0.013,-0.116
426.81,0.106,0,1.175,0.478,0,0.000,0.000,0.000,0.000,0.000,0.000,-0.007,-0.093
427.01,0.106,0,1.174,0.477,0,0.000,0.000,0.000,0.000,0.000,0.000,-0.010,-0.073
427.21,0.108,0,1.174,0.477,0,0.000,0.000,0.000,0.000,0.000,0.000,-0.021,-0.106
427.41,0.105,0,1.157,0.478,0,0.000,0.000,0.000,0.000,0.000,0.000,-0.020,-0.101
427.61,0.108,0,1.157,0.478,0,0.000,0.000,0.000,0.000,0.000,0.000,-0.008,-0.099
427.81,0.424,0,1.157,0.478,0,0.000,0.000,0.000,0.000,0.000,0.000,-0.010,-0.095
428.01,0.424,0,1.149,0.477,0,0.000,0.000,0.000,0.000,0.000,0.000,-0.013,-0.085
428.21,0.108,0,1.149,0.477,0,0.000,0.000,0.000,0.000,0.000,0.000,-0.006,-0.088
428.41,0.108,0,1.159,0.478,0,0.000,0.000,0.000,0.000,0.000,0.000,-0.005,-0.092
428.61,0.105,0,1.159,0.478,0,0.000,0.000,0.000,0.000,0.000,0.000,-0.014,-0.085
428.81,0.108,0,1.159,0.478,0,0.000,0.000,0.000,0.000,0.000,0.000,-0.015,-0.090
429.01,0.105,0,1.167,0.477,0,0.000,0.000,0.000,0.000,0.000,0.000,-0.018,-0.088
429.21,0.106,0,1.167,0.477,0,0.000,0.000,0.000,0.000,0.000,0.000,-0.016,-0.088
429.41,0.424,0,1.175,0.479,0,0.000,0.000,0.000,0.000,0.000,0.000,-0.035,-0.081
429.61,0.421,0,1.175,0.479,0,0.000,0.000,0.000,0.000,0.000,0.000,-0.027,-0.087
429.81,0.424,0,1.175,0.479,0,0.000,0.000,0.000,0.000,0.000,0.000,-0.015,-0.103
430.01,0.106,0,1.150,0.477,0,0.000,0.000,0.000,0.000,0.000,0.000,-0.017,-0.104
430.21,0.108,0,1.150,0.477,0,0.000,0.000,0.000,0.000,0.000,0.000,-0.024,-0.094
430.41,0.106,0,1.111,0.478,0,0.000,0.000,0.000,0.000,0.000,0.000,-0.026,-0.080
430.61,0.423,0,1.111,0.478,0,0.000,0.000,0.000,0.000,0.000,0.000,-0.009,-0.075
430.81,0.421,0,1.111,0.478,0,0.000,0.000,0.000,0.000,0.000,0.000,-0.004,-0.083
431.01,0.424,0,1.101,0.477,0,0.000,0.000,0.000,0.000,0.000,0.000,-0.013,-0.083
431.21,0.105,0,1.101,0.477,0,0.000,0.000,0.000,0.000,0.000,0.000,-0.019,-0.073
431.41,0.424,0,1.128,0.477,0,0.000,0.000,0.000,0.000,0.000,0.000,-0.014,-0.053
431.61,0.105,0,1.128,0.477,0,0.000,0.000,0.000,0.000,0.000,0.000,-0.019,-0.067
431.81,0.424,0,1.128,0.477,0,0.000,0.000,0.000,0.000,0.000,0.000,-0.022,-0.088
432.01,0.105,0,1.138,0.478,0,0.000,0.000,0.000,0.000,0.000,0.000,-0.021,-0.095
432.21,0.108,0,1.138,0.478,0,0.000,0.000,0.000,0.000,0.000,0.000,-0.022,-0.104
432.41,0.105,0,1.153,0.478,0,0.000,0.000,0.000,0.000,0.000,0.000,-0.023,-0.104
432.61,0.108,0,1.153,0.478,0,0.000,0.000,0.000,0.000,0.000,0.000,-0.019,-0.096
432.81,0.424,0,1.153,0.478,0,0.000,0.000,0.000,0.000,0.000,0.000,-0.015,-0.099
433.01,0.421,0,1.124,0.477,0,0.000,0.000,0.000,0.000,0.000,0.000,-0.006,-0.110
433.21,0.108,0,1.124,0.477,0,0.000,0.000,0.000,0.000,0.000,0.000,-0.010,-0.113
433.41,0.105,0,1.074,0.478,0,0.000,0.000,0.000,0.000,0.000,0.000,-0.008,-0.110
433.61,0.424,0,1.074,0.478,0,0.000,0.000,0.000,0.000,0.000,0.000,-0.006,-0.102
433.81,0.421,0,1.074,0.478,0,0.000,0.000,0.000,0.000,0.000,0.000,-0.005,-0.104
434.01,0.424,0,1.045,0.477,0,0.000,0.000,0.000,0.000,0.000,0.000,-0.001,-0.098
434.21,0.108,0,1.045,0.477,0,0.000,0.000,0.000,0.000,0.000,0.000,0.001,-0.097
434.41,0.424,0,1.063,0.478,0,0.000,0.000,0.000,0.000,0.000,0.000,0.003,-0.084
434.61,0.108,0,1.063,0.478,0,0.000,0.000,0.000,0.000,0.000,0.000,0.003,-0.090
434.81,0.423,0,1.063,0.478,0,0.000,0.000,0.000,0.000,0.000,0.000,0.002,-0.108
435.01,0.108,0,1.064,0.478,0,0.000,0.000,0.000,0.000,0.000,0.000,0.002,-0.109
435.21,0.421,0,1.064,0.478,0,0.000,0.000,0.000,0.000,0.000,0.000,-0.004,-0.097
435.41,0.424,0,1.062,0.477,0,0.000,0.000,0.000,0.000,0.000,0.000,-0.002,-0.088
435.61,0.108,0,1.062,0.477,0,0.000,0.000,0.000,0.000,0.000,0.000,0.006,-0.085
435.81,0.423,0,1.062,0.477,0,0.000,0.000,0.000,0.000,0.000,0.000,0.002,-0.101
436.01,0.108,0,1.067,0.478,0,0.000,0.000,0.000,0.000,0.000,0.000,-0.003,-0.107
436.21,0.426,0,1.067,0.478,0,0.000,0.000,0.000,0.000,0.000,0.000,-0.001,-0.099
436.41,0.426,0,1.094,0.478,0,0.000,0.000,0.000,0.000,0.000,0.000,0.002,-0.100
436.61,0.501,0,1.094,0.478,0,0.000,0.000,0.000,0.000,0.000,0.000,-0.003,-0.098
436.81,0.105,0,1.094,0.478,0,0.000,0.000,0.000,0.000,0.000,0.000,-0.009,-0.087
437.01,0.424,0,1.158,0.478,0,0.000,0.000,0.000,0.000,0.000,0.000,-0.005,-0.098
437.21,0.424,0,1.158,0.478,0,0.000,0.000,0.000,0.000,0.000,0.000,-0.006,-0.088
437.41,0.501,0,1.152,0.477,0,0.000,0.000,0.000,0.000,0.000,0.000,-0.001,-0.096
437.61,0.431,0,1.152,0.477,0,0.000,0.000,0.000,0.000,0.000,0.000,-0.002,-0.096
437.81,0.108,0,1.152,0.477,0,0.000,0.000,0.000,0.000,0.000,0.000,-0.006,-0.092
438.01,0.105,0,1.115,0.478,0,0.000,0.000,0.000,0.000,0.000,0.000,0.001,-0.100
438.21,0.105,0,1.115,0.478,0,0.000,0.000,0.000,0.000,0.000,0.000,-0.001,-0.108
438.41,0.108,0,1.115,0.477,0,0.000,0.000,0.000,0.000,0.000,0.000,0.001,-0.098
438.61,0.108,0,1.115,0.477,0,0.000,0.000,0.000,0.000,0.000,0.000,0.007,-0.100
438.81,0.106,0,1.115,0.477,0,0.000,0.000,0.000,0.000,0.000,0.000,-0.004,-0.097
439.01,0.105,0,1.125,0.477,0,0.000,0.000,0.000,0.000,0.000,0.000,-0.008,-0.103
439.21,0.106,0,1.125,0.477,0,0.000,0.000,0.000,0.000,0.000,0.000,-0.000,-0.103
439.41,0.108,0,1.122,0.477,0,0.000,0.000,0.000,0.000,0.000,0.000,0.008,-0.099
439.61,0.106,0,1.122,0.477,0,0.000,0.000,0.000,0.000,0.000,0.000,0.004,-0.088
439.81,0.108,0,1.122,0.477,0,0.000,0.000,0.000,0.000,0.000,0.000,0.001,-0.103
440.01,0.106,0,1.129,0.477,0,0.000,0.000,0.000,0.000,0.000,0.000,-0.000,-0.111
440.21,0.108,0,1.129,0.477,0,0.000,0.000,0.000,0.000,0.000,0.000,0.006,-0.098
440.41,0.105,0,1.136,0.477,0,0.000,0.000,0.000,0.000,0.000,0.000,0.005,-0.093
440.61,0.424,0,1.136,0.477,0,0.000,0.000,0.000,0.000,0.000,0.000,-0.000,-0.095
440.81,0.424,0,1.136,0.477,0,0.000,0.000,0.000,0.000,0.000,0.000,0.003,-0.102
441.01,0.105,0,1.139,0.477,0,0.000,0.000,0.000,0.000,0.000,0.000,0.008,-0.104
441.21,0.108,0,1.139,0.477,0,0.000,0.000,0.000,0.000,0.000,0.000,0.004,-0.105
441.41,0.421,0,1.137,0.478,0,0.000,0.000,0.000,0.000,0.000,0.000,-0.003,-0.102
441.61,0.424,0,1.137,0.478,0,0.000,0.000,0.000,0.000,0.000,0.000,-0.005,-0.094
441.81,0.106,0,1.137,0.478,0,0.000,0.000,0.000,0.000,0.000,0.000,-0.000,-0.092
442.01,0.105,0,1.133,0.477,0,0.000,0.000,0.000,0.000,0.000,0.000,0.001,-0.095
442.21,0.424,0,1.133,0.477,0,0.000,0.000,0.000,0.000,0.000,0.000,-0.002,-0.104
442.41,0.108,0,1.135,0.477,0,0.000,0.000,0.000,0.000,0.000,0.000,0.001,-0.098
442.61,0.106,0,1.135,0.477,0,0.000,0.000,0.000,0.000,0.000,0.000,-0.000,-0.095
442.81,0.106,0,1.135,0.477,0,0.000,0.000,0.000,0.000,0.000,0.000,-0.002,-0.103
443.01,0.105,0,1.151,0.477,0,0.000,0.000,0.000,0.000,0.000,0.000,-0.008,-0.108
443.21,0.106,0,1.151,0.477,0,0.000,0.000,0.000,0.000,0.000,0.000,-0.014,-0.109
443.41,0.105,0,1.168,0.477,0,0.000,0.000,0.000,0.000,0.000,0.000,-0.015,-0.105
443.61,0.424,0,1.168,0.477,0,0.000,0.000,0.000,0.000,0.000,0.000,-0.011,-0.109
443.81,0.424,0,1.168,0.477,0,0.000,0.000,0.000,0.000,0.000,0.000,-0.013,-0.112
444.01,0.108,0,1.229,0.478,0,0.000,0.000,0.000,0.000,0.000,0.000,-0.019,-0.110
444.21,0.106,0,1.229,0.478,0,0.000,0.000,0.000,0.000,0.000,0.000,-0.031,-0.113
444.41,0.108,0,1.413,0.477,0,0.000,0.000,0.000,0.000,0.000,0.000,-0.031,-0.131
444.61,0.424,0,1.413,0.477,0,0.000,0.000,0.000,0.000,0.000,0.000,-0.019,-0.150
444.81,0.105,0,1.413,0.477,0,0.000,0.000,0.000,0.000,0.000,0.000,-0.012,-0.139
445.01,0.106,0,1.442,0.477,0,0.000,0.000,0.000,0.000,0.000,0.000,-0.026,-0.120
445.21,0.424,0,1.442,0.477,0,0.000,0.000,0.000,0.000,0.000,0.000,-0.024,-0.113
445.41,0.424,0,1.321,0.477,0,0.000,0.000,0.000,0.000,0.000,0.000,-0.016,-0.102
445.61,0.105,0,1.321,0.477,0,0.000,0.000,0.000,0.000,0.000,0.000,-0.011,-0.117
445.81,0.423,0,1.321,0.477,0,0.000,0.000,0.000,0.000,0.000,0.000,-0.015,-0.124
446.01,0.105,0,2.481,0.479,0,0.000,0.000,0.000,0.000,0.000,0.000,-0.014,-0.117
446.21,0.423,0,2.481,0.479,0,0.000,0.000,0.000,0.000,0.000,0.000,-0.016,-0.112
446.41,0.431,0,1.083,0.481,0,0.000,0.000,0.000,0.000,0.000,0.000,-0.017,-0.097
446.61,0.108,0,1.083,0.481,0,0.000,0.000,0.000,0.000,0.000,0.000,-0.020,-0.096
446.81,0.105,0,1.083,0.481,0,0.000,0.000,0.000,0.000,0.000,0.000,-0.027,-0.114
447.01,0.424,0,1.157,0.480,0,0.000,0.000,0.000,0.000,0.000,0.000,-0.028,-0.124
447.21,0.424,0,1.157,0.480,0,0.000,0.000,0.000,0.000,0.000,0.000,-0.022,-0.121
447.41,0.108,0,1.188,0.481,0,0.000,0.000,0.000,0.000,0.000,0.000,-0.014,-0.112
447.61,0.108,0,1.188,0.481,0,0.000,0.000,0.000,0.000,0.000,0.000,-0.020,-0.110
447.81,0.106,0,1.188,0.481,0,0.000,0.000,0.000,0.000,0.000,0.000,-0.024,-0.099
448.01,0.423,0,1.170,0.481,0,0.000,0.000,0.000,0.000,0.000,0.000,-0.006,-0.087
448.21,0.424,0,1.170,0.481,0,0.000,0.000,0.000,0.000,0.000,0.000,0.004,-0.109
448.41,0.106,0,0.930,0.483,0,0.000,0.000,0.000,0.000,0.000,0.000,-0.011,-0.108
448.61,0.106,0,0.930,0.483,0,0.000,0.000,0.000,0.000,0.000,0.000,-0.025,-0.100
448.81,0.108,0,0.930,0.483,0,0.000,0.000,0.000,0.000,0.000,0.000,-0.010,-0.127
449.01,0.105,0,0.870,0.483,0,0.000,0.000,0.000,0.000,0.000,0.000,-0.000,-0.144
449.21,0.105,0,0.870,0.483,0,0.000,0.000,0.000,0.000,0.000,0.000,-0.008,-0.131
449.41,0.108,0,0.851,0.483,0,0.000,0.000,0.000,0.000,0.000,0.000,-0.008,-0.124
449.61,0.106,0,0.851,0.483,0,0.000,0.000,0.000,0.000,0.000,0.000,-0.023,-0.115
449.81,0.106,0,0.851,0.483,0,0.000,0.000,0.000,0.000,0.000,0.000,-0.017,-0.122
450.01,0.424,0,0.858,0.481,0,0.000,0.000,0.000,0.000,0.000,0.000,-0.016,-0.120
450.21,0.108,0,0.858,0.481,0,0.000,0.000,0.000,0.000,0.000,0.000,-0.007,-0.133
450.41,0.501,0,0.855,0.481,0,0.000,0.000,0.000,0.000,0.000,0.000,-0.006,-0.128
450.61,0.105,0,0.855,0.481,0,0.000,0.000,0.000,0.000,0.000,0.000,-0.011,-0.140
450.81,0.106,0,0.855,0.481,0,0.000,0.000,0.000,0.000,0.000,0.000,-0.012,-0.132
451.01,0.106,0,0.808,0.482,0,0.000,0.000,0.000,0.000,0.000,0.000,-0.014,-0.133
451.21,0.501,0,0.808,0.482,0,0.000,0.000,0.000,0.000,0.000,0.000,-0.011,-0.141
451.41,0.105,0,0.798,0.484,0,0.000,0.000,0.000,0.000,0.000,0.000,-0.011,-0.124
451.61,0.106,0,0.798,0.484,0,0.000,0.000,0.000,0.000,0.000,0.000,-0.014,-0.126
451.81,0.105,0,0.798,0.484,0,0.000,0.000,0.000,0.000,0.000,0.000,-0.022,-0.137
452.01,0.106,0,0.870,0.484,0,0.000,0.000,0.000,0.000,0.000,0.000,-0.027,-0.126
452.21,0.105,0,0.870,0.484,0,0.000,0.000,0.000,0.000,0.000,0.000,-0.036,-0.113
452.41,0.424,0,1.102,0.483,0,0.000,0.000,0.000,0.000,0.000,0.000,-0.037,-0.101
452.61,0.105,0,1.102,0.483,0,0.000,0.000,0.000,0.000,0.000,0.000,-0.028,-0.113
452.81,0.106,0,1.102,0.483,0,0.000,0.000,0.000,0.000,0.000,0.000,-0.024,-0.124
453.01,0.423,0,1.249,0.483,0,0.000,0.000,0.000,0.000,0.000,0.000,-0.037,-0.114
453.21,0.105,0,1.249,0.483,0,0.000,0.000,0.000,0.000,0.000,0.000,-0.042,-0.111
453.41,0.105,0,1.302,0.481,0,0.000,0.000,0.000,0.000,0.000,0.000,-0.026,-0.096
453.61,0.105,0,1.302,0.481,0,0.000,0.000,0.000,0.000,0.000,0.000,-0.024,-0.101
453.81,0.106,0,1.302,0.481,0,0.000,0.000,0.000,0.000,0.000,0.000,-0.034,-0.117
454.01,0.428,0,1.299,0.481,0,0.000,0.000,0.000,0.000,0.000,0.000,-0.039,-0.117
454.21,0.421,0,1.299,0.481,0,0.000,0.000,0.000,0.000,0.000,0.000,-0.037,-0.089
454.41,0.105,0,1.230,0.480,0,0.000,0.000,0.000,0.000,0.000,0.000,-0.034,-0.096
454.61,0.424,0,1.230,0.480,0,0.000,0.000,0.000,0.000,0.000,0.000,-0.025,-0.118
454.81,0.400,0,1.230,0.480,0,0.000,0.000,0.000,0.000,0.000,0.000,-0.012,-0.129
455.01,0.108,0,1.173,0.478,0,0.000,0.000,0.000,0.000,0.000,0.000,-0.003,-0.121
455.21,0.105,0,1.173,0.478,0,0.000,0.000,0.000,0.000,0.000,0.000,-0.015,-0.112
455.41,0.424,0,1.172,0.477,0,0.000,0.000,0.000,0.000,0.000,0.000,-0.016,-0.119
455.61,0.108,0,1.172,0.477,0,0.000,0.000,0.000,0.000,0.000,0.000,-0.007,-0.133
455.81,0.106,0,1.172,0.477,0,0.000,0.000,0.000,0.000,0.000,0.000,-0.010,-0.123
456.01,0.108,0,1.534,0.478,0,0.000,0.000,0.000,0.000,0.000,0.000,-0.015,-0.110
456.21,0.424,0,1.534,0.478,0,0.000,0.000,0.000,0.000,0.000,0.000,-0.024,-0.103
456.41,0.424,0,1.618,0.478,0,0.000,0.000,0.000,0.000,0.000,0.000,-0.017,-0.112
456.61,0.424,0,1.618,0.478,0,0.000,0.000,0.000,0.000,0.000,0.000,0.002,-0.120
456.81,0.424,0,1.618,0.478,0,0.000,0.000,0.000,0.000,0.000,0.000,-0.004,-0.121
457.01,0.108,0,1.621,0.478,0,0.000,0.000,0.000,0.000,0.000,0.000,-0.016,-0.115
457.21,0.106,0,1.621,0.478,0,0.000,0.000,0.000,0.000,0.000,0.000,-0.011,-0.104
457.41,0.105,0,1.497,0.477,0,0.000,0.000,0.000,0.000,0.000,0.000,-0.001,-0.106
457.61,0.108,0,1.497,0.477,0,0.000,0.000,0.000,0.000,0.000,0.000,0.003,-0.106
457.81,0.421,0,1.497,0.477,0,0.000,0.000,0.000,0.000,0.000,0.000,0.002,-0.109
458.01,0.105,0,1.415,0.477,0,0.000,0.000,0.000,0.000,0.000,0.000,-0.004,-0.119
458.21,0.424,0,1.415,0.477,0,0.000,0.000,0.000,0.000,0.000,0.000,-0.006,-0.120
458.41,0.106,0,1.336,0.478,0,0.000,0.000,0.000,0.000,0.000,0.000,-0.002,-0.114
458.61,0.105,0,1.336,0.478,0,0.000,0.000,0.000,0.000,0.000,0.000,0.004,-0.111
458.81,0.105,0,1.336,0.478,0,0.000,0.000,0.000,0.000,0.000,0.000,0.006,-0.101
459.01,0.431,0,1.322,0.477,0,0.000,0.000,0.000,0.000,0.000,0.000,0.002,-0.114
459.21,0.105,0,1.322,0.477,0,0.000,0.000,0.000,0.000,0.000,0.000,0.006,-0.128
459.41,0.105,0,1.306,0.478,0,0.000,0.000,0.000,0.000,0.000,0.000,0.011,-0.120
459.61,0.426,0,1.306,0.478,0,0.000,0.000,0.000,0.000,0.000,0.000,0.005,-0.117
459.81,0.421,0,1.306,0.478,0,0.000,0.000,0.000,0.000,0.000,0.000,-0.005,-0.125
460.01,0.105,0,1.264,0.477,0,0.000,0.000,0.000,0.000,0.000,0.000,0.011,-0.131
460.21,0.431,0,1.264,0.477,0,0.000,0.000,0.000,0.000,0.000,0.000,0.005,-0.126
460.41,0.108,0,1.173,0.478,0,0.000,0.000,0.000,0.000,0.000,0.000,0.000,-0.105
460.61,0.424,0,1.173,0.478,0,0.000,0.000,0.000,0.000,0.000,0.000,0.017,-0.106
460.81,0.106,0,1.173,0.478,0,0.000,0.000,0.000,0.000,0.000,0.000,0.013,-0.100
461.01,0.108,0,1.138,0.478,0,0.000,0.000,0.000,0.000,0.000,0.000,0.004,-0.096
461.21,0.105,0,1.138,0.478,0,0.000,0.000,0.000,0.000,0.000,0.000,0.005,-0.089
461.41,0.424,0,1.123,0.477,0,0.000,0.000,0.000,0.000,0.000,0.000,0.004,-0.099
461.61,0.421,0,1.123,0.477,0,0.000,0.000,0.000,0.000,0.000,0.000,-0.002,-0.104
461.81,0.105,0,1.123,0.477,0,0.000,0.000,0.000,0.000,0.000,0.000,-0.006,-0.084
462.01,0.106,0,1.134,0.479,0,0.000,0.000,0.000,0.000,0.000,0.000,-0.006,-0.094
462.21,0.423,0,1.134,0.479,0,0.000,0.000,0.000,0.000,0.000,0.000,-0.003,-0.099
462.41,0.105,0,0.964,0.479,0,0.000,0.000,0.000,0.000,0.000,0.000,-0.008,-0.090
462.61,0.105,0,0.964,0.479,0,0.000,0.000,0.000,0.000,0.000,0.000,-0.014,-0.093
462.81,0.106,0,0.964,0.479,0,0.000,0.000,0.000,0.000,0.000,0.000,-0.022,-0.081
463.01,0.108,0,0.939,0.483,0,0.000,0.000,0.000,0.000,0.000,0.000,-0.014,-0.089
463.21,0.421,0,0.939,0.483,0,0.000,0.000,0.000,0.000,0.000,0.000,-0.001,-0.100
463.41,0.108,0,0.974,0.483,0,0.000,0.000,0.000,0.000,0.000,0.000,-0.013,-0.075
463.61,0.424,0,0.974,0.483,0,0.000,0.000,0.000,0.000,0.000,0.000,-0.025,-0.066
463.81,0.108,0,0.974,0.483,0,0.000,0.000,0.000,0.000,0.000,0.000,-0.027,-0.082
464.01,0.431,0,1.046,0.483,0,0.000,0.000,0.000,0.000,0.000,0.000,-0.029,-0.081
464.21,0.105,0,1.046,0.483,0,0.000,0.000,0.000,0.000,0.000,0.000,-0.021,-0.073
464.41,0.424,0,1.081,0.483,0,0.000,0.000,0.000,0.000,0.000,0.000,-0.019,-0.076
464.61,0.424,0,1.081,0.483,0,0.000,0.000,0.000,0.000,0.000,0.000,-0.021,-0.086
464.81,0.426,0,1.081,0.483,0,0.000,0.000,0.000,0.000,0.000,0.000,-0.017,-0.095
465.01,0.105,0,1.117,0.484,0,0.000,0.000,0.000,0.000,0.000,0.000,-0.022,-0.087
465.21,0.108,0,1.117,0.484,0,0.000,0.000,0.000,0.000,0.000,0.000,-0.019,-0.081
465.41,0.105,0,1.121,0.483,0,0.000,0.000,0.000,0.000,0.000,0.000,-0.024,-0.050
465.61,0.108,0,1.121,0.483,0,0.000,0.000,0.000,0.000,0.000,0.000,-0.023,-0.058
465.81,0.106,0,1.121,0.483,0,0.000,0.000,0.000,0.000,0.000,0.000,-0.014,-0.078
466.01,0.108,0,1.058,0.483,0,0.000,0.000,0.000,0.000,0.000,0.000,-0.014,-0.078
466.21,0.424,0,1.058,0.483,0,0.000,0.000,0.000,0.000,0.000,0.000,-0.016,-0.071
466.41,0.105,0,1.070,0.484,0,0.000,0.000,0.000,0.000,0.000,0.000,-0.011,-0.069
466.61,0.105,0,1.070,0.484,0,0.000,0.000,0.000,0.000,0.000,0.000,-0.013,-0.072
466.81,0.424,0,1.070,0.484,0,0.000,0.000,0.000,0.000,0.000,0.000,-0.007,-0.080
467.01,0.105,0,1.035,0.483,0,0.000,0.000,0.000,0.000,0.000,0.000,0.014,-0.082
467.21,0.108,0,1.035,0.483,0,0.000,0.000,0.000,0.000,0.000,0.000,0.016,-0.074
467.41,0.105,0,1.078,0.479,0,0.000,0.000,0.000,0.000,0.000,0.000,0.009,-0.093
467.61,0.106,0,1.078,0.479,0,0.000,0.000,0.000,0.000,0.000,0.000,-0.001,-0.111
467.81,0.106,0,1.078,0.479,0,0.000,0.000,0.000,0.000,0.000,0.000,0.009,-0.125
468.01,0.105,0,1.088,0.477,0,0.000,0.000,0.000,0.000,0.000,0.000,0.011,-0.097
468.21,0.108,0,1.088,0.477,0,0.000,0.000,0.000,0.000,0.000,0.000,0.014,-0.099
468.41,0.106,0,0.976,0.477,0,0.000,0.000,0.000,0.000,0.000,0.000,0.007,-0.103
468.61,0.108,0,0.976,0.477,0,0.000,0.000,0.000,0.000,0.000,0.000,-0.009,-0.132
468.81,0.105,0,0.976,0.477,0,0.000,0.000,0.000,0.000,0.000,0.000,-0.024,-0.107
469.01,0.108,0,1.194,0.478,0,0.000,0.000,0.000,0.000,0.000,0.000,-0.013,-0.107
469.21,0.424,0,1.194,0.478,0,0.000,0.000,0.000,0.000,0.000,0.000,-0.013,-0.096
469.41,0.105,0,1.375,0.480,0,0.000,0.000,0.000,0.000,0.000,0.000,-0.038,-0.099
469.61,0.108,0,1.375,0.480,0,0.000,0.000,0.000,0.000,0.000,0.000,-0.035,-0.120
469.81,0.424,0,1.375,0.480,0,0.000,0.000,0.000,0.000,0.000,0.000,-0.028,-0.107
470.01,0.106,0,1.278,0.481,0,0.000,0.000,0.000,0.000,0.000,0.000,-0.014,-0.091
470.21,0.105,0,1.278,0.481,0,0.000,0.000,0.000,0.000,0.000,0.000,-0.011,-0.098
470.41,0.424,0,1.037,0.480,0,0.000,0.000,0.000,0.000,0.000,0.000,-0.008,-0.124
470.61,0.106,0,1.037,0.480,0,0.000,0.000,0.000,0.000,0.000,0.000,-0.001,-0.134
470.81,0.105,0,1.037,0.480,0,0.000,0.000,0.000,0.000,0.000,0.000,-0.002,-0.109
471.01,0.106,0,0.987,0.483,0,0.000,0.000,0.000,0.000,0.000,0.000,-0.002,-0.082
471.21,0.106,0,0.987,0.483,0,0.000,0.000,0.000,0.000,0.000,0.000,-0.003,-0.065
471.41,0.106,0,0.994,0.484,0,0.000,0.000,0.000,0.000,0.000,0.000,0.004,-0.071
471.61,0.105,0,0.994,0.484,0,0.000,0.000,0.000,0.000,0.000,0.000,-0.004,-0.084
471.81,0.108,0,0.994,0.484,0,0.000,0.000,0.000,0.000,0.000,0.000,-0.005,-0.097
472.01,0.105,0,1.047,0.483,0,0.000,0.000,0.000,0.000,0.000,0.000,0.008,-0.090
472.21,0.105,0,1.047,0.483,0,0.000,0.000,0.000,0.000,0.000,0.000,-0.007,-0.087
472.41,0.105,0,1.020,0.484,0,0.000,0.000,0.000,0.000,0.000,0.000,-0.007,-0.096
472.61,0.105,0,1.020,0.484,0,0.000,0.000,0.000,0.000,0.000,0.000,-0.002,-0.103
472.81,0.108,0,1.020,0.484,0,0.000,0.000,0.000,0.000,0.000,0.000,0.007,-0.121
473.01,0.424,0,0.936,0.483,0,0.000,0.000,0.000,0.000,0.000,0.000,0.011,-0.111
473.21,0.424,0,0.936,0.483,0,0.000,0.000,0.000,0.000,0.000,0.000,0.005,-0.095
473.41,0.108,0,0.692,0.483,0,0.000,0.000,0.000,0.000,0.000,0.000,0.005,-0.102
473.61,0.108,0,0.692,0.483,0,0.000,0.000,0.000,0.000,0.000,0.000,0.021,-0.127
473.81,0.108,0,0.692,0.483,0,0.000,0.000,0.000,0.000,0.000,0.000,0.013,-0.124
474.01,0.424,0,0.647,0.483,1,0.000,0.000,0.000,0.000,0.000,0.000,0.014,-0.120
474.21,0.424,0,0.647,0.483,1,0.000,0.000,0.000,0.000,0.000,0.000,0.018,-0.125
474.41,0.424,0,0.785,0.481,0,0.000,0.000,0.000,0.000,0.000,0.000,0.021,-0.139
474.61,0.501,0,0.785,0.481,0,0.000,0.000,0.000,0.000,0.000,0.000,0.013,-0.134
474.81,0.105,0,0.785,0.481,0,0.000,0.000,0.000,0.000,0.000,0.000,0.008,-0.116
475.01,0.108,0,0.781,0.483,0,0.000,0.000,0.000,0.000,0.000,0.000,0.008,-0.122
475.21,0.108,0,0.781,0.483,0,0.000,0.000,0.000,0.000,0.000,0.000,0.018,-0.123
475.41,0.105,0,0.772,0.482,0,0.000,0.000,0.000,0.000,0.000,0.000,0.020,-0.130
475.61,0.426,0,0.772,0.482,0,0.000,0.000,0.000,0.000,0.000,0.000,0.016,-0.134
475.81,0.108,0,0.772,0.482,0,0.000,0.000,0.000,0.000,0.000,0.000,0.013,-0.122
476.01,0.108,0,0.771,0.483,0,0.000,0.000,0.000,0.000,0.000,0.000,0.021,-0.134
476.21,0.105,0,0.771,0.483,0,0.000,0.000,0.000,0.000,0.000,0.000,0.016,-0.131
476.41,0.108,0,0.775,0.482,0,0.000,0.000,0.000,0.000,0.000,0.000,0.020,-0.130
476.61,0.108,0,0.775,0.482,0,0.000,0.000,0.000,0.000,0.000,0.000,0.020,-0.127
476.81,0.108,0,0.775,0.482,0,0.000,0.000,0.000,0.000,0.000,0.000,0.032,-0.155
477.01,0.108,0,0.771,0.484,0,0.000,0.000,0.000,0.000,0.000,0.000,0.035,-0.171
477.21,0.106,0,0.771,0.484,0,0.000,0.000,0.000,0.000,0.000,0.000,0.023,-0.145
477.41,0.424,0,0.754,0.484,0,0.000,0.000,0.000,0.000,0.000,0.000,0.017,-0.128
477.61,0.424,0,0.754,0.484,0,0.000,0.000,0.000,0.000,0.000,0.000,0.027,-0.147
477.81,0.424,0,0.754,0.484,0,0.000,0.000,0.000,0.000,0.000,0.000,0.027,-0.141
478.01,0.108,0,0.692,0.483,0,0.000,0.000,0.000,0.000,0.000,0.000,0.021,-0.133
478.21,0.108,0,0.692,0.483,0,0.000,0.000,0.000,0.000,0.000,0.000,0.017,-0.139
478.41,0.105,0,0.629,0.484,1,0.000,0.000,0.000,0.000,0.000,0.000,0.018,-0.127
478.61,0.108,0,0.629,0.484,1,0.000,0.000,0.000,0.000,0.000,0.000,0.025,-0.136
478.81,0.108,0,0.629,0.484,1,0.000,0.000,0.000,0.000,0.000,0.000,0.028,-0.154
479.01,0.106,0,0.588,0.484,1,0.000,0.000,0.000,0.000,0.000,0.000,0.013,-0.126
479.21,0.105,0,0.588,0.484,1,0.000,0.000,0.000,0.000,0.000,0.000,0.005,-0.105
479.41,0.421,0,0.618,0.484,1,0.000,0.000,0.000,0.000,0.000,0.000,0.022,-0.123
479.61,0.105,0,0.618,0.484,1,0.000,0.000,0.000,0.000,0.000,0.000,0.020,-0.117
479.81,0.106,0,0.618,0.484,1,0.000,0.000,0.000,0.000,0.000,0.000,0.007,-0.102
480.01,0.424,0,0.803,0.483,0,0.000,0.000,0.000,0.000,0.000,0.000,-0.017,-0.076
480.21,0.105,0,0.803,0.483,0,0.000,0.000,0.000,0.000,0.000,0.000,-0.020,-0.060
480.41,0.424,0,1.044,0.480,0,0.000,0.000,0.000,0.000,0.000,0.000,-0.007,-0.086
480.61,0.108,0,1.044,0.480,0,0.000,0.000,0.000,0.000,0.000,0.000,-0.003,-0.103
480.81,0.106,0,1.044,0.480,0,0.000,0.000,0.000,0.000,0.000,0.000,-0.013,-0.065
481.01,0.105,0,1.163,0.481,0,0.000,0.000,0.000,0.000,0.000,0.000,-0.027,-0.042
481.21,0.423,0,1.163,0.481,0,0.000,0.000,0.000,0.000,0.000,0.000,-0.023,-0.094
481.41,0.106,0,1.142,0.481,0,0.000,0.000,0.000,0.000,0.000,0.000,-0.024,-0.101
481.61,0.424,0,1.142,0.481,0,0.000,0.000,0.000,0.000,0.000,0.000,-0.023,-0.092
481.81,0.424,0,1.142,0.481,0,0.000,0.000,0.000,0.000,0.000,0.000,-0.018,-0.086
482.01,0.424,0,1.344,0.481,0,0.000,0.000,0.000,0.000,0.000,0.000,-0.028,-0.092
482.21,0.108,0,1.344,0.481,0,0.000,0.000,0.000,0.000,0.000,0.000,-0.034,-0.085
482.41,0.424,0,1.484,0.484,0,0.000,0.000,0.000,0.000,0.000,0.000,-0.050,-0.061
482.61,0.105,0,1.484,0.484,0,0.000,0.000,0.000,0.000,0.000,0.000,-0.041,-0.072
482.81,0.426,0,1.484,0.484,0,0.000,0.000,0.000,0.000,0.000,0.000,-0.018,-0.091
483.01,0.105,0,1.394,0.484,0,0.000,0.000,0.000,0.000,0.000,0.000,-0.018,-0.084
483.21,0.424,0,1.394,0.484,0,0.000,0.000,0.000,0.000,0.000,0.000,-0.027,-0.087
483.41,0.501,0,1.311,0.483,0,0.000,0.000,0.000,0.000,0.000,0.000,-0.018,-0.093
483.61,0.108,0,1.311,0.483,0,0.000,0.000,0.000,0.000,0.000,0.000,0.004,-0.097
483.81,0.106,0,1.311,0.483,0,0.000,0.000,0.000,0.000,0.000,0.000,-0.008,-0.079
484.01,0.105,0,1.254,0.483,0,0.000,0.000,0.000,0.000,0.000,0.000,-0.023,-0.072
484.21,0.424,0,1.254,0.483,0,0.000,0.000,0.000,0.000,0.000,0.000,-0.019,-0.089
484.41,0.108,0,1.136,0.483,0,0.000,0.000,0.000,0.000,0.000,0.000,0.012,-0.109
484.61,0.106,0,1.136,0.483,0,0.000,0.000,0.000,0.000,0.000,0.000,0.015,-0.089
484.81,0.108,0,1.136,0.483,0,0.000,0.000,0.000,0.000,0.000,0.000,-0.003,-0.091
485.01,0.108,0,1.010,0.483,0,0.000,0.000,0.000,0.000,0.000,0.000,0.005,-0.115
485.21,0.108,0,1.010,0.483,0,0.000,0.000,0.000,0.000,0.000,0.000,0.018,-0.130
485.41,0.424,0,0.746,0.481,0,0.000,0.000,0.000,0.000,0.000,0.000,0.013,-0.123
485.61,0.424,0,0.746,0.481,0,0.000,0.000,0.000,0.000,0.000,0.000,0.013,-0.112
485.81,0.108,0,0.746,0.481,0,0.000,0.000,0.000,0.000,0.000,0.000,0.016,-0.110
486.01,0.504,0,0.661,0.482,1,0.000,0.000,0.000,0.000,0.000,0.000,0.027,-0.117
486.21,0.108,0,0.661,0.482,1,0.000,0.000,0.000,0.000,0.000,0.000,0.029,-0.131
486.41,0.108,0,0.660,0.482,1,0.000,0.000,0.000,0.000,0.000,0.000,0.011,-0.122
486.61,0.105,0,0.660,0.482,1,0.000,0.000,0.000,0.000,0.000,0.000,0.011,-0.109
486.81,0.106,0,0.660,0.482,1,0.000,0.000,0.000,0.000,0.000,0.000,0.014,-0.105
487.01,0.108,0,0.683,0.484,1,0.000,0.000,0.000,0.000,0.000,0.000,0.005,-0.111
487.21,0.424,0,0.683,0.484,1,0.000,0.000,0.000,0.000,0.000,0.000,0.000,-0.105
487.41,0.106,0,0.683,0.484,1,0.000,0.000,0.000,0.000,0.000,0.000,0.005,-0.101
487.61,0.426,0,0.683,0.484,1,0.000,0.000,0.000,0.000,0.000,0.000,0.018,-0.121
487.81,0.105,0,0.683,0.484,1,0.000,0.000,0.000,0.000,0.000,0.000,0.008,-0.116
488.01,0.424,0,0.683,0.483,1,0.000,0.000,0.000,0.000,0.000,0.000,-0.000,-0.104
488.21,0.421,0,0.683,0.483,1,0.000,0.000,0.000,0.000,0.000,0.000,0.020,-0.113
488.41,0.108,0,0.685,0.484,0,0.000,0.000,0.000,0.000,0.000,0.000,0.037,-0.137
488.61,0.424,0,0.685,0.484,0,0.000,0.000,0.000,0.000,0.000,0.000,0.015,-0.127
488.81,0.424,0,0.685,0.484,0,0.000,0.000,0.000,0.000,0.000,0.000,-0.014,-0.089
489.01,0.424,0,0.690,0.483,0,0.000,0.000,0.000,0.000,0.000,0.000,0.020,-0.126
489.21,0.106,0,0.690,0.483,0,0.000,0.000,0.000,0.000,0.000,0.000,0.040,-0.142
489.41,0.424,0,0.689,0.483,0,0.000,0.000,0.000,0.000,0.000,0.000,0.013,-0.115
489.61,0.108,0,0.689,0.483,0,0.000,0.000,0.000,0.000,0.000,0.000,0.012,-0.124
489.81,0.106,0,0.689,0.483,0,0.000,0.000,0.000,0.000,0.000,0.000,0.029,-0.108
490.01,0.106,0,0.688,0.484,0,0.000,0.000,0.000,0.000,0.000,0.000,0.016,-0.095
490.21,0.105,0,0.688,0.484,0,0.000,0.000,0.000,0.000,0.000,0.000,0.010,-0.105
490.41,0.108,0,0.690,0.484,0,0.000,0.000,0.000,0.000,0.000,0.000,0.023,-0.125
490.61,0.106,0,0.690,0.484,0,0.000,0.000,0.000,0.000,0.000,0.000,0.023,-0.119
490.81,0.105,0,0.690,0.484,0,0.000,0.000,0.000,0.000,0.000,0.000,0.020,-0.098
491.01,0.108,0,0.697,0.484,0,0.000,0.000,0.000,0.000,0.000,0.000,0.038,-0.115
491.21,0.424,0,0.697,0.484,0,0.000,0.000,0.000,0.000,0.000,0.000,0.037,-0.109
491.41,0.426,0,0.700,0.484,0,0.000,0.000,0.000,0.000,0.000,0.000,0.036,-0.111
491.61,0.105,0,0.700,0.484,0,0.000,0.000,0.000,0.000,0.000,0.000,0.041,-0.110
491.81,0.105,0,0.700,0.484,0,0.000,0.000,0.000,0.000,0.000,0.000,0.033,-0.113
492.01,0.106,0,0.696,0.483,0,0.000,0.000,0.000,0.000,0.000,0.000,0.021,-0.128
492.21,0.105,0,0.696,0.483,0,0.000,0.000,0.000,0.000,0.000,0.000,0.017,-0.117
492.41,0.105,0,0.696,0.484,0,0.000,0.000,0.000,0.000,0.000,0.000,0.021,-0.120
492.61,0.424,0,0.696,0.484,0,0.000,0.000,0.000,0.000,0.000,0.000,0.026,-0.131
492.81,0.105,0,0.696,0.484,0,0.000,0.000,0.000,0.000,0.000,0.000,0.028,-0.124
493.01,0.424,0,0.690,0.483,0,0.000,0.000,0.000,0.000,0.000,0.000,0.034,-0.128
493.21,0.105,0,0.690,0.483,0,0.000,0.000,0.000,0.000,0.000,0.000,0.033,-0.138
493.41,0.105,0,0.693,0.482,0,0.000,0.000,0.000,0.000,0.000,0.000,0.022,-0.134
493.61,0.424,0,0.693,0.482,0,0.000,0.000,0.000,0.000,0.000,0.000,0.042,-0.139
493.81,0.424,0,0.693,0.482,0,0.000,0.000,0.000,0.000,0.000,0.000,0.060,-0.137
494.01,0.108,0,0.688,0.483,0,0.000,0.000,0.000,0.000,0.000,0.000,0.051,-0.129
494.21,0.424,0,0.688,0.483,0,0.000,0.000,0.000,0.000,0.000,0.000,0.035,-0.131
494.41,0.108,0,0.688,0.482,0,0.000,0.000,0.000,0.000,0.000,0.000,0.037,-0.138
494.61,0.424,0,0.688,0.482,0,0.000,0.000,0.000,0.000,0.000,0.000,0.018,-0.129
494.81,0.424,0,0.688,0.482,0,0.000,0.000,0.000,0.000,0.000,0.000,0.016,-0.129
495.01,0.108,0,0.692,0.483,0,0.000,0.000,0.000,0.000,0.000,0.000,0.038,-0.138
495.21,0.424,0,0.692,0.483,0,0.000,0.000,0.000,0.000,0.000,0.000,0.033,-0.122
495.41,0.108,0,0.690,0.483,0,0.000,0.000,0.000,0.000,0.000,0.000,0.026,-0.138
495.61,0.106,0,0.690,0.483,0,0.000,0.000,0.000,0.000,0.000,0.000,0.031,-0.130
495.81,0.105,0,0.690,0.483,0,0.000,0.000,0.000,0.000,0.000,0.000,0.025,-0.114
496.01,0.105,0,0.693,0.484,0,0.000,0.000,0.000,0.000,0.000,0.000,0.019,-0.120
496.21,0.108,0,0.693,0.484,0,0.000,0.000,0.000,0.000,0.000,0.000,0.037,-0.142
496.41,0.106,0,0.700,0.484,0,0.000,0.000,0.000,0.000,0.000,0.000,0.048,-0.134
496.61,0.108,0,0.700,0.484,0,0.000,0.000,0.000,0.000,0.000,0.000,0.043,-0.119
496.81,0.108,0,0.700,0.484,0,0.000,0.000,0.000,0.000,0.000,0.000,0.037,-0.130
497.01,0.105,0,0.721,0.482,0,0.000,0.000,0.000,0.000,0.000,0.000,0.017,-0.129
497.21,0.108,0,0.721,0.482,0,0.000,0.000,0.000,0.000,0.000,0.000,0.011,-0.130
497.41,0.108,0,0.734,0.483,0,0.000,0.000,0.000,0.000,0.000,0.000,0.025,-0.134
497.61,0.424,0,0.734,0.483,0,0.000,0.000,0.000,0.000,0.000,0.000,0.030,-0.112
497.81,0.421,0,0.734,0.483,0,0.000,0.000,0.000,0.000,0.000,0.000,0.022,-0.118
498.01,0.105,0,0.747,0.483,0,0.000,0.000,0.000,0.000,0.000,0.000,0.009,-0.118
498.21,0.106,0,0.747,0.483,0,0.000,0.000,0.000,0.000,0.000,0.000,0.013,-0.114
498.41,0.105,0,0.762,0.482,0,0.000,0.000,0.000,0.000,0.000,0.000,0.012,-0.102
498.61,0.106,0,0.762,0.482,0,0.000,0.000,0.000,0.000,0.000,0.000,0.024,-0.113
498.81,0.424,0,0.762,0.482,0,0.000,0.000,0.000,0.000,0.000,0.000,0.014,-0.110
499.01,0.108,0,0.768,0.484,0,0.000,0.000,0.000,0.000,0.000,0.000,0.023,-0.125
499.21,0.106,0,0.768,0.484,0,0.000,0.000,0.000,0.000,0.000,0.000,0.024,-0.117
499.41,0.108,0,0.774,0.482,0,0.000,0.000,0.000,0.000,0.000,0.000,0.022,-0.116
499.61,0.424,0,0.774,0.482,0,0.000,0.000,0.000,0.000,0.000,0.000,0.020,-0.106
499.81,0.424,0,0.774,0.482,0,0.000,0.000,0.000,0.000,0.000,0.000,0.013,-0.107
500.01,0.108,0,0.774,0.482,0,0.000,0.000,0.000,0.000,0.000,0.000,0.027,-0.112
500.21,0.424,0,0.774,0.482,0,0.000,0.000,0.000,0.000,0.000,0.000,0.015,-0.096
500.41,0.108,0,0.774,0.482,0,0.000,0.000,0.000,0.000,0.000,0.000,0.016,-0.104
500.61,0.108,0,0.774,0.482,0,0.000,0.000,0.000,0.000,0.000,0.000,0.022,-0.113
500.81,0.105,0,0.774,0.482,0,0.000,0.000,0.000,0.000,0.000,0.000,0.021,-0.098
501.01,0.424,0,0.781,0.484,0,0.000,0.000,0.000,0.000,0.000,0.000,0.023,-0.097
501.21,0.424,0,0.781,0.484,0,0.000,0.000,0.000,0.000,0.000,0.000,0.016,-0.090
501.41,0.424,0,0.776,0.482,0,0.000,0.000,0.000,0.000,0.000,0.000,0.009,-0.096
501.61,0.108,0,0.776,0.482,0,0.000,0.000,0.000,0.000,0.000,0.000,0.026,-0.111
501.81,0.424,0,0.776,0.482,0,0.000,0.000,0.000,0.000,0.000,0.000,0.020,-0.091
502.01,0.105,0,0.752,0.482,0,0.000,0.000,0.000,0.000,0.000,0.000,-0.009,-0.077
502.21,0.424,0,0.752,0.482,0,0.000,0.000,0.000,0.000,0.000,0.000,-0.011,-0.076
502.41,0.106,0,0.721,0.483,0,0.000,0.000,0.000,0.000,0.000,0.000,0.015,-0.091
502.61,0.424,0,0.721,0.483,0,0.000,0.000,0.000,0.000,0.000,0.000,0.020,-0.096
502.81,0.424,0,0.721,0.483,0,0.000,0.000,0.000,0.000,0.000,0.000,0.019,-0.109
503.01,0.106,0,0.716,0.482,0,0.000,0.000,0.000,0.000,0.000,0.000,0.015,-0.101
503.21,0.424,0,0.716,0.482,0,0.000,0.000,0.000,0.000,0.000,0.000,0.010,-0.101
503.41,0.105,0,0.718,0.483,0,0.000,0.000,0.000,0.000,0.000,0.000,0.022,-0.118
503.61,0.424,0,0.718,0.483,0,0.000,0.000,0.000,0.000,0.000,0.000,0.010,-0.111
503.81,0.105,0,0.718,0.483,0,0.000,0.000,0.000,0.000,0.000,0.000,0.007,-0.101
504.01,0.424,0,0.725,0.482,0,0.000,0.000,0.000,0.000,0.000,0.000,0.020,-0.098
504.21,0.502,0,0.725,0.482,0,0.000,0.000,0.000,0.000,0.000,0.000,0.035,-0.111
504.41,0.105,0,0.727,0.482,0,0.000,0.000,0.000,0.000,0.000,0.000,0.022,-0.094
504.61,0.108,0,0.727,0.482,0,0.000,0.000,0.000,0.000,0.000,0.000,0.017,-0.103
504.81,0.108,0,0.727,0.482,0,0.000,0.000,0.000,0.000,0.000,0.000,0.038,-0.135
505.01,0.105,0,0.728,0.483,0,0.000,0.000,0.000,0.000,0.000,0.000,0.028,-0.113
505.21,0.106,0,0.728,0.483,0,0.000,0.000,0.000,0.000,0.000,0.000,0.013,-0.100
505.41,0.105,0,0.729,0.483,0,0.000,0.000,0.000,0.000,0.000,0.000,0.017,-0.101
505.61,0.424,0,0.729,0.483,0,0.000,0.000,0.000,0.000,0.000,0.000,0.022,-0.111
505.81,0.105,0,0.729,0.483,0,0.000,0.000,0.000,0.000,0.000,0.000,0.010,-0.106
506.01,0.105,0,0.726,0.482,0,0.000,0.000,0.000,0.000,0.000,0.000,0.013,-0.091
506.21,0.421,0,0.726,0.482,0,0.000,0.000,0.000,0.000,0.000,0.000,0.026,-0.098
506.41,0.424,0,0.732,0.482,0,0.000,0.000,0.000,0.000,0.000,0.000,0.022,-0.099
506.61,0.105,0,0.732,0.482,0,0.000,0.000,0.000,0.000,0.000,0.000,0.013,-0.111
506.81,0.108,0,0.732,0.482,0,0.000,0.000,0.000,0.000,0.000,0.000,0.019,-0.126
507.01,0.108,0,0.743,0.483,0,0.000,0.000,0.000,0.000,0.000,0.000,0.035,-0.122
507.21,0.108,0,0.743,0.483,0,0.000,0.000,0.000,0.000,0.000,0.000,0.031,-0.106
507.41,0.424,0,0.738,0.482,0,0.000,0.000,0.000,0.000,0.000,0.000,0.004,-0.086
507.61,0.106,0,0.738,0.482,0,0.000,0.000,0.000,0.000,0.000,0.000,0.008,-0.104
507.81,0.108,0,0.738,0.482,0,0.000,0.000,0.000,0.000,0.000,0.000,0.029,-0.124
508.01,0.105,0,0.747,0.484,0,0.000,0.000,0.000,0.000,0.000,0.000,0.024,-0.100
508.21,0.108,0,0.747,0.484,0,0.000,0.000,0.000,0.000,0.000,0.000,0.013,-0.105
508.41,0.106,0,0.742,0.483,0,0.000,0.000,0.000,0.000,0.000,0.000,0.024,-0.113
508.61,0.424,0,0.742,0.483,0,0.000,0.000,0.000,0.000,0.000,0.000,0.022,-0.105
508.81,0.424,0,0.742,0.483,0,0.000,0.000,0.000,0.000,0.000,0.000,0.023,-0.101
509.01,0.424,0,0.735,0.483,0,0.000,0.000,0.000,0.000,0.000,0.000,0.023,-0.100
509.21,0.503,0,0.735,0.483,0,0.000,0.000,0.000,0.000,0.000,0.000,0.020,-0.104
509.41,0.108,0,0.731,0.483,0,0.000,0.000,0.000,0.000,0.000,0.000,0.029,-0.125
509.61,0.106,0,0.731,0.483,0,0.000,0.000,0.000,0.000,0.000,0.000,0.020,-0.104
509.81,0.108,0,0.731,0.483,0,0.000,0.000,0.000,0.000,0.000,0.000,0.015,-0.088
510.01,0.424,0,0.747,0.483,0,0.000,0.000,0.000,0.000,0.000,0.000,0.019,-0.102
510.21,0.105,0,0.747,0.483,0,0.000,0.000,0.000,0.000,0.000,0.000,0.012,-0.111
510.41,0.105,0,0.759,0.483,0,0.000,0.000,0.000,0.000,0.000,0.000,-0.000,-0.105
510.61,0.108,0,0.759,0.483,0,0.000,0.000,0.000,0.000,0.000,0.000,0.016,-0.113
510.81,0.424,0,0.759,0.483,0,0.000,0.000,0.000,0.000,0.000,0.000,0.013,-0.107
511.01,0.424,0,0.790,0.481,0,0.000,0.000,0.000,0.000,0.000,0.000,0.010,-0.109
511.21,0.108,0,0.790,0.481,0,0.000,0.000,0.000,0.000,0.000,0.000,0.012,-0.105
511.41,0.105,0,0.801,0.479,0,0.000,0.000,0.000,0.000,0.000,0.000,0.006,-0.099
511.61,0.424,0,0.801,0.479,0,0.000,0.000,0.000,0.000,0.000,0.000,0.010,-0.126
511.81,0.108,0,0.801,0.479,0,0.000,0.000,0.000,0.000,0.000,0.000,0.025,-0.131
512.01,0.105,0,0.814,0.480,0,0.000,0.000,0.000,0.000,0.000,0.000,0.017,-0.094
512.21,0.105,0,0.814,0.480,0,0.000,0.000,0.000,0.000,0.000,0.000,0.008,-0.087
512.41,0.424,0,0.984,0.481,0,0.000,0.000,0.000,0.000,0.000,0.000,0.007,-0.106
512.61,0.421,0,0.984,0.481,0,0.000,0.000,0.000,0.000,0.000,0.000,0.003,-0.121
512.81,0.105,0,0.984,0.481,0,0.000,0.000,0.000,0.000,0.000,0.000,-0.002,-0.101
513.01,0.424,0,1.078,0.481,0,0.000,0.000,0.000,0.000,0.000,0.000,0.009,-0.102
513.21,0.424,0,1.078,0.481,0,0.000,0.000,0.000,0.000,0.000,0.000,0.008,-0.103
513.41,0.108,0,1.080,0.481,0,0.000,0.000,0.000,0.000,0.000,0.000,-0.001,-0.102
513.61,0.105,0,1.080,0.481,0,0.000,0.000,0.000,0.000,0.000,0.000,-0.004,-0.094
513.81,0.108,0,1.080,0.481,0,0.000,0.000,0.000,0.000,0.000,0.000,-0.001,-0.106
514.01,0.105,0,1.057,0.482,0,0.000,0.000,0.000,0.000,0.000,0.000,0.001,-0.111
514.21,0.105,0,1.057,0.482,0,0.000,0.000,0.000,0.000,0.000,0.000,0.003,-0.119
514.41,0.424,0,1.028,0.483,0,0.000,0.000,0.000,0.000,0.000,0.000,0.004,-0.116
514.61,0.108,0,1.028,0.483,0,0.000,0.000,0.000,0.000,0.000,0.000,0.007,-0.113
514.81,0.108,0,1.028,0.483,0,0.000,0.000,0.000,0.000,0.000,0.000,0.009,-0.110
515.01,0.406,0,0.995,0.483,0,0.000,0.000,0.000,0.000,0.000,0.000,0.003,-0.106
515.21,0.426,0,0.995,0.483,0,0.000,0.000,0.000,0.000,0.000,0.000,0.010,-0.114
515.41,0.105,0,0.990,0.482,0,0.000,0.000,0.000,0.000,0.000,0.000,0.009,-0.104
515.61,0.424,0,0.990,0.482,0,0.000,0.000,0.000,0.000,0.000,0.000,0.011,-0.121
515.81,0.108,0,0.990,0.482,0,0.000,0.000,0.000,0.000,0.000,0.000,0.020,-0.128
516.01,0.106,0,1.020,0.482,0,0.000,0.000,0.000,0.000,0.000,0.000,0.008,-0.108
516.21,0.108,0,1.020,0.482,0,0.000,0.000,0.000,0.000,0.000,0.000,0.005,-0.112
516.41,0.424,0,0.947,0.481,0,0.000,0.000,0.000,0.000,0.000,0.000,0.014,-0.116
516.61,0.421,0,0.947,0.481,0,0.000,0.000,0.000,0.000,0.000,0.000,0.014,-0.126
516.81,0.106,0,0.947,0.481,0,0.000,0.000,0.000,0.000,0.000,0.000,0.008,-0.107
517.01,0.108,0,0.833,0.481,0,0.000,0.000,0.000,0.000,0.000,0.000,-0.004,-0.091
517.21,0.108,0,0.833,0.481,0,0.000,0.000,0.000,0.000,0.000,0.000,0.004,-0.121
517.41,0.424,0,0.830,0.480,0,0.000,0.000,0.000,0.000,0.000,0.000,0.013,-0.145
517.61,0.105,0,0.830,0.480,0,0.000,0.000,0.000,0.000,0.000,0.000,0.003,-0.126
517.81,0.424,0,0.830,0.480,0,0.000,0.000,0.000,0.000,0.000,0.000,0.011,-0.127
518.01,0.105,0,0.848,0.477,0,0.000,0.000,0.000,0.000,0.000,0.000,0.009,-0.118
518.21,0.105,0,0.848,0.477,0,0.000,0.000,0.000,0.000,0.000,0.000,-0.000,-0.127
518.41,0.424,0,0.857,0.477,0,0.000,0.000,0.000,0.000,0.000,0.000,-0.005,-0.139
518.61,0.424,0,0.857,0.477,0,0.000,0.000,0.000,0.000,0.000,0.000,-0.007,-0.150
518.81,0.424,0,0.857,0.477,0,0.000,0.000,0.000,0.000,0.000,0.000,-0.008,-0.147
519.01,0.105,0,0.886,0.477,0,0.000,0.000,0.000,0.000,0.000,0.000,-0.011,-0.136
519.21,0.424,0,0.886,0.477,0,0.000,0.000,0.000,0.000,0.000,0.000,-0.002,-0.141
519.41,0.424,0,0.909,0.479,0,0.000,0.000,0.000,0.000,0.000,0.000,0.002,-0.150
519.61,0.424,0,0.909,0.479,0,0.000,0.000,0.000,0.000,0.000,0.000,-0.013,-0.119
519.81,0.105,0,0.909,0.479,0,0.000,0.000,0.000,0.000,0.000,0.000,-0.018,-0.083
520.01,0.424,0,1.213,0.482,0,0.000,0.000,0.000,0.000,0.000,0.000,-0.004,-0.098
520.21,0.423,0,1.213,0.482,0,0.000,0.000,0.000,0.000,0.000,0.000,0.016,-0.139
520.41,0.105,0,1.241,0.481,0,0.000,0.000,0.000,0.000,0.000,0.000,0.006,-0.116
520.61,0.105,0,1.241,0.481,0,0.000,0.000,0.000,0.000,0.000,0.000,-0.003,-0.096
520.81,0.106,0,1.241,0.481,0,0.000,0.000,0.000,0.000,0.000,0.000,0.008,-0.105
521.01,0.105,0,1.258,0.479,0,0.000,0.000,0.000,0.000,0.000,0.000,-0.006,-0.111
521.21,0.424,0,1.258,0.479,0,0.000,0.000,0.000,0.000,0.000,0.000,-0.010,-0.126
521.41,0.108,0,1.334,0.477,0,0.000,0.000,0.000,0.000,0.000,0.000,0.001,-0.124
521.61,0.105,0,1.334,0.477,0,0.000,0.000,0.000,0.000,0.000,0.000,-0.010,-0.101
521.81,0.424,0,1.334,0.477,0,0.000,0.000,0.000,0.000,0.000,0.000,-0.011,-0.113
522.01,0.423,0,1.327,0.477,0,0.000,0.000,0.000,0.000,0.000,0.000,0.016,-0.141
522.21,0.106,0,1.327,0.477,0,0.000,0.000,0.000,0.000,0.000,0.000,0.027,-0.139
522.41,0.424,0,1.230,0.477,0,0.000,0.000,0.000,0.000,0.000,0.000,0.007,-0.113
522.61,0.421,0,1.230,0.477,0,0.000,0.000,0.000,0.000,0.000,0.000,0.008,-0.124
522.81,0.106,0,1.230,0.477,0,0.000,0.000,0.000,0.000,0.000,0.000,0.015,-0.132
523.01,0.424,0,1.244,0.477,0,0.000,0.000,0.000,0.000,0.000,0.000,0.004,-0.137
523.21,0.108,0,1.244,0.477,0,0.000,0.000,0.000,0.000,0.000,0.000,0.013,-0.143
523.41,0.108,0,1.442,0.477,0,0.000,0.000,0.000,0.000,0.000,0.000,0.015,-0.133
523.61,0.108,0,1.442,0.477,0,0.000,0.000,0.000,0.000,0.000,0.000,-0.002,-0.130
523.81,0.108,0,1.442,0.477,0,0.000,0.000,0.000,0.000,0.000,0.000,0.002,-0.136
524.01,0.424,0,1.528,0.477,0,0.000,0.000,0.000,0.000,0.000,0.000,-0.002,-0.128
524.21,0.106,0,1.528,0.477,0,0.000,0.000,0.000,0.000,0.000,0.000,-0.004,-0.127
524.41,0.105,0,1.521,0.476,0,0.000,0.000,0.000,0.000,0.000,0.000,-0.002,-0.111
524.61,0.424,0,1.521,0.476,0,0.000,0.000,0.000,0.000,0.000,0.000,-0.010,-0.117
524.81,0.106,0,1.521,0.476,0,0.000,0.000,0.000,0.000,0.000,0.000,0.003,-0.135
525.01,0.424,0,1.546,0.477,0,0.000,0.000,0.000,0.000,0.000,0.000,-0.001,-0.111
525.21,0.421,0,1.546,0.477,0,0.000,0.000,0.000,0.000,0.000,0.000,-0.001,-0.113
525.41,0.105,0,1.500,0.477,0,0.000,0.000,0.000,0.000,0.000,0.000,0.003,-0.117
525.61,0.106,0,1.500,0.477,0,0.000,0.000,0.000,0.000,0.000,0.000,0.004,-0.129
525.81,0.105,0,1.500,0.477,0,0.000,0.000,0.000,0.000,0.000,0.000,0.003,-0.126
526.01,0.108,0,1.087,0.477,0,0.000,0.000,0.000,0.000,0.000,0.000,0.006,-0.139
526.21,0.106,0,1.087,0.477,0,0.000,0.000,0.000,0.000,0.000,0.000,0.016,-0.134
526.41,0.105,0,0.856,0.477,0,0.000,0.000,0.000,0.000,0.000,0.000,0.001,-0.120
526.61,0.108,0,0.856,0.477,0,0.000,0.000,0.000,0.000,0.000,0.000,0.013,-0.145
526.81,0.105,0,0.856,0.477,0,0.000,0.000,0.000,0.000,0.000,0.000,0.025,-0.137
527.01,0.421,0,0.743,0.480,0,0.000,0.000,0.000,0.000,0.000,0.000,0.016,-0.119
527.21,0.105,0,0.743,0.480,0,0.000,0.000,0.000,0.000,0.000,0.000,0.008,-0.117
527.41,0.108,0,0.681,0.483,1,0.000,0.000,0.000,0.000,0.000,0.000,0.014,-0.143
527.61,0.424,0,0.681,0.483,1,0.000,0.000,0.000,0.000,0.000,0.000,0.021,-0.140
527.81,0.502,0,0.681,0.483,1,0.000,0.000,0.000,0.000,0.000,0.000,0.022,-0.152
528.01,0.108,0,0.620,0.482,1,0.000,0.000,0.000,0.000,0.000,0.000,0.028,-0.161
528.21,0.106,0,0.620,0.482,1,0.000,0.000,0.000,0.000,0.000,0.000,0.030,-0.127
528.41,0.105,0,0.607,0.481,1,0.000,0.000,0.000,0.000,0.000,0.000,0.027,-0.123
528.61,0.106,0,0.607,0.481,1,0.000,0.000,0.000,0.000,0.000,0.000,0.023,-0.148
528.81,0.106,0,0.607,0.481,1,0.000,0.000,0.000,0.000,0.000,0.000,0.029,-0.143
529.01,0.105,0,0.584,0.481,1,0.000,0.000,0.000,0.000,0.000,0.000,0.027,-0.133
529.21,0.105,0,0.584,0.481,1,0.000,0.000,0.000,0.000,0.000,0.000,0.024,-0.139
529.41,0.502,0,0.589,0.481,1,0.000,0.000,0.000,0.000,0.000,0.000,0.027,-0.161
529.61,0.108,0,0.589,0.481,1,0.000,0.000,0.000,0.000,0.000,0.000,0.031,-0.158
529.81,0.106,0,0.589,0.481,1,0.000,0.000,0.000,0.000,0.000,0.000,0.026,-0.125
530.01,0.108,0,0.588,0.482,1,0.000,0.000,0.000,0.000,0.000,0.000,0.024,-0.131
530.21,0.105,0,0.588,0.482,1,0.000,0.000,0.000,0.000,0.000,0.000,0.033,-0.169
530.41,0.108,0,0.584,0.482,1,0.000,0.000,0.000,0.000,0.000,0.000,0.029,-0.160
530.61,0.108,0,0.584,0.482,1,0.000,0.000,0.000,0.000,0.000,0.000,0.026,-0.144
530.81,0.108,0,0.584,0.482,1,0.000,0.000,0.000,0.000,0.000,0.000,0.031,-0.147
531.01,0.106,0,0.581,0.482,1,0.000,0.000,0.000,0.000,0.000,0.000,0.027,-0.144
531.21,0.105,0,0.581,0.482,1,0.000,0.000,0.000,0.000,0.000,0.000,0.021,-0.113
531.41,0.105,0,0.581,0.481,1,0.000,0.000,0.000,0.000,0.000,0.000,0.014,-0.115
531.61,0.424,0,0.581,0.481,1,0.000,0.000,0.000,0.000,0.000,0.000,0.012,-0.130
531.81,0.106,0,0.581,0.481,1,0.000,0.000,0.000,0.000,0.000,0.000,0.020,-0.129
532.01,0.105,0,0.583,0.482,1,0.000,0.000,0.000,0.000,0.000,0.000,0.014,-0.113
532.21,0.108,0,0.583,0.482,1,0.000,0.000,0.000,0.000,0.000,0.000,0.023,-0.141
532.41,0.424,0,0.585,0.482,1,0.000,0.000,0.000,0.000,0.000,0.000,0.021,-0.121
532.61,0.105,0,0.585,0.482,1,0.000,0.000,0.000,0.000,0.000,0.000,0.013,-0.115
532.81,0.106,0,0.585,0.482,1,0.000,0.000,0.000,0.000,0.000,0.000,0.026,-0.135
533.01,0.106,0,0.584,0.482,1,0.000,0.000,0.000,0.000,0.000,0.000,0.032,-0.140
533.21,0.105,0,0.584,0.482,1,0.000,0.000,0.000,0.000,0.000,0.000,0.028,-0.130
533.41,0.106,0,0.587,0.483,1,0.000,0.000,0.000,0.000,0.000,0.000,0.030,-0.133
533.61,0.502,0,0.587,0.483,1,0.000,0.000,0.000,0.000,0.000,0.000,0.034,-0.130
533.81,0.106,0,0.587,0.483,1,0.000,0.000,0.000,0.000,0.000,0.000,0.027,-0.133
534.01,0.424,0,0.593,0.484,1,0.000,0.000,0.000,0.000,0.000,0.000,0.012,-0.119
534.21,0.106,0,0.593,0.484,1,0.000,0.000,0.000,0.000,0.000,0.000,0.017,-0.117
534.41,0.108,0,0.592,0.484,1,0.000,0.000,0.000,0.000,0.000,0.000,0.031,-0.119
534.61,0.424,0,0.592,0.484,1,0.000,0.000,0.000,0.000,0.000,0.000,0.032,-0.131
534.81,0.108,0,0.592,0.484,1,0.000,0.000,0.000,0.000,0.000,0.000,0.020,-0.128
535.01,0.108,0,0.591,0.484,1,0.000,0.000,0.000,0.000,0.000,0.000,0.024,-0.116
535.21,0.424,0,0.591,0.484,1,0.000,0.000,0.000,0.000,0.000,0.000,0.027,-0.118
535.41,0.106,0,0.591,0.484,1,0.000,0.000,0.000,0.000,0.000,0.000,0.028,-0.118
535.61,0.105,0,0.591,0.484,1,0.000,0.000,0.000,0.000,0.000,0.000,0.029,-0.117
535.81,0.106,0,0.591,0.484,1,0.000,0.000,0.000,0.000,0.000,0.000,0.026,-0.117
536.01,0.106,0,0.592,0.484,1,0.000,0.000,0.000,0.000,0.000,0.000,0.022,-0.114
536.21,0.108,0,0.592,0.484,1,0.000,0.000,0.000,0.000,0.000,0.000,0.023,-0.120
536.41,0.106,0,0.607,0.484,1,0.000,0.000,0.000,0.000,0.000,0.000,0.030,-0.121
536.61,0.423,0,0.607,0.484,1,0.000,0.000,0.000,0.000,0.000,0.000,0.036,-0.138
536.81,0.424,0,0.607,0.484,1,0.000,0.000,0.000,0.000,0.000,0.000,0.038,-0.145
537.01,0.106,0,0.646,0.483,1,0.000,0.000,0.000,0.000,0.000,0.000,0.028,-0.123
537.21,0.106,0,0.646,0.483,1,0.000,0.000,0.000,0.000,0.000,0.000,0.026,-0.112
537.41,0.108,0,0.808,0.484,0,0.000,0.000,0.000,0.000,0.000,0.000,0.023,-0.127
537.61,0.106,0,0.808,0.484,0,0.000,0.000,0.000,0.000,0.000,0.000,0.018,-0.119
537.81,0.424,0,0.808,0.484,0,0.000,0.000,0.000,0.000,0.000,0.000,0.004,-0.092
538.01,0.105,0,0.944,0.484,0,0.000,0.000,0.000,0.000,0.000,0.000,0.002,-0.097
538.21,0.106,0,0.944,0.484,0,0.000,0.000,0.000,0.000,0.000,0.000,-0.005,-0.082
538.41,0.105,0,1.003,0.481,0,0.000,0.000,0.000,0.000,0.000,0.000,-0.013,-0.063
538.61,0.105,0,1.003,0.481,0,0.000,0.000,0.000,0.000,0.000,0.000,-0.014,-0.069
538.81,0.105,0,1.003,0.481,0,0.000,0.000,0.000,0.000,0.000,0.000,-0.007,-0.079
539.01,0.108,0,1.199,0.481,0,0.000,0.000,0.000,0.000,0.000,0.000,0.001,-0.109
539.21,0.106,0,1.199,0.481,0,0.000,0.000,0.000,0.000,0.000,0.000,0.001,-0.096
539.41,0.108,0,0.592,0.480,1,0.000,0.000,0.000,0.000,0.000,0.000,0.017,-0.125
539.61,0.424,0,0.592,0.480,1,0.000,0.000,0.000,0.000,0.000,0.000,0.014,-0.121
539.81,0.426,0,0.592,0.480,1,0.000,0.000,0.000,0.000,0.000,0.000,0.008,-0.109
540.01,0.105,0,0.559,0.481,1,0.000,0.000,0.000,0.000,0.000,0.000,0.003,-0.107
540.21,0.105,0,0.559,0.481,1,0.000,0.000,0.000,0.000,0.000,0.000,0.003,-0.092
540.41,0.108,0,0.647,0.479,1,0.000,0.000,0.000,0.000,0.000,0.000,0.003,-0.086
540.61,0.108,0,0.647,0.479,1,0.000,0.000,0.000,0.000,0.000,0.000,0.017,-0.105
540.81,0.105,0,0.647,0.479,1,0.000,0.000,0.000,0.000,0.000,0.000,0.021,-0.120
541.01,0.106,0,0.728,0.480,0,0.000,0.000,0.000,0.000,0.000,0.000,0.008,-0.107
541.21,0.424,0,0.728,0.480,0,0.000,0.000,0.000,0.000,0.000,0.000,-0.015,-0.071
541.41,0.426,0,1.129,0.482,0,0.000,0.000,0.000,0.000,0.000,0.000,-0.013,-0.079
541.61,0.105,0,1.129,0.482,0,0.000,0.000,0.000,0.000,0.000,0.000,-0.006,-0.090
541.81,0.108,0,1.129,0.482,0,0.000,0.000,0.000,0.000,0.000,0.000,-0.001,-0.116
542.01,0.105,0,1.369,0.482,0,0.000,0.000,0.000,0.000,0.000,0.000,-0.003,-0.101
542.21,0.501,0,1.369,0.482,0,0.000,0.000,0.000,0.000,0.000,0.000,0.015,-0.122
542.41,0.424,0,1.279,0.480,0,0.000,0.000,0.000,0.000,0.000,0.000,0.024,-0.139
542.61,0.105,0,1.279,0.480,0,0.000,0.000,0.000,0.000,0.000,0.000,0.014,-0.123
542.81,0.106,0,1.279,0.480,0,0.000,0.000,0.000,0.000,0.000,0.000,0.008,-0.119
543.01,0.106,0,1.205,0.480,0,0.000,0.000,0.000,0.000,0.000,0.000,0.022,-0.123
543.21,0.424,0,1.205,0.480,0,0.000,0.000,0.000,0.000,0.000,0.000,0.024,-0.123
543.41,0.424,0,1.168,0.481,0,0.000,0.000,0.000,0.000,0.000,0.000,0.027,-0.129
543.61,0.424,0,1.168,0.481,0,0.000,0.000,0.000,0.000,0.000,0.000,0.036,-0.127
543.81,0.424,0,1.168,0.481,0,0.000,0.000,0.000,0.000,0.000,0.000,0.038,-0.120
544.01,0.106,0,1.156,0.481,0,0.000,0.000,0.000,0.000,0.000,0.000,0.023,-0.100
544.21,0.424,0,1.156,0.481,0,0.000,0.000,0.000,0.000,0.000,0.000,0.009,-0.092
544.41,0.105,0,1.156,0.482,0,0.000,0.000,0.000,0.000,0.000,0.000,0.000,-0.089
544.61,0.424,0,1.156,0.482,0,0.000,0.000,0.000,0.000,0.000,0.000,0.005,-0.096
544.81,0.105,0,1.156,0.482,0,0.000,0.000,0.000,0.000,0.000,0.000,0.017,-0.108
545.01,0.424,0,1.152,0.482,0,0.000,0.000,0.000,0.000,0.000,0.000,0.009,-0.103
545.21,0.423,0,1.152,0.482,0,0.000,0.000,0.000,0.000,0.000,0.000,0.016,-0.112
545.41,0.105,0,1.104,0.481,0,0.000,0.000,0.000,0.000,0.000,0.000,0.014,-0.110
545.61,0.424,0,1.104,0.481,0,0.000,0.000,0.000,0.000,0.000,0.000,0.019,-0.124
545.81,0.108,0,1.104,0.481,0,0.000,0.000,0.000,0.000,0.000,0.000,0.035,-0.148
546.01,0.108,0,1.037,0.481,0,0.000,0.000,0.000,0.000,0.000,0.000,0.028,-0.130
546.21,0.105,0,1.037,0.481,0,0.000,0.000,0.000,0.000,0.000,0.000,0.013,-0.107
546.41,0.108,0,0.920,0.481,0,0.000,0.000,0.000,0.000,0.000,0.000,0.043,-0.148
546.61,0.108,0,0.920,0.481,0,0.000,0.000,0.000,0.000,0.000,0.000,0.051,-0.173
546.81,0.106,0,0.920,0.481,0,0.000,0.000,0.000,0.000,0.000,0.000,0.035,-0.108
547.01,0.105,0,0.817,0.481,0,0.000,0.000,0.000,0.000,0.000,0.000,0.027,-0.095
547.21,0.106,0,0.817,0.481,0,0.000,0.000,0.000,0.000,0.000,0.000,0.046,-0.153
547.41,0.424,0,0.744,0.481,0,0.000,0.000,0.000,0.000,0.000,0.000,0.029,-0.146
547.61,0.106,0,0.744,0.481,0,0.000,0.000,0.000,0.000,0.000,0.000,0.017,-0.127
547.81,0.421,0,0.744,0.481,0,0.000,0.000,0.000,0.000,0.000,0.000,0.018,-0.119
548.01,0.105,0,0.620,0.482,1,0.000,0.000,0.000,0.000,0.000,0.000,0.031,-0.141
548.21,0.105,0,0.620,0.482,1,0.000,0.000,0.000,0.000,0.000,0.000,0.018,-0.130
548.41,0.106,0,0.406,0.470,1,0.000,0.000,0.000,0.000,0.000,0.000,0.022,-0.113
548.61,0.106,0,0.406,0.470,1,0.000,0.000,0.000,0.000,0.000,0.000,0.028,-0.128
548.81,0.344,0,0.406,0.470,1,0.000,0.000,0.000,0.000,0.000,0.000,0.014,-0.138
549.01,0.105,0,0.356,0.474,1,0.000,0.000,0.000,0.000,0.000,0.000,0.017,-0.139
549.21,0.356,0,0.356,0.474,1,0.000,0.000,0.000,0.000,0.000,0.000,0.043,-0.170
549.41,0.108,0,0.371,0.471,1,0.000,0.000,0.000,0.000,0.000,0.000,0.050,-0.184
549.61,0.106,0,0.371,0.471,1,0.000,0.000,0.000,0.000,0.000,0.000,0.037,-0.162
549.81,0.105,0,0.371,0.471,1,0.000,0.000,0.000,0.000,0.000,0.000,0.024,-0.146
550.01,0.424,0,0.416,0.481,1,0.000,0.000,0.000,0.000,0.000,0.000,0.041,-0.188
550.21,0.108,0,0.416,0.481,1,0.000,0.000,0.000,0.000,0.000,0.000,0.061,-0.211
550.41,0.106,0,0.437,0.482,1,0.000,0.000,0.000,0.000,0.000,0.000,0.040,-0.151
550.61,0.108,0,0.437,0.482,1,0.000,0.000,0.000,0.000,0.000,0.000,0.012,-0.091
550.81,0.105,0,0.437,0.482,1,0.000,0.000,0.000,0.000,0.000,0.000,0.003,-0.094
551.01,0.108,0,0.473,0.482,1,0.000,0.000,0.000,0.000,0.000,0.000,0.042,-0.187
551.21,0.424,0,0.473,0.482,1,0.000,0.000,0.000,0.000,0.000,0.000,0.050,-0.197
551.41,0.421,0,0.455,0.483,1,0.000,0.000,0.000,0.000,0.000,0.000,0.034,-0.158
551.61,0.105,0,0.455,0.483,1,0.000,0.000,0.000,0.000,0.000,0.000,0.013,-0.112
551.81,0.106,0,0.455,0.483,1,0.000,0.000,0.000,0.000,0.000,0.000,0.007,-0.116
552.01,0.108,0,0.406,0.483,1,0.000,0.000,0.000,0.000,0.000,0.000,0.016,-0.138
552.21,0.108,0,0.406,0.483,1,0.000,0.000,0.000,0.000,0.000,0.000,0.022,-0.142
552.41,0.105,0,0.397,0.482,1,0.000,0.000,0.000,0.000,0.000,0.000,0.019,-0.136
552.61,0.108,0,0.397,0.482,1,0.000,0.000,0.000,0.000,0.000,0.000,0.025,-0.143
552.81,0.417,0,0.397,0.482,1,0.000,0.000,0.000,0.000,0.000,0.000,0.009,-0.125
553.01,0.424,0,0.431,0.483,1,0.000,0.000,0.000,0.000,0.000,0.000,0.010,-0.137
553.21,0.108,0,0.431,0.483,1,0.000,0.000,0.000,0.000,0.000,0.000,0.023,-0.138
553.41,0.424,0,0.456,0.481,1,0.000,0.000,0.000,0.000,0.000,0.000,0.024,-0.123
553.61,0.108,0,0.456,0.481,1,0.000,0.000,0.000,0.000,0.000,0.000,0.031,-0.122
553.81,0.431,0,0.456,0.481,1,0.000,0.000,0.000,0.000,0.000,0.000,0.039,-0.140
554.01,0.106,0,0.458,0.481,1,0.000,0.000,0.000,0.000,0.000,0.000,0.034,-0.129
554.21,0.105,0,0.458,0.481,1,0.000,0.000,0.000,0.000,0.000,0.000,0.017,-0.111
554.41,0.108,0,0.495,0.481,1,0.000,0.000,0.000,0.000,0.000,0.000,0.036,-0.143
554.61,0.106,0,0.495,0.481,1,0.000,0.000,0.000,0.000,0.000,0.000,0.044,-0.142
554.81,0.424,0,0.495,0.481,1,0.000,0.000,0.000,0.000,0.000,0.000,0.027,-0.134
555.01,0.108,0,0.497,0.481,1,0.000,0.000,0.000,0.000,0.000,0.000,0.030,-0.146
555.21,0.105,0,0.497,0.481,1,0.000,0.000,0.000,0.000,0.000,0.000,0.032,-0.130
555.41,0.105,0,0.500,0.482,1,0.000,0.000,0.000,0.000,0.000,0.000,0.014,-0.118
555.61,0.108,0,0.500,0.482,1,0.000,0.000,0.000,0.000,0.000,0.000,0.018,-0.136
555.81,0.424,0,0.500,0.482,1,0.000,0.000,0.000,0.000,0.000,0.000,0.029,-0.138
556.01,0.426,0,0.497,0.484,1,0.000,0.000,0.000,0.000,0.000,0.000,0.031,-0.154
556.21,0.106,0,0.497,0.484,1,0.000,0.000,0.000,0.000,0.000,0.000,0.016,-0.138
556.41,0.424,0,0.491,0.482,1,0.000,0.000,0.000,0.000,0.000,0.000,0.015,-0.125
556.61,0.108,0,0.491,0.482,1,0.000,0.000,0.000,0.000,0.000,0.000,0.029,-0.140
556.81,0.105,0,0.491,0.482,1,0.000,0.000,0.000,0.000,0.000,0.000,0.018,-0.130
557.01,0.424,0,0.481,0.482,1,0.000,0.000,0.000,0.000,0.000,0.000,0.009,-0.129
557.21,0.108,0,0.481,0.482,1,0.000,0.000,0.000,0.000,0.000,0.000,0.038,-0.150
557.41,0.424,0,0.485,0.481,1,0.000,0.000,0.000,0.000,0.000,0.000,0.041,-0.137
557.61,0.108,0,0.485,0.481,1,0.000,0.000,0.000,0.000,0.000,0.000,0.034,-0.130
557.81,0.105,0,0.485,0.481,1,0.000,0.000,0.000,0.000,0.000,0.000,0.013,-0.125
558.01,0.108,0,0.494,0.481,1,0.000,0.000,0.000,0.000,0.000,0.000,0.026,-0.124
558.21,0.105,0,0.494,0.481,1,0.000,0.000,0.000,0.000,0.000,0.000,0.029,-0.139
558.41,0.108,0,0.455,0.477,1,0.000,0.000,0.000,0.000,0.000,0.000,0.035,-0.145
558.61,0.422,0,0.455,0.477,1,0.000,0.000,0.000,0.000,0.000,0.000,0.028,-0.132
558.81,0.409,0,0.455,0.477,1,0.000,0.000,0.000,0.000,0.000,0.000,0.032,-0.150
559.01,0.105,0,0.419,0.478,1,0.000,0.000,0.000,0.000,0.000,0.000,0.026,-0.147
559.21,0.377,0,0.419,0.478,1,0.000,0.000,0.000,0.000,0.000,0.000,0.019,-0.142
559.41,0.108,0,0.376,0.477,1,0.000,0.000,0.000,0.000,0.000,0.000,0.036,-0.164
559.61,0.105,0,0.376,0.477,1,0.000,0.000,0.000,0.000,0.000,0.000,0.021,-0.154
559.81,0.277,0,0.376,0.477,1,0.000,0.000,0.000,0.000,0.000,0.000,0.002,-0.143
560.01,0.261,0,0.395,0.478,1,0.000,0.000,0.000,0.000,0.000,0.000,0.016,-0.151
560.21,0.108,0,0.395,0.478,1,0.000,0.000,0.000,0.000,0.000,0.000,0.050,-0.207
560.41,0.108,0,0.360,0.481,1,0.000,0.000,0.000,0.000,0.000,0.000,0.056,-0.233
560.61,0.224,0,0.360,0.481,1,0.000,0.000,0.000,0.000,0.000,0.000,0.025,-0.205
560.81,0.105,0,0.360,0.481,1,0.000,0.000,0.000,0.000,0.000,0.000,0.028,-0.194
561.01,0.246,0,0.358,0.482,1,0.000,0.000,0.000,0.000,0.000,0.000,0.060,-0.244
561.21,0.105,0,0.358,0.482,1,0.000,0.000,0.000,0.000,0.000,0.000,0.071,-0.258
561.41,0.333,0,0.429,0.482,1,0.000,0.000,0.000,0.000,0.000,0.000,0.062,-0.201
561.61,0.108,0,0.429,0.482,1,0.000,0.000,0.000,0.000,0.000,0.000,0.059,-0.174
561.81,0.424,0,0.429,0.482,1,0.000,0.000,0.000,0.000,0.000,0.000,0.053,-0.157
562.01,0.105,0,0.957,0.482,0,0.000,0.000,0.000,0.000,0.000,0.000,0.040,-0.151
562.21,0.424,0,0.957,0.482,0,0.000,0.000,0.000,0.000,0.000,0.000,0.045,-0.180
562.41,0.108,0,0.628,0.481,1,0.000,0.000,0.000,0.000,0.000,0.000,0.071,-0.208
562.61,0.424,0,0.628,0.481,1,0.000,0.000,0.000,0.000,0.000,0.000,0.076,-0.203
562.81,0.108,0,0.628,0.481,1,0.000,0.000,0.000,0.000,0.000,0.000,0.067,-0.202
563.01,0.106,0,0.812,0.478,0,0.000,0.000,0.000,0.000,0.000,0.000,0.065,-0.210
563.21,0.106,0,0.812,0.478,0,0.000,0.000,0.000,0.000,0.000,0.000,0.082,-0.201
563.41,0.106,0,0.674,0.478,1,0.000,0.000,0.000,0.000,0.000,0.000,0.077,-0.200
563.61,0.105,0,0.674,0.478,1,0.000,0.000,0.000,0.000,0.000,0.000,0.052,-0.225
563.81,0.108,0,0.674,0.478,1,0.000,0.000,0.000,0.000,0.000,0.000,0.056,-0.232
564.01,0.105,0,0.705,0.478,0,0.000,0.000,0.000,0.000,0.000,0.000,0.055,-0.191
564.21,0.106,0,0.705,0.478,0,0.000,0.000,0.000,0.000,0.000,0.000,0.055,-0.195
564.41,0.423,0,0.731,0.479,0,0.000,0.000,0.000,0.000,0.000,0.000,0.055,-0.223
564.61,0.108,0,0.731,0.479,0,0.000,0.000,0.000,0.000,0.000,0.000,0.065,-0.233
564.81,0.106,0,0.731,0.479,0,0.000,0.000,0.000,0.000,0.000,0.000,0.062,-0.190
565.01,0.386,0,0.737,0.479,0,0.000,0.000,0.000,0.000,0.000,0.000,0.048,-0.184
565.21,0.106,0,0.737,0.479,0,0.000,0.000,0.000,0.000,0.000,0.000,0.046,-0.209
565.41,0.394,0,0.743,0.478,0,0.000,0.000,0.000,0.000,0.000,0.000,0.051,-0.211
565.61,0.105,0,0.743,0.478,0,0.000,0.000,0.000,0.000,0.000,0.000,0.057,-0.222
565.81,0.384,0,0.743,0.478,0,0.000,0.000,0.000,0.000,0.000,0.000,0.052,-0.201
566.01,0.384,0,0.744,0.479,0,0.000,0.000,0.000,0.000,0.000,0.000,0.052,-0.197
566.21,0.106,0,0.744,0.479,0,0.000,0.000,0.000,0.000,0.000,0.000,0.060,-0.215
566.41,0.372,0,0.745,0.478,0,0.000,0.000,0.000,0.000,0.000,0.000,0.055,-0.223
566.61,0.105,0,0.745,0.478,0,0.000,0.000,0.000,0.000,0.000,0.000,0.046,-0.232
566.81,0.379,0,0.745,0.478,0,0.000,0.000,0.000,0.000,0.000,0.000,0.066,-0.207
567.01,0.105,0,0.747,0.479,0,0.000,0.000,0.000,0.000,0.000,0.000,0.065,-0.193
567.21,0.391,0,0.747,0.479,0,0.000,0.000,0.000,0.000,0.000,0.000,0.046,-0.205
567.41,0.108,0,0.744,0.480,0,0.000,0.000,0.000,0.000,0.000,0.000,0.059,-0.237
567.61,0.106,0,0.744,0.480,0,0.000,0.000,0.000,0.000,0.000,0.000,0.075,-0.218
567.81,0.106,0,0.744,0.480,0,0.000,0.000,0.000,0.000,0.000,0.000,0.065,-0.196
568.01,0.108,0,0.743,0.479,0,0.000,0.000,0.000,0.000,0.000,0.000,0.058,-0.210
568.21,0.105,0,0.743,0.479,0,0.000,0.000,0.000,0.000,0.000,0.000,0.061,-0.220
568.41,0.398,0,0.743,0.479,0,0.000,0.000,0.000,0.000,0.000,0.000,0.066,-0.234
568.61,0.108,0,0.743,0.479,0,0.000,0.000,0.000,0.000,0.000,0.000,0.069,-0.216
568.81,0.105,0,0.743,0.479,0,0.000,0.000,0.000,0.000,0.000,0.000,0.060,-0.198
569.01,0.377,0,0.744,0.480,0,0.000,0.000,0.000,0.000,0.000,0.000,0.059,-0.228
569.21,0.106,0,0.744,0.480,0,0.000,0.000,0.000,0.000,0.000,0.000,0.058,-0.225
569.41,0.389,0,0.744,0.479,0,0.000,0.000,0.000,0.000,0.000,0.000,0.053,-0.205
569.61,0.105,0,0.744,0.479,0,0.000,0.000,0.000,0.000,0.000,0.000,0.049,-0.205
569.81,0.105,0,0.744,0.479,0,0.000,0.000,0.000,0.000,0.000,0.000,0.054,-0.209
570.01,0.108,0,0.745,0.479,0,0.000,0.000,0.000,0.000,0.000,0.000,0.064,-0.216
570.21,0.424,0,0.745,0.479,0,0.000,0.000,0.000,0.000,0.000,0.000,0.078,-0.222
570.41,0.105,0,0.768,0.480,0,0.000,0.000,0.000,0.000,0.000,0.000,0.061,-0.200
570.61,0.108,0,0.768,0.480,0,0.000,0.000,0.000,0.000,0.000,0.000,0.037,-0.204
570.81,0.424,0,0.768,0.480,0,0.000,0.000,0.000,0.000,0.000,0.000,0.043,-0.217
571.01,0.105,0,0.825,0.478,0,0.000,0.000,0.000,0.000,0.000,0.000,0.059,-0.213
571.21,0.105,0,0.825,0.478,0,0.000,0.000,0.000,0.000,0.000,0.000,0.042,-0.203
571.41,0.424,0,0.834,0.478,0,0.000,0.000,0.000,0.000,0.000,0.000,0.041,-0.211
571.61,0.108,0,0.834,0.478,0,0.000,0.000,0.000,0.000,0.000,0.000,0.065,-0.228
571.81,0.108,0,0.834,0.478,0,0.000,0.000,0.000,0.000,0.000,0.000,0.071,-0.213
572.01,0.106,0,0.818,0.478,0,0.000,0.000,0.000,0.000,0.000,0.000,0.052,-0.184
572.21,0.106,0,0.818,0.478,0,0.000,0.000,0.000,0.000,0.000,0.000,0.032,-0.156
572.41,0.424,0,0.648,0.479,1,0.000,0.000,0.000,0.000,0.000,0.000,0.025,-0.165
572.61,0.108,0,0.648,0.479,1,0.000,0.000,0.000,0.000,0.000,0.000,0.045,-0.216
572.81,0.424,0,0.648,0.479,1,0.000,0.000,0.000,0.000,0.000,0.000,0.041,-0.185
573.01,0.424,0,0.761,0.484,0,0.000,0.000,0.000,0.000,0.000,0.000,0.027,-0.202
573.21,0.105,0,0.761,0.484,0,0.000,0.000,0.000,0.000,0.000,0.000,0.017,-0.233
573.41,0.106,0,0.850,0.484,0,0.000,0.000,0.000,0.000,0.000,0.000,0.014,-0.214
573.61,0.105,0,0.850,0.484,0,0.000,0.000,0.000,0.000,0.000,0.000,-0.002,-0.180
573.81,0.501,0,0.850,0.484,0,0.000,0.000,0.000,0.000,0.000,0.000,0.003,-0.192
574.01,0.424,0,1.110,0.480,0,0.000,0.000,0.000,0.000,0.000,0.000,0.023,-0.202
574.21,0.106,0,1.110,0.480,0,0.000,0.000,0.000,0.000,0.000,0.000,0.023,-0.169
574.41,0.105,0,1.193,0.478,0,0.000,0.000,0.000,0.000,0.000,0.000,0.010,-0.151
574.61,0.108,0,1.193,0.478,0,0.000,0.000,0.000,0.000,0.000,0.000,0.008,-0.178
574.81,0.424,0,1.193,0.478,0,0.000,0.000,0.000,0.000,0.000,0.000,0.002,-0.192
575.01,0.106,0,1.195,0.481,0,0.000,0.000,0.000,0.000,0.000,0.000,0.009,-0.180
575.21,0.108,0,1.195,0.481,0,0.000,0.000,0.000,0.000,0.000,0.000,-0.003,-0.163
575.41,0.424,0,1.147,0.481,0,0.000,0.000,0.000,0.000,0.000,0.000,-0.000,-0.180
575.61,0.106,0,1.147,0.481,0,0.000,0.000,0.000,0.000,0.000,0.000,0.011,-0.190
575.81,0.108,0,1.147,0.481,0,0.000,0.000,0.000,0.000,0.000,0.000,0.004,-0.191
576.01,0.106,0,1.143,0.481,0,0.000,0.000,0.000,0.000,0.000,0.000,-0.005,-0.175
576.21,0.421,0,1.143,0.481,0,0.000,0.000,0.000,0.000,0.000,0.000,0.005,-0.184
576.41,0.424,0,1.132,0.481,0,0.000,0.000,0.000,0.000,0.000,0.000,0.015,-0.185
576.61,0.105,0,1.132,0.481,0,0.000,0.000,0.000,0.000,0.000,0.000,0.014,-0.180
576.81,0.501,0,1.132,0.481,0,0.000,0.000,0.000,0.000,0.000,0.000,0.003,-0.191
577.01,0.105,0,1.125,0.479,0,0.000,0.000,0.000,0.000,0.000,0.000,0.001,-0.189
577.21,0.106,0,1.125,0.479,0,0.000,0.000,0.000,0.000,0.000,0.000,0.014,-0.193
577.41,0.423,0,1.012,0.480,0,0.000,0.000,0.000,0.000,0.000,0.000,0.018,-0.190
577.61,0.424,0,1.012,0.480,0,0.000,0.000,0.000,0.000,0.000,0.000,0.021,-0.197
577.81,0.106,0,1.012,0.480,0,0.000,0.000,0.000,0.000,0.000,0.000,0.024,-0.199
578.01,0.106,0,0.873,0.478,0,0.000,0.000,0.000,0.000,0.000,0.000,0.027,-0.199
578.21,0.108,0,0.873,0.478,0,0.000,0.000,0.000,0.000,0.000,0.000,0.035,-0.207
578.41,0.105,0,0.826,0.478,0,0.000,0.000,0.000,0.000,0.000,0.000,0.036,-0.214
578.61,0.105,0,0.826,0.478,0,0.000,0.000,0.000,0.000,0.000,0.000,0.035,-0.201
578.81,0.503,0,0.826,0.478,0,0.000,0.000,0.000,0.000,0.000,0.000,0.029,-0.197
579.01,0.106,0,0.819,0.478,0,0.000,0.000,0.000,0.000,0.000,0.000,0.033,-0.207
579.21,0.105,0,0.819,0.478,0,0.000,0.000,0.000,0.000,0.000,0.000,0.032,-0.217
579.41,0.108,0,0.801,0.477,0,0.000,0.000,0.000,0.000,0.000,0.000,0.040,-0.220
579.61,0.105,0,0.801,0.477,0,0.000,0.000,0.000,0.000,0.000,0.000,0.038,-0.199
579.81,0.424,0,0.801,0.477,0,0.000,0.000,0.000,0.000,0.000,0.000,0.044,-0.199
580.01,0.108,0,0.800,0.480,0,0.000,0.000,0.000,0.000,0.000,0.000,0.046,-0.216
580.21,0.105,0,0.800,0.480,0,0.000,0.000,0.000,0.000,0.000,0.000,0.036,-0.217
580.41,0.105,0,0.756,0.477,0,0.000,0.000,0.000,0.000,0.000,0.000,0.032,-0.196
580.61,0.106,0,0.756,0.477,0,0.000,0.000,0.000,0.000,0.000,0.000,0.048,-0.205
580.81,0.105,0,0.756,0.477,0,0.000,0.000,0.000,0.000,0.000,0.000,0.043,-0.212
581.01,0.108,0,0.735,0.481,0,0.000,0.000,0.000,0.000,0.000,0.000,0.040,-0.232
581.21,0.106,0,0.735,0.481,0,0.000,0.000,0.000,0.000,0.000,0.000,0.041,-0.218
581.41,0.108,0,0.747,0.481,0,0.000,0.000,0.000,0.000,0.000,0.000,0.041,-0.216
581.61,0.426,0,0.747,0.481,0,0.000,0.000,0.000,0.000,0.000,0.000,0.044,-0.221
581.81,0.105,0,0.747,0.481,0,0.000,0.000,0.000,0.000,0.000,0.000,0.047,-0.201
582.01,0.424,0,0.747,0.480,0,0.000,0.000,0.000,0.000,0.000,0.000,0.038,-0.207
582.21,0.424,0,0.747,0.480,0,0.000,0.000,0.000,0.000,0.000,0.000,0.054,-0.225
582.41,0.108,0,0.746,0.480,0,0.000,0.000,0.000,0.000,0.000,0.000,0.057,-0.217
582.61,0.108,0,0.746,0.480,0,0.000,0.000,0.000,0.000,0.000,0.000,0.050,-0.209
582.81,0.424,0,0.746,0.480,0,0.000,0.000,0.000,0.000,0.000,0.000,0.047,-0.217
583.01,0.106,0,0.746,0.480,0,0.000,0.000,0.000,0.000,0.000,0.000,0.045,-0.210
583.21,0.424,0,0.746,0.480,0,0.000,0.000,0.000,0.000,0.000,0.000,0.038,-0.203
583.41,0.106,0,0.749,0.480,0,0.000,0.000,0.000,0.000,0.000,0.000,0.051,-0.216
583.61,0.424,0,0.749,0.480,0,0.000,0.000,0.000,0.000,0.000,0.000,0.045,-0.216
583.81,0.424,0,0.749,0.480,0,0.000,0.000,0.000,0.000,0.000,0.000,0.051,-0.225
584.01,0.424,0,0.746,0.480,0,0.000,0.000,0.000,0.000,0.000,0.000,0.054,-0.235
584.21,0.424,0,0.746,0.480,0,0.000,0.000,0.000,0.000,0.000,0.000,0.052,-0.209
584.41,0.108,0,0.748,0.480,0,0.000,0.000,0.000,0.000,0.000,0.000,0.043,-0.200
584.61,0.108,0,0.748,0.480,0,0.000,0.000,0.000,0.000,0.000,0.000,0.045,-0.210
584.81,0.423,0,0.748,0.480,0,0.000,0.000,0.000,0.000,0.000,0.000,0.041,-0.219
585.01,0.108,0,0.749,0.479,0,0.000,0.000,0.000,0.000,0.000,0.000,0.046,-0.218
585.21,0.424,0,0.749,0.479,0,0.000,0.000,0.000,0.000,0.000,0.000,0.045,-0.218
585.41,0.424,0,0.749,0.481,0,0.000,0.000,0.000,0.000,0.000,0.000,0.053,-0.209
585.61,0.502,0,0.749,0.481,0,0.000,0.000,0.000,0.000,0.000,0.000,0.047,-0.208
585.81,0.105,0,0.749,0.481,0,0.000,0.000,0.000,0.000,0.000,0.000,0.045,-0.203
586.01,0.108,0,0.749,0.480,0,0.000,0.000,0.000,0.000,0.000,0.000,0.041,-0.206
586.21,0.108,0,0.749,0.480,0,0.000,0.000,0.000,0.000,0.000,0.000,0.048,-0.212
586.41,0.424,0,0.754,0.480,0,0.000,0.000,0.000,0.000,0.000,0.000,0.041,-0.212
586.61,0.424,0,0.754,0.480,0,0.000,0.000,0.000,0.000,0.000,0.000,0.046,-0.209
586.81,0.424,0,0.754,0.480,0,0.000,0.000,0.000,0.000,0.000,0.000,0.039,-0.198
587.01,0.108,0,0.751,0.480,0,0.000,0.000,0.000,0.000,0.000,0.000,0.041,-0.201
587.21,0.503,0,0.751,0.480,0,0.000,0.000,0.000,0.000,0.000,0.000,0.036,-0.206
587.41,0.424,0,0.749,0.481,0,0.000,0.000,0.000,0.000,0.000,0.000,0.045,-0.227
587.61,0.105,0,0.749,0.481,0,0.000,0.000,0.000,0.000,0.000,0.000,0.045,-0.215
587.81,0.106,0,0.749,0.481,0,0.000,0.000,0.000,0.000,0.000,0.000,0.037,-0.199
588.01,0.108,0,0.750,0.479,0,0.000,0.000,0.000,0.000,0.000,0.000,0.029,-0.210
588.21,0.424,0,0.750,0.479,0,0.000,0.000,0.000,0.000,0.000,0.000,0.034,-0.217
588.41,0.424,0,0.752,0.479,0,0.000,0.000,0.000,0.000,0.000,0.000,0.045,-0.211
588.61,0.108,0,0.752,0.479,0,0.000,0.000,0.000,0.000,0.000,0.000,0.048,-0.213
588.81,0.108,0,0.752,0.479,0,0.000,0.000,0.000,0.000,0.000,0.000,0.042,-0.216
589.01,0.424,0,0.754,0.480,0,0.000,0.000,0.000,0.000,0.000,0.000,0.043,-0.218
589.21,0.105,0,0.754,0.480,0,0.000,0.000,0.000,0.000,0.000,0.000,0.044,-0.218
589.41,0.424,0,0.755,0.480,0,0.000,0.000,0.000,0.000,0.000,0.000,0.041,-0.215
589.61,0.424,0,0.755,0.480,0,0.000,0.000,0.000,0.000,0.000,0.000,0.036,-0.208
589.81,0.108,0,0.755,0.480,0,0.000,0.000,0.000,0.000,0.000,0.000,0.054,-0.214
590.01,0.106,0,0.744,0.478,0,0.000,0.000,0.000,0.000,0.000,0.000,0.048,-0.205
590.21,0.424,0,0.744,0.478,0,0.000,0.000,0.000,0.000,0.000,0.000,0.030,-0.217
590.41,0.108,0,0.743,0.480,0,0.000,0.000,0.000,0.000,0.000,0.000,0.037,-0.218
590.61,0.424,0,0.743,0.480,0,0.000,0.000,0.000,0.000,0.000,0.000,0.055,-0.222
590.81,0.424,0,0.743,0.480,0,0.000,0.000,0.000,0.000,0.000,0.000,0.054,-0.217
591.01,0.105,0,0.738,0.480,0,0.000,0.000,0.000,0.000,0.000,0.000,0.029,-0.208
591.21,0.108,0,0.738,0.480,0,0.000,0.000,0.000,0.000,0.000,0.000,0.037,-0.225
591.41,0.108,0,0.717,0.480,0,0.000,0.000,0.000,0.000,0.000,0.000,0.048,-0.224
591.61,0.424,0,0.717,0.480,0,0.000,0.000,0.000,0.000,0.000,0.000,0.040,-0.224
591.81,0.105,0,0.717,0.480,0,0.000,0.000,0.000,0.000,0.000,0.000,0.033,-0.205
592.01,0.108,0,0.719,0.480,0,0.000,0.000,0.000,0.000,0.000,0.000,0.042,-0.238
592.21,0.105,0,0.719,0.480,0,0.000,0.000,0.000,0.000,0.000,0.000,0.051,-0.222
592.41,0.424,0,0.719,0.480,0,0.000,0.000,0.000,0.000,0.000,0.000,0.049,-0.206
592.61,0.421,0,0.719,0.480,0,0.000,0.000,0.000,0.000,0.000,0.000,0.056,-0.216
592.81,0.105,0,0.719,0.480,0,0.000,0.000,0.000,0.000,0.000,0.000,0.059,-0.216
593.01,0.106,0,0.726,0.481,0,0.000,0.000,0.000,0.000,0.000,0.000,0.062,-0.220
593.21,0.424,0,0.726,0.481,0,0.000,0.000,0.000,0.000,0.000,0.000,0.051,-0.217
593.41,0.424,0,0.735,0.481,0,0.000,0.000,0.000,0.000,0.000,0.000,0.050,-0.212
593.61,0.108,0,0.735,0.481,0,0.000,0.000,0.000,0.000,0.000,0.000,0.054,-0.216
593.81,0.108,0,0.735,0.481,0,0.000,0.000,0.000,0.000,0.000,0.000,0.048,-0.205
594.01,0.108,0,0.748,0.480,0,0.000,0.000,0.000,0.000,0.000,0.000,0.040,-0.214
594.21,0.105,0,0.748,0.480,0,0.000,0.000,0.000,0.000,0.000,0.000,0.039,-0.218
594.41,0.105,0,0.749,0.479,0,0.000,0.000,0.000,0.000,0.000,0.000,0.050,-0.216
594.61,0.105,0,0.749,0.479,0,0.000,0.000,0.000,0.000,0.000,0.000,0.045,-0.213
594.81,0.426,0,0.749,0.479,0,0.000,0.000,0.000,0.000,0.000,0.000,0.046,-0.216
595.01,0.424,0,0.745,0.478,0,0.000,0.000,0.000,0.000,0.000,0.000,0.041,-0.220
595.21,0.106,0,0.745,0.478,0,0.000,0.000,0.000,0.000,0.000,0.000,0.041,-0.225
595.41,0.106,0,0.745,0.480,0,0.000,0.000,0.000,0.000,0.000,0.000,0.054,-0.220
595.61,0.105,0,0.745,0.480,0,0.000,0.000,0.000,0.000,0.000,0.000,0.059,-0.207
595.81,0.105,0,0.745,0.480,0,0.000,0.000,0.000,0.000,0.000,0.000,0.054,-0.213
596.01,0.426,0,0.739,0.480,0,0.000,0.000,0.000,0.000,0.000,0.000,0.051,-0.222
596.21,0.424,0,0.739,0.480,0,0.000,0.000,0.000,0.000,0.000,0.000,0.035,-0.218
596.41,0.106,0,0.743,0.477,0,0.000,0.000,0.000,0.000,0.000,0.000,0.033,-0.229
596.61,0.106,0,0.743,0.477,0,0.000,0.000,0.000,0.000,0.000,0.000,0.055,-0.235
596.81,0.105,0,0.743,0.477,0,0.000,0.000,0.000,0.000,0.000,0.000,0.057,-0.234
597.01,0.105,0,0.741,0.478,0,0.000,0.000,0.000,0.000,0.000,0.000,0.044,-0.225
597.21,0.105,0,0.741,0.478,0,0.000,0.000,0.000,0.000,0.000,0.000,0.036,-0.211
597.41,0.108,0,0.728,0.478,0,0.000,0.000,0.000,0.000,0.000,0.000,0.039,-0.211
597.61,0.108,0,0.728,0.478,0,0.000,0.000,0.000,0.000,0.000,0.000,0.046,-0.222
597.81,0.424,0,0.728,0.478,0,0.000,0.000,0.000,0.000,0.000,0.000,0.047,-0.214
598.01,0.424,0,0.727,0.479,0,0.000,0.000,0.000,0.000,0.000,0.000,0.033,-0.212
598.21,0.108,0,0.727,0.479,0,0.000,0.000,0.000,0.000,0.000,0.000,0.047,-0.227
598.41,0.106,0,0.732,0.479,0,0.000,0.000,0.000,0.000,0.000,0.000,0.040,-0.204
598.61,0.108,0,0.732,0.479,0,0.000,0.000,0.000,0.000,0.000,0.000,0.034,-0.193
598.81,0.105,0,0.732,0.479,0,0.000,0.000,0.000,0.000,0.000,0.000,0.035,-0.202
599.01,0.106,0,0.741,0.480,0,0.000,0.000,0.000,0.000,0.000,0.000,0.041,-0.220
599.21,0.105,0,0.741,0.480,0,0.000,0.000,0.000,0.000,0.000,0.000,0.049,-0.222
599.41,0.108,0,0.750,0.479,0,0.000,0.000,0.000,0.000,0.000,0.000,0.043,-0.214
599.61,0.105,0,0.750,0.479,0,0.000,0.000,0.000,0.000,0.000,0.000,0.041,-0.205
599.81,0.105,0,0.750,0.479,0,0.000,0.000,0.000,0.000,0.000,0.000,0.044,-0.209
600.01,0.106,0,0.761,0.478,0,0.000,0.000,0.000,0.000,0.000,0.000,0.048,-0.212
600.21,0.106,0,0.761,0.478,0,0.000,0.000,0.000,0.000,0.000,0.000,0.047,-0.198
600.41,0.424,0,0.748,0.478,0,0.000,0.000,0.000,0.000,0.000,0.000,0.030,-0.210
600.61,0.426,0,0.748,0.478,0,0.000,0.000,0.000,0.000,0.000,0.000,0.046,-0.225
600.81,0.424,0,0.748,0.478,0,0.000,0.000,0.000,0.000,0.000,0.000,0.046,-0.213
601.01,0.105,0,0.757,0.479,0,0.000,0.000,0.000,0.000,0.000,0.000,0.038,-0.217
601.21,0.105,0,0.757,0.479,0,0.000,0.000,0.000,0.000,0.000,0.000,0.032,-0.218
601.41,0.423,0,0.740,0.478,0,0.000,0.000,0.000,0.000,0.000,0.000,0.049,-0.221
601.61,0.108,0,0.740,0.478,0,0.000,0.000,0.000,0.000,0.000,0.000,0.053,-0.224
601.81,0.108,0,0.740,0.478,0,0.000,0.000,0.000,0.000,0.000,0.000,0.036,-0.224
602.01,0.106,0,0.745,0.479,0,0.000,0.000,0.000,0.000,0.000,0.000,0.031,-0.226
602.21,0.106,0,0.745,0.479,0,0.000,0.000,0.000,0.000,0.000,0.000,0.044,-0.235
602.41,0.106,0,0.767,0.481,0,0.000,0.000,0.000,0.000,0.000,0.000,0.047,-0.230
602.61,0.424,0,0.767,0.481,0,0.000,0.000,0.000,0.000,0.000,0.000,0.040,-0.228
602.81,0.105,0,0.767,0.481,0,0.000,0.000,0.000,0.000,0.000,0.000,0.046,-0.218
603.01,0.424,0,0.782,0.479,0,0.000,0.000,0.000,0.000,0.000,0.000,0.042,-0.218
603.21,0.108,0,0.782,0.479,0,0.000,0.000,0.000,0.000,0.000,0.000,0.040,-0.215
603.41,0.105,0,0.713,0.478,0,0.000,0.000,0.000,0.000,0.000,0.000,0.037,-0.215
603.61,0.105,0,0.713,0.478,0,0.000,0.000,0.000,0.000,0.000,0.000,0.033,-0.224
603.81,0.424,0,0.713,0.478,0,0.000,0.000,0.000,0.000,0.000,0.000,0.032,-0.219
604.01,0.105,0,0.714,0.478,0,0.000,0.000,0.000,0.000,0.000,0.000,0.035,-0.214
604.21,0.108,0,0.714,0.478,0,0.000,0.000,0.000,0.000,0.000,0.000,0.042,-0.226
604.41,0.105,0,0.712,0.479,0,0.000,0.000,0.000,0.000,0.000,0.000,0.033,-0.218
604.61,0.108,0,0.712,0.479,0,0.000,0.000,0.000,0.000,0.000,0.000,0.027,-0.224
604.81,0.106,0,0.712,0.479,0,0.000,0.000,0.000,0.000,0.000,0.000,0.037,-0.216
605.01,0.424,0,0.705,0.481,0,0.000,0.000,0.000,0.000,0.000,0.000,0.033,-0.189
605.21,0.424,0,0.705,0.481,0,0.000,0.000,0.000,0.000,0.000,0.000,0.035,-0.197
605.41,0.424,0,0.705,0.480,0,0.000,0.000,0.000,0.000,0.000,0.000,0.042,-0.219
605.61,0.105,0,0.705,0.480,0,0.000,0.000,0.000,0.000,0.000,0.000,0.044,-0.221
605.81,0.106,0,0.705,0.480,0,0.000,0.000,0.000,0.000,0.000,0.000,0.053,-0.211
606.01,0.424,0,0.709,0.479,0,0.000,0.000,0.000,0.000,0.000,0.000,0.047,-0.216
606.21,0.105,0,0.709,0.479,0,0.000,0.000,0.000,0.000,0.000,0.000,0.047,-0.224
606.41,0.105,0,0.721,0.478,0,0.000,0.000,0.000,0.000,0.000,0.000,0.041,-0.220
606.61,0.105,0,0.721,0.478,0,0.000,0.000,0.000,0.000,0.000,0.000,0.046,-0.214
606.81,0.105,0,0.721,0.478,0,0.000,0.000,0.000,0.000,0.000,0.000,0.053,-0.223
607.01,0.105,0,0.746,0.478,0,0.000,0.000,0.000,0.000,0.000,0.000,0.048,-0.211
607.21,0.424,0,0.746,0.478,0,0.000,0.000,0.000,0.000,0.000,0.000,0.039,-0.222
607.41,0.105,0,0.758,0.478,0,0.000,0.000,0.000,0.000,0.000,0.000,0.042,-0.228
607.61,0.424,0,0.758,0.478,0,0.000,0.000,0.000,0.000,0.000,0.000,0.049,-0.217
607.81,0.106,0,0.758,0.478,0,0.000,0.000,0.000,0.000,0.000,0.000,0.038,-0.188
608.01,0.105,0,0.789,0.478,0,0.000,0.000,0.000,0.000,0.000,0.000,0.022,-0.188
608.21,0.424,0,0.789,0.478,0,0.000,0.000,0.000,0.000,0.000,0.000,0.043,-0.223
608.41,0.424,0,0.653,0.480,1,0.000,0.000,0.000,0.000,0.000,0.000,0.053,-0.252
608.61,0.424,0,0.653,0.480,1,0.000,0.000,0.000,0.000,0.000,0.000,0.045,-0.243
608.81,0.108,0,0.653,0.480,1,0.000,0.000,0.000,0.000,0.000,0.000,0.040,-0.230
609.01,0.106,0,0.745,0.483,0,0.000,0.000,0.000,0.000,0.000,0.000,0.034,-0.221
609.21,0.105,0,0.745,0.483,0,0.000,0.000,0.000,0.000,0.000,0.000,0.031,-0.200
609.41,0.108,0,0.811,0.479,0,0.000,0.000,0.000,0.000,0.000,0.000,0.040,-0.214
609.61,0.424,0,0.811,0.479,0,0.000,0.000,0.000,0.000,0.000,0.000,0.052,-0.231
609.81,0.424,0,0.811,0.479,0,0.000,0.000,0.000,0.000,0.000,0.000,0.047,-0.223
610.01,0.424,0,0.810,0.478,0,0.000,0.000,0.000,0.000,0.000,0.000,0.041,-0.212
610.21,0.108,0,0.810,0.478,0,0.000,0.000,0.000,0.000,0.000,0.000,0.040,-0.222
610.41,0.502,0,0.806,0.479,0,0.000,0.000,0.000,0.000,0.000,0.000,0.034,-0.227
610.61,0.106,0,0.806,0.479,0,0.000,0.000,0.000,0.000,0.000,0.000,0.034,-0.216
610.81,0.105,0,0.806,0.479,0,0.000,0.000,0.000,0.000,0.000,0.000,0.026,-0.199
611.01,0.105,0,0.801,0.479,0,0.000,0.000,0.000,0.000,0.000,0.000,0.025,-0.207
611.21,0.106,0,0.801,0.479,0,0.000,0.000,0.000,0.000,0.000,0.000,0.044,-0.240
611.41,0.424,0,0.727,0.480,0,0.000,0.000,0.000,0.000,0.000,0.000,0.055,-0.257
611.61,0.108,0,0.727,0.480,0,0.000,0.000,0.000,0.000,0.000,0.000,0.052,-0.254
611.81,0.424,0,0.727,0.480,0,0.000,0.000,0.000,0.000,0.000,0.000,0.035,-0.231
612.01,0.424,0,0.543,0.484,1,0.000,0.000,0.000,0.000,0.000,0.000,0.040,-0.242
612.21,0.108,0,0.543,0.484,1,0.000,0.000,0.000,0.000,0.000,0.000,0.060,-0.253
612.41,0.424,0,0.549,0.485,1,0.000,0.000,0.000,0.000,0.000,0.000,0.063,-0.246
612.61,0.106,0,0.549,0.485,1,0.000,0.000,0.000,0.000,0.000,0.000,0.038,-0.231
612.81,0.105,0,0.549,0.485,1,0.000,0.000,0.000,0.000,0.000,0.000,0.037,-0.238
613.01,0.424,0,0.562,0.485,1,0.000,0.000,0.000,0.000,0.000,0.000,0.055,-0.251
613.21,0.503,0,0.562,0.485,1,0.000,0.000,0.000,0.000,0.000,0.000,0.062,-0.243
613.41,0.106,0,0.616,0.484,1,0.000,0.000,0.000,0.000,0.000,0.000,0.052,-0.227
613.61,0.108,0,0.616,0.484,1,0.000,0.000,0.000,0.000,0.000,0.000,0.049,-0.228
613.81,0.105,0,0.616,0.484,1,0.000,0.000,0.000,0.000,0.000,0.000,0.042,-0.226
614.01,0.424,0,0.629,0.485,1,0.000,0.000,0.000,0.000,0.000,0.000,0.054,-0.235
614.21,0.106,0,0.629,0.485,1,0.000,0.000,0.000,0.000,0.000,0.000,0.056,-0.230
614.41,0.424,0,0.635,0.484,1,0.000,0.000,0.000,0.000,0.000,0.000,0.047,-0.225
614.61,0.105,0,0.635,0.484,1,0.000,0.000,0.000,0.000,0.000,0.000,0.043,-0.229
614.81,0.108,0,0.635,0.484,1,0.000,0.000,0.000,0.000,0.000,0.000,0.053,-0.231
615.01,0.424,0,0.643,0.484,1,0.000,0.000,0.000,0.000,0.000,0.000,0.049,-0.219
615.21,0.105,0,0.643,0.484,1,0.000,0.000,0.000,0.000,0.000,0.000,0.037,-0.220
615.41,0.424,0,0.642,0.485,1,0.000,0.000,0.000,0.000,0.000,0.000,0.044,-0.242
615.61,0.108,0,0.642,0.485,1,0.000,0.000,0.000,0.000,0.000,0.000,0.056,-0.247
615.81,0.105,0,0.642,0.485,1,0.000,0.000,0.000,0.000,0.000,0.000,0.043,-0.222
616.01,0.105,0,0.652,0.485,1,0.000,0.000,0.000,0.000,0.000,0.000,0.030,-0.228
616.21,0.108,0,0.652,0.485,1,0.000,0.000,0.000,0.000,0.000,0.000,0.046,-0.244
616.41,0.106,0,0.634,0.485,1,0.000,0.000,0.000,0.000,0.000,0.000,0.049,-0.227
616.61,0.108,0,0.634,0.485,1,0.000,0.000,0.000,0.000,0.000,0.000,0.040,-0.220
616.81,0.105,0,0.634,0.485,1,0.000,0.000,0.000,0.000,0.000,0.000,0.044,-0.232
617.01,0.105,0,0.629,0.484,1,0.000,0.000,0.000,0.000,0.000,0.000,0.045,-0.232
617.21,0.424,0,0.629,0.484,1,0.000,0.000,0.000,0.000,0.000,0.000,0.052,-0.243
617.41,0.426,0,0.633,0.485,1,0.000,0.000,0.000,0.000,0.000,0.000,0.056,-0.247
617.61,0.106,0,0.633,0.485,1,0.000,0.000,0.000,0.000,0.000,0.000,0.035,-0.221
617.81,0.108,0,0.633,0.485,1,0.000,0.000,0.000,0.000,0.000,0.000,0.039,-0.224
618.01,0.424,0,0.645,0.485,1,0.000,0.000,0.000,0.000,0.000,0.000,0.051,-0.243
618.21,0.424,0,0.645,0.485,1,0.000,0.000,0.000,0.000,0.000,0.000,0.049,-0.242
618.41,0.108,0,0.641,0.485,1,0.000,0.000,0.000,0.000,0.000,0.000,0.057,-0.229
618.61,0.105,0,0.641,0.485,1,0.000,0.000,0.000,0.000,0.000,0.000,0.048,-0.220
618.81,0.424,0,0.641,0.485,1,0.000,0.000,0.000,0.000,0.000,0.000,0.050,-0.243
619.01,0.108,0,0.643,0.485,1,0.000,0.000,0.000,0.000,0.000,0.000,0.059,-0.245
619.21,0.424,0,0.643,0.485,1,0.000,0.000,0.000,0.000,0.000,0.000,0.049,-0.226
619.41,0.423,0,0.653,0.485,1,0.000,0.000,0.000,0.000,0.000,0.000,0.050,-0.238
619.61,0.424,0,0.653,0.485,1,0.000,0.000,0.000,0.000,0.000,0.000,0.061,-0.248
619.81,0.424,0,0.653,0.485,1,0.000,0.000,0.000,0.000,0.000,0.000,0.057,-0.244
620.01,0.106,0,0.649,0.485,1,0.000,0.000,0.000,0.000,0.000,0.000,0.052,-0.227
620.21,0.424,0,0.649,0.485,1,0.000,0.000,0.000,0.000,0.000,0.000,0.043,-0.220
620.41,0.426,0,0.663,0.485,1,0.000,0.000,0.000,0.000,0.000,0.000,0.048,-0.226
620.61,0.105,0,0.663,0.485,1,0.000,0.000,0.000,0.000,0.000,0.000,0.045,-0.223
620.81,0.424,0,0.663,0.485,1,0.000,0.000,0.000,0.000,0.000,0.000,0.042,-0.232
621.01,0.108,0,0.691,0.485,0,0.000,0.000,0.000,0.000,0.000,0.000,0.053,-0.240
621.21,0.105,0,0.691,0.485,0,0.000,0.000,0.000,0.000,0.000,0.000,0.051,-0.216
621.41,0.108,0,0.698,0.482,0,0.000,0.000,0.000,0.000,0.000,0.000,0.047,-0.209
621.61,0.108,0,0.698,0.482,0,0.000,0.000,0.000,0.000,0.000,0.000,0.048,-0.225
621.81,0.106,0,0.698,0.482,0,0.000,0.000,0.000,0.000,0.000,0.000,0.045,-0.220
622.01,0.424,0,0.697,0.486,0,0.000,0.000,0.000,0.000,0.000,0.000,0.050,-0.224
622.21,0.426,0,0.697,0.486,0,0.000,0.000,0.000,0.000,0.000,0.000,0.047,-0.222
622.41,0.105,0,0.692,0.485,0,0.000,0.000,0.000,0.000,0.000,0.000,0.042,-0.223
622.61,0.106,0,0.692,0.485,0,0.000,0.000,0.000,0.000,0.000,0.000,0.048,-0.230
622.81,0.108,0,0.692,0.485,0,0.000,0.000,0.000,0.000,0.000,0.000,0.058,-0.228
623.01,0.106,0,0.696,0.485,0,0.000,0.000,0.000,0.000,0.000,0.000,0.054,-0.214
623.21,0.108,0,0.696,0.485,0,0.000,0.000,0.000,0.000,0.000,0.000,0.046,-0.217
623.41,0.108,0,0.692,0.485,0,0.000,0.000,0.000,0.000,0.000,0.000,0.046,-0.241
623.61,0.424,0,0.692,0.485,0,0.000,0.000,0.000,0.000,0.000,0.000,0.049,-0.236
623.81,0.108,0,0.692,0.485,0,0.000,0.000,0.000,0.000,0.000,0.000,0.037,-0.220
624.01,0.105,0,0.687,0.486,0,0.000,0.000,0.000,0.000,0.000,0.000,0.023,-0.208
624.21,0.424,0,0.687,0.486,0,0.000,0.000,0.000,0.000,0.000,0.000,0.030,-0.224
624.41,0.105,0,0.687,0.485,0,0.000,0.000,0.000,0.000,0.000,0.000,0.034,-0.228
624.61,0.424,0,0.687,0.485,0,0.000,0.000,0.000,0.000,0.000,0.000,0.040,-0.226
624.81,0.108,0,0.687,0.485,0,0.000,0.000,0.000,0.000,0.000,0.000,0.044,-0.233
625.01,0.105,0,0.688,0.485,0,0.000,0.000,0.000,0.000,0.000,0.000,0.033,-0.226
625.21,0.424,0,0.688,0.485,0,0.000,0.000,0.000,0.000,0.000,0.000,0.040,-0.221
625.41,0.108,0,0.694,0.486,0,0.000,0.000,0.000,0.000,0.000,0.000,0.045,-0.231
625.61,0.105,0,0.694,0.486,0,0.000,0.000,0.000,0.000,0.000,0.000,0.037,-0.224
625.81,0.106,0,0.694,0.486,0,0.000,0.000,0.000,0.000,0.000,0.000,0.024,-0.213
626.01,0.105,0,0.688,0.486,0,0.000,0.000,0.000,0.000,0.000,0.000,0.024,-0.214
626.21,0.424,0,0.688,0.486,0,0.000,0.000,0.000,0.000,0.000,0.000,0.038,-0.231
626.41,0.421,0,0.690,0.485,0,0.000,0.000,0.000,0.000,0.000,0.000,0.046,-0.248
626.61,0.108,0,0.690,0.485,0,0.000,0.000,0.000,0.000,0.000,0.000,0.039,-0.236
626.81,0.424,0,0.690,0.485,0,0.000,0.000,0.000,0.000,0.000,0.000,0.026,-0.206
627.01,0.424,0,0.679,0.486,1,0.000,0.000,0.000,0.000,0.000,0.000,0.030,-0.222
627.21,0.105,0,0.679,0.486,1,0.000,0.000,0.000,0.000,0.000,0.000,0.036,-0.229
627.41,0.106,0,0.685,0.485,1,0.000,0.000,0.000,0.000,0.000,0.000,0.037,-0.230
627.61,0.424,0,0.685,0.485,1,0.000,0.000,0.000,0.000,0.000,0.000,0.042,-0.235
627.81,0.108,0,0.685,0.485,1,0.000,0.000,0.000,0.000,0.000,0.000,0.050,-0.249
628.01,0.108,0,0.689,0.486,0,0.000,0.000,0.000,0.000,0.000,0.000,0.037,-0.232
628.21,0.105,0,0.689,0.486,0,0.000,0.000,0.000,0.000,0.000,0.000,0.029,-0.216
628.41,0.108,0,0.687,0.485,0,0.000,0.000,0.000,0.000,0.000,0.000,0.047,-0.238
628.61,0.108,0,0.687,0.485,0,0.000,0.000,0.000,0.000,0.000,0.000,0.054,-0.250
628.81,0.424,0,0.687,0.485,0,0.000,0.000,0.000,0.000,0.000,0.000,0.045,-0.232
629.01,0.426,0,0.690,0.485,0,0.000,0.000,0.000,0.000,0.000,0.000,0.047,-0.233
629.21,0.105,0,0.690,0.485,0,0.000,0.000,0.000,0.000,0.000,0.000,0.045,-0.235
629.41,0.106,0,0.687,0.486,0,0.000,0.000,0.000,0.000,0.000,0.000,0.039,-0.234
629.61,0.106,0,0.687,0.486,0,0.000,0.000,0.000,0.000,0.000,0.000,0.035,-0.240
629.81,0.105,0,0.687,0.486,0,0.000,0.000,0.000,0.000,0.000,0.000,0.030,-0.233
630.01,0.108,0,0.694,0.486,0,0.000,0.000,0.000,0.000,0.000,0.000,0.044,-0.229
630.21,0.502,0,0.694,0.486,0,0.000,0.000,0.000,0.000,0.000,0.000,0.057,-0.242
630.41,0.108,0,0.680,0.485,1,0.000,0.000,0.000,0.000,0.000,0.000,0.051,-0.249
630.61,0.502,0,0.680,0.485,1,0.000,0.000,0.000,0.000,0.000,0.000,0.043,-0.250
630.81,0.106,0,0.680,0.485,1,0.000,0.000,0.000,0.000,0.000,0.000,0.036,-0.231
631.01,0.108,0,0.646,0.485,1,0.000,0.000,0.000,0.000,0.000,0.000,0.043,-0.237
631.21,0.106,0,0.646,0.485,1,0.000,0.000,0.000,0.000,0.000,0.000,0.053,-0.248
631.41,0.423,0,0.618,0.485,1,0.000,0.000,0.000,0.000,0.000,0.000,0.054,-0.258
631.61,0.424,0,0.618,0.485,1,0.000,0.000,0.000,0.000,0.000,0.000,0.052,-0.257
631.81,0.424,0,0.618,0.485,1,0.000,0.000,0.000,0.000,0.000,0.000,0.059,-0.257
632.01,0.424,0,0.588,0.485,1,0.000,0.000,0.000,0.000,0.000,0.000,0.056,-0.252
632.21,0.105,0,0.588,0.485,1,0.000,0.000,0.000,0.000,0.000,0.000,0.032,-0.231
632.41,0.426,0,0.600,0.485,1,0.000,0.000,0.000,0.000,0.000,0.000,0.043,-0.237
632.61,0.106,0,0.600,0.485,1,0.000,0.000,0.000,0.000,0.000,0.000,0.056,-0.259
632.81,0.108,0,0.600,0.485,1,0.000,0.000,0.000,0.000,0.000,0.000,0.063,-0.273
633.01,0.105,0,0.609,0.485,1,0.000,0.000,0.000,0.000,0.000,0.000,0.063,-0.252
633.21,0.424,0,0.609,0.485,1,0.000,0.000,0.000,0.000,0.000,0.000,0.056,-0.241
633.41,0.105,0,0.617,0.486,1,0.000,0.000,0.000,0.000,0.000,0.000,0.043,-0.249
633.61,0.424,0,0.617,0.486,1,0.000,0.000,0.000,0.000,0.000,0.000,0.064,-0.263
633.81,0.421,0,0.617,0.486,1,0.000,0.000,0.000,0.000,0.000,0.000,0.064,-0.258
634.01,0.105,0,0.619,0.486,1,0.000,0.000,0.000,0.000,0.000,0.000,0.042,-0.247
634.21,0.424,0,0.619,0.486,1,0.000,0.000,0.000,0.000,0.000,0.000,0.056,-0.259
634.41,0.421,0,0.620,0.486,1,0.000,0.000,0.000,0.000,0.000,0.000,0.066,-0.268
634.61,0.106,0,0.620,0.486,1,0.000,0.000,0.000,0.000,0.000,0.000,0.045,-0.232
634.81,0.424,0,0.620,0.486,1,0.000,0.000,0.000,0.000,0.000,0.000,0.030,-0.224
635.01,0.106,0,0.614,0.486,1,0.000,0.000,0.000,0.000,0.000,0.000,0.043,-0.240
635.21,0.423,0,0.614,0.486,1,0.000,0.000,0.000,0.000,0.000,0.000,0.042,-0.249
635.41,0.108,0,0.618,0.486,1,0.000,0.000,0.000,0.000,0.000,0.000,0.053,-0.250
635.61,0.424,0,0.618,0.486,1,0.000,0.000,0.000,0.000,0.000,0.000,0.046,-0.236
635.81,0.424,0,0.618,0.486,1,0.000,0.000,0.000,0.000,0.000,0.000,0.038,-0.235
636.01,0.105,0,0.634,0.486,1,0.000,0.000,0.000,0.000,0.000,0.000,0.037,-0.228
636.21,0.106,0,0.634,0.486,1,0.000,0.000,0.000,0.000,0.000,0.000,0.038,-0.238
636.41,0.106,0,0.633,0.484,1,0.000,0.000,0.000,0.000,0.000,0.000,0.039,-0.230
636.61,0.105,0,0.633,0.484,1,0.000,0.000,0.000,0.000,0.000,0.000,0.037,-0.216
636.81,0.426,0,0.633,0.484,1,0.000,0.000,0.000,0.000,0.000,0.000,0.036,-0.222
637.01,0.421,0,0.682,0.484,1,0.000,0.000,0.000,0.000,0.000,0.000,0.035,-0.231
637.21,0.105,0,0.682,0.484,1,0.000,0.000,0.000,0.000,0.000,0.000,0.035,-0.227
637.41,0.108,0,0.649,0.484,1,0.000,0.000,0.000,0.000,0.000,0.000,0.037,-0.243
637.61,0.105,0,0.649,0.484,1,0.000,0.000,0.000,0.000,0.000,0.000,0.035,-0.231
637.81,0.105,0,0.649,0.484,1,0.000,0.000,0.000,0.000,0.000,0.000,0.044,-0.248
638.01,0.106,0,0.610,0.484,1,0.000,0.000,0.000,0.000,0.000,0.000,0.040,-0.245
638.21,0.105,0,0.610,0.484,1,0.000,0.000,0.000,0.000,0.000,0.000,0.039,-0.233
638.41,0.421,0,0.603,0.484,1,0.000,0.000,0.000,0.000,0.000,0.000,0.045,-0.246
638.61,0.105,0,0.603,0.484,1,0.000,0.000,0.000,0.000,0.000,0.000,0.043,-0.243
638.81,0.108,0,0.603,0.484,1,0.000,0.000,0.000,0.000,0.000,0.000,0.042,-0.243
639.01,0.108,0,0.608,0.484,1,0.000,0.000,0.000,0.000,0.000,0.000,0.043,-0.244
639.21,0.105,0,0.608,0.484,1,0.000,0.000,0.000,0.000,0.000,0.000,0.035,-0.227
639.41,0.108,0,0.615,0.484,1,0.000,0.000,0.000,0.000,0.000,0.000,0.041,-0.241
639.61,0.106,0,0.615,0.484,1,0.000,0.000,0.000,0.000,0.000,0.000,0.041,-0.242
639.81,0.108,0,0.615,0.484,1,0.000,0.000,0.000,0.000,0.000,0.000,0.037,-0.242
640.01,0.105,0,0.619,0.484,1,0.000,0.000,0.000,0.000,0.000,0.000,0.035,-0.227
640.21,0.108,0,0.619,0.484,1,0.000,0.000,0.000,0.000,0.000,0.000,0.045,-0.244
640.41,0.423,0,0.614,0.485,1,0.000,0.000,0.000,0.000,0.000,0.000,0.051,-0.251
640.61,0.424,0,0.614,0.485,1,0.000,0.000,0.000,0.000,0.000,0.000,0.048,-0.249
640.81,0.424,0,0.614,0.485,1,0.000,0.000,0.000,0.000,0.000,0.000,0.039,-0.253
641.01,0.106,0,0.614,0.484,1,0.000,0.000,0.000,0.000,0.000,0.000,0.037,-0.248
641.21,0.106,0,0.614,0.484,1,0.000,0.000,0.000,0.000,0.000,0.000,0.039,-0.237
641.41,0.108,0,0.614,0.485,1,0.000,0.000,0.000,0.000,0.000,0.000,0.045,-0.242
641.61,0.105,0,0.614,0.485,1,0.000,0.000,0.000,0.000,0.000,0.000,0.037,-0.236
641.81,0.105,0,0.614,0.485,1,0.000,0.000,0.000,0.000,0.000,0.000,0.043,-0.244
642.01,0.108,0,0.617,0.484,1,0.000,0.000,0.000,0.000,0.000,0.000,0.041,-0.245
642.21,0.105,0,0.617,0.484,1,0.000,0.000,0.000,0.000,0.000,0.000,0.032,-0.238
642.41,0.106,0,0.619,0.484,1,0.000,0.000,0.000,0.000,0.000,0.000,0.041,-0.248
642.61,0.424,0,0.619,0.484,1,0.000,0.000,0.000,0.000,0.000,0.000,0.044,-0.249
642.81,0.424,0,0.619,0.484,1,0.000,0.000,0.000,0.000,0.000,0.000,0.038,-0.234
643.01,0.108,0,0.619,0.484,1,0.000,0.000,0.000,0.000,0.000,0.000,0.047,-0.253
643.21,0.105,0,0.619,0.484,1,0.000,0.000,0.000,0.000,0.000,0.000,0.037,-0.242
643.41,0.105,0,0.620,0.485,1,0.000,0.000,0.000,0.000,0.000,0.000,0.034,-0.236
643.61,0.105,0,0.620,0.485,1,0.000,0.000,0.000,0.000,0.000,0.000,0.041,-0.245
643.81,0.424,0,0.620,0.485,1,0.000,0.000,0.000,0.000,0.000,0.000,0.053,-0.260
644.01,0.108,0,0.617,0.485,1,0.000,0.000,0.000,0.000,0.000,0.000,0.044,-0.254
644.21,0.108,0,0.617,0.485,1,0.000,0.000,0.000,0.000,0.000,0.000,0.050,-0.257
644.41,0.108,0,0.617,0.485,1,0.000,0.000,0.000,0.000,0.000,0.000,0.048,-0.250
644.61,0.108,0,0.617,0.485,1,0.000,0.000,0.000,0.000,0.000,0.000,0.045,-0.242
644.81,0.105,0,0.617,0.485,1,0.000,0.000,0.000,0.000,0.000,0.000,0.048,-0.236
645.01,0.106,0,0.619,0.485,1,0.000,0.000,0.000,0.000,0.000,0.000,0.050,-0.237
645.21,0.424,0,0.619,0.485,1,0.000,0.000,0.000,0.000,0.000,0.000,0.044,-0.240
645.41,0.105,0,0.616,0.485,1,0.000,0.000,0.000,0.000,0.000,0.000,0.045,-0.241
645.61,0.108,0,0.616,0.485,1,0.000,0.000,0.000,0.000,0.000,0.000,0.047,-0.236
645.81,0.108,0,0.616,0.485,1,0.000,0.000,0.000,0.000,0.000,0.000,0.047,-0.231
646.01,0.424,0,0.618,0.485,1,0.000,0.000,0.000,0.000,0.000,0.000,0.048,-0.238
646.21,0.424,0,0.618,0.485,1,0.000,0.000,0.000,0.000,0.000,0.000,0.047,-0.246
646.41,0.108,0,0.621,0.485,1,0.000,0.000,0.000,0.000,0.000,0.000,0.046,-0.249
646.61,0.108,0,0.621,0.485,1,0.000,0.000,0.000,0.000,0.000,0.000,0.049,-0.241
646.81,0.424,0,0.621,0.485,1,0.000,0.000,0.000,0.000,0.000,0.000,0.056,-0.244
647.01,0.424,0,0.617,0.485,1,0.000,0.000,0.000,0.000,0.000,0.000,0.053,-0.250
647.21,0.106,0,0.617,0.485,1,0.000,0.000,0.000,0.000,0.000,0.000,0.046,-0.243
647.41,0.108,0,0.618,0.485,1,0.000,0.000,0.000,0.000,0.000,0.000,0.056,-0.254
647.61,0.108,0,0.618,0.485,1,0.000,0.000,0.000,0.000,0.000,0.000,0.059,-0.259
647.81,0.106,0,0.618,0.485,1,0.000,0.000,0.000,0.000,0.000,0.000,0.040,-0.240
648.01,0.108,0,0.615,0.484,1,0.000,0.000,0.000,0.000,0.000,0.000,0.045,-0.246
648.21,0.108,0,0.615,0.484,1,0.000,0.000,0.000,0.000,0.000,0.000,0.047,-0.261
648.41,0.424,0,0.614,0.484,1,0.000,0.000,0.000,0.000,0.000,0.000,0.038,-0.254
648.61,0.424,0,0.614,0.484,1,0.000,0.000,0.000,0.000,0.000,0.000,0.034,-0.245
648.81,0.502,0,0.614,0.484,1,0.000,0.000,0.000,0.000,0.000,0.000,0.039,-0.258
649.01,0.105,0,0.617,0.484,1,0.000,0.000,0.000,0.000,0.000,0.000,0.031,-0.249
649.21,0.424,0,0.617,0.484,1,0.000,0.000,0.000,0.000,0.000,0.000,0.038,-0.256
649.41,0.105,0,0.617,0.484,1,0.000,0.000,0.000,0.000,0.000,0.000,0.044,-0.258
649.61,0.108,0,0.617,0.484,1,0.000,0.000,0.000,0.000,0.000,0.000,0.047,-0.259
649.81,0.424,0,0.617,0.484,1,0.000,0.000,0.000,0.000,0.000,0.000,0.047,-0.259
650.01,0.424,0,0.620,0.484,1,0.000,0.000,0.000,0.000,0.000,0.000,0.050,-0.276
650.21,0.108,0,0.620,0.484,1,0.000,0.000,0.000,0.000,0.000,0.000,0.053,-0.274
650.41,0.105,0,0.617,0.484,1,0.000,0.000,0.000,0.000,0.000,0.000,0.040,-0.238
650.61,0.423,0,0.617,0.484,1,0.000,0.000,0.000,0.000,0.000,0.000,0.035,-0.232
650.81,0.106,0,0.617,0.484,1,0.000,0.000,0.000,0.000,0.000,0.000,0.048,-0.232
651.01,0.424,0,0.615,0.484,1,0.000,0.000,0.000,0.000,0.000,0.000,0.059,-0.235
651.21,0.105,0,0.615,0.484,1,0.000,0.000,0.000,0.000,0.000,0.000,0.055,-0.239
651.41,0.424,0,0.622,0.484,1,0.000,0.000,0.000,0.000,0.000,0.000,0.045,-0.226
651.61,0.105,0,0.622,0.484,1,0.000,0.000,0.000,0.000,0.000,0.000,0.042,-0.216
651.81,0.108,0,0.622,0.484,1,0.000,0.000,0.000,0.000,0.000,0.000,0.055,-0.240
652.01,0.424,0,0.620,0.484,1,0.000,0.000,0.000,0.000,0.000,0.000,0.057,-0.226
652.21,0.106,0,0.620,0.484,1,0.000,0.000,0.000,0.000,0.000,0.000,0.053,-0.214
652.41,0.424,0,0.618,0.484,1,0.000,0.000,0.000,0.000,0.000,0.000,0.052,-0.233
652.61,0.105,0,0.618,0.484,1,0.000,0.000,0.000,0.000,0.000,0.000,0.052,-0.240
652.81,0.106,0,0.618,0.484,1,0.000,0.000,0.000,0.000,0.000,0.000,0.056,-0.242
653.01,0.105,0,0.621,0.484,1,0.000,0.000,0.000,0.000,0.000,0.000,0.051,-0.233
653.21,0.502,0,0.621,0.484,1,0.000,0.000,0.000,0.000,0.000,0.000,0.054,-0.248
653.41,0.424,0,0.621,0.484,1,0.000,0.000,0.000,0.000,0.000,0.000,0.055,-0.252
653.61,0.108,0,0.621,0.484,1,0.000,0.000,0.000,0.000,0.000,0.000,0.065,-0.262
653.81,0.106,0,0.621,0.484,1,0.000,0.000,0.000,0.000,0.000,0.000,0.063,-0.222
654.01,0.106,0,0.621,0.484,1,0.000,0.000,0.000,0.000,0.000,0.000,0.059,-0.209
654.21,0.424,0,0.621,0.484,1,0.000,0.000,0.000,0.000,0.000,0.000,0.058,-0.247
654.41,0.105,0,0.618,0.484,1,0.000,0.000,0.000,0.000,0.000,0.000,0.055,-0.261
654.61,0.423,0,0.618,0.484,1,0.000,0.000,0.000,0.000,0.000,0.000,0.046,-0.255
654.81,0.423,0,0.618,0.484,1,0.000,0.000,0.000,0.000,0.000,0.000,0.045,-0.245
655.01,0.105,0,0.619,0.484,1,0.000,0.000,0.000,0.000,0.000,0.000,0.054,-0.246
655.21,0.502,0,0.619,0.484,1,0.000,0.000,0.000,0.000,0.000,0.000,0.059,-0.252
655.41,0.105,0,0.623,0.484,1,0.000,0.000,0.000,0.000,0.000,0.000,0.050,-0.242
655.61,0.105,0,0.623,0.484,1,0.000,0.000,0.000,0.000,0.000,0.000,0.042,-0.237
655.81,0.108,0,0.623,0.484,1,0.000,0.000,0.000,0.000,0.000,0.000,0.039,-0.257
656.01,0.105,0,0.618,0.485,1,0.000,0.000,0.000,0.000,0.000,0.000,0.045,-0.259
656.21,0.108,0,0.618,0.485,1,0.000,0.000,0.000,0.000,0.000,0.000,0.059,-0.255
656.41,0.424,0,0.616,0.484,1,0.000,0.000,0.000,0.000,0.000,0.000,0.057,-0.243
656.61,0.424,0,0.616,0.484,1,0.000,0.000,0.000,0.000,0.000,0.000,0.056,-0.237
656.81,0.105,0,0.616,0.484,1,0.000,0.000,0.000,0.000,0.000,0.000,0.060,-0.237
657.01,0.424,0,0.622,0.484,1,0.000,0.000,0.000,0.000,0.000,0.000,0.073,-0.245
657.21,0.106,0,0.622,0.484,1,0.000,0.000,0.000,0.000,0.000,0.000,0.086,-0.252
657.41,0.108,0,0.621,0.484,1,0.000,0.000,0.000,0.000,0.000,0.000,0.084,-0.253
657.61,0.105,0,0.621,0.484,1,0.000,0.000,0.000,0.000,0.000,0.000,0.072,-0.238
657.81,0.105,0,0.621,0.484,1,0.000,0.000,0.000,0.000,0.000,0.000,0.069,-0.236
658.01,0.421,0,0.620,0.484,1,0.000,0.000,0.000,0.000,0.000,0.000,0.077,-0.256
658.21,0.106,0,0.620,0.484,1,0.000,0.000,0.000,0.000,0.000,0.000,0.079,-0.243
658.41,0.424,0,0.621,0.484,1,0.000,0.000,0.000,0.000,0.000,0.000,0.076,-0.247
658.61,0.426,0,0.621,0.484,1,0.000,0.000,0.000,0.000,0.000,0.000,0.071,-0.256
658.81,0.105,0,0.621,0.484,1,0.000,0.000,0.000,0.000,0.000,0.000,0.057,-0.230
659.01,0.424,0,0.622,0.484,1,0.000,0.000,0.000,0.000,0.000,0.000,0.064,-0.238
659.21,0.105,0,0.622,0.484,1,0.000,0.000,0.000,0.000,0.000,0.000,0.065,-0.248
659.41,0.421,0,0.620,0.484,1,0.000,0.000,0.000,0.000,0.000,0.000,0.058,-0.246
659.61,0.108,0,0.620,0.484,1,0.000,0.000,0.000,0.000,0.000,0.000,0.061,-0.247
659.81,0.426,0,0.620,0.484,1,0.000,0.000,0.000,0.000,0.000,0.000,0.051,-0.236
660.01,0.105,0,0.608,0.484,1,0.000,0.000,0.000,0.000,0.000,0.000,0.042,-0.215
660.21,0.108,0,0.608,0.484,1,0.000,0.000,0.000,0.000,0.000,0.000,0.058,-0.229
660.41,0.108,0,0.592,0.485,1,0.000,0.000,0.000,0.000,0.000,0.000,0.070,-0.252
660.61,0.108,0,0.592,0.485,1,0.000,0.000,0.000,0.000,0.000,0.000,0.066,-0.253
660.81,0.424,0,0.592,0.485,1,0.000,0.000,0.000,0.000,0.000,0.000,0.052,-0.220
661.01,0.502,0,0.595,0.484,1,0.000,0.000,0.000,0.000,0.000,0.000,0.049,-0.221
661.21,0.108,0,0.595,0.484,1,0.000,0.000,0.000,0.000,0.000,0.000,0.052,-0.243
661.41,0.105,0,0.614,0.484,1,0.000,0.000,0.000,0.000,0.000,0.000,0.046,-0.220
661.61,0.105,0,0.614,0.484,1,0.000,0.000,0.000,0.000,0.000,0.000,0.038,-0.210
661.81,0.424,0,0.614,0.484,1,0.000,0.000,0.000,0.000,0.000,0.000,0.050,-0.240
662.01,0.106,0,0.675,0.484,1,0.000,0.000,0.000,0.000,0.000,0.000,0.051,-0.227
662.21,0.105,0,0.675,0.484,1,0.000,0.000,0.000,0.000,0.000,0.000,0.040,-0.189
662.41,0.105,0,0.783,0.484,0,0.000,0.000,0.000,0.000,0.000,0.000,0.031,-0.188
662.61,0.423,0,0.783,0.484,0,0.000,0.000,0.000,0.000,0.000,0.000,0.040,-0.217
662.81,0.105,0,0.783,0.484,0,0.000,0.000,0.000,0.000,0.000,0.000,0.030,-0.198
663.01,0.106,0,0.857,0.484,0,0.000,0.000,0.000,0.000,0.000,0.000,0.021,-0.179
663.21,0.105,0,0.857,0.484,0,0.000,0.000,0.000,0.000,0.000,0.000,0.018,-0.173
663.41,0.108,0,0.949,0.483,0,0.000,0.000,0.000,0.000,0.000,0.000,0.023,-0.184
663.61,0.106,0,0.949,0.483,0,0.000,0.000,0.000,0.000,0.000,0.000,0.024,-0.191
663.81,0.421,0,0.949,0.483,0,0.000,0.000,0.000,0.000,0.000,0.000,0.025,-0.203
664.01,0.105,0,0.967,0.482,0,0.000,0.000,0.000,0.000,0.000,0.000,0.019,-0.177
664.21,0.424,0,0.967,0.482,0,0.000,0.000,0.000,0.000,0.000,0.000,0.044,-0.185
664.41,0.424,0,0.994,0.484,0,0.000,0.000,0.000,0.000,0.000,0.000,0.049,-0.210
664.61,0.105,0,0.994,0.484,0,0.000,0.000,0.000,0.000,0.000,0.000,0.020,-0.189
664.81,0.501,0,0.994,0.484,0,0.000,0.000,0.000,0.000,0.000,0.000,0.022,-0.180
665.01,0.106,0,0.981,0.483,0,0.000,0.000,0.000,0.000,0.000,0.000,0.029,-0.186
665.21,0.105,0,0.981,0.483,0,0.000,0.000,0.000,0.000,0.000,0.000,0.021,-0.182
665.41,0.424,0,0.898,0.483,0,0.000,0.000,0.000,0.000,0.000,0.000,0.033,-0.199
665.61,0.424,0,0.898,0.483,0,0.000,0.000,0.000,0.000,0.000,0.000,0.034,-0.213
665.81,0.108,0,0.898,0.483,0,0.000,0.000,0.000,0.000,0.000,0.000,0.032,-0.207
666.01,0.108,0,0.884,0.483,0,0.000,0.000,0.000,0.000,0.000,0.000,0.028,-0.204
666.21,0.105,0,0.884,0.483,0,0.000,0.000,0.000,0.000,0.000,0.000,0.021,-0.171
666.41,0.105,0,0.955,0.484,0,0.000,0.000,0.000,0.000,0.000,0.000,0.015,-0.176
666.61,0.106,0,0.955,0.484,0,0.000,0.000,0.000,0.000,0.000,0.000,0.030,-0.213
666.81,0.424,0,0.955,0.484,0,0.000,0.000,0.000,0.000,0.000,0.000,0.031,-0.203
667.01,0.424,0,0.931,0.483,0,0.000,0.000,0.000,0.000,0.000,0.000,0.033,-0.187
667.21,0.501,0,0.931,0.483,0,0.000,0.000,0.000,0.000,0.000,0.000,0.031,-0.192
667.41,0.108,0,0.932,0.483,0,0.000,0.000,0.000,0.000,0.000,0.000,0.033,-0.216
667.61,0.106,0,0.932,0.483,0,0.000,0.000,0.000,0.000,0.000,0.000,0.028,-0.200
667.81,0.501,0,0.932,0.483,0,0.000,0.000,0.000,0.000,0.000,0.000,0.032,-0.192
668.01,0.424,0,0.940,0.482,0,0.000,0.000,0.000,0.000,0.000,0.000,0.031,-0.210
668.21,0.105,0,0.940,0.482,0,0.000,0.000,0.000,0.000,0.000,0.000,0.032,-0.203
668.41,0.424,0,0.935,0.483,0,0.000,0.000,0.000,0.000,0.000,0.000,0.040,-0.202
668.61,0.108,0,0.935,0.483,0,0.000,0.000,0.000,0.000,0.000,0.000,0.041,-0.215
668.81,0.106,0,0.935,0.483,0,0.000,0.000,0.000,0.000,0.000,0.000,0.036,-0.210
669.01,0.424,0,0.934,0.482,0,0.000,0.000,0.000,0.000,0.000,0.000,0.036,-0.205
669.21,0.426,0,0.934,0.482,0,0.000,0.000,0.000,0.000,0.000,0.000,0.043,-0.209
669.41,0.424,0,0.935,0.483,0,0.000,0.000,0.000,0.000,0.000,0.000,0.045,-0.214
669.61,0.108,0,0.935,0.483,0,0.000,0.000,0.000,0.000,0.000,0.000,0.057,-0.229
669.81,0.426,0,0.935,0.483,0,0.000,0.000,0.000,0.000,0.000,0.000,0.049,-0.222
670.01,0.105,0,0.933,0.482,0,0.000,0.000,0.000,0.000,0.000,0.000,0.029,-0.198
670.21,0.108,0,0.933,0.482,0,0.000,0.000,0.000,0.000,0.000,0.000,0.033,-0.195
670.41,0.105,0,0.936,0.483,0,0.000,0.000,0.000,0.000,0.000,0.000,0.042,-0.200
670.61,0.105,0,0.936,0.483,0,0.000,0.000,0.000,0.000,0.000,0.000,0.047,-0.203
670.81,0.105,0,0.936,0.483,0,0.000,0.000,0.000,0.000,0.000,0.000,0.041,-0.212
671.01,0.105,0,0.936,0.482,0,0.000,0.000,0.000,0.000,0.000,0.000,0.038,-0.215
671.21,0.108,0,0.936,0.482,0,0.000,0.000,0.000,0.000,0.000,0.000,0.036,-0.211
671.41,0.424,0,0.934,0.482,0,0.000,0.000,0.000,0.000,0.000,0.000,0.037,-0.196
671.61,0.424,0,0.934,0.482,0,0.000,0.000,0.000,0.000,0.000,0.000,0.049,-0.193
671.81,0.108,0,0.934,0.482,0,0.000,0.000,0.000,0.000,0.000,0.000,0.052,-0.199
672.01,0.108,0,0.933,0.483,0,0.000,0.000,0.000,0.000,0.000,0.000,0.052,-0.207
672.21,0.424,0,0.933,0.483,0,0.000,0.000,0.000,0.000,0.000,0.000,0.045,-0.201
672.41,0.105,0,0.933,0.482,0,0.000,0.000,0.000,0.000,0.000,0.000,0.035,-0.203
672.61,0.426,0,0.933,0.482,0,0.000,0.000,0.000,0.000,0.000,0.000,0.036,-0.205
672.81,0.421,0,0.933,0.482,0,0.000,0.000,0.000,0.000,0.000,0.000,0.046,-0.201
673.01,0.431,0,0.933,0.482,0,0.000,0.000,0.000,0.000,0.000,0.000,0.048,-0.209
673.21,0.108,0,0.933,0.482,0,0.000,0.000,0.000,0.000,0.000,0.000,0.053,-0.212
673.41,0.424,0,0.931,0.483,0,0.000,0.000,0.000,0.000,0.000,0.000,0.049,-0.213
673.61,0.105,0,0.931,0.483,0,0.000,0.000,0.000,0.000,0.000,0.000,0.041,-0.208
673.81,0.424,0,0.931,0.483,0,0.000,0.000,0.000,0.000,0.000,0.000,0.037,-0.209
674.01,0.426,0,0.934,0.483,0,0.000,0.000,0.000,0.000,0.000,0.000,0.048,-0.213
674.21,0.108,0,0.934,0.483,0,0.000,0.000,0.000,0.000,0.000,0.000,0.046,-0.216
674.41,0.108,0,0.929,0.482,0,0.000,0.000,0.000,0.000,0.000,0.000,0.043,-0.197
674.61,0.424,0,0.929,0.482,0,0.000,0.000,0.000,0.000,0.000,0.000,0.041,-0.181
674.81,0.108,0,0.929,0.482,0,0.000,0.000,0.000,0.000,0.000,0.000,0.039,-0.195
675.01,0.424,0,0.931,0.483,0,0.000,0.000,0.000,0.000,0.000,0.000,0.038,-0.195
675.21,0.424,0,0.931,0.483,0,0.000,0.000,0.000,0.000,0.000,0.000,0.040,-0.183
675.41,0.106,0,0.932,0.482,0,0.000,0.000,0.000,0.000,0.000,0.000,0.027,-0.175
675.61,0.105,0,0.932,0.482,0,0.000,0.000,0.000,0.000,0.000,0.000,0.009,-0.177
675.81,0.424,0,0.932,0.482,0,0.000,0.000,0.000,0.000,0.000,0.000,0.027,-0.217
676.01,0.105,0,0.931,0.483,0,0.000,0.000,0.000,0.000,0.000,0.000,0.033,-0.211
676.21,0.108,0,0.931,0.483,0,0.000,0.000,0.000,0.000,0.000,0.000,0.023,-0.213
676.41,0.108,0,0.932,0.484,0,0.000,0.000,0.000,0.000,0.000,0.000,0.027,-0.232
676.61,0.424,0,0.932,0.484,0,0.000,0.000,0.000,0.000,0.000,0.000,0.020,-0.203
676.81,0.105,0,0.932,0.484,0,0.000,0.000,0.000,0.000,0.000,0.000,0.012,-0.195
677.01,0.106,0,0.931,0.483,0,0.000,0.000,0.000,0.000,0.000,0.000,0.031,-0.227
677.21,0.424,0,0.931,0.483,0,0.000,0.000,0.000,0.000,0.000,0.000,0.034,-0.228
677.41,0.426,0,0.930,0.482,0,0.000,0.000,0.000,0.000,0.000,0.000,0.036,-0.223
677.61,0.105,0,0.930,0.482,0,0.000,0.000,0.000,0.000,0.000,0.000,0.028,-0.208
677.81,0.108,0,0.930,0.482,0,0.000,0.000,0.000,0.000,0.000,0.000,0.030,-0.220
678.01,0.105,0,0.932,0.483,0,0.000,0.000,0.000,0.000,0.000,0.000,0.027,-0.222
678.21,0.424,0,0.932,0.483,0,0.000,0.000,0.000,0.000,0.000,0.000,0.023,-0.225
678.41,0.106,0,0.932,0.483,0,0.000,0.000,0.000,0.000,0.000,0.000,0.026,-0.218
678.61,0.105,0,0.932,0.483,0,0.000,0.000,0.000,0.000,0.000,0.000,0.028,-0.220
678.81,0.106,0,0.932,0.483,0,0.000,0.000,0.000,0.000,0.000,0.000,0.029,-0.226
679.01,0.108,0,0.933,0.483,0,0.000,0.000,0.000,0.000,0.000,0.000,0.031,-0.221
679.21,0.105,0,0.933,0.483,0,0.000,0.000,0.000,0.000,0.000,0.000,0.023,-0.210
679.41,0.106,0,0.932,0.482,0,0.000,0.000,0.000,0.000,0.000,0.000,0.021,-0.217
679.61,0.424,0,0.932,0.482,0,0.000,0.000,0.000,0.000,0.000,0.000,0.026,-0.223
679.81,0.108,0,0.932,0.482,0,0.000,0.000,0.000,0.000,0.000,0.000,0.025,-0.219
680.01,0.424,0,0.930,0.483,0,0.000,0.000,0.000,0.000,0.000,0.000,0.026,-0.217
680.21,0.424,0,0.930,0.483,0,0.000,0.000,0.000,0.000,0.000,0.000,0.024,-0.212
680.41,0.108,0,0.935,0.483,0,0.000,0.000,0.000,0.000,0.000,0.000,0.021,-0.219
680.61,0.108,0,0.935,0.483,0,0.000,0.000,0.000,0.000,0.000,0.000,0.017,-0.222
680.81,0.105,0,0.935,0.483,0,0.000,0.000,0.000,0.000,0.000,0.000,0.020,-0.217
681.01,0.424,0,0.931,0.483,0,0.000,0.000,0.000,0.000,0.000,0.000,0.027,-0.223
681.21,0.424,0,0.931,0.483,0,0.000,0.000,0.000,0.000,0.000,0.000,0.022,-0.222
681.41,0.424,0,0.934,0.484,0,0.000,0.000,0.000,0.000,0.000,0.000,0.014,-0.214
681.61,0.106,0,0.934,0.484,0,0.000,0.000,0.000,0.000,0.000,0.000,0.019,-0.208
681.81,0.108,0,0.934,0.484,0,0.000,0.000,0.000,0.000,0.000,0.000,0.027,-0.223
682.01,0.105,0,0.941,0.482,0,0.000,0.000,0.000,0.000,0.000,0.000,0.024,-0.214
682.21,0.106,0,0.941,0.482,0,0.000,0.000,0.000,0.000,0.000,0.000,0.024,-0.213
682.41,0.421,0,0.972,0.482,0,0.000,0.000,0.000,0.000,0.000,0.000,0.034,-0.220
682.61,0.424,0,0.972,0.482,0,0.000,0.000,0.000,0.000,0.000,0.000,0.034,-0.221
682.81,0.424,0,0.972,0.482,0,0.000,0.000,0.000,0.000,0.000,0.000,0.023,-0.215
683.01,0.108,0,0.977,0.483,0,0.000,0.000,0.000,0.000,0.000,0.000,0.032,-0.218
683.21,0.424,0,0.977,0.483,0,0.000,0.000,0.000,0.000,0.000,0.000,0.028,-0.211
683.41,0.108,0,0.970,0.482,0,0.000,0.000,0.000,0.000,0.000,0.000,0.035,-0.219
683.61,0.105,0,0.970,0.482,0,0.000,0.000,0.000,0.000,0.000,0.000,0.029,-0.203
683.81,0.424,0,0.970,0.482,0,0.000,0.000,0.000,0.000,0.000,0.000,0.025,-0.215
684.01,0.105,0,0.968,0.483,0,0.000,0.000,0.000,0.000,0.000,0.000,0.032,-0.215
684.21,0.108,0,0.968,0.483,0,0.000,0.000,0.000,0.000,0.000,0.000,0.039,-0.216
684.41,0.105,0,0.965,0.482,0,0.000,0.000,0.000,0.000,0.000,0.000,0.040,-0.222
684.61,0.424,0,0.965,0.482,0,0.000,0.000,0.000,0.000,0.000,0.000,0.037,-0.220
684.81,0.424,0,0.965,0.482,0,0.000,0.000,0.000,0.000,0.000,0.000,0.031,-0.212
685.01,0.108,0,0.967,0.482,0,0.000,0.000,0.000,0.000,0.000,0.000,0.047,-0.229
685.21,0.426,0,0.967,0.482,0,0.000,0.000,0.000,0.000,0.000,0.000,0.048,-0.228
685.41,0.105,0,0.957,0.482,0,0.000,0.000,0.000,0.000,0.000,0.000,0.030,-0.206
685.61,0.501,0,0.957,0.482,0,0.000,0.000,0.000,0.000,0.000,0.000,0.028,-0.208
685.81,0.105,0,0.957,0.482,0,0.000,0.000,0.000,0.000,0.000,0.000,0.035,-0.229
686.01,0.108,0,0.945,0.483,0,0.000,0.000,0.000,0.000,0.000,0.000,0.043,-0.236
686.21,0.424,0,0.945,0.483,0,0.000,0.000,0.000,0.000,0.000,0.000,0.030,-0.213
686.41,0.424,0,0.973,0.483,0,0.000,0.000,0.000,0.000,0.000,0.000,0.025,-0.205
686.61,0.108,0,0.973,0.483,0,0.000,0.000,0.000,0.000,0.000,0.000,0.031,-0.230
686.81,0.106,0,0.973,0.483,0,0.000,0.000,0.000,0.000,0.000,0.000,0.027,-0.229
687.01,0.108,0,0.975,0.484,0,0.000,0.000,0.000,0.000,0.000,0.000,0.028,-0.217
687.21,0.105,0,0.975,0.484,0,0.000,0.000,0.000,0.000,0.000,0.000,0.020,-0.210
687.41,0.426,0,0.981,0.482,0,0.000,0.000,0.000,0.000,0.000,0.000,0.022,-0.209
687.61,0.421,0,0.981,0.482,0,0.000,0.000,0.000,0.000,0.000,0.000,0.028,-0.202
687.81,0.106,0,0.981,0.482,0,0.000,0.000,0.000,0.000,0.000,0.000,0.016,-0.191
688.01,0.108,0,0.954,0.482,0,0.000,0.000,0.000,0.000,0.000,0.000,0.015,-0.207
688.21,0.108,0,0.954,0.482,0,0.000,0.000,0.000,0.000,0.000,0.000,0.019,-0.220
688.41,0.105,0,0.965,0.482,0,0.000,0.000,0.000,0.000,0.000,0.000,0.020,-0.199
688.61,0.105,0,0.965,0.482,0,0.000,0.000,0.000,0.000,0.000,0.000,0.024,-0.203
688.81,0.108,0,0.965,0.482,0,0.000,0.000,0.000,0.000,0.000,0.000,0.035,-0.221
689.01,0.424,0,0.926,0.482,0,0.000,0.000,0.000,0.000,0.000,0.000,0.032,-0.207
689.21,0.426,0,0.926,0.482,0,0.000,0.000,0.000,0.000,0.000,0.000,0.029,-0.204
689.41,0.106,0,0.940,0.483,0,0.000,0.000,0.000,0.000,0.000,0.000,0.021,-0.196
689.61,0.426,0,0.940,0.483,0,0.000,0.000,0.000,0.000,0.000,0.000,0.016,-0.193
689.81,0.423,0,0.940,0.483,0,0.000,0.000,0.000,0.000,0.000,0.000,0.022,-0.217
690.01,0.106,0,0.937,0.482,0,0.000,0.000,0.000,0.000,0.000,0.000,0.027,-0.219
690.21,0.106,0,0.937,0.482,0,0.000,0.000,0.000,0.000,0.000,0.000,0.019,-0.205
690.41,0.424,0,0.941,0.482,0,0.000,0.000,0.000,0.000,0.000,0.000,0.018,-0.209
690.61,0.108,0,0.941,0.482,0,0.000,0.000,0.000,0.000,0.000,0.000,0.032,-0.232
690.81,0.108,0,0.941,0.482,0,0.000,0.000,0.000,0.000,0.000,0.000,0.019,-0.186
691.01,0.106,0,0.941,0.482,0,0.000,0.000,0.000,0.000,0.000,0.000,0.008,-0.180
691.21,0.106,0,0.941,0.482,0,0.000,0.000,0.000,0.000,0.000,0.000,0.025,-0.204
691.41,0.106,0,0.940,0.482,0,0.000,0.000,0.000,0.000,0.000,0.000,0.022,-0.200
691.61,0.106,0,0.940,0.482,0,0.000,0.000,0.000,0.000,0.000,0.000,0.014,-0.162
691.81,0.424,0,0.940,0.482,0,0.000,0.000,0.000,0.000,0.000,0.000,0.015,-0.169
692.01,0.108,0,0.947,0.482,0,0.000,0.000,0.000,0.000,0.000,0.000,0.026,-0.181
692.21,0.105,0,0.947,0.482,0,0.000,0.000,0.000,0.000,0.000,0.000,0.013,-0.156
692.41,0.424,0,0.939,0.483,0,0.000,0.000,0.000,0.000,0.000,0.000,0.023,-0.174
692.61,0.106,0,0.939,0.483,0,0.000,0.000,0.000,0.000,0.000,0.000,0.030,-0.196
692.81,0.424,0,0.939,0.483,0,0.000,0.000,0.000,0.000,0.000,0.000,0.024,-0.170
693.01,0.106,0,0.937,0.482,0,0.000,0.000,0.000,0.000,0.000,0.000,0.030,-0.173
693.21,0.105,0,0.937,0.482,0,0.000,0.000,0.000,0.000,0.000,0.000,0.018,-0.198
693.41,0.105,0,0.941,0.482,0,0.000,0.000,0.000,0.000,0.000,0.000,0.018,-0.219
693.61,0.108,0,0.941,0.482,0,0.000,0.000,0.000,0.000,0.000,0.000,0.055,-0.238
693.81,0.423,0,0.941,0.482,0,0.000,0.000,0.000,0.000,0.000,0.000,0.065,-0.234
694.01,0.108,0,0.939,0.482,0,0.000,0.000,0.000,0.000,0.000,0.000,0.032,-0.207
694.21,0.423,0,0.939,0.482,0,0.000,0.000,0.000,0.000,0.000,0.000,0.029,-0.211
694.41,0.108,0,0.941,0.483,0,0.000,0.000,0.000,0.000,0.000,0.000,0.046,-0.237
694.61,0.421,0,0.941,0.483,0,0.000,0.000,0.000,0.000,0.000,0.000,0.043,-0.222
694.81,0.108,0,0.941,0.483,0,0.000,0.000,0.000,0.000,0.000,0.000,0.025,-0.185
695.01,0.421,0,0.940,0.483,0,0.000,0.000,0.000,0.000,0.000,0.000,0.023,-0.209
695.21,0.105,0,0.940,0.483,0,0.000,0.000,0.000,0.000,0.000,0.000,0.031,-0.240
695.41,0.424,0,0.948,0.484,0,0.000,0.000,0.000,0.000,0.000,0.000,0.045,-0.255
695.61,0.424,0,0.948,0.484,0,0.000,0.000,0.000,0.000,0.000,0.000,0.050,-0.246
695.81,0.108,0,0.948,0.484,0,0.000,0.000,0.000,0.000,0.000,0.000,0.040,-0.241
696.01,0.423,0,0.944,0.482,0,0.000,0.000,0.000,0.000,0.000,0.000,0.032,-0.241
696.21,0.108,0,0.944,0.482,0,0.000,0.000,0.000,0.000,0.000,0.000,0.014,-0.224
696.41,0.424,0,0.945,0.482,0,0.000,0.000,0.000,0.000,0.000,0.000,0.003,-0.211
696.61,0.105,0,0.945,0.482,0,0.000,0.000,0.000,0.000,0.000,0.000,0.001,-0.196
696.81,0.424,0,0.945,0.482,0,0.000,0.000,0.000,0.000,0.000,0.000,0.006,-0.180
697.01,0.105,0,0.947,0.484,0,0.000,0.000,0.000,0.000,0.000,0.000,0.011,-0.177
697.21,0.424,0,0.947,0.484,0,0.000,0.000,0.000,0.000,0.000,0.000,0.013,-0.177
697.41,0.108,0,0.873,0.483,0,0.000,0.000,0.000,0.000,0.000,0.000,0.036,-0.184
697.61,0.501,0,0.873,0.483,0,0.000,0.000,0.000,0.000,0.000,0.000,0.041,-0.174
697.81,0.108,0,0.873,0.483,0,0.000,0.000,0.000,0.000,0.000,0.000,0.036,-0.169
698.01,0.106,0,0.865,0.483,0,0.000,0.000,0.000,0.000,0.000,0.000,0.016,-0.168
698.21,0.108,0,0.865,0.483,0,0.000,0.000,0.000,0.000,0.000,0.000,0.020,-0.200
698.41,0.424,0,0.951,0.483,0,0.000,0.000,0.000,0.000,0.000,0.000,0.029,-0.209
698.61,0.108,0,0.951,0.483,0,0.000,0.000,0.000,0.000,0.000,0.000,0.033,-0.190
698.81,0.424,0,0.951,0.483,0,0.000,0.000,0.000,0.000,0.000,0.000,0.032,-0.176
699.01,0.105,0,0.955,0.482,0,0.000,0.000,0.000,0.000,0.000,0.000,0.019,-0.166
699.21,0.424,0,0.955,0.482,0,0.000,0.000,0.000,0.000,0.000,0.000,0.027,-0.180
699.41,0.426,0,0.955,0.484,0,0.000,0.000,0.000,0.000,0.000,0.000,0.041,-0.202
699.61,0.106,0,0.955,0.484,0,0.000,0.000,0.000,0.000,0.000,0.000,0.024,-0.185
699.81,0.424,0,0.955,0.484,0,0.000,0.000,0.000,0.000,0.000,0.000,-0.005,-0.175
700.01,0.106,0,0.953,0.483,0,0.000,0.000,0.000,0.000,0.000,0.000,0.008,-0.191
700.21,0.426,0,0.953,0.483,0,0.000,0.000,0.000,0.000,0.000,0.000,0.031,-0.199
700.41,0.105,0,0.830,0.483,0,0.000,0.000,0.000,0.000,0.000,0.000,0.029,-0.195
700.61,0.424,0,0.830,0.483,0,0.000,0.000,0.000,0.000,0.000,0.000,0.019,-0.194
700.81,0.106,0,0.830,0.483,0,0.000,0.000,0.000,0.000,0.000,0.000,0.034,-0.202
701.01,0.501,0,0.675,0.484,1,0.000,0.000,0.000,0.000,0.000,0.000,0.033,-0.203
701.21,0.108,0,0.675,0.484,1,0.000,0.000,0.000,0.000,0.000,0.000,0.040,-0.194
701.41,0.106,0,0.616,0.484,1,0.000,0.000,0.000,0.000,0.000,0.000,0.039,-0.197
701.61,0.105,0,0.616,0.484,1,0.000,0.000,0.000,0.000,0.000,0.000,0.018,-0.199
701.81,0.105,0,0.616,0.484,1,0.000,0.000,0.000,0.000,0.000,0.000,0.020,-0.195
702.01,0.108,0,0.747,0.484,0,0.000,0.000,0.000,0.000,0.000,0.000,0.039,-0.193
702.21,0.105,0,0.747,0.484,0,0.000,0.000,0.000,0.000,0.000,0.000,0.026,-0.186
702.41,0.424,0,0.815,0.483,0,0.000,0.000,0.000,0.000,0.000,0.000,0.020,-0.194
702.61,0.105,0,0.815,0.483,0,0.000,0.000,0.000,0.000,0.000,0.000,0.021,-0.193
702.81,0.108,0,0.815,0.483,0,0.000,0.000,0.000,0.000,0.000,0.000,0.034,-0.197
703.01,0.424,0,0.797,0.484,0,0.000,0.000,0.000,0.000,0.000,0.000,0.026,-0.191
703.21,0.424,0,0.797,0.484,0,0.000,0.000,0.000,0.000,0.000,0.000,0.019,-0.186
703.41,0.106,0,0.795,0.484,0,0.000,0.000,0.000,0.000,0.000,0.000,0.024,-0.186
703.61,0.502,0,0.795,0.484,0,0.000,0.000,0.000,0.000,0.000,0.000,0.025,-0.201
703.81,0.108,0,0.795,0.484,0,0.000,0.000,0.000,0.000,0.000,0.000,0.027,-0.202
704.01,0.424,0,0.796,0.484,0,0.000,0.000,0.000,0.000,0.000,0.000,0.020,-0.195
704.21,0.108,0,0.796,0.484,0,0.000,0.000,0.000,0.000,0.000,0.000,0.024,-0.197
704.41,0.108,0,0.799,0.484,0,0.000,0.000,0.000,0.000,0.000,0.000,0.026,-0.200
704.61,0.424,0,0.799,0.484,0,0.000,0.000,0.000,0.000,0.000,0.000,0.021,-0.192
704.81,0.421,0,0.799,0.484,0,0.000,0.000,0.000,0.000,0.000,0.000,0.028,-0.193
705.01,0.105,0,0.796,0.484,0,0.000,0.000,0.000,0.000,0.000,0.000,0.026,-0.188
705.21,0.108,0,0.796,0.484,0,0.000,0.000,0.000,0.000,0.000,0.000,0.023,-0.198
705.41,0.105,0,0.796,0.484,0,0.000,0.000,0.000,0.000,0.000,0.000,0.019,-0.194
705.61,0.105,0,0.796,0.484,0,0.000,0.000,0.000,0.000,0.000,0.000,0.017,-0.194
705.81,0.105,0,0.796,0.484,0,0.000,0.000,0.000,0.000,0.000,0.000,0.022,-0.199
706.01,0.105,0,0.798,0.483,0,0.000,0.000,0.000,0.000,0.000,0.000,0.026,-0.208
706.21,0.424,0,0.798,0.483,0,0.000,0.000,0.000,0.000,0.000,0.000,0.034,-0.213
706.41,0.106,0,0.799,0.483,0,0.000,0.000,0.000,0.000,0.000,0.000,0.035,-0.197
706.61,0.105,0,0.799,0.483,0,0.000,0.000,0.000,0.000,0.000,0.000,0.021,-0.194
706.81,0.424,0,0.799,0.483,0,0.000,0.000,0.000,0.000,0.000,0.000,0.019,-0.201
707.01,0.108,0,0.798,0.483,0,0.000,0.000,0.000,0.000,0.000,0.000,0.026,-0.193
707.21,0.424,0,0.798,0.483,0,0.000,0.000,0.000,0.000,0.000,0.000,0.013,-0.189
707.41,0.105,0,0.797,0.483,0,0.000,0.000,0.000,0.000,0.000,0.000,0.024,-0.214
707.61,0.106,0,0.797,0.483,0,0.000,0.000,0.000,0.000,0.000,0.000,0.027,-0.215
707.81,0.105,0,0.797,0.483,0,0.000,0.000,0.000,0.000,0.000,0.000,0.018,-0.200
708.01,0.106,0,0.800,0.484,0,0.000,0.000,0.000,0.000,0.000,0.000,0.023,-0.200
708.21,0.105,0,0.800,0.484,0,0.000,0.000,0.000,0.000,0.000,0.000,0.001,-0.198
708.41,0.424,0,0.796,0.483,0,0.000,0.000,0.000,0.000,0.000,0.000,0.008,-0.210
708.61,0.108,0,0.796,0.483,0,0.000,0.000,0.000,0.000,0.000,0.000,0.042,-0.205
708.81,0.106,0,0.796,0.483,0,0.000,0.000,0.000,0.000,0.000,0.000,0.034,-0.191
709.01,0.106,0,0.797,0.484,0,0.000,0.000,0.000,0.000,0.000,0.000,0.018,-0.202
709.21,0.105,0,0.797,0.484,0,0.000,0.000,0.000,0.000,0.000,0.000,0.005,-0.213
709.41,0.105,0,0.798,0.484,0,0.000,0.000,0.000,0.000,0.000,0.000,0.014,-0.212
709.61,0.421,0,0.798,0.484,0,0.000,0.000,0.000,0.000,0.000,0.000,0.031,-0.218
709.81,0.105,0,0.798,0.484,0,0.000,0.000,0.000,0.000,0.000,0.000,0.022,-0.201
710.01,0.424,0,0.796,0.483,0,0.000,0.000,0.000,0.000,0.000,0.000,0.019,-0.209
710.21,0.424,0,0.796,0.483,0,0.000,0.000,0.000,0.000,0.000,0.000,0.021,-0.211
710.41,0.106,0,0.797,0.484,0,0.000,0.000,0.000,0.000,0.000,0.000,0.032,-0.202
710.61,0.105,0,0.797,0.484,0,0.000,0.000,0.000,0.000,0.000,0.000,0.022,-0.185
710.81,0.108,0,0.797,0.484,0,0.000,0.000,0.000,0.000,0.000,0.000,0.016,-0.207
711.01,0.106,0,0.797,0.484,0,0.000,0.000,0.000,0.000,0.000,0.000,0.020,-0.216
711.21,0.426,0,0.797,0.484,0,0.000,0.000,0.000,0.000,0.000,0.000,0.027,-0.212
711.41,0.426,0,0.797,0.484,0,0.000,0.000,0.000,0.000,0.000,0.000,0.026,-0.205
711.61,0.105,0,0.797,0.484,0,0.000,0.000,0.000,0.000,0.000,0.000,0.013,-0.200
711.81,0.424,0,0.797,0.484,0,0.000,0.000,0.000,0.000,0.000,0.000,0.013,-0.199
712.01,0.108,0,0.802,0.484,0,0.000,0.000,0.000,0.000,0.000,0.000,0.039,-0.207
712.21,0.106,0,0.802,0.484,0,0.000,0.000,0.000,0.000,0.000,0.000,0.032,-0.199
712.41,0.424,0,0.797,0.483,0,0.000,0.000,0.000,0.000,0.000,0.000,0.028,-0.212
712.61,0.105,0,0.797,0.483,0,0.000,0.000,0.000,0.000,0.000,0.000,0.023,-0.216
712.81,0.105,0,0.797,0.483,0,0.000,0.000,0.000,0.000,0.000,0.000,0.027,-0.208
713.01,0.108,0,0.797,0.484,0,0.000,0.000,0.000,0.000,0.000,0.000,0.035,-0.204
713.21,0.105,0,0.797,0.484,0,0.000,0.000,0.000,0.000,0.000,0.000,0.034,-0.204
713.41,0.105,0,0.796,0.484,0,0.000,0.000,0.000,0.000,0.000,0.000,0.026,-0.210
713.61,0.106,0,0.796,0.484,0,0.000,0.000,0.000,0.000,0.000,0.000,0.024,-0.212
713.81,0.108,0,0.796,0.484,0,0.000,0.000,0.000,0.000,0.000,0.000,0.029,-0.211
714.01,0.424,0,0.799,0.484,0,0.000,0.000,0.000,0.000,0.000,0.000,0.020,-0.208
714.21,0.105,0,0.799,0.484,0,0.000,0.000,0.000,0.000,0.000,0.000,0.016,-0.212
714.41,0.106,0,0.793,0.485,0,0.000,0.000,0.000,0.000,0.000,0.000,0.016,-0.202
714.61,0.105,0,0.793,0.485,0,0.000,0.000,0.000,0.000,0.000,0.000,0.009,-0.206
714.81,0.105,0,0.793,0.485,0,0.000,0.000,0.000,0.000,0.000,0.000,0.020,-0.220
715.01,0.426,0,0.797,0.484,0,0.000,0.000,0.000,0.000,0.000,0.000,0.025,-0.215
715.21,0.421,0,0.797,0.484,0,0.000,0.000,0.000,0.000,0.000,0.000,0.031,-0.213
715.41,0.105,0,0.746,0.484,0,0.000,0.000,0.000,0.000,0.000,0.000,0.026,-0.218
715.61,0.106,0,0.746,0.484,0,0.000,0.000,0.000,0.000,0.000,0.000,0.022,-0.234
715.81,0.108,0,0.746,0.484,0,0.000,0.000,0.000,0.000,0.000,0.000,0.031,-0.242
716.01,0.106,0,0.542,0.484,1,0.000,0.000,0.000,0.000,0.000,0.000,0.028,-0.236
716.21,0.374,0,0.542,0.484,1,0.000,0.000,0.000,0.000,0.000,0.000,0.027,-0.230
716.41,0.359,0,0.452,0.484,1,0.000,0.000,0.000,0.000,0.000,0.000,0.026,-0.229
716.61,0.108,0,0.452,0.484,1,0.000,0.000,0.000,0.000,0.000,0.000,0.034,-0.234
716.81,0.106,0,0.452,0.484,1,0.000,0.000,0.000,0.000,0.000,0.000,0.030,-0.228
717.01,0.108,0,0.799,0.484,0,0.000,0.000,0.000,0.000,0.000,0.000,0.020,-0.232
717.21,0.108,0,0.799,0.484,0,0.000,0.000,0.000,0.000,0.000,0.000,0.026,-0.235
717.41,0.333,0,0.798,0.485,0,0.000,0.000,0.000,0.000,0.000,0.000,0.026,-0.233
717.61,0.332,0,0.798,0.485,0,0.000,0.000,0.000,0.000,0.000,0.000,0.022,-0.232
717.81,0.108,0,0.798,0.485,0,0.000,0.000,0.000,0.000,0.000,0.000,0.023,-0.225
718.01,0.333,0,0.797,0.485,0,0.000,0.000,0.000,0.000,0.000,0.000,0.033,-0.221
718.21,0.108,0,0.797,0.485,0,0.000,0.000,0.000,0.000,0.000,0.000,0.029,-0.223
718.41,0.105,0,0.798,0.484,0,0.000,0.000,0.000,0.000,0.000,0.000,0.015,-0.239
718.61,0.105,0,0.798,0.484,0,0.000,0.000,0.000,0.000,0.000,0.000,0.019,-0.220
718.81,0.108,0,0.798,0.484,0,0.000,0.000,0.000,0.000,0.000,0.000,0.041,-0.233
719.01,0.334,0,0.799,0.484,0,0.000,0.000,0.000,0.000,0.000,0.000,0.034,-0.232
719.21,0.335,0,0.799,0.484,0,0.000,0.000,0.000,0.000,0.000,0.000,0.021,-0.221
719.41,0.105,0,0.801,0.484,0,0.000,0.000,0.000,0.000,0.000,0.000,0.027,-0.223
719.61,0.105,0,0.801,0.484,0,0.000,0.000,0.000,0.000,0.000,0.000,0.040,-0.245
719.81,0.105,0,0.801,0.484,0,0.000,0.000,0.000,0.000,0.000,0.000,0.039,-0.242
720.01,0.106,0,0.797,0.485,0,0.000,0.000,0.000,0.000,0.000,0.000,0.029,-0.225
720.21,0.108,0,0.797,0.485,0,0.000,0.000,0.000,0.000,0.000,0.000,0.028,-0.234
720.41,0.339,0,0.797,0.484,0,0.000,0.000,0.000,0.000,0.000,0.000,0.036,-0.245
720.61,0.338,0,0.797,0.484,0,0.000,0.000,0.000,0.000,0.000,0.000,0.036,-0.230
720.81,0.108,0,0.797,0.484,0,0.000,0.000,0.000,0.000,0.000,0.000,0.032,-0.222
721.01,0.105,0,0.798,0.483,0,0.000,0.000,0.000,0.000,0.000,0.000,0.027,-0.242
721.21,0.108,0,0.798,0.483,0,0.000,0.000,0.000,0.000,0.000,0.000,0.033,-0.258
721.41,0.105,0,0.798,0.483,0,0.000,0.000,0.000,0.000,0.000,0.000,0.030,-0.235
721.61,0.106,0,0.798,0.483,0,0.000,0.000,0.000,0.000,0.000,0.000,0.031,-0.227
721.81,0.108,0,0.798,0.483,0,0.000,0.000,0.000,0.000,0.000,0.000,0.040,-0.250
722.01,0.337,0,0.796,0.484,0,0.000,0.000,0.000,0.000,0.000,0.000,0.037,-0.252
722.21,0.105,0,0.796,0.484,0,0.000,0.000,0.000,0.000,0.000,0.000,0.023,-0.226
722.41,0.108,0,0.795,0.484,0,0.000,0.000,0.000,0.000,0.000,0.000,0.023,-0.230
722.61,0.338,0,0.795,0.484,0,0.000,0.000,0.000,0.000,0.000,0.000,0.032,-0.241
722.81,0.106,0,0.795,0.484,0,0.000,0.000,0.000,0.000,0.000,0.000,0.030,-0.231
723.01,0.338,0,0.799,0.484,0,0.000,0.000,0.000,0.000,0.000,0.000,0.037,-0.243
723.21,0.108,0,0.799,0.484,0,0.000,0.000,0.000,0.000,0.000,0.000,0.046,-0.262
723.41,0.108,0,0.795,0.484,0,0.000,0.000,0.000,0.000,0.000,0.000,0.044,-0.260
723.61,0.105,0,0.795,0.484,0,0.000,0.000,0.000,0.000,0.000,0.000,0.029,-0.243
723.81,0.106,0,0.795,0.484,0,0.000,0.000,0.000,0.000,0.000,0.000,0.031,-0.243
724.01,0.339,0,0.797,0.484,0,0.000,0.000,0.000,0.000,0.000,0.000,0.036,-0.231
724.21,0.105,0,0.797,0.484,0,0.000,0.000,0.000,0.000,0.000,0.000,0.025,-0.232
724.41,0.338,0,0.798,0.484,0,0.000,0.000,0.000,0.000,0.000,0.000,0.034,-0.245
724.61,0.348,0,0.798,0.484,0,0.000,0.000,0.000,0.000,0.000,0.000,0.038,-0.246
724.81,0.106,0,0.798,0.484,0,0.000,0.000,0.000,0.000,0.000,0.000,0.023,-0.233
725.01,0.364,0,0.480,0.484,1,0.000,0.000,0.000,0.000,0.000,0.000,0.019,-0.230
725.21,0.386,0,0.480,0.484,1,0.000,0.000,0.000,0.000,0.000,0.000,0.031,-0.229
725.41,0.106,0,0.551,0.483,1,0.000,0.000,0.000,0.000,0.000,0.000,0.028,-0.218
725.61,0.387,0,0.551,0.483,1,0.000,0.000,0.000,0.000,0.000,0.000,0.030,-0.221
725.81,0.105,0,0.551,0.483,1,0.000,0.000,0.000,0.000,0.000,0.000,0.024,-0.223
726.01,0.407,0,0.576,0.484,1,0.000,0.000,0.000,0.000,0.000,0.000,0.020,-0.237
726.21,0.108,0,0.576,0.484,1,0.000,0.000,0.000,0.000,0.000,0.000,0.038,-0.243
726.41,0.105,0,0.796,0.484,0,0.000,0.000,0.000,0.000,0.000,0.000,0.027,-0.211
726.61,0.105,0,0.796,0.484,0,0.000,0.000,0.000,0.000,0.000,0.000,0.012,-0.205
726.81,0.105,0,0.796,0.484,0,0.000,0.000,0.000,0.000,0.000,0.000,0.003,-0.227
727.01,0.105,0,0.796,0.485,0,0.000,0.000,0.000,0.000,0.000,0.000,0.009,-0.241
727.21,0.106,0,0.796,0.485,0,0.000,0.000,0.000,0.000,0.000,0.000,0.043,-0.248
727.41,0.106,0,0.795,0.485,0,0.000,0.000,0.000,0.000,0.000,0.000,0.040,-0.241
727.61,0.108,0,0.795,0.485,0,0.000,0.000,0.000,0.000,0.000,0.000,0.024,-0.242
727.81,0.406,0,0.795,0.485,0,0.000,0.000,0.000,0.000,0.000,0.000,0.015,-0.214
728.01,0.105,0,0.795,0.484,0,0.000,0.000,0.000,0.000,0.000,0.000,0.019,-0.224
728.21,0.108,0,0.795,0.484,0,0.000,0.000,0.000,0.000,0.000,0.000,0.039,-0.252
728.41,0.406,0,0.795,0.484,0,0.000,0.000,0.000,0.000,0.000,0.000,0.032,-0.231
728.61,0.108,0,0.795,0.484,0,0.000,0.000,0.000,0.000,0.000,0.000,0.024,-0.225
728.81,0.105,0,0.795,0.484,0,0.000,0.000,0.000,0.000,0.000,0.000,0.023,-0.232
729.01,0.108,0,0.792,0.484,0,0.000,0.000,0.000,0.000,0.000,0.000,0.034,-0.245
729.21,0.105,0,0.792,0.484,0,0.000,0.000,0.000,0.000,0.000,0.000,0.029,-0.225
729.41,0.105,0,0.792,0.484,0,0.000,0.000,0.000,0.000,0.000,0.000,0.011,-0.215
729.61,0.105,0,0.792,0.484,0,0.000,0.000,0.000,0.000,0.000,0.000,0.013,-0.221
729.81,0.105,0,0.792,0.484,0,0.000,0.000,0.000,0.000,0.000,0.000,0.018,-0.230
730.01,0.105,0,0.489,0.484,1,0.000,0.000,0.000,0.000,0.000,0.000,0.025,-0.230
730.21,0.105,0,0.489,0.484,1,0.000,0.000,0.000,0.000,0.000,0.000,0.017,-0.214
730.41,0.423,0,0.799,0.484,0,0.000,0.000,0.000,0.000,0.000,0.000,0.029,-0.225
730.61,0.108,0,0.799,0.484,0,0.000,0.000,0.000,0.000,0.000,0.000,0.035,-0.238
730.81,0.424,0,0.799,0.484,0,0.000,0.000,0.000,0.000,0.000,0.000,0.027,-0.228
731.01,0.423,0,0.798,0.484,0,0.000,0.000,0.000,0.000,0.000,0.000,0.026,-0.224
731.21,0.106,0,0.798,0.484,0,0.000,0.000,0.000,0.000,0.000,0.000,0.019,-0.221
731.41,0.108,0,0.794,0.484,0,0.000,0.000,0.000,0.000,0.000,0.000,0.025,-0.227
731.61,0.105,0,0.794,0.484,0,0.000,0.000,0.000,0.000,0.000,0.000,0.021,-0.212
731.81,0.108,0,0.794,0.484,0,0.000,0.000,0.000,0.000,0.000,0.000,0.030,-0.232
732.01,0.105,0,0.793,0.484,0,0.000,0.000,0.000,0.000,0.000,0.000,0.028,-0.222
732.21,0.108,0,0.793,0.484,0,0.000,0.000,0.000,0.000,0.000,0.000,0.026,-0.221
732.41,0.105,0,0.793,0.483,0,0.000,0.000,0.000,0.000,0.000,0.000,0.018,-0.219
732.61,0.105,0,0.793,0.483,0,0.000,0.000,0.000,0.000,0.000,0.000,0.016,-0.214
732.81,0.105,0,0.793,0.483,0,0.000,0.000,0.000,0.000,0.000,0.000,0.022,-0.229
733.01,0.424,0,0.793,0.484,0,0.000,0.000,0.000,0.000,0.000,0.000,0.035,-0.237
733.21,0.421,0,0.793,0.484,0,0.000,0.000,0.000,0.000,0.000,0.000,0.037,-0.235
733.41,0.106,0,0.794,0.484,0,0.000,0.000,0.000,0.000,0.000,0.000,0.025,-0.218
733.61,0.424,0,0.794,0.484,0,0.000,0.000,0.000,0.000,0.000,0.000,0.018,-0.208
733.81,0.105,0,0.794,0.484,0,0.000,0.000,0.000,0.000,0.000,0.000,0.023,-0.220
734.01,0.424,0,0.796,0.483,0,0.000,0.000,0.000,0.000,0.000,0.000,0.027,-0.219
734.21,0.105,0,0.796,0.483,0,0.000,0.000,0.000,0.000,0.000,0.000,0.023,-0.222
734.41,0.424,0,0.808,0.484,0,0.000,0.000,0.000,0.000,0.000,0.000,0.036,-0.239
734.61,0.421,0,0.808,0.484,0,0.000,0.000,0.000,0.000,0.000,0.000,0.038,-0.242
734.81,0.108,0,0.808,0.484,0,0.000,0.000,0.000,0.000,0.000,0.000,0.033,-0.234
735.01,0.421,0,0.807,0.483,0,0.000,0.000,0.000,0.000,0.000,0.000,0.028,-0.230
735.21,0.421,0,0.807,0.483,0,0.000,0.000,0.000,0.000,0.000,0.000,0.022,-0.219
735.41,0.106,0,0.809,0.484,0,0.000,0.000,0.000,0.000,0.000,0.000,0.025,-0.206
735.61,0.424,0,0.809,0.484,0,0.000,0.000,0.000,0.000,0.000,0.000,0.019,-0.200
735.81,0.106,0,0.809,0.484,0,0.000,0.000,0.000,0.000,0.000,0.000,0.024,-0.214
736.01,0.424,0,0.818,0.484,0,0.000,0.000,0.000,0.000,0.000,0.000,0.035,-0.240
736.21,0.424,0,0.818,0.484,0,0.000,0.000,0.000,0.000,0.000,0.000,0.029,-0.228
736.41,0.108,0,0.816,0.483,0,0.000,0.000,0.000,0.000,0.000,0.000,0.021,-0.211
736.61,0.424,0,0.816,0.483,0,0.000,0.000,0.000,0.000,0.000,0.000,0.027,-0.220
736.81,0.105,0,0.816,0.483,0,0.000,0.000,0.000,0.000,0.000,0.000,0.017,-0.223
737.01,0.424,0,0.811,0.484,0,0.000,0.000,0.000,0.000,0.000,0.000,0.018,-0.224
737.21,0.105,0,0.811,0.484,0,0.000,0.000,0.000,0.000,0.000,0.000,0.016,-0.225
737.41,0.424,0,0.809,0.483,0,0.000,0.000,0.000,0.000,0.000,0.000,0.014,-0.208
737.61,0.106,0,0.809,0.483,0,0.000,0.000,0.000,0.000,0.000,0.000,0.024,-0.206
737.81,0.426,0,0.809,0.483,0,0.000,0.000,0.000,0.000,0.000,0.000,0.032,-0.214
738.01,0.105,0,0.794,0.483,0,0.000,0.000,0.000,0.000,0.000,0.000,0.021,-0.214
738.21,0.424,0,0.794,0.483,0,0.000,0.000,0.000,0.000,0.000,0.000,0.010,-0.212
738.41,0.424,0,0.803,0.484,0,0.000,0.000,0.000,0.000,0.000,0.000,0.025,-0.226
738.61,0.424,0,0.803,0.484,0,0.000,0.000,0.000,0.000,0.000,0.000,0.036,-0.236
738.81,0.424,0,0.803,0.484,0,0.000,0.000,0.000,0.000,0.000,0.000,0.033,-0.237
739.01,0.106,0,0.805,0.484,0,0.000,0.000,0.000,0.000,0.000,0.000,0.023,-0.220
739.21,0.424,0,0.805,0.484,0,0.000,0.000,0.000,0.000,0.000,0.000,0.011,-0.205
739.41,0.105,0,0.793,0.484,0,0.000,0.000,0.000,0.000,0.000,0.000,0.019,-0.219
739.61,0.424,0,0.793,0.484,0,0.000,0.000,0.000,0.000,0.000,0.000,0.034,-0.232
739.81,0.424,0,0.793,0.484,0,0.000,0.000,0.000,0.000,0.000,0.000,0.033,-0.235
740.01,0.424,0,0.770,0.484,0,0.000,0.000,0.000,0.000,0.000,0.000,0.033,-0.222
740.21,0.105,0,0.770,0.484,0,0.000,0.000,0.000,0.000,0.000,0.000,0.029,-0.229
740.41,0.424,0,0.767,0.484,0,0.000,0.000,0.000,0.000,0.000,0.000,0.014,-0.218
740.61,0.105,0,0.767,0.484,0,0.000,0.000,0.000,0.000,0.000,0.000,0.009,-0.208
740.81,0.424,0,0.767,0.484,0,0.000,0.000,0.000,0.000,0.000,0.000,0.023,-0.221
741.01,0.421,0,0.773,0.483,0,0.000,0.000,0.000,0.000,0.000,0.000,0.046,-0.246
741.21,0.106,0,0.773,0.483,0,0.000,0.000,0.000,0.000,0.000,0.000,0.036,-0.219
741.41,0.424,0,0.769,0.484,0,0.000,0.000,0.000,0.000,0.000,0.000,0.009,-0.203
741.61,0.502,0,0.769,0.484,0,0.000,0.000,0.000,0.000,0.000,0.000,0.020,-0.236
741.81,0.424,0,0.769,0.484,0,0.000,0.000,0.000,0.000,0.000,0.000,0.033,-0.236
742.01,0.108,0,0.733,0.484,0,0.000,0.000,0.000,0.000,0.000,0.000,0.039,-0.230
742.21,0.105,0,0.733,0.484,0,0.000,0.000,0.000,0.000,0.000,0.000,0.030,-0.222
742.41,0.108,0,0.655,0.484,1,0.000,0.000,0.000,0.000,0.000,0.000,0.028,-0.231
742.61,0.502,0,0.655,0.484,1,0.000,0.000,0.000,0.000,0.000,0.000,0.040,-0.241
742.81,0.424,0,0.655,0.484,1,0.000,0.000,0.000,0.000,0.000,0.000,0.035,-0.226
743.01,0.502,0,0.710,0.484,0,0.000,0.000,0.000,0.000,0.000,0.000,0.035,-0.232
743.21,0.105,0,0.710,0.484,0,0.000,0.000,0.000,0.000,0.000,0.000,0.024,-0.227
743.41,0.106,0,0.783,0.484,0,0.000,0.000,0.000,0.000,0.000,0.000,0.026,-0.219
743.61,0.105,0,0.783,0.484,0,0.000,0.000,0.000,0.000,0.000,0.000,0.016,-0.203
743.81,0.106,0,0.783,0.484,0,0.000,0.000,0.000,0.000,0.000,0.000,0.013,-0.202
744.01,0.106,0,0.930,0.484,0,0.000,0.000,0.000,0.000,0.000,0.000,0.028,-0.209
744.21,0.502,0,0.930,0.484,0,0.000,0.000,0.000,0.000,0.000,0.000,0.032,-0.225
744.41,0.424,0,1.002,0.482,0,0.000,0.000,0.000,0.000,0.000,0.000,0.020,-0.223
744.61,0.108,0,1.002,0.482,0,0.000,0.000,0.000,0.000,0.000,0.000,0.026,-0.224
744.81,0.106,0,1.002,0.482,0,0.000,0.000,0.000,0.000,0.000,0.000,0.023,-0.204
745.01,0.106,0,1.000,0.482,0,0.000,0.000,0.000,0.000,0.000,0.000,0.015,-0.191
745.21,0.502,0,1.000,0.482,0,0.000,0.000,0.000,0.000,0.000,0.000,0.015,-0.199
745.41,0.108,0,1.008,0.483,0,0.000,0.000,0.000,0.000,0.000,0.000,0.024,-0.213
745.61,0.106,0,1.008,0.483,0,0.000,0.000,0.000,0.000,0.000,0.000,0.030,-0.211
745.81,0.424,0,1.008,0.483,0,0.000,0.000,0.000,0.000,0.000,0.000,0.019,-0.201
746.01,0.105,0,1.002,0.483,0,0.000,0.000,0.000,0.000,0.000,0.000,0.010,-0.190
746.21,0.105,0,1.002,0.483,0,0.000,0.000,0.000,0.000,0.000,0.000,0.007,-0.202
746.41,0.105,0,1.008,0.483,0,0.000,0.000,0.000,0.000,0.000,0.000,0.014,-0.212
746.61,0.424,0,1.008,0.483,0,0.000,0.000,0.000,0.000,0.000,0.000,0.024,-0.216
746.81,0.108,0,1.008,0.483,0,0.000,0.000,0.000,0.000,0.000,0.000,0.031,-0.215
747.01,0.421,0,1.009,0.483,0,0.000,0.000,0.000,0.000,0.000,0.000,0.020,-0.203
747.21,0.108,0,1.009,0.483,0,0.000,0.000,0.000,0.000,0.000,0.000,0.020,-0.215
747.41,0.423,0,1.005,0.483,0,0.000,0.000,0.000,0.000,0.000,0.000,0.025,-0.221
747.61,0.424,0,1.005,0.483,0,0.000,0.000,0.000,0.000,0.000,0.000,0.028,-0.216
747.81,0.424,0,1.005,0.483,0,0.000,0.000,0.000,0.000,0.000,0.000,0.021,-0.207
748.01,0.106,0,1.008,0.483,0,0.000,0.000,0.000,0.000,0.000,0.000,0.015,-0.192
748.21,0.424,0,1.008,0.483,0,0.000,0.000,0.000,0.000,0.000,0.000,0.015,-0.197
748.41,0.421,0,1.006,0.482,0,0.000,0.000,0.000,0.000,0.000,0.000,0.028,-0.216
748.61,0.106,0,1.006,0.482,0,0.000,0.000,0.000,0.000,0.000,0.000,0.022,-0.204
748.81,0.426,0,1.006,0.482,0,0.000,0.000,0.000,0.000,0.000,0.000,0.014,-0.184
749.01,0.106,0,1.009,0.483,0,0.000,0.000,0.000,0.000,0.000,0.000,0.010,-0.180
749.21,0.424,0,1.009,0.483,0,0.000,0.000,0.000,0.000,0.000,0.000,0.011,-0.198
749.41,0.501,0,1.007,0.483,0,0.000,0.000,0.000,0.000,0.000,0.000,0.030,-0.233
749.61,0.108,0,1.007,0.483,0,0.000,0.000,0.000,0.000,0.000,0.000,0.025,-0.217
749.81,0.421,0,1.007,0.483,0,0.000,0.000,0.000,0.000,0.000,0.000,0.010,-0.193
750.01,0.108,0,1.008,0.483,0,0.000,0.000,0.000,0.000,0.000,0.000,0.012,-0.195
750.21,0.424,0,1.008,0.483,0,0.000,0.000,0.000,0.000,0.000,0.000,0.014,-0.190
750.41,0.501,0,1.004,0.482,0,0.000,0.000,0.000,0.000,0.000,0.000,0.017,-0.211
750.61,0.108,0,1.004,0.482,0,0.000,0.000,0.000,0.000,0.000,0.000,0.028,-0.221
750.81,0.108,0,1.004,0.482,0,0.000,0.000,0.000,0.000,0.000,0.000,0.029,-0.221
751.01,0.108,0,0.996,0.483,0,0.000,0.000,0.000,0.000,0.000,0.000,0.016,-0.210
751.21,0.106,0,0.996,0.483,0,0.000,0.000,0.000,0.000,0.000,0.000,0.013,-0.195
751.41,0.105,0,1.001,0.484,0,0.000,0.000,0.000,0.000,0.000,0.000,0.014,-0.194
751.61,0.105,0,1.001,0.484,0,0.000,0.000,0.000,0.000,0.000,0.000,0.012,-0.202
751.81,0.105,0,1.001,0.484,0,0.000,0.000,0.000,0.000,0.000,0.000,0.013,-0.208
752.01,0.106,0,1.003,0.484,0,0.000,0.000,0.000,0.000,0.000,0.000,0.013,-0.196
752.21,0.106,0,1.003,0.484,0,0.000,0.000,0.000,0.000,0.000,0.000,0.021,-0.196
752.41,0.424,0,1.005,0.484,0,0.000,0.000,0.000,0.000,0.000,0.000,0.025,-0.223
752.61,0.108,0,1.005,0.484,0,0.000,0.000,0.000,0.000,0.000,0.000,0.029,-0.235
752.81,0.108,0,1.005,0.484,0,0.000,0.000,0.000,0.000,0.000,0.000,0.022,-0.218
753.01,0.105,0,1.001,0.483,0,0.000,0.000,0.000,0.000,0.000,0.000,0.016,-0.201
753.21,0.108,0,1.001,0.483,0,0.000,0.000,0.000,0.000,0.000,0.000,0.014,-0.209
753.41,0.424,0,1.001,0.482,0,0.000,0.000,0.000,0.000,0.000,0.000,0.019,-0.224
753.61,0.105,0,1.001,0.482,0,0.000,0.000,0.000,0.000,0.000,0.000,0.017,-0.221
753.81,0.108,0,1.001,0.482,0,0.000,0.000,0.000,0.000,0.000,0.000,0.032,-0.225
754.01,0.502,0,1.001,0.482,0,0.000,0.000,0.000,0.000,0.000,0.000,0.040,-0.236
754.21,0.424,0,1.001,0.482,0,0.000,0.000,0.000,0.000,0.000,0.000,0.019,-0.222
754.41,0.105,0,1.001,0.483,0,0.000,0.000,0.000,0.000,0.000,0.000,0.002,-0.196
754.61,0.424,0,1.001,0.483,0,0.000,0.000,0.000,0.000,0.000,0.000,0.018,-0.192
754.81,0.105,0,1.001,0.483,0,0.000,0.000,0.000,0.000,0.000,0.000,0.020,-0.216
755.01,0.424,0,1.007,0.483,0,0.000,0.000,0.000,0.000,0.000,0.000,0.023,-0.214
755.21,0.105,0,1.007,0.483,0,0.000,0.000,0.000,0.000,0.000,0.000,0.013,-0.194
755.41,0.426,0,1.002,0.482,0,0.000,0.000,0.000,0.000,0.000,0.000,0.016,-0.195
755.61,0.106,0,1.002,0.482,0,0.000,0.000,0.000,0.000,0.000,0.000,0.027,-0.209
755.81,0.424,0,1.002,0.482,0,0.000,0.000,0.000,0.000,0.000,0.000,0.018,-0.201
756.01,0.423,0,1.001,0.483,0,0.000,0.000,0.000,0.000,0.000,0.000,0.018,-0.226
756.21,0.108,0,1.001,0.483,0,0.000,0.000,0.000,0.000,0.000,0.000,0.029,-0.229
756.41,0.421,0,0.999,0.483,0,0.000,0.000,0.000,0.000,0.000,0.000,0.024,-0.205
756.61,0.108,0,0.999,0.483,0,0.000,0.000,0.000,0.000,0.000,0.000,0.025,-0.209
756.81,0.424,0,0.999,0.483,0,0.000,0.000,0.000,0.000,0.000,0.000,0.009,-0.208
757.01,0.108,0,1.001,0.483,0,0.000,0.000,0.000,0.000,0.000,0.000,0.024,-0.217
757.21,0.105,0,1.001,0.483,0,0.000,0.000,0.000,0.000,0.000,0.000,0.025,-0.219
757.41,0.424,0,1.003,0.482,0,0.000,0.000,0.000,0.000,0.000,0.000,0.025,-0.222
757.61,0.105,0,1.003,0.482,0,0.000,0.000,0.000,0.000,0.000,0.000,0.024,-0.217
757.81,0.106,0,1.003,0.482,0,0.000,0.000,0.000,0.000,0.000,0.000,0.006,-0.189
758.01,0.424,0,0.998,0.482,0,0.000,0.000,0.000,0.000,0.000,0.000,0.013,-0.200
758.21,0.502,0,0.998,0.482,0,0.000,0.000,0.000,0.000,0.000,0.000,0.010,-0.213
758.41,0.424,0,0.997,0.484,0,0.000,0.000,0.000,0.000,0.000,0.000,0.013,-0.211
758.61,0.108,0,0.997,0.484,0,0.000,0.000,0.000,0.000,0.000,0.000,0.017,-0.203
758.81,0.105,0,0.997,0.484,0,0.000,0.000,0.000,0.000,0.000,0.000,0.007,-0.192
759.01,0.424,0,1.002,0.483,0,0.000,0.000,0.000,0.000,0.000,0.000,0.014,-0.203
759.21,0.108,0,1.002,0.483,0,0.000,0.000,0.000,0.000,0.000,0.000,0.024,-0.214
759.41,0.105,0,1.001,0.483,0,0.000,0.000,0.000,0.000,0.000,0.000,0.010,-0.192
759.61,0.105,0,1.001,0.483,0,0.000,0.000,0.000,0.000,0.000,0.000,0.005,-0.195
759.81,0.106,0,1.001,0.483,0,0.000,0.000,0.000,0.000,0.000,0.000,0.024,-0.190
760.01,0.105,0,1.002,0.482,0,0.000,0.000,0.000,0.000,0.000,0.000,0.023,-0.190
760.21,0.108,0,1.002,0.482,0,0.000,0.000,0.000,0.000,0.000,0.000,0.032,-0.213
760.41,0.105,0,1.003,0.483,0,0.000,0.000,0.000,0.000,0.000,0.000,0.011,-0.185
760.61,0.105,0,1.003,0.483,0,0.000,0.000,0.000,0.000,0.000,0.000,-0.007,-0.190
760.81,0.105,0,1.003,0.483,0,0.000,0.000,0.000,0.000,0.000,0.000,0.002,-0.203
761.01,0.105,0,1.001,0.484,0,0.000,0.000,0.000,0.000,0.000,0.000,0.003,-0.201
761.21,0.108,0,1.001,0.484,0,0.000,0.000,0.000,0.000,0.000,0.000,0.023,-0.198
761.41,0.106,0,1.000,0.484,0,0.000,0.000,0.000,0.000,0.000,0.000,0.015,-0.184
761.61,0.106,0,1.000,0.484,0,0.000,0.000,0.000,0.000,0.000,0.000,-0.006,-0.177
761.81,0.424,0,1.000,0.484,0,0.000,0.000,0.000,0.000,0.000,0.000,0.008,-0.204
762.01,0.424,0,1.006,0.484,0,0.000,0.000,0.000,0.000,0.000,0.000,0.026,-0.231
762.21,0.424,0,1.006,0.484,0,0.000,0.000,0.000,0.000,0.000,0.000,0.013,-0.196
762.41,0.424,0,1.002,0.484,0,0.000,0.000,0.000,0.000,0.000,0.000,0.007,-0.194
762.61,0.424,0,1.002,0.484,0,0.000,0.000,0.000,0.000,0.000,0.000,0.035,-0.219
762.81,0.426,0,1.002,0.484,0,0.000,0.000,0.000,0.000,0.000,0.000,0.023,-0.214
763.01,0.105,0,1.001,0.483,0,0.000,0.000,0.000,0.000,0.000,0.000,-0.003,-0.198
763.21,0.424,0,1.001,0.483,0,0.000,0.000,0.000,0.000,0.000,0.000,-0.009,-0.199
763.41,0.424,0,0.997,0.484,0,0.000,0.000,0.000,0.000,0.000,0.000,0.004,-0.203
763.61,0.109,0,0.997,0.484,0,0.000,0.000,0.000,0.000,0.000,0.000,0.026,-0.216
763.81,0.424,0,0.997,0.484,0,0.000,0.000,0.000,0.000,0.000,0.000,0.021,-0.198
764.01,0.502,0,1.002,0.484,0,0.000,0.000,0.000,0.000,0.000,0.000,-0.004,-0.192
764.21,0.424,0,1.002,0.484,0,0.000,0.000,0.000,0.000,0.000,0.000,0.002,-0.200
764.41,0.106,0,1.001,0.482,0,0.000,0.000,0.000,0.000,0.000,0.000,0.021,-0.193
764.61,0.423,0,1.001,0.482,0,0.000,0.000,0.000,0.000,0.000,0.000,0.029,-0.202
764.81,0.424,0,1.001,0.482,0,0.000,0.000,0.000,0.000,0.000,0.000,0.025,-0.212
765.01,0.424,0,1.006,0.483,0,0.000,0.000,0.000,0.000,0.000,0.000,0.014,-0.208
765.21,0.105,0,1.006,0.483,0,0.000,0.000,0.000,0.000,0.000,0.000,0.016,-0.200
765.41,0.105,0,1.002,0.482,0,0.000,0.000,0.000,0.000,0.000,0.000,0.009,-0.199
765.61,0.105,0,1.002,0.482,0,0.000,0.000,0.000,0.000,0.000,0.000,0.003,-0.203
765.81,0.424,0,1.002,0.482,0,0.000,0.000,0.000,0.000,0.000,0.000,0.013,-0.211
766.01,0.108,0,1.000,0.482,0,0.000,0.000,0.000,0.000,0.000,0.000,0.040,-0.227
766.21,0.424,0,1.000,0.482,0,0.000,0.000,0.000,0.000,0.000,0.000,0.031,-0.206
766.41,0.424,0,0.999,0.482,0,0.000,0.000,0.000,0.000,0.000,0.000,0.011,-0.202
766.61,0.424,0,0.999,0.482,0,0.000,0.000,0.000,0.000,0.000,0.000,0.012,-0.213
766.81,0.108,0,0.999,0.482,0,0.000,0.000,0.000,0.000,0.000,0.000,0.025,-0.206
767.01,0.424,0,1.003,0.482,0,0.000,0.000,0.000,0.000,0.000,0.000,0.017,-0.218
767.21,0.105,0,1.003,0.482,0,0.000,0.000,0.000,0.000,0.000,0.000,0.002,-0.211
767.41,0.105,0,1.002,0.483,0,0.000,0.000,0.000,0.000,0.000,0.000,0.002,-0.193
767.61,0.105,0,1.002,0.483,0,0.000,0.000,0.000,0.000,0.000,0.000,0.017,-0.193
767.81,0.105,0,1.002,0.483,0,0.000,0.000,0.000,0.000,0.000,0.000,0.016,-0.212
768.01,0.105,0,0.997,0.482,0,0.000,0.000,0.000,0.000,0.000,0.000,0.020,-0.209
768.21,0.105,0,0.997,0.482,0,0.000,0.000,0.000,0.000,0.000,0.000,0.004,-0.188
768.41,0.105,0,1.001,0.483,0,0.000,0.000,0.000,0.000,0.000,0.000,-0.003,-0.185
768.61,0.424,0,1.001,0.483,0,0.000,0.000,0.000,0.000,0.000,0.000,0.022,-0.208
768.81,0.108,0,1.001,0.483,0,0.000,0.000,0.000,0.000,0.000,0.000,0.046,-0.222
769.01,0.108,0,0.970,0.483,0,0.000,0.000,0.000,0.000,0.000,0.000,0.030,-0.216
769.21,0.108,0,0.970,0.483,0,0.000,0.000,0.000,0.000,0.000,0.000,0.021,-0.219
769.41,0.105,0,0.715,0.484,0,0.000,0.000,0.000,0.000,0.000,0.000,0.019,-0.207
769.61,0.105,0,0.715,0.484,0,0.000,0.000,0.000,0.000,0.000,0.000,0.024,-0.219
769.81,0.424,0,0.715,0.484,0,0.000,0.000,0.000,0.000,0.000,0.000,0.043,-0.254
770.01,0.106,0,0.673,0.424,0,0.000,0.000,0.000,0.000,0.000,0.000,0.029,-0.236
770.21,0.108,0,0.673,0.424,0,0.000,0.000,0.000,0.000,0.000,0.000,0.023,-0.211
770.41,0.108,0,0.635,0.481,1,0.000,0.000,0.000,0.000,0.000,0.000,0.033,-0.221
770.61,0.108,0,0.635,0.481,1,0.000,0.000,0.000,0.000,0.000,0.000,0.050,-0.250
770.81,0.108,0,0.635,0.481,1,0.000,0.000,0.000,0.000,0.000,0.000,0.067,-0.264
771.01,0.424,0,0.438,0.412,1,0.000,0.000,0.000,0.000,0.000,0.000,0.038,-0.231
771.21,0.424,0,0.438,0.412,1,0.000,0.000,0.000,0.000,0.000,0.000,0.032,-0.221
771.41,0.424,0,0.474,0.393,1,0.000,0.000,0.000,0.000,0.000,0.000,0.049,-0.226
771.61,0.424,0,0.474,0.393,1,0.000,0.000,0.000,0.000,0.000,0.000,0.038,-0.218
771.81,0.105,0,0.474,0.393,1,0.000,0.000,0.000,0.000,0.000,0.000,0.027,-0.224
772.01,0.424,0,0.477,0.384,1,0.000,0.000,0.000,0.000,0.000,0.000,0.024,-0.223
772.21,0.105,0,0.477,0.384,1,0.000,0.000,0.000,0.000,0.000,0.000,0.020,-0.225
772.41,0.424,0,0.483,0.390,1,0.000,0.000,0.000,0.000,0.000,0.000,0.046,-0.245
772.61,0.424,0,0.483,0.390,1,0.000,0.000,0.000,0.000,0.000,0.000,0.054,-0.253
772.81,0.424,0,0.483,0.390,1,0.000,0.000,0.000,0.000,0.000,0.000,0.040,-0.245
773.01,0.403,0,0.472,0.392,1,0.000,0.000,0.000,0.000,0.000,0.000,0.024,-0.234
773.21,0.424,0,0.472,0.392,1,0.000,0.000,0.000,0.000,0.000,0.000,0.022,-0.239
773.41,0.424,0,0.626,0.485,1,0.000,0.000,0.000,0.000,0.000,0.000,0.029,-0.229
773.61,0.108,0,0.626,0.485,1,0.000,0.000,0.000,0.000,0.000,0.000,0.017,-0.203
773.81,0.424,0,0.626,0.485,1,0.000,0.000,0.000,0.000,0.000,0.000,0.003,-0.188
774.01,0.424,0,0.888,0.485,0,0.000,0.000,0.000,0.000,0.000,0.000,0.001,-0.202
774.21,0.108,0,0.888,0.485,0,0.000,0.000,0.000,0.000,0.000,0.000,0.018,-0.223
774.41,0.105,0,0.910,0.485,0,0.000,0.000,0.000,0.000,0.000,0.000,0.019,-0.214
774.61,0.424,0,0.910,0.485,0,0.000,0.000,0.000,0.000,0.000,0.000,0.001,-0.189
774.81,0.106,0,0.910,0.485,0,0.000,0.000,0.000,0.000,0.000,0.000,0.011,-0.188
775.01,0.423,0,0.908,0.485,0,0.000,0.000,0.000,0.000,0.000,0.000,0.022,-0.204
775.21,0.424,0,0.908,0.485,0,0.000,0.000,0.000,0.000,0.000,0.000,0.025,-0.233
775.41,0.105,0,0.886,0.484,0,0.000,0.000,0.000,0.000,0.000,0.000,0.012,-0.221
775.61,0.105,0,0.886,0.484,0,0.000,0.000,0.000,0.000,0.000,0.000,-0.001,-0.188
775.81,0.106,0,0.886,0.484,0,0.000,0.000,0.000,0.000,0.000,0.000,0.002,-0.192
776.01,0.105,0,0.877,0.485,0,0.000,0.000,0.000,0.000,0.000,0.000,0.010,-0.207
776.21,0.105,0,0.877,0.485,0,0.000,0.000,0.000,0.000,0.000,0.000,0.016,-0.212
776.41,0.424,0,0.874,0.485,0,0.000,0.000,0.000,0.000,0.000,0.000,0.027,-0.230
776.61,0.424,0,0.874,0.485,0,0.000,0.000,0.000,0.000,0.000,0.000,0.012,-0.214
776.81,0.105,0,0.874,0.485,0,0.000,0.000,0.000,0.000,0.000,0.000,-0.000,-0.187
777.01,0.105,0,0.875,0.485,0,0.000,0.000,0.000,0.000,0.000,0.000,-0.004,-0.190
777.21,0.105,0,0.875,0.485,0,0.000,0.000,0.000,0.000,0.000,0.000,0.004,-0.198
777.41,0.106,0,0.872,0.483,0,0.000,0.000,0.000,0.000,0.000,0.000,-0.001,-0.200
777.61,0.105,0,0.872,0.483,0,0.000,0.000,0.000,0.000,0.000,0.000,-0.004,-0.193
777.81,0.108,0,0.872,0.483,0,0.000,0.000,0.000,0.000,0.000,0.000,0.008,-0.202
778.01,0.106,0,0.870,0.485,0,0.000,0.000,0.000,0.000,0.000,0.000,0.002,-0.202
778.21,0.108,0,0.870,0.485,0,0.000,0.000,0.000,0.000,0.000,0.000,0.010,-0.201
778.41,0.105,0,0.872,0.484,0,0.000,0.000,0.000,0.000,0.000,0.000,0.014,-0.203
778.61,0.424,0,0.872,0.484,0,0.000,0.000,0.000,0.000,0.000,0.000,-0.005,-0.182
778.81,0.108,0,0.872,0.484,0,0.000,0.000,0.000,0.000,0.000,0.000,0.003,-0.179
779.01,0.424,0,0.874,0.485,0,0.000,0.000,0.000,0.000,0.000,0.000,0.014,-0.204
779.21,0.424,0,0.874,0.485,0,0.000,0.000,0.000,0.000,0.000,0.000,0.013,-0.202
779.41,0.105,0,0.854,0.485,0,0.000,0.000,0.000,0.000,0.000,0.000,-0.004,-0.189
779.61,0.424,0,0.854,0.485,0,0.000,0.000,0.000,0.000,0.000,0.000,0.002,-0.176
779.81,0.106,0,0.854,0.485,0,0.000,0.000,0.000,0.000,0.000,0.000,0.014,-0.178
780.01,0.423,0,0.761,0.485,0,0.000,0.000,0.000,0.000,0.000,0.000,0.020,-0.193
780.21,0.105,0,0.761,0.485,0,0.000,0.000,0.000,0.000,0.000,0.000,0.021,-0.206
780.41,0.424,0,0.752,0.485,0,0.000,0.000,0.000,0.000,0.000,0.000,0.004,-0.199
780.61,0.108,0,0.752,0.485,0,0.000,0.000,0.000,0.000,0.000,0.000,0.019,-0.210
780.81,0.105,0,0.752,0.485,0,0.000,0.000,0.000,0.000,0.000,0.000,0.028,-0.212
781.01,0.424,0,0.745,0.485,0,0.000,0.000,0.000,0.000,0.000,0.000,0.023,-0.196
781.21,0.421,0,0.745,0.485,0,0.000,0.000,0.000,0.000,0.000,0.000,0.025,-0.210
781.41,0.106,0,0.721,0.485,0,0.000,0.000,0.000,0.000,0.000,0.000,0.018,-0.209
781.61,0.426,0,0.721,0.485,0,0.000,0.000,0.000,0.000,0.000,0.000,0.012,-0.185
781.81,0.106,0,0.721,0.485,0,0.000,0.000,0.000,0.000,0.000,0.000,0.005,-0.176
782.01,0.424,0,0.729,0.485,0,0.000,0.000,0.000,0.000,0.000,0.000,0.010,-0.183
782.21,0.108,0,0.729,0.485,0,0.000,0.000,0.000,0.000,0.000,0.000,0.020,-0.189
782.41,0.424,0,0.756,0.485,0,0.000,0.000,0.000,0.000,0.000,0.000,0.012,-0.195
782.61,0.106,0,0.756,0.485,0,0.000,0.000,0.000,0.000,0.000,0.000,0.002,-0.187
782.81,0.108,0,0.756,0.485,0,0.000,0.000,0.000,0.000,0.000,0.000,0.022,-0.203
783.01,0.105,0,0.737,0.485,0,0.000,0.000,0.000,0.000,0.000,0.000,0.016,-0.203
783.21,0.105,0,0.737,0.485,0,0.000,0.000,0.000,0.000,0.000,0.000,-0.003,-0.194
783.41,0.108,0,0.662,0.468,1,0.000,0.000,0.000,0.000,0.000,0.000,0.008,-0.209
783.61,0.424,0,0.662,0.468,1,0.000,0.000,0.000,0.000,0.000,0.000,0.034,-0.229
783.81,0.105,0,0.662,0.468,1,0.000,0.000,0.000,0.000,0.000,0.000,0.022,-0.227
784.01,0.424,0,0.476,0.384,1,0.000,0.000,0.000,0.000,0.000,0.000,0.003,-0.198
784.21,0.106,0,0.476,0.384,1,0.000,0.000,0.000,0.000,0.000,0.000,0.022,-0.201
784.41,0.426,0,0.472,0.385,1,0.000,0.000,0.000,0.000,0.000,0.000,0.039,-0.226
784.61,0.108,0,0.472,0.385,1,0.000,0.000,0.000,0.000,0.000,0.000,0.040,-0.227
784.81,0.424,0,0.472,0.385,1,0.000,0.000,0.000,0.000,0.000,0.000,0.034,-0.221
785.01,0.424,0,0.461,0.405,1,0.000,0.000,0.000,0.000,0.000,0.000,0.028,-0.219
785.21,0.423,0,0.461,0.405,1,0.000,0.000,0.000,0.000,0.000,0.000,0.028,-0.224
785.41,0.108,0,0.461,0.406,1,0.000,0.000,0.000,0.000,0.000,0.000,0.028,-0.226
785.61,0.421,0,0.461,0.406,1,0.000,0.000,0.000,0.000,0.000,0.000,0.033,-0.208
785.81,0.424,0,0.461,0.406,1,0.000,0.000,0.000,0.000,0.000,0.000,0.027,-0.201
786.01,0.106,0,0.474,0.402,1,0.000,0.000,0.000,0.000,0.000,0.000,0.019,-0.209
786.21,0.426,0,0.474,0.402,1,0.000,0.000,0.000,0.000,0.000,0.000,0.020,-0.221
786.41,0.108,0,0.464,0.398,1,0.000,0.000,0.000,0.000,0.000,0.000,0.033,-0.240
786.61,0.421,0,0.464,0.398,1,0.000,0.000,0.000,0.000,0.000,0.000,0.040,-0.236
786.81,0.108,0,0.464,0.398,1,0.000,0.000,0.000,0.000,0.000,0.000,0.047,-0.238
787.01,0.424,0,0.450,0.401,1,0.000,0.000,0.000,0.000,0.000,0.000,0.040,-0.241
787.21,0.105,0,0.450,0.401,1,0.000,0.000,0.000,0.000,0.000,0.000,0.017,-0.227
787.41,0.424,0,0.452,0.404,1,0.000,0.000,0.000,0.000,0.000,0.000,0.026,-0.213
787.61,0.108,0,0.452,0.404,1,0.000,0.000,0.000,0.000,0.000,0.000,0.053,-0.229
787.81,0.425,0,0.452,0.404,1,0.000,0.000,0.000,0.000,0.000,0.000,0.053,-0.232
788.01,0.108,0,0.436,0.423,1,0.000,0.000,0.000,0.000,0.000,0.000,0.041,-0.229
788.21,0.105,0,0.436,0.423,1,0.000,0.000,0.000,0.000,0.000,0.000,0.025,-0.219
788.41,0.108,0,0.438,0.422,1,0.000,0.000,0.000,0.000,0.000,0.000,0.021,-0.216
788.61,0.430,0,0.438,0.422,1,0.000,0.000,0.000,0.000,0.000,0.000,0.051,-0.227
788.81,0.105,0,0.438,0.422,1,0.000,0.000,0.000,0.000,0.000,0.000,0.040,-0.223
789.01,0.106,0,0.444,0.385,1,0.000,0.000,0.000,0.000,0.000,0.000,0.015,-0.208
789.21,0.108,0,0.444,0.385,1,0.000,0.000,0.000,0.000,0.000,0.000,0.033,-0.228
789.41,0.424,0,0.464,0.388,1,0.000,0.000,0.000,0.000,0.000,0.000,0.021,-0.219
789.61,0.105,0,0.464,0.388,1,0.000,0.000,0.000,0.000,0.000,0.000,0.012,-0.208
789.81,0.424,0,0.464,0.388,1,0.000,0.000,0.000,0.000,0.000,0.000,0.036,-0.221
790.01,0.479,0,0.480,0.391,1,0.000,0.000,0.000,0.000,0.000,0.000,0.050,-0.226
790.21,0.108,0,0.480,0.391,1,0.000,0.000,0.000,0.000,0.000,0.000,0.043,-0.227
790.41,0.482,0,0.492,0.398,1,0.000,0.000,0.000,0.000,0.000,0.000,0.033,-0.243
790.61,0.424,0,0.492,0.398,1,0.000,0.000,0.000,0.000,0.000,0.000,0.044,-0.247
790.81,0.105,0,0.492,0.398,1,0.000,0.000,0.000,0.000,0.000,0.000,0.037,-0.227
791.01,0.424,0,0.475,0.394,1,0.000,0.000,0.000,0.000,0.000,0.000,0.042,-0.222
791.21,0.105,0,0.475,0.394,1,0.000,0.000,0.000,0.000,0.000,0.000,0.036,-0.242
791.41,0.424,0,0.479,0.393,1,0.000,0.000,0.000,0.000,0.000,0.000,0.050,-0.263
791.61,0.105,0,0.479,0.393,1,0.000,0.000,0.000,0.000,0.000,0.000,0.049,-0.268
791.81,0.424,0,0.479,0.393,1,0.000,0.000,0.000,0.000,0.000,0.000,0.037,-0.248
792.01,0.105,0,0.471,0.394,1,0.000,0.000,0.000,0.000,0.000,0.000,0.037,-0.262
792.21,0.108,0,0.471,0.394,1,0.000,0.000,0.000,0.000,0.000,0.000,0.047,-0.264
792.41,0.106,0,0.476,0.394,1,0.000,0.000,0.000,0.000,0.000,0.000,0.039,-0.261
792.61,0.424,0,0.476,0.394,1,0.000,0.000,0.000,0.000,0.000,0.000,0.038,-0.251
792.81,0.105,0,0.476,0.394,1,0.000,0.000,0.000,0.000,0.000,0.000,0.026,-0.229
793.01,0.105,0,0.465,0.394,1,0.000,0.000,0.000,0.000,0.000,0.000,0.022,-0.242
793.21,0.106,0,0.465,0.394,1,0.000,0.000,0.000,0.000,0.000,0.000,0.031,-0.246
793.41,0.106,0,0.420,0.399,1,0.000,0.000,0.000,0.000,0.000,0.000,0.038,-0.244
793.61,0.106,0,0.420,0.399,1,0.000,0.000,0.000,0.000,0.000,0.000,0.047,-0.221
793.81,0.108,0,0.420,0.399,1,0.000,0.000,0.000,0.000,0.000,0.000,0.047,-0.235
794.01,0.108,0,0.405,0.400,1,0.000,0.000,0.000,0.000,0.000,0.000,0.057,-0.277
794.21,0.106,0,0.405,0.400,1,0.000,0.000,0.000,0.000,0.000,0.000,0.060,-0.263
794.41,0.106,0,0.404,0.399,1,0.000,0.000,0.000,0.000,0.000,0.000,0.053,-0.231
794.61,0.328,0,0.404,0.399,1,0.000,0.000,0.000,0.000,0.000,0.000,0.054,-0.239
794.81,0.328,0,0.404,0.399,1,0.000,0.000,0.000,0.000,0.000,0.000,0.066,-0.287
795.01,0.108,0,0.405,0.399,1,0.000,0.000,0.000,0.000,0.000,0.000,0.064,-0.282
795.21,0.328,0,0.405,0.399,1,0.000,0.000,0.000,0.000,0.000,0.000,0.051,-0.263
795.41,0.105,0,0.407,0.395,1,0.000,0.000,0.000,0.000,0.000,0.000,0.035,-0.253
795.61,0.108,0,0.407,0.395,1,0.000,0.000,0.000,0.000,0.000,0.000,0.052,-0.259
795.81,0.106,0,0.407,0.395,1,0.000,0.000,0.000,0.000,0.000,0.000,0.048,-0.249
796.01,0.330,0,0.408,0.405,1,0.000,0.000,0.000,0.000,0.000,0.000,0.042,-0.259
796.21,0.108,0,0.408,0.405,1,0.000,0.000,0.000,0.000,0.000,0.000,0.027,-0.252
796.41,0.105,0,0.409,0.473,1,0.000,0.000,0.000,0.000,0.000,0.000,0.015,-0.200
796.61,0.106,0,0.409,0.473,1,0.000,0.000,0.000,0.000,0.000,0.000,0.021,-0.181
796.81,0.108,0,0.409,0.473,1,0.000,0.000,0.000,0.000,0.000,0.000,0.034,-0.220
797.01,0.330,0,0.408,0.470,1,0.000,0.000,0.000,0.000,0.000,0.000,0.025,-0.239
797.21,0.108,0,0.408,0.470,1,0.000,0.000,0.000,0.000,0.000,0.000,0.027,-0.247
797.41,0.330,0,0.407,0.470,1,0.000,0.000,0.000,0.000,0.000,0.000,0.033,-0.239
797.61,0.330,0,0.407,0.470,1,0.000,0.000,0.000,0.000,0.000,0.000,0.039,-0.256
797.81,0.108,0,0.407,0.470,1,0.000,0.000,0.000,0.000,0.000,0.000,0.023,-0.256
798.01,0.106,0,0.407,0.469,1,0.000,0.000,0.000,0.000,0.000,0.000,0.010,-0.212
798.21,0.106,0,0.407,0.469,1,0.000,0.000,0.000,0.000,0.000,0.000,0.020,-0.188
798.41,0.106,0,0.406,0.470,1,0.000,0.000,0.000,0.000,0.000,0.000,0.028,-0.220
798.61,0.105,0,0.406,0.470,1,0.000,0.000,0.000,0.000,0.000,0.000,0.021,-0.208
798.81,0.330,0,0.406,0.470,1,0.000,0.000,0.000,0.000,0.000,0.000,0.017,-0.223
799.01,0.330,0,0.408,0.472,1,0.000,0.000,0.000,0.000,0.000,0.000,0.018,-0.235
799.21,0.105,0,0.408,0.472,1,0.000,0.000,0.000,0.000,0.000,0.000,0.023,-0.218
799.41,0.105,0,0.409,0.470,1,0.000,0.000,0.000,0.000,0.000,0.000,0.029,-0.213
799.61,0.106,0,0.409,0.470,1,0.000,0.000,0.000,0.000,0.000,0.000,0.022,-0.213
799.81,0.105,0,0.409,0.470,1,0.000,0.000,0.000,0.000,0.000,0.000,0.015,-0.198
800.01,0.108,0,0.409,0.471,1,0.000,0.000,0.000,0.000,0.000,0.000,0.027,-0.238
800.21,0.105,0,0.409,0.471,1,0.000,0.000,0.000,0.000,0.000,0.000,0.020,-0.198
800.41,0.106,0,0.408,0.470,1,0.000,0.000,0.000,0.000,0.000,0.000,0.019,-0.197
800.61,0.108,0,0.408,0.470,1,0.000,0.000,0.000,0.000,0.000,0.000,0.027,-0.224
800.81,0.106,0,0.408,0.470,1,0.000,0.000,0.000,0.000,0.000,0.000,0.032,-0.227
801.01,0.106,0,0.409,0.471,1,0.000,0.000,0.000,0.000,0.000,0.000,0.024,-0.213
801.21,0.106,0,0.409,0.471,1,0.000,0.000,0.000,0.000,0.000,0.000,0.021,-0.196
801.41,0.105,0,0.408,0.470,1,0.000,0.000,0.000,0.000,0.000,0.000,0.016,-0.184
801.61,0.105,0,0.408,0.470,1,0.000,0.000,0.000,0.000,0.000,0.000,0.017,-0.197
801.81,0.106,0,0.408,0.470,1,0.000,0.000,0.000,0.000,0.000,0.000,0.023,-0.206
802.01,0.106,0,0.408,0.470,1,0.000,0.000,0.000,0.000,0.000,0.000,0.032,-0.206
802.21,0.331,0,0.408,0.470,1,0.000,0.000,0.000,0.000,0.000,0.000,0.027,-0.201
802.41,0.332,0,0.409,0.470,1,0.000,0.000,0.000,0.000,0.000,0.000,0.021,-0.214
802.61,0.105,0,0.409,0.470,1,0.000,0.000,0.000,0.000,0.000,0.000,0.012,-0.203
802.81,0.105,0,0.409,0.470,1,0.000,0.000,0.000,0.000,0.000,0.000,0.020,-0.211
803.01,0.105,0,0.412,0.471,1,0.000,0.000,0.000,0.000,0.000,0.000,0.016,-0.223
803.21,0.362,0,0.412,0.471,1,0.000,0.000,0.000,0.000,0.000,0.000,0.029,-0.238
803.41,0.378,0,0.439,0.471,1,0.000,0.000,0.000,0.000,0.000,0.000,0.034,-0.257
803.61,0.106,0,0.439,0.471,1,0.000,0.000,0.000,0.000,0.000,0.000,0.004,-0.226
803.81,0.420,0,0.439,0.471,1,0.000,0.000,0.000,0.000,0.000,0.000,-0.010,-0.209
804.01,0.424,0,0.533,0.470,1,0.000,0.000,0.000,0.000,0.000,0.000,0.010,-0.242
804.21,0.106,0,0.533,0.470,1,0.000,0.000,0.000,0.000,0.000,0.000,0.013,-0.232
804.41,0.108,0,0.575,0.470,1,0.000,0.000,0.000,0.000,0.000,0.000,0.005,-0.219
804.61,0.424,0,0.575,0.470,1,0.000,0.000,0.000,0.000,0.000,0.000,0.008,-0.216
804.81,0.424,0,0.575,0.470,1,0.000,0.000,0.000,0.000,0.000,0.000,0.017,-0.226
805.01,0.108,0,0.543,0.471,1,0.000,0.000,0.000,0.000,0.000,0.000,0.026,-0.248
805.21,0.105,0,0.543,0.471,1,0.000,0.000,0.000,0.000,0.000,0.000,0.009,-0.228
805.41,0.421,0,0.568,0.471,1,0.000,0.000,0.000,0.000,0.000,0.000,0.010,-0.225
805.61,0.105,0,0.568,0.471,1,0.000,0.000,0.000,0.000,0.000,0.000,0.010,-0.220
805.81,0.108,0,0.568,0.471,1,0.000,0.000,0.000,0.000,0.000,0.000,0.016,-0.234
806.01,0.420,0,0.574,0.470,1,0.000,0.000,0.000,0.000,0.000,0.000,0.015,-0.235
806.21,0.108,0,0.574,0.470,1,0.000,0.000,0.000,0.000,0.000,0.000,0.021,-0.243
806.41,0.106,0,0.535,0.472,1,0.000,0.000,0.000,0.000,0.000,0.000,0.023,-0.233
806.61,0.106,0,0.535,0.472,1,0.000,0.000,0.000,0.000,0.000,0.000,0.013,-0.221
806.81,0.105,0,0.535,0.472,1,0.000,0.000,0.000,0.000,0.000,0.000,0.008,-0.230
807.01,0.106,0,0.594,0.470,1,0.000,0.000,0.000,0.000,0.000,0.000,0.013,-0.226
807.21,0.424,0,0.594,0.470,1,0.000,0.000,0.000,0.000,0.000,0.000,0.018,-0.224
807.41,0.106,0,0.581,0.470,1,0.000,0.000,0.000,0.000,0.000,0.000,0.025,-0.225
807.61,0.106,0,0.581,0.470,1,0.000,0.000,0.000,0.000,0.000,0.000,0.024,-0.227
807.81,0.106,0,0.581,0.470,1,0.000,0.000,0.000,0.000,0.000,0.000,0.023,-0.234
808.01,0.105,0,0.581,0.471,1,0.000,0.000,0.000,0.000,0.000,0.000,0.013,-0.227
808.21,0.106,0,0.581,0.471,1,0.000,0.000,0.000,0.000,0.000,0.000,0.022,-0.235
808.41,0.424,0,0.588,0.470,1,0.000,0.000,0.000,0.000,0.000,0.000,0.015,-0.220
808.61,0.424,0,0.588,0.470,1,0.000,0.000,0.000,0.000,0.000,0.000,0.005,-0.228
808.81,0.424,0,0.588,0.470,1,0.000,0.000,0.000,0.000,0.000,0.000,0.016,-0.237
809.01,0.423,0,0.581,0.472,1,0.000,0.000,0.000,0.000,0.000,0.000,0.028,-0.257
809.21,0.106,0,0.581,0.472,1,0.000,0.000,0.000,0.000,0.000,0.000,0.008,-0.236
809.41,0.108,0,0.580,0.471,1,0.000,0.000,0.000,0.000,0.000,0.000,-0.006,-0.226
809.61,0.106,0,0.580,0.471,1,0.000,0.000,0.000,0.000,0.000,0.000,0.003,-0.229
809.81,0.432,0,0.580,0.471,1,0.000,0.000,0.000,0.000,0.000,0.000,0.014,-0.231
810.01,0.108,0,0.581,0.470,1,0.000,0.000,0.000,0.000,0.000,0.000,0.012,-0.243
810.21,0.105,0,0.581,0.470,1,0.000,0.000,0.000,0.000,0.000,0.000,0.005,-0.221
810.41,0.108,0,0.582,0.471,1,0.000,0.000,0.000,0.000,0.000,0.000,0.008,-0.224
810.61,0.108,0,0.582,0.471,1,0.000,0.000,0.000,0.000,0.000,0.000,0.025,-0.251
810.81,0.424,0,0.582,0.471,1,0.000,0.000,0.000,0.000,0.000,0.000,0.015,-0.234
811.01,0.105,0,0.569,0.471,1,0.000,0.000,0.000,0.000,0.000,0.000,-0.001,-0.220
811.21,0.424,0,0.569,0.471,1,0.000,0.000,0.000,0.000,0.000,0.000,0.026,-0.262
811.41,0.423,0,0.564,0.471,1,0.000,0.000,0.000,0.000,0.000,0.000,0.042,-0.282
811.61,0.105,0,0.564,0.471,1,0.000,0.000,0.000,0.000,0.000,0.000,0.012,-0.244
811.81,0.106,0,0.564,0.471,1,0.000,0.000,0.000,0.000,0.000,0.000,0.003,-0.222
812.01,0.106,0,0.562,0.470,1,0.000,0.000,0.000,0.000,0.000,0.000,0.008,-0.216
812.21,0.105,0,0.562,0.470,1,0.000,0.000,0.000,0.000,0.000,0.000,0.012,-0.229
812.41,0.108,0,0.562,0.471,1,0.000,0.000,0.000,0.000,0.000,0.000,0.014,-0.245
812.61,0.108,0,0.562,0.471,1,0.000,0.000,0.000,0.000,0.000,0.000,0.012,-0.226
812.81,0.424,0,0.562,0.471,1,0.000,0.000,0.000,0.000,0.000,0.000,0.013,-0.223
813.01,0.105,0,0.569,0.471,1,0.000,0.000,0.000,0.000,0.000,0.000,0.010,-0.227
813.21,0.424,0,0.569,0.471,1,0.000,0.000,0.000,0.000,0.000,0.000,0.006,-0.239
813.41,0.424,0,0.626,0.470,1,0.000,0.000,0.000,0.000,0.000,0.000,0.015,-0.231
813.61,0.424,0,0.626,0.470,1,0.000,0.000,0.000,0.000,0.000,0.000,0.014,-0.212
813.81,0.108,0,0.626,0.470,1,0.000,0.000,0.000,0.000,0.000,0.000,0.013,-0.210
814.01,0.423,0,0.832,0.471,0,0.000,0.000,0.000,0.000,0.000,0.000,0.003,-0.207
814.21,0.105,0,0.832,0.471,0,0.000,0.000,0.000,0.000,0.000,0.000,0.005,-0.205
814.41,0.108,0,0.835,0.472,0,0.000,0.000,0.000,0.000,0.000,0.000,0.022,-0.229
814.61,0.108,0,0.835,0.472,0,0.000,0.000,0.000,0.000,0.000,0.000,0.021,-0.216
814.81,0.106,0,0.835,0.472,0,0.000,0.000,0.000,0.000,0.000,0.000,0.001,-0.189
815.01,0.105,0,0.871,0.470,0,0.000,0.000,0.000,0.000,0.000,0.000,0.000,-0.197
815.21,0.108,0,0.871,0.470,0,0.000,0.000,0.000,0.000,0.000,0.000,0.022,-0.224
815.41,0.105,0,0.879,0.471,0,0.000,0.000,0.000,0.000,0.000,0.000,0.015,-0.221
815.61,0.108,0,0.879,0.471,0,0.000,0.000,0.000,0.000,0.000,0.000,0.021,-0.240
815.81,0.424,0,0.879,0.471,0,0.000,0.000,0.000,0.000,0.000,0.000,0.029,-0.243
816.01,0.106,0,0.851,0.471,0,0.000,0.000,0.000,0.000,0.000,0.000,0.024,-0.222
816.21,0.108,0,0.851,0.471,0,0.000,0.000,0.000,0.000,0.000,0.000,0.007,-0.217
816.41,0.423,0,0.864,0.471,0,0.000,0.000,0.000,0.000,0.000,0.000,0.007,-0.231
816.61,0.106,0,0.864,0.471,0,0.000,0.000,0.000,0.000,0.000,0.000,0.017,-0.227
816.81,0.106,0,0.864,0.471,0,0.000,0.000,0.000,0.000,0.000,0.000,0.024,-0.219
817.01,0.106,0,0.853,0.471,0,0.000,0.000,0.000,0.000,0.000,0.000,0.009,-0.200
817.21,0.105,0,0.853,0.471,0,0.000,0.000,0.000,0.000,0.000,0.000,0.004,-0.206
817.41,0.424,0,0.850,0.471,0,0.000,0.000,0.000,0.000,0.000,0.000,0.028,-0.240
817.61,0.108,0,0.850,0.471,0,0.000,0.000,0.000,0.000,0.000,0.000,0.038,-0.241
817.81,0.106,0,0.850,0.471,0,0.000,0.000,0.000,0.000,0.000,0.000,0.020,-0.196
818.01,0.105,0,0.867,0.471,0,0.000,0.000,0.000,0.000,0.000,0.000,0.009,-0.186
818.21,0.105,0,0.867,0.471,0,0.000,0.000,0.000,0.000,0.000,0.000,0.011,-0.229
818.41,0.105,0,0.862,0.471,0,0.000,0.000,0.000,0.000,0.000,0.000,0.013,-0.232
818.61,0.108,0,0.862,0.471,0,0.000,0.000,0.000,0.000,0.000,0.000,0.021,-0.217
818.81,0.105,0,0.862,0.471,0,0.000,0.000,0.000,0.000,0.000,0.000,0.019,-0.207
819.01,0.108,0,0.860,0.472,0,0.000,0.000,0.000,0.000,0.000,0.000,0.021,-0.223
819.21,0.106,0,0.860,0.472,0,0.000,0.000,0.000,0.000,0.000,0.000,0.024,-0.225
819.41,0.105,0,0.872,0.470,0,0.000,0.000,0.000,0.000,0.000,0.000,0.016,-0.212
819.61,0.424,0,0.872,0.470,0,0.000,0.000,0.000,0.000,0.000,0.000,0.014,-0.220
819.81,0.424,0,0.872,0.470,0,0.000,0.000,0.000,0.000,0.000,0.000,0.020,-0.225
820.01,0.106,0,0.868,0.471,0,0.000,0.000,0.000,0.000,0.000,0.000,0.026,-0.228
820.21,0.424,0,0.868,0.471,0,0.000,0.000,0.000,0.000,0.000,0.000,0.024,-0.219
820.41,0.108,0,0.866,0.471,0,0.000,0.000,0.000,0.000,0.000,0.000,0.029,-0.227
820.61,0.105,0,0.866,0.471,0,0.000,0.000,0.000,0.000,0.000,0.000,0.017,-0.215
820.81,0.108,0,0.866,0.471,0,0.000,0.000,0.000,0.000,0.000,0.000,0.018,-0.221
821.01,0.105,0,0.872,0.471,0,0.000,0.000,0.000,0.000,0.000,0.000,0.020,-0.222
821.21,0.105,0,0.872,0.471,0,0.000,0.000,0.000,0.000,0.000,0.000,0.012,-0.215
821.41,0.108,0,0.865,0.472,0,0.000,0.000,0.000,0.000,0.000,0.000,0.016,-0.212
821.61,0.108,0,0.865,0.472,0,0.000,0.000,0.000,0.000,0.000,0.000,0.025,-0.238
821.81,0.106,0,0.865,0.472,0,0.000,0.000,0.000,0.000,0.000,0.000,0.025,-0.228
822.01,0.424,0,0.873,0.470,0,0.000,0.000,0.000,0.000,0.000,0.000,0.013,-0.204
822.21,0.106,0,0.873,0.470,0,0.000,0.000,0.000,0.000,0.000,0.000,0.012,-0.202
822.41,0.105,0,0.873,0.471,0,0.000,0.000,0.000,0.000,0.000,0.000,0.007,-0.206
822.61,0.106,0,0.873,0.471,0,0.000,0.000,0.000,0.000,0.000,0.000,0.011,-0.207
822.81,0.424,0,0.873,0.471,0,0.000,0.000,0.000,0.000,0.000,0.000,0.015,-0.214
823.01,0.421,0,0.785,0.470,0,0.000,0.000,0.000,0.000,0.000,0.000,0.025,-0.228
823.21,0.424,0,0.785,0.470,0,0.000,0.000,0.000,0.000,0.000,0.000,0.024,-0.201
823.41,0.108,0,0.782,0.472,0,0.000,0.000,0.000,0.000,0.000,0.000,0.028,-0.206
823.61,0.424,0,0.782,0.472,0,0.000,0.000,0.000,0.000,0.000,0.000,0.033,-0.225
823.81,0.424,0,0.782,0.472,0,0.000,0.000,0.000,0.000,0.000,0.000,0.025,-0.217
824.01,0.105,0,0.763,0.472,0,0.000,0.000,0.000,0.000,0.000,0.000,0.026,-0.216
824.21,0.424,0,0.763,0.472,0,0.000,0.000,0.000,0.000,0.000,0.000,0.037,-0.226
824.41,0.424,0,0.774,0.472,0,0.000,0.000,0.000,0.000,0.000,0.000,0.037,-0.233
824.61,0.108,0,0.774,0.472,0,0.000,0.000,0.000,0.000,0.000,0.000,0.030,-0.228
824.81,0.424,0,0.774,0.472,0,0.000,0.000,0.000,0.000,0.000,0.000,0.030,-0.212
825.01,0.483,0,0.791,0.472,0,0.000,0.000,0.000,0.000,0.000,0.000,0.026,-0.213
825.21,0.108,0,0.791,0.472,0,0.000,0.000,0.000,0.000,0.000,0.000,0.029,-0.230
825.41,0.105,0,0.791,0.472,0,0.000,0.000,0.000,0.000,0.000,0.000,0.025,-0.220
825.61,0.483,0,0.791,0.472,0,0.000,0.000,0.000,0.000,0.000,0.000,0.023,-0.217
825.81,0.108,0,0.791,0.472,0,0.000,0.000,0.000,0.000,0.000,0.000,0.031,-0.232
826.01,0.106,0,0.793,0.472,0,0.000,0.000,0.000,0.000,0.000,0.000,0.050,-0.240
826.21,0.105,0,0.793,0.472,0,0.000,0.000,0.000,0.000,0.000,0.000,0.043,-0.228
826.41,0.108,0,0.790,0.472,0,0.000,0.000,0.000,0.000,0.000,0.000,0.023,-0.227
826.61,0.106,0,0.790,0.472,0,0.000,0.000,0.000,0.000,0.000,0.000,0.038,-0.232
826.81,0.105,0,0.790,0.472,0,0.000,0.000,0.000,0.000,0.000,0.000,0.036,-0.226
827.01,0.105,0,0.791,0.473,0,0.000,0.000,0.000,0.000,0.000,0.000,0.025,-0.216
827.21,0.424,0,0.791,0.473,0,0.000,0.000,0.000,0.000,0.000,0.000,0.029,-0.215
827.41,0.424,0,0.790,0.472,0,0.000,0.000,0.000,0.000,0.000,0.000,0.035,-0.221
827.61,0.108,0,0.790,0.472,0,0.000,0.000,0.000,0.000,0.000,0.000,0.044,-0.226
827.81,0.424,0,0.790,0.472,0,0.000,0.000,0.000,0.000,0.000,0.000,0.026,-0.203
828.01,0.424,0,0.786,0.472,0,0.000,0.000,0.000,0.000,0.000,0.000,0.016,-0.205
828.21,0.106,0,0.786,0.472,0,0.000,0.000,0.000,0.000,0.000,0.000,0.037,-0.226
828.41,0.424,0,0.786,0.472,0,0.000,0.000,0.000,0.000,0.000,0.000,0.044,-0.219
828.61,0.421,0,0.786,0.472,0,0.000,0.000,0.000,0.000,0.000,0.000,0.032,-0.219
828.81,0.106,0,0.786,0.472,0,0.000,0.000,0.000,0.000,0.000,0.000,0.021,-0.200
829.01,0.424,0,0.791,0.472,0,0.000,0.000,0.000,0.000,0.000,0.000,0.020,-0.200
829.21,0.108,0,0.791,0.472,0,0.000,0.000,0.000,0.000,0.000,0.000,0.028,-0.223
829.41,0.106,0,0.791,0.473,0,0.000,0.000,0.000,0.000,0.000,0.000,0.018,-0.204
829.61,0.105,0,0.791,0.473,0,0.000,0.000,0.000,0.000,0.000,0.000,0.007,-0.187
829.81,0.431,0,0.791,0.473,0,0.000,0.000,0.000,0.000,0.000,0.000,0.017,-0.220
830.01,0.105,0,0.790,0.472,0,0.000,0.000,0.000,0.000,0.000,0.000,0.029,-0.231
830.21,0.108,0,0.790,0.472,0,0.000,0.000,0.000,0.000,0.000,0.000,0.027,-0.221
830.41,0.106,0,0.793,0.472,0,0.000,0.000,0.000,0.000,0.000,0.000,0.028,-0.206
830.61,0.105,0,0.793,0.472,0,0.000,0.000,0.000,0.000,0.000,0.000,0.017,-0.205
830.81,0.424,0,0.793,0.472,0,0.000,0.000,0.000,0.000,0.000,0.000,0.017,-0.217
831.01,0.105,0,0.789,0.472,0,0.000,0.000,0.000,0.000,0.000,0.000,0.029,-0.216
831.21,0.108,0,0.789,0.472,0,0.000,0.000,0.000,0.000,0.000,0.000,0.035,-0.230
831.41,0.424,0,0.790,0.472,0,0.000,0.000,0.000,0.000,0.000,0.000,0.032,-0.225
831.61,0.105,0,0.790,0.472,0,0.000,0.000,0.000,0.000,0.000,0.000,0.014,-0.219
831.81,0.424,0,0.790,0.472,0,0.000,0.000,0.000,0.000,0.000,0.000,0.022,-0.229
832.01,0.108,0,0.788,0.472,0,0.000,0.000,0.000,0.000,0.000,0.000,0.040,-0.238
832.21,0.105,0,0.788,0.472,0,0.000,0.000,0.000,0.000,0.000,0.000,0.026,-0.222
832.41,0.108,0,0.789,0.472,0,0.000,0.000,0.000,0.000,0.000,0.000,0.019,-0.222
832.61,0.106,0,0.789,0.472,0,0.000,0.000,0.000,0.000,0.000,0.000,0.024,-0.221
832.81,0.105,0,0.789,0.472,0,0.000,0.000,0.000,0.000,0.000,0.000,0.019,-0.209
833.01,0.424,0,0.787,0.472,0,0.000,0.000,0.000,0.000,0.000,0.000,0.018,-0.209
833.21,0.105,0,0.787,0.472,0,0.000,0.000,0.000,0.000,0.000,0.000,0.019,-0.214
833.41,0.106,0,0.790,0.472,0,0.000,0.000,0.000,0.000,0.000,0.000,0.019,-0.216
833.61,0.108,0,0.790,0.472,0,0.000,0.000,0.000,0.000,0.000,0.000,0.016,-0.209
833.81,0.424,0,0.790,0.472,0,0.000,0.000,0.000,0.000,0.000,0.000,0.015,-0.201
834.01,0.421,0,0.787,0.472,0,0.000,0.000,0.000,0.000,0.000,0.000,0.027,-0.217
834.21,0.106,0,0.787,0.472,0,0.000,0.000,0.000,0.000,0.000,0.000,0.028,-0.203
834.41,0.424,0,0.786,0.472,0,0.000,0.000,0.000,0.000,0.000,0.000,0.019,-0.190
834.61,0.108,0,0.786,0.472,0,0.000,0.000,0.000,0.000,0.000,0.000,0.029,-0.214
834.81,0.105,0,0.786,0.472,0,0.000,0.000,0.000,0.000,0.000,0.000,0.022,-0.201
835.01,0.105,0,0.786,0.472,0,0.000,0.000,0.000,0.000,0.000,0.000,0.011,-0.192
835.21,0.108,0,0.786,0.472,0,0.000,0.000,0.000,0.000,0.000,0.000,0.037,-0.215
835.41,0.108,0,0.786,0.472,0,0.000,0.000,0.000,0.000,0.000,0.000,0.044,-0.223
835.61,0.108,0,0.786,0.472,0,0.000,0.000,0.000,0.000,0.000,0.000,0.028,-0.202
835.81,0.421,0,0.786,0.472,0,0.000,0.000,0.000,0.000,0.000,0.000,0.033,-0.199
836.01,0.426,0,0.785,0.472,0,0.000,0.000,0.000,0.000,0.000,0.000,0.029,-0.209
836.21,0.105,0,0.785,0.472,0,0.000,0.000,0.000,0.000,0.000,0.000,0.028,-0.210
836.41,0.106,0,0.785,0.472,0,0.000,0.000,0.000,0.000,0.000,0.000,0.035,-0.206
836.61,0.105,0,0.785,0.472,0,0.000,0.000,0.000,0.000,0.000,0.000,0.026,-0.197
836.81,0.105,0,0.785,0.472,0,0.000,0.000,0.000,0.000,0.000,0.000,0.022,-0.201
837.01,0.108,0,0.787,0.472,0,0.000,0.000,0.000,0.000,0.000,0.000,0.038,-0.230
837.21,0.108,0,0.787,0.472,0,0.000,0.000,0.000,0.000,0.000,0.000,0.042,-0.230
837.41,0.424,0,0.786,0.472,0,0.000,0.000,0.000,0.000,0.000,0.000,0.031,-0.221
837.61,0.105,0,0.786,0.472,0,0.000,0.000,0.000,0.000,0.000,0.000,0.022,-0.210
837.81,0.105,0,0.786,0.472,0,0.000,0.000,0.000,0.000,0.000,0.000,0.021,-0.204
838.01,0.105,0,0.785,0.472,0,0.000,0.000,0.000,0.000,0.000,0.000,0.024,-0.198
838.21,0.105,0,0.785,0.472,0,0.000,0.000,0.000,0.000,0.000,0.000,0.026,-0.210
838.41,0.424,0,0.786,0.472,0,0.000,0.000,0.000,0.000,0.000,0.000,0.030,-0.219
838.61,0.105,0,0.786,0.472,0,0.000,0.000,0.000,0.000,0.000,0.000,0.036,-0.208
838.81,0.106,0,0.786,0.472,0,0.000,0.000,0.000,0.000,0.000,0.000,0.035,-0.206
839.01,0.105,0,0.785,0.472,0,0.000,0.000,0.000,0.000,0.000,0.000,0.034,-0.205
839.21,0.108,0,0.785,0.472,0,0.000,0.000,0.000,0.000,0.000,0.000,0.039,-0.209
839.41,0.424,0,0.785,0.472,0,0.000,0.000,0.000,0.000,0.000,0.000,0.029,-0.200
839.61,0.105,0,0.785,0.472,0,0.000,0.000,0.000,0.000,0.000,0.000,0.026,-0.198
839.81,0.424,0,0.785,0.472,0,0.000,0.000,0.000,0.000,0.000,0.000,0.042,-0.222
840.01,0.108,0,0.786,0.472,0,0.000,0.000,0.000,0.000,0.000,0.000,0.043,-0.228
840.21,0.424,0,0.786,0.472,0,0.000,0.000,0.000,0.000,0.000,0.000,0.030,-0.202
840.41,0.106,0,0.788,0.472,0,0.000,0.000,0.000,0.000,0.000,0.000,0.036,-0.196
840.61,0.501,0,0.788,0.472,0,0.000,0.000,0.000,0.000,0.000,0.000,0.039,-0.204
840.81,0.108,0,0.788,0.472,0,0.000,0.000,0.000,0.000,0.000,0.000,0.040,-0.218
841.01,0.105,0,0.788,0.472,0,0.000,0.000,0.000,0.000,0.000,0.000,0.034,-0.199
841.21,0.424,0,0.788,0.472,0,0.000,0.000,0.000,0.000,0.000,0.000,0.031,-0.201
841.41,0.105,0,0.793,0.472,0,0.000,0.000,0.000,0.000,0.000,0.000,0.031,-0.222
841.61,0.424,0,0.793,0.472,0,0.000,0.000,0.000,0.000,0.000,0.000,0.028,-0.224
841.81,0.105,0,0.793,0.472,0,0.000,0.000,0.000,0.000,0.000,0.000,0.036,-0.213
842.01,0.105,0,0.786,0.472,0,0.000,0.000,0.000,0.000,0.000,0.000,0.022,-0.197
842.21,0.108,0,0.786,0.472,0,0.000,0.000,0.000,0.000,0.000,0.000,0.028,-0.207
842.41,0.424,0,0.794,0.472,0,0.000,0.000,0.000,0.000,0.000,0.000,0.032,-0.197
842.61,0.424,0,0.794,0.472,0,0.000,0.000,0.000,0.000,0.000,0.000,0.035,-0.204
842.81,0.108,0,0.794,0.472,0,0.000,0.000,0.000,0.000,0.000,0.000,0.039,-0.242
843.01,0.108,0,0.787,0.472,0,0.000,0.000,0.000,0.000,0.000,0.000,0.029,-0.254
843.21,0.106,0,0.787,0.472,0,0.000,0.000,0.000,0.000,0.000,0.000,0.024,-0.247
843.41,0.106,0,0.783,0.472,0,0.000,0.000,0.000,0.000,0.000,0.000,0.031,-0.240
843.61,0.105,0,0.783,0.472,0,0.000,0.000,0.000,0.000,0.000,0.000,0.029,-0.241
843.81,0.105,0,0.783,0.472,0,0.000,0.000,0.000,0.000,0.000,0.000,0.028,-0.245
844.01,0.106,0,0.778,0.472,0,0.000,0.000,0.000,0.000,0.000,0.000,0.039,-0.226
844.21,0.106,0,0.778,0.472,0,0.000,0.000,0.000,0.000,0.000,0.000,0.030,-0.194
844.41,0.424,0,0.730,0.472,0,0.000,0.000,0.000,0.000,0.000,0.000,0.016,-0.193
844.61,0.106,0,0.730,0.472,0,0.000,0.000,0.000,0.000,0.000,0.000,0.022,-0.216
844.81,0.106,0,0.730,0.472,0,0.000,0.000,0.000,0.000,0.000,0.000,0.030,-0.228
845.01,0.424,0,0.718,0.472,0,0.000,0.000,0.000,0.000,0.000,0.000,0.025,-0.206
845.21,0.105,0,0.718,0.472,0,0.000,0.000,0.000,0.000,0.000,0.000,0.018,-0.216
845.41,0.424,0,0.723,0.472,0,0.000,0.000,0.000,0.000,0.000,0.000,0.011,-0.212
845.61,0.424,0,0.723,0.472,0,0.000,0.000,0.000,0.000,0.000,0.000,0.019,-0.227
845.81,0.108,0,0.723,0.472,0,0.000,0.000,0.000,0.000,0.000,0.000,0.035,-0.225
846.01,0.424,0,0.723,0.473,0,0.000,0.000,0.000,0.000,0.000,0.000,0.033,-0.202
846.21,0.105,0,0.723,0.473,0,0.000,0.000,0.000,0.000,0.000,0.000,0.017,-0.190
846.41,0.424,0,0.724,0.472,0,0.000,0.000,0.000,0.000,0.000,0.000,0.021,-0.209
846.61,0.106,0,0.724,0.472,0,0.000,0.000,0.000,0.000,0.000,0.000,0.037,-0.221
846.81,0.108,0,0.724,0.472,0,0.000,0.000,0.000,0.000,0.000,0.000,0.040,-0.225
847.01,0.105,0,0.725,0.472,0,0.000,0.000,0.000,0.000,0.000,0.000,0.031,-0.220
847.21,0.105,0,0.725,0.472,0,0.000,0.000,0.000,0.000,0.000,0.000,0.030,-0.224
847.41,0.421,0,0.726,0.472,0,0.000,0.000,0.000,0.000,0.000,0.000,0.031,-0.227
847.61,0.106,0,0.726,0.472,0,0.000,0.000,0.000,0.000,0.000,0.000,0.024,-0.213
847.81,0.424,0,0.726,0.472,0,0.000,0.000,0.000,0.000,0.000,0.000,0.019,-0.223
848.01,0.423,0,0.725,0.472,0,0.000,0.000,0.000,0.000,0.000,0.000,0.034,-0.248
848.21,0.106,0,0.725,0.472,0,0.000,0.000,0.000,0.000,0.000,0.000,0.028,-0.234
848.41,0.106,0,0.725,0.472,0,0.000,0.000,0.000,0.000,0.000,0.000,0.020,-0.222
848.61,0.424,0,0.725,0.472,0,0.000,0.000,0.000,0.000,0.000,0.000,0.028,-0.228
848.81,0.108,0,0.725,0.472,0,0.000,0.000,0.000,0.000,0.000,0.000,0.042,-0.252
849.01,0.108,0,0.724,0.473,0,0.000,0.000,0.000,0.000,0.000,0.000,0.037,-0.238
849.21,0.108,0,0.724,0.473,0,0.000,0.000,0.000,0.000,0.000,0.000,0.028,-0.228
849.41,0.108,0,0.725,0.473,0,0.000,0.000,0.000,0.000,0.000,0.000,0.034,-0.230
849.61,0.108,0,0.725,0.473,0,0.000,0.000,0.000,0.000,0.000,0.000,0.038,-0.235
849.81,0.106,0,0.725,0.473,0,0.000,0.000,0.000,0.000,0.000,0.000,0.028,-0.223
850.01,0.105,0,0.733,0.473,0,0.000,0.000,0.000,0.000,0.000,0.000,0.017,-0.218
850.21,0.108,0,0.733,0.473,0,0.000,0.000,0.000,0.000,0.000,0.000,0.035,-0.241
850.41,0.108,0,0.725,0.472,0,0.000,0.000,0.000,0.000,0.000,0.000,0.044,-0.236
850.61,0.424,0,0.725,0.472,0,0.000,0.000,0.000,0.000,0.000,0.000,0.035,-0.216
850.81,0.106,0,0.725,0.472,0,0.000,0.000,0.000,0.000,0.000,0.000,0.026,-0.218
851.01,0.108,0,0.725,0.472,0,0.000,0.000,0.000,0.000,0.000,0.000,0.037,-0.234
851.21,0.424,0,0.725,0.472,0,0.000,0.000,0.000,0.000,0.000,0.000,0.032,-0.218
851.41,0.426,0,0.725,0.473,0,0.000,0.000,0.000,0.000,0.000,0.000,0.028,-0.224
851.61,0.105,0,0.725,0.473,0,0.000,0.000,0.000,0.000,0.000,0.000,0.021,-0.224
851.81,0.106,0,0.725,0.473,0,0.000,0.000,0.000,0.000,0.000,0.000,0.027,-0.227
852.01,0.424,0,0.729,0.473,0,0.000,0.000,0.000,0.000,0.000,0.000,0.035,-0.225
852.21,0.106,0,0.729,0.473,0,0.000,0.000,0.000,0.000,0.000,0.000,0.028,-0.209
852.41,0.105,0,0.726,0.473,0,0.000,0.000,0.000,0.000,0.000,0.000,0.021,-0.210
852.61,0.105,0,0.726,0.473,0,0.000,0.000,0.000,0.000,0.000,0.000,0.019,-0.221
852.81,0.424,0,0.726,0.473,0,0.000,0.000,0.000,0.000,0.000,0.000,0.037,-0.237
853.01,0.105,0,0.725,0.472,0,0.000,0.000,0.000,0.000,0.000,0.000,0.029,-0.220
853.21,0.105,0,0.725,0.472,0,0.000,0.000,0.000,0.000,0.000,0.000,0.015,-0.223
853.41,0.424,0,0.730,0.472,0,0.000,0.000,0.000,0.000,0.000,0.000,0.031,-0.236
853.61,0.421,0,0.730,0.472,0,0.000,0.000,0.000,0.000,0.000,0.000,0.045,-0.229
853.81,0.106,0,0.730,0.472,0,0.000,0.000,0.000,0.000,0.000,0.000,0.036,-0.210
854.01,0.424,0,0.726,0.473,0,0.000,0.000,0.000,0.000,0.000,0.000,0.029,-0.212
854.21,0.426,0,0.726,0.473,0,0.000,0.000,0.000,0.000,0.000,0.000,0.037,-0.219
854.41,0.106,0,0.735,0.472,0,0.000,0.000,0.000,0.000,0.000,0.000,0.044,-0.205
854.61,0.426,0,0.735,0.472,0,0.000,0.000,0.000,0.000,0.000,0.000,0.042,-0.202
854.81,0.105,0,0.735,0.472,0,0.000,0.000,0.000,0.000,0.000,0.000,0.019,-0.206
855.01,0.424,0,0.729,0.472,0,0.000,0.000,0.000,0.000,0.000,0.000,0.016,-0.202
855.21,0.421,0,0.729,0.472,0,0.000,0.000,0.000,0.000,0.000,0.000,0.041,-0.221
855.41,0.105,0,0.735,0.473,0,0.000,0.000,0.000,0.000,0.000,0.000,0.038,-0.218
855.61,0.106,0,0.735,0.473,0,0.000,0.000,0.000,0.000,0.000,0.000,0.031,-0.210
855.81,0.105,0,0.735,0.473,0,0.000,0.000,0.000,0.000,0.000,0.000,0.026,-0.205
856.01,0.105,0,0.735,0.472,0,0.000,0.000,0.000,0.000,0.000,0.000,0.025,-0.217
856.21,0.108,0,0.735,0.472,0,0.000,0.000,0.000,0.000,0.000,0.000,0.032,-0.230
856.41,0.105,0,0.733,0.472,0,0.000,0.000,0.000,0.000,0.000,0.000,0.035,-0.220
856.61,0.108,0,0.733,0.472,0,0.000,0.000,0.000,0.000,0.000,0.000,0.035,-0.233
856.81,0.106,0,0.733,0.472,0,0.000,0.000,0.000,0.000,0.000,0.000,0.025,-0.233
857.01,0.105,0,0.737,0.472,0,0.000,0.000,0.000,0.000,0.000,0.000,0.015,-0.221
857.21,0.424,0,0.737,0.472,0,0.000,0.000,0.000,0.000,0.000,0.000,0.029,-0.229
857.41,0.424,0,0.736,0.473,0,0.000,0.000,0.000,0.000,0.000,0.000,0.040,-0.241
857.61,0.424,0,0.736,0.473,0,0.000,0.000,0.000,0.000,0.000,0.000,0.036,-0.246
857.81,0.424,0,0.736,0.473,0,0.000,0.000,0.000,0.000,0.000,0.000,0.033,-0.234
858.01,0.106,0,0.735,0.473,0,0.000,0.000,0.000,0.000,0.000,0.000,0.028,-0.229
858.21,0.424,0,0.735,0.473,0,0.000,0.000,0.000,0.000,0.000,0.000,0.037,-0.245
858.41,0.424,0,0.733,0.472,0,0.000,0.000,0.000,0.000,0.000,0.000,0.037,-0.242
858.61,0.108,0,0.733,0.472,0,0.000,0.000,0.000,0.000,0.000,0.000,0.034,-0.229
858.81,0.424,0,0.733,0.472,0,0.000,0.000,0.000,0.000,0.000,0.000,0.033,-0.215
859.01,0.106,0,0.734,0.472,0,0.000,0.000,0.000,0.000,0.000,0.000,0.025,-0.217
859.21,0.424,0,0.734,0.472,0,0.000,0.000,0.000,0.000,0.000,0.000,0.029,-0.227
859.41,0.424,0,0.736,0.473,0,0.000,0.000,0.000,0.000,0.000,0.000,0.044,-0.243
859.61,0.105,0,0.736,0.473,0,0.000,0.000,0.000,0.000,0.000,0.000,0.034,-0.237
859.81,0.108,0,0.736,0.473,0,0.000,0.000,0.000,0.000,0.000,0.000,0.035,-0.233
860.01,0.105,0,0.742,0.472,0,0.000,0.000,0.000,0.000,0.000,0.000,0.034,-0.217
860.21,0.105,0,0.742,0.472,0,0.000,0.000,0.000,0.000,0.000,0.000,0.023,-0.218
860.41,0.105,0,0.738,0.473,0,0.000,0.000,0.000,0.000,0.000,0.000,0.023,-0.227
860.61,0.501,0,0.738,0.473,0,0.000,0.000,0.000,0.000,0.000,0.000,0.036,-0.231
860.81,0.424,0,0.738,0.473,0,0.000,0.000,0.000,0.000,0.000,0.000,0.034,-0.237
861.01,0.108,0,0.862,0.472,0,0.000,0.000,0.000,0.000,0.000,0.000,0.034,-0.244
861.21,0.105,0,0.862,0.472,0,0.000,0.000,0.000,0.000,0.000,0.000,0.025,-0.220
861.41,0.108,0,0.890,0.470,0,0.000,0.000,0.000,0.000,0.000,0.000,0.031,-0.235
861.61,0.108,0,0.890,0.470,0,0.000,0.000,0.000,0.000,0.000,0.000,0.031,-0.241
861.81,0.105,0,0.890,0.470,0,0.000,0.000,0.000,0.000,0.000,0.000,0.011,-0.215
862.01,0.423,0,0.899,0.471,0,0.000,0.000,0.000,0.000,0.000,0.000,0.018,-0.227
862.21,0.105,0,0.899,0.471,0,0.000,0.000,0.000,0.000,0.000,0.000,0.021,-0.230
862.41,0.424,0,0.896,0.470,0,0.000,0.000,0.000,0.000,0.000,0.000,0.013,-0.227
862.61,0.105,0,0.896,0.470,0,0.000,0.000,0.000,0.000,0.000,0.000,0.010,-0.234
862.81,0.424,0,0.896,0.470,0,0.000,0.000,0.000,0.000,0.000,0.000,0.022,-0.230
863.01,0.424,0,0.887,0.470,0,0.000,0.000,0.000,0.000,0.000,0.000,0.033,-0.234
863.21,0.424,0,0.887,0.470,0,0.000,0.000,0.000,0.000,0.000,0.000,0.039,-0.241
863.41,0.426,0,0.886,0.473,0,0.000,0.000,0.000,0.000,0.000,0.000,0.028,-0.226
863.61,0.105,0,0.886,0.473,0,0.000,0.000,0.000,0.000,0.000,0.000,-0.001,-0.203
863.81,0.108,0,0.886,0.473,0,0.000,0.000,0.000,0.000,0.000,0.000,0.014,-0.211
864.01,0.106,0,0.879,0.479,0,0.000,0.000,0.000,0.000,0.000,0.000,0.019,-0.198
864.21,0.105,0,0.879,0.479,0,0.000,0.000,0.000,0.000,0.000,0.000,0.005,-0.210
864.41,0.108,0,0.876,0.480,0,0.000,0.000,0.000,0.000,0.000,0.000,0.001,-0.226
864.61,0.105,0,0.876,0.480,0,0.000,0.000,0.000,0.000,0.000,0.000,0.006,-0.209
864.81,0.106,0,0.876,0.480,0,0.000,0.000,0.000,0.000,0.000,0.000,0.013,-0.218
865.01,0.424,0,0.876,0.479,0,0.000,0.000,0.000,0.000,0.000,0.000,0.007,-0.228
865.21,0.108,0,0.876,0.479,0,0.000,0.000,0.000,0.000,0.000,0.000,0.021,-0.224
865.41,0.108,0,0.883,0.477,0,0.000,0.000,0.000,0.000,0.000,0.000,0.033,-0.217
865.61,0.105,0,0.883,0.477,0,0.000,0.000,0.000,0.000,0.000,0.000,0.017,-0.218
865.81,0.424,0,0.883,0.477,0,0.000,0.000,0.000,0.000,0.000,0.000,0.010,-0.218
866.01,0.106,0,0.881,0.478,0,0.000,0.000,0.000,0.000,0.000,0.000,0.023,-0.220
866.21,0.424,0,0.881,0.478,0,0.000,0.000,0.000,0.000,0.000,0.000,0.011,-0.220
866.41,0.105,0,0.884,0.481,0,0.000,0.000,0.000,0.000,0.000,0.000,-0.005,-0.191
866.61,0.424,0,0.884,0.481,0,0.000,0.000,0.000,0.000,0.000,0.000,-0.007,-0.180
866.81,0.424,0,0.884,0.481,0,0.000,0.000,0.000,0.000,0.000,0.000,0.012,-0.210
867.01,0.424,0,0.888,0.478,0,0.000,0.000,0.000,0.000,0.000,0.000,0.009,-0.201
867.21,0.105,0,0.888,0.478,0,0.000,0.000,0.000,0.000,0.000,0.000,-0.002,-0.167
867.41,0.424,0,0.900,0.478,0,0.000,0.000,0.000,0.000,0.000,0.000,0.010,-0.174
867.61,0.424,0,0.900,0.478,0,0.000,0.000,0.000,0.000,0.000,0.000,0.013,-0.188
867.81,0.105,0,0.900,0.478,0,0.000,0.000,0.000,0.000,0.000,0.000,-0.005,-0.189
868.01,0.108,0,0.892,0.479,0,0.000,0.000,0.000,0.000,0.000,0.000,0.007,-0.198
868.21,0.106,0,0.892,0.479,0,0.000,0.000,0.000,0.000,0.000,0.000,0.018,-0.198
868.41,0.502,0,0.885,0.479,0,0.000,0.000,0.000,0.000,0.000,0.000,0.015,-0.196
868.61,0.108,0,0.885,0.479,0,0.000,0.000,0.000,0.000,0.000,0.000,0.001,-0.192
868.81,0.106,0,0.885,0.479,0,0.000,0.000,0.000,0.000,0.000,0.000,-0.001,-0.191
869.01,0.105,0,0.890,0.478,0,0.000,0.000,0.000,0.000,0.000,0.000,-0.002,-0.197
869.21,0.424,0,0.890,0.478,0,0.000,0.000,0.000,0.000,0.000,0.000,0.007,-0.209
869.41,0.501,0,0.885,0.480,0,0.000,0.000,0.000,0.000,0.000,0.000,0.028,-0.209
869.61,0.106,0,0.885,0.480,0,0.000,0.000,0.000,0.000,0.000,0.000,0.017,-0.194
869.81,0.108,0,0.885,0.480,0,0.000,0.000,0.000,0.000,0.000,0.000,0.002,-0.199
870.01,0.106,0,0.891,0.480,0,0.000,0.000,0.000,0.000,0.000,0.000,0.012,-0.207
870.21,0.108,0,0.891,0.480,0,0.000,0.000,0.000,0.000,0.000,0.000,0.021,-0.206
870.41,0.421,0,0.896,0.479,0,0.000,0.000,0.000,0.000,0.000,0.000,0.020,-0.202
870.61,0.108,0,0.896,0.479,0,0.000,0.000,0.000,0.000,0.000,0.000,0.007,-0.192
870.81,0.426,0,0.896,0.479,0,0.000,0.000,0.000,0.000,0.000,0.000,0.010,-0.190
871.01,0.106,0,0.892,0.478,0,0.000,0.000,0.000,0.000,0.000,0.000,0.014,-0.194
871.21,0.424,0,0.892,0.478,0,0.000,0.000,0.000,0.000,0.000,0.000,0.002,-0.194
871.41,0.424,0,0.897,0.480,0,0.000,0.000,0.000,0.000,0.000,0.000,0.006,-0.197
871.61,0.424,0,0.897,0.480,0,0.000,0.000,0.000,0.000,0.000,0.000,0.021,-0.197
871.81,0.424,0,0.897,0.480,0,0.000,0.000,0.000,0.000,0.000,0.000,0.025,-0.197
872.01,0.106,0,0.898,0.480,0,0.000,0.000,0.000,0.000,0.000,0.000,0.003,-0.182
872.21,0.424,0,0.898,0.480,0,0.000,0.000,0.000,0.000,0.000,0.000,-0.004,-0.184
872.41,0.502,0,0.895,0.480,0,0.000,0.000,0.000,0.000,0.000,0.000,0.020,-0.194
872.61,0.424,0,0.895,0.480,0,0.000,0.000,0.000,0.000,0.000,0.000,0.022,-0.202
872.81,0.502,0,0.895,0.480,0,0.000,0.000,0.000,0.000,0.000,0.000,-0.001,-0.203
873.01,0.424,0,0.888,0.479,0,0.000,0.000,0.000,0.000,0.000,0.000,-0.022,-0.192
873.21,0.105,0,0.888,0.479,0,0.000,0.000,0.000,0.000,0.000,0.000,-0.010,-0.186
873.41,0.424,0,0.890,0.479,0,0.000,0.000,0.000,0.000,0.000,0.000,0.016,-0.194
873.61,0.106,0,0.890,0.479,0,0.000,0.000,0.000,0.000,0.000,0.000,0.007,-0.192
873.81,0.105,0,0.890,0.479,0,0.000,0.000,0.000,0.000,0.000,0.000,-0.017,-0.183
874.01,0.105,0,0.895,0.478,0,0.000,0.000,0.000,0.000,0.000,0.000,-0.009,-0.192
874.21,0.108,0,0.895,0.478,0,0.000,0.000,0.000,0.000,0.000,0.000,0.018,-0.210
874.41,0.106,0,0.762,0.480,0,0.000,0.000,0.000,0.000,0.000,0.000,0.021,-0.208
874.61,0.424,0,0.762,0.480,0,0.000,0.000,0.000,0.000,0.000,0.000,0.007,-0.198
874.81,0.105,0,0.762,0.480,0,0.000,0.000,0.000,0.000,0.000,0.000,0.004,-0.198
875.01,0.108,0,0.776,0.479,0,0.000,0.000,0.000,0.000,0.000,0.000,0.008,-0.207
875.21,0.424,0,0.776,0.479,0,0.000,0.000,0.000,0.000,0.000,0.000,0.006,-0.216
875.41,0.106,0,0.902,0.477,0,0.000,0.000,0.000,0.000,0.000,0.000,-0.007,-0.203
875.61,0.108,0,0.902,0.477,0,0.000,0.000,0.000,0.000,0.000,0.000,-0.008,-0.204
875.81,0.424,0,0.902,0.477,0,0.000,0.000,0.000,0.000,0.000,0.000,0.004,-0.210
876.01,0.426,0,0.894,0.477,0,0.000,0.000,0.000,0.000,0.000,0.000,0.005,-0.201
876.21,0.105,0,0.894,0.477,0,0.000,0.000,0.000,0.000,0.000,0.000,-0.009,-0.190
876.41,0.424,0,0.901,0.477,0,0.000,0.000,0.000,0.000,0.000,0.000,-0.017,-0.209
876.61,0.105,0,0.901,0.477,0,0.000,0.000,0.000,0.000,0.000,0.000,-0.002,-0.217
876.81,0.424,0,0.901,0.477,0,0.000,0.000,0.000,0.000,0.000,0.000,-0.002,-0.209
877.01,0.106,0,0.899,0.480,0,0.000,0.000,0.000,0.000,0.000,0.000,-0.015,-0.187
877.21,0.421,0,0.899,0.480,0,0.000,0.000,0.000,0.000,0.000,0.000,-0.012,-0.209
877.41,0.108,0,0.902,0.480,0,0.000,0.000,0.000,0.000,0.000,0.000,-0.004,-0.228
877.61,0.424,0,0.902,0.480,0,0.000,0.000,0.000,0.000,0.000,0.000,-0.005,-0.204
877.81,0.108,0,0.902,0.480,0,0.000,0.000,0.000,0.000,0.000,0.000,0.005,-0.213
878.01,0.105,0,0.899,0.479,0,0.000,0.000,0.000,0.000,0.000,0.000,-0.006,-0.198
878.21,0.424,0,0.899,0.479,0,0.000,0.000,0.000,0.000,0.000,0.000,-0.010,-0.206
878.41,0.108,0,0.895,0.478,0,0.000,0.000,0.000,0.000,0.000,0.000,0.011,-0.230
878.61,0.108,0,0.895,0.478,0,0.000,0.000,0.000,0.000,0.000,0.000,0.019,-0.238
878.81,0.108,0,0.895,0.478,0,0.000,0.000,0.000,0.000,0.000,0.000,0.009,-0.218
879.01,0.108,0,0.896,0.480,0,0.000,0.000,0.000,0.000,0.000,0.000,-0.001,-0.216
879.21,0.108,0,0.896,0.480,0,0.000,0.000,0.000,0.000,0.000,0.000,0.005,-0.221
879.41,0.105,0,0.901,0.480,0,0.000,0.000,0.000,0.000,0.000,0.000,-0.012,-0.212
879.61,0.105,0,0.901,0.480,0,0.000,0.000,0.000,0.000,0.000,0.000,-0.024,-0.200
879.81,0.108,0,0.901,0.480,0,0.000,0.000,0.000,0.000,0.000,0.000,-0.008,-0.221
880.01,0.502,0,0.902,0.480,0,0.000,0.000,0.000,0.000,0.000,0.000,0.010,-0.230
880.21,0.426,0,0.902,0.480,0,0.000,0.000,0.000,0.000,0.000,0.000,-0.003,-0.207
880.41,0.108,0,0.897,0.480,0,0.000,0.000,0.000,0.000,0.000,0.000,-0.001,-0.207
880.61,0.423,0,0.897,0.480,0,0.000,0.000,0.000,0.000,0.000,0.000,0.005,-0.219
880.81,0.424,0,0.897,0.480,0,0.000,0.000,0.000,0.000,0.000,0.000,0.010,-0.232
881.01,0.424,0,0.897,0.479,0,0.000,0.000,0.000,0.000,0.000,0.000,0.012,-0.205
881.21,0.424,0,0.897,0.479,0,0.000,0.000,0.000,0.000,0.000,0.000,0.010,-0.190
881.41,0.424,0,0.897,0.480,0,0.000,0.000,0.000,0.000,0.000,0.000,0.008,-0.197
881.61,0.105,0,0.897,0.480,0,0.000,0.000,0.000,0.000,0.000,0.000,0.001,-0.193
881.81,0.108,0,0.897,0.480,0,0.000,0.000,0.000,0.000,0.000,0.000,0.006,-0.209
882.01,0.106,0,0.903,0.479,0,0.000,0.000,0.000,0.000,0.000,0.000,-0.002,-0.201
882.21,0.105,0,0.903,0.479,0,0.000,0.000,0.000,0.000,0.000,0.000,-0.011,-0.190
882.41,0.105,0,0.902,0.479,0,0.000,0.000,0.000,0.000,0.000,0.000,-0.012,-0.203
882.61,0.105,0,0.902,0.479,0,0.000,0.000,0.000,0.000,0.000,0.000,-0.002,-0.204
882.81,0.106,0,0.902,0.479,0,0.000,0.000,0.000,0.000,0.000,0.000,0.005,-0.192
883.01,0.105,0,0.901,0.480,0,0.000,0.000,0.000,0.000,0.000,0.000,-0.013,-0.186
883.21,0.106,0,0.901,0.480,0,0.000,0.000,0.000,0.000,0.000,0.000,-0.011,-0.190
883.41,0.106,0,0.896,0.480,0,0.000,0.000,0.000,0.000,0.000,0.000,0.004,-0.195
883.61,0.106,0,0.896,0.480,0,0.000,0.000,0.000,0.000,0.000,0.000,-0.004,-0.190
883.81,0.424,0,0.896,0.480,0,0.000,0.000,0.000,0.000,0.000,0.000,-0.011,-0.192
884.01,0.108,0,0.898,0.478,0,0.000,0.000,0.000,0.000,0.000,0.000,0.001,-0.200
884.21,0.106,0,0.898,0.478,0,0.000,0.000,0.000,0.000,0.000,0.000,0.002,-0.198
884.41,0.424,0,0.902,0.480,0,0.000,0.000,0.000,0.000,0.000,0.000,-0.016,-0.186
884.61,0.108,0,0.902,0.480,0,0.000,0.000,0.000,0.000,0.000,0.000,-0.001,-0.206
884.81,0.105,0,0.902,0.480,0,0.000,0.000,0.000,0.000,0.000,0.000,-0.007,-0.203
885.01,0.105,0,0.901,0.480,0,0.000,0.000,0.000,0.000,0.000,0.000,-0.016,-0.193
885.21,0.424,0,0.901,0.480,0,0.000,0.000,0.000,0.000,0.000,0.000,-0.006,-0.198
885.41,0.424,0,0.902,0.480,0,0.000,0.000,0.000,0.000,0.000,0.000,-0.001,-0.207
885.61,0.108,0,0.902,0.480,0,0.000,0.000,0.000,0.000,0.000,0.000,0.005,-0.225
885.81,0.426,0,0.902,0.480,0,0.000,0.000,0.000,0.000,0.000,0.000,0.013,-0.230
886.01,0.105,0,0.708,0.480,0,0.000,0.000,0.000,0.000,0.000,0.000,0.000,-0.213
886.21,0.424,0,0.708,0.480,0,0.000,0.000,0.000,0.000,0.000,0.000,-0.004,-0.217
886.41,0.426,0,0.632,0.480,1,0.000,0.000,0.000,0.000,0.000,0.000,0.013,-0.235
886.61,0.106,0,0.632,0.480,1,0.000,0.000,0.000,0.000,0.000,0.000,0.025,-0.229
886.81,0.424,0,0.632,0.480,1,0.000,0.000,0.000,0.000,0.000,0.000,0.006,-0.206
887.01,0.106,0,0.630,0.480,1,0.000,0.000,0.000,0.000,0.000,0.000,0.005,-0.219
887.21,0.424,0,0.630,0.480,1,0.000,0.000,0.000,0.000,0.000,0.000,0.014,-0.226
887.41,0.105,0,0.681,0.480,0,0.000,0.000,0.000,0.000,0.000,0.000,0.009,-0.221
887.61,0.424,0,0.681,0.480,0,0.000,0.000,0.000,0.000,0.000,0.000,-0.001,-0.207
887.81,0.106,0,0.681,0.480,0,0.000,0.000,0.000,0.000,0.000,0.000,0.022,-0.211
888.01,0.423,0,0.670,0.480,1,0.000,0.000,0.000,0.000,0.000,0.000,0.021,-0.218
888.21,0.108,0,0.670,0.480,1,0.000,0.000,0.000,0.000,0.000,0.000,0.020,-0.224
888.41,0.424,0,0.667,0.481,1,0.000,0.000,0.000,0.000,0.000,0.000,0.010,-0.208
888.61,0.502,0,0.667,0.481,1,0.000,0.000,0.000,0.000,0.000,0.000,0.006,-0.202
888.81,0.424,0,0.667,0.481,1,0.000,0.000,0.000,0.000,0.000,0.000,0.015,-0.211
889.01,0.105,0,0.664,0.480,1,0.000,0.000,0.000,0.000,0.000,0.000,0.001,-0.207
889.21,0.424,0,0.664,0.480,1,0.000,0.000,0.000,0.000,0.000,0.000,-0.008,-0.197
889.41,0.424,0,0.664,0.480,1,0.000,0.000,0.000,0.000,0.000,0.000,0.020,-0.205
889.61,0.424,0,0.664,0.480,1,0.000,0.000,0.000,0.000,0.000,0.000,0.027,-0.212
889.81,0.105,0,0.664,0.480,1,0.000,0.000,0.000,0.000,0.000,0.000,-0.000,-0.221
890.01,0.421,0,0.664,0.480,1,0.000,0.000,0.000,0.000,0.000,0.000,-0.005,-0.206
890.21,0.105,0,0.664,0.480,1,0.000,0.000,0.000,0.000,0.000,0.000,0.023,-0.214
890.41,0.105,0,0.663,0.480,1,0.000,0.000,0.000,0.000,0.000,0.000,0.020,-0.231
890.61,0.108,0,0.663,0.480,1,0.000,0.000,0.000,0.000,0.000,0.000,0.013,-0.236
890.81,0.426,0,0.663,0.480,1,0.000,0.000,0.000,0.000,0.000,0.000,0.024,-0.236
891.01,0.106,0,0.664,0.481,1,0.000,0.000,0.000,0.000,0.000,0.000,0.003,-0.213
891.21,0.426,0,0.664,0.481,1,0.000,0.000,0.000,0.000,0.000,0.000,-0.000,-0.207
891.41,0.424,0,0.664,0.480,1,0.000,0.000,0.000,0.000,0.000,0.000,0.028,-0.242
891.61,0.424,0,0.664,0.480,1,0.000,0.000,0.000,0.000,0.000,0.000,0.020,-0.239
891.81,0.424,0,0.664,0.480,1,0.000,0.000,0.000,0.000,0.000,0.000,0.015,-0.234
892.01,0.105,0,0.663,0.480,1,0.000,0.000,0.000,0.000,0.000,0.000,-0.004,-0.220
892.21,0.105,0,0.663,0.480,1,0.000,0.000,0.000,0.000,0.000,0.000,-0.003,-0.210
892.41,0.106,0,0.664,0.480,1,0.000,0.000,0.000,0.000,0.000,0.000,0.005,-0.212
892.61,0.106,0,0.664,0.480,1,0.000,0.000,0.000,0.000,0.000,0.000,0.013,-0.213
892.81,0.106,0,0.664,0.480,1,0.000,0.000,0.000,0.000,0.000,0.000,0.008,-0.215
893.01,0.105,0,0.668,0.479,1,0.000,0.000,0.000,0.000,0.000,0.000,-0.004,-0.221
893.21,0.105,0,0.668,0.479,1,0.000,0.000,0.000,0.000,0.000,0.000,-0.005,-0.217
893.41,0.105,0,0.664,0.480,1,0.000,0.000,0.000,0.000,0.000,0.000,0.001,-0.218
893.61,0.106,0,0.664,0.480,1,0.000,0.000,0.000,0.000,0.000,0.000,0.009,-0.215
893.81,0.106,0,0.664,0.480,1,0.000,0.000,0.000,0.000,0.000,0.000,0.017,-0.211
894.01,0.105,0,0.665,0.478,1,0.000,0.000,0.000,0.000,0.000,0.000,0.002,-0.214
894.21,0.105,0,0.665,0.478,1,0.000,0.000,0.000,0.000,0.000,0.000,-0.001,-0.228
894.41,0.105,0,0.668,0.481,1,0.000,0.000,0.000,0.000,0.000,0.000,0.001,-0.241
894.61,0.106,0,0.668,0.481,1,0.000,0.000,0.000,0.000,0.000,0.000,0.008,-0.222
894.81,0.105,0,0.668,0.481,1,0.000,0.000,0.000,0.000,0.000,0.000,0.012,-0.234
895.01,0.105,0,0.669,0.480,1,0.000,0.000,0.000,0.000,0.000,0.000,-0.003,-0.230
895.21,0.108,0,0.669,0.480,1,0.000,0.000,0.000,0.000,0.000,0.000,0.020,-0.237
895.41,0.424,0,0.664,0.480,1,0.000,0.000,0.000,0.000,0.000,0.000,0.028,-0.236
895.61,0.105,0,0.664,0.480,1,0.000,0.000,0.000,0.000,0.000,0.000,0.004,-0.223
895.81,0.108,0,0.664,0.480,1,0.000,0.000,0.000,0.000,0.000,0.000,0.007,-0.212
896.01,0.108,0,0.665,0.480,1,0.000,0.000,0.000,0.000,0.000,0.000,0.021,-0.220
896.21,0.108,0,0.665,0.480,1,0.000,0.000,0.000,0.000,0.000,0.000,0.028,-0.230
896.41,0.106,0,0.664,0.480,1,0.000,0.000,0.000,0.000,0.000,0.000,0.020,-0.215
896.61,0.106,0,0.664,0.480,1,0.000,0.000,0.000,0.000,0.000,0.000,0.020,-0.208
896.81,0.108,0,0.664,0.480,1,0.000,0.000,0.000,0.000,0.000,0.000,0.034,-0.224
897.01,0.108,0,0.665,0.480,1,0.000,0.000,0.000,0.000,0.000,0.000,0.034,-0.238
897.21,0.424,0,0.665,0.480,1,0.000,0.000,0.000,0.000,0.000,0.000,0.036,-0.242
897.41,0.502,0,0.664,0.480,1,0.000,0.000,0.000,0.000,0.000,0.000,0.041,-0.246
897.61,0.502,0,0.664,0.480,1,0.000,0.000,0.000,0.000,0.000,0.000,0.041,-0.246
897.81,0.106,0,0.664,0.480,1,0.000,0.000,0.000,0.000,0.000,0.000,0.016,-0.227
898.01,0.424,0,0.665,0.480,1,0.000,0.000,0.000,0.000,0.000,0.000,0.021,-0.217
898.21,0.106,0,0.665,0.480,1,0.000,0.000,0.000,0.000,0.000,0.000,0.035,-0.215
898.41,0.172,0,0.667,0.480,1,0.000,0.000,0.000,0.000,0.000,0.000,0.042,-0.225
898.61,0.106,0,0.667,0.480,1,0.000,0.000,0.000,0.000,0.000,0.000,0.020,-0.229
898.81,0.424,0,0.667,0.480,1,0.000,0.000,0.000,0.000,0.000,0.000,0.025,-0.238
899.01,0.424,0,0.664,0.481,1,0.000,0.000,0.000,0.000,0.000,0.000,0.037,-0.250
899.21,0.108,0,0.664,0.481,1,0.000,0.000,0.000,0.000,0.000,0.000,0.033,-0.242
899.41,0.424,0,0.669,0.480,1,0.000,0.000,0.000,0.000,0.000,0.000,0.019,-0.219
899.61,0.108,0,0.669,0.480,1,0.000,0.000,0.000,0.000,0.000,0.000,0.026,-0.233
899.81,0.105,0,0.669,0.480,1,0.000,0.000,0.000,0.000,0.000,0.000,0.022,-0.239
900.01,0.105,0,0.669,0.480,1,0.000,0.000,0.000,0.000,0.000,0.000,0.017,-0.239
900.21,0.105,0,0.669,0.480,1,0.000,0.000,0.000,0.000,0.000,0.000,0.035,-0.244
900.41,0.424,0,0.664,0.480,1,0.000,0.000,0.000,0.000,0.000,0.000,0.039,-0.237
900.61,0.105,0,0.664,0.480,1,0.000,0.000,0.000,0.000,0.000,0.000,0.025,-0.238
900.81,0.105,0,0.664,0.480,1,0.000,0.000,0.000,0.000,0.000,0.000,0.012,-0.237
901.01,0.105,0,0.664,0.480,1,0.000,0.000,0.000,0.000,0.000,0.000,0.023,-0.237
901.21,0.424,0,0.664,0.480,1,0.000,0.000,0.000,0.000,0.000,0.000,0.033,-0.234
901.41,0.106,0,0.666,0.481,1,0.000,0.000,0.000,0.000,0.000,0.000,0.038,-0.240
901.61,0.106,0,0.666,0.481,1,0.000,0.000,0.000,0.000,0.000,0.000,0.014,-0.218
901.81,0.106,0,0.666,0.481,1,0.000,0.000,0.000,0.000,0.000,0.000,0.014,-0.213
902.01,0.105,0,0.669,0.481,1,0.000,0.000,0.000,0.000,0.000,0.000,0.019,-0.228
902.21,0.105,0,0.669,0.481,1,0.000,0.000,0.000,0.000,0.000,0.000,0.020,-0.249
902.41,0.105,0,0.665,0.480,1,0.000,0.000,0.000,0.000,0.000,0.000,0.036,-0.253
902.61,0.424,0,0.665,0.480,1,0.000,0.000,0.000,0.000,0.000,0.000,0.037,-0.244
902.81,0.105,0,0.665,0.480,1,0.000,0.000,0.000,0.000,0.000,0.000,0.011,-0.244
903.01,0.424,0,0.665,0.480,1,0.000,0.000,0.000,0.000,0.000,0.000,-0.000,-0.241
903.21,0.424,0,0.665,0.480,1,0.000,0.000,0.000,0.000,0.000,0.000,0.012,-0.245
903.41,0.106,0,0.665,0.481,1,0.000,0.000,0.000,0.000,0.000,0.000,0.015,-0.229
903.61,0.424,0,0.665,0.481,1,0.000,0.000,0.000,0.000,0.000,0.000,0.017,-0.228
903.81,0.105,0,0.665,0.481,1,0.000,0.000,0.000,0.000,0.000,0.000,0.005,-0.213
904.01,0.424,0,0.670,0.480,1,0.000,0.000,0.000,0.000,0.000,0.000,0.009,-0.193
904.21,0.106,0,0.670,0.480,1,0.000,0.000,0.000,0.000,0.000,0.000,0.020,-0.198
904.41,0.424,0,0.671,0.480,1,0.000,0.000,0.000,0.000,0.000,0.000,0.006,-0.230
904.61,0.502,0,0.671,0.480,1,0.000,0.000,0.000,0.000,0.000,0.000,0.007,-0.236
904.81,0.424,0,0.671,0.480,1,0.000,0.000,0.000,0.000,0.000,0.000,0.007,-0.219
905.01,0.105,0,0.677,0.480,1,0.000,0.000,0.000,0.000,0.000,0.000,-0.000,-0.210
905.21,0.424,0,0.677,0.480,1,0.000,0.000,0.000,0.000,0.000,0.000,0.004,-0.211
905.41,0.105,0,0.673,0.480,1,0.000,0.000,0.000,0.000,0.000,0.000,0.010,-0.217
905.61,0.424,0,0.673,0.480,1,0.000,0.000,0.000,0.000,0.000,0.000,0.007,-0.225
905.81,0.106,0,0.673,0.480,1,0.000,0.000,0.000,0.000,0.000,0.000,0.011,-0.213
906.01,0.108,0,0.669,0.480,1,0.000,0.000,0.000,0.000,0.000,0.000,0.024,-0.226
906.21,0.108,0,0.669,0.480,1,0.000,0.000,0.000,0.000,0.000,0.000,0.019,-0.212
906.41,0.108,0,0.668,0.481,1,0.000,0.000,0.000,0.000,0.000,0.000,0.020,-0.229
906.61,0.108,0,0.668,0.481,1,0.000,0.000,0.000,0.000,0.000,0.000,0.022,-0.243
906.81,0.424,0,0.668,0.481,1,0.000,0.000,0.000,0.000,0.000,0.000,0.022,-0.239
907.01,0.106,0,0.668,0.478,1,0.000,0.000,0.000,0.000,0.000,0.000,0.027,-0.195
907.21,0.424,0,0.668,0.478,1,0.000,0.000,0.000,0.000,0.000,0.000,0.027,-0.185
907.41,0.108,0,0.668,0.481,1,0.000,0.000,0.000,0.000,0.000,0.000,0.024,-0.199
907.61,0.424,0,0.668,0.481,1,0.000,0.000,0.000,0.000,0.000,0.000,0.021,-0.213
907.81,0.108,0,0.668,0.481,1,0.000,0.000,0.000,0.000,0.000,0.000,0.026,-0.237
908.01,0.423,0,0.668,0.481,1,0.000,0.000,0.000,0.000,0.000,0.000,0.021,-0.238
908.21,0.108,0,0.668,0.481,1,0.000,0.000,0.000,0.000,0.000,0.000,0.024,-0.219
908.41,0.424,0,0.670,0.481,1,0.000,0.000,0.000,0.000,0.000,0.000,0.024,-0.192
908.61,0.105,0,0.670,0.481,1,0.000,0.000,0.000,0.000,0.000,0.000,0.016,-0.181
908.81,0.424,0,0.670,0.481,1,0.000,0.000,0.000,0.000,0.000,0.000,0.009,-0.200
909.01,0.424,0,0.669,0.480,1,0.000,0.000,0.000,0.000,0.000,0.000,0.020,-0.232
909.21,0.424,0,0.669,0.480,1,0.000,0.000,0.000,0.000,0.000,0.000,0.033,-0.248
909.41,0.105,0,0.668,0.481,1,0.000,0.000,0.000,0.000,0.000,0.000,0.011,-0.205
909.61,0.424,0,0.668,0.481,1,0.000,0.000,0.000,0.000,0.000,0.000,0.014,-0.199
909.81,0.105,0,0.668,0.481,1,0.000,0.000,0.000,0.000,0.000,0.000,0.019,-0.203
910.01,0.424,0,0.668,0.481,1,0.000,0.000,0.000,0.000,0.000,0.000,0.015,-0.214
910.21,0.105,0,0.668,0.481,1,0.000,0.000,0.000,0.000,0.000,0.000,0.022,-0.219
910.41,0.424,0,0.669,0.481,1,0.000,0.000,0.000,0.000,0.000,0.000,0.016,-0.208
910.61,0.424,0,0.669,0.481,1,0.000,0.000,0.000,0.000,0.000,0.000,0.018,-0.208
910.81,0.108,0,0.669,0.481,1,0.000,0.000,0.000,0.000,0.000,0.000,0.025,-0.212
911.01,0.424,0,0.668,0.480,1,0.000,0.000,0.000,0.000,0.000,0.000,0.023,-0.208
911.21,0.502,0,0.668,0.480,1,0.000,0.000,0.000,0.000,0.000,0.000,0.023,-0.230
911.41,0.108,0,0.668,0.480,1,0.000,0.000,0.000,0.000,0.000,0.000,0.030,-0.241
911.61,0.108,0,0.668,0.480,1,0.000,0.000,0.000,0.000,0.000,0.000,0.024,-0.226
911.81,0.424,0,0.668,0.480,1,0.000,0.000,0.000,0.000,0.000,0.000,0.028,-0.216
912.01,0.501,0,0.669,0.481,1,0.000,0.000,0.000,0.000,0.000,0.000,0.027,-0.219
912.21,0.424,0,0.669,0.481,1,0.000,0.000,0.000,0.000,0.000,0.000,0.038,-0.237
912.41,0.105,0,0.668,0.480,1,0.000,0.000,0.000,0.000,0.000,0.000,0.034,-0.231
912.61,0.424,0,0.668,0.480,1,0.000,0.000,0.000,0.000,0.000,0.000,0.032,-0.233
912.81,0.105,0,0.668,0.480,1,0.000,0.000,0.000,0.000,0.000,0.000,0.021,-0.218
913.01,0.106,0,0.682,0.481,0,0.000,0.000,0.000,0.000,0.000,0.000,0.022,-0.208
913.21,0.424,0,0.682,0.481,0,0.000,0.000,0.000,0.000,0.000,0.000,0.046,-0.238
913.41,0.108,0,0.693,0.481,0,0.000,0.000,0.000,0.000,0.000,0.000,0.054,-0.244
913.61,0.108,0,0.693,0.481,0,0.000,0.000,0.000,0.000,0.000,0.000,0.033,-0.223
913.81,0.105,0,0.693,0.481,0,0.000,0.000,0.000,0.000,0.000,0.000,0.032,-0.226
914.01,0.424,0,0.665,0.479,1,0.000,0.000,0.000,0.000,0.000,0.000,0.035,-0.232
914.21,0.424,0,0.665,0.479,1,0.000,0.000,0.000,0.000,0.000,0.000,0.036,-0.227
914.41,0.106,0,0.666,0.478,1,0.000,0.000,0.000,0.000,0.000,0.000,0.031,-0.231
914.61,0.424,0,0.666,0.478,1,0.000,0.000,0.000,0.000,0.000,0.000,0.024,-0.236
914.81,0.108,0,0.666,0.478,1,0.000,0.000,0.000,0.000,0.000,0.000,0.028,-0.231
915.01,0.423,0,0.667,0.478,1,0.000,0.000,0.000,0.000,0.000,0.000,0.022,-0.231
915.21,0.105,0,0.667,0.478,1,0.000,0.000,0.000,0.000,0.000,0.000,0.016,-0.233
915.41,0.106,0,0.660,0.480,1,0.000,0.000,0.000,0.000,0.000,0.000,0.006,-0.214
915.61,0.108,0,0.660,0.480,1,0.000,0.000,0.000,0.000,0.000,0.000,0.016,-0.229
915.81,0.105,0,0.660,0.480,1,0.000,0.000,0.000,0.000,0.000,0.000,0.012,-0.234
916.01,0.108,0,0.666,0.481,1,0.000,0.000,0.000,0.000,0.000,0.000,0.005,-0.241
916.21,0.424,0,0.666,0.481,1,0.000,0.000,0.000,0.000,0.000,0.000,0.014,-0.255
916.41,0.502,0,0.663,0.481,1,0.000,0.000,0.000,0.000,0.000,0.000,0.016,-0.245
916.61,0.108,0,0.663,0.481,1,0.000,0.000,0.000,0.000,0.000,0.000,0.014,-0.239
916.81,0.106,0,0.663,0.481,1,0.000,0.000,0.000,0.000,0.000,0.000,0.013,-0.241
917.01,0.105,0,0.666,0.480,1,0.000,0.000,0.000,0.000,0.000,0.000,0.008,-0.236
917.21,0.105,0,0.666,0.480,1,0.000,0.000,0.000,0.000,0.000,0.000,0.007,-0.241
917.41,0.106,0,0.664,0.478,1,0.000,0.000,0.000,0.000,0.000,0.000,0.014,-0.229
917.61,0.105,0,0.664,0.478,1,0.000,0.000,0.000,0.000,0.000,0.000,0.016,-0.242
917.81,0.501,0,0.664,0.478,1,0.000,0.000,0.000,0.000,0.000,0.000,0.029,-0.268
918.01,0.424,0,0.668,0.481,1,0.000,0.000,0.000,0.000,0.000,0.000,0.025,-0.260
918.21,0.108,0,0.668,0.481,1,0.000,0.000,0.000,0.000,0.000,0.000,0.017,-0.240
918.41,0.502,0,0.666,0.481,1,0.000,0.000,0.000,0.000,0.000,0.000,0.022,-0.245
918.61,0.424,0,0.666,0.481,1,0.000,0.000,0.000,0.000,0.000,0.000,0.020,-0.241
918.81,0.105,0,0.666,0.481,1,0.000,0.000,0.000,0.000,0.000,0.000,0.014,-0.233
919.01,0.424,0,0.666,0.480,1,0.000,0.000,0.000,0.000,0.000,0.000,0.024,-0.243
919.21,0.106,0,0.666,0.480,1,0.000,0.000,0.000,0.000,0.000,0.000,0.031,-0.231
919.41,0.424,0,0.667,0.481,1,0.000,0.000,0.000,0.000,0.000,0.000,0.032,-0.217
919.61,0.105,0,0.667,0.481,1,0.000,0.000,0.000,0.000,0.000,0.000,0.030,-0.229
919.81,0.424,0,0.667,0.481,1,0.000,0.000,0.000,0.000,0.000,0.000,0.032,-0.251
920.01,0.108,0,0.665,0.480,1,0.000,0.000,0.000,0.000,0.000,0.000,0.040,-0.254
920.21,0.105,0,0.665,0.480,1,0.000,0.000,0.000,0.000,0.000,0.000,0.035,-0.220
920.41,0.424,0,0.665,0.480,1,0.000,0.000,0.000,0.000,0.000,0.000,0.032,-0.230
920.61,0.502,0,0.665,0.480,1,0.000,0.000,0.000,0.000,0.000,0.000,0.031,-0.238
920.81,0.424,0,0.665,0.480,1,0.000,0.000,0.000,0.000,0.000,0.000,0.039,-0.234
921.01,0.108,0,0.665,0.481,1,0.000,0.000,0.000,0.000,0.000,0.000,0.038,-0.229
921.21,0.108,0,0.665,0.481,1,0.000,0.000,0.000,0.000,0.000,0.000,0.023,-0.219
921.41,0.108,0,0.665,0.480,1,0.000,0.000,0.000,0.000,0.000,0.000,0.020,-0.220
921.61,0.424,0,0.665,0.480,1,0.000,0.000,0.000,0.000,0.000,0.000,0.040,-0.232
921.81,0.105,0,0.665,0.480,1,0.000,0.000,0.000,0.000,0.000,0.000,0.039,-0.223
922.01,0.108,0,0.665,0.481,1,0.000,0.000,0.000,0.000,0.000,0.000,0.029,-0.213
922.21,0.105,0,0.665,0.481,1,0.000,0.000,0.000,0.000,0.000,0.000,0.023,-0.214
922.41,0.106,0,0.666,0.480,1,0.000,0.000,0.000,0.000,0.000,0.000,0.034,-0.225
922.61,0.106,0,0.666,0.480,1,0.000,0.000,0.000,0.000,0.000,0.000,0.034,-0.215
922.81,0.106,0,0.666,0.480,1,0.000,0.000,0.000,0.000,0.000,0.000,0.029,-0.214
923.01,0.424,0,0.667,0.480,1,0.000,0.000,0.000,0.000,0.000,0.000,0.024,-0.222
923.21,0.105,0,0.667,0.480,1,0.000,0.000,0.000,0.000,0.000,0.000,0.027,-0.218
923.41,0.424,0,0.665,0.480,1,0.000,0.000,0.000,0.000,0.000,0.000,0.033,-0.223
923.61,0.424,0,0.665,0.480,1,0.000,0.000,0.000,0.000,0.000,0.000,0.038,-0.232
923.81,0.105,0,0.665,0.480,1,0.000,0.000,0.000,0.000,0.000,0.000,0.018,-0.222
924.01,0.106,0,0.667,0.480,1,0.000,0.000,0.000,0.000,0.000,0.000,0.014,-0.202
924.21,0.106,0,0.667,0.480,1,0.000,0.000,0.000,0.000,0.000,0.000,0.022,-0.203
924.41,0.106,0,0.666,0.480,1,0.000,0.000,0.000,0.000,0.000,0.000,0.032,-0.216
924.61,0.105,0,0.666,0.480,1,0.000,0.000,0.000,0.000,0.000,0.000,0.025,-0.216
924.81,0.106,0,0.666,0.480,1,0.000,0.000,0.000,0.000,0.000,0.000,0.019,-0.205
925.01,0.424,0,0.666,0.481,1,0.000,0.000,0.000,0.000,0.000,0.000,0.024,-0.201
925.21,0.424,0,0.666,0.481,1,0.000,0.000,0.000,0.000,0.000,0.000,0.039,-0.220
925.41,0.502,0,0.666,0.480,1,0.000,0.000,0.000,0.000,0.000,0.000,0.029,-0.218
925.61,0.105,0,0.666,0.480,1,0.000,0.000,0.000,0.000,0.000,0.000,0.033,-0.213
925.81,0.108,0,0.666,0.480,1,0.000,0.000,0.000,0.000,0.000,0.000,0.026,-0.208
926.01,0.423,0,0.665,0.479,1,0.000,0.000,0.000,0.000,0.000,0.000,0.024,-0.215
926.21,0.106,0,0.665,0.479,1,0.000,0.000,0.000,0.000,0.000,0.000,0.031,-0.232
926.41,0.108,0,0.666,0.480,1,0.000,0.000,0.000,0.000,0.000,0.000,0.028,-0.238
926.61,0.424,0,0.666,0.480,1,0.000,0.000,0.000,0.000,0.000,0.000,0.008,-0.208
926.81,0.105,0,0.666,0.480,1,0.000,0.000,0.000,0.000,0.000,0.000,-0.001,-0.205
927.01,0.424,0,0.666,0.481,1,0.000,0.000,0.000,0.000,0.000,0.000,0.014,-0.226
927.21,0.424,0,0.666,0.481,1,0.000,0.000,0.000,0.000,0.000,0.000,0.029,-0.243
927.41,0.108,0,0.667,0.480,1,0.000,0.000,0.000,0.000,0.000,0.000,0.022,-0.245
927.61,0.108,0,0.667,0.480,1,0.000,0.000,0.000,0.000,0.000,0.000,0.013,-0.236
927.81,0.105,0,0.667,0.480,1,0.000,0.000,0.000,0.000,0.000,0.000,0.007,-0.217
928.01,0.423,0,0.666,0.480,1,0.000,0.000,0.000,0.000,0.000,0.000,0.012,-0.230
928.21,0.108,0,0.666,0.480,1,0.000,0.000,0.000,0.000,0.000,0.000,0.020,-0.244
928.41,0.426,0,0.670,0.480,1,0.000,0.000,0.000,0.000,0.000,0.000,0.015,-0.237
928.61,0.106,0,0.670,0.480,1,0.000,0.000,0.000,0.000,0.000,0.000,0.007,-0.208
928.81,0.424,0,0.670,0.480,1,0.000,0.000,0.000,0.000,0.000,0.000,0.006,-0.214
929.01,0.424,0,0.670,0.481,1,0.000,0.000,0.000,0.000,0.000,0.000,0.015,-0.229
929.21,0.105,0,0.670,0.481,1,0.000,0.000,0.000,0.000,0.000,0.000,0.013,-0.207
929.41,0.424,0,0.679,0.480,1,0.000,0.000,0.000,0.000,0.000,0.000,0.009,-0.195
929.61,0.108,0,0.679,0.480,1,0.000,0.000,0.000,0.000,0.000,0.000,0.016,-0.213
929.81,0.424,0,0.679,0.480,1,0.000,0.000,0.000,0.000,0.000,0.000,0.029,-0.237
930.01,0.108,0,0.678,0.481,1,0.000,0.000,0.000,0.000,0.000,0.000,0.034,-0.232
930.21,0.424,0,0.678,0.481,1,0.000,0.000,0.000,0.000,0.000,0.000,0.032,-0.207
930.41,0.105,0,0.674,0.480,1,0.000,0.000,0.000,0.000,0.000,0.000,0.030,-0.224
930.61,0.424,0,0.674,0.480,1,0.000,0.000,0.000,0.000,0.000,0.000,0.039,-0.243
930.81,0.108,0,0.674,0.480,1,0.000,0.000,0.000,0.000,0.000,0.000,0.037,-0.240
931.01,0.106,0,0.666,0.479,1,0.000,0.000,0.000,0.000,0.000,0.000,0.029,-0.224
931.21,0.105,0,0.666,0.479,1,0.000,0.000,0.000,0.000,0.000,0.000,0.025,-0.224
931.41,0.502,0,0.668,0.480,1,0.000,0.000,0.000,0.000,0.000,0.000,0.043,-0.236
931.61,0.424,0,0.668,0.480,1,0.000,0.000,0.000,0.000,0.000,0.000,0.053,-0.238
931.81,0.502,0,0.668,0.480,1,0.000,0.000,0.000,0.000,0.000,0.000,0.043,-0.226
932.01,0.108,0,0.671,0.479,1,0.000,0.000,0.000,0.000,0.000,0.000,0.027,-0.216
932.21,0.106,0,0.671,0.479,1,0.000,0.000,0.000,0.000,0.000,0.000,0.022,-0.206
932.41,0.108,0,0.667,0.480,1,0.000,0.000,0.000,0.000,0.000,0.000,0.033,-0.219
932.61,0.108,0,0.667,0.480,1,0.000,0.000,0.000,0.000,0.000,0.000,0.032,-0.226
932.81,0.106,0,0.667,0.480,1,0.000,0.000,0.000,0.000,0.000,0.000,0.016,-0.209
933.01,0.106,0,0.669,0.478,1,0.000,0.000,0.000,0.000,0.000,0.000,0.011,-0.190
933.21,0.105,0,0.669,0.478,1,0.000,0.000,0.000,0.000,0.000,0.000,0.013,-0.198
933.41,0.106,0,0.667,0.478,1,0.000,0.000,0.000,0.000,0.000,0.000,0.024,-0.210
933.61,0.108,0,0.667,0.478,1,0.000,0.000,0.000,0.000,0.000,0.000,0.034,-0.232
933.81,0.108,0,0.667,0.478,1,0.000,0.000,0.000,0.000,0.000,0.000,0.025,-0.220
934.01,0.105,0,0.667,0.478,1,0.000,0.000,0.000,0.000,0.000,0.000,0.004,-0.191
934.21,0.424,0,0.667,0.478,1,0.000,0.000,0.000,0.000,0.000,0.000,0.019,-0.221
934.41,0.106,0,0.667,0.478,1,0.000,0.000,0.000,0.000,0.000,0.000,0.031,-0.234
934.61,0.105,0,0.667,0.478,1,0.000,0.000,0.000,0.000,0.000,0.000,0.008,-0.199
934.81,0.424,0,0.667,0.478,1,0.000,0.000,0.000,0.000,0.000,0.000,0.028,-0.215
935.01,0.424,0,0.667,0.479,1,0.000,0.000,0.000,0.000,0.000,0.000,0.041,-0.235
935.21,0.424,0,0.667,0.479,1,0.000,0.000,0.000,0.000,0.000,0.000,0.036,-0.240
935.41,0.423,0,0.670,0.480,1,0.000,0.000,0.000,0.000,0.000,0.000,0.023,-0.228
935.61,0.108,0,0.670,0.480,1,0.000,0.000,0.000,0.000,0.000,0.000,0.032,-0.233
935.81,0.423,0,0.670,0.480,1,0.000,0.000,0.000,0.000,0.000,0.000,0.039,-0.229
936.01,0.105,0,0.668,0.480,1,0.000,0.000,0.000,0.000,0.000,0.000,0.042,-0.219
936.21,0.105,0,0.668,0.480,1,0.000,0.000,0.000,0.000,0.000,0.000,0.021,-0.201
936.41,0.108,0,0.667,0.480,1,0.000,0.000,0.000,0.000,0.000,0.000,0.023,-0.212
936.61,0.106,0,0.667,0.480,1,0.000,0.000,0.000,0.000,0.000,0.000,0.031,-0.215
936.81,0.105,0,0.667,0.480,1,0.000,0.000,0.000,0.000,0.000,0.000,0.022,-0.205
937.01,0.106,0,0.667,0.481,1,0.000,0.000,0.000,0.000,0.000,0.000,0.015,-0.201
937.21,0.108,0,0.667,0.481,1,0.000,0.000,0.000,0.000,0.000,0.000,0.025,-0.225
937.41,0.105,0,0.667,0.480,1,0.000,0.000,0.000,0.000,0.000,0.000,0.023,-0.236
937.61,0.108,0,0.667,0.480,1,0.000,0.000,0.000,0.000,0.000,0.000,0.017,-0.211
937.81,0.108,0,0.667,0.480,1,0.000,0.000,0.000,0.000,0.000,0.000,0.026,-0.223
938.01,0.108,0,0.667,0.481,1,0.000,0.000,0.000,0.000,0.000,0.000,0.030,-0.222
938.21,0.105,0,0.667,0.481,1,0.000,0.000,0.000,0.000,0.000,0.000,0.009,-0.211
938.41,0.105,0,0.667,0.480,1,0.000,0.000,0.000,0.000,0.000,0.000,-0.003,-0.212
938.61,0.424,0,0.667,0.480,1,0.000,0.000,0.000,0.000,0.000,0.000,0.029,-0.245
938.81,0.106,0,0.667,0.480,1,0.000,0.000,0.000,0.000,0.000,0.000,0.033,-0.246
939.01,0.105,0,0.670,0.479,1,0.000,0.000,0.000,0.000,0.000,0.000,0.015,-0.227
939.21,0.424,0,0.670,0.479,1,0.000,0.000,0.000,0.000,0.000,0.000,0.008,-0.211
939.41,0.424,0,0.669,0.479,1,0.000,0.000,0.000,0.000,0.000,0.000,0.024,-0.237
939.61,0.424,0,0.669,0.479,1,0.000,0.000,0.000,0.000,0.000,0.000,0.032,-0.247
939.81,0.424,0,0.669,0.479,1,0.000,0.000,0.000,0.000,0.000,0.000,0.028,-0.246
940.01,0.108,0,0.670,0.480,1,0.000,0.000,0.000,0.000,0.000,0.000,0.019,-0.239
940.21,0.424,0,0.670,0.480,1,0.000,0.000,0.000,0.000,0.000,0.000,0.015,-0.219
940.41,0.105,0,0.670,0.481,1,0.000,0.000,0.000,0.000,0.000,0.000,0.009,-0.219
940.61,0.424,0,0.670,0.481,1,0.000,0.000,0.000,0.000,0.000,0.000,0.022,-0.245
940.81,0.105,0,0.670,0.481,1,0.000,0.000,0.000,0.000,0.000,0.000,0.016,-0.249
941.01,0.424,0,0.671,0.477,1,0.000,0.000,0.000,0.000,0.000,0.000,0.007,-0.220
941.21,0.106,0,0.671,0.477,1,0.000,0.000,0.000,0.000,0.000,0.000,0.014,-0.204
941.41,0.424,0,0.673,0.479,1,0.000,0.000,0.000,0.000,0.000,0.000,0.019,-0.217
941.61,0.108,0,0.673,0.479,1,0.000,0.000,0.000,0.000,0.000,0.000,0.018,-0.264
941.81,0.105,0,0.673,0.479,1,0.000,0.000,0.000,0.000,0.000,0.000,0.004,-0.248
942.01,0.106,0,0.690,0.480,0,0.000,0.000,0.000,0.000,0.000,0.000,-0.003,-0.195
942.21,0.108,0,0.690,0.480,0,0.000,0.000,0.000,0.000,0.000,0.000,0.007,-0.207
942.41,0.108,0,0.810,0.482,0,0.000,0.000,0.000,0.000,0.000,0.000,0.011,-0.238
942.61,0.106,0,0.810,0.482,0,0.000,0.000,0.000,0.000,0.000,0.000,0.007,-0.234
942.81,0.108,0,0.810,0.482,0,0.000,0.000,0.000,0.000,0.000,0.000,0.006,-0.219
943.01,0.105,0,0.790,0.481,0,0.000,0.000,0.000,0.000,0.000,0.000,0.010,-0.231
943.21,0.106,0,0.790,0.481,0,0.000,0.000,0.000,0.000,0.000,0.000,-0.006,-0.215
943.41,0.106,0,0.766,0.481,0,0.000,0.000,0.000,0.000,0.000,0.000,0.007,-0.208
943.61,0.105,0,0.766,0.481,0,0.000,0.000,0.000,0.000,0.000,0.000,0.014,-0.228
943.81,0.106,0,0.766,0.481,0,0.000,0.000,0.000,0.000,0.000,0.000,0.007,-0.231
944.01,0.502,0,0.747,0.480,0,0.000,0.000,0.000,0.000,0.000,0.000,0.005,-0.249
944.21,0.106,0,0.747,0.480,0,0.000,0.000,0.000,0.000,0.000,0.000,0.006,-0.240
944.41,0.424,0,0.730,0.479,0,0.000,0.000,0.000,0.000,0.000,0.000,0.009,-0.230
944.61,0.108,0,0.730,0.479,0,0.000,0.000,0.000,0.000,0.000,0.000,0.021,-0.251
944.81,0.424,0,0.730,0.479,0,0.000,0.000,0.000,0.000,0.000,0.000,0.017,-0.258
945.01,0.424,0,0.723,0.481,0,0.000,0.000,0.000,0.000,0.000,0.000,0.008,-0.228
945.21,0.108,0,0.723,0.481,0,0.000,0.000,0.000,0.000,0.000,0.000,0.009,-0.228
945.41,0.105,0,0.730,0.481,0,0.000,0.000,0.000,0.000,0.000,0.000,0.004,-0.239
945.61,0.106,0,0.730,0.481,0,0.000,0.000,0.000,0.000,0.000,0.000,0.010,-0.227
945.81,0.105,0,0.730,0.481,0,0.000,0.000,0.000,0.000,0.000,0.000,0.013,-0.217
946.01,0.106,0,0.731,0.480,0,0.000,0.000,0.000,0.000,0.000,0.000,0.011,-0.217
946.21,0.424,0,0.731,0.480,0,0.000,0.000,0.000,0.000,0.000,0.000,0.011,-0.250
946.41,0.502,0,0.733,0.480,0,0.000,0.000,0.000,0.000,0.000,0.000,0.010,-0.254
946.61,0.423,0,0.733,0.480,0,0.000,0.000,0.000,0.000,0.000,0.000,0.011,-0.229
946.81,0.424,0,0.733,0.480,0,0.000,0.000,0.000,0.000,0.000,0.000,0.019,-0.226
947.01,0.106,0,0.728,0.480,0,0.000,0.000,0.000,0.000,0.000,0.000,0.002,-0.218
947.21,0.426,0,0.728,0.480,0,0.000,0.000,0.000,0.000,0.000,0.000,0.004,-0.222
947.41,0.108,0,0.730,0.480,0,0.000,0.000,0.000,0.000,0.000,0.000,0.025,-0.254
947.61,0.424,0,0.730,0.480,0,0.000,0.000,0.000,0.000,0.000,0.000,0.026,-0.266
947.81,0.108,0,0.730,0.480,0,0.000,0.000,0.000,0.000,0.000,0.000,0.011,-0.237
948.01,0.421,0,0.729,0.481,0,0.000,0.000,0.000,0.000,0.000,0.000,0.004,-0.224
948.21,0.108,0,0.729,0.481,0,0.000,0.000,0.000,0.000,0.000,0.000,0.017,-0.250
948.41,0.426,0,0.721,0.480,0,0.000,0.000,0.000,0.000,0.000,0.000,0.024,-0.248
948.61,0.424,0,0.721,0.480,0,0.000,0.000,0.000,0.000,0.000,0.000,0.016,-0.236
948.81,0.105,0,0.721,0.480,0,0.000,0.000,0.000,0.000,0.000,0.000,0.001,-0.226
949.01,0.108,0,0.721,0.479,0,0.000,0.000,0.000,0.000,0.000,0.000,0.012,-0.219
949.21,0.108,0,0.721,0.479,0,0.000,0.000,0.000,0.000,0.000,0.000,0.033,-0.253
949.41,0.106,0,0.723,0.480,0,0.000,0.000,0.000,0.000,0.000,0.000,0.018,-0.233
949.61,0.108,0,0.723,0.480,0,0.000,0.000,0.000,0.000,0.000,0.000,0.016,-0.205
949.81,0.424,0,0.723,0.480,0,0.000,0.000,0.000,0.000,0.000,0.000,0.027,-0.216
950.01,0.105,0,0.720,0.480,0,0.000,0.000,0.000,0.000,0.000,0.000,0.029,-0.237
950.21,0.424,0,0.720,0.480,0,0.000,0.000,0.000,0.000,0.000,0.000,0.024,-0.234
950.41,0.108,0,0.659,0.481,1,0.000,0.000,0.000,0.000,0.000,0.000,0.021,-0.208
950.61,0.105,0,0.659,0.481,1,0.000,0.000,0.000,0.000,0.000,0.000,0.020,-0.197
950.81,0.105,0,0.659,0.481,1,0.000,0.000,0.000,0.000,0.000,0.000,0.029,-0.225
951.01,0.502,0,0.651,0.480,1,0.000,0.000,0.000,0.000,0.000,0.000,0.031,-0.239
951.21,0.424,0,0.651,0.480,1,0.000,0.000,0.000,0.000,0.000,0.000,0.029,-0.227
951.41,0.105,0,0.645,0.480,1,0.000,0.000,0.000,0.000,0.000,0.000,0.024,-0.213
951.61,0.426,0,0.645,0.480,1,0.000,0.000,0.000,0.000,0.000,0.000,0.021,-0.198
951.81,0.108,0,0.645,0.480,1,0.000,0.000,0.000,0.000,0.000,0.000,0.028,-0.214
952.01,0.105,0,0.725,0.481,0,0.000,0.000,0.000,0.000,0.000,0.000,0.015,-0.230
952.21,0.424,0,0.725,0.481,0,0.000,0.000,0.000,0.000,0.000,0.000,0.009,-0.210
952.41,0.108,0,0.746,0.480,0,0.000,0.000,0.000,0.000,0.000,0.000,0.021,-0.222
952.61,0.424,0,0.746,0.480,0,0.000,0.000,0.000,0.000,0.000,0.000,0.016,-0.236
952.81,0.105,0,0.746,0.480,0,0.000,0.000,0.000,0.000,0.000,0.000,0.013,-0.223
953.01,0.108,0,0.755,0.479,0,0.000,0.000,0.000,0.000,0.000,0.000,0.009,-0.205
953.21,0.108,0,0.755,0.479,0,0.000,0.000,0.000,0.000,0.000,0.000,0.012,-0.212
953.41,0.106,0,0.741,0.479,0,0.000,0.000,0.000,0.000,0.000,0.000,0.017,-0.223
953.61,0.106,0,0.741,0.479,0,0.000,0.000,0.000,0.000,0.000,0.000,0.022,-0.213
953.81,0.105,0,0.741,0.479,0,0.000,0.000,0.000,0.000,0.000,0.000,0.014,-0.219
954.01,0.108,0,0.740,0.480,0,0.000,0.000,0.000,0.000,0.000,0.000,0.031,-0.244
954.21,0.423,0,0.740,0.480,0,0.000,0.000,0.000,0.000,0.000,0.000,0.027,-0.238
954.41,0.424,0,0.736,0.479,0,0.000,0.000,0.000,0.000,0.000,0.000,0.024,-0.221
954.61,0.105,0,0.736,0.479,0,0.000,0.000,0.000,0.000,0.000,0.000,0.014,-0.201
954.81,0.108,0,0.736,0.479,0,0.000,0.000,0.000,0.000,0.000,0.000,0.019,-0.214
955.01,0.105,0,0.735,0.480,0,0.000,0.000,0.000,0.000,0.000,0.000,0.037,-0.237
955.21,0.105,0,0.735,0.480,0,0.000,0.000,0.000,0.000,0.000,0.000,0.027,-0.231
955.41,0.108,0,0.676,0.480,1,0.000,0.000,0.000,0.000,0.000,0.000,0.014,-0.223
955.61,0.421,0,0.676,0.480,1,0.000,0.000,0.000,0.000,0.000,0.000,0.024,-0.218
955.81,0.106,0,0.676,0.480,1,0.000,0.000,0.000,0.000,0.000,0.000,0.028,-0.220
956.01,0.108,0,0.679,0.480,1,0.000,0.000,0.000,0.000,0.000,0.000,0.026,-0.217
956.21,0.105,0,0.679,0.480,1,0.000,0.000,0.000,0.000,0.000,0.000,0.030,-0.220
956.41,0.108,0,0.683,0.480,0,0.000,0.000,0.000,0.000,0.000,0.000,0.030,-0.224
956.61,0.106,0,0.683,0.480,0,0.000,0.000,0.000,0.000,0.000,0.000,0.031,-0.227
956.81,0.106,0,0.683,0.480,0,0.000,0.000,0.000,0.000,0.000,0.000,0.039,-0.229
957.01,0.106,0,0.683,0.480,0,0.000,0.000,0.000,0.000,0.000,0.000,0.033,-0.220
957.21,0.108,0,0.683,0.480,0,0.000,0.000,0.000,0.000,0.000,0.000,0.022,-0.223
957.41,0.426,0,0.685,0.479,0,0.000,0.000,0.000,0.000,0.000,0.000,0.020,-0.240
957.61,0.424,0,0.685,0.479,0,0.000,0.000,0.000,0.000,0.000,0.000,0.027,-0.239
957.81,0.105,0,0.685,0.479,0,0.000,0.000,0.000,0.000,0.000,0.000,0.021,-0.217
958.01,0.108,0,0.685,0.477,0,0.000,0.000,0.000,0.000,0.000,0.000,0.019,-0.229
958.21,0.105,0,0.685,0.477,0,0.000,0.000,0.000,0.000,0.000,0.000,0.030,-0.235
958.41,0.108,0,0.685,0.480,0,0.000,0.000,0.000,0.000,0.000,0.000,0.030,-0.229
958.61,0.105,0,0.685,0.480,0,0.000,0.000,0.000,0.000,0.000,0.000,0.024,-0.231
958.81,0.106,0,0.685,0.480,0,0.000,0.000,0.000,0.000,0.000,0.000,0.025,-0.216
959.01,0.106,0,0.687,0.478,0,0.000,0.000,0.000,0.000,0.000,0.000,0.027,-0.201
959.21,0.106,0,0.687,0.478,0,0.000,0.000,0.000,0.000,0.000,0.000,0.015,-0.214
959.41,0.108,0,0.687,0.477,0,0.000,0.000,0.000,0.000,0.000,0.000,0.024,-0.243
959.61,0.501,0,0.687,0.477,0,0.000,0.000,0.000,0.000,0.000,0.000,0.036,-0.240
959.81,0.424,0,0.687,0.477,0,0.000,0.000,0.000,0.000,0.000,0.000,0.032,-0.230
960.01,0.105,0,0.688,0.480,0,0.000,0.000,0.000,0.000,0.000,0.000,0.017,-0.217
960.21,0.424,0,0.688,0.480,0,0.000,0.000,0.000,0.000,0.000,0.000,0.008,-0.220
960.41,0.424,0,0.690,0.480,0,0.000,0.000,0.000,0.000,0.000,0.000,0.032,-0.251
960.61,0.108,0,0.690,0.480,0,0.000,0.000,0.000,0.000,0.000,0.000,0.042,-0.263
960.81,0.105,0,0.690,0.480,0,0.000,0.000,0.000,0.000,0.000,0.000,0.012,-0.230
961.01,0.424,0,0.689,0.479,0,0.000,0.000,0.000,0.000,0.000,0.000,0.001,-0.214
961.21,0.105,0,0.689,0.479,0,0.000,0.000,0.000,0.000,0.000,0.000,0.013,-0.224
961.41,0.106,0,0.689,0.480,0,0.000,0.000,0.000,0.000,0.000,0.000,0.017,-0.221
961.61,0.108,0,0.689,0.480,0,0.000,0.000,0.000,0.000,0.000,0.000,-0.006,-0.222
961.81,0.106,0,0.689,0.480,0,0.000,0.000,0.000,0.000,0.000,0.000,-0.003,-0.222
962.01,0.108,0,0.690,0.480,0,0.000,0.000,0.000,0.000,0.000,0.000,0.018,-0.226
962.21,0.105,0,0.690,0.480,0,0.000,0.000,0.000,0.000,0.000,0.000,0.024,-0.235
962.41,0.106,0,0.689,0.481,0,0.000,0.000,0.000,0.000,0.000,0.000,0.006,-0.212
962.61,0.108,0,0.689,0.481,0,0.000,0.000,0.000,0.000,0.000,0.000,0.007,-0.208
962.81,0.502,0,0.689,0.481,0,0.000,0.000,0.000,0.000,0.000,0.000,0.023,-0.255
963.01,0.105,0,0.691,0.480,0,0.000,0.000,0.000,0.000,0.000,0.000,0.001,-0.221
963.21,0.424,0,0.691,0.480,0,0.000,0.000,0.000,0.000,0.000,0.000,0.009,-0.201
963.41,0.108,0,0.688,0.480,0,0.000,0.000,0.000,0.000,0.000,0.000,0.016,-0.220
963.61,0.424,0,0.688,0.480,0,0.000,0.000,0.000,0.000,0.000,0.000,0.009,-0.243
963.81,0.105,0,0.688,0.480,0,0.000,0.000,0.000,0.000,0.000,0.000,-0.009,-0.218
964.01,0.106,0,0.689,0.478,0,0.000,0.000,0.000,0.000,0.000,0.000,-0.005,-0.194
964.21,0.108,0,0.689,0.478,0,0.000,0.000,0.000,0.000,0.000,0.000,0.004,-0.224
964.41,0.108,0,0.689,0.479,0,0.000,0.000,0.000,0.000,0.000,0.000,-0.003,-0.231
964.61,0.424,0,0.689,0.479,0,0.000,0.000,0.000,0.000,0.000,0.000,0.001,-0.213
964.81,0.106,0,0.689,0.479,0,0.000,0.000,0.000,0.000,0.000,0.000,0.002,-0.198
965.01,0.424,0,0.690,0.480,0,0.000,0.000,0.000,0.000,0.000,0.000,0.011,-0.230
965.21,0.424,0,0.690,0.480,0,0.000,0.000,0.000,0.000,0.000,0.000,0.015,-0.246
965.41,0.424,0,0.691,0.480,0,0.000,0.000,0.000,0.000,0.000,0.000,0.012,-0.248
965.61,0.424,0,0.691,0.480,0,0.000,0.000,0.000,0.000,0.000,0.000,0.011,-0.236
965.81,0.105,0,0.691,0.480,0,0.000,0.000,0.000,0.000,0.000,0.000,0.003,-0.229
966.01,0.424,0,0.689,0.479,0,0.000,0.000,0.000,0.000,0.000,0.000,0.005,-0.228
966.21,0.424,0,0.689,0.479,0,0.000,0.000,0.000,0.000,0.000,0.000,0.024,-0.248
966.41,0.424,0,0.689,0.480,0,0.000,0.000,0.000,0.000,0.000,0.000,0.021,-0.244
966.61,0.105,0,0.689,0.480,0,0.000,0.000,0.000,0.000,0.000,0.000,0.005,-0.233
966.81,0.426,0,0.689,0.480,0,0.000,0.000,0.000,0.000,0.000,0.000,0.009,-0.221
967.01,0.424,0,0.689,0.479,0,0.000,0.000,0.000,0.000,0.000,0.000,0.020,-0.237
967.21,0.105,0,0.689,0.479,0,0.000,0.000,0.000,0.000,0.000,0.000,0.021,-0.256
967.41,0.424,0,0.690,0.480,0,0.000,0.000,0.000,0.000,0.000,0.000,0.021,-0.259
967.61,0.105,0,0.690,0.480,0,0.000,0.000,0.000,0.000,0.000,0.000,0.010,-0.226
967.81,0.424,0,0.690,0.480,0,0.000,0.000,0.000,0.000,0.000,0.000,0.007,-0.216
968.01,0.106,0,0.691,0.480,0,0.000,0.000,0.000,0.000,0.000,0.000,0.018,-0.217
968.21,0.108,0,0.691,0.480,0,0.000,0.000,0.000,0.000,0.000,0.000,0.018,-0.227
968.41,0.424,0,0.727,0.478,0,0.000,0.000,0.000,0.000,0.000,0.000,0.008,-0.232
968.61,0.108,0,0.727,0.478,0,0.000,0.000,0.000,0.000,0.000,0.000,0.007,-0.229
968.81,0.106,0,0.727,0.478,0,0.000,0.000,0.000,0.000,0.000,0.000,-0.004,-0.194
969.01,0.106,0,1.005,0.480,0,0.000,0.000,0.000,0.000,0.000,0.000,-0.009,-0.201
969.21,0.106,0,1.005,0.480,0,0.000,0.000,0.000,0.000,0.000,0.000,0.003,-0.212
969.41,0.105,0,0.988,0.480,0,0.000,0.000,0.000,0.000,0.000,0.000,-0.010,-0.211
969.61,0.502,0,0.988,0.480,0,0.000,0.000,0.000,0.000,0.000,0.000,-0.005,-0.221
969.81,0.424,0,0.988,0.480,0,0.000,0.000,0.000,0.000,0.000,0.000,0.004,-0.232
970.01,0.501,0,0.978,0.479,0,0.000,0.000,0.000,0.000,0.000,0.000,0.009,-0.229
970.21,0.424,0,0.978,0.479,0,0.000,0.000,0.000,0.000,0.000,0.000,-0.002,-0.223
970.41,0.108,0,0.965,0.480,0,0.000,0.000,0.000,0.000,0.000,0.000,0.000,-0.222
970.61,0.108,0,0.965,0.480,0,0.000,0.000,0.000,0.000,0.000,0.000,0.009,-0.216
970.81,0.105,0,0.965,0.480,0,0.000,0.000,0.000,0.000,0.000,0.000,-0.010,-0.179
971.01,0.105,0,0.973,0.480,0,0.000,0.000,0.000,0.000,0.000,0.000,-0.016,-0.186
971.21,0.105,0,0.973,0.480,0,0.000,0.000,0.000,0.000,0.000,0.000,-0.004,-0.216
971.41,0.105,0,0.973,0.480,0,0.000,0.000,0.000,0.000,0.000,0.000,0.006,-0.220
971.61,0.108,0,0.973,0.480,0,0.000,0.000,0.000,0.000,0.000,0.000,0.002,-0.206
971.81,0.108,0,0.973,0.480,0,0.000,0.000,0.000,0.000,0.000,0.000,0.004,-0.198
972.01,0.105,0,0.976,0.480,0,0.000,0.000,0.000,0.000,0.000,0.000,-0.011,-0.192
972.21,0.105,0,0.976,0.480,0,0.000,0.000,0.000,0.000,0.000,0.000,-0.022,-0.199
972.41,0.106,0,0.969,0.480,0,0.000,0.000,0.000,0.000,0.000,0.000,-0.009,-0.195
972.61,0.106,0,0.969,0.480,0,0.000,0.000,0.000,0.000,0.000,0.000,0.011,-0.200
972.81,0.106,0,0.969,0.480,0,0.000,0.000,0.000,0.000,0.000,0.000,0.009,-0.205
973.01,0.108,0,0.980,0.480,0,0.000,0.000,0.000,0.000,0.000,0.000,-0.013,-0.191
973.21,0.424,0,0.980,0.480,0,0.000,0.000,0.000,0.000,0.000,0.000,-0.012,-0.200
973.41,0.421,0,0.964,0.480,0,0.000,0.000,0.000,0.000,0.000,0.000,0.002,-0.211
973.61,0.108,0,0.964,0.480,0,0.000,0.000,0.000,0.000,0.000,0.000,0.004,-0.209
973.81,0.421,0,0.964,0.480,0,0.000,0.000,0.000,0.000,0.000,0.000,0.002,-0.210
974.01,0.424,0,0.942,0.478,0,0.000,0.000,0.000,0.000,0.000,0.000,-0.001,-0.210
974.21,0.106,0,0.942,0.478,0,0.000,0.000,0.000,0.000,0.000,0.000,-0.015,-0.202
974.41,0.105,0,0.969,0.480,0,0.000,0.000,0.000,0.000,0.000,0.000,-0.017,-0.203
974.61,0.108,0,0.969,0.480,0,0.000,0.000,0.000,0.000,0.000,0.000,-0.007,-0.195
974.81,0.108,0,0.969,0.480,0,0.000,0.000,0.000,0.000,0.000,0.000,-0.001,-0.206
975.01,0.426,0,0.977,0.480,0,0.000,0.000,0.000,0.000,0.000,0.000,-0.010,-0.213
975.21,0.108,0,0.977,0.480,0,0.000,0.000,0.000,0.000,0.000,0.000,-0.002,-0.215
975.41,0.424,0,0.966,0.481,0,0.000,0.000,0.000,0.000,0.000,0.000,-0.006,-0.212
975.61,0.424,0,0.966,0.481,0,0.000,0.000,0.000,0.000,0.000,0.000,-0.014,-0.198
975.81,0.108,0,0.966,0.481,0,0.000,0.000,0.000,0.000,0.000,0.000,-0.012,-0.199
976.01,0.423,0,0.963,0.479,0,0.000,0.000,0.000,0.000,0.000,0.000,-0.008,-0.208
976.21,0.105,0,0.963,0.479,0,0.000,0.000,0.000,0.000,0.000,0.000,-0.018,-0.189
976.41,0.424,0,0.964,0.480,0,0.000,0.000,0.000,0.000,0.000,0.000,-0.017,-0.192
976.61,0.105,0,0.964,0.480,0,0.000,0.000,0.000,0.000,0.000,0.000,-0.015,-0.199
976.81,0.423,0,0.964,0.480,0,0.000,0.000,0.000,0.000,0.000,0.000,-0.015,-0.201
977.01,0.105,0,0.959,0.481,0,0.000,0.000,0.000,0.000,0.000,0.000,-0.017,-0.201
977.21,0.105,0,0.959,0.481,0,0.000,0.000,0.000,0.000,0.000,0.000,-0.013,-0.201
977.41,0.106,0,0.940,0.481,0,0.000,0.000,0.000,0.000,0.000,0.000,-0.009,-0.194
977.61,0.424,0,0.940,0.481,0,0.000,0.000,0.000,0.000,0.000,0.000,-0.011,-0.196
977.81,0.424,0,0.940,0.481,0,0.000,0.000,0.000,0.000,0.000,0.000,-0.007,-0.210
978.01,0.108,0,0.952,0.480,0,0.000,0.000,0.000,0.000,0.000,0.000,0.001,-0.220
978.21,0.426,0,0.952,0.480,0,0.000,0.000,0.000,0.000,0.000,0.000,-0.002,-0.204
978.41,0.106,0,0.954,0.480,0,0.000,0.000,0.000,0.000,0.000,0.000,-0.023,-0.157
978.61,0.424,0,0.954,0.480,0,0.000,0.000,0.000,0.000,0.000,0.000,-0.027,-0.175
978.81,0.105,0,0.954,0.480,0,0.000,0.000,0.000,0.000,0.000,0.000,-0.018,-0.209
979.01,0.424,0,0.961,0.480,0,0.000,0.000,0.000,0.000,0.000,0.000,-0.008,-0.201
979.21,0.108,0,0.961,0.480,0,0.000,0.000,0.000,0.000,0.000,0.000,0.010,-0.195
979.41,0.424,0,0.964,0.480,0,0.000,0.000,0.000,0.000,0.000,0.000,-0.001,-0.209
979.61,0.424,0,0.964,0.480,0,0.000,0.000,0.000,0.000,0.000,0.000,-0.012,-0.200
979.81,0.424,0,0.964,0.480,0,0.000,0.000,0.000,0.000,0.000,0.000,-0.009,-0.196
980.01,0.106,0,0.964,0.478,0,0.000,0.000,0.000,0.000,0.000,0.000,-0.006,-0.191
980.21,0.424,0,0.964,0.478,0,0.000,0.000,0.000,0.000,0.000,0.000,-0.005,-0.187
980.41,0.108,0,0.969,0.480,0,0.000,0.000,0.000,0.000,0.000,0.000,0.007,-0.210
980.61,0.424,0,0.969,0.480,0,0.000,0.000,0.000,0.000,0.000,0.000,0.003,-0.229
980.81,0.108,0,0.969,0.480,0,0.000,0.000,0.000,0.000,0.000,0.000,0.001,-0.228
981.01,0.424,0,0.954,0.480,0,0.000,0.000,0.000,0.000,0.000,0.000,-0.007,-0.200
981.21,0.424,0,0.954,0.480,0,0.000,0.000,0.000,0.000,0.000,0.000,-0.013,-0.207
981.41,0.424,0,0.957,0.478,0,0.000,0.000,0.000,0.000,0.000,0.000,0.007,-0.225
981.61,0.105,0,0.957,0.478,0,0.000,0.000,0.000,0.000,0.000,0.000,-0.003,-0.209
981.81,0.426,0,0.957,0.478,0,0.000,0.000,0.000,0.000,0.000,0.000,-0.009,-0.188
982.01,0.108,0,0.956,0.477,0,0.000,0.000,0.000,0.000,0.000,0.000,0.002,-0.197
982.21,0.423,0,0.956,0.477,0,0.000,0.000,0.000,0.000,0.000,0.000,0.004,-0.209
982.41,0.105,0,0.968,0.480,0,0.000,0.000,0.000,0.000,0.000,0.000,-0.002,-0.194
982.61,0.106,0,0.968,0.480,0,0.000,0.000,0.000,0.000,0.000,0.000,-0.027,-0.166
982.81,0.106,0,0.968,0.480,0,0.000,0.000,0.000,0.000,0.000,0.000,-0.029,-0.173
983.01,0.108,0,0.967,0.480,0,0.000,0.000,0.000,0.000,0.000,0.000,-0.005,-0.191
983.21,0.108,0,0.967,0.480,0,0.000,0.000,0.000,0.000,0.000,0.000,-0.004,-0.194
983.41,0.105,0,0.960,0.480,0,0.000,0.000,0.000,0.000,0.000,0.000,-0.019,-0.196
983.61,0.426,0,0.960,0.480,0,0.000,0.000,0.000,0.000,0.000,0.000,-0.018,-0.182
983.81,0.106,0,0.960,0.480,0,0.000,0.000,0.000,0.000,0.000,0.000,-0.004,-0.192
984.01,0.424,0,0.955,0.478,0,0.000,0.000,0.000,0.000,0.000,0.000,0.001,-0.206
984.21,0.105,0,0.955,0.478,0,0.000,0.000,0.000,0.000,0.000,0.000,-0.008,-0.208
984.41,0.105,0,0.956,0.481,0,0.000,0.000,0.000,0.000,0.000,0.000,-0.012,-0.199
984.61,0.424,0,0.956,0.481,0,0.000,0.000,0.000,0.000,0.000,0.000,-0.008,-0.198
984.81,0.105,0,0.956,0.481,0,0.000,0.000,0.000,0.000,0.000,0.000,-0.011,-0.192
985.01,0.108,0,0.950,0.480,0,0.000,0.000,0.000,0.000,0.000,0.000,-0.012,-0.200
985.21,0.424,0,0.950,0.480,0,0.000,0.000,0.000,0.000,0.000,0.000,-0.010,-0.209
985.41,0.105,0,0.938,0.480,0,0.000,0.000,0.000,0.000,0.000,0.000,-0.019,-0.190
985.61,0.424,0,0.938,0.480,0,0.000,0.000,0.000,0.000,0.000,0.000,-0.017,-0.188
985.81,0.106,0,0.938,0.480,0,0.000,0.000,0.000,0.000,0.000,0.000,-0.016,-0.188
986.01,0.105,0,0.918,0.480,0,0.000,0.000,0.000,0.000,0.000,0.000,-0.016,-0.188
986.21,0.424,0,0.918,0.480,0,0.000,0.000,0.000,0.000,0.000,0.000,-0.005,-0.183
986.41,0.106,0,0.932,0.480,0,0.000,0.000,0.000,0.000,0.000,0.000,0.006,-0.181
986.61,0.421,0,0.932,0.480,0,0.000,0.000,0.000,0.000,0.000,0.000,-0.007,-0.196
986.81,0.108,0,0.932,0.480,0,0.000,0.000,0.000,0.000,0.000,0.000,-0.009,-0.212
987.01,0.424,0,0.939,0.480,0,0.000,0.000,0.000,0.000,0.000,0.000,-0.011,-0.209
987.21,0.424,0,0.939,0.480,0,0.000,0.000,0.000,0.000,0.000,0.000,-0.018,-0.198
987.41,0.105,0,1.026,0.480,0,0.000,0.000,0.000,0.000,0.000,0.000,-0.027,-0.184
987.61,0.424,0,1.026,0.480,0,0.000,0.000,0.000,0.000,0.000,0.000,-0.022,-0.180
987.81,0.105,0,1.026,0.480,0,0.000,0.000,0.000,0.000,0.000,0.000,-0.024,-0.176
988.01,0.108,0,1.113,0.481,0,0.000,0.000,0.000,0.000,0.000,0.000,0.003,-0.218
988.21,0.426,0,1.113,0.481,0,0.000,0.000,0.000,0.000,0.000,0.000,0.009,-0.226
988.41,0.108,0,1.214,0.477,0,0.000,0.000,0.000,0.000,0.000,0.000,-0.003,-0.205
988.61,0.423,0,1.214,0.477,0,0.000,0.000,0.000,0.000,0.000,0.000,-0.006,-0.199
988.81,0.108,0,1.214,0.477,0,0.000,0.000,0.000,0.000,0.000,0.000,0.002,-0.207
989.01,0.424,0,1.275,0.476,0,0.000,0.000,0.000,0.000,0.000,0.000,0.011,-0.195
989.21,0.108,0,1.275,0.476,0,0.000,0.000,0.000,0.000,0.000,0.000,0.007,-0.200
989.41,0.105,0,1.266,0.476,0,0.000,0.000,0.000,0.000,0.000,0.000,-0.008,-0.207
989.61,0.106,0,1.266,0.476,0,0.000,0.000,0.000,0.000,0.000,0.000,-0.008,-0.183
989.81,0.108,0,1.266,0.476,0,0.000,0.000,0.000,0.000,0.000,0.000,0.007,-0.200
990.01,0.105,0,1.058,0.478,0,0.000,0.000,0.000,0.000,0.000,0.000,0.006,-0.240
990.21,0.105,0,1.058,0.478,0,0.000,0.000,0.000,0.000,0.000,0.000,-0.002,-0.228
990.41,0.106,0,0.890,0.479,0,0.000,0.000,0.000,0.000,0.000,0.000,-0.011,-0.193
990.61,0.108,0,0.890,0.479,0,0.000,0.000,0.000,0.000,0.000,0.000,0.001,-0.224
990.81,0.108,0,0.890,0.479,0,0.000,0.000,0.000,0.000,0.000,0.000,0.004,-0.250
991.01,0.105,0,0.880,0.481,0,0.000,0.000,0.000,0.000,0.000,0.000,-0.002,-0.227
991.21,0.105,0,0.880,0.481,0,0.000,0.000,0.000,0.000,0.000,0.000,-0.008,-0.199
991.41,0.105,0,0.826,0.482,0,0.000,0.000,0.000,0.000,0.000,0.000,-0.000,-0.210
991.61,0.106,0,0.826,0.482,0,0.000,0.000,0.000,0.000,0.000,0.000,0.004,-0.220
991.81,0.502,0,0.826,0.482,0,0.000,0.000,0.000,0.000,0.000,0.000,-0.004,-0.230
992.01,0.426,0,0.871,0.480,0,0.000,0.000,0.000,0.000,0.000,0.000,-0.008,-0.216
992.21,0.108,0,0.871,0.480,0,0.000,0.000,0.000,0.000,0.000,0.000,0.002,-0.213
992.41,0.424,0,0.892,0.481,0,0.000,0.000,0.000,0.000,0.000,0.000,-0.002,-0.203
992.61,0.106,0,0.892,0.481,0,0.000,0.000,0.000,0.000,0.000,0.000,-0.014,-0.212
992.81,0.424,0,0.892,0.481,0,0.000,0.000,0.000,0.000,0.000,0.000,-0.009,-0.235
993.01,0.108,0,0.889,0.480,0,0.000,0.000,0.000,0.000,0.000,0.000,-0.001,-0.220
993.21,0.105,0,0.889,0.480,0,0.000,0.000,0.000,0.000,0.000,0.000,-0.003,-0.218
993.41,0.106,0,0.887,0.482,0,0.000,0.000,0.000,0.000,0.000,0.000,-0.021,-0.205
993.61,0.106,0,0.887,0.482,0,0.000,0.000,0.000,0.000,0.000,0.000,-0.012,-0.200
993.81,0.501,0,0.887,0.482,0,0.000,0.000,0.000,0.000,0.000,0.000,0.007,-0.227
994.01,0.105,0,0.885,0.480,0,0.000,0.000,0.000,0.000,0.000,0.000,-0.002,-0.220
994.21,0.108,0,0.885,0.480,0,0.000,0.000,0.000,0.000,0.000,0.000,-0.013,-0.186
994.41,0.501,0,0.882,0.482,0,0.000,0.000,0.000,0.000,0.000,0.000,-0.011,-0.206
994.61,0.424,0,0.882,0.482,0,0.000,0.000,0.000,0.000,0.000,0.000,-0.017,-0.211
994.81,0.105,0,0.882,0.482,0,0.000,0.000,0.000,0.000,0.000,0.000,-0.004,-0.209
995.01,0.424,0,0.883,0.482,0,0.000,0.000,0.000,0.000,0.000,0.000,0.004,-0.215
995.21,0.105,0,0.883,0.482,0,0.000,0.000,0.000,0.000,0.000,0.000,-0.015,-0.202
995.41,0.423,0,0.883,0.482,0,0.000,0.000,0.000,0.000,0.000,0.000,-0.015,-0.196
995.61,0.108,0,0.883,0.482,0,0.000,0.000,0.000,0.000,0.000,0.000,0.006,-0.220
995.81,0.424,0,0.883,0.482,0,0.000,0.000,0.000,0.000,0.000,0.000,0.003,-0.230
996.01,0.424,0,0.887,0.482,0,0.000,0.000,0.000,0.000,0.000,0.000,-0.002,-0.229
996.21,0.106,0,0.887,0.482,0,0.000,0.000,0.000,0.000,0.000,0.000,-0.019,-0.210
996.41,0.424,0,0.885,0.482,0,0.000,0.000,0.000,0.000,0.000,0.000,0.001,-0.227
996.61,0.106,0,0.885,0.482,0,0.000,0.000,0.000,0.000,0.000,0.000,0.006,-0.226
996.81,0.424,0,0.885,0.482,0,0.000,0.000,0.000,0.000,0.000,0.000,-0.001,-0.216
997.01,0.105,0,0.884,0.482,0,0.000,0.000,0.000,0.000,0.000,0.000,-0.016,-0.219
997.21,0.105,0,0.884,0.482,0,0.000,0.000,0.000,0.000,0.000,0.000,-0.023,-0.204
997.41,0.108,0,0.885,0.480,0,0.000,0.000,0.000,0.000,0.000,0.000,-0.010,-0.204
997.61,0.424,0,0.885,0.480,0,0.000,0.000,0.000,0.000,0.000,0.000,0.011,-0.222
997.81,0.502,0,0.885,0.480,0,0.000,0.000,0.000,0.000,0.000,0.000,0.006,-0.226
998.01,0.424,0,0.883,0.481,0,0.000,0.000,0.000,0.000,0.000,0.000,-0.031,-0.198
998.21,0.106,0,0.883,0.481,0,0.000,0.000,0.000,0.000,0.000,0.000,-0.019,-0.186
998.41,0.424,0,0.882,0.481,0,0.000,0.000,0.000,0.000,0.000,0.000,0.007,-0.213
998.61,0.424,0,0.882,0.481,0,0.000,0.000,0.000,0.000,0.000,0.000,-0.005,-0.219
998.81,0.108,0,0.882,0.481,0,0.000,0.000,0.000,0.000,0.000,0.000,-0.007,-0.206
999.01,0.424,0,0.880,0.481,0,0.000,0.000,0.000,0.000,0.000,0.000,-0.003,-0.211
999.21,0.105,0,0.880,0.481,0,0.000,0.000,0.000,0.000,0.000,0.000,-0.020,-0.222
999.41,0.424,0,0.883,0.481,0,0.000,0.000,0.000,0.000,0.000,0.000,-0.015,-0.231
999.61,0.424,0,0.883,0.481,0,0.000,0.000,0.000,0.000,0.000,0.000,0.002,-0.233
999.81,0.106,0,0.883,0.481,0,0.000,0.000,0.000,0.000,0.000,0.000,-0.001,-0.222
1000.01,0.108,0,0.881,0.480,0,0.000,0.000,0.000,0.000,0.000,0.000,0.002,-0.218
1000.21,0.424,0,0.881,0.480,0,0.000,0.000,0.000,0.000,0.000,0.000,0.007,-0.222
1000.41,0.108,0,0.884,0.480,0,0.000,0.000,0.000,0.000,0.000,0.000,0.003,-0.217
1000.61,0.424,0,0.884,0.480,0,0.000,0.000,0.000,0.000,0.000,0.000,0.012,-0.215
1000.81,0.105,0,0.884,0.480,0,0.000,0.000,0.000,0.000,0.000,0.000,-0.007,-0.199
1001.01,0.105,0,0.886,0.481,0,0.000,0.000,0.000,0.000,0.000,0.000,-0.018,-0.168
1001.21,0.106,0,0.886,0.481,0,0.000,0.000,0.000,0.000,0.000,0.000,-0.017,-0.165
1001.41,0.105,0,0.883,0.482,0,0.000,0.000,0.000,0.000,0.000,0.000,-0.002,-0.201
1001.61,0.424,0,0.883,0.482,0,0.000,0.000,0.000,0.000,0.000,0.000,0.006,-0.217
1001.81,0.108,0,0.883,0.482,0,0.000,0.000,0.000,0.000,0.000,0.000,0.015,-0.216
1002.01,0.424,0,0.880,0.481,0,0.000,0.000,0.000,0.000,0.000,0.000,0.006,-0.197
1002.21,0.105,0,0.880,0.481,0,0.000,0.000,0.000,0.000,0.000,0.000,-0.021,-0.184
1002.41,0.106,0,0.882,0.481,0,0.000,0.000,0.000,0.000,0.000,0.000,-0.017,-0.179
1002.61,0.106,0,0.882,0.481,0,0.000,0.000,0.000,0.000,0.000,0.000,0.031,-0.194
1002.81,0.108,0,0.882,0.481,0,0.000,0.000,0.000,0.000,0.000,0.000,0.037,-0.224
1003.01,0.424,0,0.827,0.481,0,0.000,0.000,0.000,0.000,0.000,0.000,0.013,-0.214
1003.21,0.108,0,0.827,0.481,0,0.000,0.000,0.000,0.000,0.000,0.000,-0.000,-0.212
1003.41,0.105,0,0.706,0.481,0,0.000,0.000,0.000,0.000,0.000,0.000,-0.008,-0.212
1003.61,0.421,0,0.706,0.481,0,0.000,0.000,0.000,0.000,0.000,0.000,0.004,-0.209
1003.81,0.105,0,0.706,0.481,0,0.000,0.000,0.000,0.000,0.000,0.000,0.029,-0.245
1004.01,0.105,0,0.884,0.483,0,0.000,0.000,0.000,0.000,0.000,0.000,0.015,-0.228
1004.21,0.108,0,0.884,0.483,0,0.000,0.000,0.000,0.000,0.000,0.000,0.009,-0.186
1004.41,0.409,0,0.880,0.483,0,0.000,0.000,0.000,0.000,0.000,0.000,0.021,-0.234
1004.61,0.105,0,0.880,0.483,0,0.000,0.000,0.000,0.000,0.000,0.000,0.019,-0.259
1004.81,0.105,0,0.880,0.483,0,0.000,0.000,0.000,0.000,0.000,0.000,0.003,-0.214
1005.01,0.106,0,0.882,0.483,0,0.000,0.000,0.000,0.000,0.000,0.000,-0.000,-0.187
1005.21,0.108,0,0.882,0.483,0,0.000,0.000,0.000,0.000,0.000,0.000,0.027,-0.239
1005.41,0.106,0,0.881,0.482,0,0.000,0.000,0.000,0.000,0.000,0.000,0.022,-0.229
1005.61,0.108,0,0.881,0.482,0,0.000,0.000,0.000,0.000,0.000,0.000,0.017,-0.217
1005.81,0.362,0,0.881,0.482,0,0.000,0.000,0.000,0.000,0.000,0.000,0.029,-0.229
1006.01,0.106,0,0.885,0.482,0,0.000,0.000,0.000,0.000,0.000,0.000,0.024,-0.197
1006.21,0.423,0,0.885,0.482,0,0.000,0.000,0.000,0.000,0.000,0.000,0.024,-0.179
1006.41,0.424,0,0.871,0.482,0,0.000,0.000,0.000,0.000,0.000,0.000,0.035,-0.228
1006.61,0.105,0,0.871,0.482,0,0.000,0.000,0.000,0.000,0.000,0.000,0.027,-0.222
1006.81,0.108,0,0.871,0.482,0,0.000,0.000,0.000,0.000,0.000,0.000,0.025,-0.154
1007.01,0.105,0,0.885,0.482,0,0.000,0.000,0.000,0.000,0.000,0.000,0.031,-0.155
1007.21,0.502,0,0.885,0.482,0,0.000,0.000,0.000,0.000,0.000,0.000,0.021,-0.203
1007.41,0.108,0,0.877,0.481,0,0.000,0.000,0.000,0.000,0.000,0.000,0.008,-0.200
1007.61,0.423,0,0.877,0.481,0,0.000,0.000,0.000,0.000,0.000,0.000,0.014,-0.166
1007.81,0.424,0,0.877,0.481,0,0.000,0.000,0.000,0.000,0.000,0.000,0.026,-0.176
1008.01,0.105,0,0.874,0.481,0,0.000,0.000,0.000,0.000,0.000,0.000,0.024,-0.198
1008.21,0.424,0,0.874,0.481,0,0.000,0.000,0.000,0.000,0.000,0.000,0.014,-0.195
1008.41,0.108,0,0.878,0.482,0,0.000,0.000,0.000,0.000,0.000,0.000,0.006,-0.181
1008.61,0.105,0,0.878,0.482,0,0.000,0.000,0.000,0.000,0.000,0.000,0.014,-0.186
1008.81,0.424,0,0.878,0.482,0,0.000,0.000,0.000,0.000,0.000,0.000,0.020,-0.192
1009.01,0.424,0,0.874,0.480,0,0.000,0.000,0.000,0.000,0.000,0.000,0.020,-0.197
1009.21,0.105,0,0.874,0.480,0,0.000,0.000,0.000,0.000,0.000,0.000,0.017,-0.194
1009.41,0.108,0,0.879,0.482,0,0.000,0.000,0.000,0.000,0.000,0.000,0.012,-0.182
1009.61,0.105,0,0.879,0.482,0,0.000,0.000,0.000,0.000,0.000,0.000,0.022,-0.183
1009.81,0.105,0,0.879,0.482,0,0.000,0.000,0.000,0.000,0.000,0.000,0.032,-0.197
1010.01,0.106,0,0.869,0.483,0,0.000,0.000,0.000,0.000,0.000,0.000,0.035,-0.201
1010.21,0.424,0,0.869,0.483,0,0.000,0.000,0.000,0.000,0.000,0.000,0.025,-0.206
1010.41,0.108,0,0.869,0.483,0,0.000,0.000,0.000,0.000,0.000,0.000,0.015,-0.205
1010.61,0.108,0,0.869,0.483,0,0.000,0.000,0.000,0.000,0.000,0.000,0.025,-0.200
1010.81,0.106,0,0.869,0.483,0,0.000,0.000,0.000,0.000,0.000,0.000,0.021,-0.187
1011.01,0.105,0,0.882,0.481,0,0.000,0.000,0.000,0.000,0.000,0.000,0.019,-0.192
1011.21,0.105,0,0.882,0.481,0,0.000,0.000,0.000,0.000,0.000,0.000,0.025,-0.185
1011.41,0.105,0,0.883,0.483,0,0.000,0.000,0.000,0.000,0.000,0.000,0.025,-0.183
1011.61,0.108,0,0.883,0.483,0,0.000,0.000,0.000,0.000,0.000,0.000,0.019,-0.182
1011.81,0.502,0,0.883,0.483,0,0.000,0.000,0.000,0.000,0.000,0.000,0.022,-0.199
1012.01,0.108,0,0.884,0.482,0,0.000,0.000,0.000,0.000,0.000,0.000,0.027,-0.192
1012.21,0.105,0,0.884,0.482,0,0.000,0.000,0.000,0.000,0.000,0.000,0.022,-0.174
1012.41,0.424,0,0.872,0.482,0,0.000,0.000,0.000,0.000,0.000,0.000,0.021,-0.190
1012.61,0.424,0,0.872,0.482,0,0.000,0.000,0.000,0.000,0.000,0.000,0.032,-0.214
1012.81,0.106,0,0.872,0.482,0,0.000,0.000,0.000,0.000,0.000,0.000,0.031,-0.209
1013.01,0.105,0,0.868,0.481,0,0.000,0.000,0.000,0.000,0.000,0.000,0.032,-0.209
1013.21,0.502,0,0.868,0.481,0,0.000,0.000,0.000,0.000,0.000,0.000,0.028,-0.214
1013.41,0.424,0,0.877,0.480,0,0.000,0.000,0.000,0.000,0.000,0.000,0.032,-0.214
1013.61,0.423,0,0.877,0.480,0,0.000,0.000,0.000,0.000,0.000,0.000,0.046,-0.210
1013.81,0.105,0,0.877,0.480,0,0.000,0.000,0.000,0.000,0.000,0.000,0.044,-0.216
1014.01,0.105,0,0.876,0.480,0,0.000,0.000,0.000,0.000,0.000,0.000,0.027,-0.187
1014.21,0.105,0,0.876,0.480,0,0.000,0.000,0.000,0.000,0.000,0.000,0.033,-0.198
1014.41,0.424,0,0.884,0.480,0,0.000,0.000,0.000,0.000,0.000,0.000,0.042,-0.233
1014.61,0.424,0,0.884,0.480,0,0.000,0.000,0.000,0.000,0.000,0.000,0.045,-0.231
1014.81,0.105,0,0.884,0.480,0,0.000,0.000,0.000,0.000,0.000,0.000,0.047,-0.222
1015.01,0.105,0,0.885,0.480,0,0.000,0.000,0.000,0.000,0.000,0.000,0.039,-0.214
1015.21,0.106,0,0.885,0.480,0,0.000,0.000,0.000,0.000,0.000,0.000,0.036,-0.195
1015.41,0.108,0,0.879,0.481,0,0.000,0.000,0.000,0.000,0.000,0.000,0.044,-0.218
1015.61,0.108,0,0.879,0.481,0,0.000,0.000,0.000,0.000,0.000,0.000,0.038,-0.217
1015.81,0.105,0,0.879,0.481,0,0.000,0.000,0.000,0.000,0.000,0.000,0.036,-0.224
1016.01,0.424,0,0.876,0.481,0,0.000,0.000,0.000,0.000,0.000,0.000,0.037,-0.220
1016.21,0.106,0,0.876,0.481,0,0.000,0.000,0.000,0.000,0.000,0.000,0.035,-0.206
1016.41,0.424,0,0.885,0.482,0,0.000,0.000,0.000,0.000,0.000,0.000,0.043,-0.220
1016.61,0.424,0,0.885,0.482,0,0.000,0.000,0.000,0.000,0.000,0.000,0.040,-0.235
1016.81,0.424,0,0.885,0.482,0,0.000,0.000,0.000,0.000,0.000,0.000,0.035,-0.224
1017.01,0.106,0,0.881,0.482,0,0.000,0.000,0.000,0.000,0.000,0.000,0.039,-0.213
1017.21,0.105,0,0.881,0.482,0,0.000,0.000,0.000,0.000,0.000,0.000,0.036,-0.246
1017.41,0.105,0,0.909,0.480,0,0.000,0.000,0.000,0.000,0.000,0.000,0.032,-0.235
1017.61,0.106,0,0.909,0.480,0,0.000,0.000,0.000,0.000,0.000,0.000,0.039,-0.209
1017.81,0.108,0,0.909,0.480,0,0.000,0.000,0.000,0.000,0.000,0.000,0.033,-0.243
1018.01,0.108,0,0.937,0.481,0,0.000,0.000,0.000,0.000,0.000,0.000,0.033,-0.260
1018.21,0.108,0,0.937,0.481,0,0.000,0.000,0.000,0.000,0.000,0.000,0.044,-0.241
1018.41,0.501,0,0.914,0.481,0,0.000,0.000,0.000,0.000,0.000,0.000,0.043,-0.231
1018.61,0.424,0,0.914,0.481,0,0.000,0.000,0.000,0.000,0.000,0.000,0.025,-0.248
1018.81,0.424,0,0.914,0.481,0,0.000,0.000,0.000,0.000,0.000,0.000,0.009,-0.235
1019.01,0.424,0,0.896,0.481,0,0.000,0.000,0.000,0.000,0.000,0.000,0.022,-0.218
1019.21,0.105,0,0.896,0.481,0,0.000,0.000,0.000,0.000,0.000,0.000,0.030,-0.205
1019.41,0.424,0,0.899,0.482,0,0.000,0.000,0.000,0.000,0.000,0.000,0.042,-0.233
1019.61,0.424,0,0.899,0.482,0,0.000,0.000,0.000,0.000,0.000,0.000,0.040,-0.258
1019.81,0.424,0,0.899,0.482,0,0.000,0.000,0.000,0.000,0.000,0.000,0.027,-0.252
1020.01,0.105,0,0.891,0.483,0,0.000,0.000,0.000,0.000,0.000,0.000,0.014,-0.218
1020.21,0.108,0,0.891,0.483,0,0.000,0.000,0.000,0.000,0.000,0.000,0.021,-0.213
1020.41,0.105,0,0.897,0.483,0,0.000,0.000,0.000,0.000,0.000,0.000,0.029,-0.233
1020.61,0.502,0,0.897,0.483,0,0.000,0.000,0.000,0.000,0.000,0.000,0.033,-0.233
1020.81,0.424,0,0.897,0.483,0,0.000,0.000,0.000,0.000,0.000,0.000,0.034,-0.229
1021.01,0.108,0,0.897,0.482,0,0.000,0.000,0.000,0.000,0.000,0.000,0.014,-0.221
1021.21,0.105,0,0.897,0.482,0,0.000,0.000,0.000,0.000,0.000,0.000,0.029,-0.218
1021.41,0.105,0,0.890,0.482,0,0.000,0.000,0.000,0.000,0.000,0.000,0.031,-0.221
1021.61,0.424,0,0.890,0.482,0,0.000,0.000,0.000,0.000,0.000,0.000,0.022,-0.233
1021.81,0.108,0,0.890,0.482,0,0.000,0.000,0.000,0.000,0.000,0.000,0.019,-0.238
1022.01,0.105,0,0.891,0.482,0,0.000,0.000,0.000,0.000,0.000,0.000,0.012,-0.218
1022.21,0.108,0,0.891,0.482,0,0.000,0.000,0.000,0.000,0.000,0.000,0.016,-0.216
1022.41,0.424,0,0.892,0.482,0,0.000,0.000,0.000,0.000,0.000,0.000,0.024,-0.240
1022.61,0.105,0,0.892,0.482,0,0.000,0.000,0.000,0.000,0.000,0.000,0.009,-0.233
1022.81,0.105,0,0.892,0.482,0,0.000,0.000,0.000,0.000,0.000,0.000,0.003,-0.205
1023.01,0.105,0,0.899,0.483,0,0.000,0.000,0.000,0.000,0.000,0.000,0.009,-0.208
1023.21,0.424,0,0.899,0.483,0,0.000,0.000,0.000,0.000,0.000,0.000,0.013,-0.246
1023.41,0.502,0,0.893,0.482,0,0.000,0.000,0.000,0.000,0.000,0.000,0.015,-0.265
1023.61,0.424,0,0.893,0.482,0,0.000,0.000,0.000,0.000,0.000,0.000,0.009,-0.254
1023.81,0.106,0,0.893,0.482,0,0.000,0.000,0.000,0.000,0.000,0.000,0.008,-0.217
1024.01,0.424,0,0.893,0.482,0,0.000,0.000,0.000,0.000,0.000,0.000,0.005,-0.214
1024.21,0.424,0,0.893,0.482,0,0.000,0.000,0.000,0.000,0.000,0.000,0.011,-0.236
1024.41,0.424,0,0.891,0.482,0,0.000,0.000,0.000,0.000,0.000,0.000,0.018,-0.239
1024.61,0.424,0,0.891,0.482,0,0.000,0.000,0.000,0.000,0.000,0.000,0.003,-0.227
1024.81,0.106,0,0.891,0.482,0,0.000,0.000,0.000,0.000,0.000,0.000,0.004,-0.213
1025.01,0.423,0,0.895,0.480,0,0.000,0.000,0.000,0.000,0.000,0.000,0.015,-0.225
1025.21,0.108,0,0.895,0.480,0,0.000,0.000,0.000,0.000,0.000,0.000,0.029,-0.232
1025.41,0.424,0,0.897,0.482,0,0.000,0.000,0.000,0.000,0.000,0.000,0.020,-0.220
1025.61,0.105,0,0.897,0.482,0,0.000,0.000,0.000,0.000,0.000,0.000,0.002,-0.222
1025.81,0.424,0,0.897,0.482,0,0.000,0.000,0.000,0.000,0.000,0.000,0.014,-0.233
1026.01,0.105,0,0.894,0.483,0,0.000,0.000,0.000,0.000,0.000,0.000,0.018,-0.234
1026.21,0.105,0,0.894,0.483,0,0.000,0.000,0.000,0.000,0.000,0.000,0.004,-0.192
1026.41,0.105,0,0.902,0.483,0,0.000,0.000,0.000,0.000,0.000,0.000,0.005,-0.209
1026.61,0.105,0,0.902,0.483,0,0.000,0.000,0.000,0.000,0.000,0.000,0.011,-0.255
1026.81,0.105,0,0.902,0.483,0,0.000,0.000,0.000,0.000,0.000,0.000,0.009,-0.254
1027.01,0.106,0,0.896,0.482,0,0.000,0.000,0.000,0.000,0.000,0.000,0.004,-0.192
1027.21,0.106,0,0.896,0.482,0,0.000,0.000,0.000,0.000,0.000,0.000,0.014,-0.191
1027.41,0.108,0,0.896,0.483,0,0.000,0.000,0.000,0.000,0.000,0.000,0.008,-0.228
1027.61,0.108,0,0.896,0.483,0,0.000,0.000,0.000,0.000,0.000,0.000,0.005,-0.248
1027.81,0.108,0,0.896,0.483,0,0.000,0.000,0.000,0.000,0.000,0.000,0.011,-0.240
1028.01,0.424,0,0.902,0.483,0,0.000,0.000,0.000,0.000,0.000,0.000,0.007,-0.224
1028.21,0.502,0,0.902,0.483,0,0.000,0.000,0.000,0.000,0.000,0.000,0.005,-0.226
1028.41,0.106,0,0.904,0.482,0,0.000,0.000,0.000,0.000,0.000,0.000,0.005,-0.213
1028.61,0.106,0,0.904,0.482,0,0.000,0.000,0.000,0.000,0.000,0.000,0.014,-0.206
1028.81,0.105,0,0.904,0.482,0,0.000,0.000,0.000,0.000,0.000,0.000,-0.002,-0.211
1029.01,0.105,0,0.910,0.483,0,0.000,0.000,0.000,0.000,0.000,0.000,-0.006,-0.216
1029.21,0.106,0,0.910,0.483,0,0.000,0.000,0.000,0.000,0.000,0.000,0.007,-0.204
1029.41,0.108,0,0.904,0.481,0,0.000,0.000,0.000,0.000,0.000,0.000,0.025,-0.234
1029.61,0.502,0,0.904,0.481,0,0.000,0.000,0.000,0.000,0.000,0.000,0.026,-0.247
1029.81,0.424,0,0.904,0.481,0,0.000,0.000,0.000,0.000,0.000,0.000,0.015,-0.243
1030.01,0.105,0,0.912,0.482,0,0.000,0.000,0.000,0.000,0.000,0.000,0.016,-0.245
1030.21,0.424,0,0.912,0.482,0,0.000,0.000,0.000,0.000,0.000,0.000,0.021,-0.248
1030.41,0.105,0,0.902,0.482,0,0.000,0.000,0.000,0.000,0.000,0.000,0.014,-0.250
1030.61,0.424,0,0.902,0.482,0,0.000,0.000,0.000,0.000,0.000,0.000,0.010,-0.245
1030.81,0.106,0,0.902,0.482,0,0.000,0.000,0.000,0.000,0.000,0.000,0.018,-0.229
1031.01,0.426,0,0.905,0.482,0,0.000,0.000,0.000,0.000,0.000,0.000,0.023,-0.223
1031.21,0.105,0,0.905,0.482,0,0.000,0.000,0.000,0.000,0.000,0.000,0.023,-0.243
1031.41,0.108,0,0.900,0.482,0,0.000,0.000,0.000,0.000,0.000,0.000,0.030,-0.257
1031.61,0.502,0,0.900,0.482,0,0.000,0.000,0.000,0.000,0.000,0.000,0.033,-0.241
1031.81,0.424,0,0.900,0.482,0,0.000,0.000,0.000,0.000,0.000,0.000,0.030,-0.227
1032.01,0.502,0,0.908,0.482,0,0.000,0.000,0.000,0.000,0.000,0.000,0.028,-0.235
1032.21,0.424,0,0.908,0.482,0,0.000,0.000,0.000,0.000,0.000,0.000,0.033,-0.248
1032.41,0.501,0,0.900,0.482,0,0.000,0.000,0.000,0.000,0.000,0.000,0.027,-0.240
1032.61,0.424,0,0.900,0.482,0,0.000,0.000,0.000,0.000,0.000,0.000,0.026,-0.230
1032.81,0.423,0,0.900,0.482,0,0.000,0.000,0.000,0.000,0.000,0.000,0.039,-0.238
1033.01,0.108,0,0.901,0.480,0,0.000,0.000,0.000,0.000,0.000,0.000,0.043,-0.241
1033.21,0.424,0,0.901,0.480,0,0.000,0.000,0.000,0.000,0.000,0.000,0.026,-0.234
1033.41,0.108,0,0.900,0.483,0,0.000,0.000,0.000,0.000,0.000,0.000,0.017,-0.231
1033.61,0.424,0,0.900,0.483,0,0.000,0.000,0.000,0.000,0.000,0.000,0.011,-0.232
1033.81,0.424,0,0.900,0.483,0,0.000,0.000,0.000,0.000,0.000,0.000,-0.000,-0.220
1034.01,0.105,0,0.904,0.481,0,0.000,0.000,0.000,0.000,0.000,0.000,0.003,-0.201
1034.21,0.424,0,0.904,0.481,0,0.000,0.000,0.000,0.000,0.000,0.000,0.006,-0.207
1034.41,0.105,0,0.902,0.481,0,0.000,0.000,0.000,0.000,0.000,0.000,0.020,-0.238
1034.61,0.424,0,0.902,0.481,0,0.000,0.000,0.000,0.000,0.000,0.000,0.022,-0.242
1034.81,0.108,0,0.902,0.481,0,0.000,0.000,0.000,0.000,0.000,0.000,0.018,-0.212
1035.01,0.108,0,0.901,0.482,0,0.000,0.000,0.000,0.000,0.000,0.000,0.021,-0.213
1035.21,0.108,0,0.901,0.482,0,0.000,0.000,0.000,0.000,0.000,0.000,0.021,-0.222
1035.41,0.108,0,0.900,0.482,0,0.000,0.000,0.000,0.000,0.000,0.000,0.030,-0.236
1035.61,0.108,0,0.900,0.482,0,0.000,0.000,0.000,0.000,0.000,0.000,0.033,-0.239
1035.81,0.108,0,0.900,0.482,0,0.000,0.000,0.000,0.000,0.000,0.000,0.014,-0.241
1036.01,0.108,0,0.902,0.482,0,0.000,0.000,0.000,0.000,0.000,0.000,0.015,-0.241
1036.21,0.105,0,0.902,0.482,0,0.000,0.000,0.000,0.000,0.000,0.000,0.018,-0.225
1036.41,0.106,0,0.902,0.480,0,0.000,0.000,0.000,0.000,0.000,0.000,0.012,-0.205
1036.61,0.106,0,0.902,0.480,0,0.000,0.000,0.000,0.000,0.000,0.000,0.017,-0.203
1036.81,0.501,0,0.902,0.480,0,0.000,0.000,0.000,0.000,0.000,0.000,0.016,-0.221
1037.01,0.108,0,0.901,0.481,0,0.000,0.000,0.000,0.000,0.000,0.000,0.017,-0.239
1037.21,0.106,0,0.901,0.481,0,0.000,0.000,0.000,0.000,0.000,0.000,0.022,-0.223
1037.41,0.105,0,0.901,0.483,0,0.000,0.000,0.000,0.000,0.000,0.000,0.023,-0.215
1037.61,0.424,0,0.901,0.483,0,0.000,0.000,0.000,0.000,0.000,0.000,0.021,-0.232
1037.81,0.106,0,0.901,0.483,0,0.000,0.000,0.000,0.000,0.000,0.000,0.020,-0.236
1038.01,0.106,0,0.902,0.482,0,0.000,0.000,0.000,0.000,0.000,0.000,0.017,-0.210
1038.21,0.108,0,0.902,0.482,0,0.000,0.000,0.000,0.000,0.000,0.000,0.011,-0.194
1038.41,0.108,0,0.906,0.482,0,0.000,0.000,0.000,0.000,0.000,0.000,0.020,-0.228
1038.61,0.106,0,0.906,0.482,0,0.000,0.000,0.000,0.000,0.000,0.000,0.021,-0.217
1038.81,0.106,0,0.906,0.482,0,0.000,0.000,0.000,0.000,0.000,0.000,0.021,-0.210
1039.01,0.105,0,0.905,0.483,0,0.000,0.000,0.000,0.000,0.000,0.000,0.013,-0.220
1039.21,0.424,0,0.905,0.483,0,0.000,0.000,0.000,0.000,0.000,0.000,0.015,-0.243
1039.41,0.108,0,0.906,0.483,0,0.000,0.000,0.000,0.000,0.000,0.000,0.027,-0.241
1039.61,0.108,0,0.906,0.483,0,0.000,0.000,0.000,0.000,0.000,0.000,0.033,-0.233
1039.81,0.424,0,0.906,0.483,0,0.000,0.000,0.000,0.000,0.000,0.000,0.017,-0.235
1040.01,0.108,0,0.901,0.483,0,0.000,0.000,0.000,0.000,0.000,0.000,0.019,-0.241
1040.21,0.105,0,0.901,0.483,0,0.000,0.000,0.000,0.000,0.000,0.000,0.016,-0.211
1040.41,0.105,0,0.901,0.482,0,0.000,0.000,0.000,0.000,0.000,0.000,0.005,-0.214
1040.61,0.424,0,0.901,0.482,0,0.000,0.000,0.000,0.000,0.000,0.000,0.018,-0.241
1040.81,0.105,0,0.901,0.482,0,0.000,0.000,0.000,0.000,0.000,0.000,0.016,-0.224
1041.01,0.106,0,0.904,0.482,0,0.000,0.000,0.000,0.000,0.000,0.000,0.014,-0.188
1041.21,0.106,0,0.904,0.482,0,0.000,0.000,0.000,0.000,0.000,0.000,0.013,-0.185
1041.41,0.108,0,0.907,0.483,0,0.000,0.000,0.000,0.000,0.000,0.000,0.015,-0.220
1041.61,0.108,0,0.907,0.483,0,0.000,0.000,0.000,0.000,0.000,0.000,0.024,-0.242
1041.81,0.106,0,0.907,0.483,0,0.000,0.000,0.000,0.000,0.000,0.000,0.022,-0.212
1042.01,0.105,0,0.905,0.483,0,0.000,0.000,0.000,0.000,0.000,0.000,-0.001,-0.187
1042.21,0.106,0,0.905,0.483,0,0.000,0.000,0.000,0.000,0.000,0.000,0.000,-0.196
1042.41,0.108,0,0.899,0.483,0,0.000,0.000,0.000,0.000,0.000,0.000,0.020,-0.220
1042.61,0.105,0,0.899,0.483,0,0.000,0.000,0.000,0.000,0.000,0.000,0.012,-0.224
1042.81,0.108,0,0.899,0.483,0,0.000,0.000,0.000,0.000,0.000,0.000,0.016,-0.236
1043.01,0.108,0,0.903,0.482,0,0.000,0.000,0.000,0.000,0.000,0.000,0.020,-0.238
1043.21,0.108,0,0.903,0.482,0,0.000,0.000,0.000,0.000,0.000,0.000,0.015,-0.242
1043.41,0.108,0,0.902,0.480,0,0.000,0.000,0.000,0.000,0.000,0.000,0.008,-0.245
1043.61,0.108,0,0.902,0.480,0,0.000,0.000,0.000,0.000,0.000,0.000,-0.000,-0.239
1043.81,0.501,0,0.902,0.480,0,0.000,0.000,0.000,0.000,0.000,0.000,0.000,-0.241
1044.01,0.424,0,0.902,0.482,0,0.000,0.000,0.000,0.000,0.000,0.000,-0.012,-0.239
1044.21,0.108,0,0.902,0.482,0,0.000,0.000,0.000,0.000,0.000,0.000,-0.009,-0.226
1044.41,0.424,0,0.901,0.482,0,0.000,0.000,0.000,0.000,0.000,0.000,0.004,-0.243
1044.61,0.105,0,0.901,0.482,0,0.000,0.000,0.000,0.000,0.000,0.000,-0.014,-0.235
1044.81,0.105,0,0.901,0.482,0,0.000,0.000,0.000,0.000,0.000,0.000,-0.012,-0.239
1045.01,0.105,0,0.906,0.481,0,0.000,0.000,0.000,0.000,0.000,0.000,0.008,-0.245
1045.21,0.426,0,0.906,0.481,0,0.000,0.000,0.000,0.000,0.000,0.000,-0.002,-0.241
1045.41,0.424,0,0.910,0.482,0,0.000,0.000,0.000,0.000,0.000,0.000,-0.002,-0.239
1045.61,0.108,0,0.910,0.482,0,0.000,0.000,0.000,0.000,0.000,0.000,0.001,-0.227
1045.81,0.105,0,0.910,0.482,0,0.000,0.000,0.000,0.000,0.000,0.000,-0.006,-0.219
1046.01,0.106,0,0.905,0.483,0,0.000,0.000,0.000,0.000,0.000,0.000,-0.000,-0.225
1046.21,0.108,0,0.905,0.483,0,0.000,0.000,0.000,0.000,0.000,0.000,0.012,-0.231
1046.41,0.106,0,0.902,0.481,0,0.000,0.000,0.000,0.000,0.000,0.000,0.000,-0.208
1046.61,0.108,0,0.902,0.481,0,0.000,0.000,0.000,0.000,0.000,0.000,0.002,-0.220
1046.81,0.105,0,0.902,0.481,0,0.000,0.000,0.000,0.000,0.000,0.000,0.003,-0.236
1047.01,0.426,0,0.901,0.484,0,0.000,0.000,0.000,0.000,0.000,0.000,-0.001,-0.213
1047.21,0.108,0,0.901,0.484,0,0.000,0.000,0.000,0.000,0.000,0.000,0.011,-0.225
1047.41,0.424,0,0.902,0.482,0,0.000,0.000,0.000,0.000,0.000,0.000,0.007,-0.242
1047.61,0.426,0,0.902,0.482,0,0.000,0.000,0.000,0.000,0.000,0.000,-0.011,-0.225
1047.81,0.106,0,0.902,0.482,0,0.000,0.000,0.000,0.000,0.000,0.000,-0.005,-0.228
1048.01,0.108,0,0.803,0.482,0,0.000,0.000,0.000,0.000,0.000,0.000,0.013,-0.247
1048.21,0.108,0,0.803,0.482,0,0.000,0.000,0.000,0.000,0.000,0.000,0.019,-0.253
1048.41,0.106,0,0.570,0.483,1,0.000,0.000,0.000,0.000,0.000,0.000,0.014,-0.261
1048.61,0.424,0,0.570,0.483,1,0.000,0.000,0.000,0.000,0.000,0.000,0.023,-0.266
1048.81,0.426,0,0.570,0.483,1,0.000,0.000,0.000,0.000,0.000,0.000,0.030,-0.261
1049.01,0.108,0,0.587,0.483,1,0.000,0.000,0.000,0.000,0.000,0.000,0.028,-0.258
1049.21,0.105,0,0.587,0.483,1,0.000,0.000,0.000,0.000,0.000,0.000,0.027,-0.268
1049.41,0.106,0,0.761,0.483,0,0.000,0.000,0.000,0.000,0.000,0.000,0.022,-0.262
1049.61,0.105,0,0.761,0.483,0,0.000,0.000,0.000,0.000,0.000,0.000,0.015,-0.253
1049.81,0.424,0,0.761,0.483,0,0.000,0.000,0.000,0.000,0.000,0.000,0.011,-0.255
1050.01,0.423,0,0.798,0.483,0,0.000,0.000,0.000,0.000,0.000,0.000,0.006,-0.236
1050.21,0.106,0,0.798,0.483,0,0.000,0.000,0.000,0.000,0.000,0.000,0.010,-0.213
1050.41,0.424,0,0.850,0.483,0,0.000,0.000,0.000,0.000,0.000,0.000,0.011,-0.228
1050.61,0.106,0,0.850,0.483,0,0.000,0.000,0.000,0.000,0.000,0.000,-0.004,-0.227
1050.81,0.421,0,0.850,0.483,0,0.000,0.000,0.000,0.000,0.000,0.000,0.002,-0.225
1051.01,0.426,0,0.893,0.481,0,0.000,0.000,0.000,0.000,0.000,0.000,0.017,-0.238
1051.21,0.108,0,0.893,0.481,0,0.000,0.000,0.000,0.000,0.000,0.000,0.019,-0.246
1051.41,0.105,0,0.899,0.482,0,0.000,0.000,0.000,0.000,0.000,0.000,0.012,-0.233
1051.61,0.105,0,0.899,0.482,0,0.000,0.000,0.000,0.000,0.000,0.000,0.006,-0.207
1051.81,0.502,0,0.899,0.482,0,0.000,0.000,0.000,0.000,0.000,0.000,0.010,-0.214
1052.01,0.424,0,0.895,0.482,0,0.000,0.000,0.000,0.000,0.000,0.000,0.007,-0.227
1052.21,0.423,0,0.895,0.482,0,0.000,0.000,0.000,0.000,0.000,0.000,0.007,-0.235
1052.41,0.108,0,0.891,0.482,0,0.000,0.000,0.000,0.000,0.000,0.000,0.011,-0.236
1052.61,0.106,0,0.891,0.482,0,0.000,0.000,0.000,0.000,0.000,0.000,0.013,-0.233
1052.81,0.106,0,0.891,0.482,0,0.000,0.000,0.000,0.000,0.000,0.000,0.010,-0.216
1053.01,0.502,0,0.898,0.483,0,0.000,0.000,0.000,0.000,0.000,0.000,-0.002,-0.209
1053.21,0.105,0,0.898,0.483,0,0.000,0.000,0.000,0.000,0.000,0.000,-0.004,-0.223
1053.41,0.423,0,0.892,0.482,0,0.000,0.000,0.000,0.000,0.000,0.000,0.011,-0.243
1053.61,0.105,0,0.892,0.482,0,0.000,0.000,0.000,0.000,0.000,0.000,0.007,-0.228
1053.81,0.106,0,0.892,0.482,0,0.000,0.000,0.000,0.000,0.000,0.000,-0.005,-0.198
1054.01,0.424,0,0.898,0.482,0,0.000,0.000,0.000,0.000,0.000,0.000,0.001,-0.233
1054.21,0.108,0,0.898,0.482,0,0.000,0.000,0.000,0.000,0.000,0.000,0.019,-0.266
1054.41,0.424,0,0.891,0.482,0,0.000,0.000,0.000,0.000,0.000,0.000,0.013,-0.239
1054.61,0.108,0,0.891,0.482,0,0.000,0.000,0.000,0.000,0.000,0.000,0.006,-0.217
1054.81,0.424,0,0.891,0.482,0,0.000,0.000,0.000,0.000,0.000,0.000,0.010,-0.233
1055.01,0.105,0,0.891,0.481,0,0.000,0.000,0.000,0.000,0.000,0.000,0.013,-0.233
1055.21,0.424,0,0.891,0.481,0,0.000,0.000,0.000,0.000,0.000,0.000,0.006,-0.222
1055.41,0.108,0,0.896,0.482,0,0.000,0.000,0.000,0.000,0.000,0.000,0.002,-0.218
1055.61,0.105,0,0.896,0.482,0,0.000,0.000,0.000,0.000,0.000,0.000,0.007,-0.231
1055.81,0.108,0,0.896,0.482,0,0.000,0.000,0.000,0.000,0.000,0.000,0.015,-0.237
1056.01,0.106,0,0.893,0.481,0,0.000,0.000,0.000,0.000,0.000,0.000,0.011,-0.224
1056.21,0.105,0,0.893,0.481,0,0.000,0.000,0.000,0.000,0.000,0.000,0.014,-0.226
1056.41,0.421,0,0.887,0.481,0,0.000,0.000,0.000,0.000,0.000,0.000,0.011,-0.213
1056.61,0.108,0,0.887,0.481,0,0.000,0.000,0.000,0.000,0.000,0.000,0.022,-0.219
1056.81,0.105,0,0.887,0.481,0,0.000,0.000,0.000,0.000,0.000,0.000,0.030,-0.216
1057.01,0.108,0,0.896,0.480,0,0.000,0.000,0.000,0.000,0.000,0.000,0.029,-0.215
1057.21,0.424,0,0.896,0.480,0,0.000,0.000,0.000,0.000,0.000,0.000,0.026,-0.230
1057.41,0.105,0,0.890,0.481,0,0.000,0.000,0.000,0.000,0.000,0.000,0.014,-0.217
1057.61,0.502,0,0.890,0.481,0,0.000,0.000,0.000,0.000,0.000,0.000,0.025,-0.206
1057.81,0.424,0,0.890,0.481,0,0.000,0.000,0.000,0.000,0.000,0.000,0.028,-0.206
1058.01,0.426,0,0.891,0.481,0,0.000,0.000,0.000,0.000,0.000,0.000,0.028,-0.230
1058.21,0.105,0,0.891,0.481,0,0.000,0.000,0.000,0.000,0.000,0.000,0.018,-0.233
1058.41,0.424,0,0.891,0.480,0,0.000,0.000,0.000,0.000,0.000,0.000,0.014,-0.216
1058.61,0.105,0,0.891,0.480,0,0.000,0.000,0.000,0.000,0.000,0.000,0.022,-0.212
1058.81,0.502,0,0.891,0.480,0,0.000,0.000,0.000,0.000,0.000,0.000,0.018,-0.222
1059.01,0.424,0,0.891,0.481,0,0.000,0.000,0.000,0.000,0.000,0.000,0.024,-0.221
1059.21,0.106,0,0.891,0.481,0,0.000,0.000,0.000,0.000,0.000,0.000,0.027,-0.209
1059.41,0.106,0,0.896,0.481,0,0.000,0.000,0.000,0.000,0.000,0.000,0.023,-0.202
1059.61,0.106,0,0.896,0.481,0,0.000,0.000,0.000,0.000,0.000,0.000,0.016,-0.215
1059.81,0.108,0,0.896,0.481,0,0.000,0.000,0.000,0.000,0.000,0.000,0.028,-0.233
1060.01,0.106,0,0.892,0.482,0,0.000,0.000,0.000,0.000,0.000,0.000,0.024,-0.227
1060.21,0.105,0,0.892,0.482,0,0.000,0.000,0.000,0.000,0.000,0.000,0.016,-0.210
1060.41,0.424,0,0.890,0.483,0,0.000,0.000,0.000,0.000,0.000,0.000,0.028,-0.211
1060.61,0.106,0,0.890,0.483,0,0.000,0.000,0.000,0.000,0.000,0.000,0.031,-0.225
1060.81,0.108,0,0.890,0.483,0,0.000,0.000,0.000,0.000,0.000,0.000,0.022,-0.228
1061.01,0.424,0,0.892,0.482,0,0.000,0.000,0.000,0.000,0.000,0.000,0.023,-0.225
1061.21,0.106,0,0.892,0.482,0,0.000,0.000,0.000,0.000,0.000,0.000,0.026,-0.215
1061.41,0.105,0,0.775,0.482,0,0.000,0.000,0.000,0.000,0.000,0.000,0.027,-0.215
1061.61,0.424,0,0.775,0.482,0,0.000,0.000,0.000,0.000,0.000,0.000,0.022,-0.225
1061.81,0.421,0,0.775,0.482,0,0.000,0.000,0.000,0.000,0.000,0.000,0.024,-0.254
1062.01,0.108,0,0.604,0.480,1,0.000,0.000,0.000,0.000,0.000,0.000,0.013,-0.259
1062.21,0.108,0,0.604,0.480,1,0.000,0.000,0.000,0.000,0.000,0.000,0.017,-0.228
1062.41,0.424,0,0.572,0.480,1,0.000,0.000,0.000,0.000,0.000,0.000,0.022,-0.225
1062.61,0.108,0,0.572,0.480,1,0.000,0.000,0.000,0.000,0.000,0.000,0.020,-0.236
1062.81,0.105,0,0.572,0.480,1,0.000,0.000,0.000,0.000,0.000,0.000,0.014,-0.246
1063.01,0.421,0,0.671,0.481,1,0.000,0.000,0.000,0.000,0.000,0.000,-0.002,-0.221
1063.21,0.108,0,0.671,0.481,1,0.000,0.000,0.000,0.000,0.000,0.000,0.004,-0.221
1063.41,0.108,0,0.638,0.480,1,0.000,0.000,0.000,0.000,0.000,0.000,0.025,-0.241
1063.61,0.105,0,0.638,0.480,1,0.000,0.000,0.000,0.000,0.000,0.000,0.018,-0.240
1063.81,0.105,0,0.638,0.480,1,0.000,0.000,0.000,0.000,0.000,0.000,0.010,-0.238
1064.01,0.424,0,0.677,0.480,1,0.000,0.000,0.000,0.000,0.000,0.000,0.005,-0.226
1064.21,0.424,0,0.677,0.480,1,0.000,0.000,0.000,0.000,0.000,0.000,0.011,-0.228
1064.41,0.106,0,0.675,0.480,1,0.000,0.000,0.000,0.000,0.000,0.000,0.012,-0.228
1064.61,0.105,0,0.675,0.480,1,0.000,0.000,0.000,0.000,0.000,0.000,0.007,-0.232
1064.81,0.106,0,0.675,0.480,1,0.000,0.000,0.000,0.000,0.000,0.000,0.002,-0.228
1065.01,0.424,0,0.678,0.482,1,0.000,0.000,0.000,0.000,0.000,0.000,0.015,-0.225
1065.21,0.108,0,0.678,0.482,1,0.000,0.000,0.000,0.000,0.000,0.000,0.026,-0.236
1065.41,0.108,0,0.655,0.483,1,0.000,0.000,0.000,0.000,0.000,0.000,0.007,-0.242
1065.61,0.108,0,0.655,0.483,1,0.000,0.000,0.000,0.000,0.000,0.000,0.004,-0.217
1065.81,0.108,0,0.655,0.483,1,0.000,0.000,0.000,0.000,0.000,0.000,0.015,-0.209
1066.01,0.105,0,0.883,0.480,0,0.000,0.000,0.000,0.000,0.000,0.000,0.027,-0.224
1066.21,0.105,0,0.883,0.480,0,0.000,0.000,0.000,0.000,0.000,0.000,0.025,-0.247
1066.41,0.106,0,0.888,0.482,0,0.000,0.000,0.000,0.000,0.000,0.000,0.013,-0.239
1066.61,0.426,0,0.888,0.482,0,0.000,0.000,0.000,0.000,0.000,0.000,0.012,-0.230
1066.81,0.343,0,0.888,0.482,0,0.000,0.000,0.000,0.000,0.000,0.000,0.010,-0.242
1067.01,0.105,0,0.442,0.481,1,0.000,0.000,0.000,0.000,0.000,0.000,0.019,-0.251
1067.21,0.106,0,0.442,0.481,1,0.000,0.000,0.000,0.000,0.000,0.000,0.037,-0.237
1067.41,0.105,0,0.263,0.480,0,0.000,0.000,0.000,0.000,0.000,0.000,0.032,-0.268
1067.61,0.249,0,0.263,0.480,0,0.000,0.000,0.000,0.000,0.000,0.000,0.014,-0.271
1067.81,0.228,0,0.263,0.480,0,0.000,0.000,0.000,0.000,0.000,0.000,0.023,-0.251
1068.01,0.105,0,0.247,0.481,0,0.000,0.000,0.000,0.000,0.000,0.000,0.034,-0.263
1068.21,0.108,0,0.247,0.481,0,0.000,0.000,0.000,0.000,0.000,0.000,0.030,-0.275
1068.41,0.105,0,0.365,0.481,1,0.000,0.000,0.000,0.000,0.000,0.000,0.003,-0.246
1068.61,0.108,0,0.365,0.481,1,0.000,0.000,0.000,0.000,0.000,0.000,0.013,-0.224
1068.81,0.106,0,0.365,0.481,1,0.000,0.000,0.000,0.000,0.000,0.000,0.024,-0.209
1069.01,0.108,0,0.879,0.482,0,0.000,0.000,0.000,0.000,0.000,0.000,0.025,-0.210
1069.21,0.424,0,0.879,0.482,0,0.000,0.000,0.000,0.000,0.000,0.000,0.022,-0.201
1069.41,0.424,0,0.887,0.481,0,0.000,0.000,0.000,0.000,0.000,0.000,0.023,-0.203
1069.61,0.106,0,0.887,0.481,0,0.000,0.000,0.000,0.000,0.000,0.000,0.029,-0.205
1069.81,0.424,0,0.887,0.481,0,0.000,0.000,0.000,0.000,0.000,0.000,0.036,-0.222
1070.01,0.108,0,0.882,0.481,0,0.000,0.000,0.000,0.000,0.000,0.000,0.028,-0.231
1070.21,0.105,0,0.882,0.481,0,0.000,0.000,0.000,0.000,0.000,0.000,0.024,-0.220
1070.41,0.106,0,0.872,0.480,0,0.000,0.000,0.000,0.000,0.000,0.000,0.028,-0.206
1070.61,0.105,0,0.872,0.480,0,0.000,0.000,0.000,0.000,0.000,0.000,0.023,-0.222
1070.81,0.424,0,0.872,0.480,0,0.000,0.000,0.000,0.000,0.000,0.000,0.016,-0.229
1071.01,0.421,0,0.865,0.482,0,0.000,0.000,0.000,0.000,0.000,0.000,0.020,-0.222
1071.21,0.108,0,0.865,0.482,0,0.000,0.000,0.000,0.000,0.000,0.000,0.033,-0.214
1071.41,0.108,0,0.886,0.480,0,0.000,0.000,0.000,0.000,0.000,0.000,0.022,-0.230
1071.61,0.108,0,0.886,0.480,0,0.000,0.000,0.000,0.000,0.000,0.000,0.011,-0.223
1071.81,0.106,0,0.886,0.480,0,0.000,0.000,0.000,0.000,0.000,0.000,0.013,-0.196
1072.01,0.105,0,0.884,0.480,0,0.000,0.000,0.000,0.000,0.000,0.000,0.018,-0.191
1072.21,0.105,0,0.884,0.480,0,0.000,0.000,0.000,0.000,0.000,0.000,0.016,-0.219
1072.41,0.424,0,0.885,0.482,0,0.000,0.000,0.000,0.000,0.000,0.000,0.015,-0.228
1072.61,0.424,0,0.885,0.482,0,0.000,0.000,0.000,0.000,0.000,0.000,0.017,-0.219
1072.81,0.108,0,0.885,0.482,0,0.000,0.000,0.000,0.000,0.000,0.000,0.017,-0.215
1073.01,0.105,0,0.885,0.481,0,0.000,0.000,0.000,0.000,0.000,0.000,0.014,-0.216
1073.21,0.424,0,0.885,0.481,0,0.000,0.000,0.000,0.000,0.000,0.000,0.006,-0.206
1073.41,0.424,0,0.853,0.480,0,0.000,0.000,0.000,0.000,0.000,0.000,0.006,-0.208
1073.61,0.106,0,0.853,0.480,0,0.000,0.000,0.000,0.000,0.000,0.000,0.020,-0.217
1073.81,0.108,0,0.853,0.480,0,0.000,0.000,0.000,0.000,0.000,0.000,0.019,-0.221
1074.01,0.106,0,0.862,0.481,0,0.000,0.000,0.000,0.000,0.000,0.000,0.014,-0.219
1074.21,0.105,0,0.862,0.481,0,0.000,0.000,0.000,0.000,0.000,0.000,0.008,-0.212
1074.41,0.424,0,0.878,0.482,0,0.000,0.000,0.000,0.000,0.000,0.000,0.010,-0.206
1074.61,0.108,0,0.878,0.482,0,0.000,0.000,0.000,0.000,0.000,0.000,0.023,-0.224
1074.81,0.108,0,0.878,0.482,0,0.000,0.000,0.000,0.000,0.000,0.000,0.013,-0.226
1075.01,0.106,0,0.876,0.481,0,0.000,0.000,0.000,0.000,0.000,0.000,-0.011,-0.215
1075.21,0.106,0,0.876,0.481,0,0.000,0.000,0.000,0.000,0.000,0.000,-0.012,-0.208
1075.41,0.426,0,0.873,0.481,0,0.000,0.000,0.000,0.000,0.000,0.000,-0.001,-0.210
1075.61,0.108,0,0.873,0.481,0,0.000,0.000,0.000,0.000,0.000,0.000,0.014,-0.222
1075.81,0.105,0,0.873,0.481,0,0.000,0.000,0.000,0.000,0.000,0.000,0.005,-0.220
1076.01,0.502,0,0.874,0.480,0,0.000,0.000,0.000,0.000,0.000,0.000,0.009,-0.220
1076.21,0.105,0,0.874,0.480,0,0.000,0.000,0.000,0.000,0.000,0.000,0.013,-0.218
1076.41,0.105,0,0.875,0.481,0,0.000,0.000,0.000,0.000,0.000,0.000,0.011,-0.209
1076.61,0.108,0,0.875,0.481,0,0.000,0.000,0.000,0.000,0.000,0.000,0.008,-0.195
1076.81,0.424,0,0.875,0.481,0,0.000,0.000,0.000,0.000,0.000,0.000,0.017,-0.186
1077.01,0.108,0,0.872,0.480,0,0.000,0.000,0.000,0.000,0.000,0.000,0.018,-0.205
1077.21,0.106,0,0.872,0.480,0,0.000,0.000,0.000,0.000,0.000,0.000,-0.000,-0.212
1077.41,0.105,0,0.878,0.481,0,0.000,0.000,0.000,0.000,0.000,0.000,-0.002,-0.208
1077.61,0.424,0,0.878,0.481,0,0.000,0.000,0.000,0.000,0.000,0.000,0.012,-0.212
1077.81,0.105,0,0.878,0.481,0,0.000,0.000,0.000,0.000,0.000,0.000,0.006,-0.215
1078.01,0.106,0,0.875,0.481,0,0.000,0.000,0.000,0.000,0.000,0.000,0.001,-0.191
1078.21,0.105,0,0.875,0.481,0,0.000,0.000,0.000,0.000,0.000,0.000,0.003,-0.197
1078.41,0.424,0,0.876,0.481,0,0.000,0.000,0.000,0.000,0.000,0.000,0.002,-0.214
1078.61,0.106,0,0.876,0.481,0,0.000,0.000,0.000,0.000,0.000,0.000,0.003,-0.202
1078.81,0.105,0,0.876,0.481,0,0.000,0.000,0.000,0.000,0.000,0.000,0.012,-0.202
1079.01,0.421,0,0.876,0.481,0,0.000,0.000,0.000,0.000,0.000,0.000,0.012,-0.203
1079.21,0.106,0,0.876,0.481,0,0.000,0.000,0.000,0.000,0.000,0.000,0.002,-0.206
1079.41,0.105,0,0.879,0.480,0,0.000,0.000,0.000,0.000,0.000,0.000,0.002,-0.207
1079.61,0.106,0,0.879,0.480,0,0.000,0.000,0.000,0.000,0.000,0.000,0.001,-0.197
1079.81,0.106,0,0.879,0.480,0,0.000,0.000,0.000,0.000,0.000,0.000,0.002,-0.213
1080.01,0.108,0,0.877,0.480,0,0.000,0.000,0.000,0.000,0.000,0.000,0.006,-0.212
1080.21,0.108,0,0.877,0.480,0,0.000,0.000,0.000,0.000,0.000,0.000,-0.001,-0.204
1080.41,0.105,0,0.876,0.481,0,0.000,0.000,0.000,0.000,0.000,0.000,-0.007,-0.207
1080.61,0.426,0,0.876,0.481,0,0.000,0.000,0.000,0.000,0.000,0.000,-0.013,-0.232
1080.81,0.424,0,0.876,0.481,0,0.000,0.000,0.000,0.000,0.000,0.000,-0.007,-0.230
1081.01,0.106,0,0.872,0.481,0,0.000,0.000,0.000,0.000,0.000,0.000,0.002,-0.214
1081.21,0.105,0,0.872,0.481,0,0.000,0.000,0.000,0.000,0.000,0.000,0.008,-0.219
1081.41,0.105,0,0.872,0.481,0,0.000,0.000,0.000,0.000,0.000,0.000,0.011,-0.230
1081.61,0.105,0,0.872,0.481,0,0.000,0.000,0.000,0.000,0.000,0.000,0.022,-0.220
1081.81,0.106,0,0.872,0.481,0,0.000,0.000,0.000,0.000,0.000,0.000,0.018,-0.208
1082.01,0.424,0,0.876,0.481,0,0.000,0.000,0.000,0.000,0.000,0.000,-0.004,-0.222
1082.21,0.105,0,0.876,0.481,0,0.000,0.000,0.000,0.000,0.000,0.000,0.003,-0.237
1082.41,0.424,0,0.875,0.480,0,0.000,0.000,0.000,0.000,0.000,0.000,0.019,-0.237
1082.61,0.108,0,0.875,0.480,0,0.000,0.000,0.000,0.000,0.000,0.000,0.018,-0.230
1082.81,0.105,0,0.875,0.480,0,0.000,0.000,0.000,0.000,0.000,0.000,0.007,-0.228
1083.01,0.105,0,0.873,0.482,0,0.000,0.000,0.000,0.000,0.000,0.000,-0.007,-0.240
1083.21,0.424,0,0.873,0.482,0,0.000,0.000,0.000,0.000,0.000,0.000,-0.014,-0.228
1083.41,0.106,0,0.877,0.481,0,0.000,0.000,0.000,0.000,0.000,0.000,-0.015,-0.203
1083.61,0.108,0,0.877,0.481,0,0.000,0.000,0.000,0.000,0.000,0.000,-0.001,-0.226
1083.81,0.105,0,0.877,0.481,0,0.000,0.000,0.000,0.000,0.000,0.000,0.006,-0.238
1084.01,0.424,0,0.877,0.481,0,0.000,0.000,0.000,0.000,0.000,0.000,0.020,-0.247
1084.21,0.105,0,0.877,0.481,0,0.000,0.000,0.000,0.000,0.000,0.000,0.017,-0.237
1084.41,0.424,0,0.874,0.482,0,0.000,0.000,0.000,0.000,0.000,0.000,-0.008,-0.218
1084.61,0.424,0,0.874,0.482,0,0.000,0.000,0.000,0.000,0.000,0.000,-0.003,-0.227
1084.81,0.105,0,0.874,0.482,0,0.000,0.000,0.000,0.000,0.000,0.000,0.017,-0.237
1085.01,0.105,0,0.877,0.482,0,0.000,0.000,0.000,0.000,0.000,0.000,0.023,-0.239
1085.21,0.424,0,0.877,0.482,0,0.000,0.000,0.000,0.000,0.000,0.000,0.008,-0.241
1085.41,0.424,0,0.871,0.482,0,0.000,0.000,0.000,0.000,0.000,0.000,0.018,-0.250
1085.61,0.108,0,0.871,0.482,0,0.000,0.000,0.000,0.000,0.000,0.000,0.035,-0.267
1085.81,0.106,0,0.871,0.482,0,0.000,0.000,0.000,0.000,0.000,0.000,0.025,-0.256
1086.01,0.423,0,0.873,0.481,0,0.000,0.000,0.000,0.000,0.000,0.000,0.019,-0.261
1086.21,0.108,0,0.873,0.481,0,0.000,0.000,0.000,0.000,0.000,0.000,0.024,-0.269
1086.41,0.106,0,0.876,0.481,0,0.000,0.000,0.000,0.000,0.000,0.000,0.024,-0.262
1086.61,0.105,0,0.876,0.481,0,0.000,0.000,0.000,0.000,0.000,0.000,0.031,-0.265
1086.81,0.108,0,0.876,0.481,0,0.000,0.000,0.000,0.000,0.000,0.000,0.032,-0.272
1087.01,0.108,0,0.872,0.481,0,0.000,0.000,0.000,0.000,0.000,0.000,0.022,-0.269
1087.21,0.105,0,0.872,0.481,0,0.000,0.000,0.000,0.000,0.000,0.000,0.019,-0.259
1087.41,0.424,0,0.873,0.482,0,0.000,0.000,0.000,0.000,0.000,0.000,0.016,-0.249
1087.61,0.106,0,0.873,0.482,0,0.000,0.000,0.000,0.000,0.000,0.000,0.011,-0.254
1087.81,0.106,0,0.873,0.482,0,0.000,0.000,0.000,0.000,0.000,0.000,0.016,-0.274
1088.01,0.108,0,0.869,0.482,0,0.000,0.000,0.000,0.000,0.000,0.000,0.015,-0.265
1088.21,0.108,0,0.869,0.482,0,0.000,0.000,0.000,0.000,0.000,0.000,0.013,-0.246
1088.41,0.106,0,0.872,0.482,0,0.000,0.000,0.000,0.000,0.000,0.000,0.011,-0.251
1088.61,0.108,0,0.872,0.482,0,0.000,0.000,0.000,0.000,0.000,0.000,0.016,-0.256
1088.81,0.105,0,0.872,0.482,0,0.000,0.000,0.000,0.000,0.000,0.000,0.020,-0.256
1089.01,0.424,0,0.871,0.482,0,0.000,0.000,0.000,0.000,0.000,0.000,0.018,-0.249
1089.21,0.105,0,0.871,0.482,0,0.000,0.000,0.000,0.000,0.000,0.000,0.014,-0.250
1089.41,0.108,0,0.876,0.482,0,0.000,0.000,0.000,0.000,0.000,0.000,0.025,-0.266
1089.61,0.108,0,0.876,0.482,0,0.000,0.000,0.000,0.000,0.000,0.000,0.019,-0.269
1089.81,0.424,0,0.876,0.482,0,0.000,0.000,0.000,0.000,0.000,0.000,0.005,-0.249
1090.01,0.424,0,0.870,0.481,0,0.000,0.000,0.000,0.000,0.000,0.000,0.006,-0.250
1090.21,0.108,0,0.870,0.481,0,0.000,0.000,0.000,0.000,0.000,0.000,0.022,-0.276
1090.41,0.424,0,0.870,0.482,0,0.000,0.000,0.000,0.000,0.000,0.000,0.022,-0.293
1090.61,0.105,0,0.870,0.482,0,0.000,0.000,0.000,0.000,0.000,0.000,0.016,-0.278
1090.81,0.105,0,0.870,0.482,0,0.000,0.000,0.000,0.000,0.000,0.000,0.008,-0.272
1091.01,0.106,0,0.873,0.482,0,0.000,0.000,0.000,0.000,0.000,0.000,0.006,-0.271
1091.21,0.105,0,0.873,0.482,0,0.000,0.000,0.000,0.000,0.000,0.000,0.021,-0.263
1091.41,0.424,0,0.877,0.483,0,0.000,0.000,0.000,0.000,0.000,0.000,0.018,-0.255
1091.61,0.403,0,0.877,0.483,0,0.000,0.000,0.000,0.000,0.000,0.000,0.019,-0.261
1091.81,0.106,0,0.877,0.483,0,0.000,0.000,0.000,0.000,0.000,0.000,0.026,-0.261
1092.01,0.392,0,0.877,0.482,0,0.000,0.000,0.000,0.000,0.000,0.000,0.030,-0.252
1092.21,0.400,0,0.877,0.482,0,0.000,0.000,0.000,0.000,0.000,0.000,0.022,-0.261
1092.41,0.106,0,0.872,0.480,0,0.000,0.000,0.000,0.000,0.000,0.000,0.014,-0.272
1092.61,0.106,0,0.872,0.480,0,0.000,0.000,0.000,0.000,0.000,0.000,0.016,-0.262
1092.81,0.424,0,0.872,0.480,0,0.000,0.000,0.000,0.000,0.000,0.000,0.026,-0.251
1093.01,0.424,0,0.875,0.482,0,0.000,0.000,0.000,0.000,0.000,0.000,0.025,-0.250
1093.21,0.106,0,0.875,0.482,0,0.000,0.000,0.000,0.000,0.000,0.000,0.014,-0.257
1093.41,0.106,0,0.869,0.482,0,0.000,0.000,0.000,0.000,0.000,0.000,0.005,-0.252
1093.61,0.424,0,0.869,0.482,0,0.000,0.000,0.000,0.000,0.000,0.000,0.010,-0.248
1093.81,0.108,0,0.869,0.482,0,0.000,0.000,0.000,0.000,0.000,0.000,0.018,-0.253
1094.01,0.106,0,0.872,0.483,0,0.000,0.000,0.000,0.000,0.000,0.000,0.023,-0.258
1094.21,0.105,0,0.872,0.483,0,0.000,0.000,0.000,0.000,0.000,0.000,0.020,-0.257
1094.41,0.106,0,0.868,0.482,0,0.000,0.000,0.000,0.000,0.000,0.000,0.016,-0.265
1094.61,0.105,0,0.868,0.482,0,0.000,0.000,0.000,0.000,0.000,0.000,0.024,-0.255
1094.81,0.108,0,0.868,0.482,0,0.000,0.000,0.000,0.000,0.000,0.000,0.027,-0.256
1095.01,0.106,0,0.872,0.482,0,0.000,0.000,0.000,0.000,0.000,0.000,0.022,-0.249
1095.21,0.106,0,0.872,0.482,0,0.000,0.000,0.000,0.000,0.000,0.000,0.014,-0.247
1095.41,0.105,0,0.869,0.482,0,0.000,0.000,0.000,0.000,0.000,0.000,0.009,-0.254
1095.61,0.424,0,0.869,0.482,0,0.000,0.000,0.000,0.000,0.000,0.000,0.016,-0.258
1095.81,0.106,0,0.869,0.482,0,0.000,0.000,0.000,0.000,0.000,0.000,0.020,-0.257
1096.01,0.424,0,0.874,0.482,0,0.000,0.000,0.000,0.000,0.000,0.000,0.022,-0.266
1096.21,0.108,0,0.874,0.482,0,0.000,0.000,0.000,0.000,0.000,0.000,0.019,-0.254
1096.41,0.105,0,0.873,0.482,0,0.000,0.000,0.000,0.000,0.000,0.000,0.018,-0.253
1096.61,0.106,0,0.873,0.482,0,0.000,0.000,0.000,0.000,0.000,0.000,0.011,-0.245
1096.81,0.428,0,0.873,0.482,0,0.000,0.000,0.000,0.000,0.000,0.000,0.024,-0.254
1097.01,0.106,0,0.874,0.481,0,0.000,0.000,0.000,0.000,0.000,0.000,0.022,-0.274
1097.21,0.106,0,0.874,0.481,0,0.000,0.000,0.000,0.000,0.000,0.000,0.017,-0.282
1097.41,0.108,0,0.873,0.482,0,0.000,0.000,0.000,0.000,0.000,0.000,0.026,-0.264
1097.61,0.108,0,0.873,0.482,0,0.000,0.000,0.000,0.000,0.000,0.000,0.021,-0.269
1097.81,0.105,0,0.873,0.482,0,0.000,0.000,0.000,0.000,0.000,0.000,0.011,-0.274
1098.01,0.106,0,0.874,0.480,0,0.000,0.000,0.000,0.000,0.000,0.000,0.017,-0.281
1098.21,0.105,0,0.874,0.480,0,0.000,0.000,0.000,0.000,0.000,0.000,0.024,-0.289
1098.41,0.410,0,0.871,0.481,0,0.000,0.000,0.000,0.000,0.000,0.000,0.007,-0.297
1098.61,0.106,0,0.871,0.481,0,0.000,0.000,0.000,0.000,0.000,0.000,-0.002,-0.286
1098.81,0.105,0,0.871,0.481,0,0.000,0.000,0.000,0.000,0.000,0.000,0.005,-0.271
1099.01,0.106,0,0.874,0.481,0,0.000,0.000,0.000,0.000,0.000,0.000,0.002,-0.272
1099.21,0.106,0,0.874,0.481,0,0.000,0.000,0.000,0.000,0.000,0.000,-0.000,-0.277
1099.41,0.105,0,0.874,0.482,0,0.000,0.000,0.000,0.000,0.000,0.000,-0.004,-0.271
1099.61,0.106,0,0.874,0.482,0,0.000,0.000,0.000,0.000,0.000,0.000,-0.003,-0.266
1099.81,0.108,0,0.874,0.482,0,0.000,0.000,0.000,0.000,0.000,0.000,0.006,-0.267
1100.01,0.108,0,0.873,0.482,0,0.000,0.000,0.000,0.000,0.000,0.000,0.012,-0.280
1100.21,0.412,0,0.873,0.482,0,0.000,0.000,0.000,0.000,0.000,0.000,0.007,-0.277
1100.41,0.108,0,0.872,0.481,0,0.000,0.000,0.000,0.000,0.000,0.000,-0.000,-0.261
1100.61,0.411,0,0.872,0.481,0,0.000,0.000,0.000,0.000,0.000,0.000,-0.000,-0.256
1100.81,0.108,0,0.872,0.481,0,0.000,0.000,0.000,0.000,0.000,0.000,0.001,-0.272
1101.01,0.411,0,0.872,0.483,0,0.000,0.000,0.000,0.000,0.000,0.000,0.012,-0.300
1101.21,0.105,0,0.872,0.483,0,0.000,0.000,0.000,0.000,0.000,0.000,0.013,-0.291
1101.41,0.411,0,0.874,0.483,0,0.000,0.000,0.000,0.000,0.000,0.000,0.002,-0.289
1101.61,0.105,0,0.874,0.483,0,0.000,0.000,0.000,0.000,0.000,0.000,0.014,-0.287
1101.81,0.105,0,0.874,0.483,0,0.000,0.000,0.000,0.000,0.000,0.000,0.023,-0.274
1102.01,0.411,0,0.871,0.481,0,0.000,0.000,0.000,0.000,0.000,0.000,0.027,-0.275
1102.21,0.410,0,0.871,0.481,0,0.000,0.000,0.000,0.000,0.000,0.000,0.024,-0.288
1102.41,0.106,0,0.870,0.481,0,0.000,0.000,0.000,0.000,0.000,0.000,0.018,-0.284
1102.61,0.106,0,0.870,0.481,0,0.000,0.000,0.000,0.000,0.000,0.000,-0.005,-0.271
1102.81,0.108,0,0.870,0.481,0,0.000,0.000,0.000,0.000,0.000,0.000,-0.001,-0.281
1103.01,0.108,0,0.871,0.481,0,0.000,0.000,0.000,0.000,0.000,0.000,0.010,-0.283
1103.21,0.402,0,0.871,0.481,0,0.000,0.000,0.000,0.000,0.000,0.000,0.008,-0.280
1103.41,0.108,0,0.872,0.482,0,0.000,0.000,0.000,0.000,0.000,0.000,0.011,-0.279
1103.61,0.403,0,0.872,0.482,0,0.000,0.000,0.000,0.000,0.000,0.000,0.008,-0.275
1103.81,0.106,0,0.872,0.482,0,0.000,0.000,0.000,0.000,0.000,0.000,0.005,-0.284
1104.01,0.105,0,0.871,0.482,0,0.000,0.000,0.000,0.000,0.000,0.000,0.011,-0.295
1104.21,0.105,0,0.871,0.482,0,0.000,0.000,0.000,0.000,0.000,0.000,0.007,-0.281
1104.41,0.405,0,0.870,0.481,0,0.000,0.000,0.000,0.000,0.000,0.000,-0.001,-0.271
1104.61,0.106,0,0.870,0.481,0,0.000,0.000,0.000,0.000,0.000,0.000,0.002,-0.268
1104.81,0.106,0,0.870,0.481,0,0.000,0.000,0.000,0.000,0.000,0.000,0.004,-0.277
1105.01,0.108,0,0.872,0.481,0,0.000,0.000,0.000,0.000,0.000,0.000,0.008,-0.296
1105.21,0.108,0,0.872,0.481,0,0.000,0.000,0.000,0.000,0.000,0.000,0.004,-0.304
1105.41,0.405,0,0.871,0.483,0,0.000,0.000,0.000,0.000,0.000,0.000,-0.010,-0.297
1105.61,0.405,0,0.871,0.483,0,0.000,0.000,0.000,0.000,0.000,0.000,-0.011,-0.300
1105.81,0.106,0,0.871,0.483,0,0.000,0.000,0.000,0.000,0.000,0.000,-0.000,-0.297
1106.01,0.105,0,0.872,0.482,0,0.000,0.000,0.000,0.000,0.000,0.000,0.008,-0.286
1106.21,0.105,0,0.872,0.482,0,0.000,0.000,0.000,0.000,0.000,0.000,0.001,-0.265
1106.41,0.108,0,0.871,0.483,0,0.000,0.000,0.000,0.000,0.000,0.000,0.005,-0.260
1106.61,0.106,0,0.871,0.483,0,0.000,0.000,0.000,0.000,0.000,0.000,0.004,-0.275
1106.81,0.105,0,0.871,0.483,0,0.000,0.000,0.000,0.000,0.000,0.000,0.005,-0.298
1107.01,0.106,0,0.874,0.483,0,0.000,0.000,0.000,0.000,0.000,0.000,-0.000,-0.286
1107.21,0.105,0,0.874,0.483,0,0.000,0.000,0.000,0.000,0.000,0.000,0.003,-0.266
1107.41,0.105,0,0.871,0.484,0,0.000,0.000,0.000,0.000,0.000,0.000,-0.000,-0.264
1107.61,0.407,0,0.871,0.484,0,0.000,0.000,0.000,0.000,0.000,0.000,-0.003,-0.280
1107.81,0.407,0,0.871,0.484,0,0.000,0.000,0.000,0.000,0.000,0.000,-0.005,-0.294
1108.01,0.105,0,0.865,0.484,0,0.000,0.000,0.000,0.000,0.000,0.000,0.017,-0.307
1108.21,0.108,0,0.865,0.484,0,0.000,0.000,0.000,0.000,0.000,0.000,0.042,-0.301
1108.41,0.108,0,0.871,0.482,0,0.000,0.000,0.000,0.000,0.000,0.000,0.028,-0.318
1108.61,0.105,0,0.871,0.482,0,0.000,0.000,0.000,0.000,0.000,0.000,0.005,-0.303
1108.81,0.108,0,0.871,0.482,0,0.000,0.000,0.000,0.000,0.000,0.000,-0.006,-0.290
1109.01,0.106,0,0.871,0.483,0,0.000,0.000,0.000,0.000,0.000,0.000,0.001,-0.292
1109.21,0.409,0,0.871,0.483,0,0.000,0.000,0.000,0.000,0.000,0.000,0.008,-0.315
1109.41,0.108,0,0.874,0.483,0,0.000,0.000,0.000,0.000,0.000,0.000,0.011,-0.305
1109.61,0.106,0,0.874,0.483,0,0.000,0.000,0.000,0.000,0.000,0.000,-0.009,-0.298
1109.81,0.409,0,0.874,0.483,0,0.000,0.000,0.000,0.000,0.000,0.000,-0.005,-0.317
1110.01,0.105,0,0.867,0.482,0,0.000,0.000,0.000,0.000,0.000,0.000,0.003,-0.308
1110.21,0.105,0,0.867,0.482,0,0.000,0.000,0.000,0.000,0.000,0.000,0.007,-0.332
1110.41,0.411,0,0.872,0.483,0,0.000,0.000,0.000,0.000,0.000,0.000,0.003,-0.346
1110.61,0.412,0,0.872,0.483,0,0.000,0.000,0.000,0.000,0.000,0.000,-0.009,-0.340
1110.81,0.105,0,0.872,0.483,0,0.000,0.000,0.000,0.000,0.000,0.000,-0.009,-0.331
1111.01,0.105,0,0.872,0.482,0,0.000,0.000,0.000,0.000,0.000,0.000,-0.005,-0.321
1111.21,0.108,0,0.872,0.482,0,0.000,0.000,0.000,0.000,0.000,0.000,-0.003,-0.328
1111.41,0.108,0,0.874,0.482,0,0.000,0.000,0.000,0.000,0.000,0.000,-0.006,-0.311
1111.61,0.424,0,0.874,0.482,0,0.000,0.000,0.000,0.000,0.000,0.000,-0.015,-0.290
1111.81,0.106,0,0.874,0.482,0,0.000,0.000,0.000,0.000,0.000,0.000,-0.015,-0.272
1112.01,0.105,0,0.875,0.482,0,0.000,0.000,0.000,0.000,0.000,0.000,-0.015,-0.268
1112.21,0.424,0,0.875,0.482,0,0.000,0.000,0.000,0.000,0.000,0.000,-0.001,-0.286
1112.41,0.424,0,0.873,0.483,0,0.000,0.000,0.000,0.000,0.000,0.000,0.001,-0.296
1112.61,0.424,0,0.873,0.483,0,0.000,0.000,0.000,0.000,0.000,0.000,-0.020,-0.302
1112.81,0.105,0,0.873,0.483,0,0.000,0.000,0.000,0.000,0.000,0.000,-0.025,-0.301
1113.01,0.424,0,0.873,0.481,0,0.000,0.000,0.000,0.000,0.000,0.000,-0.003,-0.291
1113.21,0.423,0,0.873,0.481,0,0.000,0.000,0.000,0.000,0.000,0.000,-0.001,-0.294
1113.41,0.424,0,0.873,0.484,0,0.000,0.000,0.000,0.000,0.000,0.000,-0.014,-0.319
1113.61,0.105,0,0.873,0.484,0,0.000,0.000,0.000,0.000,0.000,0.000,-0.006,-0.312
1113.81,0.105,0,0.873,0.484,0,0.000,0.000,0.000,0.000,0.000,0.000,-0.000,-0.291
1114.01,0.105,0,0.871,0.481,0,0.000,0.000,0.000,0.000,0.000,0.000,-0.001,-0.305
1114.21,0.108,0,0.871,0.481,0,0.000,0.000,0.000,0.000,0.000,0.000,-0.010,-0.313
1114.41,0.106,0,0.540,0.483,1,0.000,0.000,0.000,0.000,0.000,0.000,-0.014,-0.300
1114.61,0.424,0,0.540,0.483,1,0.000,0.000,0.000,0.000,0.000,0.000,-0.009,-0.289
1114.81,0.424,0,0.540,0.483,1,0.000,0.000,0.000,0.000,0.000,0.000,-0.008,-0.284
1115.01,0.108,0,0.538,0.482,1,0.000,0.000,0.000,0.000,0.000,0.000,-0.011,-0.293
1115.21,0.108,0,0.538,0.482,1,0.000,0.000,0.000,0.000,0.000,0.000,-0.008,-0.298
1115.41,0.424,0,0.537,0.482,1,0.000,0.000,0.000,0.000,0.000,0.000,-0.015,-0.299
1115.61,0.108,0,0.537,0.482,1,0.000,0.000,0.000,0.000,0.000,0.000,-0.014,-0.295
1115.81,0.106,0,0.537,0.482,1,0.000,0.000,0.000,0.000,0.000,0.000,-0.012,-0.292
1116.01,0.108,0,0.902,0.481,0,0.000,0.000,0.000,0.000,0.000,0.000,0.004,-0.299
1116.21,0.108,0,0.902,0.481,0,0.000,0.000,0.000,0.000,0.000,0.000,0.001,-0.298
1116.41,0.108,0,0.533,0.482,1,0.000,0.000,0.000,0.000,0.000,0.000,-0.013,-0.300
1116.61,0.105,0,0.533,0.482,1,0.000,0.000,0.000,0.000,0.000,0.000,-0.016,-0.306
1116.81,0.108,0,0.533,0.482,1,0.000,0.000,0.000,0.000,0.000,0.000,-0.006,-0.313
1117.01,0.105,0,0.539,0.482,1,0.000,0.000,0.000,0.000,0.000,0.000,0.004,-0.312
1117.21,0.108,0,0.539,0.482,1,0.000,0.000,0.000,0.000,0.000,0.000,0.008,-0.303
1117.41,0.105,0,0.539,0.484,1,0.000,0.000,0.000,0.000,0.000,0.000,-0.004,-0.295
1117.61,0.106,0,0.539,0.484,1,0.000,0.000,0.000,0.000,0.000,0.000,-0.017,-0.274
1117.81,0.105,0,0.539,0.484,1,0.000,0.000,0.000,0.000,0.000,0.000,0.002,-0.280
1118.01,0.424,0,0.900,0.483,0,0.000,0.000,0.000,0.000,0.000,0.000,0.008,-0.276
1118.21,0.424,0,0.900,0.483,0,0.000,0.000,0.000,0.000,0.000,0.000,-0.004,-0.271
1118.41,0.106,0,0.905,0.482,0,0.000,0.000,0.000,0.000,0.000,0.000,-0.003,-0.277
1118.61,0.105,0,0.905,0.482,0,0.000,0.000,0.000,0.000,0.000,0.000,0.009,-0.296
1118.81,0.106,0,0.905,0.482,0,0.000,0.000,0.000,0.000,0.000,0.000,0.003,-0.304
1119.01,0.106,0,0.533,0.483,1,0.000,0.000,0.000,0.000,0.000,0.000,-0.009,-0.298
1119.21,0.106,0,0.533,0.483,1,0.000,0.000,0.000,0.000,0.000,0.000,0.007,-0.294
1119.41,0.424,0,0.537,0.483,1,0.000,0.000,0.000,0.000,0.000,0.000,0.018,-0.288
1119.61,0.423,0,0.537,0.483,1,0.000,0.000,0.000,0.000,0.000,0.000,0.008,-0.284
1119.81,0.108,0,0.537,0.483,1,0.000,0.000,0.000,0.000,0.000,0.000,-0.001,-0.297
1120.01,0.105,0,0.534,0.481,1,0.000,0.000,0.000,0.000,0.000,0.000,0.006,-0.303
1120.21,0.105,0,0.534,0.481,1,0.000,0.000,0.000,0.000,0.000,0.000,0.008,-0.303
1120.41,0.105,0,0.865,0.483,0,0.000,0.000,0.000,0.000,0.000,0.000,0.004,-0.297
1120.61,0.106,0,0.865,0.483,0,0.000,0.000,0.000,0.000,0.000,0.000,0.004,-0.302
1120.81,0.106,0,0.865,0.483,0,0.000,0.000,0.000,0.000,0.000,0.000,0.002,-0.302
1121.01,0.106,0,0.536,0.483,1,0.000,0.000,0.000,0.000,0.000,0.000,0.006,-0.269
1121.21,0.424,0,0.536,0.483,1,0.000,0.000,0.000,0.000,0.000,0.000,0.011,-0.277
1121.41,0.108,0,0.541,0.480,1,0.000,0.000,0.000,0.000,0.000,0.000,0.015,-0.295
1121.61,0.108,0,0.541,0.480,1,0.000,0.000,0.000,0.000,0.000,0.000,0.013,-0.289
1121.81,0.105,0,0.541,0.480,1,0.000,0.000,0.000,0.000,0.000,0.000,0.010,-0.285
1122.01,0.105,0,0.545,0.482,1,0.000,0.000,0.000,0.000,0.000,0.000,0.016,-0.303
1122.21,0.106,0,0.545,0.482,1,0.000,0.000,0.000,0.000,0.000,0.000,0.012,-0.303
1122.41,0.105,0,0.865,0.482,0,0.000,0.000,0.000,0.000,0.000,0.000,0.016,-0.292
1122.61,0.106,0,0.865,0.482,0,0.000,0.000,0.000,0.000,0.000,0.000,0.008,-0.288
1122.81,0.105,0,0.865,0.482,0,0.000,0.000,0.000,0.000,0.000,0.000,0.006,-0.288
1123.01,0.106,0,0.541,0.482,1,0.000,0.000,0.000,0.000,0.000,0.000,0.007,-0.283
1123.21,0.424,0,0.541,0.482,1,0.000,0.000,0.000,0.000,0.000,0.000,0.007,-0.283
1123.41,0.424,0,0.865,0.483,0,0.000,0.000,0.000,0.000,0.000,0.000,0.009,-0.284
1123.61,0.106,0,0.865,0.483,0,0.000,0.000,0.000,0.000,0.000,0.000,0.003,-0.298
1123.81,0.105,0,0.865,0.483,0,0.000,0.000,0.000,0.000,0.000,0.000,0.002,-0.301
1124.01,0.105,0,0.878,0.482,0,0.000,0.000,0.000,0.000,0.000,0.000,0.006,-0.301
1124.21,0.108,0,0.878,0.482,0,0.000,0.000,0.000,0.000,0.000,0.000,0.004,-0.305
1124.41,0.424,0,0.549,0.483,1,0.000,0.000,0.000,0.000,0.000,0.000,0.008,-0.291
1124.61,0.424,0,0.549,0.483,1,0.000,0.000,0.000,0.000,0.000,0.000,0.010,-0.298
1124.81,0.106,0,0.549,0.483,1,0.000,0.000,0.000,0.000,0.000,0.000,0.013,-0.305
1125.01,0.106,0,0.898,0.482,0,0.000,0.000,0.000,0.000,0.000,0.000,0.012,-0.309
1125.21,0.108,0,0.898,0.482,0,0.000,0.000,0.000,0.000,0.000,0.000,0.019,-0.311
1125.41,0.105,0,0.902,0.483,0,0.000,0.000,0.000,0.000,0.000,0.000,0.008,-0.299
1125.61,0.105,0,0.902,0.483,0,0.000,0.000,0.000,0.000,0.000,0.000,0.004,-0.295
1125.81,0.105,0,0.902,0.483,0,0.000,0.000,0.000,0.000,0.000,0.000,0.009,-0.291
1126.01,0.424,0,0.897,0.483,0,0.000,0.000,0.000,0.000,0.000,0.000,0.011,-0.283
1126.21,0.424,0,0.897,0.483,0,0.000,0.000,0.000,0.000,0.000,0.000,0.001,-0.283
1126.41,0.105,0,0.906,0.482,0,0.000,0.000,0.000,0.000,0.000,0.000,-0.002,-0.284
1126.61,0.105,0,0.906,0.482,0,0.000,0.000,0.000,0.000,0.000,0.000,0.003,-0.291
1126.81,0.424,0,0.906,0.482,0,0.000,0.000,0.000,0.000,0.000,0.000,0.009,-0.295
1127.01,0.108,0,0.736,0.482,0,0.000,0.000,0.000,0.000,0.000,0.000,0.013,-0.294
1127.21,0.106,0,0.736,0.482,0,0.000,0.000,0.000,0.000,0.000,0.000,0.002,-0.290
1127.41,0.108,0,0.788,0.483,0,0.000,0.000,0.000,0.000,0.000,0.000,0.003,-0.284
1127.61,0.108,0,0.788,0.483,0,0.000,0.000,0.000,0.000,0.000,0.000,0.013,-0.288
1127.81,0.105,0,0.788,0.483,0,0.000,0.000,0.000,0.000,0.000,0.000,0.006,-0.299
1128.01,0.424,0,0.740,0.482,0,0.000,0.000,0.000,0.000,0.000,0.000,-0.005,-0.284
1128.21,0.108,0,0.740,0.482,0,0.000,0.000,0.000,0.000,0.000,0.000,-0.001,-0.278
1128.41,0.105,0,0.735,0.482,0,0.000,0.000,0.000,0.000,0.000,0.000,-0.001,-0.281
1128.61,0.105,0,0.735,0.482,0,0.000,0.000,0.000,0.000,0.000,0.000,-0.001,-0.303
1128.81,0.108,0,0.735,0.482,0,0.000,0.000,0.000,0.000,0.000,0.000,-0.006,-0.300
1129.01,0.423,0,0.824,0.484,0,0.000,0.000,0.000,0.000,0.000,0.000,-0.002,-0.280
1129.21,0.424,0,0.824,0.484,0,0.000,0.000,0.000,0.000,0.000,0.000,0.004,-0.283
1129.41,0.105,0,0.833,0.483,0,0.000,0.000,0.000,0.000,0.000,0.000,0.002,-0.295
1129.61,0.105,0,0.833,0.483,0,0.000,0.000,0.000,0.000,0.000,0.000,0.005,-0.302
1129.81,0.424,0,0.833,0.483,0,0.000,0.000,0.000,0.000,0.000,0.000,0.008,-0.306
1130.01,0.426,0,0.815,0.484,0,0.000,0.000,0.000,0.000,0.000,0.000,0.010,-0.319
1130.21,0.108,0,0.815,0.484,0,0.000,0.000,0.000,0.000,0.000,0.000,0.014,-0.317
1130.41,0.108,0,0.831,0.483,0,0.000,0.000,0.000,0.000,0.000,0.000,0.004,-0.300
1130.61,0.424,0,0.831,0.483,0,0.000,0.000,0.000,0.000,0.000,0.000,-0.004,-0.300
1130.81,0.424,0,0.831,0.483,0,0.000,0.000,0.000,0.000,0.000,0.000,0.001,-0.295
1131.01,0.105,0,0.831,0.484,0,0.000,0.000,0.000,0.000,0.000,0.000,0.005,-0.291
1131.21,0.108,0,0.831,0.484,0,0.000,0.000,0.000,0.000,0.000,0.000,0.008,-0.300
1131.41,0.108,0,0.829,0.483,0,0.000,0.000,0.000,0.000,0.000,0.000,0.008,-0.306
1131.61,0.105,0,0.829,0.483,0,0.000,0.000,0.000,0.000,0.000,0.000,0.003,-0.302
1131.81,0.105,0,0.829,0.483,0,0.000,0.000,0.000,0.000,0.000,0.000,0.004,-0.294
1132.01,0.424,0,0.836,0.484,0,0.000,0.000,0.000,0.000,0.000,0.000,0.005,-0.298
1132.21,0.108,0,0.836,0.484,0,0.000,0.000,0.000,0.000,0.000,0.000,0.007,-0.301
1132.41,0.424,0,0.832,0.482,0,0.000,0.000,0.000,0.000,0.000,0.000,0.007,-0.300
1132.61,0.108,0,0.832,0.482,0,0.000,0.000,0.000,0.000,0.000,0.000,0.008,-0.308
1132.81,0.105,0,0.832,0.482,0,0.000,0.000,0.000,0.000,0.000,0.000,0.013,-0.308
1133.01,0.472,0,0.838,0.483,0,0.000,0.000,0.000,0.000,0.000,0.000,0.014,-0.310
1133.21,0.106,0,0.838,0.483,0,0.000,0.000,0.000,0.000,0.000,0.000,0.006,-0.307
1133.41,0.105,0,0.839,0.481,0,0.000,0.000,0.000,0.000,0.000,0.000,0.016,-0.293
1133.61,0.106,0,0.839,0.481,0,0.000,0.000,0.000,0.000,0.000,0.000,0.023,-0.279
1133.81,0.105,0,0.839,0.481,0,0.000,0.000,0.000,0.000,0.000,0.000,0.016,-0.271
1134.01,0.424,0,0.833,0.482,0,0.000,0.000,0.000,0.000,0.000,0.000,0.014,-0.285
1134.21,0.108,0,0.833,0.482,0,0.000,0.000,0.000,0.000,0.000,0.000,0.020,-0.309
1134.41,0.105,0,0.842,0.482,0,0.000,0.000,0.000,0.000,0.000,0.000,0.009,-0.293
1134.61,0.424,0,0.842,0.482,0,0.000,0.000,0.000,0.000,0.000,0.000,0.006,-0.275
1134.81,0.108,0,0.842,0.482,0,0.000,0.000,0.000,0.000,0.000,0.000,0.006,-0.287
1135.01,0.424,0,0.833,0.483,0,0.000,0.000,0.000,0.000,0.000,0.000,0.006,-0.307
1135.21,0.424,0,0.833,0.483,0,0.000,0.000,0.000,0.000,0.000,0.000,0.004,-0.310
1135.41,0.106,0,0.542,0.483,1,0.000,0.000,0.000,0.000,0.000,0.000,0.005,-0.301
1135.61,0.106,0,0.542,0.483,1,0.000,0.000,0.000,0.000,0.000,0.000,0.006,-0.298
1135.81,0.424,0,0.542,0.483,1,0.000,0.000,0.000,0.000,0.000,0.000,0.001,-0.310
1136.01,0.424,0,0.509,0.483,1,0.000,0.000,0.000,0.000,0.000,0.000,0.007,-0.311
1136.21,0.108,0,0.509,0.483,1,0.000,0.000,0.000,0.000,0.000,0.000,0.013,-0.285
1136.41,0.108,0,0.514,0.482,1,0.000,0.000,0.000,0.000,0.000,0.000,0.017,-0.276
1136.61,0.424,0,0.514,0.482,1,0.000,0.000,0.000,0.000,0.000,0.000,0.020,-0.285
1136.81,0.108,0,0.514,0.482,1,0.000,0.000,0.000,0.000,0.000,0.000,0.016,-0.299
1137.01,0.105,0,0.508,0.480,1,0.000,0.000,0.000,0.000,0.000,0.000,0.011,-0.300
1137.21,0.105,0,0.508,0.480,1,0.000,0.000,0.000,0.000,0.000,0.000,0.016,-0.277
1137.41,0.108,0,0.493,0.483,1,0.000,0.000,0.000,0.000,0.000,0.000,0.012,-0.267
1137.61,0.108,0,0.493,0.483,1,0.000,0.000,0.000,0.000,0.000,0.000,0.005,-0.271
1137.81,0.105,0,0.493,0.483,1,0.000,0.000,0.000,0.000,0.000,0.000,-0.000,-0.268
1138.01,0.108,0,0.498,0.484,1,0.000,0.000,0.000,0.000,0.000,0.000,0.003,-0.262
1138.21,0.105,0,0.498,0.484,1,0.000,0.000,0.000,0.000,0.000,0.000,0.009,-0.269
1138.41,0.106,0,0.495,0.482,1,0.000,0.000,0.000,0.000,0.000,0.000,0.016,-0.270
1138.61,0.105,0,0.495,0.482,1,0.000,0.000,0.000,0.000,0.000,0.000,0.008,-0.268
1138.81,0.424,0,0.495,0.482,1,0.000,0.000,0.000,0.000,0.000,0.000,0.002,-0.264
1139.01,0.108,0,0.498,0.482,1,0.000,0.000,0.000,0.000,0.000,0.000,0.015,-0.263
1139.21,0.108,0,0.498,0.482,1,0.000,0.000,0.000,0.000,0.000,0.000,0.017,-0.274
1139.41,0.106,0,0.500,0.482,1,0.000,0.000,0.000,0.000,0.000,0.000,0.005,-0.271
1139.61,0.108,0,0.500,0.482,1,0.000,0.000,0.000,0.000,0.000,0.000,0.005,-0.270
1139.81,0.106,0,0.500,0.482,1,0.000,0.000,0.000,0.000,0.000,0.000,0.012,-0.257
1140.01,0.424,0,0.501,0.482,1,0.000,0.000,0.000,0.000,0.000,0.000,0.017,-0.262
1140.21,0.108,0,0.501,0.482,1,0.000,0.000,0.000,0.000,0.000,0.000,0.020,-0.260
1140.41,0.105,0,0.502,0.481,1,0.000,0.000,0.000,0.000,0.000,0.000,0.026,-0.258
1140.61,0.108,0,0.502,0.481,1,0.000,0.000,0.000,0.000,0.000,0.000,0.023,-0.252
1140.81,0.108,0,0.502,0.481,1,0.000,0.000,0.000,0.000,0.000,0.000,0.018,-0.257
1141.01,0.108,0,0.502,0.483,1,0.000,0.000,0.000,0.000,0.000,0.000,0.021,-0.262
1141.21,0.424,0,0.502,0.483,1,0.000,0.000,0.000,0.000,0.000,0.000,0.018,-0.258
1141.41,0.424,0,0.501,0.482,1,0.000,0.000,0.000,0.000,0.000,0.000,0.020,-0.255
1141.61,0.105,0,0.501,0.482,1,0.000,0.000,0.000,0.000,0.000,0.000,0.021,-0.258
1141.81,0.105,0,0.501,0.482,1,0.000,0.000,0.000,0.000,0.000,0.000,0.012,-0.267
1142.01,0.105,0,0.504,0.482,1,0.000,0.000,0.000,0.000,0.000,0.000,0.011,-0.262
1142.21,0.424,0,0.504,0.482,1,0.000,0.000,0.000,0.000,0.000,0.000,0.010,-0.261
1142.41,0.108,0,0.504,0.483,1,0.000,0.000,0.000,0.000,0.000,0.000,0.011,-0.261
1142.61,0.105,0,0.504,0.483,1,0.000,0.000,0.000,0.000,0.000,0.000,0.012,-0.260
1142.81,0.108,0,0.504,0.483,1,0.000,0.000,0.000,0.000,0.000,0.000,0.012,-0.260
1143.01,0.106,0,0.504,0.484,1,0.000,0.000,0.000,0.000,0.000,0.000,0.014,-0.268
1143.21,0.106,0,0.504,0.484,1,0.000,0.000,0.000,0.000,0.000,0.000,0.015,-0.267
1143.41,0.106,0,0.509,0.483,1,0.000,0.000,0.000,0.000,0.000,0.000,0.009,-0.251
1143.61,0.105,0,0.509,0.483,1,0.000,0.000,0.000,0.000,0.000,0.000,0.006,-0.252
1143.81,0.108,0,0.509,0.483,1,0.000,0.000,0.000,0.000,0.000,0.000,0.013,-0.259
1144.01,0.108,0,0.626,0.482,1,0.000,0.000,0.000,0.000,0.000,0.000,0.024,-0.249
1144.21,0.105,0,0.626,0.482,1,0.000,0.000,0.000,0.000,0.000,0.000,0.011,-0.255
1144.41,0.108,0,0.576,0.483,1,0.000,0.000,0.000,0.000,0.000,0.000,-0.001,-0.266
1144.61,0.426,0,0.576,0.483,1,0.000,0.000,0.000,0.000,0.000,0.000,0.006,-0.258
1144.81,0.108,0,0.576,0.483,1,0.000,0.000,0.000,0.000,0.000,0.000,0.016,-0.253
1145.01,0.108,0,0.577,0.482,1,0.000,0.000,0.000,0.000,0.000,0.000,0.024,-0.266
1145.21,0.105,0,0.577,0.482,1,0.000,0.000,0.000,0.000,0.000,0.000,0.009,-0.272
1145.41,0.108,0,0.832,0.482,0,0.000,0.000,0.000,0.000,0.000,0.000,0.006,-0.263
1145.61,0.108,0,0.832,0.482,0,0.000,0.000,0.000,0.000,0.000,0.000,0.018,-0.253
1145.81,0.424,0,0.832,0.482,0,0.000,0.000,0.000,0.000,0.000,0.000,0.017,-0.253
1146.01,0.424,0,0.828,0.483,0,0.000,0.000,0.000,0.000,0.000,0.000,0.009,-0.264
1146.21,0.108,0,0.828,0.483,0,0.000,0.000,0.000,0.000,0.000,0.000,0.011,-0.272
1146.41,0.105,0,0.831,0.482,0,0.000,0.000,0.000,0.000,0.000,0.000,0.011,-0.262
1146.61,0.424,0,0.831,0.482,0,0.000,0.000,0.000,0.000,0.000,0.000,0.012,-0.260
1146.81,0.424,0,0.831,0.482,0,0.000,0.000,0.000,0.000,0.000,0.000,0.010,-0.263
1147.01,0.106,0,0.679,0.482,1,0.000,0.000,0.000,0.000,0.000,0.000,0.007,-0.265
1147.21,0.108,0,0.679,0.482,1,0.000,0.000,0.000,0.000,0.000,0.000,0.015,-0.272
1147.41,0.106,0,0.834,0.482,0,0.000,0.000,0.000,0.000,0.000,0.000,0.011,-0.263
1147.61,0.424,0,0.834,0.482,0,0.000,0.000,0.000,0.000,0.000,0.000,0.009,-0.260
1147.81,0.426,0,0.834,0.482,0,0.000,0.000,0.000,0.000,0.000,0.000,0.009,-0.269
1148.01,0.106,0,0.577,0.483,1,0.000,0.000,0.000,0.000,0.000,0.000,0.028,-0.285
1148.21,0.105,0,0.577,0.483,1,0.000,0.000,0.000,0.000,0.000,0.000,0.019,-0.261
1148.41,0.108,0,0.589,0.484,1,0.000,0.000,0.000,0.000,0.000,0.000,0.000,-0.244
1148.61,0.108,0,0.589,0.484,1,0.000,0.000,0.000,0.000,0.000,0.000,0.005,-0.258
1148.81,0.105,0,0.589,0.484,1,0.000,0.000,0.000,0.000,0.000,0.000,0.022,-0.265
1149.01,0.105,0,0.572,0.483,1,0.000,0.000,0.000,0.000,0.000,0.000,0.010,-0.246
1149.21,0.108,0,0.572,0.483,1,0.000,0.000,0.000,0.000,0.000,0.000,0.017,-0.247
1149.41,0.106,0,0.576,0.483,1,0.000,0.000,0.000,0.000,0.000,0.000,0.015,-0.257
1149.61,0.106,0,0.576,0.483,1,0.000,0.000,0.000,0.000,0.000,0.000,0.011,-0.257
1149.81,0.106,0,0.576,0.483,1,0.000,0.000,0.000,0.000,0.000,0.000,0.009,-0.252
1150.01,0.105,0,0.575,0.483,1,0.000,0.000,0.000,0.000,0.000,0.000,0.008,-0.257
1150.21,0.108,0,0.575,0.483,1,0.000,0.000,0.000,0.000,0.000,0.000,0.011,-0.262
1150.41,0.424,0,0.579,0.484,1,0.000,0.000,0.000,0.000,0.000,0.000,0.013,-0.258
1150.61,0.424,0,0.579,0.484,1,0.000,0.000,0.000,0.000,0.000,0.000,0.013,-0.267
1150.81,0.105,0,0.579,0.484,1,0.000,0.000,0.000,0.000,0.000,0.000,0.011,-0.273
1151.01,0.105,0,0.580,0.484,1,0.000,0.000,0.000,0.000,0.000,0.000,0.003,-0.267
1151.21,0.108,0,0.580,0.484,1,0.000,0.000,0.000,0.000,0.000,0.000,0.004,-0.270
1151.41,0.424,0,0.579,0.483,1,0.000,0.000,0.000,0.000,0.000,0.000,0.010,-0.271
1151.61,0.108,0,0.579,0.483,1,0.000,0.000,0.000,0.000,0.000,0.000,0.009,-0.277
1151.81,0.105,0,0.579,0.483,1,0.000,0.000,0.000,0.000,0.000,0.000,-0.004,-0.288
1152.01,0.105,0,0.574,0.483,1,0.000,0.000,0.000,0.000,0.000,0.000,-0.008,-0.281
1152.21,0.106,0,0.574,0.483,1,0.000,0.000,0.000,0.000,0.000,0.000,-0.004,-0.275
1152.41,0.105,0,0.572,0.484,1,0.000,0.000,0.000,0.000,0.000,0.000,-0.001,-0.282
1152.61,0.106,0,0.572,0.484,1,0.000,0.000,0.000,0.000,0.000,0.000,-0.007,-0.276
1152.81,0.424,0,0.572,0.484,1,0.000,0.000,0.000,0.000,0.000,0.000,-0.012,-0.268
1153.01,0.105,0,0.572,0.482,1,0.000,0.000,0.000,0.000,0.000,0.000,-0.017,-0.257
1153.21,0.424,0,0.572,0.482,1,0.000,0.000,0.000,0.000,0.000,0.000,-0.001,-0.269
1153.41,0.424,0,0.570,0.483,1,0.000,0.000,0.000,0.000,0.000,0.000,0.006,-0.279
1153.61,0.424,0,0.570,0.483,1,0.000,0.000,0.000,0.000,0.000,0.000,0.005,-0.269
1153.81,0.105,0,0.570,0.483,1,0.000,0.000,0.000,0.000,0.000,0.000,0.008,-0.263
1154.01,0.106,0,0.571,0.482,1,0.000,0.000,0.000,0.000,0.000,0.000,0.008,-0.266
1154.21,0.424,0,0.571,0.482,1,0.000,0.000,0.000,0.000,0.000,0.000,0.003,-0.268
1154.41,0.424,0,0.569,0.484,1,0.000,0.000,0.000,0.000,0.000,0.000,0.006,-0.280
1154.61,0.106,0,0.569,0.484,1,0.000,0.000,0.000,0.000,0.000,0.000,0.007,-0.275
1154.81,0.108,0,0.569,0.484,1,0.000,0.000,0.000,0.000,0.000,0.000,0.010,-0.269
1155.01,0.106,0,0.558,0.483,1,0.000,0.000,0.000,0.000,0.000,0.000,0.007,-0.263
1155.21,0.106,0,0.558,0.483,1,0.000,0.000,0.000,0.000,0.000,0.000,0.004,-0.281
1155.41,0.105,0,0.476,0.483,1,0.000,0.000,0.000,0.000,0.000,0.000,0.014,-0.299
1155.61,0.105,0,0.476,0.483,1,0.000,0.000,0.000,0.000,0.000,0.000,0.014,-0.299
1155.81,0.105,0,0.476,0.483,1,0.000,0.000,0.000,0.000,0.000,0.000,0.006,-0.302
1156.01,0.363,0,0.480,0.484,1,0.000,0.000,0.000,0.000,0.000,0.000,0.015,-0.295
1156.21,0.355,0,0.480,0.484,1,0.000,0.000,0.000,0.000,0.000,0.000,0.014,-0.289
1156.41,0.105,0,0.469,0.483,1,0.000,0.000,0.000,0.000,0.000,0.000,0.013,-0.297
1156.61,0.105,0,0.469,0.483,1,0.000,0.000,0.000,0.000,0.000,0.000,0.009,-0.294
1156.81,0.350,0,0.469,0.483,1,0.000,0.000,0.000,0.000,0.000,0.000,0.013,-0.304
1157.01,0.351,0,0.469,0.483,1,0.000,0.000,0.000,0.000,0.000,0.000,0.018,-0.303
1157.21,0.106,0,0.469,0.483,1,0.000,0.000,0.000,0.000,0.000,0.000,0.013,-0.290
1157.41,0.108,0,0.469,0.483,1,0.000,0.000,0.000,0.000,0.000,0.000,0.012,-0.321
1157.61,0.106,0,0.469,0.483,1,0.000,0.000,0.000,0.000,0.000,0.000,0.012,-0.332
1157.81,0.105,0,0.469,0.483,1,0.000,0.000,0.000,0.000,0.000,0.000,0.005,-0.316
1158.01,0.108,0,0.471,0.483,1,0.000,0.000,0.000,0.000,0.000,0.000,0.003,-0.313
1158.21,0.106,0,0.471,0.483,1,0.000,0.000,0.000,0.000,0.000,0.000,0.004,-0.337
1158.41,0.349,0,0.463,0.483,1,0.000,0.000,0.000,0.000,0.000,0.000,-0.002,-0.331
1158.61,0.108,0,0.463,0.483,1,0.000,0.000,0.000,0.000,0.000,0.000,-0.011,-0.315
1158.81,0.106,0,0.463,0.483,1,0.000,0.000,0.000,0.000,0.000,0.000,-0.011,-0.320
1159.01,0.108,0,0.481,0.483,1,0.000,0.000,0.000,0.000,0.000,0.000,0.004,-0.342
1159.21,0.106,0,0.481,0.483,1,0.000,0.000,0.000,0.000,0.000,0.000,-0.002,-0.339
1159.41,0.108,0,0.472,0.483,1,0.000,0.000,0.000,0.000,0.000,0.000,0.007,-0.331
1159.61,0.108,0,0.472,0.483,1,0.000,0.000,0.000,0.000,0.000,0.000,0.021,-0.334
1159.81,0.105,0,0.472,0.483,1,0.000,0.000,0.000,0.000,0.000,0.000,0.021,-0.331
1160.01,0.105,0,0.466,0.484,1,0.000,0.000,0.000,0.000,0.000,0.000,-0.002,-0.326
1160.21,0.108,0,0.466,0.484,1,0.000,0.000,0.000,0.000,0.000,0.000,-0.004,-0.317
1160.41,0.108,0,0.473,0.483,1,0.000,0.000,0.000,0.000,0.000,0.000,0.000,-0.306
1160.61,0.108,0,0.473,0.483,1,0.000,0.000,0.000,0.000,0.000,0.000,-0.001,-0.310
1160.81,0.108,0,0.473,0.483,1,0.000,0.000,0.000,0.000,0.000,0.000,0.001,-0.325
1161.01,0.362,0,0.475,0.484,1,0.000,0.000,0.000,0.000,0.000,0.000,0.001,-0.309
1161.21,0.363,0,0.475,0.484,1,0.000,0.000,0.000,0.000,0.000,0.000,0.006,-0.311
1161.41,0.105,0,0.477,0.483,1,0.000,0.000,0.000,0.000,0.000,0.000,-0.003,-0.324
1161.61,0.108,0,0.477,0.483,1,0.000,0.000,0.000,0.000,0.000,0.000,-0.000,-0.336
1161.81,0.108,0,0.477,0.483,1,0.000,0.000,0.000,0.000,0.000,0.000,0.003,-0.319
1162.01,0.108,0,0.476,0.484,1,0.000,0.000,0.000,0.000,0.000,0.000,0.001,-0.312
1162.21,0.105,0,0.476,0.484,1,0.000,0.000,0.000,0.000,0.000,0.000,0.002,-0.316
1162.41,0.105,0,0.474,0.484,1,0.000,0.000,0.000,0.000,0.000,0.000,-0.003,-0.325
1162.61,0.105,0,0.474,0.484,1,0.000,0.000,0.000,0.000,0.000,0.000,-0.003,-0.311
1162.81,0.356,0,0.474,0.484,1,0.000,0.000,0.000,0.000,0.000,0.000,-0.001,-0.323
1163.01,0.108,0,0.475,0.483,1,0.000,0.000,0.000,0.000,0.000,0.000,-0.006,-0.327
1163.21,0.108,0,0.475,0.483,1,0.000,0.000,0.000,0.000,0.000,0.000,0.005,-0.365
1163.41,0.108,0,0.474,0.483,1,0.000,0.000,0.000,0.000,0.000,0.000,0.012,-0.363
1163.61,0.105,0,0.474,0.483,1,0.000,0.000,0.000,0.000,0.000,0.000,-0.004,-0.322
1163.81,0.105,0,0.474,0.483,1,0.000,0.000,0.000,0.000,0.000,0.000,-0.015,-0.315
1164.01,0.105,0,0.477,0.483,1,0.000,0.000,0.000,0.000,0.000,0.000,-0.008,-0.340
1164.21,0.355,0,0.477,0.483,1,0.000,0.000,0.000,0.000,0.000,0.000,-0.001,-0.351
1164.41,0.105,0,0.476,0.484,1,0.000,0.000,0.000,0.000,0.000,0.000,-0.002,-0.330
1164.61,0.106,0,0.476,0.484,1,0.000,0.000,0.000,0.000,0.000,0.000,-0.002,-0.331
1164.81,0.355,0,0.476,0.484,1,0.000,0.000,0.000,0.000,0.000,0.000,-0.001,-0.335
1165.01,0.355,0,0.475,0.484,1,0.000,0.000,0.000,0.000,0.000,0.000,0.014,-0.335
1165.21,0.106,0,0.475,0.484,1,0.000,0.000,0.000,0.000,0.000,0.000,0.014,-0.334
1165.41,0.108,0,0.475,0.483,1,0.000,0.000,0.000,0.000,0.000,0.000,0.008,-0.327
1165.61,0.106,0,0.475,0.483,1,0.000,0.000,0.000,0.000,0.000,0.000,0.008,-0.330
1165.81,0.106,0,0.475,0.483,1,0.000,0.000,0.000,0.000,0.000,0.000,0.019,-0.330
1166.01,0.108,0,0.475,0.483,1,0.000,0.000,0.000,0.000,0.000,0.000,0.027,-0.326
1166.21,0.108,0,0.475,0.483,1,0.000,0.000,0.000,0.000,0.000,0.000,0.023,-0.326
1166.41,0.106,0,0.475,0.484,1,0.000,0.000,0.000,0.000,0.000,0.000,0.009,-0.331
1166.61,0.106,0,0.475,0.484,1,0.000,0.000,0.000,0.000,0.000,0.000,0.013,-0.336
1166.81,0.106,0,0.475,0.484,1,0.000,0.000,0.000,0.000,0.000,0.000,0.021,-0.332
1167.01,0.108,0,0.477,0.483,1,0.000,0.000,0.000,0.000,0.000,0.000,0.018,-0.327
1167.21,0.108,0,0.477,0.483,1,0.000,0.000,0.000,0.000,0.000,0.000,0.013,-0.324
1167.41,0.106,0,0.477,0.483,1,0.000,0.000,0.000,0.000,0.000,0.000,0.014,-0.328
1167.61,0.106,0,0.477,0.483,1,0.000,0.000,0.000,0.000,0.000,0.000,0.010,-0.320
1167.81,0.106,0,0.477,0.483,1,0.000,0.000,0.000,0.000,0.000,0.000,0.017,-0.322
1168.01,0.106,0,0.478,0.483,1,0.000,0.000,0.000,0.000,0.000,0.000,0.012,-0.320
1168.21,0.106,0,0.478,0.483,1,0.000,0.000,0.000,0.000,0.000,0.000,0.009,-0.320
1168.41,0.106,0,0.498,0.482,1,0.000,0.000,0.000,0.000,0.000,0.000,0.010,-0.320
1168.61,0.108,0,0.498,0.482,1,0.000,0.000,0.000,0.000,0.000,0.000,0.016,-0.330
1168.81,0.108,0,0.498,0.482,1,0.000,0.000,0.000,0.000,0.000,0.000,0.014,-0.319
1169.01,0.372,0,0.528,0.481,1,0.000,0.000,0.000,0.000,0.000,0.000,0.012,-0.330
1169.21,0.108,0,0.528,0.481,1,0.000,0.000,0.000,0.000,0.000,0.000,0.008,-0.331
1169.41,0.371,0,0.530,0.481,1,0.000,0.000,0.000,0.000,0.000,0.000,0.011,-0.328
1169.61,0.372,0,0.530,0.481,1,0.000,0.000,0.000,0.000,0.000,0.000,0.010,-0.308
1169.81,0.287,0,0.530,0.481,1,0.000,0.000,0.000,0.000,0.000,0.000,0.010,-0.307
1170.01,0.108,0,0.557,0.482,1,0.000,0.000,0.000,0.000,0.000,0.000,0.014,-0.318
1170.21,0.383,0,0.557,0.482,1,0.000,0.000,0.000,0.000,0.000,0.000,0.006,-0.311
1170.41,0.106,0,0.874,0.483,0,0.000,0.000,0.000,0.000,0.000,0.000,-0.005,-0.300
1170.61,0.106,0,0.874,0.483,0,0.000,0.000,0.000,0.000,0.000,0.000,0.003,-0.306
1170.81,0.383,0,0.874,0.483,0,0.000,0.000,0.000,0.000,0.000,0.000,0.014,-0.316
1171.01,0.383,0,0.864,0.481,0,0.000,0.000,0.000,0.000,0.000,0.000,0.010,-0.319
1171.21,0.106,0,0.864,0.481,0,0.000,0.000,0.000,0.000,0.000,0.000,0.002,-0.309
1171.41,0.105,0,0.871,0.482,0,0.000,0.000,0.000,0.000,0.000,0.000,-0.000,-0.308
1171.61,0.106,0,0.871,0.482,0,0.000,0.000,0.000,0.000,0.000,0.000,0.006,-0.310
1171.81,0.108,0,0.871,0.482,0,0.000,0.000,0.000,0.000,0.000,0.000,0.006,-0.312
1172.01,0.105,0,0.583,0.482,1,0.000,0.000,0.000,0.000,0.000,0.000,0.003,-0.307
1172.21,0.383,0,0.583,0.482,1,0.000,0.000,0.000,0.000,0.000,0.000,0.005,-0.314
1172.41,0.105,0,0.849,0.480,0,0.000,0.000,0.000,0.000,0.000,0.000,0.002,-0.321
1172.61,0.106,0,0.849,0.480,0,0.000,0.000,0.000,0.000,0.000,0.000,-0.000,-0.299
1172.81,0.378,0,0.849,0.480,0,0.000,0.000,0.000,0.000,0.000,0.000,0.009,-0.299
1173.01,0.378,0,0.523,0.481,1,0.000,0.000,0.000,0.000,0.000,0.000,0.009,-0.321
1173.21,0.108,0,0.523,0.481,1,0.000,0.000,0.000,0.000,0.000,0.000,0.003,-0.322
1173.41,0.108,0,0.542,0.480,1,0.000,0.000,0.000,0.000,0.000,0.000,-0.000,-0.309
1173.61,0.375,0,0.542,0.480,1,0.000,0.000,0.000,0.000,0.000,0.000,0.002,-0.311
1173.81,0.375,0,0.542,0.480,1,0.000,0.000,0.000,0.000,0.000,0.000,0.007,-0.315
1174.01,0.108,0,0.553,0.480,1,0.000,0.000,0.000,0.000,0.000,0.000,0.009,-0.309
1174.21,0.378,0,0.553,0.480,1,0.000,0.000,0.000,0.000,0.000,0.000,0.008,-0.296
1174.41,0.380,0,0.552,0.480,1,0.000,0.000,0.000,0.000,0.000,0.000,0.009,-0.295
1174.61,0.381,0,0.552,0.480,1,0.000,0.000,0.000,0.000,0.000,0.000,0.004,-0.312
1174.81,0.108,0,0.552,0.480,1,0.000,0.000,0.000,0.000,0.000,0.000,-0.004,-0.305
1175.01,0.106,0,0.535,0.480,1,0.000,0.000,0.000,0.000,0.000,0.000,0.003,-0.305
1175.21,0.105,0,0.535,0.480,1,0.000,0.000,0.000,0.000,0.000,0.000,0.013,-0.294
1175.41,0.384,0,0.527,0.480,1,0.000,0.000,0.000,0.000,0.000,0.000,0.020,-0.297
1175.61,0.384,0,0.527,0.480,1,0.000,0.000,0.000,0.000,0.000,0.000,0.011,-0.304
1175.81,0.108,0,0.527,0.480,1,0.000,0.000,0.000,0.000,0.000,0.000,0.007,-0.305
1176.01,0.105,0,0.832,0.480,0,0.000,0.000,0.000,0.000,0.000,0.000,0.007,-0.295
1176.21,0.105,0,0.832,0.480,0,0.000,0.000,0.000,0.000,0.000,0.000,0.011,-0.296
1176.41,0.105,0,0.846,0.480,0,0.000,0.000,0.000,0.000,0.000,0.000,0.012,-0.309
1176.61,0.108,0,0.846,0.480,0,0.000,0.000,0.000,0.000,0.000,0.000,0.007,-0.311
1176.81,0.106,0,0.846,0.480,0,0.000,0.000,0.000,0.000,0.000,0.000,0.007,-0.309
1177.01,0.396,0,0.527,0.480,1,0.000,0.000,0.000,0.000,0.000,0.000,0.013,-0.311
1177.21,0.395,0,0.527,0.480,1,0.000,0.000,0.000,0.000,0.000,0.000,0.023,-0.298
1177.41,0.106,0,0.813,0.479,0,0.000,0.000,0.000,0.000,0.000,0.000,0.022,-0.306
1177.61,0.108,0,0.813,0.479,0,0.000,0.000,0.000,0.000,0.000,0.000,0.013,-0.319
1177.81,0.105,0,0.813,0.479,0,0.000,0.000,0.000,0.000,0.000,0.000,0.010,-0.316
1178.01,0.106,0,0.802,0.479,0,0.000,0.000,0.000,0.000,0.000,0.000,0.012,-0.314
1178.21,0.105,0,0.802,0.479,0,0.000,0.000,0.000,0.000,0.000,0.000,0.019,-0.309
1178.41,0.392,0,0.799,0.477,0,0.000,0.000,0.000,0.000,0.000,0.000,0.016,-0.312
1178.61,0.105,0,0.799,0.477,0,0.000,0.000,0.000,0.000,0.000,0.000,0.011,-0.322
1178.81,0.108,0,0.799,0.477,0,0.000,0.000,0.000,0.000,0.000,0.000,0.014,-0.313
1179.01,0.108,0,0.805,0.477,0,0.000,0.000,0.000,0.000,0.000,0.000,0.016,-0.317
1179.21,0.105,0,0.805,0.477,0,0.000,0.000,0.000,0.000,0.000,0.000,0.019,-0.315
1179.41,0.395,0,0.801,0.477,0,0.000,0.000,0.000,0.000,0.000,0.000,0.019,-0.311
1179.61,0.105,0,0.801,0.477,0,0.000,0.000,0.000,0.000,0.000,0.000,0.020,-0.320
1179.81,0.105,0,0.801,0.477,0,0.000,0.000,0.000,0.000,0.000,0.000,0.022,-0.325
1180.01,0.395,0,0.802,0.477,0,0.000,0.000,0.000,0.000,0.000,0.000,0.010,-0.321
1180.21,0.394,0,0.802,0.477,0,0.000,0.000,0.000,0.000,0.000,0.000,0.009,-0.322
1180.41,0.393,0,0.541,0.477,1,0.000,0.000,0.000,0.000,0.000,0.000,0.013,-0.324
1180.61,0.105,0,0.541,0.477,1,0.000,0.000,0.000,0.000,0.000,0.000,0.006,-0.314
1180.81,0.108,0,0.541,0.477,1,0.000,0.000,0.000,0.000,0.000,0.000,0.017,-0.305
1181.01,0.105,0,0.541,0.480,1,0.000,0.000,0.000,0.000,0.000,0.000,0.021,-0.316
1181.21,0.108,0,0.541,0.480,1,0.000,0.000,0.000,0.000,0.000,0.000,0.014,-0.307
1181.41,0.106,0,0.801,0.481,0,0.000,0.000,0.000,0.000,0.000,0.000,-0.012,-0.290
1181.61,0.409,0,0.801,0.481,0,0.000,0.000,0.000,0.000,0.000,0.000,-0.019,-0.279
1181.81,0.108,0,0.801,0.481,0,0.000,0.000,0.000,0.000,0.000,0.000,-0.012,-0.286
1182.01,0.108,0,0.539,0.483,1,0.000,0.000,0.000,0.000,0.000,0.000,-0.011,-0.295
1182.21,0.105,0,0.539,0.483,1,0.000,0.000,0.000,0.000,0.000,0.000,-0.003,-0.294
1182.41,0.401,0,0.536,0.482,1,0.000,0.000,0.000,0.000,0.000,0.000,-0.005,-0.290
1182.61,0.401,0,0.536,0.482,1,0.000,0.000,0.000,0.000,0.000,0.000,-0.011,-0.275
1182.81,0.401,0,0.536,0.482,1,0.000,0.000,0.000,0.000,0.000,0.000,-0.006,-0.278
1183.01,0.108,0,0.538,0.483,1,0.000,0.000,0.000,0.000,0.000,0.000,-0.000,-0.292
1183.21,0.108,0,0.538,0.483,1,0.000,0.000,0.000,0.000,0.000,0.000,-0.006,-0.290
1183.41,0.108,0,0.535,0.484,1,0.000,0.000,0.000,0.000,0.000,0.000,-0.004,-0.284
1183.61,0.105,0,0.535,0.484,1,0.000,0.000,0.000,0.000,0.000,0.000,-0.014,-0.282
1183.81,0.105,0,0.535,0.484,1,0.000,0.000,0.000,0.000,0.000,0.000,-0.017,-0.273
1184.01,0.401,0,0.535,0.483,1,0.000,0.000,0.000,0.000,0.000,0.000,-0.013,-0.272
1184.21,0.108,0,0.535,0.483,1,0.000,0.000,0.000,0.000,0.000,0.000,-0.001,-0.268
1184.41,0.105,0,0.537,0.484,1,0.000,0.000,0.000,0.000,0.000,0.000,0.005,-0.278
1184.61,0.105,0,0.537,0.484,1,0.000,0.000,0.000,0.000,0.000,0.000,-0.007,-0.281
1184.81,0.398,0,0.537,0.484,1,0.000,0.000,0.000,0.000,0.000,0.000,-0.015,-0.274
1185.01,0.105,0,0.536,0.481,1,0.000,0.000,0.000,0.000,0.000,0.000,-0.003,-0.273
1185.21,0.105,0,0.536,0.481,1,0.000,0.000,0.000,0.000,0.000,0.000,0.010,-0.299
1185.41,0.108,0,0.549,0.482,1,0.000,0.000,0.000,0.000,0.000,0.000,-0.003,-0.304
1185.61,0.398,0,0.549,0.482,1,0.000,0.000,0.000,0.000,0.000,0.000,-0.014,-0.271
1185.81,0.105,0,0.549,0.482,1,0.000,0.000,0.000,0.000,0.000,0.000,-0.006,-0.264
1186.01,0.389,0,0.805,0.481,0,0.000,0.000,0.000,0.000,0.000,0.000,0.000,-0.276
1186.21,0.108,0,0.805,0.481,0,0.000,0.000,0.000,0.000,0.000,0.000,-0.006,-0.290
1186.41,0.402,0,0.784,0.482,0,0.000,0.000,0.000,0.000,0.000,0.000,-0.003,-0.277
1186.61,0.105,0,0.784,0.482,0,0.000,0.000,0.000,0.000,0.000,0.000,-0.006,-0.265
1186.81,0.108,0,0.784,0.482,0,0.000,0.000,0.000,0.000,0.000,0.000,-0.003,-0.275
1187.01,0.108,0,0.781,0.483,0,0.000,0.000,0.000,0.000,0.000,0.000,-0.001,-0.288
1187.21,0.415,0,0.781,0.483,0,0.000,0.000,0.000,0.000,0.000,0.000,-0.000,-0.282
1187.41,0.105,0,0.617,0.481,1,0.000,0.000,0.000,0.000,0.000,0.000,-0.003,-0.284
1187.61,0.409,0,0.617,0.481,1,0.000,0.000,0.000,0.000,0.000,0.000,-0.014,-0.264
1187.81,0.412,0,0.617,0.481,1,0.000,0.000,0.000,0.000,0.000,0.000,-0.019,-0.261
1188.01,0.106,0,0.961,0.482,0,0.000,0.000,0.000,0.000,0.000,0.000,-0.017,-0.268
1188.21,0.106,0,0.961,0.482,0,0.000,0.000,0.000,0.000,0.000,0.000,-0.013,-0.267
1188.41,0.106,0,0.983,0.481,0,0.000,0.000,0.000,0.000,0.000,0.000,-0.012,-0.263
1188.61,0.106,0,0.983,0.481,0,0.000,0.000,0.000,0.000,0.000,0.000,-0.010,-0.270
1188.81,0.105,0,0.983,0.481,0,0.000,0.000,0.000,0.000,0.000,0.000,-0.002,-0.289
1189.01,0.105,0,0.571,0.483,1,0.000,0.000,0.000,0.000,0.000,0.000,0.002,-0.291
1189.21,0.108,0,0.571,0.483,1,0.000,0.000,0.000,0.000,0.000,0.000,-0.002,-0.280
1189.41,0.105,0,0.916,0.484,0,0.000,0.000,0.000,0.000,0.000,0.000,0.002,-0.271
1189.61,0.424,0,0.916,0.484,0,0.000,0.000,0.000,0.000,0.000,0.000,-0.002,-0.266
1189.81,0.105,0,0.916,0.484,0,0.000,0.000,0.000,0.000,0.000,0.000,-0.011,-0.256
1190.01,0.424,0,0.521,0.484,1,0.000,0.000,0.000,0.000,0.000,0.000,-0.016,-0.255
1190.21,0.424,0,0.521,0.484,1,0.000,0.000,0.000,0.000,0.000,0.000,-0.009,-0.274
1190.41,0.108,0,0.534,0.484,1,0.000,0.000,0.000,0.000,0.000,0.000,-0.005,-0.280
1190.61,0.105,0,0.534,0.484,1,0.000,0.000,0.000,0.000,0.000,0.000,-0.008,-0.268
1190.81,0.108,0,0.534,0.484,1,0.000,0.000,0.000,0.000,0.000,0.000,-0.013,-0.257
1191.01,0.105,0,0.535,0.482,1,0.000,0.000,0.000,0.000,0.000,0.000,-0.007,-0.267
1191.21,0.105,0,0.535,0.482,1,0.000,0.000,0.000,0.000,0.000,0.000,-0.008,-0.270
1191.41,0.108,0,0.502,0.481,1,0.000,0.000,0.000,0.000,0.000,0.000,-0.018,-0.261
1191.61,0.106,0,0.502,0.481,1,0.000,0.000,0.000,0.000,0.000,0.000,-0.024,-0.260
1191.81,0.108,0,0.502,0.481,1,0.000,0.000,0.000,0.000,0.000,0.000,-0.021,-0.264
1192.01,0.105,0,0.579,0.481,1,0.000,0.000,0.000,0.000,0.000,0.000,-0.021,-0.261
1192.21,0.106,0,0.579,0.481,1,0.000,0.000,0.000,0.000,0.000,0.000,-0.016,-0.260
1192.41,0.106,0,0.472,0.481,1,0.000,0.000,0.000,0.000,0.000,0.000,-0.018,-0.283
1192.61,0.108,0,0.472,0.481,1,0.000,0.000,0.000,0.000,0.000,0.000,-0.018,-0.295
1192.81,0.105,0,0.472,0.481,1,0.000,0.000,0.000,0.000,0.000,0.000,-0.003,-0.279
1193.01,0.380,0,0.957,0.483,0,0.000,0.000,0.000,0.000,0.000,0.000,-0.000,-0.257
1193.21,0.402,0,0.957,0.483,0,0.000,0.000,0.000,0.000,0.000,0.000,-0.013,-0.258
1193.41,0.108,0,0.958,0.484,0,0.000,0.000,0.000,0.000,0.000,0.000,-0.017,-0.266
1193.61,0.108,0,0.958,0.484,0,0.000,0.000,0.000,0.000,0.000,0.000,-0.010,-0.271
1193.81,0.108,0,0.958,0.484,0,0.000,0.000,0.000,0.000,0.000,0.000,-0.003,-0.273
1194.01,0.426,0,0.959,0.483,0,0.000,0.000,0.000,0.000,0.000,0.000,-0.013,-0.278
1194.21,0.106,0,0.959,0.483,0,0.000,0.000,0.000,0.000,0.000,0.000,-0.025,-0.264
1194.41,0.108,0,0.956,0.483,0,0.000,0.000,0.000,0.000,0.000,0.000,-0.016,-0.267
1194.61,0.108,0,0.956,0.483,0,0.000,0.000,0.000,0.000,0.000,0.000,-0.010,-0.275
1194.81,0.423,0,0.956,0.483,0,0.000,0.000,0.000,0.000,0.000,0.000,-0.017,-0.265
1195.01,0.424,0,0.959,0.484,0,0.000,0.000,0.000,0.000,0.000,0.000,-0.019,-0.261
1195.21,0.105,0,0.959,0.484,0,0.000,0.000,0.000,0.000,0.000,0.000,-0.006,-0.261
1195.41,0.105,0,0.962,0.484,0,0.000,0.000,0.000,0.000,0.000,0.000,0.003,-0.261
1195.61,0.108,0,0.962,0.484,0,0.000,0.000,0.000,0.000,0.000,0.000,0.002,-0.260
1195.81,0.424,0,0.962,0.484,0,0.000,0.000,0.000,0.000,0.000,0.000,-0.007,-0.259
1196.01,0.105,0,0.957,0.484,0,0.000,0.000,0.000,0.000,0.000,0.000,-0.011,-0.250
1196.21,0.105,0,0.957,0.484,0,0.000,0.000,0.000,0.000,0.000,0.000,-0.011,-0.259
1196.41,0.105,0,0.957,0.483,0,0.000,0.000,0.000,0.000,0.000,0.000,-0.016,-0.256
1196.61,0.105,0,0.957,0.483,0,0.000,0.000,0.000,0.000,0.000,0.000,-0.010,-0.250
1196.81,0.502,0,0.957,0.483,0,0.000,0.000,0.000,0.000,0.000,0.000,-0.010,-0.256
1197.01,0.105,0,0.628,0.482,1,0.000,0.000,0.000,0.000,0.000,0.000,-0.013,-0.267
1197.21,0.105,0,0.628,0.482,1,0.000,0.000,0.000,0.000,0.000,0.000,-0.004,-0.266
1197.41,0.108,0,0.953,0.481,0,0.000,0.000,0.000,0.000,0.000,0.000,-0.007,-0.262
1197.61,0.108,0,0.953,0.481,0,0.000,0.000,0.000,0.000,0.000,0.000,-0.014,-0.269
1197.81,0.105,0,0.953,0.481,0,0.000,0.000,0.000,0.000,0.000,0.000,-0.017,-0.287
1198.01,0.106,0,0.959,0.483,0,0.000,0.000,0.000,0.000,0.000,0.000,-0.011,-0.289
1198.21,0.425,0,0.959,0.483,0,0.000,0.000,0.000,0.000,0.000,0.000,-0.008,-0.282
1198.41,0.105,0,0.981,0.481,0,0.000,0.000,0.000,0.000,0.000,0.000,-0.014,-0.283
1198.61,0.105,0,0.981,0.481,0,0.000,0.000,0.000,0.000,0.000,0.000,-0.017,-0.294
1198.81,0.366,0,0.981,0.481,0,0.000,0.000,0.000,0.000,0.000,0.000,-0.019,-0.301
1199.01,0.105,0,0.987,0.480,0,0.000,0.000,0.000,0.000,0.000,0.000,-0.018,-0.279
1199.21,0.105,0,0.987,0.480,0,0.000,0.000,0.000,0.000,0.000,0.000,-0.010,-0.272
1199.41,0.395,0,0.978,0.481,0,0.000,0.000,0.000,0.000,0.000,0.000,-0.007,-0.278
1199.61,0.395,0,0.978,0.481,0,0.000,0.000,0.000,0.000,0.000,0.000,-0.014,-0.279
1199.81,0.105,0,0.978,0.481,0,0.000,0.000,0.000,0.000,0.000,0.000,-0.014,-0.280
1200.01,0.105,0,0.978,0.481,0,0.000,0.000,0.000,0.000,0.000,0.000,-0.011,-0.276
1200.21,0.381,0,0.978,0.481,0,0.000,0.000,0.000,0.000,0.000,0.000,-0.011,-0.272
1200.41,0.375,0,0.975,0.481,0,0.000,0.000,0.000,0.000,0.000,0.000,-0.016,-0.287
1200.61,0.105,0,0.975,0.481,0,0.000,0.000,0.000,0.000,0.000,0.000,-0.008,-0.288
1200.81,0.108,0,0.975,0.481,0,0.000,0.000,0.000,0.000,0.000,0.000,-0.005,-0.278
1201.01,0.108,0,0.966,0.481,0,0.000,0.000,0.000,0.000,0.000,0.000,-0.001,-0.273
1201.21,0.108,0,0.966,0.481,0,0.000,0.000,0.000,0.000,0.000,0.000,-0.009,-0.280
1201.41,0.108,0,0.956,0.482,0,0.000,0.000,0.000,0.000,0.000,0.000,-0.015,-0.290
1201.61,0.106,0,0.956,0.482,0,0.000,0.000,0.000,0.000,0.000,0.000,-0.014,-0.284
1201.81,0.106,0,0.956,0.482,0,0.000,0.000,0.000,0.000,0.000,0.000,-0.010,-0.283
1202.01,0.368,0,0.945,0.482,0,0.000,0.000,0.000,0.000,0.000,0.000,-0.007,-0.288
1202.21,0.108,0,0.945,0.482,0,0.000,0.000,0.000,0.000,0.000,0.000,-0.008,-0.292
1202.41,0.105,0,0.919,0.482,0,0.000,0.000,0.000,0.000,0.000,0.000,-0.010,-0.283
1202.61,0.370,0,0.919,0.482,0,0.000,0.000,0.000,0.000,0.000,0.000,-0.014,-0.275
1202.81,0.105,0,0.919,0.482,0,0.000,0.000,0.000,0.000,0.000,0.000,-0.014,-0.275
1203.01,0.105,0,0.923,0.482,0,0.000,0.000,0.000,0.000,0.000,0.000,-0.008,-0.281
1203.21,0.105,0,0.923,0.482,0,0.000,0.000,0.000,0.000,0.000,0.000,-0.003,-0.290
1203.41,0.108,0,0.930,0.483,0,0.000,0.000,0.000,0.000,0.000,0.000,-0.004,-0.280
1203.61,0.108,0,0.930,0.483,0,0.000,0.000,0.000,0.000,0.000,0.000,-0.009,-0.275
1203.81,0.108,0,0.930,0.483,0,0.000,0.000,0.000,0.000,0.000,0.000,-0.008,-0.281
1204.01,0.370,0,0.948,0.481,0,0.000,0.000,0.000,0.000,0.000,0.000,-0.005,-0.276
1204.21,0.371,0,0.948,0.481,0,0.000,0.000,0.000,0.000,0.000,0.000,-0.015,-0.270
1204.41,0.372,0,0.933,0.480,0,0.000,0.000,0.000,0.000,0.000,0.000,-0.019,-0.278
1204.61,0.108,0,0.933,0.480,0,0.000,0.000,0.000,0.000,0.000,0.000,-0.012,-0.279
1204.81,0.105,0,0.933,0.480,0,0.000,0.000,0.000,0.000,0.000,0.000,-0.005,-0.275
1205.01,0.108,0,0.901,0.445,0,0.000,0.000,0.000,0.000,0.000,0.000,-0.006,-0.281
1205.21,0.108,0,0.901,0.445,0,0.000,0.000,0.000,0.000,0.000,0.000,-0.010,-0.276
1205.41,0.106,0,0.873,0.464,0,0.000,0.000,0.000,0.000,0.000,0.000,-0.006,-0.279
1205.61,0.105,0,0.873,0.464,0,0.000,0.000,0.000,0.000,0.000,0.000,0.003,-0.287
1205.81,0.371,0,0.873,0.464,0,0.000,0.000,0.000,0.000,0.000,0.000,0.001,-0.284
1206.01,0.372,0,0.789,0.470,0,0.000,0.000,0.000,0.000,0.000,0.000,0.002,-0.285
1206.21,0.105,0,0.789,0.470,0,0.000,0.000,0.000,0.000,0.000,0.000,0.004,-0.288
1206.41,0.106,0,0.764,0.481,0,0.000,0.000,0.000,0.000,0.000,0.000,0.002,-0.296
1206.61,0.106,0,0.764,0.481,0,0.000,0.000,0.000,0.000,0.000,0.000,-0.006,-0.281
1206.81,0.108,0,0.764,0.481,0,0.000,0.000,0.000,0.000,0.000,0.000,-0.004,-0.280
1207.01,0.105,0,0.823,0.484,0,0.000,0.000,0.000,0.000,0.000,0.000,-0.002,-0.283
1207.21,0.106,0,0.823,0.484,0,0.000,0.000,0.000,0.000,0.000,0.000,-0.010,-0.287
1207.41,0.105,0,0.472,0.483,1,0.000,0.000,0.000,0.000,0.000,0.000,-0.001,-0.288
1207.61,0.106,0,0.472,0.483,1,0.000,0.000,0.000,0.000,0.000,0.000,0.006,-0.281
1207.81,0.371,0,0.472,0.483,1,0.000,0.000,0.000,0.000,0.000,0.000,-0.001,-0.278
1208.01,0.372,0,0.868,0.484,0,0.000,0.000,0.000,0.000,0.000,0.000,-0.011,-0.279
1208.21,0.108,0,0.868,0.484,0,0.000,0.000,0.000,0.000,0.000,0.000,-0.008,-0.284
1208.41,0.106,0,0.864,0.483,0,0.000,0.000,0.000,0.000,0.000,0.000,-0.008,-0.283
1208.61,0.106,0,0.864,0.483,0,0.000,0.000,0.000,0.000,0.000,0.000,-0.006,-0.287
1208.81,0.108,0,0.864,0.483,0,0.000,0.000,0.000,0.000,0.000,0.000,-0.004,-0.283
1209.01,0.108,0,0.867,0.483,0,0.000,0.000,0.000,0.000,0.000,0.000,0.002,-0.281
1209.21,0.105,0,0.867,0.483,0,0.000,0.000,0.000,0.000,0.000,0.000,0.001,-0.289
1209.41,0.106,0,0.870,0.484,0,0.000,0.000,0.000,0.000,0.000,0.000,-0.002,-0.289
1209.61,0.370,0,0.870,0.484,0,0.000,0.000,0.000,0.000,0.000,0.000,-0.011,-0.283
1209.81,0.108,0,0.870,0.484,0,0.000,0.000,0.000,0.000,0.000,0.000,-0.008,-0.281
1210.01,0.108,0,0.882,0.483,0,0.000,0.000,0.000,0.000,0.000,0.000,-0.002,-0.279
1210.21,0.369,0,0.882,0.483,0,0.000,0.000,0.000,0.000,0.000,0.000,-0.006,-0.273
1210.41,0.105,0,0.469,0.483,1,0.000,0.000,0.000,0.000,0.000,0.000,-0.014,-0.266
1210.61,0.106,0,0.469,0.483,1,0.000,0.000,0.000,0.000,0.000,0.000,-0.019,-0.273
1210.81,0.370,0,0.469,0.483,1,0.000,0.000,0.000,0.000,0.000,0.000,-0.016,-0.286
1211.01,0.106,0,0.470,0.481,1,0.000,0.000,0.000,0.000,0.000,0.000,-0.001,-0.293
1211.21,0.108,0,0.470,0.481,1,0.000,0.000,0.000,0.000,0.000,0.000,0.000,-0.284
1211.41,0.108,0,0.470,0.481,1,0.000,0.000,0.000,0.000,0.000,0.000,-0.011,-0.287
1211.61,0.369,0,0.470,0.481,1,0.000,0.000,0.000,0.000,0.000,0.000,-0.011,-0.290
1211.81,0.370,0,0.470,0.481,1,0.000,0.000,0.000,0.000,0.000,0.000,-0.004,-0.294
1212.01,0.108,0,0.848,0.481,0,0.000,0.000,0.000,0.000,0.000,0.000,-0.006,-0.294
1212.21,0.105,0,0.848,0.481,0,0.000,0.000,0.000,0.000,0.000,0.000,-0.007,-0.299
1212.41,0.105,0,0.470,0.482,1,0.000,0.000,0.000,0.000,0.000,0.000,-0.008,-0.298
1212.61,0.108,0,0.470,0.482,1,0.000,0.000,0.000,0.000,0.000,0.000,-0.002,-0.299
1212.81,0.108,0,0.470,0.482,1,0.000,0.000,0.000,0.000,0.000,0.000,-0.003,-0.303
1213.01,0.106,0,0.845,0.482,0,0.000,0.000,0.000,0.000,0.000,0.000,-0.015,-0.298
1213.21,0.106,0,0.845,0.482,0,0.000,0.000,0.000,0.000,0.000,0.000,-0.023,-0.300
1213.41,0.370,0,0.469,0.481,1,0.000,0.000,0.000,0.000,0.000,0.000,-0.015,-0.305
1213.61,0.108,0,0.469,0.481,1,0.000,0.000,0.000,0.000,0.000,0.000,-0.014,-0.301
1213.81,0.369,0,0.469,0.481,1,0.000,0.000,0.000,0.000,0.000,0.000,-0.017,-0.295
1214.01,0.370,0,0.470,0.482,1,0.000,0.000,0.000,0.000,0.000,0.000,-0.014,-0.293
1214.21,0.106,0,0.470,0.482,1,0.000,0.000,0.000,0.000,0.000,0.000,-0.011,-0.301
1214.41,0.108,0,0.471,0.483,1,0.000,0.000,0.000,0.000,0.000,0.000,-0.017,-0.305
1214.61,0.105,0,0.471,0.483,1,0.000,0.000,0.000,0.000,0.000,0.000,-0.021,-0.298
1214.81,0.370,0,0.471,0.483,1,0.000,0.000,0.000,0.000,0.000,0.000,-0.010,-0.294
1215.01,0.370,0,0.471,0.481,1,0.000,0.000,0.000,0.000,0.000,0.000,-0.011,-0.295
1215.21,0.106,0,0.471,0.481,1,0.000,0.000,0.000,0.000,0.000,0.000,-0.010,-0.297
1215.41,0.105,0,0.823,0.481,0,0.000,0.000,0.000,0.000,0.000,0.000,-0.008,-0.300
1215.61,0.105,0,0.823,0.481,0,0.000,0.000,0.000,0.000,0.000,0.000,-0.009,-0.299
1215.81,0.108,0,0.823,0.481,0,0.000,0.000,0.000,0.000,0.000,0.000,-0.013,-0.297
1216.01,0.106,0,0.825,0.483,0,0.000,0.000,0.000,0.000,0.000,0.000,-0.016,-0.297
1216.21,0.108,0,0.825,0.483,0,0.000,0.000,0.000,0.000,0.000,0.000,-0.015,-0.302
1216.41,0.105,0,0.473,0.484,1,0.000,0.000,0.000,0.000,0.000,0.000,-0.011,-0.296
1216.61,0.377,0,0.473,0.484,1,0.000,0.000,0.000,0.000,0.000,0.000,-0.014,-0.297
1216.81,0.105,0,0.473,0.484,1,0.000,0.000,0.000,0.000,0.000,0.000,-0.016,-0.295
1217.01,0.108,0,0.809,0.484,0,0.000,0.000,0.000,0.000,0.000,0.000,-0.014,-0.296
1217.21,0.385,0,0.809,0.484,0,0.000,0.000,0.000,0.000,0.000,0.000,-0.012,-0.293
1217.41,0.384,0,0.806,0.481,0,0.000,0.000,0.000,0.000,0.000,0.000,-0.008,-0.297
1217.61,0.105,0,0.806,0.481,0,0.000,0.000,0.000,0.000,0.000,0.000,-0.005,-0.293
1217.81,0.384,0,0.806,0.481,0,0.000,0.000,0.000,0.000,0.000,0.000,-0.010,-0.294
1218.01,0.108,0,0.805,0.484,0,0.000,0.000,0.000,0.000,0.000,0.000,-0.016,-0.296
1218.21,0.106,0,0.805,0.484,0,0.000,0.000,0.000,0.000,0.000,0.000,-0.012,-0.292
1218.41,0.382,0,0.804,0.481,0,0.000,0.000,0.000,0.000,0.000,0.000,-0.008,-0.293
1218.61,0.108,0,0.804,0.481,0,0.000,0.000,0.000,0.000,0.000,0.000,-0.010,-0.295
1218.81,0.108,0,0.804,0.481,0,0.000,0.000,0.000,0.000,0.000,0.000,-0.014,-0.296
1219.01,0.106,0,0.816,0.482,0,0.000,0.000,0.000,0.000,0.000,0.000,-0.011,-0.293
1219.21,0.105,0,0.816,0.482,0,0.000,0.000,0.000,0.000,0.000,0.000,-0.009,-0.282
1219.41,0.108,0,0.850,0.482,0,0.000,0.000,0.000,0.000,0.000,0.000,-0.016,-0.278
1219.61,0.106,0,0.850,0.482,0,0.000,0.000,0.000,0.000,0.000,0.000,-0.020,-0.278
1219.81,0.108,0,0.850,0.482,0,0.000,0.000,0.000,0.000,0.000,0.000,-0.023,-0.273
1220.01,0.423,0,0.891,0.481,0,0.000,0.000,0.000,0.000,0.000,0.000,-0.017,-0.271
1220.21,0.424,0,0.891,0.481,0,0.000,0.000,0.000,0.000,0.000,0.000,-0.006,-0.276
1220.41,0.422,0,0.829,0.482,0,0.000,0.000,0.000,0.000,0.000,0.000,-0.009,-0.285
1220.61,0.106,0,0.829,0.482,0,0.000,0.000,0.000,0.000,0.000,0.000,-0.007,-0.279
1220.81,0.108,0,0.829,0.482,0,0.000,0.000,0.000,0.000,0.000,0.000,-0.003,-0.277
1221.01,0.106,0,0.724,0.483,0,0.000,0.000,0.000,0.000,0.000,0.000,-0.001,-0.284
1221.21,0.108,0,0.724,0.483,0,0.000,0.000,0.000,0.000,0.000,0.000,-0.003,-0.288
1221.41,0.418,0,0.747,0.481,0,0.000,0.000,0.000,0.000,0.000,0.000,-0.015,-0.285
1221.61,0.250,0,0.747,0.481,0,0.000,0.000,0.000,0.000,0.000,0.000,-0.015,-0.278
1221.81,0.106,0,0.747,0.481,0,0.000,0.000,0.000,0.000,0.000,0.000,-0.012,-0.263
1222.01,0.105,0,0.837,0.481,0,0.000,0.000,0.000,0.000,0.000,0.000,-0.010,-0.264
1222.21,0.105,0,0.837,0.481,0,0.000,0.000,0.000,0.000,0.000,0.000,-0.023,-0.276
1222.41,0.108,0,0.868,0.481,0,0.000,0.000,0.000,0.000,0.000,0.000,-0.028,-0.274
1222.61,0.424,0,0.868,0.481,0,0.000,0.000,0.000,0.000,0.000,0.000,-0.021,-0.272
1222.81,0.423,0,0.868,0.481,0,0.000,0.000,0.000,0.000,0.000,0.000,-0.014,-0.267
1223.01,0.105,0,0.799,0.482,0,0.000,0.000,0.000,0.000,0.000,0.000,-0.014,-0.271
1223.21,0.108,0,0.799,0.482,0,0.000,0.000,0.000,0.000,0.000,0.000,-0.008,-0.277
1223.41,0.108,0,0.817,0.481,0,0.000,0.000,0.000,0.000,0.000,0.000,-0.012,-0.274
1223.61,0.106,0,0.817,0.481,0,0.000,0.000,0.000,0.000,0.000,0.000,-0.017,-0.281
1223.81,0.105,0,0.817,0.481,0,0.000,0.000,0.000,0.000,0.000,0.000,-0.023,-0.290
1224.01,0.414,0,0.808,0.482,0,0.000,0.000,0.000,0.000,0.000,0.000,-0.013,-0.281
1224.21,0.105,0,0.808,0.482,0,0.000,0.000,0.000,0.000,0.000,0.000,-0.011,-0.276
1224.41,0.108,0,0.858,0.481,0,0.000,0.000,0.000,0.000,0.000,0.000,-0.023,-0.267
1224.61,0.106,0,0.858,0.481,0,0.000,0.000,0.000,0.000,0.000,0.000,-0.031,-0.257
1224.81,0.424,0,0.858,0.481,0,0.000,0.000,0.000,0.000,0.000,0.000,-0.030,-0.254
1225.01,0.108,0,0.924,0.481,0,0.000,0.000,0.000,0.000,0.000,0.000,-0.017,-0.250
1225.21,0.105,0,0.924,0.481,0,0.000,0.000,0.000,0.000,0.000,0.000,-0.029,-0.250
1225.41,0.424,0,0.947,0.482,0,0.000,0.000,0.000,0.000,0.000,0.000,-0.039,-0.244
1225.61,0.106,0,0.947,0.482,0,0.000,0.000,0.000,0.000,0.000,0.000,-0.037,-0.233
1225.81,0.105,0,0.947,0.482,0,0.000,0.000,0.000,0.000,0.000,0.000,-0.031,-0.238
1226.01,0.426,0,0.975,0.481,0,0.000,0.000,0.000,0.000,0.000,0.000,-0.021,-0.251
1226.21,0.424,0,0.975,0.481,0,0.000,0.000,0.000,0.000,0.000,0.000,-0.019,-0.261
1226.41,0.108,0,0.965,0.481,0,0.000,0.000,0.000,0.000,0.000,0.000,-0.021,-0.267
1226.61,0.106,0,0.965,0.481,0,0.000,0.000,0.000,0.000,0.000,0.000,-0.026,-0.260
1226.81,0.105,0,0.965,0.481,0,0.000,0.000,0.000,0.000,0.000,0.000,-0.023,-0.263
1227.01,0.106,0,0.947,0.482,0,0.000,0.000,0.000,0.000,0.000,0.000,-0.010,-0.276
1227.21,0.105,0,0.947,0.482,0,0.000,0.000,0.000,0.000,0.000,0.000,-0.008,-0.279
1227.41,0.106,0,0.949,0.482,0,0.000,0.000,0.000,0.000,0.000,0.000,-0.016,-0.248
1227.61,0.424,0,0.949,0.482,0,0.000,0.000,0.000,0.000,0.000,0.000,-0.013,-0.245
1227.81,0.424,0,0.949,0.482,0,0.000,0.000,0.000,0.000,0.000,0.000,-0.007,-0.264
1228.01,0.108,0,0.950,0.481,0,0.000,0.000,0.000,0.000,0.000,0.000,-0.012,-0.276
1228.21,0.105,0,0.950,0.481,0,0.000,0.000,0.000,0.000,0.000,0.000,-0.020,-0.271
1228.41,0.108,0,0.950,0.481,0,0.000,0.000,0.000,0.000,0.000,0.000,-0.012,-0.256
1228.61,0.106,0,0.950,0.481,0,0.000,0.000,0.000,0.000,0.000,0.000,-0.008,-0.278
1228.81,0.105,0,0.950,0.481,0,0.000,0.000,0.000,0.000,0.000,0.000,-0.020,-0.286
1229.01,0.424,0,0.950,0.481,0,0.000,0.000,0.000,0.000,0.000,0.000,-0.026,-0.272
1229.21,0.424,0,0.950,0.481,0,0.000,0.000,0.000,0.000,0.000,0.000,-0.022,-0.256
1229.41,0.105,0,0.952,0.481,0,0.000,0.000,0.000,0.000,0.000,0.000,-0.021,-0.262
1229.61,0.105,0,0.952,0.481,0,0.000,0.000,0.000,0.000,0.000,0.000,-0.019,-0.271
1229.81,0.424,0,0.952,0.481,0,0.000,0.000,0.000,0.000,0.000,0.000,-0.017,-0.270
1230.01,0.426,0,0.944,0.482,0,0.000,0.000,0.000,0.000,0.000,0.000,-0.012,-0.269
1230.21,0.108,0,0.944,0.482,0,0.000,0.000,0.000,0.000,0.000,0.000,0.001,-0.285
1230.41,0.108,0,0.860,0.481,0,0.000,0.000,0.000,0.000,0.000,0.000,0.004,-0.293
1230.61,0.424,0,0.860,0.481,0,0.000,0.000,0.000,0.000,0.000,0.000,-0.007,-0.281
1230.81,0.108,0,0.860,0.481,0,0.000,0.000,0.000,0.000,0.000,0.000,-0.013,-0.268
1231.01,0.105,0,0.918,0.482,0,0.000,0.000,0.000,0.000,0.000,0.000,-0.012,-0.271
1231.21,0.105,0,0.918,0.482,0,0.000,0.000,0.000,0.000,0.000,0.000,-0.008,-0.282
1231.41,0.108,0,0.925,0.481,0,0.000,0.000,0.000,0.000,0.000,0.000,-0.007,-0.284
1231.61,0.108,0,0.925,0.481,0,0.000,0.000,0.000,0.000,0.000,0.000,-0.012,-0.272
1231.81,0.424,0,0.925,0.481,0,0.000,0.000,0.000,0.000,0.000,0.000,-0.016,-0.267
1232.01,0.106,0,0.935,0.483,0,0.000,0.000,0.000,0.000,0.000,0.000,-0.021,-0.262
1232.21,0.424,0,0.935,0.483,0,0.000,0.000,0.000,0.000,0.000,0.000,-0.015,-0.274
1232.41,0.105,0,0.929,0.483,0,0.000,0.000,0.000,0.000,0.000,0.000,-0.012,-0.274
1232.61,0.105,0,0.929,0.483,0,0.000,0.000,0.000,0.000,0.000,0.000,-0.018,-0.265
1232.81,0.105,0,0.929,0.483,0,0.000,0.000,0.000,0.000,0.000,0.000,-0.022,-0.260
1233.01,0.424,0,0.928,0.483,0,0.000,0.000,0.000,0.000,0.000,0.000,-0.017,-0.264
1233.21,0.106,0,0.928,0.483,0,0.000,0.000,0.000,0.000,0.000,0.000,-0.023,-0.269
1233.41,0.105,0,0.927,0.482,0,0.000,0.000,0.000,0.000,0.000,0.000,-0.021,-0.265
1233.61,0.108,0,0.927,0.482,0,0.000,0.000,0.000,0.000,0.000,0.000,-0.016,-0.269
1233.81,0.108,0,0.927,0.482,0,0.000,0.000,0.000,0.000,0.000,0.000,-0.016,-0.273
1234.01,0.424,0,0.950,0.482,0,0.000,0.000,0.000,0.000,0.000,0.000,-0.026,-0.263
1234.21,0.108,0,0.950,0.482,0,0.000,0.000,0.000,0.000,0.000,0.000,-0.021,-0.257
1234.41,0.108,0,0.958,0.483,0,0.000,0.000,0.000,0.000,0.000,0.000,-0.017,-0.270
1234.61,0.108,0,0.958,0.483,0,0.000,0.000,0.000,0.000,0.000,0.000,-0.013,-0.270
1234.81,0.447,0,0.958,0.483,0,0.000,0.000,0.000,0.000,0.000,0.000,-0.020,-0.259
1235.01,0.108,0,0.949,0.482,0,0.000,0.000,0.000,0.000,0.000,0.000,-0.023,-0.262
1235.21,0.424,0,0.949,0.482,0,0.000,0.000,0.000,0.000,0.000,0.000,-0.014,-0.276
1235.41,0.106,0,0.946,0.481,0,0.000,0.000,0.000,0.000,0.000,0.000,-0.018,-0.260
1235.61,0.105,0,0.946,0.481,0,0.000,0.000,0.000,0.000,0.000,0.000,-0.024,-0.259
1235.81,0.424,0,0.946,0.481,0,0.000,0.000,0.000,0.000,0.000,0.000,-0.031,-0.269
1236.01,0.108,0,0.947,0.482,0,0.000,0.000,0.000,0.000,0.000,0.000,-0.023,-0.272
1236.21,0.105,0,0.947,0.482,0,0.000,0.000,0.000,0.000,0.000,0.000,-0.017,-0.266
1236.41,0.108,0,0.955,0.482,0,0.000,0.000,0.000,0.000,0.000,0.000,-0.017,-0.263
1236.61,0.105,0,0.955,0.482,0,0.000,0.000,0.000,0.000,0.000,0.000,-0.025,-0.265
1236.81,0.426,0,0.955,0.482,0,0.000,0.000,0.000,0.000,0.000,0.000,-0.022,-0.272
1237.01,0.106,0,0.958,0.483,0,0.000,0.000,0.000,0.000,0.000,0.000,-0.009,-0.272
1237.21,0.105,0,0.958,0.483,0,0.000,0.000,0.000,0.000,0.000,0.000,-0.008,-0.271
1237.41,0.108,0,0.926,0.483,0,0.000,0.000,0.000,0.000,0.000,0.000,-0.006,-0.277
1237.61,0.106,0,0.926,0.483,0,0.000,0.000,0.000,0.000,0.000,0.000,-0.017,-0.274
1237.81,0.106,0,0.926,0.483,0,0.000,0.000,0.000,0.000,0.000,0.000,-0.021,-0.259
1238.01,0.105,0,0.959,0.481,0,0.000,0.000,0.000,0.000,0.000,0.000,-0.024,-0.260
1238.21,0.105,0,0.959,0.481,0,0.000,0.000,0.000,0.000,0.000,0.000,-0.024,-0.265
1238.41,0.106,0,0.979,0.483,0,0.000,0.000,0.000,0.000,0.000,0.000,-0.019,-0.266
1238.61,0.108,0,0.979,0.483,0,0.000,0.000,0.000,0.000,0.000,0.000,-0.010,-0.273
1238.81,0.105,0,0.979,0.483,0,0.000,0.000,0.000,0.000,0.000,0.000,-0.017,-0.270
1239.01,0.424,0,0.956,0.483,0,0.000,0.000,0.000,0.000,0.000,0.000,-0.021,-0.270
1239.21,0.108,0,0.956,0.483,0,0.000,0.000,0.000,0.000,0.000,0.000,-0.013,-0.273
1239.41,0.105,0,0.930,0.482,0,0.000,0.000,0.000,0.000,0.000,0.000,-0.018,-0.266
1239.61,0.424,0,0.930,0.482,0,0.000,0.000,0.000,0.000,0.000,0.000,-0.019,-0.263
1239.81,0.106,0,0.930,0.482,0,0.000,0.000,0.000,0.000,0.000,0.000,-0.020,-0.263
1240.01,0.426,0,0.939,0.482,0,0.000,0.000,0.000,0.000,0.000,0.000,-0.013,-0.258
1240.21,0.105,0,0.939,0.482,0,0.000,0.000,0.000,0.000,0.000,0.000,-0.014,-0.274
1240.41,0.108,0,0.883,0.483,0,0.000,0.000,0.000,0.000,0.000,0.000,-0.014,-0.276
1240.61,0.106,0,0.883,0.483,0,0.000,0.000,0.000,0.000,0.000,0.000,-0.016,-0.264
1240.81,0.424,0,0.883,0.483,0,0.000,0.000,0.000,0.000,0.000,0.000,-0.016,-0.271
1241.01,0.106,0,0.852,0.482,0,0.000,0.000,0.000,0.000,0.000,0.000,-0.016,-0.273
1241.21,0.106,0,0.852,0.482,0,0.000,0.000,0.000,0.000,0.000,0.000,-0.016,-0.274
1241.41,0.105,0,0.822,0.482,0,0.000,0.000,0.000,0.000,0.000,0.000,-0.012,-0.277
1241.61,0.106,0,0.822,0.482,0,0.000,0.000,0.000,0.000,0.000,0.000,-0.008,-0.276
1241.81,0.426,0,0.822,0.482,0,0.000,0.000,0.000,0.000,0.000,0.000,-0.004,-0.277
1242.01,0.108,0,0.779,0.483,0,0.000,0.000,0.000,0.000,0.000,0.000,-0.003,-0.280
1242.21,0.108,0,0.779,0.483,0,0.000,0.000,0.000,0.000,0.000,0.000,-0.006,-0.276
1242.41,0.106,0,0.804,0.481,0,0.000,0.000,0.000,0.000,0.000,0.000,-0.004,-0.267
1242.61,0.437,0,0.804,0.481,0,0.000,0.000,0.000,0.000,0.000,0.000,-0.003,-0.262
1242.81,0.421,0,0.804,0.481,0,0.000,0.000,0.000,0.000,0.000,0.000,-0.012,-0.258
1243.01,0.424,0,0.779,0.481,0,0.000,0.000,0.000,0.000,0.000,0.000,-0.015,-0.277
1243.21,0.106,0,0.779,0.481,0,0.000,0.000,0.000,0.000,0.000,0.000,-0.013,-0.276
1243.41,0.424,0,0.758,0.481,0,0.000,0.000,0.000,0.000,0.000,0.000,-0.014,-0.291
1243.61,0.108,0,0.758,0.481,0,0.000,0.000,0.000,0.000,0.000,0.000,-0.014,-0.303
1243.81,0.105,0,0.758,0.481,0,0.000,0.000,0.000,0.000,0.000,0.000,-0.014,-0.294
1244.01,0.437,0,0.765,0.482,0,0.000,0.000,0.000,0.000,0.000,0.000,-0.008,-0.290
1244.21,0.105,0,0.765,0.482,0,0.000,0.000,0.000,0.000,0.000,0.000,-0.006,-0.277
1244.41,0.108,0,0.682,0.482,0,0.000,0.000,0.000,0.000,0.000,0.000,-0.004,-0.281
1244.61,0.106,0,0.682,0.482,0,0.000,0.000,0.000,0.000,0.000,0.000,-0.010,-0.287
1244.81,0.106,0,0.682,0.482,0,0.000,0.000,0.000,0.000,0.000,0.000,-0.007,-0.276
1245.01,0.424,0,0.659,0.482,1,0.000,0.000,0.000,0.000,0.000,0.000,-0.009,-0.278
1245.21,0.108,0,0.659,0.482,1,0.000,0.000,0.000,0.000,0.000,0.000,-0.007,-0.279
1245.41,0.106,0,0.659,0.481,1,0.000,0.000,0.000,0.000,0.000,0.000,-0.009,-0.265
1245.61,0.105,0,0.659,0.481,1,0.000,0.000,0.000,0.000,0.000,0.000,-0.017,-0.261
1245.81,0.108,0,0.659,0.481,1,0.000,0.000,0.000,0.000,0.000,0.000,-0.013,-0.282
1246.01,0.106,0,0.665,0.481,1,0.000,0.000,0.000,0.000,0.000,0.000,-0.009,-0.280
1246.21,0.502,0,0.665,0.481,1,0.000,0.000,0.000,0.000,0.000,0.000,-0.010,-0.264
1246.41,0.502,0,0.675,0.483,1,0.000,0.000,0.000,0.000,0.000,0.000,-0.017,-0.268
1246.61,0.424,0,0.675,0.483,1,0.000,0.000,0.000,0.000,0.000,0.000,-0.012,-0.277
1246.81,0.426,0,0.675,0.483,1,0.000,0.000,0.000,0.000,0.000,0.000,-0.007,-0.286
1247.01,0.106,0,0.740,0.481,0,0.000,0.000,0.000,0.000,0.000,0.000,-0.000,-0.278
1247.21,0.105,0,0.740,0.481,0,0.000,0.000,0.000,0.000,0.000,0.000,-0.006,-0.278
1247.41,0.105,0,0.738,0.482,0,0.000,0.000,0.000,0.000,0.000,0.000,-0.009,-0.272
1247.61,0.502,0,0.738,0.482,0,0.000,0.000,0.000,0.000,0.000,0.000,-0.005,-0.276
1247.81,0.423,0,0.738,0.482,0,0.000,0.000,0.000,0.000,0.000,0.000,-0.007,-0.269
1248.01,0.426,0,0.738,0.483,0,0.000,0.000,0.000,0.000,0.000,0.000,-0.017,-0.281
1248.21,0.424,0,0.738,0.483,0,0.000,0.000,0.000,0.000,0.000,0.000,-0.014,-0.283
1248.41,0.424,0,0.763,0.483,0,0.000,0.000,0.000,0.000,0.000,0.000,-0.011,-0.277
1248.61,0.424,0,0.763,0.483,0,0.000,0.000,0.000,0.000,0.000,0.000,-0.011,-0.275
1248.81,0.424,0,0.763,0.483,0,0.000,0.000,0.000,0.000,0.000,0.000,-0.009,-0.272
1249.01,0.105,0,0.783,0.483,0,0.000,0.000,0.000,0.000,0.000,0.000,-0.004,-0.275
1249.21,0.105,0,0.783,0.483,0,0.000,0.000,0.000,0.000,0.000,0.000,-0.009,-0.269
1249.41,0.106,0,0.791,0.482,0,0.000,0.000,0.000,0.000,0.000,0.000,-0.018,-0.267
1249.61,0.106,0,0.791,0.482,0,0.000,0.000,0.000,0.000,0.000,0.000,-0.019,-0.276
1249.81,0.105,0,0.791,0.482,0,0.000,0.000,0.000,0.000,0.000,0.000,-0.016,-0.275
1250.01,0.105,0,0.801,0.481,0,0.000,0.000,0.000,0.000,0.000,0.000,-0.020,-0.268
1250.21,0.105,0,0.801,0.481,0,0.000,0.000,0.000,0.000,0.000,0.000,-0.020,-0.264
1250.41,0.424,0,0.742,0.481,0,0.000,0.000,0.000,0.000,0.000,0.000,-0.012,-0.276
1250.61,0.424,0,0.742,0.481,0,0.000,0.000,0.000,0.000,0.000,0.000,-0.006,-0.277
1250.81,0.424,0,0.742,0.481,0,0.000,0.000,0.000,0.000,0.000,0.000,-0.011,-0.274
1251.01,0.105,0,0.727,0.482,0,0.000,0.000,0.000,0.000,0.000,0.000,-0.025,-0.276
1251.21,0.105,0,0.727,0.482,0,0.000,0.000,0.000,0.000,0.000,0.000,-0.012,-0.262
1251.41,0.502,0,0.771,0.481,0,0.000,0.000,0.000,0.000,0.000,0.000,-0.012,-0.256
1251.61,0.105,0,0.771,0.481,0,0.000,0.000,0.000,0.000,0.000,0.000,-0.014,-0.261
1251.81,0.105,0,0.771,0.481,0,0.000,0.000,0.000,0.000,0.000,0.000,-0.022,-0.271
1252.01,0.108,0,0.760,0.482,0,0.000,0.000,0.000,0.000,0.000,0.000,-0.024,-0.269
1252.21,0.502,0,0.760,0.482,0,0.000,0.000,0.000,0.000,0.000,0.000,-0.017,-0.277
1252.41,0.108,0,0.771,0.483,0,0.000,0.000,0.000,0.000,0.000,0.000,-0.011,-0.270
1252.61,0.424,0,0.771,0.483,0,0.000,0.000,0.000,0.000,0.000,0.000,-0.015,-0.271
1252.81,0.424,0,0.771,0.483,0,0.000,0.000,0.000,0.000,0.000,0.000,-0.012,-0.277
1253.01,0.424,0,0.771,0.482,0,0.000,0.000,0.000,0.000,0.000,0.000,-0.008,-0.274
1253.21,0.106,0,0.771,0.482,0,0.000,0.000,0.000,0.000,0.000,0.000,-0.016,-0.266
1253.41,0.424,0,0.764,0.481,0,0.000,0.000,0.000,0.000,0.000,0.000,-0.011,-0.271
1253.61,0.424,0,0.764,0.481,0,0.000,0.000,0.000,0.000,0.000,0.000,-0.012,-0.268
1253.81,0.108,0,0.764,0.481,0,0.000,0.000,0.000,0.000,0.000,0.000,-0.015,-0.276
1254.01,0.108,0,0.889,0.482,0,0.000,0.000,0.000,0.000,0.000,0.000,-0.017,-0.273
1254.21,0.424,0,0.889,0.482,0,0.000,0.000,0.000,0.000,0.000,0.000,-0.022,-0.258
1254.41,0.106,0,0.851,0.482,0,0.000,0.000,0.000,0.000,0.000,0.000,-0.020,-0.257
1254.61,0.105,0,0.851,0.482,0,0.000,0.000,0.000,0.000,0.000,0.000,-0.015,-0.268
1254.81,0.105,0,0.851,0.482,0,0.000,0.000,0.000,0.000,0.000,0.000,-0.021,-0.269
1255.01,0.106,0,0.845,0.482,0,0.000,0.000,0.000,0.000,0.000,0.000,-0.023,-0.269
1255.21,0.105,0,0.845,0.482,0,0.000,0.000,0.000,0.000,0.000,0.000,-0.019,-0.269
1255.41,0.424,0,0.857,0.481,0,0.000,0.000,0.000,0.000,0.000,0.000,-0.014,-0.263
1255.61,0.424,0,0.857,0.481,0,0.000,0.000,0.000,0.000,0.000,0.000,-0.016,-0.270
1255.81,0.105,0,0.857,0.481,0,0.000,0.000,0.000,0.000,0.000,0.000,-0.014,-0.269
1256.01,0.424,0,0.860,0.483,0,0.000,0.000,0.000,0.000,0.000,0.000,-0.014,-0.267
1256.21,0.105,0,0.860,0.483,0,0.000,0.000,0.000,0.000,0.000,0.000,-0.018,-0.266
1256.41,0.108,0,0.863,0.482,0,0.000,0.000,0.000,0.000,0.000,0.000,-0.027,-0.256
1256.61,0.421,0,0.863,0.482,0,0.000,0.000,0.000,0.000,0.000,0.000,-0.014,-0.262
1256.81,0.424,0,0.863,0.482,0,0.000,0.000,0.000,0.000,0.000,0.000,-0.010,-0.273
1257.01,0.424,0,0.859,0.483,0,0.000,0.000,0.000,0.000,0.000,0.000,-0.018,-0.273
1257.21,0.426,0,0.859,0.483,0,0.000,0.000,0.000,0.000,0.000,0.000,-0.023,-0.265
1257.41,0.426,0,0.861,0.482,0,0.000,0.000,0.000,0.000,0.000,0.000,-0.017,-0.262
1257.61,0.108,0,0.861,0.482,0,0.000,0.000,0.000,0.000,0.000,0.000,-0.011,-0.276
1257.81,0.106,0,0.861,0.482,0,0.000,0.000,0.000,0.000,0.000,0.000,-0.017,-0.276
1258.01,0.108,0,0.866,0.482,0,0.000,0.000,0.000,0.000,0.000,0.000,-0.012,-0.270
1258.21,0.106,0,0.866,0.482,0,0.000,0.000,0.000,0.000,0.000,0.000,-0.011,-0.272
1258.41,0.106,0,0.863,0.482,0,0.000,0.000,0.000,0.000,0.000,0.000,-0.013,-0.266
1258.61,0.424,0,0.863,0.482,0,0.000,0.000,0.000,0.000,0.000,0.000,-0.016,-0.263
1258.81,0.108,0,0.863,0.482,0,0.000,0.000,0.000,0.000,0.000,0.000,-0.015,-0.270
1259.01,0.105,0,0.866,0.483,0,0.000,0.000,0.000,0.000,0.000,0.000,-0.007,-0.270
1259.21,0.105,0,0.866,0.483,0,0.000,0.000,0.000,0.000,0.000,0.000,-0.018,-0.267
1259.41,0.108,0,0.860,0.482,0,0.000,0.000,0.000,0.000,0.000,0.000,-0.024,-0.266
1259.61,0.105,0,0.860,0.482,0,0.000,0.000,0.000,0.000,0.000,0.000,-0.021,-0.264
1259.81,0.105,0,0.860,0.482,0,0.000,0.000,0.000,0.000,0.000,0.000,-0.020,-0.264
1260.01,0.105,0,0.862,0.482,0,0.000,0.000,0.000,0.000,0.000,0.000,-0.016,-0.266
1260.21,0.105,0,0.862,0.482,0,0.000,0.000,0.000,0.000,0.000,0.000,-0.010,-0.264
1260.41,0.424,0,0.863,0.482,0,0.000,0.000,0.000,0.000,0.000,0.000,-0.014,-0.266
1260.61,0.424,0,0.863,0.482,0,0.000,0.000,0.000,0.000,0.000,0.000,-0.018,-0.277
1260.81,0.108,0,0.863,0.482,0,0.000,0.000,0.000,0.000,0.000,0.000,-0.015,-0.288
1261.01,0.424,0,0.861,0.482,0,0.000,0.000,0.000,0.000,0.000,0.000,-0.017,-0.280
1261.21,0.106,0,0.861,0.482,0,0.000,0.000,0.000,0.000,0.000,0.000,-0.024,-0.266
1261.41,0.106,0,0.863,0.482,0,0.000,0.000,0.000,0.000,0.000,0.000,-0.020,-0.259
1261.61,0.105,0,0.863,0.482,0,0.000,0.000,0.000,0.000,0.000,0.000,-0.009,-0.267
1261.81,0.106,0,0.863,0.482,0,0.000,0.000,0.000,0.000,0.000,0.000,-0.012,-0.258
1262.01,0.105,0,0.860,0.482,0,0.000,0.000,0.000,0.000,0.000,0.000,-0.018,-0.258
1262.21,0.105,0,0.860,0.482,0,0.000,0.000,0.000,0.000,0.000,0.000,-0.015,-0.265
1262.41,0.108,0,0.865,0.482,0,0.000,0.000,0.000,0.000,0.000,0.000,-0.004,-0.261
1262.61,0.424,0,0.865,0.482,0,0.000,0.000,0.000,0.000,0.000,0.000,-0.010,-0.257
1262.81,0.108,0,0.865,0.482,0,0.000,0.000,0.000,0.000,0.000,0.000,-0.011,-0.266
1263.01,0.424,0,0.864,0.483,0,0.000,0.000,0.000,0.000,0.000,0.000,-0.012,-0.275
1263.21,0.105,0,0.864,0.483,0,0.000,0.000,0.000,0.000,0.000,0.000,-0.025,-0.262
1263.41,0.105,0,0.871,0.483,0,0.000,0.000,0.000,0.000,0.000,0.000,-0.031,-0.256
1263.61,0.105,0,0.871,0.483,0,0.000,0.000,0.000,0.000,0.000,0.000,-0.040,-0.271
1263.81,0.424,0,0.871,0.483,0,0.000,0.000,0.000,0.000,0.000,0.000,-0.035,-0.281
1264.01,0.502,0,0.864,0.482,0,0.000,0.000,0.000,0.000,0.000,0.000,-0.024,-0.265
1264.21,0.424,0,0.864,0.482,0,0.000,0.000,0.000,0.000,0.000,0.000,-0.031,-0.263
1264.41,0.108,0,0.863,0.481,0,0.000,0.000,0.000,0.000,0.000,0.000,-0.024,-0.270
1264.61,0.105,0,0.863,0.481,0,0.000,0.000,0.000,0.000,0.000,0.000,-0.018,-0.268
1264.81,0.424,0,0.863,0.481,0,0.000,0.000,0.000,0.000,0.000,0.000,-0.025,-0.261
1265.01,0.424,0,0.865,0.482,0,0.000,0.000,0.000,0.000,0.000,0.000,-0.027,-0.274
1265.21,0.106,0,0.865,0.482,0,0.000,0.000,0.000,0.000,0.000,0.000,-0.020,-0.274
1265.41,0.502,0,0.865,0.483,0,0.000,0.000,0.000,0.000,0.000,0.000,-0.014,-0.266
1265.61,0.105,0,0.865,0.483,0,0.000,0.000,0.000,0.000,0.000,0.000,-0.026,-0.247
1265.81,0.105,0,0.865,0.483,0,0.000,0.000,0.000,0.000,0.000,0.000,-0.024,-0.252
1266.01,0.106,0,0.865,0.481,0,0.000,0.000,0.000,0.000,0.000,0.000,-0.017,-0.263
1266.21,0.106,0,0.865,0.481,0,0.000,0.000,0.000,0.000,0.000,0.000,-0.017,-0.270
1266.41,0.426,0,0.867,0.482,0,0.000,0.000,0.000,0.000,0.000,0.000,-0.021,-0.269
1266.61,0.424,0,0.867,0.482,0,0.000,0.000,0.000,0.000,0.000,0.000,-0.011,-0.269
1266.81,0.105,0,0.867,0.482,0,0.000,0.000,0.000,0.000,0.000,0.000,-0.010,-0.263
1267.01,0.105,0,0.869,0.482,0,0.000,0.000,0.000,0.000,0.000,0.000,-0.016,-0.261
1267.21,0.108,0,0.869,0.482,0,0.000,0.000,0.000,0.000,0.000,0.000,-0.010,-0.272
1267.41,0.108,0,0.803,0.484,0,0.000,0.000,0.000,0.000,0.000,0.000,-0.010,-0.271
1267.61,0.108,0,0.803,0.484,0,0.000,0.000,0.000,0.000,0.000,0.000,-0.018,-0.258
1267.81,0.106,0,0.803,0.484,0,0.000,0.000,0.000,0.000,0.000,0.000,-0.019,-0.266
1268.01,0.108,0,0.851,0.483,0,0.000,0.000,0.000,0.000,0.000,0.000,-0.016,-0.268
1268.21,0.502,0,0.851,0.483,0,0.000,0.000,0.000,0.000,0.000,0.000,-0.017,-0.272
1268.41,0.105,0,0.853,0.483,0,0.000,0.000,0.000,0.000,0.000,0.000,-0.022,-0.260
1268.61,0.424,0,0.853,0.483,0,0.000,0.000,0.000,0.000,0.000,0.000,-0.015,-0.255
1268.81,0.105,0,0.853,0.483,0,0.000,0.000,0.000,0.000,0.000,0.000,-0.019,-0.263
1269.01,0.424,0,0.851,0.483,0,0.000,0.000,0.000,0.000,0.000,0.000,-0.019,-0.279
1269.21,0.426,0,0.851,0.483,0,0.000,0.000,0.000,0.000,0.000,0.000,-0.011,-0.278
1269.41,0.108,0,0.859,0.483,0,0.000,0.000,0.000,0.000,0.000,0.000,-0.012,-0.267
1269.61,0.108,0,0.859,0.483,0,0.000,0.000,0.000,0.000,0.000,0.000,-0.014,-0.261
1269.81,0.108,0,0.859,0.483,0,0.000,0.000,0.000,0.000,0.000,0.000,-0.020,-0.263
1270.01,0.106,0,0.849,0.483,0,0.000,0.000,0.000,0.000,0.000,0.000,-0.018,-0.268
1270.21,0.424,0,0.849,0.483,0,0.000,0.000,0.000,0.000,0.000,0.000,-0.013,-0.272
1270.41,0.105,0,0.875,0.484,0,0.000,0.000,0.000,0.000,0.000,0.000,-0.013,-0.266
1270.61,0.424,0,0.875,0.484,0,0.000,0.000,0.000,0.000,0.000,0.000,-0.009,-0.264
1270.81,0.108,0,0.875,0.484,0,0.000,0.000,0.000,0.000,0.000,0.000,-0.010,-0.262
1271.01,0.108,0,0.848,0.483,0,0.000,0.000,0.000,0.000,0.000,0.000,-0.021,-0.260
1271.21,0.106,0,0.848,0.483,0,0.000,0.000,0.000,0.000,0.000,0.000,-0.024,-0.264
1271.41,0.105,0,0.830,0.483,0,0.000,0.000,0.000,0.000,0.000,0.000,-0.013,-0.267
1271.61,0.424,0,0.830,0.483,0,0.000,0.000,0.000,0.000,0.000,0.000,-0.008,-0.260
1271.81,0.424,0,0.830,0.483,0,0.000,0.000,0.000,0.000,0.000,0.000,-0.013,-0.262
1272.01,0.108,0,0.801,0.483,0,0.000,0.000,0.000,0.000,0.000,0.000,-0.007,-0.276
1272.21,0.108,0,0.801,0.483,0,0.000,0.000,0.000,0.000,0.000,0.000,-0.006,-0.277
1272.41,0.108,0,0.667,0.482,1,0.000,0.000,0.000,0.000,0.000,0.000,-0.007,-0.270
1272.61,0.106,0,0.667,0.482,1,0.000,0.000,0.000,0.000,0.000,0.000,-0.008,-0.270
1272.81,0.105,0,0.667,0.482,1,0.000,0.000,0.000,0.000,0.000,0.000,-0.003,-0.280
1273.01,0.424,0,0.682,0.483,1,0.000,0.000,0.000,0.000,0.000,0.000,-0.003,-0.273
1273.21,0.105,0,0.682,0.483,1,0.000,0.000,0.000,0.000,0.000,0.000,-0.010,-0.266
1273.41,0.105,0,0.690,0.483,0,0.000,0.000,0.000,0.000,0.000,0.000,-0.008,-0.269
1273.61,0.106,0,0.690,0.483,0,0.000,0.000,0.000,0.000,0.000,0.000,-0.011,-0.264
1273.81,0.105,0,0.690,0.483,0,0.000,0.000,0.000,0.000,0.000,0.000,-0.014,-0.259
1274.01,0.105,0,0.691,0.483,0,0.000,0.000,0.000,0.000,0.000,0.000,-0.010,-0.274
1274.21,0.108,0,0.691,0.483,0,0.000,0.000,0.000,0.000,0.000,0.000,-0.003,-0.282
1274.41,0.108,0,0.708,0.483,0,0.000,0.000,0.000,0.000,0.000,0.000,-0.003,-0.276
1274.61,0.105,0,0.708,0.483,0,0.000,0.000,0.000,0.000,0.000,0.000,-0.009,-0.273
1274.81,0.108,0,0.708,0.483,0,0.000,0.000,0.000,0.000,0.000,0.000,-0.010,-0.266
1275.01,0.106,0,0.698,0.483,0,0.000,0.000,0.000,0.000,0.000,0.000,-0.012,-0.262
1275.21,0.105,0,0.698,0.483,0,0.000,0.000,0.000,0.000,0.000,0.000,0.000,-0.263
1275.41,0.105,0,0.712,0.483,0,0.000,0.000,0.000,0.000,0.000,0.000,0.004,-0.272
1275.61,0.108,0,0.712,0.483,0,0.000,0.000,0.000,0.000,0.000,0.000,-0.001,-0.272
1275.81,0.108,0,0.712,0.483,0,0.000,0.000,0.000,0.000,0.000,0.000,-0.012,-0.265
1276.01,0.502,0,0.701,0.482,0,0.000,0.000,0.000,0.000,0.000,0.000,-0.015,-0.270
1276.21,0.106,0,0.701,0.482,0,0.000,0.000,0.000,0.000,0.000,0.000,-0.008,-0.272
1276.41,0.423,0,0.686,0.483,0,0.000,0.000,0.000,0.000,0.000,0.000,-0.011,-0.276
1276.61,0.424,0,0.686,0.483,0,0.000,0.000,0.000,0.000,0.000,0.000,-0.006,-0.276
1276.81,0.106,0,0.686,0.483,0,0.000,0.000,0.000,0.000,0.000,0.000,-0.007,-0.271
1277.01,0.106,0,0.691,0.483,0,0.000,0.000,0.000,0.000,0.000,0.000,0.000,-0.277
1277.21,0.424,0,0.691,0.483,0,0.000,0.000,0.000,0.000,0.000,0.000,0.003,-0.281
1277.41,0.106,0,0.703,0.483,0,0.000,0.000,0.000,0.000,0.000,0.000,-0.005,-0.276
1277.61,0.424,0,0.703,0.483,0,0.000,0.000,0.000,0.000,0.000,0.000,-0.004,-0.277
1277.81,0.502,0,0.703,0.483,0,0.000,0.000,0.000,0.000,0.000,0.000,-0.006,-0.274
1278.01,0.106,0,0.713,0.483,0,0.000,0.000,0.000,0.000,0.000,0.000,-0.012,-0.260
1278.21,0.424,0,0.713,0.483,0,0.000,0.000,0.000,0.000,0.000,0.000,-0.004,-0.275
1278.41,0.108,0,0.704,0.483,0,0.000,0.000,0.000,0.000,0.000,0.000,-0.001,-0.273
1278.61,0.106,0,0.704,0.483,0,0.000,0.000,0.000,0.000,0.000,0.000,-0.005,-0.266
1278.81,0.424,0,0.704,0.483,0,0.000,0.000,0.000,0.000,0.000,0.000,-0.008,-0.260
1279.01,0.108,0,0.718,0.483,0,0.000,0.000,0.000,0.000,0.000,0.000,-0.008,-0.269
1279.21,0.105,0,0.718,0.483,0,0.000,0.000,0.000,0.000,0.000,0.000,0.000,-0.279
1279.41,0.106,0,0.702,0.483,0,0.000,0.000,0.000,0.000,0.000,0.000,-0.010,-0.281
1279.61,0.105,0,0.702,0.483,0,0.000,0.000,0.000,0.000,0.000,0.000,-0.008,-0.273
1279.81,0.105,0,0.702,0.483,0,0.000,0.000,0.000,0.000,0.000,0.000,-0.005,-0.279
1280.01,0.424,0,0.725,0.483,0,0.000,0.000,0.000,0.000,0.000,0.000,-0.011,-0.281
1280.21,0.105,0,0.725,0.483,0,0.000,0.000,0.000,0.000,0.000,0.000,-0.012,-0.279
1280.41,0.105,0,0.724,0.482,0,0.000,0.000,0.000,0.000,0.000,0.000,-0.003,-0.280
1280.61,0.421,0,0.724,0.482,0,0.000,0.000,0.000,0.000,0.000,0.000,-0.001,-0.281
1280.81,0.424,0,0.724,0.482,0,0.000,0.000,0.000,0.000,0.000,0.000,-0.008,-0.285
1281.01,0.424,0,0.739,0.483,0,0.000,0.000,0.000,0.000,0.000,0.000,-0.006,-0.288
1281.21,0.499,0,0.739,0.483,0,0.000,0.000,0.000,0.000,0.000,0.000,-0.007,-0.284
1281.41,0.108,0,0.549,0.483,1,0.000,0.000,0.000,0.000,0.000,0.000,-0.008,-0.290
1281.61,0.414,0,0.549,0.483,1,0.000,0.000,0.000,0.000,0.000,0.000,-0.016,-0.296
1281.81,0.399,0,0.549,0.483,1,0.000,0.000,0.000,0.000,0.000,0.000,-0.016,-0.296
1282.01,0.105,0,0.495,0.482,1,0.000,0.000,0.000,0.000,0.000,0.000,-0.004,-0.299
1282.21,0.105,0,0.495,0.482,1,0.000,0.000,0.000,0.000,0.000,0.000,-0.006,-0.295
1282.41,0.105,0,0.459,0.482,1,0.000,0.000,0.000,0.000,0.000,0.000,-0.012,-0.289
1282.61,0.108,0,0.459,0.482,1,0.000,0.000,0.000,0.000,0.000,0.000,-0.008,-0.293
1282.81,0.392,0,0.459,0.482,1,0.000,0.000,0.000,0.000,0.000,0.000,-0.006,-0.303
1283.01,0.108,0,0.467,0.483,1,0.000,0.000,0.000,0.000,0.000,0.000,-0.009,-0.295
1283.21,0.105,0,0.467,0.483,1,0.000,0.000,0.000,0.000,0.000,0.000,-0.015,-0.299
1283.41,0.396,0,0.460,0.483,1,0.000,0.000,0.000,0.000,0.000,0.000,-0.014,-0.296
1283.61,0.108,0,0.460,0.483,1,0.000,0.000,0.000,0.000,0.000,0.000,-0.014,-0.293
1283.81,0.105,0,0.460,0.483,1,0.000,0.000,0.000,0.000,0.000,0.000,-0.012,-0.288
1284.01,0.105,0,0.465,0.482,1,0.000,0.000,0.000,0.000,0.000,0.000,-0.017,-0.285
1284.21,0.108,0,0.465,0.482,1,0.000,0.000,0.000,0.000,0.000,0.000,-0.017,-0.295
1284.41,0.396,0,0.536,0.483,1,0.000,0.000,0.000,0.000,0.000,0.000,-0.010,-0.289
1284.61,0.391,0,0.536,0.483,1,0.000,0.000,0.000,0.000,0.000,0.000,-0.003,-0.284
1284.81,0.106,0,0.536,0.483,1,0.000,0.000,0.000,0.000,0.000,0.000,-0.004,-0.285
1285.01,0.396,0,0.491,0.482,1,0.000,0.000,0.000,0.000,0.000,0.000,-0.006,-0.296
1285.21,0.403,0,0.491,0.482,1,0.000,0.000,0.000,0.000,0.000,0.000,-0.005,-0.298
1285.41,0.406,0,0.739,0.482,0,0.000,0.000,0.000,0.000,0.000,0.000,-0.005,-0.291
1285.61,0.409,0,0.739,0.482,0,0.000,0.000,0.000,0.000,0.000,0.000,-0.003,-0.299
1285.81,0.108,0,0.739,0.482,0,0.000,0.000,0.000,0.000,0.000,0.000,-0.005,-0.296
1286.01,0.405,0,0.744,0.483,0,0.000,0.000,0.000,0.000,0.000,0.000,-0.011,-0.287
1286.21,0.410,0,0.744,0.483,0,0.000,0.000,0.000,0.000,0.000,0.000,-0.007,-0.282
1286.41,0.330,0,0.731,0.482,0,0.000,0.000,0.000,0.000,0.000,0.000,-0.008,-0.289
1286.61,0.108,0,0.731,0.482,0,0.000,0.000,0.000,0.000,0.000,0.000,-0.011,-0.304
1286.81,0.105,0,0.731,0.482,0,0.000,0.000,0.000,0.000,0.000,0.000,-0.008,-0.306
1287.01,0.422,0,0.733,0.483,0,0.000,0.000,0.000,0.000,0.000,0.000,-0.010,-0.285
1287.21,0.108,0,0.733,0.483,0,0.000,0.000,0.000,0.000,0.000,0.000,-0.010,-0.285
1287.41,0.108,0,0.740,0.483,0,0.000,0.000,0.000,0.000,0.000,0.000,-0.012,-0.297
1287.61,0.427,0,0.740,0.483,0,0.000,0.000,0.000,0.000,0.000,0.000,-0.012,-0.311
1287.81,0.424,0,0.740,0.483,0,0.000,0.000,0.000,0.000,0.000,0.000,-0.011,-0.292
1288.01,0.423,0,0.722,0.483,0,0.000,0.000,0.000,0.000,0.000,0.000,-0.011,-0.284
1288.21,0.424,0,0.722,0.483,0,0.000,0.000,0.000,0.000,0.000,0.000,-0.017,-0.289
1288.41,0.424,0,0.733,0.482,0,0.000,0.000,0.000,0.000,0.000,0.000,-0.015,-0.291
1288.61,0.424,0,0.733,0.482,0,0.000,0.000,0.000,0.000,0.000,0.000,-0.002,-0.301
1288.81,0.106,0,0.733,0.482,0,0.000,0.000,0.000,0.000,0.000,0.000,-0.003,-0.297
1289.01,0.106,0,0.736,0.482,0,0.000,0.000,0.000,0.000,0.000,0.000,-0.008,-0.294
1289.21,0.108,0,0.736,0.482,0,0.000,0.000,0.000,0.000,0.000,0.000,-0.010,-0.292
1289.41,0.108,0,0.748,0.483,0,0.000,0.000,0.000,0.000,0.000,0.000,-0.008,-0.294
1289.61,0.417,0,0.748,0.483,0,0.000,0.000,0.000,0.000,0.000,0.000,-0.012,-0.296
1289.81,0.413,0,0.748,0.483,0,0.000,0.000,0.000,0.000,0.000,0.000,-0.015,-0.293
1290.01,0.106,0,0.777,0.483,0,0.000,0.000,0.000,0.000,0.000,0.000,-0.008,-0.288
1290.21,0.106,0,0.777,0.483,0,0.000,0.000,0.000,0.000,0.000,0.000,-0.001,-0.290
1290.41,0.108,0,0.784,0.483,0,0.000,0.000,0.000,0.000,0.000,0.000,-0.006,-0.284
1290.61,0.106,0,0.784,0.483,0,0.000,0.000,0.000,0.000,0.000,0.000,-0.012,-0.283
1290.81,0.106,0,0.784,0.483,0,0.000,0.000,0.000,0.000,0.000,0.000,-0.012,-0.300
1291.01,0.397,0,0.781,0.483,0,0.000,0.000,0.000,0.000,0.000,0.000,-0.013,-0.300
1291.21,0.108,0,0.781,0.483,0,0.000,0.000,0.000,0.000,0.000,0.000,-0.011,-0.296
1291.41,0.106,0,0.780,0.482,0,0.000,0.000,0.000,0.000,0.000,0.000,-0.008,-0.285
1291.61,0.108,0,0.780,0.482,0,0.000,0.000,0.000,0.000,0.000,0.000,-0.007,-0.281
1291.81,0.106,0,0.780,0.482,0,0.000,0.000,0.000,0.000,0.000,0.000,-0.017,-0.291
1292.01,0.105,0,0.780,0.483,0,0.000,0.000,0.000,0.000,0.000,0.000,-0.015,-0.302
1292.21,0.421,0,0.780,0.483,0,0.000,0.000,0.000,0.000,0.000,0.000,-0.009,-0.294
1292.41,0.105,0,0.781,0.483,0,0.000,0.000,0.000,0.000,0.000,0.000,-0.011,-0.297
1292.61,0.424,0,0.781,0.483,0,0.000,0.000,0.000,0.000,0.000,0.000,-0.012,-0.288
1292.81,0.108,0,0.781,0.483,0,0.000,0.000,0.000,0.000,0.000,0.000,-0.015,-0.289
1293.01,0.108,0,0.735,0.483,0,0.000,0.000,0.000,0.000,0.000,0.000,-0.013,-0.297
1293.21,0.424,0,0.735,0.483,0,0.000,0.000,0.000,0.000,0.000,0.000,-0.009,-0.303
1293.41,0.108,0,0.720,0.482,0,0.000,0.000,0.000,0.000,0.000,0.000,-0.009,-0.291
1293.61,0.108,0,0.720,0.482,0,0.000,0.000,0.000,0.000,0.000,0.000,-0.008,-0.290
1293.81,0.427,0,0.720,0.482,0,0.000,0.000,0.000,0.000,0.000,0.000,-0.017,-0.290
1294.01,0.108,0,0.778,0.482,0,0.000,0.000,0.000,0.000,0.000,0.000,-0.015,-0.293
1294.21,0.421,0,0.778,0.482,0,0.000,0.000,0.000,0.000,0.000,0.000,-0.018,-0.288
1294.41,0.423,0,0.778,0.483,0,0.000,0.000,0.000,0.000,0.000,0.000,-0.015,-0.286
1294.61,0.105,0,0.778,0.483,0,0.000,0.000,0.000,0.000,0.000,0.000,-0.011,-0.286
1294.81,0.422,0,0.778,0.483,0,0.000,0.000,0.000,0.000,0.000,0.000,-0.012,-0.294
1295.01,0.106,0,0.748,0.483,0,0.000,0.000,0.000,0.000,0.000,0.000,-0.013,-0.302
1295.21,0.106,0,0.748,0.483,0,0.000,0.000,0.000,0.000,0.000,0.000,-0.009,-0.299
1295.41,0.106,0,0.740,0.483,0,0.000,0.000,0.000,0.000,0.000,0.000,-0.011,-0.283
1295.61,0.105,0,0.740,0.483,0,0.000,0.000,0.000,0.000,0.000,0.000,-0.018,-0.285
1295.81,0.106,0,0.740,0.483,0,0.000,0.000,0.000,0.000,0.000,0.000,-0.015,-0.305
1296.01,0.105,0,0.741,0.483,0,0.000,0.000,0.000,0.000,0.000,0.000,-0.007,-0.297
1296.21,0.415,0,0.741,0.483,0,0.000,0.000,0.000,0.000,0.000,0.000,-0.010,-0.283
1296.41,0.414,0,0.713,0.483,0,0.000,0.000,0.000,0.000,0.000,0.000,-0.009,-0.299
1296.61,0.108,0,0.713,0.483,0,0.000,0.000,0.000,0.000,0.000,0.000,-0.005,-0.308
1296.81,0.106,0,0.713,0.483,0,0.000,0.000,0.000,0.000,0.000,0.000,-0.011,-0.302
1297.01,0.414,0,0.728,0.482,0,0.000,0.000,0.000,0.000,0.000,0.000,-0.010,-0.290
1297.21,0.414,0,0.728,0.482,0,0.000,0.000,0.000,0.000,0.000,0.000,-0.012,-0.290
1297.41,0.108,0,0.735,0.483,0,0.000,0.000,0.000,0.000,0.000,0.000,-0.013,-0.300
1297.61,0.108,0,0.735,0.483,0,0.000,0.000,0.000,0.000,0.000,0.000,-0.013,-0.318
1297.81,0.105,0,0.735,0.483,0,0.000,0.000,0.000,0.000,0.000,0.000,-0.013,-0.315
1298.01,0.108,0,0.521,0.482,1,0.000,0.000,0.000,0.000,0.000,0.000,-0.012,-0.283
1298.21,0.106,0,0.521,0.482,1,0.000,0.000,0.000,0.000,0.000,0.000,-0.015,-0.284
1298.41,0.106,0,0.724,0.483,0,0.000,0.000,0.000,0.000,0.000,0.000,-0.009,-0.311
1298.61,0.105,0,0.724,0.483,0,0.000,0.000,0.000,0.000,0.000,0.000,-0.004,-0.313
1298.81,0.373,0,0.724,0.483,0,0.000,0.000,0.000,0.000,0.000,0.000,-0.011,-0.286
1299.01,0.108,0,0.478,0.482,1,0.000,0.000,0.000,0.000,0.000,0.000,-0.015,-0.285
1299.21,0.105,0,0.478,0.482,1,0.000,0.000,0.000,0.000,0.000,0.000,-0.017,-0.319
1299.41,0.346,0,0.442,0.482,1,0.000,0.000,0.000,0.000,0.000,0.000,-0.014,-0.318
1299.61,0.106,0,0.442,0.482,1,0.000,0.000,0.000,0.000,0.000,0.000,-0.008,-0.300
1299.81,0.105,0,0.442,0.482,1,0.000,0.000,0.000,0.000,0.000,0.000,-0.009,-0.296
1300.01,0.343,0,0.424,0.482,1,0.000,0.000,0.000,0.000,0.000,0.000,-0.016,-0.304
1300.21,0.105,0,0.424,0.482,1,0.000,0.000,0.000,0.000,0.000,0.000,-0.021,-0.302
1300.41,0.105,0,0.495,0.481,1,0.000,0.000,0.000,0.000,0.000,0.000,-0.010,-0.302
1300.61,0.108,0,0.495,0.481,1,0.000,0.000,0.000,0.000,0.000,0.000,-0.002,-0.299
1300.81,0.108,0,0.495,0.481,1,0.000,0.000,0.000,0.000,0.000,0.000,-0.011,-0.293
1301.01,0.106,0,0.477,0.483,1,0.000,0.000,0.000,0.000,0.000,0.000,-0.015,-0.299
1301.21,0.108,0,0.477,0.483,1,0.000,0.000,0.000,0.000,0.000,0.000,-0.016,-0.301
1301.41,0.106,0,0.384,0.481,1,0.000,0.000,0.000,0.000,0.000,0.000,-0.010,-0.307
1301.61,0.108,0,0.384,0.481,1,0.000,0.000,0.000,0.000,0.000,0.000,-0.002,-0.327
1301.81,0.287,0,0.384,0.481,1,0.000,0.000,0.000,0.000,0.000,0.000,0.001,-0.328
1302.01,0.275,0,0.301,0.480,1,0.000,0.000,0.000,0.000,0.000,0.000,0.001,-0.326
1302.21,0.108,0,0.301,0.480,1,0.000,0.000,0.000,0.000,0.000,0.000,-0.002,-0.322
1302.41,0.106,0,0.285,0.481,1,0.000,0.000,0.000,0.000,0.000,0.000,-0.009,-0.319
1302.61,0.106,0,0.285,0.481,1,0.000,0.000,0.000,0.000,0.000,0.000,0.005,-0.326
1302.81,0.106,0,0.285,0.481,1,0.000,0.000,0.000,0.000,0.000,0.000,0.009,-0.330
1303.01,0.106,0,0.278,0.481,0,0.000,0.000,0.000,0.000,0.000,0.000,0.017,-0.300
1303.21,0.108,0,0.278,0.481,0,0.000,0.000,0.000,0.000,0.000,0.000,0.020,-0.282
1303.41,0.265,0,0.418,0.496,1,0.000,0.000,0.000,0.000,0.000,0.000,0.006,-0.267
1303.61,0.270,0,0.418,0.496,1,0.000,0.000,0.000,0.000,0.000,0.000,-0.009,-0.264
1303.81,0.287,0,0.418,0.496,1,0.000,0.000,0.000,0.000,0.000,0.000,-0.007,-0.282
1304.01,0.285,0,0.420,0.428,1,0.000,0.000,0.000,0.000,0.000,0.000,0.006,-0.291
1304.21,0.106,0,0.420,0.428,1,0.000,0.000,0.000,0.000,0.000,0.000,-0.002,-0.279
1304.41,0.105,0,0.327,0.428,1,0.000,0.000,0.000,0.000,0.000,0.000,-0.025,-0.252
1304.61,0.106,0,0.327,0.428,1,0.000,0.000,0.000,0.000,0.000,0.000,-0.029,-0.250
1304.81,0.105,0,0.327,0.428,1,0.000,0.000,0.000,0.000,0.000,0.000,-0.015,-0.251
1305.01,0.108,0,0.251,0.428,1,0.000,0.000,0.000,0.000,0.000,0.000,-0.016,-0.255
1305.21,0.205,0,0.251,0.428,1,0.000,0.000,0.000,0.000,0.000,0.000,-0.024,-0.259
1305.41,0.108,0,0.244,0.428,1,0.000,0.000,0.000,0.000,0.000,0.000,-0.023,-0.259
1305.61,0.108,0,0.244,0.428,1,0.000,0.000,0.000,0.000,0.000,0.000,-0.022,-0.248
1305.81,0.108,0,0.244,0.428,1,0.000,0.000,0.000,0.000,0.000,0.000,-0.026,-0.240
1306.01,0.106,0,0.342,0.425,1,0.000,0.000,0.000,0.000,0.000,0.000,-0.027,-0.245
1306.21,0.106,0,0.342,0.425,1,0.000,0.000,0.000,0.000,0.000,0.000,-0.024,-0.249
1306.41,0.108,0,0.192,0.428,0,0.000,0.000,0.000,0.000,0.000,0.000,-0.029,-0.247
1306.61,0.105,0,0.192,0.428,0,0.000,0.000,0.000,0.000,0.000,0.000,-0.032,-0.253
1306.81,0.250,0,0.192,0.428,0,0.000,0.000,0.000,0.000,0.000,0.000,-0.031,-0.251
1307.01,0.261,0,0.266,0.428,1,0.000,0.000,0.000,0.000,0.000,0.000,-0.022,-0.258
1307.21,0.108,0,0.266,0.428,1,0.000,0.000,0.000,0.000,0.000,0.000,-0.020,-0.259
1307.41,0.108,0,0.309,0.428,1,0.000,0.000,0.000,0.000,0.000,0.000,-0.028,-0.251
1307.61,0.252,0,0.309,0.428,1,0.000,0.000,0.000,0.000,0.000,0.000,-0.028,-0.249
1307.81,0.105,0,0.309,0.428,1,0.000,0.000,0.000,0.000,0.000,0.000,-0.016,-0.248
1308.01,0.100,0,0.872,0.428,0,0.000,0.000,0.000,0.000,0.000,0.000,-0.021,-0.247
1308.21,0.109,0,0.872,0.428,0,0.000,0.000,0.000,0.000,0.000,0.000,-0.023,-0.268
1308.41,0.106,0,0.212,0.426,0,0.000,0.000,0.000,0.000,0.000,0.000,-0.026,-0.260
1308.61,0.108,0,0.212,0.426,0,0.000,0.000,0.000,0.000,0.000,0.000,-0.038,-0.227
1308.81,0.316,0,0.212,0.426,0,0.000,0.000,0.000,0.000,0.000,0.000,-0.033,-0.222
1309.01,0.108,0,0.415,0.419,1,0.000,0.000,0.000,0.000,0.000,0.000,-0.033,-0.245
1309.21,0.108,0,0.415,0.419,1,0.000,0.000,0.000,0.000,0.000,0.000,-0.034,-0.257
1309.41,0.295,0,0.416,0.405,1,0.000,0.000,0.000,0.000,0.000,0.000,-0.033,-0.244
1309.61,0.108,0,0.416,0.405,1,0.000,0.000,0.000,0.000,0.000,0.000,-0.035,-0.240
1309.81,0.105,0,0.416,0.405,1,0.000,0.000,0.000,0.000,0.000,0.000,-0.039,-0.232
1310.01,0.293,0,0.416,0.427,1,0.000,0.000,0.000,0.000,0.000,0.000,-0.037,-0.231
1310.21,0.105,0,0.416,0.427,1,0.000,0.000,0.000,0.000,0.000,0.000,-0.039,-0.241
1310.41,0.294,0,0.413,0.427,1,0.000,0.000,0.000,0.000,0.000,0.000,-0.033,-0.250
1310.61,0.307,0,0.413,0.427,1,0.000,0.000,0.000,0.000,0.000,0.000,-0.030,-0.251
1310.81,0.106,0,0.413,0.427,1,0.000,0.000,0.000,0.000,0.000,0.000,-0.035,-0.239
1311.01,0.105,0,0.415,0.428,1,0.000,0.000,0.000,0.000,0.000,0.000,-0.040,-0.212
1311.21,0.108,0,0.415,0.428,1,0.000,0.000,0.000,0.000,0.000,0.000,-0.038,-0.213
1311.41,0.451,0,0.415,0.428,1,0.000,0.000,0.000,0.000,0.000,0.000,-0.040,-0.210
1311.61,0.410,0,0.415,0.428,1,0.000,0.000,0.000,0.000,0.000,0.000,-0.039,-0.209
1311.81,0.106,0,0.415,0.428,1,0.000,0.000,0.000,0.000,0.000,0.000,-0.035,-0.214
1312.01,0.108,0,0.415,0.428,1,0.000,0.000,0.000,0.000,0.000,0.000,-0.027,-0.236
1312.21,0.106,0,0.415,0.428,1,0.000,0.000,0.000,0.000,0.000,0.000,-0.035,-0.217
1312.41,0.407,0,0.416,0.428,1,0.000,0.000,0.000,0.000,0.000,0.000,-0.038,-0.211
1312.61,0.407,0,0.416,0.428,1,0.000,0.000,0.000,0.000,0.000,0.000,-0.042,-0.218
1312.81,0.106,0,0.416,0.428,1,0.000,0.000,0.000,0.000,0.000,0.000,-0.033,-0.235
1313.01,0.106,0,0.413,0.428,1,0.000,0.000,0.000,0.000,0.000,0.000,-0.031,-0.237
1313.21,0.409,0,0.413,0.428,1,0.000,0.000,0.000,0.000,0.000,0.000,-0.029,-0.227
1313.41,0.105,0,0.416,0.428,1,0.000,0.000,0.000,0.000,0.000,0.000,-0.033,-0.216
1313.61,0.399,0,0.416,0.428,1,0.000,0.000,0.000,0.000,0.000,0.000,-0.037,-0.223
1313.81,0.389,0,0.416,0.428,1,0.000,0.000,0.000,0.000,0.000,0.000,-0.026,-0.238
1314.01,0.106,0,0.416,0.428,1,0.000,0.000,0.000,0.000,0.000,0.000,-0.012,-0.253
1314.21,0.369,0,0.416,0.428,1,0.000,0.000,0.000,0.000,0.000,0.000,-0.011,-0.253
1314.41,0.106,0,0.416,0.428,1,0.000,0.000,0.000,0.000,0.000,0.000,-0.021,-0.251
1314.61,0.106,0,0.416,0.428,1,0.000,0.000,0.000,0.000,0.000,0.000,-0.015,-0.253
1314.81,0.360,0,0.416,0.428,1,0.000,0.000,0.000,0.000,0.000,0.000,-0.010,-0.245
1315.01,0.343,0,0.416,0.428,1,0.000,0.000,0.000,0.000,0.000,0.000,-0.016,-0.251
1315.21,0.106,0,0.416,0.428,1,0.000,0.000,0.000,0.000,0.000,0.000,-0.016,-0.270
1315.41,0.105,0,0.415,0.428,1,0.000,0.000,0.000,0.000,0.000,0.000,-0.019,-0.265
1315.61,0.106,0,0.415,0.428,1,0.000,0.000,0.000,0.000,0.000,0.000,-0.010,-0.277
1315.81,0.108,0,0.415,0.428,1,0.000,0.000,0.000,0.000,0.000,0.000,-0.019,-0.280
1316.01,0.246,0,0.416,0.428,1,0.000,0.000,0.000,0.000,0.000,0.000,-0.019,-0.262
1316.21,0.245,0,0.416,0.428,1,0.000,0.000,0.000,0.000,0.000,0.000,-0.013,-0.253
1316.41,0.106,0,0.416,0.428,1,0.000,0.000,0.000,0.000,0.000,0.000,-0.008,-0.268
1316.61,0.105,0,0.416,0.428,1,0.000,0.000,0.000,0.000,0.000,0.000,-0.014,-0.285
1316.81,0.255,0,0.416,0.428,1,0.000,0.000,0.000,0.000,0.000,0.000,-0.024,-0.283
1317.01,0.105,0,0.411,0.427,1,0.000,0.000,0.000,0.000,0.000,0.000,-0.027,-0.251
1317.21,0.265,0,0.411,0.427,1,0.000,0.000,0.000,0.000,0.000,0.000,-0.011,-0.247
1317.41,0.274,0,0.401,0.421,1,0.000,0.000,0.000,0.000,0.000,0.000,-0.014,-0.255
1317.61,0.108,0,0.401,0.421,1,0.000,0.000,0.000,0.000,0.000,0.000,-0.019,-0.237
1317.81,0.339,0,0.401,0.421,1,0.000,0.000,0.000,0.000,0.000,0.000,-0.021,-0.224
1318.01,0.374,0,0.404,0.421,1,0.000,0.000,0.000,0.000,0.000,0.000,-0.016,-0.213
1318.21,0.105,0,0.404,0.421,1,0.000,0.000,0.000,0.000,0.000,0.000,-0.008,-0.202
1318.41,0.105,0,0.404,0.421,1,0.000,0.000,0.000,0.000,0.000,0.000,-0.008,-0.197
1318.61,0.394,0,0.404,0.421,1,0.000,0.000,0.000,0.000,0.000,0.000,-0.014,-0.195
1318.81,0.394,0,0.404,0.421,1,0.000,0.000,0.000,0.000,0.000,0.000,-0.017,-0.198
1319.01,0.105,0,0.857,0.421,0,0.000,0.000,0.000,0.000,0.000,0.000,-0.024,-0.202
1319.21,0.398,0,0.857,0.421,0,0.000,0.000,0.000,0.000,0.000,0.000,-0.030,-0.203
1319.41,0.393,0,0.405,0.421,1,0.000,0.000,0.000,0.000,0.000,0.000,-0.034,-0.203
1319.61,0.108,0,0.405,0.421,1,0.000,0.000,0.000,0.000,0.000,0.000,-0.033,-0.206
1319.81,0.106,0,0.405,0.421,1,0.000,0.000,0.000,0.000,0.000,0.000,-0.040,-0.207
1320.01,0.105,0,0.405,0.421,1,0.000,0.000,0.000,0.000,0.000,0.000,-0.027,-0.202
1320.21,0.106,0,0.405,0.421,1,0.000,0.000,0.000,0.000,0.000,0.000,-0.024,-0.203
1320.41,0.105,0,0.858,0.421,0,0.000,0.000,0.000,0.000,0.000,0.000,-0.034,-0.195
1320.61,0.394,0,0.858,0.421,0,0.000,0.000,0.000,0.000,0.000,0.000,-0.035,-0.201
1320.81,0.394,0,0.858,0.421,0,0.000,0.000,0.000,0.000,0.000,0.000,-0.027,-0.207
1321.01,0.108,0,0.856,0.421,0,0.000,0.000,0.000,0.000,0.000,0.000,-0.019,-0.216
1321.21,0.108,0,0.856,0.421,0,0.000,0.000,0.000,0.000,0.000,0.000,-0.027,-0.216
1321.41,0.393,0,0.405,0.421,1,0.000,0.000,0.000,0.000,0.000,0.000,-0.026,-0.216
1321.61,0.391,0,0.405,0.421,1,0.000,0.000,0.000,0.000,0.000,0.000,-0.017,-0.224
1321.81,0.108,0,0.405,0.421,1,0.000,0.000,0.000,0.000,0.000,0.000,-0.016,-0.232
1322.01,0.108,0,0.403,0.421,1,0.000,0.000,0.000,0.000,0.000,0.000,-0.022,-0.222
1322.21,0.108,0,0.403,0.421,1,0.000,0.000,0.000,0.000,0.000,0.000,-0.021,-0.221
1322.41,0.394,0,0.403,0.421,1,0.000,0.000,0.000,0.000,0.000,0.000,-0.028,-0.233
1322.61,0.105,0,0.403,0.421,1,0.000,0.000,0.000,0.000,0.000,0.000,-0.028,-0.229
1322.81,0.106,0,0.403,0.421,1,0.000,0.000,0.000,0.000,0.000,0.000,-0.025,-0.219
1323.01,0.106,0,0.861,0.420,0,0.000,0.000,0.000,0.000,0.000,0.000,-0.028,-0.214
1323.21,0.394,0,0.861,0.420,0,0.000,0.000,0.000,0.000,0.000,0.000,-0.026,-0.224
1323.41,0.394,0,0.405,0.421,1,0.000,0.000,0.000,0.000,0.000,0.000,-0.021,-0.232
1323.61,0.106,0,0.405,0.421,1,0.000,0.000,0.000,0.000,0.000,0.000,-0.022,-0.225
1323.81,0.105,0,0.405,0.421,1,0.000,0.000,0.000,0.000,0.000,0.000,-0.023,-0.217
1324.01,0.105,0,0.404,0.420,1,0.000,0.000,0.000,0.000,0.000,0.000,-0.028,-0.210
1324.21,0.391,0,0.404,0.420,1,0.000,0.000,0.000,0.000,0.000,0.000,-0.026,-0.207
1324.41,0.393,0,0.861,0.421,0,0.000,0.000,0.000,0.000,0.000,0.000,-0.029,-0.210
1324.61,0.393,0,0.861,0.421,0,0.000,0.000,0.000,0.000,0.000,0.000,-0.029,-0.208
1324.81,0.108,0,0.861,0.421,0,0.000,0.000,0.000,0.000,0.000,0.000,-0.023,-0.215
1325.01,0.391,0,0.401,0.421,1,0.000,0.000,0.000,0.000,0.000,0.000,-0.022,-0.219
