t,min_range,blocked,lidar_range,camera_range,agree,cmd_in_vx,cmd_in_vy,cmd_in_wz,cmd_out_vx,cmd_out_vy,cmd_out_wz,odom_x,odom_y
0.21,nan,0,nan,nan,0,0.000,0.000,0.000,0.000,0.000,0.000,0.000,0.000
0.41,nan,0,nan,nan,0,0.000,0.000,0.000,0.000,0.000,0.000,0.000,0.000
0.61,nan,0,nan,nan,0,0.000,0.000,0.000,0.000,0.000,0.000,0.000,0.000
0.81,nan,0,nan,nan,0,0.000,0.000,0.000,0.000,0.000,0.000,0.000,0.000
1.01,nan,0,nan,nan,0,0.000,0.000,0.000,0.000,0.000,0.000,0.000,0.000
1.21,nan,0,nan,nan,0,0.000,0.000,0.000,0.000,0.000,0.000,0.000,0.000
1.41,nan,0,nan,0.623,0,0.000,0.000,0.000,0.000,0.000,0.000,0.000,0.000
1.61,nan,0,nan,0.623,0,0.000,0.000,0.000,0.000,0.000,0.000,0.000,0.000
1.81,nan,0,nan,0.624,0,0.000,0.000,0.000,0.000,0.000,0.000,0.000,0.000
2.01,nan,0,nan,0.624,0,0.000,0.000,0.000,0.000,0.000,0.000,0.000,0.000
2.21,nan,0,nan,0.624,0,0.000,0.000,0.000,0.000,0.000,0.000,-0.001,0.003
2.41,nan,0,0.605,0.625,1,0.000,0.000,0.000,0.000,0.000,0.000,-0.001,0.003
2.61,nan,0,0.605,0.625,1,0.000,0.000,0.000,0.000,0.000,0.000,0.000,-0.001
2.81,nan,0,0.605,0.625,1,0.000,0.000,0.000,0.000,0.000,0.000,0.002,-0.003
3.01,nan,0,0.605,0.625,1,0.000,0.000,0.000,0.000,0.000,0.000,0.003,-0.004
3.21,0.105,0,0.605,0.625,1,0.000,0.000,0.000,0.000,0.000,0.000,0.004,-0.002
3.41,0.105,0,0.608,0.625,1,0.000,0.000,0.000,0.000,0.000,0.000,0.004,-0.002
3.61,0.105,0,0.608,0.625,1,0.000,0.000,0.000,0.000,0.000,0.000,0.000,-0.003
3.81,0.105,0,0.589,0.634,1,0.000,0.000,0.000,0.000,0.000,0.000,-0.000,0.005
4.01,0.105,0,0.589,0.634,1,0.000,0.000,0.000,0.000,0.000,0.000,0.001,0.002
4.21,0.105,0,0.589,0.634,1,0.000,0.000,0.000,0.000,0.000,0.000,0.001,0.002
4.41,0.105,0,0.628,0.653,1,0.000,0.000,0.000,0.000,0.000,0.000,0.001,0.005
4.61,0.105,0,0.628,0.653,1,0.000,0.000,0.000,0.000,0.000,0.000,0.004,0.002
4.81,0.105,0,0.623,0.652,1,0.000,0.000,0.000,0.000,0.000,0.000,-0.002,0.002
5.01,0.105,0,0.623,0.652,1,0.000,0.000,0.000,0.000,0.000,0.000,0.002,-0.002
5.21,0.105,0,0.623,0.652,1,0.000,0.000,0.000,0.000,0.000,0.000,0.002,-0.002
5.41,0.105,0,0.620,0.649,1,0.000,0.000,0.000,0.000,0.000,0.000,0.001,0.003
5.61,0.105,0,0.620,0.649,1,0.000,0.000,0.000,0.000,0.000,0.000,-0.002,0.006
5.81,0.105,0,0.616,0.648,1,0.000,0.000,0.000,0.000,0.000,0.000,-0.001,0.003
6.01,0.105,0,0.616,0.648,1,0.000,0.000,0.000,0.000,0.000,0.000,-0.001,0.003
6.21,0.105,0,0.616,0.648,1,0.000,0.000,0.000,0.000,0.000,0.000,-0.004,0.004
6.41,0.105,0,0.617,0.650,1,0.000,0.000,0.000,0.000,0.000,0.000,-0.001,0.006
6.61,0.105,0,0.617,0.650,1,0.000,0.000,0.000,0.000,0.000,0.000,0.001,0.000
6.81,0.105,0,0.619,0.651,1,0.000,0.000,0.000,0.000,0.000,0.000,0.001,0.000
7.01,0.105,0,0.619,0.651,1,0.000,0.000,0.000,0.000,0.000,0.000,-0.000,0.001
7.21,0.105,0,0.619,0.651,1,0.000,0.000,0.000,0.000,0.000,0.000,-0.001,0.004
7.41,0.105,0,0.626,0.648,1,0.000,0.000,0.000,0.000,0.000,0.000,0.001,0.006
7.61,0.105,0,0.626,0.648,1,0.000,0.000,0.000,0.000,0.000,0.000,0.004,0.005
7.81,0.105,0,0.616,0.646,1,0.000,0.000,0.000,0.000,0.000,0.000,0.004,0.005
8.01,0.105,0,0.616,0.646,1,0.000,0.000,0.000,0.000,0.000,0.000,0.003,0.004
8.21,0.105,0,0.616,0.646,1,0.000,0.000,0.000,0.000,0.000,0.000,0.002,-0.001
8.41,0.105,0,0.621,0.646,1,0.000,0.000,0.000,0.000,0.000,0.000,0.000,0.006
8.61,0.105,0,0.621,0.646,1,0.000,0.000,0.000,0.000,0.000,0.000,0.000,0.006
8.81,0.105,0,0.622,0.651,1,0.000,0.000,0.000,0.000,0.000,0.000,0.001,-0.002
9.01,0.105,0,0.622,0.651,1,0.000,0.000,0.000,0.000,0.000,0.000,0.001,0.004
9.21,0.105,0,0.622,0.651,1,0.000,0.000,0.000,0.000,0.000,0.000,0.005,0.003
9.41,0.105,0,0.622,0.650,1,0.000,0.000,0.000,0.000,0.000,0.000,0.005,0.003
9.61,0.105,0,0.622,0.650,1,0.000,0.000,0.000,0.000,0.000,0.000,0.002,-0.001
9.81,0.105,0,0.616,0.646,1,0.000,0.000,0.000,0.000,0.000,0.000,-0.000,0.005
10.01,0.105,0,0.616,0.646,1,0.000,0.000,0.000,0.000,0.000,0.000,-0.003,0.011
10.21,0.106,0,0.616,0.646,1,0.000,0.000,0.000,0.000,0.000,0.000,-0.000,0.006
10.41,0.105,0,0.617,0.647,1,0.000,0.000,0.000,0.000,0.000,0.000,-0.000,0.006
10.61,0.106,0,0.617,0.647,1,0.000,0.000,0.000,0.000,0.000,0.000,-0.001,0.005
10.81,0.105,0,0.616,0.648,1,0.000,0.000,0.000,0.000,0.000,0.000,-0.002,0.003
11.01,0.105,0,0.616,0.648,1,0.000,0.000,0.000,0.000,0.000,0.000,0.003,0.004
11.21,0.105,0,0.616,0.648,1,0.000,0.000,0.000,0.000,0.000,0.000,0.003,0.004
11.41,0.105,0,0.619,0.653,1,0.000,0.000,0.000,0.000,0.000,0.000,-0.006,0.010
11.61,0.105,0,0.619,0.653,1,0.000,0.000,0.000,0.000,0.000,0.000,0.000,0.006
11.81,0.105,0,0.620,0.654,1,0.000,0.000,0.000,0.000,0.000,0.000,0.001,0.002
12.01,0.105,0,0.620,0.654,1,0.000,0.000,0.000,0.000,0.000,0.000,0.001,0.002
12.21,0.105,0,0.620,0.654,1,0.000,0.000,0.000,0.000,0.000,0.000,-0.004,0.002
12.41,0.105,0,0.622,0.654,1,0.000,0.000,0.000,0.000,0.000,0.000,0.001,0.005
12.61,0.105,0,0.622,0.654,1,0.000,0.000,0.000,0.000,0.000,0.000,-0.000,0.007
12.81,0.105,0,0.624,0.629,1,0.000,0.000,0.000,0.000,0.000,0.000,-0.003,0.005
13.01,0.105,0,0.624,0.629,1,0.000,0.000,0.000,0.000,0.000,0.000,-0.003,0.005
13.21,0.105,0,0.624,0.629,1,0.000,0.000,0.000,0.000,0.000,0.000,-0.004,0.005
13.41,0.106,0,0.605,0.607,1,0.000,0.000,0.000,0.000,0.000,0.000,-0.001,0.001
13.61,0.106,0,0.605,0.607,1,0.000,0.000,0.000,0.000,0.000,0.000,0.001,0.008
13.81,0.105,0,0.601,0.645,1,0.000,0.000,0.000,0.000,0.000,0.000,0.001,0.008
14.01,0.105,0,0.601,0.645,1,0.000,0.000,0.000,0.000,0.000,0.000,-0.000,0.010
14.21,0.105,0,0.601,0.645,1,0.000,0.000,0.000,0.000,0.000,0.000,0.001,0.006
14.41,0.105,0,0.613,0.651,1,0.000,0.000,0.000,0.000,0.000,0.000,0.000,0.001
14.61,0.105,0,0.613,0.651,1,0.000,0.000,0.000,0.000,0.000,0.000,0.000,0.001
14.81,0.106,0,0.617,0.651,1,0.000,0.000,0.000,0.000,0.000,0.000,0.001,0.002
15.01,0.105,0,0.617,0.651,1,0.000,0.000,0.000,0.000,0.000,0.000,0.000,0.002
15.21,0.105,0,0.617,0.651,1,0.000,0.000,0.000,0.000,0.000,0.000,-0.001,0.006
15.41,0.105,0,0.615,0.657,1,0.000,0.000,0.000,0.000,0.000,0.000,0.001,0.000
15.61,0.105,0,0.615,0.657,1,0.000,0.000,0.000,0.000,0.000,0.000,0.001,0.000
15.81,0.105,0,0.624,0.659,1,0.000,0.000,0.000,0.000,0.000,0.000,0.001,0.006
16.01,0.105,0,0.624,0.659,1,0.000,0.000,0.000,0.000,0.000,0.000,0.003,0.001
16.21,0.105,0,0.624,0.659,1,0.000,0.000,0.000,0.000,0.000,0.000,0.001,-0.000
16.41,0.105,0,0.625,0.658,1,0.000,0.000,0.000,0.000,0.000,0.000,0.001,-0.000
16.61,0.105,0,0.625,0.658,1,0.000,0.000,0.000,0.000,0.000,0.000,-0.007,0.004
16.81,0.105,0,0.627,0.657,1,0.000,0.000,0.000,0.000,0.000,0.000,0.000,0.005
17.01,0.105,0,0.627,0.657,1,0.000,0.000,0.000,0.000,0.000,0.000,0.002,0.006
17.21,0.106,0,0.627,0.657,1,0.000,0.000,0.000,0.000,0.000,0.000,0.002,0.006
17.41,0.106,0,0.624,0.656,1,0.000,0.000,0.000,0.000,0.000,0.000,0.001,-0.001
17.61,0.105,0,0.624,0.656,1,0.000,0.000,0.000,0.000,0.000,0.000,-0.008,0.009
17.81,0.105,0,0.618,0.655,1,0.000,0.000,0.000,0.000,0.000,0.000,-0.002,0.004
18.01,0.105,0,0.618,0.655,1,0.000,0.000,0.000,0.000,0.000,0.000,-0.002,0.000
18.21,0.105,0,0.618,0.655,1,0.000,0.000,0.000,0.000,0.000,0.000,-0.002,0.000
18.41,0.105,0,0.622,0.654,1,0.000,0.000,0.000,0.000,0.000,0.000,-0.001,0.002
18.61,0.105,0,0.622,0.654,1,0.000,0.000,0.000,0.000,0.000,0.000,0.001,0.005
18.81,0.105,0,0.617,0.655,1,0.000,0.000,0.000,0.000,0.000,0.000,0.002,0.009
19.01,0.105,0,0.617,0.655,1,0.000,0.000,0.000,0.000,0.000,0.000,0.002,0.009
19.21,0.105,0,0.617,0.655,1,0.000,0.000,0.000,0.000,0.000,0.000,0.000,0.003
19.41,0.106,0,0.617,0.644,1,0.000,0.000,0.000,0.000,0.000,0.000,0.001,0.002
19.61,0.106,0,0.617,0.644,1,0.000,0.000,0.000,0.000,0.000,0.000,-0.001,0.008
19.81,0.105,0,0.605,0.641,1,0.000,0.000,0.000,0.000,0.000,0.000,0.000,0.005
20.01,0.105,0,0.605,0.641,1,0.000,0.000,0.000,0.000,0.000,0.000,0.000,0.005
20.21,0.106,0,0.605,0.641,1,0.000,0.000,0.000,0.000,0.000,0.000,0.000,-0.000
20.41,0.106,0,0.616,0.642,1,0.000,0.000,0.000,0.000,0.000,0.000,-0.001,0.006
20.61,0.105,0,0.616,0.642,1,0.000,0.000,0.000,0.000,0.000,0.000,-0.001,0.002
20.81,0.105,0,0.612,0.644,1,0.000,0.000,0.000,0.000,0.000,0.000,-0.001,0.002
21.01,0.105,0,0.612,0.644,1,0.000,0.000,0.000,0.000,0.000,0.000,-0.002,0.005
21.21,0.105,0,0.612,0.644,1,0.000,0.000,0.000,0.000,0.000,0.000,-0.001,0.002
21.41,0.105,0,0.608,0.643,1,0.000,0.000,0.000,0.000,0.000,0.000,0.004,0.009
21.61,0.105,0,0.608,0.643,1,0.000,0.000,0.000,0.000,0.000,0.000,0.004,0.009
21.81,0.105,0,0.606,0.643,1,0.000,0.000,0.000,0.000,0.000,0.000,-0.002,0.006
22.01,0.106,0,0.606,0.643,1,0.000,0.000,0.000,0.000,0.000,0.000,0.003,0.000
22.21,0.106,0,0.606,0.643,1,0.000,0.000,0.000,0.000,0.000,0.000,-0.005,0.004
22.41,0.105,0,0.607,0.641,1,0.000,0.000,0.000,0.000,0.000,0.000,-0.001,0.005
22.61,0.105,0,0.607,0.641,1,0.000,0.000,0.000,0.000,0.000,0.000,-0.001,0.005
22.81,0.105,0,0.605,0.642,1,0.000,0.000,0.000,0.000,0.000,0.000,-0.001,0.010
23.01,0.105,0,0.605,0.642,1,0.000,0.000,0.000,0.000,0.000,0.000,-0.006,-0.005
23.21,0.105,0,0.605,0.642,1,0.000,0.000,0.000,0.000,0.000,0.000,-0.005,0.006
23.41,0.105,0,0.607,0.644,1,0.000,0.000,0.000,0.000,0.000,0.000,-0.005,0.006
23.61,0.105,0,0.607,0.644,1,0.000,0.000,0.000,0.000,0.000,0.000,-0.004,0.003
23.81,0.105,0,0.605,0.644,1,0.000,0.000,0.000,0.000,0.000,0.000,0.001,0.001
24.01,0.105,0,0.605,0.644,1,0.000,0.000,0.000,0.000,0.000,0.000,-0.003,0.005
24.21,0.105,0,0.605,0.644,1,0.000,0.000,0.000,0.000,0.000,0.000,-0.003,0.005
24.41,0.105,0,0.600,0.636,1,0.000,0.000,0.000,0.000,0.000,0.000,-0.002,0.006
24.61,0.105,0,0.600,0.636,1,0.000,0.000,0.000,0.000,0.000,0.000,-0.005,0.009
24.81,0.105,0,0.572,0.584,1,0.000,0.000,0.000,0.000,0.000,0.000,0.002,-0.000
25.01,0.105,0,0.572,0.584,1,0.000,0.000,0.000,0.000,0.000,0.000,0.004,0.001
25.21,0.105,0,0.572,0.584,1,0.000,0.000,0.000,0.000,0.000,0.000,0.004,0.001
25.41,0.105,0,0.583,0.611,1,0.000,0.000,0.000,0.000,0.000,0.000,-0.001,0.006
25.61,0.105,0,0.583,0.611,1,0.000,0.000,0.000,0.000,0.000,0.000,0.001,0.004
25.81,0.105,0,0.649,0.647,1,0.000,0.000,0.000,0.000,0.000,0.000,0.002,-0.001
26.01,0.106,0,0.649,0.647,1,0.000,0.000,0.000,0.000,0.000,0.000,0.002,-0.001
26.21,0.105,0,0.649,0.647,1,0.000,0.000,0.000,0.000,0.000,0.000,-0.006,0.004
26.41,0.105,0,0.660,0.651,1,0.000,0.000,0.000,0.000,0.000,0.000,-0.003,0.005
26.61,0.105,0,0.660,0.651,1,0.000,0.000,0.000,0.000,0.000,0.000,-0.003,0.000
26.81,0.106,0,0.658,0.655,1,0.000,0.000,0.000,0.000,0.000,0.000,-0.003,0.000
27.01,0.105,0,0.658,0.655,1,0.000,0.000,0.000,0.000,0.000,0.000,-0.003,0.005
27.21,0.105,0,0.658,0.655,1,0.000,0.000,0.000,0.000,0.000,0.000,-0.005,0.004
27.41,0.105,0,0.649,0.660,1,0.000,0.000,0.000,0.000,0.000,0.000,-0.001,0.003
27.61,0.105,0,0.649,0.660,1,0.000,0.000,0.000,0.000,0.000,0.000,-0.001,0.003
27.81,0.105,0,0.665,0.674,1,0.000,0.000,0.000,0.000,0.000,0.000,-0.001,0.003
28.01,0.105,0,0.665,0.674,1,0.000,0.000,0.000,0.000,0.000,0.000,0.004,0.002
28.21,0.105,0,0.665,0.674,1,0.000,0.000,0.000,0.000,0.000,0.000,-0.002,0.001
28.41,0.105,0,0.672,0.677,1,0.000,0.000,0.000,0.000,0.000,0.000,-0.004,0.009
28.61,0.105,0,0.672,0.677,1,0.000,0.000,0.000,0.000,0.000,0.000,-0.004,0.009
28.81,0.105,0,0.678,0.688,1,0.000,0.000,0.000,0.000,0.000,0.000,-0.001,-0.003
29.01,0.105,0,0.678,0.688,1,0.000,0.000,0.000,0.000,0.000,0.000,-0.009,0.011
29.21,0.105,0,0.678,0.688,1,0.000,0.000,0.000,0.000,0.000,0.000,-0.005,0.007
29.41,0.105,0,0.676,0.688,1,0.000,0.000,0.000,0.000,0.000,0.000,-0.005,0.007
29.61,0.105,0,0.676,0.688,1,0.000,0.000,0.000,0.000,0.000,0.000,-0.005,0.003
29.81,0.106,0,0.692,0.707,1,0.000,0.000,0.000,0.000,0.000,0.000,-0.001,-0.001
30.01,0.106,0,0.692,0.707,1,0.000,0.000,0.000,0.000,0.000,0.000,0.000,0.010
30.21,0.105,0,0.692,0.707,1,0.000,0.000,0.000,0.000,0.000,0.000,-0.005,0.005
30.41,0.105,0,0.698,0.712,1,0.000,0.000,0.000,0.000,0.000,0.000,-0.005,0.005
30.61,0.105,0,0.698,0.712,1,0.000,0.000,0.000,0.000,0.000,0.000,-0.001,0.002
30.81,0.105,0,0.702,0.704,1,0.000,0.000,0.000,0.000,0.000,0.000,-0.009,-0.000
31.01,0.105,0,0.702,0.704,1,0.000,0.000,0.000,0.000,0.000,0.000,-0.003,0.006
31.21,0.105,0,0.702,0.704,1,0.000,0.000,0.000,0.000,0.000,0.000,-0.003,0.006
31.41,0.105,0,0.666,0.680,1,0.000,0.000,0.000,0.000,0.000,0.000,-0.004,0.001
31.61,0.105,0,0.666,0.680,1,0.000,0.000,0.000,0.000,0.000,0.000,-0.004,0.001
31.81,0.105,0,0.658,0.682,1,0.000,0.000,0.000,0.000,0.000,0.000,-0.002,0.003
32.01,0.105,0,0.658,0.682,1,0.000,0.000,0.000,0.000,0.000,0.000,-0.006,0.004
32.21,0.105,0,0.658,0.682,1,0.000,0.000,0.000,0.000,0.000,0.000,-0.006,0.004
32.41,0.105,0,0.650,0.674,1,0.000,0.000,0.000,0.000,0.000,0.000,-0.007,0.003
32.61,0.105,0,0.650,0.674,1,0.000,0.000,0.000,0.000,0.000,0.000,-0.005,0.003
32.81,0.105,0,0.643,0.672,1,0.000,0.000,0.000,0.000,0.000,0.000,-0.000,0.005
33.01,0.105,0,0.643,0.672,1,0.000,0.000,0.000,0.000,0.000,0.000,-0.000,0.005
33.21,0.105,0,0.643,0.672,1,0.000,0.000,0.000,0.000,0.000,0.000,0.005,0.006
33.41,0.105,0,0.649,0.681,1,0.000,0.000,0.000,0.000,0.000,0.000,0.002,0.002
33.61,0.105,0,0.649,0.681,1,0.000,0.000,0.000,0.000,0.000,0.000,-0.005,0.005
33.81,0.105,0,0.652,0.681,1,0.000,0.000,0.000,0.000,0.000,0.000,-0.005,0.005
34.01,0.105,0,0.652,0.681,1,0.000,0.000,0.000,0.000,0.000,0.000,0.002,0.006
34.21,0.106,0,0.652,0.681,1,0.000,0.000,0.000,0.000,0.000,0.000,-0.009,-0.000
34.41,0.106,0,0.640,0.689,1,0.000,0.000,0.000,0.000,0.000,0.000,-0.002,0.000
34.61,0.105,0,0.640,0.689,1,0.000,0.000,0.000,0.000,0.000,0.000,-0.009,0.002
34.81,0.106,0,0.669,0.685,1,0.000,0.000,0.000,0.000,0.000,0.000,-0.009,0.002
35.01,0.105,0,0.669,0.685,1,0.000,0.000,0.000,0.000,0.000,0.000,-0.006,0.003
35.21,0.105,0,0.669,0.685,1,0.000,0.000,0.000,0.000,0.000,0.000,-0.002,0.001
35.41,0.105,0,0.585,0.572,1,0.000,0.000,0.000,0.000,0.000,0.000,0.005,0.002
35.61,0.105,0,0.585,0.572,1,0.000,0.000,0.000,0.000,0.000,0.000,0.005,0.002
35.81,0.105,0,0.539,0.494,1,0.000,0.000,0.000,0.000,0.000,0.000,0.002,0.006
36.01,0.105,0,0.539,0.494,1,0.000,0.000,0.000,0.000,0.000,0.000,-0.001,0.003
36.21,0.105,0,0.539,0.494,1,0.000,0.000,0.000,0.000,0.000,0.000,-0.002,0.004
36.41,0.105,0,0.518,0.477,1,0.000,0.000,0.000,0.000,0.000,0.000,-0.002,0.004
36.61,0.106,0,0.518,0.477,1,0.000,0.000,0.000,0.000,0.000,0.000,-0.003,0.014
36.81,0.105,0,0.548,0.553,1,0.000,0.000,0.000,0.000,0.000,0.000,-0.001,0.001
37.01,0.105,0,0.548,0.553,1,0.000,0.000,0.000,0.000,0.000,0.000,-0.001,0.008
37.21,0.105,0,0.548,0.553,1,0.000,0.000,0.000,0.000,0.000,0.000,0.003,-0.004
37.41,0.105,0,0.566,0.574,1,0.000,0.000,0.000,0.000,0.000,0.000,0.003,-0.004
37.61,0.105,0,0.566,0.574,1,0.000,0.000,0.000,0.000,0.000,0.000,0.002,0.003
37.81,0.105,0,0.585,0.638,1,0.000,0.000,0.000,0.000,0.000,0.000,0.001,0.001
38.01,0.105,0,0.585,0.638,1,0.000,0.000,0.000,0.000,0.000,0.000,0.000,0.003
38.21,0.106,0,0.585,0.638,1,0.000,0.000,0.000,0.000,0.000,0.000,0.000,0.003
38.41,0.106,0,0.613,0.655,1,0.000,0.000,0.000,0.000,0.000,0.000,-0.006,0.004
38.61,0.105,0,0.613,0.655,1,0.000,0.000,0.000,0.000,0.000,0.000,-0.007,0.004
38.81,0.105,0,0.641,0.676,1,0.000,0.000,0.000,0.000,0.000,0.000,-0.005,0.006
39.01,0.105,0,0.641,0.676,1,0.000,0.000,0.000,0.000,0.000,0.000,-0.005,0.006
39.21,0.105,0,0.641,0.676,1,0.000,0.000,0.000,0.000,0.000,0.000,-0.011,0.004
39.41,0.105,0,0.640,0.666,1,0.000,0.000,0.000,0.000,0.000,0.000,-0.009,0.009
39.61,0.105,0,0.640,0.666,1,0.000,0.000,0.000,0.000,0.000,0.000,-0.008,0.010
39.81,0.105,0,0.627,0.663,1,0.000,0.000,0.000,0.000,0.000,0.000,-0.003,0.001
40.01,0.105,0,0.627,0.663,1,0.000,0.000,0.000,0.000,0.000,0.000,-0.003,0.001
40.21,0.106,0,0.627,0.663,1,0.000,0.000,0.000,0.000,0.000,0.000,-0.003,0.004
40.41,0.105,0,0.629,0.664,1,0.000,0.000,0.000,0.000,0.000,0.000,-0.007,-0.000
40.61,0.105,0,0.629,0.664,1,0.000,0.000,0.000,0.000,0.000,0.000,-0.014,-0.002
40.81,0.105,0,0.632,0.666,1,0.000,0.000,0.000,0.000,0.000,0.000,-0.014,-0.002
41.01,0.105,0,0.632,0.666,1,0.000,0.000,0.000,0.000,0.000,0.000,0.001,0.009
41.21,0.105,0,0.632,0.666,1,0.000,0.000,0.000,0.000,0.000,0.000,-0.006,0.003
41.41,0.105,0,0.631,0.664,1,0.000,0.000,0.000,0.000,0.000,0.000,-0.001,0.003
41.61,0.106,0,0.631,0.664,1,0.000,0.000,0.000,0.000,0.000,0.000,-0.001,0.003
41.81,0.105,0,0.626,0.664,1,0.000,0.000,0.000,0.000,0.000,0.000,-0.002,-0.004
42.01,0.105,0,0.626,0.664,1,0.000,0.000,0.000,0.000,0.000,0.000,0.002,-0.000
42.21,0.105,0,0.626,0.664,1,0.000,0.000,0.000,0.000,0.000,0.000,-0.002,0.003
42.41,0.105,0,0.631,0.660,1,0.000,0.000,0.000,0.000,0.000,0.000,-0.010,-0.005
42.61,0.105,0,0.631,0.660,1,0.000,0.000,0.000,0.000,0.000,0.000,-0.010,-0.005
42.81,0.105,0,0.633,0.658,1,0.000,0.000,0.000,0.000,0.000,0.000,-0.003,0.001
43.01,0.105,0,0.633,0.658,1,0.000,0.000,0.000,0.000,0.000,0.000,-0.002,-0.001
43.21,0.105,0,0.633,0.658,1,0.000,0.000,0.000,0.000,0.000,0.000,-0.003,0.008
43.41,0.106,0,0.634,0.658,1,0.000,0.000,0.000,0.000,0.000,0.000,-0.003,0.008
43.61,0.105,0,0.634,0.658,1,0.000,0.000,0.000,0.000,0.000,0.000,-0.001,0.001
43.81,0.105,0,0.629,0.657,1,0.000,0.000,0.000,0.000,0.000,0.000,-0.002,0.000
44.01,0.105,0,0.629,0.657,1,0.000,0.000,0.000,0.000,0.000,0.000,-0.003,0.005
44.21,0.105,0,0.629,0.657,1,0.000,0.000,0.000,0.000,0.000,0.000,-0.003,0.005
44.41,0.105,0,0.592,0.606,1,0.000,0.000,0.000,0.000,0.000,0.000,-0.004,0.002
44.61,0.105,0,0.592,0.606,1,0.000,0.000,0.000,0.000,0.000,0.000,0.001,0.001
44.81,0.105,0,0.565,0.596,1,0.000,0.000,0.000,0.000,0.000,0.000,0.006,-0.002
45.01,0.105,0,0.565,0.596,1,0.000,0.000,0.000,0.000,0.000,0.000,0.006,-0.002
45.21,0.105,0,0.565,0.596,1,0.000,0.000,0.000,0.000,0.000,0.000,-0.009,0.005
45.41,0.105,0,0.571,0.600,1,0.000,0.000,0.000,0.000,0.000,0.000,0.000,0.008
45.61,0.105,0,0.571,0.600,1,0.000,0.000,0.000,0.000,0.000,0.000,0.000,0.004
45.81,0.105,0,0.571,0.608,1,0.000,0.000,0.000,0.000,0.000,0.000,-0.001,0.004
46.01,0.105,0,0.571,0.608,1,0.000,0.000,0.000,0.000,0.000,0.000,-0.001,0.004
46.21,0.106,0,0.571,0.608,1,0.000,0.000,0.000,0.000,0.000,0.000,-0.008,0.008
46.41,0.105,0,0.581,0.614,1,0.000,0.000,0.000,0.000,0.000,0.000,0.002,0.002
46.61,0.105,0,0.581,0.614,1,0.000,0.000,0.000,0.000,0.000,0.000,0.001,0.005
46.81,0.106,0,0.581,0.614,1,0.000,0.000,0.000,0.000,0.000,0.000,0.001,0.005
47.01,0.106,0,0.581,0.614,1,0.000,0.000,0.000,0.000,0.000,0.000,0.003,0.000
47.21,0.106,0,0.581,0.614,1,0.000,0.000,0.000,0.000,0.000,0.000,-0.000,0.001
47.41,0.106,0,0.584,0.619,1,0.000,0.000,0.000,0.000,0.000,0.000,0.003,0.004
47.61,0.105,0,0.584,0.619,1,0.000,0.000,0.000,0.000,0.000,0.000,0.001,0.003
47.81,0.105,0,0.592,0.620,1,0.000,0.000,0.000,0.000,0.000,0.000,0.001,0.003
48.01,0.105,0,0.592,0.620,1,0.000,0.000,0.000,0.000,0.000,0.000,0.000,0.003
48.21,0.105,0,0.592,0.620,1,0.000,0.000,0.000,0.000,0.000,0.000,-0.000,0.002
48.41,0.105,0,0.605,0.625,1,0.000,0.000,0.000,0.000,0.000,0.000,0.001,0.004
48.61,0.105,0,0.605,0.625,1,0.000,0.000,0.000,0.000,0.000,0.000,0.001,0.004
48.81,0.106,0,0.611,0.647,1,0.000,0.000,0.000,0.000,0.000,0.000,0.002,-0.004
49.01,0.105,0,0.611,0.647,1,0.000,0.000,0.000,0.000,0.000,0.000,0.001,-0.001
49.21,0.105,0,0.611,0.647,1,0.000,0.000,0.000,0.000,0.000,0.000,-0.003,0.001
49.41,0.105,0,0.608,0.641,1,0.000,0.000,0.000,0.000,0.000,0.000,-0.001,0.007
49.61,0.105,0,0.608,0.641,1,0.000,0.000,0.000,0.000,0.000,0.000,-0.001,0.007
49.81,0.105,0,0.615,0.644,1,0.000,0.000,0.000,0.000,0.000,0.000,0.001,0.004
50.01,0.105,0,0.615,0.644,1,0.000,0.000,0.000,0.000,0.000,0.000,-0.000,0.002
50.21,0.106,0,0.615,0.644,1,0.000,0.000,0.000,0.000,0.000,0.000,-0.003,0.006
50.41,0.106,0,0.613,0.643,1,0.000,0.000,0.000,0.000,0.000,0.000,-0.003,0.006
50.61,0.105,0,0.613,0.643,1,0.000,0.000,0.000,0.000,0.000,0.000,-0.000,0.003
50.81,0.105,0,0.603,0.615,1,0.000,0.000,0.000,0.000,0.000,0.000,0.002,0.003
51.01,0.105,0,0.603,0.615,1,0.000,0.000,0.000,0.000,0.000,0.000,0.001,0.005
51.21,0.106,0,0.603,0.615,1,0.000,0.000,0.000,0.000,0.000,0.000,0.001,0.005
51.41,0.106,0,0.582,0.598,1,0.000,0.000,0.000,0.000,0.000,0.000,0.000,0.005
51.61,0.105,0,0.582,0.598,1,0.000,0.000,0.000,0.000,0.000,0.000,0.002,-0.002
51.81,0.105,0,0.583,0.600,1,0.000,0.000,0.000,0.000,0.000,0.000,0.002,0.002
52.01,0.106,0,0.583,0.600,1,0.000,0.000,0.000,0.000,0.000,0.000,0.000,-0.001
52.21,0.105,0,0.583,0.600,1,0.000,0.000,0.000,0.000,0.000,0.000,0.000,-0.001
52.41,0.106,0,0.587,0.605,1,0.000,0.000,0.000,0.000,0.000,0.000,0.002,-0.001
52.61,0.105,0,0.587,0.605,1,0.000,0.000,0.000,0.000,0.000,0.000,-0.000,-0.001
52.81,0.105,0,0.588,0.608,1,0.000,0.000,0.000,0.000,0.000,0.000,0.001,0.010
53.01,0.105,0,0.588,0.608,1,0.000,0.000,0.000,0.000,0.000,0.000,0.001,0.010
53.21,0.105,0,0.588,0.608,1,0.000,0.000,0.000,0.000,0.000,0.000,-0.002,0.001
53.41,0.105,0,0.593,0.613,1,0.000,0.000,0.000,0.000,0.000,0.000,0.003,0.000
53.61,0.105,0,0.593,0.613,1,0.000,0.000,0.000,0.000,0.000,0.000,-0.002,0.002
53.81,0.105,0,0.597,0.614,1,0.000,0.000,0.000,0.000,0.000,0.000,-0.002,0.002
54.01,0.105,0,0.597,0.614,1,0.000,0.000,0.000,0.000,0.000,0.000,0.000,-0.001
54.21,0.105,0,0.597,0.614,1,0.000,0.000,0.000,0.000,0.000,0.000,0.002,0.006
54.41,0.105,0,0.595,0.619,1,0.000,0.000,0.000,0.000,0.000,0.000,0.002,-0.001
54.61,0.106,0,0.595,0.619,1,0.000,0.000,0.000,0.000,0.000,0.000,-0.008,0.002
54.81,0.105,0,0.605,0.621,1,0.000,0.000,0.000,0.000,0.000,0.000,-0.008,0.002
55.01,0.105,0,0.605,0.621,1,0.000,0.000,0.000,0.000,0.000,0.000,-0.010,-0.015
55.21,0.106,0,0.605,0.621,1,0.000,0.000,0.000,0.000,0.000,0.000,-0.008,-0.001
55.41,0.106,0,0.606,0.624,1,0.000,0.000,0.000,0.000,0.000,0.000,-0.007,-0.000
55.61,0.105,0,0.606,0.624,1,0.000,0.000,0.000,0.000,0.000,0.000,-0.007,-0.000
55.81,0.105,0,0.605,0.622,1,0.000,0.000,0.000,0.000,0.000,0.000,-0.006,-0.002
56.01,0.105,0,0.605,0.622,1,0.000,0.000,0.000,0.000,0.000,0.000,0.003,-0.002
56.21,0.105,0,0.605,0.622,1,0.000,0.000,0.000,0.000,0.000,0.000,-0.004,-0.001
56.41,0.106,0,0.604,0.624,1,0.000,0.000,0.000,0.000,0.000,0.000,-0.007,-0.001
56.61,0.105,0,0.604,0.624,1,0.000,0.000,0.000,0.000,0.000,0.000,-0.007,-0.001
56.81,0.106,0,0.599,0.626,1,0.000,0.000,0.000,0.000,0.000,0.000,-0.004,0.004
57.01,0.106,0,0.599,0.626,1,0.000,0.000,0.000,0.000,0.000,0.000,-0.000,0.005
57.21,0.105,0,0.599,0.626,1,0.000,0.000,0.000,0.000,0.000,0.000,-0.003,-0.000
57.41,0.106,0,0.608,0.625,1,0.000,0.000,0.000,0.000,0.000,0.000,-0.003,-0.000
57.61,0.105,0,0.608,0.625,1,0.000,0.000,0.000,0.000,0.000,0.000,-0.018,0.003
57.81,0.105,0,0.598,0.624,1,0.000,0.000,0.000,0.000,0.000,0.000,-0.004,-0.003
58.01,0.105,0,0.598,0.624,1,0.000,0.000,0.000,0.000,0.000,0.000,-0.003,0.004
58.21,0.106,0,0.598,0.624,1,0.000,0.000,0.000,0.000,0.000,0.000,-0.003,0.004
58.41,0.105,0,0.599,0.626,1,0.000,0.000,0.000,0.000,0.000,0.000,-0.003,-0.002
58.61,0.105,0,0.599,0.626,1,0.000,0.000,0.000,0.000,0.000,0.000,0.004,0.007
58.81,0.105,0,0.616,0.640,1,0.000,0.000,0.000,0.000,0.000,0.000,-0.000,0.004
59.01,0.106,0,0.616,0.640,1,0.000,0.000,0.000,0.000,0.000,0.000,0.002,-0.000
59.21,0.105,0,0.616,0.640,1,0.000,0.000,0.000,0.000,0.000,0.000,0.002,-0.000
59.41,0.106,0,0.612,0.639,1,0.000,0.000,0.000,0.000,0.000,0.000,-0.000,-0.003
59.61,0.106,0,0.612,0.639,1,0.000,0.000,0.000,0.000,0.000,0.000,0.002,0.003
59.81,0.106,0,0.613,0.639,1,0.000,0.000,0.000,0.000,0.000,0.000,0.002,0.003
60.01,0.105,0,0.613,0.639,1,0.000,0.000,0.000,0.000,0.000,0.000,0.002,0.003
60.21,0.105,0,0.613,0.639,1,0.000,0.000,0.000,0.000,0.000,0.000,-0.002,0.006
60.41,0.105,0,0.613,0.639,1,0.000,0.000,0.000,0.000,0.000,0.000,0.000,0.001
60.61,0.105,0,0.613,0.639,1,0.000,0.000,0.000,0.000,0.000,0.000,0.000,0.002
60.81,0.105,0,0.608,0.642,1,0.000,0.000,0.000,0.000,0.000,0.000,0.000,0.002
61.01,0.105,0,0.608,0.642,1,0.000,0.000,0.000,0.000,0.000,0.000,-0.002,0.006
61.21,0.105,0,0.608,0.642,1,0.000,0.000,0.000,0.000,0.000,0.000,-0.001,0.000
61.41,0.105,0,0.619,0.643,1,0.000,0.000,0.000,0.000,0.000,0.000,0.003,0.002
61.61,0.105,0,0.619,0.643,1,0.000,0.000,0.000,0.000,0.000,0.000,-0.014,-0.000
61.81,0.105,0,0.618,0.646,1,0.000,0.000,0.000,0.000,0.000,0.000,-0.014,-0.000
62.01,0.105,0,0.618,0.646,1,0.000,0.000,0.000,0.000,0.000,0.000,0.007,-0.001
62.21,0.105,0,0.618,0.646,1,0.000,0.000,0.000,0.000,0.000,0.000,-0.001,0.002
62.41,0.105,0,0.623,0.647,1,0.000,0.000,0.000,0.000,0.000,0.000,-0.004,-0.001
62.61,0.105,0,0.623,0.647,1,0.000,0.000,0.000,0.000,0.000,0.000,-0.004,-0.001
62.81,0.105,0,0.617,0.648,1,0.000,0.000,0.000,0.000,0.000,0.000,-0.002,-0.002
63.01,0.106,0,0.617,0.648,1,0.000,0.000,0.000,0.000,0.000,0.000,-0.001,-0.002
63.21,0.106,0,0.617,0.648,1,0.000,0.000,0.000,0.000,0.000,0.000,-0.005,0.004
63.41,0.105,0,0.622,0.647,1,0.000,0.000,0.000,0.000,0.000,0.000,-0.005,0.004
63.61,0.105,0,0.622,0.647,1,0.000,0.000,0.000,0.000,0.000,0.000,-0.000,0.001
63.81,0.105,0,0.616,0.646,1,0.000,0.000,0.000,0.000,0.000,0.000,-0.001,0.001
64.01,0.105,0,0.616,0.646,1,0.000,0.000,0.000,0.000,0.000,0.000,-0.000,-0.002
64.21,0.105,0,0.616,0.646,1,0.000,0.000,0.000,0.000,0.000,0.000,-0.005,0.004
64.41,0.105,0,0.621,0.646,1,0.000,0.000,0.000,0.000,0.000,0.000,-0.005,0.004
64.61,0.105,0,0.621,0.646,1,0.000,0.000,0.000,0.000,0.000,0.000,-0.003,0.005
64.81,0.106,0,0.622,0.645,1,0.000,0.000,0.000,0.000,0.000,0.000,0.002,0.002
65.01,0.106,0,0.622,0.645,1,0.000,0.000,0.000,0.000,0.000,0.000,-0.004,0.005
65.21,0.105,0,0.622,0.645,1,0.000,0.000,0.000,0.000,0.000,0.000,-0.004,0.005
65.41,0.105,0,0.616,0.645,1,0.000,0.000,0.000,0.000,0.000,0.000,-0.002,0.004
65.61,0.105,0,0.616,0.645,1,0.000,0.000,0.000,0.000,0.000,0.000,-0.005,0.001
65.81,0.105,0,0.620,0.646,1,0.000,0.000,0.000,0.000,0.000,0.000,-0.000,0.004
66.01,0.106,0,0.620,0.646,1,0.000,0.000,0.000,0.000,0.000,0.000,0.001,0.000
66.21,0.105,0,0.620,0.646,1,0.000,0.000,0.000,0.000,0.000,0.000,0.001,0.000
66.41,0.105,0,0.621,0.650,1,0.000,0.000,0.000,0.000,0.000,0.000,-0.000,0.001
66.61,0.105,0,0.621,0.650,1,0.000,0.000,0.000,0.000,0.000,0.000,0.000,0.007
66.81,0.105,0,0.630,0.655,1,0.000,0.000,0.000,0.000,0.000,0.000,0.001,-0.002
67.01,0.106,0,0.630,0.655,1,0.000,0.000,0.000,0.000,0.000,0.000,0.001,-0.002
67.21,0.106,0,0.630,0.655,1,0.000,0.000,0.000,0.000,0.000,0.000,-0.005,0.003
67.41,0.105,0,0.630,0.655,1,0.000,0.000,0.000,0.000,0.000,0.000,-0.002,0.000
67.61,0.105,0,0.630,0.655,1,0.000,0.000,0.000,0.000,0.000,0.000,-0.003,-0.002
67.81,0.105,0,0.628,0.655,1,0.000,0.000,0.000,0.000,0.000,0.000,-0.003,-0.002
68.01,0.105,0,0.628,0.655,1,0.000,0.000,0.000,0.000,0.000,0.000,0.003,0.002
68.21,0.105,0,0.628,0.655,1,0.000,0.000,0.000,0.000,0.000,0.000,-0.000,0.001
68.41,0.105,0,0.628,0.655,1,0.000,0.000,0.000,0.000,0.000,0.000,-0.006,0.004
68.61,0.105,0,0.628,0.655,1,0.000,0.000,0.000,0.000,0.000,0.000,-0.002,-0.002
68.81,0.106,0,0.624,0.653,1,0.000,0.000,0.000,0.000,0.000,0.000,-0.002,-0.002
69.01,0.105,0,0.624,0.653,1,0.000,0.000,0.000,0.000,0.000,0.000,-0.005,0.003
69.21,0.105,0,0.624,0.653,1,0.000,0.000,0.000,0.000,0.000,0.000,-0.001,-0.001
69.41,0.105,0,0.630,0.656,1,0.000,0.000,0.000,0.000,0.000,0.000,-0.003,-0.002
69.61,0.105,0,0.630,0.656,1,0.000,0.000,0.000,0.000,0.000,0.000,-0.003,-0.002
69.81,0.105,0,0.628,0.656,1,0.000,0.000,0.000,0.000,0.000,0.000,-0.001,0.001
70.01,0.106,0,0.628,0.656,1,0.000,0.000,0.000,0.000,0.000,0.000,0.000,0.003
70.21,0.106,0,0.628,0.656,1,0.000,0.000,0.000,0.000,0.000,0.000,0.001,0.003
70.41,0.105,0,0.629,0.655,1,0.000,0.000,0.000,0.000,0.000,0.000,0.001,0.003
70.61,0.105,0,0.629,0.655,1,0.000,0.000,0.000,0.000,0.000,0.000,0.002,-0.003
70.81,0.105,0,0.632,0.655,1,0.000,0.000,0.000,0.000,0.000,0.000,-0.007,0.003
71.01,0.105,0,0.632,0.655,1,0.000,0.000,0.000,0.000,0.000,0.000,-0.006,-0.001
71.21,0.105,0,0.632,0.655,1,0.000,0.000,0.000,0.000,0.000,0.000,0.001,0.003
71.41,0.105,0,0.626,0.655,1,0.000,0.000,0.000,0.000,0.000,0.000,0.001,0.003
71.61,0.105,0,0.626,0.655,1,0.000,0.000,0.000,0.000,0.000,0.000,-0.008,-0.003
71.81,0.106,0,0.632,0.655,1,0.000,0.000,0.000,0.000,0.000,0.000,0.001,0.006
72.01,0.106,0,0.632,0.655,1,0.000,0.000,0.000,0.000,0.000,0.000,-0.005,-0.001
72.21,0.105,0,0.632,0.655,1,0.000,0.000,0.000,0.000,0.000,0.000,-0.005,-0.001
72.41,0.105,0,0.627,0.652,1,0.000,0.000,0.000,0.000,0.000,0.000,-0.002,0.000
72.61,0.105,0,0.627,0.652,1,0.000,0.000,0.000,0.000,0.000,0.000,-0.001,0.003
72.81,0.105,0,0.626,0.652,1,0.000,0.000,0.000,0.000,0.000,0.000,0.001,0.006
73.01,0.105,0,0.626,0.652,1,0.000,0.000,0.000,0.000,0.000,0.000,0.001,0.006
73.21,0.105,0,0.626,0.652,1,0.000,0.000,0.000,0.000,0.000,0.000,0.002,0.003
73.41,0.105,0,0.626,0.650,1,0.000,0.000,0.000,0.000,0.000,0.000,-0.000,0.002
73.61,0.105,0,0.626,0.650,1,0.000,0.000,0.000,0.000,0.000,0.000,-0.003,0.001
73.81,0.105,0,0.619,0.649,1,0.000,0.000,0.000,0.000,0.000,0.000,0.001,-0.002
74.01,0.105,0,0.619,0.649,1,0.000,0.000,0.000,0.000,0.000,0.000,0.001,-0.002
74.21,0.105,0,0.619,0.649,1,0.000,0.000,0.000,0.000,0.000,0.000,-0.007,0.002
74.41,0.105,0,0.622,0.650,1,0.000,0.000,0.000,0.000,0.000,0.000,0.003,-0.004
74.61,0.105,0,0.622,0.650,1,0.000,0.000,0.000,0.000,0.000,0.000,-0.001,0.008
74.81,0.105,0,0.621,0.651,1,0.000,0.000,0.000,0.000,0.000,0.000,-0.001,0.008
75.01,0.106,0,0.621,0.651,1,0.000,0.000,0.000,0.000,0.000,0.000,-0.002,0.002
75.21,0.105,0,0.621,0.651,1,0.000,0.000,0.000,0.000,0.000,0.000,-0.001,0.007
75.41,0.105,0,0.627,0.652,1,0.000,0.000,0.000,0.000,0.000,0.000,-0.000,0.001
75.61,0.105,0,0.627,0.652,1,0.000,0.000,0.000,0.000,0.000,0.000,-0.007,0.000
75.81,0.105,0,0.624,0.653,1,0.000,0.000,0.000,0.000,0.000,0.000,-0.007,0.000
76.01,0.105,0,0.624,0.653,1,0.000,0.000,0.000,0.000,0.000,0.000,0.002,0.003
76.21,0.105,0,0.624,0.653,1,0.000,0.000,0.000,0.000,0.000,0.000,0.002,0.003
76.41,0.106,0,0.626,0.652,1,0.000,0.000,0.000,0.000,0.000,0.000,-0.002,0.003
76.61,0.105,0,0.626,0.652,1,0.000,0.000,0.000,0.000,0.000,0.000,-0.002,0.003
76.81,0.105,0,0.631,0.653,1,0.000,0.000,0.000,0.000,0.000,0.000,-0.010,0.002
77.01,0.105,0,0.631,0.653,1,0.000,0.000,0.000,0.000,0.000,0.000,0.000,0.002
77.21,0.105,0,0.631,0.653,1,0.000,0.000,0.000,0.000,0.000,0.000,0.001,0.003
77.41,0.106,0,0.629,0.652,1,0.000,0.000,0.000,0.000,0.000,0.000,0.001,0.003
77.61,0.105,0,0.629,0.652,1,0.000,0.000,0.000,0.000,0.000,0.000,-0.002,0.002
77.81,0.105,0,0.624,0.650,1,0.000,0.000,0.000,0.000,0.000,0.000,-0.002,0.001
78.01,0.105,0,0.624,0.650,1,0.000,0.000,0.000,0.000,0.000,0.000,0.001,0.005
78.21,0.105,0,0.624,0.650,1,0.000,0.000,0.000,0.000,0.000,0.000,-0.010,-0.000
78.41,0.105,0,0.620,0.649,1,0.000,0.000,0.000,0.000,0.000,0.000,-0.010,-0.000
78.61,0.106,0,0.620,0.649,1,0.000,0.000,0.000,0.000,0.000,0.000,0.000,0.005
78.81,0.105,0,0.627,0.649,1,0.000,0.000,0.000,0.000,0.000,0.000,-0.003,0.004
79.01,0.105,0,0.627,0.649,1,0.000,0.000,0.000,0.000,0.000,0.000,-0.001,-0.001
79.21,0.106,0,0.627,0.649,1,0.000,0.000,0.000,0.000,0.000,0.000,-0.001,-0.001
79.41,0.105,0,0.626,0.649,1,0.000,0.000,0.000,0.000,0.000,0.000,-0.003,0.002
79.61,0.105,0,0.626,0.649,1,0.000,0.000,0.000,0.000,0.000,0.000,0.001,0.008
79.81,0.105,0,0.619,0.648,1,0.000,0.000,0.000,0.000,0.000,0.000,0.001,0.002
80.01,0.105,0,0.619,0.648,1,0.000,0.000,0.000,0.000,0.000,0.000,0.001,0.002
80.21,0.105,0,0.619,0.648,1,0.000,0.000,0.000,0.000,0.000,0.000,0.003,0.006
80.41,0.106,0,0.623,0.648,1,0.000,0.000,0.000,0.000,0.000,0.000,-0.001,0.005
80.61,0.106,0,0.623,0.648,1,0.000,0.000,0.000,0.000,0.000,0.000,0.003,0.002
80.81,0.105,0,0.621,0.648,1,0.000,0.000,0.000,0.000,0.000,0.000,0.001,0.001
81.01,0.105,0,0.621,0.648,1,0.000,0.000,0.000,0.000,0.000,0.000,0.001,0.001
81.21,0.106,0,0.621,0.648,1,0.000,0.000,0.000,0.000,0.000,0.000,0.004,-0.000
81.41,0.105,0,0.624,0.647,1,0.000,0.000,0.000,0.000,0.000,0.000,-0.005,-0.005
81.61,0.105,0,0.624,0.647,1,0.000,0.000,0.000,0.000,0.000,0.000,0.002,-0.002
81.81,0.105,0,0.624,0.647,1,0.000,0.000,0.000,0.000,0.000,0.000,0.002,-0.002
82.01,0.105,0,0.624,0.647,1,0.000,0.000,0.000,0.000,0.000,0.000,-0.005,-0.003
82.21,0.105,0,0.624,0.647,1,0.000,0.000,0.000,0.000,0.000,0.000,-0.000,0.000
82.41,0.105,0,0.623,0.647,1,0.000,0.000,0.000,0.000,0.000,0.000,0.001,-0.002
82.61,0.106,0,0.623,0.647,1,0.000,0.000,0.000,0.000,0.000,0.000,0.003,0.001
82.81,0.105,0,0.623,0.648,1,0.000,0.000,0.000,0.000,0.000,0.000,0.003,0.001
83.01,0.106,0,0.623,0.648,1,0.000,0.000,0.000,0.000,0.000,0.000,-0.006,-0.004
83.21,0.106,0,0.623,0.648,1,0.000,0.000,0.000,0.000,0.000,0.000,-0.003,0.002
83.41,0.105,0,0.621,0.647,1,0.000,0.000,0.000,0.000,0.000,0.000,0.002,-0.004
83.61,0.105,0,0.621,0.647,1,0.000,0.000,0.000,0.000,0.000,0.000,0.002,-0.004
83.81,0.105,0,0.626,0.648,1,0.000,0.000,0.000,0.000,0.000,0.000,-0.003,0.005
84.01,0.105,0,0.626,0.648,1,0.000,0.000,0.000,0.000,0.000,0.000,-0.000,-0.004
84.21,0.105,0,0.626,0.648,1,0.000,0.000,0.000,0.000,0.000,0.000,0.004,0.004
84.41,0.105,0,0.625,0.648,1,0.000,0.000,0.000,0.000,0.000,0.000,0.004,0.004
84.61,0.105,0,0.625,0.648,1,0.000,0.000,0.000,0.000,0.000,0.000,-0.003,0.004
84.81,0.105,0,0.625,0.648,1,0.000,0.000,0.000,0.000,0.000,0.000,-0.002,0.002
85.01,0.105,0,0.625,0.648,1,0.000,0.000,0.000,0.000,0.000,0.000,-0.001,-0.002
85.21,0.105,0,0.625,0.648,1,0.000,0.000,0.000,0.000,0.000,0.000,-0.003,0.008
85.41,0.105,0,0.624,0.647,1,0.000,0.000,0.000,0.000,0.000,0.000,-0.003,0.008
85.61,0.105,0,0.624,0.647,1,0.000,0.000,0.000,0.000,0.000,0.000,-0.003,0.002
85.81,0.105,0,0.618,0.647,1,0.000,0.000,0.000,0.000,0.000,0.000,-0.002,-0.008
86.01,0.105,0,0.618,0.647,1,0.000,0.000,0.000,0.000,0.000,0.000,-0.003,-0.003
86.21,0.105,0,0.618,0.647,1,0.000,0.000,0.000,0.000,0.000,0.000,-0.003,-0.003
86.41,0.105,0,0.624,0.647,1,0.000,0.000,0.000,0.000,0.000,0.000,0.002,0.001
86.61,0.105,0,0.624,0.647,1,0.000,0.000,0.000,0.000,0.000,0.000,-0.005,0.001
86.81,0.105,0,0.625,0.646,1,0.000,0.000,0.000,0.000,0.000,0.000,0.001,-0.000
87.01,0.105,0,0.625,0.646,1,0.000,0.000,0.000,0.000,0.000,0.000,0.001,-0.000
87.21,0.105,0,0.625,0.646,1,0.000,0.000,0.000,0.000,0.000,0.000,-0.001,0.001
87.41,0.105,0,0.617,0.646,1,0.000,0.000,0.000,0.000,0.000,0.000,-0.002,-0.001
87.61,0.105,0,0.617,0.646,1,0.000,0.000,0.000,0.000,0.000,0.000,-0.001,-0.002
87.81,0.105,0,0.623,0.640,1,0.000,0.000,0.000,0.000,0.000,0.000,-0.001,-0.006
88.01,0.105,0,0.623,0.640,1,0.000,0.000,0.000,0.000,0.000,0.000,-0.001,-0.006
88.21,0.106,0,0.623,0.640,1,0.000,0.000,0.000,0.000,0.000,0.000,-0.003,0.007
88.41,0.105,0,0.609,0.579,1,0.000,0.000,0.000,0.000,0.000,0.000,0.001,0.003
88.61,0.105,0,0.609,0.579,1,0.000,0.000,0.000,0.000,0.000,0.000,-0.001,0.000
88.81,0.106,0,0.608,0.588,1,0.000,0.000,0.000,0.000,0.000,0.000,-0.001,0.000
89.01,0.105,0,0.608,0.588,1,0.000,0.000,0.000,0.000,0.000,0.000,-0.005,0.010
89.21,0.105,0,0.608,0.588,1,0.000,0.000,0.000,0.000,0.000,0.000,-0.003,-0.002
89.41,0.105,0,0.609,0.591,1,0.000,0.000,0.000,0.000,0.000,0.000,0.004,0.003
89.61,0.105,0,0.609,0.591,1,0.000,0.000,0.000,0.000,0.000,0.000,0.004,0.003
89.81,0.105,0,0.610,0.595,1,0.000,0.000,0.000,0.000,0.000,0.000,-0.007,0.005
90.01,0.105,0,0.610,0.595,1,0.000,0.000,0.000,0.000,0.000,0.000,-0.005,0.005
90.21,0.105,0,0.610,0.595,1,0.000,0.000,0.000,0.000,0.000,0.000,-0.004,0.001
90.41,0.105,0,0.619,0.611,1,0.000,0.000,0.000,0.000,0.000,0.000,-0.004,-0.001
90.61,0.106,0,0.619,0.611,1,0.000,0.000,0.000,0.000,0.000,0.000,-0.004,-0.001
90.81,0.106,0,0.614,0.629,1,0.000,0.000,0.000,0.000,0.000,0.000,-0.004,0.001
91.01,0.105,0,0.614,0.629,1,0.000,0.000,0.000,0.000,0.000,0.000,-0.002,-0.002
91.21,0.105,0,0.614,0.629,1,0.000,0.000,0.000,0.000,0.000,0.000,-0.001,0.004
91.41,0.105,0,0.619,0.642,1,0.000,0.000,0.000,0.000,0.000,0.000,-0.001,0.004
91.61,0.105,0,0.619,0.642,1,0.000,0.000,0.000,0.000,0.000,0.000,-0.002,0.001
91.81,0.105,0,0.621,0.641,1,0.000,0.000,0.000,0.000,0.000,0.000,-0.006,0.003
92.01,0.105,0,0.621,0.641,1,0.000,0.000,0.000,0.000,0.000,0.000,-0.000,-0.002
92.21,0.105,0,0.621,0.641,1,0.000,0.000,0.000,0.000,0.000,0.000,-0.005,0.000
92.41,0.105,0,0.619,0.639,1,0.000,0.000,0.000,0.000,0.000,0.000,-0.005,0.000
92.61,0.106,0,0.619,0.639,1,0.000,0.000,0.000,0.000,0.000,0.000,0.001,-0.005
92.81,0.106,0,0.612,0.637,1,0.000,0.000,0.000,0.000,0.000,0.000,-0.003,0.003
93.01,0.105,0,0.612,0.637,1,0.000,0.000,0.000,0.000,0.000,0.000,-0.002,0.005
93.21,0.105,0,0.612,0.637,1,0.000,0.000,0.000,0.000,0.000,0.000,-0.002,0.005
93.41,0.105,0,0.618,0.636,1,0.000,0.000,0.000,0.000,0.000,0.000,0.001,-0.002
93.61,0.105,0,0.618,0.636,1,0.000,0.000,0.000,0.000,0.000,0.000,-0.002,0.001
93.81,0.105,0,0.613,0.637,1,0.000,0.000,0.000,0.000,0.000,0.000,0.001,0.002
94.01,0.105,0,0.613,0.637,1,0.000,0.000,0.000,0.000,0.000,0.000,0.001,0.002
94.21,0.105,0,0.613,0.637,1,0.000,0.000,0.000,0.000,0.000,0.000,0.005,0.001
94.41,0.105,0,0.609,0.635,1,0.000,0.000,0.000,0.000,0.000,0.000,0.005,-0.001
94.61,0.105,0,0.609,0.635,1,0.000,0.000,0.000,0.000,0.000,0.000,-0.001,0.002
94.81,0.105,0,0.597,0.627,1,0.000,0.000,0.000,0.000,0.000,0.000,-0.006,0.005
95.01,0.106,0,0.597,0.627,1,0.000,0.000,0.000,0.000,0.000,0.000,-0.006,0.005
95.21,0.105,0,0.597,0.627,1,0.000,0.000,0.000,0.000,0.000,0.000,0.005,-0.005
95.41,0.106,0,0.595,0.626,1,0.000,0.000,0.000,0.000,0.000,0.000,-0.000,0.002
95.61,0.106,0,0.595,0.626,1,0.000,0.000,0.000,0.000,0.000,0.000,-0.002,0.009
95.81,0.105,0,0.605,0.636,1,0.000,0.000,0.000,0.000,0.000,0.000,-0.002,0.009
96.01,0.105,0,0.605,0.636,1,0.000,0.000,0.000,0.000,0.000,0.000,0.002,0.001
96.21,0.105,0,0.605,0.636,1,0.000,0.000,0.000,0.000,0.000,0.000,0.005,0.001
96.41,0.105,0,0.607,0.643,1,0.000,0.000,0.000,0.000,0.000,0.000,0.003,0.003
96.61,0.105,0,0.607,0.643,1,0.000,0.000,0.000,0.000,0.000,0.000,0.003,0.003
96.81,0.105,0,0.623,0.656,1,0.000,0.000,0.000,0.000,0.000,0.000,0.000,0.005
97.01,0.105,0,0.623,0.656,1,0.000,0.000,0.000,0.000,0.000,0.000,0.000,0.000
97.21,0.105,0,0.623,0.656,1,0.000,0.000,0.000,0.000,0.000,0.000,-0.002,-0.000
97.41,0.106,0,0.621,0.649,1,0.000,0.000,0.000,0.000,0.000,0.000,-0.005,0.001
97.61,0.105,0,0.621,0.649,1,0.000,0.000,0.000,0.000,0.000,0.000,-0.005,0.001
97.81,0.105,0,0.618,0.650,1,0.000,0.000,0.000,0.000,0.000,0.000,0.001,0.002
98.01,0.105,0,0.618,0.650,1,0.000,0.000,0.000,0.000,0.000,0.000,-0.002,0.001
98.21,0.105,0,0.618,0.650,1,0.000,0.000,0.000,0.000,0.000,0.000,-0.004,0.001
98.41,0.105,0,0.616,0.649,1,0.000,0.000,0.000,0.000,0.000,0.000,-0.004,0.001
98.61,0.105,0,0.616,0.649,1,0.000,0.000,0.000,0.000,0.000,0.000,-0.001,-0.002
98.81,0.105,0,0.619,0.647,1,0.000,0.000,0.000,0.000,0.000,0.000,0.002,0.003
99.01,0.105,0,0.619,0.647,1,0.000,0.000,0.000,0.000,0.000,0.000,-0.000,-0.001
99.21,0.106,0,0.619,0.647,1,0.000,0.000,0.000,0.000,0.000,0.000,-0.003,0.001
99.41,0.105,0,0.617,0.647,1,0.000,0.000,0.000,0.000,0.000,0.000,-0.003,0.001
99.61,0.105,0,0.617,0.647,1,0.000,0.000,0.000,0.000,0.000,0.000,-0.010,0.000
99.81,0.105,0,0.617,0.647,1,0.000,0.000,0.000,0.000,0.000,0.000,-0.001,0.008
100.01,0.105,0,0.617,0.647,1,0.000,0.000,0.000,0.000,0.000,0.000,0.002,0.008
100.21,0.105,0,0.617,0.647,1,0.000,0.000,0.000,0.000,0.000,0.000,0.002,0.008
100.41,0.105,0,0.618,0.646,1,0.000,0.000,0.000,0.000,0.000,0.000,-0.007,0.008
100.61,0.104,0,0.618,0.646,1,0.000,0.000,0.000,0.000,0.000,0.000,0.000,0.001
100.81,0.104,0,0.619,0.647,1,0.000,0.000,0.000,0.000,0.000,0.000,-0.002,0.004
101.01,0.105,0,0.619,0.647,1,0.000,0.000,0.000,0.000,0.000,0.000,-0.002,0.004
101.21,0.105,0,0.619,0.647,1,0.000,0.000,0.000,0.000,0.000,0.000,-0.003,-0.003
101.41,0.105,0,0.619,0.646,1,0.000,0.000,0.000,0.000,0.000,0.000,-0.007,-0.004
101.61,0.105,0,0.619,0.646,1,0.000,0.000,0.000,0.000,0.000,0.000,-0.001,0.003
101.81,0.106,0,0.615,0.647,1,0.000,0.000,0.000,0.000,0.000,0.000,0.001,-0.005
102.01,0.105,0,0.615,0.647,1,0.000,0.000,0.000,0.000,0.000,0.000,0.001,-0.005
102.21,0.105,0,0.615,0.647,1,0.000,0.000,0.000,0.000,0.000,0.000,0.002,-0.002
102.41,0.105,0,0.618,0.646,1,0.000,0.000,0.000,0.000,0.000,0.000,-0.002,0.005
102.61,0.105,0,0.618,0.646,1,0.000,0.000,0.000,0.000,0.000,0.000,0.006,-0.003
102.81,0.105,0,0.618,0.647,1,0.000,0.000,0.000,0.000,0.000,0.000,0.006,-0.003
103.01,0.105,0,0.618,0.647,1,0.000,0.000,0.000,0.000,0.000,0.000,-0.001,-0.001
103.21,0.105,0,0.618,0.647,1,0.000,0.000,0.000,0.000,0.000,0.000,-0.004,-0.001
103.41,0.105,0,0.615,0.647,1,0.000,0.000,0.000,0.000,0.000,0.000,0.002,-0.001
103.61,0.106,0,0.615,0.647,1,0.000,0.000,0.000,0.000,0.000,0.000,0.002,-0.001
103.81,0.105,0,0.617,0.646,1,0.000,0.000,0.000,0.000,0.000,0.000,-0.002,-0.002
104.01,0.105,0,0.617,0.646,1,0.000,0.000,0.000,0.000,0.000,0.000,-0.006,-0.005
104.21,0.105,0,0.617,0.646,1,0.000,0.000,0.000,0.000,0.000,0.000,-0.002,0.001
104.41,0.105,0,0.615,0.647,1,0.000,0.000,0.000,0.000,0.000,0.000,0.004,0.005
104.61,0.105,0,0.615,0.647,1,0.000,0.000,0.000,0.000,0.000,0.000,0.004,0.005
104.81,0.105,0,0.616,0.647,1,0.000,0.000,0.000,0.000,0.000,0.000,0.001,-0.005
105.01,0.105,0,0.616,0.647,1,0.000,0.000,0.000,0.000,0.000,0.000,0.001,-0.000
105.21,0.105,0,0.616,0.647,1,0.000,0.000,0.000,0.000,0.000,0.000,0.003,0.002
105.41,0.106,0,0.615,0.650,1,0.000,0.000,0.000,0.000,0.000,0.000,0.003,0.002
105.61,0.105,0,0.615,0.650,1,0.000,0.000,0.000,0.000,0.000,0.000,-0.002,-0.001
105.81,0.105,0,0.621,0.650,1,0.000,0.000,0.000,0.000,0.000,0.000,-0.005,-0.000
106.01,0.105,0,0.621,0.650,1,0.000,0.000,0.000,0.000,0.000,0.000,-0.008,0.003
106.21,0.105,0,0.621,0.650,1,0.000,0.000,0.000,0.000,0.000,0.000,-0.008,0.003
106.41,0.106,0,0.623,0.651,1,0.000,0.000,0.000,0.000,0.000,0.000,-0.001,0.002
106.61,0.105,0,0.623,0.651,1,0.000,0.000,0.000,0.000,0.000,0.000,-0.001,0.003
106.81,0.105,0,0.621,0.651,1,0.000,0.000,0.000,0.000,0.000,0.000,0.002,-0.003
107.01,0.105,0,0.621,0.651,1,0.000,0.000,0.000,0.000,0.000,0.000,-0.011,0.004
107.21,0.105,0,0.621,0.651,1,0.000,0.000,0.000,0.000,0.000,0.000,-0.011,0.004
107.41,0.105,0,0.625,0.650,1,0.000,0.000,0.000,0.000,0.000,0.000,-0.008,-0.002
107.61,0.105,0,0.625,0.650,1,0.000,0.000,0.000,0.000,0.000,0.000,-0.001,-0.004
107.81,0.105,0,0.621,0.650,1,0.000,0.000,0.000,0.000,0.000,0.000,-0.001,-0.001
108.01,0.105,0,0.621,0.650,1,0.000,0.000,0.000,0.000,0.000,0.000,-0.001,-0.001
108.21,0.106,0,0.621,0.650,1,0.000,0.000,0.000,0.000,0.000,0.000,-0.006,-0.002
108.41,0.105,0,0.617,0.650,1,0.000,0.000,0.000,0.000,0.000,0.000,-0.001,-0.001
108.61,0.105,0,0.617,0.650,1,0.000,0.000,0.000,0.000,0.000,0.000,-0.002,-0.004
108.81,0.105,0,0.621,0.650,1,0.000,0.000,0.000,0.000,0.000,0.000,-0.002,-0.004
109.01,0.105,0,0.621,0.650,1,0.000,0.000,0.000,0.000,0.000,0.000,-0.000,0.006
109.21,0.105,0,0.621,0.650,1,0.000,0.000,0.000,0.000,0.000,0.000,0.003,-0.000
109.41,0.105,0,0.618,0.651,1,0.000,0.000,0.000,0.000,0.000,0.000,-0.003,0.001
109.61,0.105,0,0.618,0.651,1,0.000,0.000,0.000,0.000,0.000,0.000,-0.001,-0.002
109.81,0.105,0,0.622,0.653,1,0.000,0.000,0.000,0.000,0.000,0.000,-0.001,-0.002
110.01,0.105,0,0.622,0.653,1,0.000,0.000,0.000,0.000,0.000,0.000,0.001,0.004
110.21,0.105,0,0.622,0.653,1,0.000,0.000,0.000,0.000,0.000,0.000,-0.004,0.003
110.41,0.105,0,0.620,0.653,1,0.000,0.000,0.000,0.000,0.000,0.000,0.003,0.003
110.61,0.105,0,0.620,0.653,1,0.000,0.000,0.000,0.000,0.000,0.000,0.003,0.003
110.81,0.105,0,0.626,0.653,1,0.000,0.000,0.000,0.000,0.000,0.000,-0.004,0.002
111.01,0.106,0,0.626,0.653,1,0.000,0.000,0.000,0.000,0.000,0.000,-0.005,0.004
111.21,0.106,0,0.626,0.653,1,0.000,0.000,0.000,0.000,0.000,0.000,-0.001,-0.003
111.41,0.106,0,0.626,0.652,1,0.000,0.000,0.000,0.000,0.000,0.000,-0.001,-0.003
111.61,0.105,0,0.626,0.652,1,0.000,0.000,0.000,0.000,0.000,0.000,-0.003,-0.003
111.81,0.105,0,0.626,0.653,1,0.000,0.000,0.000,0.000,0.000,0.000,0.005,-0.000
112.01,0.105,0,0.626,0.653,1,0.000,0.000,0.000,0.000,0.000,0.000,0.003,-0.005
112.21,0.106,0,0.626,0.653,1,0.000,0.000,0.000,0.000,0.000,0.000,-0.005,-0.002
112.41,0.105,0,0.626,0.653,1,0.000,0.000,0.000,0.000,0.000,0.000,-0.005,-0.002
112.61,0.106,0,0.626,0.653,1,0.000,0.000,0.000,0.000,0.000,0.000,-0.000,0.001
112.81,0.105,0,0.628,0.654,1,0.000,0.000,0.000,0.000,0.000,0.000,-0.003,-0.007
113.01,0.105,0,0.628,0.654,1,0.000,0.000,0.000,0.000,0.000,0.000,-0.009,-0.007
113.21,0.105,0,0.628,0.654,1,0.000,0.000,0.000,0.000,0.000,0.000,-0.009,-0.007
113.41,0.105,0,0.626,0.654,1,0.000,0.000,0.000,0.000,0.000,0.000,-0.002,-0.004
113.61,0.105,0,0.626,0.654,1,0.000,0.000,0.000,0.000,0.000,0.000,-0.006,-0.001
113.81,0.105,0,0.626,0.654,1,0.000,0.000,0.000,0.000,0.000,0.000,-0.003,-0.000
114.01,0.105,0,0.626,0.654,1,0.000,0.000,0.000,0.000,0.000,0.000,-0.005,-0.002
114.21,0.106,0,0.626,0.654,1,0.000,0.000,0.000,0.000,0.000,0.000,-0.005,-0.002
114.41,0.105,0,0.627,0.654,1,0.000,0.000,0.000,0.000,0.000,0.000,-0.012,-0.008
114.61,0.105,0,0.627,0.654,1,0.000,0.000,0.000,0.000,0.000,0.000,-0.006,0.000
114.81,0.105,0,0.625,0.654,1,0.000,0.000,0.000,0.000,0.000,0.000,-0.006,-0.006
115.01,0.105,0,0.625,0.654,1,0.000,0.000,0.000,0.000,0.000,0.000,-0.006,-0.006
115.21,0.105,0,0.625,0.654,1,0.000,0.000,0.000,0.000,0.000,0.000,-0.001,0.002
115.41,0.106,0,0.626,0.654,1,0.000,0.000,0.000,0.000,0.000,0.000,-0.001,0.001
115.61,0.106,0,0.626,0.654,1,0.000,0.000,0.000,0.000,0.000,0.000,-0.002,0.003
115.81,0.105,0,0.626,0.654,1,0.000,0.000,0.000,0.000,0.000,0.000,-0.002,0.003
116.01,0.105,0,0.626,0.654,1,0.000,0.000,0.000,0.000,0.000,0.000,0.000,0.001
116.21,0.105,0,0.626,0.654,1,0.000,0.000,0.000,0.000,0.000,0.000,0.000,0.002
116.41,0.105,0,0.626,0.651,1,0.000,0.000,0.000,0.000,0.000,0.000,-0.002,-0.000
116.61,0.105,0,0.626,0.651,1,0.000,0.000,0.000,0.000,0.000,0.000,0.005,0.009
116.81,0.105,0,0.625,0.650,1,0.000,0.000,0.000,0.000,0.000,0.000,0.005,0.009
117.01,0.105,0,0.625,0.650,1,0.000,0.000,0.000,0.000,0.000,0.000,0.003,0.005
117.21,0.106,0,0.625,0.650,1,0.000,0.000,0.000,0.000,0.000,0.000,0.002,0.001
117.41,0.106,0,0.619,0.649,1,0.000,0.000,0.000,0.000,0.000,0.000,0.006,0.004
117.61,0.106,0,0.619,0.649,1,0.000,0.000,0.000,0.000,0.000,0.000,0.006,0.004
117.81,0.105,0,0.602,0.634,1,0.000,0.000,0.000,0.000,0.000,0.000,0.001,0.001
118.01,0.105,0,0.602,0.634,1,0.000,0.000,0.000,0.000,0.000,0.000,0.004,0.001
118.21,0.105,0,0.602,0.634,1,0.000,0.000,0.000,0.000,0.000,0.000,-0.002,-0.004
118.41,0.105,0,0.607,0.651,1,0.000,0.000,0.000,0.000,0.000,0.000,-0.002,-0.004
118.61,0.105,0,0.607,0.651,1,0.000,0.000,0.000,0.000,0.000,0.000,0.001,-0.001
118.81,0.105,0,0.622,0.654,1,0.000,0.000,0.000,0.000,0.000,0.000,-0.000,0.004
119.01,0.105,0,0.622,0.654,1,0.000,0.000,0.000,0.000,0.000,0.000,0.000,0.002
119.21,0.105,0,0.622,0.654,1,0.000,0.000,0.000,0.000,0.000,0.000,-0.006,0.003
119.41,0.105,0,0.622,0.655,1,0.000,0.000,0.000,0.000,0.000,0.000,-0.006,0.003
119.61,0.105,0,0.622,0.655,1,0.000,0.000,0.000,0.000,0.000,0.000,-0.005,0.002
119.81,0.105,0,0.616,0.654,1,0.000,0.000,0.000,0.000,0.000,0.000,-0.005,0.004
120.01,0.105,0,0.616,0.654,1,0.000,0.000,0.000,0.000,0.000,0.000,0.002,-0.001
120.21,0.105,0,0.616,0.654,1,0.000,0.000,0.000,0.000,0.000,0.000,0.002,-0.001
120.41,0.105,0,0.621,0.656,1,0.000,0.000,0.000,0.000,0.000,0.000,0.002,-0.006
120.61,0.106,0,0.621,0.656,1,0.000,0.000,0.000,0.000,0.000,0.000,-0.006,-0.004
120.81,0.106,0,0.623,0.656,1,0.000,0.000,0.000,0.000,0.000,0.000,-0.000,0.002
121.01,0.105,0,0.623,0.656,1,0.000,0.000,0.000,0.000,0.000,0.000,-0.000,0.002
121.21,0.105,0,0.623,0.656,1,0.000,0.000,0.000,0.000,0.000,0.000,-0.003,-0.008
121.41,0.105,0,0.620,0.654,1,0.000,0.000,0.000,0.000,0.000,0.000,-0.012,0.001
121.61,0.105,0,0.620,0.654,1,0.000,0.000,0.000,0.000,0.000,0.000,-0.003,-0.002
121.81,0.105,0,0.622,0.649,1,0.000,0.000,0.000,0.000,0.000,0.000,-0.000,-0.002
122.01,0.106,0,0.622,0.649,1,0.000,0.000,0.000,0.000,0.000,0.000,-0.000,-0.002
122.21,0.105,0,0.622,0.649,1,0.000,0.000,0.000,0.000,0.000,0.000,-0.009,0.005
122.41,0.105,0,0.616,0.653,1,0.000,0.000,0.000,0.000,0.000,0.000,-0.010,-0.008
122.61,0.105,0,0.616,0.653,1,0.000,0.000,0.000,0.000,0.000,0.000,-0.007,0.001
122.81,0.105,0,0.620,0.655,1,0.000,0.000,0.000,0.000,0.000,0.000,-0.007,0.001
123.01,0.105,0,0.620,0.655,1,0.000,0.000,0.000,0.000,0.000,0.000,-0.006,-0.000
123.21,0.105,0,0.620,0.655,1,0.000,0.000,0.000,0.000,0.000,0.000,-0.017,-0.001
123.41,0.105,0,0.621,0.656,1,0.000,0.000,0.000,0.000,0.000,0.000,-0.011,-0.010
123.61,0.105,0,0.621,0.656,1,0.000,0.000,0.000,0.000,0.000,0.000,-0.011,-0.010
123.81,0.105,0,0.625,0.658,1,0.000,0.000,0.000,0.000,0.000,0.000,0.002,0.001
124.01,0.106,0,0.625,0.658,1,0.000,0.000,0.000,0.000,0.000,0.000,-0.001,-0.006
124.21,0.106,0,0.625,0.658,1,0.000,0.000,0.000,0.000,0.000,0.000,-0.014,-0.003
124.41,0.105,0,0.625,0.659,1,0.000,0.000,0.000,0.000,0.000,0.000,0.001,-0.001
124.61,0.105,0,0.625,0.659,1,0.000,0.000,0.000,0.000,0.000,0.000,0.001,-0.001
124.81,0.105,0,0.623,0.658,1,0.000,0.000,0.000,0.000,0.000,0.000,0.003,-0.006
125.01,0.106,0,0.623,0.658,1,0.000,0.000,0.000,0.000,0.000,0.000,0.000,0.003
125.21,0.106,0,0.623,0.658,1,0.000,0.000,0.000,0.000,0.000,0.000,0.006,-0.002
125.41,0.105,0,0.622,0.656,1,0.000,0.000,0.000,0.000,0.000,0.000,0.006,-0.002
125.61,0.105,0,0.622,0.656,1,0.000,0.000,0.000,0.000,0.000,0.000,-0.003,-0.001
125.81,0.105,0,0.623,0.656,1,0.000,0.000,0.000,0.000,0.000,0.000,0.005,0.004
126.01,0.105,0,0.623,0.656,1,0.000,0.000,0.000,0.000,0.000,0.000,-0.007,0.004
126.21,0.105,0,0.623,0.656,1,0.000,0.000,0.000,0.000,0.000,0.000,-0.003,-0.000
126.41,0.106,0,0.630,0.664,1,0.000,0.000,0.000,0.000,0.000,0.000,-0.003,-0.000
126.61,0.105,0,0.630,0.664,1,0.000,0.000,0.000,0.000,0.000,0.000,0.001,0.001
126.81,0.106,0,0.636,0.665,1,0.000,0.000,0.000,0.000,0.000,0.000,-0.006,0.002
127.01,0.106,0,0.636,0.665,1,0.000,0.000,0.000,0.000,0.000,0.000,-0.004,-0.002
127.21,0.105,0,0.636,0.665,1,0.000,0.000,0.000,0.000,0.000,0.000,-0.004,-0.002
127.41,0.105,0,0.634,0.664,1,0.000,0.000,0.000,0.000,0.000,0.000,0.001,0.000
127.61,0.105,0,0.634,0.664,1,0.000,0.000,0.000,0.000,0.000,0.000,-0.008,-0.001
127.81,0.105,0,0.629,0.662,1,0.000,0.000,0.000,0.000,0.000,0.000,-0.004,0.001
128.01,0.105,0,0.629,0.662,1,0.000,0.000,0.000,0.000,0.000,0.000,-0.004,0.001
128.21,0.105,0,0.629,0.662,1,0.000,0.000,0.000,0.000,0.000,0.000,0.001,0.002
128.41,0.106,0,0.628,0.659,1,0.000,0.000,0.000,0.000,0.000,0.000,-0.001,0.005
128.61,0.106,0,0.628,0.659,1,0.000,0.000,0.000,0.000,0.000,0.000,0.002,-0.004
128.81,0.105,0,0.626,0.659,1,0.000,0.000,0.000,0.000,0.000,0.000,-0.002,-0.002
129.01,0.105,0,0.626,0.659,1,0.000,0.000,0.000,0.000,0.000,0.000,-0.002,-0.002
129.21,0.105,0,0.626,0.659,1,0.000,0.000,0.000,0.000,0.000,0.000,-0.001,-0.005
129.41,0.105,0,0.622,0.656,1,0.000,0.000,0.000,0.000,0.000,0.000,-0.000,0.004
129.61,0.105,0,0.622,0.656,1,0.000,0.000,0.000,0.000,0.000,0.000,-0.002,-0.001
129.81,0.105,0,0.625,0.657,1,0.000,0.000,0.000,0.000,0.000,0.000,-0.002,-0.001
130.01,0.105,0,0.625,0.657,1,0.000,0.000,0.000,0.000,0.000,0.000,-0.009,0.005
130.21,0.105,0,0.625,0.657,1,0.000,0.000,0.000,0.000,0.000,0.000,-0.001,0.005
130.41,0.105,0,0.622,0.653,1,0.000,0.000,0.000,0.000,0.000,0.000,0.002,0.005
130.61,0.105,0,0.622,0.653,1,0.000,0.000,0.000,0.000,0.000,0.000,0.002,0.005
130.81,0.105,0,0.616,0.655,1,0.000,0.000,0.000,0.000,0.000,0.000,-0.001,0.002
131.01,0.106,0,0.616,0.655,1,0.000,0.000,0.000,0.000,0.000,0.000,0.004,0.007
131.21,0.106,0,0.616,0.655,1,0.000,0.000,0.000,0.000,0.000,0.000,-0.003,0.004
131.41,0.105,0,0.618,0.657,1,0.000,0.000,0.000,0.000,0.000,0.000,-0.004,-0.005
131.61,0.105,0,0.618,0.657,1,0.000,0.000,0.000,0.000,0.000,0.000,-0.004,-0.005
131.81,0.105,0,0.630,0.662,1,0.000,0.000,0.000,0.000,0.000,0.000,-0.002,0.005
132.01,0.105,0,0.630,0.662,1,0.000,0.000,0.000,0.000,0.000,0.000,-0.004,0.001
132.21,0.105,0,0.630,0.662,1,0.000,0.000,0.000,0.000,0.000,0.000,0.002,-0.001
132.41,0.105,0,0.627,0.660,1,0.000,0.000,0.000,0.000,0.000,0.000,0.002,-0.001
132.61,0.105,0,0.627,0.660,1,0.000,0.000,0.000,0.000,0.000,0.000,-0.004,0.001
132.81,0.105,0,0.622,0.655,1,0.000,0.000,0.000,0.000,0.000,0.000,-0.002,0.006
133.01,0.105,0,0.622,0.655,1,0.000,0.000,0.000,0.000,0.000,0.000,-0.005,0.002
133.21,0.106,0,0.622,0.655,1,0.000,0.000,0.000,0.000,0.000,0.000,-0.005,0.002
133.41,0.105,0,0.618,0.653,1,0.000,0.000,0.000,0.000,0.000,0.000,0.004,-0.001
133.61,0.105,0,0.618,0.653,1,0.000,0.000,0.000,0.000,0.000,0.000,-0.003,-0.001
133.81,0.105,0,0.622,0.655,1,0.000,0.000,0.000,0.000,0.000,0.000,0.002,0.005
134.01,0.106,0,0.622,0.655,1,0.000,0.000,0.000,0.000,0.000,0.000,-0.013,0.006
134.21,0.106,0,0.622,0.655,1,0.000,0.000,0.000,0.000,0.000,0.000,-0.013,0.006
134.41,0.106,0,0.618,0.656,1,0.000,0.000,0.000,0.000,0.000,0.000,-0.002,0.000
134.61,0.105,0,0.618,0.656,1,0.000,0.000,0.000,0.000,0.000,0.000,-0.004,0.006
134.81,0.105,0,0.624,0.661,1,0.000,0.000,0.000,0.000,0.000,0.000,-0.005,0.000
135.01,0.105,0,0.624,0.661,1,0.000,0.000,0.000,0.000,0.000,0.000,-0.005,0.000
135.21,0.105,0,0.624,0.661,1,0.000,0.000,0.000,0.000,0.000,0.000,-0.009,0.000
135.41,0.105,0,0.628,0.662,1,0.000,0.000,0.000,0.000,0.000,0.000,-0.006,-0.002
135.61,0.105,0,0.628,0.662,1,0.000,0.000,0.000,0.000,0.000,0.000,-0.004,-0.002
135.81,0.106,0,0.624,0.659,1,0.000,0.000,0.000,0.000,0.000,0.000,-0.003,0.002
136.01,0.105,0,0.624,0.659,1,0.000,0.000,0.000,0.000,0.000,0.000,-0.003,0.002
136.21,0.105,0,0.624,0.659,1,0.000,0.000,0.000,0.000,0.000,0.000,-0.003,-0.002
136.41,0.105,0,0.625,0.658,1,0.000,0.000,0.000,0.000,0.000,0.000,-0.000,-0.005
136.61,0.105,0,0.625,0.658,1,0.000,0.000,0.000,0.000,0.000,0.000,-0.003,-0.004
136.81,0.105,0,0.625,0.658,1,0.000,0.000,0.000,0.000,0.000,0.000,-0.003,-0.004
137.01,0.105,0,0.625,0.658,1,0.000,0.000,0.000,0.000,0.000,0.000,-0.008,-0.000
137.21,0.105,0,0.625,0.658,1,0.000,0.000,0.000,0.000,0.000,0.000,-0.023,-0.009
137.41,0.105,0,0.622,0.659,1,0.000,0.000,0.000,0.000,0.000,0.000,-0.002,0.006
137.61,0.105,0,0.622,0.659,1,0.000,0.000,0.000,0.000,0.000,0.000,-0.002,0.006
137.81,0.105,0,0.626,0.661,1,0.000,0.000,0.000,0.000,0.000,0.000,-0.001,0.003
138.01,0.106,0,0.626,0.661,1,0.000,0.000,0.000,0.000,0.000,0.000,0.006,0.003
138.21,0.106,0,0.626,0.661,1,0.000,0.000,0.000,0.000,0.000,0.000,0.000,-0.004
138.41,0.105,0,0.623,0.661,1,0.000,0.000,0.000,0.000,0.000,0.000,-0.000,-0.006
138.61,0.105,0,0.623,0.661,1,0.000,0.000,0.000,0.000,0.000,0.000,-0.000,-0.006
138.81,0.105,0,0.627,0.660,1,0.000,0.000,0.000,0.000,0.000,0.000,0.002,0.002
139.01,0.105,0,0.627,0.660,1,0.000,0.000,0.000,0.000,0.000,0.000,-0.001,0.000
139.21,0.105,0,0.627,0.660,1,0.000,0.000,0.000,0.000,0.000,0.000,-0.003,-0.001
139.41,0.105,0,0.626,0.658,1,0.000,0.000,0.000,0.000,0.000,0.000,-0.003,-0.001
139.61,0.105,0,0.626,0.658,1,0.000,0.000,0.000,0.000,0.000,0.000,-0.002,-0.004
139.81,0.106,0,0.621,0.653,1,0.000,0.000,0.000,0.000,0.000,0.000,-0.029,-0.015
140.01,0.106,0,0.621,0.653,1,0.000,0.000,0.000,0.000,0.000,0.000,0.002,-0.001
140.21,0.105,0,0.621,0.653,1,0.000,0.000,0.000,0.000,0.000,0.000,0.002,-0.001
140.41,0.105,0,0.618,0.655,1,0.000,0.000,0.000,0.000,0.000,0.000,-0.015,-0.003
140.61,0.105,0,0.618,0.655,1,0.000,0.000,0.000,0.000,0.000,0.000,-0.001,0.005
140.81,0.105,0,0.618,0.656,1,0.000,0.000,0.000,0.000,0.000,0.000,-0.008,-0.001
141.01,0.105,0,0.618,0.656,1,0.000,0.000,0.000,0.000,0.000,0.000,-0.007,-0.003
141.21,0.105,0,0.618,0.656,1,0.000,0.000,0.000,0.000,0.000,0.000,-0.007,-0.003
141.41,0.106,0,0.622,0.653,1,0.000,0.000,0.000,0.000,0.000,0.000,-0.013,-0.004
141.61,0.105,0,0.622,0.653,1,0.000,0.000,0.000,0.000,0.000,0.000,-0.006,-0.001
141.81,0.105,0,0.616,0.660,1,0.000,0.000,0.000,0.000,0.000,0.000,-0.007,-0.005
142.01,0.105,0,0.616,0.660,1,0.000,0.000,0.000,0.000,0.000,0.000,-0.007,-0.005
142.21,0.105,0,0.616,0.660,1,0.000,0.000,0.000,0.000,0.000,0.000,-0.008,-0.002
142.41,0.106,0,0.623,0.660,1,0.000,0.000,0.000,0.000,0.000,0.000,-0.015,-0.006
142.61,0.106,0,0.623,0.660,1,0.000,0.000,0.000,0.000,0.000,0.000,-0.005,-0.010
142.81,0.105,0,0.637,0.668,1,0.000,0.000,0.000,0.000,0.000,0.000,-0.005,-0.010
143.01,0.105,0,0.637,0.668,1,0.000,0.000,0.000,0.000,0.000,0.000,-0.009,-0.004
143.21,0.105,0,0.637,0.668,1,0.000,0.000,0.000,0.000,0.000,0.000,-0.008,-0.005
143.41,0.105,0,0.625,0.655,1,0.000,0.000,0.000,0.000,0.000,0.000,-0.008,-0.004
143.61,0.105,0,0.625,0.655,1,0.000,0.000,0.000,0.000,0.000,0.000,-0.009,-0.007
143.81,0.105,0,0.616,0.652,1,0.000,0.000,0.000,0.000,0.000,0.000,-0.009,-0.007
144.01,0.106,0,0.616,0.652,1,0.000,0.000,0.000,0.000,0.000,0.000,-0.002,-0.006
144.21,0.105,0,0.616,0.652,1,0.000,0.000,0.000,0.000,0.000,0.000,-0.008,-0.004
144.41,0.105,0,0.616,0.655,1,0.000,0.000,0.000,0.000,0.000,0.000,-0.007,-0.003
144.61,0.105,0,0.616,0.655,1,0.000,0.000,0.000,0.000,0.000,0.000,-0.007,-0.003
144.81,0.105,0,0.624,0.662,1,0.000,0.000,0.000,0.000,0.000,0.000,-0.002,0.001
145.01,0.105,0,0.624,0.662,1,0.000,0.000,0.000,0.000,0.000,0.000,0.001,-0.005
145.21,0.105,0,0.624,0.662,1,0.000,0.000,0.000,0.000,0.000,0.000,-0.005,0.000
145.41,0.106,0,0.626,0.659,1,0.000,0.000,0.000,0.000,0.000,0.000,0.001,0.001
145.61,0.105,0,0.626,0.659,1,0.000,0.000,0.000,0.000,0.000,0.000,0.001,0.001
145.81,0.106,0,0.623,0.657,1,0.000,0.000,0.000,0.000,0.000,0.000,0.001,-0.003
146.01,0.106,0,0.623,0.657,1,0.000,0.000,0.000,0.000,0.000,0.000,-0.003,-0.003
146.21,0.105,0,0.623,0.657,1,0.000,0.000,0.000,0.000,0.000,0.000,0.003,-0.004
146.41,0.105,0,0.619,0.657,1,0.000,0.000,0.000,0.000,0.000,0.000,0.003,-0.004
146.61,0.106,0,0.619,0.657,1,0.000,0.000,0.000,0.000,0.000,0.000,0.000,-0.004
146.81,0.105,0,0.621,0.656,1,0.000,0.000,0.000,0.000,0.000,0.000,0.002,-0.002
147.01,0.105,0,0.621,0.656,1,0.000,0.000,0.000,0.000,0.000,0.000,0.006,-0.004
147.21,0.105,0,0.621,0.656,1,0.000,0.000,0.000,0.000,0.000,0.000,0.006,-0.004
147.41,0.106,0,0.625,0.658,1,0.000,0.000,0.000,0.000,0.000,0.000,-0.004,-0.013
147.61,0.105,0,0.625,0.658,1,0.000,0.000,0.000,0.000,0.000,0.000,0.005,-0.005
147.81,0.105,0,0.623,0.660,1,0.000,0.000,0.000,0.000,0.000,0.000,0.004,-0.009
148.01,0.105,0,0.623,0.660,1,0.000,0.000,0.000,0.000,0.000,0.000,0.018,0.002
148.21,0.105,0,0.623,0.660,1,0.000,0.000,0.000,0.000,0.000,0.000,0.018,0.002
148.41,0.105,0,0.626,0.659,1,0.000,0.000,0.000,0.000,0.000,0.000,0.018,0.006
148.61,0.105,0,0.626,0.659,1,0.000,0.000,0.000,0.000,0.000,0.000,-0.000,-0.003
148.81,0.105,0,0.626,0.660,1,0.000,0.000,0.000,0.000,0.000,0.000,0.007,-0.002
149.01,0.105,0,0.626,0.660,1,0.000,0.000,0.000,0.000,0.000,0.000,0.007,-0.002
149.21,0.105,0,0.626,0.660,1,0.000,0.000,0.000,0.000,0.000,0.000,0.010,-0.007
149.41,0.105,0,0.625,0.661,1,0.000,0.000,0.000,0.000,0.000,0.000,-0.004,-0.011
149.61,0.105,0,0.625,0.661,1,0.000,0.000,0.000,0.000,0.000,0.000,0.007,-0.012
149.81,0.105,0,0.626,0.661,1,0.000,0.000,0.000,0.000,0.000,0.000,0.007,-0.012
150.01,0.105,0,0.626,0.661,1,0.000,0.000,0.000,0.000,0.000,0.000,0.001,-0.007
150.21,0.105,0,0.626,0.661,1,0.000,0.000,0.000,0.000,0.000,0.000,0.004,-0.004
150.41,0.105,0,0.623,0.658,1,0.000,0.000,0.000,0.000,0.000,0.000,0.004,-0.001
150.61,0.105,0,0.623,0.658,1,0.000,0.000,0.000,0.000,0.000,0.000,0.004,-0.009
150.81,0.105,0,0.621,0.653,1,0.000,0.000,0.000,0.000,0.000,0.000,0.004,-0.009
151.01,0.105,0,0.621,0.653,1,0.000,0.000,0.000,0.000,0.000,0.000,-0.000,-0.009
151.21,0.105,0,0.621,0.653,1,0.000,0.000,0.000,0.000,0.000,0.000,0.005,-0.006
151.41,0.105,0,0.616,0.656,1,0.000,0.000,0.000,0.000,0.000,0.000,0.009,-0.006
151.61,0.105,0,0.616,0.656,1,0.000,0.000,0.000,0.000,0.000,0.000,0.009,-0.006
151.81,0.105,0,0.609,0.654,1,0.000,0.000,0.000,0.000,0.000,0.000,0.000,-0.001
152.01,0.105,0,0.609,0.654,1,0.000,0.000,0.000,0.000,0.000,0.000,-0.002,0.002
152.21,0.105,0,0.609,0.654,1,0.000,0.000,0.000,0.000,0.000,0.000,-0.004,0.008
152.41,0.105,0,0.621,0.656,1,0.000,0.000,0.000,0.000,0.000,0.000,-0.004,0.008
152.61,0.105,0,0.621,0.656,1,0.000,0.000,0.000,0.000,0.000,0.000,-0.008,-0.001
152.81,0.105,0,0.615,0.651,1,0.000,0.000,0.000,0.000,0.000,0.000,-0.007,0.003
153.01,0.105,0,0.615,0.651,1,0.000,0.000,0.000,0.000,0.000,0.000,0.000,0.006
153.21,0.105,0,0.615,0.651,1,0.000,0.000,0.000,0.000,0.000,0.000,-0.000,0.001
153.41,0.105,0,0.610,0.649,1,0.000,0.000,0.000,0.000,0.000,0.000,-0.000,0.001
153.61,0.105,0,0.610,0.649,1,0.000,0.000,0.000,0.000,0.000,0.000,-0.005,0.003
153.81,0.105,0,0.614,0.653,1,0.000,0.000,0.000,0.000,0.000,0.000,-0.006,0.002
154.01,0.105,0,0.614,0.653,1,0.000,0.000,0.000,0.000,0.000,0.000,0.003,0.002
154.21,0.105,0,0.614,0.653,1,0.000,0.000,0.000,0.000,0.000,0.000,0.003,0.002
154.41,0.105,0,0.615,0.656,1,0.000,0.000,0.000,0.000,0.000,0.000,-0.002,0.002
154.61,0.105,0,0.615,0.656,1,0.000,0.000,0.000,0.000,0.000,0.000,-0.005,0.004
154.81,0.105,0,0.625,0.661,1,0.000,0.000,0.000,0.000,0.000,0.000,-0.001,-0.005
155.01,0.105,0,0.625,0.661,1,0.000,0.000,0.000,0.000,0.000,0.000,-0.001,-0.005
155.21,0.105,0,0.625,0.661,1,0.000,0.000,0.000,0.000,0.000,0.000,0.003,-0.000
155.41,0.105,0,0.626,0.663,1,0.000,0.000,0.000,0.000,0.000,0.000,-0.007,-0.002
155.61,0.105,0,0.626,0.663,1,0.000,0.000,0.000,0.000,0.000,0.000,-0.009,0.004
155.81,0.105,0,0.627,0.660,1,0.000,0.000,0.000,0.000,0.000,0.000,0.003,0.003
156.01,0.105,0,0.627,0.660,1,0.000,0.000,0.000,0.000,0.000,0.000,0.003,0.003
156.21,0.105,0,0.627,0.660,1,0.000,0.000,0.000,0.000,0.000,0.000,0.005,0.002
156.41,0.105,0,0.620,0.662,1,0.000,0.000,0.000,0.000,0.000,0.000,0.001,0.002
156.61,0.105,0,0.620,0.662,1,0.000,0.000,0.000,0.000,0.000,0.000,0.002,0.001
156.81,0.105,0,0.629,0.662,1,0.000,0.000,0.000,0.000,0.000,0.000,0.002,0.001
157.01,0.105,0,0.629,0.662,1,0.000,0.000,0.000,0.000,0.000,0.000,0.002,-0.001
157.21,0.106,0,0.629,0.662,1,0.000,0.000,0.000,0.000,0.000,0.000,-0.004,-0.000
157.41,0.106,0,0.634,0.663,1,0.000,0.000,0.000,0.000,0.000,0.000,-0.004,-0.002
157.61,0.105,0,0.634,0.663,1,0.000,0.000,0.000,0.000,0.000,0.000,-0.002,0.006
157.81,0.105,0,0.626,0.664,1,0.000,0.000,0.000,0.000,0.000,0.000,-0.002,0.006
158.01,0.105,0,0.626,0.664,1,0.000,0.000,0.000,0.000,0.000,0.000,-0.003,0.001
158.21,0.105,0,0.626,0.664,1,0.000,0.000,0.000,0.000,0.000,0.000,-0.005,0.002
158.41,0.105,0,0.621,0.660,1,0.000,0.000,0.000,0.000,0.000,0.000,-0.014,-0.007
158.61,0.105,0,0.621,0.660,1,0.000,0.000,0.000,0.000,0.000,0.000,-0.014,-0.007
158.81,0.105,0,0.628,0.664,1,0.000,0.000,0.000,0.000,0.000,0.000,-0.006,-0.002
159.01,0.105,0,0.628,0.664,1,0.000,0.000,0.000,0.000,0.000,0.000,-0.005,-0.001
159.21,0.105,0,0.628,0.664,1,0.000,0.000,0.000,0.000,0.000,0.000,-0.006,-0.006
159.41,0.105,0,0.632,0.670,1,0.000,0.000,0.000,0.000,0.000,0.000,-0.006,-0.006
159.61,0.106,0,0.632,0.670,1,0.000,0.000,0.000,0.000,0.000,0.000,-0.037,-0.003
159.81,0.106,0,0.636,0.671,1,0.000,0.000,0.000,0.000,0.000,0.000,-0.006,-0.000
160.01,0.106,0,0.636,0.671,1,0.000,0.000,0.000,0.000,0.000,0.000,-0.009,0.001
160.21,0.105,0,0.636,0.671,1,0.000,0.000,0.000,0.000,0.000,0.000,-0.020,-0.007
160.41,0.105,0,0.630,0.666,1,0.000,0.000,0.000,0.000,0.000,0.000,-0.020,-0.007
160.61,0.105,0,0.630,0.666,1,0.000,0.000,0.000,0.000,0.000,0.000,-0.008,-0.005
160.81,0.105,0,0.622,0.612,1,0.000,0.000,0.000,0.000,0.000,0.000,0.000,-0.001
161.01,0.105,0,0.622,0.612,1,0.000,0.000,0.000,0.000,0.000,0.000,-0.013,-0.003
161.21,0.105,0,0.622,0.612,1,0.000,0.000,0.000,0.000,0.000,0.000,-0.013,-0.003
161.41,0.105,0,0.604,0.610,1,0.000,0.000,0.000,0.000,0.000,0.000,-0.009,0.007
161.61,0.105,0,0.604,0.610,1,0.000,0.000,0.000,0.000,0.000,0.000,-0.004,-0.000
161.81,0.105,0,0.619,0.640,1,0.000,0.000,0.000,0.000,0.000,0.000,-0.000,-0.000
162.01,0.105,0,0.619,0.640,1,0.000,0.000,0.000,0.000,0.000,0.000,-0.000,-0.000
162.21,0.105,0,0.619,0.640,1,0.000,0.000,0.000,0.000,0.000,0.000,-0.008,-0.004
162.41,0.105,0,0.614,0.631,1,0.000,0.000,0.000,0.000,0.000,0.000,-0.015,-0.010
162.61,0.105,0,0.614,0.631,1,0.000,0.000,0.000,0.000,0.000,0.000,-0.007,-0.005
162.81,0.105,0,0.605,0.646,1,0.000,0.000,0.000,0.000,0.000,0.000,-0.007,-0.010
163.01,0.105,0,0.605,0.646,1,0.000,0.000,0.000,0.000,0.000,0.000,-0.007,-0.010
163.21,0.105,0,0.605,0.646,1,0.000,0.000,0.000,0.000,0.000,0.000,-0.018,-0.007
163.41,0.105,0,0.621,0.644,1,0.000,0.000,0.000,0.000,0.000,0.000,-0.008,-0.004
163.61,0.105,0,0.621,0.644,1,0.000,0.000,0.000,0.000,0.000,0.000,-0.003,-0.004
163.81,0.105,0,0.619,0.649,1,0.000,0.000,0.000,0.000,0.000,0.000,-0.003,-0.004
164.01,0.105,0,0.619,0.649,1,0.000,0.000,0.000,0.000,0.000,0.000,-0.004,-0.003
164.21,0.105,0,0.619,0.649,1,0.000,0.000,0.000,0.000,0.000,0.000,-0.004,-0.003
164.41,0.105,0,0.620,0.636,1,0.000,0.000,0.000,0.000,0.000,0.000,-0.010,-0.005
164.61,0.105,0,0.620,0.636,1,0.000,0.000,0.000,0.000,0.000,0.000,-0.010,-0.005
164.81,0.105,0,0.625,0.642,1,0.000,0.000,0.000,0.000,0.000,0.000,-0.016,-0.005
165.01,0.105,0,0.625,0.642,1,0.000,0.000,0.000,0.000,0.000,0.000,-0.018,-0.002
165.21,0.105,0,0.625,0.642,1,0.000,0.000,0.000,0.000,0.000,0.000,-0.020,-0.001
165.41,0.106,0,0.624,0.645,1,0.000,0.000,0.000,0.000,0.000,0.000,-0.020,-0.006
165.61,0.106,0,0.624,0.645,1,0.000,0.000,0.000,0.000,0.000,0.000,-0.020,-0.006
165.81,0.105,0,0.631,0.645,1,0.000,0.000,0.000,0.000,0.000,0.000,-0.009,-0.005
166.01,0.105,0,0.631,0.645,1,0.000,0.000,0.000,0.000,0.000,0.000,-0.017,-0.011
166.21,0.105,0,0.631,0.645,1,0.000,0.000,0.000,0.000,0.000,0.000,-0.012,-0.005
166.41,0.105,0,0.629,0.643,1,0.000,0.000,0.000,0.000,0.000,0.000,-0.012,-0.005
166.61,0.105,0,0.629,0.643,1,0.000,0.000,0.000,0.000,0.000,0.000,-0.007,0.004
166.81,0.105,0,0.630,0.652,1,0.000,0.000,0.000,0.000,0.000,0.000,-0.009,-0.007
167.01,0.105,0,0.630,0.652,1,0.000,0.000,0.000,0.000,0.000,0.000,-0.013,-0.011
167.21,0.105,0,0.630,0.652,1,0.000,0.000,0.000,0.000,0.000,0.000,-0.013,-0.011
167.41,0.105,0,0.634,0.654,1,0.000,0.000,0.000,0.000,0.000,0.000,-0.009,-0.003
167.61,0.105,0,0.634,0.654,1,0.000,0.000,0.000,0.000,0.000,0.000,0.000,-0.007
167.81,0.105,0,0.632,0.655,1,0.000,0.000,0.000,0.000,0.000,0.000,-0.002,-0.012
168.01,0.105,0,0.632,0.655,1,0.000,0.000,0.000,0.000,0.000,0.000,-0.005,-0.003
168.21,0.106,0,0.632,0.655,1,0.000,0.000,0.000,0.000,0.000,0.000,-0.005,-0.003
168.41,0.105,0,0.635,0.653,1,0.000,0.000,0.000,0.000,0.000,0.000,-0.008,-0.007
168.61,0.105,0,0.635,0.653,1,0.000,0.000,0.000,0.000,0.000,0.000,-0.027,-0.010
168.81,0.105,0,0.636,0.649,1,0.000,0.000,0.000,0.000,0.000,0.000,-0.019,-0.004
169.01,0.105,0,0.636,0.649,1,0.000,0.000,0.000,0.000,0.000,0.000,-0.019,-0.004
169.21,0.105,0,0.636,0.649,1,0.000,0.000,0.000,0.000,0.000,0.000,-0.022,-0.003
169.41,0.105,0,0.632,0.648,1,0.000,0.000,0.000,0.000,0.000,0.000,-0.008,-0.003
169.61,0.105,0,0.632,0.648,1,0.000,0.000,0.000,0.000,0.000,0.000,-0.008,-0.007
169.81,0.105,0,0.632,0.648,1,0.000,0.000,0.000,0.000,0.000,0.000,-0.008,-0.007
170.01,0.105,0,0.632,0.648,1,0.000,0.000,0.000,0.000,0.000,0.000,-0.025,-0.009
170.21,0.106,0,0.632,0.648,1,0.000,0.000,0.000,0.000,0.000,0.000,-0.030,-0.013
170.41,0.106,0,0.631,0.649,1,0.000,0.000,0.000,0.000,0.000,0.000,-0.009,-0.003
170.61,0.105,0,0.631,0.649,1,0.000,0.000,0.000,0.000,0.000,0.000,-0.018,-0.006
170.81,0.105,0,0.621,0.648,1,0.000,0.000,0.000,0.000,0.000,0.000,-0.018,-0.006
171.01,0.106,0,0.621,0.648,1,0.000,0.000,0.000,0.000,0.000,0.000,-0.013,-0.003
171.21,0.105,0,0.621,0.648,1,0.000,0.000,0.000,0.000,0.000,0.000,-0.021,-0.010
171.41,0.105,0,0.629,0.648,1,0.000,0.000,0.000,0.000,0.000,0.000,-0.003,-0.003
171.61,0.106,0,0.629,0.648,1,0.000,0.000,0.000,0.000,0.000,0.000,-0.003,-0.003
171.81,0.105,0,0.628,0.644,1,0.000,0.000,0.000,0.000,0.000,0.000,-0.024,-0.003
172.01,0.105,0,0.628,0.644,1,0.000,0.000,0.000,0.000,0.000,0.000,-0.025,0.000
172.21,0.105,0,0.628,0.644,1,0.000,0.000,0.000,0.000,0.000,0.000,-0.011,0.000
172.41,0.105,0,0.618,0.646,1,0.000,0.000,0.000,0.000,0.000,0.000,-0.005,-0.004
172.61,0.105,0,0.618,0.646,1,0.000,0.000,0.000,0.000,0.000,0.000,-0.005,-0.004
172.81,0.105,0,0.620,0.646,1,0.000,0.000,0.000,0.000,0.000,0.000,-0.015,-0.001
173.01,0.105,0,0.620,0.646,1,0.000,0.000,0.000,0.000,0.000,0.000,-0.013,-0.002
173.21,0.105,0,0.620,0.646,1,0.000,0.000,0.000,0.000,0.000,0.000,-0.010,0.000
173.41,0.105,0,0.623,0.646,1,0.000,0.000,0.000,0.000,0.000,0.000,-0.010,0.000
173.61,0.105,0,0.623,0.646,1,0.000,0.000,0.000,0.000,0.000,0.000,-0.013,-0.013
173.81,0.106,0,0.629,0.646,1,0.000,0.000,0.000,0.000,0.000,0.000,-0.007,0.003
174.01,0.106,0,0.629,0.646,1,0.000,0.000,0.000,0.000,0.000,0.000,-0.025,-0.007
174.21,0.105,0,0.629,0.646,1,0.000,0.000,0.000,0.000,0.000,0.000,-0.025,-0.007
174.41,0.105,0,0.624,0.648,1,0.000,0.000,0.000,0.000,0.000,0.000,-0.018,-0.015
174.61,0.105,0,0.624,0.648,1,0.000,0.000,0.000,0.000,0.000,0.000,-0.019,-0.001
174.81,0.105,0,0.627,0.654,1,0.000,0.000,0.000,0.000,0.000,0.000,-0.022,-0.004
175.01,0.105,0,0.627,0.654,1,0.000,0.000,0.000,0.000,0.000,0.000,-0.031,-0.007
175.21,0.105,0,0.627,0.654,1,0.000,0.000,0.000,0.000,0.000,0.000,-0.031,-0.007
175.41,0.105,0,0.637,0.658,1,0.000,0.000,0.000,0.000,0.000,0.000,-0.020,-0.004
175.61,0.104,0,0.637,0.658,1,0.000,0.000,0.000,0.000,0.000,0.000,-0.017,-0.000
175.81,0.104,0,0.635,0.655,1,0.000,0.000,0.000,0.000,0.000,0.000,-0.005,-0.003
176.01,0.105,0,0.635,0.655,1,0.000,0.000,0.000,0.000,0.000,0.000,-0.005,-0.003
176.21,0.105,0,0.635,0.655,1,0.000,0.000,0.000,0.000,0.000,0.000,-0.004,-0.002
176.41,0.105,0,0.635,0.654,1,0.000,0.000,0.000,0.000,0.000,0.000,-0.003,-0.010
176.61,0.105,0,0.635,0.654,1,0.000,0.000,0.000,0.000,0.000,0.000,-0.008,-0.006
176.81,0.106,0,0.635,0.652,1,0.000,0.000,0.000,0.000,0.000,0.000,-0.008,-0.006
177.01,0.105,0,0.635,0.652,1,0.000,0.000,0.000,0.000,0.000,0.000,-0.011,-0.001
177.21,0.105,0,0.635,0.652,1,0.000,0.000,0.000,0.000,0.000,0.000,-0.019,-0.004
177.41,0.105,0,0.634,0.652,1,0.000,0.000,0.000,0.000,0.000,0.000,-0.015,-0.012
177.61,0.106,0,0.634,0.652,1,0.000,0.000,0.000,0.000,0.000,0.000,-0.003,-0.002
177.81,0.105,0,0.630,0.650,1,0.000,0.000,0.000,0.000,0.000,0.000,-0.003,-0.002
178.01,0.105,0,0.630,0.650,1,0.000,0.000,0.000,0.000,0.000,0.000,-0.013,-0.002
178.21,0.105,0,0.630,0.650,1,0.000,0.000,0.000,0.000,0.000,0.000,-0.006,-0.006
178.41,0.105,0,0.630,0.651,1,0.000,0.000,0.000,0.000,0.000,0.000,-0.027,-0.002
178.61,0.105,0,0.630,0.651,1,0.000,0.000,0.000,0.000,0.000,0.000,-0.027,-0.002
178.81,0.105,0,0.626,0.650,1,0.000,0.000,0.000,0.000,0.000,0.000,-0.000,-0.000
179.01,0.105,0,0.626,0.650,1,0.000,0.000,0.000,0.000,0.000,0.000,-0.001,-0.001
179.21,0.105,0,0.626,0.650,1,0.000,0.000,0.000,0.000,0.000,0.000,-0.002,-0.001
179.41,0.106,0,0.630,0.651,1,0.000,0.000,0.000,0.000,0.000,0.000,-0.002,-0.001
179.61,0.105,0,0.630,0.651,1,0.000,0.000,0.000,0.000,0.000,0.000,-0.019,0.002
179.81,0.105,0,0.626,0.650,1,0.000,0.000,0.000,0.000,0.000,0.000,-0.004,0.002
180.01,0.105,0,0.626,0.650,1,0.000,0.000,0.000,0.000,0.000,0.000,-0.021,-0.003
180.21,0.106,0,0.626,0.650,1,0.000,0.000,0.000,0.000,0.000,0.000,-0.012,-0.001
180.41,0.105,0,0.638,0.656,1,0.000,0.000,0.000,0.000,0.000,0.000,-0.012,-0.001
180.61,0.105,0,0.638,0.656,1,0.000,0.000,0.000,0.000,0.000,0.000,-0.019,-0.006
180.81,0.105,0,0.631,0.653,1,0.000,0.000,0.000,0.000,0.000,0.000,-0.005,-0.005
181.01,0.105,0,0.631,0.653,1,0.000,0.000,0.000,0.000,0.000,0.000,0.000,-0.006
181.21,0.105,0,0.631,0.653,1,0.000,0.000,0.000,0.000,0.000,0.000,0.000,-0.006
181.41,0.105,0,0.631,0.652,1,0.000,0.000,0.000,0.000,0.000,0.000,-0.012,-0.009
181.61,0.105,0,0.631,0.652,1,0.000,0.000,0.000,0.000,0.000,0.000,-0.009,-0.006
181.81,0.105,0,0.629,0.651,1,0.000,0.000,0.000,0.000,0.000,0.000,0.001,0.001
182.01,0.105,0,0.629,0.651,1,0.000,0.000,0.000,0.000,0.000,0.000,-0.004,-0.007
182.21,0.105,0,0.629,0.651,1,0.000,0.000,0.000,0.000,0.000,0.000,-0.004,-0.007
182.41,0.105,0,0.631,0.650,1,0.000,0.000,0.000,0.000,0.000,0.000,-0.002,-0.002
182.61,0.105,0,0.631,0.650,1,0.000,0.000,0.000,0.000,0.000,0.000,-0.004,-0.003
182.81,0.105,0,0.628,0.650,1,0.000,0.000,0.000,0.000,0.000,0.000,-0.003,-0.004
183.01,0.105,0,0.628,0.650,1,0.000,0.000,0.000,0.000,0.000,0.000,-0.003,-0.004
183.21,0.105,0,0.628,0.650,1,0.000,0.000,0.000,0.000,0.000,0.000,-0.006,-0.004
183.41,0.105,0,0.631,0.651,1,0.000,0.000,0.000,0.000,0.000,0.000,-0.006,-0.004
183.61,0.105,0,0.631,0.651,1,0.000,0.000,0.000,0.000,0.000,0.000,-0.009,0.005
183.81,0.105,0,0.632,0.650,1,0.000,0.000,0.000,0.000,0.000,0.000,-0.009,0.005
184.01,0.106,0,0.632,0.650,1,0.000,0.000,0.000,0.000,0.000,0.000,-0.007,0.001
184.21,0.105,0,0.632,0.650,1,0.000,0.000,0.000,0.000,0.000,0.000,0.001,0.004
184.41,0.105,0,0.631,0.650,1,0.000,0.000,0.000,0.000,0.000,0.000,-0.008,-0.003
184.61,0.105,0,0.631,0.650,1,0.000,0.000,0.000,0.000,0.000,0.000,-0.005,0.003
184.81,0.105,0,0.630,0.650,1,0.000,0.000,0.000,0.000,0.000,0.000,-0.005,0.003
185.01,0.105,0,0.630,0.650,1,0.000,0.000,0.000,0.000,0.000,0.000,-0.012,-0.004
185.21,0.105,0,0.630,0.650,1,0.000,0.000,0.000,0.000,0.000,0.000,-0.003,-0.004
185.41,0.105,0,0.627,0.650,1,0.000,0.000,0.000,0.000,0.000,0.000,-0.005,-0.001
185.61,0.105,0,0.627,0.650,1,0.000,0.000,0.000,0.000,0.000,0.000,-0.005,-0.001
185.81,0.105,0,0.631,0.651,1,0.000,0.000,0.000,0.000,0.000,0.000,0.004,-0.000
186.01,0.105,0,0.631,0.651,1,0.000,0.000,0.000,0.000,0.000,0.000,-0.010,0.003
186.21,0.105,0,0.631,0.651,1,0.000,0.000,0.000,0.000,0.000,0.000,0.001,-0.001
186.41,0.105,0,0.627,0.651,1,0.000,0.000,0.000,0.000,0.000,0.000,0.001,-0.001
186.61,0.105,0,0.627,0.651,1,0.000,0.000,0.000,0.000,0.000,0.000,0.003,-0.001
186.81,0.105,0,0.628,0.650,1,0.000,0.000,0.000,0.000,0.000,0.000,-0.004,0.000
187.01,0.105,0,0.628,0.650,1,0.000,0.000,0.000,0.000,0.000,0.000,-0.008,0.004
187.21,0.105,0,0.628,0.650,1,0.000,0.000,0.000,0.000,0.000,0.000,-0.013,0.002
187.41,0.105,0,0.643,0.665,1,0.000,0.000,0.000,0.000,0.000,0.000,-0.013,0.002
187.61,0.105,0,0.643,0.665,1,0.000,0.000,0.000,0.000,0.000,0.000,-0.009,-0.003
187.81,0.105,0,0.633,0.665,1,0.000,0.000,0.000,0.000,0.000,0.000,-0.021,-0.001
188.01,0.105,0,0.633,0.665,1,0.000,0.000,0.000,0.000,0.000,0.000,-0.011,-0.006
188.21,0.105,0,0.633,0.665,1,0.000,0.000,0.000,0.000,0.000,0.000,-0.011,-0.006
188.41,0.105,0,0.620,0.647,1,0.000,0.000,0.000,0.000,0.000,0.000,-0.007,-0.008
188.61,0.105,0,0.620,0.647,1,0.000,0.000,0.000,0.000,0.000,0.000,-0.006,-0.002
188.81,0.105,0,0.627,0.648,1,0.000,0.000,0.000,0.000,0.000,0.000,-0.009,-0.009
189.01,0.105,0,0.627,0.648,1,0.000,0.000,0.000,0.000,0.000,0.000,-0.009,-0.009
189.21,0.105,0,0.627,0.648,1,0.000,0.000,0.000,0.000,0.000,0.000,-0.005,-0.002
189.41,0.105,0,0.634,0.652,1,0.000,0.000,0.000,0.000,0.000,0.000,-0.001,0.001
189.61,0.105,0,0.634,0.652,1,0.000,0.000,0.000,0.000,0.000,0.000,0.002,-0.004
189.81,0.105,0,0.633,0.660,1,0.000,0.000,0.000,0.000,0.000,0.000,0.001,0.003
190.01,0.105,0,0.633,0.660,1,0.000,0.000,0.000,0.000,0.000,0.000,0.001,0.003
190.21,0.106,0,0.633,0.660,1,0.000,0.000,0.000,0.000,0.000,0.000,-0.018,-0.009
190.41,0.106,0,0.633,0.662,1,0.000,0.000,0.000,0.000,0.000,0.000,-0.003,-0.001
190.61,0.106,0,0.633,0.662,1,0.000,0.000,0.000,0.000,0.000,0.000,-0.003,-0.009
190.81,0.105,0,0.633,0.662,1,0.000,0.000,0.000,0.000,0.000,0.000,-0.003,-0.009
191.01,0.105,0,0.633,0.662,1,0.000,0.000,0.000,0.000,0.000,0.000,-0.016,0.005
191.21,0.105,0,0.633,0.662,1,0.000,0.000,0.000,0.000,0.000,0.000,-0.001,0.006
191.41,0.105,0,0.633,0.663,1,0.000,0.000,0.000,0.000,0.000,0.000,-0.005,-0.003
191.61,0.106,0,0.633,0.663,1,0.000,0.000,0.000,0.000,0.000,0.000,-0.005,-0.003
191.81,0.106,0,0.638,0.661,1,0.000,0.000,0.000,0.000,0.000,0.000,0.001,0.003
192.01,0.105,0,0.638,0.661,1,0.000,0.000,0.000,0.000,0.000,0.000,-0.003,-0.002
192.21,0.105,0,0.638,0.661,1,0.000,0.000,0.000,0.000,0.000,0.000,0.005,0.006
192.41,0.105,0,0.634,0.665,1,0.000,0.000,0.000,0.000,0.000,0.000,-0.002,-0.001
192.61,0.105,0,0.634,0.665,1,0.000,0.000,0.000,0.000,0.000,0.000,-0.002,-0.001
192.81,0.105,0,0.648,0.667,1,0.000,0.000,0.000,0.000,0.000,0.000,-0.012,-0.001
193.01,0.106,0,0.648,0.667,1,0.000,0.000,0.000,0.000,0.000,0.000,-0.003,-0.002
193.21,0.106,0,0.648,0.667,1,0.000,0.000,0.000,0.000,0.000,0.000,-0.010,0.002
193.41,0.105,0,0.645,0.670,1,0.000,0.000,0.000,0.000,0.000,0.000,-0.010,0.002
193.61,0.105,0,0.645,0.670,1,0.000,0.000,0.000,0.000,0.000,0.000,-0.020,-0.004
193.81,0.105,0,0.640,0.668,1,0.000,0.000,0.000,0.000,0.000,0.000,0.007,0.010
194.01,0.105,0,0.640,0.668,1,0.000,0.000,0.000,0.000,0.000,0.000,-0.003,-0.001
194.21,0.105,0,0.640,0.668,1,0.000,0.000,0.000,0.000,0.000,0.000,-0.003,-0.001
194.41,0.105,0,0.634,0.666,1,0.000,0.000,0.000,0.000,0.000,0.000,0.001,-0.002
194.61,0.105,0,0.634,0.666,1,0.000,0.000,0.000,0.000,0.000,0.000,-0.012,0.001
194.81,0.105,0,0.639,0.666,1,0.000,0.000,0.000,0.000,0.000,0.000,-0.002,0.000
195.01,0.105,0,0.639,0.666,1,0.000,0.000,0.000,0.000,0.000,0.000,-0.002,0.001
195.21,0.105,0,0.639,0.666,1,0.000,0.000,0.000,0.000,0.000,0.000,-0.002,0.001
195.41,0.105,0,0.632,0.666,1,0.000,0.000,0.000,0.000,0.000,0.000,-0.010,-0.006
195.61,0.105,0,0.632,0.666,1,0.000,0.000,0.000,0.000,0.000,0.000,-0.013,-0.003
195.81,0.105,0,0.637,0.667,1,0.000,0.000,0.000,0.000,0.000,0.000,-0.002,0.002
196.01,0.105,0,0.637,0.667,1,0.000,0.000,0.000,0.000,0.000,0.000,-0.002,0.002
196.21,0.105,0,0.637,0.667,1,0.000,0.000,0.000,0.000,0.000,0.000,0.001,0.005
196.41,0.105,0,0.637,0.669,1,0.000,0.000,0.000,0.000,0.000,0.000,-0.009,-0.008
196.61,0.105,0,0.637,0.669,1,0.000,0.000,0.000,0.000,0.000,0.000,-0.009,0.003
196.81,0.106,0,0.635,0.669,1,0.000,0.000,0.000,0.000,0.000,0.000,0.007,0.006
197.01,0.105,0,0.635,0.669,1,0.000,0.000,0.000,0.000,0.000,0.000,0.007,0.006
197.21,0.105,0,0.635,0.669,1,0.000,0.000,0.000,0.000,0.000,0.000,-0.009,-0.004
197.41,0.105,0,0.638,0.668,1,0.000,0.000,0.000,0.000,0.000,0.000,-0.005,0.003
197.61,0.105,0,0.638,0.668,1,0.000,0.000,0.000,0.000,0.000,0.000,-0.007,-0.003
197.81,0.105,0,0.636,0.667,1,0.000,0.000,0.000,0.000,0.000,0.000,-0.007,-0.003
198.01,0.105,0,0.636,0.667,1,0.000,0.000,0.000,0.000,0.000,0.000,-0.004,0.000
198.21,0.105,0,0.636,0.667,1,0.000,0.000,0.000,0.000,0.000,0.000,-0.006,-0.005
198.41,0.105,0,0.638,0.669,1,0.000,0.000,0.000,0.000,0.000,0.000,-0.012,0.000
198.61,0.105,0,0.638,0.669,1,0.000,0.000,0.000,0.000,0.000,0.000,-0.012,0.000
198.81,0.105,0,0.641,0.670,1,0.000,0.000,0.000,0.000,0.000,0.000,-0.010,-0.003
199.01,0.105,0,0.641,0.670,1,0.000,0.000,0.000,0.000,0.000,0.000,-0.004,0.005
199.21,0.105,0,0.641,0.670,1,0.000,0.000,0.000,0.000,0.000,0.000,-0.006,-0.000
199.41,0.105,0,0.639,0.670,1,0.000,0.000,0.000,0.000,0.000,0.000,-0.000,0.000
199.61,0.105,0,0.639,0.670,1,0.000,0.000,0.000,0.000,0.000,0.000,-0.000,0.000
199.81,0.105,0,0.635,0.670,1,0.000,0.000,0.000,0.000,0.000,0.000,-0.005,0.001
200.01,0.105,0,0.635,0.670,1,0.000,0.000,0.000,0.000,0.000,0.000,-0.002,-0.006
200.21,0.105,0,0.635,0.670,1,0.000,0.000,0.000,0.000,0.000,0.000,-0.005,0.003
200.41,0.105,0,0.637,0.670,1,0.000,0.000,0.000,0.000,0.000,0.000,-0.005,0.003
200.61,0.105,0,0.637,0.670,1,0.000,0.000,0.000,0.000,0.000,0.000,-0.010,-0.002
200.81,0.105,0,0.633,0.669,1,0.000,0.000,0.000,0.000,0.000,0.000,-0.005,0.004
201.01,0.105,0,0.633,0.669,1,0.000,0.000,0.000,0.000,0.000,0.000,0.001,-0.000
201.21,0.105,0,0.633,0.669,1,0.000,0.000,0.000,0.000,0.000,0.000,0.001,-0.000
201.41,0.105,0,0.635,0.669,1,0.000,0.000,0.000,0.000,0.000,0.000,-0.000,0.000
201.61,0.105,0,0.635,0.669,1,0.000,0.000,0.000,0.000,0.000,0.000,-0.015,-0.004
201.81,0.105,0,0.643,0.668,1,0.000,0.000,0.000,0.000,0.000,0.000,-0.013,0.004
202.01,0.106,0,0.643,0.668,1,0.000,0.000,0.000,0.000,0.000,0.000,-0.011,-0.002
202.21,0.106,0,0.643,0.668,1,0.000,0.000,0.000,0.000,0.000,0.000,-0.011,-0.002
202.41,0.105,0,0.641,0.668,1,0.000,0.000,0.000,0.000,0.000,0.000,-0.005,0.008
202.61,0.104,0,0.641,0.668,1,0.000,0.000,0.000,0.000,0.000,0.000,-0.011,0.001
202.81,0.104,0,0.636,0.670,1,0.000,0.000,0.000,0.000,0.000,0.000,-0.016,-0.004
203.01,0.105,0,0.636,0.670,1,0.000,0.000,0.000,0.000,0.000,0.000,-0.016,-0.004
203.21,0.105,0,0.636,0.670,1,0.000,0.000,0.000,0.000,0.000,0.000,-0.020,-0.000
203.41,0.106,0,0.639,0.670,1,0.000,0.000,0.000,0.000,0.000,0.000,-0.011,0.002
203.61,0.106,0,0.639,0.670,1,0.000,0.000,0.000,0.000,0.000,0.000,-0.004,0.003
203.81,0.105,0,0.643,0.671,1,0.000,0.000,0.000,0.000,0.000,0.000,-0.004,0.003
204.01,0.105,0,0.643,0.671,1,0.000,0.000,0.000,0.000,0.000,0.000,-0.007,0.000
204.21,0.106,0,0.643,0.671,1,0.000,0.000,0.000,0.000,0.000,0.000,-0.010,0.000
204.41,0.106,0,0.639,0.671,1,0.000,0.000,0.000,0.000,0.000,0.000,-0.011,-0.002
204.61,0.106,0,0.639,0.671,1,0.000,0.000,0.000,0.000,0.000,0.000,-0.008,0.007
204.81,0.105,0,0.634,0.665,1,0.000,0.000,0.000,0.000,0.000,0.000,-0.008,0.007
205.01,0.106,0,0.634,0.665,1,0.000,0.000,0.000,0.000,0.000,0.000,-0.011,-0.004
205.21,0.105,0,0.634,0.665,1,0.000,0.000,0.000,0.000,0.000,0.000,-0.010,-0.002
205.41,0.105,0,0.636,0.666,1,0.000,0.000,0.000,0.000,0.000,0.000,-0.014,-0.001
205.61,0.106,0,0.636,0.666,1,0.000,0.000,0.000,0.000,0.000,0.000,-0.014,-0.001
205.81,0.105,0,0.644,0.678,1,0.000,0.000,0.000,0.000,0.000,0.000,-0.009,-0.002
206.01,0.105,0,0.644,0.678,1,0.000,0.000,0.000,0.000,0.000,0.000,-0.041,-0.012
206.21,0.105,0,0.644,0.678,1,0.000,0.000,0.000,0.000,0.000,0.000,-0.030,-0.007
206.41,0.105,0,0.644,0.644,1,0.000,0.000,0.000,0.000,0.000,0.000,-0.030,-0.007
206.61,0.105,0,0.644,0.644,1,0.000,0.000,0.000,0.000,0.000,0.000,-0.022,0.002
206.81,0.106,0,0.642,0.673,1,0.000,0.000,0.000,0.000,0.000,0.000,-0.010,-0.001
207.01,0.106,0,0.642,0.673,1,0.000,0.000,0.000,0.000,0.000,0.000,-0.019,0.007
207.21,0.106,0,0.642,0.673,1,0.000,0.000,0.000,0.000,0.000,0.000,-0.012,0.005
207.41,0.105,0,0.639,0.667,1,0.000,0.000,0.000,0.000,0.000,0.000,-0.012,0.005
207.61,0.105,0,0.639,0.667,1,0.000,0.000,0.000,0.000,0.000,0.000,-0.011,0.005
207.81,0.105,0,0.636,0.668,1,0.000,0.000,0.000,0.000,0.000,0.000,-0.012,0.010
208.01,0.105,0,0.636,0.668,1,0.000,0.000,0.000,0.000,0.000,0.000,-0.011,0.003
208.21,0.105,0,0.636,0.668,1,0.000,0.000,0.000,0.000,0.000,0.000,-0.011,0.003
208.41,0.105,0,0.636,0.669,1,0.000,0.000,0.000,0.000,0.000,0.000,-0.036,0.001
208.61,0.105,0,0.636,0.669,1,0.000,0.000,0.000,0.000,0.000,0.000,-0.038,-0.005
208.81,0.105,0,0.635,0.667,1,0.000,0.000,0.000,0.000,0.000,0.000,-0.016,0.011
209.01,0.105,0,0.635,0.667,1,0.000,0.000,0.000,0.000,0.000,0.000,-0.016,0.011
209.21,0.105,0,0.635,0.667,1,0.000,0.000,0.000,0.000,0.000,0.000,-0.008,0.008
209.41,0.105,0,0.639,0.669,1,0.000,0.000,0.000,0.000,0.000,0.000,-0.018,0.008
209.61,0.105,0,0.639,0.669,1,0.000,0.000,0.000,0.000,0.000,0.000,-0.010,0.002
209.81,0.106,0,0.641,0.668,1,0.000,0.000,0.000,0.000,0.000,0.000,-0.021,0.008
210.01,0.105,0,0.641,0.668,1,0.000,0.000,0.000,0.000,0.000,0.000,-0.021,0.008
210.21,0.105,0,0.641,0.668,1,0.000,0.000,0.000,0.000,0.000,0.000,-0.026,-0.005
210.41,0.106,0,0.638,0.566,1,0.000,0.000,0.000,0.000,0.000,0.000,-0.014,0.006
210.61,0.106,0,0.638,0.566,1,0.000,0.000,0.000,0.000,0.000,0.000,-0.015,0.004
210.81,0.106,0,0.649,0.685,1,0.000,0.000,0.000,0.000,0.000,0.000,-0.015,0.004
211.01,0.106,0,0.649,0.685,1,0.000,0.000,0.000,0.000,0.000,0.000,-0.005,0.005
211.21,0.105,0,0.649,0.685,1,0.000,0.000,0.000,0.000,0.000,0.000,-0.022,-0.002
211.41,0.105,0,0.643,0.680,1,0.000,0.000,0.000,0.000,0.000,0.000,-0.014,0.003
211.61,0.106,0,0.643,0.680,1,0.000,0.000,0.000,0.000,0.000,0.000,-0.014,0.003
211.81,0.105,0,0.640,0.681,1,0.000,0.000,0.000,0.000,0.000,0.000,-0.024,-0.004
212.01,0.106,0,0.640,0.681,1,0.000,0.000,0.000,0.000,0.000,0.000,-0.012,-0.005
212.21,0.106,0,0.640,0.681,1,0.000,0.000,0.000,0.000,0.000,0.000,-0.027,0.002
212.41,0.106,0,0.643,0.676,1,0.000,0.000,0.000,0.000,0.000,0.000,-0.018,-0.004
212.61,0.106,0,0.643,0.676,1,0.000,0.000,0.000,0.000,0.000,0.000,-0.018,-0.004
212.81,0.105,0,0.634,0.675,1,0.000,0.000,0.000,0.000,0.000,0.000,-0.008,0.000
213.01,0.105,0,0.634,0.675,1,0.000,0.000,0.000,0.000,0.000,0.000,-0.004,-0.001
213.21,0.105,0,0.634,0.675,1,0.000,0.000,0.000,0.000,0.000,0.000,-0.004,-0.006
213.41,0.106,0,0.637,0.670,1,0.000,0.000,0.000,0.000,0.000,0.000,-0.004,-0.006
213.61,0.105,0,0.637,0.670,1,0.000,0.000,0.000,0.000,0.000,0.000,-0.011,0.003
213.81,0.105,0,0.630,0.666,1,0.000,0.000,0.000,0.000,0.000,0.000,-0.002,0.001
214.01,0.105,0,0.630,0.666,1,0.000,0.000,0.000,0.000,0.000,0.000,-0.005,0.004
214.21,0.105,0,0.630,0.666,1,0.000,0.000,0.000,0.000,0.000,0.000,-0.005,0.004
214.41,0.105,0,0.634,0.666,1,0.000,0.000,0.000,0.000,0.000,0.000,-0.008,0.002
214.61,0.105,0,0.634,0.666,1,0.000,0.000,0.000,0.000,0.000,0.000,-0.011,-0.004
214.81,0.105,0,0.627,0.661,1,0.000,0.000,0.000,0.000,0.000,0.000,-0.010,0.001
215.01,0.105,0,0.627,0.661,1,0.000,0.000,0.000,0.000,0.000,0.000,-0.005,0.005
215.21,0.106,0,0.627,0.661,1,0.000,0.000,0.000,0.000,0.000,0.000,-0.005,0.005
215.41,0.105,0,0.625,0.660,1,0.000,0.000,0.000,0.000,0.000,0.000,-0.010,0.006
215.61,0.105,0,0.625,0.660,1,0.000,0.000,0.000,0.000,0.000,0.000,-0.011,0.003
215.81,0.105,0,0.626,0.441,1,0.000,0.000,0.000,0.000,0.000,0.000,-0.008,0.000
216.01,0.105,0,0.626,0.441,1,0.000,0.000,0.000,0.000,0.000,0.000,-0.008,0.000
216.21,0.105,0,0.626,0.441,1,0.000,0.000,0.000,0.000,0.000,0.000,-0.007,0.003
216.41,0.105,0,0.620,0.414,0,0.000,0.000,0.000,0.000,0.000,0.000,-0.006,-0.001
216.61,0.105,0,0.620,0.414,0,0.000,0.000,0.000,0.000,0.000,0.000,-0.015,-0.006
216.81,0.105,0,0.592,0.616,1,0.000,0.000,0.000,0.000,0.000,0.000,-0.003,0.004
217.01,0.105,0,0.592,0.616,1,0.000,0.000,0.000,0.000,0.000,0.000,-0.003,0.004
217.21,0.105,0,0.592,0.616,1,0.000,0.000,0.000,0.000,0.000,0.000,0.001,0.006
217.41,0.105,0,0.594,0.633,1,0.000,0.000,0.000,0.000,0.000,0.000,-0.006,0.003
217.61,0.105,0,0.594,0.633,1,0.000,0.000,0.000,0.000,0.000,0.000,-0.004,0.001
217.81,0.106,0,0.600,0.633,1,0.000,0.000,0.000,0.000,0.000,0.000,-0.004,0.001
218.01,0.105,0,0.600,0.633,1,0.000,0.000,0.000,0.000,0.000,0.000,-0.013,0.002
218.21,0.106,0,0.600,0.633,1,0.000,0.000,0.000,0.000,0.000,0.000,-0.001,0.001
218.41,0.106,0,0.597,0.630,1,0.000,0.000,0.000,0.000,0.000,0.000,-0.020,-0.002
218.61,0.105,0,0.597,0.630,1,0.000,0.000,0.000,0.000,0.000,0.000,-0.020,-0.002
218.81,0.105,0,0.597,0.629,1,0.000,0.000,0.000,0.000,0.000,0.000,-0.008,0.006
219.01,0.105,0,0.597,0.629,1,0.000,0.000,0.000,0.000,0.000,0.000,-0.010,0.011
219.21,0.105,0,0.597,0.629,1,0.000,0.000,0.000,0.000,0.000,0.000,-0.004,-0.001
219.41,0.105,0,0.593,0.628,1,0.000,0.000,0.000,0.000,0.000,0.000,-0.007,0.009
219.61,0.105,0,0.593,0.628,1,0.000,0.000,0.000,0.000,0.000,0.000,-0.007,0.009
219.81,0.105,0,0.596,0.628,1,0.000,0.000,0.000,0.000,0.000,0.000,-0.008,0.000
220.01,0.106,0,0.596,0.628,1,0.000,0.000,0.000,0.000,0.000,0.000,-0.005,0.003
220.21,0.106,0,0.596,0.628,1,0.000,0.000,0.000,0.000,0.000,0.000,-0.015,-0.001
220.41,0.105,0,0.601,0.628,1,0.000,0.000,0.000,0.000,0.000,0.000,-0.015,-0.001
220.61,0.106,0,0.601,0.628,1,0.000,0.000,0.000,0.000,0.000,0.000,-0.008,0.005
220.81,0.105,0,0.598,0.631,1,0.000,0.000,0.000,0.000,0.000,0.000,-0.001,0.000
221.01,0.105,0,0.598,0.631,1,0.000,0.000,0.000,0.000,0.000,0.000,-0.001,0.004
221.21,0.105,0,0.598,0.631,1,0.000,0.000,0.000,0.000,0.000,0.000,-0.001,0.004
221.41,0.105,0,0.599,0.633,1,0.000,0.000,0.000,0.000,0.000,0.000,-0.004,0.004
221.61,0.105,0,0.599,0.633,1,0.000,0.000,0.000,0.000,0.000,0.000,-0.005,0.004
221.81,0.105,0,0.601,0.634,1,0.000,0.000,0.000,0.000,0.000,0.000,-0.010,0.007
222.01,0.105,0,0.601,0.634,1,0.000,0.000,0.000,0.000,0.000,0.000,-0.002,0.004
222.21,0.105,0,0.601,0.634,1,0.000,0.000,0.000,0.000,0.000,0.000,-0.002,0.004
222.41,0.105,0,0.603,0.405,1,0.000,0.000,0.000,0.000,0.000,0.000,-0.013,0.000
222.61,0.105,0,0.603,0.405,1,0.000,0.000,0.000,0.000,0.000,0.000,-0.003,0.009
222.81,0.105,0,0.599,0.628,1,0.000,0.000,0.000,0.000,0.000,0.000,-0.004,-0.001
223.01,0.105,0,0.599,0.628,1,0.000,0.000,0.000,0.000,0.000,0.000,-0.004,-0.001
223.21,0.105,0,0.599,0.628,1,0.000,0.000,0.000,0.000,0.000,0.000,-0.002,0.005
223.41,0.106,0,0.595,0.628,1,0.000,0.000,0.000,0.000,0.000,0.000,-0.004,0.004
223.61,0.106,0,0.595,0.628,1,0.000,0.000,0.000,0.000,0.000,0.000,0.004,0.001
223.81,0.105,0,0.600,0.627,1,0.000,0.000,0.000,0.000,0.000,0.000,0.004,0.001
224.01,0.105,0,0.600,0.627,1,0.000,0.000,0.000,0.000,0.000,0.000,-0.005,0.002
224.21,0.105,0,0.600,0.627,1,0.000,0.000,0.000,0.000,0.000,0.000,-0.012,0.007
224.41,0.105,0,0.597,0.628,1,0.000,0.000,0.000,0.000,0.000,0.000,-0.007,-0.004
224.61,0.105,0,0.597,0.628,1,0.000,0.000,0.000,0.000,0.000,0.000,-0.007,0.002
224.81,0.105,0,0.598,0.627,1,0.000,0.000,0.000,0.000,0.000,0.000,-0.007,0.002
225.01,0.105,0,0.598,0.627,1,0.000,0.000,0.000,0.000,0.000,0.000,-0.005,-0.005
225.21,0.105,0,0.598,0.627,1,0.000,0.000,0.000,0.000,0.000,0.000,-0.008,0.006
225.41,0.105,0,0.597,0.627,1,0.000,0.000,0.000,0.000,0.000,0.000,-0.002,0.004
225.61,0.105,0,0.597,0.627,1,0.000,0.000,0.000,0.000,0.000,0.000,-0.002,0.004
225.81,0.105,0,0.600,0.630,1,0.000,0.000,0.000,0.000,0.000,0.000,0.004,0.007
226.01,0.105,0,0.600,0.630,1,0.000,0.000,0.000,0.000,0.000,0.000,-0.003,0.003
226.21,0.105,0,0.600,0.630,1,0.000,0.000,0.000,0.000,0.000,0.000,-0.011,0.001
226.41,0.105,0,0.601,0.409,1,0.000,0.000,0.000,0.000,0.000,0.000,-0.007,0.006
226.61,0.105,0,0.601,0.409,1,0.000,0.000,0.000,0.000,0.000,0.000,-0.007,0.006
226.81,0.105,0,0.602,0.624,1,0.000,0.000,0.000,0.000,0.000,0.000,-0.006,-0.002
227.01,0.105,0,0.602,0.624,1,0.000,0.000,0.000,0.000,0.000,0.000,-0.010,0.002
227.21,0.105,0,0.602,0.624,1,0.000,0.000,0.000,0.000,0.000,0.000,-0.012,-0.006
227.41,0.105,0,0.599,0.632,1,0.000,0.000,0.000,0.000,0.000,0.000,-0.012,-0.006
227.61,0.106,0,0.599,0.632,1,0.000,0.000,0.000,0.000,0.000,0.000,-0.003,0.010
227.81,0.106,0,0.601,0.631,1,0.000,0.000,0.000,0.000,0.000,0.000,-0.004,-0.005
228.01,0.106,0,0.601,0.631,1,0.000,0.000,0.000,0.000,0.000,0.000,-0.013,-0.002
228.21,0.105,0,0.601,0.631,1,0.000,0.000,0.000,0.000,0.000,0.000,-0.013,-0.002
228.41,0.105,0,0.601,0.629,1,0.000,0.000,0.000,0.000,0.000,0.000,-0.004,0.006
228.61,0.105,0,0.601,0.629,1,0.000,0.000,0.000,0.000,0.000,0.000,-0.007,0.001
228.81,0.105,0,0.601,0.632,1,0.000,0.000,0.000,0.000,0.000,0.000,-0.009,-0.002
229.01,0.105,0,0.601,0.632,1,0.000,0.000,0.000,0.000,0.000,0.000,-0.006,0.004
229.21,0.106,0,0.601,0.632,1,0.000,0.000,0.000,0.000,0.000,0.000,-0.006,0.004
229.41,0.105,0,0.601,0.629,1,0.000,0.000,0.000,0.000,0.000,0.000,-0.012,0.003
229.61,0.105,0,0.601,0.629,1,0.000,0.000,0.000,0.000,0.000,0.000,-0.006,-0.001
229.81,0.105,0,0.599,0.630,1,0.000,0.000,0.000,0.000,0.000,0.000,-0.004,0.006
230.01,0.105,0,0.599,0.630,1,0.000,0.000,0.000,0.000,0.000,0.000,-0.004,0.006
230.21,0.105,0,0.599,0.630,1,0.000,0.000,0.000,0.000,0.000,0.000,-0.001,0.004
230.41,0.105,0,0.598,0.627,1,0.000,0.000,0.000,0.000,0.000,0.000,-0.002,0.002
230.61,0.105,0,0.598,0.627,1,0.000,0.000,0.000,0.000,0.000,0.000,-0.009,-0.001
230.81,0.106,0,0.597,0.627,1,0.000,0.000,0.000,0.000,0.000,0.000,-0.009,-0.001
231.01,0.105,0,0.597,0.627,1,0.000,0.000,0.000,0.000,0.000,0.000,-0.003,0.003
231.21,0.105,0,0.597,0.627,1,0.000,0.000,0.000,0.000,0.000,0.000,-0.001,0.007
231.41,0.105,0,0.595,0.629,1,0.000,0.000,0.000,0.000,0.000,0.000,-0.009,-0.000
231.61,0.105,0,0.595,0.629,1,0.000,0.000,0.000,0.000,0.000,0.000,-0.018,-0.003
231.81,0.105,0,0.599,0.629,1,0.000,0.000,0.000,0.000,0.000,0.000,-0.018,-0.003
232.01,0.105,0,0.599,0.629,1,0.000,0.000,0.000,0.000,0.000,0.000,-0.006,0.008
232.21,0.106,0,0.599,0.629,1,0.000,0.000,0.000,0.000,0.000,0.000,-0.006,0.001
232.41,0.106,0,0.599,0.628,1,0.000,0.000,0.000,0.000,0.000,0.000,-0.006,0.000
232.61,0.105,0,0.599,0.628,1,0.000,0.000,0.000,0.000,0.000,0.000,-0.006,0.000
232.81,0.105,0,0.599,0.628,1,0.000,0.000,0.000,0.000,0.000,0.000,-0.007,0.001
233.01,0.105,0,0.599,0.628,1,0.000,0.000,0.000,0.000,0.000,0.000,-0.007,0.003
233.21,0.105,0,0.599,0.628,1,0.000,0.000,0.000,0.000,0.000,0.000,0.001,0.005
233.41,0.105,0,0.596,0.628,1,0.000,0.000,0.000,0.000,0.000,0.000,0.001,0.005
233.61,0.105,0,0.596,0.628,1,0.000,0.000,0.000,0.000,0.000,0.000,-0.010,-0.001
233.81,0.105,0,0.597,0.627,1,0.000,0.000,0.000,0.000,0.000,0.000,-0.012,-0.006
234.01,0.105,0,0.597,0.627,1,0.000,0.000,0.000,0.000,0.000,0.000,-0.002,0.008
234.21,0.105,0,0.597,0.627,1,0.000,0.000,0.000,0.000,0.000,0.000,-0.005,-0.007
234.41,0.105,0,0.597,0.627,1,0.000,0.000,0.000,0.000,0.000,0.000,-0.005,-0.007
234.61,0.106,0,0.597,0.627,1,0.000,0.000,0.000,0.000,0.000,0.000,-0.009,0.006
234.81,0.105,0,0.595,0.625,1,0.000,0.000,0.000,0.000,0.000,0.000,-0.011,0.005
235.01,0.105,0,0.595,0.625,1,0.000,0.000,0.000,0.000,0.000,0.000,-0.013,0.007
235.21,0.105,0,0.595,0.625,1,0.000,0.000,0.000,0.000,0.000,0.000,-0.013,0.007
235.41,0.105,0,0.597,0.626,1,0.000,0.000,0.000,0.000,0.000,0.000,-0.009,0.002
235.61,0.105,0,0.597,0.626,1,0.000,0.000,0.000,0.000,0.000,0.000,-0.002,0.006
235.81,0.105,0,0.595,0.625,1,0.000,0.000,0.000,0.000,0.000,0.000,-0.008,0.003
236.01,0.105,0,0.595,0.625,1,0.000,0.000,0.000,0.000,0.000,0.000,-0.008,0.003
236.21,0.106,0,0.595,0.625,1,0.000,0.000,0.000,0.000,0.000,0.000,-0.005,0.005
236.41,0.105,0,0.591,0.625,1,0.000,0.000,0.000,0.000,0.000,0.000,-0.010,-0.006
236.61,0.105,0,0.591,0.625,1,0.000,0.000,0.000,0.000,0.000,0.000,-0.010,0.007
236.81,0.105,0,0.596,0.625,1,0.000,0.000,0.000,0.000,0.000,0.000,-0.007,0.003
237.01,0.105,0,0.596,0.625,1,0.000,0.000,0.000,0.000,0.000,0.000,-0.007,0.003
237.21,0.106,0,0.596,0.625,1,0.000,0.000,0.000,0.000,0.000,0.000,-0.008,-0.001
237.41,0.106,0,0.594,0.625,1,0.000,0.000,0.000,0.000,0.000,0.000,-0.009,0.003
237.61,0.106,0,0.594,0.625,1,0.000,0.000,0.000,0.000,0.000,0.000,-0.011,-0.000
237.81,0.105,0,0.597,0.623,1,0.000,0.000,0.000,0.000,0.000,0.000,-0.011,-0.000
238.01,0.105,0,0.597,0.623,1,0.000,0.000,0.000,0.000,0.000,0.000,-0.004,0.003
238.21,0.106,0,0.597,0.623,1,0.000,0.000,0.000,0.000,0.000,0.000,-0.005,0.001
238.41,0.106,0,0.596,0.624,1,0.000,0.000,0.000,0.000,0.000,0.000,-0.010,0.005
238.61,0.105,0,0.596,0.624,1,0.000,0.000,0.000,0.000,0.000,0.000,-0.008,0.003
238.81,0.105,0,0.596,0.625,1,0.000,0.000,0.000,0.000,0.000,0.000,-0.008,0.003
239.01,0.105,0,0.596,0.625,1,0.000,0.000,0.000,0.000,0.000,0.000,-0.003,0.007
239.21,0.105,0,0.596,0.625,1,0.000,0.000,0.000,0.000,0.000,0.000,-0.001,0.010
239.41,0.105,0,0.594,0.626,1,0.000,0.000,0.000,0.000,0.000,0.000,0.003,0.004
239.61,0.106,0,0.594,0.626,1,0.000,0.000,0.000,0.000,0.000,0.000,0.003,0.004
239.81,0.105,0,0.596,0.626,1,0.000,0.000,0.000,0.000,0.000,0.000,-0.011,0.002
240.01,0.106,0,0.596,0.626,1,0.000,0.000,0.000,0.000,0.000,0.000,-0.002,0.007
240.21,0.106,0,0.596,0.626,1,0.000,0.000,0.000,0.000,0.000,0.000,-0.002,0.001
240.41,0.105,0,0.597,0.625,1,0.000,0.000,0.000,0.000,0.000,0.000,-0.002,0.001
240.61,0.105,0,0.597,0.625,1,0.000,0.000,0.000,0.000,0.000,0.000,-0.013,-0.003
240.81,0.105,0,0.599,0.628,1,0.000,0.000,0.000,0.000,0.000,0.000,0.000,0.010
241.01,0.105,0,0.599,0.628,1,0.000,0.000,0.000,0.000,0.000,0.000,-0.013,-0.006
241.21,0.105,0,0.599,0.628,1,0.000,0.000,0.000,0.000,0.000,0.000,0.001,0.001
241.41,0.105,0,0.598,0.630,1,0.000,0.000,0.000,0.000,0.000,0.000,0.001,0.001
241.61,0.105,0,0.598,0.630,1,0.000,0.000,0.000,0.000,0.000,0.000,-0.001,-0.003
241.81,0.105,0,0.598,0.629,1,0.000,0.000,0.000,0.000,0.000,0.000,-0.019,-0.001
242.01,0.105,0,0.598,0.629,1,0.000,0.000,0.000,0.000,0.000,0.000,-0.003,0.002
242.21,0.105,0,0.598,0.629,1,0.000,0.000,0.000,0.000,0.000,0.000,-0.003,0.002
242.41,0.105,0,0.600,0.628,1,0.000,0.000,0.000,0.000,0.000,0.000,-0.000,0.006
242.61,0.105,0,0.600,0.628,1,0.000,0.000,0.000,0.000,0.000,0.000,-0.013,-0.007
242.81,0.105,0,0.597,0.629,1,0.000,0.000,0.000,0.000,0.000,0.000,-0.008,0.000
243.01,0.105,0,0.597,0.629,1,0.000,0.000,0.000,0.000,0.000,0.000,-0.008,0.000
243.21,0.105,0,0.597,0.629,1,0.000,0.000,0.000,0.000,0.000,0.000,-0.005,0.006
243.41,0.105,0,0.596,0.629,1,0.000,0.000,0.000,0.000,0.000,0.000,-0.011,0.000
243.61,0.105,0,0.596,0.629,1,0.000,0.000,0.000,0.000,0.000,0.000,-0.013,0.003
243.81,0.105,0,0.598,0.628,1,0.000,0.000,0.000,0.000,0.000,0.000,-0.002,-0.000
244.01,0.106,0,0.598,0.628,1,0.000,0.000,0.000,0.000,0.000,0.000,-0.002,-0.000
244.21,0.105,0,0.598,0.628,1,0.000,0.000,0.000,0.000,0.000,0.000,-0.004,0.004
244.41,0.106,0,0.598,0.630,1,0.000,0.000,0.000,0.000,0.000,0.000,-0.014,-0.001
244.61,0.106,0,0.598,0.630,1,0.000,0.000,0.000,0.000,0.000,0.000,-0.001,0.008
244.81,0.106,0,0.599,0.629,1,0.000,0.000,0.000,0.000,0.000,0.000,-0.001,0.008
245.01,0.105,0,0.599,0.629,1,0.000,0.000,0.000,0.000,0.000,0.000,-0.020,-0.003
245.21,0.105,0,0.599,0.629,1,0.000,0.000,0.000,0.000,0.000,0.000,-0.025,-0.001
245.41,0.105,0,0.600,0.629,1,0.000,0.000,0.000,0.000,0.000,0.000,-0.018,-0.003
245.61,0.105,0,0.600,0.629,1,0.000,0.000,0.000,0.000,0.000,0.000,-0.013,0.002
245.81,0.105,0,0.598,0.630,1,0.000,0.000,0.000,0.000,0.000,0.000,-0.013,0.002
246.01,0.106,0,0.598,0.630,1,0.000,0.000,0.000,0.000,0.000,0.000,-0.011,0.002
246.21,0.105,0,0.598,0.630,1,0.000,0.000,0.000,0.000,0.000,0.000,-0.008,0.005
246.41,0.105,0,0.602,0.631,1,0.000,0.000,0.000,0.000,0.000,0.000,-0.007,0.001
246.61,0.105,0,0.602,0.631,1,0.000,0.000,0.000,0.000,0.000,0.000,-0.007,0.001
246.81,0.106,0,0.600,0.630,1,0.000,0.000,0.000,0.000,0.000,0.000,-0.003,0.001
247.01,0.105,0,0.600,0.630,1,0.000,0.000,0.000,0.000,0.000,0.000,-0.012,0.001
247.21,0.105,0,0.600,0.630,1,0.000,0.000,0.000,0.000,0.000,0.000,-0.011,0.003
247.41,0.106,0,0.600,0.631,1,0.000,0.000,0.000,0.000,0.000,0.000,-0.011,0.003
247.61,0.105,0,0.600,0.631,1,0.000,0.000,0.000,0.000,0.000,0.000,-0.008,0.010
247.81,0.105,0,0.601,0.630,1,0.000,0.000,0.000,0.000,0.000,0.000,-0.005,-0.000
248.01,0.105,0,0.601,0.630,1,0.000,0.000,0.000,0.000,0.000,0.000,-0.007,0.000
248.21,0.105,0,0.601,0.630,1,0.000,0.000,0.000,0.000,0.000,0.000,-0.014,-0.003
248.41,0.105,0,0.597,0.630,1,0.000,0.000,0.000,0.000,0.000,0.000,-0.014,-0.003
248.61,0.105,0,0.597,0.630,1,0.000,0.000,0.000,0.000,0.000,0.000,-0.004,-0.002
248.81,0.106,0,0.601,0.629,1,0.000,0.000,0.000,0.000,0.000,0.000,-0.018,-0.007
249.01,0.106,0,0.601,0.629,1,0.000,0.000,0.000,0.000,0.000,0.000,-0.019,-0.000
249.21,0.106,0,0.601,0.629,1,0.000,0.000,0.000,0.000,0.000,0.000,-0.019,-0.000
249.41,0.105,0,0.601,0.630,1,0.000,0.000,0.000,0.000,0.000,0.000,-0.002,0.004
249.61,0.105,0,0.601,0.630,1,0.000,0.000,0.000,0.000,0.000,0.000,-0.004,-0.006
249.81,0.105,0,0.601,0.631,1,0.000,0.000,0.000,0.000,0.000,0.000,-0.011,-0.002
250.01,0.105,0,0.601,0.631,1,0.000,0.000,0.000,0.000,0.000,0.000,-0.011,-0.002
250.21,0.105,0,0.601,0.631,1,0.000,0.000,0.000,0.000,0.000,0.000,-0.010,-0.008
250.41,0.105,0,0.601,0.631,1,0.000,0.000,0.000,0.000,0.000,0.000,-0.005,0.002
250.61,0.105,0,0.601,0.631,1,0.000,0.000,0.000,0.000,0.000,0.000,-0.005,-0.002
250.81,0.105,0,0.601,0.626,1,0.000,0.000,0.000,0.000,0.000,0.000,-0.011,-0.003
251.01,0.106,0,0.601,0.626,1,0.000,0.000,0.000,0.000,0.000,0.000,-0.011,-0.003
251.21,0.105,0,0.601,0.626,1,0.000,0.000,0.000,0.000,0.000,0.000,-0.016,-0.002
251.41,0.105,0,0.601,0.629,1,0.000,0.000,0.000,0.000,0.000,0.000,-0.007,-0.001
251.61,0.105,0,0.601,0.629,1,0.000,0.000,0.000,0.000,0.000,0.000,-0.022,-0.002
251.81,0.105,0,0.594,0.625,1,0.000,0.000,0.000,0.000,0.000,0.000,-0.022,-0.002
252.01,0.105,0,0.594,0.625,1,0.000,0.000,0.000,0.000,0.000,0.000,0.001,-0.001
252.21,0.106,0,0.594,0.625,1,0.000,0.000,0.000,0.000,0.000,0.000,-0.006,0.001
252.41,0.106,0,0.593,0.617,1,0.000,0.000,0.000,0.000,0.000,0.000,-0.011,-0.006
252.61,0.106,0,0.593,0.617,1,0.000,0.000,0.000,0.000,0.000,0.000,-0.005,0.002
252.81,0.105,0,0.588,0.620,1,0.000,0.000,0.000,0.000,0.000,0.000,-0.005,0.002
253.01,0.105,0,0.588,0.620,1,0.000,0.000,0.000,0.000,0.000,0.000,-0.000,0.002
253.21,0.105,0,0.588,0.620,1,0.000,0.000,0.000,0.000,0.000,0.000,-0.001,0.008
253.41,0.105,0,0.592,0.625,1,0.000,0.000,0.000,0.000,0.000,0.000,0.000,0.000
253.61,0.105,0,0.592,0.625,1,0.000,0.000,0.000,0.000,0.000,0.000,0.000,0.000
253.81,0.105,0,0.593,0.625,1,0.000,0.000,0.000,0.000,0.000,0.000,-0.004,0.009
254.01,0.105,0,0.593,0.625,1,0.000,0.000,0.000,0.000,0.000,0.000,-0.001,0.000
254.21,0.105,0,0.593,0.625,1,0.000,0.000,0.000,0.000,0.000,0.000,-0.007,0.003
254.41,0.105,0,0.590,0.620,1,0.000,0.000,0.000,0.000,0.000,0.000,-0.007,0.003
254.61,0.105,0,0.590,0.620,1,0.000,0.000,0.000,0.000,0.000,0.000,-0.008,0.001
254.81,0.105,0,0.582,0.616,1,0.000,0.000,0.000,0.000,0.000,0.000,-0.007,0.004
255.01,0.105,0,0.582,0.616,1,0.000,0.000,0.000,0.000,0.000,0.000,-0.005,0.006
255.21,0.106,0,0.582,0.616,1,0.000,0.000,0.000,0.000,0.000,0.000,0.003,0.001
255.41,0.105,0,0.583,0.613,1,0.000,0.000,0.000,0.000,0.000,0.000,0.003,0.001
255.61,0.105,0,0.583,0.613,1,0.000,0.000,0.000,0.000,0.000,0.000,-0.001,0.010
255.81,0.105,0,0.582,0.614,1,0.000,0.000,0.000,0.000,0.000,0.000,0.006,0.013
256.01,0.105,0,0.582,0.614,1,0.000,0.000,0.000,0.000,0.000,0.000,-0.009,0.002
256.21,0.105,0,0.582,0.614,1,0.000,0.000,0.000,0.000,0.000,0.000,-0.009,0.002
256.41,0.105,0,0.585,0.617,1,0.000,0.000,0.000,0.000,0.000,0.000,-0.001,-0.001
256.61,0.106,0,0.585,0.617,1,0.000,0.000,0.000,0.000,0.000,0.000,0.001,0.010
256.81,0.106,0,0.595,0.624,1,0.000,0.000,0.000,0.000,0.000,0.000,-0.001,0.008
257.01,0.105,0,0.595,0.624,1,0.000,0.000,0.000,0.000,0.000,0.000,-0.001,0.008
257.21,0.105,0,0.595,0.624,1,0.000,0.000,0.000,0.000,0.000,0.000,-0.005,0.001
257.41,0.105,0,0.596,0.631,1,0.000,0.000,0.000,0.000,0.000,0.000,0.004,0.006
257.61,0.105,0,0.596,0.631,1,0.000,0.000,0.000,0.000,0.000,0.000,-0.007,-0.002
257.81,0.105,0,0.600,0.631,1,0.000,0.000,0.000,0.000,0.000,0.000,-0.005,0.005
258.01,0.105,0,0.600,0.631,1,0.000,0.000,0.000,0.000,0.000,0.000,-0.005,0.005
258.21,0.105,0,0.600,0.631,1,0.000,0.000,0.000,0.000,0.000,0.000,-0.011,-0.003
258.41,0.105,0,0.599,0.647,1,0.000,0.000,0.000,0.000,0.000,0.000,-0.022,0.001
258.61,0.105,0,0.599,0.647,1,0.000,0.000,0.000,0.000,0.000,0.000,-0.018,-0.006
258.81,0.105,0,0.626,0.439,1,0.000,0.000,0.000,0.000,0.000,0.000,-0.018,-0.006
259.01,0.105,0,0.626,0.439,1,0.000,0.000,0.000,0.000,0.000,0.000,0.001,0.003
259.21,0.105,0,0.626,0.439,1,0.000,0.000,0.000,0.000,0.000,0.000,-0.006,-0.001
259.41,0.105,0,0.629,0.554,1,0.000,0.000,0.000,0.000,0.000,0.000,-0.000,0.004
259.61,0.105,0,0.629,0.554,1,0.000,0.000,0.000,0.000,0.000,0.000,-0.000,0.004
259.81,0.105,0,0.620,0.659,1,0.000,0.000,0.000,0.000,0.000,0.000,-0.011,0.000
260.01,0.105,0,0.620,0.659,1,0.000,0.000,0.000,0.000,0.000,0.000,-0.008,0.003
260.21,0.105,0,0.620,0.659,1,0.000,0.000,0.000,0.000,0.000,0.000,-0.014,0.002
260.41,0.105,0,0.627,0.657,1,0.000,0.000,0.000,0.000,0.000,0.000,-0.013,-0.000
260.61,0.105,0,0.627,0.657,1,0.000,0.000,0.000,0.000,0.000,0.000,-0.013,-0.000
260.81,0.105,0,0.620,0.652,1,0.000,0.000,0.000,0.000,0.000,0.000,-0.013,0.000
261.01,0.105,0,0.620,0.652,1,0.000,0.000,0.000,0.000,0.000,0.000,-0.008,-0.005
261.21,0.105,0,0.620,0.652,1,0.000,0.000,0.000,0.000,0.000,0.000,-0.013,0.003
261.41,0.105,0,0.621,0.652,1,0.000,0.000,0.000,0.000,0.000,0.000,-0.013,0.003
261.61,0.105,0,0.621,0.652,1,0.000,0.000,0.000,0.000,0.000,0.000,-0.013,0.001
261.81,0.105,0,0.617,0.648,1,0.000,0.000,0.000,0.000,0.000,0.000,-0.006,0.001
262.01,0.105,0,0.617,0.648,1,0.000,0.000,0.000,0.000,0.000,0.000,-0.006,-0.004
262.21,0.105,0,0.617,0.648,1,0.000,0.000,0.000,0.000,0.000,0.000,-0.013,0.007
262.41,0.105,0,0.612,0.647,1,0.000,0.000,0.000,0.000,0.000,0.000,-0.013,0.007
262.61,0.105,0,0.612,0.647,1,0.000,0.000,0.000,0.000,0.000,0.000,-0.001,-0.003
262.81,0.105,0,0.613,0.640,1,0.000,0.000,0.000,0.000,0.000,0.000,-0.014,-0.007
263.01,0.105,0,0.613,0.640,1,0.000,0.000,0.000,0.000,0.000,0.000,-0.000,-0.002
263.21,0.105,0,0.613,0.640,1,0.000,0.000,0.000,0.000,0.000,0.000,-0.000,-0.002
263.41,0.105,0,0.615,0.648,1,0.000,0.000,0.000,0.000,0.000,0.000,-0.019,-0.008
263.61,0.105,0,0.615,0.648,1,0.000,0.000,0.000,0.000,0.000,0.000,-0.003,0.005
263.81,0.105,0,0.616,0.648,1,0.000,0.000,0.000,0.000,0.000,0.000,-0.007,-0.004
264.01,0.105,0,0.616,0.648,1,0.000,0.000,0.000,0.000,0.000,0.000,-0.007,-0.004
264.21,0.106,0,0.616,0.648,1,0.000,0.000,0.000,0.000,0.000,0.000,-0.015,-0.002
264.41,0.105,0,0.615,0.648,1,0.000,0.000,0.000,0.000,0.000,0.000,-0.006,0.001
264.61,0.105,0,0.615,0.648,1,0.000,0.000,0.000,0.000,0.000,0.000,-0.005,0.004
264.81,0.105,0,0.617,0.652,1,0.000,0.000,0.000,0.000,0.000,0.000,-0.007,0.002
265.01,0.105,0,0.617,0.652,1,0.000,0.000,0.000,0.000,0.000,0.000,-0.007,0.002
265.21,0.105,0,0.617,0.652,1,0.000,0.000,0.000,0.000,0.000,0.000,0.001,0.011
265.41,0.105,0,0.620,0.659,1,0.000,0.000,0.000,0.000,0.000,0.000,-0.027,-0.009
265.61,0.105,0,0.620,0.659,1,0.000,0.000,0.000,0.000,0.000,0.000,-0.020,-0.004
265.81,0.105,0,0.639,0.665,1,0.000,0.000,0.000,0.000,0.000,0.000,-0.020,-0.004
266.01,0.106,0,0.639,0.665,1,0.000,0.000,0.000,0.000,0.000,0.000,-0.015,0.005
266.21,0.105,0,0.639,0.665,1,0.000,0.000,0.000,0.000,0.000,0.000,-0.009,-0.001
266.41,0.105,0,0.632,0.662,1,0.000,0.000,0.000,0.000,0.000,0.000,-0.004,-0.002
266.61,0.105,0,0.632,0.662,1,0.000,0.000,0.000,0.000,0.000,0.000,-0.004,-0.002
266.81,0.105,0,0.630,0.662,1,0.000,0.000,0.000,0.000,0.000,0.000,-0.011,-0.008
267.01,0.105,0,0.630,0.662,1,0.000,0.000,0.000,0.000,0.000,0.000,-0.001,0.006
267.21,0.105,0,0.630,0.662,1,0.000,0.000,0.000,0.000,0.000,0.000,-0.010,0.004
267.41,0.105,0,0.629,0.658,1,0.000,0.000,0.000,0.000,0.000,0.000,0.001,0.004
267.61,0.105,0,0.629,0.658,1,0.000,0.000,0.000,0.000,0.000,0.000,0.001,0.004
267.81,0.105,0,0.624,0.657,1,0.000,0.000,0.000,0.000,0.000,0.000,-0.001,0.002
268.01,0.105,0,0.624,0.657,1,0.000,0.000,0.000,0.000,0.000,0.000,-0.017,0.002
268.21,0.105,0,0.624,0.657,1,0.000,0.000,0.000,0.000,0.000,0.000,-0.026,-0.002
268.41,0.105,0,0.632,0.660,1,0.000,0.000,0.000,0.000,0.000,0.000,-0.026,-0.002
268.61,0.106,0,0.632,0.660,1,0.000,0.000,0.000,0.000,0.000,0.000,-0.009,-0.001
268.81,0.105,0,0.636,0.663,1,0.000,0.000,0.000,0.000,0.000,0.000,-0.021,-0.005
269.01,0.105,0,0.636,0.663,1,0.000,0.000,0.000,0.000,0.000,0.000,-0.036,0.002
269.21,0.105,0,0.636,0.663,1,0.000,0.000,0.000,0.000,0.000,0.000,-0.036,0.002
269.41,0.105,0,0.629,0.660,1,0.000,0.000,0.000,0.000,0.000,0.000,-0.010,0.003
269.61,0.105,0,0.629,0.660,1,0.000,0.000,0.000,0.000,0.000,0.000,-0.010,0.001
269.81,0.105,0,0.627,0.658,1,0.000,0.000,0.000,0.000,0.000,0.000,-0.011,0.000
270.01,0.105,0,0.627,0.658,1,0.000,0.000,0.000,0.000,0.000,0.000,-0.008,0.005
270.21,0.105,0,0.627,0.658,1,0.000,0.000,0.000,0.000,0.000,0.000,-0.008,0.005
270.41,0.105,0,0.625,0.657,1,0.000,0.000,0.000,0.000,0.000,0.000,-0.013,0.007
270.61,0.105,0,0.625,0.657,1,0.000,0.000,0.000,0.000,0.000,0.000,-0.013,0.003
270.81,0.105,0,0.626,0.656,1,0.000,0.000,0.000,0.000,0.000,0.000,-0.016,0.002
271.01,0.105,0,0.626,0.656,1,0.000,0.000,0.000,0.000,0.000,0.000,-0.016,0.002
271.21,0.105,0,0.626,0.656,1,0.000,0.000,0.000,0.000,0.000,0.000,-0.021,-0.004
271.41,0.105,0,0.627,0.657,1,0.000,0.000,0.000,0.000,0.000,0.000,-0.010,0.000
271.61,0.105,0,0.627,0.657,1,0.000,0.000,0.000,0.000,0.000,0.000,-0.020,0.005
271.81,0.105,0,0.626,0.659,1,0.000,0.000,0.000,0.000,0.000,0.000,-0.020,0.005
272.01,0.105,0,0.626,0.659,1,0.000,0.000,0.000,0.000,0.000,0.000,-0.020,0.010
272.21,0.105,0,0.626,0.659,1,0.000,0.000,0.000,0.000,0.000,0.000,-0.006,0.004
272.41,0.105,0,0.627,0.659,1,0.000,0.000,0.000,0.000,0.000,0.000,-0.009,-0.002
272.61,0.106,0,0.627,0.659,1,0.000,0.000,0.000,0.000,0.000,0.000,-0.018,-0.001
272.81,0.105,0,0.634,0.659,1,0.000,0.000,0.000,0.000,0.000,0.000,-0.018,-0.001
273.01,0.105,0,0.634,0.659,1,0.000,0.000,0.000,0.000,0.000,0.000,-0.016,-0.002
273.21,0.105,0,0.634,0.659,1,0.000,0.000,0.000,0.000,0.000,0.000,-0.009,0.001
273.41,0.105,0,0.631,0.659,1,0.000,0.000,0.000,0.000,0.000,0.000,-0.010,0.002
273.61,0.106,0,0.631,0.659,1,0.000,0.000,0.000,0.000,0.000,0.000,-0.010,0.002
273.81,0.105,0,0.631,0.658,1,0.000,0.000,0.000,0.000,0.000,0.000,-0.023,-0.002
274.01,0.106,0,0.631,0.658,1,0.000,0.000,0.000,0.000,0.000,0.000,-0.024,-0.009
274.21,0.106,0,0.631,0.658,1,0.000,0.000,0.000,0.000,0.000,0.000,-0.009,-0.000
274.41,0.105,0,0.632,0.658,1,0.000,0.000,0.000,0.000,0.000,0.000,-0.009,-0.000
274.61,0.105,0,0.632,0.658,1,0.000,0.000,0.000,0.000,0.000,0.000,-0.012,0.003
274.81,0.105,0,0.630,0.657,1,0.000,0.000,0.000,0.000,0.000,0.000,-0.025,-0.004
275.01,0.105,0,0.630,0.657,1,0.000,0.000,0.000,0.000,0.000,0.000,-0.014,0.000
275.21,0.105,0,0.630,0.657,1,0.000,0.000,0.000,0.000,0.000,0.000,-0.023,-0.002
275.41,0.105,0,0.633,0.658,1,0.000,0.000,0.000,0.000,0.000,0.000,-0.023,-0.002
275.61,0.106,0,0.633,0.658,1,0.000,0.000,0.000,0.000,0.000,0.000,-0.017,0.007
275.81,0.105,0,0.638,0.658,1,0.000,0.000,0.000,0.000,0.000,0.000,-0.016,0.009
276.01,0.105,0,0.638,0.658,1,0.000,0.000,0.000,0.000,0.000,0.000,-0.010,0.004
276.21,0.105,0,0.638,0.658,1,0.000,0.000,0.000,0.000,0.000,0.000,-0.010,0.004
276.41,0.105,0,0.630,0.658,1,0.000,0.000,0.000,0.000,0.000,0.000,-0.011,-0.001
276.61,0.105,0,0.630,0.658,1,0.000,0.000,0.000,0.000,0.000,0.000,-0.014,0.004
276.81,0.105,0,0.627,0.657,1,0.000,0.000,0.000,0.000,0.000,0.000,-0.000,0.001
277.01,0.105,0,0.627,0.657,1,0.000,0.000,0.000,0.000,0.000,0.000,-0.000,0.001
277.21,0.105,0,0.627,0.657,1,0.000,0.000,0.000,0.000,0.000,0.000,-0.015,-0.005
277.41,0.105,0,0.629,0.656,1,0.000,0.000,0.000,0.000,0.000,0.000,-0.022,-0.003
277.61,0.105,0,0.629,0.656,1,0.000,0.000,0.000,0.000,0.000,0.000,-0.026,-0.004
277.81,0.106,0,0.624,0.657,1,0.000,0.000,0.000,0.000,0.000,0.000,-0.013,-0.002
278.01,0.105,0,0.624,0.657,1,0.000,0.000,0.000,0.000,0.000,0.000,-0.013,-0.002
278.21,0.105,0,0.624,0.657,1,0.000,0.000,0.000,0.000,0.000,0.000,-0.022,-0.005
278.41,0.105,0,0.633,0.656,1,0.000,0.000,0.000,0.000,0.000,0.000,-0.024,-0.002
278.61,0.105,0,0.633,0.656,1,0.000,0.000,0.000,0.000,0.000,0.000,-0.026,-0.007
278.81,0.106,0,0.626,0.649,1,0.000,0.000,0.000,0.000,0.000,0.000,-0.026,-0.007
279.01,0.105,0,0.626,0.649,1,0.000,0.000,0.000,0.000,0.000,0.000,-0.032,-0.002
279.21,0.105,0,0.626,0.649,1,0.000,0.000,0.000,0.000,0.000,0.000,-0.020,-0.007
279.41,0.105,0,0.574,0.578,1,0.000,0.000,0.000,0.000,0.000,0.000,-0.003,0.001
279.61,0.105,0,0.574,0.578,1,0.000,0.000,0.000,0.000,0.000,0.000,-0.003,0.001
279.81,0.106,0,0.513,0.524,1,0.000,0.000,0.000,0.000,0.000,0.000,-0.006,-0.001
280.01,0.105,0,0.513,0.524,1,0.000,0.000,0.000,0.000,0.000,0.000,0.001,0.001
280.21,0.105,0,0.513,0.524,1,0.000,0.000,0.000,0.000,0.000,0.000,-0.001,-0.001
280.41,0.105,0,0.467,0.485,1,0.000,0.000,0.000,0.000,0.000,0.000,0.001,0.004
280.61,0.105,0,0.467,0.485,1,0.000,0.000,0.000,0.000,0.000,0.000,0.001,0.004
280.81,0.105,0,0.428,0.453,1,0.000,0.000,0.000,0.000,0.000,0.000,0.004,0.013
281.01,0.106,0,0.428,0.453,1,0.000,0.000,0.000,0.000,0.000,0.000,0.002,-0.004
281.21,0.106,0,0.428,0.453,1,0.000,0.000,0.000,0.000,0.000,0.000,0.043,0.115
281.41,0.105,0,0.407,0.456,1,0.000,0.000,0.000,0.000,0.000,0.000,0.043,0.115
281.61,0.105,0,0.407,0.456,1,0.000,0.000,0.000,0.000,0.000,0.000,0.043,0.115
281.81,0.401,0,0.415,0.470,1,0.000,0.000,0.000,0.000,0.000,0.000,0.043,0.115
282.01,0.401,0,0.415,0.470,1,0.000,0.000,0.000,0.000,0.000,0.000,0.043,0.115
282.21,0.407,0,0.415,0.470,1,0.000,0.000,0.000,0.000,0.000,0.000,0.043,0.115
282.41,0.405,0,0.417,0.470,1,0.000,0.000,0.000,0.000,0.000,0.000,0.043,0.115
282.61,0.402,0,0.417,0.470,1,0.000,0.000,0.000,0.000,0.000,0.000,0.043,0.115
282.81,0.402,0,0.404,0.452,1,0.000,0.000,0.000,0.000,0.000,0.000,0.043,0.115
283.01,0.394,0,0.404,0.452,1,0.000,0.000,0.000,0.000,0.000,0.000,0.063,0.102
283.21,0.105,0,0.404,0.452,1,0.000,0.000,0.000,0.000,0.000,0.000,0.063,0.102
283.41,0.105,0,0.401,0.457,1,0.000,0.000,0.000,0.000,0.000,0.000,0.056,0.160
283.61,0.410,0,0.401,0.457,1,0.000,0.000,0.000,0.000,0.000,0.000,0.017,0.162
283.81,0.410,0,0.420,0.479,1,0.000,0.000,0.000,0.000,0.000,0.000,0.047,0.138
284.01,0.410,0,0.420,0.479,1,0.000,0.000,0.000,0.000,0.000,0.000,0.047,0.138
284.21,0.423,0,0.420,0.479,1,0.000,0.000,0.000,0.000,0.000,0.000,0.042,0.140
284.41,0.410,0,0.432,0.475,1,0.000,0.000,0.000,0.000,0.000,0.000,0.031,0.127
284.61,0.410,0,0.432,0.475,1,0.000,0.000,0.000,0.000,0.000,0.000,0.010,0.090
284.81,0.105,0,0.416,0.445,1,0.000,0.000,0.000,0.000,0.000,0.000,0.010,0.090
285.01,0.106,0,0.416,0.445,1,0.000,0.000,0.000,0.000,0.000,0.000,0.033,0.096
285.21,0.105,0,0.416,0.445,1,0.000,0.000,0.000,0.000,0.000,0.000,0.047,0.118
285.41,0.105,0,0.406,0.436,1,0.000,0.000,0.000,0.000,0.000,0.000,0.050,0.120
285.61,0.105,0,0.406,0.436,1,0.000,0.000,0.000,0.000,0.000,0.000,0.063,0.122
285.81,0.105,0,0.412,0.450,1,0.000,0.000,0.000,0.000,0.000,0.000,0.063,0.122
286.01,0.105,0,0.412,0.450,1,0.000,0.000,0.000,0.000,0.000,0.000,0.060,0.174
286.21,0.105,0,0.412,0.450,1,0.000,0.000,0.000,0.000,0.000,0.000,0.071,0.190
286.41,0.105,0,0.436,0.490,1,0.000,0.000,0.000,0.000,0.000,0.000,0.059,0.180
286.61,0.417,0,0.436,0.490,1,0.000,0.000,0.000,0.000,0.000,0.000,0.059,0.180
286.81,0.412,0,0.456,0.503,1,0.000,0.000,0.000,0.000,0.000,0.000,0.052,0.145
287.01,0.420,0,0.456,0.503,1,0.000,0.000,0.000,0.000,0.000,0.000,0.044,0.146
287.21,0.420,0,0.456,0.503,1,0.000,0.000,0.000,0.000,0.000,0.000,0.027,0.153
287.41,0.415,0,0.466,0.512,1,0.000,0.000,0.000,0.000,0.000,0.000,0.021,0.159
287.61,0.407,0,0.466,0.512,1,0.000,0.000,0.000,0.000,0.000,0.000,0.021,0.159
287.81,0.424,0,0.468,0.510,1,0.000,0.000,0.000,0.000,0.000,0.000,0.017,0.157
288.01,0.424,0,0.468,0.510,1,0.000,0.000,0.000,0.000,0.000,0.000,0.020,0.146
288.21,0.415,0,0.468,0.510,1,0.000,0.000,0.000,0.000,0.000,0.000,0.034,0.151
288.41,0.417,0,0.463,0.509,1,0.000,0.000,0.000,0.000,0.000,0.000,0.034,0.151
288.61,0.407,0,0.463,0.509,1,0.000,0.000,0.000,0.000,0.000,0.000,0.036,0.156
288.81,0.419,0,0.460,0.509,1,0.000,0.000,0.000,0.000,0.000,0.000,0.044,0.146
289.01,0.419,0,0.460,0.509,1,0.000,0.000,0.000,0.000,0.000,0.000,0.036,0.152
289.21,0.414,0,0.460,0.509,1,0.000,0.000,0.000,0.000,0.000,0.000,0.036,0.152
289.41,0.414,0,0.454,0.507,1,0.000,0.000,0.000,0.000,0.000,0.000,0.030,0.151
289.61,0.445,0,0.454,0.507,1,0.000,0.000,0.000,0.000,0.000,0.000,0.044,0.148
289.81,0.445,0,0.450,0.504,1,0.000,0.000,0.000,0.000,0.000,0.000,0.037,0.155
290.01,0.407,0,0.450,0.504,1,0.000,0.000,0.000,0.000,0.000,0.000,0.034,0.158
290.21,0.410,0,0.450,0.504,1,0.000,0.000,0.000,0.000,0.000,0.000,0.034,0.158
290.41,0.408,0,0.451,0.503,1,0.000,0.000,0.000,0.000,0.000,0.000,0.036,0.156
290.61,0.408,0,0.451,0.503,1,0.000,0.000,0.000,0.000,0.000,0.000,0.037,0.152
290.81,0.410,0,0.449,0.504,1,0.000,0.000,0.000,0.000,0.000,0.000,0.034,0.158
291.01,0.408,0,0.449,0.504,1,0.000,0.000,0.000,0.000,0.000,0.000,0.034,0.158
291.21,0.407,0,0.449,0.504,1,0.000,0.000,0.000,0.000,0.000,0.000,0.036,0.162
291.41,0.415,0,0.455,0.511,1,0.000,0.000,0.000,0.000,0.000,0.000,0.039,0.160
291.61,0.415,0,0.455,0.511,1,0.000,0.000,0.000,0.000,0.000,0.000,0.040,0.150
291.81,0.412,0,0.452,0.496,1,0.000,0.000,0.000,0.000,0.000,0.000,0.040,0.150
292.01,0.415,0,0.452,0.496,1,0.000,0.000,0.000,0.000,0.000,0.000,0.039,0.153
292.21,0.420,0,0.452,0.496,1,0.000,0.000,0.000,0.000,0.000,0.000,0.035,0.157
292.41,0.420,0,0.440,0.486,1,0.000,0.000,0.000,0.000,0.000,0.000,0.057,0.164
292.61,0.424,0,0.440,0.486,1,0.000,0.000,0.000,0.000,0.000,0.000,0.057,0.164
292.81,0.105,0,0.414,0.478,1,0.000,0.000,0.000,0.000,0.000,0.000,0.059,0.187
293.01,0.105,0,0.414,0.478,1,0.000,0.000,0.000,0.000,0.000,0.000,0.060,0.206
293.21,0.105,0,0.414,0.478,1,0.000,0.000,0.000,0.000,0.000,0.000,0.047,0.202
293.41,0.106,0,0.413,0.482,1,0.000,0.000,0.000,0.000,0.000,0.000,0.051,0.197
293.61,0.105,0,0.413,0.482,1,0.000,0.000,0.000,0.000,0.000,0.000,0.051,0.197
293.81,0.398,0,0.408,0.487,1,0.000,0.000,0.000,0.000,0.000,0.000,0.034,0.222
294.01,0.398,0,0.408,0.487,1,0.000,0.000,0.000,0.000,0.000,0.000,0.028,0.217
294.21,0.398,0,0.408,0.487,1,0.000,0.000,0.000,0.000,0.000,0.000,0.017,0.215
294.41,0.401,0,0.411,0.476,1,0.000,0.000,0.000,0.000,0.000,0.000,0.017,0.215
294.61,0.105,0,0.411,0.476,1,0.000,0.000,0.000,0.000,0.000,0.000,0.015,0.224
294.81,0.105,0,0.406,0.465,1,0.000,0.000,0.000,0.000,0.000,0.000,0.006,0.231
295.01,0.105,0,0.406,0.465,1,0.000,0.000,0.000,0.000,0.000,0.000,0.012,0.215
295.21,0.105,0,0.406,0.465,1,0.000,0.000,0.000,0.000,0.000,0.000,0.012,0.215
295.41,0.105,0,0.407,2.495,0,0.000,0.000,0.000,0.000,0.000,0.000,0.035,0.223
295.61,0.105,0,0.407,2.495,0,0.000,0.000,0.000,0.000,0.000,0.000,0.014,0.212
295.81,0.105,0,0.426,2.489,0,0.000,0.000,0.000,0.000,0.000,0.000,0.027,0.193
296.01,0.105,0,0.426,2.489,0,0.000,0.000,0.000,0.000,0.000,0.000,0.018,0.192
296.21,0.105,0,0.426,2.489,0,0.000,0.000,0.000,0.000,0.000,0.000,0.018,0.192
296.41,0.105,0,0.428,2.487,0,0.000,0.000,0.000,0.000,0.000,0.000,0.013,0.192
296.61,0.105,0,0.428,2.487,0,0.000,0.000,0.000,0.000,0.000,0.000,0.003,0.191
296.81,0.105,0,0.431,2.482,0,0.000,0.000,0.000,0.000,0.000,0.000,0.014,0.219
297.01,0.105,0,0.431,2.482,0,0.000,0.000,0.000,0.000,0.000,0.000,0.014,0.219
297.21,0.105,0,0.431,2.482,0,0.000,0.000,0.000,0.000,0.000,0.000,-0.013,0.272
297.41,0.106,0,2.367,2.459,1,0.000,0.000,0.000,0.000,0.000,0.000,0.020,0.204
297.61,0.106,0,2.367,2.459,1,0.000,0.000,0.000,0.000,0.000,0.000,0.010,0.205
297.81,0.106,0,2.363,2.457,1,0.000,0.000,0.000,0.000,0.000,0.000,0.010,0.205
298.01,0.372,0,2.363,2.457,1,0.000,0.000,0.000,0.000,0.000,0.000,0.006,0.206
298.21,0.105,0,2.363,2.457,1,0.000,0.000,0.000,0.000,0.000,0.000,0.016,0.159
298.41,0.105,0,2.361,2.477,1,0.000,0.000,0.000,0.000,0.000,0.000,0.023,0.135
298.61,0.105,0,2.361,2.477,1,0.000,0.000,0.000,0.000,0.000,0.000,0.047,0.142
298.81,0.105,0,0.412,0.425,1,0.000,0.000,0.000,0.000,0.000,0.000,0.047,0.142
299.01,0.400,0,0.412,0.425,1,0.000,0.000,0.000,0.000,0.000,0.000,0.028,0.142
299.21,0.388,0,0.412,0.425,1,0.000,0.000,0.000,0.000,0.000,0.000,-0.004,0.149
299.41,0.388,0,0.398,0.462,1,0.000,0.000,0.000,0.000,0.000,0.000,-0.007,0.144
299.61,0.106,0,0.398,0.462,1,0.000,0.000,0.000,0.000,0.000,0.000,-0.007,0.144
299.81,0.411,0,0.421,0.473,1,0.000,0.000,0.000,0.000,0.000,0.000,-0.023,0.139
300.01,0.105,0,0.421,0.473,1,0.000,0.000,0.000,0.000,0.000,0.000,-0.033,0.111
300.21,0.105,0,0.421,0.473,1,0.000,0.000,0.000,0.000,0.000,0.000,-0.044,0.105
300.41,0.105,0,0.405,0.450,1,0.000,0.000,0.000,0.000,0.000,0.000,-0.044,0.105
300.61,0.396,0,0.405,0.450,1,0.000,0.000,0.000,0.000,0.000,0.000,-0.012,0.102
300.81,0.106,0,0.404,0.444,1,0.000,0.000,0.000,0.000,0.000,0.000,-0.029,0.097
301.01,0.106,0,0.404,0.444,1,0.000,0.000,0.000,0.000,0.000,0.000,-0.014,0.072
301.21,0.106,0,0.404,0.444,1,0.000,0.000,0.000,0.000,0.000,0.000,-0.014,0.072
301.41,0.105,0,0.423,0.431,1,0.000,0.000,0.000,0.000,0.000,0.000,-0.013,0.115
301.61,0.384,0,0.423,0.431,1,0.000,0.000,0.000,0.000,0.000,0.000,-0.009,0.122
301.81,0.105,0,0.402,0.448,1,0.000,0.000,0.000,0.000,0.000,0.000,0.021,0.153
302.01,0.105,0,0.402,0.448,1,0.000,0.000,0.000,0.000,0.000,0.000,0.029,0.172
302.21,0.105,0,0.402,0.448,1,0.000,0.000,0.000,0.000,0.000,0.000,0.029,0.172
302.41,0.105,0,0.432,0.487,1,0.000,0.000,0.000,0.000,0.000,0.000,0.007,0.176
302.61,0.105,0,0.432,0.487,1,0.000,0.000,0.000,0.000,0.000,0.000,0.005,0.159
302.81,0.105,0,0.450,0.477,1,0.000,0.000,0.000,0.000,0.000,0.000,-0.001,0.182
303.01,0.417,0,0.450,0.477,1,0.000,0.000,0.000,0.000,0.000,0.000,-0.001,0.182
303.21,0.417,0,0.450,0.477,1,0.000,0.000,0.000,0.000,0.000,0.000,0.001,0.163
303.41,0.423,0,0.461,0.483,1,0.000,0.000,0.000,0.000,0.000,0.000,-0.008,0.162
303.61,0.423,0,0.461,0.483,1,0.000,0.000,0.000,0.000,0.000,0.000,-0.016,0.156
303.81,0.424,0,0.471,0.487,1,0.000,0.000,0.000,0.000,0.000,0.000,-0.016,0.156
304.01,0.456,0,0.471,0.487,1,0.000,0.000,0.000,0.000,0.000,0.000,-0.014,0.158
304.21,0.431,0,0.471,0.487,1,0.000,0.000,0.000,0.000,0.000,0.000,-0.020,0.157
304.41,0.431,0,0.483,0.520,1,0.000,0.000,0.000,0.000,0.000,0.000,-0.034,0.158
304.61,0.423,0,0.483,0.520,1,0.000,0.000,0.000,0.000,0.000,0.000,-0.030,0.158
304.81,0.417,0,0.592,0.676,1,0.000,0.000,0.000,0.000,0.000,0.000,-0.030,0.158
305.01,0.421,0,0.592,0.676,1,0.000,0.000,0.000,0.000,0.000,0.000,-0.032,0.158
305.21,0.417,0,0.592,0.676,1,0.000,0.000,0.000,0.000,0.000,0.000,-0.017,0.162
305.41,0.417,0,0.677,0.735,1,0.000,0.000,0.000,0.000,0.000,0.000,-0.028,0.155
305.61,0.421,0,0.677,0.735,1,0.000,0.000,0.000,0.000,0.000,0.000,-0.028,0.155
305.81,0.417,0,0.685,0.741,1,0.000,0.000,0.000,0.000,0.000,0.000,-0.030,0.157
306.01,0.419,0,0.685,0.741,1,0.000,0.000,0.000,0.000,0.000,0.000,-0.033,0.150
306.21,0.419,0,0.685,0.741,1,0.000,0.000,0.000,0.000,0.000,0.000,-0.023,0.157
306.41,0.424,0,0.680,0.730,1,0.000,0.000,0.000,0.000,0.000,0.000,-0.023,0.157
306.61,0.423,0,0.680,0.730,1,0.000,0.000,0.000,0.000,0.000,0.000,-0.030,0.161
306.81,0.431,0,0.668,0.728,1,0.000,0.000,0.000,0.000,0.000,0.000,-0.033,0.154
307.01,0.431,0,0.668,0.728,1,0.000,0.000,0.000,0.000,0.000,0.000,-0.030,0.159
307.21,0.421,0,0.668,0.728,1,0.000,0.000,0.000,0.000,0.000,0.000,-0.028,0.158
307.41,0.433,0,0.667,0.724,1,0.000,0.000,0.000,0.000,0.000,0.000,-0.028,0.158
307.61,0.417,0,0.667,0.724,1,0.000,0.000,0.000,0.000,0.000,0.000,-0.034,0.162
307.81,0.421,0,0.662,0.721,1,0.000,0.000,0.000,0.000,0.000,0.000,-0.029,0.157
308.01,0.421,0,0.662,0.721,1,0.000,0.000,0.000,0.000,0.000,0.000,-0.026,0.157
308.21,0.417,0,0.662,0.721,1,0.000,0.000,0.000,0.000,0.000,0.000,-0.026,0.157
308.41,0.423,0,0.662,0.719,1,0.000,0.000,0.000,0.000,0.000,0.000,-0.030,0.162
308.61,0.434,0,0.662,0.719,1,0.000,0.000,0.000,0.000,0.000,0.000,-0.021,0.162
308.81,0.434,0,0.654,0.712,1,0.000,0.000,0.000,0.000,0.000,0.000,-0.039,0.151
309.01,0.421,0,0.654,0.712,1,0.000,0.000,0.000,0.000,0.000,0.000,-0.039,0.151
309.21,0.421,0,0.654,0.712,1,0.000,0.000,0.000,0.000,0.000,0.000,-0.031,0.154
309.41,0.417,0,0.646,0.709,1,0.000,0.000,0.000,0.000,0.000,0.000,-0.038,0.160
309.61,0.417,0,0.646,0.709,1,0.000,0.000,0.000,0.000,0.000,0.000,-0.031,0.161
309.81,0.423,0,0.647,0.428,0,0.000,0.000,0.000,0.000,0.000,0.000,-0.041,0.154
310.01,0.198,0,0.647,0.428,0,0.000,0.000,0.000,0.000,0.000,0.000,-0.041,0.154
310.21,0.128,0,0.647,0.428,0,0.000,0.000,0.000,0.000,0.000,0.000,-0.038,0.160
310.41,0.117,0,0.157,0.632,0,0.000,0.000,0.000,0.000,0.000,0.000,-0.038,0.156
310.61,0.117,0,0.157,0.632,0,0.000,0.000,0.000,0.000,0.000,0.000,-0.030,0.155
310.81,0.109,0,0.142,0.631,0,0.000,0.000,0.000,0.000,0.000,0.000,-0.030,0.155
311.01,0.116,0,0.142,0.631,0,0.000,0.000,0.000,0.000,0.000,0.000,-0.023,0.149
311.21,0.426,0,0.142,0.631,0,0.000,0.000,0.000,0.000,0.000,0.000,-0.031,0.158
311.41,0.426,0,0.600,0.674,1,0.000,0.000,0.000,0.000,0.000,0.000,-0.022,0.159
311.61,0.433,0,0.600,0.674,1,0.000,0.000,0.000,0.000,0.000,0.000,-0.022,0.159
311.81,0.417,0,0.637,0.696,1,0.000,0.000,0.000,0.000,0.000,0.000,-0.028,0.156
312.01,0.431,0,0.637,0.696,1,0.000,0.000,0.000,0.000,0.000,0.000,-0.025,0.161
312.21,0.431,0,0.637,0.696,1,0.000,0.000,0.000,0.000,0.000,0.000,-0.024,0.164
312.41,0.419,0,0.645,0.705,1,0.000,0.000,0.000,0.000,0.000,0.000,-0.023,0.159
312.61,0.421,0,0.645,0.705,1,0.000,0.000,0.000,0.000,0.000,0.000,-0.023,0.159
312.81,0.421,0,0.661,0.720,1,0.000,0.000,0.000,0.000,0.000,0.000,-0.032,0.159
313.01,0.421,0,0.661,0.720,1,0.000,0.000,0.000,0.000,0.000,0.000,-0.028,0.159
313.21,0.421,0,0.661,0.720,1,0.000,0.000,0.000,0.000,0.000,0.000,-0.026,0.154
313.41,0.424,0,0.663,0.719,1,0.000,0.000,0.000,0.000,0.000,0.000,-0.026,0.154
313.61,0.417,0,0.663,0.719,1,0.000,0.000,0.000,0.000,0.000,0.000,-0.032,0.156
313.81,0.653,0,0.659,0.717,1,0.000,0.000,0.000,0.000,0.000,0.000,-0.033,0.154
314.01,0.653,0,0.659,0.717,1,0.000,0.000,0.000,0.000,0.000,0.000,-0.036,0.159
314.21,0.421,0,0.659,0.717,1,0.000,0.000,0.000,0.000,0.000,0.000,-0.036,0.159
314.41,0.423,0,0.658,0.714,1,0.000,0.000,0.000,0.000,0.000,0.000,-0.030,0.161
314.61,0.423,0,0.658,0.714,1,0.000,0.000,0.000,0.000,0.000,0.000,-0.019,0.154
314.81,0.423,0,0.660,0.714,1,0.000,0.000,0.000,0.000,0.000,0.000,-0.023,0.157
315.01,0.421,0,0.660,0.714,1,0.000,0.000,0.000,0.000,0.000,0.000,-0.033,0.165
315.21,0.653,0,0.660,0.714,1,0.000,0.000,0.000,0.000,0.000,0.000,-0.033,0.165
315.41,0.421,0,0.659,0.713,1,0.000,0.000,0.000,0.000,0.000,0.000,-0.027,0.151
315.61,0.435,0,0.659,0.713,1,0.000,0.000,0.000,0.000,0.000,0.000,-0.028,0.150
315.81,0.435,0,0.658,0.714,1,0.000,0.000,0.000,0.000,0.000,0.000,-0.026,0.159
316.01,0.424,0,0.658,0.714,1,0.000,0.000,0.000,0.000,0.000,0.000,-0.026,0.159
316.21,0.423,0,0.658,0.714,1,0.000,0.000,0.000,0.000,0.000,0.000,-0.016,0.164
316.41,0.417,0,0.659,0.715,1,0.000,0.000,0.000,0.000,0.000,0.000,-0.024,0.156
316.61,0.417,0,0.659,0.715,1,0.000,0.000,0.000,0.000,0.000,0.000,-0.025,0.159
316.81,0.433,0,0.659,0.715,1,0.000,0.000,0.000,0.000,0.000,0.000,-0.025,0.159
317.01,0.423,0,0.659,0.715,1,0.000,0.000,0.000,0.000,0.000,0.000,-0.021,0.157
317.21,0.428,0,0.659,0.715,1,0.000,0.000,0.000,0.000,0.000,0.000,-0.014,0.161
317.41,0.428,0,0.659,0.715,1,0.000,0.000,0.000,0.000,0.000,0.000,-0.024,0.154
317.61,0.424,0,0.659,0.715,1,0.000,0.000,0.000,0.000,0.000,0.000,-0.028,0.160
317.81,0.421,0,0.660,0.716,1,0.000,0.000,0.000,0.000,0.000,0.000,-0.028,0.160
318.01,0.423,0,0.660,0.716,1,0.000,0.000,0.000,0.000,0.000,0.000,-0.033,0.158
318.21,0.426,0,0.660,0.716,1,0.000,0.000,0.000,0.000,0.000,0.000,-0.028,0.157
318.41,0.426,0,0.660,0.713,1,0.000,0.000,0.000,0.000,0.000,0.000,-0.018,0.154
318.61,0.654,0,0.660,0.713,1,0.000,0.000,0.000,0.000,0.000,0.000,-0.018,0.154
318.81,0.417,0,0.661,0.713,1,0.000,0.000,0.000,0.000,0.000,0.000,-0.029,0.155
319.01,0.417,0,0.661,0.713,1,0.000,0.000,0.000,0.000,0.000,0.000,-0.017,0.159
319.21,0.417,0,0.661,0.713,1,0.000,0.000,0.000,0.000,0.000,0.000,-0.042,0.147
319.41,0.650,0,0.656,0.712,1,0.000,0.000,0.000,0.000,0.000,0.000,-0.042,0.147
319.61,0.421,0,0.656,0.712,1,0.000,0.000,0.000,0.000,0.000,0.000,-0.046,0.154
319.81,0.435,0,0.657,0.712,1,0.000,0.000,0.000,0.000,0.000,0.000,-0.047,0.146
320.01,0.435,0,0.657,0.712,1,0.000,0.000,0.000,0.000,0.000,0.000,-0.033,0.154
320.21,0.105,0,0.657,0.712,1,0.000,0.000,0.000,0.000,0.000,0.000,-0.033,0.154
320.41,0.423,0,0.653,0.690,1,0.000,0.000,0.000,0.000,0.000,0.000,-0.031,0.146
320.61,0.419,0,0.653,0.690,1,0.000,0.000,0.000,0.000,0.000,0.000,-0.021,0.162
320.81,0.419,0,0.641,0.677,1,0.000,0.000,0.000,0.000,0.000,0.000,-0.045,0.164
321.01,0.435,0,0.641,0.677,1,0.000,0.000,0.000,0.000,0.000,0.000,-0.034,0.157
321.21,0.164,0,0.641,0.677,1,0.000,0.000,0.000,0.000,0.000,0.000,-0.034,0.157
321.41,0.128,0,0.157,0.701,0,0.000,0.000,0.000,0.000,0.000,0.000,-0.025,0.149
321.61,0.112,0,0.157,0.701,0,0.000,0.000,0.000,0.000,0.000,0.000,-0.039,0.150
321.81,0.112,0,0.144,0.701,0,0.000,0.000,0.000,0.000,0.000,0.000,-0.041,0.150
322.01,0.102,0,0.144,0.701,0,0.000,0.000,0.000,0.000,0.000,0.000,-0.041,0.150
322.21,0.100,0,0.144,0.701,0,0.000,0.000,0.000,0.000,0.000,0.000,-0.036,0.154
322.41,0.113,0,0.135,0.482,0,0.000,0.000,0.000,0.000,0.000,0.000,-0.043,0.147
322.61,0.113,0,0.135,0.482,0,0.000,0.000,0.000,0.000,0.000,0.000,-0.037,0.149
322.81,0.150,0,0.175,0.318,1,0.000,0.000,0.000,0.000,0.000,0.000,-0.037,0.149
323.01,0.154,0,0.175,0.318,1,0.000,0.000,0.000,0.000,0.000,0.000,-0.036,0.151
323.21,0.152,0,0.175,0.318,1,0.000,0.000,0.000,0.000,0.000,0.000,-0.051,0.149
323.41,0.152,0,0.177,0.320,1,0.000,0.000,0.000,0.000,0.000,0.000,-0.042,0.155
323.61,0.159,0,0.177,0.320,1,0.000,0.000,0.000,0.000,0.000,0.000,-0.044,0.154
323.81,0.199,0,0.218,0.343,1,0.000,0.000,0.000,0.000,0.000,0.000,-0.044,0.154
324.01,0.105,0,0.218,0.343,1,0.000,0.000,0.000,0.000,0.000,0.000,-0.030,0.154
324.21,0.423,0,0.218,0.343,1,0.000,0.000,0.000,0.000,0.000,0.000,-0.034,0.153
324.41,0.423,0,0.651,0.426,0,0.000,0.000,0.000,0.000,0.000,0.000,-0.033,0.164
324.61,0.105,0,0.651,0.426,0,0.000,0.000,0.000,0.000,0.000,0.000,-0.033,0.164
324.81,0.423,0,0.656,0.698,1,0.000,0.000,0.000,0.000,0.000,0.000,-0.046,0.153
325.01,0.105,0,0.656,0.698,1,0.000,0.000,0.000,0.000,0.000,0.000,-0.040,0.148
325.21,0.105,0,0.656,0.698,1,0.000,0.000,0.000,0.000,0.000,0.000,-0.034,0.158
325.41,0.421,0,0.657,0.716,1,0.000,0.000,0.000,0.000,0.000,0.000,-0.034,0.158
325.61,0.655,0,0.657,0.716,1,0.000,0.000,0.000,0.000,0.000,0.000,-0.043,0.154
325.81,0.105,0,0.669,0.724,1,0.000,0.000,0.000,0.000,0.000,0.000,-0.046,0.148
326.01,0.105,0,0.669,0.724,1,0.000,0.000,0.000,0.000,0.000,0.000,-0.049,0.144
326.21,0.657,0,0.669,0.724,1,0.000,0.000,0.000,0.000,0.000,0.000,-0.047,0.149
326.41,0.421,0,0.666,0.728,1,0.000,0.000,0.000,0.000,0.000,0.000,-0.047,0.149
326.61,0.105,0,0.666,0.728,1,0.000,0.000,0.000,0.000,0.000,0.000,-0.034,0.156
326.81,0.105,0,0.689,0.756,1,0.000,0.000,0.000,0.000,0.000,0.000,-0.046,0.147
327.01,0.105,0,0.689,0.756,1,0.000,0.000,0.000,0.000,0.000,0.000,-0.033,0.149
327.21,0.105,0,0.689,0.756,1,0.000,0.000,0.000,0.000,0.000,0.000,-0.033,0.149
327.41,0.426,0,0.702,0.753,1,0.000,0.000,0.000,0.000,0.000,0.000,-0.039,0.152
327.61,0.435,0,0.702,0.753,1,0.000,0.000,0.000,0.000,0.000,0.000,-0.038,0.151
327.81,0.435,0,0.694,0.749,1,0.000,0.000,0.000,0.000,0.000,0.000,-0.041,0.143
328.01,0.424,0,0.694,0.749,1,0.000,0.000,0.000,0.000,0.000,0.000,-0.041,0.143
328.21,0.423,0,0.694,0.749,1,0.000,0.000,0.000,0.000,0.000,0.000,-0.039,0.154
328.41,0.421,0,0.700,0.732,1,0.000,0.000,0.000,0.000,0.000,0.000,-0.035,0.149
328.61,0.421,0,0.700,0.732,1,0.000,0.000,0.000,0.000,0.000,0.000,-0.028,0.157
328.81,0.417,0,0.735,0.735,1,0.000,0.000,0.000,0.000,0.000,0.000,-0.032,0.143
329.01,0.421,0,0.735,0.735,1,0.000,0.000,0.000,0.000,0.000,0.000,-0.032,0.143
329.21,0.419,0,0.735,0.735,1,0.000,0.000,0.000,0.000,0.000,0.000,-0.035,0.152
329.41,0.421,0,0.734,0.396,0,0.000,0.000,0.000,0.000,0.000,0.000,-0.037,0.153
329.61,0.421,0,0.734,0.396,0,0.000,0.000,0.000,0.000,0.000,0.000,-0.043,0.148
329.81,0.419,0,0.736,0.357,0,0.000,0.000,0.000,0.000,0.000,0.000,-0.043,0.148
330.01,0.419,0,0.736,0.357,0,0.000,0.000,0.000,0.000,0.000,0.000,-0.027,0.159
330.21,0.435,0,0.736,0.357,0,0.000,0.000,0.000,0.000,0.000,0.000,-0.031,0.150
330.41,0.435,0,0.694,0.340,0,0.000,0.000,0.000,0.000,0.000,0.000,-0.038,0.152
330.61,0.105,0,0.694,0.340,0,0.000,0.000,0.000,0.000,0.000,0.000,-0.038,0.152
330.81,0.421,0,0.652,0.701,1,0.000,0.000,0.000,0.000,0.000,0.000,-0.034,0.151
331.01,0.642,0,0.652,0.701,1,0.000,0.000,0.000,0.000,0.000,0.000,-0.031,0.153
331.21,0.642,0,0.652,0.701,1,0.000,0.000,0.000,0.000,0.000,0.000,-0.034,0.155
331.41,0.424,0,0.673,0.705,1,0.000,0.000,0.000,0.000,0.000,0.000,-0.028,0.162
331.61,0.417,0,0.673,0.705,1,0.000,0.000,0.000,0.000,0.000,0.000,-0.028,0.162
331.81,0.431,0,0.717,0.734,1,0.000,0.000,0.000,0.000,0.000,0.000,-0.029,0.153
332.01,0.421,0,0.717,0.734,1,0.000,0.000,0.000,0.000,0.000,0.000,-0.037,0.159
332.21,0.421,0,0.717,0.734,1,0.000,0.000,0.000,0.000,0.000,0.000,-0.032,0.154
332.41,0.423,0,0.739,0.348,0,0.000,0.000,0.000,0.000,0.000,0.000,-0.032,0.154
332.61,0.358,0,0.739,0.348,0,0.000,0.000,0.000,0.000,0.000,0.000,-0.025,0.153
332.81,0.335,0,0.347,0.304,1,0.000,0.000,0.000,0.000,0.000,0.000,-0.038,0.155
333.01,0.335,0,0.347,0.304,1,0.000,0.000,0.000,0.000,0.000,0.000,-0.037,0.148
333.21,0.273,0,0.347,0.304,1,0.000,0.000,0.000,0.000,0.000,0.000,-0.037,0.148
333.41,0.289,0,0.303,0.326,1,0.000,0.000,0.000,0.000,0.000,0.000,-0.028,0.158
333.61,0.417,0,0.303,0.326,1,0.000,0.000,0.000,0.000,0.000,0.000,-0.033,0.154
333.81,0.417,0,0.654,0.716,1,0.000,0.000,0.000,0.000,0.000,0.000,-0.044,0.149
334.01,0.417,0,0.654,0.716,1,0.000,0.000,0.000,0.000,0.000,0.000,-0.021,0.152
334.21,0.423,0,0.654,0.716,1,0.000,0.000,0.000,0.000,0.000,0.000,-0.021,0.152
334.41,0.431,0,0.648,0.711,1,0.000,0.000,0.000,0.000,0.000,0.000,-0.030,0.151
334.61,0.419,0,0.648,0.711,1,0.000,0.000,0.000,0.000,0.000,0.000,-0.037,0.149
334.81,0.419,0,0.663,0.712,1,0.000,0.000,0.000,0.000,0.000,0.000,-0.020,0.153
335.01,0.106,0,0.663,0.712,1,0.000,0.000,0.000,0.000,0.000,0.000,-0.020,0.153
335.21,0.105,0,0.663,0.712,1,0.000,0.000,0.000,0.000,0.000,0.000,-0.027,0.150
335.41,0.137,0,0.242,0.669,0,0.000,0.000,0.000,0.000,0.000,0.000,-0.033,0.154
335.61,0.137,0,0.242,0.669,0,0.000,0.000,0.000,0.000,0.000,0.000,-0.018,0.151
335.81,0.105,0,0.144,0.310,1,0.000,0.000,0.000,0.000,0.000,0.000,-0.018,0.151
336.01,0.172,0,0.144,0.310,1,0.000,0.000,0.000,0.000,0.000,0.000,-0.025,0.156
336.21,0.186,0,0.144,0.310,1,0.000,0.000,0.000,0.000,0.000,0.000,-0.031,0.149
336.41,0.186,0,0.207,0.348,1,0.000,0.000,0.000,0.000,0.000,0.000,-0.026,0.154
336.61,0.152,0,0.207,0.348,1,0.000,0.000,0.000,0.000,0.000,0.000,-0.037,0.160
336.81,0.111,0,0.143,0.327,1,0.000,0.000,0.000,0.000,0.000,0.000,-0.037,0.160
337.01,0.101,0,0.143,0.327,1,0.000,0.000,0.000,0.000,0.000,0.000,-0.030,0.166
337.21,0.101,0,0.143,0.327,1,0.000,0.000,0.000,0.000,0.000,0.000,-0.036,0.163
337.41,0.101,0,0.135,0.326,1,0.000,0.000,0.000,0.000,0.000,0.000,-0.055,0.150
337.61,0.100,0,0.135,0.326,1,0.000,0.000,0.000,0.000,0.000,0.000,-0.055,0.150
337.81,0.100,0,0.135,0.666,0,0.000,0.000,0.000,0.000,0.000,0.000,-0.050,0.161
338.01,0.101,0,0.135,0.666,0,0.000,0.000,0.000,0.000,0.000,0.000,-0.034,0.161
338.21,0.101,0,0.135,0.666,0,0.000,0.000,0.000,0.000,0.000,0.000,-0.041,0.153
338.41,0.100,0,0.135,0.645,0,0.000,0.000,0.000,0.000,0.000,0.000,-0.041,0.153
338.61,0.101,0,0.135,0.645,0,0.000,0.000,0.000,0.000,0.000,0.000,-0.060,0.160
338.81,0.423,0,0.837,0.668,1,0.000,0.000,0.000,0.000,0.000,0.000,-0.051,0.156
339.01,0.423,0,0.837,0.668,1,0.000,0.000,0.000,0.000,0.000,0.000,-0.028,0.159
339.21,0.105,0,0.837,0.668,1,0.000,0.000,0.000,0.000,0.000,0.000,-0.030,0.157
339.41,0.101,0,0.135,nan,0,0.000,0.000,0.000,0.000,0.000,0.000,-0.030,0.157
339.61,0.108,0,0.135,nan,0,0.000,0.000,0.000,0.000,0.000,0.000,-0.035,0.159
339.81,0.100,0,0.135,0.320,1,0.000,0.000,0.000,0.000,0.000,0.000,-0.036,0.170
340.01,0.100,0,0.135,0.320,1,0.000,0.000,0.000,0.000,0.000,0.000,-0.028,0.176
340.21,0.106,0,0.135,0.320,1,0.000,0.000,0.000,0.000,0.000,0.000,-0.028,0.176
340.41,0.139,0,0.166,0.332,1,0.000,0.000,0.000,0.000,0.000,0.000,-0.045,0.172
340.61,0.147,0,0.166,0.332,1,0.000,0.000,0.000,0.000,0.000,0.000,-0.032,0.180
340.81,0.147,0,0.172,nan,0,0.000,0.000,0.000,0.000,0.000,0.000,-0.037,0.177
341.01,0.146,0,0.172,nan,0,0.000,0.000,0.000,0.000,0.000,0.000,-0.037,0.177
341.21,0.149,0,0.172,nan,0,0.000,0.000,0.000,0.000,0.000,0.000,-0.043,0.174
341.41,0.160,0,0.174,nan,0,0.000,0.000,0.000,0.000,0.000,0.000,-0.041,0.170
341.61,0.160,0,0.174,nan,0,0.000,0.000,0.000,0.000,0.000,0.000,-0.039,0.172
341.81,0.155,0,0.180,nan,0,0.000,0.000,0.000,0.000,0.000,0.000,-0.018,0.174
342.01,0.145,0,0.180,nan,0,0.000,0.000,0.000,0.000,0.000,0.000,-0.018,0.174
342.21,0.181,0,0.180,nan,0,0.000,0.000,0.000,0.000,0.000,0.000,-0.010,0.164
342.41,0.323,0,0.202,0.397,1,0.000,0.000,0.000,0.000,0.000,0.000,-0.009,0.169
342.61,0.323,0,0.202,0.397,1,0.000,0.000,0.000,0.000,0.000,0.000,-0.009,0.167
342.81,0.355,0,0.366,0.420,1,0.000,0.000,0.000,0.000,0.000,0.000,-0.009,0.167
343.01,0.344,0,0.366,0.420,1,0.000,0.000,0.000,0.000,0.000,0.000,-0.005,0.168
343.21,0.341,0,0.366,0.420,1,0.000,0.000,0.000,0.000,0.000,0.000,-0.027,0.160
343.41,0.341,0,0.353,0.416,1,0.000,0.000,0.000,0.000,0.000,0.000,-0.031,0.168
343.61,0.341,0,0.353,0.416,1,0.000,0.000,0.000,0.000,0.000,0.000,-0.031,0.168
343.81,0.340,0,0.352,0.412,1,0.000,0.000,0.000,0.000,0.000,0.000,-0.022,0.164
344.01,0.333,0,0.352,0.412,1,0.000,0.000,0.000,0.000,0.000,0.000,-0.013,0.168
344.21,0.333,0,0.352,0.412,1,0.000,0.000,0.000,0.000,0.000,0.000,-0.031,0.161
344.41,0.321,0,0.333,0.370,1,0.000,0.000,0.000,0.000,0.000,0.000,-0.023,0.164
344.61,0.338,0,0.333,0.370,1,0.000,0.000,0.000,0.000,0.000,0.000,-0.023,0.164
344.81,0.426,0,0.627,0.472,1,0.000,0.000,0.000,0.000,0.000,0.000,-0.024,0.161
345.01,0.424,0,0.627,0.472,1,0.000,0.000,0.000,0.000,0.000,0.000,-0.031,0.163
345.21,0.424,0,0.627,0.472,1,0.000,0.000,0.000,0.000,0.000,0.000,-0.041,0.165
345.41,0.423,0,0.638,0.704,1,0.000,0.000,0.000,0.000,0.000,0.000,-0.041,0.165
345.61,0.421,0,0.638,0.704,1,0.000,0.000,0.000,0.000,0.000,0.000,-0.044,0.166
345.81,0.421,0,0.654,0.714,1,0.000,0.000,0.000,0.000,0.000,0.000,-0.024,0.169
346.01,0.421,0,0.654,0.714,1,0.000,0.000,0.000,0.000,0.000,0.000,-0.024,0.160
346.21,0.433,0,0.654,0.714,1,0.000,0.000,0.000,0.000,0.000,0.000,-0.024,0.160
346.41,0.423,0,0.653,0.713,1,0.000,0.000,0.000,0.000,0.000,0.000,-0.036,0.165
346.61,0.423,0,0.653,0.713,1,0.000,0.000,0.000,0.000,0.000,0.000,-0.028,0.167
346.81,0.423,0,0.660,0.716,1,0.000,0.000,0.000,0.000,0.000,0.000,-0.039,0.158
347.01,0.430,0,0.660,0.716,1,0.000,0.000,0.000,0.000,0.000,0.000,-0.034,0.159
347.21,0.417,0,0.660,0.716,1,0.000,0.000,0.000,0.000,0.000,0.000,-0.034,0.159
347.41,0.423,0,0.659,0.717,1,0.000,0.000,0.000,0.000,0.000,0.000,-0.041,0.161
347.61,0.428,0,0.659,0.717,1,0.000,0.000,0.000,0.000,0.000,0.000,-0.050,0.171
347.81,0.428,0,0.661,0.717,1,0.000,0.000,0.000,0.000,0.000,0.000,-0.058,0.166
348.01,0.423,0,0.661,0.717,1,0.000,0.000,0.000,0.000,0.000,0.000,-0.058,0.166
348.21,0.423,0,0.661,0.717,1,0.000,0.000,0.000,0.000,0.000,0.000,-0.059,0.169
348.41,0.433,0,0.658,0.717,1,0.000,0.000,0.000,0.000,0.000,0.000,-0.051,0.161
348.61,0.433,0,0.658,0.717,1,0.000,0.000,0.000,0.000,0.000,0.000,-0.040,0.167
348.81,0.438,0,0.658,0.716,1,0.000,0.000,0.000,0.000,0.000,0.000,-0.040,0.167
349.01,0.421,0,0.658,0.716,1,0.000,0.000,0.000,0.000,0.000,0.000,-0.040,0.165
349.21,0.652,0,0.658,0.716,1,0.000,0.000,0.000,0.000,0.000,0.000,-0.032,0.163
349.41,0.652,0,0.658,0.717,1,0.000,0.000,0.000,0.000,0.000,0.000,-0.027,0.162
349.61,0.417,0,0.658,0.717,1,0.000,0.000,0.000,0.000,0.000,0.000,-0.027,0.162
349.81,0.424,0,0.660,0.716,1,0.000,0.000,0.000,0.000,0.000,0.000,-0.024,0.169
350.01,0.421,0,0.660,0.716,1,0.000,0.000,0.000,0.000,0.000,0.000,-0.041,0.152
350.21,0.421,0,0.660,0.716,1,0.000,0.000,0.000,0.000,0.000,0.000,-0.042,0.157
350.41,0.434,0,0.656,0.716,1,0.000,0.000,0.000,0.000,0.000,0.000,-0.029,0.156
350.61,0.424,0,0.656,0.716,1,0.000,0.000,0.000,0.000,0.000,0.000,-0.029,0.156
350.81,0.430,0,0.658,0.716,1,0.000,0.000,0.000,0.000,0.000,0.000,-0.025,0.155
351.01,0.419,0,0.658,0.716,1,0.000,0.000,0.000,0.000,0.000,0.000,-0.033,0.157
351.21,0.419,0,0.658,0.716,1,0.000,0.000,0.000,0.000,0.000,0.000,-0.019,0.156
351.41,0.437,0,0.658,0.716,1,0.000,0.000,0.000,0.000,0.000,0.000,-0.019,0.156
351.61,0.423,0,0.658,0.716,1,0.000,0.000,0.000,0.000,0.000,0.000,-0.037,0.159
351.81,0.421,0,0.657,0.717,1,0.000,0.000,0.000,0.000,0.000,0.000,-0.031,0.156
352.01,0.421,0,0.657,0.717,1,0.000,0.000,0.000,0.000,0.000,0.000,-0.029,0.161
352.21,0.105,0,0.657,0.717,1,0.000,0.000,0.000,0.000,0.000,0.000,-0.029,0.161
352.41,0.423,0,0.658,0.718,1,0.000,0.000,0.000,0.000,0.000,0.000,-0.029,0.159
352.61,0.421,0,0.658,0.718,1,0.000,0.000,0.000,0.000,0.000,0.000,-0.027,0.157
352.81,0.421,0,0.659,0.720,1,0.000,0.000,0.000,0.000,0.000,0.000,-0.031,0.158
353.01,0.430,0,0.659,0.720,1,0.000,0.000,0.000,0.000,0.000,0.000,-0.034,0.163
353.21,0.421,0,0.659,0.720,1,0.000,0.000,0.000,0.000,0.000,0.000,-0.034,0.163
353.41,0.421,0,0.662,0.719,1,0.000,0.000,0.000,0.000,0.000,0.000,-0.027,0.165
353.61,0.428,0,0.662,0.719,1,0.000,0.000,0.000,0.000,0.000,0.000,-0.024,0.156
353.81,0.428,0,0.660,0.718,1,0.000,0.000,0.000,0.000,0.000,0.000,-0.035,0.160
354.01,0.655,0,0.660,0.718,1,0.000,0.000,0.000,0.000,0.000,0.000,-0.035,0.160
354.21,0.417,0,0.660,0.718,1,0.000,0.000,0.000,0.000,0.000,0.000,-0.012,0.161
354.41,0.421,0,0.659,0.717,1,0.000,0.000,0.000,0.000,0.000,0.000,-0.010,0.164
354.61,0.421,0,0.659,0.717,1,0.000,0.000,0.000,0.000,0.000,0.000,-0.023,0.157
354.81,0.423,0,0.656,0.715,1,0.000,0.000,0.000,0.000,0.000,0.000,-0.023,0.157
355.01,0.437,0,0.656,0.715,1,0.000,0.000,0.000,0.000,0.000,0.000,-0.031,0.164
355.21,0.424,0,0.656,0.715,1,0.000,0.000,0.000,0.000,0.000,0.000,-0.017,0.165
355.41,0.424,0,0.657,0.715,1,0.000,0.000,0.000,0.000,0.000,0.000,-0.029,0.160
355.61,0.434,0,0.657,0.715,1,0.000,0.000,0.000,0.000,0.000,0.000,-0.031,0.158
355.81,0.421,0,0.651,0.714,1,0.000,0.000,0.000,0.000,0.000,0.000,-0.031,0.158
356.01,0.421,0,0.651,0.714,1,0.000,0.000,0.000,0.000,0.000,0.000,-0.028,0.165
356.21,0.423,0,0.651,0.714,1,0.000,0.000,0.000,0.000,0.000,0.000,-0.019,0.161
356.41,0.423,0,0.654,0.712,1,0.000,0.000,0.000,0.000,0.000,0.000,-0.022,0.158
356.61,0.424,0,0.654,0.712,1,0.000,0.000,0.000,0.000,0.000,0.000,-0.022,0.158
356.81,0.435,0,0.648,0.710,1,0.000,0.000,0.000,0.000,0.000,0.000,-0.025,0.162
357.01,0.421,0,0.648,0.710,1,0.000,0.000,0.000,0.000,0.000,0.000,-0.020,0.168
357.21,0.421,0,0.648,0.710,1,0.000,0.000,0.000,0.000,0.000,0.000,-0.006,0.170
357.41,0.423,0,0.649,0.713,1,0.000,0.000,0.000,0.000,0.000,0.000,-0.006,0.170
357.61,0.421,0,0.649,0.713,1,0.000,0.000,0.000,0.000,0.000,0.000,-0.031,0.159
357.81,0.421,0,0.655,0.714,1,0.000,0.000,0.000,0.000,0.000,0.000,-0.024,0.163
358.01,0.421,0,0.655,0.714,1,0.000,0.000,0.000,0.000,0.000,0.000,-0.020,0.165
358.21,0.421,0,0.655,0.714,1,0.000,0.000,0.000,0.000,0.000,0.000,-0.022,0.164
358.41,0.421,0,0.656,0.717,1,0.000,0.000,0.000,0.000,0.000,0.000,-0.022,0.164
358.61,0.421,0,0.656,0.717,1,0.000,0.000,0.000,0.000,0.000,0.000,-0.026,0.155
358.81,0.421,0,0.659,0.722,1,0.000,0.000,0.000,0.000,0.000,0.000,-0.026,0.159
359.01,0.421,0,0.659,0.722,1,0.000,0.000,0.000,0.000,0.000,0.000,-0.044,0.160
359.21,0.421,0,0.659,0.722,1,0.000,0.000,0.000,0.000,0.000,0.000,-0.044,0.160
359.41,0.417,0,0.677,0.455,0,0.000,0.000,0.000,0.000,0.000,0.000,-0.049,0.154
359.61,0.421,0,0.677,0.455,0,0.000,0.000,0.000,0.000,0.000,0.000,-0.048,0.152
359.81,0.421,0,0.681,0.333,0,0.000,0.000,0.000,0.000,0.000,0.000,-0.045,0.157
360.01,0.421,0,0.681,0.333,0,0.000,0.000,0.000,0.000,0.000,0.000,-0.045,0.157
360.21,0.421,0,0.681,0.333,0,0.000,0.000,0.000,0.000,0.000,0.000,-0.032,0.160
360.41,0.208,0,0.683,0.420,0,0.000,0.000,0.000,0.000,0.000,0.000,-0.016,0.154
360.61,0.208,0,0.683,0.420,0,0.000,0.000,0.000,0.000,0.000,0.000,-0.044,0.153
360.81,0.202,0,0.221,nan,0,0.000,0.000,0.000,0.000,0.000,0.000,-0.029,0.155
361.01,0.191,0,0.221,nan,0,0.000,0.000,0.000,0.000,0.000,0.000,-0.029,0.155
361.21,0.184,0,0.221,nan,0,0.000,0.000,0.000,0.000,0.000,0.000,-0.030,0.158
361.41,0.179,0,0.205,nan,0,0.000,0.000,0.000,0.000,0.000,0.000,-0.028,0.153
361.61,0.179,0,0.205,nan,0,0.000,0.000,0.000,0.000,0.000,0.000,-0.027,0.153
361.81,0.175,0,0.197,nan,0,0.000,0.000,0.000,0.000,0.000,0.000,-0.027,0.153
362.01,0.160,0,0.197,nan,0,0.000,0.000,0.000,0.000,0.000,0.000,-0.013,0.154
362.21,0.146,0,0.197,nan,0,0.000,0.000,0.000,0.000,0.000,0.000,-0.009,0.151
362.41,0.146,0,0.172,nan,0,0.000,0.000,0.000,0.000,0.000,0.000,-0.013,0.141
362.61,0.148,0,0.172,nan,0,0.000,0.000,0.000,0.000,0.000,0.000,-0.013,0.141
362.81,0.147,0,0.173,nan,0,0.000,0.000,0.000,0.000,0.000,0.000,-0.016,0.147
363.01,0.147,0,0.173,nan,0,0.000,0.000,0.000,0.000,0.000,0.000,-0.007,0.151
363.21,0.147,0,0.173,nan,0,0.000,0.000,0.000,0.000,0.000,0.000,-0.015,0.143
363.41,0.149,0,0.174,nan,0,0.000,0.000,0.000,0.000,0.000,0.000,-0.016,0.149
363.61,0.151,0,0.174,nan,0,0.000,0.000,0.000,0.000,0.000,0.000,-0.016,0.149
363.81,0.165,0,0.188,0.304,1,0.000,0.000,0.000,0.000,0.000,0.000,-0.017,0.155
364.01,0.284,0,0.188,0.304,1,0.000,0.000,0.000,0.000,0.000,0.000,-0.026,0.152
364.21,0.284,0,0.188,0.304,1,0.000,0.000,0.000,0.000,0.000,0.000,-0.015,0.146
364.41,0.421,0,0.652,0.425,0,0.000,0.000,0.000,0.000,0.000,0.000,-0.015,0.146
364.61,0.424,0,0.652,0.425,0,0.000,0.000,0.000,0.000,0.000,0.000,-0.020,0.146
364.81,0.421,0,0.648,0.418,0,0.000,0.000,0.000,0.000,0.000,0.000,-0.020,0.151
365.01,0.421,0,0.648,0.418,0,0.000,0.000,0.000,0.000,0.000,0.000,-0.017,0.146
365.21,0.424,0,0.648,0.418,0,0.000,0.000,0.000,0.000,0.000,0.000,-0.017,0.146
365.41,0.423,0,0.656,0.470,1,0.000,0.000,0.000,0.000,0.000,0.000,-0.034,0.147
365.61,0.419,0,0.656,0.470,1,0.000,0.000,0.000,0.000,0.000,0.000,-0.014,0.145
365.81,0.419,0,0.667,0.545,1,0.000,0.000,0.000,0.000,0.000,0.000,-0.014,0.161
366.01,0.423,0,0.667,0.545,1,0.000,0.000,0.000,0.000,0.000,0.000,-0.013,0.155
366.21,0.421,0,0.667,0.545,1,0.000,0.000,0.000,0.000,0.000,0.000,-0.013,0.155
366.41,0.419,0,0.667,0.577,1,0.000,0.000,0.000,0.000,0.000,0.000,-0.021,0.160
366.61,0.417,0,0.667,0.577,1,0.000,0.000,0.000,0.000,0.000,0.000,-0.025,0.156
366.81,0.417,0,0.671,0.577,1,0.000,0.000,0.000,0.000,0.000,0.000,-0.026,0.159
367.01,0.421,0,0.671,0.577,1,0.000,0.000,0.000,0.000,0.000,0.000,-0.026,0.159
367.21,0.419,0,0.671,0.577,1,0.000,0.000,0.000,0.000,0.000,0.000,-0.034,0.154
367.41,0.421,0,0.659,0.574,1,0.000,0.000,0.000,0.000,0.000,0.000,-0.015,0.155
367.61,0.421,0,0.659,0.574,1,0.000,0.000,0.000,0.000,0.000,0.000,-0.024,0.158
367.81,0.421,0,0.658,0.389,0,0.000,0.000,0.000,0.000,0.000,0.000,-0.024,0.158
368.01,0.421,0,0.658,0.389,0,0.000,0.000,0.000,0.000,0.000,0.000,-0.023,0.156
368.21,0.142,0,0.658,0.389,0,0.000,0.000,0.000,0.000,0.000,0.000,-0.016,0.157
368.41,0.142,0,0.667,0.305,0,0.000,0.000,0.000,0.000,0.000,0.000,-0.011,0.155
368.61,0.220,0,0.667,0.305,0,0.000,0.000,0.000,0.000,0.000,0.000,-0.011,0.151
368.81,0.169,0,0.192,0.542,0,0.000,0.000,0.000,0.000,0.000,0.000,-0.011,0.151
369.01,0.156,0,0.192,0.542,0,0.000,0.000,0.000,0.000,0.000,0.000,-0.017,0.147
369.21,0.151,0,0.192,0.542,0,0.000,0.000,0.000,0.000,0.000,0.000,-0.019,0.147
369.41,0.151,0,0.176,nan,0,0.000,0.000,0.000,0.000,0.000,0.000,-0.017,0.152
369.61,0.150,0,0.176,nan,0,0.000,0.000,0.000,0.000,0.000,0.000,-0.017,0.152
369.81,0.150,0,0.175,0.532,0,0.000,0.000,0.000,0.000,0.000,0.000,-0.003,0.148
370.01,0.157,0,0.175,0.532,0,0.000,0.000,0.000,0.000,0.000,0.000,-0.007,0.153
370.21,0.157,0,0.175,0.532,0,0.000,0.000,0.000,0.000,0.000,0.000,-0.012,0.152
370.41,0.164,0,0.187,nan,0,0.000,0.000,0.000,0.000,0.000,0.000,-0.012,0.152
370.61,0.168,0,0.187,nan,0,0.000,0.000,0.000,0.000,0.000,0.000,-0.007,0.151
370.81,0.171,0,0.193,nan,0,0.000,0.000,0.000,0.000,0.000,0.000,-0.012,0.147
371.01,0.171,0,0.193,nan,0,0.000,0.000,0.000,0.000,0.000,0.000,-0.028,0.149
371.21,0.176,0,0.193,nan,0,0.000,0.000,0.000,0.000,0.000,0.000,-0.009,0.148
371.41,0.183,0,0.204,nan,0,0.000,0.000,0.000,0.000,0.000,0.000,-0.009,0.148
371.61,0.199,0,0.204,nan,0,0.000,0.000,0.000,0.000,0.000,0.000,-0.011,0.152
371.81,0.204,0,0.223,nan,0,0.000,0.000,0.000,0.000,0.000,0.000,-0.022,0.147
372.01,0.204,0,0.223,nan,0,0.000,0.000,0.000,0.000,0.000,0.000,-0.024,0.154
372.21,0.206,0,0.223,nan,0,0.000,0.000,0.000,0.000,0.000,0.000,-0.024,0.154
372.41,0.105,0,0.226,nan,0,0.000,0.000,0.000,0.000,0.000,0.000,-0.017,0.153
372.61,0.215,0,0.226,nan,0,0.000,0.000,0.000,0.000,0.000,0.000,-0.022,0.153
372.81,0.215,0,0.332,0.365,1,0.000,0.000,0.000,0.000,0.000,0.000,-0.030,0.154
373.01,0.320,0,0.332,0.365,1,0.000,0.000,0.000,0.000,0.000,0.000,-0.030,0.154
373.21,0.401,0,0.332,0.365,1,0.000,0.000,0.000,0.000,0.000,0.000,-0.030,0.151
373.41,0.408,0,0.411,0.458,1,0.000,0.000,0.000,0.000,0.000,0.000,-0.026,0.153
373.61,0.408,0,0.411,0.458,1,0.000,0.000,0.000,0.000,0.000,0.000,-0.024,0.149
373.81,0.406,0,0.416,0.435,1,0.000,0.000,0.000,0.000,0.000,0.000,-0.024,0.148
374.01,0.383,0,0.416,0.435,1,0.000,0.000,0.000,0.000,0.000,0.000,-0.024,0.148
374.21,0.315,0,0.416,0.435,1,0.000,0.000,0.000,0.000,0.000,0.000,-0.029,0.151
374.41,0.264,0,0.328,0.320,1,0.000,0.000,0.000,0.000,0.000,0.000,-0.030,0.148
374.61,0.264,0,0.328,0.320,1,0.000,0.000,0.000,0.000,0.000,0.000,-0.020,0.145
374.81,0.246,0,0.262,0.732,0,0.000,0.000,0.000,0.000,0.000,0.000,-0.020,0.145
375.01,0.214,0,0.262,0.732,0,0.000,0.000,0.000,0.000,0.000,0.000,-0.016,0.150
375.21,0.192,0,0.262,0.732,0,0.000,0.000,0.000,0.000,0.000,0.000,-0.017,0.148
375.41,0.192,0,0.213,0.702,0,0.000,0.000,0.000,0.000,0.000,0.000,-0.021,0.150
375.61,0.218,0,0.213,0.702,0,0.000,0.000,0.000,0.000,0.000,0.000,-0.021,0.150
375.81,0.235,0,0.252,0.718,0,0.000,0.000,0.000,0.000,0.000,0.000,-0.028,0.144
376.01,0.228,0,0.252,0.718,0,0.000,0.000,0.000,0.000,0.000,0.000,-0.031,0.150
376.21,0.228,0,0.252,0.718,0,0.000,0.000,0.000,0.000,0.000,0.000,-0.015,0.152
376.41,0.229,0,0.247,0.321,1,0.000,0.000,0.000,0.000,0.000,0.000,-0.010,0.149
376.61,0.228,0,0.247,0.321,1,0.000,0.000,0.000,0.000,0.000,0.000,-0.010,0.149
376.81,0.218,0,0.236,0.717,0,0.000,0.000,0.000,0.000,0.000,0.000,-0.018,0.149
377.01,0.209,0,0.236,0.717,0,0.000,0.000,0.000,0.000,0.000,0.000,-0.017,0.152
377.21,0.209,0,0.236,0.717,0,0.000,0.000,0.000,0.000,0.000,0.000,-0.022,0.152
377.41,0.207,0,0.226,0.723,0,0.000,0.000,0.000,0.000,0.000,0.000,-0.022,0.152
377.61,0.206,0,0.226,0.723,0,0.000,0.000,0.000,0.000,0.000,0.000,-0.015,0.155
377.81,0.206,0,0.225,0.723,0,0.000,0.000,0.000,0.000,0.000,0.000,-0.023,0.148
378.01,0.206,0,0.225,0.723,0,0.000,0.000,0.000,0.000,0.000,0.000,-0.018,0.149
378.21,0.208,0,0.225,0.723,0,0.000,0.000,0.000,0.000,0.000,0.000,-0.018,0.149
378.41,0.209,0,0.228,0.717,0,0.000,0.000,0.000,0.000,0.000,0.000,-0.017,0.151
378.61,0.211,0,0.228,0.717,0,0.000,0.000,0.000,0.000,0.000,0.000,-0.024,0.146
378.81,0.211,0,0.230,0.712,0,0.000,0.000,0.000,0.000,0.000,0.000,-0.024,0.141
379.01,0.211,0,0.230,0.712,0,0.000,0.000,0.000,0.000,0.000,0.000,-0.013,0.149
379.21,0.211,0,0.230,0.712,0,0.000,0.000,0.000,0.000,0.000,0.000,-0.013,0.149
379.41,0.210,0,0.229,0.708,0,0.000,0.000,0.000,0.000,0.000,0.000,-0.013,0.150
379.61,0.208,0,0.229,0.708,0,0.000,0.000,0.000,0.000,0.000,0.000,-0.019,0.149
379.81,0.208,0,0.227,0.702,0,0.000,0.000,0.000,0.000,0.000,0.000,-0.023,0.147
380.01,0.209,0,0.227,0.702,0,0.000,0.000,0.000,0.000,0.000,0.000,-0.023,0.147
380.21,0.211,0,0.227,0.702,0,0.000,0.000,0.000,0.000,0.000,0.000,-0.020,0.153
380.41,0.210,0,0.229,0.701,0,0.000,0.000,0.000,0.000,0.000,0.000,-0.022,0.143
380.61,0.210,0,0.229,0.701,0,0.000,0.000,0.000,0.000,0.000,0.000,-0.022,0.151
380.81,0.209,0,0.228,0.703,0,0.000,0.000,0.000,0.000,0.000,0.000,-0.022,0.151
381.01,0.214,0,0.228,0.703,0,0.000,0.000,0.000,0.000,0.000,0.000,-0.021,0.156
381.21,0.218,0,0.228,0.703,0,0.000,0.000,0.000,0.000,0.000,0.000,-0.019,0.150
381.41,0.218,0,0.236,0.319,1,0.000,0.000,0.000,0.000,0.000,0.000,-0.024,0.146
381.61,0.290,0,0.236,0.319,1,0.000,0.000,0.000,0.000,0.000,0.000,-0.027,0.156
381.81,0.421,0,0.687,0.494,1,0.000,0.000,0.000,0.000,0.000,0.000,-0.027,0.156
382.01,0.421,0,0.687,0.494,1,0.000,0.000,0.000,0.000,0.000,0.000,-0.022,0.150
382.21,0.421,0,0.687,0.494,1,0.000,0.000,0.000,0.000,0.000,0.000,-0.026,0.146
382.41,0.421,0,0.689,0.739,1,0.000,0.000,0.000,0.000,0.000,0.000,-0.034,0.147
382.61,0.419,0,0.689,0.739,1,0.000,0.000,0.000,0.000,0.000,0.000,-0.034,0.147
382.81,0.423,0,0.688,0.335,0,0.000,0.000,0.000,0.000,0.000,0.000,-0.031,0.149
383.01,0.421,0,0.688,0.335,0,0.000,0.000,0.000,0.000,0.000,0.000,-0.027,0.152
383.21,0.421,0,0.688,0.335,0,0.000,0.000,0.000,0.000,0.000,0.000,-0.032,0.145
383.41,0.201,0,0.220,nan,0,0.000,0.000,0.000,0.000,0.000,0.000,-0.032,0.145
383.61,0.193,0,0.220,nan,0,0.000,0.000,0.000,0.000,0.000,0.000,-0.038,0.147
383.81,0.192,0,0.212,nan,0,0.000,0.000,0.000,0.000,0.000,0.000,-0.039,0.145
384.01,0.192,0,0.212,nan,0,0.000,0.000,0.000,0.000,0.000,0.000,-0.021,0.143
384.21,0.195,0,0.212,nan,0,0.000,0.000,0.000,0.000,0.000,0.000,-0.028,0.150
384.41,0.212,0,0.230,0.302,1,0.000,0.000,0.000,0.000,0.000,0.000,-0.028,0.150
384.61,0.417,0,0.230,0.302,1,0.000,0.000,0.000,0.000,0.000,0.000,-0.035,0.148
384.81,0.421,0,0.669,0.432,0,0.000,0.000,0.000,0.000,0.000,0.000,-0.046,0.143
385.01,0.421,0,0.669,0.432,0,0.000,0.000,0.000,0.000,0.000,0.000,-0.035,0.144
385.21,0.421,0,0.669,0.432,0,0.000,0.000,0.000,0.000,0.000,0.000,-0.035,0.144
385.41,0.428,0,0.672,0.456,0,0.000,0.000,0.000,0.000,0.000,0.000,-0.033,0.139
385.61,0.419,0,0.672,0.456,0,0.000,0.000,0.000,0.000,0.000,0.000,-0.032,0.141
385.81,0.419,0,0.660,0.726,1,0.000,0.000,0.000,0.000,0.000,0.000,-0.031,0.153
386.01,0.421,0,0.660,0.726,1,0.000,0.000,0.000,0.000,0.000,0.000,-0.031,0.153
386.21,0.417,0,0.660,0.726,1,0.000,0.000,0.000,0.000,0.000,0.000,-0.033,0.143
386.41,0.421,0,0.649,0.709,1,0.000,0.000,0.000,0.000,0.000,0.000,-0.035,0.143
386.61,0.421,0,0.649,0.709,1,0.000,0.000,0.000,0.000,0.000,0.000,-0.032,0.145
386.81,0.417,0,0.650,0.715,1,0.000,0.000,0.000,0.000,0.000,0.000,-0.030,0.144
387.01,0.417,0,0.650,0.715,1,0.000,0.000,0.000,0.000,0.000,0.000,-0.030,0.144
387.21,0.421,0,0.650,0.715,1,0.000,0.000,0.000,0.000,0.000,0.000,-0.034,0.145
387.41,0.431,0,0.651,0.714,1,0.000,0.000,0.000,0.000,0.000,0.000,-0.040,0.145
387.61,0.431,0,0.651,0.714,1,0.000,0.000,0.000,0.000,0.000,0.000,-0.030,0.146
387.81,0.417,0,0.647,0.699,1,0.000,0.000,0.000,0.000,0.000,0.000,-0.030,0.146
388.01,0.432,0,0.647,0.699,1,0.000,0.000,0.000,0.000,0.000,0.000,-0.032,0.147
388.21,0.419,0,0.647,0.699,1,0.000,0.000,0.000,0.000,0.000,0.000,-0.035,0.140
388.41,0.419,0,0.634,0.703,1,0.000,0.000,0.000,0.000,0.000,0.000,-0.031,0.148
388.61,0.419,0,0.634,0.703,1,0.000,0.000,0.000,0.000,0.000,0.000,-0.031,0.148
388.81,0.417,0,0.641,0.707,1,0.000,0.000,0.000,0.000,0.000,0.000,-0.038,0.152
389.01,0.421,0,0.641,0.707,1,0.000,0.000,0.000,0.000,0.000,0.000,-0.026,0.149
389.21,0.421,0,0.641,0.707,1,0.000,0.000,0.000,0.000,0.000,0.000,-0.033,0.147
389.41,0.433,0,0.652,0.719,1,0.000,0.000,0.000,0.000,0.000,0.000,-0.030,0.146
389.61,0.435,0,0.652,0.719,1,0.000,0.000,0.000,0.000,0.000,0.000,-0.030,0.146
389.81,0.417,0,0.664,0.723,1,0.000,0.000,0.000,0.000,0.000,0.000,-0.032,0.146
390.01,0.421,0,0.664,0.723,1,0.000,0.000,0.000,0.000,0.000,0.000,-0.032,0.141
390.21,0.421,0,0.664,0.723,1,0.000,0.000,0.000,0.000,0.000,0.000,-0.033,0.143
390.41,0.433,0,0.659,0.721,1,0.000,0.000,0.000,0.000,0.000,0.000,-0.033,0.143
390.61,0.423,0,0.659,0.721,1,0.000,0.000,0.000,0.000,0.000,0.000,-0.034,0.145
390.81,0.423,0,0.655,0.716,1,0.000,0.000,0.000,0.000,0.000,0.000,-0.026,0.145
391.01,0.423,0,0.655,0.716,1,0.000,0.000,0.000,0.000,0.000,0.000,-0.030,0.146
391.21,0.423,0,0.655,0.716,1,0.000,0.000,0.000,0.000,0.000,0.000,-0.030,0.146
391.41,0.421,0,0.632,0.705,1,0.000,0.000,0.000,0.000,0.000,0.000,-0.033,0.144
391.61,0.419,0,0.632,0.705,1,0.000,0.000,0.000,0.000,0.000,0.000,-0.037,0.142
391.81,0.419,0,0.639,0.706,1,0.000,0.000,0.000,0.000,0.000,0.000,-0.024,0.138
392.01,0.423,0,0.639,0.706,1,0.000,0.000,0.000,0.000,0.000,0.000,-0.038,0.144
392.21,0.419,0,0.639,0.706,1,0.000,0.000,0.000,0.000,0.000,0.000,-0.038,0.144
392.41,0.636,0,0.642,0.706,1,0.000,0.000,0.000,0.000,0.000,0.000,-0.030,0.146
392.61,0.417,0,0.642,0.706,1,0.000,0.000,0.000,0.000,0.000,0.000,-0.019,0.144
392.81,0.417,0,0.637,0.704,1,0.000,0.000,0.000,0.000,0.000,0.000,-0.038,0.141
393.01,0.417,0,0.637,0.704,1,0.000,0.000,0.000,0.000,0.000,0.000,-0.038,0.141
393.21,0.419,0,0.637,0.704,1,0.000,0.000,0.000,0.000,0.000,0.000,-0.042,0.146
393.41,0.423,0,0.645,0.713,1,0.000,0.000,0.000,0.000,0.000,0.000,-0.034,0.139
393.61,0.423,0,0.645,0.713,1,0.000,0.000,0.000,0.000,0.000,0.000,-0.022,0.142
393.81,0.423,0,0.654,0.719,1,0.000,0.000,0.000,0.000,0.000,0.000,-0.022,0.142
394.01,0.435,0,0.654,0.719,1,0.000,0.000,0.000,0.000,0.000,0.000,-0.037,0.140
394.21,0.423,0,0.654,0.719,1,0.000,0.000,0.000,0.000,0.000,0.000,-0.031,0.143
394.41,0.423,0,0.660,0.719,1,0.000,0.000,0.000,0.000,0.000,0.000,-0.043,0.143
394.61,0.654,0,0.660,0.719,1,0.000,0.000,0.000,0.000,0.000,0.000,-0.045,0.136
394.81,0.421,0,0.659,0.722,1,0.000,0.000,0.000,0.000,0.000,0.000,-0.045,0.136
395.01,0.656,0,0.659,0.722,1,0.000,0.000,0.000,0.000,0.000,0.000,-0.044,0.149
395.21,0.421,0,0.659,0.722,1,0.000,0.000,0.000,0.000,0.000,0.000,-0.029,0.142
395.41,0.421,0,0.662,0.725,1,0.000,0.000,0.000,0.000,0.000,0.000,-0.022,0.144
395.61,0.434,0,0.662,0.725,1,0.000,0.000,0.000,0.000,0.000,0.000,-0.022,0.144
395.81,0.417,0,0.663,0.724,1,0.000,0.000,0.000,0.000,0.000,0.000,-0.041,0.151
396.01,0.435,0,0.663,0.724,1,0.000,0.000,0.000,0.000,0.000,0.000,-0.038,0.149
396.21,0.435,0,0.663,0.724,1,0.000,0.000,0.000,0.000,0.000,0.000,-0.043,0.147
396.41,0.423,0,0.659,0.720,1,0.000,0.000,0.000,0.000,0.000,0.000,-0.043,0.147
396.61,0.421,0,0.659,0.720,1,0.000,0.000,0.000,0.000,0.000,0.000,-0.047,0.150
396.81,0.421,0,0.654,0.714,1,0.000,0.000,0.000,0.000,0.000,0.000,-0.040,0.144
397.01,0.421,0,0.654,0.714,1,0.000,0.000,0.000,0.000,0.000,0.000,-0.036,0.144
397.21,0.421,0,0.654,0.714,1,0.000,0.000,0.000,0.000,0.000,0.000,-0.036,0.149
397.41,0.423,0,0.650,0.716,1,0.000,0.000,0.000,0.000,0.000,0.000,-0.036,0.149
397.61,0.423,0,0.650,0.716,1,0.000,0.000,0.000,0.000,0.000,0.000,-0.038,0.147
397.81,0.423,0,0.653,0.712,1,0.000,0.000,0.000,0.000,0.000,0.000,-0.039,0.146
398.01,0.417,0,0.653,0.712,1,0.000,0.000,0.000,0.000,0.000,0.000,-0.036,0.145
398.21,0.424,0,0.653,0.712,1,0.000,0.000,0.000,0.000,0.000,0.000,-0.036,0.145
398.41,0.417,0,0.647,0.711,1,0.000,0.000,0.000,0.000,0.000,0.000,-0.031,0.151
398.61,0.426,0,0.647,0.711,1,0.000,0.000,0.000,0.000,0.000,0.000,-0.036,0.147
398.81,0.426,0,0.647,0.712,1,0.000,0.000,0.000,0.000,0.000,0.000,-0.037,0.144
399.01,0.421,0,0.647,0.712,1,0.000,0.000,0.000,0.000,0.000,0.000,-0.037,0.144
399.21,0.419,0,0.647,0.712,1,0.000,0.000,0.000,0.000,0.000,0.000,-0.041,0.149
399.41,0.423,0,0.649,0.710,1,0.000,0.000,0.000,0.000,0.000,0.000,-0.042,0.142
399.61,0.423,0,0.649,0.710,1,0.000,0.000,0.000,0.000,0.000,0.000,-0.045,0.142
399.81,0.419,0,0.644,0.710,1,0.000,0.000,0.000,0.000,0.000,0.000,-0.045,0.142
400.01,0.423,0,0.644,0.710,1,0.000,0.000,0.000,0.000,0.000,0.000,-0.028,0.150
400.21,0.435,0,0.644,0.710,1,0.000,0.000,0.000,0.000,0.000,0.000,-0.033,0.148
400.41,0.435,0,0.646,0.710,1,0.000,0.000,0.000,0.000,0.000,0.000,-0.029,0.143
400.61,0.424,0,0.646,0.710,1,0.000,0.000,0.000,0.000,0.000,0.000,-0.034,0.150
400.81,0.423,0,0.645,0.709,1,0.000,0.000,0.000,0.000,0.000,0.000,-0.034,0.150
401.01,0.437,0,0.645,0.709,1,0.000,0.000,0.000,0.000,0.000,0.000,-0.040,0.145
401.21,0.435,0,0.645,0.709,1,0.000,0.000,0.000,0.000,0.000,0.000,-0.032,0.148
401.41,0.435,0,0.645,0.709,1,0.000,0.000,0.000,0.000,0.000,0.000,-0.041,0.142
401.61,0.419,0,0.645,0.709,1,0.000,0.000,0.000,0.000,0.000,0.000,-0.041,0.142
401.81,0.421,0,0.649,0.713,1,0.000,0.000,0.000,0.000,0.000,0.000,-0.035,0.143
402.01,0.419,0,0.649,0.713,1,0.000,0.000,0.000,0.000,0.000,0.000,-0.037,0.151
402.21,0.419,0,0.649,0.713,1,0.000,0.000,0.000,0.000,0.000,0.000,-0.041,0.145
402.41,0.423,0,0.644,0.709,1,0.000,0.000,0.000,0.000,0.000,0.000,-0.041,0.145
402.61,0.421,0,0.644,0.709,1,0.000,0.000,0.000,0.000,0.000,0.000,-0.051,0.148
402.81,0.644,0,0.650,0.714,1,0.000,0.000,0.000,0.000,0.000,0.000,-0.045,0.149
403.01,0.644,0,0.650,0.714,1,0.000,0.000,0.000,0.000,0.000,0.000,-0.039,0.145
403.21,0.435,0,0.650,0.714,1,0.000,0.000,0.000,0.000,0.000,0.000,-0.037,0.147
403.41,0.639,0,0.645,0.710,1,0.000,0.000,0.000,0.000,0.000,0.000,-0.037,0.147
403.61,0.421,0,0.645,0.710,1,0.000,0.000,0.000,0.000,0.000,0.000,-0.036,0.149
403.81,0.434,0,0.651,0.711,1,0.000,0.000,0.000,0.000,0.000,0.000,-0.031,0.150
404.01,0.434,0,0.651,0.711,1,0.000,0.000,0.000,0.000,0.000,0.000,-0.034,0.146
404.21,0.432,0,0.651,0.711,1,0.000,0.000,0.000,0.000,0.000,0.000,-0.034,0.146
404.41,0.417,0,0.643,0.708,1,0.000,0.000,0.000,0.000,0.000,0.000,-0.031,0.151
404.61,0.642,0,0.643,0.708,1,0.000,0.000,0.000,0.000,0.000,0.000,-0.038,0.148
404.81,0.642,0,0.644,0.709,1,0.000,0.000,0.000,0.000,0.000,0.000,-0.031,0.147
405.01,0.417,0,0.644,0.709,1,0.000,0.000,0.000,0.000,0.000,0.000,-0.031,0.147
405.21,0.423,0,0.644,0.709,1,0.000,0.000,0.000,0.000,0.000,0.000,-0.032,0.146
405.41,0.419,0,0.646,0.714,1,0.000,0.000,0.000,0.000,0.000,0.000,-0.032,0.150
405.61,0.419,0,0.646,0.714,1,0.000,0.000,0.000,0.000,0.000,0.000,-0.031,0.148
405.81,0.419,0,0.655,0.715,1,0.000,0.000,0.000,0.000,0.000,0.000,-0.032,0.152
406.01,0.433,0,0.655,0.715,1,0.000,0.000,0.000,0.000,0.000,0.000,-0.032,0.152
406.21,0.428,0,0.655,0.715,1,0.000,0.000,0.000,0.000,0.000,0.000,-0.036,0.146
406.41,0.419,0,0.659,0.715,1,0.000,0.000,0.000,0.000,0.000,0.000,-0.041,0.149
406.61,0.419,0,0.659,0.715,1,0.000,0.000,0.000,0.000,0.000,0.000,-0.032,0.146
406.81,0.649,0,0.655,0.715,1,0.000,0.000,0.000,0.000,0.000,0.000,-0.032,0.146
407.01,0.423,0,0.655,0.715,1,0.000,0.000,0.000,0.000,0.000,0.000,-0.041,0.153
407.21,0.424,0,0.655,0.715,1,0.000,0.000,0.000,0.000,0.000,0.000,-0.039,0.143
407.41,0.424,0,0.653,0.714,1,0.000,0.000,0.000,0.000,0.000,0.000,-0.031,0.150
407.61,0.421,0,0.653,0.714,1,0.000,0.000,0.000,0.000,0.000,0.000,-0.031,0.150
407.81,0.435,0,0.651,0.710,1,0.000,0.000,0.000,0.000,0.000,0.000,-0.037,0.151
408.01,0.435,0,0.651,0.710,1,0.000,0.000,0.000,0.000,0.000,0.000,-0.030,0.150
408.21,0.435,0,0.651,0.710,1,0.000,0.000,0.000,0.000,0.000,0.000,-0.039,0.151
408.41,0.423,0,0.649,0.709,1,0.000,0.000,0.000,0.000,0.000,0.000,-0.036,0.147
408.61,0.423,0,0.649,0.709,1,0.000,0.000,0.000,0.000,0.000,0.000,-0.036,0.147
408.81,0.421,0,0.645,0.709,1,0.000,0.000,0.000,0.000,0.000,0.000,-0.042,0.153
409.01,0.421,0,0.645,0.709,1,0.000,0.000,0.000,0.000,0.000,0.000,-0.031,0.147
409.21,0.421,0,0.645,0.709,1,0.000,0.000,0.000,0.000,0.000,0.000,-0.036,0.148
409.41,0.417,0,0.647,0.711,1,0.000,0.000,0.000,0.000,0.000,0.000,-0.036,0.148
409.61,0.423,0,0.647,0.711,1,0.000,0.000,0.000,0.000,0.000,0.000,-0.034,0.148
409.81,0.421,0,0.650,0.716,1,0.000,0.000,0.000,0.000,0.000,0.000,-0.043,0.145
410.01,0.421,0,0.650,0.716,1,0.000,0.000,0.000,0.000,0.000,0.000,-0.045,0.142
410.21,0.435,0,0.650,0.716,1,0.000,0.000,0.000,0.000,0.000,0.000,-0.045,0.142
410.41,0.423,0,0.656,0.716,1,0.000,0.000,0.000,0.000,0.000,0.000,-0.032,0.149
410.61,0.419,0,0.656,0.716,1,0.000,0.000,0.000,0.000,0.000,0.000,-0.043,0.148
410.81,0.419,0,0.654,0.716,1,0.000,0.000,0.000,0.000,0.000,0.000,-0.035,0.150
411.01,0.432,0,0.654,0.716,1,0.000,0.000,0.000,0.000,0.000,0.000,-0.038,0.150
411.21,0.421,0,0.654,0.716,1,0.000,0.000,0.000,0.000,0.000,0.000,-0.038,0.150
411.41,0.435,0,0.656,0.716,1,0.000,0.000,0.000,0.000,0.000,0.000,-0.034,0.147
411.61,0.421,0,0.656,0.716,1,0.000,0.000,0.000,0.000,0.000,0.000,-0.044,0.148
411.81,0.421,0,0.655,0.716,1,0.000,0.000,0.000,0.000,0.000,0.000,-0.038,0.138
412.01,0.423,0,0.655,0.716,1,0.000,0.000,0.000,0.000,0.000,0.000,-0.038,0.138
412.21,0.435,0,0.655,0.716,1,0.000,0.000,0.000,0.000,0.000,0.000,-0.042,0.153
412.41,0.417,0,0.655,0.716,1,0.000,0.000,0.000,0.000,0.000,0.000,-0.038,0.148
412.61,0.417,0,0.655,0.716,1,0.000,0.000,0.000,0.000,0.000,0.000,-0.045,0.147
412.81,0.646,0,0.652,0.711,1,0.000,0.000,0.000,0.000,0.000,0.000,-0.045,0.147
413.01,0.419,0,0.652,0.711,1,0.000,0.000,0.000,0.000,0.000,0.000,-0.039,0.146
413.21,0.642,0,0.652,0.711,1,0.000,0.000,0.000,0.000,0.000,0.000,-0.044,0.151
413.41,0.642,0,0.648,0.712,1,0.000,0.000,0.000,0.000,0.000,0.000,-0.041,0.147
413.61,0.423,0,0.648,0.712,1,0.000,0.000,0.000,0.000,0.000,0.000,-0.041,0.147
413.81,0.421,0,0.650,0.713,1,0.000,0.000,0.000,0.000,0.000,0.000,-0.038,0.146
414.01,0.421,0,0.650,0.713,1,0.000,0.000,0.000,0.000,0.000,0.000,-0.044,0.145
414.21,0.421,0,0.650,0.713,1,0.000,0.000,0.000,0.000,0.000,0.000,-0.039,0.155
414.41,0.433,0,0.649,0.713,1,0.000,0.000,0.000,0.000,0.000,0.000,-0.032,0.151
414.61,0.434,0,0.649,0.713,1,0.000,0.000,0.000,0.000,0.000,0.000,-0.032,0.151
414.81,0.417,0,0.653,0.714,1,0.000,0.000,0.000,0.000,0.000,0.000,-0.033,0.141
415.01,0.417,0,0.653,0.714,1,0.000,0.000,0.000,0.000,0.000,0.000,-0.040,0.146
415.21,0.417,0,0.653,0.714,1,0.000,0.000,0.000,0.000,0.000,0.000,-0.038,0.145
415.41,0.650,0,0.656,0.715,1,0.000,0.000,0.000,0.000,0.000,0.000,-0.038,0.145
415.61,0.431,0,0.656,0.715,1,0.000,0.000,0.000,0.000,0.000,0.000,-0.032,0.147
415.81,0.437,0,0.644,0.710,1,0.000,0.000,0.000,0.000,0.000,0.000,-0.045,0.145
416.01,0.437,0,0.644,0.710,1,0.000,0.000,0.000,0.000,0.000,0.000,-0.033,0.151
416.21,0.419,0,0.644,0.710,1,0.000,0.000,0.000,0.000,0.000,0.000,-0.033,0.151
416.41,0.438,0,0.645,0.711,1,0.000,0.000,0.000,0.000,0.000,0.000,-0.032,0.151
416.61,0.424,0,0.645,0.711,1,0.000,0.000,0.000,0.000,0.000,0.000,-0.038,0.146
416.81,0.424,0,0.652,0.716,1,0.000,0.000,0.000,0.000,0.000,0.000,-0.035,0.149
417.01,0.417,0,0.652,0.716,1,0.000,0.000,0.000,0.000,0.000,0.000,-0.037,0.152
417.21,0.421,0,0.652,0.716,1,0.000,0.000,0.000,0.000,0.000,0.000,-0.037,0.152
417.41,0.421,0,0.653,0.717,1,0.000,0.000,0.000,0.000,0.000,0.000,-0.040,0.145
417.61,0.433,0,0.653,0.717,1,0.000,0.000,0.000,0.000,0.000,0.000,-0.039,0.146
417.81,0.433,0,0.655,0.721,1,0.000,0.000,0.000,0.000,0.000,0.000,-0.037,0.148
418.01,0.421,0,0.655,0.721,1,0.000,0.000,0.000,0.000,0.000,0.000,-0.037,0.148
418.21,0.433,0,0.655,0.721,1,0.000,0.000,0.000,0.000,0.000,0.000,-0.032,0.149
418.41,0.424,0,0.653,0.719,1,0.000,0.000,0.000,0.000,0.000,0.000,-0.034,0.145
418.61,0.424,0,0.653,0.719,1,0.000,0.000,0.000,0.000,0.000,0.000,-0.036,0.146
418.81,0.417,0,0.662,0.718,1,0.000,0.000,0.000,0.000,0.000,0.000,-0.036,0.146
419.01,0.417,0,0.662,0.718,1,0.000,0.000,0.000,0.000,0.000,0.000,-0.043,0.150
419.21,0.423,0,0.662,0.718,1,0.000,0.000,0.000,0.000,0.000,0.000,-0.036,0.145
419.41,0.423,0,0.659,0.717,1,0.000,0.000,0.000,0.000,0.000,0.000,-0.032,0.152
419.61,0.423,0,0.659,0.717,1,0.000,0.000,0.000,0.000,0.000,0.000,-0.047,0.148
419.81,0.105,0,0.660,0.718,1,0.000,0.000,0.000,0.000,0.000,0.000,-0.047,0.148
420.01,0.419,0,0.660,0.718,1,0.000,0.000,0.000,0.000,0.000,0.000,-0.040,0.148
420.21,0.417,0,0.660,0.718,1,0.000,0.000,0.000,0.000,0.000,0.000,-0.039,0.152
420.41,0.417,0,0.655,0.719,1,0.000,0.000,0.000,0.000,0.000,0.000,-0.040,0.144
420.61,0.655,0,0.655,0.719,1,0.000,0.000,0.000,0.000,0.000,0.000,-0.040,0.144
420.81,0.423,0,0.662,0.716,1,0.000,0.000,0.000,0.000,0.000,0.000,-0.041,0.147
421.01,0.423,0,0.662,0.716,1,0.000,0.000,0.000,0.000,0.000,0.000,-0.029,0.147
421.21,0.423,0,0.662,0.716,1,0.000,0.000,0.000,0.000,0.000,0.000,-0.032,0.151
421.41,0.423,0,0.656,0.718,1,0.000,0.000,0.000,0.000,0.000,0.000,-0.032,0.151
421.61,0.421,0,0.656,0.718,1,0.000,0.000,0.000,0.000,0.000,0.000,-0.044,0.150
421.81,0.423,0,0.657,0.716,1,0.000,0.000,0.000,0.000,0.000,0.000,-0.038,0.148
422.01,0.423,0,0.657,0.716,1,0.000,0.000,0.000,0.000,0.000,0.000,-0.042,0.153
422.21,0.417,0,0.657,0.716,1,0.000,0.000,0.000,0.000,0.000,0.000,-0.034,0.148
422.41,0.421,0,0.651,0.716,1,0.000,0.000,0.000,0.000,0.000,0.000,-0.034,0.148
422.61,0.421,0,0.651,0.716,1,0.000,0.000,0.000,0.000,0.000,0.000,-0.038,0.144
422.81,0.431,0,0.653,0.718,1,0.000,0.000,0.000,0.000,0.000,0.000,-0.028,0.155
423.01,0.431,0,0.653,0.718,1,0.000,0.000,0.000,0.000,0.000,0.000,-0.042,0.149
423.21,0.648,0,0.653,0.718,1,0.000,0.000,0.000,0.000,0.000,0.000,-0.042,0.149
423.41,0.437,0,0.658,0.717,1,0.000,0.000,0.000,0.000,0.000,0.000,-0.035,0.148
423.61,0.423,0,0.658,0.717,1,0.000,0.000,0.000,0.000,0.000,0.000,-0.033,0.153
423.81,0.423,0,0.651,0.715,1,0.000,0.000,0.000,0.000,0.000,0.000,-0.035,0.147
424.01,0.423,0,0.651,0.715,1,0.000,0.000,0.000,0.000,0.000,0.000,-0.035,0.147
424.21,0.433,0,0.651,0.715,1,0.000,0.000,0.000,0.000,0.000,0.000,-0.037,0.146
424.41,0.421,0,0.652,0.713,1,0.000,0.000,0.000,0.000,0.000,0.000,-0.038,0.147
424.61,0.421,0,0.652,0.713,1,0.000,0.000,0.000,0.000,0.000,0.000,-0.041,0.150
424.81,0.421,0,0.646,0.709,1,0.000,0.000,0.000,0.000,0.000,0.000,-0.041,0.150
425.01,0.423,0,0.646,0.709,1,0.000,0.000,0.000,0.000,0.000,0.000,-0.029,0.151
425.21,0.423,0,0.646,0.709,1,0.000,0.000,0.000,0.000,0.000,0.000,-0.038,0.144
425.41,0.417,0,0.647,0.709,1,0.000,0.000,0.000,0.000,0.000,0.000,-0.029,0.156
425.61,0.417,0,0.647,0.709,1,0.000,0.000,0.000,0.000,0.000,0.000,-0.034,0.143
425.81,0.423,0,0.642,0.710,1,0.000,0.000,0.000,0.000,0.000,0.000,-0.034,0.143
426.01,0.106,0,0.642,0.710,1,0.000,0.000,0.000,0.000,0.000,0.000,-0.032,0.151
426.21,0.106,0,0.642,0.710,1,0.000,0.000,0.000,0.000,0.000,0.000,-0.036,0.147
426.41,0.106,0,0.651,0.715,1,0.000,0.000,0.000,0.000,0.000,0.000,-0.031,0.149
426.61,0.650,0,0.651,0.715,1,0.000,0.000,0.000,0.000,0.000,0.000,-0.031,0.149
426.81,0.417,0,0.655,0.715,1,0.000,0.000,0.000,0.000,0.000,0.000,-0.029,0.149
427.01,0.423,0,0.655,0.715,1,0.000,0.000,0.000,0.000,0.000,0.000,-0.031,0.156
427.21,0.423,0,0.655,0.715,1,0.000,0.000,0.000,0.000,0.000,0.000,-0.028,0.148
427.41,0.421,0,0.652,0.715,1,0.000,0.000,0.000,0.000,0.000,0.000,-0.026,0.154
427.61,0.434,0,0.652,0.715,1,0.000,0.000,0.000,0.000,0.000,0.000,-0.026,0.154
427.81,0.106,0,0.643,0.709,1,0.000,0.000,0.000,0.000,0.000,0.000,-0.019,0.153
428.01,0.106,0,0.643,0.709,1,0.000,0.000,0.000,0.000,0.000,0.000,-0.031,0.150
428.21,0.105,0,0.643,0.709,1,0.000,0.000,0.000,0.000,0.000,0.000,-0.029,0.149
428.41,0.419,0,0.648,0.711,1,0.000,0.000,0.000,0.000,0.000,0.000,-0.029,0.149
428.61,0.417,0,0.648,0.711,1,0.000,0.000,0.000,0.000,0.000,0.000,-0.030,0.145
428.81,0.417,0,0.649,0.711,1,0.000,0.000,0.000,0.000,0.000,0.000,-0.030,0.151
429.01,0.417,0,0.649,0.711,1,0.000,0.000,0.000,0.000,0.000,0.000,-0.028,0.144
429.21,0.417,0,0.649,0.711,1,0.000,0.000,0.000,0.000,0.000,0.000,-0.028,0.144
429.41,0.428,0,0.654,0.714,1,0.000,0.000,0.000,0.000,0.000,0.000,-0.024,0.152
429.61,0.433,0,0.654,0.714,1,0.000,0.000,0.000,0.000,0.000,0.000,-0.022,0.153
429.81,0.433,0,0.653,0.715,1,0.000,0.000,0.000,0.000,0.000,0.000,-0.028,0.150
430.01,0.435,0,0.653,0.715,1,0.000,0.000,0.000,0.000,0.000,0.000,-0.028,0.150
430.21,0.423,0,0.653,0.715,1,0.000,0.000,0.000,0.000,0.000,0.000,-0.025,0.145
430.41,0.417,0,0.656,0.715,1,0.000,0.000,0.000,0.000,0.000,0.000,-0.037,0.148
430.61,0.417,0,0.656,0.715,1,0.000,0.000,0.000,0.000,0.000,0.000,-0.028,0.150
430.81,0.423,0,0.649,0.713,1,0.000,0.000,0.000,0.000,0.000,0.000,-0.030,0.147
431.01,0.419,0,0.649,0.713,1,0.000,0.000,0.000,0.000,0.000,0.000,-0.030,0.147
431.21,0.419,0,0.649,0.713,1,0.000,0.000,0.000,0.000,0.000,0.000,-0.035,0.147
431.41,0.423,0,0.649,0.715,1,0.000,0.000,0.000,0.000,0.000,0.000,-0.031,0.144
431.61,0.423,0,0.649,0.715,1,0.000,0.000,0.000,0.000,0.000,0.000,-0.037,0.145
431.81,0.424,0,0.657,0.717,1,0.000,0.000,0.000,0.000,0.000,0.000,-0.037,0.145
432.01,0.419,0,0.657,0.717,1,0.000,0.000,0.000,0.000,0.000,0.000,-0.041,0.139
432.21,0.423,0,0.657,0.717,1,0.000,0.000,0.000,0.000,0.000,0.000,-0.040,0.152
432.41,0.423,0,0.649,0.715,1,0.000,0.000,0.000,0.000,0.000,0.000,-0.034,0.155
432.61,0.424,0,0.649,0.715,1,0.000,0.000,0.000,0.000,0.000,0.000,-0.034,0.155
432.81,0.424,0,0.647,0.711,1,0.000,0.000,0.000,0.000,0.000,0.000,-0.035,0.154
433.01,0.417,0,0.647,0.711,1,0.000,0.000,0.000,0.000,0.000,0.000,-0.029,0.151
433.21,0.417,0,0.647,0.711,1,0.000,0.000,0.000,0.000,0.000,0.000,-0.027,0.154
433.41,0.426,0,0.650,0.711,1,0.000,0.000,0.000,0.000,0.000,0.000,-0.023,0.154
433.61,0.423,0,0.650,0.711,1,0.000,0.000,0.000,0.000,0.000,0.000,-0.023,0.154
433.81,0.433,0,0.650,0.713,1,0.000,0.000,0.000,0.000,0.000,0.000,-0.020,0.153
434.01,0.431,0,0.650,0.713,1,0.000,0.000,0.000,0.000,0.000,0.000,-0.026,0.155
434.21,0.431,0,0.650,0.713,1,0.000,0.000,0.000,0.000,0.000,0.000,-0.022,0.154
434.41,0.419,0,0.656,0.718,1,0.000,0.000,0.000,0.000,0.000,0.000,-0.022,0.154
434.61,0.423,0,0.656,0.718,1,0.000,0.000,0.000,0.000,0.000,0.000,-0.026,0.154
434.81,0.421,0,0.654,0.720,1,0.000,0.000,0.000,0.000,0.000,0.000,-0.027,0.152
435.01,0.421,0,0.654,0.720,1,0.000,0.000,0.000,0.000,0.000,0.000,-0.028,0.157
435.21,0.421,0,0.654,0.720,1,0.000,0.000,0.000,0.000,0.000,0.000,-0.028,0.157
435.41,0.421,0,0.654,0.715,1,0.000,0.000,0.000,0.000,0.000,0.000,-0.013,0.153
435.61,0.419,0,0.654,0.715,1,0.000,0.000,0.000,0.000,0.000,0.000,-0.024,0.149
435.81,0.419,0,0.655,0.714,1,0.000,0.000,0.000,0.000,0.000,0.000,-0.027,0.152
436.01,0.424,0,0.655,0.714,1,0.000,0.000,0.000,0.000,0.000,0.000,-0.034,0.158
436.21,0.417,0,0.655,0.714,1,0.000,0.000,0.000,0.000,0.000,0.000,-0.034,0.158
436.41,0.431,0,0.651,0.715,1,0.000,0.000,0.000,0.000,0.000,0.000,-0.030,0.153
436.61,0.424,0,0.651,0.715,1,0.000,0.000,0.000,0.000,0.000,0.000,-0.026,0.154
436.81,0.424,0,0.652,0.714,1,0.000,0.000,0.000,0.000,0.000,0.000,-0.032,0.150
437.01,0.428,0,0.652,0.714,1,0.000,0.000,0.000,0.000,0.000,0.000,-0.032,0.150
437.21,0.419,0,0.652,0.714,1,0.000,0.000,0.000,0.000,0.000,0.000,-0.022,0.152
437.41,0.428,0,0.649,0.715,1,0.000,0.000,0.000,0.000,0.000,0.000,-0.027,0.142
437.61,0.428,0,0.649,0.715,1,0.000,0.000,0.000,0.000,0.000,0.000,-0.028,0.143
437.81,0.435,0,0.661,0.716,1,0.000,0.000,0.000,0.000,0.000,0.000,-0.028,0.143
438.01,0.423,0,0.661,0.716,1,0.000,0.000,0.000,0.000,0.000,0.000,-0.032,0.148
438.21,0.435,0,0.661,0.716,1,0.000,0.000,0.000,0.000,0.000,0.000,-0.031,0.148
438.41,0.435,0,0.659,0.717,1,0.000,0.000,0.000,0.000,0.000,0.000,-0.035,0.145
438.61,0.426,0,0.659,0.717,1,0.000,0.000,0.000,0.000,0.000,0.000,-0.035,0.145
438.81,0.423,0,0.660,0.717,1,0.000,0.000,0.000,0.000,0.000,0.000,-0.040,0.142
439.01,0.419,0,0.660,0.717,1,0.000,0.000,0.000,0.000,0.000,0.000,-0.041,0.148
439.21,0.419,0,0.660,0.717,1,0.000,0.000,0.000,0.000,0.000,0.000,-0.037,0.150
439.41,0.334,0,0.346,0.321,1,0.000,0.000,0.000,0.000,0.000,0.000,-0.030,0.145
439.61,0.208,0,0.346,0.321,1,0.000,0.000,0.000,0.000,0.000,0.000,-0.030,0.145
439.81,0.145,0,0.171,nan,0,0.000,0.000,0.000,0.000,0.000,0.000,-0.032,0.142
440.01,0.138,0,0.171,nan,0,0.000,0.000,0.000,0.000,0.000,0.000,-0.023,0.145
440.21,0.138,0,0.171,nan,0,0.000,0.000,0.000,0.000,0.000,0.000,-0.018,0.147
440.41,0.140,0,0.167,nan,0,0.000,0.000,0.000,0.000,0.000,0.000,-0.018,0.147
440.61,0.138,0,0.167,nan,0,0.000,0.000,0.000,0.000,0.000,0.000,-0.020,0.144
440.81,0.132,0,0.159,0.315,1,0.000,0.000,0.000,0.000,0.000,0.000,-0.014,0.152
441.01,0.132,0,0.159,0.315,1,0.000,0.000,0.000,0.000,0.000,0.000,-0.009,0.152
441.21,0.132,0,0.159,0.315,1,0.000,0.000,0.000,0.000,0.000,0.000,-0.020,0.154
441.41,0.136,0,0.163,0.385,0,0.000,0.000,0.000,0.000,0.000,0.000,-0.020,0.154
441.61,0.131,0,0.163,0.385,0,0.000,0.000,0.000,0.000,0.000,0.000,-0.017,0.151
441.81,0.131,0,0.164,0.350,1,0.000,0.000,0.000,0.000,0.000,0.000,-0.019,0.154
442.01,0.137,0,0.164,0.350,1,0.000,0.000,0.000,0.000,0.000,0.000,-0.010,0.158
442.21,0.146,0,0.164,0.350,1,0.000,0.000,0.000,0.000,0.000,0.000,-0.010,0.158
442.41,0.144,0,0.170,nan,0,0.000,0.000,0.000,0.000,0.000,0.000,-0.024,0.156
442.61,0.151,0,0.170,nan,0,0.000,0.000,0.000,0.000,0.000,0.000,-0.022,0.156
442.81,0.151,0,0.176,nan,0,0.000,0.000,0.000,0.000,0.000,0.000,-0.020,0.160
443.01,0.148,0,0.176,nan,0,0.000,0.000,0.000,0.000,0.000,0.000,-0.020,0.160
443.21,0.133,0,0.176,nan,0,0.000,0.000,0.000,0.000,0.000,0.000,-0.024,0.152
443.41,0.136,0,0.161,nan,0,0.000,0.000,0.000,0.000,0.000,0.000,-0.027,0.154
443.61,0.136,0,0.161,nan,0,0.000,0.000,0.000,0.000,0.000,0.000,-0.025,0.153
443.81,0.142,0,0.168,nan,0,0.000,0.000,0.000,0.000,0.000,0.000,-0.025,0.153
444.01,0.147,0,0.168,nan,0,0.000,0.000,0.000,0.000,0.000,0.000,-0.022,0.151
444.21,0.146,0,0.168,nan,0,0.000,0.000,0.000,0.000,0.000,0.000,-0.020,0.160
444.41,0.146,0,0.171,nan,0,0.000,0.000,0.000,0.000,0.000,0.000,-0.029,0.146
444.61,0.148,0,0.171,nan,0,0.000,0.000,0.000,0.000,0.000,0.000,-0.033,0.153
444.81,0.146,0,0.172,nan,0,0.000,0.000,0.000,0.000,0.000,0.000,-0.033,0.153
445.01,0.140,0,0.172,nan,0,0.000,0.000,0.000,0.000,0.000,0.000,-0.010,0.150
445.21,0.139,0,0.172,nan,0,0.000,0.000,0.000,0.000,0.000,0.000,-0.004,0.153
445.41,0.139,0,0.165,nan,0,0.000,0.000,0.000,0.000,0.000,0.000,-0.021,0.154
445.61,0.141,0,0.165,nan,0,0.000,0.000,0.000,0.000,0.000,0.000,-0.021,0.154
445.81,0.144,0,0.169,nan,0,0.000,0.000,0.000,0.000,0.000,0.000,-0.016,0.151
446.01,0.139,0,0.169,nan,0,0.000,0.000,0.000,0.000,0.000,0.000,-0.012,0.152
446.21,0.139,0,0.169,nan,0,0.000,0.000,0.000,0.000,0.000,0.000,-0.013,0.150
446.41,0.135,0,0.163,nan,0,0.000,0.000,0.000,0.000,0.000,0.000,-0.013,0.150
446.61,0.128,0,0.163,nan,0,0.000,0.000,0.000,0.000,0.000,0.000,-0.018,0.148
446.81,0.121,0,0.151,nan,0,0.000,0.000,0.000,0.000,0.000,0.000,-0.000,0.144
447.01,0.121,0,0.151,nan,0,0.000,0.000,0.000,0.000,0.000,0.000,-0.012,0.159
447.21,0.117,0,0.151,nan,0,0.000,0.000,0.000,0.000,0.000,0.000,-0.011,0.146
447.41,0.120,0,0.150,nan,0,0.000,0.000,0.000,0.000,0.000,0.000,-0.011,0.146
447.61,0.123,0,0.150,nan,0,0.000,0.000,0.000,0.000,0.000,0.000,-0.010,0.155
447.81,0.126,0,0.155,0.339,1,0.000,0.000,0.000,0.000,0.000,0.000,-0.014,0.150
448.01,0.126,0,0.155,0.339,1,0.000,0.000,0.000,0.000,0.000,0.000,0.002,0.158
448.21,0.127,0,0.155,0.339,1,0.000,0.000,0.000,0.000,0.000,0.000,0.002,0.158
448.41,0.122,0,0.152,nan,0,0.000,0.000,0.000,0.000,0.000,0.000,-0.012,0.153
448.61,0.113,0,0.152,nan,0,0.000,0.000,0.000,0.000,0.000,0.000,-0.010,0.157
448.81,0.113,0,0.145,nan,0,0.000,0.000,0.000,0.000,0.000,0.000,-0.015,0.150
449.01,0.417,0,0.145,nan,0,0.000,0.000,0.000,0.000,0.000,0.000,-0.015,0.150
449.21,0.105,0,0.145,nan,0,0.000,0.000,0.000,0.000,0.000,0.000,-0.016,0.153
449.41,0.424,0,0.646,0.716,1,0.000,0.000,0.000,0.000,0.000,0.000,-0.027,0.148
449.61,0.424,0,0.646,0.716,1,0.000,0.000,0.000,0.000,0.000,0.000,-0.017,0.152
449.81,0.423,0,0.663,0.705,1,0.000,0.000,0.000,0.000,0.000,0.000,-0.024,0.155
450.01,0.423,0,0.663,0.705,1,0.000,0.000,0.000,0.000,0.000,0.000,-0.024,0.155
450.21,0.136,0,0.663,0.705,1,0.000,0.000,0.000,0.000,0.000,0.000,-0.014,0.158
450.41,0.114,0,0.163,0.730,0,0.000,0.000,0.000,0.000,0.000,0.000,-0.010,0.147
450.61,0.114,0,0.163,0.730,0,0.000,0.000,0.000,0.000,0.000,0.000,-0.014,0.169
450.81,0.106,0,0.151,0.711,0,0.000,0.000,0.000,0.000,0.000,0.000,-0.014,0.169
451.01,0.121,0,0.151,0.711,0,0.000,0.000,0.000,0.000,0.000,0.000,-0.008,0.157
451.21,0.132,0,0.151,0.711,0,0.000,0.000,0.000,0.000,0.000,0.000,-0.022,0.150
451.41,0.132,0,0.160,0.724,0,0.000,0.000,0.000,0.000,0.000,0.000,-0.027,0.150
451.61,0.421,0,0.160,0.724,0,0.000,0.000,0.000,0.000,0.000,0.000,-0.027,0.150
451.81,0.421,0,0.686,0.346,0,0.000,0.000,0.000,0.000,0.000,0.000,-0.018,0.155
452.01,0.419,0,0.686,0.346,0,0.000,0.000,0.000,0.000,0.000,0.000,-0.011,0.147
452.21,0.419,0,0.686,0.346,0,0.000,0.000,0.000,0.000,0.000,0.000,-0.027,0.154
452.41,0.424,0,0.670,0.317,0,0.000,0.000,0.000,0.000,0.000,0.000,-0.020,0.156
452.61,0.419,0,0.670,0.317,0,0.000,0.000,0.000,0.000,0.000,0.000,-0.020,0.156
452.81,0.423,0,0.671,0.318,0,0.000,0.000,0.000,0.000,0.000,0.000,-0.020,0.155
453.01,0.417,0,0.671,0.318,0,0.000,0.000,0.000,0.000,0.000,0.000,-0.027,0.155
453.21,0.417,0,0.671,0.318,0,0.000,0.000,0.000,0.000,0.000,0.000,-0.027,0.151
453.41,0.423,0,0.673,0.349,0,0.000,0.000,0.000,0.000,0.000,0.000,-0.027,0.151
453.61,0.423,0,0.673,0.349,0,0.000,0.000,0.000,0.000,0.000,0.000,-0.023,0.154
453.81,0.106,0,0.673,0.351,0,0.000,0.000,0.000,0.000,0.000,0.000,-0.018,0.151
454.01,0.106,0,0.673,0.351,0,0.000,0.000,0.000,0.000,0.000,0.000,-0.034,0.151
454.21,0.421,0,0.673,0.351,0,0.000,0.000,0.000,0.000,0.000,0.000,-0.034,0.151
454.41,0.421,0,0.679,0.352,0,0.000,0.000,0.000,0.000,0.000,0.000,-0.033,0.151
454.61,0.421,0,0.679,0.352,0,0.000,0.000,0.000,0.000,0.000,0.000,-0.032,0.159
454.81,0.421,0,0.679,0.352,0,0.000,0.000,0.000,0.000,0.000,0.000,-0.028,0.148
455.01,0.423,0,0.679,0.352,0,0.000,0.000,0.000,0.000,0.000,0.000,-0.036,0.158
455.21,0.421,0,0.679,0.352,0,0.000,0.000,0.000,0.000,0.000,0.000,-0.036,0.158
455.41,0.419,0,0.678,0.356,0,0.000,0.000,0.000,0.000,0.000,0.000,-0.034,0.151
455.61,0.423,0,0.678,0.356,0,0.000,0.000,0.000,0.000,0.000,0.000,-0.022,0.153
455.81,0.423,0,0.677,0.420,0,0.000,0.000,0.000,0.000,0.000,0.000,-0.036,0.148
456.01,0.390,0,0.677,0.420,0,0.000,0.000,0.000,0.000,0.000,0.000,-0.036,0.148
456.21,0.421,0,0.677,0.420,0,0.000,0.000,0.000,0.000,0.000,0.000,-0.033,0.153
456.41,0.417,0,0.490,0.566,1,0.000,0.000,0.000,0.000,0.000,0.000,-0.028,0.156
456.61,0.417,0,0.490,0.566,1,0.000,0.000,0.000,0.000,0.000,0.000,-0.031,0.150
456.81,0.433,0,0.535,0.570,1,0.000,0.000,0.000,0.000,0.000,0.000,-0.031,0.150
457.01,0.431,0,0.535,0.570,1,0.000,0.000,0.000,0.000,0.000,0.000,-0.035,0.150
457.21,0.428,0,0.535,0.570,1,0.000,0.000,0.000,0.000,0.000,0.000,-0.034,0.149
457.41,0.428,0,0.522,0.497,1,0.000,0.000,0.000,0.000,0.000,0.000,-0.029,0.150
457.61,0.398,0,0.522,0.497,1,0.000,0.000,0.000,0.000,0.000,0.000,-0.037,0.151
457.81,0.364,0,0.375,0.351,1,0.000,0.000,0.000,0.000,0.000,0.000,-0.037,0.151
458.01,0.335,0,0.375,0.351,1,0.000,0.000,0.000,0.000,0.000,0.000,-0.029,0.150
458.21,0.338,0,0.375,0.351,1,0.000,0.000,0.000,0.000,0.000,0.000,-0.026,0.153
458.41,0.338,0,0.349,0.348,1,0.000,0.000,0.000,0.000,0.000,0.000,-0.025,0.152
458.61,0.341,0,0.349,0.348,1,0.000,0.000,0.000,0.000,0.000,0.000,-0.025,0.152
458.81,0.337,0,0.349,0.351,1,0.000,0.000,0.000,0.000,0.000,0.000,-0.046,0.145
459.01,0.336,0,0.349,0.351,1,0.000,0.000,0.000,0.000,0.000,0.000,-0.046,0.157
459.21,0.336,0,0.349,0.351,1,0.000,0.000,0.000,0.000,0.000,0.000,-0.037,0.153
459.41,0.316,0,0.329,0.372,1,0.000,0.000,0.000,0.000,0.000,0.000,-0.037,0.153
459.61,0.332,0,0.329,0.372,1,0.000,0.000,0.000,0.000,0.000,0.000,-0.031,0.149
459.81,0.363,0,0.374,0.391,1,0.000,0.000,0.000,0.000,0.000,0.000,-0.031,0.148
460.01,0.363,0,0.374,0.391,1,0.000,0.000,0.000,0.000,0.000,0.000,-0.039,0.149
460.21,0.366,0,0.374,0.391,1,0.000,0.000,0.000,0.000,0.000,0.000,-0.039,0.149
460.41,0.370,0,0.381,0.389,1,0.000,0.000,0.000,0.000,0.000,0.000,-0.032,0.152
460.61,0.360,0,0.381,0.389,1,0.000,0.000,0.000,0.000,0.000,0.000,-0.036,0.151
460.81,0.360,0,0.363,0.377,1,0.000,0.000,0.000,0.000,0.000,0.000,-0.038,0.149
461.01,0.352,0,0.363,0.377,1,0.000,0.000,0.000,0.000,0.000,0.000,-0.039,0.152
461.21,0.346,0,0.363,0.377,1,0.000,0.000,0.000,0.000,0.000,0.000,-0.039,0.152
461.41,0.345,0,0.357,0.370,1,0.000,0.000,0.000,0.000,0.000,0.000,-0.035,0.148
461.61,0.345,0,0.357,0.370,1,0.000,0.000,0.000,0.000,0.000,0.000,-0.033,0.151
461.81,0.345,0,0.357,0.383,1,0.000,0.000,0.000,0.000,0.000,0.000,-0.034,0.154
462.01,0.421,0,0.357,0.383,1,0.000,0.000,0.000,0.000,0.000,0.000,-0.034,0.154
462.21,0.421,0,0.357,0.383,1,0.000,0.000,0.000,0.000,0.000,0.000,-0.034,0.155
462.41,0.426,0,0.683,0.617,1,0.000,0.000,0.000,0.000,0.000,0.000,-0.032,0.148
462.61,0.426,0,0.683,0.617,1,0.000,0.000,0.000,0.000,0.000,0.000,-0.033,0.158
462.81,0.426,0,0.662,0.728,1,0.000,0.000,0.000,0.000,0.000,0.000,-0.029,0.152
463.01,0.437,0,0.662,0.728,1,0.000,0.000,0.000,0.000,0.000,0.000,-0.029,0.152
463.21,0.423,0,0.662,0.728,1,0.000,0.000,0.000,0.000,0.000,0.000,-0.034,0.150
463.41,0.423,0,0.647,0.710,1,0.000,0.000,0.000,0.000,0.000,0.000,-0.027,0.153
463.61,0.421,0,0.647,0.710,1,0.000,0.000,0.000,0.000,0.000,0.000,-0.029,0.152
463.81,0.421,0,0.646,0.713,1,0.000,0.000,0.000,0.000,0.000,0.000,-0.029,0.152
464.01,0.421,0,0.646,0.713,1,0.000,0.000,0.000,0.000,0.000,0.000,-0.021,0.148
464.21,0.417,0,0.646,0.713,1,0.000,0.000,0.000,0.000,0.000,0.000,-0.022,0.154
464.41,0.417,0,0.648,0.719,1,0.000,0.000,0.000,0.000,0.000,0.000,-0.024,0.153
464.61,0.421,0,0.648,0.719,1,0.000,0.000,0.000,0.000,0.000,0.000,-0.024,0.153
464.81,0.424,0,0.658,0.720,1,0.000,0.000,0.000,0.000,0.000,0.000,-0.027,0.157
465.01,0.421,0,0.658,0.720,1,0.000,0.000,0.000,0.000,0.000,0.000,-0.024,0.150
465.21,0.421,0,0.658,0.720,1,0.000,0.000,0.000,0.000,0.000,0.000,-0.025,0.152
465.41,0.419,0,0.659,0.719,1,0.000,0.000,0.000,0.000,0.000,0.000,-0.024,0.150
465.61,0.419,0,0.659,0.719,1,0.000,0.000,0.000,0.000,0.000,0.000,-0.024,0.150
465.81,0.435,0,0.658,0.715,1,0.000,0.000,0.000,0.000,0.000,0.000,-0.021,0.158
466.01,0.435,0,0.658,0.715,1,0.000,0.000,0.000,0.000,0.000,0.000,-0.032,0.155
466.21,0.423,0,0.658,0.715,1,0.000,0.000,0.000,0.000,0.000,0.000,-0.025,0.155
466.41,0.423,0,0.652,0.719,1,0.000,0.000,0.000,0.000,0.000,0.000,-0.025,0.155
466.61,0.417,0,0.652,0.719,1,0.000,0.000,0.000,0.000,0.000,0.000,-0.034,0.156
466.81,0.421,0,0.658,0.718,1,0.000,0.000,0.000,0.000,0.000,0.000,-0.032,0.159
467.01,0.421,0,0.658,0.718,1,0.000,0.000,0.000,0.000,0.000,0.000,-0.022,0.150
467.21,0.421,0,0.658,0.718,1,0.000,0.000,0.000,0.000,0.000,0.000,-0.022,0.150
467.41,0.105,0,0.656,0.718,1,0.000,0.000,0.000,0.000,0.000,0.000,-0.021,0.149
467.61,0.419,0,0.656,0.718,1,0.000,0.000,0.000,0.000,0.000,0.000,-0.030,0.153
467.81,0.419,0,0.653,0.716,1,0.000,0.000,0.000,0.000,0.000,0.000,-0.021,0.151
468.01,0.421,0,0.653,0.716,1,0.000,0.000,0.000,0.000,0.000,0.000,-0.021,0.155
468.21,0.421,0,0.653,0.716,1,0.000,0.000,0.000,0.000,0.000,0.000,-0.021,0.155
468.41,0.417,0,0.657,0.717,1,0.000,0.000,0.000,0.000,0.000,0.000,-0.027,0.150
468.61,0.419,0,0.657,0.717,1,0.000,0.000,0.000,0.000,0.000,0.000,-0.021,0.156
468.81,0.419,0,0.654,0.717,1,0.000,0.000,0.000,0.000,0.000,0.000,-0.013,0.160
469.01,0.435,0,0.654,0.717,1,0.000,0.000,0.000,0.000,0.000,0.000,-0.013,0.160
469.21,0.423,0,0.654,0.717,1,0.000,0.000,0.000,0.000,0.000,0.000,-0.024,0.145
469.41,0.421,0,0.656,0.718,1,0.000,0.000,0.000,0.000,0.000,0.000,-0.027,0.156
469.61,0.421,0,0.656,0.718,1,0.000,0.000,0.000,0.000,0.000,0.000,-0.038,0.150
469.81,0.421,0,0.657,0.719,1,0.000,0.000,0.000,0.000,0.000,0.000,-0.038,0.150
470.01,0.431,0,0.657,0.719,1,0.000,0.000,0.000,0.000,0.000,0.000,-0.030,0.155
470.21,0.433,0,0.657,0.719,1,0.000,0.000,0.000,0.000,0.000,0.000,-0.040,0.149
470.41,0.433,0,0.660,0.718,1,0.000,0.000,0.000,0.000,0.000,0.000,-0.034,0.151
470.61,0.107,0,0.660,0.718,1,0.000,0.000,0.000,0.000,0.000,0.000,-0.019,0.160
470.81,0.417,0,0.647,0.711,1,0.000,0.000,0.000,0.000,0.000,0.000,-0.019,0.160
471.01,0.423,0,0.647,0.711,1,0.000,0.000,0.000,0.000,0.000,0.000,-0.013,0.158
471.21,0.423,0,0.647,0.711,1,0.000,0.000,0.000,0.000,0.000,0.000,-0.030,0.151
471.41,0.423,0,0.657,0.715,1,0.000,0.000,0.000,0.000,0.000,0.000,-0.026,0.155
471.61,0.423,0,0.657,0.715,1,0.000,0.000,0.000,0.000,0.000,0.000,-0.026,0.155
471.81,0.417,0,0.656,0.717,1,0.000,0.000,0.000,0.000,0.000,0.000,-0.028,0.155
472.01,0.417,0,0.656,0.717,1,0.000,0.000,0.000,0.000,0.000,0.000,-0.027,0.152
472.21,0.417,0,0.656,0.717,1,0.000,0.000,0.000,0.000,0.000,0.000,-0.030,0.158
472.41,0.431,0,0.663,0.722,1,0.000,0.000,0.000,0.000,0.000,0.000,-0.030,0.158
472.61,0.435,0,0.663,0.722,1,0.000,0.000,0.000,0.000,0.000,0.000,-0.030,0.156
472.81,0.431,0,0.644,0.707,1,0.000,0.000,0.000,0.000,0.000,0.000,-0.032,0.153
473.01,0.431,0,0.644,0.707,1,0.000,0.000,0.000,0.000,0.000,0.000,-0.021,0.157
473.21,0.435,0,0.644,0.707,1,0.000,0.000,0.000,0.000,0.000,0.000,-0.015,0.162
473.41,0.421,0,0.640,0.703,1,0.000,0.000,0.000,0.000,0.000,0.000,-0.015,0.162
473.61,0.417,0,0.640,0.703,1,0.000,0.000,0.000,0.000,0.000,0.000,-0.018,0.155
473.81,0.417,0,0.652,0.709,1,0.000,0.000,0.000,0.000,0.000,0.000,-0.023,0.159
474.01,0.417,0,0.652,0.709,1,0.000,0.000,0.000,0.000,0.000,0.000,-0.030,0.161
474.21,0.423,0,0.652,0.709,1,0.000,0.000,0.000,0.000,0.000,0.000,-0.030,0.161
474.41,0.423,0,0.644,0.701,1,0.000,0.000,0.000,0.000,0.000,0.000,-0.021,0.161
474.61,0.423,0,0.644,0.701,1,0.000,0.000,0.000,0.000,0.000,0.000,-0.023,0.162
474.81,0.423,0,0.646,0.696,1,0.000,0.000,0.000,0.000,0.000,0.000,-0.024,0.152
475.01,0.421,0,0.646,0.696,1,0.000,0.000,0.000,0.000,0.000,0.000,-0.024,0.152
475.21,0.421,0,0.646,0.696,1,0.000,0.000,0.000,0.000,0.000,0.000,-0.029,0.155
475.41,0.424,0,0.640,0.699,1,0.000,0.000,0.000,0.000,0.000,0.000,-0.021,0.147
475.61,0.424,0,0.640,0.699,1,0.000,0.000,0.000,0.000,0.000,0.000,-0.017,0.151
475.81,0.421,0,0.644,0.699,1,0.000,0.000,0.000,0.000,0.000,0.000,-0.027,0.153
476.01,0.428,0,0.644,0.699,1,0.000,0.000,0.000,0.000,0.000,0.000,-0.027,0.153
476.21,0.421,0,0.644,0.699,1,0.000,0.000,0.000,0.000,0.000,0.000,-0.032,0.161
476.41,0.417,0,0.646,0.706,1,0.000,0.000,0.000,0.000,0.000,0.000,-0.021,0.160
476.61,0.417,0,0.646,0.706,1,0.000,0.000,0.000,0.000,0.000,0.000,-0.023,0.155
476.81,0.421,0,0.652,0.710,1,0.000,0.000,0.000,0.000,0.000,0.000,-0.023,0.155
477.01,0.417,0,0.652,0.710,1,0.000,0.000,0.000,0.000,0.000,0.000,-0.031,0.151
477.21,0.421,0,0.652,0.710,1,0.000,0.000,0.000,0.000,0.000,0.000,-0.024,0.152
477.41,0.421,0,0.652,0.715,1,0.000,0.000,0.000,0.000,0.000,0.000,-0.031,0.153
477.61,0.424,0,0.652,0.715,1,0.000,0.000,0.000,0.000,0.000,0.000,-0.031,0.153
477.81,0.421,0,0.660,0.717,1,0.000,0.000,0.000,0.000,0.000,0.000,-0.028,0.150
478.01,0.431,0,0.660,0.717,1,0.000,0.000,0.000,0.000,0.000,0.000,-0.027,0.157
478.21,0.431,0,0.660,0.717,1,0.000,0.000,0.000,0.000,0.000,0.000,-0.020,0.156
478.41,0.421,0,0.656,0.717,1,0.000,0.000,0.000,0.000,0.000,0.000,-0.014,0.156
478.61,0.653,0,0.656,0.717,1,0.000,0.000,0.000,0.000,0.000,0.000,-0.014,0.156
478.81,0.421,0,0.663,0.684,1,0.000,0.000,0.000,0.000,0.000,0.000,-0.014,0.153
479.01,0.417,0,0.663,0.684,1,0.000,0.000,0.000,0.000,0.000,0.000,-0.020,0.156
479.21,0.417,0,0.663,0.684,1,0.000,0.000,0.000,0.000,0.000,0.000,-0.015,0.150
479.41,0.423,0,0.663,0.712,1,0.000,0.000,0.000,0.000,0.000,0.000,-0.015,0.150
479.61,0.431,0,0.663,0.712,1,0.000,0.000,0.000,0.000,0.000,0.000,-0.014,0.157
479.81,0.417,0,0.666,0.713,1,0.000,0.000,0.000,0.000,0.000,0.000,-0.031,0.149
480.01,0.417,0,0.666,0.713,1,0.000,0.000,0.000,0.000,0.000,0.000,-0.021,0.154
480.21,0.423,0,0.666,0.713,1,0.000,0.000,0.000,0.000,0.000,0.000,-0.021,0.154
480.41,0.423,0,0.661,0.712,1,0.000,0.000,0.000,0.000,0.000,0.000,-0.020,0.156
480.61,0.430,0,0.661,0.712,1,0.000,0.000,0.000,0.000,0.000,0.000,-0.019,0.151
480.81,0.430,0,0.662,0.702,1,0.000,0.000,0.000,0.000,0.000,0.000,-0.027,0.157
481.01,0.423,0,0.662,0.702,1,0.000,0.000,0.000,0.000,0.000,0.000,-0.011,0.159
481.21,0.421,0,0.662,0.702,1,0.000,0.000,0.000,0.000,0.000,0.000,-0.011,0.159
481.41,0.421,0,0.666,0.726,1,0.000,0.000,0.000,0.000,0.000,0.000,-0.024,0.156
481.61,0.421,0,0.666,0.726,1,0.000,0.000,0.000,0.000,0.000,0.000,-0.017,0.148
481.81,0.421,0,0.673,0.730,1,0.000,0.000,0.000,0.000,0.000,0.000,-0.026,0.157
482.01,0.423,0,0.673,0.730,1,0.000,0.000,0.000,0.000,0.000,0.000,-0.026,0.157
482.21,0.433,0,0.673,0.730,1,0.000,0.000,0.000,0.000,0.000,0.000,-0.024,0.158
482.41,0.434,0,0.671,0.731,1,0.000,0.000,0.000,0.000,0.000,0.000,-0.023,0.154
482.61,0.434,0,0.671,0.731,1,0.000,0.000,0.000,0.000,0.000,0.000,-0.022,0.151
482.81,0.419,0,0.670,0.729,1,0.000,0.000,0.000,0.000,0.000,0.000,-0.022,0.151
483.01,0.419,0,0.670,0.729,1,0.000,0.000,0.000,0.000,0.000,0.000,-0.022,0.154
483.21,0.421,0,0.670,0.729,1,0.000,0.000,0.000,0.000,0.000,0.000,-0.019,0.153
483.41,0.421,0,0.668,0.728,1,0.000,0.000,0.000,0.000,0.000,0.000,-0.023,0.150
483.61,0.431,0,0.668,0.728,1,0.000,0.000,0.000,0.000,0.000,0.000,-0.030,0.154
483.81,0.424,0,0.665,0.724,1,0.000,0.000,0.000,0.000,0.000,0.000,-0.030,0.154
484.01,0.423,0,0.665,0.724,1,0.000,0.000,0.000,0.000,0.000,0.000,-0.022,0.156
484.21,0.417,0,0.665,0.724,1,0.000,0.000,0.000,0.000,0.000,0.000,-0.026,0.152
484.41,0.417,0,0.667,0.723,1,0.000,0.000,0.000,0.000,0.000,0.000,-0.028,0.149
484.61,0.423,0,0.667,0.723,1,0.000,0.000,0.000,0.000,0.000,0.000,-0.028,0.149
484.81,0.438,0,0.661,0.721,1,0.000,0.000,0.000,0.000,0.000,0.000,-0.021,0.154
485.01,0.423,0,0.661,0.721,1,0.000,0.000,0.000,0.000,0.000,0.000,-0.013,0.152
485.21,0.423,0,0.661,0.721,1,0.000,0.000,0.000,0.000,0.000,0.000,-0.005,0.155
485.41,0.436,0,0.664,0.723,1,0.000,0.000,0.000,0.000,0.000,0.000,-0.005,0.155
485.61,0.421,0,0.664,0.723,1,0.000,0.000,0.000,0.000,0.000,0.000,-0.030,0.152
485.81,0.421,0,0.662,0.722,1,0.000,0.000,0.000,0.000,0.000,0.000,-0.023,0.150
486.01,0.421,0,0.662,0.722,1,0.000,0.000,0.000,0.000,0.000,0.000,-0.023,0.151
486.21,0.424,0,0.662,0.722,1,0.000,0.000,0.000,0.000,0.000,0.000,-0.029,0.155
486.41,0.423,0,0.660,0.722,1,0.000,0.000,0.000,0.000,0.000,0.000,-0.029,0.155
486.61,0.421,0,0.660,0.722,1,0.000,0.000,0.000,0.000,0.000,0.000,-0.026,0.159
486.81,0.431,0,0.660,0.722,1,0.000,0.000,0.000,0.000,0.000,0.000,-0.016,0.153
487.01,0.431,0,0.660,0.722,1,0.000,0.000,0.000,0.000,0.000,0.000,-0.009,0.158
487.21,0.423,0,0.660,0.722,1,0.000,0.000,0.000,0.000,0.000,0.000,-0.009,0.158
487.41,0.423,0,0.664,0.723,1,0.000,0.000,0.000,0.000,0.000,0.000,-0.019,0.153
487.61,0.660,0,0.664,0.723,1,0.000,0.000,0.000,0.000,0.000,0.000,-0.023,0.154
487.81,0.660,0,0.666,0.724,1,0.000,0.000,0.000,0.000,0.000,0.000,-0.025,0.155
488.01,0.421,0,0.666,0.724,1,0.000,0.000,0.000,0.000,0.000,0.000,-0.025,0.155
488.21,0.433,0,0.666,0.724,1,0.000,0.000,0.000,0.000,0.000,0.000,-0.021,0.158
488.41,0.421,0,0.667,0.722,1,0.000,0.000,0.000,0.000,0.000,0.000,-0.021,0.156
488.61,0.421,0,0.667,0.722,1,0.000,0.000,0.000,0.000,0.000,0.000,-0.021,0.161
488.81,0.417,0,0.666,0.665,1,0.000,0.000,0.000,0.000,0.000,0.000,-0.024,0.156
489.01,0.421,0,0.666,0.665,1,0.000,0.000,0.000,0.000,0.000,0.000,-0.024,0.156
489.21,0.421,0,0.666,0.665,1,0.000,0.000,0.000,0.000,0.000,0.000,-0.021,0.150
489.41,0.417,0,0.656,0.693,1,0.000,0.000,0.000,0.000,0.000,0.000,-0.025,0.157
489.61,0.417,0,0.656,0.693,1,0.000,0.000,0.000,0.000,0.000,0.000,-0.025,0.153
489.81,0.423,0,0.657,0.702,1,0.000,0.000,0.000,0.000,0.000,0.000,-0.025,0.153
490.01,0.423,0,0.657,0.702,1,0.000,0.000,0.000,0.000,0.000,0.000,-0.020,0.157
490.21,0.421,0,0.657,0.702,1,0.000,0.000,0.000,0.000,0.000,0.000,-0.025,0.154
490.41,0.421,0,0.650,0.705,1,0.000,0.000,0.000,0.000,0.000,0.000,-0.026,0.147
490.61,0.421,0,0.650,0.705,1,0.000,0.000,0.000,0.000,0.000,0.000,-0.026,0.147
490.81,0.654,0,0.660,0.706,1,0.000,0.000,0.000,0.000,0.000,0.000,-0.025,0.150
491.01,0.423,0,0.660,0.706,1,0.000,0.000,0.000,0.000,0.000,0.000,-0.026,0.153
491.21,0.423,0,0.660,0.706,1,0.000,0.000,0.000,0.000,0.000,0.000,-0.028,0.154
491.41,0.430,0,0.657,0.706,1,0.000,0.000,0.000,0.000,0.000,0.000,-0.020,0.160
491.61,0.421,0,0.657,0.706,1,0.000,0.000,0.000,0.000,0.000,0.000,-0.020,0.160
491.81,0.421,0,0.656,0.718,1,0.000,0.000,0.000,0.000,0.000,0.000,-0.014,0.163
492.01,0.435,0,0.656,0.718,1,0.000,0.000,0.000,0.000,0.000,0.000,-0.016,0.158
492.21,0.435,0,0.656,0.718,1,0.000,0.000,0.000,0.000,0.000,0.000,-0.033,0.156
492.41,0.421,0,0.666,0.727,1,0.000,0.000,0.000,0.000,0.000,0.000,-0.033,0.156
492.61,0.431,0,0.666,0.727,1,0.000,0.000,0.000,0.000,0.000,0.000,-0.031,0.158
492.81,0.423,0,0.665,0.730,1,0.000,0.000,0.000,0.000,0.000,0.000,-0.017,0.157
493.01,0.423,0,0.665,0.730,1,0.000,0.000,0.000,0.000,0.000,0.000,-0.002,0.157
493.21,0.423,0,0.665,0.730,1,0.000,0.000,0.000,0.000,0.000,0.000,-0.002,0.157
493.41,0.431,0,0.667,0.727,1,0.000,0.000,0.000,0.000,0.000,0.000,-0.011,0.161
493.61,0.423,0,0.667,0.727,1,0.000,0.000,0.000,0.000,0.000,0.000,-0.020,0.159
493.81,0.423,0,0.660,0.724,1,0.000,0.000,0.000,0.000,0.000,0.000,-0.017,0.161
494.01,0.424,0,0.660,0.724,1,0.000,0.000,0.000,0.000,0.000,0.000,-0.013,0.161
494.21,0.431,0,0.660,0.724,1,0.000,0.000,0.000,0.000,0.000,0.000,-0.013,0.161
494.41,0.423,0,0.660,0.724,1,0.000,0.000,0.000,0.000,0.000,0.000,-0.003,0.164
494.61,0.423,0,0.660,0.724,1,0.000,0.000,0.000,0.000,0.000,0.000,-0.013,0.162
494.81,0.423,0,0.660,0.719,1,0.000,0.000,0.000,0.000,0.000,0.000,-0.023,0.153
495.01,0.423,0,0.660,0.719,1,0.000,0.000,0.000,0.000,0.000,0.000,-0.023,0.153
495.21,0.423,0,0.660,0.719,1,0.000,0.000,0.000,0.000,0.000,0.000,-0.010,0.167
495.41,0.423,0,0.660,0.718,1,0.000,0.000,0.000,0.000,0.000,0.000,-0.013,0.156
495.61,0.423,0,0.660,0.718,1,0.000,0.000,0.000,0.000,0.000,0.000,-0.013,0.166
495.81,0.421,0,0.648,0.686,1,0.000,0.000,0.000,0.000,0.000,0.000,-0.013,0.166
496.01,0.423,0,0.648,0.686,1,0.000,0.000,0.000,0.000,0.000,0.000,-0.022,0.158
496.21,0.428,0,0.648,0.686,1,0.000,0.000,0.000,0.000,0.000,0.000,-0.030,0.159
496.41,0.428,0,0.639,0.679,1,0.000,0.000,0.000,0.000,0.000,0.000,-0.010,0.168
496.61,0.419,0,0.639,0.679,1,0.000,0.000,0.000,0.000,0.000,0.000,-0.026,0.161
496.81,0.435,0,0.654,0.704,1,0.000,0.000,0.000,0.000,0.000,0.000,-0.026,0.161
497.01,0.421,0,0.654,0.704,1,0.000,0.000,0.000,0.000,0.000,0.000,-0.017,0.163
497.21,0.431,0,0.654,0.704,1,0.000,0.000,0.000,0.000,0.000,0.000,-0.016,0.167
497.41,0.431,0,0.653,0.698,1,0.000,0.000,0.000,0.000,0.000,0.000,-0.016,0.158
497.61,0.424,0,0.653,0.698,1,0.000,0.000,0.000,0.000,0.000,0.000,-0.016,0.158
497.81,0.424,0,0.657,0.706,1,0.000,0.000,0.000,0.000,0.000,0.000,-0.013,0.154
498.01,0.419,0,0.657,0.706,1,0.000,0.000,0.000,0.000,0.000,0.000,-0.012,0.163
498.21,0.419,0,0.657,0.706,1,0.000,0.000,0.000,0.000,0.000,0.000,-0.013,0.162
498.41,0.421,0,0.654,0.707,1,0.000,0.000,0.000,0.000,0.000,0.000,-0.013,0.162
498.61,0.650,0,0.654,0.707,1,0.000,0.000,0.000,0.000,0.000,0.000,-0.009,0.160
498.81,0.421,0,0.658,0.702,1,0.000,0.000,0.000,0.000,0.000,0.000,-0.008,0.159
499.01,0.421,0,0.658,0.702,1,0.000,0.000,0.000,0.000,0.000,0.000,-0.012,0.158
499.21,0.417,0,0.658,0.702,1,0.000,0.000,0.000,0.000,0.000,0.000,-0.016,0.160
499.41,0.419,0,0.653,0.693,1,0.000,0.000,0.000,0.000,0.000,0.000,-0.016,0.160
499.61,0.421,0,0.653,0.693,1,0.000,0.000,0.000,0.000,0.000,0.000,-0.012,0.160
499.81,0.419,0,0.659,0.696,1,0.000,0.000,0.000,0.000,0.000,0.000,-0.015,0.158
500.01,0.419,0,0.659,0.696,1,0.000,0.000,0.000,0.000,0.000,0.000,-0.015,0.160
500.21,0.421,0,0.659,0.696,1,0.000,0.000,0.000,0.000,0.000,0.000,-0.015,0.160
500.41,0.419,0,0.655,0.700,1,0.000,0.000,0.000,0.000,0.000,0.000,-0.012,0.160
500.61,0.433,0,0.655,0.700,1,0.000,0.000,0.000,0.000,0.000,0.000,-0.024,0.157
500.81,0.433,0,0.654,0.706,1,0.000,0.000,0.000,0.000,0.000,0.000,-0.038,0.159
501.01,0.419,0,0.654,0.706,1,0.000,0.000,0.000,0.000,0.000,0.000,-0.038,0.159
501.21,0.419,0,0.654,0.706,1,0.000,0.000,0.000,0.000,0.000,0.000,-0.023,0.155
501.41,0.419,0,0.655,0.716,1,0.000,0.000,0.000,0.000,0.000,0.000,-0.024,0.157
501.61,0.419,0,0.655,0.716,1,0.000,0.000,0.000,0.000,0.000,0.000,-0.008,0.154
501.81,0.423,0,0.655,0.712,1,0.000,0.000,0.000,0.000,0.000,0.000,-0.022,0.160
502.01,0.419,0,0.655,0.712,1,0.000,0.000,0.000,0.000,0.000,0.000,-0.022,0.160
502.21,0.417,0,0.655,0.712,1,0.000,0.000,0.000,0.000,0.000,0.000,-0.021,0.155
502.41,0.421,0,0.665,0.715,1,0.000,0.000,0.000,0.000,0.000,0.000,-0.017,0.158
502.61,0.421,0,0.665,0.715,1,0.000,0.000,0.000,0.000,0.000,0.000,-0.019,0.153
502.81,0.419,0,0.676,0.700,1,0.000,0.000,0.000,0.000,0.000,0.000,-0.019,0.153
503.01,0.423,0,0.676,0.700,1,0.000,0.000,0.000,0.000,0.000,0.000,-0.022,0.160
503.21,0.106,0,0.676,0.700,1,0.000,0.000,0.000,0.000,0.000,0.000,-0.020,0.157
503.41,0.106,0,0.677,0.675,1,0.000,0.000,0.000,0.000,0.000,0.000,-0.023,0.155
503.61,0.435,0,0.677,0.675,1,0.000,0.000,0.000,0.000,0.000,0.000,-0.023,0.155
503.81,0.663,0,0.669,0.655,1,0.000,0.000,0.000,0.000,0.000,0.000,-0.030,0.159
504.01,0.421,0,0.669,0.655,1,0.000,0.000,0.000,0.000,0.000,0.000,-0.024,0.159
504.21,0.421,0,0.669,0.655,1,0.000,0.000,0.000,0.000,0.000,0.000,-0.022,0.158
504.41,0.436,0,0.659,0.598,1,0.000,0.000,0.000,0.000,0.000,0.000,-0.031,0.157
504.61,0.421,0,0.659,0.598,1,0.000,0.000,0.000,0.000,0.000,0.000,-0.031,0.157
504.81,0.421,0,0.659,0.721,1,0.000,0.000,0.000,0.000,0.000,0.000,-0.041,0.154
505.01,0.423,0,0.659,0.721,1,0.000,0.000,0.000,0.000,0.000,0.000,-0.022,0.161
505.21,0.423,0,0.659,0.721,1,0.000,0.000,0.000,0.000,0.000,0.000,-0.011,0.169
505.41,0.436,0,0.661,0.718,1,0.000,0.000,0.000,0.000,0.000,0.000,-0.011,0.169
505.61,0.417,0,0.661,0.718,1,0.000,0.000,0.000,0.000,0.000,0.000,-0.008,0.159
505.81,0.424,0,0.663,0.717,1,0.000,0.000,0.000,0.000,0.000,0.000,-0.031,0.152
506.01,0.424,0,0.663,0.717,1,0.000,0.000,0.000,0.000,0.000,0.000,-0.027,0.158
506.21,0.423,0,0.663,0.717,1,0.000,0.000,0.000,0.000,0.000,0.000,-0.027,0.158
506.41,0.424,0,0.660,0.718,1,0.000,0.000,0.000,0.000,0.000,0.000,-0.027,0.154
506.61,0.417,0,0.660,0.718,1,0.000,0.000,0.000,0.000,0.000,0.000,-0.028,0.159
506.81,0.417,0,0.662,0.717,1,0.000,0.000,0.000,0.000,0.000,0.000,-0.027,0.156
507.01,0.423,0,0.662,0.717,1,0.000,0.000,0.000,0.000,0.000,0.000,-0.030,0.158
507.21,0.419,0,0.662,0.717,1,0.000,0.000,0.000,0.000,0.000,0.000,-0.030,0.158
507.41,0.654,0,0.660,0.717,1,0.000,0.000,0.000,0.000,0.000,0.000,-0.037,0.151
507.61,0.423,0,0.660,0.717,1,0.000,0.000,0.000,0.000,0.000,0.000,-0.029,0.153
507.81,0.423,0,0.662,0.717,1,0.000,0.000,0.000,0.000,0.000,0.000,-0.033,0.159
508.01,0.419,0,0.662,0.717,1,0.000,0.000,0.000,0.000,0.000,0.000,-0.033,0.159
508.21,0.423,0,0.662,0.717,1,0.000,0.000,0.000,0.000,0.000,0.000,-0.028,0.158
508.41,0.421,0,0.661,0.715,1,0.000,0.000,0.000,0.000,0.000,0.000,-0.031,0.158
508.61,0.421,0,0.661,0.715,1,0.000,0.000,0.000,0.000,0.000,0.000,-0.031,0.161
508.81,0.417,0,0.655,0.717,1,0.000,0.000,0.000,0.000,0.000,0.000,-0.031,0.161
509.01,0.421,0,0.655,0.717,1,0.000,0.000,0.000,0.000,0.000,0.000,-0.029,0.155
509.21,0.423,0,0.655,0.717,1,0.000,0.000,0.000,0.000,0.000,0.000,-0.025,0.148
509.41,0.423,0,0.657,0.719,1,0.000,0.000,0.000,0.000,0.000,0.000,-0.023,0.153
509.61,0.417,0,0.657,0.719,1,0.000,0.000,0.000,0.000,0.000,0.000,-0.017,0.149
509.81,0.423,0,0.657,0.717,1,0.000,0.000,0.000,0.000,0.000,0.000,-0.017,0.149
510.01,0.421,0,0.657,0.717,1,0.000,0.000,0.000,0.000,0.000,0.000,-0.025,0.153
510.21,0.421,0,0.657,0.717,1,0.000,0.000,0.000,0.000,0.000,0.000,-0.024,0.148
510.41,0.421,0,0.656,0.718,1,0.000,0.000,0.000,0.000,0.000,0.000,-0.020,0.155
510.61,0.421,0,0.656,0.718,1,0.000,0.000,0.000,0.000,0.000,0.000,-0.020,0.155
510.81,0.421,0,0.660,0.719,1,0.000,0.000,0.000,0.000,0.000,0.000,-0.020,0.157
511.01,0.431,0,0.660,0.719,1,0.000,0.000,0.000,0.000,0.000,0.000,-0.012,0.157
511.21,0.431,0,0.660,0.719,1,0.000,0.000,0.000,0.000,0.000,0.000,-0.018,0.156
511.41,0.421,0,0.664,0.718,1,0.000,0.000,0.000,0.000,0.000,0.000,-0.018,0.156
511.61,0.421,0,0.664,0.718,1,0.000,0.000,0.000,0.000,0.000,0.000,-0.012,0.157
511.81,0.417,0,0.660,0.719,1,0.000,0.000,0.000,0.000,0.000,0.000,-0.016,0.161
512.01,0.417,0,0.660,0.719,1,0.000,0.000,0.000,0.000,0.000,0.000,-0.019,0.150
512.21,0.421,0,0.660,0.719,1,0.000,0.000,0.000,0.000,0.000,0.000,-0.032,0.148
512.41,0.421,0,0.659,0.719,1,0.000,0.000,0.000,0.000,0.000,0.000,-0.032,0.148
512.61,0.433,0,0.659,0.719,1,0.000,0.000,0.000,0.000,0.000,0.000,-0.028,0.152
512.81,0.428,0,0.666,0.719,1,0.000,0.000,0.000,0.000,0.000,0.000,-0.024,0.157
513.01,0.428,0,0.666,0.719,1,0.000,0.000,0.000,0.000,0.000,0.000,-0.015,0.155
513.21,0.421,0,0.666,0.719,1,0.000,0.000,0.000,0.000,0.000,0.000,-0.015,0.155
513.41,0.423,0,0.660,0.718,1,0.000,0.000,0.000,0.000,0.000,0.000,-0.018,0.152
513.61,0.421,0,0.660,0.718,1,0.000,0.000,0.000,0.000,0.000,0.000,-0.022,0.150
513.81,0.421,0,0.662,0.718,1,0.000,0.000,0.000,0.000,0.000,0.000,-0.010,0.150
514.01,0.421,0,0.662,0.718,1,0.000,0.000,0.000,0.000,0.000,0.000,-0.010,0.150
514.21,0.417,0,0.662,0.718,1,0.000,0.000,0.000,0.000,0.000,0.000,-0.013,0.145
514.41,0.421,0,0.663,0.717,1,0.000,0.000,0.000,0.000,0.000,0.000,-0.015,0.148
514.61,0.421,0,0.663,0.717,1,0.000,0.000,0.000,0.000,0.000,0.000,-0.013,0.147
514.81,0.424,0,0.663,0.719,1,0.000,0.000,0.000,0.000,0.000,0.000,-0.016,0.144
515.01,0.421,0,0.663,0.719,1,0.000,0.000,0.000,0.000,0.000,0.000,-0.016,0.144
515.21,0.421,0,0.663,0.719,1,0.000,0.000,0.000,0.000,0.000,0.000,-0.017,0.145
515.41,0.421,0,0.657,0.716,1,0.000,0.000,0.000,0.000,0.000,0.000,-0.017,0.145
515.61,0.436,0,0.657,0.716,1,0.000,0.000,0.000,0.000,0.000,0.000,-0.018,0.145
515.81,0.421,0,0.662,0.715,1,0.000,0.000,0.000,0.000,0.000,0.000,-0.018,0.145
516.01,0.424,0,0.662,0.715,1,0.000,0.000,0.000,0.000,0.000,0.000,-0.015,0.137
516.21,0.431,0,0.662,0.715,1,0.000,0.000,0.000,0.000,0.000,0.000,-0.016,0.149
516.41,0.431,0,0.656,0.714,1,0.000,0.000,0.000,0.000,0.000,0.000,-0.017,0.148
516.61,0.423,0,0.656,0.714,1,0.000,0.000,0.000,0.000,0.000,0.000,-0.017,0.148
516.81,0.419,0,0.655,0.715,1,0.000,0.000,0.000,0.000,0.000,0.000,-0.015,0.148
517.01,0.423,0,0.655,0.715,1,0.000,0.000,0.000,0.000,0.000,0.000,-0.019,0.152
517.21,0.423,0,0.655,0.715,1,0.000,0.000,0.000,0.000,0.000,0.000,-0.016,0.147
517.41,0.417,0,0.644,0.707,1,0.000,0.000,0.000,0.000,0.000,0.000,-0.016,0.147
517.61,0.421,0,0.644,0.707,1,0.000,0.000,0.000,0.000,0.000,0.000,-0.013,0.147
517.81,0.423,0,0.645,0.709,1,0.000,0.000,0.000,0.000,0.000,0.000,-0.014,0.150
518.01,0.423,0,0.645,0.709,1,0.000,0.000,0.000,0.000,0.000,0.000,-0.025,0.152
518.21,0.417,0,0.645,0.709,1,0.000,0.000,0.000,0.000,0.000,0.000,-0.020,0.152
518.41,0.423,0,0.649,0.713,1,0.000,0.000,0.000,0.000,0.000,0.000,-0.020,0.152
518.61,0.417,0,0.649,0.713,1,0.000,0.000,0.000,0.000,0.000,0.000,-0.015,0.157
518.81,0.419,0,0.656,0.717,1,0.000,0.000,0.000,0.000,0.000,0.000,-0.013,0.145
519.01,0.419,0,0.656,0.717,1,0.000,0.000,0.000,0.000,0.000,0.000,-0.020,0.159
519.21,0.421,0,0.656,0.717,1,0.000,0.000,0.000,0.000,0.000,0.000,-0.020,0.159
519.41,0.423,0,0.651,0.715,1,0.000,0.000,0.000,0.000,0.000,0.000,-0.018,0.148
519.61,0.417,0,0.651,0.715,1,0.000,0.000,0.000,0.000,0.000,0.000,-0.019,0.153
519.81,0.417,0,0.655,0.718,1,0.000,0.000,0.000,0.000,0.000,0.000,-0.027,0.151
520.01,0.421,0,0.655,0.718,1,0.000,0.000,0.000,0.000,0.000,0.000,-0.034,0.152
520.21,0.417,0,0.655,0.718,1,0.000,0.000,0.000,0.000,0.000,0.000,-0.034,0.152
520.41,0.431,0,0.658,0.718,1,0.000,0.000,0.000,0.000,0.000,0.000,-0.042,0.141
520.61,0.431,0,0.658,0.718,1,0.000,0.000,0.000,0.000,0.000,0.000,-0.024,0.149
520.81,0.417,0,0.656,0.718,1,0.000,0.000,0.000,0.000,0.000,0.000,-0.028,0.147
521.01,0.421,0,0.656,0.718,1,0.000,0.000,0.000,0.000,0.000,0.000,-0.028,0.147
521.21,0.421,0,0.656,0.718,1,0.000,0.000,0.000,0.000,0.000,0.000,-0.014,0.153
521.41,0.426,0,0.655,0.713,1,0.000,0.000,0.000,0.000,0.000,0.000,-0.011,0.160
521.61,0.426,0,0.655,0.713,1,0.000,0.000,0.000,0.000,0.000,0.000,-0.024,0.157
521.81,0.431,0,0.647,0.712,1,0.000,0.000,0.000,0.000,0.000,0.000,-0.024,0.157
522.01,0.421,0,0.647,0.712,1,0.000,0.000,0.000,0.000,0.000,0.000,-0.029,0.155
522.21,0.423,0,0.647,0.712,1,0.000,0.000,0.000,0.000,0.000,0.000,-0.025,0.152
522.41,0.423,0,0.651,0.715,1,0.000,0.000,0.000,0.000,0.000,0.000,-0.006,0.157
522.61,0.417,0,0.651,0.715,1,0.000,0.000,0.000,0.000,0.000,0.000,-0.006,0.157
522.81,0.423,0,0.650,0.717,1,0.000,0.000,0.000,0.000,0.000,0.000,-0.032,0.139
523.01,0.648,0,0.650,0.717,1,0.000,0.000,0.000,0.000,0.000,0.000,-0.039,0.142
523.21,0.648,0,0.650,0.717,1,0.000,0.000,0.000,0.000,0.000,0.000,-0.036,0.147
523.41,0.654,0,0.660,0.718,1,0.000,0.000,0.000,0.000,0.000,0.000,-0.037,0.142
523.61,0.423,0,0.660,0.718,1,0.000,0.000,0.000,0.000,0.000,0.000,-0.037,0.142
523.81,0.435,0,0.653,0.716,1,0.000,0.000,0.000,0.000,0.000,0.000,-0.029,0.153
524.01,0.417,0,0.653,0.716,1,0.000,0.000,0.000,0.000,0.000,0.000,-0.020,0.155
524.21,0.417,0,0.653,0.716,1,0.000,0.000,0.000,0.000,0.000,0.000,-0.034,0.158
524.41,0.417,0,0.657,0.715,1,0.000,0.000,0.000,0.000,0.000,0.000,-0.034,0.158
524.61,0.417,0,0.657,0.715,1,0.000,0.000,0.000,0.000,0.000,0.000,-0.025,0.154
524.81,0.421,0,0.654,0.716,1,0.000,0.000,0.000,0.000,0.000,0.000,-0.022,0.152
525.01,0.421,0,0.654,0.716,1,0.000,0.000,0.000,0.000,0.000,0.000,-0.023,0.150
525.21,0.426,0,0.654,0.716,1,0.000,0.000,0.000,0.000,0.000,0.000,-0.023,0.150
525.41,0.421,0,0.647,0.713,1,0.000,0.000,0.000,0.000,0.000,0.000,-0.026,0.151
525.61,0.421,0,0.647,0.713,1,0.000,0.000,0.000,0.000,0.000,0.000,-0.024,0.146
525.81,0.421,0,0.660,0.714,1,0.000,0.000,0.000,0.000,0.000,0.000,-0.026,0.158
526.01,0.421,0,0.660,0.714,1,0.000,0.000,0.000,0.000,0.000,0.000,-0.024,0.148
526.21,0.417,0,0.660,0.714,1,0.000,0.000,0.000,0.000,0.000,0.000,-0.024,0.148
526.41,0.435,0,0.652,0.716,1,0.000,0.000,0.000,0.000,0.000,0.000,-0.021,0.150
526.61,0.423,0,0.652,0.716,1,0.000,0.000,0.000,0.000,0.000,0.000,-0.027,0.155
526.81,0.423,0,0.659,0.715,1,0.000,0.000,0.000,0.000,0.000,0.000,-0.023,0.154
527.01,0.423,0,0.659,0.715,1,0.000,0.000,0.000,0.000,0.000,0.000,-0.023,0.154
527.21,0.428,0,0.659,0.715,1,0.000,0.000,0.000,0.000,0.000,0.000,-0.016,0.146
527.41,0.421,0,0.656,0.715,1,0.000,0.000,0.000,0.000,0.000,0.000,-0.020,0.154
527.61,0.421,0,0.656,0.715,1,0.000,0.000,0.000,0.000,0.000,0.000,-0.025,0.147
527.81,0.423,0,0.657,0.716,1,0.000,0.000,0.000,0.000,0.000,0.000,-0.025,0.147
528.01,0.105,0,0.657,0.716,1,0.000,0.000,0.000,0.000,0.000,0.000,-0.032,0.142
528.21,0.417,0,0.657,0.716,1,0.000,0.000,0.000,0.000,0.000,0.000,-0.019,0.154
528.41,0.417,0,0.659,0.720,1,0.000,0.000,0.000,0.000,0.000,0.000,-0.016,0.151
528.61,0.421,0,0.659,0.720,1,0.000,0.000,0.000,0.000,0.000,0.000,-0.019,0.158
528.81,0.417,0,0.665,0.720,1,0.000,0.000,0.000,0.000,0.000,0.000,-0.019,0.158
529.01,0.419,0,0.665,0.720,1,0.000,0.000,0.000,0.000,0.000,0.000,-0.022,0.157
529.21,0.435,0,0.665,0.720,1,0.000,0.000,0.000,0.000,0.000,0.000,-0.024,0.156
529.41,0.435,0,0.659,0.718,1,0.000,0.000,0.000,0.000,0.000,0.000,-0.023,0.153
529.61,0.417,0,0.659,0.718,1,0.000,0.000,0.000,0.000,0.000,0.000,-0.023,0.153
529.81,0.424,0,0.658,0.717,1,0.000,0.000,0.000,0.000,0.000,0.000,-0.017,0.155
530.01,0.417,0,0.658,0.717,1,0.000,0.000,0.000,0.000,0.000,0.000,-0.016,0.158
530.21,0.417,0,0.658,0.717,1,0.000,0.000,0.000,0.000,0.000,0.000,-0.028,0.151
530.41,0.419,0,0.656,0.717,1,0.000,0.000,0.000,0.000,0.000,0.000,-0.028,0.151
530.61,0.421,0,0.656,0.717,1,0.000,0.000,0.000,0.000,0.000,0.000,-0.016,0.157
530.81,0.431,0,0.654,0.715,1,0.000,0.000,0.000,0.000,0.000,0.000,-0.017,0.158
531.01,0.431,0,0.654,0.715,1,0.000,0.000,0.000,0.000,0.000,0.000,-0.012,0.157
531.21,0.651,0,0.654,0.715,1,0.000,0.000,0.000,0.000,0.000,0.000,-0.014,0.149
531.41,0.431,0,0.649,0.716,1,0.000,0.000,0.000,0.000,0.000,0.000,-0.014,0.149
531.61,0.423,0,0.649,0.716,1,0.000,0.000,0.000,0.000,0.000,0.000,-0.017,0.158
531.81,0.421,0,0.658,0.716,1,0.000,0.000,0.000,0.000,0.000,0.000,-0.016,0.151
532.01,0.421,0,0.658,0.716,1,0.000,0.000,0.000,0.000,0.000,0.000,-0.008,0.149
532.21,0.435,0,0.658,0.716,1,0.000,0.000,0.000,0.000,0.000,0.000,-0.008,0.149
532.41,0.423,0,0.650,0.716,1,0.000,0.000,0.000,0.000,0.000,0.000,-0.026,0.146
532.61,0.435,0,0.650,0.716,1,0.000,0.000,0.000,0.000,0.000,0.000,-0.015,0.159
532.81,0.435,0,0.660,0.716,1,0.000,0.000,0.000,0.000,0.000,0.000,-0.017,0.163
533.01,0.417,0,0.660,0.716,1,0.000,0.000,0.000,0.000,0.000,0.000,-0.017,0.163
533.21,0.419,0,0.660,0.716,1,0.000,0.000,0.000,0.000,0.000,0.000,-0.016,0.149
533.41,0.417,0,0.655,0.717,1,0.000,0.000,0.000,0.000,0.000,0.000,-0.011,0.154
533.61,0.417,0,0.655,0.717,1,0.000,0.000,0.000,0.000,0.000,0.000,-0.014,0.152
533.81,0.421,0,0.658,0.715,1,0.000,0.000,0.000,0.000,0.000,0.000,-0.016,0.158
534.01,0.421,0,0.658,0.715,1,0.000,0.000,0.000,0.000,0.000,0.000,-0.016,0.158
534.21,0.421,0,0.658,0.715,1,0.000,0.000,0.000,0.000,0.000,0.000,-0.009,0.161
534.41,0.423,0,0.657,0.717,1,0.000,0.000,0.000,0.000,0.000,0.000,-0.009,0.161
534.61,0.423,0,0.657,0.717,1,0.000,0.000,0.000,0.000,0.000,0.000,-0.014,0.157
534.81,0.419,0,0.657,0.717,1,0.000,0.000,0.000,0.000,0.000,0.000,-0.014,0.157
535.01,0.419,0,0.657,0.717,1,0.000,0.000,0.000,0.000,0.000,0.000,-0.001,0.156
535.21,0.417,0,0.657,0.717,1,0.000,0.000,0.000,0.000,0.000,0.000,-0.017,0.160
535.41,0.417,0,0.660,0.717,1,0.000,0.000,0.000,0.000,0.000,0.000,-0.012,0.157
535.61,0.417,0,0.660,0.717,1,0.000,0.000,0.000,0.000,0.000,0.000,-0.012,0.157
535.81,0.417,0,0.658,0.718,1,0.000,0.000,0.000,0.000,0.000,0.000,-0.004,0.160
536.01,0.421,0,0.658,0.718,1,0.000,0.000,0.000,0.000,0.000,0.000,-0.012,0.156
536.21,0.421,0,0.658,0.718,1,0.000,0.000,0.000,0.000,0.000,0.000,-0.016,0.162
536.41,0.421,0,0.658,0.718,1,0.000,0.000,0.000,0.000,0.000,0.000,-0.016,0.151
536.61,0.421,0,0.658,0.718,1,0.000,0.000,0.000,0.000,0.000,0.000,-0.016,0.151
536.81,0.421,0,0.659,0.720,1,0.000,0.000,0.000,0.000,0.000,0.000,-0.017,0.155
537.01,0.428,0,0.659,0.720,1,0.000,0.000,0.000,0.000,0.000,0.000,-0.015,0.152
537.21,0.428,0,0.659,0.720,1,0.000,0.000,0.000,0.000,0.000,0.000,-0.016,0.158
537.41,0.417,0,0.660,0.717,1,0.000,0.000,0.000,0.000,0.000,0.000,-0.016,0.158
537.61,0.419,0,0.660,0.717,1,0.000,0.000,0.000,0.000,0.000,0.000,-0.013,0.157
537.81,0.421,0,0.654,0.716,1,0.000,0.000,0.000,0.000,0.000,0.000,-0.012,0.154
538.01,0.421,0,0.654,0.716,1,0.000,0.000,0.000,0.000,0.000,0.000,-0.018,0.156
538.21,0.419,0,0.654,0.716,1,0.000,0.000,0.000,0.000,0.000,0.000,-0.018,0.156
538.41,0.421,0,0.660,0.716,1,0.000,0.000,0.000,0.000,0.000,0.000,-0.017,0.161
538.61,0.421,0,0.660,0.716,1,0.000,0.000,0.000,0.000,0.000,0.000,-0.014,0.154
538.81,0.421,0,0.653,0.718,1,0.000,0.000,0.000,0.000,0.000,0.000,-0.015,0.156
539.01,0.421,0,0.653,0.718,1,0.000,0.000,0.000,0.000,0.000,0.000,-0.029,0.153
539.21,0.419,0,0.653,0.718,1,0.000,0.000,0.000,0.000,0.000,0.000,-0.029,0.153
539.41,0.421,0,0.658,0.720,1,0.000,0.000,0.000,0.000,0.000,0.000,-0.013,0.157
539.61,0.417,0,0.658,0.720,1,0.000,0.000,0.000,0.000,0.000,0.000,-0.008,0.154
539.81,0.417,0,0.664,0.718,1,0.000,0.000,0.000,0.000,0.000,0.000,-0.013,0.162
540.01,0.423,0,0.664,0.718,1,0.000,0.000,0.000,0.000,0.000,0.000,-0.013,0.162
540.21,0.431,0,0.664,0.718,1,0.000,0.000,0.000,0.000,0.000,0.000,-0.009,0.162
540.41,0.435,0,0.653,0.715,1,0.000,0.000,0.000,0.000,0.000,0.000,-0.013,0.160
540.61,0.435,0,0.653,0.715,1,0.000,0.000,0.000,0.000,0.000,0.000,-0.010,0.158
540.81,0.435,0,0.652,0.716,1,0.000,0.000,0.000,0.000,0.000,0.000,-0.010,0.158
541.01,0.417,0,0.652,0.716,1,0.000,0.000,0.000,0.000,0.000,0.000,-0.012,0.160
541.21,0.432,0,0.652,0.716,1,0.000,0.000,0.000,0.000,0.000,0.000,-0.013,0.160
541.41,0.432,0,0.654,0.715,1,0.000,0.000,0.000,0.000,0.000,0.000,-0.014,0.156
541.61,0.423,0,0.654,0.715,1,0.000,0.000,0.000,0.000,0.000,0.000,-0.014,0.155
541.81,0.435,0,0.654,0.717,1,0.000,0.000,0.000,0.000,0.000,0.000,-0.014,0.155
542.01,0.423,0,0.654,0.717,1,0.000,0.000,0.000,0.000,0.000,0.000,-0.011,0.155
542.21,0.419,0,0.654,0.717,1,0.000,0.000,0.000,0.000,0.000,0.000,-0.011,0.153
542.41,0.419,0,0.655,0.718,1,0.000,0.000,0.000,0.000,0.000,0.000,-0.011,0.159
542.61,0.419,0,0.655,0.718,1,0.000,0.000,0.000,0.000,0.000,0.000,-0.011,0.159
542.81,0.419,0,0.663,0.722,1,0.000,0.000,0.000,0.000,0.000,0.000,-0.010,0.152
543.01,0.421,0,0.663,0.722,1,0.000,0.000,0.000,0.000,0.000,0.000,-0.015,0.155
543.21,0.421,0,0.663,0.722,1,0.000,0.000,0.000,0.000,0.000,0.000,-0.013,0.157
543.41,0.423,0,0.660,0.720,1,0.000,0.000,0.000,0.000,0.000,0.000,-0.013,0.157
543.61,0.435,0,0.660,0.720,1,0.000,0.000,0.000,0.000,0.000,0.000,-0.014,0.157
543.81,0.423,0,0.657,0.718,1,0.000,0.000,0.000,0.000,0.000,0.000,-0.018,0.159
544.01,0.423,0,0.657,0.718,1,0.000,0.000,0.000,0.000,0.000,0.000,-0.015,0.156
544.21,0.423,0,0.657,0.718,1,0.000,0.000,0.000,0.000,0.000,0.000,-0.017,0.162
544.41,0.423,0,0.653,0.713,1,0.000,0.000,0.000,0.000,0.000,0.000,-0.017,0.162
544.61,0.423,0,0.653,0.713,1,0.000,0.000,0.000,0.000,0.000,0.000,-0.016,0.152
544.81,0.423,0,0.652,0.712,1,0.000,0.000,0.000,0.000,0.000,0.000,-0.022,0.160
545.01,0.423,0,0.652,0.712,1,0.000,0.000,0.000,0.000,0.000,0.000,-0.027,0.154
545.21,0.419,0,0.652,0.712,1,0.000,0.000,0.000,0.000,0.000,0.000,-0.027,0.154
545.41,0.417,0,0.659,0.718,1,0.000,0.000,0.000,0.000,0.000,0.000,-0.025,0.155
545.61,0.417,0,0.659,0.718,1,0.000,0.000,0.000,0.000,0.000,0.000,-0.026,0.148
545.81,0.417,0,0.658,0.719,1,0.000,0.000,0.000,0.000,0.000,0.000,-0.023,0.148
546.01,0.423,0,0.658,0.719,1,0.000,0.000,0.000,0.000,0.000,0.000,-0.023,0.148
546.21,0.419,0,0.658,0.719,1,0.000,0.000,0.000,0.000,0.000,0.000,-0.027,0.150
546.41,0.430,0,0.660,0.721,1,0.000,0.000,0.000,0.000,0.000,0.000,-0.024,0.148
546.61,0.430,0,0.660,0.721,1,0.000,0.000,0.000,0.000,0.000,0.000,-0.027,0.155
546.81,0.433,0,0.657,0.719,1,0.000,0.000,0.000,0.000,0.000,0.000,-0.016,0.153
547.01,0.428,0,0.657,0.719,1,0.000,0.000,0.000,0.000,0.000,0.000,-0.016,0.153
547.21,0.433,0,0.657,0.719,1,0.000,0.000,0.000,0.000,0.000,0.000,-0.016,0.158
547.41,0.421,0,0.654,0.719,1,0.000,0.000,0.000,0.000,0.000,0.000,-0.022,0.157
547.61,0.421,0,0.654,0.719,1,0.000,0.000,0.000,0.000,0.000,0.000,-0.019,0.154
547.81,0.419,0,0.649,0.712,1,0.000,0.000,0.000,0.000,0.000,0.000,-0.019,0.154
548.01,0.431,0,0.649,0.712,1,0.000,0.000,0.000,0.000,0.000,0.000,-0.016,0.163
548.21,0.417,0,0.649,0.712,1,0.000,0.000,0.000,0.000,0.000,0.000,-0.010,0.157
548.41,0.417,0,0.645,0.713,1,0.000,0.000,0.000,0.000,0.000,0.000,-0.026,0.156
548.61,0.417,0,0.645,0.713,1,0.000,0.000,0.000,0.000,0.000,0.000,-0.026,0.156
548.81,0.423,0,0.655,0.717,1,0.000,0.000,0.000,0.000,0.000,0.000,-0.028,0.152
549.01,0.421,0,0.655,0.717,1,0.000,0.000,0.000,0.000,0.000,0.000,-0.014,0.158
549.21,0.421,0,0.655,0.717,1,0.000,0.000,0.000,0.000,0.000,0.000,-0.028,0.154
549.41,0.417,0,0.653,0.717,1,0.000,0.000,0.000,0.000,0.000,0.000,-0.018,0.159
549.61,0.421,0,0.653,0.717,1,0.000,0.000,0.000,0.000,0.000,0.000,-0.018,0.159
549.81,0.424,0,0.654,0.717,1,0.000,0.000,0.000,0.000,0.000,0.000,-0.028,0.158
550.01,0.428,0,0.654,0.717,1,0.000,0.000,0.000,0.000,0.000,0.000,-0.022,0.151
550.21,0.428,0,0.654,0.717,1,0.000,0.000,0.000,0.000,0.000,0.000,-0.020,0.152
550.41,0.419,0,0.652,0.715,1,0.000,0.000,0.000,0.000,0.000,0.000,-0.020,0.152
550.61,0.423,0,0.652,0.715,1,0.000,0.000,0.000,0.000,0.000,0.000,-0.017,0.156
550.81,0.419,0,0.652,0.715,1,0.000,0.000,0.000,0.000,0.000,0.000,-0.023,0.153
551.01,0.419,0,0.652,0.715,1,0.000,0.000,0.000,0.000,0.000,0.000,-0.021,0.153
551.21,0.431,0,0.652,0.715,1,0.000,0.000,0.000,0.000,0.000,0.000,-0.021,0.153
551.41,0.421,0,0.660,0.721,1,0.000,0.000,0.000,0.000,0.000,0.000,-0.023,0.146
551.61,0.423,0,0.660,0.721,1,0.000,0.000,0.000,0.000,0.000,0.000,-0.027,0.157
551.81,0.423,0,0.661,0.720,1,0.000,0.000,0.000,0.000,0.000,0.000,-0.029,0.157
552.01,0.421,0,0.661,0.720,1,0.000,0.000,0.000,0.000,0.000,0.000,-0.030,0.148
552.21,0.423,0,0.661,0.720,1,0.000,0.000,0.000,0.000,0.000,0.000,-0.030,0.148
552.41,0.417,0,0.659,0.719,1,0.000,0.000,0.000,0.000,0.000,0.000,-0.028,0.153
552.61,0.421,0,0.659,0.719,1,0.000,0.000,0.000,0.000,0.000,0.000,-0.028,0.152
552.81,0.421,0,0.661,0.718,1,0.000,0.000,0.000,0.000,0.000,0.000,-0.027,0.158
553.01,0.423,0,0.661,0.718,1,0.000,0.000,0.000,0.000,0.000,0.000,-0.027,0.158
553.21,0.424,0,0.661,0.718,1,0.000,0.000,0.000,0.000,0.000,0.000,-0.020,0.154
553.41,0.421,0,0.657,0.717,1,0.000,0.000,0.000,0.000,0.000,0.000,-0.025,0.153
553.61,0.421,0,0.657,0.717,1,0.000,0.000,0.000,0.000,0.000,0.000,-0.027,0.156
553.81,0.431,0,0.655,0.720,1,0.000,0.000,0.000,0.000,0.000,0.000,-0.027,0.156
554.01,0.417,0,0.655,0.720,1,0.000,0.000,0.000,0.000,0.000,0.000,-0.024,0.151
554.21,0.421,0,0.655,0.720,1,0.000,0.000,0.000,0.000,0.000,0.000,-0.022,0.150
554.41,0.421,0,0.664,0.717,1,0.000,0.000,0.000,0.000,0.000,0.000,-0.027,0.158
554.61,0.421,0,0.664,0.717,1,0.000,0.000,0.000,0.000,0.000,0.000,-0.017,0.157
554.81,0.421,0,0.656,0.713,1,0.000,0.000,0.000,0.000,0.000,0.000,-0.017,0.157
555.01,0.433,0,0.656,0.713,1,0.000,0.000,0.000,0.000,0.000,0.000,-0.015,0.157
555.21,0.424,0,0.656,0.713,1,0.000,0.000,0.000,0.000,0.000,0.000,-0.019,0.150
555.41,0.424,0,0.653,0.715,1,0.000,0.000,0.000,0.000,0.000,0.000,-0.022,0.154
555.61,0.434,0,0.653,0.715,1,0.000,0.000,0.000,0.000,0.000,0.000,-0.022,0.154
555.81,0.417,0,0.653,0.718,1,0.000,0.000,0.000,0.000,0.000,0.000,-0.005,0.156
556.01,0.424,0,0.653,0.718,1,0.000,0.000,0.000,0.000,0.000,0.000,-0.022,0.147
556.21,0.424,0,0.653,0.718,1,0.000,0.000,0.000,0.000,0.000,0.000,-0.031,0.153
556.41,0.421,0,0.662,0.718,1,0.000,0.000,0.000,0.000,0.000,0.000,-0.031,0.153
556.61,0.423,0,0.662,0.718,1,0.000,0.000,0.000,0.000,0.000,0.000,-0.026,0.155
556.81,0.424,0,0.662,0.720,1,0.000,0.000,0.000,0.000,0.000,0.000,-0.026,0.155
557.01,0.424,0,0.662,0.720,1,0.000,0.000,0.000,0.000,0.000,0.000,-0.024,0.149
557.21,0.421,0,0.662,0.720,1,0.000,0.000,0.000,0.000,0.000,0.000,-0.020,0.159
557.41,0.421,0,0.655,0.719,1,0.000,0.000,0.000,0.000,0.000,0.000,-0.020,0.159
557.61,0.421,0,0.655,0.719,1,0.000,0.000,0.000,0.000,0.000,0.000,-0.017,0.161
557.81,0.435,0,0.656,0.717,1,0.000,0.000,0.000,0.000,0.000,0.000,-0.013,0.158
558.01,0.435,0,0.656,0.717,1,0.000,0.000,0.000,0.000,0.000,0.000,-0.028,0.155
558.21,0.417,0,0.656,0.717,1,0.000,0.000,0.000,0.000,0.000,0.000,-0.028,0.155
558.41,0.421,0,0.653,0.717,1,0.000,0.000,0.000,0.000,0.000,0.000,-0.025,0.152
558.61,0.419,0,0.653,0.717,1,0.000,0.000,0.000,0.000,0.000,0.000,-0.023,0.155
558.81,0.419,0,0.661,0.720,1,0.000,0.000,0.000,0.000,0.000,0.000,-0.021,0.147
559.01,0.419,0,0.661,0.720,1,0.000,0.000,0.000,0.000,0.000,0.000,-0.021,0.147
559.21,0.419,0,0.661,0.720,1,0.000,0.000,0.000,0.000,0.000,0.000,-0.026,0.156
559.41,0.423,0,0.658,0.720,1,0.000,0.000,0.000,0.000,0.000,0.000,-0.019,0.152
559.61,0.423,0,0.658,0.720,1,0.000,0.000,0.000,0.000,0.000,0.000,-0.019,0.153
559.81,0.434,0,0.662,0.723,1,0.000,0.000,0.000,0.000,0.000,0.000,-0.023,0.154
560.01,0.421,0,0.662,0.723,1,0.000,0.000,0.000,0.000,0.000,0.000,-0.023,0.154
560.21,0.421,0,0.662,0.723,1,0.000,0.000,0.000,0.000,0.000,0.000,-0.007,0.156
560.41,0.430,0,0.659,0.727,1,0.000,0.000,0.000,0.000,0.000,0.000,-0.023,0.149
560.61,0.430,0,0.659,0.727,1,0.000,0.000,0.000,0.000,0.000,0.000,-0.026,0.147
560.81,0.423,0,0.665,0.725,1,0.000,0.000,0.000,0.000,0.000,0.000,-0.026,0.147
561.01,0.419,0,0.665,0.725,1,0.000,0.000,0.000,0.000,0.000,0.000,-0.027,0.153
561.21,0.417,0,0.665,0.725,1,0.000,0.000,0.000,0.000,0.000,0.000,-0.017,0.159
561.41,0.417,0,0.657,0.725,1,0.000,0.000,0.000,0.000,0.000,0.000,-0.020,0.155
561.61,0.419,0,0.657,0.725,1,0.000,0.000,0.000,0.000,0.000,0.000,-0.020,0.155
561.81,0.424,0,0.660,0.743,1,0.000,0.000,0.000,0.000,0.000,0.000,-0.020,0.152
562.01,0.421,0,0.660,0.743,1,0.000,0.000,0.000,0.000,0.000,0.000,-0.023,0.156
562.21,0.421,0,0.660,0.743,1,0.000,0.000,0.000,0.000,0.000,0.000,-0.020,0.147
562.41,0.105,0,0.727,0.816,1,0.000,0.000,0.000,0.000,0.000,0.000,-0.027,0.153
562.61,0.419,0,0.727,0.816,1,0.000,0.000,0.000,0.000,0.000,0.000,-0.027,0.153
562.81,0.105,0,0.785,0.837,1,0.000,0.000,0.000,0.000,0.000,0.000,-0.027,0.149
563.01,0.428,0,0.785,0.837,1,0.000,0.000,0.000,0.000,0.000,0.000,-0.025,0.150
563.21,0.428,0,0.785,0.837,1,0.000,0.000,0.000,0.000,0.000,0.000,-0.022,0.154
563.41,0.105,0,0.639,0.581,1,0.000,0.000,0.000,0.000,0.000,0.000,-0.022,0.154
563.61,0.421,0,0.639,0.581,1,0.000,0.000,0.000,0.000,0.000,0.000,-0.023,0.153
563.81,0.417,0,0.514,0.555,1,0.000,0.000,0.000,0.000,0.000,0.000,-0.014,0.159
564.01,0.417,0,0.514,0.555,1,0.000,0.000,0.000,0.000,0.000,0.000,-0.006,0.155
564.21,0.424,0,0.514,0.555,1,0.000,0.000,0.000,0.000,0.000,0.000,-0.006,0.155
564.41,0.423,0,0.544,0.447,1,0.000,0.000,0.000,0.000,0.000,0.000,-0.012,0.156
564.61,0.424,0,0.544,0.447,1,0.000,0.000,0.000,0.000,0.000,0.000,-0.021,0.151
564.81,0.424,0,0.631,1.774,0,0.000,0.000,0.000,0.000,0.000,0.000,-0.021,0.150
565.01,0.423,0,0.631,1.774,0,0.000,0.000,0.000,0.000,0.000,0.000,-0.041,0.139
565.21,0.423,0,0.631,1.774,0,0.000,0.000,0.000,0.000,0.000,0.000,-0.041,0.139
565.41,0.421,0,0.806,1.765,0,0.000,0.000,0.000,0.000,0.000,0.000,-0.042,0.147
565.61,0.417,0,0.806,1.765,0,0.000,0.000,0.000,0.000,0.000,0.000,-0.025,0.153
565.81,0.417,0,0.745,0.323,0,0.000,0.000,0.000,0.000,0.000,0.000,-0.033,0.159
566.01,0.227,0,0.745,0.323,0,0.000,0.000,0.000,0.000,0.000,0.000,-0.033,0.159
566.21,0.105,0,0.745,0.323,0,0.000,0.000,0.000,0.000,0.000,0.000,-0.009,0.150
566.41,0.105,0,0.213,0.345,1,0.000,0.000,0.000,0.000,0.000,0.000,-0.017,0.158
566.61,0.105,0,0.213,0.345,1,0.000,0.000,0.000,0.000,0.000,0.000,-0.021,0.149
566.81,0.105,0,0.224,0.365,1,0.000,0.000,0.000,0.000,0.000,0.000,-0.021,0.149
567.01,0.105,0,0.224,0.365,1,0.000,0.000,0.000,0.000,0.000,0.000,-0.018,0.155
567.21,0.225,0,0.224,0.365,1,0.000,0.000,0.000,0.000,0.000,0.000,-0.023,0.148
567.41,0.225,0,0.242,0.321,1,0.000,0.000,0.000,0.000,0.000,0.000,-0.020,0.151
567.61,0.235,0,0.242,0.321,1,0.000,0.000,0.000,0.000,0.000,0.000,-0.032,0.154
567.81,0.306,0,0.319,0.366,1,0.000,0.000,0.000,0.000,0.000,0.000,-0.032,0.154
568.01,0.316,0,0.319,0.366,1,0.000,0.000,0.000,0.000,0.000,0.000,-0.026,0.152
568.21,0.316,0,0.319,0.366,1,0.000,0.000,0.000,0.000,0.000,0.000,-0.017,0.161
568.41,0.316,0,0.329,0.352,1,0.000,0.000,0.000,0.000,0.000,0.000,-0.013,0.156
568.61,0.313,0,0.329,0.352,1,0.000,0.000,0.000,0.000,0.000,0.000,-0.013,0.156
568.81,0.301,0,0.314,0.325,1,0.000,0.000,0.000,0.000,0.000,0.000,-0.016,0.160
569.01,0.281,0,0.314,0.325,1,0.000,0.000,0.000,0.000,0.000,0.000,-0.022,0.153
569.21,0.281,0,0.314,0.325,1,0.000,0.000,0.000,0.000,0.000,0.000,-0.025,0.153
569.41,0.245,0,0.261,0.313,1,0.000,0.000,0.000,0.000,0.000,0.000,-0.025,0.153
569.61,0.225,0,0.261,0.313,1,0.000,0.000,0.000,0.000,0.000,0.000,-0.023,0.156
569.81,0.190,0,0.210,nan,0,0.000,0.000,0.000,0.000,0.000,0.000,-0.020,0.151
570.01,0.190,0,0.210,nan,0,0.000,0.000,0.000,0.000,0.000,0.000,-0.020,0.156
570.21,0.172,0,0.210,nan,0,0.000,0.000,0.000,0.000,0.000,0.000,-0.018,0.153
570.41,0.163,0,0.186,nan,0,0.000,0.000,0.000,0.000,0.000,0.000,-0.018,0.153
570.61,0.154,0,0.186,nan,0,0.000,0.000,0.000,0.000,0.000,0.000,-0.020,0.157
570.81,0.147,0,0.173,0.323,1,0.000,0.000,0.000,0.000,0.000,0.000,-0.013,0.159
571.01,0.147,0,0.173,0.323,1,0.000,0.000,0.000,0.000,0.000,0.000,0.003,0.162
571.21,0.147,0,0.173,0.323,1,0.000,0.000,0.000,0.000,0.000,0.000,0.003,0.162
571.41,0.147,0,0.173,0.312,1,0.000,0.000,0.000,0.000,0.000,0.000,0.004,0.163
571.61,0.151,0,0.173,0.312,1,0.000,0.000,0.000,0.000,0.000,0.000,0.001,0.169
571.81,0.151,0,0.179,0.318,1,0.000,0.000,0.000,0.000,0.000,0.000,0.006,0.167
572.01,0.154,0,0.179,0.318,1,0.000,0.000,0.000,0.000,0.000,0.000,0.006,0.167
572.21,0.146,0,0.179,0.318,1,0.000,0.000,0.000,0.000,0.000,0.000,-0.002,0.148
572.41,0.157,0,0.171,0.312,1,0.000,0.000,0.000,0.000,0.000,0.000,-0.013,0.153
572.61,0.157,0,0.171,0.312,1,0.000,0.000,0.000,0.000,0.000,0.000,-0.010,0.151
572.81,0.169,0,0.192,0.306,1,0.000,0.000,0.000,0.000,0.000,0.000,-0.004,0.155
573.01,0.107,0,0.192,0.306,1,0.000,0.000,0.000,0.000,0.000,0.000,-0.004,0.155
573.21,0.164,0,0.192,0.306,1,0.000,0.000,0.000,0.000,0.000,0.000,-0.010,0.153
573.41,0.163,0,0.188,0.330,1,0.000,0.000,0.000,0.000,0.000,0.000,-0.016,0.156
573.61,0.163,0,0.188,0.330,1,0.000,0.000,0.000,0.000,0.000,0.000,-0.015,0.156
573.81,0.164,0,0.187,0.347,1,0.000,0.000,0.000,0.000,0.000,0.000,-0.015,0.156
574.01,0.159,0,0.187,0.347,1,0.000,0.000,0.000,0.000,0.000,0.000,-0.010,0.157
574.21,0.153,0,0.187,0.347,1,0.000,0.000,0.000,0.000,0.000,0.000,-0.007,0.149
574.41,0.153,0,0.178,0.332,1,0.000,0.000,0.000,0.000,0.000,0.000,-0.015,0.160
574.61,0.153,0,0.178,0.332,1,0.000,0.000,0.000,0.000,0.000,0.000,-0.015,0.160
574.81,0.146,0,0.172,0.645,0,0.000,0.000,0.000,0.000,0.000,0.000,-0.010,0.148
575.01,0.142,0,0.172,0.645,0,0.000,0.000,0.000,0.000,0.000,0.000,-0.005,0.148
575.21,0.142,0,0.172,0.645,0,0.000,0.000,0.000,0.000,0.000,0.000,-0.006,0.150
575.41,0.139,0,0.166,3.478,0,0.000,0.000,0.000,0.000,0.000,0.000,-0.011,0.147
575.61,0.146,0,0.166,3.478,0,0.000,0.000,0.000,0.000,0.000,0.000,-0.011,0.147
575.81,0.152,0,0.176,0.337,1,0.000,0.000,0.000,0.000,0.000,0.000,-0.011,0.153
576.01,0.163,0,0.176,0.337,1,0.000,0.000,0.000,0.000,0.000,0.000,-0.017,0.150
576.21,0.163,0,0.176,0.337,1,0.000,0.000,0.000,0.000,0.000,0.000,-0.019,0.159
576.41,0.433,0,0.615,0.310,0,0.000,0.000,0.000,0.000,0.000,0.000,-0.019,0.159
576.61,0.431,0,0.615,0.310,0,0.000,0.000,0.000,0.000,0.000,0.000,-0.018,0.157
576.81,0.435,0,0.635,0.307,0,0.000,0.000,0.000,0.000,0.000,0.000,-0.019,0.154
577.01,0.435,0,0.635,0.307,0,0.000,0.000,0.000,0.000,0.000,0.000,-0.016,0.149
577.21,0.264,0,0.635,0.307,0,0.000,0.000,0.000,0.000,0.000,0.000,-0.020,0.155
577.41,0.324,0,0.336,0.340,1,0.000,0.000,0.000,0.000,0.000,0.000,-0.020,0.155
577.61,0.325,0,0.336,0.340,1,0.000,0.000,0.000,0.000,0.000,0.000,-0.015,0.153
577.81,0.325,0,0.343,0.341,1,0.000,0.000,0.000,0.000,0.000,0.000,-0.020,0.156
578.01,0.331,0,0.343,0.341,1,0.000,0.000,0.000,0.000,0.000,0.000,-0.019,0.155
578.21,0.329,0,0.343,0.341,1,0.000,0.000,0.000,0.000,0.000,0.000,-0.019,0.155
578.41,0.334,0,0.346,0.345,1,0.000,0.000,0.000,0.000,0.000,0.000,-0.022,0.155
578.61,0.332,0,0.346,0.345,1,0.000,0.000,0.000,0.000,0.000,0.000,-0.018,0.156
578.81,0.332,0,0.344,0.345,1,0.000,0.000,0.000,0.000,0.000,0.000,-0.019,0.152
579.01,0.335,0,0.344,0.345,1,0.000,0.000,0.000,0.000,0.000,0.000,-0.019,0.152
579.21,0.325,0,0.344,0.345,1,0.000,0.000,0.000,0.000,0.000,0.000,-0.024,0.153
579.41,0.329,0,0.337,0.354,1,0.000,0.000,0.000,0.000,0.000,0.000,-0.017,0.157
579.61,0.329,0,0.337,0.354,1,0.000,0.000,0.000,0.000,0.000,0.000,-0.017,0.158
579.81,0.330,0,0.342,0.354,1,0.000,0.000,0.000,0.000,0.000,0.000,-0.017,0.157
580.01,0.322,0,0.342,0.354,1,0.000,0.000,0.000,0.000,0.000,0.000,-0.017,0.157
580.21,0.328,0,0.342,0.354,1,0.000,0.000,0.000,0.000,0.000,0.000,-0.023,0.155
580.41,0.332,0,0.340,0.354,1,0.000,0.000,0.000,0.000,0.000,0.000,-0.011,0.152
580.61,0.332,0,0.340,0.354,1,0.000,0.000,0.000,0.000,0.000,0.000,-0.017,0.154
580.81,0.330,0,0.342,0.354,1,0.000,0.000,0.000,0.000,0.000,0.000,-0.017,0.154
581.01,0.318,0,0.342,0.354,1,0.000,0.000,0.000,0.000,0.000,0.000,-0.020,0.152
581.21,0.284,0,0.342,0.354,1,0.000,0.000,0.000,0.000,0.000,0.000,-0.025,0.155
581.41,0.284,0,0.298,0.345,1,0.000,0.000,0.000,0.000,0.000,0.000,-0.020,0.158
581.61,0.105,0,0.298,0.345,1,0.000,0.000,0.000,0.000,0.000,0.000,-0.020,0.158
581.81,0.285,0,0.299,0.346,1,0.000,0.000,0.000,0.000,0.000,0.000,-0.019,0.147
582.01,0.280,0,0.299,0.346,1,0.000,0.000,0.000,0.000,0.000,0.000,-0.034,0.156
582.21,0.280,0,0.299,0.346,1,0.000,0.000,0.000,0.000,0.000,0.000,-0.018,0.152
582.41,0.287,0,0.301,0.348,1,0.000,0.000,0.000,0.000,0.000,0.000,-0.018,0.157
582.61,0.280,0,0.301,0.348,1,0.000,0.000,0.000,0.000,0.000,0.000,-0.018,0.157
582.81,0.282,0,0.296,0.346,1,0.000,0.000,0.000,0.000,0.000,0.000,-0.016,0.152
583.01,0.283,0,0.296,0.346,1,0.000,0.000,0.000,0.000,0.000,0.000,-0.015,0.154
583.21,0.283,0,0.296,0.346,1,0.000,0.000,0.000,0.000,0.000,0.000,-0.020,0.152
583.41,0.299,0,0.313,0.406,1,0.000,0.000,0.000,0.000,0.000,0.000,-0.020,0.152
583.61,0.423,0,0.313,0.406,1,0.000,0.000,0.000,0.000,0.000,0.000,-0.018,0.156
583.81,0.700,0,0.759,1.786,0,0.000,0.000,0.000,0.000,0.000,0.000,-0.022,0.149
584.01,0.700,0,0.759,1.786,0,0.000,0.000,0.000,0.000,0.000,0.000,-0.026,0.147
584.21,0.426,0,0.759,1.786,0,0.000,0.000,0.000,0.000,0.000,0.000,-0.026,0.147
584.41,0.417,0,0.747,0.731,1,0.000,0.000,0.000,0.000,0.000,0.000,-0.020,0.153
584.61,0.417,0,0.747,0.731,1,0.000,0.000,0.000,0.000,0.000,0.000,-0.027,0.149
584.81,0.417,0,0.599,0.639,1,0.000,0.000,0.000,0.000,0.000,0.000,-0.018,0.154
585.01,0.424,0,0.599,0.639,1,0.000,0.000,0.000,0.000,0.000,0.000,-0.021,0.152
585.21,0.435,0,0.599,0.639,1,0.000,0.000,0.000,0.000,0.000,0.000,-0.021,0.152
585.41,0.419,0,0.509,0.539,1,0.000,0.000,0.000,0.000,0.000,0.000,0.004,0.162
585.61,0.421,0,0.509,0.539,1,0.000,0.000,0.000,0.000,0.000,0.000,0.006,0.163
585.81,0.421,0,0.476,0.407,1,0.000,0.000,0.000,0.000,0.000,0.000,-0.021,0.153
586.01,0.333,0,0.476,0.407,1,0.000,0.000,0.000,0.000,0.000,0.000,-0.021,0.153
586.21,0.419,0,0.476,0.407,1,0.000,0.000,0.000,0.000,0.000,0.000,-0.017,0.157
586.41,0.424,0,0.429,0.612,1,0.000,0.000,0.000,0.000,0.000,0.000,-0.005,0.157
586.61,0.424,0,0.429,0.612,1,0.000,0.000,0.000,0.000,0.000,0.000,-0.026,0.154
586.81,0.426,0,0.642,0.705,1,0.000,0.000,0.000,0.000,0.000,0.000,-0.026,0.154
587.01,0.417,0,0.642,0.705,1,0.000,0.000,0.000,0.000,0.000,0.000,-0.019,0.159
587.21,0.424,0,0.642,0.705,1,0.000,0.000,0.000,0.000,0.000,0.000,-0.015,0.157
587.41,0.424,0,0.638,0.685,1,0.000,0.000,0.000,0.000,0.000,0.000,-0.021,0.156
587.61,0.419,0,0.638,0.685,1,0.000,0.000,0.000,0.000,0.000,0.000,-0.021,0.158
587.81,0.435,0,0.653,0.704,1,0.000,0.000,0.000,0.000,0.000,0.000,-0.021,0.158
588.01,0.433,0,0.653,0.704,1,0.000,0.000,0.000,0.000,0.000,0.000,-0.021,0.159
588.21,0.423,0,0.653,0.704,1,0.000,0.000,0.000,0.000,0.000,0.000,-0.024,0.156
588.41,0.423,0,0.624,0.695,1,0.000,0.000,0.000,0.000,0.000,0.000,-0.018,0.153
588.61,0.421,0,0.624,0.695,1,0.000,0.000,0.000,0.000,0.000,0.000,-0.018,0.153
588.81,0.419,0,0.634,0.702,1,0.000,0.000,0.000,0.000,0.000,0.000,-0.032,0.152
589.01,0.421,0,0.634,0.702,1,0.000,0.000,0.000,0.000,0.000,0.000,-0.020,0.150
589.21,0.421,0,0.634,0.702,1,0.000,0.000,0.000,0.000,0.000,0.000,-0.014,0.159
589.41,0.421,0,0.624,0.695,1,0.000,0.000,0.000,0.000,0.000,0.000,-0.014,0.159
589.61,0.424,0,0.624,0.695,1,0.000,0.000,0.000,0.000,0.000,0.000,-0.037,0.149
589.81,0.424,0,0.624,0.694,1,0.000,0.000,0.000,0.000,0.000,0.000,-0.031,0.148
590.01,0.424,0,0.624,0.694,1,0.000,0.000,0.000,0.000,0.000,0.000,-0.024,0.158
590.21,0.419,0,0.624,0.694,1,0.000,0.000,0.000,0.000,0.000,0.000,-0.025,0.151
590.41,0.417,0,0.619,0.693,1,0.000,0.000,0.000,0.000,0.000,0.000,-0.025,0.151
590.61,0.419,0,0.619,0.693,1,0.000,0.000,0.000,0.000,0.000,0.000,-0.023,0.152
590.81,0.421,0,0.620,0.694,1,0.000,0.000,0.000,0.000,0.000,0.000,-0.017,0.156
591.01,0.421,0,0.620,0.694,1,0.000,0.000,0.000,0.000,0.000,0.000,-0.033,0.152
591.21,0.421,0,0.620,0.694,1,0.000,0.000,0.000,0.000,0.000,0.000,-0.033,0.152
591.41,0.421,0,0.617,0.693,1,0.000,0.000,0.000,0.000,0.000,0.000,-0.021,0.146
591.61,0.421,0,0.617,0.693,1,0.000,0.000,0.000,0.000,0.000,0.000,-0.019,0.156
591.81,0.421,0,0.619,0.696,1,0.000,0.000,0.000,0.000,0.000,0.000,-0.016,0.160
592.01,0.423,0,0.619,0.696,1,0.000,0.000,0.000,0.000,0.000,0.000,-0.016,0.160
592.21,0.431,0,0.619,0.696,1,0.000,0.000,0.000,0.000,0.000,0.000,-0.021,0.152
592.41,0.421,0,0.630,0.693,1,0.000,0.000,0.000,0.000,0.000,0.000,-0.012,0.159
592.61,0.421,0,0.630,0.693,1,0.000,0.000,0.000,0.000,0.000,0.000,-0.014,0.154
592.81,0.617,0,0.624,0.693,1,0.000,0.000,0.000,0.000,0.000,0.000,-0.013,0.156
593.01,0.617,0,0.624,0.693,1,0.000,0.000,0.000,0.000,0.000,0.000,-0.013,0.156
593.21,0.417,0,0.624,0.693,1,0.000,0.000,0.000,0.000,0.000,0.000,-0.010,0.150
593.41,0.417,0,0.623,0.697,1,0.000,0.000,0.000,0.000,0.000,0.000,-0.023,0.157
593.61,0.417,0,0.623,0.697,1,0.000,0.000,0.000,0.000,0.000,0.000,-0.025,0.154
593.81,0.423,0,0.636,0.700,1,0.000,0.000,0.000,0.000,0.000,0.000,-0.025,0.154
594.01,0.424,0,0.636,0.700,1,0.000,0.000,0.000,0.000,0.000,0.000,-0.021,0.157
594.21,0.421,0,0.636,0.700,1,0.000,0.000,0.000,0.000,0.000,0.000,-0.016,0.148
594.41,0.421,0,0.625,0.699,1,0.000,0.000,0.000,0.000,0.000,0.000,-0.027,0.152
594.61,0.423,0,0.625,0.699,1,0.000,0.000,0.000,0.000,0.000,0.000,-0.027,0.152
594.81,0.421,0,0.615,0.695,1,0.000,0.000,0.000,0.000,0.000,0.000,-0.017,0.154
595.01,0.431,0,0.615,0.695,1,0.000,0.000,0.000,0.000,0.000,0.000,-0.022,0.153
595.21,0.431,0,0.615,0.695,1,0.000,0.000,0.000,0.000,0.000,0.000,-0.021,0.148
595.41,0.423,0,0.621,0.703,1,0.000,0.000,0.000,0.000,0.000,0.000,-0.026,0.148
595.61,0.417,0,0.621,0.703,1,0.000,0.000,0.000,0.000,0.000,0.000,-0.026,0.148
595.81,0.435,0,0.630,0.704,1,0.000,0.000,0.000,0.000,0.000,0.000,-0.045,0.155
596.01,0.421,0,0.630,0.704,1,0.000,0.000,0.000,0.000,0.000,0.000,-0.041,0.149
596.21,0.421,0,0.630,0.704,1,0.000,0.000,0.000,0.000,0.000,0.000,-0.045,0.150
596.41,0.423,0,0.630,0.705,1,0.000,0.000,0.000,0.000,0.000,0.000,-0.045,0.150
596.61,0.431,0,0.630,0.705,1,0.000,0.000,0.000,0.000,0.000,0.000,-0.040,0.151
596.81,0.424,0,0.626,0.700,1,0.000,0.000,0.000,0.000,0.000,0.000,-0.036,0.158
597.01,0.424,0,0.626,0.700,1,0.000,0.000,0.000,0.000,0.000,0.000,-0.039,0.149
597.21,0.616,0,0.626,0.700,1,0.000,0.000,0.000,0.000,0.000,0.000,-0.039,0.149
597.41,0.419,0,0.626,0.702,1,0.000,0.000,0.000,0.000,0.000,0.000,-0.030,0.157
597.61,0.431,0,0.626,0.702,1,0.000,0.000,0.000,0.000,0.000,0.000,-0.033,0.160
597.81,0.431,0,0.627,0.704,1,0.000,0.000,0.000,0.000,0.000,0.000,-0.025,0.159
598.01,0.423,0,0.627,0.704,1,0.000,0.000,0.000,0.000,0.000,0.000,-0.033,0.152
598.21,0.421,0,0.627,0.704,1,0.000,0.000,0.000,0.000,0.000,0.000,-0.033,0.152
598.41,0.419,0,0.626,0.702,1,0.000,0.000,0.000,0.000,0.000,0.000,-0.036,0.158
598.61,0.432,0,0.626,0.702,1,0.000,0.000,0.000,0.000,0.000,0.000,-0.037,0.167
598.81,0.432,0,0.624,0.699,1,0.000,0.000,0.000,0.000,0.000,0.000,-0.031,0.155
599.01,0.419,0,0.624,0.699,1,0.000,0.000,0.000,0.000,0.000,0.000,-0.031,0.155
599.21,0.419,0,0.624,0.699,1,0.000,0.000,0.000,0.000,0.000,0.000,-0.035,0.152
599.41,0.421,0,0.611,0.694,1,0.000,0.000,0.000,0.000,0.000,0.000,-0.031,0.157
599.61,0.421,0,0.611,0.694,1,0.000,0.000,0.000,0.000,0.000,0.000,-0.033,0.158
599.81,0.419,0,0.619,0.704,1,0.000,0.000,0.000,0.000,0.000,0.000,-0.033,0.158
600.01,0.417,0,0.619,0.704,1,0.000,0.000,0.000,0.000,0.000,0.000,-0.032,0.154
600.21,0.421,0,0.619,0.704,1,0.000,0.000,0.000,0.000,0.000,0.000,-0.039,0.159
600.41,0.421,0,0.626,0.703,1,0.000,0.000,0.000,0.000,0.000,0.000,-0.045,0.162
600.61,0.421,0,0.626,0.703,1,0.000,0.000,0.000,0.000,0.000,0.000,-0.027,0.159
600.81,0.106,0,0.631,0.708,1,0.000,0.000,0.000,0.000,0.000,0.000,-0.027,0.159
601.01,0.417,0,0.631,0.708,1,0.000,0.000,0.000,0.000,0.000,0.000,-0.038,0.156
601.21,0.105,0,0.631,0.708,1,0.000,0.000,0.000,0.000,0.000,0.000,-0.030,0.156
601.41,0.105,0,0.638,0.704,1,0.000,0.000,0.000,0.000,0.000,0.000,-0.018,0.159
601.61,0.424,0,0.638,0.704,1,0.000,0.000,0.000,0.000,0.000,0.000,-0.018,0.159
601.81,0.421,0,0.615,0.698,1,0.000,0.000,0.000,0.000,0.000,0.000,-0.024,0.159
602.01,0.421,0,0.615,0.698,1,0.000,0.000,0.000,0.000,0.000,0.000,-0.031,0.150
602.21,0.421,0,0.615,0.698,1,0.000,0.000,0.000,0.000,0.000,0.000,-0.028,0.151
602.41,0.421,0,0.621,0.697,1,0.000,0.000,0.000,0.000,0.000,0.000,-0.023,0.156
602.61,0.610,0,0.621,0.697,1,0.000,0.000,0.000,0.000,0.000,0.000,-0.023,0.156
602.81,0.105,0,0.617,0.698,1,0.000,0.000,0.000,0.000,0.000,0.000,-0.014,0.152
603.01,0.105,0,0.617,0.698,1,0.000,0.000,0.000,0.000,0.000,0.000,-0.015,0.152
603.21,0.423,0,0.617,0.698,1,0.000,0.000,0.000,0.000,0.000,0.000,-0.024,0.156
603.41,0.421,0,0.627,0.701,1,0.000,0.000,0.000,0.000,0.000,0.000,-0.024,0.156
603.61,0.421,0,0.627,0.701,1,0.000,0.000,0.000,0.000,0.000,0.000,-0.026,0.152
603.81,0.424,0,0.622,0.700,1,0.000,0.000,0.000,0.000,0.000,0.000,-0.027,0.157
604.01,0.424,0,0.622,0.700,1,0.000,0.000,0.000,0.000,0.000,0.000,-0.025,0.151
604.21,0.419,0,0.622,0.700,1,0.000,0.000,0.000,0.000,0.000,0.000,-0.025,0.151
604.41,0.423,0,0.616,0.698,1,0.000,0.000,0.000,0.000,0.000,0.000,-0.030,0.150
604.61,0.417,0,0.616,0.698,1,0.000,0.000,0.000,0.000,0.000,0.000,-0.024,0.152
604.81,0.417,0,0.618,0.698,1,0.000,0.000,0.000,0.000,0.000,0.000,-0.032,0.150
605.01,0.421,0,0.618,0.698,1,0.000,0.000,0.000,0.000,0.000,0.000,-0.032,0.150
605.21,0.423,0,0.618,0.698,1,0.000,0.000,0.000,0.000,0.000,0.000,-0.009,0.155
605.41,0.424,0,0.618,0.698,1,0.000,0.000,0.000,0.000,0.000,0.000,-0.009,0.156
605.61,0.421,0,0.618,0.698,1,0.000,0.000,0.000,0.000,0.000,0.000,-0.020,0.146
605.81,0.421,0,0.617,0.696,1,0.000,0.000,0.000,0.000,0.000,0.000,-0.029,0.151
606.01,0.423,0,0.617,0.696,1,0.000,0.000,0.000,0.000,0.000,0.000,-0.029,0.151
606.21,0.423,0,0.617,0.696,1,0.000,0.000,0.000,0.000,0.000,0.000,-0.019,0.147
606.41,0.426,0,0.615,0.695,1,0.000,0.000,0.000,0.000,0.000,0.000,-0.021,0.153
606.61,0.426,0,0.615,0.695,1,0.000,0.000,0.000,0.000,0.000,0.000,-0.022,0.153
606.81,0.421,0,0.618,0.698,1,0.000,0.000,0.000,0.000,0.000,0.000,-0.022,0.153
607.01,0.421,0,0.618,0.698,1,0.000,0.000,0.000,0.000,0.000,0.000,-0.022,0.152
607.21,0.419,0,0.618,0.698,1,0.000,0.000,0.000,0.000,0.000,0.000,-0.028,0.158
607.41,0.419,0,0.618,0.696,1,0.000,0.000,0.000,0.000,0.000,0.000,-0.017,0.149
607.61,0.421,0,0.618,0.696,1,0.000,0.000,0.000,0.000,0.000,0.000,-0.025,0.155
607.81,0.419,0,0.618,0.694,1,0.000,0.000,0.000,0.000,0.000,0.000,-0.025,0.155
608.01,0.417,0,0.618,0.694,1,0.000,0.000,0.000,0.000,0.000,0.000,-0.025,0.155
608.21,0.421,0,0.618,0.694,1,0.000,0.000,0.000,0.000,0.000,0.000,-0.025,0.155
608.41,0.421,0,0.612,0.691,1,0.000,0.000,0.000,0.000,0.000,0.000,-0.020,0.153
608.61,0.434,0,0.612,0.691,1,0.000,0.000,0.000,0.000,0.000,0.000,-0.020,0.153
608.81,0.417,0,0.615,0.692,1,0.000,0.000,0.000,0.000,0.000,0.000,-0.025,0.152
609.01,0.421,0,0.615,0.692,1,0.000,0.000,0.000,0.000,0.000,0.000,-0.026,0.152
609.21,0.421,0,0.615,0.692,1,0.000,0.000,0.000,0.000,0.000,0.000,-0.023,0.152
609.41,0.421,0,0.616,0.697,1,0.000,0.000,0.000,0.000,0.000,0.000,-0.023,0.152
609.61,0.423,0,0.616,0.697,1,0.000,0.000,0.000,0.000,0.000,0.000,-0.017,0.155
609.81,0.435,0,0.616,0.694,1,0.000,0.000,0.000,0.000,0.000,0.000,-0.030,0.155
610.01,0.435,0,0.616,0.694,1,0.000,0.000,0.000,0.000,0.000,0.000,-0.024,0.157
610.21,0.435,0,0.616,0.694,1,0.000,0.000,0.000,0.000,0.000,0.000,-0.021,0.153
610.41,0.417,0,0.614,0.691,1,0.000,0.000,0.000,0.000,0.000,0.000,-0.021,0.153
610.61,0.423,0,0.614,0.691,1,0.000,0.000,0.000,0.000,0.000,0.000,-0.026,0.154
610.81,0.417,0,0.615,0.692,1,0.000,0.000,0.000,0.000,0.000,0.000,-0.023,0.158
611.01,0.417,0,0.615,0.692,1,0.000,0.000,0.000,0.000,0.000,0.000,-0.025,0.157
611.21,0.417,0,0.615,0.692,1,0.000,0.000,0.000,0.000,0.000,0.000,-0.025,0.157
611.41,0.424,0,0.613,0.694,1,0.000,0.000,0.000,0.000,0.000,0.000,-0.022,0.154
611.61,0.423,0,0.613,0.694,1,0.000,0.000,0.000,0.000,0.000,0.000,-0.026,0.160
611.81,0.423,0,0.618,0.699,1,0.000,0.000,0.000,0.000,0.000,0.000,-0.021,0.165
612.01,0.433,0,0.618,0.699,1,0.000,0.000,0.000,0.000,0.000,0.000,-0.021,0.165
612.21,0.423,0,0.618,0.699,1,0.000,0.000,0.000,0.000,0.000,0.000,-0.022,0.153
612.41,0.424,0,0.621,0.701,1,0.000,0.000,0.000,0.000,0.000,0.000,-0.021,0.151
612.61,0.424,0,0.621,0.701,1,0.000,0.000,0.000,0.000,0.000,0.000,-0.022,0.161
612.81,0.419,0,0.623,0.700,1,0.000,0.000,0.000,0.000,0.000,0.000,-0.017,0.158
613.01,0.421,0,0.623,0.700,1,0.000,0.000,0.000,0.000,0.000,0.000,-0.017,0.158
613.21,0.421,0,0.623,0.700,1,0.000,0.000,0.000,0.000,0.000,0.000,-0.018,0.153
613.41,0.423,0,0.623,0.700,1,0.000,0.000,0.000,0.000,0.000,0.000,-0.021,0.162
613.61,0.423,0,0.623,0.700,1,0.000,0.000,0.000,0.000,0.000,0.000,-0.014,0.156
613.81,0.423,0,0.621,0.699,1,0.000,0.000,0.000,0.000,0.000,0.000,-0.014,0.156
614.01,0.417,0,0.621,0.699,1,0.000,0.000,0.000,0.000,0.000,0.000,-0.014,0.157
614.21,0.426,0,0.621,0.699,1,0.000,0.000,0.000,0.000,0.000,0.000,-0.020,0.154
614.41,0.426,0,0.617,0.699,1,0.000,0.000,0.000,0.000,0.000,0.000,-0.018,0.163
614.61,0.419,0,0.617,0.699,1,0.000,0.000,0.000,0.000,0.000,0.000,-0.018,0.163
614.81,0.417,0,0.621,0.699,1,0.000,0.000,0.000,0.000,0.000,0.000,-0.019,0.157
615.01,0.421,0,0.621,0.699,1,0.000,0.000,0.000,0.000,0.000,0.000,-0.023,0.153
615.21,0.421,0,0.621,0.699,1,0.000,0.000,0.000,0.000,0.000,0.000,-0.029,0.153
615.41,0.417,0,0.626,0.699,1,0.000,0.000,0.000,0.000,0.000,0.000,-0.035,0.152
615.61,0.421,0,0.626,0.699,1,0.000,0.000,0.000,0.000,0.000,0.000,-0.035,0.152
615.81,0.419,0,0.624,0.700,1,0.000,0.000,0.000,0.000,0.000,0.000,-0.027,0.153
616.01,0.423,0,0.624,0.700,1,0.000,0.000,0.000,0.000,0.000,0.000,-0.025,0.149
616.21,0.423,0,0.624,0.700,1,0.000,0.000,0.000,0.000,0.000,0.000,-0.036,0.155
616.41,0.423,0,0.624,0.700,1,0.000,0.000,0.000,0.000,0.000,0.000,-0.036,0.155
616.61,0.615,0,0.624,0.700,1,0.000,0.000,0.000,0.000,0.000,0.000,-0.030,0.154
616.81,0.423,0,0.622,0.698,1,0.000,0.000,0.000,0.000,0.000,0.000,-0.028,0.159
617.01,0.423,0,0.622,0.698,1,0.000,0.000,0.000,0.000,0.000,0.000,-0.030,0.148
617.21,0.424,0,0.622,0.698,1,0.000,0.000,0.000,0.000,0.000,0.000,-0.030,0.148
617.41,0.419,0,0.617,0.698,1,0.000,0.000,0.000,0.000,0.000,0.000,-0.027,0.162
617.61,0.417,0,0.617,0.698,1,0.000,0.000,0.000,0.000,0.000,0.000,-0.025,0.166
617.81,0.417,0,0.617,0.698,1,0.000,0.000,0.000,0.000,0.000,0.000,-0.023,0.159
618.01,0.423,0,0.617,0.698,1,0.000,0.000,0.000,0.000,0.000,0.000,-0.032,0.155
618.21,0.428,0,0.617,0.698,1,0.000,0.000,0.000,0.000,0.000,0.000,-0.032,0.155
618.41,0.421,0,0.620,0.697,1,0.000,0.000,0.000,0.000,0.000,0.000,-0.021,0.158
618.61,0.423,0,0.620,0.697,1,0.000,0.000,0.000,0.000,0.000,0.000,-0.022,0.161
618.81,0.423,0,0.626,0.696,1,0.000,0.000,0.000,0.000,0.000,0.000,-0.022,0.151
619.01,0.424,0,0.626,0.696,1,0.000,0.000,0.000,0.000,0.000,0.000,-0.022,0.151
619.21,0.423,0,0.626,0.696,1,0.000,0.000,0.000,0.000,0.000,0.000,-0.027,0.151
619.41,0.419,0,0.620,0.696,1,0.000,0.000,0.000,0.000,0.000,0.000,-0.024,0.157
619.61,0.419,0,0.620,0.696,1,0.000,0.000,0.000,0.000,0.000,0.000,-0.006,0.162
619.81,0.423,0,0.615,0.694,1,0.000,0.000,0.000,0.000,0.000,0.000,-0.006,0.162
620.01,0.423,0,0.615,0.694,1,0.000,0.000,0.000,0.000,0.000,0.000,-0.014,0.151
620.21,0.421,0,0.615,0.694,1,0.000,0.000,0.000,0.000,0.000,0.000,-0.014,0.151
620.41,0.421,0,0.622,0.700,1,0.000,0.000,0.000,0.000,0.000,0.000,-0.025,0.153
620.61,0.421,0,0.622,0.700,1,0.000,0.000,0.000,0.000,0.000,0.000,-0.018,0.153
620.81,0.435,0,0.628,0.702,1,0.000,0.000,0.000,0.000,0.000,0.000,-0.018,0.153
621.01,0.424,0,0.628,0.702,1,0.000,0.000,0.000,0.000,0.000,0.000,-0.021,0.149
621.21,0.421,0,0.628,0.702,1,0.000,0.000,0.000,0.000,0.000,0.000,-0.013,0.155
621.41,0.421,0,0.620,0.647,1,0.000,0.000,0.000,0.000,0.000,0.000,-0.020,0.154
621.61,0.421,0,0.620,0.647,1,0.000,0.000,0.000,0.000,0.000,0.000,-0.020,0.154
621.81,0.417,0,0.609,0.628,1,0.000,0.000,0.000,0.000,0.000,0.000,-0.033,0.145
622.01,0.435,0,0.609,0.628,1,0.000,0.000,0.000,0.000,0.000,0.000,-0.031,0.153
622.21,0.435,0,0.609,0.628,1,0.000,0.000,0.000,0.000,0.000,0.000,-0.019,0.153
622.41,0.421,0,0.594,0.650,1,0.000,0.000,0.000,0.000,0.000,0.000,-0.018,0.154
622.61,0.428,0,0.594,0.650,1,0.000,0.000,0.000,0.000,0.000,0.000,-0.018,0.154
622.81,0.421,0,0.578,0.648,1,0.000,0.000,0.000,0.000,0.000,0.000,-0.019,0.150
623.01,0.421,0,0.578,0.648,1,0.000,0.000,0.000,0.000,0.000,0.000,-0.016,0.156
623.21,0.419,0,0.578,0.648,1,0.000,0.000,0.000,0.000,0.000,0.000,-0.010,0.155
623.41,0.577,0,0.584,0.640,1,0.000,0.000,0.000,0.000,0.000,0.000,-0.010,0.155
623.61,0.419,0,0.584,0.640,1,0.000,0.000,0.000,0.000,0.000,0.000,-0.014,0.156
623.81,0.419,0,0.589,0.648,1,0.000,0.000,0.000,0.000,0.000,0.000,-0.017,0.152
624.01,0.419,0,0.589,0.648,1,0.000,0.000,0.000,0.000,0.000,0.000,-0.012,0.151
624.21,0.421,0,0.589,0.648,1,0.000,0.000,0.000,0.000,0.000,0.000,-0.012,0.151
624.41,0.424,0,0.604,0.655,1,0.000,0.000,0.000,0.000,0.000,0.000,-0.019,0.156
624.61,0.594,0,0.604,0.655,1,0.000,0.000,0.000,0.000,0.000,0.000,-0.026,0.154
624.81,0.594,0,0.595,0.656,1,0.000,0.000,0.000,0.000,0.000,0.000,-0.013,0.158
625.01,0.417,0,0.595,0.656,1,0.000,0.000,0.000,0.000,0.000,0.000,-0.016,0.159
625.21,0.431,0,0.595,0.656,1,0.000,0.000,0.000,0.000,0.000,0.000,-0.016,0.159
625.41,0.424,0,0.599,0.666,1,0.000,0.000,0.000,0.000,0.000,0.000,-0.020,0.159
625.61,0.419,0,0.599,0.666,1,0.000,0.000,0.000,0.000,0.000,0.000,-0.011,0.152
625.81,0.419,0,0.606,0.663,1,0.000,0.000,0.000,0.000,0.000,0.000,-0.040,0.149
626.01,0.421,0,0.606,0.663,1,0.000,0.000,0.000,0.000,0.000,0.000,-0.040,0.149
626.21,0.417,0,0.606,0.663,1,0.000,0.000,0.000,0.000,0.000,0.000,-0.027,0.150
626.41,0.417,0,0.604,0.664,1,0.000,0.000,0.000,0.000,0.000,0.000,-0.019,0.156
626.61,0.417,0,0.604,0.664,1,0.000,0.000,0.000,0.000,0.000,0.000,-0.021,0.152
626.81,0.423,0,0.601,0.659,1,0.000,0.000,0.000,0.000,0.000,0.000,-0.021,0.152
627.01,0.419,0,0.601,0.659,1,0.000,0.000,0.000,0.000,0.000,0.000,-0.028,0.157
627.21,0.423,0,0.601,0.659,1,0.000,0.000,0.000,0.000,0.000,0.000,-0.021,0.155
627.41,0.423,0,0.593,0.655,1,0.000,0.000,0.000,0.000,0.000,0.000,-0.021,0.155
627.61,0.421,0,0.593,0.655,1,0.000,0.000,0.000,0.000,0.000,0.000,-0.024,0.160
627.81,0.417,0,0.589,0.622,1,0.000,0.000,0.000,0.000,0.000,0.000,-0.024,0.160
628.01,0.426,0,0.589,0.622,1,0.000,0.000,0.000,0.000,0.000,0.000,-0.015,0.154
628.21,0.435,0,0.589,0.622,1,0.000,0.000,0.000,0.000,0.000,0.000,-0.027,0.157
628.41,0.435,0,0.603,0.595,1,0.000,0.000,0.000,0.000,0.000,0.000,-0.020,0.151
628.61,0.423,0,0.603,0.595,1,0.000,0.000,0.000,0.000,0.000,0.000,-0.020,0.151
628.81,0.428,0,0.599,0.610,1,0.000,0.000,0.000,0.000,0.000,0.000,-0.030,0.155
629.01,0.421,0,0.599,0.610,1,0.000,0.000,0.000,0.000,0.000,0.000,-0.039,0.153
629.21,0.421,0,0.599,0.610,1,0.000,0.000,0.000,0.000,0.000,0.000,-0.025,0.154
629.41,0.105,0,0.623,0.689,1,0.000,0.000,0.000,0.000,0.000,0.000,-0.025,0.154
629.61,0.421,0,0.623,0.689,1,0.000,0.000,0.000,0.000,0.000,0.000,-0.039,0.149
629.81,0.417,0,0.699,0.762,1,0.000,0.000,0.000,0.000,0.000,0.000,-0.028,0.156
630.01,0.417,0,0.699,0.762,1,0.000,0.000,0.000,0.000,0.000,0.000,-0.030,0.155
630.21,0.434,0,0.699,0.762,1,0.000,0.000,0.000,0.000,0.000,0.000,-0.034,0.150
630.41,0.423,0,0.727,0.785,1,0.000,0.000,0.000,0.000,0.000,0.000,-0.034,0.150
630.61,0.421,0,0.727,0.785,1,0.000,0.000,0.000,0.000,0.000,0.000,-0.044,0.152
630.81,0.435,0,0.640,0.679,1,0.000,0.000,0.000,0.000,0.000,0.000,-0.021,0.157
631.01,0.435,0,0.640,0.679,1,0.000,0.000,0.000,0.000,0.000,0.000,-0.023,0.153
631.21,0.435,0,0.640,0.679,1,0.000,0.000,0.000,0.000,0.000,0.000,-0.023,0.153
631.41,0.569,0,0.576,0.623,1,0.000,0.000,0.000,0.000,0.000,0.000,-0.016,0.149
631.61,0.423,0,0.576,0.623,1,0.000,0.000,0.000,0.000,0.000,0.000,-0.004,0.157
631.81,0.423,0,0.561,0.594,1,0.000,0.000,0.000,0.000,0.000,0.000,-0.028,0.160
632.01,0.433,0,0.561,0.594,1,0.000,0.000,0.000,0.000,0.000,0.000,-0.028,0.160
632.21,0.424,0,0.561,0.594,1,0.000,0.000,0.000,0.000,0.000,0.000,-0.018,0.156
632.41,0.423,0,0.555,0.591,1,0.000,0.000,0.000,0.000,0.000,0.000,-0.005,0.159
632.61,0.423,0,0.555,0.591,1,0.000,0.000,0.000,0.000,0.000,0.000,-0.025,0.164
632.81,0.419,0,0.560,0.597,1,0.000,0.000,0.000,0.000,0.000,0.000,-0.020,0.160
633.01,0.421,0,0.560,0.597,1,0.000,0.000,0.000,0.000,0.000,0.000,-0.020,0.160
633.21,0.435,0,0.560,0.597,1,0.000,0.000,0.000,0.000,0.000,0.000,-0.021,0.161
633.41,0.556,0,0.562,0.597,1,0.000,0.000,0.000,0.000,0.000,0.000,-0.021,0.158
633.61,0.556,0,0.562,0.597,1,0.000,0.000,0.000,0.000,0.000,0.000,-0.020,0.156
633.81,0.423,0,0.560,0.595,1,0.000,0.000,0.000,0.000,0.000,0.000,-0.020,0.156
634.01,0.421,0,0.560,0.595,1,0.000,0.000,0.000,0.000,0.000,0.000,-0.020,0.155
634.21,0.419,0,0.560,0.595,1,0.000,0.000,0.000,0.000,0.000,0.000,-0.028,0.153
634.41,0.419,0,0.562,0.597,1,0.000,0.000,0.000,0.000,0.000,0.000,-0.027,0.162
634.61,0.419,0,0.562,0.597,1,0.000,0.000,0.000,0.000,0.000,0.000,-0.021,0.155
634.81,0.419,0,0.561,0.597,1,0.000,0.000,0.000,0.000,0.000,0.000,-0.021,0.155
635.01,0.423,0,0.561,0.597,1,0.000,0.000,0.000,0.000,0.000,0.000,-0.013,0.158
635.21,0.431,0,0.561,0.597,1,0.000,0.000,0.000,0.000,0.000,0.000,-0.027,0.158
635.41,0.431,0,0.560,0.595,1,0.000,0.000,0.000,0.000,0.000,0.000,-0.020,0.154
635.61,0.421,0,0.560,0.595,1,0.000,0.000,0.000,0.000,0.000,0.000,-0.020,0.154
635.81,0.423,0,0.556,0.593,1,0.000,0.000,0.000,0.000,0.000,0.000,-0.020,0.156
636.01,0.423,0,0.556,0.593,1,0.000,0.000,0.000,0.000,0.000,0.000,-0.022,0.148
636.21,0.423,0,0.556,0.593,1,0.000,0.000,0.000,0.000,0.000,0.000,-0.026,0.152
636.41,0.421,0,0.559,0.596,1,0.000,0.000,0.000,0.000,0.000,0.000,-0.026,0.152
636.61,0.433,0,0.559,0.596,1,0.000,0.000,0.000,0.000,0.000,0.000,-0.024,0.158
636.81,0.423,0,0.557,0.593,1,0.000,0.000,0.000,0.000,0.000,0.000,-0.027,0.156
637.01,0.423,0,0.557,0.593,1,0.000,0.000,0.000,0.000,0.000,0.000,-0.021,0.153
637.21,0.417,0,0.557,0.593,1,0.000,0.000,0.000,0.000,0.000,0.000,-0.025,0.158
637.41,0.417,0,0.553,0.592,1,0.000,0.000,0.000,0.000,0.000,0.000,-0.025,0.158
637.61,0.423,0,0.553,0.592,1,0.000,0.000,0.000,0.000,0.000,0.000,-0.030,0.155
637.81,0.423,0,0.554,0.620,1,0.000,0.000,0.000,0.000,0.000,0.000,-0.026,0.151
638.01,0.423,0,0.554,0.620,1,0.000,0.000,0.000,0.000,0.000,0.000,-0.028,0.156
638.21,0.423,0,0.554,0.620,1,0.000,0.000,0.000,0.000,0.000,0.000,-0.028,0.156
638.41,0.431,0,0.659,0.719,1,0.000,0.000,0.000,0.000,0.000,0.000,-0.030,0.155
638.61,0.423,0,0.659,0.719,1,0.000,0.000,0.000,0.000,0.000,0.000,-0.028,0.155
638.81,0.423,0,0.700,0.738,1,0.000,0.000,0.000,0.000,0.000,0.000,-0.031,0.153
639.01,0.433,0,0.700,0.738,1,0.000,0.000,0.000,0.000,0.000,0.000,-0.031,0.153
639.21,0.417,0,0.700,0.738,1,0.000,0.000,0.000,0.000,0.000,0.000,-0.033,0.149
639.41,0.417,0,0.640,0.715,1,0.000,0.000,0.000,0.000,0.000,0.000,-0.029,0.154
639.61,0.417,0,0.640,0.715,1,0.000,0.000,0.000,0.000,0.000,0.000,-0.028,0.158
639.81,0.417,0,0.612,0.639,1,0.000,0.000,0.000,0.000,0.000,0.000,-0.024,0.153
640.01,0.421,0,0.612,0.639,1,0.000,0.000,0.000,0.000,0.000,0.000,-0.024,0.153
640.21,0.421,0,0.612,0.639,1,0.000,0.000,0.000,0.000,0.000,0.000,-0.033,0.157
640.41,0.426,0,0.573,0.630,1,0.000,0.000,0.000,0.000,0.000,0.000,-0.021,0.159
640.61,0.426,0,0.573,0.630,1,0.000,0.000,0.000,0.000,0.000,0.000,-0.022,0.154
640.81,0.421,0,0.621,0.661,1,0.000,0.000,0.000,0.000,0.000,0.000,-0.022,0.154
641.01,0.421,0,0.621,0.661,1,0.000,0.000,0.000,0.000,0.000,0.000,-0.032,0.154
641.21,0.423,0,0.621,0.661,1,0.000,0.000,0.000,0.000,0.000,0.000,-0.028,0.157
641.41,0.423,0,0.649,0.679,1,0.000,0.000,0.000,0.000,0.000,0.000,-0.022,0.155
641.61,0.419,0,0.649,0.679,1,0.000,0.000,0.000,0.000,0.000,0.000,-0.022,0.155
641.81,0.423,0,0.641,0.671,1,0.000,0.000,0.000,0.000,0.000,0.000,-0.029,0.155
642.01,0.428,0,0.641,0.671,1,0.000,0.000,0.000,0.000,0.000,0.000,-0.039,0.156
642.21,0.428,0,0.641,0.671,1,0.000,0.000,0.000,0.000,0.000,0.000,-0.018,0.155
642.41,0.423,0,0.606,0.662,1,0.000,0.000,0.000,0.000,0.000,0.000,-0.020,0.158
642.61,0.419,0,0.606,0.662,1,0.000,0.000,0.000,0.000,0.000,0.000,-0.020,0.158
642.81,0.417,0,0.585,0.659,1,0.000,0.000,0.000,0.000,0.000,0.000,-0.023,0.151
643.01,0.417,0,0.585,0.659,1,0.000,0.000,0.000,0.000,0.000,0.000,-0.027,0.159
643.21,0.417,0,0.585,0.659,1,0.000,0.000,0.000,0.000,0.000,0.000,-0.012,0.161
643.41,0.434,0,0.584,0.658,1,0.000,0.000,0.000,0.000,0.000,0.000,-0.012,0.161
643.61,0.432,0,0.584,0.658,1,0.000,0.000,0.000,0.000,0.000,0.000,-0.008,0.161
643.81,0.426,0,0.583,0.651,1,0.000,0.000,0.000,0.000,0.000,0.000,-0.030,0.154
644.01,0.426,0,0.583,0.651,1,0.000,0.000,0.000,0.000,0.000,0.000,-0.021,0.157
644.21,0.431,0,0.583,0.651,1,0.000,0.000,0.000,0.000,0.000,0.000,-0.021,0.157
644.41,0.419,0,0.592,0.652,1,0.000,0.000,0.000,0.000,0.000,0.000,-0.019,0.149
644.61,0.419,0,0.592,0.652,1,0.000,0.000,0.000,0.000,0.000,0.000,-0.022,0.153
644.81,0.419,0,0.586,0.635,1,0.000,0.000,0.000,0.000,0.000,0.000,-0.025,0.159
645.01,0.579,0,0.586,0.635,1,0.000,0.000,0.000,0.000,0.000,0.000,-0.020,0.153
645.21,0.421,0,0.586,0.635,1,0.000,0.000,0.000,0.000,0.000,0.000,-0.020,0.153
645.41,0.435,0,0.585,0.621,1,0.000,0.000,0.000,0.000,0.000,0.000,-0.011,0.163
645.61,0.423,0,0.585,0.621,1,0.000,0.000,0.000,0.000,0.000,0.000,-0.014,0.153
645.81,0.423,0,0.583,0.625,1,0.000,0.000,0.000,0.000,0.000,0.000,-0.006,0.164
646.01,0.419,0,0.583,0.625,1,0.000,0.000,0.000,0.000,0.000,0.000,-0.006,0.164
646.21,0.423,0,0.583,0.625,1,0.000,0.000,0.000,0.000,0.000,0.000,-0.012,0.158
646.41,0.417,0,0.583,0.623,1,0.000,0.000,0.000,0.000,0.000,0.000,-0.013,0.156
646.61,0.417,0,0.583,0.623,1,0.000,0.000,0.000,0.000,0.000,0.000,-0.009,0.159
646.81,0.573,0,0.580,0.621,1,0.000,0.000,0.000,0.000,0.000,0.000,-0.012,0.162
647.01,0.433,0,0.580,0.621,1,0.000,0.000,0.000,0.000,0.000,0.000,-0.012,0.162
647.21,0.421,0,0.580,0.621,1,0.000,0.000,0.000,0.000,0.000,0.000,-0.006,0.162
647.41,0.421,0,0.584,0.618,1,0.000,0.000,0.000,0.000,0.000,0.000,-0.011,0.152
647.61,0.421,0,0.584,0.618,1,0.000,0.000,0.000,0.000,0.000,0.000,-0.018,0.158
647.81,0.423,0,0.583,0.621,1,0.000,0.000,0.000,0.000,0.000,0.000,-0.018,0.158
648.01,0.436,0,0.583,0.621,1,0.000,0.000,0.000,0.000,0.000,0.000,-0.009,0.155
648.21,0.417,0,0.583,0.621,1,0.000,0.000,0.000,0.000,0.000,0.000,-0.013,0.159
648.41,0.417,0,0.589,0.621,1,0.000,0.000,0.000,0.000,0.000,0.000,-0.010,0.156
648.61,0.421,0,0.589,0.621,1,0.000,0.000,0.000,0.000,0.000,0.000,-0.010,0.156
648.81,0.424,0,0.592,0.624,1,0.000,0.000,0.000,0.000,0.000,0.000,-0.016,0.164
649.01,0.417,0,0.592,0.624,1,0.000,0.000,0.000,0.000,0.000,0.000,-0.011,0.158
649.21,0.417,0,0.592,0.624,1,0.000,0.000,0.000,0.000,0.000,0.000,-0.024,0.149
649.41,0.423,0,0.592,0.624,1,0.000,0.000,0.000,0.000,0.000,0.000,-0.024,0.149
649.61,0.419,0,0.578,0.618,1,0.000,0.000,0.000,0.000,0.000,0.000,-0.026,0.146
649.81,0.417,0,0.615,0.549,1,0.000,0.000,0.000,0.000,0.000,0.000,-0.031,0.152
650.01,0.417,0,0.615,0.549,1,0.000,0.000,0.000,0.000,0.000,0.000,-0.028,0.151
650.21,0.417,0,0.615,0.549,1,0.000,0.000,0.000,0.000,0.000,0.000,-0.026,0.145
650.41,0.421,0,0.594,0.644,1,0.000,0.000,0.000,0.000,0.000,0.000,-0.026,0.145
650.61,0.423,0,0.594,0.644,1,0.000,0.000,0.000,0.000,0.000,0.000,-0.027,0.155
650.81,0.421,0,0.600,0.651,1,0.000,0.000,0.000,0.000,0.000,0.000,-0.031,0.147
651.01,0.421,0,0.600,0.651,1,0.000,0.000,0.000,0.000,0.000,0.000,-0.028,0.151
651.21,0.423,0,0.600,0.651,1,0.000,0.000,0.000,0.000,0.000,0.000,-0.028,0.151
651.41,0.548,0,0.555,0.620,1,0.000,0.000,0.000,0.000,0.000,0.000,-0.033,0.161
651.61,0.435,0,0.555,0.620,1,0.000,0.000,0.000,0.000,0.000,0.000,-0.027,0.160
651.81,0.435,0,0.558,0.624,1,0.000,0.000,0.000,0.000,0.000,0.000,-0.034,0.153
652.01,0.423,0,0.558,0.624,1,0.000,0.000,0.000,0.000,0.000,0.000,-0.025,0.160
652.21,0.424,0,0.558,0.624,1,0.000,0.000,0.000,0.000,0.000,0.000,-0.025,0.160
652.41,0.421,0,0.556,0.620,1,0.000,0.000,0.000,0.000,0.000,0.000,-0.031,0.151
652.61,0.421,0,0.556,0.620,1,0.000,0.000,0.000,0.000,0.000,0.000,-0.030,0.158
652.81,0.421,0,0.554,0.615,1,0.000,0.000,0.000,0.000,0.000,0.000,-0.020,0.156
653.01,0.423,0,0.554,0.615,1,0.000,0.000,0.000,0.000,0.000,0.000,-0.020,0.156
653.21,0.421,0,0.554,0.615,1,0.000,0.000,0.000,0.000,0.000,0.000,-0.019,0.157
653.41,0.419,0,0.550,0.619,1,0.000,0.000,0.000,0.000,0.000,0.000,-0.035,0.159
653.61,0.419,0,0.550,0.619,1,0.000,0.000,0.000,0.000,0.000,0.000,-0.017,0.156
653.81,0.426,0,0.551,0.612,1,0.000,0.000,0.000,0.000,0.000,0.000,-0.017,0.156
654.01,0.426,0,0.551,0.612,1,0.000,0.000,0.000,0.000,0.000,0.000,-0.017,0.156
654.21,0.423,0,0.551,0.612,1,0.000,0.000,0.000,0.000,0.000,0.000,-0.033,0.161
654.41,0.423,0,0.553,0.614,1,0.000,0.000,0.000,0.000,0.000,0.000,-0.021,0.162
654.61,0.435,0,0.553,0.614,1,0.000,0.000,0.000,0.000,0.000,0.000,-0.017,0.152
654.81,0.421,0,0.551,0.617,1,0.000,0.000,0.000,0.000,0.000,0.000,-0.017,0.152
655.01,0.421,0,0.551,0.617,1,0.000,0.000,0.000,0.000,0.000,0.000,-0.022,0.156
655.21,0.423,0,0.551,0.617,1,0.000,0.000,0.000,0.000,0.000,0.000,-0.026,0.152
655.41,0.423,0,0.553,0.616,1,0.000,0.000,0.000,0.000,0.000,0.000,-0.027,0.154
655.61,0.421,0,0.553,0.616,1,0.000,0.000,0.000,0.000,0.000,0.000,-0.027,0.154
655.81,0.431,0,0.560,0.625,1,0.000,0.000,0.000,0.000,0.000,0.000,-0.020,0.161
656.01,0.434,0,0.560,0.625,1,0.000,0.000,0.000,0.000,0.000,0.000,-0.018,0.156
656.21,0.434,0,0.560,0.625,1,0.000,0.000,0.000,0.000,0.000,0.000,-0.030,0.152
656.41,0.423,0,0.556,0.620,1,0.000,0.000,0.000,0.000,0.000,0.000,-0.030,0.152
656.61,0.417,0,0.556,0.620,1,0.000,0.000,0.000,0.000,0.000,0.000,-0.024,0.157
656.81,0.421,0,0.566,0.623,1,0.000,0.000,0.000,0.000,0.000,0.000,-0.036,0.151
657.01,0.421,0,0.566,0.623,1,0.000,0.000,0.000,0.000,0.000,0.000,-0.026,0.154
657.21,0.417,0,0.566,0.623,1,0.000,0.000,0.000,0.000,0.000,0.000,-0.026,0.156
657.41,0.419,0,0.551,0.609,1,0.000,0.000,0.000,0.000,0.000,0.000,-0.026,0.156
657.61,0.421,0,0.551,0.609,1,0.000,0.000,0.000,0.000,0.000,0.000,-0.031,0.157
657.81,0.419,0,0.556,0.618,1,0.000,0.000,0.000,0.000,0.000,0.000,-0.018,0.156
658.01,0.419,0,0.556,0.618,1,0.000,0.000,0.000,0.000,0.000,0.000,-0.016,0.160
658.21,0.417,0,0.556,0.618,1,0.000,0.000,0.000,0.000,0.000,0.000,-0.016,0.160
658.41,0.421,0,0.559,0.612,1,0.000,0.000,0.000,0.000,0.000,0.000,-0.025,0.158
658.61,0.547,0,0.559,0.612,1,0.000,0.000,0.000,0.000,0.000,0.000,-0.024,0.157
658.81,0.547,0,0.546,0.608,1,0.000,0.000,0.000,0.000,0.000,0.000,-0.019,0.155
659.01,0.431,0,0.546,0.608,1,0.000,0.000,0.000,0.000,0.000,0.000,-0.019,0.155
659.21,0.419,0,0.546,0.608,1,0.000,0.000,0.000,0.000,0.000,0.000,-0.051,0.154
659.41,0.423,0,0.548,0.610,1,0.000,0.000,0.000,0.000,0.000,0.000,-0.021,0.166
659.61,0.423,0,0.548,0.610,1,0.000,0.000,0.000,0.000,0.000,0.000,-0.016,0.161
659.81,0.423,0,0.557,0.639,1,0.000,0.000,0.000,0.000,0.000,0.000,-0.027,0.155
660.01,0.421,0,0.557,0.639,1,0.000,0.000,0.000,0.000,0.000,0.000,-0.027,0.155
660.21,0.421,0,0.557,0.639,1,0.000,0.000,0.000,0.000,0.000,0.000,-0.033,0.163
660.41,0.423,0,0.566,0.634,1,0.000,0.000,0.000,0.000,0.000,0.000,-0.019,0.155
660.61,0.423,0,0.566,0.634,1,0.000,0.000,0.000,0.000,0.000,0.000,-0.007,0.159
660.81,0.421,0,0.572,0.638,1,0.000,0.000,0.000,0.000,0.000,0.000,-0.007,0.159
661.01,0.417,0,0.572,0.638,1,0.000,0.000,0.000,0.000,0.000,0.000,-0.024,0.157
661.21,0.423,0,0.572,0.638,1,0.000,0.000,0.000,0.000,0.000,0.000,-0.028,0.157
661.41,0.423,0,0.596,0.649,1,0.000,0.000,0.000,0.000,0.000,0.000,-0.025,0.163
661.61,0.426,0,0.596,0.649,1,0.000,0.000,0.000,0.000,0.000,0.000,-0.025,0.163
661.81,0.417,0,0.602,0.652,1,0.000,0.000,0.000,0.000,0.000,0.000,-0.015,0.161
662.01,0.424,0,0.602,0.652,1,0.000,0.000,0.000,0.000,0.000,0.000,-0.026,0.164
662.21,0.424,0,0.602,0.652,1,0.000,0.000,0.000,0.000,0.000,0.000,-0.020,0.162
662.41,0.419,0,0.585,0.642,1,0.000,0.000,0.000,0.000,0.000,0.000,-0.025,0.167
662.61,0.417,0,0.585,0.642,1,0.000,0.000,0.000,0.000,0.000,0.000,-0.025,0.167
662.81,0.421,0,0.563,0.624,1,0.000,0.000,0.000,0.000,0.000,0.000,-0.013,0.156
663.01,0.417,0,0.563,0.624,1,0.000,0.000,0.000,0.000,0.000,0.000,-0.030,0.163
663.21,0.417,0,0.563,0.624,1,0.000,0.000,0.000,0.000,0.000,0.000,-0.020,0.153
663.41,0.423,0,0.560,0.622,1,0.000,0.000,0.000,0.000,0.000,0.000,-0.020,0.153
663.61,0.417,0,0.560,0.622,1,0.000,0.000,0.000,0.000,0.000,0.000,-0.026,0.161
663.81,0.421,0,0.563,0.626,1,0.000,0.000,0.000,0.000,0.000,0.000,-0.030,0.162
664.01,0.421,0,0.563,0.626,1,0.000,0.000,0.000,0.000,0.000,0.000,-0.020,0.161
664.21,0.426,0,0.563,0.626,1,0.000,0.000,0.000,0.000,0.000,0.000,-0.020,0.161
664.41,0.424,0,0.563,0.625,1,0.000,0.000,0.000,0.000,0.000,0.000,-0.023,0.158
664.61,0.426,0,0.563,0.625,1,0.000,0.000,0.000,0.000,0.000,0.000,-0.025,0.156
664.81,0.426,0,0.560,0.619,1,0.000,0.000,0.000,0.000,0.000,0.000,-0.020,0.164
665.01,0.430,0,0.560,0.619,1,0.000,0.000,0.000,0.000,0.000,0.000,-0.023,0.170
665.21,0.423,0,0.560,0.619,1,0.000,0.000,0.000,0.000,0.000,0.000,-0.023,0.170
665.41,0.552,0,0.559,0.618,1,0.000,0.000,0.000,0.000,0.000,0.000,-0.028,0.160
665.61,0.423,0,0.559,0.618,1,0.000,0.000,0.000,0.000,0.000,0.000,-0.026,0.161
665.81,0.423,0,0.556,0.621,1,0.000,0.000,0.000,0.000,0.000,0.000,-0.037,0.163
666.01,0.421,0,0.556,0.621,1,0.000,0.000,0.000,0.000,0.000,0.000,-0.037,0.163
666.21,0.424,0,0.556,0.621,1,0.000,0.000,0.000,0.000,0.000,0.000,-0.026,0.158
666.41,0.431,0,0.563,0.623,1,0.000,0.000,0.000,0.000,0.000,0.000,-0.019,0.164
666.61,0.431,0,0.563,0.623,1,0.000,0.000,0.000,0.000,0.000,0.000,-0.021,0.168
666.81,0.553,0,0.560,0.623,1,0.000,0.000,0.000,0.000,0.000,0.000,-0.021,0.168
667.01,0.426,0,0.560,0.623,1,0.000,0.000,0.000,0.000,0.000,0.000,-0.026,0.164
667.21,0.421,0,0.560,0.623,1,0.000,0.000,0.000,0.000,0.000,0.000,-0.033,0.158
667.41,0.421,0,0.561,0.626,1,0.000,0.000,0.000,0.000,0.000,0.000,-0.027,0.159
667.61,0.434,0,0.561,0.626,1,0.000,0.000,0.000,0.000,0.000,0.000,-0.028,0.158
667.81,0.419,0,0.564,0.628,1,0.000,0.000,0.000,0.000,0.000,0.000,-0.028,0.158
668.01,0.557,0,0.564,0.628,1,0.000,0.000,0.000,0.000,0.000,0.000,-0.028,0.154
668.21,0.421,0,0.564,0.628,1,0.000,0.000,0.000,0.000,0.000,0.000,-0.028,0.160
668.41,0.421,0,0.565,0.625,1,0.000,0.000,0.000,0.000,0.000,0.000,-0.026,0.162
668.61,0.437,0,0.565,0.625,1,0.000,0.000,0.000,0.000,0.000,0.000,-0.026,0.162
668.81,0.423,0,0.561,0.622,1,0.000,0.000,0.000,0.000,0.000,0.000,-0.026,0.160
669.01,0.423,0,0.561,0.622,1,0.000,0.000,0.000,0.000,0.000,0.000,-0.022,0.154
669.21,0.423,0,0.561,0.622,1,0.000,0.000,0.000,0.000,0.000,0.000,-0.020,0.157
669.41,0.435,0,0.560,0.620,1,0.000,0.000,0.000,0.000,0.000,0.000,-0.020,0.157
669.61,0.421,0,0.560,0.620,1,0.000,0.000,0.000,0.000,0.000,0.000,-0.021,0.160
669.81,0.421,0,0.558,0.622,1,0.000,0.000,0.000,0.000,0.000,0.000,-0.026,0.156
670.01,0.421,0,0.558,0.622,1,0.000,0.000,0.000,0.000,0.000,0.000,-0.035,0.155
670.21,0.424,0,0.558,0.622,1,0.000,0.000,0.000,0.000,0.000,0.000,-0.028,0.156
670.41,0.423,0,0.558,0.620,1,0.000,0.000,0.000,0.000,0.000,0.000,-0.028,0.156
670.61,0.417,0,0.558,0.620,1,0.000,0.000,0.000,0.000,0.000,0.000,-0.027,0.159
670.81,0.419,0,0.564,0.629,1,0.000,0.000,0.000,0.000,0.000,0.000,-0.025,0.155
671.01,0.419,0,0.564,0.629,1,0.000,0.000,0.000,0.000,0.000,0.000,-0.027,0.157
671.21,0.417,0,0.564,0.629,1,0.000,0.000,0.000,0.000,0.000,0.000,-0.027,0.157
671.41,0.417,0,0.583,0.650,1,0.000,0.000,0.000,0.000,0.000,0.000,-0.029,0.153
671.61,0.423,0,0.583,0.650,1,0.000,0.000,0.000,0.000,0.000,0.000,-0.027,0.161
671.81,0.423,0,0.573,0.644,1,0.000,0.000,0.000,0.000,0.000,0.000,-0.022,0.158
672.01,0.432,0,0.573,0.644,1,0.000,0.000,0.000,0.000,0.000,0.000,-0.022,0.158
672.21,0.421,0,0.573,0.644,1,0.000,0.000,0.000,0.000,0.000,0.000,-0.023,0.158
672.41,0.421,0,0.576,0.643,1,0.000,0.000,0.000,0.000,0.000,0.000,-0.036,0.156
672.61,0.421,0,0.576,0.643,1,0.000,0.000,0.000,0.000,0.000,0.000,-0.028,0.160
672.81,0.417,0,0.575,0.639,1,0.000,0.000,0.000,0.000,0.000,0.000,-0.030,0.159
673.01,0.421,0,0.575,0.639,1,0.000,0.000,0.000,0.000,0.000,0.000,-0.030,0.159
673.21,0.423,0,0.575,0.639,1,0.000,0.000,0.000,0.000,0.000,0.000,-0.031,0.152
673.41,0.421,0,0.568,0.633,1,0.000,0.000,0.000,0.000,0.000,0.000,-0.033,0.157
673.61,0.421,0,0.568,0.633,1,0.000,0.000,0.000,0.000,0.000,0.000,-0.027,0.157
673.81,0.421,0,0.561,0.627,1,0.000,0.000,0.000,0.000,0.000,0.000,-0.027,0.157
674.01,0.428,0,0.561,0.627,1,0.000,0.000,0.000,0.000,0.000,0.000,-0.025,0.163
674.21,0.419,0,0.561,0.627,1,0.000,0.000,0.000,0.000,0.000,0.000,-0.025,0.155
674.41,0.419,0,0.562,0.626,1,0.000,0.000,0.000,0.000,0.000,0.000,-0.029,0.159
674.61,0.417,0,0.562,0.626,1,0.000,0.000,0.000,0.000,0.000,0.000,-0.029,0.159
674.81,0.423,0,0.561,0.626,1,0.000,0.000,0.000,0.000,0.000,0.000,-0.026,0.160
675.01,0.417,0,0.561,0.626,1,0.000,0.000,0.000,0.000,0.000,0.000,-0.025,0.159
675.21,0.417,0,0.561,0.626,1,0.000,0.000,0.000,0.000,0.000,0.000,-0.027,0.154
675.41,0.555,0,0.562,0.626,1,0.000,0.000,0.000,0.000,0.000,0.000,-0.028,0.160
675.61,0.423,0,0.562,0.626,1,0.000,0.000,0.000,0.000,0.000,0.000,-0.028,0.160
675.81,0.421,0,0.560,0.626,1,0.000,0.000,0.000,0.000,0.000,0.000,-0.027,0.158
676.01,0.432,0,0.560,0.626,1,0.000,0.000,0.000,0.000,0.000,0.000,-0.032,0.159
676.21,0.432,0,0.560,0.626,1,0.000,0.000,0.000,0.000,0.000,0.000,-0.026,0.160
676.41,0.430,0,0.562,0.626,1,0.000,0.000,0.000,0.000,0.000,0.000,-0.026,0.160
676.61,0.435,0,0.562,0.626,1,0.000,0.000,0.000,0.000,0.000,0.000,-0.027,0.166
676.81,0.419,0,0.556,0.618,1,0.000,0.000,0.000,0.000,0.000,0.000,-0.028,0.161
677.01,0.419,0,0.556,0.618,1,0.000,0.000,0.000,0.000,0.000,0.000,-0.020,0.154
677.21,0.421,0,0.556,0.618,1,0.000,0.000,0.000,0.000,0.000,0.000,-0.020,0.154
677.41,0.417,0,0.555,0.619,1,0.000,0.000,0.000,0.000,0.000,0.000,-0.029,0.166
677.61,0.419,0,0.555,0.619,1,0.000,0.000,0.000,0.000,0.000,0.000,-0.014,0.158
677.81,0.419,0,0.553,0.617,1,0.000,0.000,0.000,0.000,0.000,0.000,-0.022,0.162
678.01,0.424,0,0.553,0.617,1,0.000,0.000,0.000,0.000,0.000,0.000,-0.022,0.158
678.21,0.423,0,0.553,0.617,1,0.000,0.000,0.000,0.000,0.000,0.000,-0.022,0.158
678.41,0.435,0,0.556,0.617,1,0.000,0.000,0.000,0.000,0.000,0.000,-0.019,0.164
678.61,0.421,0,0.556,0.617,1,0.000,0.000,0.000,0.000,0.000,0.000,-0.017,0.152
678.81,0.421,0,0.555,0.617,1,0.000,0.000,0.000,0.000,0.000,0.000,-0.025,0.159
679.01,0.431,0,0.555,0.617,1,0.000,0.000,0.000,0.000,0.000,0.000,-0.025,0.159
679.21,0.423,0,0.555,0.617,1,0.000,0.000,0.000,0.000,0.000,0.000,-0.021,0.159
679.41,0.430,0,0.553,0.617,1,0.000,0.000,0.000,0.000,0.000,0.000,-0.006,0.160
679.61,0.430,0,0.553,0.617,1,0.000,0.000,0.000,0.000,0.000,0.000,-0.025,0.157
679.81,0.423,0,0.555,0.612,1,0.000,0.000,0.000,0.000,0.000,0.000,-0.020,0.148
680.01,0.435,0,0.555,0.612,1,0.000,0.000,0.000,0.000,0.000,0.000,-0.020,0.148
680.21,0.417,0,0.555,0.612,1,0.000,0.000,0.000,0.000,0.000,0.000,-0.031,0.161
680.41,0.421,0,0.550,0.610,1,0.000,0.000,0.000,0.000,0.000,0.000,-0.020,0.156
680.61,0.421,0,0.550,0.610,1,0.000,0.000,0.000,0.000,0.000,0.000,-0.027,0.155
680.81,0.423,0,0.550,0.611,1,0.000,0.000,0.000,0.000,0.000,0.000,-0.027,0.155
681.01,0.423,0,0.550,0.611,1,0.000,0.000,0.000,0.000,0.000,0.000,-0.020,0.155
681.21,0.423,0,0.550,0.611,1,0.000,0.000,0.000,0.000,0.000,0.000,-0.015,0.163
681.41,0.423,0,0.550,0.612,1,0.000,0.000,0.000,0.000,0.000,0.000,-0.012,0.162
681.61,0.417,0,0.550,0.612,1,0.000,0.000,0.000,0.000,0.000,0.000,-0.012,0.162
681.81,0.433,0,0.556,0.614,1,0.000,0.000,0.000,0.000,0.000,0.000,-0.018,0.158
682.01,0.421,0,0.556,0.614,1,0.000,0.000,0.000,0.000,0.000,0.000,-0.022,0.160
682.21,0.421,0,0.556,0.614,1,0.000,0.000,0.000,0.000,0.000,0.000,-0.028,0.159
682.41,0.423,0,0.552,0.614,1,0.000,0.000,0.000,0.000,0.000,0.000,-0.028,0.157
682.61,0.421,0,0.552,0.614,1,0.000,0.000,0.000,0.000,0.000,0.000,-0.028,0.157
682.81,0.550,0,0.557,0.614,1,0.000,0.000,0.000,0.000,0.000,0.000,-0.024,0.150
683.01,0.421,0,0.557,0.614,1,0.000,0.000,0.000,0.000,0.000,0.000,-0.015,0.155
683.21,0.421,0,0.557,0.614,1,0.000,0.000,0.000,0.000,0.000,0.000,-0.024,0.156
683.41,0.421,0,0.558,0.613,1,0.000,0.000,0.000,0.000,0.000,0.000,-0.024,0.156
683.61,0.421,0,0.558,0.613,1,0.000,0.000,0.000,0.000,0.000,0.000,-0.023,0.160
683.81,0.421,0,0.551,0.614,1,0.000,0.000,0.000,0.000,0.000,0.000,-0.018,0.155
684.01,0.421,0,0.551,0.614,1,0.000,0.000,0.000,0.000,0.000,0.000,-0.021,0.162
684.21,0.435,0,0.551,0.614,1,0.000,0.000,0.000,0.000,0.000,0.000,-0.021,0.162
684.41,0.421,0,0.558,0.615,1,0.000,0.000,0.000,0.000,0.000,0.000,-0.021,0.160
684.61,0.435,0,0.558,0.615,1,0.000,0.000,0.000,0.000,0.000,0.000,-0.020,0.160
684.81,0.435,0,0.560,0.616,1,0.000,0.000,0.000,0.000,0.000,0.000,-0.026,0.162
685.01,0.437,0,0.560,0.616,1,0.000,0.000,0.000,0.000,0.000,0.000,-0.021,0.157
685.21,0.424,0,0.560,0.616,1,0.000,0.000,0.000,0.000,0.000,0.000,-0.021,0.157
685.41,0.423,0,0.558,0.618,1,0.000,0.000,0.000,0.000,0.000,0.000,-0.021,0.159
685.61,0.421,0,0.558,0.618,1,0.000,0.000,0.000,0.000,0.000,0.000,-0.021,0.150
685.81,0.421,0,0.558,0.624,1,0.000,0.000,0.000,0.000,0.000,0.000,-0.023,0.163
686.01,0.417,0,0.558,0.624,1,0.000,0.000,0.000,0.000,0.000,0.000,-0.023,0.163
686.21,0.424,0,0.558,0.624,1,0.000,0.000,0.000,0.000,0.000,0.000,-0.021,0.154
686.41,0.423,0,0.561,0.624,1,0.000,0.000,0.000,0.000,0.000,0.000,-0.028,0.155
686.61,0.423,0,0.561,0.624,1,0.000,0.000,0.000,0.000,0.000,0.000,-0.022,0.154
686.81,0.421,0,0.562,0.626,1,0.000,0.000,0.000,0.000,0.000,0.000,-0.029,0.159
687.01,0.423,0,0.562,0.626,1,0.000,0.000,0.000,0.000,0.000,0.000,-0.029,0.159
687.21,0.435,0,0.562,0.626,1,0.000,0.000,0.000,0.000,0.000,0.000,-0.022,0.161
687.41,0.109,0,0.557,0.624,1,0.000,0.000,0.000,0.000,0.000,0.000,-0.016,0.160
687.61,0.109,0,0.557,0.624,1,0.000,0.000,0.000,0.000,0.000,0.000,-0.022,0.161
687.81,0.417,0,0.558,0.621,1,0.000,0.000,0.000,0.000,0.000,0.000,-0.022,0.161
688.01,0.419,0,0.558,0.621,1,0.000,0.000,0.000,0.000,0.000,0.000,-0.026,0.162
688.21,0.428,0,0.558,0.621,1,0.000,0.000,0.000,0.000,0.000,0.000,-0.019,0.157
688.41,0.428,0,0.556,0.621,1,0.000,0.000,0.000,0.000,0.000,0.000,-0.024,0.156
688.61,0.417,0,0.556,0.621,1,0.000,0.000,0.000,0.000,0.000,0.000,-0.024,0.156
688.81,0.424,0,0.558,0.621,1,0.000,0.000,0.000,0.000,0.000,0.000,-0.020,0.157
689.01,0.426,0,0.558,0.621,1,0.000,0.000,0.000,0.000,0.000,0.000,-0.027,0.159
689.21,0.426,0,0.558,0.621,1,0.000,0.000,0.000,0.000,0.000,0.000,-0.021,0.162
689.41,0.417,0,0.561,0.624,1,0.000,0.000,0.000,0.000,0.000,0.000,-0.023,0.158
689.61,0.417,0,0.561,0.624,1,0.000,0.000,0.000,0.000,0.000,0.000,-0.023,0.158
689.81,0.417,0,0.562,0.623,1,0.000,0.000,0.000,0.000,0.000,0.000,-0.024,0.165
690.01,0.421,0,0.562,0.623,1,0.000,0.000,0.000,0.000,0.000,0.000,-0.021,0.160
690.21,0.421,0,0.562,0.623,1,0.000,0.000,0.000,0.000,0.000,0.000,-0.024,0.157
690.41,0.421,0,0.558,0.616,1,0.000,0.000,0.000,0.000,0.000,0.000,-0.024,0.157
690.61,0.417,0,0.558,0.616,1,0.000,0.000,0.000,0.000,0.000,0.000,-0.021,0.161
690.81,0.417,0,0.548,0.607,1,0.000,0.000,0.000,0.000,0.000,0.000,-0.022,0.163
691.01,0.417,0,0.548,0.607,1,0.000,0.000,0.000,0.000,0.000,0.000,-0.019,0.161
691.21,0.417,0,0.548,0.607,1,0.000,0.000,0.000,0.000,0.000,0.000,-0.018,0.162
691.41,0.417,0,0.545,0.602,1,0.000,0.000,0.000,0.000,0.000,0.000,-0.018,0.162
691.61,0.419,0,0.545,0.602,1,0.000,0.000,0.000,0.000,0.000,0.000,-0.023,0.166
691.81,0.423,0,0.540,0.594,1,0.000,0.000,0.000,0.000,0.000,0.000,-0.022,0.159
692.01,0.423,0,0.540,0.594,1,0.000,0.000,0.000,0.000,0.000,0.000,-0.026,0.161
692.21,0.432,0,0.540,0.594,1,0.000,0.000,0.000,0.000,0.000,0.000,-0.026,0.161
692.41,0.423,0,0.538,0.589,1,0.000,0.000,0.000,0.000,0.000,0.000,-0.019,0.161
692.61,0.419,0,0.538,0.589,1,0.000,0.000,0.000,0.000,0.000,0.000,-0.022,0.167
692.81,0.419,0,0.535,0.588,1,0.000,0.000,0.000,0.000,0.000,0.000,-0.026,0.162
693.01,0.417,0,0.535,0.588,1,0.000,0.000,0.000,0.000,0.000,0.000,-0.026,0.162
693.21,0.526,0,0.535,0.588,1,0.000,0.000,0.000,0.000,0.000,0.000,-0.022,0.160
693.41,0.417,0,0.534,0.589,1,0.000,0.000,0.000,0.000,0.000,0.000,-0.032,0.164
693.61,0.417,0,0.534,0.589,1,0.000,0.000,0.000,0.000,0.000,0.000,-0.026,0.157
693.81,0.423,0,0.536,0.585,1,0.000,0.000,0.000,0.000,0.000,0.000,-0.015,0.164
694.01,0.417,0,0.536,0.585,1,0.000,0.000,0.000,0.000,0.000,0.000,-0.015,0.164
694.21,0.421,0,0.536,0.585,1,0.000,0.000,0.000,0.000,0.000,0.000,-0.032,0.160
694.41,0.421,0,0.534,0.585,1,0.000,0.000,0.000,0.000,0.000,0.000,-0.031,0.158
694.61,0.421,0,0.534,0.585,1,0.000,0.000,0.000,0.000,0.000,0.000,-0.019,0.171
694.81,0.435,0,0.530,0.585,1,0.000,0.000,0.000,0.000,0.000,0.000,-0.019,0.171
695.01,0.423,0,0.530,0.585,1,0.000,0.000,0.000,0.000,0.000,0.000,-0.014,0.160
695.21,0.421,0,0.530,0.585,1,0.000,0.000,0.000,0.000,0.000,0.000,-0.009,0.159
695.41,0.421,0,0.537,0.585,1,0.000,0.000,0.000,0.000,0.000,0.000,-0.007,0.166
695.61,0.421,0,0.537,0.585,1,0.000,0.000,0.000,0.000,0.000,0.000,-0.007,0.166
695.81,0.528,0,0.536,0.587,1,0.000,0.000,0.000,0.000,0.000,0.000,-0.008,0.157
696.01,0.421,0,0.536,0.587,1,0.000,0.000,0.000,0.000,0.000,0.000,-0.025,0.159
696.21,0.421,0,0.536,0.587,1,0.000,0.000,0.000,0.000,0.000,0.000,-0.032,0.159
696.41,0.417,0,0.544,0.588,1,0.000,0.000,0.000,0.000,0.000,0.000,-0.025,0.158
696.61,0.431,0,0.544,0.588,1,0.000,0.000,0.000,0.000,0.000,0.000,-0.025,0.158
696.81,0.423,0,0.536,0.587,1,0.000,0.000,0.000,0.000,0.000,0.000,-0.021,0.160
697.01,0.421,0,0.536,0.587,1,0.000,0.000,0.000,0.000,0.000,0.000,-0.031,0.159
697.21,0.421,0,0.536,0.587,1,0.000,0.000,0.000,0.000,0.000,0.000,-0.026,0.162
697.41,0.417,0,0.532,0.587,1,0.000,0.000,0.000,0.000,0.000,0.000,-0.026,0.162
697.61,0.421,0,0.532,0.587,1,0.000,0.000,0.000,0.000,0.000,0.000,-0.028,0.162
697.81,0.423,0,0.537,0.587,1,0.000,0.000,0.000,0.000,0.000,0.000,-0.032,0.157
698.01,0.423,0,0.537,0.587,1,0.000,0.000,0.000,0.000,0.000,0.000,-0.020,0.150
698.21,0.421,0,0.537,0.587,1,0.000,0.000,0.000,0.000,0.000,0.000,-0.029,0.159
698.41,0.421,0,0.533,0.586,1,0.000,0.000,0.000,0.000,0.000,0.000,-0.029,0.159
698.61,0.421,0,0.533,0.586,1,0.000,0.000,0.000,0.000,0.000,0.000,-0.031,0.160
698.81,0.428,0,0.532,0.586,1,0.000,0.000,0.000,0.000,0.000,0.000,-0.021,0.154
699.01,0.428,0,0.532,0.586,1,0.000,0.000,0.000,0.000,0.000,0.000,-0.016,0.159
699.21,0.423,0,0.532,0.586,1,0.000,0.000,0.000,0.000,0.000,0.000,-0.016,0.159
699.41,0.417,0,0.531,0.586,1,0.000,0.000,0.000,0.000,0.000,0.000,-0.022,0.161
699.61,0.421,0,0.531,0.586,1,0.000,0.000,0.000,0.000,0.000,0.000,-0.020,0.165
699.81,0.421,0,0.534,0.586,1,0.000,0.000,0.000,0.000,0.000,0.000,-0.019,0.159
700.01,0.417,0,0.534,0.586,1,0.000,0.000,0.000,0.000,0.000,0.000,-0.019,0.159
700.21,0.421,0,0.534,0.586,1,0.000,0.000,0.000,0.000,0.000,0.000,-0.017,0.169
700.41,0.435,0,0.534,0.588,1,0.000,0.000,0.000,0.000,0.000,0.000,-0.019,0.161
700.61,0.435,0,0.534,0.588,1,0.000,0.000,0.000,0.000,0.000,0.000,-0.022,0.161
700.81,0.433,0,0.536,0.588,1,0.000,0.000,0.000,0.000,0.000,0.000,-0.022,0.160
701.01,0.438,0,0.536,0.588,1,0.000,0.000,0.000,0.000,0.000,0.000,-0.022,0.160
701.21,0.421,0,0.536,0.588,1,0.000,0.000,0.000,0.000,0.000,0.000,-0.015,0.161
701.41,0.421,0,0.537,0.588,1,0.000,0.000,0.000,0.000,0.000,0.000,-0.019,0.156
701.61,0.421,0,0.537,0.588,1,0.000,0.000,0.000,0.000,0.000,0.000,-0.010,0.167
701.81,0.417,0,0.534,0.588,1,0.000,0.000,0.000,0.000,0.000,0.000,-0.010,0.167
702.01,0.417,0,0.534,0.588,1,0.000,0.000,0.000,0.000,0.000,0.000,-0.020,0.161
702.21,0.426,0,0.534,0.588,1,0.000,0.000,0.000,0.000,0.000,0.000,-0.012,0.159
702.41,0.426,0,0.535,0.590,1,0.000,0.000,0.000,0.000,0.000,0.000,-0.018,0.158
702.61,0.421,0,0.535,0.590,1,0.000,0.000,0.000,0.000,0.000,0.000,-0.018,0.158
702.81,0.417,0,0.545,0.604,1,0.000,0.000,0.000,0.000,0.000,0.000,-0.021,0.156
703.01,0.423,0,0.545,0.604,1,0.000,0.000,0.000,0.000,0.000,0.000,-0.026,0.160
703.21,0.423,0,0.545,0.604,1,0.000,0.000,0.000,0.000,0.000,0.000,-0.024,0.163
703.41,0.437,0,0.547,0.600,1,0.000,0.000,0.000,0.000,0.000,0.000,-0.020,0.160
703.61,0.423,0,0.547,0.600,1,0.000,0.000,0.000,0.000,0.000,0.000,-0.020,0.160
703.81,0.424,0,0.544,0.605,1,0.000,0.000,0.000,0.000,0.000,0.000,-0.022,0.155
704.01,0.419,0,0.544,0.605,1,0.000,0.000,0.000,0.000,0.000,0.000,-0.027,0.161
704.21,0.419,0,0.544,0.605,1,0.000,0.000,0.000,0.000,0.000,0.000,-0.020,0.165
704.41,0.428,0,0.554,0.608,1,0.000,0.000,0.000,0.000,0.000,0.000,-0.020,0.165
704.61,0.423,0,0.554,0.608,1,0.000,0.000,0.000,0.000,0.000,0.000,-0.019,0.163
704.81,0.417,0,0.546,0.605,1,0.000,0.000,0.000,0.000,0.000,0.000,-0.027,0.158
705.01,0.417,0,0.546,0.605,1,0.000,0.000,0.000,0.000,0.000,0.000,-0.027,0.162
705.21,0.424,0,0.546,0.605,1,0.000,0.000,0.000,0.000,0.000,0.000,-0.027,0.162
705.41,0.435,0,0.545,0.605,1,0.000,0.000,0.000,0.000,0.000,0.000,-0.031,0.166
705.61,0.424,0,0.545,0.605,1,0.000,0.000,0.000,0.000,0.000,0.000,-0.020,0.154
705.81,0.424,0,0.544,0.604,1,0.000,0.000,0.000,0.000,0.000,0.000,-0.023,0.165
706.01,0.424,0,0.544,0.604,1,0.000,0.000,0.000,0.000,0.000,0.000,-0.023,0.160
706.21,0.423,0,0.544,0.604,1,0.000,0.000,0.000,0.000,0.000,0.000,-0.023,0.160
706.41,0.421,0,0.544,0.602,1,0.000,0.000,0.000,0.000,0.000,0.000,-0.020,0.160
706.61,0.421,0,0.544,0.602,1,0.000,0.000,0.000,0.000,0.000,0.000,-0.014,0.156
706.81,0.421,0,0.542,0.600,1,0.000,0.000,0.000,0.000,0.000,0.000,-0.017,0.165
707.01,0.431,0,0.542,0.600,1,0.000,0.000,0.000,0.000,0.000,0.000,-0.017,0.165
707.21,0.417,0,0.542,0.600,1,0.000,0.000,0.000,0.000,0.000,0.000,-0.016,0.168
707.41,0.421,0,0.540,0.593,1,0.000,0.000,0.000,0.000,0.000,0.000,-0.027,0.161
707.61,0.421,0,0.540,0.593,1,0.000,0.000,0.000,0.000,0.000,0.000,-0.032,0.162
707.81,0.538,0,0.545,0.627,1,0.000,0.000,0.000,0.000,0.000,0.000,-0.026,0.159
708.01,0.417,0,0.545,0.627,1,0.000,0.000,0.000,0.000,0.000,0.000,-0.026,0.159
708.21,0.437,0,0.545,0.627,1,0.000,0.000,0.000,0.000,0.000,0.000,-0.026,0.160
708.41,0.423,0,0.576,0.653,1,0.000,0.000,0.000,0.000,0.000,0.000,-0.020,0.151
708.61,0.423,0,0.576,0.653,1,0.000,0.000,0.000,0.000,0.000,0.000,-0.027,0.162
708.81,0.417,0,0.588,0.659,1,0.000,0.000,0.000,0.000,0.000,0.000,-0.027,0.162
709.01,0.428,0,0.588,0.659,1,0.000,0.000,0.000,0.000,0.000,0.000,-0.024,0.158
709.21,0.421,0,0.588,0.659,1,0.000,0.000,0.000,0.000,0.000,0.000,-0.021,0.157
709.41,0.421,0,0.595,0.662,1,0.000,0.000,0.000,0.000,0.000,0.000,-0.024,0.151
709.61,0.421,0,0.595,0.662,1,0.000,0.000,0.000,0.000,0.000,0.000,-0.024,0.151
709.81,0.423,0,0.611,0.678,1,0.000,0.000,0.000,0.000,0.000,0.000,-0.032,0.156
710.01,0.431,0,0.611,0.678,1,0.000,0.000,0.000,0.000,0.000,0.000,-0.029,0.159
710.21,0.431,0,0.611,0.678,1,0.000,0.000,0.000,0.000,0.000,0.000,-0.027,0.155
710.41,0.421,0,0.637,0.680,1,0.000,0.000,0.000,0.000,0.000,0.000,-0.027,0.150
710.61,0.421,0,0.637,0.680,1,0.000,0.000,0.000,0.000,0.000,0.000,-0.027,0.150
710.81,0.421,0,0.634,0.685,1,0.000,0.000,0.000,0.000,0.000,0.000,-0.022,0.155
711.01,0.417,0,0.634,0.685,1,0.000,0.000,0.000,0.000,0.000,0.000,-0.024,0.155
711.21,0.417,0,0.634,0.685,1,0.000,0.000,0.000,0.000,0.000,0.000,-0.022,0.156
711.41,0.417,0,0.621,0.592,1,0.000,0.000,0.000,0.000,0.000,0.000,-0.022,0.156
711.61,0.417,0,0.621,0.592,1,0.000,0.000,0.000,0.000,0.000,0.000,-0.027,0.156
711.81,0.424,0,0.601,0.650,1,0.000,0.000,0.000,0.000,0.000,0.000,-0.029,0.151
712.01,0.424,0,0.601,0.650,1,0.000,0.000,0.000,0.000,0.000,0.000,-0.022,0.153
712.21,0.423,0,0.601,0.650,1,0.000,0.000,0.000,0.000,0.000,0.000,-0.022,0.153
712.41,0.417,0,0.600,0.665,1,0.000,0.000,0.000,0.000,0.000,0.000,-0.037,0.149
712.61,0.430,0,0.600,0.665,1,0.000,0.000,0.000,0.000,0.000,0.000,-0.036,0.153
712.81,0.430,0,0.593,0.654,1,0.000,0.000,0.000,0.000,0.000,0.000,-0.024,0.158
713.01,0.419,0,0.593,0.654,1,0.000,0.000,0.000,0.000,0.000,0.000,-0.028,0.156
713.21,0.435,0,0.593,0.654,1,0.000,0.000,0.000,0.000,0.000,0.000,-0.028,0.156
713.41,0.417,0,0.586,0.650,1,0.000,0.000,0.000,0.000,0.000,0.000,-0.024,0.157
713.61,0.421,0,0.586,0.650,1,0.000,0.000,0.000,0.000,0.000,0.000,-0.022,0.155
713.81,0.421,0,0.581,0.652,1,0.000,0.000,0.000,0.000,0.000,0.000,-0.029,0.159
714.01,0.423,0,0.581,0.652,1,0.000,0.000,0.000,0.000,0.000,0.000,-0.029,0.159
714.21,0.417,0,0.581,0.652,1,0.000,0.000,0.000,0.000,0.000,0.000,-0.024,0.154
714.41,0.423,0,0.577,0.651,1,0.000,0.000,0.000,0.000,0.000,0.000,-0.024,0.154
714.61,0.423,0,0.577,0.651,1,0.000,0.000,0.000,0.000,0.000,0.000,-0.022,0.158
714.81,0.421,0,0.583,0.652,1,0.000,0.000,0.000,0.000,0.000,0.000,-0.022,0.159
715.01,0.421,0,0.583,0.652,1,0.000,0.000,0.000,0.000,0.000,0.000,-0.022,0.159
715.21,0.430,0,0.583,0.652,1,0.000,0.000,0.000,0.000,0.000,0.000,-0.024,0.149
715.41,0.417,0,0.582,0.647,1,0.000,0.000,0.000,0.000,0.000,0.000,-0.027,0.156
715.61,0.417,0,0.582,0.647,1,0.000,0.000,0.000,0.000,0.000,0.000,-0.025,0.157
715.81,0.569,0,0.576,0.647,1,0.000,0.000,0.000,0.000,0.000,0.000,-0.025,0.157
716.01,0.421,0,0.576,0.647,1,0.000,0.000,0.000,0.000,0.000,0.000,-0.024,0.153
716.21,0.562,0,0.576,0.647,1,0.000,0.000,0.000,0.000,0.000,0.000,-0.026,0.155
716.41,0.562,0,0.569,0.644,1,0.000,0.000,0.000,0.000,0.000,0.000,-0.021,0.149
716.61,0.423,0,0.569,0.644,1,0.000,0.000,0.000,0.000,0.000,0.000,-0.021,0.149
716.81,0.421,0,0.565,0.633,1,0.000,0.000,0.000,0.000,0.000,0.000,-0.026,0.154
717.01,0.419,0,0.565,0.633,1,0.000,0.000,0.000,0.000,0.000,0.000,-0.024,0.153
717.21,0.419,0,0.565,0.633,1,0.000,0.000,0.000,0.000,0.000,0.000,-0.025,0.158
717.41,0.423,0,0.568,0.622,1,0.000,0.000,0.000,0.000,0.000,0.000,-0.022,0.157
717.61,0.554,0,0.568,0.622,1,0.000,0.000,0.000,0.000,0.000,0.000,-0.022,0.157
717.81,0.419,0,0.542,0.567,1,0.000,0.000,0.000,0.000,0.000,0.000,-0.018,0.159
718.01,0.419,0,0.542,0.567,1,0.000,0.000,0.000,0.000,0.000,0.000,-0.033,0.154
718.21,0.419,0,0.542,0.567,1,0.000,0.000,0.000,0.000,0.000,0.000,-0.019,0.160
718.41,0.421,0,0.529,0.551,1,0.000,0.000,0.000,0.000,0.000,0.000,-0.019,0.160
718.61,0.431,0,0.529,0.551,1,0.000,0.000,0.000,0.000,0.000,0.000,-0.025,0.156
718.81,0.421,0,0.532,0.398,1,0.000,0.000,0.000,0.000,0.000,0.000,-0.024,0.155
719.01,0.421,0,0.532,0.398,1,0.000,0.000,0.000,0.000,0.000,0.000,-0.027,0.157
719.21,0.419,0,0.532,0.398,1,0.000,0.000,0.000,0.000,0.000,0.000,-0.027,0.157
719.41,0.423,0,0.534,0.592,1,0.000,0.000,0.000,0.000,0.000,0.000,-0.025,0.153
719.61,0.421,0,0.534,0.592,1,0.000,0.000,0.000,0.000,0.000,0.000,-0.023,0.157
719.81,0.421,0,0.456,0.527,1,0.000,0.000,0.000,0.000,0.000,0.000,-0.026,0.152
720.01,0.435,0,0.456,0.527,1,0.000,0.000,0.000,0.000,0.000,0.000,-0.022,0.155
720.21,0.423,0,0.456,0.527,1,0.000,0.000,0.000,0.000,0.000,0.000,-0.022,0.155
720.41,0.400,0,0.410,0.458,1,0.000,0.000,0.000,0.000,0.000,0.000,-0.020,0.153
720.61,0.392,0,0.410,0.458,1,0.000,0.000,0.000,0.000,0.000,0.000,-0.031,0.160
720.81,0.392,0,0.402,0.433,1,0.000,0.000,0.000,0.000,0.000,0.000,-0.027,0.153
721.01,0.397,0,0.402,0.433,1,0.000,0.000,0.000,0.000,0.000,0.000,-0.027,0.153
721.21,0.384,0,0.402,0.433,1,0.000,0.000,0.000,0.000,0.000,0.000,-0.025,0.156
721.41,0.382,0,0.394,0.408,1,0.000,0.000,0.000,0.000,0.000,0.000,-0.030,0.159
721.61,0.382,0,0.394,0.408,1,0.000,0.000,0.000,0.000,0.000,0.000,-0.013,0.147
721.81,0.373,0,0.383,0.409,1,0.000,0.000,0.000,0.000,0.000,0.000,-0.003,0.165
722.01,0.371,0,0.383,0.409,1,0.000,0.000,0.000,0.000,0.000,0.000,-0.003,0.165
722.21,0.370,0,0.383,0.409,1,0.000,0.000,0.000,0.000,0.000,0.000,-0.011,0.142
722.41,0.372,0,0.380,0.411,1,0.000,0.000,0.000,0.000,0.000,0.000,-0.032,0.152
722.61,0.372,0,0.380,0.411,1,0.000,0.000,0.000,0.000,0.000,0.000,-0.016,0.148
722.81,0.105,0,0.385,0.420,1,0.000,0.000,0.000,0.000,0.000,0.000,-0.016,0.148
723.01,0.105,0,0.385,0.420,1,0.000,0.000,0.000,0.000,0.000,0.000,-0.020,0.157
723.21,0.105,0,0.385,0.420,1,0.000,0.000,0.000,0.000,0.000,0.000,-0.016,0.145
723.41,0.105,0,0.416,0.509,1,0.000,0.000,0.000,0.000,0.000,0.000,-0.025,0.153
