t,min_range,blocked,lidar_range,camera_range,agree,cmd_in_vx,cmd_in_vy,cmd_in_wz,cmd_out_vx,cmd_out_vy,cmd_out_wz,odom_x,odom_y
0.21,nan,0,nan,nan,0,0.000,0.000,0.000,0.000,0.000,0.000,0.000,0.000
0.41,nan,0,nan,nan,0,0.000,0.000,0.000,0.000,0.000,0.000,0.000,0.000
0.61,nan,0,nan,nan,0,0.000,0.000,0.000,0.000,0.000,0.000,0.000,0.000
0.81,nan,0,nan,nan,0,0.000,0.000,0.000,0.000,0.000,0.000,0.000,0.000
1.01,nan,0,nan,nan,0,0.000,0.000,0.000,0.000,0.000,0.000,0.000,0.000
1.21,nan,0,nan,nan,0,0.000,0.000,0.000,0.000,0.000,0.000,0.000,0.000
1.41,nan,0,nan,nan,0,0.000,0.000,0.000,0.000,0.000,0.000,0.000,0.000
1.61,nan,0,nan,nan,0,0.000,0.000,0.000,0.000,0.000,0.000,0.000,0.000
1.81,nan,0,nan,nan,0,0.000,0.000,0.000,0.000,0.000,0.000,0.000,0.000
2.01,nan,0,nan,nan,0,0.000,0.000,0.000,0.000,0.000,0.000,0.000,0.000
2.21,nan,0,nan,nan,0,0.000,0.000,0.000,0.000,0.000,0.000,0.000,0.000
2.41,nan,0,nan,nan,0,0.000,0.000,0.000,0.000,0.000,0.000,0.000,0.000
2.61,0.106,0,nan,nan,0,0.000,0.000,0.000,0.000,0.000,0.000,0.000,0.000
2.81,0.105,0,0.411,0.502,1,0.000,0.000,0.000,0.000,0.000,0.000,0.001,-0.007
3.01,0.408,0,0.411,0.502,1,0.000,0.000,0.000,0.000,0.000,0.000,0.002,-0.003
3.21,0.408,0,0.411,0.502,1,0.000,0.000,0.000,0.000,0.000,0.000,0.002,-0.003
3.41,0.107,0,0.422,0.478,1,0.000,0.000,0.000,0.000,0.000,0.000,-0.002,-0.002
3.61,0.106,0,0.422,0.478,1,0.000,0.000,0.000,0.000,0.000,0.000,-0.001,-0.003
3.81,0.391,0,0.413,0.453,1,0.000,0.000,0.000,0.000,0.000,0.000,-0.009,-0.043
4.01,0.391,0,0.413,0.453,1,0.000,0.000,0.000,0.000,0.000,0.000,-0.009,-0.043
4.21,0.105,0,0.413,0.453,1,0.000,0.000,0.000,0.000,0.000,0.000,-0.009,-0.043
4.41,0.384,0,0.392,0.447,1,0.000,0.000,0.000,0.000,0.000,0.000,-0.009,-0.043
4.61,0.386,0,0.392,0.447,1,0.000,0.000,0.000,0.000,0.000,0.000,-0.009,-0.043
4.81,0.386,0,0.396,0.448,1,0.000,0.000,0.000,0.000,0.000,0.000,-0.009,-0.043
5.01,0.386,0,0.396,0.448,1,0.000,0.000,0.000,0.000,0.000,0.000,-0.009,-0.043
5.21,0.383,0,0.396,0.448,1,0.000,0.000,0.000,0.000,0.000,0.000,-0.009,-0.043
5.41,0.106,0,0.393,0.435,1,0.000,0.000,0.000,0.000,0.000,0.000,-0.009,-0.043
5.61,0.105,0,0.393,0.435,1,0.000,0.000,0.000,0.000,0.000,0.000,-0.006,-0.036
5.81,0.105,0,0.395,0.444,1,0.000,0.000,0.000,0.000,0.000,0.000,-0.006,-0.036
6.01,0.384,0,0.395,0.444,1,0.000,0.000,0.000,0.000,0.000,0.000,-0.008,-0.031
6.21,0.105,0,0.395,0.444,1,0.000,0.000,0.000,0.000,0.000,0.000,0.009,-0.031
6.41,0.106,0,0.386,0.454,1,0.000,0.000,0.000,0.000,0.000,0.000,0.004,-0.032
6.61,0.106,0,0.386,0.454,1,0.000,0.000,0.000,0.000,0.000,0.000,0.004,-0.032
6.81,0.396,0,0.406,0.462,1,0.000,0.000,0.000,0.000,0.000,0.000,-0.005,-0.019
7.01,0.399,0,0.406,0.462,1,0.000,0.000,0.000,0.000,0.000,0.000,0.013,-0.022
7.21,0.389,0,0.406,0.462,1,0.000,0.000,0.000,0.000,0.000,0.000,0.016,-0.013
7.41,0.389,0,0.399,0.465,1,0.000,0.000,0.000,0.000,0.000,0.000,0.017,-0.020
7.61,0.390,0,0.399,0.465,1,0.000,0.000,0.000,0.000,0.000,0.000,0.017,-0.020
7.81,0.105,0,0.403,0.462,1,0.000,0.000,0.000,0.000,0.000,0.000,-0.022,-0.035
8.01,0.106,0,0.403,0.462,1,0.000,0.000,0.000,0.000,0.000,0.000,-0.018,-0.031
8.21,0.105,0,0.403,0.462,1,0.000,0.000,0.000,0.000,0.000,0.000,-0.023,-0.029
8.41,0.105,0,0.405,0.457,1,0.000,0.000,0.000,0.000,0.000,0.000,-0.023,-0.029
8.61,0.394,0,0.405,0.457,1,0.000,0.000,0.000,0.000,0.000,0.000,0.039,0.011
8.81,0.395,0,0.405,0.452,1,0.000,0.000,0.000,0.000,0.000,0.000,0.053,0.049
9.01,0.105,0,0.405,0.452,1,0.000,0.000,0.000,0.000,0.000,0.000,0.020,0.042
9.21,0.105,0,0.405,0.452,1,0.000,0.000,0.000,0.000,0.000,0.000,0.020,0.042
9.41,0.105,0,0.407,0.452,1,0.000,0.000,0.000,0.000,0.000,0.000,0.020,0.036
9.61,0.105,0,0.407,0.452,1,0.000,0.000,0.000,0.000,0.000,0.000,-0.011,0.002
9.81,0.105,0,0.405,0.451,1,0.000,0.000,0.000,0.000,0.000,0.000,-0.007,0.010
10.01,0.105,0,0.405,0.451,1,0.000,0.000,0.000,0.000,0.000,0.000,-0.012,0.005
10.21,0.105,0,0.405,0.451,1,0.000,0.000,0.000,0.000,0.000,0.000,-0.012,0.005
10.41,0.105,0,0.415,0.456,1,0.000,0.000,0.000,0.000,0.000,0.000,0.007,0.011
10.61,0.105,0,0.415,0.456,1,0.000,0.000,0.000,0.000,0.000,0.000,0.018,0.052
10.81,0.354,0,0.381,0.448,1,0.000,0.000,0.000,0.000,0.000,0.000,0.012,0.034
11.01,0.354,0,0.381,0.448,1,0.000,0.000,0.000,0.000,0.000,0.000,0.012,0.034
11.21,0.106,0,0.381,0.448,1,0.000,0.000,0.000,0.000,0.000,0.000,0.009,0.035
11.41,0.380,0,0.385,0.454,1,0.000,0.000,0.000,0.000,0.000,0.000,0.006,0.051
11.61,0.359,0,0.385,0.454,1,0.000,0.000,0.000,0.000,0.000,0.000,0.003,0.055
11.81,0.359,0,0.392,2.431,0,0.000,0.000,0.000,0.000,0.000,0.000,0.003,0.055
12.01,0.377,0,0.392,2.431,0,0.000,0.000,0.000,0.000,0.000,0.000,0.006,0.055
12.21,0.367,0,0.392,2.431,0,0.000,0.000,0.000,0.000,0.000,0.000,0.014,0.043
12.41,0.380,0,0.417,2.451,0,0.000,0.000,0.000,0.000,0.000,0.000,0.006,0.027
12.61,0.380,0,0.417,2.451,0,0.000,0.000,0.000,0.000,0.000,0.000,0.014,0.019
12.81,0.373,0,0.433,2.433,0,0.000,0.000,0.000,0.000,0.000,0.000,0.014,0.019
13.01,0.377,0,0.433,2.433,0,0.000,0.000,0.000,0.000,0.000,0.000,-0.003,0.064
13.21,0.375,0,0.433,2.433,0,0.000,0.000,0.000,0.000,0.000,0.000,-0.008,0.032
13.41,0.364,0,2.344,2.424,1,0.000,0.000,0.000,0.000,0.000,0.000,-0.007,0.015
13.61,0.364,0,2.344,2.424,1,0.000,0.000,0.000,0.000,0.000,0.000,-0.007,0.015
13.81,0.373,0,2.335,2.417,1,0.000,0.000,0.000,0.000,0.000,0.000,-0.006,0.020
14.01,0.380,0,2.335,2.417,1,0.000,0.000,0.000,0.000,0.000,0.000,0.005,0.021
14.21,0.384,0,2.335,2.417,1,0.000,0.000,0.000,0.000,0.000,0.000,0.004,0.008
14.41,0.384,0,2.334,2.426,1,0.000,0.000,0.000,0.000,0.000,0.000,0.004,0.008
14.61,0.370,0,2.334,2.426,1,0.000,0.000,0.000,0.000,0.000,0.000,0.010,0.021
14.81,0.405,0,2.322,2.415,1,0.000,0.000,0.000,0.000,0.000,0.000,0.015,0.020
15.01,0.395,0,2.322,2.415,1,0.000,0.000,0.000,0.000,0.000,0.000,0.010,0.027
15.21,0.395,0,2.322,2.415,1,0.000,0.000,0.000,0.000,0.000,0.000,0.008,0.020
15.41,0.413,0,2.320,2.424,1,0.000,0.000,0.000,0.000,0.000,0.000,0.008,0.020
15.61,0.400,0,2.320,2.424,1,0.000,0.000,0.000,0.000,0.000,0.000,0.006,0.018
15.81,0.352,0,2.322,2.424,1,0.000,0.000,0.000,0.000,0.000,0.000,0.009,0.027
16.01,0.405,0,2.322,2.424,1,0.000,0.000,0.000,0.000,0.000,0.000,-0.021,0.113
16.21,0.405,0,2.322,2.424,1,0.000,0.000,0.000,0.000,0.000,0.000,-0.021,0.113
16.41,0.432,0,2.341,2.431,1,0.000,0.000,0.000,0.000,0.000,0.000,-0.021,0.113
16.61,0.105,0,2.341,2.431,1,0.000,0.000,0.000,0.000,0.000,0.000,-0.021,0.113
16.81,0.105,0,2.355,0.420,0,0.000,0.000,0.000,0.000,0.000,0.000,-0.021,0.113
17.01,0.105,0,2.355,0.420,0,0.000,0.000,0.000,0.000,0.000,0.000,-0.021,0.113
17.21,0.472,0,2.355,0.420,0,0.000,0.000,0.000,0.000,0.000,0.000,-0.021,0.113
17.41,0.480,0,1.607,0.725,0,0.000,0.000,0.000,0.000,0.000,0.000,-0.021,0.113
17.61,0.476,0,1.607,0.725,0,0.000,0.000,0.000,0.000,0.000,0.000,-0.021,0.113
17.81,0.486,0,2.536,3.840,0,0.000,0.000,0.000,0.000,0.000,0.000,-0.045,0.114
18.01,0.486,0,2.536,3.840,0,0.000,0.000,0.000,0.000,0.000,0.000,-0.045,0.114
18.21,0.487,0,2.536,3.840,0,0.000,0.000,0.000,0.000,0.000,0.000,-0.046,0.091
18.41,0.495,0,2.804,3.814,0,0.000,0.000,0.000,0.000,0.000,0.000,-0.043,0.083
18.61,0.484,0,2.804,3.814,0,0.000,0.000,0.000,0.000,0.000,0.000,-0.015,0.026
18.81,0.484,0,1.568,0.434,0,0.000,0.000,0.000,0.000,0.000,0.000,-0.015,0.026
19.01,0.459,0,1.568,0.434,0,0.000,0.000,0.000,0.000,0.000,0.000,-0.015,0.026
19.21,0.436,0,1.568,0.434,0,0.000,0.000,0.000,0.000,0.000,0.000,-0.015,0.026
19.41,0.440,0,2.342,2.429,1,0.000,0.000,0.000,0.000,0.000,0.000,-0.015,0.026
19.61,0.440,0,2.342,2.429,1,0.000,0.000,0.000,0.000,0.000,0.000,-0.015,0.026
19.81,0.435,0,2.341,2.426,1,0.000,0.000,0.000,0.000,0.000,0.000,-0.015,0.026
20.01,0.440,0,2.341,2.426,1,0.000,0.000,0.000,0.000,0.000,0.000,-0.015,0.026
20.21,0.441,0,2.341,2.426,1,0.000,0.000,0.000,0.000,0.000,0.000,-0.015,0.026
20.41,0.432,0,2.354,2.432,1,0.000,0.000,0.000,0.000,0.000,0.000,0.043,-0.021
20.61,0.432,0,2.354,2.432,1,0.000,0.000,0.000,0.000,0.000,0.000,0.043,-0.021
20.81,0.435,0,2.325,0.461,0,0.000,0.000,0.000,0.000,0.000,0.000,0.053,-0.026
21.01,0.414,0,2.325,0.461,0,0.000,0.000,0.000,0.000,0.000,0.000,0.052,-0.030
21.21,0.403,0,2.325,0.461,0,0.000,0.000,0.000,0.000,0.000,0.000,0.065,-0.008
21.41,0.403,0,0.424,0.460,1,0.000,0.000,0.000,0.000,0.000,0.000,0.065,-0.008
21.61,0.401,0,0.424,0.460,1,0.000,0.000,0.000,0.000,0.000,0.000,0.078,0.011
21.81,0.410,0,0.421,0.466,1,0.000,0.000,0.000,0.000,0.000,0.000,0.062,0.037
22.01,0.421,0,0.421,0.466,1,0.000,0.000,0.000,0.000,0.000,0.000,0.047,0.039
22.21,0.421,0,0.421,0.466,1,0.000,0.000,0.000,0.000,0.000,0.000,0.062,0.041
22.41,0.426,0,0.435,0.471,1,0.000,0.000,0.000,0.000,0.000,0.000,0.062,0.041
22.61,0.414,0,0.435,0.471,1,0.000,0.000,0.000,0.000,0.000,0.000,0.064,0.040
22.81,0.413,0,0.423,0.427,1,0.000,0.000,0.000,0.000,0.000,0.000,0.060,0.036
23.01,0.403,0,0.423,0.427,1,0.000,0.000,0.000,0.000,0.000,0.000,0.050,0.039
23.21,0.403,0,0.423,0.427,1,0.000,0.000,0.000,0.000,0.000,0.000,0.050,0.039
23.41,0.393,0,0.403,0.426,1,0.000,0.000,0.000,0.000,0.000,0.000,0.054,0.036
23.61,0.382,0,0.403,0.426,1,0.000,0.000,0.000,0.000,0.000,0.000,0.058,-0.054
23.81,0.105,0,0.392,0.422,1,0.000,0.000,0.000,0.000,0.000,0.000,0.085,-0.077
24.01,0.105,0,0.392,0.422,1,0.000,0.000,0.000,0.000,0.000,0.000,0.085,-0.077
24.21,0.105,0,0.392,0.422,1,0.000,0.000,0.000,0.000,0.000,0.000,0.092,-0.027
24.41,0.395,0,0.389,0.448,1,0.000,0.000,0.000,0.000,0.000,0.000,0.098,0.005
24.61,0.419,0,0.389,0.448,1,0.000,0.000,0.000,0.000,0.000,0.000,0.090,-0.000
24.81,0.419,0,0.429,0.519,1,0.000,0.000,0.000,0.000,0.000,0.000,0.085,-0.001
25.01,0.439,0,0.429,0.519,1,0.000,0.000,0.000,0.000,0.000,0.000,0.085,-0.001
25.21,0.456,0,0.429,0.519,1,0.000,0.000,0.000,0.000,0.000,0.000,0.098,0.004
25.41,0.460,0,0.465,0.535,1,0.000,0.000,0.000,0.000,0.000,0.000,0.103,0.001
25.61,0.457,0,0.465,0.535,1,0.000,0.000,0.000,0.000,0.000,0.000,0.081,0.000
25.81,0.457,0,0.466,0.518,1,0.000,0.000,0.000,0.000,0.000,0.000,0.081,0.000
26.01,0.450,0,0.466,0.518,1,0.000,0.000,0.000,0.000,0.000,0.000,0.095,0.004
26.21,0.412,0,0.466,0.518,1,0.000,0.000,0.000,0.000,0.000,0.000,0.108,0.007
26.41,0.436,0,0.422,0.501,1,0.000,0.000,0.000,0.000,0.000,0.000,0.109,0.002
26.61,0.436,0,0.422,0.501,1,0.000,0.000,0.000,0.000,0.000,0.000,0.109,0.002
26.81,0.438,0,0.447,0.511,1,0.000,0.000,0.000,0.000,0.000,0.000,0.106,0.007
27.01,0.442,0,0.447,0.511,1,0.000,0.000,0.000,0.000,0.000,0.000,0.103,0.004
27.21,0.439,0,0.447,0.511,1,0.000,0.000,0.000,0.000,0.000,0.000,0.104,0.006
27.41,0.439,0,0.448,0.512,1,0.000,0.000,0.000,0.000,0.000,0.000,0.096,-0.001
27.61,0.432,0,0.448,0.512,1,0.000,0.000,0.000,0.000,0.000,0.000,0.096,-0.001
27.81,0.431,0,0.440,0.507,1,0.000,0.000,0.000,0.000,0.000,0.000,0.096,0.002
28.01,0.427,0,0.440,0.507,1,0.000,0.000,0.000,0.000,0.000,0.000,0.104,0.002
28.21,0.429,0,0.440,0.507,1,0.000,0.000,0.000,0.000,0.000,0.000,0.107,0.000
28.41,0.429,0,0.438,0.506,1,0.000,0.000,0.000,0.000,0.000,0.000,0.107,0.000
28.61,0.428,0,0.438,0.506,1,0.000,0.000,0.000,0.000,0.000,0.000,0.102,0.004
28.81,0.426,0,0.435,0.506,1,0.000,0.000,0.000,0.000,0.000,0.000,0.102,0.001
29.01,0.425,0,0.435,0.506,1,0.000,0.000,0.000,0.000,0.000,0.000,0.108,0.012
29.21,0.425,0,0.435,0.506,1,0.000,0.000,0.000,0.000,0.000,0.000,0.108,0.012
29.41,0.424,0,0.433,0.505,1,0.000,0.000,0.000,0.000,0.000,0.000,0.102,-0.001
29.61,0.423,0,0.433,0.505,1,0.000,0.000,0.000,0.000,0.000,0.000,0.105,0.005
29.81,0.424,0,0.432,0.507,1,0.000,0.000,0.000,0.000,0.000,0.000,0.103,0.007
30.01,0.424,0,0.432,0.507,1,0.000,0.000,0.000,0.000,0.000,0.000,0.103,0.007
30.21,0.424,0,0.432,0.507,1,0.000,0.000,0.000,0.000,0.000,0.000,0.111,0.002
30.41,0.424,0,0.433,0.507,1,0.000,0.000,0.000,0.000,0.000,0.000,0.112,0.004
30.61,0.424,0,0.433,0.507,1,0.000,0.000,0.000,0.000,0.000,0.000,0.106,0.008
30.81,0.425,0,0.433,0.507,1,0.000,0.000,0.000,0.000,0.000,0.000,0.100,-0.005
31.01,0.425,0,0.433,0.507,1,0.000,0.000,0.000,0.000,0.000,0.000,0.100,-0.005
31.21,0.424,0,0.433,0.507,1,0.000,0.000,0.000,0.000,0.000,0.000,0.105,0.006
31.41,0.424,0,0.433,0.507,1,0.000,0.000,0.000,0.000,0.000,0.000,0.098,0.002
31.61,0.428,0,0.433,0.507,1,0.000,0.000,0.000,0.000,0.000,0.000,0.104,0.008
31.81,0.428,0,0.437,0.506,1,0.000,0.000,0.000,0.000,0.000,0.000,0.104,0.008
32.01,0.429,0,0.437,0.506,1,0.000,0.000,0.000,0.000,0.000,0.000,0.100,0.001
32.21,0.435,0,0.437,0.506,1,0.000,0.000,0.000,0.000,0.000,0.000,0.101,-0.001
32.41,0.447,0,0.444,0.521,1,0.000,0.000,0.000,0.000,0.000,0.000,0.092,0.001
32.61,0.447,0,0.444,0.521,1,0.000,0.000,0.000,0.000,0.000,0.000,0.092,0.001
32.81,0.449,0,0.458,0.529,1,0.000,0.000,0.000,0.000,0.000,0.000,0.097,0.001
33.01,0.455,0,0.458,0.529,1,0.000,0.000,0.000,0.000,0.000,0.000,0.100,-0.001
33.21,0.463,0,0.458,0.529,1,0.000,0.000,0.000,0.000,0.000,0.000,0.096,-0.004
33.41,0.465,0,0.472,0.539,1,0.000,0.000,0.000,0.000,0.000,0.000,0.106,0.004
33.61,0.465,0,0.472,0.539,1,0.000,0.000,0.000,0.000,0.000,0.000,0.106,0.004
33.81,0.468,0,0.477,0.542,1,0.000,0.000,0.000,0.000,0.000,0.000,0.097,-0.006
34.01,0.468,0,0.477,0.542,1,0.000,0.000,0.000,0.000,0.000,0.000,0.097,-0.003
34.21,0.468,0,0.477,0.542,1,0.000,0.000,0.000,0.000,0.000,0.000,0.089,-0.001
34.41,0.468,0,0.477,0.540,1,0.000,0.000,0.000,0.000,0.000,0.000,0.089,-0.001
34.61,0.466,0,0.477,0.540,1,0.000,0.000,0.000,0.000,0.000,0.000,0.099,0.002
34.81,0.466,0,0.475,0.540,1,0.000,0.000,0.000,0.000,0.000,0.000,0.097,0.004
35.01,0.468,0,0.475,0.540,1,0.000,0.000,0.000,0.000,0.000,0.000,0.099,-0.006
35.21,0.468,0,0.475,0.540,1,0.000,0.000,0.000,0.000,0.000,0.000,0.099,-0.006
35.41,0.469,0,0.478,0.542,1,0.000,0.000,0.000,0.000,0.000,0.000,0.092,0.000
35.61,0.468,0,0.478,0.542,1,0.000,0.000,0.000,0.000,0.000,0.000,0.087,-0.008
35.81,0.470,0,0.479,0.543,1,0.000,0.000,0.000,0.000,0.000,0.000,0.103,0.004
36.01,0.471,0,0.479,0.543,1,0.000,0.000,0.000,0.000,0.000,0.000,0.102,-0.004
36.21,0.471,0,0.479,0.543,1,0.000,0.000,0.000,0.000,0.000,0.000,0.102,-0.004
36.41,0.470,0,0.480,0.545,1,0.000,0.000,0.000,0.000,0.000,0.000,0.098,0.004
36.61,0.463,0,0.480,0.545,1,0.000,0.000,0.000,0.000,0.000,0.000,0.095,0.004
36.81,0.465,0,0.472,0.542,1,0.000,0.000,0.000,0.000,0.000,0.000,0.098,0.005
37.01,0.465,0,0.472,0.542,1,0.000,0.000,0.000,0.000,0.000,0.000,0.098,0.005
37.21,0.465,0,0.472,0.542,1,0.000,0.000,0.000,0.000,0.000,0.000,0.096,-0.001
37.41,0.461,0,0.474,0.540,1,0.000,0.000,0.000,0.000,0.000,0.000,0.098,-0.008
37.61,0.460,0,0.474,0.540,1,0.000,0.000,0.000,0.000,0.000,0.000,0.087,0.000
37.81,0.460,0,0.469,0.539,1,0.000,0.000,0.000,0.000,0.000,0.000,0.087,0.000
38.01,0.458,0,0.469,0.539,1,0.000,0.000,0.000,0.000,0.000,0.000,0.089,-0.001
38.21,0.457,0,0.469,0.539,1,0.000,0.000,0.000,0.000,0.000,0.000,0.091,0.001
38.41,0.459,0,0.466,0.538,1,0.000,0.000,0.000,0.000,0.000,0.000,0.100,0.003
38.61,0.456,0,0.466,0.538,1,0.000,0.000,0.000,0.000,0.000,0.000,0.092,-0.001
38.81,0.456,0,0.465,0.538,1,0.000,0.000,0.000,0.000,0.000,0.000,0.092,-0.001
39.01,0.457,0,0.465,0.538,1,0.000,0.000,0.000,0.000,0.000,0.000,0.099,0.001
39.21,0.456,0,0.465,0.538,1,0.000,0.000,0.000,0.000,0.000,0.000,0.079,-0.006
39.41,0.456,0,0.465,0.537,1,0.000,0.000,0.000,0.000,0.000,0.000,0.087,-0.005
39.61,0.456,0,0.465,0.537,1,0.000,0.000,0.000,0.000,0.000,0.000,0.087,-0.005
39.81,0.457,0,0.466,0.539,1,0.000,0.000,0.000,0.000,0.000,0.000,0.094,0.005
40.01,0.457,0,0.466,0.539,1,0.000,0.000,0.000,0.000,0.000,0.000,0.091,0.002
40.21,0.457,0,0.466,0.539,1,0.000,0.000,0.000,0.000,0.000,0.000,0.088,0.003
40.41,0.457,0,0.466,0.540,1,0.000,0.000,0.000,0.000,0.000,0.000,0.088,0.003
40.61,0.458,0,0.466,0.540,1,0.000,0.000,0.000,0.000,0.000,0.000,0.091,0.003
40.81,0.457,0,0.466,0.538,1,0.000,0.000,0.000,0.000,0.000,0.000,0.103,-0.001
41.01,0.456,0,0.466,0.538,1,0.000,0.000,0.000,0.000,0.000,0.000,0.093,0.003
41.21,0.454,0,0.466,0.538,1,0.000,0.000,0.000,0.000,0.000,0.000,0.095,-0.002
41.41,0.454,0,0.463,0.535,1,0.000,0.000,0.000,0.000,0.000,0.000,0.095,-0.002
41.61,0.453,0,0.463,0.535,1,0.000,0.000,0.000,0.000,0.000,0.000,0.099,0.000
41.81,0.452,0,0.461,0.533,1,0.000,0.000,0.000,0.000,0.000,0.000,0.086,-0.002
42.01,0.453,0,0.461,0.533,1,0.000,0.000,0.000,0.000,0.000,0.000,0.096,0.005
42.21,0.453,0,0.461,0.533,1,0.000,0.000,0.000,0.000,0.000,0.000,0.096,0.005
42.41,0.452,0,0.461,0.531,1,0.000,0.000,0.000,0.000,0.000,0.000,0.099,0.005
42.61,0.450,0,0.461,0.531,1,0.000,0.000,0.000,0.000,0.000,0.000,0.097,-0.002
42.81,0.452,0,0.461,0.532,1,0.000,0.000,0.000,0.000,0.000,0.000,0.083,-0.003
43.01,0.452,0,0.461,0.532,1,0.000,0.000,0.000,0.000,0.000,0.000,0.107,0.004
43.21,0.452,0,0.461,0.532,1,0.000,0.000,0.000,0.000,0.000,0.000,0.107,0.004
43.41,0.452,0,0.461,0.532,1,0.000,0.000,0.000,0.000,0.000,0.000,0.104,0.004
43.61,0.452,0,0.461,0.532,1,0.000,0.000,0.000,0.000,0.000,0.000,0.099,-0.004
43.81,0.454,0,0.461,0.531,1,0.000,0.000,0.000,0.000,0.000,0.000,0.101,0.001
44.01,0.454,0,0.461,0.531,1,0.000,0.000,0.000,0.000,0.000,0.000,0.101,0.001
44.21,0.456,0,0.461,0.531,1,0.000,0.000,0.000,0.000,0.000,0.000,0.104,-0.001
44.41,0.453,0,0.465,0.533,1,0.000,0.000,0.000,0.000,0.000,0.000,0.110,0.001
44.61,0.454,0,0.465,0.533,1,0.000,0.000,0.000,0.000,0.000,0.000,0.090,-0.005
44.81,0.454,0,0.463,0.535,1,0.000,0.000,0.000,0.000,0.000,0.000,0.090,-0.005
45.01,0.454,0,0.463,0.535,1,0.000,0.000,0.000,0.000,0.000,0.000,0.087,0.001
45.21,0.457,0,0.463,0.535,1,0.000,0.000,0.000,0.000,0.000,0.000,0.102,0.002
45.41,0.473,0,0.466,0.547,1,0.000,0.000,0.000,0.000,0.000,0.000,0.102,-0.001
45.61,0.473,0,0.466,0.547,1,0.000,0.000,0.000,0.000,0.000,0.000,0.093,-0.003
45.81,0.473,0,0.466,0.547,1,0.000,0.000,0.000,0.000,0.000,0.000,0.093,-0.003
46.01,0.480,0,0.491,0.555,1,0.000,0.000,0.000,0.000,0.000,0.000,0.085,-0.004
46.21,0.475,0,0.491,0.555,1,0.000,0.000,0.000,0.000,0.000,0.000,0.097,0.003
46.41,0.473,0,0.483,0.548,1,0.000,0.000,0.000,0.000,0.000,0.000,0.098,-0.001
46.61,0.473,0,0.483,0.548,1,0.000,0.000,0.000,0.000,0.000,0.000,0.098,-0.001
46.81,0.464,0,0.473,0.536,1,0.000,0.000,0.000,0.000,0.000,0.000,0.087,0.007
47.01,0.466,0,0.473,0.536,1,0.000,0.000,0.000,0.000,0.000,0.000,0.080,0.000
47.21,0.458,0,0.473,0.536,1,0.000,0.000,0.000,0.000,0.000,0.000,0.089,0.004
47.41,0.458,0,0.467,0.531,1,0.000,0.000,0.000,0.000,0.000,0.000,0.089,0.004
47.61,0.450,0,0.467,0.531,1,0.000,0.000,0.000,0.000,0.000,0.000,0.085,0.004
47.81,0.448,0,0.457,0.513,1,0.000,0.000,0.000,0.000,0.000,0.000,0.097,0.010
48.01,0.456,0,0.457,0.513,1,0.000,0.000,0.000,0.000,0.000,0.000,0.097,0.010
48.21,0.456,0,0.457,0.513,1,0.000,0.000,0.000,0.000,0.000,0.000,0.098,-0.002
48.41,0.460,0,0.469,0.538,1,0.000,0.000,0.000,0.000,0.000,0.000,0.098,-0.002
48.61,0.472,0,0.469,0.538,1,0.000,0.000,0.000,0.000,0.000,0.000,0.083,0.001
48.81,0.479,0,0.488,0.557,1,0.000,0.000,0.000,0.000,0.000,0.000,0.092,0.001
49.01,0.475,0,0.488,0.557,1,0.000,0.000,0.000,0.000,0.000,0.000,0.096,-0.001
49.21,0.475,0,0.488,0.557,1,0.000,0.000,0.000,0.000,0.000,0.000,0.096,-0.001
49.41,0.472,0,0.554,0.606,1,0.000,0.000,0.000,0.000,0.000,0.000,0.087,-0.010
49.61,0.477,0,0.554,0.606,1,0.000,0.000,0.000,0.000,0.000,0.000,0.093,-0.000
49.81,0.479,0,0.591,0.554,1,0.000,0.000,0.000,0.000,0.000,0.000,0.087,-0.001
50.01,0.479,0,0.591,0.554,1,0.000,0.000,0.000,0.000,0.000,0.000,0.087,-0.001
50.21,0.474,0,0.591,0.554,1,0.000,0.000,0.000,0.000,0.000,0.000,0.097,0.004
50.41,0.475,0,0.600,0.605,1,0.000,0.000,0.000,0.000,0.000,0.000,0.101,-0.006
50.61,0.470,0,0.600,0.605,1,0.000,0.000,0.000,0.000,0.000,0.000,0.088,0.003
50.81,0.470,0,0.572,0.618,1,0.000,0.000,0.000,0.000,0.000,0.000,0.099,-0.002
51.01,0.576,0,0.572,0.618,1,0.000,0.000,0.000,0.000,0.000,0.000,0.099,-0.002
51.21,0.470,0,0.572,0.618,1,0.000,0.000,0.000,0.000,0.000,0.000,0.091,0.001
51.41,0.470,0,0.616,0.656,1,0.000,0.000,0.000,0.000,0.000,0.000,0.098,-0.002
51.61,0.477,0,0.616,0.656,1,0.000,0.000,0.000,0.000,0.000,0.000,0.097,-0.001
51.81,0.477,0,0.618,0.618,1,0.000,0.000,0.000,0.000,0.000,0.000,0.097,-0.001
52.01,0.488,0,0.618,0.618,1,0.000,0.000,0.000,0.000,0.000,0.000,0.101,-0.001
52.21,0.475,0,0.618,0.618,1,0.000,0.000,0.000,0.000,0.000,0.000,0.099,-0.005
52.41,0.470,0,0.597,0.628,1,0.000,0.000,0.000,0.000,0.000,0.000,0.104,-0.002
52.61,0.470,0,0.597,0.628,1,0.000,0.000,0.000,0.000,0.000,0.000,0.104,-0.002
52.81,0.566,0,0.573,0.610,1,0.000,0.000,0.000,0.000,0.000,0.000,0.087,-0.005
53.01,0.470,0,0.573,0.610,1,0.000,0.000,0.000,0.000,0.000,0.000,0.098,-0.001
53.21,0.475,0,0.573,0.610,1,0.000,0.000,0.000,0.000,0.000,0.000,0.100,-0.003
53.41,0.475,0,0.527,0.547,1,0.000,0.000,0.000,0.000,0.000,0.000,0.097,-0.000
53.61,0.466,0,0.527,0.547,1,0.000,0.000,0.000,0.000,0.000,0.000,0.097,-0.000
53.81,0.450,0,0.459,0.488,1,0.000,0.000,0.000,0.000,0.000,0.000,0.102,-0.002
54.01,0.463,0,0.459,0.488,1,0.000,0.000,0.000,0.000,0.000,0.000,0.104,-0.002
54.21,0.440,0,0.459,0.488,1,0.000,0.000,0.000,0.000,0.000,0.000,0.107,-0.005
54.41,0.440,0,0.449,0.461,1,0.000,0.000,0.000,0.000,0.000,0.000,0.107,-0.005
54.61,0.442,0,0.449,0.461,1,0.000,0.000,0.000,0.000,0.000,0.000,0.110,0.002
54.81,0.432,0,0.441,0.458,1,0.000,0.000,0.000,0.000,0.000,0.000,0.103,0.006
55.01,0.432,0,0.441,0.458,1,0.000,0.000,0.000,0.000,0.000,0.000,0.098,-0.001
55.21,0.432,0,0.441,0.458,1,0.000,0.000,0.000,0.000,0.000,0.000,0.098,-0.001
55.41,0.443,0,0.452,0.454,1,0.000,0.000,0.000,0.000,0.000,0.000,0.110,0.008
55.61,0.442,0,0.452,0.454,1,0.000,0.000,0.000,0.000,0.000,0.000,0.109,0.001
55.81,0.441,0,0.450,0.462,1,0.000,0.000,0.000,0.000,0.000,0.000,0.102,-0.003
56.01,0.441,0,0.450,0.462,1,0.000,0.000,0.000,0.000,0.000,0.000,0.106,-0.002
56.21,0.439,0,0.450,0.462,1,0.000,0.000,0.000,0.000,0.000,0.000,0.106,-0.002
56.41,0.460,0,0.448,0.477,1,0.000,0.000,0.000,0.000,0.000,0.000,0.094,-0.003
56.61,0.456,0,0.448,0.477,1,0.000,0.000,0.000,0.000,0.000,0.000,0.101,-0.007
56.81,0.454,0,0.465,0.464,1,0.000,0.000,0.000,0.000,0.000,0.000,0.099,-0.006
57.01,0.454,0,0.465,0.464,1,0.000,0.000,0.000,0.000,0.000,0.000,0.099,-0.006
57.21,0.454,0,0.465,0.464,1,0.000,0.000,0.000,0.000,0.000,0.000,0.098,-0.003
57.41,0.452,0,0.463,0.474,1,0.000,0.000,0.000,0.000,0.000,0.000,0.098,0.010
57.61,0.459,0,0.463,0.474,1,0.000,0.000,0.000,0.000,0.000,0.000,0.100,-0.001
57.81,0.459,0,0.468,0.483,1,0.000,0.000,0.000,0.000,0.000,0.000,0.100,-0.001
58.01,0.448,0,0.468,0.483,1,0.000,0.000,0.000,0.000,0.000,0.000,0.098,-0.002
58.21,0.446,0,0.468,0.483,1,0.000,0.000,0.000,0.000,0.000,0.000,0.105,-0.002
58.41,0.455,0,0.455,0.483,1,0.000,0.000,0.000,0.000,0.000,0.000,0.104,-0.001
58.61,0.455,0,0.455,0.483,1,0.000,0.000,0.000,0.000,0.000,0.000,0.104,0.000
58.81,0.446,0,0.455,0.484,1,0.000,0.000,0.000,0.000,0.000,0.000,0.104,0.000
59.01,0.453,0,0.455,0.484,1,0.000,0.000,0.000,0.000,0.000,0.000,0.098,0.000
59.21,0.451,0,0.455,0.484,1,0.000,0.000,0.000,0.000,0.000,0.000,0.102,0.001
59.41,0.456,0,0.460,0.505,1,0.000,0.000,0.000,0.000,0.000,0.000,0.111,0.004
59.61,0.456,0,0.460,0.505,1,0.000,0.000,0.000,0.000,0.000,0.000,0.111,0.004
59.81,0.461,0,0.470,0.540,1,0.000,0.000,0.000,0.000,0.000,0.000,0.104,-0.003
60.01,0.472,0,0.470,0.540,1,0.000,0.000,0.000,0.000,0.000,0.000,0.095,-0.004
60.21,0.478,0,0.470,0.540,1,0.000,0.000,0.000,0.000,0.000,0.000,0.089,0.001
60.41,0.478,0,0.486,0.557,1,0.000,0.000,0.000,0.000,0.000,0.000,0.089,0.001
60.61,0.479,0,0.486,0.557,1,0.000,0.000,0.000,0.000,0.000,0.000,0.096,0.000
60.81,0.479,0,0.491,0.555,1,0.000,0.000,0.000,0.000,0.000,0.000,0.102,0.003
61.01,0.472,0,0.491,0.555,1,0.000,0.000,0.000,0.000,0.000,0.000,0.095,0.003
61.21,0.472,0,0.491,0.555,1,0.000,0.000,0.000,0.000,0.000,0.000,0.101,0.008
61.41,0.476,0,0.484,0.552,1,0.000,0.000,0.000,0.000,0.000,0.000,0.101,0.008
61.61,0.470,0,0.484,0.552,1,0.000,0.000,0.000,0.000,0.000,0.000,0.101,0.005
61.81,0.470,0,0.487,0.552,1,0.000,0.000,0.000,0.000,0.000,0.000,0.096,-0.005
62.01,0.475,0,0.487,0.552,1,0.000,0.000,0.000,0.000,0.000,0.000,0.096,0.000
62.21,0.475,0,0.487,0.552,1,0.000,0.000,0.000,0.000,0.000,0.000,0.096,0.000
62.41,0.477,0,0.485,0.551,1,0.000,0.000,0.000,0.000,0.000,0.000,0.096,0.005
62.61,0.474,0,0.485,0.551,1,0.000,0.000,0.000,0.000,0.000,0.000,0.096,0.001
62.81,0.470,0,0.484,0.552,1,0.000,0.000,0.000,0.000,0.000,0.000,0.095,0.001
63.01,0.470,0,0.484,0.552,1,0.000,0.000,0.000,0.000,0.000,0.000,0.095,0.001
63.21,0.474,0,0.484,0.552,1,0.000,0.000,0.000,0.000,0.000,0.000,0.098,0.004
63.41,0.474,0,0.485,0.552,1,0.000,0.000,0.000,0.000,0.000,0.000,0.099,-0.000
63.61,0.470,0,0.485,0.552,1,0.000,0.000,0.000,0.000,0.000,0.000,0.103,0.004
63.81,0.470,0,0.485,0.554,1,0.000,0.000,0.000,0.000,0.000,0.000,0.092,0.002
64.01,0.470,0,0.485,0.554,1,0.000,0.000,0.000,0.000,0.000,0.000,0.092,0.002
64.21,0.470,0,0.485,0.554,1,0.000,0.000,0.000,0.000,0.000,0.000,0.095,-0.003
64.41,0.477,0,0.486,0.555,1,0.000,0.000,0.000,0.000,0.000,0.000,0.105,0.003
64.61,0.474,0,0.486,0.555,1,0.000,0.000,0.000,0.000,0.000,0.000,0.101,-0.004
64.81,0.474,0,0.487,0.557,1,0.000,0.000,0.000,0.000,0.000,0.000,0.101,-0.004
65.01,0.470,0,0.487,0.557,1,0.000,0.000,0.000,0.000,0.000,0.000,0.090,0.003
65.21,0.477,0,0.487,0.557,1,0.000,0.000,0.000,0.000,0.000,0.000,0.106,0.005
65.41,0.475,0,0.490,0.560,1,0.000,0.000,0.000,0.000,0.000,0.000,0.105,-0.001
65.61,0.475,0,0.490,0.560,1,0.000,0.000,0.000,0.000,0.000,0.000,0.105,-0.001
65.81,0.475,0,0.490,0.557,1,0.000,0.000,0.000,0.000,0.000,0.000,0.101,-0.000
66.01,0.475,0,0.490,0.557,1,0.000,0.000,0.000,0.000,0.000,0.000,0.101,0.004
66.21,0.474,0,0.490,0.557,1,0.000,0.000,0.000,0.000,0.000,0.000,0.104,-0.001
66.41,0.474,0,0.489,0.556,1,0.000,0.000,0.000,0.000,0.000,0.000,0.097,-0.001
66.61,0.470,0,0.489,0.556,1,0.000,0.000,0.000,0.000,0.000,0.000,0.097,-0.001
66.81,0.475,0,0.489,0.557,1,0.000,0.000,0.000,0.000,0.000,0.000,0.092,-0.003
67.01,0.475,0,0.489,0.557,1,0.000,0.000,0.000,0.000,0.000,0.000,0.095,0.000
67.21,0.475,0,0.489,0.557,1,0.000,0.000,0.000,0.000,0.000,0.000,0.099,0.001
67.41,0.475,0,0.489,0.557,1,0.000,0.000,0.000,0.000,0.000,0.000,0.099,0.001
67.61,0.472,0,0.489,0.557,1,0.000,0.000,0.000,0.000,0.000,0.000,0.094,-0.006
67.81,0.479,0,0.487,0.557,1,0.000,0.000,0.000,0.000,0.000,0.000,0.100,-0.004
68.01,0.483,0,0.487,0.557,1,0.000,0.000,0.000,0.000,0.000,0.000,0.101,-0.003
68.21,0.483,0,0.487,0.557,1,0.000,0.000,0.000,0.000,0.000,0.000,0.101,-0.003
68.41,0.475,0,0.491,0.557,1,0.000,0.000,0.000,0.000,0.000,0.000,0.102,-0.003
68.61,0.470,0,0.491,0.557,1,0.000,0.000,0.000,0.000,0.000,0.000,0.099,-0.003
68.81,0.470,0,0.488,0.556,1,0.000,0.000,0.000,0.000,0.000,0.000,0.092,-0.005
69.01,0.470,0,0.488,0.556,1,0.000,0.000,0.000,0.000,0.000,0.000,0.099,-0.002
69.21,0.475,0,0.488,0.556,1,0.000,0.000,0.000,0.000,0.000,0.000,0.099,-0.002
69.41,0.479,0,0.489,0.557,1,0.000,0.000,0.000,0.000,0.000,0.000,0.098,-0.002
69.61,0.475,0,0.489,0.557,1,0.000,0.000,0.000,0.000,0.000,0.000,0.096,0.000
69.81,0.479,0,0.488,0.559,1,0.000,0.000,0.000,0.000,0.000,0.000,0.099,0.002
70.01,0.479,0,0.488,0.559,1,0.000,0.000,0.000,0.000,0.000,0.000,0.099,0.002
70.21,0.479,0,0.488,0.559,1,0.000,0.000,0.000,0.000,0.000,0.000,0.101,-0.002
70.41,0.479,0,0.488,0.556,1,0.000,0.000,0.000,0.000,0.000,0.000,0.096,0.000
70.61,0.479,0,0.488,0.556,1,0.000,0.000,0.000,0.000,0.000,0.000,0.104,-0.001
70.81,0.479,0,0.490,0.557,1,0.000,0.000,0.000,0.000,0.000,0.000,0.104,-0.001
71.01,0.470,0,0.490,0.557,1,0.000,0.000,0.000,0.000,0.000,0.000,0.088,-0.001
71.21,0.480,0,0.490,0.557,1,0.000,0.000,0.000,0.000,0.000,0.000,0.107,0.003
71.41,0.472,0,0.488,0.557,1,0.000,0.000,0.000,0.000,0.000,0.000,0.092,-0.003
71.61,0.472,0,0.488,0.557,1,0.000,0.000,0.000,0.000,0.000,0.000,0.105,0.001
71.81,0.470,0,0.488,0.556,1,0.000,0.000,0.000,0.000,0.000,0.000,0.105,0.001
72.01,0.477,0,0.488,0.556,1,0.000,0.000,0.000,0.000,0.000,0.000,0.097,0.005
72.21,0.475,0,0.488,0.556,1,0.000,0.000,0.000,0.000,0.000,0.000,0.100,-0.001
72.41,0.479,0,0.490,0.557,1,0.000,0.000,0.000,0.000,0.000,0.000,0.100,0.000
72.61,0.479,0,0.490,0.557,1,0.000,0.000,0.000,0.000,0.000,0.000,0.100,0.000
72.81,0.479,0,0.487,0.557,1,0.000,0.000,0.000,0.000,0.000,0.000,0.102,-0.002
73.01,0.474,0,0.487,0.557,1,0.000,0.000,0.000,0.000,0.000,0.000,0.098,0.001
73.21,0.475,0,0.487,0.557,1,0.000,0.000,0.000,0.000,0.000,0.000,0.090,-0.002
73.41,0.475,0,0.487,0.557,1,0.000,0.000,0.000,0.000,0.000,0.000,0.090,-0.002
73.61,0.482,0,0.487,0.557,1,0.000,0.000,0.000,0.000,0.000,0.000,0.085,0.002
73.81,0.478,0,0.486,0.557,1,0.000,0.000,0.000,0.000,0.000,0.000,0.104,-0.001
74.01,0.470,0,0.486,0.557,1,0.000,0.000,0.000,0.000,0.000,0.000,0.093,-0.003
74.21,0.470,0,0.486,0.557,1,0.000,0.000,0.000,0.000,0.000,0.000,0.094,-0.007
74.41,0.477,0,0.489,0.557,1,0.000,0.000,0.000,0.000,0.000,0.000,0.094,-0.007
74.61,0.484,0,0.489,0.557,1,0.000,0.000,0.000,0.000,0.000,0.000,0.096,0.003
74.81,0.472,0,0.491,0.558,1,0.000,0.000,0.000,0.000,0.000,0.000,0.102,0.002
75.01,0.475,0,0.491,0.558,1,0.000,0.000,0.000,0.000,0.000,0.000,0.100,-0.003
75.21,0.475,0,0.491,0.558,1,0.000,0.000,0.000,0.000,0.000,0.000,0.100,-0.003
75.41,0.475,0,0.490,0.557,1,0.000,0.000,0.000,0.000,0.000,0.000,0.096,-0.000
75.61,0.474,0,0.490,0.557,1,0.000,0.000,0.000,0.000,0.000,0.000,0.092,-0.001
75.81,0.470,0,0.491,0.557,1,0.000,0.000,0.000,0.000,0.000,0.000,0.099,-0.005
76.01,0.470,0,0.491,0.557,1,0.000,0.000,0.000,0.000,0.000,0.000,0.099,-0.005
76.21,0.475,0,0.491,0.557,1,0.000,0.000,0.000,0.000,0.000,0.000,0.098,0.003
76.41,0.481,0,0.488,0.557,1,0.000,0.000,0.000,0.000,0.000,0.000,0.092,-0.005
76.61,0.474,0,0.488,0.557,1,0.000,0.000,0.000,0.000,0.000,0.000,0.089,-0.007
76.81,0.474,0,0.489,0.556,1,0.000,0.000,0.000,0.000,0.000,0.000,0.092,-0.007
77.01,0.480,0,0.489,0.556,1,0.000,0.000,0.000,0.000,0.000,0.000,0.092,-0.007
77.21,0.483,0,0.489,0.556,1,0.000,0.000,0.000,0.000,0.000,0.000,0.102,-0.002
77.41,0.470,0,0.491,0.557,1,0.000,0.000,0.000,0.000,0.000,0.000,0.102,0.006
77.61,0.472,0,0.491,0.557,1,0.000,0.000,0.000,0.000,0.000,0.000,0.105,0.001
77.81,0.472,0,0.490,0.557,1,0.000,0.000,0.000,0.000,0.000,0.000,0.105,0.001
78.01,0.484,0,0.490,0.557,1,0.000,0.000,0.000,0.000,0.000,0.000,0.103,-0.000
78.21,0.472,0,0.490,0.557,1,0.000,0.000,0.000,0.000,0.000,0.000,0.095,-0.005
78.41,0.479,0,0.489,0.557,1,0.000,0.000,0.000,0.000,0.000,0.000,0.094,-0.005
78.61,0.479,0,0.489,0.557,1,0.000,0.000,0.000,0.000,0.000,0.000,0.094,-0.005
78.81,0.472,0,0.491,0.560,1,0.000,0.000,0.000,0.000,0.000,0.000,0.100,0.005
79.01,0.472,0,0.491,0.560,1,0.000,0.000,0.000,0.000,0.000,0.000,0.101,-0.001
79.21,0.472,0,0.491,0.560,1,0.000,0.000,0.000,0.000,0.000,0.000,0.093,-0.005
79.41,0.472,0,0.492,0.559,1,0.000,0.000,0.000,0.000,0.000,0.000,0.092,-0.002
79.61,0.474,0,0.492,0.559,1,0.000,0.000,0.000,0.000,0.000,0.000,0.092,-0.002
79.81,0.477,0,0.492,0.558,1,0.000,0.000,0.000,0.000,0.000,0.000,0.091,-0.006
80.01,0.479,0,0.492,0.558,1,0.000,0.000,0.000,0.000,0.000,0.000,0.091,-0.007
80.21,0.479,0,0.492,0.558,1,0.000,0.000,0.000,0.000,0.000,0.000,0.098,-0.000
80.41,0.479,0,0.487,0.557,1,0.000,0.000,0.000,0.000,0.000,0.000,0.098,-0.000
80.61,0.483,0,0.487,0.557,1,0.000,0.000,0.000,0.000,0.000,0.000,0.102,-0.004
80.81,0.472,0,0.488,0.557,1,0.000,0.000,0.000,0.000,0.000,0.000,0.098,-0.004
81.01,0.474,0,0.488,0.557,1,0.000,0.000,0.000,0.000,0.000,0.000,0.089,-0.005
81.21,0.474,0,0.488,0.557,1,0.000,0.000,0.000,0.000,0.000,0.000,0.089,-0.005
81.41,0.472,0,0.481,0.548,1,0.000,0.000,0.000,0.000,0.000,0.000,0.089,-0.009
81.61,0.472,0,0.481,0.548,1,0.000,0.000,0.000,0.000,0.000,0.000,0.104,-0.004
81.81,0.475,0,0.485,0.554,1,0.000,0.000,0.000,0.000,0.000,0.000,0.090,-0.004
82.01,0.479,0,0.485,0.554,1,0.000,0.000,0.000,0.000,0.000,0.000,0.091,-0.009
82.21,0.479,0,0.485,0.554,1,0.000,0.000,0.000,0.000,0.000,0.000,0.091,-0.009
82.41,0.477,0,0.487,0.554,1,0.000,0.000,0.000,0.000,0.000,0.000,0.102,-0.000
82.61,0.476,0,0.487,0.554,1,0.000,0.000,0.000,0.000,0.000,0.000,0.103,-0.001
82.81,0.480,0,0.484,0.555,1,0.000,0.000,0.000,0.000,0.000,0.000,0.104,-0.002
83.01,0.480,0,0.484,0.555,1,0.000,0.000,0.000,0.000,0.000,0.000,0.104,-0.002
83.21,0.470,0,0.484,0.555,1,0.000,0.000,0.000,0.000,0.000,0.000,0.089,0.002
83.41,0.479,0,0.487,0.555,1,0.000,0.000,0.000,0.000,0.000,0.000,0.114,-0.006
83.61,0.470,0,0.487,0.555,1,0.000,0.000,0.000,0.000,0.000,0.000,0.100,-0.003
83.81,0.470,0,0.489,0.555,1,0.000,0.000,0.000,0.000,0.000,0.000,0.100,-0.003
84.01,0.472,0,0.489,0.555,1,0.000,0.000,0.000,0.000,0.000,0.000,0.091,-0.000
84.21,0.472,0,0.489,0.555,1,0.000,0.000,0.000,0.000,0.000,0.000,0.105,-0.006
84.41,0.470,0,0.487,0.555,1,0.000,0.000,0.000,0.000,0.000,0.000,0.106,0.003
84.61,0.470,0,0.487,0.555,1,0.000,0.000,0.000,0.000,0.000,0.000,0.103,-0.006
84.81,0.470,0,0.487,0.556,1,0.000,0.000,0.000,0.000,0.000,0.000,0.103,-0.006
85.01,0.470,0,0.487,0.556,1,0.000,0.000,0.000,0.000,0.000,0.000,0.093,0.001
85.21,0.474,0,0.487,0.556,1,0.000,0.000,0.000,0.000,0.000,0.000,0.093,-0.004
85.41,0.479,0,0.487,0.555,1,0.000,0.000,0.000,0.000,0.000,0.000,0.104,-0.004
85.61,0.479,0,0.487,0.555,1,0.000,0.000,0.000,0.000,0.000,0.000,0.104,-0.004
85.81,0.480,0,0.488,0.555,1,0.000,0.000,0.000,0.000,0.000,0.000,0.093,-0.008
86.01,0.479,0,0.488,0.555,1,0.000,0.000,0.000,0.000,0.000,0.000,0.091,0.003
86.21,0.477,0,0.488,0.555,1,0.000,0.000,0.000,0.000,0.000,0.000,0.101,-0.001
86.41,0.477,0,0.487,0.555,1,0.000,0.000,0.000,0.000,0.000,0.000,0.106,-0.001
86.61,0.474,0,0.487,0.555,1,0.000,0.000,0.000,0.000,0.000,0.000,0.106,-0.001
86.81,0.470,0,0.488,0.555,1,0.000,0.000,0.000,0.000,0.000,0.000,0.105,0.004
87.01,0.479,0,0.488,0.555,1,0.000,0.000,0.000,0.000,0.000,0.000,0.101,0.007
87.21,0.477,0,0.488,0.555,1,0.000,0.000,0.000,0.000,0.000,0.000,0.110,0.004
87.41,0.477,0,0.488,0.556,1,0.000,0.000,0.000,0.000,0.000,0.000,0.110,0.004
87.61,0.479,0,0.488,0.556,1,0.000,0.000,0.000,0.000,0.000,0.000,0.087,-0.009
87.81,0.480,0,0.488,0.556,1,0.000,0.000,0.000,0.000,0.000,0.000,0.098,-0.006
88.01,0.470,0,0.488,0.556,1,0.000,0.000,0.000,0.000,0.000,0.000,0.100,0.001
88.21,0.470,0,0.488,0.556,1,0.000,0.000,0.000,0.000,0.000,0.000,0.100,0.001
88.41,0.475,0,0.488,0.557,1,0.000,0.000,0.000,0.000,0.000,0.000,0.108,0.001
88.61,0.479,0,0.488,0.557,1,0.000,0.000,0.000,0.000,0.000,0.000,0.096,-0.005
88.81,0.481,0,0.489,0.557,1,0.000,0.000,0.000,0.000,0.000,0.000,0.101,0.001
89.01,0.481,0,0.489,0.557,1,0.000,0.000,0.000,0.000,0.000,0.000,0.102,-0.000
89.21,0.480,0,0.489,0.557,1,0.000,0.000,0.000,0.000,0.000,0.000,0.102,-0.000
89.41,0.480,0,0.488,0.557,1,0.000,0.000,0.000,0.000,0.000,0.000,0.105,-0.007
89.61,0.481,0,0.488,0.557,1,0.000,0.000,0.000,0.000,0.000,0.000,0.106,0.001
89.81,0.479,0,0.489,0.557,1,0.000,0.000,0.000,0.000,0.000,0.000,0.099,0.005
90.01,0.479,0,0.489,0.557,1,0.000,0.000,0.000,0.000,0.000,0.000,0.099,0.005
90.21,0.472,0,0.489,0.557,1,0.000,0.000,0.000,0.000,0.000,0.000,0.087,-0.003
90.41,0.472,0,0.489,0.564,1,0.000,0.000,0.000,0.000,0.000,0.000,0.088,-0.009
90.61,0.479,0,0.489,0.564,1,0.000,0.000,0.000,0.000,0.000,0.000,0.093,0.001
90.81,0.479,0,0.507,0.587,1,0.000,0.000,0.000,0.000,0.000,0.000,0.093,0.001
91.01,0.472,0,0.507,0.587,1,0.000,0.000,0.000,0.000,0.000,0.000,0.091,-0.004
91.21,0.475,0,0.507,0.587,1,0.000,0.000,0.000,0.000,0.000,0.000,0.109,-0.002
91.41,0.482,0,0.525,0.603,1,0.000,0.000,0.000,0.000,0.000,0.000,0.087,-0.007
91.61,0.482,0,0.525,0.603,1,0.000,0.000,0.000,0.000,0.000,0.000,0.086,-0.005
91.81,0.474,0,0.607,0.708,1,0.000,0.000,0.000,0.000,0.000,0.000,0.086,-0.005
92.01,0.484,0,0.607,0.708,1,0.000,0.000,0.000,0.000,0.000,0.000,0.085,-0.002
92.21,0.470,0,0.607,0.708,1,0.000,0.000,0.000,0.000,0.000,0.000,0.089,-0.001
92.41,0.470,0,0.676,0.758,1,0.000,0.000,0.000,0.000,0.000,0.000,0.082,-0.006
92.61,0.470,0,0.676,0.758,1,0.000,0.000,0.000,0.000,0.000,0.000,0.082,-0.006
92.81,0.645,0,0.651,0.670,1,0.000,0.000,0.000,0.000,0.000,0.000,0.083,-0.009
93.01,0.560,0,0.651,0.670,1,0.000,0.000,0.000,0.000,0.000,0.000,0.106,0.005
93.21,0.479,0,0.651,0.670,1,0.000,0.000,0.000,0.000,0.000,0.000,0.106,0.002
93.41,0.479,0,0.488,0.545,1,0.000,0.000,0.000,0.000,0.000,0.000,0.106,0.002
93.61,0.446,0,0.488,0.545,1,0.000,0.000,0.000,0.000,0.000,0.000,0.099,0.007
93.81,0.442,0,0.451,0.420,1,0.000,0.000,0.000,0.000,0.000,0.000,0.114,0.006
94.01,0.368,0,0.451,0.420,1,0.000,0.000,0.000,0.000,0.000,0.000,0.114,0.006
94.21,0.368,0,0.451,0.420,1,0.000,0.000,0.000,0.000,0.000,0.000,0.103,0.003
94.41,0.369,0,0.380,0.447,1,0.000,0.000,0.000,0.000,0.000,0.000,0.103,0.003
94.61,0.479,0,0.380,0.447,1,0.000,0.000,0.000,0.000,0.000,0.000,0.100,0.008
94.81,0.479,0,0.612,0.777,1,0.000,0.000,0.000,0.000,0.000,0.000,0.103,0.009
95.01,0.472,0,0.612,0.777,1,0.000,0.000,0.000,0.000,0.000,0.000,0.097,-0.000
95.21,0.472,0,0.612,0.777,1,0.000,0.000,0.000,0.000,0.000,0.000,0.097,-0.000
95.41,0.474,0,0.797,1.063,0,0.000,0.000,0.000,0.000,0.000,0.000,0.093,0.004
95.61,0.474,0,0.797,1.063,0,0.000,0.000,0.000,0.000,0.000,0.000,0.104,0.000
95.81,0.472,0,0.904,1.720,0,0.000,0.000,0.000,0.000,0.000,0.000,0.105,0.006
96.01,0.472,0,0.904,1.720,0,0.000,0.000,0.000,0.000,0.000,0.000,0.105,0.006
96.21,0.477,0,0.904,1.720,0,0.000,0.000,0.000,0.000,0.000,0.000,0.106,-0.001
96.41,0.479,0,0.904,1.722,0,0.000,0.000,0.000,0.000,0.000,0.000,0.102,-0.004
96.61,0.472,0,0.904,1.722,0,0.000,0.000,0.000,0.000,0.000,0.000,0.094,-0.006
96.81,0.472,0,2.331,1.721,0,0.000,0.000,0.000,0.000,0.000,0.000,0.101,-0.007
97.01,0.790,0,2.331,1.721,0,0.000,0.000,0.000,0.000,0.000,0.000,0.101,-0.007
97.21,0.479,0,2.331,1.721,0,0.000,0.000,0.000,0.000,0.000,0.000,0.096,-0.001
97.41,0.470,0,0.902,1.717,0,0.000,0.000,0.000,0.000,0.000,0.000,0.093,0.004
97.61,0.470,0,0.902,1.717,0,0.000,0.000,0.000,0.000,0.000,0.000,0.095,-0.001
97.81,0.470,0,2.329,1.724,0,0.000,0.000,0.000,0.000,0.000,0.000,0.095,-0.001
98.01,0.474,0,2.329,1.724,0,0.000,0.000,0.000,0.000,0.000,0.000,0.107,-0.003
98.21,0.481,0,2.329,1.724,0,0.000,0.000,0.000,0.000,0.000,0.000,0.105,0.007
98.41,0.475,0,2.330,1.718,0,0.000,0.000,0.000,0.000,0.000,0.000,0.106,0.005
98.61,0.475,0,2.330,1.718,0,0.000,0.000,0.000,0.000,0.000,0.000,0.106,0.005
98.81,0.481,0,2.334,1.722,0,0.000,0.000,0.000,0.000,0.000,0.000,0.101,-0.003
99.01,0.479,0,2.334,1.722,0,0.000,0.000,0.000,0.000,0.000,0.000,0.098,-0.002
99.21,0.486,0,2.334,1.722,0,0.000,0.000,0.000,0.000,0.000,0.000,0.088,-0.008
99.41,0.486,0,0.902,1.720,0,0.000,0.000,0.000,0.000,0.000,0.000,0.113,-0.004
99.61,0.488,0,0.902,1.720,0,0.000,0.000,0.000,0.000,0.000,0.000,0.113,-0.004
99.81,0.474,0,0.899,1.720,0,0.000,0.000,0.000,0.000,0.000,0.000,0.111,-0.001
100.01,0.474,0,0.899,1.720,0,0.000,0.000,0.000,0.000,0.000,0.000,0.097,-0.001
100.21,0.479,0,0.899,1.720,0,0.000,0.000,0.000,0.000,0.000,0.000,0.100,-0.009
100.41,0.479,0,1.838,1.884,1,0.000,0.000,0.000,0.000,0.000,0.000,0.100,-0.009
100.61,0.470,0,1.838,1.884,1,0.000,0.000,0.000,0.000,0.000,0.000,0.115,-0.006
100.81,0.475,0,0.900,2.441,0,0.000,0.000,0.000,0.000,0.000,0.000,0.104,-0.003
101.01,0.475,0,0.900,2.441,0,0.000,0.000,0.000,0.000,0.000,0.000,0.098,-0.000
101.21,0.475,0,0.900,2.441,0,0.000,0.000,0.000,0.000,0.000,0.000,0.098,-0.000
101.41,0.475,0,0.903,1.729,0,0.000,0.000,0.000,0.000,0.000,0.000,0.101,-0.001
101.61,0.484,0,0.903,1.729,0,0.000,0.000,0.000,0.000,0.000,0.000,0.094,-0.007
101.81,0.479,0,0.902,1.727,0,0.000,0.000,0.000,0.000,0.000,0.000,0.107,-0.003
102.01,0.470,0,0.902,1.727,0,0.000,0.000,0.000,0.000,0.000,0.000,0.089,-0.003
102.21,0.470,0,0.902,1.727,0,0.000,0.000,0.000,0.000,0.000,0.000,0.089,-0.003
102.41,0.470,0,2.328,1.725,0,0.000,0.000,0.000,0.000,0.000,0.000,0.103,-0.001
102.61,0.470,0,2.328,1.725,0,0.000,0.000,0.000,0.000,0.000,0.000,0.108,0.000
102.81,0.477,0,2.327,1.723,0,0.000,0.000,0.000,0.000,0.000,0.000,0.098,-0.005
103.01,0.477,0,2.327,1.723,0,0.000,0.000,0.000,0.000,0.000,0.000,0.098,-0.005
103.21,0.486,0,2.327,1.723,0,0.000,0.000,0.000,0.000,0.000,0.000,0.094,-0.004
103.41,0.472,0,0.902,1.723,0,0.000,0.000,0.000,0.000,0.000,0.000,0.109,-0.000
103.61,0.472,0,0.902,1.723,0,0.000,0.000,0.000,0.000,0.000,0.000,0.095,-0.008
103.81,0.472,0,0.902,1.721,0,0.000,0.000,0.000,0.000,0.000,0.000,0.082,-0.001
104.01,0.470,0,0.902,1.721,0,0.000,0.000,0.000,0.000,0.000,0.000,0.082,-0.001
104.21,0.481,0,0.902,1.721,0,0.000,0.000,0.000,0.000,0.000,0.000,0.084,-0.001
104.41,0.479,0,0.905,1.722,0,0.000,0.000,0.000,0.000,0.000,0.000,0.095,-0.006
104.61,0.484,0,0.905,1.722,0,0.000,0.000,0.000,0.000,0.000,0.000,0.092,-0.006
104.81,0.484,0,2.329,1.720,0,0.000,0.000,0.000,0.000,0.000,0.000,0.092,-0.006
105.01,0.475,0,2.329,1.720,0,0.000,0.000,0.000,0.000,0.000,0.000,0.098,-0.005
105.21,0.474,0,2.329,1.720,0,0.000,0.000,0.000,0.000,0.000,0.000,0.108,-0.004
105.41,0.475,0,0.902,1.724,0,0.000,0.000,0.000,0.000,0.000,0.000,0.098,0.006
105.61,0.475,0,0.902,1.724,0,0.000,0.000,0.000,0.000,0.000,0.000,0.098,0.006
105.81,0.475,0,0.902,1.717,0,0.000,0.000,0.000,0.000,0.000,0.000,0.107,-0.006
106.01,0.475,0,0.902,1.717,0,0.000,0.000,0.000,0.000,0.000,0.000,0.084,-0.010
106.21,0.470,0,0.902,1.717,0,0.000,0.000,0.000,0.000,0.000,0.000,0.104,-0.006
106.41,0.470,0,2.329,1.720,0,0.000,0.000,0.000,0.000,0.000,0.000,0.107,-0.010
106.61,0.475,0,2.329,1.720,0,0.000,0.000,0.000,0.000,0.000,0.000,0.107,-0.010
106.81,0.491,0,0.904,1.719,0,0.000,0.000,0.000,0.000,0.000,0.000,0.101,-0.007
107.01,0.475,0,0.904,1.719,0,0.000,0.000,0.000,0.000,0.000,0.000,0.087,-0.008
107.21,0.789,0,0.904,1.719,0,0.000,0.000,0.000,0.000,0.000,0.000,0.093,-0.009
107.41,0.789,0,2.326,1.721,0,0.000,0.000,0.000,0.000,0.000,0.000,0.093,-0.009
107.61,0.475,0,2.326,1.721,0,0.000,0.000,0.000,0.000,0.000,0.000,0.094,-0.005
107.81,0.475,0,2.327,1.722,0,0.000,0.000,0.000,0.000,0.000,0.000,0.091,-0.002
108.01,0.475,0,2.327,1.722,0,0.000,0.000,0.000,0.000,0.000,0.000,0.088,-0.003
108.21,0.475,0,2.327,1.722,0,0.000,0.000,0.000,0.000,0.000,0.000,0.088,-0.003
108.41,0.480,0,0.902,1.718,0,0.000,0.000,0.000,0.000,0.000,0.000,0.088,-0.006
108.61,0.475,0,0.902,1.718,0,0.000,0.000,0.000,0.000,0.000,0.000,0.097,-0.006
108.81,0.475,0,2.324,1.722,0,0.000,0.000,0.000,0.000,0.000,0.000,0.098,0.002
109.01,0.470,0,2.324,1.722,0,0.000,0.000,0.000,0.000,0.000,0.000,0.099,-0.001
109.21,0.470,0,2.324,1.722,0,0.000,0.000,0.000,0.000,0.000,0.000,0.099,-0.001
109.41,0.477,0,2.327,1.719,0,0.000,0.000,0.000,0.000,0.000,0.000,0.095,-0.013
109.61,0.790,0,2.327,1.719,0,0.000,0.000,0.000,0.000,0.000,0.000,0.093,-0.007
109.81,0.477,0,2.336,1.717,0,0.000,0.000,0.000,0.000,0.000,0.000,0.093,-0.005
110.01,0.477,0,2.336,1.717,0,0.000,0.000,0.000,0.000,0.000,0.000,0.093,-0.005
110.21,0.472,0,2.336,1.717,0,0.000,0.000,0.000,0.000,0.000,0.000,0.101,-0.003
110.41,0.470,0,2.333,1.720,0,0.000,0.000,0.000,0.000,0.000,0.000,0.096,-0.006
110.61,0.477,0,2.333,1.720,0,0.000,0.000,0.000,0.000,0.000,0.000,0.095,0.001
110.81,0.477,0,2.247,1.720,0,0.000,0.000,0.000,0.000,0.000,0.000,0.095,0.001
111.01,0.479,0,2.247,1.720,0,0.000,0.000,0.000,0.000,0.000,0.000,0.097,0.000
111.21,0.484,0,2.247,1.720,0,0.000,0.000,0.000,0.000,0.000,0.000,0.097,0.001
111.41,0.470,0,2.329,1.720,0,0.000,0.000,0.000,0.000,0.000,0.000,0.095,0.000
111.61,0.482,0,2.329,1.720,0,0.000,0.000,0.000,0.000,0.000,0.000,0.092,0.002
111.81,0.482,0,2.337,1.717,0,0.000,0.000,0.000,0.000,0.000,0.000,0.092,0.002
112.01,0.486,0,2.337,1.717,0,0.000,0.000,0.000,0.000,0.000,0.000,0.093,0.005
112.21,0.474,0,2.337,1.717,0,0.000,0.000,0.000,0.000,0.000,0.000,0.098,0.004
112.41,0.482,0,0.902,1.719,0,0.000,0.000,0.000,0.000,0.000,0.000,0.091,-0.002
112.61,0.482,0,0.902,1.719,0,0.000,0.000,0.000,0.000,0.000,0.000,0.091,-0.002
112.81,0.470,0,2.325,1.716,0,0.000,0.000,0.000,0.000,0.000,0.000,0.088,-0.005
113.01,0.488,0,2.325,1.716,0,0.000,0.000,0.000,0.000,0.000,0.000,0.096,0.004
113.21,0.474,0,2.325,1.716,0,0.000,0.000,0.000,0.000,0.000,0.000,0.099,-0.004
113.41,0.474,0,2.329,1.719,0,0.000,0.000,0.000,0.000,0.000,0.000,0.094,0.000
113.61,0.474,0,2.329,1.719,0,0.000,0.000,0.000,0.000,0.000,0.000,0.094,0.000
113.81,0.475,0,2.329,1.719,0,0.000,0.000,0.000,0.000,0.000,0.000,0.095,-0.001
114.01,0.482,0,2.329,1.719,0,0.000,0.000,0.000,0.000,0.000,0.000,0.094,-0.001
114.21,0.479,0,2.329,1.719,0,0.000,0.000,0.000,0.000,0.000,0.000,0.099,-0.005
114.41,0.479,0,2.330,1.717,0,0.000,0.000,0.000,0.000,0.000,0.000,0.099,-0.005
114.61,0.475,0,2.330,1.717,0,0.000,0.000,0.000,0.000,0.000,0.000,0.097,-0.003
114.81,0.475,0,2.329,1.717,0,0.000,0.000,0.000,0.000,0.000,0.000,0.097,0.001
115.01,0.472,0,2.329,1.717,0,0.000,0.000,0.000,0.000,0.000,0.000,0.102,-0.003
115.21,0.472,0,2.329,1.717,0,0.000,0.000,0.000,0.000,0.000,0.000,0.102,-0.003
115.41,0.483,0,0.900,1.719,0,0.000,0.000,0.000,0.000,0.000,0.000,0.093,0.001
115.61,0.470,0,0.900,1.719,0,0.000,0.000,0.000,0.000,0.000,0.000,0.096,-0.003
115.81,0.790,0,2.331,1.721,0,0.000,0.000,0.000,0.000,0.000,0.000,0.094,-0.008
116.01,0.790,0,2.331,1.721,0,0.000,0.000,0.000,0.000,0.000,0.000,0.096,-0.005
116.21,0.470,0,2.331,1.721,0,0.000,0.000,0.000,0.000,0.000,0.000,0.096,-0.005
116.41,0.475,0,2.330,1.717,0,0.000,0.000,0.000,0.000,0.000,0.000,0.100,0.002
116.61,0.475,0,2.330,1.717,0,0.000,0.000,0.000,0.000,0.000,0.000,0.088,0.006
116.81,0.105,0,2.330,1.721,0,0.000,0.000,0.000,0.000,0.000,0.000,0.086,0.003
117.01,0.105,0,2.330,1.721,0,0.000,0.000,0.000,0.000,0.000,0.000,0.086,0.003
117.21,0.475,0,2.330,1.721,0,0.000,0.000,0.000,0.000,0.000,0.000,0.096,0.002
117.41,0.790,0,0.902,1.722,0,0.000,0.000,0.000,0.000,0.000,0.000,0.084,-0.008
117.61,0.475,0,0.902,1.722,0,0.000,0.000,0.000,0.000,0.000,0.000,0.099,-0.001
117.81,0.475,0,2.334,1.726,0,0.000,0.000,0.000,0.000,0.000,0.000,0.099,-0.001
118.01,0.477,0,2.334,1.726,0,0.000,0.000,0.000,0.000,0.000,0.000,0.098,-0.003
118.21,0.479,0,2.334,1.726,0,0.000,0.000,0.000,0.000,0.000,0.000,0.096,-0.001
118.41,0.470,0,0.902,1.721,0,0.000,0.000,0.000,0.000,0.000,0.000,0.099,-0.004
118.61,0.470,0,0.902,1.721,0,0.000,0.000,0.000,0.000,0.000,0.000,0.102,-0.003
118.81,0.482,0,0.902,1.721,0,0.000,0.000,0.000,0.000,0.000,0.000,0.102,-0.003
119.01,0.470,0,0.902,1.721,0,0.000,0.000,0.000,0.000,0.000,0.000,0.109,-0.008
119.21,0.477,0,0.902,1.721,0,0.000,0.000,0.000,0.000,0.000,0.000,0.101,-0.001
119.41,0.789,0,0.903,1.719,0,0.000,0.000,0.000,0.000,0.000,0.000,0.096,-0.003
119.61,0.789,0,0.903,1.719,0,0.000,0.000,0.000,0.000,0.000,0.000,0.096,-0.003
119.81,0.475,0,2.338,1.717,0,0.000,0.000,0.000,0.000,0.000,0.000,0.092,-0.003
120.01,0.470,0,2.338,1.717,0,0.000,0.000,0.000,0.000,0.000,0.000,0.097,-0.010
120.21,0.479,0,2.338,1.717,0,0.000,0.000,0.000,0.000,0.000,0.000,0.090,-0.001
120.41,0.479,0,0.902,1.717,0,0.000,0.000,0.000,0.000,0.000,0.000,0.090,-0.001
120.61,0.470,0,0.902,1.717,0,0.000,0.000,0.000,0.000,0.000,0.000,0.082,-0.005
120.81,0.470,0,2.328,1.719,0,0.000,0.000,0.000,0.000,0.000,0.000,0.098,-0.004
121.01,0.477,0,2.328,1.719,0,0.000,0.000,0.000,0.000,0.000,0.000,0.101,-0.004
121.21,0.475,0,2.328,1.719,0,0.000,0.000,0.000,0.000,0.000,0.000,0.106,0.001
121.41,0.475,0,0.902,1.724,0,0.000,0.000,0.000,0.000,0.000,0.000,0.106,0.001
121.61,0.475,0,0.902,1.724,0,0.000,0.000,0.000,0.000,0.000,0.000,0.098,0.008
121.81,0.477,0,2.329,1.717,0,0.000,0.000,0.000,0.000,0.000,0.000,0.103,-0.002
122.01,0.474,0,2.329,1.717,0,0.000,0.000,0.000,0.000,0.000,0.000,0.098,-0.002
122.21,0.474,0,2.329,1.717,0,0.000,0.000,0.000,0.000,0.000,0.000,0.098,-0.002
122.41,0.470,0,2.328,1.717,0,0.000,0.000,0.000,0.000,0.000,0.000,0.096,-0.004
122.61,0.470,0,2.328,1.717,0,0.000,0.000,0.000,0.000,0.000,0.000,0.102,-0.006
122.81,0.470,0,2.329,1.721,0,0.000,0.000,0.000,0.000,0.000,0.000,0.094,-0.014
123.01,0.470,0,2.329,1.721,0,0.000,0.000,0.000,0.000,0.000,0.000,0.095,-0.004
123.21,0.789,0,2.329,1.721,0,0.000,0.000,0.000,0.000,0.000,0.000,0.095,-0.004
123.41,0.475,0,2.327,1.721,0,0.000,0.000,0.000,0.000,0.000,0.000,0.098,-0.005
123.61,0.475,0,2.327,1.721,0,0.000,0.000,0.000,0.000,0.000,0.000,0.098,-0.010
123.81,0.789,0,2.326,1.719,0,0.000,0.000,0.000,0.000,0.000,0.000,0.100,-0.011
124.01,0.789,0,2.326,1.719,0,0.000,0.000,0.000,0.000,0.000,0.000,0.100,-0.011
124.21,0.481,0,2.326,1.719,0,0.000,0.000,0.000,0.000,0.000,0.000,0.101,-0.005
124.41,0.481,0,2.328,1.714,0,0.000,0.000,0.000,0.000,0.000,0.000,0.102,-0.002
124.61,0.479,0,2.328,1.714,0,0.000,0.000,0.000,0.000,0.000,0.000,0.098,0.000
124.81,0.479,0,2.328,1.722,0,0.000,0.000,0.000,0.000,0.000,0.000,0.098,0.000
125.01,0.790,0,2.328,1.722,0,0.000,0.000,0.000,0.000,0.000,0.000,0.096,0.001
125.21,0.477,0,2.328,1.722,0,0.000,0.000,0.000,0.000,0.000,0.000,0.095,-0.005
125.41,0.484,0,2.329,1.720,0,0.000,0.000,0.000,0.000,0.000,0.000,0.090,-0.003
125.61,0.472,0,2.329,1.720,0,0.000,0.000,0.000,0.000,0.000,0.000,0.101,-0.002
125.81,0.472,0,2.334,1.718,0,0.000,0.000,0.000,0.000,0.000,0.000,0.101,-0.002
126.01,0.785,0,2.334,1.718,0,0.000,0.000,0.000,0.000,0.000,0.000,0.098,-0.001
126.21,0.481,0,2.334,1.718,0,0.000,0.000,0.000,0.000,0.000,0.000,0.087,0.001
126.41,0.475,0,2.342,1.720,0,0.000,0.000,0.000,0.000,0.000,0.000,0.087,-0.006
126.61,0.475,0,2.342,1.720,0,0.000,0.000,0.000,0.000,0.000,0.000,0.087,-0.006
126.81,0.474,0,0.903,1.719,0,0.000,0.000,0.000,0.000,0.000,0.000,0.103,-0.004
127.01,0.790,0,0.903,1.719,0,0.000,0.000,0.000,0.000,0.000,0.000,0.106,0.003
127.21,0.475,0,0.903,1.719,0,0.000,0.000,0.000,0.000,0.000,0.000,0.101,-0.000
127.41,0.475,0,2.330,1.720,0,0.000,0.000,0.000,0.000,0.000,0.000,0.105,-0.005
127.61,0.475,0,2.330,1.720,0,0.000,0.000,0.000,0.000,0.000,0.000,0.105,-0.005
127.81,0.489,0,0.901,1.723,0,0.000,0.000,0.000,0.000,0.000,0.000,0.096,0.004
128.01,0.107,0,0.901,1.723,0,0.000,0.000,0.000,0.000,0.000,0.000,0.100,-0.004
128.21,0.470,0,0.901,1.723,0,0.000,0.000,0.000,0.000,0.000,0.000,0.096,0.004
128.41,0.470,0,2.337,1.718,0,0.000,0.000,0.000,0.000,0.000,0.000,0.096,0.004
128.61,0.484,0,2.337,1.718,0,0.000,0.000,0.000,0.000,0.000,0.000,0.100,-0.002
128.81,0.479,0,2.328,1.717,0,0.000,0.000,0.000,0.000,0.000,0.000,0.097,-0.003
129.01,0.470,0,2.328,1.717,0,0.000,0.000,0.000,0.000,0.000,0.000,0.098,-0.002
129.21,0.470,0,2.328,1.717,0,0.000,0.000,0.000,0.000,0.000,0.000,0.098,-0.002
129.41,0.475,0,2.329,1.720,0,0.000,0.000,0.000,0.000,0.000,0.000,0.101,-0.006
129.61,0.477,0,2.329,1.720,0,0.000,0.000,0.000,0.000,0.000,0.000,0.104,-0.005
129.81,0.475,0,0.902,1.719,0,0.000,0.000,0.000,0.000,0.000,0.000,0.100,-0.003
130.01,0.475,0,0.902,1.719,0,0.000,0.000,0.000,0.000,0.000,0.000,0.107,-0.006
130.21,0.477,0,0.902,1.719,0,0.000,0.000,0.000,0.000,0.000,0.000,0.107,-0.006
130.41,0.470,0,0.902,1.726,0,0.000,0.000,0.000,0.000,0.000,0.000,0.105,0.001
130.61,0.474,0,0.902,1.726,0,0.000,0.000,0.000,0.000,0.000,0.000,0.103,0.002
130.81,0.488,0,0.902,1.723,0,0.000,0.000,0.000,0.000,0.000,0.000,0.106,0.007
131.01,0.488,0,0.902,1.723,0,0.000,0.000,0.000,0.000,0.000,0.000,0.106,0.007
131.21,0.479,0,0.902,1.723,0,0.000,0.000,0.000,0.000,0.000,0.000,0.107,0.002
131.41,0.481,0,2.334,1.725,0,0.000,0.000,0.000,0.000,0.000,0.000,0.100,-0.005
131.61,0.475,0,2.334,1.725,0,0.000,0.000,0.000,0.000,0.000,0.000,0.102,-0.001
131.81,0.475,0,2.338,1.729,0,0.000,0.000,0.000,0.000,0.000,0.000,0.102,-0.001
132.01,0.481,0,2.338,1.729,0,0.000,0.000,0.000,0.000,0.000,0.000,0.104,-0.001
132.21,0.474,0,2.338,1.729,0,0.000,0.000,0.000,0.000,0.000,0.000,0.100,-0.005
132.41,0.470,0,0.903,2.429,0,0.000,0.000,0.000,0.000,0.000,0.000,0.097,-0.004
132.61,0.470,0,0.903,2.429,0,0.000,0.000,0.000,0.000,0.000,0.000,0.095,0.002
132.81,0.475,0,0.902,1.798,0,0.000,0.000,0.000,0.000,0.000,0.000,0.095,0.002
133.01,0.470,0,0.902,1.798,0,0.000,0.000,0.000,0.000,0.000,0.000,0.094,-0.004
133.21,0.470,0,0.902,1.798,0,0.000,0.000,0.000,0.000,0.000,0.000,0.102,-0.003
133.41,0.475,0,1.272,1.238,1,0.000,0.000,0.000,0.000,0.000,0.000,0.097,-0.001
133.61,0.475,0,1.272,1.238,1,0.000,0.000,0.000,0.000,0.000,0.000,0.097,-0.001
133.81,0.470,0,0.792,1.051,0,0.000,0.000,0.000,0.000,0.000,0.000,0.094,-0.003
134.01,0.491,0,0.792,1.051,0,0.000,0.000,0.000,0.000,0.000,0.000,0.078,-0.002
134.21,0.487,0,0.792,1.051,0,0.000,0.000,0.000,0.000,0.000,0.000,0.083,-0.010
134.41,0.487,0,0.851,0.991,1,0.000,0.000,0.000,0.000,0.000,0.000,0.083,-0.010
134.61,0.475,0,0.851,0.991,1,0.000,0.000,0.000,0.000,0.000,0.000,0.090,0.001
134.81,0.477,0,1.364,1.495,1,0.000,0.000,0.000,0.000,0.000,0.000,0.091,-0.004
135.01,0.475,0,1.364,1.495,1,0.000,0.000,0.000,0.000,0.000,0.000,0.096,-0.005
135.21,0.475,0,1.364,1.495,1,0.000,0.000,0.000,0.000,0.000,0.000,0.090,-0.002
135.41,0.487,0,1.899,1.731,1,0.000,0.000,0.000,0.000,0.000,0.000,0.090,-0.002
135.61,0.482,0,1.899,1.731,1,0.000,0.000,0.000,0.000,0.000,0.000,0.095,0.002
135.81,0.474,0,0.902,1.728,0,0.000,0.000,0.000,0.000,0.000,0.000,0.091,0.004
136.01,0.472,0,0.902,1.728,0,0.000,0.000,0.000,0.000,0.000,0.000,0.092,-0.006
136.21,0.472,0,0.902,1.728,0,0.000,0.000,0.000,0.000,0.000,0.000,0.092,-0.006
136.41,0.475,0,2.326,1.723,0,0.000,0.000,0.000,0.000,0.000,0.000,0.097,-0.006
136.61,0.470,0,2.326,1.723,0,0.000,0.000,0.000,0.000,0.000,0.000,0.093,-0.004
136.81,0.791,0,0.902,1.722,0,0.000,0.000,0.000,0.000,0.000,0.000,0.092,-0.003
137.01,0.791,0,0.902,1.722,0,0.000,0.000,0.000,0.000,0.000,0.000,0.092,-0.003
137.21,0.472,0,0.902,1.722,0,0.000,0.000,0.000,0.000,0.000,0.000,0.100,-0.010
137.41,0.472,0,0.908,1.719,0,0.000,0.000,0.000,0.000,0.000,0.000,0.094,0.002
137.61,0.472,0,0.908,1.719,0,0.000,0.000,0.000,0.000,0.000,0.000,0.102,-0.007
137.81,0.472,0,0.902,1.715,0,0.000,0.000,0.000,0.000,0.000,0.000,0.107,-0.001
138.01,0.483,0,0.902,1.715,0,0.000,0.000,0.000,0.000,0.000,0.000,0.107,-0.001
138.21,0.488,0,0.902,1.715,0,0.000,0.000,0.000,0.000,0.000,0.000,0.101,-0.005
138.41,0.488,0,0.901,1.717,0,0.000,0.000,0.000,0.000,0.000,0.000,0.098,0.005
138.61,0.475,0,0.901,1.717,0,0.000,0.000,0.000,0.000,0.000,0.000,0.102,-0.005
138.81,0.475,0,0.903,1.716,0,0.000,0.000,0.000,0.000,0.000,0.000,0.102,-0.005
139.01,0.482,0,0.903,1.716,0,0.000,0.000,0.000,0.000,0.000,0.000,0.102,-0.003
139.21,0.470,0,0.903,1.716,0,0.000,0.000,0.000,0.000,0.000,0.000,0.098,-0.003
139.41,0.477,0,2.344,1.724,0,0.000,0.000,0.000,0.000,0.000,0.000,0.103,-0.007
139.61,0.477,0,2.344,1.724,0,0.000,0.000,0.000,0.000,0.000,0.000,0.103,-0.007
139.81,0.475,0,2.330,1.722,0,0.000,0.000,0.000,0.000,0.000,0.000,0.100,-0.005
140.01,0.486,0,2.330,1.722,0,0.000,0.000,0.000,0.000,0.000,0.000,0.100,-0.005
140.21,0.475,0,2.330,1.722,0,0.000,0.000,0.000,0.000,0.000,0.000,0.098,-0.002
140.41,0.484,0,2.331,1.718,0,0.000,0.000,0.000,0.000,0.000,0.000,0.101,-0.006
140.61,0.484,0,2.331,1.718,0,0.000,0.000,0.000,0.000,0.000,0.000,0.101,-0.006
140.81,0.789,0,2.329,1.720,0,0.000,0.000,0.000,0.000,0.000,0.000,0.097,-0.003
141.01,0.489,0,2.329,1.720,0,0.000,0.000,0.000,0.000,0.000,0.000,0.103,-0.007
141.21,0.470,0,2.329,1.720,0,0.000,0.000,0.000,0.000,0.000,0.000,0.102,-0.001
141.41,0.470,0,0.902,1.718,0,0.000,0.000,0.000,0.000,0.000,0.000,0.102,-0.001
141.61,0.488,0,0.902,1.718,0,0.000,0.000,0.000,0.000,0.000,0.000,0.099,-0.000
141.81,0.475,0,2.334,1.716,0,0.000,0.000,0.000,0.000,0.000,0.000,0.098,-0.005
142.01,0.487,0,2.334,1.716,0,0.000,0.000,0.000,0.000,0.000,0.000,0.100,-0.004
142.21,0.487,0,2.334,1.716,0,0.000,0.000,0.000,0.000,0.000,0.000,0.102,-0.001
142.41,0.475,0,0.902,1.719,0,0.000,0.000,0.000,0.000,0.000,0.000,0.102,-0.001
142.61,0.470,0,0.902,1.719,0,0.000,0.000,0.000,0.000,0.000,0.000,0.100,0.001
142.81,0.477,0,0.902,1.724,0,0.000,0.000,0.000,0.000,0.000,0.000,0.100,-0.002
143.01,0.472,0,0.902,1.724,0,0.000,0.000,0.000,0.000,0.000,0.000,0.100,-0.000
143.21,0.472,0,0.902,1.724,0,0.000,0.000,0.000,0.000,0.000,0.000,0.100,-0.000
143.41,0.479,0,0.901,1.724,0,0.000,0.000,0.000,0.000,0.000,0.000,0.102,0.002
143.61,0.484,0,0.901,1.724,0,0.000,0.000,0.000,0.000,0.000,0.000,0.102,0.000
143.81,0.479,0,0.902,1.716,0,0.000,0.000,0.000,0.000,0.000,0.000,0.098,-0.002
144.01,0.479,0,0.902,1.716,0,0.000,0.000,0.000,0.000,0.000,0.000,0.098,-0.002
144.21,0.482,0,0.902,1.716,0,0.000,0.000,0.000,0.000,0.000,0.000,0.100,-0.001
144.41,0.475,0,2.327,1.718,0,0.000,0.000,0.000,0.000,0.000,0.000,0.098,0.001
144.61,0.472,0,2.327,1.718,0,0.000,0.000,0.000,0.000,0.000,0.000,0.100,-0.008
144.81,0.472,0,2.327,1.722,0,0.000,0.000,0.000,0.000,0.000,0.000,0.104,-0.002
145.01,0.474,0,2.327,1.722,0,0.000,0.000,0.000,0.000,0.000,0.000,0.104,-0.002
145.21,0.470,0,2.327,1.722,0,0.000,0.000,0.000,0.000,0.000,0.000,0.101,-0.003
145.41,0.486,0,0.905,1.720,0,0.000,0.000,0.000,0.000,0.000,0.000,0.108,0.000
145.61,0.484,0,0.905,1.720,0,0.000,0.000,0.000,0.000,0.000,0.000,0.101,-0.005
145.81,0.484,0,0.902,1.720,0,0.000,0.000,0.000,0.000,0.000,0.000,0.101,-0.005
146.01,0.470,0,0.902,1.720,0,0.000,0.000,0.000,0.000,0.000,0.000,0.103,-0.004
146.21,0.475,0,0.902,1.720,0,0.000,0.000,0.000,0.000,0.000,0.000,0.097,0.001
146.41,0.789,0,2.334,1.717,0,0.000,0.000,0.000,0.000,0.000,0.000,0.101,-0.004
146.61,0.789,0,2.334,1.717,0,0.000,0.000,0.000,0.000,0.000,0.000,0.101,-0.004
146.81,0.470,0,0.902,1.717,0,0.000,0.000,0.000,0.000,0.000,0.000,0.103,-0.005
147.01,0.479,0,0.902,1.717,0,0.000,0.000,0.000,0.000,0.000,0.000,0.107,-0.001
147.21,0.470,0,0.902,1.717,0,0.000,0.000,0.000,0.000,0.000,0.000,0.103,0.003
147.41,0.470,0,0.902,1.719,0,0.000,0.000,0.000,0.000,0.000,0.000,0.103,-0.007
147.61,0.470,0,0.902,1.719,0,0.000,0.000,0.000,0.000,0.000,0.000,0.103,-0.007
147.81,0.481,0,2.340,1.721,0,0.000,0.000,0.000,0.000,0.000,0.000,0.101,-0.001
148.01,0.472,0,2.340,1.721,0,0.000,0.000,0.000,0.000,0.000,0.000,0.101,-0.002
148.21,0.470,0,2.340,1.721,0,0.000,0.000,0.000,0.000,0.000,0.000,0.097,0.001
148.41,0.470,0,2.340,1.716,0,0.000,0.000,0.000,0.000,0.000,0.000,0.097,0.001
148.61,0.489,0,2.340,1.716,0,0.000,0.000,0.000,0.000,0.000,0.000,0.098,-0.003
148.81,0.791,0,2.330,1.717,0,0.000,0.000,0.000,0.000,0.000,0.000,0.098,0.001
149.01,0.475,0,2.330,1.717,0,0.000,0.000,0.000,0.000,0.000,0.000,0.101,-0.001
149.21,0.475,0,2.330,1.717,0,0.000,0.000,0.000,0.000,0.000,0.000,0.101,-0.001
149.41,0.474,0,0.902,1.718,0,0.000,0.000,0.000,0.000,0.000,0.000,0.097,0.000
149.61,0.481,0,0.902,1.718,0,0.000,0.000,0.000,0.000,0.000,0.000,0.097,-0.003
149.81,0.474,0,0.902,1.725,0,0.000,0.000,0.000,0.000,0.000,0.000,0.101,-0.001
150.01,0.470,0,0.902,1.725,0,0.000,0.000,0.000,0.000,0.000,0.000,0.100,-0.004
150.21,0.470,0,0.902,1.725,0,0.000,0.000,0.000,0.000,0.000,0.000,0.100,-0.004
150.41,0.484,0,2.330,1.720,0,0.000,0.000,0.000,0.000,0.000,0.000,0.102,-0.000
150.61,0.490,0,2.330,1.720,0,0.000,0.000,0.000,0.000,0.000,0.000,0.087,-0.003
150.81,0.479,0,2.330,1.721,0,0.000,0.000,0.000,0.000,0.000,0.000,0.102,-0.003
151.01,0.479,0,2.330,1.721,0,0.000,0.000,0.000,0.000,0.000,0.000,0.102,-0.003
151.21,0.472,0,2.330,1.721,0,0.000,0.000,0.000,0.000,0.000,0.000,0.100,-0.002
151.41,0.479,0,2.330,1.719,0,0.000,0.000,0.000,0.000,0.000,0.000,0.099,-0.003
151.61,0.789,0,2.330,1.719,0,0.000,0.000,0.000,0.000,0.000,0.000,0.097,-0.001
151.81,0.789,0,2.330,1.721,0,0.000,0.000,0.000,0.000,0.000,0.000,0.106,-0.003
152.01,0.472,0,2.330,1.721,0,0.000,0.000,0.000,0.000,0.000,0.000,0.106,-0.003
152.21,0.477,0,2.330,1.721,0,0.000,0.000,0.000,0.000,0.000,0.000,0.098,0.001
152.41,0.479,0,0.902,1.716,0,0.000,0.000,0.000,0.000,0.000,0.000,0.092,-0.005
152.61,0.470,0,0.902,1.716,0,0.000,0.000,0.000,0.000,0.000,0.000,0.098,-0.005
152.81,0.470,0,2.328,1.718,0,0.000,0.000,0.000,0.000,0.000,0.000,0.098,-0.005
153.01,0.479,0,2.328,1.718,0,0.000,0.000,0.000,0.000,0.000,0.000,0.096,-0.005
153.21,0.790,0,2.328,1.718,0,0.000,0.000,0.000,0.000,0.000,0.000,0.098,-0.008
153.41,0.479,0,2.326,1.716,0,0.000,0.000,0.000,0.000,0.000,0.000,0.094,-0.004
153.61,0.479,0,2.326,1.716,0,0.000,0.000,0.000,0.000,0.000,0.000,0.094,-0.004
153.81,0.479,0,0.904,1.719,0,0.000,0.000,0.000,0.000,0.000,0.000,0.101,-0.002
154.01,0.474,0,0.904,1.719,0,0.000,0.000,0.000,0.000,0.000,0.000,0.104,-0.002
154.21,0.477,0,0.904,1.719,0,0.000,0.000,0.000,0.000,0.000,0.000,0.100,-0.005
154.41,0.477,0,2.334,1.718,0,0.000,0.000,0.000,0.000,0.000,0.000,0.099,-0.003
154.61,0.483,0,2.334,1.718,0,0.000,0.000,0.000,0.000,0.000,0.000,0.099,-0.003
154.81,0.470,0,2.339,1.717,0,0.000,0.000,0.000,0.000,0.000,0.000,0.096,-0.000
155.01,0.470,0,2.339,1.717,0,0.000,0.000,0.000,0.000,0.000,0.000,0.097,0.002
155.21,0.789,0,2.339,1.717,0,0.000,0.000,0.000,0.000,0.000,0.000,0.098,-0.006
155.41,0.789,0,2.330,1.717,0,0.000,0.000,0.000,0.000,0.000,0.000,0.098,-0.006
155.61,0.790,0,2.330,1.717,0,0.000,0.000,0.000,0.000,0.000,0.000,0.100,-0.004
155.81,0.475,0,2.339,1.717,0,0.000,0.000,0.000,0.000,0.000,0.000,0.095,-0.001
156.01,0.789,0,2.339,1.717,0,0.000,0.000,0.000,0.000,0.000,0.000,0.100,-0.010
156.21,0.789,0,2.339,1.717,0,0.000,0.000,0.000,0.000,0.000,0.000,0.100,-0.010
156.41,0.475,0,0.902,1.720,0,0.000,0.000,0.000,0.000,0.000,0.000,0.100,-0.002
156.61,0.789,0,0.902,1.720,0,0.000,0.000,0.000,0.000,0.000,0.000,0.099,-0.004
156.81,0.470,0,2.335,1.719,0,0.000,0.000,0.000,0.000,0.000,0.000,0.098,-0.005
157.01,0.470,0,2.335,1.719,0,0.000,0.000,0.000,0.000,0.000,0.000,0.097,-0.006
157.21,0.472,0,2.335,1.719,0,0.000,0.000,0.000,0.000,0.000,0.000,0.097,-0.006
157.41,0.479,0,2.331,1.719,0,0.000,0.000,0.000,0.000,0.000,0.000,0.097,-0.000
157.61,0.477,0,2.331,1.719,0,0.000,0.000,0.000,0.000,0.000,0.000,0.097,-0.004
157.81,0.474,0,2.328,1.720,0,0.000,0.000,0.000,0.000,0.000,0.000,0.099,-0.005
158.01,0.474,0,2.328,1.720,0,0.000,0.000,0.000,0.000,0.000,0.000,0.099,-0.005
158.21,0.790,0,2.328,1.720,0,0.000,0.000,0.000,0.000,0.000,0.000,0.099,-0.006
158.41,0.474,0,2.337,1.718,0,0.000,0.000,0.000,0.000,0.000,0.000,0.102,-0.002
158.61,0.486,0,2.337,1.718,0,0.000,0.000,0.000,0.000,0.000,0.000,0.096,0.001
158.81,0.486,0,2.330,1.717,0,0.000,0.000,0.000,0.000,0.000,0.000,0.096,0.001
159.01,0.479,0,2.330,1.717,0,0.000,0.000,0.000,0.000,0.000,0.000,0.100,-0.008
159.21,0.789,0,2.330,1.717,0,0.000,0.000,0.000,0.000,0.000,0.000,0.102,-0.003
159.41,0.475,0,2.340,1.717,0,0.000,0.000,0.000,0.000,0.000,0.000,0.096,0.001
159.61,0.789,0,2.340,1.717,0,0.000,0.000,0.000,0.000,0.000,0.000,0.093,-0.005
159.81,0.789,0,2.329,1.717,0,0.000,0.000,0.000,0.000,0.000,0.000,0.093,-0.005
160.01,0.470,0,2.329,1.717,0,0.000,0.000,0.000,0.000,0.000,0.000,0.104,-0.008
160.21,0.484,0,2.329,1.717,0,0.000,0.000,0.000,0.000,0.000,0.000,0.102,0.000
160.41,0.475,0,0.902,1.721,0,0.000,0.000,0.000,0.000,0.000,0.000,0.100,-0.000
160.61,0.475,0,0.902,1.721,0,0.000,0.000,0.000,0.000,0.000,0.000,0.100,-0.000
160.81,0.475,0,2.325,1.717,0,0.000,0.000,0.000,0.000,0.000,0.000,0.097,-0.001
161.01,0.475,0,2.325,1.717,0,0.000,0.000,0.000,0.000,0.000,0.000,0.094,-0.005
161.21,0.481,0,2.325,1.717,0,0.000,0.000,0.000,0.000,0.000,0.000,0.099,-0.009
161.41,0.481,0,2.327,1.719,0,0.000,0.000,0.000,0.000,0.000,0.000,0.096,-0.003
161.61,0.475,0,2.327,1.719,0,0.000,0.000,0.000,0.000,0.000,0.000,0.096,-0.003
161.81,0.479,0,2.342,1.719,0,0.000,0.000,0.000,0.000,0.000,0.000,0.100,-0.006
162.01,0.481,0,2.342,1.719,0,0.000,0.000,0.000,0.000,0.000,0.000,0.097,-0.001
162.21,0.789,0,2.342,1.719,0,0.000,0.000,0.000,0.000,0.000,0.000,0.096,-0.003
162.41,0.789,0,2.327,1.717,0,0.000,0.000,0.000,0.000,0.000,0.000,0.096,-0.003
162.61,0.474,0,2.327,1.717,0,0.000,0.000,0.000,0.000,0.000,0.000,0.095,0.001
162.81,0.470,0,0.902,1.715,0,0.000,0.000,0.000,0.000,0.000,0.000,0.100,-0.004
163.01,0.475,0,0.902,1.715,0,0.000,0.000,0.000,0.000,0.000,0.000,0.099,-0.002
163.21,0.475,0,0.902,1.715,0,0.000,0.000,0.000,0.000,0.000,0.000,0.099,-0.002
163.41,0.475,0,2.340,1.719,0,0.000,0.000,0.000,0.000,0.000,0.000,0.096,-0.001
163.61,0.479,0,2.340,1.719,0,0.000,0.000,0.000,0.000,0.000,0.000,0.091,0.002
163.81,0.788,0,0.902,1.717,0,0.000,0.000,0.000,0.000,0.000,0.000,0.094,-0.002
164.01,0.788,0,0.902,1.717,0,0.000,0.000,0.000,0.000,0.000,0.000,0.091,-0.004
164.21,0.790,0,0.902,1.717,0,0.000,0.000,0.000,0.000,0.000,0.000,0.091,-0.004
164.41,0.479,0,2.334,1.721,0,0.000,0.000,0.000,0.000,0.000,0.000,0.088,-0.005
164.61,0.477,0,2.334,1.721,0,0.000,0.000,0.000,0.000,0.000,0.000,0.098,-0.008
164.81,0.472,0,0.907,1.719,0,0.000,0.000,0.000,0.000,0.000,0.000,0.096,-0.004
165.01,0.472,0,0.907,1.719,0,0.000,0.000,0.000,0.000,0.000,0.000,0.096,-0.004
165.21,0.475,0,0.907,1.719,0,0.000,0.000,0.000,0.000,0.000,0.000,0.095,-0.001
165.41,0.479,0,0.902,1.718,0,0.000,0.000,0.000,0.000,0.000,0.000,0.102,0.001
165.61,0.470,0,0.902,1.718,0,0.000,0.000,0.000,0.000,0.000,0.000,0.094,-0.006
165.81,0.470,0,0.902,1.718,0,0.000,0.000,0.000,0.000,0.000,0.000,0.094,-0.006
166.01,0.479,0,0.902,1.718,0,0.000,0.000,0.000,0.000,0.000,0.000,0.097,0.001
166.21,0.488,0,0.902,1.718,0,0.000,0.000,0.000,0.000,0.000,0.000,0.105,-0.000
166.41,0.472,0,2.328,1.719,0,0.000,0.000,0.000,0.000,0.000,0.000,0.113,0.005
166.61,0.472,0,2.328,1.719,0,0.000,0.000,0.000,0.000,0.000,0.000,0.110,0.002
166.81,0.474,0,2.329,1.716,0,0.000,0.000,0.000,0.000,0.000,0.000,0.110,0.002
167.01,0.485,0,2.329,1.716,0,0.000,0.000,0.000,0.000,0.000,0.000,0.096,0.002
167.21,0.470,0,2.329,1.716,0,0.000,0.000,0.000,0.000,0.000,0.000,0.099,-0.002
167.41,0.792,0,2.329,1.719,0,0.000,0.000,0.000,0.000,0.000,0.000,0.105,0.000
167.61,0.792,0,2.329,1.719,0,0.000,0.000,0.000,0.000,0.000,0.000,0.105,0.000
167.81,0.474,0,2.329,1.719,0,0.000,0.000,0.000,0.000,0.000,0.000,0.093,0.000
168.01,0.479,0,2.329,1.719,0,0.000,0.000,0.000,0.000,0.000,0.000,0.113,-0.001
168.21,0.470,0,2.329,1.719,0,0.000,0.000,0.000,0.000,0.000,0.000,0.097,0.000
168.41,0.470,0,2.330,1.721,0,0.000,0.000,0.000,0.000,0.000,0.000,0.097,0.000
168.61,0.474,0,2.330,1.721,0,0.000,0.000,0.000,0.000,0.000,0.000,0.102,-0.005
168.81,0.479,0,2.336,1.721,0,0.000,0.000,0.000,0.000,0.000,0.000,0.102,0.001
169.01,0.475,0,2.336,1.721,0,0.000,0.000,0.000,0.000,0.000,0.000,0.098,0.000
169.21,0.470,0,2.336,1.721,0,0.000,0.000,0.000,0.000,0.000,0.000,0.108,-0.005
169.41,0.470,0,2.330,1.720,0,0.000,0.000,0.000,0.000,0.000,0.000,0.108,-0.005
169.61,0.475,0,2.330,1.720,0,0.000,0.000,0.000,0.000,0.000,0.000,0.103,-0.001
169.81,0.470,0,2.338,1.717,0,0.000,0.000,0.000,0.000,0.000,0.000,0.103,0.001
170.01,0.470,0,2.338,1.717,0,0.000,0.000,0.000,0.000,0.000,0.000,0.098,0.004
170.21,0.470,0,2.338,1.717,0,0.000,0.000,0.000,0.000,0.000,0.000,0.098,0.004
170.41,0.475,0,2.334,1.716,0,0.000,0.000,0.000,0.000,0.000,0.000,0.101,-0.001
170.61,0.474,0,2.334,1.716,0,0.000,0.000,0.000,0.000,0.000,0.000,0.102,-0.002
170.81,0.479,0,0.903,1.724,0,0.000,0.000,0.000,0.000,0.000,0.000,0.099,0.004
171.01,0.479,0,0.903,1.724,0,0.000,0.000,0.000,0.000,0.000,0.000,0.100,-0.000
171.21,0.789,0,0.903,1.724,0,0.000,0.000,0.000,0.000,0.000,0.000,0.100,-0.000
171.41,0.470,0,2.329,1.717,0,0.000,0.000,0.000,0.000,0.000,0.000,0.098,-0.003
171.61,0.472,0,2.329,1.717,0,0.000,0.000,0.000,0.000,0.000,0.000,0.099,0.004
171.81,0.475,0,2.327,1.721,0,0.000,0.000,0.000,0.000,0.000,0.000,0.098,-0.000
172.01,0.475,0,2.327,1.721,0,0.000,0.000,0.000,0.000,0.000,0.000,0.098,-0.000
172.21,0.474,0,2.327,1.721,0,0.000,0.000,0.000,0.000,0.000,0.000,0.107,-0.001
172.41,0.477,0,0.900,1.718,0,0.000,0.000,0.000,0.000,0.000,0.000,0.100,-0.005
172.61,0.475,0,0.900,1.718,0,0.000,0.000,0.000,0.000,0.000,0.000,0.101,-0.003
172.81,0.475,0,2.331,1.717,0,0.000,0.000,0.000,0.000,0.000,0.000,0.101,-0.003
173.01,0.481,0,2.331,1.717,0,0.000,0.000,0.000,0.000,0.000,0.000,0.104,-0.007
173.21,0.475,0,2.331,1.717,0,0.000,0.000,0.000,0.000,0.000,0.000,0.105,-0.006
173.41,0.470,0,2.340,1.722,0,0.000,0.000,0.000,0.000,0.000,0.000,0.099,0.001
173.61,0.470,0,2.340,1.722,0,0.000,0.000,0.000,0.000,0.000,0.000,0.100,-0.006
173.81,0.474,0,2.329,1.717,0,0.000,0.000,0.000,0.000,0.000,0.000,0.100,-0.006
174.01,0.470,0,2.329,1.717,0,0.000,0.000,0.000,0.000,0.000,0.000,0.104,-0.003
174.21,0.474,0,2.329,1.717,0,0.000,0.000,0.000,0.000,0.000,0.000,0.102,-0.003
174.41,0.470,0,0.901,1.721,0,0.000,0.000,0.000,0.000,0.000,0.000,0.093,0.001
174.61,0.470,0,0.901,1.721,0,0.000,0.000,0.000,0.000,0.000,0.000,0.093,0.001
174.81,0.790,0,2.329,1.722,0,0.000,0.000,0.000,0.000,0.000,0.000,0.097,-0.001
175.01,0.477,0,2.329,1.722,0,0.000,0.000,0.000,0.000,0.000,0.000,0.092,0.002
175.21,0.472,0,2.329,1.722,0,0.000,0.000,0.000,0.000,0.000,0.000,0.094,-0.001
175.41,0.472,0,0.902,1.720,0,0.000,0.000,0.000,0.000,0.000,0.000,0.094,-0.001
175.61,0.472,0,0.902,1.720,0,0.000,0.000,0.000,0.000,0.000,0.000,0.091,-0.001
175.81,0.470,0,0.901,1.718,0,0.000,0.000,0.000,0.000,0.000,0.000,0.094,-0.004
176.01,0.475,0,0.901,1.718,0,0.000,0.000,0.000,0.000,0.000,0.000,0.093,0.000
176.21,0.475,0,0.901,1.718,0,0.000,0.000,0.000,0.000,0.000,0.000,0.091,0.002
176.41,0.477,0,2.337,1.720,0,0.000,0.000,0.000,0.000,0.000,0.000,0.091,0.002
176.61,0.474,0,2.337,1.720,0,0.000,0.000,0.000,0.000,0.000,0.000,0.088,-0.001
176.81,0.475,0,2.335,1.720,0,0.000,0.000,0.000,0.000,0.000,0.000,0.091,-0.002
177.01,0.470,0,2.335,1.720,0,0.000,0.000,0.000,0.000,0.000,0.000,0.094,-0.003
177.21,0.470,0,2.335,1.720,0,0.000,0.000,0.000,0.000,0.000,0.000,0.094,-0.003
177.41,0.479,0,0.901,1.718,0,0.000,0.000,0.000,0.000,0.000,0.000,0.095,0.003
177.61,0.474,0,0.901,1.718,0,0.000,0.000,0.000,0.000,0.000,0.000,0.091,0.000
177.81,0.477,0,0.902,1.720,0,0.000,0.000,0.000,0.000,0.000,0.000,0.086,-0.000
178.01,0.477,0,0.902,1.720,0,0.000,0.000,0.000,0.000,0.000,0.000,0.086,-0.000
178.21,0.472,0,0.902,1.720,0,0.000,0.000,0.000,0.000,0.000,0.000,0.088,-0.001
178.41,0.475,0,0.903,1.719,0,0.000,0.000,0.000,0.000,0.000,0.000,0.097,0.006
178.61,0.483,0,0.903,1.719,0,0.000,0.000,0.000,0.000,0.000,0.000,0.097,0.003
178.81,0.483,0,2.328,1.717,0,0.000,0.000,0.000,0.000,0.000,0.000,0.101,-0.009
179.01,0.790,0,2.328,1.717,0,0.000,0.000,0.000,0.000,0.000,0.000,0.101,-0.009
179.21,0.475,0,2.328,1.717,0,0.000,0.000,0.000,0.000,0.000,0.000,0.094,0.001
179.41,0.472,0,0.902,1.716,0,0.000,0.000,0.000,0.000,0.000,0.000,0.100,0.003
179.61,0.479,0,0.902,1.716,0,0.000,0.000,0.000,0.000,0.000,0.000,0.102,0.003
179.81,0.479,0,0.902,1.724,0,0.000,0.000,0.000,0.000,0.000,0.000,0.102,0.003
180.01,0.475,0,0.902,1.724,0,0.000,0.000,0.000,0.000,0.000,0.000,0.103,-0.006
180.21,0.477,0,0.902,1.724,0,0.000,0.000,0.000,0.000,0.000,0.000,0.101,0.004
180.41,0.472,0,2.335,1.722,0,0.000,0.000,0.000,0.000,0.000,0.000,0.098,-0.002
180.61,0.472,0,2.335,1.722,0,0.000,0.000,0.000,0.000,0.000,0.000,0.098,-0.002
180.81,0.470,0,2.335,1.717,0,0.000,0.000,0.000,0.000,0.000,0.000,0.089,-0.003
181.01,0.470,0,2.335,1.717,0,0.000,0.000,0.000,0.000,0.000,0.000,0.090,-0.010
181.21,0.474,0,2.335,1.717,0,0.000,0.000,0.000,0.000,0.000,0.000,0.090,0.002
181.41,0.474,0,0.900,1.717,0,0.000,0.000,0.000,0.000,0.000,0.000,0.094,-0.006
181.61,0.474,0,0.900,1.717,0,0.000,0.000,0.000,0.000,0.000,0.000,0.094,-0.006
181.81,0.479,0,2.335,1.717,0,0.000,0.000,0.000,0.000,0.000,0.000,0.093,-0.003
182.01,0.477,0,2.335,1.717,0,0.000,0.000,0.000,0.000,0.000,0.000,0.090,-0.005
182.21,0.475,0,2.335,1.717,0,0.000,0.000,0.000,0.000,0.000,0.000,0.096,-0.003
182.41,0.475,0,2.338,1.722,0,0.000,0.000,0.000,0.000,0.000,0.000,0.096,-0.003
182.61,0.475,0,2.338,1.722,0,0.000,0.000,0.000,0.000,0.000,0.000,0.095,-0.007
182.81,0.789,0,0.902,1.717,0,0.000,0.000,0.000,0.000,0.000,0.000,0.101,-0.004
183.01,0.479,0,0.902,1.717,0,0.000,0.000,0.000,0.000,0.000,0.000,0.091,0.001
183.21,0.479,0,0.902,1.717,0,0.000,0.000,0.000,0.000,0.000,0.000,0.091,0.001
183.41,0.479,0,0.902,1.722,0,0.000,0.000,0.000,0.000,0.000,0.000,0.095,-0.003
183.61,0.477,0,0.902,1.722,0,0.000,0.000,0.000,0.000,0.000,0.000,0.096,0.000
183.81,0.481,0,2.337,1.721,0,0.000,0.000,0.000,0.000,0.000,0.000,0.094,-0.006
184.01,0.481,0,2.337,1.721,0,0.000,0.000,0.000,0.000,0.000,0.000,0.091,0.000
184.21,0.481,0,2.337,1.721,0,0.000,0.000,0.000,0.000,0.000,0.000,0.091,0.000
184.41,0.475,0,0.904,1.722,0,0.000,0.000,0.000,0.000,0.000,0.000,0.090,0.000
184.61,0.477,0,0.904,1.722,0,0.000,0.000,0.000,0.000,0.000,0.000,0.095,-0.005
184.81,0.785,0,0.900,1.719,0,0.000,0.000,0.000,0.000,0.000,0.000,0.097,-0.003
185.01,0.785,0,0.900,1.719,0,0.000,0.000,0.000,0.000,0.000,0.000,0.097,-0.003
185.21,0.791,0,0.900,1.719,0,0.000,0.000,0.000,0.000,0.000,0.000,0.099,-0.006
185.41,0.475,0,0.902,1.722,0,0.000,0.000,0.000,0.000,0.000,0.000,0.097,-0.003
185.61,0.479,0,0.902,1.722,0,0.000,0.000,0.000,0.000,0.000,0.000,0.100,-0.009
185.81,0.479,0,0.901,1.716,0,0.000,0.000,0.000,0.000,0.000,0.000,0.092,0.000
186.01,0.475,0,0.901,1.716,0,0.000,0.000,0.000,0.000,0.000,0.000,0.092,0.000
186.21,0.475,0,0.901,1.716,0,0.000,0.000,0.000,0.000,0.000,0.000,0.093,-0.005
186.41,0.472,0,0.902,1.719,0,0.000,0.000,0.000,0.000,0.000,0.000,0.092,0.002
186.61,0.475,0,0.902,1.719,0,0.000,0.000,0.000,0.000,0.000,0.000,0.095,-0.009
186.81,0.475,0,0.901,1.717,0,0.000,0.000,0.000,0.000,0.000,0.000,0.095,-0.009
187.01,0.470,0,0.901,1.717,0,0.000,0.000,0.000,0.000,0.000,0.000,0.098,0.006
187.21,0.486,0,0.901,1.717,0,0.000,0.000,0.000,0.000,0.000,0.000,0.094,-0.001
187.41,0.479,0,0.903,1.719,0,0.000,0.000,0.000,0.000,0.000,0.000,0.099,-0.007
187.61,0.479,0,0.903,1.719,0,0.000,0.000,0.000,0.000,0.000,0.000,0.099,-0.007
187.81,0.790,0,0.901,1.715,0,0.000,0.000,0.000,0.000,0.000,0.000,0.101,-0.004
188.01,0.477,0,0.901,1.715,0,0.000,0.000,0.000,0.000,0.000,0.000,0.098,-0.002
188.21,0.470,0,0.901,1.715,0,0.000,0.000,0.000,0.000,0.000,0.000,0.098,-0.005
188.41,0.470,0,2.325,1.717,0,0.000,0.000,0.000,0.000,0.000,0.000,0.096,-0.008
188.61,0.481,0,2.325,1.717,0,0.000,0.000,0.000,0.000,0.000,0.000,0.096,-0.008
188.81,0.486,0,0.904,1.720,0,0.000,0.000,0.000,0.000,0.000,0.000,0.094,-0.004
189.01,0.472,0,0.904,1.720,0,0.000,0.000,0.000,0.000,0.000,0.000,0.095,-0.004
189.21,0.470,0,0.904,1.720,0,0.000,0.000,0.000,0.000,0.000,0.000,0.116,0.002
189.41,0.470,0,0.904,1.721,0,0.000,0.000,0.000,0.000,0.000,0.000,0.116,0.002
189.61,0.474,0,0.904,1.721,0,0.000,0.000,0.000,0.000,0.000,0.000,0.097,-0.007
189.81,0.477,0,2.330,1.721,0,0.000,0.000,0.000,0.000,0.000,0.000,0.096,-0.010
190.01,0.479,0,2.330,1.721,0,0.000,0.000,0.000,0.000,0.000,0.000,0.094,-0.001
190.21,0.479,0,2.330,1.721,0,0.000,0.000,0.000,0.000,0.000,0.000,0.094,-0.001
190.41,0.479,0,0.899,1.717,0,0.000,0.000,0.000,0.000,0.000,0.000,0.101,-0.003
190.61,0.789,0,0.899,1.717,0,0.000,0.000,0.000,0.000,0.000,0.000,0.113,0.000
190.81,0.488,0,2.333,1.721,0,0.000,0.000,0.000,0.000,0.000,0.000,0.109,-0.002
191.01,0.488,0,2.333,1.721,0,0.000,0.000,0.000,0.000,0.000,0.000,0.111,-0.005
191.21,0.786,0,2.333,1.721,0,0.000,0.000,0.000,0.000,0.000,0.000,0.111,-0.005
191.41,0.475,0,0.905,1.718,0,0.000,0.000,0.000,0.000,0.000,0.000,0.092,-0.011
191.61,0.470,0,0.905,1.718,0,0.000,0.000,0.000,0.000,0.000,0.000,0.091,-0.002
191.81,0.470,0,2.331,1.721,0,0.000,0.000,0.000,0.000,0.000,0.000,0.093,-0.007
192.01,0.470,0,2.331,1.721,0,0.000,0.000,0.000,0.000,0.000,0.000,0.093,-0.007
192.21,0.475,0,2.331,1.721,0,0.000,0.000,0.000,0.000,0.000,0.000,0.096,-0.005
192.41,0.792,0,0.903,1.720,0,0.000,0.000,0.000,0.000,0.000,0.000,0.095,-0.006
192.61,0.789,0,0.903,1.720,0,0.000,0.000,0.000,0.000,0.000,0.000,0.094,-0.003
192.81,0.789,0,0.903,1.718,0,0.000,0.000,0.000,0.000,0.000,0.000,0.094,-0.003
193.01,0.481,0,0.903,1.718,0,0.000,0.000,0.000,0.000,0.000,0.000,0.097,-0.005
193.21,0.470,0,0.903,1.718,0,0.000,0.000,0.000,0.000,0.000,0.000,0.099,-0.007
193.41,0.792,0,0.901,1.716,0,0.000,0.000,0.000,0.000,0.000,0.000,0.094,-0.005
193.61,0.792,0,0.901,1.716,0,0.000,0.000,0.000,0.000,0.000,0.000,0.095,-0.004
193.81,0.475,0,0.904,1.720,0,0.000,0.000,0.000,0.000,0.000,0.000,0.095,-0.004
194.01,0.470,0,0.904,1.720,0,0.000,0.000,0.000,0.000,0.000,0.000,0.102,-0.004
194.21,0.475,0,0.904,1.720,0,0.000,0.000,0.000,0.000,0.000,0.000,0.112,-0.000
194.41,0.470,0,2.328,1.717,0,0.000,0.000,0.000,0.000,0.000,0.000,0.097,-0.000
194.61,0.470,0,2.328,1.717,0,0.000,0.000,0.000,0.000,0.000,0.000,0.097,-0.000
194.81,0.475,0,0.902,1.720,0,0.000,0.000,0.000,0.000,0.000,0.000,0.101,-0.003
195.01,0.470,0,0.902,1.720,0,0.000,0.000,0.000,0.000,0.000,0.000,0.101,0.005
195.21,0.486,0,0.902,1.720,0,0.000,0.000,0.000,0.000,0.000,0.000,0.100,-0.005
195.41,0.486,0,2.328,1.723,0,0.000,0.000,0.000,0.000,0.000,0.000,0.100,-0.005
195.61,0.481,0,2.328,1.723,0,0.000,0.000,0.000,0.000,0.000,0.000,0.102,-0.001
195.81,0.785,0,2.330,1.718,0,0.000,0.000,0.000,0.000,0.000,0.000,0.099,-0.003
196.01,0.475,0,2.330,1.718,0,0.000,0.000,0.000,0.000,0.000,0.000,0.112,-0.001
196.21,0.475,0,2.330,1.718,0,0.000,0.000,0.000,0.000,0.000,0.000,0.108,-0.003
196.41,0.477,0,2.340,1.722,0,0.000,0.000,0.000,0.000,0.000,0.000,0.108,-0.003
196.61,0.491,0,2.340,1.722,0,0.000,0.000,0.000,0.000,0.000,0.000,0.105,-0.003
196.81,0.475,0,0.904,1.721,0,0.000,0.000,0.000,0.000,0.000,0.000,0.103,-0.002
197.01,0.475,0,0.904,1.721,0,0.000,0.000,0.000,0.000,0.000,0.000,0.101,-0.002
197.21,0.475,0,0.904,1.721,0,0.000,0.000,0.000,0.000,0.000,0.000,0.101,-0.002
197.41,0.790,0,2.332,1.723,0,0.000,0.000,0.000,0.000,0.000,0.000,0.113,0.001
197.61,0.470,0,2.332,1.723,0,0.000,0.000,0.000,0.000,0.000,0.000,0.102,-0.005
197.81,0.474,0,2.329,1.720,0,0.000,0.000,0.000,0.000,0.000,0.000,0.109,-0.001
198.01,0.474,0,2.329,1.720,0,0.000,0.000,0.000,0.000,0.000,0.000,0.109,-0.001
198.21,0.470,0,2.329,1.720,0,0.000,0.000,0.000,0.000,0.000,0.000,0.101,-0.007
198.41,0.479,0,0.902,1.719,0,0.000,0.000,0.000,0.000,0.000,0.000,0.101,0.001
198.61,0.474,0,0.902,1.719,0,0.000,0.000,0.000,0.000,0.000,0.000,0.106,0.000
198.81,0.474,0,0.903,1.722,0,0.000,0.000,0.000,0.000,0.000,0.000,0.101,-0.008
199.01,0.472,0,0.903,1.722,0,0.000,0.000,0.000,0.000,0.000,0.000,0.101,-0.008
199.21,0.490,0,0.903,1.722,0,0.000,0.000,0.000,0.000,0.000,0.000,0.102,-0.005
199.41,0.475,0,0.902,1.720,0,0.000,0.000,0.000,0.000,0.000,0.000,0.097,-0.005
199.61,0.472,0,0.902,1.720,0,0.000,0.000,0.000,0.000,0.000,0.000,0.097,-0.008
199.81,0.472,0,2.330,1.719,0,0.000,0.000,0.000,0.000,0.000,0.000,0.097,-0.008
200.01,0.470,0,2.330,1.719,0,0.000,0.000,0.000,0.000,0.000,0.000,0.103,-0.006
200.21,0.475,0,2.330,1.719,0,0.000,0.000,0.000,0.000,0.000,0.000,0.105,-0.006
200.41,0.488,0,2.329,1.717,0,0.000,0.000,0.000,0.000,0.000,0.000,0.098,0.002
200.61,0.488,0,2.329,1.717,0,0.000,0.000,0.000,0.000,0.000,0.000,0.098,0.002
200.81,0.472,0,2.337,1.718,0,0.000,0.000,0.000,0.000,0.000,0.000,0.086,-0.004
201.01,0.472,0,2.337,1.718,0,0.000,0.000,0.000,0.000,0.000,0.000,0.093,-0.008
201.21,0.495,0,2.337,1.718,0,0.000,0.000,0.000,0.000,0.000,0.000,0.107,0.006
201.41,0.475,0,2.330,1.721,0,0.000,0.000,0.000,0.000,0.000,0.000,0.105,-0.005
201.61,0.475,0,2.330,1.721,0,0.000,0.000,0.000,0.000,0.000,0.000,0.105,-0.005
201.81,0.470,0,2.341,1.719,0,0.000,0.000,0.000,0.000,0.000,0.000,0.104,-0.002
202.01,0.475,0,2.341,1.719,0,0.000,0.000,0.000,0.000,0.000,0.000,0.103,-0.003
202.21,0.470,0,2.341,1.719,0,0.000,0.000,0.000,0.000,0.000,0.000,0.110,-0.000
202.41,0.470,0,2.331,1.718,0,0.000,0.000,0.000,0.000,0.000,0.000,0.110,-0.000
202.61,0.791,0,2.331,1.718,0,0.000,0.000,0.000,0.000,0.000,0.000,0.095,-0.005
202.81,0.477,0,0.902,1.721,0,0.000,0.000,0.000,0.000,0.000,0.000,0.108,-0.008
203.01,0.472,0,0.902,1.721,0,0.000,0.000,0.000,0.000,0.000,0.000,0.104,-0.001
203.21,0.472,0,0.902,1.721,0,0.000,0.000,0.000,0.000,0.000,0.000,0.104,-0.001
203.41,0.470,0,2.340,1.718,0,0.000,0.000,0.000,0.000,0.000,0.000,0.097,-0.010
203.61,0.480,0,2.340,1.718,0,0.000,0.000,0.000,0.000,0.000,0.000,0.095,-0.009
203.81,0.785,0,2.330,1.716,0,0.000,0.000,0.000,0.000,0.000,0.000,0.095,-0.006
204.01,0.479,0,2.330,1.716,0,0.000,0.000,0.000,0.000,0.000,0.000,0.100,-0.004
204.21,0.479,0,2.330,1.716,0,0.000,0.000,0.000,0.000,0.000,0.000,0.100,-0.004
204.41,0.790,0,0.902,1.718,0,0.000,0.000,0.000,0.000,0.000,0.000,0.097,-0.002
204.61,0.791,0,0.902,1.718,0,0.000,0.000,0.000,0.000,0.000,0.000,0.097,-0.013
204.81,0.789,0,0.902,1.717,0,0.000,0.000,0.000,0.000,0.000,0.000,0.102,-0.006
205.01,0.789,0,0.902,1.717,0,0.000,0.000,0.000,0.000,0.000,0.000,0.102,-0.006
205.21,0.789,0,0.902,1.717,0,0.000,0.000,0.000,0.000,0.000,0.000,0.094,-0.012
205.41,0.474,0,2.337,1.725,0,0.000,0.000,0.000,0.000,0.000,0.000,0.098,0.003
205.61,0.474,0,2.337,1.725,0,0.000,0.000,0.000,0.000,0.000,0.000,0.098,-0.006
205.81,0.474,0,0.902,1.724,0,0.000,0.000,0.000,0.000,0.000,0.000,0.098,-0.006
206.01,0.789,0,0.902,1.724,0,0.000,0.000,0.000,0.000,0.000,0.000,0.094,-0.002
206.21,0.475,0,0.902,1.724,0,0.000,0.000,0.000,0.000,0.000,0.000,0.095,-0.003
206.41,0.475,0,2.331,1.728,0,0.000,0.000,0.000,0.000,0.000,0.000,0.096,-0.006
206.61,0.474,0,2.331,1.728,0,0.000,0.000,0.000,0.000,0.000,0.000,0.095,-0.008
206.81,0.474,0,2.329,2.270,1,0.000,0.000,0.000,0.000,0.000,0.000,0.095,-0.008
207.01,0.474,0,2.329,2.270,1,0.000,0.000,0.000,0.000,0.000,0.000,0.095,-0.004
207.21,0.479,0,2.329,2.270,1,0.000,0.000,0.000,0.000,0.000,0.000,0.101,-0.007
207.41,0.475,0,0.902,1.657,0,0.000,0.000,0.000,0.000,0.000,0.000,0.098,-0.008
207.61,0.475,0,0.902,1.657,0,0.000,0.000,0.000,0.000,0.000,0.000,0.098,-0.008
207.81,0.481,0,1.199,1.211,1,0.000,0.000,0.000,0.000,0.000,0.000,0.104,-0.007
208.01,0.475,0,1.199,1.211,1,0.000,0.000,0.000,0.000,0.000,0.000,0.103,-0.001
208.21,0.479,0,1.199,1.211,1,0.000,0.000,0.000,0.000,0.000,0.000,0.102,-0.006
208.41,0.479,0,0.861,0.835,1,0.000,0.000,0.000,0.000,0.000,0.000,0.096,-0.007
208.61,0.485,0,0.861,0.835,1,0.000,0.000,0.000,0.000,0.000,0.000,0.096,-0.007
208.81,0.417,0,0.427,0.472,1,0.000,0.000,0.000,0.000,0.000,0.000,0.098,-0.008
209.01,0.237,0,0.427,0.472,1,0.000,0.000,0.000,0.000,0.000,0.000,0.095,-0.005
209.21,0.349,0,0.427,0.472,1,0.000,0.000,0.000,0.000,0.000,0.000,0.099,-0.005
209.41,0.349,0,0.360,0.472,1,0.000,0.000,0.000,0.000,0.000,0.000,0.099,-0.005
209.61,0.456,0,0.360,0.472,1,0.000,0.000,0.000,0.000,0.000,0.000,0.097,-0.006
209.81,0.470,0,0.479,0.548,1,0.000,0.000,0.000,0.000,0.000,0.000,0.095,0.003
210.01,0.475,0,0.479,0.548,1,0.000,0.000,0.000,0.000,0.000,0.000,0.099,-0.005
210.21,0.475,0,0.479,0.548,1,0.000,0.000,0.000,0.000,0.000,0.000,0.099,-0.005
210.41,0.481,0,0.523,0.581,1,0.000,0.000,0.000,0.000,0.000,0.000,0.097,-0.003
210.61,0.470,0,0.523,0.581,1,0.000,0.000,0.000,0.000,0.000,0.000,0.098,0.001
210.81,0.470,0,0.503,0.558,1,0.000,0.000,0.000,0.000,0.000,0.000,0.100,0.001
211.01,0.470,0,0.503,0.558,1,0.000,0.000,0.000,0.000,0.000,0.000,0.100,0.001
211.21,0.289,0,0.503,0.558,1,0.000,0.000,0.000,0.000,0.000,0.000,0.099,-0.005
211.41,0.483,0,0.303,0.307,1,0.000,0.000,0.000,0.000,0.000,0.000,0.096,-0.003
211.61,0.184,0,0.303,0.307,1,0.000,0.000,0.000,0.000,0.000,0.000,0.101,0.009
211.81,0.475,0,0.205,0.541,0,0.000,0.000,0.000,0.000,0.000,0.000,0.107,-0.000
212.01,0.475,0,0.205,0.541,0,0.000,0.000,0.000,0.000,0.000,0.000,0.107,-0.000
212.21,0.477,0,0.205,0.541,0,0.000,0.000,0.000,0.000,0.000,0.000,0.108,-0.003
212.41,0.476,0,0.487,0.535,1,0.000,0.000,0.000,0.000,0.000,0.000,0.093,-0.008
212.61,0.479,0,0.487,0.535,1,0.000,0.000,0.000,0.000,0.000,0.000,0.094,-0.007
212.81,0.479,0,0.493,0.545,1,0.000,0.000,0.000,0.000,0.000,0.000,0.094,-0.007
213.01,0.225,0,0.493,0.545,1,0.000,0.000,0.000,0.000,0.000,0.000,0.095,-0.005
213.21,0.165,0,0.493,0.545,1,0.000,0.000,0.000,0.000,0.000,0.000,0.109,-0.001
213.41,0.470,0,0.188,0.543,0,0.000,0.000,0.000,0.000,0.000,0.000,0.097,-0.003
213.61,0.470,0,0.188,0.543,0,0.000,0.000,0.000,0.000,0.000,0.000,0.099,0.002
213.81,0.178,0,0.199,0.546,0,0.000,0.000,0.000,0.000,0.000,0.000,0.099,0.002
214.01,0.212,0,0.199,0.546,0,0.000,0.000,0.000,0.000,0.000,0.000,0.098,0.004
214.21,0.470,0,0.199,0.546,0,0.000,0.000,0.000,0.000,0.000,0.000,0.097,-0.005
214.41,0.470,0,0.487,0.541,1,0.000,0.000,0.000,0.000,0.000,0.000,0.095,0.002
214.61,0.470,0,0.487,0.541,1,0.000,0.000,0.000,0.000,0.000,0.000,0.095,0.002
214.81,0.468,0,0.477,0.545,1,0.000,0.000,0.000,0.000,0.000,0.000,0.100,-0.005
215.01,0.472,0,0.477,0.545,1,0.000,0.000,0.000,0.000,0.000,0.000,0.100,-0.004
215.21,0.466,0,0.477,0.545,1,0.000,0.000,0.000,0.000,0.000,0.000,0.096,-0.005
215.41,0.466,0,0.475,0.548,1,0.000,0.000,0.000,0.000,0.000,0.000,0.096,-0.005
215.61,0.461,0,0.475,0.548,1,0.000,0.000,0.000,0.000,0.000,0.000,0.097,0.003
215.81,0.465,0,0.474,0.555,1,0.000,0.000,0.000,0.000,0.000,0.000,0.092,0.003
216.01,0.442,0,0.474,0.555,1,0.000,0.000,0.000,0.000,0.000,0.000,0.093,-0.004
216.21,0.442,0,0.474,0.555,1,0.000,0.000,0.000,0.000,0.000,0.000,0.097,-0.005
216.41,0.438,0,0.447,0.545,1,0.000,0.000,0.000,0.000,0.000,0.000,0.097,-0.005
216.61,0.441,0,0.447,0.545,1,0.000,0.000,0.000,0.000,0.000,0.000,0.097,0.004
216.81,0.469,0,0.478,0.555,1,0.000,0.000,0.000,0.000,0.000,0.000,0.105,-0.008
217.01,0.472,0,0.478,0.555,1,0.000,0.000,0.000,0.000,0.000,0.000,0.099,-0.006
217.21,0.472,0,0.478,0.555,1,0.000,0.000,0.000,0.000,0.000,0.000,0.099,-0.006
217.41,0.479,0,0.491,0.556,1,0.000,0.000,0.000,0.000,0.000,0.000,0.096,0.001
217.61,0.475,0,0.491,0.556,1,0.000,0.000,0.000,0.000,0.000,0.000,0.098,-0.007
217.81,0.474,0,0.483,0.555,1,0.000,0.000,0.000,0.000,0.000,0.000,0.095,0.006
218.01,0.474,0,0.483,0.555,1,0.000,0.000,0.000,0.000,0.000,0.000,0.095,0.006
218.21,0.462,0,0.483,0.555,1,0.000,0.000,0.000,0.000,0.000,0.000,0.094,-0.003
218.41,0.439,0,0.471,0.545,1,0.000,0.000,0.000,0.000,0.000,0.000,0.088,-0.003
218.61,0.460,0,0.471,0.545,1,0.000,0.000,0.000,0.000,0.000,0.000,0.098,-0.000
218.81,0.460,0,0.469,0.552,1,0.000,0.000,0.000,0.000,0.000,0.000,0.103,-0.004
219.01,0.469,0,0.469,0.552,1,0.000,0.000,0.000,0.000,0.000,0.000,0.103,-0.004
219.21,0.480,0,0.469,0.552,1,0.000,0.000,0.000,0.000,0.000,0.000,0.091,-0.004
219.41,0.462,0,0.488,0.553,1,0.000,0.000,0.000,0.000,0.000,0.000,0.091,-0.010
219.61,0.479,0,0.488,0.553,1,0.000,0.000,0.000,0.000,0.000,0.000,0.089,-0.002
219.81,0.479,0,0.494,0.567,1,0.000,0.000,0.000,0.000,0.000,0.000,0.089,-0.002
220.01,0.497,0,0.494,0.567,1,0.000,0.000,0.000,0.000,0.000,0.000,0.091,-0.014
220.21,0.486,0,0.494,0.567,1,0.000,0.000,0.000,0.000,0.000,0.000,0.102,0.000
220.41,0.508,0,0.509,0.561,1,0.000,0.000,0.000,0.000,0.000,0.000,0.089,-0.005
220.61,0.508,0,0.509,0.561,1,0.000,0.000,0.000,0.000,0.000,0.000,0.089,-0.005
220.81,0.470,0,0.503,0.576,1,0.000,0.000,0.000,0.000,0.000,0.000,0.096,0.002
221.01,0.487,0,0.503,0.576,1,0.000,0.000,0.000,0.000,0.000,0.000,0.099,-0.003
221.21,0.470,0,0.503,0.576,1,0.000,0.000,0.000,0.000,0.000,0.000,0.088,-0.000
221.41,0.470,0,0.480,0.565,1,0.000,0.000,0.000,0.000,0.000,0.000,0.088,-0.000
221.61,0.450,0,0.480,0.565,1,0.000,0.000,0.000,0.000,0.000,0.000,0.101,-0.007
221.81,0.437,0,0.446,0.546,1,0.000,0.000,0.000,0.000,0.000,0.000,0.098,-0.003
222.01,0.436,0,0.446,0.546,1,0.000,0.000,0.000,0.000,0.000,0.000,0.086,-0.005
222.21,0.464,0,0.446,0.546,1,0.000,0.000,0.000,0.000,0.000,0.000,0.091,-0.003
222.41,0.464,0,0.473,0.558,1,0.000,0.000,0.000,0.000,0.000,0.000,0.091,-0.003
222.61,0.481,0,0.473,0.558,1,0.000,0.000,0.000,0.000,0.000,0.000,0.090,-0.003
222.81,0.470,0,0.481,0.558,1,0.000,0.000,0.000,0.000,0.000,0.000,0.101,-0.008
223.01,0.462,0,0.481,0.558,1,0.000,0.000,0.000,0.000,0.000,0.000,0.102,-0.002
223.21,0.462,0,0.481,0.558,1,0.000,0.000,0.000,0.000,0.000,0.000,0.102,-0.002
223.41,0.433,0,0.442,0.546,1,0.000,0.000,0.000,0.000,0.000,0.000,0.096,-0.007
223.61,0.436,0,0.442,0.546,1,0.000,0.000,0.000,0.000,0.000,0.000,0.096,-0.003
223.81,0.466,0,0.475,0.553,1,0.000,0.000,0.000,0.000,0.000,0.000,0.098,-0.008
224.01,0.466,0,0.475,0.553,1,0.000,0.000,0.000,0.000,0.000,0.000,0.101,-0.003
224.21,0.481,0,0.475,0.553,1,0.000,0.000,0.000,0.000,0.000,0.000,0.101,-0.003
224.41,0.474,0,0.491,0.567,1,0.000,0.000,0.000,0.000,0.000,0.000,0.098,-0.002
224.61,0.477,0,0.491,0.567,1,0.000,0.000,0.000,0.000,0.000,0.000,0.097,-0.001
224.81,0.478,0,0.498,0.562,1,0.000,0.000,0.000,0.000,0.000,0.000,0.104,-0.001
225.01,0.478,0,0.498,0.562,1,0.000,0.000,0.000,0.000,0.000,0.000,0.104,-0.001
225.21,0.475,0,0.498,0.562,1,0.000,0.000,0.000,0.000,0.000,0.000,0.102,-0.001
225.41,0.479,0,0.491,0.568,1,0.000,0.000,0.000,0.000,0.000,0.000,0.101,-0.000
225.61,0.470,0,0.491,0.568,1,0.000,0.000,0.000,0.000,0.000,0.000,0.103,-0.000
225.81,0.470,0,0.497,0.570,1,0.000,0.000,0.000,0.000,0.000,0.000,0.103,-0.000
226.01,0.468,0,0.497,0.570,1,0.000,0.000,0.000,0.000,0.000,0.000,0.101,-0.004
226.21,0.478,0,0.497,0.570,1,0.000,0.000,0.000,0.000,0.000,0.000,0.099,-0.000
226.41,0.458,0,0.486,0.555,1,0.000,0.000,0.000,0.000,0.000,0.000,0.099,0.002
226.61,0.458,0,0.486,0.555,1,0.000,0.000,0.000,0.000,0.000,0.000,0.099,0.002
226.81,0.422,0,0.431,0.531,1,0.000,0.000,0.000,0.000,0.000,0.000,0.101,-0.005
227.01,0.427,0,0.431,0.531,1,0.000,0.000,0.000,0.000,0.000,0.000,0.103,-0.003
227.21,0.429,0,0.431,0.531,1,0.000,0.000,0.000,0.000,0.000,0.000,0.103,0.002
227.41,0.449,0,0.438,0.549,1,0.000,0.000,0.000,0.000,0.000,0.000,0.106,-0.004
227.61,0.449,0,0.438,0.549,1,0.000,0.000,0.000,0.000,0.000,0.000,0.106,-0.004
227.81,0.474,0,0.500,0.566,1,0.000,0.000,0.000,0.000,0.000,0.000,0.097,0.001
228.01,0.474,0,0.500,0.566,1,0.000,0.000,0.000,0.000,0.000,0.000,0.099,-0.001
228.21,0.475,0,0.500,0.566,1,0.000,0.000,0.000,0.000,0.000,0.000,0.103,-0.009
228.41,0.475,0,0.483,0.562,1,0.000,0.000,0.000,0.000,0.000,0.000,0.103,-0.009
228.61,0.486,0,0.483,0.562,1,0.000,0.000,0.000,0.000,0.000,0.000,0.098,-0.005
228.81,0.477,0,0.496,0.563,1,0.000,0.000,0.000,0.000,0.000,0.000,0.099,-0.003
229.01,0.482,0,0.496,0.563,1,0.000,0.000,0.000,0.000,0.000,0.000,0.101,0.002
229.21,0.482,0,0.496,0.563,1,0.000,0.000,0.000,0.000,0.000,0.000,0.101,0.001
229.41,0.435,0,0.444,0.546,1,0.000,0.000,0.000,0.000,0.000,0.000,0.101,0.001
229.61,0.441,0,0.444,0.546,1,0.000,0.000,0.000,0.000,0.000,0.000,0.101,0.000
229.81,0.466,0,0.475,0.552,1,0.000,0.000,0.000,0.000,0.000,0.000,0.101,-0.005
230.01,0.474,0,0.475,0.552,1,0.000,0.000,0.000,0.000,0.000,0.000,0.099,-0.004
230.21,0.474,0,0.475,0.552,1,0.000,0.000,0.000,0.000,0.000,0.000,0.099,-0.004
230.41,0.469,0,0.478,0.557,1,0.000,0.000,0.000,0.000,0.000,0.000,0.102,-0.011
230.61,0.472,0,0.478,0.557,1,0.000,0.000,0.000,0.000,0.000,0.000,0.096,-0.002
230.81,0.475,0,0.488,0.558,1,0.000,0.000,0.000,0.000,0.000,0.000,0.099,0.003
231.01,0.475,0,0.488,0.558,1,0.000,0.000,0.000,0.000,0.000,0.000,0.099,0.003
231.21,0.481,0,0.488,0.558,1,0.000,0.000,0.000,0.000,0.000,0.000,0.099,0.005
231.41,0.465,0,0.489,0.556,1,0.000,0.000,0.000,0.000,0.000,0.000,0.102,-0.006
231.61,0.461,0,0.489,0.556,1,0.000,0.000,0.000,0.000,0.000,0.000,0.099,-0.004
231.81,0.461,0,0.470,0.554,1,0.000,0.000,0.000,0.000,0.000,0.000,0.101,-0.004
232.01,0.472,0,0.470,0.554,1,0.000,0.000,0.000,0.000,0.000,0.000,0.101,-0.004
232.21,0.470,0,0.470,0.554,1,0.000,0.000,0.000,0.000,0.000,0.000,0.098,-0.001
232.41,0.467,0,0.479,0.549,1,0.000,0.000,0.000,0.000,0.000,0.000,0.106,-0.005
232.61,0.470,0,0.479,0.549,1,0.000,0.000,0.000,0.000,0.000,0.000,0.102,-0.004
232.81,0.470,0,0.479,0.549,1,0.000,0.000,0.000,0.000,0.000,0.000,0.102,-0.004
233.01,0.470,0,0.479,0.549,1,0.000,0.000,0.000,0.000,0.000,0.000,0.097,-0.002
233.21,0.469,0,0.479,0.549,1,0.000,0.000,0.000,0.000,0.000,0.000,0.102,-0.005
233.41,0.461,0,0.478,0.550,1,0.000,0.000,0.000,0.000,0.000,0.000,0.098,-0.003
233.61,0.461,0,0.478,0.550,1,0.000,0.000,0.000,0.000,0.000,0.000,0.098,-0.003
233.81,0.470,0,0.482,0.551,1,0.000,0.000,0.000,0.000,0.000,0.000,0.105,-0.004
234.01,0.474,0,0.482,0.551,1,0.000,0.000,0.000,0.000,0.000,0.000,0.098,0.001
234.21,0.470,0,0.482,0.551,1,0.000,0.000,0.000,0.000,0.000,0.000,0.097,-0.006
234.41,0.470,0,0.484,0.552,1,0.000,0.000,0.000,0.000,0.000,0.000,0.096,-0.000
234.61,0.476,0,0.484,0.552,1,0.000,0.000,0.000,0.000,0.000,0.000,0.096,-0.000
234.81,0.473,0,0.481,0.552,1,0.000,0.000,0.000,0.000,0.000,0.000,0.098,0.006
235.01,0.472,0,0.481,0.552,1,0.000,0.000,0.000,0.000,0.000,0.000,0.101,-0.001
235.21,0.472,0,0.481,0.552,1,0.000,0.000,0.000,0.000,0.000,0.000,0.102,-0.009
235.41,0.472,0,0.481,0.551,1,0.000,0.000,0.000,0.000,0.000,0.000,0.102,-0.009
235.61,0.472,0,0.481,0.551,1,0.000,0.000,0.000,0.000,0.000,0.000,0.101,-0.001
235.81,0.470,0,0.481,0.551,1,0.000,0.000,0.000,0.000,0.000,0.000,0.104,-0.005
236.01,0.475,0,0.481,0.551,1,0.000,0.000,0.000,0.000,0.000,0.000,0.107,-0.006
236.21,0.475,0,0.481,0.551,1,0.000,0.000,0.000,0.000,0.000,0.000,0.107,-0.006
236.41,0.472,0,0.481,0.551,1,0.000,0.000,0.000,0.000,0.000,0.000,0.097,-0.001
236.61,0.474,0,0.481,0.551,1,0.000,0.000,0.000,0.000,0.000,0.000,0.098,-0.004
236.81,0.470,0,0.482,0.552,1,0.000,0.000,0.000,0.000,0.000,0.000,0.103,-0.004
237.01,0.472,0,0.482,0.552,1,0.000,0.000,0.000,0.000,0.000,0.000,0.101,-0.010
237.21,0.472,0,0.482,0.552,1,0.000,0.000,0.000,0.000,0.000,0.000,0.101,-0.010
237.41,0.475,0,0.481,0.554,1,0.000,0.000,0.000,0.000,0.000,0.000,0.097,0.000
237.61,0.472,0,0.481,0.554,1,0.000,0.000,0.000,0.000,0.000,0.000,0.103,-0.005
237.81,0.472,0,0.488,0.556,1,0.000,0.000,0.000,0.000,0.000,0.000,0.104,-0.004
238.01,0.472,0,0.488,0.556,1,0.000,0.000,0.000,0.000,0.000,0.000,0.104,-0.004
238.21,0.477,0,0.488,0.556,1,0.000,0.000,0.000,0.000,0.000,0.000,0.099,-0.009
238.41,0.477,0,0.486,0.556,1,0.000,0.000,0.000,0.000,0.000,0.000,0.098,-0.005
238.61,0.477,0,0.486,0.556,1,0.000,0.000,0.000,0.000,0.000,0.000,0.100,-0.003
238.81,0.477,0,0.485,0.555,1,0.000,0.000,0.000,0.000,0.000,0.000,0.099,0.000
239.01,0.474,0,0.485,0.555,1,0.000,0.000,0.000,0.000,0.000,0.000,0.099,0.000
239.21,0.477,0,0.485,0.555,1,0.000,0.000,0.000,0.000,0.000,0.000,0.100,-0.002
239.41,0.474,0,0.485,0.553,1,0.000,0.000,0.000,0.000,0.000,0.000,0.101,-0.004
239.61,0.462,0,0.485,0.553,1,0.000,0.000,0.000,0.000,0.000,0.000,0.104,-0.005
239.81,0.462,0,0.471,0.547,1,0.000,0.000,0.000,0.000,0.000,0.000,0.104,-0.005
240.01,0.464,0,0.471,0.547,1,0.000,0.000,0.000,0.000,0.000,0.000,0.100,-0.004
240.21,0.106,0,0.471,0.547,1,0.000,0.000,0.000,0.000,0.000,0.000,0.099,-0.005
240.41,0.463,0,0.471,0.545,1,0.000,0.000,0.000,0.000,0.000,0.000,0.105,0.007
240.61,0.463,0,0.471,0.545,1,0.000,0.000,0.000,0.000,0.000,0.000,0.105,0.007
240.81,0.437,0,0.446,0.539,1,0.000,0.000,0.000,0.000,0.000,0.000,0.103,-0.003
241.01,0.428,0,0.446,0.539,1,0.000,0.000,0.000,0.000,0.000,0.000,0.105,-0.004
241.21,0.428,0,0.446,0.539,1,0.000,0.000,0.000,0.000,0.000,0.000,0.103,-0.003
241.41,0.428,0,0.437,0.540,1,0.000,0.000,0.000,0.000,0.000,0.000,0.103,-0.003
241.61,0.433,0,0.437,0.540,1,0.000,0.000,0.000,0.000,0.000,0.000,0.103,-0.003
241.81,0.436,0,0.445,0.543,1,0.000,0.000,0.000,0.000,0.000,0.000,0.098,-0.000
242.01,0.437,0,0.445,0.543,1,0.000,0.000,0.000,0.000,0.000,0.000,0.104,-0.003
242.21,0.447,0,0.445,0.543,1,0.000,0.000,0.000,0.000,0.000,0.000,0.100,0.003
242.41,0.447,0,0.456,0.548,1,0.000,0.000,0.000,0.000,0.000,0.000,0.100,0.003
242.61,0.470,0,0.456,0.548,1,0.000,0.000,0.000,0.000,0.000,0.000,0.107,0.001
242.81,0.462,0,0.471,0.557,1,0.000,0.000,0.000,0.000,0.000,0.000,0.100,-0.001
243.01,0.461,0,0.471,0.557,1,0.000,0.000,0.000,0.000,0.000,0.000,0.099,-0.002
243.21,0.461,0,0.471,0.557,1,0.000,0.000,0.000,0.000,0.000,0.000,0.099,-0.002
243.41,0.472,0,0.487,0.557,1,0.000,0.000,0.000,0.000,0.000,0.000,0.100,-0.001
243.61,0.475,0,0.487,0.557,1,0.000,0.000,0.000,0.000,0.000,0.000,0.099,0.000
243.81,0.472,0,0.489,0.558,1,0.000,0.000,0.000,0.000,0.000,0.000,0.102,-0.001
244.01,0.472,0,0.489,0.558,1,0.000,0.000,0.000,0.000,0.000,0.000,0.100,0.000
244.21,0.472,0,0.489,0.558,1,0.000,0.000,0.000,0.000,0.000,0.000,0.100,0.000
244.41,0.472,0,0.488,0.557,1,0.000,0.000,0.000,0.000,0.000,0.000,0.105,-0.005
244.61,0.472,0,0.488,0.557,1,0.000,0.000,0.000,0.000,0.000,0.000,0.101,-0.001
244.81,0.477,0,0.488,0.561,1,0.000,0.000,0.000,0.000,0.000,0.000,0.099,-0.003
245.01,0.477,0,0.488,0.561,1,0.000,0.000,0.000,0.000,0.000,0.000,0.099,-0.003
245.21,0.474,0,0.488,0.561,1,0.000,0.000,0.000,0.000,0.000,0.000,0.099,-0.006
245.41,0.470,0,0.498,0.563,1,0.000,0.000,0.000,0.000,0.000,0.000,0.097,-0.001
245.61,0.492,0,0.498,0.563,1,0.000,0.000,0.000,0.000,0.000,0.000,0.105,-0.007
245.81,0.492,0,0.500,0.565,1,0.000,0.000,0.000,0.000,0.000,0.000,0.105,-0.007
246.01,0.475,0,0.500,0.565,1,0.000,0.000,0.000,0.000,0.000,0.000,0.102,-0.002
246.21,0.474,0,0.500,0.565,1,0.000,0.000,0.000,0.000,0.000,0.000,0.100,0.002
246.41,0.474,0,0.494,0.563,1,0.000,0.000,0.000,0.000,0.000,0.000,0.099,-0.001
246.61,0.474,0,0.494,0.563,1,0.000,0.000,0.000,0.000,0.000,0.000,0.108,-0.005
246.81,0.438,0,0.447,0.546,1,0.000,0.000,0.000,0.000,0.000,0.000,0.108,-0.005
247.01,0.442,0,0.447,0.546,1,0.000,0.000,0.000,0.000,0.000,0.000,0.097,0.000
247.21,0.439,0,0.447,0.546,1,0.000,0.000,0.000,0.000,0.000,0.000,0.105,0.000
247.41,0.475,0,0.448,0.553,1,0.000,0.000,0.000,0.000,0.000,0.000,0.104,0.001
247.61,0.475,0,0.448,0.553,1,0.000,0.000,0.000,0.000,0.000,0.000,0.104,0.001
247.81,0.470,0,0.501,0.570,1,0.000,0.000,0.000,0.000,0.000,0.000,0.098,0.001
248.01,0.499,0,0.501,0.570,1,0.000,0.000,0.000,0.000,0.000,0.000,0.104,-0.004
248.21,0.479,0,0.501,0.570,1,0.000,0.000,0.000,0.000,0.000,0.000,0.102,-0.001
248.41,0.479,0,0.506,0.571,1,0.000,0.000,0.000,0.000,0.000,0.000,0.102,-0.001
248.61,0.477,0,0.506,0.571,1,0.000,0.000,0.000,0.000,0.000,0.000,0.106,-0.006
248.81,0.475,0,0.499,0.561,1,0.000,0.000,0.000,0.000,0.000,0.000,0.104,0.000
249.01,0.457,0,0.499,0.561,1,0.000,0.000,0.000,0.000,0.000,0.000,0.105,-0.008
249.21,0.452,0,0.499,0.561,1,0.000,0.000,0.000,0.000,0.000,0.000,0.108,-0.003
249.41,0.452,0,0.461,0.559,1,0.000,0.000,0.000,0.000,0.000,0.000,0.108,-0.003
249.61,0.475,0,0.461,0.559,1,0.000,0.000,0.000,0.000,0.000,0.000,0.103,-0.003
249.81,0.478,0,0.486,0.555,1,0.000,0.000,0.000,0.000,0.000,0.000,0.106,-0.001
250.01,0.472,0,0.486,0.555,1,0.000,0.000,0.000,0.000,0.000,0.000,0.104,0.001
250.21,0.472,0,0.486,0.555,1,0.000,0.000,0.000,0.000,0.000,0.000,0.104,0.001
250.41,0.472,0,0.493,0.561,1,0.000,0.000,0.000,0.000,0.000,0.000,0.108,-0.004
250.61,0.472,0,0.493,0.561,1,0.000,0.000,0.000,0.000,0.000,0.000,0.103,-0.004
250.81,0.486,0,0.497,0.476,1,0.000,0.000,0.000,0.000,0.000,0.000,0.102,-0.000
251.01,0.486,0,0.497,0.476,1,0.000,0.000,0.000,0.000,0.000,0.000,0.111,-0.000
251.21,0.477,0,0.497,0.476,1,0.000,0.000,0.000,0.000,0.000,0.000,0.111,-0.000
251.41,0.470,0,0.497,0.531,1,0.000,0.000,0.000,0.000,0.000,0.000,0.105,-0.004
251.61,0.475,0,0.497,0.531,1,0.000,0.000,0.000,0.000,0.000,0.000,0.102,0.002
251.81,0.472,0,0.485,0.531,1,0.000,0.000,0.000,0.000,0.000,0.000,0.106,-0.007
252.01,0.472,0,0.485,0.531,1,0.000,0.000,0.000,0.000,0.000,0.000,0.106,-0.007
252.21,0.466,0,0.485,0.531,1,0.000,0.000,0.000,0.000,0.000,0.000,0.110,-0.001
252.41,0.435,0,0.475,0.461,1,0.000,0.000,0.000,0.000,0.000,0.000,0.105,-0.006
252.61,0.436,0,0.475,0.461,1,0.000,0.000,0.000,0.000,0.000,0.000,0.103,-0.003
252.81,0.436,0,0.445,0.544,1,0.000,0.000,0.000,0.000,0.000,0.000,0.103,-0.003
253.01,0.453,0,0.445,0.544,1,0.000,0.000,0.000,0.000,0.000,0.000,0.108,-0.002
253.21,0.479,0,0.445,0.544,1,0.000,0.000,0.000,0.000,0.000,0.000,0.112,-0.006
253.41,0.469,0,0.487,0.559,1,0.000,0.000,0.000,0.000,0.000,0.000,0.104,-0.003
253.61,0.469,0,0.487,0.559,1,0.000,0.000,0.000,0.000,0.000,0.000,0.105,-0.006
253.81,0.469,0,0.478,0.557,1,0.000,0.000,0.000,0.000,0.000,0.000,0.105,-0.006
254.01,0.472,0,0.478,0.557,1,0.000,0.000,0.000,0.000,0.000,0.000,0.104,-0.002
254.21,0.475,0,0.478,0.557,1,0.000,0.000,0.000,0.000,0.000,0.000,0.106,-0.005
254.41,0.470,0,0.492,0.560,1,0.000,0.000,0.000,0.000,0.000,0.000,0.105,0.001
254.61,0.470,0,0.492,0.560,1,0.000,0.000,0.000,0.000,0.000,0.000,0.105,0.001
254.81,0.470,0,0.481,0.560,1,0.000,0.000,0.000,0.000,0.000,0.000,0.107,-0.001
255.01,0.484,0,0.481,0.560,1,0.000,0.000,0.000,0.000,0.000,0.000,0.104,0.003
255.21,0.470,0,0.481,0.560,1,0.000,0.000,0.000,0.000,0.000,0.000,0.103,-0.008
255.41,0.470,0,0.489,0.557,1,0.000,0.000,0.000,0.000,0.000,0.000,0.103,-0.008
255.61,0.470,0,0.489,0.557,1,0.000,0.000,0.000,0.000,0.000,0.000,0.105,0.006
255.81,0.470,0,0.478,0.555,1,0.000,0.000,0.000,0.000,0.000,0.000,0.105,-0.000
256.01,0.475,0,0.478,0.555,1,0.000,0.000,0.000,0.000,0.000,0.000,0.101,-0.000
256.21,0.475,0,0.478,0.555,1,0.000,0.000,0.000,0.000,0.000,0.000,0.102,-0.006
256.41,0.476,0,0.484,0.554,1,0.000,0.000,0.000,0.000,0.000,0.000,0.102,-0.006
256.61,0.478,0,0.484,0.554,1,0.000,0.000,0.000,0.000,0.000,0.000,0.104,-0.002
256.81,0.475,0,0.483,0.554,1,0.000,0.000,0.000,0.000,0.000,0.000,0.106,0.000
257.01,0.474,0,0.483,0.554,1,0.000,0.000,0.000,0.000,0.000,0.000,0.100,-0.009
257.21,0.474,0,0.483,0.554,1,0.000,0.000,0.000,0.000,0.000,0.000,0.100,-0.009
257.41,0.474,0,0.491,0.384,1,0.000,0.000,0.000,0.000,0.000,0.000,0.103,0.001
257.61,0.393,0,0.491,0.384,1,0.000,0.000,0.000,0.000,0.000,0.000,0.099,-0.003
257.81,0.391,0,0.403,0.428,1,0.000,0.000,0.000,0.000,0.000,0.000,0.100,-0.000
258.01,0.391,0,0.403,0.428,1,0.000,0.000,0.000,0.000,0.000,0.000,0.100,-0.000
258.21,0.471,0,0.403,0.428,1,0.000,0.000,0.000,0.000,0.000,0.000,0.100,-0.011
258.41,0.468,0,0.480,0.553,1,0.000,0.000,0.000,0.000,0.000,0.000,0.095,0.002
258.61,0.468,0,0.480,0.553,1,0.000,0.000,0.000,0.000,0.000,0.000,0.093,0.005
258.81,0.469,0,0.477,0.552,1,0.000,0.000,0.000,0.000,0.000,0.000,0.101,-0.004
259.01,0.469,0,0.477,0.552,1,0.000,0.000,0.000,0.000,0.000,0.000,0.101,-0.004
259.21,0.466,0,0.477,0.552,1,0.000,0.000,0.000,0.000,0.000,0.000,0.093,-0.001
259.41,0.464,0,0.475,0.545,1,0.000,0.000,0.000,0.000,0.000,0.000,0.097,-0.004
259.61,0.461,0,0.475,0.545,1,0.000,0.000,0.000,0.000,0.000,0.000,0.103,-0.001
259.81,0.461,0,0.470,0.545,1,0.000,0.000,0.000,0.000,0.000,0.000,0.103,-0.001
260.01,0.461,0,0.470,0.545,1,0.000,0.000,0.000,0.000,0.000,0.000,0.100,-0.001
260.21,0.458,0,0.470,0.545,1,0.000,0.000,0.000,0.000,0.000,0.000,0.095,-0.004
260.41,0.451,0,0.467,0.545,1,0.000,0.000,0.000,0.000,0.000,0.000,0.102,-0.002
260.61,0.451,0,0.467,0.545,1,0.000,0.000,0.000,0.000,0.000,0.000,0.103,-0.004
260.81,0.439,0,0.448,0.536,1,0.000,0.000,0.000,0.000,0.000,0.000,0.103,-0.004
261.01,0.436,0,0.448,0.536,1,0.000,0.000,0.000,0.000,0.000,0.000,0.098,-0.005
261.21,0.445,0,0.448,0.536,1,0.000,0.000,0.000,0.000,0.000,0.000,0.098,-0.002
261.41,0.464,0,0.454,0.545,1,0.000,0.000,0.000,0.000,0.000,0.000,0.100,-0.001
261.61,0.464,0,0.454,0.545,1,0.000,0.000,0.000,0.000,0.000,0.000,0.100,-0.001
261.81,0.472,0,0.482,0.556,1,0.000,0.000,0.000,0.000,0.000,0.000,0.092,-0.005
262.01,0.472,0,0.482,0.556,1,0.000,0.000,0.000,0.000,0.000,0.000,0.093,-0.009
262.21,0.461,0,0.482,0.556,1,0.000,0.000,0.000,0.000,0.000,0.000,0.100,-0.004
262.41,0.461,0,0.470,0.545,1,0.000,0.000,0.000,0.000,0.000,0.000,0.100,-0.004
262.61,0.455,0,0.470,0.545,1,0.000,0.000,0.000,0.000,0.000,0.000,0.095,-0.007
262.81,0.454,0,0.463,0.544,1,0.000,0.000,0.000,0.000,0.000,0.000,0.098,-0.007
263.01,0.454,0,0.463,0.544,1,0.000,0.000,0.000,0.000,0.000,0.000,0.094,-0.001
263.21,0.454,0,0.463,0.544,1,0.000,0.000,0.000,0.000,0.000,0.000,0.098,-0.008
263.41,0.454,0,0.463,0.541,1,0.000,0.000,0.000,0.000,0.000,0.000,0.098,-0.008
263.61,0.448,0,0.463,0.541,1,0.000,0.000,0.000,0.000,0.000,0.000,0.100,-0.002
263.81,0.451,0,0.460,0.541,1,0.000,0.000,0.000,0.000,0.000,0.000,0.105,-0.006
264.01,0.452,0,0.460,0.541,1,0.000,0.000,0.000,0.000,0.000,0.000,0.098,-0.000
264.21,0.452,0,0.460,0.541,1,0.000,0.000,0.000,0.000,0.000,0.000,0.098,-0.000
264.41,0.453,0,0.462,0.543,1,0.000,0.000,0.000,0.000,0.000,0.000,0.100,-0.001
264.61,0.457,0,0.462,0.543,1,0.000,0.000,0.000,0.000,0.000,0.000,0.093,-0.005
264.81,0.455,0,0.466,0.544,1,0.000,0.000,0.000,0.000,0.000,0.000,0.093,-0.003
265.01,0.455,0,0.466,0.544,1,0.000,0.000,0.000,0.000,0.000,0.000,0.093,-0.003
265.21,0.453,0,0.466,0.544,1,0.000,0.000,0.000,0.000,0.000,0.000,0.097,-0.002
265.41,0.452,0,0.462,0.543,1,0.000,0.000,0.000,0.000,0.000,0.000,0.096,-0.003
265.61,0.453,0,0.462,0.543,1,0.000,0.000,0.000,0.000,0.000,0.000,0.094,-0.006
265.81,0.453,0,0.462,0.542,1,0.000,0.000,0.000,0.000,0.000,0.000,0.087,-0.005
266.01,0.452,0,0.462,0.542,1,0.000,0.000,0.000,0.000,0.000,0.000,0.087,-0.005
266.21,0.453,0,0.462,0.542,1,0.000,0.000,0.000,0.000,0.000,0.000,0.096,-0.004
266.41,0.452,0,0.462,0.542,1,0.000,0.000,0.000,0.000,0.000,0.000,0.088,0.002
266.61,0.453,0,0.462,0.542,1,0.000,0.000,0.000,0.000,0.000,0.000,0.089,-0.005
266.81,0.453,0,0.462,0.542,1,0.000,0.000,0.000,0.000,0.000,0.000,0.089,-0.005
267.01,0.452,0,0.462,0.542,1,0.000,0.000,0.000,0.000,0.000,0.000,0.089,-0.004
267.21,0.452,0,0.462,0.542,1,0.000,0.000,0.000,0.000,0.000,0.000,0.102,-0.003
267.41,0.452,0,0.461,0.541,1,0.000,0.000,0.000,0.000,0.000,0.000,0.105,-0.003
267.61,0.452,0,0.461,0.541,1,0.000,0.000,0.000,0.000,0.000,0.000,0.105,-0.003
267.81,0.450,0,0.459,0.539,1,0.000,0.000,0.000,0.000,0.000,0.000,0.097,-0.009
268.01,0.447,0,0.459,0.539,1,0.000,0.000,0.000,0.000,0.000,0.000,0.101,-0.008
268.21,0.451,0,0.459,0.539,1,0.000,0.000,0.000,0.000,0.000,0.000,0.103,-0.003
268.41,0.451,0,0.460,0.541,1,0.000,0.000,0.000,0.000,0.000,0.000,0.102,-0.006
268.61,0.453,0,0.460,0.541,1,0.000,0.000,0.000,0.000,0.000,0.000,0.102,-0.006
268.81,0.450,0,0.459,0.538,1,0.000,0.000,0.000,0.000,0.000,0.000,0.102,-0.004
269.01,0.447,0,0.459,0.538,1,0.000,0.000,0.000,0.000,0.000,0.000,0.109,0.001
269.21,0.439,0,0.459,0.538,1,0.000,0.000,0.000,0.000,0.000,0.000,0.099,0.001
269.41,0.439,0,0.448,0.521,1,0.000,0.000,0.000,0.000,0.000,0.000,0.099,0.001
269.61,0.432,0,0.448,0.521,1,0.000,0.000,0.000,0.000,0.000,0.000,0.109,-0.007
269.81,0.420,0,0.430,0.506,1,0.000,0.000,0.000,0.000,0.000,0.000,0.103,0.008
270.01,0.414,0,0.430,0.506,1,0.000,0.000,0.000,0.000,0.000,0.000,0.113,-0.001
270.21,0.414,0,0.430,0.506,1,0.000,0.000,0.000,0.000,0.000,0.000,0.113,-0.001
270.41,0.417,0,0.427,0.499,1,0.000,0.000,0.000,0.000,0.000,0.000,0.120,0.003
270.61,0.414,0,0.427,0.499,1,0.000,0.000,0.000,0.000,0.000,0.000,0.110,0.002
270.81,0.420,0,0.430,0.503,1,0.000,0.000,0.000,0.000,0.000,0.000,0.103,-0.007
271.01,0.420,0,0.430,0.503,1,0.000,0.000,0.000,0.000,0.000,0.000,0.106,0.000
271.21,0.425,0,0.430,0.503,1,0.000,0.000,0.000,0.000,0.000,0.000,0.106,0.000
271.41,0.429,0,0.434,0.510,1,0.000,0.000,0.000,0.000,0.000,0.000,0.102,0.003
271.61,0.429,0,0.434,0.510,1,0.000,0.000,0.000,0.000,0.000,0.000,0.101,0.003
271.81,0.427,0,0.438,0.507,1,0.000,0.000,0.000,0.000,0.000,0.000,0.099,0.003
272.01,0.427,0,0.438,0.507,1,0.000,0.000,0.000,0.000,0.000,0.000,0.099,0.003
272.21,0.426,0,0.438,0.507,1,0.000,0.000,0.000,0.000,0.000,0.000,0.107,0.003
272.41,0.424,0,0.435,0.505,1,0.000,0.000,0.000,0.000,0.000,0.000,0.105,-0.000
272.61,0.424,0,0.435,0.505,1,0.000,0.000,0.000,0.000,0.000,0.000,0.105,0.006
272.81,0.424,0,0.433,0.504,1,0.000,0.000,0.000,0.000,0.000,0.000,0.105,0.006
273.01,0.424,0,0.433,0.504,1,0.000,0.000,0.000,0.000,0.000,0.000,0.107,0.002
273.21,0.431,0,0.433,0.504,1,0.000,0.000,0.000,0.000,0.000,0.000,0.103,-0.002
273.41,0.433,0,0.440,0.516,1,0.000,0.000,0.000,0.000,0.000,0.000,0.103,-0.005
273.61,0.431,0,0.440,0.516,1,0.000,0.000,0.000,0.000,0.000,0.000,0.099,-0.001
273.81,0.431,0,0.440,0.514,1,0.000,0.000,0.000,0.000,0.000,0.000,0.099,-0.001
274.01,0.433,0,0.440,0.514,1,0.000,0.000,0.000,0.000,0.000,0.000,0.103,0.007
274.21,0.431,0,0.440,0.514,1,0.000,0.000,0.000,0.000,0.000,0.000,0.121,-0.001
274.41,0.431,0,0.440,0.514,1,0.000,0.000,0.000,0.000,0.000,0.000,0.100,0.000
274.61,0.431,0,0.440,0.514,1,0.000,0.000,0.000,0.000,0.000,0.000,0.100,0.000
274.81,0.431,0,0.440,0.515,1,0.000,0.000,0.000,0.000,0.000,0.000,0.106,-0.003
275.01,0.434,0,0.440,0.515,1,0.000,0.000,0.000,0.000,0.000,0.000,0.107,0.002
275.21,0.436,0,0.440,0.515,1,0.000,0.000,0.000,0.000,0.000,0.000,0.104,-0.000
275.41,0.436,0,0.445,0.518,1,0.000,0.000,0.000,0.000,0.000,0.000,0.104,0.007
275.61,0.437,0,0.445,0.518,1,0.000,0.000,0.000,0.000,0.000,0.000,0.104,0.007
275.81,0.435,0,0.444,0.517,1,0.000,0.000,0.000,0.000,0.000,0.000,0.102,0.001
276.01,0.435,0,0.444,0.517,1,0.000,0.000,0.000,0.000,0.000,0.000,0.109,0.007
276.21,0.433,0,0.444,0.517,1,0.000,0.000,0.000,0.000,0.000,0.000,0.106,0.003
276.41,0.433,0,0.442,0.512,1,0.000,0.000,0.000,0.000,0.000,0.000,0.106,0.003
276.61,0.431,0,0.442,0.512,1,0.000,0.000,0.000,0.000,0.000,0.000,0.103,0.005
276.81,0.435,0,0.444,0.518,1,0.000,0.000,0.000,0.000,0.000,0.000,0.098,0.004
277.01,0.433,0,0.444,0.518,1,0.000,0.000,0.000,0.000,0.000,0.000,0.101,-0.007
277.21,0.433,0,0.444,0.518,1,0.000,0.000,0.000,0.000,0.000,0.000,0.101,-0.007
277.41,0.429,0,0.438,0.512,1,0.000,0.000,0.000,0.000,0.000,0.000,0.102,0.001
277.61,0.431,0,0.438,0.512,1,0.000,0.000,0.000,0.000,0.000,0.000,0.100,0.001
277.81,0.434,0,0.443,0.513,1,0.000,0.000,0.000,0.000,0.000,0.000,0.104,0.003
278.01,0.434,0,0.443,0.513,1,0.000,0.000,0.000,0.000,0.000,0.000,0.097,-0.008
278.21,0.431,0,0.443,0.513,1,0.000,0.000,0.000,0.000,0.000,0.000,0.097,-0.008
278.41,0.431,0,0.440,0.513,1,0.000,0.000,0.000,0.000,0.000,0.000,0.095,-0.002
278.61,0.435,0,0.440,0.513,1,0.000,0.000,0.000,0.000,0.000,0.000,0.097,0.001
278.81,0.440,0,0.444,0.520,1,0.000,0.000,0.000,0.000,0.000,0.000,0.101,0.005
279.01,0.440,0,0.444,0.520,1,0.000,0.000,0.000,0.000,0.000,0.000,0.101,0.005
279.21,0.439,0,0.444,0.520,1,0.000,0.000,0.000,0.000,0.000,0.000,0.101,0.002
279.41,0.428,0,0.448,0.514,1,0.000,0.000,0.000,0.000,0.000,0.000,0.103,-0.002
279.61,0.424,0,0.448,0.514,1,0.000,0.000,0.000,0.000,0.000,0.000,0.103,0.001
279.81,0.424,0,0.433,0.516,1,0.000,0.000,0.000,0.000,0.000,0.000,0.103,0.001
280.01,0.434,0,0.433,0.516,1,0.000,0.000,0.000,0.000,0.000,0.000,0.095,-0.001
280.21,0.438,0,0.433,0.516,1,0.000,0.000,0.000,0.000,0.000,0.000,0.102,-0.002
280.41,0.444,0,0.447,0.528,1,0.000,0.000,0.000,0.000,0.000,0.000,0.110,0.002
280.61,0.444,0,0.447,0.528,1,0.000,0.000,0.000,0.000,0.000,0.000,0.095,0.002
280.81,0.453,0,0.462,0.539,1,0.000,0.000,0.000,0.000,0.000,0.000,0.095,0.002
281.01,0.457,0,0.462,0.539,1,0.000,0.000,0.000,0.000,0.000,0.000,0.099,-0.007
281.21,0.462,0,0.462,0.539,1,0.000,0.000,0.000,0.000,0.000,0.000,0.099,-0.001
281.41,0.465,0,0.471,0.548,1,0.000,0.000,0.000,0.000,0.000,0.000,0.100,0.003
281.61,0.465,0,0.471,0.548,1,0.000,0.000,0.000,0.000,0.000,0.000,0.100,0.003
281.81,0.464,0,0.473,0.545,1,0.000,0.000,0.000,0.000,0.000,0.000,0.099,0.002
282.01,0.459,0,0.473,0.545,1,0.000,0.000,0.000,0.000,0.000,0.000,0.101,-0.005
282.21,0.458,0,0.473,0.545,1,0.000,0.000,0.000,0.000,0.000,0.000,0.101,-0.002
282.41,0.458,0,0.467,0.538,1,0.000,0.000,0.000,0.000,0.000,0.000,0.101,-0.002
282.61,0.454,0,0.467,0.538,1,0.000,0.000,0.000,0.000,0.000,0.000,0.105,0.010
282.81,0.448,0,0.457,0.532,1,0.000,0.000,0.000,0.000,0.000,0.000,0.104,0.001
283.01,0.448,0,0.457,0.532,1,0.000,0.000,0.000,0.000,0.000,0.000,0.101,0.005
283.21,0.448,0,0.457,0.532,1,0.000,0.000,0.000,0.000,0.000,0.000,0.101,0.004
283.41,0.449,0,0.458,0.536,1,0.000,0.000,0.000,0.000,0.000,0.000,0.101,0.004
283.61,0.450,0,0.458,0.536,1,0.000,0.000,0.000,0.000,0.000,0.000,0.102,0.003
283.81,0.449,0,0.458,0.534,1,0.000,0.000,0.000,0.000,0.000,0.000,0.099,-0.005
284.01,0.449,0,0.458,0.534,1,0.000,0.000,0.000,0.000,0.000,0.000,0.100,0.000
284.21,0.449,0,0.458,0.534,1,0.000,0.000,0.000,0.000,0.000,0.000,0.100,0.000
284.41,0.450,0,0.459,0.535,1,0.000,0.000,0.000,0.000,0.000,0.000,0.103,0.003
284.61,0.105,0,0.459,0.535,1,0.000,0.000,0.000,0.000,0.000,0.000,0.102,-0.002
284.81,0.452,0,0.462,0.539,1,0.000,0.000,0.000,0.000,0.000,0.000,0.102,0.002
285.01,0.452,0,0.462,0.539,1,0.000,0.000,0.000,0.000,0.000,0.000,0.102,0.002
285.21,0.438,0,0.462,0.539,1,0.000,0.000,0.000,0.000,0.000,0.000,0.106,0.002
285.41,0.435,0,0.447,0.524,1,0.000,0.000,0.000,0.000,0.000,0.000,0.098,0.001
285.61,0.439,0,0.447,0.524,1,0.000,0.000,0.000,0.000,0.000,0.000,0.096,0.002
285.81,0.439,0,0.448,0.535,1,0.000,0.000,0.000,0.000,0.000,0.000,0.100,0.002
286.01,0.449,0,0.448,0.535,1,0.000,0.000,0.000,0.000,0.000,0.000,0.100,0.002
286.21,0.452,0,0.448,0.535,1,0.000,0.000,0.000,0.000,0.000,0.000,0.099,0.001
286.41,0.447,0,0.461,0.534,1,0.000,0.000,0.000,0.000,0.000,0.000,0.104,0.007
286.61,0.443,0,0.461,0.534,1,0.000,0.000,0.000,0.000,0.000,0.000,0.103,-0.007
286.81,0.443,0,0.452,0.530,1,0.000,0.000,0.000,0.000,0.000,0.000,0.103,-0.007
287.01,0.446,0,0.452,0.530,1,0.000,0.000,0.000,0.000,0.000,0.000,0.095,0.005
287.21,0.448,0,0.452,0.530,1,0.000,0.000,0.000,0.000,0.000,0.000,0.104,0.000
287.41,0.451,0,0.457,0.534,1,0.000,0.000,0.000,0.000,0.000,0.000,0.108,-0.004
287.61,0.451,0,0.457,0.534,1,0.000,0.000,0.000,0.000,0.000,0.000,0.108,-0.004
287.81,0.449,0,0.458,0.536,1,0.000,0.000,0.000,0.000,0.000,0.000,0.099,0.001
288.01,0.449,0,0.458,0.536,1,0.000,0.000,0.000,0.000,0.000,0.000,0.106,0.001
288.21,0.449,0,0.458,0.536,1,0.000,0.000,0.000,0.000,0.000,0.000,0.097,0.001
288.41,0.447,0,0.458,0.533,1,0.000,0.000,0.000,0.000,0.000,0.000,0.100,-0.008
288.61,0.447,0,0.458,0.533,1,0.000,0.000,0.000,0.000,0.000,0.000,0.100,-0.008
288.81,0.446,0,0.455,0.530,1,0.000,0.000,0.000,0.000,0.000,0.000,0.099,-0.005
289.01,0.445,0,0.455,0.530,1,0.000,0.000,0.000,0.000,0.000,0.000,0.102,-0.002
289.21,0.445,0,0.455,0.530,1,0.000,0.000,0.000,0.000,0.000,0.000,0.111,0.003
289.41,0.445,0,0.454,0.530,1,0.000,0.000,0.000,0.000,0.000,0.000,0.111,0.003
289.61,0.446,0,0.454,0.530,1,0.000,0.000,0.000,0.000,0.000,0.000,0.110,-0.000
289.81,0.445,0,0.454,0.528,1,0.000,0.000,0.000,0.000,0.000,0.000,0.105,0.002
290.01,0.443,0,0.454,0.528,1,0.000,0.000,0.000,0.000,0.000,0.000,0.110,-0.004
290.21,0.443,0,0.454,0.528,1,0.000,0.000,0.000,0.000,0.000,0.000,0.110,-0.004
290.41,0.435,0,0.444,0.521,1,0.000,0.000,0.000,0.000,0.000,0.000,0.110,-0.002
290.61,0.436,0,0.444,0.521,1,0.000,0.000,0.000,0.000,0.000,0.000,0.109,-0.006
290.81,0.443,0,0.452,0.528,1,0.000,0.000,0.000,0.000,0.000,0.000,0.110,0.000
291.01,0.449,0,0.452,0.528,1,0.000,0.000,0.000,0.000,0.000,0.000,0.115,-0.002
291.21,0.449,0,0.452,0.528,1,0.000,0.000,0.000,0.000,0.000,0.000,0.115,-0.002
291.41,0.451,0,0.458,0.537,1,0.000,0.000,0.000,0.000,0.000,0.000,0.122,0.003
291.61,0.451,0,0.458,0.537,1,0.000,0.000,0.000,0.000,0.000,0.000,0.105,-0.004
291.81,0.450,0,0.460,0.533,1,0.000,0.000,0.000,0.000,0.000,0.000,0.111,-0.002
292.01,0.450,0,0.460,0.533,1,0.000,0.000,0.000,0.000,0.000,0.000,0.111,-0.002
292.21,0.447,0,0.460,0.533,1,0.000,0.000,0.000,0.000,0.000,0.000,0.113,0.005
292.41,0.447,0,0.456,0.533,1,0.000,0.000,0.000,0.000,0.000,0.000,0.102,-0.003
292.61,0.448,0,0.456,0.533,1,0.000,0.000,0.000,0.000,0.000,0.000,0.105,0.002
292.81,0.448,0,0.457,0.532,1,0.000,0.000,0.000,0.000,0.000,0.000,0.105,0.002
293.01,0.447,0,0.457,0.532,1,0.000,0.000,0.000,0.000,0.000,0.000,0.100,0.003
293.21,0.445,0,0.457,0.532,1,0.000,0.000,0.000,0.000,0.000,0.000,0.126,0.003
293.41,0.444,0,0.454,0.530,1,0.000,0.000,0.000,0.000,0.000,0.000,0.116,0.007
293.61,0.446,0,0.454,0.530,1,0.000,0.000,0.000,0.000,0.000,0.000,0.123,0.012
293.81,0.446,0,0.455,0.531,1,0.000,0.000,0.000,0.000,0.000,0.000,0.123,0.012
294.01,0.443,0,0.455,0.531,1,0.000,0.000,0.000,0.000,0.000,0.000,0.102,0.009
294.21,0.432,0,0.455,0.531,1,0.000,0.000,0.000,0.000,0.000,0.000,0.098,-0.002
294.41,0.431,0,0.441,0.513,1,0.000,0.000,0.000,0.000,0.000,0.000,0.093,-0.002
294.61,0.431,0,0.441,0.513,1,0.000,0.000,0.000,0.000,0.000,0.000,0.093,-0.002
294.81,0.431,0,0.440,0.513,1,0.000,0.000,0.000,0.000,0.000,0.000,0.088,-0.002
295.01,0.425,0,0.440,0.513,1,0.000,0.000,0.000,0.000,0.000,0.000,0.099,0.005
295.21,0.424,0,0.440,0.513,1,0.000,0.000,0.000,0.000,0.000,0.000,0.091,0.008
295.41,0.424,0,0.433,0.515,1,0.000,0.000,0.000,0.000,0.000,0.000,0.098,0.005
295.61,0.435,0,0.433,0.515,1,0.000,0.000,0.000,0.000,0.000,0.000,0.098,0.005
295.81,0.441,0,0.450,0.527,1,0.000,0.000,0.000,0.000,0.000,0.000,0.111,0.002
296.01,0.438,0,0.450,0.527,1,0.000,0.000,0.000,0.000,0.000,0.000,0.119,0.005
296.21,0.438,0,0.450,0.527,1,0.000,0.000,0.000,0.000,0.000,0.000,0.094,0.005
296.41,0.438,0,0.447,0.522,1,0.000,0.000,0.000,0.000,0.000,0.000,0.094,0.005
296.61,0.440,0,0.447,0.522,1,0.000,0.000,0.000,0.000,0.000,0.000,0.094,0.011
296.81,0.446,0,0.455,0.529,1,0.000,0.000,0.000,0.000,0.000,0.000,0.100,0.004
297.01,0.445,0,0.455,0.529,1,0.000,0.000,0.000,0.000,0.000,0.000,0.098,0.003
297.21,0.445,0,0.455,0.529,1,0.000,0.000,0.000,0.000,0.000,0.000,0.098,0.003
297.41,0.445,0,0.454,0.528,1,0.000,0.000,0.000,0.000,0.000,0.000,0.088,0.002
297.61,0.446,0,0.454,0.528,1,0.000,0.000,0.000,0.000,0.000,0.000,0.114,0.011
297.81,0.449,0,0.458,0.531,1,0.000,0.000,0.000,0.000,0.000,0.000,0.102,0.006
298.01,0.449,0,0.458,0.531,1,0.000,0.000,0.000,0.000,0.000,0.000,0.091,-0.000
298.21,0.452,0,0.458,0.531,1,0.000,0.000,0.000,0.000,0.000,0.000,0.091,-0.000
298.41,0.453,0,0.461,0.538,1,0.000,0.000,0.000,0.000,0.000,0.000,0.096,0.003
298.61,0.454,0,0.461,0.538,1,0.000,0.000,0.000,0.000,0.000,0.000,0.100,-0.000
298.81,0.456,0,0.463,0.540,1,0.000,0.000,0.000,0.000,0.000,0.000,0.104,0.007
299.01,0.456,0,0.463,0.540,1,0.000,0.000,0.000,0.000,0.000,0.000,0.104,0.007
299.21,0.456,0,0.463,0.540,1,0.000,0.000,0.000,0.000,0.000,0.000,0.102,0.004
299.41,0.455,0,0.465,0.540,1,0.000,0.000,0.000,0.000,0.000,0.000,0.111,0.005
299.61,0.455,0,0.465,0.540,1,0.000,0.000,0.000,0.000,0.000,0.000,0.104,0.006
299.81,0.455,0,0.464,0.540,1,0.000,0.000,0.000,0.000,0.000,0.000,0.104,0.006
300.01,0.454,0,0.464,0.540,1,0.000,0.000,0.000,0.000,0.000,0.000,0.105,-0.001
300.21,0.457,0,0.464,0.540,1,0.000,0.000,0.000,0.000,0.000,0.000,0.104,0.004
300.41,0.456,0,0.466,0.542,1,0.000,0.000,0.000,0.000,0.000,0.000,0.103,0.002
300.61,0.456,0,0.466,0.542,1,0.000,0.000,0.000,0.000,0.000,0.000,0.103,0.002
300.81,0.455,0,0.464,0.536,1,0.000,0.000,0.000,0.000,0.000,0.000,0.103,0.004
301.01,0.451,0,0.464,0.536,1,0.000,0.000,0.000,0.000,0.000,0.000,0.099,-0.001
301.21,0.451,0,0.464,0.536,1,0.000,0.000,0.000,0.000,0.000,0.000,0.103,0.002
301.41,0.452,0,0.460,0.535,1,0.000,0.000,0.000,0.000,0.000,0.000,0.098,0.005
301.61,0.452,0,0.460,0.535,1,0.000,0.000,0.000,0.000,0.000,0.000,0.098,0.005
301.81,0.453,0,0.462,0.536,1,0.000,0.000,0.000,0.000,0.000,0.000,0.113,0.006
302.01,0.450,0,0.462,0.536,1,0.000,0.000,0.000,0.000,0.000,0.000,0.118,0.009
302.21,0.450,0,0.462,0.536,1,0.000,0.000,0.000,0.000,0.000,0.000,0.103,-0.002
302.41,0.450,0,0.459,0.531,1,0.000,0.000,0.000,0.000,0.000,0.000,0.103,-0.002
302.61,0.448,0,0.459,0.531,1,0.000,0.000,0.000,0.000,0.000,0.000,0.098,0.001
302.81,0.452,0,0.461,0.538,1,0.000,0.000,0.000,0.000,0.000,0.000,0.098,-0.006
303.01,0.458,0,0.461,0.538,1,0.000,0.000,0.000,0.000,0.000,0.000,0.093,0.001
303.21,0.458,0,0.461,0.538,1,0.000,0.000,0.000,0.000,0.000,0.000,0.102,0.003
303.41,0.460,0,0.469,0.547,1,0.000,0.000,0.000,0.000,0.000,0.000,0.102,0.003
303.61,0.464,0,0.469,0.547,1,0.000,0.000,0.000,0.000,0.000,0.000,0.096,0.006
303.81,0.460,0,0.469,0.548,1,0.000,0.000,0.000,0.000,0.000,0.000,0.099,0.006
304.01,0.449,0,0.469,0.548,1,0.000,0.000,0.000,0.000,0.000,0.000,0.085,0.004
304.21,0.449,0,0.469,0.548,1,0.000,0.000,0.000,0.000,0.000,0.000,0.085,0.004
304.41,0.445,0,0.454,0.537,1,0.000,0.000,0.000,0.000,0.000,0.000,0.094,0.002
304.61,0.453,0,0.454,0.537,1,0.000,0.000,0.000,0.000,0.000,0.000,0.104,-0.002
304.81,0.466,0,0.462,0.553,1,0.000,0.000,0.000,0.000,0.000,0.000,0.102,-0.002
305.01,0.466,0,0.462,0.553,1,0.000,0.000,0.000,0.000,0.000,0.000,0.102,-0.002
305.21,0.460,0,0.462,0.553,1,0.000,0.000,0.000,0.000,0.000,0.000,0.099,0.002
305.41,0.458,0,0.469,0.542,1,0.000,0.000,0.000,0.000,0.000,0.000,0.106,-0.002
305.61,0.463,0,0.469,0.542,1,0.000,0.000,0.000,0.000,0.000,0.000,0.101,0.004
305.81,0.463,0,0.472,0.550,1,0.000,0.000,0.000,0.000,0.000,0.000,0.101,0.004
306.01,0.466,0,0.472,0.550,1,0.000,0.000,0.000,0.000,0.000,0.000,0.108,0.003
306.21,0.464,0,0.472,0.550,1,0.000,0.000,0.000,0.000,0.000,0.000,0.102,0.008
306.41,0.461,0,0.473,0.546,1,0.000,0.000,0.000,0.000,0.000,0.000,0.104,0.009
306.61,0.458,0,0.473,0.546,1,0.000,0.000,0.000,0.000,0.000,0.000,0.102,0.004
306.81,0.458,0,0.467,0.542,1,0.000,0.000,0.000,0.000,0.000,0.000,0.102,0.004
307.01,0.458,0,0.467,0.542,1,0.000,0.000,0.000,0.000,0.000,0.000,0.100,0.004
307.21,0.458,0,0.467,0.542,1,0.000,0.000,0.000,0.000,0.000,0.000,0.103,0.000
307.41,0.458,0,0.467,0.542,1,0.000,0.000,0.000,0.000,0.000,0.000,0.109,0.002
307.61,0.458,0,0.467,0.542,1,0.000,0.000,0.000,0.000,0.000,0.000,0.109,0.002
307.81,0.457,0,0.466,0.541,1,0.000,0.000,0.000,0.000,0.000,0.000,0.107,0.006
308.01,0.457,0,0.466,0.541,1,0.000,0.000,0.000,0.000,0.000,0.000,0.104,0.003
308.21,0.458,0,0.466,0.541,1,0.000,0.000,0.000,0.000,0.000,0.000,0.107,0.008
308.41,0.458,0,0.467,0.545,1,0.000,0.000,0.000,0.000,0.000,0.000,0.104,0.001
308.61,0.463,0,0.467,0.545,1,0.000,0.000,0.000,0.000,0.000,0.000,0.104,0.001
308.81,0.466,0,0.475,0.549,1,0.000,0.000,0.000,0.000,0.000,0.000,0.105,0.001
309.01,0.464,0,0.475,0.549,1,0.000,0.000,0.000,0.000,0.000,0.000,0.104,0.001
309.21,0.463,0,0.475,0.549,1,0.000,0.000,0.000,0.000,0.000,0.000,0.106,0.005
309.41,0.463,0,0.472,0.545,1,0.000,0.000,0.000,0.000,0.000,0.000,0.106,0.005
309.61,0.463,0,0.472,0.545,1,0.000,0.000,0.000,0.000,0.000,0.000,0.110,-0.001
309.81,0.461,0,0.470,0.543,1,0.000,0.000,0.000,0.000,0.000,0.000,0.094,-0.001
310.01,0.459,0,0.470,0.543,1,0.000,0.000,0.000,0.000,0.000,0.000,0.098,-0.003
310.21,0.459,0,0.470,0.543,1,0.000,0.000,0.000,0.000,0.000,0.000,0.098,-0.003
310.41,0.105,0,0.469,0.544,1,0.000,0.000,0.000,0.000,0.000,0.000,0.095,-0.001
310.61,0.459,0,0.469,0.544,1,0.000,0.000,0.000,0.000,0.000,0.000,0.095,-0.001
310.81,0.445,0,0.454,0.533,1,0.000,0.000,0.000,0.000,0.000,0.000,0.104,-0.003
311.01,0.445,0,0.454,0.533,1,0.000,0.000,0.000,0.000,0.000,0.000,0.098,0.001
311.21,0.444,0,0.454,0.533,1,0.000,0.000,0.000,0.000,0.000,0.000,0.098,0.001
311.41,0.444,0,0.453,0.533,1,0.000,0.000,0.000,0.000,0.000,0.000,0.098,0.001
311.61,0.105,0,0.453,0.533,1,0.000,0.000,0.000,0.000,0.000,0.000,0.093,0.001
311.81,0.459,0,0.455,0.542,1,0.000,0.000,0.000,0.000,0.000,0.000,0.093,-0.002
312.01,0.459,0,0.455,0.542,1,0.000,0.000,0.000,0.000,0.000,0.000,0.093,-0.002
312.21,0.466,0,0.455,0.542,1,0.000,0.000,0.000,0.000,0.000,0.000,0.096,0.010
312.41,0.467,0,0.475,0.553,1,0.000,0.000,0.000,0.000,0.000,0.000,0.098,-0.009
312.61,0.469,0,0.475,0.553,1,0.000,0.000,0.000,0.000,0.000,0.000,0.093,0.004
312.81,0.469,0,0.478,0.555,1,0.000,0.000,0.000,0.000,0.000,0.000,0.093,0.004
313.01,0.470,0,0.478,0.555,1,0.000,0.000,0.000,0.000,0.000,0.000,0.098,0.001
313.21,0.476,0,0.478,0.555,1,0.000,0.000,0.000,0.000,0.000,0.000,0.109,0.006
313.41,0.476,0,0.484,0.559,1,0.000,0.000,0.000,0.000,0.000,0.000,0.101,0.004
313.61,0.476,0,0.484,0.559,1,0.000,0.000,0.000,0.000,0.000,0.000,0.114,0.006
313.81,0.106,0,0.485,0.559,1,0.000,0.000,0.000,0.000,0.000,0.000,0.114,0.006
314.01,0.105,0,0.485,0.559,1,0.000,0.000,0.000,0.000,0.000,0.000,0.098,0.000
314.21,0.474,0,0.485,0.559,1,0.000,0.000,0.000,0.000,0.000,0.000,0.104,-0.008
314.41,0.468,0,0.482,0.554,1,0.000,0.000,0.000,0.000,0.000,0.000,0.100,-0.001
314.61,0.468,0,0.482,0.554,1,0.000,0.000,0.000,0.000,0.000,0.000,0.100,-0.001
314.81,0.467,0,0.476,0.551,1,0.000,0.000,0.000,0.000,0.000,0.000,0.096,-0.005
315.01,0.469,0,0.476,0.551,1,0.000,0.000,0.000,0.000,0.000,0.000,0.102,0.005
315.21,0.472,0,0.476,0.551,1,0.000,0.000,0.000,0.000,0.000,0.000,0.101,0.000
315.41,0.472,0,0.481,0.554,1,0.000,0.000,0.000,0.000,0.000,0.000,0.101,0.000
315.61,0.470,0,0.481,0.554,1,0.000,0.000,0.000,0.000,0.000,0.000,0.099,0.004
315.81,0.467,0,0.476,0.552,1,0.000,0.000,0.000,0.000,0.000,0.000,0.114,0.003
316.01,0.470,0,0.476,0.552,1,0.000,0.000,0.000,0.000,0.000,0.000,0.106,0.004
316.21,0.470,0,0.476,0.552,1,0.000,0.000,0.000,0.000,0.000,0.000,0.097,-0.000
316.41,0.470,0,0.479,0.552,1,0.000,0.000,0.000,0.000,0.000,0.000,0.097,-0.000
316.61,0.105,0,0.479,0.552,1,0.000,0.000,0.000,0.000,0.000,0.000,0.096,0.007
316.81,0.468,0,0.477,0.551,1,0.000,0.000,0.000,0.000,0.000,0.000,0.100,0.010
317.01,0.468,0,0.477,0.551,1,0.000,0.000,0.000,0.000,0.000,0.000,0.099,0.002
317.21,0.468,0,0.477,0.551,1,0.000,0.000,0.000,0.000,0.000,0.000,0.099,0.002
317.41,0.468,0,0.477,0.550,1,0.000,0.000,0.000,0.000,0.000,0.000,0.106,0.003
317.61,0.468,0,0.477,0.550,1,0.000,0.000,0.000,0.000,0.000,0.000,0.100,0.002
317.81,0.467,0,0.477,0.549,1,0.000,0.000,0.000,0.000,0.000,0.000,0.097,0.008
318.01,0.467,0,0.477,0.549,1,0.000,0.000,0.000,0.000,0.000,0.000,0.097,0.008
318.21,0.466,0,0.477,0.549,1,0.000,0.000,0.000,0.000,0.000,0.000,0.101,-0.002
318.41,0.105,0,0.475,0.547,1,0.000,0.000,0.000,0.000,0.000,0.000,0.110,0.006
318.61,0.463,0,0.475,0.547,1,0.000,0.000,0.000,0.000,0.000,0.000,0.111,0.007
318.81,0.463,0,0.472,0.551,1,0.000,0.000,0.000,0.000,0.000,0.000,0.103,-0.003
319.01,0.467,0,0.472,0.551,1,0.000,0.000,0.000,0.000,0.000,0.000,0.103,-0.003
319.21,0.455,0,0.472,0.551,1,0.000,0.000,0.000,0.000,0.000,0.000,0.100,0.001
319.41,0.443,0,0.464,0.526,1,0.000,0.000,0.000,0.000,0.000,0.000,0.104,0.010
319.61,0.437,0,0.464,0.526,1,0.000,0.000,0.000,0.000,0.000,0.000,0.104,0.011
319.81,0.437,0,0.446,0.518,1,0.000,0.000,0.000,0.000,0.000,0.000,0.104,0.011
320.01,0.106,0,0.446,0.518,1,0.000,0.000,0.000,0.000,0.000,0.000,0.105,0.004
320.21,0.445,0,0.446,0.518,1,0.000,0.000,0.000,0.000,0.000,0.000,0.098,0.008
320.41,0.450,0,0.454,0.527,1,0.000,0.000,0.000,0.000,0.000,0.000,0.117,0.015
320.61,0.450,0,0.454,0.527,1,0.000,0.000,0.000,0.000,0.000,0.000,0.117,0.015
320.81,0.105,0,0.457,0.526,1,0.000,0.000,0.000,0.000,0.000,0.000,0.108,0.012
321.01,0.105,0,0.457,0.526,1,0.000,0.000,0.000,0.000,0.000,0.000,0.098,0.002
321.21,0.444,0,0.457,0.526,1,0.000,0.000,0.000,0.000,0.000,0.000,0.099,0.011
321.41,0.444,0,0.453,0.521,1,0.000,0.000,0.000,0.000,0.000,0.000,0.118,0.005
321.61,0.444,0,0.453,0.521,1,0.000,0.000,0.000,0.000,0.000,0.000,0.118,0.005
321.81,0.445,0,0.454,0.521,1,0.000,0.000,0.000,0.000,0.000,0.000,0.116,0.012
322.01,0.443,0,0.454,0.521,1,0.000,0.000,0.000,0.000,0.000,0.000,0.114,0.011
322.21,0.105,0,0.454,0.521,1,0.000,0.000,0.000,0.000,0.000,0.000,0.102,0.013
322.41,0.105,0,0.451,0.519,1,0.000,0.000,0.000,0.000,0.000,0.000,0.102,0.013
322.61,0.440,0,0.451,0.519,1,0.000,0.000,0.000,0.000,0.000,0.000,0.107,0.014
322.81,0.105,0,0.450,0.518,1,0.000,0.000,0.000,0.000,0.000,0.000,0.104,-0.004
323.01,0.438,0,0.450,0.518,1,0.000,0.000,0.000,0.000,0.000,0.000,0.109,0.007
323.21,0.438,0,0.450,0.518,1,0.000,0.000,0.000,0.000,0.000,0.000,0.109,0.007
323.41,0.106,0,0.448,0.518,1,0.000,0.000,0.000,0.000,0.000,0.000,0.110,0.004
323.61,0.106,0,0.448,0.518,1,0.000,0.000,0.000,0.000,0.000,0.000,0.107,0.005
323.81,0.444,0,0.453,0.518,1,0.000,0.000,0.000,0.000,0.000,0.000,0.107,-0.003
324.01,0.106,0,0.453,0.518,1,0.000,0.000,0.000,0.000,0.000,0.000,0.098,-0.004
324.21,0.106,0,0.453,0.518,1,0.000,0.000,0.000,0.000,0.000,0.000,0.098,-0.004
324.41,0.105,0,0.451,0.519,1,0.000,0.000,0.000,0.000,0.000,0.000,0.099,0.004
324.61,0.443,0,0.451,0.519,1,0.000,0.000,0.000,0.000,0.000,0.000,0.102,-0.002
324.81,0.443,0,0.452,0.520,1,0.000,0.000,0.000,0.000,0.000,0.000,0.099,0.004
325.01,0.443,0,0.452,0.520,1,0.000,0.000,0.000,0.000,0.000,0.000,0.099,0.004
325.21,0.431,0,0.452,0.520,1,0.000,0.000,0.000,0.000,0.000,0.000,0.102,-0.005
325.41,0.431,0,0.440,0.510,1,0.000,0.000,0.000,0.000,0.000,0.000,0.122,0.010
325.61,0.105,0,0.440,0.510,1,0.000,0.000,0.000,0.000,0.000,0.000,0.107,0.003
325.81,0.105,0,0.454,0.540,1,0.000,0.000,0.000,0.000,0.000,0.000,0.107,0.003
326.01,0.457,0,0.454,0.540,1,0.000,0.000,0.000,0.000,0.000,0.000,0.099,-0.000
326.21,0.105,0,0.454,0.540,1,0.000,0.000,0.000,0.000,0.000,0.000,0.100,0.005
326.41,0.106,0,0.458,0.527,1,0.000,0.000,0.000,0.000,0.000,0.000,0.110,0.008
326.61,0.440,0,0.458,0.527,1,0.000,0.000,0.000,0.000,0.000,0.000,0.091,-0.002
326.81,0.440,0,0.449,0.522,1,0.000,0.000,0.000,0.000,0.000,0.000,0.091,-0.002
327.01,0.441,0,0.449,0.522,1,0.000,0.000,0.000,0.000,0.000,0.000,0.097,0.001
327.21,0.106,0,0.449,0.522,1,0.000,0.000,0.000,0.000,0.000,0.000,0.107,0.001
327.41,0.448,0,0.453,0.527,1,0.000,0.000,0.000,0.000,0.000,0.000,0.103,0.000
327.61,0.448,0,0.453,0.527,1,0.000,0.000,0.000,0.000,0.000,0.000,0.103,0.000
327.81,0.451,0,0.460,0.520,1,0.000,0.000,0.000,0.000,0.000,0.000,0.099,-0.003
328.01,0.437,0,0.460,0.520,1,0.000,0.000,0.000,0.000,0.000,0.000,0.098,0.005
328.21,0.441,0,0.460,0.520,1,0.000,0.000,0.000,0.000,0.000,0.000,0.097,-0.002
328.41,0.441,0,0.450,0.525,1,0.000,0.000,0.000,0.000,0.000,0.000,0.097,-0.002
328.61,0.448,0,0.450,0.525,1,0.000,0.000,0.000,0.000,0.000,0.000,0.097,-0.004
328.81,0.451,0,0.460,0.536,1,0.000,0.000,0.000,0.000,0.000,0.000,0.093,-0.000
329.01,0.457,0,0.460,0.536,1,0.000,0.000,0.000,0.000,0.000,0.000,0.099,0.002
329.21,0.462,0,0.460,0.536,1,0.000,0.000,0.000,0.000,0.000,0.000,0.108,0.004
329.41,0.462,0,0.471,0.549,1,0.000,0.000,0.000,0.000,0.000,0.000,0.108,0.004
329.61,0.105,0,0.471,0.549,1,0.000,0.000,0.000,0.000,0.000,0.000,0.100,0.000
329.81,0.106,0,0.480,0.553,1,0.000,0.000,0.000,0.000,0.000,0.000,0.093,0.001
330.01,0.470,0,0.480,0.553,1,0.000,0.000,0.000,0.000,0.000,0.000,0.108,0.002
330.21,0.470,0,0.480,0.553,1,0.000,0.000,0.000,0.000,0.000,0.000,0.108,0.002
330.41,0.470,0,0.479,0.553,1,0.000,0.000,0.000,0.000,0.000,0.000,0.100,0.000
330.61,0.105,0,0.479,0.553,1,0.000,0.000,0.000,0.000,0.000,0.000,0.094,-0.008
330.81,0.466,0,0.475,0.549,1,0.000,0.000,0.000,0.000,0.000,0.000,0.106,0.004
331.01,0.466,0,0.475,0.549,1,0.000,0.000,0.000,0.000,0.000,0.000,0.100,0.003
331.21,0.469,0,0.475,0.549,1,0.000,0.000,0.000,0.000,0.000,0.000,0.100,0.003
331.41,0.470,0,0.478,0.553,1,0.000,0.000,0.000,0.000,0.000,0.000,0.098,-0.002
331.61,0.106,0,0.478,0.553,1,0.000,0.000,0.000,0.000,0.000,0.000,0.098,0.000
331.81,0.468,0,0.478,0.550,1,0.000,0.000,0.000,0.000,0.000,0.000,0.095,0.005
332.01,0.468,0,0.478,0.550,1,0.000,0.000,0.000,0.000,0.000,0.000,0.095,0.005
332.21,0.467,0,0.478,0.550,1,0.000,0.000,0.000,0.000,0.000,0.000,0.094,-0.004
332.41,0.466,0,0.476,0.550,1,0.000,0.000,0.000,0.000,0.000,0.000,0.096,-0.003
332.61,0.466,0,0.476,0.550,1,0.000,0.000,0.000,0.000,0.000,0.000,0.097,-0.002
332.81,0.466,0,0.475,0.548,1,0.000,0.000,0.000,0.000,0.000,0.000,0.097,-0.002
333.01,0.465,0,0.475,0.548,1,0.000,0.000,0.000,0.000,0.000,0.000,0.099,-0.002
333.21,0.466,0,0.475,0.548,1,0.000,0.000,0.000,0.000,0.000,0.000,0.098,0.002
333.41,0.467,0,0.475,0.551,1,0.000,0.000,0.000,0.000,0.000,0.000,0.101,-0.002
333.61,0.467,0,0.475,0.551,1,0.000,0.000,0.000,0.000,0.000,0.000,0.094,-0.005
333.81,0.469,0,0.478,0.551,1,0.000,0.000,0.000,0.000,0.000,0.000,0.094,-0.005
334.01,0.466,0,0.478,0.551,1,0.000,0.000,0.000,0.000,0.000,0.000,0.100,-0.006
334.21,0.466,0,0.478,0.551,1,0.000,0.000,0.000,0.000,0.000,0.000,0.102,-0.001
334.41,0.465,0,0.475,0.549,1,0.000,0.000,0.000,0.000,0.000,0.000,0.103,-0.001
334.61,0.465,0,0.475,0.549,1,0.000,0.000,0.000,0.000,0.000,0.000,0.103,-0.001
334.81,0.106,0,0.467,0.533,1,0.000,0.000,0.000,0.000,0.000,0.000,0.102,-0.002
335.01,0.106,0,0.467,0.533,1,0.000,0.000,0.000,0.000,0.000,0.000,0.107,0.005
335.21,0.450,0,0.467,0.533,1,0.000,0.000,0.000,0.000,0.000,0.000,0.117,-0.003
335.41,0.450,0,0.459,0.540,1,0.000,0.000,0.000,0.000,0.000,0.000,0.117,-0.003
335.61,0.106,0,0.459,0.540,1,0.000,0.000,0.000,0.000,0.000,0.000,0.105,0.001
335.81,0.461,0,0.470,0.544,1,0.000,0.000,0.000,0.000,0.000,0.000,0.106,-0.006
336.01,0.458,0,0.470,0.544,1,0.000,0.000,0.000,0.000,0.000,0.000,0.096,0.002
336.21,0.457,0,0.470,0.544,1,0.000,0.000,0.000,0.000,0.000,0.000,0.097,-0.003
336.41,0.457,0,0.466,0.542,1,0.000,0.000,0.000,0.000,0.000,0.000,0.097,-0.003
336.61,0.459,0,0.466,0.542,1,0.000,0.000,0.000,0.000,0.000,0.000,0.106,0.004
336.81,0.460,0,0.469,0.543,1,0.000,0.000,0.000,0.000,0.000,0.000,0.107,-0.001
337.01,0.459,0,0.469,0.543,1,0.000,0.000,0.000,0.000,0.000,0.000,0.104,-0.001
337.21,0.459,0,0.469,0.543,1,0.000,0.000,0.000,0.000,0.000,0.000,0.104,-0.001
337.41,0.456,0,0.465,0.540,1,0.000,0.000,0.000,0.000,0.000,0.000,0.103,-0.003
337.61,0.455,0,0.465,0.540,1,0.000,0.000,0.000,0.000,0.000,0.000,0.109,0.002
337.81,0.106,0,0.464,0.538,1,0.000,0.000,0.000,0.000,0.000,0.000,0.108,0.003
338.01,0.106,0,0.464,0.538,1,0.000,0.000,0.000,0.000,0.000,0.000,0.103,0.003
338.21,0.447,0,0.464,0.538,1,0.000,0.000,0.000,0.000,0.000,0.000,0.103,0.003
338.41,0.447,0,0.456,0.531,1,0.000,0.000,0.000,0.000,0.000,0.000,0.103,0.008
338.61,0.451,0,0.456,0.531,1,0.000,0.000,0.000,0.000,0.000,0.000,0.110,0.002
338.81,0.106,0,0.460,0.542,1,0.000,0.000,0.000,0.000,0.000,0.000,0.103,0.007
339.01,0.106,0,0.460,0.542,1,0.000,0.000,0.000,0.000,0.000,0.000,0.103,0.007
339.21,0.461,0,0.460,0.542,1,0.000,0.000,0.000,0.000,0.000,0.000,0.107,-0.001
339.41,0.463,0,0.470,0.550,1,0.000,0.000,0.000,0.000,0.000,0.000,0.104,0.013
339.61,0.460,0,0.470,0.550,1,0.000,0.000,0.000,0.000,0.000,0.000,0.102,0.005
339.81,0.460,0,0.469,0.541,1,0.000,0.000,0.000,0.000,0.000,0.000,0.102,0.005
340.01,0.456,0,0.469,0.541,1,0.000,0.000,0.000,0.000,0.000,0.000,0.100,0.002
340.21,0.106,0,0.469,0.541,1,0.000,0.000,0.000,0.000,0.000,0.000,0.104,0.008
340.41,0.463,0,0.467,0.547,1,0.000,0.000,0.000,0.000,0.000,0.000,0.102,0.010
340.61,0.463,0,0.467,0.547,1,0.000,0.000,0.000,0.000,0.000,0.000,0.103,0.000
340.81,0.464,0,0.473,0.547,1,0.000,0.000,0.000,0.000,0.000,0.000,0.103,0.000
341.01,0.460,0,0.473,0.547,1,0.000,0.000,0.000,0.000,0.000,0.000,0.100,0.001
341.21,0.458,0,0.473,0.547,1,0.000,0.000,0.000,0.000,0.000,0.000,0.101,0.005
341.41,0.459,0,0.467,0.543,1,0.000,0.000,0.000,0.000,0.000,0.000,0.104,0.002
341.61,0.459,0,0.467,0.543,1,0.000,0.000,0.000,0.000,0.000,0.000,0.104,0.002
341.81,0.462,0,0.471,0.550,1,0.000,0.000,0.000,0.000,0.000,0.000,0.098,-0.001
342.01,0.462,0,0.471,0.550,1,0.000,0.000,0.000,0.000,0.000,0.000,0.097,-0.001
342.21,0.463,0,0.471,0.550,1,0.000,0.000,0.000,0.000,0.000,0.000,0.099,0.004
342.41,0.463,0,0.472,0.546,1,0.000,0.000,0.000,0.000,0.000,0.000,0.099,0.004
342.61,0.462,0,0.472,0.546,1,0.000,0.000,0.000,0.000,0.000,0.000,0.098,0.005
342.81,0.460,0,0.469,0.545,1,0.000,0.000,0.000,0.000,0.000,0.000,0.098,0.001
343.01,0.460,0,0.469,0.545,1,0.000,0.000,0.000,0.000,0.000,0.000,0.096,0.000
343.21,0.460,0,0.469,0.545,1,0.000,0.000,0.000,0.000,0.000,0.000,0.096,0.000
343.41,0.461,0,0.470,0.547,1,0.000,0.000,0.000,0.000,0.000,0.000,0.102,0.005
343.61,0.466,0,0.470,0.547,1,0.000,0.000,0.000,0.000,0.000,0.000,0.106,0.008
343.81,0.467,0,0.476,0.551,1,0.000,0.000,0.000,0.000,0.000,0.000,0.095,-0.007
344.01,0.467,0,0.476,0.551,1,0.000,0.000,0.000,0.000,0.000,0.000,0.095,-0.001
344.21,0.467,0,0.476,0.551,1,0.000,0.000,0.000,0.000,0.000,0.000,0.095,-0.001
344.41,0.469,0,0.476,0.554,1,0.000,0.000,0.000,0.000,0.000,0.000,0.098,0.005
344.61,0.468,0,0.476,0.554,1,0.000,0.000,0.000,0.000,0.000,0.000,0.104,-0.004
344.81,0.464,0,0.477,0.547,1,0.000,0.000,0.000,0.000,0.000,0.000,0.099,-0.000
345.01,0.464,0,0.477,0.547,1,0.000,0.000,0.000,0.000,0.000,0.000,0.099,-0.000
345.21,0.466,0,0.477,0.547,1,0.000,0.000,0.000,0.000,0.000,0.000,0.108,0.007
345.41,0.468,0,0.475,0.551,1,0.000,0.000,0.000,0.000,0.000,0.000,0.097,0.000
345.61,0.469,0,0.475,0.551,1,0.000,0.000,0.000,0.000,0.000,0.000,0.096,-0.005
345.81,0.469,0,0.478,0.552,1,0.000,0.000,0.000,0.000,0.000,0.000,0.099,-0.001
346.01,0.469,0,0.478,0.552,1,0.000,0.000,0.000,0.000,0.000,0.000,0.099,-0.001
346.21,0.107,0,0.478,0.552,1,0.000,0.000,0.000,0.000,0.000,0.000,0.100,0.003
346.41,0.469,0,0.477,0.553,1,0.000,0.000,0.000,0.000,0.000,0.000,0.094,0.006
346.61,0.106,0,0.477,0.553,1,0.000,0.000,0.000,0.000,0.000,0.000,0.098,0.003
346.81,0.106,0,0.480,0.557,1,0.000,0.000,0.000,0.000,0.000,0.000,0.098,0.003
347.01,0.474,0,0.480,0.557,1,0.000,0.000,0.000,0.000,0.000,0.000,0.092,0.001
347.21,0.470,0,0.480,0.557,1,0.000,0.000,0.000,0.000,0.000,0.000,0.100,0.003
347.41,0.472,0,0.481,0.556,1,0.000,0.000,0.000,0.000,0.000,0.000,0.088,-0.003
347.61,0.472,0,0.481,0.556,1,0.000,0.000,0.000,0.000,0.000,0.000,0.088,-0.003
347.81,0.106,0,0.482,0.561,1,0.000,0.000,0.000,0.000,0.000,0.000,0.092,-0.002
348.01,0.470,0,0.482,0.561,1,0.000,0.000,0.000,0.000,0.000,0.000,0.111,0.003
348.21,0.477,0,0.482,0.561,1,0.000,0.000,0.000,0.000,0.000,0.000,0.096,0.001
348.41,0.477,0,0.485,0.559,1,0.000,0.000,0.000,0.000,0.000,0.000,0.101,0.007
348.61,0.473,0,0.485,0.559,1,0.000,0.000,0.000,0.000,0.000,0.000,0.101,0.007
348.81,0.105,0,0.481,0.557,1,0.000,0.000,0.000,0.000,0.000,0.000,0.097,-0.000
349.01,0.470,0,0.481,0.557,1,0.000,0.000,0.000,0.000,0.000,0.000,0.097,-0.000
349.21,0.473,0,0.481,0.557,1,0.000,0.000,0.000,0.000,0.000,0.000,0.097,0.002
349.41,0.473,0,0.481,0.554,1,0.000,0.000,0.000,0.000,0.000,0.000,0.097,0.002
349.61,0.470,0,0.481,0.554,1,0.000,0.000,0.000,0.000,0.000,0.000,0.098,-0.003
349.81,0.468,0,0.477,0.554,1,0.000,0.000,0.000,0.000,0.000,0.000,0.093,0.002
350.01,0.468,0,0.477,0.554,1,0.000,0.000,0.000,0.000,0.000,0.000,0.091,0.004
350.21,0.468,0,0.477,0.554,1,0.000,0.000,0.000,0.000,0.000,0.000,0.091,0.004
350.41,0.470,0,0.479,0.552,1,0.000,0.000,0.000,0.000,0.000,0.000,0.099,-0.001
350.61,0.467,0,0.479,0.552,1,0.000,0.000,0.000,0.000,0.000,0.000,0.101,-0.001
350.81,0.467,0,0.476,0.551,1,0.000,0.000,0.000,0.000,0.000,0.000,0.096,0.001
351.01,0.467,0,0.476,0.551,1,0.000,0.000,0.000,0.000,0.000,0.000,0.097,-0.001
351.21,0.471,0,0.476,0.551,1,0.000,0.000,0.000,0.000,0.000,0.000,0.097,-0.001
351.41,0.470,0,0.480,0.554,1,0.000,0.000,0.000,0.000,0.000,0.000,0.093,0.001
351.61,0.469,0,0.480,0.554,1,0.000,0.000,0.000,0.000,0.000,0.000,0.086,0.001
351.81,0.472,0,0.478,0.554,1,0.000,0.000,0.000,0.000,0.000,0.000,0.104,-0.003
352.01,0.472,0,0.478,0.554,1,0.000,0.000,0.000,0.000,0.000,0.000,0.104,-0.003
352.21,0.475,0,0.478,0.554,1,0.000,0.000,0.000,0.000,0.000,0.000,0.100,-0.001
352.41,0.473,0,0.483,0.555,1,0.000,0.000,0.000,0.000,0.000,0.000,0.097,-0.002
352.61,0.472,0,0.483,0.555,1,0.000,0.000,0.000,0.000,0.000,0.000,0.099,0.003
352.81,0.472,0,0.481,0.555,1,0.000,0.000,0.000,0.000,0.000,0.000,0.099,0.003
353.01,0.474,0,0.481,0.555,1,0.000,0.000,0.000,0.000,0.000,0.000,0.094,-0.002
353.21,0.471,0,0.481,0.555,1,0.000,0.000,0.000,0.000,0.000,0.000,0.097,0.007
353.41,0.467,0,0.480,0.550,1,0.000,0.000,0.000,0.000,0.000,0.000,0.098,-0.002
353.61,0.467,0,0.480,0.550,1,0.000,0.000,0.000,0.000,0.000,0.000,0.104,0.006
353.81,0.468,0,0.477,0.551,1,0.000,0.000,0.000,0.000,0.000,0.000,0.104,0.006
354.01,0.470,0,0.477,0.551,1,0.000,0.000,0.000,0.000,0.000,0.000,0.107,-0.006
354.21,0.469,0,0.477,0.551,1,0.000,0.000,0.000,0.000,0.000,0.000,0.108,0.003
354.41,0.470,0,0.478,0.551,1,0.000,0.000,0.000,0.000,0.000,0.000,0.104,0.002
354.61,0.470,0,0.478,0.551,1,0.000,0.000,0.000,0.000,0.000,0.000,0.104,0.002
354.81,0.468,0,0.477,0.551,1,0.000,0.000,0.000,0.000,0.000,0.000,0.097,-0.006
355.01,0.467,0,0.477,0.551,1,0.000,0.000,0.000,0.000,0.000,0.000,0.094,-0.000
355.21,0.467,0,0.477,0.551,1,0.000,0.000,0.000,0.000,0.000,0.000,0.102,-0.004
355.41,0.467,0,0.476,0.550,1,0.000,0.000,0.000,0.000,0.000,0.000,0.102,-0.004
355.61,0.466,0,0.476,0.550,1,0.000,0.000,0.000,0.000,0.000,0.000,0.097,-0.000
355.81,0.464,0,0.473,0.547,1,0.000,0.000,0.000,0.000,0.000,0.000,0.104,-0.003
356.01,0.459,0,0.473,0.547,1,0.000,0.000,0.000,0.000,0.000,0.000,0.101,0.003
356.21,0.459,0,0.473,0.547,1,0.000,0.000,0.000,0.000,0.000,0.000,0.100,0.000
356.41,0.454,0,0.463,0.541,1,0.000,0.000,0.000,0.000,0.000,0.000,0.100,0.000
356.61,0.456,0,0.463,0.541,1,0.000,0.000,0.000,0.000,0.000,0.000,0.102,0.007
356.81,0.455,0,0.464,0.541,1,0.000,0.000,0.000,0.000,0.000,0.000,0.101,0.001
357.01,0.456,0,0.464,0.541,1,0.000,0.000,0.000,0.000,0.000,0.000,0.106,-0.006
357.21,0.456,0,0.464,0.541,1,0.000,0.000,0.000,0.000,0.000,0.000,0.106,-0.006
357.41,0.461,0,0.470,0.545,1,0.000,0.000,0.000,0.000,0.000,0.000,0.098,-0.002
357.61,0.461,0,0.470,0.545,1,0.000,0.000,0.000,0.000,0.000,0.000,0.101,0.003
357.81,0.460,0,0.470,0.546,1,0.000,0.000,0.000,0.000,0.000,0.000,0.103,-0.004
358.01,0.460,0,0.470,0.546,1,0.000,0.000,0.000,0.000,0.000,0.000,0.103,-0.004
358.21,0.457,0,0.470,0.546,1,0.000,0.000,0.000,0.000,0.000,0.000,0.098,-0.006
358.41,0.459,0,0.466,0.543,1,0.000,0.000,0.000,0.000,0.000,0.000,0.099,0.001
358.61,0.462,0,0.466,0.543,1,0.000,0.000,0.000,0.000,0.000,0.000,0.097,0.002
358.81,0.462,0,0.471,0.552,1,0.000,0.000,0.000,0.000,0.000,0.000,0.102,0.008
359.01,0.470,0,0.471,0.552,1,0.000,0.000,0.000,0.000,0.000,0.000,0.102,0.008
359.21,0.474,0,0.471,0.552,1,0.000,0.000,0.000,0.000,0.000,0.000,0.098,-0.005
359.41,0.470,0,0.482,0.558,1,0.000,0.000,0.000,0.000,0.000,0.000,0.098,-0.003
359.61,0.472,0,0.482,0.558,1,0.000,0.000,0.000,0.000,0.000,0.000,0.101,0.001
359.81,0.472,0,0.481,0.556,1,0.000,0.000,0.000,0.000,0.000,0.000,0.101,0.001
360.01,0.470,0,0.481,0.556,1,0.000,0.000,0.000,0.000,0.000,0.000,0.104,0.002
360.21,0.471,0,0.481,0.556,1,0.000,0.000,0.000,0.000,0.000,0.000,0.098,-0.006
360.41,0.476,0,0.480,0.557,1,0.000,0.000,0.000,0.000,0.000,0.000,0.101,-0.004
360.61,0.476,0,0.480,0.557,1,0.000,0.000,0.000,0.000,0.000,0.000,0.101,-0.004
360.81,0.470,0,0.480,0.555,1,0.000,0.000,0.000,0.000,0.000,0.000,0.090,0.004
361.01,0.470,0,0.480,0.555,1,0.000,0.000,0.000,0.000,0.000,0.000,0.100,-0.001
361.21,0.473,0,0.480,0.555,1,0.000,0.000,0.000,0.000,0.000,0.000,0.099,-0.002
361.41,0.473,0,0.481,0.556,1,0.000,0.000,0.000,0.000,0.000,0.000,0.098,0.005
361.61,0.474,0,0.481,0.556,1,0.000,0.000,0.000,0.000,0.000,0.000,0.098,0.005
361.81,0.475,0,0.483,0.556,1,0.000,0.000,0.000,0.000,0.000,0.000,0.103,0.001
362.01,0.470,0,0.483,0.556,1,0.000,0.000,0.000,0.000,0.000,0.000,0.106,0.004
362.21,0.469,0,0.483,0.556,1,0.000,0.000,0.000,0.000,0.000,0.000,0.097,0.004
362.41,0.469,0,0.478,0.552,1,0.000,0.000,0.000,0.000,0.000,0.000,0.097,0.004
362.61,0.470,0,0.478,0.552,1,0.000,0.000,0.000,0.000,0.000,0.000,0.097,0.003
362.81,0.468,0,0.477,0.552,1,0.000,0.000,0.000,0.000,0.000,0.000,0.097,0.001
363.01,0.469,0,0.477,0.552,1,0.000,0.000,0.000,0.000,0.000,0.000,0.083,-0.004
363.21,0.469,0,0.477,0.552,1,0.000,0.000,0.000,0.000,0.000,0.000,0.083,-0.004
363.41,0.468,0,0.477,0.552,1,0.000,0.000,0.000,0.000,0.000,0.000,0.099,-0.001
363.61,0.471,0,0.477,0.552,1,0.000,0.000,0.000,0.000,0.000,0.000,0.099,-0.001
363.81,0.472,0,0.481,0.553,1,0.000,0.000,0.000,0.000,0.000,0.000,0.098,-0.007
364.01,0.468,0,0.481,0.553,1,0.000,0.000,0.000,0.000,0.000,0.000,0.098,-0.002
364.21,0.468,0,0.481,0.553,1,0.000,0.000,0.000,0.000,0.000,0.000,0.098,-0.002
364.41,0.467,0,0.477,0.551,1,0.000,0.000,0.000,0.000,0.000,0.000,0.099,-0.003
364.61,0.105,0,0.477,0.551,1,0.000,0.000,0.000,0.000,0.000,0.000,0.105,0.000
364.81,0.105,0,0.478,0.550,1,0.000,0.000,0.000,0.000,0.000,0.000,0.100,-0.009
365.01,0.105,0,0.478,0.550,1,0.000,0.000,0.000,0.000,0.000,0.000,0.100,-0.009
365.21,0.464,0,0.478,0.550,1,0.000,0.000,0.000,0.000,0.000,0.000,0.101,-0.001
365.41,0.464,0,0.473,0.548,1,0.000,0.000,0.000,0.000,0.000,0.000,0.100,-0.003
365.61,0.463,0,0.473,0.548,1,0.000,0.000,0.000,0.000,0.000,0.000,0.100,-0.000
365.81,0.463,0,0.472,0.548,1,0.000,0.000,0.000,0.000,0.000,0.000,0.102,0.001
366.01,0.466,0,0.472,0.548,1,0.000,0.000,0.000,0.000,0.000,0.000,0.102,0.001
366.21,0.464,0,0.472,0.548,1,0.000,0.000,0.000,0.000,0.000,0.000,0.100,0.006
366.41,0.464,0,0.473,0.546,1,0.000,0.000,0.000,0.000,0.000,0.000,0.100,0.010
366.61,0.466,0,0.473,0.546,1,0.000,0.000,0.000,0.000,0.000,0.000,0.103,0.006
366.81,0.466,0,0.475,0.550,1,0.000,0.000,0.000,0.000,0.000,0.000,0.103,0.006
367.01,0.468,0,0.475,0.550,1,0.000,0.000,0.000,0.000,0.000,0.000,0.097,0.004
367.21,0.471,0,0.475,0.550,1,0.000,0.000,0.000,0.000,0.000,0.000,0.101,0.001
367.41,0.471,0,0.480,0.554,1,0.000,0.000,0.000,0.000,0.000,0.000,0.101,0.000
367.61,0.471,0,0.480,0.554,1,0.000,0.000,0.000,0.000,0.000,0.000,0.101,0.000
367.81,0.470,0,0.480,0.555,1,0.000,0.000,0.000,0.000,0.000,0.000,0.098,-0.006
368.01,0.473,0,0.480,0.555,1,0.000,0.000,0.000,0.000,0.000,0.000,0.099,-0.000
368.21,0.469,0,0.480,0.555,1,0.000,0.000,0.000,0.000,0.000,0.000,0.097,0.005
368.41,0.469,0,0.478,0.552,1,0.000,0.000,0.000,0.000,0.000,0.000,0.097,0.005
368.61,0.470,0,0.478,0.552,1,0.000,0.000,0.000,0.000,0.000,0.000,0.099,-0.006
368.81,0.469,0,0.478,0.552,1,0.000,0.000,0.000,0.000,0.000,0.000,0.098,-0.001
369.01,0.470,0,0.478,0.552,1,0.000,0.000,0.000,0.000,0.000,0.000,0.097,0.001
369.21,0.469,0,0.478,0.552,1,0.000,0.000,0.000,0.000,0.000,0.000,0.103,0.005
369.41,0.469,0,0.478,0.552,1,0.000,0.000,0.000,0.000,0.000,0.000,0.103,0.005
369.61,0.469,0,0.478,0.552,1,0.000,0.000,0.000,0.000,0.000,0.000,0.101,-0.004
369.81,0.470,0,0.479,0.554,1,0.000,0.000,0.000,0.000,0.000,0.000,0.103,0.002
370.01,0.470,0,0.479,0.554,1,0.000,0.000,0.000,0.000,0.000,0.000,0.101,0.007
370.21,0.470,0,0.479,0.554,1,0.000,0.000,0.000,0.000,0.000,0.000,0.101,0.007
370.41,0.468,0,0.477,0.551,1,0.000,0.000,0.000,0.000,0.000,0.000,0.106,-0.003
370.61,0.469,0,0.477,0.551,1,0.000,0.000,0.000,0.000,0.000,0.000,0.104,-0.006
370.81,0.468,0,0.478,0.550,1,0.000,0.000,0.000,0.000,0.000,0.000,0.101,0.001
371.01,0.468,0,0.478,0.550,1,0.000,0.000,0.000,0.000,0.000,0.000,0.104,-0.005
371.21,0.464,0,0.478,0.550,1,0.000,0.000,0.000,0.000,0.000,0.000,0.104,-0.005
371.41,0.466,0,0.473,0.551,1,0.000,0.000,0.000,0.000,0.000,0.000,0.103,0.001
371.61,0.472,0,0.473,0.551,1,0.000,0.000,0.000,0.000,0.000,0.000,0.097,-0.003
371.81,0.470,0,0.481,0.554,1,0.000,0.000,0.000,0.000,0.000,0.000,0.097,0.002
372.01,0.470,0,0.481,0.554,1,0.000,0.000,0.000,0.000,0.000,0.000,0.097,0.002
372.21,0.468,0,0.481,0.554,1,0.000,0.000,0.000,0.000,0.000,0.000,0.093,0.002
372.41,0.468,0,0.477,0.552,1,0.000,0.000,0.000,0.000,0.000,0.000,0.095,-0.003
372.61,0.468,0,0.477,0.552,1,0.000,0.000,0.000,0.000,0.000,0.000,0.094,0.001
372.81,0.468,0,0.477,0.550,1,0.000,0.000,0.000,0.000,0.000,0.000,0.094,0.001
373.01,0.467,0,0.477,0.550,1,0.000,0.000,0.000,0.000,0.000,0.000,0.093,-0.002
373.21,0.464,0,0.477,0.550,1,0.000,0.000,0.000,0.000,0.000,0.000,0.097,0.003
373.41,0.463,0,0.473,0.546,1,0.000,0.000,0.000,0.000,0.000,0.000,0.104,-0.007
373.61,0.463,0,0.473,0.546,1,0.000,0.000,0.000,0.000,0.000,0.000,0.104,-0.007
373.81,0.463,0,0.472,0.545,1,0.000,0.000,0.000,0.000,0.000,0.000,0.095,-0.001
374.01,0.462,0,0.472,0.545,1,0.000,0.000,0.000,0.000,0.000,0.000,0.101,0.002
374.21,0.462,0,0.472,0.545,1,0.000,0.000,0.000,0.000,0.000,0.000,0.092,-0.001
374.41,0.463,0,0.471,0.545,1,0.000,0.000,0.000,0.000,0.000,0.000,0.094,-0.004
374.61,0.463,0,0.471,0.545,1,0.000,0.000,0.000,0.000,0.000,0.000,0.094,-0.004
374.81,0.463,0,0.472,0.545,1,0.000,0.000,0.000,0.000,0.000,0.000,0.093,0.003
375.01,0.462,0,0.472,0.545,1,0.000,0.000,0.000,0.000,0.000,0.000,0.090,0.002
375.21,0.462,0,0.472,0.545,1,0.000,0.000,0.000,0.000,0.000,0.000,0.090,-0.005
375.41,0.462,0,0.471,0.545,1,0.000,0.000,0.000,0.000,0.000,0.000,0.090,-0.005
375.61,0.461,0,0.471,0.545,1,0.000,0.000,0.000,0.000,0.000,0.000,0.094,0.001
375.81,0.448,0,0.457,0.534,1,0.000,0.000,0.000,0.000,0.000,0.000,0.091,-0.002
376.01,0.445,0,0.457,0.534,1,0.000,0.000,0.000,0.000,0.000,0.000,0.097,0.000
376.21,0.445,0,0.457,0.534,1,0.000,0.000,0.000,0.000,0.000,0.000,0.097,0.000
376.41,0.448,0,0.457,0.535,1,0.000,0.000,0.000,0.000,0.000,0.000,0.096,-0.006
376.61,0.454,0,0.457,0.535,1,0.000,0.000,0.000,0.000,0.000,0.000,0.101,0.003
376.81,0.463,0,0.472,0.548,1,0.000,0.000,0.000,0.000,0.000,0.000,0.096,-0.002
377.01,0.470,0,0.472,0.548,1,0.000,0.000,0.000,0.000,0.000,0.000,0.092,-0.008
377.21,0.470,0,0.472,0.548,1,0.000,0.000,0.000,0.000,0.000,0.000,0.092,-0.008
377.41,0.474,0,0.479,0.559,1,0.000,0.000,0.000,0.000,0.000,0.000,0.096,-0.001
377.61,0.475,0,0.479,0.559,1,0.000,0.000,0.000,0.000,0.000,0.000,0.093,0.005
377.81,0.470,0,0.483,0.554,1,0.000,0.000,0.000,0.000,0.000,0.000,0.107,-0.002
378.01,0.470,0,0.483,0.554,1,0.000,0.000,0.000,0.000,0.000,0.000,0.107,-0.002
378.21,0.473,0,0.483,0.554,1,0.000,0.000,0.000,0.000,0.000,0.000,0.096,-0.002
378.41,0.477,0,0.481,0.561,1,0.000,0.000,0.000,0.000,0.000,0.000,0.097,-0.001
378.61,0.475,0,0.481,0.561,1,0.000,0.000,0.000,0.000,0.000,0.000,0.101,-0.004
378.81,0.475,0,0.485,0.559,1,0.000,0.000,0.000,0.000,0.000,0.000,0.097,-0.002
379.01,0.474,0,0.485,0.559,1,0.000,0.000,0.000,0.000,0.000,0.000,0.097,-0.002
379.21,0.475,0,0.485,0.559,1,0.000,0.000,0.000,0.000,0.000,0.000,0.099,-0.005
379.41,0.477,0,0.483,0.560,1,0.000,0.000,0.000,0.000,0.000,0.000,0.095,0.001
379.61,0.476,0,0.483,0.560,1,0.000,0.000,0.000,0.000,0.000,0.000,0.097,-0.001
379.81,0.476,0,0.484,0.558,1,0.000,0.000,0.000,0.000,0.000,0.000,0.097,-0.001
380.01,0.470,0,0.484,0.558,1,0.000,0.000,0.000,0.000,0.000,0.000,0.105,0.003
380.21,0.468,0,0.484,0.558,1,0.000,0.000,0.000,0.000,0.000,0.000,0.097,-0.006
380.41,0.466,0,0.477,0.550,1,0.000,0.000,0.000,0.000,0.000,0.000,0.081,0.000
380.61,0.466,0,0.477,0.550,1,0.000,0.000,0.000,0.000,0.000,0.000,0.081,0.000
380.81,0.467,0,0.476,0.550,1,0.000,0.000,0.000,0.000,0.000,0.000,0.097,0.002
381.01,0.466,0,0.476,0.550,1,0.000,0.000,0.000,0.000,0.000,0.000,0.113,0.000
381.21,0.460,0,0.476,0.550,1,0.000,0.000,0.000,0.000,0.000,0.000,0.097,0.003
381.41,0.460,0,0.469,0.546,1,0.000,0.000,0.000,0.000,0.000,0.000,0.094,0.004
381.61,0.454,0,0.469,0.546,1,0.000,0.000,0.000,0.000,0.000,0.000,0.094,0.004
381.81,0.464,0,0.473,0.557,1,0.000,0.000,0.000,0.000,0.000,0.000,0.096,0.003
382.01,0.470,0,0.473,0.557,1,0.000,0.000,0.000,0.000,0.000,0.000,0.092,-0.005
382.21,0.498,0,0.473,0.557,1,0.000,0.000,0.000,0.000,0.000,0.000,0.079,-0.003
382.41,0.498,0,0.506,0.476,1,0.000,0.000,0.000,0.000,0.000,0.000,0.079,-0.003
382.61,0.483,0,0.506,0.476,1,0.000,0.000,0.000,0.000,0.000,0.000,0.085,-0.003
382.81,0.474,0,0.529,0.516,1,0.000,0.000,0.000,0.000,0.000,0.000,0.086,-0.005
383.01,0.479,0,0.529,0.516,1,0.000,0.000,0.000,0.000,0.000,0.000,0.091,-0.003
383.21,0.479,0,0.529,0.516,1,0.000,0.000,0.000,0.000,0.000,0.000,0.091,-0.003
383.41,0.470,0,0.509,0.516,1,0.000,0.000,0.000,0.000,0.000,0.000,0.072,-0.002
383.61,0.475,0,0.509,0.516,1,0.000,0.000,0.000,0.000,0.000,0.000,0.088,-0.004
383.81,0.475,0,0.522,0.499,1,0.000,0.000,0.000,0.000,0.000,0.000,0.093,-0.006
384.01,0.475,0,0.522,0.499,1,0.000,0.000,0.000,0.000,0.000,0.000,0.092,-0.002
384.21,0.472,0,0.522,0.499,1,0.000,0.000,0.000,0.000,0.000,0.000,0.092,-0.002
384.41,0.475,0,0.532,0.605,1,0.000,0.000,0.000,0.000,0.000,0.000,0.092,-0.003
384.61,0.474,0,0.532,0.605,1,0.000,0.000,0.000,0.000,0.000,0.000,0.089,0.001
384.81,0.479,0,0.539,0.611,1,0.000,0.000,0.000,0.000,0.000,0.000,0.091,-0.001
385.01,0.479,0,0.539,0.611,1,0.000,0.000,0.000,0.000,0.000,0.000,0.091,-0.001
385.21,0.475,0,0.539,0.611,1,0.000,0.000,0.000,0.000,0.000,0.000,0.083,0.006
385.41,0.472,0,0.544,0.611,1,0.000,0.000,0.000,0.000,0.000,0.000,0.089,-0.002
385.61,0.472,0,0.544,0.611,1,0.000,0.000,0.000,0.000,0.000,0.000,0.095,0.005
385.81,0.472,0,0.513,0.571,1,0.000,0.000,0.000,0.000,0.000,0.000,0.095,0.005
386.01,0.470,0,0.513,0.571,1,0.000,0.000,0.000,0.000,0.000,0.000,0.097,0.006
386.21,0.476,0,0.513,0.571,1,0.000,0.000,0.000,0.000,0.000,0.000,0.097,0.010
386.41,0.466,0,0.484,0.551,1,0.000,0.000,0.000,0.000,0.000,0.000,0.099,0.003
386.61,0.466,0,0.484,0.551,1,0.000,0.000,0.000,0.000,0.000,0.000,0.096,-0.001
386.81,0.463,0,0.472,0.552,1,0.000,0.000,0.000,0.000,0.000,0.000,0.096,-0.001
387.01,0.470,0,0.472,0.552,1,0.000,0.000,0.000,0.000,0.000,0.000,0.089,-0.002
387.21,0.470,0,0.472,0.552,1,0.000,0.000,0.000,0.000,0.000,0.000,0.095,0.005
387.41,0.475,0,0.522,0.609,1,0.000,0.000,0.000,0.000,0.000,0.000,0.089,0.007
387.61,0.475,0,0.522,0.609,1,0.000,0.000,0.000,0.000,0.000,0.000,0.089,0.007
387.81,0.475,0,0.644,0.746,1,0.000,0.000,0.000,0.000,0.000,0.000,0.069,-0.006
388.01,0.470,0,0.644,0.746,1,0.000,0.000,0.000,0.000,0.000,0.000,0.086,0.000
388.21,0.477,0,0.644,0.746,1,0.000,0.000,0.000,0.000,0.000,0.000,0.089,0.002
388.41,0.477,0,0.692,0.749,1,0.000,0.000,0.000,0.000,0.000,0.000,0.089,0.002
388.61,0.474,0,0.692,0.749,1,0.000,0.000,0.000,0.000,0.000,0.000,0.090,0.003
388.81,0.479,0,0.679,0.743,1,0.000,0.000,0.000,0.000,0.000,0.000,0.075,-0.000
389.01,0.674,0,0.679,0.743,1,0.000,0.000,0.000,0.000,0.000,0.000,0.080,0.003
389.21,0.674,0,0.679,0.743,1,0.000,0.000,0.000,0.000,0.000,0.000,0.074,0.001
389.41,0.475,0,0.681,0.745,1,0.000,0.000,0.000,0.000,0.000,0.000,0.074,0.001
389.61,0.479,0,0.681,0.745,1,0.000,0.000,0.000,0.000,0.000,0.000,0.090,0.000
389.81,0.687,0,0.693,0.749,1,0.000,0.000,0.000,0.000,0.000,0.000,0.089,0.009
390.01,0.470,0,0.693,0.749,1,0.000,0.000,0.000,0.000,0.000,0.000,0.083,0.004
390.21,0.470,0,0.693,0.749,1,0.000,0.000,0.000,0.000,0.000,0.000,0.083,0.004
390.41,0.481,0,0.696,0.735,1,0.000,0.000,0.000,0.000,0.000,0.000,0.088,0.005
390.61,0.479,0,0.696,0.735,1,0.000,0.000,0.000,0.000,0.000,0.000,0.079,-0.002
390.81,0.701,0,0.690,0.704,1,0.000,0.000,0.000,0.000,0.000,0.000,0.083,0.004
391.01,0.701,0,0.690,0.704,1,0.000,0.000,0.000,0.000,0.000,0.000,0.083,0.004
391.21,0.726,0,0.690,0.704,1,0.000,0.000,0.000,0.000,0.000,0.000,0.093,0.005
391.41,0.470,0,0.732,0.721,1,0.000,0.000,0.000,0.000,0.000,0.000,0.092,0.006
391.61,0.475,0,0.732,0.721,1,0.000,0.000,0.000,0.000,0.000,0.000,0.088,0.008
391.81,0.475,0,0.731,0.759,1,0.000,0.000,0.000,0.000,0.000,0.000,0.083,0.006
392.01,0.472,0,0.731,0.759,1,0.000,0.000,0.000,0.000,0.000,0.000,0.083,0.006
392.21,0.470,0,0.731,0.759,1,0.000,0.000,0.000,0.000,0.000,0.000,0.093,0.007
392.41,0.475,0,0.721,0.779,1,0.000,0.000,0.000,0.000,0.000,0.000,0.095,-0.004
392.61,0.485,0,0.721,0.779,1,0.000,0.000,0.000,0.000,0.000,0.000,0.090,0.003
392.81,0.485,0,0.703,0.768,1,0.000,0.000,0.000,0.000,0.000,0.000,0.090,0.003
393.01,0.482,0,0.703,0.768,1,0.000,0.000,0.000,0.000,0.000,0.000,0.098,-0.001
393.21,0.481,0,0.703,0.768,1,0.000,0.000,0.000,0.000,0.000,0.000,0.098,0.001
393.41,0.475,0,0.680,0.748,1,0.000,0.000,0.000,0.000,0.000,0.000,0.091,-0.003
393.61,0.475,0,0.680,0.748,1,0.000,0.000,0.000,0.000,0.000,0.000,0.091,-0.003
393.81,0.477,0,0.703,0.747,1,0.000,0.000,0.000,0.000,0.000,0.000,0.089,0.006
394.01,0.702,0,0.703,0.747,1,0.000,0.000,0.000,0.000,0.000,0.000,0.087,-0.005
394.21,0.474,0,0.703,0.747,1,0.000,0.000,0.000,0.000,0.000,0.000,0.109,-0.003
394.41,0.474,0,0.729,0.764,1,0.000,0.000,0.000,0.000,0.000,0.000,0.095,-0.003
394.61,0.472,0,0.729,0.764,1,0.000,0.000,0.000,0.000,0.000,0.000,0.095,-0.003
394.81,0.475,0,0.699,0.578,1,0.000,0.000,0.000,0.000,0.000,0.000,0.086,0.002
395.01,0.475,0,0.699,0.578,1,0.000,0.000,0.000,0.000,0.000,0.000,0.093,-0.007
395.21,0.479,0,0.699,0.578,1,0.000,0.000,0.000,0.000,0.000,0.000,0.101,-0.007
395.41,0.479,0,0.673,0.576,1,0.000,0.000,0.000,0.000,0.000,0.000,0.101,-0.007
395.61,0.488,0,0.673,0.576,1,0.000,0.000,0.000,0.000,0.000,0.000,0.099,0.002
395.81,0.472,0,0.658,0.580,1,0.000,0.000,0.000,0.000,0.000,0.000,0.102,-0.008
396.01,0.484,0,0.658,0.580,1,0.000,0.000,0.000,0.000,0.000,0.000,0.085,0.003
396.21,0.484,0,0.658,0.580,1,0.000,0.000,0.000,0.000,0.000,0.000,0.085,0.003
396.41,0.474,0,0.659,0.590,1,0.000,0.000,0.000,0.000,0.000,0.000,0.085,-0.006
396.61,0.645,0,0.659,0.590,1,0.000,0.000,0.000,0.000,0.000,0.000,0.081,-0.004
396.81,0.648,0,0.654,0.591,1,0.000,0.000,0.000,0.000,0.000,0.000,0.087,0.002
397.01,0.648,0,0.654,0.591,1,0.000,0.000,0.000,0.000,0.000,0.000,0.084,-0.002
397.21,0.651,0,0.654,0.591,1,0.000,0.000,0.000,0.000,0.000,0.000,0.084,-0.002
397.41,0.648,0,0.657,0.591,1,0.000,0.000,0.000,0.000,0.000,0.000,0.095,-0.001
397.61,0.470,0,0.657,0.591,1,0.000,0.000,0.000,0.000,0.000,0.000,0.077,-0.005
397.81,0.472,0,0.658,0.595,1,0.000,0.000,0.000,0.000,0.000,0.000,0.093,-0.002
398.01,0.472,0,0.658,0.595,1,0.000,0.000,0.000,0.000,0.000,0.000,0.093,-0.002
398.21,0.474,0,0.658,0.595,1,0.000,0.000,0.000,0.000,0.000,0.000,0.095,0.002
398.41,0.477,0,0.658,0.595,1,0.000,0.000,0.000,0.000,0.000,0.000,0.095,0.004
398.61,0.474,0,0.658,0.595,1,0.000,0.000,0.000,0.000,0.000,0.000,0.095,0.003
398.81,0.474,0,0.659,0.588,1,0.000,0.000,0.000,0.000,0.000,0.000,0.095,0.003
399.01,0.474,0,0.659,0.588,1,0.000,0.000,0.000,0.000,0.000,0.000,0.093,-0.002
399.21,0.479,0,0.659,0.588,1,0.000,0.000,0.000,0.000,0.000,0.000,0.105,-0.007
399.41,0.666,0,0.671,0.593,1,0.000,0.000,0.000,0.000,0.000,0.000,0.098,0.001
399.61,0.666,0,0.671,0.593,1,0.000,0.000,0.000,0.000,0.000,0.000,0.099,-0.002
399.81,0.484,0,0.668,0.573,1,0.000,0.000,0.000,0.000,0.000,0.000,0.099,-0.002
400.01,0.481,0,0.668,0.573,1,0.000,0.000,0.000,0.000,0.000,0.000,0.099,-0.003
400.21,0.488,0,0.668,0.573,1,0.000,0.000,0.000,0.000,0.000,0.000,0.096,-0.007
400.41,0.479,0,0.661,0.584,1,0.000,0.000,0.000,0.000,0.000,0.000,0.090,0.005
400.61,0.479,0,0.661,0.584,1,0.000,0.000,0.000,0.000,0.000,0.000,0.090,0.005
400.81,0.475,0,0.655,0.584,1,0.000,0.000,0.000,0.000,0.000,0.000,0.097,0.003
401.01,0.477,0,0.655,0.584,1,0.000,0.000,0.000,0.000,0.000,0.000,0.099,-0.003
401.21,0.472,0,0.655,0.584,1,0.000,0.000,0.000,0.000,0.000,0.000,0.095,-0.005
401.41,0.472,0,0.661,0.592,1,0.000,0.000,0.000,0.000,0.000,0.000,0.095,-0.005
401.61,0.472,0,0.661,0.592,1,0.000,0.000,0.000,0.000,0.000,0.000,0.096,-0.004
401.81,0.470,0,0.671,0.590,1,0.000,0.000,0.000,0.000,0.000,0.000,0.100,-0.003
402.01,0.470,0,0.671,0.590,1,0.000,0.000,0.000,0.000,0.000,0.000,0.099,0.002
402.21,0.470,0,0.671,0.590,1,0.000,0.000,0.000,0.000,0.000,0.000,0.095,0.002
402.41,0.477,0,0.681,0.604,1,0.000,0.000,0.000,0.000,0.000,0.000,0.095,0.002
402.61,0.479,0,0.681,0.604,1,0.000,0.000,0.000,0.000,0.000,0.000,0.100,-0.004
402.81,0.676,0,0.682,0.608,1,0.000,0.000,0.000,0.000,0.000,0.000,0.102,-0.003
403.01,0.479,0,0.682,0.608,1,0.000,0.000,0.000,0.000,0.000,0.000,0.098,-0.005
403.21,0.479,0,0.682,0.608,1,0.000,0.000,0.000,0.000,0.000,0.000,0.098,-0.005
403.41,0.482,0,0.684,0.563,1,0.000,0.000,0.000,0.000,0.000,0.000,0.094,-0.002
403.61,0.477,0,0.684,0.563,1,0.000,0.000,0.000,0.000,0.000,0.000,0.076,-0.004
403.81,0.474,0,0.686,0.573,1,0.000,0.000,0.000,0.000,0.000,0.000,0.100,-0.002
404.01,0.474,0,0.686,0.573,1,0.000,0.000,0.000,0.000,0.000,0.000,0.100,-0.002
404.21,0.477,0,0.686,0.573,1,0.000,0.000,0.000,0.000,0.000,0.000,0.096,-0.002
404.41,0.488,0,0.686,0.562,1,0.000,0.000,0.000,0.000,0.000,0.000,0.090,0.001
404.61,0.683,0,0.686,0.562,1,0.000,0.000,0.000,0.000,0.000,0.000,0.090,0.003
404.81,0.683,0,0.689,0.581,1,0.000,0.000,0.000,0.000,0.000,0.000,0.083,0.006
405.01,0.470,0,0.689,0.581,1,0.000,0.000,0.000,0.000,0.000,0.000,0.083,0.006
405.21,0.486,0,0.689,0.581,1,0.000,0.000,0.000,0.000,0.000,0.000,0.065,0.002
405.41,0.474,0,0.687,0.748,1,0.000,0.000,0.000,0.000,0.000,0.000,0.092,0.002
405.61,0.105,0,0.687,0.748,1,0.000,0.000,0.000,0.000,0.000,0.000,0.084,-0.002
405.81,0.105,0,0.682,0.714,1,0.000,0.000,0.000,0.000,0.000,0.000,0.084,-0.002
406.01,0.106,0,0.682,0.714,1,0.000,0.000,0.000,0.000,0.000,0.000,0.069,-0.009
406.21,0.475,0,0.682,0.714,1,0.000,0.000,0.000,0.000,0.000,0.000,0.068,-0.001
406.41,0.105,0,0.615,0.662,1,0.000,0.000,0.000,0.000,0.000,0.000,0.085,0.009
406.61,0.105,0,0.615,0.662,1,0.000,0.000,0.000,0.000,0.000,0.000,0.085,0.009
406.81,0.477,0,0.551,0.599,1,0.000,0.000,0.000,0.000,0.000,0.000,0.093,0.002
407.01,0.472,0,0.551,0.599,1,0.000,0.000,0.000,0.000,0.000,0.000,0.082,-0.001
407.21,0.472,0,0.551,0.599,1,0.000,0.000,0.000,0.000,0.000,0.000,0.096,0.002
407.41,0.472,0,0.508,0.572,1,0.000,0.000,0.000,0.000,0.000,0.000,0.099,0.009
407.61,0.477,0,0.508,0.572,1,0.000,0.000,0.000,0.000,0.000,0.000,0.099,0.009
407.81,0.466,0,0.475,0.534,1,0.000,0.000,0.000,0.000,0.000,0.000,0.106,0.001
408.01,0.455,0,0.475,0.534,1,0.000,0.000,0.000,0.000,0.000,0.000,0.101,0.006
408.21,0.459,0,0.475,0.534,1,0.000,0.000,0.000,0.000,0.000,0.000,0.099,0.007
408.41,0.459,0,0.468,0.536,1,0.000,0.000,0.000,0.000,0.000,0.000,0.099,0.007
408.61,0.461,0,0.468,0.536,1,0.000,0.000,0.000,0.000,0.000,0.000,0.101,0.005
408.81,0.461,0,0.470,0.518,1,0.000,0.000,0.000,0.000,0.000,0.000,0.097,0.010
409.01,0.464,0,0.470,0.518,1,0.000,0.000,0.000,0.000,0.000,0.000,0.101,0.008
409.21,0.464,0,0.470,0.518,1,0.000,0.000,0.000,0.000,0.000,0.000,0.101,0.008
409.41,0.462,0,0.471,0.542,1,0.000,0.000,0.000,0.000,0.000,0.000,0.106,0.006
409.61,0.463,0,0.471,0.542,1,0.000,0.000,0.000,0.000,0.000,0.000,0.100,0.009
409.81,0.468,0,0.477,0.544,1,0.000,0.000,0.000,0.000,0.000,0.000,0.102,0.008
410.01,0.468,0,0.477,0.544,1,0.000,0.000,0.000,0.000,0.000,0.000,0.103,0.009
410.21,0.456,0,0.477,0.544,1,0.000,0.000,0.000,0.000,0.000,0.000,0.103,0.009
410.41,0.451,0,0.465,0.527,1,0.000,0.000,0.000,0.000,0.000,0.000,0.100,0.003
410.61,0.462,0,0.465,0.527,1,0.000,0.000,0.000,0.000,0.000,0.000,0.096,0.008
410.81,0.465,0,0.471,0.544,1,0.000,0.000,0.000,0.000,0.000,0.000,0.096,0.007
411.01,0.465,0,0.471,0.544,1,0.000,0.000,0.000,0.000,0.000,0.000,0.096,0.007
411.21,0.459,0,0.471,0.544,1,0.000,0.000,0.000,0.000,0.000,0.000,0.099,-0.001
411.41,0.451,0,0.468,0.530,1,0.000,0.000,0.000,0.000,0.000,0.000,0.101,0.009
411.61,0.454,0,0.468,0.530,1,0.000,0.000,0.000,0.000,0.000,0.000,0.093,0.005
411.81,0.454,0,0.463,0.533,1,0.000,0.000,0.000,0.000,0.000,0.000,0.093,0.005
412.01,0.456,0,0.463,0.533,1,0.000,0.000,0.000,0.000,0.000,0.000,0.096,0.005
412.21,0.455,0,0.463,0.533,1,0.000,0.000,0.000,0.000,0.000,0.000,0.098,0.010
412.41,0.455,0,0.464,0.534,1,0.000,0.000,0.000,0.000,0.000,0.000,0.102,0.009
412.61,0.455,0,0.464,0.534,1,0.000,0.000,0.000,0.000,0.000,0.000,0.095,0.006
412.81,0.458,0,0.467,0.535,1,0.000,0.000,0.000,0.000,0.000,0.000,0.095,0.006
413.01,0.456,0,0.467,0.535,1,0.000,0.000,0.000,0.000,0.000,0.000,0.096,0.008
413.21,0.457,0,0.467,0.535,1,0.000,0.000,0.000,0.000,0.000,0.000,0.102,0.014
413.41,0.459,0,0.466,0.534,1,0.000,0.000,0.000,0.000,0.000,0.000,0.098,0.012
413.61,0.459,0,0.466,0.534,1,0.000,0.000,0.000,0.000,0.000,0.000,0.098,0.012
413.81,0.458,0,0.467,0.533,1,0.000,0.000,0.000,0.000,0.000,0.000,0.098,0.012
414.01,0.456,0,0.467,0.533,1,0.000,0.000,0.000,0.000,0.000,0.000,0.095,0.010
414.21,0.455,0,0.467,0.533,1,0.000,0.000,0.000,0.000,0.000,0.000,0.100,0.010
414.41,0.455,0,0.464,0.533,1,0.000,0.000,0.000,0.000,0.000,0.000,0.100,0.010
414.61,0.453,0,0.464,0.533,1,0.000,0.000,0.000,0.000,0.000,0.000,0.107,0.009
414.81,0.453,0,0.462,0.532,1,0.000,0.000,0.000,0.000,0.000,0.000,0.101,0.013
415.01,0.451,0,0.462,0.532,1,0.000,0.000,0.000,0.000,0.000,0.000,0.096,0.008
415.21,0.451,0,0.462,0.532,1,0.000,0.000,0.000,0.000,0.000,0.000,0.094,0.005
415.41,0.452,0,0.461,0.532,1,0.000,0.000,0.000,0.000,0.000,0.000,0.094,0.005
415.61,0.456,0,0.461,0.532,1,0.000,0.000,0.000,0.000,0.000,0.000,0.088,0.004
415.81,0.456,0,0.465,0.535,1,0.000,0.000,0.000,0.000,0.000,0.000,0.104,0.014
416.01,0.458,0,0.465,0.535,1,0.000,0.000,0.000,0.000,0.000,0.000,0.099,0.009
416.21,0.458,0,0.465,0.535,1,0.000,0.000,0.000,0.000,0.000,0.000,0.099,0.009
416.41,0.457,0,0.466,0.535,1,0.000,0.000,0.000,0.000,0.000,0.000,0.097,0.006
416.61,0.455,0,0.466,0.535,1,0.000,0.000,0.000,0.000,0.000,0.000,0.096,0.003
416.81,0.106,0,0.464,0.526,1,0.000,0.000,0.000,0.000,0.000,0.000,0.099,0.004
417.01,0.106,0,0.464,0.526,1,0.000,0.000,0.000,0.000,0.000,0.000,0.099,0.004
417.21,0.427,0,0.464,0.526,1,0.000,0.000,0.000,0.000,0.000,0.000,0.090,0.003
417.41,0.407,0,0.436,0.489,1,0.000,0.000,0.000,0.000,0.000,0.000,0.099,0.004
417.61,0.387,0,0.436,0.489,1,0.000,0.000,0.000,0.000,0.000,0.000,0.091,0.007
417.81,0.387,0,0.397,0.456,1,0.000,0.000,0.000,0.000,0.000,0.000,0.095,0.006
418.01,0.373,0,0.397,0.456,1,0.000,0.000,0.000,0.000,0.000,0.000,0.095,0.006
418.21,0.367,0,0.397,0.456,1,0.000,0.000,0.000,0.000,0.000,0.000,0.102,-0.002
418.41,0.382,0,0.378,0.463,1,0.000,0.000,0.000,0.000,0.000,0.000,0.107,0.004
418.61,0.384,0,0.378,0.463,1,0.000,0.000,0.000,0.000,0.000,0.000,0.097,0.007
418.81,0.384,0,0.394,0.474,1,0.000,0.000,0.000,0.000,0.000,0.000,0.097,0.007
419.01,0.398,0,0.394,0.474,1,0.000,0.000,0.000,0.000,0.000,0.000,0.115,0.011
419.21,0.404,0,0.394,0.474,1,0.000,0.000,0.000,0.000,0.000,0.000,0.104,0.003
419.41,0.406,0,0.414,0.482,1,0.000,0.000,0.000,0.000,0.000,0.000,0.105,0.010
419.61,0.406,0,0.414,0.482,1,0.000,0.000,0.000,0.000,0.000,0.000,0.105,0.010
419.81,0.405,0,0.415,0.481,1,0.000,0.000,0.000,0.000,0.000,0.000,0.096,0.002
420.01,0.403,0,0.415,0.481,1,0.000,0.000,0.000,0.000,0.000,0.000,0.099,0.002
420.21,0.402,0,0.415,0.481,1,0.000,0.000,0.000,0.000,0.000,0.000,0.099,0.004
420.41,0.402,0,0.412,0.480,1,0.000,0.000,0.000,0.000,0.000,0.000,0.095,0.005
420.61,0.401,0,0.412,0.480,1,0.000,0.000,0.000,0.000,0.000,0.000,0.095,0.005
420.81,0.402,0,0.412,0.479,1,0.000,0.000,0.000,0.000,0.000,0.000,0.094,0.008
421.01,0.402,0,0.412,0.479,1,0.000,0.000,0.000,0.000,0.000,0.000,0.107,0.000
421.21,0.398,0,0.412,0.479,1,0.000,0.000,0.000,0.000,0.000,0.000,0.086,0.009
421.41,0.398,0,0.408,0.477,1,0.000,0.000,0.000,0.000,0.000,0.000,0.086,0.009
421.61,0.399,0,0.408,0.477,1,0.000,0.000,0.000,0.000,0.000,0.000,0.097,0.003
421.81,0.400,0,0.410,0.478,1,0.000,0.000,0.000,0.000,0.000,0.000,0.108,0.009
422.01,0.401,0,0.410,0.478,1,0.000,0.000,0.000,0.000,0.000,0.000,0.100,0.003
422.21,0.401,0,0.410,0.478,1,0.000,0.000,0.000,0.000,0.000,0.000,0.100,0.003
422.41,0.399,0,0.409,0.478,1,0.000,0.000,0.000,0.000,0.000,0.000,0.100,0.006
422.61,0.400,0,0.409,0.478,1,0.000,0.000,0.000,0.000,0.000,0.000,0.099,0.007
422.81,0.400,0,0.410,0.478,1,0.000,0.000,0.000,0.000,0.000,0.000,0.105,0.005
423.01,0.400,0,0.410,0.478,1,0.000,0.000,0.000,0.000,0.000,0.000,0.093,0.003
423.21,0.400,0,0.410,0.478,1,0.000,0.000,0.000,0.000,0.000,0.000,0.093,0.003
423.41,0.400,0,0.410,0.477,1,0.000,0.000,0.000,0.000,0.000,0.000,0.096,0.000
423.61,0.399,0,0.410,0.477,1,0.000,0.000,0.000,0.000,0.000,0.000,0.100,0.008
423.81,0.399,0,0.409,0.478,1,0.000,0.000,0.000,0.000,0.000,0.000,0.099,-0.002
424.01,0.399,0,0.409,0.478,1,0.000,0.000,0.000,0.000,0.000,0.000,0.099,-0.002
424.21,0.402,0,0.409,0.478,1,0.000,0.000,0.000,0.000,0.000,0.000,0.099,0.004
424.41,0.403,0,0.412,0.480,1,0.000,0.000,0.000,0.000,0.000,0.000,0.105,0.007
424.61,0.404,0,0.412,0.480,1,0.000,0.000,0.000,0.000,0.000,0.000,0.099,0.006
424.81,0.404,0,0.414,0.482,1,0.000,0.000,0.000,0.000,0.000,0.000,0.099,0.006
425.01,0.404,0,0.414,0.482,1,0.000,0.000,0.000,0.000,0.000,0.000,0.106,0.001
425.21,0.403,0,0.414,0.482,1,0.000,0.000,0.000,0.000,0.000,0.000,0.094,0.003
425.41,0.404,0,0.413,0.482,1,0.000,0.000,0.000,0.000,0.000,0.000,0.112,0.007
425.61,0.403,0,0.413,0.482,1,0.000,0.000,0.000,0.000,0.000,0.000,0.097,0.001
425.81,0.403,0,0.413,0.481,1,0.000,0.000,0.000,0.000,0.000,0.000,0.097,0.001
426.01,0.403,0,0.413,0.481,1,0.000,0.000,0.000,0.000,0.000,0.000,0.100,0.000
426.21,0.402,0,0.413,0.481,1,0.000,0.000,0.000,0.000,0.000,0.000,0.104,0.000
426.41,0.402,0,0.412,0.480,1,0.000,0.000,0.000,0.000,0.000,0.000,0.097,-0.001
426.61,0.402,0,0.412,0.480,1,0.000,0.000,0.000,0.000,0.000,0.000,0.097,-0.001
426.81,0.399,0,0.409,0.479,1,0.000,0.000,0.000,0.000,0.000,0.000,0.110,0.006
427.01,0.401,0,0.409,0.479,1,0.000,0.000,0.000,0.000,0.000,0.000,0.095,0.006
427.21,0.400,0,0.409,0.479,1,0.000,0.000,0.000,0.000,0.000,0.000,0.104,0.010
427.41,0.400,0,0.410,0.478,1,0.000,0.000,0.000,0.000,0.000,0.000,0.104,0.010
427.61,0.400,0,0.410,0.478,1,0.000,0.000,0.000,0.000,0.000,0.000,0.095,0.001
427.81,0.399,0,0.409,0.478,1,0.000,0.000,0.000,0.000,0.000,0.000,0.093,-0.003
428.01,0.397,0,0.409,0.478,1,0.000,0.000,0.000,0.000,0.000,0.000,0.097,-0.002
428.21,0.397,0,0.409,0.478,1,0.000,0.000,0.000,0.000,0.000,0.000,0.100,0.007
428.41,0.401,0,0.411,0.484,1,0.000,0.000,0.000,0.000,0.000,0.000,0.100,0.007
428.61,0.412,0,0.411,0.484,1,0.000,0.000,0.000,0.000,0.000,0.000,0.095,0.003
428.81,0.437,0,0.446,0.518,1,0.000,0.000,0.000,0.000,0.000,0.000,0.094,0.001
429.01,0.477,0,0.446,0.518,1,0.000,0.000,0.000,0.000,0.000,0.000,0.085,0.012
429.21,0.477,0,0.446,0.518,1,0.000,0.000,0.000,0.000,0.000,0.000,0.085,0.012
429.41,0.477,0,0.530,0.603,1,0.000,0.000,0.000,0.000,0.000,0.000,0.094,0.004
429.61,0.470,0,0.530,0.603,1,0.000,0.000,0.000,0.000,0.000,0.000,0.084,-0.002
429.81,0.474,0,0.571,0.675,1,0.000,0.000,0.000,0.000,0.000,0.000,0.086,0.004
430.01,0.474,0,0.571,0.675,1,0.000,0.000,0.000,0.000,0.000,0.000,0.086,0.004
430.21,0.479,0,0.571,0.675,1,0.000,0.000,0.000,0.000,0.000,0.000,0.088,0.006
430.41,0.628,0,0.635,0.696,1,0.000,0.000,0.000,0.000,0.000,0.000,0.090,0.003
430.61,0.470,0,0.635,0.696,1,0.000,0.000,0.000,0.000,0.000,0.000,0.094,0.002
430.81,0.472,0,0.647,0.715,1,0.000,0.000,0.000,0.000,0.000,0.000,0.091,0.000
431.01,0.472,0,0.647,0.715,1,0.000,0.000,0.000,0.000,0.000,0.000,0.091,0.000
431.21,0.479,0,0.647,0.715,1,0.000,0.000,0.000,0.000,0.000,0.000,0.088,0.001
431.41,0.470,0,0.657,0.709,1,0.000,0.000,0.000,0.000,0.000,0.000,0.085,-0.001
431.61,0.475,0,0.657,0.709,1,0.000,0.000,0.000,0.000,0.000,0.000,0.075,-0.007
431.81,0.475,0,0.646,0.696,1,0.000,0.000,0.000,0.000,0.000,0.000,0.075,-0.007
432.01,0.475,0,0.646,0.696,1,0.000,0.000,0.000,0.000,0.000,0.000,0.086,0.004
432.21,0.477,0,0.646,0.696,1,0.000,0.000,0.000,0.000,0.000,0.000,0.084,0.004
432.41,0.470,0,0.632,0.684,1,0.000,0.000,0.000,0.000,0.000,0.000,0.081,0.001
432.61,0.470,0,0.632,0.684,1,0.000,0.000,0.000,0.000,0.000,0.000,0.090,0.002
432.81,0.475,0,0.634,0.681,1,0.000,0.000,0.000,0.000,0.000,0.000,0.090,0.002
433.01,0.479,0,0.634,0.681,1,0.000,0.000,0.000,0.000,0.000,0.000,0.089,0.003
433.21,0.475,0,0.634,0.681,1,0.000,0.000,0.000,0.000,0.000,0.000,0.091,0.008
433.41,0.475,0,0.632,0.468,1,0.000,0.000,0.000,0.000,0.000,0.000,0.073,-0.009
433.61,0.475,0,0.632,0.468,1,0.000,0.000,0.000,0.000,0.000,0.000,0.073,-0.009
433.81,0.470,0,0.602,0.659,1,0.000,0.000,0.000,0.000,0.000,0.000,0.084,0.003
434.01,0.475,0,0.602,0.659,1,0.000,0.000,0.000,0.000,0.000,0.000,0.086,0.004
434.21,0.475,0,0.602,0.659,1,0.000,0.000,0.000,0.000,0.000,0.000,0.091,0.008
434.41,0.475,0,0.611,0.662,1,0.000,0.000,0.000,0.000,0.000,0.000,0.091,0.008
434.61,0.470,0,0.611,0.662,1,0.000,0.000,0.000,0.000,0.000,0.000,0.092,0.008
434.81,0.472,0,0.617,0.664,1,0.000,0.000,0.000,0.000,0.000,0.000,0.093,-0.002
435.01,0.483,0,0.617,0.664,1,0.000,0.000,0.000,0.000,0.000,0.000,0.091,0.004
435.21,0.483,0,0.617,0.664,1,0.000,0.000,0.000,0.000,0.000,0.000,0.088,0.000
435.41,0.472,0,0.616,0.668,1,0.000,0.000,0.000,0.000,0.000,0.000,0.088,0.000
435.61,0.479,0,0.616,0.668,1,0.000,0.000,0.000,0.000,0.000,0.000,0.089,0.004
435.81,0.470,0,0.622,0.672,1,0.000,0.000,0.000,0.000,0.000,0.000,0.093,0.003
436.01,0.616,0,0.622,0.672,1,0.000,0.000,0.000,0.000,0.000,0.000,0.090,0.007
436.21,0.616,0,0.622,0.672,1,0.000,0.000,0.000,0.000,0.000,0.000,0.090,0.007
436.41,0.472,0,0.619,0.676,1,0.000,0.000,0.000,0.000,0.000,0.000,0.085,0.000
436.61,0.470,0,0.619,0.676,1,0.000,0.000,0.000,0.000,0.000,0.000,0.091,0.004
436.81,0.481,0,0.625,0.678,1,0.000,0.000,0.000,0.000,0.000,0.000,0.087,-0.000
437.01,0.481,0,0.625,0.678,1,0.000,0.000,0.000,0.000,0.000,0.000,0.087,-0.000
437.21,0.477,0,0.625,0.678,1,0.000,0.000,0.000,0.000,0.000,0.000,0.091,0.003
437.41,0.475,0,0.622,0.680,1,0.000,0.000,0.000,0.000,0.000,0.000,0.094,0.001
437.61,0.477,0,0.622,0.680,1,0.000,0.000,0.000,0.000,0.000,0.000,0.086,-0.008
437.81,0.477,0,0.626,0.682,1,0.000,0.000,0.000,0.000,0.000,0.000,0.083,-0.004
438.01,0.485,0,0.626,0.682,1,0.000,0.000,0.000,0.000,0.000,0.000,0.083,-0.004
438.21,0.470,0,0.626,0.682,1,0.000,0.000,0.000,0.000,0.000,0.000,0.084,-0.003
438.41,0.477,0,0.635,0.691,1,0.000,0.000,0.000,0.000,0.000,0.000,0.088,-0.001
438.61,0.479,0,0.635,0.691,1,0.000,0.000,0.000,0.000,0.000,0.000,0.094,-0.001
438.81,0.479,0,0.638,0.690,1,0.000,0.000,0.000,0.000,0.000,0.000,0.094,-0.001
