t,min_range,blocked,lidar_range,camera_range,agree,cmd_in_vx,cmd_in_vy,cmd_in_wz,cmd_out_vx,cmd_out_vy,cmd_out_wz,odom_x,odom_y
0.21,nan,0,nan,nan,0,0.000,0.000,0.000,0.000,0.000,0.000,0.000,0.000
0.41,nan,0,nan,nan,0,0.000,0.000,0.000,0.000,0.000,0.000,0.000,0.000
0.61,nan,0,nan,nan,0,0.000,0.000,0.000,0.000,0.000,0.000,0.000,0.000
0.81,nan,0,nan,nan,0,0.000,0.000,0.000,0.000,0.000,0.000,0.000,0.000
1.01,nan,0,nan,nan,0,0.000,0.000,0.000,0.000,0.000,0.000,0.000,0.000
1.21,nan,0,nan,nan,0,0.000,0.000,0.000,0.000,0.000,0.000,0.000,0.000
1.41,nan,0,nan,nan,0,0.000,0.000,0.000,0.000,0.000,0.000,0.000,0.000
1.61,nan,0,nan,nan,0,0.000,0.000,0.000,0.000,0.000,0.000,0.000,0.000
1.81,0.105,0,nan,nan,0,0.000,0.000,0.000,0.000,0.000,0.000,0.000,0.000
2.01,0.105,0,nan,nan,0,0.000,0.000,0.000,0.000,0.000,0.000,0.000,0.000
2.21,0.106,0,nan,nan,0,0.000,0.000,0.000,0.000,0.000,0.000,0.000,0.000
2.41,0.108,0,nan,nan,0,0.000,0.000,0.000,0.000,0.000,0.000,0.000,0.000
2.61,0.108,0,nan,nan,0,0.000,0.000,0.000,0.000,0.000,0.000,0.000,0.000
2.81,0.105,0,nan,nan,0,0.000,0.000,0.000,0.000,0.000,0.000,0.000,0.000
3.01,0.105,0,nan,nan,0,0.000,0.000,0.000,0.000,0.000,0.000,0.000,0.000
3.21,0.108,0,nan,0.409,0,0.000,0.000,0.000,0.000,0.000,0.000,0.000,0.000
3.41,0.108,0,nan,0.409,0,0.000,0.000,0.000,0.000,0.000,0.000,0.000,0.000
3.61,0.108,0,nan,0.409,0,0.000,0.000,0.000,0.000,0.000,0.000,0.000,0.000
3.81,0.106,0,0.384,0.409,1,0.000,0.000,0.000,0.000,0.000,0.000,0.000,0.000
4.01,0.108,0,0.384,0.409,1,0.000,0.000,0.000,0.000,0.000,0.000,0.000,0.000
4.21,0.108,0,0.385,0.409,1,0.000,0.000,0.000,0.000,0.000,0.000,-0.001,-0.002
4.41,0.106,0,0.385,0.409,1,0.000,0.000,0.000,0.000,0.000,0.000,-0.002,-0.002
4.61,0.106,0,0.385,0.409,1,0.000,0.000,0.000,0.000,0.000,0.000,-0.001,-0.000
4.81,0.105,0,0.387,0.409,1,0.000,0.000,0.000,0.000,0.000,0.000,-0.001,-0.001
5.01,0.105,0,0.387,0.409,1,0.000,0.000,0.000,0.000,0.000,0.000,-0.001,-0.001
5.21,0.106,0,0.385,0.409,1,0.000,0.000,0.000,0.000,0.000,0.000,0.002,-0.000
5.41,0.106,0,0.385,0.409,1,0.000,0.000,0.000,0.000,0.000,0.000,0.002,0.001
5.61,0.106,0,0.385,0.409,1,0.000,0.000,0.000,0.000,0.000,0.000,-0.003,-0.003
5.81,0.105,0,0.383,0.409,1,0.000,0.000,0.000,0.000,0.000,0.000,0.001,-0.000
6.01,0.108,0,0.383,0.409,1,0.000,0.000,0.000,0.000,0.000,0.000,0.001,-0.000
6.21,0.107,0,0.383,0.409,1,0.000,0.000,0.000,0.000,0.000,0.000,-0.001,-0.001
6.41,0.105,0,0.383,0.409,1,0.000,0.000,0.000,0.000,0.000,0.000,0.002,-0.000
6.61,0.105,0,0.383,0.409,1,0.000,0.000,0.000,0.000,0.000,0.000,-0.000,-0.001
6.81,0.105,0,0.386,0.409,1,0.000,0.000,0.000,0.000,0.000,0.000,0.006,-0.000
7.01,0.105,0,0.386,0.409,1,0.000,0.000,0.000,0.000,0.000,0.000,0.006,-0.000
7.21,0.105,0,0.381,0.413,1,0.000,0.000,0.000,0.000,0.000,0.000,0.008,0.012
7.41,0.105,0,0.381,0.413,1,0.000,0.000,0.000,0.000,0.000,0.000,0.020,0.011
7.61,0.105,0,0.381,0.413,1,0.000,0.000,0.000,0.000,0.000,0.000,0.014,0.014
7.81,0.366,0,0.377,0.421,1,0.000,0.000,0.000,0.000,0.000,0.000,0.014,0.014
8.01,0.366,0,0.377,0.421,1,0.000,0.000,0.000,0.000,0.000,0.000,0.011,0.014
8.21,0.105,0,0.377,0.422,1,0.000,0.000,0.000,0.000,0.000,0.000,-0.000,0.005
8.41,0.367,0,0.377,0.422,1,0.000,0.000,0.000,0.000,0.000,0.000,-0.004,-0.041
8.61,0.367,0,0.377,0.422,1,0.000,0.000,0.000,0.000,0.000,0.000,-0.018,-0.058
8.81,0.108,0,0.382,0.410,1,0.000,0.000,0.000,0.000,0.000,0.000,-0.018,-0.058
9.01,0.105,0,0.382,0.410,1,0.000,0.000,0.000,0.000,0.000,0.000,-0.013,-0.046
9.21,0.105,0,0.389,0.401,1,0.000,0.000,0.000,0.000,0.000,0.000,-0.018,-0.063
9.41,0.105,0,0.389,0.401,1,0.000,0.000,0.000,0.000,0.000,0.000,-0.032,-0.068
9.61,0.105,0,0.389,0.401,1,0.000,0.000,0.000,0.000,0.000,0.000,-0.028,-0.069
9.81,0.105,0,0.397,0.570,1,0.000,0.000,0.000,0.000,0.000,0.000,-0.028,-0.069
10.01,0.108,0,0.397,0.570,1,0.000,0.000,0.000,0.000,0.000,0.000,-0.037,-0.073
10.21,0.105,0,0.565,0.562,1,0.000,0.000,0.000,0.000,0.000,0.000,-0.044,-0.075
10.41,0.105,0,0.565,0.562,1,0.000,0.000,0.000,0.000,0.000,0.000,-0.032,-0.077
10.61,0.105,0,0.565,0.562,1,0.000,0.000,0.000,0.000,0.000,0.000,-0.034,-0.084
10.81,0.108,0,0.549,0.558,1,0.000,0.000,0.000,0.000,0.000,0.000,-0.034,-0.084
11.01,0.106,0,0.549,0.558,1,0.000,0.000,0.000,0.000,0.000,0.000,-0.028,-0.092
11.21,0.108,0,0.544,0.548,1,0.000,0.000,0.000,0.000,0.000,0.000,-0.021,-0.102
11.41,0.106,0,0.544,0.548,1,0.000,0.000,0.000,0.000,0.000,0.000,-0.015,-0.103
11.61,0.106,0,0.544,0.548,1,0.000,0.000,0.000,0.000,0.000,0.000,0.023,-0.112
11.81,0.106,0,0.553,0.561,1,0.000,0.000,0.000,0.000,0.000,0.000,0.023,-0.112
12.01,0.105,0,0.553,0.561,1,0.000,0.000,0.000,0.000,0.000,0.000,0.023,-0.112
12.21,0.106,0,0.566,0.589,1,0.000,0.000,0.000,0.000,0.000,0.000,0.023,-0.112
12.41,0.108,0,0.566,0.589,1,0.000,0.000,0.000,0.000,0.000,0.000,0.023,-0.112
12.61,0.108,0,0.566,0.589,1,0.000,0.000,0.000,0.000,0.000,0.000,0.023,-0.112
12.81,0.107,0,0.390,0.405,1,0.000,0.000,0.000,0.000,0.000,0.000,0.023,-0.112
13.01,0.107,0,0.390,0.405,1,0.000,0.000,0.000,0.000,0.000,0.000,0.023,-0.112
13.21,0.105,0,0.380,0.407,1,0.000,0.000,0.000,0.000,0.000,0.000,0.023,-0.112
13.41,0.105,0,0.380,0.407,1,0.000,0.000,0.000,0.000,0.000,0.000,0.046,-0.104
13.61,0.106,0,0.380,0.407,1,0.000,0.000,0.000,0.000,0.000,0.000,0.052,-0.100
13.81,0.105,0,0.372,0.409,1,0.000,0.000,0.000,0.000,0.000,0.000,0.052,-0.100
14.01,0.354,0,0.372,0.409,1,0.000,0.000,0.000,0.000,0.000,0.000,0.049,-0.095
14.21,0.105,0,0.368,0.413,1,0.000,0.000,0.000,0.000,0.000,0.000,0.057,-0.096
14.41,0.105,0,0.368,0.413,1,0.000,0.000,0.000,0.000,0.000,0.000,0.049,-0.092
14.61,0.106,0,0.368,0.413,1,0.000,0.000,0.000,0.000,0.000,0.000,0.045,-0.087
14.81,0.106,0,0.366,0.417,1,0.000,0.000,0.000,0.000,0.000,0.000,0.045,-0.087
15.01,0.358,0,0.366,0.417,1,0.000,0.000,0.000,0.000,0.000,0.000,0.022,-0.097
15.21,0.363,0,0.374,0.426,1,0.000,0.000,0.000,0.000,0.000,0.000,0.036,-0.095
15.41,0.363,0,0.374,0.426,1,0.000,0.000,0.000,0.000,0.000,0.000,0.047,-0.084
15.61,0.372,0,0.374,0.426,1,0.000,0.000,0.000,0.000,0.000,0.000,0.012,-0.078
15.81,0.381,0,0.391,0.372,1,0.000,0.000,0.000,0.000,0.000,0.000,0.012,-0.078
16.01,0.386,0,0.391,0.372,1,0.000,0.000,0.000,0.000,0.000,0.000,0.014,-0.088
16.21,0.391,0,0.401,0.360,1,0.000,0.000,0.000,0.000,0.000,0.000,0.020,-0.073
16.41,0.391,0,0.401,0.360,1,0.000,0.000,0.000,0.000,0.000,0.000,0.008,-0.062
16.61,0.105,0,0.401,0.360,1,0.000,0.000,0.000,0.000,0.000,0.000,-0.004,-0.081
16.81,0.105,0,0.404,0.351,1,0.000,0.000,0.000,0.000,0.000,0.000,-0.004,-0.081
17.01,0.106,0,0.404,0.351,1,0.000,0.000,0.000,0.000,0.000,0.000,-0.002,-0.053
17.21,0.105,0,0.406,0.347,1,0.000,0.000,0.000,0.000,0.000,0.000,0.010,-0.068
17.41,0.105,0,0.406,0.347,1,0.000,0.000,0.000,0.000,0.000,0.000,0.004,-0.058
17.61,0.387,0,0.406,0.347,1,0.000,0.000,0.000,0.000,0.000,0.000,-0.013,-0.086
17.81,0.385,0,0.407,0.346,1,0.000,0.000,0.000,0.000,0.000,0.000,-0.013,-0.086
18.01,0.385,0,0.407,0.346,1,0.000,0.000,0.000,0.000,0.000,0.000,-0.025,-0.089
18.21,0.393,0,0.403,0.373,1,0.000,0.000,0.000,0.000,0.000,0.000,-0.021,-0.144
18.41,0.393,0,0.403,0.373,1,0.000,0.000,0.000,0.000,0.000,0.000,-0.021,-0.150
18.61,0.387,0,0.403,0.373,1,0.000,0.000,0.000,0.000,0.000,0.000,-0.025,-0.151
18.81,0.105,0,0.396,0.439,1,0.000,0.000,0.000,0.000,0.000,0.000,-0.025,-0.151
19.01,0.105,0,0.396,0.439,1,0.000,0.000,0.000,0.000,0.000,0.000,-0.033,-0.151
19.21,0.105,0,0.392,0.422,1,0.000,0.000,0.000,0.000,0.000,0.000,-0.025,-0.156
19.41,0.105,0,0.392,0.422,1,0.000,0.000,0.000,0.000,0.000,0.000,-0.028,-0.160
19.61,0.105,0,0.392,0.422,1,0.000,0.000,0.000,0.000,0.000,0.000,-0.036,-0.169
19.81,0.106,0,0.392,0.589,1,0.000,0.000,0.000,0.000,0.000,0.000,-0.036,-0.169
20.01,0.106,0,0.392,0.589,1,0.000,0.000,0.000,0.000,0.000,0.000,-0.049,-0.171
20.21,0.105,0,0.524,0.548,1,0.000,0.000,0.000,0.000,0.000,0.000,-0.041,-0.156
20.41,0.105,0,0.524,0.548,1,0.000,0.000,0.000,0.000,0.000,0.000,-0.047,-0.153
20.61,0.105,0,0.524,0.548,1,0.000,0.000,0.000,0.000,0.000,0.000,-0.051,-0.154
20.81,0.105,0,0.535,0.543,1,0.000,0.000,0.000,0.000,0.000,0.000,-0.051,-0.154
21.01,0.105,0,0.535,0.543,1,0.000,0.000,0.000,0.000,0.000,0.000,-0.061,-0.172
21.21,0.105,0,0.504,0.528,1,0.000,0.000,0.000,0.000,0.000,0.000,-0.051,-0.201
21.41,0.105,0,0.504,0.528,1,0.000,0.000,0.000,0.000,0.000,0.000,-0.051,-0.204
21.61,0.105,0,0.504,0.528,1,0.000,0.000,0.000,0.000,0.000,0.000,-0.045,-0.180
21.81,0.107,0,0.497,0.493,1,0.000,0.000,0.000,0.000,0.000,0.000,-0.045,-0.180
22.01,0.411,0,0.497,0.493,1,0.000,0.000,0.000,0.000,0.000,0.000,-0.062,-0.198
22.21,0.411,0,0.433,0.503,1,0.000,0.000,0.000,0.000,0.000,0.000,-0.054,-0.198
22.41,0.411,0,0.433,0.503,1,0.000,0.000,0.000,0.000,0.000,0.000,-0.053,-0.190
22.61,0.415,0,0.433,0.503,1,0.000,0.000,0.000,0.000,0.000,0.000,-0.061,-0.201
22.81,0.221,0,0.239,0.349,1,0.000,0.000,0.000,0.000,0.000,0.000,-0.061,-0.201
23.01,0.195,0,0.239,0.349,1,0.000,0.000,0.000,0.000,0.000,0.000,-0.048,-0.192
23.21,0.421,0,0.449,0.323,1,0.000,0.000,0.000,0.000,0.000,0.000,-0.064,-0.198
23.41,0.421,0,0.449,0.323,1,0.000,0.000,0.000,0.000,0.000,0.000,-0.056,-0.197
23.61,0.423,0,0.449,0.323,1,0.000,0.000,0.000,0.000,0.000,0.000,-0.051,-0.201
23.81,0.209,0,0.228,0.349,1,0.000,0.000,0.000,0.000,0.000,0.000,-0.051,-0.201
24.01,0.242,0,0.228,0.349,1,0.000,0.000,0.000,0.000,0.000,0.000,-0.056,-0.189
24.21,0.205,0,0.224,0.328,1,0.000,0.000,0.000,0.000,0.000,0.000,-0.052,-0.192
24.41,0.205,0,0.224,0.328,1,0.000,0.000,0.000,0.000,0.000,0.000,-0.050,-0.194
24.61,0.421,0,0.224,0.328,1,0.000,0.000,0.000,0.000,0.000,0.000,-0.048,-0.184
24.81,0.421,0,0.448,0.518,1,0.000,0.000,0.000,0.000,0.000,0.000,-0.048,-0.184
25.01,0.415,0,0.448,0.518,1,0.000,0.000,0.000,0.000,0.000,0.000,-0.053,-0.179
25.21,0.421,0,0.449,0.515,1,0.000,0.000,0.000,0.000,0.000,0.000,-0.053,-0.173
25.41,0.421,0,0.449,0.515,1,0.000,0.000,0.000,0.000,0.000,0.000,-0.052,-0.189
25.61,0.421,0,0.449,0.515,1,0.000,0.000,0.000,0.000,0.000,0.000,-0.052,-0.189
25.81,0.414,0,0.454,0.501,1,0.000,0.000,0.000,0.000,0.000,0.000,-0.052,-0.183
26.01,0.419,0,0.454,0.501,1,0.000,0.000,0.000,0.000,0.000,0.000,-0.063,-0.223
26.21,0.108,0,0.529,0.547,1,0.000,0.000,0.000,0.000,0.000,0.000,-0.036,-0.260
26.41,0.108,0,0.529,0.547,1,0.000,0.000,0.000,0.000,0.000,0.000,-0.020,-0.222
26.61,0.105,0,0.529,0.547,1,0.000,0.000,0.000,0.000,0.000,0.000,-0.020,-0.222
26.81,0.108,0,0.526,0.562,1,0.000,0.000,0.000,0.000,0.000,0.000,-0.022,-0.194
27.01,0.105,0,0.526,0.562,1,0.000,0.000,0.000,0.000,0.000,0.000,-0.017,-0.173
27.21,0.106,0,0.400,0.576,1,0.000,0.000,0.000,0.000,0.000,0.000,-0.019,-0.176
27.41,0.106,0,0.400,0.576,1,0.000,0.000,0.000,0.000,0.000,0.000,-0.017,-0.176
27.61,0.108,0,0.400,0.576,1,0.000,0.000,0.000,0.000,0.000,0.000,-0.017,-0.176
27.81,0.106,0,0.395,0.587,1,0.000,0.000,0.000,0.000,0.000,0.000,-0.010,-0.156
28.01,0.105,0,0.395,0.587,1,0.000,0.000,0.000,0.000,0.000,0.000,-0.022,-0.156
28.21,0.105,0,0.394,0.587,1,0.000,0.000,0.000,0.000,0.000,0.000,-0.020,-0.154
28.41,0.105,0,0.394,0.587,1,0.000,0.000,0.000,0.000,0.000,0.000,-0.021,-0.151
28.61,0.106,0,0.394,0.587,1,0.000,0.000,0.000,0.000,0.000,0.000,-0.021,-0.151
28.81,0.105,0,0.394,0.584,1,0.000,0.000,0.000,0.000,0.000,0.000,-0.021,-0.152
29.01,0.105,0,0.394,0.584,1,0.000,0.000,0.000,0.000,0.000,0.000,-0.020,-0.156
29.21,0.107,0,0.393,0.582,1,0.000,0.000,0.000,0.000,0.000,0.000,-0.014,-0.161
29.41,0.107,0,0.393,0.582,1,0.000,0.000,0.000,0.000,0.000,0.000,-0.017,-0.158
29.61,0.105,0,0.393,0.582,1,0.000,0.000,0.000,0.000,0.000,0.000,-0.017,-0.158
29.81,0.107,0,0.393,0.582,1,0.000,0.000,0.000,0.000,0.000,0.000,-0.018,-0.157
30.01,0.107,0,0.393,0.582,1,0.000,0.000,0.000,0.000,0.000,0.000,-0.021,-0.156
30.21,0.105,0,0.393,0.581,1,0.000,0.000,0.000,0.000,0.000,0.000,-0.019,-0.161
30.41,0.105,0,0.393,0.581,1,0.000,0.000,0.000,0.000,0.000,0.000,-0.023,-0.156
30.61,0.105,0,0.393,0.581,1,0.000,0.000,0.000,0.000,0.000,0.000,-0.023,-0.156
30.81,0.107,0,0.392,0.581,1,0.000,0.000,0.000,0.000,0.000,0.000,-0.020,-0.160
31.01,0.105,0,0.392,0.581,1,0.000,0.000,0.000,0.000,0.000,0.000,-0.020,-0.158
31.21,0.106,0,0.393,0.578,1,0.000,0.000,0.000,0.000,0.000,0.000,-0.014,-0.158
31.41,0.106,0,0.393,0.578,1,0.000,0.000,0.000,0.000,0.000,0.000,-0.012,-0.165
31.61,0.105,0,0.393,0.578,1,0.000,0.000,0.000,0.000,0.000,0.000,-0.012,-0.165
31.81,0.107,0,0.394,0.581,1,0.000,0.000,0.000,0.000,0.000,0.000,-0.012,-0.163
32.01,0.105,0,0.394,0.581,1,0.000,0.000,0.000,0.000,0.000,0.000,-0.012,-0.162
32.21,0.105,0,0.389,0.582,1,0.000,0.000,0.000,0.000,0.000,0.000,-0.021,-0.167
32.41,0.106,0,0.389,0.582,1,0.000,0.000,0.000,0.000,0.000,0.000,-0.019,-0.161
32.61,0.105,0,0.389,0.582,1,0.000,0.000,0.000,0.000,0.000,0.000,-0.019,-0.161
32.81,0.105,0,0.393,0.581,1,0.000,0.000,0.000,0.000,0.000,0.000,-0.014,-0.160
33.01,0.105,0,0.393,0.581,1,0.000,0.000,0.000,0.000,0.000,0.000,-0.011,-0.158
33.21,0.105,0,0.389,0.582,1,0.000,0.000,0.000,0.000,0.000,0.000,-0.017,-0.161
33.41,0.106,0,0.389,0.582,1,0.000,0.000,0.000,0.000,0.000,0.000,-0.017,-0.158
33.61,0.105,0,0.389,0.582,1,0.000,0.000,0.000,0.000,0.000,0.000,-0.017,-0.158
33.81,0.105,0,0.389,0.582,1,0.000,0.000,0.000,0.000,0.000,0.000,-0.023,-0.160
34.01,0.105,0,0.389,0.582,1,0.000,0.000,0.000,0.000,0.000,0.000,-0.013,-0.153
34.21,0.105,0,0.391,0.583,1,0.000,0.000,0.000,0.000,0.000,0.000,-0.020,-0.159
34.41,0.105,0,0.391,0.583,1,0.000,0.000,0.000,0.000,0.000,0.000,-0.018,-0.160
34.61,0.105,0,0.391,0.583,1,0.000,0.000,0.000,0.000,0.000,0.000,-0.018,-0.160
34.81,0.106,0,0.393,0.581,1,0.000,0.000,0.000,0.000,0.000,0.000,-0.014,-0.159
35.01,0.105,0,0.393,0.581,1,0.000,0.000,0.000,0.000,0.000,0.000,-0.019,-0.159
35.21,0.105,0,0.393,0.586,1,0.000,0.000,0.000,0.000,0.000,0.000,-0.015,-0.154
35.41,0.106,0,0.393,0.586,1,0.000,0.000,0.000,0.000,0.000,0.000,-0.016,-0.157
35.61,0.105,0,0.393,0.586,1,0.000,0.000,0.000,0.000,0.000,0.000,-0.016,-0.157
35.81,0.105,0,0.394,0.586,1,0.000,0.000,0.000,0.000,0.000,0.000,-0.011,-0.157
36.01,0.106,0,0.394,0.586,1,0.000,0.000,0.000,0.000,0.000,0.000,-0.020,-0.153
36.21,0.106,0,0.393,0.583,1,0.000,0.000,0.000,0.000,0.000,0.000,-0.019,-0.154
36.41,0.105,0,0.393,0.583,1,0.000,0.000,0.000,0.000,0.000,0.000,-0.020,-0.156
36.61,0.105,0,0.393,0.583,1,0.000,0.000,0.000,0.000,0.000,0.000,-0.020,-0.156
36.81,0.105,0,0.393,0.582,1,0.000,0.000,0.000,0.000,0.000,0.000,-0.019,-0.157
37.01,0.108,0,0.393,0.582,1,0.000,0.000,0.000,0.000,0.000,0.000,-0.023,-0.159
37.21,0.108,0,0.392,0.582,1,0.000,0.000,0.000,0.000,0.000,0.000,-0.023,-0.160
37.41,0.107,0,0.392,0.582,1,0.000,0.000,0.000,0.000,0.000,0.000,-0.020,-0.163
37.61,0.105,0,0.392,0.582,1,0.000,0.000,0.000,0.000,0.000,0.000,-0.020,-0.163
37.81,0.108,0,0.392,0.584,1,0.000,0.000,0.000,0.000,0.000,0.000,-0.020,-0.154
38.01,0.105,0,0.392,0.584,1,0.000,0.000,0.000,0.000,0.000,0.000,-0.023,-0.159
38.21,0.105,0,0.390,0.583,1,0.000,0.000,0.000,0.000,0.000,0.000,-0.022,-0.160
38.41,0.106,0,0.390,0.583,1,0.000,0.000,0.000,0.000,0.000,0.000,-0.013,-0.160
38.61,0.105,0,0.390,0.583,1,0.000,0.000,0.000,0.000,0.000,0.000,-0.013,-0.160
38.81,0.106,0,0.394,0.597,0,0.000,0.000,0.000,0.000,0.000,0.000,-0.023,-0.154
39.01,0.105,0,0.394,0.597,0,0.000,0.000,0.000,0.000,0.000,0.000,-0.014,-0.153
39.21,0.105,0,0.390,0.584,1,0.000,0.000,0.000,0.000,0.000,0.000,-0.022,-0.156
39.41,0.105,0,0.390,0.584,1,0.000,0.000,0.000,0.000,0.000,0.000,-0.022,-0.156
39.61,0.105,0,0.390,0.584,1,0.000,0.000,0.000,0.000,0.000,0.000,-0.017,-0.151
39.81,0.107,0,0.393,0.594,0,0.000,0.000,0.000,0.000,0.000,0.000,-0.027,-0.156
40.01,0.105,0,0.393,0.594,0,0.000,0.000,0.000,0.000,0.000,0.000,-0.021,-0.153
40.21,0.105,0,0.390,0.600,0,0.000,0.000,0.000,0.000,0.000,0.000,-0.019,-0.156
40.41,0.105,0,0.390,0.600,0,0.000,0.000,0.000,0.000,0.000,0.000,-0.019,-0.156
40.61,0.105,0,0.390,0.600,0,0.000,0.000,0.000,0.000,0.000,0.000,-0.016,-0.158
40.81,0.105,0,0.393,0.602,0,0.000,0.000,0.000,0.000,0.000,0.000,-0.026,-0.158
41.01,0.105,0,0.393,0.602,0,0.000,0.000,0.000,0.000,0.000,0.000,-0.020,-0.149
41.21,0.105,0,0.394,0.600,0,0.000,0.000,0.000,0.000,0.000,0.000,-0.019,-0.149
41.41,0.106,0,0.394,0.600,0,0.000,0.000,0.000,0.000,0.000,0.000,-0.019,-0.149
41.61,0.106,0,0.394,0.600,0,0.000,0.000,0.000,0.000,0.000,0.000,-0.018,-0.144
41.81,0.105,0,0.393,0.604,0,0.000,0.000,0.000,0.000,0.000,0.000,-0.014,-0.152
42.01,0.106,0,0.393,0.604,0,0.000,0.000,0.000,0.000,0.000,0.000,-0.016,-0.149
42.21,0.106,0,0.391,0.602,0,0.000,0.000,0.000,0.000,0.000,0.000,-0.013,-0.153
42.41,0.106,0,0.391,0.602,0,0.000,0.000,0.000,0.000,0.000,0.000,-0.013,-0.153
42.61,0.105,0,0.391,0.602,0,0.000,0.000,0.000,0.000,0.000,0.000,-0.017,-0.152
42.81,0.106,0,0.393,0.603,0,0.000,0.000,0.000,0.000,0.000,0.000,-0.015,-0.151
43.01,0.106,0,0.393,0.603,0,0.000,0.000,0.000,0.000,0.000,0.000,-0.021,-0.151
43.21,0.105,0,0.394,0.392,1,0.000,0.000,0.000,0.000,0.000,0.000,-0.017,-0.152
43.41,0.106,0,0.394,0.392,1,0.000,0.000,0.000,0.000,0.000,0.000,-0.017,-0.152
43.61,0.107,0,0.394,0.392,1,0.000,0.000,0.000,0.000,0.000,0.000,-0.017,-0.147
43.81,0.106,0,0.390,0.604,0,0.000,0.000,0.000,0.000,0.000,0.000,-0.016,-0.150
44.01,0.106,0,0.390,0.604,0,0.000,0.000,0.000,0.000,0.000,0.000,-0.015,-0.150
44.21,0.106,0,0.393,0.602,0,0.000,0.000,0.000,0.000,0.000,0.000,-0.012,-0.154
44.41,0.106,0,0.393,0.602,0,0.000,0.000,0.000,0.000,0.000,0.000,-0.012,-0.154
44.61,0.106,0,0.393,0.602,0,0.000,0.000,0.000,0.000,0.000,0.000,-0.011,-0.143
44.81,0.106,0,0.391,0.600,0,0.000,0.000,0.000,0.000,0.000,0.000,-0.020,-0.157
45.01,0.106,0,0.391,0.600,0,0.000,0.000,0.000,0.000,0.000,0.000,-0.015,-0.156
45.21,0.105,0,0.393,0.600,0,0.000,0.000,0.000,0.000,0.000,0.000,-0.018,-0.148
45.41,0.106,0,0.393,0.600,0,0.000,0.000,0.000,0.000,0.000,0.000,-0.018,-0.148
45.61,0.105,0,0.393,0.600,0,0.000,0.000,0.000,0.000,0.000,0.000,-0.022,-0.151
45.81,0.105,0,0.392,0.403,1,0.000,0.000,0.000,0.000,0.000,0.000,0.002,-0.180
46.01,0.105,0,0.392,0.403,1,0.000,0.000,0.000,0.000,0.000,0.000,0.007,-0.161
46.21,0.106,0,0.389,0.412,1,0.000,0.000,0.000,0.000,0.000,0.000,0.003,-0.152
46.41,0.106,0,0.389,0.412,1,0.000,0.000,0.000,0.000,0.000,0.000,0.003,-0.152
46.61,0.105,0,0.389,0.412,1,0.000,0.000,0.000,0.000,0.000,0.000,0.013,-0.141
46.81,0.105,0,0.381,0.415,1,0.000,0.000,0.000,0.000,0.000,0.000,0.013,-0.142
47.01,0.105,0,0.381,0.415,1,0.000,0.000,0.000,0.000,0.000,0.000,0.020,-0.129
47.21,0.107,0,0.381,0.418,1,0.000,0.000,0.000,0.000,0.000,0.000,0.026,-0.112
47.41,0.107,0,0.381,0.418,1,0.000,0.000,0.000,0.000,0.000,0.000,0.026,-0.112
47.61,0.368,0,0.381,0.418,1,0.000,0.000,0.000,0.000,0.000,0.000,0.031,-0.115
47.81,0.362,0,0.379,0.420,1,0.000,0.000,0.000,0.000,0.000,0.000,0.027,-0.126
48.01,0.362,0,0.379,0.420,1,0.000,0.000,0.000,0.000,0.000,0.000,0.023,-0.118
48.21,0.107,0,0.375,0.419,1,0.000,0.000,0.000,0.000,0.000,0.000,0.019,-0.126
48.41,0.105,0,0.375,0.419,1,0.000,0.000,0.000,0.000,0.000,0.000,0.019,-0.126
48.61,0.105,0,0.375,0.419,1,0.000,0.000,0.000,0.000,0.000,0.000,0.026,-0.120
48.81,0.105,0,0.374,0.418,1,0.000,0.000,0.000,0.000,0.000,0.000,0.037,-0.127
49.01,0.105,0,0.374,0.418,1,0.000,0.000,0.000,0.000,0.000,0.000,0.028,-0.118
49.21,0.106,0,0.366,0.417,1,0.000,0.000,0.000,0.000,0.000,0.000,0.026,-0.111
49.41,0.106,0,0.366,0.417,1,0.000,0.000,0.000,0.000,0.000,0.000,0.026,-0.111
49.61,0.106,0,0.366,0.417,1,0.000,0.000,0.000,0.000,0.000,0.000,0.028,-0.116
49.81,0.106,0,0.367,0.417,1,0.000,0.000,0.000,0.000,0.000,0.000,0.009,-0.134
50.01,0.106,0,0.367,0.417,1,0.000,0.000,0.000,0.000,0.000,0.000,0.005,-0.149
50.21,0.105,0,0.373,0.408,1,0.000,0.000,0.000,0.000,0.000,0.000,0.005,-0.149
50.41,0.105,0,0.373,0.408,1,0.000,0.000,0.000,0.000,0.000,0.000,0.013,-0.140
50.61,0.106,0,0.373,0.408,1,0.000,0.000,0.000,0.000,0.000,0.000,0.003,-0.142
50.81,0.105,0,0.375,0.396,1,0.000,0.000,0.000,0.000,0.000,0.000,-0.008,-0.148
51.01,0.105,0,0.375,0.396,1,0.000,0.000,0.000,0.000,0.000,0.000,-0.012,-0.137
51.21,0.107,0,0.380,0.571,1,0.000,0.000,0.000,0.000,0.000,0.000,-0.012,-0.137
51.41,0.105,0,0.380,0.571,1,0.000,0.000,0.000,0.000,0.000,0.000,-0.019,-0.135
51.61,0.104,0,0.380,0.571,1,0.000,0.000,0.000,0.000,0.000,0.000,-0.024,-0.150
51.81,0.106,0,0.385,0.541,1,0.000,0.000,0.000,0.000,0.000,0.000,-0.030,-0.149
52.01,0.106,0,0.385,0.541,1,0.000,0.000,0.000,0.000,0.000,0.000,-0.036,-0.148
52.21,0.105,0,0.498,0.528,1,0.000,0.000,0.000,0.000,0.000,0.000,-0.036,-0.148
52.41,0.105,0,0.498,0.528,1,0.000,0.000,0.000,0.000,0.000,0.000,-0.035,-0.157
52.61,0.108,0,0.498,0.528,1,0.000,0.000,0.000,0.000,0.000,0.000,-0.049,-0.147
52.81,0.105,0,0.501,0.524,1,0.000,0.000,0.000,0.000,0.000,0.000,-0.022,-0.163
53.01,0.105,0,0.501,0.524,1,0.000,0.000,0.000,0.000,0.000,0.000,-0.024,-0.186
53.21,0.108,0,0.522,0.531,1,0.000,0.000,0.000,0.000,0.000,0.000,-0.024,-0.186
53.41,0.105,0,0.522,0.531,1,0.000,0.000,0.000,0.000,0.000,0.000,-0.026,-0.188
53.61,0.107,0,0.522,0.531,1,0.000,0.000,0.000,0.000,0.000,0.000,-0.028,-0.188
53.81,0.105,0,0.540,0.543,1,0.000,0.000,0.000,0.000,0.000,0.000,-0.009,-0.203
54.01,0.105,0,0.540,0.543,1,0.000,0.000,0.000,0.000,0.000,0.000,0.002,-0.215
54.21,0.105,0,0.542,0.537,1,0.000,0.000,0.000,0.000,0.000,0.000,0.002,-0.215
54.41,0.106,0,0.542,0.537,1,0.000,0.000,0.000,0.000,0.000,0.000,0.013,-0.191
54.61,0.105,0,0.542,0.537,1,0.000,0.000,0.000,0.000,0.000,0.000,-0.007,-0.166
54.81,0.105,0,0.545,0.544,1,0.000,0.000,0.000,0.000,0.000,0.000,-0.014,-0.168
55.01,0.105,0,0.545,0.544,1,0.000,0.000,0.000,0.000,0.000,0.000,-0.012,-0.172
55.21,0.108,0,0.544,0.542,1,0.000,0.000,0.000,0.000,0.000,0.000,-0.012,-0.172
55.41,0.105,0,0.544,0.542,1,0.000,0.000,0.000,0.000,0.000,0.000,-0.010,-0.168
55.61,0.105,0,0.544,0.542,1,0.000,0.000,0.000,0.000,0.000,0.000,-0.008,-0.173
55.81,0.105,0,0.547,0.543,1,0.000,0.000,0.000,0.000,0.000,0.000,-0.016,-0.181
56.01,0.105,0,0.547,0.543,1,0.000,0.000,0.000,0.000,0.000,0.000,0.011,-0.193
56.21,0.105,0,0.546,0.562,1,0.000,0.000,0.000,0.000,0.000,0.000,0.011,-0.193
56.41,0.108,0,0.546,0.562,1,0.000,0.000,0.000,0.000,0.000,0.000,0.011,-0.182
56.61,0.105,0,0.546,0.562,1,0.000,0.000,0.000,0.000,0.000,0.000,0.018,-0.176
56.81,0.105,0,0.379,0.585,0,0.000,0.000,0.000,0.000,0.000,0.000,0.026,-0.173
57.01,0.108,0,0.379,0.585,0,0.000,0.000,0.000,0.000,0.000,0.000,0.016,-0.159
57.21,0.106,0,0.372,0.580,0,0.000,0.000,0.000,0.000,0.000,0.000,0.016,-0.159
57.41,0.105,0,0.372,0.580,0,0.000,0.000,0.000,0.000,0.000,0.000,0.010,-0.150
57.61,0.108,0,0.372,0.580,0,0.000,0.000,0.000,0.000,0.000,0.000,0.002,-0.153
57.81,0.108,0,0.371,0.582,0,0.000,0.000,0.000,0.000,0.000,0.000,0.000,-0.157
58.01,0.106,0,0.371,0.582,0,0.000,0.000,0.000,0.000,0.000,0.000,0.004,-0.152
58.21,0.105,0,0.373,0.580,0,0.000,0.000,0.000,0.000,0.000,0.000,0.004,-0.152
58.41,0.106,0,0.373,0.580,0,0.000,0.000,0.000,0.000,0.000,0.000,0.002,-0.151
58.61,0.106,0,0.373,0.580,0,0.000,0.000,0.000,0.000,0.000,0.000,-0.002,-0.161
58.81,0.106,0,0.372,0.580,0,0.000,0.000,0.000,0.000,0.000,0.000,-0.005,-0.169
59.01,0.105,0,0.372,0.580,0,0.000,0.000,0.000,0.000,0.000,0.000,-0.006,-0.163
59.21,0.105,0,0.373,0.581,0,0.000,0.000,0.000,0.000,0.000,0.000,-0.006,-0.163
59.41,0.106,0,0.373,0.581,0,0.000,0.000,0.000,0.000,0.000,0.000,-0.002,-0.162
59.61,0.106,0,0.373,0.581,0,0.000,0.000,0.000,0.000,0.000,0.000,-0.002,-0.171
59.81,0.106,0,0.373,0.583,0,0.000,0.000,0.000,0.000,0.000,0.000,-0.002,-0.177
60.01,0.105,0,0.373,0.583,0,0.000,0.000,0.000,0.000,0.000,0.000,-0.005,-0.167
60.21,0.105,0,0.374,0.580,0,0.000,0.000,0.000,0.000,0.000,0.000,-0.005,-0.167
60.41,0.105,0,0.374,0.580,0,0.000,0.000,0.000,0.000,0.000,0.000,-0.005,-0.168
60.61,0.105,0,0.374,0.580,0,0.000,0.000,0.000,0.000,0.000,0.000,-0.003,-0.160
60.81,0.105,0,0.373,0.585,0,0.000,0.000,0.000,0.000,0.000,0.000,-0.006,-0.163
61.01,0.108,0,0.373,0.585,0,0.000,0.000,0.000,0.000,0.000,0.000,-0.009,-0.159
61.21,0.106,0,0.373,0.583,0,0.000,0.000,0.000,0.000,0.000,0.000,-0.009,-0.159
61.41,0.105,0,0.373,0.583,0,0.000,0.000,0.000,0.000,0.000,0.000,-0.002,-0.158
61.61,0.106,0,0.373,0.583,0,0.000,0.000,0.000,0.000,0.000,0.000,0.003,-0.161
61.81,0.106,0,0.374,0.581,0,0.000,0.000,0.000,0.000,0.000,0.000,-0.004,-0.159
62.01,0.105,0,0.374,0.581,0,0.000,0.000,0.000,0.000,0.000,0.000,-0.009,-0.161
62.21,0.106,0,0.374,0.582,0,0.000,0.000,0.000,0.000,0.000,0.000,-0.009,-0.161
62.41,0.105,0,0.374,0.582,0,0.000,0.000,0.000,0.000,0.000,0.000,-0.003,-0.160
62.61,0.105,0,0.374,0.582,0,0.000,0.000,0.000,0.000,0.000,0.000,-0.002,-0.160
62.81,0.105,0,0.374,0.579,0,0.000,0.000,0.000,0.000,0.000,0.000,-0.006,-0.156
63.01,0.105,0,0.374,0.579,0,0.000,0.000,0.000,0.000,0.000,0.000,-0.009,-0.157
63.21,0.108,0,0.371,0.584,0,0.000,0.000,0.000,0.000,0.000,0.000,-0.009,-0.157
63.41,0.105,0,0.371,0.584,0,0.000,0.000,0.000,0.000,0.000,0.000,-0.002,-0.157
63.61,0.105,0,0.371,0.584,0,0.000,0.000,0.000,0.000,0.000,0.000,-0.011,-0.162
63.81,0.105,0,0.371,0.583,0,0.000,0.000,0.000,0.000,0.000,0.000,-0.005,-0.162
64.01,0.105,0,0.371,0.583,0,0.000,0.000,0.000,0.000,0.000,0.000,-0.003,-0.156
64.21,0.108,0,0.370,0.585,0,0.000,0.000,0.000,0.000,0.000,0.000,-0.003,-0.156
64.41,0.107,0,0.370,0.585,0,0.000,0.000,0.000,0.000,0.000,0.000,-0.006,-0.163
64.61,0.106,0,0.370,0.585,0,0.000,0.000,0.000,0.000,0.000,0.000,-0.006,-0.168
64.81,0.106,0,0.373,0.582,0,0.000,0.000,0.000,0.000,0.000,0.000,-0.000,-0.160
65.01,0.107,0,0.373,0.582,0,0.000,0.000,0.000,0.000,0.000,0.000,-0.000,-0.160
65.21,0.108,0,0.370,0.583,0,0.000,0.000,0.000,0.000,0.000,0.000,-0.004,-0.161
65.41,0.105,0,0.370,0.583,0,0.000,0.000,0.000,0.000,0.000,0.000,0.001,-0.155
65.61,0.105,0,0.370,0.583,0,0.000,0.000,0.000,0.000,0.000,0.000,0.002,-0.155
65.81,0.105,0,0.370,0.573,0,0.000,0.000,0.000,0.000,0.000,0.000,0.009,-0.145
66.01,0.107,0,0.370,0.573,0,0.000,0.000,0.000,0.000,0.000,0.000,0.009,-0.145
66.21,0.105,0,0.373,0.575,0,0.000,0.000,0.000,0.000,0.000,0.000,0.007,-0.158
66.41,0.105,0,0.373,0.575,0,0.000,0.000,0.000,0.000,0.000,0.000,-0.002,-0.152
66.61,0.106,0,0.373,0.575,0,0.000,0.000,0.000,0.000,0.000,0.000,-0.004,-0.153
66.81,0.106,0,0.370,0.574,0,0.000,0.000,0.000,0.000,0.000,0.000,-0.006,-0.154
67.01,0.106,0,0.370,0.574,0,0.000,0.000,0.000,0.000,0.000,0.000,-0.006,-0.154
67.21,0.106,0,0.370,0.577,0,0.000,0.000,0.000,0.000,0.000,0.000,-0.008,-0.156
67.41,0.105,0,0.370,0.577,0,0.000,0.000,0.000,0.000,0.000,0.000,-0.001,-0.154
67.61,0.106,0,0.370,0.577,0,0.000,0.000,0.000,0.000,0.000,0.000,0.003,-0.151
67.81,0.106,0,0.371,0.580,0,0.000,0.000,0.000,0.000,0.000,0.000,-0.003,-0.153
68.01,0.108,0,0.371,0.580,0,0.000,0.000,0.000,0.000,0.000,0.000,-0.003,-0.153
68.21,0.108,0,0.373,0.579,0,0.000,0.000,0.000,0.000,0.000,0.000,-0.002,-0.150
68.41,0.105,0,0.373,0.579,0,0.000,0.000,0.000,0.000,0.000,0.000,0.001,-0.150
68.61,0.106,0,0.373,0.579,0,0.000,0.000,0.000,0.000,0.000,0.000,-0.002,-0.153
68.81,0.106,0,0.373,0.579,0,0.000,0.000,0.000,0.000,0.000,0.000,0.006,-0.144
69.01,0.105,0,0.373,0.579,0,0.000,0.000,0.000,0.000,0.000,0.000,0.006,-0.144
69.21,0.105,0,0.374,0.578,0,0.000,0.000,0.000,0.000,0.000,0.000,-0.002,-0.165
69.41,0.105,0,0.374,0.578,0,0.000,0.000,0.000,0.000,0.000,0.000,-0.001,-0.157
69.61,0.105,0,0.374,0.578,0,0.000,0.000,0.000,0.000,0.000,0.000,-0.002,-0.166
69.81,0.105,0,0.371,0.577,0,0.000,0.000,0.000,0.000,0.000,0.000,0.007,-0.166
70.01,0.105,0,0.371,0.577,0,0.000,0.000,0.000,0.000,0.000,0.000,0.007,-0.166
70.21,0.105,0,0.374,0.579,0,0.000,0.000,0.000,0.000,0.000,0.000,0.006,-0.159
70.41,0.106,0,0.374,0.579,0,0.000,0.000,0.000,0.000,0.000,0.000,0.010,-0.151
70.61,0.106,0,0.374,0.579,0,0.000,0.000,0.000,0.000,0.000,0.000,0.013,-0.156
70.81,0.108,0,0.373,0.580,0,0.000,0.000,0.000,0.000,0.000,0.000,0.006,-0.157
71.01,0.106,0,0.373,0.580,0,0.000,0.000,0.000,0.000,0.000,0.000,0.006,-0.157
71.21,0.105,0,0.373,0.575,0,0.000,0.000,0.000,0.000,0.000,0.000,0.009,-0.157
71.41,0.107,0,0.373,0.575,0,0.000,0.000,0.000,0.000,0.000,0.000,0.010,-0.153
71.61,0.107,0,0.373,0.575,0,0.000,0.000,0.000,0.000,0.000,0.000,0.009,-0.158
71.81,0.105,0,0.374,0.578,0,0.000,0.000,0.000,0.000,0.000,0.000,0.010,-0.152
72.01,0.105,0,0.374,0.578,0,0.000,0.000,0.000,0.000,0.000,0.000,0.010,-0.152
72.21,0.105,0,0.372,0.581,0,0.000,0.000,0.000,0.000,0.000,0.000,0.015,-0.153
72.41,0.105,0,0.372,0.581,0,0.000,0.000,0.000,0.000,0.000,0.000,0.009,-0.158
72.61,0.105,0,0.372,0.581,0,0.000,0.000,0.000,0.000,0.000,0.000,0.009,-0.158
72.81,0.105,0,0.374,0.578,0,0.000,0.000,0.000,0.000,0.000,0.000,0.003,-0.148
73.01,0.105,0,0.374,0.578,0,0.000,0.000,0.000,0.000,0.000,0.000,0.003,-0.148
73.21,0.107,0,0.373,0.581,0,0.000,0.000,0.000,0.000,0.000,0.000,0.011,-0.146
73.41,0.106,0,0.373,0.581,0,0.000,0.000,0.000,0.000,0.000,0.000,0.006,-0.147
73.61,0.106,0,0.373,0.581,0,0.000,0.000,0.000,0.000,0.000,0.000,0.011,-0.156
73.81,0.105,0,0.373,0.584,0,0.000,0.000,0.000,0.000,0.000,0.000,0.007,-0.157
74.01,0.105,0,0.373,0.584,0,0.000,0.000,0.000,0.000,0.000,0.000,0.007,-0.157
74.21,0.105,0,0.374,0.585,0,0.000,0.000,0.000,0.000,0.000,0.000,0.011,-0.155
74.41,0.105,0,0.374,0.585,0,0.000,0.000,0.000,0.000,0.000,0.000,0.012,-0.159
74.61,0.105,0,0.374,0.585,0,0.000,0.000,0.000,0.000,0.000,0.000,0.010,-0.159
74.81,0.105,0,0.374,0.583,0,0.000,0.000,0.000,0.000,0.000,0.000,0.009,-0.153
75.01,0.105,0,0.374,0.583,0,0.000,0.000,0.000,0.000,0.000,0.000,0.009,-0.153
75.21,0.105,0,0.370,0.583,0,0.000,0.000,0.000,0.000,0.000,0.000,0.013,-0.160
75.41,0.105,0,0.370,0.583,0,0.000,0.000,0.000,0.000,0.000,0.000,0.014,-0.167
75.61,0.105,0,0.370,0.583,0,0.000,0.000,0.000,0.000,0.000,0.000,0.006,-0.163
75.81,0.108,0,0.370,0.583,0,0.000,0.000,0.000,0.000,0.000,0.000,0.012,-0.166
76.01,0.107,0,0.370,0.583,0,0.000,0.000,0.000,0.000,0.000,0.000,0.012,-0.166
76.21,0.106,0,0.372,0.580,0,0.000,0.000,0.000,0.000,0.000,0.000,0.012,-0.161
76.41,0.106,0,0.372,0.580,0,0.000,0.000,0.000,0.000,0.000,0.000,0.006,-0.161
76.61,0.106,0,0.372,0.580,0,0.000,0.000,0.000,0.000,0.000,0.000,0.010,-0.163
76.81,0.105,0,0.374,0.576,0,0.000,0.000,0.000,0.000,0.000,0.000,0.015,-0.158
77.01,0.105,0,0.374,0.576,0,0.000,0.000,0.000,0.000,0.000,0.000,0.015,-0.158
77.21,0.108,0,0.374,0.577,0,0.000,0.000,0.000,0.000,0.000,0.000,0.017,-0.163
77.41,0.105,0,0.374,0.577,0,0.000,0.000,0.000,0.000,0.000,0.000,0.008,-0.159
77.61,0.105,0,0.374,0.577,0,0.000,0.000,0.000,0.000,0.000,0.000,0.011,-0.156
77.81,0.105,0,0.370,0.579,0,0.000,0.000,0.000,0.000,0.000,0.000,0.011,-0.156
78.01,0.105,0,0.370,0.579,0,0.000,0.000,0.000,0.000,0.000,0.000,0.009,-0.160
78.21,0.105,0,0.374,0.573,1,0.000,0.000,0.000,0.000,0.000,0.000,0.011,-0.166
78.41,0.105,0,0.374,0.573,1,0.000,0.000,0.000,0.000,0.000,0.000,0.002,-0.160
78.61,0.105,0,0.374,0.573,1,0.000,0.000,0.000,0.000,0.000,0.000,0.009,-0.158
78.81,0.105,0,0.370,0.574,0,0.000,0.000,0.000,0.000,0.000,0.000,0.009,-0.158
79.01,0.106,0,0.370,0.574,0,0.000,0.000,0.000,0.000,0.000,0.000,0.007,-0.160
79.21,0.105,0,0.374,0.573,1,0.000,0.000,0.000,0.000,0.000,0.000,0.005,-0.163
79.41,0.106,0,0.374,0.573,1,0.000,0.000,0.000,0.000,0.000,0.000,0.009,-0.164
79.61,0.106,0,0.374,0.573,1,0.000,0.000,0.000,0.000,0.000,0.000,0.011,-0.161
79.81,0.105,0,0.374,0.576,0,0.000,0.000,0.000,0.000,0.000,0.000,0.011,-0.161
80.01,0.105,0,0.374,0.576,0,0.000,0.000,0.000,0.000,0.000,0.000,0.010,-0.164
80.21,0.106,0,0.374,0.574,0,0.000,0.000,0.000,0.000,0.000,0.000,0.012,-0.170
80.41,0.105,0,0.374,0.574,0,0.000,0.000,0.000,0.000,0.000,0.000,0.014,-0.163
80.61,0.105,0,0.374,0.574,0,0.000,0.000,0.000,0.000,0.000,0.000,0.009,-0.167
80.81,0.107,0,0.374,0.574,1,0.000,0.000,0.000,0.000,0.000,0.000,0.009,-0.167
81.01,0.106,0,0.374,0.574,1,0.000,0.000,0.000,0.000,0.000,0.000,0.015,-0.163
81.21,0.108,0,0.374,0.578,0,0.000,0.000,0.000,0.000,0.000,0.000,0.017,-0.157
81.41,0.108,0,0.374,0.578,0,0.000,0.000,0.000,0.000,0.000,0.000,0.017,-0.154
81.61,0.105,0,0.374,0.578,0,0.000,0.000,0.000,0.000,0.000,0.000,0.007,-0.158
81.81,0.106,0,0.374,0.575,0,0.000,0.000,0.000,0.000,0.000,0.000,0.007,-0.158
82.01,0.105,0,0.374,0.575,0,0.000,0.000,0.000,0.000,0.000,0.000,0.008,-0.165
82.21,0.105,0,0.374,0.581,0,0.000,0.000,0.000,0.000,0.000,0.000,-0.004,-0.141
82.41,0.105,0,0.374,0.581,0,0.000,0.000,0.000,0.000,0.000,0.000,-0.042,-0.164
82.61,0.106,0,0.374,0.581,0,0.000,0.000,0.000,0.000,0.000,0.000,-0.044,-0.167
82.81,0.106,0,0.536,0.523,1,0.000,0.000,0.000,0.000,0.000,0.000,-0.044,-0.167
83.01,0.105,0,0.536,0.523,1,0.000,0.000,0.000,0.000,0.000,0.000,-0.029,-0.152
83.21,0.107,0,0.533,0.517,1,0.000,0.000,0.000,0.000,0.000,0.000,-0.041,-0.163
83.41,0.107,0,0.533,0.517,1,0.000,0.000,0.000,0.000,0.000,0.000,-0.042,-0.170
83.61,0.107,0,0.533,0.517,1,0.000,0.000,0.000,0.000,0.000,0.000,-0.044,-0.167
83.81,0.397,0,0.445,0.445,1,0.000,0.000,0.000,0.000,0.000,0.000,-0.044,-0.167
84.01,0.329,0,0.445,0.445,1,0.000,0.000,0.000,0.000,0.000,0.000,-0.038,-0.161
84.21,0.400,0,0.482,0.515,1,0.000,0.000,0.000,0.000,0.000,0.000,-0.050,-0.179
84.41,0.400,0,0.482,0.515,1,0.000,0.000,0.000,0.000,0.000,0.000,-0.046,-0.183
84.61,0.347,0,0.482,0.515,1,0.000,0.000,0.000,0.000,0.000,0.000,-0.064,-0.185
84.81,0.409,0,0.449,0.505,1,0.000,0.000,0.000,0.000,0.000,0.000,-0.064,-0.185
85.01,0.407,0,0.449,0.505,1,0.000,0.000,0.000,0.000,0.000,0.000,-0.053,-0.185
85.21,0.414,0,0.445,0.509,1,0.000,0.000,0.000,0.000,0.000,0.000,-0.057,-0.199
85.41,0.414,0,0.445,0.509,1,0.000,0.000,0.000,0.000,0.000,0.000,-0.046,-0.203
85.61,0.413,0,0.445,0.509,1,0.000,0.000,0.000,0.000,0.000,0.000,-0.047,-0.195
85.81,0.410,0,0.447,0.514,1,0.000,0.000,0.000,0.000,0.000,0.000,-0.047,-0.195
86.01,0.410,0,0.447,0.514,1,0.000,0.000,0.000,0.000,0.000,0.000,-0.047,-0.194
86.21,0.413,0,0.448,0.514,1,0.000,0.000,0.000,0.000,0.000,0.000,-0.051,-0.194
86.41,0.413,0,0.448,0.514,1,0.000,0.000,0.000,0.000,0.000,0.000,-0.065,-0.179
86.61,0.415,0,0.448,0.514,1,0.000,0.000,0.000,0.000,0.000,0.000,-0.064,-0.201
86.81,0.107,0,0.431,0.513,1,0.000,0.000,0.000,0.000,0.000,0.000,-0.064,-0.201
87.01,0.107,0,0.431,0.513,1,0.000,0.000,0.000,0.000,0.000,0.000,-0.055,-0.190
87.21,0.107,0,0.432,0.514,1,0.000,0.000,0.000,0.000,0.000,0.000,-0.056,-0.196
87.41,0.107,0,0.432,0.514,1,0.000,0.000,0.000,0.000,0.000,0.000,-0.057,-0.206
87.61,0.418,0,0.432,0.514,1,0.000,0.000,0.000,0.000,0.000,0.000,-0.044,-0.227
87.81,0.410,0,0.449,0.496,1,0.000,0.000,0.000,0.000,0.000,0.000,-0.044,-0.227
88.01,0.408,0,0.449,0.496,1,0.000,0.000,0.000,0.000,0.000,0.000,-0.031,-0.240
88.21,0.396,0,0.575,0.575,1,0.000,0.000,0.000,0.000,0.000,0.000,-0.002,-0.253
88.41,0.396,0,0.575,0.575,1,0.000,0.000,0.000,0.000,0.000,0.000,0.007,-0.231
88.61,0.108,0,0.575,0.575,1,0.000,0.000,0.000,0.000,0.000,0.000,0.007,-0.201
88.81,0.105,0,0.566,0.568,1,0.000,0.000,0.000,0.000,0.000,0.000,0.007,-0.201
89.01,0.107,0,0.566,0.568,1,0.000,0.000,0.000,0.000,0.000,0.000,0.006,-0.183
89.21,0.107,0,0.561,0.565,1,0.000,0.000,0.000,0.000,0.000,0.000,0.007,-0.191
89.41,0.107,0,0.561,0.565,1,0.000,0.000,0.000,0.000,0.000,0.000,0.015,-0.194
89.61,0.105,0,0.561,0.565,1,0.000,0.000,0.000,0.000,0.000,0.000,0.017,-0.184
89.81,0.108,0,0.754,0.563,1,0.000,0.000,0.000,0.000,0.000,0.000,0.017,-0.184
90.01,0.105,0,0.754,0.563,1,0.000,0.000,0.000,0.000,0.000,0.000,0.028,-0.196
90.21,0.107,0,0.707,0.559,1,0.000,0.000,0.000,0.000,0.000,0.000,0.022,-0.196
90.41,0.107,0,0.707,0.559,1,0.000,0.000,0.000,0.000,0.000,0.000,0.023,-0.179
90.61,0.105,0,0.707,0.559,1,0.000,0.000,0.000,0.000,0.000,0.000,0.023,-0.179
90.81,0.108,0,0.363,0.553,1,0.000,0.000,0.000,0.000,0.000,0.000,0.009,-0.188
91.01,0.105,0,0.363,0.553,1,0.000,0.000,0.000,0.000,0.000,0.000,0.005,-0.186
91.21,0.105,0,0.366,0.555,1,0.000,0.000,0.000,0.000,0.000,0.000,0.001,-0.193
91.41,0.105,0,0.366,0.555,1,0.000,0.000,0.000,0.000,0.000,0.000,0.001,-0.189
91.61,0.106,0,0.366,0.555,1,0.000,0.000,0.000,0.000,0.000,0.000,0.001,-0.189
91.81,0.106,0,0.363,0.558,1,0.000,0.000,0.000,0.000,0.000,0.000,-0.002,-0.197
92.01,0.105,0,0.363,0.558,1,0.000,0.000,0.000,0.000,0.000,0.000,-0.004,-0.198
92.21,0.105,0,0.363,0.557,1,0.000,0.000,0.000,0.000,0.000,0.000,-0.006,-0.194
92.41,0.105,0,0.363,0.557,1,0.000,0.000,0.000,0.000,0.000,0.000,-0.001,-0.192
92.61,0.108,0,0.363,0.557,1,0.000,0.000,0.000,0.000,0.000,0.000,-0.001,-0.192
92.81,0.106,0,0.364,0.558,1,0.000,0.000,0.000,0.000,0.000,0.000,-0.002,-0.202
93.01,0.106,0,0.364,0.558,1,0.000,0.000,0.000,0.000,0.000,0.000,-0.015,-0.173
93.21,0.105,0,0.654,0.562,1,0.000,0.000,0.000,0.000,0.000,0.000,-0.010,-0.198
93.41,0.105,0,0.654,0.562,1,0.000,0.000,0.000,0.000,0.000,0.000,-0.002,-0.201
93.61,0.105,0,0.654,0.562,1,0.000,0.000,0.000,0.000,0.000,0.000,-0.002,-0.201
93.81,0.106,0,0.603,0.562,1,0.000,0.000,0.000,0.000,0.000,0.000,-0.005,-0.203
94.01,0.105,0,0.603,0.562,1,0.000,0.000,0.000,0.000,0.000,0.000,-0.014,-0.203
94.21,0.105,0,0.607,0.564,1,0.000,0.000,0.000,0.000,0.000,0.000,-0.003,-0.203
94.41,0.105,0,0.607,0.564,1,0.000,0.000,0.000,0.000,0.000,0.000,0.000,-0.213
94.61,0.105,0,0.607,0.564,1,0.000,0.000,0.000,0.000,0.000,0.000,0.000,-0.213
94.81,0.106,0,0.636,0.564,1,0.000,0.000,0.000,0.000,0.000,0.000,-0.003,-0.207
95.01,0.105,0,0.636,0.564,1,0.000,0.000,0.000,0.000,0.000,0.000,-0.010,-0.211
95.21,0.106,0,0.725,0.563,1,0.000,0.000,0.000,0.000,0.000,0.000,-0.002,-0.209
95.41,0.106,0,0.725,0.563,1,0.000,0.000,0.000,0.000,0.000,0.000,-0.004,-0.207
95.61,0.105,0,0.725,0.563,1,0.000,0.000,0.000,0.000,0.000,0.000,-0.004,-0.207
95.81,0.105,0,0.720,0.567,1,0.000,0.000,0.000,0.000,0.000,0.000,-0.010,-0.211
96.01,0.106,0,0.720,0.567,1,0.000,0.000,0.000,0.000,0.000,0.000,0.000,-0.200
96.21,0.106,0,0.752,0.562,1,0.000,0.000,0.000,0.000,0.000,0.000,-0.000,-0.204
96.41,0.107,0,0.752,0.562,1,0.000,0.000,0.000,0.000,0.000,0.000,0.000,-0.207
96.61,0.106,0,0.752,0.562,1,0.000,0.000,0.000,0.000,0.000,0.000,0.000,-0.207
96.81,0.106,0,0.622,0.612,1,0.000,0.000,0.000,0.000,0.000,0.000,-0.004,-0.204
97.01,0.105,0,0.622,0.612,1,0.000,0.000,0.000,0.000,0.000,0.000,0.005,-0.192
97.21,0.105,0,0.613,0.610,1,0.000,0.000,0.000,0.000,0.000,0.000,-0.002,-0.185
97.41,0.105,0,0.613,0.610,1,0.000,0.000,0.000,0.000,0.000,0.000,-0.008,-0.199
97.61,0.106,0,0.613,0.610,1,0.000,0.000,0.000,0.000,0.000,0.000,-0.008,-0.199
97.81,0.108,0,0.721,0.608,1,0.000,0.000,0.000,0.000,0.000,0.000,-0.002,-0.191
98.01,0.105,0,0.721,0.608,1,0.000,0.000,0.000,0.000,0.000,0.000,0.004,-0.190
98.21,0.105,0,0.695,0.610,1,0.000,0.000,0.000,0.000,0.000,0.000,0.002,-0.186
98.41,0.107,0,0.695,0.610,1,0.000,0.000,0.000,0.000,0.000,0.000,0.003,-0.193
98.61,0.105,0,0.695,0.610,1,0.000,0.000,0.000,0.000,0.000,0.000,0.003,-0.193
98.81,0.106,0,0.724,0.608,1,0.000,0.000,0.000,0.000,0.000,0.000,0.003,-0.186
99.01,0.106,0,0.724,0.608,1,0.000,0.000,0.000,0.000,0.000,0.000,0.011,-0.184
99.21,0.106,0,0.602,0.608,1,0.000,0.000,0.000,0.000,0.000,0.000,-0.002,-0.190
99.41,0.105,0,0.602,0.608,1,0.000,0.000,0.000,0.000,0.000,0.000,0.008,-0.186
99.61,0.105,0,0.602,0.608,1,0.000,0.000,0.000,0.000,0.000,0.000,0.008,-0.186
99.81,0.105,0,0.715,0.608,1,0.000,0.000,0.000,0.000,0.000,0.000,0.008,-0.184
100.01,0.105,0,0.715,0.608,1,0.000,0.000,0.000,0.000,0.000,0.000,0.000,-0.192
100.21,0.105,0,0.621,0.607,1,0.000,0.000,0.000,0.000,0.000,0.000,0.003,-0.201
100.41,0.108,0,0.621,0.607,1,0.000,0.000,0.000,0.000,0.000,0.000,-0.002,-0.197
100.61,0.105,0,0.621,0.607,1,0.000,0.000,0.000,0.000,0.000,0.000,-0.002,-0.197
100.81,0.105,0,0.694,0.602,1,0.000,0.000,0.000,0.000,0.000,0.000,-0.002,-0.197
101.01,0.105,0,0.694,0.602,1,0.000,0.000,0.000,0.000,0.000,0.000,0.004,-0.193
101.21,0.105,0,0.738,0.601,1,0.000,0.000,0.000,0.000,0.000,0.000,0.003,-0.193
101.41,0.105,0,0.738,0.601,1,0.000,0.000,0.000,0.000,0.000,0.000,-0.001,-0.194
101.61,0.105,0,0.738,0.601,1,0.000,0.000,0.000,0.000,0.000,0.000,-0.001,-0.194
101.81,0.106,0,0.597,0.599,1,0.000,0.000,0.000,0.000,0.000,0.000,-0.002,-0.199
102.01,0.100,0,0.597,0.599,1,0.000,0.000,0.000,0.000,0.000,0.000,0.006,-0.202
102.21,0.100,0,0.648,0.606,1,0.000,0.000,0.000,0.000,0.000,0.000,-0.000,-0.193
102.41,0.106,0,0.648,0.606,1,0.000,0.000,0.000,0.000,0.000,0.000,0.004,-0.192
102.61,0.105,0,0.648,0.606,1,0.000,0.000,0.000,0.000,0.000,0.000,0.004,-0.192
102.81,0.105,0,0.709,0.606,1,0.000,0.000,0.000,0.000,0.000,0.000,0.001,-0.191
103.01,0.105,0,0.709,0.606,1,0.000,0.000,0.000,0.000,0.000,0.000,0.001,-0.185
103.21,0.105,0,0.609,0.606,1,0.000,0.000,0.000,0.000,0.000,0.000,0.001,-0.185
103.41,0.105,0,0.609,0.606,1,0.000,0.000,0.000,0.000,0.000,0.000,0.001,-0.185
103.61,0.107,0,0.609,0.606,1,0.000,0.000,0.000,0.000,0.000,0.000,0.007,-0.175
103.81,0.106,0,0.691,0.604,1,0.000,0.000,0.000,0.000,0.000,0.000,0.006,-0.167
104.01,0.108,0,0.691,0.604,1,0.000,0.000,0.000,0.000,0.000,0.000,-0.002,-0.179
104.21,0.108,0,0.740,0.606,1,0.000,0.000,0.000,0.000,0.000,0.000,0.005,-0.173
104.41,0.105,0,0.740,0.606,1,0.000,0.000,0.000,0.000,0.000,0.000,0.005,-0.173
104.61,0.107,0,0.740,0.606,1,0.000,0.000,0.000,0.000,0.000,0.000,-0.002,-0.180
104.81,0.108,0,0.699,0.609,1,0.000,0.000,0.000,0.000,0.000,0.000,0.002,-0.188
105.01,0.105,0,0.699,0.609,1,0.000,0.000,0.000,0.000,0.000,0.000,-0.001,-0.197
105.21,0.105,0,0.757,0.607,1,0.000,0.000,0.000,0.000,0.000,0.000,0.005,-0.187
105.41,0.105,0,0.757,0.607,1,0.000,0.000,0.000,0.000,0.000,0.000,0.005,-0.187
105.61,0.108,0,0.757,0.607,1,0.000,0.000,0.000,0.000,0.000,0.000,-0.001,-0.185
105.81,0.105,0,0.721,0.609,1,0.000,0.000,0.000,0.000,0.000,0.000,0.005,-0.183
106.01,0.105,0,0.721,0.609,1,0.000,0.000,0.000,0.000,0.000,0.000,0.003,-0.192
106.21,0.105,0,0.623,0.604,1,0.000,0.000,0.000,0.000,0.000,0.000,0.007,-0.189
106.41,0.105,0,0.623,0.604,1,0.000,0.000,0.000,0.000,0.000,0.000,0.007,-0.189
106.61,0.107,0,0.623,0.604,1,0.000,0.000,0.000,0.000,0.000,0.000,-0.005,-0.190
106.81,0.108,0,0.724,0.602,1,0.000,0.000,0.000,0.000,0.000,0.000,-0.002,-0.198
107.01,0.108,0,0.724,0.602,1,0.000,0.000,0.000,0.000,0.000,0.000,-0.002,-0.199
107.21,0.105,0,0.597,0.604,1,0.000,0.000,0.000,0.000,0.000,0.000,-0.004,-0.192
107.41,0.107,0,0.597,0.604,1,0.000,0.000,0.000,0.000,0.000,0.000,-0.004,-0.192
107.61,0.106,0,0.597,0.604,1,0.000,0.000,0.000,0.000,0.000,0.000,0.002,-0.197
107.81,0.105,0,0.644,0.604,1,0.000,0.000,0.000,0.000,0.000,0.000,-0.003,-0.188
108.01,0.105,0,0.644,0.604,1,0.000,0.000,0.000,0.000,0.000,0.000,0.000,-0.188
108.21,0.105,0,0.741,0.608,1,0.000,0.000,0.000,0.000,0.000,0.000,-0.003,-0.183
108.41,0.106,0,0.741,0.608,1,0.000,0.000,0.000,0.000,0.000,0.000,-0.003,-0.183
108.61,0.105,0,0.741,0.608,1,0.000,0.000,0.000,0.000,0.000,0.000,-0.006,-0.187
108.81,0.107,0,0.689,0.609,1,0.000,0.000,0.000,0.000,0.000,0.000,-0.002,-0.187
109.01,0.107,0,0.689,0.609,1,0.000,0.000,0.000,0.000,0.000,0.000,0.002,-0.190
109.21,0.106,0,0.627,0.604,1,0.000,0.000,0.000,0.000,0.000,0.000,-0.005,-0.194
109.41,0.106,0,0.627,0.604,1,0.000,0.000,0.000,0.000,0.000,0.000,-0.005,-0.194
109.61,0.108,0,0.627,0.604,1,0.000,0.000,0.000,0.000,0.000,0.000,-0.001,-0.201
109.81,0.105,0,0.693,0.606,1,0.000,0.000,0.000,0.000,0.000,0.000,0.002,-0.200
110.01,0.105,0,0.693,0.606,1,0.000,0.000,0.000,0.000,0.000,0.000,0.001,-0.206
110.21,0.105,0,0.678,0.604,1,0.000,0.000,0.000,0.000,0.000,0.000,0.006,-0.201
110.41,0.105,0,0.678,0.604,1,0.000,0.000,0.000,0.000,0.000,0.000,0.006,-0.201
110.61,0.105,0,0.678,0.604,1,0.000,0.000,0.000,0.000,0.000,0.000,-0.001,-0.207
110.81,0.105,0,0.723,0.608,1,0.000,0.000,0.000,0.000,0.000,0.000,0.002,-0.206
111.01,0.105,0,0.723,0.608,1,0.000,0.000,0.000,0.000,0.000,0.000,0.001,-0.200
111.21,0.105,0,0.721,0.601,1,0.000,0.000,0.000,0.000,0.000,0.000,0.003,-0.206
111.41,0.105,0,0.721,0.601,1,0.000,0.000,0.000,0.000,0.000,0.000,0.003,-0.206
111.61,0.107,0,0.721,0.601,1,0.000,0.000,0.000,0.000,0.000,0.000,0.000,-0.204
111.81,0.108,0,0.728,0.607,1,0.000,0.000,0.000,0.000,0.000,0.000,-0.001,-0.207
112.01,0.108,0,0.728,0.607,1,0.000,0.000,0.000,0.000,0.000,0.000,-0.005,-0.204
112.21,0.106,0,0.704,0.611,1,0.000,0.000,0.000,0.000,0.000,0.000,0.002,-0.206
112.41,0.105,0,0.704,0.611,1,0.000,0.000,0.000,0.000,0.000,0.000,0.002,-0.206
112.61,0.105,0,0.704,0.611,1,0.000,0.000,0.000,0.000,0.000,0.000,0.004,-0.196
112.81,0.105,0,0.702,0.609,1,0.000,0.000,0.000,0.000,0.000,0.000,0.010,-0.198
113.01,0.105,0,0.702,0.609,1,0.000,0.000,0.000,0.000,0.000,0.000,0.005,-0.215
113.21,0.106,0,0.721,0.608,1,0.000,0.000,0.000,0.000,0.000,0.000,-0.003,-0.204
113.41,0.105,0,0.721,0.608,1,0.000,0.000,0.000,0.000,0.000,0.000,-0.003,-0.204
113.61,0.105,0,0.721,0.608,1,0.000,0.000,0.000,0.000,0.000,0.000,-0.003,-0.204
113.81,0.106,0,0.662,0.612,1,0.000,0.000,0.000,0.000,0.000,0.000,0.006,-0.206
114.01,0.106,0,0.662,0.612,1,0.000,0.000,0.000,0.000,0.000,0.000,-0.003,-0.204
114.21,0.105,0,0.631,0.610,1,0.000,0.000,0.000,0.000,0.000,0.000,-0.003,-0.204
114.41,0.107,0,0.631,0.610,1,0.000,0.000,0.000,0.000,0.000,0.000,-0.001,-0.199
114.61,0.105,0,0.631,0.610,1,0.000,0.000,0.000,0.000,0.000,0.000,-0.002,-0.199
114.81,0.108,0,0.621,0.611,1,0.000,0.000,0.000,0.000,0.000,0.000,-0.002,-0.204
115.01,0.108,0,0.621,0.611,1,0.000,0.000,0.000,0.000,0.000,0.000,0.003,-0.209
115.21,0.105,0,0.688,0.609,1,0.000,0.000,0.000,0.000,0.000,0.000,0.003,-0.209
115.41,0.105,0,0.688,0.609,1,0.000,0.000,0.000,0.000,0.000,0.000,-0.005,-0.209
115.61,0.106,0,0.688,0.609,1,0.000,0.000,0.000,0.000,0.000,0.000,0.005,-0.208
115.81,0.108,0,0.653,0.608,1,0.000,0.000,0.000,0.000,0.000,0.000,0.000,-0.215
116.01,0.108,0,0.653,0.608,1,0.000,0.000,0.000,0.000,0.000,0.000,0.004,-0.214
116.21,0.105,0,0.602,0.609,1,0.000,0.000,0.000,0.000,0.000,0.000,0.004,-0.214
116.41,0.105,0,0.602,0.609,1,0.000,0.000,0.000,0.000,0.000,0.000,0.000,-0.206
116.61,0.106,0,0.602,0.609,1,0.000,0.000,0.000,0.000,0.000,0.000,-0.004,-0.204
116.81,0.105,0,0.722,0.607,1,0.000,0.000,0.000,0.000,0.000,0.000,0.013,-0.206
117.01,0.105,0,0.722,0.607,1,0.000,0.000,0.000,0.000,0.000,0.000,-0.004,-0.205
117.21,0.105,0,0.612,0.614,1,0.000,0.000,0.000,0.000,0.000,0.000,-0.004,-0.205
117.41,0.107,0,0.612,0.614,1,0.000,0.000,0.000,0.000,0.000,0.000,-0.005,-0.216
117.61,0.105,0,0.612,0.614,1,0.000,0.000,0.000,0.000,0.000,0.000,-0.004,-0.204
117.81,0.105,0,0.658,0.610,1,0.000,0.000,0.000,0.000,0.000,0.000,0.005,-0.199
118.01,0.105,0,0.658,0.610,1,0.000,0.000,0.000,0.000,0.000,0.000,0.003,-0.200
118.21,0.106,0,0.746,0.609,1,0.000,0.000,0.000,0.000,0.000,0.000,0.003,-0.200
118.41,0.106,0,0.746,0.609,1,0.000,0.000,0.000,0.000,0.000,0.000,-0.001,-0.207
118.61,0.108,0,0.746,0.609,1,0.000,0.000,0.000,0.000,0.000,0.000,0.007,-0.200
118.81,0.108,0,0.633,0.610,1,0.000,0.000,0.000,0.000,0.000,0.000,0.005,-0.212
119.01,0.105,0,0.633,0.610,1,0.000,0.000,0.000,0.000,0.000,0.000,0.002,-0.209
119.21,0.105,0,0.658,0.613,1,0.000,0.000,0.000,0.000,0.000,0.000,0.002,-0.209
119.41,0.107,0,0.658,0.613,1,0.000,0.000,0.000,0.000,0.000,0.000,0.006,-0.203
119.61,0.106,0,0.658,0.613,1,0.000,0.000,0.000,0.000,0.000,0.000,-0.004,-0.207
119.81,0.106,0,0.759,0.610,1,0.000,0.000,0.000,0.000,0.000,0.000,0.001,-0.202
120.01,0.105,0,0.759,0.610,1,0.000,0.000,0.000,0.000,0.000,0.000,-0.001,-0.208
120.21,0.105,0,0.724,0.612,1,0.000,0.000,0.000,0.000,0.000,0.000,-0.001,-0.208
120.41,0.105,0,0.724,0.612,1,0.000,0.000,0.000,0.000,0.000,0.000,0.009,-0.203
120.61,0.105,0,0.724,0.612,1,0.000,0.000,0.000,0.000,0.000,0.000,0.006,-0.204
120.81,0.105,0,0.715,0.610,1,0.000,0.000,0.000,0.000,0.000,0.000,0.003,-0.204
121.01,0.105,0,0.715,0.610,1,0.000,0.000,0.000,0.000,0.000,0.000,0.012,-0.206
121.21,0.105,0,0.693,0.605,1,0.000,0.000,0.000,0.000,0.000,0.000,0.012,-0.206
121.41,0.105,0,0.693,0.605,1,0.000,0.000,0.000,0.000,0.000,0.000,-0.002,-0.216
121.61,0.108,0,0.693,0.605,1,0.000,0.000,0.000,0.000,0.000,0.000,0.013,-0.201
121.81,0.108,0,0.656,0.609,1,0.000,0.000,0.000,0.000,0.000,0.000,0.004,-0.201
122.01,0.105,0,0.656,0.609,1,0.000,0.000,0.000,0.000,0.000,0.000,0.001,-0.211
122.21,0.105,0,0.588,0.611,1,0.000,0.000,0.000,0.000,0.000,0.000,0.001,-0.211
122.41,0.106,0,0.588,0.611,1,0.000,0.000,0.000,0.000,0.000,0.000,0.005,-0.202
122.61,0.105,0,0.588,0.611,1,0.000,0.000,0.000,0.000,0.000,0.000,0.013,-0.204
122.81,0.105,0,0.592,0.612,1,0.000,0.000,0.000,0.000,0.000,0.000,0.007,-0.208
123.01,0.106,0,0.592,0.612,1,0.000,0.000,0.000,0.000,0.000,0.000,0.007,-0.208
123.21,0.107,0,0.625,0.609,1,0.000,0.000,0.000,0.000,0.000,0.000,0.019,-0.205
123.41,0.105,0,0.625,0.609,1,0.000,0.000,0.000,0.000,0.000,0.000,0.017,-0.213
123.61,0.107,0,0.625,0.609,1,0.000,0.000,0.000,0.000,0.000,0.000,0.009,-0.205
123.81,0.107,0,0.615,0.607,1,0.000,0.000,0.000,0.000,0.000,0.000,0.016,-0.208
124.01,0.107,0,0.615,0.607,1,0.000,0.000,0.000,0.000,0.000,0.000,0.015,-0.213
124.21,0.108,0,0.592,0.609,1,0.000,0.000,0.000,0.000,0.000,0.000,0.015,-0.213
124.41,0.105,0,0.592,0.609,1,0.000,0.000,0.000,0.000,0.000,0.000,0.012,-0.210
124.61,0.105,0,0.592,0.609,1,0.000,0.000,0.000,0.000,0.000,0.000,0.005,-0.206
124.81,0.105,0,0.756,0.607,1,0.000,0.000,0.000,0.000,0.000,0.000,0.013,-0.200
125.01,0.107,0,0.756,0.607,1,0.000,0.000,0.000,0.000,0.000,0.000,0.013,-0.200
125.21,0.105,0,0.615,0.605,1,0.000,0.000,0.000,0.000,0.000,0.000,0.014,-0.206
125.41,0.106,0,0.615,0.605,1,0.000,0.000,0.000,0.000,0.000,0.000,0.008,-0.208
125.61,0.108,0,0.615,0.605,1,0.000,0.000,0.000,0.000,0.000,0.000,0.010,-0.209
125.81,0.108,0,0.734,0.609,1,0.000,0.000,0.000,0.000,0.000,0.000,0.010,-0.207
126.01,0.108,0,0.734,0.609,1,0.000,0.000,0.000,0.000,0.000,0.000,0.010,-0.207
126.21,0.105,0,0.757,0.610,1,0.000,0.000,0.000,0.000,0.000,0.000,0.010,-0.203
126.41,0.106,0,0.757,0.610,1,0.000,0.000,0.000,0.000,0.000,0.000,0.008,-0.204
126.61,0.105,0,0.757,0.610,1,0.000,0.000,0.000,0.000,0.000,0.000,0.014,-0.205
126.81,0.105,0,0.671,0.608,1,0.000,0.000,0.000,0.000,0.000,0.000,0.018,-0.203
127.01,0.105,0,0.671,0.608,1,0.000,0.000,0.000,0.000,0.000,0.000,0.018,-0.203
127.21,0.105,0,0.729,0.613,1,0.000,0.000,0.000,0.000,0.000,0.000,0.016,-0.206
127.41,0.105,0,0.729,0.613,1,0.000,0.000,0.000,0.000,0.000,0.000,0.013,-0.196
127.61,0.105,0,0.729,0.613,1,0.000,0.000,0.000,0.000,0.000,0.000,0.003,-0.206
127.81,0.105,0,0.752,0.610,1,0.000,0.000,0.000,0.000,0.000,0.000,0.008,-0.206
128.01,0.105,0,0.752,0.610,1,0.000,0.000,0.000,0.000,0.000,0.000,0.008,-0.206
128.21,0.105,0,0.604,0.612,1,0.000,0.000,0.000,0.000,0.000,0.000,0.011,-0.191
128.41,0.105,0,0.604,0.612,1,0.000,0.000,0.000,0.000,0.000,0.000,0.006,-0.207
128.61,0.105,0,0.604,0.612,1,0.000,0.000,0.000,0.000,0.000,0.000,0.009,-0.209
128.81,0.107,0,0.674,0.611,1,0.000,0.000,0.000,0.000,0.000,0.000,0.010,-0.209
129.01,0.105,0,0.674,0.611,1,0.000,0.000,0.000,0.000,0.000,0.000,0.010,-0.209
129.21,0.106,0,0.619,0.609,1,0.000,0.000,0.000,0.000,0.000,0.000,0.010,-0.204
129.41,0.105,0,0.619,0.609,1,0.000,0.000,0.000,0.000,0.000,0.000,-0.001,-0.198
129.61,0.105,0,0.619,0.609,1,0.000,0.000,0.000,0.000,0.000,0.000,0.008,-0.199
129.81,0.106,0,0.722,0.604,1,0.000,0.000,0.000,0.000,0.000,0.000,0.009,-0.203
130.01,0.105,0,0.722,0.604,1,0.000,0.000,0.000,0.000,0.000,0.000,0.009,-0.203
130.21,0.105,0,0.610,0.612,1,0.000,0.000,0.000,0.000,0.000,0.000,0.010,-0.202
130.41,0.108,0,0.610,0.612,1,0.000,0.000,0.000,0.000,0.000,0.000,0.012,-0.206
130.61,0.108,0,0.610,0.612,1,0.000,0.000,0.000,0.000,0.000,0.000,0.016,-0.190
130.81,0.106,0,0.618,0.609,1,0.000,0.000,0.000,0.000,0.000,0.000,0.009,-0.201
131.01,0.105,0,0.618,0.609,1,0.000,0.000,0.000,0.000,0.000,0.000,0.009,-0.201
131.21,0.105,0,0.661,0.612,1,0.000,0.000,0.000,0.000,0.000,0.000,0.015,-0.208
131.41,0.107,0,0.661,0.612,1,0.000,0.000,0.000,0.000,0.000,0.000,0.009,-0.219
131.61,0.107,0,0.661,0.612,1,0.000,0.000,0.000,0.000,0.000,0.000,0.016,-0.218
131.81,0.105,0,0.599,0.611,1,0.000,0.000,0.000,0.000,0.000,0.000,0.008,-0.205
132.01,0.107,0,0.599,0.611,1,0.000,0.000,0.000,0.000,0.000,0.000,0.008,-0.205
132.21,0.105,0,0.722,0.609,1,0.000,0.000,0.000,0.000,0.000,0.000,0.002,-0.211
132.41,0.106,0,0.722,0.609,1,0.000,0.000,0.000,0.000,0.000,0.000,0.004,-0.219
132.61,0.106,0,0.722,0.609,1,0.000,0.000,0.000,0.000,0.000,0.000,0.006,-0.221
132.81,0.105,0,0.594,0.608,1,0.000,0.000,0.000,0.000,0.000,0.000,0.006,-0.221
133.01,0.105,0,0.594,0.608,1,0.000,0.000,0.000,0.000,0.000,0.000,0.005,-0.216
133.21,0.105,0,0.757,0.609,1,0.000,0.000,0.000,0.000,0.000,0.000,0.006,-0.207
133.41,0.106,0,0.757,0.609,1,0.000,0.000,0.000,0.000,0.000,0.000,0.006,-0.220
133.61,0.106,0,0.757,0.609,1,0.000,0.000,0.000,0.000,0.000,0.000,0.005,-0.214
133.81,0.105,0,0.731,0.609,1,0.000,0.000,0.000,0.000,0.000,0.000,0.005,-0.214
134.01,0.105,0,0.731,0.609,1,0.000,0.000,0.000,0.000,0.000,0.000,0.013,-0.213
134.21,0.107,0,0.739,0.605,1,0.000,0.000,0.000,0.000,0.000,0.000,0.015,-0.216
134.41,0.105,0,0.739,0.605,1,0.000,0.000,0.000,0.000,0.000,0.000,0.010,-0.218
134.61,0.105,0,0.739,0.605,1,0.000,0.000,0.000,0.000,0.000,0.000,0.004,-0.210
134.81,0.105,0,0.610,0.609,1,0.000,0.000,0.000,0.000,0.000,0.000,0.004,-0.210
135.01,0.105,0,0.610,0.609,1,0.000,0.000,0.000,0.000,0.000,0.000,0.002,-0.216
135.21,0.106,0,0.734,0.609,1,0.000,0.000,0.000,0.000,0.000,0.000,0.003,-0.225
135.41,0.106,0,0.734,0.609,1,0.000,0.000,0.000,0.000,0.000,0.000,0.005,-0.199
135.61,0.106,0,0.734,0.609,1,0.000,0.000,0.000,0.000,0.000,0.000,0.008,-0.194
135.81,0.106,0,0.735,0.590,1,0.000,0.000,0.000,0.000,0.000,0.000,0.008,-0.194
136.01,0.108,0,0.735,0.590,1,0.000,0.000,0.000,0.000,0.000,0.000,0.012,-0.207
136.21,0.108,0,0.621,0.580,1,0.000,0.000,0.000,0.000,0.000,0.000,0.017,-0.218
136.41,0.108,0,0.621,0.580,1,0.000,0.000,0.000,0.000,0.000,0.000,0.003,-0.212
136.61,0.105,0,0.621,0.580,1,0.000,0.000,0.000,0.000,0.000,0.000,0.006,-0.199
136.81,0.105,0,0.730,0.543,1,0.000,0.000,0.000,0.000,0.000,0.000,0.006,-0.199
137.01,0.107,0,0.730,0.543,1,0.000,0.000,0.000,0.000,0.000,0.000,0.006,-0.200
137.21,0.108,0,0.721,0.578,1,0.000,0.000,0.000,0.000,0.000,0.000,0.013,-0.216
137.41,0.108,0,0.721,0.578,1,0.000,0.000,0.000,0.000,0.000,0.000,0.008,-0.195
137.61,0.107,0,0.721,0.578,1,0.000,0.000,0.000,0.000,0.000,0.000,0.019,-0.187
137.81,0.105,0,0.608,0.573,1,0.000,0.000,0.000,0.000,0.000,0.000,0.019,-0.187
138.01,0.105,0,0.608,0.573,1,0.000,0.000,0.000,0.000,0.000,0.000,0.014,-0.199
138.21,0.105,0,0.724,0.543,1,0.000,0.000,0.000,0.000,0.000,0.000,0.009,-0.207
138.41,0.105,0,0.724,0.543,1,0.000,0.000,0.000,0.000,0.000,0.000,0.005,-0.199
138.61,0.105,0,0.724,0.543,1,0.000,0.000,0.000,0.000,0.000,0.000,0.005,-0.205
138.81,0.105,0,0.710,0.852,1,0.000,0.000,0.000,0.000,0.000,0.000,0.005,-0.205
139.01,0.106,0,0.710,0.852,1,0.000,0.000,0.000,0.000,0.000,0.000,0.005,-0.213
139.21,0.107,0,0.718,0.558,1,0.000,0.000,0.000,0.000,0.000,0.000,0.003,-0.215
139.41,0.107,0,0.718,0.558,1,0.000,0.000,0.000,0.000,0.000,0.000,0.004,-0.221
139.61,0.107,0,0.718,0.558,1,0.000,0.000,0.000,0.000,0.000,0.000,0.004,-0.219
139.81,0.107,0,0.723,0.591,1,0.000,0.000,0.000,0.000,0.000,0.000,0.004,-0.219
140.01,0.107,0,0.723,0.591,1,0.000,0.000,0.000,0.000,0.000,0.000,-0.001,-0.216
140.21,0.108,0,0.621,0.588,1,0.000,0.000,0.000,0.000,0.000,0.000,-0.013,-0.219
140.41,0.108,0,0.621,0.588,1,0.000,0.000,0.000,0.000,0.000,0.000,-0.025,-0.200
140.61,0.105,0,0.621,0.588,1,0.000,0.000,0.000,0.000,0.000,0.000,-0.025,-0.200
140.81,0.105,0,0.718,0.633,1,0.000,0.000,0.000,0.000,0.000,0.000,-0.061,-0.175
141.01,0.106,0,0.718,0.633,1,0.000,0.000,0.000,0.000,0.000,0.000,-0.058,-0.189
141.21,0.105,0,0.703,0.616,1,0.000,0.000,0.000,0.000,0.000,0.000,-0.046,-0.214
141.41,0.105,0,0.703,0.616,1,0.000,0.000,0.000,0.000,0.000,0.000,-0.061,-0.205
141.61,0.105,0,0.703,0.616,1,0.000,0.000,0.000,0.000,0.000,0.000,-0.061,-0.205
141.81,0.106,0,0.530,0.629,1,0.000,0.000,0.000,0.000,0.000,0.000,-0.059,-0.223
142.01,0.389,0,0.530,0.629,1,0.000,0.000,0.000,0.000,0.000,0.000,-0.050,-0.238
142.21,0.389,0,0.534,0.634,1,0.000,0.000,0.000,0.000,0.000,0.000,-0.049,-0.247
142.41,0.389,0,0.534,0.634,1,0.000,0.000,0.000,0.000,0.000,0.000,-0.005,-0.307
142.61,0.387,0,0.534,0.634,1,0.000,0.000,0.000,0.000,0.000,0.000,-0.005,-0.307
142.81,0.105,0,0.704,0.660,1,0.000,0.000,0.000,0.000,0.000,0.000,-0.019,-0.259
143.01,0.105,0,0.704,0.660,1,0.000,0.000,0.000,0.000,0.000,0.000,-0.045,-0.253
143.21,0.105,0,0.700,0.595,1,0.000,0.000,0.000,0.000,0.000,0.000,-0.039,-0.247
143.41,0.106,0,0.700,0.595,1,0.000,0.000,0.000,0.000,0.000,0.000,-0.034,-0.258
143.61,0.108,0,0.700,0.595,1,0.000,0.000,0.000,0.000,0.000,0.000,-0.034,-0.258
143.81,0.105,0,0.694,0.620,1,0.000,0.000,0.000,0.000,0.000,0.000,-0.043,-0.246
144.01,0.106,0,0.694,0.620,1,0.000,0.000,0.000,0.000,0.000,0.000,-0.025,-0.253
144.21,0.106,0,0.698,0.628,1,0.000,0.000,0.000,0.000,0.000,0.000,-0.037,-0.255
144.41,0.108,0,0.698,0.628,1,0.000,0.000,0.000,0.000,0.000,0.000,-0.032,-0.251
144.61,0.106,0,0.698,0.628,1,0.000,0.000,0.000,0.000,0.000,0.000,-0.032,-0.251
144.81,0.105,0,0.701,0.670,1,0.000,0.000,0.000,0.000,0.000,0.000,-0.034,-0.252
145.01,0.106,0,0.701,0.670,1,0.000,0.000,0.000,0.000,0.000,0.000,-0.035,-0.248
145.21,0.106,0,0.710,0.678,1,0.000,0.000,0.000,0.000,0.000,0.000,-0.035,-0.246
145.41,0.108,0,0.710,0.678,1,0.000,0.000,0.000,0.000,0.000,0.000,-0.038,-0.252
145.61,0.105,0,0.710,0.678,1,0.000,0.000,0.000,0.000,0.000,0.000,-0.038,-0.252
145.81,0.105,0,0.675,0.515,1,0.000,0.000,0.000,0.000,0.000,0.000,-0.038,-0.252
146.01,0.108,0,0.675,0.515,1,0.000,0.000,0.000,0.000,0.000,0.000,-0.036,-0.252
146.21,0.108,0,0.645,0.507,1,0.000,0.000,0.000,0.000,0.000,0.000,-0.032,-0.256
146.41,0.106,0,0.645,0.507,1,0.000,0.000,0.000,0.000,0.000,0.000,-0.032,-0.256
146.61,0.106,0,0.645,0.507,1,0.000,0.000,0.000,0.000,0.000,0.000,-0.037,-0.261
146.81,0.106,0,0.639,0.518,1,0.000,0.000,0.000,0.000,0.000,0.000,-0.041,-0.247
147.01,0.108,0,0.639,0.518,1,0.000,0.000,0.000,0.000,0.000,0.000,-0.038,-0.261
147.21,0.108,0,0.641,0.575,1,0.000,0.000,0.000,0.000,0.000,0.000,-0.035,-0.250
147.41,0.106,0,0.641,0.575,1,0.000,0.000,0.000,0.000,0.000,0.000,-0.035,-0.250
147.61,0.108,0,0.641,0.575,1,0.000,0.000,0.000,0.000,0.000,0.000,-0.044,-0.257
147.81,0.106,0,0.641,0.582,1,0.000,0.000,0.000,0.000,0.000,0.000,-0.042,-0.257
148.01,0.105,0,0.641,0.582,1,0.000,0.000,0.000,0.000,0.000,0.000,-0.037,-0.252
148.21,0.105,0,0.641,0.580,1,0.000,0.000,0.000,0.000,0.000,0.000,-0.044,-0.255
148.41,0.105,0,0.641,0.580,1,0.000,0.000,0.000,0.000,0.000,0.000,-0.044,-0.255
148.61,0.105,0,0.641,0.580,1,0.000,0.000,0.000,0.000,0.000,0.000,-0.046,-0.254
148.81,0.105,0,0.644,0.583,1,0.000,0.000,0.000,0.000,0.000,0.000,-0.046,-0.266
149.01,0.106,0,0.644,0.583,1,0.000,0.000,0.000,0.000,0.000,0.000,-0.043,-0.256
149.21,0.106,0,0.643,0.523,1,0.000,0.000,0.000,0.000,0.000,0.000,-0.045,-0.242
149.41,0.106,0,0.643,0.523,1,0.000,0.000,0.000,0.000,0.000,0.000,-0.045,-0.242
149.61,0.105,0,0.643,0.523,1,0.000,0.000,0.000,0.000,0.000,0.000,-0.038,-0.244
149.81,0.105,0,0.654,0.509,1,0.000,0.000,0.000,0.000,0.000,0.000,-0.045,-0.259
150.01,0.105,0,0.654,0.509,1,0.000,0.000,0.000,0.000,0.000,0.000,-0.044,-0.257
150.21,0.105,0,0.652,0.503,1,0.000,0.000,0.000,0.000,0.000,0.000,-0.049,-0.255
150.41,0.105,0,0.652,0.503,1,0.000,0.000,0.000,0.000,0.000,0.000,-0.049,-0.255
150.61,0.106,0,0.652,0.503,1,0.000,0.000,0.000,0.000,0.000,0.000,-0.037,-0.246
150.81,0.108,0,0.648,0.503,1,0.000,0.000,0.000,0.000,0.000,0.000,-0.039,-0.250
151.01,0.108,0,0.648,0.503,1,0.000,0.000,0.000,0.000,0.000,0.000,-0.047,-0.256
151.21,0.105,0,0.651,0.500,1,0.000,0.000,0.000,0.000,0.000,0.000,-0.042,-0.251
151.41,0.105,0,0.651,0.500,1,0.000,0.000,0.000,0.000,0.000,0.000,-0.042,-0.251
151.61,0.108,0,0.651,0.500,1,0.000,0.000,0.000,0.000,0.000,0.000,-0.042,-0.251
151.81,0.108,0,0.648,0.501,1,0.000,0.000,0.000,0.000,0.000,0.000,-0.045,-0.259
152.01,0.108,0,0.648,0.501,1,0.000,0.000,0.000,0.000,0.000,0.000,-0.040,-0.254
152.21,0.105,0,0.648,0.501,1,0.000,0.000,0.000,0.000,0.000,0.000,-0.045,-0.258
152.41,0.106,0,0.648,0.501,1,0.000,0.000,0.000,0.000,0.000,0.000,-0.045,-0.258
152.61,0.106,0,0.648,0.501,1,0.000,0.000,0.000,0.000,0.000,0.000,-0.044,-0.264
152.81,0.106,0,0.647,0.495,1,0.000,0.000,0.000,0.000,0.000,0.000,-0.041,-0.252
153.01,0.106,0,0.647,0.495,1,0.000,0.000,0.000,0.000,0.000,0.000,-0.037,-0.242
153.21,0.105,0,0.649,0.560,1,0.000,0.000,0.000,0.000,0.000,0.000,-0.046,-0.244
153.41,0.105,0,0.649,0.560,1,0.000,0.000,0.000,0.000,0.000,0.000,-0.046,-0.244
153.61,0.106,0,0.649,0.560,1,0.000,0.000,0.000,0.000,0.000,0.000,-0.046,-0.252
153.81,0.106,0,0.646,0.552,1,0.000,0.000,0.000,0.000,0.000,0.000,-0.045,-0.252
154.01,0.106,0,0.646,0.552,1,0.000,0.000,0.000,0.000,0.000,0.000,-0.040,-0.249
154.21,0.105,0,0.641,0.554,1,0.000,0.000,0.000,0.000,0.000,0.000,-0.041,-0.246
154.41,0.105,0,0.641,0.554,1,0.000,0.000,0.000,0.000,0.000,0.000,-0.041,-0.246
154.61,0.105,0,0.641,0.554,1,0.000,0.000,0.000,0.000,0.000,0.000,-0.038,-0.256
154.81,0.105,0,0.645,0.556,1,0.000,0.000,0.000,0.000,0.000,0.000,-0.036,-0.236
155.01,0.105,0,0.645,0.556,1,0.000,0.000,0.000,0.000,0.000,0.000,-0.036,-0.249
155.21,0.106,0,0.641,0.553,1,0.000,0.000,0.000,0.000,0.000,0.000,-0.036,-0.249
155.41,0.106,0,0.641,0.553,1,0.000,0.000,0.000,0.000,0.000,0.000,-0.030,-0.238
155.61,0.107,0,0.641,0.553,1,0.000,0.000,0.000,0.000,0.000,0.000,-0.036,-0.239
155.81,0.106,0,0.645,0.563,1,0.000,0.000,0.000,0.000,0.000,0.000,-0.037,-0.245
156.01,0.106,0,0.645,0.563,1,0.000,0.000,0.000,0.000,0.000,0.000,-0.033,-0.247
156.21,0.106,0,0.643,0.564,1,0.000,0.000,0.000,0.000,0.000,0.000,-0.033,-0.247
156.41,0.105,0,0.643,0.564,1,0.000,0.000,0.000,0.000,0.000,0.000,-0.035,-0.248
156.61,0.105,0,0.643,0.564,1,0.000,0.000,0.000,0.000,0.000,0.000,-0.030,-0.239
156.81,0.105,0,0.643,0.563,1,0.000,0.000,0.000,0.000,0.000,0.000,-0.031,-0.233
157.01,0.105,0,0.643,0.563,1,0.000,0.000,0.000,0.000,0.000,0.000,-0.030,-0.246
157.21,0.105,0,0.645,0.564,1,0.000,0.000,0.000,0.000,0.000,0.000,-0.030,-0.246
157.41,0.106,0,0.645,0.564,1,0.000,0.000,0.000,0.000,0.000,0.000,-0.030,-0.239
157.61,0.105,0,0.645,0.564,1,0.000,0.000,0.000,0.000,0.000,0.000,-0.027,-0.240
157.81,0.105,0,0.644,0.566,1,0.000,0.000,0.000,0.000,0.000,0.000,-0.028,-0.229
158.01,0.105,0,0.644,0.566,1,0.000,0.000,0.000,0.000,0.000,0.000,-0.027,-0.235
158.21,0.105,0,0.643,0.565,1,0.000,0.000,0.000,0.000,0.000,0.000,-0.027,-0.235
158.41,0.105,0,0.643,0.565,1,0.000,0.000,0.000,0.000,0.000,0.000,-0.026,-0.238
158.61,0.106,0,0.643,0.565,1,0.000,0.000,0.000,0.000,0.000,0.000,-0.030,-0.229
158.81,0.106,0,0.643,0.564,1,0.000,0.000,0.000,0.000,0.000,0.000,-0.028,-0.234
159.01,0.106,0,0.643,0.564,1,0.000,0.000,0.000,0.000,0.000,0.000,-0.031,-0.244
159.21,0.107,0,0.640,0.559,1,0.000,0.000,0.000,0.000,0.000,0.000,-0.031,-0.244
159.41,0.105,0,0.640,0.559,1,0.000,0.000,0.000,0.000,0.000,0.000,-0.029,-0.241
159.61,0.105,0,0.640,0.559,1,0.000,0.000,0.000,0.000,0.000,0.000,-0.029,-0.235
159.81,0.105,0,0.638,0.557,1,0.000,0.000,0.000,0.000,0.000,0.000,-0.029,-0.233
160.01,0.105,0,0.638,0.557,1,0.000,0.000,0.000,0.000,0.000,0.000,-0.033,-0.241
160.21,0.105,0,0.636,0.564,1,0.000,0.000,0.000,0.000,0.000,0.000,-0.033,-0.241
160.41,0.107,0,0.636,0.564,1,0.000,0.000,0.000,0.000,0.000,0.000,-0.025,-0.241
160.61,0.106,0,0.636,0.564,1,0.000,0.000,0.000,0.000,0.000,0.000,-0.026,-0.232
160.81,0.106,0,0.637,0.557,1,0.000,0.000,0.000,0.000,0.000,0.000,-0.026,-0.236
161.01,0.105,0,0.637,0.557,1,0.000,0.000,0.000,0.000,0.000,0.000,-0.031,-0.236
161.21,0.105,0,0.632,0.559,1,0.000,0.000,0.000,0.000,0.000,0.000,-0.031,-0.236
161.41,0.105,0,0.632,0.559,1,0.000,0.000,0.000,0.000,0.000,0.000,-0.030,-0.239
161.61,0.108,0,0.632,0.559,1,0.000,0.000,0.000,0.000,0.000,0.000,-0.023,-0.231
161.81,0.108,0,0.641,0.551,1,0.000,0.000,0.000,0.000,0.000,0.000,-0.031,-0.230
162.01,0.106,0,0.641,0.551,1,0.000,0.000,0.000,0.000,0.000,0.000,-0.031,-0.230
162.21,0.106,0,0.637,0.553,1,0.000,0.000,0.000,0.000,0.000,0.000,-0.028,-0.231
162.41,0.106,0,0.637,0.553,1,0.000,0.000,0.000,0.000,0.000,0.000,-0.031,-0.235
162.61,0.107,0,0.637,0.553,1,0.000,0.000,0.000,0.000,0.000,0.000,-0.031,-0.238
162.81,0.107,0,0.638,0.566,1,0.000,0.000,0.000,0.000,0.000,0.000,-0.031,-0.244
163.01,0.105,0,0.638,0.566,1,0.000,0.000,0.000,0.000,0.000,0.000,-0.031,-0.244
163.21,0.105,0,0.644,0.587,1,0.000,0.000,0.000,0.000,0.000,0.000,-0.032,-0.244
163.41,0.105,0,0.644,0.587,1,0.000,0.000,0.000,0.000,0.000,0.000,-0.034,-0.232
163.61,0.105,0,0.644,0.587,1,0.000,0.000,0.000,0.000,0.000,0.000,-0.032,-0.236
163.81,0.105,0,0.636,0.585,1,0.000,0.000,0.000,0.000,0.000,0.000,-0.027,-0.242
164.01,0.106,0,0.636,0.585,1,0.000,0.000,0.000,0.000,0.000,0.000,-0.027,-0.242
164.21,0.106,0,0.642,0.590,1,0.000,0.000,0.000,0.000,0.000,0.000,-0.033,-0.235
164.41,0.108,0,0.642,0.590,1,0.000,0.000,0.000,0.000,0.000,0.000,-0.030,-0.243
164.61,0.108,0,0.642,0.590,1,0.000,0.000,0.000,0.000,0.000,0.000,-0.029,-0.238
164.81,0.105,0,0.641,0.585,1,0.000,0.000,0.000,0.000,0.000,0.000,-0.019,-0.230
165.01,0.107,0,0.641,0.585,1,0.000,0.000,0.000,0.000,0.000,0.000,-0.019,-0.230
165.21,0.106,0,0.638,0.559,1,0.000,0.000,0.000,0.000,0.000,0.000,-0.020,-0.233
165.41,0.106,0,0.638,0.559,1,0.000,0.000,0.000,0.000,0.000,0.000,-0.026,-0.230
165.61,0.106,0,0.638,0.559,1,0.000,0.000,0.000,0.000,0.000,0.000,-0.018,-0.247
165.81,0.106,0,0.645,0.511,1,0.000,0.000,0.000,0.000,0.000,0.000,-0.021,-0.240
166.01,0.108,0,0.645,0.511,1,0.000,0.000,0.000,0.000,0.000,0.000,-0.021,-0.240
166.21,0.105,0,0.632,0.529,1,0.000,0.000,0.000,0.000,0.000,0.000,-0.034,-0.240
166.41,0.105,0,0.632,0.529,1,0.000,0.000,0.000,0.000,0.000,0.000,-0.024,-0.253
166.61,0.105,0,0.632,0.529,1,0.000,0.000,0.000,0.000,0.000,0.000,0.081,-0.328
166.81,0.106,0,0.632,0.512,1,0.000,0.000,0.000,0.000,0.000,0.000,0.057,-0.274
167.01,0.106,0,0.632,0.512,1,0.000,0.000,0.000,0.000,0.000,0.000,0.057,-0.274
167.21,0.106,0,0.360,0.525,1,0.000,0.000,0.000,0.000,0.000,0.000,0.053,-0.269
167.41,0.106,0,0.360,0.525,1,0.000,0.000,0.000,0.000,0.000,0.000,0.039,-0.247
167.61,0.106,0,0.360,0.525,1,0.000,0.000,0.000,0.000,0.000,0.000,0.041,-0.241
167.81,0.106,0,0.352,0.369,1,0.000,0.000,0.000,0.000,0.000,0.000,0.048,-0.232
168.01,0.108,0,0.352,0.369,1,0.000,0.000,0.000,0.000,0.000,0.000,0.048,-0.232
168.21,0.105,0,0.345,0.381,1,0.000,0.000,0.000,0.000,0.000,0.000,0.054,-0.204
168.41,0.107,0,0.345,0.381,1,0.000,0.000,0.000,0.000,0.000,0.000,0.042,-0.209
168.61,0.107,0,0.345,0.381,1,0.000,0.000,0.000,0.000,0.000,0.000,0.015,-0.243
168.81,0.343,0,0.355,0.383,1,0.000,0.000,0.000,0.000,0.000,0.000,0.015,-0.243
169.01,0.108,0,0.355,0.383,1,0.000,0.000,0.000,0.000,0.000,0.000,0.025,-0.312
169.21,0.105,0,0.373,0.532,1,0.000,0.000,0.000,0.000,0.000,0.000,0.015,-0.293
169.41,0.105,0,0.373,0.532,1,0.000,0.000,0.000,0.000,0.000,0.000,-0.024,-0.250
169.61,0.105,0,0.373,0.532,1,0.000,0.000,0.000,0.000,0.000,0.000,-0.063,-0.253
169.81,0.106,0,0.630,0.520,1,0.000,0.000,0.000,0.000,0.000,0.000,-0.063,-0.253
170.01,0.105,0,0.630,0.520,1,0.000,0.000,0.000,0.000,0.000,0.000,-0.055,-0.249
170.21,0.108,0,0.621,0.513,1,0.000,0.000,0.000,0.000,0.000,0.000,-0.041,-0.253
170.41,0.108,0,0.621,0.513,1,0.000,0.000,0.000,0.000,0.000,0.000,-0.024,-0.272
170.61,0.105,0,0.621,0.513,1,0.000,0.000,0.000,0.000,0.000,0.000,-0.018,-0.264
170.81,0.105,0,0.625,0.514,1,0.000,0.000,0.000,0.000,0.000,0.000,-0.018,-0.264
171.01,0.106,0,0.625,0.514,1,0.000,0.000,0.000,0.000,0.000,0.000,-0.024,-0.270
171.21,0.106,0,0.625,0.512,1,0.000,0.000,0.000,0.000,0.000,0.000,-0.023,-0.277
171.41,0.106,0,0.625,0.512,1,0.000,0.000,0.000,0.000,0.000,0.000,-0.024,-0.282
171.61,0.106,0,0.625,0.512,1,0.000,0.000,0.000,0.000,0.000,0.000,-0.016,-0.273
171.81,0.106,0,0.628,0.512,1,0.000,0.000,0.000,0.000,0.000,0.000,-0.016,-0.273
172.01,0.106,0,0.628,0.512,1,0.000,0.000,0.000,0.000,0.000,0.000,-0.018,-0.266
172.21,0.107,0,0.626,0.515,1,0.000,0.000,0.000,0.000,0.000,0.000,-0.024,-0.271
172.41,0.107,0,0.626,0.515,1,0.000,0.000,0.000,0.000,0.000,0.000,-0.024,-0.275
172.61,0.105,0,0.626,0.515,1,0.000,0.000,0.000,0.000,0.000,0.000,-0.019,-0.275
172.81,0.105,0,0.626,0.513,1,0.000,0.000,0.000,0.000,0.000,0.000,-0.019,-0.275
173.01,0.105,0,0.626,0.513,1,0.000,0.000,0.000,0.000,0.000,0.000,-0.022,-0.271
173.21,0.105,0,0.627,0.517,1,0.000,0.000,0.000,0.000,0.000,0.000,-0.028,-0.276
173.41,0.105,0,0.627,0.517,1,0.000,0.000,0.000,0.000,0.000,0.000,-0.009,-0.294
173.61,0.106,0,0.627,0.517,1,0.000,0.000,0.000,0.000,0.000,0.000,0.014,-0.310
173.81,0.105,0,0.622,0.516,1,0.000,0.000,0.000,0.000,0.000,0.000,0.014,-0.310
174.01,0.106,0,0.622,0.516,1,0.000,0.000,0.000,0.000,0.000,0.000,0.016,-0.277
174.21,0.107,0,0.620,0.511,1,0.000,0.000,0.000,0.000,0.000,0.000,-0.002,-0.282
174.41,0.107,0,0.620,0.511,1,0.000,0.000,0.000,0.000,0.000,0.000,0.003,-0.296
174.61,0.106,0,0.620,0.511,1,0.000,0.000,0.000,0.000,0.000,0.000,0.003,-0.296
174.81,0.105,0,0.624,0.575,1,0.000,0.000,0.000,0.000,0.000,0.000,0.042,-0.312
175.01,0.105,0,0.624,0.575,1,0.000,0.000,0.000,0.000,0.000,0.000,0.026,-0.284
175.21,0.105,0,0.367,0.372,1,0.000,0.000,0.000,0.000,0.000,0.000,0.030,-0.272
175.41,0.105,0,0.367,0.372,1,0.000,0.000,0.000,0.000,0.000,0.000,0.041,-0.225
175.61,0.105,0,0.367,0.372,1,0.000,0.000,0.000,0.000,0.000,0.000,0.041,-0.225
175.81,0.105,0,0.353,0.379,1,0.000,0.000,0.000,0.000,0.000,0.000,0.045,-0.223
176.01,0.105,0,0.353,0.379,1,0.000,0.000,0.000,0.000,0.000,0.000,0.045,-0.216
176.21,0.336,0,0.348,0.382,1,0.000,0.000,0.000,0.000,0.000,0.000,0.046,-0.214
176.41,0.336,0,0.348,0.382,1,0.000,0.000,0.000,0.000,0.000,0.000,0.047,-0.205
176.61,0.331,0,0.348,0.382,1,0.000,0.000,0.000,0.000,0.000,0.000,0.047,-0.205
176.81,0.107,0,0.348,0.392,1,0.000,0.000,0.000,0.000,0.000,0.000,0.048,-0.185
177.01,0.105,0,0.348,0.392,1,0.000,0.000,0.000,0.000,0.000,0.000,0.043,-0.207
177.21,0.105,0,0.351,0.401,1,0.000,0.000,0.000,0.000,0.000,0.000,0.064,-0.192
177.41,0.105,0,0.351,0.401,1,0.000,0.000,0.000,0.000,0.000,0.000,0.035,-0.178
177.61,0.344,0,0.351,0.401,1,0.000,0.000,0.000,0.000,0.000,0.000,0.035,-0.178
177.81,0.351,0,0.362,0.403,1,0.000,0.000,0.000,0.000,0.000,0.000,0.054,-0.177
178.01,0.356,0,0.362,0.403,1,0.000,0.000,0.000,0.000,0.000,0.000,0.030,-0.163
178.21,0.356,0,0.370,0.350,1,0.000,0.000,0.000,0.000,0.000,0.000,0.039,-0.165
178.41,0.106,0,0.370,0.350,1,0.000,0.000,0.000,0.000,0.000,0.000,0.025,-0.167
178.61,0.107,0,0.370,0.350,1,0.000,0.000,0.000,0.000,0.000,0.000,0.025,-0.167
178.81,0.362,0,0.373,0.346,1,0.000,0.000,0.000,0.000,0.000,0.000,0.024,-0.169
179.01,0.105,0,0.373,0.346,1,0.000,0.000,0.000,0.000,0.000,0.000,0.009,-0.220
179.21,0.105,0,0.368,0.410,1,0.000,0.000,0.000,0.000,0.000,0.000,0.009,-0.231
179.41,0.357,0,0.368,0.410,1,0.000,0.000,0.000,0.000,0.000,0.000,0.009,-0.231
179.61,0.351,0,0.368,0.410,1,0.000,0.000,0.000,0.000,0.000,0.000,-0.023,-0.236
179.81,0.106,0,0.361,0.396,1,0.000,0.000,0.000,0.000,0.000,0.000,0.003,-0.228
180.01,0.108,0,0.361,0.396,1,0.000,0.000,0.000,0.000,0.000,0.000,0.007,-0.224
180.21,0.108,0,0.359,0.377,1,0.000,0.000,0.000,0.000,0.000,0.000,0.018,-0.220
180.41,0.108,0,0.359,0.377,1,0.000,0.000,0.000,0.000,0.000,0.000,0.018,-0.220
180.61,0.108,0,0.359,0.377,1,0.000,0.000,0.000,0.000,0.000,0.000,0.005,-0.217
180.81,0.106,0,0.357,0.778,0,0.000,0.000,0.000,0.000,0.000,0.000,-0.017,-0.219
181.01,0.104,0,0.357,0.778,0,0.000,0.000,0.000,0.000,0.000,0.000,-0.007,-0.227
181.21,0.104,0,0.694,0.588,1,0.000,0.000,0.000,0.000,0.000,0.000,-0.040,-0.222
181.41,0.106,0,0.694,0.588,1,0.000,0.000,0.000,0.000,0.000,0.000,-0.040,-0.222
181.61,0.108,0,0.694,0.588,1,0.000,0.000,0.000,0.000,0.000,0.000,-0.041,-0.240
181.81,0.105,0,0.707,0.578,1,0.000,0.000,0.000,0.000,0.000,0.000,-0.008,-0.254
182.01,0.107,0,0.707,0.578,1,0.000,0.000,0.000,0.000,0.000,0.000,-0.005,-0.262
182.21,0.107,0,0.704,0.580,1,0.000,0.000,0.000,0.000,0.000,0.000,-0.005,-0.247
182.41,0.105,0,0.704,0.580,1,0.000,0.000,0.000,0.000,0.000,0.000,-0.005,-0.247
182.61,0.105,0,0.704,0.580,1,0.000,0.000,0.000,0.000,0.000,0.000,-0.006,-0.257
182.81,0.105,0,0.705,0.589,1,0.000,0.000,0.000,0.000,0.000,0.000,-0.026,-0.211
183.01,0.105,0,0.705,0.589,1,0.000,0.000,0.000,0.000,0.000,0.000,-0.047,-0.211
183.21,0.105,0,0.522,0.468,1,0.000,0.000,0.000,0.000,0.000,0.000,-0.052,-0.229
183.41,0.390,0,0.522,0.468,1,0.000,0.000,0.000,0.000,0.000,0.000,-0.052,-0.229
183.61,0.395,0,0.522,0.468,1,0.000,0.000,0.000,0.000,0.000,0.000,-0.025,-0.263
183.81,0.394,0,0.489,0.472,1,0.000,0.000,0.000,0.000,0.000,0.000,-0.025,-0.255
184.01,0.394,0,0.489,0.472,1,0.000,0.000,0.000,0.000,0.000,0.000,-0.044,-0.225
184.21,0.396,0,0.498,0.474,1,0.000,0.000,0.000,0.000,0.000,0.000,-0.065,-0.235
184.41,0.105,0,0.498,0.474,1,0.000,0.000,0.000,0.000,0.000,0.000,-0.065,-0.235
184.61,0.414,0,0.498,0.474,1,0.000,0.000,0.000,0.000,0.000,0.000,-0.065,-0.230
184.81,0.419,0,0.492,0.484,1,0.000,0.000,0.000,0.000,0.000,0.000,-0.045,-0.258
185.01,0.419,0,0.492,0.484,1,0.000,0.000,0.000,0.000,0.000,0.000,-0.047,-0.252
185.21,0.419,0,0.494,0.439,1,0.000,0.000,0.000,0.000,0.000,0.000,-0.049,-0.252
185.41,0.421,0,0.494,0.439,1,0.000,0.000,0.000,0.000,0.000,0.000,-0.049,-0.252
185.61,0.420,0,0.494,0.439,1,0.000,0.000,0.000,0.000,0.000,0.000,-0.050,-0.258
185.81,0.419,0,0.469,0.353,1,0.000,0.000,0.000,0.000,0.000,0.000,-0.052,-0.255
186.01,0.419,0,0.469,0.353,1,0.000,0.000,0.000,0.000,0.000,0.000,-0.049,-0.253
186.21,0.419,0,0.434,0.326,1,0.000,0.000,0.000,0.000,0.000,0.000,-0.055,-0.261
186.41,0.418,0,0.434,0.326,1,0.000,0.000,0.000,0.000,0.000,0.000,-0.055,-0.261
186.61,0.417,0,0.434,0.326,1,0.000,0.000,0.000,0.000,0.000,0.000,-0.056,-0.237
186.81,0.414,0,0.427,0.334,1,0.000,0.000,0.000,0.000,0.000,0.000,-0.079,-0.228
187.01,0.414,0,0.427,0.334,1,0.000,0.000,0.000,0.000,0.000,0.000,-0.076,-0.246
187.21,0.105,0,0.422,0.386,1,0.000,0.000,0.000,0.000,0.000,0.000,-0.076,-0.246
187.41,0.411,0,0.422,0.386,1,0.000,0.000,0.000,0.000,0.000,0.000,-0.079,-0.261
187.61,0.409,0,0.422,0.386,1,0.000,0.000,0.000,0.000,0.000,0.000,-0.075,-0.240
187.81,0.408,0,0.419,0.412,1,0.000,0.000,0.000,0.000,0.000,0.000,-0.078,-0.242
188.01,0.408,0,0.419,0.412,1,0.000,0.000,0.000,0.000,0.000,0.000,-0.077,-0.249
188.21,0.107,0,0.416,0.424,1,0.000,0.000,0.000,0.000,0.000,0.000,-0.077,-0.249
188.41,0.406,0,0.416,0.424,1,0.000,0.000,0.000,0.000,0.000,0.000,-0.089,-0.250
188.61,0.106,0,0.416,0.424,1,0.000,0.000,0.000,0.000,0.000,0.000,-0.089,-0.257
188.81,0.106,0,0.417,0.407,1,0.000,0.000,0.000,0.000,0.000,0.000,-0.100,-0.263
189.01,0.105,0,0.417,0.407,1,0.000,0.000,0.000,0.000,0.000,0.000,-0.104,-0.265
189.21,0.105,0,0.415,0.401,1,0.000,0.000,0.000,0.000,0.000,0.000,-0.104,-0.265
189.41,0.105,0,0.415,0.401,1,0.000,0.000,0.000,0.000,0.000,0.000,-0.094,-0.264
189.61,0.106,0,0.415,0.401,1,0.000,0.000,0.000,0.000,0.000,0.000,-0.086,-0.264
189.81,0.106,0,0.416,0.408,1,0.000,0.000,0.000,0.000,0.000,0.000,-0.094,-0.263
190.01,0.106,0,0.416,0.408,1,0.000,0.000,0.000,0.000,0.000,0.000,-0.093,-0.265
190.21,0.106,0,0.428,0.412,1,0.000,0.000,0.000,0.000,0.000,0.000,-0.093,-0.265
190.41,0.106,0,0.428,0.412,1,0.000,0.000,0.000,0.000,0.000,0.000,-0.091,-0.265
190.61,0.105,0,0.428,0.412,1,0.000,0.000,0.000,0.000,0.000,0.000,-0.096,-0.262
190.81,0.105,0,0.468,0.418,1,0.000,0.000,0.000,0.000,0.000,0.000,-0.095,-0.271
191.01,0.105,0,0.468,0.418,1,0.000,0.000,0.000,0.000,0.000,0.000,-0.096,-0.260
191.21,0.108,0,0.449,0.422,1,0.000,0.000,0.000,0.000,0.000,0.000,-0.096,-0.260
191.41,0.106,0,0.449,0.422,1,0.000,0.000,0.000,0.000,0.000,0.000,-0.094,-0.268
191.61,0.106,0,0.449,0.422,1,0.000,0.000,0.000,0.000,0.000,0.000,-0.097,-0.270
191.81,0.106,0,0.447,0.422,1,0.000,0.000,0.000,0.000,0.000,0.000,-0.100,-0.267
192.01,0.105,0,0.447,0.422,1,0.000,0.000,0.000,0.000,0.000,0.000,-0.100,-0.267
192.21,0.105,0,0.447,0.425,1,0.000,0.000,0.000,0.000,0.000,0.000,-0.098,-0.267
192.41,0.106,0,0.447,0.425,1,0.000,0.000,0.000,0.000,0.000,0.000,-0.097,-0.274
192.61,0.106,0,0.447,0.425,1,0.000,0.000,0.000,0.000,0.000,0.000,-0.091,-0.267
192.81,0.106,0,0.445,0.424,1,0.000,0.000,0.000,0.000,0.000,0.000,-0.094,-0.263
193.01,0.105,0,0.445,0.424,1,0.000,0.000,0.000,0.000,0.000,0.000,-0.094,-0.263
193.21,0.108,0,0.443,0.423,1,0.000,0.000,0.000,0.000,0.000,0.000,-0.092,-0.269
193.41,0.106,0,0.443,0.423,1,0.000,0.000,0.000,0.000,0.000,0.000,-0.093,-0.268
193.61,0.106,0,0.443,0.423,1,0.000,0.000,0.000,0.000,0.000,0.000,-0.091,-0.262
193.81,0.106,0,0.443,0.424,1,0.000,0.000,0.000,0.000,0.000,0.000,-0.098,-0.257
194.01,0.106,0,0.443,0.424,1,0.000,0.000,0.000,0.000,0.000,0.000,-0.098,-0.257
194.21,0.108,0,0.442,0.422,1,0.000,0.000,0.000,0.000,0.000,0.000,-0.095,-0.263
194.41,0.106,0,0.442,0.422,1,0.000,0.000,0.000,0.000,0.000,0.000,-0.086,-0.269
194.61,0.106,0,0.442,0.422,1,0.000,0.000,0.000,0.000,0.000,0.000,-0.097,-0.261
194.81,0.105,0,0.444,0.422,1,0.000,0.000,0.000,0.000,0.000,0.000,-0.095,-0.268
195.01,0.105,0,0.444,0.422,1,0.000,0.000,0.000,0.000,0.000,0.000,-0.095,-0.268
195.21,0.104,0,0.445,0.422,1,0.000,0.000,0.000,0.000,0.000,0.000,-0.093,-0.267
195.41,0.105,0,0.445,0.422,1,0.000,0.000,0.000,0.000,0.000,0.000,-0.092,-0.259
195.61,0.105,0,0.445,0.422,1,0.000,0.000,0.000,0.000,0.000,0.000,-0.090,-0.263
195.81,0.106,0,0.445,0.423,1,0.000,0.000,0.000,0.000,0.000,0.000,-0.099,-0.262
196.01,0.105,0,0.445,0.423,1,0.000,0.000,0.000,0.000,0.000,0.000,-0.099,-0.262
196.21,0.106,0,0.447,0.423,1,0.000,0.000,0.000,0.000,0.000,0.000,-0.093,-0.260
196.41,0.106,0,0.447,0.423,1,0.000,0.000,0.000,0.000,0.000,0.000,-0.095,-0.264
196.61,0.106,0,0.447,0.423,1,0.000,0.000,0.000,0.000,0.000,0.000,-0.096,-0.265
196.81,0.106,0,0.464,0.423,1,0.000,0.000,0.000,0.000,0.000,0.000,-0.095,-0.265
197.01,0.106,0,0.464,0.423,1,0.000,0.000,0.000,0.000,0.000,0.000,-0.095,-0.265
197.21,0.105,0,0.473,0.424,1,0.000,0.000,0.000,0.000,0.000,0.000,-0.091,-0.265
197.41,0.105,0,0.473,0.424,1,0.000,0.000,0.000,0.000,0.000,0.000,-0.099,-0.259
197.61,0.105,0,0.473,0.424,1,0.000,0.000,0.000,0.000,0.000,0.000,-0.099,-0.266
197.81,0.105,0,0.463,0.428,1,0.000,0.000,0.000,0.000,0.000,0.000,-0.098,-0.264
198.01,0.105,0,0.463,0.428,1,0.000,0.000,0.000,0.000,0.000,0.000,-0.098,-0.264
198.21,0.106,0,0.412,0.431,1,0.000,0.000,0.000,0.000,0.000,0.000,-0.095,-0.266
198.41,0.107,0,0.412,0.431,1,0.000,0.000,0.000,0.000,0.000,0.000,-0.093,-0.255
198.61,0.107,0,0.412,0.431,1,0.000,0.000,0.000,0.000,0.000,0.000,-0.089,-0.264
198.81,0.106,0,0.403,0.438,1,0.000,0.000,0.000,0.000,0.000,0.000,-0.087,-0.258
199.01,0.105,0,0.403,0.438,1,0.000,0.000,0.000,0.000,0.000,0.000,-0.087,-0.258
199.21,0.106,0,0.401,0.437,1,0.000,0.000,0.000,0.000,0.000,0.000,-0.094,-0.247
199.41,0.105,0,0.401,0.437,1,0.000,0.000,0.000,0.000,0.000,0.000,-0.094,-0.253
199.61,0.105,0,0.401,0.437,1,0.000,0.000,0.000,0.000,0.000,0.000,-0.095,-0.258
199.81,0.106,0,0.398,0.438,1,0.000,0.000,0.000,0.000,0.000,0.000,-0.095,-0.258
200.01,0.105,0,0.398,0.438,1,0.000,0.000,0.000,0.000,0.000,0.000,-0.095,-0.264
200.21,0.105,0,0.399,0.439,1,0.000,0.000,0.000,0.000,0.000,0.000,-0.105,-0.267
200.41,0.106,0,0.399,0.439,1,0.000,0.000,0.000,0.000,0.000,0.000,-0.102,-0.266
200.61,0.106,0,0.399,0.439,1,0.000,0.000,0.000,0.000,0.000,0.000,-0.094,-0.261
200.81,0.105,0,0.396,0.437,1,0.000,0.000,0.000,0.000,0.000,0.000,-0.094,-0.261
201.01,0.107,0,0.396,0.437,1,0.000,0.000,0.000,0.000,0.000,0.000,-0.100,-0.264
201.21,0.105,0,0.395,0.435,1,0.000,0.000,0.000,0.000,0.000,0.000,-0.095,-0.264
201.41,0.105,0,0.395,0.435,1,0.000,0.000,0.000,0.000,0.000,0.000,-0.099,-0.258
201.61,0.105,0,0.395,0.435,1,0.000,0.000,0.000,0.000,0.000,0.000,-0.094,-0.265
201.81,0.107,0,0.397,0.434,1,0.000,0.000,0.000,0.000,0.000,0.000,-0.094,-0.265
202.01,0.105,0,0.397,0.434,1,0.000,0.000,0.000,0.000,0.000,0.000,-0.093,-0.262
202.21,0.106,0,0.396,0.435,1,0.000,0.000,0.000,0.000,0.000,0.000,-0.090,-0.267
202.41,0.106,0,0.396,0.435,1,0.000,0.000,0.000,0.000,0.000,0.000,-0.091,-0.264
202.61,0.105,0,0.396,0.435,1,0.000,0.000,0.000,0.000,0.000,0.000,-0.096,-0.272
202.81,0.105,0,0.398,0.434,1,0.000,0.000,0.000,0.000,0.000,0.000,-0.096,-0.272
203.01,0.105,0,0.398,0.434,1,0.000,0.000,0.000,0.000,0.000,0.000,-0.098,-0.257
203.21,0.105,0,0.422,0.431,1,0.000,0.000,0.000,0.000,0.000,0.000,-0.096,-0.265
203.41,0.105,0,0.422,0.431,1,0.000,0.000,0.000,0.000,0.000,0.000,-0.099,-0.266
203.61,0.105,0,0.422,0.431,1,0.000,0.000,0.000,0.000,0.000,0.000,-0.092,-0.253
203.81,0.106,0,0.448,0.426,1,0.000,0.000,0.000,0.000,0.000,0.000,-0.092,-0.253
204.01,0.106,0,0.448,0.426,1,0.000,0.000,0.000,0.000,0.000,0.000,-0.091,-0.254
204.21,0.106,0,0.450,0.430,1,0.000,0.000,0.000,0.000,0.000,0.000,-0.089,-0.266
204.41,0.106,0,0.450,0.430,1,0.000,0.000,0.000,0.000,0.000,0.000,-0.092,-0.267
204.61,0.105,0,0.450,0.430,1,0.000,0.000,0.000,0.000,0.000,0.000,-0.095,-0.266
204.81,0.105,0,0.394,0.434,1,0.000,0.000,0.000,0.000,0.000,0.000,-0.095,-0.266
205.01,0.106,0,0.394,0.434,1,0.000,0.000,0.000,0.000,0.000,0.000,-0.083,-0.263
205.21,0.105,0,0.385,0.441,1,0.000,0.000,0.000,0.000,0.000,0.000,-0.089,-0.263
205.41,0.105,0,0.385,0.441,1,0.000,0.000,0.000,0.000,0.000,0.000,-0.092,-0.264
205.61,0.106,0,0.385,0.441,1,0.000,0.000,0.000,0.000,0.000,0.000,-0.092,-0.264
205.81,0.105,0,0.383,0.435,1,0.000,0.000,0.000,0.000,0.000,0.000,-0.090,-0.253
206.01,0.105,0,0.383,0.435,1,0.000,0.000,0.000,0.000,0.000,0.000,-0.091,-0.260
206.21,0.108,0,0.386,0.432,1,0.000,0.000,0.000,0.000,0.000,0.000,-0.089,-0.255
206.41,0.108,0,0.386,0.432,1,0.000,0.000,0.000,0.000,0.000,0.000,-0.094,-0.263
206.61,0.106,0,0.386,0.432,1,0.000,0.000,0.000,0.000,0.000,0.000,-0.094,-0.263
206.81,0.105,0,0.402,0.431,1,0.000,0.000,0.000,0.000,0.000,0.000,-0.096,-0.259
207.01,0.105,0,0.402,0.431,1,0.000,0.000,0.000,0.000,0.000,0.000,-0.092,-0.261
207.21,0.105,0,0.402,0.429,1,0.000,0.000,0.000,0.000,0.000,0.000,-0.094,-0.260
207.41,0.105,0,0.402,0.429,1,0.000,0.000,0.000,0.000,0.000,0.000,-0.094,-0.264
207.61,0.106,0,0.402,0.429,1,0.000,0.000,0.000,0.000,0.000,0.000,-0.094,-0.264
207.81,0.105,0,0.401,0.430,1,0.000,0.000,0.000,0.000,0.000,0.000,-0.086,-0.260
208.01,0.105,0,0.401,0.430,1,0.000,0.000,0.000,0.000,0.000,0.000,-0.090,-0.258
208.21,0.105,0,0.403,0.430,1,0.000,0.000,0.000,0.000,0.000,0.000,-0.091,-0.259
208.41,0.105,0,0.403,0.430,1,0.000,0.000,0.000,0.000,0.000,0.000,-0.093,-0.260
208.61,0.106,0,0.403,0.430,1,0.000,0.000,0.000,0.000,0.000,0.000,-0.093,-0.260
208.81,0.108,0,0.408,0.428,1,0.000,0.000,0.000,0.000,0.000,0.000,-0.090,-0.260
209.01,0.107,0,0.408,0.428,1,0.000,0.000,0.000,0.000,0.000,0.000,-0.094,-0.262
209.21,0.107,0,0.421,0.430,1,0.000,0.000,0.000,0.000,0.000,0.000,-0.091,-0.260
209.41,0.108,0,0.421,0.430,1,0.000,0.000,0.000,0.000,0.000,0.000,-0.087,-0.253
209.61,0.105,0,0.421,0.430,1,0.000,0.000,0.000,0.000,0.000,0.000,-0.087,-0.253
209.81,0.106,0,0.426,0.427,1,0.000,0.000,0.000,0.000,0.000,0.000,-0.087,-0.257
210.01,0.108,0,0.426,0.427,1,0.000,0.000,0.000,0.000,0.000,0.000,-0.085,-0.252
210.21,0.108,0,0.433,0.428,1,0.000,0.000,0.000,0.000,0.000,0.000,-0.087,-0.255
210.41,0.105,0,0.433,0.428,1,0.000,0.000,0.000,0.000,0.000,0.000,-0.087,-0.246
210.61,0.107,0,0.433,0.428,1,0.000,0.000,0.000,0.000,0.000,0.000,-0.087,-0.246
210.81,0.106,0,0.431,0.431,1,0.000,0.000,0.000,0.000,0.000,0.000,-0.085,-0.255
211.01,0.105,0,0.431,0.431,1,0.000,0.000,0.000,0.000,0.000,0.000,-0.090,-0.261
211.21,0.105,0,0.427,0.430,1,0.000,0.000,0.000,0.000,0.000,0.000,-0.084,-0.247
211.41,0.106,0,0.427,0.430,1,0.000,0.000,0.000,0.000,0.000,0.000,-0.090,-0.259
211.61,0.105,0,0.427,0.430,1,0.000,0.000,0.000,0.000,0.000,0.000,-0.090,-0.259
211.81,0.107,0,0.425,0.429,1,0.000,0.000,0.000,0.000,0.000,0.000,-0.088,-0.250
212.01,0.106,0,0.425,0.429,1,0.000,0.000,0.000,0.000,0.000,0.000,-0.089,-0.258
212.21,0.106,0,0.423,0.429,1,0.000,0.000,0.000,0.000,0.000,0.000,-0.089,-0.253
212.41,0.106,0,0.423,0.429,1,0.000,0.000,0.000,0.000,0.000,0.000,-0.089,-0.253
212.61,0.105,0,0.423,0.429,1,0.000,0.000,0.000,0.000,0.000,0.000,-0.086,-0.253
212.81,0.106,0,0.421,0.431,1,0.000,0.000,0.000,0.000,0.000,0.000,-0.090,-0.261
213.01,0.105,0,0.421,0.431,1,0.000,0.000,0.000,0.000,0.000,0.000,-0.094,-0.259
213.21,0.105,0,0.413,0.435,1,0.000,0.000,0.000,0.000,0.000,0.000,-0.087,-0.251
213.41,0.106,0,0.413,0.435,1,0.000,0.000,0.000,0.000,0.000,0.000,-0.087,-0.251
213.61,0.106,0,0.413,0.435,1,0.000,0.000,0.000,0.000,0.000,0.000,-0.092,-0.253
213.81,0.106,0,0.414,0.436,1,0.000,0.000,0.000,0.000,0.000,0.000,-0.094,-0.254
214.01,0.108,0,0.414,0.436,1,0.000,0.000,0.000,0.000,0.000,0.000,-0.094,-0.256
214.21,0.108,0,0.419,0.436,1,0.000,0.000,0.000,0.000,0.000,0.000,-0.096,-0.253
214.41,0.105,0,0.419,0.436,1,0.000,0.000,0.000,0.000,0.000,0.000,-0.096,-0.253
214.61,0.108,0,0.419,0.436,1,0.000,0.000,0.000,0.000,0.000,0.000,-0.091,-0.254
214.81,0.106,0,0.416,0.440,1,0.000,0.000,0.000,0.000,0.000,0.000,-0.090,-0.256
215.01,0.106,0,0.416,0.440,1,0.000,0.000,0.000,0.000,0.000,0.000,-0.087,-0.251
215.21,0.105,0,0.415,0.434,1,0.000,0.000,0.000,0.000,0.000,0.000,-0.087,-0.254
215.41,0.105,0,0.415,0.434,1,0.000,0.000,0.000,0.000,0.000,0.000,-0.087,-0.254
215.61,0.106,0,0.415,0.434,1,0.000,0.000,0.000,0.000,0.000,0.000,-0.092,-0.254
215.81,0.108,0,0.416,0.435,1,0.000,0.000,0.000,0.000,0.000,0.000,-0.093,-0.263
216.01,0.108,0,0.416,0.435,1,0.000,0.000,0.000,0.000,0.000,0.000,-0.085,-0.258
216.21,0.105,0,0.414,0.435,1,0.000,0.000,0.000,0.000,0.000,0.000,-0.091,-0.255
216.41,0.105,0,0.414,0.435,1,0.000,0.000,0.000,0.000,0.000,0.000,-0.091,-0.255
216.61,0.106,0,0.414,0.435,1,0.000,0.000,0.000,0.000,0.000,0.000,-0.092,-0.257
216.81,0.106,0,0.414,0.434,1,0.000,0.000,0.000,0.000,0.000,0.000,-0.094,-0.262
217.01,0.106,0,0.414,0.434,1,0.000,0.000,0.000,0.000,0.000,0.000,-0.090,-0.256
217.21,0.108,0,0.414,0.433,1,0.000,0.000,0.000,0.000,0.000,0.000,-0.088,-0.253
217.41,0.107,0,0.414,0.433,1,0.000,0.000,0.000,0.000,0.000,0.000,-0.088,-0.253
217.61,0.105,0,0.414,0.433,1,0.000,0.000,0.000,0.000,0.000,0.000,-0.089,-0.262
217.81,0.106,0,0.412,0.431,1,0.000,0.000,0.000,0.000,0.000,0.000,-0.097,-0.258
218.01,0.106,0,0.412,0.431,1,0.000,0.000,0.000,0.000,0.000,0.000,-0.091,-0.260
218.21,0.106,0,0.414,0.431,1,0.000,0.000,0.000,0.000,0.000,0.000,-0.089,-0.256
218.41,0.105,0,0.414,0.431,1,0.000,0.000,0.000,0.000,0.000,0.000,-0.089,-0.256
218.61,0.105,0,0.414,0.431,1,0.000,0.000,0.000,0.000,0.000,0.000,-0.087,-0.257
218.81,0.106,0,0.416,0.431,1,0.000,0.000,0.000,0.000,0.000,0.000,-0.085,-0.254
219.01,0.106,0,0.416,0.431,1,0.000,0.000,0.000,0.000,0.000,0.000,-0.082,-0.259
219.21,0.105,0,0.417,0.431,1,0.000,0.000,0.000,0.000,0.000,0.000,-0.082,-0.259
219.41,0.107,0,0.417,0.431,1,0.000,0.000,0.000,0.000,0.000,0.000,-0.078,-0.262
219.61,0.108,0,0.417,0.431,1,0.000,0.000,0.000,0.000,0.000,0.000,-0.088,-0.262
219.81,0.107,0,0.424,0.438,1,0.000,0.000,0.000,0.000,0.000,0.000,-0.079,-0.261
220.01,0.107,0,0.424,0.438,1,0.000,0.000,0.000,0.000,0.000,0.000,-0.086,-0.272
220.21,0.107,0,0.441,0.427,1,0.000,0.000,0.000,0.000,0.000,0.000,-0.086,-0.272
220.41,0.105,0,0.441,0.427,1,0.000,0.000,0.000,0.000,0.000,0.000,-0.087,-0.265
220.61,0.106,0,0.441,0.427,1,0.000,0.000,0.000,0.000,0.000,0.000,-0.082,-0.243
220.81,0.105,0,0.410,0.420,1,0.000,0.000,0.000,0.000,0.000,0.000,-0.076,-0.248
221.01,0.105,0,0.410,0.420,1,0.000,0.000,0.000,0.000,0.000,0.000,-0.077,-0.249
221.21,0.107,0,0.410,0.418,1,0.000,0.000,0.000,0.000,0.000,0.000,-0.077,-0.249
221.41,0.106,0,0.410,0.418,1,0.000,0.000,0.000,0.000,0.000,0.000,-0.078,-0.240
221.61,0.379,0,0.410,0.418,1,0.000,0.000,0.000,0.000,0.000,0.000,-0.089,-0.216
221.81,0.379,0,0.390,0.393,1,0.000,0.000,0.000,0.000,0.000,0.000,-0.091,-0.260
222.01,0.373,0,0.390,0.393,1,0.000,0.000,0.000,0.000,0.000,0.000,-0.066,-0.323
222.21,0.105,0,0.388,0.412,1,0.000,0.000,0.000,0.000,0.000,0.000,-0.066,-0.323
222.41,0.106,0,0.388,0.412,1,0.000,0.000,0.000,0.000,0.000,0.000,-0.030,-0.382
222.61,0.391,0,0.388,0.412,1,0.000,0.000,0.000,0.000,0.000,0.000,-0.034,-0.363
222.81,0.391,0,0.401,0.337,1,0.000,0.000,0.000,0.000,0.000,0.000,-0.033,-0.356
223.01,0.105,0,0.401,0.337,1,0.000,0.000,0.000,0.000,0.000,0.000,-0.063,-0.292
223.21,0.389,0,0.399,0.336,1,0.000,0.000,0.000,0.000,0.000,0.000,-0.063,-0.292
223.41,0.108,0,0.399,0.336,1,0.000,0.000,0.000,0.000,0.000,0.000,-0.060,-0.285
223.61,0.105,0,0.399,0.336,1,0.000,0.000,0.000,0.000,0.000,0.000,-0.054,-0.298
223.81,0.105,0,0.450,0.471,1,0.000,0.000,0.000,0.000,0.000,0.000,-0.042,-0.293
224.01,0.106,0,0.450,0.471,1,0.000,0.000,0.000,0.000,0.000,0.000,-0.037,-0.296
224.21,0.105,0,0.487,0.506,1,0.000,0.000,0.000,0.000,0.000,0.000,-0.037,-0.296
224.41,0.105,0,0.487,0.506,1,0.000,0.000,0.000,0.000,0.000,0.000,-0.047,-0.291
224.61,0.108,0,0.487,0.506,1,0.000,0.000,0.000,0.000,0.000,0.000,-0.053,-0.297
224.81,0.108,0,0.401,0.443,1,0.000,0.000,0.000,0.000,0.000,0.000,-0.047,-0.301
225.01,0.106,0,0.401,0.443,1,0.000,0.000,0.000,0.000,0.000,0.000,-0.065,-0.298
225.21,0.105,0,0.341,0.432,1,0.000,0.000,0.000,0.000,0.000,0.000,-0.065,-0.298
225.41,0.330,0,0.341,0.432,1,0.000,0.000,0.000,0.000,0.000,0.000,-0.061,-0.304
225.61,0.106,0,0.341,0.432,1,0.000,0.000,0.000,0.000,0.000,0.000,-0.064,-0.299
225.81,0.106,0,0.347,0.456,1,0.000,0.000,0.000,0.000,0.000,0.000,-0.013,-0.371
226.01,0.105,0,0.347,0.456,1,0.000,0.000,0.000,0.000,0.000,0.000,0.000,-0.369
226.21,0.377,0,0.413,0.482,1,0.000,0.000,0.000,0.000,0.000,0.000,0.000,-0.369
226.41,0.403,0,0.413,0.482,1,0.000,0.000,0.000,0.000,0.000,0.000,0.021,-0.352
226.61,0.105,0,0.413,0.482,1,0.000,0.000,0.000,0.000,0.000,0.000,0.042,-0.343
226.81,0.105,0,0.817,0.561,0,0.000,0.000,0.000,0.000,0.000,0.000,0.057,-0.319
227.01,0.105,0,0.817,0.561,0,0.000,0.000,0.000,0.000,0.000,0.000,0.039,-0.294
227.21,0.108,0,0.386,0.568,1,0.000,0.000,0.000,0.000,0.000,0.000,0.039,-0.294
227.41,0.106,0,0.386,0.568,1,0.000,0.000,0.000,0.000,0.000,0.000,0.037,-0.298
227.61,0.106,0,0.386,0.568,1,0.000,0.000,0.000,0.000,0.000,0.000,0.015,-0.272
227.81,0.106,0,0.379,0.401,1,0.000,0.000,0.000,0.000,0.000,0.000,0.029,-0.260
228.01,0.106,0,0.379,0.401,1,0.000,0.000,0.000,0.000,0.000,0.000,0.029,-0.260
228.21,0.105,0,0.378,0.415,1,0.000,0.000,0.000,0.000,0.000,0.000,0.036,-0.240
228.41,0.107,0,0.378,0.415,1,0.000,0.000,0.000,0.000,0.000,0.000,0.038,-0.240
228.61,0.366,0,0.378,0.415,1,0.000,0.000,0.000,0.000,0.000,0.000,0.031,-0.218
228.81,0.366,0,0.377,0.423,1,0.000,0.000,0.000,0.000,0.000,0.000,0.036,-0.232
229.01,0.106,0,0.377,0.423,1,0.000,0.000,0.000,0.000,0.000,0.000,0.036,-0.232
229.21,0.105,0,0.385,0.410,1,0.000,0.000,0.000,0.000,0.000,0.000,0.036,-0.219
229.41,0.377,0,0.385,0.410,1,0.000,0.000,0.000,0.000,0.000,0.000,0.034,-0.201
229.61,0.377,0,0.385,0.410,1,0.000,0.000,0.000,0.000,0.000,0.000,0.037,-0.193
229.81,0.377,0,0.388,0.384,1,0.000,0.000,0.000,0.000,0.000,0.000,0.028,-0.190
230.01,0.380,0,0.388,0.384,1,0.000,0.000,0.000,0.000,0.000,0.000,0.028,-0.190
230.21,0.378,0,0.389,0.363,1,0.000,0.000,0.000,0.000,0.000,0.000,0.030,-0.205
230.41,0.377,0,0.389,0.363,1,0.000,0.000,0.000,0.000,0.000,0.000,0.043,-0.196
230.61,0.377,0,0.389,0.363,1,0.000,0.000,0.000,0.000,0.000,0.000,0.026,-0.174
230.81,0.106,0,0.393,0.341,1,0.000,0.000,0.000,0.000,0.000,0.000,0.026,-0.183
231.01,0.105,0,0.393,0.341,1,0.000,0.000,0.000,0.000,0.000,0.000,0.026,-0.183
231.21,0.381,0,0.393,0.342,1,0.000,0.000,0.000,0.000,0.000,0.000,0.024,-0.178
231.41,0.107,0,0.393,0.342,1,0.000,0.000,0.000,0.000,0.000,0.000,0.005,-0.180
231.61,0.107,0,0.393,0.342,1,0.000,0.000,0.000,0.000,0.000,0.000,0.009,-0.193
231.81,0.378,0,0.389,0.343,1,0.000,0.000,0.000,0.000,0.000,0.000,-0.006,-0.234
232.01,0.105,0,0.389,0.343,1,0.000,0.000,0.000,0.000,0.000,0.000,-0.006,-0.234
232.21,0.106,0,0.390,0.421,1,0.000,0.000,0.000,0.000,0.000,0.000,-0.006,-0.253
232.41,0.376,0,0.390,0.421,1,0.000,0.000,0.000,0.000,0.000,0.000,-0.024,-0.283
232.61,0.376,0,0.390,0.421,1,0.000,0.000,0.000,0.000,0.000,0.000,0.009,-0.267
232.81,0.106,0,0.382,0.426,1,0.000,0.000,0.000,0.000,0.000,0.000,-0.017,-0.280
233.01,0.105,0,0.382,0.426,1,0.000,0.000,0.000,0.000,0.000,0.000,-0.017,-0.280
233.21,0.369,0,0.380,0.414,1,0.000,0.000,0.000,0.000,0.000,0.000,-0.003,-0.297
233.41,0.107,0,0.380,0.414,1,0.000,0.000,0.000,0.000,0.000,0.000,-0.008,-0.252
233.61,0.107,0,0.380,0.414,1,0.000,0.000,0.000,0.000,0.000,0.000,-0.039,-0.301
233.81,0.106,0,0.379,0.403,1,0.000,0.000,0.000,0.000,0.000,0.000,-0.047,-0.286
234.01,0.106,0,0.379,0.403,1,0.000,0.000,0.000,0.000,0.000,0.000,-0.047,-0.286
234.21,0.105,0,0.393,0.416,1,0.000,0.000,0.000,0.000,0.000,0.000,-0.013,-0.276
234.41,0.107,0,0.393,0.416,1,0.000,0.000,0.000,0.000,0.000,0.000,-0.014,-0.262
234.61,0.107,0,0.393,0.416,1,0.000,0.000,0.000,0.000,0.000,0.000,-0.001,-0.259
234.81,0.108,0,0.392,0.448,1,0.000,0.000,0.000,0.000,0.000,0.000,-0.001,-0.259
235.01,0.106,0,0.392,0.448,1,0.000,0.000,0.000,0.000,0.000,0.000,-0.009,-0.260
235.21,0.105,0,0.392,0.482,1,0.000,0.000,0.000,0.000,0.000,0.000,0.003,-0.260
235.41,0.105,0,0.392,0.482,1,0.000,0.000,0.000,0.000,0.000,0.000,0.003,-0.247
235.61,0.105,0,0.392,0.482,1,0.000,0.000,0.000,0.000,0.000,0.000,-0.004,-0.248
235.81,0.105,0,0.391,0.473,1,0.000,0.000,0.000,0.000,0.000,0.000,-0.004,-0.248
236.01,0.108,0,0.391,0.473,1,0.000,0.000,0.000,0.000,0.000,0.000,0.001,-0.252
236.21,0.105,0,0.392,0.385,1,0.000,0.000,0.000,0.000,0.000,0.000,-0.003,-0.259
236.41,0.105,0,0.392,0.385,1,0.000,0.000,0.000,0.000,0.000,0.000,-0.002,-0.258
236.61,0.105,0,0.392,0.385,1,0.000,0.000,0.000,0.000,0.000,0.000,-0.007,-0.253
236.81,0.105,0,0.393,0.460,1,0.000,0.000,0.000,0.000,0.000,0.000,-0.007,-0.253
237.01,0.105,0,0.393,0.460,1,0.000,0.000,0.000,0.000,0.000,0.000,-0.007,-0.255
237.21,0.105,0,0.392,0.509,1,0.000,0.000,0.000,0.000,0.000,0.000,-0.012,-0.244
237.41,0.105,0,0.392,0.509,1,0.000,0.000,0.000,0.000,0.000,0.000,-0.002,-0.243
237.61,0.105,0,0.392,0.509,1,0.000,0.000,0.000,0.000,0.000,0.000,0.003,-0.243
237.81,0.105,0,0.390,0.456,1,0.000,0.000,0.000,0.000,0.000,0.000,0.003,-0.243
238.01,0.108,0,0.390,0.456,1,0.000,0.000,0.000,0.000,0.000,0.000,0.001,-0.252
238.21,0.105,0,0.391,0.441,1,0.000,0.000,0.000,0.000,0.000,0.000,-0.005,-0.251
238.41,0.105,0,0.391,0.441,1,0.000,0.000,0.000,0.000,0.000,0.000,-0.007,-0.255
238.61,0.107,0,0.391,0.441,1,0.000,0.000,0.000,0.000,0.000,0.000,0.001,-0.250
238.81,0.105,0,0.392,0.494,1,0.000,0.000,0.000,0.000,0.000,0.000,0.001,-0.250
239.01,0.105,0,0.392,0.494,1,0.000,0.000,0.000,0.000,0.000,0.000,-0.005,-0.253
239.21,0.105,0,0.392,0.487,1,0.000,0.000,0.000,0.000,0.000,0.000,-0.001,-0.248
239.41,0.105,0,0.392,0.487,1,0.000,0.000,0.000,0.000,0.000,0.000,-0.003,-0.253
239.61,0.105,0,0.392,0.487,1,0.000,0.000,0.000,0.000,0.000,0.000,-0.000,-0.246
239.81,0.105,0,0.392,0.482,1,0.000,0.000,0.000,0.000,0.000,0.000,-0.000,-0.246
240.01,0.104,0,0.392,0.482,1,0.000,0.000,0.000,0.000,0.000,0.000,-0.006,-0.247
240.21,0.105,0,0.391,0.457,1,0.000,0.000,0.000,0.000,0.000,0.000,-0.006,-0.250
240.41,0.105,0,0.391,0.457,1,0.000,0.000,0.000,0.000,0.000,0.000,-0.004,-0.247
240.61,0.105,0,0.391,0.457,1,0.000,0.000,0.000,0.000,0.000,0.000,0.002,-0.253
240.81,0.105,0,0.392,0.409,1,0.000,0.000,0.000,0.000,0.000,0.000,0.002,-0.253
241.01,0.105,0,0.392,0.409,1,0.000,0.000,0.000,0.000,0.000,0.000,-0.002,-0.254
241.21,0.105,0,0.392,0.423,1,0.000,0.000,0.000,0.000,0.000,0.000,-0.006,-0.258
241.41,0.105,0,0.392,0.423,1,0.000,0.000,0.000,0.000,0.000,0.000,-0.007,-0.257
241.61,0.105,0,0.392,0.423,1,0.000,0.000,0.000,0.000,0.000,0.000,-0.007,-0.257
241.81,0.104,0,0.393,0.612,0,0.000,0.000,0.000,0.000,0.000,0.000,-0.008,-0.251
242.01,0.105,0,0.393,0.612,0,0.000,0.000,0.000,0.000,0.000,0.000,-0.007,-0.240
242.21,0.106,0,0.392,0.602,0,0.000,0.000,0.000,0.000,0.000,0.000,-0.005,-0.244
242.41,0.106,0,0.392,0.602,0,0.000,0.000,0.000,0.000,0.000,0.000,-0.006,-0.239
242.61,0.105,0,0.392,0.602,0,0.000,0.000,0.000,0.000,0.000,0.000,-0.006,-0.239
242.81,0.105,0,0.392,0.603,0,0.000,0.000,0.000,0.000,0.000,0.000,-0.006,-0.236
243.01,0.105,0,0.392,0.603,0,0.000,0.000,0.000,0.000,0.000,0.000,-0.005,-0.240
243.21,0.106,0,0.393,0.608,0,0.000,0.000,0.000,0.000,0.000,0.000,-0.006,-0.233
243.41,0.106,0,0.393,0.608,0,0.000,0.000,0.000,0.000,0.000,0.000,-0.001,-0.242
243.61,0.105,0,0.393,0.608,0,0.000,0.000,0.000,0.000,0.000,0.000,-0.001,-0.242
243.81,0.107,0,0.391,0.613,0,0.000,0.000,0.000,0.000,0.000,0.000,-0.005,-0.240
244.01,0.105,0,0.391,0.613,0,0.000,0.000,0.000,0.000,0.000,0.000,-0.004,-0.235
244.21,0.107,0,0.389,0.602,0,0.000,0.000,0.000,0.000,0.000,0.000,0.000,-0.239
244.41,0.107,0,0.389,0.602,0,0.000,0.000,0.000,0.000,0.000,0.000,-0.008,-0.248
244.61,0.105,0,0.389,0.602,0,0.000,0.000,0.000,0.000,0.000,0.000,-0.008,-0.248
244.81,0.105,0,0.391,0.612,0,0.000,0.000,0.000,0.000,0.000,0.000,-0.005,-0.233
245.01,0.105,0,0.391,0.612,0,0.000,0.000,0.000,0.000,0.000,0.000,-0.011,-0.242
245.21,0.105,0,0.390,0.602,0,0.000,0.000,0.000,0.000,0.000,0.000,-0.004,-0.239
245.41,0.108,0,0.390,0.602,0,0.000,0.000,0.000,0.000,0.000,0.000,-0.012,-0.237
245.61,0.106,0,0.390,0.602,0,0.000,0.000,0.000,0.000,0.000,0.000,-0.012,-0.237
245.81,0.105,0,0.393,0.615,0,0.000,0.000,0.000,0.000,0.000,0.000,-0.008,-0.239
246.01,0.105,0,0.393,0.615,0,0.000,0.000,0.000,0.000,0.000,0.000,-0.008,-0.240
246.21,0.105,0,0.392,0.601,0,0.000,0.000,0.000,0.000,0.000,0.000,-0.002,-0.239
246.41,0.107,0,0.392,0.601,0,0.000,0.000,0.000,0.000,0.000,0.000,-0.003,-0.233
246.61,0.105,0,0.392,0.601,0,0.000,0.000,0.000,0.000,0.000,0.000,-0.003,-0.233
246.81,0.105,0,0.389,0.614,0,0.000,0.000,0.000,0.000,0.000,0.000,0.001,-0.231
247.01,0.106,0,0.389,0.614,0,0.000,0.000,0.000,0.000,0.000,0.000,-0.009,-0.238
247.21,0.106,0,0.391,0.618,0,0.000,0.000,0.000,0.000,0.000,0.000,-0.007,-0.248
247.41,0.105,0,0.391,0.618,0,0.000,0.000,0.000,0.000,0.000,0.000,-0.004,-0.240
247.61,0.105,0,0.391,0.618,0,0.000,0.000,0.000,0.000,0.000,0.000,-0.004,-0.240
247.81,0.105,0,0.392,0.613,0,0.000,0.000,0.000,0.000,0.000,0.000,-0.000,-0.239
248.01,0.106,0,0.392,0.613,0,0.000,0.000,0.000,0.000,0.000,0.000,0.002,-0.242
248.21,0.106,0,0.392,0.618,0,0.000,0.000,0.000,0.000,0.000,0.000,-0.010,-0.248
248.41,0.104,0,0.392,0.618,0,0.000,0.000,0.000,0.000,0.000,0.000,-0.006,-0.243
248.61,0.108,0,0.392,0.618,0,0.000,0.000,0.000,0.000,0.000,0.000,-0.006,-0.243
248.81,0.105,0,0.392,0.602,0,0.000,0.000,0.000,0.000,0.000,0.000,-0.008,-0.248
249.01,0.105,0,0.392,0.602,0,0.000,0.000,0.000,0.000,0.000,0.000,-0.005,-0.253
249.21,0.105,0,0.389,0.603,0,0.000,0.000,0.000,0.000,0.000,0.000,-0.007,-0.238
249.41,0.106,0,0.389,0.603,0,0.000,0.000,0.000,0.000,0.000,0.000,-0.007,-0.238
249.61,0.105,0,0.389,0.603,0,0.000,0.000,0.000,0.000,0.000,0.000,-0.004,-0.251
249.81,0.106,0,0.394,0.601,0,0.000,0.000,0.000,0.000,0.000,0.000,-0.002,-0.245
250.01,0.104,0,0.394,0.601,0,0.000,0.000,0.000,0.000,0.000,0.000,0.000,-0.247
250.21,0.104,0,0.391,0.615,0,0.000,0.000,0.000,0.000,0.000,0.000,-0.004,-0.254
250.41,0.105,0,0.391,0.615,0,0.000,0.000,0.000,0.000,0.000,0.000,-0.004,-0.254
250.61,0.108,0,0.391,0.615,0,0.000,0.000,0.000,0.000,0.000,0.000,-0.010,-0.251
250.81,0.105,0,0.391,0.613,0,0.000,0.000,0.000,0.000,0.000,0.000,-0.002,-0.257
251.01,0.105,0,0.391,0.613,0,0.000,0.000,0.000,0.000,0.000,0.000,-0.007,-0.241
251.21,0.105,0,0.392,0.614,0,0.000,0.000,0.000,0.000,0.000,0.000,-0.004,-0.259
251.41,0.106,0,0.392,0.614,0,0.000,0.000,0.000,0.000,0.000,0.000,-0.004,-0.259
251.61,0.106,0,0.392,0.614,0,0.000,0.000,0.000,0.000,0.000,0.000,-0.001,-0.252
251.81,0.107,0,0.392,0.611,0,0.000,0.000,0.000,0.000,0.000,0.000,-0.011,-0.251
252.01,0.107,0,0.392,0.611,0,0.000,0.000,0.000,0.000,0.000,0.000,-0.008,-0.248
252.21,0.105,0,0.393,0.611,0,0.000,0.000,0.000,0.000,0.000,0.000,-0.008,-0.251
252.41,0.105,0,0.393,0.611,0,0.000,0.000,0.000,0.000,0.000,0.000,-0.008,-0.251
252.61,0.106,0,0.393,0.611,0,0.000,0.000,0.000,0.000,0.000,0.000,-0.009,-0.255
252.81,0.105,0,0.391,0.602,0,0.000,0.000,0.000,0.000,0.000,0.000,-0.007,-0.251
253.01,0.105,0,0.391,0.602,0,0.000,0.000,0.000,0.000,0.000,0.000,-0.010,-0.257
253.21,0.105,0,0.391,0.604,0,0.000,0.000,0.000,0.000,0.000,0.000,-0.013,-0.261
253.41,0.108,0,0.391,0.604,0,0.000,0.000,0.000,0.000,0.000,0.000,-0.013,-0.261
253.61,0.105,0,0.391,0.604,0,0.000,0.000,0.000,0.000,0.000,0.000,-0.007,-0.254
253.81,0.105,0,0.390,0.603,0,0.000,0.000,0.000,0.000,0.000,0.000,-0.014,-0.255
254.01,0.105,0,0.390,0.603,0,0.000,0.000,0.000,0.000,0.000,0.000,-0.011,-0.255
254.21,0.105,0,0.393,0.609,0,0.000,0.000,0.000,0.000,0.000,0.000,-0.006,-0.250
254.41,0.105,0,0.393,0.609,0,0.000,0.000,0.000,0.000,0.000,0.000,-0.006,-0.250
254.61,0.105,0,0.393,0.609,0,0.000,0.000,0.000,0.000,0.000,0.000,-0.008,-0.251
254.81,0.105,0,0.392,0.602,0,0.000,0.000,0.000,0.000,0.000,0.000,-0.010,-0.249
255.01,0.105,0,0.392,0.602,0,0.000,0.000,0.000,0.000,0.000,0.000,-0.008,-0.250
255.21,0.105,0,0.390,0.603,0,0.000,0.000,0.000,0.000,0.000,0.000,-0.008,-0.250
255.41,0.105,0,0.390,0.603,0,0.000,0.000,0.000,0.000,0.000,0.000,-0.003,-0.243
255.61,0.108,0,0.390,0.603,0,0.000,0.000,0.000,0.000,0.000,0.000,-0.007,-0.239
255.81,0.106,0,0.392,0.616,0,0.000,0.000,0.000,0.000,0.000,0.000,-0.008,-0.249
256.01,0.106,0,0.392,0.616,0,0.000,0.000,0.000,0.000,0.000,0.000,-0.014,-0.252
256.21,0.105,0,0.391,0.602,0,0.000,0.000,0.000,0.000,0.000,0.000,-0.014,-0.252
256.41,0.105,0,0.391,0.602,0,0.000,0.000,0.000,0.000,0.000,0.000,-0.008,-0.259
256.61,0.106,0,0.391,0.602,0,0.000,0.000,0.000,0.000,0.000,0.000,-0.011,-0.256
256.81,0.106,0,0.392,0.620,0,0.000,0.000,0.000,0.000,0.000,0.000,-0.012,-0.251
257.01,0.105,0,0.392,0.620,0,0.000,0.000,0.000,0.000,0.000,0.000,-0.002,-0.248
257.21,0.105,0,0.392,0.611,0,0.000,0.000,0.000,0.000,0.000,0.000,-0.002,-0.248
257.41,0.105,0,0.392,0.611,0,0.000,0.000,0.000,0.000,0.000,0.000,-0.012,-0.258
257.61,0.105,0,0.392,0.611,0,0.000,0.000,0.000,0.000,0.000,0.000,-0.007,-0.249
257.81,0.105,0,0.392,0.616,0,0.000,0.000,0.000,0.000,0.000,0.000,-0.009,-0.254
258.01,0.105,0,0.392,0.616,0,0.000,0.000,0.000,0.000,0.000,0.000,-0.006,-0.253
258.21,0.105,0,0.391,0.611,0,0.000,0.000,0.000,0.000,0.000,0.000,-0.006,-0.253
258.41,0.108,0,0.391,0.611,0,0.000,0.000,0.000,0.000,0.000,0.000,-0.005,-0.251
258.61,0.105,0,0.391,0.611,0,0.000,0.000,0.000,0.000,0.000,0.000,-0.006,-0.247
258.81,0.105,0,0.390,0.602,0,0.000,0.000,0.000,0.000,0.000,0.000,-0.010,-0.244
259.01,0.106,0,0.390,0.602,0,0.000,0.000,0.000,0.000,0.000,0.000,-0.008,-0.248
259.21,0.105,0,0.393,0.612,0,0.000,0.000,0.000,0.000,0.000,0.000,-0.008,-0.248
259.41,0.105,0,0.393,0.612,0,0.000,0.000,0.000,0.000,0.000,0.000,-0.006,-0.249
259.61,0.105,0,0.393,0.612,0,0.000,0.000,0.000,0.000,0.000,0.000,-0.005,-0.246
259.81,0.105,0,0.392,0.602,0,0.000,0.000,0.000,0.000,0.000,0.000,-0.005,-0.244
260.01,0.108,0,0.392,0.602,0,0.000,0.000,0.000,0.000,0.000,0.000,-0.005,-0.244
260.21,0.105,0,0.392,0.615,0,0.000,0.000,0.000,0.000,0.000,0.000,-0.002,-0.246
260.41,0.108,0,0.392,0.615,0,0.000,0.000,0.000,0.000,0.000,0.000,0.003,-0.236
260.61,0.105,0,0.392,0.615,0,0.000,0.000,0.000,0.000,0.000,0.000,0.003,-0.237
260.81,0.105,0,0.393,0.603,0,0.000,0.000,0.000,0.000,0.000,0.000,-0.004,-0.240
261.01,0.106,0,0.393,0.603,0,0.000,0.000,0.000,0.000,0.000,0.000,-0.004,-0.240
261.21,0.107,0,0.393,0.615,0,0.000,0.000,0.000,0.000,0.000,0.000,-0.004,-0.238
261.41,0.106,0,0.393,0.615,0,0.000,0.000,0.000,0.000,0.000,0.000,0.001,-0.237
261.61,0.106,0,0.393,0.615,0,0.000,0.000,0.000,0.000,0.000,0.000,-0.004,-0.241
261.81,0.106,0,0.392,0.612,0,0.000,0.000,0.000,0.000,0.000,0.000,0.004,-0.245
262.01,0.105,0,0.392,0.612,0,0.000,0.000,0.000,0.000,0.000,0.000,0.004,-0.245
262.21,0.108,0,0.392,0.611,0,0.000,0.000,0.000,0.000,0.000,0.000,0.001,-0.235
262.41,0.107,0,0.392,0.611,0,0.000,0.000,0.000,0.000,0.000,0.000,0.002,-0.232
262.61,0.107,0,0.392,0.611,0,0.000,0.000,0.000,0.000,0.000,0.000,-0.005,-0.248
262.81,0.106,0,0.392,0.601,0,0.000,0.000,0.000,0.000,0.000,0.000,-0.005,-0.246
263.01,0.105,0,0.392,0.601,0,0.000,0.000,0.000,0.000,0.000,0.000,-0.005,-0.246
263.21,0.105,0,0.393,0.616,0,0.000,0.000,0.000,0.000,0.000,0.000,-0.006,-0.247
263.41,0.104,0,0.393,0.616,0,0.000,0.000,0.000,0.000,0.000,0.000,-0.008,-0.248
263.61,0.104,0,0.393,0.616,0,0.000,0.000,0.000,0.000,0.000,0.000,-0.004,-0.246
263.81,0.105,0,0.390,0.617,0,0.000,0.000,0.000,0.000,0.000,0.000,-0.005,-0.249
264.01,0.107,0,0.390,0.617,0,0.000,0.000,0.000,0.000,0.000,0.000,-0.005,-0.249
264.21,0.106,0,0.390,0.613,0,0.000,0.000,0.000,0.000,0.000,0.000,0.000,-0.245
264.41,0.105,0,0.390,0.613,0,0.000,0.000,0.000,0.000,0.000,0.000,-0.002,-0.245
264.61,0.105,0,0.390,0.613,0,0.000,0.000,0.000,0.000,0.000,0.000,-0.003,-0.245
264.81,0.105,0,0.392,0.606,0,0.000,0.000,0.000,0.000,0.000,0.000,0.002,-0.242
265.01,0.108,0,0.392,0.606,0,0.000,0.000,0.000,0.000,0.000,0.000,0.002,-0.242
265.21,0.108,0,0.392,0.614,0,0.000,0.000,0.000,0.000,0.000,0.000,-0.003,-0.244
265.41,0.108,0,0.392,0.614,0,0.000,0.000,0.000,0.000,0.000,0.000,0.002,-0.244
265.61,0.108,0,0.392,0.614,0,0.000,0.000,0.000,0.000,0.000,0.000,-0.001,-0.240
265.81,0.105,0,0.392,0.612,0,0.000,0.000,0.000,0.000,0.000,0.000,-0.001,-0.243
266.01,0.105,0,0.392,0.612,0,0.000,0.000,0.000,0.000,0.000,0.000,-0.001,-0.243
266.21,0.106,0,0.393,0.611,0,0.000,0.000,0.000,0.000,0.000,0.000,-0.002,-0.249
266.41,0.108,0,0.393,0.611,0,0.000,0.000,0.000,0.000,0.000,0.000,0.001,-0.244
266.61,0.108,0,0.393,0.611,0,0.000,0.000,0.000,0.000,0.000,0.000,-0.007,-0.250
266.81,0.105,0,0.392,0.602,0,0.000,0.000,0.000,0.000,0.000,0.000,-0.002,-0.255
267.01,0.106,0,0.392,0.602,0,0.000,0.000,0.000,0.000,0.000,0.000,-0.002,-0.255
267.21,0.105,0,0.392,0.605,0,0.000,0.000,0.000,0.000,0.000,0.000,0.007,-0.245
267.41,0.108,0,0.392,0.605,0,0.000,0.000,0.000,0.000,0.000,0.000,0.004,-0.247
267.61,0.108,0,0.392,0.605,0,0.000,0.000,0.000,0.000,0.000,0.000,0.002,-0.238
267.81,0.107,0,0.393,0.620,0,0.000,0.000,0.000,0.000,0.000,0.000,0.002,-0.238
268.01,0.107,0,0.393,0.620,0,0.000,0.000,0.000,0.000,0.000,0.000,0.007,-0.236
268.21,0.105,0,0.392,0.602,0,0.000,0.000,0.000,0.000,0.000,0.000,0.011,-0.235
268.41,0.105,0,0.392,0.602,0,0.000,0.000,0.000,0.000,0.000,0.000,0.011,-0.230
268.61,0.105,0,0.392,0.602,0,0.000,0.000,0.000,0.000,0.000,0.000,0.003,-0.235
268.81,0.107,0,0.390,0.613,0,0.000,0.000,0.000,0.000,0.000,0.000,0.003,-0.235
269.01,0.105,0,0.390,0.613,0,0.000,0.000,0.000,0.000,0.000,0.000,0.001,-0.233
269.21,0.108,0,0.393,0.606,0,0.000,0.000,0.000,0.000,0.000,0.000,0.020,-0.226
269.41,0.108,0,0.393,0.606,0,0.000,0.000,0.000,0.000,0.000,0.000,0.010,-0.237
269.61,0.107,0,0.393,0.606,0,0.000,0.000,0.000,0.000,0.000,0.000,0.010,-0.245
269.81,0.105,0,0.389,0.612,0,0.000,0.000,0.000,0.000,0.000,0.000,0.010,-0.245
270.01,0.105,0,0.389,0.612,0,0.000,0.000,0.000,0.000,0.000,0.000,0.011,-0.235
270.21,0.105,0,0.393,0.602,0,0.000,0.000,0.000,0.000,0.000,0.000,0.011,-0.235
270.41,0.105,0,0.393,0.602,0,0.000,0.000,0.000,0.000,0.000,0.000,0.012,-0.234
270.61,0.105,0,0.393,0.602,0,0.000,0.000,0.000,0.000,0.000,0.000,0.017,-0.222
270.81,0.105,0,0.390,0.619,0,0.000,0.000,0.000,0.000,0.000,0.000,0.017,-0.222
271.01,0.105,0,0.390,0.619,0,0.000,0.000,0.000,0.000,0.000,0.000,0.022,-0.225
271.21,0.105,0,0.392,0.610,0,0.000,0.000,0.000,0.000,0.000,0.000,0.002,-0.232
271.41,0.105,0,0.392,0.610,0,0.000,0.000,0.000,0.000,0.000,0.000,0.003,-0.240
271.61,0.106,0,0.392,0.610,0,0.000,0.000,0.000,0.000,0.000,0.000,0.007,-0.236
271.81,0.105,0,0.391,0.618,0,0.000,0.000,0.000,0.000,0.000,0.000,0.007,-0.236
272.01,0.106,0,0.391,0.618,0,0.000,0.000,0.000,0.000,0.000,0.000,0.004,-0.244
272.21,0.105,0,0.390,0.623,0,0.000,0.000,0.000,0.000,0.000,0.000,-0.001,-0.252
272.41,0.105,0,0.390,0.623,0,0.000,0.000,0.000,0.000,0.000,0.000,0.003,-0.247
272.61,0.108,0,0.390,0.623,0,0.000,0.000,0.000,0.000,0.000,0.000,0.014,-0.245
272.81,0.106,0,0.389,0.621,0,0.000,0.000,0.000,0.000,0.000,0.000,0.014,-0.245
273.01,0.105,0,0.389,0.621,0,0.000,0.000,0.000,0.000,0.000,0.000,0.014,-0.223
273.21,0.105,0,0.389,0.619,0,0.000,0.000,0.000,0.000,0.000,0.000,0.002,-0.239
273.41,0.105,0,0.389,0.619,0,0.000,0.000,0.000,0.000,0.000,0.000,0.010,-0.233
273.61,0.106,0,0.389,0.619,0,0.000,0.000,0.000,0.000,0.000,0.000,0.010,-0.233
273.81,0.106,0,0.392,0.620,0,0.000,0.000,0.000,0.000,0.000,0.000,0.002,-0.229
274.01,0.105,0,0.392,0.620,0,0.000,0.000,0.000,0.000,0.000,0.000,0.002,-0.229
274.21,0.105,0,0.390,0.620,0,0.000,0.000,0.000,0.000,0.000,0.000,0.000,-0.226
274.41,0.105,0,0.390,0.620,0,0.000,0.000,0.000,0.000,0.000,0.000,-0.003,-0.223
274.61,0.108,0,0.390,0.620,0,0.000,0.000,0.000,0.000,0.000,0.000,-0.003,-0.223
274.81,0.105,0,0.392,0.620,0,0.000,0.000,0.000,0.000,0.000,0.000,-0.001,-0.228
275.01,0.105,0,0.392,0.620,0,0.000,0.000,0.000,0.000,0.000,0.000,-0.004,-0.232
275.21,0.105,0,0.392,0.620,0,0.000,0.000,0.000,0.000,0.000,0.000,0.001,-0.222
275.41,0.105,0,0.392,0.620,0,0.000,0.000,0.000,0.000,0.000,0.000,-0.002,-0.221
275.61,0.107,0,0.392,0.620,0,0.000,0.000,0.000,0.000,0.000,0.000,-0.002,-0.221
275.81,0.105,0,0.392,0.621,0,0.000,0.000,0.000,0.000,0.000,0.000,0.000,-0.221
276.01,0.105,0,0.392,0.621,0,0.000,0.000,0.000,0.000,0.000,0.000,-0.007,-0.227
276.21,0.105,0,0.391,0.616,0,0.000,0.000,0.000,0.000,0.000,0.000,0.002,-0.212
276.41,0.105,0,0.391,0.616,0,0.000,0.000,0.000,0.000,0.000,0.000,-0.000,-0.229
276.61,0.106,0,0.391,0.616,0,0.000,0.000,0.000,0.000,0.000,0.000,-0.000,-0.229
276.81,0.105,0,0.393,0.616,0,0.000,0.000,0.000,0.000,0.000,0.000,0.005,-0.233
277.01,0.105,0,0.393,0.616,0,0.000,0.000,0.000,0.000,0.000,0.000,0.005,-0.227
277.21,0.105,0,0.391,0.619,0,0.000,0.000,0.000,0.000,0.000,0.000,0.002,-0.221
277.41,0.106,0,0.391,0.619,0,0.000,0.000,0.000,0.000,0.000,0.000,0.010,-0.223
277.61,0.105,0,0.391,0.619,0,0.000,0.000,0.000,0.000,0.000,0.000,0.010,-0.223
277.81,0.106,0,0.391,0.616,0,0.000,0.000,0.000,0.000,0.000,0.000,0.004,-0.223
278.01,0.106,0,0.391,0.616,0,0.000,0.000,0.000,0.000,0.000,0.000,0.001,-0.220
278.21,0.106,0,0.392,0.619,0,0.000,0.000,0.000,0.000,0.000,0.000,0.004,-0.235
278.41,0.108,0,0.392,0.619,0,0.000,0.000,0.000,0.000,0.000,0.000,0.012,-0.233
278.61,0.106,0,0.392,0.619,0,0.000,0.000,0.000,0.000,0.000,0.000,0.012,-0.233
278.81,0.105,0,0.393,0.621,0,0.000,0.000,0.000,0.000,0.000,0.000,0.014,-0.222
279.01,0.105,0,0.393,0.621,0,0.000,0.000,0.000,0.000,0.000,0.000,0.015,-0.221
279.21,0.105,0,0.392,0.617,0,0.000,0.000,0.000,0.000,0.000,0.000,0.003,-0.239
279.41,0.105,0,0.392,0.617,0,0.000,0.000,0.000,0.000,0.000,0.000,0.003,-0.236
279.61,0.108,0,0.392,0.617,0,0.000,0.000,0.000,0.000,0.000,0.000,0.003,-0.236
279.81,0.105,0,0.393,0.617,0,0.000,0.000,0.000,0.000,0.000,0.000,0.002,-0.232
280.01,0.105,0,0.393,0.617,0,0.000,0.000,0.000,0.000,0.000,0.000,0.011,-0.227
280.21,0.105,0,0.390,0.616,0,0.000,0.000,0.000,0.000,0.000,0.000,-0.000,-0.229
280.41,0.106,0,0.390,0.616,0,0.000,0.000,0.000,0.000,0.000,0.000,0.001,-0.240
280.61,0.106,0,0.390,0.616,0,0.000,0.000,0.000,0.000,0.000,0.000,0.001,-0.240
280.81,0.105,0,0.390,0.618,0,0.000,0.000,0.000,0.000,0.000,0.000,0.003,-0.235
281.01,0.105,0,0.390,0.618,0,0.000,0.000,0.000,0.000,0.000,0.000,0.003,-0.236
281.21,0.105,0,0.389,0.611,0,0.000,0.000,0.000,0.000,0.000,0.000,0.006,-0.246
281.41,0.108,0,0.389,0.611,0,0.000,0.000,0.000,0.000,0.000,0.000,0.006,-0.246
281.61,0.105,0,0.389,0.611,0,0.000,0.000,0.000,0.000,0.000,0.000,0.013,-0.240
281.81,0.105,0,0.393,0.621,0,0.000,0.000,0.000,0.000,0.000,0.000,0.007,-0.241
282.01,0.105,0,0.393,0.621,0,0.000,0.000,0.000,0.000,0.000,0.000,0.008,-0.241
282.21,0.105,0,0.389,0.623,0,0.000,0.000,0.000,0.000,0.000,0.000,0.017,-0.241
282.41,0.105,0,0.389,0.623,0,0.000,0.000,0.000,0.000,0.000,0.000,0.017,-0.241
282.61,0.106,0,0.389,0.623,0,0.000,0.000,0.000,0.000,0.000,0.000,0.005,-0.241
282.81,0.105,0,0.392,0.621,0,0.000,0.000,0.000,0.000,0.000,0.000,0.014,-0.233
283.01,0.105,0,0.392,0.621,0,0.000,0.000,0.000,0.000,0.000,0.000,0.011,-0.228
283.21,0.105,0,0.390,0.621,0,0.000,0.000,0.000,0.000,0.000,0.000,0.011,-0.234
283.41,0.107,0,0.390,0.621,0,0.000,0.000,0.000,0.000,0.000,0.000,0.011,-0.234
283.61,0.106,0,0.390,0.621,0,0.000,0.000,0.000,0.000,0.000,0.000,0.009,-0.229
283.81,0.105,0,0.390,0.622,0,0.000,0.000,0.000,0.000,0.000,0.000,0.011,-0.234
284.01,0.105,0,0.390,0.622,0,0.000,0.000,0.000,0.000,0.000,0.000,0.006,-0.235
284.21,0.105,0,0.392,0.620,0,0.000,0.000,0.000,0.000,0.000,0.000,0.003,-0.229
284.41,0.106,0,0.392,0.620,0,0.000,0.000,0.000,0.000,0.000,0.000,0.003,-0.229
284.61,0.108,0,0.392,0.620,0,0.000,0.000,0.000,0.000,0.000,0.000,0.004,-0.235
284.81,0.105,0,0.392,0.622,0,0.000,0.000,0.000,0.000,0.000,0.000,0.000,-0.234
285.01,0.105,0,0.392,0.622,0,0.000,0.000,0.000,0.000,0.000,0.000,0.004,-0.231
285.21,0.105,0,0.389,0.620,0,0.000,0.000,0.000,0.000,0.000,0.000,0.004,-0.230
285.41,0.105,0,0.389,0.620,0,0.000,0.000,0.000,0.000,0.000,0.000,0.004,-0.230
285.61,0.105,0,0.389,0.620,0,0.000,0.000,0.000,0.000,0.000,0.000,0.007,-0.231
285.81,0.106,0,0.389,0.612,0,0.000,0.000,0.000,0.000,0.000,0.000,0.002,-0.224
286.01,0.106,0,0.389,0.612,0,0.000,0.000,0.000,0.000,0.000,0.000,0.004,-0.225
286.21,0.107,0,0.393,0.619,0,0.000,0.000,0.000,0.000,0.000,0.000,0.010,-0.218
286.41,0.105,0,0.393,0.619,0,0.000,0.000,0.000,0.000,0.000,0.000,0.010,-0.218
286.61,0.105,0,0.393,0.619,0,0.000,0.000,0.000,0.000,0.000,0.000,0.010,-0.225
286.81,0.105,0,0.393,0.616,0,0.000,0.000,0.000,0.000,0.000,0.000,0.014,-0.228
287.01,0.105,0,0.393,0.616,0,0.000,0.000,0.000,0.000,0.000,0.000,0.016,-0.222
287.21,0.105,0,0.392,0.608,0,0.000,0.000,0.000,0.000,0.000,0.000,0.016,-0.222
287.41,0.105,0,0.392,0.608,0,0.000,0.000,0.000,0.000,0.000,0.000,0.014,-0.221
287.61,0.104,0,0.392,0.608,0,0.000,0.000,0.000,0.000,0.000,0.000,0.008,-0.226
287.81,0.105,0,0.390,0.617,0,0.000,0.000,0.000,0.000,0.000,0.000,0.013,-0.236
288.01,0.105,0,0.390,0.617,0,0.000,0.000,0.000,0.000,0.000,0.000,0.007,-0.224
288.21,0.108,0,0.393,0.616,0,0.000,0.000,0.000,0.000,0.000,0.000,0.007,-0.224
288.41,0.108,0,0.393,0.616,0,0.000,0.000,0.000,0.000,0.000,0.000,0.009,-0.231
288.61,0.106,0,0.393,0.616,0,0.000,0.000,0.000,0.000,0.000,0.000,0.006,-0.232
288.81,0.106,0,0.392,0.616,0,0.000,0.000,0.000,0.000,0.000,0.000,0.007,-0.232
289.01,0.104,0,0.392,0.616,0,0.000,0.000,0.000,0.000,0.000,0.000,0.002,-0.225
289.21,0.106,0,0.390,0.608,0,0.000,0.000,0.000,0.000,0.000,0.000,0.002,-0.225
289.41,0.105,0,0.390,0.608,0,0.000,0.000,0.000,0.000,0.000,0.000,0.006,-0.231
289.61,0.105,0,0.390,0.608,0,0.000,0.000,0.000,0.000,0.000,0.000,0.008,-0.223
289.81,0.105,0,0.392,0.613,0,0.000,0.000,0.000,0.000,0.000,0.000,0.003,-0.230
290.01,0.105,0,0.392,0.613,0,0.000,0.000,0.000,0.000,0.000,0.000,0.014,-0.217
290.21,0.105,0,0.390,0.613,0,0.000,0.000,0.000,0.000,0.000,0.000,0.014,-0.217
290.41,0.107,0,0.390,0.613,0,0.000,0.000,0.000,0.000,0.000,0.000,0.013,-0.227
290.61,0.108,0,0.390,0.613,0,0.000,0.000,0.000,0.000,0.000,0.000,0.015,-0.221
290.81,0.108,0,0.393,0.618,0,0.000,0.000,0.000,0.000,0.000,0.000,0.008,-0.224
291.01,0.105,0,0.393,0.618,0,0.000,0.000,0.000,0.000,0.000,0.000,0.010,-0.216
291.21,0.108,0,0.393,0.622,0,0.000,0.000,0.000,0.000,0.000,0.000,0.010,-0.216
291.41,0.105,0,0.393,0.622,0,0.000,0.000,0.000,0.000,0.000,0.000,0.008,-0.226
291.61,0.105,0,0.393,0.622,0,0.000,0.000,0.000,0.000,0.000,0.000,0.010,-0.224
291.81,0.105,0,0.393,0.608,0,0.000,0.000,0.000,0.000,0.000,0.000,0.010,-0.222
292.01,0.108,0,0.393,0.608,0,0.000,0.000,0.000,0.000,0.000,0.000,0.011,-0.227
292.21,0.106,0,0.392,0.616,0,0.000,0.000,0.000,0.000,0.000,0.000,0.011,-0.227
292.41,0.108,0,0.392,0.616,0,0.000,0.000,0.000,0.000,0.000,0.000,0.016,-0.227
292.61,0.105,0,0.392,0.616,0,0.000,0.000,0.000,0.000,0.000,0.000,0.007,-0.231
292.81,0.105,0,0.392,0.616,0,0.000,0.000,0.000,0.000,0.000,0.000,0.006,-0.229
293.01,0.105,0,0.392,0.616,0,0.000,0.000,0.000,0.000,0.000,0.000,0.006,-0.229
293.21,0.107,0,0.393,0.615,0,0.000,0.000,0.000,0.000,0.000,0.000,0.005,-0.237
293.41,0.105,0,0.393,0.615,0,0.000,0.000,0.000,0.000,0.000,0.000,0.002,-0.239
293.61,0.106,0,0.393,0.615,0,0.000,0.000,0.000,0.000,0.000,0.000,-0.003,-0.236
293.81,0.106,0,0.393,0.617,0,0.000,0.000,0.000,0.000,0.000,0.000,0.004,-0.237
294.01,0.108,0,0.393,0.617,0,0.000,0.000,0.000,0.000,0.000,0.000,0.004,-0.237
294.21,0.105,0,0.391,0.609,0,0.000,0.000,0.000,0.000,0.000,0.000,0.004,-0.233
294.41,0.108,0,0.391,0.609,0,0.000,0.000,0.000,0.000,0.000,0.000,-0.001,-0.240
294.61,0.108,0,0.391,0.609,0,0.000,0.000,0.000,0.000,0.000,0.000,0.008,-0.229
294.81,0.105,0,0.393,0.617,0,0.000,0.000,0.000,0.000,0.000,0.000,0.007,-0.227
295.01,0.107,0,0.393,0.617,0,0.000,0.000,0.000,0.000,0.000,0.000,0.007,-0.227
295.21,0.106,0,0.393,0.617,0,0.000,0.000,0.000,0.000,0.000,0.000,-0.003,-0.243
295.41,0.108,0,0.393,0.617,0,0.000,0.000,0.000,0.000,0.000,0.000,-0.002,-0.242
295.61,0.108,0,0.393,0.617,0,0.000,0.000,0.000,0.000,0.000,0.000,-0.003,-0.232
295.81,0.105,0,0.390,0.618,0,0.000,0.000,0.000,0.000,0.000,0.000,-0.004,-0.239
296.01,0.105,0,0.390,0.618,0,0.000,0.000,0.000,0.000,0.000,0.000,-0.004,-0.239
296.21,0.105,0,0.393,0.618,0,0.000,0.000,0.000,0.000,0.000,0.000,0.002,-0.241
296.41,0.106,0,0.393,0.618,0,0.000,0.000,0.000,0.000,0.000,0.000,0.002,-0.234
296.61,0.106,0,0.393,0.618,0,0.000,0.000,0.000,0.000,0.000,0.000,0.006,-0.228
296.81,0.105,0,0.392,0.617,0,0.000,0.000,0.000,0.000,0.000,0.000,0.006,-0.228
297.01,0.105,0,0.392,0.617,0,0.000,0.000,0.000,0.000,0.000,0.000,0.008,-0.230
297.21,0.106,0,0.390,0.613,0,0.000,0.000,0.000,0.000,0.000,0.000,-0.001,-0.235
297.41,0.108,0,0.390,0.613,0,0.000,0.000,0.000,0.000,0.000,0.000,0.006,-0.237
297.61,0.108,0,0.390,0.613,0,0.000,0.000,0.000,0.000,0.000,0.000,0.002,-0.241
297.81,0.105,0,0.391,0.614,0,0.000,0.000,0.000,0.000,0.000,0.000,0.005,-0.240
298.01,0.105,0,0.391,0.614,0,0.000,0.000,0.000,0.000,0.000,0.000,0.005,-0.240
298.21,0.106,0,0.393,0.612,0,0.000,0.000,0.000,0.000,0.000,0.000,-0.001,-0.247
298.41,0.105,0,0.393,0.612,0,0.000,0.000,0.000,0.000,0.000,0.000,0.005,-0.238
298.61,0.105,0,0.393,0.612,0,0.000,0.000,0.000,0.000,0.000,0.000,-0.000,-0.241
298.81,0.106,0,0.392,0.615,0,0.000,0.000,0.000,0.000,0.000,0.000,-0.000,-0.241
299.01,0.105,0,0.392,0.615,0,0.000,0.000,0.000,0.000,0.000,0.000,-0.002,-0.243
299.21,0.105,0,0.391,0.614,0,0.000,0.000,0.000,0.000,0.000,0.000,-0.008,-0.241
299.41,0.105,0,0.391,0.614,0,0.000,0.000,0.000,0.000,0.000,0.000,-0.002,-0.239
299.61,0.105,0,0.391,0.614,0,0.000,0.000,0.000,0.000,0.000,0.000,-0.002,-0.237
299.81,0.106,0,0.392,0.619,0,0.000,0.000,0.000,0.000,0.000,0.000,-0.002,-0.237
300.01,0.105,0,0.392,0.619,0,0.000,0.000,0.000,0.000,0.000,0.000,-0.006,-0.242
300.21,0.105,0,0.392,0.613,0,0.000,0.000,0.000,0.000,0.000,0.000,-0.006,-0.241
300.41,0.105,0,0.392,0.613,0,0.000,0.000,0.000,0.000,0.000,0.000,-0.002,-0.245
300.61,0.106,0,0.392,0.613,0,0.000,0.000,0.000,0.000,0.000,0.000,-0.002,-0.248
300.81,0.105,0,0.392,0.612,0,0.000,0.000,0.000,0.000,0.000,0.000,-0.002,-0.248
301.01,0.108,0,0.392,0.612,0,0.000,0.000,0.000,0.000,0.000,0.000,-0.002,-0.254
301.21,0.107,0,0.392,0.612,0,0.000,0.000,0.000,0.000,0.000,0.000,-0.002,-0.245
301.41,0.107,0,0.392,0.612,0,0.000,0.000,0.000,0.000,0.000,0.000,-0.001,-0.243
301.61,0.106,0,0.392,0.612,0,0.000,0.000,0.000,0.000,0.000,0.000,0.003,-0.236
301.81,0.107,0,0.392,0.617,0,0.000,0.000,0.000,0.000,0.000,0.000,0.003,-0.236
302.01,0.105,0,0.392,0.617,0,0.000,0.000,0.000,0.000,0.000,0.000,-0.002,-0.244
302.21,0.108,0,0.389,0.617,0,0.000,0.000,0.000,0.000,0.000,0.000,-0.003,-0.243
302.41,0.108,0,0.389,0.617,0,0.000,0.000,0.000,0.000,0.000,0.000,-0.001,-0.239
302.61,0.107,0,0.389,0.617,0,0.000,0.000,0.000,0.000,0.000,0.000,-0.005,-0.242
302.81,0.105,0,0.393,0.611,0,0.000,0.000,0.000,0.000,0.000,0.000,-0.005,-0.242
303.01,0.106,0,0.393,0.611,0,0.000,0.000,0.000,0.000,0.000,0.000,-0.005,-0.239
303.21,0.106,0,0.393,0.605,0,0.000,0.000,0.000,0.000,0.000,0.000,-0.004,-0.239
303.41,0.106,0,0.393,0.605,0,0.000,0.000,0.000,0.000,0.000,0.000,-0.005,-0.245
303.61,0.105,0,0.393,0.605,0,0.000,0.000,0.000,0.000,0.000,0.000,-0.005,-0.245
303.81,0.105,0,0.392,0.614,0,0.000,0.000,0.000,0.000,0.000,0.000,-0.005,-0.239
304.01,0.106,0,0.392,0.614,0,0.000,0.000,0.000,0.000,0.000,0.000,0.000,-0.240
304.21,0.105,0,0.392,0.614,0,0.000,0.000,0.000,0.000,0.000,0.000,0.000,-0.234
304.41,0.105,0,0.392,0.614,0,0.000,0.000,0.000,0.000,0.000,0.000,-0.003,-0.245
304.61,0.105,0,0.392,0.614,0,0.000,0.000,0.000,0.000,0.000,0.000,-0.003,-0.245
304.81,0.105,0,0.391,0.607,0,0.000,0.000,0.000,0.000,0.000,0.000,-0.012,-0.244
305.01,0.106,0,0.391,0.607,0,0.000,0.000,0.000,0.000,0.000,0.000,0.001,-0.244
305.21,0.106,0,0.392,0.616,0,0.000,0.000,0.000,0.000,0.000,0.000,0.000,-0.244
305.41,0.105,0,0.392,0.616,0,0.000,0.000,0.000,0.000,0.000,0.000,-0.008,-0.254
305.61,0.107,0,0.392,0.616,0,0.000,0.000,0.000,0.000,0.000,0.000,-0.008,-0.254
305.81,0.105,0,0.390,0.613,0,0.000,0.000,0.000,0.000,0.000,0.000,-0.010,-0.247
306.01,0.105,0,0.390,0.613,0,0.000,0.000,0.000,0.000,0.000,0.000,0.002,-0.236
306.21,0.105,0,0.392,0.603,0,0.000,0.000,0.000,0.000,0.000,0.000,0.008,-0.244
306.41,0.108,0,0.392,0.603,0,0.000,0.000,0.000,0.000,0.000,0.000,0.001,-0.244
306.61,0.105,0,0.392,0.603,0,0.000,0.000,0.000,0.000,0.000,0.000,0.001,-0.244
306.81,0.105,0,0.391,0.609,0,0.000,0.000,0.000,0.000,0.000,0.000,-0.003,-0.253
307.01,0.108,0,0.391,0.609,0,0.000,0.000,0.000,0.000,0.000,0.000,-0.000,-0.243
307.21,0.108,0,0.393,0.617,0,0.000,0.000,0.000,0.000,0.000,0.000,0.003,-0.234
307.41,0.105,0,0.393,0.617,0,0.000,0.000,0.000,0.000,0.000,0.000,-0.003,-0.247
307.61,0.106,0,0.393,0.617,0,0.000,0.000,0.000,0.000,0.000,0.000,-0.003,-0.247
307.81,0.105,0,0.390,0.616,0,0.000,0.000,0.000,0.000,0.000,0.000,0.001,-0.246
308.01,0.105,0,0.390,0.616,0,0.000,0.000,0.000,0.000,0.000,0.000,0.003,-0.247
308.21,0.105,0,0.393,0.618,0,0.000,0.000,0.000,0.000,0.000,0.000,-0.005,-0.257
308.41,0.105,0,0.393,0.618,0,0.000,0.000,0.000,0.000,0.000,0.000,-0.005,-0.257
308.61,0.105,0,0.393,0.618,0,0.000,0.000,0.000,0.000,0.000,0.000,-0.004,-0.248
308.81,0.105,0,0.392,0.609,0,0.000,0.000,0.000,0.000,0.000,0.000,-0.006,-0.246
309.01,0.108,0,0.392,0.609,0,0.000,0.000,0.000,0.000,0.000,0.000,0.001,-0.252
309.21,0.108,0,0.392,0.618,0,0.000,0.000,0.000,0.000,0.000,0.000,-0.013,-0.251
309.41,0.105,0,0.392,0.618,0,0.000,0.000,0.000,0.000,0.000,0.000,-0.013,-0.251
309.61,0.106,0,0.392,0.618,0,0.000,0.000,0.000,0.000,0.000,0.000,-0.003,-0.237
309.81,0.106,0,0.390,0.608,0,0.000,0.000,0.000,0.000,0.000,0.000,-0.003,-0.246
310.01,0.105,0,0.390,0.608,0,0.000,0.000,0.000,0.000,0.000,0.000,-0.004,-0.240
310.21,0.105,0,0.393,0.615,0,0.000,0.000,0.000,0.000,0.000,0.000,-0.002,-0.237
310.41,0.105,0,0.393,0.615,0,0.000,0.000,0.000,0.000,0.000,0.000,-0.002,-0.237
310.61,0.105,0,0.393,0.615,0,0.000,0.000,0.000,0.000,0.000,0.000,-0.006,-0.243
310.81,0.105,0,0.393,0.615,0,0.000,0.000,0.000,0.000,0.000,0.000,-0.002,-0.234
311.01,0.105,0,0.393,0.615,0,0.000,0.000,0.000,0.000,0.000,0.000,0.006,-0.243
311.21,0.105,0,0.390,0.611,0,0.000,0.000,0.000,0.000,0.000,0.000,0.005,-0.233
311.41,0.106,0,0.390,0.611,0,0.000,0.000,0.000,0.000,0.000,0.000,0.005,-0.233
311.61,0.106,0,0.390,0.611,0,0.000,0.000,0.000,0.000,0.000,0.000,0.004,-0.235
311.81,0.105,0,0.393,0.618,0,0.000,0.000,0.000,0.000,0.000,0.000,0.005,-0.236
312.01,0.105,0,0.393,0.618,0,0.000,0.000,0.000,0.000,0.000,0.000,0.001,-0.236
312.21,0.105,0,0.392,0.611,0,0.000,0.000,0.000,0.000,0.000,0.000,0.009,-0.234
312.41,0.105,0,0.392,0.611,0,0.000,0.000,0.000,0.000,0.000,0.000,0.009,-0.234
312.61,0.105,0,0.392,0.611,0,0.000,0.000,0.000,0.000,0.000,0.000,0.001,-0.242
312.81,0.105,0,0.392,0.610,0,0.000,0.000,0.000,0.000,0.000,0.000,-0.001,-0.239
313.01,0.105,0,0.392,0.610,0,0.000,0.000,0.000,0.000,0.000,0.000,-0.002,-0.245
313.21,0.106,0,0.393,0.607,0,0.000,0.000,0.000,0.000,0.000,0.000,0.008,-0.233
313.41,0.105,0,0.393,0.607,0,0.000,0.000,0.000,0.000,0.000,0.000,0.008,-0.233
313.61,0.106,0,0.393,0.607,0,0.000,0.000,0.000,0.000,0.000,0.000,0.009,-0.238
313.81,0.107,0,0.392,0.608,0,0.000,0.000,0.000,0.000,0.000,0.000,0.004,-0.246
314.01,0.107,0,0.392,0.608,0,0.000,0.000,0.000,0.000,0.000,0.000,0.003,-0.235
314.21,0.105,0,0.390,0.604,0,0.000,0.000,0.000,0.000,0.000,0.000,0.003,-0.235
314.41,0.104,0,0.390,0.604,0,0.000,0.000,0.000,0.000,0.000,0.000,0.008,-0.231
314.61,0.105,0,0.390,0.604,0,0.000,0.000,0.000,0.000,0.000,0.000,0.004,-0.238
314.81,0.105,0,0.392,0.614,0,0.000,0.000,0.000,0.000,0.000,0.000,-0.006,-0.242
315.01,0.105,0,0.392,0.614,0,0.000,0.000,0.000,0.000,0.000,0.000,-0.003,-0.247
315.21,0.105,0,0.392,0.618,0,0.000,0.000,0.000,0.000,0.000,0.000,-0.003,-0.247
315.41,0.105,0,0.392,0.618,0,0.000,0.000,0.000,0.000,0.000,0.000,-0.005,-0.241
315.61,0.105,0,0.392,0.618,0,0.000,0.000,0.000,0.000,0.000,0.000,0.001,-0.241
315.81,0.105,0,0.393,0.602,0,0.000,0.000,0.000,0.000,0.000,0.000,-0.008,-0.245
316.01,0.105,0,0.393,0.602,0,0.000,0.000,0.000,0.000,0.000,0.000,0.008,-0.243
316.21,0.108,0,0.390,0.603,0,0.000,0.000,0.000,0.000,0.000,0.000,0.008,-0.243
316.41,0.106,0,0.390,0.603,0,0.000,0.000,0.000,0.000,0.000,0.000,0.010,-0.239
316.61,0.108,0,0.390,0.603,0,0.000,0.000,0.000,0.000,0.000,0.000,0.007,-0.231
316.81,0.108,0,0.392,0.603,0,0.000,0.000,0.000,0.000,0.000,0.000,0.016,-0.225
317.01,0.106,0,0.392,0.603,0,0.000,0.000,0.000,0.000,0.000,0.000,0.012,-0.229
317.21,0.105,0,0.389,0.617,0,0.000,0.000,0.000,0.000,0.000,0.000,0.012,-0.229
317.41,0.105,0,0.389,0.617,0,0.000,0.000,0.000,0.000,0.000,0.000,0.009,-0.231
317.61,0.105,0,0.389,0.617,0,0.000,0.000,0.000,0.000,0.000,0.000,0.012,-0.227
317.81,0.105,0,0.390,0.615,0,0.000,0.000,0.000,0.000,0.000,0.000,0.003,-0.231
318.01,0.105,0,0.390,0.615,0,0.000,0.000,0.000,0.000,0.000,0.000,0.001,-0.234
318.21,0.105,0,0.392,0.617,0,0.000,0.000,0.000,0.000,0.000,0.000,0.001,-0.234
318.41,0.105,0,0.392,0.617,0,0.000,0.000,0.000,0.000,0.000,0.000,0.012,-0.222
318.61,0.105,0,0.392,0.617,0,0.000,0.000,0.000,0.000,0.000,0.000,0.007,-0.228
318.81,0.105,0,0.390,0.618,0,0.000,0.000,0.000,0.000,0.000,0.000,0.004,-0.231
319.01,0.105,0,0.390,0.618,0,0.000,0.000,0.000,0.000,0.000,0.000,0.000,-0.237
319.21,0.105,0,0.391,0.622,0,0.000,0.000,0.000,0.000,0.000,0.000,0.000,-0.237
319.41,0.106,0,0.391,0.622,0,0.000,0.000,0.000,0.000,0.000,0.000,0.006,-0.233
319.61,0.105,0,0.391,0.622,0,0.000,0.000,0.000,0.000,0.000,0.000,-0.003,-0.233
319.81,0.105,0,0.392,0.618,0,0.000,0.000,0.000,0.000,0.000,0.000,-0.006,-0.230
320.01,0.108,0,0.392,0.618,0,0.000,0.000,0.000,0.000,0.000,0.000,-0.000,-0.248
320.21,0.108,0,0.392,0.618,0,0.000,0.000,0.000,0.000,0.000,0.000,-0.000,-0.248
320.41,0.108,0,0.392,0.618,0,0.000,0.000,0.000,0.000,0.000,0.000,-0.002,-0.244
320.61,0.106,0,0.392,0.618,0,0.000,0.000,0.000,0.000,0.000,0.000,0.001,-0.234
320.81,0.106,0,0.393,0.618,0,0.000,0.000,0.000,0.000,0.000,0.000,0.003,-0.238
321.01,0.106,0,0.393,0.618,0,0.000,0.000,0.000,0.000,0.000,0.000,0.003,-0.238
321.21,0.105,0,0.390,0.616,0,0.000,0.000,0.000,0.000,0.000,0.000,0.005,-0.239
321.41,0.106,0,0.390,0.616,0,0.000,0.000,0.000,0.000,0.000,0.000,-0.004,-0.244
321.61,0.107,0,0.390,0.616,0,0.000,0.000,0.000,0.000,0.000,0.000,0.007,-0.243
321.81,0.107,0,0.392,0.616,0,0.000,0.000,0.000,0.000,0.000,0.000,-0.003,-0.257
322.01,0.106,0,0.392,0.616,0,0.000,0.000,0.000,0.000,0.000,0.000,-0.003,-0.257
322.21,0.105,0,0.392,0.615,0,0.000,0.000,0.000,0.000,0.000,0.000,-0.006,-0.260
322.41,0.108,0,0.392,0.615,0,0.000,0.000,0.000,0.000,0.000,0.000,0.007,-0.245
322.61,0.108,0,0.392,0.615,0,0.000,0.000,0.000,0.000,0.000,0.000,0.007,-0.250
322.81,0.108,0,0.392,0.618,0,0.000,0.000,0.000,0.000,0.000,0.000,-0.004,-0.251
323.01,0.106,0,0.392,0.618,0,0.000,0.000,0.000,0.000,0.000,0.000,-0.004,-0.251
323.21,0.105,0,0.393,0.617,0,0.000,0.000,0.000,0.000,0.000,0.000,0.001,-0.245
323.41,0.105,0,0.393,0.617,0,0.000,0.000,0.000,0.000,0.000,0.000,0.002,-0.250
323.61,0.105,0,0.393,0.617,0,0.000,0.000,0.000,0.000,0.000,0.000,-0.007,-0.250
323.81,0.105,0,0.393,0.619,0,0.000,0.000,0.000,0.000,0.000,0.000,0.000,-0.242
324.01,0.105,0,0.393,0.619,0,0.000,0.000,0.000,0.000,0.000,0.000,0.000,-0.242
324.21,0.105,0,0.390,0.620,0,0.000,0.000,0.000,0.000,0.000,0.000,-0.002,-0.245
324.41,0.106,0,0.390,0.620,0,0.000,0.000,0.000,0.000,0.000,0.000,0.004,-0.241
324.61,0.106,0,0.390,0.620,0,0.000,0.000,0.000,0.000,0.000,0.000,0.005,-0.241
324.81,0.105,0,0.389,0.609,0,0.000,0.000,0.000,0.000,0.000,0.000,0.004,-0.246
325.01,0.105,0,0.389,0.609,0,0.000,0.000,0.000,0.000,0.000,0.000,0.004,-0.246
325.21,0.105,0,0.393,0.618,0,0.000,0.000,0.000,0.000,0.000,0.000,0.003,-0.241
325.41,0.105,0,0.393,0.618,0,0.000,0.000,0.000,0.000,0.000,0.000,0.007,-0.242
325.61,0.105,0,0.393,0.618,0,0.000,0.000,0.000,0.000,0.000,0.000,0.001,-0.245
325.81,0.106,0,0.393,0.620,0,0.000,0.000,0.000,0.000,0.000,0.000,-0.005,-0.248
326.01,0.105,0,0.393,0.620,0,0.000,0.000,0.000,0.000,0.000,0.000,-0.005,-0.248
326.21,0.105,0,0.389,0.618,0,0.000,0.000,0.000,0.000,0.000,0.000,-0.002,-0.246
326.41,0.106,0,0.389,0.618,0,0.000,0.000,0.000,0.000,0.000,0.000,-0.001,-0.251
326.61,0.106,0,0.389,0.618,0,0.000,0.000,0.000,0.000,0.000,0.000,0.007,-0.256
326.81,0.106,0,0.393,0.617,0,0.000,0.000,0.000,0.000,0.000,0.000,-0.002,-0.246
327.01,0.105,0,0.393,0.617,0,0.000,0.000,0.000,0.000,0.000,0.000,-0.002,-0.246
327.21,0.106,0,0.390,0.617,0,0.000,0.000,0.000,0.000,0.000,0.000,0.001,-0.243
327.41,0.105,0,0.390,0.617,0,0.000,0.000,0.000,0.000,0.000,0.000,0.001,-0.241
327.61,0.105,0,0.390,0.617,0,0.000,0.000,0.000,0.000,0.000,0.000,-0.004,-0.245
327.81,0.105,0,0.393,0.621,0,0.000,0.000,0.000,0.000,0.000,0.000,-0.004,-0.245
328.01,0.105,0,0.393,0.621,0,0.000,0.000,0.000,0.000,0.000,0.000,-0.010,-0.254
328.21,0.108,0,0.393,0.619,0,0.000,0.000,0.000,0.000,0.000,0.000,0.003,-0.248
328.41,0.105,0,0.393,0.619,0,0.000,0.000,0.000,0.000,0.000,0.000,-0.007,-0.249
328.61,0.105,0,0.393,0.619,0,0.000,0.000,0.000,0.000,0.000,0.000,-0.009,-0.255
328.81,0.107,0,0.391,0.618,0,0.000,0.000,0.000,0.000,0.000,0.000,-0.009,-0.255
329.01,0.105,0,0.391,0.618,0,0.000,0.000,0.000,0.000,0.000,0.000,-0.002,-0.255
329.21,0.105,0,0.391,0.612,0,0.000,0.000,0.000,0.000,0.000,0.000,-0.004,-0.260
329.41,0.105,0,0.391,0.612,0,0.000,0.000,0.000,0.000,0.000,0.000,-0.007,-0.261
329.61,0.106,0,0.391,0.612,0,0.000,0.000,0.000,0.000,0.000,0.000,-0.003,-0.259
329.81,0.105,0,0.392,0.612,0,0.000,0.000,0.000,0.000,0.000,0.000,-0.003,-0.259
330.01,0.108,0,0.392,0.612,0,0.000,0.000,0.000,0.000,0.000,0.000,-0.002,-0.248
330.21,0.105,0,0.393,0.615,0,0.000,0.000,0.000,0.000,0.000,0.000,-0.002,-0.233
330.41,0.105,0,0.393,0.615,0,0.000,0.000,0.000,0.000,0.000,0.000,-0.002,-0.241
330.61,0.105,0,0.393,0.615,0,0.000,0.000,0.000,0.000,0.000,0.000,-0.003,-0.240
330.81,0.105,0,0.391,0.619,0,0.000,0.000,0.000,0.000,0.000,0.000,-0.003,-0.240
331.01,0.106,0,0.391,0.619,0,0.000,0.000,0.000,0.000,0.000,0.000,-0.003,-0.244
331.21,0.105,0,0.392,0.613,0,0.000,0.000,0.000,0.000,0.000,0.000,-0.003,-0.244
331.41,0.105,0,0.392,0.613,0,0.000,0.000,0.000,0.000,0.000,0.000,-0.001,-0.252
331.61,0.105,0,0.392,0.613,0,0.000,0.000,0.000,0.000,0.000,0.000,-0.006,-0.242
331.81,0.105,0,0.391,0.618,0,0.000,0.000,0.000,0.000,0.000,0.000,-0.006,-0.242
332.01,0.105,0,0.391,0.618,0,0.000,0.000,0.000,0.000,0.000,0.000,-0.008,-0.244
332.21,0.105,0,0.390,0.616,0,0.000,0.000,0.000,0.000,0.000,0.000,-0.001,-0.253
332.41,0.105,0,0.390,0.616,0,0.000,0.000,0.000,0.000,0.000,0.000,-0.010,-0.261
332.61,0.105,0,0.390,0.616,0,0.000,0.000,0.000,0.000,0.000,0.000,-0.010,-0.261
332.81,0.105,0,0.393,0.618,0,0.000,0.000,0.000,0.000,0.000,0.000,-0.009,-0.257
333.01,0.106,0,0.393,0.618,0,0.000,0.000,0.000,0.000,0.000,0.000,-0.006,-0.249
333.21,0.108,0,0.390,0.612,0,0.000,0.000,0.000,0.000,0.000,0.000,-0.003,-0.262
333.41,0.108,0,0.390,0.612,0,0.000,0.000,0.000,0.000,0.000,0.000,-0.015,-0.268
333.61,0.106,0,0.390,0.612,0,0.000,0.000,0.000,0.000,0.000,0.000,-0.015,-0.268
333.81,0.105,0,0.390,0.622,0,0.000,0.000,0.000,0.000,0.000,0.000,-0.009,-0.246
334.01,0.106,0,0.390,0.622,0,0.000,0.000,0.000,0.000,0.000,0.000,-0.003,-0.240
334.21,0.107,0,0.392,0.617,0,0.000,0.000,0.000,0.000,0.000,0.000,-0.005,-0.239
334.41,0.107,0,0.392,0.617,0,0.000,0.000,0.000,0.000,0.000,0.000,-0.009,-0.245
334.61,0.108,0,0.392,0.617,0,0.000,0.000,0.000,0.000,0.000,0.000,-0.009,-0.245
334.81,0.105,0,0.390,0.618,0,0.000,0.000,0.000,0.000,0.000,0.000,-0.009,-0.248
335.01,0.105,0,0.390,0.618,0,0.000,0.000,0.000,0.000,0.000,0.000,-0.004,-0.240
335.21,0.105,0,0.393,0.619,0,0.000,0.000,0.000,0.000,0.000,0.000,-0.005,-0.235
335.41,0.105,0,0.393,0.619,0,0.000,0.000,0.000,0.000,0.000,0.000,-0.001,-0.237
335.61,0.105,0,0.393,0.619,0,0.000,0.000,0.000,0.000,0.000,0.000,-0.001,-0.237
335.81,0.107,0,0.392,0.616,0,0.000,0.000,0.000,0.000,0.000,0.000,-0.001,-0.237
336.01,0.106,0,0.392,0.616,0,0.000,0.000,0.000,0.000,0.000,0.000,-0.001,-0.245
336.21,0.106,0,0.390,0.621,0,0.000,0.000,0.000,0.000,0.000,0.000,-0.008,-0.245
336.41,0.106,0,0.390,0.621,0,0.000,0.000,0.000,0.000,0.000,0.000,-0.007,-0.255
336.61,0.105,0,0.390,0.621,0,0.000,0.000,0.000,0.000,0.000,0.000,-0.007,-0.255
336.81,0.105,0,0.392,0.617,0,0.000,0.000,0.000,0.000,0.000,0.000,-0.013,-0.256
337.01,0.105,0,0.392,0.617,0,0.000,0.000,0.000,0.000,0.000,0.000,-0.004,-0.253
337.21,0.105,0,0.392,0.619,0,0.000,0.000,0.000,0.000,0.000,0.000,-0.007,-0.249
337.41,0.105,0,0.392,0.619,0,0.000,0.000,0.000,0.000,0.000,0.000,-0.007,-0.249
337.61,0.105,0,0.392,0.619,0,0.000,0.000,0.000,0.000,0.000,0.000,0.001,-0.242
337.81,0.105,0,0.392,0.612,0,0.000,0.000,0.000,0.000,0.000,0.000,-0.005,-0.253
338.01,0.105,0,0.392,0.612,0,0.000,0.000,0.000,0.000,0.000,0.000,-0.003,-0.250
338.21,0.105,0,0.389,0.617,0,0.000,0.000,0.000,0.000,0.000,0.000,0.002,-0.237
338.41,0.105,0,0.389,0.617,0,0.000,0.000,0.000,0.000,0.000,0.000,0.002,-0.237
338.61,0.108,0,0.389,0.617,0,0.000,0.000,0.000,0.000,0.000,0.000,-0.007,-0.237
338.81,0.105,0,0.393,0.621,0,0.000,0.000,0.000,0.000,0.000,0.000,0.007,-0.243
339.01,0.105,0,0.393,0.621,0,0.000,0.000,0.000,0.000,0.000,0.000,-0.007,-0.239
339.21,0.106,0,0.390,0.603,0,0.000,0.000,0.000,0.000,0.000,0.000,0.005,-0.244
339.41,0.105,0,0.390,0.603,0,0.000,0.000,0.000,0.000,0.000,0.000,0.005,-0.244
339.61,0.108,0,0.390,0.603,0,0.000,0.000,0.000,0.000,0.000,0.000,0.001,-0.248
339.81,0.105,0,0.393,0.616,0,0.000,0.000,0.000,0.000,0.000,0.000,-0.007,-0.246
340.01,0.105,0,0.393,0.616,0,0.000,0.000,0.000,0.000,0.000,0.000,0.002,-0.237
340.21,0.104,0,0.393,0.617,0,0.000,0.000,0.000,0.000,0.000,0.000,-0.004,-0.246
340.41,0.105,0,0.393,0.617,0,0.000,0.000,0.000,0.000,0.000,0.000,-0.004,-0.246
340.61,0.105,0,0.393,0.617,0,0.000,0.000,0.000,0.000,0.000,0.000,-0.002,-0.246
340.81,0.105,0,0.391,0.613,0,0.000,0.000,0.000,0.000,0.000,0.000,-0.007,-0.241
341.01,0.105,0,0.391,0.613,0,0.000,0.000,0.000,0.000,0.000,0.000,-0.006,-0.254
341.21,0.105,0,0.393,0.613,0,0.000,0.000,0.000,0.000,0.000,0.000,0.002,-0.246
341.41,0.106,0,0.393,0.613,0,0.000,0.000,0.000,0.000,0.000,0.000,0.002,-0.246
341.61,0.105,0,0.393,0.613,0,0.000,0.000,0.000,0.000,0.000,0.000,-0.003,-0.253
341.81,0.105,0,0.392,0.617,0,0.000,0.000,0.000,0.000,0.000,0.000,-0.006,-0.243
342.01,0.105,0,0.392,0.617,0,0.000,0.000,0.000,0.000,0.000,0.000,-0.000,-0.244
342.21,0.105,0,0.392,0.622,0,0.000,0.000,0.000,0.000,0.000,0.000,-0.003,-0.248
342.41,0.108,0,0.392,0.622,0,0.000,0.000,0.000,0.000,0.000,0.000,-0.003,-0.248
342.61,0.105,0,0.392,0.622,0,0.000,0.000,0.000,0.000,0.000,0.000,0.001,-0.246
342.81,0.106,0,0.390,0.617,0,0.000,0.000,0.000,0.000,0.000,0.000,0.003,-0.241
343.01,0.106,0,0.390,0.617,0,0.000,0.000,0.000,0.000,0.000,0.000,-0.005,-0.241
343.21,0.105,0,0.393,0.619,0,0.000,0.000,0.000,0.000,0.000,0.000,-0.005,-0.241
343.41,0.105,0,0.393,0.619,0,0.000,0.000,0.000,0.000,0.000,0.000,0.005,-0.246
343.61,0.105,0,0.393,0.619,0,0.000,0.000,0.000,0.000,0.000,0.000,0.000,-0.239
343.81,0.108,0,0.392,0.616,0,0.000,0.000,0.000,0.000,0.000,0.000,-0.004,-0.241
344.01,0.108,0,0.392,0.616,0,0.000,0.000,0.000,0.000,0.000,0.000,-0.004,-0.237
344.21,0.105,0,0.390,0.621,0,0.000,0.000,0.000,0.000,0.000,0.000,-0.004,-0.237
344.41,0.105,0,0.390,0.621,0,0.000,0.000,0.000,0.000,0.000,0.000,0.003,-0.240
344.61,0.105,0,0.390,0.621,0,0.000,0.000,0.000,0.000,0.000,0.000,-0.001,-0.241
344.81,0.105,0,0.393,0.621,0,0.000,0.000,0.000,0.000,0.000,0.000,-0.001,-0.246
345.01,0.105,0,0.393,0.621,0,0.000,0.000,0.000,0.000,0.000,0.000,-0.008,-0.246
345.21,0.106,0,0.393,0.613,0,0.000,0.000,0.000,0.000,0.000,0.000,-0.008,-0.246
345.41,0.105,0,0.393,0.613,0,0.000,0.000,0.000,0.000,0.000,0.000,-0.008,-0.255
345.61,0.105,0,0.393,0.613,0,0.000,0.000,0.000,0.000,0.000,0.000,-0.002,-0.258
345.81,0.105,0,0.391,0.618,0,0.000,0.000,0.000,0.000,0.000,0.000,-0.006,-0.263
346.01,0.108,0,0.391,0.618,0,0.000,0.000,0.000,0.000,0.000,0.000,-0.007,-0.259
346.21,0.105,0,0.392,0.616,0,0.000,0.000,0.000,0.000,0.000,0.000,-0.007,-0.259
346.41,0.108,0,0.392,0.616,0,0.000,0.000,0.000,0.000,0.000,0.000,-0.012,-0.259
346.61,0.105,0,0.392,0.616,0,0.000,0.000,0.000,0.000,0.000,0.000,-0.008,-0.252
346.81,0.105,0,0.392,0.606,0,0.000,0.000,0.000,0.000,0.000,0.000,-0.003,-0.250
347.01,0.105,0,0.392,0.606,0,0.000,0.000,0.000,0.000,0.000,0.000,-0.004,-0.250
347.21,0.105,0,0.390,0.620,0,0.000,0.000,0.000,0.000,0.000,0.000,-0.004,-0.250
347.41,0.108,0,0.390,0.620,0,0.000,0.000,0.000,0.000,0.000,0.000,-0.002,-0.248
347.61,0.105,0,0.390,0.620,0,0.000,0.000,0.000,0.000,0.000,0.000,-0.002,-0.251
347.81,0.105,0,0.392,0.618,0,0.000,0.000,0.000,0.000,0.000,0.000,0.000,-0.246
348.01,0.108,0,0.392,0.618,0,0.000,0.000,0.000,0.000,0.000,0.000,0.000,-0.246
348.21,0.105,0,0.393,0.616,0,0.000,0.000,0.000,0.000,0.000,0.000,-0.002,-0.248
348.41,0.105,0,0.393,0.616,0,0.000,0.000,0.000,0.000,0.000,0.000,-0.006,-0.244
348.61,0.105,0,0.393,0.616,0,0.000,0.000,0.000,0.000,0.000,0.000,-0.001,-0.243
348.81,0.105,0,0.393,0.608,0,0.000,0.000,0.000,0.000,0.000,0.000,0.005,-0.242
349.01,0.107,0,0.393,0.608,0,0.000,0.000,0.000,0.000,0.000,0.000,0.005,-0.242
349.21,0.105,0,0.393,0.617,0,0.000,0.000,0.000,0.000,0.000,0.000,0.003,-0.240
349.41,0.106,0,0.393,0.617,0,0.000,0.000,0.000,0.000,0.000,0.000,0.000,-0.250
349.61,0.106,0,0.393,0.617,0,0.000,0.000,0.000,0.000,0.000,0.000,0.001,-0.241
349.81,0.105,0,0.392,0.613,0,0.000,0.000,0.000,0.000,0.000,0.000,-0.000,-0.249
350.01,0.105,0,0.392,0.613,0,0.000,0.000,0.000,0.000,0.000,0.000,-0.000,-0.249
350.21,0.105,0,0.391,0.617,0,0.000,0.000,0.000,0.000,0.000,0.000,-0.003,-0.239
350.41,0.105,0,0.391,0.617,0,0.000,0.000,0.000,0.000,0.000,0.000,0.005,-0.247
350.61,0.105,0,0.391,0.617,0,0.000,0.000,0.000,0.000,0.000,0.000,-0.004,-0.249
350.81,0.105,0,0.390,0.616,0,0.000,0.000,0.000,0.000,0.000,0.000,-0.002,-0.247
351.01,0.105,0,0.390,0.616,0,0.000,0.000,0.000,0.000,0.000,0.000,-0.002,-0.247
351.21,0.106,0,0.389,0.616,0,0.000,0.000,0.000,0.000,0.000,0.000,-0.006,-0.245
351.41,0.105,0,0.389,0.616,0,0.000,0.000,0.000,0.000,0.000,0.000,-0.006,-0.247
351.61,0.105,0,0.389,0.616,0,0.000,0.000,0.000,0.000,0.000,0.000,-0.005,-0.259
351.81,0.108,0,0.393,0.618,0,0.000,0.000,0.000,0.000,0.000,0.000,0.003,-0.245
352.01,0.105,0,0.393,0.618,0,0.000,0.000,0.000,0.000,0.000,0.000,0.003,-0.245
352.21,0.106,0,0.393,0.616,0,0.000,0.000,0.000,0.000,0.000,0.000,0.005,-0.243
352.41,0.107,0,0.393,0.616,0,0.000,0.000,0.000,0.000,0.000,0.000,0.006,-0.240
352.61,0.107,0,0.393,0.616,0,0.000,0.000,0.000,0.000,0.000,0.000,-0.002,-0.248
352.81,0.106,0,0.392,0.618,0,0.000,0.000,0.000,0.000,0.000,0.000,-0.008,-0.251
353.01,0.106,0,0.392,0.618,0,0.000,0.000,0.000,0.000,0.000,0.000,-0.008,-0.251
353.21,0.105,0,0.393,0.614,0,0.000,0.000,0.000,0.000,0.000,0.000,-0.003,-0.238
353.41,0.105,0,0.393,0.614,0,0.000,0.000,0.000,0.000,0.000,0.000,0.002,-0.238
353.61,0.105,0,0.393,0.614,0,0.000,0.000,0.000,0.000,0.000,0.000,0.003,-0.235
353.81,0.105,0,0.392,0.615,0,0.000,0.000,0.000,0.000,0.000,0.000,0.003,-0.235
354.01,0.105,0,0.392,0.615,0,0.000,0.000,0.000,0.000,0.000,0.000,0.010,-0.233
354.21,0.108,0,0.392,0.615,0,0.000,0.000,0.000,0.000,0.000,0.000,0.011,-0.232
354.41,0.106,0,0.392,0.615,0,0.000,0.000,0.000,0.000,0.000,0.000,0.012,-0.233
354.61,0.106,0,0.392,0.615,0,0.000,0.000,0.000,0.000,0.000,0.000,0.010,-0.234
354.81,0.105,0,0.391,0.608,0,0.000,0.000,0.000,0.000,0.000,0.000,0.010,-0.234
355.01,0.105,0,0.391,0.608,0,0.000,0.000,0.000,0.000,0.000,0.000,0.002,-0.229
355.21,0.106,0,0.393,0.618,0,0.000,0.000,0.000,0.000,0.000,0.000,0.001,-0.235
355.41,0.106,0,0.393,0.618,0,0.000,0.000,0.000,0.000,0.000,0.000,0.000,-0.227
355.61,0.105,0,0.393,0.618,0,0.000,0.000,0.000,0.000,0.000,0.000,0.002,-0.227
355.81,0.106,0,0.391,0.613,0,0.000,0.000,0.000,0.000,0.000,0.000,0.002,-0.227
356.01,0.105,0,0.391,0.613,0,0.000,0.000,0.000,0.000,0.000,0.000,0.004,-0.224
356.21,0.105,0,0.392,0.608,0,0.000,0.000,0.000,0.000,0.000,0.000,0.007,-0.224
356.41,0.105,0,0.392,0.608,0,0.000,0.000,0.000,0.000,0.000,0.000,0.005,-0.230
356.61,0.106,0,0.392,0.608,0,0.000,0.000,0.000,0.000,0.000,0.000,0.000,-0.230
356.81,0.106,0,0.391,0.613,0,0.000,0.000,0.000,0.000,0.000,0.000,0.000,-0.230
357.01,0.105,0,0.391,0.613,0,0.000,0.000,0.000,0.000,0.000,0.000,0.001,-0.228
357.21,0.105,0,0.391,0.615,0,0.000,0.000,0.000,0.000,0.000,0.000,0.007,-0.226
357.41,0.105,0,0.391,0.615,0,0.000,0.000,0.000,0.000,0.000,0.000,-0.004,-0.233
357.61,0.105,0,0.391,0.615,0,0.000,0.000,0.000,0.000,0.000,0.000,-0.008,-0.232
357.81,0.108,0,0.391,0.615,0,0.000,0.000,0.000,0.000,0.000,0.000,-0.008,-0.232
358.01,0.106,0,0.391,0.615,0,0.000,0.000,0.000,0.000,0.000,0.000,0.002,-0.230
358.21,0.107,0,0.392,0.616,0,0.000,0.000,0.000,0.000,0.000,0.000,-0.005,-0.234
358.41,0.107,0,0.392,0.616,0,0.000,0.000,0.000,0.000,0.000,0.000,-0.000,-0.236
358.61,0.105,0,0.392,0.616,0,0.000,0.000,0.000,0.000,0.000,0.000,-0.006,-0.236
358.81,0.105,0,0.392,0.615,0,0.000,0.000,0.000,0.000,0.000,0.000,-0.006,-0.236
359.01,0.106,0,0.392,0.615,0,0.000,0.000,0.000,0.000,0.000,0.000,-0.008,-0.244
359.21,0.105,0,0.392,0.609,0,0.000,0.000,0.000,0.000,0.000,0.000,-0.006,-0.244
359.41,0.105,0,0.392,0.609,0,0.000,0.000,0.000,0.000,0.000,0.000,0.003,-0.240
359.61,0.106,0,0.392,0.609,0,0.000,0.000,0.000,0.000,0.000,0.000,0.003,-0.240
359.81,0.105,0,0.392,0.604,0,0.000,0.000,0.000,0.000,0.000,0.000,0.001,-0.237
360.01,0.108,0,0.392,0.604,0,0.000,0.000,0.000,0.000,0.000,0.000,-0.002,-0.241
360.21,0.105,0,0.391,0.617,0,0.000,0.000,0.000,0.000,0.000,0.000,-0.010,-0.254
360.41,0.105,0,0.391,0.617,0,0.000,0.000,0.000,0.000,0.000,0.000,0.001,-0.249
360.61,0.105,0,0.391,0.617,0,0.000,0.000,0.000,0.000,0.000,0.000,0.001,-0.249
360.81,0.105,0,0.392,0.614,0,0.000,0.000,0.000,0.000,0.000,0.000,-0.006,-0.268
361.01,0.105,0,0.392,0.614,0,0.000,0.000,0.000,0.000,0.000,0.000,-0.009,-0.270
361.21,0.105,0,0.392,0.610,0,0.000,0.000,0.000,0.000,0.000,0.000,-0.009,-0.263
361.41,0.105,0,0.392,0.610,0,0.000,0.000,0.000,0.000,0.000,0.000,-0.011,-0.261
361.61,0.106,0,0.392,0.610,0,0.000,0.000,0.000,0.000,0.000,0.000,-0.011,-0.261
361.81,0.105,0,0.393,0.612,0,0.000,0.000,0.000,0.000,0.000,0.000,-0.014,-0.277
362.01,0.106,0,0.393,0.612,0,0.000,0.000,0.000,0.000,0.000,0.000,-0.009,-0.277
362.21,0.106,0,0.392,0.614,0,0.000,0.000,0.000,0.000,0.000,0.000,-0.016,-0.270
362.41,0.105,0,0.392,0.614,0,0.000,0.000,0.000,0.000,0.000,0.000,-0.016,-0.267
362.61,0.108,0,0.392,0.614,0,0.000,0.000,0.000,0.000,0.000,0.000,-0.016,-0.267
362.81,0.105,0,0.392,0.606,0,0.000,0.000,0.000,0.000,0.000,0.000,-0.008,-0.270
363.01,0.105,0,0.392,0.606,0,0.000,0.000,0.000,0.000,0.000,0.000,-0.016,-0.275
363.21,0.105,0,0.392,0.616,0,0.000,0.000,0.000,0.000,0.000,0.000,-0.014,-0.270
363.41,0.105,0,0.392,0.616,0,0.000,0.000,0.000,0.000,0.000,0.000,-0.010,-0.267
363.61,0.105,0,0.392,0.616,0,0.000,0.000,0.000,0.000,0.000,0.000,-0.010,-0.267
363.81,0.105,0,0.393,0.618,0,0.000,0.000,0.000,0.000,0.000,0.000,-0.006,-0.270
364.01,0.108,0,0.393,0.618,0,0.000,0.000,0.000,0.000,0.000,0.000,-0.006,-0.274
364.21,0.108,0,0.391,0.616,0,0.000,0.000,0.000,0.000,0.000,0.000,-0.008,-0.276
364.41,0.105,0,0.391,0.616,0,0.000,0.000,0.000,0.000,0.000,0.000,-0.008,-0.276
364.61,0.106,0,0.391,0.616,0,0.000,0.000,0.000,0.000,0.000,0.000,-0.008,-0.283
364.81,0.105,0,0.390,0.622,0,0.000,0.000,0.000,0.000,0.000,0.000,-0.010,-0.291
365.01,0.106,0,0.390,0.622,0,0.000,0.000,0.000,0.000,0.000,0.000,-0.007,-0.290
365.21,0.106,0,0.393,0.619,0,0.000,0.000,0.000,0.000,0.000,0.000,-0.006,-0.287
365.41,0.105,0,0.393,0.619,0,0.000,0.000,0.000,0.000,0.000,0.000,-0.006,-0.287
365.61,0.105,0,0.393,0.619,0,0.000,0.000,0.000,0.000,0.000,0.000,0.005,-0.283
365.81,0.105,0,0.392,0.618,0,0.000,0.000,0.000,0.000,0.000,0.000,-0.007,-0.279
366.01,0.105,0,0.392,0.618,0,0.000,0.000,0.000,0.000,0.000,0.000,-0.006,-0.280
366.21,0.105,0,0.390,0.619,0,0.000,0.000,0.000,0.000,0.000,0.000,-0.006,-0.282
366.41,0.108,0,0.390,0.619,0,0.000,0.000,0.000,0.000,0.000,0.000,-0.006,-0.282
366.61,0.107,0,0.390,0.619,0,0.000,0.000,0.000,0.000,0.000,0.000,-0.001,-0.285
366.81,0.107,0,0.393,0.620,0,0.000,0.000,0.000,0.000,0.000,0.000,-0.020,-0.290
367.01,0.107,0,0.393,0.620,0,0.000,0.000,0.000,0.000,0.000,0.000,-0.017,-0.291
367.21,0.106,0,0.393,0.616,0,0.000,0.000,0.000,0.000,0.000,0.000,-0.017,-0.294
367.41,0.105,0,0.393,0.616,0,0.000,0.000,0.000,0.000,0.000,0.000,-0.017,-0.294
367.61,0.105,0,0.393,0.616,0,0.000,0.000,0.000,0.000,0.000,0.000,-0.018,-0.286
367.81,0.105,0,0.393,0.623,0,0.000,0.000,0.000,0.000,0.000,0.000,-0.006,-0.282
368.01,0.105,0,0.393,0.623,0,0.000,0.000,0.000,0.000,0.000,0.000,-0.009,-0.291
368.21,0.105,0,0.392,0.622,0,0.000,0.000,0.000,0.000,0.000,0.000,-0.005,-0.286
368.41,0.106,0,0.392,0.622,0,0.000,0.000,0.000,0.000,0.000,0.000,-0.005,-0.286
368.61,0.105,0,0.392,0.622,0,0.000,0.000,0.000,0.000,0.000,0.000,-0.018,-0.284
368.81,0.108,0,0.392,0.606,0,0.000,0.000,0.000,0.000,0.000,0.000,-0.008,-0.293
369.01,0.108,0,0.392,0.606,0,0.000,0.000,0.000,0.000,0.000,0.000,-0.011,-0.305
369.21,0.107,0,0.389,0.621,0,0.000,0.000,0.000,0.000,0.000,0.000,-0.011,-0.305
369.41,0.105,0,0.389,0.621,0,0.000,0.000,0.000,0.000,0.000,0.000,-0.006,-0.289
369.61,0.106,0,0.389,0.621,0,0.000,0.000,0.000,0.000,0.000,0.000,-0.013,-0.284
369.81,0.107,0,0.390,0.621,0,0.000,0.000,0.000,0.000,0.000,0.000,-0.010,-0.281
370.01,0.107,0,0.390,0.621,0,0.000,0.000,0.000,0.000,0.000,0.000,-0.017,-0.278
370.21,0.105,0,0.390,0.623,0,0.000,0.000,0.000,0.000,0.000,0.000,-0.017,-0.278
370.41,0.105,0,0.390,0.623,0,0.000,0.000,0.000,0.000,0.000,0.000,-0.011,-0.287
370.61,0.108,0,0.390,0.623,0,0.000,0.000,0.000,0.000,0.000,0.000,-0.013,-0.278
370.81,0.108,0,0.393,0.623,0,0.000,0.000,0.000,0.000,0.000,0.000,-0.001,-0.284
371.01,0.105,0,0.393,0.623,0,0.000,0.000,0.000,0.000,0.000,0.000,-0.014,-0.291
371.21,0.105,0,0.392,0.623,0,0.000,0.000,0.000,0.000,0.000,0.000,-0.014,-0.291
371.41,0.105,0,0.392,0.623,0,0.000,0.000,0.000,0.000,0.000,0.000,-0.021,-0.273
371.61,0.105,0,0.392,0.623,0,0.000,0.000,0.000,0.000,0.000,0.000,-0.013,-0.283
371.81,0.105,0,0.393,0.618,0,0.000,0.000,0.000,0.000,0.000,0.000,-0.017,-0.277
372.01,0.107,0,0.393,0.618,0,0.000,0.000,0.000,0.000,0.000,0.000,-0.010,-0.278
372.21,0.105,0,0.392,0.618,0,0.000,0.000,0.000,0.000,0.000,0.000,-0.010,-0.278
372.41,0.105,0,0.392,0.618,0,0.000,0.000,0.000,0.000,0.000,0.000,-0.010,-0.277
372.61,0.108,0,0.392,0.618,0,0.000,0.000,0.000,0.000,0.000,0.000,-0.003,-0.285
372.81,0.108,0,0.392,0.620,0,0.000,0.000,0.000,0.000,0.000,0.000,-0.001,-0.276
373.01,0.106,0,0.392,0.620,0,0.000,0.000,0.000,0.000,0.000,0.000,-0.010,-0.267
373.21,0.105,0,0.210,0.361,1,0.000,0.000,0.000,0.000,0.000,0.000,-0.010,-0.267
373.41,0.104,0,0.210,0.361,1,0.000,0.000,0.000,0.000,0.000,0.000,-0.007,-0.271
373.61,0.108,0,0.210,0.361,1,0.000,0.000,0.000,0.000,0.000,0.000,-0.010,-0.282
373.81,0.108,0,0.392,0.450,1,0.000,0.000,0.000,0.000,0.000,0.000,-0.000,-0.284
374.01,0.106,0,0.392,0.450,1,0.000,0.000,0.000,0.000,0.000,0.000,-0.011,-0.292
374.21,0.108,0,0.274,0.594,0,0.000,0.000,0.000,0.000,0.000,0.000,-0.011,-0.292
374.41,0.105,0,0.274,0.594,0,0.000,0.000,0.000,0.000,0.000,0.000,-0.001,-0.278
374.61,0.106,0,0.274,0.594,0,0.000,0.000,0.000,0.000,0.000,0.000,-0.004,-0.275
374.81,0.106,0,0.391,0.377,1,0.000,0.000,0.000,0.000,0.000,0.000,-0.001,-0.280
375.01,0.106,0,0.391,0.377,1,0.000,0.000,0.000,0.000,0.000,0.000,-0.001,-0.280
375.21,0.105,0,0.393,0.622,0,0.000,0.000,0.000,0.000,0.000,0.000,-0.010,-0.285
375.41,0.105,0,0.393,0.622,0,0.000,0.000,0.000,0.000,0.000,0.000,-0.013,-0.282
375.61,0.105,0,0.393,0.622,0,0.000,0.000,0.000,0.000,0.000,0.000,-0.006,-0.286
375.81,0.108,0,0.392,0.619,0,0.000,0.000,0.000,0.000,0.000,0.000,-0.012,-0.288
376.01,0.105,0,0.392,0.619,0,0.000,0.000,0.000,0.000,0.000,0.000,-0.012,-0.288
376.21,0.105,0,0.392,0.618,0,0.000,0.000,0.000,0.000,0.000,0.000,-0.008,-0.289
376.41,0.105,0,0.392,0.618,0,0.000,0.000,0.000,0.000,0.000,0.000,-0.001,-0.277
376.61,0.105,0,0.392,0.618,0,0.000,0.000,0.000,0.000,0.000,0.000,-0.008,-0.284
376.81,0.108,0,0.390,0.618,0,0.000,0.000,0.000,0.000,0.000,0.000,-0.004,-0.283
377.01,0.105,0,0.390,0.618,0,0.000,0.000,0.000,0.000,0.000,0.000,-0.004,-0.283
377.21,0.105,0,0.392,0.624,0,0.000,0.000,0.000,0.000,0.000,0.000,-0.003,-0.283
377.41,0.106,0,0.392,0.624,0,0.000,0.000,0.000,0.000,0.000,0.000,-0.006,-0.277
377.61,0.106,0,0.392,0.624,0,0.000,0.000,0.000,0.000,0.000,0.000,-0.007,-0.269
377.81,0.105,0,0.392,0.621,0,0.000,0.000,0.000,0.000,0.000,0.000,-0.016,-0.282
378.01,0.105,0,0.392,0.621,0,0.000,0.000,0.000,0.000,0.000,0.000,-0.016,-0.282
378.21,0.105,0,0.392,0.622,0,0.000,0.000,0.000,0.000,0.000,0.000,-0.005,-0.274
378.41,0.106,0,0.392,0.622,0,0.000,0.000,0.000,0.000,0.000,0.000,-0.006,-0.265
378.61,0.106,0,0.392,0.622,0,0.000,0.000,0.000,0.000,0.000,0.000,-0.002,-0.280
378.81,0.107,0,0.390,0.621,0,0.000,0.000,0.000,0.000,0.000,0.000,-0.002,-0.280
379.01,0.106,0,0.390,0.621,0,0.000,0.000,0.000,0.000,0.000,0.000,-0.007,-0.274
379.21,0.105,0,0.393,0.619,0,0.000,0.000,0.000,0.000,0.000,0.000,-0.009,-0.279
379.41,0.106,0,0.393,0.619,0,0.000,0.000,0.000,0.000,0.000,0.000,0.001,-0.282
379.61,0.106,0,0.393,0.619,0,0.000,0.000,0.000,0.000,0.000,0.000,-0.001,-0.278
379.81,0.108,0,0.392,0.623,0,0.000,0.000,0.000,0.000,0.000,0.000,-0.001,-0.278
380.01,0.105,0,0.392,0.623,0,0.000,0.000,0.000,0.000,0.000,0.000,-0.002,-0.278
380.21,0.105,0,0.393,0.624,0,0.000,0.000,0.000,0.000,0.000,0.000,0.002,-0.277
380.41,0.105,0,0.393,0.624,0,0.000,0.000,0.000,0.000,0.000,0.000,0.001,-0.280
380.61,0.105,0,0.393,0.624,0,0.000,0.000,0.000,0.000,0.000,0.000,-0.002,-0.278
380.81,0.108,0,0.392,0.619,0,0.000,0.000,0.000,0.000,0.000,0.000,-0.002,-0.278
381.01,0.105,0,0.392,0.619,0,0.000,0.000,0.000,0.000,0.000,0.000,0.007,-0.271
381.21,0.108,0,0.392,0.616,0,0.000,0.000,0.000,0.000,0.000,0.000,-0.002,-0.279
381.41,0.108,0,0.392,0.616,0,0.000,0.000,0.000,0.000,0.000,0.000,-0.016,-0.283
381.61,0.106,0,0.392,0.616,0,0.000,0.000,0.000,0.000,0.000,0.000,-0.005,-0.276
381.81,0.105,0,0.390,0.620,0,0.000,0.000,0.000,0.000,0.000,0.000,-0.005,-0.276
382.01,0.106,0,0.390,0.620,0,0.000,0.000,0.000,0.000,0.000,0.000,-0.003,-0.269
382.21,0.108,0,0.393,0.622,0,0.000,0.000,0.000,0.000,0.000,0.000,-0.006,-0.277
382.41,0.108,0,0.393,0.622,0,0.000,0.000,0.000,0.000,0.000,0.000,-0.008,-0.289
382.61,0.106,0,0.393,0.622,0,0.000,0.000,0.000,0.000,0.000,0.000,0.001,-0.272
382.81,0.105,0,0.390,0.622,0,0.000,0.000,0.000,0.000,0.000,0.000,0.001,-0.272
383.01,0.106,0,0.390,0.622,0,0.000,0.000,0.000,0.000,0.000,0.000,-0.001,-0.280
383.21,0.108,0,0.392,0.618,0,0.000,0.000,0.000,0.000,0.000,0.000,-0.007,-0.284
383.41,0.108,0,0.392,0.618,0,0.000,0.000,0.000,0.000,0.000,0.000,-0.004,-0.272
383.61,0.105,0,0.392,0.618,0,0.000,0.000,0.000,0.000,0.000,0.000,-0.004,-0.272
383.81,0.106,0,0.391,0.620,0,0.000,0.000,0.000,0.000,0.000,0.000,-0.008,-0.275
384.01,0.105,0,0.391,0.620,0,0.000,0.000,0.000,0.000,0.000,0.000,-0.012,-0.281
384.21,0.105,0,0.392,0.619,0,0.000,0.000,0.000,0.000,0.000,0.000,-0.007,-0.285
384.41,0.105,0,0.392,0.619,0,0.000,0.000,0.000,0.000,0.000,0.000,-0.007,-0.275
384.61,0.105,0,0.392,0.619,0,0.000,0.000,0.000,0.000,0.000,0.000,-0.007,-0.275
384.81,0.105,0,0.390,0.623,0,0.000,0.000,0.000,0.000,0.000,0.000,-0.001,-0.282
385.01,0.106,0,0.390,0.623,0,0.000,0.000,0.000,0.000,0.000,0.000,-0.002,-0.287
385.21,0.106,0,0.392,0.623,0,0.000,0.000,0.000,0.000,0.000,0.000,-0.005,-0.298
385.41,0.107,0,0.392,0.623,0,0.000,0.000,0.000,0.000,0.000,0.000,-0.013,-0.296
385.61,0.106,0,0.392,0.623,0,0.000,0.000,0.000,0.000,0.000,0.000,-0.013,-0.296
385.81,0.106,0,0.391,0.622,0,0.000,0.000,0.000,0.000,0.000,0.000,-0.014,-0.297
386.01,0.105,0,0.391,0.622,0,0.000,0.000,0.000,0.000,0.000,0.000,-0.005,-0.292
386.21,0.105,0,0.390,0.623,0,0.000,0.000,0.000,0.000,0.000,0.000,-0.007,-0.284
386.41,0.108,0,0.390,0.623,0,0.000,0.000,0.000,0.000,0.000,0.000,-0.008,-0.295
386.61,0.105,0,0.390,0.623,0,0.000,0.000,0.000,0.000,0.000,0.000,-0.008,-0.295
386.81,0.106,0,0.390,0.624,0,0.000,0.000,0.000,0.000,0.000,0.000,-0.006,-0.287
387.01,0.105,0,0.390,0.624,0,0.000,0.000,0.000,0.000,0.000,0.000,-0.001,-0.291
387.21,0.105,0,0.393,0.618,0,0.000,0.000,0.000,0.000,0.000,0.000,-0.006,-0.289
387.41,0.106,0,0.393,0.618,0,0.000,0.000,0.000,0.000,0.000,0.000,-0.006,-0.291
387.61,0.106,0,0.393,0.618,0,0.000,0.000,0.000,0.000,0.000,0.000,-0.006,-0.291
387.81,0.108,0,0.392,0.615,0,0.000,0.000,0.000,0.000,0.000,0.000,-0.006,-0.290
388.01,0.105,0,0.392,0.615,0,0.000,0.000,0.000,0.000,0.000,0.000,-0.012,-0.290
388.21,0.105,0,0.391,0.621,0,0.000,0.000,0.000,0.000,0.000,0.000,-0.005,-0.291
388.41,0.106,0,0.391,0.621,0,0.000,0.000,0.000,0.000,0.000,0.000,-0.005,-0.291
388.61,0.106,0,0.391,0.621,0,0.000,0.000,0.000,0.000,0.000,0.000,-0.008,-0.286
388.81,0.108,0,0.390,0.620,0,0.000,0.000,0.000,0.000,0.000,0.000,-0.008,-0.291
389.01,0.105,0,0.390,0.620,0,0.000,0.000,0.000,0.000,0.000,0.000,-0.012,-0.288
389.21,0.105,0,0.390,0.618,0,0.000,0.000,0.000,0.000,0.000,0.000,-0.009,-0.287
389.41,0.107,0,0.390,0.618,0,0.000,0.000,0.000,0.000,0.000,0.000,-0.009,-0.287
389.61,0.105,0,0.390,0.618,0,0.000,0.000,0.000,0.000,0.000,0.000,-0.004,-0.281
389.81,0.105,0,0.392,0.622,0,0.000,0.000,0.000,0.000,0.000,0.000,-0.010,-0.296
390.01,0.105,0,0.392,0.622,0,0.000,0.000,0.000,0.000,0.000,0.000,-0.010,-0.288
390.21,0.104,0,0.391,0.622,0,0.000,0.000,0.000,0.000,0.000,0.000,-0.010,-0.294
390.41,0.108,0,0.391,0.622,0,0.000,0.000,0.000,0.000,0.000,0.000,-0.010,-0.294
390.61,0.106,0,0.391,0.622,0,0.000,0.000,0.000,0.000,0.000,0.000,-0.006,-0.292
390.81,0.106,0,0.392,0.620,0,0.000,0.000,0.000,0.000,0.000,0.000,-0.014,-0.289
391.01,0.106,0,0.392,0.620,0,0.000,0.000,0.000,0.000,0.000,0.000,-0.015,-0.288
391.21,0.105,0,0.392,0.623,0,0.000,0.000,0.000,0.000,0.000,0.000,-0.003,-0.280
391.41,0.105,0,0.392,0.623,0,0.000,0.000,0.000,0.000,0.000,0.000,-0.003,-0.280
391.61,0.105,0,0.392,0.623,0,0.000,0.000,0.000,0.000,0.000,0.000,-0.007,-0.286
391.81,0.106,0,0.393,0.619,0,0.000,0.000,0.000,0.000,0.000,0.000,-0.002,-0.280
392.01,0.106,0,0.393,0.619,0,0.000,0.000,0.000,0.000,0.000,0.000,-0.005,-0.287
392.21,0.105,0,0.393,0.624,0,0.000,0.000,0.000,0.000,0.000,0.000,-0.009,-0.293
392.41,0.107,0,0.393,0.624,0,0.000,0.000,0.000,0.000,0.000,0.000,-0.009,-0.293
392.61,0.106,0,0.393,0.624,0,0.000,0.000,0.000,0.000,0.000,0.000,-0.006,-0.290
392.81,0.105,0,0.393,0.620,0,0.000,0.000,0.000,0.000,0.000,0.000,-0.012,-0.286
393.01,0.105,0,0.393,0.620,0,0.000,0.000,0.000,0.000,0.000,0.000,-0.006,-0.287
393.21,0.105,0,0.392,0.623,0,0.000,0.000,0.000,0.000,0.000,0.000,-0.006,-0.287
393.41,0.105,0,0.392,0.623,0,0.000,0.000,0.000,0.000,0.000,0.000,0.002,-0.288
393.61,0.105,0,0.392,0.623,0,0.000,0.000,0.000,0.000,0.000,0.000,-0.011,-0.293
393.81,0.105,0,0.392,0.624,0,0.000,0.000,0.000,0.000,0.000,0.000,-0.002,-0.285
394.01,0.105,0,0.392,0.624,0,0.000,0.000,0.000,0.000,0.000,0.000,-0.000,-0.285
394.21,0.105,0,0.393,0.622,0,0.000,0.000,0.000,0.000,0.000,0.000,-0.000,-0.285
394.41,0.105,0,0.393,0.622,0,0.000,0.000,0.000,0.000,0.000,0.000,-0.004,-0.288
394.61,0.105,0,0.393,0.622,0,0.000,0.000,0.000,0.000,0.000,0.000,-0.008,-0.288
394.81,0.105,0,0.390,0.619,0,0.000,0.000,0.000,0.000,0.000,0.000,-0.001,-0.294
395.01,0.108,0,0.390,0.619,0,0.000,0.000,0.000,0.000,0.000,0.000,-0.003,-0.288
395.21,0.105,0,0.392,0.618,0,0.000,0.000,0.000,0.000,0.000,0.000,-0.003,-0.288
395.41,0.105,0,0.392,0.618,0,0.000,0.000,0.000,0.000,0.000,0.000,-0.005,-0.288
395.61,0.105,0,0.392,0.618,0,0.000,0.000,0.000,0.000,0.000,0.000,0.002,-0.287
395.81,0.105,0,0.393,0.619,0,0.000,0.000,0.000,0.000,0.000,0.000,-0.002,-0.287
396.01,0.106,0,0.393,0.619,0,0.000,0.000,0.000,0.000,0.000,0.000,0.003,-0.295
396.21,0.106,0,0.392,0.620,0,0.000,0.000,0.000,0.000,0.000,0.000,0.003,-0.295
396.41,0.108,0,0.392,0.620,0,0.000,0.000,0.000,0.000,0.000,0.000,-0.006,-0.290
396.61,0.105,0,0.392,0.620,0,0.000,0.000,0.000,0.000,0.000,0.000,-0.002,-0.291
396.81,0.105,0,0.392,0.619,0,0.000,0.000,0.000,0.000,0.000,0.000,-0.008,-0.290
397.01,0.107,0,0.392,0.619,0,0.000,0.000,0.000,0.000,0.000,0.000,-0.008,-0.290
397.21,0.105,0,0.391,0.622,0,0.000,0.000,0.000,0.000,0.000,0.000,-0.005,-0.293
397.41,0.105,0,0.391,0.622,0,0.000,0.000,0.000,0.000,0.000,0.000,-0.003,-0.285
397.61,0.106,0,0.391,0.622,0,0.000,0.000,0.000,0.000,0.000,0.000,0.006,-0.294
397.81,0.106,0,0.391,0.622,0,0.000,0.000,0.000,0.000,0.000,0.000,-0.002,-0.295
398.01,0.106,0,0.391,0.622,0,0.000,0.000,0.000,0.000,0.000,0.000,-0.002,-0.295
398.21,0.105,0,0.392,0.620,0,0.000,0.000,0.000,0.000,0.000,0.000,-0.005,-0.290
398.41,0.108,0,0.392,0.620,0,0.000,0.000,0.000,0.000,0.000,0.000,-0.002,-0.290
398.61,0.108,0,0.392,0.620,0,0.000,0.000,0.000,0.000,0.000,0.000,-0.003,-0.300
398.81,0.106,0,0.392,0.621,0,0.000,0.000,0.000,0.000,0.000,0.000,-0.001,-0.293
399.01,0.106,0,0.392,0.621,0,0.000,0.000,0.000,0.000,0.000,0.000,-0.001,-0.293
399.21,0.108,0,0.390,0.619,0,0.000,0.000,0.000,0.000,0.000,0.000,-0.003,-0.297
399.41,0.105,0,0.390,0.619,0,0.000,0.000,0.000,0.000,0.000,0.000,-0.002,-0.291
399.61,0.105,0,0.390,0.619,0,0.000,0.000,0.000,0.000,0.000,0.000,-0.003,-0.290
399.81,0.106,0,0.393,0.620,0,0.000,0.000,0.000,0.000,0.000,0.000,-0.003,-0.290
400.01,0.105,0,0.393,0.620,0,0.000,0.000,0.000,0.000,0.000,0.000,-0.003,-0.290
400.21,0.105,0,0.392,0.622,0,0.000,0.000,0.000,0.000,0.000,0.000,-0.001,-0.291
400.41,0.106,0,0.392,0.622,0,0.000,0.000,0.000,0.000,0.000,0.000,0.001,-0.293
400.61,0.106,0,0.392,0.622,0,0.000,0.000,0.000,0.000,0.000,0.000,0.006,-0.299
400.81,0.108,0,0.392,0.621,0,0.000,0.000,0.000,0.000,0.000,0.000,0.006,-0.299
401.01,0.106,0,0.392,0.621,0,0.000,0.000,0.000,0.000,0.000,0.000,0.008,-0.296
401.21,0.105,0,0.393,0.622,0,0.000,0.000,0.000,0.000,0.000,0.000,0.000,-0.286
401.41,0.105,0,0.393,0.622,0,0.000,0.000,0.000,0.000,0.000,0.000,0.004,-0.288
401.61,0.105,0,0.393,0.622,0,0.000,0.000,0.000,0.000,0.000,0.000,0.006,-0.287
401.81,0.105,0,0.392,0.624,0,0.000,0.000,0.000,0.000,0.000,0.000,0.006,-0.287
402.01,0.107,0,0.392,0.624,0,0.000,0.000,0.000,0.000,0.000,0.000,-0.002,-0.284
402.21,0.106,0,0.392,0.620,0,0.000,0.000,0.000,0.000,0.000,0.000,0.005,-0.281
402.41,0.106,0,0.392,0.620,0,0.000,0.000,0.000,0.000,0.000,0.000,0.010,-0.282
402.61,0.106,0,0.392,0.620,0,0.000,0.000,0.000,0.000,0.000,0.000,0.005,-0.280
402.81,0.105,0,0.392,0.621,0,0.000,0.000,0.000,0.000,0.000,0.000,0.005,-0.280
403.01,0.105,0,0.392,0.621,0,0.000,0.000,0.000,0.000,0.000,0.000,0.006,-0.279
403.21,0.105,0,0.390,0.622,0,0.000,0.000,0.000,0.000,0.000,0.000,0.005,-0.277
403.41,0.105,0,0.390,0.622,0,0.000,0.000,0.000,0.000,0.000,0.000,0.005,-0.279
403.61,0.106,0,0.390,0.622,0,0.000,0.000,0.000,0.000,0.000,0.000,0.007,-0.283
403.81,0.107,0,0.390,0.620,0,0.000,0.000,0.000,0.000,0.000,0.000,0.007,-0.283
404.01,0.105,0,0.390,0.620,0,0.000,0.000,0.000,0.000,0.000,0.000,0.009,-0.276
404.21,0.106,0,0.390,0.617,0,0.000,0.000,0.000,0.000,0.000,0.000,0.011,-0.278
404.41,0.106,0,0.390,0.617,0,0.000,0.000,0.000,0.000,0.000,0.000,0.013,-0.268
404.61,0.105,0,0.390,0.617,0,0.000,0.000,0.000,0.000,0.000,0.000,-0.001,-0.278
404.81,0.105,0,0.391,0.616,0,0.000,0.000,0.000,0.000,0.000,0.000,-0.001,-0.278
405.01,0.105,0,0.391,0.616,0,0.000,0.000,0.000,0.000,0.000,0.000,0.006,-0.278
405.21,0.106,0,0.391,0.623,0,0.000,0.000,0.000,0.000,0.000,0.000,0.002,-0.277
405.41,0.106,0,0.391,0.623,0,0.000,0.000,0.000,0.000,0.000,0.000,0.001,-0.274
405.61,0.105,0,0.391,0.623,0,0.000,0.000,0.000,0.000,0.000,0.000,0.001,-0.274
405.81,0.108,0,0.390,0.620,0,0.000,0.000,0.000,0.000,0.000,0.000,0.002,-0.277
406.01,0.105,0,0.390,0.620,0,0.000,0.000,0.000,0.000,0.000,0.000,0.007,-0.277
406.21,0.105,0,0.394,0.618,0,0.000,0.000,0.000,0.000,0.000,0.000,0.002,-0.278
406.41,0.105,0,0.394,0.618,0,0.000,0.000,0.000,0.000,0.000,0.000,0.001,-0.280
406.61,0.104,0,0.394,0.618,0,0.000,0.000,0.000,0.000,0.000,0.000,0.001,-0.280
406.81,0.105,0,0.392,0.619,0,0.000,0.000,0.000,0.000,0.000,0.000,0.002,-0.278
407.01,0.105,0,0.392,0.619,0,0.000,0.000,0.000,0.000,0.000,0.000,0.008,-0.278
407.21,0.105,0,0.392,0.620,0,0.000,0.000,0.000,0.000,0.000,0.000,0.008,-0.280
407.41,0.105,0,0.392,0.620,0,0.000,0.000,0.000,0.000,0.000,0.000,0.008,-0.280
407.61,0.106,0,0.392,0.620,0,0.000,0.000,0.000,0.000,0.000,0.000,0.008,-0.280
407.81,0.105,0,0.393,0.624,0,0.000,0.000,0.000,0.000,0.000,0.000,0.003,-0.279
408.01,0.106,0,0.393,0.624,0,0.000,0.000,0.000,0.000,0.000,0.000,0.006,-0.276
408.21,0.106,0,0.392,0.619,0,0.000,0.000,0.000,0.000,0.000,0.000,0.005,-0.276
408.41,0.105,0,0.392,0.619,0,0.000,0.000,0.000,0.000,0.000,0.000,0.003,-0.276
408.61,0.106,0,0.392,0.619,0,0.000,0.000,0.000,0.000,0.000,0.000,0.003,-0.276
408.81,0.105,0,0.390,0.618,0,0.000,0.000,0.000,0.000,0.000,0.000,0.003,-0.281
409.01,0.106,0,0.390,0.618,0,0.000,0.000,0.000,0.000,0.000,0.000,0.009,-0.286
409.21,0.106,0,0.391,0.620,0,0.000,0.000,0.000,0.000,0.000,0.000,0.010,-0.275
409.41,0.107,0,0.391,0.620,0,0.000,0.000,0.000,0.000,0.000,0.000,0.010,-0.275
409.61,0.106,0,0.391,0.620,0,0.000,0.000,0.000,0.000,0.000,0.000,0.007,-0.273
409.81,0.105,0,0.392,0.616,0,0.000,0.000,0.000,0.000,0.000,0.000,0.011,-0.273
410.01,0.105,0,0.392,0.616,0,0.000,0.000,0.000,0.000,0.000,0.000,0.008,-0.283
410.21,0.105,0,0.392,0.622,0,0.000,0.000,0.000,0.000,0.000,0.000,0.001,-0.274
410.41,0.107,0,0.392,0.622,0,0.000,0.000,0.000,0.000,0.000,0.000,0.001,-0.274
410.61,0.105,0,0.392,0.622,0,0.000,0.000,0.000,0.000,0.000,0.000,0.010,-0.270
410.81,0.106,0,0.393,0.620,0,0.000,0.000,0.000,0.000,0.000,0.000,0.014,-0.271
411.01,0.106,0,0.393,0.620,0,0.000,0.000,0.000,0.000,0.000,0.000,0.008,-0.280
411.21,0.106,0,0.393,0.623,0,0.000,0.000,0.000,0.000,0.000,0.000,0.009,-0.279
411.41,0.106,0,0.393,0.623,0,0.000,0.000,0.000,0.000,0.000,0.000,0.009,-0.279
411.61,0.107,0,0.393,0.623,0,0.000,0.000,0.000,0.000,0.000,0.000,0.004,-0.275
411.81,0.105,0,0.390,0.618,0,0.000,0.000,0.000,0.000,0.000,0.000,0.002,-0.283
412.01,0.105,0,0.390,0.618,0,0.000,0.000,0.000,0.000,0.000,0.000,-0.003,-0.278
412.21,0.105,0,0.393,0.623,0,0.000,0.000,0.000,0.000,0.000,0.000,0.009,-0.268
412.41,0.105,0,0.393,0.623,0,0.000,0.000,0.000,0.000,0.000,0.000,0.009,-0.268
412.61,0.105,0,0.393,0.623,0,0.000,0.000,0.000,0.000,0.000,0.000,0.009,-0.278
412.81,0.105,0,0.393,0.621,0,0.000,0.000,0.000,0.000,0.000,0.000,0.009,-0.276
413.01,0.105,0,0.393,0.621,0,0.000,0.000,0.000,0.000,0.000,0.000,0.010,-0.267
413.21,0.105,0,0.391,0.620,0,0.000,0.000,0.000,0.000,0.000,0.000,0.010,-0.267
413.41,0.105,0,0.391,0.620,0,0.000,0.000,0.000,0.000,0.000,0.000,0.010,-0.271
413.61,0.108,0,0.391,0.620,0,0.000,0.000,0.000,0.000,0.000,0.000,-0.007,-0.278
413.81,0.106,0,0.390,0.619,0,0.000,0.000,0.000,0.000,0.000,0.000,0.004,-0.283
414.01,0.106,0,0.390,0.619,0,0.000,0.000,0.000,0.000,0.000,0.000,-0.004,-0.275
414.21,0.107,0,0.392,0.621,0,0.000,0.000,0.000,0.000,0.000,0.000,-0.004,-0.275
414.41,0.106,0,0.392,0.621,0,0.000,0.000,0.000,0.000,0.000,0.000,0.006,-0.277
414.61,0.106,0,0.392,0.621,0,0.000,0.000,0.000,0.000,0.000,0.000,-0.001,-0.281
414.81,0.106,0,0.390,0.619,0,0.000,0.000,0.000,0.000,0.000,0.000,-0.003,-0.283
415.01,0.108,0,0.390,0.619,0,0.000,0.000,0.000,0.000,0.000,0.000,0.006,-0.282
415.21,0.108,0,0.392,0.606,0,0.000,0.000,0.000,0.000,0.000,0.000,0.006,-0.282
415.41,0.106,0,0.392,0.606,0,0.000,0.000,0.000,0.000,0.000,0.000,-0.002,-0.290
415.61,0.106,0,0.392,0.606,0,0.000,0.000,0.000,0.000,0.000,0.000,0.005,-0.279
415.81,0.106,0,0.392,0.617,0,0.000,0.000,0.000,0.000,0.000,0.000,-0.004,-0.286
416.01,0.105,0,0.392,0.617,0,0.000,0.000,0.000,0.000,0.000,0.000,0.016,-0.284
416.21,0.106,0,0.392,0.617,0,0.000,0.000,0.000,0.000,0.000,0.000,0.016,-0.284
416.41,0.105,0,0.392,0.617,0,0.000,0.000,0.000,0.000,0.000,0.000,0.005,-0.288
416.61,0.106,0,0.392,0.617,0,0.000,0.000,0.000,0.000,0.000,0.000,0.017,-0.283
416.81,0.106,0,0.392,0.619,0,0.000,0.000,0.000,0.000,0.000,0.000,0.015,-0.269
417.01,0.105,0,0.392,0.619,0,0.000,0.000,0.000,0.000,0.000,0.000,0.014,-0.274
417.21,0.106,0,0.391,0.612,0,0.000,0.000,0.000,0.000,0.000,0.000,0.014,-0.274
417.41,0.105,0,0.391,0.612,0,0.000,0.000,0.000,0.000,0.000,0.000,0.011,-0.276
417.61,0.105,0,0.391,0.612,0,0.000,0.000,0.000,0.000,0.000,0.000,0.010,-0.273
417.81,0.105,0,0.392,0.619,0,0.000,0.000,0.000,0.000,0.000,0.000,0.009,-0.270
418.01,0.105,0,0.392,0.619,0,0.000,0.000,0.000,0.000,0.000,0.000,0.009,-0.270
418.21,0.105,0,0.392,0.619,0,0.000,0.000,0.000,0.000,0.000,0.000,0.017,-0.272
418.41,0.105,0,0.392,0.619,0,0.000,0.000,0.000,0.000,0.000,0.000,0.011,-0.277
418.61,0.105,0,0.392,0.619,0,0.000,0.000,0.000,0.000,0.000,0.000,0.010,-0.281
418.81,0.105,0,0.391,0.625,0,0.000,0.000,0.000,0.000,0.000,0.000,0.009,-0.277
419.01,0.105,0,0.391,0.625,0,0.000,0.000,0.000,0.000,0.000,0.000,0.009,-0.277
419.21,0.105,0,0.390,0.619,0,0.000,0.000,0.000,0.000,0.000,0.000,0.017,-0.272
419.41,0.106,0,0.390,0.619,0,0.000,0.000,0.000,0.000,0.000,0.000,0.014,-0.278
419.61,0.106,0,0.390,0.619,0,0.000,0.000,0.000,0.000,0.000,0.000,0.011,-0.282
419.81,0.105,0,0.392,0.625,0,0.000,0.000,0.000,0.000,0.000,0.000,0.017,-0.280
420.01,0.105,0,0.392,0.625,0,0.000,0.000,0.000,0.000,0.000,0.000,0.017,-0.280
420.21,0.108,0,0.392,0.623,0,0.000,0.000,0.000,0.000,0.000,0.000,0.011,-0.278
420.41,0.106,0,0.392,0.623,0,0.000,0.000,0.000,0.000,0.000,0.000,0.014,-0.280
420.61,0.106,0,0.392,0.623,0,0.000,0.000,0.000,0.000,0.000,0.000,0.009,-0.277
420.81,0.105,0,0.390,0.620,0,0.000,0.000,0.000,0.000,0.000,0.000,0.012,-0.273
421.01,0.106,0,0.390,0.620,0,0.000,0.000,0.000,0.000,0.000,0.000,0.012,-0.273
421.21,0.106,0,0.391,0.623,0,0.000,0.000,0.000,0.000,0.000,0.000,0.017,-0.287
421.41,0.106,0,0.391,0.623,0,0.000,0.000,0.000,0.000,0.000,0.000,0.014,-0.284
421.61,0.106,0,0.391,0.623,0,0.000,0.000,0.000,0.000,0.000,0.000,0.006,-0.277
421.81,0.105,0,0.392,0.619,0,0.000,0.000,0.000,0.000,0.000,0.000,0.006,-0.277
422.01,0.106,0,0.392,0.619,0,0.000,0.000,0.000,0.000,0.000,0.000,0.011,-0.275
422.21,0.108,0,0.392,0.618,0,0.000,0.000,0.000,0.000,0.000,0.000,0.009,-0.273
422.41,0.106,0,0.392,0.618,0,0.000,0.000,0.000,0.000,0.000,0.000,0.006,-0.274
422.61,0.106,0,0.392,0.618,0,0.000,0.000,0.000,0.000,0.000,0.000,0.013,-0.271
422.81,0.108,0,0.392,0.615,0,0.000,0.000,0.000,0.000,0.000,0.000,0.013,-0.271
423.01,0.108,0,0.392,0.615,0,0.000,0.000,0.000,0.000,0.000,0.000,0.015,-0.279
423.21,0.105,0,0.392,0.619,0,0.000,0.000,0.000,0.000,0.000,0.000,0.014,-0.284
423.41,0.105,0,0.392,0.619,0,0.000,0.000,0.000,0.000,0.000,0.000,0.011,-0.273
423.61,0.106,0,0.392,0.619,0,0.000,0.000,0.000,0.000,0.000,0.000,0.006,-0.277
423.81,0.105,0,0.390,0.618,0,0.000,0.000,0.000,0.000,0.000,0.000,0.006,-0.277
424.01,0.105,0,0.390,0.618,0,0.000,0.000,0.000,0.000,0.000,0.000,0.014,-0.266
424.21,0.105,0,0.392,0.616,0,0.000,0.000,0.000,0.000,0.000,0.000,0.002,-0.272
424.41,0.105,0,0.392,0.616,0,0.000,0.000,0.000,0.000,0.000,0.000,0.010,-0.256
424.61,0.105,0,0.392,0.616,0,0.000,0.000,0.000,0.000,0.000,0.000,0.009,-0.263
424.81,0.108,0,0.392,0.618,0,0.000,0.000,0.000,0.000,0.000,0.000,0.009,-0.263
425.01,0.108,0,0.392,0.618,0,0.000,0.000,0.000,0.000,0.000,0.000,0.011,-0.276
425.21,0.106,0,0.393,0.617,0,0.000,0.000,0.000,0.000,0.000,0.000,0.007,-0.263
425.41,0.106,0,0.393,0.617,0,0.000,0.000,0.000,0.000,0.000,0.000,0.010,-0.270
425.61,0.105,0,0.393,0.617,0,0.000,0.000,0.000,0.000,0.000,0.000,0.013,-0.268
425.81,0.106,0,0.392,0.621,0,0.000,0.000,0.000,0.000,0.000,0.000,0.013,-0.268
426.01,0.107,0,0.392,0.621,0,0.000,0.000,0.000,0.000,0.000,0.000,0.012,-0.275
426.21,0.105,0,0.393,0.622,0,0.000,0.000,0.000,0.000,0.000,0.000,0.008,-0.269
426.41,0.105,0,0.393,0.622,0,0.000,0.000,0.000,0.000,0.000,0.000,0.011,-0.274
426.61,0.105,0,0.393,0.622,0,0.000,0.000,0.000,0.000,0.000,0.000,0.011,-0.274
426.81,0.105,0,0.391,0.612,0,0.000,0.000,0.000,0.000,0.000,0.000,0.017,-0.270
427.01,0.106,0,0.391,0.612,0,0.000,0.000,0.000,0.000,0.000,0.000,0.011,-0.273
427.21,0.106,0,0.392,0.617,0,0.000,0.000,0.000,0.000,0.000,0.000,0.016,-0.266
427.41,0.105,0,0.392,0.617,0,0.000,0.000,0.000,0.000,0.000,0.000,0.011,-0.269
427.61,0.105,0,0.392,0.617,0,0.000,0.000,0.000,0.000,0.000,0.000,0.011,-0.269
427.81,0.105,0,0.390,0.621,0,0.000,0.000,0.000,0.000,0.000,0.000,0.019,-0.267
428.01,0.105,0,0.390,0.621,0,0.000,0.000,0.000,0.000,0.000,0.000,0.014,-0.266
428.21,0.105,0,0.393,0.613,0,0.000,0.000,0.000,0.000,0.000,0.000,0.014,-0.271
428.41,0.106,0,0.393,0.613,0,0.000,0.000,0.000,0.000,0.000,0.000,0.019,-0.268
428.61,0.106,0,0.393,0.613,0,0.000,0.000,0.000,0.000,0.000,0.000,0.019,-0.268
428.81,0.105,0,0.390,0.617,0,0.000,0.000,0.000,0.000,0.000,0.000,0.015,-0.274
429.01,0.105,0,0.390,0.617,0,0.000,0.000,0.000,0.000,0.000,0.000,0.009,-0.266
429.21,0.105,0,0.392,0.614,0,0.000,0.000,0.000,0.000,0.000,0.000,0.014,-0.266
429.41,0.105,0,0.392,0.614,0,0.000,0.000,0.000,0.000,0.000,0.000,0.013,-0.270
429.61,0.105,0,0.392,0.614,0,0.000,0.000,0.000,0.000,0.000,0.000,0.013,-0.270
429.81,0.105,0,0.392,0.614,0,0.000,0.000,0.000,0.000,0.000,0.000,0.008,-0.274
430.01,0.105,0,0.392,0.614,0,0.000,0.000,0.000,0.000,0.000,0.000,0.007,-0.270
430.21,0.105,0,0.392,0.613,0,0.000,0.000,0.000,0.000,0.000,0.000,0.009,-0.268
430.41,0.108,0,0.392,0.613,0,0.000,0.000,0.000,0.000,0.000,0.000,0.009,-0.268
430.61,0.106,0,0.392,0.613,0,0.000,0.000,0.000,0.000,0.000,0.000,0.002,-0.278
430.81,0.105,0,0.392,0.618,0,0.000,0.000,0.000,0.000,0.000,0.000,0.011,-0.271
431.01,0.105,0,0.392,0.618,0,0.000,0.000,0.000,0.000,0.000,0.000,0.016,-0.268
431.21,0.105,0,0.391,0.620,0,0.000,0.000,0.000,0.000,0.000,0.000,0.011,-0.266
431.41,0.105,0,0.391,0.620,0,0.000,0.000,0.000,0.000,0.000,0.000,0.011,-0.266
431.61,0.107,0,0.391,0.620,0,0.000,0.000,0.000,0.000,0.000,0.000,0.009,-0.266
431.81,0.106,0,0.391,0.613,0,0.000,0.000,0.000,0.000,0.000,0.000,0.009,-0.266
432.01,0.106,0,0.391,0.613,0,0.000,0.000,0.000,0.000,0.000,0.000,0.014,-0.269
432.21,0.108,0,0.393,0.615,0,0.000,0.000,0.000,0.000,0.000,0.000,0.011,-0.272
432.41,0.106,0,0.393,0.615,0,0.000,0.000,0.000,0.000,0.000,0.000,0.011,-0.272
432.61,0.108,0,0.393,0.615,0,0.000,0.000,0.000,0.000,0.000,0.000,0.009,-0.276
432.81,0.105,0,0.391,0.617,0,0.000,0.000,0.000,0.000,0.000,0.000,0.007,-0.277
433.01,0.105,0,0.391,0.617,0,0.000,0.000,0.000,0.000,0.000,0.000,0.010,-0.272
433.21,0.107,0,0.390,0.614,0,0.000,0.000,0.000,0.000,0.000,0.000,0.013,-0.279
433.41,0.108,0,0.390,0.614,0,0.000,0.000,0.000,0.000,0.000,0.000,0.013,-0.279
433.61,0.106,0,0.390,0.614,0,0.000,0.000,0.000,0.000,0.000,0.000,0.017,-0.271
433.81,0.107,0,0.392,0.621,0,0.000,0.000,0.000,0.000,0.000,0.000,0.022,-0.263
434.01,0.107,0,0.392,0.621,0,0.000,0.000,0.000,0.000,0.000,0.000,0.013,-0.272
434.21,0.106,0,0.392,0.610,0,0.000,0.000,0.000,0.000,0.000,0.000,0.010,-0.277
434.41,0.108,0,0.392,0.610,0,0.000,0.000,0.000,0.000,0.000,0.000,0.010,-0.277
434.61,0.105,0,0.392,0.610,0,0.000,0.000,0.000,0.000,0.000,0.000,0.014,-0.267
434.81,0.108,0,0.391,0.610,0,0.000,0.000,0.000,0.000,0.000,0.000,0.010,-0.275
435.01,0.108,0,0.391,0.610,0,0.000,0.000,0.000,0.000,0.000,0.000,0.019,-0.281
435.21,0.108,0,0.392,0.603,0,0.000,0.000,0.000,0.000,0.000,0.000,0.019,-0.281
435.41,0.105,0,0.392,0.603,0,0.000,0.000,0.000,0.000,0.000,0.000,0.013,-0.278
435.61,0.106,0,0.392,0.603,0,0.000,0.000,0.000,0.000,0.000,0.000,0.022,-0.261
435.81,0.106,0,0.392,0.616,0,0.000,0.000,0.000,0.000,0.000,0.000,0.019,-0.259
436.01,0.106,0,0.392,0.616,0,0.000,0.000,0.000,0.000,0.000,0.000,0.024,-0.266
436.21,0.108,0,0.391,0.601,0,0.000,0.000,0.000,0.000,0.000,0.000,0.024,-0.266
436.41,0.105,0,0.391,0.601,0,0.000,0.000,0.000,0.000,0.000,0.000,0.019,-0.256
436.61,0.106,0,0.391,0.601,0,0.000,0.000,0.000,0.000,0.000,0.000,0.015,-0.261
436.81,0.106,0,0.390,0.616,0,0.000,0.000,0.000,0.000,0.000,0.000,0.022,-0.267
437.01,0.105,0,0.390,0.616,0,0.000,0.000,0.000,0.000,0.000,0.000,0.023,-0.271
437.21,0.105,0,0.390,0.608,0,0.000,0.000,0.000,0.000,0.000,0.000,0.023,-0.271
437.41,0.105,0,0.390,0.608,0,0.000,0.000,0.000,0.000,0.000,0.000,0.025,-0.262
437.61,0.105,0,0.390,0.608,0,0.000,0.000,0.000,0.000,0.000,0.000,0.022,-0.252
437.81,0.105,0,0.393,0.616,0,0.000,0.000,0.000,0.000,0.000,0.000,0.029,-0.259
438.01,0.108,0,0.393,0.616,0,0.000,0.000,0.000,0.000,0.000,0.000,0.013,-0.263
438.21,0.104,0,0.391,0.611,0,0.000,0.000,0.000,0.000,0.000,0.000,0.013,-0.263
438.41,0.108,0,0.391,0.611,0,0.000,0.000,0.000,0.000,0.000,0.000,0.021,-0.251
438.61,0.105,0,0.391,0.611,0,0.000,0.000,0.000,0.000,0.000,0.000,0.020,-0.268
438.81,0.105,0,0.392,0.616,0,0.000,0.000,0.000,0.000,0.000,0.000,0.026,-0.269
439.01,0.105,0,0.392,0.616,0,0.000,0.000,0.000,0.000,0.000,0.000,0.026,-0.269
439.21,0.105,0,0.390,0.622,0,0.000,0.000,0.000,0.000,0.000,0.000,0.016,-0.256
439.41,0.105,0,0.390,0.622,0,0.000,0.000,0.000,0.000,0.000,0.000,0.013,-0.262
439.61,0.106,0,0.390,0.622,0,0.000,0.000,0.000,0.000,0.000,0.000,0.010,-0.269
439.81,0.106,0,0.392,0.606,0,0.000,0.000,0.000,0.000,0.000,0.000,0.014,-0.277
440.01,0.108,0,0.392,0.606,0,0.000,0.000,0.000,0.000,0.000,0.000,0.014,-0.277
440.21,0.105,0,0.390,0.611,0,0.000,0.000,0.000,0.000,0.000,0.000,0.010,-0.272
440.41,0.105,0,0.390,0.611,0,0.000,0.000,0.000,0.000,0.000,0.000,0.018,-0.272
440.61,0.105,0,0.390,0.611,0,0.000,0.000,0.000,0.000,0.000,0.000,0.024,-0.273
440.81,0.105,0,0.392,0.612,0,0.000,0.000,0.000,0.000,0.000,0.000,0.014,-0.274
441.01,0.105,0,0.392,0.612,0,0.000,0.000,0.000,0.000,0.000,0.000,0.014,-0.274
441.21,0.105,0,0.390,0.612,0,0.000,0.000,0.000,0.000,0.000,0.000,0.011,-0.272
441.41,0.106,0,0.390,0.612,0,0.000,0.000,0.000,0.000,0.000,0.000,0.013,-0.271
441.61,0.106,0,0.390,0.612,0,0.000,0.000,0.000,0.000,0.000,0.000,0.015,-0.266
441.81,0.105,0,0.393,0.611,0,0.000,0.000,0.000,0.000,0.000,0.000,0.019,-0.274
442.01,0.106,0,0.393,0.611,0,0.000,0.000,0.000,0.000,0.000,0.000,0.019,-0.274
442.21,0.105,0,0.392,0.620,0,0.000,0.000,0.000,0.000,0.000,0.000,0.023,-0.265
442.41,0.105,0,0.392,0.620,0,0.000,0.000,0.000,0.000,0.000,0.000,0.020,-0.271
442.61,0.105,0,0.392,0.620,0,0.000,0.000,0.000,0.000,0.000,0.000,0.017,-0.274
442.81,0.105,0,0.393,0.616,0,0.000,0.000,0.000,0.000,0.000,0.000,0.013,-0.264
443.01,0.105,0,0.393,0.616,0,0.000,0.000,0.000,0.000,0.000,0.000,0.013,-0.264
443.21,0.108,0,0.392,0.612,0,0.000,0.000,0.000,0.000,0.000,0.000,0.024,-0.267
443.41,0.106,0,0.392,0.612,0,0.000,0.000,0.000,0.000,0.000,0.000,0.018,-0.269
443.61,0.106,0,0.392,0.612,0,0.000,0.000,0.000,0.000,0.000,0.000,0.021,-0.270
443.81,0.107,0,0.390,0.620,0,0.000,0.000,0.000,0.000,0.000,0.000,0.021,-0.270
444.01,0.108,0,0.390,0.620,0,0.000,0.000,0.000,0.000,0.000,0.000,0.021,-0.269
444.21,0.105,0,0.393,0.619,0,0.000,0.000,0.000,0.000,0.000,0.000,0.018,-0.275
444.41,0.106,0,0.393,0.619,0,0.000,0.000,0.000,0.000,0.000,0.000,0.015,-0.280
444.61,0.106,0,0.393,0.619,0,0.000,0.000,0.000,0.000,0.000,0.000,0.010,-0.273
444.81,0.105,0,0.390,0.612,0,0.000,0.000,0.000,0.000,0.000,0.000,0.010,-0.273
445.01,0.108,0,0.390,0.612,0,0.000,0.000,0.000,0.000,0.000,0.000,0.018,-0.275
445.21,0.106,0,0.390,0.601,0,0.000,0.000,0.000,0.000,0.000,0.000,0.017,-0.280
445.41,0.106,0,0.390,0.601,0,0.000,0.000,0.000,0.000,0.000,0.000,0.013,-0.269
445.61,0.107,0,0.390,0.601,0,0.000,0.000,0.000,0.000,0.000,0.000,0.005,-0.272
445.81,0.106,0,0.390,0.615,0,0.000,0.000,0.000,0.000,0.000,0.000,0.005,-0.272
446.01,0.105,0,0.390,0.615,0,0.000,0.000,0.000,0.000,0.000,0.000,0.014,-0.279
446.21,0.105,0,0.391,0.613,0,0.000,0.000,0.000,0.000,0.000,0.000,0.023,-0.262
446.41,0.105,0,0.391,0.613,0,0.000,0.000,0.000,0.000,0.000,0.000,0.017,-0.265
446.61,0.105,0,0.391,0.613,0,0.000,0.000,0.000,0.000,0.000,0.000,0.019,-0.260
446.81,0.108,0,0.392,0.609,0,0.000,0.000,0.000,0.000,0.000,0.000,0.019,-0.260
447.01,0.107,0,0.392,0.609,0,0.000,0.000,0.000,0.000,0.000,0.000,0.023,-0.270
447.21,0.105,0,0.390,0.601,0,0.000,0.000,0.000,0.000,0.000,0.000,0.021,-0.268
447.41,0.105,0,0.390,0.601,0,0.000,0.000,0.000,0.000,0.000,0.000,0.017,-0.261
447.61,0.106,0,0.390,0.601,0,0.000,0.000,0.000,0.000,0.000,0.000,0.015,-0.260
447.81,0.106,0,0.222,0.617,0,0.000,0.000,0.000,0.000,0.000,0.000,0.015,-0.260
448.01,0.106,0,0.222,0.617,0,0.000,0.000,0.000,0.000,0.000,0.000,0.017,-0.263
448.21,0.105,0,0.248,0.600,0,0.000,0.000,0.000,0.000,0.000,0.000,0.011,-0.270
448.41,0.105,0,0.248,0.600,0,0.000,0.000,0.000,0.000,0.000,0.000,0.014,-0.255
448.61,0.105,0,0.248,0.600,0,0.000,0.000,0.000,0.000,0.000,0.000,0.014,-0.255
448.81,0.105,0,0.392,0.608,0,0.000,0.000,0.000,0.000,0.000,0.000,0.018,-0.258
449.01,0.105,0,0.392,0.608,0,0.000,0.000,0.000,0.000,0.000,0.000,0.023,-0.266
449.21,0.105,0,0.390,0.614,0,0.000,0.000,0.000,0.000,0.000,0.000,0.018,-0.264
449.41,0.106,0,0.390,0.614,0,0.000,0.000,0.000,0.000,0.000,0.000,0.028,-0.259
449.61,0.104,0,0.390,0.614,0,0.000,0.000,0.000,0.000,0.000,0.000,0.028,-0.259
449.81,0.107,0,0.390,0.614,0,0.000,0.000,0.000,0.000,0.000,0.000,0.019,-0.251
450.01,0.106,0,0.390,0.614,0,0.000,0.000,0.000,0.000,0.000,0.000,0.012,-0.263
450.21,0.106,0,0.390,0.612,0,0.000,0.000,0.000,0.000,0.000,0.000,0.012,-0.263
450.41,0.105,0,0.390,0.612,0,0.000,0.000,0.000,0.000,0.000,0.000,0.017,-0.266
450.61,0.106,0,0.390,0.612,0,0.000,0.000,0.000,0.000,0.000,0.000,0.017,-0.266
450.81,0.105,0,0.393,0.612,0,0.000,0.000,0.000,0.000,0.000,0.000,0.019,-0.265
451.01,0.105,0,0.393,0.612,0,0.000,0.000,0.000,0.000,0.000,0.000,0.017,-0.269
451.21,0.105,0,0.392,0.612,0,0.000,0.000,0.000,0.000,0.000,0.000,0.017,-0.277
451.41,0.108,0,0.392,0.612,0,0.000,0.000,0.000,0.000,0.000,0.000,0.016,-0.275
451.61,0.105,0,0.392,0.612,0,0.000,0.000,0.000,0.000,0.000,0.000,0.016,-0.275
451.81,0.106,0,0.391,0.614,0,0.000,0.000,0.000,0.000,0.000,0.000,0.012,-0.278
452.01,0.108,0,0.391,0.614,0,0.000,0.000,0.000,0.000,0.000,0.000,0.010,-0.282
452.21,0.108,0,0.393,0.610,0,0.000,0.000,0.000,0.000,0.000,0.000,0.022,-0.266
452.41,0.105,0,0.393,0.610,0,0.000,0.000,0.000,0.000,0.000,0.000,0.022,-0.266
452.61,0.105,0,0.393,0.610,0,0.000,0.000,0.000,0.000,0.000,0.000,0.014,-0.272
452.81,0.105,0,0.392,0.611,0,0.000,0.000,0.000,0.000,0.000,0.000,0.012,-0.268
453.01,0.106,0,0.392,0.611,0,0.000,0.000,0.000,0.000,0.000,0.000,0.020,-0.263
453.21,0.106,0,0.391,0.608,0,0.000,0.000,0.000,0.000,0.000,0.000,0.022,-0.266
453.41,0.105,0,0.391,0.608,0,0.000,0.000,0.000,0.000,0.000,0.000,0.022,-0.266
453.61,0.106,0,0.391,0.608,0,0.000,0.000,0.000,0.000,0.000,0.000,0.020,-0.263
453.81,0.106,0,0.393,0.608,0,0.000,0.000,0.000,0.000,0.000,0.000,0.011,-0.276
454.01,0.106,0,0.393,0.608,0,0.000,0.000,0.000,0.000,0.000,0.000,0.008,-0.280
454.21,0.105,0,0.392,0.615,0,0.000,0.000,0.000,0.000,0.000,0.000,0.014,-0.275
454.41,0.106,0,0.392,0.615,0,0.000,0.000,0.000,0.000,0.000,0.000,0.014,-0.275
454.61,0.106,0,0.392,0.615,0,0.000,0.000,0.000,0.000,0.000,0.000,0.009,-0.281
454.81,0.105,0,0.393,0.610,0,0.000,0.000,0.000,0.000,0.000,0.000,0.007,-0.289
455.01,0.105,0,0.393,0.610,0,0.000,0.000,0.000,0.000,0.000,0.000,0.002,-0.282
455.21,0.105,0,0.392,0.610,0,0.000,0.000,0.000,0.000,0.000,0.000,0.008,-0.279
455.41,0.105,0,0.392,0.610,0,0.000,0.000,0.000,0.000,0.000,0.000,0.008,-0.279
455.61,0.105,0,0.392,0.610,0,0.000,0.000,0.000,0.000,0.000,0.000,0.009,-0.279
455.81,0.108,0,0.392,0.612,0,0.000,0.000,0.000,0.000,0.000,0.000,0.004,-0.281
456.01,0.108,0,0.392,0.612,0,0.000,0.000,0.000,0.000,0.000,0.000,0.013,-0.274
456.21,0.105,0,0.392,0.618,0,0.000,0.000,0.000,0.000,0.000,0.000,0.013,-0.274
456.41,0.106,0,0.392,0.618,0,0.000,0.000,0.000,0.000,0.000,0.000,0.002,-0.280
456.61,0.105,0,0.392,0.618,0,0.000,0.000,0.000,0.000,0.000,0.000,-0.006,-0.280
456.81,0.108,0,0.392,0.616,0,0.000,0.000,0.000,0.000,0.000,0.000,0.004,-0.270
457.01,0.108,0,0.392,0.616,0,0.000,0.000,0.000,0.000,0.000,0.000,0.011,-0.268
457.21,0.105,0,0.390,0.616,0,0.000,0.000,0.000,0.000,0.000,0.000,0.011,-0.268
457.41,0.106,0,0.390,0.616,0,0.000,0.000,0.000,0.000,0.000,0.000,0.013,-0.274
457.61,0.105,0,0.390,0.616,0,0.000,0.000,0.000,0.000,0.000,0.000,-0.003,-0.281
457.81,0.105,0,0.392,0.612,0,0.000,0.000,0.000,0.000,0.000,0.000,0.010,-0.278
458.01,0.105,0,0.392,0.612,0,0.000,0.000,0.000,0.000,0.000,0.000,0.017,-0.266
458.21,0.106,0,0.390,0.609,0,0.000,0.000,0.000,0.000,0.000,0.000,0.017,-0.266
458.41,0.108,0,0.390,0.609,0,0.000,0.000,0.000,0.000,0.000,0.000,0.015,-0.276
458.61,0.107,0,0.390,0.609,0,0.000,0.000,0.000,0.000,0.000,0.000,0.004,-0.278
458.81,0.107,0,0.392,0.615,0,0.000,0.000,0.000,0.000,0.000,0.000,0.012,-0.278
459.01,0.108,0,0.392,0.615,0,0.000,0.000,0.000,0.000,0.000,0.000,0.018,-0.275
459.21,0.106,0,0.391,0.616,0,0.000,0.000,0.000,0.000,0.000,0.000,0.018,-0.275
459.41,0.105,0,0.391,0.616,0,0.000,0.000,0.000,0.000,0.000,0.000,0.012,-0.269
459.61,0.106,0,0.391,0.616,0,0.000,0.000,0.000,0.000,0.000,0.000,0.014,-0.275
459.81,0.106,0,0.393,0.611,0,0.000,0.000,0.000,0.000,0.000,0.000,0.017,-0.269
460.01,0.105,0,0.393,0.611,0,0.000,0.000,0.000,0.000,0.000,0.000,0.016,-0.276
460.21,0.105,0,0.392,0.612,0,0.000,0.000,0.000,0.000,0.000,0.000,0.016,-0.276
460.41,0.105,0,0.392,0.612,0,0.000,0.000,0.000,0.000,0.000,0.000,0.012,-0.277
460.61,0.105,0,0.392,0.612,0,0.000,0.000,0.000,0.000,0.000,0.000,0.018,-0.265
460.81,0.105,0,0.392,0.612,0,0.000,0.000,0.000,0.000,0.000,0.000,0.016,-0.265
461.01,0.106,0,0.392,0.612,0,0.000,0.000,0.000,0.000,0.000,0.000,0.016,-0.265
461.21,0.105,0,0.391,0.611,0,0.000,0.000,0.000,0.000,0.000,0.000,0.020,-0.278
461.41,0.105,0,0.391,0.611,0,0.000,0.000,0.000,0.000,0.000,0.000,0.014,-0.267
461.61,0.105,0,0.391,0.611,0,0.000,0.000,0.000,0.000,0.000,0.000,0.017,-0.264
461.81,0.105,0,0.392,0.608,0,0.000,0.000,0.000,0.000,0.000,0.000,0.018,-0.271
462.01,0.106,0,0.392,0.608,0,0.000,0.000,0.000,0.000,0.000,0.000,0.018,-0.271
462.21,0.105,0,0.392,0.609,0,0.000,0.000,0.000,0.000,0.000,0.000,0.018,-0.265
462.41,0.106,0,0.392,0.609,0,0.000,0.000,0.000,0.000,0.000,0.000,0.021,-0.267
462.61,0.106,0,0.392,0.609,0,0.000,0.000,0.000,0.000,0.000,0.000,0.019,-0.268
462.81,0.106,0,0.392,0.610,0,0.000,0.000,0.000,0.000,0.000,0.000,0.019,-0.269
463.01,0.105,0,0.392,0.610,0,0.000,0.000,0.000,0.000,0.000,0.000,0.019,-0.269
463.21,0.105,0,0.392,0.610,0,0.000,0.000,0.000,0.000,0.000,0.000,0.016,-0.275
463.41,0.105,0,0.392,0.610,0,0.000,0.000,0.000,0.000,0.000,0.000,0.008,-0.275
463.61,0.105,0,0.392,0.610,0,0.000,0.000,0.000,0.000,0.000,0.000,0.014,-0.267
463.81,0.105,0,0.391,0.600,0,0.000,0.000,0.000,0.000,0.000,0.000,0.014,-0.274
464.01,0.106,0,0.391,0.600,0,0.000,0.000,0.000,0.000,0.000,0.000,0.014,-0.274
464.21,0.106,0,0.393,0.609,0,0.000,0.000,0.000,0.000,0.000,0.000,0.016,-0.272
464.41,0.105,0,0.393,0.609,0,0.000,0.000,0.000,0.000,0.000,0.000,0.015,-0.268
464.61,0.105,0,0.393,0.609,0,0.000,0.000,0.000,0.000,0.000,0.000,0.015,-0.273
464.81,0.105,0,0.392,0.608,0,0.000,0.000,0.000,0.000,0.000,0.000,0.015,-0.273
465.01,0.105,0,0.392,0.608,0,0.000,0.000,0.000,0.000,0.000,0.000,0.012,-0.275
465.21,0.106,0,0.393,0.609,0,0.000,0.000,0.000,0.000,0.000,0.000,0.016,-0.262
465.41,0.106,0,0.393,0.609,0,0.000,0.000,0.000,0.000,0.000,0.000,0.024,-0.259
465.61,0.106,0,0.393,0.609,0,0.000,0.000,0.000,0.000,0.000,0.000,0.026,-0.257
465.81,0.105,0,0.391,0.609,0,0.000,0.000,0.000,0.000,0.000,0.000,0.026,-0.257
466.01,0.105,0,0.391,0.609,0,0.000,0.000,0.000,0.000,0.000,0.000,0.019,-0.262
466.21,0.105,0,0.392,0.614,0,0.000,0.000,0.000,0.000,0.000,0.000,0.027,-0.263
466.41,0.105,0,0.392,0.614,0,0.000,0.000,0.000,0.000,0.000,0.000,0.027,-0.263
466.61,0.106,0,0.392,0.614,0,0.000,0.000,0.000,0.000,0.000,0.000,0.027,-0.263
466.81,0.105,0,0.393,0.614,0,0.000,0.000,0.000,0.000,0.000,0.000,0.027,-0.263
467.01,0.105,0,0.393,0.614,0,0.000,0.000,0.000,0.000,0.000,0.000,0.030,-0.269
467.21,0.105,0,0.392,0.609,0,0.000,0.000,0.000,0.000,0.000,0.000,0.025,-0.268
467.41,0.105,0,0.392,0.609,0,0.000,0.000,0.000,0.000,0.000,0.000,0.022,-0.269
467.61,0.106,0,0.392,0.609,0,0.000,0.000,0.000,0.000,0.000,0.000,0.018,-0.272
467.81,0.106,0,0.392,0.609,0,0.000,0.000,0.000,0.000,0.000,0.000,0.018,-0.272
468.01,0.106,0,0.392,0.609,0,0.000,0.000,0.000,0.000,0.000,0.000,0.012,-0.273
468.21,0.108,0,0.393,0.609,0,0.000,0.000,0.000,0.000,0.000,0.000,-0.001,-0.280
468.41,0.108,0,0.393,0.609,0,0.000,0.000,0.000,0.000,0.000,0.000,0.005,-0.266
468.61,0.105,0,0.393,0.609,0,0.000,0.000,0.000,0.000,0.000,0.000,0.005,-0.266
468.81,0.106,0,0.392,0.611,0,0.000,0.000,0.000,0.000,0.000,0.000,0.000,-0.274
469.01,0.105,0,0.392,0.611,0,0.000,0.000,0.000,0.000,0.000,0.000,-0.003,-0.276
469.21,0.105,0,0.392,0.611,0,0.000,0.000,0.000,0.000,0.000,0.000,-0.006,-0.265
469.41,0.105,0,0.392,0.611,0,0.000,0.000,0.000,0.000,0.000,0.000,0.002,-0.275
469.61,0.106,0,0.392,0.611,0,0.000,0.000,0.000,0.000,0.000,0.000,0.002,-0.275
469.81,0.106,0,0.392,0.612,0,0.000,0.000,0.000,0.000,0.000,0.000,-0.005,-0.268
470.01,0.105,0,0.392,0.612,0,0.000,0.000,0.000,0.000,0.000,0.000,0.006,-0.259
470.21,0.105,0,0.392,0.611,0,0.000,0.000,0.000,0.000,0.000,0.000,0.006,-0.267
470.41,0.107,0,0.392,0.611,0,0.000,0.000,0.000,0.000,0.000,0.000,-0.009,-0.266
470.61,0.105,0,0.392,0.611,0,0.000,0.000,0.000,0.000,0.000,0.000,-0.009,-0.266
470.81,0.106,0,0.393,0.617,0,0.000,0.000,0.000,0.000,0.000,0.000,-0.001,-0.264
471.01,0.106,0,0.393,0.617,0,0.000,0.000,0.000,0.000,0.000,0.000,0.007,-0.267
471.21,0.106,0,0.390,0.604,0,0.000,0.000,0.000,0.000,0.000,0.000,0.006,-0.266
471.41,0.105,0,0.390,0.604,0,0.000,0.000,0.000,0.000,0.000,0.000,0.006,-0.266
471.61,0.105,0,0.390,0.604,0,0.000,0.000,0.000,0.000,0.000,0.000,0.004,-0.271
471.81,0.106,0,0.392,0.613,0,0.000,0.000,0.000,0.000,0.000,0.000,0.000,-0.257
472.01,0.106,0,0.392,0.613,0,0.000,0.000,0.000,0.000,0.000,0.000,0.006,-0.261
472.21,0.106,0,0.392,0.609,0,0.000,0.000,0.000,0.000,0.000,0.000,0.013,-0.259
472.41,0.105,0,0.392,0.609,0,0.000,0.000,0.000,0.000,0.000,0.000,0.013,-0.259
472.61,0.106,0,0.392,0.609,0,0.000,0.000,0.000,0.000,0.000,0.000,0.001,-0.265
472.81,0.105,0,0.392,0.612,0,0.000,0.000,0.000,0.000,0.000,0.000,0.010,-0.271
473.01,0.105,0,0.392,0.612,0,0.000,0.000,0.000,0.000,0.000,0.000,0.010,-0.265
473.21,0.106,0,0.392,0.608,0,0.000,0.000,0.000,0.000,0.000,0.000,0.010,-0.270
473.41,0.105,0,0.392,0.608,0,0.000,0.000,0.000,0.000,0.000,0.000,0.010,-0.270
473.61,0.105,0,0.392,0.608,0,0.000,0.000,0.000,0.000,0.000,0.000,0.010,-0.259
473.81,0.107,0,0.390,0.608,0,0.000,0.000,0.000,0.000,0.000,0.000,0.014,-0.270
474.01,0.107,0,0.390,0.608,0,0.000,0.000,0.000,0.000,0.000,0.000,0.018,-0.268
474.21,0.107,0,0.391,0.609,0,0.000,0.000,0.000,0.000,0.000,0.000,0.018,-0.268
474.41,0.106,0,0.391,0.609,0,0.000,0.000,0.000,0.000,0.000,0.000,0.016,-0.262
474.61,0.104,0,0.391,0.609,0,0.000,0.000,0.000,0.000,0.000,0.000,0.016,-0.258
474.81,0.106,0,0.393,0.614,0,0.000,0.000,0.000,0.000,0.000,0.000,0.017,-0.260
475.01,0.106,0,0.393,0.614,0,0.000,0.000,0.000,0.000,0.000,0.000,0.019,-0.265
475.21,0.107,0,0.393,0.612,0,0.000,0.000,0.000,0.000,0.000,0.000,0.019,-0.265
475.41,0.105,0,0.393,0.612,0,0.000,0.000,0.000,0.000,0.000,0.000,0.020,-0.257
475.61,0.106,0,0.393,0.612,0,0.000,0.000,0.000,0.000,0.000,0.000,0.014,-0.263
475.81,0.106,0,0.391,0.612,0,0.000,0.000,0.000,0.000,0.000,0.000,0.014,-0.272
476.01,0.106,0,0.391,0.612,0,0.000,0.000,0.000,0.000,0.000,0.000,0.018,-0.274
476.21,0.105,0,0.392,0.610,0,0.000,0.000,0.000,0.000,0.000,0.000,0.018,-0.274
476.41,0.106,0,0.392,0.610,0,0.000,0.000,0.000,0.000,0.000,0.000,0.022,-0.271
476.61,0.106,0,0.392,0.610,0,0.000,0.000,0.000,0.000,0.000,0.000,0.012,-0.277
476.81,0.106,0,0.395,0.611,0,0.000,0.000,0.000,0.000,0.000,0.000,0.015,-0.271
477.01,0.105,0,0.395,0.611,0,0.000,0.000,0.000,0.000,0.000,0.000,0.018,-0.276
477.21,0.108,0,0.392,0.609,0,0.000,0.000,0.000,0.000,0.000,0.000,0.018,-0.276
477.41,0.106,0,0.392,0.609,0,0.000,0.000,0.000,0.000,0.000,0.000,0.024,-0.268
477.61,0.108,0,0.392,0.609,0,0.000,0.000,0.000,0.000,0.000,0.000,0.029,-0.271
477.81,0.108,0,0.390,0.608,0,0.000,0.000,0.000,0.000,0.000,0.000,0.028,-0.282
478.01,0.106,0,0.390,0.608,0,0.000,0.000,0.000,0.000,0.000,0.000,0.028,-0.282
478.21,0.106,0,0.391,0.608,0,0.000,0.000,0.000,0.000,0.000,0.000,0.021,-0.270
478.41,0.108,0,0.391,0.608,0,0.000,0.000,0.000,0.000,0.000,0.000,0.020,-0.279
478.61,0.105,0,0.391,0.608,0,0.000,0.000,0.000,0.000,0.000,0.000,0.025,-0.283
478.81,0.105,0,0.392,0.602,0,0.000,0.000,0.000,0.000,0.000,0.000,0.020,-0.287
479.01,0.105,0,0.392,0.602,0,0.000,0.000,0.000,0.000,0.000,0.000,0.020,-0.287
479.21,0.105,0,0.392,0.611,0,0.000,0.000,0.000,0.000,0.000,0.000,0.015,-0.278
479.41,0.106,0,0.392,0.611,0,0.000,0.000,0.000,0.000,0.000,0.000,0.008,-0.277
479.61,0.106,0,0.392,0.611,0,0.000,0.000,0.000,0.000,0.000,0.000,0.011,-0.275
479.81,0.105,0,0.391,0.613,0,0.000,0.000,0.000,0.000,0.000,0.000,0.009,-0.276
480.01,0.105,0,0.391,0.613,0,0.000,0.000,0.000,0.000,0.000,0.000,0.009,-0.276
480.21,0.105,0,0.393,0.616,0,0.000,0.000,0.000,0.000,0.000,0.000,0.018,-0.274
480.41,0.106,0,0.393,0.616,0,0.000,0.000,0.000,0.000,0.000,0.000,0.014,-0.280
480.61,0.106,0,0.393,0.616,0,0.000,0.000,0.000,0.000,0.000,0.000,0.016,-0.277
480.81,0.105,0,0.392,0.609,0,0.000,0.000,0.000,0.000,0.000,0.000,0.005,-0.274
481.01,0.105,0,0.392,0.609,0,0.000,0.000,0.000,0.000,0.000,0.000,0.005,-0.274
481.21,0.105,0,0.392,0.608,0,0.000,0.000,0.000,0.000,0.000,0.000,0.004,-0.270
481.41,0.108,0,0.392,0.608,0,0.000,0.000,0.000,0.000,0.000,0.000,0.006,-0.272
481.61,0.108,0,0.392,0.608,0,0.000,0.000,0.000,0.000,0.000,0.000,0.009,-0.278
481.81,0.108,0,0.392,0.609,0,0.000,0.000,0.000,0.000,0.000,0.000,0.011,-0.269
482.01,0.105,0,0.392,0.609,0,0.000,0.000,0.000,0.000,0.000,0.000,0.011,-0.269
482.21,0.105,0,0.393,0.612,0,0.000,0.000,0.000,0.000,0.000,0.000,0.017,-0.276
482.41,0.106,0,0.393,0.612,0,0.000,0.000,0.000,0.000,0.000,0.000,0.013,-0.276
482.61,0.106,0,0.393,0.612,0,0.000,0.000,0.000,0.000,0.000,0.000,0.012,-0.278
482.81,0.105,0,0.390,0.600,0,0.000,0.000,0.000,0.000,0.000,0.000,0.012,-0.278
483.01,0.105,0,0.390,0.600,0,0.000,0.000,0.000,0.000,0.000,0.000,0.019,-0.277
483.21,0.106,0,0.393,0.601,0,0.000,0.000,0.000,0.000,0.000,0.000,0.018,-0.275
483.41,0.106,0,0.393,0.601,0,0.000,0.000,0.000,0.000,0.000,0.000,0.026,-0.275
483.61,0.106,0,0.393,0.601,0,0.000,0.000,0.000,0.000,0.000,0.000,0.017,-0.270
483.81,0.105,0,0.393,0.608,0,0.000,0.000,0.000,0.000,0.000,0.000,0.017,-0.270
484.01,0.105,0,0.393,0.608,0,0.000,0.000,0.000,0.000,0.000,0.000,0.021,-0.271
484.21,0.105,0,0.392,0.604,0,0.000,0.000,0.000,0.000,0.000,0.000,0.023,-0.274
484.41,0.105,0,0.392,0.604,0,0.000,0.000,0.000,0.000,0.000,0.000,0.010,-0.274
484.61,0.106,0,0.392,0.604,0,0.000,0.000,0.000,0.000,0.000,0.000,0.020,-0.269
484.81,0.106,0,0.392,0.611,0,0.000,0.000,0.000,0.000,0.000,0.000,0.020,-0.269
485.01,0.105,0,0.392,0.611,0,0.000,0.000,0.000,0.000,0.000,0.000,0.015,-0.277
485.21,0.105,0,0.392,0.610,0,0.000,0.000,0.000,0.000,0.000,0.000,0.023,-0.266
485.41,0.105,0,0.392,0.610,0,0.000,0.000,0.000,0.000,0.000,0.000,0.016,-0.272
485.61,0.106,0,0.392,0.610,0,0.000,0.000,0.000,0.000,0.000,0.000,0.016,-0.272
485.81,0.105,0,0.392,0.608,0,0.000,0.000,0.000,0.000,0.000,0.000,0.021,-0.270
486.01,0.106,0,0.392,0.608,0,0.000,0.000,0.000,0.000,0.000,0.000,0.014,-0.269
486.21,0.105,0,0.390,0.608,0,0.000,0.000,0.000,0.000,0.000,0.000,0.018,-0.267
486.41,0.105,0,0.390,0.608,0,0.000,0.000,0.000,0.000,0.000,0.000,0.018,-0.270
486.61,0.108,0,0.390,0.608,0,0.000,0.000,0.000,0.000,0.000,0.000,0.018,-0.270
486.81,0.105,0,0.392,0.612,0,0.000,0.000,0.000,0.000,0.000,0.000,0.019,-0.259
487.01,0.105,0,0.392,0.612,0,0.000,0.000,0.000,0.000,0.000,0.000,0.019,-0.268
487.21,0.105,0,0.392,0.610,0,0.000,0.000,0.000,0.000,0.000,0.000,0.024,-0.266
487.41,0.105,0,0.392,0.610,0,0.000,0.000,0.000,0.000,0.000,0.000,0.015,-0.265
487.61,0.108,0,0.392,0.610,0,0.000,0.000,0.000,0.000,0.000,0.000,0.015,-0.265
487.81,0.106,0,0.392,0.603,0,0.000,0.000,0.000,0.000,0.000,0.000,0.020,-0.273
488.01,0.105,0,0.392,0.603,0,0.000,0.000,0.000,0.000,0.000,0.000,0.015,-0.272
488.21,0.105,0,0.390,0.609,0,0.000,0.000,0.000,0.000,0.000,0.000,0.015,-0.274
488.41,0.106,0,0.390,0.609,0,0.000,0.000,0.000,0.000,0.000,0.000,0.009,-0.266
488.61,0.107,0,0.390,0.609,0,0.000,0.000,0.000,0.000,0.000,0.000,0.009,-0.266
488.81,0.106,0,0.390,0.601,0,0.000,0.000,0.000,0.000,0.000,0.000,0.018,-0.268
489.01,0.106,0,0.390,0.601,0,0.000,0.000,0.000,0.000,0.000,0.000,0.023,-0.271
489.21,0.106,0,0.392,0.613,0,0.000,0.000,0.000,0.000,0.000,0.000,0.013,-0.271
489.41,0.105,0,0.392,0.613,0,0.000,0.000,0.000,0.000,0.000,0.000,0.013,-0.271
489.61,0.105,0,0.392,0.613,0,0.000,0.000,0.000,0.000,0.000,0.000,0.015,-0.274
489.81,0.108,0,0.392,0.608,0,0.000,0.000,0.000,0.000,0.000,0.000,0.016,-0.266
490.01,0.106,0,0.392,0.608,0,0.000,0.000,0.000,0.000,0.000,0.000,0.023,-0.267
490.21,0.106,0,0.390,0.615,0,0.000,0.000,0.000,0.000,0.000,0.000,0.011,-0.273
490.41,0.107,0,0.390,0.615,0,0.000,0.000,0.000,0.000,0.000,0.000,0.011,-0.273
490.61,0.106,0,0.390,0.615,0,0.000,0.000,0.000,0.000,0.000,0.000,0.008,-0.277
490.81,0.106,0,0.392,0.609,0,0.000,0.000,0.000,0.000,0.000,0.000,0.007,-0.276
491.01,0.106,0,0.392,0.609,0,0.000,0.000,0.000,0.000,0.000,0.000,0.006,-0.280
491.21,0.107,0,0.392,0.608,0,0.000,0.000,0.000,0.000,0.000,0.000,0.005,-0.271
491.41,0.106,0,0.392,0.608,0,0.000,0.000,0.000,0.000,0.000,0.000,0.005,-0.271
491.61,0.108,0,0.392,0.608,0,0.000,0.000,0.000,0.000,0.000,0.000,0.011,-0.281
491.81,0.105,0,0.390,0.619,0,0.000,0.000,0.000,0.000,0.000,0.000,0.011,-0.278
492.01,0.105,0,0.390,0.619,0,0.000,0.000,0.000,0.000,0.000,0.000,0.007,-0.269
492.21,0.105,0,0.390,0.610,0,0.000,0.000,0.000,0.000,0.000,0.000,0.007,-0.271
492.41,0.108,0,0.390,0.610,0,0.000,0.000,0.000,0.000,0.000,0.000,0.007,-0.271
492.61,0.106,0,0.390,0.610,0,0.000,0.000,0.000,0.000,0.000,0.000,0.012,-0.279
492.81,0.105,0,0.391,0.608,0,0.000,0.000,0.000,0.000,0.000,0.000,0.014,-0.268
493.01,0.105,0,0.391,0.608,0,0.000,0.000,0.000,0.000,0.000,0.000,0.009,-0.265
493.21,0.105,0,0.393,0.606,0,0.000,0.000,0.000,0.000,0.000,0.000,0.013,-0.271
493.41,0.105,0,0.393,0.606,0,0.000,0.000,0.000,0.000,0.000,0.000,0.013,-0.271
493.61,0.105,0,0.393,0.606,0,0.000,0.000,0.000,0.000,0.000,0.000,0.014,-0.270
493.81,0.105,0,0.390,0.609,0,0.000,0.000,0.000,0.000,0.000,0.000,0.019,-0.266
494.01,0.105,0,0.390,0.609,0,0.000,0.000,0.000,0.000,0.000,0.000,0.016,-0.265
494.21,0.106,0,0.392,0.608,0,0.000,0.000,0.000,0.000,0.000,0.000,0.016,-0.265
494.41,0.108,0,0.392,0.608,0,0.000,0.000,0.000,0.000,0.000,0.000,0.014,-0.266
494.61,0.105,0,0.392,0.608,0,0.000,0.000,0.000,0.000,0.000,0.000,0.015,-0.267
494.81,0.105,0,0.390,0.608,0,0.000,0.000,0.000,0.000,0.000,0.000,0.009,-0.259
495.01,0.108,0,0.390,0.608,0,0.000,0.000,0.000,0.000,0.000,0.000,0.018,-0.268
495.21,0.107,0,0.391,0.613,0,0.000,0.000,0.000,0.000,0.000,0.000,0.018,-0.268
495.41,0.106,0,0.391,0.613,0,0.000,0.000,0.000,0.000,0.000,0.000,0.015,-0.262
495.61,0.105,0,0.391,0.613,0,0.000,0.000,0.000,0.000,0.000,0.000,0.015,-0.260
495.81,0.105,0,0.393,0.609,0,0.000,0.000,0.000,0.000,0.000,0.000,0.015,-0.260
496.01,0.105,0,0.393,0.609,0,0.000,0.000,0.000,0.000,0.000,0.000,0.008,-0.267
496.21,0.106,0,0.391,0.610,0,0.000,0.000,0.000,0.000,0.000,0.000,0.008,-0.267
496.41,0.106,0,0.391,0.610,0,0.000,0.000,0.000,0.000,0.000,0.000,0.013,-0.267
496.61,0.105,0,0.391,0.610,0,0.000,0.000,0.000,0.000,0.000,0.000,0.008,-0.263
496.81,0.105,0,0.393,0.609,0,0.000,0.000,0.000,0.000,0.000,0.000,0.009,-0.271
497.01,0.106,0,0.393,0.609,0,0.000,0.000,0.000,0.000,0.000,0.000,0.009,-0.271
497.21,0.108,0,0.392,0.609,0,0.000,0.000,0.000,0.000,0.000,0.000,0.013,-0.275
497.41,0.106,0,0.392,0.609,0,0.000,0.000,0.000,0.000,0.000,0.000,0.010,-0.268
497.61,0.107,0,0.392,0.609,0,0.000,0.000,0.000,0.000,0.000,0.000,0.006,-0.265
497.81,0.107,0,0.393,0.608,0,0.000,0.000,0.000,0.000,0.000,0.000,0.013,-0.272
498.01,0.105,0,0.393,0.608,0,0.000,0.000,0.000,0.000,0.000,0.000,0.013,-0.272
498.21,0.105,0,0.392,0.608,0,0.000,0.000,0.000,0.000,0.000,0.000,0.012,-0.268
498.41,0.105,0,0.392,0.608,0,0.000,0.000,0.000,0.000,0.000,0.000,0.016,-0.271
498.61,0.105,0,0.392,0.608,0,0.000,0.000,0.000,0.000,0.000,0.000,0.010,-0.266
498.81,0.105,0,0.392,0.609,0,0.000,0.000,0.000,0.000,0.000,0.000,0.014,-0.267
499.01,0.108,0,0.392,0.609,0,0.000,0.000,0.000,0.000,0.000,0.000,0.014,-0.267
499.21,0.105,0,0.392,0.608,0,0.000,0.000,0.000,0.000,0.000,0.000,0.009,-0.262
499.41,0.105,0,0.392,0.608,0,0.000,0.000,0.000,0.000,0.000,0.000,0.017,-0.268
499.61,0.105,0,0.392,0.608,0,0.000,0.000,0.000,0.000,0.000,0.000,0.011,-0.272
499.81,0.105,0,0.392,0.608,0,0.000,0.000,0.000,0.000,0.000,0.000,0.009,-0.272
500.01,0.105,0,0.392,0.608,0,0.000,0.000,0.000,0.000,0.000,0.000,0.009,-0.272
500.21,0.105,0,0.390,0.601,0,0.000,0.000,0.000,0.000,0.000,0.000,0.013,-0.270
500.41,0.105,0,0.390,0.601,0,0.000,0.000,0.000,0.000,0.000,0.000,0.007,-0.265
500.61,0.105,0,0.390,0.601,0,0.000,0.000,0.000,0.000,0.000,0.000,0.009,-0.269
500.81,0.105,0,0.392,0.601,0,0.000,0.000,0.000,0.000,0.000,0.000,0.009,-0.269
501.01,0.107,0,0.392,0.601,0,0.000,0.000,0.000,0.000,0.000,0.000,0.007,-0.266
501.21,0.105,0,0.391,0.616,0,0.000,0.000,0.000,0.000,0.000,0.000,0.011,-0.271
501.41,0.108,0,0.391,0.616,0,0.000,0.000,0.000,0.000,0.000,0.000,0.014,-0.263
501.61,0.108,0,0.391,0.616,0,0.000,0.000,0.000,0.000,0.000,0.000,0.012,-0.260
501.81,0.105,0,0.391,0.608,0,0.000,0.000,0.000,0.000,0.000,0.000,0.012,-0.260
502.01,0.105,0,0.391,0.608,0,0.000,0.000,0.000,0.000,0.000,0.000,0.013,-0.259
502.21,0.107,0,0.390,0.609,0,0.000,0.000,0.000,0.000,0.000,0.000,0.015,-0.263
502.41,0.107,0,0.390,0.609,0,0.000,0.000,0.000,0.000,0.000,0.000,0.015,-0.256
502.61,0.105,0,0.390,0.609,0,0.000,0.000,0.000,0.000,0.000,0.000,0.023,-0.256
502.81,0.108,0,0.390,0.608,0,0.000,0.000,0.000,0.000,0.000,0.000,0.023,-0.256
503.01,0.106,0,0.390,0.608,0,0.000,0.000,0.000,0.000,0.000,0.000,0.019,-0.254
503.21,0.106,0,0.392,0.613,0,0.000,0.000,0.000,0.000,0.000,0.000,0.010,-0.259
503.41,0.106,0,0.392,0.613,0,0.000,0.000,0.000,0.000,0.000,0.000,0.016,-0.253
503.61,0.106,0,0.392,0.613,0,0.000,0.000,0.000,0.000,0.000,0.000,0.015,-0.271
503.81,0.106,0,0.390,0.614,0,0.000,0.000,0.000,0.000,0.000,0.000,0.015,-0.271
504.01,0.105,0,0.390,0.614,0,0.000,0.000,0.000,0.000,0.000,0.000,0.014,-0.271
504.21,0.105,0,0.390,0.612,0,0.000,0.000,0.000,0.000,0.000,0.000,0.014,-0.262
504.41,0.105,0,0.390,0.612,0,0.000,0.000,0.000,0.000,0.000,0.000,0.015,-0.268
504.61,0.106,0,0.390,0.612,0,0.000,0.000,0.000,0.000,0.000,0.000,0.015,-0.268
504.81,0.108,0,0.391,0.614,0,0.000,0.000,0.000,0.000,0.000,0.000,0.016,-0.268
505.01,0.105,0,0.391,0.614,0,0.000,0.000,0.000,0.000,0.000,0.000,0.011,-0.275
505.21,0.105,0,0.390,0.609,0,0.000,0.000,0.000,0.000,0.000,0.000,0.015,-0.264
505.41,0.106,0,0.390,0.609,0,0.000,0.000,0.000,0.000,0.000,0.000,0.017,-0.266
505.61,0.106,0,0.390,0.609,0,0.000,0.000,0.000,0.000,0.000,0.000,0.017,-0.266
505.81,0.106,0,0.392,0.614,0,0.000,0.000,0.000,0.000,0.000,0.000,0.019,-0.272
506.01,0.105,0,0.392,0.614,0,0.000,0.000,0.000,0.000,0.000,0.000,0.014,-0.261
506.21,0.105,0,0.392,0.614,0,0.000,0.000,0.000,0.000,0.000,0.000,0.014,-0.270
506.41,0.105,0,0.392,0.614,0,0.000,0.000,0.000,0.000,0.000,0.000,0.014,-0.272
506.61,0.105,0,0.392,0.614,0,0.000,0.000,0.000,0.000,0.000,0.000,0.014,-0.272
506.81,0.105,0,0.392,0.614,0,0.000,0.000,0.000,0.000,0.000,0.000,0.016,-0.273
507.01,0.106,0,0.392,0.614,0,0.000,0.000,0.000,0.000,0.000,0.000,0.009,-0.267
507.21,0.106,0,0.392,0.612,0,0.000,0.000,0.000,0.000,0.000,0.000,0.010,-0.266
507.41,0.105,0,0.392,0.612,0,0.000,0.000,0.000,0.000,0.000,0.000,0.010,-0.266
507.61,0.106,0,0.392,0.612,0,0.000,0.000,0.000,0.000,0.000,0.000,0.014,-0.260
507.81,0.107,0,0.390,0.615,0,0.000,0.000,0.000,0.000,0.000,0.000,0.011,-0.275
508.01,0.105,0,0.390,0.615,0,0.000,0.000,0.000,0.000,0.000,0.000,0.012,-0.265
508.21,0.105,0,0.392,0.611,0,0.000,0.000,0.000,0.000,0.000,0.000,0.012,-0.265
508.41,0.106,0,0.392,0.611,0,0.000,0.000,0.000,0.000,0.000,0.000,0.012,-0.265
508.61,0.105,0,0.392,0.611,0,0.000,0.000,0.000,0.000,0.000,0.000,0.015,-0.269
508.81,0.108,0,0.391,0.614,0,0.000,0.000,0.000,0.000,0.000,0.000,0.014,-0.274
509.01,0.108,0,0.391,0.614,0,0.000,0.000,0.000,0.000,0.000,0.000,0.013,-0.270
509.21,0.108,0,0.391,0.611,0,0.000,0.000,0.000,0.000,0.000,0.000,0.010,-0.264
509.41,0.105,0,0.391,0.611,0,0.000,0.000,0.000,0.000,0.000,0.000,0.010,-0.264
509.61,0.108,0,0.391,0.611,0,0.000,0.000,0.000,0.000,0.000,0.000,0.014,-0.267
509.81,0.105,0,0.392,0.612,0,0.000,0.000,0.000,0.000,0.000,0.000,0.014,-0.261
510.01,0.105,0,0.392,0.612,0,0.000,0.000,0.000,0.000,0.000,0.000,0.016,-0.263
510.21,0.105,0,0.393,0.610,0,0.000,0.000,0.000,0.000,0.000,0.000,0.013,-0.263
510.41,0.106,0,0.393,0.610,0,0.000,0.000,0.000,0.000,0.000,0.000,0.013,-0.263
510.61,0.105,0,0.393,0.610,0,0.000,0.000,0.000,0.000,0.000,0.000,0.007,-0.265
510.81,0.105,0,0.393,0.613,0,0.000,0.000,0.000,0.000,0.000,0.000,0.016,-0.263
511.01,0.105,0,0.393,0.613,0,0.000,0.000,0.000,0.000,0.000,0.000,0.009,-0.273
511.21,0.105,0,0.391,0.618,0,0.000,0.000,0.000,0.000,0.000,0.000,0.014,-0.269
511.41,0.105,0,0.391,0.618,0,0.000,0.000,0.000,0.000,0.000,0.000,0.014,-0.269
511.61,0.105,0,0.391,0.618,0,0.000,0.000,0.000,0.000,0.000,0.000,0.011,-0.267
511.81,0.105,0,0.392,0.616,0,0.000,0.000,0.000,0.000,0.000,0.000,0.013,-0.267
512.01,0.105,0,0.392,0.616,0,0.000,0.000,0.000,0.000,0.000,0.000,0.007,-0.266
512.21,0.106,0,0.392,0.611,0,0.000,0.000,0.000,0.000,0.000,0.000,0.007,-0.266
512.41,0.105,0,0.392,0.611,0,0.000,0.000,0.000,0.000,0.000,0.000,0.009,-0.266
512.61,0.105,0,0.392,0.611,0,0.000,0.000,0.000,0.000,0.000,0.000,0.010,-0.264
512.81,0.105,0,0.393,0.616,0,0.000,0.000,0.000,0.000,0.000,0.000,0.015,-0.261
513.01,0.105,0,0.393,0.616,0,0.000,0.000,0.000,0.000,0.000,0.000,0.014,-0.268
513.21,0.108,0,0.390,0.618,0,0.000,0.000,0.000,0.000,0.000,0.000,0.014,-0.268
513.41,0.106,0,0.390,0.618,0,0.000,0.000,0.000,0.000,0.000,0.000,0.015,-0.266
513.61,0.105,0,0.390,0.618,0,0.000,0.000,0.000,0.000,0.000,0.000,0.011,-0.267
513.81,0.105,0,0.391,0.613,0,0.000,0.000,0.000,0.000,0.000,0.000,0.012,-0.275
514.01,0.106,0,0.391,0.613,0,0.000,0.000,0.000,0.000,0.000,0.000,0.012,-0.268
514.21,0.108,0,0.390,0.612,0,0.000,0.000,0.000,0.000,0.000,0.000,0.012,-0.268
514.41,0.105,0,0.390,0.612,0,0.000,0.000,0.000,0.000,0.000,0.000,0.016,-0.259
514.61,0.105,0,0.390,0.612,0,0.000,0.000,0.000,0.000,0.000,0.000,0.014,-0.265
514.81,0.105,0,0.390,0.616,0,0.000,0.000,0.000,0.000,0.000,0.000,0.016,-0.264
515.01,0.105,0,0.390,0.616,0,0.000,0.000,0.000,0.000,0.000,0.000,0.016,-0.264
515.21,0.105,0,0.392,0.610,0,0.000,0.000,0.000,0.000,0.000,0.000,0.016,-0.264
515.41,0.105,0,0.392,0.610,0,0.000,0.000,0.000,0.000,0.000,0.000,0.014,-0.258
515.61,0.105,0,0.392,0.610,0,0.000,0.000,0.000,0.000,0.000,0.000,0.011,-0.267
515.81,0.105,0,0.392,0.611,0,0.000,0.000,0.000,0.000,0.000,0.000,0.019,-0.265
516.01,0.107,0,0.392,0.611,0,0.000,0.000,0.000,0.000,0.000,0.000,0.019,-0.265
516.21,0.106,0,0.392,0.612,0,0.000,0.000,0.000,0.000,0.000,0.000,0.009,-0.271
516.41,0.105,0,0.392,0.612,0,0.000,0.000,0.000,0.000,0.000,0.000,0.017,-0.270
516.61,0.105,0,0.392,0.612,0,0.000,0.000,0.000,0.000,0.000,0.000,0.011,-0.269
516.81,0.106,0,0.391,0.609,0,0.000,0.000,0.000,0.000,0.000,0.000,0.015,-0.265
517.01,0.105,0,0.391,0.609,0,0.000,0.000,0.000,0.000,0.000,0.000,0.015,-0.265
517.21,0.108,0,0.390,0.607,0,0.000,0.000,0.000,0.000,0.000,0.000,0.012,-0.262
517.41,0.105,0,0.390,0.607,0,0.000,0.000,0.000,0.000,0.000,0.000,0.018,-0.259
517.61,0.105,0,0.390,0.607,0,0.000,0.000,0.000,0.000,0.000,0.000,0.012,-0.264
517.81,0.105,0,0.392,0.602,0,0.000,0.000,0.000,0.000,0.000,0.000,0.014,-0.264
518.01,0.105,0,0.392,0.602,0,0.000,0.000,0.000,0.000,0.000,0.000,0.014,-0.264
518.21,0.105,0,0.393,0.599,0,0.000,0.000,0.000,0.000,0.000,0.000,0.002,-0.254
518.41,0.105,0,0.393,0.599,0,0.000,0.000,0.000,0.000,0.000,0.000,0.009,-0.262
518.61,0.105,0,0.393,0.599,0,0.000,0.000,0.000,0.000,0.000,0.000,0.013,-0.262
518.81,0.105,0,0.392,0.600,0,0.000,0.000,0.000,0.000,0.000,0.000,0.011,-0.263
519.01,0.105,0,0.392,0.600,0,0.000,0.000,0.000,0.000,0.000,0.000,0.011,-0.263
519.21,0.106,0,0.392,0.599,0,0.000,0.000,0.000,0.000,0.000,0.000,0.014,-0.264
519.41,0.105,0,0.392,0.599,0,0.000,0.000,0.000,0.000,0.000,0.000,0.015,-0.262
519.61,0.105,0,0.392,0.599,0,0.000,0.000,0.000,0.000,0.000,0.000,0.020,-0.269
519.81,0.107,0,0.390,0.603,0,0.000,0.000,0.000,0.000,0.000,0.000,0.020,-0.269
520.01,0.106,0,0.390,0.603,0,0.000,0.000,0.000,0.000,0.000,0.000,0.009,-0.273
520.21,0.106,0,0.393,0.609,0,0.000,0.000,0.000,0.000,0.000,0.000,0.009,-0.271
520.41,0.106,0,0.393,0.609,0,0.000,0.000,0.000,0.000,0.000,0.000,0.017,-0.263
520.61,0.106,0,0.393,0.609,0,0.000,0.000,0.000,0.000,0.000,0.000,0.014,-0.267
520.81,0.105,0,0.390,0.601,0,0.000,0.000,0.000,0.000,0.000,0.000,0.014,-0.267
521.01,0.105,0,0.390,0.601,0,0.000,0.000,0.000,0.000,0.000,0.000,0.009,-0.271
521.21,0.107,0,0.390,0.600,0,0.000,0.000,0.000,0.000,0.000,0.000,0.014,-0.262
521.41,0.107,0,0.390,0.600,0,0.000,0.000,0.000,0.000,0.000,0.000,0.007,-0.273
521.61,0.105,0,0.390,0.600,0,0.000,0.000,0.000,0.000,0.000,0.000,0.017,-0.275
521.81,0.107,0,0.391,0.608,0,0.000,0.000,0.000,0.000,0.000,0.000,0.017,-0.275
522.01,0.105,0,0.391,0.608,0,0.000,0.000,0.000,0.000,0.000,0.000,0.009,-0.276
522.21,0.106,0,0.393,0.601,0,0.000,0.000,0.000,0.000,0.000,0.000,0.010,-0.278
522.41,0.106,0,0.393,0.601,0,0.000,0.000,0.000,0.000,0.000,0.000,0.018,-0.274
522.61,0.105,0,0.393,0.601,0,0.000,0.000,0.000,0.000,0.000,0.000,0.010,-0.269
522.81,0.107,0,0.393,0.608,0,0.000,0.000,0.000,0.000,0.000,0.000,0.010,-0.269
523.01,0.109,0,0.393,0.608,0,0.000,0.000,0.000,0.000,0.000,0.000,0.020,-0.260
523.21,0.108,0,0.393,0.600,0,0.000,0.000,0.000,0.000,0.000,0.000,0.012,-0.265
523.41,0.108,0,0.393,0.600,0,0.000,0.000,0.000,0.000,0.000,0.000,0.013,-0.275
523.61,0.106,0,0.393,0.600,0,0.000,0.000,0.000,0.000,0.000,0.000,0.013,-0.275
523.81,0.106,0,0.390,0.599,0,0.000,0.000,0.000,0.000,0.000,0.000,0.014,-0.268
524.01,0.108,0,0.390,0.599,0,0.000,0.000,0.000,0.000,0.000,0.000,0.018,-0.270
524.21,0.108,0,0.392,0.599,0,0.000,0.000,0.000,0.000,0.000,0.000,0.016,-0.265
524.41,0.108,0,0.392,0.599,0,0.000,0.000,0.000,0.000,0.000,0.000,0.010,-0.268
524.61,0.108,0,0.392,0.599,0,0.000,0.000,0.000,0.000,0.000,0.000,0.010,-0.268
524.81,0.105,0,0.390,0.595,0,0.000,0.000,0.000,0.000,0.000,0.000,0.012,-0.266
525.01,0.106,0,0.390,0.595,0,0.000,0.000,0.000,0.000,0.000,0.000,0.009,-0.269
525.21,0.106,0,0.392,0.603,0,0.000,0.000,0.000,0.000,0.000,0.000,0.013,-0.273
525.41,0.105,0,0.392,0.603,0,0.000,0.000,0.000,0.000,0.000,0.000,0.008,-0.264
525.61,0.106,0,0.392,0.603,0,0.000,0.000,0.000,0.000,0.000,0.000,0.008,-0.264
525.81,0.105,0,0.392,0.608,0,0.000,0.000,0.000,0.000,0.000,0.000,0.008,-0.265
526.01,0.106,0,0.392,0.608,0,0.000,0.000,0.000,0.000,0.000,0.000,0.009,-0.265
526.21,0.106,0,0.392,0.601,0,0.000,0.000,0.000,0.000,0.000,0.000,0.015,-0.263
526.41,0.105,0,0.392,0.601,0,0.000,0.000,0.000,0.000,0.000,0.000,0.017,-0.260
526.61,0.105,0,0.392,0.601,0,0.000,0.000,0.000,0.000,0.000,0.000,0.017,-0.260
526.81,0.105,0,0.392,0.609,0,0.000,0.000,0.000,0.000,0.000,0.000,0.021,-0.261
527.01,0.106,0,0.392,0.609,0,0.000,0.000,0.000,0.000,0.000,0.000,0.020,-0.254
527.21,0.106,0,0.390,0.608,0,0.000,0.000,0.000,0.000,0.000,0.000,0.018,-0.255
527.41,0.107,0,0.390,0.608,0,0.000,0.000,0.000,0.000,0.000,0.000,0.018,-0.255
527.61,0.105,0,0.390,0.608,0,0.000,0.000,0.000,0.000,0.000,0.000,0.019,-0.251
527.81,0.106,0,0.393,0.599,0,0.000,0.000,0.000,0.000,0.000,0.000,0.022,-0.250
528.01,0.105,0,0.393,0.599,0,0.000,0.000,0.000,0.000,0.000,0.000,0.018,-0.254
528.21,0.105,0,0.392,0.600,0,0.000,0.000,0.000,0.000,0.000,0.000,0.013,-0.248
528.41,0.105,0,0.392,0.600,0,0.000,0.000,0.000,0.000,0.000,0.000,0.013,-0.248
528.61,0.105,0,0.392,0.600,0,0.000,0.000,0.000,0.000,0.000,0.000,0.017,-0.248
528.81,0.107,0,0.392,0.600,0,0.000,0.000,0.000,0.000,0.000,0.000,0.013,-0.250
529.01,0.107,0,0.392,0.600,0,0.000,0.000,0.000,0.000,0.000,0.000,0.017,-0.252
529.21,0.105,0,0.390,0.601,0,0.000,0.000,0.000,0.000,0.000,0.000,0.010,-0.252
529.41,0.105,0,0.390,0.601,0,0.000,0.000,0.000,0.000,0.000,0.000,0.010,-0.252
529.61,0.108,0,0.390,0.601,0,0.000,0.000,0.000,0.000,0.000,0.000,0.022,-0.256
529.81,0.105,0,0.393,0.597,0,0.000,0.000,0.000,0.000,0.000,0.000,0.024,-0.253
530.01,0.105,0,0.393,0.597,0,0.000,0.000,0.000,0.000,0.000,0.000,0.022,-0.259
530.21,0.105,0,0.390,0.598,0,0.000,0.000,0.000,0.000,0.000,0.000,0.024,-0.251
530.41,0.105,0,0.390,0.598,0,0.000,0.000,0.000,0.000,0.000,0.000,0.024,-0.251
530.61,0.106,0,0.390,0.598,0,0.000,0.000,0.000,0.000,0.000,0.000,0.024,-0.256
530.81,0.105,0,0.392,0.598,0,0.000,0.000,0.000,0.000,0.000,0.000,0.019,-0.266
531.01,0.105,0,0.392,0.598,0,0.000,0.000,0.000,0.000,0.000,0.000,0.023,-0.254
531.21,0.105,0,0.392,0.592,1,0.000,0.000,0.000,0.000,0.000,0.000,0.023,-0.254
531.41,0.106,0,0.392,0.592,1,0.000,0.000,0.000,0.000,0.000,0.000,0.023,-0.251
531.61,0.105,0,0.392,0.592,1,0.000,0.000,0.000,0.000,0.000,0.000,0.020,-0.251
531.81,0.106,0,0.390,0.600,0,0.000,0.000,0.000,0.000,0.000,0.000,0.023,-0.255
532.01,0.106,0,0.390,0.600,0,0.000,0.000,0.000,0.000,0.000,0.000,0.021,-0.249
532.21,0.106,0,0.392,0.602,0,0.000,0.000,0.000,0.000,0.000,0.000,0.021,-0.249
532.41,0.106,0,0.392,0.602,0,0.000,0.000,0.000,0.000,0.000,0.000,0.017,-0.255
532.61,0.105,0,0.392,0.602,0,0.000,0.000,0.000,0.000,0.000,0.000,0.014,-0.260
532.81,0.105,0,0.392,0.599,0,0.000,0.000,0.000,0.000,0.000,0.000,0.010,-0.254
533.01,0.108,0,0.392,0.599,0,0.000,0.000,0.000,0.000,0.000,0.000,0.019,-0.237
533.21,0.105,0,0.391,0.597,0,0.000,0.000,0.000,0.000,0.000,0.000,0.019,-0.237
533.41,0.105,0,0.391,0.597,0,0.000,0.000,0.000,0.000,0.000,0.000,0.021,-0.251
533.61,0.106,0,0.391,0.597,0,0.000,0.000,0.000,0.000,0.000,0.000,0.030,-0.244
533.81,0.106,0,0.392,0.597,0,0.000,0.000,0.000,0.000,0.000,0.000,0.026,-0.244
534.01,0.105,0,0.392,0.597,0,0.000,0.000,0.000,0.000,0.000,0.000,0.022,-0.250
534.21,0.105,0,0.392,0.601,0,0.000,0.000,0.000,0.000,0.000,0.000,0.022,-0.250
534.41,0.105,0,0.392,0.601,0,0.000,0.000,0.000,0.000,0.000,0.000,0.025,-0.246
534.61,0.106,0,0.392,0.601,0,0.000,0.000,0.000,0.000,0.000,0.000,0.021,-0.255
534.81,0.106,0,0.390,0.600,0,0.000,0.000,0.000,0.000,0.000,0.000,0.022,-0.254
535.01,0.105,0,0.390,0.600,0,0.000,0.000,0.000,0.000,0.000,0.000,0.022,-0.254
535.21,0.105,0,0.392,0.598,0,0.000,0.000,0.000,0.000,0.000,0.000,0.025,-0.251
535.41,0.107,0,0.392,0.598,0,0.000,0.000,0.000,0.000,0.000,0.000,0.028,-0.248
535.61,0.107,0,0.392,0.598,0,0.000,0.000,0.000,0.000,0.000,0.000,0.014,-0.255
535.81,0.106,0,0.390,0.600,0,0.000,0.000,0.000,0.000,0.000,0.000,0.016,-0.254
536.01,0.105,0,0.390,0.600,0,0.000,0.000,0.000,0.000,0.000,0.000,0.016,-0.254
536.21,0.106,0,0.392,0.596,0,0.000,0.000,0.000,0.000,0.000,0.000,0.015,-0.248
536.41,0.105,0,0.392,0.596,0,0.000,0.000,0.000,0.000,0.000,0.000,0.016,-0.251
536.61,0.105,0,0.392,0.596,0,0.000,0.000,0.000,0.000,0.000,0.000,0.014,-0.246
536.81,0.105,0,0.390,0.601,0,0.000,0.000,0.000,0.000,0.000,0.000,0.014,-0.250
537.01,0.106,0,0.390,0.601,0,0.000,0.000,0.000,0.000,0.000,0.000,0.014,-0.250
537.21,0.106,0,0.390,0.609,0,0.000,0.000,0.000,0.000,0.000,0.000,0.013,-0.257
537.41,0.108,0,0.390,0.609,0,0.000,0.000,0.000,0.000,0.000,0.000,0.010,-0.260
537.61,0.108,0,0.390,0.609,0,0.000,0.000,0.000,0.000,0.000,0.000,0.007,-0.255
537.81,0.105,0,0.392,0.601,0,0.000,0.000,0.000,0.000,0.000,0.000,0.010,-0.261
538.01,0.105,0,0.392,0.601,0,0.000,0.000,0.000,0.000,0.000,0.000,0.010,-0.261
538.21,0.105,0,0.392,0.608,0,0.000,0.000,0.000,0.000,0.000,0.000,0.010,-0.266
538.41,0.105,0,0.392,0.608,0,0.000,0.000,0.000,0.000,0.000,0.000,0.006,-0.273
538.61,0.105,0,0.392,0.608,0,0.000,0.000,0.000,0.000,0.000,0.000,0.008,-0.266
538.81,0.108,0,0.393,0.605,0,0.000,0.000,0.000,0.000,0.000,0.000,0.008,-0.266
539.01,0.106,0,0.393,0.605,0,0.000,0.000,0.000,0.000,0.000,0.000,0.009,-0.261
539.21,0.108,0,0.392,0.599,0,0.000,0.000,0.000,0.000,0.000,0.000,0.009,-0.264
539.41,0.108,0,0.392,0.599,0,0.000,0.000,0.000,0.000,0.000,0.000,0.013,-0.264
539.61,0.108,0,0.392,0.599,0,0.000,0.000,0.000,0.000,0.000,0.000,0.008,-0.274
539.81,0.105,0,0.393,0.601,0,0.000,0.000,0.000,0.000,0.000,0.000,0.008,-0.274
540.01,0.105,0,0.393,0.601,0,0.000,0.000,0.000,0.000,0.000,0.000,0.009,-0.269
540.21,0.105,0,0.392,0.601,0,0.000,0.000,0.000,0.000,0.000,0.000,0.019,-0.262
540.41,0.105,0,0.392,0.601,0,0.000,0.000,0.000,0.000,0.000,0.000,0.008,-0.263
540.61,0.106,0,0.392,0.601,0,0.000,0.000,0.000,0.000,0.000,0.000,0.015,-0.256
540.81,0.106,0,0.391,0.612,0,0.000,0.000,0.000,0.000,0.000,0.000,0.015,-0.256
541.01,0.105,0,0.391,0.612,0,0.000,0.000,0.000,0.000,0.000,0.000,0.020,-0.257
541.21,0.105,0,0.393,0.586,1,0.000,0.000,0.000,0.000,0.000,0.000,0.011,-0.254
541.41,0.105,0,0.393,0.586,1,0.000,0.000,0.000,0.000,0.000,0.000,0.022,-0.246
541.61,0.106,0,0.393,0.586,1,0.000,0.000,0.000,0.000,0.000,0.000,0.016,-0.261
541.81,0.106,0,0.393,0.594,0,0.000,0.000,0.000,0.000,0.000,0.000,0.016,-0.261
542.01,0.105,0,0.393,0.594,0,0.000,0.000,0.000,0.000,0.000,0.000,0.018,-0.268
542.21,0.106,0,0.391,0.599,0,0.000,0.000,0.000,0.000,0.000,0.000,0.011,-0.261
542.41,0.106,0,0.391,0.599,0,0.000,0.000,0.000,0.000,0.000,0.000,0.017,-0.261
542.61,0.106,0,0.391,0.599,0,0.000,0.000,0.000,0.000,0.000,0.000,0.017,-0.261
542.81,0.107,0,0.390,0.622,0,0.000,0.000,0.000,0.000,0.000,0.000,0.013,-0.258
543.01,0.105,0,0.390,0.622,0,0.000,0.000,0.000,0.000,0.000,0.000,0.027,-0.253
543.21,0.108,0,0.390,0.665,0,0.000,0.000,0.000,0.000,0.000,0.000,0.019,-0.253
543.41,0.108,0,0.390,0.665,0,0.000,0.000,0.000,0.000,0.000,0.000,0.024,-0.257
543.61,0.105,0,0.390,0.665,0,0.000,0.000,0.000,0.000,0.000,0.000,0.024,-0.257
543.81,0.106,0,0.389,0.657,0,0.000,0.000,0.000,0.000,0.000,0.000,0.017,-0.264
544.01,0.107,0,0.389,0.657,0,0.000,0.000,0.000,0.000,0.000,0.000,0.013,-0.268
544.21,0.107,0,0.391,0.687,0,0.000,0.000,0.000,0.000,0.000,0.000,0.020,-0.260
544.41,0.107,0,0.391,0.687,0,0.000,0.000,0.000,0.000,0.000,0.000,0.020,-0.258
544.61,0.105,0,0.391,0.687,0,0.000,0.000,0.000,0.000,0.000,0.000,0.020,-0.258
544.81,0.105,0,0.392,0.688,0,0.000,0.000,0.000,0.000,0.000,0.000,0.022,-0.263
545.01,0.104,0,0.392,0.688,0,0.000,0.000,0.000,0.000,0.000,0.000,0.013,-0.265
545.21,0.104,0,0.393,0.687,0,0.000,0.000,0.000,0.000,0.000,0.000,0.027,-0.260
545.41,0.105,0,0.393,0.687,0,0.000,0.000,0.000,0.000,0.000,0.000,0.017,-0.261
545.61,0.107,0,0.393,0.687,0,0.000,0.000,0.000,0.000,0.000,0.000,0.017,-0.261
545.81,0.105,0,0.392,0.687,0,0.000,0.000,0.000,0.000,0.000,0.000,0.020,-0.263
546.01,0.106,0,0.392,0.687,0,0.000,0.000,0.000,0.000,0.000,0.000,0.019,-0.265
546.21,0.106,0,0.390,0.687,0,0.000,0.000,0.000,0.000,0.000,0.000,0.018,-0.252
546.41,0.105,0,0.390,0.687,0,0.000,0.000,0.000,0.000,0.000,0.000,0.018,-0.252
546.61,0.105,0,0.390,0.687,0,0.000,0.000,0.000,0.000,0.000,0.000,0.013,-0.262
546.81,0.108,0,0.393,0.685,0,0.000,0.000,0.000,0.000,0.000,0.000,0.014,-0.257
547.01,0.106,0,0.393,0.685,0,0.000,0.000,0.000,0.000,0.000,0.000,0.013,-0.243
547.21,0.106,0,0.393,0.687,0,0.000,0.000,0.000,0.000,0.000,0.000,0.008,-0.253
547.41,0.105,0,0.393,0.687,0,0.000,0.000,0.000,0.000,0.000,0.000,0.008,-0.253
547.61,0.105,0,0.393,0.687,0,0.000,0.000,0.000,0.000,0.000,0.000,0.015,-0.254
547.81,0.105,0,0.392,0.687,0,0.000,0.000,0.000,0.000,0.000,0.000,0.014,-0.254
548.01,0.105,0,0.392,0.687,0,0.000,0.000,0.000,0.000,0.000,0.000,0.013,-0.255
548.21,0.105,0,0.393,0.686,0,0.000,0.000,0.000,0.000,0.000,0.000,0.015,-0.249
548.41,0.107,0,0.393,0.686,0,0.000,0.000,0.000,0.000,0.000,0.000,0.015,-0.249
548.61,0.105,0,0.393,0.686,0,0.000,0.000,0.000,0.000,0.000,0.000,0.020,-0.249
548.81,0.105,0,0.392,0.686,0,0.000,0.000,0.000,0.000,0.000,0.000,0.012,-0.253
549.01,0.105,0,0.392,0.686,0,0.000,0.000,0.000,0.000,0.000,0.000,0.017,-0.249
549.21,0.105,0,0.393,0.687,0,0.000,0.000,0.000,0.000,0.000,0.000,0.025,-0.244
549.41,0.106,0,0.393,0.687,0,0.000,0.000,0.000,0.000,0.000,0.000,0.025,-0.244
549.61,0.105,0,0.393,0.687,0,0.000,0.000,0.000,0.000,0.000,0.000,0.022,-0.252
549.81,0.105,0,0.390,0.686,0,0.000,0.000,0.000,0.000,0.000,0.000,0.013,-0.248
550.01,0.105,0,0.390,0.686,0,0.000,0.000,0.000,0.000,0.000,0.000,0.016,-0.259
550.21,0.108,0,0.392,0.686,0,0.000,0.000,0.000,0.000,0.000,0.000,0.016,-0.259
550.41,0.106,0,0.392,0.686,0,0.000,0.000,0.000,0.000,0.000,0.000,0.022,-0.254
550.61,0.106,0,0.392,0.686,0,0.000,0.000,0.000,0.000,0.000,0.000,0.019,-0.252
550.81,0.105,0,0.393,0.686,0,0.000,0.000,0.000,0.000,0.000,0.000,0.014,-0.254
551.01,0.105,0,0.393,0.686,0,0.000,0.000,0.000,0.000,0.000,0.000,0.012,-0.260
551.21,0.106,0,0.392,0.684,0,0.000,0.000,0.000,0.000,0.000,0.000,0.012,-0.260
551.41,0.105,0,0.392,0.684,0,0.000,0.000,0.000,0.000,0.000,0.000,0.018,-0.255
551.61,0.105,0,0.392,0.684,0,0.000,0.000,0.000,0.000,0.000,0.000,0.011,-0.249
551.81,0.105,0,0.391,0.688,0,0.000,0.000,0.000,0.000,0.000,0.000,0.025,-0.253
552.01,0.108,0,0.391,0.688,0,0.000,0.000,0.000,0.000,0.000,0.000,0.028,-0.253
552.21,0.106,0,0.392,0.686,0,0.000,0.000,0.000,0.000,0.000,0.000,0.028,-0.253
552.41,0.105,0,0.392,0.686,0,0.000,0.000,0.000,0.000,0.000,0.000,0.020,-0.257
552.61,0.105,0,0.392,0.686,0,0.000,0.000,0.000,0.000,0.000,0.000,0.021,-0.255
552.81,0.105,0,0.393,0.690,0,0.000,0.000,0.000,0.000,0.000,0.000,0.022,-0.258
553.01,0.108,0,0.393,0.690,0,0.000,0.000,0.000,0.000,0.000,0.000,0.020,-0.260
553.21,0.106,0,0.391,0.687,0,0.000,0.000,0.000,0.000,0.000,0.000,0.020,-0.260
553.41,0.105,0,0.391,0.687,0,0.000,0.000,0.000,0.000,0.000,0.000,0.012,-0.260
553.61,0.108,0,0.391,0.687,0,0.000,0.000,0.000,0.000,0.000,0.000,0.016,-0.260
553.81,0.108,0,0.392,0.688,0,0.000,0.000,0.000,0.000,0.000,0.000,0.020,-0.255
554.01,0.106,0,0.392,0.688,0,0.000,0.000,0.000,0.000,0.000,0.000,0.020,-0.255
554.21,0.106,0,0.389,0.688,0,0.000,0.000,0.000,0.000,0.000,0.000,0.020,-0.253
554.41,0.105,0,0.389,0.688,0,0.000,0.000,0.000,0.000,0.000,0.000,0.018,-0.253
554.61,0.106,0,0.389,0.688,0,0.000,0.000,0.000,0.000,0.000,0.000,0.023,-0.255
554.81,0.106,0,0.393,0.690,0,0.000,0.000,0.000,0.000,0.000,0.000,0.016,-0.253
555.01,0.105,0,0.393,0.690,0,0.000,0.000,0.000,0.000,0.000,0.000,0.016,-0.253
555.21,0.105,0,0.392,0.689,0,0.000,0.000,0.000,0.000,0.000,0.000,0.016,-0.266
555.41,0.105,0,0.392,0.689,0,0.000,0.000,0.000,0.000,0.000,0.000,0.021,-0.257
555.61,0.105,0,0.392,0.689,0,0.000,0.000,0.000,0.000,0.000,0.000,0.023,-0.259
555.81,0.105,0,0.391,0.687,0,0.000,0.000,0.000,0.000,0.000,0.000,0.019,-0.263
556.01,0.105,0,0.391,0.687,0,0.000,0.000,0.000,0.000,0.000,0.000,0.019,-0.263
556.21,0.105,0,0.392,0.687,0,0.000,0.000,0.000,0.000,0.000,0.000,0.011,-0.266
556.41,0.106,0,0.392,0.687,0,0.000,0.000,0.000,0.000,0.000,0.000,0.026,-0.258
556.61,0.106,0,0.392,0.687,0,0.000,0.000,0.000,0.000,0.000,0.000,0.014,-0.266
556.81,0.106,0,0.393,0.687,0,0.000,0.000,0.000,0.000,0.000,0.000,0.020,-0.253
557.01,0.105,0,0.393,0.687,0,0.000,0.000,0.000,0.000,0.000,0.000,0.020,-0.253
557.21,0.105,0,0.393,0.686,0,0.000,0.000,0.000,0.000,0.000,0.000,0.016,-0.259
557.41,0.105,0,0.393,0.686,0,0.000,0.000,0.000,0.000,0.000,0.000,0.015,-0.265
557.61,0.105,0,0.393,0.686,0,0.000,0.000,0.000,0.000,0.000,0.000,0.020,-0.261
557.81,0.108,0,0.392,0.686,0,0.000,0.000,0.000,0.000,0.000,0.000,0.020,-0.261
558.01,0.105,0,0.392,0.686,0,0.000,0.000,0.000,0.000,0.000,0.000,0.021,-0.259
558.21,0.105,0,0.392,0.687,0,0.000,0.000,0.000,0.000,0.000,0.000,0.016,-0.253
558.41,0.105,0,0.392,0.687,0,0.000,0.000,0.000,0.000,0.000,0.000,0.021,-0.252
558.61,0.105,0,0.392,0.687,0,0.000,0.000,0.000,0.000,0.000,0.000,0.019,-0.256
558.81,0.105,0,0.392,0.687,0,0.000,0.000,0.000,0.000,0.000,0.000,0.019,-0.256
559.01,0.106,0,0.392,0.687,0,0.000,0.000,0.000,0.000,0.000,0.000,0.009,-0.255
559.21,0.108,0,0.392,0.688,0,0.000,0.000,0.000,0.000,0.000,0.000,0.023,-0.253
559.41,0.108,0,0.392,0.688,0,0.000,0.000,0.000,0.000,0.000,0.000,0.014,-0.263
559.61,0.108,0,0.392,0.688,0,0.000,0.000,0.000,0.000,0.000,0.000,0.012,-0.262
559.81,0.105,0,0.392,0.689,0,0.000,0.000,0.000,0.000,0.000,0.000,0.012,-0.262
560.01,0.108,0,0.392,0.689,0,0.000,0.000,0.000,0.000,0.000,0.000,0.011,-0.258
560.21,0.105,0,0.391,0.687,0,0.000,0.000,0.000,0.000,0.000,0.000,0.014,-0.264
560.41,0.105,0,0.391,0.687,0,0.000,0.000,0.000,0.000,0.000,0.000,0.017,-0.256
560.61,0.108,0,0.391,0.687,0,0.000,0.000,0.000,0.000,0.000,0.000,0.021,-0.260
560.81,0.105,0,0.390,0.688,0,0.000,0.000,0.000,0.000,0.000,0.000,0.021,-0.260
561.01,0.105,0,0.390,0.688,0,0.000,0.000,0.000,0.000,0.000,0.000,0.021,-0.255
561.21,0.106,0,0.392,0.687,0,0.000,0.000,0.000,0.000,0.000,0.000,0.019,-0.262
561.41,0.106,0,0.392,0.687,0,0.000,0.000,0.000,0.000,0.000,0.000,0.018,-0.260
561.61,0.105,0,0.392,0.687,0,0.000,0.000,0.000,0.000,0.000,0.000,0.018,-0.260
561.81,0.107,0,0.391,0.688,0,0.000,0.000,0.000,0.000,0.000,0.000,0.012,-0.262
562.01,0.106,0,0.391,0.688,0,0.000,0.000,0.000,0.000,0.000,0.000,0.017,-0.261
562.21,0.106,0,0.390,0.689,0,0.000,0.000,0.000,0.000,0.000,0.000,0.019,-0.259
562.41,0.106,0,0.390,0.689,0,0.000,0.000,0.000,0.000,0.000,0.000,0.023,-0.260
562.61,0.105,0,0.390,0.689,0,0.000,0.000,0.000,0.000,0.000,0.000,0.023,-0.260
562.81,0.108,0,0.392,0.687,0,0.000,0.000,0.000,0.000,0.000,0.000,0.017,-0.259
563.01,0.106,0,0.392,0.687,0,0.000,0.000,0.000,0.000,0.000,0.000,0.016,-0.261
563.21,0.106,0,0.390,0.688,0,0.000,0.000,0.000,0.000,0.000,0.000,0.018,-0.259
563.41,0.108,0,0.390,0.688,0,0.000,0.000,0.000,0.000,0.000,0.000,0.021,-0.272
563.61,0.105,0,0.390,0.688,0,0.000,0.000,0.000,0.000,0.000,0.000,0.021,-0.272
563.81,0.107,0,0.390,0.689,0,0.000,0.000,0.000,0.000,0.000,0.000,0.013,-0.270
564.01,0.108,0,0.390,0.689,0,0.000,0.000,0.000,0.000,0.000,0.000,0.013,-0.277
564.21,0.108,0,0.390,0.686,0,0.000,0.000,0.000,0.000,0.000,0.000,0.013,-0.272
564.41,0.106,0,0.390,0.686,0,0.000,0.000,0.000,0.000,0.000,0.000,0.013,-0.276
564.61,0.106,0,0.390,0.686,0,0.000,0.000,0.000,0.000,0.000,0.000,0.013,-0.276
564.81,0.105,0,0.393,0.689,0,0.000,0.000,0.000,0.000,0.000,0.000,0.008,-0.277
565.01,0.108,0,0.393,0.689,0,0.000,0.000,0.000,0.000,0.000,0.000,0.016,-0.273
565.21,0.108,0,0.392,0.688,0,0.000,0.000,0.000,0.000,0.000,0.000,0.016,-0.281
565.41,0.105,0,0.392,0.688,0,0.000,0.000,0.000,0.000,0.000,0.000,0.016,-0.281
565.61,0.106,0,0.392,0.688,0,0.000,0.000,0.000,0.000,0.000,0.000,0.010,-0.276
565.81,0.107,0,0.392,0.688,0,0.000,0.000,0.000,0.000,0.000,0.000,0.014,-0.274
566.01,0.107,0,0.392,0.688,0,0.000,0.000,0.000,0.000,0.000,0.000,0.012,-0.277
566.21,0.106,0,0.393,0.687,0,0.000,0.000,0.000,0.000,0.000,0.000,0.017,-0.278
566.41,0.105,0,0.393,0.687,0,0.000,0.000,0.000,0.000,0.000,0.000,0.017,-0.278
566.61,0.106,0,0.393,0.687,0,0.000,0.000,0.000,0.000,0.000,0.000,0.010,-0.279
566.81,0.105,0,0.392,0.690,0,0.000,0.000,0.000,0.000,0.000,0.000,0.016,-0.278
567.01,0.105,0,0.392,0.690,0,0.000,0.000,0.000,0.000,0.000,0.000,0.015,-0.280
567.21,0.105,0,0.392,0.691,0,0.000,0.000,0.000,0.000,0.000,0.000,0.015,-0.274
567.41,0.108,0,0.392,0.691,0,0.000,0.000,0.000,0.000,0.000,0.000,0.015,-0.274
567.61,0.105,0,0.392,0.691,0,0.000,0.000,0.000,0.000,0.000,0.000,0.014,-0.279
567.81,0.105,0,0.392,0.690,0,0.000,0.000,0.000,0.000,0.000,0.000,0.011,-0.280
568.01,0.105,0,0.392,0.690,0,0.000,0.000,0.000,0.000,0.000,0.000,0.016,-0.279
568.21,0.105,0,0.391,0.689,0,0.000,0.000,0.000,0.000,0.000,0.000,0.016,-0.279
568.41,0.106,0,0.391,0.689,0,0.000,0.000,0.000,0.000,0.000,0.000,0.002,-0.277
568.61,0.105,0,0.391,0.689,0,0.000,0.000,0.000,0.000,0.000,0.000,0.011,-0.273
568.81,0.105,0,0.393,0.687,0,0.000,0.000,0.000,0.000,0.000,0.000,0.012,-0.278
569.01,0.106,0,0.393,0.687,0,0.000,0.000,0.000,0.000,0.000,0.000,0.019,-0.269
569.21,0.105,0,0.392,0.689,0,0.000,0.000,0.000,0.000,0.000,0.000,0.019,-0.269
569.41,0.106,0,0.392,0.689,0,0.000,0.000,0.000,0.000,0.000,0.000,0.020,-0.266
569.61,0.106,0,0.392,0.689,0,0.000,0.000,0.000,0.000,0.000,0.000,0.016,-0.271
569.81,0.106,0,0.392,0.688,0,0.000,0.000,0.000,0.000,0.000,0.000,0.021,-0.273
570.01,0.105,0,0.392,0.688,0,0.000,0.000,0.000,0.000,0.000,0.000,0.015,-0.275
570.21,0.105,0,0.392,0.689,0,0.000,0.000,0.000,0.000,0.000,0.000,0.015,-0.275
570.41,0.108,0,0.392,0.689,0,0.000,0.000,0.000,0.000,0.000,0.000,0.017,-0.269
570.61,0.105,0,0.392,0.689,0,0.000,0.000,0.000,0.000,0.000,0.000,0.016,-0.268
570.81,0.105,0,0.391,0.687,0,0.000,0.000,0.000,0.000,0.000,0.000,0.016,-0.264
571.01,0.105,0,0.391,0.687,0,0.000,0.000,0.000,0.000,0.000,0.000,0.016,-0.264
571.21,0.108,0,0.392,0.690,0,0.000,0.000,0.000,0.000,0.000,0.000,0.021,-0.255
571.41,0.105,0,0.392,0.690,0,0.000,0.000,0.000,0.000,0.000,0.000,0.027,-0.252
571.61,0.105,0,0.392,0.690,0,0.000,0.000,0.000,0.000,0.000,0.000,0.030,-0.247
571.81,0.105,0,0.391,0.688,0,0.000,0.000,0.000,0.000,0.000,0.000,0.028,-0.252
572.01,0.105,0,0.391,0.688,0,0.000,0.000,0.000,0.000,0.000,0.000,0.028,-0.252
572.21,0.105,0,0.392,0.690,0,0.000,0.000,0.000,0.000,0.000,0.000,0.014,-0.252
572.41,0.108,0,0.392,0.690,0,0.000,0.000,0.000,0.000,0.000,0.000,0.021,-0.254
572.61,0.108,0,0.392,0.690,0,0.000,0.000,0.000,0.000,0.000,0.000,0.026,-0.254
572.81,0.106,0,0.390,0.688,0,0.000,0.000,0.000,0.000,0.000,0.000,0.022,-0.262
573.01,0.107,0,0.390,0.688,0,0.000,0.000,0.000,0.000,0.000,0.000,0.022,-0.262
573.21,0.105,0,0.392,0.686,0,0.000,0.000,0.000,0.000,0.000,0.000,0.017,-0.261
573.41,0.105,0,0.392,0.686,0,0.000,0.000,0.000,0.000,0.000,0.000,0.034,-0.254
573.61,0.105,0,0.392,0.686,0,0.000,0.000,0.000,0.000,0.000,0.000,0.027,-0.252
573.81,0.106,0,0.393,0.690,0,0.000,0.000,0.000,0.000,0.000,0.000,0.029,-0.244
574.01,0.106,0,0.393,0.690,0,0.000,0.000,0.000,0.000,0.000,0.000,0.029,-0.244
574.21,0.105,0,0.390,0.687,0,0.000,0.000,0.000,0.000,0.000,0.000,0.031,-0.242
574.41,0.105,0,0.390,0.687,0,0.000,0.000,0.000,0.000,0.000,0.000,0.029,-0.249
574.61,0.105,0,0.390,0.687,0,0.000,0.000,0.000,0.000,0.000,0.000,0.030,-0.260
574.81,0.108,0,0.393,0.688,0,0.000,0.000,0.000,0.000,0.000,0.000,0.030,-0.260
575.01,0.105,0,0.393,0.688,0,0.000,0.000,0.000,0.000,0.000,0.000,0.029,-0.251
575.21,0.105,0,0.392,0.689,0,0.000,0.000,0.000,0.000,0.000,0.000,0.025,-0.256
575.41,0.105,0,0.392,0.689,0,0.000,0.000,0.000,0.000,0.000,0.000,0.036,-0.249
575.61,0.105,0,0.392,0.689,0,0.000,0.000,0.000,0.000,0.000,0.000,0.031,-0.257
575.81,0.108,0,0.390,0.688,0,0.000,0.000,0.000,0.000,0.000,0.000,0.031,-0.257
576.01,0.106,0,0.390,0.688,0,0.000,0.000,0.000,0.000,0.000,0.000,0.030,-0.251
576.21,0.106,0,0.392,0.688,0,0.000,0.000,0.000,0.000,0.000,0.000,0.029,-0.248
576.41,0.106,0,0.392,0.688,0,0.000,0.000,0.000,0.000,0.000,0.000,0.033,-0.253
576.61,0.108,0,0.392,0.688,0,0.000,0.000,0.000,0.000,0.000,0.000,0.025,-0.252
576.81,0.105,0,0.392,0.687,0,0.000,0.000,0.000,0.000,0.000,0.000,0.025,-0.252
577.01,0.105,0,0.392,0.687,0,0.000,0.000,0.000,0.000,0.000,0.000,0.024,-0.251
577.21,0.105,0,0.392,0.685,0,0.000,0.000,0.000,0.000,0.000,0.000,0.028,-0.249
577.41,0.105,0,0.392,0.685,0,0.000,0.000,0.000,0.000,0.000,0.000,0.026,-0.261
577.61,0.107,0,0.392,0.685,0,0.000,0.000,0.000,0.000,0.000,0.000,0.026,-0.261
577.81,0.106,0,0.392,0.690,0,0.000,0.000,0.000,0.000,0.000,0.000,0.021,-0.262
578.01,0.105,0,0.392,0.690,0,0.000,0.000,0.000,0.000,0.000,0.000,0.021,-0.264
578.21,0.105,0,0.392,0.687,0,0.000,0.000,0.000,0.000,0.000,0.000,0.023,-0.262
578.41,0.105,0,0.392,0.687,0,0.000,0.000,0.000,0.000,0.000,0.000,0.022,-0.260
578.61,0.106,0,0.392,0.687,0,0.000,0.000,0.000,0.000,0.000,0.000,0.022,-0.260
578.81,0.105,0,0.390,0.687,0,0.000,0.000,0.000,0.000,0.000,0.000,0.016,-0.261
579.01,0.105,0,0.390,0.687,0,0.000,0.000,0.000,0.000,0.000,0.000,0.020,-0.267
579.21,0.105,0,0.390,0.688,0,0.000,0.000,0.000,0.000,0.000,0.000,0.024,-0.260
579.41,0.105,0,0.390,0.688,0,0.000,0.000,0.000,0.000,0.000,0.000,0.015,-0.268
579.61,0.106,0,0.390,0.688,0,0.000,0.000,0.000,0.000,0.000,0.000,0.015,-0.268
579.81,0.106,0,0.390,0.689,0,0.000,0.000,0.000,0.000,0.000,0.000,0.023,-0.255
580.01,0.107,0,0.390,0.689,0,0.000,0.000,0.000,0.000,0.000,0.000,0.027,-0.259
580.21,0.107,0,0.394,0.689,0,0.000,0.000,0.000,0.000,0.000,0.000,0.018,-0.257
580.41,0.106,0,0.394,0.689,0,0.000,0.000,0.000,0.000,0.000,0.000,0.025,-0.251
580.61,0.105,0,0.394,0.689,0,0.000,0.000,0.000,0.000,0.000,0.000,0.025,-0.251
580.81,0.105,0,0.392,0.689,0,0.000,0.000,0.000,0.000,0.000,0.000,0.022,-0.262
581.01,0.107,0,0.392,0.689,0,0.000,0.000,0.000,0.000,0.000,0.000,0.029,-0.249
581.21,0.107,0,0.390,0.690,0,0.000,0.000,0.000,0.000,0.000,0.000,0.025,-0.252
581.41,0.105,0,0.390,0.690,0,0.000,0.000,0.000,0.000,0.000,0.000,0.025,-0.252
581.61,0.107,0,0.390,0.690,0,0.000,0.000,0.000,0.000,0.000,0.000,0.016,-0.252
581.81,0.105,0,0.392,0.689,0,0.000,0.000,0.000,0.000,0.000,0.000,0.026,-0.256
582.01,0.105,0,0.392,0.689,0,0.000,0.000,0.000,0.000,0.000,0.000,0.029,-0.258
582.21,0.106,0,0.392,0.689,0,0.000,0.000,0.000,0.000,0.000,0.000,0.020,-0.259
582.41,0.106,0,0.392,0.689,0,0.000,0.000,0.000,0.000,0.000,0.000,0.020,-0.259
582.61,0.105,0,0.392,0.689,0,0.000,0.000,0.000,0.000,0.000,0.000,0.025,-0.253
582.81,0.108,0,0.390,0.689,0,0.000,0.000,0.000,0.000,0.000,0.000,0.025,-0.255
583.01,0.108,0,0.390,0.689,0,0.000,0.000,0.000,0.000,0.000,0.000,0.022,-0.254
583.21,0.105,0,0.390,0.689,0,0.000,0.000,0.000,0.000,0.000,0.000,0.025,-0.254
583.41,0.108,0,0.390,0.689,0,0.000,0.000,0.000,0.000,0.000,0.000,0.025,-0.254
583.61,0.105,0,0.390,0.689,0,0.000,0.000,0.000,0.000,0.000,0.000,0.024,-0.252
583.81,0.105,0,0.391,0.688,0,0.000,0.000,0.000,0.000,0.000,0.000,0.030,-0.251
584.01,0.105,0,0.391,0.688,0,0.000,0.000,0.000,0.000,0.000,0.000,0.019,-0.267
584.21,0.105,0,0.390,0.688,0,0.000,0.000,0.000,0.000,0.000,0.000,0.019,-0.267
584.41,0.106,0,0.390,0.688,0,0.000,0.000,0.000,0.000,0.000,0.000,0.023,-0.244
584.61,0.106,0,0.390,0.688,0,0.000,0.000,0.000,0.000,0.000,0.000,0.021,-0.248
584.81,0.106,0,0.392,0.689,0,0.000,0.000,0.000,0.000,0.000,0.000,0.022,-0.252
585.01,0.108,0,0.392,0.689,0,0.000,0.000,0.000,0.000,0.000,0.000,0.020,-0.255
585.21,0.105,0,0.392,0.689,0,0.000,0.000,0.000,0.000,0.000,0.000,0.020,-0.255
585.41,0.105,0,0.392,0.689,0,0.000,0.000,0.000,0.000,0.000,0.000,0.030,-0.253
585.61,0.106,0,0.392,0.689,0,0.000,0.000,0.000,0.000,0.000,0.000,0.025,-0.254
585.81,0.106,0,0.391,0.690,0,0.000,0.000,0.000,0.000,0.000,0.000,0.028,-0.258
586.01,0.105,0,0.391,0.690,0,0.000,0.000,0.000,0.000,0.000,0.000,0.022,-0.249
586.21,0.106,0,0.391,0.689,0,0.000,0.000,0.000,0.000,0.000,0.000,0.022,-0.249
586.41,0.108,0,0.391,0.689,0,0.000,0.000,0.000,0.000,0.000,0.000,0.029,-0.255
586.61,0.105,0,0.391,0.689,0,0.000,0.000,0.000,0.000,0.000,0.000,0.028,-0.256
586.81,0.105,0,0.392,0.690,0,0.000,0.000,0.000,0.000,0.000,0.000,0.022,-0.253
587.01,0.108,0,0.392,0.690,0,0.000,0.000,0.000,0.000,0.000,0.000,0.022,-0.253
587.21,0.105,0,0.393,0.688,0,0.000,0.000,0.000,0.000,0.000,0.000,0.027,-0.249
587.41,0.105,0,0.393,0.688,0,0.000,0.000,0.000,0.000,0.000,0.000,0.016,-0.255
587.61,0.105,0,0.393,0.688,0,0.000,0.000,0.000,0.000,0.000,0.000,0.019,-0.260
587.81,0.105,0,0.392,0.688,0,0.000,0.000,0.000,0.000,0.000,0.000,0.019,-0.269
588.01,0.108,0,0.392,0.688,0,0.000,0.000,0.000,0.000,0.000,0.000,0.019,-0.269
588.21,0.105,0,0.393,0.690,0,0.000,0.000,0.000,0.000,0.000,0.000,0.025,-0.263
588.41,0.108,0,0.393,0.690,0,0.000,0.000,0.000,0.000,0.000,0.000,0.029,-0.261
588.61,0.108,0,0.393,0.690,0,0.000,0.000,0.000,0.000,0.000,0.000,0.020,-0.266
588.81,0.105,0,0.390,0.688,0,0.000,0.000,0.000,0.000,0.000,0.000,0.019,-0.246
589.01,0.106,0,0.390,0.688,0,0.000,0.000,0.000,0.000,0.000,0.000,0.019,-0.246
589.21,0.105,0,0.392,0.690,0,0.000,0.000,0.000,0.000,0.000,0.000,0.020,-0.256
589.41,0.108,0,0.392,0.690,0,0.000,0.000,0.000,0.000,0.000,0.000,0.021,-0.258
589.61,0.108,0,0.392,0.690,0,0.000,0.000,0.000,0.000,0.000,0.000,0.020,-0.259
589.81,0.106,0,0.392,0.689,0,0.000,0.000,0.000,0.000,0.000,0.000,0.019,-0.260
590.01,0.105,0,0.392,0.689,0,0.000,0.000,0.000,0.000,0.000,0.000,0.019,-0.260
590.21,0.106,0,0.392,0.688,0,0.000,0.000,0.000,0.000,0.000,0.000,0.017,-0.265
590.41,0.105,0,0.392,0.688,0,0.000,0.000,0.000,0.000,0.000,0.000,0.017,-0.262
590.61,0.105,0,0.392,0.688,0,0.000,0.000,0.000,0.000,0.000,0.000,0.019,-0.258
590.81,0.106,0,0.393,0.688,0,0.000,0.000,0.000,0.000,0.000,0.000,0.019,-0.258
591.01,0.108,0,0.393,0.688,0,0.000,0.000,0.000,0.000,0.000,0.000,0.019,-0.268
591.21,0.106,0,0.392,0.689,0,0.000,0.000,0.000,0.000,0.000,0.000,0.014,-0.271
591.41,0.106,0,0.392,0.689,0,0.000,0.000,0.000,0.000,0.000,0.000,0.016,-0.267
591.61,0.105,0,0.392,0.689,0,0.000,0.000,0.000,0.000,0.000,0.000,0.023,-0.258
591.81,0.108,0,0.393,0.688,0,0.000,0.000,0.000,0.000,0.000,0.000,0.023,-0.258
592.01,0.106,0,0.393,0.688,0,0.000,0.000,0.000,0.000,0.000,0.000,0.017,-0.260
592.21,0.105,0,0.390,0.688,0,0.000,0.000,0.000,0.000,0.000,0.000,0.021,-0.265
592.41,0.105,0,0.390,0.688,0,0.000,0.000,0.000,0.000,0.000,0.000,0.014,-0.265
592.61,0.105,0,0.390,0.688,0,0.000,0.000,0.000,0.000,0.000,0.000,0.025,-0.260
592.81,0.108,0,0.392,0.688,0,0.000,0.000,0.000,0.000,0.000,0.000,0.025,-0.260
593.01,0.105,0,0.392,0.688,0,0.000,0.000,0.000,0.000,0.000,0.000,0.013,-0.261
593.21,0.105,0,0.389,0.687,0,0.000,0.000,0.000,0.000,0.000,0.000,0.014,-0.270
593.41,0.105,0,0.389,0.687,0,0.000,0.000,0.000,0.000,0.000,0.000,0.016,-0.256
593.61,0.105,0,0.389,0.687,0,0.000,0.000,0.000,0.000,0.000,0.000,0.016,-0.256
593.81,0.104,0,0.390,0.687,0,0.000,0.000,0.000,0.000,0.000,0.000,0.012,-0.263
594.01,0.106,0,0.390,0.687,0,0.000,0.000,0.000,0.000,0.000,0.000,0.023,-0.270
594.21,0.105,0,0.390,0.690,0,0.000,0.000,0.000,0.000,0.000,0.000,0.022,-0.266
594.41,0.105,0,0.390,0.690,0,0.000,0.000,0.000,0.000,0.000,0.000,0.018,-0.258
594.61,0.105,0,0.390,0.690,0,0.000,0.000,0.000,0.000,0.000,0.000,0.018,-0.258
594.81,0.106,0,0.394,0.689,0,0.000,0.000,0.000,0.000,0.000,0.000,0.019,-0.268
595.01,0.108,0,0.394,0.689,0,0.000,0.000,0.000,0.000,0.000,0.000,0.023,-0.263
595.21,0.108,0,0.393,0.689,0,0.000,0.000,0.000,0.000,0.000,0.000,0.019,-0.263
595.41,0.105,0,0.393,0.689,0,0.000,0.000,0.000,0.000,0.000,0.000,0.010,-0.260
595.61,0.105,0,0.393,0.689,0,0.000,0.000,0.000,0.000,0.000,0.000,0.010,-0.260
595.81,0.105,0,0.390,0.690,0,0.000,0.000,0.000,0.000,0.000,0.000,0.020,-0.261
596.01,0.105,0,0.390,0.690,0,0.000,0.000,0.000,0.000,0.000,0.000,0.019,-0.258
596.21,0.105,0,0.389,0.690,0,0.000,0.000,0.000,0.000,0.000,0.000,0.021,-0.254
596.41,0.108,0,0.389,0.690,0,0.000,0.000,0.000,0.000,0.000,0.000,0.021,-0.254
596.61,0.106,0,0.389,0.690,0,0.000,0.000,0.000,0.000,0.000,0.000,0.024,-0.246
596.81,0.106,0,0.393,0.687,0,0.000,0.000,0.000,0.000,0.000,0.000,0.025,-0.254
597.01,0.105,0,0.393,0.687,0,0.000,0.000,0.000,0.000,0.000,0.000,0.025,-0.254
597.21,0.105,0,0.390,0.687,0,0.000,0.000,0.000,0.000,0.000,0.000,0.033,-0.259
597.41,0.105,0,0.390,0.687,0,0.000,0.000,0.000,0.000,0.000,0.000,0.031,-0.251
597.61,0.108,0,0.390,0.687,0,0.000,0.000,0.000,0.000,0.000,0.000,0.023,-0.253
597.81,0.106,0,0.390,0.688,0,0.000,0.000,0.000,0.000,0.000,0.000,0.020,-0.257
598.01,0.106,0,0.390,0.688,0,0.000,0.000,0.000,0.000,0.000,0.000,0.017,-0.261
598.21,0.105,0,0.390,0.689,0,0.000,0.000,0.000,0.000,0.000,0.000,0.020,-0.257
598.41,0.105,0,0.390,0.689,0,0.000,0.000,0.000,0.000,0.000,0.000,0.020,-0.257
598.61,0.105,0,0.390,0.689,0,0.000,0.000,0.000,0.000,0.000,0.000,0.023,-0.261
598.81,0.106,0,0.392,0.687,0,0.000,0.000,0.000,0.000,0.000,0.000,0.026,-0.260
599.01,0.106,0,0.392,0.687,0,0.000,0.000,0.000,0.000,0.000,0.000,0.028,-0.256
599.21,0.106,0,0.392,0.687,0,0.000,0.000,0.000,0.000,0.000,0.000,0.028,-0.256
599.41,0.105,0,0.392,0.687,0,0.000,0.000,0.000,0.000,0.000,0.000,0.022,-0.253
599.61,0.106,0,0.392,0.687,0,0.000,0.000,0.000,0.000,0.000,0.000,0.024,-0.258
599.81,0.106,0,0.392,0.689,0,0.000,0.000,0.000,0.000,0.000,0.000,0.021,-0.260
600.01,0.106,0,0.392,0.689,0,0.000,0.000,0.000,0.000,0.000,0.000,0.024,-0.252
600.21,0.108,0,0.391,0.689,0,0.000,0.000,0.000,0.000,0.000,0.000,0.024,-0.252
600.41,0.105,0,0.391,0.689,0,0.000,0.000,0.000,0.000,0.000,0.000,0.024,-0.251
600.61,0.105,0,0.391,0.689,0,0.000,0.000,0.000,0.000,0.000,0.000,0.020,-0.249
600.81,0.105,0,0.392,0.689,0,0.000,0.000,0.000,0.000,0.000,0.000,0.016,-0.249
601.01,0.105,0,0.392,0.689,0,0.000,0.000,0.000,0.000,0.000,0.000,0.024,-0.251
601.21,0.105,0,0.390,0.688,0,0.000,0.000,0.000,0.000,0.000,0.000,0.024,-0.251
601.41,0.106,0,0.390,0.688,0,0.000,0.000,0.000,0.000,0.000,0.000,0.014,-0.254
601.61,0.106,0,0.390,0.688,0,0.000,0.000,0.000,0.000,0.000,0.000,0.016,-0.255
601.81,0.106,0,0.393,0.690,0,0.000,0.000,0.000,0.000,0.000,0.000,0.023,-0.253
602.01,0.105,0,0.393,0.690,0,0.000,0.000,0.000,0.000,0.000,0.000,0.069,-0.266
602.21,0.106,0,0.390,0.401,1,0.000,0.000,0.000,0.000,0.000,0.000,0.069,-0.266
602.41,0.105,0,0.390,0.401,1,0.000,0.000,0.000,0.000,0.000,0.000,0.087,-0.259
602.61,0.105,0,0.390,0.401,1,0.000,0.000,0.000,0.000,0.000,0.000,0.098,-0.236
602.81,0.105,0,0.373,0.402,1,0.000,0.000,0.000,0.000,0.000,0.000,0.100,-0.216
603.01,0.107,0,0.373,0.402,1,0.000,0.000,0.000,0.000,0.000,0.000,0.100,-0.216
603.21,0.355,0,0.366,0.405,1,0.000,0.000,0.000,0.000,0.000,0.000,0.106,-0.223
603.41,0.108,0,0.366,0.405,1,0.000,0.000,0.000,0.000,0.000,0.000,0.095,-0.222
603.61,0.108,0,0.366,0.405,1,0.000,0.000,0.000,0.000,0.000,0.000,0.114,-0.211
603.81,0.108,0,0.361,0.409,1,0.000,0.000,0.000,0.000,0.000,0.000,0.093,-0.213
604.01,0.105,0,0.361,0.409,1,0.000,0.000,0.000,0.000,0.000,0.000,0.093,-0.213
604.21,0.105,0,0.362,0.410,1,0.000,0.000,0.000,0.000,0.000,0.000,0.093,-0.213
604.41,0.106,0,0.362,0.410,1,0.000,0.000,0.000,0.000,0.000,0.000,0.058,-0.211
604.61,0.106,0,0.362,0.410,1,0.000,0.000,0.000,0.000,0.000,0.000,0.039,-0.249
604.81,0.105,0,0.367,0.400,1,0.000,0.000,0.000,0.000,0.000,0.000,0.042,-0.250
605.01,0.105,0,0.367,0.400,1,0.000,0.000,0.000,0.000,0.000,0.000,0.042,-0.250
605.21,0.105,0,0.372,0.391,1,0.000,0.000,0.000,0.000,0.000,0.000,0.033,-0.255
605.41,0.105,0,0.372,0.391,1,0.000,0.000,0.000,0.000,0.000,0.000,0.021,-0.249
605.61,0.105,0,0.372,0.391,1,0.000,0.000,0.000,0.000,0.000,0.000,0.042,-0.228
605.81,0.106,0,0.377,0.672,0,0.000,0.000,0.000,0.000,0.000,0.000,0.042,-0.228
606.01,0.108,0,0.377,0.672,0,0.000,0.000,0.000,0.000,0.000,0.000,0.030,-0.245
606.21,0.106,0,0.664,0.663,1,0.000,0.000,0.000,0.000,0.000,0.000,0.030,-0.245
606.41,0.105,0,0.664,0.663,1,0.000,0.000,0.000,0.000,0.000,0.000,0.012,-0.238
606.61,0.105,0,0.664,0.663,1,0.000,0.000,0.000,0.000,0.000,0.000,0.010,-0.266
606.81,0.105,0,0.868,0.661,0,0.000,0.000,0.000,0.000,0.000,0.000,0.010,-0.266
607.01,0.105,0,0.868,0.661,0,0.000,0.000,0.000,0.000,0.000,0.000,0.018,-0.264
607.21,0.106,0,0.863,0.660,0,0.000,0.000,0.000,0.000,0.000,0.000,0.021,-0.276
607.41,0.106,0,0.863,0.660,0,0.000,0.000,0.000,0.000,0.000,0.000,0.024,-0.274
607.61,0.105,0,0.863,0.660,0,0.000,0.000,0.000,0.000,0.000,0.000,0.046,-0.286
607.81,0.106,0,0.866,0.660,0,0.000,0.000,0.000,0.000,0.000,0.000,0.046,-0.286
608.01,0.105,0,0.866,0.660,0,0.000,0.000,0.000,0.000,0.000,0.000,0.076,-0.296
608.21,0.105,0,0.384,0.664,0,0.000,0.000,0.000,0.000,0.000,0.000,0.123,-0.304
608.41,0.105,0,0.384,0.664,0,0.000,0.000,0.000,0.000,0.000,0.000,0.100,-0.287
608.61,0.105,0,0.384,0.664,0,0.000,0.000,0.000,0.000,0.000,0.000,0.100,-0.287
608.81,0.105,0,0.372,0.381,1,0.000,0.000,0.000,0.000,0.000,0.000,0.100,-0.287
609.01,0.108,0,0.372,0.381,1,0.000,0.000,0.000,0.000,0.000,0.000,0.100,-0.287
609.21,0.105,0,0.369,0.382,1,0.000,0.000,0.000,0.000,0.000,0.000,0.100,-0.287
609.41,0.105,0,0.369,0.382,1,0.000,0.000,0.000,0.000,0.000,0.000,0.100,-0.287
609.61,0.106,0,0.369,0.382,1,0.000,0.000,0.000,0.000,0.000,0.000,0.100,-0.287
609.81,0.106,0,0.369,0.381,1,0.000,0.000,0.000,0.000,0.000,0.000,0.100,-0.287
610.01,0.105,0,0.369,0.381,1,0.000,0.000,0.000,0.000,0.000,0.000,0.100,-0.287
610.21,0.105,0,0.372,0.381,1,0.000,0.000,0.000,0.000,0.000,0.000,0.101,-0.286
610.41,0.106,0,0.372,0.381,1,0.000,0.000,0.000,0.000,0.000,0.000,0.102,-0.289
610.61,0.106,0,0.372,0.381,1,0.000,0.000,0.000,0.000,0.000,0.000,0.102,-0.289
610.81,0.105,0,0.372,0.382,1,0.000,0.000,0.000,0.000,0.000,0.000,0.102,-0.289
611.01,0.107,0,0.372,0.382,1,0.000,0.000,0.000,0.000,0.000,0.000,0.103,-0.288
611.21,0.107,0,0.370,0.381,1,0.000,0.000,0.000,0.000,0.000,0.000,0.102,-0.286
611.41,0.106,0,0.370,0.381,1,0.000,0.000,0.000,0.000,0.000,0.000,0.100,-0.288
611.61,0.107,0,0.370,0.381,1,0.000,0.000,0.000,0.000,0.000,0.000,0.100,-0.288
611.81,0.105,0,0.369,0.381,1,0.000,0.000,0.000,0.000,0.000,0.000,0.102,-0.293
612.01,0.106,0,0.369,0.381,1,0.000,0.000,0.000,0.000,0.000,0.000,0.096,-0.293
612.21,0.106,0,0.200,nan,0,0.000,0.000,0.000,0.000,0.000,0.000,0.098,-0.290
612.41,0.107,0,0.200,nan,0,0.000,0.000,0.000,0.000,0.000,0.000,0.098,-0.290
612.61,0.106,0,0.200,nan,0,0.000,0.000,0.000,0.000,0.000,0.000,0.099,-0.289
612.81,0.106,0,0.152,0.383,0,0.000,0.000,0.000,0.000,0.000,0.000,0.099,-0.290
613.01,0.106,0,0.152,0.383,0,0.000,0.000,0.000,0.000,0.000,0.000,0.098,-0.288
613.21,0.106,0,0.179,4.460,0,0.000,0.000,0.000,0.000,0.000,0.000,0.101,-0.291
613.41,0.106,0,0.179,4.460,0,0.000,0.000,0.000,0.000,0.000,0.000,0.101,-0.291
613.61,0.105,0,0.179,4.460,0,0.000,0.000,0.000,0.000,0.000,0.000,0.098,-0.288
613.81,0.105,0,0.372,0.382,1,0.000,0.000,0.000,0.000,0.000,0.000,0.100,-0.288
614.01,0.105,0,0.372,0.382,1,0.000,0.000,0.000,0.000,0.000,0.000,0.098,-0.285
614.21,0.105,0,0.370,0.381,1,0.000,0.000,0.000,0.000,0.000,0.000,0.100,-0.288
614.41,0.106,0,0.370,0.381,1,0.000,0.000,0.000,0.000,0.000,0.000,0.100,-0.288
614.61,0.105,0,0.370,0.381,1,0.000,0.000,0.000,0.000,0.000,0.000,0.102,-0.284
614.81,0.106,0,0.372,0.381,1,0.000,0.000,0.000,0.000,0.000,0.000,0.098,-0.288
615.01,0.106,0,0.372,0.381,1,0.000,0.000,0.000,0.000,0.000,0.000,0.138,-0.304
615.21,0.107,0,0.369,0.384,1,0.000,0.000,0.000,0.000,0.000,0.000,0.138,-0.304
615.41,0.107,0,0.369,0.384,1,0.000,0.000,0.000,0.000,0.000,0.000,0.181,-0.311
615.61,0.106,0,0.369,0.384,1,0.000,0.000,0.000,0.000,0.000,0.000,0.178,-0.290
615.81,0.106,0,0.357,0.388,1,0.000,0.000,0.000,0.000,0.000,0.000,0.152,-0.272
616.01,0.341,0,0.357,0.388,1,0.000,0.000,0.000,0.000,0.000,0.000,0.135,-0.287
616.21,0.340,0,0.352,0.387,1,0.000,0.000,0.000,0.000,0.000,0.000,0.135,-0.287
616.41,0.345,0,0.352,0.387,1,0.000,0.000,0.000,0.000,0.000,0.000,0.135,-0.287
616.61,0.105,0,0.352,0.387,1,0.000,0.000,0.000,0.000,0.000,0.000,0.135,-0.287
616.81,0.105,0,0.362,0.380,1,0.000,0.000,0.000,0.000,0.000,0.000,0.135,-0.287
617.01,0.106,0,0.362,0.380,1,0.000,0.000,0.000,0.000,0.000,0.000,0.135,-0.287
617.21,0.105,0,0.376,0.663,0,0.000,0.000,0.000,0.000,0.000,0.000,0.135,-0.287
617.41,0.106,0,0.376,0.663,0,0.000,0.000,0.000,0.000,0.000,0.000,0.135,-0.287
617.61,0.105,0,0.376,0.663,0,0.000,0.000,0.000,0.000,0.000,0.000,0.135,-0.287
617.81,0.105,0,0.755,0.654,1,0.000,0.000,0.000,0.000,0.000,0.000,0.134,-0.304
618.01,0.107,0,0.755,0.654,1,0.000,0.000,0.000,0.000,0.000,0.000,0.134,-0.304
618.21,0.105,0,0.843,0.651,1,0.000,0.000,0.000,0.000,0.000,0.000,0.145,-0.298
618.41,0.105,0,0.843,0.651,1,0.000,0.000,0.000,0.000,0.000,0.000,0.150,-0.285
618.61,0.108,0,0.843,0.651,1,0.000,0.000,0.000,0.000,0.000,0.000,0.137,-0.287
618.81,0.108,0,0.839,0.655,1,0.000,0.000,0.000,0.000,0.000,0.000,0.139,-0.287
619.01,0.105,0,0.839,0.655,1,0.000,0.000,0.000,0.000,0.000,0.000,0.139,-0.287
619.21,0.105,0,0.837,0.669,1,0.000,0.000,0.000,0.000,0.000,0.000,0.149,-0.292
619.41,0.105,0,0.837,0.669,1,0.000,0.000,0.000,0.000,0.000,0.000,0.151,-0.291
619.61,0.105,0,0.837,0.669,1,0.000,0.000,0.000,0.000,0.000,0.000,0.178,-0.286
619.81,0.105,0,0.840,0.650,1,0.000,0.000,0.000,0.000,0.000,0.000,0.224,-0.280
620.01,0.105,0,0.840,0.650,1,0.000,0.000,0.000,0.000,0.000,0.000,0.224,-0.280
620.21,0.105,0,0.761,0.652,1,0.000,0.000,0.000,0.000,0.000,0.000,0.219,-0.272
620.41,0.105,0,0.761,0.652,1,0.000,0.000,0.000,0.000,0.000,0.000,0.204,-0.261
620.61,0.105,0,0.761,0.652,1,0.000,0.000,0.000,0.000,0.000,0.000,0.196,-0.261
620.81,0.107,0,0.363,0.372,1,0.000,0.000,0.000,0.000,0.000,0.000,0.196,-0.261
621.01,0.105,0,0.363,0.372,1,0.000,0.000,0.000,0.000,0.000,0.000,0.191,-0.259
621.21,0.106,0,0.356,0.382,1,0.000,0.000,0.000,0.000,0.000,0.000,0.190,-0.239
621.41,0.106,0,0.356,0.382,1,0.000,0.000,0.000,0.000,0.000,0.000,0.185,-0.233
621.61,0.106,0,0.356,0.382,1,0.000,0.000,0.000,0.000,0.000,0.000,0.187,-0.218
621.81,0.106,0,0.356,0.391,1,0.000,0.000,0.000,0.000,0.000,0.000,0.187,-0.218
622.01,0.346,0,0.356,0.391,1,0.000,0.000,0.000,0.000,0.000,0.000,0.186,-0.222
622.21,0.105,0,0.355,0.397,1,0.000,0.000,0.000,0.000,0.000,0.000,0.182,-0.222
622.41,0.105,0,0.355,0.397,1,0.000,0.000,0.000,0.000,0.000,0.000,0.177,-0.227
622.61,0.106,0,0.355,0.397,1,0.000,0.000,0.000,0.000,0.000,0.000,0.171,-0.214
622.81,0.105,0,0.358,0.402,1,0.000,0.000,0.000,0.000,0.000,0.000,0.171,-0.214
623.01,0.105,0,0.358,0.402,1,0.000,0.000,0.000,0.000,0.000,0.000,0.166,-0.229
623.21,0.106,0,0.359,0.416,1,0.000,0.000,0.000,0.000,0.000,0.000,0.171,-0.224
623.41,0.106,0,0.359,0.416,1,0.000,0.000,0.000,0.000,0.000,0.000,0.170,-0.227
623.61,0.108,0,0.359,0.416,1,0.000,0.000,0.000,0.000,0.000,0.000,0.155,-0.218
623.81,0.106,0,0.167,0.402,0,0.000,0.000,0.000,0.000,0.000,0.000,0.155,-0.218
624.01,0.105,0,0.167,0.402,0,0.000,0.000,0.000,0.000,0.000,0.000,0.177,-0.225
624.21,0.105,0,0.358,0.402,1,0.000,0.000,0.000,0.000,0.000,0.000,0.169,-0.228
624.41,0.105,0,0.358,0.402,1,0.000,0.000,0.000,0.000,0.000,0.000,0.165,-0.225
624.61,0.107,0,0.358,0.402,1,0.000,0.000,0.000,0.000,0.000,0.000,0.165,-0.225
624.81,0.105,0,0.358,0.412,1,0.000,0.000,0.000,0.000,0.000,0.000,0.164,-0.221
625.01,0.106,0,0.358,0.412,1,0.000,0.000,0.000,0.000,0.000,0.000,0.172,-0.218
625.21,0.106,0,0.359,0.402,1,0.000,0.000,0.000,0.000,0.000,0.000,0.170,-0.220
625.41,0.106,0,0.359,0.402,1,0.000,0.000,0.000,0.000,0.000,0.000,0.168,-0.225
625.61,0.106,0,0.359,0.402,1,0.000,0.000,0.000,0.000,0.000,0.000,0.168,-0.225
625.81,0.106,0,0.355,0.402,1,0.000,0.000,0.000,0.000,0.000,0.000,0.170,-0.221
626.01,0.106,0,0.355,0.402,1,0.000,0.000,0.000,0.000,0.000,0.000,0.176,-0.228
626.21,0.106,0,0.358,0.402,1,0.000,0.000,0.000,0.000,0.000,0.000,0.173,-0.225
626.41,0.108,0,0.358,0.402,1,0.000,0.000,0.000,0.000,0.000,0.000,0.173,-0.219
626.61,0.106,0,0.358,0.402,1,0.000,0.000,0.000,0.000,0.000,0.000,0.173,-0.219
626.81,0.106,0,0.359,0.402,1,0.000,0.000,0.000,0.000,0.000,0.000,0.174,-0.229
627.01,0.105,0,0.359,0.402,1,0.000,0.000,0.000,0.000,0.000,0.000,0.174,-0.229
627.21,0.105,0,0.358,0.402,1,0.000,0.000,0.000,0.000,0.000,0.000,0.166,-0.226
627.41,0.107,0,0.358,0.402,1,0.000,0.000,0.000,0.000,0.000,0.000,0.166,-0.226
627.61,0.105,0,0.358,0.402,1,0.000,0.000,0.000,0.000,0.000,0.000,0.174,-0.224
627.81,0.106,0,0.357,0.401,1,0.000,0.000,0.000,0.000,0.000,0.000,0.172,-0.222
628.01,0.106,0,0.357,0.401,1,0.000,0.000,0.000,0.000,0.000,0.000,0.167,-0.223
628.21,0.105,0,0.353,0.402,1,0.000,0.000,0.000,0.000,0.000,0.000,0.170,-0.216
628.41,0.105,0,0.353,0.402,1,0.000,0.000,0.000,0.000,0.000,0.000,0.170,-0.216
628.61,0.105,0,0.353,0.402,1,0.000,0.000,0.000,0.000,0.000,0.000,0.171,-0.215
628.81,0.106,0,0.355,0.402,1,0.000,0.000,0.000,0.000,0.000,0.000,0.170,-0.214
629.01,0.106,0,0.355,0.402,1,0.000,0.000,0.000,0.000,0.000,0.000,0.165,-0.217
629.21,0.107,0,0.359,0.402,1,0.000,0.000,0.000,0.000,0.000,0.000,0.175,-0.215
629.41,0.106,0,0.359,0.402,1,0.000,0.000,0.000,0.000,0.000,0.000,0.175,-0.215
629.61,0.105,0,0.359,0.402,1,0.000,0.000,0.000,0.000,0.000,0.000,0.173,-0.219
629.81,0.105,0,0.359,0.402,1,0.000,0.000,0.000,0.000,0.000,0.000,0.170,-0.221
630.01,0.105,0,0.359,0.402,1,0.000,0.000,0.000,0.000,0.000,0.000,0.167,-0.219
630.21,0.106,0,0.359,0.402,1,0.000,0.000,0.000,0.000,0.000,0.000,0.167,-0.219
630.41,0.105,0,0.359,0.402,1,0.000,0.000,0.000,0.000,0.000,0.000,0.167,-0.219
630.61,0.105,0,0.359,0.402,1,0.000,0.000,0.000,0.000,0.000,0.000,0.170,-0.224
630.81,0.105,0,0.359,0.402,1,0.000,0.000,0.000,0.000,0.000,0.000,0.154,-0.229
631.01,0.106,0,0.359,0.402,1,0.000,0.000,0.000,0.000,0.000,0.000,0.142,-0.261
631.21,0.107,0,0.357,0.398,1,0.000,0.000,0.000,0.000,0.000,0.000,0.142,-0.261
631.41,0.107,0,0.357,0.398,1,0.000,0.000,0.000,0.000,0.000,0.000,0.142,-0.261
631.61,0.347,0,0.357,0.398,1,0.000,0.000,0.000,0.000,0.000,0.000,0.142,-0.261
631.81,0.347,0,0.359,0.398,1,0.000,0.000,0.000,0.000,0.000,0.000,0.142,-0.261
632.01,0.108,0,0.359,0.398,1,0.000,0.000,0.000,0.000,0.000,0.000,0.142,-0.261
632.21,0.107,0,0.359,0.398,1,0.000,0.000,0.000,0.000,0.000,0.000,0.142,-0.261
632.41,0.107,0,0.359,0.398,1,0.000,0.000,0.000,0.000,0.000,0.000,0.142,-0.261
632.61,0.106,0,0.359,0.398,1,0.000,0.000,0.000,0.000,0.000,0.000,0.142,-0.261
632.81,0.106,0,0.361,0.398,1,0.000,0.000,0.000,0.000,0.000,0.000,0.147,-0.251
633.01,0.351,0,0.361,0.398,1,0.000,0.000,0.000,0.000,0.000,0.000,0.147,-0.251
633.21,0.351,0,0.362,0.398,1,0.000,0.000,0.000,0.000,0.000,0.000,0.148,-0.268
633.41,0.351,0,0.362,0.398,1,0.000,0.000,0.000,0.000,0.000,0.000,0.154,-0.267
633.61,0.347,0,0.362,0.398,1,0.000,0.000,0.000,0.000,0.000,0.000,0.153,-0.268
633.81,0.347,0,0.358,0.398,1,0.000,0.000,0.000,0.000,0.000,0.000,0.151,-0.268
634.01,0.352,0,0.358,0.398,1,0.000,0.000,0.000,0.000,0.000,0.000,0.151,-0.268
634.21,0.105,0,0.361,0.398,1,0.000,0.000,0.000,0.000,0.000,0.000,0.148,-0.263
634.41,0.347,0,0.361,0.398,1,0.000,0.000,0.000,0.000,0.000,0.000,0.150,-0.262
634.61,0.347,0,0.361,0.398,1,0.000,0.000,0.000,0.000,0.000,0.000,0.147,-0.260
634.81,0.105,0,0.359,0.398,1,0.000,0.000,0.000,0.000,0.000,0.000,0.143,-0.248
635.01,0.347,0,0.359,0.398,1,0.000,0.000,0.000,0.000,0.000,0.000,0.143,-0.248
635.21,0.345,0,0.357,0.398,1,0.000,0.000,0.000,0.000,0.000,0.000,0.146,-0.247
635.41,0.349,0,0.357,0.398,1,0.000,0.000,0.000,0.000,0.000,0.000,0.148,-0.248
635.61,0.349,0,0.357,0.398,1,0.000,0.000,0.000,0.000,0.000,0.000,0.143,-0.247
635.81,0.349,0,0.360,0.398,1,0.000,0.000,0.000,0.000,0.000,0.000,0.143,-0.247
636.01,0.345,0,0.360,0.398,1,0.000,0.000,0.000,0.000,0.000,0.000,0.143,-0.247
636.21,0.347,0,0.358,0.398,1,0.000,0.000,0.000,0.000,0.000,0.000,0.149,-0.262
636.41,0.105,0,0.358,0.398,1,0.000,0.000,0.000,0.000,0.000,0.000,0.150,-0.262
636.61,0.105,0,0.358,0.398,1,0.000,0.000,0.000,0.000,0.000,0.000,0.150,-0.264
636.81,0.105,0,0.356,0.398,1,0.000,0.000,0.000,0.000,0.000,0.000,0.150,-0.264
637.01,0.345,0,0.356,0.398,1,0.000,0.000,0.000,0.000,0.000,0.000,0.148,-0.266
637.21,0.351,0,0.362,0.398,1,0.000,0.000,0.000,0.000,0.000,0.000,0.152,-0.265
637.41,0.351,0,0.362,0.398,1,0.000,0.000,0.000,0.000,0.000,0.000,0.148,-0.267
637.61,0.345,0,0.362,0.398,1,0.000,0.000,0.000,0.000,0.000,0.000,0.148,-0.269
637.81,0.106,0,0.359,0.398,1,0.000,0.000,0.000,0.000,0.000,0.000,0.148,-0.269
638.01,0.350,0,0.359,0.398,1,0.000,0.000,0.000,0.000,0.000,0.000,0.151,-0.269
638.21,0.351,0,0.362,0.398,1,0.000,0.000,0.000,0.000,0.000,0.000,0.150,-0.267
638.41,0.351,0,0.362,0.398,1,0.000,0.000,0.000,0.000,0.000,0.000,0.146,-0.266
638.61,0.349,0,0.362,0.398,1,0.000,0.000,0.000,0.000,0.000,0.000,0.151,-0.264
638.81,0.347,0,0.359,0.398,1,0.000,0.000,0.000,0.000,0.000,0.000,0.151,-0.264
639.01,0.351,0,0.359,0.398,1,0.000,0.000,0.000,0.000,0.000,0.000,0.154,-0.267
639.21,0.351,0,0.362,0.398,1,0.000,0.000,0.000,0.000,0.000,0.000,0.151,-0.266
639.41,0.351,0,0.362,0.398,1,0.000,0.000,0.000,0.000,0.000,0.000,0.148,-0.268
639.61,0.349,0,0.362,0.398,1,0.000,0.000,0.000,0.000,0.000,0.000,0.148,-0.268
639.81,0.105,0,0.362,0.398,1,0.000,0.000,0.000,0.000,0.000,0.000,0.152,-0.267
640.01,0.350,0,0.362,0.398,1,0.000,0.000,0.000,0.000,0.000,0.000,0.147,-0.269
640.21,0.347,0,0.358,0.398,1,0.000,0.000,0.000,0.000,0.000,0.000,0.144,-0.255
640.41,0.347,0,0.358,0.398,1,0.000,0.000,0.000,0.000,0.000,0.000,0.149,-0.265
640.61,0.350,0,0.358,0.398,1,0.000,0.000,0.000,0.000,0.000,0.000,0.149,-0.265
640.81,0.347,0,0.359,0.398,1,0.000,0.000,0.000,0.000,0.000,0.000,0.148,-0.267
641.01,0.345,0,0.359,0.398,1,0.000,0.000,0.000,0.000,0.000,0.000,0.147,-0.264
641.21,0.345,0,0.361,0.397,1,0.000,0.000,0.000,0.000,0.000,0.000,0.148,-0.265
641.41,0.350,0,0.361,0.397,1,0.000,0.000,0.000,0.000,0.000,0.000,0.143,-0.262
641.61,0.351,0,0.361,0.397,1,0.000,0.000,0.000,0.000,0.000,0.000,0.143,-0.262
641.81,0.349,0,0.361,0.398,1,0.000,0.000,0.000,0.000,0.000,0.000,0.152,-0.264
642.01,0.106,0,0.361,0.398,1,0.000,0.000,0.000,0.000,0.000,0.000,0.153,-0.262
642.21,0.106,0,0.362,0.398,1,0.000,0.000,0.000,0.000,0.000,0.000,0.152,-0.262
642.41,0.351,0,0.362,0.398,1,0.000,0.000,0.000,0.000,0.000,0.000,0.146,-0.257
642.61,0.345,0,0.362,0.398,1,0.000,0.000,0.000,0.000,0.000,0.000,0.146,-0.257
642.81,0.349,0,0.357,0.398,1,0.000,0.000,0.000,0.000,0.000,0.000,0.145,-0.261
643.01,0.349,0,0.357,0.398,1,0.000,0.000,0.000,0.000,0.000,0.000,0.141,-0.258
643.21,0.349,0,0.360,0.398,1,0.000,0.000,0.000,0.000,0.000,0.000,0.147,-0.256
643.41,0.350,0,0.360,0.398,1,0.000,0.000,0.000,0.000,0.000,0.000,0.147,-0.256
643.61,0.345,0,0.360,0.398,1,0.000,0.000,0.000,0.000,0.000,0.000,0.144,-0.255
643.81,0.347,0,0.357,0.398,1,0.000,0.000,0.000,0.000,0.000,0.000,0.144,-0.266
644.01,0.347,0,0.357,0.398,1,0.000,0.000,0.000,0.000,0.000,0.000,0.147,-0.261
644.21,0.349,0,0.360,0.398,1,0.000,0.000,0.000,0.000,0.000,0.000,0.145,-0.261
644.41,0.105,0,0.360,0.398,1,0.000,0.000,0.000,0.000,0.000,0.000,0.145,-0.261
644.61,0.350,0,0.360,0.398,1,0.000,0.000,0.000,0.000,0.000,0.000,0.149,-0.265
644.81,0.351,0,0.361,0.397,1,0.000,0.000,0.000,0.000,0.000,0.000,0.149,-0.260
645.01,0.351,0,0.361,0.397,1,0.000,0.000,0.000,0.000,0.000,0.000,0.150,-0.261
645.21,0.347,0,0.358,0.398,1,0.000,0.000,0.000,0.000,0.000,0.000,0.145,-0.264
645.41,0.347,0,0.358,0.398,1,0.000,0.000,0.000,0.000,0.000,0.000,0.145,-0.264
645.61,0.105,0,0.358,0.398,1,0.000,0.000,0.000,0.000,0.000,0.000,0.147,-0.263
645.81,0.106,0,0.359,0.398,1,0.000,0.000,0.000,0.000,0.000,0.000,0.142,-0.264
646.01,0.106,0,0.359,0.398,1,0.000,0.000,0.000,0.000,0.000,0.000,0.151,-0.262
646.21,0.351,0,0.362,0.398,1,0.000,0.000,0.000,0.000,0.000,0.000,0.151,-0.262
646.41,0.350,0,0.362,0.398,1,0.000,0.000,0.000,0.000,0.000,0.000,0.147,-0.263
646.61,0.350,0,0.362,0.398,1,0.000,0.000,0.000,0.000,0.000,0.000,0.143,-0.263
646.81,0.350,0,0.361,0.398,1,0.000,0.000,0.000,0.000,0.000,0.000,0.147,-0.265
647.01,0.105,0,0.361,0.398,1,0.000,0.000,0.000,0.000,0.000,0.000,0.142,-0.259
647.21,0.351,0,0.362,0.398,1,0.000,0.000,0.000,0.000,0.000,0.000,0.142,-0.259
647.41,0.350,0,0.362,0.398,1,0.000,0.000,0.000,0.000,0.000,0.000,0.153,-0.265
647.61,0.351,0,0.362,0.398,1,0.000,0.000,0.000,0.000,0.000,0.000,0.151,-0.268
647.81,0.351,0,0.362,0.398,1,0.000,0.000,0.000,0.000,0.000,0.000,0.151,-0.269
648.01,0.351,0,0.362,0.398,1,0.000,0.000,0.000,0.000,0.000,0.000,0.150,-0.266
648.21,0.351,0,0.362,0.398,1,0.000,0.000,0.000,0.000,0.000,0.000,0.150,-0.266
648.41,0.351,0,0.362,0.398,1,0.000,0.000,0.000,0.000,0.000,0.000,0.145,-0.263
648.61,0.350,0,0.362,0.398,1,0.000,0.000,0.000,0.000,0.000,0.000,0.145,-0.260
648.81,0.350,0,0.362,0.398,1,0.000,0.000,0.000,0.000,0.000,0.000,0.146,-0.262
649.01,0.347,0,0.362,0.398,1,0.000,0.000,0.000,0.000,0.000,0.000,0.146,-0.262
649.21,0.105,0,0.362,0.398,1,0.000,0.000,0.000,0.000,0.000,0.000,0.149,-0.265
649.41,0.351,0,0.362,0.398,1,0.000,0.000,0.000,0.000,0.000,0.000,0.147,-0.268
649.61,0.351,0,0.362,0.398,1,0.000,0.000,0.000,0.000,0.000,0.000,0.147,-0.266
649.81,0.350,0,0.361,0.398,1,0.000,0.000,0.000,0.000,0.000,0.000,0.148,-0.266
650.01,0.349,0,0.361,0.398,1,0.000,0.000,0.000,0.000,0.000,0.000,0.148,-0.266
650.21,0.352,0,0.363,0.394,1,0.000,0.000,0.000,0.000,0.000,0.000,0.116,-0.307
650.41,0.105,0,0.363,0.394,1,0.000,0.000,0.000,0.000,0.000,0.000,0.116,-0.315
650.61,0.105,0,0.363,0.394,1,0.000,0.000,0.000,0.000,0.000,0.000,0.120,-0.321
650.81,0.105,0,0.370,0.382,1,0.000,0.000,0.000,0.000,0.000,0.000,0.129,-0.326
651.01,0.105,0,0.370,0.382,1,0.000,0.000,0.000,0.000,0.000,0.000,0.129,-0.326
651.21,0.106,0,0.374,0.660,0,0.000,0.000,0.000,0.000,0.000,0.000,0.148,-0.324
651.41,0.105,0,0.374,0.660,0,0.000,0.000,0.000,0.000,0.000,0.000,0.138,-0.316
651.61,0.105,0,0.374,0.660,0,0.000,0.000,0.000,0.000,0.000,0.000,0.149,-0.320
651.81,0.106,0,0.373,0.660,0,0.000,0.000,0.000,0.000,0.000,0.000,0.149,-0.320
652.01,0.105,0,0.373,0.660,0,0.000,0.000,0.000,0.000,0.000,0.000,0.150,-0.319
652.21,0.105,0,0.374,0.661,0,0.000,0.000,0.000,0.000,0.000,0.000,0.144,-0.321
652.41,0.105,0,0.374,0.661,0,0.000,0.000,0.000,0.000,0.000,0.000,0.149,-0.316
652.61,0.105,0,0.374,0.661,0,0.000,0.000,0.000,0.000,0.000,0.000,0.147,-0.320
652.81,0.107,0,0.375,0.661,0,0.000,0.000,0.000,0.000,0.000,0.000,0.147,-0.320
653.01,0.105,0,0.375,0.661,0,0.000,0.000,0.000,0.000,0.000,0.000,0.149,-0.320
653.21,0.105,0,0.370,0.662,0,0.000,0.000,0.000,0.000,0.000,0.000,0.141,-0.321
653.41,0.105,0,0.370,0.662,0,0.000,0.000,0.000,0.000,0.000,0.000,0.145,-0.317
653.61,0.107,0,0.370,0.662,0,0.000,0.000,0.000,0.000,0.000,0.000,0.144,-0.320
653.81,0.105,0,0.371,0.661,0,0.000,0.000,0.000,0.000,0.000,0.000,0.144,-0.320
654.01,0.108,0,0.371,0.661,0,0.000,0.000,0.000,0.000,0.000,0.000,0.143,-0.320
654.21,0.107,0,0.374,0.660,0,0.000,0.000,0.000,0.000,0.000,0.000,0.144,-0.319
654.41,0.107,0,0.374,0.660,0,0.000,0.000,0.000,0.000,0.000,0.000,0.146,-0.322
654.61,0.105,0,0.374,0.660,0,0.000,0.000,0.000,0.000,0.000,0.000,0.185,-0.291
654.81,0.360,0,0.371,0.382,1,0.000,0.000,0.000,0.000,0.000,0.000,0.185,-0.291
655.01,0.106,0,0.371,0.382,1,0.000,0.000,0.000,0.000,0.000,0.000,0.172,-0.279
655.21,0.106,0,0.354,0.384,1,0.000,0.000,0.000,0.000,0.000,0.000,0.174,-0.274
655.41,0.106,0,0.354,0.384,1,0.000,0.000,0.000,0.000,0.000,0.000,0.174,-0.274
655.61,0.106,0,0.354,0.384,1,0.000,0.000,0.000,0.000,0.000,0.000,0.174,-0.274
655.81,0.105,0,0.360,0.373,1,0.000,0.000,0.000,0.000,0.000,0.000,0.174,-0.274
656.01,0.105,0,0.360,0.373,1,0.000,0.000,0.000,0.000,0.000,0.000,0.174,-0.274
656.21,0.105,0,0.727,0.639,1,0.000,0.000,0.000,0.000,0.000,0.000,0.174,-0.274
656.41,0.105,0,0.727,0.639,1,0.000,0.000,0.000,0.000,0.000,0.000,0.174,-0.274
656.61,0.105,0,0.727,0.639,1,0.000,0.000,0.000,0.000,0.000,0.000,0.174,-0.274
656.81,0.105,0,0.723,0.633,1,0.000,0.000,0.000,0.000,0.000,0.000,0.174,-0.274
657.01,0.105,0,0.723,0.633,1,0.000,0.000,0.000,0.000,0.000,0.000,0.171,-0.279
657.21,0.105,0,0.763,0.632,1,0.000,0.000,0.000,0.000,0.000,0.000,0.172,-0.278
657.41,0.106,0,0.763,0.632,1,0.000,0.000,0.000,0.000,0.000,0.000,0.174,-0.276
657.61,0.106,0,0.763,0.632,1,0.000,0.000,0.000,0.000,0.000,0.000,0.174,-0.276
657.81,0.108,0,0.761,0.632,1,0.000,0.000,0.000,0.000,0.000,0.000,0.169,-0.278
658.01,0.105,0,0.761,0.632,1,0.000,0.000,0.000,0.000,0.000,0.000,0.172,-0.275
658.21,0.105,0,0.752,0.632,1,0.000,0.000,0.000,0.000,0.000,0.000,0.174,-0.273
658.41,0.105,0,0.752,0.632,1,0.000,0.000,0.000,0.000,0.000,0.000,0.174,-0.273
658.61,0.105,0,0.752,0.632,1,0.000,0.000,0.000,0.000,0.000,0.000,0.171,-0.277
658.81,0.105,0,0.836,0.633,0,0.000,0.000,0.000,0.000,0.000,0.000,0.170,-0.281
659.01,0.105,0,0.836,0.633,0,0.000,0.000,0.000,0.000,0.000,0.000,0.173,-0.278
659.21,0.105,0,0.720,0.632,1,0.000,0.000,0.000,0.000,0.000,0.000,0.175,-0.274
659.41,0.106,0,0.720,0.632,1,0.000,0.000,0.000,0.000,0.000,0.000,0.175,-0.274
659.61,0.105,0,0.720,0.632,1,0.000,0.000,0.000,0.000,0.000,0.000,0.176,-0.277
659.81,0.108,0,0.699,0.633,1,0.000,0.000,0.000,0.000,0.000,0.000,0.174,-0.277
660.01,0.108,0,0.699,0.633,1,0.000,0.000,0.000,0.000,0.000,0.000,0.173,-0.276
660.21,0.106,0,0.799,0.630,1,0.000,0.000,0.000,0.000,0.000,0.000,0.173,-0.278
660.41,0.105,0,0.799,0.630,1,0.000,0.000,0.000,0.000,0.000,0.000,0.173,-0.278
660.61,0.108,0,0.799,0.630,1,0.000,0.000,0.000,0.000,0.000,0.000,0.178,-0.272
660.81,0.105,0,0.869,0.602,0,0.000,0.000,0.000,0.000,0.000,0.000,0.178,-0.272
661.01,0.105,0,0.869,0.602,0,0.000,0.000,0.000,0.000,0.000,0.000,0.178,-0.272
661.21,0.105,0,0.356,0.366,1,0.000,0.000,0.000,0.000,0.000,0.000,0.178,-0.272
661.41,0.105,0,0.356,0.366,1,0.000,0.000,0.000,0.000,0.000,0.000,0.178,-0.272
661.61,0.105,0,0.356,0.366,1,0.000,0.000,0.000,0.000,0.000,0.000,0.178,-0.272
661.81,0.105,0,0.346,0.368,1,0.000,0.000,0.000,0.000,0.000,0.000,0.178,-0.272
662.01,0.107,0,0.346,0.368,1,0.000,0.000,0.000,0.000,0.000,0.000,0.178,-0.272
662.21,0.107,0,0.340,0.375,1,0.000,0.000,0.000,0.000,0.000,0.000,0.178,-0.272
662.41,0.329,0,0.340,0.375,1,0.000,0.000,0.000,0.000,0.000,0.000,0.179,-0.275
662.61,0.106,0,0.340,0.375,1,0.000,0.000,0.000,0.000,0.000,0.000,0.171,-0.274
662.81,0.106,0,0.339,0.379,1,0.000,0.000,0.000,0.000,0.000,0.000,0.189,-0.258
663.01,0.107,0,0.339,0.379,1,0.000,0.000,0.000,0.000,0.000,0.000,0.177,-0.273
663.21,0.106,0,0.341,0.382,1,0.000,0.000,0.000,0.000,0.000,0.000,0.177,-0.273
663.41,0.105,0,0.341,0.382,1,0.000,0.000,0.000,0.000,0.000,0.000,0.169,-0.279
663.61,0.105,0,0.341,0.382,1,0.000,0.000,0.000,0.000,0.000,0.000,0.184,-0.351
663.81,0.105,0,0.345,0.375,1,0.000,0.000,0.000,0.000,0.000,0.000,0.184,-0.351
664.01,0.105,0,0.345,0.375,1,0.000,0.000,0.000,0.000,0.000,0.000,0.184,-0.351
664.21,0.105,0,0.355,0.463,1,0.000,0.000,0.000,0.000,0.000,0.000,0.184,-0.351
664.41,0.105,0,0.355,0.463,1,0.000,0.000,0.000,0.000,0.000,0.000,0.184,-0.351
664.61,0.105,0,0.355,0.463,1,0.000,0.000,0.000,0.000,0.000,0.000,0.184,-0.351
664.81,0.105,0,0.758,0.463,0,0.000,0.000,0.000,0.000,0.000,0.000,0.184,-0.351
665.01,0.106,0,0.758,0.463,0,0.000,0.000,0.000,0.000,0.000,0.000,0.184,-0.351
665.21,0.105,0,0.828,0.454,0,0.000,0.000,0.000,0.000,0.000,0.000,0.184,-0.351
665.41,0.106,0,0.828,0.454,0,0.000,0.000,0.000,0.000,0.000,0.000,0.200,-0.336
665.61,0.106,0,0.828,0.454,0,0.000,0.000,0.000,0.000,0.000,0.000,0.191,-0.339
665.81,0.106,0,0.831,0.481,0,0.000,0.000,0.000,0.000,0.000,0.000,0.197,-0.334
666.01,0.105,0,0.831,0.481,0,0.000,0.000,0.000,0.000,0.000,0.000,0.197,-0.334
666.21,0.108,0,0.178,0.497,0,0.000,0.000,0.000,0.000,0.000,0.000,0.196,-0.338
666.41,0.107,0,0.178,0.497,0,0.000,0.000,0.000,0.000,0.000,0.000,0.196,-0.339
666.61,0.107,0,0.178,0.497,0,0.000,0.000,0.000,0.000,0.000,0.000,0.196,-0.337
666.81,0.105,0,0.176,0.485,0,0.000,0.000,0.000,0.000,0.000,0.000,0.190,-0.334
667.01,0.107,0,0.176,0.485,0,0.000,0.000,0.000,0.000,0.000,0.000,0.190,-0.334
667.21,0.107,0,0.427,0.490,1,0.000,0.000,0.000,0.000,0.000,0.000,0.185,-0.336
667.41,0.105,0,0.427,0.490,1,0.000,0.000,0.000,0.000,0.000,0.000,0.188,-0.334
667.61,0.105,0,0.427,0.490,1,0.000,0.000,0.000,0.000,0.000,0.000,0.186,-0.335
667.81,0.106,0,0.435,0.509,1,0.000,0.000,0.000,0.000,0.000,0.000,0.186,-0.335
668.01,0.107,0,0.435,0.509,1,0.000,0.000,0.000,0.000,0.000,0.000,0.190,-0.333
668.21,0.106,0,0.431,0.504,1,0.000,0.000,0.000,0.000,0.000,0.000,0.189,-0.338
668.41,0.106,0,0.431,0.504,1,0.000,0.000,0.000,0.000,0.000,0.000,0.189,-0.333
668.61,0.105,0,0.431,0.504,1,0.000,0.000,0.000,0.000,0.000,0.000,0.188,-0.336
668.81,0.107,0,0.413,0.458,1,0.000,0.000,0.000,0.000,0.000,0.000,0.188,-0.336
669.01,0.108,0,0.413,0.458,1,0.000,0.000,0.000,0.000,0.000,0.000,0.188,-0.337
669.21,0.105,0,0.402,0.438,1,0.000,0.000,0.000,0.000,0.000,0.000,0.193,-0.335
669.41,0.105,0,0.402,0.438,1,0.000,0.000,0.000,0.000,0.000,0.000,0.193,-0.335
669.61,0.105,0,0.402,0.438,1,0.000,0.000,0.000,0.000,0.000,0.000,0.191,-0.338
669.81,0.108,0,0.859,0.437,0,0.000,0.000,0.000,0.000,0.000,0.000,0.191,-0.338
670.01,0.105,0,0.859,0.437,0,0.000,0.000,0.000,0.000,0.000,0.000,0.187,-0.339
670.21,0.105,0,0.803,0.446,0,0.000,0.000,0.000,0.000,0.000,0.000,0.189,-0.336
670.41,0.105,0,0.803,0.446,0,0.000,0.000,0.000,0.000,0.000,0.000,0.191,-0.338
670.61,0.105,0,0.803,0.446,0,0.000,0.000,0.000,0.000,0.000,0.000,0.191,-0.338
670.81,0.105,0,0.778,0.454,0,0.000,0.000,0.000,0.000,0.000,0.000,0.189,-0.340
671.01,0.105,0,0.778,0.454,0,0.000,0.000,0.000,0.000,0.000,0.000,0.188,-0.339
671.21,0.108,0,0.843,0.587,0,0.000,0.000,0.000,0.000,0.000,0.000,0.187,-0.338
671.41,0.108,0,0.843,0.587,0,0.000,0.000,0.000,0.000,0.000,0.000,0.189,-0.335
671.61,0.106,0,0.843,0.587,0,0.000,0.000,0.000,0.000,0.000,0.000,0.189,-0.335
671.81,0.105,0,0.742,0.686,1,0.000,0.000,0.000,0.000,0.000,0.000,0.189,-0.337
672.01,0.106,0,0.742,0.686,1,0.000,0.000,0.000,0.000,0.000,0.000,0.191,-0.333
672.21,0.106,0,0.752,0.692,1,0.000,0.000,0.000,0.000,0.000,0.000,0.195,-0.331
672.41,0.106,0,0.752,0.692,1,0.000,0.000,0.000,0.000,0.000,0.000,0.194,-0.334
672.61,0.105,0,0.752,0.692,1,0.000,0.000,0.000,0.000,0.000,0.000,0.194,-0.334
672.81,0.107,0,0.718,0.693,1,0.000,0.000,0.000,0.000,0.000,0.000,0.195,-0.334
673.01,0.106,0,0.718,0.693,1,0.000,0.000,0.000,0.000,0.000,0.000,0.202,-0.329
673.21,0.106,0,0.725,0.690,1,0.000,0.000,0.000,0.000,0.000,0.000,0.201,-0.331
673.41,0.106,0,0.725,0.690,1,0.000,0.000,0.000,0.000,0.000,0.000,0.205,-0.333
673.61,0.107,0,0.725,0.690,1,0.000,0.000,0.000,0.000,0.000,0.000,0.205,-0.333
673.81,0.105,0,0.770,0.689,1,0.000,0.000,0.000,0.000,0.000,0.000,0.196,-0.330
674.01,0.105,0,0.770,0.689,1,0.000,0.000,0.000,0.000,0.000,0.000,0.190,-0.327
674.21,0.105,0,0.681,0.654,1,0.000,0.000,0.000,0.000,0.000,0.000,0.199,-0.306
674.41,0.108,0,0.681,0.654,1,0.000,0.000,0.000,0.000,0.000,0.000,0.199,-0.306
674.61,0.107,0,0.681,0.654,1,0.000,0.000,0.000,0.000,0.000,0.000,0.214,-0.262
674.81,0.105,0,0.544,0.643,1,0.000,0.000,0.000,0.000,0.000,0.000,0.176,-0.299
675.01,0.105,0,0.544,0.643,1,0.000,0.000,0.000,0.000,0.000,0.000,0.176,-0.299
675.21,0.105,0,0.528,0.624,1,0.000,0.000,0.000,0.000,0.000,0.000,0.176,-0.299
675.41,0.105,0,0.528,0.624,1,0.000,0.000,0.000,0.000,0.000,0.000,0.176,-0.299
675.61,0.106,0,0.528,0.624,1,0.000,0.000,0.000,0.000,0.000,0.000,0.176,-0.299
675.81,0.107,0,0.142,0.647,0,0.000,0.000,0.000,0.000,0.000,0.000,0.176,-0.299
676.01,0.107,0,0.142,0.647,0,0.000,0.000,0.000,0.000,0.000,0.000,0.176,-0.299
676.21,0.100,0,0.135,0.646,0,0.000,0.000,0.000,0.000,0.000,0.000,0.176,-0.299
676.41,0.100,0,0.135,0.646,0,0.000,0.000,0.000,0.000,0.000,0.000,0.176,-0.299
676.61,0.101,0,0.135,0.646,0,0.000,0.000,0.000,0.000,0.000,0.000,0.168,-0.294
676.81,0.107,0,2.194,0.604,0,0.000,0.000,0.000,0.000,0.000,0.000,0.176,-0.297
677.01,0.107,0,2.194,0.604,0,0.000,0.000,0.000,0.000,0.000,0.000,0.173,-0.298
677.21,0.105,0,nan,0.615,0,0.000,0.000,0.000,0.000,0.000,0.000,0.171,-0.302
677.41,0.101,0,nan,0.615,0,0.000,0.000,0.000,0.000,0.000,0.000,0.171,-0.302
677.61,0.101,0,nan,0.615,0,0.000,0.000,0.000,0.000,0.000,0.000,0.169,-0.297
677.81,0.101,0,0.136,0.651,0,0.000,0.000,0.000,0.000,0.000,0.000,0.167,-0.301
678.01,0.101,0,0.136,0.651,0,0.000,0.000,0.000,0.000,0.000,0.000,0.157,-0.291
678.21,0.105,0,0.766,0.623,1,0.000,0.000,0.000,0.000,0.000,0.000,0.157,-0.291
678.41,0.105,0,0.766,0.623,1,0.000,0.000,0.000,0.000,0.000,0.000,0.164,-0.302
678.61,0.107,0,0.766,0.623,1,0.000,0.000,0.000,0.000,0.000,0.000,0.170,-0.297
678.81,0.107,0,0.747,0.605,1,0.000,0.000,0.000,0.000,0.000,0.000,0.167,-0.297
679.01,0.105,0,0.747,0.605,1,0.000,0.000,0.000,0.000,0.000,0.000,0.168,-0.295
679.21,0.105,0,0.624,0.650,1,0.000,0.000,0.000,0.000,0.000,0.000,0.168,-0.295
679.41,0.105,0,0.624,0.650,1,0.000,0.000,0.000,0.000,0.000,0.000,0.166,-0.295
679.61,0.105,0,0.624,0.650,1,0.000,0.000,0.000,0.000,0.000,0.000,0.168,-0.297
679.81,0.105,0,0.735,0.651,1,0.000,0.000,0.000,0.000,0.000,0.000,0.170,-0.293
680.01,0.105,0,0.735,0.651,1,0.000,0.000,0.000,0.000,0.000,0.000,0.168,-0.298
680.21,0.107,0,0.615,0.447,1,0.000,0.000,0.000,0.000,0.000,0.000,0.168,-0.298
