t,min_range,blocked,lidar_range,camera_range,agree,cmd_in_vx,cmd_in_vy,cmd_in_wz,cmd_out_vx,cmd_out_vy,cmd_out_wz,odom_x,odom_y
0.21,nan,0,nan,nan,0,0.000,0.000,0.000,0.000,0.000,0.000,0.000,0.000
0.41,nan,0,nan,nan,0,0.000,0.000,0.000,0.000,0.000,0.000,0.000,0.000
0.61,nan,0,nan,nan,0,0.000,0.000,0.000,0.000,0.000,0.000,0.000,0.000
0.81,nan,0,nan,nan,0,0.000,0.000,0.000,0.000,0.000,0.000,0.000,0.000
1.01,nan,0,nan,0.432,0,0.000,0.000,0.000,0.000,0.000,0.000,0.000,0.000
1.21,nan,0,nan,0.432,0,0.000,0.000,0.000,0.000,0.000,0.000,0.000,0.000
1.41,nan,0,nan,0.431,0,0.000,0.000,0.000,0.000,0.000,0.000,0.000,0.000
1.61,nan,0,nan,0.431,0,0.000,0.000,0.000,0.000,0.000,0.000,0.000,0.000
1.81,nan,0,nan,0.431,0,0.000,0.000,0.000,0.000,0.000,0.000,0.000,0.000
2.01,0.105,0,0.350,0.431,1,0.000,0.000,0.000,0.000,0.000,0.000,0.000,0.000
2.21,0.105,0,0.350,0.431,1,0.000,0.000,0.000,0.000,0.000,0.000,-0.002,0.001
2.41,0.105,0,0.352,0.432,1,0.000,0.000,0.000,0.000,0.000,0.000,0.001,-0.003
2.61,0.105,0,0.352,0.432,1,0.000,0.000,0.000,0.000,0.000,0.000,0.005,0.002
2.81,0.105,0,0.352,0.432,1,0.000,0.000,0.000,0.000,0.000,0.000,-0.001,-0.001
3.01,0.106,0,0.350,0.431,1,0.000,0.000,0.000,0.000,0.000,0.000,-0.001,-0.001
3.21,0.105,0,0.350,0.431,1,0.000,0.000,0.000,0.000,0.000,0.000,0.002,-0.000
3.41,0.105,0,0.354,0.430,1,0.000,0.000,0.000,0.000,0.000,0.000,-0.002,0.000
3.61,0.105,0,0.354,0.430,1,0.000,0.000,0.000,0.000,0.000,0.000,0.005,-0.001
3.81,0.105,0,0.354,0.430,1,0.000,0.000,0.000,0.000,0.000,0.000,0.000,0.001
4.01,0.105,0,0.351,0.432,1,0.000,0.000,0.000,0.000,0.000,0.000,0.000,0.001
4.21,0.105,0,0.351,0.432,1,0.000,0.000,0.000,0.000,0.000,0.000,-0.002,0.001
4.41,0.106,0,0.363,0.431,1,0.000,0.000,0.000,0.000,0.000,0.000,0.000,-0.003
4.61,0.106,0,0.363,0.431,1,0.000,0.000,0.000,0.000,0.000,0.000,0.000,-0.001
4.81,0.106,0,0.363,0.431,1,0.000,0.000,0.000,0.000,0.000,0.000,0.000,-0.001
5.01,0.105,0,0.353,0.431,1,0.000,0.000,0.000,0.000,0.000,0.000,-0.001,-0.002
5.21,0.105,0,0.353,0.431,1,0.000,0.000,0.000,0.000,0.000,0.000,-0.002,0.001
5.41,0.105,0,0.353,0.431,1,0.000,0.000,0.000,0.000,0.000,0.000,0.002,0.001
5.61,0.105,0,0.353,0.431,1,0.000,0.000,0.000,0.000,0.000,0.000,-0.002,0.002
5.81,0.105,0,0.353,0.431,1,0.000,0.000,0.000,0.000,0.000,0.000,-0.002,0.002
6.01,0.106,0,0.354,0.432,1,0.000,0.000,0.000,0.000,0.000,0.000,-0.000,0.002
6.21,0.106,0,0.354,0.432,1,0.000,0.000,0.000,0.000,0.000,0.000,-0.004,0.002
6.41,0.105,0,0.352,0.431,1,0.000,0.000,0.000,0.000,0.000,0.000,0.001,0.003
6.61,0.105,0,0.352,0.431,1,0.000,0.000,0.000,0.000,0.000,0.000,0.001,-0.002
6.81,0.105,0,0.352,0.431,1,0.000,0.000,0.000,0.000,0.000,0.000,0.001,-0.002
7.01,0.105,0,0.351,0.431,1,0.000,0.000,0.000,0.000,0.000,0.000,-0.002,0.001
7.21,0.105,0,0.351,0.431,1,0.000,0.000,0.000,0.000,0.000,0.000,0.006,0.002
7.41,0.105,0,0.352,0.431,1,0.000,0.000,0.000,0.000,0.000,0.000,-0.000,0.003
7.61,0.105,0,0.352,0.431,1,0.000,0.000,0.000,0.000,0.000,0.000,-0.001,0.000
7.81,0.105,0,0.352,0.431,1,0.000,0.000,0.000,0.000,0.000,0.000,-0.001,0.000
8.01,0.105,0,0.359,0.430,1,0.000,0.000,0.000,0.000,0.000,0.000,0.003,0.002
8.21,0.106,0,0.359,0.430,1,0.000,0.000,0.000,0.000,0.000,0.000,0.003,-0.000
8.41,0.106,0,0.364,0.431,1,0.000,0.000,0.000,0.000,0.000,0.000,0.001,-0.002
8.61,0.105,0,0.364,0.431,1,0.000,0.000,0.000,0.000,0.000,0.000,0.001,-0.002
8.81,0.105,0,0.364,0.431,1,0.000,0.000,0.000,0.000,0.000,0.000,0.002,0.002
9.01,0.106,0,0.366,0.431,1,0.000,0.000,0.000,0.000,0.000,0.000,-0.003,0.002
9.21,0.106,0,0.366,0.431,1,0.000,0.000,0.000,0.000,0.000,0.000,0.003,0.001
9.41,0.106,0,0.351,0.430,1,0.000,0.000,0.000,0.000,0.000,0.000,-0.000,0.001
9.61,0.105,0,0.351,0.430,1,0.000,0.000,0.000,0.000,0.000,0.000,-0.000,0.001
9.81,0.105,0,0.351,0.430,1,0.000,0.000,0.000,0.000,0.000,0.000,0.001,-0.000
10.01,0.105,0,0.352,0.432,1,0.000,0.000,0.000,0.000,0.000,0.000,0.000,0.003
10.21,0.105,0,0.352,0.432,1,0.000,0.000,0.000,0.000,0.000,0.000,0.005,-0.000
10.41,0.105,0,0.352,0.431,1,0.000,0.000,0.000,0.000,0.000,0.000,0.001,0.001
10.61,0.105,0,0.352,0.431,1,0.000,0.000,0.000,0.000,0.000,0.000,0.001,0.001
10.81,0.340,0,0.352,0.431,1,0.000,0.000,0.000,0.000,0.000,0.000,0.001,0.000
11.01,0.105,0,0.352,0.430,1,0.000,0.000,0.000,0.000,0.000,0.000,0.005,-0.000
11.21,0.105,0,0.352,0.430,1,0.000,0.000,0.000,0.000,0.000,0.000,-0.002,-0.001
11.41,0.105,0,0.352,0.431,1,0.000,0.000,0.000,0.000,0.000,0.000,-0.002,-0.001
11.61,0.105,0,0.352,0.431,1,0.000,0.000,0.000,0.000,0.000,0.000,-0.001,-0.000
11.81,0.105,0,0.352,0.431,1,0.000,0.000,0.000,0.000,0.000,0.000,0.005,0.001
12.01,0.105,0,0.352,0.430,1,0.000,0.000,0.000,0.000,0.000,0.000,-0.002,-0.002
12.21,0.105,0,0.352,0.430,1,0.000,0.000,0.000,0.000,0.000,0.000,0.000,0.001
12.41,0.105,0,0.360,0.431,1,0.000,0.000,0.000,0.000,0.000,0.000,0.000,0.001
12.61,0.105,0,0.360,0.431,1,0.000,0.000,0.000,0.000,0.000,0.000,0.001,-0.001
12.81,0.105,0,0.360,0.431,1,0.000,0.000,0.000,0.000,0.000,0.000,-0.001,-0.002
13.01,0.105,0,0.353,0.430,1,0.000,0.000,0.000,0.000,0.000,0.000,0.001,-0.001
13.21,0.105,0,0.353,0.430,1,0.000,0.000,0.000,0.000,0.000,0.000,0.001,-0.003
13.41,0.105,0,0.352,0.431,1,0.000,0.000,0.000,0.000,0.000,0.000,0.001,-0.003
13.61,0.106,0,0.352,0.431,1,0.000,0.000,0.000,0.000,0.000,0.000,-0.001,-0.001
13.81,0.105,0,0.352,0.431,1,0.000,0.000,0.000,0.000,0.000,0.000,0.003,-0.003
14.01,0.105,0,0.350,0.431,1,0.000,0.000,0.000,0.000,0.000,0.000,-0.004,-0.000
14.21,0.106,0,0.350,0.431,1,0.000,0.000,0.000,0.000,0.000,0.000,-0.002,0.001
14.41,0.106,0,0.351,0.431,1,0.000,0.000,0.000,0.000,0.000,0.000,-0.002,0.001
14.61,0.105,0,0.351,0.431,1,0.000,0.000,0.000,0.000,0.000,0.000,0.001,-0.003
14.81,0.105,0,0.351,0.431,1,0.000,0.000,0.000,0.000,0.000,0.000,-0.004,-0.000
15.01,0.105,0,0.353,0.431,1,0.000,0.000,0.000,0.000,0.000,0.000,0.003,0.000
15.21,0.105,0,0.353,0.431,1,0.000,0.000,0.000,0.000,0.000,0.000,0.003,0.000
15.41,0.105,0,0.365,0.431,1,0.000,0.000,0.000,0.000,0.000,0.000,-0.001,-0.000
15.61,0.106,0,0.365,0.431,1,0.000,0.000,0.000,0.000,0.000,0.000,0.004,-0.001
15.81,0.105,0,0.365,0.431,1,0.000,0.000,0.000,0.000,0.000,0.000,0.000,0.000
16.01,0.105,0,0.354,0.431,1,0.000,0.000,0.000,0.000,0.000,0.000,-0.000,0.000
16.21,0.105,0,0.354,0.431,1,0.000,0.000,0.000,0.000,0.000,0.000,-0.000,0.000
16.41,0.106,0,0.357,0.431,1,0.000,0.000,0.000,0.000,0.000,0.000,0.004,-0.001
16.61,0.105,0,0.357,0.431,1,0.000,0.000,0.000,0.000,0.000,0.000,0.000,-0.000
16.81,0.105,0,0.357,0.431,1,0.000,0.000,0.000,0.000,0.000,0.000,-0.002,-0.002
17.01,0.105,0,0.351,0.431,1,0.000,0.000,0.000,0.000,0.000,0.000,0.000,0.001
17.21,0.105,0,0.351,0.431,1,0.000,0.000,0.000,0.000,0.000,0.000,0.000,0.001
17.41,0.105,0,0.354,0.431,1,0.000,0.000,0.000,0.000,0.000,0.000,-0.000,0.002
17.61,0.105,0,0.354,0.431,1,0.000,0.000,0.000,0.000,0.000,0.000,-0.004,-0.002
17.81,0.105,0,0.354,0.431,1,0.000,0.000,0.000,0.000,0.000,0.000,0.000,-0.001
18.01,0.105,0,0.359,0.431,1,0.000,0.000,0.000,0.000,0.000,0.000,0.001,-0.001
18.21,0.105,0,0.359,0.431,1,0.000,0.000,0.000,0.000,0.000,0.000,0.001,-0.001
18.41,0.105,0,0.353,0.432,1,0.000,0.000,0.000,0.000,0.000,0.000,0.004,-0.006
18.61,0.105,0,0.353,0.432,1,0.000,0.000,0.000,0.000,0.000,0.000,-0.001,-0.002
18.81,0.105,0,0.353,0.432,1,0.000,0.000,0.000,0.000,0.000,0.000,-0.001,-0.000
19.01,0.105,0,0.352,0.431,1,0.000,0.000,0.000,0.000,0.000,0.000,-0.001,-0.000
19.21,0.105,0,0.352,0.431,1,0.000,0.000,0.000,0.000,0.000,0.000,0.002,-0.001
19.41,0.106,0,0.352,0.431,1,0.000,0.000,0.000,0.000,0.000,0.000,0.007,0.001
19.61,0.105,0,0.352,0.431,1,0.000,0.000,0.000,0.000,0.000,0.000,-0.001,-0.002
19.81,0.105,0,0.352,0.431,1,0.000,0.000,0.000,0.000,0.000,0.000,-0.000,-0.002
20.01,0.106,0,0.352,0.432,1,0.000,0.000,0.000,0.000,0.000,0.000,-0.000,-0.002
20.21,0.105,0,0.352,0.432,1,0.000,0.000,0.000,0.000,0.000,0.000,0.003,-0.002
20.41,0.105,0,0.354,0.430,1,0.000,0.000,0.000,0.000,0.000,0.000,0.001,-0.000
20.61,0.105,0,0.354,0.430,1,0.000,0.000,0.000,0.000,0.000,0.000,-0.002,0.003
20.81,0.105,0,0.354,0.430,1,0.000,0.000,0.000,0.000,0.000,0.000,-0.003,-0.000
21.01,0.105,0,0.353,0.430,1,0.000,0.000,0.000,0.000,0.000,0.000,-0.003,-0.000
21.21,0.105,0,0.353,0.430,1,0.000,0.000,0.000,0.000,0.000,0.000,0.001,0.003
21.41,0.105,0,0.352,0.430,1,0.000,0.000,0.000,0.000,0.000,0.000,-0.002,-0.003
21.61,0.105,0,0.352,0.430,1,0.000,0.000,0.000,0.000,0.000,0.000,0.002,-0.004
21.81,0.106,0,0.352,0.430,1,0.000,0.000,0.000,0.000,0.000,0.000,-0.003,-0.001
22.01,0.105,0,0.351,0.430,1,0.000,0.000,0.000,0.000,0.000,0.000,-0.003,-0.001
22.21,0.105,0,0.351,0.430,1,0.000,0.000,0.000,0.000,0.000,0.000,0.003,0.000
22.41,0.105,0,0.354,0.431,1,0.000,0.000,0.000,0.000,0.000,0.000,-0.005,0.000
22.61,0.105,0,0.354,0.431,1,0.000,0.000,0.000,0.000,0.000,0.000,-0.003,-0.001
22.81,0.105,0,0.354,0.431,1,0.000,0.000,0.000,0.000,0.000,0.000,-0.003,-0.001
23.01,0.105,0,0.354,0.431,1,0.000,0.000,0.000,0.000,0.000,0.000,-0.002,0.006
23.21,0.105,0,0.354,0.431,1,0.000,0.000,0.000,0.000,0.000,0.000,-0.002,0.003
23.41,0.105,0,0.350,0.430,1,0.000,0.000,0.000,0.000,0.000,0.000,0.004,0.005
23.61,0.105,0,0.350,0.430,1,0.000,0.000,0.000,0.000,0.000,0.000,0.003,0.005
23.81,0.105,0,0.350,0.430,1,0.000,0.000,0.000,0.000,0.000,0.000,0.003,0.005
24.01,0.105,0,0.354,0.431,1,0.000,0.000,0.000,0.000,0.000,0.000,-0.001,0.012
24.21,0.105,0,0.354,0.431,1,0.000,0.000,0.000,0.000,0.000,0.000,-0.002,0.008
24.41,0.105,0,0.359,0.431,1,0.000,0.000,0.000,0.000,0.000,0.000,-0.002,0.004
24.61,0.105,0,0.359,0.431,1,0.000,0.000,0.000,0.000,0.000,0.000,-0.004,0.005
24.81,0.105,0,0.359,0.431,1,0.000,0.000,0.000,0.000,0.000,0.000,-0.004,0.005
25.01,0.105,0,0.364,0.431,1,0.000,0.000,0.000,0.000,0.000,0.000,-0.001,0.006
25.21,0.105,0,0.364,0.431,1,0.000,0.000,0.000,0.000,0.000,0.000,-0.004,0.007
25.41,0.105,0,0.354,0.430,1,0.000,0.000,0.000,0.000,0.000,0.000,-0.002,0.001
25.61,0.105,0,0.354,0.430,1,0.000,0.000,0.000,0.000,0.000,0.000,-0.002,0.001
25.81,0.105,0,0.354,0.430,1,0.000,0.000,0.000,0.000,0.000,0.000,-0.000,0.003
26.01,0.105,0,0.351,0.431,1,0.000,0.000,0.000,0.000,0.000,0.000,-0.001,-0.001
26.21,0.105,0,0.351,0.431,1,0.000,0.000,0.000,0.000,0.000,0.000,-0.001,0.002
26.41,0.105,0,0.352,0.430,1,0.000,0.000,0.000,0.000,0.000,0.000,-0.004,0.002
26.61,0.105,0,0.352,0.430,1,0.000,0.000,0.000,0.000,0.000,0.000,-0.004,0.002
26.81,0.105,0,0.352,0.430,1,0.000,0.000,0.000,0.000,0.000,0.000,-0.002,-0.005
27.01,0.105,0,0.352,0.431,1,0.000,0.000,0.000,0.000,0.000,0.000,0.001,-0.001
27.21,0.105,0,0.352,0.431,1,0.000,0.000,0.000,0.000,0.000,0.000,-0.000,0.007
27.41,0.105,0,0.350,0.420,1,0.000,0.000,0.000,0.000,0.000,0.000,-0.024,-0.030
27.61,0.106,0,0.350,0.420,1,0.000,0.000,0.000,0.000,0.000,0.000,-0.024,-0.030
27.81,0.105,0,0.350,0.420,1,0.000,0.000,0.000,0.000,0.000,0.000,-0.024,-0.030
28.01,0.105,0,0.354,0.409,1,0.000,0.000,0.000,0.000,0.000,0.000,-0.024,-0.030
28.21,0.105,0,0.354,0.409,1,0.000,0.000,0.000,0.000,0.000,0.000,-0.024,-0.030
28.41,0.105,0,0.354,0.408,1,0.000,0.000,0.000,0.000,0.000,0.000,-0.024,-0.030
28.61,0.343,0,0.354,0.408,1,0.000,0.000,0.000,0.000,0.000,0.000,-0.024,-0.030
28.81,0.349,0,0.354,0.408,1,0.000,0.000,0.000,0.000,0.000,0.000,-0.024,-0.030
29.01,0.347,0,0.360,1.508,0,0.000,0.000,0.000,0.000,0.000,0.000,-0.024,-0.030
29.21,0.347,0,0.360,1.508,0,0.000,0.000,0.000,0.000,0.000,0.000,-0.023,-0.032
29.41,0.347,0,0.358,1.931,0,0.000,0.000,0.000,0.000,0.000,0.000,-0.023,-0.032
29.61,0.353,0,0.358,1.931,0,0.000,0.000,0.000,0.000,0.000,0.000,0.006,-0.033
29.81,0.347,0,0.358,1.931,0,0.000,0.000,0.000,0.000,0.000,0.000,-0.006,-0.035
30.01,0.347,0,0.359,1.956,0,0.000,0.000,0.000,0.000,0.000,0.000,-0.001,-0.033
30.21,0.347,0,0.359,1.956,0,0.000,0.000,0.000,0.000,0.000,0.000,0.007,-0.030
30.41,0.350,0,0.361,1.970,0,0.000,0.000,0.000,0.000,0.000,0.000,0.007,-0.030
30.61,0.350,0,0.361,1.970,0,0.000,0.000,0.000,0.000,0.000,0.000,0.022,-0.033
30.81,0.345,0,0.361,1.970,0,0.000,0.000,0.000,0.000,0.000,0.000,0.047,-0.012
31.01,0.357,0,0.357,0.409,1,0.000,0.000,0.000,0.000,0.000,0.000,0.032,-0.003
31.21,0.357,0,0.357,0.409,1,0.000,0.000,0.000,0.000,0.000,0.000,0.019,-0.003
31.41,0.105,0,0.364,0.400,1,0.000,0.000,0.000,0.000,0.000,0.000,0.019,-0.003
31.61,0.105,0,0.364,0.400,1,0.000,0.000,0.000,0.000,0.000,0.000,0.015,-0.001
31.81,0.105,0,0.364,0.400,1,0.000,0.000,0.000,0.000,0.000,0.000,0.011,0.000
32.01,0.105,0,0.357,0.401,1,0.000,0.000,0.000,0.000,0.000,0.000,0.002,-0.004
32.21,0.105,0,0.357,0.401,1,0.000,0.000,0.000,0.000,0.000,0.000,0.002,-0.004
32.41,0.106,0,0.356,0.405,1,0.000,0.000,0.000,0.000,0.000,0.000,-0.009,0.019
32.61,0.105,0,0.356,0.405,1,0.000,0.000,0.000,0.000,0.000,0.000,0.007,0.001
32.81,0.106,0,0.356,0.405,1,0.000,0.000,0.000,0.000,0.000,0.000,0.003,0.005
33.01,0.106,0,0.352,0.411,1,0.000,0.000,0.000,0.000,0.000,0.000,0.005,0.002
33.21,0.106,0,0.352,0.411,1,0.000,0.000,0.000,0.000,0.000,0.000,0.005,0.002
33.41,0.105,0,0.355,0.427,1,0.000,0.000,0.000,0.000,0.000,0.000,0.002,0.003
33.61,0.105,0,0.355,0.427,1,0.000,0.000,0.000,0.000,0.000,0.000,-0.011,0.002
33.81,0.105,0,0.355,0.427,1,0.000,0.000,0.000,0.000,0.000,0.000,-0.006,-0.001
34.01,0.105,0,0.373,0.447,1,0.000,0.000,0.000,0.000,0.000,0.000,-0.014,0.015
34.21,0.352,0,0.373,0.447,1,0.000,0.000,0.000,0.000,0.000,0.000,-0.014,0.015
34.41,0.356,0,0.368,0.452,1,0.000,0.000,0.000,0.000,0.000,0.000,-0.021,0.003
34.61,0.354,0,0.368,0.452,1,0.000,0.000,0.000,0.000,0.000,0.000,-0.018,0.015
34.81,0.354,0,0.368,0.452,1,0.000,0.000,0.000,0.000,0.000,0.000,-0.031,0.010
35.01,0.364,0,0.375,0.491,1,0.000,0.000,0.000,0.000,0.000,0.000,-0.021,0.008
35.21,0.361,0,0.375,0.491,1,0.000,0.000,0.000,0.000,0.000,0.000,-0.021,0.008
35.41,0.364,0,0.375,0.527,1,0.000,0.000,0.000,0.000,0.000,0.000,-0.035,0.009
35.61,0.345,0,0.375,0.527,1,0.000,0.000,0.000,0.000,0.000,0.000,-0.034,0.001
35.81,0.345,0,0.375,0.527,1,0.000,0.000,0.000,0.000,0.000,0.000,-0.029,0.005
36.01,0.366,0,0.376,0.527,1,0.000,0.000,0.000,0.000,0.000,0.000,-0.029,0.005
36.21,0.363,0,0.376,0.527,1,0.000,0.000,0.000,0.000,0.000,0.000,-0.039,0.009
36.41,0.363,0,0.374,0.528,1,0.000,0.000,0.000,0.000,0.000,0.000,-0.042,0.010
36.61,0.363,0,0.374,0.528,1,0.000,0.000,0.000,0.000,0.000,0.000,-0.022,0.007
36.81,0.363,0,0.374,0.528,1,0.000,0.000,0.000,0.000,0.000,0.000,-0.041,0.036
37.01,0.386,0,0.396,0.625,0,0.000,0.000,0.000,0.000,0.000,0.000,-0.041,0.036
37.21,0.377,0,0.396,0.625,0,0.000,0.000,0.000,0.000,0.000,0.000,-0.043,0.026
37.41,0.389,0,3.594,0.712,0,0.000,0.000,0.000,0.000,0.000,0.000,-0.052,0.016
37.61,0.393,0,3.594,0.712,0,0.000,0.000,0.000,0.000,0.000,0.000,-0.050,0.029
37.81,0.393,0,3.594,0.712,0,0.000,0.000,0.000,0.000,0.000,0.000,-0.050,0.013
38.01,0.380,0,3.596,0.717,0,0.000,0.000,0.000,0.000,0.000,0.000,-0.050,0.013
38.21,0.377,0,3.596,0.717,0,0.000,0.000,0.000,0.000,0.000,0.000,-0.052,0.022
38.41,0.380,0,3.600,0.721,0,0.000,0.000,0.000,0.000,0.000,0.000,-0.048,0.016
38.61,0.380,0,3.600,0.721,0,0.000,0.000,0.000,0.000,0.000,0.000,-0.054,0.020
38.81,0.379,0,3.600,0.721,0,0.000,0.000,0.000,0.000,0.000,0.000,-0.050,0.024
39.01,0.391,0,3.597,0.718,0,0.000,0.000,0.000,0.000,0.000,0.000,-0.050,0.024
39.21,0.377,0,3.597,0.718,0,0.000,0.000,0.000,0.000,0.000,0.000,-0.056,0.022
39.41,0.380,0,3.595,0.729,0,0.000,0.000,0.000,0.000,0.000,0.000,-0.049,0.025
39.61,0.380,0,3.595,0.729,0,0.000,0.000,0.000,0.000,0.000,0.000,-0.054,0.024
39.81,0.380,0,3.595,0.729,0,0.000,0.000,0.000,0.000,0.000,0.000,-0.054,0.024
40.01,0.389,0,3.593,0.821,0,0.000,0.000,0.000,0.000,0.000,0.000,-0.054,0.031
40.21,0.387,0,3.593,0.821,0,0.000,0.000,0.000,0.000,0.000,0.000,-0.085,0.045
40.41,0.425,0,0.456,0.438,1,0.000,0.000,0.000,0.000,0.000,0.000,-0.067,0.031
40.61,0.425,0,0.456,0.438,1,0.000,0.000,0.000,0.000,0.000,0.000,-0.065,0.020
40.81,0.389,0,0.456,0.438,1,0.000,0.000,0.000,0.000,0.000,0.000,-0.065,0.020
41.01,0.406,0,0.458,0.450,1,0.000,0.000,0.000,0.000,0.000,0.000,-0.059,0.018
41.21,0.391,0,0.458,0.450,1,0.000,0.000,0.000,0.000,0.000,0.000,-0.014,-0.009
41.41,0.386,0,3.588,0.648,0,0.000,0.000,0.000,0.000,0.000,0.000,0.002,0.007
41.61,0.386,0,3.588,0.648,0,0.000,0.000,0.000,0.000,0.000,0.000,-0.029,0.007
41.81,0.373,0,3.588,0.648,0,0.000,0.000,0.000,0.000,0.000,0.000,-0.029,0.007
42.01,0.373,0,0.384,0.559,1,0.000,0.000,0.000,0.000,0.000,0.000,-0.033,-0.004
42.21,0.375,0,0.384,0.559,1,0.000,0.000,0.000,0.000,0.000,0.000,-0.032,0.001
42.41,0.375,0,0.395,0.500,1,0.000,0.000,0.000,0.000,0.000,0.000,-0.030,0.001
42.61,0.385,0,0.395,0.500,1,0.000,0.000,0.000,0.000,0.000,0.000,-0.030,0.001
42.81,0.366,0,0.395,0.500,1,0.000,0.000,0.000,0.000,0.000,0.000,-0.031,-0.013
43.01,0.382,0,0.393,0.464,1,0.000,0.000,0.000,0.000,0.000,0.000,-0.028,-0.015
43.21,0.381,0,0.393,0.464,1,0.000,0.000,0.000,0.000,0.000,0.000,-0.026,-0.011
43.41,0.381,0,0.384,0.440,1,0.000,0.000,0.000,0.000,0.000,0.000,-0.023,-0.006
43.61,0.373,0,0.384,0.440,1,0.000,0.000,0.000,0.000,0.000,0.000,-0.023,-0.006
43.81,0.105,0,0.384,0.440,1,0.000,0.000,0.000,0.000,0.000,0.000,-0.026,-0.010
44.01,0.106,0,0.375,0.431,1,0.000,0.000,0.000,0.000,0.000,0.000,-0.021,-0.011
44.21,0.105,0,0.375,0.431,1,0.000,0.000,0.000,0.000,0.000,0.000,-0.019,-0.017
44.41,0.105,0,0.374,0.428,1,0.000,0.000,0.000,0.000,0.000,0.000,-0.023,-0.021
44.61,0.105,0,0.374,0.428,1,0.000,0.000,0.000,0.000,0.000,0.000,-0.023,-0.021
44.81,0.105,0,0.374,0.428,1,0.000,0.000,0.000,0.000,0.000,0.000,-0.014,-0.019
45.01,0.106,0,0.372,0.426,1,0.000,0.000,0.000,0.000,0.000,0.000,-0.027,0.003
45.21,0.106,0,0.372,0.426,1,0.000,0.000,0.000,0.000,0.000,0.000,-0.031,-0.003
45.41,0.106,0,0.390,0.424,1,0.000,0.000,0.000,0.000,0.000,0.000,-0.033,-0.044
45.61,0.105,0,0.390,0.424,1,0.000,0.000,0.000,0.000,0.000,0.000,-0.033,-0.044
45.81,0.105,0,0.390,0.424,1,0.000,0.000,0.000,0.000,0.000,0.000,-0.036,-0.036
46.01,0.105,0,0.385,0.420,1,0.000,0.000,0.000,0.000,0.000,0.000,-0.016,-0.016
46.21,0.105,0,0.385,0.420,1,0.000,0.000,0.000,0.000,0.000,0.000,-0.010,-0.022
46.41,0.105,0,0.375,0.420,1,0.000,0.000,0.000,0.000,0.000,0.000,-0.010,-0.022
46.61,0.105,0,0.375,0.420,1,0.000,0.000,0.000,0.000,0.000,0.000,-0.018,-0.013
46.81,0.105,0,0.375,0.420,1,0.000,0.000,0.000,0.000,0.000,0.000,-0.018,-0.021
47.01,0.106,0,0.374,0.420,1,0.000,0.000,0.000,0.000,0.000,0.000,-0.017,-0.022
47.21,0.106,0,0.374,0.420,1,0.000,0.000,0.000,0.000,0.000,0.000,-0.018,-0.022
47.41,0.105,0,0.371,0.420,1,0.000,0.000,0.000,0.000,0.000,0.000,-0.018,-0.022
47.61,0.105,0,0.371,0.420,1,0.000,0.000,0.000,0.000,0.000,0.000,-0.014,-0.024
47.81,0.105,0,0.371,0.420,1,0.000,0.000,0.000,0.000,0.000,0.000,-0.018,-0.011
48.01,0.105,0,3.868,0.420,0,0.000,0.000,0.000,0.000,0.000,0.000,-0.012,-0.025
48.21,0.105,0,3.868,0.420,0,0.000,0.000,0.000,0.000,0.000,0.000,-0.016,-0.021
48.41,0.105,0,3.872,0.420,0,0.000,0.000,0.000,0.000,0.000,0.000,-0.016,-0.021
48.61,0.105,0,3.872,0.420,0,0.000,0.000,0.000,0.000,0.000,0.000,-0.012,-0.024
48.81,0.105,0,3.872,0.420,0,0.000,0.000,0.000,0.000,0.000,0.000,-0.017,-0.011
49.01,0.105,0,3.861,0.420,0,0.000,0.000,0.000,0.000,0.000,0.000,-0.013,-0.013
49.21,0.106,0,3.861,0.420,0,0.000,0.000,0.000,0.000,0.000,0.000,-0.017,-0.020
49.41,0.105,0,3.868,0.420,0,0.000,0.000,0.000,0.000,0.000,0.000,-0.017,-0.020
49.61,0.106,0,3.868,0.420,0,0.000,0.000,0.000,0.000,0.000,0.000,-0.016,-0.011
49.81,0.105,0,3.868,0.420,0,0.000,0.000,0.000,0.000,0.000,0.000,-0.016,-0.014
50.01,0.105,0,3.872,0.420,0,0.000,0.000,0.000,0.000,0.000,0.000,-0.016,-0.024
50.21,0.100,0,3.872,0.420,0,0.000,0.000,0.000,0.000,0.000,0.000,-0.016,-0.024
50.41,0.103,0,0.137,0.420,0,0.000,0.000,0.000,0.000,0.000,0.000,-0.019,-0.024
50.61,0.106,0,0.137,0.420,0,0.000,0.000,0.000,0.000,0.000,0.000,-0.014,-0.025
50.81,0.105,0,0.137,0.420,0,0.000,0.000,0.000,0.000,0.000,0.000,-0.016,-0.021
51.01,0.105,0,0.170,0.420,0,0.000,0.000,0.000,0.000,0.000,0.000,-0.018,-0.030
51.21,0.106,0,0.170,0.420,0,0.000,0.000,0.000,0.000,0.000,0.000,-0.018,-0.030
51.41,0.105,0,0.374,0.420,1,0.000,0.000,0.000,0.000,0.000,0.000,-0.012,-0.022
51.61,0.105,0,0.374,0.420,1,0.000,0.000,0.000,0.000,0.000,0.000,-0.015,-0.027
51.81,0.105,0,0.374,0.420,1,0.000,0.000,0.000,0.000,0.000,0.000,-0.011,-0.036
52.01,0.105,0,0.375,0.420,1,0.000,0.000,0.000,0.000,0.000,0.000,-0.012,-0.037
52.21,0.105,0,0.375,0.420,1,0.000,0.000,0.000,0.000,0.000,0.000,-0.012,-0.037
52.41,0.106,0,0.374,0.420,1,0.000,0.000,0.000,0.000,0.000,0.000,-0.012,-0.026
52.61,0.105,0,0.374,0.420,1,0.000,0.000,0.000,0.000,0.000,0.000,-0.015,-0.029
52.81,0.105,0,0.374,0.420,1,0.000,0.000,0.000,0.000,0.000,0.000,-0.008,-0.035
53.01,0.106,0,0.380,0.419,1,0.000,0.000,0.000,0.000,0.000,0.000,-0.015,-0.034
53.21,0.105,0,0.380,0.419,1,0.000,0.000,0.000,0.000,0.000,0.000,-0.015,-0.034
53.41,0.105,0,0.374,0.420,1,0.000,0.000,0.000,0.000,0.000,0.000,-0.011,-0.032
53.61,0.105,0,0.374,0.420,1,0.000,0.000,0.000,0.000,0.000,0.000,-0.018,-0.020
53.81,0.105,0,0.374,0.420,1,0.000,0.000,0.000,0.000,0.000,0.000,-0.014,-0.022
54.01,0.105,0,0.375,0.420,1,0.000,0.000,0.000,0.000,0.000,0.000,-0.014,-0.022
54.21,0.105,0,0.375,0.420,1,0.000,0.000,0.000,0.000,0.000,0.000,-0.019,-0.026
54.41,0.105,0,0.373,0.420,1,0.000,0.000,0.000,0.000,0.000,0.000,-0.012,-0.030
54.61,0.105,0,0.373,0.420,1,0.000,0.000,0.000,0.000,0.000,0.000,-0.054,-0.039
54.81,0.105,0,0.373,0.420,1,0.000,0.000,0.000,0.000,0.000,0.000,-0.067,-0.089
55.01,0.105,0,0.389,0.412,1,0.000,0.000,0.000,0.000,0.000,0.000,-0.067,-0.089
55.21,0.373,0,0.389,0.412,1,0.000,0.000,0.000,0.000,0.000,0.000,-0.055,-0.060
55.41,0.371,0,0.382,1.760,0,0.000,0.000,0.000,0.000,0.000,0.000,-0.056,-0.066
55.61,0.377,0,0.382,1.760,0,0.000,0.000,0.000,0.000,0.000,0.000,-0.043,-0.056
55.81,0.377,0,0.382,1.760,0,0.000,0.000,0.000,0.000,0.000,0.000,-0.040,-0.057
56.01,0.379,0,0.389,0.750,0,0.000,0.000,0.000,0.000,0.000,0.000,-0.040,-0.057
56.21,0.377,0,0.389,0.750,0,0.000,0.000,0.000,0.000,0.000,0.000,-0.047,-0.056
56.41,0.377,0,0.388,0.740,0,0.000,0.000,0.000,0.000,0.000,0.000,-0.032,-0.054
56.61,0.377,0,0.388,0.740,0,0.000,0.000,0.000,0.000,0.000,0.000,-0.023,-0.054
56.81,0.390,0,0.388,0.740,0,0.000,0.000,0.000,0.000,0.000,0.000,-0.027,-0.054
57.01,0.377,0,0.387,0.746,0,0.000,0.000,0.000,0.000,0.000,0.000,-0.027,-0.054
57.21,0.379,0,0.387,0.746,0,0.000,0.000,0.000,0.000,0.000,0.000,-0.033,-0.057
57.41,0.380,0,0.390,0.766,0,0.000,0.000,0.000,0.000,0.000,0.000,-0.030,-0.049
57.61,0.380,0,0.390,0.766,0,0.000,0.000,0.000,0.000,0.000,0.000,-0.028,-0.059
57.81,0.379,0,0.390,0.766,0,0.000,0.000,0.000,0.000,0.000,0.000,-0.028,-0.059
58.01,0.380,0,0.390,0.780,0,0.000,0.000,0.000,0.000,0.000,0.000,-0.028,-0.064
58.21,0.380,0,0.390,0.780,0,0.000,0.000,0.000,0.000,0.000,0.000,-0.018,-0.067
58.41,0.377,0,0.387,0.797,0,0.000,0.000,0.000,0.000,0.000,0.000,-0.016,-0.071
58.61,0.377,0,0.387,0.797,0,0.000,0.000,0.000,0.000,0.000,0.000,-0.022,-0.072
58.81,0.386,0,0.387,0.797,0,0.000,0.000,0.000,0.000,0.000,0.000,-0.022,-0.072
59.01,0.375,0,0.386,0.820,0,0.000,0.000,0.000,0.000,0.000,0.000,-0.023,-0.065
59.21,0.377,0,0.386,0.820,0,0.000,0.000,0.000,0.000,0.000,0.000,-0.015,-0.070
59.41,0.380,0,0.390,0.830,0,0.000,0.000,0.000,0.000,0.000,0.000,-0.023,-0.070
59.61,0.380,0,0.390,0.830,0,0.000,0.000,0.000,0.000,0.000,0.000,-0.021,-0.067
59.81,0.394,0,0.390,0.830,0,0.000,0.000,0.000,0.000,0.000,0.000,-0.021,-0.067
60.01,0.380,0,0.391,0.851,0,0.000,0.000,0.000,0.000,0.000,0.000,-0.021,-0.069
60.21,0.387,0,0.391,0.851,0,0.000,0.000,0.000,0.000,0.000,0.000,-0.020,-0.069
60.41,0.387,0,0.389,0.858,0,0.000,0.000,0.000,0.000,0.000,0.000,-0.030,-0.067
60.61,0.379,0,0.389,0.858,0,0.000,0.000,0.000,0.000,0.000,0.000,-0.027,-0.063
60.81,0.380,0,0.389,0.858,0,0.000,0.000,0.000,0.000,0.000,0.000,-0.027,-0.063
61.01,0.379,0,0.389,0.851,0,0.000,0.000,0.000,0.000,0.000,0.000,-0.015,-0.067
61.21,0.377,0,0.389,0.851,0,0.000,0.000,0.000,0.000,0.000,0.000,-0.016,-0.072
61.41,0.377,0,0.388,0.854,0,0.000,0.000,0.000,0.000,0.000,0.000,-0.017,-0.075
61.61,0.377,0,0.388,0.854,0,0.000,0.000,0.000,0.000,0.000,0.000,-0.017,-0.075
61.81,0.379,0,0.388,0.854,0,0.000,0.000,0.000,0.000,0.000,0.000,-0.021,-0.068
62.01,0.384,0,0.395,0.939,0,0.000,0.000,0.000,0.000,0.000,0.000,-0.017,-0.068
62.21,0.380,0,0.395,0.939,0,0.000,0.000,0.000,0.000,0.000,0.000,-0.027,-0.072
62.41,0.380,0,0.388,2.019,0,0.000,0.000,0.000,0.000,0.000,0.000,-0.028,-0.070
62.61,0.377,0,0.388,2.019,0,0.000,0.000,0.000,0.000,0.000,0.000,-0.028,-0.070
62.81,0.380,0,0.388,2.019,0,0.000,0.000,0.000,0.000,0.000,0.000,-0.031,-0.067
63.01,0.375,0,0.385,2.017,0,0.000,0.000,0.000,0.000,0.000,0.000,-0.024,-0.068
63.21,0.375,0,0.385,2.017,0,0.000,0.000,0.000,0.000,0.000,0.000,-0.027,-0.073
63.41,0.375,0,0.404,2.001,0,0.000,0.000,0.000,0.000,0.000,0.000,-0.024,-0.073
63.61,0.394,0,0.404,2.001,0,0.000,0.000,0.000,0.000,0.000,0.000,-0.024,-0.073
63.81,0.380,0,0.404,2.001,0,0.000,0.000,0.000,0.000,0.000,0.000,-0.028,-0.065
64.01,0.380,0,0.390,1.749,0,0.000,0.000,0.000,0.000,0.000,0.000,-0.022,-0.068
64.21,0.380,0,0.390,1.749,0,0.000,0.000,0.000,0.000,0.000,0.000,-0.022,-0.064
64.41,0.377,0,0.388,1.989,0,0.000,0.000,0.000,0.000,0.000,0.000,-0.022,-0.064
64.61,0.391,0,0.388,1.989,0,0.000,0.000,0.000,0.000,0.000,0.000,-0.021,-0.064
64.81,0.387,0,0.388,1.989,0,0.000,0.000,0.000,0.000,0.000,0.000,-0.021,-0.072
65.01,0.381,0,0.398,1.521,0,0.000,0.000,0.000,0.000,0.000,0.000,-0.029,-0.069
65.21,0.381,0,0.398,1.521,0,0.000,0.000,0.000,0.000,0.000,0.000,-0.024,-0.068
65.41,0.379,0,0.389,0.733,0,0.000,0.000,0.000,0.000,0.000,0.000,-0.024,-0.068
65.61,0.386,0,0.389,0.733,0,0.000,0.000,0.000,0.000,0.000,0.000,-0.023,-0.076
65.81,0.377,0,0.389,0.733,0,0.000,0.000,0.000,0.000,0.000,0.000,-0.020,-0.076
66.01,0.384,0,0.387,0.724,0,0.000,0.000,0.000,0.000,0.000,0.000,-0.022,-0.076
66.21,0.384,0,0.387,0.724,0,0.000,0.000,0.000,0.000,0.000,0.000,-0.026,-0.069
66.41,0.379,0,0.389,0.732,0,0.000,0.000,0.000,0.000,0.000,0.000,-0.026,-0.069
66.61,0.377,0,0.389,0.732,0,0.000,0.000,0.000,0.000,0.000,0.000,-0.020,-0.062
66.81,0.377,0,0.389,0.732,0,0.000,0.000,0.000,0.000,0.000,0.000,-0.017,-0.069
67.01,0.387,0,0.388,0.733,0,0.000,0.000,0.000,0.000,0.000,0.000,-0.020,-0.079
67.21,0.387,0,0.388,0.733,0,0.000,0.000,0.000,0.000,0.000,0.000,-0.021,-0.072
67.41,0.380,0,0.391,0.734,0,0.000,0.000,0.000,0.000,0.000,0.000,-0.021,-0.072
67.61,0.377,0,0.391,0.734,0,0.000,0.000,0.000,0.000,0.000,0.000,-0.024,-0.058
67.81,0.380,0,0.391,0.734,0,0.000,0.000,0.000,0.000,0.000,0.000,-0.020,-0.064
68.01,0.380,0,0.391,0.732,0,0.000,0.000,0.000,0.000,0.000,0.000,-0.026,-0.070
68.21,0.395,0,0.391,0.732,0,0.000,0.000,0.000,0.000,0.000,0.000,-0.026,-0.070
68.41,0.379,0,0.389,0.733,0,0.000,0.000,0.000,0.000,0.000,0.000,-0.025,-0.065
68.61,0.380,0,0.389,0.733,0,0.000,0.000,0.000,0.000,0.000,0.000,-0.016,-0.066
68.81,0.379,0,0.389,0.733,0,0.000,0.000,0.000,0.000,0.000,0.000,-0.021,-0.069
69.01,0.379,0,0.389,0.741,0,0.000,0.000,0.000,0.000,0.000,0.000,-0.020,-0.069
69.21,0.387,0,0.389,0.741,0,0.000,0.000,0.000,0.000,0.000,0.000,-0.020,-0.069
69.41,0.379,0,0.389,0.766,0,0.000,0.000,0.000,0.000,0.000,0.000,-0.017,-0.068
69.61,0.380,0,0.389,0.766,0,0.000,0.000,0.000,0.000,0.000,0.000,-0.016,-0.077
69.81,0.380,0,0.389,0.766,0,0.000,0.000,0.000,0.000,0.000,0.000,-0.028,-0.067
70.01,0.380,0,0.391,1.101,0,0.000,0.000,0.000,0.000,0.000,0.000,-0.023,-0.066
70.21,0.379,0,0.391,1.101,0,0.000,0.000,0.000,0.000,0.000,0.000,-0.023,-0.066
70.41,0.380,0,0.390,1.212,0,0.000,0.000,0.000,0.000,0.000,0.000,-0.023,-0.058
70.61,0.380,0,0.390,1.212,0,0.000,0.000,0.000,0.000,0.000,0.000,-0.017,-0.073
70.81,0.380,0,0.390,1.212,0,0.000,0.000,0.000,0.000,0.000,0.000,-0.023,-0.079
71.01,0.377,0,0.388,1.200,0,0.000,0.000,0.000,0.000,0.000,0.000,-0.020,-0.071
71.21,0.382,0,0.388,1.200,0,0.000,0.000,0.000,0.000,0.000,0.000,-0.020,-0.071
71.41,0.379,0,0.389,1.195,0,0.000,0.000,0.000,0.000,0.000,0.000,-0.016,-0.069
71.61,0.389,0,0.389,1.195,0,0.000,0.000,0.000,0.000,0.000,0.000,-0.018,-0.072
71.81,0.389,0,0.389,1.195,0,0.000,0.000,0.000,0.000,0.000,0.000,-0.019,-0.067
72.01,0.391,0,0.402,1.174,0,0.000,0.000,0.000,0.000,0.000,0.000,-0.019,-0.067
72.21,0.379,0,0.402,1.174,0,0.000,0.000,0.000,0.000,0.000,0.000,-0.019,-0.072
72.41,0.380,0,0.390,1.186,0,0.000,0.000,0.000,0.000,0.000,0.000,-0.022,-0.072
72.61,0.380,0,0.390,1.186,0,0.000,0.000,0.000,0.000,0.000,0.000,-0.025,-0.060
72.81,0.380,0,0.390,1.186,0,0.000,0.000,0.000,0.000,0.000,0.000,-0.023,-0.067
73.01,0.377,0,0.388,1.192,0,0.000,0.000,0.000,0.000,0.000,0.000,-0.023,-0.067
73.21,0.395,0,0.388,1.192,0,0.000,0.000,0.000,0.000,0.000,0.000,-0.018,-0.073
73.41,0.379,0,0.389,1.174,0,0.000,0.000,0.000,0.000,0.000,0.000,-0.023,-0.068
73.61,0.380,0,0.389,1.174,0,0.000,0.000,0.000,0.000,0.000,0.000,-0.023,-0.066
73.81,0.380,0,0.389,1.174,0,0.000,0.000,0.000,0.000,0.000,0.000,-0.021,-0.068
74.01,0.396,0,0.406,1.186,0,0.000,0.000,0.000,0.000,0.000,0.000,-0.021,-0.068
74.21,0.375,0,0.406,1.186,0,0.000,0.000,0.000,0.000,0.000,0.000,-0.014,-0.076
74.41,0.380,0,0.390,1.174,0,0.000,0.000,0.000,0.000,0.000,0.000,-0.025,-0.075
74.61,0.380,0,0.390,1.174,0,0.000,0.000,0.000,0.000,0.000,0.000,-0.027,-0.056
74.81,0.379,0,0.390,1.174,0,0.000,0.000,0.000,0.000,0.000,0.000,-0.022,-0.069
75.01,0.377,0,0.388,1.143,0,0.000,0.000,0.000,0.000,0.000,0.000,-0.022,-0.069
75.21,0.379,0,0.388,1.143,0,0.000,0.000,0.000,0.000,0.000,0.000,-0.025,-0.070
75.41,0.377,0,0.387,1.123,0,0.000,0.000,0.000,0.000,0.000,0.000,-0.025,-0.069
75.61,0.377,0,0.387,1.123,0,0.000,0.000,0.000,0.000,0.000,0.000,-0.025,-0.058
75.81,0.379,0,0.387,1.123,0,0.000,0.000,0.000,0.000,0.000,0.000,-0.025,-0.058
76.01,0.380,0,0.390,1.127,0,0.000,0.000,0.000,0.000,0.000,0.000,-0.025,-0.050
76.21,0.380,0,0.390,1.127,0,0.000,0.000,0.000,0.000,0.000,0.000,-0.028,-0.053
76.41,0.379,0,0.389,1.175,0,0.000,0.000,0.000,0.000,0.000,0.000,-0.025,-0.057
76.61,0.379,0,0.389,1.175,0,0.000,0.000,0.000,0.000,0.000,0.000,-0.024,-0.056
76.81,0.380,0,0.389,1.175,0,0.000,0.000,0.000,0.000,0.000,0.000,-0.024,-0.056
77.01,0.377,0,0.388,1.216,0,0.000,0.000,0.000,0.000,0.000,0.000,-0.025,-0.054
77.21,0.380,0,0.388,1.216,0,0.000,0.000,0.000,0.000,0.000,0.000,-0.032,-0.057
77.41,0.395,0,0.405,1.982,0,0.000,0.000,0.000,0.000,0.000,0.000,-0.029,-0.059
77.61,0.395,0,0.405,1.982,0,0.000,0.000,0.000,0.000,0.000,0.000,-0.026,-0.058
77.81,0.375,0,0.405,1.982,0,0.000,0.000,0.000,0.000,0.000,0.000,-0.026,-0.058
78.01,0.384,0,0.395,1.527,0,0.000,0.000,0.000,0.000,0.000,0.000,-0.026,-0.064
78.21,0.373,0,0.395,1.527,0,0.000,0.000,0.000,0.000,0.000,0.000,-0.026,-0.066
78.41,0.373,0,0.391,1.522,0,0.000,0.000,0.000,0.000,0.000,0.000,-0.026,-0.061
78.61,0.380,0,0.391,1.522,0,0.000,0.000,0.000,0.000,0.000,0.000,-0.023,-0.062
78.81,0.377,0,0.391,1.522,0,0.000,0.000,0.000,0.000,0.000,0.000,-0.023,-0.062
79.01,0.380,0,0.390,1.321,0,0.000,0.000,0.000,0.000,0.000,0.000,-0.028,-0.063
79.21,0.379,0,0.390,1.321,0,0.000,0.000,0.000,0.000,0.000,0.000,-0.028,-0.063
79.41,0.379,0,0.397,1.326,0,0.000,0.000,0.000,0.000,0.000,0.000,-0.026,-0.061
79.61,0.387,0,0.397,1.326,0,0.000,0.000,0.000,0.000,0.000,0.000,-0.026,-0.061
79.81,0.380,0,0.397,1.326,0,0.000,0.000,0.000,0.000,0.000,0.000,-0.027,-0.057
80.01,0.379,0,0.389,1.522,0,0.000,0.000,0.000,0.000,0.000,0.000,-0.027,-0.065
80.21,0.380,0,0.389,1.522,0,0.000,0.000,0.000,0.000,0.000,0.000,-0.032,-0.049
80.41,0.380,0,0.385,1.762,0,0.000,0.000,0.000,0.000,0.000,0.000,-0.020,-0.063
80.61,0.375,0,0.385,1.762,0,0.000,0.000,0.000,0.000,0.000,0.000,-0.020,-0.063
80.81,0.386,0,0.385,1.762,0,0.000,0.000,0.000,0.000,0.000,0.000,-0.025,-0.051
81.01,0.379,0,0.389,1.970,0,0.000,0.000,0.000,0.000,0.000,0.000,-0.030,-0.059
81.21,0.377,0,0.389,1.970,0,0.000,0.000,0.000,0.000,0.000,0.000,-0.031,-0.060
81.41,0.377,0,0.404,1.973,0,0.000,0.000,0.000,0.000,0.000,0.000,-0.027,-0.059
81.61,0.394,0,0.404,1.973,0,0.000,0.000,0.000,0.000,0.000,0.000,-0.027,-0.059
81.81,0.379,0,0.404,1.973,0,0.000,0.000,0.000,0.000,0.000,0.000,-0.021,-0.064
82.01,0.379,0,0.389,1.525,0,0.000,0.000,0.000,0.000,0.000,0.000,-0.024,-0.064
82.21,0.379,0,0.389,1.525,0,0.000,0.000,0.000,0.000,0.000,0.000,-0.029,-0.056
82.41,0.379,0,0.405,1.772,0,0.000,0.000,0.000,0.000,0.000,0.000,-0.026,-0.056
82.61,0.395,0,0.405,1.772,0,0.000,0.000,0.000,0.000,0.000,0.000,-0.026,-0.056
82.81,0.394,0,0.405,1.772,0,0.000,0.000,0.000,0.000,0.000,0.000,-0.024,-0.072
83.01,0.375,0,0.405,1.754,0,0.000,0.000,0.000,0.000,0.000,0.000,-0.029,-0.064
83.21,0.375,0,0.405,1.754,0,0.000,0.000,0.000,0.000,0.000,0.000,-0.030,-0.057
83.41,0.380,0,0.391,0.925,0,0.000,0.000,0.000,0.000,0.000,0.000,-0.030,-0.057
83.61,0.397,0,0.391,0.925,0,0.000,0.000,0.000,0.000,0.000,0.000,-0.028,-0.063
83.81,0.391,0,0.391,0.925,0,0.000,0.000,0.000,0.000,0.000,0.000,-0.025,-0.059
84.01,0.389,0,0.401,0.855,0,0.000,0.000,0.000,0.000,0.000,0.000,-0.029,-0.057
84.21,0.389,0,0.401,0.855,0,0.000,0.000,0.000,0.000,0.000,0.000,-0.029,-0.064
84.41,0.393,0,0.403,0.974,0,0.000,0.000,0.000,0.000,0.000,0.000,-0.029,-0.064
84.61,0.377,0,0.403,0.974,0,0.000,0.000,0.000,0.000,0.000,0.000,-0.026,-0.062
84.81,0.389,0,0.403,0.974,0,0.000,0.000,0.000,0.000,0.000,0.000,-0.031,-0.065
85.01,0.389,0,0.399,1.521,0,0.000,0.000,0.000,0.000,0.000,0.000,-0.022,-0.064
85.21,0.389,0,0.399,1.521,0,0.000,0.000,0.000,0.000,0.000,0.000,-0.024,-0.062
85.41,0.377,0,0.388,1.136,0,0.000,0.000,0.000,0.000,0.000,0.000,-0.024,-0.062
85.61,0.384,0,0.388,1.136,0,0.000,0.000,0.000,0.000,0.000,0.000,-0.031,-0.072
85.81,0.382,0,0.388,1.136,0,0.000,0.000,0.000,0.000,0.000,0.000,-0.027,-0.064
86.01,0.382,0,0.392,1.345,0,0.000,0.000,0.000,0.000,0.000,0.000,-0.028,-0.064
86.21,0.380,0,0.392,1.345,0,0.000,0.000,0.000,0.000,0.000,0.000,-0.024,-0.069
86.41,0.389,0,0.400,1.512,0,0.000,0.000,0.000,0.000,0.000,0.000,-0.024,-0.069
86.61,0.382,0,0.400,1.512,0,0.000,0.000,0.000,0.000,0.000,0.000,-0.023,-0.062
86.81,0.393,0,0.400,1.512,0,0.000,0.000,0.000,0.000,0.000,0.000,-0.028,-0.064
87.01,0.393,0,0.403,2.000,0,0.000,0.000,0.000,0.000,0.000,0.000,-0.020,-0.070
87.21,0.375,0,0.403,2.000,0,0.000,0.000,0.000,0.000,0.000,0.000,-0.020,-0.070
87.41,0.394,0,0.405,2.020,0,0.000,0.000,0.000,0.000,0.000,0.000,-0.022,-0.073
87.61,0.389,0,0.405,2.020,0,0.000,0.000,0.000,0.000,0.000,0.000,-0.025,-0.067
87.81,0.391,0,0.405,2.020,0,0.000,0.000,0.000,0.000,0.000,0.000,-0.024,-0.068
88.01,0.391,0,0.401,1.605,0,0.000,0.000,0.000,0.000,0.000,0.000,-0.019,-0.057
88.21,0.377,0,0.401,1.605,0,0.000,0.000,0.000,0.000,0.000,0.000,-0.019,-0.057
88.41,0.379,0,0.389,2.002,0,0.000,0.000,0.000,0.000,0.000,0.000,-0.022,-0.071
88.61,0.377,0,0.389,2.002,0,0.000,0.000,0.000,0.000,0.000,0.000,-0.032,-0.063
88.81,0.379,0,0.389,2.002,0,0.000,0.000,0.000,0.000,0.000,0.000,-0.022,-0.066
89.01,0.379,0,0.389,2.075,0,0.000,0.000,0.000,0.000,0.000,0.000,-0.021,-0.075
89.21,0.377,0,0.389,2.075,0,0.000,0.000,0.000,0.000,0.000,0.000,-0.021,-0.075
89.41,0.380,0,0.391,2.064,0,0.000,0.000,0.000,0.000,0.000,0.000,-0.030,-0.066
89.61,0.384,0,0.391,2.064,0,0.000,0.000,0.000,0.000,0.000,0.000,-0.026,-0.069
89.81,0.384,0,0.391,2.064,0,0.000,0.000,0.000,0.000,0.000,0.000,-0.022,-0.062
90.01,0.395,0,0.405,2.075,0,0.000,0.000,0.000,0.000,0.000,0.000,-0.023,-0.061
90.21,0.380,0,0.405,2.075,0,0.000,0.000,0.000,0.000,0.000,0.000,-0.023,-0.061
90.41,0.393,0,0.403,2.077,0,0.000,0.000,0.000,0.000,0.000,0.000,-0.027,-0.065
90.61,0.395,0,0.403,2.077,0,0.000,0.000,0.000,0.000,0.000,0.000,-0.027,-0.073
90.81,0.395,0,0.403,2.077,0,0.000,0.000,0.000,0.000,0.000,0.000,-0.027,-0.060
91.01,0.379,0,0.389,2.081,0,0.000,0.000,0.000,0.000,0.000,0.000,-0.027,-0.060
91.21,0.377,0,0.389,2.081,0,0.000,0.000,0.000,0.000,0.000,0.000,-0.021,-0.066
91.41,0.380,0,0.391,2.084,0,0.000,0.000,0.000,0.000,0.000,0.000,-0.027,-0.066
91.61,0.395,0,0.391,2.084,0,0.000,0.000,0.000,0.000,0.000,0.000,-0.026,-0.060
91.81,0.395,0,0.391,2.084,0,0.000,0.000,0.000,0.000,0.000,0.000,-0.019,-0.072
92.01,0.393,0,0.403,2.050,0,0.000,0.000,0.000,0.000,0.000,0.000,-0.019,-0.072
92.21,0.379,0,0.403,2.050,0,0.000,0.000,0.000,0.000,0.000,0.000,-0.028,-0.072
92.41,0.375,0,0.385,2.072,0,0.000,0.000,0.000,0.000,0.000,0.000,-0.021,-0.068
92.61,0.386,0,0.385,2.072,0,0.000,0.000,0.000,0.000,0.000,0.000,-0.018,-0.065
92.81,0.386,0,0.385,2.072,0,0.000,0.000,0.000,0.000,0.000,0.000,-0.018,-0.071
93.01,0.377,0,0.388,2.072,0,0.000,0.000,0.000,0.000,0.000,0.000,-0.018,-0.071
93.21,0.395,0,0.388,2.072,0,0.000,0.000,0.000,0.000,0.000,0.000,-0.030,-0.060
93.41,0.380,0,0.391,2.084,0,0.000,0.000,0.000,0.000,0.000,0.000,-0.020,-0.065
93.61,0.380,0,0.391,2.084,0,0.000,0.000,0.000,0.000,0.000,0.000,-0.024,-0.062
93.81,0.380,0,0.391,2.084,0,0.000,0.000,0.000,0.000,0.000,0.000,-0.021,-0.075
94.01,0.375,0,0.386,2.089,0,0.000,0.000,0.000,0.000,0.000,0.000,-0.021,-0.075
94.21,0.377,0,0.386,2.089,0,0.000,0.000,0.000,0.000,0.000,0.000,-0.022,-0.068
94.41,0.380,0,0.390,2.066,0,0.000,0.000,0.000,0.000,0.000,0.000,-0.028,-0.066
94.61,0.386,0,0.390,2.066,0,0.000,0.000,0.000,0.000,0.000,0.000,-0.025,-0.068
94.81,0.386,0,0.390,2.066,0,0.000,0.000,0.000,0.000,0.000,0.000,-0.026,-0.064
95.01,0.393,0,0.403,2.050,0,0.000,0.000,0.000,0.000,0.000,0.000,-0.026,-0.064
95.21,0.373,0,0.403,2.050,0,0.000,0.000,0.000,0.000,0.000,0.000,-0.030,-0.061
95.41,0.377,0,0.388,2.027,0,0.000,0.000,0.000,0.000,0.000,0.000,-0.023,-0.061
95.61,0.377,0,0.388,2.027,0,0.000,0.000,0.000,0.000,0.000,0.000,-0.027,-0.062
95.81,0.393,0,0.388,2.027,0,0.000,0.000,0.000,0.000,0.000,0.000,-0.025,-0.069
96.01,0.380,0,0.390,2.052,0,0.000,0.000,0.000,0.000,0.000,0.000,-0.025,-0.069
96.21,0.384,0,0.390,2.052,0,0.000,0.000,0.000,0.000,0.000,0.000,-0.022,-0.065
96.41,0.379,0,0.389,2.014,0,0.000,0.000,0.000,0.000,0.000,0.000,-0.024,-0.070
96.61,0.379,0,0.389,2.014,0,0.000,0.000,0.000,0.000,0.000,0.000,-0.029,-0.064
96.81,0.380,0,0.389,2.014,0,0.000,0.000,0.000,0.000,0.000,0.000,-0.029,-0.064
97.01,0.377,0,0.387,2.069,0,0.000,0.000,0.000,0.000,0.000,0.000,-0.024,-0.049
97.21,0.380,0,0.387,2.069,0,0.000,0.000,0.000,0.000,0.000,0.000,-0.022,-0.063
97.41,0.377,0,0.387,2.065,0,0.000,0.000,0.000,0.000,0.000,0.000,-0.023,-0.066
97.61,0.377,0,0.387,2.065,0,0.000,0.000,0.000,0.000,0.000,0.000,-0.030,-0.072
97.81,0.380,0,0.387,2.065,0,0.000,0.000,0.000,0.000,0.000,0.000,-0.030,-0.072
98.01,0.380,0,0.390,2.026,0,0.000,0.000,0.000,0.000,0.000,0.000,-0.021,-0.070
98.21,0.380,0,0.390,2.026,0,0.000,0.000,0.000,0.000,0.000,0.000,-0.020,-0.064
98.41,0.377,0,0.388,2.022,0,0.000,0.000,0.000,0.000,0.000,0.000,-0.026,-0.072
98.61,0.377,0,0.388,2.022,0,0.000,0.000,0.000,0.000,0.000,0.000,-0.027,-0.071
98.81,0.384,0,0.388,2.022,0,0.000,0.000,0.000,0.000,0.000,0.000,-0.027,-0.071
99.01,0.382,0,0.392,2.011,0,0.000,0.000,0.000,0.000,0.000,0.000,-0.027,-0.070
99.21,0.379,0,0.392,2.011,0,0.000,0.000,0.000,0.000,0.000,0.000,-0.019,-0.078
99.41,0.380,0,0.391,1.992,0,0.000,0.000,0.000,0.000,0.000,0.000,-0.024,-0.064
99.61,0.380,0,0.391,1.992,0,0.000,0.000,0.000,0.000,0.000,0.000,-0.027,-0.060
99.81,0.377,0,0.391,1.992,0,0.000,0.000,0.000,0.000,0.000,0.000,-0.027,-0.060
100.01,0.377,0,0.388,1.990,0,0.000,0.000,0.000,0.000,0.000,0.000,-0.027,-0.067
100.21,0.380,0,0.388,1.990,0,0.000,0.000,0.000,0.000,0.000,0.000,-0.022,-0.068
100.41,0.380,0,0.388,2.011,0,0.000,0.000,0.000,0.000,0.000,0.000,-0.023,-0.074
100.61,0.377,0,0.388,2.011,0,0.000,0.000,0.000,0.000,0.000,0.000,-0.023,-0.074
100.81,0.379,0,0.388,2.011,0,0.000,0.000,0.000,0.000,0.000,0.000,-0.030,-0.074
101.01,0.375,0,0.385,2.006,0,0.000,0.000,0.000,0.000,0.000,0.000,-0.021,-0.076
101.21,0.391,0,0.385,2.006,0,0.000,0.000,0.000,0.000,0.000,0.000,-0.027,-0.071
101.41,0.391,0,0.404,1.996,0,0.000,0.000,0.000,0.000,0.000,0.000,-0.031,-0.069
101.61,0.394,0,0.404,1.996,0,0.000,0.000,0.000,0.000,0.000,0.000,-0.031,-0.069
101.81,0.393,0,0.404,1.996,0,0.000,0.000,0.000,0.000,0.000,0.000,-0.021,-0.073
102.01,0.380,0,0.391,2.014,0,0.000,0.000,0.000,0.000,0.000,0.000,-0.022,-0.068
102.21,0.379,0,0.391,2.014,0,0.000,0.000,0.000,0.000,0.000,0.000,-0.026,-0.070
102.41,0.379,0,0.404,2.002,0,0.000,0.000,0.000,0.000,0.000,0.000,-0.023,-0.062
102.61,0.394,0,0.404,2.002,0,0.000,0.000,0.000,0.000,0.000,0.000,-0.023,-0.062
102.81,0.387,0,0.404,2.002,0,0.000,0.000,0.000,0.000,0.000,0.000,-0.021,-0.071
103.01,0.379,0,0.389,1.998,0,0.000,0.000,0.000,0.000,0.000,0.000,-0.022,-0.056
103.21,0.393,0,0.389,1.998,0,0.000,0.000,0.000,0.000,0.000,0.000,-0.026,-0.059
103.41,0.393,0,0.388,1.991,0,0.000,0.000,0.000,0.000,0.000,0.000,-0.022,-0.059
103.61,0.377,0,0.388,1.991,0,0.000,0.000,0.000,0.000,0.000,0.000,-0.022,-0.059
103.81,0.394,0,0.388,1.991,0,0.000,0.000,0.000,0.000,0.000,0.000,-0.023,-0.064
104.01,0.380,0,0.391,2.005,0,0.000,0.000,0.000,0.000,0.000,0.000,-0.022,-0.067
104.21,0.380,0,0.391,2.005,0,0.000,0.000,0.000,0.000,0.000,0.000,-0.027,-0.056
104.41,0.375,0,0.391,2.001,0,0.000,0.000,0.000,0.000,0.000,0.000,-0.030,-0.055
104.61,0.380,0,0.391,2.001,0,0.000,0.000,0.000,0.000,0.000,0.000,-0.030,-0.055
104.81,0.375,0,0.391,2.001,0,0.000,0.000,0.000,0.000,0.000,0.000,-0.021,-0.057
105.01,0.380,0,0.385,2.004,0,0.000,0.000,0.000,0.000,0.000,0.000,-0.024,-0.056
105.21,0.380,0,0.385,2.004,0,0.000,0.000,0.000,0.000,0.000,0.000,-0.034,-0.059
105.41,0.377,0,0.388,2.002,0,0.000,0.000,0.000,0.000,0.000,0.000,-0.034,-0.059
105.61,0.377,0,0.388,2.002,0,0.000,0.000,0.000,0.000,0.000,0.000,-0.029,-0.058
105.81,0.391,0,0.388,2.002,0,0.000,0.000,0.000,0.000,0.000,0.000,-0.027,-0.058
106.01,0.380,0,0.401,2.006,0,0.000,0.000,0.000,0.000,0.000,0.000,-0.028,-0.058
106.21,0.380,0,0.401,2.006,0,0.000,0.000,0.000,0.000,0.000,0.000,-0.028,-0.061
106.41,0.377,0,0.388,2.080,0,0.000,0.000,0.000,0.000,0.000,0.000,-0.028,-0.061
106.61,0.377,0,0.388,2.080,0,0.000,0.000,0.000,0.000,0.000,0.000,-0.026,-0.054
106.81,0.377,0,0.388,2.080,0,0.000,0.000,0.000,0.000,0.000,0.000,-0.027,-0.056
107.01,0.395,0,0.388,2.021,0,0.000,0.000,0.000,0.000,0.000,0.000,-0.030,-0.058
107.21,0.395,0,0.388,2.021,0,0.000,0.000,0.000,0.000,0.000,0.000,-0.026,-0.055
107.41,0.380,0,0.391,1.984,0,0.000,0.000,0.000,0.000,0.000,0.000,-0.026,-0.055
107.61,0.375,0,0.391,1.984,0,0.000,0.000,0.000,0.000,0.000,0.000,-0.026,-0.056
107.81,0.384,0,0.391,1.984,0,0.000,0.000,0.000,0.000,0.000,0.000,-0.029,-0.053
108.01,0.377,0,0.394,2.067,0,0.000,0.000,0.000,0.000,0.000,0.000,-0.028,-0.060
108.21,0.377,0,0.394,2.067,0,0.000,0.000,0.000,0.000,0.000,0.000,-0.029,-0.059
108.41,0.395,0,0.405,2.019,0,0.000,0.000,0.000,0.000,0.000,0.000,-0.029,-0.059
108.61,0.105,0,0.405,2.019,0,0.000,0.000,0.000,0.000,0.000,0.000,-0.022,-0.062
108.81,0.379,0,0.405,2.019,0,0.000,0.000,0.000,0.000,0.000,0.000,-0.025,-0.057
109.01,0.377,0,0.389,2.087,0,0.000,0.000,0.000,0.000,0.000,0.000,-0.022,-0.058
109.21,0.377,0,0.389,2.087,0,0.000,0.000,0.000,0.000,0.000,0.000,-0.025,-0.057
109.41,0.380,0,0.391,2.050,0,0.000,0.000,0.000,0.000,0.000,0.000,-0.025,-0.057
109.61,0.377,0,0.391,2.050,0,0.000,0.000,0.000,0.000,0.000,0.000,-0.021,-0.072
109.81,0.379,0,0.391,2.050,0,0.000,0.000,0.000,0.000,0.000,0.000,-0.034,-0.060
110.01,0.379,0,0.389,2.065,0,0.000,0.000,0.000,0.000,0.000,0.000,-0.028,-0.056
110.21,0.375,0,0.389,2.065,0,0.000,0.000,0.000,0.000,0.000,0.000,-0.022,-0.059
110.41,0.380,0,0.391,2.071,0,0.000,0.000,0.000,0.000,0.000,0.000,-0.022,-0.059
110.61,0.377,0,0.391,2.071,0,0.000,0.000,0.000,0.000,0.000,0.000,-0.021,-0.056
110.81,0.394,0,0.391,2.071,0,0.000,0.000,0.000,0.000,0.000,0.000,-0.031,-0.055
111.01,0.394,0,0.404,2.066,0,0.000,0.000,0.000,0.000,0.000,0.000,-0.027,-0.053
111.21,0.377,0,0.404,2.066,0,0.000,0.000,0.000,0.000,0.000,0.000,-0.027,-0.053
111.41,0.393,0,0.403,2.009,0,0.000,0.000,0.000,0.000,0.000,0.000,-0.023,-0.066
111.61,0.379,0,0.403,2.009,0,0.000,0.000,0.000,0.000,0.000,0.000,-0.028,-0.062
111.81,0.377,0,0.403,2.009,0,0.000,0.000,0.000,0.000,0.000,0.000,-0.021,-0.061
112.01,0.377,0,0.388,2.087,0,0.000,0.000,0.000,0.000,0.000,0.000,-0.029,-0.061
112.21,0.379,0,0.388,2.087,0,0.000,0.000,0.000,0.000,0.000,0.000,-0.029,-0.061
112.41,0.377,0,0.388,2.079,0,0.000,0.000,0.000,0.000,0.000,0.000,-0.021,-0.063
112.61,0.375,0,0.388,2.079,0,0.000,0.000,0.000,0.000,0.000,0.000,-0.028,-0.066
112.81,0.379,0,0.388,2.079,0,0.000,0.000,0.000,0.000,0.000,0.000,-0.032,-0.056
113.01,0.379,0,0.389,2.093,0,0.000,0.000,0.000,0.000,0.000,0.000,-0.029,-0.062
113.21,0.375,0,0.389,2.093,0,0.000,0.000,0.000,0.000,0.000,0.000,-0.029,-0.062
113.41,0.380,0,0.391,2.063,0,0.000,0.000,0.000,0.000,0.000,0.000,-0.030,-0.057
113.61,0.394,0,0.391,2.063,0,0.000,0.000,0.000,0.000,0.000,0.000,-0.027,-0.059
113.81,0.377,0,0.391,2.063,0,0.000,0.000,0.000,0.000,0.000,0.000,-0.032,-0.060
114.01,0.377,0,0.388,2.060,0,0.000,0.000,0.000,0.000,0.000,0.000,-0.024,-0.052
114.21,0.375,0,0.388,2.060,0,0.000,0.000,0.000,0.000,0.000,0.000,-0.024,-0.052
114.41,0.380,0,0.390,2.066,0,0.000,0.000,0.000,0.000,0.000,0.000,-0.031,-0.049
114.61,0.375,0,0.390,2.066,0,0.000,0.000,0.000,0.000,0.000,0.000,-0.031,-0.055
114.81,0.375,0,0.390,2.066,0,0.000,0.000,0.000,0.000,0.000,0.000,-0.026,-0.053
115.01,0.377,0,0.388,2.057,0,0.000,0.000,0.000,0.000,0.000,0.000,-0.022,-0.053
115.21,0.379,0,0.388,2.057,0,0.000,0.000,0.000,0.000,0.000,0.000,-0.022,-0.053
115.41,0.393,0,0.403,2.077,0,0.000,0.000,0.000,0.000,0.000,0.000,-0.029,-0.053
115.61,0.384,0,0.403,2.077,0,0.000,0.000,0.000,0.000,0.000,0.000,-0.024,-0.057
115.81,0.384,0,0.403,2.077,0,0.000,0.000,0.000,0.000,0.000,0.000,-0.023,-0.058
116.01,0.387,0,0.398,2.041,0,0.000,0.000,0.000,0.000,0.000,0.000,-0.023,-0.058
116.21,0.380,0,0.398,2.041,0,0.000,0.000,0.000,0.000,0.000,0.000,-0.030,-0.059
116.41,0.380,0,0.391,2.044,0,0.000,0.000,0.000,0.000,0.000,0.000,-0.028,-0.062
116.61,0.377,0,0.391,2.044,0,0.000,0.000,0.000,0.000,0.000,0.000,-0.028,-0.055
116.81,0.377,0,0.391,2.044,0,0.000,0.000,0.000,0.000,0.000,0.000,-0.028,-0.058
117.01,0.380,0,0.390,2.037,0,0.000,0.000,0.000,0.000,0.000,0.000,-0.028,-0.058
117.21,0.380,0,0.390,2.037,0,0.000,0.000,0.000,0.000,0.000,0.000,-0.034,-0.058
117.41,0.380,0,0.390,2.058,0,0.000,0.000,0.000,0.000,0.000,0.000,-0.035,-0.054
117.61,0.377,0,0.390,2.058,0,0.000,0.000,0.000,0.000,0.000,0.000,-0.027,-0.056
117.81,0.377,0,0.390,2.058,0,0.000,0.000,0.000,0.000,0.000,0.000,-0.032,-0.054
118.01,0.379,0,0.390,2.058,0,0.000,0.000,0.000,0.000,0.000,0.000,-0.032,-0.054
118.21,0.382,0,0.390,2.058,0,0.000,0.000,0.000,0.000,0.000,0.000,-0.026,-0.061
118.41,0.377,0,0.388,2.080,0,0.000,0.000,0.000,0.000,0.000,0.000,-0.033,-0.060
118.61,0.391,0,0.388,2.080,0,0.000,0.000,0.000,0.000,0.000,0.000,-0.027,-0.062
118.81,0.391,0,0.388,2.080,0,0.000,0.000,0.000,0.000,0.000,0.000,-0.032,-0.067
119.01,0.377,0,0.388,2.081,0,0.000,0.000,0.000,0.000,0.000,0.000,-0.032,-0.067
119.21,0.389,0,0.388,2.081,0,0.000,0.000,0.000,0.000,0.000,0.000,-0.028,-0.058
119.41,0.375,0,0.386,2.058,0,0.000,0.000,0.000,0.000,0.000,0.000,-0.026,-0.052
119.61,0.375,0,0.386,2.058,0,0.000,0.000,0.000,0.000,0.000,0.000,-0.028,-0.052
119.81,0.377,0,0.386,2.058,0,0.000,0.000,0.000,0.000,0.000,0.000,-0.028,-0.060
120.01,0.395,0,0.405,2.060,0,0.000,0.000,0.000,0.000,0.000,0.000,-0.028,-0.060
120.21,0.380,0,0.405,2.060,0,0.000,0.000,0.000,0.000,0.000,0.000,-0.027,-0.056
120.41,0.380,0,0.391,2.044,0,0.000,0.000,0.000,0.000,0.000,0.000,-0.024,-0.052
120.61,0.380,0,0.391,2.044,0,0.000,0.000,0.000,0.000,0.000,0.000,-0.026,-0.055
120.81,0.379,0,0.391,2.044,0,0.000,0.000,0.000,0.000,0.000,0.000,-0.026,-0.055
121.01,0.391,0,0.401,2.071,0,0.000,0.000,0.000,0.000,0.000,0.000,-0.029,-0.058
121.21,0.377,0,0.401,2.071,0,0.000,0.000,0.000,0.000,0.000,0.000,-0.027,-0.056
121.41,0.377,0,0.388,2.087,0,0.000,0.000,0.000,0.000,0.000,0.000,-0.029,-0.054
121.61,0.377,0,0.388,2.087,0,0.000,0.000,0.000,0.000,0.000,0.000,-0.029,-0.054
121.81,0.386,0,0.388,2.087,0,0.000,0.000,0.000,0.000,0.000,0.000,-0.029,-0.054
122.01,0.377,0,0.388,2.069,0,0.000,0.000,0.000,0.000,0.000,0.000,-0.025,-0.057
122.21,0.384,0,0.388,2.069,0,0.000,0.000,0.000,0.000,0.000,0.000,-0.028,-0.060
122.41,0.380,0,0.391,2.068,0,0.000,0.000,0.000,0.000,0.000,0.000,-0.025,-0.053
122.61,0.380,0,0.391,2.068,0,0.000,0.000,0.000,0.000,0.000,0.000,-0.029,-0.062
122.81,0.380,0,0.391,2.068,0,0.000,0.000,0.000,0.000,0.000,0.000,-0.029,-0.062
123.01,0.379,0,0.389,2.071,0,0.000,0.000,0.000,0.000,0.000,0.000,-0.025,-0.066
123.21,0.394,0,0.389,2.071,0,0.000,0.000,0.000,0.000,0.000,0.000,-0.017,-0.063
123.41,0.373,0,0.384,2.078,0,0.000,0.000,0.000,0.000,0.000,0.000,-0.027,-0.062
123.61,0.373,0,0.384,2.078,0,0.000,0.000,0.000,0.000,0.000,0.000,-0.029,-0.060
123.81,0.380,0,0.384,2.078,0,0.000,0.000,0.000,0.000,0.000,0.000,-0.029,-0.060
124.01,0.377,0,0.388,2.065,0,0.000,0.000,0.000,0.000,0.000,0.000,-0.023,-0.055
124.21,0.379,0,0.388,2.065,0,0.000,0.000,0.000,0.000,0.000,0.000,-0.020,-0.054
124.41,0.379,0,0.389,2.015,0,0.000,0.000,0.000,0.000,0.000,0.000,-0.024,-0.061
124.61,0.379,0,0.389,2.015,0,0.000,0.000,0.000,0.000,0.000,0.000,-0.024,-0.055
124.81,0.389,0,0.389,2.015,0,0.000,0.000,0.000,0.000,0.000,0.000,-0.024,-0.055
125.01,0.375,0,0.385,2.042,0,0.000,0.000,0.000,0.000,0.000,0.000,-0.023,-0.061
125.21,0.380,0,0.385,2.042,0,0.000,0.000,0.000,0.000,0.000,0.000,-0.019,-0.070
125.41,0.380,0,0.389,1.997,0,0.000,0.000,0.000,0.000,0.000,0.000,-0.013,-0.076
125.61,0.379,0,0.389,1.997,0,0.000,0.000,0.000,0.000,0.000,0.000,-0.013,-0.076
125.81,0.386,0,0.389,1.997,0,0.000,0.000,0.000,0.000,0.000,0.000,-0.014,-0.079
126.01,0.379,0,0.389,2.013,0,0.000,0.000,0.000,0.000,0.000,0.000,-0.015,-0.072
126.21,0.379,0,0.389,2.013,0,0.000,0.000,0.000,0.000,0.000,0.000,-0.016,-0.069
126.41,0.379,0,0.405,2.030,0,0.000,0.000,0.000,0.000,0.000,0.000,-0.018,-0.076
126.61,0.395,0,0.405,2.030,0,0.000,0.000,0.000,0.000,0.000,0.000,-0.018,-0.076
126.81,0.377,0,0.405,2.030,0,0.000,0.000,0.000,0.000,0.000,0.000,-0.012,-0.077
127.01,0.384,0,0.394,2.014,0,0.000,0.000,0.000,0.000,0.000,0.000,-0.014,-0.073
127.21,0.377,0,0.394,2.014,0,0.000,0.000,0.000,0.000,0.000,0.000,-0.014,-0.081
127.41,0.377,0,0.390,2.004,0,0.000,0.000,0.000,0.000,0.000,0.000,-0.016,-0.064
127.61,0.380,0,0.390,2.004,0,0.000,0.000,0.000,0.000,0.000,0.000,-0.016,-0.064
127.81,0.395,0,0.390,2.004,0,0.000,0.000,0.000,0.000,0.000,0.000,-0.018,-0.079
128.01,0.380,0,0.391,2.009,0,0.000,0.000,0.000,0.000,0.000,0.000,-0.016,-0.064
128.21,0.380,0,0.391,2.009,0,0.000,0.000,0.000,0.000,0.000,0.000,-0.018,-0.067
128.41,0.380,0,0.385,1.991,0,0.000,0.000,0.000,0.000,0.000,0.000,-0.016,-0.076
128.61,0.375,0,0.385,1.991,0,0.000,0.000,0.000,0.000,0.000,0.000,-0.016,-0.076
128.81,0.375,0,0.385,1.991,0,0.000,0.000,0.000,0.000,0.000,0.000,-0.014,-0.082
129.01,0.379,0,0.389,1.997,0,0.000,0.000,0.000,0.000,0.000,0.000,-0.015,-0.081
129.21,0.379,0,0.389,1.997,0,0.000,0.000,0.000,0.000,0.000,0.000,-0.022,-0.080
129.41,0.375,0,0.386,1.992,0,0.000,0.000,0.000,0.000,0.000,0.000,-0.015,-0.074
129.61,0.397,0,0.386,1.992,0,0.000,0.000,0.000,0.000,0.000,0.000,-0.015,-0.074
129.81,0.396,0,0.386,1.992,0,0.000,0.000,0.000,0.000,0.000,0.000,-0.017,-0.076
130.01,0.379,0,0.406,1.999,0,0.000,0.000,0.000,0.000,0.000,0.000,-0.022,-0.079
130.21,0.379,0,0.406,1.999,0,0.000,0.000,0.000,0.000,0.000,0.000,-0.019,-0.072
130.41,0.377,0,0.387,1.999,0,0.000,0.000,0.000,0.000,0.000,0.000,-0.019,-0.072
130.61,0.392,0,0.387,1.999,0,0.000,0.000,0.000,0.000,0.000,0.000,-0.019,-0.080
130.81,0.375,0,0.387,1.999,0,0.000,0.000,0.000,0.000,0.000,0.000,-0.015,-0.073
131.01,0.380,0,0.386,2.002,0,0.000,0.000,0.000,0.000,0.000,0.000,-0.028,-0.076
131.21,0.380,0,0.386,2.002,0,0.000,0.000,0.000,0.000,0.000,0.000,-0.016,-0.075
131.41,0.379,0,0.389,2.075,0,0.000,0.000,0.000,0.000,0.000,0.000,-0.016,-0.075
131.61,0.393,0,0.389,2.075,0,0.000,0.000,0.000,0.000,0.000,0.000,-0.008,-0.083
131.81,0.377,0,0.389,2.075,0,0.000,0.000,0.000,0.000,0.000,0.000,-0.017,-0.086
132.01,0.380,0,0.388,2.072,0,0.000,0.000,0.000,0.000,0.000,0.000,-0.021,-0.074
132.21,0.380,0,0.388,2.072,0,0.000,0.000,0.000,0.000,0.000,0.000,-0.020,-0.069
132.41,0.380,0,0.391,2.084,0,0.000,0.000,0.000,0.000,0.000,0.000,-0.020,-0.069
132.61,0.394,0,0.391,2.084,0,0.000,0.000,0.000,0.000,0.000,0.000,-0.016,-0.080
132.81,0.394,0,0.391,2.084,0,0.000,0.000,0.000,0.000,0.000,0.000,-0.022,-0.076
133.01,0.394,0,0.405,2.087,0,0.000,0.000,0.000,0.000,0.000,0.000,-0.020,-0.072
133.21,0.396,0,0.405,2.087,0,0.000,0.000,0.000,0.000,0.000,0.000,-0.025,-0.069
133.41,0.379,0,0.389,2.097,0,0.000,0.000,0.000,0.000,0.000,0.000,-0.025,-0.069
133.61,0.392,0,0.389,2.097,0,0.000,0.000,0.000,0.000,0.000,0.000,-0.018,-0.072
133.81,0.384,0,0.389,2.097,0,0.000,0.000,0.000,0.000,0.000,0.000,-0.022,-0.076
134.01,0.384,0,0.395,2.074,0,0.000,0.000,0.000,0.000,0.000,0.000,-0.017,-0.071
134.21,0.380,0,0.395,2.074,0,0.000,0.000,0.000,0.000,0.000,0.000,-0.017,-0.071
134.41,0.379,0,0.389,2.065,0,0.000,0.000,0.000,0.000,0.000,0.000,-0.017,-0.079
134.61,0.377,0,0.389,2.065,0,0.000,0.000,0.000,0.000,0.000,0.000,-0.015,-0.079
134.81,0.105,0,0.389,2.065,0,0.000,0.000,0.000,0.000,0.000,0.000,-0.021,-0.086
135.01,0.105,0,0.389,2.096,0,0.000,0.000,0.000,0.000,0.000,0.000,-0.014,-0.082
135.21,0.375,0,0.389,2.096,0,0.000,0.000,0.000,0.000,0.000,0.000,-0.014,-0.082
135.41,0.380,0,0.391,2.069,0,0.000,0.000,0.000,0.000,0.000,0.000,-0.016,-0.074
135.61,0.379,0,0.391,2.069,0,0.000,0.000,0.000,0.000,0.000,0.000,-0.019,-0.076
135.81,0.384,0,0.391,2.069,0,0.000,0.000,0.000,0.000,0.000,0.000,-0.018,-0.082
136.01,0.384,0,0.394,2.058,0,0.000,0.000,0.000,0.000,0.000,0.000,-0.015,-0.072
136.21,0.377,0,0.394,2.058,0,0.000,0.000,0.000,0.000,0.000,0.000,-0.015,-0.072
136.41,0.377,0,0.388,2.075,0,0.000,0.000,0.000,0.000,0.000,0.000,-0.013,-0.087
136.61,0.389,0,0.388,2.075,0,0.000,0.000,0.000,0.000,0.000,0.000,-0.018,-0.083
136.81,0.380,0,0.388,2.075,0,0.000,0.000,0.000,0.000,0.000,0.000,-0.012,-0.078
137.01,0.380,0,0.390,2.057,0,0.000,0.000,0.000,0.000,0.000,0.000,-0.015,-0.075
137.21,0.377,0,0.390,2.057,0,0.000,0.000,0.000,0.000,0.000,0.000,-0.015,-0.075
137.41,0.375,0,0.385,2.048,0,0.000,0.000,0.000,0.000,0.000,0.000,-0.022,-0.078
137.61,0.380,0,0.385,2.048,0,0.000,0.000,0.000,0.000,0.000,0.000,-0.018,-0.085
137.81,0.380,0,0.385,2.048,0,0.000,0.000,0.000,0.000,0.000,0.000,-0.021,-0.074
138.01,0.395,0,0.405,2.044,0,0.000,0.000,0.000,0.000,0.000,0.000,-0.019,-0.085
138.21,0.379,0,0.405,2.044,0,0.000,0.000,0.000,0.000,0.000,0.000,-0.019,-0.085
138.41,0.382,0,0.392,2.069,0,0.000,0.000,0.000,0.000,0.000,0.000,-0.015,-0.089
138.61,0.395,0,0.392,2.069,0,0.000,0.000,0.000,0.000,0.000,0.000,-0.013,-0.077
138.81,0.395,0,0.392,2.069,0,0.000,0.000,0.000,0.000,0.000,0.000,-0.019,-0.076
139.01,0.375,0,0.386,2.080,0,0.000,0.000,0.000,0.000,0.000,0.000,-0.019,-0.076
139.21,0.377,0,0.386,2.080,0,0.000,0.000,0.000,0.000,0.000,0.000,-0.013,-0.078
139.41,0.380,0,0.391,2.047,0,0.000,0.000,0.000,0.000,0.000,0.000,-0.018,-0.081
139.61,0.394,0,0.391,2.047,0,0.000,0.000,0.000,0.000,0.000,0.000,-0.022,-0.069
139.81,0.394,0,0.391,2.047,0,0.000,0.000,0.000,0.000,0.000,0.000,-0.018,-0.076
140.01,0.380,0,0.391,2.057,0,0.000,0.000,0.000,0.000,0.000,0.000,-0.018,-0.076
140.21,0.384,0,0.391,2.057,0,0.000,0.000,0.000,0.000,0.000,0.000,-0.017,-0.074
140.41,0.394,0,0.405,2.078,0,0.000,0.000,0.000,0.000,0.000,0.000,-0.020,-0.087
140.61,0.380,0,0.405,2.078,0,0.000,0.000,0.000,0.000,0.000,0.000,-0.024,-0.073
140.81,0.380,0,0.405,2.078,0,0.000,0.000,0.000,0.000,0.000,0.000,-0.014,-0.068
141.01,0.380,0,0.390,2.095,0,0.000,0.000,0.000,0.000,0.000,0.000,-0.014,-0.068
141.21,0.379,0,0.390,2.095,0,0.000,0.000,0.000,0.000,0.000,0.000,-0.019,-0.075
141.41,0.380,0,0.390,2.087,0,0.000,0.000,0.000,0.000,0.000,0.000,-0.015,-0.075
141.61,0.380,0,0.390,2.087,0,0.000,0.000,0.000,0.000,0.000,0.000,-0.014,-0.081
141.81,0.373,0,0.390,2.087,0,0.000,0.000,0.000,0.000,0.000,0.000,-0.013,-0.079
142.01,0.380,0,0.390,2.085,0,0.000,0.000,0.000,0.000,0.000,0.000,-0.013,-0.079
142.21,0.377,0,0.390,2.085,0,0.000,0.000,0.000,0.000,0.000,0.000,-0.018,-0.074
142.41,0.377,0,0.388,2.099,0,0.000,0.000,0.000,0.000,0.000,0.000,-0.018,-0.070
142.61,0.377,0,0.388,2.099,0,0.000,0.000,0.000,0.000,0.000,0.000,-0.014,-0.073
142.81,0.380,0,0.388,2.099,0,0.000,0.000,0.000,0.000,0.000,0.000,-0.014,-0.073
143.01,0.377,0,0.388,2.078,0,0.000,0.000,0.000,0.000,0.000,0.000,-0.014,-0.081
143.21,0.396,0,0.388,2.078,0,0.000,0.000,0.000,0.000,0.000,0.000,-0.019,-0.078
143.41,0.389,0,0.400,2.096,0,0.000,0.000,0.000,0.000,0.000,0.000,-0.017,-0.080
143.61,0.389,0,0.400,2.096,0,0.000,0.000,0.000,0.000,0.000,0.000,-0.018,-0.075
143.81,0.394,0,0.400,2.096,0,0.000,0.000,0.000,0.000,0.000,0.000,-0.018,-0.075
144.01,0.387,0,0.398,2.090,0,0.000,0.000,0.000,0.000,0.000,0.000,-0.018,-0.079
144.21,0.394,0,0.398,2.090,0,0.000,0.000,0.000,0.000,0.000,0.000,-0.014,-0.079
144.41,0.375,0,0.386,2.089,0,0.000,0.000,0.000,0.000,0.000,0.000,-0.018,-0.078
144.61,0.375,0,0.386,2.089,0,0.000,0.000,0.000,0.000,0.000,0.000,-0.015,-0.079
144.81,0.379,0,0.386,2.089,0,0.000,0.000,0.000,0.000,0.000,0.000,-0.015,-0.079
145.01,0.380,0,0.390,2.090,0,0.000,0.000,0.000,0.000,0.000,0.000,-0.021,-0.075
145.21,0.377,0,0.390,2.090,0,0.000,0.000,0.000,0.000,0.000,0.000,-0.016,-0.081
145.41,0.377,0,0.387,2.093,0,0.000,0.000,0.000,0.000,0.000,0.000,-0.016,-0.070
145.61,0.377,0,0.387,2.093,0,0.000,0.000,0.000,0.000,0.000,0.000,-0.016,-0.070
145.81,0.375,0,0.387,2.093,0,0.000,0.000,0.000,0.000,0.000,0.000,-0.015,-0.077
146.01,0.375,0,0.386,2.075,0,0.000,0.000,0.000,0.000,0.000,0.000,-0.025,-0.072
146.21,0.394,0,0.386,2.075,0,0.000,0.000,0.000,0.000,0.000,0.000,-0.019,-0.071
146.41,0.394,0,0.388,2.069,0,0.000,0.000,0.000,0.000,0.000,0.000,-0.021,-0.065
146.61,0.377,0,0.388,2.069,0,0.000,0.000,0.000,0.000,0.000,0.000,-0.021,-0.065
146.81,0.377,0,0.388,2.069,0,0.000,0.000,0.000,0.000,0.000,0.000,-0.021,-0.073
147.01,0.395,0,0.405,2.091,0,0.000,0.000,0.000,0.000,0.000,0.000,-0.011,-0.087
147.21,0.395,0,0.405,2.091,0,0.000,0.000,0.000,0.000,0.000,0.000,-0.018,-0.079
147.41,0.395,0,0.390,2.090,0,0.000,0.000,0.000,0.000,0.000,0.000,-0.022,-0.062
147.61,0.380,0,0.390,2.090,0,0.000,0.000,0.000,0.000,0.000,0.000,-0.022,-0.062
147.81,0.379,0,0.390,2.090,0,0.000,0.000,0.000,0.000,0.000,0.000,-0.016,-0.073
148.01,0.375,0,0.385,2.094,0,0.000,0.000,0.000,0.000,0.000,0.000,-0.017,-0.072
148.21,0.377,0,0.385,2.094,0,0.000,0.000,0.000,0.000,0.000,0.000,-0.016,-0.070
148.41,0.377,0,0.390,2.098,0,0.000,0.000,0.000,0.000,0.000,0.000,-0.016,-0.075
148.61,0.379,0,0.390,2.098,0,0.000,0.000,0.000,0.000,0.000,0.000,-0.016,-0.075
148.81,0.379,0,0.390,2.098,0,0.000,0.000,0.000,0.000,0.000,0.000,-0.013,-0.090
149.01,0.379,0,0.389,1.811,0,0.000,0.000,0.000,0.000,0.000,0.000,-0.018,-0.074
149.21,0.379,0,0.389,1.811,0,0.000,0.000,0.000,0.000,0.000,0.000,-0.014,-0.068
149.41,0.380,0,0.390,1.916,0,0.000,0.000,0.000,0.000,0.000,0.000,-0.013,-0.079
149.61,0.380,0,0.390,1.916,0,0.000,0.000,0.000,0.000,0.000,0.000,-0.013,-0.079
149.81,0.375,0,0.390,1.916,0,0.000,0.000,0.000,0.000,0.000,0.000,-0.016,-0.070
150.01,0.375,0,0.386,1.985,0,0.000,0.000,0.000,0.000,0.000,0.000,-0.011,-0.081
150.21,0.375,0,0.386,1.985,0,0.000,0.000,0.000,0.000,0.000,0.000,-0.020,-0.077
150.41,0.377,0,0.387,1.993,0,0.000,0.000,0.000,0.000,0.000,0.000,-0.020,-0.077
150.61,0.379,0,0.387,1.993,0,0.000,0.000,0.000,0.000,0.000,0.000,-0.023,-0.077
150.81,0.379,0,0.387,1.993,0,0.000,0.000,0.000,0.000,0.000,0.000,-0.014,-0.073
151.01,0.394,0,0.389,1.992,0,0.000,0.000,0.000,0.000,0.000,0.000,-0.012,-0.088
151.21,0.394,0,0.389,1.992,0,0.000,0.000,0.000,0.000,0.000,0.000,-0.018,-0.069
151.41,0.379,0,0.389,1.987,0,0.000,0.000,0.000,0.000,0.000,0.000,-0.018,-0.069
151.61,0.375,0,0.389,1.987,0,0.000,0.000,0.000,0.000,0.000,0.000,-0.016,-0.089
151.81,0.373,0,0.389,1.987,0,0.000,0.000,0.000,0.000,0.000,0.000,-0.015,-0.091
152.01,0.391,0,0.384,1.987,0,0.000,0.000,0.000,0.000,0.000,0.000,-0.015,-0.095
152.21,0.391,0,0.384,1.987,0,0.000,0.000,0.000,0.000,0.000,0.000,-0.014,-0.083
152.41,0.379,0,0.389,1.986,0,0.000,0.000,0.000,0.000,0.000,0.000,-0.014,-0.083
152.61,0.393,0,0.389,1.986,0,0.000,0.000,0.000,0.000,0.000,0.000,-0.015,-0.088
152.81,0.387,0,0.389,1.986,0,0.000,0.000,0.000,0.000,0.000,0.000,-0.014,-0.078
153.01,0.387,0,0.397,1.967,0,0.000,0.000,0.000,0.000,0.000,0.000,-0.008,-0.089
153.21,0.380,0,0.397,1.967,0,0.000,0.000,0.000,0.000,0.000,0.000,-0.008,-0.089
153.41,0.396,0,0.406,1.781,0,0.000,0.000,0.000,0.000,0.000,0.000,-0.014,-0.094
153.61,0.382,0,0.406,1.781,0,0.000,0.000,0.000,0.000,0.000,0.000,-0.019,-0.086
153.81,0.375,0,0.406,1.781,0,0.000,0.000,0.000,0.000,0.000,0.000,-0.016,-0.085
154.01,0.375,0,0.386,1.755,0,0.000,0.000,0.000,0.000,0.000,0.000,-0.016,-0.077
154.21,0.379,0,0.386,1.755,0,0.000,0.000,0.000,0.000,0.000,0.000,-0.016,-0.077
154.41,0.377,0,0.388,2.006,0,0.000,0.000,0.000,0.000,0.000,0.000,-0.021,-0.084
154.61,0.380,0,0.388,2.006,0,0.000,0.000,0.000,0.000,0.000,0.000,-0.016,-0.074
154.81,0.373,0,0.388,2.006,0,0.000,0.000,0.000,0.000,0.000,0.000,-0.013,-0.082
155.01,0.373,0,0.384,2.087,0,0.000,0.000,0.000,0.000,0.000,0.000,-0.017,-0.084
155.21,0.380,0,0.384,2.087,0,0.000,0.000,0.000,0.000,0.000,0.000,-0.017,-0.084
155.41,0.377,0,0.388,2.100,0,0.000,0.000,0.000,0.000,0.000,0.000,-0.015,-0.083
155.61,0.377,0,0.388,2.100,0,0.000,0.000,0.000,0.000,0.000,0.000,-0.020,-0.085
155.81,0.377,0,0.388,2.100,0,0.000,0.000,0.000,0.000,0.000,0.000,-0.009,-0.079
156.01,0.386,0,0.396,2.099,0,0.000,0.000,0.000,0.000,0.000,0.000,-0.020,-0.090
156.21,0.395,0,0.396,2.099,0,0.000,0.000,0.000,0.000,0.000,0.000,-0.020,-0.090
156.41,0.377,0,0.388,2.090,0,0.000,0.000,0.000,0.000,0.000,0.000,-0.019,-0.073
156.61,0.373,0,0.388,2.090,0,0.000,0.000,0.000,0.000,0.000,0.000,-0.021,-0.075
156.81,0.373,0,0.388,2.090,0,0.000,0.000,0.000,0.000,0.000,0.000,-0.017,-0.082
157.01,0.391,0,0.402,2.072,0,0.000,0.000,0.000,0.000,0.000,0.000,-0.017,-0.082
157.21,0.375,0,0.402,2.072,0,0.000,0.000,0.000,0.000,0.000,0.000,-0.026,-0.086
157.41,0.380,0,0.391,2.065,0,0.000,0.000,0.000,0.000,0.000,0.000,-0.018,-0.077
157.61,0.377,0,0.391,2.065,0,0.000,0.000,0.000,0.000,0.000,0.000,-0.018,-0.079
157.81,0.377,0,0.391,2.065,0,0.000,0.000,0.000,0.000,0.000,0.000,-0.012,-0.082
158.01,0.394,0,0.404,2.055,0,0.000,0.000,0.000,0.000,0.000,0.000,-0.012,-0.082
158.21,0.379,0,0.404,2.055,0,0.000,0.000,0.000,0.000,0.000,0.000,-0.018,-0.082
158.41,0.395,0,0.405,2.067,0,0.000,0.000,0.000,0.000,0.000,0.000,-0.019,-0.070
158.61,0.379,0,0.405,2.067,0,0.000,0.000,0.000,0.000,0.000,0.000,-0.021,-0.069
158.81,0.379,0,0.405,2.067,0,0.000,0.000,0.000,0.000,0.000,0.000,-0.028,-0.068
159.01,0.377,0,0.388,2.050,0,0.000,0.000,0.000,0.000,0.000,0.000,-0.028,-0.068
159.21,0.380,0,0.388,2.050,0,0.000,0.000,0.000,0.000,0.000,0.000,-0.019,-0.062
159.41,0.377,0,0.387,2.093,0,0.000,0.000,0.000,0.000,0.000,0.000,-0.022,-0.072
159.61,0.377,0,0.387,2.093,0,0.000,0.000,0.000,0.000,0.000,0.000,-0.022,-0.076
159.81,0.373,0,0.387,2.093,0,0.000,0.000,0.000,0.000,0.000,0.000,-0.022,-0.076
160.01,0.395,0,0.405,2.052,0,0.000,0.000,0.000,0.000,0.000,0.000,-0.020,-0.087
160.21,0.380,0,0.405,2.052,0,0.000,0.000,0.000,0.000,0.000,0.000,-0.017,-0.081
160.41,0.395,0,0.405,2.081,0,0.000,0.000,0.000,0.000,0.000,0.000,-0.018,-0.086
160.61,0.395,0,0.405,2.081,0,0.000,0.000,0.000,0.000,0.000,0.000,-0.021,-0.080
160.81,0.380,0,0.405,2.081,0,0.000,0.000,0.000,0.000,0.000,0.000,-0.021,-0.080
161.01,0.377,0,0.388,2.078,0,0.000,0.000,0.000,0.000,0.000,0.000,-0.019,-0.082
161.21,0.377,0,0.388,2.078,0,0.000,0.000,0.000,0.000,0.000,0.000,-0.023,-0.086
161.41,0.380,0,0.391,2.066,0,0.000,0.000,0.000,0.000,0.000,0.000,-0.021,-0.074
161.61,0.380,0,0.391,2.066,0,0.000,0.000,0.000,0.000,0.000,0.000,-0.025,-0.086
161.81,0.382,0,0.391,2.066,0,0.000,0.000,0.000,0.000,0.000,0.000,-0.025,-0.086
162.01,0.373,0,0.384,2.079,0,0.000,0.000,0.000,0.000,0.000,0.000,-0.018,-0.092
162.21,0.379,0,0.384,2.079,0,0.000,0.000,0.000,0.000,0.000,0.000,-0.017,-0.084
162.41,0.379,0,0.388,2.073,0,0.000,0.000,0.000,0.000,0.000,0.000,-0.019,-0.077
162.61,0.377,0,0.388,2.073,0,0.000,0.000,0.000,0.000,0.000,0.000,-0.017,-0.071
162.81,0.386,0,0.388,2.073,0,0.000,0.000,0.000,0.000,0.000,0.000,-0.017,-0.071
163.01,0.105,0,0.388,2.074,0,0.000,0.000,0.000,0.000,0.000,0.000,-0.020,-0.074
163.21,0.375,0,0.388,2.074,0,0.000,0.000,0.000,0.000,0.000,0.000,-0.017,-0.081
163.41,0.375,0,0.386,2.081,0,0.000,0.000,0.000,0.000,0.000,0.000,-0.028,-0.078
163.61,0.375,0,0.386,2.081,0,0.000,0.000,0.000,0.000,0.000,0.000,-0.028,-0.078
163.81,0.380,0,0.386,2.081,0,0.000,0.000,0.000,0.000,0.000,0.000,-0.020,-0.081
164.01,0.396,0,0.406,2.061,0,0.000,0.000,0.000,0.000,0.000,0.000,-0.019,-0.077
164.21,0.380,0,0.406,2.061,0,0.000,0.000,0.000,0.000,0.000,0.000,-0.021,-0.076
164.41,0.380,0,0.402,2.064,0,0.000,0.000,0.000,0.000,0.000,0.000,-0.031,-0.076
164.61,0.391,0,0.402,2.064,0,0.000,0.000,0.000,0.000,0.000,0.000,-0.031,-0.076
164.81,0.377,0,0.402,2.064,0,0.000,0.000,0.000,0.000,0.000,0.000,-0.022,-0.066
165.01,0.379,0,0.389,2.060,0,0.000,0.000,0.000,0.000,0.000,0.000,-0.012,-0.080
165.21,0.380,0,0.389,2.060,0,0.000,0.000,0.000,0.000,0.000,0.000,-0.018,-0.077
165.41,0.380,0,0.390,2.042,0,0.000,0.000,0.000,0.000,0.000,0.000,-0.025,-0.072
165.61,0.105,0,0.390,2.042,0,0.000,0.000,0.000,0.000,0.000,0.000,-0.025,-0.072
165.81,0.380,0,0.390,2.042,0,0.000,0.000,0.000,0.000,0.000,0.000,-0.009,-0.069
166.01,0.392,0,0.391,2.070,0,0.000,0.000,0.000,0.000,0.000,0.000,-0.014,-0.067
166.21,0.392,0,0.391,2.070,0,0.000,0.000,0.000,0.000,0.000,0.000,-0.011,-0.076
166.41,0.105,0,0.391,2.073,0,0.000,0.000,0.000,0.000,0.000,0.000,-0.011,-0.076
166.61,0.380,0,0.391,2.073,0,0.000,0.000,0.000,0.000,0.000,0.000,-0.011,-0.074
166.81,0.377,0,0.391,2.073,0,0.000,0.000,0.000,0.000,0.000,0.000,-0.018,-0.077
167.01,0.375,0,0.388,2.064,0,0.000,0.000,0.000,0.000,0.000,0.000,-0.011,-0.072
167.21,0.375,0,0.388,2.064,0,0.000,0.000,0.000,0.000,0.000,0.000,-0.017,-0.082
167.41,0.380,0,0.390,2.069,0,0.000,0.000,0.000,0.000,0.000,0.000,-0.017,-0.082
167.61,0.380,0,0.390,2.069,0,0.000,0.000,0.000,0.000,0.000,0.000,-0.012,-0.084
167.81,0.380,0,0.390,2.069,0,0.000,0.000,0.000,0.000,0.000,0.000,-0.012,-0.073
168.01,0.383,0,0.390,2.090,0,0.000,0.000,0.000,0.000,0.000,0.000,-0.014,-0.079
168.21,0.383,0,0.390,2.090,0,0.000,0.000,0.000,0.000,0.000,0.000,-0.012,-0.077
168.41,0.380,0,0.390,2.103,0,0.000,0.000,0.000,0.000,0.000,0.000,-0.012,-0.077
168.61,0.375,0,0.390,2.103,0,0.000,0.000,0.000,0.000,0.000,0.000,-0.017,-0.075
168.81,0.387,0,0.390,2.103,0,0.000,0.000,0.000,0.000,0.000,0.000,-0.006,-0.088
169.01,0.387,0,0.398,2.093,0,0.000,0.000,0.000,0.000,0.000,0.000,-0.004,-0.078
169.21,0.379,0,0.398,2.093,0,0.000,0.000,0.000,0.000,0.000,0.000,-0.016,-0.068
169.41,0.393,0,0.403,2.093,0,0.000,0.000,0.000,0.000,0.000,0.000,-0.016,-0.068
169.61,0.394,0,0.403,2.093,0,0.000,0.000,0.000,0.000,0.000,0.000,-0.013,-0.075
169.81,0.377,0,0.403,2.093,0,0.000,0.000,0.000,0.000,0.000,0.000,-0.006,-0.078
170.01,0.377,0,0.388,2.090,0,0.000,0.000,0.000,0.000,0.000,0.000,-0.018,-0.069
170.21,0.379,0,0.388,2.090,0,0.000,0.000,0.000,0.000,0.000,0.000,-0.018,-0.069
170.41,0.377,0,0.388,2.089,0,0.000,0.000,0.000,0.000,0.000,0.000,-0.014,-0.072
170.61,0.377,0,0.388,2.089,0,0.000,0.000,0.000,0.000,0.000,0.000,-0.010,-0.074
170.81,0.377,0,0.388,2.089,0,0.000,0.000,0.000,0.000,0.000,0.000,-0.001,-0.084
171.01,0.377,0,0.388,2.088,0,0.000,0.000,0.000,0.000,0.000,0.000,-0.012,-0.074
171.21,0.377,0,0.388,2.088,0,0.000,0.000,0.000,0.000,0.000,0.000,-0.012,-0.074
171.41,0.377,0,0.388,2.091,0,0.000,0.000,0.000,0.000,0.000,0.000,-0.009,-0.077
171.61,0.377,0,0.388,2.091,0,0.000,0.000,0.000,0.000,0.000,0.000,-0.006,-0.079
171.81,0.377,0,0.388,2.091,0,0.000,0.000,0.000,0.000,0.000,0.000,-0.010,-0.073
172.01,0.379,0,0.389,2.097,0,0.000,0.000,0.000,0.000,0.000,0.000,-0.008,-0.073
172.21,0.395,0,0.389,2.097,0,0.000,0.000,0.000,0.000,0.000,0.000,-0.008,-0.073
172.41,0.380,0,0.390,2.086,0,0.000,0.000,0.000,0.000,0.000,0.000,-0.009,-0.063
172.61,0.391,0,0.390,2.086,0,0.000,0.000,0.000,0.000,0.000,0.000,-0.007,-0.073
172.81,0.391,0,0.390,2.086,0,0.000,0.000,0.000,0.000,0.000,0.000,-0.012,-0.074
173.01,0.380,0,0.391,2.095,0,0.000,0.000,0.000,0.000,0.000,0.000,-0.012,-0.074
173.21,0.380,0,0.391,2.095,0,0.000,0.000,0.000,0.000,0.000,0.000,-0.017,-0.066
173.41,0.377,0,0.388,2.100,0,0.000,0.000,0.000,0.000,0.000,0.000,-0.012,-0.064
173.61,0.380,0,0.388,2.100,0,0.000,0.000,0.000,0.000,0.000,0.000,-0.012,-0.066
173.81,0.380,0,0.388,2.100,0,0.000,0.000,0.000,0.000,0.000,0.000,-0.017,-0.066
174.01,0.377,0,0.388,2.096,0,0.000,0.000,0.000,0.000,0.000,0.000,-0.017,-0.066
174.21,0.373,0,0.388,2.096,0,0.000,0.000,0.000,0.000,0.000,0.000,-0.008,-0.068
174.41,0.380,0,0.391,2.090,0,0.000,0.000,0.000,0.000,0.000,0.000,-0.010,-0.068
174.61,0.377,0,0.391,2.090,0,0.000,0.000,0.000,0.000,0.000,0.000,-0.012,-0.072
174.81,0.377,0,0.391,2.090,0,0.000,0.000,0.000,0.000,0.000,0.000,-0.011,-0.082
175.01,0.392,0,0.402,2.096,0,0.000,0.000,0.000,0.000,0.000,0.000,-0.011,-0.082
175.21,0.377,0,0.402,2.096,0,0.000,0.000,0.000,0.000,0.000,0.000,-0.016,-0.067
175.41,0.380,0,0.391,2.093,0,0.000,0.000,0.000,0.000,0.000,0.000,-0.008,-0.070
175.61,0.380,0,0.391,2.093,0,0.000,0.000,0.000,0.000,0.000,0.000,-0.019,-0.067
175.81,0.382,0,0.391,2.093,0,0.000,0.000,0.000,0.000,0.000,0.000,-0.019,-0.067
176.01,0.396,0,0.406,2.096,0,0.000,0.000,0.000,0.000,0.000,0.000,-0.015,-0.071
176.21,0.393,0,0.406,2.096,0,0.000,0.000,0.000,0.000,0.000,0.000,-0.011,-0.075
176.41,0.387,0,0.398,2.093,0,0.000,0.000,0.000,0.000,0.000,0.000,-0.013,-0.076
176.61,0.387,0,0.398,2.093,0,0.000,0.000,0.000,0.000,0.000,0.000,-0.023,-0.067
176.81,0.384,0,0.398,2.093,0,0.000,0.000,0.000,0.000,0.000,0.000,-0.023,-0.067
177.01,0.395,0,0.405,2.096,0,0.000,0.000,0.000,0.000,0.000,0.000,-0.014,-0.079
177.21,0.377,0,0.405,2.096,0,0.000,0.000,0.000,0.000,0.000,0.000,-0.010,-0.071
177.41,0.377,0,0.388,2.096,0,0.000,0.000,0.000,0.000,0.000,0.000,-0.013,-0.067
177.61,0.377,0,0.388,2.096,0,0.000,0.000,0.000,0.000,0.000,0.000,-0.016,-0.072
177.81,0.395,0,0.388,2.096,0,0.000,0.000,0.000,0.000,0.000,0.000,-0.016,-0.072
178.01,0.375,0,0.386,2.091,0,0.000,0.000,0.000,0.000,0.000,0.000,-0.014,-0.063
178.21,0.377,0,0.386,2.091,0,0.000,0.000,0.000,0.000,0.000,0.000,-0.004,-0.071
178.41,0.377,0,0.390,2.093,0,0.000,0.000,0.000,0.000,0.000,0.000,-0.014,-0.073
178.61,0.379,0,0.390,2.093,0,0.000,0.000,0.000,0.000,0.000,0.000,-0.018,-0.066
178.81,0.380,0,0.390,2.093,0,0.000,0.000,0.000,0.000,0.000,0.000,-0.018,-0.066
179.01,0.380,0,0.391,2.104,0,0.000,0.000,0.000,0.000,0.000,0.000,-0.015,-0.066
179.21,0.375,0,0.391,2.104,0,0.000,0.000,0.000,0.000,0.000,0.000,-0.019,-0.077
179.41,0.375,0,0.405,2.079,0,0.000,0.000,0.000,0.000,0.000,0.000,-0.022,-0.066
179.61,0.395,0,0.405,2.079,0,0.000,0.000,0.000,0.000,0.000,0.000,-0.022,-0.066
179.81,0.377,0,0.405,2.079,0,0.000,0.000,0.000,0.000,0.000,0.000,-0.023,-0.063
180.01,0.379,0,0.389,2.090,0,0.000,0.000,0.000,0.000,0.000,0.000,-0.012,-0.067
180.21,0.393,0,0.389,2.090,0,0.000,0.000,0.000,0.000,0.000,0.000,-0.011,-0.072
180.41,0.393,0,0.389,2.097,0,0.000,0.000,0.000,0.000,0.000,0.000,-0.026,-0.067
180.61,0.379,0,0.389,2.097,0,0.000,0.000,0.000,0.000,0.000,0.000,-0.026,-0.067
180.81,0.387,0,0.389,2.097,0,0.000,0.000,0.000,0.000,0.000,0.000,-0.025,-0.063
181.01,0.377,0,0.388,2.097,0,0.000,0.000,0.000,0.000,0.000,0.000,-0.016,-0.060
181.21,0.377,0,0.388,2.097,0,0.000,0.000,0.000,0.000,0.000,0.000,-0.019,-0.070
181.41,0.396,0,0.406,2.104,0,0.000,0.000,0.000,0.000,0.000,0.000,-0.018,-0.057
181.61,0.377,0,0.406,2.104,0,0.000,0.000,0.000,0.000,0.000,0.000,-0.018,-0.057
181.81,0.382,0,0.406,2.104,0,0.000,0.000,0.000,0.000,0.000,0.000,-0.019,-0.067
182.01,0.106,0,0.393,2.107,0,0.000,0.000,0.000,0.000,0.000,0.000,-0.019,-0.067
182.21,0.106,0,0.393,2.107,0,0.000,0.000,0.000,0.000,0.000,0.000,-0.021,-0.069
182.41,0.377,0,0.388,2.178,0,0.000,0.000,0.000,0.000,0.000,0.000,-0.021,-0.069
182.61,0.386,0,0.388,2.178,0,0.000,0.000,0.000,0.000,0.000,0.000,-0.024,-0.061
182.81,0.387,0,0.388,2.178,0,0.000,0.000,0.000,0.000,0.000,0.000,-0.026,-0.053
183.01,0.387,0,0.397,2.221,0,0.000,0.000,0.000,0.000,0.000,0.000,-0.019,-0.048
183.21,0.387,0,0.397,2.221,0,0.000,0.000,0.000,0.000,0.000,0.000,-0.018,-0.058
183.41,0.377,0,0.388,1.988,0,0.000,0.000,0.000,0.000,0.000,0.000,-0.018,-0.058
183.61,0.379,0,0.388,1.988,0,0.000,0.000,0.000,0.000,0.000,0.000,-0.008,-0.069
183.81,0.379,0,0.388,1.988,0,0.000,0.000,0.000,0.000,0.000,0.000,-0.021,-0.066
184.01,0.379,0,0.389,1.618,0,0.000,0.000,0.000,0.000,0.000,0.000,-0.014,-0.061
184.21,0.377,0,0.389,1.618,0,0.000,0.000,0.000,0.000,0.000,0.000,-0.019,-0.064
184.41,0.380,0,0.390,1.691,0,0.000,0.000,0.000,0.000,0.000,0.000,-0.019,-0.064
184.61,0.377,0,0.390,1.691,0,0.000,0.000,0.000,0.000,0.000,0.000,-0.014,-0.059
184.81,0.375,0,0.390,1.691,0,0.000,0.000,0.000,0.000,0.000,0.000,-0.016,-0.074
185.01,0.375,0,0.386,1.786,0,0.000,0.000,0.000,0.000,0.000,0.000,-0.022,-0.063
185.21,0.379,0,0.386,1.786,0,0.000,0.000,0.000,0.000,0.000,0.000,-0.022,-0.063
185.41,0.380,0,0.391,1.914,0,0.000,0.000,0.000,0.000,0.000,0.000,-0.022,-0.059
185.61,0.380,0,0.391,1.914,0,0.000,0.000,0.000,0.000,0.000,0.000,-0.018,-0.058
185.81,0.380,0,0.391,1.914,0,0.000,0.000,0.000,0.000,0.000,0.000,-0.019,-0.064
186.01,0.380,0,0.390,1.875,0,0.000,0.000,0.000,0.000,0.000,0.000,-0.025,-0.059
186.21,0.391,0,0.390,1.875,0,0.000,0.000,0.000,0.000,0.000,0.000,-0.025,-0.059
186.41,0.377,0,0.387,1.937,0,0.000,0.000,0.000,0.000,0.000,0.000,-0.022,-0.053
186.61,0.384,0,0.387,1.937,0,0.000,0.000,0.000,0.000,0.000,0.000,-0.020,-0.063
186.81,0.380,0,0.387,1.937,0,0.000,0.000,0.000,0.000,0.000,0.000,-0.024,-0.066
187.01,0.380,0,0.391,2.066,0,0.000,0.000,0.000,0.000,0.000,0.000,-0.023,-0.066
187.21,0.377,0,0.391,2.066,0,0.000,0.000,0.000,0.000,0.000,0.000,-0.023,-0.066
187.41,0.379,0,0.389,2.066,0,0.000,0.000,0.000,0.000,0.000,0.000,-0.019,-0.065
187.61,0.380,0,0.389,2.066,0,0.000,0.000,0.000,0.000,0.000,0.000,-0.026,-0.069
187.81,0.380,0,0.389,2.066,0,0.000,0.000,0.000,0.000,0.000,0.000,-0.024,-0.063
188.01,0.377,0,0.388,2.072,0,0.000,0.000,0.000,0.000,0.000,0.000,-0.024,-0.063
188.21,0.377,0,0.388,2.072,0,0.000,0.000,0.000,0.000,0.000,0.000,-0.020,-0.059
188.41,0.384,0,0.395,2.069,0,0.000,0.000,0.000,0.000,0.000,0.000,-0.024,-0.061
188.61,0.379,0,0.395,2.069,0,0.000,0.000,0.000,0.000,0.000,0.000,-0.015,-0.075
188.81,0.379,0,0.395,2.069,0,0.000,0.000,0.000,0.000,0.000,0.000,-0.015,-0.072
189.01,0.380,0,0.390,2.063,0,0.000,0.000,0.000,0.000,0.000,0.000,-0.015,-0.072
189.21,0.387,0,0.390,2.063,0,0.000,0.000,0.000,0.000,0.000,0.000,-0.017,-0.078
189.41,0.377,0,0.388,2.051,0,0.000,0.000,0.000,0.000,0.000,0.000,-0.017,-0.080
189.61,0.383,0,0.388,2.051,0,0.000,0.000,0.000,0.000,0.000,0.000,-0.012,-0.089
189.81,0.383,0,0.388,2.051,0,0.000,0.000,0.000,0.000,0.000,0.000,-0.014,-0.065
190.01,0.379,0,0.389,2.068,0,0.000,0.000,0.000,0.000,0.000,0.000,-0.014,-0.065
190.21,0.377,0,0.389,2.068,0,0.000,0.000,0.000,0.000,0.000,0.000,-0.025,-0.070
190.41,0.377,0,0.388,2.084,0,0.000,0.000,0.000,0.000,0.000,0.000,-0.012,-0.074
190.61,0.377,0,0.388,2.084,0,0.000,0.000,0.000,0.000,0.000,0.000,-0.016,-0.079
190.81,0.377,0,0.388,2.084,0,0.000,0.000,0.000,0.000,0.000,0.000,-0.016,-0.079
191.01,0.389,0,0.400,2.081,0,0.000,0.000,0.000,0.000,0.000,0.000,-0.018,-0.073
191.21,0.377,0,0.400,2.081,0,0.000,0.000,0.000,0.000,0.000,0.000,-0.007,-0.086
191.41,0.380,0,0.391,2.069,0,0.000,0.000,0.000,0.000,0.000,0.000,-0.019,-0.077
191.61,0.380,0,0.391,2.069,0,0.000,0.000,0.000,0.000,0.000,0.000,-0.005,-0.069
191.81,0.379,0,0.391,2.069,0,0.000,0.000,0.000,0.000,0.000,0.000,-0.005,-0.069
192.01,0.377,0,0.387,2.066,0,0.000,0.000,0.000,0.000,0.000,0.000,-0.014,-0.083
192.21,0.393,0,0.387,2.066,0,0.000,0.000,0.000,0.000,0.000,0.000,-0.014,-0.081
192.41,0.377,0,0.388,2.066,0,0.000,0.000,0.000,0.000,0.000,0.000,-0.016,-0.086
192.61,0.377,0,0.388,2.066,0,0.000,0.000,0.000,0.000,0.000,0.000,-0.018,-0.078
192.81,0.386,0,0.388,2.066,0,0.000,0.000,0.000,0.000,0.000,0.000,-0.018,-0.078
193.01,0.377,0,0.388,2.058,0,0.000,0.000,0.000,0.000,0.000,0.000,-0.026,-0.074
193.21,0.391,0,0.388,2.058,0,0.000,0.000,0.000,0.000,0.000,0.000,-0.011,-0.086
193.41,0.391,0,0.388,2.072,0,0.000,0.000,0.000,0.000,0.000,0.000,-0.006,-0.097
193.61,0.377,0,0.388,2.072,0,0.000,0.000,0.000,0.000,0.000,0.000,-0.006,-0.097
193.81,0.396,0,0.388,2.072,0,0.000,0.000,0.000,0.000,0.000,0.000,-0.010,-0.093
194.01,0.377,0,0.388,2.068,0,0.000,0.000,0.000,0.000,0.000,0.000,-0.011,-0.080
194.21,0.107,0,0.388,2.068,0,0.000,0.000,0.000,0.000,0.000,0.000,-0.012,-0.083
194.41,0.107,0,0.403,2.048,0,0.000,0.000,0.000,0.000,0.000,0.000,-0.013,-0.081
194.61,0.393,0,0.403,2.048,0,0.000,0.000,0.000,0.000,0.000,0.000,-0.013,-0.081
194.81,0.394,0,0.403,2.048,0,0.000,0.000,0.000,0.000,0.000,0.000,-0.012,-0.080
195.01,0.395,0,0.405,2.079,0,0.000,0.000,0.000,0.000,0.000,0.000,-0.008,-0.075
195.21,0.379,0,0.405,2.079,0,0.000,0.000,0.000,0.000,0.000,0.000,-0.009,-0.073
195.41,0.379,0,0.388,2.054,0,0.000,0.000,0.000,0.000,0.000,0.000,-0.012,-0.072
195.61,0.377,0,0.388,2.054,0,0.000,0.000,0.000,0.000,0.000,0.000,-0.012,-0.072
195.81,0.387,0,0.388,2.054,0,0.000,0.000,0.000,0.000,0.000,0.000,-0.005,-0.084
196.01,0.377,0,0.388,2.068,0,0.000,0.000,0.000,0.000,0.000,0.000,-0.004,-0.091
196.21,0.377,0,0.388,2.068,0,0.000,0.000,0.000,0.000,0.000,0.000,0.005,-0.090
196.41,0.384,0,0.395,2.074,0,0.000,0.000,0.000,0.000,0.000,0.000,0.005,-0.090
196.61,0.377,0,0.395,2.074,0,0.000,0.000,0.000,0.000,0.000,0.000,0.007,-0.078
196.81,0.380,0,0.395,2.074,0,0.000,0.000,0.000,0.000,0.000,0.000,0.010,-0.072
197.01,0.377,0,0.390,2.084,0,0.000,0.000,0.000,0.000,0.000,0.000,0.006,-0.080
197.21,0.377,0,0.390,2.084,0,0.000,0.000,0.000,0.000,0.000,0.000,-0.010,-0.082
197.41,0.375,0,0.385,2.072,0,0.000,0.000,0.000,0.000,0.000,0.000,-0.010,-0.082
197.61,0.375,0,0.385,2.072,0,0.000,0.000,0.000,0.000,0.000,0.000,-0.004,-0.074
197.81,0.387,0,0.385,2.072,0,0.000,0.000,0.000,0.000,0.000,0.000,0.001,-0.066
198.01,0.379,0,0.398,2.068,0,0.000,0.000,0.000,0.000,0.000,0.000,0.003,-0.076
198.21,0.379,0,0.398,2.068,0,0.000,0.000,0.000,0.000,0.000,0.000,0.011,-0.105
198.41,0.377,0,0.387,2.074,0,0.000,0.000,0.000,0.000,0.000,0.000,0.011,-0.105
198.61,0.391,0,0.387,2.074,0,0.000,0.000,0.000,0.000,0.000,0.000,0.019,-0.085
198.81,0.375,0,0.387,2.074,0,0.000,0.000,0.000,0.000,0.000,0.000,0.013,-0.077
199.01,0.375,0,0.386,2.070,0,0.000,0.000,0.000,0.000,0.000,0.000,0.005,-0.075
199.21,0.375,0,0.386,2.070,0,0.000,0.000,0.000,0.000,0.000,0.000,-0.002,-0.076
199.41,0.377,0,0.388,2.075,0,0.000,0.000,0.000,0.000,0.000,0.000,-0.002,-0.076
199.61,0.395,0,0.388,2.075,0,0.000,0.000,0.000,0.000,0.000,0.000,0.005,-0.084
199.81,0.380,0,0.388,2.075,0,0.000,0.000,0.000,0.000,0.000,0.000,-0.004,-0.068
200.01,0.380,0,0.391,2.051,0,0.000,0.000,0.000,0.000,0.000,0.000,-0.005,-0.074
200.21,0.375,0,0.391,2.051,0,0.000,0.000,0.000,0.000,0.000,0.000,-0.005,-0.074
200.41,0.394,0,0.404,2.068,0,0.000,0.000,0.000,0.000,0.000,0.000,0.001,-0.076
200.61,0.377,0,0.404,2.068,0,0.000,0.000,0.000,0.000,0.000,0.000,0.005,-0.084
200.81,0.379,0,0.404,2.068,0,0.000,0.000,0.000,0.000,0.000,0.000,-0.002,-0.072
201.01,0.379,0,0.389,2.096,0,0.000,0.000,0.000,0.000,0.000,0.000,-0.009,-0.060
201.21,0.380,0,0.389,2.096,0,0.000,0.000,0.000,0.000,0.000,0.000,-0.009,-0.060
201.41,0.380,0,0.391,2.101,0,0.000,0.000,0.000,0.000,0.000,0.000,-0.018,-0.061
201.61,0.379,0,0.391,2.101,0,0.000,0.000,0.000,0.000,0.000,0.000,-0.008,-0.062
201.81,0.395,0,0.391,2.101,0,0.000,0.000,0.000,0.000,0.000,0.000,-0.024,-0.072
202.01,0.395,0,0.405,2.102,0,0.000,0.000,0.000,0.000,0.000,0.000,-0.015,-0.064
202.21,0.375,0,0.405,2.102,0,0.000,0.000,0.000,0.000,0.000,0.000,-0.015,-0.064
202.41,0.375,0,0.385,2.092,0,0.000,0.000,0.000,0.000,0.000,0.000,-0.006,-0.064
202.61,0.377,0,0.385,2.092,0,0.000,0.000,0.000,0.000,0.000,0.000,-0.004,-0.074
202.81,0.377,0,0.385,2.092,0,0.000,0.000,0.000,0.000,0.000,0.000,-0.011,-0.064
203.01,0.379,0,0.389,2.113,0,0.000,0.000,0.000,0.000,0.000,0.000,-0.015,-0.076
203.21,0.377,0,0.389,2.113,0,0.000,0.000,0.000,0.000,0.000,0.000,-0.015,-0.076
203.41,0.380,0,0.391,2.132,0,0.000,0.000,0.000,0.000,0.000,0.000,-0.014,-0.067
203.61,0.380,0,0.391,2.132,0,0.000,0.000,0.000,0.000,0.000,0.000,-0.016,-0.061
203.81,0.380,0,0.391,2.132,0,0.000,0.000,0.000,0.000,0.000,0.000,-0.013,-0.078
204.01,0.375,0,0.386,2.135,0,0.000,0.000,0.000,0.000,0.000,0.000,-0.013,-0.078
204.21,0.380,0,0.386,2.135,0,0.000,0.000,0.000,0.000,0.000,0.000,-0.009,-0.063
204.41,0.379,0,0.389,2.153,0,0.000,0.000,0.000,0.000,0.000,0.000,0.003,-0.075
204.61,0.396,0,0.389,2.153,0,0.000,0.000,0.000,0.000,0.000,0.000,-0.001,-0.067
204.81,0.396,0,0.389,2.153,0,0.000,0.000,0.000,0.000,0.000,0.000,-0.003,-0.069
205.01,0.380,0,0.391,2.146,0,0.000,0.000,0.000,0.000,0.000,0.000,-0.003,-0.069
205.21,0.375,0,0.391,2.146,0,0.000,0.000,0.000,0.000,0.000,0.000,-0.004,-0.073
205.41,0.105,0,0.139,2.124,0,0.000,0.000,0.000,0.000,0.000,0.000,-0.012,-0.060
205.61,0.375,0,0.139,2.124,0,0.000,0.000,0.000,0.000,0.000,0.000,-0.021,-0.059
205.81,0.375,0,0.139,2.124,0,0.000,0.000,0.000,0.000,0.000,0.000,-0.006,-0.047
206.01,0.373,0,0.384,2.123,0,0.000,0.000,0.000,0.000,0.000,0.000,-0.006,-0.047
206.21,0.384,0,0.384,2.123,0,0.000,0.000,0.000,0.000,0.000,0.000,-0.004,-0.051
206.41,0.377,0,0.388,2.106,0,0.000,0.000,0.000,0.000,0.000,0.000,-0.014,-0.049
206.61,0.377,0,0.388,2.106,0,0.000,0.000,0.000,0.000,0.000,0.000,-0.011,-0.056
206.81,0.377,0,0.388,2.106,0,0.000,0.000,0.000,0.000,0.000,0.000,-0.020,-0.056
207.01,0.373,0,0.384,2.113,0,0.000,0.000,0.000,0.000,0.000,0.000,-0.020,-0.056
207.21,0.395,0,0.384,2.113,0,0.000,0.000,0.000,0.000,0.000,0.000,-0.009,-0.074
207.41,0.384,0,0.395,2.138,0,0.000,0.000,0.000,0.000,0.000,0.000,-0.011,-0.056
207.61,0.384,0,0.395,2.138,0,0.000,0.000,0.000,0.000,0.000,0.000,-0.013,-0.058
207.81,0.384,0,0.395,2.138,0,0.000,0.000,0.000,0.000,0.000,0.000,-0.013,-0.058
208.01,0.390,0,0.400,2.136,0,0.000,0.000,0.000,0.000,0.000,0.000,0.034,-0.029
208.21,0.106,0,0.400,2.136,0,0.000,0.000,0.000,0.000,0.000,0.000,0.064,0.010
208.41,0.366,0,0.377,0.423,1,0.000,0.000,0.000,0.000,0.000,0.000,0.019,0.009
208.61,0.366,0,0.377,0.423,1,0.000,0.000,0.000,0.000,0.000,0.000,0.027,0.025
208.81,0.105,0,0.377,0.423,1,0.000,0.000,0.000,0.000,0.000,0.000,0.027,0.025
209.01,0.105,0,0.388,0.433,1,0.000,0.000,0.000,0.000,0.000,0.000,-0.037,-0.016
209.21,0.105,0,0.388,0.433,1,0.000,0.000,0.000,0.000,0.000,0.000,-0.030,-0.034
209.41,0.105,0,0.387,0.436,1,0.000,0.000,0.000,0.000,0.000,0.000,-0.003,-0.022
209.61,0.105,0,0.387,0.436,1,0.000,0.000,0.000,0.000,0.000,0.000,0.029,0.031
209.81,0.105,0,0.387,0.436,1,0.000,0.000,0.000,0.000,0.000,0.000,0.029,0.031
210.01,0.106,0,0.405,0.467,1,0.000,0.000,0.000,0.000,0.000,0.000,-0.031,0.030
210.21,0.106,0,0.405,0.467,1,0.000,0.000,0.000,0.000,0.000,0.000,-0.051,-0.010
210.41,0.106,0,0.405,0.467,1,0.000,0.000,0.000,0.000,0.000,0.000,-0.054,0.005
210.61,0.105,0,0.405,0.467,1,0.000,0.000,0.000,0.000,0.000,0.000,-0.048,-0.009
210.81,0.105,0,0.405,0.467,1,0.000,0.000,0.000,0.000,0.000,0.000,-0.048,-0.009
211.01,0.105,0,2.420,0.468,0,0.000,0.000,0.000,0.000,0.000,0.000,-0.035,-0.013
211.21,0.418,0,2.420,0.468,0,0.000,0.000,0.000,0.000,0.000,0.000,-0.034,0.049
211.41,0.418,0,0.427,0.602,1,0.000,0.000,0.000,0.000,0.000,0.000,-0.044,0.035
211.61,0.415,0,0.427,0.602,1,0.000,0.000,0.000,0.000,0.000,0.000,-0.044,0.035
211.81,0.402,0,0.427,0.602,1,0.000,0.000,0.000,0.000,0.000,0.000,-0.062,0.067
212.01,0.394,0,3.581,0.861,0,0.000,0.000,0.000,0.000,0.000,0.000,-0.099,0.031
212.21,0.395,0,3.581,0.861,0,0.000,0.000,0.000,0.000,0.000,0.000,-0.079,0.029
212.41,0.395,0,3.578,0.897,0,0.000,0.000,0.000,0.000,0.000,0.000,-0.092,0.020
212.61,0.384,0,3.578,0.897,0,0.000,0.000,0.000,0.000,0.000,0.000,-0.092,0.020
212.81,0.393,0,3.578,0.897,0,0.000,0.000,0.000,0.000,0.000,0.000,-0.085,0.015
213.01,0.403,0,3.582,0.904,0,0.000,0.000,0.000,0.000,0.000,0.000,-0.091,0.019
213.21,0.394,0,3.582,0.904,0,0.000,0.000,0.000,0.000,0.000,0.000,-0.087,0.022
213.41,0.394,0,0.414,0.430,1,0.000,0.000,0.000,0.000,0.000,0.000,-0.136,0.078
213.61,0.392,0,0.414,0.430,1,0.000,0.000,0.000,0.000,0.000,0.000,-0.136,0.078
213.81,0.382,0,0.414,0.430,1,0.000,0.000,0.000,0.000,0.000,0.000,-0.101,0.063
214.01,0.105,0,0.400,0.434,1,0.000,0.000,0.000,0.000,0.000,0.000,-0.115,0.084
214.21,0.105,0,0.400,0.434,1,0.000,0.000,0.000,0.000,0.000,0.000,-0.154,0.096
214.41,0.107,0,0.399,0.452,1,0.000,0.000,0.000,0.000,0.000,0.000,-0.154,0.096
214.61,0.387,0,0.399,0.452,1,0.000,0.000,0.000,0.000,0.000,0.000,-0.143,0.058
214.81,0.105,0,0.399,0.452,1,0.000,0.000,0.000,0.000,0.000,0.000,-0.146,0.035
215.01,0.106,0,0.396,0.459,1,0.000,0.000,0.000,0.000,0.000,0.000,-0.135,0.010
215.21,0.106,0,0.396,0.459,1,0.000,0.000,0.000,0.000,0.000,0.000,-0.129,-0.005
215.41,0.105,0,0.413,0.453,1,0.000,0.000,0.000,0.000,0.000,0.000,-0.129,-0.005
215.61,0.105,0,0.413,0.453,1,0.000,0.000,0.000,0.000,0.000,0.000,-0.140,0.017
215.81,0.105,0,0.413,0.453,1,0.000,0.000,0.000,0.000,0.000,0.000,-0.132,0.008
216.01,0.105,0,0.345,0.435,1,0.000,0.000,0.000,0.000,0.000,0.000,-0.136,0.010
216.21,0.105,0,0.345,0.435,1,0.000,0.000,0.000,0.000,0.000,0.000,-0.133,0.013
216.41,0.105,0,0.344,0.427,1,0.000,0.000,0.000,0.000,0.000,0.000,-0.133,0.013
216.61,0.105,0,0.344,0.427,1,0.000,0.000,0.000,0.000,0.000,0.000,-0.131,0.011
216.81,0.105,0,0.344,0.427,1,0.000,0.000,0.000,0.000,0.000,0.000,-0.136,0.007
217.01,0.105,0,0.342,0.446,1,0.000,0.000,0.000,0.000,0.000,0.000,-0.143,0.021
217.21,0.105,0,0.342,0.446,1,0.000,0.000,0.000,0.000,0.000,0.000,-0.143,0.042
217.41,0.105,0,0.343,0.453,1,0.000,0.000,0.000,0.000,0.000,0.000,-0.143,0.042
217.61,0.106,0,0.343,0.453,1,0.000,0.000,0.000,0.000,0.000,0.000,-0.138,0.029
217.81,0.106,0,0.343,0.453,1,0.000,0.000,0.000,0.000,0.000,0.000,-0.170,0.035
218.01,0.106,0,0.335,0.473,1,0.000,0.000,0.000,0.000,0.000,0.000,-0.169,0.001
218.21,0.353,0,0.335,0.473,1,0.000,0.000,0.000,0.000,0.000,0.000,-0.169,0.001
218.41,0.380,0,0.391,0.476,1,0.000,0.000,0.000,0.000,0.000,0.000,-0.153,-0.031
218.61,0.394,0,0.391,0.476,1,0.000,0.000,0.000,0.000,0.000,0.000,-0.160,-0.024
218.81,0.418,0,0.391,0.476,1,0.000,0.000,0.000,0.000,0.000,0.000,-0.155,-0.044
219.01,0.418,0,0.428,0.485,1,0.000,0.000,0.000,0.000,0.000,0.000,-0.156,-0.037
219.21,0.423,0,0.428,0.485,1,0.000,0.000,0.000,0.000,0.000,0.000,-0.156,-0.037
219.41,0.416,0,0.426,0.492,1,0.000,0.000,0.000,0.000,0.000,0.000,-0.149,-0.036
219.61,0.395,0,0.426,0.492,1,0.000,0.000,0.000,0.000,0.000,0.000,-0.156,-0.027
219.81,0.389,0,0.426,0.492,1,0.000,0.000,0.000,0.000,0.000,0.000,-0.162,-0.017
220.01,0.389,0,0.399,0.492,1,0.000,0.000,0.000,0.000,0.000,0.000,-0.182,0.012
220.21,0.400,0,0.399,0.492,1,0.000,0.000,0.000,0.000,0.000,0.000,-0.182,0.012
220.41,0.105,0,0.431,0.492,1,0.000,0.000,0.000,0.000,0.000,0.000,-0.182,0.012
220.61,0.105,0,0.431,0.492,1,0.000,0.000,0.000,0.000,0.000,0.000,-0.182,0.012
220.81,0.105,0,0.431,0.492,1,0.000,0.000,0.000,0.000,0.000,0.000,-0.182,0.012
221.01,0.105,0,2.354,0.690,0,0.000,0.000,0.000,0.000,0.000,0.000,-0.182,0.012
221.21,0.105,0,2.354,0.690,0,0.000,0.000,0.000,0.000,0.000,0.000,-0.182,0.012
221.41,0.105,0,2.347,0.496,0,0.000,0.000,0.000,0.000,0.000,0.000,-0.182,0.012
221.61,0.105,0,2.347,0.496,0,0.000,0.000,0.000,0.000,0.000,0.000,-0.182,0.012
221.81,0.105,0,2.347,0.496,0,0.000,0.000,0.000,0.000,0.000,0.000,-0.178,0.009
222.01,0.105,0,2.349,0.490,0,0.000,0.000,0.000,0.000,0.000,0.000,-0.178,0.009
222.21,0.105,0,2.349,0.490,0,0.000,0.000,0.000,0.000,0.000,0.000,-0.177,0.008
222.41,0.105,0,2.343,2.248,1,0.000,0.000,0.000,0.000,0.000,0.000,-0.197,-0.001
222.61,0.105,0,2.343,2.248,1,0.000,0.000,0.000,0.000,0.000,0.000,-0.222,-0.007
222.81,0.105,0,2.343,2.248,1,0.000,0.000,0.000,0.000,0.000,0.000,-0.207,-0.016
223.01,0.105,0,2.356,2.171,1,0.000,0.000,0.000,0.000,0.000,0.000,-0.207,-0.016
223.21,0.390,0,2.356,2.171,1,0.000,0.000,0.000,0.000,0.000,0.000,-0.224,-0.005
223.41,0.405,0,2.354,1.575,0,0.000,0.000,0.000,0.000,0.000,0.000,-0.181,0.004
223.61,0.405,0,2.354,1.575,0,0.000,0.000,0.000,0.000,0.000,0.000,-0.174,-0.006
223.81,0.521,0,2.354,1.575,0,0.000,0.000,0.000,0.000,0.000,0.000,-0.181,-0.005
224.01,0.604,0,2.351,1.594,0,0.000,0.000,0.000,0.000,0.000,0.000,-0.181,-0.005
224.21,0.557,0,2.351,1.594,0,0.000,0.000,0.000,0.000,0.000,0.000,-0.175,-0.007
224.41,0.591,0,2.454,0.701,0,0.000,0.000,0.000,0.000,0.000,0.000,-0.255,-0.033
224.61,0.591,0,2.454,0.701,0,0.000,0.000,0.000,0.000,0.000,0.000,-0.237,-0.039
224.81,0.533,0,2.454,0.701,0,0.000,0.000,0.000,0.000,0.000,0.000,-0.237,-0.039
225.01,0.496,0,3.686,3.677,1,0.000,0.000,0.000,0.000,0.000,0.000,-0.190,-0.028
225.21,0.437,0,3.686,3.677,1,0.000,0.000,0.000,0.000,0.000,0.000,-0.177,-0.025
225.41,0.441,0,3.679,3.742,1,0.000,0.000,0.000,0.000,0.000,0.000,-0.181,-0.025
225.61,0.441,0,3.679,3.742,1,0.000,0.000,0.000,0.000,0.000,0.000,-0.186,-0.025
225.81,0.442,0,3.679,3.742,1,0.000,0.000,0.000,0.000,0.000,0.000,-0.186,-0.025
226.01,0.439,0,3.680,3.719,1,0.000,0.000,0.000,0.000,0.000,0.000,-0.185,-0.014
226.21,0.441,0,3.680,3.719,1,0.000,0.000,0.000,0.000,0.000,0.000,-0.211,-0.029
226.41,0.449,0,3.681,3.823,1,0.000,0.000,0.000,0.000,0.000,0.000,-0.211,-0.029
226.61,0.449,0,3.681,3.823,1,0.000,0.000,0.000,0.000,0.000,0.000,-0.211,-0.029
226.81,0.448,0,3.681,3.823,1,0.000,0.000,0.000,0.000,0.000,0.000,-0.211,-0.029
227.01,0.458,0,3.432,3.834,0,0.000,0.000,0.000,0.000,0.000,0.000,-0.211,-0.029
227.21,0.106,0,3.432,3.834,0,0.000,0.000,0.000,0.000,0.000,0.000,-0.211,-0.029
227.41,0.106,0,3.431,3.829,0,0.000,0.000,0.000,0.000,0.000,0.000,-0.211,-0.029
227.61,0.106,0,3.431,3.829,0,0.000,0.000,0.000,0.000,0.000,0.000,-0.211,-0.029
227.81,0.105,0,3.431,3.829,0,0.000,0.000,0.000,0.000,0.000,0.000,-0.211,-0.029
228.01,0.105,0,3.672,3.828,1,0.000,0.000,0.000,0.000,0.000,0.000,-0.213,-0.029
228.21,0.104,0,3.672,3.828,1,0.000,0.000,0.000,0.000,0.000,0.000,-0.212,-0.028
228.41,0.104,0,3.673,3.840,1,0.000,0.000,0.000,0.000,0.000,0.000,-0.211,-0.025
228.61,0.105,0,3.673,3.840,1,0.000,0.000,0.000,0.000,0.000,0.000,-0.211,-0.025
228.81,0.106,0,3.673,3.840,1,0.000,0.000,0.000,0.000,0.000,0.000,-0.200,0.008
229.01,0.461,0,3.661,3.790,1,0.000,0.000,0.000,0.000,0.000,0.000,-0.155,-0.005
229.21,0.451,0,3.661,3.790,1,0.000,0.000,0.000,0.000,0.000,0.000,-0.157,0.002
229.41,0.451,0,2.610,3.735,0,0.000,0.000,0.000,0.000,0.000,0.000,-0.210,-0.004
229.61,0.453,0,2.610,3.735,0,0.000,0.000,0.000,0.000,0.000,0.000,-0.210,-0.004
229.81,0.462,0,2.610,3.735,0,0.000,0.000,0.000,0.000,0.000,0.000,-0.210,-0.004
230.01,0.463,0,2.610,3.734,0,0.000,0.000,0.000,0.000,0.000,0.000,-0.210,-0.004
230.21,0.463,0,2.610,3.734,0,0.000,0.000,0.000,0.000,0.000,0.000,-0.210,-0.004
230.41,0.455,0,2.579,0.903,0,0.000,0.000,0.000,0.000,0.000,0.000,-0.210,-0.004
230.61,0.433,0,2.579,0.903,0,0.000,0.000,0.000,0.000,0.000,0.000,-0.210,-0.004
230.81,0.408,0,2.579,0.903,0,0.000,0.000,0.000,0.000,0.000,0.000,-0.210,-0.004
231.01,0.394,0,2.341,2.429,1,0.000,0.000,0.000,0.000,0.000,0.000,-0.210,-0.004
231.21,0.394,0,2.341,2.429,1,0.000,0.000,0.000,0.000,0.000,0.000,-0.271,0.002
231.41,0.105,0,2.339,2.414,1,0.000,0.000,0.000,0.000,0.000,0.000,-0.271,0.002
231.61,0.105,0,2.339,2.414,1,0.000,0.000,0.000,0.000,0.000,0.000,-0.262,-0.017
231.81,0.407,0,2.339,2.414,1,0.000,0.000,0.000,0.000,0.000,0.000,-0.264,-0.018
232.01,0.105,0,2.337,2.408,1,0.000,0.000,0.000,0.000,0.000,0.000,-0.266,-0.009
232.21,0.105,0,2.337,2.408,1,0.000,0.000,0.000,0.000,0.000,0.000,-0.209,0.018
232.41,0.376,0,2.328,0.462,0,0.000,0.000,0.000,0.000,0.000,0.000,-0.209,0.018
232.61,0.369,0,2.328,0.462,0,0.000,0.000,0.000,0.000,0.000,0.000,-0.209,0.018
232.81,0.345,0,2.328,0.462,0,0.000,0.000,0.000,0.000,0.000,0.000,-0.209,0.018
233.01,0.345,0,0.356,0.458,1,0.000,0.000,0.000,0.000,0.000,0.000,-0.209,0.018
233.21,0.359,0,0.356,0.458,1,0.000,0.000,0.000,0.000,0.000,0.000,-0.209,0.018
233.41,0.106,0,0.365,0.451,1,0.000,0.000,0.000,0.000,0.000,0.000,-0.209,0.018
233.61,0.361,0,0.365,0.451,1,0.000,0.000,0.000,0.000,0.000,0.000,-0.209,0.018
233.81,0.335,0,0.365,0.451,1,0.000,0.000,0.000,0.000,0.000,0.000,-0.209,0.018
234.01,0.335,0,0.347,0.461,1,0.000,0.000,0.000,0.000,0.000,0.000,-0.214,0.013
234.21,0.105,0,0.347,0.461,1,0.000,0.000,0.000,0.000,0.000,0.000,-0.214,0.013
234.41,0.380,0,0.391,0.471,1,0.000,0.000,0.000,0.000,0.000,0.000,-0.210,0.014
234.61,0.105,0,0.391,0.471,1,0.000,0.000,0.000,0.000,0.000,0.000,-0.216,0.011
234.81,0.107,0,0.391,0.471,1,0.000,0.000,0.000,0.000,0.000,0.000,-0.211,0.011
235.01,0.107,0,0.421,0.485,1,0.000,0.000,0.000,0.000,0.000,0.000,-0.180,-0.005
235.21,0.411,0,0.421,0.485,1,0.000,0.000,0.000,0.000,0.000,0.000,-0.180,-0.005
235.41,0.104,0,0.427,0.487,1,0.000,0.000,0.000,0.000,0.000,0.000,-0.135,0.025
235.61,0.421,0,0.427,0.487,1,0.000,0.000,0.000,0.000,0.000,0.000,-0.142,0.018
235.81,0.421,0,0.427,0.487,1,0.000,0.000,0.000,0.000,0.000,0.000,-0.168,0.025
236.01,0.432,0,0.441,0.499,1,0.000,0.000,0.000,0.000,0.000,0.000,-0.168,0.025
236.21,0.467,0,0.441,0.499,1,0.000,0.000,0.000,0.000,0.000,0.000,-0.176,0.029
236.41,0.470,0,0.535,0.479,1,0.000,0.000,0.000,0.000,0.000,0.000,-0.169,0.026
236.61,0.481,0,0.535,0.479,1,0.000,0.000,0.000,0.000,0.000,0.000,-0.170,0.025
236.81,0.481,0,0.535,0.479,1,0.000,0.000,0.000,0.000,0.000,0.000,-0.176,0.020
237.01,0.477,0,0.597,0.656,1,0.000,0.000,0.000,0.000,0.000,0.000,-0.176,0.020
237.21,0.472,0,0.597,0.656,1,0.000,0.000,0.000,0.000,0.000,0.000,-0.167,0.027
237.41,0.475,0,0.543,0.562,1,0.000,0.000,0.000,0.000,0.000,0.000,-0.163,0.017
237.61,0.456,0,0.543,0.562,1,0.000,0.000,0.000,0.000,0.000,0.000,-0.181,0.032
237.81,0.456,0,0.543,0.562,1,0.000,0.000,0.000,0.000,0.000,0.000,-0.179,0.032
238.01,0.472,0,0.506,0.514,1,0.000,0.000,0.000,0.000,0.000,0.000,-0.179,0.032
238.21,0.467,0,0.506,0.514,1,0.000,0.000,0.000,0.000,0.000,0.000,-0.176,0.028
238.41,0.472,0,0.489,0.530,1,0.000,0.000,0.000,0.000,0.000,0.000,-0.179,0.028
238.61,0.472,0,0.489,0.530,1,0.000,0.000,0.000,0.000,0.000,0.000,-0.174,0.030
238.81,0.472,0,0.489,0.530,1,0.000,0.000,0.000,0.000,0.000,0.000,-0.179,0.034
239.01,0.474,0,0.485,0.504,1,0.000,0.000,0.000,0.000,0.000,0.000,-0.179,0.034
239.21,0.474,0,0.485,0.504,1,0.000,0.000,0.000,0.000,0.000,0.000,-0.171,0.029
239.41,0.477,0,0.504,0.581,1,0.000,0.000,0.000,0.000,0.000,0.000,-0.175,0.035
239.61,0.477,0,0.504,0.581,1,0.000,0.000,0.000,0.000,0.000,0.000,-0.184,0.039
239.81,0.472,0,0.504,0.581,1,0.000,0.000,0.000,0.000,0.000,0.000,-0.184,0.039
240.01,0.477,0,0.568,1.557,0,0.000,0.000,0.000,0.000,0.000,0.000,-0.180,0.040
240.21,0.472,0,0.568,1.557,0,0.000,0.000,0.000,0.000,0.000,0.000,-0.173,0.029
240.41,0.472,0,0.876,1.554,0,0.000,0.000,0.000,0.000,0.000,0.000,-0.172,0.032
240.61,0.472,0,0.876,1.554,0,0.000,0.000,0.000,0.000,0.000,0.000,-0.175,0.034
240.81,0.475,0,0.876,1.554,0,0.000,0.000,0.000,0.000,0.000,0.000,-0.175,0.034
241.01,0.488,0,2.362,1.553,0,0.000,0.000,0.000,0.000,0.000,0.000,-0.176,0.024
241.21,0.486,0,2.362,1.553,0,0.000,0.000,0.000,0.000,0.000,0.000,-0.179,0.027
241.41,0.486,0,0.881,1.556,0,0.000,0.000,0.000,0.000,0.000,0.000,-0.175,0.031
241.61,0.479,0,0.881,1.556,0,0.000,0.000,0.000,0.000,0.000,0.000,-0.175,0.031
241.81,0.477,0,0.881,1.556,0,0.000,0.000,0.000,0.000,0.000,0.000,-0.180,0.036
242.01,0.472,0,0.875,1.552,0,0.000,0.000,0.000,0.000,0.000,0.000,-0.166,0.027
242.21,0.470,0,0.875,1.552,0,0.000,0.000,0.000,0.000,0.000,0.000,-0.167,0.024
242.41,0.470,0,0.878,1.553,0,0.000,0.000,0.000,0.000,0.000,0.000,-0.175,0.032
242.61,0.470,0,0.878,1.553,0,0.000,0.000,0.000,0.000,0.000,0.000,-0.175,0.032
242.81,0.479,0,0.878,1.553,0,0.000,0.000,0.000,0.000,0.000,0.000,-0.173,0.030
243.01,0.475,0,0.877,1.555,0,0.000,0.000,0.000,0.000,0.000,0.000,-0.168,0.024
243.21,0.475,0,0.877,1.555,0,0.000,0.000,0.000,0.000,0.000,0.000,-0.166,0.016
243.41,0.475,0,0.875,1.553,0,0.000,0.000,0.000,0.000,0.000,0.000,-0.172,0.016
243.61,0.757,0,0.875,1.553,0,0.000,0.000,0.000,0.000,0.000,0.000,-0.172,0.016
243.81,0.481,0,0.875,1.553,0,0.000,0.000,0.000,0.000,0.000,0.000,-0.165,0.020
244.01,0.475,0,0.876,1.555,0,0.000,0.000,0.000,0.000,0.000,0.000,-0.164,0.013
244.21,0.475,0,0.876,1.555,0,0.000,0.000,0.000,0.000,0.000,0.000,-0.170,0.018
244.41,0.475,0,0.876,1.553,0,0.000,0.000,0.000,0.000,0.000,0.000,-0.170,0.018
244.61,0.477,0,0.876,1.553,0,0.000,0.000,0.000,0.000,0.000,0.000,-0.163,0.020
244.81,0.470,0,0.876,1.553,0,0.000,0.000,0.000,0.000,0.000,0.000,-0.175,0.011
245.01,0.470,0,0.876,1.553,0,0.000,0.000,0.000,0.000,0.000,0.000,-0.176,0.020
245.21,0.470,0,0.876,1.553,0,0.000,0.000,0.000,0.000,0.000,0.000,-0.179,0.022
245.41,0.477,0,0.877,1.553,0,0.000,0.000,0.000,0.000,0.000,0.000,-0.179,0.022
245.61,0.470,0,0.877,1.553,0,0.000,0.000,0.000,0.000,0.000,0.000,-0.165,0.031
245.81,0.484,0,0.877,1.553,0,0.000,0.000,0.000,0.000,0.000,0.000,-0.175,0.026
246.01,0.484,0,0.881,1.554,0,0.000,0.000,0.000,0.000,0.000,0.000,-0.166,0.016
246.21,0.474,0,0.881,1.554,0,0.000,0.000,0.000,0.000,0.000,0.000,-0.175,0.026
246.41,0.481,0,0.875,1.553,0,0.000,0.000,0.000,0.000,0.000,0.000,-0.175,0.026
246.61,0.484,0,0.875,1.553,0,0.000,0.000,0.000,0.000,0.000,0.000,-0.163,0.022
246.81,0.472,0,0.875,1.553,0,0.000,0.000,0.000,0.000,0.000,0.000,-0.169,0.023
247.01,0.472,0,0.873,1.554,0,0.000,0.000,0.000,0.000,0.000,0.000,-0.171,0.022
247.21,0.479,0,0.873,1.554,0,0.000,0.000,0.000,0.000,0.000,0.000,-0.171,0.022
247.41,0.475,0,0.881,1.556,0,0.000,0.000,0.000,0.000,0.000,0.000,-0.169,0.029
247.61,0.475,0,0.881,1.556,0,0.000,0.000,0.000,0.000,0.000,0.000,-0.181,0.024
247.81,0.474,0,0.881,1.556,0,0.000,0.000,0.000,0.000,0.000,0.000,-0.176,0.025
248.01,0.474,0,0.877,1.550,0,0.000,0.000,0.000,0.000,0.000,0.000,-0.165,0.018
248.21,0.475,0,0.877,1.550,0,0.000,0.000,0.000,0.000,0.000,0.000,-0.165,0.018
248.41,0.477,0,0.877,1.551,0,0.000,0.000,0.000,0.000,0.000,0.000,-0.167,0.024
248.61,0.479,0,0.877,1.551,0,0.000,0.000,0.000,0.000,0.000,0.000,-0.170,0.026
248.81,0.479,0,0.877,1.551,0,0.000,0.000,0.000,0.000,0.000,0.000,-0.176,0.030
249.01,0.477,0,0.876,1.553,0,0.000,0.000,0.000,0.000,0.000,0.000,-0.178,0.030
249.21,0.479,0,0.876,1.553,0,0.000,0.000,0.000,0.000,0.000,0.000,-0.178,0.030
249.41,0.470,0,0.873,1.553,0,0.000,0.000,0.000,0.000,0.000,0.000,-0.170,0.033
249.61,0.472,0,0.873,1.553,0,0.000,0.000,0.000,0.000,0.000,0.000,-0.181,0.033
249.81,0.472,0,0.873,1.553,0,0.000,0.000,0.000,0.000,0.000,0.000,-0.177,0.027
250.01,0.479,0,0.876,1.555,0,0.000,0.000,0.000,0.000,0.000,0.000,-0.177,0.027
250.21,0.472,0,0.876,1.555,0,0.000,0.000,0.000,0.000,0.000,0.000,-0.171,0.025
250.41,0.472,0,0.875,1.553,0,0.000,0.000,0.000,0.000,0.000,0.000,-0.178,0.025
250.61,0.470,0,0.875,1.553,0,0.000,0.000,0.000,0.000,0.000,0.000,-0.173,0.023
250.81,0.470,0,0.875,1.553,0,0.000,0.000,0.000,0.000,0.000,0.000,-0.175,0.028
251.01,0.474,0,0.872,1.553,0,0.000,0.000,0.000,0.000,0.000,0.000,-0.175,0.028
251.21,0.475,0,0.872,1.553,0,0.000,0.000,0.000,0.000,0.000,0.000,-0.177,0.028
251.41,0.475,0,0.876,1.554,0,0.000,0.000,0.000,0.000,0.000,0.000,-0.183,0.027
251.61,0.475,0,0.876,1.554,0,0.000,0.000,0.000,0.000,0.000,0.000,-0.175,0.025
251.81,0.488,0,0.876,1.554,0,0.000,0.000,0.000,0.000,0.000,0.000,-0.175,0.025
252.01,0.486,0,0.874,1.549,0,0.000,0.000,0.000,0.000,0.000,0.000,-0.169,0.032
252.21,0.470,0,0.874,1.549,0,0.000,0.000,0.000,0.000,0.000,0.000,-0.171,0.023
252.41,0.758,0,0.875,1.551,0,0.000,0.000,0.000,0.000,0.000,0.000,-0.177,0.029
252.61,0.758,0,0.875,1.551,0,0.000,0.000,0.000,0.000,0.000,0.000,-0.169,0.022
252.81,0.470,0,0.875,1.551,0,0.000,0.000,0.000,0.000,0.000,0.000,-0.169,0.022
253.01,0.470,0,0.875,1.552,0,0.000,0.000,0.000,0.000,0.000,0.000,-0.176,0.031
253.21,0.488,0,0.875,1.552,0,0.000,0.000,0.000,0.000,0.000,0.000,-0.172,0.029
253.41,0.486,0,0.875,1.554,0,0.000,0.000,0.000,0.000,0.000,0.000,-0.173,0.021
253.61,0.486,0,0.875,1.554,0,0.000,0.000,0.000,0.000,0.000,0.000,-0.175,0.022
253.81,0.479,0,0.875,1.554,0,0.000,0.000,0.000,0.000,0.000,0.000,-0.175,0.022
254.01,0.486,0,2.361,1.555,0,0.000,0.000,0.000,0.000,0.000,0.000,-0.178,0.034
254.21,0.481,0,2.361,1.555,0,0.000,0.000,0.000,0.000,0.000,0.000,-0.179,0.027
254.41,0.481,0,0.877,1.552,0,0.000,0.000,0.000,0.000,0.000,0.000,-0.174,0.023
254.61,0.479,0,0.877,1.552,0,0.000,0.000,0.000,0.000,0.000,0.000,-0.174,0.023
254.81,0.475,0,0.877,1.552,0,0.000,0.000,0.000,0.000,0.000,0.000,-0.173,0.030
255.01,0.470,0,0.876,1.553,0,0.000,0.000,0.000,0.000,0.000,0.000,-0.159,0.020
255.21,0.475,0,0.876,1.553,0,0.000,0.000,0.000,0.000,0.000,0.000,-0.169,0.021
255.41,0.475,0,0.876,1.550,0,0.000,0.000,0.000,0.000,0.000,0.000,-0.170,0.027
255.61,0.488,0,0.876,1.550,0,0.000,0.000,0.000,0.000,0.000,0.000,-0.170,0.027
255.81,0.470,0,0.876,1.550,0,0.000,0.000,0.000,0.000,0.000,0.000,-0.167,0.030
256.01,0.481,0,0.877,1.550,0,0.000,0.000,0.000,0.000,0.000,0.000,-0.175,0.032
256.21,0.481,0,0.877,1.550,0,0.000,0.000,0.000,0.000,0.000,0.000,-0.173,0.031
256.41,0.757,0,0.874,1.553,0,0.000,0.000,0.000,0.000,0.000,0.000,-0.180,0.022
256.61,0.484,0,0.874,1.553,0,0.000,0.000,0.000,0.000,0.000,0.000,-0.180,0.022
256.81,0.757,0,0.874,1.553,0,0.000,0.000,0.000,0.000,0.000,0.000,-0.170,0.027
257.01,0.475,0,0.886,1.552,0,0.000,0.000,0.000,0.000,0.000,0.000,-0.170,0.022
257.21,0.475,0,0.886,1.552,0,0.000,0.000,0.000,0.000,0.000,0.000,-0.163,0.024
257.41,0.477,0,0.876,1.554,0,0.000,0.000,0.000,0.000,0.000,0.000,-0.163,0.024
257.61,0.481,0,0.876,1.554,0,0.000,0.000,0.000,0.000,0.000,0.000,-0.176,0.032
257.81,0.470,0,0.876,1.554,0,0.000,0.000,0.000,0.000,0.000,0.000,-0.165,0.027
258.01,0.488,0,0.877,1.550,0,0.000,0.000,0.000,0.000,0.000,0.000,-0.167,0.020
258.21,0.488,0,0.877,1.550,0,0.000,0.000,0.000,0.000,0.000,0.000,-0.173,0.027
258.41,0.486,0,0.881,1.549,0,0.000,0.000,0.000,0.000,0.000,0.000,-0.173,0.027
258.61,0.757,0,0.881,1.549,0,0.000,0.000,0.000,0.000,0.000,0.000,-0.172,0.035
258.81,0.756,0,0.881,1.549,0,0.000,0.000,0.000,0.000,0.000,0.000,-0.178,0.036
259.01,0.756,0,0.876,1.550,0,0.000,0.000,0.000,0.000,0.000,0.000,-0.170,0.021
259.21,0.474,0,0.876,1.550,0,0.000,0.000,0.000,0.000,0.000,0.000,-0.177,0.027
259.41,0.486,0,0.881,1.554,0,0.000,0.000,0.000,0.000,0.000,0.000,-0.177,0.027
259.61,0.757,0,0.881,1.554,0,0.000,0.000,0.000,0.000,0.000,0.000,-0.178,0.032
259.81,0.472,0,0.881,1.554,0,0.000,0.000,0.000,0.000,0.000,0.000,-0.167,0.017
260.01,0.472,0,0.875,1.553,0,0.000,0.000,0.000,0.000,0.000,0.000,-0.175,0.022
260.21,0.477,0,0.875,1.553,0,0.000,0.000,0.000,0.000,0.000,0.000,-0.175,0.022
260.41,0.479,0,0.877,1.554,0,0.000,0.000,0.000,0.000,0.000,0.000,-0.180,0.027
260.61,0.470,0,0.877,1.554,0,0.000,0.000,0.000,0.000,0.000,0.000,-0.173,0.025
260.81,0.475,0,0.877,1.554,0,0.000,0.000,0.000,0.000,0.000,0.000,-0.178,0.020
261.01,0.475,0,0.876,1.555,0,0.000,0.000,0.000,0.000,0.000,0.000,-0.180,0.030
261.21,0.477,0,0.876,1.555,0,0.000,0.000,0.000,0.000,0.000,0.000,-0.180,0.030
261.41,0.474,0,0.875,1.553,0,0.000,0.000,0.000,0.000,0.000,0.000,-0.169,0.029
261.61,0.475,0,0.875,1.553,0,0.000,0.000,0.000,0.000,0.000,0.000,-0.171,0.016
261.81,0.475,0,0.875,1.553,0,0.000,0.000,0.000,0.000,0.000,0.000,-0.172,0.031
262.01,0.756,0,0.876,1.554,0,0.000,0.000,0.000,0.000,0.000,0.000,-0.172,0.031
262.21,0.470,0,0.876,1.554,0,0.000,0.000,0.000,0.000,0.000,0.000,-0.173,0.027
262.41,0.481,0,2.371,1.553,0,0.000,0.000,0.000,0.000,0.000,0.000,-0.166,0.027
262.61,0.488,0,2.371,1.553,0,0.000,0.000,0.000,0.000,0.000,0.000,-0.166,0.023
262.81,0.488,0,2.371,1.553,0,0.000,0.000,0.000,0.000,0.000,0.000,-0.166,0.018
263.01,0.474,0,0.881,1.556,0,0.000,0.000,0.000,0.000,0.000,0.000,-0.166,0.018
263.21,0.479,0,0.881,1.556,0,0.000,0.000,0.000,0.000,0.000,0.000,-0.174,0.027
263.41,0.475,0,0.876,1.552,0,0.000,0.000,0.000,0.000,0.000,0.000,-0.169,0.021
263.61,0.475,0,0.876,1.552,0,0.000,0.000,0.000,0.000,0.000,0.000,-0.170,0.021
263.81,0.477,0,0.876,1.552,0,0.000,0.000,0.000,0.000,0.000,0.000,-0.164,0.020
264.01,0.488,0,0.875,1.553,0,0.000,0.000,0.000,0.000,0.000,0.000,-0.164,0.020
264.21,0.479,0,0.875,1.553,0,0.000,0.000,0.000,0.000,0.000,0.000,-0.165,0.019
264.41,0.477,0,0.879,1.552,0,0.000,0.000,0.000,0.000,0.000,0.000,-0.170,0.029
264.61,0.477,0,0.879,1.552,0,0.000,0.000,0.000,0.000,0.000,0.000,-0.172,0.018
264.81,0.484,0,0.879,1.552,0,0.000,0.000,0.000,0.000,0.000,0.000,-0.172,0.018
265.01,0.486,0,0.886,1.549,0,0.000,0.000,0.000,0.000,0.000,0.000,-0.178,0.025
265.21,0.470,0,0.886,1.549,0,0.000,0.000,0.000,0.000,0.000,0.000,-0.159,0.025
265.41,0.486,0,0.875,1.555,0,0.000,0.000,0.000,0.000,0.000,0.000,-0.168,0.019
265.61,0.486,0,0.875,1.555,0,0.000,0.000,0.000,0.000,0.000,0.000,-0.172,0.027
265.81,0.470,0,0.875,1.555,0,0.000,0.000,0.000,0.000,0.000,0.000,-0.172,0.027
266.01,0.477,0,0.877,1.554,0,0.000,0.000,0.000,0.000,0.000,0.000,-0.173,0.022
266.21,0.759,0,0.877,1.554,0,0.000,0.000,0.000,0.000,0.000,0.000,-0.173,0.026
266.41,0.759,0,0.875,1.552,0,0.000,0.000,0.000,0.000,0.000,0.000,-0.164,0.016
266.61,0.479,0,0.875,1.552,0,0.000,0.000,0.000,0.000,0.000,0.000,-0.164,0.016
266.81,0.486,0,0.875,1.552,0,0.000,0.000,0.000,0.000,0.000,0.000,-0.170,0.020
267.01,0.472,0,0.875,1.551,0,0.000,0.000,0.000,0.000,0.000,0.000,-0.175,0.030
267.21,0.475,0,0.875,1.551,0,0.000,0.000,0.000,0.000,0.000,0.000,-0.173,0.028
267.41,0.475,0,0.876,1.551,0,0.000,0.000,0.000,0.000,0.000,0.000,-0.168,0.025
267.61,0.472,0,0.876,1.551,0,0.000,0.000,0.000,0.000,0.000,0.000,-0.168,0.025
267.81,0.481,0,0.876,1.551,0,0.000,0.000,0.000,0.000,0.000,0.000,-0.177,0.028
268.01,0.474,0,0.889,1.554,0,0.000,0.000,0.000,0.000,0.000,0.000,-0.168,0.032
268.21,0.474,0,0.889,1.554,0,0.000,0.000,0.000,0.000,0.000,0.000,-0.166,0.021
268.41,0.470,0,0.887,1.556,0,0.000,0.000,0.000,0.000,0.000,0.000,-0.169,0.023
268.61,0.475,0,0.887,1.556,0,0.000,0.000,0.000,0.000,0.000,0.000,-0.169,0.023
268.81,0.470,0,0.887,1.556,0,0.000,0.000,0.000,0.000,0.000,0.000,-0.175,0.027
269.01,0.470,0,0.874,1.557,0,0.000,0.000,0.000,0.000,0.000,0.000,-0.163,0.025
269.21,0.470,0,0.874,1.557,0,0.000,0.000,0.000,0.000,0.000,0.000,-0.168,0.024
269.41,0.756,0,0.874,1.553,0,0.000,0.000,0.000,0.000,0.000,0.000,-0.168,0.024
269.61,0.486,0,0.874,1.553,0,0.000,0.000,0.000,0.000,0.000,0.000,-0.166,0.021
269.81,0.475,0,0.874,1.553,0,0.000,0.000,0.000,0.000,0.000,0.000,-0.169,0.021
270.01,0.482,0,0.877,1.556,0,0.000,0.000,0.000,0.000,0.000,0.000,-0.164,0.022
270.21,0.482,0,0.877,1.556,0,0.000,0.000,0.000,0.000,0.000,0.000,-0.171,0.018
270.41,0.475,0,0.874,1.555,0,0.000,0.000,0.000,0.000,0.000,0.000,-0.171,0.018
270.61,0.488,0,0.874,1.555,0,0.000,0.000,0.000,0.000,0.000,0.000,-0.173,0.018
270.81,0.477,0,0.874,1.555,0,0.000,0.000,0.000,0.000,0.000,0.000,-0.167,0.025
271.01,0.477,0,2.354,1.552,0,0.000,0.000,0.000,0.000,0.000,0.000,-0.167,0.019
271.21,0.477,0,2.354,1.552,0,0.000,0.000,0.000,0.000,0.000,0.000,-0.167,0.019
271.41,0.472,0,0.876,1.557,0,0.000,0.000,0.000,0.000,0.000,0.000,-0.167,0.027
271.61,0.470,0,0.876,1.557,0,0.000,0.000,0.000,0.000,0.000,0.000,-0.182,0.032
271.81,0.474,0,0.876,1.557,0,0.000,0.000,0.000,0.000,0.000,0.000,-0.175,0.031
272.01,0.474,0,0.874,1.554,0,0.000,0.000,0.000,0.000,0.000,0.000,-0.178,0.022
272.21,0.477,0,0.874,1.554,0,0.000,0.000,0.000,0.000,0.000,0.000,-0.178,0.022
272.41,0.481,0,0.881,1.553,0,0.000,0.000,0.000,0.000,0.000,0.000,-0.174,0.034
272.61,0.470,0,0.881,1.553,0,0.000,0.000,0.000,0.000,0.000,0.000,-0.176,0.029
272.81,0.470,0,0.881,1.553,0,0.000,0.000,0.000,0.000,0.000,0.000,-0.163,0.018
273.01,0.758,0,0.879,1.547,0,0.000,0.000,0.000,0.000,0.000,0.000,-0.166,0.016
273.21,0.472,0,0.879,1.547,0,0.000,0.000,0.000,0.000,0.000,0.000,-0.166,0.016
273.41,0.477,0,0.874,1.553,0,0.000,0.000,0.000,0.000,0.000,0.000,-0.166,0.019
273.61,0.472,0,0.874,1.553,0,0.000,0.000,0.000,0.000,0.000,0.000,-0.171,0.026
273.81,0.472,0,0.874,1.553,0,0.000,0.000,0.000,0.000,0.000,0.000,-0.165,0.021
274.01,0.755,0,0.881,1.555,0,0.000,0.000,0.000,0.000,0.000,0.000,-0.165,0.021
274.21,0.475,0,0.881,1.555,0,0.000,0.000,0.000,0.000,0.000,0.000,-0.170,0.023
274.41,0.486,0,0.872,1.552,0,0.000,0.000,0.000,0.000,0.000,0.000,-0.183,0.034
274.61,0.481,0,0.872,1.552,0,0.000,0.000,0.000,0.000,0.000,0.000,-0.170,0.020
274.81,0.481,0,0.872,1.552,0,0.000,0.000,0.000,0.000,0.000,0.000,-0.169,0.021
275.01,0.479,0,0.876,1.554,0,0.000,0.000,0.000,0.000,0.000,0.000,-0.169,0.021
275.21,0.757,0,0.876,1.554,0,0.000,0.000,0.000,0.000,0.000,0.000,-0.173,0.020
275.41,0.477,0,0.875,1.553,0,0.000,0.000,0.000,0.000,0.000,0.000,-0.169,0.028
275.61,0.477,0,0.875,1.553,0,0.000,0.000,0.000,0.000,0.000,0.000,-0.168,0.013
275.81,0.477,0,0.875,1.553,0,0.000,0.000,0.000,0.000,0.000,0.000,-0.168,0.013
276.01,0.472,0,0.873,1.558,0,0.000,0.000,0.000,0.000,0.000,0.000,-0.175,0.034
276.21,0.486,0,0.873,1.558,0,0.000,0.000,0.000,0.000,0.000,0.000,-0.171,0.018
276.41,0.472,0,0.885,1.559,0,0.000,0.000,0.000,0.000,0.000,0.000,-0.171,0.029
276.61,0.472,0,0.885,1.559,0,0.000,0.000,0.000,0.000,0.000,0.000,-0.164,0.013
276.81,0.481,0,0.885,1.559,0,0.000,0.000,0.000,0.000,0.000,0.000,-0.164,0.013
277.01,0.475,0,0.877,1.559,0,0.000,0.000,0.000,0.000,0.000,0.000,-0.165,0.020
277.21,0.475,0,0.877,1.559,0,0.000,0.000,0.000,0.000,0.000,0.000,-0.176,0.027
277.41,0.475,0,0.873,1.562,0,0.000,0.000,0.000,0.000,0.000,0.000,-0.160,0.016
277.61,0.475,0,0.873,1.562,0,0.000,0.000,0.000,0.000,0.000,0.000,-0.160,0.016
277.81,0.481,0,0.873,1.562,0,0.000,0.000,0.000,0.000,0.000,0.000,-0.170,0.018
278.01,0.474,0,0.879,1.576,0,0.000,0.000,0.000,0.000,0.000,0.000,-0.169,0.023
278.21,0.472,0,0.879,1.576,0,0.000,0.000,0.000,0.000,0.000,0.000,-0.157,0.014
278.41,0.472,0,0.876,0.950,1,0.000,0.000,0.000,0.000,0.000,0.000,-0.170,0.022
278.61,0.475,0,0.876,0.950,1,0.000,0.000,0.000,0.000,0.000,0.000,-0.170,0.022
278.81,0.486,0,0.876,0.950,1,0.000,0.000,0.000,0.000,0.000,0.000,-0.165,0.018
279.01,0.479,0,0.716,0.651,1,0.000,0.000,0.000,0.000,0.000,0.000,-0.169,0.025
279.21,0.479,0,0.716,0.651,1,0.000,0.000,0.000,0.000,0.000,0.000,-0.175,0.038
279.41,0.638,0,0.644,0.525,1,0.000,0.000,0.000,0.000,0.000,0.000,-0.172,0.014
279.61,0.474,0,0.644,0.525,1,0.000,0.000,0.000,0.000,0.000,0.000,-0.172,0.014
279.81,0.475,0,0.644,0.525,1,0.000,0.000,0.000,0.000,0.000,0.000,-0.164,0.020
280.01,0.470,0,0.723,0.847,1,0.000,0.000,0.000,0.000,0.000,0.000,-0.164,0.012
280.21,0.470,0,0.723,0.847,1,0.000,0.000,0.000,0.000,0.000,0.000,-0.166,0.015
280.41,0.470,0,0.875,1.156,0,0.000,0.000,0.000,0.000,0.000,0.000,-0.166,0.015
280.61,0.475,0,0.875,1.156,0,0.000,0.000,0.000,0.000,0.000,0.000,-0.166,0.012
280.81,0.756,0,0.875,1.156,0,0.000,0.000,0.000,0.000,0.000,0.000,-0.168,0.021
281.01,0.481,0,0.878,1.514,0,0.000,0.000,0.000,0.000,0.000,0.000,-0.165,0.024
281.21,0.481,0,0.878,1.514,0,0.000,0.000,0.000,0.000,0.000,0.000,-0.164,0.017
281.41,0.486,0,0.874,1.557,0,0.000,0.000,0.000,0.000,0.000,0.000,-0.164,0.017
281.61,0.486,0,0.874,1.557,0,0.000,0.000,0.000,0.000,0.000,0.000,-0.166,0.013
281.81,0.475,0,0.874,1.557,0,0.000,0.000,0.000,0.000,0.000,0.000,-0.166,0.009
282.01,0.475,0,0.884,1.557,0,0.000,0.000,0.000,0.000,0.000,0.000,-0.163,0.025
282.21,0.475,0,0.884,1.557,0,0.000,0.000,0.000,0.000,0.000,0.000,-0.163,0.025
282.41,0.479,0,0.876,1.566,0,0.000,0.000,0.000,0.000,0.000,0.000,-0.167,0.017
282.61,0.754,0,0.876,1.566,0,0.000,0.000,0.000,0.000,0.000,0.000,-0.174,0.015
282.81,0.472,0,0.876,1.566,0,0.000,0.000,0.000,0.000,0.000,0.000,-0.172,0.017
283.01,0.472,0,0.877,1.560,0,0.000,0.000,0.000,0.000,0.000,0.000,-0.166,0.016
283.21,0.477,0,0.877,1.560,0,0.000,0.000,0.000,0.000,0.000,0.000,-0.166,0.016
283.41,0.470,0,0.884,1.561,0,0.000,0.000,0.000,0.000,0.000,0.000,-0.170,0.016
283.61,0.470,0,0.884,1.561,0,0.000,0.000,0.000,0.000,0.000,0.000,-0.171,0.019
283.81,0.470,0,0.884,1.561,0,0.000,0.000,0.000,0.000,0.000,0.000,-0.179,0.036
284.01,0.479,0,0.885,1.558,0,0.000,0.000,0.000,0.000,0.000,0.000,-0.179,0.036
284.21,0.488,0,0.885,1.558,0,0.000,0.000,0.000,0.000,0.000,0.000,-0.170,0.030
284.41,0.486,0,0.876,1.553,0,0.000,0.000,0.000,0.000,0.000,0.000,-0.165,0.015
284.61,0.481,0,0.876,1.553,0,0.000,0.000,0.000,0.000,0.000,0.000,-0.176,0.025
284.81,0.481,0,0.876,1.553,0,0.000,0.000,0.000,0.000,0.000,0.000,-0.171,0.018
285.01,0.472,0,0.885,1.555,0,0.000,0.000,0.000,0.000,0.000,0.000,-0.171,0.018
285.21,0.472,0,0.885,1.555,0,0.000,0.000,0.000,0.000,0.000,0.000,-0.163,0.012
285.41,0.475,0,0.876,1.542,0,0.000,0.000,0.000,0.000,0.000,0.000,-0.168,0.020
285.61,0.475,0,0.876,1.542,0,0.000,0.000,0.000,0.000,0.000,0.000,-0.170,0.024
285.81,0.474,0,0.876,1.542,0,0.000,0.000,0.000,0.000,0.000,0.000,-0.166,0.020
286.01,0.479,0,0.880,1.554,0,0.000,0.000,0.000,0.000,0.000,0.000,-0.166,0.020
286.21,0.477,0,0.880,1.554,0,0.000,0.000,0.000,0.000,0.000,0.000,-0.168,0.018
286.41,0.475,0,0.883,1.549,0,0.000,0.000,0.000,0.000,0.000,0.000,-0.169,0.017
286.61,0.475,0,0.883,1.549,0,0.000,0.000,0.000,0.000,0.000,0.000,-0.173,0.022
286.81,0.472,0,0.883,1.549,0,0.000,0.000,0.000,0.000,0.000,0.000,-0.173,0.022
287.01,0.488,0,0.879,1.554,0,0.000,0.000,0.000,0.000,0.000,0.000,-0.166,0.020
287.21,0.482,0,0.879,1.554,0,0.000,0.000,0.000,0.000,0.000,0.000,-0.175,0.029
287.41,0.472,0,0.875,1.553,0,0.000,0.000,0.000,0.000,0.000,0.000,-0.181,0.026
287.61,0.472,0,0.875,1.553,0,0.000,0.000,0.000,0.000,0.000,0.000,-0.172,0.029
287.81,0.470,0,0.875,1.553,0,0.000,0.000,0.000,0.000,0.000,0.000,-0.172,0.029
288.01,0.481,0,0.873,1.549,0,0.000,0.000,0.000,0.000,0.000,0.000,-0.167,0.019
288.21,0.484,0,0.873,1.549,0,0.000,0.000,0.000,0.000,0.000,0.000,-0.163,0.019
288.41,0.484,0,0.875,1.555,0,0.000,0.000,0.000,0.000,0.000,0.000,-0.171,0.017
288.61,0.757,0,0.875,1.555,0,0.000,0.000,0.000,0.000,0.000,0.000,-0.171,0.017
288.81,0.474,0,0.875,1.555,0,0.000,0.000,0.000,0.000,0.000,0.000,-0.163,0.025
289.01,0.486,0,0.880,1.552,0,0.000,0.000,0.000,0.000,0.000,0.000,-0.176,0.024
289.21,0.475,0,0.880,1.552,0,0.000,0.000,0.000,0.000,0.000,0.000,-0.165,0.018
289.41,0.475,0,0.874,1.549,0,0.000,0.000,0.000,0.000,0.000,0.000,-0.172,0.020
289.61,0.482,0,0.874,1.549,0,0.000,0.000,0.000,0.000,0.000,0.000,-0.172,0.020
289.81,0.470,0,0.874,1.549,0,0.000,0.000,0.000,0.000,0.000,0.000,-0.167,0.018
290.01,0.475,0,0.874,1.553,0,0.000,0.000,0.000,0.000,0.000,0.000,-0.178,0.034
290.21,0.475,0,0.874,1.553,0,0.000,0.000,0.000,0.000,0.000,0.000,-0.168,0.016
290.41,0.477,0,0.876,1.554,0,0.000,0.000,0.000,0.000,0.000,0.000,-0.168,0.016
290.61,0.470,0,0.876,1.554,0,0.000,0.000,0.000,0.000,0.000,0.000,-0.167,0.016
290.81,0.475,0,0.876,1.554,0,0.000,0.000,0.000,0.000,0.000,0.000,-0.175,0.030
291.01,0.472,0,0.875,1.553,0,0.000,0.000,0.000,0.000,0.000,0.000,-0.169,0.023
291.21,0.472,0,0.875,1.553,0,0.000,0.000,0.000,0.000,0.000,0.000,-0.170,0.017
291.41,0.475,0,0.876,1.552,0,0.000,0.000,0.000,0.000,0.000,0.000,-0.170,0.017
291.61,0.475,0,0.876,1.552,0,0.000,0.000,0.000,0.000,0.000,0.000,-0.166,0.025
291.81,0.477,0,0.876,1.552,0,0.000,0.000,0.000,0.000,0.000,0.000,-0.175,0.023
292.01,0.477,0,0.875,1.555,0,0.000,0.000,0.000,0.000,0.000,0.000,-0.164,0.025
292.21,0.470,0,0.875,1.555,0,0.000,0.000,0.000,0.000,0.000,0.000,-0.163,0.025
292.41,0.475,0,0.884,1.552,0,0.000,0.000,0.000,0.000,0.000,0.000,-0.163,0.025
292.61,0.489,0,0.884,1.552,0,0.000,0.000,0.000,0.000,0.000,0.000,-0.171,0.021
292.81,0.486,0,0.884,1.552,0,0.000,0.000,0.000,0.000,0.000,0.000,-0.172,0.020
293.01,0.486,0,0.877,1.551,0,0.000,0.000,0.000,0.000,0.000,0.000,-0.172,0.016
293.21,0.475,0,0.877,1.551,0,0.000,0.000,0.000,0.000,0.000,0.000,-0.172,0.016
293.41,0.481,0,0.875,1.549,0,0.000,0.000,0.000,0.000,0.000,0.000,-0.176,0.026
293.61,0.475,0,0.875,1.549,0,0.000,0.000,0.000,0.000,0.000,0.000,-0.170,0.017
293.81,0.472,0,0.875,1.549,0,0.000,0.000,0.000,0.000,0.000,0.000,-0.166,0.022
294.01,0.472,0,0.876,1.552,0,0.000,0.000,0.000,0.000,0.000,0.000,-0.173,0.013
294.21,0.470,0,0.876,1.552,0,0.000,0.000,0.000,0.000,0.000,0.000,-0.173,0.013
294.41,0.479,0,0.875,1.551,0,0.000,0.000,0.000,0.000,0.000,0.000,-0.170,0.023
294.61,0.472,0,0.875,1.551,0,0.000,0.000,0.000,0.000,0.000,0.000,-0.175,0.019
294.81,0.472,0,0.875,1.551,0,0.000,0.000,0.000,0.000,0.000,0.000,-0.167,0.015
295.01,0.484,0,0.880,1.550,0,0.000,0.000,0.000,0.000,0.000,0.000,-0.167,0.015
295.21,0.470,0,0.880,1.550,0,0.000,0.000,0.000,0.000,0.000,0.000,-0.168,0.021
295.41,0.475,0,0.876,1.553,0,0.000,0.000,0.000,0.000,0.000,0.000,-0.168,0.023
295.61,0.477,0,0.876,1.553,0,0.000,0.000,0.000,0.000,0.000,0.000,-0.181,0.028
295.81,0.477,0,0.876,1.553,0,0.000,0.000,0.000,0.000,0.000,0.000,-0.171,0.016
296.01,0.477,0,0.875,1.556,0,0.000,0.000,0.000,0.000,0.000,0.000,-0.171,0.016
296.21,0.477,0,0.875,1.556,0,0.000,0.000,0.000,0.000,0.000,0.000,-0.164,0.019
296.41,0.479,0,0.875,1.554,0,0.000,0.000,0.000,0.000,0.000,0.000,-0.159,0.019
296.61,0.479,0,0.875,1.554,0,0.000,0.000,0.000,0.000,0.000,0.000,-0.175,0.034
296.81,0.475,0,0.875,1.554,0,0.000,0.000,0.000,0.000,0.000,0.000,-0.175,0.034
297.01,0.484,0,0.873,1.553,0,0.000,0.000,0.000,0.000,0.000,0.000,-0.166,0.020
297.21,0.477,0,0.873,1.553,0,0.000,0.000,0.000,0.000,0.000,0.000,-0.173,0.024
297.41,0.470,0,0.885,1.551,0,0.000,0.000,0.000,0.000,0.000,0.000,-0.167,0.020
297.61,0.470,0,0.885,1.551,0,0.000,0.000,0.000,0.000,0.000,0.000,-0.167,0.020
297.81,0.472,0,0.885,1.551,0,0.000,0.000,0.000,0.000,0.000,0.000,-0.167,0.020
298.01,0.484,0,0.873,1.552,0,0.000,0.000,0.000,0.000,0.000,0.000,-0.169,0.018
298.21,0.472,0,0.873,1.552,0,0.000,0.000,0.000,0.000,0.000,0.000,-0.168,0.015
298.41,0.472,0,0.873,1.552,0,0.000,0.000,0.000,0.000,0.000,0.000,-0.174,0.025
298.61,0.475,0,0.873,1.552,0,0.000,0.000,0.000,0.000,0.000,0.000,-0.163,0.019
298.81,0.472,0,0.873,1.552,0,0.000,0.000,0.000,0.000,0.000,0.000,-0.163,0.019
299.01,0.474,0,0.883,1.553,0,0.000,0.000,0.000,0.000,0.000,0.000,-0.168,0.021
299.21,0.479,0,0.883,1.553,0,0.000,0.000,0.000,0.000,0.000,0.000,-0.169,0.024
299.41,0.479,0,0.881,1.553,0,0.000,0.000,0.000,0.000,0.000,0.000,-0.172,0.022
299.61,0.477,0,0.881,1.553,0,0.000,0.000,0.000,0.000,0.000,0.000,-0.172,0.022
299.81,0.470,0,0.881,1.553,0,0.000,0.000,0.000,0.000,0.000,0.000,-0.166,0.020
300.01,0.756,0,0.881,1.553,0,0.000,0.000,0.000,0.000,0.000,0.000,-0.166,0.015
300.21,0.472,0,0.881,1.553,0,0.000,0.000,0.000,0.000,0.000,0.000,-0.172,0.019
300.41,0.472,0,0.872,1.553,0,0.000,0.000,0.000,0.000,0.000,0.000,-0.167,0.022
300.61,0.756,0,0.872,1.553,0,0.000,0.000,0.000,0.000,0.000,0.000,-0.167,0.022
300.81,0.472,0,0.872,1.553,0,0.000,0.000,0.000,0.000,0.000,0.000,-0.177,0.026
301.01,0.477,0,0.875,1.555,0,0.000,0.000,0.000,0.000,0.000,0.000,-0.168,0.018
301.21,0.477,0,0.875,1.555,0,0.000,0.000,0.000,0.000,0.000,0.000,-0.173,0.023
301.41,0.474,0,0.875,1.550,0,0.000,0.000,0.000,0.000,0.000,0.000,-0.173,0.023
301.61,0.488,0,0.875,1.550,0,0.000,0.000,0.000,0.000,0.000,0.000,-0.165,0.019
301.81,0.475,0,0.875,1.550,0,0.000,0.000,0.000,0.000,0.000,0.000,-0.166,0.023
302.01,0.481,0,0.878,1.553,0,0.000,0.000,0.000,0.000,0.000,0.000,-0.168,0.018
302.21,0.481,0,0.878,1.553,0,0.000,0.000,0.000,0.000,0.000,0.000,-0.165,0.021
302.41,0.486,0,0.879,1.553,0,0.000,0.000,0.000,0.000,0.000,0.000,-0.165,0.021
302.61,0.475,0,0.879,1.553,0,0.000,0.000,0.000,0.000,0.000,0.000,-0.174,0.024
302.81,0.481,0,0.879,1.553,0,0.000,0.000,0.000,0.000,0.000,0.000,-0.168,0.021
303.01,0.481,0,0.879,1.552,0,0.000,0.000,0.000,0.000,0.000,0.000,-0.172,0.023
303.21,0.477,0,0.879,1.552,0,0.000,0.000,0.000,0.000,0.000,0.000,-0.172,0.023
303.41,0.756,0,0.877,1.551,0,0.000,0.000,0.000,0.000,0.000,0.000,-0.170,0.022
303.61,0.470,0,0.877,1.551,0,0.000,0.000,0.000,0.000,0.000,0.000,-0.171,0.021
303.81,0.470,0,0.877,1.551,0,0.000,0.000,0.000,0.000,0.000,0.000,-0.178,0.032
304.01,0.470,0,0.875,1.550,0,0.000,0.000,0.000,0.000,0.000,0.000,-0.171,0.020
304.21,0.477,0,0.875,1.550,0,0.000,0.000,0.000,0.000,0.000,0.000,-0.171,0.020
304.41,0.475,0,0.874,1.553,0,0.000,0.000,0.000,0.000,0.000,0.000,-0.168,0.018
304.61,0.475,0,0.874,1.553,0,0.000,0.000,0.000,0.000,0.000,0.000,-0.166,0.020
304.81,0.475,0,0.874,1.553,0,0.000,0.000,0.000,0.000,0.000,0.000,-0.180,0.030
305.01,0.474,0,0.875,1.552,0,0.000,0.000,0.000,0.000,0.000,0.000,-0.180,0.030
305.21,0.474,0,0.875,1.552,0,0.000,0.000,0.000,0.000,0.000,0.000,-0.170,0.018
305.41,0.477,0,0.877,1.554,0,0.000,0.000,0.000,0.000,0.000,0.000,-0.166,0.017
305.61,0.472,0,0.877,1.554,0,0.000,0.000,0.000,0.000,0.000,0.000,-0.168,0.027
305.81,0.472,0,0.877,1.554,0,0.000,0.000,0.000,0.000,0.000,0.000,-0.170,0.022
306.01,0.479,0,0.886,1.551,0,0.000,0.000,0.000,0.000,0.000,0.000,-0.170,0.022
306.21,0.487,0,0.886,1.551,0,0.000,0.000,0.000,0.000,0.000,0.000,-0.164,0.018
306.41,0.474,0,0.875,1.550,0,0.000,0.000,0.000,0.000,0.000,0.000,-0.172,0.028
306.61,0.759,0,0.875,1.550,0,0.000,0.000,0.000,0.000,0.000,0.000,-0.170,0.017
306.81,0.759,0,0.875,1.550,0,0.000,0.000,0.000,0.000,0.000,0.000,-0.172,0.018
307.01,0.475,0,0.875,1.556,0,0.000,0.000,0.000,0.000,0.000,0.000,-0.172,0.018
307.21,0.479,0,0.875,1.556,0,0.000,0.000,0.000,0.000,0.000,0.000,-0.184,0.030
307.41,0.470,0,0.903,1.553,0,0.000,0.000,0.000,0.000,0.000,0.000,-0.168,0.022
307.61,0.470,0,0.903,1.553,0,0.000,0.000,0.000,0.000,0.000,0.000,-0.172,0.016
307.81,0.470,0,0.903,1.553,0,0.000,0.000,0.000,0.000,0.000,0.000,-0.172,0.016
308.01,0.472,0,0.880,1.555,0,0.000,0.000,0.000,0.000,0.000,0.000,-0.167,0.021
308.21,0.470,0,0.880,1.555,0,0.000,0.000,0.000,0.000,0.000,0.000,-0.178,0.018
308.41,0.477,0,0.879,1.551,0,0.000,0.000,0.000,0.000,0.000,0.000,-0.169,0.020
308.61,0.477,0,0.879,1.551,0,0.000,0.000,0.000,0.000,0.000,0.000,-0.171,0.019
308.81,0.479,0,0.879,1.551,0,0.000,0.000,0.000,0.000,0.000,0.000,-0.171,0.019
309.01,0.472,0,0.875,1.550,0,0.000,0.000,0.000,0.000,0.000,0.000,-0.166,0.021
309.21,0.475,0,0.875,1.550,0,0.000,0.000,0.000,0.000,0.000,0.000,-0.169,0.022
309.41,0.475,0,0.876,1.556,0,0.000,0.000,0.000,0.000,0.000,0.000,-0.161,0.012
309.61,0.470,0,0.876,1.556,0,0.000,0.000,0.000,0.000,0.000,0.000,-0.161,0.012
309.81,0.472,0,0.876,1.556,0,0.000,0.000,0.000,0.000,0.000,0.000,-0.172,0.020
310.01,0.477,0,0.875,1.552,0,0.000,0.000,0.000,0.000,0.000,0.000,-0.187,0.034
310.21,0.484,0,0.875,1.552,0,0.000,0.000,0.000,0.000,0.000,0.000,-0.180,0.035
310.41,0.484,0,0.880,1.551,0,0.000,0.000,0.000,0.000,0.000,0.000,-0.171,0.020
310.61,0.486,0,0.880,1.551,0,0.000,0.000,0.000,0.000,0.000,0.000,-0.171,0.020
310.81,0.474,0,0.880,1.551,0,0.000,0.000,0.000,0.000,0.000,0.000,-0.168,0.024
311.01,0.756,0,0.878,1.554,0,0.000,0.000,0.000,0.000,0.000,0.000,-0.178,0.019
311.21,0.756,0,0.878,1.554,0,0.000,0.000,0.000,0.000,0.000,0.000,-0.165,0.021
311.41,0.474,0,0.877,1.553,0,0.000,0.000,0.000,0.000,0.000,0.000,-0.165,0.021
311.61,0.472,0,0.877,1.553,0,0.000,0.000,0.000,0.000,0.000,0.000,-0.172,0.019
311.81,0.477,0,0.877,1.553,0,0.000,0.000,0.000,0.000,0.000,0.000,-0.167,0.021
312.01,0.479,0,0.879,1.553,0,0.000,0.000,0.000,0.000,0.000,0.000,-0.165,0.024
312.21,0.479,0,0.879,1.553,0,0.000,0.000,0.000,0.000,0.000,0.000,-0.174,0.035
312.41,0.475,0,0.874,1.552,0,0.000,0.000,0.000,0.000,0.000,0.000,-0.174,0.035
312.61,0.486,0,0.874,1.552,0,0.000,0.000,0.000,0.000,0.000,0.000,-0.166,0.021
312.81,0.475,0,0.874,1.552,0,0.000,0.000,0.000,0.000,0.000,0.000,-0.168,0.015
313.01,0.475,0,0.885,1.553,0,0.000,0.000,0.000,0.000,0.000,0.000,-0.167,0.017
313.21,0.479,0,0.885,1.553,0,0.000,0.000,0.000,0.000,0.000,0.000,-0.169,0.010
313.41,0.477,0,0.879,1.552,0,0.000,0.000,0.000,0.000,0.000,0.000,-0.169,0.010
313.61,0.475,0,0.879,1.552,0,0.000,0.000,0.000,0.000,0.000,0.000,-0.164,0.019
313.81,0.470,0,0.879,1.552,0,0.000,0.000,0.000,0.000,0.000,0.000,-0.170,0.031
314.01,0.470,0,0.880,1.554,0,0.000,0.000,0.000,0.000,0.000,0.000,-0.163,0.028
314.21,0.486,0,0.880,1.554,0,0.000,0.000,0.000,0.000,0.000,0.000,-0.163,0.028
314.41,0.479,0,0.884,1.548,0,0.000,0.000,0.000,0.000,0.000,0.000,-0.163,0.016
314.61,0.486,0,0.884,1.548,0,0.000,0.000,0.000,0.000,0.000,0.000,-0.166,0.021
314.81,0.475,0,0.884,1.548,0,0.000,0.000,0.000,0.000,0.000,0.000,-0.168,0.018
315.01,0.475,0,0.877,1.554,0,0.000,0.000,0.000,0.000,0.000,0.000,-0.161,0.021
315.21,0.475,0,0.877,1.554,0,0.000,0.000,0.000,0.000,0.000,0.000,-0.161,0.021
315.41,0.470,0,0.874,1.556,0,0.000,0.000,0.000,0.000,0.000,0.000,-0.169,0.024
315.61,0.754,0,0.874,1.556,0,0.000,0.000,0.000,0.000,0.000,0.000,-0.170,0.018
315.81,0.754,0,0.874,1.556,0,0.000,0.000,0.000,0.000,0.000,0.000,-0.169,0.023
316.01,0.487,0,0.875,1.552,0,0.000,0.000,0.000,0.000,0.000,0.000,-0.169,0.023
316.21,0.475,0,0.875,1.552,0,0.000,0.000,0.000,0.000,0.000,0.000,-0.170,0.025
316.41,0.470,0,0.878,1.552,0,0.000,0.000,0.000,0.000,0.000,0.000,-0.169,0.030
316.61,0.105,0,0.878,1.552,0,0.000,0.000,0.000,0.000,0.000,0.000,-0.166,0.023
316.81,0.105,0,0.878,1.552,0,0.000,0.000,0.000,0.000,0.000,0.000,-0.161,0.031
317.01,0.479,0,0.879,1.553,0,0.000,0.000,0.000,0.000,0.000,0.000,-0.161,0.031
317.21,0.475,0,0.879,1.553,0,0.000,0.000,0.000,0.000,0.000,0.000,-0.172,0.024
317.41,0.470,0,0.875,1.551,0,0.000,0.000,0.000,0.000,0.000,0.000,-0.161,0.019
317.61,0.470,0,0.875,1.551,0,0.000,0.000,0.000,0.000,0.000,0.000,-0.171,0.031
317.81,0.472,0,0.875,1.551,0,0.000,0.000,0.000,0.000,0.000,0.000,-0.171,0.031
318.01,0.756,0,0.872,1.549,0,0.000,0.000,0.000,0.000,0.000,0.000,-0.161,0.016
318.21,0.474,0,0.872,1.549,0,0.000,0.000,0.000,0.000,0.000,0.000,-0.166,0.020
318.41,0.475,0,0.875,1.552,0,0.000,0.000,0.000,0.000,0.000,0.000,-0.164,0.019
318.61,0.475,0,0.875,1.552,0,0.000,0.000,0.000,0.000,0.000,0.000,-0.165,0.029
318.81,0.470,0,0.875,1.552,0,0.000,0.000,0.000,0.000,0.000,0.000,-0.165,0.029
319.01,0.472,0,0.875,1.550,0,0.000,0.000,0.000,0.000,0.000,0.000,-0.171,0.024
319.21,0.475,0,0.875,1.550,0,0.000,0.000,0.000,0.000,0.000,0.000,-0.166,0.020
319.41,0.475,0,0.880,1.554,0,0.000,0.000,0.000,0.000,0.000,0.000,-0.172,0.017
319.61,0.472,0,0.880,1.554,0,0.000,0.000,0.000,0.000,0.000,0.000,-0.172,0.017
319.81,0.757,0,0.880,1.554,0,0.000,0.000,0.000,0.000,0.000,0.000,-0.166,0.022
320.01,0.758,0,0.873,1.552,0,0.000,0.000,0.000,0.000,0.000,0.000,-0.177,0.028
320.21,0.475,0,0.873,1.552,0,0.000,0.000,0.000,0.000,0.000,0.000,-0.171,0.027
320.41,0.475,0,0.874,1.554,0,0.000,0.000,0.000,0.000,0.000,0.000,-0.164,0.026
320.61,0.475,0,0.874,1.554,0,0.000,0.000,0.000,0.000,0.000,0.000,-0.164,0.026
320.81,0.472,0,0.874,1.554,0,0.000,0.000,0.000,0.000,0.000,0.000,-0.170,0.020
321.01,0.755,0,0.874,1.554,0,0.000,0.000,0.000,0.000,0.000,0.000,-0.178,0.030
321.21,0.755,0,0.874,1.554,0,0.000,0.000,0.000,0.000,0.000,0.000,-0.171,0.021
321.41,0.475,0,0.876,1.548,0,0.000,0.000,0.000,0.000,0.000,0.000,-0.171,0.021
321.61,0.475,0,0.876,1.548,0,0.000,0.000,0.000,0.000,0.000,0.000,-0.161,0.019
321.81,0.475,0,0.876,1.548,0,0.000,0.000,0.000,0.000,0.000,0.000,-0.173,0.017
322.01,0.474,0,0.876,1.552,0,0.000,0.000,0.000,0.000,0.000,0.000,-0.174,0.024
322.21,0.474,0,0.876,1.552,0,0.000,0.000,0.000,0.000,0.000,0.000,-0.163,0.021
322.41,0.481,0,0.875,1.554,0,0.000,0.000,0.000,0.000,0.000,0.000,-0.163,0.021
322.61,0.486,0,0.875,1.554,0,0.000,0.000,0.000,0.000,0.000,0.000,-0.166,0.015
322.81,0.472,0,0.875,1.554,0,0.000,0.000,0.000,0.000,0.000,0.000,-0.170,0.018
323.01,0.472,0,0.886,1.554,0,0.000,0.000,0.000,0.000,0.000,0.000,-0.171,0.023
323.21,0.477,0,0.886,1.554,0,0.000,0.000,0.000,0.000,0.000,0.000,-0.166,0.024
323.41,0.474,0,0.879,1.553,0,0.000,0.000,0.000,0.000,0.000,0.000,-0.166,0.024
323.61,0.475,0,0.879,1.553,0,0.000,0.000,0.000,0.000,0.000,0.000,-0.166,0.025
323.81,0.475,0,0.879,1.553,0,0.000,0.000,0.000,0.000,0.000,0.000,-0.163,0.016
324.01,0.475,0,0.878,1.554,0,0.000,0.000,0.000,0.000,0.000,0.000,-0.166,0.019
324.21,0.470,0,0.878,1.554,0,0.000,0.000,0.000,0.000,0.000,0.000,-0.166,0.019
324.41,0.470,0,0.879,1.544,0,0.000,0.000,0.000,0.000,0.000,0.000,-0.172,0.035
324.61,0.475,0,0.879,1.544,0,0.000,0.000,0.000,0.000,0.000,0.000,-0.173,0.022
324.81,0.475,0,0.879,1.544,0,0.000,0.000,0.000,0.000,0.000,0.000,-0.168,0.022
325.01,0.475,0,0.880,1.554,0,0.000,0.000,0.000,0.000,0.000,0.000,-0.164,0.016
325.21,0.477,0,0.880,1.554,0,0.000,0.000,0.000,0.000,0.000,0.000,-0.164,0.016
325.41,0.475,0,0.879,1.553,0,0.000,0.000,0.000,0.000,0.000,0.000,-0.165,0.025
325.61,0.488,0,0.879,1.553,0,0.000,0.000,0.000,0.000,0.000,0.000,-0.175,0.022
325.81,0.488,0,0.879,1.553,0,0.000,0.000,0.000,0.000,0.000,0.000,-0.174,0.031
326.01,0.470,0,0.875,1.551,0,0.000,0.000,0.000,0.000,0.000,0.000,-0.174,0.031
326.21,0.488,0,0.875,1.551,0,0.000,0.000,0.000,0.000,0.000,0.000,-0.166,0.017
326.41,0.486,0,0.874,1.551,0,0.000,0.000,0.000,0.000,0.000,0.000,-0.163,0.024
326.61,0.482,0,0.874,1.551,0,0.000,0.000,0.000,0.000,0.000,0.000,-0.174,0.020
326.81,0.482,0,0.874,1.551,0,0.000,0.000,0.000,0.000,0.000,0.000,-0.169,0.022
327.01,0.470,0,0.875,1.556,0,0.000,0.000,0.000,0.000,0.000,0.000,-0.169,0.022
327.21,0.470,0,0.875,1.556,0,0.000,0.000,0.000,0.000,0.000,0.000,-0.169,0.024
327.41,0.470,0,0.879,1.554,0,0.000,0.000,0.000,0.000,0.000,0.000,-0.171,0.016
327.61,0.470,0,0.879,1.554,0,0.000,0.000,0.000,0.000,0.000,0.000,-0.168,0.022
327.81,0.472,0,0.879,1.554,0,0.000,0.000,0.000,0.000,0.000,0.000,-0.168,0.022
328.01,0.475,0,0.875,1.549,0,0.000,0.000,0.000,0.000,0.000,0.000,-0.171,0.027
328.21,0.757,0,0.875,1.549,0,0.000,0.000,0.000,0.000,0.000,0.000,-0.168,0.023
328.41,0.755,0,0.875,1.556,0,0.000,0.000,0.000,0.000,0.000,0.000,-0.164,0.018
328.61,0.755,0,0.875,1.556,0,0.000,0.000,0.000,0.000,0.000,0.000,-0.167,0.026
328.81,0.755,0,0.875,1.556,0,0.000,0.000,0.000,0.000,0.000,0.000,-0.167,0.026
329.01,0.475,0,0.875,1.555,0,0.000,0.000,0.000,0.000,0.000,0.000,-0.174,0.032
329.21,0.474,0,0.875,1.555,0,0.000,0.000,0.000,0.000,0.000,0.000,-0.165,0.019
329.41,0.474,0,0.876,1.551,0,0.000,0.000,0.000,0.000,0.000,0.000,-0.163,0.013
329.61,0.475,0,0.876,1.551,0,0.000,0.000,0.000,0.000,0.000,0.000,-0.163,0.013
329.81,0.477,0,0.876,1.551,0,0.000,0.000,0.000,0.000,0.000,0.000,-0.173,0.034
330.01,0.472,0,0.873,1.547,0,0.000,0.000,0.000,0.000,0.000,0.000,-0.162,0.020
330.21,0.484,0,0.873,1.547,0,0.000,0.000,0.000,0.000,0.000,0.000,-0.167,0.023
330.41,0.484,0,0.880,1.551,0,0.000,0.000,0.000,0.000,0.000,0.000,-0.168,0.025
330.61,0.477,0,0.880,1.551,0,0.000,0.000,0.000,0.000,0.000,0.000,-0.168,0.025
330.81,0.475,0,0.880,1.551,0,0.000,0.000,0.000,0.000,0.000,0.000,-0.181,0.032
331.01,0.472,0,0.878,1.553,0,0.000,0.000,0.000,0.000,0.000,0.000,-0.180,0.030
331.21,0.472,0,0.878,1.553,0,0.000,0.000,0.000,0.000,0.000,0.000,-0.164,0.017
331.41,0.481,0,0.873,1.549,0,0.000,0.000,0.000,0.000,0.000,0.000,-0.164,0.017
331.61,0.105,0,0.873,1.549,0,0.000,0.000,0.000,0.000,0.000,0.000,-0.166,0.025
331.81,0.472,0,0.873,1.549,0,0.000,0.000,0.000,0.000,0.000,0.000,-0.155,0.015
332.01,0.475,0,0.881,1.550,0,0.000,0.000,0.000,0.000,0.000,0.000,-0.156,0.017
332.21,0.475,0,0.881,1.550,0,0.000,0.000,0.000,0.000,0.000,0.000,-0.154,0.013
332.41,0.475,0,0.875,1.554,0,0.000,0.000,0.000,0.000,0.000,0.000,-0.154,0.013
332.61,0.477,0,0.875,1.554,0,0.000,0.000,0.000,0.000,0.000,0.000,-0.182,0.038
332.81,0.475,0,0.875,1.554,0,0.000,0.000,0.000,0.000,0.000,0.000,-0.164,0.022
333.01,0.475,0,0.875,1.551,0,0.000,0.000,0.000,0.000,0.000,0.000,-0.168,0.017
333.21,0.479,0,0.875,1.551,0,0.000,0.000,0.000,0.000,0.000,0.000,-0.162,0.023
333.41,0.479,0,0.875,1.554,0,0.000,0.000,0.000,0.000,0.000,0.000,-0.162,0.023
333.61,0.481,0,0.875,1.554,0,0.000,0.000,0.000,0.000,0.000,0.000,-0.163,0.023
333.81,0.475,0,0.875,1.554,0,0.000,0.000,0.000,0.000,0.000,0.000,-0.158,0.015
334.01,0.475,0,0.875,1.551,0,0.000,0.000,0.000,0.000,0.000,0.000,-0.163,0.021
334.21,0.470,0,0.875,1.551,0,0.000,0.000,0.000,0.000,0.000,0.000,-0.163,0.021
334.41,0.472,0,0.881,1.553,0,0.000,0.000,0.000,0.000,0.000,0.000,-0.159,0.013
334.61,0.472,0,0.881,1.553,0,0.000,0.000,0.000,0.000,0.000,0.000,-0.165,0.016
334.81,0.472,0,0.881,1.553,0,0.000,0.000,0.000,0.000,0.000,0.000,-0.162,0.021
335.01,0.475,0,0.874,1.553,0,0.000,0.000,0.000,0.000,0.000,0.000,-0.166,0.014
335.21,0.477,0,0.874,1.553,0,0.000,0.000,0.000,0.000,0.000,0.000,-0.166,0.014
335.41,0.481,0,0.876,1.553,0,0.000,0.000,0.000,0.000,0.000,0.000,-0.159,0.010
335.61,0.481,0,0.876,1.553,0,0.000,0.000,0.000,0.000,0.000,0.000,-0.160,0.009
335.81,0.481,0,0.876,1.553,0,0.000,0.000,0.000,0.000,0.000,0.000,-0.153,0.007
336.01,0.479,0,0.878,1.554,0,0.000,0.000,0.000,0.000,0.000,0.000,-0.153,0.007
336.21,0.474,0,0.878,1.554,0,0.000,0.000,0.000,0.000,0.000,0.000,-0.157,0.015
336.41,0.472,0,0.875,1.555,0,0.000,0.000,0.000,0.000,0.000,0.000,-0.166,0.020
336.61,0.472,0,0.875,1.555,0,0.000,0.000,0.000,0.000,0.000,0.000,-0.165,0.018
336.81,0.475,0,0.875,1.555,0,0.000,0.000,0.000,0.000,0.000,0.000,-0.161,0.018
337.01,0.475,0,0.875,1.551,0,0.000,0.000,0.000,0.000,0.000,0.000,-0.161,0.018
337.21,0.472,0,0.875,1.551,0,0.000,0.000,0.000,0.000,0.000,0.000,-0.162,0.017
337.41,0.475,0,0.876,1.547,0,0.000,0.000,0.000,0.000,0.000,0.000,-0.159,0.018
337.61,0.475,0,0.876,1.547,0,0.000,0.000,0.000,0.000,0.000,0.000,-0.160,0.023
337.81,0.475,0,0.876,1.547,0,0.000,0.000,0.000,0.000,0.000,0.000,-0.160,0.023
338.01,0.755,0,0.873,1.554,0,0.000,0.000,0.000,0.000,0.000,0.000,-0.168,0.020
338.21,0.106,0,0.873,1.554,0,0.000,0.000,0.000,0.000,0.000,0.000,-0.176,0.037
338.41,0.477,0,0.875,1.553,0,0.000,0.000,0.000,0.000,0.000,0.000,-0.171,0.034
338.61,0.477,0,0.875,1.553,0,0.000,0.000,0.000,0.000,0.000,0.000,-0.167,0.023
338.81,0.472,0,0.875,1.553,0,0.000,0.000,0.000,0.000,0.000,0.000,-0.167,0.023
339.01,0.475,0,0.873,1.552,0,0.000,0.000,0.000,0.000,0.000,0.000,-0.161,0.021
339.21,0.472,0,0.873,1.552,0,0.000,0.000,0.000,0.000,0.000,0.000,-0.165,0.021
339.41,0.472,0,0.874,1.553,0,0.000,0.000,0.000,0.000,0.000,0.000,-0.176,0.031
339.61,0.475,0,0.874,1.553,0,0.000,0.000,0.000,0.000,0.000,0.000,-0.176,0.031
339.81,0.477,0,0.874,1.553,0,0.000,0.000,0.000,0.000,0.000,0.000,-0.177,0.023
340.01,0.475,0,0.872,1.551,0,0.000,0.000,0.000,0.000,0.000,0.000,-0.177,0.025
340.21,0.472,0,0.872,1.551,0,0.000,0.000,0.000,0.000,0.000,0.000,-0.176,0.022
340.41,0.472,0,0.875,1.554,0,0.000,0.000,0.000,0.000,0.000,0.000,-0.175,0.026
340.61,0.481,0,0.875,1.554,0,0.000,0.000,0.000,0.000,0.000,0.000,-0.175,0.026
340.81,0.479,0,0.875,1.554,0,0.000,0.000,0.000,0.000,0.000,0.000,-0.179,0.032
341.01,0.475,0,0.875,1.557,0,0.000,0.000,0.000,0.000,0.000,0.000,-0.170,0.017
341.21,0.475,0,0.875,1.557,0,0.000,0.000,0.000,0.000,0.000,0.000,-0.166,0.017
341.41,0.477,0,0.876,1.551,0,0.000,0.000,0.000,0.000,0.000,0.000,-0.166,0.017
341.61,0.474,0,0.876,1.551,0,0.000,0.000,0.000,0.000,0.000,0.000,-0.167,0.023
341.81,0.475,0,0.876,1.551,0,0.000,0.000,0.000,0.000,0.000,0.000,-0.169,0.021
342.01,0.470,0,0.875,1.555,0,0.000,0.000,0.000,0.000,0.000,0.000,-0.168,0.020
342.21,0.470,0,0.875,1.555,0,0.000,0.000,0.000,0.000,0.000,0.000,-0.166,0.025
342.41,0.470,0,0.874,1.553,0,0.000,0.000,0.000,0.000,0.000,0.000,-0.166,0.025
342.61,0.475,0,0.874,1.553,0,0.000,0.000,0.000,0.000,0.000,0.000,-0.169,0.024
342.81,0.475,0,0.874,1.553,0,0.000,0.000,0.000,0.000,0.000,0.000,-0.166,0.017
343.01,0.475,0,0.881,1.550,0,0.000,0.000,0.000,0.000,0.000,0.000,-0.165,0.010
343.21,0.470,0,0.881,1.550,0,0.000,0.000,0.000,0.000,0.000,0.000,-0.165,0.010
343.41,0.470,0,0.876,1.550,0,0.000,0.000,0.000,0.000,0.000,0.000,-0.168,0.018
343.61,0.472,0,0.876,1.550,0,0.000,0.000,0.000,0.000,0.000,0.000,-0.176,0.030
343.81,0.758,0,0.876,1.550,0,0.000,0.000,0.000,0.000,0.000,0.000,-0.182,0.029
344.01,0.758,0,0.877,1.553,0,0.000,0.000,0.000,0.000,0.000,0.000,-0.169,0.018
344.21,0.479,0,0.877,1.553,0,0.000,0.000,0.000,0.000,0.000,0.000,-0.169,0.018
344.41,0.470,0,0.877,1.552,0,0.000,0.000,0.000,0.000,0.000,0.000,-0.172,0.019
344.61,0.475,0,0.877,1.552,0,0.000,0.000,0.000,0.000,0.000,0.000,-0.173,0.023
344.81,0.475,0,0.877,1.552,0,0.000,0.000,0.000,0.000,0.000,0.000,-0.171,0.022
345.01,0.470,0,0.882,1.552,0,0.000,0.000,0.000,0.000,0.000,0.000,-0.171,0.022
345.21,0.470,0,0.882,1.552,0,0.000,0.000,0.000,0.000,0.000,0.000,-0.164,0.023
345.41,0.477,0,0.876,1.552,0,0.000,0.000,0.000,0.000,0.000,0.000,-0.166,0.023
345.61,0.756,0,0.876,1.552,0,0.000,0.000,0.000,0.000,0.000,0.000,-0.181,0.033
345.81,0.756,0,0.876,1.552,0,0.000,0.000,0.000,0.000,0.000,0.000,-0.178,0.023
346.01,0.479,0,0.874,1.553,0,0.000,0.000,0.000,0.000,0.000,0.000,-0.178,0.023
346.21,0.475,0,0.874,1.553,0,0.000,0.000,0.000,0.000,0.000,0.000,-0.168,0.025
346.41,0.486,0,0.875,1.553,0,0.000,0.000,0.000,0.000,0.000,0.000,-0.174,0.029
346.61,0.486,0,0.875,1.553,0,0.000,0.000,0.000,0.000,0.000,0.000,-0.175,0.028
346.81,0.481,0,0.875,1.553,0,0.000,0.000,0.000,0.000,0.000,0.000,-0.175,0.028
347.01,0.477,0,0.884,1.550,0,0.000,0.000,0.000,0.000,0.000,0.000,-0.164,0.021
347.21,0.756,0,0.884,1.550,0,0.000,0.000,0.000,0.000,0.000,0.000,-0.169,0.009
347.41,0.477,0,0.876,1.554,0,0.000,0.000,0.000,0.000,0.000,0.000,-0.167,0.018
347.61,0.477,0,0.876,1.554,0,0.000,0.000,0.000,0.000,0.000,0.000,-0.174,0.015
347.81,0.477,0,0.876,1.554,0,0.000,0.000,0.000,0.000,0.000,0.000,-0.174,0.015
348.01,0.474,0,0.875,1.554,0,0.000,0.000,0.000,0.000,0.000,0.000,-0.168,0.026
348.21,0.756,0,0.875,1.554,0,0.000,0.000,0.000,0.000,0.000,0.000,-0.164,0.015
348.41,0.756,0,0.874,1.549,0,0.000,0.000,0.000,0.000,0.000,0.000,-0.171,0.015
348.61,0.470,0,0.874,1.549,0,0.000,0.000,0.000,0.000,0.000,0.000,-0.171,0.015
348.81,0.474,0,0.874,1.549,0,0.000,0.000,0.000,0.000,0.000,0.000,-0.171,0.023
349.01,0.472,0,0.883,1.550,0,0.000,0.000,0.000,0.000,0.000,0.000,-0.161,0.018
349.21,0.477,0,0.883,1.550,0,0.000,0.000,0.000,0.000,0.000,0.000,-0.171,0.016
349.41,0.477,0,0.878,1.551,0,0.000,0.000,0.000,0.000,0.000,0.000,-0.170,0.025
349.61,0.474,0,0.878,1.551,0,0.000,0.000,0.000,0.000,0.000,0.000,-0.170,0.025
349.81,0.481,0,0.878,1.551,0,0.000,0.000,0.000,0.000,0.000,0.000,-0.169,0.018
350.01,0.475,0,0.877,1.553,0,0.000,0.000,0.000,0.000,0.000,0.000,-0.169,0.017
350.21,0.475,0,0.877,1.553,0,0.000,0.000,0.000,0.000,0.000,0.000,-0.173,0.030
350.41,0.470,0,0.880,1.547,0,0.000,0.000,0.000,0.000,0.000,0.000,-0.173,0.030
350.61,0.474,0,0.880,1.547,0,0.000,0.000,0.000,0.000,0.000,0.000,-0.172,0.021
350.81,0.486,0,0.880,1.547,0,0.000,0.000,0.000,0.000,0.000,0.000,-0.171,0.018
351.01,0.470,0,0.885,1.553,0,0.000,0.000,0.000,0.000,0.000,0.000,-0.166,0.018
351.21,0.470,0,0.885,1.553,0,0.000,0.000,0.000,0.000,0.000,0.000,-0.178,0.028
351.41,0.756,0,0.880,1.552,0,0.000,0.000,0.000,0.000,0.000,0.000,-0.178,0.028
351.61,0.757,0,0.880,1.552,0,0.000,0.000,0.000,0.000,0.000,0.000,-0.167,0.016
351.81,0.479,0,0.880,1.552,0,0.000,0.000,0.000,0.000,0.000,0.000,-0.170,0.021
352.01,0.479,0,0.876,1.554,0,0.000,0.000,0.000,0.000,0.000,0.000,-0.173,0.026
352.21,0.475,0,0.876,1.554,0,0.000,0.000,0.000,0.000,0.000,0.000,-0.173,0.026
352.41,0.475,0,0.877,1.551,0,0.000,0.000,0.000,0.000,0.000,0.000,-0.170,0.023
352.61,0.474,0,0.877,1.551,0,0.000,0.000,0.000,0.000,0.000,0.000,-0.168,0.027
352.81,0.486,0,0.877,1.551,0,0.000,0.000,0.000,0.000,0.000,0.000,-0.174,0.025
353.01,0.486,0,0.882,1.553,0,0.000,0.000,0.000,0.000,0.000,0.000,-0.180,0.030
353.21,0.475,0,0.882,1.553,0,0.000,0.000,0.000,0.000,0.000,0.000,-0.180,0.030
353.41,0.475,0,0.875,1.555,0,0.000,0.000,0.000,0.000,0.000,0.000,-0.185,0.038
353.61,0.479,0,0.875,1.555,0,0.000,0.000,0.000,0.000,0.000,0.000,-0.175,0.027
353.81,0.479,0,0.875,1.555,0,0.000,0.000,0.000,0.000,0.000,0.000,-0.178,0.023
354.01,0.481,0,0.876,1.549,0,0.000,0.000,0.000,0.000,0.000,0.000,-0.178,0.023
354.21,0.475,0,0.876,1.549,0,0.000,0.000,0.000,0.000,0.000,0.000,-0.171,0.025
354.41,0.479,0,0.877,1.546,0,0.000,0.000,0.000,0.000,0.000,0.000,-0.182,0.032
354.61,0.472,0,0.877,1.546,0,0.000,0.000,0.000,0.000,0.000,0.000,-0.175,0.027
354.81,0.472,0,0.877,1.546,0,0.000,0.000,0.000,0.000,0.000,0.000,-0.168,0.023
355.01,0.470,0,0.876,1.554,0,0.000,0.000,0.000,0.000,0.000,0.000,-0.168,0.023
355.21,0.475,0,0.876,1.554,0,0.000,0.000,0.000,0.000,0.000,0.000,-0.181,0.033
355.41,0.470,0,0.885,1.553,0,0.000,0.000,0.000,0.000,0.000,0.000,-0.179,0.032
355.61,0.470,0,0.885,1.553,0,0.000,0.000,0.000,0.000,0.000,0.000,-0.174,0.019
355.81,0.484,0,0.885,1.553,0,0.000,0.000,0.000,0.000,0.000,0.000,-0.174,0.019
356.01,0.472,0,0.877,1.550,0,0.000,0.000,0.000,0.000,0.000,0.000,-0.168,0.024
356.21,0.470,0,0.877,1.550,0,0.000,0.000,0.000,0.000,0.000,0.000,-0.179,0.027
356.41,0.477,0,0.874,1.552,0,0.000,0.000,0.000,0.000,0.000,0.000,-0.173,0.032
356.61,0.477,0,0.874,1.552,0,0.000,0.000,0.000,0.000,0.000,0.000,-0.172,0.018
356.81,0.475,0,0.874,1.552,0,0.000,0.000,0.000,0.000,0.000,0.000,-0.172,0.018
357.01,0.474,0,0.877,1.551,0,0.000,0.000,0.000,0.000,0.000,0.000,-0.167,0.023
357.21,0.470,0,0.877,1.551,0,0.000,0.000,0.000,0.000,0.000,0.000,-0.173,0.030
357.41,0.470,0,0.873,1.548,0,0.000,0.000,0.000,0.000,0.000,0.000,-0.172,0.032
357.61,0.477,0,0.873,1.548,0,0.000,0.000,0.000,0.000,0.000,0.000,-0.172,0.032
357.81,0.472,0,0.873,1.548,0,0.000,0.000,0.000,0.000,0.000,0.000,-0.175,0.025
358.01,0.477,0,0.874,1.554,0,0.000,0.000,0.000,0.000,0.000,0.000,-0.181,0.031
358.21,0.474,0,0.874,1.554,0,0.000,0.000,0.000,0.000,0.000,0.000,-0.165,0.023
358.41,0.474,0,0.876,1.553,0,0.000,0.000,0.000,0.000,0.000,0.000,-0.175,0.030
358.61,0.484,0,0.876,1.553,0,0.000,0.000,0.000,0.000,0.000,0.000,-0.175,0.030
358.81,0.470,0,0.876,1.553,0,0.000,0.000,0.000,0.000,0.000,0.000,-0.172,0.024
359.01,0.472,0,0.877,1.554,0,0.000,0.000,0.000,0.000,0.000,0.000,-0.170,0.025
359.21,0.472,0,0.877,1.554,0,0.000,0.000,0.000,0.000,0.000,0.000,-0.167,0.023
359.41,0.475,0,0.884,1.556,0,0.000,0.000,0.000,0.000,0.000,0.000,-0.169,0.023
359.61,0.475,0,0.884,1.556,0,0.000,0.000,0.000,0.000,0.000,0.000,-0.169,0.023
359.81,0.488,0,0.884,1.556,0,0.000,0.000,0.000,0.000,0.000,0.000,-0.174,0.025
360.01,0.474,0,0.876,1.555,0,0.000,0.000,0.000,0.000,0.000,0.000,-0.165,0.021
360.21,0.474,0,0.876,1.555,0,0.000,0.000,0.000,0.000,0.000,0.000,-0.166,0.026
360.41,0.475,0,0.876,1.550,0,0.000,0.000,0.000,0.000,0.000,0.000,-0.166,0.026
360.61,0.481,0,0.876,1.550,0,0.000,0.000,0.000,0.000,0.000,0.000,-0.166,0.021
360.81,0.472,0,0.876,1.550,0,0.000,0.000,0.000,0.000,0.000,0.000,-0.169,0.027
361.01,0.472,0,0.881,1.553,0,0.000,0.000,0.000,0.000,0.000,0.000,-0.166,0.030
361.21,0.477,0,0.881,1.553,0,0.000,0.000,0.000,0.000,0.000,0.000,-0.168,0.024
361.41,0.475,0,0.875,1.553,0,0.000,0.000,0.000,0.000,0.000,0.000,-0.168,0.024
361.61,0.472,0,0.875,1.553,0,0.000,0.000,0.000,0.000,0.000,0.000,-0.172,0.030
361.81,0.475,0,0.875,1.553,0,0.000,0.000,0.000,0.000,0.000,0.000,-0.168,0.022
362.01,0.475,0,0.874,1.550,0,0.000,0.000,0.000,0.000,0.000,0.000,-0.168,0.017
362.21,0.486,0,0.874,1.550,0,0.000,0.000,0.000,0.000,0.000,0.000,-0.168,0.017
362.41,0.481,0,0.882,1.545,0,0.000,0.000,0.000,0.000,0.000,0.000,-0.168,0.021
362.61,0.479,0,0.882,1.545,0,0.000,0.000,0.000,0.000,0.000,0.000,-0.166,0.017
362.81,0.479,0,0.882,1.545,0,0.000,0.000,0.000,0.000,0.000,0.000,-0.171,0.021
363.01,0.481,0,0.874,1.550,0,0.000,0.000,0.000,0.000,0.000,0.000,-0.171,0.019
363.21,0.756,0,0.874,1.550,0,0.000,0.000,0.000,0.000,0.000,0.000,-0.171,0.019
363.41,0.475,0,0.876,1.555,0,0.000,0.000,0.000,0.000,0.000,0.000,-0.175,0.028
363.61,0.475,0,0.876,1.555,0,0.000,0.000,0.000,0.000,0.000,0.000,-0.168,0.021
363.81,0.475,0,0.876,1.555,0,0.000,0.000,0.000,0.000,0.000,0.000,-0.161,0.014
364.01,0.757,0,0.887,1.552,0,0.000,0.000,0.000,0.000,0.000,0.000,-0.161,0.014
364.21,0.475,0,0.887,1.552,0,0.000,0.000,0.000,0.000,0.000,0.000,-0.166,0.019
364.41,0.758,0,0.877,1.554,0,0.000,0.000,0.000,0.000,0.000,0.000,-0.169,0.016
364.61,0.758,0,0.877,1.554,0,0.000,0.000,0.000,0.000,0.000,0.000,-0.164,0.011
364.81,0.479,0,0.877,1.554,0,0.000,0.000,0.000,0.000,0.000,0.000,-0.164,0.011
365.01,0.472,0,0.881,1.551,0,0.000,0.000,0.000,0.000,0.000,0.000,-0.171,0.033
365.21,0.475,0,0.881,1.551,0,0.000,0.000,0.000,0.000,0.000,0.000,-0.170,0.019
365.41,0.475,0,0.879,1.552,0,0.000,0.000,0.000,0.000,0.000,0.000,-0.170,0.027
365.61,0.475,0,0.879,1.552,0,0.000,0.000,0.000,0.000,0.000,0.000,-0.173,0.016
365.81,0.472,0,0.879,1.552,0,0.000,0.000,0.000,0.000,0.000,0.000,-0.173,0.016
366.01,0.470,0,0.875,1.552,0,0.000,0.000,0.000,0.000,0.000,0.000,-0.172,0.030
366.21,0.474,0,0.875,1.552,0,0.000,0.000,0.000,0.000,0.000,0.000,-0.168,0.021
366.41,0.474,0,0.876,1.555,0,0.000,0.000,0.000,0.000,0.000,0.000,-0.174,0.027
366.61,0.481,0,0.876,1.555,0,0.000,0.000,0.000,0.000,0.000,0.000,-0.174,0.027
366.81,0.472,0,0.876,1.555,0,0.000,0.000,0.000,0.000,0.000,0.000,-0.164,0.020
367.01,0.477,0,0.877,1.553,0,0.000,0.000,0.000,0.000,0.000,0.000,-0.170,0.025
367.21,0.475,0,0.877,1.553,0,0.000,0.000,0.000,0.000,0.000,0.000,-0.173,0.030
367.41,0.475,0,0.876,1.554,0,0.000,0.000,0.000,0.000,0.000,0.000,-0.167,0.026
367.61,0.475,0,0.876,1.554,0,0.000,0.000,0.000,0.000,0.000,0.000,-0.167,0.026
367.81,0.479,0,0.876,1.554,0,0.000,0.000,0.000,0.000,0.000,0.000,-0.164,0.032
368.01,0.472,0,0.881,1.551,0,0.000,0.000,0.000,0.000,0.000,0.000,-0.165,0.024
368.21,0.472,0,0.881,1.551,0,0.000,0.000,0.000,0.000,0.000,0.000,-0.175,0.039
368.41,0.477,0,0.882,1.553,0,0.000,0.000,0.000,0.000,0.000,0.000,-0.175,0.039
368.61,0.472,0,0.882,1.553,0,0.000,0.000,0.000,0.000,0.000,0.000,-0.167,0.030
368.81,0.475,0,0.882,1.553,0,0.000,0.000,0.000,0.000,0.000,0.000,-0.159,0.023
369.01,0.105,0,0.874,1.550,0,0.000,0.000,0.000,0.000,0.000,0.000,-0.171,0.023
369.21,0.105,0,0.874,1.550,0,0.000,0.000,0.000,0.000,0.000,0.000,-0.174,0.037
369.41,0.105,0,0.877,1.552,0,0.000,0.000,0.000,0.000,0.000,0.000,-0.174,0.037
369.61,0.105,0,0.877,1.552,0,0.000,0.000,0.000,0.000,0.000,0.000,-0.168,0.025
369.81,0.106,0,0.877,1.552,0,0.000,0.000,0.000,0.000,0.000,0.000,-0.165,0.014
370.01,0.106,0,0.875,1.557,0,0.000,0.000,0.000,0.000,0.000,0.000,-0.169,0.020
370.21,0.474,0,0.875,1.557,0,0.000,0.000,0.000,0.000,0.000,0.000,-0.169,0.027
370.41,0.105,0,0.875,1.550,0,0.000,0.000,0.000,0.000,0.000,0.000,-0.169,0.027
370.61,0.105,0,0.875,1.550,0,0.000,0.000,0.000,0.000,0.000,0.000,-0.166,0.026
370.81,0.475,0,0.875,1.550,0,0.000,0.000,0.000,0.000,0.000,0.000,-0.170,0.022
371.01,0.475,0,0.879,1.547,0,0.000,0.000,0.000,0.000,0.000,0.000,-0.172,0.026
371.21,0.486,0,0.879,1.547,0,0.000,0.000,0.000,0.000,0.000,0.000,-0.172,0.026
371.41,0.106,0,0.879,1.551,0,0.000,0.000,0.000,0.000,0.000,0.000,-0.167,0.016
371.61,0.105,0,0.879,1.551,0,0.000,0.000,0.000,0.000,0.000,0.000,-0.163,0.029
371.81,0.105,0,0.879,1.551,0,0.000,0.000,0.000,0.000,0.000,0.000,-0.167,0.022
372.01,0.470,0,0.875,1.552,0,0.000,0.000,0.000,0.000,0.000,0.000,-0.168,0.023
372.21,0.759,0,0.875,1.552,0,0.000,0.000,0.000,0.000,0.000,0.000,-0.168,0.023
372.41,0.106,0,0.888,1.548,0,0.000,0.000,0.000,0.000,0.000,0.000,-0.168,0.017
372.61,0.475,0,0.888,1.548,0,0.000,0.000,0.000,0.000,0.000,0.000,-0.166,0.019
372.81,0.475,0,0.888,1.548,0,0.000,0.000,0.000,0.000,0.000,0.000,-0.166,0.021
373.01,0.481,0,0.875,1.549,0,0.000,0.000,0.000,0.000,0.000,0.000,-0.166,0.021
373.21,0.105,0,0.875,1.549,0,0.000,0.000,0.000,0.000,0.000,0.000,-0.166,0.024
373.41,0.475,0,0.884,1.554,0,0.000,0.000,0.000,0.000,0.000,0.000,-0.159,0.024
373.61,0.475,0,0.884,1.554,0,0.000,0.000,0.000,0.000,0.000,0.000,-0.163,0.024
373.81,0.475,0,0.884,1.554,0,0.000,0.000,0.000,0.000,0.000,0.000,-0.166,0.025
374.01,0.475,0,0.876,1.553,0,0.000,0.000,0.000,0.000,0.000,0.000,-0.166,0.025
374.21,0.477,0,0.876,1.553,0,0.000,0.000,0.000,0.000,0.000,0.000,-0.171,0.031
374.41,0.481,0,0.875,1.553,0,0.000,0.000,0.000,0.000,0.000,0.000,-0.166,0.021
374.61,0.481,0,0.875,1.553,0,0.000,0.000,0.000,0.000,0.000,0.000,-0.167,0.027
374.81,0.475,0,0.875,1.553,0,0.000,0.000,0.000,0.000,0.000,0.000,-0.167,0.027
375.01,0.105,0,0.881,1.554,0,0.000,0.000,0.000,0.000,0.000,0.000,-0.165,0.028
375.21,0.475,0,0.881,1.554,0,0.000,0.000,0.000,0.000,0.000,0.000,-0.163,0.025
375.41,0.475,0,0.875,1.558,0,0.000,0.000,0.000,0.000,0.000,0.000,-0.165,0.032
375.61,0.474,0,0.875,1.558,0,0.000,0.000,0.000,0.000,0.000,0.000,-0.165,0.032
375.81,0.105,0,0.875,1.558,0,0.000,0.000,0.000,0.000,0.000,0.000,-0.169,0.023
376.01,0.474,0,0.875,1.556,0,0.000,0.000,0.000,0.000,0.000,0.000,-0.170,0.025
376.21,0.475,0,0.875,1.556,0,0.000,0.000,0.000,0.000,0.000,0.000,-0.181,0.047
376.41,0.475,0,0.876,1.548,0,0.000,0.000,0.000,0.000,0.000,0.000,-0.172,0.026
376.61,0.106,0,0.876,1.548,0,0.000,0.000,0.000,0.000,0.000,0.000,-0.172,0.026
376.81,0.105,0,0.876,1.548,0,0.000,0.000,0.000,0.000,0.000,0.000,-0.167,0.021
377.01,0.470,0,0.875,1.549,0,0.000,0.000,0.000,0.000,0.000,0.000,-0.165,0.022
377.21,0.470,0,0.875,1.549,0,0.000,0.000,0.000,0.000,0.000,0.000,-0.166,0.031
377.41,0.470,0,0.875,1.556,0,0.000,0.000,0.000,0.000,0.000,0.000,-0.166,0.031
377.61,0.477,0,0.875,1.556,0,0.000,0.000,0.000,0.000,0.000,0.000,-0.176,0.027
377.81,0.481,0,0.875,1.556,0,0.000,0.000,0.000,0.000,0.000,0.000,-0.172,0.033
378.01,0.756,0,0.877,1.556,0,0.000,0.000,0.000,0.000,0.000,0.000,-0.169,0.025
378.21,0.756,0,0.877,1.556,0,0.000,0.000,0.000,0.000,0.000,0.000,-0.177,0.039
378.41,0.481,0,0.879,1.558,0,0.000,0.000,0.000,0.000,0.000,0.000,-0.177,0.039
378.61,0.758,0,0.879,1.558,0,0.000,0.000,0.000,0.000,0.000,0.000,-0.172,0.035
378.81,0.477,0,0.879,1.558,0,0.000,0.000,0.000,0.000,0.000,0.000,-0.178,0.035
379.01,0.477,0,0.875,1.554,0,0.000,0.000,0.000,0.000,0.000,0.000,-0.158,0.027
379.21,0.479,0,0.875,1.554,0,0.000,0.000,0.000,0.000,0.000,0.000,-0.158,0.027
379.41,0.474,0,0.877,1.558,0,0.000,0.000,0.000,0.000,0.000,0.000,-0.169,0.021
379.61,0.472,0,0.877,1.558,0,0.000,0.000,0.000,0.000,0.000,0.000,-0.163,0.024
379.81,0.758,0,0.877,1.558,0,0.000,0.000,0.000,0.000,0.000,0.000,-0.177,0.036
380.01,0.758,0,0.876,1.555,0,0.000,0.000,0.000,0.000,0.000,0.000,-0.162,0.020
380.21,0.105,0,0.876,1.555,0,0.000,0.000,0.000,0.000,0.000,0.000,-0.162,0.020
380.41,0.475,0,0.882,1.552,0,0.000,0.000,0.000,0.000,0.000,0.000,-0.172,0.028
380.61,0.474,0,0.882,1.552,0,0.000,0.000,0.000,0.000,0.000,0.000,-0.178,0.039
380.81,0.474,0,0.882,1.552,0,0.000,0.000,0.000,0.000,0.000,0.000,-0.173,0.039
381.01,0.474,0,0.881,1.556,0,0.000,0.000,0.000,0.000,0.000,0.000,-0.173,0.039
381.21,0.475,0,0.881,1.556,0,0.000,0.000,0.000,0.000,0.000,0.000,-0.161,0.026
381.41,0.475,0,0.874,1.558,0,0.000,0.000,0.000,0.000,0.000,0.000,-0.170,0.027
381.61,0.474,0,0.874,1.558,0,0.000,0.000,0.000,0.000,0.000,0.000,-0.172,0.034
381.81,0.474,0,0.874,1.558,0,0.000,0.000,0.000,0.000,0.000,0.000,-0.170,0.035
382.01,0.474,0,0.886,1.558,0,0.000,0.000,0.000,0.000,0.000,0.000,-0.170,0.035
382.21,0.472,0,0.886,1.558,0,0.000,0.000,0.000,0.000,0.000,0.000,-0.166,0.024
382.41,0.481,0,0.883,1.555,0,0.000,0.000,0.000,0.000,0.000,0.000,-0.178,0.038
382.61,0.481,0,0.883,1.555,0,0.000,0.000,0.000,0.000,0.000,0.000,-0.176,0.032
382.81,0.484,0,0.883,1.555,0,0.000,0.000,0.000,0.000,0.000,0.000,-0.176,0.032
383.01,0.475,0,0.876,1.556,0,0.000,0.000,0.000,0.000,0.000,0.000,-0.166,0.034
383.21,0.470,0,0.876,1.556,0,0.000,0.000,0.000,0.000,0.000,0.000,-0.167,0.014
383.41,0.474,0,0.881,1.556,0,0.000,0.000,0.000,0.000,0.000,0.000,-0.174,0.029
383.61,0.474,0,0.881,1.556,0,0.000,0.000,0.000,0.000,0.000,0.000,-0.171,0.024
383.81,0.488,0,0.881,1.556,0,0.000,0.000,0.000,0.000,0.000,0.000,-0.171,0.024
384.01,0.475,0,0.876,1.555,0,0.000,0.000,0.000,0.000,0.000,0.000,-0.166,0.024
384.21,0.472,0,0.876,1.555,0,0.000,0.000,0.000,0.000,0.000,0.000,-0.164,0.031
384.41,0.472,0,0.875,1.558,0,0.000,0.000,0.000,0.000,0.000,0.000,-0.174,0.036
384.61,0.475,0,0.875,1.558,0,0.000,0.000,0.000,0.000,0.000,0.000,-0.161,0.027
384.81,0.477,0,0.875,1.558,0,0.000,0.000,0.000,0.000,0.000,0.000,-0.161,0.027
385.01,0.479,0,0.873,1.557,0,0.000,0.000,0.000,0.000,0.000,0.000,-0.160,0.026
385.21,0.475,0,0.873,1.557,0,0.000,0.000,0.000,0.000,0.000,0.000,-0.166,0.041
385.41,0.475,0,0.876,1.557,0,0.000,0.000,0.000,0.000,0.000,0.000,-0.172,0.031
385.61,0.470,0,0.876,1.557,0,0.000,0.000,0.000,0.000,0.000,0.000,-0.172,0.031
385.81,0.481,0,0.876,1.557,0,0.000,0.000,0.000,0.000,0.000,0.000,-0.167,0.031
386.01,0.475,0,0.876,1.556,0,0.000,0.000,0.000,0.000,0.000,0.000,-0.164,0.031
386.21,0.105,0,0.876,1.556,0,0.000,0.000,0.000,0.000,0.000,0.000,-0.165,0.026
386.41,0.105,0,0.887,1.555,0,0.000,0.000,0.000,0.000,0.000,0.000,-0.166,0.032
386.61,0.470,0,0.887,1.555,0,0.000,0.000,0.000,0.000,0.000,0.000,-0.166,0.032
386.81,0.105,0,0.887,1.555,0,0.000,0.000,0.000,0.000,0.000,0.000,-0.160,0.015
387.01,0.488,0,0.873,1.558,0,0.000,0.000,0.000,0.000,0.000,0.000,-0.163,0.014
387.21,0.488,0,0.873,1.558,0,0.000,0.000,0.000,0.000,0.000,0.000,-0.168,0.016
387.41,0.475,0,0.875,1.552,0,0.000,0.000,0.000,0.000,0.000,0.000,-0.168,0.016
387.61,0.477,0,0.875,1.552,0,0.000,0.000,0.000,0.000,0.000,0.000,-0.160,0.012
387.81,0.755,0,0.875,1.552,0,0.000,0.000,0.000,0.000,0.000,0.000,-0.158,0.014
388.01,0.486,0,0.872,1.556,0,0.000,0.000,0.000,0.000,0.000,0.000,-0.169,0.024
388.21,0.486,0,0.872,1.556,0,0.000,0.000,0.000,0.000,0.000,0.000,-0.167,0.019
388.41,0.756,0,0.875,1.552,0,0.000,0.000,0.000,0.000,0.000,0.000,-0.167,0.019
388.61,0.105,0,0.875,1.552,0,0.000,0.000,0.000,0.000,0.000,0.000,-0.159,0.028
388.81,0.475,0,0.875,1.552,0,0.000,0.000,0.000,0.000,0.000,0.000,-0.168,0.020
389.01,0.475,0,0.874,1.555,0,0.000,0.000,0.000,0.000,0.000,0.000,-0.167,0.017
389.21,0.479,0,0.874,1.555,0,0.000,0.000,0.000,0.000,0.000,0.000,-0.167,0.017
389.41,0.470,0,0.877,1.549,0,0.000,0.000,0.000,0.000,0.000,0.000,-0.167,0.024
389.61,0.106,0,0.877,1.549,0,0.000,0.000,0.000,0.000,0.000,0.000,-0.166,0.025
389.81,0.475,0,0.877,1.549,0,0.000,0.000,0.000,0.000,0.000,0.000,-0.176,0.027
390.01,0.475,0,0.877,1.550,0,0.000,0.000,0.000,0.000,0.000,0.000,-0.170,0.026
390.21,0.472,0,0.877,1.550,0,0.000,0.000,0.000,0.000,0.000,0.000,-0.170,0.026
390.41,0.755,0,0.887,1.553,0,0.000,0.000,0.000,0.000,0.000,0.000,-0.177,0.032
390.61,0.105,0,0.887,1.553,0,0.000,0.000,0.000,0.000,0.000,0.000,-0.170,0.021
390.81,0.105,0,0.887,1.553,0,0.000,0.000,0.000,0.000,0.000,0.000,-0.168,0.026
391.01,0.474,0,0.883,1.556,0,0.000,0.000,0.000,0.000,0.000,0.000,-0.168,0.026
391.21,0.106,0,0.883,1.556,0,0.000,0.000,0.000,0.000,0.000,0.000,-0.165,0.022
391.41,0.479,0,0.875,1.553,0,0.000,0.000,0.000,0.000,0.000,0.000,-0.170,0.026
391.61,0.475,0,0.875,1.553,0,0.000,0.000,0.000,0.000,0.000,0.000,-0.184,0.035
391.81,0.475,0,0.875,1.553,0,0.000,0.000,0.000,0.000,0.000,0.000,-0.167,0.025
392.01,0.477,0,0.873,1.555,0,0.000,0.000,0.000,0.000,0.000,0.000,-0.167,0.025
392.21,0.472,0,0.873,1.555,0,0.000,0.000,0.000,0.000,0.000,0.000,-0.168,0.030
392.41,0.757,0,0.878,1.553,0,0.000,0.000,0.000,0.000,0.000,0.000,-0.170,0.025
392.61,0.757,0,0.878,1.553,0,0.000,0.000,0.000,0.000,0.000,0.000,-0.160,0.019
392.81,0.758,0,0.878,1.553,0,0.000,0.000,0.000,0.000,0.000,0.000,-0.160,0.019
393.01,0.488,0,0.875,1.553,0,0.000,0.000,0.000,0.000,0.000,0.000,-0.169,0.029
393.21,0.105,0,0.875,1.553,0,0.000,0.000,0.000,0.000,0.000,0.000,-0.174,0.031
393.41,0.756,0,0.877,1.552,0,0.000,0.000,0.000,0.000,0.000,0.000,-0.170,0.019
393.61,0.756,0,0.877,1.552,0,0.000,0.000,0.000,0.000,0.000,0.000,-0.167,0.033
393.81,0.474,0,0.877,1.552,0,0.000,0.000,0.000,0.000,0.000,0.000,-0.167,0.033
394.01,0.474,0,0.878,1.554,0,0.000,0.000,0.000,0.000,0.000,0.000,-0.175,0.033
394.21,0.755,0,0.878,1.554,0,0.000,0.000,0.000,0.000,0.000,0.000,-0.166,0.023
394.41,0.755,0,0.877,1.552,0,0.000,0.000,0.000,0.000,0.000,0.000,-0.161,0.015
394.61,0.105,0,0.877,1.552,0,0.000,0.000,0.000,0.000,0.000,0.000,-0.166,0.035
394.81,0.106,0,0.877,1.552,0,0.000,0.000,0.000,0.000,0.000,0.000,-0.166,0.035
395.01,0.470,0,0.880,1.555,0,0.000,0.000,0.000,0.000,0.000,0.000,-0.165,0.022
395.21,0.479,0,0.880,1.555,0,0.000,0.000,0.000,0.000,0.000,0.000,-0.158,0.019
395.41,0.479,0,0.873,1.555,0,0.000,0.000,0.000,0.000,0.000,0.000,-0.175,0.025
395.61,0.472,0,0.873,1.555,0,0.000,0.000,0.000,0.000,0.000,0.000,-0.175,0.025
395.81,0.479,0,0.873,1.555,0,0.000,0.000,0.000,0.000,0.000,0.000,-0.168,0.017
396.01,0.472,0,2.361,1.553,0,0.000,0.000,0.000,0.000,0.000,0.000,-0.170,0.029
396.21,0.475,0,2.361,1.553,0,0.000,0.000,0.000,0.000,0.000,0.000,-0.170,0.025
396.41,0.475,0,0.876,1.554,0,0.000,0.000,0.000,0.000,0.000,0.000,-0.164,0.017
396.61,0.475,0,0.876,1.554,0,0.000,0.000,0.000,0.000,0.000,0.000,-0.164,0.017
396.81,0.477,0,0.876,1.554,0,0.000,0.000,0.000,0.000,0.000,0.000,-0.171,0.018
397.01,0.486,0,0.873,1.556,0,0.000,0.000,0.000,0.000,0.000,0.000,-0.167,0.025
397.21,0.486,0,0.873,1.556,0,0.000,0.000,0.000,0.000,0.000,0.000,-0.175,0.023
397.41,0.482,0,0.874,1.553,0,0.000,0.000,0.000,0.000,0.000,0.000,-0.175,0.023
397.61,0.475,0,0.874,1.553,0,0.000,0.000,0.000,0.000,0.000,0.000,-0.161,0.010
397.81,0.475,0,0.874,1.553,0,0.000,0.000,0.000,0.000,0.000,0.000,-0.169,0.021
398.01,0.472,0,0.874,1.553,0,0.000,0.000,0.000,0.000,0.000,0.000,-0.164,0.023
398.21,0.472,0,0.874,1.553,0,0.000,0.000,0.000,0.000,0.000,0.000,-0.169,0.028
398.41,0.472,0,0.876,1.554,0,0.000,0.000,0.000,0.000,0.000,0.000,-0.169,0.028
398.61,0.479,0,0.876,1.554,0,0.000,0.000,0.000,0.000,0.000,0.000,-0.174,0.029
398.81,0.477,0,0.876,1.554,0,0.000,0.000,0.000,0.000,0.000,0.000,-0.169,0.032
399.01,0.477,0,0.887,1.553,0,0.000,0.000,0.000,0.000,0.000,0.000,-0.167,0.016
399.21,0.479,0,0.887,1.553,0,0.000,0.000,0.000,0.000,0.000,0.000,-0.167,0.016
399.41,0.477,0,0.875,1.555,0,0.000,0.000,0.000,0.000,0.000,0.000,-0.163,0.012
399.61,0.475,0,0.875,1.555,0,0.000,0.000,0.000,0.000,0.000,0.000,-0.171,0.016
399.81,0.474,0,0.875,1.555,0,0.000,0.000,0.000,0.000,0.000,0.000,-0.166,0.025
400.01,0.474,0,0.872,1.555,0,0.000,0.000,0.000,0.000,0.000,0.000,-0.182,0.026
400.21,0.475,0,0.872,1.555,0,0.000,0.000,0.000,0.000,0.000,0.000,-0.182,0.026
400.41,0.475,0,0.872,1.550,0,0.000,0.000,0.000,0.000,0.000,0.000,-0.181,0.031
400.61,0.470,0,0.872,1.550,0,0.000,0.000,0.000,0.000,0.000,0.000,-0.176,0.032
400.81,0.470,0,0.872,1.550,0,0.000,0.000,0.000,0.000,0.000,0.000,-0.169,0.019
401.01,0.472,0,0.881,1.555,0,0.000,0.000,0.000,0.000,0.000,0.000,-0.169,0.019
401.21,0.481,0,0.881,1.555,0,0.000,0.000,0.000,0.000,0.000,0.000,-0.169,0.023
401.41,0.472,0,0.879,1.549,0,0.000,0.000,0.000,0.000,0.000,0.000,-0.168,0.017
401.61,0.475,0,0.879,1.549,0,0.000,0.000,0.000,0.000,0.000,0.000,-0.167,0.030
401.81,0.475,0,0.879,1.549,0,0.000,0.000,0.000,0.000,0.000,0.000,-0.165,0.015
402.01,0.486,0,0.873,1.555,0,0.000,0.000,0.000,0.000,0.000,0.000,-0.165,0.015
402.21,0.475,0,0.873,1.555,0,0.000,0.000,0.000,0.000,0.000,0.000,-0.169,0.027
402.41,0.470,0,0.873,1.554,0,0.000,0.000,0.000,0.000,0.000,0.000,-0.172,0.025
402.61,0.470,0,0.873,1.554,0,0.000,0.000,0.000,0.000,0.000,0.000,-0.167,0.023
402.81,0.488,0,0.873,1.554,0,0.000,0.000,0.000,0.000,0.000,0.000,-0.167,0.023
403.01,0.477,0,0.886,1.553,0,0.000,0.000,0.000,0.000,0.000,0.000,-0.172,0.021
403.21,0.477,0,0.886,1.553,0,0.000,0.000,0.000,0.000,0.000,0.000,-0.167,0.028
403.41,0.475,0,0.885,1.553,0,0.000,0.000,0.000,0.000,0.000,0.000,-0.169,0.019
403.61,0.475,0,0.885,1.553,0,0.000,0.000,0.000,0.000,0.000,0.000,-0.164,0.014
403.81,0.474,0,0.885,1.553,0,0.000,0.000,0.000,0.000,0.000,0.000,-0.164,0.014
404.01,0.475,0,0.879,1.555,0,0.000,0.000,0.000,0.000,0.000,0.000,-0.166,0.020
404.21,0.481,0,0.879,1.555,0,0.000,0.000,0.000,0.000,0.000,0.000,-0.170,0.022
404.41,0.481,0,0.876,1.554,0,0.000,0.000,0.000,0.000,0.000,0.000,-0.170,0.023
404.61,0.472,0,0.876,1.554,0,0.000,0.000,0.000,0.000,0.000,0.000,-0.170,0.023
404.81,0.470,0,0.876,1.554,0,0.000,0.000,0.000,0.000,0.000,0.000,-0.160,0.018
405.01,0.472,0,0.884,1.551,0,0.000,0.000,0.000,0.000,0.000,0.000,-0.168,0.018
405.21,0.488,0,0.884,1.551,0,0.000,0.000,0.000,0.000,0.000,0.000,-0.167,0.021
405.41,0.488,0,0.877,1.555,0,0.000,0.000,0.000,0.000,0.000,0.000,-0.169,0.025
405.61,0.482,0,0.877,1.555,0,0.000,0.000,0.000,0.000,0.000,0.000,-0.169,0.025
405.81,0.475,0,0.877,1.555,0,0.000,0.000,0.000,0.000,0.000,0.000,-0.178,0.032
406.01,0.475,0,0.879,1.554,0,0.000,0.000,0.000,0.000,0.000,0.000,-0.182,0.033
406.21,0.475,0,0.879,1.554,0,0.000,0.000,0.000,0.000,0.000,0.000,-0.171,0.021
406.41,0.479,0,0.873,1.551,0,0.000,0.000,0.000,0.000,0.000,0.000,-0.171,0.021
406.61,0.472,0,0.873,1.551,0,0.000,0.000,0.000,0.000,0.000,0.000,-0.167,0.026
406.81,0.482,0,0.873,1.551,0,0.000,0.000,0.000,0.000,0.000,0.000,-0.166,0.015
407.01,0.470,0,0.875,1.552,0,0.000,0.000,0.000,0.000,0.000,0.000,-0.172,0.025
407.21,0.470,0,0.875,1.552,0,0.000,0.000,0.000,0.000,0.000,0.000,-0.168,0.023
407.41,0.470,0,0.882,1.554,0,0.000,0.000,0.000,0.000,0.000,0.000,-0.168,0.023
407.61,0.477,0,0.882,1.554,0,0.000,0.000,0.000,0.000,0.000,0.000,-0.178,0.026
407.81,0.475,0,0.882,1.554,0,0.000,0.000,0.000,0.000,0.000,0.000,-0.174,0.029
408.01,0.475,0,0.875,1.551,0,0.000,0.000,0.000,0.000,0.000,0.000,-0.169,0.020
408.21,0.486,0,0.875,1.551,0,0.000,0.000,0.000,0.000,0.000,0.000,-0.169,0.020
408.41,0.472,0,0.882,1.549,0,0.000,0.000,0.000,0.000,0.000,0.000,-0.162,0.017
408.61,0.470,0,0.882,1.549,0,0.000,0.000,0.000,0.000,0.000,0.000,-0.171,0.023
408.81,0.475,0,0.882,1.549,0,0.000,0.000,0.000,0.000,0.000,0.000,-0.170,0.025
409.01,0.475,0,0.880,1.554,0,0.000,0.000,0.000,0.000,0.000,0.000,-0.166,0.029
409.21,0.475,0,0.880,1.554,0,0.000,0.000,0.000,0.000,0.000,0.000,-0.166,0.029
409.41,0.477,0,0.874,1.553,0,0.000,0.000,0.000,0.000,0.000,0.000,-0.168,0.029
409.61,0.757,0,0.874,1.553,0,0.000,0.000,0.000,0.000,0.000,0.000,-0.169,0.017
409.81,0.757,0,0.874,1.553,0,0.000,0.000,0.000,0.000,0.000,0.000,-0.173,0.022
410.01,0.474,0,0.875,1.554,0,0.000,0.000,0.000,0.000,0.000,0.000,-0.173,0.022
410.21,0.470,0,0.875,1.554,0,0.000,0.000,0.000,0.000,0.000,0.000,-0.161,0.018
410.41,0.479,0,0.875,1.548,0,0.000,0.000,0.000,0.000,0.000,0.000,-0.171,0.021
410.61,0.474,0,0.875,1.548,0,0.000,0.000,0.000,0.000,0.000,0.000,-0.164,0.021
410.81,0.474,0,0.875,1.548,0,0.000,0.000,0.000,0.000,0.000,0.000,-0.167,0.027
411.01,0.475,0,0.876,1.552,0,0.000,0.000,0.000,0.000,0.000,0.000,-0.167,0.027
411.21,0.474,0,0.876,1.552,0,0.000,0.000,0.000,0.000,0.000,0.000,-0.168,0.026
411.41,0.475,0,0.873,1.553,0,0.000,0.000,0.000,0.000,0.000,0.000,-0.170,0.022
411.61,0.475,0,0.873,1.553,0,0.000,0.000,0.000,0.000,0.000,0.000,-0.172,0.020
411.81,0.470,0,0.873,1.553,0,0.000,0.000,0.000,0.000,0.000,0.000,-0.172,0.020
412.01,0.477,0,0.886,1.548,0,0.000,0.000,0.000,0.000,0.000,0.000,-0.167,0.026
412.21,0.481,0,0.886,1.548,0,0.000,0.000,0.000,0.000,0.000,0.000,-0.170,0.023
412.41,0.472,0,0.874,1.554,0,0.000,0.000,0.000,0.000,0.000,0.000,-0.164,0.019
412.61,0.472,0,0.874,1.554,0,0.000,0.000,0.000,0.000,0.000,0.000,-0.166,0.017
412.81,0.470,0,0.874,1.554,0,0.000,0.000,0.000,0.000,0.000,0.000,-0.166,0.017
413.01,0.475,0,0.882,1.556,0,0.000,0.000,0.000,0.000,0.000,0.000,-0.167,0.024
413.21,0.756,0,0.882,1.556,0,0.000,0.000,0.000,0.000,0.000,0.000,-0.166,0.017
413.41,0.756,0,0.873,1.549,0,0.000,0.000,0.000,0.000,0.000,0.000,-0.173,0.028
413.61,0.479,0,0.873,1.549,0,0.000,0.000,0.000,0.000,0.000,0.000,-0.173,0.028
413.81,0.472,0,0.873,1.549,0,0.000,0.000,0.000,0.000,0.000,0.000,-0.171,0.024
414.01,0.470,0,0.875,1.553,0,0.000,0.000,0.000,0.000,0.000,0.000,-0.165,0.018
414.21,0.470,0,0.875,1.553,0,0.000,0.000,0.000,0.000,0.000,0.000,-0.167,0.019
414.41,0.470,0,0.881,1.550,0,0.000,0.000,0.000,0.000,0.000,0.000,-0.172,0.026
414.61,0.475,0,0.881,1.550,0,0.000,0.000,0.000,0.000,0.000,0.000,-0.172,0.026
414.81,0.477,0,0.881,1.550,0,0.000,0.000,0.000,0.000,0.000,0.000,-0.174,0.027
415.01,0.755,0,0.874,1.553,0,0.000,0.000,0.000,0.000,0.000,0.000,-0.163,0.025
415.21,0.755,0,0.874,1.553,0,0.000,0.000,0.000,0.000,0.000,0.000,-0.162,0.020
415.41,0.105,0,0.874,1.553,0,0.000,0.000,0.000,0.000,0.000,0.000,-0.162,0.020
415.61,0.477,0,0.874,1.553,0,0.000,0.000,0.000,0.000,0.000,0.000,-0.169,0.028
415.81,0.757,0,0.874,1.553,0,0.000,0.000,0.000,0.000,0.000,0.000,-0.164,0.019
416.01,0.475,0,0.886,1.548,0,0.000,0.000,0.000,0.000,0.000,0.000,-0.169,0.029
416.21,0.475,0,0.886,1.548,0,0.000,0.000,0.000,0.000,0.000,0.000,-0.155,0.011
416.41,0.757,0,0.876,1.547,0,0.000,0.000,0.000,0.000,0.000,0.000,-0.155,0.011
416.61,0.477,0,0.876,1.547,0,0.000,0.000,0.000,0.000,0.000,0.000,-0.166,0.021
416.81,0.475,0,0.876,1.547,0,0.000,0.000,0.000,0.000,0.000,0.000,-0.160,0.026
417.01,0.475,0,0.881,1.553,0,0.000,0.000,0.000,0.000,0.000,0.000,-0.155,0.013
417.21,0.106,0,0.881,1.553,0,0.000,0.000,0.000,0.000,0.000,0.000,-0.155,0.013
417.41,0.488,0,0.875,1.551,0,0.000,0.000,0.000,0.000,0.000,0.000,-0.163,0.022
417.61,0.105,0,0.875,1.551,0,0.000,0.000,0.000,0.000,0.000,0.000,-0.163,0.030
417.81,0.472,0,0.875,1.551,0,0.000,0.000,0.000,0.000,0.000,0.000,-0.157,0.024
418.01,0.472,0,0.880,1.553,0,0.000,0.000,0.000,0.000,0.000,0.000,-0.162,0.028
418.21,0.472,0,0.880,1.553,0,0.000,0.000,0.000,0.000,0.000,0.000,-0.162,0.028
418.41,0.756,0,0.881,1.550,0,0.000,0.000,0.000,0.000,0.000,0.000,-0.161,0.016
418.61,0.105,0,0.881,1.550,0,0.000,0.000,0.000,0.000,0.000,0.000,-0.162,0.029
418.81,0.105,0,0.881,1.550,0,0.000,0.000,0.000,0.000,0.000,0.000,-0.158,0.023
419.01,0.105,0,0.886,1.553,0,0.000,0.000,0.000,0.000,0.000,0.000,-0.158,0.023
419.21,0.470,0,0.886,1.553,0,0.000,0.000,0.000,0.000,0.000,0.000,-0.156,0.021
419.41,0.759,0,0.876,1.554,0,0.000,0.000,0.000,0.000,0.000,0.000,-0.166,0.033
419.61,0.477,0,0.876,1.554,0,0.000,0.000,0.000,0.000,0.000,0.000,-0.162,0.033
419.81,0.477,0,0.876,1.554,0,0.000,0.000,0.000,0.000,0.000,0.000,-0.168,0.022
420.01,0.488,0,0.884,1.553,0,0.000,0.000,0.000,0.000,0.000,0.000,-0.168,0.022
420.21,0.106,0,0.884,1.553,0,0.000,0.000,0.000,0.000,0.000,0.000,-0.161,0.019
420.41,0.481,0,0.875,1.558,0,0.000,0.000,0.000,0.000,0.000,0.000,-0.162,0.011
420.61,0.481,0,0.875,1.558,0,0.000,0.000,0.000,0.000,0.000,0.000,-0.152,0.012
420.81,0.105,0,0.875,1.558,0,0.000,0.000,0.000,0.000,0.000,0.000,-0.152,0.012
421.01,0.106,0,0.874,1.553,0,0.000,0.000,0.000,0.000,0.000,0.000,-0.152,0.016
421.21,0.472,0,0.874,1.553,0,0.000,0.000,0.000,0.000,0.000,0.000,-0.154,-0.001
421.41,0.470,0,0.883,1.555,0,0.000,0.000,0.000,0.000,0.000,0.000,-0.155,0.017
421.61,0.470,0,0.883,1.555,0,0.000,0.000,0.000,0.000,0.000,0.000,-0.161,0.008
421.81,0.481,0,0.883,1.555,0,0.000,0.000,0.000,0.000,0.000,0.000,-0.161,0.008
422.01,0.488,0,0.876,1.551,0,0.000,0.000,0.000,0.000,0.000,0.000,-0.163,0.015
422.21,0.105,0,0.876,1.551,0,0.000,0.000,0.000,0.000,0.000,0.000,-0.165,0.015
422.41,0.105,0,0.875,1.554,0,0.000,0.000,0.000,0.000,0.000,0.000,-0.162,0.014
422.61,0.105,0,0.875,1.554,0,0.000,0.000,0.000,0.000,0.000,0.000,-0.162,0.014
422.81,0.486,0,0.875,1.554,0,0.000,0.000,0.000,0.000,0.000,0.000,-0.157,0.011
423.01,0.106,0,0.875,1.553,0,0.000,0.000,0.000,0.000,0.000,0.000,-0.161,0.011
423.21,0.470,0,0.875,1.553,0,0.000,0.000,0.000,0.000,0.000,0.000,-0.162,0.020
423.41,0.470,0,0.877,1.556,0,0.000,0.000,0.000,0.000,0.000,0.000,-0.150,0.009
423.61,0.475,0,0.877,1.556,0,0.000,0.000,0.000,0.000,0.000,0.000,-0.150,0.009
423.81,0.105,0,0.877,1.556,0,0.000,0.000,0.000,0.000,0.000,0.000,-0.157,0.015
424.01,0.470,0,0.881,1.554,0,0.000,0.000,0.000,0.000,0.000,0.000,-0.168,0.024
424.21,0.470,0,0.881,1.554,0,0.000,0.000,0.000,0.000,0.000,0.000,-0.159,0.023
424.41,0.474,0,0.882,1.554,0,0.000,0.000,0.000,0.000,0.000,0.000,-0.159,0.023
424.61,0.470,0,0.882,1.554,0,0.000,0.000,0.000,0.000,0.000,0.000,-0.164,0.019
424.81,0.470,0,0.882,1.554,0,0.000,0.000,0.000,0.000,0.000,0.000,-0.160,0.013
425.01,0.474,0,0.875,1.554,0,0.000,0.000,0.000,0.000,0.000,0.000,-0.162,0.019
425.21,0.474,0,0.875,1.554,0,0.000,0.000,0.000,0.000,0.000,0.000,-0.152,0.015
425.41,0.481,0,0.877,1.555,0,0.000,0.000,0.000,0.000,0.000,0.000,-0.152,0.015
425.61,0.105,0,0.877,1.555,0,0.000,0.000,0.000,0.000,0.000,0.000,-0.156,0.012
425.81,0.756,0,0.877,1.555,0,0.000,0.000,0.000,0.000,0.000,0.000,-0.158,0.018
426.01,0.756,0,0.874,1.553,0,0.000,0.000,0.000,0.000,0.000,0.000,-0.163,0.020
426.21,0.105,0,0.874,1.553,0,0.000,0.000,0.000,0.000,0.000,0.000,-0.163,0.020
426.41,0.105,0,0.872,1.555,0,0.000,0.000,0.000,0.000,0.000,0.000,-0.162,0.010
426.61,0.475,0,0.872,1.555,0,0.000,0.000,0.000,0.000,0.000,0.000,-0.156,0.009
426.81,0.470,0,0.872,1.555,0,0.000,0.000,0.000,0.000,0.000,0.000,-0.155,0.006
427.01,0.470,0,0.876,1.549,0,0.000,0.000,0.000,0.000,0.000,0.000,-0.164,0.020
427.21,0.470,0,0.876,1.549,0,0.000,0.000,0.000,0.000,0.000,0.000,-0.164,0.020
427.41,0.479,0,0.876,1.552,0,0.000,0.000,0.000,0.000,0.000,0.000,-0.164,0.016
427.61,0.488,0,0.876,1.552,0,0.000,0.000,0.000,0.000,0.000,0.000,-0.168,0.017
427.81,0.488,0,0.876,1.552,0,0.000,0.000,0.000,0.000,0.000,0.000,-0.162,0.015
428.01,0.472,0,0.875,1.554,0,0.000,0.000,0.000,0.000,0.000,0.000,-0.162,0.015
428.21,0.105,0,0.875,1.554,0,0.000,0.000,0.000,0.000,0.000,0.000,-0.159,0.011
428.41,0.475,0,0.881,1.554,0,0.000,0.000,0.000,0.000,0.000,0.000,-0.166,0.020
428.61,0.486,0,0.881,1.554,0,0.000,0.000,0.000,0.000,0.000,0.000,-0.162,0.017
428.81,0.486,0,0.881,1.554,0,0.000,0.000,0.000,0.000,0.000,0.000,-0.163,0.013
429.01,0.106,0,0.889,1.551,0,0.000,0.000,0.000,0.000,0.000,0.000,-0.163,0.013
429.21,0.470,0,0.889,1.551,0,0.000,0.000,0.000,0.000,0.000,0.000,-0.142,0.011
429.41,0.470,0,0.874,1.546,0,0.000,0.000,0.000,0.000,0.000,0.000,-0.160,0.018
429.61,0.470,0,0.874,1.546,0,0.000,0.000,0.000,0.000,0.000,0.000,-0.156,0.015
429.81,0.477,0,0.874,1.546,0,0.000,0.000,0.000,0.000,0.000,0.000,-0.156,0.015
430.01,0.470,0,0.880,1.553,0,0.000,0.000,0.000,0.000,0.000,0.000,-0.155,0.013
430.21,0.481,0,0.880,1.553,0,0.000,0.000,0.000,0.000,0.000,0.000,-0.159,0.021
430.41,0.474,0,0.879,1.554,0,0.000,0.000,0.000,0.000,0.000,0.000,-0.163,0.018
430.61,0.474,0,0.879,1.554,0,0.000,0.000,0.000,0.000,0.000,0.000,-0.161,0.014
430.81,0.475,0,0.879,1.554,0,0.000,0.000,0.000,0.000,0.000,0.000,-0.161,0.014
431.01,0.475,0,0.874,1.551,0,0.000,0.000,0.000,0.000,0.000,0.000,-0.153,0.007
431.21,0.481,0,0.874,1.551,0,0.000,0.000,0.000,0.000,0.000,0.000,-0.162,0.008
431.41,0.481,0,0.878,1.549,0,0.000,0.000,0.000,0.000,0.000,0.000,-0.153,0.013
431.61,0.105,0,0.878,1.549,0,0.000,0.000,0.000,0.000,0.000,0.000,-0.153,0.013
431.81,0.475,0,0.878,1.549,0,0.000,0.000,0.000,0.000,0.000,0.000,-0.157,0.016
432.01,0.475,0,0.877,1.555,0,0.000,0.000,0.000,0.000,0.000,0.000,-0.152,0.007
432.21,0.472,0,0.877,1.555,0,0.000,0.000,0.000,0.000,0.000,0.000,-0.154,0.003
432.41,0.472,0,0.872,1.554,0,0.000,0.000,0.000,0.000,0.000,0.000,-0.156,0.007
432.61,0.470,0,0.872,1.554,0,0.000,0.000,0.000,0.000,0.000,0.000,-0.156,0.007
432.81,0.475,0,0.872,1.554,0,0.000,0.000,0.000,0.000,0.000,0.000,-0.156,0.007
433.01,0.474,0,0.873,1.553,0,0.000,0.000,0.000,0.000,0.000,0.000,-0.152,0.005
433.21,0.474,0,0.873,1.553,0,0.000,0.000,0.000,0.000,0.000,0.000,-0.155,0.011
433.41,0.757,0,0.874,1.550,0,0.000,0.000,0.000,0.000,0.000,0.000,-0.155,0.011
433.61,0.477,0,0.874,1.550,0,0.000,0.000,0.000,0.000,0.000,0.000,-0.159,0.013
433.81,0.475,0,0.874,1.550,0,0.000,0.000,0.000,0.000,0.000,0.000,-0.152,0.009
434.01,0.475,0,0.873,1.550,0,0.000,0.000,0.000,0.000,0.000,0.000,-0.156,0.009
434.21,0.475,0,0.873,1.550,0,0.000,0.000,0.000,0.000,0.000,0.000,-0.156,0.016
434.41,0.479,0,0.881,1.549,0,0.000,0.000,0.000,0.000,0.000,0.000,-0.156,0.016
434.61,0.475,0,0.881,1.549,0,0.000,0.000,0.000,0.000,0.000,0.000,-0.155,0.019
434.81,0.475,0,0.881,1.549,0,0.000,0.000,0.000,0.000,0.000,0.000,-0.158,0.013
435.01,0.475,0,0.877,1.552,0,0.000,0.000,0.000,0.000,0.000,0.000,-0.156,0.009
435.21,0.477,0,0.877,1.552,0,0.000,0.000,0.000,0.000,0.000,0.000,-0.156,0.009
435.41,0.106,0,0.875,1.552,0,0.000,0.000,0.000,0.000,0.000,0.000,-0.160,0.012
435.61,0.757,0,0.875,1.552,0,0.000,0.000,0.000,0.000,0.000,0.000,-0.156,0.012
435.81,0.479,0,0.875,1.552,0,0.000,0.000,0.000,0.000,0.000,0.000,-0.157,0.007
436.01,0.479,0,0.879,1.555,0,0.000,0.000,0.000,0.000,0.000,0.000,-0.150,0.006
436.21,0.755,0,0.879,1.555,0,0.000,0.000,0.000,0.000,0.000,0.000,-0.150,0.006
436.41,0.475,0,0.873,1.552,0,0.000,0.000,0.000,0.000,0.000,0.000,-0.153,0.004
436.61,0.481,0,0.873,1.552,0,0.000,0.000,0.000,0.000,0.000,0.000,-0.152,0.007
436.81,0.481,0,0.873,1.552,0,0.000,0.000,0.000,0.000,0.000,0.000,-0.148,0.004
437.01,0.486,0,0.885,1.554,0,0.000,0.000,0.000,0.000,0.000,0.000,-0.148,0.004
437.21,0.477,0,0.885,1.554,0,0.000,0.000,0.000,0.000,0.000,0.000,-0.149,0.010
437.41,0.475,0,0.875,1.550,0,0.000,0.000,0.000,0.000,0.000,0.000,-0.154,0.006
437.61,0.475,0,0.875,1.550,0,0.000,0.000,0.000,0.000,0.000,0.000,-0.147,0.006
437.81,0.475,0,0.875,1.550,0,0.000,0.000,0.000,0.000,0.000,0.000,-0.156,0.012
438.01,0.477,0,0.876,1.553,0,0.000,0.000,0.000,0.000,0.000,0.000,-0.156,0.012
438.21,0.105,0,0.876,1.553,0,0.000,0.000,0.000,0.000,0.000,0.000,-0.159,0.010
438.41,0.472,0,0.883,1.549,0,0.000,0.000,0.000,0.000,0.000,0.000,-0.160,0.017
438.61,0.472,0,0.883,1.549,0,0.000,0.000,0.000,0.000,0.000,0.000,-0.153,0.008
438.81,0.756,0,0.883,1.549,0,0.000,0.000,0.000,0.000,0.000,0.000,-0.153,0.008
439.01,0.472,0,0.874,1.550,0,0.000,0.000,0.000,0.000,0.000,0.000,-0.161,0.014
439.21,0.106,0,0.874,1.550,0,0.000,0.000,0.000,0.000,0.000,0.000,-0.166,0.013
439.41,0.105,0,0.882,1.554,0,0.000,0.000,0.000,0.000,0.000,0.000,-0.161,0.015
439.61,0.105,0,0.882,1.554,0,0.000,0.000,0.000,0.000,0.000,0.000,-0.158,0.011
439.81,0.756,0,0.882,1.554,0,0.000,0.000,0.000,0.000,0.000,0.000,-0.158,0.011
440.01,0.470,0,0.877,1.551,0,0.000,0.000,0.000,0.000,0.000,0.000,-0.157,0.010
440.21,0.475,0,0.877,1.551,0,0.000,0.000,0.000,0.000,0.000,0.000,-0.162,0.019
440.41,0.475,0,0.875,1.553,0,0.000,0.000,0.000,0.000,0.000,0.000,-0.150,0.004
440.61,0.477,0,0.875,1.553,0,0.000,0.000,0.000,0.000,0.000,0.000,-0.150,0.004
440.81,0.105,0,0.875,1.553,0,0.000,0.000,0.000,0.000,0.000,0.000,-0.156,0.003
441.01,0.470,0,0.873,1.553,0,0.000,0.000,0.000,0.000,0.000,0.000,-0.159,0.008
441.21,0.481,0,0.873,1.553,0,0.000,0.000,0.000,0.000,0.000,0.000,-0.149,0.007
441.41,0.481,0,0.878,1.553,0,0.000,0.000,0.000,0.000,0.000,0.000,-0.154,0.008
441.61,0.472,0,0.878,1.553,0,0.000,0.000,0.000,0.000,0.000,0.000,-0.154,0.008
441.81,0.477,0,0.878,1.553,0,0.000,0.000,0.000,0.000,0.000,0.000,-0.159,0.011
442.01,0.470,0,0.874,1.549,0,0.000,0.000,0.000,0.000,0.000,0.000,-0.160,0.011
442.21,0.470,0,0.874,1.549,0,0.000,0.000,0.000,0.000,0.000,0.000,-0.152,0.013
442.41,0.470,0,0.875,1.553,0,0.000,0.000,0.000,0.000,0.000,0.000,-0.152,0.013
442.61,0.105,0,0.875,1.553,0,0.000,0.000,0.000,0.000,0.000,0.000,-0.159,0.009
442.81,0.106,0,0.875,1.553,0,0.000,0.000,0.000,0.000,0.000,0.000,-0.157,0.018
443.01,0.470,0,0.875,1.552,0,0.000,0.000,0.000,0.000,0.000,0.000,-0.162,0.014
443.21,0.470,0,0.875,1.552,0,0.000,0.000,0.000,0.000,0.000,0.000,-0.157,0.009
443.41,0.758,0,0.877,1.556,0,0.000,0.000,0.000,0.000,0.000,0.000,-0.157,0.009
443.61,0.106,0,0.877,1.556,0,0.000,0.000,0.000,0.000,0.000,0.000,-0.164,0.010
443.81,0.479,0,0.877,1.556,0,0.000,0.000,0.000,0.000,0.000,0.000,-0.162,0.011
444.01,0.479,0,0.877,1.555,0,0.000,0.000,0.000,0.000,0.000,0.000,-0.148,0.005
444.21,0.477,0,0.877,1.555,0,0.000,0.000,0.000,0.000,0.000,0.000,-0.148,0.005
444.41,0.475,0,0.875,1.553,0,0.000,0.000,0.000,0.000,0.000,0.000,-0.158,0.006
444.61,0.105,0,0.875,1.553,0,0.000,0.000,0.000,0.000,0.000,0.000,-0.160,0.013
444.81,0.481,0,0.875,1.553,0,0.000,0.000,0.000,0.000,0.000,0.000,-0.165,0.017
445.01,0.481,0,0.882,1.545,0,0.000,0.000,0.000,0.000,0.000,0.000,-0.159,0.016
445.21,0.482,0,0.882,1.545,0,0.000,0.000,0.000,0.000,0.000,0.000,-0.159,0.016
445.41,0.105,0,0.881,1.551,0,0.000,0.000,0.000,0.000,0.000,0.000,-0.160,0.011
445.61,0.105,0,0.881,1.551,0,0.000,0.000,0.000,0.000,0.000,0.000,-0.154,0.011
445.81,0.105,0,0.881,1.551,0,0.000,0.000,0.000,0.000,0.000,0.000,-0.160,0.011
446.01,0.470,0,0.875,1.555,0,0.000,0.000,0.000,0.000,0.000,0.000,-0.160,0.011
446.21,0.474,0,0.875,1.555,0,0.000,0.000,0.000,0.000,0.000,0.000,-0.156,0.011
446.41,0.105,0,0.877,1.553,0,0.000,0.000,0.000,0.000,0.000,0.000,-0.153,0.000
446.61,0.481,0,0.877,1.553,0,0.000,0.000,0.000,0.000,0.000,0.000,-0.155,-0.002
446.81,0.481,0,0.877,1.553,0,0.000,0.000,0.000,0.000,0.000,0.000,-0.156,0.003
447.01,0.472,0,0.884,1.554,0,0.000,0.000,0.000,0.000,0.000,0.000,-0.156,0.003
447.21,0.474,0,0.884,1.554,0,0.000,0.000,0.000,0.000,0.000,0.000,-0.152,-0.001
447.41,0.106,0,0.874,1.553,0,0.000,0.000,0.000,0.000,0.000,0.000,-0.162,0.013
447.61,0.106,0,0.874,1.553,0,0.000,0.000,0.000,0.000,0.000,0.000,-0.163,0.013
447.81,0.106,0,0.874,1.553,0,0.000,0.000,0.000,0.000,0.000,0.000,-0.163,0.013
448.01,0.106,0,0.873,1.554,0,0.000,0.000,0.000,0.000,0.000,0.000,-0.163,0.018
448.21,0.486,0,0.873,1.554,0,0.000,0.000,0.000,0.000,0.000,0.000,-0.163,0.005
448.41,0.481,0,0.873,1.550,0,0.000,0.000,0.000,0.000,0.000,0.000,-0.153,0.004
448.61,0.481,0,0.873,1.550,0,0.000,0.000,0.000,0.000,0.000,0.000,-0.158,0.006
448.81,0.475,0,0.873,1.550,0,0.000,0.000,0.000,0.000,0.000,0.000,-0.158,0.006
449.01,0.475,0,0.876,1.557,0,0.000,0.000,0.000,0.000,0.000,0.000,-0.157,0.012
449.21,0.105,0,0.876,1.557,0,0.000,0.000,0.000,0.000,0.000,0.000,-0.159,0.010
449.41,0.105,0,0.874,1.553,0,0.000,0.000,0.000,0.000,0.000,0.000,-0.161,0.005
449.61,0.484,0,0.874,1.553,0,0.000,0.000,0.000,0.000,0.000,0.000,-0.161,0.005
449.81,0.479,0,0.874,1.553,0,0.000,0.000,0.000,0.000,0.000,0.000,-0.157,0.005
450.01,0.105,0,0.877,1.551,0,0.000,0.000,0.000,0.000,0.000,0.000,-0.166,0.015
450.21,0.105,0,0.877,1.551,0,0.000,0.000,0.000,0.000,0.000,0.000,-0.159,0.005
450.41,0.105,0,0.875,1.555,0,0.000,0.000,0.000,0.000,0.000,0.000,-0.165,0.007
450.61,0.105,0,0.875,1.555,0,0.000,0.000,0.000,0.000,0.000,0.000,-0.165,0.007
450.81,0.105,0,0.875,1.555,0,0.000,0.000,0.000,0.000,0.000,0.000,-0.156,0.002
451.01,0.477,0,0.881,1.550,0,0.000,0.000,0.000,0.000,0.000,0.000,-0.159,0.004
451.21,0.477,0,0.881,1.550,0,0.000,0.000,0.000,0.000,0.000,0.000,-0.159,0.005
451.41,0.488,0,0.883,1.551,0,0.000,0.000,0.000,0.000,0.000,0.000,-0.159,0.005
451.61,0.475,0,0.883,1.551,0,0.000,0.000,0.000,0.000,0.000,0.000,-0.156,0.009
451.81,0.470,0,0.883,1.551,0,0.000,0.000,0.000,0.000,0.000,0.000,-0.156,0.003
452.01,0.479,0,0.875,1.550,0,0.000,0.000,0.000,0.000,0.000,0.000,-0.160,0.010
452.21,0.479,0,0.875,1.550,0,0.000,0.000,0.000,0.000,0.000,0.000,-0.156,0.007
452.41,0.106,0,0.875,1.553,0,0.000,0.000,0.000,0.000,0.000,0.000,-0.156,0.007
452.61,0.472,0,0.875,1.553,0,0.000,0.000,0.000,0.000,0.000,0.000,-0.155,0.005
452.81,0.472,0,0.875,1.553,0,0.000,0.000,0.000,0.000,0.000,0.000,-0.150,0.005
453.01,0.472,0,0.874,1.553,0,0.000,0.000,0.000,0.000,0.000,0.000,-0.157,0.011
453.21,0.482,0,0.874,1.553,0,0.000,0.000,0.000,0.000,0.000,0.000,-0.157,0.011
453.41,0.105,0,0.875,1.553,0,0.000,0.000,0.000,0.000,0.000,0.000,-0.158,0.007
453.61,0.479,0,0.875,1.553,0,0.000,0.000,0.000,0.000,0.000,0.000,-0.155,0.007
453.81,0.755,0,0.875,1.553,0,0.000,0.000,0.000,0.000,0.000,0.000,-0.156,-0.000
454.01,0.755,0,0.885,1.552,0,0.000,0.000,0.000,0.000,0.000,0.000,-0.157,0.006
454.21,0.479,0,0.885,1.552,0,0.000,0.000,0.000,0.000,0.000,0.000,-0.157,0.006
454.41,0.488,0,0.881,1.552,0,0.000,0.000,0.000,0.000,0.000,0.000,-0.159,0.005
454.61,0.479,0,0.881,1.552,0,0.000,0.000,0.000,0.000,0.000,0.000,-0.158,0.011
454.81,0.479,0,0.881,1.552,0,0.000,0.000,0.000,0.000,0.000,0.000,-0.163,0.009
455.01,0.470,0,0.875,1.553,0,0.000,0.000,0.000,0.000,0.000,0.000,-0.163,0.009
455.21,0.758,0,0.875,1.553,0,0.000,0.000,0.000,0.000,0.000,0.000,-0.161,0.005
455.41,0.470,0,0.879,1.552,0,0.000,0.000,0.000,0.000,0.000,0.000,-0.156,0.007
455.61,0.105,0,0.879,1.552,0,0.000,0.000,0.000,0.000,0.000,0.000,-0.160,0.005
455.81,0.105,0,0.879,1.552,0,0.000,0.000,0.000,0.000,0.000,0.000,-0.157,0.006
456.01,0.477,0,0.874,1.554,0,0.000,0.000,0.000,0.000,0.000,0.000,-0.157,0.006
456.21,0.486,0,0.874,1.554,0,0.000,0.000,0.000,0.000,0.000,0.000,-0.158,0.008
456.41,0.105,0,0.874,1.552,0,0.000,0.000,0.000,0.000,0.000,0.000,-0.159,0.015
456.61,0.105,0,0.874,1.552,0,0.000,0.000,0.000,0.000,0.000,0.000,-0.160,0.016
456.81,0.757,0,0.874,1.552,0,0.000,0.000,0.000,0.000,0.000,0.000,-0.160,0.016
457.01,0.481,0,0.877,1.553,0,0.000,0.000,0.000,0.000,0.000,0.000,-0.156,0.011
457.21,0.106,0,0.877,1.553,0,0.000,0.000,0.000,0.000,0.000,0.000,-0.157,0.011
457.41,0.106,0,0.882,1.554,0,0.000,0.000,0.000,0.000,0.000,0.000,-0.156,0.010
457.61,0.106,0,0.882,1.554,0,0.000,0.000,0.000,0.000,0.000,0.000,-0.155,0.011
457.81,0.106,0,0.882,1.554,0,0.000,0.000,0.000,0.000,0.000,0.000,-0.155,0.011
458.01,0.475,0,0.875,1.551,0,0.000,0.000,0.000,0.000,0.000,0.000,-0.156,0.009
458.21,0.757,0,0.875,1.551,0,0.000,0.000,0.000,0.000,0.000,0.000,-0.152,0.007
458.41,0.757,0,0.881,1.553,0,0.000,0.000,0.000,0.000,0.000,0.000,-0.157,0.007
458.61,0.470,0,0.881,1.553,0,0.000,0.000,0.000,0.000,0.000,0.000,-0.157,0.007
458.81,0.481,0,0.881,1.553,0,0.000,0.000,0.000,0.000,0.000,0.000,-0.156,0.008
459.01,0.475,0,0.875,1.552,0,0.000,0.000,0.000,0.000,0.000,0.000,-0.162,0.012
459.21,0.474,0,0.875,1.552,0,0.000,0.000,0.000,0.000,0.000,0.000,-0.152,0.012
459.41,0.474,0,0.884,1.554,0,0.000,0.000,0.000,0.000,0.000,0.000,-0.157,0.007
459.61,0.756,0,0.884,1.554,0,0.000,0.000,0.000,0.000,0.000,0.000,-0.157,0.007
459.81,0.472,0,0.884,1.554,0,0.000,0.000,0.000,0.000,0.000,0.000,-0.156,0.012
460.01,0.475,0,0.876,1.554,0,0.000,0.000,0.000,0.000,0.000,0.000,-0.164,0.015
460.21,0.475,0,0.876,1.554,0,0.000,0.000,0.000,0.000,0.000,0.000,-0.150,0.004
460.41,0.472,0,0.873,1.552,0,0.000,0.000,0.000,0.000,0.000,0.000,-0.149,-0.005
460.61,0.757,0,0.873,1.552,0,0.000,0.000,0.000,0.000,0.000,0.000,-0.149,-0.005
460.81,0.477,0,0.873,1.552,0,0.000,0.000,0.000,0.000,0.000,0.000,-0.150,-0.002
461.01,0.488,0,0.876,1.551,0,0.000,0.000,0.000,0.000,0.000,0.000,-0.147,-0.004
461.21,0.488,0,0.876,1.551,0,0.000,0.000,0.000,0.000,0.000,0.000,-0.149,0.002
461.41,0.475,0,0.875,1.556,0,0.000,0.000,0.000,0.000,0.000,0.000,-0.149,0.002
461.61,0.757,0,0.875,1.556,0,0.000,0.000,0.000,0.000,0.000,0.000,-0.154,0.010
461.81,0.757,0,0.875,1.556,0,0.000,0.000,0.000,0.000,0.000,0.000,-0.155,0.009
462.01,0.757,0,0.875,1.550,0,0.000,0.000,0.000,0.000,0.000,0.000,-0.157,0.019
462.21,0.756,0,0.875,1.550,0,0.000,0.000,0.000,0.000,0.000,0.000,-0.156,0.011
462.41,0.105,0,0.876,1.550,0,0.000,0.000,0.000,0.000,0.000,0.000,-0.156,0.011
462.61,0.105,0,0.876,1.550,0,0.000,0.000,0.000,0.000,0.000,0.000,-0.152,0.006
462.81,0.475,0,0.876,1.550,0,0.000,0.000,0.000,0.000,0.000,0.000,-0.147,0.001
463.01,0.475,0,0.874,1.553,0,0.000,0.000,0.000,0.000,0.000,0.000,-0.145,0.004
463.21,0.477,0,0.874,1.553,0,0.000,0.000,0.000,0.000,0.000,0.000,-0.145,0.004
463.41,0.470,0,0.872,1.550,0,0.000,0.000,0.000,0.000,0.000,0.000,-0.148,-0.001
463.61,0.475,0,0.872,1.550,0,0.000,0.000,0.000,0.000,0.000,0.000,-0.149,-0.001
463.81,0.475,0,0.872,1.550,0,0.000,0.000,0.000,0.000,0.000,0.000,-0.156,0.007
464.01,0.475,0,0.883,1.555,0,0.000,0.000,0.000,0.000,0.000,0.000,-0.152,0.002
464.21,0.475,0,0.883,1.555,0,0.000,0.000,0.000,0.000,0.000,0.000,-0.152,0.002
464.41,0.475,0,0.874,1.557,0,0.000,0.000,0.000,0.000,0.000,0.000,-0.153,0.005
464.61,0.756,0,0.874,1.557,0,0.000,0.000,0.000,0.000,0.000,0.000,-0.151,0.002
464.81,0.756,0,0.874,1.557,0,0.000,0.000,0.000,0.000,0.000,0.000,-0.148,0.004
465.01,0.470,0,0.881,1.553,0,0.000,0.000,0.000,0.000,0.000,0.000,-0.148,0.004
465.21,0.105,0,0.881,1.553,0,0.000,0.000,0.000,0.000,0.000,0.000,-0.155,0.007
465.41,0.106,0,0.875,1.553,0,0.000,0.000,0.000,0.000,0.000,0.000,-0.154,0.006
465.61,0.106,0,0.875,1.553,0,0.000,0.000,0.000,0.000,0.000,0.000,-0.158,0.008
465.81,0.477,0,0.875,1.553,0,0.000,0.000,0.000,0.000,0.000,0.000,-0.156,0.002
466.01,0.479,0,0.875,1.554,0,0.000,0.000,0.000,0.000,0.000,0.000,-0.156,0.002
466.21,0.481,0,0.875,1.554,0,0.000,0.000,0.000,0.000,0.000,0.000,-0.153,0.007
466.41,0.477,0,0.883,1.552,0,0.000,0.000,0.000,0.000,0.000,0.000,-0.154,0.006
466.61,0.477,0,0.883,1.552,0,0.000,0.000,0.000,0.000,0.000,0.000,-0.152,0.007
466.81,0.475,0,0.883,1.552,0,0.000,0.000,0.000,0.000,0.000,0.000,-0.152,0.007
467.01,0.481,0,0.875,1.556,0,0.000,0.000,0.000,0.000,0.000,0.000,-0.154,0.003
467.21,0.486,0,0.875,1.556,0,0.000,0.000,0.000,0.000,0.000,0.000,-0.156,0.008
467.41,0.486,0,0.875,1.554,0,0.000,0.000,0.000,0.000,0.000,0.000,-0.162,0.004
467.61,0.479,0,0.875,1.554,0,0.000,0.000,0.000,0.000,0.000,0.000,-0.157,0.004
467.81,0.474,0,0.875,1.554,0,0.000,0.000,0.000,0.000,0.000,0.000,-0.157,0.004
468.01,0.474,0,0.877,1.553,0,0.000,0.000,0.000,0.000,0.000,0.000,-0.158,0.002
468.21,0.472,0,0.877,1.553,0,0.000,0.000,0.000,0.000,0.000,0.000,-0.154,-0.003
468.41,0.472,0,0.875,1.551,0,0.000,0.000,0.000,0.000,0.000,0.000,-0.160,0.002
468.61,0.477,0,0.875,1.551,0,0.000,0.000,0.000,0.000,0.000,0.000,-0.160,0.002
468.81,0.756,0,0.875,1.551,0,0.000,0.000,0.000,0.000,0.000,0.000,-0.161,0.003
469.01,0.481,0,0.876,1.552,0,0.000,0.000,0.000,0.000,0.000,0.000,-0.159,-0.000
469.21,0.481,0,0.876,1.552,0,0.000,0.000,0.000,0.000,0.000,0.000,-0.158,0.005
469.41,0.470,0,0.880,1.552,0,0.000,0.000,0.000,0.000,0.000,0.000,-0.157,0.005
469.61,0.475,0,0.880,1.552,0,0.000,0.000,0.000,0.000,0.000,0.000,-0.157,0.005
469.81,0.475,0,0.880,1.552,0,0.000,0.000,0.000,0.000,0.000,0.000,-0.161,-0.000
470.01,0.477,0,0.881,1.553,0,0.000,0.000,0.000,0.000,0.000,0.000,-0.154,0.002
470.21,0.477,0,0.881,1.553,0,0.000,0.000,0.000,0.000,0.000,0.000,-0.163,0.009
470.41,0.475,0,0.872,1.553,0,0.000,0.000,0.000,0.000,0.000,0.000,-0.163,0.009
470.61,0.756,0,0.872,1.553,0,0.000,0.000,0.000,0.000,0.000,0.000,-0.155,0.007
470.81,0.481,0,0.872,1.553,0,0.000,0.000,0.000,0.000,0.000,0.000,-0.154,0.007
471.01,0.481,0,0.876,1.551,0,0.000,0.000,0.000,0.000,0.000,0.000,-0.150,0.005
471.21,0.479,0,0.876,1.551,0,0.000,0.000,0.000,0.000,0.000,0.000,-0.154,0.007
471.41,0.474,0,0.875,1.551,0,0.000,0.000,0.000,0.000,0.000,0.000,-0.154,0.007
471.61,0.479,0,0.875,1.551,0,0.000,0.000,0.000,0.000,0.000,0.000,-0.151,0.007
471.81,0.481,0,0.875,1.551,0,0.000,0.000,0.000,0.000,0.000,0.000,-0.153,0.005
472.01,0.481,0,0.878,1.554,0,0.000,0.000,0.000,0.000,0.000,0.000,-0.155,0.009
472.21,0.475,0,0.878,1.554,0,0.000,0.000,0.000,0.000,0.000,0.000,-0.155,0.009
472.41,0.470,0,0.870,1.555,0,0.000,0.000,0.000,0.000,0.000,0.000,-0.156,0.014
472.61,0.106,0,0.870,1.555,0,0.000,0.000,0.000,0.000,0.000,0.000,-0.153,0.002
472.81,0.106,0,0.870,1.555,0,0.000,0.000,0.000,0.000,0.000,0.000,-0.144,-0.004
473.01,0.484,0,0.876,1.553,0,0.000,0.000,0.000,0.000,0.000,0.000,-0.144,-0.004
473.21,0.475,0,0.876,1.553,0,0.000,0.000,0.000,0.000,0.000,0.000,-0.155,0.008
473.41,0.106,0,0.876,1.553,0,0.000,0.000,0.000,0.000,0.000,0.000,-0.149,0.002
473.61,0.105,0,0.876,1.553,0,0.000,0.000,0.000,0.000,0.000,0.000,-0.149,0.002
473.81,0.105,0,0.876,1.553,0,0.000,0.000,0.000,0.000,0.000,0.000,-0.156,0.003
474.01,0.486,0,0.882,1.552,0,0.000,0.000,0.000,0.000,0.000,0.000,-0.156,0.003
474.21,0.477,0,0.882,1.552,0,0.000,0.000,0.000,0.000,0.000,0.000,-0.152,-0.001
474.41,0.472,0,0.873,1.553,0,0.000,0.000,0.000,0.000,0.000,0.000,-0.149,0.009
474.61,0.472,0,0.873,1.553,0,0.000,0.000,0.000,0.000,0.000,0.000,-0.158,0.002
474.81,0.470,0,0.873,1.553,0,0.000,0.000,0.000,0.000,0.000,0.000,-0.153,0.004
475.01,0.470,0,0.886,1.553,0,0.000,0.000,0.000,0.000,0.000,0.000,-0.153,0.004
475.21,0.472,0,0.886,1.553,0,0.000,0.000,0.000,0.000,0.000,0.000,-0.157,0.013
475.41,0.475,0,0.873,1.554,0,0.000,0.000,0.000,0.000,0.000,0.000,-0.153,-0.004
475.61,0.475,0,0.873,1.554,0,0.000,0.000,0.000,0.000,0.000,0.000,-0.153,-0.001
475.81,0.477,0,0.873,1.554,0,0.000,0.000,0.000,0.000,0.000,0.000,-0.153,-0.001
476.01,0.106,0,0.877,1.548,0,0.000,0.000,0.000,0.000,0.000,0.000,-0.151,0.001
476.21,0.474,0,0.877,1.548,0,0.000,0.000,0.000,0.000,0.000,0.000,-0.149,0.006
476.41,0.474,0,0.875,1.551,0,0.000,0.000,0.000,0.000,0.000,0.000,-0.161,0.011
476.61,0.106,0,0.875,1.551,0,0.000,0.000,0.000,0.000,0.000,0.000,-0.161,0.011
476.81,0.470,0,0.875,1.551,0,0.000,0.000,0.000,0.000,0.000,0.000,-0.151,0.007
477.01,0.486,0,0.873,1.558,0,0.000,0.000,0.000,0.000,0.000,0.000,-0.155,0.002
477.21,0.479,0,0.873,1.558,0,0.000,0.000,0.000,0.000,0.000,0.000,-0.151,0.009
477.41,0.479,0,0.875,1.551,0,0.000,0.000,0.000,0.000,0.000,0.000,-0.159,0.008
477.61,0.486,0,0.875,1.551,0,0.000,0.000,0.000,0.000,0.000,0.000,-0.159,0.008
477.81,0.474,0,0.875,1.551,0,0.000,0.000,0.000,0.000,0.000,0.000,-0.157,0.010
478.01,0.470,0,0.883,1.555,0,0.000,0.000,0.000,0.000,0.000,0.000,-0.161,0.008
478.21,0.470,0,0.883,1.555,0,0.000,0.000,0.000,0.000,0.000,0.000,-0.157,0.001
478.41,0.475,0,0.873,1.554,0,0.000,0.000,0.000,0.000,0.000,0.000,-0.158,0.009
478.61,0.486,0,0.873,1.554,0,0.000,0.000,0.000,0.000,0.000,0.000,-0.158,0.009
478.81,0.474,0,0.873,1.554,0,0.000,0.000,0.000,0.000,0.000,0.000,-0.169,0.015
479.01,0.481,0,0.876,1.553,0,0.000,0.000,0.000,0.000,0.000,0.000,-0.159,0.011
479.21,0.481,0,0.876,1.553,0,0.000,0.000,0.000,0.000,0.000,0.000,-0.156,0.005
479.41,0.479,0,0.875,1.552,0,0.000,0.000,0.000,0.000,0.000,0.000,-0.156,0.005
479.61,0.475,0,0.875,1.552,0,0.000,0.000,0.000,0.000,0.000,0.000,-0.163,0.010
479.81,0.474,0,0.875,1.552,0,0.000,0.000,0.000,0.000,0.000,0.000,-0.163,0.006
480.01,0.474,0,0.876,1.554,0,0.000,0.000,0.000,0.000,0.000,0.000,-0.155,0.006
480.21,0.472,0,0.876,1.554,0,0.000,0.000,0.000,0.000,0.000,0.000,-0.155,0.006
480.41,0.755,0,0.880,1.548,0,0.000,0.000,0.000,0.000,0.000,0.000,-0.156,0.006
480.61,0.486,0,0.880,1.548,0,0.000,0.000,0.000,0.000,0.000,0.000,-0.154,0.007
480.81,0.106,0,0.880,1.548,0,0.000,0.000,0.000,0.000,0.000,0.000,-0.158,0.008
481.01,0.106,0,0.878,1.552,0,0.000,0.000,0.000,0.000,0.000,0.000,-0.153,0.006
481.21,0.470,0,0.878,1.552,0,0.000,0.000,0.000,0.000,0.000,0.000,-0.153,0.006
481.41,0.475,0,0.878,1.551,0,0.000,0.000,0.000,0.000,0.000,0.000,-0.157,-0.001
481.61,0.481,0,0.878,1.551,0,0.000,0.000,0.000,0.000,0.000,0.000,-0.158,0.006
481.81,0.481,0,0.878,1.551,0,0.000,0.000,0.000,0.000,0.000,0.000,-0.153,0.005
482.01,0.474,0,0.876,1.552,0,0.000,0.000,0.000,0.000,0.000,0.000,-0.160,0.004
482.21,0.475,0,0.876,1.552,0,0.000,0.000,0.000,0.000,0.000,0.000,-0.160,0.004
482.41,0.474,0,0.880,1.554,0,0.000,0.000,0.000,0.000,0.000,0.000,-0.159,0.003
482.61,0.475,0,0.880,1.554,0,0.000,0.000,0.000,0.000,0.000,0.000,-0.168,0.016
482.81,0.475,0,0.880,1.554,0,0.000,0.000,0.000,0.000,0.000,0.000,-0.156,0.004
483.01,0.470,0,0.875,1.550,0,0.000,0.000,0.000,0.000,0.000,0.000,-0.156,0.004
483.21,0.470,0,0.875,1.550,0,0.000,0.000,0.000,0.000,0.000,0.000,-0.159,0.006
483.41,0.470,0,0.872,1.553,0,0.000,0.000,0.000,0.000,0.000,0.000,-0.162,0.013
483.61,0.470,0,0.872,1.553,0,0.000,0.000,0.000,0.000,0.000,0.000,-0.167,0.025
483.81,0.477,0,0.872,1.553,0,0.000,0.000,0.000,0.000,0.000,0.000,-0.167,0.025
484.01,0.470,0,0.877,1.554,0,0.000,0.000,0.000,0.000,0.000,0.000,-0.167,0.023
484.21,0.475,0,0.877,1.554,0,0.000,0.000,0.000,0.000,0.000,0.000,-0.166,0.022
484.41,0.477,0,0.875,1.553,0,0.000,0.000,0.000,0.000,0.000,0.000,-0.169,0.025
484.61,0.477,0,0.875,1.553,0,0.000,0.000,0.000,0.000,0.000,0.000,-0.166,0.025
484.81,0.475,0,0.875,1.553,0,0.000,0.000,0.000,0.000,0.000,0.000,-0.166,0.025
485.01,0.472,0,0.874,1.554,0,0.000,0.000,0.000,0.000,0.000,0.000,-0.163,0.019
485.21,0.475,0,0.874,1.554,0,0.000,0.000,0.000,0.000,0.000,0.000,-0.161,0.016
485.41,0.475,0,0.876,1.551,0,0.000,0.000,0.000,0.000,0.000,0.000,-0.157,0.005
485.61,0.479,0,0.876,1.551,0,0.000,0.000,0.000,0.000,0.000,0.000,-0.157,0.005
485.81,0.477,0,0.876,1.551,0,0.000,0.000,0.000,0.000,0.000,0.000,-0.161,0.016
486.01,0.477,0,0.877,1.554,0,0.000,0.000,0.000,0.000,0.000,0.000,-0.166,0.016
486.21,0.481,0,0.877,1.554,0,0.000,0.000,0.000,0.000,0.000,0.000,-0.161,0.006
486.41,0.481,0,0.883,1.553,0,0.000,0.000,0.000,0.000,0.000,0.000,-0.161,0.019
486.61,0.474,0,0.883,1.553,0,0.000,0.000,0.000,0.000,0.000,0.000,-0.161,0.019
486.81,0.756,0,0.883,1.553,0,0.000,0.000,0.000,0.000,0.000,0.000,-0.161,0.001
487.01,0.472,0,0.877,1.547,0,0.000,0.000,0.000,0.000,0.000,0.000,-0.166,0.017
487.21,0.472,0,0.877,1.547,0,0.000,0.000,0.000,0.000,0.000,0.000,-0.165,0.018
487.41,0.470,0,0.875,1.554,0,0.000,0.000,0.000,0.000,0.000,0.000,-0.157,0.012
487.61,0.475,0,0.875,1.554,0,0.000,0.000,0.000,0.000,0.000,0.000,-0.157,0.012
487.81,0.470,0,0.875,1.554,0,0.000,0.000,0.000,0.000,0.000,0.000,-0.156,0.009
488.01,0.481,0,0.876,1.554,0,0.000,0.000,0.000,0.000,0.000,0.000,-0.145,0.004
488.21,0.481,0,0.876,1.554,0,0.000,0.000,0.000,0.000,0.000,0.000,-0.158,0.013
488.41,0.470,0,0.881,1.549,0,0.000,0.000,0.000,0.000,0.000,0.000,-0.158,0.013
488.61,0.475,0,0.881,1.549,0,0.000,0.000,0.000,0.000,0.000,0.000,-0.153,0.013
488.81,0.475,0,0.881,1.549,0,0.000,0.000,0.000,0.000,0.000,0.000,-0.162,0.016
489.01,0.475,0,0.872,1.547,0,0.000,0.000,0.000,0.000,0.000,0.000,-0.159,0.015
489.21,0.475,0,0.872,1.547,0,0.000,0.000,0.000,0.000,0.000,0.000,-0.159,0.015
489.41,0.757,0,0.886,1.554,0,0.000,0.000,0.000,0.000,0.000,0.000,-0.158,0.014
489.61,0.475,0,0.886,1.554,0,0.000,0.000,0.000,0.000,0.000,0.000,-0.156,0.015
489.81,0.470,0,0.886,1.554,0,0.000,0.000,0.000,0.000,0.000,0.000,-0.158,0.011
490.01,0.470,0,0.873,1.552,0,0.000,0.000,0.000,0.000,0.000,0.000,-0.159,0.005
490.21,0.475,0,0.873,1.552,0,0.000,0.000,0.000,0.000,0.000,0.000,-0.159,0.005
490.41,0.470,0,0.883,1.548,0,0.000,0.000,0.000,0.000,0.000,0.000,-0.153,0.006
490.61,0.105,0,0.883,1.548,0,0.000,0.000,0.000,0.000,0.000,0.000,-0.152,0.003
490.81,0.105,0,0.883,1.548,0,0.000,0.000,0.000,0.000,0.000,0.000,-0.152,0.006
491.01,0.488,0,0.877,1.554,0,0.000,0.000,0.000,0.000,0.000,0.000,-0.152,0.006
491.21,0.475,0,0.877,1.554,0,0.000,0.000,0.000,0.000,0.000,0.000,-0.159,0.009
491.41,0.475,0,0.876,1.551,0,0.000,0.000,0.000,0.000,0.000,0.000,-0.156,0.009
491.61,0.475,0,0.876,1.551,0,0.000,0.000,0.000,0.000,0.000,0.000,-0.160,0.002
491.81,0.475,0,0.876,1.551,0,0.000,0.000,0.000,0.000,0.000,0.000,-0.151,0.005
492.01,0.472,0,0.876,1.548,0,0.000,0.000,0.000,0.000,0.000,0.000,-0.151,0.005
492.21,0.488,0,0.876,1.548,0,0.000,0.000,0.000,0.000,0.000,0.000,-0.156,0.007
492.41,0.475,0,0.878,1.552,0,0.000,0.000,0.000,0.000,0.000,0.000,-0.157,0.009
492.61,0.475,0,0.878,1.552,0,0.000,0.000,0.000,0.000,0.000,0.000,-0.150,0.003
492.81,0.474,0,0.878,1.552,0,0.000,0.000,0.000,0.000,0.000,0.000,-0.150,0.003
493.01,0.479,0,0.875,1.552,0,0.000,0.000,0.000,0.000,0.000,0.000,-0.157,0.007
493.21,0.477,0,0.875,1.552,0,0.000,0.000,0.000,0.000,0.000,0.000,-0.154,0.009
493.41,0.486,0,0.874,1.551,0,0.000,0.000,0.000,0.000,0.000,0.000,-0.157,0.008
493.61,0.486,0,0.874,1.551,0,0.000,0.000,0.000,0.000,0.000,0.000,-0.158,0.005
493.81,0.106,0,0.874,1.551,0,0.000,0.000,0.000,0.000,0.000,0.000,-0.158,0.005
494.01,0.488,0,0.873,1.553,0,0.000,0.000,0.000,0.000,0.000,0.000,-0.156,0.004
494.21,0.477,0,0.873,1.553,0,0.000,0.000,0.000,0.000,0.000,0.000,-0.149,0.005
494.41,0.477,0,0.873,1.554,0,0.000,0.000,0.000,0.000,0.000,0.000,-0.151,0.000
494.61,0.477,0,0.873,1.554,0,0.000,0.000,0.000,0.000,0.000,0.000,-0.151,0.000
494.81,0.474,0,0.873,1.554,0,0.000,0.000,0.000,0.000,0.000,0.000,-0.153,0.002
495.01,0.474,0,0.884,1.552,0,0.000,0.000,0.000,0.000,0.000,0.000,-0.150,-0.001
495.21,0.475,0,0.884,1.552,0,0.000,0.000,0.000,0.000,0.000,0.000,-0.151,-0.000
495.41,0.475,0,0.875,1.548,0,0.000,0.000,0.000,0.000,0.000,0.000,-0.153,0.002
495.61,0.486,0,0.875,1.548,0,0.000,0.000,0.000,0.000,0.000,0.000,-0.153,0.002
495.81,0.472,0,0.875,1.548,0,0.000,0.000,0.000,0.000,0.000,0.000,-0.156,-0.001
496.01,0.475,0,0.880,1.553,0,0.000,0.000,0.000,0.000,0.000,0.000,-0.155,0.005
496.21,0.475,0,0.880,1.553,0,0.000,0.000,0.000,0.000,0.000,0.000,-0.156,0.008
496.41,0.481,0,0.887,1.551,0,0.000,0.000,0.000,0.000,0.000,0.000,-0.156,0.008
496.61,0.470,0,0.887,1.551,0,0.000,0.000,0.000,0.000,0.000,0.000,-0.155,0.008
496.81,0.472,0,0.887,1.551,0,0.000,0.000,0.000,0.000,0.000,0.000,-0.162,0.011
497.01,0.472,0,0.874,1.553,0,0.000,0.000,0.000,0.000,0.000,0.000,-0.153,0.010
497.21,0.472,0,0.874,1.553,0,0.000,0.000,0.000,0.000,0.000,0.000,-0.156,0.012
497.41,0.474,0,0.876,1.553,0,0.000,0.000,0.000,0.000,0.000,0.000,-0.156,0.012
497.61,0.477,0,0.876,1.553,0,0.000,0.000,0.000,0.000,0.000,0.000,-0.156,0.010
497.81,0.481,0,0.876,1.553,0,0.000,0.000,0.000,0.000,0.000,0.000,-0.154,0.014
498.01,0.481,0,0.876,1.552,0,0.000,0.000,0.000,0.000,0.000,0.000,-0.155,0.013
498.21,0.474,0,0.876,1.552,0,0.000,0.000,0.000,0.000,0.000,0.000,-0.155,0.013
498.41,0.470,0,0.876,1.556,0,0.000,0.000,0.000,0.000,0.000,0.000,-0.156,0.014
498.61,0.481,0,0.876,1.556,0,0.000,0.000,0.000,0.000,0.000,0.000,-0.156,0.007
498.81,0.475,0,0.876,1.556,0,0.000,0.000,0.000,0.000,0.000,0.000,-0.156,0.011
499.01,0.475,0,0.876,1.552,0,0.000,0.000,0.000,0.000,0.000,0.000,-0.154,0.007
499.21,0.472,0,0.876,1.552,0,0.000,0.000,0.000,0.000,0.000,0.000,-0.154,0.007
499.41,0.474,0,0.875,1.553,0,0.000,0.000,0.000,0.000,0.000,0.000,-0.154,0.007
499.61,0.474,0,0.875,1.553,0,0.000,0.000,0.000,0.000,0.000,0.000,-0.154,0.007
499.81,0.474,0,0.875,1.553,0,0.000,0.000,0.000,0.000,0.000,0.000,-0.155,0.018
500.01,0.479,0,0.876,1.554,0,0.000,0.000,0.000,0.000,0.000,0.000,-0.155,0.018
500.21,0.470,0,0.876,1.554,0,0.000,0.000,0.000,0.000,0.000,0.000,-0.162,0.022
500.41,0.484,0,0.876,1.555,0,0.000,0.000,0.000,0.000,0.000,0.000,-0.158,0.014
500.61,0.479,0,0.876,1.555,0,0.000,0.000,0.000,0.000,0.000,0.000,-0.152,0.012
500.81,0.479,0,0.876,1.555,0,0.000,0.000,0.000,0.000,0.000,0.000,-0.150,0.009
501.01,0.475,0,0.880,1.553,0,0.000,0.000,0.000,0.000,0.000,0.000,-0.150,0.009
501.21,0.757,0,0.880,1.553,0,0.000,0.000,0.000,0.000,0.000,0.000,-0.151,0.008
501.41,0.481,0,0.872,1.548,0,0.000,0.000,0.000,0.000,0.000,0.000,-0.153,0.009
501.61,0.481,0,0.872,1.548,0,0.000,0.000,0.000,0.000,0.000,0.000,-0.160,0.020
501.81,0.470,0,0.872,1.548,0,0.000,0.000,0.000,0.000,0.000,0.000,-0.160,0.020
502.01,0.472,0,0.873,1.557,0,0.000,0.000,0.000,0.000,0.000,0.000,-0.154,0.011
502.21,0.475,0,0.873,1.557,0,0.000,0.000,0.000,0.000,0.000,0.000,-0.156,0.013
502.41,0.470,0,0.876,1.553,0,0.000,0.000,0.000,0.000,0.000,0.000,-0.157,0.011
502.61,0.470,0,0.876,1.553,0,0.000,0.000,0.000,0.000,0.000,0.000,-0.154,0.011
502.81,0.472,0,0.876,1.553,0,0.000,0.000,0.000,0.000,0.000,0.000,-0.154,0.011
503.01,0.481,0,2.364,1.552,0,0.000,0.000,0.000,0.000,0.000,0.000,-0.156,0.007
503.21,0.475,0,2.364,1.552,0,0.000,0.000,0.000,0.000,0.000,0.000,-0.164,0.020
503.41,0.475,0,2.361,1.552,0,0.000,0.000,0.000,0.000,0.000,0.000,-0.163,0.020
503.61,0.474,0,2.361,1.552,0,0.000,0.000,0.000,0.000,0.000,0.000,-0.163,0.020
503.81,0.484,0,2.361,1.552,0,0.000,0.000,0.000,0.000,0.000,0.000,-0.159,0.004
504.01,0.475,0,0.876,1.547,0,0.000,0.000,0.000,0.000,0.000,0.000,-0.159,0.003
504.21,0.755,0,0.876,1.547,0,0.000,0.000,0.000,0.000,0.000,0.000,-0.168,0.017
504.41,0.755,0,0.881,1.556,0,0.000,0.000,0.000,0.000,0.000,0.000,-0.165,0.020
504.61,0.105,0,0.881,1.556,0,0.000,0.000,0.000,0.000,0.000,0.000,-0.165,0.020
504.81,0.486,0,0.881,1.556,0,0.000,0.000,0.000,0.000,0.000,0.000,-0.163,0.012
505.01,0.472,0,0.882,1.553,0,0.000,0.000,0.000,0.000,0.000,0.000,-0.166,0.023
505.21,0.472,0,0.882,1.553,0,0.000,0.000,0.000,0.000,0.000,0.000,-0.164,0.015
505.41,0.104,0,0.873,1.553,0,0.000,0.000,0.000,0.000,0.000,0.000,-0.164,0.015
505.61,0.105,0,0.873,1.553,0,0.000,0.000,0.000,0.000,0.000,0.000,-0.158,0.010
505.81,0.475,0,0.873,1.553,0,0.000,0.000,0.000,0.000,0.000,0.000,-0.167,0.019
506.01,0.477,0,0.876,1.556,0,0.000,0.000,0.000,0.000,0.000,0.000,-0.154,0.006
506.21,0.477,0,0.876,1.556,0,0.000,0.000,0.000,0.000,0.000,0.000,-0.162,0.017
506.41,0.470,0,2.353,1.551,0,0.000,0.000,0.000,0.000,0.000,0.000,-0.162,0.017
506.61,0.106,0,2.353,1.551,0,0.000,0.000,0.000,0.000,0.000,0.000,-0.165,0.018
506.81,0.481,0,2.353,1.551,0,0.000,0.000,0.000,0.000,0.000,0.000,-0.157,0.008
507.01,0.481,0,0.880,1.549,0,0.000,0.000,0.000,0.000,0.000,0.000,-0.167,0.010
507.21,0.758,0,0.880,1.549,0,0.000,0.000,0.000,0.000,0.000,0.000,-0.167,0.010
507.41,0.479,0,0.882,1.552,0,0.000,0.000,0.000,0.000,0.000,0.000,-0.155,0.014
507.61,0.106,0,0.882,1.552,0,0.000,0.000,0.000,0.000,0.000,0.000,-0.166,0.017
507.81,0.106,0,0.882,1.552,0,0.000,0.000,0.000,0.000,0.000,0.000,-0.164,0.019
508.01,0.475,0,0.877,1.552,0,0.000,0.000,0.000,0.000,0.000,0.000,-0.166,0.019
508.21,0.475,0,0.877,1.552,0,0.000,0.000,0.000,0.000,0.000,0.000,-0.166,0.019
508.41,0.105,0,0.876,1.552,0,0.000,0.000,0.000,0.000,0.000,0.000,-0.153,0.007
508.61,0.105,0,0.876,1.552,0,0.000,0.000,0.000,0.000,0.000,0.000,-0.157,0.003
508.81,0.105,0,0.876,1.552,0,0.000,0.000,0.000,0.000,0.000,0.000,-0.164,0.015
509.01,0.472,0,0.877,1.550,0,0.000,0.000,0.000,0.000,0.000,0.000,-0.164,0.015
509.21,0.106,0,0.877,1.550,0,0.000,0.000,0.000,0.000,0.000,0.000,-0.164,0.015
509.41,0.486,0,0.874,1.556,0,0.000,0.000,0.000,0.000,0.000,0.000,-0.154,0.003
509.61,0.486,0,0.874,1.556,0,0.000,0.000,0.000,0.000,0.000,0.000,-0.156,0.005
509.81,0.479,0,0.874,1.556,0,0.000,0.000,0.000,0.000,0.000,0.000,-0.169,0.019
510.01,0.475,0,0.878,1.554,0,0.000,0.000,0.000,0.000,0.000,0.000,-0.169,0.019
510.21,0.470,0,0.878,1.554,0,0.000,0.000,0.000,0.000,0.000,0.000,-0.164,0.018
510.41,0.755,0,0.879,1.554,0,0.000,0.000,0.000,0.000,0.000,0.000,-0.155,-0.002
510.61,0.755,0,0.879,1.554,0,0.000,0.000,0.000,0.000,0.000,0.000,-0.154,0.007
510.81,0.484,0,0.879,1.554,0,0.000,0.000,0.000,0.000,0.000,0.000,-0.154,0.007
511.01,0.105,0,0.876,1.553,0,0.000,0.000,0.000,0.000,0.000,0.000,-0.163,0.016
511.21,0.481,0,0.876,1.553,0,0.000,0.000,0.000,0.000,0.000,0.000,-0.158,0.013
511.41,0.481,0,0.873,1.556,0,0.000,0.000,0.000,0.000,0.000,0.000,-0.169,0.020
511.61,0.488,0,0.873,1.556,0,0.000,0.000,0.000,0.000,0.000,0.000,-0.169,0.020
511.81,0.106,0,0.873,1.556,0,0.000,0.000,0.000,0.000,0.000,0.000,-0.170,0.015
512.01,0.477,0,0.875,1.552,0,0.000,0.000,0.000,0.000,0.000,0.000,-0.163,0.011
512.21,0.475,0,0.875,1.552,0,0.000,0.000,0.000,0.000,0.000,0.000,-0.169,0.018
512.41,0.475,0,0.877,1.555,0,0.000,0.000,0.000,0.000,0.000,0.000,-0.160,0.004
512.61,0.472,0,0.877,1.555,0,0.000,0.000,0.000,0.000,0.000,0.000,-0.160,0.004
512.81,0.755,0,0.877,1.555,0,0.000,0.000,0.000,0.000,0.000,0.000,-0.161,0.008
513.01,0.106,0,0.881,1.553,0,0.000,0.000,0.000,0.000,0.000,0.000,-0.156,0.007
513.21,0.106,0,0.881,1.553,0,0.000,0.000,0.000,0.000,0.000,0.000,-0.154,0.008
513.41,0.475,0,0.886,1.553,0,0.000,0.000,0.000,0.000,0.000,0.000,-0.154,0.008
513.61,0.475,0,0.886,1.553,0,0.000,0.000,0.000,0.000,0.000,0.000,-0.161,0.018
513.81,0.472,0,0.886,1.553,0,0.000,0.000,0.000,0.000,0.000,0.000,-0.156,0.013
514.01,0.105,0,0.874,1.547,0,0.000,0.000,0.000,0.000,0.000,0.000,-0.148,0.011
514.21,0.105,0,0.874,1.547,0,0.000,0.000,0.000,0.000,0.000,0.000,-0.159,0.013
514.41,0.105,0,0.882,1.552,0,0.000,0.000,0.000,0.000,0.000,0.000,-0.159,0.013
514.61,0.475,0,0.882,1.552,0,0.000,0.000,0.000,0.000,0.000,0.000,-0.156,0.013
514.81,0.755,0,0.882,1.552,0,0.000,0.000,0.000,0.000,0.000,0.000,-0.163,0.023
515.01,0.755,0,0.884,1.551,0,0.000,0.000,0.000,0.000,0.000,0.000,-0.146,0.005
515.21,0.470,0,0.884,1.551,0,0.000,0.000,0.000,0.000,0.000,0.000,-0.146,0.005
515.41,0.105,0,0.874,1.552,0,0.000,0.000,0.000,0.000,0.000,0.000,-0.147,0.002
515.61,0.479,0,0.874,1.552,0,0.000,0.000,0.000,0.000,0.000,0.000,-0.148,-0.006
515.81,0.757,0,0.874,1.552,0,0.000,0.000,0.000,0.000,0.000,0.000,-0.152,0.004
516.01,0.757,0,0.876,1.551,0,0.000,0.000,0.000,0.000,0.000,0.000,-0.151,0.002
516.21,0.472,0,0.876,1.551,0,0.000,0.000,0.000,0.000,0.000,0.000,-0.151,0.002
516.41,0.472,0,0.873,1.552,0,0.000,0.000,0.000,0.000,0.000,0.000,-0.150,0.000
516.61,0.472,0,0.873,1.552,0,0.000,0.000,0.000,0.000,0.000,0.000,-0.155,0.001
516.81,0.472,0,0.873,1.552,0,0.000,0.000,0.000,0.000,0.000,0.000,-0.156,0.017
517.01,0.477,0,0.875,1.549,0,0.000,0.000,0.000,0.000,0.000,0.000,-0.156,0.017
517.21,0.488,0,0.875,1.549,0,0.000,0.000,0.000,0.000,0.000,0.000,-0.150,0.000
517.41,0.475,0,0.878,1.553,0,0.000,0.000,0.000,0.000,0.000,0.000,-0.157,0.017
517.61,0.475,0,0.878,1.553,0,0.000,0.000,0.000,0.000,0.000,0.000,-0.153,0.015
517.81,0.479,0,0.878,1.553,0,0.000,0.000,0.000,0.000,0.000,0.000,-0.153,0.015
518.01,0.486,0,0.873,1.551,0,0.000,0.000,0.000,0.000,0.000,0.000,-0.152,0.010
518.21,0.470,0,0.873,1.551,0,0.000,0.000,0.000,0.000,0.000,0.000,-0.152,0.010
518.41,0.470,0,0.875,1.553,0,0.000,0.000,0.000,0.000,0.000,0.000,-0.162,0.015
518.61,0.470,0,0.875,1.553,0,0.000,0.000,0.000,0.000,0.000,0.000,-0.157,0.018
518.81,0.106,0,0.875,1.553,0,0.000,0.000,0.000,0.000,0.000,0.000,-0.157,0.018
519.01,0.106,0,0.877,1.555,0,0.000,0.000,0.000,0.000,0.000,0.000,-0.163,0.015
519.21,0.472,0,0.877,1.555,0,0.000,0.000,0.000,0.000,0.000,0.000,-0.150,0.004
519.41,0.472,0,0.874,1.549,0,0.000,0.000,0.000,0.000,0.000,0.000,-0.171,0.024
519.61,0.756,0,0.874,1.549,0,0.000,0.000,0.000,0.000,0.000,0.000,-0.171,0.024
519.81,0.474,0,0.874,1.549,0,0.000,0.000,0.000,0.000,0.000,0.000,-0.158,0.022
520.01,0.472,0,0.880,1.552,0,0.000,0.000,0.000,0.000,0.000,0.000,-0.152,0.001
520.21,0.475,0,0.880,1.552,0,0.000,0.000,0.000,0.000,0.000,0.000,-0.153,0.011
520.41,0.475,0,0.874,1.553,0,0.000,0.000,0.000,0.000,0.000,0.000,-0.158,0.012
520.61,0.481,0,0.874,1.553,0,0.000,0.000,0.000,0.000,0.000,0.000,-0.158,0.012
520.81,0.474,0,0.874,1.553,0,0.000,0.000,0.000,0.000,0.000,0.000,-0.147,0.008
521.01,0.477,0,0.875,1.550,0,0.000,0.000,0.000,0.000,0.000,0.000,-0.147,0.002
521.21,0.477,0,0.875,1.550,0,0.000,0.000,0.000,0.000,0.000,0.000,-0.149,0.006
521.41,0.470,0,0.877,1.553,0,0.000,0.000,0.000,0.000,0.000,0.000,-0.149,0.006
521.61,0.486,0,0.877,1.553,0,0.000,0.000,0.000,0.000,0.000,0.000,-0.153,0.012
521.81,0.756,0,0.877,1.553,0,0.000,0.000,0.000,0.000,0.000,0.000,-0.156,0.006
522.01,0.105,0,0.877,1.552,0,0.000,0.000,0.000,0.000,0.000,0.000,-0.148,0.001
522.21,0.105,0,0.877,1.552,0,0.000,0.000,0.000,0.000,0.000,0.000,-0.151,0.001
522.41,0.105,0,0.875,1.554,0,0.000,0.000,0.000,0.000,0.000,0.000,-0.151,0.001
522.61,0.105,0,0.875,1.554,0,0.000,0.000,0.000,0.000,0.000,0.000,-0.158,0.014
522.81,0.475,0,0.875,1.554,0,0.000,0.000,0.000,0.000,0.000,0.000,-0.154,0.002
523.01,0.475,0,0.883,1.551,0,0.000,0.000,0.000,0.000,0.000,0.000,-0.156,0.012
523.21,0.474,0,0.883,1.551,0,0.000,0.000,0.000,0.000,0.000,0.000,-0.156,0.012
523.41,0.106,0,0.885,1.554,0,0.000,0.000,0.000,0.000,0.000,0.000,-0.155,0.010
523.61,0.470,0,0.885,1.554,0,0.000,0.000,0.000,0.000,0.000,0.000,-0.151,0.006
523.81,0.479,0,0.885,1.554,0,0.000,0.000,0.000,0.000,0.000,0.000,-0.150,0.003
524.01,0.479,0,0.876,1.549,0,0.000,0.000,0.000,0.000,0.000,0.000,-0.153,0.002
524.21,0.488,0,0.876,1.549,0,0.000,0.000,0.000,0.000,0.000,0.000,-0.153,0.002
524.41,0.475,0,0.885,1.555,0,0.000,0.000,0.000,0.000,0.000,0.000,-0.151,0.001
524.61,0.470,0,0.885,1.555,0,0.000,0.000,0.000,0.000,0.000,0.000,-0.149,0.005
524.81,0.470,0,0.885,1.555,0,0.000,0.000,0.000,0.000,0.000,0.000,-0.151,0.013
525.01,0.481,0,0.873,1.553,0,0.000,0.000,0.000,0.000,0.000,0.000,-0.151,0.013
525.21,0.475,0,0.873,1.553,0,0.000,0.000,0.000,0.000,0.000,0.000,-0.154,0.011
525.41,0.475,0,0.876,1.555,0,0.000,0.000,0.000,0.000,0.000,0.000,-0.149,0.001
525.61,0.475,0,0.876,1.555,0,0.000,0.000,0.000,0.000,0.000,0.000,-0.152,0.005
525.81,0.475,0,0.876,1.555,0,0.000,0.000,0.000,0.000,0.000,0.000,-0.155,0.006
526.01,0.486,0,0.875,1.554,0,0.000,0.000,0.000,0.000,0.000,0.000,-0.155,0.006
526.21,0.470,0,0.875,1.554,0,0.000,0.000,0.000,0.000,0.000,0.000,-0.156,0.014
526.41,0.481,0,0.877,1.550,0,0.000,0.000,0.000,0.000,0.000,0.000,-0.153,0.006
526.61,0.481,0,0.877,1.550,0,0.000,0.000,0.000,0.000,0.000,0.000,-0.148,0.003
526.81,0.475,0,0.877,1.550,0,0.000,0.000,0.000,0.000,0.000,0.000,-0.148,0.003
527.01,0.484,0,0.876,1.551,0,0.000,0.000,0.000,0.000,0.000,0.000,-0.149,0.003
527.21,0.475,0,0.876,1.551,0,0.000,0.000,0.000,0.000,0.000,0.000,-0.148,0.005
527.41,0.477,0,0.877,1.553,0,0.000,0.000,0.000,0.000,0.000,0.000,-0.155,0.009
527.61,0.477,0,0.877,1.553,0,0.000,0.000,0.000,0.000,0.000,0.000,-0.151,0.004
527.81,0.479,0,0.877,1.553,0,0.000,0.000,0.000,0.000,0.000,0.000,-0.151,0.004
528.01,0.475,0,0.880,1.552,0,0.000,0.000,0.000,0.000,0.000,0.000,-0.152,0.008
528.21,0.106,0,0.880,1.552,0,0.000,0.000,0.000,0.000,0.000,0.000,-0.150,0.004
528.41,0.106,0,0.882,1.551,0,0.000,0.000,0.000,0.000,0.000,0.000,-0.153,0.005
528.61,0.470,0,0.882,1.551,0,0.000,0.000,0.000,0.000,0.000,0.000,-0.153,0.005
528.81,0.105,0,0.882,1.551,0,0.000,0.000,0.000,0.000,0.000,0.000,-0.161,0.008
529.01,0.474,0,0.876,1.553,0,0.000,0.000,0.000,0.000,0.000,0.000,-0.160,0.014
529.21,0.474,0,0.876,1.553,0,0.000,0.000,0.000,0.000,0.000,0.000,-0.157,0.011
529.41,0.105,0,0.877,1.552,0,0.000,0.000,0.000,0.000,0.000,0.000,-0.156,0.013
529.61,0.477,0,0.877,1.552,0,0.000,0.000,0.000,0.000,0.000,0.000,-0.156,0.013
529.81,0.474,0,0.877,1.552,0,0.000,0.000,0.000,0.000,0.000,0.000,-0.161,0.014
530.01,0.479,0,0.875,1.548,0,0.000,0.000,0.000,0.000,0.000,0.000,-0.153,0.003
530.21,0.479,0,0.875,1.548,0,0.000,0.000,0.000,0.000,0.000,0.000,-0.155,-0.001
530.41,0.479,0,0.884,1.548,0,0.000,0.000,0.000,0.000,0.000,0.000,-0.155,-0.001
530.61,0.474,0,0.884,1.548,0,0.000,0.000,0.000,0.000,0.000,0.000,-0.153,0.002
530.81,0.474,0,0.884,1.548,0,0.000,0.000,0.000,0.000,0.000,0.000,-0.151,0.002
531.01,0.474,0,0.876,1.552,0,0.000,0.000,0.000,0.000,0.000,0.000,-0.150,0.004
531.21,0.474,0,0.876,1.552,0,0.000,0.000,0.000,0.000,0.000,0.000,-0.150,0.004
531.41,0.475,0,0.875,1.550,0,0.000,0.000,0.000,0.000,0.000,0.000,-0.151,0.004
531.61,0.486,0,0.875,1.550,0,0.000,0.000,0.000,0.000,0.000,0.000,-0.149,0.004
531.81,0.486,0,0.875,1.550,0,0.000,0.000,0.000,0.000,0.000,0.000,-0.152,0.007
532.01,0.486,0,0.886,1.552,0,0.000,0.000,0.000,0.000,0.000,0.000,-0.151,0.008
532.21,0.481,0,0.886,1.552,0,0.000,0.000,0.000,0.000,0.000,0.000,-0.151,0.008
532.41,0.479,0,0.873,1.553,0,0.000,0.000,0.000,0.000,0.000,0.000,-0.152,-0.003
532.61,0.470,0,0.873,1.553,0,0.000,0.000,0.000,0.000,0.000,0.000,-0.149,0.001
532.81,0.470,0,0.873,1.553,0,0.000,0.000,0.000,0.000,0.000,0.000,-0.149,0.017
533.01,0.486,0,0.881,1.553,0,0.000,0.000,0.000,0.000,0.000,0.000,-0.149,0.017
533.21,0.481,0,0.881,1.553,0,0.000,0.000,0.000,0.000,0.000,0.000,-0.148,0.008
533.41,0.470,0,0.873,1.553,0,0.000,0.000,0.000,0.000,0.000,0.000,-0.155,0.015
533.61,0.470,0,0.873,1.553,0,0.000,0.000,0.000,0.000,0.000,0.000,-0.148,0.003
533.81,0.470,0,0.873,1.553,0,0.000,0.000,0.000,0.000,0.000,0.000,-0.155,0.018
534.01,0.482,0,0.881,1.553,0,0.000,0.000,0.000,0.000,0.000,0.000,-0.155,0.018
534.21,0.488,0,0.881,1.553,0,0.000,0.000,0.000,0.000,0.000,0.000,-0.162,0.008
534.41,0.475,0,0.880,1.553,0,0.000,0.000,0.000,0.000,0.000,0.000,-0.158,0.009
534.61,0.475,0,0.880,1.553,0,0.000,0.000,0.000,0.000,0.000,0.000,-0.160,0.014
534.81,0.472,0,0.880,1.553,0,0.000,0.000,0.000,0.000,0.000,0.000,-0.160,0.014
535.01,0.470,0,0.875,1.548,0,0.000,0.000,0.000,0.000,0.000,0.000,-0.152,0.009
535.21,0.474,0,0.875,1.548,0,0.000,0.000,0.000,0.000,0.000,0.000,-0.155,0.008
535.41,0.756,0,0.874,1.553,0,0.000,0.000,0.000,0.000,0.000,0.000,-0.160,-0.000
535.61,0.756,0,0.874,1.553,0,0.000,0.000,0.000,0.000,0.000,0.000,-0.156,-0.002
535.81,0.470,0,0.874,1.553,0,0.000,0.000,0.000,0.000,0.000,0.000,-0.156,-0.002
536.01,0.474,0,0.876,1.551,0,0.000,0.000,0.000,0.000,0.000,0.000,-0.158,-0.005
536.21,0.474,0,0.876,1.551,0,0.000,0.000,0.000,0.000,0.000,0.000,-0.163,0.008
536.41,0.474,0,0.874,1.553,0,0.000,0.000,0.000,0.000,0.000,0.000,-0.164,0.014
536.61,0.477,0,0.874,1.553,0,0.000,0.000,0.000,0.000,0.000,0.000,-0.164,0.014
536.81,0.474,0,0.874,1.553,0,0.000,0.000,0.000,0.000,0.000,0.000,-0.156,0.011
537.01,0.481,0,0.882,1.548,0,0.000,0.000,0.000,0.000,0.000,0.000,-0.166,0.010
537.21,0.475,0,0.882,1.548,0,0.000,0.000,0.000,0.000,0.000,0.000,-0.162,0.010
537.41,0.475,0,0.886,1.552,0,0.000,0.000,0.000,0.000,0.000,0.000,-0.156,0.004
537.61,0.106,0,0.886,1.552,0,0.000,0.000,0.000,0.000,0.000,0.000,-0.156,0.004
537.81,0.481,0,0.886,1.552,0,0.000,0.000,0.000,0.000,0.000,0.000,-0.150,0.004
538.01,0.106,0,0.874,1.554,0,0.000,0.000,0.000,0.000,0.000,0.000,-0.148,-0.001
538.21,0.106,0,0.874,1.554,0,0.000,0.000,0.000,0.000,0.000,0.000,-0.149,-0.001
538.41,0.475,0,0.875,1.553,0,0.000,0.000,0.000,0.000,0.000,0.000,-0.149,-0.001
538.61,0.479,0,0.875,1.553,0,0.000,0.000,0.000,0.000,0.000,0.000,-0.144,0.004
538.81,0.105,0,0.875,1.553,0,0.000,0.000,0.000,0.000,0.000,0.000,-0.147,0.000
539.01,0.105,0,0.877,1.554,0,0.000,0.000,0.000,0.000,0.000,0.000,-0.148,0.001
539.21,0.756,0,0.877,1.554,0,0.000,0.000,0.000,0.000,0.000,0.000,-0.147,-0.004
539.41,0.474,0,0.877,1.553,0,0.000,0.000,0.000,0.000,0.000,0.000,-0.147,-0.004
539.61,0.474,0,0.877,1.553,0,0.000,0.000,0.000,0.000,0.000,0.000,-0.147,0.001
539.81,0.486,0,0.877,1.553,0,0.000,0.000,0.000,0.000,0.000,0.000,-0.144,0.000
540.01,0.486,0,0.886,1.553,0,0.000,0.000,0.000,0.000,0.000,0.000,-0.150,0.006
540.21,0.106,0,0.886,1.553,0,0.000,0.000,0.000,0.000,0.000,0.000,-0.150,0.006
540.41,0.479,0,0.874,1.549,0,0.000,0.000,0.000,0.000,0.000,0.000,-0.150,-0.002
540.61,0.472,0,0.874,1.549,0,0.000,0.000,0.000,0.000,0.000,0.000,-0.152,0.000
540.81,0.472,0,0.874,1.549,0,0.000,0.000,0.000,0.000,0.000,0.000,-0.146,0.002
541.01,0.470,0,0.876,1.554,0,0.000,0.000,0.000,0.000,0.000,0.000,-0.146,0.002
541.21,0.477,0,0.876,1.554,0,0.000,0.000,0.000,0.000,0.000,0.000,-0.145,0.004
541.41,0.105,0,0.880,1.554,0,0.000,0.000,0.000,0.000,0.000,0.000,-0.143,0.004
541.61,0.105,0,0.880,1.554,0,0.000,0.000,0.000,0.000,0.000,0.000,-0.146,0.001
541.81,0.105,0,0.880,1.554,0,0.000,0.000,0.000,0.000,0.000,0.000,-0.143,0.001
542.01,0.475,0,0.877,1.553,0,0.000,0.000,0.000,0.000,0.000,0.000,-0.143,0.001
542.21,0.475,0,0.877,1.553,0,0.000,0.000,0.000,0.000,0.000,0.000,-0.146,0.003
542.41,0.472,0,0.875,1.553,0,0.000,0.000,0.000,0.000,0.000,0.000,-0.147,0.004
542.61,0.472,0,0.875,1.553,0,0.000,0.000,0.000,0.000,0.000,0.000,-0.158,0.015
542.81,0.472,0,0.875,1.553,0,0.000,0.000,0.000,0.000,0.000,0.000,-0.158,0.015
543.01,0.756,0,0.879,1.552,0,0.000,0.000,0.000,0.000,0.000,0.000,-0.153,0.004
543.21,0.756,0,0.879,1.552,0,0.000,0.000,0.000,0.000,0.000,0.000,-0.164,0.017
543.41,0.475,0,0.879,1.552,0,0.000,0.000,0.000,0.000,0.000,0.000,-0.160,0.012
543.61,0.475,0,0.879,1.552,0,0.000,0.000,0.000,0.000,0.000,0.000,-0.159,0.006
543.81,0.475,0,0.879,1.552,0,0.000,0.000,0.000,0.000,0.000,0.000,-0.159,0.006
544.01,0.477,0,0.874,1.553,0,0.000,0.000,0.000,0.000,0.000,0.000,-0.155,0.006
544.21,0.474,0,0.874,1.553,0,0.000,0.000,0.000,0.000,0.000,0.000,-0.160,0.025
544.41,0.474,0,0.872,1.553,0,0.000,0.000,0.000,0.000,0.000,0.000,-0.146,-0.011
544.61,0.481,0,0.872,1.553,0,0.000,0.000,0.000,0.000,0.000,0.000,-0.146,-0.011
544.81,0.472,0,0.872,1.553,0,0.000,0.000,0.000,0.000,0.000,0.000,-0.153,0.009
545.01,0.484,0,0.872,1.552,0,0.000,0.000,0.000,0.000,0.000,0.000,-0.153,0.006
545.21,0.488,0,0.872,1.552,0,0.000,0.000,0.000,0.000,0.000,0.000,-0.150,0.008
545.41,0.488,0,0.874,1.555,0,0.000,0.000,0.000,0.000,0.000,0.000,-0.150,0.001
545.61,0.470,0,0.874,1.555,0,0.000,0.000,0.000,0.000,0.000,0.000,-0.150,0.001
545.81,0.487,0,0.874,1.555,0,0.000,0.000,0.000,0.000,0.000,0.000,-0.163,0.023
546.01,0.475,0,0.873,1.554,0,0.000,0.000,0.000,0.000,0.000,0.000,-0.157,0.019
546.21,0.475,0,0.873,1.554,0,0.000,0.000,0.000,0.000,0.000,0.000,-0.153,0.015
546.41,0.470,0,0.875,1.551,0,0.000,0.000,0.000,0.000,0.000,0.000,-0.153,0.015
546.61,0.475,0,0.875,1.551,0,0.000,0.000,0.000,0.000,0.000,0.000,-0.152,0.016
546.81,0.484,0,0.875,1.551,0,0.000,0.000,0.000,0.000,0.000,0.000,-0.150,0.001
547.01,0.484,0,0.877,1.553,0,0.000,0.000,0.000,0.000,0.000,0.000,-0.156,0.021
547.21,0.475,0,0.877,1.553,0,0.000,0.000,0.000,0.000,0.000,0.000,-0.152,0.010
547.41,0.757,0,0.880,1.553,0,0.000,0.000,0.000,0.000,0.000,0.000,-0.152,0.010
547.61,0.470,0,0.880,1.553,0,0.000,0.000,0.000,0.000,0.000,0.000,-0.152,0.019
547.81,0.470,0,0.880,1.553,0,0.000,0.000,0.000,0.000,0.000,0.000,-0.149,0.009
548.01,0.470,0,0.873,1.548,0,0.000,0.000,0.000,0.000,0.000,0.000,-0.157,0.026
548.21,0.482,0,0.873,1.548,0,0.000,0.000,0.000,0.000,0.000,0.000,-0.157,0.026
548.41,0.486,0,0.882,1.550,0,0.000,0.000,0.000,0.000,0.000,0.000,-0.144,0.009
548.61,0.484,0,0.882,1.550,0,0.000,0.000,0.000,0.000,0.000,0.000,-0.155,0.008
548.81,0.484,0,0.882,1.550,0,0.000,0.000,0.000,0.000,0.000,0.000,-0.159,0.006
549.01,0.470,0,0.872,1.553,0,0.000,0.000,0.000,0.000,0.000,0.000,-0.159,0.006
549.21,0.106,0,0.872,1.553,0,0.000,0.000,0.000,0.000,0.000,0.000,-0.158,0.002
549.41,0.470,0,0.874,1.554,0,0.000,0.000,0.000,0.000,0.000,0.000,-0.161,0.006
549.61,0.486,0,0.874,1.554,0,0.000,0.000,0.000,0.000,0.000,0.000,-0.167,0.010
549.81,0.486,0,0.874,1.554,0,0.000,0.000,0.000,0.000,0.000,0.000,-0.159,0.013
550.01,0.477,0,0.881,1.554,0,0.000,0.000,0.000,0.000,0.000,0.000,-0.159,0.013
550.21,0.477,0,0.881,1.554,0,0.000,0.000,0.000,0.000,0.000,0.000,-0.164,0.016
550.41,0.481,0,0.882,1.551,0,0.000,0.000,0.000,0.000,0.000,0.000,-0.151,0.012
550.61,0.481,0,0.882,1.551,0,0.000,0.000,0.000,0.000,0.000,0.000,-0.157,0.017
550.81,0.758,0,0.882,1.551,0,0.000,0.000,0.000,0.000,0.000,0.000,-0.157,0.017
551.01,0.470,0,0.882,1.554,0,0.000,0.000,0.000,0.000,0.000,0.000,-0.149,0.011
551.21,0.486,0,0.882,1.554,0,0.000,0.000,0.000,0.000,0.000,0.000,-0.149,0.003
551.41,0.470,0,0.879,1.546,0,0.000,0.000,0.000,0.000,0.000,0.000,-0.150,0.009
551.61,0.470,0,0.879,1.546,0,0.000,0.000,0.000,0.000,0.000,0.000,-0.152,0.003
551.81,0.475,0,0.879,1.546,0,0.000,0.000,0.000,0.000,0.000,0.000,-0.152,0.003
552.01,0.475,0,0.875,1.549,0,0.000,0.000,0.000,0.000,0.000,0.000,-0.142,-0.005
552.21,0.470,0,0.875,1.549,0,0.000,0.000,0.000,0.000,0.000,0.000,-0.153,0.015
552.41,0.470,0,0.873,1.552,0,0.000,0.000,0.000,0.000,0.000,0.000,-0.158,0.013
552.61,0.474,0,0.873,1.552,0,0.000,0.000,0.000,0.000,0.000,0.000,-0.158,0.013
552.81,0.475,0,0.873,1.552,0,0.000,0.000,0.000,0.000,0.000,0.000,-0.158,0.015
553.01,0.474,0,0.883,1.553,0,0.000,0.000,0.000,0.000,0.000,0.000,-0.160,0.014
553.21,0.472,0,0.883,1.553,0,0.000,0.000,0.000,0.000,0.000,0.000,-0.155,0.012
553.41,0.472,0,0.875,1.551,0,0.000,0.000,0.000,0.000,0.000,0.000,-0.149,0.010
553.61,0.477,0,0.875,1.551,0,0.000,0.000,0.000,0.000,0.000,0.000,-0.149,0.010
553.81,0.477,0,0.875,1.551,0,0.000,0.000,0.000,0.000,0.000,0.000,-0.147,0.017
554.01,0.481,0,0.873,1.557,0,0.000,0.000,0.000,0.000,0.000,0.000,-0.156,0.011
554.21,0.481,0,0.873,1.557,0,0.000,0.000,0.000,0.000,0.000,0.000,-0.161,0.021
554.41,0.475,0,0.882,1.554,0,0.000,0.000,0.000,0.000,0.000,0.000,-0.161,0.021
554.61,0.472,0,0.882,1.554,0,0.000,0.000,0.000,0.000,0.000,0.000,-0.163,0.024
554.81,0.472,0,0.882,1.554,0,0.000,0.000,0.000,0.000,0.000,0.000,-0.162,0.023
555.01,0.472,0,0.877,1.551,0,0.000,0.000,0.000,0.000,0.000,0.000,-0.151,0.010
555.21,0.481,0,0.877,1.551,0,0.000,0.000,0.000,0.000,0.000,0.000,-0.151,0.010
555.41,0.474,0,0.884,1.556,0,0.000,0.000,0.000,0.000,0.000,0.000,-0.154,0.017
555.61,0.484,0,0.884,1.556,0,0.000,0.000,0.000,0.000,0.000,0.000,-0.158,0.020
555.81,0.472,0,0.884,1.556,0,0.000,0.000,0.000,0.000,0.000,0.000,-0.161,0.018
556.01,0.472,0,0.876,1.555,0,0.000,0.000,0.000,0.000,0.000,0.000,-0.151,0.015
556.21,0.474,0,0.876,1.555,0,0.000,0.000,0.000,0.000,0.000,0.000,-0.151,0.015
556.41,0.470,0,0.876,1.554,0,0.000,0.000,0.000,0.000,0.000,0.000,-0.157,0.015
556.61,0.479,0,0.876,1.554,0,0.000,0.000,0.000,0.000,0.000,0.000,-0.159,0.024
556.81,0.479,0,0.876,1.554,0,0.000,0.000,0.000,0.000,0.000,0.000,-0.150,0.006
557.01,0.470,0,0.886,1.555,0,0.000,0.000,0.000,0.000,0.000,0.000,-0.150,0.006
557.21,0.481,0,0.886,1.555,0,0.000,0.000,0.000,0.000,0.000,0.000,-0.152,0.004
557.41,0.472,0,0.876,1.553,0,0.000,0.000,0.000,0.000,0.000,0.000,-0.151,0.003
557.61,0.481,0,0.876,1.553,0,0.000,0.000,0.000,0.000,0.000,0.000,-0.165,0.018
557.81,0.481,0,0.876,1.553,0,0.000,0.000,0.000,0.000,0.000,0.000,-0.165,0.015
558.01,0.479,0,0.873,1.551,0,0.000,0.000,0.000,0.000,0.000,0.000,-0.165,0.015
558.21,0.475,0,0.873,1.551,0,0.000,0.000,0.000,0.000,0.000,0.000,-0.160,0.018
558.41,0.475,0,0.873,1.552,0,0.000,0.000,0.000,0.000,0.000,0.000,-0.154,0.017
558.61,0.475,0,0.873,1.552,0,0.000,0.000,0.000,0.000,0.000,0.000,-0.153,0.004
558.81,0.475,0,0.873,1.552,0,0.000,0.000,0.000,0.000,0.000,0.000,-0.153,0.004
559.01,0.479,0,0.886,1.550,0,0.000,0.000,0.000,0.000,0.000,0.000,-0.157,0.011
559.21,0.475,0,0.886,1.550,0,0.000,0.000,0.000,0.000,0.000,0.000,-0.171,0.017
559.41,0.479,0,0.876,1.553,0,0.000,0.000,0.000,0.000,0.000,0.000,-0.162,0.017
559.61,0.479,0,0.876,1.553,0,0.000,0.000,0.000,0.000,0.000,0.000,-0.165,0.013
559.81,0.479,0,0.876,1.553,0,0.000,0.000,0.000,0.000,0.000,0.000,-0.165,0.013
560.01,0.475,0,0.875,1.554,0,0.000,0.000,0.000,0.000,0.000,0.000,-0.161,0.011
560.21,0.470,0,0.875,1.554,0,0.000,0.000,0.000,0.000,0.000,0.000,-0.149,0.010
560.41,0.470,0,0.876,1.555,0,0.000,0.000,0.000,0.000,0.000,0.000,-0.151,0.007
560.61,0.479,0,0.876,1.555,0,0.000,0.000,0.000,0.000,0.000,0.000,-0.151,0.007
560.81,0.474,0,0.876,1.555,0,0.000,0.000,0.000,0.000,0.000,0.000,-0.161,0.020
561.01,0.479,0,0.879,1.553,0,0.000,0.000,0.000,0.000,0.000,0.000,-0.156,0.021
561.21,0.475,0,0.879,1.553,0,0.000,0.000,0.000,0.000,0.000,0.000,-0.158,0.023
561.41,0.475,0,0.871,1.554,0,0.000,0.000,0.000,0.000,0.000,0.000,-0.157,0.019
561.61,0.472,0,0.871,1.554,0,0.000,0.000,0.000,0.000,0.000,0.000,-0.157,0.019
561.81,0.105,0,0.871,1.554,0,0.000,0.000,0.000,0.000,0.000,0.000,-0.150,0.007
562.01,0.477,0,0.875,1.555,0,0.000,0.000,0.000,0.000,0.000,0.000,-0.150,0.008
562.21,0.477,0,0.875,1.555,0,0.000,0.000,0.000,0.000,0.000,0.000,-0.144,0.004
562.41,0.470,0,0.873,1.553,0,0.000,0.000,0.000,0.000,0.000,0.000,-0.144,0.004
562.61,0.479,0,0.873,1.553,0,0.000,0.000,0.000,0.000,0.000,0.000,-0.159,0.008
562.81,0.475,0,0.873,1.553,0,0.000,0.000,0.000,0.000,0.000,0.000,-0.165,0.021
563.01,0.486,0,0.881,1.553,0,0.000,0.000,0.000,0.000,0.000,0.000,-0.155,0.006
563.21,0.486,0,0.881,1.553,0,0.000,0.000,0.000,0.000,0.000,0.000,-0.167,0.012
563.41,0.105,0,0.881,1.551,0,0.000,0.000,0.000,0.000,0.000,0.000,-0.167,0.012
563.61,0.106,0,0.881,1.551,0,0.000,0.000,0.000,0.000,0.000,0.000,-0.162,0.009
563.81,0.486,0,0.881,1.551,0,0.000,0.000,0.000,0.000,0.000,0.000,-0.165,0.018
564.01,0.486,0,0.877,1.553,0,0.000,0.000,0.000,0.000,0.000,0.000,-0.159,0.019
564.21,0.475,0,0.877,1.553,0,0.000,0.000,0.000,0.000,0.000,0.000,-0.159,0.019
564.41,0.105,0,0.876,1.553,0,0.000,0.000,0.000,0.000,0.000,0.000,-0.163,0.012
564.61,0.475,0,0.876,1.553,0,0.000,0.000,0.000,0.000,0.000,0.000,-0.161,0.010
564.81,0.757,0,0.876,1.553,0,0.000,0.000,0.000,0.000,0.000,0.000,-0.169,0.013
565.01,0.757,0,0.877,1.552,0,0.000,0.000,0.000,0.000,0.000,0.000,-0.151,-0.001
565.21,0.479,0,0.877,1.552,0,0.000,0.000,0.000,0.000,0.000,0.000,-0.151,-0.001
565.41,0.475,0,0.876,1.552,0,0.000,0.000,0.000,0.000,0.000,0.000,-0.157,-0.001
565.61,0.486,0,0.876,1.552,0,0.000,0.000,0.000,0.000,0.000,0.000,-0.156,-0.000
565.81,0.486,0,0.876,1.552,0,0.000,0.000,0.000,0.000,0.000,0.000,-0.164,0.013
566.01,0.475,0,0.876,1.547,0,0.000,0.000,0.000,0.000,0.000,0.000,-0.164,0.013
566.21,0.472,0,0.876,1.547,0,0.000,0.000,0.000,0.000,0.000,0.000,-0.161,0.017
566.41,0.470,0,0.872,1.552,0,0.000,0.000,0.000,0.000,0.000,0.000,-0.156,0.002
566.61,0.470,0,0.872,1.552,0,0.000,0.000,0.000,0.000,0.000,0.000,-0.169,0.024
566.81,0.475,0,0.872,1.552,0,0.000,0.000,0.000,0.000,0.000,0.000,-0.169,0.024
567.01,0.486,0,0.881,1.552,0,0.000,0.000,0.000,0.000,0.000,0.000,-0.149,0.013
567.21,0.472,0,0.881,1.552,0,0.000,0.000,0.000,0.000,0.000,0.000,-0.152,0.013
567.41,0.105,0,0.883,1.554,0,0.000,0.000,0.000,0.000,0.000,0.000,-0.156,0.021
567.61,0.105,0,0.883,1.554,0,0.000,0.000,0.000,0.000,0.000,0.000,-0.152,0.015
567.81,0.757,0,0.883,1.554,0,0.000,0.000,0.000,0.000,0.000,0.000,-0.152,0.015
568.01,0.470,0,0.880,1.554,0,0.000,0.000,0.000,0.000,0.000,0.000,-0.149,0.013
568.21,0.477,0,0.880,1.554,0,0.000,0.000,0.000,0.000,0.000,0.000,-0.155,0.017
568.41,0.477,0,0.881,1.552,0,0.000,0.000,0.000,0.000,0.000,0.000,-0.152,0.014
568.61,0.481,0,0.881,1.552,0,0.000,0.000,0.000,0.000,0.000,0.000,-0.152,0.014
568.81,0.472,0,0.881,1.552,0,0.000,0.000,0.000,0.000,0.000,0.000,-0.158,0.014
569.01,0.479,0,0.877,1.553,0,0.000,0.000,0.000,0.000,0.000,0.000,-0.158,0.007
569.21,0.479,0,0.877,1.553,0,0.000,0.000,0.000,0.000,0.000,0.000,-0.165,0.012
569.41,0.479,0,0.877,1.554,0,0.000,0.000,0.000,0.000,0.000,0.000,-0.160,0.010
569.61,0.470,0,0.877,1.554,0,0.000,0.000,0.000,0.000,0.000,0.000,-0.160,0.010
569.81,0.474,0,0.877,1.554,0,0.000,0.000,0.000,0.000,0.000,0.000,-0.158,0.008
570.01,0.479,0,0.875,1.554,0,0.000,0.000,0.000,0.000,0.000,0.000,-0.158,-0.002
570.21,0.479,0,0.875,1.554,0,0.000,0.000,0.000,0.000,0.000,0.000,-0.157,0.002
570.41,0.756,0,0.875,1.554,0,0.000,0.000,0.000,0.000,0.000,0.000,-0.157,0.002
570.61,0.477,0,0.875,1.554,0,0.000,0.000,0.000,0.000,0.000,0.000,-0.158,0.005
570.81,0.474,0,0.875,1.554,0,0.000,0.000,0.000,0.000,0.000,0.000,-0.157,0.012
571.01,0.475,0,0.873,1.556,0,0.000,0.000,0.000,0.000,0.000,0.000,-0.162,0.011
571.21,0.475,0,0.873,1.556,0,0.000,0.000,0.000,0.000,0.000,0.000,-0.156,0.010
571.41,0.479,0,0.872,1.553,0,0.000,0.000,0.000,0.000,0.000,0.000,-0.156,0.010
571.61,0.756,0,0.872,1.553,0,0.000,0.000,0.000,0.000,0.000,0.000,-0.164,0.013
571.81,0.470,0,0.872,1.553,0,0.000,0.000,0.000,0.000,0.000,0.000,-0.158,0.016
572.01,0.470,0,0.877,1.552,0,0.000,0.000,0.000,0.000,0.000,0.000,-0.159,0.006
572.21,0.475,0,0.877,1.552,0,0.000,0.000,0.000,0.000,0.000,0.000,-0.159,0.006
572.41,0.470,0,0.873,1.552,0,0.000,0.000,0.000,0.000,0.000,0.000,-0.163,0.012
572.61,0.474,0,0.873,1.552,0,0.000,0.000,0.000,0.000,0.000,0.000,-0.163,0.017
572.81,0.472,0,0.873,1.552,0,0.000,0.000,0.000,0.000,0.000,0.000,-0.159,0.014
573.01,0.472,0,0.880,1.554,0,0.000,0.000,0.000,0.000,0.000,0.000,-0.161,0.009
573.21,0.470,0,0.880,1.554,0,0.000,0.000,0.000,0.000,0.000,0.000,-0.161,0.009
573.41,0.474,0,0.877,1.553,0,0.000,0.000,0.000,0.000,0.000,0.000,-0.162,0.010
573.61,0.472,0,0.877,1.553,0,0.000,0.000,0.000,0.000,0.000,0.000,-0.159,0.010
573.81,0.472,0,0.877,1.553,0,0.000,0.000,0.000,0.000,0.000,0.000,-0.165,0.009
574.01,0.477,0,0.881,1.557,0,0.000,0.000,0.000,0.000,0.000,0.000,-0.165,0.009
574.21,0.486,0,0.881,1.557,0,0.000,0.000,0.000,0.000,0.000,0.000,-0.158,0.011
574.41,0.475,0,0.879,1.553,0,0.000,0.000,0.000,0.000,0.000,0.000,-0.162,0.015
574.61,0.475,0,0.879,1.553,0,0.000,0.000,0.000,0.000,0.000,0.000,-0.156,0.008
574.81,0.475,0,0.879,1.553,0,0.000,0.000,0.000,0.000,0.000,0.000,-0.156,0.008
575.01,0.472,0,0.874,1.550,0,0.000,0.000,0.000,0.000,0.000,0.000,-0.160,0.013
575.21,0.472,0,0.874,1.550,0,0.000,0.000,0.000,0.000,0.000,0.000,-0.158,0.004
575.41,0.474,0,0.876,1.555,0,0.000,0.000,0.000,0.000,0.000,0.000,-0.159,0.007
575.61,0.474,0,0.876,1.555,0,0.000,0.000,0.000,0.000,0.000,0.000,-0.154,0.002
575.81,0.481,0,0.876,1.555,0,0.000,0.000,0.000,0.000,0.000,0.000,-0.154,0.002
576.01,0.474,0,0.877,1.555,0,0.000,0.000,0.000,0.000,0.000,0.000,-0.153,0.009
576.21,0.474,0,0.877,1.555,0,0.000,0.000,0.000,0.000,0.000,0.000,-0.151,0.009
576.41,0.474,0,0.876,1.554,0,0.000,0.000,0.000,0.000,0.000,0.000,-0.157,0.016
576.61,0.474,0,0.876,1.554,0,0.000,0.000,0.000,0.000,0.000,0.000,-0.157,0.016
576.81,0.488,0,0.876,1.554,0,0.000,0.000,0.000,0.000,0.000,0.000,-0.154,0.006
577.01,0.475,0,0.879,1.553,0,0.000,0.000,0.000,0.000,0.000,0.000,-0.156,0.014
577.21,0.474,0,0.879,1.553,0,0.000,0.000,0.000,0.000,0.000,0.000,-0.152,0.006
577.41,0.474,0,0.877,1.555,0,0.000,0.000,0.000,0.000,0.000,0.000,-0.149,0.005
577.61,0.481,0,0.877,1.555,0,0.000,0.000,0.000,0.000,0.000,0.000,-0.149,0.005
577.81,0.474,0,0.877,1.555,0,0.000,0.000,0.000,0.000,0.000,0.000,-0.163,0.025
578.01,0.477,0,0.875,1.553,0,0.000,0.000,0.000,0.000,0.000,0.000,-0.160,0.017
578.21,0.477,0,0.875,1.553,0,0.000,0.000,0.000,0.000,0.000,0.000,-0.154,0.017
578.41,0.474,0,0.876,1.552,0,0.000,0.000,0.000,0.000,0.000,0.000,-0.154,0.017
578.61,0.475,0,0.876,1.552,0,0.000,0.000,0.000,0.000,0.000,0.000,-0.155,0.005
578.81,0.755,0,0.876,1.552,0,0.000,0.000,0.000,0.000,0.000,0.000,-0.158,0.011
579.01,0.477,0,0.874,1.553,0,0.000,0.000,0.000,0.000,0.000,0.000,-0.158,0.010
579.21,0.477,0,0.874,1.553,0,0.000,0.000,0.000,0.000,0.000,0.000,-0.156,0.017
579.41,0.475,0,0.872,1.554,0,0.000,0.000,0.000,0.000,0.000,0.000,-0.156,0.017
579.61,0.756,0,0.872,1.554,0,0.000,0.000,0.000,0.000,0.000,0.000,-0.160,0.015
579.81,0.486,0,0.872,1.554,0,0.000,0.000,0.000,0.000,0.000,0.000,-0.157,0.011
580.01,0.486,0,0.875,1.552,0,0.000,0.000,0.000,0.000,0.000,0.000,-0.164,0.014
580.21,0.756,0,0.875,1.552,0,0.000,0.000,0.000,0.000,0.000,0.000,-0.164,0.014
580.41,0.757,0,0.879,1.553,0,0.000,0.000,0.000,0.000,0.000,0.000,-0.160,0.008
580.61,0.477,0,0.879,1.553,0,0.000,0.000,0.000,0.000,0.000,0.000,-0.160,0.006
580.81,0.477,0,0.879,1.553,0,0.000,0.000,0.000,0.000,0.000,0.000,-0.162,0.015
581.01,0.481,0,0.875,1.554,0,0.000,0.000,0.000,0.000,0.000,0.000,-0.162,0.019
581.21,0.479,0,0.875,1.554,0,0.000,0.000,0.000,0.000,0.000,0.000,-0.162,0.019
581.41,0.470,0,0.876,1.553,0,0.000,0.000,0.000,0.000,0.000,0.000,-0.157,0.018
581.61,0.488,0,0.876,1.553,0,0.000,0.000,0.000,0.000,0.000,0.000,-0.151,0.006
581.81,0.488,0,0.876,1.553,0,0.000,0.000,0.000,0.000,0.000,0.000,-0.152,0.002
582.01,0.474,0,0.875,1.554,0,0.000,0.000,0.000,0.000,0.000,0.000,-0.152,0.002
582.21,0.757,0,0.875,1.554,0,0.000,0.000,0.000,0.000,0.000,0.000,-0.145,-0.001
582.41,0.474,0,0.877,1.556,0,0.000,0.000,0.000,0.000,0.000,0.000,-0.161,0.024
582.61,0.474,0,0.877,1.556,0,0.000,0.000,0.000,0.000,0.000,0.000,-0.151,0.006
582.81,0.474,0,0.877,1.556,0,0.000,0.000,0.000,0.000,0.000,0.000,-0.151,0.006
583.01,0.756,0,0.887,1.553,0,0.000,0.000,0.000,0.000,0.000,0.000,-0.163,0.016
583.21,0.472,0,0.887,1.553,0,0.000,0.000,0.000,0.000,0.000,0.000,-0.161,0.015
583.41,0.470,0,0.876,1.549,0,0.000,0.000,0.000,0.000,0.000,0.000,-0.161,0.018
583.61,0.470,0,0.876,1.549,0,0.000,0.000,0.000,0.000,0.000,0.000,-0.158,0.011
583.81,0.488,0,0.876,1.549,0,0.000,0.000,0.000,0.000,0.000,0.000,-0.158,0.011
584.01,0.472,0,0.880,1.554,0,0.000,0.000,0.000,0.000,0.000,0.000,-0.155,0.002
584.21,0.474,0,0.880,1.554,0,0.000,0.000,0.000,0.000,0.000,0.000,-0.160,0.013
584.41,0.474,0,0.877,1.554,0,0.000,0.000,0.000,0.000,0.000,0.000,-0.151,0.006
584.61,0.487,0,0.877,1.554,0,0.000,0.000,0.000,0.000,0.000,0.000,-0.151,0.006
584.81,0.475,0,0.877,1.554,0,0.000,0.000,0.000,0.000,0.000,0.000,-0.157,0.002
585.01,0.756,0,0.874,1.554,0,0.000,0.000,0.000,0.000,0.000,0.000,-0.163,0.016
585.21,0.475,0,0.874,1.554,0,0.000,0.000,0.000,0.000,0.000,0.000,-0.159,0.011
585.41,0.475,0,0.876,1.550,0,0.000,0.000,0.000,0.000,0.000,0.000,-0.153,0.003
585.61,0.474,0,0.876,1.550,0,0.000,0.000,0.000,0.000,0.000,0.000,-0.153,0.003
585.81,0.472,0,0.876,1.550,0,0.000,0.000,0.000,0.000,0.000,0.000,-0.160,0.006
586.01,0.474,0,0.874,1.554,0,0.000,0.000,0.000,0.000,0.000,0.000,-0.158,0.013
586.21,0.474,0,0.874,1.554,0,0.000,0.000,0.000,0.000,0.000,0.000,-0.158,0.010
586.41,0.479,0,0.875,1.554,0,0.000,0.000,0.000,0.000,0.000,0.000,-0.158,0.010
586.61,0.472,0,0.875,1.554,0,0.000,0.000,0.000,0.000,0.000,0.000,-0.156,-0.000
586.81,0.756,0,0.875,1.554,0,0.000,0.000,0.000,0.000,0.000,0.000,-0.156,0.016
587.01,0.475,0,0.881,1.551,0,0.000,0.000,0.000,0.000,0.000,0.000,-0.159,0.007
587.21,0.475,0,0.881,1.551,0,0.000,0.000,0.000,0.000,0.000,0.000,-0.158,0.015
587.41,0.484,0,0.874,1.555,0,0.000,0.000,0.000,0.000,0.000,0.000,-0.158,0.015
587.61,0.472,0,0.874,1.555,0,0.000,0.000,0.000,0.000,0.000,0.000,-0.155,0.010
587.81,0.472,0,0.874,1.555,0,0.000,0.000,0.000,0.000,0.000,0.000,-0.156,0.009
588.01,0.472,0,0.877,1.553,0,0.000,0.000,0.000,0.000,0.000,0.000,-0.150,0.003
588.21,0.757,0,0.877,1.553,0,0.000,0.000,0.000,0.000,0.000,0.000,-0.150,0.003
588.41,0.484,0,0.882,1.553,0,0.000,0.000,0.000,0.000,0.000,0.000,-0.155,0.006
588.61,0.472,0,0.882,1.553,0,0.000,0.000,0.000,0.000,0.000,0.000,-0.163,0.015
588.81,0.474,0,0.882,1.553,0,0.000,0.000,0.000,0.000,0.000,0.000,-0.151,0.006
589.01,0.474,0,0.873,1.554,0,0.000,0.000,0.000,0.000,0.000,0.000,-0.161,0.014
589.21,0.481,0,0.873,1.554,0,0.000,0.000,0.000,0.000,0.000,0.000,-0.161,0.014
589.41,0.472,0,0.873,1.552,0,0.000,0.000,0.000,0.000,0.000,0.000,-0.160,0.010
589.61,0.475,0,0.873,1.552,0,0.000,0.000,0.000,0.000,0.000,0.000,-0.154,0.006
589.81,0.475,0,0.873,1.552,0,0.000,0.000,0.000,0.000,0.000,0.000,-0.149,0.005
590.01,0.475,0,0.875,1.550,0,0.000,0.000,0.000,0.000,0.000,0.000,-0.149,0.005
590.21,0.475,0,0.875,1.550,0,0.000,0.000,0.000,0.000,0.000,0.000,-0.153,0.001
590.41,0.470,0,0.878,1.551,0,0.000,0.000,0.000,0.000,0.000,0.000,-0.162,0.003
590.61,0.470,0,0.878,1.551,0,0.000,0.000,0.000,0.000,0.000,0.000,-0.155,0.002
590.81,0.475,0,0.878,1.551,0,0.000,0.000,0.000,0.000,0.000,0.000,-0.151,0.002
591.01,0.474,0,0.875,1.555,0,0.000,0.000,0.000,0.000,0.000,0.000,-0.151,0.002
591.21,0.470,0,0.875,1.555,0,0.000,0.000,0.000,0.000,0.000,0.000,-0.153,0.007
591.41,0.475,0,0.875,1.551,0,0.000,0.000,0.000,0.000,0.000,0.000,-0.157,0.012
591.61,0.475,0,0.875,1.551,0,0.000,0.000,0.000,0.000,0.000,0.000,-0.161,0.016
591.81,0.475,0,0.875,1.551,0,0.000,0.000,0.000,0.000,0.000,0.000,-0.161,0.016
592.01,0.472,0,0.873,1.552,0,0.000,0.000,0.000,0.000,0.000,0.000,-0.160,0.015
592.21,0.475,0,0.873,1.552,0,0.000,0.000,0.000,0.000,0.000,0.000,-0.166,0.017
592.41,0.475,0,0.881,1.553,0,0.000,0.000,0.000,0.000,0.000,0.000,-0.156,0.016
592.61,0.481,0,0.881,1.553,0,0.000,0.000,0.000,0.000,0.000,0.000,-0.156,0.016
592.81,0.479,0,0.881,1.553,0,0.000,0.000,0.000,0.000,0.000,0.000,-0.157,0.011
593.01,0.477,0,0.875,1.553,0,0.000,0.000,0.000,0.000,0.000,0.000,-0.159,0.019
593.21,0.472,0,0.875,1.553,0,0.000,0.000,0.000,0.000,0.000,0.000,-0.161,0.016
593.41,0.472,0,0.877,1.550,0,0.000,0.000,0.000,0.000,0.000,0.000,-0.154,0.011
593.61,0.482,0,0.877,1.550,0,0.000,0.000,0.000,0.000,0.000,0.000,-0.154,0.011
593.81,0.488,0,0.877,1.550,0,0.000,0.000,0.000,0.000,0.000,0.000,-0.156,0.009
594.01,0.475,0,0.876,1.547,0,0.000,0.000,0.000,0.000,0.000,0.000,-0.157,0.010
594.21,0.475,0,0.876,1.547,0,0.000,0.000,0.000,0.000,0.000,0.000,-0.156,0.011
594.41,0.470,0,0.876,1.555,0,0.000,0.000,0.000,0.000,0.000,0.000,-0.156,0.011
594.61,0.482,0,0.876,1.555,0,0.000,0.000,0.000,0.000,0.000,0.000,-0.159,0.012
594.81,0.486,0,0.876,1.555,0,0.000,0.000,0.000,0.000,0.000,0.000,-0.155,0.006
595.01,0.756,0,0.875,1.547,0,0.000,0.000,0.000,0.000,0.000,0.000,-0.158,0.017
595.21,0.756,0,0.875,1.547,0,0.000,0.000,0.000,0.000,0.000,0.000,-0.157,0.014
595.41,0.486,0,0.883,1.554,0,0.000,0.000,0.000,0.000,0.000,0.000,-0.157,0.014
595.61,0.477,0,0.883,1.554,0,0.000,0.000,0.000,0.000,0.000,0.000,-0.161,0.005
595.81,0.470,0,0.883,1.554,0,0.000,0.000,0.000,0.000,0.000,0.000,-0.153,0.008
596.01,0.470,0,0.877,1.551,0,0.000,0.000,0.000,0.000,0.000,0.000,-0.164,0.019
596.21,0.481,0,0.877,1.551,0,0.000,0.000,0.000,0.000,0.000,0.000,-0.164,0.019
596.41,0.479,0,0.872,1.551,0,0.000,0.000,0.000,0.000,0.000,0.000,-0.160,0.015
596.61,0.472,0,0.872,1.551,0,0.000,0.000,0.000,0.000,0.000,0.000,-0.150,0.005
596.81,0.472,0,0.872,1.551,0,0.000,0.000,0.000,0.000,0.000,0.000,-0.146,0.002
597.01,0.472,0,0.875,1.553,0,0.000,0.000,0.000,0.000,0.000,0.000,-0.158,0.014
597.21,0.484,0,0.875,1.553,0,0.000,0.000,0.000,0.000,0.000,0.000,-0.158,0.014
597.41,0.474,0,0.881,1.556,0,0.000,0.000,0.000,0.000,0.000,0.000,-0.154,0.015
597.61,0.475,0,0.881,1.556,0,0.000,0.000,0.000,0.000,0.000,0.000,-0.162,0.018
597.81,0.475,0,0.881,1.556,0,0.000,0.000,0.000,0.000,0.000,0.000,-0.157,0.021
598.01,0.479,0,0.877,1.551,0,0.000,0.000,0.000,0.000,0.000,0.000,-0.157,0.021
598.21,0.477,0,0.877,1.551,0,0.000,0.000,0.000,0.000,0.000,0.000,-0.159,0.027
598.41,0.470,0,0.878,1.553,0,0.000,0.000,0.000,0.000,0.000,0.000,-0.155,0.011
598.61,0.470,0,0.878,1.553,0,0.000,0.000,0.000,0.000,0.000,0.000,-0.156,0.010
598.81,0.470,0,0.878,1.553,0,0.000,0.000,0.000,0.000,0.000,0.000,-0.156,0.010
599.01,0.474,0,0.874,1.552,0,0.000,0.000,0.000,0.000,0.000,0.000,-0.154,0.007
599.21,0.475,0,0.874,1.552,0,0.000,0.000,0.000,0.000,0.000,0.000,-0.153,0.014
599.41,0.470,0,0.884,1.554,0,0.000,0.000,0.000,0.000,0.000,0.000,-0.154,0.008
599.61,0.470,0,0.884,1.554,0,0.000,0.000,0.000,0.000,0.000,0.000,-0.158,0.016
599.81,0.474,0,0.884,1.554,0,0.000,0.000,0.000,0.000,0.000,0.000,-0.158,0.016
600.01,0.475,0,0.887,1.553,0,0.000,0.000,0.000,0.000,0.000,0.000,-0.167,0.024
600.21,0.757,0,0.887,1.553,0,0.000,0.000,0.000,0.000,0.000,0.000,-0.151,0.006
600.41,0.757,0,0.881,1.548,0,0.000,0.000,0.000,0.000,0.000,0.000,-0.159,0.016
600.61,0.757,0,0.881,1.548,0,0.000,0.000,0.000,0.000,0.000,0.000,-0.159,0.016
600.81,0.479,0,0.881,1.548,0,0.000,0.000,0.000,0.000,0.000,0.000,-0.158,0.015
601.01,0.474,0,0.876,1.552,0,0.000,0.000,0.000,0.000,0.000,0.000,-0.155,0.008
601.21,0.470,0,0.876,1.552,0,0.000,0.000,0.000,0.000,0.000,0.000,-0.146,0.007
601.41,0.470,0,0.873,1.552,0,0.000,0.000,0.000,0.000,0.000,0.000,-0.152,0.007
601.61,0.481,0,0.873,1.552,0,0.000,0.000,0.000,0.000,0.000,0.000,-0.152,0.007
601.81,0.470,0,0.873,1.552,0,0.000,0.000,0.000,0.000,0.000,0.000,-0.150,0.009
602.01,0.474,0,0.874,1.553,0,0.000,0.000,0.000,0.000,0.000,0.000,-0.155,0.018
602.21,0.474,0,0.874,1.553,0,0.000,0.000,0.000,0.000,0.000,0.000,-0.158,0.012
602.41,0.755,0,0.877,1.554,0,0.000,0.000,0.000,0.000,0.000,0.000,-0.158,0.012
602.61,0.470,0,0.877,1.554,0,0.000,0.000,0.000,0.000,0.000,0.000,-0.159,0.015
602.81,0.472,0,0.877,1.554,0,0.000,0.000,0.000,0.000,0.000,0.000,-0.166,0.017
603.01,0.475,0,0.874,1.547,0,0.000,0.000,0.000,0.000,0.000,0.000,-0.162,0.014
603.21,0.475,0,0.874,1.547,0,0.000,0.000,0.000,0.000,0.000,0.000,-0.162,0.014
603.41,0.756,0,0.876,1.555,0,0.000,0.000,0.000,0.000,0.000,0.000,-0.162,0.014
603.61,0.477,0,0.876,1.555,0,0.000,0.000,0.000,0.000,0.000,0.000,-0.162,0.016
603.81,0.470,0,0.876,1.555,0,0.000,0.000,0.000,0.000,0.000,0.000,-0.158,0.014
604.01,0.470,0,0.873,1.553,0,0.000,0.000,0.000,0.000,0.000,0.000,-0.148,0.005
604.21,0.477,0,0.873,1.553,0,0.000,0.000,0.000,0.000,0.000,0.000,-0.148,0.005
604.41,0.477,0,0.876,1.548,0,0.000,0.000,0.000,0.000,0.000,0.000,-0.155,0.005
604.61,0.475,0,0.876,1.548,0,0.000,0.000,0.000,0.000,0.000,0.000,-0.154,0.011
604.81,0.475,0,0.876,1.548,0,0.000,0.000,0.000,0.000,0.000,0.000,-0.156,0.018
605.01,0.479,0,0.873,1.554,0,0.000,0.000,0.000,0.000,0.000,0.000,-0.156,0.018
605.21,0.475,0,0.873,1.554,0,0.000,0.000,0.000,0.000,0.000,0.000,-0.152,0.003
605.41,0.475,0,0.876,1.553,0,0.000,0.000,0.000,0.000,0.000,0.000,-0.155,0.010
605.61,0.470,0,0.876,1.553,0,0.000,0.000,0.000,0.000,0.000,0.000,-0.160,0.013
605.81,0.470,0,0.876,1.553,0,0.000,0.000,0.000,0.000,0.000,0.000,-0.157,0.015
606.01,0.475,0,0.875,1.549,0,0.000,0.000,0.000,0.000,0.000,0.000,-0.157,0.015
606.21,0.756,0,0.875,1.549,0,0.000,0.000,0.000,0.000,0.000,0.000,-0.163,0.016
606.41,0.475,0,0.875,1.548,0,0.000,0.000,0.000,0.000,0.000,0.000,-0.159,0.016
606.61,0.475,0,0.875,1.548,0,0.000,0.000,0.000,0.000,0.000,0.000,-0.157,0.015
606.81,0.472,0,0.875,1.548,0,0.000,0.000,0.000,0.000,0.000,0.000,-0.157,0.015
607.01,0.474,0,0.874,1.552,0,0.000,0.000,0.000,0.000,0.000,0.000,-0.161,0.013
607.21,0.472,0,0.874,1.552,0,0.000,0.000,0.000,0.000,0.000,0.000,-0.164,0.018
607.41,0.475,0,0.878,1.553,0,0.000,0.000,0.000,0.000,0.000,0.000,-0.175,0.029
607.61,0.475,0,0.878,1.553,0,0.000,0.000,0.000,0.000,0.000,0.000,-0.161,0.028
607.81,0.481,0,0.878,1.553,0,0.000,0.000,0.000,0.000,0.000,0.000,-0.161,0.028
608.01,0.475,0,0.882,1.553,0,0.000,0.000,0.000,0.000,0.000,0.000,-0.153,0.003
608.21,0.472,0,0.882,1.553,0,0.000,0.000,0.000,0.000,0.000,0.000,-0.155,0.006
608.41,0.472,0,0.876,1.553,0,0.000,0.000,0.000,0.000,0.000,0.000,-0.159,0.010
608.61,0.474,0,0.876,1.553,0,0.000,0.000,0.000,0.000,0.000,0.000,-0.159,0.010
608.81,0.475,0,0.876,1.553,0,0.000,0.000,0.000,0.000,0.000,0.000,-0.151,0.003
609.01,0.472,0,0.882,1.554,0,0.000,0.000,0.000,0.000,0.000,0.000,-0.163,0.018
609.21,0.475,0,0.882,1.554,0,0.000,0.000,0.000,0.000,0.000,0.000,-0.165,0.027
609.41,0.475,0,0.884,1.549,0,0.000,0.000,0.000,0.000,0.000,0.000,-0.151,0.005
609.61,0.481,0,0.884,1.549,0,0.000,0.000,0.000,0.000,0.000,0.000,-0.151,0.005
609.81,0.481,0,0.884,1.549,0,0.000,0.000,0.000,0.000,0.000,0.000,-0.156,0.014
610.01,0.474,0,0.876,1.558,0,0.000,0.000,0.000,0.000,0.000,0.000,-0.155,0.014
610.21,0.474,0,0.876,1.558,0,0.000,0.000,0.000,0.000,0.000,0.000,-0.164,0.020
610.41,0.484,0,0.876,1.554,0,0.000,0.000,0.000,0.000,0.000,0.000,-0.164,0.020
610.61,0.472,0,0.876,1.554,0,0.000,0.000,0.000,0.000,0.000,0.000,-0.169,0.031
610.81,0.472,0,0.876,1.554,0,0.000,0.000,0.000,0.000,0.000,0.000,-0.161,0.018
611.01,0.470,0,0.874,1.550,0,0.000,0.000,0.000,0.000,0.000,0.000,-0.157,0.015
611.21,0.470,0,0.874,1.550,0,0.000,0.000,0.000,0.000,0.000,0.000,-0.156,0.016
611.41,0.475,0,0.874,1.549,0,0.000,0.000,0.000,0.000,0.000,0.000,-0.156,0.016
611.61,0.486,0,0.874,1.549,0,0.000,0.000,0.000,0.000,0.000,0.000,-0.156,0.028
611.81,0.472,0,0.874,1.549,0,0.000,0.000,0.000,0.000,0.000,0.000,-0.154,0.009
612.01,0.472,0,0.872,1.554,0,0.000,0.000,0.000,0.000,0.000,0.000,-0.153,0.009
612.21,0.474,0,0.872,1.554,0,0.000,0.000,0.000,0.000,0.000,0.000,-0.153,0.009
612.41,0.488,0,0.881,1.551,0,0.000,0.000,0.000,0.000,0.000,0.000,-0.158,0.019
612.61,0.474,0,0.881,1.551,0,0.000,0.000,0.000,0.000,0.000,0.000,-0.160,0.018
612.81,0.474,0,0.881,1.551,0,0.000,0.000,0.000,0.000,0.000,0.000,-0.160,0.019
613.01,0.475,0,0.876,1.550,0,0.000,0.000,0.000,0.000,0.000,0.000,-0.161,0.016
613.21,0.756,0,0.876,1.550,0,0.000,0.000,0.000,0.000,0.000,0.000,-0.161,0.016
613.41,0.758,0,0.882,1.553,0,0.000,0.000,0.000,0.000,0.000,0.000,-0.158,0.015
613.61,0.470,0,0.882,1.553,0,0.000,0.000,0.000,0.000,0.000,0.000,-0.162,0.007
613.81,0.470,0,0.882,1.553,0,0.000,0.000,0.000,0.000,0.000,0.000,-0.163,0.018
614.01,0.472,0,0.886,1.549,0,0.000,0.000,0.000,0.000,0.000,0.000,-0.163,0.018
614.21,0.488,0,0.886,1.549,0,0.000,0.000,0.000,0.000,0.000,0.000,-0.170,0.025
614.41,0.475,0,0.879,1.550,0,0.000,0.000,0.000,0.000,0.000,0.000,-0.156,0.013
614.61,0.475,0,0.879,1.550,0,0.000,0.000,0.000,0.000,0.000,0.000,-0.160,0.015
614.81,0.756,0,0.879,1.550,0,0.000,0.000,0.000,0.000,0.000,0.000,-0.160,0.015
615.01,0.477,0,0.875,1.554,0,0.000,0.000,0.000,0.000,0.000,0.000,-0.156,0.015
615.21,0.470,0,0.875,1.554,0,0.000,0.000,0.000,0.000,0.000,0.000,-0.154,0.012
615.41,0.474,0,0.876,1.551,0,0.000,0.000,0.000,0.000,0.000,0.000,-0.156,0.013
615.61,0.474,0,0.876,1.551,0,0.000,0.000,0.000,0.000,0.000,0.000,-0.158,0.010
615.81,0.470,0,0.876,1.551,0,0.000,0.000,0.000,0.000,0.000,0.000,-0.158,0.010
616.01,0.474,0,0.873,1.555,0,0.000,0.000,0.000,0.000,0.000,0.000,-0.163,0.019
616.21,0.477,0,0.873,1.555,0,0.000,0.000,0.000,0.000,0.000,0.000,-0.153,0.013
616.41,0.477,0,0.875,1.552,0,0.000,0.000,0.000,0.000,0.000,0.000,-0.159,0.012
616.61,0.474,0,0.875,1.552,0,0.000,0.000,0.000,0.000,0.000,0.000,-0.159,0.012
616.81,0.470,0,0.875,1.552,0,0.000,0.000,0.000,0.000,0.000,0.000,-0.158,0.012
617.01,0.475,0,0.876,1.551,0,0.000,0.000,0.000,0.000,0.000,0.000,-0.158,0.010
617.21,0.481,0,0.876,1.551,0,0.000,0.000,0.000,0.000,0.000,0.000,-0.163,0.016
617.41,0.481,0,0.876,1.554,0,0.000,0.000,0.000,0.000,0.000,0.000,-0.159,0.011
617.61,0.758,0,0.876,1.554,0,0.000,0.000,0.000,0.000,0.000,0.000,-0.159,0.011
617.81,0.472,0,0.876,1.554,0,0.000,0.000,0.000,0.000,0.000,0.000,-0.166,0.018
618.01,0.477,0,0.876,1.553,0,0.000,0.000,0.000,0.000,0.000,0.000,-0.159,0.023
618.21,0.477,0,0.876,1.553,0,0.000,0.000,0.000,0.000,0.000,0.000,-0.162,0.025
618.41,0.470,0,0.876,1.555,0,0.000,0.000,0.000,0.000,0.000,0.000,-0.162,0.025
618.61,0.482,0,0.876,1.555,0,0.000,0.000,0.000,0.000,0.000,0.000,-0.157,0.018
618.81,0.470,0,0.876,1.555,0,0.000,0.000,0.000,0.000,0.000,0.000,-0.164,0.017
619.01,0.470,0,0.882,1.556,0,0.000,0.000,0.000,0.000,0.000,0.000,-0.164,0.023
619.21,0.105,0,0.882,1.556,0,0.000,0.000,0.000,0.000,0.000,0.000,-0.164,0.023
619.41,0.484,0,0.878,1.553,0,0.000,0.000,0.000,0.000,0.000,0.000,-0.158,0.004
619.61,0.477,0,0.878,1.553,0,0.000,0.000,0.000,0.000,0.000,0.000,-0.152,0.007
619.81,0.105,0,0.878,1.553,0,0.000,0.000,0.000,0.000,0.000,0.000,-0.161,0.014
620.01,0.105,0,0.880,1.541,0,0.000,0.000,0.000,0.000,0.000,0.000,-0.142,0.003
620.21,0.759,0,0.880,1.541,0,0.000,0.000,0.000,0.000,0.000,0.000,-0.142,0.003
620.41,0.470,0,0.882,1.553,0,0.000,0.000,0.000,0.000,0.000,0.000,-0.147,-0.000
620.61,0.475,0,0.882,1.553,0,0.000,0.000,0.000,0.000,0.000,0.000,-0.145,0.000
620.81,0.475,0,0.882,1.553,0,0.000,0.000,0.000,0.000,0.000,0.000,-0.143,-0.003
621.01,0.472,0,0.875,1.545,0,0.000,0.000,0.000,0.000,0.000,0.000,-0.143,-0.003
621.21,0.470,0,0.875,1.545,0,0.000,0.000,0.000,0.000,0.000,0.000,-0.152,0.008
621.41,0.479,0,0.875,1.550,0,0.000,0.000,0.000,0.000,0.000,0.000,-0.145,0.003
621.61,0.474,0,0.875,1.550,0,0.000,0.000,0.000,0.000,0.000,0.000,-0.150,-0.001
621.81,0.474,0,0.875,1.550,0,0.000,0.000,0.000,0.000,0.000,0.000,-0.140,0.012
622.01,0.481,0,0.883,1.556,0,0.000,0.000,0.000,0.000,0.000,0.000,-0.140,0.012
622.21,0.475,0,0.883,1.556,0,0.000,0.000,0.000,0.000,0.000,0.000,-0.143,0.003
622.41,0.475,0,0.873,1.553,0,0.000,0.000,0.000,0.000,0.000,0.000,-0.148,0.010
622.61,0.475,0,0.873,1.553,0,0.000,0.000,0.000,0.000,0.000,0.000,-0.158,0.015
622.81,0.472,0,0.873,1.553,0,0.000,0.000,0.000,0.000,0.000,0.000,-0.158,0.015
623.01,0.472,0,0.873,1.553,0,0.000,0.000,0.000,0.000,0.000,0.000,-0.157,0.012
623.21,0.479,0,0.873,1.553,0,0.000,0.000,0.000,0.000,0.000,0.000,-0.156,0.009
623.41,0.105,0,0.880,1.552,0,0.000,0.000,0.000,0.000,0.000,0.000,-0.152,0.015
623.61,0.105,0,0.880,1.552,0,0.000,0.000,0.000,0.000,0.000,0.000,-0.154,0.022
623.81,0.470,0,0.880,1.552,0,0.000,0.000,0.000,0.000,0.000,0.000,-0.154,0.022
624.01,0.757,0,0.874,1.553,0,0.000,0.000,0.000,0.000,0.000,0.000,-0.155,0.011
624.21,0.472,0,0.874,1.553,0,0.000,0.000,0.000,0.000,0.000,0.000,-0.161,0.022
624.41,0.472,0,0.878,1.554,0,0.000,0.000,0.000,0.000,0.000,0.000,-0.155,0.009
624.61,0.475,0,0.878,1.554,0,0.000,0.000,0.000,0.000,0.000,0.000,-0.155,0.009
624.81,0.474,0,0.878,1.554,0,0.000,0.000,0.000,0.000,0.000,0.000,-0.148,0.016
625.01,0.472,0,0.878,1.552,0,0.000,0.000,0.000,0.000,0.000,0.000,-0.152,0.018
625.21,0.474,0,0.878,1.552,0,0.000,0.000,0.000,0.000,0.000,0.000,-0.150,0.014
625.41,0.474,0,0.877,1.555,0,0.000,0.000,0.000,0.000,0.000,0.000,-0.163,0.018
625.61,0.479,0,0.877,1.555,0,0.000,0.000,0.000,0.000,0.000,0.000,-0.163,0.018
625.81,0.470,0,0.877,1.555,0,0.000,0.000,0.000,0.000,0.000,0.000,-0.152,0.009
626.01,0.486,0,0.877,1.552,0,0.000,0.000,0.000,0.000,0.000,0.000,-0.153,-0.002
626.21,0.486,0,0.877,1.552,0,0.000,0.000,0.000,0.000,0.000,0.000,-0.152,0.005
626.41,0.474,0,0.881,1.557,0,0.000,0.000,0.000,0.000,0.000,0.000,-0.152,0.005
626.61,0.472,0,0.881,1.557,0,0.000,0.000,0.000,0.000,0.000,0.000,-0.146,0.005
626.81,0.484,0,0.881,1.557,0,0.000,0.000,0.000,0.000,0.000,0.000,-0.156,0.006
627.01,0.484,0,0.882,1.552,0,0.000,0.000,0.000,0.000,0.000,0.000,-0.154,-0.000
627.21,0.475,0,0.882,1.552,0,0.000,0.000,0.000,0.000,0.000,0.000,-0.154,-0.000
627.41,0.477,0,0.874,1.549,0,0.000,0.000,0.000,0.000,0.000,0.000,-0.159,0.005
627.61,0.475,0,0.874,1.549,0,0.000,0.000,0.000,0.000,0.000,0.000,-0.157,0.016
627.81,0.474,0,0.874,1.549,0,0.000,0.000,0.000,0.000,0.000,0.000,-0.158,0.009
628.01,0.474,0,0.876,1.553,0,0.000,0.000,0.000,0.000,0.000,0.000,-0.153,0.008
628.21,0.759,0,0.876,1.553,0,0.000,0.000,0.000,0.000,0.000,0.000,-0.153,0.008
628.41,0.479,0,0.879,1.555,0,0.000,0.000,0.000,0.000,0.000,0.000,-0.154,0.011
628.61,0.474,0,0.879,1.555,0,0.000,0.000,0.000,0.000,0.000,0.000,-0.151,0.017
628.81,0.474,0,0.879,1.555,0,0.000,0.000,0.000,0.000,0.000,0.000,-0.161,0.012
629.01,0.482,0,0.875,1.553,0,0.000,0.000,0.000,0.000,0.000,0.000,-0.161,0.012
629.21,0.474,0,0.875,1.553,0,0.000,0.000,0.000,0.000,0.000,0.000,-0.162,0.018
629.41,0.472,0,0.875,1.553,0,0.000,0.000,0.000,0.000,0.000,0.000,-0.165,0.025
629.61,0.475,0,0.875,1.553,0,0.000,0.000,0.000,0.000,0.000,0.000,-0.159,0.017
629.81,0.475,0,0.875,1.553,0,0.000,0.000,0.000,0.000,0.000,0.000,-0.162,0.021
630.01,0.475,0,0.873,1.550,0,0.000,0.000,0.000,0.000,0.000,0.000,-0.162,0.021
630.21,0.474,0,0.873,1.550,0,0.000,0.000,0.000,0.000,0.000,0.000,-0.159,0.013
630.41,0.474,0,0.881,1.550,0,0.000,0.000,0.000,0.000,0.000,0.000,-0.153,0.009
630.61,0.474,0,0.881,1.550,0,0.000,0.000,0.000,0.000,0.000,0.000,-0.156,0.011
630.81,0.470,0,0.881,1.550,0,0.000,0.000,0.000,0.000,0.000,0.000,-0.156,0.011
631.01,0.472,0,0.878,1.553,0,0.000,0.000,0.000,0.000,0.000,0.000,-0.156,0.020
631.21,0.477,0,0.878,1.553,0,0.000,0.000,0.000,0.000,0.000,0.000,-0.163,0.019
631.41,0.475,0,0.877,1.551,0,0.000,0.000,0.000,0.000,0.000,0.000,-0.150,0.020
631.61,0.475,0,0.877,1.551,0,0.000,0.000,0.000,0.000,0.000,0.000,-0.154,0.016
631.81,0.470,0,0.877,1.551,0,0.000,0.000,0.000,0.000,0.000,0.000,-0.154,0.016
632.01,0.472,0,0.884,1.554,0,0.000,0.000,0.000,0.000,0.000,0.000,-0.152,0.011
632.21,0.472,0,0.884,1.554,0,0.000,0.000,0.000,0.000,0.000,0.000,-0.153,0.016
632.41,0.472,0,0.875,1.552,0,0.000,0.000,0.000,0.000,0.000,0.000,-0.152,0.005
632.61,0.479,0,0.875,1.552,0,0.000,0.000,0.000,0.000,0.000,0.000,-0.152,0.005
632.81,0.479,0,0.875,1.552,0,0.000,0.000,0.000,0.000,0.000,0.000,-0.160,0.017
633.01,0.475,0,0.876,1.555,0,0.000,0.000,0.000,0.000,0.000,0.000,-0.160,0.017
633.21,0.475,0,0.876,1.555,0,0.000,0.000,0.000,0.000,0.000,0.000,-0.157,0.023
633.41,0.470,0,0.886,1.550,0,0.000,0.000,0.000,0.000,0.000,0.000,-0.157,0.023
633.61,0.481,0,0.886,1.550,0,0.000,0.000,0.000,0.000,0.000,0.000,-0.153,0.007
633.81,0.474,0,0.886,1.550,0,0.000,0.000,0.000,0.000,0.000,0.000,-0.152,0.008
634.01,0.477,0,2.351,1.556,0,0.000,0.000,0.000,0.000,0.000,0.000,-0.156,0.010
634.21,0.477,0,2.351,1.556,0,0.000,0.000,0.000,0.000,0.000,0.000,-0.149,0.014
634.41,0.479,0,0.873,1.553,0,0.000,0.000,0.000,0.000,0.000,0.000,-0.149,0.014
634.61,0.479,0,0.873,1.553,0,0.000,0.000,0.000,0.000,0.000,0.000,-0.151,0.007
634.81,0.470,0,0.873,1.553,0,0.000,0.000,0.000,0.000,0.000,0.000,-0.152,0.009
635.01,0.470,0,0.876,1.549,0,0.000,0.000,0.000,0.000,0.000,0.000,-0.152,0.012
635.21,0.475,0,0.876,1.549,0,0.000,0.000,0.000,0.000,0.000,0.000,-0.152,0.012
635.41,0.472,0,0.875,1.557,0,0.000,0.000,0.000,0.000,0.000,0.000,-0.148,0.010
635.61,0.475,0,0.875,1.557,0,0.000,0.000,0.000,0.000,0.000,0.000,-0.155,0.011
635.81,0.475,0,0.875,1.557,0,0.000,0.000,0.000,0.000,0.000,0.000,-0.153,0.006
636.01,0.475,0,0.880,1.553,0,0.000,0.000,0.000,0.000,0.000,0.000,-0.151,0.010
636.21,0.470,0,0.880,1.553,0,0.000,0.000,0.000,0.000,0.000,0.000,-0.151,0.010
636.41,0.475,0,0.880,1.555,0,0.000,0.000,0.000,0.000,0.000,0.000,-0.151,0.012
636.61,0.472,0,0.880,1.555,0,0.000,0.000,0.000,0.000,0.000,0.000,-0.152,0.010
636.81,0.472,0,0.880,1.555,0,0.000,0.000,0.000,0.000,0.000,0.000,-0.157,0.014
637.01,0.106,0,0.876,1.555,0,0.000,0.000,0.000,0.000,0.000,0.000,-0.157,0.014
637.21,0.106,0,0.876,1.555,0,0.000,0.000,0.000,0.000,0.000,0.000,-0.153,0.014
637.41,0.754,0,0.879,1.553,0,0.000,0.000,0.000,0.000,0.000,0.000,-0.156,0.009
637.61,0.479,0,0.879,1.553,0,0.000,0.000,0.000,0.000,0.000,0.000,-0.150,0.008
637.81,0.479,0,0.879,1.553,0,0.000,0.000,0.000,0.000,0.000,0.000,-0.152,0.006
638.01,0.756,0,0.888,1.549,0,0.000,0.000,0.000,0.000,0.000,0.000,-0.152,0.006
638.21,0.486,0,0.888,1.549,0,0.000,0.000,0.000,0.000,0.000,0.000,-0.150,0.006
638.41,0.475,0,0.873,1.552,0,0.000,0.000,0.000,0.000,0.000,0.000,-0.151,0.004
638.61,0.475,0,0.873,1.552,0,0.000,0.000,0.000,0.000,0.000,0.000,-0.154,0.005
638.81,0.475,0,0.873,1.552,0,0.000,0.000,0.000,0.000,0.000,0.000,-0.154,0.005
639.01,0.486,0,0.886,1.552,0,0.000,0.000,0.000,0.000,0.000,0.000,-0.151,0.009
639.21,0.470,0,0.886,1.552,0,0.000,0.000,0.000,0.000,0.000,0.000,-0.153,0.012
639.41,0.470,0,0.878,1.552,0,0.000,0.000,0.000,0.000,0.000,0.000,-0.150,0.010
639.61,0.756,0,0.878,1.552,0,0.000,0.000,0.000,0.000,0.000,0.000,-0.157,0.010
639.81,0.488,0,0.878,1.552,0,0.000,0.000,0.000,0.000,0.000,0.000,-0.157,0.010
640.01,0.757,0,0.878,1.554,0,0.000,0.000,0.000,0.000,0.000,0.000,-0.152,0.008
640.21,0.756,0,0.878,1.554,0,0.000,0.000,0.000,0.000,0.000,0.000,-0.152,0.007
640.41,0.756,0,0.882,1.552,0,0.000,0.000,0.000,0.000,0.000,0.000,-0.155,0.004
640.61,0.470,0,0.882,1.552,0,0.000,0.000,0.000,0.000,0.000,0.000,-0.155,0.004
640.81,0.475,0,0.882,1.552,0,0.000,0.000,0.000,0.000,0.000,0.000,-0.158,0.003
641.01,0.474,0,0.875,1.552,0,0.000,0.000,0.000,0.000,0.000,0.000,-0.151,0.006
641.21,0.474,0,0.875,1.552,0,0.000,0.000,0.000,0.000,0.000,0.000,-0.155,0.005
641.41,0.479,0,0.876,1.553,0,0.000,0.000,0.000,0.000,0.000,0.000,-0.155,0.005
641.61,0.477,0,0.876,1.553,0,0.000,0.000,0.000,0.000,0.000,0.000,-0.158,0.006
641.81,0.470,0,0.876,1.553,0,0.000,0.000,0.000,0.000,0.000,0.000,-0.152,0.003
642.01,0.477,0,0.881,1.553,0,0.000,0.000,0.000,0.000,0.000,0.000,-0.154,0.002
642.21,0.477,0,0.881,1.553,0,0.000,0.000,0.000,0.000,0.000,0.000,-0.154,0.003
642.41,0.479,0,0.874,1.554,0,0.000,0.000,0.000,0.000,0.000,0.000,-0.154,0.003
642.61,0.472,0,0.874,1.554,0,0.000,0.000,0.000,0.000,0.000,0.000,-0.152,0.008
642.81,0.470,0,0.874,1.554,0,0.000,0.000,0.000,0.000,0.000,0.000,-0.153,0.004
643.01,0.470,0,0.872,1.555,0,0.000,0.000,0.000,0.000,0.000,0.000,-0.152,0.002
643.21,0.474,0,0.872,1.555,0,0.000,0.000,0.000,0.000,0.000,0.000,-0.152,0.002
643.41,0.472,0,0.876,1.551,0,0.000,0.000,0.000,0.000,0.000,0.000,-0.154,0.003
643.61,0.756,0,0.876,1.551,0,0.000,0.000,0.000,0.000,0.000,0.000,-0.155,0.006
643.81,0.474,0,0.876,1.551,0,0.000,0.000,0.000,0.000,0.000,0.000,-0.153,0.005
644.01,0.474,0,0.880,1.553,0,0.000,0.000,0.000,0.000,0.000,0.000,-0.152,0.002
644.21,0.474,0,0.880,1.553,0,0.000,0.000,0.000,0.000,0.000,0.000,-0.152,0.002
644.41,0.475,0,0.875,1.554,0,0.000,0.000,0.000,0.000,0.000,0.000,-0.154,0.007
644.61,0.484,0,0.875,1.554,0,0.000,0.000,0.000,0.000,0.000,0.000,-0.150,0.012
644.81,0.484,0,0.875,1.554,0,0.000,0.000,0.000,0.000,0.000,0.000,-0.150,0.009
645.01,0.470,0,0.877,1.553,0,0.000,0.000,0.000,0.000,0.000,0.000,-0.150,0.009
645.21,0.474,0,0.877,1.553,0,0.000,0.000,0.000,0.000,0.000,0.000,-0.151,0.005
645.41,0.479,0,0.873,1.553,0,0.000,0.000,0.000,0.000,0.000,0.000,-0.151,0.006
645.61,0.475,0,0.873,1.553,0,0.000,0.000,0.000,0.000,0.000,0.000,-0.152,0.013
645.81,0.475,0,0.873,1.553,0,0.000,0.000,0.000,0.000,0.000,0.000,-0.152,0.013
646.01,0.486,0,0.884,1.548,0,0.000,0.000,0.000,0.000,0.000,0.000,-0.152,0.013
646.21,0.475,0,0.884,1.548,0,0.000,0.000,0.000,0.000,0.000,0.000,-0.153,0.017
646.41,0.477,0,2.359,1.552,0,0.000,0.000,0.000,0.000,0.000,0.000,-0.154,0.015
646.61,0.477,0,2.359,1.552,0,0.000,0.000,0.000,0.000,0.000,0.000,-0.154,0.011
646.81,0.481,0,2.359,1.552,0,0.000,0.000,0.000,0.000,0.000,0.000,-0.154,0.011
647.01,0.475,0,0.873,1.551,0,0.000,0.000,0.000,0.000,0.000,0.000,-0.154,0.013
647.21,0.488,0,0.873,1.551,0,0.000,0.000,0.000,0.000,0.000,0.000,-0.156,0.011
647.41,0.488,0,0.876,1.553,0,0.000,0.000,0.000,0.000,0.000,0.000,-0.154,0.013
647.61,0.477,0,0.876,1.553,0,0.000,0.000,0.000,0.000,0.000,0.000,-0.154,0.013
647.81,0.470,0,0.876,1.553,0,0.000,0.000,0.000,0.000,0.000,0.000,-0.152,0.014
648.01,0.487,0,0.873,1.556,0,0.000,0.000,0.000,0.000,0.000,0.000,-0.155,0.015
648.21,0.470,0,0.873,1.556,0,0.000,0.000,0.000,0.000,0.000,0.000,-0.155,0.012
648.41,0.470,0,0.875,1.553,0,0.000,0.000,0.000,0.000,0.000,0.000,-0.151,0.014
648.61,0.486,0,0.875,1.553,0,0.000,0.000,0.000,0.000,0.000,0.000,-0.151,0.014
648.81,0.475,0,0.875,1.553,0,0.000,0.000,0.000,0.000,0.000,0.000,-0.143,0.001
649.01,0.474,0,0.869,1.553,0,0.000,0.000,0.000,0.000,0.000,0.000,-0.148,-0.001
649.21,0.474,0,0.869,1.553,0,0.000,0.000,0.000,0.000,0.000,0.000,-0.157,0.013
649.41,0.470,0,0.875,1.556,0,0.000,0.000,0.000,0.000,0.000,0.000,-0.157,0.013
649.61,0.472,0,0.875,1.556,0,0.000,0.000,0.000,0.000,0.000,0.000,-0.156,0.012
649.81,0.475,0,0.875,1.556,0,0.000,0.000,0.000,0.000,0.000,0.000,-0.152,0.006
650.01,0.488,0,0.872,1.552,0,0.000,0.000,0.000,0.000,0.000,0.000,-0.155,0.012
650.21,0.488,0,0.872,1.552,0,0.000,0.000,0.000,0.000,0.000,0.000,-0.157,0.013
650.41,0.474,0,0.883,1.553,0,0.000,0.000,0.000,0.000,0.000,0.000,-0.157,0.013
650.61,0.475,0,0.883,1.553,0,0.000,0.000,0.000,0.000,0.000,0.000,-0.157,0.015
650.81,0.479,0,0.883,1.553,0,0.000,0.000,0.000,0.000,0.000,0.000,-0.159,0.009
651.01,0.479,0,0.877,1.553,0,0.000,0.000,0.000,0.000,0.000,0.000,-0.154,0.008
651.21,0.470,0,0.877,1.553,0,0.000,0.000,0.000,0.000,0.000,0.000,-0.154,0.008
651.41,0.472,0,0.877,1.555,0,0.000,0.000,0.000,0.000,0.000,0.000,-0.152,0.009
651.61,0.481,0,0.877,1.555,0,0.000,0.000,0.000,0.000,0.000,0.000,-0.151,0.004
651.81,0.756,0,0.877,1.555,0,0.000,0.000,0.000,0.000,0.000,0.000,-0.153,0.004
652.01,0.756,0,0.876,1.554,0,0.000,0.000,0.000,0.000,0.000,0.000,-0.158,0.012
652.21,0.477,0,0.876,1.554,0,0.000,0.000,0.000,0.000,0.000,0.000,-0.158,0.012
652.41,0.475,0,0.873,1.553,0,0.000,0.000,0.000,0.000,0.000,0.000,-0.161,0.013
652.61,0.472,0,0.873,1.553,0,0.000,0.000,0.000,0.000,0.000,0.000,-0.160,0.014
652.81,0.472,0,0.873,1.553,0,0.000,0.000,0.000,0.000,0.000,0.000,-0.155,0.012
653.01,0.470,0,0.871,1.557,0,0.000,0.000,0.000,0.000,0.000,0.000,-0.155,0.012
653.21,0.470,0,0.871,1.557,0,0.000,0.000,0.000,0.000,0.000,0.000,-0.151,0.011
653.41,0.472,0,0.884,1.553,0,0.000,0.000,0.000,0.000,0.000,0.000,-0.154,0.009
653.61,0.472,0,0.884,1.553,0,0.000,0.000,0.000,0.000,0.000,0.000,-0.156,0.009
653.81,0.474,0,0.884,1.553,0,0.000,0.000,0.000,0.000,0.000,0.000,-0.155,0.011
654.01,0.486,0,0.876,1.555,0,0.000,0.000,0.000,0.000,0.000,0.000,-0.155,0.011
654.21,0.488,0,0.876,1.555,0,0.000,0.000,0.000,0.000,0.000,0.000,-0.156,0.010
654.41,0.479,0,0.882,1.547,0,0.000,0.000,0.000,0.000,0.000,0.000,-0.158,0.009
654.61,0.479,0,0.882,1.547,0,0.000,0.000,0.000,0.000,0.000,0.000,-0.155,0.011
654.81,0.756,0,0.882,1.547,0,0.000,0.000,0.000,0.000,0.000,0.000,-0.155,0.011
655.01,0.758,0,0.881,1.555,0,0.000,0.000,0.000,0.000,0.000,0.000,-0.157,0.013
655.21,0.474,0,0.881,1.555,0,0.000,0.000,0.000,0.000,0.000,0.000,-0.153,0.010
655.41,0.474,0,0.874,1.554,0,0.000,0.000,0.000,0.000,0.000,0.000,-0.155,0.011
655.61,0.756,0,0.874,1.554,0,0.000,0.000,0.000,0.000,0.000,0.000,-0.155,0.011
655.81,0.470,0,0.874,1.554,0,0.000,0.000,0.000,0.000,0.000,0.000,-0.159,0.012
656.01,0.477,0,0.885,1.552,0,0.000,0.000,0.000,0.000,0.000,0.000,-0.156,0.008
656.21,0.470,0,0.885,1.552,0,0.000,0.000,0.000,0.000,0.000,0.000,-0.156,0.011
656.41,0.470,0,0.875,1.551,0,0.000,0.000,0.000,0.000,0.000,0.000,-0.154,0.013
656.61,0.481,0,0.875,1.551,0,0.000,0.000,0.000,0.000,0.000,0.000,-0.154,0.013
656.81,0.474,0,0.875,1.551,0,0.000,0.000,0.000,0.000,0.000,0.000,-0.160,0.013
657.01,0.475,0,0.875,1.554,0,0.000,0.000,0.000,0.000,0.000,0.000,-0.155,0.012
657.21,0.475,0,0.875,1.554,0,0.000,0.000,0.000,0.000,0.000,0.000,-0.158,0.011
657.41,0.475,0,0.877,1.555,0,0.000,0.000,0.000,0.000,0.000,0.000,-0.158,0.011
657.61,0.479,0,0.877,1.555,0,0.000,0.000,0.000,0.000,0.000,0.000,-0.154,0.013
657.81,0.477,0,0.877,1.555,0,0.000,0.000,0.000,0.000,0.000,0.000,-0.160,0.012
658.01,0.482,0,0.879,1.553,0,0.000,0.000,0.000,0.000,0.000,0.000,-0.152,0.006
658.21,0.482,0,0.879,1.553,0,0.000,0.000,0.000,0.000,0.000,0.000,-0.151,0.008
658.41,0.482,0,0.880,1.547,0,0.000,0.000,0.000,0.000,0.000,0.000,-0.151,0.008
658.61,0.486,0,0.880,1.547,0,0.000,0.000,0.000,0.000,0.000,0.000,-0.153,0.005
658.81,0.474,0,0.880,1.547,0,0.000,0.000,0.000,0.000,0.000,0.000,-0.150,0.007
659.01,0.474,0,0.884,1.552,0,0.000,0.000,0.000,0.000,0.000,0.000,-0.151,0.005
659.21,0.756,0,0.884,1.552,0,0.000,0.000,0.000,0.000,0.000,0.000,-0.151,0.005
659.41,0.472,0,0.875,1.548,0,0.000,0.000,0.000,0.000,0.000,0.000,-0.150,0.008
659.61,0.757,0,0.875,1.548,0,0.000,0.000,0.000,0.000,0.000,0.000,-0.155,0.007
659.81,0.757,0,0.875,1.548,0,0.000,0.000,0.000,0.000,0.000,0.000,-0.153,0.014
660.01,0.470,0,0.882,1.552,0,0.000,0.000,0.000,0.000,0.000,0.000,-0.157,0.011
660.21,0.472,0,0.882,1.552,0,0.000,0.000,0.000,0.000,0.000,0.000,-0.157,0.011
660.41,0.470,0,0.876,1.557,0,0.000,0.000,0.000,0.000,0.000,0.000,-0.156,0.012
660.61,0.475,0,0.876,1.557,0,0.000,0.000,0.000,0.000,0.000,0.000,-0.157,0.012
660.81,0.475,0,0.876,1.557,0,0.000,0.000,0.000,0.000,0.000,0.000,-0.152,0.011
661.01,0.475,0,0.876,1.552,0,0.000,0.000,0.000,0.000,0.000,0.000,-0.152,0.011
661.21,0.474,0,0.876,1.552,0,0.000,0.000,0.000,0.000,0.000,0.000,-0.148,0.001
661.41,0.475,0,0.875,1.553,0,0.000,0.000,0.000,0.000,0.000,0.000,-0.154,0.013
661.61,0.475,0,0.875,1.553,0,0.000,0.000,0.000,0.000,0.000,0.000,-0.154,0.021
661.81,0.474,0,0.875,1.553,0,0.000,0.000,0.000,0.000,0.000,0.000,-0.154,0.021
662.01,0.472,0,0.880,1.551,0,0.000,0.000,0.000,0.000,0.000,0.000,-0.159,0.015
662.21,0.470,0,0.880,1.551,0,0.000,0.000,0.000,0.000,0.000,0.000,-0.160,0.014
662.41,0.474,0,0.880,1.553,0,0.000,0.000,0.000,0.000,0.000,0.000,-0.159,0.013
662.61,0.474,0,0.880,1.553,0,0.000,0.000,0.000,0.000,0.000,0.000,-0.161,0.027
662.81,0.470,0,0.880,1.553,0,0.000,0.000,0.000,0.000,0.000,0.000,-0.161,0.027
663.01,0.482,0,0.875,1.553,0,0.000,0.000,0.000,0.000,0.000,0.000,-0.159,0.016
663.21,0.474,0,0.875,1.553,0,0.000,0.000,0.000,0.000,0.000,0.000,-0.155,0.020
663.41,0.474,0,0.887,1.554,0,0.000,0.000,0.000,0.000,0.000,0.000,-0.158,0.017
663.61,0.481,0,0.887,1.554,0,0.000,0.000,0.000,0.000,0.000,0.000,-0.158,0.017
663.81,0.475,0,0.887,1.554,0,0.000,0.000,0.000,0.000,0.000,0.000,-0.163,0.019
664.01,0.756,0,0.873,1.553,0,0.000,0.000,0.000,0.000,0.000,0.000,-0.157,0.011
664.21,0.759,0,0.873,1.553,0,0.000,0.000,0.000,0.000,0.000,0.000,-0.157,0.010
664.41,0.759,0,0.881,1.551,0,0.000,0.000,0.000,0.000,0.000,0.000,-0.150,0.014
664.61,0.475,0,0.881,1.551,0,0.000,0.000,0.000,0.000,0.000,0.000,-0.150,0.014
664.81,0.475,0,0.881,1.551,0,0.000,0.000,0.000,0.000,0.000,0.000,-0.154,0.019
665.01,0.470,0,0.875,1.554,0,0.000,0.000,0.000,0.000,0.000,0.000,-0.151,0.015
665.21,0.470,0,0.875,1.554,0,0.000,0.000,0.000,0.000,0.000,0.000,-0.151,0.012
665.41,0.475,0,0.876,1.554,0,0.000,0.000,0.000,0.000,0.000,0.000,-0.151,0.012
665.61,0.472,0,0.876,1.554,0,0.000,0.000,0.000,0.000,0.000,0.000,-0.145,0.011
665.81,0.475,0,0.876,1.554,0,0.000,0.000,0.000,0.000,0.000,0.000,-0.147,0.008
666.01,0.475,0,0.873,1.553,0,0.000,0.000,0.000,0.000,0.000,0.000,-0.150,0.011
666.21,0.482,0,0.873,1.553,0,0.000,0.000,0.000,0.000,0.000,0.000,-0.160,0.013
666.41,0.105,0,0.875,1.553,0,0.000,0.000,0.000,0.000,0.000,0.000,-0.160,0.013
666.61,0.481,0,0.875,1.553,0,0.000,0.000,0.000,0.000,0.000,0.000,-0.152,0.011
666.81,0.474,0,0.875,1.553,0,0.000,0.000,0.000,0.000,0.000,0.000,-0.156,0.013
667.01,0.474,0,0.881,1.557,0,0.000,0.000,0.000,0.000,0.000,0.000,-0.160,0.012
667.21,0.472,0,0.881,1.557,0,0.000,0.000,0.000,0.000,0.000,0.000,-0.160,0.012
667.41,0.472,0,0.880,1.554,0,0.000,0.000,0.000,0.000,0.000,0.000,-0.155,0.015
667.61,0.475,0,0.880,1.554,0,0.000,0.000,0.000,0.000,0.000,0.000,-0.160,0.016
667.81,0.475,0,0.880,1.554,0,0.000,0.000,0.000,0.000,0.000,0.000,-0.158,0.012
668.01,0.479,0,0.875,1.553,0,0.000,0.000,0.000,0.000,0.000,0.000,-0.158,0.012
668.21,0.475,0,0.875,1.553,0,0.000,0.000,0.000,0.000,0.000,0.000,-0.157,0.012
668.41,0.105,0,0.876,1.550,0,0.000,0.000,0.000,0.000,0.000,0.000,-0.153,0.014
668.61,0.756,0,0.876,1.550,0,0.000,0.000,0.000,0.000,0.000,0.000,-0.157,0.011
668.81,0.756,0,0.876,1.550,0,0.000,0.000,0.000,0.000,0.000,0.000,-0.157,0.017
669.01,0.488,0,0.878,1.553,0,0.000,0.000,0.000,0.000,0.000,0.000,-0.157,0.017
669.21,0.470,0,0.878,1.553,0,0.000,0.000,0.000,0.000,0.000,0.000,-0.159,0.021
669.41,0.472,0,0.875,1.554,0,0.000,0.000,0.000,0.000,0.000,0.000,-0.153,0.016
669.61,0.472,0,0.875,1.554,0,0.000,0.000,0.000,0.000,0.000,0.000,-0.154,0.009
669.81,0.481,0,0.875,1.554,0,0.000,0.000,0.000,0.000,0.000,0.000,-0.154,0.009
670.01,0.475,0,0.876,1.553,0,0.000,0.000,0.000,0.000,0.000,0.000,-0.151,0.011
670.21,0.470,0,0.876,1.553,0,0.000,0.000,0.000,0.000,0.000,0.000,-0.149,0.012
670.41,0.479,0,0.875,1.553,0,0.000,0.000,0.000,0.000,0.000,0.000,-0.151,0.008
670.61,0.479,0,0.875,1.553,0,0.000,0.000,0.000,0.000,0.000,0.000,-0.154,0.015
670.81,0.486,0,0.875,1.553,0,0.000,0.000,0.000,0.000,0.000,0.000,-0.154,0.015
671.01,0.472,0,0.881,1.553,0,0.000,0.000,0.000,0.000,0.000,0.000,-0.154,0.010
671.21,0.477,0,0.881,1.553,0,0.000,0.000,0.000,0.000,0.000,0.000,-0.155,0.008
671.41,0.477,0,0.881,1.553,0,0.000,0.000,0.000,0.000,0.000,0.000,-0.153,0.009
671.61,0.475,0,0.881,1.553,0,0.000,0.000,0.000,0.000,0.000,0.000,-0.153,0.009
671.81,0.477,0,0.881,1.553,0,0.000,0.000,0.000,0.000,0.000,0.000,-0.155,0.013
672.01,0.470,0,0.877,1.556,0,0.000,0.000,0.000,0.000,0.000,0.000,-0.157,0.012
672.21,0.470,0,0.877,1.556,0,0.000,0.000,0.000,0.000,0.000,0.000,-0.156,0.010
672.41,0.472,0,0.873,1.555,0,0.000,0.000,0.000,0.000,0.000,0.000,-0.156,0.010
672.61,0.474,0,0.873,1.555,0,0.000,0.000,0.000,0.000,0.000,0.000,-0.157,0.010
672.81,0.488,0,0.873,1.555,0,0.000,0.000,0.000,0.000,0.000,0.000,-0.159,0.012
673.01,0.470,0,0.880,1.553,0,0.000,0.000,0.000,0.000,0.000,0.000,-0.153,0.011
673.21,0.470,0,0.880,1.553,0,0.000,0.000,0.000,0.000,0.000,0.000,-0.160,0.010
673.41,0.479,0,0.882,1.555,0,0.000,0.000,0.000,0.000,0.000,0.000,-0.160,0.010
673.61,0.475,0,0.882,1.555,0,0.000,0.000,0.000,0.000,0.000,0.000,-0.153,0.011
673.81,0.470,0,0.882,1.555,0,0.000,0.000,0.000,0.000,0.000,0.000,-0.157,0.010
674.01,0.470,0,0.876,1.555,0,0.000,0.000,0.000,0.000,0.000,0.000,-0.152,0.015
674.21,0.757,0,0.876,1.555,0,0.000,0.000,0.000,0.000,0.000,0.000,-0.152,0.015
674.41,0.481,0,0.879,1.553,0,0.000,0.000,0.000,0.000,0.000,0.000,-0.158,0.011
674.61,0.479,0,0.879,1.553,0,0.000,0.000,0.000,0.000,0.000,0.000,-0.156,0.013
674.81,0.475,0,0.879,1.553,0,0.000,0.000,0.000,0.000,0.000,0.000,-0.155,0.015
675.01,0.475,0,0.883,1.556,0,0.000,0.000,0.000,0.000,0.000,0.000,-0.157,0.017
675.21,0.477,0,0.883,1.556,0,0.000,0.000,0.000,0.000,0.000,0.000,-0.157,0.017
675.41,0.482,0,0.876,1.554,0,0.000,0.000,0.000,0.000,0.000,0.000,-0.153,0.013
675.61,0.486,0,0.876,1.554,0,0.000,0.000,0.000,0.000,0.000,0.000,-0.157,0.010
675.81,0.486,0,0.876,1.554,0,0.000,0.000,0.000,0.000,0.000,0.000,-0.159,0.011
676.01,0.470,0,0.874,1.556,0,0.000,0.000,0.000,0.000,0.000,0.000,-0.159,0.011
676.21,0.106,0,0.874,1.556,0,0.000,0.000,0.000,0.000,0.000,0.000,-0.146,0.000
676.41,0.486,0,0.876,1.553,0,0.000,0.000,0.000,0.000,0.000,0.000,-0.150,0.007
676.61,0.470,0,0.876,1.553,0,0.000,0.000,0.000,0.000,0.000,0.000,-0.154,0.014
676.81,0.470,0,0.876,1.553,0,0.000,0.000,0.000,0.000,0.000,0.000,-0.151,0.005
677.01,0.475,0,0.876,1.551,0,0.000,0.000,0.000,0.000,0.000,0.000,-0.151,0.005
677.21,0.470,0,0.876,1.551,0,0.000,0.000,0.000,0.000,0.000,0.000,-0.162,0.010
677.41,0.484,0,0.877,1.549,0,0.000,0.000,0.000,0.000,0.000,0.000,-0.155,0.009
677.61,0.484,0,0.877,1.549,0,0.000,0.000,0.000,0.000,0.000,0.000,-0.159,0.014
677.81,0.484,0,0.877,1.549,0,0.000,0.000,0.000,0.000,0.000,0.000,-0.159,0.014
678.01,0.756,0,0.872,1.554,0,0.000,0.000,0.000,0.000,0.000,0.000,-0.157,0.010
678.21,0.488,0,0.872,1.554,0,0.000,0.000,0.000,0.000,0.000,0.000,-0.156,0.012
678.41,0.488,0,0.878,1.551,0,0.000,0.000,0.000,0.000,0.000,0.000,-0.155,0.011
678.61,0.105,0,0.878,1.551,0,0.000,0.000,0.000,0.000,0.000,0.000,-0.152,0.012
678.81,0.474,0,0.878,1.551,0,0.000,0.000,0.000,0.000,0.000,0.000,-0.152,0.012
679.01,0.475,0,0.875,1.555,0,0.000,0.000,0.000,0.000,0.000,0.000,-0.156,0.004
679.21,0.475,0,0.875,1.555,0,0.000,0.000,0.000,0.000,0.000,0.000,-0.157,0.006
679.41,0.475,0,0.877,1.549,0,0.000,0.000,0.000,0.000,0.000,0.000,-0.158,0.013
679.61,0.758,0,0.877,1.549,0,0.000,0.000,0.000,0.000,0.000,0.000,-0.158,0.013
679.81,0.475,0,0.877,1.549,0,0.000,0.000,0.000,0.000,0.000,0.000,-0.150,0.011
680.01,0.475,0,0.883,1.554,0,0.000,0.000,0.000,0.000,0.000,0.000,-0.156,0.004
680.21,0.475,0,0.883,1.554,0,0.000,0.000,0.000,0.000,0.000,0.000,-0.149,0.007
680.41,0.756,0,0.880,1.552,0,0.000,0.000,0.000,0.000,0.000,0.000,-0.154,0.013
680.61,0.475,0,0.880,1.552,0,0.000,0.000,0.000,0.000,0.000,0.000,-0.154,0.013
680.81,0.475,0,0.880,1.552,0,0.000,0.000,0.000,0.000,0.000,0.000,-0.147,0.005
681.01,0.472,0,0.877,1.549,0,0.000,0.000,0.000,0.000,0.000,0.000,-0.156,0.002
681.21,0.472,0,0.877,1.549,0,0.000,0.000,0.000,0.000,0.000,0.000,-0.153,0.004
681.41,0.486,0,0.878,1.552,0,0.000,0.000,0.000,0.000,0.000,0.000,-0.153,0.004
681.61,0.470,0,0.878,1.552,0,0.000,0.000,0.000,0.000,0.000,0.000,-0.151,0.007
681.81,0.472,0,0.878,1.552,0,0.000,0.000,0.000,0.000,0.000,0.000,-0.155,0.008
682.01,0.472,0,0.876,1.553,0,0.000,0.000,0.000,0.000,0.000,0.000,-0.152,0.006
682.21,0.470,0,0.876,1.553,0,0.000,0.000,0.000,0.000,0.000,0.000,-0.152,0.006
682.41,0.475,0,0.877,1.553,0,0.000,0.000,0.000,0.000,0.000,0.000,-0.157,0.009
682.61,0.756,0,0.877,1.553,0,0.000,0.000,0.000,0.000,0.000,0.000,-0.152,0.011
682.81,0.488,0,0.877,1.553,0,0.000,0.000,0.000,0.000,0.000,0.000,-0.153,0.008
683.01,0.488,0,0.884,1.549,0,0.000,0.000,0.000,0.000,0.000,0.000,-0.153,0.006
683.21,0.105,0,0.884,1.549,0,0.000,0.000,0.000,0.000,0.000,0.000,-0.153,0.006
683.41,0.106,0,0.875,1.552,0,0.000,0.000,0.000,0.000,0.000,0.000,-0.150,0.008
683.61,0.474,0,0.875,1.552,0,0.000,0.000,0.000,0.000,0.000,0.000,-0.148,0.005
683.81,0.474,0,0.875,1.552,0,0.000,0.000,0.000,0.000,0.000,0.000,-0.152,0.005
684.01,0.479,0,0.873,1.550,0,0.000,0.000,0.000,0.000,0.000,0.000,-0.152,0.005
684.21,0.475,0,0.873,1.550,0,0.000,0.000,0.000,0.000,0.000,0.000,-0.153,0.008
684.41,0.474,0,0.882,1.555,0,0.000,0.000,0.000,0.000,0.000,0.000,-0.153,0.008
684.61,0.474,0,0.882,1.555,0,0.000,0.000,0.000,0.000,0.000,0.000,-0.148,0.001
684.81,0.474,0,0.882,1.555,0,0.000,0.000,0.000,0.000,0.000,0.000,-0.157,0.012
685.01,0.756,0,0.873,1.552,0,0.000,0.000,0.000,0.000,0.000,0.000,-0.157,0.012
685.21,0.486,0,0.873,1.552,0,0.000,0.000,0.000,0.000,0.000,0.000,-0.158,0.014
685.41,0.758,0,0.872,1.548,0,0.000,0.000,0.000,0.000,0.000,0.000,-0.146,0.005
685.61,0.758,0,0.872,1.548,0,0.000,0.000,0.000,0.000,0.000,0.000,-0.150,0.006
685.81,0.475,0,0.872,1.548,0,0.000,0.000,0.000,0.000,0.000,0.000,-0.150,0.006
686.01,0.475,0,0.873,1.548,0,0.000,0.000,0.000,0.000,0.000,0.000,-0.152,0.014
686.21,0.105,0,0.873,1.548,0,0.000,0.000,0.000,0.000,0.000,0.000,-0.155,0.011
686.41,0.481,0,0.876,1.554,0,0.000,0.000,0.000,0.000,0.000,0.000,-0.153,0.008
686.61,0.481,0,0.876,1.554,0,0.000,0.000,0.000,0.000,0.000,0.000,-0.155,0.010
686.81,0.475,0,0.876,1.554,0,0.000,0.000,0.000,0.000,0.000,0.000,-0.155,0.010
687.01,0.475,0,0.876,1.557,0,0.000,0.000,0.000,0.000,0.000,0.000,-0.154,0.012
687.21,0.484,0,0.876,1.557,0,0.000,0.000,0.000,0.000,0.000,0.000,-0.152,0.010
687.41,0.484,0,0.876,1.555,0,0.000,0.000,0.000,0.000,0.000,0.000,-0.153,0.005
687.61,0.475,0,0.876,1.555,0,0.000,0.000,0.000,0.000,0.000,0.000,-0.153,0.005
687.81,0.105,0,0.876,1.555,0,0.000,0.000,0.000,0.000,0.000,0.000,-0.153,0.005
688.01,0.106,0,0.877,1.556,0,0.000,0.000,0.000,0.000,0.000,0.000,-0.155,0.008
688.21,0.106,0,0.877,1.556,0,0.000,0.000,0.000,0.000,0.000,0.000,-0.156,0.012
688.41,0.470,0,0.871,1.553,0,0.000,0.000,0.000,0.000,0.000,0.000,-0.156,0.012
688.61,0.105,0,0.871,1.553,0,0.000,0.000,0.000,0.000,0.000,0.000,-0.157,0.006
688.81,0.475,0,0.871,1.553,0,0.000,0.000,0.000,0.000,0.000,0.000,-0.155,0.008
689.01,0.484,0,0.876,1.553,0,0.000,0.000,0.000,0.000,0.000,0.000,-0.158,0.017
689.21,0.484,0,0.876,1.553,0,0.000,0.000,0.000,0.000,0.000,0.000,-0.153,0.015
689.41,0.475,0,0.873,1.551,0,0.000,0.000,0.000,0.000,0.000,0.000,-0.153,0.015
689.61,0.474,0,0.873,1.551,0,0.000,0.000,0.000,0.000,0.000,0.000,-0.157,0.017
689.81,0.475,0,0.873,1.551,0,0.000,0.000,0.000,0.000,0.000,0.000,-0.158,0.017
690.01,0.475,0,0.876,1.553,0,0.000,0.000,0.000,0.000,0.000,0.000,-0.153,0.016
690.21,0.472,0,0.876,1.553,0,0.000,0.000,0.000,0.000,0.000,0.000,-0.153,0.016
690.41,0.472,0,0.882,1.555,0,0.000,0.000,0.000,0.000,0.000,0.000,-0.159,0.015
690.61,0.756,0,0.882,1.555,0,0.000,0.000,0.000,0.000,0.000,0.000,-0.159,0.017
690.81,0.470,0,0.882,1.555,0,0.000,0.000,0.000,0.000,0.000,0.000,-0.162,0.019
691.01,0.470,0,0.882,1.553,0,0.000,0.000,0.000,0.000,0.000,0.000,-0.150,0.010
691.21,0.481,0,0.882,1.553,0,0.000,0.000,0.000,0.000,0.000,0.000,-0.150,0.010
691.41,0.470,0,0.875,1.552,0,0.000,0.000,0.000,0.000,0.000,0.000,-0.151,0.006
691.61,0.472,0,0.875,1.552,0,0.000,0.000,0.000,0.000,0.000,0.000,-0.152,0.012
691.81,0.472,0,0.875,1.552,0,0.000,0.000,0.000,0.000,0.000,0.000,-0.160,0.016
692.01,0.474,0,0.876,1.554,0,0.000,0.000,0.000,0.000,0.000,0.000,-0.160,0.016
692.21,0.470,0,0.876,1.554,0,0.000,0.000,0.000,0.000,0.000,0.000,-0.158,0.021
692.41,0.472,0,0.876,1.554,0,0.000,0.000,0.000,0.000,0.000,0.000,-0.162,0.019
692.61,0.482,0,0.876,1.554,0,0.000,0.000,0.000,0.000,0.000,0.000,-0.156,0.019
692.81,0.482,0,0.876,1.554,0,0.000,0.000,0.000,0.000,0.000,0.000,-0.154,0.014
693.01,0.475,0,0.872,1.552,0,0.000,0.000,0.000,0.000,0.000,0.000,-0.154,0.014
693.21,0.486,0,0.872,1.552,0,0.000,0.000,0.000,0.000,0.000,0.000,-0.148,0.010
693.41,0.756,0,0.879,1.550,0,0.000,0.000,0.000,0.000,0.000,0.000,-0.153,0.009
693.61,0.756,0,0.879,1.550,0,0.000,0.000,0.000,0.000,0.000,0.000,-0.160,0.018
693.81,0.475,0,0.879,1.550,0,0.000,0.000,0.000,0.000,0.000,0.000,-0.160,0.018
694.01,0.470,0,0.877,1.553,0,0.000,0.000,0.000,0.000,0.000,0.000,-0.156,0.022
694.21,0.756,0,0.877,1.553,0,0.000,0.000,0.000,0.000,0.000,0.000,-0.158,0.016
694.41,0.756,0,0.879,1.554,0,0.000,0.000,0.000,0.000,0.000,0.000,-0.149,0.012
694.61,0.488,0,0.879,1.554,0,0.000,0.000,0.000,0.000,0.000,0.000,-0.149,0.012
694.81,0.486,0,0.879,1.554,0,0.000,0.000,0.000,0.000,0.000,0.000,-0.159,0.014
695.01,0.488,0,0.872,1.552,0,0.000,0.000,0.000,0.000,0.000,0.000,-0.161,0.012
695.21,0.470,0,0.872,1.552,0,0.000,0.000,0.000,0.000,0.000,0.000,-0.158,0.012
695.41,0.470,0,0.877,1.553,0,0.000,0.000,0.000,0.000,0.000,0.000,-0.160,0.014
695.61,0.475,0,0.877,1.553,0,0.000,0.000,0.000,0.000,0.000,0.000,-0.160,0.014
695.81,0.475,0,0.877,1.553,0,0.000,0.000,0.000,0.000,0.000,0.000,-0.158,0.012
696.01,0.475,0,0.875,1.556,0,0.000,0.000,0.000,0.000,0.000,0.000,-0.158,0.009
696.21,0.475,0,0.875,1.556,0,0.000,0.000,0.000,0.000,0.000,0.000,-0.155,0.016
696.41,0.472,0,0.877,1.550,0,0.000,0.000,0.000,0.000,0.000,0.000,-0.155,0.016
696.61,0.475,0,0.877,1.550,0,0.000,0.000,0.000,0.000,0.000,0.000,-0.159,0.017
696.81,0.756,0,0.877,1.550,0,0.000,0.000,0.000,0.000,0.000,0.000,-0.155,0.014
697.01,0.475,0,0.875,1.551,0,0.000,0.000,0.000,0.000,0.000,0.000,-0.150,0.000
697.21,0.475,0,0.875,1.551,0,0.000,0.000,0.000,0.000,0.000,0.000,-0.156,0.014
697.41,0.472,0,0.872,1.554,0,0.000,0.000,0.000,0.000,0.000,0.000,-0.156,0.014
697.61,0.475,0,0.872,1.554,0,0.000,0.000,0.000,0.000,0.000,0.000,-0.157,0.012
697.81,0.470,0,0.872,1.554,0,0.000,0.000,0.000,0.000,0.000,0.000,-0.156,0.013
698.01,0.470,0,0.874,1.553,0,0.000,0.000,0.000,0.000,0.000,0.000,-0.161,0.014
698.21,0.472,0,0.874,1.553,0,0.000,0.000,0.000,0.000,0.000,0.000,-0.161,0.014
698.41,0.484,0,0.878,1.555,0,0.000,0.000,0.000,0.000,0.000,0.000,-0.156,0.013
698.61,0.486,0,0.878,1.555,0,0.000,0.000,0.000,0.000,0.000,0.000,-0.154,0.013
698.81,0.470,0,0.878,1.555,0,0.000,0.000,0.000,0.000,0.000,0.000,-0.156,0.012
699.01,0.470,0,0.872,1.554,0,0.000,0.000,0.000,0.000,0.000,0.000,-0.160,0.012
699.21,0.475,0,0.872,1.554,0,0.000,0.000,0.000,0.000,0.000,0.000,-0.160,0.012
699.41,0.475,0,0.875,1.554,0,0.000,0.000,0.000,0.000,0.000,0.000,-0.159,0.014
699.61,0.474,0,0.875,1.554,0,0.000,0.000,0.000,0.000,0.000,0.000,-0.156,0.014
699.81,0.474,0,0.875,1.554,0,0.000,0.000,0.000,0.000,0.000,0.000,-0.160,0.010
700.01,0.472,0,0.880,1.553,0,0.000,0.000,0.000,0.000,0.000,0.000,-0.160,0.010
700.21,0.481,0,0.880,1.553,0,0.000,0.000,0.000,0.000,0.000,0.000,-0.157,0.011
700.41,0.475,0,0.882,1.553,0,0.000,0.000,0.000,0.000,0.000,0.000,-0.165,0.014
700.61,0.475,0,0.882,1.553,0,0.000,0.000,0.000,0.000,0.000,0.000,-0.159,0.013
700.81,0.472,0,0.882,1.553,0,0.000,0.000,0.000,0.000,0.000,0.000,-0.159,0.013
701.01,0.470,0,0.876,1.549,0,0.000,0.000,0.000,0.000,0.000,0.000,-0.160,0.013
701.21,0.479,0,0.876,1.549,0,0.000,0.000,0.000,0.000,0.000,0.000,-0.159,0.013
701.41,0.477,0,0.881,1.551,0,0.000,0.000,0.000,0.000,0.000,0.000,-0.157,0.013
701.61,0.477,0,0.881,1.551,0,0.000,0.000,0.000,0.000,0.000,0.000,-0.159,0.014
701.81,0.472,0,0.881,1.551,0,0.000,0.000,0.000,0.000,0.000,0.000,-0.159,0.014
702.01,0.475,0,0.876,1.553,0,0.000,0.000,0.000,0.000,0.000,0.000,-0.158,0.011
702.21,0.755,0,0.876,1.553,0,0.000,0.000,0.000,0.000,0.000,0.000,-0.161,0.011
702.41,0.755,0,0.870,1.555,0,0.000,0.000,0.000,0.000,0.000,0.000,-0.157,0.013
702.61,0.481,0,0.870,1.555,0,0.000,0.000,0.000,0.000,0.000,0.000,-0.157,0.013
702.81,0.470,0,0.870,1.555,0,0.000,0.000,0.000,0.000,0.000,0.000,-0.159,0.012
703.01,0.757,0,0.874,1.555,0,0.000,0.000,0.000,0.000,0.000,0.000,-0.158,0.015
703.21,0.470,0,0.874,1.555,0,0.000,0.000,0.000,0.000,0.000,0.000,-0.155,0.013
703.41,0.470,0,0.875,1.554,0,0.000,0.000,0.000,0.000,0.000,0.000,-0.154,0.016
703.61,0.477,0,0.875,1.554,0,0.000,0.000,0.000,0.000,0.000,0.000,-0.154,0.016
703.81,0.475,0,0.875,1.554,0,0.000,0.000,0.000,0.000,0.000,0.000,-0.158,0.011
704.01,0.472,0,0.876,1.552,0,0.000,0.000,0.000,0.000,0.000,0.000,-0.159,0.013
704.21,0.472,0,0.876,1.552,0,0.000,0.000,0.000,0.000,0.000,0.000,-0.154,0.016
704.41,0.475,0,0.875,1.556,0,0.000,0.000,0.000,0.000,0.000,0.000,-0.154,0.016
704.61,0.474,0,0.875,1.556,0,0.000,0.000,0.000,0.000,0.000,0.000,-0.157,0.005
704.81,0.756,0,0.875,1.556,0,0.000,0.000,0.000,0.000,0.000,0.000,-0.157,0.012
705.01,0.756,0,0.876,1.554,0,0.000,0.000,0.000,0.000,0.000,0.000,-0.160,0.013
705.21,0.755,0,0.876,1.554,0,0.000,0.000,0.000,0.000,0.000,0.000,-0.155,0.018
705.41,0.479,0,0.880,1.554,0,0.000,0.000,0.000,0.000,0.000,0.000,-0.155,0.018
705.61,0.479,0,0.880,1.554,0,0.000,0.000,0.000,0.000,0.000,0.000,-0.162,0.009
705.81,0.477,0,0.880,1.554,0,0.000,0.000,0.000,0.000,0.000,0.000,-0.158,0.014
706.01,0.477,0,0.882,1.555,0,0.000,0.000,0.000,0.000,0.000,0.000,-0.156,0.013
706.21,0.470,0,0.882,1.555,0,0.000,0.000,0.000,0.000,0.000,0.000,-0.156,0.013
706.41,0.484,0,0.878,1.552,0,0.000,0.000,0.000,0.000,0.000,0.000,-0.155,0.010
706.61,0.481,0,0.878,1.552,0,0.000,0.000,0.000,0.000,0.000,0.000,-0.152,0.001
706.81,0.481,0,0.878,1.552,0,0.000,0.000,0.000,0.000,0.000,0.000,-0.150,0.003
707.01,0.475,0,0.876,1.556,0,0.000,0.000,0.000,0.000,0.000,0.000,-0.150,0.003
707.21,0.474,0,0.876,1.556,0,0.000,0.000,0.000,0.000,0.000,0.000,-0.159,0.016
707.41,0.474,0,0.877,1.553,0,0.000,0.000,0.000,0.000,0.000,0.000,-0.157,0.012
707.61,0.488,0,0.877,1.553,0,0.000,0.000,0.000,0.000,0.000,0.000,-0.156,0.010
707.81,0.488,0,0.877,1.553,0,0.000,0.000,0.000,0.000,0.000,0.000,-0.155,0.009
708.01,0.472,0,0.879,1.553,0,0.000,0.000,0.000,0.000,0.000,0.000,-0.155,0.009
708.21,0.486,0,0.879,1.553,0,0.000,0.000,0.000,0.000,0.000,0.000,-0.155,0.016
708.41,0.486,0,0.873,1.553,0,0.000,0.000,0.000,0.000,0.000,0.000,-0.157,0.016
708.61,0.486,0,0.873,1.553,0,0.000,0.000,0.000,0.000,0.000,0.000,-0.158,0.012
708.81,0.479,0,0.873,1.553,0,0.000,0.000,0.000,0.000,0.000,0.000,-0.158,0.012
709.01,0.488,0,0.875,1.553,0,0.000,0.000,0.000,0.000,0.000,0.000,-0.157,0.015
709.21,0.474,0,0.875,1.553,0,0.000,0.000,0.000,0.000,0.000,0.000,-0.159,0.012
709.41,0.484,0,0.875,1.550,0,0.000,0.000,0.000,0.000,0.000,0.000,-0.161,0.007
709.61,0.484,0,0.875,1.550,0,0.000,0.000,0.000,0.000,0.000,0.000,-0.159,0.009
709.81,0.475,0,0.875,1.550,0,0.000,0.000,0.000,0.000,0.000,0.000,-0.159,0.009
710.01,0.477,0,0.881,1.553,0,0.000,0.000,0.000,0.000,0.000,0.000,-0.157,0.015
710.21,0.475,0,0.881,1.553,0,0.000,0.000,0.000,0.000,0.000,0.000,-0.150,-0.001
710.41,0.475,0,0.872,1.555,0,0.000,0.000,0.000,0.000,0.000,0.000,-0.149,-0.001
710.61,0.470,0,0.872,1.555,0,0.000,0.000,0.000,0.000,0.000,0.000,-0.149,-0.001
710.81,0.475,0,0.872,1.555,0,0.000,0.000,0.000,0.000,0.000,0.000,-0.154,0.001
711.01,0.477,0,0.873,1.555,0,0.000,0.000,0.000,0.000,0.000,0.000,-0.148,0.007
711.21,0.477,0,0.873,1.555,0,0.000,0.000,0.000,0.000,0.000,0.000,-0.149,0.005
711.41,0.475,0,0.875,1.554,0,0.000,0.000,0.000,0.000,0.000,0.000,-0.149,0.005
711.61,0.472,0,0.875,1.554,0,0.000,0.000,0.000,0.000,0.000,0.000,-0.145,0.004
711.81,0.486,0,0.875,1.554,0,0.000,0.000,0.000,0.000,0.000,0.000,-0.148,0.008
712.01,0.470,0,0.875,1.554,0,0.000,0.000,0.000,0.000,0.000,0.000,-0.149,0.004
712.21,0.470,0,0.875,1.554,0,0.000,0.000,0.000,0.000,0.000,0.000,-0.151,0.008
712.41,0.488,0,0.875,1.553,0,0.000,0.000,0.000,0.000,0.000,0.000,-0.151,0.008
712.61,0.756,0,0.875,1.553,0,0.000,0.000,0.000,0.000,0.000,0.000,-0.151,0.008
712.81,0.472,0,0.875,1.553,0,0.000,0.000,0.000,0.000,0.000,0.000,-0.148,0.014
713.01,0.472,0,0.881,1.551,0,0.000,0.000,0.000,0.000,0.000,0.000,-0.148,0.007
713.21,0.475,0,0.881,1.551,0,0.000,0.000,0.000,0.000,0.000,0.000,-0.148,0.007
713.41,0.756,0,0.874,1.556,0,0.000,0.000,0.000,0.000,0.000,0.000,-0.146,0.007
713.61,0.470,0,0.874,1.556,0,0.000,0.000,0.000,0.000,0.000,0.000,-0.150,0.007
713.81,0.475,0,0.874,1.556,0,0.000,0.000,0.000,0.000,0.000,0.000,-0.151,0.011
714.01,0.475,0,0.875,1.553,0,0.000,0.000,0.000,0.000,0.000,0.000,-0.150,0.009
714.21,0.486,0,0.875,1.553,0,0.000,0.000,0.000,0.000,0.000,0.000,-0.150,0.009
714.41,0.475,0,0.883,1.553,0,0.000,0.000,0.000,0.000,0.000,0.000,-0.148,0.008
714.61,0.757,0,0.883,1.553,0,0.000,0.000,0.000,0.000,0.000,0.000,-0.151,0.009
714.81,0.757,0,0.883,1.553,0,0.000,0.000,0.000,0.000,0.000,0.000,-0.147,0.010
715.01,0.479,0,0.881,1.552,0,0.000,0.000,0.000,0.000,0.000,0.000,-0.147,0.010
715.21,0.472,0,0.881,1.552,0,0.000,0.000,0.000,0.000,0.000,0.000,-0.142,0.009
715.41,0.475,0,0.881,1.552,0,0.000,0.000,0.000,0.000,0.000,0.000,-0.146,0.012
715.61,0.470,0,0.881,1.552,0,0.000,0.000,0.000,0.000,0.000,0.000,-0.147,0.016
715.81,0.470,0,0.881,1.552,0,0.000,0.000,0.000,0.000,0.000,0.000,-0.146,0.005
716.01,0.474,0,0.883,1.552,0,0.000,0.000,0.000,0.000,0.000,0.000,-0.146,0.005
716.21,0.472,0,0.883,1.552,0,0.000,0.000,0.000,0.000,0.000,0.000,-0.149,0.007
716.41,0.474,0,0.872,1.553,0,0.000,0.000,0.000,0.000,0.000,0.000,-0.146,0.009
716.61,0.474,0,0.872,1.553,0,0.000,0.000,0.000,0.000,0.000,0.000,-0.146,0.011
716.81,0.474,0,0.872,1.553,0,0.000,0.000,0.000,0.000,0.000,0.000,-0.146,0.011
717.01,0.475,0,0.883,1.549,0,0.000,0.000,0.000,0.000,0.000,0.000,-0.149,0.007
717.21,0.472,0,0.883,1.549,0,0.000,0.000,0.000,0.000,0.000,0.000,-0.143,0.006
717.41,0.472,0,0.875,1.555,0,0.000,0.000,0.000,0.000,0.000,0.000,-0.150,0.005
717.61,0.470,0,0.875,1.555,0,0.000,0.000,0.000,0.000,0.000,0.000,-0.151,0.010
717.81,0.484,0,0.875,1.555,0,0.000,0.000,0.000,0.000,0.000,0.000,-0.151,0.010
718.01,0.479,0,0.872,1.553,0,0.000,0.000,0.000,0.000,0.000,0.000,-0.153,0.005
718.21,0.477,0,0.872,1.553,0,0.000,0.000,0.000,0.000,0.000,0.000,-0.146,0.004
718.41,0.477,0,0.886,1.556,0,0.000,0.000,0.000,0.000,0.000,0.000,-0.146,0.006
718.61,0.477,0,0.886,1.556,0,0.000,0.000,0.000,0.000,0.000,0.000,-0.146,0.006
718.81,0.479,0,0.886,1.556,0,0.000,0.000,0.000,0.000,0.000,0.000,-0.146,0.005
719.01,0.477,0,0.881,1.552,0,0.000,0.000,0.000,0.000,0.000,0.000,-0.148,0.004
719.21,0.477,0,0.881,1.552,0,0.000,0.000,0.000,0.000,0.000,0.000,-0.151,0.006
719.41,0.479,0,0.875,1.555,0,0.000,0.000,0.000,0.000,0.000,0.000,-0.151,0.006
719.61,0.470,0,0.875,1.555,0,0.000,0.000,0.000,0.000,0.000,0.000,-0.145,0.007
719.81,0.474,0,0.875,1.555,0,0.000,0.000,0.000,0.000,0.000,0.000,-0.149,0.003
720.01,0.472,0,0.882,1.551,0,0.000,0.000,0.000,0.000,0.000,0.000,-0.147,0.011
720.21,0.472,0,0.882,1.551,0,0.000,0.000,0.000,0.000,0.000,0.000,-0.149,0.009
720.41,0.477,0,0.875,1.555,0,0.000,0.000,0.000,0.000,0.000,0.000,-0.149,0.009
720.61,0.474,0,0.875,1.555,0,0.000,0.000,0.000,0.000,0.000,0.000,-0.148,0.007
720.81,0.474,0,0.875,1.555,0,0.000,0.000,0.000,0.000,0.000,0.000,-0.147,0.002
721.01,0.474,0,0.872,1.552,0,0.000,0.000,0.000,0.000,0.000,0.000,-0.148,0.008
721.21,0.470,0,0.872,1.552,0,0.000,0.000,0.000,0.000,0.000,0.000,-0.148,0.008
721.41,0.475,0,0.876,1.554,0,0.000,0.000,0.000,0.000,0.000,0.000,-0.147,0.008
721.61,0.472,0,0.876,1.554,0,0.000,0.000,0.000,0.000,0.000,0.000,-0.146,0.004
721.81,0.474,0,0.876,1.554,0,0.000,0.000,0.000,0.000,0.000,0.000,-0.148,0.008
722.01,0.474,0,0.882,1.554,0,0.000,0.000,0.000,0.000,0.000,0.000,-0.148,0.005
722.21,0.475,0,0.882,1.554,0,0.000,0.000,0.000,0.000,0.000,0.000,-0.148,0.005
722.41,0.475,0,0.876,1.549,0,0.000,0.000,0.000,0.000,0.000,0.000,-0.146,0.006
722.61,0.758,0,0.876,1.549,0,0.000,0.000,0.000,0.000,0.000,0.000,-0.149,0.005
722.81,0.758,0,0.876,1.549,0,0.000,0.000,0.000,0.000,0.000,0.000,-0.149,0.009
723.01,0.472,0,0.881,1.556,0,0.000,0.000,0.000,0.000,0.000,0.000,-0.149,0.009
723.21,0.477,0,0.881,1.556,0,0.000,0.000,0.000,0.000,0.000,0.000,-0.149,0.007
723.41,0.474,0,0.876,1.552,0,0.000,0.000,0.000,0.000,0.000,0.000,-0.145,0.009
723.61,0.474,0,0.876,1.552,0,0.000,0.000,0.000,0.000,0.000,0.000,-0.151,0.010
723.81,0.486,0,0.876,1.552,0,0.000,0.000,0.000,0.000,0.000,0.000,-0.151,0.010
724.01,0.475,0,0.876,1.554,0,0.000,0.000,0.000,0.000,0.000,0.000,-0.146,0.008
724.21,0.472,0,0.876,1.554,0,0.000,0.000,0.000,0.000,0.000,0.000,-0.149,0.011
724.41,0.472,0,0.876,1.554,0,0.000,0.000,0.000,0.000,0.000,0.000,-0.147,0.008
724.61,0.472,0,0.876,1.554,0,0.000,0.000,0.000,0.000,0.000,0.000,-0.149,0.007
724.81,0.475,0,0.876,1.554,0,0.000,0.000,0.000,0.000,0.000,0.000,-0.149,0.007
725.01,0.470,0,0.877,1.553,0,0.000,0.000,0.000,0.000,0.000,0.000,-0.148,0.007
725.21,0.481,0,0.877,1.553,0,0.000,0.000,0.000,0.000,0.000,0.000,-0.146,0.008
725.41,0.481,0,0.885,1.557,0,0.000,0.000,0.000,0.000,0.000,0.000,-0.148,0.006
725.61,0.475,0,0.885,1.557,0,0.000,0.000,0.000,0.000,0.000,0.000,-0.148,0.006
725.81,0.475,0,0.885,1.557,0,0.000,0.000,0.000,0.000,0.000,0.000,-0.149,0.008
726.01,0.484,0,0.875,1.551,0,0.000,0.000,0.000,0.000,0.000,0.000,-0.150,0.006
726.21,0.481,0,0.875,1.551,0,0.000,0.000,0.000,0.000,0.000,0.000,-0.148,0.011
726.41,0.481,0,0.876,1.551,0,0.000,0.000,0.000,0.000,0.000,0.000,-0.150,0.002
726.61,0.472,0,0.876,1.551,0,0.000,0.000,0.000,0.000,0.000,0.000,-0.150,0.002
726.81,0.472,0,0.876,1.551,0,0.000,0.000,0.000,0.000,0.000,0.000,-0.152,0.004
727.01,0.475,0,0.875,1.554,0,0.000,0.000,0.000,0.000,0.000,0.000,-0.153,0.015
727.21,0.475,0,0.875,1.554,0,0.000,0.000,0.000,0.000,0.000,0.000,-0.153,0.017
727.41,0.756,0,0.876,1.553,0,0.000,0.000,0.000,0.000,0.000,0.000,-0.153,0.017
727.61,0.479,0,0.876,1.553,0,0.000,0.000,0.000,0.000,0.000,0.000,-0.157,0.019
727.81,0.479,0,0.876,1.553,0,0.000,0.000,0.000,0.000,0.000,0.000,-0.147,0.005
728.01,0.479,0,0.875,1.554,0,0.000,0.000,0.000,0.000,0.000,0.000,-0.148,0.010
728.21,0.757,0,0.875,1.554,0,0.000,0.000,0.000,0.000,0.000,0.000,-0.146,0.006
728.41,0.475,0,0.880,1.553,0,0.000,0.000,0.000,0.000,0.000,0.000,-0.146,0.006
728.61,0.477,0,0.880,1.553,0,0.000,0.000,0.000,0.000,0.000,0.000,-0.146,0.011
728.81,0.475,0,0.880,1.553,0,0.000,0.000,0.000,0.000,0.000,0.000,-0.157,0.013
729.01,0.475,0,0.877,1.553,0,0.000,0.000,0.000,0.000,0.000,0.000,-0.155,0.016
729.21,0.475,0,0.877,1.553,0,0.000,0.000,0.000,0.000,0.000,0.000,-0.155,0.016
729.41,0.474,0,0.874,1.552,0,0.000,0.000,0.000,0.000,0.000,0.000,-0.158,0.014
729.61,0.481,0,0.874,1.552,0,0.000,0.000,0.000,0.000,0.000,0.000,-0.156,0.013
729.81,0.481,0,0.874,1.552,0,0.000,0.000,0.000,0.000,0.000,0.000,-0.155,0.015
730.01,0.475,0,0.883,1.547,0,0.000,0.000,0.000,0.000,0.000,0.000,-0.155,0.015
730.21,0.475,0,0.883,1.547,0,0.000,0.000,0.000,0.000,0.000,0.000,-0.157,0.015
730.41,0.470,0,0.879,1.553,0,0.000,0.000,0.000,0.000,0.000,0.000,-0.155,0.016
730.61,0.475,0,0.879,1.553,0,0.000,0.000,0.000,0.000,0.000,0.000,-0.159,0.016
730.81,0.475,0,0.879,1.553,0,0.000,0.000,0.000,0.000,0.000,0.000,-0.154,0.017
731.01,0.756,0,0.878,1.551,0,0.000,0.000,0.000,0.000,0.000,0.000,-0.154,0.017
731.21,0.472,0,0.878,1.551,0,0.000,0.000,0.000,0.000,0.000,0.000,-0.149,0.004
731.41,0.474,0,0.872,1.553,0,0.000,0.000,0.000,0.000,0.000,0.000,-0.149,0.004
731.61,0.474,0,0.872,1.553,0,0.000,0.000,0.000,0.000,0.000,0.000,-0.150,0.005
731.81,0.758,0,0.872,1.553,0,0.000,0.000,0.000,0.000,0.000,0.000,-0.150,0.005
732.01,0.472,0,0.875,1.551,0,0.000,0.000,0.000,0.000,0.000,0.000,-0.149,0.005
732.21,0.475,0,0.875,1.551,0,0.000,0.000,0.000,0.000,0.000,0.000,-0.150,0.008
732.41,0.475,0,0.873,1.554,0,0.000,0.000,0.000,0.000,0.000,0.000,-0.159,0.017
732.61,0.475,0,0.873,1.554,0,0.000,0.000,0.000,0.000,0.000,0.000,-0.156,0.016
732.81,0.474,0,0.873,1.554,0,0.000,0.000,0.000,0.000,0.000,0.000,-0.156,0.016
733.01,0.470,0,0.875,1.551,0,0.000,0.000,0.000,0.000,0.000,0.000,-0.155,0.014
733.21,0.481,0,0.875,1.551,0,0.000,0.000,0.000,0.000,0.000,0.000,-0.156,0.015
733.41,0.481,0,0.876,1.553,0,0.000,0.000,0.000,0.000,0.000,0.000,-0.156,0.013
733.61,0.470,0,0.876,1.553,0,0.000,0.000,0.000,0.000,0.000,0.000,-0.156,0.013
733.81,0.475,0,0.876,1.553,0,0.000,0.000,0.000,0.000,0.000,0.000,-0.148,0.016
734.01,0.475,0,0.876,1.551,0,0.000,0.000,0.000,0.000,0.000,0.000,-0.159,0.018
734.21,0.475,0,0.876,1.551,0,0.000,0.000,0.000,0.000,0.000,0.000,-0.155,0.018
734.41,0.474,0,0.874,1.549,0,0.000,0.000,0.000,0.000,0.000,0.000,-0.156,0.011
734.61,0.474,0,0.874,1.549,0,0.000,0.000,0.000,0.000,0.000,0.000,-0.156,0.011
734.81,0.479,0,0.874,1.549,0,0.000,0.000,0.000,0.000,0.000,0.000,-0.158,0.017
735.01,0.475,0,0.886,1.555,0,0.000,0.000,0.000,0.000,0.000,0.000,-0.156,0.011
735.21,0.475,0,0.886,1.555,0,0.000,0.000,0.000,0.000,0.000,0.000,-0.157,0.014
735.41,0.472,0,0.879,1.554,0,0.000,0.000,0.000,0.000,0.000,0.000,-0.157,0.014
735.61,0.475,0,0.879,1.554,0,0.000,0.000,0.000,0.000,0.000,0.000,-0.157,0.018
735.81,0.472,0,0.879,1.554,0,0.000,0.000,0.000,0.000,0.000,0.000,-0.145,0.005
736.01,0.472,0,0.882,1.552,0,0.000,0.000,0.000,0.000,0.000,0.000,-0.153,0.006
736.21,0.472,0,0.882,1.552,0,0.000,0.000,0.000,0.000,0.000,0.000,-0.153,0.006
736.41,0.486,0,0.876,1.555,0,0.000,0.000,0.000,0.000,0.000,0.000,-0.158,0.014
736.61,0.481,0,0.876,1.555,0,0.000,0.000,0.000,0.000,0.000,0.000,-0.145,0.005
736.81,0.477,0,0.876,1.555,0,0.000,0.000,0.000,0.000,0.000,0.000,-0.151,0.003
737.01,0.477,0,0.873,1.555,0,0.000,0.000,0.000,0.000,0.000,0.000,-0.151,0.015
737.21,0.472,0,0.873,1.555,0,0.000,0.000,0.000,0.000,0.000,0.000,-0.151,0.015
737.41,0.470,0,0.877,1.552,0,0.000,0.000,0.000,0.000,0.000,0.000,-0.161,0.015
737.61,0.477,0,0.877,1.552,0,0.000,0.000,0.000,0.000,0.000,0.000,-0.147,0.007
737.81,0.477,0,0.877,1.552,0,0.000,0.000,0.000,0.000,0.000,0.000,-0.151,0.002
738.01,0.470,0,0.875,1.553,0,0.000,0.000,0.000,0.000,0.000,0.000,-0.151,0.002
738.21,0.470,0,0.875,1.553,0,0.000,0.000,0.000,0.000,0.000,0.000,-0.156,0.016
738.41,0.756,0,0.881,1.553,0,0.000,0.000,0.000,0.000,0.000,0.000,-0.155,0.017
738.61,0.474,0,0.881,1.553,0,0.000,0.000,0.000,0.000,0.000,0.000,-0.156,0.015
738.81,0.474,0,0.881,1.553,0,0.000,0.000,0.000,0.000,0.000,0.000,-0.156,0.013
739.01,0.481,0,0.879,1.554,0,0.000,0.000,0.000,0.000,0.000,0.000,-0.156,0.013
739.21,0.484,0,0.879,1.554,0,0.000,0.000,0.000,0.000,0.000,0.000,-0.156,0.017
739.41,0.756,0,0.882,1.549,0,0.000,0.000,0.000,0.000,0.000,0.000,-0.155,0.019
739.61,0.756,0,0.882,1.549,0,0.000,0.000,0.000,0.000,0.000,0.000,-0.158,0.011
739.81,0.477,0,0.882,1.549,0,0.000,0.000,0.000,0.000,0.000,0.000,-0.158,0.011
740.01,0.475,0,0.874,1.551,0,0.000,0.000,0.000,0.000,0.000,0.000,-0.154,0.014
740.21,0.475,0,0.874,1.551,0,0.000,0.000,0.000,0.000,0.000,0.000,-0.159,0.014
740.41,0.475,0,0.876,1.553,0,0.000,0.000,0.000,0.000,0.000,0.000,-0.152,0.013
740.61,0.472,0,0.876,1.553,0,0.000,0.000,0.000,0.000,0.000,0.000,-0.152,0.013
740.81,0.472,0,0.876,1.553,0,0.000,0.000,0.000,0.000,0.000,0.000,-0.158,0.017
741.01,0.484,0,0.879,1.554,0,0.000,0.000,0.000,0.000,0.000,0.000,-0.158,0.015
741.21,0.484,0,0.879,1.554,0,0.000,0.000,0.000,0.000,0.000,0.000,-0.153,0.013
741.41,0.484,0,0.873,1.553,0,0.000,0.000,0.000,0.000,0.000,0.000,-0.152,0.014
741.61,0.486,0,0.873,1.553,0,0.000,0.000,0.000,0.000,0.000,0.000,-0.152,0.014
741.81,0.470,0,0.873,1.553,0,0.000,0.000,0.000,0.000,0.000,0.000,-0.151,0.012
742.01,0.475,0,0.876,1.549,0,0.000,0.000,0.000,0.000,0.000,0.000,-0.154,0.008
742.21,0.475,0,0.876,1.549,0,0.000,0.000,0.000,0.000,0.000,0.000,-0.153,0.015
742.41,0.470,0,0.886,1.551,0,0.000,0.000,0.000,0.000,0.000,0.000,-0.153,0.015
742.61,0.481,0,0.886,1.551,0,0.000,0.000,0.000,0.000,0.000,0.000,-0.156,0.008
742.81,0.470,0,0.886,1.551,0,0.000,0.000,0.000,0.000,0.000,0.000,-0.156,0.015
743.01,0.475,0,0.873,1.553,0,0.000,0.000,0.000,0.000,0.000,0.000,-0.154,0.012
743.21,0.475,0,0.873,1.553,0,0.000,0.000,0.000,0.000,0.000,0.000,-0.148,0.006
743.41,0.470,0,0.873,1.554,0,0.000,0.000,0.000,0.000,0.000,0.000,-0.148,0.006
743.61,0.470,0,0.873,1.554,0,0.000,0.000,0.000,0.000,0.000,0.000,-0.160,0.015
743.81,0.470,0,0.873,1.554,0,0.000,0.000,0.000,0.000,0.000,0.000,-0.160,0.014
744.01,0.470,0,0.876,1.553,0,0.000,0.000,0.000,0.000,0.000,0.000,-0.155,0.015
744.21,0.470,0,0.876,1.553,0,0.000,0.000,0.000,0.000,0.000,0.000,-0.155,0.015
744.41,0.470,0,0.876,1.553,0,0.000,0.000,0.000,0.000,0.000,0.000,-0.157,0.015
744.61,0.475,0,0.876,1.553,0,0.000,0.000,0.000,0.000,0.000,0.000,-0.155,0.013
744.81,0.475,0,0.876,1.553,0,0.000,0.000,0.000,0.000,0.000,0.000,-0.154,0.011
745.01,0.472,0,0.880,1.555,0,0.000,0.000,0.000,0.000,0.000,0.000,-0.151,0.012
745.21,0.756,0,0.880,1.555,0,0.000,0.000,0.000,0.000,0.000,0.000,-0.151,0.012
745.41,0.474,0,0.879,1.556,0,0.000,0.000,0.000,0.000,0.000,0.000,-0.152,0.013
745.61,0.475,0,0.879,1.556,0,0.000,0.000,0.000,0.000,0.000,0.000,-0.152,0.013
745.81,0.475,0,0.879,1.556,0,0.000,0.000,0.000,0.000,0.000,0.000,-0.154,0.016
746.01,0.474,0,0.875,1.554,0,0.000,0.000,0.000,0.000,0.000,0.000,-0.154,0.016
746.21,0.756,0,0.875,1.554,0,0.000,0.000,0.000,0.000,0.000,0.000,-0.152,0.016
746.41,0.475,0,0.880,1.555,0,0.000,0.000,0.000,0.000,0.000,0.000,-0.158,0.011
746.61,0.475,0,0.880,1.555,0,0.000,0.000,0.000,0.000,0.000,0.000,-0.154,0.010
746.81,0.475,0,0.880,1.555,0,0.000,0.000,0.000,0.000,0.000,0.000,-0.154,0.010
747.01,0.470,0,0.882,1.551,0,0.000,0.000,0.000,0.000,0.000,0.000,-0.151,0.013
747.21,0.474,0,0.882,1.551,0,0.000,0.000,0.000,0.000,0.000,0.000,-0.154,0.013
747.41,0.472,0,0.871,1.555,0,0.000,0.000,0.000,0.000,0.000,0.000,-0.150,0.012
747.61,0.472,0,0.871,1.555,0,0.000,0.000,0.000,0.000,0.000,0.000,-0.156,0.010
747.81,0.756,0,0.871,1.555,0,0.000,0.000,0.000,0.000,0.000,0.000,-0.156,0.010
748.01,0.474,0,0.884,1.555,0,0.000,0.000,0.000,0.000,0.000,0.000,-0.154,0.014
748.21,0.474,0,0.884,1.555,0,0.000,0.000,0.000,0.000,0.000,0.000,-0.154,0.013
748.41,0.474,0,0.882,1.555,0,0.000,0.000,0.000,0.000,0.000,0.000,-0.156,0.014
748.61,0.475,0,0.882,1.555,0,0.000,0.000,0.000,0.000,0.000,0.000,-0.156,0.014
748.81,0.105,0,0.882,1.555,0,0.000,0.000,0.000,0.000,0.000,0.000,-0.152,0.012
749.01,0.475,0,0.876,1.552,0,0.000,0.000,0.000,0.000,0.000,0.000,-0.144,0.004
749.21,0.105,0,0.876,1.552,0,0.000,0.000,0.000,0.000,0.000,0.000,-0.143,0.003
749.41,0.105,0,0.873,1.551,0,0.000,0.000,0.000,0.000,0.000,0.000,-0.157,0.017
749.61,0.106,0,0.873,1.551,0,0.000,0.000,0.000,0.000,0.000,0.000,-0.157,0.017
749.81,0.106,0,0.873,1.551,0,0.000,0.000,0.000,0.000,0.000,0.000,-0.149,0.014
750.01,0.475,0,0.884,1.552,0,0.000,0.000,0.000,0.000,0.000,0.000,-0.144,0.000
750.21,0.475,0,0.884,1.552,0,0.000,0.000,0.000,0.000,0.000,0.000,-0.152,0.003
750.41,0.475,0,0.876,1.554,0,0.000,0.000,0.000,0.000,0.000,0.000,-0.152,0.003
750.61,0.474,0,0.876,1.554,0,0.000,0.000,0.000,0.000,0.000,0.000,-0.152,0.013
750.81,0.470,0,0.876,1.554,0,0.000,0.000,0.000,0.000,0.000,0.000,-0.148,0.006
751.01,0.756,0,0.882,1.552,0,0.000,0.000,0.000,0.000,0.000,0.000,-0.156,0.014
751.21,0.756,0,0.882,1.552,0,0.000,0.000,0.000,0.000,0.000,0.000,-0.151,0.014
751.41,0.484,0,0.881,1.554,0,0.000,0.000,0.000,0.000,0.000,0.000,-0.151,0.014
751.61,0.484,0,0.881,1.554,0,0.000,0.000,0.000,0.000,0.000,0.000,-0.154,0.013
751.81,0.472,0,0.881,1.554,0,0.000,0.000,0.000,0.000,0.000,0.000,-0.152,0.015
752.01,0.472,0,0.873,1.553,0,0.000,0.000,0.000,0.000,0.000,0.000,-0.153,0.014
752.21,0.477,0,0.873,1.553,0,0.000,0.000,0.000,0.000,0.000,0.000,-0.153,0.014
752.41,0.475,0,0.882,1.554,0,0.000,0.000,0.000,0.000,0.000,0.000,-0.155,0.012
752.61,0.470,0,0.882,1.554,0,0.000,0.000,0.000,0.000,0.000,0.000,-0.155,0.013
752.81,0.470,0,0.882,1.554,0,0.000,0.000,0.000,0.000,0.000,0.000,-0.155,0.012
753.01,0.475,0,0.876,1.546,0,0.000,0.000,0.000,0.000,0.000,0.000,-0.152,0.013
753.21,0.475,0,0.876,1.546,0,0.000,0.000,0.000,0.000,0.000,0.000,-0.152,0.013
753.41,0.470,0,0.875,1.553,0,0.000,0.000,0.000,0.000,0.000,0.000,-0.151,0.012
753.61,0.486,0,0.875,1.553,0,0.000,0.000,0.000,0.000,0.000,0.000,-0.150,0.015
753.81,0.486,0,0.875,1.553,0,0.000,0.000,0.000,0.000,0.000,0.000,-0.144,0.003
754.01,0.106,0,0.871,1.555,0,0.000,0.000,0.000,0.000,0.000,0.000,-0.144,0.003
754.21,0.481,0,0.871,1.555,0,0.000,0.000,0.000,0.000,0.000,0.000,-0.151,0.010
754.41,0.470,0,0.881,1.554,0,0.000,0.000,0.000,0.000,0.000,0.000,-0.151,0.010
754.61,0.470,0,0.881,1.554,0,0.000,0.000,0.000,0.000,0.000,0.000,-0.147,0.011
754.81,0.488,0,0.881,1.554,0,0.000,0.000,0.000,0.000,0.000,0.000,-0.147,0.011
755.01,0.475,0,0.867,1.554,0,0.000,0.000,0.000,0.000,0.000,0.000,-0.149,0.004
755.21,0.475,0,0.867,1.554,0,0.000,0.000,0.000,0.000,0.000,0.000,-0.152,0.011
755.41,0.105,0,0.885,1.553,0,0.000,0.000,0.000,0.000,0.000,0.000,-0.155,0.013
755.61,0.105,0,0.885,1.553,0,0.000,0.000,0.000,0.000,0.000,0.000,-0.155,0.013
755.81,0.105,0,0.885,1.553,0,0.000,0.000,0.000,0.000,0.000,0.000,-0.155,0.013
756.01,0.472,0,0.877,1.555,0,0.000,0.000,0.000,0.000,0.000,0.000,-0.152,0.011
756.21,0.105,0,0.877,1.555,0,0.000,0.000,0.000,0.000,0.000,0.000,-0.149,0.012
756.41,0.105,0,0.884,1.552,0,0.000,0.000,0.000,0.000,0.000,0.000,-0.146,0.013
756.61,0.488,0,0.884,1.552,0,0.000,0.000,0.000,0.000,0.000,0.000,-0.146,0.013
756.81,0.104,0,0.884,1.552,0,0.000,0.000,0.000,0.000,0.000,0.000,-0.149,0.010
757.01,0.487,0,0.875,1.557,0,0.000,0.000,0.000,0.000,0.000,0.000,-0.149,0.009
757.21,0.487,0,0.875,1.557,0,0.000,0.000,0.000,0.000,0.000,0.000,-0.151,0.009
757.41,0.756,0,0.873,1.553,0,0.000,0.000,0.000,0.000,0.000,0.000,-0.150,0.008
757.61,0.470,0,0.873,1.553,0,0.000,0.000,0.000,0.000,0.000,0.000,-0.150,0.008
757.81,0.475,0,0.873,1.553,0,0.000,0.000,0.000,0.000,0.000,0.000,-0.155,0.009
758.01,0.757,0,0.876,1.552,0,0.000,0.000,0.000,0.000,0.000,0.000,-0.151,0.009
758.21,0.757,0,0.876,1.552,0,0.000,0.000,0.000,0.000,0.000,0.000,-0.152,0.015
758.41,0.474,0,0.881,1.553,0,0.000,0.000,0.000,0.000,0.000,0.000,-0.152,0.015
758.61,0.474,0,0.881,1.553,0,0.000,0.000,0.000,0.000,0.000,0.000,-0.147,0.007
758.81,0.475,0,0.881,1.553,0,0.000,0.000,0.000,0.000,0.000,0.000,-0.149,0.009
759.01,0.475,0,0.881,1.555,0,0.000,0.000,0.000,0.000,0.000,0.000,-0.154,0.012
759.21,0.474,0,0.881,1.555,0,0.000,0.000,0.000,0.000,0.000,0.000,-0.154,0.012
759.41,0.472,0,0.881,1.557,0,0.000,0.000,0.000,0.000,0.000,0.000,-0.149,0.011
759.61,0.105,0,0.881,1.557,0,0.000,0.000,0.000,0.000,0.000,0.000,-0.151,0.005
759.81,0.104,0,0.881,1.557,0,0.000,0.000,0.000,0.000,0.000,0.000,-0.150,0.009
760.01,0.104,0,0.880,1.552,0,0.000,0.000,0.000,0.000,0.000,0.000,-0.151,0.005
760.21,0.474,0,0.880,1.552,0,0.000,0.000,0.000,0.000,0.000,0.000,-0.151,0.005
760.41,0.475,0,0.876,1.551,0,0.000,0.000,0.000,0.000,0.000,0.000,-0.150,0.010
760.61,0.475,0,0.876,1.551,0,0.000,0.000,0.000,0.000,0.000,0.000,-0.149,0.007
760.81,0.475,0,0.876,1.551,0,0.000,0.000,0.000,0.000,0.000,0.000,-0.156,0.010
761.01,0.475,0,0.880,1.556,0,0.000,0.000,0.000,0.000,0.000,0.000,-0.156,0.010
761.21,0.756,0,0.880,1.556,0,0.000,0.000,0.000,0.000,0.000,0.000,-0.151,0.010
761.41,0.105,0,0.877,1.554,0,0.000,0.000,0.000,0.000,0.000,0.000,-0.149,0.011
761.61,0.474,0,0.877,1.554,0,0.000,0.000,0.000,0.000,0.000,0.000,-0.146,0.002
761.81,0.474,0,0.877,1.554,0,0.000,0.000,0.000,0.000,0.000,0.000,-0.153,0.008
762.01,0.475,0,0.884,1.551,0,0.000,0.000,0.000,0.000,0.000,0.000,-0.153,0.008
762.21,0.475,0,0.884,1.551,0,0.000,0.000,0.000,0.000,0.000,0.000,-0.149,0.012
762.41,0.477,0,0.874,1.553,0,0.000,0.000,0.000,0.000,0.000,0.000,-0.145,0.002
762.61,0.477,0,0.874,1.553,0,0.000,0.000,0.000,0.000,0.000,0.000,-0.149,0.003
762.81,0.474,0,0.874,1.553,0,0.000,0.000,0.000,0.000,0.000,0.000,-0.149,0.003
763.01,0.475,0,0.872,1.556,0,0.000,0.000,0.000,0.000,0.000,0.000,-0.146,-0.002
763.21,0.477,0,0.872,1.556,0,0.000,0.000,0.000,0.000,0.000,0.000,-0.147,0.004
763.41,0.477,0,0.876,1.550,0,0.000,0.000,0.000,0.000,0.000,0.000,-0.153,0.004
763.61,0.477,0,0.876,1.550,0,0.000,0.000,0.000,0.000,0.000,0.000,-0.153,0.004
763.81,0.474,0,0.876,1.550,0,0.000,0.000,0.000,0.000,0.000,0.000,-0.150,0.006
764.01,0.475,0,0.884,1.553,0,0.000,0.000,0.000,0.000,0.000,0.000,-0.153,0.012
764.21,0.477,0,0.884,1.553,0,0.000,0.000,0.000,0.000,0.000,0.000,-0.152,0.004
764.41,0.477,0,0.873,1.553,0,0.000,0.000,0.000,0.000,0.000,0.000,-0.156,0.010
764.61,0.475,0,0.873,1.553,0,0.000,0.000,0.000,0.000,0.000,0.000,-0.156,0.010
764.81,0.474,0,0.873,1.553,0,0.000,0.000,0.000,0.000,0.000,0.000,-0.144,0.000
765.01,0.105,0,0.887,1.556,0,0.000,0.000,0.000,0.000,0.000,0.000,-0.144,0.002
765.21,0.105,0,0.887,1.556,0,0.000,0.000,0.000,0.000,0.000,0.000,-0.152,0.004
765.41,0.105,0,0.877,1.549,0,0.000,0.000,0.000,0.000,0.000,0.000,-0.152,0.004
765.61,0.472,0,0.877,1.549,0,0.000,0.000,0.000,0.000,0.000,0.000,-0.152,0.000
765.81,0.475,0,0.877,1.549,0,0.000,0.000,0.000,0.000,0.000,0.000,-0.153,0.012
766.01,0.756,0,0.876,1.549,0,0.000,0.000,0.000,0.000,0.000,0.000,-0.150,0.013
766.21,0.756,0,0.876,1.549,0,0.000,0.000,0.000,0.000,0.000,0.000,-0.157,0.009
766.41,0.481,0,0.881,1.552,0,0.000,0.000,0.000,0.000,0.000,0.000,-0.157,0.009
766.61,0.479,0,0.881,1.552,0,0.000,0.000,0.000,0.000,0.000,0.000,-0.151,0.002
766.81,0.470,0,0.881,1.552,0,0.000,0.000,0.000,0.000,0.000,0.000,-0.146,0.002
767.01,0.470,0,0.882,1.554,0,0.000,0.000,0.000,0.000,0.000,0.000,-0.145,0.002
767.21,0.475,0,0.882,1.554,0,0.000,0.000,0.000,0.000,0.000,0.000,-0.145,0.002
767.41,0.756,0,0.877,1.553,0,0.000,0.000,0.000,0.000,0.000,0.000,-0.152,0.011
767.61,0.472,0,0.877,1.553,0,0.000,0.000,0.000,0.000,0.000,0.000,-0.156,0.010
767.81,0.106,0,0.877,1.553,0,0.000,0.000,0.000,0.000,0.000,0.000,-0.156,0.013
768.01,0.106,0,0.879,1.552,0,0.000,0.000,0.000,0.000,0.000,0.000,-0.161,0.012
768.21,0.105,0,0.879,1.552,0,0.000,0.000,0.000,0.000,0.000,0.000,-0.161,0.012
768.41,0.475,0,0.876,1.555,0,0.000,0.000,0.000,0.000,0.000,0.000,-0.159,0.016
768.61,0.479,0,0.876,1.555,0,0.000,0.000,0.000,0.000,0.000,0.000,-0.158,0.010
768.81,0.479,0,0.876,1.555,0,0.000,0.000,0.000,0.000,0.000,0.000,-0.158,0.009
769.01,0.106,0,0.873,1.554,0,0.000,0.000,0.000,0.000,0.000,0.000,-0.158,0.009
769.21,0.756,0,0.873,1.554,0,0.000,0.000,0.000,0.000,0.000,0.000,-0.161,0.002
769.41,0.107,0,0.880,1.553,0,0.000,0.000,0.000,0.000,0.000,0.000,-0.164,0.012
769.61,0.107,0,0.880,1.553,0,0.000,0.000,0.000,0.000,0.000,0.000,-0.149,-0.004
769.81,0.479,0,0.880,1.553,0,0.000,0.000,0.000,0.000,0.000,0.000,-0.149,-0.004
770.01,0.477,0,0.876,1.554,0,0.000,0.000,0.000,0.000,0.000,0.000,-0.149,-0.002
770.21,0.479,0,0.876,1.554,0,0.000,0.000,0.000,0.000,0.000,0.000,-0.148,-0.003
770.41,0.106,0,0.881,1.551,0,0.000,0.000,0.000,0.000,0.000,0.000,-0.161,0.010
770.61,0.106,0,0.881,1.551,0,0.000,0.000,0.000,0.000,0.000,0.000,-0.148,-0.005
770.81,0.106,0,0.881,1.551,0,0.000,0.000,0.000,0.000,0.000,0.000,-0.148,-0.005
771.01,0.106,0,0.877,1.553,0,0.000,0.000,0.000,0.000,0.000,0.000,-0.149,-0.004
771.21,0.758,0,0.877,1.553,0,0.000,0.000,0.000,0.000,0.000,0.000,-0.154,-0.005
771.41,0.758,0,0.879,1.555,0,0.000,0.000,0.000,0.000,0.000,0.000,-0.155,0.001
771.61,0.106,0,0.879,1.555,0,0.000,0.000,0.000,0.000,0.000,0.000,-0.155,0.001
771.81,0.105,0,0.879,1.555,0,0.000,0.000,0.000,0.000,0.000,0.000,-0.144,-0.002
772.01,0.477,0,0.881,1.552,0,0.000,0.000,0.000,0.000,0.000,0.000,-0.156,0.007
772.21,0.106,0,0.881,1.552,0,0.000,0.000,0.000,0.000,0.000,0.000,-0.148,-0.002
772.41,0.106,0,0.882,1.554,0,0.000,0.000,0.000,0.000,0.000,0.000,-0.162,0.013
772.61,0.756,0,0.882,1.554,0,0.000,0.000,0.000,0.000,0.000,0.000,-0.162,0.013
772.81,0.756,0,0.882,1.554,0,0.000,0.000,0.000,0.000,0.000,0.000,-0.150,-0.004
773.01,0.470,0,0.880,1.547,0,0.000,0.000,0.000,0.000,0.000,0.000,-0.150,-0.011
773.21,0.470,0,0.880,1.547,0,0.000,0.000,0.000,0.000,0.000,0.000,-0.154,0.001
773.41,0.470,0,0.874,1.551,0,0.000,0.000,0.000,0.000,0.000,0.000,-0.154,0.001
773.61,0.106,0,0.874,1.551,0,0.000,0.000,0.000,0.000,0.000,0.000,-0.153,0.006
773.81,0.479,0,0.874,1.551,0,0.000,0.000,0.000,0.000,0.000,0.000,-0.148,-0.010
774.01,0.472,0,0.875,1.553,0,0.000,0.000,0.000,0.000,0.000,0.000,-0.147,-0.012
774.21,0.472,0,0.875,1.553,0,0.000,0.000,0.000,0.000,0.000,0.000,-0.157,-0.001
774.41,0.477,0,0.876,1.553,0,0.000,0.000,0.000,0.000,0.000,0.000,-0.157,-0.001
774.61,0.105,0,0.876,1.553,0,0.000,0.000,0.000,0.000,0.000,0.000,-0.155,0.002
774.81,0.106,0,0.876,1.553,0,0.000,0.000,0.000,0.000,0.000,0.000,-0.154,-0.004
775.01,0.106,0,0.879,1.553,0,0.000,0.000,0.000,0.000,0.000,0.000,-0.152,-0.002
775.21,0.475,0,0.879,1.553,0,0.000,0.000,0.000,0.000,0.000,0.000,-0.152,-0.002
775.41,0.105,0,0.877,1.552,0,0.000,0.000,0.000,0.000,0.000,0.000,-0.153,0.003
775.61,0.106,0,0.877,1.552,0,0.000,0.000,0.000,0.000,0.000,0.000,-0.153,0.001
775.81,0.106,0,0.877,1.552,0,0.000,0.000,0.000,0.000,0.000,0.000,-0.149,-0.004
776.01,0.470,0,0.877,1.554,0,0.000,0.000,0.000,0.000,0.000,0.000,-0.149,-0.004
776.21,0.105,0,0.877,1.554,0,0.000,0.000,0.000,0.000,0.000,0.000,-0.157,-0.002
776.41,0.106,0,0.881,1.554,0,0.000,0.000,0.000,0.000,0.000,0.000,-0.151,0.001
776.61,0.106,0,0.881,1.554,0,0.000,0.000,0.000,0.000,0.000,0.000,-0.158,0.008
776.81,0.106,0,0.881,1.554,0,0.000,0.000,0.000,0.000,0.000,0.000,-0.154,-0.002
777.01,0.105,0,0.876,1.555,0,0.000,0.000,0.000,0.000,0.000,0.000,-0.154,-0.002
777.21,0.105,0,0.876,1.555,0,0.000,0.000,0.000,0.000,0.000,0.000,-0.156,-0.003
777.41,0.106,0,0.881,1.550,0,0.000,0.000,0.000,0.000,0.000,0.000,-0.145,-0.008
777.61,0.106,0,0.881,1.550,0,0.000,0.000,0.000,0.000,0.000,0.000,-0.156,-0.001
777.81,0.470,0,0.881,1.550,0,0.000,0.000,0.000,0.000,0.000,0.000,-0.156,-0.001
778.01,0.106,0,0.886,1.553,0,0.000,0.000,0.000,0.000,0.000,0.000,-0.154,-0.001
778.21,0.474,0,0.886,1.553,0,0.000,0.000,0.000,0.000,0.000,0.000,-0.151,0.001
778.41,0.470,0,0.877,1.555,0,0.000,0.000,0.000,0.000,0.000,0.000,-0.149,0.004
778.61,0.470,0,0.877,1.555,0,0.000,0.000,0.000,0.000,0.000,0.000,-0.153,0.002
778.81,0.106,0,0.877,1.555,0,0.000,0.000,0.000,0.000,0.000,0.000,-0.153,0.002
779.01,0.475,0,0.876,1.553,0,0.000,0.000,0.000,0.000,0.000,0.000,-0.152,-0.007
779.21,0.475,0,0.876,1.553,0,0.000,0.000,0.000,0.000,0.000,0.000,-0.152,0.002
779.41,0.475,0,0.880,1.554,0,0.000,0.000,0.000,0.000,0.000,0.000,-0.152,-0.000
779.61,0.470,0,0.880,1.554,0,0.000,0.000,0.000,0.000,0.000,0.000,-0.152,-0.000
779.81,0.481,0,0.880,1.554,0,0.000,0.000,0.000,0.000,0.000,0.000,-0.152,-0.001
780.01,0.475,0,0.873,1.554,0,0.000,0.000,0.000,0.000,0.000,0.000,-0.150,-0.008
780.21,0.470,0,0.873,1.554,0,0.000,0.000,0.000,0.000,0.000,0.000,-0.151,0.005
780.41,0.470,0,0.884,1.554,0,0.000,0.000,0.000,0.000,0.000,0.000,-0.157,0.001
780.61,0.475,0,0.884,1.554,0,0.000,0.000,0.000,0.000,0.000,0.000,-0.157,0.001
780.81,0.475,0,0.884,1.554,0,0.000,0.000,0.000,0.000,0.000,0.000,-0.154,0.002
781.01,0.475,0,0.881,1.549,0,0.000,0.000,0.000,0.000,0.000,0.000,-0.156,0.006
781.21,0.475,0,0.881,1.549,0,0.000,0.000,0.000,0.000,0.000,0.000,-0.152,0.003
781.41,0.472,0,0.877,1.551,0,0.000,0.000,0.000,0.000,0.000,0.000,-0.152,0.003
781.61,0.470,0,0.877,1.551,0,0.000,0.000,0.000,0.000,0.000,0.000,-0.151,0.001
781.81,0.477,0,0.877,1.551,0,0.000,0.000,0.000,0.000,0.000,0.000,-0.156,0.006
782.01,0.477,0,0.874,1.554,0,0.000,0.000,0.000,0.000,0.000,0.000,-0.149,0.008
782.21,0.475,0,0.874,1.554,0,0.000,0.000,0.000,0.000,0.000,0.000,-0.149,0.008
782.41,0.105,0,0.874,1.553,0,0.000,0.000,0.000,0.000,0.000,0.000,-0.153,-0.000
782.61,0.105,0,0.874,1.553,0,0.000,0.000,0.000,0.000,0.000,0.000,-0.157,0.009
782.81,0.106,0,0.874,1.553,0,0.000,0.000,0.000,0.000,0.000,0.000,-0.156,0.011
783.01,0.106,0,0.876,1.552,0,0.000,0.000,0.000,0.000,0.000,0.000,-0.154,0.002
783.21,0.106,0,0.876,1.552,0,0.000,0.000,0.000,0.000,0.000,0.000,-0.154,0.002
783.41,0.106,0,0.882,1.553,0,0.000,0.000,0.000,0.000,0.000,0.000,-0.161,0.004
783.61,0.477,0,0.882,1.553,0,0.000,0.000,0.000,0.000,0.000,0.000,-0.160,0.007
783.81,0.477,0,0.882,1.553,0,0.000,0.000,0.000,0.000,0.000,0.000,-0.154,0.004
784.01,0.105,0,0.884,1.554,0,0.000,0.000,0.000,0.000,0.000,0.000,-0.154,0.004
784.21,0.474,0,0.884,1.554,0,0.000,0.000,0.000,0.000,0.000,0.000,-0.154,0.006
784.41,0.105,0,0.875,1.554,0,0.000,0.000,0.000,0.000,0.000,0.000,-0.158,0.004
784.61,0.105,0,0.875,1.554,0,0.000,0.000,0.000,0.000,0.000,0.000,-0.157,0.008
784.81,0.105,0,0.875,1.554,0,0.000,0.000,0.000,0.000,0.000,0.000,-0.157,0.009
785.01,0.105,0,0.882,1.553,0,0.000,0.000,0.000,0.000,0.000,0.000,-0.157,0.009
785.21,0.105,0,0.882,1.553,0,0.000,0.000,0.000,0.000,0.000,0.000,-0.155,0.001
785.41,0.756,0,0.876,1.554,0,0.000,0.000,0.000,0.000,0.000,0.000,-0.158,0.006
785.61,0.756,0,0.876,1.554,0,0.000,0.000,0.000,0.000,0.000,0.000,-0.156,0.005
785.81,0.472,0,0.876,1.554,0,0.000,0.000,0.000,0.000,0.000,0.000,-0.156,0.005
786.01,0.472,0,0.878,1.551,0,0.000,0.000,0.000,0.000,0.000,0.000,-0.151,-0.001
786.21,0.472,0,0.878,1.551,0,0.000,0.000,0.000,0.000,0.000,0.000,-0.150,-0.005
786.41,0.470,0,0.875,1.553,0,0.000,0.000,0.000,0.000,0.000,0.000,-0.154,0.010
786.61,0.470,0,0.875,1.553,0,0.000,0.000,0.000,0.000,0.000,0.000,-0.157,0.005
786.81,0.484,0,0.875,1.553,0,0.000,0.000,0.000,0.000,0.000,0.000,-0.157,0.005
787.01,0.470,0,0.871,1.553,0,0.000,0.000,0.000,0.000,0.000,0.000,-0.145,-0.007
787.21,0.475,0,0.871,1.553,0,0.000,0.000,0.000,0.000,0.000,0.000,-0.153,0.001
787.41,0.475,0,0.874,1.555,0,0.000,0.000,0.000,0.000,0.000,0.000,-0.159,0.008
787.61,0.474,0,0.874,1.555,0,0.000,0.000,0.000,0.000,0.000,0.000,-0.159,0.008
787.81,0.759,0,0.874,1.555,0,0.000,0.000,0.000,0.000,0.000,0.000,-0.156,0.010
788.01,0.475,0,0.867,1.554,0,0.000,0.000,0.000,0.000,0.000,0.000,-0.156,0.008
788.21,0.475,0,0.867,1.554,0,0.000,0.000,0.000,0.000,0.000,0.000,-0.154,0.008
788.41,0.486,0,0.876,1.555,0,0.000,0.000,0.000,0.000,0.000,0.000,-0.154,0.008
788.61,0.470,0,0.876,1.555,0,0.000,0.000,0.000,0.000,0.000,0.000,-0.153,0.008
788.81,0.475,0,0.876,1.555,0,0.000,0.000,0.000,0.000,0.000,0.000,-0.150,0.002
789.01,0.470,0,0.873,1.553,0,0.000,0.000,0.000,0.000,0.000,0.000,-0.157,0.006
789.21,0.470,0,0.873,1.553,0,0.000,0.000,0.000,0.000,0.000,0.000,-0.156,0.007
789.41,0.756,0,0.877,1.550,0,0.000,0.000,0.000,0.000,0.000,0.000,-0.156,0.007
789.61,0.756,0,0.877,1.550,0,0.000,0.000,0.000,0.000,0.000,0.000,-0.153,0.008
789.81,0.475,0,0.877,1.550,0,0.000,0.000,0.000,0.000,0.000,0.000,-0.150,0.009
790.01,0.475,0,0.875,1.553,0,0.000,0.000,0.000,0.000,0.000,0.000,-0.157,0.009
790.21,0.486,0,0.875,1.553,0,0.000,0.000,0.000,0.000,0.000,0.000,-0.157,0.009
790.41,0.756,0,0.877,1.549,0,0.000,0.000,0.000,0.000,0.000,0.000,-0.156,0.014
790.61,0.475,0,0.877,1.549,0,0.000,0.000,0.000,0.000,0.000,0.000,-0.150,0.014
790.81,0.474,0,0.877,1.549,0,0.000,0.000,0.000,0.000,0.000,0.000,-0.150,0.007
791.01,0.474,0,0.879,1.555,0,0.000,0.000,0.000,0.000,0.000,0.000,-0.150,0.001
791.21,0.759,0,0.879,1.555,0,0.000,0.000,0.000,0.000,0.000,0.000,-0.150,0.001
791.41,0.475,0,0.876,1.553,0,0.000,0.000,0.000,0.000,0.000,0.000,-0.151,0.007
791.61,0.475,0,0.876,1.553,0,0.000,0.000,0.000,0.000,0.000,0.000,-0.154,0.011
791.81,0.475,0,0.876,1.553,0,0.000,0.000,0.000,0.000,0.000,0.000,-0.153,0.013
792.01,0.481,0,0.881,1.556,0,0.000,0.000,0.000,0.000,0.000,0.000,-0.153,0.013
792.21,0.487,0,0.881,1.556,0,0.000,0.000,0.000,0.000,0.000,0.000,-0.152,0.003
792.41,0.479,0,0.873,1.553,0,0.000,0.000,0.000,0.000,0.000,0.000,-0.160,0.003
792.61,0.479,0,0.873,1.553,0,0.000,0.000,0.000,0.000,0.000,0.000,-0.147,-0.003
792.81,0.105,0,0.873,1.553,0,0.000,0.000,0.000,0.000,0.000,0.000,-0.147,-0.003
793.01,0.106,0,0.876,1.549,0,0.000,0.000,0.000,0.000,0.000,0.000,-0.155,-0.000
793.21,0.105,0,0.876,1.549,0,0.000,0.000,0.000,0.000,0.000,0.000,-0.140,-0.008
793.41,0.105,0,0.874,1.555,0,0.000,0.000,0.000,0.000,0.000,0.000,-0.146,-0.004
793.61,0.105,0,0.874,1.555,0,0.000,0.000,0.000,0.000,0.000,0.000,-0.146,-0.004
793.81,0.475,0,0.874,1.555,0,0.000,0.000,0.000,0.000,0.000,0.000,-0.146,-0.004
794.01,0.474,0,0.876,1.553,0,0.000,0.000,0.000,0.000,0.000,0.000,-0.143,-0.001
794.21,0.755,0,0.876,1.553,0,0.000,0.000,0.000,0.000,0.000,0.000,-0.151,-0.001
794.41,0.755,0,0.880,1.549,0,0.000,0.000,0.000,0.000,0.000,0.000,-0.144,0.007
794.61,0.472,0,0.880,1.549,0,0.000,0.000,0.000,0.000,0.000,0.000,-0.144,0.007
794.81,0.105,0,0.880,1.549,0,0.000,0.000,0.000,0.000,0.000,0.000,-0.153,0.013
795.01,0.106,0,0.880,1.553,0,0.000,0.000,0.000,0.000,0.000,0.000,-0.154,0.013
795.21,0.105,0,0.880,1.553,0,0.000,0.000,0.000,0.000,0.000,0.000,-0.146,-0.000
795.41,0.105,0,0.873,1.555,0,0.000,0.000,0.000,0.000,0.000,0.000,-0.150,0.002
795.61,0.105,0,0.873,1.555,0,0.000,0.000,0.000,0.000,0.000,0.000,-0.150,0.002
795.81,0.105,0,0.873,1.555,0,0.000,0.000,0.000,0.000,0.000,0.000,-0.152,0.006
796.01,0.475,0,0.876,1.554,0,0.000,0.000,0.000,0.000,0.000,0.000,-0.157,0.008
796.21,0.475,0,0.876,1.554,0,0.000,0.000,0.000,0.000,0.000,0.000,-0.153,0.017
796.41,0.470,0,0.875,1.554,0,0.000,0.000,0.000,0.000,0.000,0.000,-0.153,0.017
796.61,0.475,0,0.875,1.554,0,0.000,0.000,0.000,0.000,0.000,0.000,-0.151,0.009
796.81,0.482,0,0.875,1.554,0,0.000,0.000,0.000,0.000,0.000,0.000,-0.147,0.004
797.01,0.482,0,0.879,1.554,0,0.000,0.000,0.000,0.000,0.000,0.000,-0.150,-0.005
797.21,0.479,0,0.879,1.554,0,0.000,0.000,0.000,0.000,0.000,0.000,-0.150,-0.005
797.41,0.474,0,0.875,1.556,0,0.000,0.000,0.000,0.000,0.000,0.000,-0.153,0.012
797.61,0.470,0,0.875,1.556,0,0.000,0.000,0.000,0.000,0.000,0.000,-0.151,0.000
797.81,0.479,0,0.875,1.556,0,0.000,0.000,0.000,0.000,0.000,0.000,-0.151,0.004
798.01,0.479,0,0.872,1.548,0,0.000,0.000,0.000,0.000,0.000,0.000,-0.152,0.006
798.21,0.474,0,0.872,1.548,0,0.000,0.000,0.000,0.000,0.000,0.000,-0.152,0.006
798.41,0.105,0,0.875,1.555,0,0.000,0.000,0.000,0.000,0.000,0.000,-0.153,0.009
798.61,0.479,0,0.875,1.555,0,0.000,0.000,0.000,0.000,0.000,0.000,-0.151,0.002
798.81,0.479,0,0.875,1.555,0,0.000,0.000,0.000,0.000,0.000,0.000,-0.148,0.005
799.01,0.475,0,0.873,1.552,0,0.000,0.000,0.000,0.000,0.000,0.000,-0.148,0.005
799.21,0.481,0,0.873,1.552,0,0.000,0.000,0.000,0.000,0.000,0.000,-0.150,0.008
799.41,0.755,0,0.884,1.553,0,0.000,0.000,0.000,0.000,0.000,0.000,-0.151,-0.001
799.61,0.484,0,0.884,1.553,0,0.000,0.000,0.000,0.000,0.000,0.000,-0.150,0.003
799.81,0.484,0,0.884,1.553,0,0.000,0.000,0.000,0.000,0.000,0.000,-0.151,0.007
800.01,0.470,0,0.878,1.551,0,0.000,0.000,0.000,0.000,0.000,0.000,-0.151,0.007
800.21,0.479,0,0.878,1.551,0,0.000,0.000,0.000,0.000,0.000,0.000,-0.156,0.016
800.41,0.477,0,0.883,1.557,0,0.000,0.000,0.000,0.000,0.000,0.000,-0.157,0.013
800.61,0.477,0,0.883,1.557,0,0.000,0.000,0.000,0.000,0.000,0.000,-0.144,0.001
800.81,0.756,0,0.883,1.557,0,0.000,0.000,0.000,0.000,0.000,0.000,-0.144,0.001
801.01,0.757,0,0.880,1.553,0,0.000,0.000,0.000,0.000,0.000,0.000,-0.157,0.014
801.21,0.475,0,0.880,1.553,0,0.000,0.000,0.000,0.000,0.000,0.000,-0.154,0.010
801.41,0.475,0,0.875,1.551,0,0.000,0.000,0.000,0.000,0.000,0.000,-0.159,0.017
801.61,0.105,0,0.875,1.551,0,0.000,0.000,0.000,0.000,0.000,0.000,-0.157,0.010
801.81,0.474,0,0.875,1.551,0,0.000,0.000,0.000,0.000,0.000,0.000,-0.157,0.010
802.01,0.757,0,0.875,1.554,0,0.000,0.000,0.000,0.000,0.000,0.000,-0.152,0.012
802.21,0.477,0,0.875,1.554,0,0.000,0.000,0.000,0.000,0.000,0.000,-0.156,0.004
802.41,0.477,0,0.881,1.550,0,0.000,0.000,0.000,0.000,0.000,0.000,-0.159,0.016
802.61,0.470,0,0.881,1.550,0,0.000,0.000,0.000,0.000,0.000,0.000,-0.159,0.016
802.81,0.475,0,0.881,1.550,0,0.000,0.000,0.000,0.000,0.000,0.000,-0.162,0.015
803.01,0.105,0,0.882,1.554,0,0.000,0.000,0.000,0.000,0.000,0.000,-0.146,-0.001
803.21,0.105,0,0.882,1.554,0,0.000,0.000,0.000,0.000,0.000,0.000,-0.152,0.008
803.41,0.472,0,0.884,1.552,0,0.000,0.000,0.000,0.000,0.000,0.000,-0.152,0.008
803.61,0.470,0,0.884,1.552,0,0.000,0.000,0.000,0.000,0.000,0.000,-0.155,0.013
803.81,0.470,0,0.884,1.552,0,0.000,0.000,0.000,0.000,0.000,0.000,-0.155,0.010
804.01,0.475,0,0.878,1.553,0,0.000,0.000,0.000,0.000,0.000,0.000,-0.158,0.012
804.21,0.475,0,0.878,1.553,0,0.000,0.000,0.000,0.000,0.000,0.000,-0.152,0.008
804.41,0.475,0,0.873,1.553,0,0.000,0.000,0.000,0.000,0.000,0.000,-0.152,0.008
804.61,0.105,0,0.873,1.553,0,0.000,0.000,0.000,0.000,0.000,0.000,-0.156,0.014
804.81,0.481,0,0.873,1.553,0,0.000,0.000,0.000,0.000,0.000,0.000,-0.146,0.004
805.01,0.481,0,0.876,1.550,0,0.000,0.000,0.000,0.000,0.000,0.000,-0.156,0.013
805.21,0.470,0,0.876,1.550,0,0.000,0.000,0.000,0.000,0.000,0.000,-0.156,0.013
805.41,0.472,0,0.877,1.555,0,0.000,0.000,0.000,0.000,0.000,0.000,-0.150,0.008
805.61,0.475,0,0.877,1.555,0,0.000,0.000,0.000,0.000,0.000,0.000,-0.150,0.002
805.81,0.472,0,0.877,1.555,0,0.000,0.000,0.000,0.000,0.000,0.000,-0.154,0.015
806.01,0.472,0,0.873,1.555,0,0.000,0.000,0.000,0.000,0.000,0.000,-0.152,0.004
806.21,0.474,0,0.873,1.555,0,0.000,0.000,0.000,0.000,0.000,0.000,-0.152,0.004
806.41,0.475,0,0.877,1.553,0,0.000,0.000,0.000,0.000,0.000,0.000,-0.156,0.013
806.61,0.105,0,0.877,1.553,0,0.000,0.000,0.000,0.000,0.000,0.000,-0.156,0.008
806.81,0.105,0,0.877,1.553,0,0.000,0.000,0.000,0.000,0.000,0.000,-0.154,0.011
807.01,0.472,0,0.881,1.554,0,0.000,0.000,0.000,0.000,0.000,0.000,-0.154,0.011
807.21,0.481,0,0.881,1.554,0,0.000,0.000,0.000,0.000,0.000,0.000,-0.156,0.009
807.41,0.470,0,0.881,1.553,0,0.000,0.000,0.000,0.000,0.000,0.000,-0.159,0.015
807.61,0.470,0,0.881,1.553,0,0.000,0.000,0.000,0.000,0.000,0.000,-0.157,0.019
807.81,0.474,0,0.881,1.553,0,0.000,0.000,0.000,0.000,0.000,0.000,-0.157,0.019
808.01,0.470,0,0.875,1.550,0,0.000,0.000,0.000,0.000,0.000,0.000,-0.150,0.003
808.21,0.475,0,0.875,1.550,0,0.000,0.000,0.000,0.000,0.000,0.000,-0.155,0.006
808.41,0.106,0,0.875,1.552,0,0.000,0.000,0.000,0.000,0.000,0.000,-0.158,0.015
808.61,0.106,0,0.875,1.552,0,0.000,0.000,0.000,0.000,0.000,0.000,-0.152,0.013
808.81,0.479,0,0.875,1.552,0,0.000,0.000,0.000,0.000,0.000,0.000,-0.152,0.013
809.01,0.470,0,0.876,1.551,0,0.000,0.000,0.000,0.000,0.000,0.000,-0.144,-0.003
809.21,0.479,0,0.876,1.551,0,0.000,0.000,0.000,0.000,0.000,0.000,-0.147,0.002
809.41,0.479,0,0.873,1.552,0,0.000,0.000,0.000,0.000,0.000,0.000,-0.157,0.017
809.61,0.486,0,0.873,1.552,0,0.000,0.000,0.000,0.000,0.000,0.000,-0.157,0.017
809.81,0.481,0,0.873,1.552,0,0.000,0.000,0.000,0.000,0.000,0.000,-0.150,0.011
810.01,0.481,0,0.873,1.552,0,0.000,0.000,0.000,0.000,0.000,0.000,-0.154,0.010
810.21,0.475,0,0.873,1.552,0,0.000,0.000,0.000,0.000,0.000,0.000,-0.150,0.004
810.41,0.475,0,0.880,1.544,0,0.000,0.000,0.000,0.000,0.000,0.000,-0.156,0.011
810.61,0.106,0,0.880,1.544,0,0.000,0.000,0.000,0.000,0.000,0.000,-0.156,0.011
810.81,0.470,0,0.880,1.544,0,0.000,0.000,0.000,0.000,0.000,0.000,-0.149,0.000
811.01,0.756,0,0.881,1.556,0,0.000,0.000,0.000,0.000,0.000,0.000,-0.165,0.023
811.21,0.756,0,0.881,1.556,0,0.000,0.000,0.000,0.000,0.000,0.000,-0.158,0.014
811.41,0.488,0,0.881,1.552,0,0.000,0.000,0.000,0.000,0.000,0.000,-0.158,0.014
811.61,0.757,0,0.881,1.552,0,0.000,0.000,0.000,0.000,0.000,0.000,-0.148,0.003
811.81,0.474,0,0.881,1.552,0,0.000,0.000,0.000,0.000,0.000,0.000,-0.150,0.006
812.01,0.474,0,0.886,1.553,0,0.000,0.000,0.000,0.000,0.000,0.000,-0.147,0.003
812.21,0.470,0,0.886,1.553,0,0.000,0.000,0.000,0.000,0.000,0.000,-0.148,0.001
812.41,0.470,0,0.881,1.549,0,0.000,0.000,0.000,0.000,0.000,0.000,-0.148,0.001
812.61,0.477,0,0.881,1.549,0,0.000,0.000,0.000,0.000,0.000,0.000,-0.149,0.005
812.81,0.477,0,0.881,1.549,0,0.000,0.000,0.000,0.000,0.000,0.000,-0.157,0.008
813.01,0.477,0,0.875,1.554,0,0.000,0.000,0.000,0.000,0.000,0.000,-0.158,0.015
813.21,0.470,0,0.875,1.554,0,0.000,0.000,0.000,0.000,0.000,0.000,-0.158,0.015
813.41,0.470,0,0.885,1.550,0,0.000,0.000,0.000,0.000,0.000,0.000,-0.157,0.017
813.61,0.105,0,0.885,1.550,0,0.000,0.000,0.000,0.000,0.000,0.000,-0.159,0.009
813.81,0.105,0,0.885,1.550,0,0.000,0.000,0.000,0.000,0.000,0.000,-0.155,0.009
814.01,0.486,0,0.878,1.557,0,0.000,0.000,0.000,0.000,0.000,0.000,-0.155,0.009
814.21,0.484,0,0.878,1.557,0,0.000,0.000,0.000,0.000,0.000,0.000,-0.159,0.009
814.41,0.475,0,0.873,1.552,0,0.000,0.000,0.000,0.000,0.000,0.000,-0.152,0.006
814.61,0.475,0,0.873,1.552,0,0.000,0.000,0.000,0.000,0.000,0.000,-0.151,0.006
814.81,0.475,0,0.873,1.552,0,0.000,0.000,0.000,0.000,0.000,0.000,-0.143,0.003
815.01,0.470,0,0.881,1.552,0,0.000,0.000,0.000,0.000,0.000,0.000,-0.143,0.003
815.21,0.477,0,0.881,1.552,0,0.000,0.000,0.000,0.000,0.000,0.000,-0.151,0.005
815.41,0.470,0,0.873,1.557,0,0.000,0.000,0.000,0.000,0.000,0.000,-0.151,0.002
815.61,0.470,0,0.873,1.557,0,0.000,0.000,0.000,0.000,0.000,0.000,-0.151,0.007
815.81,0.488,0,0.873,1.557,0,0.000,0.000,0.000,0.000,0.000,0.000,-0.151,0.007
816.01,0.477,0,0.878,1.555,0,0.000,0.000,0.000,0.000,0.000,0.000,-0.152,0.004
816.21,0.474,0,0.878,1.555,0,0.000,0.000,0.000,0.000,0.000,0.000,-0.153,0.012
816.41,0.481,0,0.882,1.553,0,0.000,0.000,0.000,0.000,0.000,0.000,-0.149,0.002
816.61,0.481,0,0.882,1.553,0,0.000,0.000,0.000,0.000,0.000,0.000,-0.149,0.002
816.81,0.479,0,0.882,1.553,0,0.000,0.000,0.000,0.000,0.000,0.000,-0.152,0.007
817.01,0.477,0,0.874,1.552,0,0.000,0.000,0.000,0.000,0.000,0.000,-0.153,0.006
817.21,0.477,0,0.874,1.552,0,0.000,0.000,0.000,0.000,0.000,0.000,-0.152,0.005
817.41,0.477,0,0.875,1.552,0,0.000,0.000,0.000,0.000,0.000,0.000,-0.155,0.004
817.61,0.477,0,0.875,1.552,0,0.000,0.000,0.000,0.000,0.000,0.000,-0.155,0.004
817.81,0.474,0,0.875,1.552,0,0.000,0.000,0.000,0.000,0.000,0.000,-0.150,0.006
818.01,0.475,0,0.882,1.553,0,0.000,0.000,0.000,0.000,0.000,0.000,-0.156,0.007
818.21,0.475,0,0.882,1.553,0,0.000,0.000,0.000,0.000,0.000,0.000,-0.156,0.006
818.41,0.482,0,0.880,1.553,0,0.000,0.000,0.000,0.000,0.000,0.000,-0.156,0.006
818.61,0.479,0,0.880,1.553,0,0.000,0.000,0.000,0.000,0.000,0.000,-0.151,0.002
818.81,0.470,0,0.880,1.553,0,0.000,0.000,0.000,0.000,0.000,0.000,-0.149,0.006
819.01,0.474,0,0.881,1.553,0,0.000,0.000,0.000,0.000,0.000,0.000,-0.152,0.005
819.21,0.474,0,0.881,1.553,0,0.000,0.000,0.000,0.000,0.000,0.000,-0.152,0.005
819.41,0.470,0,0.875,1.553,0,0.000,0.000,0.000,0.000,0.000,0.000,-0.152,0.005
819.61,0.472,0,0.875,1.553,0,0.000,0.000,0.000,0.000,0.000,0.000,-0.147,0.001
819.81,0.756,0,0.875,1.553,0,0.000,0.000,0.000,0.000,0.000,0.000,-0.154,0.012
820.01,0.756,0,0.876,1.555,0,0.000,0.000,0.000,0.000,0.000,0.000,-0.150,0.004
820.21,0.757,0,0.876,1.555,0,0.000,0.000,0.000,0.000,0.000,0.000,-0.150,0.004
820.41,0.756,0,0.882,1.551,0,0.000,0.000,0.000,0.000,0.000,0.000,-0.155,0.004
820.61,0.474,0,0.882,1.551,0,0.000,0.000,0.000,0.000,0.000,0.000,-0.152,0.005
820.81,0.756,0,0.882,1.551,0,0.000,0.000,0.000,0.000,0.000,0.000,-0.149,0.007
821.01,0.756,0,0.880,1.554,0,0.000,0.000,0.000,0.000,0.000,0.000,-0.152,0.003
821.21,0.470,0,0.880,1.554,0,0.000,0.000,0.000,0.000,0.000,0.000,-0.152,0.003
821.41,0.475,0,0.877,1.554,0,0.000,0.000,0.000,0.000,0.000,0.000,-0.153,0.005
821.61,0.477,0,0.877,1.554,0,0.000,0.000,0.000,0.000,0.000,0.000,-0.151,0.005
821.81,0.477,0,0.877,1.554,0,0.000,0.000,0.000,0.000,0.000,0.000,-0.150,0.010
822.01,0.470,0,0.873,1.555,0,0.000,0.000,0.000,0.000,0.000,0.000,-0.150,0.010
822.21,0.479,0,0.873,1.555,0,0.000,0.000,0.000,0.000,0.000,0.000,-0.155,0.007
822.41,0.488,0,0.877,1.549,0,0.000,0.000,0.000,0.000,0.000,0.000,-0.157,0.007
822.61,0.488,0,0.877,1.549,0,0.000,0.000,0.000,0.000,0.000,0.000,-0.153,0.008
822.81,0.470,0,0.877,1.549,0,0.000,0.000,0.000,0.000,0.000,0.000,-0.150,0.008
823.01,0.472,0,0.876,1.555,0,0.000,0.000,0.000,0.000,0.000,0.000,-0.150,0.008
823.21,0.759,0,0.876,1.555,0,0.000,0.000,0.000,0.000,0.000,0.000,-0.155,0.006
823.41,0.479,0,0.881,1.552,0,0.000,0.000,0.000,0.000,0.000,0.000,-0.152,0.009
823.61,0.479,0,0.881,1.552,0,0.000,0.000,0.000,0.000,0.000,0.000,-0.157,0.005
823.81,0.474,0,0.881,1.552,0,0.000,0.000,0.000,0.000,0.000,0.000,-0.157,0.005
824.01,0.470,0,0.875,1.554,0,0.000,0.000,0.000,0.000,0.000,0.000,-0.149,0.009
824.21,0.475,0,0.875,1.554,0,0.000,0.000,0.000,0.000,0.000,0.000,-0.153,0.004
824.41,0.475,0,0.872,1.554,0,0.000,0.000,0.000,0.000,0.000,0.000,-0.155,0.004
824.61,0.470,0,0.872,1.554,0,0.000,0.000,0.000,0.000,0.000,0.000,-0.155,0.004
824.81,0.477,0,0.872,1.554,0,0.000,0.000,0.000,0.000,0.000,0.000,-0.149,0.007
825.01,0.474,0,0.876,1.554,0,0.000,0.000,0.000,0.000,0.000,0.000,-0.151,0.004
825.21,0.486,0,0.876,1.554,0,0.000,0.000,0.000,0.000,0.000,0.000,-0.152,0.010
825.41,0.486,0,0.878,1.551,0,0.000,0.000,0.000,0.000,0.000,0.000,-0.153,0.007
825.61,0.472,0,0.878,1.551,0,0.000,0.000,0.000,0.000,0.000,0.000,-0.153,0.007
825.81,0.470,0,0.878,1.551,0,0.000,0.000,0.000,0.000,0.000,0.000,-0.150,0.008
826.01,0.475,0,0.874,1.548,0,0.000,0.000,0.000,0.000,0.000,0.000,-0.156,0.004
826.21,0.475,0,0.874,1.548,0,0.000,0.000,0.000,0.000,0.000,0.000,-0.150,0.006
826.41,0.475,0,0.882,1.553,0,0.000,0.000,0.000,0.000,0.000,0.000,-0.150,0.006
826.61,0.475,0,0.882,1.553,0,0.000,0.000,0.000,0.000,0.000,0.000,-0.152,0.004
826.81,0.474,0,0.882,1.553,0,0.000,0.000,0.000,0.000,0.000,0.000,-0.151,0.006
827.01,0.477,0,0.874,1.552,0,0.000,0.000,0.000,0.000,0.000,0.000,-0.154,0.008
827.21,0.477,0,0.874,1.552,0,0.000,0.000,0.000,0.000,0.000,0.000,-0.154,0.006
827.41,0.479,0,0.876,1.554,0,0.000,0.000,0.000,0.000,0.000,0.000,-0.154,0.006
827.61,0.486,0,0.876,1.554,0,0.000,0.000,0.000,0.000,0.000,0.000,-0.153,0.012
827.81,0.482,0,0.876,1.554,0,0.000,0.000,0.000,0.000,0.000,0.000,-0.151,0.002
828.01,0.482,0,0.876,1.551,0,0.000,0.000,0.000,0.000,0.000,0.000,-0.152,0.005
828.21,0.475,0,0.876,1.551,0,0.000,0.000,0.000,0.000,0.000,0.000,-0.152,0.005
828.41,0.475,0,0.877,1.553,0,0.000,0.000,0.000,0.000,0.000,0.000,-0.152,0.008
828.61,0.479,0,0.877,1.553,0,0.000,0.000,0.000,0.000,0.000,0.000,-0.148,0.008
828.81,0.479,0,0.877,1.553,0,0.000,0.000,0.000,0.000,0.000,0.000,-0.158,0.001
829.01,0.479,0,0.873,1.555,0,0.000,0.000,0.000,0.000,0.000,0.000,-0.158,0.001
829.21,0.472,0,0.873,1.555,0,0.000,0.000,0.000,0.000,0.000,0.000,-0.150,0.003
829.41,0.470,0,0.877,1.549,0,0.000,0.000,0.000,0.000,0.000,0.000,-0.154,0.008
829.61,0.470,0,0.877,1.549,0,0.000,0.000,0.000,0.000,0.000,0.000,-0.151,0.003
829.81,0.470,0,0.877,1.549,0,0.000,0.000,0.000,0.000,0.000,0.000,-0.151,0.002
830.01,0.484,0,0.876,1.554,0,0.000,0.000,0.000,0.000,0.000,0.000,-0.151,0.002
830.21,0.474,0,0.876,1.554,0,0.000,0.000,0.000,0.000,0.000,0.000,-0.149,0.006
830.41,0.472,0,0.884,1.553,0,0.000,0.000,0.000,0.000,0.000,0.000,-0.147,0.010
830.61,0.472,0,0.884,1.553,0,0.000,0.000,0.000,0.000,0.000,0.000,-0.153,0.003
830.81,0.474,0,0.884,1.553,0,0.000,0.000,0.000,0.000,0.000,0.000,-0.153,0.003
831.01,0.477,0,0.876,1.553,0,0.000,0.000,0.000,0.000,0.000,0.000,-0.155,0.015
831.21,0.470,0,0.876,1.553,0,0.000,0.000,0.000,0.000,0.000,0.000,-0.149,0.005
831.41,0.470,0,0.873,1.552,0,0.000,0.000,0.000,0.000,0.000,0.000,-0.149,0.014
831.61,0.470,0,0.873,1.552,0,0.000,0.000,0.000,0.000,0.000,0.000,-0.152,0.003
831.81,0.472,0,0.873,1.552,0,0.000,0.000,0.000,0.000,0.000,0.000,-0.152,0.003
832.01,0.475,0,0.882,1.552,0,0.000,0.000,0.000,0.000,0.000,0.000,-0.148,0.001
832.21,0.470,0,0.882,1.552,0,0.000,0.000,0.000,0.000,0.000,0.000,-0.153,0.005
832.41,0.470,0,0.875,1.553,0,0.000,0.000,0.000,0.000,0.000,0.000,-0.153,0.010
832.61,0.475,0,0.875,1.553,0,0.000,0.000,0.000,0.000,0.000,0.000,-0.153,0.010
                                                                                                                                                                                                                                                                                                                                                                                                                                                                                                                                                                                                                                                                                                                                                                                                                                                                                                                                                                                                                                                                                                                                                                                                                                                                                                                                                                                                                                                                                                                                                                                                                                                                                                                                                                                                                                                                                                                                                                                                                                                                                                                                                                                                                                                                                                                                                                                                                                                                              