t,min_range,blocked,lidar_range,camera_range,agree,cmd_in_vx,cmd_in_vy,cmd_in_wz,cmd_out_vx,cmd_out_vy,cmd_out_wz,odom_x,odom_y
0.21,nan,0,nan,nan,0,0.000,0.000,0.000,0.000,0.000,0.000,0.000,0.000
0.42,nan,0,nan,nan,0,0.000,0.000,0.000,0.000,0.000,0.000,0.000,0.000
0.61,nan,0,nan,nan,0,0.000,0.000,0.000,0.000,0.000,0.000,0.000,0.000
0.81,nan,0,nan,nan,0,0.000,0.000,0.000,0.000,0.000,0.000,0.000,0.000
1.01,nan,0,nan,nan,0,0.000,0.000,0.000,0.000,0.000,0.000,0.000,0.000
1.21,nan,0,nan,nan,0,0.000,0.000,0.000,0.000,0.000,0.000,0.000,0.000
1.41,nan,0,nan,nan,0,0.000,0.000,0.000,0.000,0.000,0.000,0.000,0.000
1.61,nan,0,nan,nan,0,0.000,0.000,0.000,0.000,0.000,0.000,0.000,0.000
1.81,nan,0,nan,nan,0,0.000,0.000,0.000,0.000,0.000,0.000,0.000,0.000
2.01,0.227,0,nan,nan,0,0.000,0.000,0.000,0.000,0.000,0.000,0.000,0.000
2.21,0.227,0,nan,nan,0,0.000,0.000,0.000,0.000,0.000,0.000,0.000,-0.005
2.41,0.229,0,nan,nan,0,0.000,0.000,0.000,0.000,0.000,0.000,-0.004,-0.004
2.62,0.229,0,nan,nan,0,0.000,0.000,0.000,0.000,0.000,0.000,-0.004,-0.004
2.81,0.228,0,nan,nan,0,0.000,0.000,0.000,0.000,0.000,0.000,-0.001,-0.003
3.01,0.228,0,nan,nan,0,0.000,0.000,0.000,0.000,0.000,0.000,-0.001,-0.003
3.21,0.228,0,nan,nan,0,0.000,0.000,0.000,0.000,0.000,0.000,-0.004,-0.004
3.41,0.228,0,nan,nan,0,0.000,0.000,0.000,0.000,0.000,0.000,-0.004,-0.004
3.62,0.228,0,3.189,1.092,0,0.000,0.000,0.000,0.000,0.000,0.000,-0.004,-0.000
3.81,0.229,0,3.189,1.092,0,0.000,0.000,0.000,0.000,0.000,0.000,-0.000,-0.001
4.02,0.232,0,3.189,1.092,0,0.000,0.000,0.000,0.000,0.000,0.000,-0.003,-0.002
4.21,0.228,0,3.175,0.466,0,0.000,0.000,0.000,0.000,0.000,0.000,-0.001,-0.003
4.41,0.228,0,3.175,0.466,0,0.000,0.000,0.000,0.000,0.000,0.000,-0.001,-0.003
4.61,0.233,0,3.162,2.208,0,0.000,0.000,0.000,0.000,0.000,0.000,-0.004,0.001
4.81,0.232,0,3.162,2.208,0,0.000,0.000,0.000,0.000,0.000,0.000,-0.000,-0.005
5.01,0.234,0,3.162,2.208,0,0.000,0.000,0.000,0.000,0.000,0.000,-0.001,-0.007
5.21,0.234,0,3.163,2.214,0,0.000,0.000,0.000,0.000,0.000,0.000,-0.001,-0.007
5.41,0.228,0,3.163,2.214,0,0.000,0.000,0.000,0.000,0.000,0.000,-0.000,-0.003
5.61,0.227,0,3.173,2.217,0,0.000,0.000,0.000,0.000,0.000,0.000,-0.001,-0.003
5.81,0.229,0,3.173,2.217,0,0.000,0.000,0.000,0.000,0.000,0.000,-0.001,-0.003
6.01,0.229,0,3.173,2.217,0,0.000,0.000,0.000,0.000,0.000,0.000,-0.001,-0.003
6.21,0.228,0,3.177,2.232,0,0.000,0.000,0.000,0.000,0.000,0.000,0.001,-0.005
6.41,0.229,0,3.177,2.232,0,0.000,0.000,0.000,0.000,0.000,0.000,-0.001,0.001
6.61,0.231,0,3.189,2.196,0,0.000,0.000,0.000,0.000,0.000,0.000,-0.001,-0.002
6.81,0.233,0,3.189,2.196,0,0.000,0.000,0.000,0.000,0.000,0.000,0.001,-0.005
7.01,0.233,0,3.189,2.196,0,0.000,0.000,0.000,0.000,0.000,0.000,0.001,-0.005
7.21,0.234,0,3.193,2.236,0,0.000,0.000,0.000,0.000,0.000,0.000,-0.001,-0.000
7.41,0.183,0,3.193,2.236,0,0.000,0.000,0.000,0.000,0.000,0.000,-0.000,-0.001
7.61,0.209,0,3.160,2.212,0,0.000,0.000,0.000,0.000,0.000,0.000,-0.001,-0.002
7.81,0.209,0,3.160,2.212,0,0.000,0.000,0.000,0.000,0.000,0.000,-0.002,-0.005
8.01,0.228,0,3.160,2.212,0,0.000,0.000,0.000,0.000,0.000,0.000,-0.002,-0.005
8.21,0.210,0,0.534,2.218,0,0.000,0.000,0.000,0.000,0.000,0.000,-0.003,-0.002
8.41,0.218,0,0.534,2.218,0,0.000,0.000,0.000,0.000,0.000,0.000,-0.002,-0.000
8.61,0.115,0,0.482,0.997,0,0.000,0.000,0.000,0.000,0.000,0.000,-0.003,-0.003
8.81,0.115,0,0.482,0.997,0,0.000,0.000,0.000,0.000,0.000,0.000,-0.003,-0.003
9.01,0.229,0,0.482,0.997,0,0.000,0.000,0.000,0.000,0.000,0.000,-0.005,-0.005
9.21,0.116,0,0.423,2.205,0,0.000,0.000,0.000,0.000,0.000,0.000,-0.002,-0.001
9.41,0.116,0,0.423,2.205,0,0.000,0.000,0.000,0.000,0.000,0.000,-0.002,-0.004
9.61,0.116,0,0.420,2.232,0,0.000,0.000,0.000,0.000,0.000,0.000,-0.000,-0.004
9.81,0.116,0,0.420,2.232,0,0.000,0.000,0.000,0.000,0.000,0.000,-0.000,-0.004
10.01,0.228,0,0.420,2.232,0,0.000,0.000,0.000,0.000,0.000,0.000,-0.002,-0.006
10.21,0.227,0,0.422,0.989,0,0.000,0.000,0.000,0.000,0.000,0.000,-0.001,-0.002
10.41,0.115,0,0.422,0.989,0,0.000,0.000,0.000,0.000,0.000,0.000,-0.002,-0.002
10.61,0.115,0,0.436,2.224,0,0.000,0.000,0.000,0.000,0.000,0.000,-0.002,-0.002
10.81,0.232,0,0.436,2.224,0,0.000,0.000,0.000,0.000,0.000,0.000,-0.004,-0.001
11.01,0.228,0,0.436,2.224,0,0.000,0.000,0.000,0.000,0.000,0.000,0.002,0.003
11.21,0.229,0,0.503,2.217,0,0.000,0.000,0.000,0.000,0.000,0.000,0.000,-0.001
11.41,0.229,0,0.503,2.217,0,0.000,0.000,0.000,0.000,0.000,0.000,0.000,-0.001
11.61,0.227,0,0.506,2.204,0,0.000,0.000,0.000,0.000,0.000,0.000,0.002,0.000
11.81,0.115,0,0.506,2.204,0,0.000,0.000,0.000,0.000,0.000,0.000,0.001,-0.006
12.01,0.228,0,0.506,2.204,0,0.000,0.000,0.000,0.000,0.000,0.000,-0.002,-0.000
12.21,0.115,0,0.514,2.233,0,0.000,0.000,0.000,0.000,0.000,0.000,0.001,-0.005
12.41,0.115,0,0.514,2.233,0,0.000,0.000,0.000,0.000,0.000,0.000,0.001,-0.005
12.61,0.115,0,0.517,2.212,0,0.000,0.000,0.000,0.000,0.000,0.000,0.002,-0.002
12.81,0.116,0,0.517,2.212,0,0.000,0.000,0.000,0.000,0.000,0.000,-0.000,-0.001
13.01,0.115,0,0.517,2.212,0,0.000,0.000,0.000,0.000,0.000,0.000,0.004,-0.002
13.22,0.115,0,0.518,2.195,0,0.000,0.000,0.000,0.000,0.000,0.000,0.004,-0.002
13.41,0.115,0,0.518,2.195,0,0.000,0.000,0.000,0.000,0.000,0.000,0.001,0.003
13.61,0.116,0,0.522,2.197,0,0.000,0.000,0.000,0.000,0.000,0.000,0.004,-0.006
13.81,0.116,0,0.522,2.197,0,0.000,0.000,0.000,0.000,0.000,0.000,0.002,0.003
14.01,0.115,0,0.522,2.197,0,0.000,0.000,0.000,0.000,0.000,0.000,0.004,-0.002
14.21,0.115,0,0.518,0.988,0,0.000,0.000,0.000,0.000,0.000,0.000,0.004,-0.002
14.41,0.115,0,0.518,0.988,0,0.000,0.000,0.000,0.000,0.000,0.000,0.005,0.002
14.61,0.164,0,0.522,0.984,0,0.000,0.000,0.000,0.000,0.000,0.000,-0.001,-0.008
14.81,0.169,0,0.522,0.984,0,0.000,0.000,0.000,0.000,0.000,0.000,0.000,-0.001
15.01,0.170,0,0.522,0.984,0,0.000,0.000,0.000,0.000,0.000,0.000,0.001,0.006
15.21,0.170,0,0.474,2.202,0,0.000,0.000,0.000,0.000,0.000,0.000,0.001,0.006
15.41,0.115,0,0.474,2.202,0,0.000,0.000,0.000,0.000,0.000,0.000,0.001,0.005
15.61,0.227,0,0.463,2.222,0,0.000,0.000,0.000,0.000,0.000,0.000,-0.001,0.005
15.81,0.229,0,0.463,2.222,0,0.000,0.000,0.000,0.000,0.000,0.000,0.001,-0.002
16.01,0.229,0,0.463,2.222,0,0.000,0.000,0.000,0.000,0.000,0.000,0.001,-0.002
16.21,0.227,0,0.461,2.197,0,0.000,0.000,0.000,0.000,0.000,0.000,-0.001,0.001
16.41,0.230,0,0.461,2.197,0,0.000,0.000,0.000,0.000,0.000,0.000,0.001,-0.001
16.61,0.227,0,0.453,2.184,0,0.000,0.000,0.000,0.000,0.000,0.000,0.000,0.006
16.81,0.227,0,0.453,2.184,0,0.000,0.000,0.000,0.000,0.000,0.000,-0.000,0.002
17.01,0.227,0,0.453,2.184,0,0.000,0.000,0.000,0.000,0.000,0.000,-0.000,0.002
17.21,0.230,0,0.451,2.191,0,0.000,0.000,0.000,0.000,0.000,0.000,0.001,-0.000
17.41,0.227,0,0.451,2.191,0,0.000,0.000,0.000,0.000,0.000,0.000,0.001,-0.003
17.61,0.228,0,0.450,2.183,0,0.000,0.000,0.000,0.000,0.000,0.000,-0.003,0.006
17.81,0.228,0,0.450,2.183,0,0.000,0.000,0.000,0.000,0.000,0.000,-0.003,0.006
18.01,0.229,0,0.450,2.183,0,0.000,0.000,0.000,0.000,0.000,0.000,-0.003,-0.004
18.21,0.229,0,0.456,1.019,0,0.000,0.000,0.000,0.000,0.000,0.000,-0.003,0.000
18.41,0.233,0,0.456,1.019,0,0.000,0.000,0.000,0.000,0.000,0.000,-0.001,0.001
18.61,0.228,0,0.458,0.998,0,0.000,0.000,0.000,0.000,0.000,0.000,-0.001,-0.001
18.81,0.228,0,0.458,0.998,0,0.000,0.000,0.000,0.000,0.000,0.000,-0.001,-0.001
19.02,0.228,0,0.458,0.998,0,0.000,0.000,0.000,0.000,0.000,0.000,-0.002,-0.002
19.21,0.230,0,0.453,0.991,0,0.000,0.000,0.000,0.000,0.000,0.000,-0.000,0.012
19.41,0.233,0,0.453,0.991,0,0.000,0.000,0.000,0.000,0.000,0.000,-0.006,0.008
19.61,0.233,0,0.428,1.083,0,0.000,0.000,0.000,0.000,0.000,0.000,-0.006,0.008
19.81,0.229,0,0.428,1.083,0,0.000,0.000,0.000,0.000,0.000,0.000,-0.004,-0.004
20.01,0.228,0,0.428,1.083,0,0.000,0.000,0.000,0.000,0.000,0.000,-0.001,-0.003
20.22,0.228,0,0.444,1.084,0,0.000,0.000,0.000,0.000,0.000,0.000,-0.001,-0.009
20.41,0.228,0,0.444,1.084,0,0.000,0.000,0.000,0.000,0.000,0.000,-0.001,-0.005
20.61,0.228,0,0.458,0.925,0,0.000,0.000,0.000,0.000,0.000,0.000,-0.001,-0.005
20.82,0.228,0,0.458,0.925,0,0.000,0.000,0.000,0.000,0.000,0.000,-0.006,-0.011
21.01,0.228,0,0.458,0.925,0,0.000,0.000,0.000,0.000,0.000,0.000,-0.004,-0.006
21.21,0.229,0,0.437,2.209,0,0.000,0.000,0.000,0.000,0.000,0.000,-0.006,-0.005
21.41,0.229,0,0.437,2.209,0,0.000,0.000,0.000,0.000,0.000,0.000,-0.006,-0.005
21.62,0.115,0,0.424,1.641,0,0.000,0.000,0.000,0.000,0.000,0.000,-0.005,-0.004
21.82,0.116,0,0.424,1.641,0,0.000,0.000,0.000,0.000,0.000,0.000,-0.001,-0.005
22.01,0.229,0,0.424,1.641,0,0.000,0.000,0.000,0.000,0.000,0.000,-0.002,-0.002
22.21,0.228,0,0.431,2.215,0,0.000,0.000,0.000,0.000,0.000,0.000,-0.006,-0.004
22.41,0.228,0,0.431,2.215,0,0.000,0.000,0.000,0.000,0.000,0.000,-0.006,-0.004
22.61,0.115,0,0.416,1.469,0,0.000,0.000,0.000,0.000,0.000,0.000,-0.001,-0.008
22.81,0.115,0,0.416,1.469,0,0.000,0.000,0.000,0.000,0.000,0.000,-0.004,-0.005
23.01,0.228,0,0.416,1.469,0,0.000,0.000,0.000,0.000,0.000,0.000,-0.007,-0.010
23.21,0.228,0,0.412,1.040,0,0.000,0.000,0.000,0.000,0.000,0.000,-0.007,-0.010
23.41,0.232,0,0.412,1.040,0,0.000,0.000,0.000,0.000,0.000,0.000,-0.008,-0.005
23.62,0.228,0,0.370,1.053,0,0.000,0.000,0.000,0.000,0.000,0.000,-0.008,-0.007
23.81,0.234,0,0.370,1.053,0,0.000,0.000,0.000,0.000,0.000,0.000,-0.007,-0.006
24.01,0.228,0,0.370,1.053,0,0.000,0.000,0.000,0.000,0.000,0.000,-0.003,-0.001
24.21,0.228,0,0.378,2.222,0,0.000,0.000,0.000,0.000,0.000,0.000,-0.003,-0.001
24.41,0.234,0,0.378,2.222,0,0.000,0.000,0.000,0.000,0.000,0.000,-0.002,-0.001
24.61,0.228,0,0.399,2.201,0,0.000,0.000,0.000,0.000,0.000,0.000,-0.003,-0.003
24.81,0.117,0,0.399,2.201,0,0.000,0.000,0.000,0.000,0.000,0.000,-0.005,-0.010
25.01,0.117,0,0.399,2.201,0,0.000,0.000,0.000,0.000,0.000,0.000,-0.005,-0.010
25.21,0.116,0,0.487,2.225,0,0.000,0.000,0.000,0.000,0.000,0.000,-0.004,-0.005
25.41,0.228,0,0.487,2.225,0,0.000,0.000,0.000,0.000,0.000,0.000,-0.003,-0.006
25.61,0.229,0,0.492,2.210,0,0.000,0.000,0.000,0.000,0.000,0.000,-0.002,-0.007
25.81,0.228,0,0.492,2.210,0,0.000,0.000,0.000,0.000,0.000,0.000,0.001,-0.010
26.01,0.228,0,0.492,2.210,0,0.000,0.000,0.000,0.000,0.000,0.000,0.001,-0.010
26.21,0.233,0,0.549,2.190,0,0.000,0.000,0.000,0.000,0.000,0.000,-0.004,0.001
26.41,0.229,0,0.549,2.190,0,0.000,0.000,0.000,0.000,0.000,0.000,0.002,-0.002
26.61,0.115,0,0.574,1.738,0,0.000,0.000,0.000,0.000,0.000,0.000,0.000,-0.000
26.81,0.115,0,0.574,1.738,0,0.000,0.000,0.000,0.000,0.000,0.000,0.000,-0.000
27.01,0.116,0,0.574,1.738,0,0.000,0.000,0.000,0.000,0.000,0.000,-0.001,-0.000
27.21,0.116,0,0.580,2.191,0,0.000,0.000,0.000,0.000,0.000,0.000,-0.002,-0.005
27.41,0.116,0,0.580,2.191,0,0.000,0.000,0.000,0.000,0.000,0.000,0.001,-0.005
27.61,0.115,0,3.141,2.192,0,0.000,0.000,0.000,0.000,0.000,0.000,0.004,-0.006
27.81,0.115,0,3.141,2.192,0,0.000,0.000,0.000,0.000,0.000,0.000,0.004,-0.006
28.02,0.115,0,3.141,2.192,0,0.000,0.000,0.000,0.000,0.000,0.000,-0.005,-0.005
28.21,0.114,0,3.201,2.199,0,0.000,0.000,0.000,0.000,0.000,0.000,-0.006,-0.004
28.41,0.114,0,3.201,2.199,0,0.000,0.000,0.000,0.000,0.000,0.000,-0.005,-0.003
28.61,0.114,0,3.196,2.209,0,0.000,0.000,0.000,0.000,0.000,0.000,-0.005,-0.003
28.81,0.115,0,3.196,2.209,0,0.000,0.000,0.000,0.000,0.000,0.000,-0.005,-0.006
29.01,0.116,0,3.196,2.209,0,0.000,0.000,0.000,0.000,0.000,0.000,-0.005,-0.001
29.21,0.116,0,0.494,1.024,0,0.000,0.000,0.000,0.000,0.000,0.000,-0.002,-0.002
29.41,0.115,0,0.494,1.024,0,0.000,0.000,0.000,0.000,0.000,0.000,0.003,-0.006
29.61,0.115,0,0.352,0.995,0,0.000,0.000,0.000,0.000,0.000,0.000,0.003,-0.006
29.81,0.115,0,0.352,0.995,0,0.000,0.000,0.000,0.000,0.000,0.000,-0.006,-0.005
30.02,0.116,0,0.352,0.995,0,0.000,0.000,0.000,0.000,0.000,0.000,-0.006,-0.001
30.21,0.116,0,0.343,2.203,0,0.000,0.000,0.000,0.000,0.000,0.000,-0.005,-0.009
30.41,0.116,0,0.343,2.203,0,0.000,0.000,0.000,0.000,0.000,0.000,-0.005,-0.009
30.61,0.115,0,0.348,2.147,0,0.000,0.000,0.000,0.000,0.000,0.000,-0.004,-0.009
30.81,0.115,0,0.348,2.147,0,0.000,0.000,0.000,0.000,0.000,0.000,-0.009,-0.003
31.01,0.114,0,0.348,2.147,0,0.000,0.000,0.000,0.000,0.000,0.000,-0.007,0.004
31.21,0.115,0,0.161,2.212,0,0.000,0.000,0.000,0.000,0.000,0.000,-0.009,-0.003
31.41,0.115,0,0.161,2.212,0,0.000,0.000,0.000,0.000,0.000,0.000,-0.009,-0.003
31.61,0.115,0,0.361,2.207,0,0.000,0.000,0.000,0.000,0.000,0.000,-0.009,-0.005
31.81,0.115,0,0.361,2.207,0,0.000,0.000,0.000,0.000,0.000,0.000,-0.011,-0.007
32.01,0.116,0,0.361,2.207,0,0.000,0.000,0.000,0.000,0.000,0.000,-0.004,-0.009
32.21,0.116,0,0.385,2.187,0,0.000,0.000,0.000,0.000,0.000,0.000,-0.004,-0.009
32.41,0.115,0,0.385,2.187,0,0.000,0.000,0.000,0.000,0.000,0.000,-0.003,-0.002
32.62,0.115,0,0.412,1.036,0,0.000,0.000,0.000,0.000,0.000,0.000,-0.005,-0.008
32.81,0.115,0,0.412,1.036,0,0.000,0.000,0.000,0.000,0.000,0.000,-0.005,0.003
33.01,0.116,0,0.412,1.036,0,0.000,0.000,0.000,0.000,0.000,0.000,-0.003,-0.002
33.21,0.116,0,0.430,2.212,0,0.000,0.000,0.000,0.000,0.000,0.000,-0.003,-0.002
33.41,0.115,0,0.430,2.212,0,0.000,0.000,0.000,0.000,0.000,0.000,-0.000,-0.005
33.61,0.115,0,0.391,2.201,0,0.000,0.000,0.000,0.000,0.000,0.000,-0.004,-0.004
33.81,0.115,0,0.391,2.201,0,0.000,0.000,0.000,0.000,0.000,0.000,-0.003,-0.001
34.02,0.115,0,0.391,2.201,0,0.000,0.000,0.000,0.000,0.000,0.000,-0.003,-0.001
34.21,0.115,0,0.406,2.210,0,0.000,0.000,0.000,0.000,0.000,0.000,-0.002,0.002
34.41,0.116,0,0.406,2.210,0,0.000,0.000,0.000,0.000,0.000,0.000,-0.001,-0.007
34.61,0.115,0,0.465,2.202,0,0.000,0.000,0.000,0.000,0.000,0.000,-0.006,0.001
34.81,0.115,0,0.465,2.202,0,0.000,0.000,0.000,0.000,0.000,0.000,-0.004,-0.000
35.01,0.115,0,0.465,2.202,0,0.000,0.000,0.000,0.000,0.000,0.000,-0.004,-0.000
35.21,0.115,0,0.475,0.998,0,0.000,0.000,0.000,0.000,0.000,0.000,-0.006,-0.004
35.41,0.115,0,0.475,0.998,0,0.000,0.000,0.000,0.000,0.000,0.000,-0.005,-0.001
35.61,0.115,0,0.390,2.210,0,0.000,0.000,0.000,0.000,0.000,0.000,-0.007,-0.000
35.81,0.115,0,0.390,2.210,0,0.000,0.000,0.000,0.000,0.000,0.000,-0.005,-0.002
36.01,0.115,0,0.390,2.210,0,0.000,0.000,0.000,0.000,0.000,0.000,-0.005,-0.002
36.21,0.228,0,0.377,2.209,0,0.000,0.000,0.000,0.000,0.000,0.000,0.001,-0.009
36.41,0.228,0,0.377,2.209,0,0.000,0.000,0.000,0.000,0.000,0.000,-0.002,-0.005
36.61,0.229,0,0.470,2.192,0,0.000,0.000,0.000,0.000,0.000,0.000,-0.003,-0.005
36.81,0.229,0,0.470,2.192,0,0.000,0.000,0.000,0.000,0.000,0.000,-0.003,-0.005
37.01,0.228,0,0.470,2.192,0,0.000,0.000,0.000,0.000,0.000,0.000,-0.008,-0.010
37.22,0.234,0,0.481,2.195,0,0.000,0.000,0.000,0.000,0.000,0.000,-0.001,-0.010
37.41,0.234,0,0.481,2.195,0,0.000,0.000,0.000,0.000,0.000,0.000,-0.006,-0.005
37.61,0.229,0,0.477,2.200,0,0.000,0.000,0.000,0.000,0.000,0.000,-0.005,-0.010
37.81,0.229,0,0.477,2.200,0,0.000,0.000,0.000,0.000,0.000,0.000,-0.005,-0.010
38.02,0.232,0,0.477,2.200,0,0.000,0.000,0.000,0.000,0.000,0.000,-0.004,-0.008
38.21,0.227,0,0.432,2.202,0,0.000,0.000,0.000,0.000,0.000,0.000,-0.009,-0.006
38.41,0.229,0,0.432,2.202,0,0.000,0.000,0.000,0.000,0.000,0.000,-0.006,-0.003
38.61,0.229,0,0.381,2.187,0,0.000,0.000,0.000,0.000,0.000,0.000,-0.006,-0.003
38.82,0.230,0,0.381,2.187,0,0.000,0.000,0.000,0.000,0.000,0.000,-0.010,-0.009
39.01,0.232,0,0.381,2.187,0,0.000,0.000,0.000,0.000,0.000,0.000,-0.002,-0.009
39.21,0.227,0,0.362,2.196,0,0.000,0.000,0.000,0.000,0.000,0.000,-0.002,-0.004
39.42,0.228,0,0.362,2.196,0,0.000,0.000,0.000,0.000,0.000,0.000,-0.002,-0.003
39.61,0.228,0,0.350,2.200,0,0.000,0.000,0.000,0.000,0.000,0.000,-0.002,-0.003
39.82,0.228,0,0.350,2.200,0,0.000,0.000,0.000,0.000,0.000,0.000,-0.007,-0.002
40.01,0.231,0,0.350,2.200,0,0.000,0.000,0.000,0.000,0.000,0.000,-0.005,-0.003
40.21,0.232,0,0.355,2.193,0,0.000,0.000,0.000,0.000,0.000,0.000,-0.010,-0.004
40.41,0.232,0,0.355,2.193,0,0.000,0.000,0.000,0.000,0.000,0.000,-0.010,-0.004
40.61,0.229,0,0.402,2.224,0,0.000,0.000,0.000,0.000,0.000,0.000,0.001,-0.008
40.81,0.231,0,0.402,2.224,0,0.000,0.000,0.000,0.000,0.000,0.000,-0.001,-0.009
41.01,0.228,0,0.402,2.224,0,0.000,0.000,0.000,0.000,0.000,0.000,-0.004,-0.004
41.22,0.227,0,0.405,2.209,0,0.000,0.000,0.000,0.000,0.000,0.000,-0.003,-0.008
41.41,0.227,0,0.405,2.209,0,0.000,0.000,0.000,0.000,0.000,0.000,-0.003,-0.008
41.61,0.232,0,0.454,2.208,0,0.000,0.000,0.000,0.000,0.000,0.000,-0.001,-0.014
41.81,0.232,0,0.454,2.208,0,0.000,0.000,0.000,0.000,0.000,0.000,-0.005,-0.014
42.01,0.227,0,0.454,2.208,0,0.000,0.000,0.000,0.000,0.000,0.000,-0.011,-0.009
42.21,0.227,0,0.522,2.227,0,0.000,0.000,0.000,0.000,0.000,0.000,-0.011,-0.009
42.41,0.228,0,0.522,2.227,0,0.000,0.000,0.000,0.000,0.000,0.000,-0.003,-0.009
42.61,0.227,0,0.514,2.200,0,0.000,0.000,0.000,0.000,0.000,0.000,-0.004,-0.012
42.81,0.229,0,0.514,2.200,0,0.000,0.000,0.000,0.000,0.000,0.000,-0.008,-0.016
43.01,0.117,0,0.514,2.200,0,0.000,0.000,0.000,0.000,0.000,0.000,-0.012,-0.007
43.22,0.117,0,0.529,1.949,0,0.000,0.000,0.000,0.000,0.000,0.000,-0.012,-0.007
43.42,0.116,0,0.529,1.949,0,0.000,0.000,0.000,0.000,0.000,0.000,-0.005,-0.007
43.61,0.228,0,0.511,2.200,0,0.000,0.000,0.000,0.000,0.000,0.000,-0.001,-0.008
43.81,0.115,0,0.511,2.200,0,0.000,0.000,0.000,0.000,0.000,0.000,-0.005,-0.010
44.01,0.115,0,0.511,2.200,0,0.000,0.000,0.000,0.000,0.000,0.000,-0.005,-0.010
44.21,0.229,0,0.510,1.053,0,0.000,0.000,0.000,0.000,0.000,0.000,-0.004,-0.003
44.41,0.228,0,0.510,1.053,0,0.000,0.000,0.000,0.000,0.000,0.000,-0.007,-0.010
44.61,0.228,0,0.464,2.189,0,0.000,0.000,0.000,0.000,0.000,0.000,-0.006,-0.010
44.82,0.227,0,0.464,2.189,0,0.000,0.000,0.000,0.000,0.000,0.000,-0.009,-0.007
45.01,0.227,0,0.464,2.189,0,0.000,0.000,0.000,0.000,0.000,0.000,-0.009,-0.007
45.21,0.228,0,0.405,2.186,0,0.000,0.000,0.000,0.000,0.000,0.000,0.002,-0.003
45.41,0.230,0,0.405,2.186,0,0.000,0.000,0.000,0.000,0.000,0.000,-0.012,-0.015
45.61,0.207,0,0.369,2.207,0,0.000,0.000,0.000,0.000,0.000,0.000,-0.006,-0.008
45.81,0.207,0,0.369,2.207,0,0.000,0.000,0.000,0.000,0.000,0.000,-0.006,-0.008
46.01,0.229,0,0.369,2.207,0,0.000,0.000,0.000,0.000,0.000,0.000,-0.006,-0.005
46.21,0.229,0,0.364,0.797,0,0.000,0.000,0.000,0.000,0.000,0.000,-0.007,-0.010
46.41,0.229,0,0.364,0.797,0,0.000,0.000,0.000,0.000,0.000,0.000,-0.005,-0.010
46.61,0.231,0,3.165,0.930,0,0.000,0.000,0.000,0.000,0.000,0.000,-0.018,-0.003
46.81,0.231,0,3.165,0.930,0,0.000,0.000,0.000,0.000,0.000,0.000,-0.018,-0.003
47.01,0.231,0,3.165,0.930,0,0.000,0.000,0.000,0.000,0.000,0.000,-0.012,0.001
47.21,0.236,0,0.316,1.076,0,0.000,0.000,0.000,0.000,0.000,0.000,-0.039,-0.003
47.41,0.252,0,0.316,1.076,0,0.000,0.000,0.000,0.000,0.000,0.000,-0.076,-0.013
47.61,0.252,0,0.295,3.634,0,0.000,0.000,0.000,0.000,0.000,0.000,-0.076,-0.013
47.81,0.264,0,0.295,3.634,0,0.000,0.000,0.000,0.000,0.000,0.000,-0.187,-0.035
48.01,0.258,0,0.295,3.634,0,0.000,0.000,0.000,0.000,0.000,0.000,-0.246,-0.063
48.22,0.249,0,2.433,2.973,0,0.000,0.000,0.000,0.000,0.000,0.000,-0.340,-0.128
48.42,0.239,0,2.433,2.973,0,0.000,0.000,0.000,0.000,0.000,0.000,-0.428,-0.178
48.61,0.239,0,2.361,2.469,1,0.000,0.000,0.000,0.000,0.000,0.000,-0.428,-0.178
48.81,0.231,0,2.361,2.469,1,0.000,0.000,0.000,0.000,0.000,0.000,-0.481,-0.275
49.01,0.246,0,2.361,2.469,1,0.000,0.000,0.000,0.000,0.000,0.000,-0.441,-0.444
49.22,0.257,0,0.279,1.614,0,0.000,0.000,0.000,0.000,0.000,0.000,-0.449,-0.520
49.41,0.257,0,0.279,1.614,0,0.000,0.000,0.000,0.000,0.000,0.000,-0.449,-0.520
49.61,0.270,0,5.068,0.679,0,0.000,0.000,0.000,0.000,0.000,0.000,-0.520,-0.518
49.81,0.285,0,5.068,0.679,0,0.000,0.000,0.000,0.000,0.000,0.000,-0.575,-0.572
50.01,0.269,0,5.068,0.679,0,0.000,0.000,0.000,0.000,0.000,0.000,-0.607,-0.612
50.21,0.266,0,5.043,0.664,0,0.000,0.000,0.000,0.000,0.000,0.000,-0.722,-0.571
50.41,0.266,0,5.043,0.664,0,0.000,0.000,0.000,0.000,0.000,0.000,-0.722,-0.571
50.61,0.266,0,5.039,0.688,0,0.000,0.000,0.000,0.000,0.000,0.000,0.000,0.000
50.81,0.258,0,5.039,0.688,0,0.000,0.000,0.000,0.000,0.000,0.000,-0.722,-0.571
51.01,0.250,0,5.039,0.688,0,0.000,0.000,0.000,0.000,0.000,0.000,-0.705,-0.580
51.21,0.250,0,3.668,0.723,0,0.000,0.000,0.000,0.000,0.000,0.000,-0.705,-0.580
51.41,0.115,0,3.668,0.723,0,0.000,0.000,0.000,0.000,0.000,0.000,-0.654,-0.571
51.61,0.240,0,2.493,0.708,0,0.000,0.000,0.000,0.000,0.000,0.000,-0.636,-0.563
51.81,0.247,0,2.493,0.708,0,0.000,0.000,0.000,0.000,0.000,0.000,-0.614,-0.578
52.01,0.259,0,2.493,0.708,0,0.000,0.000,0.000,0.000,0.000,0.000,-0.583,-0.588
52.21,0.259,0,0.507,1.552,0,0.000,0.000,0.000,0.000,0.000,0.000,-0.583,-0.588
52.41,0.262,0,0.507,1.552,0,0.000,0.000,0.000,0.000,0.000,0.000,-0.553,-0.597
52.61,0.264,0,0.312,0.596,0,0.000,0.000,0.000,0.000,0.000,0.000,-0.538,-0.589
52.81,0.259,0,0.312,0.596,0,0.000,0.000,0.000,0.000,0.000,0.000,-0.536,-0.607
53.01,0.248,0,0.312,0.596,0,0.000,0.000,0.000,0.000,0.000,0.000,-0.533,-0.609
53.21,0.248,0,0.397,0.576,1,0.000,0.000,0.000,0.000,0.000,0.000,-0.533,-0.609
53.41,0.250,0,0.397,0.576,1,0.000,0.000,0.000,0.000,0.000,0.000,-0.516,-0.622
53.61,0.227,0,0.244,0.421,1,0.000,0.000,0.000,0.000,0.000,0.000,-0.478,-0.635
53.81,0.197,0,0.244,0.421,1,0.000,0.000,0.000,0.000,0.000,0.000,-0.498,-0.666
54.01,0.197,0,0.244,0.421,1,0.000,0.000,0.000,0.000,0.000,0.000,-0.498,-0.666
54.21,0.179,0,0.201,0.411,0,0.000,0.000,0.000,0.000,0.000,0.000,-0.469,-0.753
54.41,0.180,0,0.201,0.411,0,0.000,0.000,0.000,0.000,0.000,0.000,-0.503,-0.745
54.61,0.189,0,0.210,0.446,0,0.000,0.000,0.000,0.000,0.000,0.000,-0.538,-0.738
54.81,0.205,0,0.210,0.446,0,0.000,0.000,0.000,0.000,0.000,0.000,-0.483,-0.748
55.01,0.205,0,0.210,0.446,0,0.000,0.000,0.000,0.000,0.000,0.000,-0.483,-0.748
55.21,0.215,0,0.224,0.467,0,0.000,0.000,0.000,0.000,0.000,0.000,-0.508,-0.763
55.41,0.216,0,0.224,0.467,0,0.000,0.000,0.000,0.000,0.000,0.000,-0.526,-0.764
55.61,0.224,0,0.234,0.430,1,0.000,0.000,0.000,0.000,0.000,0.000,-0.558,-0.758
55.81,0.224,0,0.234,0.430,1,0.000,0.000,0.000,0.000,0.000,0.000,-0.558,-0.758
56.01,0.226,0,0.234,0.430,1,0.000,0.000,0.000,0.000,0.000,0.000,-0.627,-0.682
56.21,0.225,0,0.243,0.434,1,0.000,0.000,0.000,0.000,0.000,0.000,-0.630,-0.612
56.41,0.233,0,0.243,0.434,1,0.000,0.000,0.000,0.000,0.000,0.000,-0.632,-0.708
56.61,0.234,0,0.253,0.640,0,0.000,0.000,0.000,0.000,0.000,0.000,-0.556,-0.677
56.81,0.234,0,0.253,0.640,0,0.000,0.000,0.000,0.000,0.000,0.000,-0.556,-0.677
57.01,0.219,0,0.253,0.640,0,0.000,0.000,0.000,0.000,0.000,0.000,-0.576,-0.682
57.21,0.213,0,0.237,0.466,0,0.000,0.000,0.000,0.000,0.000,0.000,-0.535,-0.707
57.41,0.209,0,0.237,0.466,0,0.000,0.000,0.000,0.000,0.000,0.000,-0.549,-0.664
57.61,0.209,0,0.230,0.398,1,0.000,0.000,0.000,0.000,0.000,0.000,-0.549,-0.664
57.81,0.209,0,0.230,0.398,1,0.000,0.000,0.000,0.000,0.000,0.000,-0.522,-0.747
58.01,0.217,0,0.230,0.398,1,0.000,0.000,0.000,0.000,0.000,0.000,-0.535,-0.772
58.21,0.231,0,0.238,0.434,1,0.000,0.000,0.000,0.000,0.000,0.000,-0.545,-0.738
58.41,0.250,0,0.238,0.434,1,0.000,0.000,0.000,0.000,0.000,0.000,-0.527,-0.687
58.61,0.250,0,0.274,0.426,1,0.000,0.000,0.000,0.000,0.000,0.000,-0.527,-0.687
58.81,0.268,0,0.274,0.426,1,0.000,0.000,0.000,0.000,0.000,0.000,-0.496,-0.644
59.01,0.255,0,0.274,0.426,1,0.000,0.000,0.000,0.000,0.000,0.000,-0.489,-0.614
59.21,0.252,0,0.317,0.485,1,0.000,0.000,0.000,0.000,0.000,0.000,-0.461,-0.611
59.41,0.252,0,0.317,0.485,1,0.000,0.000,0.000,0.000,0.000,0.000,-0.461,-0.611
59.61,0.250,0,0.431,0.603,1,0.000,0.000,0.000,0.000,0.000,0.000,-0.443,-0.607
59.81,0.250,0,0.431,0.603,1,0.000,0.000,0.000,0.000,0.000,0.000,-0.438,-0.621
60.01,0.243,0,0.431,0.603,1,0.000,0.000,0.000,0.000,0.000,0.000,-0.424,-0.619
60.21,0.241,0,0.520,2.499,0,0.000,0.000,0.000,0.000,0.000,0.000,-0.414,-0.588
60.42,0.241,0,0.520,2.499,0,0.000,0.000,0.000,0.000,0.000,0.000,-0.414,-0.588
60.61,0.237,0,0.264,2.504,0,0.000,0.000,0.000,0.000,0.000,0.000,-0.410,-0.571
60.81,0.228,0,0.264,2.504,0,0.000,0.000,0.000,0.000,0.000,0.000,-0.418,-0.564
61.01,0.216,0,0.264,2.504,0,0.000,0.000,0.000,0.000,0.000,0.000,-0.443,-0.549
61.21,0.216,0,0.235,2.521,0,0.000,0.000,0.000,0.000,0.000,0.000,-0.443,-0.549
61.41,0.214,0,0.235,2.521,0,0.000,0.000,0.000,0.000,0.000,0.000,-0.463,-0.557
61.61,0.215,0,0.622,2.573,0,0.000,0.000,0.000,0.000,0.000,0.000,-0.467,-0.541
61.81,0.207,0,0.622,2.573,0,0.000,0.000,0.000,0.000,0.000,0.000,-0.495,-0.523
62.01,0.201,0,0.622,2.573,0,0.000,0.000,0.000,0.000,0.000,0.000,-0.535,-0.570
62.21,0.201,0,0.235,2.526,0,0.000,0.000,0.000,0.000,0.000,0.000,-0.535,-0.570
62.41,0.209,0,0.235,2.526,0,0.000,0.000,0.000,0.000,0.000,0.000,-0.587,-0.618
62.61,0.170,0,0.192,2.526,0,0.000,0.000,0.000,0.000,0.000,0.000,-0.630,-0.622
62.81,0.223,0,0.192,2.526,0,0.000,0.000,0.000,0.000,0.000,0.000,-0.663,-0.641
63.01,0.223,0,0.192,2.526,0,0.000,0.000,0.000,0.000,0.000,0.000,-0.663,-0.641
63.21,0.217,0,0.330,0.439,1,0.000,0.000,0.000,0.000,0.000,0.000,-0.645,-0.588
63.41,0.218,0,0.330,0.439,1,0.000,0.000,0.000,0.000,0.000,0.000,-0.587,-0.528
63.61,0.213,0,0.246,0.449,0,0.000,0.000,0.000,0.000,0.000,0.000,-0.632,-0.570
63.81,0.208,0,0.246,0.449,0,0.000,0.000,0.000,0.000,0.000,0.000,-0.612,-0.565
64.01,0.208,0,0.246,0.449,0,0.000,0.000,0.000,0.000,0.000,0.000,-0.612,-0.565
64.21,0.201,0,0.378,0.474,1,0.000,0.000,0.000,0.000,0.000,0.000,-0.585,-0.598
64.41,0.198,0,0.378,0.474,1,0.000,0.000,0.000,0.000,0.000,0.000,-0.463,-0.559
64.61,0.190,0,0.398,0.486,1,0.000,0.000,0.000,0.000,0.000,0.000,-0.422,-0.542
64.81,0.113,0,0.398,0.486,1,0.000,0.000,0.000,0.000,0.000,0.000,-0.446,-0.527
65.01,0.113,0,0.398,0.486,1,0.000,0.000,0.000,0.000,0.000,0.000,-0.446,-0.527
65.21,0.174,0,0.407,0.539,1,0.000,0.000,0.000,0.000,0.000,0.000,-0.449,-0.537
65.41,0.173,0,0.407,0.539,1,0.000,0.000,0.000,0.000,0.000,0.000,-0.458,-0.539
65.61,0.173,0,0.420,0.534,1,0.000,0.000,0.000,0.000,0.000,0.000,-0.478,-0.536
65.81,0.173,0,0.420,0.534,1,0.000,0.000,0.000,0.000,0.000,0.000,-0.478,-0.536
66.01,0.173,0,0.420,0.534,1,0.000,0.000,0.000,0.000,0.000,0.000,-0.456,-0.533
66.21,0.172,0,0.428,0.534,1,0.000,0.000,0.000,0.000,0.000,0.000,-0.443,-0.534
66.41,0.173,0,0.428,0.534,1,0.000,0.000,0.000,0.000,0.000,0.000,-0.455,-0.540
66.61,0.172,0,0.386,0.449,1,0.000,0.000,0.000,0.000,0.000,0.000,-0.460,-0.529
66.81,0.172,0,0.386,0.449,1,0.000,0.000,0.000,0.000,0.000,0.000,-0.460,-0.529
67.01,0.171,0,0.386,0.449,1,0.000,0.000,0.000,0.000,0.000,0.000,-0.487,-0.556
67.21,0.172,0,0.391,0.472,1,0.000,0.000,0.000,0.000,0.000,0.000,-0.507,-0.557
67.41,0.172,0,0.391,0.472,1,0.000,0.000,0.000,0.000,0.000,0.000,-0.485,-0.564
67.61,0.172,0,0.268,0.408,1,0.000,0.000,0.000,0.000,0.000,0.000,-0.485,-0.564
67.81,0.171,0,0.268,0.408,1,0.000,0.000,0.000,0.000,0.000,0.000,-0.527,-0.555
68.01,0.169,0,0.268,0.408,1,0.000,0.000,0.000,0.000,0.000,0.000,-0.515,-0.555
68.21,0.148,0,0.259,0.509,0,0.000,0.000,0.000,0.000,0.000,0.000,-0.478,-0.541
68.41,0.168,0,0.259,0.509,0,0.000,0.000,0.000,0.000,0.000,0.000,-0.446,-0.521
68.61,0.168,0,0.435,0.538,1,0.000,0.000,0.000,0.000,0.000,0.000,-0.446,-0.521
68.81,0.169,0,0.435,0.538,1,0.000,0.000,0.000,0.000,0.000,0.000,-0.467,-0.484
69.01,0.112,0,0.435,0.538,1,0.000,0.000,0.000,0.000,0.000,0.000,-0.474,-0.530
69.21,0.168,0,0.444,0.457,1,0.000,0.000,0.000,0.000,0.000,0.000,-0.507,-0.507
69.41,0.168,0,0.444,0.457,1,0.000,0.000,0.000,0.000,0.000,0.000,-0.507,-0.507
69.61,0.172,0,0.221,0.412,1,0.000,0.000,0.000,0.000,0.000,0.000,-0.675,-0.519
69.81,0.117,0,0.221,0.412,1,0.000,0.000,0.000,0.000,0.000,0.000,-0.718,-0.518
70.01,0.174,0,0.221,0.412,1,0.000,0.000,0.000,0.000,0.000,0.000,-0.847,-0.461
70.21,0.193,0,0.232,4.623,0,0.000,0.000,0.000,0.000,0.000,0.000,-1.030,-0.430
70.41,0.193,0,0.232,4.623,0,0.000,0.000,0.000,0.000,0.000,0.000,-1.030,-0.430
70.61,0.209,0,5.008,4.774,0,0.000,0.000,0.000,0.000,0.000,0.000,-1.209,-0.441
70.81,0.241,0,5.008,4.774,0,0.000,0.000,0.000,0.000,0.000,0.000,-1.314,-0.357
71.01,0.232,0,5.008,4.774,0,0.000,0.000,0.000,0.000,0.000,0.000,-1.270,-0.214
71.21,0.232,0,4.801,4.731,1,0.000,0.000,0.000,0.000,0.000,0.000,-1.270,-0.214
71.41,0.235,0,4.801,4.731,1,0.000,0.000,0.000,0.000,0.000,0.000,-1.180,-0.104
71.61,0.251,0,0.288,4.623,0,0.000,0.000,0.000,0.000,0.000,0.000,-1.123,-0.067
71.81,0.277,0,0.288,4.623,0,0.000,0.000,0.000,0.000,0.000,0.000,-1.126,-0.043
72.01,0.296,0,0.288,4.623,0,0.000,0.000,0.000,0.000,0.000,0.000,-1.163,0.059
72.21,0.296,0,1.085,2.726,0,0.000,0.000,0.000,0.000,0.000,0.000,-1.163,0.059
72.41,0.308,0,1.085,2.726,0,0.000,0.000,0.000,0.000,0.000,0.000,-1.209,0.052
72.61,0.314,0,0.334,2.034,0,0.000,0.000,0.000,0.000,0.000,0.000,-1.265,0.011
72.81,0.342,0,0.334,2.034,0,0.000,0.000,0.000,0.000,0.000,0.000,-1.294,0.006
73.01,0.342,0,0.334,2.034,0,0.000,0.000,0.000,0.000,0.000,0.000,-1.294,0.006
73.21,0.366,0,0.381,1.811,0,0.000,0.000,0.000,0.000,0.000,0.000,-1.332,-0.024
73.41,0.343,0,0.381,1.811,0,0.000,0.000,0.000,0.000,0.000,0.000,-1.384,-0.058
73.61,0.354,0,0.406,1.861,0,0.000,0.000,0.000,0.000,0.000,0.000,-1.386,-0.069
73.81,0.347,0,0.406,1.861,0,0.000,0.000,0.000,0.000,0.000,0.000,-1.390,-0.077
74.01,0.347,0,0.406,1.861,0,0.000,0.000,0.000,0.000,0.000,0.000,-1.390,-0.077
74.21,0.362,0,1.219,1.925,0,0.000,0.000,0.000,0.000,0.000,0.000,-1.405,-0.097
74.41,0.370,0,1.219,1.925,0,0.000,0.000,0.000,0.000,0.000,0.000,-1.419,-0.108
74.61,0.114,0,0.381,1.054,0,0.000,0.000,0.000,0.000,0.000,0.000,-1.436,-0.125
74.81,0.114,0,0.381,1.054,0,0.000,0.000,0.000,0.000,0.000,0.000,-1.436,-0.125
75.01,0.385,0,0.381,1.054,0,0.000,0.000,0.000,0.000,0.000,0.000,-1.438,-0.136
75.21,0.381,0,0.395,1.782,0,0.000,0.000,0.000,0.000,0.000,0.000,-1.440,-0.108
75.41,0.364,0,0.395,1.782,0,0.000,0.000,0.000,0.000,0.000,0.000,-1.403,-0.097
75.61,0.113,0,0.386,1.969,0,0.000,0.000,0.000,0.000,0.000,0.000,-1.411,-0.099
75.81,0.113,0,0.386,1.969,0,0.000,0.000,0.000,0.000,0.000,0.000,-1.411,-0.099
76.01,0.112,0,0.386,1.969,0,0.000,0.000,0.000,0.000,0.000,0.000,-1.409,-0.098
76.21,0.112,0,0.370,1.958,0,0.000,0.000,0.000,0.000,0.000,0.000,-1.406,-0.097
76.41,0.112,0,0.370,1.958,0,0.000,0.000,0.000,0.000,0.000,0.000,-1.404,-0.091
76.61,0.112,0,0.464,1.949,0,0.000,0.000,0.000,0.000,0.000,0.000,-1.404,-0.091
76.81,0.112,0,0.464,1.949,0,0.000,0.000,0.000,0.000,0.000,0.000,-1.413,-0.092
77.01,0.113,0,0.464,1.949,0,0.000,0.000,0.000,0.000,0.000,0.000,-1.416,-0.095
77.21,0.112,0,0.574,1.949,0,0.000,0.000,0.000,0.000,0.000,0.000,-1.411,-0.095
77.41,0.113,0,0.574,1.949,0,0.000,0.000,0.000,0.000,0.000,0.000,-1.415,-0.094
77.61,0.113,0,0.826,1.943,0,0.000,0.000,0.000,0.000,0.000,0.000,-1.415,-0.094
77.81,0.112,0,0.826,1.943,0,0.000,0.000,0.000,0.000,0.000,0.000,-1.409,-0.093
78.01,0.113,0,0.826,1.943,0,0.000,0.000,0.000,0.000,0.000,0.000,-1.412,-0.098
78.21,0.112,0,0.837,1.954,0,0.000,0.000,0.000,0.000,0.000,0.000,-1.407,-0.086
78.42,0.113,0,0.837,1.954,0,0.000,0.000,0.000,0.000,0.000,0.000,-1.412,-0.092
78.61,0.113,0,0.648,1.948,0,0.000,0.000,0.000,0.000,0.000,0.000,-1.412,-0.092
78.81,0.113,0,0.648,1.948,0,0.000,0.000,0.000,0.000,0.000,0.000,-1.396,-0.092
79.01,0.112,0,0.648,1.948,0,0.000,0.000,0.000,0.000,0.000,0.000,-1.395,-0.091
79.21,0.112,0,0.530,1.958,0,0.000,0.000,0.000,0.000,0.000,0.000,-1.395,-0.094
79.41,0.112,0,0.530,1.958,0,0.000,0.000,0.000,0.000,0.000,0.000,-1.395,-0.094
79.61,0.112,0,0.516,1.954,0,0.000,0.000,0.000,0.000,0.000,0.000,-1.400,-0.091
79.81,0.112,0,0.516,1.954,0,0.000,0.000,0.000,0.000,0.000,0.000,-1.394,-0.091
80.01,0.112,0,0.516,1.954,0,0.000,0.000,0.000,0.000,0.000,0.000,-1.390,-0.090
80.21,0.112,0,0.492,1.863,0,0.000,0.000,0.000,0.000,0.000,0.000,-1.393,-0.053
80.41,0.112,0,0.492,1.863,0,0.000,0.000,0.000,0.000,0.000,0.000,-1.393,-0.053
80.61,0.322,0,0.449,1.853,0,0.000,0.000,0.000,0.000,0.000,0.000,-1.404,-0.072
80.81,0.113,0,0.449,1.853,0,0.000,0.000,0.000,0.000,0.000,0.000,-1.447,-0.026
81.01,0.265,0,0.449,1.853,0,0.000,0.000,0.000,0.000,0.000,0.000,-1.519,0.028
81.21,0.265,0,1.081,2.233,0,0.000,0.000,0.000,0.000,0.000,0.000,-1.519,0.028
81.41,0.245,0,1.081,2.233,0,0.000,0.000,0.000,0.000,0.000,0.000,-1.637,0.024
81.61,0.269,0,4.137,3.949,1,0.000,0.000,0.000,0.000,0.000,0.000,-1.812,-0.085
81.81,0.247,0,4.137,3.949,1,0.000,0.000,0.000,0.000,0.000,0.000,-1.967,-0.145
82.01,0.255,0,4.137,3.949,1,0.000,0.000,0.000,0.000,0.000,0.000,-2.152,-0.212
82.21,0.255,0,3.816,3.661,1,0.000,0.000,0.000,0.000,0.000,0.000,-2.152,-0.212
82.41,0.259,0,3.816,3.661,1,0.000,0.000,0.000,0.000,0.000,0.000,-2.278,-0.241
82.61,0.112,0,2.190,3.693,0,0.000,0.000,0.000,0.000,0.000,0.000,-2.438,-0.433
82.81,0.264,0,2.190,3.693,0,0.000,0.000,0.000,0.000,0.000,0.000,-2.538,-0.632
83.01,0.264,0,2.190,3.693,0,0.000,0.000,0.000,0.000,0.000,0.000,-2.538,-0.632
83.21,0.269,0,1.936,4.288,0,0.000,0.000,0.000,0.000,0.000,0.000,-2.639,-0.785
83.41,0.275,0,1.936,4.288,0,0.000,0.000,0.000,0.000,0.000,0.000,-2.702,-0.902
83.61,0.280,0,0.350,2.172,0,0.000,0.000,0.000,0.000,0.000,0.000,-2.739,-0.994
83.81,0.112,0,0.350,2.172,0,0.000,0.000,0.000,0.000,0.000,0.000,-2.769,-1.079
84.01,0.112,0,0.350,2.172,0,0.000,0.000,0.000,0.000,0.000,0.000,-2.769,-1.079
84.21,0.274,0,0.333,1.875,0,0.000,0.000,0.000,0.000,0.000,0.000,-2.791,-1.156
84.41,0.285,0,0.333,1.875,0,0.000,0.000,0.000,0.000,0.000,0.000,-2.827,-1.248
84.61,0.307,0,1.466,1.251,0,0.000,0.000,0.000,0.000,0.000,0.000,-2.829,-1.292
84.81,0.307,0,1.466,1.251,0,0.000,0.000,0.000,0.000,0.000,0.000,-2.829,-1.292
85.01,0.112,0,1.466,1.251,0,0.000,0.000,0.000,0.000,0.000,0.000,0.000,0.000
85.21,0.365,0,0.392,0.953,0,0.000,0.000,0.000,0.000,0.000,0.000,-2.829,-1.292
85.41,0.113,0,0.392,0.953,0,0.000,0.000,0.000,0.000,0.000,0.000,-2.888,-1.327
85.61,0.113,0,0.406,2.113,0,0.000,0.000,0.000,0.000,0.000,0.000,-2.948,-1.360
85.81,0.113,0,0.406,2.113,0,0.000,0.000,0.000,0.000,0.000,0.000,-2.948,-1.360
86.01,0.412,0,0.406,2.113,0,0.000,0.000,0.000,0.000,0.000,0.000,-3.025,-1.422
86.21,0.407,0,2.177,3.178,0,0.000,0.000,0.000,0.000,0.000,0.000,-3.143,-1.489
86.41,0.396,0,2.177,3.178,0,0.000,0.000,0.000,0.000,0.000,0.000,-3.219,-1.557
86.61,0.375,0,0.414,1.974,0,0.000,0.000,0.000,0.000,0.000,0.000,-3.275,-1.592
86.81,0.375,0,0.414,1.974,0,0.000,0.000,0.000,0.000,0.000,0.000,-3.275,-1.592
87.01,0.113,0,0.414,1.974,0,0.000,0.000,0.000,0.000,0.000,0.000,-3.302,-1.634
87.21,0.113,0,1.438,1.809,0,0.000,0.000,0.000,0.000,0.000,0.000,-3.297,-1.643
87.41,0.114,0,1.438,1.809,0,0.000,0.000,0.000,0.000,0.000,0.000,-3.303,-1.681
87.61,0.114,0,1.412,1.708,0,0.000,0.000,0.000,0.000,0.000,0.000,-3.303,-1.681
87.81,0.316,0,1.412,1.708,0,0.000,0.000,0.000,0.000,0.000,0.000,-3.301,-1.701
88.01,0.299,0,1.412,1.708,0,0.000,0.000,0.000,0.000,0.000,0.000,-3.309,-1.727
88.21,0.295,0,1.182,1.200,1,0.000,0.000,0.000,0.000,0.000,0.000,-3.321,-1.720
88.41,0.270,0,1.182,1.200,1,0.000,0.000,0.000,0.000,0.000,0.000,-3.330,-1.756
88.61,0.270,0,1.373,1.748,0,0.000,0.000,0.000,0.000,0.000,0.000,-3.330,-1.756
88.81,0.257,0,1.373,1.748,0,0.000,0.000,0.000,0.000,0.000,0.000,-3.323,-1.749
89.01,0.257,0,1.373,1.748,0,0.000,0.000,0.000,0.000,0.000,0.000,-3.329,-1.736
89.21,0.264,0,1.372,1.753,0,0.000,0.000,0.000,0.000,0.000,0.000,-3.322,-1.749
89.41,0.264,0,1.372,1.753,0,0.000,0.000,0.000,0.000,0.000,0.000,-3.322,-1.749
89.61,0.112,0,1.372,1.750,0,0.000,0.000,0.000,0.000,0.000,0.000,-3.321,-1.754
89.81,0.511,0,1.372,1.750,0,0.000,0.000,0.000,0.000,0.000,0.000,-3.327,-1.755
90.01,0.115,0,1.372,1.750,0,0.000,0.000,0.000,0.000,0.000,0.000,-3.323,-1.753
90.21,0.112,0,1.372,1.747,0,0.000,0.000,0.000,0.000,0.000,0.000,-3.326,-1.754
90.41,0.112,0,1.372,1.747,0,0.000,0.000,0.000,0.000,0.000,0.000,-3.326,-1.754
90.61,0.113,0,1.372,1.752,0,0.000,0.000,0.000,0.000,0.000,0.000,-3.327,-1.756
90.81,0.113,0,1.372,1.752,0,0.000,0.000,0.000,0.000,0.000,0.000,-3.328,-1.751
91.01,0.112,0,1.372,1.752,0,0.000,0.000,0.000,0.000,0.000,0.000,-3.323,-1.755
91.21,0.112,0,1.372,1.750,0,0.000,0.000,0.000,0.000,0.000,0.000,-3.323,-1.755
91.41,0.113,0,1.372,1.750,0,0.000,0.000,0.000,0.000,0.000,0.000,-3.321,-1.759
91.61,0.113,0,1.371,1.749,0,0.000,0.000,0.000,0.000,0.000,0.000,-3.326,-1.752
91.81,0.112,0,1.371,1.749,0,0.000,0.000,0.000,0.000,0.000,0.000,-3.320,-1.760
92.01,0.112,0,1.371,1.749,0,0.000,0.000,0.000,0.000,0.000,0.000,-3.324,-1.755
92.21,0.112,0,1.374,1.750,0,0.000,0.000,0.000,0.000,0.000,0.000,-3.324,-1.755
92.41,0.112,0,1.374,1.750,0,0.000,0.000,0.000,0.000,0.000,0.000,-3.324,-1.751
92.61,0.113,0,1.372,1.749,0,0.000,0.000,0.000,0.000,0.000,0.000,-3.329,-1.752
92.81,0.113,0,1.372,1.749,0,0.000,0.000,0.000,0.000,0.000,0.000,-3.326,-1.749
93.01,0.112,0,1.372,1.749,0,0.000,0.000,0.000,0.000,0.000,0.000,-3.326,-1.749
93.21,0.112,0,1.372,1.749,0,0.000,0.000,0.000,0.000,0.000,0.000,-3.319,-1.770
93.41,0.112,0,1.372,1.749,0,0.200,0.000,0.000,0.200,0.000,0.000,-3.321,-1.768
93.61,0.115,0,1.372,1.741,0,0.200,0.000,0.000,0.200,0.000,0.000,-3.326,-1.763
93.81,0.112,0,1.372,1.741,0,0.200,0.000,0.000,0.200,0.000,0.000,-3.329,-1.771
94.01,0.112,0,1.372,1.741,0,0.200,0.000,0.000,0.200,0.000,0.000,-3.329,-1.771
94.21,0.112,0,1.357,1.721,0,0.200,0.000,0.000,0.200,0.000,0.000,-3.337,-1.774
94.41,0.112,0,1.357,1.721,0,0.200,0.000,0.000,0.200,0.000,0.000,-3.329,-1.789
94.61,0.522,0,1.355,1.725,0,0.200,0.000,0.000,0.200,0.000,0.000,-3.335,-1.782
94.81,0.112,0,1.355,1.725,0,0.000,0.000,0.000,0.000,0.000,0.000,-3.333,-1.771
95.01,0.112,0,1.355,1.725,0,0.200,0.000,0.000,0.200,0.000,0.000,-3.333,-1.771
95.21,0.113,0,1.354,1.720,0,0.200,0.000,0.000,0.200,0.000,0.000,-3.332,-1.774
95.41,0.112,0,1.354,1.720,0,0.200,0.000,0.000,0.200,0.000,0.000,-3.338,-1.782
95.61,0.522,0,1.355,1.722,0,0.000,0.000,0.000,0.000,0.000,0.000,-3.334,-1.777
95.81,0.522,0,1.355,1.722,0,0.000,0.000,0.000,0.000,0.000,0.000,-3.334,-1.777
96.01,0.517,0,1.355,1.722,0,0.000,0.200,0.000,0.000,0.200,0.000,-3.342,-1.770
96.21,0.113,0,1.356,1.723,0,0.000,0.000,0.000,0.000,0.000,0.000,-3.334,-1.783
96.41,0.527,0,1.356,1.723,0,0.000,0.200,0.000,0.000,0.200,0.000,-3.340,-1.779
96.61,0.114,0,1.356,1.722,0,0.000,0.200,0.000,0.000,0.200,0.000,-3.338,-1.771
96.81,0.114,0,1.356,1.722,0,0.000,0.200,0.000,0.000,0.200,0.000,-3.338,-1.771
97.01,0.113,0,1.356,1.722,0,0.000,0.000,0.000,0.000,0.000,0.000,-3.337,-1.776
97.21,0.112,0,1.356,1.725,0,0.000,0.000,0.000,0.000,0.000,0.000,-3.337,-1.774
97.41,0.112,0,1.356,1.725,0,0.000,0.200,0.000,0.000,0.200,0.000,-3.336,-1.773
97.61,0.113,0,1.355,1.714,0,0.000,0.200,0.000,0.000,0.200,0.000,-3.327,-1.791
97.81,0.113,0,1.355,1.714,0,0.000,0.000,0.000,0.000,0.000,0.000,-3.327,-1.791
98.01,0.113,0,1.355,1.714,0,0.000,0.000,0.000,0.000,0.000,0.000,-3.333,-1.784
98.21,0.113,0,1.356,1.723,0,0.200,0.000,0.000,0.200,0.000,0.000,-3.337,-1.783
98.41,0.112,0,1.356,1.723,0,0.200,0.000,0.000,0.200,0.000,0.000,-3.335,-1.771
98.61,0.112,0,1.356,1.721,0,0.000,0.000,0.000,0.000,0.000,0.000,-3.335,-1.771
98.81,0.112,0,1.356,1.721,0,0.000,0.000,0.000,0.000,0.000,0.000,-3.339,-1.772
99.01,0.112,0,1.356,1.721,0,0.200,0.000,0.000,0.200,0.000,0.000,-3.338,-1.772
99.21,0.112,0,1.355,1.724,0,0.200,0.000,0.000,0.200,0.000,0.000,-3.336,-1.780
99.41,0.113,0,1.355,1.724,0,0.000,0.000,0.000,0.000,0.000,0.000,-3.335,-1.774
99.61,0.113,0,1.356,1.723,0,0.200,0.000,0.000,0.200,0.000,0.000,-3.335,-1.774
99.81,0.115,0,1.356,1.723,0,0.200,0.000,0.000,0.200,0.000,0.000,-3.335,-1.779
100.01,0.113,0,1.356,1.723,0,0.000,0.000,0.000,0.000,0.000,0.000,-3.336,-1.783
100.21,0.114,0,1.357,1.726,0,0.000,0.000,0.000,0.000,0.000,0.000,-3.335,-1.781
100.41,0.114,0,1.357,1.726,0,0.000,0.000,0.000,0.000,0.000,0.000,-3.333,-1.776
100.61,0.114,0,1.357,1.717,0,0.000,0.000,0.000,0.000,0.000,0.000,-3.333,-1.776
100.81,0.114,0,1.357,1.717,0,0.000,0.000,0.000,0.000,0.000,0.000,-3.334,-1.770
101.01,0.112,0,1.357,1.717,0,0.000,0.000,0.000,0.000,0.000,0.000,-3.338,-1.778
101.21,0.113,0,1.356,1.719,0,0.000,0.000,0.000,0.000,0.000,0.000,-3.329,-1.779
101.42,0.113,0,1.356,1.719,0,0.000,0.000,0.000,0.000,0.000,0.000,-3.329,-1.779
101.61,0.113,0,1.357,1.721,0,0.000,0.000,0.000,0.000,0.000,0.000,-3.331,-1.781
101.81,0.113,0,1.357,1.721,0,0.000,0.000,0.000,0.000,0.000,0.000,-3.334,-1.770
102.01,0.269,0,1.357,1.721,0,0.000,0.000,0.000,0.000,0.000,0.000,-3.336,-1.772
102.21,0.263,0,1.355,1.721,0,0.000,0.000,0.000,0.000,0.000,0.000,-3.337,-1.766
102.41,0.263,0,1.355,1.721,0,0.000,0.000,0.000,0.000,0.000,0.000,-3.337,-1.766
102.61,0.249,0,1.356,1.718,0,0.000,0.000,0.000,0.000,0.000,0.000,-3.338,-1.769
102.81,0.232,0,1.356,1.718,0,0.000,0.000,0.000,0.000,0.000,0.000,-3.341,-1.765
103.01,0.232,0,1.356,1.718,0,0.000,0.000,0.000,0.000,0.000,0.000,-3.341,-1.769
103.21,0.232,0,1.354,1.719,0,0.000,0.000,0.000,0.000,0.000,0.000,-3.341,-1.769
103.41,0.233,0,1.354,1.719,0,0.000,0.000,0.000,0.000,0.000,0.000,-3.331,-1.815
103.61,0.113,0,1.965,1.730,0,0.000,0.000,0.000,0.000,0.000,0.000,-3.324,-1.828
103.81,0.284,0,1.965,1.730,0,0.000,0.000,0.000,0.000,0.000,0.000,-3.255,-1.830
104.01,0.292,0,1.965,1.730,0,0.000,0.000,0.000,0.000,0.000,0.000,-3.217,-1.814
104.21,0.292,0,2.365,3.040,0,0.000,0.000,0.000,0.000,0.000,0.000,-3.217,-1.814
104.42,0.279,0,2.365,3.040,0,0.000,0.000,0.000,0.000,0.000,0.000,-3.210,-1.733
104.61,0.113,0,2.456,3.133,0,0.000,0.000,0.000,0.000,0.000,0.000,-3.204,-1.731
104.81,0.112,0,2.456,3.133,0,0.000,0.000,0.000,0.000,0.000,0.000,-3.164,-1.737
105.01,0.112,0,2.456,3.133,0,0.000,0.000,0.000,0.000,0.000,0.000,-3.104,-1.776
105.21,0.112,0,0.467,3.548,0,0.000,0.000,0.000,0.000,0.000,0.000,-3.104,-1.776
105.41,0.113,0,0.467,3.548,0,0.000,0.000,0.000,0.000,0.000,0.000,-3.071,-1.737
105.61,0.115,0,0.442,2.393,0,0.000,0.000,0.000,0.000,0.000,0.000,-3.073,-1.778
105.81,0.112,0,0.442,2.393,0,0.000,0.000,0.000,0.000,0.000,0.000,-3.073,-1.771
106.01,0.112,0,0.442,2.393,0,0.000,0.000,0.000,0.000,0.000,0.000,-3.073,-1.771
106.21,0.300,0,0.451,2.368,0,0.000,0.000,0.000,0.000,0.000,0.000,-3.078,-1.764
106.41,0.371,0,0.451,2.368,0,0.000,0.000,0.000,0.000,0.000,0.000,-3.069,-1.772
106.61,0.455,0,0.468,2.377,0,0.000,0.000,0.000,0.000,0.000,0.000,-3.073,-1.775
106.81,0.482,0,0.468,2.377,0,0.000,0.000,0.000,0.000,0.000,0.000,-3.072,-1.771
107.01,0.482,0,0.468,2.377,0,0.000,0.000,0.000,0.000,0.000,0.000,-3.072,-1.771
107.21,0.495,0,0.544,2.371,0,0.000,0.000,0.000,0.000,0.000,0.000,-3.072,-1.767
107.41,0.507,0,0.544,2.371,0,0.000,0.000,0.000,0.000,0.000,0.000,-3.066,-1.769
107.61,0.521,0,0.555,2.377,0,0.000,0.000,0.000,0.000,0.000,0.000,-3.072,-1.765
107.81,0.521,0,0.555,2.377,0,0.000,0.000,0.000,0.000,0.000,0.000,-3.072,-1.765
108.01,0.527,0,0.555,2.377,0,0.000,0.000,0.000,0.000,0.000,0.000,-3.070,-1.768
108.21,0.531,0,0.575,2.375,0,0.000,0.000,0.000,0.000,0.000,0.000,-3.070,-1.768
108.41,0.530,0,0.575,2.375,0,0.000,0.000,0.000,0.000,0.000,0.000,-3.072,-1.772
108.61,0.532,0,0.574,2.379,0,0.000,0.000,0.000,0.000,0.000,0.000,-3.072,-1.764
108.81,0.532,0,0.574,2.379,0,0.000,0.000,0.000,0.000,0.000,0.000,-3.072,-1.764
109.01,0.530,0,0.574,2.379,0,0.000,0.000,0.000,0.000,0.000,0.000,-3.070,-1.773
109.21,0.531,0,0.577,2.370,0,0.000,0.000,0.000,0.000,0.000,0.000,-3.068,-1.768
109.41,0.530,0,0.577,2.370,0,0.000,0.000,0.000,0.000,0.000,0.000,-3.072,-1.767
109.61,0.530,0,0.579,2.365,0,0.000,0.000,0.000,0.000,0.000,0.000,-3.077,-1.763
109.81,0.530,0,0.579,2.365,0,0.000,0.000,0.000,0.000,0.000,0.000,-3.077,-1.763
110.01,0.531,0,0.579,2.365,0,0.000,0.000,0.000,0.000,0.000,0.000,-3.073,-1.764
110.21,0.531,0,0.576,2.379,0,0.000,0.000,0.000,0.000,0.000,0.000,-3.073,-1.765
110.41,0.531,0,0.576,2.379,0,0.000,0.000,0.000,0.000,0.000,0.000,-3.077,-1.765
110.61,0.531,0,0.580,2.367,0,0.000,0.000,0.000,0.000,0.000,0.000,-3.077,-1.765
110.81,0.531,0,0.580,2.367,0,0.000,0.000,0.000,0.000,0.000,0.000,-3.074,-1.763
111.01,0.531,0,0.580,2.367,0,0.000,0.000,0.000,0.000,0.000,0.000,-3.071,-1.767
111.21,0.114,0,0.580,2.368,0,0.000,0.000,0.000,0.000,0.000,0.000,-3.072,-1.763
111.41,0.531,0,0.580,2.368,0,0.000,0.000,0.000,0.000,0.000,0.000,-3.075,-1.768
111.61,0.531,0,0.562,2.370,0,0.450,0.000,0.000,0.174,0.000,0.000,-3.075,-1.768
111.81,0.531,0,0.562,2.370,0,0.450,0.000,0.000,0.190,0.000,0.000,-3.071,-1.764
112.01,0.534,0,0.562,2.370,0,0.000,0.000,0.000,0.000,0.000,0.000,-3.071,-1.767
112.21,0.542,0,0.578,2.352,0,0.450,0.000,0.000,0.168,0.000,0.000,-3.069,-1.773
112.41,0.548,0,0.578,2.352,0,0.450,0.000,0.000,0.168,0.000,0.000,-3.074,-1.771
112.61,0.548,0,0.592,2.359,0,0.450,0.000,0.000,0.208,0.000,0.000,-3.074,-1.771
112.81,0.552,0,0.592,2.359,0,0.450,0.000,0.000,0.213,0.000,0.000,-3.068,-1.776
113.01,0.551,0,0.592,2.359,0,0.000,0.450,0.000,0.000,0.450,0.000,-3.071,-1.778
113.21,0.553,0,0.606,2.354,0,0.000,0.450,0.000,0.000,0.450,0.000,-3.071,-1.774
113.41,0.553,0,0.606,2.354,0,0.000,0.000,0.000,0.000,0.000,0.000,-3.071,-1.774
113.61,0.554,0,0.600,2.423,0,0.000,0.450,0.000,0.000,0.450,0.000,-3.089,-1.750
113.81,0.555,0,0.600,2.423,0,0.000,-0.450,0.000,0.000,-0.450,0.000,-3.062,-1.766
114.01,0.555,0,0.600,2.423,0,0.000,-0.450,0.000,0.000,-0.450,0.000,-3.057,-1.769
114.21,0.554,0,2.308,2.519,0,0.000,0.000,0.000,0.000,0.000,0.000,-3.049,-1.795
114.41,0.554,0,2.308,2.519,0,0.000,-0.450,0.000,0.000,-0.450,0.000,-3.049,-1.795
114.61,0.554,0,0.598,2.360,0,0.000,-0.450,0.000,0.000,-0.450,0.000,-3.063,-1.771
114.81,0.554,0,0.598,2.360,0,-0.450,0.000,0.000,-0.173,0.000,0.000,-3.065,-1.788
115.01,0.555,0,0.598,2.360,0,-0.450,0.000,0.000,-0.174,0.000,0.000,-3.060,-1.797
115.21,0.556,0,0.599,2.358,0,0.000,0.000,0.000,0.000,0.000,0.000,-3.088,-1.773
115.41,0.556,0,0.599,2.358,0,-0.450,0.000,0.000,-0.179,0.000,0.000,-3.088,-1.773
115.61,0.550,0,0.557,2.378,0,-0.450,0.000,0.000,-0.172,0.000,0.000,-3.084,-1.776
115.81,0.552,0,0.557,2.378,0,0.000,0.000,0.000,0.000,0.000,0.000,-3.082,-1.775
116.01,0.550,0,0.557,2.378,0,-0.450,0.000,0.000,-0.169,0.000,0.000,-3.084,-1.772
116.21,0.550,0,0.595,2.350,0,0.450,0.000,0.000,0.211,0.000,0.000,-3.084,-1.772
116.41,0.550,0,0.595,2.350,0,0.000,0.000,0.000,0.000,0.000,0.000,-3.078,-1.778
116.61,0.553,0,2.325,2.353,1,0.450,0.000,0.000,0.450,0.000,0.000,-3.079,-1.777
116.81,0.558,0,2.325,2.353,1,0.450,0.000,0.000,0.178,0.000,0.000,-3.072,-1.784
117.01,0.565,0,2.325,2.353,1,0.000,0.000,0.000,0.000,0.000,0.000,-3.071,-1.796
117.21,0.565,0,0.572,2.314,0,0.000,0.000,0.000,0.000,0.000,0.000,-3.071,-1.796
117.41,0.620,0,0.572,2.314,0,0.000,0.000,0.000,0.000,0.000,0.000,-3.055,-1.830
117.61,0.635,0,0.680,2.280,0,0.000,0.000,0.000,0.000,0.000,0.000,-3.049,-1.859
117.81,0.637,0,0.680,2.280,0,0.000,0.000,0.000,0.000,0.000,0.000,-3.043,-1.859
118.01,0.639,0,0.680,2.280,0,0.450,0.000,0.000,0.310,0.000,0.000,-3.044,-1.853
118.21,0.639,0,0.682,2.263,0,0.000,0.000,0.000,0.000,0.000,0.000,-3.044,-1.853
118.41,0.643,0,0.682,2.263,0,0.000,0.000,0.000,0.000,0.000,0.000,-3.039,-1.876
118.61,0.677,0,0.723,2.220,0,0.000,0.000,0.000,0.000,0.000,0.000,-3.031,-1.907
118.81,0.706,0,0.723,2.220,0,0.450,0.000,0.000,0.379,0.000,0.000,-3.030,-1.910
119.01,0.707,0,0.723,2.220,0,0.450,0.000,0.000,0.379,0.000,0.000,-3.026,-1.907
119.21,0.707,0,0.743,2.220,0,0.450,0.000,0.000,0.380,0.000,0.000,-3.026,-1.907
119.41,0.717,0,0.743,2.220,0,0.450,0.000,0.000,0.393,0.000,0.000,-3.025,-1.928
119.61,0.751,0,0.786,2.176,0,0.450,0.000,0.000,0.429,0.000,0.000,-3.019,-1.959
119.81,0.753,0,0.786,2.176,0,0.450,0.000,0.000,0.450,0.000,0.000,-3.007,-2.009
120.01,0.753,0,0.786,2.176,0,0.000,0.000,0.000,0.000,0.000,0.000,-3.007,-2.009
120.21,0.738,0,0.930,2.484,0,-0.450,0.000,0.000,-0.450,0.000,0.000,-2.974,-2.108
120.41,0.737,0,0.930,2.484,0,-0.450,0.000,0.000,-0.450,0.000,0.000,-2.949,-2.210
120.61,0.746,0,1.857,2.651,0,0.000,0.000,0.000,0.000,0.000,0.000,-2.939,-2.294
120.81,0.741,0,1.857,2.651,0,0.000,0.000,0.000,0.000,0.000,0.000,-2.948,-2.250
121.01,0.741,0,1.857,2.651,0,0.450,0.000,0.000,0.450,0.000,0.000,-2.948,-2.250
121.21,0.736,0,1.068,2.031,0,0.450,0.000,0.000,0.450,0.000,0.000,-2.940,-2.222
121.41,0.112,1,1.068,2.031,0,-0.450,0.000,0.000,0.000,0.000,0.000,-2.942,-2.235
121.61,0.740,0,1.123,2.429,0,-0.450,0.000,0.000,-0.450,0.000,0.000,-2.941,-2.274
121.81,0.745,0,1.123,2.429,0,0.000,0.000,0.000,0.000,0.000,0.000,-2.928,-2.325
122.01,0.745,0,1.123,2.429,0,-0.450,0.000,0.000,-0.450,0.000,0.000,-2.928,-2.325
122.21,0.742,0,1.194,2.443,0,-0.450,0.000,0.000,-0.450,0.000,0.000,-2.934,-2.298
122.41,0.741,0,1.194,2.443,0,0.000,-0.450,0.000,0.000,-0.450,0.000,-2.932,-2.280
122.61,0.738,0,1.118,1.992,0,0.000,-0.450,0.000,0.000,-0.450,0.000,-2.954,-2.206
122.81,0.738,0,1.118,1.992,0,0.000,0.000,0.000,0.000,0.000,0.000,-2.954,-2.206
123.01,0.770,0,1.118,1.992,0,0.000,0.000,0.000,0.000,0.000,0.000,-3.009,-2.123
123.21,0.815,0,0.935,2.109,0,0.000,0.000,0.000,0.000,0.000,0.000,-3.059,-2.105
123.41,0.823,0,0.935,2.109,0,0.000,0.000,0.000,0.000,0.000,0.000,-3.071,-2.078
123.61,0.822,0,2.088,2.118,1,0.000,0.450,0.000,0.000,0.450,0.000,-3.071,-2.081
123.81,0.822,0,2.088,2.118,1,0.000,0.000,0.000,0.000,0.000,0.000,-3.071,-2.081
124.01,0.817,0,2.088,2.118,1,0.000,0.000,0.000,0.000,0.000,0.000,-3.056,-2.081
124.21,0.816,0,2.086,2.118,1,0.000,0.000,0.000,0.000,0.000,0.000,-3.058,-2.077
124.41,0.816,0,2.086,2.118,1,0.000,0.000,0.000,0.000,0.000,0.000,-3.061,-2.079
124.61,0.816,0,2.088,2.118,1,0.000,0.450,0.000,0.000,0.450,0.000,-3.058,-2.075
124.81,0.816,0,2.088,2.118,1,0.000,0.450,0.000,0.000,0.450,0.000,-3.058,-2.075
125.01,0.814,0,2.088,2.118,1,0.000,0.000,0.000,0.000,0.000,0.000,-3.057,-2.074
125.21,0.814,0,2.088,2.109,1,0.450,0.000,0.000,0.450,0.000,0.000,-3.058,-2.078
125.41,0.814,0,2.088,2.109,1,0.000,0.000,0.000,0.000,0.000,0.000,-3.056,-2.082
125.61,0.814,0,2.078,2.071,1,0.000,0.450,0.000,0.000,0.450,0.000,-3.056,-2.082
125.81,0.805,0,2.078,2.071,1,0.000,0.450,0.000,0.000,0.450,0.000,-3.058,-2.103
126.01,0.790,0,2.078,2.071,1,0.000,0.450,0.000,0.000,0.439,0.000,-3.028,-2.138
126.21,0.769,0,2.012,2.463,0,0.000,0.450,0.000,0.000,0.415,0.000,-3.015,-2.153
126.41,0.758,0,2.012,2.463,0,0.000,0.450,0.000,0.000,0.403,0.000,-2.984,-2.159
126.61,0.758,0,0.959,2.148,0,0.000,0.000,0.000,0.000,0.000,0.000,-2.984,-2.159
126.81,0.753,0,0.959,2.148,0,0.000,0.000,1.000,0.000,0.000,1.000,-2.979,-2.164
127.01,0.748,0,0.959,2.148,0,0.000,0.000,1.000,0.000,0.000,1.000,-2.978,-2.167
127.21,0.751,0,0.971,2.061,0,0.000,0.000,0.000,0.000,0.000,0.000,-2.979,-2.164
127.41,0.752,0,0.971,2.061,0,0.000,0.000,1.000,0.000,0.000,1.000,-2.990,-2.155
127.61,0.752,0,0.957,2.033,0,0.000,0.000,1.000,0.000,0.000,1.000,-2.990,-2.155
127.81,0.751,0,0.957,2.033,0,0.000,0.000,1.000,0.000,0.000,1.000,-2.986,-2.159
128.01,0.751,0,0.957,2.033,0,0.000,0.000,0.000,0.000,0.000,0.000,-2.981,-2.165
128.22,0.748,0,0.964,2.040,0,0.000,0.000,1.000,0.000,0.000,1.000,-2.990,-2.165
128.41,0.752,0,0.964,2.040,0,0.000,0.000,-1.000,0.000,0.000,-1.000,-2.990,-2.165
128.61,0.752,0,0.952,2.057,0,0.000,0.000,-1.000,0.000,0.000,-1.000,-2.987,-2.165
128.81,0.752,0,0.952,2.057,0,0.000,0.000,0.000,0.000,0.000,0.000,-2.997,-2.163
129.01,0.752,0,0.952,2.057,0,0.000,0.000,-1.000,0.000,0.000,-1.000,-2.986,-2.160
129.21,0.752,0,0.957,2.286,0,0.000,0.000,1.000,0.000,0.000,1.000,-2.988,-2.164
129.41,0.752,0,0.957,2.286,0,0.000,0.000,1.000,0.000,0.000,1.000,-2.988,-2.164
129.61,0.753,0,0.967,2.381,0,0.000,0.000,-1.000,0.000,0.000,-1.000,-2.985,-2.157
129.81,0.751,0,0.967,2.381,0,0.000,0.000,1.000,0.000,0.000,1.000,-2.984,-2.162
130.01,0.753,0,0.967,2.381,0,0.000,0.000,1.000,0.000,0.000,1.000,-2.991,-2.167
130.21,0.756,0,0.950,2.388,0,0.000,0.000,-1.000,0.000,0.000,-1.000,-2.986,-2.163
130.41,0.756,0,0.950,2.388,0,0.000,0.000,-1.000,0.000,0.000,-1.000,-2.986,-2.163
130.61,0.756,0,0.948,2.479,0,0.000,0.000,1.000,0.000,0.000,1.000,-2.980,-2.161
130.81,0.758,0,0.948,2.479,0,0.000,0.000,1.000,0.000,0.000,1.000,-2.988,-2.163
131.01,0.756,0,0.948,2.479,0,0.000,0.000,0.000,0.000,0.000,0.000,-2.992,-2.159
131.21,0.756,0,0.949,2.431,0,0.000,0.000,0.000,0.000,0.000,0.000,-2.992,-2.159
131.41,0.756,0,0.949,2.431,0,0.000,0.000,0.000,0.000,0.000,0.000,-2.982,-2.163
131.61,0.757,0,0.948,2.401,0,0.000,0.000,0.000,0.000,0.000,0.000,-2.994,-2.159
131.81,0.757,0,0.948,2.401,0,0.000,0.000,0.000,0.000,0.000,0.000,-2.989,-2.161
132.01,0.757,0,0.948,2.401,0,0.000,0.000,0.000,0.000,0.000,0.000,-2.989,-2.163
132.21,0.757,0,0.948,2.428,0,0.000,0.000,0.000,0.000,0.000,0.000,-2.989,-2.163
132.41,0.757,0,0.948,2.428,0,0.000,0.000,0.000,0.000,0.000,0.000,-2.991,-2.157
132.61,0.756,0,0.949,2.438,0,0.000,0.000,0.000,0.000,0.000,0.000,-2.989,-2.163
132.81,0.758,0,0.949,2.438,0,0.000,0.000,0.000,0.000,0.000,0.000,-2.989,-2.165
133.01,0.757,0,0.949,2.438,0,0.000,0.000,0.000,0.000,0.000,0.000,-2.989,-2.158
133.21,0.757,0,0.947,2.397,0,0.000,0.000,0.000,0.000,0.000,0.000,-2.989,-2.158
133.41,0.757,0,0.947,2.397,0,0.000,0.000,0.000,0.000,0.000,0.000,-2.989,-2.159
133.61,0.752,0,0.950,2.423,0,0.000,0.000,0.000,0.000,0.000,0.000,-2.989,-2.167
133.81,0.759,0,0.950,2.423,0,0.000,0.000,0.000,0.000,0.000,0.000,-2.995,-2.164
134.01,0.757,0,0.950,2.423,0,0.000,0.000,0.000,0.000,0.000,0.000,-2.988,-2.163
134.21,0.757,0,0.950,2.443,0,0.000,0.000,0.000,0.000,0.000,0.000,-2.988,-2.163
134.41,0.752,0,0.950,2.443,0,0.000,0.000,0.000,0.000,0.000,0.000,-2.990,-2.162
134.61,0.757,0,0.949,2.420,0,0.000,0.000,0.000,0.000,0.000,0.000,-2.989,-2.156
134.81,0.757,0,0.949,2.420,0,0.000,0.000,0.000,0.000,0.000,0.000,-2.990,-2.160
135.01,0.756,0,0.949,2.420,0,0.000,0.000,0.000,0.000,0.000,0.000,-2.992,-2.164
135.21,0.756,0,0.948,2.426,0,0.000,0.000,0.000,0.000,0.000,0.000,-2.992,-2.164
135.41,0.756,0,0.948,2.426,0,0.000,0.000,0.000,0.000,0.000,0.000,-2.992,-2.165
135.61,0.756,0,0.978,2.447,0,0.000,0.000,0.000,0.000,0.000,0.000,-2.991,-2.169
135.81,0.756,0,0.978,2.447,0,0.000,0.000,0.000,0.000,0.000,0.000,-2.988,-2.164
136.01,0.756,0,0.978,2.447,0,-0.750,0.000,0.000,-0.750,0.000,0.000,-2.988,-2.164
136.21,0.757,0,0.947,2.410,0,0.000,0.000,0.000,0.000,0.000,0.000,-2.989,-2.167
136.41,0.758,0,0.947,2.410,0,-0.750,0.000,0.000,-0.750,0.000,0.000,-2.991,-2.163
136.61,0.763,0,0.922,2.091,0,0.750,0.000,0.000,0.750,0.000,0.000,-3.011,-2.107
136.81,0.778,0,0.922,2.091,0,0.750,0.000,0.000,0.750,0.000,0.000,-3.016,-2.025
137.01,0.778,0,0.922,2.091,0,0.000,0.000,0.000,0.000,0.000,0.000,-3.016,-2.025
137.22,0.724,0,0.735,2.197,0,0.750,0.000,0.000,0.617,0.000,0.000,-3.054,-1.962
137.41,0.748,0,0.735,2.197,0,0.750,0.000,0.000,0.667,0.000,0.000,-3.035,-1.985
137.61,0.778,0,2.094,2.168,1,0.000,0.000,0.000,0.000,0.000,0.000,-3.038,-2.019
137.81,0.758,0,2.094,2.168,1,0.000,0.750,0.000,0.000,0.672,0.000,-3.005,-2.089
138.01,0.758,0,2.094,2.168,1,0.000,0.750,0.000,0.000,0.672,0.000,-3.005,-2.089
138.22,0.748,0,0.938,1.991,0,0.000,0.000,0.000,0.000,0.000,0.000,-2.994,-2.145
138.41,0.717,0,0.938,1.991,0,0.000,0.000,0.000,0.000,0.000,0.000,-2.934,-2.190
138.61,0.683,0,1.015,1.911,0,0.000,-0.750,0.000,0.000,-0.750,0.000,-2.896,-2.206
138.81,0.683,0,1.015,1.911,0,0.000,-0.750,0.000,0.000,-0.750,0.000,-2.896,-2.206
139.01,0.682,0,1.015,1.911,0,0.000,0.000,0.000,0.000,0.000,0.000,-2.901,-2.206
139.21,0.686,0,1.080,1.918,0,0.000,-0.750,0.000,0.000,-0.750,0.000,-2.900,-2.206
139.41,0.688,0,1.080,1.918,0,0.000,-0.750,0.000,0.000,-0.750,0.000,-2.914,-2.204
139.61,0.697,0,1.022,1.925,0,-0.750,0.000,0.000,-0.750,0.000,0.000,-2.887,-2.220
139.81,0.697,0,1.022,1.925,0,-0.750,0.000,0.000,-0.750,0.000,0.000,-2.887,-2.220
140.01,0.711,0,1.022,1.925,0,0.000,0.000,0.000,0.000,0.000,0.000,-2.894,-2.202
140.21,0.720,0,1.906,1.994,1,0.000,0.000,0.000,0.000,0.000,0.000,-2.942,-2.166
140.41,0.750,0,1.906,1.994,1,0.000,0.000,0.000,0.000,0.000,0.000,-2.986,-2.096
140.61,0.113,0,0.999,2.113,0,0.000,0.000,0.000,0.000,0.000,0.000,-3.023,-2.053
140.81,0.113,0,0.999,2.113,0,0.000,0.750,0.000,0.000,0.705,0.000,-3.023,-2.053
141.01,0.112,0,0.999,2.113,0,0.000,0.000,0.000,0.000,0.000,0.000,-3.027,-2.038
141.21,0.770,0,0.896,2.018,0,0.000,0.750,0.000,0.000,0.712,0.000,-2.996,-2.038
141.41,0.113,0,0.896,2.018,0,0.000,0.750,0.000,0.000,0.682,0.000,-3.013,-2.019
141.61,0.112,0,1.371,1.121,0,0.000,0.750,0.000,0.000,0.682,0.000,-2.991,-2.015
141.81,0.112,0,1.371,1.121,0,0.000,0.750,0.000,0.000,0.750,0.000,-2.991,-2.015
142.01,0.113,0,1.371,1.121,0,0.000,0.750,0.000,0.000,0.750,0.000,-2.968,-2.009
142.21,0.715,0,0.760,0.950,1,0.000,0.750,0.000,0.000,0.750,0.000,-2.921,-1.990
142.41,0.684,0,0.760,0.950,1,0.000,0.750,0.000,0.000,0.750,0.000,-2.887,-1.969
142.61,0.684,0,0.690,0.550,1,0.000,0.750,0.000,0.000,0.750,0.000,-2.887,-1.969
142.81,0.112,0,0.690,0.550,1,0.000,-0.750,0.000,0.000,-0.750,0.000,-2.853,-1.938
143.01,0.112,0,0.690,0.550,1,0.000,-0.750,0.000,0.000,-0.750,0.000,-2.816,-1.907
143.21,0.113,0,0.605,0.480,1,0.000,0.000,0.000,0.000,0.000,0.000,-2.786,-1.914
143.41,0.577,0,0.605,0.480,1,0.000,-0.750,0.000,0.000,-0.750,0.000,-2.821,-1.911
143.61,0.577,0,0.584,0.476,1,0.000,-0.750,0.000,0.000,-0.750,0.000,-2.821,-1.911
143.81,0.580,0,0.584,0.476,1,0.000,0.000,0.000,0.000,0.000,0.000,-2.788,-1.940
144.01,0.579,0,0.584,0.476,1,0.000,0.000,1.000,0.000,0.000,1.000,-2.794,-1.920
144.21,0.579,0,0.586,0.476,1,0.000,0.000,1.000,0.000,0.000,1.000,-2.834,-1.946
144.41,0.579,0,0.586,0.476,1,0.000,0.000,1.000,0.000,0.000,1.000,-2.822,-1.933
144.61,0.579,0,0.586,0.477,1,0.000,0.000,0.000,0.000,0.000,0.000,-2.822,-1.933
144.81,0.580,0,0.586,0.477,1,0.000,0.000,1.000,0.000,0.000,1.000,-2.821,-1.932
145.01,0.582,0,0.586,0.477,1,0.000,0.000,1.000,0.000,0.000,1.000,-2.825,-1.930
145.21,0.583,0,0.589,0.478,1,0.000,0.000,-1.000,0.000,0.000,-1.000,-2.826,-1.929
145.41,0.581,0,0.589,0.478,1,0.000,0.000,-1.000,0.000,0.000,-1.000,-2.827,-1.938
145.61,0.581,0,0.588,0.479,1,0.000,0.000,0.000,0.000,0.000,0.000,-2.827,-1.938
145.81,0.581,0,0.588,0.479,1,0.000,0.000,-1.000,0.000,0.000,-1.000,-2.829,-1.940
146.01,0.584,0,0.588,0.479,1,0.000,0.000,-1.000,0.000,0.000,-1.000,-2.836,-1.927
146.21,0.583,0,0.591,0.480,1,0.000,0.000,-1.000,0.000,0.000,-1.000,-2.831,-1.938
146.41,0.583,0,0.591,0.480,1,0.000,0.000,-1.000,0.000,0.000,-1.000,-2.831,-1.938
146.61,0.581,0,0.588,0.479,1,0.000,0.000,1.000,0.000,0.000,1.000,-2.829,-1.933
146.81,0.583,0,0.588,0.479,1,0.000,0.000,1.000,0.000,0.000,1.000,-2.829,-1.934
147.01,0.585,0,0.588,0.479,1,0.000,0.000,-1.000,0.000,0.000,-1.000,-2.831,-1.925
147.21,0.582,0,0.592,0.480,1,0.000,0.000,-1.000,0.000,0.000,-1.000,-2.840,-1.934
147.41,0.582,0,0.592,0.480,1,-0.750,0.000,0.000,-0.750,0.000,0.000,-2.840,-1.934
147.61,0.582,0,0.589,0.482,1,-0.750,0.000,0.000,-0.750,0.000,0.000,-2.832,-1.929
147.81,0.596,0,0.589,0.482,1,0.000,0.000,0.000,0.000,0.000,0.000,-2.820,-1.925
148.01,0.653,0,0.589,0.482,1,0.000,0.000,0.000,0.000,0.000,0.000,-2.852,-1.900
148.21,0.672,0,0.659,0.570,1,-0.750,0.000,0.000,-0.750,0.000,0.000,-2.928,-1.913
148.41,0.672,0,0.659,0.570,1,-0.750,0.000,0.000,-0.750,0.000,0.000,-2.928,-1.913
148.61,0.675,0,0.681,0.586,1,0.000,0.000,0.000,0.000,0.000,0.000,-2.914,-1.907
148.81,0.721,0,0.681,0.586,1,-0.750,0.000,0.000,-0.750,0.000,0.000,-2.942,-1.892
149.01,0.704,0,0.681,0.586,1,-0.750,0.000,0.000,-0.750,0.000,0.000,-3.016,-1.909
149.21,0.679,0,0.782,0.724,1,-0.750,0.000,0.000,-0.750,0.000,0.000,-3.092,-1.890
149.41,0.679,0,0.782,0.724,1,-0.750,0.000,0.000,-0.750,0.000,0.000,-3.092,-1.890
149.61,0.678,0,1.031,1.134,1,0.000,0.000,0.000,0.000,0.000,0.000,-3.207,-1.903
149.81,0.691,0,1.031,1.134,1,-0.750,0.000,0.000,-0.750,0.000,0.000,-3.419,-1.962
150.01,0.735,0,1.031,1.134,1,0.750,0.000,0.000,0.750,0.000,0.000,-3.591,-2.035
150.21,0.829,0,1.354,1.490,1,0.750,0.000,0.000,0.750,0.000,0.000,-3.591,-2.035
150.41,0.829,0,1.354,1.490,1,0.000,0.000,0.000,0.000,0.000,0.000,-3.804,-2.101
150.61,0.112,0,1.097,1.732,0,0.750,0.000,0.000,0.750,0.000,0.000,-3.896,-2.209
150.81,0.730,0,1.097,1.732,0,0.750,0.000,0.000,0.750,0.000,0.000,-3.871,-2.179
151.01,0.780,0,1.097,1.732,0,0.750,0.000,0.000,0.750,0.000,0.000,-3.845,-2.179
151.21,0.780,0,1.074,1.706,0,0.000,0.750,0.000,0.000,0.750,0.000,-3.845,-2.179
151.41,0.801,0,1.074,1.706,0,0.000,-0.750,0.000,0.000,-0.750,0.000,-3.753,-2.151
151.61,0.802,0,1.383,1.429,1,0.000,-0.750,0.000,0.000,-0.750,0.000,-3.651,-2.099
151.81,0.755,0,1.383,1.429,1,0.000,0.000,0.000,0.000,0.000,0.000,-3.556,-2.073
152.01,0.771,0,1.383,1.429,1,0.000,0.000,0.000,0.000,0.000,0.000,-3.554,-2.058
152.21,0.771,0,1.283,1.400,1,0.000,-0.750,0.000,0.000,-0.750,0.000,-3.554,-2.058
152.41,0.775,0,1.283,1.400,1,0.000,0.000,0.000,0.000,0.000,0.000,-3.547,-2.080
152.61,0.779,0,1.278,1.542,0,0.000,-0.750,0.000,0.000,-0.750,0.000,-3.490,-2.064
152.81,0.788,0,1.278,1.542,0,0.000,-0.750,0.000,0.000,-0.750,0.000,-3.515,-2.085
153.01,0.792,0,1.278,1.542,0,0.000,0.750,0.000,0.000,0.735,0.000,-3.469,-2.090
153.21,0.792,0,0.871,1.817,0,0.000,0.750,0.000,0.000,0.735,0.000,-3.469,-2.090
153.41,0.112,0,0.871,1.817,0,0.000,0.000,0.000,0.000,0.000,0.000,-3.512,-2.090
153.61,0.113,0,0.862,1.816,0,0.000,0.750,0.000,0.000,0.720,0.000,-3.508,-2.118
153.81,0.780,0,0.862,1.816,0,0.000,0.750,0.000,0.000,0.712,0.000,-3.534,-2.100
154.01,0.774,0,0.862,1.816,0,0.000,0.750,0.000,0.000,0.712,0.000,-3.530,-2.084
154.21,0.774,0,0.855,1.812,0,0.000,0.750,0.000,0.000,0.701,0.000,-3.530,-2.084
154.41,0.754,0,0.855,1.812,0,0.000,0.750,0.000,0.000,0.664,0.000,-3.542,-2.062
154.61,0.723,0,0.814,1.815,0,0.000,0.750,0.000,0.000,0.606,0.000,-3.557,-2.025
154.81,0.688,0,0.814,1.815,0,0.000,0.750,0.000,0.000,0.540,0.000,-3.565,-1.979
155.01,0.664,0,0.814,1.815,0,0.000,0.750,0.000,0.000,0.495,0.000,-3.556,-1.965
155.21,0.664,0,0.759,1.785,0,0.750,0.000,0.000,0.664,0.000,0.000,-3.556,-1.965
155.41,0.658,0,0.759,1.785,0,0.750,0.000,0.000,0.658,0.000,0.000,-3.571,-1.961
155.61,0.646,0,0.742,1.668,0,0.750,0.000,0.000,0.632,0.000,0.000,-3.542,-1.927
155.81,0.641,0,0.742,1.668,0,0.750,0.000,0.000,0.622,0.000,0.000,-3.553,-1.942
156.01,0.639,0,0.742,1.668,0,0.750,0.000,0.000,0.622,0.000,0.000,-3.553,-1.942
156.21,0.639,0,0.736,1.603,0,-0.750,0.000,0.000,-0.750,0.000,0.000,-3.565,-1.950
156.41,0.639,0,0.736,1.603,0,-0.750,0.000,0.000,-0.750,0.000,0.000,-3.558,-1.942
156.61,0.653,0,0.758,1.573,0,0.000,0.000,0.000,0.000,0.000,0.000,-3.597,-1.961
156.81,0.701,0,0.758,1.573,0,0.000,0.000,0.000,0.000,0.000,0.000,-3.562,-2.020
157.01,0.701,0,0.758,1.573,0,0.750,0.000,0.000,0.750,0.000,0.000,-3.562,-2.020
157.21,0.111,0,0.900,1.460,0,0.000,0.000,0.000,0.000,0.000,0.000,-3.621,-2.041
157.41,0.708,0,0.900,1.460,0,0.750,0.000,0.000,0.750,0.000,0.000,-3.604,-1.998
157.61,0.683,0,1.257,1.323,1,0.750,0.000,0.000,0.750,0.000,0.000,-3.517,-1.978
157.81,0.667,0,1.257,1.323,1,0.000,0.000,0.000,0.000,0.000,0.000,-3.457,-1.977
158.01,0.667,0,1.257,1.323,1,0.000,0.000,0.000,0.000,0.000,0.000,-3.457,-1.977
158.21,0.657,0,1.097,1.185,1,0.000,0.000,0.000,0.000,0.000,0.000,-3.371,-1.936
158.41,0.649,0,1.097,1.185,1,0.000,0.000,0.000,0.000,0.000,0.000,-3.297,-1.917
158.61,0.639,0,1.021,1.094,1,0.000,0.000,0.000,0.000,0.000,0.000,-3.270,-1.901
158.81,0.638,0,1.021,1.094,1,0.000,0.000,0.000,0.000,0.000,0.000,-3.264,-1.899
159.01,0.638,0,1.021,1.094,1,0.000,-0.750,0.000,0.000,-0.750,0.000,-3.264,-1.899
159.21,0.638,0,1.025,1.100,1,0.000,0.000,0.000,0.000,0.000,0.000,-3.245,-1.895
159.41,0.645,0,1.025,1.100,1,0.000,0.000,-1.000,0.000,0.000,-1.000,-3.218,-1.868
159.61,0.652,0,1.020,1.465,0,0.000,0.000,0.000,0.000,0.000,0.000,-3.264,-1.903
159.81,0.651,0,1.020,1.465,0,0.000,0.000,-1.000,0.000,0.000,-1.000,-3.260,-1.902
160.01,0.651,0,1.020,1.465,0,0.000,0.000,-1.000,0.000,0.000,-1.000,-3.260,-1.902
160.21,0.111,0,1.016,1.462,0,0.000,0.000,-1.000,0.000,0.000,-1.000,-3.260,-1.893
160.41,0.651,0,1.016,1.462,0,0.000,0.000,-1.000,0.000,0.000,-1.000,-3.262,-1.901
160.61,0.113,0,1.015,1.464,0,0.000,0.000,-1.000,0.000,0.000,-1.000,-3.260,-1.904
160.82,0.651,0,1.015,1.464,0,0.000,0.000,-1.000,0.000,0.000,-1.000,-3.266,-1.912
161.01,0.651,0,1.015,1.464,0,0.000,0.000,1.000,0.000,0.000,1.000,-3.266,-1.912
161.21,0.651,0,1.017,1.460,0,0.000,0.000,1.000,0.000,0.000,1.000,-3.261,-1.911
161.41,0.112,0,1.017,1.460,0,0.000,0.000,0.000,0.000,0.000,0.000,-3.262,-1.900
161.61,0.111,1,1.016,1.466,0,0.000,0.000,-1.000,0.000,0.000,0.000,-3.261,-1.915
161.82,0.650,1,1.016,1.466,0,0.000,0.000,-1.000,0.000,0.000,0.000,-3.263,-1.909
162.01,0.650,0,1.016,1.466,0,0.000,0.000,-1.000,0.000,0.000,-1.000,-3.263,-1.909
162.21,0.651,0,1.014,1.462,0,0.000,0.000,-1.000,0.000,0.000,-1.000,-3.261,-1.913
162.41,0.651,0,1.014,1.462,0,-0.750,0.000,0.000,-0.750,0.000,0.000,-3.260,-1.910
162.61,0.652,0,1.017,1.470,0,-0.750,0.000,0.000,-0.750,0.000,0.000,-3.253,-1.900
162.81,0.111,0,1.017,1.470,0,-0.750,0.000,0.000,-0.750,0.000,0.000,-3.253,-1.900
163.01,0.111,1,1.017,1.470,0,-0.750,0.000,0.000,0.000,0.000,0.000,-3.285,-1.915
163.21,0.684,0,1.059,1.422,0,0.000,0.000,0.000,0.000,0.000,0.000,-3.375,-1.945
163.41,0.707,0,1.059,1.422,0,0.000,0.000,0.000,0.000,0.000,0.000,-3.411,-1.978
163.61,0.716,0,1.191,1.502,0,0.000,0.000,0.000,0.000,0.000,0.000,-3.453,-2.013
163.81,0.716,0,1.191,1.502,0,0.000,0.000,0.000,0.000,0.000,0.000,-3.453,-2.013
164.01,0.112,0,1.191,1.502,0,0.000,0.750,0.000,0.000,0.594,0.000,-3.451,-2.011
164.21,0.716,0,1.202,1.505,0,0.000,0.000,0.000,0.000,0.000,0.000,-3.459,-2.000
164.41,0.711,0,1.202,1.505,0,0.000,0.000,0.000,0.000,0.000,0.000,-3.484,-2.035
164.61,0.713,0,1.218,1.524,0,0.000,0.750,0.000,0.000,0.587,0.000,-3.468,-1.992
164.81,0.713,0,1.218,1.524,0,0.000,0.750,0.000,0.000,0.587,0.000,-3.468,-1.992
165.01,0.711,0,1.218,1.524,0,0.000,0.000,0.000,0.000,0.000,0.000,-3.461,-1.996
165.22,0.698,0,1.225,1.715,0,0.000,0.000,0.000,0.000,0.000,0.000,-3.504,-2.015
165.41,0.112,0,1.225,1.715,0,0.000,0.750,0.000,0.000,0.559,0.000,-3.491,-1.991
165.61,0.111,0,1.242,1.670,0,0.000,0.750,0.000,0.000,0.559,0.000,-3.494,-1.993
165.81,0.111,0,1.242,1.670,0,0.000,0.000,0.000,0.000,0.000,0.000,-3.494,-1.993
166.01,0.112,0,1.242,1.670,0,0.000,0.000,0.000,0.000,0.000,0.000,-3.498,-1.993
166.21,0.695,0,1.247,1.684,0,0.000,0.000,0.000,0.000,0.000,0.000,-3.495,-1.995
166.41,0.694,0,1.247,1.684,0,0.000,0.000,0.000,0.000,0.000,0.000,-3.502,-1.996
166.61,0.693,0,1.247,1.680,0,0.000,0.000,0.000,0.000,0.000,0.000,-3.502,-1.997
166.81,0.693,0,1.247,1.680,0,0.000,0.000,0.000,0.000,0.000,0.000,-3.502,-1.997
167.01,0.111,0,1.247,1.680,0,0.000,0.000,0.000,0.000,0.000,0.000,-3.499,-1.995
167.21,0.695,0,1.246,1.693,0,0.000,0.000,0.000,0.000,0.000,0.000,-3.501,-1.998
167.41,0.696,0,1.246,1.693,0,0.000,0.000,0.000,0.000,0.000,0.000,-3.500,-1.999
167.61,0.112,0,1.249,1.690,0,0.000,0.000,0.000,0.000,0.000,0.000,-3.498,-1.991
167.81,0.112,0,1.249,1.690,0,0.000,0.000,0.000,0.000,0.000,0.000,-3.498,-1.991
168.01,0.112,0,1.249,1.690,0,0.000,0.000,0.000,0.000,0.000,0.000,-3.496,-1.990
168.21,0.113,0,1.246,1.692,0,0.000,0.000,0.000,0.000,0.000,0.000,-3.496,-1.997
168.41,0.697,0,1.246,1.692,0,0.000,0.000,0.000,0.000,0.000,0.000,-3.498,-1.992
168.61,0.111,0,1.248,1.691,0,0.000,0.000,0.000,0.000,0.000,0.000,-3.497,-1.993
168.81,0.111,0,1.248,1.691,0,0.000,0.000,0.000,0.000,0.000,0.000,-3.497,-1.993
169.01,0.112,0,1.248,1.691,0,0.000,0.000,0.000,0.000,0.000,0.000,-3.493,-1.996
169.21,0.111,0,1.248,1.690,0,0.000,0.000,0.000,0.000,0.000,0.000,-3.503,-1.993
169.41,0.698,0,1.248,1.690,0,0.000,0.000,0.000,0.000,0.000,0.000,-3.496,-1.998
169.61,0.698,0,1.251,1.694,0,0.000,0.000,0.000,0.000,0.000,0.000,-3.496,-1.998
169.81,0.698,0,1.251,1.694,0,0.000,0.000,0.000,0.000,0.000,0.000,-3.496,-1.994
170.01,0.698,0,1.251,1.694,0,0.000,0.000,0.000,0.000,0.000,0.000,-3.495,-1.991
170.21,0.112,0,1.252,1.692,0,0.000,0.000,0.000,0.000,0.000,0.000,-3.500,-1.992
170.41,0.698,0,1.252,1.692,0,0.000,0.000,0.000,0.000,0.000,0.000,-3.498,-1.988
170.61,0.698,0,1.249,1.695,0,0.000,0.000,0.000,0.000,0.000,0.000,-3.498,-1.988
170.82,0.111,0,1.249,1.695,0,0.000,0.000,0.000,0.000,0.000,0.000,-3.495,-1.989
171.01,0.698,0,1.249,1.695,0,0.000,0.000,0.000,0.000,0.000,0.000,-3.500,-1.994
171.21,0.698,0,1.246,1.692,0,0.000,0.000,0.000,0.000,0.000,0.000,-3.503,-1.990
171.41,0.111,0,1.246,1.692,0,0.000,0.000,0.000,0.000,0.000,0.000,-3.498,-1.993
171.61,0.111,0,1.252,1.692,0,0.000,0.000,0.000,0.000,0.000,0.000,-3.498,-1.993
171.81,0.699,0,1.252,1.692,0,0.000,0.000,0.000,0.000,0.000,0.000,-3.497,-1.992
172.02,0.111,0,1.252,1.692,0,0.000,0.000,0.000,0.000,0.000,0.000,-3.501,-1.992
172.21,0.111,0,1.250,1.685,0,0.000,0.000,0.000,0.000,0.000,0.000,-3.501,-1.986
172.41,0.111,0,1.250,1.685,0,0.000,0.000,0.000,0.000,0.000,0.000,-3.502,-1.991
172.61,0.111,0,1.247,1.689,0,0.000,0.000,0.000,0.000,0.000,0.000,-3.502,-1.991
172.82,0.113,0,1.247,1.689,0,0.000,0.000,0.000,0.000,0.000,0.000,-3.497,-1.992
173.01,0.698,0,1.247,1.689,0,0.000,0.000,0.000,0.000,0.000,0.000,-3.496,-1.987
173.21,0.699,0,1.253,1.681,0,0.000,0.000,0.000,0.000,0.000,0.000,-3.494,-1.988
173.41,0.111,0,1.253,1.681,0,0.000,0.000,0.000,0.000,0.000,0.000,-3.495,-1.988
173.61,0.111,0,1.250,1.683,0,0.000,0.000,0.000,0.000,0.000,0.000,-3.495,-1.988
173.81,0.111,0,1.250,1.683,0,1.000,0.000,0.000,1.000,0.000,0.000,-3.499,-1.988
174.01,0.112,0,1.250,1.683,0,1.000,0.000,0.000,1.000,0.000,0.000,-3.500,-1.987
174.21,0.113,0,1.246,1.662,0,0.000,0.000,0.000,0.000,0.000,0.000,-3.471,-1.981
174.41,0.682,0,1.246,1.662,0,0.000,0.000,0.000,0.000,0.000,0.000,-3.449,-1.970
174.61,0.682,0,1.180,1.630,0,0.000,0.000,0.000,0.000,0.000,0.000,-3.449,-1.970
174.81,0.668,0,1.180,1.630,0,-1.000,0.000,0.000,-1.000,0.000,0.000,-3.414,-1.937
175.01,0.111,1,1.180,1.630,0,-1.000,0.000,0.000,0.000,0.000,0.000,-3.432,-1.948
175.21,0.113,0,1.166,1.659,0,0.000,1.000,0.000,0.000,0.705,0.000,-3.461,-1.965
175.41,0.683,0,1.166,1.659,0,0.000,0.000,0.000,0.000,0.000,0.000,-3.490,-1.971
175.61,0.683,0,1.222,1.688,0,0.000,0.000,0.000,0.000,0.000,0.000,-3.490,-1.971
175.81,0.670,0,1.222,1.688,0,0.000,0.000,0.000,0.000,0.000,0.000,-3.499,-1.959
176.01,0.666,0,1.222,1.688,0,0.000,-1.000,0.000,0.000,-1.000,0.000,-3.497,-1.948
176.21,0.666,0,1.248,1.712,0,0.000,-1.000,0.000,0.000,-1.000,0.000,-3.484,-1.956
176.41,0.672,0,1.248,1.712,0,0.000,0.000,0.000,0.000,0.000,0.000,-3.497,-1.931
176.61,0.672,0,0.801,1.722,0,0.000,0.000,0.000,0.000,0.000,0.000,-3.497,-1.931
176.81,0.676,0,0.801,1.722,0,0.000,1.000,0.000,0.000,0.690,0.000,-3.495,-1.962
177.01,0.676,0,0.801,1.722,0,0.000,1.000,0.000,0.000,0.690,0.000,-3.490,-1.962
177.21,0.673,0,0.743,1.723,0,0.000,0.000,0.000,0.000,0.000,0.000,-3.536,-1.969
177.41,0.668,0,0.743,1.723,0,0.000,1.000,0.000,0.000,0.682,0.000,-3.513,-1.963
177.61,0.668,0,1.239,1.701,0,0.000,1.000,0.000,0.000,0.670,0.000,-3.513,-1.963
177.81,0.113,0,1.239,1.701,0,0.000,1.000,0.000,0.000,0.663,0.000,-3.541,-1.966
178.01,0.655,0,1.239,1.701,0,0.000,0.000,0.000,0.000,0.000,0.000,-3.548,-1.985
178.21,0.645,0,1.246,1.330,1,0.000,0.000,0.000,0.000,0.000,0.000,-3.514,-1.957
178.41,0.642,0,1.246,1.330,1,0.000,0.000,0.000,0.000,0.000,0.000,-3.514,-1.957
178.61,0.642,0,1.250,1.318,1,0.000,0.000,0.000,0.000,0.000,0.000,-3.508,-1.935
178.81,0.618,0,1.250,1.318,1,0.000,0.000,0.000,0.000,0.000,0.000,-3.510,-1.931
179.01,0.615,0,1.250,1.318,1,0.000,0.000,0.000,0.000,0.000,0.000,-3.509,-1.936
179.21,0.611,0,1.254,1.319,1,0.000,0.000,0.000,0.000,0.000,0.000,-3.507,-1.941
179.41,0.578,0,1.254,1.319,1,0.000,0.000,0.000,0.000,0.000,0.000,-3.507,-1.941
179.61,0.578,0,1.253,1.320,1,0.000,0.000,0.000,0.000,0.000,0.000,-3.511,-1.934
179.81,0.538,0,1.253,1.320,1,0.000,0.000,0.000,0.000,0.000,0.000,-3.502,-1.932
180.01,0.518,0,1.253,1.320,1,0.000,0.000,0.000,0.000,0.000,0.000,-3.500,-1.939
180.21,0.518,0,1.259,1.321,1,0.000,1.000,0.000,0.000,0.295,0.000,-3.509,-1.930
180.41,0.523,0,1.259,1.321,1,0.000,1.000,0.000,0.000,0.295,0.000,-3.509,-1.930
180.61,0.523,0,1.254,1.322,1,0.000,0.000,0.000,0.000,0.000,0.000,-3.508,-1.924
180.81,0.523,0,1.254,1.322,1,1.000,0.000,0.000,1.000,0.000,0.000,-3.511,-1.926
181.01,0.524,0,1.254,1.322,1,1.000,0.000,0.000,1.000,0.000,0.000,-3.509,-1.935
181.21,0.518,0,1.258,1.308,1,0.000,0.000,0.000,0.000,0.000,0.000,-3.481,-1.890
181.41,0.518,0,1.258,1.308,1,0.000,0.000,0.000,0.000,0.000,0.000,-3.481,-1.890
181.61,0.502,0,1.229,1.297,1,1.000,0.000,0.000,1.000,0.000,0.000,-3.500,-1.928
181.81,0.506,0,1.229,1.297,1,1.000,0.000,0.000,1.000,0.000,0.000,-3.481,-1.920
182.01,0.490,0,1.229,1.297,1,1.000,0.000,0.000,1.000,0.000,0.000,-3.446,-1.862
182.21,0.468,0,1.212,1.311,1,1.000,0.000,0.000,1.000,0.000,0.000,-3.446,-1.913
182.41,0.468,0,1.212,1.311,1,0.000,0.000,0.000,0.000,0.000,0.000,-3.446,-1.913
182.61,0.458,0,1.145,1.252,1,0.000,0.000,0.000,0.000,0.000,0.000,-3.387,-1.917
182.81,0.424,0,1.145,1.252,1,0.000,0.000,0.000,0.000,0.000,0.000,-3.370,-1.891
183.01,0.413,0,1.145,1.252,1,0.000,0.000,0.000,0.000,0.000,0.000,-3.306,-1.866
183.21,0.411,0,1.052,1.129,1,0.000,0.000,0.000,0.000,0.000,0.000,-3.287,-1.860
183.41,0.411,0,1.052,1.129,1,0.000,0.000,0.000,0.000,0.000,0.000,-3.287,-1.860
183.61,0.411,0,1.042,1.121,1,0.000,0.000,0.000,0.000,0.000,0.000,-3.288,-1.849
183.81,0.411,0,1.042,1.121,1,0.000,0.000,-1.000,0.000,0.000,-1.000,-3.283,-1.861
184.01,0.411,0,1.042,1.121,1,0.000,0.000,-1.000,0.000,0.000,-1.000,-3.291,-1.856
184.21,0.411,0,1.041,1.120,1,0.000,0.000,0.000,0.000,0.000,0.000,-3.287,-1.855
184.41,0.411,0,1.041,1.120,1,0.000,0.000,-1.000,0.000,0.000,-1.000,-3.287,-1.855
184.61,0.411,0,1.036,1.124,1,0.000,0.000,-1.000,0.000,0.000,-1.000,-3.288,-1.853
184.81,0.411,0,1.036,1.124,1,0.000,0.000,-1.000,0.000,0.000,-1.000,-3.289,-1.856
185.01,0.411,0,1.036,1.124,1,0.000,0.000,-1.000,0.000,0.000,-1.000,-3.290,-1.848
185.21,0.412,0,1.036,1.117,1,0.000,0.000,-1.000,0.000,0.000,-1.000,-3.286,-1.852
185.41,0.412,0,1.036,1.117,1,0.000,0.000,1.000,0.000,0.000,1.000,-3.286,-1.852
185.61,0.419,0,1.043,1.121,1,0.000,0.000,0.000,0.000,0.000,0.000,-3.287,-1.849
185.81,0.445,0,1.043,1.121,1,0.000,0.000,0.000,0.000,0.000,0.000,-3.287,-1.851
186.01,0.476,0,1.043,1.121,1,0.000,0.000,-1.000,0.000,0.000,-1.000,-3.291,-1.846
186.21,0.486,0,1.039,1.119,1,0.000,0.000,-1.000,0.000,0.000,-1.000,-3.289,-1.853
186.41,0.486,0,1.039,1.119,1,0.000,0.000,-1.000,0.000,0.000,-1.000,-3.289,-1.853
186.61,0.490,0,1.044,1.120,1,0.000,0.000,-1.000,0.000,0.000,-1.000,-3.285,-1.856
186.81,0.493,0,1.044,1.120,1,0.000,0.000,-1.000,0.000,0.000,-1.000,-3.285,-1.854
187.01,0.496,0,1.044,1.120,1,0.000,0.000,-1.000,0.000,0.000,-1.000,-3.284,-1.855
187.21,0.501,0,1.039,1.117,1,0.000,0.000,0.000,0.000,0.000,0.000,-3.285,-1.854
187.41,0.501,0,1.039,1.117,1,0.000,0.000,0.000,0.000,0.000,0.000,-3.285,-1.854
187.61,0.555,0,1.044,1.116,1,0.000,0.000,0.000,0.000,0.000,0.000,-3.285,-1.860
187.81,0.544,0,1.044,1.116,1,0.000,0.000,0.000,0.000,0.000,0.000,-3.288,-1.859
188.02,0.558,0,1.044,1.116,1,0.000,0.000,0.000,0.000,0.000,0.000,-3.289,-1.856
188.21,0.558,0,1.040,1.118,1,0.000,0.000,0.000,0.000,0.000,0.000,-3.285,-1.858
188.41,0.558,0,1.040,1.118,1,0.000,0.000,0.000,0.000,0.000,0.000,-3.285,-1.858
188.61,0.554,0,1.044,1.119,1,0.000,0.000,-1.000,0.000,0.000,-1.000,-3.287,-1.856
188.81,0.558,0,1.044,1.119,1,0.000,0.000,0.000,0.000,0.000,0.000,-3.282,-1.858
189.02,0.554,0,1.044,1.119,1,0.000,0.000,-1.000,0.000,0.000,-1.000,-3.279,-1.857
189.21,0.553,0,1.044,1.118,1,0.000,0.000,-1.000,0.000,0.000,-1.000,-3.278,-1.855
189.41,0.553,0,1.044,1.118,1,0.000,0.000,-1.000,0.000,0.000,-1.000,-3.278,-1.855
189.61,0.553,0,1.037,1.118,1,0.000,0.000,-1.000,0.000,0.000,-1.000,-3.283,-1.855
189.81,0.553,0,1.037,1.118,1,0.000,0.000,-1.000,0.000,0.000,-1.000,-3.280,-1.856
190.01,0.553,0,1.037,1.118,1,-1.000,0.000,0.000,-1.000,0.000,0.000,-3.281,-1.859
190.21,0.553,0,1.039,1.117,1,-1.000,0.000,0.000,-1.000,0.000,0.000,-3.273,-1.861
190.41,0.558,0,1.039,1.117,1,0.000,0.000,0.000,0.000,0.000,0.000,-3.273,-1.861
190.61,0.558,0,1.075,1.297,0,0.000,1.000,0.000,0.000,0.395,0.000,-3.293,-1.847
190.81,0.578,0,1.075,1.297,0,0.000,0.000,0.000,0.000,0.000,0.000,-3.343,-1.869
191.01,0.573,0,1.075,1.297,0,0.000,0.000,0.000,0.000,0.000,0.000,-3.345,-1.872
191.21,0.575,0,1.101,1.308,0,1.000,0.000,0.000,1.000,0.000,0.000,-3.347,-1.867
191.41,0.575,0,1.101,1.308,0,1.000,0.000,0.000,1.000,0.000,0.000,-3.347,-1.867
191.61,0.575,0,1.101,1.171,1,0.000,0.000,0.000,0.000,0.000,0.000,-3.361,-1.878
191.81,0.573,0,1.101,1.171,1,0.000,0.000,0.000,0.000,0.000,0.000,-3.358,-1.872
192.01,0.577,0,1.101,1.171,1,1.000,0.000,0.000,1.000,0.000,0.000,-3.326,-1.866
192.21,0.576,0,1.094,1.165,1,1.000,0.000,0.000,1.000,0.000,0.000,-3.382,-1.881
192.41,0.574,0,1.094,1.165,1,0.000,0.000,0.000,0.000,0.000,0.000,-3.382,-1.881
192.61,0.574,0,1.053,0.952,1,0.000,0.000,0.000,0.000,0.000,0.000,-3.328,-1.902
192.81,0.567,0,1.053,0.952,1,0.000,0.000,0.000,0.000,0.000,0.000,-3.279,-1.881
193.01,0.565,0,1.053,0.952,1,0.000,0.000,0.000,0.000,0.000,0.000,-3.263,-1.871
193.21,0.565,0,1.020,0.927,1,0.000,0.000,0.000,0.000,0.000,0.000,-3.259,-1.874
193.41,0.566,0,1.020,0.927,1,0.000,0.000,1.000,0.000,0.000,1.000,-3.258,-1.869
193.61,0.566,0,1.019,0.929,1,0.000,0.000,1.000,0.000,0.000,1.000,-3.258,-1.869
193.81,0.565,0,1.019,0.929,1,1.000,0.000,0.000,1.000,0.000,0.000,-3.261,-1.869
194.01,0.565,0,1.019,0.929,1,1.000,0.000,0.000,1.000,0.000,0.000,-3.267,-1.869
194.21,0.565,0,1.019,0.940,1,0.000,0.000,0.000,0.000,0.000,0.000,-3.245,-1.875
194.41,0.560,0,1.019,0.940,1,0.000,0.000,0.000,0.000,0.000,0.000,-3.245,-1.875
194.61,0.560,0,0.923,0.795,1,-1.000,0.000,0.000,-1.000,0.000,0.000,-3.183,-1.873
194.81,0.564,0,0.923,0.795,1,-1.000,0.000,0.000,-1.000,0.000,0.000,-3.137,-1.873
195.01,0.564,0,0.923,0.795,1,0.000,0.000,0.000,0.000,0.000,0.000,-3.137,-1.849
195.21,0.557,0,0.904,0.835,1,0.000,0.000,0.000,0.000,0.000,0.000,-3.199,-1.856
195.41,0.559,0,0.904,0.835,1,0.000,1.000,0.000,0.000,0.392,0.000,-3.223,-1.872
195.61,0.559,0,0.983,0.901,1,0.000,1.000,0.000,0.000,0.398,0.000,-3.223,-1.872
195.81,0.556,0,0.983,0.901,1,0.000,0.000,0.000,0.000,0.000,0.000,-3.214,-1.867
196.01,0.544,0,0.983,0.901,1,0.000,1.000,0.000,0.000,0.360,0.000,-3.230,-1.838
196.21,0.543,0,0.986,0.910,1,0.000,1.000,0.000,0.000,0.357,0.000,-3.231,-1.847
196.41,0.542,0,0.986,0.910,1,0.000,1.000,0.000,0.000,0.357,0.000,-3.229,-1.845
196.61,0.542,0,0.991,0.913,1,0.000,1.000,0.000,0.000,0.355,0.000,-3.229,-1.845
196.81,0.542,0,0.991,0.913,1,0.000,-1.000,0.000,0.000,-1.000,0.000,-3.237,-1.847
197.01,0.542,0,0.991,0.913,1,0.000,0.000,0.000,0.000,0.000,0.000,-3.249,-1.846
197.21,0.554,0,0.990,0.896,1,0.000,-1.000,0.000,0.000,-1.000,0.000,-3.235,-1.866
197.41,0.557,0,0.990,0.896,1,0.000,-1.000,0.000,0.000,-1.000,0.000,-3.209,-1.856
197.61,0.557,0,0.978,0.899,1,0.000,1.000,0.000,0.000,0.392,0.000,-3.209,-1.856
197.82,0.567,0,0.978,0.899,1,0.000,1.000,0.000,0.000,0.417,0.000,-3.205,-1.844
198.01,0.565,0,0.978,0.899,1,0.000,1.000,0.000,0.000,0.412,0.000,-3.236,-1.869
198.21,0.560,0,0.970,0.900,1,0.000,1.000,0.000,0.000,0.400,0.000,-3.222,-1.871
198.41,0.558,0,0.970,0.900,1,0.000,1.000,0.000,0.000,0.400,0.000,-3.235,-1.863
198.61,0.558,0,0.977,0.883,1,0.000,1.000,0.000,0.000,0.395,0.000,-3.235,-1.863
198.81,0.556,0,0.977,0.883,1,0.000,1.000,0.000,0.000,0.390,0.000,-3.222,-1.851
199.01,0.556,0,0.977,0.883,1,0.000,1.000,0.000,0.000,0.390,0.000,-3.222,-1.848
199.21,0.556,0,0.972,0.883,1,0.000,-1.000,0.000,0.000,-1.000,0.000,-3.224,-1.853
199.41,0.558,0,0.972,0.883,1,0.000,-1.000,0.000,0.000,-1.000,0.000,-3.215,-1.857
199.61,0.558,0,0.975,0.902,1,0.000,0.000,0.000,0.000,0.000,0.000,-3.215,-1.857
199.81,0.573,0,0.975,0.902,1,0.000,-1.000,0.000,0.000,-1.000,0.000,-3.176,-1.857
200.01,0.579,0,0.975,0.902,1,0.000,-1.000,0.000,0.000,-1.000,0.000,-3.166,-1.888
200.21,0.588,0,0.959,1.024,1,0.000,0.000,-1.000,0.000,0.000,-1.000,-3.142,-1.861
200.41,0.599,0,0.959,1.024,1,0.000,0.000,-1.000,0.000,0.000,-1.000,-3.203,-1.893
200.61,0.599,0,0.948,1.399,0,0.000,0.000,0.000,0.000,0.000,0.000,-3.203,-1.893
200.81,0.111,0,0.948,1.399,0,0.000,0.000,-1.000,0.000,0.000,-1.000,-3.186,-1.910
201.01,0.112,0,0.948,1.399,0,0.000,0.000,0.000,0.000,0.000,0.000,-3.188,-1.904
201.21,0.598,0,0.944,1.399,0,0.000,0.000,0.000,0.000,0.000,0.000,-3.192,-1.900
201.41,0.599,0,0.944,1.399,0,-1.000,0.000,0.000,-1.000,0.000,0.000,-3.195,-1.898
201.61,0.599,0,0.944,1.402,0,-1.000,0.000,0.000,-1.000,0.000,0.000,-3.195,-1.898
201.81,0.598,0,0.944,1.402,0,0.000,0.000,0.000,0.000,0.000,0.000,-3.192,-1.893
202.01,0.112,0,0.944,1.402,0,0.000,0.000,0.000,0.000,0.000,0.000,-3.225,-1.910
202.21,0.603,0,0.954,1.340,0,0.000,0.000,0.000,0.000,0.000,0.000,-3.214,-1.894
202.41,0.604,0,0.954,1.340,0,0.000,0.000,0.000,0.000,0.000,0.000,-3.198,-1.897
202.61,0.604,0,0.950,1.177,0,0.000,0.000,1.000,0.000,0.000,1.000,-3.198,-1.897
202.81,0.605,0,0.950,1.177,0,0.000,0.000,0.000,0.000,0.000,0.000,-3.198,-1.890
203.01,0.604,0,0.950,1.177,0,0.000,0.000,0.000,0.000,0.000,0.000,-3.201,-1.906
203.21,0.604,0,0.955,1.180,0,0.000,0.000,0.000,0.000,0.000,0.000,-3.205,-1.905
203.41,0.605,0,0.955,1.180,0,0.000,0.000,1.000,0.000,0.000,1.000,-3.203,-1.902
203.61,0.605,0,0.955,1.177,0,0.000,0.000,1.000,0.000,0.000,1.000,-3.203,-1.902
203.81,0.604,0,0.955,1.177,0,0.000,0.000,1.000,0.000,0.000,1.000,-3.205,-1.909
204.01,0.605,0,0.955,1.177,0,0.000,0.000,-1.000,0.000,0.000,-1.000,-3.202,-1.908
204.21,0.606,0,0.955,1.171,0,0.000,0.000,0.000,0.000,0.000,0.000,-3.207,-1.909
204.41,0.605,0,0.955,1.171,0,0.000,0.000,1.000,0.000,0.000,1.000,-3.199,-1.904
204.61,0.605,0,0.955,1.170,0,0.000,0.000,1.000,0.000,0.000,1.000,-3.199,-1.904
204.81,0.605,0,0.955,1.170,0,0.000,0.000,0.000,0.000,0.000,0.000,-3.200,-1.910
205.01,0.606,0,0.955,1.170,0,0.000,0.000,1.000,0.000,0.000,1.000,-3.205,-1.903
205.21,0.606,0,0.948,1.170,0,0.000,0.000,1.000,0.000,0.000,1.000,-3.202,-1.911
205.41,0.113,0,0.948,1.170,0,0.000,0.000,0.000,0.000,0.000,0.000,-3.203,-1.901
205.61,0.113,0,0.952,1.169,0,0.000,0.000,0.000,0.000,0.000,0.000,-3.203,-1.901
205.81,0.606,0,0.952,1.169,0,0.000,0.000,0.000,0.000,0.000,0.000,-3.203,-1.896
206.01,0.606,0,0.952,1.169,0,0.000,0.000,-1.000,0.000,0.000,-1.000,-3.206,-1.897
206.21,0.606,0,0.951,1.172,0,0.000,0.000,-1.000,0.000,0.000,-1.000,-3.198,-1.909
206.41,0.604,0,0.951,1.172,0,0.000,0.000,-1.000,0.000,0.000,-1.000,-3.203,-1.906
206.61,0.604,0,0.948,1.170,0,0.000,0.000,-1.000,0.000,0.000,-1.000,-3.203,-1.906
206.81,0.606,0,0.948,1.170,0,0.000,0.000,-1.000,0.000,0.000,-1.000,-3.201,-1.905
207.01,0.605,0,0.948,1.170,0,0.000,0.000,1.000,0.000,0.000,1.000,-3.202,-1.906
207.21,0.112,0,0.955,1.168,0,0.000,0.000,1.000,0.000,0.000,1.000,-3.199,-1.907
207.41,0.605,0,0.955,1.168,0,0.000,0.000,0.000,0.000,0.000,0.000,-3.199,-1.909
207.61,0.606,0,0.951,1.169,0,0.000,0.000,-1.000,0.000,0.000,-1.000,-3.199,-1.909
207.81,0.606,0,0.951,1.169,0,0.000,0.000,0.000,0.000,0.000,0.000,-3.204,-1.915
208.01,0.606,0,0.951,1.169,0,0.000,0.000,1.000,0.000,0.000,1.000,-3.202,-1.913
208.21,0.607,0,0.948,1.171,0,0.000,0.000,1.000,0.000,0.000,1.000,-3.201,-1.904
208.41,0.611,0,0.948,1.171,0,0.000,0.000,-1.000,0.000,0.000,-1.000,-3.205,-1.914
208.61,0.610,0,0.951,1.166,0,0.000,0.000,-1.000,0.000,0.000,-1.000,-3.205,-1.914
208.81,0.610,0,0.951,1.166,0,0.000,0.000,1.000,0.000,0.000,1.000,-3.201,-1.909
209.01,0.611,0,0.951,1.166,0,0.000,0.000,1.000,0.000,0.000,1.000,-3.203,-1.909
209.21,0.515,0,0.955,1.169,0,0.000,0.000,1.000,0.000,0.000,1.000,-3.202,-1.912
209.41,0.434,0,0.955,1.169,0,0.000,0.000,1.000,0.000,0.000,1.000,-3.203,-1.908
209.61,0.313,0,0.499,0.403,1,0.000,0.000,-1.000,0.000,0.000,-1.000,-3.204,-1.912
209.81,0.313,0,0.499,0.403,1,0.000,0.000,-1.000,0.000,0.000,-1.000,-3.204,-1.912
210.01,0.288,0,0.499,0.403,1,0.000,0.000,1.000,0.000,0.000,1.000,-3.199,-1.909
210.21,0.262,0,0.302,0.461,1,0.000,0.000,1.000,0.000,0.000,1.000,-3.207,-1.906
210.41,0.234,0,0.302,0.461,1,0.000,0.000,-1.000,0.000,0.000,-1.000,-3.205,-1.909
210.61,0.113,0,0.251,0.499,0,0.000,0.000,-1.000,0.000,0.000,-1.000,-3.207,-1.912
210.81,0.113,0,0.251,0.499,0,0.000,0.000,1.000,0.000,0.000,1.000,-3.207,-1.912
211.01,0.115,0,0.251,0.499,0,0.000,0.000,0.000,0.000,0.000,0.000,-3.211,-1.899
211.21,0.145,0,0.254,0.457,0,0.000,0.000,0.000,0.000,0.000,0.000,-3.221,-1.898
211.41,0.128,0,0.254,0.457,0,0.000,0.000,0.000,0.000,0.000,0.000,-3.175,-1.889
211.61,0.108,0,0.247,0.416,1,0.000,0.000,0.000,0.000,0.000,0.000,-3.044,-1.876
211.82,0.108,0,0.247,0.416,1,0.000,0.000,0.000,0.000,0.000,0.000,-3.044,-1.876
212.01,0.101,0,0.247,0.416,1,0.000,0.000,0.000,0.000,0.000,0.000,-2.924,-1.903
212.21,0.106,0,0.135,2.208,0,0.000,0.000,0.000,0.000,0.000,0.000,-2.822,-1.958
212.41,0.107,0,0.135,2.208,0,0.000,0.000,0.000,0.000,0.000,0.000,0.000,0.000
212.61,0.108,0,0.895,2.212,0,0.000,0.000,0.000,0.000,0.000,0.000,-2.822,-1.958
212.81,0.108,0,0.895,2.212,0,0.000,0.000,0.000,0.000,0.000,0.000,-2.822,-1.958
213.01,0.100,0,0.895,2.212,0,0.000,0.000,0.000,0.000,0.000,0.000,-2.821,-1.957
213.21,0.177,0,0.385,2.209,0,0.000,0.000,0.000,0.000,0.000,0.000,-2.827,-1.958
213.41,0.133,0,0.385,2.209,0,0.000,0.000,0.000,0.000,0.000,0.000,-2.827,-1.955
213.61,0.112,0,0.887,2.220,0,0.000,0.000,0.000,0.000,0.000,0.000,-2.825,-1.956
213.81,0.112,0,0.887,2.220,0,0.000,0.000,0.000,0.000,0.000,0.000,-2.825,-1.956
214.01,0.105,0,0.887,2.220,0,0.000,0.000,0.000,0.000,0.000,0.000,-2.816,-1.961
214.21,0.101,0,2.165,2.210,1,0.000,0.000,0.000,0.000,0.000,0.000,-2.823,-1.972
214.41,0.101,0,2.165,2.210,1,0.000,0.000,0.000,0.000,0.000,0.000,-2.823,-1.943
214.61,0.100,0,2.144,2.166,1,0.000,0.000,0.000,0.000,0.000,0.000,-2.810,-1.929
214.81,0.100,0,2.144,2.166,1,0.000,0.000,0.000,0.000,0.000,0.000,-2.810,-1.929
215.01,0.101,1,2.144,2.166,1,0.000,0.000,1.000,0.000,0.000,0.000,-2.800,-1.925
215.21,0.112,1,0.406,2.177,0,0.000,0.000,1.000,0.000,0.000,0.000,-2.806,-1.923
215.41,0.146,0,0.406,2.177,0,0.000,0.000,0.000,0.000,0.000,0.000,-2.807,-1.927
215.61,0.189,1,1.238,2.169,0,0.000,0.000,1.000,0.000,0.000,0.000,-2.807,-1.928
215.81,0.189,1,1.238,2.169,0,0.000,0.000,-1.000,0.000,0.000,0.000,-2.807,-1.928
216.01,0.276,1,1.238,2.169,0,0.000,0.000,1.000,0.000,0.000,0.000,-2.810,-1.926
216.21,0.384,0,1.258,2.173,0,0.000,0.000,1.000,0.000,0.000,1.000,-2.809,-1.924
216.41,0.472,0,1.258,2.173,0,0.000,0.000,-1.000,0.000,0.000,-1.000,-2.805,-1.929
216.61,0.502,0,2.130,2.163,1,0.000,0.000,-1.000,0.000,0.000,-1.000,-2.815,-1.937
216.81,0.502,0,2.130,2.163,1,0.000,0.000,1.000,0.000,0.000,1.000,-2.815,-1.937
217.01,0.515,0,2.130,2.163,1,0.000,0.000,1.000,0.000,0.000,1.000,-2.821,-1.931
217.21,0.517,0,1.248,2.164,0,0.000,0.000,1.000,0.000,0.000,1.000,-2.814,-1.942
217.41,0.518,0,1.248,2.164,0,0.000,0.000,1.000,0.000,0.000,1.000,-2.805,-1.940
217.61,0.518,0,2.138,2.177,1,0.000,0.000,1.000,0.000,0.000,1.000,-2.808,-1.934
217.81,0.518,0,2.138,2.177,1,0.000,0.000,-1.000,0.000,0.000,-1.000,-2.808,-1.934
218.01,0.516,0,2.138,2.177,1,0.000,0.000,-1.000,0.000,0.000,-1.000,-2.815,-1.928
218.21,0.515,0,1.246,2.179,0,0.000,0.000,1.000,0.000,0.000,1.000,-2.810,-1.935
218.41,0.513,0,1.246,2.179,0,0.000,0.000,1.000,0.000,0.000,1.000,-2.811,-1.937
218.61,0.109,0,2.145,2.173,1,0.000,0.000,1.000,0.000,0.000,1.000,-2.810,-1.930
218.81,0.109,0,2.145,2.173,1,0.000,0.000,1.000,0.000,0.000,1.000,-2.810,-1.930
219.01,0.509,0,2.145,2.173,1,0.000,0.000,1.000,0.000,0.000,1.000,-2.811,-1.932
219.21,0.109,0,2.137,2.168,1,0.000,0.000,0.000,0.000,0.000,0.000,-2.814,-1.930
219.41,0.469,0,2.137,2.168,1,0.000,0.000,0.000,0.000,0.000,0.000,-2.816,-1.932
219.61,0.342,0,2.149,2.169,1,0.000,0.000,1.000,0.000,0.000,1.000,-2.818,-1.929
219.81,0.342,0,2.149,2.169,1,0.000,0.000,1.000,0.000,0.000,1.000,-2.818,-1.929
220.01,0.370,0,2.149,2.169,1,0.000,0.000,0.000,0.000,0.000,0.000,-2.814,-1.927
220.21,0.112,0,2.143,2.177,1,0.000,0.000,0.000,0.000,0.000,0.000,-2.812,-1.930
220.41,0.541,0,2.143,2.177,1,0.000,0.000,0.000,0.000,0.000,0.000,-2.822,-1.930
220.61,0.772,0,2.138,2.173,1,0.000,0.000,0.000,0.000,0.000,0.000,-2.823,-1.931
220.81,0.772,0,2.138,2.173,1,0.000,0.000,0.000,0.000,0.000,0.000,-2.823,-1.931
221.01,0.672,0,2.138,2.173,1,0.000,0.000,0.000,0.000,0.000,0.000,-2.821,-1.929
221.21,0.540,0,2.141,2.164,1,0.000,0.000,0.000,0.000,0.000,0.000,-2.818,-1.928
221.41,0.495,0,2.141,2.164,1,0.000,0.000,0.000,0.000,0.000,0.000,-2.822,-1.930
221.61,0.483,0,2.140,2.182,1,0.000,0.000,0.000,0.000,0.000,0.000,-2.814,-1.927
221.81,0.467,0,2.140,2.182,1,0.000,0.000,0.000,0.000,0.000,0.000,-2.814,-1.927
222.01,0.467,0,2.140,2.182,1,0.000,0.000,0.000,0.000,0.000,0.000,-2.813,-1.929
222.21,0.445,0,2.147,2.174,1,0.000,0.000,-1.000,0.000,0.000,-1.000,-2.810,-1.931
222.41,0.432,0,2.147,2.174,1,0.000,0.000,-1.000,0.000,0.000,-1.000,-2.814,-1.931
222.61,0.430,0,2.142,2.174,1,0.000,0.000,1.000,0.000,0.000,1.000,-2.820,-1.934
222.81,0.416,0,2.142,2.174,1,0.000,0.000,1.000,0.000,0.000,1.000,-2.820,-1.934
223.01,0.416,0,2.142,2.174,1,0.000,0.000,-1.000,0.000,0.000,-1.000,-2.815,-1.930
223.21,0.422,0,1.289,2.180,0,0.000,0.000,-1.000,0.000,0.000,-1.000,-2.820,-1.933
223.41,0.367,0,1.289,2.180,0,0.000,0.000,1.000,0.000,0.000,1.000,-2.818,-1.928
223.61,0.328,0,0.378,0.433,1,0.000,0.000,1.000,0.000,0.000,1.000,-2.820,-1.934
223.81,0.266,0,0.378,0.433,1,0.000,0.000,-1.000,0.000,0.000,-1.000,-2.814,-1.922
224.01,0.266,0,0.378,0.433,1,0.000,0.000,-1.000,0.000,0.000,-1.000,-2.814,-1.922
224.21,0.353,0,0.379,0.441,1,0.000,0.000,-1.000,0.000,0.000,-1.000,-2.821,-1.928
224.41,0.381,0,0.379,0.441,1,0.000,0.000,1.000,0.000,0.000,1.000,-2.815,-1.920
224.61,0.438,0,0.470,0.492,1,0.000,0.000,1.000,0.000,0.000,1.000,-2.819,-1.930
224.81,0.467,0,0.470,0.492,1,0.000,0.000,-1.000,0.000,0.000,-1.000,-2.813,-1.928
225.01,0.467,0,0.470,0.492,1,0.000,0.000,1.000,0.000,0.000,1.000,-2.813,-1.928
225.21,0.525,0,2.142,2.176,1,0.000,0.000,-1.000,0.000,0.000,-1.000,-2.813,-1.934
225.41,0.689,0,2.142,2.176,1,0.000,0.000,-1.000,0.000,0.000,-1.000,-2.813,-1.927
225.61,0.730,0,2.140,2.171,1,0.000,0.000,-1.000,0.000,0.000,-1.000,-2.814,-1.931
225.81,0.731,0,2.140,2.171,1,0.000,0.000,1.000,0.000,0.000,1.000,-2.815,-1.934
226.01,0.731,0,2.140,2.171,1,0.000,0.000,0.000,0.000,0.000,0.000,-2.815,-1.934
226.21,0.728,0,2.141,2.178,1,0.000,0.000,0.000,0.000,0.000,0.000,-2.808,-1.931
226.41,0.733,0,2.141,2.178,1,0.000,0.000,-1.000,0.000,0.000,-1.000,-2.809,-1.929
226.61,0.740,0,2.142,2.175,1,0.000,0.000,-1.000,0.000,0.000,-1.000,-2.814,-1.933
226.81,0.746,0,2.142,2.175,1,0.000,0.000,-1.000,0.000,0.000,-1.000,-2.815,-1.942
227.01,0.746,0,2.142,2.175,1,0.000,0.000,1.000,0.000,0.000,1.000,-2.815,-1.942
227.21,0.744,0,1.256,2.176,0,0.000,0.000,1.000,0.000,0.000,1.000,-2.810,-1.936
227.41,0.732,0,1.256,2.176,0,-1.000,0.000,0.000,-0.918,0.000,0.000,-2.809,-1.929
227.61,0.718,0,2.145,2.180,1,0.000,0.000,0.000,0.000,0.000,0.000,-2.803,-1.925
227.81,0.682,0,2.145,2.180,1,0.000,0.000,0.000,0.000,0.000,0.000,-2.836,-1.920
228.01,0.682,0,2.145,2.180,1,0.000,0.000,0.000,0.000,0.000,0.000,-2.836,-1.920
228.21,0.111,0,2.233,2.294,1,1.000,0.000,0.000,1.000,0.000,0.000,-2.888,-1.921
228.41,0.109,0,2.233,2.294,1,1.000,0.000,0.000,1.000,0.000,0.000,-2.920,-1.922
228.61,0.109,0,2.240,2.280,1,0.000,0.000,0.000,0.000,0.000,0.000,-2.924,-1.935
228.81,0.109,0,2.240,2.280,1,0.000,0.000,0.000,0.000,0.000,0.000,-2.867,-1.926
229.01,0.109,1,2.240,2.280,1,-1.000,0.000,0.000,0.000,0.000,0.000,-2.867,-1.926
229.21,0.109,1,2.141,2.184,1,-1.000,0.000,0.000,0.000,0.000,0.000,-2.844,-1.933
229.41,0.743,0,2.141,2.184,1,-1.000,0.000,0.000,-0.915,0.000,0.000,-2.802,-1.928
229.61,0.736,0,2.136,2.188,1,0.000,0.000,0.000,0.000,0.000,0.000,-2.812,-1.924
229.81,0.707,0,2.136,2.188,1,0.000,0.000,0.000,0.000,0.000,0.000,-2.833,-1.915
230.01,0.707,0,2.136,2.188,1,0.000,0.000,0.000,0.000,0.000,0.000,-2.833,-1.915
230.21,0.111,0,2.211,2.276,1,1.000,0.000,0.000,1.000,0.000,0.000,-2.895,-1.933
230.41,0.111,0,2.211,2.276,1,1.000,0.000,0.000,1.000,0.000,0.000,-2.916,-1.936
230.61,0.111,0,2.218,2.274,1,0.000,0.000,0.000,0.000,0.000,0.000,-2.904,-1.934
230.81,0.111,0,2.218,2.274,1,0.000,-1.000,0.000,0.000,-0.852,0.000,-2.847,-1.931
231.01,0.111,0,2.218,2.274,1,0.000,0.000,0.000,0.000,0.000,0.000,-2.847,-1.931
231.21,0.729,0,2.157,2.192,1,0.000,0.000,0.000,0.000,0.000,0.000,-2.817,-1.935
231.41,0.111,0,2.157,2.192,1,0.000,1.000,0.000,0.000,1.000,0.000,-2.795,-1.948
231.61,0.111,0,2.136,2.170,1,0.000,1.000,0.000,0.000,1.000,0.000,-2.806,-1.967
231.81,0.745,0,2.136,2.170,1,0.000,1.000,0.000,0.000,1.000,0.000,-2.834,-1.981
232.01,0.745,0,2.136,2.170,1,0.000,-1.000,0.000,0.000,-0.863,0.000,-2.834,-1.981
232.21,0.743,0,2.127,2.165,1,0.000,0.000,0.000,0.000,0.000,0.000,-2.792,-1.945
232.41,0.738,0,2.127,2.165,1,-1.000,0.000,0.000,-0.968,0.000,0.000,-2.781,-1.942
232.61,0.731,0,1.309,2.165,0,-1.000,0.000,0.000,-0.970,0.000,0.000,-2.796,-1.947
232.81,0.692,0,1.309,2.165,0,0.000,0.000,0.000,0.000,0.000,0.000,-2.818,-1.950
233.01,0.692,0,1.309,2.165,0,0.000,1.000,0.000,0.000,1.000,0.000,-2.818,-1.950
233.21,0.109,0,1.211,2.295,0,0.000,1.000,0.000,0.000,1.000,0.000,-2.878,-1.957
233.41,0.111,0,1.211,2.295,0,0.000,0.000,0.000,0.000,0.000,0.000,-2.943,-1.946
233.61,0.109,1,0.747,2.347,0,-1.000,0.000,0.000,0.000,0.000,0.000,-2.981,-1.886
233.81,0.109,0,0.747,2.347,0,0.000,-1.000,0.000,0.000,-0.667,0.000,-3.032,-1.890
234.01,0.109,0,0.747,2.347,0,0.000,0.000,0.000,0.000,0.000,0.000,-3.032,-1.890
234.21,0.109,0,2.332,2.329,1,0.000,-1.000,0.000,0.000,-0.640,0.000,-3.025,-1.905
234.41,0.541,0,2.332,2.329,1,0.000,-1.000,0.000,0.000,-0.635,0.000,-3.042,-1.904
234.61,0.543,0,0.671,2.300,0,0.000,-1.000,0.000,0.000,-0.632,0.000,-3.037,-1.912
234.81,0.543,0,0.671,2.300,0,0.000,1.000,0.000,0.000,1.000,0.000,-3.036,-1.912
235.01,0.543,0,0.671,2.300,0,0.000,1.000,0.000,0.000,1.000,0.000,-3.036,-1.912
235.21,0.541,0,0.700,2.347,0,0.000,1.000,0.000,0.000,1.000,0.000,-3.046,-1.909
235.41,0.543,0,0.700,2.347,0,1.000,0.000,0.000,0.762,0.000,0.000,-3.033,-1.894
235.61,0.544,0,0.713,2.299,0,1.000,0.000,0.000,0.768,0.000,0.000,-3.037,-1.896
235.81,0.557,0,0.713,2.299,0,0.000,-1.000,0.000,0.000,-0.758,0.000,-3.009,-1.871
236.01,0.603,0,0.713,2.299,0,0.000,-1.000,0.000,0.000,-0.758,0.000,-3.009,-1.871
236.21,0.603,0,0.775,2.238,0,0.000,0.000,0.000,0.000,0.000,0.000,-2.934,-1.859
236.41,0.664,0,0.775,2.238,0,0.000,-1.000,0.000,0.000,-1.000,0.000,-2.900,-1.901
236.61,0.705,0,2.185,2.202,1,0.000,-1.000,0.000,0.000,-1.000,0.000,-2.860,-1.911
236.81,0.111,0,2.185,2.202,1,0.000,-1.000,0.000,0.000,-1.000,0.000,-2.825,-1.898
237.02,0.114,0,2.185,2.202,1,0.000,-1.000,0.000,0.000,0.000,0.000,-2.826,-1.890
237.21,0.114,0,1.464,1.234,0,0.000,-1.000,0.000,0.000,-1.000,0.000,-2.826,-1.890
237.41,0.694,0,1.464,1.234,0,0.000,-1.000,0.000,0.000,-1.000,0.000,-2.840,-1.945
237.61,0.676,0,0.910,1.198,0,1.000,0.000,0.000,1.000,0.000,0.000,-2.843,-1.956
237.81,0.111,0,0.910,1.198,0,0.000,1.000,0.000,0.000,1.000,0.000,-2.864,-1.980
238.01,0.111,0,0.910,1.198,0,0.000,1.000,0.000,0.000,1.000,0.000,-2.846,-1.996
238.21,0.111,0,0.924,1.259,0,0.000,0.000,0.000,0.000,0.000,0.000,-2.846,-1.996
238.41,0.684,0,0.924,1.259,0,0.000,0.000,-1.000,0.000,0.000,-1.000,-2.817,-1.923
238.61,0.712,0,0.866,1.113,0,1.000,0.000,0.000,1.000,0.000,0.000,-2.836,-1.924
238.81,0.708,0,0.866,1.113,0,0.000,1.000,0.000,0.000,1.000,0.000,-2.835,-1.927
239.01,0.109,0,0.866,1.113,0,0.000,1.000,0.000,0.000,1.000,0.000,-2.837,-1.919
239.21,0.109,0,0.859,1.097,0,0.000,0.000,0.000,0.000,0.000,0.000,-2.837,-1.919
239.41,0.725,0,0.859,1.097,0,0.000,1.000,0.000,0.000,1.000,0.000,-2.831,-1.884
239.62,0.734,0,0.834,1.047,0,0.000,1.000,0.000,0.000,1.000,0.000,-2.829,-1.887
239.81,0.725,0,0.834,1.047,0,0.000,0.000,1.000,0.000,0.000,1.000,-2.849,-1.870
240.01,0.702,0,0.834,1.047,0,0.000,0.000,-1.000,0.000,0.000,-1.000,-2.850,-1.823
240.21,0.702,0,0.821,0.678,1,0.000,0.000,-1.000,0.000,0.000,-1.000,-2.850,-1.823
240.41,0.692,0,0.821,0.678,1,0.000,0.000,0.000,0.000,0.000,0.000,-2.883,-1.877
240.61,0.699,0,0.815,0.670,1,0.000,0.000,1.000,0.000,0.000,1.000,-2.867,-1.867
240.81,0.699,0,0.815,0.670,1,0.000,0.000,-1.000,0.000,0.000,-1.000,-2.861,-1.846
241.01,0.698,0,0.815,0.670,1,0.000,0.000,-1.000,0.000,0.000,-1.000,-2.874,-1.864
241.21,0.698,0,0.813,0.669,1,0.000,0.000,0.000,0.000,0.000,0.000,-2.874,-1.864
241.41,0.110,0,0.813,0.669,1,0.000,0.000,0.000,0.000,0.000,0.000,-2.868,-1.860
241.61,0.702,0,0.813,0.671,1,-1.000,0.000,0.000,-0.782,0.000,0.000,-2.870,-1.858
241.81,0.701,0,0.813,0.671,1,-1.000,0.000,0.000,-0.782,0.000,0.000,-2.861,-1.850
242.01,0.112,0,0.813,0.671,1,0.000,0.000,0.000,0.000,0.000,0.000,-2.883,-1.855
242.21,0.112,1,0.844,0.726,1,-1.000,0.000,0.000,0.000,0.000,0.000,-2.883,-1.855
242.41,0.111,1,0.844,0.726,1,-1.000,0.000,0.000,0.000,0.000,0.000,-2.938,-1.883
242.61,0.625,0,0.904,0.783,1,-1.000,0.000,0.000,-0.640,0.000,0.000,-2.961,-1.910
242.81,0.625,0,0.904,0.783,1,-1.000,0.000,0.000,-0.640,0.000,0.000,-2.944,-1.905
243.01,0.617,0,0.904,0.783,1,-1.000,0.000,0.000,-0.647,0.000,0.000,-2.962,-1.911
243.21,0.617,0,0.902,0.791,1,-1.000,0.000,0.000,-0.647,0.000,0.000,-2.962,-1.911
243.41,0.605,0,0.902,0.791,1,-1.000,0.000,0.000,-0.552,0.000,0.000,-2.984,-1.930
243.61,0.487,0,0.795,0.996,0,-1.000,0.000,0.000,-0.217,0.000,0.000,-3.050,-1.993
243.81,0.348,0,0.795,0.996,0,0.000,0.000,0.000,0.000,0.000,0.000,-3.142,-2.084
244.01,0.250,0,0.795,0.996,0,0.000,0.000,0.000,0.000,0.000,0.000,-3.236,-2.197
244.21,0.250,0,0.529,1.193,0,0.000,0.000,0.000,0.000,0.000,0.000,-3.236,-2.197
244.41,0.259,0,0.529,1.193,0,0.000,0.000,0.000,0.000,0.000,0.000,-3.292,-2.202
244.61,0.273,0,0.433,1.400,0,1.000,0.000,0.000,0.060,0.000,0.000,-3.258,-2.257
244.81,0.279,0,0.433,1.400,0,1.000,0.000,0.000,0.179,0.000,0.000,-3.266,-2.248
245.01,0.343,0,0.433,1.400,0,0.000,0.000,0.000,0.000,0.000,0.000,-3.272,-2.246
245.21,0.343,0,0.476,1.406,0,1.000,0.000,0.000,0.168,0.000,0.000,-3.272,-2.246
245.41,0.359,0,0.476,1.406,0,1.000,0.000,0.000,0.173,0.000,0.000,-3.278,-2.245
245.61,0.352,0,0.479,1.407,0,-1.000,0.000,0.000,-0.107,0.000,0.000,-3.270,-2.244
245.81,0.362,0,0.479,1.407,0,-1.000,0.000,0.000,-0.045,0.000,0.000,-3.272,-2.249
246.01,0.252,0,0.479,1.407,0,0.000,0.000,0.000,0.000,0.000,0.000,-3.274,-2.246
246.21,0.252,0,1.206,1.406,1,-1.000,0.000,0.000,-0.015,0.000,0.000,-3.274,-2.246
246.41,0.352,1,1.206,1.406,1,-1.000,0.000,0.000,0.000,0.000,0.000,-3.269,-2.248
246.61,0.349,0,1.216,1.406,1,1.000,0.000,0.000,1.000,0.000,0.000,-3.267,-2.251
246.81,0.244,0,1.216,1.406,1,1.000,0.000,0.000,1.000,0.000,0.000,-3.269,-2.246
247.01,0.366,0,1.216,1.406,1,-1.000,0.000,0.000,-0.015,0.000,0.000,-3.288,-2.199
247.21,0.366,0,0.469,1.390,0,-1.000,0.000,0.000,-0.015,0.000,0.000,-3.288,-2.199
247.41,0.374,0,0.469,1.390,0,0.000,0.000,0.000,0.000,0.000,0.000,-3.274,-2.196
247.61,0.373,0,0.443,1.392,0,-1.000,0.000,0.000,-0.035,0.000,0.000,-3.274,-2.228
247.81,0.373,0,0.443,1.392,0,-1.000,0.000,0.000,-0.037,0.000,0.000,-3.271,-2.217
248.01,0.372,0,0.443,1.392,0,-1.000,0.000,0.000,-0.037,0.000,0.000,-3.280,-2.223
248.21,0.372,0,0.443,1.398,0,-1.000,0.000,0.000,-0.037,0.000,0.000,-3.280,-2.223
248.41,0.367,0,0.443,1.398,0,0.000,0.000,0.000,0.000,0.000,0.000,-3.271,-2.219
248.61,0.365,0,0.440,1.397,0,-1.000,0.000,0.000,-0.028,0.000,0.000,-3.277,-2.218
248.81,0.368,0,0.440,1.397,0,-1.000,0.000,0.000,-0.030,0.000,0.000,-3.280,-2.213
249.01,0.360,0,0.440,1.397,0,0.000,0.000,0.000,0.000,0.000,0.000,-3.282,-2.214
249.21,0.360,0,0.438,1.394,0,-1.000,0.000,0.000,-0.028,0.000,0.000,-3.282,-2.214
249.41,0.369,0,0.438,1.394,0,-1.000,0.000,0.000,-0.025,0.000,0.000,-3.283,-2.210
249.61,0.368,0,0.437,1.394,0,-1.000,0.000,0.000,-0.023,0.000,0.000,-3.269,-2.214
249.81,0.364,0,0.437,1.394,0,-1.000,0.000,0.000,-0.018,0.000,0.000,-3.270,-2.222
250.01,0.360,0,0.437,1.394,0,-1.000,0.000,0.000,-0.018,0.000,0.000,-3.274,-2.222
250.21,0.360,0,0.437,1.394,0,-1.000,0.000,0.000,-0.028,0.000,0.000,-3.274,-2.222
250.42,0.363,1,0.437,1.394,0,-1.000,0.000,0.000,0.000,0.000,0.000,-3.276,-2.225
250.62,0.343,1,0.441,1.398,0,-1.000,0.000,0.000,0.000,0.000,0.000,-3.271,-2.222
250.81,0.324,1,0.441,1.398,0,-1.000,0.000,0.000,0.000,0.000,0.000,-3.277,-2.224
251.01,0.321,0,0.441,1.398,0,0.000,0.000,0.000,0.000,0.000,0.000,-3.267,-2.221
251.21,0.321,1,0.480,1.395,0,-1.000,0.000,0.000,0.000,0.000,0.000,-3.267,-2.221
251.41,0.304,0,0.480,1.395,0,0.000,0.000,0.000,0.000,0.000,0.000,-3.251,-2.225
251.61,0.298,0,0.312,1.391,0,0.000,0.000,0.000,0.000,0.000,0.000,-3.265,-2.236
251.81,0.300,1,0.312,1.391,0,-1.000,0.000,0.000,0.000,0.000,0.000,-3.269,-2.220
252.01,0.307,1,0.312,1.391,0,-1.000,0.000,0.000,0.000,0.000,0.000,-3.273,-2.226
252.21,0.307,1,0.320,1.397,0,1.000,0.000,0.000,0.000,0.000,0.000,-3.273,-2.226
252.41,0.350,0,0.320,1.397,0,1.000,0.000,0.000,0.225,0.000,0.000,-3.271,-2.220
252.61,0.228,0,0.488,1.397,0,1.000,0.000,0.000,0.200,0.000,0.000,-3.277,-2.219
252.81,0.387,0,0.488,1.397,0,1.000,0.000,0.000,0.145,0.000,0.000,-3.269,-2.217
253.01,0.387,1,0.488,1.397,0,0.000,1.000,0.000,0.000,0.000,0.000,-3.275,-2.217
253.21,0.387,1,1.190,1.395,0,0.000,1.000,0.000,0.000,0.000,0.000,-3.275,-2.217
253.41,0.387,0,1.190,1.395,0,-1.000,0.000,0.000,-1.000,0.000,0.000,-3.277,-2.218
253.61,0.387,0,1.190,1.396,0,0.000,0.000,0.000,0.000,0.000,0.000,-3.271,-2.210
253.81,0.220,0,1.190,1.396,0,-1.000,0.000,0.000,-1.000,0.000,0.000,-3.286,-2.231
254.01,0.386,0,1.190,1.396,0,-1.000,0.000,0.000,-1.000,0.000,0.000,-3.303,-2.248
254.21,0.386,0,0.569,1.628,0,0.000,0.000,0.000,0.000,0.000,0.000,-3.303,-2.248
254.41,0.389,0,0.569,1.628,0,0.000,0.000,0.000,0.000,0.000,0.000,-3.310,-2.325
254.61,0.416,0,0.651,1.867,0,0.000,0.000,0.000,0.000,0.000,0.000,-3.319,-2.401
254.81,0.214,0,0.651,1.867,0,0.000,0.000,0.000,0.000,0.000,0.000,-3.311,-2.449
255.01,0.111,0,0.651,1.867,0,0.000,0.000,0.000,0.000,0.000,0.000,-3.319,-2.456
255.21,0.111,0,0.705,0.734,1,0.000,0.000,0.000,0.000,0.000,0.000,-3.319,-2.456
255.41,0.215,0,0.705,0.734,1,1.000,0.000,0.000,0.748,0.000,0.000,-3.311,-2.470
255.61,0.214,0,0.704,0.733,1,0.000,0.000,0.000,0.000,0.000,0.000,-3.308,-2.461
255.81,0.433,0,0.704,0.733,1,0.000,0.000,0.000,0.000,0.000,0.000,-3.305,-2.422
256.01,0.406,0,0.704,0.733,1,0.000,0.000,0.000,0.000,0.000,0.000,-3.306,-2.394
256.21,0.406,0,0.621,0.649,1,1.000,0.000,0.000,0.535,0.000,0.000,-3.306,-2.394
256.41,0.400,0,0.621,0.649,1,1.000,0.000,0.000,0.360,0.000,0.000,-3.312,-2.378
256.61,0.397,0,0.532,0.488,1,0.000,0.000,0.000,0.000,0.000,0.000,-3.304,-2.373
256.81,0.389,0,0.532,0.488,1,1.000,0.000,0.000,0.230,0.000,0.000,-3.307,-2.341
257.01,0.386,0,0.532,0.488,1,1.000,0.000,0.000,0.230,0.000,0.000,-3.310,-2.352
257.21,0.386,0,0.503,0.482,1,1.000,0.000,0.000,0.238,0.000,0.000,-3.310,-2.352
257.41,0.387,0,0.503,0.482,1,0.000,0.000,0.000,0.000,0.000,0.000,-3.310,-2.346
257.61,0.389,0,0.476,0.460,1,1.000,0.000,0.000,0.168,0.000,0.000,-3.305,-2.346
257.81,0.389,0,0.476,0.460,1,1.000,0.000,0.000,0.023,0.000,0.000,-3.307,-2.347
258.01,0.389,0,0.476,0.460,1,1.000,0.000,0.000,0.023,0.000,0.000,-3.308,-2.345
258.21,0.389,0,0.416,0.443,1,1.000,0.000,0.000,0.015,0.000,0.000,-3.308,-2.345
258.41,0.389,0,0.416,0.443,1,1.000,0.000,0.000,0.020,0.000,0.000,-3.309,-2.345
258.61,0.389,0,0.411,0.442,1,1.000,0.000,0.000,0.002,0.000,0.000,-3.313,-2.342
258.81,0.391,0,0.411,0.442,1,0.000,0.000,0.000,0.000,0.000,0.000,-3.302,-2.345
259.01,0.392,1,0.411,0.442,1,1.000,0.000,0.000,0.000,0.000,0.000,-3.311,-2.348
259.21,0.392,1,0.403,0.437,1,1.000,0.000,0.000,0.000,0.000,0.000,-3.311,-2.348
259.41,0.391,1,0.403,0.437,1,1.000,0.000,0.000,0.000,0.000,0.000,-3.312,-2.348
259.61,0.393,0,0.422,0.459,1,0.000,0.000,0.000,0.000,0.000,0.000,-3.307,-2.352
259.81,0.395,0,0.422,0.459,1,0.000,0.000,0.000,0.000,0.000,0.000,-3.308,-2.351
260.01,0.395,0,0.422,0.459,1,0.000,0.000,0.000,0.000,0.000,0.000,-3.310,-2.351
260.21,0.395,1,0.556,1.821,0,0.000,1.000,0.000,0.000,0.000,0.000,-3.310,-2.351
260.41,0.400,0,0.556,1.821,0,0.000,1.000,0.000,0.000,0.000,0.000,-3.308,-2.345
260.61,0.407,0,0.535,1.813,0,0.000,1.000,0.000,0.000,0.018,0.000,-3.300,-2.343
260.81,0.349,0,0.535,1.813,0,0.000,-1.000,0.000,0.000,-1.000,0.000,-3.299,-2.348
261.01,0.112,0,0.535,1.813,0,0.000,-1.000,0.000,0.000,-1.000,0.000,-3.303,-2.345
261.21,0.112,0,0.532,1.812,0,0.000,-1.000,0.000,0.000,-1.000,0.000,-3.303,-2.345
261.41,0.329,0,0.532,1.812,0,0.000,-1.000,0.000,0.000,-1.000,0.000,-3.299,-2.347
261.61,0.400,0,0.513,1.813,0,0.000,-1.000,0.000,0.000,-1.000,0.000,-3.300,-2.345
261.81,0.411,0,0.513,1.813,0,0.000,-1.000,0.000,0.000,-1.000,0.000,-3.301,-2.346
262.01,0.411,0,0.513,1.813,0,0.000,-1.000,0.000,0.000,-1.000,0.000,-3.299,-2.343
262.21,0.411,0,0.534,1.811,0,0.000,0.000,0.000,0.000,0.000,0.000,-3.299,-2.343
262.41,0.412,0,0.534,1.811,0,0.000,0.000,1.000,0.000,0.000,1.000,-3.302,-2.344
262.61,0.412,0,0.533,1.813,0,0.000,0.000,-1.000,0.000,0.000,-1.000,-3.302,-2.349
262.81,0.167,0,0.533,1.813,0,0.000,0.000,1.000,0.000,0.000,1.000,-3.314,-2.346
263.01,0.175,0,0.533,1.813,0,0.000,0.000,1.000,0.000,0.000,1.000,-3.307,-2.348
263.21,0.175,0,0.531,1.812,0,0.000,0.000,-1.000,0.000,0.000,-1.000,-3.307,-2.348
263.41,0.417,0,0.531,1.812,0,0.000,0.000,-1.000,0.000,0.000,-1.000,-3.302,-2.345
263.61,0.431,0,0.533,1.814,0,0.000,0.000,1.000,0.000,0.000,1.000,-3.306,-2.350
263.81,0.463,0,0.533,1.814,0,0.000,0.000,-1.000,0.000,0.000,-1.000,-3.306,-2.342
264.01,0.500,0,0.533,1.814,0,0.000,0.000,-1.000,0.000,0.000,-1.000,-3.298,-2.345
264.21,0.500,0,0.574,1.814,0,0.000,0.000,-1.000,0.000,0.000,-1.000,-3.298,-2.345
264.41,0.175,0,0.574,1.814,0,0.000,0.000,0.000,0.000,0.000,0.000,-3.307,-2.345
264.62,0.517,0,1.044,1.816,0,0.000,0.000,0.000,0.000,0.000,0.000,-3.316,-2.345
264.81,0.513,0,1.044,1.816,0,0.000,0.000,0.000,0.000,0.000,0.000,-3.311,-2.342
265.01,0.511,0,1.044,1.816,0,0.000,0.000,0.000,0.000,0.000,0.000,-3.309,-2.345
265.21,0.511,0,1.044,1.816,0,0.000,0.000,0.000,0.000,0.000,0.000,-3.309,-2.345
265.41,0.516,0,1.044,1.816,0,0.000,0.000,0.000,0.000,0.000,0.000,-3.311,-2.346
265.62,0.524,0,0.667,1.817,0,0.000,0.000,0.000,0.000,0.000,0.000,-3.312,-2.347
265.81,0.201,0,0.667,1.817,0,0.000,0.000,0.000,0.000,0.000,0.000,-3.300,-2.346
266.01,0.191,0,0.667,1.817,0,0.000,0.000,0.000,0.000,0.000,0.000,-3.306,-2.343
266.21,0.191,0,0.676,1.815,0,0.000,0.000,0.000,0.000,0.000,0.000,-3.306,-2.343
266.41,0.524,0,0.676,1.815,0,0.000,0.000,0.000,0.000,0.000,0.000,-3.308,-2.346
266.61,0.159,0,0.669,1.816,0,0.000,0.000,0.000,0.000,0.000,0.000,-3.297,-2.352
266.81,0.559,0,0.669,1.816,0,0.000,0.000,0.000,0.000,0.000,0.000,-3.305,-2.349
267.01,0.564,0,0.669,1.816,0,0.000,0.000,0.000,0.000,0.000,0.000,-3.310,-2.344
267.21,0.564,0,0.669,1.813,0,0.000,0.000,0.000,0.000,0.000,0.000,-3.310,-2.344
267.41,0.553,0,0.669,1.813,0,0.000,0.000,0.000,0.000,0.000,0.000,-3.304,-2.346
267.61,0.542,0,0.610,1.818,0,0.000,0.000,0.000,0.000,0.000,0.000,-3.300,-2.346
267.81,0.529,0,0.610,1.818,0,0.000,0.000,0.000,0.000,0.000,0.000,-3.307,-2.344
268.01,0.526,0,0.610,1.818,0,0.000,0.000,0.000,0.000,0.000,0.000,-3.308,-2.349
268.21,0.526,0,0.627,1.817,0,0.000,0.000,0.000,0.000,0.000,0.000,-3.308,-2.349
268.41,0.523,0,0.627,1.817,0,0.000,0.000,0.000,0.000,0.000,0.000,-3.312,-2.352
268.61,0.112,0,0.629,1.821,0,0.000,0.000,0.000,0.000,0.000,0.000,-3.298,-2.354
268.81,0.514,0,0.629,1.821,0,0.000,0.000,0.000,0.000,0.000,0.000,-3.306,-2.353
269.01,0.510,0,0.629,1.821,0,0.000,0.000,0.000,0.000,0.000,0.000,-3.305,-2.354
269.21,0.510,0,0.630,1.820,0,0.000,0.000,0.000,0.000,0.000,0.000,-3.305,-2.354
269.41,0.191,0,0.630,1.820,0,0.000,0.000,0.000,0.000,0.000,0.000,-3.302,-2.349
269.61,0.194,0,0.629,1.816,0,0.000,0.000,0.000,0.000,0.000,0.000,-3.302,-2.354
269.81,0.508,0,0.629,1.816,0,0.000,0.000,0.000,0.000,0.000,0.000,-3.304,-2.353
270.01,0.191,0,0.629,1.816,0,0.000,0.000,0.000,0.000,0.000,0.000,-3.313,-2.354
270.21,0.191,0,0.630,1.819,0,0.000,0.000,0.000,0.000,0.000,0.000,-3.313,-2.354
270.41,0.501,0,0.630,1.819,0,0.000,0.000,0.000,0.000,0.000,0.000,-3.306,-2.353
270.61,0.496,0,0.629,1.817,0,0.000,0.000,0.000,0.000,0.000,0.000,-3.303,-2.346
270.81,0.495,0,0.629,1.817,0,0.000,0.000,0.000,0.000,0.000,0.000,-3.298,-2.352
271.01,0.497,0,0.629,1.817,0,0.000,0.000,0.000,0.000,0.000,0.000,-3.309,-2.347
271.21,0.497,0,0.631,1.814,0,0.000,0.000,0.000,0.000,0.000,0.000,-3.309,-2.347
271.41,0.502,0,0.631,1.814,0,0.000,0.000,0.000,0.000,0.000,0.000,-3.304,-2.351
271.61,0.503,0,0.631,1.814,0,0.000,0.000,0.000,0.000,0.000,0.000,-3.305,-2.349
271.81,0.501,0,0.631,1.814,0,0.000,0.000,0.000,0.000,0.000,0.000,-3.308,-2.353
272.01,0.502,0,0.631,1.814,0,0.000,0.000,0.000,0.000,0.000,0.000,-3.308,-2.345
272.21,0.502,0,0.631,1.815,0,0.000,0.000,0.000,0.000,0.000,0.000,-3.308,-2.345
272.41,0.500,0,0.631,1.815,0,0.000,0.000,0.000,0.000,0.000,0.000,-3.307,-2.344
272.61,0.112,0,0.631,1.816,0,0.000,0.000,0.000,0.000,0.000,0.000,-3.299,-2.349
272.81,0.503,0,0.631,1.816,0,0.000,0.000,0.000,0.000,0.000,0.000,-3.310,-2.348
273.01,0.191,0,0.631,1.816,0,0.000,0.000,0.000,0.000,0.000,0.000,-3.310,-2.348
273.21,0.191,0,0.631,1.815,0,0.000,0.000,0.000,0.000,0.000,0.000,-3.306,-2.346
273.41,0.194,0,0.631,1.815,0,0.000,0.000,0.000,0.000,0.000,0.000,-3.305,-2.356
273.61,0.195,0,0.630,1.820,0,0.000,0.000,0.000,0.000,0.000,0.000,-3.305,-2.354
273.81,0.195,0,0.630,1.820,0,0.000,0.000,0.000,0.000,0.000,0.000,-3.305,-2.350
274.01,0.111,0,0.630,1.820,0,0.000,0.000,0.000,0.000,0.000,0.000,-3.305,-2.350
274.21,0.111,0,0.632,1.829,0,0.000,0.000,0.000,0.000,0.000,0.000,-3.301,-2.352
274.41,0.196,0,0.632,1.829,0,0.000,0.000,0.000,0.000,0.000,0.000,-3.300,-2.351
274.61,0.186,0,0.633,1.829,0,0.000,0.000,0.000,0.000,0.000,0.000,-3.299,-2.358
274.81,0.111,0,0.633,1.829,0,0.000,0.000,0.000,0.000,0.000,0.000,-3.306,-2.356
275.01,0.502,0,0.633,1.829,0,0.000,0.000,0.000,0.000,0.000,0.000,-3.306,-2.356
275.21,0.502,0,0.629,1.828,0,0.000,0.000,0.000,0.000,0.000,0.000,-3.302,-2.358
275.41,0.502,0,0.629,1.828,0,0.000,0.000,0.000,0.000,0.000,0.000,-3.306,-2.349
275.62,0.504,0,0.630,1.824,0,0.000,0.000,0.000,0.000,0.000,0.000,-3.305,-2.355
275.81,0.507,0,0.630,1.824,0,0.000,0.000,0.000,0.000,0.000,0.000,-3.300,-2.355
276.01,0.514,0,0.630,1.824,0,0.000,0.000,0.000,0.000,0.000,0.000,-3.301,-2.356
276.21,0.514,0,0.638,1.828,0,0.000,0.000,0.000,0.000,0.000,0.000,-3.301,-2.356
276.41,0.540,0,0.638,1.828,0,0.000,0.000,0.000,0.000,0.000,0.000,-3.300,-2.351
276.61,0.543,0,0.637,1.823,0,0.000,0.000,0.000,0.000,0.000,0.000,-3.301,-2.352
276.81,0.552,0,0.637,1.823,0,0.000,0.000,0.000,0.000,0.000,0.000,-3.299,-2.356
277.01,0.550,0,0.637,1.823,0,0.000,0.000,0.000,0.000,0.000,0.000,-3.300,-2.355
277.21,0.550,0,0.639,1.824,0,0.000,0.000,0.000,0.000,0.000,0.000,-3.300,-2.355
277.41,0.549,0,0.639,1.824,0,0.000,0.000,0.000,0.000,0.000,0.000,-3.299,-2.357
277.61,0.555,0,0.632,1.829,0,0.000,0.000,0.000,0.000,0.000,0.000,-3.306,-2.359
277.81,0.560,0,0.632,1.829,0,0.000,0.000,0.000,0.000,0.000,0.000,-3.303,-2.356
278.01,0.571,0,0.632,1.829,0,0.000,0.000,0.000,0.000,0.000,0.000,-3.303,-2.356
278.21,0.571,0,0.635,1.826,0,0.000,0.000,0.000,0.000,0.000,0.000,-3.298,-2.357
278.41,0.112,0,0.635,1.826,0,0.000,0.000,0.000,0.000,0.000,0.000,-3.300,-2.359
278.61,0.509,0,0.634,1.822,0,0.000,0.000,0.000,0.000,0.000,0.000,-3.305,-2.357
278.81,0.480,0,0.634,1.822,0,0.000,0.000,0.000,0.000,0.000,0.000,-3.308,-2.357
279.01,0.111,0,0.634,1.822,0,0.000,0.000,0.000,0.000,0.000,0.000,-3.308,-2.357
279.22,0.111,0,0.489,1.829,0,0.000,0.000,0.000,0.000,0.000,0.000,-3.300,-2.360
279.42,0.426,0,0.489,1.829,0,0.000,0.000,0.000,0.000,0.000,0.000,-3.302,-2.356
279.61,0.409,0,0.636,1.828,0,0.000,0.000,0.000,0.000,0.000,0.000,-3.302,-2.352
279.81,0.424,0,0.636,1.828,0,0.000,0.000,0.000,0.000,0.000,0.000,-3.302,-2.347
280.01,0.414,0,0.636,1.828,0,0.000,0.000,0.000,0.000,0.000,0.000,-3.306,-2.357
280.21,0.414,0,0.632,1.828,0,0.000,0.000,0.000,0.000,0.000,0.000,-3.306,-2.357
280.41,0.400,0,0.632,1.828,0,0.000,0.000,0.000,0.000,0.000,0.000,-3.306,-2.352
280.61,0.397,0,0.632,1.830,0,0.000,0.000,0.000,0.000,0.000,0.000,-3.308,-2.353
280.81,0.398,0,0.632,1.830,0,0.000,0.000,0.000,0.000,0.000,0.000,-3.309,-2.354
281.01,0.396,0,0.632,1.830,0,0.000,0.000,0.000,0.000,0.000,0.000,-3.311,-2.358
281.21,0.396,0,0.631,1.825,0,0.000,0.000,0.000,0.000,0.000,0.000,-3.311,-2.358
281.41,0.400,0,0.631,1.825,0,0.000,0.000,0.000,0.000,0.000,0.000,-3.309,-2.356
281.61,0.380,0,0.630,1.832,0,0.000,0.000,0.000,0.000,0.000,0.000,-3.308,-2.357
281.81,0.391,0,0.630,1.832,0,0.000,0.000,0.000,0.000,0.000,0.000,-3.309,-2.355
282.01,0.407,0,0.630,1.832,0,0.000,0.000,0.000,0.000,0.000,0.000,-3.313,-2.358
282.21,0.407,0,0.417,0.489,1,0.000,0.000,0.000,0.000,0.000,0.000,-3.313,-2.358
282.41,0.399,0,0.417,0.489,1,0.000,0.000,0.000,0.000,0.000,0.000,-3.308,-2.353
282.61,0.406,0,0.416,0.483,1,0.000,0.000,0.000,0.000,0.000,0.000,-3.306,-2.354
282.81,0.407,0,0.416,0.483,1,0.000,0.000,0.000,0.000,0.000,0.000,-3.304,-2.357
283.01,0.404,0,0.416,0.483,1,0.000,0.000,0.000,0.000,0.000,0.000,-3.305,-2.360
283.21,0.404,0,0.414,0.483,1,0.000,0.000,0.000,0.000,0.000,0.000,-3.305,-2.360
283.41,0.401,0,0.414,0.483,1,0.000,0.000,0.000,0.000,0.000,0.000,-3.303,-2.356
283.61,0.407,0,0.417,0.485,1,0.000,0.000,0.000,0.000,0.000,0.000,-3.302,-2.357
283.81,0.431,0,0.417,0.485,1,0.000,0.000,0.000,0.000,0.000,0.000,-3.306,-2.361
284.01,0.468,0,0.417,0.485,1,0.000,0.000,0.000,0.000,0.000,0.000,-3.301,-2.351
284.21,0.468,0,0.477,0.502,1,0.000,0.000,0.000,0.000,0.000,0.000,-3.301,-2.351
284.41,0.542,0,0.477,0.502,1,0.000,0.000,0.000,0.000,0.000,0.000,-3.306,-2.358
284.61,0.542,0,0.667,0.859,1,0.000,0.000,0.000,0.000,0.000,0.000,-3.305,-2.355
284.81,0.542,0,0.667,0.859,1,0.000,0.000,0.000,0.000,0.000,0.000,-3.305,-2.357
285.01,0.541,0,0.667,0.859,1,0.000,0.000,0.000,0.000,0.000,0.000,-3.311,-2.353
285.21,0.541,0,0.668,0.981,0,0.000,0.000,0.000,0.000,0.000,0.000,-3.311,-2.353
285.41,0.540,0,0.668,0.981,0,0.000,0.000,0.000,0.000,0.000,0.000,-3.305,-2.353
285.61,0.539,0,0.670,0.985,0,0.000,0.000,0.000,0.000,0.000,0.000,-3.311,-2.358
285.81,0.540,0,0.670,0.985,0,0.000,0.000,0.000,0.000,0.000,0.000,-3.311,-2.359
286.01,0.539,0,0.670,0.985,0,0.000,0.000,0.000,0.000,0.000,0.000,-3.308,-2.357
286.21,0.539,0,0.670,0.990,0,0.000,0.000,0.000,0.000,0.000,0.000,-3.308,-2.357
286.41,0.539,0,0.670,0.990,0,0.000,0.000,0.000,0.000,0.000,0.000,-3.306,-2.355
286.61,0.539,0,0.670,0.991,0,0.000,0.000,0.000,0.000,0.000,0.000,-3.304,-2.357
286.81,0.111,0,0.670,0.991,0,0.000,0.000,0.000,0.000,0.000,0.000,-3.297,-2.357
287.01,0.539,0,0.670,0.991,0,0.000,0.000,0.000,0.000,0.000,0.000,-3.309,-2.359
287.21,0.539,0,0.669,0.990,0,0.000,0.000,0.000,0.000,0.000,0.000,-3.309,-2.359
287.41,0.540,0,0.669,0.990,0,0.000,0.000,0.000,0.000,0.000,0.000,-3.302,-2.358
287.61,0.539,0,0.669,0.989,0,0.000,0.000,0.000,0.000,0.000,0.000,-3.310,-2.365
287.81,0.539,0,0.669,0.989,0,0.000,0.000,0.000,0.000,0.000,0.000,-3.301,-2.358
288.01,0.538,0,0.669,0.989,0,0.000,0.000,0.000,0.000,0.000,0.000,-3.306,-2.355
288.21,0.538,0,0.670,0.990,0,0.000,0.000,0.000,0.000,0.000,0.000,-3.306,-2.355
288.41,0.537,0,0.670,0.990,0,0.000,0.000,0.000,0.000,0.000,0.000,-3.310,-2.358
288.61,0.552,0,0.651,0.992,0,0.000,0.000,0.000,0.000,0.000,0.000,-3.307,-2.361
288.81,0.570,0,0.651,0.992,0,0.000,0.000,0.000,0.000,0.000,0.000,-3.301,-2.355
289.01,0.571,0,0.651,0.992,0,0.000,0.000,0.000,0.000,0.000,0.000,-3.302,-2.358
289.21,0.571,0,0.633,0.992,0,0.000,0.000,0.000,0.000,0.000,0.000,-3.302,-2.358
289.41,0.574,0,0.633,0.992,0,0.000,0.000,0.000,0.000,0.000,0.000,-3.308,-2.355
289.61,0.570,0,0.636,0.991,0,0.000,0.000,0.000,0.000,0.000,0.000,-3.306,-2.356
289.81,0.561,0,0.636,0.991,0,0.000,0.000,0.000,0.000,0.000,0.000,-3.302,-2.356
290.01,0.551,0,0.636,0.991,0,0.000,0.000,0.000,0.000,0.000,0.000,-3.298,-2.359
290.21,0.551,0,0.654,0.991,0,0.000,0.000,0.000,0.000,0.000,0.000,-3.298,-2.359
290.41,0.547,0,0.654,0.991,0,0.000,0.000,0.000,0.000,0.000,0.000,-3.304,-2.360
290.61,0.547,0,0.654,0.990,0,0.000,0.000,0.000,0.000,0.000,0.000,-3.300,-2.353
290.81,0.549,0,0.654,0.990,0,0.000,0.000,0.000,0.000,0.000,0.000,-3.305,-2.355
291.01,0.548,0,0.654,0.990,0,0.000,0.000,0.000,0.000,0.000,0.000,-3.301,-2.362
291.21,0.548,0,0.652,0.989,0,0.000,0.000,0.000,0.000,0.000,0.000,-3.301,-2.362
291.41,0.549,0,0.652,0.989,0,0.000,0.000,0.000,0.000,0.000,0.000,-3.305,-2.360
291.61,0.550,0,0.653,0.989,0,0.000,1.000,0.000,0.000,0.375,0.000,-3.304,-2.359
291.81,0.550,0,0.653,0.989,0,0.000,-1.000,0.000,0.000,-1.000,0.000,-3.302,-2.360
292.01,0.551,0,0.653,0.989,0,0.000,1.000,0.000,0.000,0.377,0.000,-3.307,-2.358
292.21,0.551,0,0.653,0.988,0,1.000,0.000,0.000,0.618,0.000,0.000,-3.307,-2.358
292.41,0.548,0,0.653,0.988,0,0.000,-1.000,0.000,0.000,-1.000,0.000,-3.298,-2.360
292.61,0.548,0,0.648,0.986,0,0.000,-1.000,0.000,0.000,-1.000,0.000,-3.301,-2.353
292.81,0.551,0,0.648,0.986,0,0.000,0.000,0.000,0.000,0.000,0.000,-3.296,-2.346
293.01,0.555,0,0.648,0.986,0,1.000,0.000,0.000,0.622,0.000,0.000,-3.298,-2.360
293.21,0.555,0,0.655,0.990,0,1.000,0.000,0.000,0.622,0.000,0.000,-3.298,-2.360
293.41,0.558,0,0.655,0.990,0,0.000,0.000,0.000,0.000,0.000,0.000,-3.293,-2.362
293.62,0.557,0,0.652,0.978,0,1.000,0.000,0.000,0.618,0.000,0.000,-3.289,-2.353
293.81,0.558,0,0.652,0.978,0,1.000,0.000,0.000,0.620,0.000,0.000,-3.289,-2.347
294.01,0.557,0,0.652,0.978,0,1.000,0.000,0.000,0.608,0.000,0.000,-3.289,-2.328
294.21,0.557,0,0.647,0.956,0,1.000,0.000,0.000,0.608,0.000,0.000,-3.289,-2.328
294.41,0.550,0,0.647,0.956,0,0.000,0.000,0.000,0.000,0.000,0.000,-3.283,-2.295
294.61,0.539,0,0.756,0.815,1,0.000,0.000,0.000,0.000,0.000,0.000,-3.267,-2.195
294.81,0.484,0,0.756,0.815,1,0.000,0.000,0.000,0.000,0.000,0.000,-3.280,-2.123
295.01,0.456,0,0.756,0.815,1,1.000,0.000,0.000,0.670,0.000,0.000,-3.275,-2.062
295.21,0.456,0,0.674,0.721,1,1.000,0.000,0.000,0.670,0.000,0.000,-3.275,-2.062
295.41,0.442,0,0.674,0.721,1,0.000,0.000,0.000,0.000,0.000,0.000,-3.266,-2.008
295.61,0.416,0,0.613,0.669,1,0.000,0.000,0.000,0.000,0.000,0.000,-3.256,-1.931
295.81,0.401,0,0.613,0.669,1,1.000,0.000,0.000,0.373,0.000,0.000,-3.270,-1.847
296.01,0.405,0,0.613,0.669,1,1.000,0.000,0.000,0.290,0.000,0.000,-3.260,-1.776
296.21,0.405,0,0.524,0.539,1,0.000,0.000,0.000,0.000,0.000,0.000,-3.260,-1.776
296.41,0.421,0,0.524,0.539,1,0.000,0.000,0.000,0.000,0.000,0.000,-3.254,-1.683
296.61,0.356,0,0.367,0.406,1,0.000,0.000,0.000,0.000,0.000,0.000,-3.251,-1.611
296.81,0.331,1,0.367,0.406,1,1.000,0.000,0.000,0.000,0.000,0.000,-3.249,-1.550
297.01,0.374,1,0.367,0.406,1,1.000,0.000,0.000,0.000,0.000,0.000,-3.258,-1.540
297.21,0.374,1,0.385,0.989,0,1.000,0.000,0.000,0.000,0.000,0.000,-3.258,-1.540
297.41,0.504,0,0.385,0.989,0,1.000,0.000,0.000,1.000,0.000,0.000,-3.263,-1.537
297.61,0.504,0,0.896,0.988,1,1.000,0.000,0.000,1.000,0.000,0.000,-3.258,-1.536
297.81,0.514,0,0.896,0.988,1,0.000,0.000,0.000,0.000,0.000,0.000,-3.242,-1.490
298.01,0.557,0,0.896,0.988,1,0.000,0.000,0.000,0.000,0.000,0.000,-3.235,-1.427
298.21,0.557,0,0.821,0.820,1,0.000,0.000,0.000,0.000,0.000,0.000,-3.235,-1.427
298.41,0.622,0,0.821,0.820,1,0.000,0.000,0.000,0.000,0.000,0.000,-3.220,-1.334
298.61,0.672,0,0.689,0.716,1,1.000,0.000,0.000,0.708,0.000,0.000,-3.222,-1.280
298.81,0.653,0,0.689,0.716,1,1.000,0.000,0.000,0.632,0.000,0.000,-3.227,-1.240
299.01,0.605,0,0.689,0.716,1,0.000,0.000,0.000,0.000,0.000,0.000,-3.213,-1.189
299.21,0.605,0,0.612,0.610,1,0.000,0.000,0.000,0.000,0.000,0.000,-3.213,-1.189
299.41,0.111,0,0.612,0.610,1,0.000,0.000,0.000,0.000,0.000,0.000,-3.203,-1.102
299.61,0.445,0,0.454,0.500,1,0.000,0.000,0.000,0.000,0.000,0.000,-3.188,-1.025
299.81,0.407,0,0.454,0.500,1,1.000,0.000,0.000,0.018,0.000,0.000,-3.180,-0.994
300.02,0.395,0,0.454,0.500,1,0.000,0.000,0.000,0.000,0.000,0.000,-3.188,-0.969
300.21,0.395,1,0.405,0.461,1,1.000,0.000,0.000,0.000,0.000,0.000,-3.188,-0.969
300.41,0.395,1,0.405,0.461,1,1.000,0.000,0.000,0.000,0.000,0.000,-3.189,-0.972
300.61,0.396,1,0.406,0.461,1,1.000,0.000,0.000,0.000,0.000,0.000,-3.190,-0.971
300.81,0.396,0,0.406,0.461,1,-1.000,0.000,0.000,-1.000,0.000,0.000,-3.187,-0.969
301.01,0.398,0,0.406,0.461,1,-1.000,0.000,0.000,-1.000,0.000,0.000,-3.193,-0.961
301.21,0.429,0,0.408,0.477,1,-1.000,0.000,0.000,-1.000,0.000,0.000,-3.193,-0.961
301.41,0.429,0,0.408,0.477,1,-1.000,0.000,0.000,-1.000,0.000,0.000,-3.203,-0.986
301.61,0.470,0,0.479,0.560,1,-1.000,0.000,0.000,-1.000,0.000,0.000,-3.217,-1.027
301.81,0.553,0,0.479,0.560,1,-1.000,0.000,0.000,-0.921,0.000,0.000,-3.222,-1.106
302.01,0.678,0,0.479,0.560,1,0.000,0.000,0.000,0.000,0.000,0.000,-3.223,-1.229
302.21,0.564,0,0.692,0.826,1,0.000,0.000,0.000,0.000,0.000,0.000,-3.223,-1.229
302.42,0.564,0,0.692,0.826,1,0.000,0.000,0.000,0.000,0.000,0.000,-3.240,-1.413
302.61,0.499,0,0.951,1.073,1,0.000,0.000,0.000,0.000,0.000,0.000,-3.235,-1.552
302.81,0.479,0,0.951,1.073,1,0.000,0.000,0.000,0.000,0.000,0.000,-3.213,-1.647
303.01,0.480,0,0.951,1.073,1,0.000,0.000,0.000,0.000,0.000,0.000,-3.215,-1.716
303.21,0.482,0,0.999,1.203,0,0.000,0.000,-1.000,0.000,0.000,-1.000,-3.215,-1.716
303.41,0.482,0,0.999,1.203,0,0.000,0.000,-1.000,0.000,0.000,-1.000,-3.213,-1.744
303.61,0.485,0,1.017,1.212,1,0.000,0.000,1.000,0.000,0.000,1.000,-3.204,-1.757
303.81,0.486,0,1.017,1.212,1,0.000,0.000,-1.000,0.000,0.000,-1.000,-3.201,-1.751
304.01,0.486,0,1.017,1.212,1,0.000,0.000,-1.000,0.000,0.000,-1.000,-3.200,-1.754
304.21,0.488,0,1.013,1.210,1,0.000,0.000,1.000,0.000,0.000,1.000,-3.202,-1.748
304.41,0.488,0,1.013,1.210,1,0.000,0.000,1.000,0.000,0.000,1.000,-3.202,-1.748
304.61,0.487,0,1.013,1.209,1,0.000,0.000,-1.000,0.000,0.000,-1.000,-3.192,-1.751
304.81,0.487,0,1.013,1.209,1,0.000,0.000,1.000,0.000,0.000,1.000,-3.195,-1.757
305.01,0.487,0,1.013,1.209,1,0.000,0.000,1.000,0.000,0.000,1.000,-3.198,-1.746
305.21,0.486,0,1.010,1.202,1,0.000,0.000,-1.000,0.000,0.000,-1.000,-3.203,-1.757
305.41,0.486,0,1.010,1.202,1,0.000,0.000,-1.000,0.000,0.000,-1.000,-3.203,-1.757
305.61,0.487,0,1.019,1.208,1,0.000,0.000,-1.000,0.000,0.000,-1.000,-3.198,-1.750
305.81,0.487,0,1.019,1.208,1,-1.000,0.000,0.000,-1.000,0.000,0.000,-3.210,-1.756
306.01,0.488,0,1.019,1.208,1,0.000,-1.000,0.000,0.000,-1.000,0.000,-3.197,-1.741
306.21,0.108,0,1.014,1.224,0,0.000,1.000,0.000,0.000,0.220,0.000,-3.196,-1.759
306.41,0.108,0,1.014,1.224,0,0.000,-1.000,0.000,0.000,-1.000,0.000,-3.196,-1.759
306.61,0.499,0,1.029,1.237,0,0.000,-1.000,0.000,0.000,-1.000,0.000,-3.189,-1.772
306.81,0.499,0,1.029,1.237,0,0.000,-1.000,0.000,0.000,-1.000,0.000,-3.201,-1.779
307.01,0.500,0,1.029,1.237,0,0.000,0.000,0.000,0.000,0.000,0.000,-3.186,-1.761
307.21,0.505,0,1.028,1.236,0,0.000,0.000,0.000,0.000,0.000,0.000,-3.194,-1.763
307.41,0.505,0,1.028,1.236,0,0.000,1.000,0.000,0.000,0.262,0.000,-3.194,-1.763
307.61,0.505,0,1.187,1.238,1,0.000,1.000,0.000,0.000,0.262,0.000,-3.186,-1.775
307.81,0.504,0,1.187,1.238,1,0.000,0.000,0.000,0.000,0.000,0.000,-3.187,-1.776
308.01,0.504,0,1.187,1.238,1,0.000,1.000,0.000,0.000,0.260,0.000,-3.188,-1.774
308.21,0.504,0,1.187,1.238,1,0.000,-1.000,0.000,0.000,-0.539,0.000,-3.182,-1.771
308.41,0.504,0,1.187,1.238,1,0.000,-1.000,0.000,0.000,-1.000,0.000,-3.182,-1.771
308.61,0.506,0,1.089,1.236,1,0.000,0.000,0.000,0.000,0.000,0.000,-3.174,-1.753
308.81,0.110,0,1.089,1.236,1,0.000,-1.000,0.000,0.000,-1.000,0.000,-3.178,-1.744
309.01,0.514,0,1.089,1.236,1,0.000,-1.000,0.000,0.000,-0.509,0.000,-3.171,-1.763
309.21,0.515,0,1.183,1.232,1,0.000,-1.000,0.000,0.000,-0.509,0.000,-3.164,-1.753
309.41,0.515,0,1.183,1.232,1,0.000,-1.000,0.000,0.000,-1.000,0.000,-3.164,-1.753
309.61,0.523,0,1.178,1.232,1,0.000,-1.000,0.000,0.000,-1.000,0.000,-3.169,-1.729
309.81,0.532,0,1.178,1.232,1,0.000,-1.000,0.000,0.000,-1.000,0.000,-3.187,-1.733
310.01,0.108,0,1.178,1.232,1,0.000,-1.000,0.000,0.000,-1.000,0.000,-3.185,-1.741
310.21,0.558,0,1.163,1.287,1,0.000,-1.000,0.000,0.000,-1.000,0.000,-3.188,-1.726
310.41,0.558,0,1.163,1.287,1,0.000,-1.000,0.000,0.000,-1.000,0.000,-3.188,-1.726
310.61,0.573,0,0.580,1.058,0,0.000,-1.000,0.000,0.000,-1.000,0.000,-3.176,-1.701
310.81,0.584,0,0.580,1.058,0,0.000,0.000,0.000,0.000,0.000,0.000,-3.182,-1.679
311.01,0.591,0,0.580,1.058,0,0.000,0.000,0.000,0.000,0.000,0.000,-3.179,-1.660
311.21,0.589,0,0.598,0.628,1,0.000,0.000,0.000,0.000,0.000,0.000,-3.075,-1.621
311.41,0.589,0,0.598,0.628,1,0.000,1.000,0.000,0.000,1.000,0.000,-3.075,-1.621
311.61,0.589,0,0.596,0.626,1,0.000,0.000,0.000,0.000,0.000,0.000,-3.020,-1.603
311.81,0.588,0,0.596,0.626,1,0.000,1.000,0.000,0.000,1.000,0.000,-3.068,-1.620
312.01,0.587,0,0.596,0.626,1,0.000,1.000,0.000,0.000,1.000,0.000,-3.113,-1.668
312.21,0.586,0,0.594,0.623,1,0.000,1.000,0.000,0.000,1.000,0.000,-3.118,-1.670
312.41,0.586,0,0.594,0.623,1,0.000,1.000,0.000,0.000,1.000,0.000,-3.118,-1.670
312.61,0.586,0,0.593,0.623,1,0.000,1.000,0.000,0.000,1.000,0.000,-3.120,-1.670
312.81,0.586,0,0.593,0.623,1,0.000,-1.000,0.000,0.000,-1.000,0.000,-3.119,-1.670
313.01,0.587,0,0.593,0.623,1,0.000,0.000,0.000,0.000,0.000,0.000,-3.144,-1.683
313.21,0.586,0,0.594,0.624,1,0.000,-1.000,0.000,0.000,-1.000,0.000,-3.162,-1.686
313.41,0.586,0,0.594,0.624,1,0.000,-1.000,0.000,0.000,-1.000,0.000,-3.162,-1.686
313.61,0.586,0,0.593,0.628,1,0.000,-1.000,0.000,0.000,-1.000,0.000,-3.148,-1.677
313.81,0.587,0,0.593,0.628,1,0.000,-1.000,0.000,0.000,-1.000,0.000,-3.153,-1.682
314.01,0.109,0,0.593,0.628,1,0.000,-1.000,0.000,0.000,-1.000,0.000,-3.155,-1.674
314.21,0.109,0,0.594,0.630,1,0.000,-1.000,0.000,0.000,-1.000,0.000,-3.181,-1.686
314.41,0.109,0,0.594,0.630,1,0.000,-1.000,0.000,0.000,-1.000,0.000,-3.181,-1.686
314.61,0.109,0,0.589,0.630,1,0.000,0.000,0.000,0.000,0.000,0.000,-3.201,-1.683
314.81,0.109,0,0.589,0.630,1,0.000,0.000,0.000,0.000,0.000,0.000,-3.231,-1.682
315.01,0.571,0,0.589,0.630,1,0.000,0.000,0.000,0.000,0.000,0.000,-3.156,-1.607
315.21,0.572,0,0.578,0.646,1,0.000,0.000,0.000,0.000,0.000,0.000,-3.110,-1.574
315.41,0.572,1,0.578,0.646,1,0.000,0.000,-1.000,0.000,0.000,0.000,-3.107,-1.566
315.61,0.572,0,0.579,0.647,1,0.000,0.000,-1.000,0.000,0.000,-1.000,-3.107,-1.566
315.81,0.571,0,0.579,0.647,1,0.000,0.000,0.000,0.000,0.000,0.000,-3.107,-1.564
316.01,0.572,0,0.579,0.647,1,0.000,0.000,-1.000,0.000,0.000,-1.000,-3.120,-1.577
316.21,0.572,0,0.579,0.644,1,0.000,0.000,-1.000,0.000,0.000,-1.000,-3.117,-1.577
316.41,0.572,0,0.579,0.644,1,-1.000,0.000,0.000,-0.918,0.000,0.000,-3.128,-1.566
316.61,0.572,0,0.579,0.648,1,-1.000,0.000,0.000,-0.915,0.000,0.000,-3.128,-1.566
316.81,0.574,0,0.579,0.648,1,0.000,0.000,0.000,0.000,0.000,0.000,-3.116,-1.559
317.01,0.610,0,0.579,0.648,1,0.000,0.000,0.000,0.000,0.000,0.000,-3.100,-1.538
317.21,0.641,0,0.617,0.695,1,0.000,-1.000,0.000,0.000,-1.000,0.000,-3.062,-1.502
317.41,0.108,0,0.617,0.695,1,0.000,-1.000,0.000,0.000,-1.000,0.000,-3.075,-1.514
317.61,0.108,0,0.650,0.740,1,0.000,0.000,0.000,0.000,0.000,0.000,-3.075,-1.514
317.81,0.109,0,0.650,0.740,1,0.000,0.000,0.000,0.000,0.000,0.000,-3.137,-1.561
318.01,0.612,0,0.650,0.740,1,0.000,0.000,0.000,0.000,0.000,0.000,-3.138,-1.548
318.21,0.109,0,0.619,0.747,1,0.000,0.000,0.000,0.000,0.000,0.000,-3.101,-1.506
318.41,0.109,0,0.619,0.747,1,0.000,0.000,0.000,0.000,0.000,0.000,-3.099,-1.501
318.61,0.109,0,0.616,0.742,1,0.000,0.000,0.000,0.000,0.000,0.000,-3.099,-1.501
318.81,0.109,0,0.616,0.742,1,0.000,0.000,0.000,0.000,0.000,0.000,-3.103,-1.502
319.01,0.111,0,0.616,0.742,1,0.000,0.000,0.000,0.000,0.000,0.000,-3.103,-1.508
319.21,0.110,0,0.605,0.755,1,0.000,0.000,0.000,0.000,0.000,0.000,-3.102,-1.500
319.41,0.111,0,0.605,0.755,1,0.000,0.000,0.000,0.000,0.000,0.000,-3.098,-1.503
319.61,0.111,0,0.599,0.714,1,0.000,0.000,0.000,0.000,0.000,0.000,-3.098,-1.503
319.81,0.108,0,0.599,0.714,1,0.000,0.000,0.000,0.000,0.000,0.000,-3.095,-1.503
320.01,0.109,0,0.599,0.714,1,0.000,0.000,0.000,0.000,0.000,0.000,-3.096,-1.501
320.21,0.111,0,0.613,0.750,1,0.000,0.000,0.000,0.000,0.000,0.000,-3.094,-1.500
320.41,0.111,0,0.613,0.750,1,0.000,0.000,0.000,0.000,0.000,0.000,-3.094,-1.499
320.61,0.111,0,0.523,0.705,1,0.000,0.000,0.000,0.000,0.000,0.000,-3.094,-1.499
320.81,0.109,0,0.523,0.705,1,0.000,0.000,0.000,0.000,0.000,0.000,-3.102,-1.500
321.01,0.110,0,0.523,0.705,1,0.000,0.000,0.000,0.000,0.000,0.000,-3.106,-1.494
321.21,0.110,0,0.521,0.702,1,0.000,0.000,0.000,0.000,0.000,0.000,-3.104,-1.494
321.41,0.110,0,0.521,0.702,1,0.000,0.000,0.000,0.000,0.000,0.000,-3.101,-1.493
321.61,0.110,0,0.437,0.447,1,0.000,0.000,0.000,0.000,0.000,0.000,-3.101,-1.493
321.81,0.110,0,0.437,0.447,1,0.000,0.000,0.000,0.000,0.000,0.000,-3.099,-1.499
322.01,0.109,0,0.437,0.447,1,0.000,0.000,0.000,0.000,0.000,0.000,-3.096,-1.491
322.21,0.111,0,0.366,0.408,1,0.000,0.000,0.000,0.000,0.000,0.000,-3.096,-1.488
322.41,0.110,0,0.366,0.408,1,0.000,0.000,0.000,0.000,0.000,0.000,-3.102,-1.489
322.61,0.110,0,0.315,0.410,1,0.000,0.000,0.000,0.000,0.000,0.000,-3.102,-1.489
322.81,0.111,0,0.315,0.410,1,0.000,0.000,0.000,0.000,0.000,0.000,-3.102,-1.495
323.01,0.109,0,0.315,0.410,1,0.000,0.000,0.000,0.000,0.000,0.000,-3.104,-1.486
323.21,0.112,0,0.308,0.406,1,0.000,0.000,0.000,0.000,0.000,0.000,-3.105,-1.493
323.41,0.109,0,0.308,0.406,1,0.000,0.000,0.000,0.000,0.000,0.000,-3.105,-1.491
323.61,0.109,0,0.326,0.405,1,0.000,0.000,0.000,0.000,0.000,0.000,-3.105,-1.491
323.81,0.110,0,0.326,0.405,1,0.000,0.000,0.000,0.000,0.000,0.000,-3.111,-1.488
324.01,0.111,0,0.326,0.405,1,0.000,0.000,0.000,0.000,0.000,0.000,-3.104,-1.486
324.21,0.112,0,0.326,0.406,1,0.000,0.000,0.000,0.000,0.000,0.000,-3.099,-1.486
324.41,0.109,0,0.326,0.406,1,0.000,0.000,0.000,0.000,0.000,0.000,-3.094,-1.495
324.61,0.109,0,0.324,0.403,1,0.000,0.000,0.000,0.000,0.000,0.000,-3.094,-1.495
324.81,0.109,0,0.324,0.403,1,0.000,0.000,0.000,0.000,0.000,0.000,-3.106,-1.497
325.01,0.109,0,0.324,0.403,1,0.000,0.000,0.000,0.000,0.000,0.000,-3.105,-1.489
325.21,0.110,0,0.326,0.404,1,0.000,0.000,0.000,0.000,0.000,0.000,-3.108,-1.485
325.41,0.108,0,0.326,0.404,1,0.000,0.000,0.000,0.000,0.000,0.000,-3.105,-1.492
325.61,0.108,0,0.322,0.405,1,0.000,0.000,0.000,0.000,0.000,0.000,-3.105,-1.492
325.81,0.111,0,0.322,0.405,1,0.000,0.000,0.000,0.000,0.000,0.000,-3.101,-1.489
326.01,0.109,0,0.322,0.405,1,0.000,0.000,0.000,0.000,0.000,0.000,-3.106,-1.492
326.21,0.110,0,0.323,0.405,1,0.000,0.000,0.000,0.000,0.000,0.000,-3.101,-1.489
326.41,0.111,0,0.323,0.405,1,0.000,0.000,0.000,0.000,0.000,0.000,-3.099,-1.488
326.61,0.111,0,0.323,0.405,1,0.000,0.000,0.000,0.000,0.000,0.000,-3.099,-1.488
326.81,0.110,0,0.323,0.405,1,0.000,0.000,0.000,0.000,0.000,0.000,-3.108,-1.483
327.01,0.111,0,0.323,0.405,1,0.000,0.000,0.000,0.000,0.000,0.000,-3.101,-1.487
327.21,0.110,0,0.325,0.405,1,0.000,0.000,0.000,0.000,0.000,0.000,-3.097,-1.491
327.42,0.110,0,0.325,0.405,1,0.000,0.000,0.000,0.000,0.000,0.000,-3.101,-1.490
327.61,0.110,0,0.326,0.403,1,0.000,0.000,0.000,0.000,0.000,0.000,-3.101,-1.490
327.81,0.111,0,0.326,0.403,1,0.000,0.000,0.000,0.000,0.000,0.000,-3.104,-1.489
328.01,0.111,0,0.326,0.403,1,0.000,0.000,0.000,0.000,0.000,0.000,-3.096,-1.486
328.21,0.109,0,0.309,0.406,1,0.000,0.000,0.000,0.000,0.000,0.000,-3.110,-1.496
328.41,0.109,0,0.309,0.406,1,0.000,0.000,0.000,0.000,0.000,0.000,-3.094,-1.486
328.61,0.110,0,0.310,0.406,1,0.000,0.000,0.000,0.000,0.000,0.000,-3.094,-1.486
328.81,0.110,0,0.310,0.406,1,0.000,0.000,0.000,0.000,0.000,0.000,-3.100,-1.498
329.01,0.109,0,0.310,0.406,1,0.000,0.000,0.000,0.000,0.000,0.000,-3.097,-1.496
329.21,0.109,0,0.308,0.406,1,0.000,0.000,0.000,0.000,0.000,0.000,-3.098,-1.500
329.41,0.109,0,0.308,0.406,1,0.000,0.000,0.000,0.000,0.000,0.000,-3.097,-1.493
329.61,0.109,0,0.303,0.407,1,0.000,0.000,0.000,0.000,0.000,0.000,-3.099,-1.497
329.81,0.109,0,0.303,0.407,1,0.000,0.000,0.000,0.000,0.000,0.000,-3.099,-1.497
330.01,0.110,0,0.303,0.407,1,0.000,0.000,0.000,0.000,0.000,0.000,-3.098,-1.497
330.22,0.108,0,0.302,0.404,1,0.000,0.000,0.000,0.000,0.000,0.000,-3.101,-1.498
330.41,0.112,0,0.302,0.404,1,0.000,0.000,0.000,0.000,0.000,0.000,-3.096,-1.500
330.61,0.110,0,0.301,0.406,1,0.000,0.000,0.000,0.000,0.000,0.000,-3.096,-1.500
330.81,0.110,0,0.301,0.406,1,0.000,0.000,0.000,0.000,0.000,0.000,-3.098,-1.497
331.01,0.108,0,0.301,0.406,1,0.000,0.000,0.000,0.000,0.000,0.000,-3.097,-1.502
331.21,0.110,0,0.299,0.410,1,0.000,0.000,0.000,0.000,0.000,0.000,-3.098,-1.496
331.41,0.111,0,0.299,0.410,1,0.000,0.000,0.000,0.000,0.000,0.000,-3.098,-1.501
331.61,0.111,0,0.298,0.409,1,0.000,0.000,0.000,0.000,0.000,0.000,-3.096,-1.499
331.81,0.111,0,0.298,0.409,1,0.000,0.000,0.000,0.000,0.000,0.000,-3.096,-1.499
332.01,0.112,0,0.298,0.409,1,0.000,0.000,0.000,0.000,0.000,0.000,-3.100,-1.497
332.21,0.109,0,0.297,0.410,1,0.000,0.000,0.000,0.000,0.000,0.000,-3.095,-1.498
332.41,0.111,0,0.297,0.410,1,0.000,0.000,0.000,0.000,0.000,0.000,-3.100,-1.499
332.61,0.111,0,0.295,0.410,1,0.000,0.000,0.000,0.000,0.000,0.000,-3.093,-1.505
332.81,0.111,0,0.295,0.410,1,0.000,0.000,0.000,0.000,0.000,0.000,-3.093,-1.505
333.01,0.112,0,0.295,0.410,1,0.000,0.000,0.000,0.000,0.000,0.000,-3.096,-1.503
333.21,0.109,0,0.291,0.406,1,0.000,0.000,0.000,0.000,0.000,0.000,-3.095,-1.499
333.41,0.109,0,0.291,0.406,1,0.000,0.000,0.000,0.000,0.000,0.000,-3.102,-1.499
333.61,0.111,0,0.282,0.403,1,0.000,0.000,0.000,0.000,0.000,0.000,-3.101,-1.502
333.81,0.111,0,0.282,0.403,1,0.000,0.000,0.000,0.000,0.000,0.000,-3.101,-1.502
334.01,0.111,0,0.282,0.403,1,0.000,0.000,0.000,0.000,0.000,0.000,-3.102,-1.516
334.21,0.109,0,0.244,1.938,0,0.000,0.000,0.000,0.000,0.000,0.000,-3.083,-1.512
334.41,0.110,0,0.244,1.938,0,0.000,0.000,0.000,0.000,0.000,0.000,-3.087,-1.516
334.61,0.110,0,0.222,1.916,0,0.000,0.000,0.000,0.000,0.000,0.000,-3.086,-1.520
334.81,0.110,0,0.222,1.916,0,0.000,0.000,0.000,0.000,0.000,0.000,-3.086,-1.520
335.01,0.109,0,0.222,1.916,0,0.000,0.000,0.000,0.000,0.000,0.000,-3.077,-1.520
335.21,0.110,0,0.207,1.931,0,0.000,0.000,0.000,0.000,0.000,0.000,-3.078,-1.515
335.41,0.109,0,0.207,1.931,0,0.000,0.000,0.000,0.000,0.000,0.000,-3.075,-1.520
335.61,0.111,0,0.191,1.938,0,0.000,0.000,0.000,0.000,0.000,0.000,-3.084,-1.516
335.81,0.111,0,0.191,1.938,0,0.000,0.000,0.000,0.000,0.000,0.000,-3.084,-1.516
336.01,0.110,0,0.191,1.938,0,0.000,0.000,0.000,0.000,0.000,0.000,-3.081,-1.516
336.21,0.110,0,0.188,1.931,0,0.000,0.000,0.000,0.000,0.000,0.000,-3.083,-1.515
336.41,0.110,0,0.188,1.931,0,0.000,0.000,0.000,0.000,0.000,0.000,-3.077,-1.516
336.61,0.109,0,0.191,1.923,0,0.000,0.000,0.000,0.000,0.000,0.000,-3.076,-1.513
336.81,0.109,0,0.191,1.923,0,0.000,0.000,0.000,0.000,0.000,0.000,-3.076,-1.513
337.01,0.108,0,0.191,1.923,0,0.000,0.000,0.000,0.000,0.000,0.000,-3.079,-1.486
337.21,0.154,0,0.182,1.981,0,0.000,0.000,0.000,0.000,0.000,0.000,-3.095,-1.500
337.41,0.112,0,0.182,1.981,0,0.000,0.000,0.000,0.000,0.000,0.000,-3.163,-1.547
337.61,0.111,0,0.180,1.983,0,0.000,0.000,0.000,0.000,0.000,0.000,-3.155,-1.547
337.81,0.111,0,0.180,1.983,0,0.000,0.000,0.000,0.000,0.000,0.000,-3.155,-1.547
338.01,0.108,0,0.180,1.983,0,0.000,0.000,0.000,0.000,0.000,0.000,-3.110,-1.514
338.21,0.172,0,0.193,0.415,0,0.000,0.000,0.000,0.000,0.000,0.000,-3.111,-1.510
338.41,0.111,0,0.193,0.415,0,0.000,0.000,0.000,0.000,0.000,0.000,-3.121,-1.516
338.61,0.112,0,0.186,0.400,0,0.000,0.000,0.000,0.000,0.000,0.000,-3.112,-1.517
338.81,0.112,0,0.186,0.400,0,0.000,0.000,0.000,0.000,0.000,0.000,-3.112,-1.517
339.01,0.111,0,0.186,0.400,0,0.000,0.000,0.000,0.000,0.000,0.000,-3.106,-1.511
339.21,0.109,0,0.193,0.399,0,0.000,0.000,0.000,0.000,0.000,0.000,-3.112,-1.510
339.41,0.109,0,0.193,0.399,0,0.000,0.000,0.000,0.000,0.000,0.000,-3.118,-1.508
339.61,0.164,0,0.204,0.400,1,0.000,0.000,0.000,0.000,0.000,0.000,-3.110,-1.502
339.81,0.164,0,0.204,0.400,1,0.000,0.000,0.000,0.000,0.000,0.000,-3.110,-1.502
340.01,0.111,0,0.204,0.400,1,0.000,0.000,0.000,0.000,0.000,0.000,-3.114,-1.508
340.21,0.111,0,0.205,0.401,1,0.000,0.000,0.000,0.000,0.000,0.000,-3.112,-1.512
340.41,0.168,0,0.205,0.401,1,0.000,0.000,0.000,0.000,0.000,0.000,-3.112,-1.502
340.61,0.108,0,0.211,0.401,1,0.000,0.000,0.000,0.000,0.000,0.000,-3.117,-1.510
340.81,0.108,0,0.211,0.401,1,0.000,0.000,0.000,0.000,0.000,0.000,-3.117,-1.510
341.01,0.109,0,0.211,0.401,1,0.000,0.000,0.000,0.000,0.000,0.000,-3.110,-1.516
341.21,0.157,0,0.210,0.398,1,0.000,0.000,0.000,0.000,0.000,0.000,-3.116,-1.507
341.41,0.163,0,0.210,0.398,1,0.000,0.000,0.000,0.000,0.000,0.000,-3.112,-1.504
341.61,0.163,0,0.208,0.405,1,0.000,0.000,0.000,0.000,0.000,0.000,-3.105,-1.511
341.81,0.163,0,0.208,0.405,1,0.000,0.000,0.000,0.000,0.000,0.000,-3.105,-1.511
342.01,0.109,0,0.208,0.405,1,0.000,0.000,0.000,0.000,0.000,0.000,-3.117,-1.513
342.21,0.110,0,0.205,0.408,0,0.000,0.000,0.000,0.000,0.000,0.000,-3.110,-1.512
342.41,0.111,0,0.205,0.408,0,0.000,0.000,0.000,0.000,0.000,0.000,-3.108,-1.534
342.61,0.111,0,0.210,0.399,1,0.000,0.000,0.000,0.000,0.000,0.000,-3.106,-1.518
342.81,0.111,0,0.210,0.399,1,0.000,0.000,0.000,0.000,0.000,0.000,-3.106,-1.518
343.01,0.109,0,0.210,0.399,1,0.000,0.000,0.000,0.000,0.000,0.000,-3.097,-1.517
343.21,0.154,0,0.193,0.402,0,0.000,0.000,0.000,0.000,0.000,0.000,-3.106,-1.514
343.41,0.112,0,0.193,0.402,0,0.000,0.000,0.000,0.000,0.000,0.000,-3.111,-1.515
343.61,0.110,0,0.166,0.407,0,0.000,0.000,0.000,0.000,0.000,0.000,-3.100,-1.517
343.81,0.110,0,0.166,0.407,0,0.000,0.000,0.000,0.000,0.000,0.000,-3.100,-1.517
344.01,0.130,0,0.166,0.407,0,0.000,0.000,0.000,0.000,0.000,0.000,-3.096,-1.512
344.21,0.111,0,0.168,0.417,0,0.000,0.000,0.000,0.000,0.000,0.000,-3.114,-1.510
344.41,0.105,0,0.168,0.417,0,0.000,0.000,0.000,0.000,0.000,0.000,-3.120,-1.525
344.61,0.110,0,0.144,0.428,0,0.000,0.000,0.000,0.000,0.000,0.000,-3.111,-1.462
344.81,0.110,0,0.144,0.428,0,0.000,0.000,0.000,0.000,0.000,0.000,-3.111,-1.462
345.01,0.109,0,0.144,0.428,0,0.000,0.000,0.000,0.000,0.000,0.000,-3.139,-1.512
345.21,0.100,0,0.154,0.418,0,0.000,0.000,0.000,0.000,0.000,0.000,-3.168,-1.555
345.41,0.220,0,0.154,0.418,0,0.000,0.000,0.000,0.000,0.000,0.000,0.000,0.000
345.61,0.108,0,3.299,nan,0,0.000,0.000,0.000,0.000,0.000,0.000,-3.168,-1.555
345.82,0.179,0,3.299,nan,0,0.000,0.000,0.000,0.000,0.000,0.000,0.000,0.000
346.01,0.179,0,3.299,nan,0,0.000,0.000,0.000,0.000,0.000,0.000,0.000,0.000
346.21,0.170,0,nan,nan,0,0.000,0.000,0.000,0.000,0.000,0.000,-3.168,-1.555
346.41,0.100,0,nan,nan,0,0.000,0.000,0.000,0.000,0.000,0.000,0.000,0.000
346.61,0.104,0,0.138,nan,0,0.000,0.000,0.000,0.000,0.000,0.000,-3.168,-1.555
346.81,0.105,0,0.138,nan,0,0.000,0.000,0.000,0.000,0.000,0.000,0.000,0.000
347.01,0.105,0,0.138,nan,0,0.000,0.000,0.000,0.000,0.000,0.000,0.000,0.000
347.21,0.108,0,nan,0.400,0,0.000,0.000,0.000,0.000,0.000,0.000,-3.168,-1.555
347.41,0.100,0,nan,0.400,0,0.000,0.000,0.000,0.000,0.000,0.000,0.000,0.000
347.61,0.100,0,0.135,0.398,0,0.000,0.000,0.000,0.000,0.000,0.000,-3.168,-1.555
347.81,0.102,0,0.135,0.398,0,0.000,0.000,0.000,0.000,0.000,0.000,0.000,0.000
348.01,0.102,0,0.135,0.398,0,0.000,0.000,0.000,0.000,0.000,0.000,0.000,0.000
348.21,0.100,0,0.135,nan,0,0.000,0.000,0.000,0.000,0.000,0.000,-3.168,-1.555
348.41,0.100,0,0.135,nan,0,0.000,0.000,0.000,0.000,0.000,0.000,0.000,0.000
348.61,0.100,0,0.135,nan,0,0.000,0.000,0.000,0.000,0.000,0.000,-3.168,-1.555
348.81,0.102,0,0.135,nan,0,0.000,0.000,0.000,0.000,0.000,0.000,0.000,0.000
349.01,0.102,0,0.135,nan,0,0.000,0.000,0.000,0.000,0.000,0.000,0.000,0.000
349.21,0.100,0,0.135,nan,0,0.000,0.000,0.000,0.000,0.000,0.000,-3.168,-1.555
349.41,0.100,0,0.135,nan,0,0.000,0.000,0.000,0.000,0.000,0.000,0.000,0.000
349.61,0.100,0,0.135,nan,0,0.000,0.000,0.000,0.000,0.000,0.000,-3.168,-1.555
349.81,0.100,0,0.135,nan,0,0.000,0.000,0.000,0.000,0.000,0.000,0.000,0.000
350.01,0.100,0,0.135,nan,0,0.000,0.000,0.000,0.000,0.000,0.000,0.000,0.000
350.21,0.105,0,0.138,nan,0,0.000,0.000,0.000,0.000,0.000,0.000,-3.168,-1.555
350.41,0.109,0,0.138,nan,0,0.000,0.000,0.000,0.000,0.000,0.000,0.000,0.000
350.61,0.108,0,0.142,0.447,0,0.000,0.000,0.000,0.000,0.000,0.000,-3.168,-1.555
350.81,0.121,0,0.142,0.447,0,0.000,0.000,0.000,0.000,0.000,0.000,0.000,0.000
351.01,0.121,0,0.142,0.447,0,0.000,0.000,0.000,0.000,0.000,0.000,0.000,0.000
351.21,0.111,0,0.176,0.787,0,0.000,0.000,0.000,0.000,0.000,0.000,-3.168,-1.555
351.41,0.152,0,0.176,0.787,0,0.000,0.000,0.000,0.000,0.000,0.000,0.000,0.000
351.61,0.100,0,0.135,0.658,0,0.000,0.000,0.000,0.000,0.000,0.000,-3.168,-1.555
351.81,0.100,0,0.135,0.658,0,0.000,0.000,0.000,0.000,0.000,0.000,0.000,0.000
352.01,0.100,0,0.135,0.658,0,0.000,0.000,0.000,0.000,0.000,0.000,0.000,0.000
352.21,0.100,0,0.135,0.433,0,0.000,0.000,0.000,0.000,0.000,0.000,-3.168,-1.555
352.41,0.198,0,0.135,0.433,0,0.000,0.000,0.000,0.000,0.000,0.000,-3.117,-1.539
352.61,0.108,0,0.221,0.448,0,0.000,0.000,0.000,0.000,0.000,0.000,-3.082,-1.515
352.81,0.190,0,0.221,0.448,0,0.000,0.000,0.000,0.000,0.000,0.000,-3.117,-1.519
353.01,0.190,0,0.221,0.448,0,0.000,0.000,0.000,0.000,0.000,0.000,-3.117,-1.519
353.21,0.109,0,3.564,0.426,0,0.000,0.000,0.000,0.000,0.000,0.000,-3.118,-1.512
353.42,0.109,0,3.564,0.426,0,0.000,0.000,0.000,0.000,0.000,0.000,-3.129,-1.501
353.61,0.109,0,10.551,0.415,0,0.000,0.000,0.000,0.000,0.000,0.000,-3.121,-1.529
353.81,0.108,0,10.551,0.415,0,0.000,0.000,0.000,0.000,0.000,0.000,-3.129,-1.530
354.01,0.109,0,10.551,0.415,0,0.000,0.000,0.000,0.000,0.000,0.000,-3.126,-1.525
354.21,0.109,0,10.753,0.402,0,0.000,0.000,0.000,0.000,0.000,0.000,-3.126,-1.525
354.41,0.109,0,10.753,0.402,0,0.000,0.000,0.000,0.000,0.000,0.000,-3.122,-1.519
354.61,0.101,0,10.666,0.427,0,0.000,0.000,0.000,0.000,0.000,0.000,-3.112,-1.513
354.81,0.103,0,10.666,0.427,0,0.000,0.000,0.000,0.000,0.000,0.000,-3.117,-1.516
355.01,0.103,0,10.666,0.427,0,0.000,0.000,0.000,0.000,0.000,0.000,-3.117,-1.516
355.21,0.100,0,8.530,nan,0,0.000,0.000,0.000,0.000,0.000,0.000,-3.112,-1.519
355.41,0.101,0,8.530,nan,0,0.000,0.000,0.000,0.000,0.000,0.000,-3.114,-1.512
355.61,0.102,0,0.136,nan,0,0.000,0.000,0.000,0.000,0.000,0.000,-3.124,-1.508
355.81,0.101,0,0.136,nan,0,0.000,0.000,0.000,0.000,0.000,0.000,-3.127,-1.515
356.01,0.101,0,0.136,nan,0,0.000,0.000,0.000,0.000,0.000,0.000,-3.127,-1.515
356.21,0.101,0,0.135,nan,0,0.000,0.000,0.000,0.000,0.000,0.000,-3.130,-1.513
356.41,0.101,0,0.135,nan,0,0.000,0.000,0.000,0.000,0.000,0.000,-3.122,-1.504
356.61,0.108,0,0.141,0.419,0,0.000,0.000,0.000,0.000,0.000,0.000,-3.103,-1.425
356.81,0.146,0,0.141,0.419,0,0.000,0.000,0.000,0.000,0.000,0.000,-3.015,-1.450
357.01,0.146,0,0.141,0.419,0,0.000,0.000,0.000,0.000,0.000,0.000,-3.015,-1.450
357.21,0.165,0,0.188,0.427,0,0.000,0.000,0.000,0.000,0.000,0.000,0.000,0.000
357.41,0.160,0,0.188,0.427,0,0.000,0.000,0.000,0.000,0.000,0.000,-3.015,-1.450
357.61,0.110,0,0.186,0.410,0,0.000,0.000,0.000,0.000,0.000,0.000,-3.012,-1.405
357.81,0.110,0,0.186,0.410,0,0.000,0.000,0.000,0.000,0.000,0.000,-3.005,-1.412
358.01,0.110,0,0.186,0.410,0,0.000,0.000,0.000,0.000,0.000,0.000,-3.003,-1.404
358.21,0.112,0,0.254,0.401,1,0.000,0.000,0.000,0.000,0.000,0.000,-3.003,-1.404
358.41,0.110,0,0.254,0.401,1,0.000,0.000,0.000,0.000,0.000,0.000,-3.008,-1.411
358.61,0.111,0,0.354,0.454,1,0.000,0.000,0.000,0.000,0.000,0.000,-3.005,-1.410
358.81,0.109,0,0.354,0.454,1,0.000,0.000,0.000,0.000,0.000,0.000,-3.002,-1.406
359.01,0.112,0,0.354,0.454,1,0.000,0.000,0.000,0.000,0.000,0.000,-3.010,-1.409
359.21,0.112,0,0.421,0.495,1,0.000,0.000,0.000,0.000,0.000,0.000,-3.010,-1.409
359.41,0.109,0,0.421,0.495,1,0.000,0.000,0.000,0.000,0.000,0.000,-3.010,-1.413
359.61,0.109,0,0.602,0.683,1,0.000,0.000,0.000,0.000,0.000,0.000,-3.006,-1.409
359.81,0.109,0,0.602,0.683,1,0.000,0.000,0.000,0.000,0.000,0.000,-3.006,-1.411
360.01,0.112,0,0.602,0.683,1,0.000,0.000,0.000,0.000,0.000,0.000,-3.004,-1.412
360.21,0.112,0,0.981,1.142,1,0.000,0.000,0.000,0.000,0.000,0.000,-3.004,-1.412
360.41,0.111,0,0.981,1.142,1,0.000,0.000,0.000,0.000,0.000,0.000,-3.009,-1.412
360.61,0.110,0,1.504,1.683,1,0.000,0.000,0.000,0.000,0.000,0.000,-3.006,-1.411
360.81,0.112,0,1.504,1.683,1,0.000,0.000,0.000,0.000,0.000,0.000,-3.005,-1.410
361.01,0.109,0,1.504,1.683,1,0.000,0.000,0.000,0.000,0.000,0.000,-3.003,-1.410
361.21,0.109,0,1.709,1.834,1,0.000,0.000,0.000,0.000,0.000,0.000,-3.003,-1.410
361.41,0.109,0,1.709,1.834,1,0.000,0.000,0.000,0.000,0.000,0.000,-3.005,-1.405
361.61,0.112,0,1.835,1.925,1,0.000,0.000,0.000,0.000,0.000,0.000,-3.003,-1.412
361.81,0.110,0,1.835,1.925,1,0.000,0.000,0.000,0.000,0.000,0.000,-3.003,-1.409
362.01,0.111,0,1.835,1.925,1,0.000,0.000,0.000,0.000,0.000,0.000,-3.001,-1.407
362.21,0.111,0,1.842,1.937,1,0.000,0.000,0.000,0.000,0.000,0.000,-3.001,-1.407
362.41,0.110,0,1.842,1.937,1,0.000,0.000,0.000,0.000,0.000,0.000,-3.000,-1.408
362.61,0.367,0,1.840,1.932,1,0.000,0.000,0.000,0.000,0.000,0.000,-2.999,-1.406
362.81,0.109,0,1.840,1.932,1,0.000,0.000,0.000,0.000,0.000,0.000,-3.001,-1.408
363.01,0.110,0,1.840,1.932,1,0.000,0.000,0.000,0.000,0.000,0.000,-3.002,-1.411
363.21,0.110,0,1.843,1.933,1,0.000,0.000,0.000,0.000,0.000,0.000,-3.002,-1.411
363.41,0.109,0,1.843,1.933,1,0.000,0.000,0.000,0.000,0.000,0.000,-3.001,-1.405
363.61,0.110,0,1.840,1.930,1,0.000,0.000,0.000,0.000,0.000,0.000,-2.999,-1.409
363.81,0.109,0,1.840,1.930,1,0.000,0.000,0.000,0.000,0.000,0.000,-3.001,-1.409
364.01,0.109,0,1.840,1.930,1,0.000,0.000,0.000,0.000,0.000,0.000,-3.002,-1.410
364.21,0.109,0,1.839,1.929,1,0.000,0.000,0.000,0.000,0.000,0.000,-3.002,-1.410
364.41,0.109,0,1.839,1.929,1,0.000,0.000,0.000,0.000,0.000,0.000,-2.996,-1.412
364.61,0.109,0,1.832,1.927,1,0.000,0.000,0.000,0.000,0.000,0.000,-2.998,-1.409
364.81,0.111,0,1.832,1.927,1,0.000,0.000,0.000,0.000,0.000,0.000,-3.000,-1.410
365.01,0.110,0,1.832,1.927,1,0.000,0.000,0.000,0.000,0.000,0.000,-3.000,-1.413
365.21,0.110,0,1.796,1.867,1,0.000,0.000,0.000,0.000,0.000,0.000,-3.000,-1.413
365.41,0.112,0,1.796,1.867,1,0.000,0.000,0.000,0.000,0.000,0.000,-3.000,-1.411
365.61,0.109,0,1.715,1.811,1,0.000,0.000,0.000,0.000,0.000,0.000,-3.003,-1.409
365.81,0.109,0,1.715,1.811,1,0.000,0.000,0.000,0.000,0.000,0.000,-3.004,-1.410
366.01,0.109,0,1.715,1.811,1,0.000,0.000,0.000,0.000,0.000,0.000,-3.005,-1.411
366.21,0.109,0,1.608,1.453,1,0.000,0.000,0.000,0.000,0.000,0.000,-3.005,-1.411
366.41,0.109,0,1.608,1.453,1,0.000,0.000,0.000,0.000,0.000,0.000,-3.005,-1.410
366.61,0.109,0,1.253,1.268,1,0.000,0.000,0.000,0.000,0.000,0.000,-3.004,-1.414
366.81,0.112,0,1.253,1.268,1,0.000,0.000,0.000,0.000,0.000,0.000,-3.010,-1.414
367.01,0.111,0,1.253,1.268,1,0.000,0.000,0.000,0.000,0.000,0.000,-3.007,-1.413
367.21,0.111,0,0.814,0.802,1,0.000,0.000,0.000,0.000,0.000,0.000,-3.007,-1.413
367.42,0.109,0,0.814,0.802,1,0.000,0.000,0.000,0.000,0.000,0.000,-3.018,-1.417
367.61,0.110,0,0.624,0.684,1,0.000,0.000,0.000,0.000,0.000,0.000,-3.006,-1.413
367.81,0.110,0,0.624,0.684,1,0.000,0.000,0.000,0.000,0.000,0.000,-3.009,-1.413
368.01,0.108,0,0.624,0.684,1,0.000,0.000,0.000,0.000,0.000,0.000,-3.007,-1.419
368.21,0.108,0,0.534,0.597,1,0.000,0.000,0.000,0.000,0.000,0.000,-3.007,-1.419
368.41,0.111,0,0.534,0.597,1,0.000,0.000,0.000,0.000,0.000,0.000,-3.005,-1.414
368.61,0.109,0,0.748,0.744,1,0.000,0.000,0.000,0.000,0.000,0.000,-3.009,-1.417
368.81,0.109,0,0.748,0.744,1,0.000,0.000,0.000,0.000,0.000,0.000,-3.004,-1.412
369.01,0.112,0,0.748,0.744,1,0.000,0.000,0.000,0.000,0.000,0.000,-3.003,-1.418
369.21,0.112,0,0.812,0.860,1,0.000,0.000,0.000,0.000,0.000,0.000,-3.003,-1.418
369.41,0.109,0,0.812,0.860,1,0.000,0.000,0.000,0.000,0.000,0.000,-3.006,-1.413
369.61,0.111,0,0.800,0.847,1,0.000,0.000,0.000,0.000,0.000,0.000,-3.002,-1.417
369.81,0.110,0,0.800,0.847,1,0.000,0.000,0.000,0.000,0.000,0.000,-3.001,-1.415
370.01,0.110,0,0.800,0.847,1,0.000,0.000,0.000,0.000,0.000,0.000,-3.008,-1.424
370.21,0.110,0,0.814,0.738,1,0.000,0.000,0.000,0.000,0.000,0.000,-3.008,-1.424
370.41,0.111,0,0.814,0.738,1,0.000,0.000,0.000,0.000,0.000,0.000,-3.005,-1.407
370.61,0.110,0,0.506,0.629,1,0.000,0.000,0.000,0.000,0.000,0.000,-3.005,-1.409
370.82,0.109,0,0.506,0.629,1,0.000,0.000,0.000,0.000,0.000,0.000,-3.007,-1.417
371.01,0.109,0,0.506,0.629,1,0.000,0.000,0.000,0.000,0.000,0.000,-3.007,-1.418
371.21,0.109,0,0.433,0.558,1,0.000,0.000,0.000,0.000,0.000,0.000,-3.007,-1.418
371.41,0.112,0,0.433,0.558,1,0.000,0.000,0.000,0.000,0.000,0.000,-3.013,-1.421
371.61,0.109,0,0.381,0.529,1,0.000,0.000,0.000,0.000,0.000,0.000,-3.006,-1.415
371.81,0.110,0,0.381,0.529,1,0.000,0.000,0.000,0.000,0.000,0.000,-3.000,-1.416
372.01,0.109,0,0.381,0.529,1,0.000,0.000,0.000,0.000,0.000,0.000,-3.005,-1.418
372.21,0.109,0,0.456,0.523,1,0.000,0.000,0.000,0.000,0.000,0.000,-3.005,-1.418
372.41,0.111,0,0.456,0.523,1,0.000,0.000,0.000,0.000,0.000,0.000,-3.005,-1.415
372.62,0.109,0,0.532,0.570,1,0.000,0.000,0.000,0.000,0.000,0.000,-3.007,-1.417
372.81,0.109,0,0.532,0.570,1,0.000,0.000,0.000,0.000,0.000,0.000,-3.003,-1.415
373.01,0.110,0,0.532,0.570,1,0.000,0.000,0.000,0.000,0.000,0.000,-3.003,-1.412
373.21,0.110,0,0.619,0.647,1,0.000,0.000,0.000,0.000,0.000,0.000,-3.003,-1.412
373.41,0.111,0,0.619,0.647,1,0.000,0.000,0.000,0.000,0.000,0.000,-3.002,-1.407
373.61,0.110,0,0.560,0.562,1,0.000,0.000,0.000,0.000,0.000,0.000,-3.003,-1.407
373.81,0.110,0,0.560,0.562,1,0.000,0.000,0.000,0.000,0.000,0.000,-3.004,-1.410
374.01,0.111,0,0.560,0.562,1,0.000,0.000,0.000,0.000,0.000,0.000,-3.007,-1.411
374.22,0.109,0,0.442,0.490,1,0.000,0.000,0.000,0.000,0.000,0.000,-3.007,-1.411
374.41,0.109,0,0.442,0.490,1,0.000,0.000,0.000,0.000,0.000,0.000,-3.007,-1.412
374.61,0.110,0,0.410,0.458,1,0.000,0.000,0.000,0.000,0.000,0.000,-3.005,-1.414
374.81,0.112,0,0.410,0.458,1,0.000,0.000,0.000,0.000,0.000,0.000,-3.010,-1.419
375.01,0.110,0,0.410,0.458,1,0.000,0.000,0.000,0.000,0.000,0.000,-3.009,-1.410
375.21,0.109,0,0.400,0.454,1,0.000,0.000,0.000,0.000,0.000,0.000,-3.009,-1.410
375.41,0.109,0,0.400,0.454,1,0.000,0.000,0.000,0.000,0.000,0.000,-3.010,-1.417
375.61,0.109,0,0.406,0.446,1,0.000,0.000,0.000,0.000,0.000,0.000,-3.017,-1.416
375.81,0.109,0,0.406,0.446,1,0.000,0.000,0.000,0.000,0.000,0.000,-3.017,-1.423
376.01,0.109,0,0.406,0.446,1,0.000,0.000,0.000,0.000,0.000,0.000,-3.010,-1.413
376.21,0.110,0,0.397,0.458,1,0.000,0.000,0.000,0.000,0.000,0.000,-3.008,-1.412
376.41,0.110,0,0.397,0.458,1,0.000,0.000,0.000,0.000,0.000,0.000,-3.008,-1.412
376.61,0.110,0,0.409,0.455,1,0.000,0.000,0.000,0.000,0.000,0.000,-3.006,-1.414
376.81,0.111,0,0.409,0.455,1,0.000,0.000,0.000,0.000,0.000,0.000,-3.010,-1.415
377.01,0.112,0,0.409,0.455,1,0.000,0.000,0.000,0.000,0.000,0.000,-3.011,-1.414
377.21,0.112,0,0.407,0.467,1,0.000,0.000,0.000,0.000,0.000,0.000,-3.010,-1.418
377.41,0.112,0,0.407,0.467,1,0.000,0.000,0.000,0.000,0.000,0.000,-3.010,-1.418
377.61,0.109,0,0.381,0.454,1,0.000,0.000,0.000,0.000,0.000,0.000,-3.009,-1.419
377.81,0.111,0,0.381,0.454,1,0.000,0.000,0.000,0.000,0.000,0.000,-3.007,-1.414
378.01,0.112,0,0.381,0.454,1,0.000,0.000,0.000,0.000,0.000,0.000,-3.006,-1.417
378.21,0.109,0,0.390,0.453,1,0.000,0.000,0.000,0.000,0.000,0.000,-3.011,-1.413
378.41,0.109,0,0.390,0.453,1,0.000,0.000,0.000,0.000,0.000,0.000,-3.011,-1.413
378.61,0.111,0,0.388,0.446,1,0.000,0.000,0.000,0.000,0.000,0.000,-3.010,-1.413
378.81,0.109,0,0.388,0.446,1,0.000,0.000,0.000,0.000,0.000,0.000,-3.007,-1.414
379.01,0.111,0,0.388,0.446,1,0.000,0.000,0.000,0.000,0.000,0.000,-3.017,-1.422
379.21,0.110,0,0.362,0.440,1,0.000,0.000,0.000,0.000,0.000,0.000,-3.003,-1.412
379.41,0.110,0,0.362,0.440,1,0.000,0.000,0.000,0.000,0.000,0.000,-3.003,-1.412
379.61,0.109,0,0.339,0.399,1,0.000,0.000,0.000,0.000,0.000,0.000,-3.013,-1.413
379.81,0.109,0,0.339,0.399,1,0.000,0.000,0.000,0.000,0.000,0.000,-3.008,-1.412
380.01,0.109,0,0.339,0.399,1,0.000,0.000,0.000,0.000,0.000,0.000,-3.000,-1.411
380.21,0.109,0,0.327,0.408,1,0.000,0.000,0.000,0.000,0.000,0.000,-3.007,-1.415
380.41,0.109,0,0.327,0.408,1,0.000,0.000,0.000,0.000,0.000,0.000,-3.007,-1.415
380.61,0.109,0,0.153,0.426,0,0.000,0.000,0.000,0.000,0.000,0.000,-3.013,-1.412
380.81,0.112,0,0.153,0.426,0,0.000,0.000,0.000,0.000,0.000,0.000,-3.005,-1.417
381.01,0.106,0,0.153,0.426,0,0.000,0.000,0.000,0.000,0.000,0.000,-3.007,-1.413
381.21,0.110,0,0.145,0.470,0,0.000,0.000,0.000,0.000,0.000,0.000,-3.003,-1.411
381.42,0.110,0,0.145,0.470,0,0.000,0.000,0.000,0.000,0.000,0.000,-3.003,-1.411
381.61,0.172,0,0.194,0.483,0,0.000,0.000,0.000,0.000,0.000,0.000,-3.004,-1.411
381.81,0.111,0,0.194,0.483,0,0.000,0.000,0.000,0.000,0.000,0.000,-3.003,-1.415
382.01,0.112,0,0.194,0.483,0,0.000,0.000,0.000,0.000,0.000,0.000,-3.004,-1.409
382.22,0.109,0,0.224,0.488,0,0.000,0.000,0.000,0.000,0.000,0.000,-3.010,-1.414
382.42,0.109,0,0.224,0.488,0,0.000,0.000,0.000,0.000,0.000,0.000,-3.010,-1.414
382.61,0.110,0,0.255,0.493,0,0.000,0.000,0.000,0.000,0.000,0.000,-3.001,-1.414
382.81,0.109,0,0.255,0.493,0,0.000,0.000,0.000,0.000,0.000,0.000,-3.005,-1.413
383.01,0.109,0,0.255,0.493,0,0.000,0.000,0.000,0.000,0.000,0.000,-3.007,-1.416
383.21,0.111,0,0.238,0.490,0,0.000,0.000,0.000,0.000,0.000,0.000,-3.011,-1.424
383.41,0.111,0,0.238,0.490,0,0.000,0.000,0.000,0.000,0.000,0.000,-3.011,-1.424
383.61,0.109,0,0.222,0.490,0,0.000,0.000,0.000,0.000,0.000,0.000,-3.012,-1.423
383.81,0.111,0,0.222,0.490,0,0.000,0.000,0.000,0.000,0.000,0.000,-3.014,-1.422
384.01,0.110,0,0.222,0.490,0,0.000,0.000,0.000,0.000,0.000,0.000,-3.017,-1.425
384.22,0.109,0,0.241,0.489,0,0.000,0.000,0.000,0.000,0.000,0.000,-3.022,-1.431
384.41,0.109,0,0.241,0.489,0,0.000,0.000,0.000,0.000,0.000,0.000,-3.022,-1.431
384.61,0.234,0,0.251,0.480,0,0.000,0.000,0.000,0.000,0.000,0.000,-2.997,-1.416
384.81,0.230,0,0.251,0.480,0,0.000,0.000,0.000,0.000,0.000,0.000,-3.012,-1.424
385.01,0.110,0,0.251,0.480,0,0.000,0.000,0.000,0.000,0.000,0.000,-3.019,-1.425
385.21,0.109,0,0.287,0.455,1,0.000,0.000,0.000,0.000,0.000,0.000,-3.003,-1.422
385.41,0.109,0,0.287,0.455,1,0.000,0.000,0.000,0.000,0.000,0.000,-3.003,-1.422
385.61,0.109,0,0.347,0.430,1,0.000,0.000,0.000,0.000,0.000,0.000,-3.009,-1.419
385.81,0.340,0,0.347,0.430,1,0.000,0.000,0.000,0.000,0.000,0.000,-3.010,-1.420
386.01,0.108,0,0.347,0.430,1,0.000,0.000,0.000,0.000,0.000,0.000,-3.022,-1.428
386.21,0.111,0,0.352,0.416,1,0.000,0.000,0.000,0.000,0.000,0.000,-3.012,-1.432
386.41,0.111,0,0.352,0.416,1,0.000,0.000,0.000,0.000,0.000,0.000,-3.012,-1.432
386.61,0.109,0,0.194,0.409,0,0.000,0.000,0.000,0.000,0.000,0.000,-3.014,-1.428
386.81,0.109,0,0.194,0.409,0,0.000,0.000,0.000,0.000,0.000,0.000,-3.020,-1.423
387.01,0.108,0,0.194,0.409,0,0.000,0.000,0.000,0.000,0.000,0.000,-3.008,-1.421
387.22,0.184,0,0.230,0.420,1,0.000,0.000,0.000,0.000,0.000,0.000,-3.010,-1.420
387.41,0.184,0,0.230,0.420,1,0.000,0.000,0.000,0.000,0.000,0.000,-3.010,-1.420
387.62,0.109,0,0.193,0.426,0,0.000,0.000,0.000,0.000,0.000,0.000,-3.024,-1.427
387.81,0.109,0,0.193,0.426,0,0.000,0.000,0.000,0.000,0.000,0.000,-3.028,-1.434
388.01,0.108,0,0.193,0.426,0,0.000,0.000,0.000,0.000,0.000,0.000,-3.017,-1.420
388.21,0.111,0,0.204,0.411,0,0.000,0.000,0.000,0.000,0.000,0.000,-3.011,-1.415
388.41,0.111,0,0.204,0.411,0,0.000,0.000,0.000,0.000,0.000,0.000,-3.011,-1.415
388.61,0.110,0,0.209,0.419,0,0.000,0.000,0.000,0.000,0.000,0.000,-3.006,-1.414
388.81,0.108,0,0.209,0.419,0,0.000,0.000,0.000,0.000,0.000,0.000,-3.024,-1.416
389.01,0.111,0,0.209,0.419,0,0.000,0.000,0.000,0.000,0.000,0.000,-3.016,-1.424
389.21,0.111,0,0.225,0.416,1,0.000,0.000,0.000,0.000,0.000,0.000,-3.018,-1.425
389.41,0.111,0,0.225,0.416,1,0.000,0.000,0.000,0.000,0.000,0.000,-3.018,-1.425
389.61,0.109,0,0.229,0.406,1,0.000,0.000,0.000,0.000,0.000,0.000,-3.010,-1.431
389.81,0.111,0,0.229,0.406,1,0.000,0.000,0.000,0.000,0.000,0.000,-3.009,-1.430
390.01,0.108,0,0.229,0.406,1,0.000,0.000,0.000,0.000,0.000,0.000,-3.012,-1.432
390.21,0.109,0,0.233,0.405,1,0.000,0.000,0.000,0.000,0.000,0.000,-3.011,-1.439
390.41,0.109,0,0.233,0.405,1,0.000,0.000,0.000,0.000,0.000,0.000,-3.011,-1.439
390.61,0.108,0,0.229,0.409,1,0.000,0.000,0.000,0.000,0.000,0.000,-3.023,-1.433
390.81,0.109,0,0.229,0.409,1,0.000,0.000,0.000,0.000,0.000,0.000,-3.011,-1.417
391.01,0.109,0,0.229,0.409,1,0.000,0.000,0.000,0.000,0.000,0.000,-3.018,-1.430
391.21,0.109,0,0.255,0.416,1,0.000,0.000,0.000,0.000,0.000,0.000,-3.017,-1.432
391.41,0.109,0,0.255,0.416,1,0.000,0.000,0.000,0.000,0.000,0.000,-3.017,-1.432
391.61,0.108,0,0.252,0.420,1,0.000,0.000,0.000,0.000,0.000,0.000,-3.015,-1.419
391.81,0.109,0,0.252,0.420,1,0.000,0.000,0.000,0.000,0.000,0.000,-3.010,-1.424
392.01,0.109,0,0.252,0.420,1,0.000,0.000,0.000,0.000,0.000,0.000,-3.013,-1.423
392.21,0.157,0,0.199,0.411,0,0.000,0.000,0.000,0.000,0.000,0.000,-3.013,-1.421
392.41,0.157,0,0.199,0.411,0,0.000,0.000,0.000,0.000,0.000,0.000,-3.013,-1.421
392.61,0.111,0,0.173,0.411,0,0.000,0.000,0.000,0.000,0.000,0.000,-3.013,-1.420
392.81,0.109,0,0.173,0.411,0,0.000,0.000,0.000,0.000,0.000,0.000,-3.008,-1.426
393.01,0.110,0,0.173,0.411,0,0.000,0.000,0.000,0.000,0.000,0.000,-3.011,-1.423
393.21,0.109,0,0.147,0.419,0,0.000,0.000,0.000,0.000,0.000,0.000,-3.017,-1.428
393.41,0.109,0,0.147,0.419,0,0.000,0.000,0.000,0.000,0.000,0.000,-3.017,-1.428
393.61,0.111,0,0.174,0.424,0,0.000,0.000,0.000,0.000,0.000,0.000,-3.009,-1.422
393.81,0.109,0,0.174,0.424,0,0.000,0.000,0.000,0.000,0.000,0.000,-3.002,-1.418
394.01,0.110,0,0.174,0.424,0,0.000,0.000,0.000,0.000,0.000,0.000,-3.005,-1.426
394.21,0.109,0,0.160,0.438,0,0.000,0.000,0.000,0.000,0.000,0.000,-3.014,-1.435
394.41,0.108,0,0.160,0.438,0,0.000,0.000,0.000,0.000,0.000,0.000,-3.014,-1.435
394.61,0.108,0,0.150,0.452,0,0.000,0.000,0.000,0.000,0.000,0.000,-3.011,-1.439
394.81,0.109,0,0.150,0.452,0,0.000,0.000,0.000,0.000,0.000,0.000,-3.009,-1.430
395.01,0.109,0,0.150,0.452,0,0.000,0.000,0.000,0.000,0.000,0.000,-3.022,-1.433
395.21,0.111,0,0.146,0.785,0,0.000,0.000,0.000,0.000,0.000,0.000,-3.023,-1.429
395.42,0.121,0,0.146,0.785,0,0.000,0.000,0.000,0.000,0.000,0.000,-3.023,-1.429
395.62,0.121,0,0.151,0.412,0,0.000,0.000,0.000,0.000,0.000,0.000,-3.017,-1.434
395.81,0.108,0,0.151,0.412,0,0.000,0.000,0.000,0.000,0.000,0.000,-3.009,-1.421
396.01,0.123,0,0.151,0.412,0,0.000,0.000,0.000,0.000,0.000,0.000,-3.021,-1.424
396.21,0.112,0,0.153,0.401,0,0.000,0.000,0.000,0.000,0.000,0.000,-3.014,-1.427
396.42,0.117,0,0.153,0.401,0,0.000,0.000,0.000,0.000,0.000,0.000,-3.014,-1.427
396.61,0.117,0,0.148,0.401,0,0.000,0.000,0.000,0.000,0.000,0.000,-3.001,-1.422
396.81,0.114,0,0.148,0.401,0,0.000,0.000,0.000,0.000,0.000,0.000,-2.995,-1.415
397.01,0.112,0,0.148,0.401,0,0.000,0.000,0.000,0.000,0.000,0.000,-3.006,-1.422
397.21,0.109,0,0.144,0.402,0,0.000,0.000,0.000,0.000,0.000,0.000,-2.997,-1.424
397.41,0.104,0,0.144,0.402,0,0.000,0.000,0.000,0.000,0.000,0.000,-2.997,-1.424
397.61,0.104,0,0.138,0.402,0,0.000,0.000,0.000,0.000,0.000,0.000,-2.989,-1.423
397.81,0.105,0,0.138,0.402,0,0.000,0.000,0.000,0.000,0.000,0.000,-2.999,-1.423
398.01,0.111,0,0.138,0.402,0,0.000,0.000,0.000,0.000,0.000,0.000,-3.007,-1.429
398.22,0.112,0,0.146,0.402,0,0.000,0.000,0.000,0.000,0.000,0.000,-3.012,-1.430
398.41,0.108,0,0.146,0.402,0,0.000,0.000,0.000,0.000,0.000,0.000,-3.012,-1.430
398.62,0.108,0,0.231,0.400,1,0.000,0.000,0.000,0.000,0.000,0.000,-3.004,-1.413
398.81,0.112,0,0.231,0.400,1,0.000,0.000,0.000,0.000,0.000,0.000,-3.018,-1.428
399.02,0.109,0,0.231,0.400,1,0.000,0.000,0.000,0.000,0.000,0.000,-3.007,-1.428
399.21,0.108,0,0.306,0.413,1,0.000,0.000,0.000,0.000,0.000,0.000,-3.007,-1.431
399.42,0.111,0,0.306,0.413,1,0.000,0.000,0.000,0.000,0.000,0.000,-3.007,-1.431
399.62,0.111,0,0.367,0.408,1,0.000,0.000,0.000,0.000,0.000,0.000,-3.010,-1.431
399.81,0.111,0,0.367,0.408,1,0.000,0.000,0.000,0.000,0.000,0.000,-3.015,-1.434
400.01,0.109,0,0.367,0.408,1,0.000,0.000,0.000,0.000,0.000,0.000,-3.017,-1.438
400.22,0.111,0,0.410,0.459,1,0.000,0.000,0.000,0.000,0.000,0.000,-3.014,-1.429
400.41,0.108,0,0.410,0.459,1,0.000,0.000,0.000,0.000,0.000,0.000,-3.006,-1.425
400.61,0.108,0,0.403,0.449,1,0.000,0.000,0.000,0.000,0.000,0.000,-3.006,-1.425
400.81,0.108,0,0.403,0.449,1,0.000,0.000,0.000,0.000,0.000,0.000,-3.006,-1.414
401.01,0.109,0,0.403,0.449,1,0.000,0.000,0.000,0.000,0.000,0.000,-3.001,-1.419
401.21,0.108,0,0.388,0.440,1,0.000,0.000,0.000,0.000,0.000,0.000,-3.003,-1.424
401.41,0.108,0,0.388,0.440,1,0.000,0.000,0.000,0.000,0.000,0.000,-3.007,-1.422
401.61,0.108,0,0.403,0.447,1,0.000,0.000,0.000,0.000,0.000,0.000,-3.007,-1.422
401.81,0.110,0,0.403,0.447,1,0.000,0.000,0.000,0.000,0.000,0.000,-3.005,-1.420
402.01,0.109,0,0.403,0.447,1,0.000,0.000,0.000,0.000,0.000,0.000,-3.005,-1.420
402.22,0.111,0,0.397,0.437,1,0.000,0.000,0.000,0.000,0.000,0.000,-3.007,-1.423
402.41,0.111,0,0.397,0.437,1,0.000,0.000,0.000,0.000,0.000,0.000,-3.014,-1.426
402.61,0.111,0,0.391,0.423,1,0.000,0.000,0.000,0.000,0.000,0.000,-3.014,-1.426
402.81,0.108,0,0.391,0.423,1,0.000,0.000,0.000,0.000,0.000,0.000,-3.009,-1.429
403.01,0.109,0,0.391,0.423,1,0.000,0.000,0.000,0.000,0.000,0.000,-3.015,-1.433
403.21,0.108,0,0.359,0.407,1,0.000,0.000,0.000,0.000,0.000,0.000,-3.020,-1.431
403.41,0.109,0,0.359,0.407,1,0.000,0.000,0.000,0.000,0.000,0.000,-3.013,-1.424
403.61,0.109,0,0.357,0.406,1,0.000,0.000,0.000,0.000,0.000,0.000,-3.013,-1.424
403.81,0.108,0,0.357,0.406,1,0.000,0.000,0.000,0.000,0.000,0.000,-3.019,-1.433
404.01,0.111,0,0.357,0.406,1,0.000,0.000,0.000,0.000,0.000,0.000,-3.018,-1.432
404.21,0.109,0,0.359,0.405,1,0.000,0.000,0.000,0.000,0.000,0.000,-3.021,-1.433
404.41,0.108,0,0.359,0.405,1,0.000,0.000,0.000,0.000,0.000,0.000,-3.010,-1.422
404.61,0.108,0,0.357,0.403,1,0.000,0.000,0.000,0.000,0.000,0.000,-3.010,-1.422
404.81,0.110,0,0.357,0.403,1,0.000,0.000,0.000,0.000,0.000,0.000,-3.007,-1.419
405.01,0.112,0,0.357,0.403,1,0.000,0.000,0.000,0.000,0.000,0.000,-3.010,-1.422
405.22,0.112,0,0.349,0.401,1,0.000,0.000,0.000,0.000,0.000,0.000,-3.016,-1.428
405.41,0.110,0,0.349,0.401,1,0.000,0.000,0.000,0.000,0.000,0.000,-3.005,-1.420
405.61,0.110,0,0.357,0.407,1,0.000,0.000,0.000,0.000,0.000,0.000,-3.005,-1.420
405.81,0.109,0,0.357,0.407,1,0.000,0.000,0.000,0.000,0.000,0.000,-3.006,-1.422
406.02,0.110,0,0.357,0.407,1,0.000,0.000,0.000,0.000,0.000,0.000,-3.012,-1.426
406.21,0.111,0,0.321,0.415,1,0.000,0.000,0.000,0.000,0.000,0.000,-3.017,-1.426
406.41,0.110,0,0.321,0.415,1,0.000,0.000,0.000,0.000,0.000,0.000,-3.014,-1.429
406.61,0.110,0,0.282,0.403,1,0.000,0.000,0.000,0.000,0.000,0.000,-3.014,-1.429
406.81,0.110,0,0.282,0.403,1,0.000,0.000,0.000,0.000,0.000,0.000,-3.013,-1.424
407.01,0.109,0,0.282,0.403,1,0.000,0.000,0.000,0.000,0.000,0.000,-3.022,-1.430
407.21,0.109,0,0.344,0.412,1,0.000,0.000,0.000,0.000,0.000,0.000,-3.013,-1.416
407.41,0.108,0,0.344,0.412,1,0.000,0.000,0.000,0.000,0.000,0.000,-3.007,-1.423
407.61,0.108,0,0.352,0.402,1,0.000,0.000,0.000,0.000,0.000,0.000,-3.007,-1.423
407.82,0.109,0,0.352,0.402,1,0.000,0.000,0.000,0.000,0.000,0.000,-3.013,-1.428
408.01,0.108,0,0.352,0.402,1,0.000,0.000,0.000,0.000,0.000,0.000,-3.019,-1.432
408.21,0.111,0,0.381,0.435,1,0.000,0.000,0.000,0.000,0.000,0.000,-3.009,-1.430
408.41,0.110,0,0.381,0.435,1,0.000,0.000,0.000,0.000,0.000,0.000,-3.012,-1.436
408.62,0.110,0,0.398,0.429,1,0.000,0.000,0.000,0.000,0.000,0.000,-3.012,-1.436
408.81,0.365,0,0.398,0.429,1,0.000,0.000,0.000,0.000,0.000,0.000,-3.018,-1.437
409.01,0.110,0,0.398,0.429,1,0.000,0.000,0.000,0.000,0.000,0.000,-3.019,-1.426
409.21,0.109,0,0.375,0.410,1,0.000,0.000,0.000,0.000,0.000,0.000,-3.006,-1.423
409.41,0.108,0,0.375,0.410,1,0.000,0.000,0.000,0.000,0.000,0.000,-3.018,-1.430
409.61,0.108,0,0.167,0.400,0,0.000,0.000,0.000,0.000,0.000,0.000,-3.018,-1.430
409.81,0.111,0,0.167,0.400,0,0.000,0.000,0.000,0.000,0.000,0.000,-3.020,-1.436
410.01,0.112,0,0.167,0.400,0,0.000,0.000,0.000,0.000,0.000,0.000,-3.012,-1.424
410.21,0.109,0,0.239,0.418,1,0.000,0.000,0.000,0.000,0.000,0.000,-3.004,-1.414
410.41,0.108,0,0.239,0.418,1,0.000,0.000,0.000,0.000,0.000,0.000,-3.010,-1.418
410.62,0.108,0,0.231,0.414,1,0.000,0.000,0.000,0.000,0.000,0.000,-3.010,-1.418
410.81,0.112,0,0.231,0.414,1,0.000,0.000,0.000,0.000,0.000,0.000,-3.023,-1.421
411.01,0.109,0,0.231,0.414,1,0.000,0.000,0.000,0.000,0.000,0.000,-3.014,-1.424
411.21,0.111,0,0.167,0.409,0,0.000,0.000,0.000,0.000,0.000,0.000,-3.028,-1.436
411.41,0.110,0,0.167,0.409,0,0.000,0.000,0.000,0.000,0.000,0.000,-3.015,-1.431
411.61,0.110,0,0.280,0.412,1,0.000,0.000,0.000,0.000,0.000,0.000,-3.015,-1.431
411.81,0.109,0,0.280,0.412,1,0.000,0.000,0.000,0.000,0.000,0.000,-3.012,-1.417
412.01,0.108,0,0.280,0.412,1,0.000,0.000,0.000,0.000,0.000,0.000,-3.010,-1.428
412.21,0.111,0,0.307,0.422,1,0.000,0.000,0.000,0.000,0.000,0.000,-3.004,-1.432
412.41,0.109,0,0.307,0.422,1,0.000,0.000,0.000,0.000,0.000,0.000,-3.003,-1.426
412.61,0.109,0,0.279,0.408,1,0.000,0.000,0.000,0.000,0.000,0.000,-3.003,-1.426
412.81,0.109,0,0.279,0.408,1,0.000,0.000,0.000,0.000,0.000,0.000,-2.999,-1.423
413.01,0.108,0,0.279,0.408,1,0.000,0.000,0.000,0.000,0.000,0.000,-2.999,-1.419
413.21,0.203,0,0.294,0.410,1,0.000,0.000,0.000,0.000,0.000,0.000,-3.006,-1.436
413.41,0.108,0,0.294,0.410,1,0.000,0.000,0.000,0.000,0.000,0.000,-3.011,-1.424
413.61,0.108,0,0.287,0.409,1,0.000,0.000,0.000,0.000,0.000,0.000,-3.011,-1.424
413.81,0.112,0,0.287,0.409,1,0.000,0.000,0.000,0.000,0.000,0.000,-2.999,-1.427
414.01,0.110,0,0.287,0.409,1,0.000,0.000,0.000,0.000,0.000,0.000,-3.006,-1.423
414.21,0.104,0,0.162,0.404,0,0.000,0.000,0.000,0.000,0.000,0.000,-3.009,-1.422
414.41,0.100,0,0.162,0.404,0,0.000,0.000,0.000,0.000,0.000,0.000,-3.005,-1.421
414.61,0.100,0,0.256,0.404,1,0.000,0.000,0.000,0.000,0.000,0.000,-3.005,-1.421
414.81,0.100,0,0.256,0.404,1,0.000,0.000,0.000,0.000,0.000,0.000,-3.008,-1.418
415.01,0.102,0,0.256,0.404,1,0.000,0.000,0.000,0.000,0.000,0.000,-3.005,-1.424
415.21,0.101,0,0.244,0.405,1,0.000,0.000,0.000,0.000,0.000,0.000,-3.001,-1.423
415.41,0.100,0,0.244,0.405,1,0.000,0.000,0.000,0.000,0.000,0.000,-3.003,-1.417
415.61,0.100,0,0.239,0.414,1,0.000,0.000,0.000,0.000,0.000,0.000,-3.003,-1.417
415.81,0.100,0,0.239,0.414,1,0.000,0.000,0.000,0.000,0.000,0.000,-2.997,-1.417
416.02,0.106,0,0.239,0.414,1,0.000,0.000,0.000,0.000,0.000,0.000,-3.002,-1.421
416.21,0.102,0,0.230,0.411,1,0.000,0.000,0.000,0.000,0.000,0.000,-3.011,-1.425
416.41,0.104,0,0.230,0.411,1,0.000,0.000,0.000,0.000,0.000,0.000,-2.996,-1.422
416.61,0.104,0,0.233,0.401,1,0.000,0.000,0.000,0.000,0.000,0.000,-2.996,-1.422
416.81,0.108,0,0.233,0.401,1,0.000,0.000,0.000,0.000,0.000,0.000,-2.997,-1.417
417.01,0.108,0,0.233,0.401,1,0.000,0.000,0.000,0.000,0.000,0.000,-3.002,-1.418
417.21,0.109,0,0.243,0.406,1,0.000,0.000,0.000,0.000,0.000,0.000,-3.003,-1.413
417.42,0.110,0,0.243,0.406,1,0.000,0.000,0.000,0.000,0.000,0.000,-3.001,-1.415
417.61,0.110,0,0.246,0.403,1,0.000,0.000,0.000,0.000,0.000,0.000,-3.001,-1.415
417.81,0.108,0,0.246,0.403,1,0.000,0.000,0.000,0.000,0.000,0.000,-2.994,-1.418
418.01,0.109,0,0.246,0.403,1,0.000,0.000,0.000,0.000,0.000,0.000,-2.999,-1.416
418.21,0.109,0,0.162,0.407,0,0.000,0.000,0.000,0.000,0.000,0.000,-3.002,-1.419
418.41,0.111,0,0.162,0.407,0,0.000,0.000,0.000,0.000,0.000,0.000,-3.001,-1.415
418.61,0.111,0,0.248,0.414,1,0.000,0.000,0.000,0.000,0.000,0.000,-3.001,-1.415
418.81,0.109,0,0.248,0.414,1,0.000,0.000,0.000,0.000,0.000,0.000,-3.000,-1.421
419.01,0.109,0,0.248,0.414,1,0.000,0.000,0.000,0.000,0.000,0.000,-2.994,-1.419
419.21,0.109,0,0.265,nan,0,0.000,0.000,0.000,0.000,0.000,0.000,-2.991,-1.417
419.41,0.109,0,0.265,nan,0,0.000,0.000,0.000,0.000,0.000,0.000,-3.000,-1.422
419.61,0.109,0,0.263,nan,0,0.000,0.000,0.000,0.000,0.000,0.000,-3.000,-1.422
419.81,0.108,0,0.263,nan,0,0.000,0.000,0.000,0.000,0.000,0.000,-2.999,-1.425
420.02,0.109,0,0.263,nan,0,0.000,0.000,0.000,0.000,0.000,0.000,-3.005,-1.424
420.21,0.109,0,0.254,nan,0,0.000,0.000,0.000,0.000,0.000,0.000,-2.999,-1.423
420.41,0.110,0,0.254,nan,0,0.000,0.000,0.000,0.000,0.000,0.000,-2.998,-1.425
420.61,0.110,0,0.239,nan,0,0.000,0.000,0.000,0.000,0.000,0.000,-2.998,-1.425
420.81,0.111,0,0.239,nan,0,0.000,0.000,0.000,0.000,0.000,0.000,-3.003,-1.425
421.01,0.111,0,0.239,nan,0,0.000,0.000,0.000,0.000,0.000,0.000,-3.002,-1.428
421.21,0.109,0,0.246,nan,0,0.000,0.000,0.000,0.000,0.000,0.000,-2.995,-1.422
421.41,0.109,0,0.246,nan,0,0.000,0.000,0.000,0.000,0.000,0.000,-2.998,-1.424
421.61,0.109,0,0.296,0.404,1,0.000,0.000,0.000,0.000,0.000,0.000,-2.998,-1.424
421.81,0.108,0,0.296,0.404,1,0.000,0.000,0.000,0.000,0.000,0.000,-3.002,-1.426
422.01,0.108,0,0.296,0.404,1,0.000,0.000,0.000,0.000,0.000,0.000,-2.996,-1.420
422.21,0.109,0,0.419,0.512,1,0.000,0.000,0.000,0.000,0.000,0.000,-2.994,-1.422
422.41,0.109,0,0.419,0.512,1,0.000,0.000,0.000,0.000,0.000,0.000,-3.001,-1.423
422.62,0.109,0,0.476,0.408,1,0.000,0.000,0.000,0.000,0.000,0.000,-3.001,-1.423
422.81,0.112,0,0.476,0.408,1,0.000,0.000,0.000,0.000,0.000,0.000,-3.000,-1.420
423.01,0.109,0,0.476,0.408,1,0.000,0.000,0.000,0.000,0.000,0.000,-2.994,-1.420
423.21,0.110,0,0.390,0.406,1,0.000,0.000,0.000,0.000,0.000,0.000,-2.997,-1.420
423.41,0.111,0,0.390,0.406,1,0.000,0.000,0.000,0.000,0.000,0.000,-3.000,-1.419
423.61,0.111,0,0.394,0.406,1,0.000,0.000,0.000,0.000,0.000,0.000,-3.000,-1.419
423.81,0.111,0,0.394,0.406,1,0.000,0.000,0.000,0.000,0.000,0.000,-2.998,-1.419
424.01,0.108,0,0.394,0.406,1,0.000,0.000,0.000,0.000,0.000,0.000,-3.000,-1.420
424.21,0.108,0,0.396,0.406,1,0.000,0.000,0.000,0.000,0.000,0.000,-2.997,-1.422
424.42,0.108,0,0.396,0.406,1,0.000,0.000,0.000,0.000,0.000,0.000,-3.001,-1.419
424.61,0.108,0,0.402,0.411,1,0.000,0.000,0.000,0.000,0.000,0.000,-3.001,-1.419
424.81,0.109,0,0.402,0.411,1,0.000,0.000,0.000,0.000,0.000,0.000,-2.996,-1.423
425.02,0.108,0,0.402,0.411,1,0.000,0.000,0.000,0.000,0.000,0.000,-3.006,-1.425
425.21,0.111,0,0.487,0.463,1,0.000,0.000,0.000,0.000,0.000,0.000,-3.000,-1.421
425.41,0.109,0,0.487,0.463,1,0.000,0.000,0.000,0.000,0.000,0.000,-2.997,-1.419
425.61,0.109,0,0.377,0.421,1,0.000,0.000,0.000,0.000,0.000,0.000,-2.997,-1.419
425.81,0.109,0,0.377,0.421,1,0.000,0.000,0.000,0.000,0.000,0.000,-2.995,-1.420
426.01,0.109,0,0.377,0.421,1,0.000,0.000,0.000,0.000,0.000,0.000,-2.992,-1.420
426.21,0.108,0,0.378,0.425,1,0.000,0.000,0.000,0.000,0.000,0.000,-2.998,-1.422
426.41,0.372,0,0.378,0.425,1,0.000,0.000,0.000,0.000,0.000,0.000,-2.993,-1.420
426.61,0.372,0,0.384,0.428,1,0.000,0.000,0.000,0.000,0.000,0.000,-2.993,-1.420
426.81,0.108,0,0.384,0.428,1,0.000,0.000,0.000,0.000,0.000,0.000,-2.998,-1.419
427.01,0.109,0,0.384,0.428,1,0.000,0.000,0.000,0.000,0.000,0.000,-2.997,-1.423
427.21,0.112,0,0.389,0.426,1,0.000,0.000,0.000,0.000,0.000,0.000,-2.998,-1.419
427.41,0.108,0,0.389,0.426,1,0.000,0.000,0.000,0.000,0.000,0.000,-2.992,-1.424
427.61,0.108,0,0.382,0.427,1,0.000,0.000,0.000,0.000,0.000,0.000,-2.992,-1.424
427.81,0.108,0,0.382,0.427,1,0.000,0.000,0.000,0.000,0.000,0.000,-2.992,-1.420
428.01,0.109,0,0.382,0.427,1,0.000,0.000,0.000,0.000,0.000,0.000,-2.996,-1.415
428.21,0.100,0,0.351,0.405,1,0.000,0.000,0.000,0.000,0.000,0.000,-3.001,-1.409
428.41,0.105,0,0.351,0.405,1,0.000,0.000,0.000,0.000,0.000,0.000,-2.994,-1.414
428.61,0.105,0,0.261,nan,0,0.000,0.000,0.000,0.000,0.000,0.000,-2.994,-1.414
428.81,0.100,0,0.261,nan,0,0.000,0.000,0.000,0.000,0.000,0.000,-2.990,-1.411
429.01,0.100,0,0.261,nan,0,0.000,0.000,0.000,0.000,0.000,0.000,-2.996,-1.421
429.21,0.100,0,0.250,0.423,1,0.000,0.000,0.000,0.000,0.000,0.000,-3.005,-1.414
429.41,0.103,0,0.250,0.423,1,0.000,0.000,0.000,0.000,0.000,0.000,-3.009,-1.420
429.61,0.111,0,0.217,0.426,0,0.000,0.000,0.000,0.000,0.000,0.000,-3.009,-1.420
429.81,0.111,0,0.217,0.426,0,0.000,0.000,0.000,0.000,0.000,0.000,-3.009,-1.416
430.01,0.110,0,0.217,0.426,0,0.000,0.000,0.000,0.000,0.000,0.000,-3.001,-1.430
430.21,0.109,0,0.296,0.408,1,0.000,0.000,0.000,0.000,0.000,0.000,-2.994,-1.422
430.42,0.111,0,0.296,0.408,1,0.000,0.000,0.000,0.000,0.000,0.000,-2.999,-1.419
430.61,0.109,0,0.358,0.411,1,0.000,0.000,0.000,0.000,0.000,0.000,-2.999,-1.419
430.81,0.109,0,0.358,0.411,1,0.000,0.000,0.000,0.000,0.000,0.000,-2.996,-1.422
431.01,0.363,0,0.358,0.411,1,0.000,0.000,0.000,0.000,0.000,0.000,-2.995,-1.419
431.21,0.110,0,0.374,0.415,1,0.000,0.000,0.000,0.000,0.000,0.000,-2.993,-1.417
431.41,0.110,0,0.374,0.415,1,0.000,0.000,0.000,0.000,0.000,0.000,-2.992,-1.421
431.62,0.109,0,0.378,0.419,1,0.000,0.000,0.000,0.000,0.000,0.000,-2.992,-1.421
431.81,0.109,0,0.378,0.419,1,0.000,0.000,0.000,0.000,0.000,0.000,-3.002,-1.425
432.01,0.108,0,0.378,0.419,1,0.000,0.000,0.000,0.000,0.000,0.000,-2.997,-1.424
432.21,0.111,0,0.362,0.410,1,0.000,0.000,0.000,0.000,0.000,0.000,-2.996,-1.421
432.41,0.110,0,0.362,0.410,1,0.000,0.000,0.000,0.000,0.000,0.000,-2.995,-1.431
432.61,0.111,0,0.357,0.410,1,0.000,0.000,0.000,0.000,0.000,0.000,-2.995,-1.431
432.81,0.111,0,0.357,0.410,1,0.000,0.000,0.000,0.000,0.000,0.000,-3.004,-1.423
433.01,0.110,0,0.357,0.410,1,0.000,0.000,0.000,0.000,0.000,0.000,-2.997,-1.424
433.21,0.111,0,0.356,0.409,1,0.000,0.000,0.000,0.000,0.000,0.000,-2.997,-1.424
433.41,0.108,0,0.356,0.409,1,0.000,0.000,0.000,0.000,0.000,0.000,-2.996,-1.425
433.61,0.110,0,0.358,0.411,1,0.000,0.000,0.000,0.000,0.000,0.000,-2.994,-1.426
433.81,0.110,0,0.358,0.411,1,0.000,0.000,0.000,0.000,0.000,0.000,-2.994,-1.426
434.01,0.109,0,0.358,0.411,1,0.000,0.000,0.000,0.000,0.000,0.000,-2.998,-1.426
434.21,0.111,0,0.394,0.431,1,0.000,0.000,0.000,0.000,0.000,0.000,-2.995,-1.424
434.41,0.111,0,0.394,0.431,1,0.000,0.000,0.000,0.000,0.000,0.000,-2.995,-1.423
434.61,0.110,0,0.396,0.431,1,0.000,0.000,0.000,0.000,0.000,0.000,-2.995,-1.426
434.81,0.110,0,0.396,0.431,1,0.000,0.000,0.000,0.000,0.000,0.000,-2.995,-1.426
435.01,0.110,0,0.396,0.431,1,0.000,0.000,0.000,0.000,0.000,0.000,-2.998,-1.424
435.21,0.110,0,0.347,0.459,1,0.000,0.000,0.000,0.000,0.000,0.000,-2.995,-1.425
435.41,0.110,0,0.347,0.459,1,0.000,0.000,0.000,0.000,0.000,0.000,-2.999,-1.420
435.61,0.111,0,0.391,0.467,1,0.000,0.000,0.000,0.000,0.000,0.000,-2.995,-1.424
435.81,0.111,0,0.391,0.467,1,0.000,0.000,0.000,0.000,0.000,0.000,-2.995,-1.424
436.01,0.269,0,0.391,0.467,1,0.000,0.000,0.000,0.000,0.000,0.000,-2.996,-1.428
436.21,0.110,0,0.409,0.467,1,0.000,0.000,0.000,0.000,0.000,0.000,-2.995,-1.430
436.41,0.110,0,0.409,0.467,1,0.000,0.000,0.000,0.000,0.000,0.000,-2.995,-1.428
436.62,0.109,0,0.424,0.468,1,0.000,0.000,0.000,0.000,0.000,0.000,-2.991,-1.425
436.81,0.109,0,0.424,0.468,1,0.000,0.000,0.000,0.000,0.000,0.000,-2.991,-1.425
437.01,0.111,0,0.424,0.468,1,0.000,0.000,0.000,0.000,0.000,0.000,-2.991,-1.421
437.21,0.111,0,0.435,0.444,1,0.000,0.000,0.000,0.000,0.000,0.000,-2.992,-1.424
437.41,0.110,0,0.435,0.444,1,0.000,0.000,0.000,0.000,0.000,0.000,-2.993,-1.422
437.61,0.108,0,0.433,0.445,1,0.000,0.000,0.000,0.000,0.000,0.000,-2.996,-1.419
437.81,0.108,0,0.433,0.445,1,0.000,0.000,0.000,0.000,0.000,0.000,-2.996,-1.419
438.01,0.111,0,0.433,0.445,1,0.000,0.000,0.000,0.000,0.000,0.000,-2.992,-1.423
438.21,0.110,0,0.426,0.474,1,0.000,0.000,0.000,0.000,0.000,0.000,-2.994,-1.417
438.41,0.110,0,0.426,0.474,1,0.000,0.000,0.000,0.000,0.000,0.000,-2.996,-1.422
438.61,0.111,0,0.293,0.475,1,0.000,0.000,0.000,0.000,0.000,0.000,-3.001,-1.417
438.81,0.111,0,0.293,0.475,1,0.000,0.000,0.000,0.000,0.000,0.000,-3.001,-1.417
439.01,0.111,0,0.293,0.475,1,0.000,0.000,0.000,0.000,0.000,0.000,-3.000,-1.423
439.21,0.110,0,0.308,0.475,1,0.000,0.000,0.000,0.000,0.000,0.000,-2.999,-1.419
439.41,0.110,0,0.308,0.475,1,0.000,0.000,0.000,0.000,0.000,0.000,-2.998,-1.415
439.61,0.111,0,0.380,0.475,1,0.000,0.000,0.000,0.000,0.000,0.000,-3.000,-1.425
439.81,0.111,0,0.380,0.475,1,0.000,0.000,0.000,0.000,0.000,0.000,-3.000,-1.425
440.01,0.108,0,0.380,0.475,1,0.000,0.000,0.000,0.000,0.000,0.000,-3.000,-1.431
440.21,0.110,0,0.399,0.432,1,0.000,0.000,0.000,0.000,0.000,0.000,-3.001,-1.423
440.41,0.100,0,0.399,0.432,1,0.000,0.000,0.000,0.000,0.000,0.000,-2.988,-1.426
440.61,0.371,0,0.391,0.429,1,0.000,0.000,0.000,0.000,0.000,0.000,-2.995,-1.419
440.81,0.371,0,0.391,0.429,1,0.000,0.000,0.000,0.000,0.000,0.000,-2.995,-1.419
441.01,0.369,0,0.391,0.429,1,0.000,0.000,0.000,0.000,0.000,0.000,-3.003,-1.431
441.21,0.370,0,0.384,0.425,1,0.000,0.000,0.000,0.000,0.000,0.000,-2.999,-1.433
441.41,0.367,0,0.384,0.425,1,0.000,0.000,0.000,0.000,0.000,0.000,-2.994,-1.419
441.61,0.365,0,0.378,0.419,1,0.000,0.000,0.000,0.000,0.000,0.000,-2.993,-1.424
441.81,0.365,0,0.378,0.419,1,0.000,0.000,0.000,0.000,0.000,0.000,-2.993,-1.424
442.01,0.101,0,0.378,0.419,1,0.000,0.000,0.000,0.000,0.000,0.000,-2.995,-1.423
442.21,0.200,0,0.376,0.416,1,0.000,0.000,0.000,0.000,0.000,0.000,-2.995,-1.425
442.41,0.358,0,0.376,0.416,1,0.000,0.000,0.000,0.000,0.000,0.000,-2.998,-1.418
442.61,0.356,0,0.369,0.413,1,0.000,0.000,0.000,0.000,0.000,0.000,-2.996,-1.428
442.81,0.356,0,0.369,0.413,1,0.000,0.000,0.000,0.000,0.000,0.000,-2.996,-1.428
443.02,0.111,0,0.369,0.413,1,0.000,0.000,0.000,0.000,0.000,0.000,-2.996,-1.420
443.22,0.101,0,0.367,0.410,1,0.000,0.000,0.000,0.000,0.000,0.000,-2.992,-1.425
443.41,0.326,0,0.367,0.410,1,0.000,0.000,0.000,0.000,0.000,0.000,-2.992,-1.435
443.61,0.328,0,0.338,0.411,1,0.000,0.000,0.000,0.000,0.000,0.000,-3.000,-1.425
443.81,0.328,0,0.338,0.411,1,0.000,0.000,0.000,0.000,0.000,0.000,-3.000,-1.425
444.01,0.328,0,0.338,0.411,1,0.000,0.000,0.000,0.000,0.000,0.000,-2.989,-1.419
444.21,0.105,0,0.340,0.411,1,0.000,0.000,0.000,0.000,0.000,0.000,-2.988,-1.418
444.41,0.326,0,0.340,0.411,1,0.000,0.000,0.000,0.000,0.000,0.000,-2.995,-1.424
444.61,0.109,0,0.338,0.409,1,0.000,0.000,0.000,0.000,0.000,0.000,-2.995,-1.424
444.81,0.109,0,0.338,0.409,1,0.000,0.000,0.000,0.000,0.000,0.000,-2.996,-1.421
445.01,0.109,0,0.338,0.409,1,0.000,0.000,0.000,0.000,0.000,0.000,-2.991,-1.426
445.21,0.108,0,0.340,0.408,1,0.000,0.000,0.000,0.000,0.000,0.000,-2.989,-1.423
445.41,0.108,0,0.340,0.408,1,0.000,0.000,0.000,0.000,0.000,0.000,-2.994,-1.420
445.61,0.343,0,0.349,0.412,1,0.000,0.000,0.000,0.000,0.000,0.000,-3.002,-1.423
445.82,0.343,0,0.349,0.412,1,0.000,0.000,0.000,0.000,0.000,0.000,-3.002,-1.423
446.01,0.349,0,0.349,0.412,1,0.000,0.000,0.000,0.000,0.000,0.000,-2.994,-1.427
446.21,0.343,0,0.360,0.412,1,0.000,0.000,0.000,0.000,0.000,0.000,-2.994,-1.425
446.41,0.352,0,0.360,0.412,1,0.000,0.000,0.000,0.000,0.000,0.000,-2.996,-1.425
446.61,0.205,0,0.363,0.408,1,0.000,0.000,0.000,0.000,0.000,0.000,-2.991,-1.413
446.81,0.205,0,0.363,0.408,1,0.000,0.000,0.000,0.000,0.000,0.000,-2.991,-1.413
447.01,0.108,0,0.363,0.408,1,0.000,0.000,0.000,0.000,0.000,0.000,-2.994,-1.418
447.21,0.289,0,0.367,0.407,1,0.000,0.000,0.000,0.000,0.000,0.000,-2.998,-1.422
447.41,0.221,0,0.367,0.407,1,0.000,0.000,0.000,0.000,0.000,0.000,-2.997,-1.421
447.61,0.196,0,0.357,0.407,1,0.000,0.000,0.000,0.000,0.000,0.000,-2.994,-1.419
447.81,0.196,0,0.357,0.407,1,0.000,0.000,0.000,0.000,0.000,0.000,-2.994,-1.419
448.01,0.109,0,0.357,0.407,1,0.000,0.000,0.000,0.000,0.000,0.000,-2.995,-1.426
448.21,0.109,0,0.356,0.405,1,0.000,0.000,0.000,0.000,0.000,0.000,-2.997,-1.418
448.42,0.181,0,0.356,0.405,1,0.000,0.000,0.000,0.000,0.000,0.000,-2.989,-1.418
448.61,0.119,0,0.353,0.405,1,0.000,0.000,0.000,0.000,0.000,0.000,-2.988,-1.418
448.81,0.119,0,0.353,0.405,1,0.000,0.000,0.000,0.000,0.000,0.000,-2.988,-1.418
449.02,0.346,0,0.353,0.405,1,0.000,0.000,0.000,0.000,0.000,0.000,-2.991,-1.417
449.21,0.104,0,0.358,0.406,1,0.000,0.000,0.000,0.000,0.000,0.000,-2.998,-1.425
449.41,0.117,0,0.358,0.406,1,0.000,0.000,0.000,0.000,0.000,0.000,-3.001,-1.424
449.61,0.340,0,0.353,0.409,1,0.000,0.000,0.000,0.000,0.000,0.000,-2.994,-1.424
449.81,0.340,0,0.353,0.409,1,0.000,0.000,0.000,0.000,0.000,0.000,-2.994,-1.424
450.01,0.338,0,0.353,0.409,1,0.000,0.000,0.000,0.000,0.000,0.000,-2.998,-1.423
450.21,0.338,0,0.350,0.409,1,0.000,0.000,0.000,0.000,0.000,0.000,-3.001,-1.417
450.41,0.338,0,0.350,0.409,1,0.000,0.000,0.000,0.000,0.000,0.000,-2.994,-1.416
450.61,0.339,0,0.350,0.410,1,0.000,0.000,0.000,0.000,0.000,0.000,-2.996,-1.418
450.81,0.339,0,0.350,0.410,1,0.000,0.000,0.000,0.000,0.000,0.000,-2.996,-1.418
451.01,0.340,0,0.350,0.410,1,0.000,0.000,0.000,0.000,0.000,0.000,-2.995,-1.424
451.21,0.343,0,0.352,0.413,1,0.000,0.000,0.000,0.000,0.000,0.000,-2.997,-1.420
451.41,0.344,0,0.352,0.413,1,0.000,0.000,0.000,0.000,0.000,0.000,-2.993,-1.423
451.61,0.347,0,0.356,0.414,1,0.000,0.000,0.000,0.000,0.000,0.000,-2.991,-1.422
451.81,0.347,0,0.356,0.414,1,0.000,0.000,0.000,0.000,0.000,0.000,-2.991,-1.422
452.01,0.346,0,0.356,0.414,1,0.000,0.000,0.000,0.000,0.000,0.000,-2.990,-1.421
452.21,0.188,0,0.358,0.419,1,0.000,0.000,0.000,0.000,0.000,0.000,-2.995,-1.417
452.41,0.286,0,0.358,0.419,1,0.000,0.000,0.000,0.000,0.000,0.000,-2.994,-1.421
452.61,0.168,0,0.300,0.399,1,0.000,0.000,0.000,0.000,0.000,0.000,-2.998,-1.428
452.82,0.168,0,0.300,0.399,1,0.000,0.000,0.000,0.000,0.000,0.000,-2.998,-1.428
453.02,0.141,0,0.300,0.399,1,0.000,0.000,0.000,0.000,0.000,0.000,-2.993,-1.425
453.21,0.139,0,0.174,0.400,0,0.000,0.000,0.000,0.000,0.000,0.000,-2.995,-1.421
453.41,0.146,0,0.174,0.400,0,0.000,0.000,0.000,0.000,0.000,0.000,-2.993,-1.427
453.61,0.153,0,0.173,0.399,0,0.000,0.000,0.000,0.000,0.000,0.000,-2.995,-1.428
453.81,0.153,0,0.173,0.399,0,0.000,0.000,0.000,0.000,0.000,0.000,-2.995,-1.428
454.01,0.101,0,0.173,0.399,0,0.000,0.000,0.000,0.000,0.000,0.000,-2.990,-1.426
454.21,0.168,0,0.182,0.413,0,0.000,0.000,0.000,0.000,0.000,0.000,-3.002,-1.424
454.41,0.178,0,0.182,0.413,0,0.000,0.000,0.000,0.000,0.000,0.000,-2.994,-1.424
454.61,0.185,0,0.200,0.421,0,0.000,0.000,0.000,0.000,0.000,0.000,-3.015,-1.438
454.82,0.185,0,0.200,0.421,0,0.000,0.000,0.000,0.000,0.000,0.000,-3.015,-1.438
455.01,0.104,0,0.200,0.421,0,0.000,0.000,0.000,0.000,0.000,0.000,-2.995,-1.435
455.21,0.119,0,0.210,0.408,1,0.000,0.000,0.000,0.000,0.000,0.000,-2.986,-1.428
455.41,0.116,0,0.210,0.408,1,0.000,0.000,0.000,0.000,0.000,0.000,-2.996,-1.423
455.61,0.116,0,0.231,0.401,1,0.000,0.000,0.000,0.000,0.000,0.000,-2.991,-1.415
455.81,0.116,0,0.231,0.401,1,0.000,0.000,0.000,0.000,0.000,0.000,-2.991,-1.415
456.01,0.116,0,0.231,0.401,1,0.000,0.000,0.000,0.000,0.000,0.000,-2.997,-1.421
456.21,0.116,0,0.281,0.400,1,0.000,0.000,0.000,0.000,0.000,0.000,-2.994,-1.419
456.41,0.116,0,0.281,0.400,1,0.000,0.000,0.000,0.000,0.000,0.000,-3.002,-1.424
456.61,0.116,0,0.258,0.411,1,0.000,0.000,0.000,0.000,0.000,0.000,-3.002,-1.420
456.81,0.116,0,0.258,0.411,1,0.000,0.000,0.000,0.000,0.000,0.000,-3.002,-1.420
457.01,0.116,0,0.258,0.411,1,0.000,0.000,0.000,0.000,0.000,0.000,-3.003,-1.427
457.21,0.199,0,0.230,0.414,1,0.000,0.000,0.000,0.000,0.000,0.000,-3.007,-1.418
457.41,0.116,0,0.230,0.414,1,0.000,0.000,0.000,0.000,0.000,0.000,-3.005,-1.418
457.61,0.116,0,0.220,0.406,1,0.000,0.000,0.000,0.000,0.000,0.000,-3.001,-1.424
457.81,0.116,0,0.220,0.406,1,0.000,0.000,0.000,0.000,0.000,0.000,-3.001,-1.424
458.01,0.117,0,0.220,0.406,1,0.000,0.000,0.000,0.000,0.000,0.000,-2.996,-1.424
458.21,0.116,0,0.229,0.405,1,0.000,0.000,0.000,0.000,0.000,0.000,-2.996,-1.425
458.41,0.117,0,0.229,0.405,1,0.000,0.000,0.000,0.000,0.000,0.000,-2.999,-1.413
458.61,0.116,0,0.222,0.404,1,0.000,0.000,0.000,0.000,0.000,0.000,-2.994,-1.415
458.81,0.116,0,0.222,0.404,1,0.000,0.000,0.000,0.000,0.000,0.000,-2.994,-1.415
459.01,0.116,0,0.222,0.404,1,0.000,0.000,0.000,0.000,0.000,0.000,-2.997,-1.427
459.21,0.101,0,0.314,0.421,1,0.000,0.000,0.000,0.000,0.000,0.000,-2.990,-1.426
459.41,0.341,0,0.314,0.421,1,0.000,0.000,0.000,0.000,0.000,0.000,-2.993,-1.423
459.61,0.100,0,0.353,0.431,1,0.000,0.000,0.000,0.000,0.000,0.000,-2.989,-1.426
459.81,0.100,0,0.353,0.431,1,0.000,0.000,0.000,0.000,0.000,0.000,-2.989,-1.426
460.01,0.103,0,0.353,0.431,1,0.000,0.000,0.000,0.000,0.000,0.000,-2.997,-1.448
460.21,0.372,0,0.367,0.467,1,0.000,0.000,0.000,0.000,0.000,0.000,-3.003,-1.448
460.42,0.343,0,0.367,0.467,1,0.000,0.000,0.000,0.000,0.000,0.000,-2.989,-1.428
460.61,0.101,0,0.355,0.451,1,0.000,0.000,0.000,0.000,0.000,0.000,-2.981,-1.422
460.81,0.101,0,0.355,0.451,1,0.000,0.000,0.000,0.000,0.000,0.000,-2.981,-1.422
461.01,0.116,0,0.355,0.451,1,0.000,0.000,0.000,0.000,0.000,0.000,-2.992,-1.424
461.21,0.116,0,0.314,0.455,1,0.000,0.000,0.000,0.000,0.000,0.000,-2.989,-1.426
461.41,0.116,0,0.314,0.455,1,0.000,0.000,0.000,0.000,0.000,0.000,-2.991,-1.430
461.61,0.119,0,0.345,0.481,1,0.000,0.000,0.000,0.000,0.000,0.000,-2.991,-1.432
461.81,0.119,0,0.345,0.481,1,0.000,0.000,0.000,0.000,0.000,0.000,-2.991,-1.432
462.01,0.116,0,0.345,0.481,1,0.000,0.000,0.000,0.000,0.000,0.000,-2.993,-1.425
462.21,0.116,0,0.368,0.461,1,0.000,0.000,0.000,0.000,0.000,0.000,-2.987,-1.424
462.42,0.116,0,0.368,0.461,1,0.000,0.000,0.000,0.000,0.000,0.000,-2.988,-1.423
462.61,0.116,0,0.345,0.445,1,0.000,0.000,0.000,0.000,0.000,0.000,-2.987,-1.422
462.81,0.116,0,0.345,0.445,1,0.000,0.000,0.000,0.000,0.000,0.000,-2.987,-1.422
463.01,0.116,0,0.345,0.445,1,0.000,0.000,0.000,0.000,0.000,0.000,-2.995,-1.418
463.21,0.116,0,0.293,0.417,1,0.000,0.000,0.000,0.000,0.000,0.000,-2.986,-1.421
463.41,0.116,0,0.293,0.417,1,0.000,0.000,0.000,0.000,0.000,0.000,-2.988,-1.420
463.61,0.116,0,0.249,0.424,1,0.000,0.000,0.000,0.000,0.000,0.000,-3.000,-1.421
463.82,0.116,0,0.249,0.424,1,0.000,0.000,0.000,0.000,0.000,0.000,-3.000,-1.421
464.01,0.116,0,0.249,0.424,1,0.000,0.000,0.000,0.000,0.000,0.000,-2.997,-1.418
464.21,0.116,0,0.171,0.451,0,0.000,0.000,0.000,0.000,0.000,0.000,-2.999,-1.422
464.42,0.117,0,0.171,0.451,0,0.000,0.000,0.000,0.000,0.000,0.000,-3.000,-1.437
464.62,0.100,0,0.175,0.418,0,0.000,0.000,0.000,0.000,0.000,0.000,-3.000,-1.436
464.81,0.100,0,0.175,0.418,0,0.000,0.000,0.000,0.000,0.000,0.000,-3.000,-1.436
465.01,0.100,0,0.175,0.418,0,0.000,0.000,0.000,0.000,0.000,0.000,-2.994,-1.434
465.21,0.112,0,0.135,nan,0,0.000,0.000,0.000,0.000,0.000,0.000,-3.003,-1.429
465.41,0.117,0,0.135,nan,0,0.000,0.000,0.000,0.000,0.000,0.000,-2.995,-1.423
465.61,0.116,0,0.194,0.407,0,0.000,0.000,0.000,0.000,0.000,0.000,-3.003,-1.437
465.82,0.116,0,0.194,0.407,0,0.000,0.000,0.000,0.000,0.000,0.000,-3.003,-1.437
466.02,0.117,0,0.194,0.407,0,0.000,0.000,0.000,0.000,0.000,0.000,-3.003,-1.439
466.21,0.117,0,0.265,0.407,1,0.000,0.000,0.000,0.000,0.000,0.000,-2.997,-1.425
466.41,0.115,0,0.265,0.407,1,0.000,0.000,0.000,0.000,0.000,0.000,-3.004,-1.428
466.61,0.117,0,0.214,0.413,1,0.000,0.000,0.000,0.000,0.000,0.000,-3.005,-1.423
466.81,0.117,0,0.214,0.413,1,0.000,0.000,0.000,0.000,0.000,0.000,-3.005,-1.423
467.01,0.116,0,0.214,0.413,1,0.000,0.000,0.000,0.000,0.000,0.000,-2.998,-1.432
467.21,0.116,0,0.257,0.416,1,0.000,0.000,0.000,0.000,0.000,0.000,-2.998,-1.426
467.41,0.117,0,0.257,0.416,1,0.000,0.000,0.000,0.000,0.000,0.000,-3.002,-1.427
467.61,0.116,0,0.218,0.420,0,0.000,0.000,0.000,0.000,0.000,0.000,-3.012,-1.441
467.81,0.116,0,0.218,0.420,0,0.000,0.000,0.000,0.000,0.000,0.000,-3.012,-1.441
468.01,0.117,0,0.218,0.420,0,0.000,0.000,0.000,0.000,0.000,0.000,-2.992,-1.425
468.21,0.116,0,0.218,0.435,0,0.000,0.000,0.000,0.000,0.000,0.000,-2.998,-1.424
468.41,0.115,0,0.218,0.435,0,0.000,0.000,0.000,0.000,0.000,0.000,-3.004,-1.420
468.61,0.117,0,0.220,0.438,0,0.000,0.000,0.000,0.000,0.000,0.000,-3.003,-1.422
468.81,0.117,0,0.220,0.438,0,0.000,0.000,0.000,0.000,0.000,0.000,-3.003,-1.422
469.02,0.116,0,0.220,0.438,0,0.000,0.000,0.000,0.000,0.000,0.000,-2.994,-1.424
469.22,0.118,0,0.201,0.428,0,0.000,0.000,0.000,0.000,0.000,0.000,-2.995,-1.417
469.41,0.154,0,0.201,0.428,0,0.000,0.000,0.000,0.000,0.000,0.000,-2.998,-1.421
469.62,0.157,0,0.186,0.432,0,0.000,0.000,0.000,0.000,0.000,0.000,-3.000,-1.423
469.81,0.157,0,0.186,0.432,0,0.000,0.000,0.000,0.000,0.000,0.000,-3.000,-1.423
470.01,0.154,0,0.186,0.432,0,0.000,0.000,0.000,0.000,0.000,0.000,-3.002,-1.424
470.21,0.127,0,0.179,0.405,0,0.000,0.000,0.000,0.000,0.000,0.000,-2.997,-1.424
470.41,0.131,0,0.179,0.405,0,0.000,0.000,0.000,0.000,0.000,0.000,-3.010,-1.433
470.61,0.134,0,0.176,0.410,0,0.000,0.000,0.000,0.000,0.000,0.000,-3.024,-1.440
470.81,0.134,0,0.176,0.410,0,0.000,0.000,0.000,0.000,0.000,0.000,-3.024,-1.440
471.01,0.144,0,0.176,0.410,0,0.000,0.000,0.000,0.000,0.000,0.000,-3.005,-1.432
471.21,0.309,0,0.224,0.419,1,0.000,0.000,0.000,0.000,0.000,0.000,-3.002,-1.434
471.41,0.354,0,0.224,0.419,1,0.000,0.000,0.000,0.000,0.000,0.000,-2.989,-1.419
471.61,0.370,0,0.365,0.440,1,0.000,0.000,0.000,0.000,0.000,0.000,-2.995,-1.424
471.81,0.370,0,0.365,0.440,1,0.000,0.000,0.000,0.000,0.000,0.000,-2.995,-1.424
472.01,0.373,0,0.365,0.440,1,0.000,0.000,0.000,0.000,0.000,0.000,-2.997,-1.431
472.21,0.116,0,0.392,0.458,1,0.000,0.000,0.000,0.000,0.000,0.000,-2.989,-1.423
472.41,0.365,0,0.392,0.458,1,0.000,0.000,0.000,0.000,0.000,0.000,-2.988,-1.426
472.61,0.116,0,0.376,0.450,1,0.000,0.000,0.000,0.000,0.000,0.000,-2.988,-1.428
472.81,0.116,0,0.376,0.450,1,0.000,0.000,0.000,0.000,0.000,0.000,-2.988,-1.428
473.01,0.116,0,0.376,0.450,1,0.000,0.000,0.000,0.000,0.000,0.000,-2.993,-1.429
473.21,0.288,0,0.367,0.444,1,0.000,0.000,0.000,0.000,0.000,0.000,-2.994,-1.422
473.41,0.373,0,0.367,0.444,1,0.000,0.000,0.000,0.000,0.000,0.000,-2.986,-1.429
473.61,0.374,0,0.418,0.493,1,0.000,0.000,0.000,0.000,0.000,0.000,-2.988,-1.428
473.81,0.374,0,0.418,0.493,1,0.000,0.000,0.000,0.000,0.000,0.000,-2.988,-1.428
474.01,0.373,0,0.418,0.493,1,0.000,0.000,0.000,0.000,0.000,0.000,-2.991,-1.422
474.21,0.373,0,0.459,0.526,1,0.000,0.000,0.000,0.000,0.000,0.000,-2.985,-1.420
474.42,0.369,0,0.459,0.526,1,0.000,0.000,0.000,0.000,0.000,0.000,-2.988,-1.427
474.62,0.372,0,0.462,0.498,1,0.000,0.000,0.000,0.000,0.000,0.000,-2.990,-1.429
474.82,0.372,0,0.462,0.498,1,0.000,0.000,0.000,0.000,0.000,0.000,-2.990,-1.429
475.01,0.117,0,0.462,0.498,1,0.000,0.000,0.000,0.000,0.000,0.000,-2.997,-1.419
475.21,0.116,0,0.385,0.501,1,0.000,0.000,0.000,0.000,0.000,0.000,-2.988,-1.420
475.41,0.374,0,0.385,0.501,1,0.000,0.000,0.000,0.000,0.000,0.000,-2.993,-1.427
475.61,0.367,0,0.460,0.504,1,0.000,0.000,0.000,0.000,0.000,0.000,-2.994,-1.426
475.82,0.367,0,0.460,0.504,1,0.000,0.000,0.000,0.000,0.000,0.000,-2.994,-1.426
476.01,0.116,0,0.460,0.504,1,0.000,0.000,0.000,0.000,0.000,0.000,-2.991,-1.422
476.21,0.116,0,0.452,0.472,1,0.000,0.000,0.000,0.000,0.000,0.000,-2.988,-1.422
476.41,0.116,0,0.452,0.472,1,0.000,0.000,0.000,0.000,0.000,0.000,-2.988,-1.422
476.61,0.370,0,0.420,0.460,1,0.000,0.000,0.000,0.000,0.000,0.000,-2.986,-1.423
476.81,0.370,0,0.420,0.460,1,0.000,0.000,0.000,0.000,0.000,0.000,-2.986,-1.423
477.01,0.308,0,0.420,0.460,1,0.000,0.000,0.000,0.000,0.000,0.000,-2.988,-1.420
477.21,0.374,0,0.321,0.490,1,0.000,0.000,0.000,0.000,0.000,0.000,-2.989,-1.421
477.41,0.373,0,0.321,0.490,1,0.000,0.000,0.000,0.000,0.000,0.000,-2.987,-1.426
477.61,0.366,0,0.417,0.455,1,0.000,0.000,0.000,0.000,0.000,0.000,-2.993,-1.424
477.81,0.366,0,0.417,0.455,1,0.000,0.000,0.000,0.000,0.000,0.000,-2.993,-1.424
478.01,0.116,0,0.417,0.455,1,0.000,0.000,0.000,0.000,0.000,0.000,-2.987,-1.428
478.21,0.116,0,0.429,0.457,1,0.000,0.000,0.000,0.000,0.000,0.000,-2.990,-1.427
478.41,0.373,0,0.429,0.457,1,0.000,0.000,0.000,0.000,0.000,0.000,-2.987,-1.426
478.62,0.373,0,0.436,0.487,1,0.000,0.000,0.000,0.000,0.000,0.000,-2.991,-1.424
478.81,0.373,0,0.436,0.487,1,0.000,0.000,0.000,0.000,0.000,0.000,-2.991,-1.424
479.01,0.373,0,0.436,0.487,1,0.000,0.000,0.000,0.000,0.000,0.000,-2.992,-1.429
479.21,0.116,0,0.464,0.496,1,0.000,0.000,0.000,0.000,0.000,0.000,-2.996,-1.431
479.41,0.117,0,0.464,0.496,1,0.000,0.000,0.000,0.000,0.000,0.000,-3.000,-1.430
479.61,0.116,0,0.447,0.468,1,0.000,0.000,0.000,0.000,0.000,0.000,-2.993,-1.426
479.81,0.116,0,0.447,0.468,1,0.000,0.000,0.000,0.000,0.000,0.000,-2.993,-1.426
480.01,0.372,0,0.447,0.468,1,0.000,0.000,0.000,0.000,0.000,0.000,-2.993,-1.431
480.21,0.373,0,0.432,0.481,1,0.000,0.000,0.000,0.000,0.000,0.000,-2.995,-1.434
480.41,0.374,0,0.432,0.481,1,0.000,0.000,0.000,0.000,0.000,0.000,-2.996,-1.426
480.61,0.322,0,0.433,0.480,1,0.000,0.000,0.000,0.000,0.000,0.000,-2.990,-1.427
480.81,0.322,0,0.433,0.480,1,0.000,0.000,0.000,0.000,0.000,0.000,-2.990,-1.427
481.02,0.116,0,0.433,0.480,1,0.000,0.000,0.000,0.000,0.000,0.000,-2.990,-1.428
481.21,0.117,0,0.448,0.494,1,0.000,0.000,0.000,0.000,0.000,0.000,-2.988,-1.427
481.41,0.373,0,0.448,0.494,1,0.000,0.000,0.000,0.000,0.000,0.000,-2.992,-1.426
481.61,0.371,0,0.508,0.542,1,0.000,0.000,0.000,0.000,0.000,0.000,-2.991,-1.427
481.81,0.371,0,0.508,0.542,1,0.000,0.000,0.000,0.000,0.000,0.000,-2.991,-1.427
482.01,0.116,0,0.508,0.542,1,0.000,0.000,0.000,0.000,0.000,0.000,-2.993,-1.431
482.21,0.369,0,0.497,0.550,1,0.000,0.000,0.000,0.000,0.000,0.000,-2.995,-1.434
482.41,0.116,0,0.497,0.550,1,0.000,0.000,0.000,0.000,0.000,0.000,-2.990,-1.422
482.61,0.371,0,0.512,0.581,1,0.000,0.000,0.000,0.000,0.000,0.000,-2.991,-1.423
482.81,0.371,0,0.512,0.581,1,0.000,0.000,0.000,0.000,0.000,0.000,-2.991,-1.423
483.01,0.116,0,0.512,0.581,1,0.000,0.000,0.000,0.000,0.000,0.000,-2.994,-1.426
483.21,0.116,0,0.531,0.532,1,0.000,0.000,0.000,0.000,0.000,0.000,-2.998,-1.420
483.41,0.116,0,0.531,0.532,1,0.000,0.000,0.000,0.000,0.000,0.000,-2.994,-1.427
483.61,0.373,0,0.544,0.594,1,0.000,0.000,0.000,0.000,0.000,0.000,-2.992,-1.425
483.81,0.373,0,0.544,0.594,1,0.000,0.000,0.000,0.000,0.000,0.000,-2.992,-1.425
484.01,0.365,0,0.544,0.594,1,0.000,0.000,0.000,0.000,0.000,0.000,-2.993,-1.428
484.21,0.372,0,0.408,0.484,1,0.000,0.000,0.000,0.000,0.000,0.000,-2.996,-1.423
484.41,0.373,0,0.408,0.484,1,0.000,0.000,0.000,0.000,0.000,0.000,-2.988,-1.424
484.61,0.116,0,0.423,0.514,1,0.000,0.000,0.000,0.000,0.000,0.000,-2.988,-1.420
484.81,0.116,0,0.423,0.514,1,0.000,0.000,0.000,0.000,0.000,0.000,-2.988,-1.420
485.01,0.373,0,0.423,0.514,1,0.000,0.000,0.000,0.000,0.000,0.000,-2.993,-1.422
485.21,0.373,0,0.527,0.604,1,0.000,0.000,0.000,0.000,0.000,0.000,-2.993,-1.424
485.41,0.116,0,0.527,0.604,1,0.000,0.000,0.000,0.000,0.000,0.000,-2.993,-1.422
485.61,0.116,0,0.505,0.571,1,0.000,0.000,0.000,0.000,0.000,0.000,-2.998,-1.431
485.82,0.116,0,0.505,0.571,1,0.000,0.000,0.000,0.000,0.000,0.000,-2.998,-1.431
486.01,0.372,0,0.505,0.571,1,0.000,0.000,0.000,0.000,0.000,0.000,-2.995,-1.423
486.21,0.368,0,0.503,0.584,1,0.000,0.000,0.000,0.000,0.000,0.000,-2.987,-1.425
486.41,0.372,0,0.503,0.584,1,0.000,0.000,0.000,0.000,0.000,0.000,-2.992,-1.425
486.61,0.373,0,0.509,0.576,1,0.000,0.000,0.000,0.000,0.000,0.000,-2.991,-1.424
486.82,0.373,0,0.509,0.576,1,0.000,0.000,0.000,0.000,0.000,0.000,-2.991,-1.424
487.01,0.373,0,0.509,0.576,1,0.000,0.000,0.000,0.000,0.000,0.000,-2.994,-1.425
487.21,0.374,0,0.484,0.566,1,0.000,0.000,0.000,0.000,0.000,0.000,-2.990,-1.421
