t,min_range,blocked,lidar_range,camera_range,agree,cmd_in_vx,cmd_in_vy,cmd_in_wz,cmd_out_vx,cmd_out_vy,cmd_out_wz,odom_x,odom_y
0.21,nan,0,nan,nan,0,0.000,0.000,0.000,0.000,0.000,0.000,0.000,0.000
0.41,nan,0,nan,nan,0,0.000,0.000,0.000,0.000,0.000,0.000,0.000,0.000
0.61,nan,0,nan,nan,0,0.000,0.000,0.000,0.000,0.000,0.000,0.002,-0.006
0.81,nan,0,nan,nan,0,0.000,0.000,0.000,0.000,0.000,0.000,-0.004,-0.003
1.01,nan,0,nan,nan,0,0.000,0.000,0.000,0.000,0.000,0.000,-0.001,-0.008
1.21,nan,0,nan,nan,0,0.000,0.000,0.000,0.000,0.000,0.000,0.004,-0.004
1.41,0.109,0,nan,nan,0,0.000,0.000,0.000,0.000,0.000,0.000,0.001,-0.013
1.61,0.112,0,nan,nan,0,0.000,0.000,0.000,0.000,0.000,0.000,-0.002,-0.019
1.81,0.111,0,nan,nan,0,0.000,0.000,0.000,0.000,0.000,0.000,-0.000,-0.018
2.01,0.108,0,nan,nan,0,0.000,0.000,0.000,0.000,0.000,0.000,0.010,-0.016
2.21,0.109,0,nan,nan,0,0.000,0.000,0.000,0.000,0.000,0.000,0.012,-0.012
2.41,0.109,0,nan,nan,0,0.000,0.000,0.000,0.000,0.000,0.000,0.006,-0.017
2.61,0.112,0,nan,nan,0,0.000,0.000,0.000,0.000,0.000,0.000,0.003,-0.018
2.81,0.353,0,nan,nan,0,0.000,0.000,0.000,0.000,0.000,0.000,0.016,0.004
3.01,0.353,0,nan,nan,0,0.000,0.000,0.000,0.000,0.000,0.000,0.021,0.012
3.21,0.109,0,0.451,nan,0,0.000,0.000,0.000,0.000,0.000,0.000,0.021,0.002
3.41,0.108,0,0.451,nan,0,0.000,0.000,0.000,0.000,0.000,0.000,0.015,-0.009
3.61,0.108,0,0.453,nan,0,0.000,0.000,0.000,0.000,0.000,0.000,0.018,-0.009
3.81,0.108,0,0.453,nan,0,0.000,0.000,0.000,0.000,0.000,0.000,0.022,-0.014
4.01,0.112,0,0.453,nan,0,0.000,0.000,0.000,0.000,0.000,0.000,0.012,-0.017
4.21,0.108,0,0.454,0.478,1,0.000,0.000,0.000,0.000,0.000,0.000,0.017,-0.012
4.41,0.112,0,0.454,0.478,1,0.000,0.000,0.000,0.000,0.000,0.000,0.026,-0.005
4.61,0.353,0,0.454,0.478,1,0.000,0.000,0.000,0.000,0.000,0.000,0.024,-0.010
4.81,0.353,0,0.454,0.478,1,0.000,0.000,0.000,0.000,0.000,0.000,0.018,-0.008
5.01,0.111,0,0.454,0.478,1,0.000,0.000,0.000,0.000,0.000,0.000,0.017,0.000
5.21,0.108,0,0.893,0.479,0,0.000,0.000,0.000,0.000,0.000,0.000,0.023,-0.005
5.41,0.112,0,0.893,0.479,0,0.000,0.000,0.000,0.000,0.000,0.000,0.028,-0.010
5.61,0.109,0,0.450,0.479,1,0.000,0.000,0.000,0.000,0.000,0.000,0.025,-0.005
5.81,0.112,0,0.450,0.479,1,0.000,0.000,0.000,0.000,0.000,0.000,0.027,-0.020
6.01,0.108,0,0.450,0.479,1,0.000,0.000,0.000,0.000,0.000,0.000,0.040,-0.024
6.21,0.108,0,0.454,0.478,1,0.000,0.000,0.000,0.000,0.000,0.000,0.048,-0.031
6.41,0.108,0,0.454,0.478,1,0.000,0.000,0.000,0.000,0.000,0.000,0.048,-0.030
6.61,0.108,0,0.449,0.478,1,0.000,0.000,0.000,0.000,0.000,0.000,0.037,-0.036
6.81,0.112,0,0.449,0.478,1,0.000,0.000,0.000,0.000,0.000,0.000,0.033,-0.029
7.01,0.353,0,0.449,0.478,1,0.000,0.000,0.000,0.000,0.000,0.000,0.031,-0.022
7.21,0.108,0,0.453,0.478,1,0.000,0.000,0.000,0.000,0.000,0.000,0.028,-0.034
7.41,0.112,0,0.453,0.478,1,0.000,0.000,0.000,0.000,0.000,0.000,0.017,-0.037
7.61,0.353,0,0.454,0.478,1,0.000,0.000,0.000,0.000,0.000,0.000,0.019,-0.026
7.81,0.108,0,0.454,0.478,1,0.000,0.000,0.000,0.000,0.000,0.000,0.034,-0.027
8.01,0.111,0,0.454,0.478,1,0.000,0.000,0.000,0.000,0.000,0.000,0.032,-0.024
8.21,0.109,0,0.453,0.478,1,0.000,0.000,0.000,0.000,0.000,0.000,0.015,-0.022
8.41,0.108,0,0.453,0.478,1,0.000,0.000,0.000,0.000,0.000,0.000,0.006,-0.032
8.61,0.112,0,0.896,0.479,0,0.000,0.000,0.000,0.000,0.000,0.000,0.014,-0.025
8.81,0.108,0,0.896,0.479,0,0.000,0.000,0.000,0.000,0.000,0.000,0.015,-0.023
9.01,0.109,0,0.896,0.479,0,0.000,0.000,0.000,0.000,0.000,0.000,0.011,-0.032
9.21,0.108,0,0.453,0.479,1,0.000,0.000,0.000,0.000,0.000,0.000,-0.003,-0.018
9.41,0.108,0,0.453,0.479,1,0.000,0.000,0.000,0.000,0.000,0.000,0.007,-0.013
9.61,0.111,0,0.454,0.479,1,0.000,0.000,0.000,0.000,0.000,0.000,0.017,-0.021
9.81,0.112,0,0.454,0.479,1,0.000,0.000,0.000,0.000,0.000,0.000,0.012,-0.024
10.01,0.108,0,0.454,0.479,1,0.000,0.000,0.000,0.000,0.000,0.000,0.018,-0.017
10.21,0.112,0,0.895,0.479,0,0.000,0.000,0.000,0.000,0.000,0.000,0.029,-0.007
10.41,0.353,0,0.895,0.479,0,0.000,0.000,0.000,0.000,0.000,0.000,0.036,-0.008
10.61,0.112,0,0.708,0.479,0,0.000,0.000,0.000,0.000,0.000,0.000,0.035,-0.010
10.81,0.109,0,0.708,0.479,0,0.000,0.000,0.000,0.000,0.000,0.000,0.037,-0.026
11.01,0.109,0,0.708,0.479,0,0.000,0.000,0.000,0.000,0.000,0.000,0.032,-0.030
11.21,0.353,0,0.451,0.479,1,0.000,0.000,0.000,0.000,0.000,0.000,0.033,-0.026
11.41,0.111,0,0.451,0.479,1,0.000,0.000,0.000,0.000,0.000,0.000,0.033,-0.032
11.61,0.108,0,0.454,0.479,1,0.000,0.000,0.000,0.000,0.000,0.000,0.026,-0.031
11.81,0.108,0,0.454,0.479,1,0.000,0.000,0.000,0.000,0.000,0.000,0.036,-0.035
12.01,0.108,0,0.454,0.479,1,0.000,0.000,0.000,0.000,0.000,0.000,0.050,-0.035
12.21,0.108,0,0.454,0.479,1,0.000,0.000,0.000,0.000,0.000,0.000,0.041,-0.037
12.41,0.108,0,0.454,0.479,1,0.000,0.000,0.000,0.000,0.000,0.000,0.036,-0.033
12.61,0.109,0,0.453,0.479,1,0.000,0.000,0.000,0.000,0.000,0.000,0.047,-0.040
12.81,0.112,0,0.453,0.479,1,0.000,0.000,0.000,0.000,0.000,0.000,0.053,-0.041
13.01,0.109,0,0.453,0.479,1,0.000,0.000,0.000,0.000,0.000,0.000,0.040,-0.039
13.21,0.108,0,0.454,0.479,1,0.000,0.000,0.000,0.000,0.000,0.000,0.044,-0.041
13.41,0.109,0,0.454,0.479,1,0.000,0.000,0.000,0.000,0.000,0.000,0.053,-0.042
13.61,0.111,0,0.453,0.479,1,0.000,0.000,0.000,0.000,0.000,0.000,0.050,-0.047
13.81,0.111,0,0.453,0.479,1,0.000,0.000,0.000,0.000,0.000,0.000,0.049,-0.043
14.01,0.112,0,0.453,0.479,1,0.000,0.000,0.000,0.000,0.000,0.000,0.049,-0.036
14.21,0.353,0,0.460,0.479,1,0.000,0.000,0.000,0.000,0.000,0.000,0.050,-0.042
14.41,0.108,0,0.460,0.479,1,0.000,0.000,0.000,0.000,0.000,0.000,0.049,-0.050
14.61,0.112,0,0.454,0.479,1,0.000,0.000,0.000,0.000,0.000,0.000,0.053,-0.053
14.81,0.108,0,0.454,0.479,1,0.000,0.000,0.000,0.000,0.000,0.000,0.050,-0.051
15.01,0.108,0,0.454,0.479,1,0.000,0.000,0.000,0.000,0.000,0.000,0.035,-0.065
15.21,0.111,0,0.447,0.472,1,0.000,0.000,0.000,0.000,0.000,0.000,0.041,-0.082
15.41,0.111,0,0.447,0.472,1,0.000,0.000,0.000,0.000,0.000,0.000,0.098,-0.072
15.61,0.108,0,0.433,0.458,1,0.000,0.000,0.000,0.000,0.000,0.000,0.110,-0.066
15.81,0.108,0,0.433,0.458,1,0.000,0.000,0.000,0.000,0.000,0.000,0.117,-0.075
16.01,0.406,0,0.433,0.458,1,0.000,0.000,0.000,0.000,0.000,0.000,0.126,-0.095
16.21,0.333,0,0.447,0.502,1,0.000,0.000,0.000,0.000,0.000,0.000,0.100,-0.119
16.41,0.416,0,0.447,0.502,1,0.000,0.000,0.000,0.000,0.000,0.000,0.076,-0.114
16.61,0.421,0,0.486,0.540,1,0.000,0.000,0.000,0.000,0.000,0.000,0.029,-0.122
16.81,0.425,0,0.486,0.540,1,0.000,0.000,0.000,0.000,0.000,0.000,0.016,-0.129
17.01,0.434,0,0.486,0.540,1,0.000,0.000,0.000,0.000,0.000,0.000,0.030,-0.174
17.21,0.448,0,0.530,0.549,1,0.000,0.000,0.000,0.000,0.000,0.000,0.060,-0.240
17.41,0.471,0,0.530,0.549,1,0.000,0.000,0.000,0.000,0.000,0.000,0.081,-0.275
17.61,0.108,0,1.516,0.518,0,0.000,0.000,0.000,0.000,0.000,0.000,0.094,-0.248
17.81,0.108,0,1.516,0.518,0,0.000,0.000,0.000,0.000,0.000,0.000,0.109,-0.241
18.01,0.111,0,1.516,0.518,0,0.000,0.000,0.000,0.000,0.000,0.000,0.117,-0.256
18.21,0.108,0,0.778,1.525,0,0.000,0.000,0.000,0.000,0.000,0.000,0.123,-0.252
18.41,0.109,0,0.778,1.525,0,0.000,0.000,0.000,0.000,0.000,0.000,0.130,-0.257
18.61,0.108,0,0.767,0.877,1,0.000,0.000,0.000,0.000,0.000,0.000,0.145,-0.247
18.81,0.111,0,0.767,0.877,1,0.000,0.000,0.000,0.000,0.000,0.000,0.149,-0.226
19.01,0.460,0,0.767,0.877,1,0.000,0.000,0.000,0.000,0.000,0.000,0.138,-0.218
19.21,0.108,0,0.754,0.857,1,0.000,0.000,0.000,0.000,0.000,0.000,0.138,-0.218
19.41,0.108,0,0.754,0.857,1,0.000,0.000,0.000,0.000,0.000,0.000,0.138,-0.218
19.61,0.108,0,0.798,0.798,1,0.000,0.000,0.000,0.000,0.000,0.000,0.138,-0.218
19.81,0.111,0,0.798,0.798,1,0.000,0.000,0.000,0.000,0.000,0.000,0.149,-0.204
20.01,0.111,0,0.798,0.798,1,0.000,0.000,0.000,0.000,0.000,0.000,0.157,-0.209
20.21,0.429,0,0.745,0.775,1,0.000,0.000,0.000,0.000,0.000,0.000,0.166,-0.246
20.41,0.111,0,0.745,0.775,1,0.000,0.000,0.000,0.000,0.000,0.000,0.172,-0.248
20.61,0.108,0,0.751,0.766,1,0.000,0.000,0.000,0.000,0.000,0.000,0.174,-0.247
20.81,0.424,0,0.751,0.766,1,0.000,0.000,0.000,0.000,0.000,0.000,0.164,-0.249
21.01,0.425,0,0.751,0.766,1,0.000,0.000,0.000,0.000,0.000,0.000,0.156,-0.243
21.21,0.108,0,0.763,0.769,1,0.000,0.000,0.000,0.000,0.000,0.000,0.158,-0.242
21.41,0.111,0,0.763,0.769,1,0.000,0.000,0.000,0.000,0.000,0.000,0.160,-0.262
21.61,0.109,0,0.757,0.769,1,0.000,0.000,0.000,0.000,0.000,0.000,0.166,-0.256
21.81,0.452,0,0.757,0.769,1,0.000,0.000,0.000,0.000,0.000,0.000,0.157,-0.231
22.01,0.465,0,0.757,0.769,1,0.000,0.000,0.000,0.000,0.000,0.000,0.173,-0.233
22.21,0.494,0,0.636,0.742,1,0.000,0.000,0.000,0.000,0.000,0.000,0.188,-0.238
22.41,0.108,0,0.636,0.742,1,0.000,0.000,0.000,0.000,0.000,0.000,0.171,-0.210
22.61,0.108,0,0.722,0.726,1,0.000,0.000,0.000,0.000,0.000,0.000,0.186,-0.199
22.81,0.111,0,0.722,0.726,1,0.000,0.000,0.000,0.000,0.000,0.000,0.204,-0.220
23.01,0.500,0,0.722,0.726,1,0.000,0.000,0.000,0.000,0.000,0.000,0.211,-0.227
23.21,0.111,0,0.711,0.804,1,0.000,0.000,0.000,0.000,0.000,0.000,0.206,-0.195
23.41,0.521,0,0.711,0.804,1,0.000,0.000,0.000,0.000,0.000,0.000,0.163,-0.147
23.61,0.501,0,1.044,0.539,0,0.000,0.000,0.000,0.000,0.000,0.000,0.131,-0.146
23.81,0.474,0,1.044,0.539,0,0.000,0.000,0.000,0.000,0.000,0.000,0.094,-0.165
24.01,0.111,0,1.044,0.539,0,0.000,0.000,0.000,0.000,0.000,0.000,0.075,-0.159
24.21,0.426,0,0.442,0.443,1,0.000,0.000,0.000,0.000,0.000,0.000,0.059,-0.138
24.41,0.419,0,0.442,0.443,1,0.000,0.000,0.000,0.000,0.000,0.000,0.078,-0.135
24.61,0.419,0,0.428,0.435,1,0.000,0.000,0.000,0.000,0.000,0.000,0.105,-0.138
24.81,0.111,0,0.428,0.435,1,0.000,0.000,0.000,0.000,0.000,0.000,0.103,-0.136
25.01,0.111,0,0.428,0.435,1,0.000,0.000,0.000,0.000,0.000,0.000,0.067,-0.121
25.21,0.109,0,0.432,0.439,1,0.000,0.000,0.000,0.000,0.000,0.000,0.063,-0.107
25.41,0.411,0,0.432,0.439,1,0.000,0.000,0.000,0.000,0.000,0.000,0.071,-0.112
25.61,0.406,0,0.438,0.451,1,0.000,0.000,0.000,0.000,0.000,0.000,0.064,-0.132
25.81,0.395,0,0.438,0.451,1,0.000,0.000,0.000,0.000,0.000,0.000,0.050,-0.130
26.01,0.108,0,0.438,0.451,1,0.000,0.000,0.000,0.000,0.000,0.000,0.046,-0.109
26.21,0.108,0,0.449,0.467,1,0.000,0.000,0.000,0.000,0.000,0.000,0.019,-0.109
26.41,0.111,0,0.449,0.467,1,0.000,0.000,0.000,0.000,0.000,0.000,0.025,-0.117
26.61,0.112,0,0.461,0.472,1,0.000,0.000,0.000,0.000,0.000,0.000,0.038,-0.118
26.81,0.108,0,0.461,0.472,1,0.000,0.000,0.000,0.000,0.000,0.000,0.033,-0.111
27.01,0.366,0,0.461,0.472,1,0.000,0.000,0.000,0.000,0.000,0.000,0.024,-0.104
27.21,0.111,0,0.454,0.473,1,0.000,0.000,0.000,0.000,0.000,0.000,0.022,-0.106
27.41,0.108,0,0.454,0.473,1,0.000,0.000,0.000,0.000,0.000,0.000,0.028,-0.099
27.61,0.322,0,0.455,0.473,1,0.000,0.000,0.000,0.000,0.000,0.000,0.019,-0.095
27.81,0.111,0,0.455,0.473,1,0.000,0.000,0.000,0.000,0.000,0.000,0.015,-0.096
28.01,0.112,0,0.455,0.473,1,0.000,0.000,0.000,0.000,0.000,0.000,0.021,-0.100
28.21,0.108,0,0.896,0.473,0,0.000,0.000,0.000,0.000,0.000,0.000,0.029,-0.107
28.41,0.366,0,0.896,0.473,0,0.000,0.000,0.000,0.000,0.000,0.000,0.020,-0.099
28.61,0.108,0,0.453,0.473,1,0.000,0.000,0.000,0.000,0.000,0.000,0.023,-0.106
28.81,0.108,0,0.453,0.473,1,0.000,0.000,0.000,0.000,0.000,0.000,0.028,-0.106
29.01,0.108,0,0.453,0.473,1,0.000,0.000,0.000,0.000,0.000,0.000,0.020,-0.103
29.21,0.112,0,0.454,0.473,1,0.000,0.000,0.000,0.000,0.000,0.000,0.019,-0.099
29.41,0.108,0,0.454,0.473,1,0.000,0.000,0.000,0.000,0.000,0.000,0.017,-0.086
29.61,0.366,0,0.453,0.472,1,0.000,0.000,0.000,0.000,0.000,0.000,0.027,-0.089
29.81,0.108,0,0.453,0.472,1,0.000,0.000,0.000,0.000,0.000,0.000,0.028,-0.103
30.01,0.111,0,0.453,0.472,1,0.000,0.000,0.000,0.000,0.000,0.000,0.028,-0.099
30.21,0.112,0,0.452,0.473,1,0.000,0.000,0.000,0.000,0.000,0.000,0.020,-0.086
30.41,0.366,0,0.452,0.473,1,0.000,0.000,0.000,0.000,0.000,0.000,0.020,-0.087
30.61,0.109,0,0.454,0.473,1,0.000,0.000,0.000,0.000,0.000,0.000,0.026,-0.100
30.81,0.112,0,0.454,0.473,1,0.000,0.000,0.000,0.000,0.000,0.000,0.033,-0.096
31.01,0.112,0,0.454,0.473,1,0.000,0.000,0.000,0.000,0.000,0.000,0.032,-0.085
31.21,0.109,0,0.452,0.473,1,0.000,0.000,0.000,0.000,0.000,0.000,0.028,-0.087
31.41,0.109,0,0.452,0.473,1,0.000,0.000,0.000,0.000,0.000,0.000,0.024,-0.091
31.61,0.112,0,0.453,0.473,1,0.000,0.000,0.000,0.000,0.000,0.000,0.030,-0.097
31.81,0.112,0,0.453,0.473,1,0.000,0.000,0.000,0.000,0.000,0.000,0.033,-0.101
32.01,0.111,0,0.453,0.473,1,0.000,0.000,0.000,0.000,0.000,0.000,0.044,-0.095
32.21,0.366,0,0.453,0.472,1,0.000,0.000,0.000,0.000,0.000,0.000,0.044,-0.093
32.41,0.109,0,0.453,0.472,1,0.000,0.000,0.000,0.000,0.000,0.000,0.026,-0.091
32.61,0.108,0,0.455,0.473,1,0.000,0.000,0.000,0.000,0.000,0.000,0.035,-0.098
32.81,0.109,0,0.455,0.473,1,0.000,0.000,0.000,0.000,0.000,0.000,0.034,-0.096
33.01,0.112,0,0.455,0.473,1,0.000,0.000,0.000,0.000,0.000,0.000,0.033,-0.089
33.21,0.366,0,0.449,0.473,1,0.000,0.000,0.000,0.000,0.000,0.000,0.026,-0.084
33.41,0.111,0,0.449,0.473,1,0.000,0.000,0.000,0.000,0.000,0.000,0.031,-0.085
33.61,0.108,0,0.453,0.473,1,0.000,0.000,0.000,0.000,0.000,0.000,0.026,-0.087
33.81,0.108,0,0.453,0.473,1,0.000,0.000,0.000,0.000,0.000,0.000,0.021,-0.084
34.02,0.111,0,0.453,0.473,1,0.000,0.000,0.000,0.000,0.000,0.000,0.032,-0.091
34.21,0.366,0,0.453,0.473,1,0.000,0.000,0.000,0.000,0.000,0.000,0.023,-0.095
34.41,0.109,0,0.453,0.473,1,0.000,0.000,0.000,0.000,0.000,0.000,0.021,-0.085
34.61,0.366,0,0.448,0.473,1,0.000,0.000,0.000,0.000,0.000,0.000,0.010,-0.090
34.81,0.108,0,0.448,0.473,1,0.000,0.000,0.000,0.000,0.000,0.000,0.013,-0.094
35.01,0.366,0,0.448,0.473,1,0.000,0.000,0.000,0.000,0.000,0.000,0.028,-0.092
35.21,0.111,0,0.453,0.472,1,0.000,0.000,0.000,0.000,0.000,0.000,0.045,-0.087
35.41,0.108,0,0.453,0.472,1,0.000,0.000,0.000,0.000,0.000,0.000,0.034,-0.090
35.61,0.108,0,0.455,0.472,1,0.000,0.000,0.000,0.000,0.000,0.000,0.007,-0.087
35.81,0.108,0,0.455,0.472,1,0.000,0.000,0.000,0.000,0.000,0.000,0.019,-0.085
36.01,0.108,0,0.455,0.472,1,0.000,0.000,0.000,0.000,0.000,0.000,0.030,-0.082
36.21,0.109,0,0.453,0.473,1,0.000,0.000,0.000,0.000,0.000,0.000,0.030,-0.083
36.41,0.111,0,0.453,0.473,1,0.000,0.000,0.000,0.000,0.000,0.000,0.023,-0.084
36.61,0.111,0,0.454,0.473,1,0.000,0.000,0.000,0.000,0.000,0.000,0.019,-0.082
36.81,0.108,0,0.454,0.473,1,0.000,0.000,0.000,0.000,0.000,0.000,0.019,-0.082
37.01,0.111,0,0.454,0.473,1,0.000,0.000,0.000,0.000,0.000,0.000,0.038,-0.091
37.21,0.108,0,0.453,0.472,1,0.000,0.000,0.000,0.000,0.000,0.000,0.013,-0.084
37.41,0.108,0,0.453,0.472,1,0.000,0.000,0.000,0.000,0.000,0.000,0.014,-0.084
37.61,0.109,0,0.894,0.473,0,0.000,0.000,0.000,0.000,0.000,0.000,0.033,-0.078
37.81,0.366,0,0.894,0.473,0,0.000,0.000,0.000,0.000,0.000,0.000,0.034,-0.089
38.01,0.112,0,0.894,0.473,0,0.000,0.000,0.000,0.000,0.000,0.000,0.022,-0.099
38.21,0.111,0,0.453,0.473,1,0.000,0.000,0.000,0.000,0.000,0.000,0.024,-0.090
38.41,0.108,0,0.453,0.473,1,0.000,0.000,0.000,0.000,0.000,0.000,0.023,-0.092
38.61,0.366,0,0.454,0.473,1,0.000,0.000,0.000,0.000,0.000,0.000,0.026,-0.095
38.81,0.109,0,0.454,0.473,1,0.000,0.000,0.000,0.000,0.000,0.000,0.031,-0.083
39.01,0.366,0,0.454,0.473,1,0.000,0.000,0.000,0.000,0.000,0.000,0.028,-0.080
39.21,0.109,0,0.453,0.473,1,0.000,0.000,0.000,0.000,0.000,0.000,0.013,-0.085
39.41,0.366,0,0.453,0.473,1,0.000,0.000,0.000,0.000,0.000,0.000,0.008,-0.081
39.61,0.111,0,0.453,0.473,1,0.000,0.000,0.000,0.000,0.000,0.000,0.033,-0.077
39.81,0.109,0,0.453,0.473,1,0.000,0.000,0.000,0.000,0.000,0.000,0.024,-0.080
40.01,0.108,0,0.453,0.473,1,0.000,0.000,0.000,0.000,0.000,0.000,0.008,-0.089
40.21,0.108,0,0.454,0.473,1,0.000,0.000,0.000,0.000,0.000,0.000,0.024,-0.076
40.41,0.366,0,0.454,0.473,1,0.000,0.000,0.000,0.000,0.000,0.000,0.038,-0.079
40.61,0.109,0,0.893,0.473,0,0.000,0.000,0.000,0.000,0.000,0.000,0.026,-0.081
40.81,0.111,0,0.893,0.473,0,0.000,0.000,0.000,0.000,0.000,0.000,0.017,-0.079
41.01,0.111,0,0.893,0.473,0,0.000,0.000,0.000,0.000,0.000,0.000,0.031,-0.081
41.21,0.111,0,0.454,0.473,1,0.000,0.000,0.000,0.000,0.000,0.000,0.034,-0.079
41.41,0.112,0,0.454,0.473,1,0.000,0.000,0.000,0.000,0.000,0.000,0.025,-0.078
41.61,0.112,0,0.453,0.473,1,0.000,0.000,0.000,0.000,0.000,0.000,0.020,-0.081
41.81,0.112,0,0.453,0.473,1,0.000,0.000,0.000,0.000,0.000,0.000,0.035,-0.087
42.01,0.108,0,0.453,0.473,1,0.000,0.000,0.000,0.000,0.000,0.000,0.030,-0.083
42.21,0.111,0,0.454,0.473,1,0.000,0.000,0.000,0.000,0.000,0.000,0.024,-0.074
42.41,0.108,0,0.454,0.473,1,0.000,0.000,0.000,0.000,0.000,0.000,0.030,-0.083
42.61,0.366,0,0.452,0.473,1,0.000,0.000,0.000,0.000,0.000,0.000,0.029,-0.084
42.81,0.108,0,0.452,0.473,1,0.000,0.000,0.000,0.000,0.000,0.000,0.011,-0.076
43.01,0.112,0,0.452,0.473,1,0.000,0.000,0.000,0.000,0.000,0.000,0.024,-0.080
43.21,0.108,0,0.762,0.473,0,0.000,0.000,0.000,0.000,0.000,0.000,0.037,-0.088
43.41,0.111,0,0.762,0.473,0,0.000,0.000,0.000,0.000,0.000,0.000,0.030,-0.083
43.61,0.108,0,0.454,0.473,1,0.000,0.000,0.000,0.000,0.000,0.000,0.014,-0.069
43.81,0.111,0,0.454,0.473,1,0.000,0.000,0.000,0.000,0.000,0.000,0.030,-0.073
44.01,0.111,0,0.454,0.473,1,0.000,0.000,0.000,0.000,0.000,0.000,0.035,-0.078
44.21,0.108,0,0.453,0.473,1,0.000,0.000,0.000,0.000,0.000,0.000,0.014,-0.074
44.41,0.366,0,0.453,0.473,1,0.000,0.000,0.000,0.000,0.000,0.000,0.018,-0.076
44.61,0.111,0,0.453,0.472,1,0.000,0.000,0.000,0.000,0.000,0.000,0.030,-0.072
44.81,0.111,0,0.453,0.472,1,0.000,0.000,0.000,0.000,0.000,0.000,0.026,-0.072
45.01,0.366,0,0.453,0.472,1,0.000,0.000,0.000,0.000,0.000,0.000,0.002,-0.067
45.21,0.108,0,0.448,0.473,1,0.000,0.000,0.000,0.000,0.000,0.000,0.011,-0.067
45.41,0.112,0,0.448,0.473,1,0.000,0.000,0.000,0.000,0.000,0.000,0.035,-0.068
45.61,0.112,0,0.454,0.473,1,0.000,0.000,0.000,0.000,0.000,0.000,0.038,-0.071
45.81,0.366,0,0.454,0.473,1,0.000,0.000,0.000,0.000,0.000,0.000,0.008,-0.067
46.01,0.108,0,0.454,0.473,1,0.000,0.000,0.000,0.000,0.000,0.000,0.014,-0.061
46.21,0.112,0,0.454,0.473,1,0.000,0.000,0.000,0.000,0.000,0.000,0.032,-0.062
46.41,0.111,0,0.454,0.473,1,0.000,0.000,0.000,0.000,0.000,0.000,0.042,-0.070
46.61,0.108,0,0.895,0.473,0,0.000,0.000,0.000,0.000,0.000,0.000,0.020,-0.065
46.81,0.112,0,0.895,0.473,0,0.000,0.000,0.000,0.000,0.000,0.000,0.024,-0.066
47.01,0.111,0,0.895,0.473,0,0.000,0.000,0.000,0.000,0.000,0.000,0.041,-0.073
47.21,0.111,0,0.454,0.473,1,0.000,0.000,0.000,0.000,0.000,0.000,0.038,-0.070
47.41,0.108,0,0.454,0.473,1,0.000,0.000,0.000,0.000,0.000,0.000,0.002,-0.067
47.61,0.108,0,0.449,0.473,1,0.000,0.000,0.000,0.000,0.000,0.000,-0.000,-0.065
47.81,0.109,0,0.449,0.473,1,0.000,0.000,0.000,0.000,0.000,0.000,0.029,-0.064
48.01,0.109,0,0.449,0.473,1,0.000,0.000,0.000,0.000,0.000,0.000,0.046,-0.070
48.21,0.111,0,0.454,0.473,1,0.000,0.000,0.000,0.000,0.000,0.000,0.032,-0.066
48.41,0.109,0,0.454,0.473,1,0.000,0.000,0.000,0.000,0.000,0.000,0.014,-0.066
48.61,0.108,0,0.895,0.472,0,0.000,0.000,0.000,0.000,0.000,0.000,0.027,-0.076
48.81,0.108,0,0.895,0.472,0,0.000,0.000,0.000,0.000,0.000,0.000,0.031,-0.071
49.01,0.108,0,0.895,0.472,0,0.000,0.000,0.000,0.000,0.000,0.000,0.011,-0.065
49.21,0.108,0,0.452,0.473,1,0.000,0.000,0.000,0.000,0.000,0.000,0.005,-0.064
49.41,0.108,0,0.452,0.473,1,0.000,0.000,0.000,0.000,0.000,0.000,0.006,-0.072
49.61,0.108,0,0.451,0.473,1,0.000,0.000,0.000,0.000,0.000,0.000,0.016,-0.077
49.81,0.108,0,0.451,0.473,1,0.000,0.000,0.000,0.000,0.000,0.000,0.012,-0.078
50.01,0.108,0,0.451,0.473,1,0.000,0.000,0.000,0.000,0.000,0.000,0.012,-0.078
50.21,0.109,0,0.452,0.473,1,0.000,0.000,0.000,0.000,0.000,0.000,0.034,-0.078
50.41,0.109,0,0.452,0.473,1,0.000,0.000,0.000,0.000,0.000,0.000,0.032,-0.078
50.61,0.109,0,0.453,0.472,1,0.000,0.000,0.000,0.000,0.000,0.000,0.017,-0.079
50.81,0.109,0,0.453,0.472,1,0.000,0.000,0.000,0.000,0.000,0.000,0.026,-0.086
51.01,0.108,0,0.453,0.472,1,0.000,0.000,0.000,0.000,0.000,0.000,0.026,-0.084
51.21,0.366,0,0.453,0.473,1,0.000,0.000,0.000,0.000,0.000,0.000,0.022,-0.085
51.41,0.112,0,0.453,0.473,1,0.000,0.000,0.000,0.000,0.000,0.000,0.031,-0.095
51.61,0.108,0,0.454,0.473,1,0.000,0.000,0.000,0.000,0.000,0.000,0.033,-0.088
51.81,0.108,0,0.454,0.473,1,0.000,0.000,0.000,0.000,0.000,0.000,0.027,-0.064
52.01,0.108,0,0.454,0.473,1,0.000,0.000,0.000,0.000,0.000,0.000,0.015,-0.076
52.21,0.109,0,0.452,0.473,1,0.000,0.000,0.000,0.000,0.000,0.000,0.025,-0.086
52.41,0.109,0,0.452,0.473,1,0.000,0.000,0.000,0.000,0.000,0.000,0.030,-0.086
52.61,0.108,0,0.452,0.473,1,0.000,0.000,0.000,0.000,0.000,0.000,0.015,-0.073
52.81,0.111,0,0.452,0.473,1,0.000,0.000,0.000,0.000,0.000,0.000,0.031,-0.079
53.01,0.366,0,0.452,0.473,1,0.000,0.000,0.000,0.000,0.000,0.000,0.027,-0.085
53.21,0.108,0,0.453,0.473,1,0.000,0.000,0.000,0.000,0.000,0.000,0.023,-0.075
53.41,0.111,0,0.453,0.473,1,0.000,0.000,0.000,0.000,0.000,0.000,0.027,-0.074
53.61,0.108,0,0.896,0.473,0,0.000,0.000,0.000,0.000,0.000,0.000,0.011,-0.068
53.81,0.108,0,0.896,0.473,0,0.000,0.000,0.000,0.000,0.000,0.000,0.001,-0.070
54.01,0.108,0,0.896,0.473,0,0.000,0.000,0.000,0.000,0.000,0.000,0.022,-0.075
54.21,0.108,0,0.454,0.473,1,0.000,0.000,0.000,0.000,0.000,0.000,0.043,-0.080
54.41,0.108,0,0.454,0.473,1,0.000,0.000,0.000,0.000,0.000,0.000,0.027,-0.077
54.61,0.108,0,0.453,0.473,1,0.000,0.000,0.000,0.000,0.000,0.000,0.025,-0.082
54.81,0.111,0,0.453,0.473,1,0.000,0.000,0.000,0.000,0.000,0.000,0.036,-0.086
55.01,0.108,0,0.453,0.473,1,0.000,0.000,0.000,0.000,0.000,0.000,0.030,-0.088
55.21,0.108,0,0.454,0.472,1,0.000,0.000,0.000,0.000,0.000,0.000,0.030,-0.089
55.41,0.108,0,0.454,0.472,1,0.000,0.000,0.000,0.000,0.000,0.000,0.028,-0.088
55.61,0.111,0,0.894,0.472,0,0.000,0.000,0.000,0.000,0.000,0.000,0.041,-0.093
55.81,0.108,0,0.894,0.472,0,0.000,0.000,0.000,0.000,0.000,0.000,0.042,-0.090
56.01,0.108,0,0.894,0.472,0,0.000,0.000,0.000,0.000,0.000,0.000,0.028,-0.087
56.21,0.108,0,0.455,0.473,1,0.000,0.000,0.000,0.000,0.000,0.000,0.014,-0.080
56.41,0.109,0,0.455,0.473,1,0.000,0.000,0.000,0.000,0.000,0.000,0.030,-0.072
56.61,0.111,0,0.454,0.473,1,0.000,0.000,0.000,0.000,0.000,0.000,0.043,-0.078
56.81,0.111,0,0.454,0.473,1,0.000,0.000,0.000,0.000,0.000,0.000,0.039,-0.089
57.01,0.108,0,0.454,0.473,1,0.000,0.000,0.000,0.000,0.000,0.000,0.031,-0.083
57.21,0.366,0,0.449,0.473,1,0.000,0.000,0.000,0.000,0.000,0.000,0.037,-0.077
57.41,0.109,0,0.449,0.473,1,0.000,0.000,0.000,0.000,0.000,0.000,0.041,-0.080
57.61,0.366,0,0.455,0.472,1,0.000,0.000,0.000,0.000,0.000,0.000,0.024,-0.082
57.81,0.108,0,0.455,0.472,1,0.000,0.000,0.000,0.000,0.000,0.000,0.031,-0.084
58.01,0.112,0,0.455,0.472,1,0.000,0.000,0.000,0.000,0.000,0.000,0.028,-0.088
58.21,0.109,0,0.448,0.473,1,0.000,0.000,0.000,0.000,0.000,0.000,0.018,-0.082
58.41,0.108,0,0.448,0.473,1,0.000,0.000,0.000,0.000,0.000,0.000,0.021,-0.083
58.61,0.108,0,0.895,0.473,0,0.000,0.000,0.000,0.000,0.000,0.000,0.034,-0.090
58.81,0.108,0,0.895,0.473,0,0.000,0.000,0.000,0.000,0.000,0.000,0.035,-0.096
59.01,0.108,0,0.895,0.473,0,0.000,0.000,0.000,0.000,0.000,0.000,0.033,-0.087
59.21,0.108,0,0.453,0.473,1,0.000,0.000,0.000,0.000,0.000,0.000,0.010,-0.087
59.41,0.108,0,0.453,0.473,1,0.000,0.000,0.000,0.000,0.000,0.000,0.014,-0.082
59.61,0.109,0,0.453,0.473,1,0.000,0.000,0.000,0.000,0.000,0.000,0.048,-0.097
59.81,0.111,0,0.453,0.473,1,0.000,0.000,0.000,0.000,0.000,0.000,0.047,-0.099
60.01,0.111,0,0.453,0.473,1,0.000,0.000,0.000,0.000,0.000,0.000,0.039,-0.096
60.21,0.109,0,0.454,0.473,1,0.000,0.000,0.000,0.000,0.000,0.000,0.038,-0.093
60.41,0.109,0,0.454,0.473,1,0.000,0.000,0.000,0.000,0.000,0.000,0.032,-0.088
60.61,0.366,0,0.453,0.473,1,0.000,0.000,0.000,0.000,0.000,0.000,0.029,-0.096
60.81,0.108,0,0.453,0.473,1,0.000,0.000,0.000,0.000,0.000,0.000,0.026,-0.095
61.01,0.366,0,0.453,0.473,1,0.000,0.000,0.000,0.000,0.000,0.000,0.028,-0.086
61.21,0.112,0,0.454,0.473,1,0.000,0.000,0.000,0.000,0.000,0.000,0.031,-0.092
61.41,0.108,0,0.454,0.473,1,0.000,0.000,0.000,0.000,0.000,0.000,0.029,-0.094
61.61,0.108,0,0.448,0.472,1,0.000,0.000,0.000,0.000,0.000,0.000,0.016,-0.082
61.81,0.109,0,0.448,0.472,1,0.000,0.000,0.000,0.000,0.000,0.000,0.030,-0.085
62.01,0.108,0,0.448,0.472,1,0.000,0.000,0.000,0.000,0.000,0.000,0.030,-0.086
62.21,0.111,0,0.893,0.473,0,0.000,0.000,0.000,0.000,0.000,0.000,0.034,-0.093
62.41,0.366,0,0.893,0.473,0,0.000,0.000,0.000,0.000,0.000,0.000,0.036,-0.098
62.61,0.111,0,0.454,0.473,1,0.000,0.000,0.000,0.000,0.000,0.000,0.039,-0.094
62.81,0.366,0,0.454,0.473,1,0.000,0.000,0.000,0.000,0.000,0.000,0.033,-0.087
63.01,0.111,0,0.454,0.473,1,0.000,0.000,0.000,0.000,0.000,0.000,0.039,-0.092
63.21,0.366,0,0.453,0.472,1,0.000,0.000,0.000,0.000,0.000,0.000,0.033,-0.095
63.41,0.108,0,0.453,0.472,1,0.000,0.000,0.000,0.000,0.000,0.000,0.026,-0.083
63.61,0.108,0,0.453,0.473,1,0.000,0.000,0.000,0.000,0.000,0.000,0.033,-0.080
63.81,0.111,0,0.453,0.473,1,0.000,0.000,0.000,0.000,0.000,0.000,0.043,-0.090
64.01,0.111,0,0.453,0.473,1,0.000,0.000,0.000,0.000,0.000,0.000,0.044,-0.096
64.21,0.108,0,0.453,0.473,1,0.000,0.000,0.000,0.000,0.000,0.000,0.023,-0.086
64.41,0.111,0,0.453,0.473,1,0.000,0.000,0.000,0.000,0.000,0.000,0.027,-0.081
64.61,0.366,0,0.453,0.472,1,0.000,0.000,0.000,0.000,0.000,0.000,0.034,-0.081
64.81,0.108,0,0.453,0.472,1,0.000,0.000,0.000,0.000,0.000,0.000,0.033,-0.083
65.01,0.111,0,0.453,0.472,1,0.000,0.000,0.000,0.000,0.000,0.000,0.043,-0.094
65.21,0.111,0,0.454,0.472,1,0.000,0.000,0.000,0.000,0.000,0.000,0.045,-0.096
65.41,0.112,0,0.454,0.472,1,0.000,0.000,0.000,0.000,0.000,0.000,0.036,-0.090
65.61,0.366,0,0.454,0.473,1,0.000,0.000,0.000,0.000,0.000,0.000,0.029,-0.086
65.81,0.108,0,0.454,0.473,1,0.000,0.000,0.000,0.000,0.000,0.000,0.026,-0.079
66.01,0.366,0,0.454,0.473,1,0.000,0.000,0.000,0.000,0.000,0.000,0.027,-0.075
66.21,0.111,0,0.453,0.472,1,0.000,0.000,0.000,0.000,0.000,0.000,0.039,-0.085
66.41,0.366,0,0.453,0.472,1,0.000,0.000,0.000,0.000,0.000,0.000,0.038,-0.085
66.61,0.109,0,0.453,0.472,1,0.000,0.000,0.000,0.000,0.000,0.000,0.037,-0.079
66.81,0.366,0,0.453,0.472,1,0.000,0.000,0.000,0.000,0.000,0.000,0.029,-0.078
67.01,0.109,0,0.453,0.472,1,0.000,0.000,0.000,0.000,0.000,0.000,0.024,-0.077
67.21,0.108,0,0.454,0.472,1,0.000,0.000,0.000,0.000,0.000,0.000,0.035,-0.081
67.41,0.366,0,0.454,0.472,1,0.000,0.000,0.000,0.000,0.000,0.000,0.028,-0.077
67.61,0.111,0,0.894,0.473,0,0.000,0.000,0.000,0.000,0.000,0.000,0.030,-0.079
67.81,0.366,0,0.894,0.473,0,0.000,0.000,0.000,0.000,0.000,0.000,0.045,-0.093
68.01,0.111,0,0.894,0.473,0,0.000,0.000,0.000,0.000,0.000,0.000,0.043,-0.093
68.21,0.108,0,0.453,0.472,1,0.000,0.000,0.000,0.000,0.000,0.000,0.025,-0.068
68.41,0.109,0,0.453,0.472,1,0.000,0.000,0.000,0.000,0.000,0.000,0.027,-0.069
68.61,0.112,0,0.454,0.473,1,0.000,0.000,0.000,0.000,0.000,0.000,0.032,-0.084
68.81,0.366,0,0.454,0.473,1,0.000,0.000,0.000,0.000,0.000,0.000,0.026,-0.080
69.01,0.112,0,0.454,0.473,1,0.000,0.000,0.000,0.000,0.000,0.000,0.035,-0.078
69.21,0.108,0,0.454,0.472,1,0.000,0.000,0.000,0.000,0.000,0.000,0.026,-0.080
69.41,0.109,0,0.454,0.472,1,0.000,0.000,0.000,0.000,0.000,0.000,0.026,-0.076
69.61,0.108,0,0.452,0.472,1,0.000,0.000,0.000,0.000,0.000,0.000,0.036,-0.075
69.81,0.366,0,0.452,0.472,1,0.000,0.000,0.000,0.000,0.000,0.000,0.029,-0.082
70.01,0.109,0,0.452,0.472,1,0.000,0.000,0.000,0.000,0.000,0.000,0.025,-0.085
70.21,0.112,0,0.895,0.472,0,0.000,0.000,0.000,0.000,0.000,0.000,0.031,-0.078
70.41,0.109,0,0.895,0.472,0,0.000,0.000,0.000,0.000,0.000,0.000,0.036,-0.076
70.61,0.112,0,0.453,0.472,1,0.000,0.000,0.000,0.000,0.000,0.000,0.029,-0.079
70.81,0.111,0,0.453,0.472,1,0.000,0.000,0.000,0.000,0.000,0.000,0.031,-0.077
71.01,0.108,0,0.453,0.472,1,0.000,0.000,0.000,0.000,0.000,0.000,0.036,-0.077
71.21,0.112,0,0.454,0.472,1,0.000,0.000,0.000,0.000,0.000,0.000,0.029,-0.080
71.41,0.108,0,0.454,0.472,1,0.000,0.000,0.000,0.000,0.000,0.000,0.032,-0.081
71.61,0.111,0,0.453,0.472,1,0.000,0.000,0.000,0.000,0.000,0.000,0.038,-0.078
71.81,0.111,0,0.453,0.472,1,0.000,0.000,0.000,0.000,0.000,0.000,0.026,-0.082
72.01,0.111,0,0.453,0.472,1,0.000,0.000,0.000,0.000,0.000,0.000,0.021,-0.082
72.21,0.111,0,0.456,0.472,1,0.000,0.000,0.000,0.000,0.000,0.000,0.022,-0.083
72.41,0.366,0,0.456,0.472,1,0.000,0.000,0.000,0.000,0.000,0.000,0.023,-0.088
72.61,0.109,0,0.895,0.473,0,0.000,0.000,0.000,0.000,0.000,0.000,0.025,-0.083
72.81,0.111,0,0.895,0.473,0,0.000,0.000,0.000,0.000,0.000,0.000,0.037,-0.075
73.01,0.109,0,0.895,0.473,0,0.000,0.000,0.000,0.000,0.000,0.000,0.023,-0.074
73.21,0.108,0,0.895,0.472,0,0.000,0.000,0.000,0.000,0.000,0.000,0.030,-0.071
73.41,0.111,0,0.895,0.472,0,0.000,0.000,0.000,0.000,0.000,0.000,0.041,-0.076
73.61,0.366,0,0.454,0.473,1,0.000,0.000,0.000,0.000,0.000,0.000,0.031,-0.087
73.81,0.111,0,0.454,0.473,1,0.000,0.000,0.000,0.000,0.000,0.000,0.018,-0.089
74.01,0.109,0,0.454,0.473,1,0.000,0.000,0.000,0.000,0.000,0.000,0.035,-0.081
74.21,0.366,0,0.453,0.473,1,0.000,0.000,0.000,0.000,0.000,0.000,0.037,-0.083
74.41,0.111,0,0.453,0.473,1,0.000,0.000,0.000,0.000,0.000,0.000,0.033,-0.087
74.61,0.109,0,0.455,0.472,1,0.000,0.000,0.000,0.000,0.000,0.000,0.031,-0.089
74.81,0.111,0,0.455,0.472,1,0.000,0.000,0.000,0.000,0.000,0.000,0.032,-0.085
75.01,0.108,0,0.455,0.472,1,0.000,0.000,0.000,0.000,0.000,0.000,0.027,-0.080
75.21,0.366,0,0.454,0.472,1,0.000,0.000,0.000,0.000,0.000,0.000,0.035,-0.082
75.41,0.111,0,0.454,0.472,1,0.000,0.000,0.000,0.000,0.000,0.000,0.041,-0.084
75.61,0.108,0,0.453,0.472,1,0.000,0.000,0.000,0.000,0.000,0.000,0.029,-0.090
75.81,0.366,0,0.453,0.472,1,0.000,0.000,0.000,0.000,0.000,0.000,0.022,-0.079
76.01,0.108,0,0.453,0.472,1,0.000,0.000,0.000,0.000,0.000,0.000,0.027,-0.070
76.21,0.111,0,0.453,0.472,1,0.000,0.000,0.000,0.000,0.000,0.000,0.037,-0.081
76.41,0.112,0,0.453,0.472,1,0.000,0.000,0.000,0.000,0.000,0.000,0.028,-0.085
76.61,0.109,0,0.894,0.473,0,0.000,0.000,0.000,0.000,0.000,0.000,0.028,-0.079
76.81,0.108,0,0.894,0.473,0,0.000,0.000,0.000,0.000,0.000,0.000,0.028,-0.077
77.01,0.111,0,0.894,0.473,0,0.000,0.000,0.000,0.000,0.000,0.000,0.027,-0.078
77.21,0.109,0,0.895,0.472,0,0.000,0.000,0.000,0.000,0.000,0.000,0.035,-0.080
77.41,0.366,0,0.895,0.472,0,0.000,0.000,0.000,0.000,0.000,0.000,0.036,-0.089
77.61,0.111,0,0.894,0.472,0,0.000,0.000,0.000,0.000,0.000,0.000,0.034,-0.087
77.81,0.108,0,0.894,0.472,0,0.000,0.000,0.000,0.000,0.000,0.000,0.034,-0.086
78.01,0.112,0,0.894,0.472,0,0.000,0.000,0.000,0.000,0.000,0.000,0.033,-0.083
78.21,0.109,0,0.455,0.472,1,0.000,0.000,0.000,0.000,0.000,0.000,0.033,-0.079
78.41,0.366,0,0.455,0.472,1,0.000,0.000,0.000,0.000,0.000,0.000,0.029,-0.083
78.61,0.109,0,0.454,0.472,1,0.000,0.000,0.000,0.000,0.000,0.000,0.034,-0.085
78.81,0.108,0,0.454,0.472,1,0.000,0.000,0.000,0.000,0.000,0.000,0.037,-0.087
79.01,0.366,0,0.454,0.472,1,0.000,0.000,0.000,0.000,0.000,0.000,0.028,-0.083
79.21,0.111,0,0.448,0.472,1,0.000,0.000,0.000,0.000,0.000,0.000,0.031,-0.075
79.41,0.108,0,0.448,0.472,1,0.000,0.000,0.000,0.000,0.000,0.000,0.031,-0.075
79.61,0.111,0,0.454,0.473,1,0.000,0.000,0.000,0.000,0.000,0.000,0.028,-0.082
79.81,0.108,0,0.454,0.473,1,0.000,0.000,0.000,0.000,0.000,0.000,0.030,-0.080
80.01,0.108,0,0.454,0.473,1,0.000,0.000,0.000,0.000,0.000,0.000,0.032,-0.078
80.21,0.112,0,0.454,0.472,1,0.000,0.000,0.000,0.000,0.000,0.000,0.029,-0.078
80.41,0.111,0,0.454,0.472,1,0.000,0.000,0.000,0.000,0.000,0.000,0.033,-0.073
80.61,0.108,0,0.453,0.472,1,0.000,0.000,0.000,0.000,0.000,0.000,0.036,-0.072
80.81,0.112,0,0.453,0.472,1,0.000,0.000,0.000,0.000,0.000,0.000,0.034,-0.073
81.01,0.108,0,0.453,0.472,1,0.000,0.000,0.000,0.000,0.000,0.000,0.032,-0.070
81.21,0.366,0,0.454,0.473,1,0.000,0.000,0.000,0.000,0.000,0.000,0.024,-0.075
81.41,0.111,0,0.454,0.473,1,0.000,0.000,0.000,0.000,0.000,0.000,0.023,-0.076
81.61,0.109,0,0.454,0.472,1,0.000,0.000,0.000,0.000,0.000,0.000,0.034,-0.078
81.81,0.111,0,0.454,0.472,1,0.000,0.000,0.000,0.000,0.000,0.000,0.033,-0.077
82.01,0.109,0,0.454,0.472,1,0.000,0.000,0.000,0.000,0.000,0.000,0.033,-0.074
82.21,0.108,0,0.453,0.472,1,0.000,0.000,0.000,0.000,0.000,0.000,0.029,-0.075
82.41,0.109,0,0.453,0.472,1,0.000,0.000,0.000,0.000,0.000,0.000,0.024,-0.065
82.61,0.108,0,0.459,0.472,1,0.000,0.000,0.000,0.000,0.000,0.000,0.032,-0.068
82.81,0.366,0,0.459,0.472,1,0.000,0.000,0.000,0.000,0.000,0.000,0.038,-0.078
83.01,0.109,0,0.459,0.472,1,0.000,0.000,0.000,0.000,0.000,0.000,0.034,-0.075
83.21,0.108,0,0.896,0.473,0,0.000,0.000,0.000,0.000,0.000,0.000,0.035,-0.065
83.41,0.366,0,0.896,0.473,0,0.000,0.000,0.000,0.000,0.000,0.000,0.030,-0.073
83.61,0.109,0,0.449,0.472,1,0.000,0.000,0.000,0.000,0.000,0.000,0.029,-0.077
83.81,0.112,0,0.449,0.472,1,0.000,0.000,0.000,0.000,0.000,0.000,0.037,-0.077
84.01,0.111,0,0.449,0.472,1,0.000,0.000,0.000,0.000,0.000,0.000,0.034,-0.070
84.21,0.108,0,0.895,0.472,0,0.000,0.000,0.000,0.000,0.000,0.000,0.033,-0.071
84.41,0.366,0,0.895,0.472,0,0.000,0.000,0.000,0.000,0.000,0.000,0.027,-0.073
84.61,0.112,0,0.895,0.472,0,0.000,0.000,0.000,0.000,0.000,0.000,0.025,-0.068
84.81,0.112,0,0.895,0.472,0,0.000,0.000,0.000,0.000,0.000,0.000,0.038,-0.072
85.01,0.366,0,0.895,0.472,0,0.000,0.000,0.000,0.000,0.000,0.000,0.043,-0.081
85.21,0.108,0,0.453,0.472,1,0.000,0.000,0.000,0.000,0.000,0.000,0.030,-0.076
85.41,0.109,0,0.453,0.472,1,0.000,0.000,0.000,0.000,0.000,0.000,0.038,-0.079
85.61,0.108,0,0.453,0.472,1,0.000,0.000,0.000,0.000,0.000,0.000,0.046,-0.074
85.81,0.108,0,0.453,0.472,1,0.000,0.000,0.000,0.000,0.000,0.000,0.043,-0.064
86.02,0.108,0,0.453,0.472,1,0.000,0.000,0.000,0.000,0.000,0.000,0.030,-0.079
86.21,0.111,0,0.453,0.472,1,0.000,0.000,0.000,0.000,0.000,0.000,0.026,-0.078
86.41,0.111,0,0.453,0.472,1,0.000,0.000,0.000,0.000,0.000,0.000,0.034,-0.068
86.61,0.108,0,0.452,0.473,1,0.000,0.000,0.000,0.000,0.000,0.000,0.041,-0.075
86.81,0.111,0,0.452,0.473,1,0.000,0.000,0.000,0.000,0.000,0.000,0.040,-0.082
87.01,0.108,0,0.452,0.473,1,0.000,0.000,0.000,0.000,0.000,0.000,0.033,-0.077
87.21,0.366,0,0.454,0.472,1,0.000,0.000,0.000,0.000,0.000,0.000,0.025,-0.066
87.41,0.112,0,0.454,0.472,1,0.000,0.000,0.000,0.000,0.000,0.000,0.025,-0.067
87.61,0.108,0,0.453,0.472,1,0.000,0.000,0.000,0.000,0.000,0.000,0.030,-0.068
87.81,0.108,0,0.453,0.472,1,0.000,0.000,0.000,0.000,0.000,0.000,0.038,-0.073
88.01,0.108,0,0.453,0.472,1,0.000,0.000,0.000,0.000,0.000,0.000,0.033,-0.075
88.21,0.108,0,0.455,0.473,1,0.000,0.000,0.000,0.000,0.000,0.000,0.028,-0.058
88.41,0.366,0,0.455,0.473,1,0.000,0.000,0.000,0.000,0.000,0.000,0.036,-0.046
88.61,0.108,0,0.896,0.472,0,0.000,0.000,0.000,0.000,0.000,0.000,0.041,-0.062
88.81,0.112,0,0.896,0.472,0,0.000,0.000,0.000,0.000,0.000,0.000,0.042,-0.076
89.01,0.109,0,0.896,0.472,0,0.000,0.000,0.000,0.000,0.000,0.000,0.035,-0.067
89.21,0.112,0,0.895,0.473,0,0.000,0.000,0.000,0.000,0.000,0.000,0.032,-0.067
89.41,0.366,0,0.895,0.473,0,0.000,0.000,0.000,0.000,0.000,0.000,0.033,-0.066
89.61,0.111,0,0.894,0.472,0,0.000,0.000,0.000,0.000,0.000,0.000,0.034,-0.067
89.81,0.109,0,0.894,0.472,0,0.000,0.000,0.000,0.000,0.000,0.000,0.034,-0.082
90.01,0.366,0,0.894,0.472,0,0.000,0.000,0.000,0.000,0.000,0.000,0.033,-0.077
90.21,0.109,0,0.449,0.472,1,0.000,0.000,0.000,0.000,0.000,0.000,0.031,-0.070
90.41,0.108,0,0.449,0.472,1,0.000,0.000,0.000,0.000,0.000,0.000,0.035,-0.074
90.61,0.112,0,0.454,0.473,1,0.000,0.000,0.000,0.000,0.000,0.000,0.031,-0.083
90.81,0.108,0,0.454,0.473,1,0.000,0.000,0.000,0.000,0.000,0.000,0.026,-0.079
91.01,0.108,0,0.454,0.473,1,0.000,0.000,0.000,0.000,0.000,0.000,0.028,-0.077
91.21,0.366,0,0.453,0.473,1,0.000,0.000,0.000,0.000,0.000,0.000,0.033,-0.069
91.41,0.109,0,0.453,0.473,1,0.000,0.000,0.000,0.000,0.000,0.000,0.032,-0.072
91.61,0.108,0,0.451,0.473,1,0.000,0.000,0.000,0.000,0.000,0.000,0.040,-0.083
91.81,0.366,0,0.451,0.473,1,0.000,0.000,0.000,0.000,0.000,0.000,0.035,-0.077
92.01,0.112,0,0.451,0.473,1,0.000,0.000,0.000,0.000,0.000,0.000,0.028,-0.068
92.21,0.111,0,0.458,0.472,1,0.000,0.000,0.000,0.000,0.000,0.000,0.037,-0.077
92.41,0.366,0,0.458,0.472,1,0.000,0.000,0.000,0.000,0.000,0.000,0.038,-0.074
92.61,0.108,0,0.459,0.472,1,0.000,0.000,0.000,0.000,0.000,0.000,0.033,-0.070
92.81,0.111,0,0.459,0.472,1,0.000,0.000,0.000,0.000,0.000,0.000,0.036,-0.074
93.01,0.108,0,0.459,0.472,1,0.000,0.000,0.000,0.000,0.000,0.000,0.032,-0.071
93.21,0.111,0,0.894,0.473,0,0.000,0.000,0.000,0.000,0.000,0.000,0.032,-0.078
93.41,0.366,0,0.894,0.473,0,0.000,0.000,0.000,0.000,0.000,0.000,0.026,-0.070
93.61,0.112,0,0.895,0.473,0,0.000,0.000,0.000,0.000,0.000,0.000,0.022,-0.064
93.81,0.112,0,0.895,0.473,0,0.000,0.000,0.000,0.000,0.000,0.000,0.034,-0.089
94.01,0.366,0,0.895,0.473,0,0.000,0.000,0.000,0.000,0.000,0.000,0.037,-0.092
94.21,0.111,0,0.455,0.472,1,0.000,0.000,0.000,0.000,0.000,0.000,0.031,-0.080
94.42,0.108,0,0.455,0.472,1,0.000,0.000,0.000,0.000,0.000,0.000,0.011,-0.066
94.61,0.112,0,0.454,0.473,1,0.000,0.000,0.000,0.000,0.000,0.000,0.010,-0.059
94.81,0.111,0,0.454,0.473,1,0.000,0.000,0.000,0.000,0.000,0.000,0.018,-0.062
95.01,0.109,0,0.454,0.473,1,0.000,0.000,0.000,0.000,0.000,0.000,0.021,-0.063
95.21,0.366,0,0.453,0.473,1,0.000,0.000,0.000,0.000,0.000,0.000,0.013,-0.067
95.41,0.111,0,0.453,0.473,1,0.000,0.000,0.000,0.000,0.000,0.000,0.019,-0.065
95.61,0.108,0,0.449,0.473,1,0.000,0.000,0.000,0.000,0.000,0.000,0.018,-0.062
95.81,0.109,0,0.449,0.473,1,0.000,0.000,0.000,0.000,0.000,0.000,0.016,-0.068
96.01,0.108,0,0.449,0.473,1,0.000,0.000,0.000,0.000,0.000,0.000,0.024,-0.066
96.21,0.366,0,0.454,0.473,1,0.000,0.000,0.000,0.000,0.000,0.000,0.027,-0.068
96.41,0.108,0,0.454,0.473,1,0.000,0.000,0.000,0.000,0.000,0.000,0.024,-0.067
96.61,0.108,0,0.451,0.473,1,0.000,0.000,0.000,0.000,0.000,0.000,0.035,-0.071
96.81,0.108,0,0.451,0.473,1,0.000,0.000,0.000,0.000,0.000,0.000,0.036,-0.072
97.01,0.108,0,0.451,0.473,1,0.000,0.000,0.000,0.000,0.000,0.000,0.024,-0.069
97.21,0.111,0,0.894,0.473,0,0.000,0.000,0.000,0.000,0.000,0.000,0.032,-0.073
97.41,0.108,0,0.894,0.473,0,0.000,0.000,0.000,0.000,0.000,0.000,0.034,-0.075
97.61,0.366,0,0.454,0.473,1,0.000,0.000,0.000,0.000,0.000,0.000,0.023,-0.070
97.81,0.111,0,0.454,0.473,1,0.000,0.000,0.000,0.000,0.000,0.000,0.025,-0.059
98.01,0.111,0,0.454,0.473,1,0.000,0.000,0.000,0.000,0.000,0.000,0.028,-0.063
98.21,0.108,0,0.449,0.473,1,0.000,0.000,0.000,0.000,0.000,0.000,0.025,-0.074
98.41,0.109,0,0.449,0.473,1,0.000,0.000,0.000,0.000,0.000,0.000,0.017,-0.065
98.61,0.111,0,0.463,0.472,1,0.000,0.000,0.000,0.000,0.000,0.000,0.026,-0.064
98.81,0.109,0,0.463,0.472,1,0.000,0.000,0.000,0.000,0.000,0.000,0.030,-0.073
99.01,0.108,0,0.463,0.472,1,0.000,0.000,0.000,0.000,0.000,0.000,0.027,-0.085
99.21,0.112,0,0.893,0.473,0,0.000,0.000,0.000,0.000,0.000,0.000,0.027,-0.072
99.41,0.108,0,0.893,0.473,0,0.000,0.000,0.000,0.000,0.000,0.000,0.033,-0.077
99.61,0.111,0,0.453,0.473,1,0.000,0.000,0.000,0.000,0.000,0.000,0.029,-0.072
99.81,0.108,0,0.453,0.473,1,0.000,0.000,0.000,0.000,0.000,0.000,0.027,-0.065
100.01,0.112,0,0.453,0.473,1,0.000,0.000,0.000,0.000,0.000,0.000,0.023,-0.068
100.21,0.357,0,0.454,0.473,1,0.000,0.000,0.000,0.000,0.000,0.000,0.026,-0.071
100.41,0.108,0,0.454,0.473,1,0.000,0.000,0.000,0.000,0.000,0.000,0.026,-0.067
100.61,0.108,0,0.454,0.472,1,0.000,0.000,0.000,0.000,0.000,0.000,0.026,-0.072
100.81,0.366,0,0.454,0.472,1,0.000,0.000,0.000,0.000,0.000,0.000,0.037,-0.073
101.01,0.108,0,0.454,0.472,1,0.000,0.000,0.000,0.000,0.000,0.000,0.036,-0.081
101.21,0.112,0,0.454,0.472,1,0.000,0.000,0.000,0.000,0.000,0.000,0.035,-0.080
101.41,0.112,0,0.454,0.472,1,0.000,0.000,0.000,0.000,0.000,0.000,0.030,-0.074
101.62,0.109,0,0.894,0.473,0,0.000,0.000,0.000,0.000,0.000,0.000,0.016,-0.072
101.81,0.111,0,0.894,0.473,0,0.000,0.000,0.000,0.000,0.000,0.000,0.025,-0.075
102.01,0.366,0,0.894,0.473,0,0.000,0.000,0.000,0.000,0.000,0.000,0.023,-0.073
102.21,0.112,0,0.454,0.473,1,0.000,0.000,0.000,0.000,0.000,0.000,0.018,-0.070
102.41,0.111,0,0.454,0.473,1,0.000,0.000,0.000,0.000,0.000,0.000,0.026,-0.088
102.61,0.108,0,0.454,0.473,1,0.000,0.000,0.000,0.000,0.000,0.000,0.031,-0.094
102.81,0.111,0,0.454,0.473,1,0.000,0.000,0.000,0.000,0.000,0.000,0.024,-0.084
103.01,0.111,0,0.454,0.473,1,0.000,0.000,0.000,0.000,0.000,0.000,0.024,-0.078
103.21,0.108,0,0.454,0.473,1,0.000,0.000,0.000,0.000,0.000,0.000,0.020,-0.093
103.41,0.109,0,0.454,0.473,1,0.000,0.000,0.000,0.000,0.000,0.000,0.026,-0.085
103.61,0.108,0,0.449,0.473,1,0.000,0.000,0.000,0.000,0.000,0.000,0.026,-0.086
103.81,0.366,0,0.449,0.473,1,0.000,0.000,0.000,0.000,0.000,0.000,0.025,-0.086
104.01,0.111,0,0.449,0.473,1,0.000,0.000,0.000,0.000,0.000,0.000,0.026,-0.081
104.21,0.109,0,0.455,0.473,1,0.000,0.000,0.000,0.000,0.000,0.000,0.034,-0.092
104.41,0.366,0,0.455,0.473,1,0.000,0.000,0.000,0.000,0.000,0.000,0.031,-0.088
104.61,0.108,0,0.449,0.473,1,0.000,0.000,0.000,0.000,0.000,0.000,0.023,-0.084
104.81,0.112,0,0.449,0.473,1,0.000,0.000,0.000,0.000,0.000,0.000,0.029,-0.087
105.01,0.366,0,0.449,0.473,1,0.000,0.000,0.000,0.000,0.000,0.000,0.031,-0.083
105.21,0.111,0,0.454,0.472,1,0.000,0.000,0.000,0.000,0.000,0.000,0.022,-0.077
105.41,0.111,0,0.454,0.472,1,0.000,0.000,0.000,0.000,0.000,0.000,0.019,-0.076
105.61,0.366,0,0.453,0.472,1,0.000,0.000,0.000,0.000,0.000,0.000,0.025,-0.074
105.81,0.109,0,0.453,0.472,1,0.000,0.000,0.000,0.000,0.000,0.000,0.031,-0.070
106.01,0.108,0,0.453,0.472,1,0.000,0.000,0.000,0.000,0.000,0.000,0.035,-0.071
106.21,0.366,0,0.454,0.472,1,0.000,0.000,0.000,0.000,0.000,0.000,0.035,-0.074
106.41,0.108,0,0.454,0.472,1,0.000,0.000,0.000,0.000,0.000,0.000,0.034,-0.071
106.61,0.108,0,0.894,0.472,0,0.000,0.000,0.000,0.000,0.000,0.000,0.034,-0.070
106.81,0.108,0,0.894,0.472,0,0.000,0.000,0.000,0.000,0.000,0.000,0.035,-0.077
107.01,0.346,0,0.894,0.472,0,0.000,0.000,0.000,0.000,0.000,0.000,0.034,-0.085
107.22,0.108,0,0.453,0.473,1,0.000,0.000,0.000,0.000,0.000,0.000,0.031,-0.093
107.41,0.111,0,0.453,0.473,1,0.000,0.000,0.000,0.000,0.000,0.000,0.042,-0.103
107.61,0.108,0,0.895,0.473,0,0.000,0.000,0.000,0.000,0.000,0.000,0.028,-0.111
107.81,0.108,0,0.895,0.473,0,0.000,0.000,0.000,0.000,0.000,0.000,0.029,-0.110
108.01,0.276,0,0.895,0.473,0,0.000,0.000,0.000,0.000,0.000,0.000,0.037,-0.091
108.21,0.112,0,0.454,0.473,1,0.000,0.000,0.000,0.000,0.000,0.000,0.032,-0.082
108.41,0.109,0,0.454,0.473,1,0.000,0.000,0.000,0.000,0.000,0.000,0.030,-0.075
108.61,0.112,0,0.454,0.473,1,0.000,0.000,0.000,0.000,0.000,0.000,0.029,-0.072
108.81,0.108,0,0.454,0.473,1,0.000,0.000,0.000,0.000,0.000,0.000,0.039,-0.074
109.01,0.108,0,0.454,0.473,1,0.000,0.000,0.000,0.000,0.000,0.000,0.044,-0.079
109.21,0.366,0,0.453,0.473,1,0.000,0.000,0.000,0.000,0.000,0.000,0.034,-0.071
109.41,0.111,0,0.453,0.473,1,0.000,0.000,0.000,0.000,0.000,0.000,0.026,-0.063
109.61,0.111,0,0.454,0.473,1,0.000,0.000,0.000,0.000,0.000,0.000,0.038,-0.070
109.81,0.108,0,0.454,0.473,1,0.000,0.000,0.000,0.000,0.000,0.000,0.042,-0.078
110.01,0.109,0,0.454,0.473,1,0.000,0.000,0.000,0.000,0.000,0.000,0.018,-0.074
110.21,0.108,0,0.895,0.473,0,0.000,0.000,0.000,0.000,0.000,0.000,0.021,-0.067
110.41,0.111,0,0.895,0.473,0,0.000,0.000,0.000,0.000,0.000,0.000,0.042,-0.070
110.61,0.366,0,0.453,0.473,1,0.000,0.000,0.000,0.000,0.000,0.000,0.039,-0.075
110.81,0.108,0,0.453,0.473,1,0.000,0.000,0.000,0.000,0.000,0.000,0.026,-0.067
111.01,0.108,0,0.453,0.473,1,0.000,0.000,0.000,0.000,0.000,0.000,0.025,-0.061
111.21,0.108,0,0.453,0.473,1,0.000,0.000,0.000,0.000,0.000,0.000,0.039,-0.075
111.41,0.366,0,0.453,0.473,1,0.000,0.000,0.000,0.000,0.000,0.000,0.032,-0.084
111.61,0.108,0,0.457,0.473,1,0.000,0.000,0.000,0.000,0.000,0.000,0.026,-0.073
111.81,0.112,0,0.457,0.473,1,0.000,0.000,0.000,0.000,0.000,0.000,0.027,-0.065
112.02,0.366,0,0.457,0.473,1,0.000,0.000,0.000,0.000,0.000,0.000,0.029,-0.066
112.21,0.108,0,0.454,0.473,1,0.000,0.000,0.000,0.000,0.000,0.000,0.024,-0.068
112.41,0.109,0,0.454,0.473,1,0.000,0.000,0.000,0.000,0.000,0.000,0.027,-0.063
112.61,0.109,0,0.454,0.473,1,0.000,0.000,0.000,0.000,0.000,0.000,0.023,-0.069
112.81,0.111,0,0.454,0.473,1,0.000,0.000,0.000,0.000,0.000,0.000,0.029,-0.067
113.01,0.109,0,0.454,0.473,1,0.000,0.000,0.000,0.000,0.000,0.000,0.038,-0.063
113.21,0.109,0,0.453,0.473,1,0.000,0.000,0.000,0.000,0.000,0.000,0.030,-0.067
113.41,0.366,0,0.453,0.473,1,0.000,0.000,0.000,0.000,0.000,0.000,0.039,-0.071
113.61,0.109,0,0.895,0.473,0,0.000,0.000,0.000,0.000,0.000,0.000,0.042,-0.067
113.81,0.109,0,0.895,0.473,0,0.000,0.000,0.000,0.000,0.000,0.000,0.045,-0.065
114.01,0.366,0,0.895,0.473,0,0.000,0.000,0.000,0.000,0.000,0.000,0.043,-0.074
114.21,0.366,0,0.454,0.473,1,0.000,0.000,0.000,0.000,0.000,0.000,0.048,-0.074
114.41,0.112,0,0.454,0.473,1,0.000,0.000,0.000,0.000,0.000,0.000,0.046,-0.066
114.61,0.111,0,0.453,0.473,1,0.000,0.000,0.000,0.000,0.000,0.000,0.042,-0.065
114.81,0.108,0,0.453,0.473,1,0.000,0.000,0.000,0.000,0.000,0.000,0.044,-0.071
115.01,0.366,0,0.453,0.473,1,0.000,0.000,0.000,0.000,0.000,0.000,0.044,-0.066
115.21,0.111,0,0.453,0.473,1,0.000,0.000,0.000,0.000,0.000,0.000,0.046,-0.066
115.41,0.111,0,0.453,0.473,1,0.000,0.000,0.000,0.000,0.000,0.000,0.054,-0.073
115.61,0.108,0,0.453,0.473,1,0.000,0.000,0.000,0.000,0.000,0.000,0.055,-0.077
115.81,0.112,0,0.453,0.473,1,0.000,0.000,0.000,0.000,0.000,0.000,0.045,-0.074
116.01,0.111,0,0.453,0.473,1,0.000,0.000,0.000,0.000,0.000,0.000,0.048,-0.060
116.21,0.111,0,0.452,0.473,1,0.000,0.000,0.000,0.000,0.000,0.000,0.042,-0.065
116.41,0.366,0,0.452,0.473,1,0.000,0.000,0.000,0.000,0.000,0.000,0.038,-0.067
116.61,0.108,0,0.451,0.473,1,0.000,0.000,0.000,0.000,0.000,0.000,0.041,-0.063
116.81,0.111,0,0.451,0.473,1,0.000,0.000,0.000,0.000,0.000,0.000,0.045,-0.061
117.01,0.108,0,0.451,0.473,1,0.000,0.000,0.000,0.000,0.000,0.000,0.042,-0.077
117.21,0.109,0,0.453,0.473,1,0.000,0.000,0.000,0.000,0.000,0.000,0.039,-0.060
117.41,0.109,0,0.453,0.473,1,0.000,0.000,0.000,0.000,0.000,0.000,0.042,-0.057
117.61,0.111,0,0.453,0.473,1,0.000,0.000,0.000,0.000,0.000,0.000,0.048,-0.068
117.81,0.366,0,0.453,0.473,1,0.000,0.000,0.000,0.000,0.000,0.000,0.051,-0.077
118.01,0.112,0,0.453,0.473,1,0.000,0.000,0.000,0.000,0.000,0.000,0.042,-0.068
118.21,0.112,0,0.892,0.473,0,0.000,0.000,0.000,0.000,0.000,0.000,0.044,-0.061
118.41,0.109,0,0.892,0.473,0,0.000,0.000,0.000,0.000,0.000,0.000,0.047,-0.080
118.61,0.366,0,0.454,0.473,1,0.000,0.000,0.000,0.000,0.000,0.000,0.037,-0.088
118.81,0.108,0,0.454,0.473,1,0.000,0.000,0.000,0.000,0.000,0.000,0.036,-0.075
119.01,0.108,0,0.454,0.473,1,0.000,0.000,0.000,0.000,0.000,0.000,0.053,-0.092
119.21,0.108,0,0.454,0.473,1,0.000,0.000,0.000,0.000,0.000,0.000,0.055,-0.085
119.41,0.108,0,0.454,0.473,1,0.000,0.000,0.000,0.000,0.000,0.000,0.038,-0.070
119.61,0.108,0,0.454,0.473,1,0.000,0.000,0.000,0.000,0.000,0.000,0.030,-0.067
119.81,0.112,0,0.454,0.473,1,0.000,0.000,0.000,0.000,0.000,0.000,0.046,-0.073
120.01,0.108,0,0.454,0.473,1,0.000,0.000,0.000,0.000,0.000,0.000,0.055,-0.078
120.21,0.112,0,0.454,0.473,1,0.000,0.000,0.000,0.000,0.000,0.000,0.044,-0.072
120.41,0.112,0,0.454,0.473,1,0.000,0.000,0.000,0.000,0.000,0.000,0.036,-0.076
120.61,0.108,0,0.897,0.473,0,0.000,0.000,0.000,0.000,0.000,0.000,0.051,-0.086
120.81,0.109,0,0.897,0.473,0,0.000,0.000,0.000,0.000,0.000,0.000,0.053,-0.085
121.01,0.366,0,0.897,0.473,0,0.000,0.000,0.000,0.000,0.000,0.000,0.053,-0.081
121.21,0.111,0,0.454,0.472,1,0.000,0.000,0.000,0.000,0.000,0.000,0.051,-0.075
121.41,0.108,0,0.454,0.472,1,0.000,0.000,0.000,0.000,0.000,0.000,0.062,-0.073
121.61,0.108,0,0.448,0.473,1,0.000,0.000,0.000,0.000,0.000,0.000,0.051,-0.088
121.81,0.366,0,0.448,0.473,1,0.000,0.000,0.000,0.000,0.000,0.000,0.040,-0.085
122.01,0.109,0,0.448,0.473,1,0.000,0.000,0.000,0.000,0.000,0.000,0.046,-0.087
122.21,0.109,0,0.461,0.473,1,0.000,0.000,0.000,0.000,0.000,0.000,0.060,-0.091
122.41,0.108,0,0.461,0.473,1,0.000,0.000,0.000,0.000,0.000,0.000,0.054,-0.094
122.61,0.112,0,0.894,0.473,0,0.000,0.000,0.000,0.000,0.000,0.000,0.039,-0.077
122.81,0.111,0,0.894,0.473,0,0.000,0.000,0.000,0.000,0.000,0.000,0.036,-0.075
123.01,0.366,0,0.894,0.473,0,0.000,0.000,0.000,0.000,0.000,0.000,0.036,-0.082
123.21,0.109,0,0.452,0.473,1,0.000,0.000,0.000,0.000,0.000,0.000,0.030,-0.076
123.41,0.112,0,0.452,0.473,1,0.000,0.000,0.000,0.000,0.000,0.000,0.033,-0.078
123.61,0.108,0,0.452,0.473,1,0.000,0.000,0.000,0.000,0.000,0.000,0.038,-0.075
123.81,0.108,0,0.452,0.473,1,0.000,0.000,0.000,0.000,0.000,0.000,0.033,-0.065
124.02,0.108,0,0.452,0.473,1,0.000,0.000,0.000,0.000,0.000,0.000,0.035,-0.065
124.21,0.112,0,0.453,0.473,1,0.000,0.000,0.000,0.000,0.000,0.000,0.039,-0.066
124.42,0.108,0,0.453,0.473,1,0.000,0.000,0.000,0.000,0.000,0.000,0.032,-0.067
124.62,0.111,0,0.454,0.473,1,0.000,0.000,0.000,0.000,0.000,0.000,0.029,-0.061
124.82,0.111,0,0.454,0.473,1,0.000,0.000,0.000,0.000,0.000,0.000,0.030,-0.059
125.01,0.111,0,0.454,0.473,1,0.000,0.000,0.000,0.000,0.000,0.000,0.036,-0.067
125.21,0.366,0,0.453,0.472,1,0.000,0.000,0.000,0.000,0.000,0.000,0.034,-0.061
125.41,0.111,0,0.453,0.472,1,0.000,0.000,0.000,0.000,0.000,0.000,0.028,-0.055
125.62,0.108,0,0.449,0.473,1,0.000,0.000,0.000,0.000,0.000,0.000,0.022,-0.060
125.81,0.366,0,0.449,0.473,1,0.000,0.000,0.000,0.000,0.000,0.000,0.034,-0.061
126.01,0.111,0,0.449,0.473,1,0.000,0.000,0.000,0.000,0.000,0.000,0.034,-0.063
126.22,0.111,0,0.456,0.473,1,0.000,0.000,0.000,0.000,0.000,0.000,0.034,-0.067
126.41,0.366,0,0.456,0.473,1,0.000,0.000,0.000,0.000,0.000,0.000,0.032,-0.066
126.62,0.108,0,0.449,0.473,1,0.000,0.000,0.000,0.000,0.000,0.000,0.027,-0.058
126.81,0.108,0,0.449,0.473,1,0.000,0.000,0.000,0.000,0.000,0.000,0.029,-0.064
127.01,0.109,0,0.449,0.473,1,0.000,0.000,0.000,0.000,0.000,0.000,0.033,-0.076
127.21,0.366,0,0.449,0.473,1,0.000,0.000,0.000,0.000,0.000,0.000,0.031,-0.068
127.41,0.111,0,0.449,0.473,1,0.000,0.000,0.000,0.000,0.000,0.000,0.034,-0.061
127.61,0.108,0,0.453,0.473,1,0.000,0.000,0.000,0.000,0.000,0.000,0.039,-0.067
127.81,0.366,0,0.453,0.473,1,0.000,0.000,0.000,0.000,0.000,0.000,0.031,-0.072
128.01,0.108,0,0.453,0.473,1,0.000,0.000,0.000,0.000,0.000,0.000,0.033,-0.067
128.21,0.112,0,0.895,0.473,0,0.000,0.000,0.000,0.000,0.000,0.000,0.042,-0.064
128.41,0.111,0,0.895,0.473,0,0.000,0.000,0.000,0.000,0.000,0.000,0.044,-0.070
128.61,0.112,0,0.454,0.473,1,0.000,0.000,0.000,0.000,0.000,0.000,0.038,-0.070
128.81,0.111,0,0.454,0.473,1,0.000,0.000,0.000,0.000,0.000,0.000,0.040,-0.067
129.01,0.109,0,0.454,0.473,1,0.000,0.000,0.000,0.000,0.000,0.000,0.051,-0.070
129.21,0.109,0,0.448,0.473,1,0.000,0.000,0.000,0.000,0.000,0.000,0.040,-0.076
129.41,0.112,0,0.448,0.473,1,0.000,0.000,0.000,0.000,0.000,0.000,0.037,-0.071
129.61,0.111,0,0.894,0.473,0,0.000,0.000,0.000,0.000,0.000,0.000,0.045,-0.066
129.81,0.109,0,0.894,0.473,0,0.000,0.000,0.000,0.000,0.000,0.000,0.047,-0.067
130.01,0.112,0,0.894,0.473,0,0.000,0.000,0.000,0.000,0.000,0.000,0.043,-0.071
130.21,0.112,0,0.449,0.472,1,0.000,0.000,0.000,0.000,0.000,0.000,0.043,-0.067
130.41,0.112,0,0.449,0.472,1,0.000,0.000,0.000,0.000,0.000,0.000,0.048,-0.065
130.61,0.112,0,0.453,0.473,1,0.000,0.000,0.000,0.000,0.000,0.000,0.039,-0.063
130.81,0.109,0,0.453,0.473,1,0.000,0.000,0.000,0.000,0.000,0.000,0.036,-0.062
131.01,0.109,0,0.453,0.473,1,0.000,0.000,0.000,0.000,0.000,0.000,0.046,-0.071
131.21,0.111,0,0.454,0.472,1,0.000,0.000,0.000,0.000,0.000,0.000,0.048,-0.073
131.41,0.109,0,0.454,0.472,1,0.000,0.000,0.000,0.000,0.000,0.000,0.050,-0.070
131.61,0.108,0,0.453,0.473,1,0.000,0.000,0.000,0.000,0.000,0.000,0.047,-0.083
131.81,0.112,0,0.453,0.473,1,0.000,0.000,0.000,0.000,0.000,0.000,0.042,-0.067
132.01,0.112,0,0.453,0.473,1,0.000,0.000,0.000,0.000,0.000,0.000,0.046,-0.060
132.21,0.108,0,0.894,0.473,0,0.000,0.000,0.000,0.000,0.000,0.000,0.057,-0.081
132.41,0.366,0,0.894,0.473,0,0.000,0.000,0.000,0.000,0.000,0.000,0.057,-0.078
132.61,0.112,0,0.894,0.473,0,0.000,0.000,0.000,0.000,0.000,0.000,0.047,-0.068
132.81,0.111,0,0.894,0.473,0,0.000,0.000,0.000,0.000,0.000,0.000,0.048,-0.069
133.01,0.112,0,0.894,0.473,0,0.000,0.000,0.000,0.000,0.000,0.000,0.049,-0.070
133.21,0.111,0,0.453,0.473,1,0.000,0.000,0.000,0.000,0.000,0.000,0.056,-0.075
133.41,0.108,0,0.453,0.473,1,0.000,0.000,0.000,0.000,0.000,0.000,0.058,-0.075
133.61,0.366,0,0.454,0.473,1,0.000,0.000,0.000,0.000,0.000,0.000,0.051,-0.069
133.81,0.112,0,0.454,0.473,1,0.000,0.000,0.000,0.000,0.000,0.000,0.043,-0.072
134.01,0.111,0,0.454,0.473,1,0.000,0.000,0.000,0.000,0.000,0.000,0.048,-0.081
134.21,0.108,0,0.452,0.472,1,0.000,0.000,0.000,0.000,0.000,0.000,0.054,-0.087
134.41,0.111,0,0.452,0.472,1,0.000,0.000,0.000,0.000,0.000,0.000,0.046,-0.072
134.61,0.108,0,0.894,0.473,0,0.000,0.000,0.000,0.000,0.000,0.000,0.046,-0.072
134.81,0.111,0,0.894,0.473,0,0.000,0.000,0.000,0.000,0.000,0.000,0.051,-0.078
135.01,0.112,0,0.894,0.473,0,0.000,0.000,0.000,0.000,0.000,0.000,0.045,-0.072
135.21,0.108,0,0.454,0.473,1,0.000,0.000,0.000,0.000,0.000,0.000,0.050,-0.074
135.41,0.112,0,0.454,0.473,1,0.000,0.000,0.000,0.000,0.000,0.000,0.053,-0.074
135.61,0.112,0,0.454,0.473,1,0.000,0.000,0.000,0.000,0.000,0.000,0.043,-0.075
135.81,0.112,0,0.454,0.473,1,0.000,0.000,0.000,0.000,0.000,0.000,0.041,-0.078
136.01,0.112,0,0.454,0.473,1,0.000,0.000,0.000,0.000,0.000,0.000,0.041,-0.086
136.21,0.111,0,0.456,0.473,1,0.000,0.000,0.000,0.000,0.000,0.000,0.051,-0.085
136.41,0.366,0,0.456,0.473,1,0.000,0.000,0.000,0.000,0.000,0.000,0.049,-0.084
136.61,0.108,0,0.894,0.471,0,0.000,0.000,0.000,0.000,0.000,0.000,0.044,-0.085
136.81,0.356,0,0.894,0.471,0,0.000,0.000,0.000,0.000,0.000,0.000,0.057,-0.076
137.01,0.109,0,0.894,0.471,0,0.000,0.000,0.000,0.000,0.000,0.000,0.050,-0.059
137.21,0.109,0,0.429,0.454,1,0.000,0.000,0.000,0.000,0.000,0.000,0.040,-0.081
137.41,0.108,0,0.429,0.454,1,0.000,0.000,0.000,0.000,0.000,0.000,0.039,-0.102
137.61,0.111,0,0.841,0.448,0,0.000,0.000,0.000,0.000,0.000,0.000,0.039,-0.121
137.81,0.108,0,0.841,0.448,0,0.000,0.000,0.000,0.000,0.000,0.000,0.049,-0.101
138.01,0.108,0,0.841,0.448,0,0.000,0.000,0.000,0.000,0.000,0.000,0.050,-0.085
138.21,0.109,0,0.746,0.446,0,0.000,0.000,0.000,0.000,0.000,0.000,0.044,-0.092
138.41,0.112,0,0.746,0.446,0,0.000,0.000,0.000,0.000,0.000,0.000,0.045,-0.100
138.61,0.108,0,0.861,0.446,0,0.000,0.000,0.000,0.000,0.000,0.000,0.049,-0.106
138.81,0.363,0,0.861,0.446,0,0.000,0.000,0.000,0.000,0.000,0.000,0.050,-0.098
139.01,0.108,0,0.861,0.446,0,0.000,0.000,0.000,0.000,0.000,0.000,0.053,-0.093
139.21,0.112,0,0.818,0.446,0,0.000,0.000,0.000,0.000,0.000,0.000,0.063,-0.086
139.41,0.111,0,0.818,0.446,0,0.000,0.000,0.000,0.000,0.000,0.000,0.088,-0.090
139.61,0.109,0,0.430,0.435,1,0.000,0.000,0.000,0.000,0.000,0.000,0.103,-0.071
139.81,0.108,0,0.430,0.435,1,0.000,0.000,0.000,0.000,0.000,0.000,0.080,-0.056
140.01,0.112,0,0.430,0.435,1,0.000,0.000,0.000,0.000,0.000,0.000,0.026,-0.081
140.21,0.354,0,0.459,0.487,1,0.000,0.000,0.000,0.000,0.000,0.000,0.013,-0.101
140.41,0.354,0,0.459,0.487,1,0.000,0.000,0.000,0.000,0.000,0.000,0.040,-0.101
140.61,0.111,0,0.460,0.490,1,0.000,0.000,0.000,0.000,0.000,0.000,0.049,-0.091
140.81,0.111,0,0.460,0.490,1,0.000,0.000,0.000,0.000,0.000,0.000,0.037,-0.082
141.01,0.108,0,0.460,0.490,1,0.000,0.000,0.000,0.000,0.000,0.000,0.036,-0.086
141.21,0.111,0,0.734,0.487,0,0.000,0.000,0.000,0.000,0.000,0.000,0.040,-0.081
141.41,0.108,0,0.734,0.487,0,0.000,0.000,0.000,0.000,0.000,0.000,0.036,-0.062
141.61,0.341,0,0.454,0.496,1,0.000,0.000,0.000,0.000,0.000,0.000,0.023,-0.059
141.81,0.108,0,0.454,0.496,1,0.000,0.000,0.000,0.000,0.000,0.000,0.026,-0.060
142.01,0.342,0,0.454,0.496,1,0.000,0.000,0.000,0.000,0.000,0.000,0.033,-0.057
142.21,0.343,0,0.453,0.503,1,0.000,0.000,0.000,0.000,0.000,0.000,0.035,-0.076
142.41,0.111,0,0.453,0.503,1,0.000,0.000,0.000,0.000,0.000,0.000,0.031,-0.078
142.61,0.108,0,0.468,0.520,1,0.000,0.000,0.000,0.000,0.000,0.000,0.023,-0.064
142.81,0.336,0,0.468,0.520,1,0.000,0.000,0.000,0.000,0.000,0.000,-0.018,-0.056
143.01,0.329,0,0.468,0.520,1,0.000,0.000,0.000,0.000,0.000,0.000,-0.039,-0.066
143.21,0.317,0,0.344,0.692,0,0.000,0.000,0.000,0.000,0.000,0.000,-0.057,-0.094
143.42,0.314,0,0.344,0.692,0,0.000,0.000,0.000,0.000,0.000,0.000,-0.053,-0.098
143.61,0.310,0,0.323,0.821,0,0.000,0.000,0.000,0.000,0.000,0.000,-0.047,-0.068
143.81,0.108,0,0.323,0.821,0,0.000,0.000,0.000,0.000,0.000,0.000,-0.070,-0.062
144.02,0.112,0,0.323,0.821,0,0.000,0.000,0.000,0.000,0.000,0.000,-0.096,-0.111
144.22,0.327,0,0.338,0.438,1,0.000,0.000,0.000,0.000,0.000,0.000,-0.079,-0.142
144.41,0.326,0,0.338,0.438,1,0.000,0.000,0.000,0.000,0.000,0.000,-0.067,-0.122
144.61,0.326,0,0.338,0.441,1,0.000,0.000,0.000,0.000,0.000,0.000,-0.072,-0.107
144.81,0.326,0,0.338,0.441,1,0.000,0.000,0.000,0.000,0.000,0.000,-0.073,-0.125
145.01,0.326,0,0.338,0.441,1,0.000,0.000,0.000,0.000,0.000,0.000,-0.071,-0.130
145.21,0.326,0,0.338,0.441,1,0.000,0.000,0.000,0.000,0.000,0.000,-0.086,-0.115
145.41,0.324,0,0.338,0.441,1,0.000,0.000,0.000,0.000,0.000,0.000,-0.082,-0.107
145.61,0.314,0,0.331,0.438,1,0.000,0.000,0.000,0.000,0.000,0.000,-0.090,-0.098
145.81,0.108,0,0.331,0.438,1,0.000,0.000,0.000,0.000,0.000,0.000,-0.109,-0.102
146.01,0.111,0,0.331,0.438,1,0.000,0.000,0.000,0.000,0.000,0.000,-0.100,-0.110
146.21,0.309,0,0.323,0.441,1,0.000,0.000,0.000,0.000,0.000,0.000,-0.097,-0.108
146.41,0.315,0,0.323,0.441,1,0.000,0.000,0.000,0.000,0.000,0.000,-0.093,-0.105
146.61,0.313,0,0.326,0.458,1,0.000,0.000,0.000,0.000,0.000,0.000,-0.112,-0.112
146.81,0.309,0,0.326,0.458,1,0.000,0.000,0.000,0.000,0.000,0.000,-0.121,-0.107
147.01,0.314,0,0.326,0.458,1,0.000,0.000,0.000,0.000,0.000,0.000,-0.128,-0.119
147.21,0.320,0,0.328,0.464,1,0.000,0.000,0.000,0.000,0.000,0.000,-0.124,-0.130
147.41,0.324,0,0.328,0.464,1,0.000,0.000,0.000,0.000,0.000,0.000,-0.122,-0.153
147.61,0.108,0,0.348,1.207,0,0.000,0.000,0.000,0.000,0.000,0.000,-0.130,-0.175
147.81,0.345,0,0.348,1.207,0,0.000,0.000,0.000,0.000,0.000,0.000,-0.125,-0.180
148.01,0.355,0,0.348,1.207,0,0.000,0.000,0.000,0.000,0.000,0.000,-0.091,-0.167
148.21,0.367,0,0.737,1.135,0,0.000,0.000,0.000,0.000,0.000,0.000,-0.088,-0.193
148.41,0.382,0,0.737,1.135,0,0.000,0.000,0.000,0.000,0.000,0.000,-0.076,-0.206
148.61,0.108,0,0.719,0.768,1,0.000,0.000,0.000,0.000,0.000,0.000,-0.062,-0.195
148.81,0.401,0,0.719,0.768,1,0.000,0.000,0.000,0.000,0.000,0.000,-0.056,-0.208
149.01,0.404,0,0.719,0.768,1,0.000,0.000,0.000,0.000,0.000,0.000,-0.044,-0.226
149.21,0.404,0,0.705,0.741,1,0.000,0.000,0.000,0.000,0.000,0.000,-0.051,-0.226
149.41,0.404,0,0.705,0.741,1,0.000,0.000,0.000,0.000,0.000,0.000,-0.068,-0.221
149.61,0.404,0,0.698,0.734,1,0.000,0.000,0.000,0.000,0.000,0.000,-0.062,-0.212
149.81,0.404,0,0.698,0.734,1,0.000,0.000,0.000,0.000,0.000,0.000,-0.061,-0.210
150.01,0.403,0,0.698,0.734,1,0.000,0.000,0.000,0.000,0.000,0.000,-0.065,-0.218
150.21,0.404,0,0.698,0.733,1,0.000,0.000,0.000,0.000,0.000,0.000,-0.069,-0.216
150.41,0.404,0,0.698,0.733,1,0.000,0.000,0.000,0.000,0.000,0.000,-0.071,-0.205
150.61,0.404,0,0.698,0.735,1,0.000,0.000,0.000,0.000,0.000,0.000,-0.065,-0.194
150.81,0.404,0,0.698,0.735,1,0.000,0.000,0.000,0.000,0.000,0.000,-0.061,-0.196
151.01,0.404,0,0.698,0.735,1,0.000,0.000,0.000,0.000,0.000,0.000,-0.068,-0.199
151.21,0.404,0,0.699,0.735,1,0.000,0.000,0.000,0.000,0.000,0.000,-0.070,-0.188
151.41,0.404,0,0.699,0.735,1,0.000,0.000,0.000,0.000,0.000,0.000,-0.059,-0.184
151.61,0.404,0,0.699,0.735,1,0.000,0.000,0.000,0.000,0.000,0.000,-0.062,-0.199
151.81,0.404,0,0.699,0.735,1,0.000,0.000,0.000,0.000,0.000,0.000,-0.057,-0.205
152.01,0.404,0,0.699,0.735,1,0.000,0.000,0.000,0.000,0.000,0.000,-0.056,-0.210
152.21,0.404,0,0.696,0.734,1,0.000,0.000,0.000,0.000,0.000,0.000,-0.055,-0.194
152.41,0.404,0,0.696,0.734,1,0.000,0.000,0.000,0.000,0.000,0.000,-0.053,-0.188
152.61,0.404,0,0.701,0.734,1,0.000,0.000,0.000,0.000,0.000,0.000,-0.067,-0.203
152.81,0.404,0,0.701,0.734,1,0.000,0.000,0.000,0.000,0.000,0.000,-0.062,-0.209
153.01,0.404,0,0.701,0.734,1,0.000,0.000,0.000,0.000,0.000,0.000,-0.054,-0.219
153.21,0.404,0,0.695,0.733,1,0.000,0.000,0.000,0.000,0.000,0.000,-0.056,-0.217
153.41,0.404,0,0.695,0.733,1,0.000,0.000,0.000,0.000,0.000,0.000,-0.069,-0.213
153.61,0.404,0,0.696,0.733,1,0.000,0.000,0.000,0.000,0.000,0.000,-0.068,-0.201
153.81,0.404,0,0.696,0.733,1,0.000,0.000,0.000,0.000,0.000,0.000,-0.062,-0.196
154.01,0.404,0,0.696,0.733,1,0.000,0.000,0.000,0.000,0.000,0.000,-0.061,-0.204
154.21,0.404,0,0.695,0.733,1,0.000,0.000,0.000,0.000,0.000,0.000,-0.070,-0.202
154.41,0.404,0,0.695,0.733,1,0.000,0.000,0.000,0.000,0.000,0.000,-0.070,-0.193
154.61,0.404,0,0.695,0.733,1,0.000,0.000,0.000,0.000,0.000,0.000,-0.060,-0.198
154.81,0.404,0,0.695,0.733,1,0.000,0.000,0.000,0.000,0.000,0.000,-0.061,-0.202
155.01,0.404,0,0.695,0.733,1,0.000,0.000,0.000,0.000,0.000,0.000,-0.056,-0.202
155.21,0.404,0,0.694,0.732,1,0.000,0.000,0.000,0.000,0.000,0.000,-0.052,-0.205
155.41,0.404,0,0.694,0.732,1,0.000,0.000,0.000,0.000,0.000,0.000,-0.052,-0.206
155.61,0.404,0,0.691,0.730,1,0.000,0.000,0.000,0.000,0.000,0.000,-0.050,-0.210
155.81,0.404,0,0.691,0.730,1,0.000,0.000,0.000,0.000,0.000,0.000,-0.058,-0.202
156.01,0.404,0,0.691,0.730,1,0.000,0.000,0.000,0.000,0.000,0.000,-0.056,-0.197
156.21,0.404,0,0.692,0.730,1,0.000,0.000,0.000,0.000,0.000,0.000,-0.054,-0.209
156.41,0.404,0,0.692,0.730,1,0.000,0.000,0.000,0.000,0.000,0.000,-0.067,-0.206
156.61,0.404,0,0.692,0.731,1,0.000,0.000,0.000,0.000,0.000,0.000,-0.064,-0.196
156.81,0.404,0,0.692,0.731,1,0.000,0.000,0.000,0.000,0.000,0.000,-0.062,-0.202
157.01,0.404,0,0.692,0.731,1,0.000,0.000,0.000,0.000,0.000,0.000,-0.061,-0.201
157.21,0.404,0,0.694,0.731,1,0.000,0.000,0.000,0.000,0.000,0.000,-0.060,-0.197
157.41,0.307,0,0.694,0.731,1,0.000,0.000,0.000,0.000,0.000,0.000,-0.057,-0.208
157.61,0.279,0,0.694,0.730,1,0.000,0.000,0.000,0.000,0.000,0.000,-0.062,-0.211
157.81,0.108,0,0.694,0.730,1,0.000,0.000,0.000,0.000,0.000,0.000,-0.075,-0.200
158.01,0.404,0,0.694,0.730,1,0.000,0.000,0.000,0.000,0.000,0.000,-0.072,-0.196
158.21,0.404,0,0.579,0.732,1,0.000,0.000,0.000,0.000,0.000,0.000,-0.062,-0.197
158.41,0.404,0,0.579,0.732,1,0.000,0.000,0.000,0.000,0.000,0.000,-0.068,-0.190
158.61,0.404,0,0.697,0.734,1,0.000,0.000,0.000,0.000,0.000,0.000,-0.071,-0.191
158.81,0.404,0,0.697,0.734,1,0.000,0.000,0.000,0.000,0.000,0.000,-0.066,-0.201
159.01,0.404,0,0.697,0.734,1,0.000,0.000,0.000,0.000,0.000,0.000,-0.074,-0.195
159.21,0.182,0,0.697,0.734,1,0.000,0.000,0.000,0.000,0.000,0.000,-0.069,-0.189
159.41,0.404,0,0.697,0.734,1,0.000,0.000,0.000,0.000,0.000,0.000,-0.057,-0.203
159.61,0.404,0,0.697,0.734,1,0.000,0.000,0.000,0.000,0.000,0.000,-0.066,-0.207
159.81,0.405,0,0.697,0.734,1,0.000,0.000,0.000,0.000,0.000,0.000,-0.066,-0.195
160.01,0.404,0,0.697,0.734,1,0.000,0.000,0.000,0.000,0.000,0.000,-0.053,-0.203
160.21,0.404,0,0.696,0.733,1,0.000,0.000,0.000,0.000,0.000,0.000,-0.063,-0.203
160.41,0.404,0,0.696,0.733,1,0.000,0.000,0.000,0.000,0.000,0.000,-0.063,-0.205
160.61,0.404,0,0.695,0.733,1,0.000,0.000,0.000,0.000,0.000,0.000,-0.049,-0.209
160.81,0.404,0,0.695,0.733,1,0.000,0.000,0.000,0.000,0.000,0.000,-0.059,-0.221
161.01,0.404,0,0.695,0.733,1,0.000,0.000,0.000,0.000,0.000,0.000,-0.060,-0.210
161.21,0.404,0,0.695,0.734,1,0.000,0.000,0.000,0.000,0.000,0.000,-0.053,-0.210
161.41,0.404,0,0.695,0.734,1,0.000,0.000,0.000,0.000,0.000,0.000,-0.057,-0.210
161.61,0.404,0,0.697,0.733,1,0.000,0.000,0.000,0.000,0.000,0.000,-0.059,-0.215
161.81,0.405,0,0.697,0.733,1,0.000,0.000,0.000,0.000,0.000,0.000,-0.063,-0.209
162.01,0.404,0,0.697,0.733,1,0.000,0.000,0.000,0.000,0.000,0.000,-0.060,-0.213
162.21,0.404,0,0.695,0.732,1,0.000,0.000,0.000,0.000,0.000,0.000,-0.066,-0.218
162.41,0.404,0,0.695,0.732,1,0.000,0.000,0.000,0.000,0.000,0.000,-0.071,-0.209
162.61,0.404,0,0.698,0.732,1,0.000,0.000,0.000,0.000,0.000,0.000,-0.071,-0.213
162.81,0.404,0,0.698,0.732,1,0.000,0.000,0.000,0.000,0.000,0.000,-0.062,-0.215
163.01,0.404,0,0.698,0.732,1,0.000,0.000,0.000,0.000,0.000,0.000,-0.055,-0.217
163.21,0.405,0,0.695,0.733,1,0.000,0.000,0.000,0.000,0.000,0.000,-0.067,-0.210
163.41,0.404,0,0.695,0.733,1,0.000,0.000,0.000,0.000,0.000,0.000,-0.068,-0.206
163.61,0.404,0,0.696,0.733,1,0.000,0.000,0.000,0.000,0.000,0.000,-0.055,-0.210
163.81,0.192,0,0.696,0.733,1,0.000,0.000,0.000,0.000,0.000,0.000,-0.058,-0.209
164.01,0.404,0,0.696,0.733,1,0.000,0.000,0.000,0.000,0.000,0.000,-0.060,-0.216
164.21,0.141,0,0.703,0.735,1,0.000,0.000,0.000,0.000,0.000,0.000,-0.062,-0.217
164.41,0.404,0,0.703,0.735,1,0.000,0.000,0.000,0.000,0.000,0.000,-0.055,-0.220
164.61,0.404,0,0.697,0.733,1,0.000,0.000,0.000,0.000,0.000,0.000,-0.065,-0.213
164.81,0.404,0,0.697,0.733,1,0.000,0.000,0.000,0.000,0.000,0.000,-0.056,-0.210
165.01,0.404,0,0.697,0.733,1,0.000,0.000,0.000,0.000,0.000,0.000,-0.055,-0.216
165.21,0.403,0,0.700,0.735,1,0.000,0.000,0.000,0.000,0.000,0.000,-0.064,-0.210
165.41,0.404,0,0.700,0.735,1,0.000,0.000,0.000,0.000,0.000,0.000,-0.064,-0.203
165.61,0.404,0,0.699,0.735,1,0.000,0.000,0.000,0.000,0.000,0.000,-0.056,-0.203
165.81,0.111,0,0.699,0.735,1,0.000,0.000,0.000,0.000,0.000,0.000,-0.054,-0.206
166.01,0.404,0,0.699,0.735,1,0.000,0.000,0.000,0.000,0.000,0.000,-0.055,-0.211
166.21,0.404,0,0.697,0.734,1,0.000,0.000,0.000,0.000,0.000,0.000,-0.057,-0.206
166.41,0.404,0,0.697,0.734,1,0.000,0.000,0.000,0.000,0.000,0.000,-0.061,-0.203
166.61,0.404,0,0.697,0.733,1,0.000,0.000,0.000,0.000,0.000,0.000,-0.061,-0.213
166.81,0.404,0,0.697,0.733,1,0.000,0.000,0.000,0.000,0.000,0.000,-0.061,-0.206
167.01,0.404,0,0.697,0.733,1,0.000,0.000,0.000,0.000,0.000,0.000,-0.059,-0.206
167.21,0.404,0,0.698,0.734,1,0.000,0.000,0.000,0.000,0.000,0.000,-0.062,-0.208
167.41,0.404,0,0.698,0.734,1,0.000,0.000,0.000,0.000,0.000,0.000,-0.061,-0.204
167.61,0.404,0,0.698,0.734,1,0.000,0.000,0.000,0.000,0.000,0.000,-0.067,-0.209
167.81,0.404,0,0.698,0.734,1,0.000,0.000,0.000,0.000,0.000,0.000,-0.058,-0.215
168.01,0.403,0,0.698,0.734,1,0.000,0.000,0.000,0.000,0.000,0.000,-0.054,-0.216
168.21,0.404,0,0.699,0.735,1,0.000,0.000,0.000,0.000,0.000,0.000,-0.065,-0.207
168.41,0.404,0,0.699,0.735,1,0.000,0.000,0.000,0.000,0.000,0.000,-0.067,-0.212
168.61,0.377,0,0.701,0.734,1,0.000,0.000,0.000,0.000,0.000,0.000,-0.067,-0.217
168.81,0.152,0,0.701,0.734,1,0.000,0.000,0.000,0.000,0.000,0.000,-0.058,-0.215
169.01,0.255,0,0.701,0.734,1,0.000,0.000,0.000,0.000,0.000,0.000,-0.048,-0.219
169.21,0.303,0,0.699,0.734,1,0.000,0.000,0.000,0.000,0.000,0.000,-0.056,-0.227
169.41,0.356,0,0.699,0.734,1,0.000,0.000,0.000,0.000,0.000,0.000,-0.061,-0.223
169.61,0.404,0,0.698,0.734,1,0.000,0.000,0.000,0.000,0.000,0.000,-0.064,-0.218
169.81,0.404,0,0.698,0.734,1,0.000,0.000,0.000,0.000,0.000,0.000,-0.065,-0.224
170.01,0.404,0,0.698,0.734,1,0.000,0.000,0.000,0.000,0.000,0.000,-0.056,-0.225
170.21,0.404,0,0.699,0.735,1,0.000,0.000,0.000,0.000,0.000,0.000,-0.049,-0.219
170.41,0.294,0,0.699,0.735,1,0.000,0.000,0.000,0.000,0.000,0.000,-0.052,-0.210
170.61,0.404,0,0.702,0.735,1,0.000,0.000,0.000,0.000,0.000,0.000,-0.072,-0.215
170.82,0.368,0,0.702,0.735,1,0.000,0.000,0.000,0.000,0.000,0.000,-0.068,-0.208
171.01,0.304,0,0.702,0.735,1,0.000,0.000,0.000,0.000,0.000,0.000,-0.056,-0.210
171.21,0.206,0,0.699,0.735,1,0.000,0.000,0.000,0.000,0.000,0.000,-0.062,-0.223
171.41,0.179,0,0.699,0.735,1,0.000,0.000,0.000,0.000,0.000,0.000,-0.067,-0.222
171.61,0.172,0,0.698,0.735,1,0.000,0.000,0.000,0.000,0.000,0.000,-0.066,-0.219
171.81,0.175,0,0.698,0.735,1,0.000,0.000,0.000,0.000,0.000,0.000,-0.068,-0.218
172.01,0.108,0,0.698,0.735,1,0.000,0.000,0.000,0.000,0.000,0.000,-0.060,-0.216
172.21,0.153,0,0.699,0.735,1,0.000,0.000,0.000,0.000,0.000,0.000,-0.048,-0.223
172.41,0.153,0,0.699,0.735,1,0.000,0.000,0.000,0.000,0.000,0.000,-0.045,-0.225
172.61,0.180,0,0.698,0.735,1,0.000,0.000,0.000,0.000,0.000,0.000,-0.057,-0.224
172.81,0.385,0,0.698,0.735,1,0.000,0.000,0.000,0.000,0.000,0.000,-0.078,-0.230
173.01,0.404,0,0.698,0.735,1,0.000,0.000,0.000,0.000,0.000,0.000,-0.075,-0.233
173.21,0.404,0,0.444,0.734,0,0.000,0.000,0.000,0.000,0.000,0.000,-0.068,-0.233
173.41,0.404,0,0.444,0.734,0,0.000,0.000,0.000,0.000,0.000,0.000,-0.077,-0.199
173.61,0.108,0,0.698,0.734,1,0.000,0.000,0.000,0.000,0.000,0.000,-0.067,-0.199
173.81,0.404,0,0.698,0.734,1,0.000,0.000,0.000,0.000,0.000,0.000,-0.071,-0.217
174.01,0.404,0,0.698,0.734,1,0.000,0.000,0.000,0.000,0.000,0.000,-0.074,-0.219
174.21,0.404,0,0.699,0.734,1,0.000,0.000,0.000,0.000,0.000,0.000,-0.065,-0.210
174.41,0.404,0,0.699,0.734,1,0.000,0.000,0.000,0.000,0.000,0.000,-0.078,-0.198
174.61,0.404,0,0.698,0.735,1,0.000,0.000,0.000,0.000,0.000,0.000,-0.077,-0.200
174.81,0.404,0,0.698,0.735,1,0.000,0.000,0.000,0.000,0.000,0.000,-0.063,-0.217
175.01,0.404,0,0.698,0.735,1,0.000,0.000,0.000,0.000,0.000,0.000,-0.076,-0.214
175.21,0.404,0,0.698,0.734,1,0.000,0.000,0.000,0.000,0.000,0.000,-0.072,-0.209
175.41,0.404,0,0.698,0.734,1,0.000,0.000,0.000,0.000,0.000,0.000,-0.061,-0.222
175.61,0.404,0,0.700,0.734,1,0.000,0.000,0.000,0.000,0.000,0.000,-0.067,-0.228
175.81,0.404,0,0.700,0.734,1,0.000,0.000,0.000,0.000,0.000,0.000,-0.071,-0.219
176.01,0.404,0,0.700,0.734,1,0.000,0.000,0.000,0.000,0.000,0.000,-0.067,-0.220
176.21,0.403,0,0.698,0.735,1,0.000,0.000,0.000,0.000,0.000,0.000,-0.059,-0.220
176.41,0.404,0,0.698,0.735,1,0.000,0.000,0.000,0.000,0.000,0.000,-0.057,-0.214
176.61,0.404,0,0.701,0.735,1,0.000,0.000,0.000,0.000,0.000,0.000,-0.063,-0.221
176.81,0.404,0,0.701,0.735,1,0.000,0.000,0.000,0.000,0.000,0.000,-0.065,-0.220
177.01,0.404,0,0.701,0.735,1,0.000,0.000,0.000,0.000,0.000,0.000,-0.056,-0.219
177.21,0.404,0,0.699,0.735,1,0.000,0.000,0.000,0.000,0.000,0.000,-0.061,-0.221
177.41,0.404,0,0.699,0.735,1,0.000,0.000,0.000,0.000,0.000,0.000,-0.069,-0.200
177.61,0.404,0,0.728,0.767,1,0.000,0.000,0.000,0.000,0.000,0.000,-0.071,-0.205
177.81,0.276,0,0.728,0.767,1,0.000,0.000,0.000,0.000,0.000,0.000,-0.074,-0.213
178.01,0.254,0,0.728,0.767,1,0.000,0.000,0.000,0.000,0.000,0.000,-0.081,-0.208
178.21,0.308,0,0.767,0.796,1,0.000,0.000,0.000,0.000,0.000,0.000,-0.058,-0.202
178.41,0.324,0,0.767,0.796,1,0.000,0.000,0.000,0.000,0.000,0.000,-0.055,-0.200
178.61,0.335,0,0.748,0.789,1,0.000,0.000,0.000,0.000,0.000,0.000,-0.065,-0.194
178.81,0.338,0,0.748,0.789,1,0.000,0.000,0.000,0.000,0.000,0.000,-0.080,-0.198
179.01,0.331,0,0.748,0.789,1,0.000,0.000,0.000,0.000,0.000,0.000,-0.080,-0.202
179.21,0.341,0,0.726,0.767,1,0.000,0.000,0.000,0.000,0.000,0.000,-0.074,-0.205
179.41,0.335,0,0.726,0.767,1,0.000,0.000,0.000,0.000,0.000,0.000,-0.066,-0.210
179.61,0.333,0,0.733,0.661,1,0.000,0.000,0.000,0.000,0.000,0.000,-0.073,-0.215
179.81,0.341,0,0.733,0.661,1,0.000,0.000,0.000,0.000,0.000,0.000,-0.073,-0.210
180.01,0.342,0,0.733,0.661,1,0.000,0.000,0.000,0.000,0.000,0.000,-0.075,-0.198
180.21,0.382,0,0.739,0.721,1,0.000,0.000,0.000,0.000,0.000,0.000,-0.070,-0.195
180.41,0.366,0,0.739,0.721,1,0.000,0.000,0.000,0.000,0.000,0.000,-0.068,-0.200
180.61,0.378,0,0.763,0.798,1,0.000,0.000,0.000,0.000,0.000,0.000,-0.086,-0.199
180.81,0.367,0,0.763,0.798,1,0.000,0.000,0.000,0.000,0.000,0.000,-0.082,-0.198
181.01,0.356,0,0.763,0.798,1,0.000,0.000,0.000,0.000,0.000,0.000,-0.074,-0.196
181.21,0.302,0,0.765,0.793,1,0.000,0.000,0.000,0.000,0.000,0.000,-0.068,-0.196
181.41,0.404,0,0.765,0.793,1,0.000,0.000,0.000,0.000,0.000,0.000,-0.062,-0.205
181.61,0.404,0,0.746,0.755,1,0.000,0.000,0.000,0.000,0.000,0.000,-0.084,-0.201
181.81,0.108,0,0.746,0.755,1,0.000,0.000,0.000,0.000,0.000,0.000,-0.077,-0.194
182.01,0.404,0,0.746,0.755,1,0.000,0.000,0.000,0.000,0.000,0.000,-0.071,-0.202
182.21,0.404,0,0.742,0.727,1,0.000,0.000,0.000,0.000,0.000,0.000,-0.074,-0.206
182.41,0.282,0,0.742,0.727,1,0.000,0.000,0.000,0.000,0.000,0.000,-0.072,-0.201
182.61,0.351,0,0.742,0.733,1,0.000,0.000,0.000,0.000,0.000,0.000,-0.073,-0.208
182.81,0.374,0,0.742,0.733,1,0.000,0.000,0.000,0.000,0.000,0.000,-0.073,-0.192
183.01,0.356,0,0.742,0.733,1,0.000,0.000,0.000,0.000,0.000,0.000,-0.074,-0.189
183.21,0.334,0,0.739,0.724,1,0.000,0.000,0.000,0.000,0.000,0.000,-0.068,-0.193
183.41,0.335,0,0.739,0.724,1,0.000,0.000,0.000,0.000,0.000,0.000,-0.071,-0.203
183.61,0.378,0,0.742,0.727,1,0.000,0.000,0.000,0.000,0.000,0.000,-0.078,-0.210
183.81,0.375,0,0.742,0.727,1,0.000,0.000,0.000,0.000,0.000,0.000,-0.064,-0.201
184.01,0.384,0,0.742,0.727,1,0.000,0.000,0.000,0.000,0.000,0.000,-0.062,-0.189
184.21,0.383,0,0.742,0.728,1,0.000,0.000,0.000,0.000,0.000,0.000,-0.075,-0.205
184.41,0.373,0,0.742,0.728,1,0.000,0.000,0.000,0.000,0.000,0.000,-0.074,-0.202
184.61,0.404,0,0.739,0.724,1,0.000,0.000,0.000,0.000,0.000,0.000,-0.074,-0.215
184.81,0.393,0,0.739,0.724,1,0.000,0.000,0.000,0.000,0.000,0.000,-0.076,-0.205
185.01,0.372,0,0.739,0.724,1,0.000,0.000,0.000,0.000,0.000,0.000,-0.076,-0.203
185.21,0.389,0,0.737,0.722,1,0.000,0.000,0.000,0.000,0.000,0.000,-0.064,-0.206
185.41,0.403,0,0.737,0.722,1,0.000,0.000,0.000,0.000,0.000,0.000,-0.074,-0.196
185.61,0.404,0,0.741,0.725,1,0.000,0.000,0.000,0.000,0.000,0.000,-0.081,-0.185
185.81,0.404,0,0.741,0.725,1,0.000,0.000,0.000,0.000,0.000,0.000,-0.073,-0.196
186.01,0.387,0,0.741,0.725,1,0.000,0.000,0.000,0.000,0.000,0.000,-0.077,-0.210
186.21,0.108,0,0.739,0.725,1,0.000,0.000,0.000,0.000,0.000,0.000,-0.072,-0.212
186.41,0.404,0,0.739,0.725,1,0.000,0.000,0.000,0.000,0.000,0.000,-0.061,-0.202
186.61,0.404,0,0.746,0.730,1,0.000,0.000,0.000,0.000,0.000,0.000,-0.065,-0.204
186.81,0.404,0,0.746,0.730,1,0.000,0.000,0.000,0.000,0.000,0.000,-0.067,-0.205
187.01,0.404,0,0.746,0.730,1,0.000,0.000,0.000,0.000,0.000,0.000,-0.073,-0.217
187.21,0.404,0,0.745,0.734,1,0.000,0.000,0.000,0.000,0.000,0.000,-0.080,-0.216
187.41,0.403,0,0.745,0.734,1,0.000,0.000,0.000,0.000,0.000,0.000,-0.081,-0.201
187.61,0.404,0,0.743,0.739,1,0.000,0.000,0.000,0.000,0.000,0.000,-0.066,-0.198
187.81,0.404,0,0.743,0.739,1,0.000,0.000,0.000,0.000,0.000,0.000,-0.068,-0.206
188.01,0.404,0,0.743,0.739,1,0.000,0.000,0.000,0.000,0.000,0.000,-0.068,-0.219
188.21,0.108,0,0.741,0.731,1,0.000,0.000,0.000,0.000,0.000,0.000,-0.067,-0.212
188.41,0.404,0,0.741,0.731,1,0.000,0.000,0.000,0.000,0.000,0.000,-0.066,-0.204
188.61,0.404,0,0.744,0.734,1,0.000,0.000,0.000,0.000,0.000,0.000,-0.068,-0.211
188.81,0.404,0,0.744,0.734,1,0.000,0.000,0.000,0.000,0.000,0.000,-0.068,-0.205
189.01,0.404,0,0.744,0.734,1,0.000,0.000,0.000,0.000,0.000,0.000,-0.073,-0.206
189.21,0.404,0,0.746,0.738,1,0.000,0.000,0.000,0.000,0.000,0.000,-0.079,-0.207
189.41,0.404,0,0.746,0.738,1,0.000,0.000,0.000,0.000,0.000,0.000,-0.067,-0.200
189.61,0.404,0,0.745,0.735,1,0.000,0.000,0.000,0.000,0.000,0.000,-0.060,-0.201
189.81,0.404,0,0.745,0.735,1,0.000,0.000,0.000,0.000,0.000,0.000,-0.064,-0.208
190.01,0.404,0,0.745,0.735,1,0.000,0.000,0.000,0.000,0.000,0.000,-0.075,-0.217
190.21,0.404,0,0.742,0.736,1,0.000,0.000,0.000,0.000,0.000,0.000,-0.078,-0.213
190.41,0.404,0,0.742,0.736,1,0.000,0.000,0.000,0.000,0.000,0.000,-0.060,-0.202
190.61,0.404,0,0.744,0.734,1,0.000,0.000,0.000,0.000,0.000,0.000,-0.069,-0.211
190.81,0.404,0,0.744,0.734,1,0.000,0.000,0.000,0.000,0.000,0.000,-0.068,-0.211
191.01,0.108,0,0.744,0.734,1,0.000,0.000,0.000,0.000,0.000,0.000,-0.062,-0.205
191.21,0.404,0,0.742,0.735,1,0.000,0.000,0.000,0.000,0.000,0.000,-0.074,-0.212
191.41,0.404,0,0.742,0.735,1,0.000,0.000,0.000,0.000,0.000,0.000,-0.077,-0.206
191.61,0.405,0,0.744,0.734,1,0.000,0.000,0.000,0.000,0.000,0.000,-0.070,-0.201
191.81,0.404,0,0.744,0.734,1,0.000,0.000,0.000,0.000,0.000,0.000,-0.061,-0.203
192.01,0.404,0,0.744,0.734,1,0.000,0.000,0.000,0.000,0.000,0.000,-0.061,-0.208
192.21,0.404,0,0.743,0.734,1,0.000,0.000,0.000,0.000,0.000,0.000,-0.067,-0.201
192.41,0.404,0,0.743,0.734,1,0.000,0.000,0.000,0.000,0.000,0.000,-0.068,-0.212
192.61,0.108,0,0.740,0.731,1,0.000,0.000,0.000,0.000,0.000,0.000,-0.065,-0.213
192.81,0.404,0,0.740,0.731,1,0.000,0.000,0.000,0.000,0.000,0.000,-0.064,-0.214
193.01,0.404,0,0.740,0.731,1,0.000,0.000,0.000,0.000,0.000,0.000,-0.063,-0.220
193.21,0.404,0,0.740,0.730,1,0.000,0.000,0.000,0.000,0.000,0.000,-0.068,-0.211
193.41,0.404,0,0.740,0.730,1,0.000,0.000,0.000,0.000,0.000,0.000,-0.074,-0.208
193.61,0.108,0,0.744,0.728,1,0.000,0.000,0.000,0.000,0.000,0.000,-0.059,-0.219
193.81,0.404,0,0.744,0.728,1,0.000,0.000,0.000,0.000,0.000,0.000,-0.054,-0.213
194.01,0.404,0,0.744,0.728,1,0.000,0.000,0.000,0.000,0.000,0.000,-0.064,-0.210
194.21,0.108,0,0.777,0.722,1,0.000,0.000,0.000,0.000,0.000,0.000,-0.063,-0.213
194.41,0.404,0,0.777,0.722,1,0.000,0.000,0.000,0.000,0.000,0.000,-0.055,-0.215
194.61,0.108,0,0.773,0.721,1,0.000,0.000,0.000,0.000,0.000,0.000,-0.056,-0.223
194.81,0.404,0,0.773,0.721,1,0.000,0.000,0.000,0.000,0.000,0.000,-0.073,-0.200
195.01,0.404,0,0.773,0.721,1,0.000,0.000,0.000,0.000,0.000,0.000,-0.065,-0.190
195.21,0.403,0,0.770,0.739,1,0.000,0.000,0.000,0.000,0.000,0.000,-0.068,-0.212
195.41,0.404,0,0.770,0.739,1,0.000,0.000,0.000,0.000,0.000,0.000,-0.066,-0.207
195.61,0.404,0,0.780,0.726,1,0.000,0.000,0.000,0.000,0.000,0.000,-0.064,-0.214
195.81,0.404,0,0.780,0.726,1,0.000,0.000,0.000,0.000,0.000,0.000,-0.066,-0.211
196.01,0.404,0,0.780,0.726,1,0.000,0.000,0.000,0.000,0.000,0.000,-0.057,-0.204
196.21,0.404,0,0.782,0.758,1,0.000,0.000,0.000,0.000,0.000,0.000,-0.059,-0.202
196.41,0.404,0,0.782,0.758,1,0.000,0.000,0.000,0.000,0.000,0.000,-0.068,-0.197
196.61,0.404,0,0.790,0.737,1,0.000,0.000,0.000,0.000,0.000,0.000,-0.059,-0.200
196.81,0.404,0,0.790,0.737,1,0.000,0.000,0.000,0.000,0.000,0.000,-0.053,-0.212
197.01,0.404,0,0.790,0.737,1,0.000,0.000,0.000,0.000,0.000,0.000,-0.055,-0.203
197.21,0.404,0,0.776,0.786,1,0.000,0.000,0.000,0.000,0.000,0.000,-0.063,-0.202
197.41,0.405,0,0.776,0.786,1,0.000,0.000,0.000,0.000,0.000,0.000,-0.069,-0.222
197.61,0.404,0,0.728,0.719,1,0.000,0.000,0.000,0.000,0.000,0.000,-0.066,-0.231
197.81,0.404,0,0.728,0.719,1,0.000,0.000,0.000,0.000,0.000,0.000,-0.066,-0.201
198.01,0.404,0,0.728,0.719,1,0.000,0.000,0.000,0.000,0.000,0.000,-0.070,-0.195
198.21,0.404,0,0.732,0.717,1,0.000,0.000,0.000,0.000,0.000,0.000,-0.074,-0.212
198.41,0.404,0,0.732,0.717,1,0.000,0.000,0.000,0.000,0.000,0.000,-0.070,-0.211
198.61,0.404,0,0.758,0.758,1,0.000,0.000,0.000,0.000,0.000,0.000,-0.056,-0.196
198.81,0.404,0,0.758,0.758,1,0.000,0.000,0.000,0.000,0.000,0.000,-0.056,-0.197
199.01,0.404,0,0.758,0.758,1,0.000,0.000,0.000,0.000,0.000,0.000,-0.070,-0.209
199.21,0.405,0,0.733,0.725,1,0.000,0.000,0.000,0.000,0.000,0.000,-0.067,-0.203
199.41,0.108,0,0.733,0.725,1,0.000,0.000,0.000,0.000,0.000,0.000,-0.051,-0.211
199.61,0.405,0,0.733,0.723,1,0.000,0.000,0.000,0.000,0.000,0.000,-0.054,-0.219
199.81,0.404,0,0.733,0.723,1,0.000,0.000,0.000,0.000,0.000,0.000,-0.070,-0.204
200.01,0.405,0,0.733,0.723,1,0.000,0.000,0.000,0.000,0.000,0.000,-0.074,-0.208
200.21,0.404,0,0.733,0.726,1,0.000,0.000,0.000,0.000,0.000,0.000,-0.075,-0.206
200.41,0.404,0,0.733,0.726,1,0.000,0.000,0.000,0.000,0.000,0.000,-0.065,-0.207
200.61,0.404,0,0.731,0.719,1,0.000,0.000,0.000,0.000,0.000,0.000,-0.061,-0.206
200.81,0.404,0,0.731,0.719,1,0.000,0.000,0.000,0.000,0.000,0.000,-0.072,-0.190
201.01,0.404,0,0.731,0.719,1,0.000,0.000,0.000,0.000,0.000,0.000,-0.074,-0.194
201.21,0.108,0,0.730,0.717,1,0.000,0.000,0.000,0.000,0.000,0.000,-0.064,-0.205
201.41,0.405,0,0.730,0.717,1,0.000,0.000,0.000,0.000,0.000,0.000,-0.058,-0.206
201.61,0.404,0,0.738,0.720,1,0.000,0.000,0.000,0.000,0.000,0.000,-0.063,-0.212
201.81,0.404,0,0.738,0.720,1,0.000,0.000,0.000,0.000,0.000,0.000,-0.072,-0.205
202.01,0.404,0,0.738,0.720,1,0.000,0.000,0.000,0.000,0.000,0.000,-0.070,-0.198
202.21,0.404,0,0.736,0.720,1,0.000,0.000,0.000,0.000,0.000,0.000,-0.065,-0.220
202.41,0.404,0,0.736,0.720,1,0.000,0.000,0.000,0.000,0.000,0.000,-0.066,-0.211
202.61,0.404,0,0.733,0.720,1,0.000,0.000,0.000,0.000,0.000,0.000,-0.061,-0.209
202.81,0.404,0,0.733,0.720,1,0.000,0.000,0.000,0.000,0.000,0.000,-0.055,-0.206
203.01,0.404,0,0.733,0.720,1,0.000,0.000,0.000,0.000,0.000,0.000,-0.055,-0.204
203.21,0.404,0,0.735,0.720,1,0.000,0.000,0.000,0.000,0.000,0.000,-0.060,-0.208
203.41,0.404,0,0.735,0.720,1,0.000,0.000,0.000,0.000,0.000,0.000,-0.072,-0.222
203.61,0.405,0,0.734,0.718,1,0.000,0.000,0.000,0.000,0.000,0.000,-0.066,-0.226
203.81,0.404,0,0.734,0.718,1,0.000,0.000,0.000,0.000,0.000,0.000,-0.062,-0.214
204.01,0.404,0,0.734,0.718,1,0.000,0.000,0.000,0.000,0.000,0.000,-0.067,-0.223
204.21,0.405,0,0.735,0.719,1,0.000,0.000,0.000,0.000,0.000,0.000,-0.064,-0.221
204.41,0.404,0,0.735,0.719,1,0.000,0.000,0.000,0.000,0.000,0.000,-0.067,-0.209
204.61,0.404,0,0.735,0.719,1,0.000,0.000,0.000,0.000,0.000,0.000,-0.058,-0.205
204.81,0.404,0,0.735,0.719,1,0.000,0.000,0.000,0.000,0.000,0.000,-0.069,-0.215
205.01,0.405,0,0.735,0.719,1,0.000,0.000,0.000,0.000,0.000,0.000,-0.078,-0.213
205.21,0.404,0,0.734,0.721,1,0.000,0.000,0.000,0.000,0.000,0.000,-0.072,-0.212
205.41,0.404,0,0.734,0.721,1,0.000,0.000,0.000,0.000,0.000,0.000,-0.072,-0.220
205.61,0.404,0,0.734,0.718,1,0.000,0.000,0.000,0.000,0.000,0.000,-0.074,-0.212
205.81,0.404,0,0.734,0.718,1,0.000,0.000,0.000,0.000,0.000,0.000,-0.067,-0.205
206.01,0.108,0,0.734,0.718,1,0.000,0.000,0.000,0.000,0.000,0.000,-0.057,-0.206
206.21,0.404,0,0.733,0.716,1,0.000,0.000,0.000,0.000,0.000,0.000,-0.065,-0.216
206.41,0.405,0,0.733,0.716,1,0.000,0.000,0.000,0.000,0.000,0.000,-0.065,-0.222
206.61,0.405,0,0.734,0.719,1,0.000,0.000,0.000,0.000,0.000,0.000,-0.059,-0.211
206.81,0.404,0,0.734,0.719,1,0.000,0.000,0.000,0.000,0.000,0.000,-0.059,-0.218
207.01,0.405,0,0.734,0.719,1,0.000,0.000,0.000,0.000,0.000,0.000,-0.064,-0.210
207.21,0.404,0,0.731,0.717,1,0.000,0.000,0.000,0.000,0.000,0.000,-0.066,-0.206
207.41,0.405,0,0.731,0.717,1,0.000,0.000,0.000,0.000,0.000,0.000,-0.059,-0.208
207.61,0.405,0,0.737,0.723,1,0.000,0.000,0.000,0.000,0.000,0.000,-0.055,-0.223
207.81,0.108,0,0.737,0.723,1,0.000,0.000,0.000,0.000,0.000,0.000,-0.058,-0.227
208.01,0.405,0,0.737,0.723,1,0.000,0.000,0.000,0.000,0.000,0.000,-0.063,-0.221
208.21,0.404,0,0.736,0.723,1,0.000,0.000,0.000,0.000,0.000,0.000,-0.070,-0.222
208.41,0.404,0,0.736,0.723,1,0.000,0.000,0.000,0.000,0.000,0.000,-0.058,-0.213
208.61,0.404,0,0.733,0.718,1,0.000,0.000,0.000,0.000,0.000,0.000,-0.055,-0.217
208.81,0.405,0,0.733,0.718,1,0.000,0.000,0.000,0.000,0.000,0.000,-0.065,-0.212
209.01,0.404,0,0.733,0.718,1,0.000,0.000,0.000,0.000,0.000,0.000,-0.069,-0.204
209.21,0.404,0,0.734,0.718,1,0.000,0.000,0.000,0.000,0.000,0.000,-0.060,-0.207
209.41,0.404,0,0.734,0.718,1,0.000,0.000,0.000,0.000,0.000,0.000,-0.061,-0.221
209.61,0.404,0,0.737,0.719,1,0.000,0.000,0.000,0.000,0.000,0.000,-0.069,-0.211
209.81,0.404,0,0.737,0.719,1,0.000,0.000,0.000,0.000,0.000,0.000,-0.072,-0.200
210.01,0.404,0,0.737,0.719,1,0.000,0.000,0.000,0.000,0.000,0.000,-0.055,-0.191
210.21,0.404,0,0.735,0.721,1,0.000,0.000,0.000,0.000,0.000,0.000,-0.053,-0.211
210.41,0.404,0,0.735,0.721,1,0.000,0.000,0.000,0.000,0.000,0.000,-0.063,-0.213
210.61,0.404,0,0.736,0.721,1,0.000,0.000,0.000,0.000,0.000,0.000,-0.063,-0.203
210.81,0.404,0,0.736,0.721,1,0.000,0.000,0.000,0.000,0.000,0.000,-0.060,-0.209
211.01,0.404,0,0.736,0.721,1,0.000,0.000,0.000,0.000,0.000,0.000,-0.058,-0.211
211.21,0.109,0,0.732,0.715,1,0.000,0.000,0.000,0.000,0.000,0.000,-0.071,-0.219
211.41,0.405,0,0.732,0.715,1,0.000,0.000,0.000,0.000,0.000,0.000,-0.079,-0.204
211.61,0.404,0,0.733,0.716,1,0.000,0.000,0.000,0.000,0.000,0.000,-0.060,-0.196
211.81,0.404,0,0.733,0.716,1,0.000,0.000,0.000,0.000,0.000,0.000,-0.061,-0.200
212.01,0.404,0,0.733,0.716,1,0.000,0.000,0.000,0.000,0.000,0.000,-0.075,-0.199
212.21,0.404,0,0.735,0.721,1,0.000,0.000,0.000,0.000,0.000,0.000,-0.075,-0.208
212.41,0.405,0,0.735,0.721,1,0.000,0.000,0.000,0.000,0.000,0.000,-0.071,-0.211
212.61,0.404,0,0.737,0.722,1,0.000,0.000,0.000,0.000,0.000,0.000,-0.070,-0.196
212.81,0.404,0,0.737,0.722,1,0.000,0.000,0.000,0.000,0.000,0.000,-0.070,-0.202
213.01,0.404,0,0.737,0.722,1,0.000,0.000,0.000,0.000,0.000,0.000,-0.071,-0.200
213.21,0.404,0,0.737,0.722,1,0.000,0.000,0.000,0.000,0.000,0.000,-0.065,-0.205
213.41,0.404,0,0.737,0.722,1,0.000,0.000,0.000,0.000,0.000,0.000,-0.070,-0.206
213.61,0.404,0,0.738,0.718,1,0.000,0.000,0.000,0.000,0.000,0.000,-0.068,-0.210
213.81,0.405,0,0.738,0.718,1,0.000,0.000,0.000,0.000,0.000,0.000,-0.062,-0.205
214.01,0.404,0,0.738,0.718,1,0.000,0.000,0.000,0.000,0.000,0.000,-0.072,-0.209
214.21,0.404,0,0.736,0.721,1,0.000,0.000,0.000,0.000,0.000,0.000,-0.082,-0.214
214.41,0.404,0,0.736,0.721,1,0.000,0.000,0.000,0.000,0.000,0.000,-0.073,-0.206
214.61,0.109,0,0.735,0.716,1,0.000,0.000,0.000,0.000,0.000,0.000,-0.072,-0.223
214.81,0.404,0,0.735,0.716,1,0.000,0.000,0.000,0.000,0.000,0.000,-0.068,-0.213
215.01,0.404,0,0.735,0.716,1,0.000,0.000,0.000,0.000,0.000,0.000,-0.065,-0.215
215.21,0.405,0,0.737,0.716,1,0.000,0.000,0.000,0.000,0.000,0.000,-0.063,-0.215
215.41,0.404,0,0.737,0.716,1,0.000,0.000,0.000,0.000,0.000,0.000,-0.079,-0.212
215.61,0.404,0,0.732,0.718,1,0.000,0.000,0.000,0.000,0.000,0.000,-0.078,-0.212
215.81,0.404,0,0.732,0.718,1,0.000,0.000,0.000,0.000,0.000,0.000,-0.080,-0.211
216.01,0.404,0,0.732,0.718,1,0.000,0.000,0.000,0.000,0.000,0.000,-0.072,-0.208
216.21,0.405,0,0.736,0.716,1,0.000,0.000,0.000,0.000,0.000,0.000,-0.069,-0.215
216.41,0.322,0,0.736,0.716,1,0.000,0.000,0.000,0.000,0.000,0.000,-0.078,-0.214
216.61,0.361,0,0.739,0.719,1,0.000,0.000,0.000,0.000,0.000,0.000,-0.085,-0.215
216.81,0.404,0,0.739,0.719,1,0.000,0.000,0.000,0.000,0.000,0.000,-0.076,-0.225
217.01,0.404,0,0.739,0.719,1,0.000,0.000,0.000,0.000,0.000,0.000,-0.070,-0.222
217.21,0.404,0,0.731,0.716,1,0.000,0.000,0.000,0.000,0.000,0.000,-0.056,-0.207
217.41,0.405,0,0.731,0.716,1,0.000,0.000,0.000,0.000,0.000,0.000,-0.058,-0.223
217.61,0.404,0,0.732,0.717,1,0.000,0.000,0.000,0.000,0.000,0.000,-0.073,-0.229
217.81,0.405,0,0.732,0.717,1,0.000,0.000,0.000,0.000,0.000,0.000,-0.063,-0.213
218.01,0.396,0,0.732,0.717,1,0.000,0.000,0.000,0.000,0.000,0.000,-0.065,-0.197
218.21,0.404,0,0.733,0.717,1,0.000,0.000,0.000,0.000,0.000,0.000,-0.066,-0.205
218.41,0.405,0,0.733,0.717,1,0.000,0.000,0.000,0.000,0.000,0.000,-0.065,-0.218
218.61,0.373,0,0.735,0.718,1,0.000,0.000,0.000,0.000,0.000,0.000,-0.063,-0.212
218.81,0.378,0,0.735,0.718,1,0.000,0.000,0.000,0.000,0.000,0.000,-0.063,-0.214
219.01,0.391,0,0.735,0.718,1,0.000,0.000,0.000,0.000,0.000,0.000,-0.071,-0.217
219.21,0.373,0,0.733,0.716,1,0.000,0.000,0.000,0.000,0.000,0.000,-0.068,-0.214
219.41,0.405,0,0.733,0.716,1,0.000,0.000,0.000,0.000,0.000,0.000,-0.064,-0.204
219.62,0.404,0,0.736,0.717,1,0.000,0.000,0.000,0.000,0.000,0.000,-0.064,-0.215
219.81,0.366,0,0.736,0.717,1,0.000,0.000,0.000,0.000,0.000,0.000,-0.073,-0.215
220.01,0.396,0,0.736,0.717,1,0.000,0.000,0.000,0.000,0.000,0.000,-0.069,-0.212
220.21,0.233,0,0.735,0.719,1,0.000,0.000,0.000,0.000,0.000,0.000,-0.062,-0.216
220.41,0.363,0,0.735,0.719,1,0.000,0.000,0.000,0.000,0.000,0.000,-0.063,-0.218
220.61,0.398,0,0.738,0.719,1,0.000,0.000,0.000,0.000,0.000,0.000,-0.059,-0.206
220.81,0.377,0,0.738,0.719,1,0.000,0.000,0.000,0.000,0.000,0.000,-0.067,-0.214
221.01,0.404,0,0.738,0.719,1,0.000,0.000,0.000,0.000,0.000,0.000,-0.077,-0.209
221.21,0.404,0,0.735,0.723,1,0.000,0.000,0.000,0.000,0.000,0.000,-0.072,-0.205
221.41,0.404,0,0.735,0.723,1,0.000,0.000,0.000,0.000,0.000,0.000,-0.068,-0.203
221.61,0.404,0,0.739,0.724,1,0.000,0.000,0.000,0.000,0.000,0.000,-0.071,-0.210
221.81,0.404,0,0.739,0.724,1,0.000,0.000,0.000,0.000,0.000,0.000,-0.074,-0.216
222.01,0.405,0,0.739,0.724,1,0.000,0.000,0.000,0.000,0.000,0.000,-0.079,-0.200
222.21,0.405,0,0.736,0.721,1,0.000,0.000,0.000,0.000,0.000,0.000,-0.071,-0.196
222.41,0.404,0,0.736,0.721,1,0.000,0.000,0.000,0.000,0.000,0.000,-0.065,-0.205
222.61,0.405,0,0.735,0.728,1,0.000,0.000,0.000,0.000,0.000,0.000,-0.062,-0.231
222.81,0.405,0,0.735,0.728,1,0.000,0.000,0.000,0.000,0.000,0.000,-0.067,-0.220
223.01,0.404,0,0.735,0.728,1,0.000,0.000,0.000,0.000,0.000,0.000,-0.063,-0.203
223.21,0.404,0,0.737,0.722,1,0.000,0.000,0.000,0.000,0.000,0.000,-0.056,-0.199
223.41,0.405,0,0.737,0.722,1,0.000,0.000,0.000,0.000,0.000,0.000,-0.061,-0.222
223.61,0.405,0,0.736,0.724,1,0.000,0.000,0.000,0.000,0.000,0.000,-0.065,-0.214
223.81,0.404,0,0.736,0.724,1,0.000,0.000,0.000,0.000,0.000,0.000,-0.068,-0.206
224.01,0.405,0,0.736,0.724,1,0.000,0.000,0.000,0.000,0.000,0.000,-0.062,-0.213
224.21,0.404,0,0.736,0.730,1,0.000,0.000,0.000,0.000,0.000,0.000,-0.054,-0.211
224.41,0.404,0,0.736,0.730,1,0.000,0.000,0.000,0.000,0.000,0.000,-0.056,-0.216
224.61,0.405,0,0.735,0.721,1,0.000,0.000,0.000,0.000,0.000,0.000,-0.073,-0.208
224.81,0.404,0,0.735,0.721,1,0.000,0.000,0.000,0.000,0.000,0.000,-0.072,-0.196
225.01,0.404,0,0.735,0.721,1,0.000,0.000,0.000,0.000,0.000,0.000,-0.059,-0.213
225.21,0.404,0,0.734,0.722,1,0.000,0.000,0.000,0.000,0.000,0.000,-0.073,-0.211
225.41,0.405,0,0.734,0.722,1,0.000,0.000,0.000,0.000,0.000,0.000,-0.068,-0.209
225.61,0.405,0,0.735,0.719,1,0.000,0.000,0.000,0.000,0.000,0.000,-0.060,-0.212
225.81,0.404,0,0.735,0.719,1,0.000,0.000,0.000,0.000,0.000,0.000,-0.064,-0.212
226.01,0.405,0,0.735,0.719,1,0.000,0.000,0.000,0.000,0.000,0.000,-0.067,-0.203
226.21,0.404,0,0.736,0.719,1,0.000,0.000,0.000,0.000,0.000,0.000,-0.062,-0.216
226.41,0.404,0,0.736,0.719,1,0.000,0.000,0.000,0.000,0.000,0.000,-0.054,-0.219
226.61,0.405,0,0.731,0.716,1,0.000,0.000,0.000,0.000,0.000,0.000,-0.049,-0.227
226.81,0.404,0,0.731,0.716,1,0.000,0.000,0.000,0.000,0.000,0.000,-0.053,-0.222
227.01,0.405,0,0.731,0.716,1,0.000,0.000,0.000,0.000,0.000,0.000,-0.067,-0.209
227.21,0.404,0,0.734,0.718,1,0.000,0.000,0.000,0.000,0.000,0.000,-0.057,-0.208
227.41,0.404,0,0.734,0.718,1,0.000,0.000,0.000,0.000,0.000,0.000,-0.067,-0.207
227.61,0.405,0,0.740,0.723,1,0.000,0.000,0.000,0.000,0.000,0.000,-0.061,-0.211
227.81,0.404,0,0.740,0.723,1,0.000,0.000,0.000,0.000,0.000,0.000,-0.058,-0.211
228.01,0.404,0,0.740,0.723,1,0.000,0.000,0.000,0.000,0.000,0.000,-0.066,-0.208
228.21,0.404,0,0.745,0.726,1,0.000,0.000,0.000,0.000,0.000,0.000,-0.060,-0.216
228.41,0.404,0,0.745,0.726,1,0.000,0.000,0.000,0.000,0.000,0.000,-0.067,-0.216
228.61,0.405,0,0.739,0.728,1,0.000,0.000,0.000,0.000,0.000,0.000,-0.058,-0.207
228.81,0.404,0,0.739,0.728,1,0.000,0.000,0.000,0.000,0.000,0.000,-0.052,-0.207
229.01,0.404,0,0.739,0.728,1,0.000,0.000,0.000,0.000,0.000,0.000,-0.066,-0.225
229.21,0.405,0,0.735,0.716,1,0.000,0.000,0.000,0.000,0.000,0.000,-0.071,-0.231
229.41,0.405,0,0.735,0.716,1,0.000,0.000,0.000,0.000,0.000,0.000,-0.063,-0.211
229.61,0.404,0,0.735,0.716,1,0.000,0.000,0.000,0.000,0.000,0.000,-0.048,-0.206
229.81,0.404,0,0.735,0.716,1,0.000,0.000,0.000,0.000,0.000,0.000,-0.065,-0.216
230.01,0.404,0,0.735,0.716,1,0.000,0.000,0.000,0.000,0.000,0.000,-0.075,-0.214
230.21,0.404,0,0.726,0.712,1,0.000,0.000,0.000,0.000,0.000,0.000,-0.060,-0.216
230.41,0.404,0,0.726,0.712,1,0.000,0.000,0.000,0.000,0.000,0.000,-0.058,-0.212
230.61,0.404,0,0.733,0.720,1,0.000,0.000,0.000,0.000,0.000,0.000,-0.062,-0.196
230.81,0.404,0,0.733,0.720,1,0.000,0.000,0.000,0.000,0.000,0.000,-0.050,-0.193
231.01,0.405,0,0.733,0.720,1,0.000,0.000,0.000,0.000,0.000,0.000,-0.056,-0.206
231.21,0.404,0,0.742,0.723,1,0.000,0.000,0.000,0.000,0.000,0.000,-0.064,-0.208
231.41,0.404,0,0.742,0.723,1,0.000,0.000,0.000,0.000,0.000,0.000,-0.070,-0.187
231.61,0.404,0,0.735,0.722,1,0.000,0.000,0.000,0.000,0.000,0.000,-0.061,-0.173
231.81,0.404,0,0.735,0.722,1,0.000,0.000,0.000,0.000,0.000,0.000,-0.068,-0.186
232.01,0.404,0,0.735,0.722,1,0.000,0.000,0.000,0.000,0.000,0.000,-0.076,-0.189
232.21,0.404,0,0.731,0.718,1,0.000,0.000,0.000,0.000,0.000,0.000,-0.069,-0.198
232.41,0.404,0,0.731,0.718,1,0.000,0.000,0.000,0.000,0.000,0.000,-0.072,-0.198
232.62,0.404,0,0.734,0.719,1,0.000,0.000,0.000,0.000,0.000,0.000,-0.074,-0.195
232.81,0.404,0,0.734,0.719,1,0.000,0.000,0.000,0.000,0.000,0.000,-0.062,-0.213
233.01,0.404,0,0.734,0.719,1,0.000,0.000,0.000,0.000,0.000,0.000,-0.061,-0.211
233.21,0.404,0,0.739,0.756,1,0.000,0.000,0.000,0.000,0.000,0.000,-0.055,-0.189
233.41,0.405,0,0.739,0.756,1,0.000,0.000,0.000,0.000,0.000,0.000,-0.066,-0.185
233.61,0.405,0,0.737,0.749,1,0.000,0.000,0.000,0.000,0.000,0.000,-0.065,-0.216
233.81,0.405,0,0.737,0.749,1,0.000,0.000,0.000,0.000,0.000,0.000,-0.061,-0.219
234.01,0.404,0,0.737,0.749,1,0.000,0.000,0.000,0.000,0.000,0.000,-0.061,-0.200
234.21,0.404,0,0.741,0.737,1,0.000,0.000,0.000,0.000,0.000,0.000,-0.060,-0.192
234.41,0.405,0,0.741,0.737,1,0.000,0.000,0.000,0.000,0.000,0.000,-0.057,-0.200
234.61,0.404,0,0.741,0.741,1,0.000,0.000,0.000,0.000,0.000,0.000,-0.065,-0.195
234.81,0.405,0,0.741,0.741,1,0.000,0.000,0.000,0.000,0.000,0.000,-0.066,-0.206
235.01,0.405,0,0.741,0.741,1,0.000,0.000,0.000,0.000,0.000,0.000,-0.066,-0.196
235.21,0.404,0,0.728,0.726,1,0.000,0.000,0.000,0.000,0.000,0.000,-0.067,-0.195
235.41,0.404,0,0.728,0.726,1,0.000,0.000,0.000,0.000,0.000,0.000,-0.067,-0.200
235.61,0.404,0,0.733,0.728,1,0.000,0.000,0.000,0.000,0.000,0.000,-0.066,-0.200
235.81,0.404,0,0.733,0.728,1,0.000,0.000,0.000,0.000,0.000,0.000,-0.063,-0.200
236.01,0.405,0,0.733,0.728,1,0.000,0.000,0.000,0.000,0.000,0.000,-0.059,-0.208
236.21,0.404,0,0.738,0.737,1,0.000,0.000,0.000,0.000,0.000,0.000,-0.061,-0.212
236.41,0.404,0,0.738,0.737,1,0.000,0.000,0.000,0.000,0.000,0.000,-0.054,-0.195
236.61,0.404,0,0.739,0.734,1,0.000,0.000,0.000,0.000,0.000,0.000,-0.050,-0.203
236.81,0.404,0,0.739,0.734,1,0.000,0.000,0.000,0.000,0.000,0.000,-0.059,-0.206
237.01,0.404,0,0.739,0.734,1,0.000,0.000,0.000,0.000,0.000,0.000,-0.058,-0.210
237.21,0.405,0,0.743,0.732,1,0.000,0.000,0.000,0.000,0.000,0.000,-0.051,-0.212
237.41,0.404,0,0.743,0.732,1,0.000,0.000,0.000,0.000,0.000,0.000,-0.055,-0.212
237.61,0.404,0,0.739,0.731,1,0.000,0.000,0.000,0.000,0.000,0.000,-0.063,-0.209
237.81,0.404,0,0.739,0.731,1,0.000,0.000,0.000,0.000,0.000,0.000,-0.071,-0.215
238.01,0.404,0,0.739,0.731,1,0.000,0.000,0.000,0.000,0.000,0.000,-0.059,-0.199
238.21,0.404,0,0.739,0.729,1,0.000,0.000,0.000,0.000,0.000,0.000,-0.054,-0.201
238.41,0.404,0,0.739,0.729,1,0.000,0.000,0.000,0.000,0.000,0.000,-0.059,-0.211
238.61,0.404,0,0.736,0.730,1,0.000,0.000,0.000,0.000,0.000,0.000,-0.058,-0.215
238.81,0.405,0,0.736,0.730,1,0.000,0.000,0.000,0.000,0.000,0.000,-0.050,-0.213
239.01,0.404,0,0.736,0.730,1,0.000,0.000,0.000,0.000,0.000,0.000,-0.048,-0.215
239.21,0.404,0,0.736,0.724,1,0.000,0.000,0.000,0.000,0.000,0.000,-0.056,-0.204
239.41,0.404,0,0.736,0.724,1,0.000,0.000,0.000,0.000,0.000,0.000,-0.049,-0.213
239.61,0.404,0,0.713,0.711,1,0.000,0.000,0.000,0.000,0.000,0.000,-0.054,-0.208
239.81,0.404,0,0.713,0.711,1,0.000,0.000,0.000,0.000,0.000,0.000,-0.057,-0.201
240.01,0.404,0,0.713,0.711,1,0.000,0.000,0.000,0.000,0.000,0.000,-0.058,-0.206
240.21,0.404,0,0.716,0.713,1,0.000,0.000,0.000,0.000,0.000,0.000,-0.049,-0.202
240.41,0.404,0,0.716,0.713,1,0.000,0.000,0.000,0.000,0.000,0.000,-0.043,-0.210
240.61,0.404,0,0.717,0.712,1,0.000,0.000,0.000,0.000,0.000,0.000,-0.062,-0.202
240.81,0.404,0,0.717,0.712,1,0.000,0.000,0.000,0.000,0.000,0.000,-0.057,-0.204
241.01,0.404,0,0.717,0.712,1,0.000,0.000,0.000,0.000,0.000,0.000,-0.049,-0.209
241.21,0.404,0,0.708,0.709,1,0.000,0.000,0.000,0.000,0.000,0.000,-0.052,-0.207
241.41,0.405,0,0.708,0.709,1,0.000,0.000,0.000,0.000,0.000,0.000,-0.056,-0.207
241.61,0.404,0,0.711,0.708,1,0.000,0.000,0.000,0.000,0.000,0.000,-0.058,-0.197
241.81,0.404,0,0.711,0.708,1,0.000,0.000,0.000,0.000,0.000,0.000,-0.056,-0.205
242.01,0.405,0,0.711,0.708,1,0.000,0.000,0.000,0.000,0.000,0.000,-0.048,-0.208
242.21,0.404,0,0.713,0.713,1,0.000,0.000,0.000,0.000,0.000,0.000,-0.052,-0.201
242.41,0.404,0,0.713,0.713,1,0.000,0.000,0.000,0.000,0.000,0.000,-0.054,-0.200
242.61,0.404,0,0.718,0.715,1,0.000,0.000,0.000,0.000,0.000,0.000,-0.044,-0.199
242.81,0.404,0,0.718,0.715,1,0.000,0.000,0.000,0.000,0.000,0.000,-0.044,-0.204
243.01,0.404,0,0.718,0.715,1,0.000,0.000,0.000,0.000,0.000,0.000,-0.056,-0.203
243.21,0.405,0,0.723,0.716,1,0.000,0.000,0.000,0.000,0.000,0.000,-0.057,-0.201
243.41,0.404,0,0.723,0.716,1,0.000,0.000,0.000,0.000,0.000,0.000,-0.051,-0.194
243.61,0.404,0,0.720,0.717,1,0.000,0.000,0.000,0.000,0.000,0.000,-0.056,-0.211
243.81,0.404,0,0.720,0.717,1,0.000,0.000,0.000,0.000,0.000,0.000,-0.052,-0.205
244.01,0.404,0,0.720,0.717,1,0.000,0.000,0.000,0.000,0.000,0.000,-0.050,-0.202
244.21,0.405,0,0.717,0.716,1,0.000,0.000,0.000,0.000,0.000,0.000,-0.054,-0.213
244.41,0.405,0,0.717,0.716,1,0.000,0.000,0.000,0.000,0.000,0.000,-0.050,-0.212
244.61,0.404,0,0.718,0.717,1,0.000,0.000,0.000,0.000,0.000,0.000,-0.044,-0.209
244.81,0.404,0,0.718,0.717,1,0.000,0.000,0.000,0.000,0.000,0.000,-0.051,-0.205
245.01,0.404,0,0.718,0.717,1,0.000,0.000,0.000,0.000,0.000,0.000,-0.059,-0.211
245.21,0.404,0,0.729,0.719,1,0.000,0.000,0.000,0.000,0.000,0.000,-0.066,-0.207
245.41,0.404,0,0.729,0.719,1,0.000,0.000,0.000,0.000,0.000,0.000,-0.053,-0.201
245.61,0.405,0,0.722,0.718,1,0.000,0.000,0.000,0.000,0.000,0.000,-0.041,-0.208
245.81,0.404,0,0.722,0.718,1,0.000,0.000,0.000,0.000,0.000,0.000,-0.049,-0.201
246.01,0.404,0,0.722,0.718,1,0.000,0.000,0.000,0.000,0.000,0.000,-0.058,-0.198
246.21,0.404,0,0.718,0.714,1,0.000,0.000,0.000,0.000,0.000,0.000,-0.057,-0.202
246.41,0.404,0,0.718,0.714,1,0.000,0.000,0.000,0.000,0.000,0.000,-0.054,-0.197
246.61,0.404,0,0.711,0.713,1,0.000,0.000,0.000,0.000,0.000,0.000,-0.047,-0.213
246.81,0.405,0,0.711,0.713,1,0.000,0.000,0.000,0.000,0.000,0.000,-0.054,-0.221
247.01,0.404,0,0.711,0.713,1,0.000,0.000,0.000,0.000,0.000,0.000,-0.058,-0.208
247.21,0.405,0,0.722,0.713,1,0.000,0.000,0.000,0.000,0.000,0.000,-0.055,-0.201
247.41,0.404,0,0.722,0.713,1,0.000,0.000,0.000,0.000,0.000,0.000,-0.053,-0.205
247.61,0.404,0,0.718,0.714,1,0.000,0.000,0.000,0.000,0.000,0.000,-0.065,-0.226
247.81,0.404,0,0.718,0.714,1,0.000,0.000,0.000,0.000,0.000,0.000,-0.062,-0.207
248.01,0.405,0,0.718,0.714,1,0.000,0.000,0.000,0.000,0.000,0.000,-0.057,-0.196
248.21,0.404,0,0.728,0.713,1,0.000,0.000,0.000,0.000,0.000,0.000,-0.046,-0.201
248.41,0.405,0,0.728,0.713,1,0.000,0.000,0.000,0.000,0.000,0.000,-0.056,-0.215
248.61,0.109,0,0.730,0.717,1,0.000,0.000,0.000,0.000,0.000,0.000,-0.055,-0.218
248.81,0.108,0,0.730,0.717,1,0.000,0.000,0.000,0.000,0.000,0.000,-0.052,-0.203
249.01,0.404,0,0.730,0.717,1,0.000,0.000,0.000,0.000,0.000,0.000,-0.052,-0.201
249.21,0.109,0,0.730,0.721,1,0.000,0.000,0.000,0.000,0.000,0.000,-0.049,-0.219
249.41,0.404,0,0.730,0.721,1,0.000,0.000,0.000,0.000,0.000,0.000,-0.060,-0.223
249.61,0.111,0,0.730,0.719,1,0.000,0.000,0.000,0.000,0.000,0.000,-0.060,-0.208
249.81,0.108,0,0.730,0.719,1,0.000,0.000,0.000,0.000,0.000,0.000,-0.039,-0.231
250.01,0.108,0,0.730,0.719,1,0.000,0.000,0.000,0.000,0.000,0.000,-0.046,-0.233
250.21,0.108,0,0.730,0.715,1,0.000,0.000,0.000,0.000,0.000,0.000,-0.056,-0.224
250.41,0.404,0,0.730,0.715,1,0.000,0.000,0.000,0.000,0.000,0.000,-0.062,-0.212
250.61,0.111,0,0.731,0.714,1,0.000,0.000,0.000,0.000,0.000,0.000,-0.049,-0.204
250.81,0.109,0,0.731,0.714,1,0.000,0.000,0.000,0.000,0.000,0.000,-0.046,-0.224
251.01,0.108,0,0.731,0.714,1,0.000,0.000,0.000,0.000,0.000,0.000,-0.049,-0.232
251.21,0.109,0,0.723,0.710,1,0.000,0.000,0.000,0.000,0.000,0.000,-0.061,-0.231
251.41,0.405,0,0.723,0.710,1,0.000,0.000,0.000,0.000,0.000,0.000,-0.064,-0.198
251.61,0.108,0,0.715,0.708,1,0.000,0.000,0.000,0.000,0.000,0.000,-0.052,-0.193
251.81,0.108,0,0.715,0.708,1,0.000,0.000,0.000,0.000,0.000,0.000,-0.053,-0.215
252.01,0.404,0,0.715,0.708,1,0.000,0.000,0.000,0.000,0.000,0.000,-0.064,-0.220
252.21,0.404,0,0.712,0.711,1,0.000,0.000,0.000,0.000,0.000,0.000,-0.067,-0.214
252.41,0.108,0,0.712,0.711,1,0.000,0.000,0.000,0.000,0.000,0.000,-0.048,-0.216
252.61,0.108,0,0.724,0.714,1,0.000,0.000,0.000,0.000,0.000,0.000,-0.049,-0.215
252.81,0.404,0,0.724,0.714,1,0.000,0.000,0.000,0.000,0.000,0.000,-0.064,-0.197
253.01,0.109,0,0.724,0.714,1,0.000,0.000,0.000,0.000,0.000,0.000,-0.073,-0.200
253.21,0.404,0,0.725,0.716,1,0.000,0.000,0.000,0.000,0.000,0.000,-0.068,-0.203
253.41,0.111,0,0.725,0.716,1,0.000,0.000,0.000,0.000,0.000,0.000,-0.056,-0.191
253.61,0.404,0,0.730,0.720,1,0.000,0.000,0.000,0.000,0.000,0.000,-0.061,-0.185
253.81,0.108,0,0.730,0.720,1,0.000,0.000,0.000,0.000,0.000,0.000,-0.064,-0.193
254.01,0.405,0,0.730,0.720,1,0.000,0.000,0.000,0.000,0.000,0.000,-0.057,-0.207
254.21,0.404,0,0.731,0.721,1,0.000,0.000,0.000,0.000,0.000,0.000,-0.064,-0.199
254.41,0.108,0,0.731,0.721,1,0.000,0.000,0.000,0.000,0.000,0.000,-0.058,-0.196
254.61,0.404,0,0.733,0.718,1,0.000,0.000,0.000,0.000,0.000,0.000,-0.071,-0.217
254.81,0.404,0,0.733,0.718,1,0.000,0.000,0.000,0.000,0.000,0.000,-0.069,-0.200
255.01,0.108,0,0.733,0.718,1,0.000,0.000,0.000,0.000,0.000,0.000,-0.062,-0.203
255.21,0.404,0,0.730,0.721,1,0.000,0.000,0.000,0.000,0.000,0.000,-0.070,-0.213
255.41,0.109,0,0.730,0.721,1,0.000,0.000,0.000,0.000,0.000,0.000,-0.071,-0.209
255.61,0.108,0,0.731,0.723,1,0.000,0.000,0.000,0.000,0.000,0.000,-0.059,-0.198
255.81,0.108,0,0.731,0.723,1,0.000,0.000,0.000,0.000,0.000,0.000,-0.047,-0.206
256.01,0.108,0,0.731,0.723,1,0.000,0.000,0.000,0.000,0.000,0.000,-0.057,-0.224
256.21,0.404,0,0.733,0.722,1,0.000,0.000,0.000,0.000,0.000,0.000,-0.073,-0.215
256.41,0.405,0,0.733,0.722,1,0.000,0.000,0.000,0.000,0.000,0.000,-0.056,-0.192
256.61,0.405,0,0.732,0.720,1,0.000,0.000,0.000,0.000,0.000,0.000,-0.057,-0.199
256.81,0.405,0,0.732,0.720,1,0.000,0.000,0.000,0.000,0.000,0.000,-0.057,-0.209
257.01,0.109,0,0.732,0.720,1,0.000,0.000,0.000,0.000,0.000,0.000,-0.063,-0.218
257.21,0.404,0,0.730,0.722,1,0.000,0.000,0.000,0.000,0.000,0.000,-0.057,-0.203
257.41,0.404,0,0.730,0.722,1,0.000,0.000,0.000,0.000,0.000,0.000,-0.058,-0.202
257.61,0.109,0,0.736,0.726,1,0.000,0.000,0.000,0.000,0.000,0.000,-0.052,-0.212
257.81,0.404,0,0.736,0.726,1,0.000,0.000,0.000,0.000,0.000,0.000,-0.055,-0.218
258.01,0.405,0,0.736,0.726,1,0.000,0.000,0.000,0.000,0.000,0.000,-0.068,-0.198
258.21,0.108,0,0.733,0.722,1,0.000,0.000,0.000,0.000,0.000,0.000,-0.063,-0.196
258.41,0.405,0,0.733,0.722,1,0.000,0.000,0.000,0.000,0.000,0.000,-0.047,-0.216
258.61,0.109,0,0.728,0.720,1,0.000,0.000,0.000,0.000,0.000,0.000,-0.046,-0.222
258.81,0.108,0,0.728,0.720,1,0.000,0.000,0.000,0.000,0.000,0.000,-0.053,-0.215
259.01,0.404,0,0.728,0.720,1,0.000,0.000,0.000,0.000,0.000,0.000,-0.054,-0.203
259.21,0.112,0,0.722,0.722,1,0.000,0.000,0.000,0.000,0.000,0.000,-0.059,-0.196
259.41,0.109,0,0.722,0.722,1,0.000,0.000,0.000,0.000,0.000,0.000,-0.064,-0.204
259.61,0.109,0,0.728,0.719,1,0.000,0.000,0.000,0.000,0.000,0.000,-0.062,-0.215
259.81,0.404,0,0.728,0.719,1,0.000,0.000,0.000,0.000,0.000,0.000,-0.059,-0.214
260.01,0.404,0,0.728,0.719,1,0.000,0.000,0.000,0.000,0.000,0.000,-0.058,-0.195
260.21,0.111,0,0.732,0.721,1,0.000,0.000,0.000,0.000,0.000,0.000,-0.053,-0.198
260.41,0.108,0,0.732,0.721,1,0.000,0.000,0.000,0.000,0.000,0.000,-0.044,-0.214
260.61,0.405,0,0.731,0.720,1,0.000,0.000,0.000,0.000,0.000,0.000,-0.061,-0.213
260.81,0.108,0,0.731,0.720,1,0.000,0.000,0.000,0.000,0.000,0.000,-0.052,-0.213
261.01,0.404,0,0.731,0.720,1,0.000,0.000,0.000,0.000,0.000,0.000,-0.052,-0.216
261.21,0.404,0,0.728,0.720,1,0.000,0.000,0.000,0.000,0.000,0.000,-0.066,-0.207
261.41,0.405,0,0.728,0.720,1,0.000,0.000,0.000,0.000,0.000,0.000,-0.064,-0.201
261.61,0.108,0,0.727,0.720,1,0.000,0.000,0.000,0.000,0.000,0.000,-0.047,-0.202
261.81,0.109,0,0.727,0.720,1,0.000,0.000,0.000,0.000,0.000,0.000,-0.055,-0.212
262.01,0.404,0,0.727,0.720,1,0.000,0.000,0.000,0.000,0.000,0.000,-0.069,-0.192
262.21,0.111,0,0.723,0.719,1,0.000,0.000,0.000,0.000,0.000,0.000,-0.056,-0.185
262.41,0.404,0,0.723,0.719,1,0.000,0.000,0.000,0.000,0.000,0.000,-0.048,-0.205
262.61,0.108,0,0.725,0.722,1,0.000,0.000,0.000,0.000,0.000,0.000,-0.051,-0.219
262.81,0.108,0,0.725,0.722,1,0.000,0.000,0.000,0.000,0.000,0.000,-0.046,-0.212
263.01,0.404,0,0.725,0.722,1,0.000,0.000,0.000,0.000,0.000,0.000,-0.052,-0.203
263.21,0.109,0,0.726,0.721,1,0.000,0.000,0.000,0.000,0.000,0.000,-0.062,-0.200
263.41,0.404,0,0.726,0.721,1,0.000,0.000,0.000,0.000,0.000,0.000,-0.054,-0.197
263.61,0.404,0,0.724,0.720,1,0.000,0.000,0.000,0.000,0.000,0.000,-0.038,-0.197
263.81,0.404,0,0.724,0.720,1,0.000,0.000,0.000,0.000,0.000,0.000,-0.039,-0.201
264.01,0.405,0,0.724,0.720,1,0.000,0.000,0.000,0.000,0.000,0.000,-0.070,-0.201
264.21,0.405,0,0.732,0.719,1,0.000,0.000,0.000,0.000,0.000,0.000,-0.076,-0.199
264.41,0.108,0,0.732,0.719,1,0.000,0.000,0.000,0.000,0.000,0.000,-0.058,-0.206
264.61,0.404,0,0.732,0.721,1,0.000,0.000,0.000,0.000,0.000,0.000,-0.059,-0.222
264.81,0.108,0,0.732,0.721,1,0.000,0.000,0.000,0.000,0.000,0.000,-0.056,-0.223
265.01,0.108,0,0.732,0.721,1,0.000,0.000,0.000,0.000,0.000,0.000,-0.048,-0.223
265.21,0.405,0,0.720,0.717,1,0.000,0.000,0.000,0.000,0.000,0.000,-0.058,-0.208
265.41,0.108,0,0.720,0.717,1,0.000,0.000,0.000,0.000,0.000,0.000,-0.044,-0.196
265.61,0.404,0,0.722,0.722,1,0.000,0.000,0.000,0.000,0.000,0.000,-0.055,-0.206
265.81,0.405,0,0.722,0.722,1,0.000,0.000,0.000,0.000,0.000,0.000,-0.066,-0.195
266.01,0.108,0,0.722,0.722,1,0.000,0.000,0.000,0.000,0.000,0.000,-0.051,-0.205
266.21,0.405,0,0.736,0.726,1,0.000,0.000,0.000,0.000,0.000,0.000,-0.049,-0.200
266.41,0.111,0,0.736,0.726,1,0.000,0.000,0.000,0.000,0.000,0.000,-0.051,-0.196
266.61,0.405,0,0.761,0.774,1,0.000,0.000,0.000,0.000,0.000,0.000,-0.056,-0.172
266.81,0.108,0,0.761,0.774,1,0.000,0.000,0.000,0.000,0.000,0.000,-0.051,-0.171
267.01,0.405,0,0.761,0.774,1,0.000,0.000,0.000,0.000,0.000,0.000,-0.044,-0.190
267.21,0.404,0,0.762,0.784,1,0.000,0.000,0.000,0.000,0.000,0.000,-0.043,-0.212
267.41,0.404,0,0.762,0.784,1,0.000,0.000,0.000,0.000,0.000,0.000,-0.058,-0.212
267.61,0.405,0,0.715,0.776,1,0.000,0.000,0.000,0.000,0.000,0.000,-0.073,-0.195
267.81,0.111,0,0.715,0.776,1,0.000,0.000,0.000,0.000,0.000,0.000,-0.059,-0.195
268.01,0.405,0,0.715,0.776,1,0.000,0.000,0.000,0.000,0.000,0.000,-0.036,-0.204
268.21,0.404,0,0.744,0.764,1,0.000,0.000,0.000,0.000,0.000,0.000,-0.033,-0.211
268.41,0.404,0,0.744,0.764,1,0.000,0.000,0.000,0.000,0.000,0.000,-0.052,-0.236
268.61,0.405,0,0.817,0.844,1,0.000,0.000,0.000,0.000,0.000,0.000,-0.059,-0.209
268.81,0.405,0,0.817,0.844,1,0.000,0.000,0.000,0.000,0.000,0.000,-0.056,-0.194
269.01,0.404,0,0.817,0.844,1,0.000,0.000,0.000,0.000,0.000,0.000,-0.057,-0.207
269.21,0.108,0,0.869,0.902,1,0.000,0.000,0.000,0.000,0.000,0.000,-0.043,-0.225
269.41,0.404,0,0.869,0.902,1,0.000,0.000,0.000,0.000,0.000,0.000,-0.035,-0.217
269.61,0.111,0,0.873,0.903,1,0.000,0.000,0.000,0.000,0.000,0.000,-0.062,-0.198
269.81,0.108,0,0.873,0.903,1,0.000,0.000,0.000,0.000,0.000,0.000,-0.060,-0.197
270.01,0.405,0,0.873,0.903,1,0.000,0.000,0.000,0.000,0.000,0.000,-0.049,-0.197
270.21,0.109,0,0.982,0.931,1,0.000,0.000,0.000,0.000,0.000,0.000,-0.067,-0.215
270.41,0.108,0,0.982,0.931,1,0.000,0.000,0.000,0.000,0.000,0.000,-0.054,-0.217
270.61,0.405,0,1.098,0.954,1,0.000,0.000,0.000,0.000,0.000,0.000,-0.058,-0.216
270.81,0.405,0,1.098,0.954,1,0.000,0.000,0.000,0.000,0.000,0.000,-0.046,-0.216
271.01,0.111,0,1.098,0.954,1,0.000,0.000,0.000,0.000,0.000,0.000,-0.034,-0.208
271.21,0.405,0,1.099,1.169,1,0.000,0.000,0.000,0.000,0.000,0.000,-0.046,-0.206
271.41,0.405,0,1.099,1.169,1,0.000,0.000,0.000,0.000,0.000,0.000,-0.047,-0.186
271.61,0.404,0,1.099,1.174,1,0.000,0.000,0.000,0.000,0.000,0.000,-0.046,-0.214
271.81,0.405,0,1.099,1.174,1,0.000,0.000,0.000,0.000,0.000,0.000,-0.046,-0.217
272.01,0.404,0,1.099,1.174,1,0.000,0.000,0.000,0.000,0.000,0.000,-0.044,-0.210
272.21,0.404,0,1.098,1.167,1,0.000,0.000,0.000,0.000,0.000,0.000,-0.060,-0.213
272.41,0.405,0,1.098,1.167,1,0.000,0.000,0.000,0.000,0.000,0.000,-0.062,-0.216
272.61,0.108,0,1.096,1.177,1,0.000,0.000,0.000,0.000,0.000,0.000,-0.044,-0.229
272.81,0.404,0,1.096,1.177,1,0.000,0.000,0.000,0.000,0.000,0.000,-0.047,-0.240
273.01,0.109,0,1.096,1.177,1,0.000,0.000,0.000,0.000,0.000,0.000,-0.058,-0.247
273.21,0.404,0,1.183,1.171,1,0.000,0.000,0.000,0.000,0.000,0.000,-0.049,-0.227
273.41,0.405,0,1.183,1.171,1,0.000,0.000,0.000,0.000,0.000,0.000,-0.064,-0.212
273.61,0.405,0,1.096,1.165,1,0.000,0.000,0.000,0.000,0.000,0.000,-0.057,-0.216
273.81,0.404,0,1.096,1.165,1,0.000,0.000,0.000,0.000,0.000,0.000,-0.032,-0.216
274.01,0.404,0,1.096,1.165,1,0.000,0.000,0.000,0.000,0.000,0.000,-0.045,-0.221
274.21,0.404,0,1.098,1.166,1,0.000,0.000,0.000,0.000,0.000,0.000,-0.058,-0.216
274.41,0.405,0,1.098,1.166,1,0.000,0.000,0.000,0.000,0.000,0.000,-0.039,-0.217
274.61,0.404,0,1.100,1.165,1,0.000,0.000,0.000,0.000,0.000,0.000,-0.017,-0.203
274.81,0.405,0,1.100,1.165,1,0.000,0.000,0.000,0.000,0.000,0.000,-0.039,-0.204
275.01,0.404,0,1.100,1.165,1,0.000,0.000,0.000,0.000,0.000,0.000,-0.080,-0.211
275.21,0.404,0,1.096,1.171,1,0.000,0.000,0.000,0.000,0.000,0.000,-0.082,-0.205
275.41,0.404,0,1.096,1.171,1,0.000,0.000,0.000,0.000,0.000,0.000,-0.040,-0.195
275.61,0.404,0,1.097,1.170,1,0.000,0.000,0.000,0.000,0.000,0.000,-0.052,-0.210
275.81,0.404,0,1.097,1.170,1,0.000,0.000,0.000,0.000,0.000,0.000,-0.065,-0.211
276.01,0.404,0,1.097,1.170,1,0.000,0.000,0.000,0.000,0.000,0.000,-0.076,-0.204
276.21,0.404,0,1.098,1.173,1,0.000,0.000,0.000,0.000,0.000,0.000,-0.053,-0.207
276.41,0.404,0,1.098,1.173,1,0.000,0.000,0.000,0.000,0.000,0.000,-0.048,-0.201
276.61,0.404,0,1.096,1.170,1,0.000,0.000,0.000,0.000,0.000,0.000,-0.069,-0.209
276.81,0.404,0,1.096,1.170,1,0.000,0.000,0.000,0.000,0.000,0.000,-0.075,-0.219
277.01,0.404,0,1.096,1.170,1,0.000,0.000,0.000,0.000,0.000,0.000,-0.062,-0.209
277.21,0.404,0,1.184,1.173,1,0.000,0.000,0.000,0.000,0.000,0.000,-0.053,-0.203
277.41,0.405,0,1.184,1.173,1,0.000,0.000,0.000,0.000,0.000,0.000,-0.052,-0.203
277.61,0.404,0,1.096,1.171,1,0.000,0.000,0.000,0.000,0.000,0.000,-0.065,-0.202
277.81,0.405,0,1.096,1.171,1,0.000,0.000,0.000,0.000,0.000,0.000,-0.058,-0.205
278.01,0.404,0,1.096,1.171,1,0.000,0.000,0.000,0.000,0.000,0.000,-0.065,-0.204
278.21,0.405,0,1.097,1.175,1,0.000,0.000,0.000,0.000,0.000,0.000,-0.061,-0.201
278.41,0.405,0,1.097,1.175,1,0.000,0.000,0.000,0.000,0.000,0.000,-0.062,-0.202
278.61,0.404,0,1.094,1.173,1,0.000,0.000,0.000,0.000,0.000,0.000,-0.062,-0.203
278.81,0.404,0,1.094,1.173,1,0.000,0.000,0.000,0.000,0.000,0.000,-0.062,-0.206
279.01,0.405,0,1.094,1.173,1,0.000,0.000,0.000,0.000,0.000,0.000,-0.071,-0.197
279.21,0.405,0,1.098,1.174,1,0.000,0.000,0.000,0.000,0.000,0.000,-0.058,-0.184
279.41,0.404,0,1.098,1.174,1,0.000,0.000,0.000,0.000,0.000,0.000,-0.059,-0.181
279.61,0.405,0,1.176,1.177,1,0.000,0.000,0.000,0.000,0.000,0.000,-0.067,-0.188
279.81,0.404,0,1.176,1.177,1,0.000,0.000,0.000,0.000,0.000,0.000,-0.067,-0.196
280.01,0.405,0,1.176,1.177,1,0.000,0.000,0.000,0.000,0.000,0.000,-0.055,-0.191
280.21,0.405,0,1.095,1.168,1,0.000,0.000,0.000,0.000,0.000,0.000,-0.066,-0.185
280.41,0.404,0,1.095,1.168,1,0.000,0.000,0.000,0.000,0.000,0.000,-0.071,-0.183
280.61,0.404,0,1.097,1.162,1,0.000,0.000,0.000,0.000,0.000,0.000,-0.058,-0.192
280.81,0.404,0,1.097,1.162,1,0.000,0.000,0.000,0.000,0.000,0.000,-0.069,-0.198
281.01,0.405,0,1.097,1.162,1,0.000,0.000,0.000,0.000,0.000,0.000,-0.068,-0.188
281.21,0.405,0,1.097,1.175,1,0.000,0.000,0.000,0.000,0.000,0.000,-0.062,-0.184
281.41,0.404,0,1.097,1.175,1,0.000,0.000,0.000,0.000,0.000,0.000,-0.062,-0.202
281.61,0.404,0,1.182,1.169,1,0.000,0.000,0.000,0.000,0.000,0.000,-0.065,-0.201
281.81,0.405,0,1.182,1.169,1,0.000,0.000,0.000,0.000,0.000,0.000,-0.059,-0.203
282.01,0.405,0,1.182,1.169,1,0.000,0.000,0.000,0.000,0.000,0.000,-0.046,-0.196
282.21,0.404,0,1.096,1.172,1,0.000,0.000,0.000,0.000,0.000,0.000,-0.062,-0.205
282.41,0.405,0,1.096,1.172,1,0.000,0.000,0.000,0.000,0.000,0.000,-0.055,-0.219
282.61,0.405,0,1.097,1.163,1,0.000,0.000,0.000,0.000,0.000,0.000,-0.047,-0.208
282.81,0.404,0,1.097,1.163,1,0.000,0.000,0.000,0.000,0.000,0.000,-0.064,-0.201
283.01,0.404,0,1.097,1.163,1,0.000,0.000,0.000,0.000,0.000,0.000,-0.068,-0.207
283.21,0.404,0,1.097,1.173,1,0.000,0.000,0.000,0.000,0.000,0.000,-0.068,-0.209
283.41,0.404,0,1.097,1.173,1,0.000,0.000,0.000,0.000,0.000,0.000,-0.054,-0.197
283.61,0.405,0,1.096,1.177,1,0.000,0.000,0.000,0.000,0.000,0.000,-0.066,-0.199
283.81,0.405,0,1.096,1.177,1,0.000,0.000,0.000,0.000,0.000,0.000,-0.067,-0.216
284.01,0.404,0,1.096,1.177,1,0.000,0.000,0.000,0.000,0.000,0.000,-0.060,-0.216
284.21,0.404,0,1.099,1.173,1,0.000,0.000,0.000,0.000,0.000,0.000,-0.073,-0.200
284.41,0.404,0,1.099,1.173,1,0.000,0.000,0.000,0.000,0.000,0.000,-0.082,-0.196
284.61,0.404,0,1.178,1.170,1,0.000,0.000,0.000,0.000,0.000,0.000,-0.064,-0.203
284.81,0.405,0,1.178,1.170,1,0.000,0.000,0.000,0.000,0.000,0.000,-0.067,-0.209
285.01,0.404,0,1.178,1.170,1,0.000,0.000,0.000,0.000,0.000,0.000,-0.075,-0.204
285.21,0.405,0,1.182,1.171,1,0.000,0.000,0.000,0.000,0.000,0.000,-0.070,-0.211
285.41,0.405,0,1.182,1.171,1,0.000,0.000,0.000,0.000,0.000,0.000,-0.066,-0.210
285.61,0.404,0,1.097,1.172,1,0.000,0.000,0.000,0.000,0.000,0.000,-0.076,-0.216
285.81,0.405,0,1.097,1.172,1,0.000,0.000,0.000,0.000,0.000,0.000,-0.071,-0.208
286.01,0.404,0,1.097,1.172,1,0.000,0.000,0.000,0.000,0.000,0.000,-0.057,-0.203
286.21,0.404,0,1.096,1.173,1,0.000,0.000,0.000,0.000,0.000,0.000,-0.058,-0.202
286.41,0.404,0,1.096,1.173,1,0.000,0.000,0.000,0.000,0.000,0.000,-0.067,-0.202
286.61,0.404,0,1.095,1.175,1,0.000,0.000,0.000,0.000,0.000,0.000,-0.061,-0.193
286.81,0.404,0,1.095,1.175,1,0.000,0.000,0.000,0.000,0.000,0.000,-0.048,-0.197
287.01,0.405,0,1.095,1.175,1,0.000,0.000,0.000,0.000,0.000,0.000,-0.060,-0.208
287.21,0.341,0,1.096,1.174,1,0.000,0.000,0.000,0.000,0.000,0.000,-0.071,-0.215
287.41,0.278,0,1.096,1.174,1,0.000,0.000,0.000,0.000,0.000,0.000,-0.069,-0.223
287.61,0.241,0,1.094,1.176,1,0.000,0.000,0.000,0.000,0.000,0.000,-0.044,-0.216
287.81,0.218,0,1.094,1.176,1,0.000,0.000,0.000,0.000,0.000,0.000,-0.042,-0.205
288.01,0.241,0,1.094,1.176,1,0.000,0.000,0.000,0.000,0.000,0.000,-0.064,-0.204
288.21,0.249,0,1.096,1.178,1,0.000,0.000,0.000,0.000,0.000,0.000,-0.069,-0.209
288.41,0.108,0,1.096,1.178,1,0.000,0.000,0.000,0.000,0.000,0.000,-0.048,-0.211
288.61,0.108,0,1.100,1.175,1,0.000,0.000,0.000,0.000,0.000,0.000,-0.042,-0.217
288.81,0.235,0,1.100,1.175,1,0.000,0.000,0.000,0.000,0.000,0.000,-0.067,-0.212
289.01,0.226,0,1.100,1.175,1,0.000,0.000,0.000,0.000,0.000,0.000,-0.064,-0.197
289.21,0.108,0,1.100,1.175,1,0.000,0.000,0.000,0.000,0.000,0.000,-0.052,-0.196
289.41,0.195,0,1.100,1.175,1,0.000,0.000,0.000,0.000,0.000,0.000,-0.051,-0.202
289.61,0.194,0,1.097,1.173,1,0.000,0.000,0.000,0.000,0.000,0.000,-0.043,-0.192
289.81,0.198,0,1.097,1.173,1,0.000,0.000,0.000,0.000,0.000,0.000,-0.053,-0.193
290.01,0.202,0,1.097,1.173,1,0.000,0.000,0.000,0.000,0.000,0.000,-0.069,-0.192
290.21,0.202,0,1.095,1.178,1,0.000,0.000,0.000,0.000,0.000,0.000,-0.050,-0.200
290.41,0.211,0,1.095,1.178,1,0.000,0.000,0.000,0.000,0.000,0.000,-0.033,-0.202
290.61,0.214,0,1.098,1.173,1,0.000,0.000,0.000,0.000,0.000,0.000,-0.042,-0.192
290.81,0.209,0,1.098,1.173,1,0.000,0.000,0.000,0.000,0.000,0.000,-0.039,-0.192
291.01,0.204,0,1.098,1.173,1,0.000,0.000,0.000,0.000,0.000,0.000,-0.043,-0.199
291.21,0.202,0,1.097,1.174,1,0.000,0.000,0.000,0.000,0.000,0.000,-0.047,-0.217
291.41,0.211,0,1.097,1.174,1,0.000,0.000,0.000,0.000,0.000,0.000,-0.046,-0.210
291.61,0.151,0,1.097,1.172,1,0.000,0.000,0.000,0.000,0.000,0.000,-0.026,-0.219
291.81,0.156,0,1.097,1.172,1,0.000,0.000,0.000,0.000,0.000,0.000,-0.037,-0.219
292.01,0.163,0,1.097,1.172,1,0.000,0.000,0.000,0.000,0.000,0.000,-0.059,-0.210
292.21,0.154,0,0.181,1.171,0,0.000,0.000,0.000,0.000,0.000,0.000,-0.054,-0.211
292.41,0.151,0,0.181,1.171,0,0.000,0.000,0.000,0.000,0.000,0.000,-0.039,-0.224
292.61,0.146,0,0.172,1.169,0,0.000,0.000,0.000,0.000,0.000,0.000,-0.040,-0.228
292.81,0.154,0,0.172,1.169,0,0.000,0.000,0.000,0.000,0.000,0.000,-0.056,-0.213
293.01,0.175,0,0.172,1.169,0,0.000,0.000,0.000,0.000,0.000,0.000,-0.057,-0.207
293.21,0.193,0,1.097,1.176,1,0.000,0.000,0.000,0.000,0.000,0.000,-0.035,-0.209
293.41,0.206,0,1.097,1.176,1,0.000,0.000,0.000,0.000,0.000,0.000,-0.041,-0.207
293.61,0.218,0,1.098,1.168,1,0.000,0.000,0.000,0.000,0.000,0.000,-0.046,-0.214
293.81,0.221,0,1.098,1.168,1,0.000,0.000,0.000,0.000,0.000,0.000,-0.048,-0.206
294.01,0.226,0,1.098,1.168,1,0.000,0.000,0.000,0.000,0.000,0.000,-0.032,-0.202
294.21,0.226,0,1.096,1.166,1,0.000,0.000,0.000,0.000,0.000,0.000,-0.036,-0.219
294.41,0.227,0,1.096,1.166,1,0.000,0.000,0.000,0.000,0.000,0.000,-0.048,-0.220
294.61,0.222,0,1.096,1.176,1,0.000,0.000,0.000,0.000,0.000,0.000,-0.046,-0.216
294.81,0.230,0,1.096,1.176,1,0.000,0.000,0.000,0.000,0.000,0.000,-0.048,-0.213
295.01,0.228,0,1.096,1.176,1,0.000,0.000,0.000,0.000,0.000,0.000,-0.042,-0.220
295.21,0.230,0,1.095,1.170,1,0.000,0.000,0.000,0.000,0.000,0.000,-0.032,-0.207
295.41,0.228,0,1.095,1.170,1,0.000,0.000,0.000,0.000,0.000,0.000,-0.046,-0.210
295.61,0.232,0,1.098,1.171,1,0.000,0.000,0.000,0.000,0.000,0.000,-0.048,-0.213
295.81,0.232,0,1.098,1.171,1,0.000,0.000,0.000,0.000,0.000,0.000,-0.046,-0.213
296.01,0.235,0,1.098,1.171,1,0.000,0.000,0.000,0.000,0.000,0.000,-0.040,-0.204
296.21,0.235,0,1.100,1.175,1,0.000,0.000,0.000,0.000,0.000,0.000,-0.030,-0.211
296.41,0.238,0,1.100,1.175,1,0.000,0.000,0.000,0.000,0.000,0.000,-0.038,-0.219
296.61,0.233,0,1.097,1.178,1,0.000,0.000,0.000,0.000,0.000,0.000,-0.052,-0.211
296.81,0.236,0,1.097,1.178,1,0.000,0.000,0.000,0.000,0.000,0.000,-0.055,-0.206
297.01,0.234,0,1.097,1.178,1,0.000,0.000,0.000,0.000,0.000,0.000,-0.049,-0.209
297.21,0.232,0,1.098,1.167,1,0.000,0.000,0.000,0.000,0.000,0.000,-0.041,-0.208
297.41,0.235,0,1.098,1.167,1,0.000,0.000,0.000,0.000,0.000,0.000,-0.044,-0.211
297.61,0.234,0,1.097,1.168,1,0.000,0.000,0.000,0.000,0.000,0.000,-0.051,-0.215
297.81,0.237,0,1.097,1.168,1,0.000,0.000,0.000,0.000,0.000,0.000,-0.049,-0.212
298.01,0.235,0,1.097,1.168,1,0.000,0.000,0.000,0.000,0.000,0.000,-0.039,-0.191
298.21,0.240,0,1.099,1.174,1,0.000,0.000,0.000,0.000,0.000,0.000,-0.032,-0.190
298.41,0.238,0,1.099,1.174,1,0.000,0.000,0.000,0.000,0.000,0.000,-0.036,-0.211
298.61,0.238,0,1.101,1.175,1,0.000,0.000,0.000,0.000,0.000,0.000,-0.039,-0.217
298.81,0.242,0,1.101,1.175,1,0.000,0.000,0.000,0.000,0.000,0.000,-0.044,-0.209
299.01,0.244,0,1.101,1.175,1,0.000,0.000,0.000,0.000,0.000,0.000,-0.045,-0.211
299.21,0.244,0,1.096,1.167,1,0.000,0.000,0.000,0.000,0.000,0.000,-0.044,-0.219
299.41,0.240,0,1.096,1.167,1,0.000,0.000,0.000,0.000,0.000,0.000,-0.046,-0.212
299.61,0.240,0,1.097,1.173,1,0.000,0.000,0.000,0.000,0.000,0.000,-0.046,-0.202
299.81,0.243,0,1.097,1.173,1,0.000,0.000,0.000,0.000,0.000,0.000,-0.050,-0.207
300.01,0.244,0,1.097,1.173,1,0.000,0.000,0.000,0.000,0.000,0.000,-0.052,-0.212
300.21,0.244,0,1.095,1.175,1,0.000,0.000,0.000,0.000,0.000,0.000,-0.047,-0.210
300.42,0.242,0,1.095,1.175,1,0.000,0.000,0.000,0.000,0.000,0.000,-0.042,-0.201
300.61,0.244,0,1.097,1.172,1,0.000,0.000,0.000,0.000,0.000,0.000,-0.048,-0.216
300.81,0.241,0,1.097,1.172,1,0.000,0.000,0.000,0.000,0.000,0.000,-0.047,-0.226
301.01,0.243,0,1.097,1.172,1,0.000,0.000,0.000,0.000,0.000,0.000,-0.045,-0.232
301.21,0.246,0,1.096,1.174,1,0.000,0.000,0.000,0.000,0.000,0.000,-0.052,-0.224
301.41,0.247,0,1.096,1.174,1,0.000,0.000,0.000,0.000,0.000,0.000,-0.062,-0.216
301.61,0.244,0,1.096,1.172,1,0.000,0.000,0.000,0.000,0.000,0.000,-0.065,-0.214
301.81,0.250,0,1.096,1.172,1,0.000,0.000,0.000,0.000,0.000,0.000,-0.063,-0.212
302.01,0.250,0,1.096,1.172,1,0.000,0.000,0.000,0.000,0.000,0.000,-0.057,-0.215
302.21,0.253,0,1.096,1.164,1,0.000,0.000,0.000,0.000,0.000,0.000,-0.058,-0.212
302.41,0.251,0,1.096,1.164,1,0.000,0.000,0.000,0.000,0.000,0.000,-0.056,-0.219
302.61,0.255,0,1.174,1.168,1,0.000,0.000,0.000,0.000,0.000,0.000,-0.061,-0.228
302.81,0.255,0,1.174,1.168,1,0.000,0.000,0.000,0.000,0.000,0.000,-0.074,-0.220
303.01,0.254,0,1.174,1.168,1,0.000,0.000,0.000,0.000,0.000,0.000,-0.051,-0.206
303.21,0.254,0,1.101,1.164,1,0.000,0.000,0.000,0.000,0.000,0.000,-0.052,-0.218
303.41,0.257,0,1.101,1.164,1,0.000,0.000,0.000,0.000,0.000,0.000,-0.061,-0.220
303.61,0.252,0,1.100,1.171,1,0.000,0.000,0.000,0.000,0.000,0.000,-0.069,-0.214
303.81,0.258,0,1.100,1.171,1,0.000,0.000,0.000,0.000,0.000,0.000,-0.060,-0.211
304.01,0.259,0,1.100,1.171,1,0.000,0.000,0.000,0.000,0.000,0.000,-0.056,-0.205
304.21,0.232,0,1.099,1.166,1,0.000,0.000,0.000,0.000,0.000,0.000,-0.060,-0.205
304.41,0.247,0,1.099,1.166,1,0.000,0.000,0.000,0.000,0.000,0.000,-0.064,-0.209
304.61,0.404,0,1.202,1.170,1,0.000,0.000,0.000,0.000,0.000,0.000,-0.067,-0.208
304.81,0.404,0,1.202,1.170,1,0.000,0.000,0.000,0.000,0.000,0.000,-0.063,-0.212
305.01,0.404,0,1.202,1.170,1,0.000,0.000,0.000,0.000,0.000,0.000,-0.056,-0.200
305.21,0.404,0,1.094,1.165,1,0.000,0.000,0.000,0.000,0.000,0.000,-0.054,-0.204
305.41,0.404,0,1.094,1.165,1,0.000,0.000,0.000,0.000,0.000,0.000,-0.059,-0.213
305.61,0.404,0,1.178,1.172,1,0.000,0.000,0.000,0.000,0.000,0.000,-0.073,-0.214
305.81,0.405,0,1.178,1.172,1,0.000,0.000,0.000,0.000,0.000,0.000,-0.069,-0.203
306.01,0.405,0,1.178,1.172,1,0.000,0.000,0.000,0.000,0.000,0.000,-0.067,-0.215
306.21,0.404,0,1.183,1.171,1,0.000,0.000,0.000,0.000,0.000,0.000,-0.066,-0.211
306.41,0.403,0,1.183,1.171,1,0.000,0.000,0.000,0.000,0.000,0.000,-0.052,-0.214
306.61,0.397,0,1.096,1.173,1,0.000,0.000,0.000,0.000,0.000,0.000,-0.065,-0.229
306.81,0.394,0,1.096,1.173,1,0.000,0.000,0.000,0.000,0.000,0.000,-0.061,-0.226
307.01,0.389,0,1.096,1.173,1,0.000,0.000,0.000,0.000,0.000,0.000,-0.061,-0.192
307.21,0.385,0,1.090,1.167,1,0.000,0.000,0.000,0.000,0.000,0.000,-0.086,-0.202
307.41,0.392,0,1.090,1.167,1,0.000,0.000,0.000,0.000,0.000,0.000,-0.089,-0.250
307.61,0.395,0,1.180,1.174,1,0.000,0.000,0.000,0.000,0.000,0.000,-0.059,-0.231
307.81,0.394,0,1.180,1.174,1,0.000,0.000,0.000,0.000,0.000,0.000,-0.074,-0.191
308.01,0.394,0,1.180,1.174,1,0.000,0.000,0.000,0.000,0.000,0.000,-0.085,-0.195
308.21,0.393,0,1.099,1.173,1,0.000,0.000,0.000,0.000,0.000,0.000,-0.066,-0.203
308.41,0.394,0,1.099,1.173,1,0.000,0.000,0.000,0.000,0.000,0.000,-0.047,-0.206
308.61,0.108,0,1.128,1.194,1,0.000,0.000,0.000,0.000,0.000,0.000,-0.024,-0.207
308.81,0.108,0,1.128,1.194,1,0.000,0.000,0.000,0.000,0.000,0.000,-0.005,-0.200
309.01,0.109,0,1.128,1.194,1,0.000,0.000,0.000,0.000,0.000,0.000,-0.014,-0.176
309.21,0.405,0,1.147,2.176,0,0.000,0.000,0.000,0.000,0.000,0.000,-0.018,-0.176
309.41,0.108,0,1.147,2.176,0,0.000,0.000,0.000,0.000,0.000,0.000,-0.017,-0.187
309.61,0.106,0,1.151,2.169,0,0.000,0.000,0.000,0.000,0.000,0.000,-0.008,-0.195
309.81,0.111,0,1.151,2.169,0,0.000,0.000,0.000,0.000,0.000,0.000,-0.004,-0.203
310.01,0.412,0,1.151,2.169,0,0.000,0.000,0.000,0.000,0.000,0.000,-0.009,-0.209
310.21,0.412,0,1.139,2.162,0,0.000,0.000,0.000,0.000,0.000,0.000,-0.008,-0.213
310.41,0.412,0,1.139,2.162,0,0.000,0.000,0.000,0.000,0.000,0.000,-0.008,-0.198
310.61,0.412,0,1.142,0.400,0,0.000,0.000,0.000,0.000,0.000,0.000,-0.017,-0.209
310.81,0.108,0,1.142,0.400,0,0.000,0.000,0.000,0.000,0.000,0.000,-0.011,-0.215
311.01,0.406,0,1.142,0.400,0,0.000,0.000,0.000,0.000,0.000,0.000,0.004,-0.217
311.21,0.397,0,0.522,0.421,1,0.000,0.000,0.000,0.000,0.000,0.000,-0.007,-0.225
311.41,0.397,0,0.522,0.421,1,0.000,0.000,0.000,0.000,0.000,0.000,-0.015,-0.245
311.61,0.399,0,0.409,0.421,1,0.000,0.000,0.000,0.000,0.000,0.000,-0.011,-0.253
311.81,0.393,0,0.409,0.421,1,0.000,0.000,0.000,0.000,0.000,0.000,0.023,-0.268
312.01,0.395,0,0.409,0.421,1,0.000,0.000,0.000,0.000,0.000,0.000,0.023,-0.263
312.21,0.402,0,0.409,0.456,1,0.000,0.000,0.000,0.000,0.000,0.000,0.010,-0.249
312.41,0.108,0,0.409,0.456,1,0.000,0.000,0.000,0.000,0.000,0.000,0.010,-0.257
312.61,0.404,0,0.418,0.475,1,0.000,0.000,0.000,0.000,0.000,0.000,0.032,-0.260
312.81,0.108,0,0.418,0.475,1,0.000,0.000,0.000,0.000,0.000,0.000,0.059,-0.244
313.01,0.431,0,0.418,0.475,1,0.000,0.000,0.000,0.000,0.000,0.000,0.043,-0.227
313.21,0.444,0,0.457,0.453,1,0.000,0.000,0.000,0.000,0.000,0.000,0.026,-0.228
313.41,0.436,0,0.457,0.453,1,0.000,0.000,0.000,0.000,0.000,0.000,0.027,-0.237
313.61,0.448,0,0.499,0.487,1,0.000,0.000,0.000,0.000,0.000,0.000,0.037,-0.240
313.81,0.449,0,0.499,0.487,1,0.000,0.000,0.000,0.000,0.000,0.000,0.040,-0.251
314.01,0.443,0,0.499,0.487,1,0.000,0.000,0.000,0.000,0.000,0.000,0.027,-0.243
314.21,0.450,0,0.536,0.508,1,0.000,0.000,0.000,0.000,0.000,0.000,0.030,-0.237
314.41,0.440,0,0.536,0.508,1,0.000,0.000,0.000,0.000,0.000,0.000,0.047,-0.237
314.61,0.442,0,0.550,0.504,1,0.000,0.000,0.000,0.000,0.000,0.000,0.031,-0.226
314.81,0.442,0,0.550,0.504,1,0.000,0.000,0.000,0.000,0.000,0.000,0.013,-0.224
315.01,0.109,0,0.550,0.504,1,0.000,0.000,0.000,0.000,0.000,0.000,0.038,-0.218
315.21,0.442,0,0.587,0.622,1,0.000,0.000,0.000,0.000,0.000,0.000,0.038,-0.216
315.41,0.428,0,0.587,0.622,1,0.000,0.000,0.000,0.000,0.000,0.000,0.039,-0.223
315.61,0.438,0,0.601,0.653,1,0.000,0.000,0.000,0.000,0.000,0.000,0.033,-0.229
315.81,0.434,0,0.601,0.653,1,0.000,0.000,0.000,0.000,0.000,0.000,0.038,-0.226
316.01,0.442,0,0.601,0.653,1,0.000,0.000,0.000,0.000,0.000,0.000,0.052,-0.227
316.21,0.442,0,0.600,0.653,1,0.000,0.000,0.000,0.000,0.000,0.000,0.034,-0.231
316.41,0.439,0,0.600,0.653,1,0.000,0.000,0.000,0.000,0.000,0.000,0.025,-0.226
316.61,0.428,0,0.612,0.657,1,0.000,0.000,0.000,0.000,0.000,0.000,0.039,-0.230
316.81,0.428,0,0.612,0.657,1,0.000,0.000,0.000,0.000,0.000,0.000,0.042,-0.229
317.01,0.435,0,0.612,0.657,1,0.000,0.000,0.000,0.000,0.000,0.000,0.041,-0.227
317.21,0.442,0,0.601,0.652,1,0.000,0.000,0.000,0.000,0.000,0.000,0.049,-0.241
317.41,0.442,0,0.601,0.652,1,0.000,0.000,0.000,0.000,0.000,0.000,0.054,-0.248
317.61,0.441,0,0.588,0.647,1,0.000,0.000,0.000,0.000,0.000,0.000,0.036,-0.232
317.81,0.428,0,0.588,0.647,1,0.000,0.000,0.000,0.000,0.000,0.000,0.029,-0.229
318.01,0.430,0,0.588,0.647,1,0.000,0.000,0.000,0.000,0.000,0.000,0.041,-0.237
318.21,0.442,0,0.581,0.640,1,0.000,0.000,0.000,0.000,0.000,0.000,0.049,-0.238
318.41,0.442,0,0.581,0.640,1,0.000,0.000,0.000,0.000,0.000,0.000,0.049,-0.235
318.61,0.108,0,0.586,0.641,1,0.000,0.000,0.000,0.000,0.000,0.000,0.036,-0.227
318.81,0.432,0,0.586,0.641,1,0.000,0.000,0.000,0.000,0.000,0.000,0.037,-0.220
319.01,0.442,0,0.586,0.641,1,0.000,0.000,0.000,0.000,0.000,0.000,0.053,-0.223
319.21,0.442,0,0.579,0.640,1,0.000,0.000,0.000,0.000,0.000,0.000,0.053,-0.224
319.41,0.433,0,0.579,0.640,1,0.000,0.000,0.000,0.000,0.000,0.000,0.047,-0.231
319.61,0.108,0,0.339,0.438,1,0.000,0.000,0.000,0.000,0.000,0.000,0.030,-0.226
319.81,0.328,0,0.339,0.438,1,0.000,0.000,0.000,0.000,0.000,0.000,0.036,-0.213
320.01,0.319,0,0.339,0.438,1,0.000,0.000,0.000,0.000,0.000,0.000,0.059,-0.222
320.21,0.267,0,0.306,0.393,1,0.000,0.000,0.000,0.000,0.000,0.000,0.040,-0.225
320.41,0.268,0,0.306,0.393,1,0.000,0.000,0.000,0.000,0.000,0.000,0.041,-0.225
320.61,0.253,0,0.269,0.601,0,0.000,0.000,0.000,0.000,0.000,0.000,0.042,-0.228
320.81,0.235,0,0.269,0.601,0,0.000,0.000,0.000,0.000,0.000,0.000,0.047,-0.220
321.01,0.109,0,0.269,0.601,0,0.000,0.000,0.000,0.000,0.000,0.000,0.052,-0.217
321.21,0.235,0,0.541,0.583,1,0.000,0.000,0.000,0.000,0.000,0.000,0.041,-0.232
321.41,0.235,0,0.541,0.583,1,0.000,0.000,0.000,0.000,0.000,0.000,0.043,-0.232
321.61,0.240,0,0.544,0.586,1,0.000,0.000,0.000,0.000,0.000,0.000,0.046,-0.223
321.81,0.242,0,0.544,0.586,1,0.000,0.000,0.000,0.000,0.000,0.000,0.043,-0.225
322.01,0.244,0,0.544,0.586,1,0.000,0.000,0.000,0.000,0.000,0.000,0.046,-0.215
322.21,0.246,0,0.268,0.591,0,0.000,0.000,0.000,0.000,0.000,0.000,0.049,-0.220
322.41,0.248,0,0.268,0.591,0,0.000,0.000,0.000,0.000,0.000,0.000,0.044,-0.233
322.61,0.248,0,0.269,0.592,0,0.000,0.000,0.000,0.000,0.000,0.000,0.040,-0.229
322.81,0.248,0,0.269,0.592,0,0.000,0.000,0.000,0.000,0.000,0.000,0.055,-0.220
323.01,0.248,0,0.269,0.592,0,0.000,0.000,0.000,0.000,0.000,0.000,0.052,-0.223
323.21,0.249,0,0.265,0.590,0,0.000,0.000,0.000,0.000,0.000,0.000,0.031,-0.222
323.41,0.109,0,0.265,0.590,0,0.000,0.000,0.000,0.000,0.000,0.000,0.039,-0.214
323.61,0.250,0,0.552,0.593,1,0.000,0.000,0.000,0.000,0.000,0.000,0.061,-0.225
323.81,0.251,0,0.552,0.593,1,0.000,0.000,0.000,0.000,0.000,0.000,0.044,-0.221
324.01,0.252,0,0.552,0.593,1,0.000,0.000,0.000,0.000,0.000,0.000,0.028,-0.203
324.21,0.252,0,0.274,0.594,0,0.000,0.000,0.000,0.000,0.000,0.000,0.047,-0.212
324.41,0.254,0,0.274,0.594,0,0.000,0.000,0.000,0.000,0.000,0.000,0.037,-0.227
324.61,0.108,0,0.273,0.595,0,0.000,0.000,0.000,0.000,0.000,0.000,0.025,-0.222
324.82,0.258,0,0.273,0.595,0,0.000,0.000,0.000,0.000,0.000,0.000,0.037,-0.211
325.01,0.259,0,0.273,0.595,0,0.000,0.000,0.000,0.000,0.000,0.000,0.049,-0.206
325.21,0.260,0,0.276,0.597,0,0.000,0.000,0.000,0.000,0.000,0.000,0.062,-0.223
325.41,0.261,0,0.276,0.597,0,0.000,0.000,0.000,0.000,0.000,0.000,0.052,-0.228
325.61,0.261,0,0.277,0.598,0,0.000,0.000,0.000,0.000,0.000,0.000,0.051,-0.227
325.81,0.262,0,0.277,0.598,0,0.000,0.000,0.000,0.000,0.000,0.000,0.047,-0.217
326.01,0.262,0,0.277,0.598,0,0.000,0.000,0.000,0.000,0.000,0.000,0.045,-0.208
326.21,0.264,0,0.282,0.601,0,0.000,0.000,0.000,0.000,0.000,0.000,0.045,-0.213
326.41,0.250,0,0.282,0.601,0,0.000,0.000,0.000,0.000,0.000,0.000,0.041,-0.217
326.61,0.243,0,0.260,0.634,0,0.000,0.000,0.000,0.000,0.000,0.000,0.028,-0.224
326.81,0.441,0,0.260,0.634,0,0.000,0.000,0.000,0.000,0.000,0.000,0.020,-0.218
327.01,0.440,0,0.260,0.634,0,0.000,0.000,0.000,0.000,0.000,0.000,-0.001,-0.211
327.21,0.441,0,0.620,0.668,1,0.000,0.000,0.000,0.000,0.000,0.000,0.003,-0.209
327.41,0.428,0,0.620,0.668,1,0.000,0.000,0.000,0.000,0.000,0.000,0.036,-0.218
327.61,0.442,0,0.663,0.698,1,0.000,0.000,0.000,0.000,0.000,0.000,0.034,-0.214
327.81,0.442,0,0.663,0.698,1,0.000,0.000,0.000,0.000,0.000,0.000,0.013,-0.212
328.01,0.442,0,0.663,0.698,1,0.000,0.000,0.000,0.000,0.000,0.000,0.013,-0.211
328.21,0.442,0,0.617,0.661,1,0.000,0.000,0.000,0.000,0.000,0.000,0.031,-0.204
328.41,0.442,0,0.617,0.661,1,0.000,0.000,0.000,0.000,0.000,0.000,0.037,-0.213
328.61,0.431,0,0.585,0.593,1,0.000,0.000,0.000,0.000,0.000,0.000,0.023,-0.222
328.81,0.442,0,0.585,0.593,1,0.000,0.000,0.000,0.000,0.000,0.000,0.022,-0.212
329.01,0.442,0,0.585,0.593,1,0.000,0.000,0.000,0.000,0.000,0.000,0.033,-0.209
329.21,0.429,0,0.622,0.565,1,0.000,0.000,0.000,0.000,0.000,0.000,0.031,-0.218
329.41,0.432,0,0.622,0.565,1,0.000,0.000,0.000,0.000,0.000,0.000,0.023,-0.220
329.61,0.442,0,0.614,0.619,1,0.000,0.000,0.000,0.000,0.000,0.000,0.022,-0.219
329.81,0.442,0,0.614,0.619,1,0.000,0.000,0.000,0.000,0.000,0.000,0.022,-0.205
330.01,0.430,0,0.614,0.619,1,0.000,0.000,0.000,0.000,0.000,0.000,0.015,-0.202
330.21,0.442,0,0.700,0.663,1,0.000,0.000,0.000,0.000,0.000,0.000,0.012,-0.219
330.41,0.430,0,0.700,0.663,1,0.000,0.000,0.000,0.000,0.000,0.000,0.013,-0.219
330.61,0.429,0,0.681,0.651,1,0.000,0.000,0.000,0.000,0.000,0.000,0.027,-0.214
330.81,0.442,0,0.681,0.651,1,0.000,0.000,0.000,0.000,0.000,0.000,0.031,-0.218
331.01,0.442,0,0.681,0.651,1,0.000,0.000,0.000,0.000,0.000,0.000,0.002,-0.211
331.21,0.109,0,0.656,0.625,1,0.000,0.000,0.000,0.000,0.000,0.000,0.015,-0.200
331.41,0.439,0,0.656,0.625,1,0.000,0.000,0.000,0.000,0.000,0.000,0.032,-0.207
331.61,0.428,0,0.646,0.654,1,0.000,0.000,0.000,0.000,0.000,0.000,0.042,-0.213
331.81,0.108,0,0.646,0.654,1,0.000,0.000,0.000,0.000,0.000,0.000,0.027,-0.211
332.01,0.442,0,0.646,0.654,1,0.000,0.000,0.000,0.000,0.000,0.000,0.023,-0.206
332.21,0.442,0,0.641,0.686,1,0.000,0.000,0.000,0.000,0.000,0.000,0.039,-0.214
332.41,0.108,0,0.641,0.686,1,0.000,0.000,0.000,0.000,0.000,0.000,0.029,-0.219
332.61,0.440,0,0.574,0.654,1,0.000,0.000,0.000,0.000,0.000,0.000,0.023,-0.213
332.81,0.442,0,0.574,0.654,1,0.000,0.000,0.000,0.000,0.000,0.000,0.043,-0.214
333.01,0.442,0,0.574,0.654,1,0.000,0.000,0.000,0.000,0.000,0.000,0.047,-0.206
333.21,0.442,0,0.561,0.639,1,0.000,0.000,0.000,0.000,0.000,0.000,0.042,-0.212
333.41,0.108,0,0.561,0.639,1,0.000,0.000,0.000,0.000,0.000,0.000,0.020,-0.219
333.61,0.432,0,0.565,0.637,1,0.000,0.000,0.000,0.000,0.000,0.000,0.020,-0.210
333.81,0.108,0,0.565,0.637,1,0.000,0.000,0.000,0.000,0.000,0.000,0.040,-0.209
334.01,0.442,0,0.565,0.637,1,0.000,0.000,0.000,0.000,0.000,0.000,0.038,-0.207
334.21,0.435,0,0.578,0.640,1,0.000,0.000,0.000,0.000,0.000,0.000,0.018,-0.212
334.41,0.430,0,0.578,0.640,1,0.000,0.000,0.000,0.000,0.000,0.000,0.031,-0.211
334.61,0.106,0,0.572,0.641,1,0.000,0.000,0.000,0.000,0.000,0.000,0.052,-0.223
334.81,0.108,0,0.572,0.641,1,0.000,0.000,0.000,0.000,0.000,0.000,0.036,-0.225
335.01,0.442,0,0.572,0.641,1,0.000,0.000,0.000,0.000,0.000,0.000,0.022,-0.214
335.21,0.430,0,0.567,0.642,1,0.000,0.000,0.000,0.000,0.000,0.000,0.033,-0.219
335.41,0.442,0,0.567,0.642,1,0.000,0.000,0.000,0.000,0.000,0.000,0.025,-0.221
335.61,0.435,0,0.568,0.641,1,0.000,0.000,0.000,0.000,0.000,0.000,0.020,-0.214
335.81,0.108,0,0.568,0.641,1,0.000,0.000,0.000,0.000,0.000,0.000,0.022,-0.209
336.01,0.442,0,0.568,0.641,1,0.000,0.000,0.000,0.000,0.000,0.000,0.039,-0.209
336.21,0.442,0,0.569,0.641,1,0.000,0.000,0.000,0.000,0.000,0.000,0.050,-0.219
336.41,0.442,0,0.569,0.641,1,0.000,0.000,0.000,0.000,0.000,0.000,0.035,-0.218
336.61,0.442,0,0.571,0.643,1,0.000,0.000,0.000,0.000,0.000,0.000,0.031,-0.219
336.81,0.108,0,0.571,0.643,1,0.000,0.000,0.000,0.000,0.000,0.000,0.028,-0.219
337.01,0.442,0,0.571,0.643,1,0.000,0.000,0.000,0.000,0.000,0.000,0.033,-0.216
337.21,0.436,0,0.570,0.643,1,0.000,0.000,0.000,0.000,0.000,0.000,0.034,-0.218
337.41,0.442,0,0.570,0.643,1,0.000,0.000,0.000,0.000,0.000,0.000,0.037,-0.216
337.61,0.438,0,0.570,0.643,1,0.000,0.000,0.000,0.000,0.000,0.000,0.025,-0.209
337.81,0.429,0,0.570,0.643,1,0.000,0.000,0.000,0.000,0.000,0.000,0.034,-0.210
338.01,0.442,0,0.570,0.643,1,0.000,0.000,0.000,0.000,0.000,0.000,0.037,-0.209
338.21,0.108,0,0.574,0.643,1,0.000,0.000,0.000,0.000,0.000,0.000,0.023,-0.216
338.41,0.442,0,0.574,0.643,1,0.000,0.000,0.000,0.000,0.000,0.000,0.018,-0.213
338.61,0.429,0,0.572,0.643,1,0.000,0.000,0.000,0.000,0.000,0.000,0.026,-0.208
338.81,0.109,0,0.572,0.643,1,0.000,0.000,0.000,0.000,0.000,0.000,0.038,-0.214
339.01,0.441,0,0.572,0.643,1,0.000,0.000,0.000,0.000,0.000,0.000,0.038,-0.220
339.21,0.429,0,0.570,0.643,1,0.000,0.000,0.000,0.000,0.000,0.000,0.038,-0.217
339.41,0.442,0,0.570,0.643,1,0.000,0.000,0.000,0.000,0.000,0.000,0.039,-0.222
339.61,0.435,0,0.573,0.644,1,0.000,0.000,0.000,0.000,0.000,0.000,0.029,-0.212
339.81,0.108,0,0.573,0.644,1,0.000,0.000,0.000,0.000,0.000,0.000,0.033,-0.209
340.01,0.106,0,0.573,0.644,1,0.000,0.000,0.000,0.000,0.000,0.000,0.039,-0.218
340.21,0.440,0,0.572,0.643,1,0.000,0.000,0.000,0.000,0.000,0.000,0.024,-0.221
340.41,0.430,0,0.572,0.643,1,0.000,0.000,0.000,0.000,0.000,0.000,0.035,-0.217
340.61,0.428,0,0.576,0.643,1,0.000,0.000,0.000,0.000,0.000,0.000,0.053,-0.216
340.81,0.108,0,0.576,0.643,1,0.000,0.000,0.000,0.000,0.000,0.000,0.035,-0.221
341.01,0.442,0,0.576,0.643,1,0.000,0.000,0.000,0.000,0.000,0.000,0.027,-0.213
341.21,0.429,0,0.573,0.645,1,0.000,0.000,0.000,0.000,0.000,0.000,0.041,-0.209
341.41,0.442,0,0.573,0.645,1,0.000,0.000,0.000,0.000,0.000,0.000,0.053,-0.219
341.61,0.442,0,0.587,0.646,1,0.000,0.000,0.000,0.000,0.000,0.000,0.020,-0.229
341.81,0.108,0,0.587,0.646,1,0.000,0.000,0.000,0.000,0.000,0.000,0.014,-0.229
342.01,0.433,0,0.587,0.646,1,0.000,0.000,0.000,0.000,0.000,0.000,0.038,-0.213
342.21,0.442,0,0.584,0.645,1,0.000,0.000,0.000,0.000,0.000,0.000,0.048,-0.208
342.41,0.442,0,0.584,0.645,1,0.000,0.000,0.000,0.000,0.000,0.000,0.027,-0.211
342.61,0.442,0,0.585,0.644,1,0.000,0.000,0.000,0.000,0.000,0.000,0.034,-0.208
342.81,0.438,0,0.585,0.644,1,0.000,0.000,0.000,0.000,0.000,0.000,0.030,-0.207
343.01,0.429,0,0.585,0.644,1,0.000,0.000,0.000,0.000,0.000,0.000,0.036,-0.204
343.21,0.108,0,0.584,0.645,1,0.000,0.000,0.000,0.000,0.000,0.000,0.032,-0.208
343.41,0.442,0,0.584,0.645,1,0.000,0.000,0.000,0.000,0.000,0.000,0.025,-0.208
343.61,0.441,0,0.591,0.647,1,0.000,0.000,0.000,0.000,0.000,0.000,0.032,-0.199
343.81,0.442,0,0.591,0.647,1,0.000,0.000,0.000,0.000,0.000,0.000,0.038,-0.205
344.01,0.442,0,0.591,0.647,1,0.000,0.000,0.000,0.000,0.000,0.000,0.014,-0.212
344.21,0.433,0,0.585,0.647,1,0.000,0.000,0.000,0.000,0.000,0.000,0.022,-0.201
344.41,0.442,0,0.585,0.647,1,0.000,0.000,0.000,0.000,0.000,0.000,0.041,-0.208
344.61,0.442,0,0.588,0.649,1,0.000,0.000,0.000,0.000,0.000,0.000,0.028,-0.207
344.81,0.442,0,0.588,0.649,1,0.000,0.000,0.000,0.000,0.000,0.000,0.035,-0.205
345.01,0.442,0,0.588,0.649,1,0.000,0.000,0.000,0.000,0.000,0.000,0.023,-0.214
345.21,0.430,0,0.591,0.646,1,0.000,0.000,0.000,0.000,0.000,0.000,0.027,-0.204
345.41,0.442,0,0.591,0.646,1,0.000,0.000,0.000,0.000,0.000,0.000,0.041,-0.205
345.61,0.442,0,0.593,0.647,1,0.000,0.000,0.000,0.000,0.000,0.000,0.027,-0.203
345.81,0.149,0,0.593,0.647,1,0.000,0.000,0.000,0.000,0.000,0.000,0.021,-0.205
346.01,0.430,0,0.593,0.647,1,0.000,0.000,0.000,0.000,0.000,0.000,0.034,-0.209
346.21,0.106,0,0.595,0.649,1,0.000,0.000,0.000,0.000,0.000,0.000,0.030,-0.210
346.41,0.430,0,0.595,0.649,1,0.000,0.000,0.000,0.000,0.000,0.000,0.035,-0.203
346.61,0.442,0,0.597,0.650,1,0.000,0.000,0.000,0.000,0.000,0.000,0.040,-0.213
346.81,0.442,0,0.597,0.650,1,0.000,0.000,0.000,0.000,0.000,0.000,0.030,-0.214
347.01,0.160,0,0.597,0.650,1,0.000,0.000,0.000,0.000,0.000,0.000,0.026,-0.204
347.21,0.442,0,0.599,0.651,1,0.000,0.000,0.000,0.000,0.000,0.000,0.031,-0.202
347.41,0.442,0,0.599,0.651,1,0.000,0.000,0.000,0.000,0.000,0.000,0.024,-0.210
347.61,0.434,0,0.601,0.652,1,0.000,0.000,0.000,0.000,0.000,0.000,0.020,-0.209
347.81,0.428,0,0.601,0.652,1,0.000,0.000,0.000,0.000,0.000,0.000,0.029,-0.202
348.01,0.109,0,0.601,0.652,1,0.000,0.000,0.000,0.000,0.000,0.000,0.037,-0.209
348.21,0.442,0,0.561,0.651,1,0.000,0.000,0.000,0.000,0.000,0.000,0.024,-0.218
348.41,0.436,0,0.561,0.651,1,0.000,0.000,0.000,0.000,0.000,0.000,0.012,-0.206
348.61,0.442,0,0.561,0.651,1,0.000,0.000,0.000,0.000,0.000,0.000,0.031,-0.209
348.81,0.146,0,0.561,0.651,1,0.000,0.000,0.000,0.000,0.000,0.000,0.027,-0.210
349.01,0.442,0,0.561,0.651,1,0.000,0.000,0.000,0.000,0.000,0.000,0.021,-0.217
349.21,0.442,0,0.589,0.652,1,0.000,0.000,0.000,0.000,0.000,0.000,0.032,-0.212
349.41,0.437,0,0.589,0.652,1,0.000,0.000,0.000,0.000,0.000,0.000,0.036,-0.202
349.61,0.442,0,0.596,0.653,1,0.000,0.000,0.000,0.000,0.000,0.000,0.039,-0.217
349.81,0.106,0,0.596,0.653,1,0.000,0.000,0.000,0.000,0.000,0.000,0.037,-0.224
350.01,0.437,0,0.596,0.653,1,0.000,0.000,0.000,0.000,0.000,0.000,0.030,-0.221
350.21,0.432,0,0.594,0.654,1,0.000,0.000,0.000,0.000,0.000,0.000,0.039,-0.220
350.41,0.442,0,0.594,0.654,1,0.000,0.000,0.000,0.000,0.000,0.000,0.045,-0.230
350.61,0.108,0,0.596,0.651,1,0.000,0.000,0.000,0.000,0.000,0.000,0.023,-0.239
350.81,0.437,0,0.596,0.651,1,0.000,0.000,0.000,0.000,0.000,0.000,0.010,-0.217
351.01,0.109,0,0.596,0.651,1,0.000,0.000,0.000,0.000,0.000,0.000,0.040,-0.201
351.21,0.442,0,0.592,0.651,1,0.000,0.000,0.000,0.000,0.000,0.000,0.056,-0.215
351.41,0.442,0,0.592,0.651,1,0.000,0.000,0.000,0.000,0.000,0.000,0.045,-0.232
351.61,0.442,0,0.595,0.652,1,0.000,0.000,0.000,0.000,0.000,0.000,0.033,-0.233
351.81,0.428,0,0.595,0.652,1,0.000,0.000,0.000,0.000,0.000,0.000,0.035,-0.224
352.01,0.105,0,0.595,0.652,1,0.000,0.000,0.000,0.000,0.000,0.000,0.043,-0.225
352.21,0.430,0,0.598,0.650,1,0.000,0.000,0.000,0.000,0.000,0.000,0.040,-0.225
352.41,0.434,0,0.598,0.650,1,0.000,0.000,0.000,0.000,0.000,0.000,0.021,-0.220
352.61,0.105,0,0.593,0.651,1,0.000,0.000,0.000,0.000,0.000,0.000,0.039,-0.226
352.81,0.442,0,0.593,0.651,1,0.000,0.000,0.000,0.000,0.000,0.000,0.047,-0.231
353.01,0.144,0,0.593,0.651,1,0.000,0.000,0.000,0.000,0.000,0.000,0.026,-0.219
353.21,0.429,0,0.593,0.651,1,0.000,0.000,0.000,0.000,0.000,0.000,0.031,-0.223
353.41,0.442,0,0.593,0.651,1,0.000,0.000,0.000,0.000,0.000,0.000,0.034,-0.225
353.61,0.438,0,0.593,0.652,1,0.000,0.000,0.000,0.000,0.000,0.000,0.031,-0.226
353.81,0.442,0,0.593,0.652,1,0.000,0.000,0.000,0.000,0.000,0.000,0.042,-0.219
354.01,0.442,0,0.593,0.652,1,0.000,0.000,0.000,0.000,0.000,0.000,0.047,-0.223
354.21,0.108,0,0.606,0.658,1,0.000,0.000,0.000,0.000,0.000,0.000,0.038,-0.217
354.41,0.442,0,0.606,0.658,1,0.000,0.000,0.000,0.000,0.000,0.000,0.031,-0.213
354.61,0.441,0,0.675,0.698,1,0.000,0.000,0.000,0.000,0.000,0.000,0.029,-0.214
354.81,0.442,0,0.675,0.698,1,0.000,0.000,0.000,0.000,0.000,0.000,0.027,-0.215
355.01,0.442,0,0.675,0.698,1,0.000,0.000,0.000,0.000,0.000,0.000,0.018,-0.209
355.21,0.442,0,0.744,0.773,1,0.000,0.000,0.000,0.000,0.000,0.000,0.021,-0.201
355.41,0.429,0,0.744,0.773,1,0.000,0.000,0.000,0.000,0.000,0.000,0.030,-0.199
355.61,0.442,0,0.663,0.707,1,0.000,0.000,0.000,0.000,0.000,0.000,0.028,-0.205
355.81,0.442,0,0.663,0.707,1,0.000,0.000,0.000,0.000,0.000,0.000,0.041,-0.216
356.01,0.442,0,0.663,0.707,1,0.000,0.000,0.000,0.000,0.000,0.000,0.032,-0.213
356.21,0.405,0,0.447,0.492,1,0.000,0.000,0.000,0.000,0.000,0.000,0.045,-0.217
356.41,0.387,0,0.447,0.492,1,0.000,0.000,0.000,0.000,0.000,0.000,0.049,-0.225
356.61,0.396,0,0.406,0.468,1,0.000,0.000,0.000,0.000,0.000,0.000,0.049,-0.229
356.81,0.379,0,0.406,0.468,1,0.000,0.000,0.000,0.000,0.000,0.000,0.043,-0.220
357.01,0.109,0,0.406,0.468,1,0.000,0.000,0.000,0.000,0.000,0.000,0.047,-0.222
357.21,0.442,0,0.475,0.508,1,0.000,0.000,0.000,0.000,0.000,0.000,0.047,-0.218
357.41,0.435,0,0.475,0.508,1,0.000,0.000,0.000,0.000,0.000,0.000,0.037,-0.194
357.61,0.432,0,0.548,0.628,1,0.000,0.000,0.000,0.000,0.000,0.000,0.051,-0.185
357.81,0.442,0,0.548,0.628,1,0.000,0.000,0.000,0.000,0.000,0.000,0.058,-0.210
358.01,0.109,0,0.548,0.628,1,0.000,0.000,0.000,0.000,0.000,0.000,0.057,-0.207
358.21,0.442,0,0.650,0.680,1,0.000,0.000,0.000,0.000,0.000,0.000,0.054,-0.189
358.41,0.442,0,0.650,0.680,1,0.000,0.000,0.000,0.000,0.000,0.000,0.051,-0.181
358.61,0.433,0,0.672,0.689,1,0.000,0.000,0.000,0.000,0.000,0.000,0.048,-0.203
358.81,0.442,0,0.672,0.689,1,0.000,0.000,0.000,0.000,0.000,0.000,0.042,-0.214
359.01,0.442,0,0.672,0.689,1,0.000,0.000,0.000,0.000,0.000,0.000,0.050,-0.199
359.21,0.442,0,0.629,0.672,1,0.000,0.000,0.000,0.000,0.000,0.000,0.059,-0.198
359.41,0.442,0,0.629,0.672,1,0.000,0.000,0.000,0.000,0.000,0.000,0.053,-0.211
359.61,0.407,0,0.417,0.593,1,0.000,0.000,0.000,0.000,0.000,0.000,0.045,-0.230
359.81,0.370,0,0.417,0.593,1,0.000,0.000,0.000,0.000,0.000,0.000,0.036,-0.233
360.01,0.391,0,0.417,0.593,1,0.000,0.000,0.000,0.000,0.000,0.000,0.028,-0.236
360.21,0.363,0,0.389,0.335,1,0.000,0.000,0.000,0.000,0.000,0.000,0.051,-0.260
360.41,0.317,0,0.389,0.335,1,0.000,0.000,0.000,0.000,0.000,0.000,0.054,-0.262
360.61,0.107,0,0.140,0.403,0,0.000,0.000,0.000,0.000,0.000,0.000,0.058,-0.277
360.81,0.142,0,0.140,0.403,0,0.000,0.000,0.000,0.000,0.000,0.000,0.054,-0.259
361.01,0.112,0,0.140,0.403,0,0.000,0.000,0.000,0.000,0.000,0.000,0.040,-0.273
361.21,0.101,0,0.338,0.403,1,0.000,0.000,0.000,0.000,0.000,0.000,0.056,-0.295
361.41,0.101,0,0.338,0.403,1,0.000,0.000,0.000,0.000,0.000,0.000,0.040,-0.282
361.61,0.101,0,0.306,0.366,1,0.000,0.000,0.000,0.000,0.000,0.000,0.040,-0.287
361.81,0.111,0,0.306,0.366,1,0.000,0.000,0.000,0.000,0.000,0.000,0.084,-0.298
362.01,0.108,0,0.306,0.366,1,0.000,0.000,0.000,0.000,0.000,0.000,0.087,-0.302
362.21,0.104,0,0.307,0.365,1,0.000,0.000,0.000,0.000,0.000,0.000,0.065,-0.317
362.41,0.104,0,0.307,0.365,1,0.000,0.000,0.000,0.000,0.000,0.000,0.049,-0.309
362.61,0.101,0,0.296,0.355,1,0.000,0.000,0.000,0.000,0.000,0.000,0.061,-0.295
362.81,0.101,0,0.296,0.355,1,0.000,0.000,0.000,0.000,0.000,0.000,0.064,-0.286
363.01,0.105,0,0.296,0.355,1,0.000,0.000,0.000,0.000,0.000,0.000,0.077,-0.299
363.21,0.100,0,0.287,0.349,1,0.000,0.000,0.000,0.000,0.000,0.000,0.086,-0.297
363.41,0.101,0,0.287,0.349,1,0.000,0.000,0.000,0.000,0.000,0.000,0.059,-0.279
363.61,0.101,0,0.287,0.348,1,0.000,0.000,0.000,0.000,0.000,0.000,0.052,-0.275
363.81,0.104,0,0.287,0.348,1,0.000,0.000,0.000,0.000,0.000,0.000,0.059,-0.287
364.01,0.101,0,0.287,0.348,1,0.000,0.000,0.000,0.000,0.000,0.000,0.085,-0.293
364.21,0.101,0,0.287,0.347,1,0.000,0.000,0.000,0.000,0.000,0.000,0.091,-0.266
364.41,0.102,0,0.287,0.347,1,0.000,0.000,0.000,0.000,0.000,0.000,0.050,-0.244
364.61,0.128,0,0.291,0.351,1,0.000,0.000,0.000,0.000,0.000,0.000,0.023,-0.238
364.81,0.100,0,0.291,0.351,1,0.000,0.000,0.000,0.000,0.000,0.000,0.079,-0.270
365.01,0.129,0,0.291,0.351,1,0.000,0.000,0.000,0.000,0.000,0.000,0.101,-0.275
365.21,0.128,0,0.275,0.340,1,0.000,0.000,0.000,0.000,0.000,0.000,0.075,-0.248
365.41,0.128,0,0.275,0.340,1,0.000,0.000,0.000,0.000,0.000,0.000,0.051,-0.236
365.61,0.108,0,0.279,0.340,1,0.000,0.000,0.000,0.000,0.000,0.000,0.040,-0.243
365.81,0.159,0,0.279,0.340,1,0.000,0.000,0.000,0.000,0.000,0.000,0.057,-0.253
366.01,0.167,0,0.279,0.340,1,0.000,0.000,0.000,0.000,0.000,0.000,0.057,-0.260
366.21,0.162,0,0.279,0.342,1,0.000,0.000,0.000,0.000,0.000,0.000,0.053,-0.244
366.41,0.168,0,0.279,0.342,1,0.000,0.000,0.000,0.000,0.000,0.000,0.050,-0.256
366.61,0.172,0,0.283,0.345,1,0.000,0.000,0.000,0.000,0.000,0.000,0.051,-0.261
366.81,0.176,0,0.283,0.345,1,0.000,0.000,0.000,0.000,0.000,0.000,0.054,-0.252
367.01,0.177,0,0.283,0.345,1,0.000,0.000,0.000,0.000,0.000,0.000,0.065,-0.256
367.21,0.177,0,0.284,0.345,1,0.000,0.000,0.000,0.000,0.000,0.000,0.048,-0.266
367.41,0.273,0,0.284,0.345,1,0.000,0.000,0.000,0.000,0.000,0.000,0.042,-0.265
367.61,0.270,0,0.285,0.347,1,0.000,0.000,0.000,0.000,0.000,0.000,0.068,-0.269
367.81,0.271,0,0.285,0.347,1,0.000,0.000,0.000,0.000,0.000,0.000,0.066,-0.275
368.01,0.273,0,0.285,0.347,1,0.000,0.000,0.000,0.000,0.000,0.000,0.048,-0.271
368.21,0.274,0,0.287,0.350,1,0.000,0.000,0.000,0.000,0.000,0.000,0.052,-0.267
368.41,0.277,0,0.287,0.350,1,0.000,0.000,0.000,0.000,0.000,0.000,0.056,-0.267
368.61,0.276,0,0.290,0.351,1,0.000,0.000,0.000,0.000,0.000,0.000,0.075,-0.281
368.81,0.277,0,0.290,0.351,1,0.000,0.000,0.000,0.000,0.000,0.000,0.071,-0.293
369.01,0.189,0,0.290,0.351,1,0.000,0.000,0.000,0.000,0.000,0.000,0.071,-0.282
369.21,0.149,0,0.293,0.354,1,0.000,0.000,0.000,0.000,0.000,0.000,0.085,-0.287
369.41,0.101,0,0.293,0.354,1,0.000,0.000,0.000,0.000,0.000,0.000,0.076,-0.277
369.61,0.101,0,0.299,0.366,1,0.000,0.000,0.000,0.000,0.000,0.000,0.079,-0.295
369.81,0.101,0,0.299,0.366,1,0.000,0.000,0.000,0.000,0.000,0.000,0.062,-0.296
370.01,0.190,0,0.299,0.366,1,0.000,0.000,0.000,0.000,0.000,0.000,0.055,-0.249
370.21,0.241,0,0.293,0.385,1,0.000,0.000,0.000,0.000,0.000,0.000,0.065,-0.250
370.41,0.271,0,0.293,0.385,1,0.000,0.000,0.000,0.000,0.000,0.000,0.066,-0.283
370.61,0.312,0,0.325,0.420,1,0.000,0.000,0.000,0.000,0.000,0.000,0.067,-0.282
370.81,0.318,0,0.325,0.420,1,0.000,0.000,0.000,0.000,0.000,0.000,0.072,-0.270
371.01,0.337,0,0.325,0.420,1,0.000,0.000,0.000,0.000,0.000,0.000,0.060,-0.263
371.21,0.378,0,0.363,0.465,1,0.000,0.000,0.000,0.000,0.000,0.000,0.054,-0.264
371.41,0.396,0,0.363,0.465,1,0.000,0.000,0.000,0.000,0.000,0.000,0.066,-0.260
371.61,0.411,0,0.421,0.507,1,0.000,0.000,0.000,0.000,0.000,0.000,0.070,-0.249
371.81,0.419,0,0.421,0.507,1,0.000,0.000,0.000,0.000,0.000,0.000,0.060,-0.248
372.01,0.426,0,0.421,0.507,1,0.000,0.000,0.000,0.000,0.000,0.000,0.070,-0.253
372.21,0.424,0,0.434,0.519,1,0.000,0.000,0.000,0.000,0.000,0.000,0.079,-0.256
372.41,0.418,0,0.434,0.519,1,0.000,0.000,0.000,0.000,0.000,0.000,0.068,-0.253
372.61,0.417,0,0.427,0.508,1,0.000,0.000,0.000,0.000,0.000,0.000,0.061,-0.256
372.81,0.412,0,0.427,0.508,1,0.000,0.000,0.000,0.000,0.000,0.000,0.075,-0.261
373.01,0.411,0,0.427,0.508,1,0.000,0.000,0.000,0.000,0.000,0.000,0.082,-0.262
373.21,0.413,0,0.422,0.503,1,0.000,0.000,0.000,0.000,0.000,0.000,0.073,-0.251
373.41,0.415,0,0.422,0.503,1,0.000,0.000,0.000,0.000,0.000,0.000,0.064,-0.256
373.61,0.418,0,0.428,0.505,1,0.000,0.000,0.000,0.000,0.000,0.000,0.066,-0.270
373.81,0.420,0,0.428,0.505,1,0.000,0.000,0.000,0.000,0.000,0.000,0.066,-0.263
374.01,0.417,0,0.428,0.505,1,0.000,0.000,0.000,0.000,0.000,0.000,0.061,-0.257
374.21,0.419,0,0.424,0.486,1,0.000,0.000,0.000,0.000,0.000,0.000,0.074,-0.255
374.41,0.443,0,0.424,0.486,1,0.000,0.000,0.000,0.000,0.000,0.000,0.075,-0.257
374.61,0.433,0,0.483,0.522,1,0.000,0.000,0.000,0.000,0.000,0.000,0.065,-0.261
374.81,0.432,0,0.483,0.522,1,0.000,0.000,0.000,0.000,0.000,0.000,0.065,-0.241
375.01,0.432,0,0.483,0.522,1,0.000,0.000,0.000,0.000,0.000,0.000,0.075,-0.235
375.21,0.429,0,0.513,0.554,1,0.000,0.000,0.000,0.000,0.000,0.000,0.057,-0.241
375.41,0.444,0,0.513,0.554,1,0.000,0.000,0.000,0.000,0.000,0.000,0.052,-0.229
375.61,0.443,0,0.519,0.559,1,0.000,0.000,0.000,0.000,0.000,0.000,0.070,-0.244
375.81,0.430,0,0.519,0.559,1,0.000,0.000,0.000,0.000,0.000,0.000,0.069,-0.254
376.01,0.430,0,0.519,0.559,1,0.000,0.000,0.000,0.000,0.000,0.000,0.056,-0.242
376.21,0.444,0,0.523,0.564,1,0.000,0.000,0.000,0.000,0.000,0.000,0.050,-0.237
376.41,0.441,0,0.523,0.564,1,0.000,0.000,0.000,0.000,0.000,0.000,0.054,-0.221
376.61,0.108,0,0.523,0.564,1,0.000,0.000,0.000,0.000,0.000,0.000,0.062,-0.217
376.81,0.443,0,0.523,0.564,1,0.000,0.000,0.000,0.000,0.000,0.000,0.056,-0.225
377.01,0.439,0,0.523,0.564,1,0.000,0.000,0.000,0.000,0.000,0.000,0.046,-0.233
377.21,0.443,0,0.525,0.543,1,0.000,0.000,0.000,0.000,0.000,0.000,0.058,-0.239
377.41,0.411,0,0.525,0.543,1,0.000,0.000,0.000,0.000,0.000,0.000,0.059,-0.251
377.61,0.384,0,0.389,0.463,1,0.000,0.000,0.000,0.000,0.000,0.000,0.059,-0.245
377.81,0.402,0,0.389,0.463,1,0.000,0.000,0.000,0.000,0.000,0.000,0.068,-0.242
378.01,0.431,0,0.389,0.463,1,0.000,0.000,0.000,0.000,0.000,0.000,0.076,-0.236
378.21,0.443,0,0.492,0.536,1,0.000,0.000,0.000,0.000,0.000,0.000,0.078,-0.218
378.41,0.443,0,0.492,0.536,1,0.000,0.000,0.000,0.000,0.000,0.000,0.079,-0.232
378.61,0.443,0,0.655,0.755,1,0.000,0.000,0.000,0.000,0.000,0.000,0.062,-0.247
378.81,0.443,0,0.655,0.755,1,0.000,0.000,0.000,0.000,0.000,0.000,0.060,-0.246
379.01,0.443,0,0.655,0.755,1,0.000,0.000,0.000,0.000,0.000,0.000,0.061,-0.238
379.21,0.430,0,0.900,0.977,1,0.000,0.000,0.000,0.000,0.000,0.000,0.057,-0.246
379.41,0.443,0,0.900,0.977,1,0.000,0.000,0.000,0.000,0.000,0.000,0.058,-0.241
379.61,0.443,0,0.931,0.976,1,0.000,0.000,0.000,0.000,0.000,0.000,0.054,-0.236
379.81,0.428,0,0.931,0.976,1,0.000,0.000,0.000,0.000,0.000,0.000,0.051,-0.232
380.01,0.438,0,0.931,0.976,1,0.000,0.000,0.000,0.000,0.000,0.000,0.051,-0.228
380.21,0.443,0,0.952,0.993,1,0.000,0.000,0.000,0.000,0.000,0.000,0.061,-0.242
380.41,0.432,0,0.952,0.993,1,0.000,0.000,0.000,0.000,0.000,0.000,0.061,-0.242
380.61,0.436,0,0.955,1.003,1,0.000,0.000,0.000,0.000,0.000,0.000,0.050,-0.244
380.81,0.444,0,0.955,1.003,1,0.000,0.000,0.000,0.000,0.000,0.000,0.051,-0.243
381.01,0.443,0,0.955,1.003,1,0.000,0.000,0.000,0.000,0.000,0.000,0.055,-0.241
381.21,0.108,0,0.958,1.004,1,0.000,0.000,0.000,0.000,0.000,0.000,0.056,-0.247
381.41,0.443,0,0.958,1.004,1,0.000,0.000,0.000,0.000,0.000,0.000,0.066,-0.260
381.61,0.443,0,0.973,1.010,1,0.000,0.000,0.000,0.000,0.000,0.000,0.070,-0.255
381.81,0.441,0,0.973,1.010,1,0.000,0.000,0.000,0.000,0.000,0.000,0.060,-0.262
382.01,0.438,0,0.973,1.010,1,0.000,0.000,0.000,0.000,0.000,0.000,0.060,-0.275
382.21,0.443,0,0.962,1.009,1,0.000,0.000,0.000,0.000,0.000,0.000,0.070,-0.272
382.41,0.442,0,0.962,1.009,1,0.000,0.000,0.000,0.000,0.000,0.000,0.070,-0.261
382.61,0.430,0,0.956,1.003,1,0.000,0.000,0.000,0.000,0.000,0.000,0.069,-0.264
382.81,0.437,0,0.956,1.003,1,0.000,0.000,0.000,0.000,0.000,0.000,0.069,-0.275
383.01,0.431,0,0.956,1.003,1,0.000,0.000,0.000,0.000,0.000,0.000,0.067,-0.270
383.21,0.430,0,0.953,1.002,1,0.000,0.000,0.000,0.000,0.000,0.000,0.075,-0.254
383.41,0.443,0,0.953,1.002,1,0.000,0.000,0.000,0.000,0.000,0.000,0.081,-0.236
383.61,0.443,0,0.925,0.977,1,0.000,0.000,0.000,0.000,0.000,0.000,0.078,-0.248
383.81,0.444,0,0.925,0.977,1,0.000,0.000,0.000,0.000,0.000,0.000,0.072,-0.259
384.01,0.429,0,0.925,0.977,1,0.000,0.000,0.000,0.000,0.000,0.000,0.068,-0.254
384.21,0.443,0,0.931,0.938,1,0.000,0.000,0.000,0.000,0.000,0.000,0.070,-0.249
384.41,0.433,0,0.931,0.938,1,0.000,0.000,0.000,0.000,0.000,0.000,0.076,-0.241
384.61,0.444,0,0.944,0.950,1,0.000,0.000,0.000,0.000,0.000,0.000,0.081,-0.234
384.81,0.443,0,0.944,0.950,1,0.000,0.000,0.000,0.000,0.000,0.000,0.077,-0.247
385.01,0.428,0,0.944,0.950,1,0.000,0.000,0.000,0.000,0.000,0.000,0.071,-0.248
385.21,0.438,0,0.946,0.948,1,0.000,0.000,0.000,0.000,0.000,0.000,0.078,-0.244
385.41,0.431,0,0.946,0.948,1,0.000,0.000,0.000,0.000,0.000,0.000,0.078,-0.239
385.61,0.443,0,0.947,0.949,1,0.000,0.000,0.000,0.000,0.000,0.000,0.071,-0.241
385.81,0.443,0,0.947,0.949,1,0.000,0.000,0.000,0.000,0.000,0.000,0.067,-0.263
386.01,0.438,0,0.947,0.949,1,0.000,0.000,0.000,0.000,0.000,0.000,0.066,-0.256
386.21,0.108,0,0.950,0.951,1,0.000,0.000,0.000,0.000,0.000,0.000,0.069,-0.251
386.41,0.443,0,0.950,0.951,1,0.000,0.000,0.000,0.000,0.000,0.000,0.070,-0.251
386.61,0.443,0,0.955,0.954,1,0.000,0.000,0.000,0.000,0.000,0.000,0.084,-0.243
386.81,0.443,0,0.955,0.954,1,0.000,0.000,0.000,0.000,0.000,0.000,0.074,-0.240
387.01,0.431,0,0.955,0.954,1,0.000,0.000,0.000,0.000,0.000,0.000,0.074,-0.250
387.21,0.444,0,0.949,0.956,1,0.000,0.000,0.000,0.000,0.000,0.000,0.078,-0.264
387.41,0.436,0,0.949,0.956,1,0.000,0.000,0.000,0.000,0.000,0.000,0.071,-0.253
387.61,0.437,0,0.948,0.955,1,0.000,0.000,0.000,0.000,0.000,0.000,0.068,-0.242
387.81,0.428,0,0.948,0.955,1,0.000,0.000,0.000,0.000,0.000,0.000,0.070,-0.241
388.01,0.443,0,0.948,0.955,1,0.000,0.000,0.000,0.000,0.000,0.000,0.075,-0.247
388.21,0.443,0,0.945,0.953,1,0.000,0.000,0.000,0.000,0.000,0.000,0.077,-0.260
388.41,0.439,0,0.945,0.953,1,0.000,0.000,0.000,0.000,0.000,0.000,0.075,-0.253
388.61,0.108,0,0.951,0.956,1,0.000,0.000,0.000,0.000,0.000,0.000,0.074,-0.243
388.81,0.443,0,0.951,0.956,1,0.000,0.000,0.000,0.000,0.000,0.000,0.081,-0.237
389.01,0.444,0,0.951,0.956,1,0.000,0.000,0.000,0.000,0.000,0.000,0.082,-0.217
389.21,0.444,0,0.952,0.954,1,0.000,0.000,0.000,0.000,0.000,0.000,0.078,-0.226
389.41,0.444,0,0.952,0.954,1,0.000,0.000,0.000,0.000,0.000,0.000,0.078,-0.243
389.61,0.443,0,0.947,0.953,1,0.000,0.000,0.000,0.000,0.000,0.000,0.077,-0.227
389.81,0.439,0,0.947,0.953,1,0.000,0.000,0.000,0.000,0.000,0.000,0.067,-0.221
390.01,0.443,0,0.947,0.953,1,0.000,0.000,0.000,0.000,0.000,0.000,0.077,-0.230
390.21,0.443,0,0.945,0.952,1,0.000,0.000,0.000,0.000,0.000,0.000,0.073,-0.238
390.41,0.433,0,0.945,0.952,1,0.000,0.000,0.000,0.000,0.000,0.000,0.063,-0.225
390.61,0.433,0,0.946,0.950,1,0.000,0.000,0.000,0.000,0.000,0.000,0.064,-0.235
390.81,0.443,0,0.946,0.950,1,0.000,0.000,0.000,0.000,0.000,0.000,0.061,-0.244
391.01,0.438,0,0.946,0.950,1,0.000,0.000,0.000,0.000,0.000,0.000,0.053,-0.238
391.21,0.443,0,0.947,0.951,1,0.000,0.000,0.000,0.000,0.000,0.000,0.052,-0.242
391.41,0.443,0,0.947,0.951,1,0.000,0.000,0.000,0.000,0.000,0.000,0.061,-0.248
391.61,0.428,0,0.947,0.952,1,0.000,0.000,0.000,0.000,0.000,0.000,0.066,-0.241
391.81,0.428,0,0.947,0.952,1,0.000,0.000,0.000,0.000,0.000,0.000,0.054,-0.243
392.01,0.443,0,0.947,0.952,1,0.000,0.000,0.000,0.000,0.000,0.000,0.051,-0.254
392.21,0.444,0,0.942,0.956,1,0.000,0.000,0.000,0.000,0.000,0.000,0.066,-0.241
392.41,0.428,0,0.942,0.956,1,0.000,0.000,0.000,0.000,0.000,0.000,0.069,-0.243
392.61,0.441,0,0.939,0.957,1,0.000,0.000,0.000,0.000,0.000,0.000,0.056,-0.249
392.81,0.443,0,0.939,0.957,1,0.000,0.000,0.000,0.000,0.000,0.000,0.049,-0.248
393.01,0.438,0,0.939,0.957,1,0.000,0.000,0.000,0.000,0.000,0.000,0.056,-0.235
393.21,0.443,0,0.935,0.946,1,0.000,0.000,0.000,0.000,0.000,0.000,0.064,-0.231
393.41,0.443,0,0.935,0.946,1,0.000,0.000,0.000,0.000,0.000,0.000,0.055,-0.233
393.61,0.443,0,0.953,0.952,1,0.000,0.000,0.000,0.000,0.000,0.000,0.050,-0.228
393.81,0.443,0,0.953,0.952,1,0.000,0.000,0.000,0.000,0.000,0.000,0.053,-0.227
394.01,0.443,0,0.953,0.952,1,0.000,0.000,0.000,0.000,0.000,0.000,0.057,-0.233
394.21,0.443,0,0.951,0.947,1,0.000,0.000,0.000,0.000,0.000,0.000,0.068,-0.232
394.41,0.108,0,0.951,0.947,1,0.000,0.000,0.000,0.000,0.000,0.000,0.048,-0.233
394.61,0.439,0,0.940,0.943,1,0.000,0.000,0.000,0.000,0.000,0.000,0.045,-0.237
394.81,0.443,0,0.940,0.943,1,0.000,0.000,0.000,0.000,0.000,0.000,0.059,-0.235
395.01,0.443,0,0.940,0.943,1,0.000,0.000,0.000,0.000,0.000,0.000,0.059,-0.225
395.21,0.443,0,1.004,0.998,1,0.000,0.000,0.000,0.000,0.000,0.000,0.046,-0.234
395.41,0.443,0,1.004,0.998,1,0.000,0.000,0.000,0.000,0.000,0.000,0.045,-0.244
395.61,0.443,0,1.083,1.078,1,0.000,0.000,0.000,0.000,0.000,0.000,0.047,-0.224
395.81,0.436,0,1.083,1.078,1,0.000,0.000,0.000,0.000,0.000,0.000,0.048,-0.216
396.01,0.437,0,1.083,1.078,1,0.000,0.000,0.000,0.000,0.000,0.000,0.042,-0.228
396.21,0.443,0,1.119,1.118,1,0.000,0.000,0.000,0.000,0.000,0.000,0.057,-0.225
396.41,0.444,0,1.119,1.118,1,0.000,0.000,0.000,0.000,0.000,0.000,0.043,-0.216
396.61,0.443,0,1.103,1.110,1,0.000,0.000,0.000,0.000,0.000,0.000,0.038,-0.232
396.81,0.443,0,1.103,1.110,1,0.000,0.000,0.000,0.000,0.000,0.000,0.043,-0.242
397.01,0.437,0,1.103,1.110,1,0.000,0.000,0.000,0.000,0.000,0.000,0.039,-0.231
397.21,0.439,0,1.095,1.102,1,0.000,0.000,0.000,0.000,0.000,0.000,0.033,-0.244
397.41,0.443,0,1.095,1.102,1,0.000,0.000,0.000,0.000,0.000,0.000,0.050,-0.243
397.61,0.429,0,1.106,1.105,1,0.000,0.000,0.000,0.000,0.000,0.000,0.053,-0.243
397.81,0.428,0,1.106,1.105,1,0.000,0.000,0.000,0.000,0.000,0.000,0.042,-0.250
398.01,0.439,0,1.106,1.105,1,0.000,0.000,0.000,0.000,0.000,0.000,0.044,-0.260
398.21,0.443,0,1.114,1.112,1,0.000,0.000,0.000,0.000,0.000,0.000,0.061,-0.252
398.41,0.436,0,1.114,1.112,1,0.000,0.000,0.000,0.000,0.000,0.000,0.052,-0.245
398.61,0.434,0,1.111,1.116,1,0.000,0.000,0.000,0.000,0.000,0.000,0.046,-0.248
398.81,0.443,0,1.111,1.116,1,0.000,0.000,0.000,0.000,0.000,0.000,0.049,-0.252
399.01,0.443,0,1.111,1.116,1,0.000,0.000,0.000,0.000,0.000,0.000,0.059,-0.259
399.21,0.444,0,1.118,1.123,1,0.000,0.000,0.000,0.000,0.000,0.000,0.051,-0.253
399.41,0.444,0,1.118,1.123,1,0.000,0.000,0.000,0.000,0.000,0.000,0.049,-0.251
399.61,0.443,0,1.155,1.147,1,0.000,0.000,0.000,0.000,0.000,0.000,0.052,-0.253
399.81,0.443,0,1.155,1.147,1,0.000,0.000,0.000,0.000,0.000,0.000,0.055,-0.242
400.01,0.433,0,1.155,1.147,1,0.000,0.000,0.000,0.000,0.000,0.000,0.045,-0.238
400.21,0.430,0,1.151,1.153,1,0.000,0.000,0.000,0.000,0.000,0.000,0.045,-0.245
400.41,0.443,0,1.151,1.153,1,0.000,0.000,0.000,0.000,0.000,0.000,0.052,-0.250
400.61,0.431,0,1.150,1.147,1,0.000,0.000,0.000,0.000,0.000,0.000,0.039,-0.243
400.81,0.429,0,1.150,1.147,1,0.000,0.000,0.000,0.000,0.000,0.000,0.046,-0.244
401.01,0.433,0,1.150,1.147,1,0.000,0.000,0.000,0.000,0.000,0.000,0.049,-0.242
401.21,0.443,0,1.153,1.148,1,0.000,0.000,0.000,0.000,0.000,0.000,0.060,-0.245
401.41,0.443,0,1.153,1.148,1,0.000,0.000,0.000,0.000,0.000,0.000,0.057,-0.238
401.61,0.428,0,1.155,1.148,1,0.000,0.000,0.000,0.000,0.000,0.000,0.044,-0.241
401.81,0.434,0,1.155,1.148,1,0.000,0.000,0.000,0.000,0.000,0.000,0.052,-0.252
402.01,0.443,0,1.155,1.148,1,0.000,0.000,0.000,0.000,0.000,0.000,0.061,-0.254
402.21,0.440,0,1.154,1.146,1,0.000,0.000,0.000,0.000,0.000,0.000,0.044,-0.244
402.41,0.444,0,1.154,1.146,1,0.000,0.000,0.000,0.000,0.000,0.000,0.046,-0.241
402.61,0.443,0,1.153,1.146,1,0.000,0.000,0.000,0.000,0.000,0.000,0.057,-0.238
402.81,0.443,0,1.153,1.146,1,0.000,0.000,0.000,0.000,0.000,0.000,0.061,-0.250
403.01,0.444,0,1.153,1.146,1,0.000,0.000,0.000,0.000,0.000,0.000,0.052,-0.252
403.21,0.443,0,1.150,1.145,1,0.000,0.000,0.000,0.000,0.000,0.000,0.033,-0.250
403.41,0.444,0,1.150,1.145,1,0.000,0.000,0.000,0.000,0.000,0.000,0.044,-0.252
403.61,0.444,0,1.145,1.145,1,0.000,0.000,0.000,0.000,0.000,0.000,0.051,-0.244
403.81,0.444,0,1.145,1.145,1,0.000,0.000,0.000,0.000,0.000,0.000,0.056,-0.237
404.01,0.436,0,1.145,1.145,1,0.000,0.000,0.000,0.000,0.000,0.000,0.054,-0.246
404.21,0.443,0,1.149,1.144,1,0.000,0.000,0.000,0.000,0.000,0.000,0.055,-0.246
404.41,0.443,0,1.149,1.144,1,0.000,0.000,0.000,0.000,0.000,0.000,0.057,-0.253
404.61,0.108,0,1.145,1.141,1,0.000,0.000,0.000,0.000,0.000,0.000,0.055,-0.254
404.81,0.443,0,1.145,1.141,1,0.000,0.000,0.000,0.000,0.000,0.000,0.062,-0.253
405.01,0.443,0,1.145,1.141,1,0.000,0.000,0.000,0.000,0.000,0.000,0.058,-0.249
405.21,0.430,0,1.147,1.141,1,0.000,0.000,0.000,0.000,0.000,0.000,0.047,-0.251
405.41,0.433,0,1.147,1.141,1,0.000,0.000,0.000,0.000,0.000,0.000,0.050,-0.253
405.61,0.443,0,1.121,1.143,1,0.000,0.000,0.000,0.000,0.000,0.000,0.038,-0.252
405.81,0.443,0,1.121,1.143,1,0.000,0.000,0.000,0.000,0.000,0.000,0.031,-0.238
406.01,0.435,0,1.121,1.143,1,0.000,0.000,0.000,0.000,0.000,0.000,0.043,-0.221
406.21,0.432,0,1.114,1.123,1,0.000,0.000,0.000,0.000,0.000,0.000,0.047,-0.217
406.41,0.443,0,1.114,1.123,1,0.000,0.000,0.000,0.000,0.000,0.000,0.045,-0.240
406.61,0.432,0,1.106,1.117,1,0.000,0.000,0.000,0.000,0.000,0.000,0.054,-0.229
406.81,0.108,0,1.106,1.117,1,0.000,0.000,0.000,0.000,0.000,0.000,0.062,-0.227
407.01,0.440,0,1.106,1.117,1,0.000,0.000,0.000,0.000,0.000,0.000,0.051,-0.239
407.21,0.434,0,1.101,1.116,1,0.000,0.000,0.000,0.000,0.000,0.000,0.033,-0.239
407.41,0.443,0,1.101,1.116,1,0.000,0.000,0.000,0.000,0.000,0.000,0.047,-0.228
407.61,0.431,0,1.104,1.113,1,0.000,0.000,0.000,0.000,0.000,0.000,0.065,-0.207
407.81,0.433,0,1.104,1.113,1,0.000,0.000,0.000,0.000,0.000,0.000,0.060,-0.217
408.01,0.428,0,1.104,1.113,1,0.000,0.000,0.000,0.000,0.000,0.000,0.041,-0.242
408.21,0.443,0,1.099,1.112,1,0.000,0.000,0.000,0.000,0.000,0.000,0.033,-0.240
408.41,0.443,0,1.099,1.112,1,0.000,0.000,0.000,0.000,0.000,0.000,0.050,-0.209
408.61,0.441,0,1.100,1.109,1,0.000,0.000,0.000,0.000,0.000,0.000,0.050,-0.214
408.81,0.444,0,1.100,1.109,1,0.000,0.000,0.000,0.000,0.000,0.000,0.045,-0.235
409.01,0.428,0,1.100,1.109,1,0.000,0.000,0.000,0.000,0.000,0.000,0.040,-0.236
409.21,0.443,0,1.101,1.108,1,0.000,0.000,0.000,0.000,0.000,0.000,0.048,-0.214
409.41,0.443,0,1.101,1.108,1,0.000,0.000,0.000,0.000,0.000,0.000,0.046,-0.209
409.61,0.443,0,1.093,1.105,1,0.000,0.000,0.000,0.000,0.000,0.000,0.047,-0.210
409.81,0.443,0,1.093,1.105,1,0.000,0.000,0.000,0.000,0.000,0.000,0.051,-0.231
410.01,0.431,0,1.093,1.105,1,0.000,0.000,0.000,0.000,0.000,0.000,0.059,-0.224
410.21,0.443,0,1.096,1.104,1,0.000,0.000,0.000,0.000,0.000,0.000,0.064,-0.216
410.41,0.443,0,1.096,1.104,1,0.000,0.000,0.000,0.000,0.000,0.000,0.050,-0.223
410.61,0.108,0,1.088,1.103,1,0.000,0.000,0.000,0.000,0.000,0.000,0.049,-0.240
410.81,0.443,0,1.088,1.103,1,0.000,0.000,0.000,0.000,0.000,0.000,0.050,-0.234
411.01,0.438,0,1.088,1.103,1,0.000,0.000,0.000,0.000,0.000,0.000,0.046,-0.215
411.21,0.443,0,1.120,1.126,1,0.000,0.000,0.000,0.000,0.000,0.000,0.048,-0.215
411.41,0.429,0,1.120,1.126,1,0.000,0.000,0.000,0.000,0.000,0.000,0.043,-0.220
411.61,0.443,0,1.139,1.158,1,0.000,0.000,0.000,0.000,0.000,0.000,0.048,-0.222
411.81,0.439,0,1.139,1.158,1,0.000,0.000,0.000,0.000,0.000,0.000,0.050,-0.221
412.01,0.443,0,1.139,1.158,1,0.000,0.000,0.000,0.000,0.000,0.000,0.053,-0.208
412.21,0.444,0,1.163,1.234,1,0.000,0.000,0.000,0.000,0.000,0.000,0.045,-0.220
412.41,0.443,0,1.163,1.234,1,0.000,0.000,0.000,0.000,0.000,0.000,0.050,-0.222
412.61,0.444,0,1.165,1.240,1,0.000,0.000,0.000,0.000,0.000,0.000,0.057,-0.231
412.82,0.443,0,1.165,1.240,1,0.000,0.000,0.000,0.000,0.000,0.000,0.049,-0.267
413.01,0.444,0,1.165,1.240,1,0.000,0.000,0.000,0.000,0.000,0.000,0.047,-0.272
413.21,0.108,0,1.146,1.222,1,0.000,0.000,0.000,0.000,0.000,0.000,0.038,-0.239
413.41,0.437,0,1.146,1.222,1,0.000,0.000,0.000,0.000,0.000,0.000,0.048,-0.229
413.61,0.443,0,1.122,1.192,1,0.000,0.000,0.000,0.000,0.000,0.000,0.066,-0.247
413.81,0.443,0,1.122,1.192,1,0.000,0.000,0.000,0.000,0.000,0.000,0.055,-0.249
414.01,0.432,0,1.122,1.192,1,0.000,0.000,0.000,0.000,0.000,0.000,0.042,-0.226
414.21,0.111,0,1.267,1.310,1,0.000,0.000,0.000,0.000,0.000,0.000,0.050,-0.227
414.41,0.443,0,1.267,1.310,1,0.000,0.000,0.000,0.000,0.000,0.000,0.058,-0.234
414.61,0.443,0,1.410,1.464,1,0.000,0.000,0.000,0.000,0.000,0.000,0.063,-0.238
414.82,0.433,0,1.410,1.464,1,0.000,0.000,0.000,0.000,0.000,0.000,0.060,-0.247
415.01,0.429,0,1.410,1.464,1,0.000,0.000,0.000,0.000,0.000,0.000,0.051,-0.285
