t,min_range,blocked,lidar_range,camera_range,agree,cmd_in_vx,cmd_in_vy,cmd_in_wz,cmd_out_vx,cmd_out_vy,cmd_out_wz,odom_x,odom_y
0.21,nan,0,nan,nan,0,0.000,0.000,0.000,0.000,0.000,0.000,0.000,0.000
0.41,nan,0,nan,nan,0,0.000,0.000,0.000,0.000,0.000,0.000,0.000,0.000
0.61,nan,0,nan,nan,0,0.000,0.000,0.000,0.000,0.000,0.000,0.000,0.000
0.81,nan,0,nan,nan,0,0.000,0.000,0.000,0.000,0.000,0.000,0.000,0.000
1.01,nan,0,nan,nan,0,0.000,0.000,0.000,0.000,0.000,0.000,0.000,0.000
1.21,nan,0,0.485,0.598,1,0.000,0.000,0.000,0.000,0.000,0.000,0.000,0.000
1.41,nan,0,0.485,0.598,1,0.000,0.000,0.000,0.000,0.000,0.000,0.000,0.000
1.61,nan,0,0.485,0.598,1,0.000,0.000,0.000,0.000,0.000,0.000,0.000,0.000
1.81,nan,0,0.485,0.598,1,0.000,0.000,0.000,0.000,0.000,0.000,0.000,0.000
2.01,nan,0,0.485,0.598,1,0.000,0.000,0.000,0.000,0.000,0.000,0.000,0.000
2.21,nan,0,0.486,0.597,1,0.000,0.000,0.000,0.000,0.000,0.000,0.000,0.000
2.41,nan,0,0.486,0.597,1,0.000,0.000,0.000,0.000,0.000,0.000,0.000,0.000
2.61,0.397,0,0.486,0.597,1,0.000,0.000,0.000,0.000,0.000,0.000,0.000,0.000
2.81,0.381,0,0.485,0.599,1,0.000,0.000,0.000,0.000,0.000,0.000,0.000,0.000
3.01,0.387,0,0.485,0.599,1,0.000,0.000,0.000,0.000,0.000,0.000,-0.016,-0.007
3.21,0.389,0,0.485,0.598,1,0.000,0.000,0.000,0.000,0.000,0.000,-0.002,-0.003
3.41,0.380,0,0.485,0.598,1,0.000,0.000,0.000,0.000,0.000,0.000,-0.004,-0.000
3.61,0.405,0,0.485,0.598,1,0.000,0.000,0.000,0.000,0.000,0.000,-0.005,-0.009
3.81,0.384,0,0.485,0.598,1,0.000,0.000,0.000,0.000,0.000,0.000,-0.006,-0.004
4.01,0.387,0,0.485,0.598,1,0.000,0.000,0.000,0.000,0.000,0.000,-0.003,-0.006
4.21,0.381,0,0.486,0.598,1,0.000,0.000,0.000,0.000,0.000,0.000,-0.003,-0.004
4.41,0.383,0,0.486,0.598,1,0.000,0.000,0.000,0.000,0.000,0.000,-0.004,-0.003
4.61,0.391,0,0.486,0.598,1,0.000,0.000,0.000,0.000,0.000,0.000,-0.001,-0.003
4.81,0.405,0,0.486,0.597,1,0.000,0.000,0.000,0.000,0.000,0.000,-0.002,-0.005
5.01,0.394,0,0.486,0.597,1,0.000,0.000,0.000,0.000,0.000,0.000,-0.005,-0.005
5.21,0.395,0,0.486,0.598,1,0.000,0.000,0.000,0.000,0.000,0.000,-0.003,-0.003
5.41,0.388,0,0.486,0.598,1,0.000,0.000,0.000,0.000,0.000,0.000,-0.002,-0.002
5.61,0.383,0,0.486,0.598,1,0.000,0.000,0.000,0.000,0.000,0.000,-0.003,-0.005
5.81,0.405,0,0.485,0.598,1,0.000,0.000,0.000,0.000,0.000,0.000,-0.002,-0.005
6.01,0.405,0,0.485,0.598,1,0.000,0.000,0.000,0.000,0.000,0.000,-0.002,-0.002
6.21,0.387,0,0.485,0.598,1,0.000,0.000,0.000,0.000,0.000,0.000,-0.000,-0.004
6.41,0.391,0,0.485,0.598,1,0.000,0.000,0.000,0.000,0.000,0.000,-0.004,-0.005
6.61,0.386,0,0.485,0.598,1,0.000,0.000,0.000,0.000,0.000,0.000,-0.005,-0.004
6.81,0.386,0,0.486,0.597,1,0.000,0.000,0.000,0.000,0.000,0.000,-0.002,-0.003
7.01,0.384,0,0.486,0.597,1,0.000,0.000,0.000,0.000,0.000,0.000,-0.000,-0.001
7.21,0.386,0,0.485,0.598,1,0.000,0.000,0.000,0.000,0.000,0.000,-0.003,-0.004
7.41,0.389,0,0.485,0.598,1,0.000,0.000,0.000,0.000,0.000,0.000,-0.005,-0.007
7.61,0.386,0,0.485,0.598,1,0.000,0.000,0.000,0.000,0.000,0.000,-0.004,-0.007
7.81,0.388,0,0.485,0.598,1,0.000,0.000,0.000,0.000,0.000,0.000,-0.002,-0.005
8.01,0.384,0,0.485,0.598,1,0.000,0.000,0.000,0.000,0.000,0.000,-0.003,-0.004
8.21,0.386,0,0.485,0.597,1,0.000,0.000,0.000,0.000,0.000,0.000,-0.001,-0.004
8.41,0.387,0,0.485,0.597,1,0.000,0.000,0.000,0.000,0.000,0.000,-0.000,-0.003
8.61,0.472,0,0.485,0.597,1,0.000,0.000,0.000,0.000,0.000,0.000,-0.003,-0.003
8.81,0.405,0,0.486,0.597,1,0.000,0.000,0.000,0.000,0.000,0.000,-0.007,-0.004
9.01,0.402,0,0.486,0.597,1,0.000,0.000,0.000,0.000,0.000,0.000,-0.005,-0.005
9.21,0.405,0,0.486,0.598,1,0.000,0.000,0.000,0.000,0.000,0.000,0.001,-0.005
9.41,0.397,0,0.486,0.598,1,0.000,0.000,0.000,0.000,0.000,0.000,0.002,-0.005
9.61,0.369,0,0.486,0.598,1,0.000,0.000,0.000,0.000,0.000,0.000,-0.003,-0.004
9.81,0.369,0,0.485,0.597,1,0.000,0.000,0.000,0.000,0.000,0.000,-0.004,-0.005
10.01,0.370,0,0.485,0.597,1,0.000,0.000,0.000,0.000,0.000,0.000,-0.003,-0.006
10.21,0.368,0,0.486,0.597,1,0.000,0.000,0.000,0.000,0.000,0.000,-0.000,-0.004
10.41,0.373,0,0.486,0.597,1,0.000,0.000,0.000,0.000,0.000,0.000,-0.002,-0.003
10.61,0.371,0,0.486,0.597,1,0.000,0.000,0.000,0.000,0.000,0.000,-0.004,-0.003
10.81,0.370,0,0.486,0.598,1,0.000,0.000,0.000,0.000,0.000,0.000,-0.003,-0.005
11.01,0.370,0,0.486,0.598,1,0.000,0.000,0.000,0.000,0.000,0.000,-0.005,-0.004
11.21,0.372,0,0.486,0.597,1,0.000,0.000,0.000,0.000,0.000,0.000,-0.006,-0.004
11.41,0.369,0,0.486,0.597,1,0.000,0.000,0.000,0.000,0.000,0.000,-0.001,-0.005
11.61,0.371,0,0.486,0.597,1,0.000,0.000,0.000,0.000,0.000,0.000,0.001,-0.006
11.81,0.370,0,0.485,0.598,1,0.000,0.000,0.000,0.000,0.000,0.000,-0.001,-0.006
12.01,0.371,0,0.485,0.598,1,0.000,0.000,0.000,0.000,0.000,0.000,-0.001,-0.005
12.21,0.372,0,0.485,0.598,1,0.000,0.000,0.000,0.000,0.000,0.000,-0.004,-0.005
12.41,0.370,0,0.485,0.598,1,0.000,0.000,0.000,0.000,0.000,0.000,-0.005,-0.004
12.61,0.374,0,0.485,0.598,1,0.000,0.000,0.000,0.000,0.000,0.000,0.000,-0.004
12.81,0.371,0,0.486,0.598,1,0.000,0.000,0.000,0.000,0.000,0.000,-0.001,-0.006
13.01,0.369,0,0.486,0.598,1,0.000,0.000,0.000,0.000,0.000,0.000,-0.005,-0.009
13.21,0.370,0,0.485,0.598,1,0.000,0.000,0.000,0.000,0.000,0.000,-0.005,-0.008
13.41,0.473,0,0.485,0.598,1,0.000,0.000,0.000,0.000,0.000,0.000,-0.004,-0.006
13.61,0.472,0,0.485,0.598,1,0.000,0.000,0.000,0.000,0.000,0.000,-0.000,-0.004
13.81,0.369,0,0.486,0.597,1,0.000,0.000,0.000,0.000,0.000,0.000,0.001,-0.006
14.01,0.370,0,0.486,0.597,1,0.000,0.000,0.000,0.000,0.000,0.000,-0.001,-0.009
14.21,0.407,0,0.486,0.598,1,0.000,0.000,0.000,0.000,0.000,0.000,-0.001,-0.007
14.41,0.407,0,0.486,0.598,1,0.000,0.000,0.000,0.000,0.000,0.000,-0.001,-0.005
14.61,0.373,0,0.486,0.598,1,0.000,0.000,0.000,0.000,0.000,0.000,-0.001,-0.003
14.81,0.373,0,0.486,0.598,1,0.000,0.000,0.000,0.000,0.000,0.000,-0.003,-0.003
15.01,0.384,0,0.486,0.598,1,0.000,0.000,0.000,0.000,0.000,0.000,-0.000,-0.005
15.21,0.389,0,0.486,0.598,1,0.000,0.000,0.000,0.000,0.000,0.000,-0.003,-0.007
15.41,0.370,0,0.486,0.598,1,0.000,0.000,0.000,0.000,0.000,0.000,-0.006,-0.004
15.61,0.370,0,0.486,0.598,1,0.000,0.000,0.000,0.000,0.000,0.000,-0.005,-0.003
15.81,0.369,0,0.485,0.598,1,0.000,0.000,0.000,0.000,0.000,0.000,-0.003,-0.006
16.01,0.370,0,0.485,0.598,1,0.000,0.000,0.000,0.000,0.000,0.000,-0.003,-0.006
16.21,0.370,0,0.485,0.598,1,0.000,0.000,0.000,0.000,0.000,0.000,-0.002,-0.007
16.41,0.370,0,0.485,0.598,1,0.000,0.000,0.000,0.000,0.000,0.000,-0.005,-0.007
16.61,0.386,0,0.485,0.598,1,0.000,0.000,0.000,0.000,0.000,0.000,-0.006,-0.005
16.81,0.377,0,0.486,0.597,1,0.000,0.000,0.000,0.000,0.000,0.000,-0.002,-0.005
17.01,0.369,0,0.486,0.597,1,0.000,0.000,0.000,0.000,0.000,0.000,-0.003,-0.007
17.21,0.380,0,0.486,0.597,1,0.000,0.000,0.000,0.000,0.000,0.000,-0.007,-0.007
17.41,0.373,0,0.486,0.597,1,0.000,0.000,0.000,0.000,0.000,0.000,-0.006,-0.004
17.61,0.373,0,0.486,0.597,1,0.000,0.000,0.000,0.000,0.000,0.000,-0.000,-0.004
17.81,0.372,0,0.485,0.597,1,0.000,0.000,0.000,0.000,0.000,0.000,0.001,-0.005
18.01,0.370,0,0.485,0.597,1,0.000,0.000,0.000,0.000,0.000,0.000,-0.001,-0.005
18.21,0.370,0,0.486,0.599,1,0.000,0.000,0.000,0.000,0.000,0.000,-0.004,-0.005
18.41,0.374,0,0.486,0.599,1,0.000,0.000,0.000,0.000,0.000,0.000,-0.005,-0.003
18.61,0.373,0,0.486,0.599,1,0.000,0.000,0.000,0.000,0.000,0.000,-0.008,-0.001
18.81,0.473,0,0.485,0.598,1,0.000,0.000,0.000,0.000,0.000,0.000,-0.001,-0.004
19.01,0.375,0,0.485,0.598,1,0.000,0.000,0.000,0.000,0.000,0.000,0.001,-0.007
19.21,0.370,0,0.486,0.598,1,0.000,0.000,0.000,0.000,0.000,0.000,-0.008,-0.004
19.41,0.373,0,0.486,0.598,1,0.000,0.000,0.000,0.000,0.000,0.000,-0.009,-0.007
19.61,0.405,0,0.486,0.598,1,0.000,0.000,0.000,0.000,0.000,0.000,-0.002,-0.008
19.81,0.371,0,0.485,0.597,1,0.000,0.000,0.000,0.000,0.000,0.000,0.000,-0.005
20.01,0.391,0,0.485,0.597,1,0.000,0.000,0.000,0.000,0.000,0.000,-0.001,-0.005
20.21,0.371,0,0.485,0.598,1,0.000,0.000,0.000,0.000,0.000,0.000,-0.005,-0.007
20.41,0.382,0,0.485,0.598,1,0.000,0.000,0.000,0.000,0.000,0.000,-0.005,-0.007
20.61,0.370,0,0.485,0.598,1,0.000,0.000,0.000,0.000,0.000,0.000,-0.004,-0.003
20.81,0.370,0,0.486,0.598,1,0.000,0.000,0.000,0.000,0.000,0.000,-0.000,-0.005
21.01,0.370,0,0.486,0.598,1,0.000,0.000,0.000,0.000,0.000,0.000,-0.001,-0.007
21.21,0.375,0,0.485,0.598,1,0.000,0.000,0.000,0.000,0.000,0.000,-0.005,-0.005
21.41,0.384,0,0.485,0.598,1,0.000,0.000,0.000,0.000,0.000,0.000,-0.004,-0.004
21.61,0.374,0,0.485,0.598,1,0.000,0.000,0.000,0.000,0.000,0.000,-0.004,-0.005
21.81,0.371,0,0.486,0.597,1,0.000,0.000,0.000,0.000,0.000,0.000,-0.003,-0.004
22.01,0.369,0,0.486,0.597,1,0.000,0.000,0.000,0.000,0.000,0.000,-0.005,-0.007
22.21,0.373,0,0.486,0.597,1,0.000,0.000,0.000,0.000,0.000,0.000,-0.003,-0.002
22.41,0.370,0,0.486,0.597,1,0.000,0.000,0.000,0.000,0.000,0.000,0.000,-0.003
22.61,0.373,0,0.486,0.597,1,0.000,0.000,0.000,0.000,0.000,0.000,-0.001,-0.008
22.81,0.370,0,0.485,0.598,1,0.000,0.000,0.000,0.000,0.000,0.000,-0.005,-0.003
23.01,0.375,0,0.485,0.598,1,0.000,0.000,0.000,0.000,0.000,0.000,-0.006,-0.003
23.21,0.375,0,0.485,0.599,1,0.000,0.000,0.000,0.000,0.000,0.000,-0.003,-0.006
23.41,0.382,0,0.485,0.599,1,0.000,0.000,0.000,0.000,0.000,0.000,-0.001,-0.007
23.61,0.401,0,0.485,0.599,1,0.000,0.000,0.000,0.000,0.000,0.000,-0.003,-0.005
23.81,0.375,0,0.485,0.598,1,0.000,0.000,0.000,0.000,0.000,0.000,-0.003,-0.003
24.01,0.382,0,0.485,0.598,1,0.000,0.000,0.000,0.000,0.000,0.000,-0.004,-0.006
24.21,0.380,0,0.485,0.598,1,0.000,0.000,0.000,0.000,0.000,0.000,-0.007,-0.009
24.41,0.370,0,0.485,0.598,1,0.000,0.000,0.000,0.000,0.000,0.000,-0.003,-0.003
24.61,0.370,0,0.485,0.598,1,0.000,0.000,0.000,0.000,0.000,0.000,0.002,0.000
24.81,0.376,0,0.485,0.599,1,0.000,0.000,0.000,0.000,0.000,0.000,-0.004,-0.003
25.01,0.400,0,0.485,0.599,1,0.000,0.000,0.000,0.000,0.000,0.000,-0.006,-0.006
25.21,0.369,0,0.486,0.598,1,0.000,0.000,0.000,0.000,0.000,0.000,-0.001,-0.006
25.41,0.369,0,0.486,0.598,1,0.000,0.000,0.000,0.000,0.000,0.000,0.001,-0.005
25.61,0.370,0,0.486,0.598,1,0.000,0.000,0.000,0.000,0.000,0.000,-0.003,-0.004
25.81,0.371,0,0.486,0.598,1,0.000,0.000,0.000,0.000,0.000,0.000,-0.004,-0.004
26.01,0.371,0,0.486,0.598,1,0.000,0.000,0.000,0.000,0.000,0.000,-0.002,-0.007
26.21,0.375,0,0.486,0.598,1,0.000,0.000,0.000,0.000,0.000,0.000,-0.002,-0.007
26.41,0.370,0,0.486,0.598,1,0.000,0.000,0.000,0.000,0.000,0.000,-0.005,-0.005
26.61,0.370,0,0.486,0.598,1,0.000,0.000,0.000,0.000,0.000,0.000,-0.003,-0.008
26.81,0.403,0,0.485,0.598,1,0.000,0.000,0.000,0.000,0.000,0.000,-0.002,-0.006
27.01,0.473,0,0.485,0.598,1,0.000,0.000,0.000,0.000,0.000,0.000,-0.005,-0.003
27.21,0.369,0,0.485,0.597,1,0.000,0.000,0.000,0.000,0.000,0.000,-0.005,-0.005
27.41,0.473,0,0.485,0.597,1,0.000,0.000,0.000,0.000,0.000,0.000,-0.002,-0.008
27.61,0.369,0,0.485,0.597,1,0.000,0.000,0.000,0.000,0.000,0.000,-0.002,-0.005
27.81,0.370,0,0.485,0.597,1,0.000,0.000,0.000,0.000,0.000,0.000,-0.001,-0.003
28.01,0.371,0,0.485,0.597,1,0.000,0.000,0.000,0.000,0.000,0.000,-0.003,-0.004
28.21,0.371,0,0.485,0.599,1,0.000,0.000,0.000,0.000,0.000,0.000,-0.002,-0.007
28.41,0.373,0,0.485,0.599,1,0.000,0.000,0.000,0.000,0.000,0.000,-0.004,-0.004
28.61,0.473,0,0.485,0.599,1,0.000,0.000,0.000,0.000,0.000,0.000,-0.004,-0.004
28.81,0.375,0,0.485,0.597,1,0.000,0.000,0.000,0.000,0.000,0.000,-0.002,-0.004
29.01,0.472,0,0.485,0.597,1,0.000,0.000,0.000,0.000,0.000,0.000,-0.002,-0.006
29.21,0.369,0,0.485,0.599,1,0.000,0.000,0.000,0.000,0.000,0.000,-0.004,-0.003
29.41,0.369,0,0.485,0.599,1,0.000,0.000,0.000,0.000,0.000,0.000,-0.004,-0.004
29.61,0.370,0,0.485,0.599,1,0.000,0.000,0.000,0.000,0.000,0.000,-0.003,-0.004
29.81,0.370,0,0.485,0.598,1,0.000,0.000,0.000,0.000,0.000,0.000,0.000,-0.004
30.01,0.370,0,0.485,0.598,1,0.000,0.000,0.000,0.000,0.000,0.000,0.001,-0.005
30.21,0.372,0,0.486,0.597,1,0.000,0.000,0.000,0.000,0.000,0.000,-0.007,-0.004
30.41,0.372,0,0.486,0.597,1,0.000,0.000,0.000,0.000,0.000,0.000,-0.009,-0.001
30.61,0.370,0,0.486,0.597,1,0.000,0.000,0.000,0.000,0.000,0.000,-0.000,-0.005
30.81,0.375,0,0.486,0.598,1,0.000,0.000,0.000,0.000,0.000,0.000,-0.001,-0.005
31.01,0.370,0,0.486,0.598,1,0.000,0.000,0.000,0.000,0.000,0.000,-0.005,-0.004
31.21,0.371,0,0.486,0.598,1,0.000,0.000,0.000,0.000,0.000,0.000,-0.005,-0.005
31.41,0.369,0,0.486,0.598,1,0.000,0.000,0.000,0.000,0.000,0.000,-0.002,-0.007
31.61,0.370,0,0.486,0.598,1,0.000,0.000,0.000,0.000,0.000,0.000,-0.001,-0.004
31.81,0.370,0,0.485,0.597,1,0.000,0.000,0.000,0.000,0.000,0.000,-0.003,-0.005
32.01,0.369,0,0.485,0.597,1,0.000,0.000,0.000,0.000,0.000,0.000,-0.003,-0.004
32.21,0.370,0,0.485,0.597,1,0.000,0.000,0.000,0.000,0.000,0.000,-0.001,-0.005
32.41,0.374,0,0.485,0.597,1,0.000,0.000,0.000,0.000,0.000,0.000,-0.004,-0.005
32.61,0.473,0,0.485,0.597,1,0.000,0.000,0.000,0.000,0.000,0.000,-0.003,-0.005
32.81,0.368,0,0.486,0.598,1,0.000,0.000,0.000,0.000,0.000,0.000,-0.005,-0.005
33.01,0.370,0,0.486,0.598,1,0.000,0.000,0.000,0.000,0.000,0.000,-0.005,-0.007
33.21,0.366,0,0.485,0.598,1,0.000,0.000,0.000,0.000,0.000,0.000,0.003,-0.003
33.41,0.367,0,0.485,0.598,1,0.000,0.000,0.000,0.000,0.000,0.000,0.004,-0.002
33.61,0.368,0,0.485,0.598,1,0.000,0.000,0.000,0.000,0.000,0.000,-0.003,-0.006
33.81,0.370,0,0.485,0.598,1,0.000,0.000,0.000,0.000,0.000,0.000,-0.006,-0.011
34.01,0.368,0,0.485,0.598,1,0.000,0.000,0.000,0.000,0.000,0.000,-0.001,-0.005
34.21,0.366,0,0.485,0.597,1,0.000,0.000,0.000,0.000,0.000,0.000,0.001,-0.004
34.41,0.368,0,0.485,0.597,1,0.000,0.000,0.000,0.000,0.000,0.000,-0.002,-0.008
34.61,0.373,0,0.485,0.597,1,0.000,0.000,0.000,0.000,0.000,0.000,-0.003,-0.007
34.81,0.373,0,0.485,0.598,1,0.000,0.000,0.000,0.000,0.000,0.000,-0.004,-0.007
35.01,0.365,0,0.485,0.598,1,0.000,0.000,0.000,0.000,0.000,0.000,-0.002,-0.006
35.21,0.337,0,0.486,0.597,1,0.000,0.000,0.000,0.000,0.000,0.000,-0.003,-0.007
35.41,0.353,0,0.486,0.597,1,0.000,0.000,0.000,0.000,0.000,0.000,-0.008,-0.010
35.61,0.351,0,0.486,0.597,1,0.000,0.000,0.000,0.000,0.000,0.000,-0.008,-0.009
35.81,0.368,0,0.486,0.597,1,0.000,0.000,0.000,0.000,0.000,0.000,-0.007,-0.010
36.01,0.373,0,0.486,0.597,1,0.000,0.000,0.000,0.000,0.000,0.000,-0.008,-0.011
36.21,0.359,0,0.486,0.598,1,0.000,0.000,0.000,0.000,0.000,0.000,-0.009,-0.014
36.41,0.358,0,0.486,0.598,1,0.000,0.000,0.000,0.000,0.000,0.000,-0.007,-0.012
36.61,0.357,0,0.486,0.598,1,0.000,0.000,0.000,0.000,0.000,0.000,-0.007,-0.011
36.81,0.361,0,0.485,0.598,1,0.000,0.000,0.000,0.000,0.000,0.000,-0.011,-0.012
37.01,0.358,0,0.485,0.598,1,0.000,0.000,0.000,0.000,0.000,0.000,-0.012,-0.019
37.21,0.358,0,0.486,0.597,1,0.000,0.000,0.000,0.000,0.000,0.000,-0.010,-0.013
37.41,0.343,0,0.486,0.597,1,0.000,0.000,0.000,0.000,0.000,0.000,-0.003,-0.009
37.61,0.343,0,0.486,0.597,1,0.000,0.000,0.000,0.000,0.000,0.000,-0.007,-0.008
37.81,0.361,0,0.486,0.597,1,0.000,0.000,0.000,0.000,0.000,0.000,-0.008,-0.015
38.01,0.366,0,0.486,0.597,1,0.000,0.000,0.000,0.000,0.000,0.000,-0.011,-0.017
38.21,0.354,0,0.485,0.598,1,0.000,0.000,0.000,0.000,0.000,0.000,-0.007,-0.009
38.41,0.369,0,0.485,0.598,1,0.000,0.000,0.000,0.000,0.000,0.000,-0.014,-0.010
38.61,0.344,0,0.485,0.598,1,0.000,0.000,0.000,0.000,0.000,0.000,-0.020,-0.017
38.81,0.353,0,0.486,0.598,1,0.000,0.000,0.000,0.000,0.000,0.000,-0.006,-0.016
39.01,0.354,0,0.486,0.598,1,0.000,0.000,0.000,0.000,0.000,0.000,-0.003,-0.007
39.21,0.359,0,0.486,0.598,1,0.000,0.000,0.000,0.000,0.000,0.000,-0.020,-0.012
39.41,0.362,0,0.486,0.598,1,0.000,0.000,0.000,0.000,0.000,0.000,-0.018,-0.015
39.61,0.363,0,0.486,0.598,1,0.000,0.000,0.000,0.000,0.000,0.000,-0.008,-0.010
39.81,0.359,0,0.486,0.597,1,0.000,0.000,0.000,0.000,0.000,0.000,-0.006,-0.011
40.01,0.375,0,0.486,0.597,1,0.000,0.000,0.000,0.000,0.000,0.000,-0.012,-0.009
40.21,0.358,0,0.485,0.598,1,0.000,0.000,0.000,0.000,0.000,0.000,-0.010,-0.007
40.41,0.363,0,0.485,0.598,1,0.000,0.000,0.000,0.000,0.000,0.000,-0.006,-0.008
40.61,0.371,0,0.485,0.598,1,0.000,0.000,0.000,0.000,0.000,0.000,-0.009,-0.011
40.81,0.363,0,0.485,0.598,1,0.000,0.000,0.000,0.000,0.000,0.000,-0.012,-0.011
41.01,0.356,0,0.485,0.598,1,0.000,0.000,0.000,0.000,0.000,0.000,-0.018,-0.020
41.21,0.364,0,0.485,0.599,1,0.000,0.000,0.000,0.000,0.000,0.000,-0.017,-0.022
41.41,0.364,0,0.485,0.599,1,0.000,0.000,0.000,0.000,0.000,0.000,-0.009,-0.011
41.61,0.369,0,0.485,0.599,1,0.000,0.000,0.000,0.000,0.000,0.000,-0.007,-0.007
41.81,0.366,0,0.486,0.597,1,0.000,0.000,0.000,0.000,0.000,0.000,-0.008,-0.015
42.01,0.367,0,0.486,0.597,1,0.000,0.000,0.000,0.000,0.000,0.000,-0.015,-0.016
42.21,0.366,0,0.486,0.598,1,0.000,0.000,0.000,0.000,0.000,0.000,-0.019,-0.015
42.41,0.367,0,0.486,0.598,1,0.000,0.000,0.000,0.000,0.000,0.000,-0.012,-0.013
42.61,0.374,0,0.486,0.598,1,0.000,0.000,0.000,0.000,0.000,0.000,-0.004,-0.007
42.81,0.379,0,0.485,0.597,1,0.000,0.000,0.000,0.000,0.000,0.000,-0.010,-0.012
43.01,0.379,0,0.485,0.597,1,0.000,0.000,0.000,0.000,0.000,0.000,-0.014,-0.019
43.21,0.368,0,0.485,0.598,1,0.000,0.000,0.000,0.000,0.000,0.000,-0.010,-0.012
43.41,0.369,0,0.485,0.598,1,0.000,0.000,0.000,0.000,0.000,0.000,-0.018,-0.008
43.61,0.367,0,0.485,0.598,1,0.000,0.000,0.000,0.000,0.000,0.000,-0.023,-0.011
43.81,0.352,0,0.486,0.598,1,0.000,0.000,0.000,0.000,0.000,0.000,-0.012,-0.016
44.01,0.355,0,0.486,0.598,1,0.000,0.000,0.000,0.000,0.000,0.000,0.002,-0.004
44.21,0.351,0,0.485,0.598,1,0.000,0.000,0.000,0.000,0.000,0.000,0.001,0.003
44.41,0.369,0,0.485,0.598,1,0.000,0.000,0.000,0.000,0.000,0.000,-0.004,-0.013
44.61,0.359,0,0.485,0.598,1,0.000,0.000,0.000,0.000,0.000,0.000,0.001,-0.009
44.81,0.370,0,0.485,0.598,1,0.000,0.000,0.000,0.000,0.000,0.000,-0.000,-0.003
45.01,0.368,0,0.485,0.598,1,0.000,0.000,0.000,0.000,0.000,0.000,0.004,-0.009
45.21,0.430,0,0.485,0.598,1,0.000,0.000,0.000,0.000,0.000,0.000,0.009,-0.010
45.41,0.473,0,0.485,0.598,1,0.000,0.000,0.000,0.000,0.000,0.000,0.001,-0.010
45.61,0.472,0,0.485,0.598,1,0.000,0.000,0.000,0.000,0.000,0.000,0.000,-0.011
45.81,0.472,0,0.486,0.597,1,0.000,0.000,0.000,0.000,0.000,0.000,0.008,-0.015
46.01,0.473,0,0.486,0.597,1,0.000,0.000,0.000,0.000,0.000,0.000,0.012,-0.017
46.21,0.473,0,0.486,0.597,1,0.000,0.000,0.000,0.000,0.000,0.000,0.006,-0.014
46.41,0.472,0,0.486,0.597,1,0.000,0.000,0.000,0.000,0.000,0.000,-0.006,-0.010
46.61,0.473,0,0.486,0.597,1,0.000,0.000,0.000,0.000,0.000,0.000,-0.005,-0.011
46.81,0.473,0,0.486,0.597,1,0.000,0.000,0.000,0.000,0.000,0.000,0.006,-0.017
47.01,0.473,0,0.486,0.597,1,0.000,0.000,0.000,0.000,0.000,0.000,0.004,-0.018
47.21,0.473,0,0.486,0.598,1,0.000,0.000,0.000,0.000,0.000,0.000,-0.005,-0.016
47.41,0.473,0,0.486,0.598,1,0.000,0.000,0.000,0.000,0.000,0.000,0.001,-0.015
47.61,0.473,0,0.486,0.598,1,0.000,0.000,0.000,0.000,0.000,0.000,0.004,-0.019
47.81,0.473,0,0.485,0.598,1,0.000,0.000,0.000,0.000,0.000,0.000,-0.003,-0.018
48.01,0.473,0,0.485,0.598,1,0.000,0.000,0.000,0.000,0.000,0.000,-0.004,-0.016
48.21,0.473,0,0.486,0.597,1,0.000,0.000,0.000,0.000,0.000,0.000,-0.001,-0.019
48.41,0.472,0,0.486,0.597,1,0.000,0.000,0.000,0.000,0.000,0.000,-0.005,-0.021
48.61,0.473,0,0.486,0.597,1,0.000,0.000,0.000,0.000,0.000,0.000,0.000,-0.013
48.81,0.473,0,0.486,0.598,1,0.000,0.000,0.000,0.000,0.000,0.000,0.001,-0.016
49.01,0.473,0,0.486,0.598,1,0.000,0.000,0.000,0.000,0.000,0.000,-0.009,-0.026
49.21,0.473,0,0.487,0.598,1,0.000,0.000,0.000,0.000,0.000,0.000,-0.008,-0.019
49.41,0.473,0,0.487,0.598,1,0.000,0.000,0.000,0.000,0.000,0.000,0.004,-0.011
49.61,0.473,0,0.487,0.598,1,0.000,0.000,0.000,0.000,0.000,0.000,0.002,-0.016
49.81,0.473,0,0.486,0.596,1,0.000,0.000,0.000,0.000,0.000,0.000,-0.004,-0.019
50.01,0.473,0,0.486,0.596,1,0.000,0.000,0.000,0.000,0.000,0.000,-0.005,-0.020
50.21,0.472,0,0.486,0.597,1,0.000,0.000,0.000,0.000,0.000,0.000,0.002,-0.017
50.41,0.473,0,0.486,0.597,1,0.000,0.000,0.000,0.000,0.000,0.000,0.004,-0.020
50.61,0.472,0,0.486,0.597,1,0.000,0.000,0.000,0.000,0.000,0.000,-0.003,-0.019
50.81,0.472,0,0.485,0.597,1,0.000,0.000,0.000,0.000,0.000,0.000,-0.012,-0.020
51.01,0.473,0,0.485,0.597,1,0.000,0.000,0.000,0.000,0.000,0.000,-0.013,-0.022
51.21,0.473,0,0.486,0.598,1,0.000,0.000,0.000,0.000,0.000,0.000,-0.001,-0.025
51.41,0.472,0,0.486,0.598,1,0.000,0.000,0.000,0.000,0.000,0.000,0.001,-0.016
51.61,0.473,0,0.486,0.598,1,0.000,0.000,0.000,0.000,0.000,0.000,-0.001,-0.015
51.81,0.473,0,0.486,0.597,1,0.000,0.000,0.000,0.000,0.000,0.000,-0.003,-0.021
52.01,0.473,0,0.486,0.597,1,0.000,0.000,0.000,0.000,0.000,0.000,-0.005,-0.024
52.21,0.473,0,0.486,0.597,1,0.000,0.000,0.000,0.000,0.000,0.000,-0.005,-0.023
52.41,0.473,0,0.486,0.597,1,0.000,0.000,0.000,0.000,0.000,0.000,-0.004,-0.020
52.61,0.473,0,0.486,0.597,1,0.000,0.000,0.000,0.000,0.000,0.000,0.000,-0.015
52.81,0.473,0,0.486,0.597,1,0.000,0.000,0.000,0.000,0.000,0.000,0.002,-0.016
53.01,0.473,0,0.486,0.597,1,0.000,0.000,0.000,0.000,0.000,0.000,-0.003,-0.020
53.21,0.472,0,0.485,0.598,1,0.000,0.000,0.000,0.000,0.000,0.000,-0.008,-0.023
53.41,0.473,0,0.485,0.598,1,0.000,0.000,0.000,0.000,0.000,0.000,-0.006,-0.021
53.61,0.473,0,0.485,0.598,1,0.000,0.000,0.000,0.000,0.000,0.000,-0.005,-0.016
53.81,0.472,0,0.486,0.597,1,0.000,0.000,0.000,0.000,0.000,0.000,-0.008,-0.016
54.01,0.473,0,0.486,0.597,1,0.000,0.000,0.000,0.000,0.000,0.000,-0.008,-0.018
54.21,0.473,0,0.486,0.598,1,0.000,0.000,0.000,0.000,0.000,0.000,-0.004,-0.013
54.41,0.473,0,0.486,0.598,1,0.000,0.000,0.000,0.000,0.000,0.000,0.006,-0.016
54.61,0.473,0,0.486,0.598,1,0.000,0.000,0.000,0.000,0.000,0.000,-0.001,-0.022
54.81,0.473,0,0.486,0.598,1,0.000,0.000,0.000,0.000,0.000,0.000,-0.002,-0.019
55.01,0.473,0,0.486,0.598,1,0.000,0.000,0.000,0.000,0.000,0.000,0.006,-0.017
55.21,0.473,0,0.486,0.597,1,0.000,0.000,0.000,0.000,0.000,0.000,-0.003,-0.017
55.41,0.473,0,0.486,0.597,1,0.000,0.000,0.000,0.000,0.000,0.000,-0.010,-0.017
55.61,0.473,0,0.486,0.597,1,0.000,0.000,0.000,0.000,0.000,0.000,-0.004,-0.015
55.81,0.473,0,0.486,0.598,1,0.000,0.000,0.000,0.000,0.000,0.000,0.002,-0.015
56.01,0.473,0,0.486,0.598,1,0.000,0.000,0.000,0.000,0.000,0.000,0.003,-0.020
56.21,0.473,0,0.485,0.597,1,0.000,0.000,0.000,0.000,0.000,0.000,-0.005,-0.022
56.41,0.473,0,0.485,0.597,1,0.000,0.000,0.000,0.000,0.000,0.000,-0.008,-0.022
56.61,0.473,0,0.485,0.597,1,0.000,0.000,0.000,0.000,0.000,0.000,-0.004,-0.019
56.81,0.473,0,0.486,0.597,1,0.000,0.000,0.000,0.000,0.000,0.000,-0.001,-0.011
57.01,0.473,0,0.486,0.597,1,0.000,0.000,0.000,0.000,0.000,0.000,-0.000,-0.014
57.21,0.473,0,0.485,0.597,1,0.000,0.000,0.000,0.000,0.000,0.000,-0.001,-0.017
57.41,0.473,0,0.485,0.597,1,0.000,0.000,0.000,0.000,0.000,0.000,-0.002,-0.024
57.61,0.473,0,0.485,0.597,1,0.000,0.000,0.000,0.000,0.000,0.000,-0.000,-0.023
57.81,0.473,0,0.485,0.597,1,0.000,0.000,0.000,0.000,0.000,0.000,0.002,-0.020
58.01,0.472,0,0.485,0.597,1,0.000,0.000,0.000,0.000,0.000,0.000,-0.013,-0.022
58.21,0.472,0,0.486,0.597,1,0.000,0.000,0.000,0.000,0.000,0.000,-0.008,-0.016
58.41,0.473,0,0.486,0.597,1,0.000,0.000,0.000,0.000,0.000,0.000,0.003,-0.013
58.61,0.473,0,0.486,0.597,1,0.000,0.000,0.000,0.000,0.000,0.000,-0.002,-0.021
58.81,0.472,0,0.485,0.597,1,0.000,0.000,0.000,0.000,0.000,0.000,-0.008,-0.023
59.01,0.473,0,0.485,0.597,1,0.000,0.000,0.000,0.000,0.000,0.000,-0.006,-0.019
59.21,0.473,0,0.486,0.597,1,0.000,0.000,0.000,0.000,0.000,0.000,-0.001,-0.013
59.41,0.473,0,0.486,0.597,1,0.000,0.000,0.000,0.000,0.000,0.000,0.000,-0.013
59.61,0.473,0,0.486,0.597,1,0.000,0.000,0.000,0.000,0.000,0.000,-0.006,-0.020
59.81,0.472,0,0.485,0.597,1,0.000,0.000,0.000,0.000,0.000,0.000,-0.008,-0.022
60.01,0.473,0,0.485,0.597,1,0.000,0.000,0.000,0.000,0.000,0.000,0.000,-0.012
60.21,0.473,0,0.485,0.597,1,0.000,0.000,0.000,0.000,0.000,0.000,-0.006,-0.017
60.41,0.473,0,0.485,0.597,1,0.000,0.000,0.000,0.000,0.000,0.000,-0.004,-0.020
60.61,0.473,0,0.485,0.597,1,0.000,0.000,0.000,0.000,0.000,0.000,-0.011,-0.022
60.81,0.473,0,0.485,0.597,1,0.000,0.000,0.000,0.000,0.000,0.000,-0.002,-0.018
61.01,0.473,0,0.485,0.597,1,0.000,0.000,0.000,0.000,0.000,0.000,0.001,-0.012
61.21,0.473,0,0.485,0.598,1,0.000,0.000,0.000,0.000,0.000,0.000,0.000,-0.014
61.41,0.473,0,0.485,0.598,1,0.000,0.000,0.000,0.000,0.000,0.000,-0.005,-0.019
61.61,0.472,0,0.485,0.598,1,0.000,0.000,0.000,0.000,0.000,0.000,-0.006,-0.017
61.81,0.473,0,0.485,0.597,1,0.000,0.000,0.000,0.000,0.000,0.000,0.001,-0.015
62.01,0.473,0,0.485,0.597,1,0.000,0.000,0.000,0.000,0.000,0.000,0.002,-0.017
62.21,0.473,0,0.486,0.597,1,0.000,0.000,0.000,0.000,0.000,0.000,-0.008,-0.020
62.41,0.473,0,0.486,0.597,1,0.000,0.000,0.000,0.000,0.000,0.000,-0.006,-0.020
62.61,0.472,0,0.486,0.597,1,0.000,0.000,0.000,0.000,0.000,0.000,-0.005,-0.015
62.81,0.473,0,0.486,0.597,1,0.000,0.000,0.000,0.000,0.000,0.000,-0.000,-0.012
63.01,0.473,0,0.486,0.597,1,0.000,0.000,0.000,0.000,0.000,0.000,-0.008,-0.021
63.21,0.473,0,0.485,0.598,1,0.000,0.000,0.000,0.000,0.000,0.000,-0.001,-0.022
63.41,0.472,0,0.485,0.598,1,0.000,0.000,0.000,0.000,0.000,0.000,0.002,-0.012
63.61,0.473,0,0.485,0.598,1,0.000,0.000,0.000,0.000,0.000,0.000,0.001,-0.014
63.81,0.473,0,0.486,0.597,1,0.000,0.000,0.000,0.000,0.000,0.000,-0.004,-0.020
64.01,0.473,0,0.486,0.597,1,0.000,0.000,0.000,0.000,0.000,0.000,-0.008,-0.023
64.21,0.472,0,0.485,0.597,1,0.000,0.000,0.000,0.000,0.000,0.000,-0.001,-0.012
64.41,0.472,0,0.485,0.597,1,0.000,0.000,0.000,0.000,0.000,0.000,-0.007,-0.009
64.61,0.473,0,0.485,0.597,1,0.000,0.000,0.000,0.000,0.000,0.000,-0.010,-0.020
64.81,0.472,0,0.486,0.597,1,0.000,0.000,0.000,0.000,0.000,0.000,-0.014,-0.026
65.01,0.473,0,0.486,0.597,1,0.000,0.000,0.000,0.000,0.000,0.000,-0.002,-0.019
65.21,0.472,0,0.486,0.597,1,0.000,0.000,0.000,0.000,0.000,0.000,-0.008,-0.015
65.41,0.473,0,0.486,0.597,1,0.000,0.000,0.000,0.000,0.000,0.000,-0.002,-0.017
65.61,0.473,0,0.486,0.597,1,0.000,0.000,0.000,0.000,0.000,0.000,0.002,-0.012
65.81,0.472,0,0.486,0.597,1,0.000,0.000,0.000,0.000,0.000,0.000,-0.007,-0.013
66.01,0.473,0,0.486,0.597,1,0.000,0.000,0.000,0.000,0.000,0.000,0.001,-0.019
66.21,0.472,0,0.485,0.597,1,0.000,0.000,0.000,0.000,0.000,0.000,-0.007,-0.022
66.41,0.473,0,0.485,0.597,1,0.000,0.000,0.000,0.000,0.000,0.000,-0.000,-0.011
66.61,0.473,0,0.485,0.597,1,0.000,0.000,0.000,0.000,0.000,0.000,-0.002,-0.013
66.81,0.473,0,0.486,0.597,1,0.000,0.000,0.000,0.000,0.000,0.000,0.007,-0.010
67.01,0.473,0,0.486,0.597,1,0.000,0.000,0.000,0.000,0.000,0.000,0.017,-0.005
67.21,0.464,0,0.485,0.598,1,0.000,0.000,0.000,0.000,0.000,0.000,0.012,-0.015
67.41,0.394,0,0.485,0.598,1,0.000,0.000,0.000,0.000,0.000,0.000,0.008,-0.018
67.61,0.356,0,0.485,0.598,1,0.000,0.000,0.000,0.000,0.000,0.000,-0.012,-0.013
67.81,0.358,0,0.486,0.597,1,0.000,0.000,0.000,0.000,0.000,0.000,-0.011,-0.017
68.01,0.371,0,0.486,0.597,1,0.000,0.000,0.000,0.000,0.000,0.000,0.005,-0.014
68.21,0.400,0,0.485,0.597,1,0.000,0.000,0.000,0.000,0.000,0.000,0.010,-0.012
68.41,0.472,0,0.485,0.597,1,0.000,0.000,0.000,0.000,0.000,0.000,0.003,-0.013
68.61,0.472,0,0.485,0.597,1,0.000,0.000,0.000,0.000,0.000,0.000,0.001,-0.016
68.81,0.473,0,0.486,0.597,1,0.000,0.000,0.000,0.000,0.000,0.000,-0.000,-0.016
69.01,0.473,0,0.486,0.597,1,0.000,0.000,0.000,0.000,0.000,0.000,0.001,-0.018
69.21,0.473,0,0.485,0.598,1,0.000,0.000,0.000,0.000,0.000,0.000,-0.000,-0.018
69.41,0.473,0,0.485,0.598,1,0.000,0.000,0.000,0.000,0.000,0.000,0.010,-0.011
69.61,0.473,0,0.485,0.598,1,0.000,0.000,0.000,0.000,0.000,0.000,0.013,-0.009
69.81,0.473,0,0.486,0.597,1,0.000,0.000,0.000,0.000,0.000,0.000,-0.007,-0.024
70.01,0.473,0,0.486,0.597,1,0.000,0.000,0.000,0.000,0.000,0.000,-0.009,-0.026
70.21,0.473,0,0.486,0.598,1,0.000,0.000,0.000,0.000,0.000,0.000,0.006,-0.019
70.41,0.473,0,0.486,0.598,1,0.000,0.000,0.000,0.000,0.000,0.000,0.012,-0.011
70.61,0.473,0,0.486,0.598,1,0.000,0.000,0.000,0.000,0.000,0.000,-0.000,-0.015
70.81,0.473,0,0.485,0.598,1,0.000,0.000,0.000,0.000,0.000,0.000,0.009,-0.021
71.01,0.473,0,0.485,0.598,1,0.000,0.000,0.000,0.000,0.000,0.000,0.003,-0.015
71.21,0.473,0,0.485,0.597,1,0.000,0.000,0.000,0.000,0.000,0.000,-0.005,-0.016
71.41,0.472,0,0.485,0.597,1,0.000,0.000,0.000,0.000,0.000,0.000,-0.004,-0.020
71.61,0.472,0,0.485,0.597,1,0.000,0.000,0.000,0.000,0.000,0.000,0.001,-0.019
71.81,0.473,0,0.485,0.598,1,0.000,0.000,0.000,0.000,0.000,0.000,0.009,-0.018
72.01,0.473,0,0.485,0.598,1,0.000,0.000,0.000,0.000,0.000,0.000,0.002,-0.017
72.21,0.473,0,0.486,0.597,1,0.000,0.000,0.000,0.000,0.000,0.000,-0.007,-0.020
72.41,0.473,0,0.486,0.597,1,0.000,0.000,0.000,0.000,0.000,0.000,0.007,-0.012
72.61,0.473,0,0.486,0.597,1,0.000,0.000,0.000,0.000,0.000,0.000,0.003,-0.014
72.81,0.473,0,0.486,0.597,1,0.000,0.000,0.000,0.000,0.000,0.000,0.007,-0.022
73.01,0.360,0,0.486,0.597,1,0.000,0.000,0.000,0.000,0.000,0.000,0.009,-0.016
73.21,0.349,0,0.485,0.598,1,0.000,0.000,0.000,0.000,0.000,0.000,-0.002,-0.013
73.41,0.345,0,0.485,0.598,1,0.000,0.000,0.000,0.000,0.000,0.000,-0.005,-0.023
73.61,0.346,0,0.485,0.598,1,0.000,0.000,0.000,0.000,0.000,0.000,0.002,-0.016
73.81,0.349,0,0.485,0.599,1,0.000,0.000,0.000,0.000,0.000,0.000,0.005,-0.011
74.01,0.347,0,0.485,0.599,1,0.000,0.000,0.000,0.000,0.000,0.000,0.006,-0.018
74.21,0.348,0,0.485,0.597,1,0.000,0.000,0.000,0.000,0.000,0.000,-0.001,-0.018
74.41,0.360,0,0.485,0.597,1,0.000,0.000,0.000,0.000,0.000,0.000,-0.001,-0.017
74.61,0.387,0,0.485,0.597,1,0.000,0.000,0.000,0.000,0.000,0.000,0.005,-0.019
74.81,0.391,0,0.486,0.598,1,0.000,0.000,0.000,0.000,0.000,0.000,0.006,-0.014
75.01,0.387,0,0.486,0.598,1,0.000,0.000,0.000,0.000,0.000,0.000,-0.002,-0.013
75.21,0.393,0,0.486,0.596,1,0.000,0.000,0.000,0.000,0.000,0.000,-0.004,-0.017
75.41,0.393,0,0.486,0.596,1,0.000,0.000,0.000,0.000,0.000,0.000,0.006,-0.014
75.61,0.393,0,0.486,0.596,1,0.000,0.000,0.000,0.000,0.000,0.000,0.004,-0.009
75.81,0.393,0,0.486,0.597,1,0.000,0.000,0.000,0.000,0.000,0.000,-0.001,-0.016
76.01,0.393,0,0.486,0.597,1,0.000,0.000,0.000,0.000,0.000,0.000,0.006,-0.016
76.21,0.393,0,0.486,0.598,1,0.000,0.000,0.000,0.000,0.000,0.000,0.003,-0.014
76.41,0.393,0,0.486,0.598,1,0.000,0.000,0.000,0.000,0.000,0.000,0.002,-0.013
76.61,0.393,0,0.486,0.598,1,0.000,0.000,0.000,0.000,0.000,0.000,-0.001,-0.014
76.81,0.393,0,0.486,0.597,1,0.000,0.000,0.000,0.000,0.000,0.000,0.002,-0.018
77.01,0.394,0,0.486,0.597,1,0.000,0.000,0.000,0.000,0.000,0.000,0.007,-0.016
77.21,0.393,0,0.485,0.598,1,0.000,0.000,0.000,0.000,0.000,0.000,0.002,-0.016
77.41,0.394,0,0.485,0.598,1,0.000,0.000,0.000,0.000,0.000,0.000,0.000,-0.012
77.61,0.395,0,0.485,0.598,1,0.000,0.000,0.000,0.000,0.000,0.000,-0.001,-0.016
77.81,0.395,0,0.485,0.597,1,0.000,0.000,0.000,0.000,0.000,0.000,0.004,-0.017
78.01,0.396,0,0.485,0.597,1,0.000,0.000,0.000,0.000,0.000,0.000,0.002,-0.014
78.21,0.395,0,0.485,0.599,1,0.000,0.000,0.000,0.000,0.000,0.000,0.001,-0.012
78.41,0.396,0,0.485,0.599,1,0.000,0.000,0.000,0.000,0.000,0.000,0.004,-0.015
78.61,0.395,0,0.485,0.599,1,0.000,0.000,0.000,0.000,0.000,0.000,0.002,-0.019
78.81,0.396,0,0.485,0.598,1,0.000,0.000,0.000,0.000,0.000,0.000,0.001,-0.012
79.01,0.396,0,0.485,0.598,1,0.000,0.000,0.000,0.000,0.000,0.000,0.001,-0.011
79.21,0.396,0,0.486,0.598,1,0.000,0.000,0.000,0.000,0.000,0.000,0.002,-0.017
79.41,0.396,0,0.486,0.598,1,0.000,0.000,0.000,0.000,0.000,0.000,0.006,-0.021
79.61,0.396,0,0.486,0.598,1,0.000,0.000,0.000,0.000,0.000,0.000,0.002,-0.015
79.81,0.395,0,0.485,0.597,1,0.000,0.000,0.000,0.000,0.000,0.000,-0.000,-0.011
80.01,0.395,0,0.485,0.597,1,0.000,0.000,0.000,0.000,0.000,0.000,0.003,-0.015
80.21,0.396,0,0.486,0.598,1,0.000,0.000,0.000,0.000,0.000,0.000,0.008,-0.018
80.41,0.395,0,0.486,0.598,1,0.000,0.000,0.000,0.000,0.000,0.000,0.007,-0.017
80.61,0.394,0,0.486,0.598,1,0.000,0.000,0.000,0.000,0.000,0.000,-0.000,-0.016
80.81,0.395,0,0.485,0.598,1,0.000,0.000,0.000,0.000,0.000,0.000,-0.003,-0.016
81.01,0.396,0,0.485,0.598,1,0.000,0.000,0.000,0.000,0.000,0.000,-0.001,-0.016
81.21,0.396,0,0.486,0.597,1,0.000,0.000,0.000,0.000,0.000,0.000,0.004,-0.013
81.41,0.396,0,0.486,0.597,1,0.000,0.000,0.000,0.000,0.000,0.000,0.004,-0.015
81.61,0.395,0,0.486,0.597,1,0.000,0.000,0.000,0.000,0.000,0.000,-0.001,-0.013
81.81,0.395,0,0.485,0.598,1,0.000,0.000,0.000,0.000,0.000,0.000,0.005,-0.017
82.01,0.396,0,0.485,0.598,1,0.000,0.000,0.000,0.000,0.000,0.000,0.006,-0.017
82.21,0.393,0,0.486,0.598,1,0.000,0.000,0.000,0.000,0.000,0.000,0.001,-0.013
82.41,0.368,0,0.486,0.598,1,0.000,0.000,0.000,0.000,0.000,0.000,0.004,-0.017
82.61,0.467,0,0.486,0.598,1,0.000,0.000,0.000,0.000,0.000,0.000,0.006,-0.016
82.81,0.473,0,0.485,0.597,1,0.000,0.000,0.000,0.000,0.000,0.000,0.002,-0.020
83.01,0.473,0,0.485,0.597,1,0.000,0.000,0.000,0.000,0.000,0.000,0.008,-0.020
83.21,0.473,0,0.485,0.597,1,0.000,0.000,0.000,0.000,0.000,0.000,0.008,-0.014
83.41,0.472,0,0.485,0.597,1,0.000,0.000,0.000,0.000,0.000,0.000,0.009,-0.007
83.61,0.472,0,0.485,0.597,1,0.000,0.000,0.000,0.000,0.000,0.000,0.009,-0.011
83.81,0.473,0,0.486,0.598,1,0.000,0.000,0.000,0.000,0.000,0.000,0.006,-0.018
84.01,0.473,0,0.486,0.598,1,0.000,0.000,0.000,0.000,0.000,0.000,0.008,-0.017
84.21,0.472,0,0.485,0.597,1,0.000,0.000,0.000,0.000,0.000,0.000,0.002,-0.015
84.41,0.473,0,0.485,0.597,1,0.000,0.000,0.000,0.000,0.000,0.000,-0.003,-0.017
84.61,0.381,0,0.485,0.597,1,0.000,0.000,0.000,0.000,0.000,0.000,-0.007,-0.033
84.81,0.373,0,0.486,0.597,1,0.000,0.000,0.000,0.000,0.000,0.000,-0.006,-0.028
85.01,0.369,0,0.486,0.597,1,0.000,0.000,0.000,0.000,0.000,0.000,0.005,-0.009
85.21,0.405,0,0.485,0.598,1,0.000,0.000,0.000,0.000,0.000,0.000,0.006,-0.013
85.41,0.412,0,0.485,0.598,1,0.000,0.000,0.000,0.000,0.000,0.000,0.004,-0.016
85.61,0.410,0,0.485,0.598,1,0.000,0.000,0.000,0.000,0.000,0.000,0.001,-0.014
85.81,0.405,0,0.486,0.597,1,0.000,0.000,0.000,0.000,0.000,0.000,0.001,-0.015
86.01,0.412,0,0.486,0.597,1,0.000,0.000,0.000,0.000,0.000,0.000,0.006,-0.020
86.21,0.419,0,0.486,0.597,1,0.000,0.000,0.000,0.000,0.000,0.000,0.005,-0.017
86.41,0.473,0,0.486,0.597,1,0.000,0.000,0.000,0.000,0.000,0.000,0.004,-0.010
86.61,0.422,0,0.486,0.597,1,0.000,0.000,0.000,0.000,0.000,0.000,0.003,-0.006
86.81,0.416,0,0.485,0.597,1,0.000,0.000,0.000,0.000,0.000,0.000,0.005,-0.001
87.01,0.415,0,0.485,0.597,1,0.000,0.000,0.000,0.000,0.000,0.000,0.007,-0.005
87.21,0.414,0,0.486,0.597,1,0.000,0.000,0.000,0.000,0.000,0.000,0.001,-0.009
87.41,0.418,0,0.486,0.597,1,0.000,0.000,0.000,0.000,0.000,0.000,0.002,-0.008
87.61,0.473,0,0.486,0.597,1,0.000,0.000,0.000,0.000,0.000,0.000,0.008,-0.013
87.81,0.473,0,0.486,0.597,1,0.000,0.000,0.000,0.000,0.000,0.000,0.006,-0.020
88.01,0.473,0,0.486,0.597,1,0.000,0.000,0.000,0.000,0.000,0.000,-0.001,-0.020
88.21,0.473,0,0.485,0.598,1,0.000,0.000,0.000,0.000,0.000,0.000,-0.000,-0.016
88.41,0.473,0,0.485,0.598,1,0.000,0.000,0.000,0.000,0.000,0.000,0.004,-0.014
88.61,0.473,0,0.485,0.598,1,0.000,0.000,0.000,0.000,0.000,0.000,0.008,-0.022
88.81,0.417,0,0.485,0.597,1,0.000,0.000,0.000,0.000,0.000,0.000,0.010,-0.013
89.01,0.473,0,0.485,0.597,1,0.000,0.000,0.000,0.000,0.000,0.000,-0.001,-0.014
89.21,0.473,0,0.486,0.597,1,0.000,0.000,0.000,0.000,0.000,0.000,0.001,-0.021
89.41,0.473,0,0.486,0.597,1,0.000,0.000,0.000,0.000,0.000,0.000,0.007,-0.019
89.61,0.473,0,0.486,0.597,1,0.000,0.000,0.000,0.000,0.000,0.000,0.007,-0.016
89.81,0.473,0,0.486,0.597,1,0.000,0.000,0.000,0.000,0.000,0.000,0.004,-0.020
90.01,0.473,0,0.486,0.597,1,0.000,0.000,0.000,0.000,0.000,0.000,0.003,-0.021
90.21,0.473,0,0.485,0.598,1,0.000,0.000,0.000,0.000,0.000,0.000,0.003,-0.019
90.41,0.473,0,0.485,0.598,1,0.000,0.000,0.000,0.000,0.000,0.000,0.001,-0.014
90.61,0.473,0,0.485,0.598,1,0.000,0.000,0.000,0.000,0.000,0.000,0.000,-0.017
90.81,0.473,0,0.486,0.597,1,0.000,0.000,0.000,0.000,0.000,0.000,0.007,-0.022
91.01,0.473,0,0.486,0.597,1,0.000,0.000,0.000,0.000,0.000,0.000,0.004,-0.018
91.21,0.473,0,0.485,0.597,1,0.000,0.000,0.000,0.000,0.000,0.000,-0.004,-0.018
91.41,0.473,0,0.485,0.597,1,0.000,0.000,0.000,0.000,0.000,0.000,0.000,-0.014
91.61,0.472,0,0.485,0.597,1,0.000,0.000,0.000,0.000,0.000,0.000,0.005,-0.007
91.81,0.409,0,0.485,0.597,1,0.000,0.000,0.000,0.000,0.000,0.000,0.002,-0.007
92.01,0.414,0,0.485,0.597,1,0.000,0.000,0.000,0.000,0.000,0.000,0.000,-0.019
92.21,0.410,0,0.485,0.597,1,0.000,0.000,0.000,0.000,0.000,0.000,0.001,-0.021
92.41,0.411,0,0.485,0.597,1,0.000,0.000,0.000,0.000,0.000,0.000,-0.004,-0.021
92.61,0.411,0,0.485,0.597,1,0.000,0.000,0.000,0.000,0.000,0.000,-0.002,-0.019
92.81,0.410,0,0.486,0.597,1,0.000,0.000,0.000,0.000,0.000,0.000,0.005,-0.024
93.01,0.406,0,0.486,0.597,1,0.000,0.000,0.000,0.000,0.000,0.000,0.007,-0.026
93.21,0.407,0,0.485,0.597,1,0.000,0.000,0.000,0.000,0.000,0.000,-0.007,-0.018
93.41,0.405,0,0.485,0.597,1,0.000,0.000,0.000,0.000,0.000,0.000,-0.008,-0.019
93.61,0.404,0,0.485,0.597,1,0.000,0.000,0.000,0.000,0.000,0.000,0.007,-0.022
93.81,0.406,0,0.485,0.598,1,0.000,0.000,0.000,0.000,0.000,0.000,0.010,-0.021
94.01,0.404,0,0.485,0.598,1,0.000,0.000,0.000,0.000,0.000,0.000,0.006,-0.020
94.21,0.404,0,0.486,0.597,1,0.000,0.000,0.000,0.000,0.000,0.000,0.002,-0.018
94.41,0.409,0,0.486,0.597,1,0.000,0.000,0.000,0.000,0.000,0.000,-0.003,-0.022
94.61,0.411,0,0.486,0.597,1,0.000,0.000,0.000,0.000,0.000,0.000,0.000,-0.019
94.81,0.411,0,0.485,0.597,1,0.000,0.000,0.000,0.000,0.000,0.000,0.007,-0.007
95.01,0.411,0,0.485,0.597,1,0.000,0.000,0.000,0.000,0.000,0.000,0.010,-0.015
95.21,0.411,0,0.485,0.598,1,0.000,0.000,0.000,0.000,0.000,0.000,0.010,-0.020
95.41,0.412,0,0.485,0.598,1,0.000,0.000,0.000,0.000,0.000,0.000,-0.002,-0.010
95.61,0.412,0,0.485,0.598,1,0.000,0.000,0.000,0.000,0.000,0.000,0.004,-0.015
95.81,0.411,0,0.485,0.597,1,0.000,0.000,0.000,0.000,0.000,0.000,0.010,-0.018
96.01,0.411,0,0.485,0.597,1,0.000,0.000,0.000,0.000,0.000,0.000,0.010,-0.020
96.21,0.411,0,0.486,0.598,1,0.000,0.000,0.000,0.000,0.000,0.000,0.002,-0.022
96.41,0.411,0,0.486,0.598,1,0.000,0.000,0.000,0.000,0.000,0.000,0.006,-0.019
96.61,0.412,0,0.486,0.598,1,0.000,0.000,0.000,0.000,0.000,0.000,0.015,-0.017
96.81,0.412,0,0.485,0.597,1,0.000,0.000,0.000,0.000,0.000,0.000,0.009,-0.017
97.01,0.411,0,0.485,0.597,1,0.000,0.000,0.000,0.000,0.000,0.000,0.001,-0.020
97.21,0.412,0,0.486,0.597,1,0.000,0.000,0.000,0.000,0.000,0.000,0.004,-0.021
97.41,0.411,0,0.486,0.597,1,0.000,0.000,0.000,0.000,0.000,0.000,0.010,-0.018
97.61,0.411,0,0.486,0.597,1,0.000,0.000,0.000,0.000,0.000,0.000,0.010,-0.015
97.81,0.411,0,0.485,0.599,1,0.000,0.000,0.000,0.000,0.000,0.000,0.006,-0.020
98.01,0.411,0,0.485,0.599,1,0.000,0.000,0.000,0.000,0.000,0.000,0.008,-0.019
98.21,0.411,0,0.486,0.597,1,0.000,0.000,0.000,0.000,0.000,0.000,0.014,-0.013
98.41,0.410,0,0.486,0.597,1,0.000,0.000,0.000,0.000,0.000,0.000,0.008,-0.018
98.61,0.412,0,0.486,0.597,1,0.000,0.000,0.000,0.000,0.000,0.000,0.005,-0.020
98.81,0.411,0,0.485,0.597,1,0.000,0.000,0.000,0.000,0.000,0.000,0.001,-0.017
99.01,0.411,0,0.485,0.597,1,0.000,0.000,0.000,0.000,0.000,0.000,0.005,-0.019
99.21,0.411,0,0.485,0.598,1,0.000,0.000,0.000,0.000,0.000,0.000,0.013,-0.021
99.41,0.411,0,0.485,0.598,1,0.000,0.000,0.000,0.000,0.000,0.000,0.006,-0.016
99.61,0.411,0,0.485,0.598,1,0.000,0.000,0.000,0.000,0.000,0.000,-0.003,-0.015
99.81,0.411,0,0.486,0.597,1,0.000,0.000,0.000,0.000,0.000,0.000,0.005,-0.022
100.01,0.412,0,0.486,0.597,1,0.000,0.000,0.000,0.000,0.000,0.000,0.013,-0.023
100.21,0.411,0,0.485,0.598,1,0.000,0.000,0.000,0.000,0.000,0.000,0.004,-0.013
100.41,0.412,0,0.485,0.598,1,0.000,0.000,0.000,0.000,0.000,0.000,-0.006,-0.013
100.61,0.412,0,0.485,0.598,1,0.000,0.000,0.000,0.000,0.000,0.000,0.011,-0.025
100.81,0.410,0,0.485,0.597,1,0.000,0.000,0.000,0.000,0.000,0.000,0.016,-0.019
101.01,0.410,0,0.485,0.597,1,0.000,0.000,0.000,0.000,0.000,0.000,0.009,-0.014
101.21,0.410,0,0.486,0.597,1,0.000,0.000,0.000,0.000,0.000,0.000,0.008,-0.017
101.41,0.410,0,0.486,0.597,1,0.000,0.000,0.000,0.000,0.000,0.000,0.005,-0.018
101.61,0.410,0,0.486,0.597,1,0.000,0.000,0.000,0.000,0.000,0.000,0.004,-0.023
101.81,0.411,0,0.485,0.598,1,0.000,0.000,0.000,0.000,0.000,0.000,0.012,-0.020
102.01,0.412,0,0.485,0.598,1,0.000,0.000,0.000,0.000,0.000,0.000,0.003,-0.016
102.21,0.413,0,0.485,0.597,1,0.000,0.000,0.000,0.000,0.000,0.000,0.010,-0.018
102.41,0.412,0,0.485,0.597,1,0.000,0.000,0.000,0.000,0.000,0.000,0.013,-0.017
102.61,0.412,0,0.485,0.597,1,0.000,0.000,0.000,0.000,0.000,0.000,0.007,-0.018
102.81,0.414,0,0.485,0.597,1,0.000,0.000,0.000,0.000,0.000,0.000,0.005,-0.021
103.01,0.413,0,0.485,0.597,1,0.000,0.000,0.000,0.000,0.000,0.000,0.003,-0.020
103.21,0.413,0,0.486,0.598,1,0.000,0.000,0.000,0.000,0.000,0.000,0.005,-0.020
103.41,0.412,0,0.486,0.598,1,0.000,0.000,0.000,0.000,0.000,0.000,0.011,-0.012
103.61,0.409,0,0.486,0.598,1,0.000,0.000,0.000,0.000,0.000,0.000,0.006,-0.015
103.81,0.413,0,0.486,0.597,1,0.000,0.000,0.000,0.000,0.000,0.000,0.010,-0.021
104.01,0.413,0,0.486,0.597,1,0.000,0.000,0.000,0.000,0.000,0.000,0.011,-0.015
104.21,0.413,0,0.485,0.597,1,0.000,0.000,0.000,0.000,0.000,0.000,0.006,-0.013
104.41,0.413,0,0.485,0.597,1,0.000,0.000,0.000,0.000,0.000,0.000,0.001,-0.014
104.61,0.413,0,0.485,0.597,1,0.000,0.000,0.000,0.000,0.000,0.000,0.004,-0.019
104.81,0.413,0,0.486,0.597,1,0.000,0.000,0.000,0.000,0.000,0.000,0.013,-0.018
105.01,0.415,0,0.486,0.597,1,0.000,0.000,0.000,0.000,0.000,0.000,0.019,-0.020
105.21,0.414,0,0.485,0.597,1,0.000,0.000,0.000,0.000,0.000,0.000,0.012,-0.018
105.41,0.413,0,0.485,0.597,1,0.000,0.000,0.000,0.000,0.000,0.000,0.002,-0.018
105.61,0.413,0,0.485,0.597,1,0.000,0.000,0.000,0.000,0.000,0.000,0.003,-0.013
105.81,0.412,0,0.485,0.598,1,0.000,0.000,0.000,0.000,0.000,0.000,0.005,-0.011
106.01,0.414,0,0.485,0.598,1,0.000,0.000,0.000,0.000,0.000,0.000,0.016,-0.022
106.21,0.412,0,0.485,0.597,1,0.000,0.000,0.000,0.000,0.000,0.000,0.009,-0.021
106.41,0.413,0,0.485,0.597,1,0.000,0.000,0.000,0.000,0.000,0.000,-0.001,-0.020
106.61,0.413,0,0.485,0.597,1,0.000,0.000,0.000,0.000,0.000,0.000,0.009,-0.021
106.81,0.413,0,0.486,0.598,1,0.000,0.000,0.000,0.000,0.000,0.000,0.011,-0.016
107.01,0.413,0,0.486,0.598,1,0.000,0.000,0.000,0.000,0.000,0.000,0.007,-0.014
107.21,0.414,0,0.485,0.597,1,0.000,0.000,0.000,0.000,0.000,0.000,0.000,-0.014
107.41,0.411,0,0.485,0.597,1,0.000,0.000,0.000,0.000,0.000,0.000,0.005,-0.017
107.61,0.350,0,0.485,0.597,1,0.000,0.000,0.000,0.000,0.000,0.000,0.008,-0.021
107.81,0.335,0,0.485,0.597,1,0.000,0.000,0.000,0.000,0.000,0.000,0.002,-0.019
108.01,0.352,0,0.485,0.597,1,0.000,0.000,0.000,0.000,0.000,0.000,-0.004,-0.015
108.21,0.292,0,0.485,0.598,1,0.000,0.000,0.000,0.000,0.000,0.000,-0.028,-0.040
108.41,0.347,0,0.485,0.598,1,0.000,0.000,0.000,0.000,0.000,0.000,-0.032,-0.050
108.61,0.352,0,0.485,0.598,1,0.000,0.000,0.000,0.000,0.000,0.000,-0.005,-0.023
108.81,0.350,0,0.486,0.597,1,0.000,0.000,0.000,0.000,0.000,0.000,0.006,-0.015
109.01,0.396,0,0.486,0.597,1,0.000,0.000,0.000,0.000,0.000,0.000,0.005,-0.018
109.21,0.397,0,0.486,0.598,1,0.000,0.000,0.000,0.000,0.000,0.000,-0.002,-0.022
109.41,0.400,0,0.486,0.598,1,0.000,0.000,0.000,0.000,0.000,0.000,0.007,-0.023
109.61,0.399,0,0.486,0.598,1,0.000,0.000,0.000,0.000,0.000,0.000,0.006,-0.016
109.81,0.400,0,0.485,0.598,1,0.000,0.000,0.000,0.000,0.000,0.000,0.002,-0.019
110.01,0.398,0,0.485,0.598,1,0.000,0.000,0.000,0.000,0.000,0.000,0.002,-0.019
110.21,0.400,0,0.486,0.598,1,0.000,0.000,0.000,0.000,0.000,0.000,0.005,-0.019
110.41,0.398,0,0.486,0.598,1,0.000,0.000,0.000,0.000,0.000,0.000,0.003,-0.020
110.61,0.400,0,0.486,0.598,1,0.000,0.000,0.000,0.000,0.000,0.000,0.003,-0.021
110.81,0.399,0,0.485,0.598,1,0.000,0.000,0.000,0.000,0.000,0.000,0.001,-0.019
111.01,0.398,0,0.485,0.598,1,0.000,0.000,0.000,0.000,0.000,0.000,0.001,-0.022
111.21,0.398,0,0.485,0.598,1,0.000,0.000,0.000,0.000,0.000,0.000,0.002,-0.023
111.41,0.399,0,0.485,0.598,1,0.000,0.000,0.000,0.000,0.000,0.000,0.001,-0.021
111.61,0.400,0,0.485,0.598,1,0.000,0.000,0.000,0.000,0.000,0.000,0.004,-0.026
111.81,0.398,0,0.485,0.597,1,0.000,0.000,0.000,0.000,0.000,0.000,0.006,-0.024
112.01,0.401,0,0.485,0.597,1,0.000,0.000,0.000,0.000,0.000,0.000,-0.002,-0.019
112.21,0.398,0,0.486,0.597,1,0.000,0.000,0.000,0.000,0.000,0.000,-0.000,-0.020
112.41,0.400,0,0.486,0.597,1,0.000,0.000,0.000,0.000,0.000,0.000,0.003,-0.023
112.61,0.398,0,0.486,0.597,1,0.000,0.000,0.000,0.000,0.000,0.000,0.004,-0.023
112.81,0.401,0,0.486,0.598,1,0.000,0.000,0.000,0.000,0.000,0.000,-0.000,-0.018
113.01,0.398,0,0.486,0.598,1,0.000,0.000,0.000,0.000,0.000,0.000,0.003,-0.018
113.21,0.400,0,0.486,0.597,1,0.000,0.000,0.000,0.000,0.000,0.000,0.004,-0.024
113.41,0.399,0,0.486,0.597,1,0.000,0.000,0.000,0.000,0.000,0.000,0.003,-0.024
113.61,0.399,0,0.486,0.597,1,0.000,0.000,0.000,0.000,0.000,0.000,-0.005,-0.020
113.81,0.401,0,0.485,0.598,1,0.000,0.000,0.000,0.000,0.000,0.000,0.004,-0.023
114.01,0.399,0,0.485,0.598,1,0.000,0.000,0.000,0.000,0.000,0.000,0.001,-0.021
114.21,0.399,0,0.486,0.598,1,0.000,0.000,0.000,0.000,0.000,0.000,-0.002,-0.021
114.41,0.398,0,0.486,0.598,1,0.000,0.000,0.000,0.000,0.000,0.000,0.005,-0.017
114.61,0.398,0,0.486,0.598,1,0.000,0.000,0.000,0.000,0.000,0.000,0.008,-0.018
114.81,0.400,0,0.486,0.597,1,0.000,0.000,0.000,0.000,0.000,0.000,-0.001,-0.024
115.01,0.404,0,0.486,0.597,1,0.000,0.000,0.000,0.000,0.000,0.000,-0.004,-0.023
115.21,0.473,0,0.485,0.598,1,0.000,0.000,0.000,0.000,0.000,0.000,0.009,-0.026
115.41,0.473,0,0.485,0.598,1,0.000,0.000,0.000,0.000,0.000,0.000,0.000,-0.028
115.61,0.472,0,0.485,0.598,1,0.000,0.000,0.000,0.000,0.000,0.000,-0.014,-0.025
115.81,0.473,0,0.485,0.598,1,0.000,0.000,0.000,0.000,0.000,0.000,0.005,-0.021
116.01,0.405,0,0.485,0.598,1,0.000,0.000,0.000,0.000,0.000,0.000,0.010,-0.023
116.21,0.473,0,0.485,0.597,1,0.000,0.000,0.000,0.000,0.000,0.000,0.004,-0.023
116.41,0.371,0,0.485,0.597,1,0.000,0.000,0.000,0.000,0.000,0.000,-0.003,-0.021
116.61,0.473,0,0.485,0.597,1,0.000,0.000,0.000,0.000,0.000,0.000,0.003,-0.026
116.81,0.371,0,0.485,0.597,1,0.000,0.000,0.000,0.000,0.000,0.000,0.005,-0.028
117.01,0.472,0,0.485,0.597,1,0.000,0.000,0.000,0.000,0.000,0.000,0.002,-0.023
117.21,0.473,0,0.485,0.598,1,0.000,0.000,0.000,0.000,0.000,0.000,-0.007,-0.021
117.41,0.473,0,0.485,0.598,1,0.000,0.000,0.000,0.000,0.000,0.000,-0.002,-0.021
117.61,0.410,0,0.485,0.598,1,0.000,0.000,0.000,0.000,0.000,0.000,0.005,-0.022
117.81,0.473,0,0.485,0.597,1,0.000,0.000,0.000,0.000,0.000,0.000,0.009,-0.024
118.01,0.473,0,0.485,0.597,1,0.000,0.000,0.000,0.000,0.000,0.000,-0.003,-0.020
118.21,0.472,0,0.486,0.598,1,0.000,0.000,0.000,0.000,0.000,0.000,-0.009,-0.016
118.41,0.473,0,0.486,0.598,1,0.000,0.000,0.000,0.000,0.000,0.000,0.007,-0.010
118.61,0.473,0,0.486,0.598,1,0.000,0.000,0.000,0.000,0.000,0.000,-0.001,-0.014
118.81,0.473,0,0.486,0.597,1,0.000,0.000,0.000,0.000,0.000,0.000,-0.018,-0.031
119.01,0.412,0,0.486,0.597,1,0.000,0.000,0.000,0.000,0.000,0.000,-0.006,-0.024
119.21,0.407,0,0.486,0.598,1,0.000,0.000,0.000,0.000,0.000,0.000,0.006,-0.008
119.41,0.366,0,0.486,0.598,1,0.000,0.000,0.000,0.000,0.000,0.000,0.004,-0.009
119.61,0.373,0,0.486,0.598,1,0.000,0.000,0.000,0.000,0.000,0.000,-0.005,-0.024
119.81,0.376,0,0.486,0.597,1,0.000,0.000,0.000,0.000,0.000,0.000,-0.004,-0.024
120.01,0.266,0,0.486,0.597,1,0.000,0.000,0.000,0.000,0.000,0.000,-0.023,-0.045
120.21,0.267,0,0.485,0.598,1,0.000,0.000,0.000,0.000,0.000,0.000,-0.035,-0.055
120.41,0.290,0,0.485,0.598,1,0.000,0.000,0.000,0.000,0.000,0.000,-0.021,-0.042
120.61,0.313,0,0.485,0.598,1,0.000,0.000,0.000,0.000,0.000,0.000,-0.018,-0.039
120.81,0.342,0,0.486,0.597,1,0.000,0.000,0.000,0.000,0.000,0.000,-0.028,-0.037
121.01,0.333,0,0.486,0.597,1,0.000,0.000,0.000,0.000,0.000,0.000,-0.028,-0.036
121.21,0.354,0,0.486,0.597,1,0.000,0.000,0.000,0.000,0.000,0.000,-0.020,-0.034
121.41,0.366,0,0.486,0.597,1,0.000,0.000,0.000,0.000,0.000,0.000,0.001,-0.021
121.61,0.324,0,0.486,0.597,1,0.000,0.000,0.000,0.000,0.000,0.000,0.003,-0.016
121.81,0.140,0,0.485,0.598,1,0.000,0.000,0.000,0.000,0.000,0.000,-0.013,-0.022
122.01,0.134,0,0.485,0.598,1,0.000,0.000,0.000,0.000,0.000,0.000,-0.031,-0.034
122.21,0.187,0,0.486,0.598,1,0.000,0.000,0.000,0.000,0.000,0.000,-0.029,-0.038
122.41,0.100,0,0.486,0.598,1,0.000,0.000,0.000,0.000,0.000,0.000,-0.029,-0.051
122.61,0.103,0,0.486,0.598,1,0.000,0.000,0.000,0.000,0.000,0.000,-0.035,-0.049
122.81,0.141,0,0.485,0.597,1,0.000,0.000,0.000,0.000,0.000,0.000,-0.036,-0.034
123.01,0.101,0,0.485,0.597,1,0.000,0.000,0.000,0.000,0.000,0.000,-0.050,-0.039
123.21,0.102,0,0.485,0.597,1,0.000,0.000,0.000,0.000,0.000,0.000,-0.028,-0.036
123.41,0.102,0,0.485,0.597,1,0.000,0.000,0.000,0.000,0.000,0.000,-0.020,-0.041
123.61,0.105,0,0.485,0.597,1,0.000,0.000,0.000,0.000,0.000,0.000,-0.024,-0.041
123.81,0.105,0,0.486,0.596,1,0.000,0.000,0.000,0.000,0.000,0.000,-0.023,-0.035
124.01,0.101,0,0.486,0.596,1,0.000,0.000,0.000,0.000,0.000,0.000,-0.025,-0.030
124.21,0.111,0,0.485,0.596,1,0.000,0.000,0.000,0.000,0.000,0.000,-0.032,-0.043
124.41,0.101,0,0.485,0.596,1,0.000,0.000,0.000,0.000,0.000,0.000,-0.038,-0.051
124.61,0.169,0,0.485,0.596,1,0.000,0.000,0.000,0.000,0.000,0.000,-0.040,-0.042
124.81,0.101,0,0.486,0.596,1,0.000,0.000,0.000,0.000,0.000,0.000,-0.030,-0.038
125.01,0.101,0,0.486,0.596,1,0.000,0.000,0.000,0.000,0.000,0.000,-0.031,-0.039
125.21,0.105,0,0.487,0.596,1,0.000,0.000,0.000,0.000,0.000,0.000,-0.030,-0.034
125.41,0.102,0,0.487,0.596,1,0.000,0.000,0.000,0.000,0.000,0.000,-0.026,-0.036
125.61,0.101,0,0.487,0.596,1,0.000,0.000,0.000,0.000,0.000,0.000,-0.037,-0.046
125.81,0.105,0,0.486,0.597,1,0.000,0.000,0.000,0.000,0.000,0.000,-0.040,-0.043
126.01,0.104,0,0.486,0.597,1,0.000,0.000,0.000,0.000,0.000,0.000,-0.033,-0.042
126.21,0.104,0,0.486,0.596,1,0.000,0.000,0.000,0.000,0.000,0.000,-0.033,-0.045
126.41,0.101,0,0.486,0.596,1,0.000,0.000,0.000,0.000,0.000,0.000,-0.035,-0.040
126.61,0.101,0,0.486,0.596,1,0.000,0.000,0.000,0.000,0.000,0.000,-0.045,-0.040
126.81,0.101,0,0.487,0.597,1,0.000,0.000,0.000,0.000,0.000,0.000,-0.063,-0.056
127.01,0.101,0,0.487,0.597,1,0.000,0.000,0.000,0.000,0.000,0.000,-0.046,-0.049
127.21,0.107,0,0.486,0.599,1,0.000,0.000,0.000,0.000,0.000,0.000,-0.055,-0.046
127.41,0.102,0,0.486,0.599,1,0.000,0.000,0.000,0.000,0.000,0.000,-0.051,-0.048
127.61,0.101,0,0.486,0.599,1,0.000,0.000,0.000,0.000,0.000,0.000,-0.046,-0.047
127.81,0.104,0,0.486,0.596,1,0.000,0.000,0.000,0.000,0.000,0.000,-0.041,-0.036
128.01,0.105,0,0.486,0.596,1,0.000,0.000,0.000,0.000,0.000,0.000,-0.045,-0.040
128.21,0.102,0,0.486,0.597,1,0.000,0.000,0.000,0.000,0.000,0.000,-0.051,-0.057
128.41,0.104,0,0.486,0.597,1,0.000,0.000,0.000,0.000,0.000,0.000,-0.053,-0.059
128.61,0.101,0,0.486,0.597,1,0.000,0.000,0.000,0.000,0.000,0.000,-0.054,-0.047
128.81,0.106,0,0.485,0.598,1,0.000,0.000,0.000,0.000,0.000,0.000,-0.050,-0.046
129.01,0.101,0,0.485,0.598,1,0.000,0.000,0.000,0.000,0.000,0.000,-0.042,-0.047
129.21,0.102,0,0.486,0.599,1,0.000,0.000,0.000,0.000,0.000,0.000,-0.043,-0.048
129.41,0.101,0,0.486,0.599,1,0.000,0.000,0.000,0.000,0.000,0.000,-0.042,-0.037
129.61,0.103,0,0.486,0.599,1,0.000,0.000,0.000,0.000,0.000,0.000,-0.047,-0.041
129.81,0.106,0,0.485,0.595,1,0.000,0.000,0.000,0.000,0.000,0.000,-0.045,-0.053
130.01,0.101,0,0.485,0.595,1,0.000,0.000,0.000,0.000,0.000,0.000,-0.047,-0.043
130.21,0.102,0,0.486,0.596,1,0.000,0.000,0.000,0.000,0.000,0.000,-0.056,-0.039
130.41,0.105,0,0.486,0.596,1,0.000,0.000,0.000,0.000,0.000,0.000,-0.052,-0.052
130.61,0.249,0,0.486,0.596,1,0.000,0.000,0.000,0.000,0.000,0.000,-0.040,-0.050
130.81,0.316,0,0.485,0.596,1,0.000,0.000,0.000,0.000,0.000,0.000,-0.008,-0.026
131.01,0.394,0,0.485,0.596,1,0.000,0.000,0.000,0.000,0.000,0.000,0.015,-0.019
131.21,0.343,0,0.485,0.596,1,0.000,0.000,0.000,0.000,0.000,0.000,-0.003,-0.019
131.41,0.313,0,0.485,0.596,1,0.000,0.000,0.000,0.000,0.000,0.000,-0.031,-0.028
131.61,0.314,0,0.485,0.596,1,0.000,0.000,0.000,0.000,0.000,0.000,-0.023,-0.027
131.81,0.340,0,0.485,0.596,1,0.000,0.000,0.000,0.000,0.000,0.000,-0.004,-0.020
132.01,0.373,0,0.485,0.596,1,0.000,0.000,0.000,0.000,0.000,0.000,-0.007,-0.014
132.21,0.374,0,0.484,0.596,1,0.000,0.000,0.000,0.000,0.000,0.000,0.000,-0.015
132.41,0.375,0,0.484,0.596,1,0.000,0.000,0.000,0.000,0.000,0.000,-0.011,-0.032
132.61,0.371,0,0.484,0.596,1,0.000,0.000,0.000,0.000,0.000,0.000,-0.019,-0.031
132.81,0.373,0,0.485,0.596,1,0.000,0.000,0.000,0.000,0.000,0.000,-0.010,-0.032
133.01,0.375,0,0.485,0.596,1,0.000,0.000,0.000,0.000,0.000,0.000,-0.009,-0.029
133.21,0.374,0,0.484,0.597,1,0.000,0.000,0.000,0.000,0.000,0.000,-0.008,-0.026
133.41,0.373,0,0.484,0.597,1,0.000,0.000,0.000,0.000,0.000,0.000,-0.007,-0.032
133.61,0.373,0,0.484,0.597,1,0.000,0.000,0.000,0.000,0.000,0.000,-0.009,-0.033
133.81,0.373,0,0.485,0.596,1,0.000,0.000,0.000,0.000,0.000,0.000,-0.011,-0.031
134.01,0.373,0,0.485,0.596,1,0.000,0.000,0.000,0.000,0.000,0.000,-0.011,-0.025
134.21,0.374,0,0.485,0.597,1,0.000,0.000,0.000,0.000,0.000,0.000,-0.012,-0.024
134.41,0.375,0,0.485,0.597,1,0.000,0.000,0.000,0.000,0.000,0.000,-0.015,-0.027
134.61,0.375,0,0.485,0.597,1,0.000,0.000,0.000,0.000,0.000,0.000,-0.013,-0.034
134.81,0.301,0,0.484,0.597,1,0.000,0.000,0.000,0.000,0.000,0.000,-0.007,-0.033
135.01,0.324,0,0.484,0.597,1,0.000,0.000,0.000,0.000,0.000,0.000,-0.018,-0.023
135.21,0.120,0,0.485,0.595,1,0.000,0.000,0.000,0.000,0.000,0.000,-0.023,-0.028
135.41,0.143,0,0.485,0.595,1,0.000,0.000,0.000,0.000,0.000,0.000,-0.024,-0.043
135.61,0.108,0,0.485,0.595,1,0.000,0.000,0.000,0.000,0.000,0.000,-0.026,-0.053
135.81,0.141,0,0.484,0.595,1,0.000,0.000,0.000,0.000,0.000,0.000,-0.045,-0.054
136.01,0.148,0,0.484,0.595,1,0.000,0.000,0.000,0.000,0.000,0.000,-0.057,-0.053
136.21,0.145,0,0.485,0.596,1,0.000,0.000,0.000,0.000,0.000,0.000,-0.051,-0.047
136.41,0.145,0,0.485,0.596,1,0.000,0.000,0.000,0.000,0.000,0.000,-0.044,-0.044
136.61,0.103,0,0.485,0.596,1,0.000,0.000,0.000,0.000,0.000,0.000,-0.046,-0.051
136.81,0.106,0,0.485,0.596,1,0.000,0.000,0.000,0.000,0.000,0.000,-0.039,-0.057
137.01,0.101,0,0.485,0.596,1,0.000,0.000,0.000,0.000,0.000,0.000,-0.040,-0.059
137.21,0.101,0,0.485,0.596,1,0.000,0.000,0.000,0.000,0.000,0.000,-0.061,-0.044
137.41,0.208,0,0.485,0.596,1,0.000,0.000,0.000,0.000,0.000,0.000,-0.050,-0.050
137.61,0.205,0,0.485,0.596,1,0.000,0.000,0.000,0.000,0.000,0.000,-0.040,-0.053
137.81,0.104,0,0.486,0.596,1,0.000,0.000,0.000,0.000,0.000,0.000,-0.041,-0.045
138.01,0.108,0,0.486,0.596,1,0.000,0.000,0.000,0.000,0.000,0.000,-0.064,-0.055
138.21,0.109,0,0.484,0.595,1,0.000,0.000,0.000,0.000,0.000,0.000,-0.063,-0.053
138.41,0.105,0,0.484,0.595,1,0.000,0.000,0.000,0.000,0.000,0.000,-0.042,-0.049
138.61,0.101,0,0.484,0.595,1,0.000,0.000,0.000,0.000,0.000,0.000,-0.042,-0.055
138.81,0.102,0,0.485,0.596,1,0.000,0.000,0.000,0.000,0.000,0.000,-0.049,-0.056
139.01,0.105,0,0.485,0.596,1,0.000,0.000,0.000,0.000,0.000,0.000,-0.051,-0.050
139.21,0.105,0,0.485,0.596,1,0.000,0.000,0.000,0.000,0.000,0.000,-0.053,-0.045
139.41,0.101,0,0.485,0.596,1,0.000,0.000,0.000,0.000,0.000,0.000,-0.052,-0.041
139.61,0.108,0,0.485,0.596,1,0.000,0.000,0.000,0.000,0.000,0.000,-0.050,-0.049
139.81,0.106,0,0.486,0.596,1,0.000,0.000,0.000,0.000,0.000,0.000,-0.056,-0.050
140.01,0.102,0,0.486,0.596,1,0.000,0.000,0.000,0.000,0.000,0.000,-0.058,-0.046
140.21,0.102,0,0.485,0.596,1,0.000,0.000,0.000,0.000,0.000,0.000,-0.048,-0.039
140.41,0.162,0,0.485,0.596,1,0.000,0.000,0.000,0.000,0.000,0.000,-0.028,-0.033
140.61,0.109,0,0.485,0.596,1,0.000,0.000,0.000,0.000,0.000,0.000,-0.046,-0.046
140.81,0.101,0,0.484,0.596,1,0.000,0.000,0.000,0.000,0.000,0.000,-0.058,-0.054
141.01,0.101,0,0.484,0.596,1,0.000,0.000,0.000,0.000,0.000,0.000,-0.052,-0.047
141.21,0.108,0,0.484,0.596,1,0.000,0.000,0.000,0.000,0.000,0.000,-0.043,-0.036
141.41,0.106,0,0.484,0.596,1,0.000,0.000,0.000,0.000,0.000,0.000,-0.042,-0.040
141.61,0.105,0,0.484,0.596,1,0.000,0.000,0.000,0.000,0.000,0.000,-0.045,-0.040
141.81,0.105,0,0.485,0.596,1,0.000,0.000,0.000,0.000,0.000,0.000,-0.050,-0.047
142.01,0.157,0,0.485,0.596,1,0.000,0.000,0.000,0.000,0.000,0.000,-0.050,-0.039
142.21,0.181,0,0.486,0.595,1,0.000,0.000,0.000,0.000,0.000,0.000,-0.026,-0.037
142.41,0.178,0,0.486,0.595,1,0.000,0.000,0.000,0.000,0.000,0.000,-0.011,-0.046
142.61,0.147,0,0.486,0.595,1,0.000,0.000,0.000,0.000,0.000,0.000,-0.012,-0.032
142.81,0.153,0,0.484,0.595,1,0.000,0.000,0.000,0.000,0.000,0.000,-0.029,-0.031
143.01,0.158,0,0.484,0.595,1,0.000,0.000,0.000,0.000,0.000,0.000,-0.045,-0.036
143.21,0.147,0,0.485,0.596,1,0.000,0.000,0.000,0.000,0.000,0.000,-0.044,-0.041
143.41,0.133,0,0.485,0.596,1,0.000,0.000,0.000,0.000,0.000,0.000,-0.031,-0.042
143.61,0.137,0,0.485,0.596,1,0.000,0.000,0.000,0.000,0.000,0.000,-0.035,-0.041
143.81,0.152,0,0.485,0.597,1,0.000,0.000,0.000,0.000,0.000,0.000,-0.044,-0.037
144.01,0.143,0,0.485,0.597,1,0.000,0.000,0.000,0.000,0.000,0.000,-0.042,-0.042
144.21,0.156,0,0.486,0.597,1,0.000,0.000,0.000,0.000,0.000,0.000,-0.043,-0.041
144.41,0.150,0,0.486,0.597,1,0.000,0.000,0.000,0.000,0.000,0.000,-0.054,-0.046
144.61,0.146,0,0.486,0.597,1,0.000,0.000,0.000,0.000,0.000,0.000,-0.048,-0.044
144.81,0.140,0,0.487,0.598,1,0.000,0.000,0.000,0.000,0.000,0.000,-0.049,-0.040
145.01,0.144,0,0.487,0.598,1,0.000,0.000,0.000,0.000,0.000,0.000,-0.050,-0.040
145.21,0.141,0,0.487,0.597,1,0.000,0.000,0.000,0.000,0.000,0.000,-0.058,-0.042
145.41,0.208,0,0.487,0.597,1,0.000,0.000,0.000,0.000,0.000,0.000,-0.056,-0.048
145.61,0.196,0,0.487,0.597,1,0.000,0.000,0.000,0.000,0.000,0.000,-0.053,-0.060
145.81,0.158,0,0.484,0.587,1,0.000,0.000,0.000,0.000,0.000,0.000,-0.055,-0.065
146.01,0.146,0,0.484,0.587,1,0.000,0.000,0.000,0.000,0.000,0.000,-0.063,-0.059
146.21,0.146,0,0.484,0.586,1,0.000,0.000,0.000,0.000,0.000,0.000,-0.058,-0.048
146.41,0.147,0,0.484,0.586,1,0.000,0.000,0.000,0.000,0.000,0.000,-0.046,-0.048
146.61,0.147,0,0.484,0.586,1,0.000,0.000,0.000,0.000,0.000,0.000,-0.044,-0.044
146.81,0.165,0,0.483,0.587,1,0.000,0.000,0.000,0.000,0.000,0.000,-0.048,-0.050
147.01,0.160,0,0.483,0.587,1,0.000,0.000,0.000,0.000,0.000,0.000,-0.056,-0.049
147.21,0.164,0,0.483,0.587,1,0.000,0.000,0.000,0.000,0.000,0.000,-0.052,-0.044
147.41,0.158,0,0.483,0.587,1,0.000,0.000,0.000,0.000,0.000,0.000,-0.055,-0.052
147.61,0.156,0,0.483,0.587,1,0.000,0.000,0.000,0.000,0.000,0.000,-0.046,-0.050
147.81,0.153,0,0.483,0.587,1,0.000,0.000,0.000,0.000,0.000,0.000,-0.048,-0.046
148.01,0.151,0,0.483,0.587,1,0.000,0.000,0.000,0.000,0.000,0.000,-0.055,-0.042
148.21,0.147,0,0.484,0.587,1,0.000,0.000,0.000,0.000,0.000,0.000,-0.059,-0.043
148.41,0.142,0,0.484,0.587,1,0.000,0.000,0.000,0.000,0.000,0.000,-0.058,-0.047
148.61,0.148,0,0.484,0.587,1,0.000,0.000,0.000,0.000,0.000,0.000,-0.060,-0.052
148.81,0.146,0,0.483,0.586,1,0.000,0.000,0.000,0.000,0.000,0.000,-0.058,-0.053
149.01,0.166,0,0.483,0.586,1,0.000,0.000,0.000,0.000,0.000,0.000,-0.048,-0.048
149.21,0.148,0,0.483,0.585,1,0.000,0.000,0.000,0.000,0.000,0.000,-0.049,-0.050
149.41,0.153,0,0.483,0.585,1,0.000,0.000,0.000,0.000,0.000,0.000,-0.058,-0.046
149.61,0.149,0,0.483,0.585,1,0.000,0.000,0.000,0.000,0.000,0.000,-0.051,-0.048
149.81,0.147,0,0.483,0.587,1,0.000,0.000,0.000,0.000,0.000,0.000,-0.048,-0.044
150.01,0.134,0,0.483,0.587,1,0.000,0.000,0.000,0.000,0.000,0.000,-0.051,-0.052
150.21,0.157,0,0.485,0.587,1,0.000,0.000,0.000,0.000,0.000,0.000,-0.056,-0.060
150.41,0.174,0,0.485,0.587,1,0.000,0.000,0.000,0.000,0.000,0.000,-0.060,-0.050
150.61,0.147,0,0.485,0.587,1,0.000,0.000,0.000,0.000,0.000,0.000,-0.060,-0.037
150.81,0.153,0,0.483,0.587,1,0.000,0.000,0.000,0.000,0.000,0.000,-0.043,-0.040
151.01,0.153,0,0.483,0.587,1,0.000,0.000,0.000,0.000,0.000,0.000,-0.038,-0.051
151.21,0.158,0,0.482,0.586,1,0.000,0.000,0.000,0.000,0.000,0.000,-0.058,-0.053
151.41,0.164,0,0.482,0.586,1,0.000,0.000,0.000,0.000,0.000,0.000,-0.057,-0.049
151.61,0.161,0,0.482,0.586,1,0.000,0.000,0.000,0.000,0.000,0.000,-0.050,-0.044
151.81,0.160,0,0.483,0.586,1,0.000,0.000,0.000,0.000,0.000,0.000,-0.048,-0.050
152.01,0.145,0,0.483,0.586,1,0.000,0.000,0.000,0.000,0.000,0.000,-0.052,-0.054
152.21,0.139,0,0.482,0.586,1,0.000,0.000,0.000,0.000,0.000,0.000,-0.049,-0.051
152.41,0.140,0,0.482,0.586,1,0.000,0.000,0.000,0.000,0.000,0.000,-0.052,-0.043
152.61,0.143,0,0.482,0.586,1,0.000,0.000,0.000,0.000,0.000,0.000,-0.052,-0.047
152.81,0.154,0,0.482,0.586,1,0.000,0.000,0.000,0.000,0.000,0.000,-0.039,-0.048
153.01,0.182,0,0.482,0.586,1,0.000,0.000,0.000,0.000,0.000,0.000,-0.029,-0.042
153.21,0.164,0,0.483,0.586,1,0.000,0.000,0.000,0.000,0.000,0.000,-0.036,-0.040
153.41,0.167,0,0.483,0.586,1,0.000,0.000,0.000,0.000,0.000,0.000,-0.051,-0.028
153.61,0.168,0,0.483,0.586,1,0.000,0.000,0.000,0.000,0.000,0.000,-0.058,-0.030
153.81,0.174,0,0.483,0.586,1,0.000,0.000,0.000,0.000,0.000,0.000,-0.037,-0.035
154.01,0.182,0,0.483,0.586,1,0.000,0.000,0.000,0.000,0.000,0.000,-0.043,-0.032
154.21,0.185,0,0.484,0.587,1,0.000,0.000,0.000,0.000,0.000,0.000,-0.053,-0.043
154.41,0.189,0,0.484,0.587,1,0.000,0.000,0.000,0.000,0.000,0.000,-0.038,-0.041
154.61,0.187,0,0.484,0.587,1,0.000,0.000,0.000,0.000,0.000,0.000,-0.034,-0.029
154.81,0.186,0,0.484,0.587,1,0.000,0.000,0.000,0.000,0.000,0.000,-0.047,-0.025
155.01,0.184,0,0.484,0.587,1,0.000,0.000,0.000,0.000,0.000,0.000,-0.048,-0.033
155.21,0.182,0,0.483,0.586,1,0.000,0.000,0.000,0.000,0.000,0.000,-0.041,-0.034
155.41,0.179,0,0.483,0.586,1,0.000,0.000,0.000,0.000,0.000,0.000,-0.045,-0.033
155.61,0.183,0,0.483,0.586,1,0.000,0.000,0.000,0.000,0.000,0.000,-0.046,-0.028
155.81,0.184,0,0.483,0.588,1,0.000,0.000,0.000,0.000,0.000,0.000,-0.047,-0.023
156.01,0.181,0,0.483,0.588,1,0.000,0.000,0.000,0.000,0.000,0.000,-0.050,-0.031
156.21,0.184,0,0.484,0.587,1,0.000,0.000,0.000,0.000,0.000,0.000,-0.045,-0.033
156.41,0.184,0,0.484,0.587,1,0.000,0.000,0.000,0.000,0.000,0.000,-0.038,-0.033
156.61,0.184,0,0.484,0.587,1,0.000,0.000,0.000,0.000,0.000,0.000,-0.037,-0.030
156.81,0.184,0,0.484,0.587,1,0.000,0.000,0.000,0.000,0.000,0.000,-0.042,-0.031
157.01,0.184,0,0.484,0.587,1,0.000,0.000,0.000,0.000,0.000,0.000,-0.048,-0.032
157.21,0.183,0,0.484,0.587,1,0.000,0.000,0.000,0.000,0.000,0.000,-0.048,-0.031
157.41,0.183,0,0.484,0.587,1,0.000,0.000,0.000,0.000,0.000,0.000,-0.037,-0.033
157.61,0.182,0,0.484,0.587,1,0.000,0.000,0.000,0.000,0.000,0.000,-0.030,-0.033
157.81,0.182,0,0.483,0.586,1,0.000,0.000,0.000,0.000,0.000,0.000,-0.043,-0.025
158.01,0.182,0,0.483,0.586,1,0.000,0.000,0.000,0.000,0.000,0.000,-0.056,-0.026
158.21,0.182,0,0.483,0.587,1,0.000,0.000,0.000,0.000,0.000,0.000,-0.049,-0.027
158.41,0.182,0,0.483,0.587,1,0.000,0.000,0.000,0.000,0.000,0.000,-0.046,-0.038
158.61,0.182,0,0.483,0.587,1,0.000,0.000,0.000,0.000,0.000,0.000,-0.048,-0.033
158.81,0.183,0,0.484,0.586,1,0.000,0.000,0.000,0.000,0.000,0.000,-0.044,-0.031
159.01,0.183,0,0.484,0.586,1,0.000,0.000,0.000,0.000,0.000,0.000,-0.042,-0.029
159.21,0.183,0,0.483,0.588,1,0.000,0.000,0.000,0.000,0.000,0.000,-0.052,-0.037
159.41,0.183,0,0.483,0.588,1,0.000,0.000,0.000,0.000,0.000,0.000,-0.042,-0.030
159.61,0.184,0,0.483,0.588,1,0.000,0.000,0.000,0.000,0.000,0.000,-0.042,-0.024
159.81,0.184,0,0.484,0.587,1,0.000,0.000,0.000,0.000,0.000,0.000,-0.051,-0.029
160.01,0.184,0,0.484,0.587,1,0.000,0.000,0.000,0.000,0.000,0.000,-0.054,-0.035
160.21,0.184,0,0.485,0.588,1,0.000,0.000,0.000,0.000,0.000,0.000,-0.045,-0.033
160.41,0.184,0,0.485,0.588,1,0.000,0.000,0.000,0.000,0.000,0.000,-0.040,-0.025
160.61,0.184,0,0.485,0.588,1,0.000,0.000,0.000,0.000,0.000,0.000,-0.047,-0.033
160.81,0.184,0,0.483,0.588,1,0.000,0.000,0.000,0.000,0.000,0.000,-0.049,-0.037
161.01,0.185,0,0.483,0.588,1,0.000,0.000,0.000,0.000,0.000,0.000,-0.045,-0.039
161.21,0.164,0,0.484,0.587,1,0.000,0.000,0.000,0.000,0.000,0.000,-0.051,-0.046
161.41,0.147,0,0.484,0.587,1,0.000,0.000,0.000,0.000,0.000,0.000,-0.057,-0.059
161.61,0.147,0,0.484,0.587,1,0.000,0.000,0.000,0.000,0.000,0.000,-0.057,-0.059
161.81,0.135,0,0.485,0.586,1,0.000,0.000,0.000,0.000,0.000,0.000,-0.046,-0.062
162.01,0.131,0,0.485,0.586,1,0.000,0.000,0.000,0.000,0.000,0.000,-0.050,-0.049
162.21,0.131,0,0.483,0.587,1,0.000,0.000,0.000,0.000,0.000,0.000,-0.041,-0.039
162.41,0.128,0,0.483,0.587,1,0.000,0.000,0.000,0.000,0.000,0.000,-0.044,-0.044
162.61,0.128,0,0.483,0.587,1,0.000,0.000,0.000,0.000,0.000,0.000,-0.044,-0.044
162.81,0.128,1,0.483,0.587,1,0.000,0.000,0.000,0.000,0.000,0.000,-0.044,-0.044
163.01,0.128,1,0.483,0.587,1,0.000,0.000,0.000,0.000,0.000,0.000,-0.044,-0.044
163.21,0.128,1,0.483,0.587,1,0.000,0.000,0.000,0.000,0.000,0.000,-0.044,-0.044
163.41,0.128,1,0.483,0.587,1,0.000,0.000,0.000,0.000,0.000,0.000,-0.044,-0.044
163.61,0.128,1,0.483,0.587,1,0.000,0.000,0.000,0.000,0.000,0.000,-0.044,-0.044
163.81,0.128,1,0.483,0.586,1,0.000,0.000,0.000,0.000,0.000,0.000,-0.044,-0.044
164.01,0.128,1,0.483,0.586,1,0.000,0.000,0.000,0.000,0.000,0.000,-0.044,-0.044
164.21,0.128,1,0.483,0.587,1,0.000,0.000,0.000,0.000,0.000,0.000,-0.044,-0.044
164.41,0.128,1,0.483,0.587,1,0.000,0.000,0.000,0.000,0.000,0.000,-0.044,-0.044
164.61,0.128,1,0.483,0.587,1,0.000,0.000,0.000,0.000,0.000,0.000,-0.044,-0.044
164.81,0.128,1,0.483,0.586,1,0.000,0.000,0.000,0.000,0.000,0.000,-0.044,-0.044
165.01,0.128,1,0.483,0.586,1,0.000,0.000,0.000,0.000,0.000,0.000,-0.044,-0.044
165.21,0.128,1,0.483,0.586,1,0.000,0.000,0.000,0.000,0.000,0.000,-0.044,-0.044
165.41,0.128,1,0.483,0.586,1,0.000,0.000,0.000,0.000,0.000,0.000,-0.044,-0.044
165.61,0.128,1,0.483,0.586,1,0.000,0.000,0.000,0.000,0.000,0.000,-0.044,-0.044
165.81,0.128,1,0.483,0.586,1,0.000,0.000,0.000,0.000,0.000,0.000,-0.044,-0.044
166.01,0.128,1,0.483,0.586,1,0.000,0.000,0.000,0.000,0.000,0.000,-0.044,-0.044
166.21,0.128,1,0.483,0.586,1,0.000,0.000,0.000,0.000,0.000,0.000,-0.044,-0.044
166.41,0.128,1,0.483,0.586,1,0.000,0.000,0.000,0.000,0.000,0.000,-0.044,-0.044
166.61,0.128,1,0.483,0.586,1,0.000,0.000,0.000,0.000,0.000,0.000,-0.044,-0.044
166.81,0.128,1,0.483,0.586,1,0.000,0.000,0.000,0.000,0.000,0.000,-0.044,-0.044
167.01,0.128,1,0.483,0.586,1,0.000,0.000,0.000,0.000,0.000,0.000,-0.044,-0.044
167.21,0.166,0,0.483,0.587,1,0.000,0.000,0.000,0.000,0.000,0.000,-0.044,-0.044
167.41,0.169,0,0.483,0.587,1,0.000,0.000,0.000,0.000,0.000,0.000,-0.044,-0.044
167.61,0.154,0,0.483,0.587,1,0.000,0.000,0.000,0.000,0.000,0.000,-0.039,-0.042
167.81,0.148,0,0.484,0.587,1,0.000,0.000,0.000,0.000,0.000,0.000,-0.040,-0.041
168.01,0.132,0,0.484,0.587,1,0.000,0.000,0.000,0.000,0.000,0.000,-0.043,-0.041
168.21,0.132,0,0.481,0.587,1,0.000,0.000,0.000,0.000,0.000,0.000,-0.038,-0.045
168.41,0.147,0,0.481,0.587,1,0.000,0.000,0.000,0.000,0.000,0.000,-0.042,-0.045
168.61,0.170,0,0.481,0.587,1,0.000,0.000,0.000,0.000,0.000,0.000,-0.041,-0.042
168.81,0.194,0,0.484,0.586,1,0.000,0.000,0.000,0.000,0.000,0.000,-0.040,-0.040
169.01,0.194,0,0.484,0.586,1,0.000,0.000,0.000,0.000,0.000,0.000,-0.037,-0.039
169.21,0.108,0,0.483,0.586,1,0.000,0.000,0.000,0.000,0.000,0.000,-0.034,-0.039
169.41,0.108,0,0.483,0.586,1,0.000,0.000,0.000,0.000,0.000,0.000,-0.036,-0.041
169.61,0.110,0,0.483,0.586,1,0.000,0.000,0.000,0.000,0.000,0.000,-0.047,-0.044
169.81,0.111,0,0.484,0.587,1,0.000,0.000,0.000,0.000,0.000,0.000,-0.047,-0.044
170.01,0.133,0,0.484,0.587,1,0.000,0.000,0.000,0.000,0.000,0.000,-0.043,-0.045
170.21,0.112,0,0.484,0.587,1,0.000,0.000,0.000,0.000,0.000,0.000,-0.044,-0.046
170.41,0.115,0,0.484,0.587,1,0.000,0.000,0.000,0.000,0.000,0.000,-0.049,-0.047
170.61,0.110,0,0.484,0.587,1,0.000,0.000,0.000,0.000,0.000,0.000,-0.045,-0.047
170.81,0.114,0,0.484,0.587,1,0.000,0.000,0.000,0.000,0.000,0.000,-0.037,-0.047
171.01,0.113,0,0.484,0.587,1,0.000,0.000,0.000,0.000,0.000,0.000,-0.039,-0.046
171.21,0.113,0,0.482,0.586,1,0.000,0.000,0.000,0.000,0.000,0.000,-0.044,-0.049
171.41,0.117,0,0.482,0.586,1,0.000,0.000,0.000,0.000,0.000,0.000,-0.042,-0.050
171.61,0.116,0,0.482,0.586,1,0.000,0.000,0.000,0.000,0.000,0.000,-0.039,-0.044
171.81,0.119,0,0.482,0.587,1,0.000,0.000,0.000,0.000,0.000,0.000,-0.043,-0.041
172.01,0.132,0,0.482,0.587,1,0.000,0.000,0.000,0.000,0.000,0.000,-0.049,-0.045
172.21,0.124,0,0.483,0.585,1,0.000,0.000,0.000,0.000,0.000,0.000,-0.043,-0.049
172.41,0.208,0,0.483,0.585,1,0.000,0.000,0.000,0.000,0.000,0.000,-0.034,-0.047
172.61,0.199,0,0.483,0.585,1,0.000,0.000,0.000,0.000,0.000,0.000,-0.032,-0.043
172.81,0.205,0,0.483,0.586,1,0.000,0.000,0.000,0.000,0.000,0.000,-0.034,-0.046
173.01,0.289,0,0.483,0.586,1,0.000,0.000,0.000,0.000,0.000,0.000,-0.030,-0.039
173.21,0.327,0,0.483,0.586,1,0.000,0.000,0.000,0.000,0.000,0.000,-0.020,-0.034
173.41,0.352,0,0.483,0.586,1,0.000,0.000,0.000,0.000,0.000,0.000,-0.014,-0.046
173.61,0.348,0,0.483,0.586,1,0.000,0.000,0.000,0.000,0.000,0.000,-0.029,-0.050
173.81,0.396,0,0.483,0.586,1,0.000,0.000,0.000,0.000,0.000,0.000,-0.039,-0.044
174.01,0.376,0,0.483,0.586,1,0.000,0.000,0.000,0.000,0.000,0.000,-0.039,-0.044
174.21,0.374,0,0.482,0.586,1,0.000,0.000,0.000,0.000,0.000,0.000,-0.045,-0.051
174.41,0.373,0,0.482,0.586,1,0.000,0.000,0.000,0.000,0.000,0.000,-0.048,-0.051
174.61,0.375,0,0.482,0.586,1,0.000,0.000,0.000,0.000,0.000,0.000,-0.031,-0.047
174.81,0.373,0,0.482,0.586,1,0.000,0.000,0.000,0.000,0.000,0.000,-0.013,-0.043
175.01,0.376,0,0.482,0.586,1,0.000,0.000,0.000,0.000,0.000,0.000,-0.012,-0.039
175.21,0.376,0,0.483,0.586,1,0.000,0.000,0.000,0.000,0.000,0.000,-0.028,-0.046
175.41,0.376,0,0.483,0.586,1,0.000,0.000,0.000,0.000,0.000,0.000,-0.029,-0.050
175.61,0.377,0,0.483,0.586,1,0.000,0.000,0.000,0.000,0.000,0.000,-0.024,-0.053
175.81,0.377,0,0.483,0.585,1,0.000,0.000,0.000,0.000,0.000,0.000,-0.020,-0.046
176.01,0.376,0,0.483,0.585,1,0.000,0.000,0.000,0.000,0.000,0.000,-0.018,-0.049
176.21,0.376,0,0.483,0.586,1,0.000,0.000,0.000,0.000,0.000,0.000,-0.025,-0.060
176.41,0.377,0,0.483,0.586,1,0.000,0.000,0.000,0.000,0.000,0.000,-0.016,-0.047
176.61,0.381,0,0.483,0.586,1,0.000,0.000,0.000,0.000,0.000,0.000,-0.022,-0.045
176.81,0.387,0,0.482,0.586,1,0.000,0.000,0.000,0.000,0.000,0.000,-0.028,-0.051
177.01,0.387,0,0.482,0.586,1,0.000,0.000,0.000,0.000,0.000,0.000,-0.032,-0.061
177.21,0.384,0,0.483,0.586,1,0.000,0.000,0.000,0.000,0.000,0.000,-0.031,-0.047
177.41,0.393,0,0.483,0.586,1,0.000,0.000,0.000,0.000,0.000,0.000,-0.035,-0.046
177.61,0.389,0,0.483,0.586,1,0.000,0.000,0.000,0.000,0.000,0.000,-0.035,-0.057
177.81,0.388,0,0.482,0.586,1,0.000,0.000,0.000,0.000,0.000,0.000,-0.021,-0.052
178.01,0.389,0,0.482,0.586,1,0.000,0.000,0.000,0.000,0.000,0.000,-0.019,-0.049
178.21,0.389,0,0.483,0.586,1,0.000,0.000,0.000,0.000,0.000,0.000,-0.031,-0.051
178.41,0.389,0,0.483,0.586,1,0.000,0.000,0.000,0.000,0.000,0.000,-0.030,-0.054
178.61,0.391,0,0.483,0.586,1,0.000,0.000,0.000,0.000,0.000,0.000,-0.019,-0.052
178.81,0.391,0,0.483,0.586,1,0.000,0.000,0.000,0.000,0.000,0.000,-0.011,-0.039
179.01,0.391,0,0.483,0.586,1,0.000,0.000,0.000,0.000,0.000,0.000,-0.017,-0.040
179.21,0.392,0,0.482,0.586,1,0.000,0.000,0.000,0.000,0.000,0.000,-0.019,-0.050
179.41,0.394,0,0.482,0.586,1,0.000,0.000,0.000,0.000,0.000,0.000,-0.021,-0.056
179.61,0.388,0,0.482,0.586,1,0.000,0.000,0.000,0.000,0.000,0.000,-0.025,-0.056
179.81,0.387,0,0.482,0.585,1,0.000,0.000,0.000,0.000,0.000,0.000,-0.022,-0.056
180.01,0.387,0,0.482,0.585,1,0.000,0.000,0.000,0.000,0.000,0.000,-0.018,-0.050
180.21,0.386,0,0.482,0.586,1,0.000,0.000,0.000,0.000,0.000,0.000,-0.009,-0.044
180.41,0.387,0,0.482,0.586,1,0.000,0.000,0.000,0.000,0.000,0.000,-0.016,-0.045
180.61,0.388,0,0.482,0.586,1,0.000,0.000,0.000,0.000,0.000,0.000,-0.020,-0.051
180.81,0.388,0,0.483,0.586,1,0.000,0.000,0.000,0.000,0.000,0.000,-0.019,-0.051
181.01,0.388,0,0.483,0.586,1,0.000,0.000,0.000,0.000,0.000,0.000,-0.017,-0.048
181.21,0.388,0,0.482,0.587,1,0.000,0.000,0.000,0.000,0.000,0.000,-0.018,-0.047
181.41,0.387,0,0.482,0.587,1,0.000,0.000,0.000,0.000,0.000,0.000,-0.019,-0.054
181.61,0.387,0,0.482,0.587,1,0.000,0.000,0.000,0.000,0.000,0.000,-0.017,-0.047
181.81,0.387,0,0.482,0.586,1,0.000,0.000,0.000,0.000,0.000,0.000,-0.008,-0.036
182.01,0.387,0,0.482,0.586,1,0.000,0.000,0.000,0.000,0.000,0.000,-0.017,-0.051
182.21,0.387,0,0.483,0.586,1,0.000,0.000,0.000,0.000,0.000,0.000,-0.025,-0.060
182.41,0.387,0,0.483,0.586,1,0.000,0.000,0.000,0.000,0.000,0.000,-0.018,-0.046
182.61,0.387,0,0.483,0.586,1,0.000,0.000,0.000,0.000,0.000,0.000,-0.010,-0.041
182.81,0.387,0,0.483,0.586,1,0.000,0.000,0.000,0.000,0.000,0.000,-0.015,-0.050
183.01,0.387,0,0.483,0.586,1,0.000,0.000,0.000,0.000,0.000,0.000,-0.019,-0.053
183.21,0.387,0,0.483,0.586,1,0.000,0.000,0.000,0.000,0.000,0.000,-0.023,-0.057
183.41,0.387,0,0.483,0.586,1,0.000,0.000,0.000,0.000,0.000,0.000,-0.022,-0.056
183.61,0.387,0,0.483,0.586,1,0.000,0.000,0.000,0.000,0.000,0.000,-0.013,-0.045
183.81,0.386,0,0.483,0.586,1,0.000,0.000,0.000,0.000,0.000,0.000,-0.017,-0.046
184.01,0.387,0,0.483,0.586,1,0.000,0.000,0.000,0.000,0.000,0.000,-0.017,-0.048
184.21,0.387,0,0.482,0.586,1,0.000,0.000,0.000,0.000,0.000,0.000,-0.015,-0.055
184.41,0.386,0,0.482,0.586,1,0.000,0.000,0.000,0.000,0.000,0.000,-0.017,-0.049
184.61,0.386,0,0.482,0.586,1,0.000,0.000,0.000,0.000,0.000,0.000,-0.014,-0.040
184.81,0.386,0,0.483,0.586,1,0.000,0.000,0.000,0.000,0.000,0.000,-0.019,-0.050
185.01,0.387,0,0.483,0.586,1,0.000,0.000,0.000,0.000,0.000,0.000,-0.021,-0.057
185.21,0.387,0,0.483,0.586,1,0.000,0.000,0.000,0.000,0.000,0.000,-0.017,-0.054
185.41,0.386,0,0.483,0.586,1,0.000,0.000,0.000,0.000,0.000,0.000,-0.016,-0.046
185.61,0.386,0,0.483,0.586,1,0.000,0.000,0.000,0.000,0.000,0.000,-0.012,-0.045
185.81,0.386,0,0.483,0.585,1,0.000,0.000,0.000,0.000,0.000,0.000,-0.013,-0.046
186.01,0.387,0,0.483,0.585,1,0.000,0.000,0.000,0.000,0.000,0.000,-0.016,-0.045
186.21,0.386,0,0.483,0.586,1,0.000,0.000,0.000,0.000,0.000,0.000,-0.014,-0.046
186.41,0.386,0,0.483,0.586,1,0.000,0.000,0.000,0.000,0.000,0.000,-0.019,-0.052
186.61,0.386,0,0.483,0.586,1,0.000,0.000,0.000,0.000,0.000,0.000,-0.022,-0.055
186.81,0.387,0,0.482,0.586,1,0.000,0.000,0.000,0.000,0.000,0.000,-0.022,-0.054
187.01,0.387,0,0.482,0.586,1,0.000,0.000,0.000,0.000,0.000,0.000,-0.011,-0.045
187.21,0.387,0,0.483,0.585,1,0.000,0.000,0.000,0.000,0.000,0.000,-0.008,-0.041
187.41,0.386,0,0.483,0.585,1,0.000,0.000,0.000,0.000,0.000,0.000,-0.023,-0.061
187.61,0.386,0,0.483,0.585,1,0.000,0.000,0.000,0.000,0.000,0.000,-0.021,-0.059
187.81,0.387,0,0.483,0.586,1,0.000,0.000,0.000,0.000,0.000,0.000,-0.009,-0.041
188.01,0.386,0,0.483,0.586,1,0.000,0.000,0.000,0.000,0.000,0.000,-0.008,-0.039
188.21,0.387,0,0.483,0.586,1,0.000,0.000,0.000,0.000,0.000,0.000,-0.019,-0.049
188.41,0.387,0,0.483,0.586,1,0.000,0.000,0.000,0.000,0.000,0.000,-0.025,-0.053
188.61,0.386,0,0.483,0.586,1,0.000,0.000,0.000,0.000,0.000,0.000,-0.019,-0.055
188.81,0.384,0,0.483,0.587,1,0.000,0.000,0.000,0.000,0.000,0.000,-0.020,-0.050
189.01,0.347,0,0.483,0.587,1,0.000,0.000,0.000,0.000,0.000,0.000,-0.019,-0.048
189.21,0.310,0,0.483,0.586,1,0.000,0.000,0.000,0.000,0.000,0.000,-0.038,-0.051
189.41,0.293,0,0.483,0.586,1,0.000,0.000,0.000,0.000,0.000,0.000,-0.031,-0.041
189.61,0.298,0,0.483,0.586,1,0.000,0.000,0.000,0.000,0.000,0.000,-0.008,-0.033
189.81,0.309,0,0.482,0.585,1,0.000,0.000,0.000,0.000,0.000,0.000,-0.024,-0.046
190.01,0.308,0,0.482,0.585,1,0.000,0.000,0.000,0.000,0.000,0.000,-0.045,-0.059
190.21,0.310,0,0.482,0.585,1,0.000,0.000,0.000,0.000,0.000,0.000,-0.036,-0.053
190.41,0.309,0,0.482,0.585,1,0.000,0.000,0.000,0.000,0.000,0.000,-0.017,-0.038
190.61,0.310,0,0.482,0.585,1,0.000,0.000,0.000,0.000,0.000,0.000,-0.021,-0.036
190.81,0.306,0,0.483,0.586,1,0.000,0.000,0.000,0.000,0.000,0.000,-0.037,-0.045
191.01,0.303,0,0.483,0.586,1,0.000,0.000,0.000,0.000,0.000,0.000,-0.033,-0.049
191.21,0.326,0,0.482,0.585,1,0.000,0.000,0.000,0.000,0.000,0.000,-0.024,-0.047
191.41,0.325,0,0.482,0.585,1,0.000,0.000,0.000,0.000,0.000,0.000,-0.024,-0.047
191.61,0.328,0,0.482,0.585,1,0.000,0.000,0.000,0.000,0.000,0.000,-0.027,-0.047
191.81,0.328,0,0.483,0.586,1,0.000,0.000,0.000,0.000,0.000,0.000,-0.025,-0.044
192.01,0.329,0,0.483,0.586,1,0.000,0.000,0.000,0.000,0.000,0.000,-0.028,-0.054
192.21,0.330,0,0.483,0.585,1,0.000,0.000,0.000,0.000,0.000,0.000,-0.031,-0.056
192.41,0.330,0,0.483,0.585,1,0.000,0.000,0.000,0.000,0.000,0.000,-0.030,-0.050
192.61,0.330,0,0.483,0.585,1,0.000,0.000,0.000,0.000,0.000,0.000,-0.023,-0.048
192.81,0.329,0,0.482,0.586,1,0.000,0.000,0.000,0.000,0.000,0.000,-0.020,-0.041
193.01,0.329,0,0.482,0.586,1,0.000,0.000,0.000,0.000,0.000,0.000,-0.026,-0.040
193.21,0.330,0,0.482,0.585,1,0.000,0.000,0.000,0.000,0.000,0.000,-0.034,-0.044
193.41,0.331,0,0.482,0.585,1,0.000,0.000,0.000,0.000,0.000,0.000,-0.034,-0.057
193.61,0.331,0,0.482,0.585,1,0.000,0.000,0.000,0.000,0.000,0.000,-0.027,-0.056
193.81,0.330,0,0.482,0.586,1,0.000,0.000,0.000,0.000,0.000,0.000,-0.027,-0.050
194.01,0.330,0,0.482,0.586,1,0.000,0.000,0.000,0.000,0.000,0.000,-0.028,-0.046
194.21,0.330,0,0.483,0.586,1,0.000,0.000,0.000,0.000,0.000,0.000,-0.025,-0.047
194.41,0.329,0,0.483,0.586,1,0.000,0.000,0.000,0.000,0.000,0.000,-0.026,-0.046
194.61,0.329,0,0.483,0.586,1,0.000,0.000,0.000,0.000,0.000,0.000,-0.029,-0.047
194.81,0.330,0,0.483,0.585,1,0.000,0.000,0.000,0.000,0.000,0.000,-0.029,-0.047
195.01,0.330,0,0.483,0.585,1,0.000,0.000,0.000,0.000,0.000,0.000,-0.034,-0.051
195.21,0.330,0,0.483,0.585,1,0.000,0.000,0.000,0.000,0.000,0.000,-0.029,-0.049
195.41,0.330,0,0.483,0.585,1,0.000,0.000,0.000,0.000,0.000,0.000,-0.027,-0.043
195.61,0.329,0,0.483,0.585,1,0.000,0.000,0.000,0.000,0.000,0.000,-0.027,-0.044
195.81,0.329,0,0.482,0.585,1,0.000,0.000,0.000,0.000,0.000,0.000,-0.022,-0.044
196.01,0.329,0,0.482,0.585,1,0.000,0.000,0.000,0.000,0.000,0.000,-0.025,-0.044
196.21,0.329,0,0.483,0.585,1,0.000,0.000,0.000,0.000,0.000,0.000,-0.034,-0.052
196.41,0.330,0,0.483,0.585,1,0.000,0.000,0.000,0.000,0.000,0.000,-0.035,-0.054
196.61,0.329,0,0.483,0.585,1,0.000,0.000,0.000,0.000,0.000,0.000,-0.025,-0.050
196.81,0.329,0,0.482,0.585,1,0.000,0.000,0.000,0.000,0.000,0.000,-0.028,-0.053
197.01,0.330,0,0.482,0.585,1,0.000,0.000,0.000,0.000,0.000,0.000,-0.031,-0.052
197.21,0.330,0,0.483,0.585,1,0.000,0.000,0.000,0.000,0.000,0.000,-0.028,-0.048
197.41,0.330,0,0.483,0.585,1,0.000,0.000,0.000,0.000,0.000,0.000,-0.024,-0.042
197.61,0.330,0,0.483,0.585,1,0.000,0.000,0.000,0.000,0.000,0.000,-0.023,-0.043
197.81,0.330,0,0.482,0.585,1,0.000,0.000,0.000,0.000,0.000,0.000,-0.023,-0.040
198.01,0.329,0,0.482,0.585,1,0.000,0.000,0.000,0.000,0.000,0.000,-0.026,-0.041
198.21,0.329,0,0.483,0.586,1,0.000,0.000,0.000,0.000,0.000,0.000,-0.036,-0.048
198.41,0.329,0,0.483,0.586,1,0.000,0.000,0.000,0.000,0.000,0.000,-0.036,-0.054
198.61,0.329,0,0.483,0.586,1,0.000,0.000,0.000,0.000,0.000,0.000,-0.027,-0.047
198.81,0.330,0,0.482,0.586,1,0.000,0.000,0.000,0.000,0.000,0.000,-0.018,-0.036
199.01,0.329,0,0.482,0.586,1,0.000,0.000,0.000,0.000,0.000,0.000,-0.022,-0.041
199.21,0.329,0,0.482,0.586,1,0.000,0.000,0.000,0.000,0.000,0.000,-0.029,-0.047
199.41,0.329,0,0.482,0.586,1,0.000,0.000,0.000,0.000,0.000,0.000,-0.031,-0.051
199.61,0.329,0,0.482,0.586,1,0.000,0.000,0.000,0.000,0.000,0.000,-0.023,-0.050
199.81,0.329,0,0.482,0.585,1,0.000,0.000,0.000,0.000,0.000,0.000,-0.022,-0.045
200.01,0.330,0,0.482,0.585,1,0.000,0.000,0.000,0.000,0.000,0.000,-0.028,-0.038
200.21,0.329,0,0.483,0.586,1,0.000,0.000,0.000,0.000,0.000,0.000,-0.024,-0.041
200.41,0.329,0,0.483,0.586,1,0.000,0.000,0.000,0.000,0.000,0.000,-0.029,-0.049
200.61,0.329,0,0.483,0.586,1,0.000,0.000,0.000,0.000,0.000,0.000,-0.032,-0.051
200.81,0.329,0,0.483,0.586,1,0.000,0.000,0.000,0.000,0.000,0.000,-0.029,-0.050
201.01,0.330,0,0.483,0.586,1,0.000,0.000,0.000,0.000,0.000,0.000,-0.020,-0.044
201.21,0.330,0,0.483,0.586,1,0.000,0.000,0.000,0.000,0.000,0.000,-0.023,-0.043
201.41,0.329,0,0.483,0.586,1,0.000,0.000,0.000,0.000,0.000,0.000,-0.025,-0.040
201.61,0.330,0,0.483,0.586,1,0.000,0.000,0.000,0.000,0.000,0.000,-0.030,-0.050
201.81,0.329,0,0.483,0.585,1,0.000,0.000,0.000,0.000,0.000,0.000,-0.031,-0.055
202.01,0.329,0,0.483,0.585,1,0.000,0.000,0.000,0.000,0.000,0.000,-0.025,-0.043
202.21,0.329,0,0.482,0.585,1,0.000,0.000,0.000,0.000,0.000,0.000,-0.026,-0.037
202.41,0.329,0,0.482,0.585,1,0.000,0.000,0.000,0.000,0.000,0.000,-0.026,-0.045
202.61,0.330,0,0.482,0.585,1,0.000,0.000,0.000,0.000,0.000,0.000,-0.024,-0.053
202.81,0.330,0,0.483,0.585,1,0.000,0.000,0.000,0.000,0.000,0.000,-0.025,-0.048
203.01,0.330,0,0.483,0.585,1,0.000,0.000,0.000,0.000,0.000,0.000,-0.026,-0.040
203.21,0.329,0,0.483,0.585,1,0.000,0.000,0.000,0.000,0.000,0.000,-0.025,-0.040
203.41,0.312,0,0.483,0.585,1,0.000,0.000,0.000,0.000,0.000,0.000,-0.033,-0.057
203.61,0.311,0,0.483,0.585,1,0.000,0.000,0.000,0.000,0.000,0.000,-0.032,-0.054
203.81,0.308,0,0.483,0.585,1,0.000,0.000,0.000,0.000,0.000,0.000,-0.026,-0.048
204.01,0.313,0,0.483,0.585,1,0.000,0.000,0.000,0.000,0.000,0.000,-0.023,-0.037
204.21,0.312,0,0.482,0.585,1,0.000,0.000,0.000,0.000,0.000,0.000,-0.026,-0.040
204.41,0.312,0,0.482,0.585,1,0.000,0.000,0.000,0.000,0.000,0.000,-0.029,-0.052
204.61,0.312,0,0.482,0.585,1,0.000,0.000,0.000,0.000,0.000,0.000,-0.029,-0.049
204.81,0.313,0,0.482,0.586,1,0.000,0.000,0.000,0.000,0.000,0.000,-0.019,-0.042
205.01,0.312,0,0.482,0.586,1,0.000,0.000,0.000,0.000,0.000,0.000,-0.017,-0.039
205.21,0.312,0,0.483,0.585,1,0.000,0.000,0.000,0.000,0.000,0.000,-0.026,-0.046
205.41,0.312,0,0.483,0.585,1,0.000,0.000,0.000,0.000,0.000,0.000,-0.027,-0.051
205.61,0.311,0,0.483,0.585,1,0.000,0.000,0.000,0.000,0.000,0.000,-0.023,-0.048
205.81,0.311,0,0.482,0.585,1,0.000,0.000,0.000,0.000,0.000,0.000,-0.021,-0.041
206.01,0.311,0,0.482,0.585,1,0.000,0.000,0.000,0.000,0.000,0.000,-0.023,-0.041
206.21,0.310,0,0.482,0.585,1,0.000,0.000,0.000,0.000,0.000,0.000,-0.029,-0.053
206.41,0.311,0,0.482,0.585,1,0.000,0.000,0.000,0.000,0.000,0.000,-0.025,-0.043
206.61,0.310,0,0.482,0.585,1,0.000,0.000,0.000,0.000,0.000,0.000,-0.023,-0.037
206.81,0.309,0,0.482,0.585,1,0.000,0.000,0.000,0.000,0.000,0.000,-0.023,-0.042
207.01,0.310,0,0.482,0.585,1,0.000,0.000,0.000,0.000,0.000,0.000,-0.024,-0.046
207.21,0.310,0,0.483,0.586,1,0.000,0.000,0.000,0.000,0.000,0.000,-0.023,-0.040
207.41,0.310,0,0.483,0.586,1,0.000,0.000,0.000,0.000,0.000,0.000,-0.025,-0.044
207.61,0.309,0,0.483,0.586,1,0.000,0.000,0.000,0.000,0.000,0.000,-0.024,-0.044
207.81,0.379,0,0.483,0.586,1,0.000,0.000,0.000,0.000,0.000,0.000,-0.034,-0.046
208.01,0.398,0,0.483,0.586,1,0.000,0.000,0.000,0.000,0.000,0.000,-0.042,-0.055
208.21,0.242,0,0.483,0.585,1,0.000,0.000,0.000,0.000,0.000,0.000,-0.034,-0.059
208.41,0.238,0,0.483,0.585,1,0.000,0.000,0.000,0.000,0.000,0.000,-0.037,-0.055
208.61,0.143,0,0.483,0.585,1,0.000,0.000,0.000,0.000,0.000,0.000,-0.044,-0.061
208.81,0.139,0,0.482,0.586,1,0.000,0.000,0.000,0.000,0.000,0.000,-0.056,-0.066
209.01,0.125,0,0.482,0.586,1,0.000,0.000,0.000,0.000,0.000,0.000,-0.040,-0.056
209.21,0.126,0,0.482,0.586,1,0.000,0.000,0.000,0.000,0.000,0.000,-0.029,-0.052
209.41,0.126,0,0.482,0.586,1,0.000,0.000,0.000,0.000,0.000,0.000,-0.049,-0.060
209.61,0.123,0,0.482,0.586,1,0.000,0.000,0.000,0.000,0.000,0.000,-0.050,-0.061
209.81,0.125,0,0.482,0.585,1,0.000,0.000,0.000,0.000,0.000,0.000,-0.052,-0.061
210.01,0.134,0,0.482,0.585,1,0.000,0.000,0.000,0.000,0.000,0.000,-0.041,-0.064
210.21,0.138,0,0.482,0.586,1,0.000,0.000,0.000,0.000,0.000,0.000,-0.049,-0.068
210.41,0.136,0,0.482,0.586,1,0.000,0.000,0.000,0.000,0.000,0.000,-0.050,-0.069
210.61,0.138,0,0.482,0.586,1,0.000,0.000,0.000,0.000,0.000,0.000,-0.043,-0.066
210.81,0.136,0,0.482,0.587,1,0.000,0.000,0.000,0.000,0.000,0.000,-0.049,-0.052
211.01,0.138,0,0.482,0.587,1,0.000,0.000,0.000,0.000,0.000,0.000,-0.050,-0.055
211.21,0.145,0,0.483,0.586,1,0.000,0.000,0.000,0.000,0.000,0.000,-0.046,-0.069
211.41,0.143,0,0.483,0.586,1,0.000,0.000,0.000,0.000,0.000,0.000,-0.050,-0.075
211.61,0.154,0,0.483,0.586,1,0.000,0.000,0.000,0.000,0.000,0.000,-0.067,-0.072
211.81,0.152,0,0.482,0.585,1,0.000,0.000,0.000,0.000,0.000,0.000,-0.068,-0.074
212.01,0.140,0,0.482,0.585,1,0.000,0.000,0.000,0.000,0.000,0.000,-0.050,-0.057
212.21,0.180,0,0.483,0.584,1,0.000,0.000,0.000,0.000,0.000,0.000,-0.038,-0.059
212.41,0.178,0,0.483,0.584,1,0.000,0.000,0.000,0.000,0.000,0.000,-0.042,-0.069
212.61,0.166,0,0.483,0.584,1,0.000,0.000,0.000,0.000,0.000,0.000,-0.040,-0.061
212.81,0.384,0,0.482,0.586,1,0.000,0.000,0.000,0.000,0.000,0.000,-0.027,-0.059
213.01,0.317,0,0.482,0.586,1,0.000,0.000,0.000,0.000,0.000,0.000,-0.029,-0.053
213.21,0.305,0,0.483,0.586,1,0.000,0.000,0.000,0.000,0.000,0.000,-0.041,-0.049
213.41,0.308,0,0.483,0.586,1,0.000,0.000,0.000,0.000,0.000,0.000,-0.023,-0.040
213.61,0.319,0,0.483,0.586,1,0.000,0.000,0.000,0.000,0.000,0.000,-0.012,-0.037
213.81,0.335,0,0.482,0.586,1,0.000,0.000,0.000,0.000,0.000,0.000,-0.033,-0.054
214.01,0.338,0,0.482,0.586,1,0.000,0.000,0.000,0.000,0.000,0.000,-0.040,-0.061
214.21,0.336,0,0.483,0.586,1,0.000,0.000,0.000,0.000,0.000,0.000,-0.034,-0.056
214.41,0.335,0,0.483,0.586,1,0.000,0.000,0.000,0.000,0.000,0.000,-0.028,-0.053
214.61,0.333,0,0.483,0.586,1,0.000,0.000,0.000,0.000,0.000,0.000,-0.032,-0.058
214.81,0.344,0,0.482,0.585,1,0.000,0.000,0.000,0.000,0.000,0.000,-0.039,-0.055
215.01,0.335,0,0.482,0.585,1,0.000,0.000,0.000,0.000,0.000,0.000,-0.043,-0.050
215.21,0.333,0,0.482,0.586,1,0.000,0.000,0.000,0.000,0.000,0.000,-0.035,-0.055
215.41,0.336,0,0.482,0.586,1,0.000,0.000,0.000,0.000,0.000,0.000,-0.033,-0.050
215.61,0.336,0,0.482,0.586,1,0.000,0.000,0.000,0.000,0.000,0.000,-0.028,-0.050
215.81,0.335,0,0.483,0.586,1,0.000,0.000,0.000,0.000,0.000,0.000,-0.036,-0.051
216.01,0.335,0,0.483,0.586,1,0.000,0.000,0.000,0.000,0.000,0.000,-0.040,-0.052
216.21,0.335,0,0.483,0.585,1,0.000,0.000,0.000,0.000,0.000,0.000,-0.033,-0.055
216.41,0.333,0,0.483,0.585,1,0.000,0.000,0.000,0.000,0.000,0.000,-0.033,-0.053
216.61,0.350,0,0.483,0.585,1,0.000,0.000,0.000,0.000,0.000,0.000,-0.034,-0.050
216.81,0.335,0,0.482,0.585,1,0.000,0.000,0.000,0.000,0.000,0.000,-0.035,-0.051
217.01,0.343,0,0.482,0.585,1,0.000,0.000,0.000,0.000,0.000,0.000,-0.037,-0.055
217.21,0.339,0,0.483,0.586,1,0.000,0.000,0.000,0.000,0.000,0.000,-0.042,-0.054
217.41,0.336,0,0.483,0.586,1,0.000,0.000,0.000,0.000,0.000,0.000,-0.036,-0.056
217.61,0.336,0,0.483,0.586,1,0.000,0.000,0.000,0.000,0.000,0.000,-0.033,-0.050
217.81,0.335,0,0.483,0.586,1,0.000,0.000,0.000,0.000,0.000,0.000,-0.038,-0.050
218.01,0.340,0,0.483,0.586,1,0.000,0.000,0.000,0.000,0.000,0.000,-0.041,-0.049
218.21,0.337,0,0.482,0.585,1,0.000,0.000,0.000,0.000,0.000,0.000,-0.039,-0.051
218.41,0.344,0,0.482,0.585,1,0.000,0.000,0.000,0.000,0.000,0.000,-0.034,-0.056
218.61,0.330,0,0.482,0.585,1,0.000,0.000,0.000,0.000,0.000,0.000,-0.035,-0.051
218.81,0.333,0,0.483,0.585,1,0.000,0.000,0.000,0.000,0.000,0.000,-0.036,-0.045
219.01,0.331,0,0.483,0.585,1,0.000,0.000,0.000,0.000,0.000,0.000,-0.036,-0.048
219.21,0.331,0,0.482,0.586,1,0.000,0.000,0.000,0.000,0.000,0.000,-0.037,-0.054
219.41,0.344,0,0.482,0.586,1,0.000,0.000,0.000,0.000,0.000,0.000,-0.036,-0.051
219.61,0.330,0,0.482,0.586,1,0.000,0.000,0.000,0.000,0.000,0.000,-0.042,-0.052
219.81,0.321,0,0.483,0.586,1,0.000,0.000,0.000,0.000,0.000,0.000,-0.038,-0.051
220.01,0.332,0,0.483,0.586,1,0.000,0.000,0.000,0.000,0.000,0.000,-0.025,-0.049
220.21,0.333,0,0.482,0.585,1,0.000,0.000,0.000,0.000,0.000,0.000,-0.026,-0.046
220.41,0.334,0,0.482,0.585,1,0.000,0.000,0.000,0.000,0.000,0.000,-0.030,-0.051
220.61,0.337,0,0.482,0.585,1,0.000,0.000,0.000,0.000,0.000,0.000,-0.033,-0.055
220.81,0.336,0,0.482,0.586,1,0.000,0.000,0.000,0.000,0.000,0.000,-0.034,-0.051
221.01,0.348,0,0.482,0.586,1,0.000,0.000,0.000,0.000,0.000,0.000,-0.031,-0.046
221.21,0.367,0,0.483,0.585,1,0.000,0.000,0.000,0.000,0.000,0.000,-0.025,-0.053
221.41,0.338,0,0.483,0.585,1,0.000,0.000,0.000,0.000,0.000,0.000,-0.025,-0.058
221.61,0.335,0,0.483,0.585,1,0.000,0.000,0.000,0.000,0.000,0.000,-0.033,-0.049
221.81,0.332,0,0.483,0.585,1,0.000,0.000,0.000,0.000,0.000,0.000,-0.035,-0.047
222.01,0.334,0,0.483,0.585,1,0.000,0.000,0.000,0.000,0.000,0.000,-0.031,-0.052
222.21,0.336,0,0.482,0.585,1,0.000,0.000,0.000,0.000,0.000,0.000,-0.028,-0.058
222.41,0.335,0,0.482,0.585,1,0.000,0.000,0.000,0.000,0.000,0.000,-0.030,-0.049
222.61,0.335,0,0.482,0.585,1,0.000,0.000,0.000,0.000,0.000,0.000,-0.032,-0.046
222.81,0.347,0,0.482,0.585,1,0.000,0.000,0.000,0.000,0.000,0.000,-0.029,-0.053
223.01,0.340,0,0.482,0.585,1,0.000,0.000,0.000,0.000,0.000,0.000,-0.030,-0.059
223.21,0.339,0,0.482,0.585,1,0.000,0.000,0.000,0.000,0.000,0.000,-0.033,-0.054
223.41,0.345,0,0.482,0.585,1,0.000,0.000,0.000,0.000,0.000,0.000,-0.030,-0.049
223.61,0.340,0,0.482,0.585,1,0.000,0.000,0.000,0.000,0.000,0.000,-0.030,-0.050
223.81,0.340,0,0.482,0.586,1,0.000,0.000,0.000,0.000,0.000,0.000,-0.033,-0.047
224.01,0.346,0,0.482,0.586,1,0.000,0.000,0.000,0.000,0.000,0.000,-0.029,-0.054
224.21,0.346,0,0.483,0.585,1,0.000,0.000,0.000,0.000,0.000,0.000,-0.024,-0.058
224.41,0.339,0,0.483,0.585,1,0.000,0.000,0.000,0.000,0.000,0.000,-0.029,-0.050
224.61,0.342,0,0.483,0.585,1,0.000,0.000,0.000,0.000,0.000,0.000,-0.035,-0.043
224.81,0.346,0,0.483,0.585,1,0.000,0.000,0.000,0.000,0.000,0.000,-0.030,-0.048
225.01,0.346,0,0.483,0.585,1,0.000,0.000,0.000,0.000,0.000,0.000,-0.029,-0.053
225.21,0.347,0,0.482,0.585,1,0.000,0.000,0.000,0.000,0.000,0.000,-0.034,-0.049
225.41,0.344,0,0.482,0.585,1,0.000,0.000,0.000,0.000,0.000,0.000,-0.034,-0.047
225.61,0.345,0,0.482,0.585,1,0.000,0.000,0.000,0.000,0.000,0.000,-0.029,-0.051
225.81,0.345,0,0.483,0.585,1,0.000,0.000,0.000,0.000,0.000,0.000,-0.028,-0.055
226.01,0.345,0,0.483,0.585,1,0.000,0.000,0.000,0.000,0.000,0.000,-0.031,-0.053
226.21,0.344,0,0.483,0.585,1,0.000,0.000,0.000,0.000,0.000,0.000,-0.030,-0.051
226.41,0.344,0,0.483,0.585,1,0.000,0.000,0.000,0.000,0.000,0.000,-0.023,-0.054
226.61,0.335,0,0.483,0.585,1,0.000,0.000,0.000,0.000,0.000,0.000,-0.029,-0.052
226.81,0.331,0,0.482,0.586,1,0.000,0.000,0.000,0.000,0.000,0.000,-0.036,-0.050
227.01,0.334,0,0.482,0.586,1,0.000,0.000,0.000,0.000,0.000,0.000,-0.036,-0.049
227.21,0.335,0,0.483,0.585,1,0.000,0.000,0.000,0.000,0.000,0.000,-0.029,-0.049
227.41,0.334,0,0.483,0.585,1,0.000,0.000,0.000,0.000,0.000,0.000,-0.028,-0.057
227.61,0.332,0,0.483,0.585,1,0.000,0.000,0.000,0.000,0.000,0.000,-0.030,-0.062
227.81,0.332,0,0.482,0.585,1,0.000,0.000,0.000,0.000,0.000,0.000,-0.028,-0.050
228.01,0.333,0,0.482,0.585,1,0.000,0.000,0.000,0.000,0.000,0.000,-0.025,-0.046
228.21,0.334,0,0.483,0.585,1,0.000,0.000,0.000,0.000,0.000,0.000,-0.032,-0.052
228.41,0.333,0,0.483,0.585,1,0.000,0.000,0.000,0.000,0.000,0.000,-0.037,-0.058
228.61,0.333,0,0.483,0.585,1,0.000,0.000,0.000,0.000,0.000,0.000,-0.031,-0.053
228.81,0.335,0,0.483,0.585,1,0.000,0.000,0.000,0.000,0.000,0.000,-0.028,-0.048
229.01,0.336,0,0.483,0.585,1,0.000,0.000,0.000,0.000,0.000,0.000,-0.028,-0.052
229.21,0.332,0,0.482,0.585,1,0.000,0.000,0.000,0.000,0.000,0.000,-0.032,-0.056
229.41,0.333,0,0.482,0.585,1,0.000,0.000,0.000,0.000,0.000,0.000,-0.031,-0.052
229.61,0.335,0,0.482,0.585,1,0.000,0.000,0.000,0.000,0.000,0.000,-0.032,-0.051
229.81,0.333,0,0.483,0.585,1,0.000,0.000,0.000,0.000,0.000,0.000,-0.029,-0.057
230.01,0.335,0,0.483,0.585,1,0.000,0.000,0.000,0.000,0.000,0.000,-0.029,-0.054
230.21,0.333,0,0.482,0.585,1,0.000,0.000,0.000,0.000,0.000,0.000,-0.032,-0.047
230.41,0.333,0,0.482,0.585,1,0.000,0.000,0.000,0.000,0.000,0.000,-0.035,-0.046
230.61,0.337,0,0.482,0.585,1,0.000,0.000,0.000,0.000,0.000,0.000,-0.027,-0.057
230.81,0.342,0,0.482,0.585,1,0.000,0.000,0.000,0.000,0.000,0.000,-0.029,-0.059
231.01,0.336,0,0.482,0.585,1,0.000,0.000,0.000,0.000,0.000,0.000,-0.031,-0.053
231.21,0.334,0,0.482,0.585,1,0.000,0.000,0.000,0.000,0.000,0.000,-0.029,-0.047
231.41,0.335,0,0.482,0.585,1,0.000,0.000,0.000,0.000,0.000,0.000,-0.028,-0.052
231.61,0.339,0,0.482,0.585,1,0.000,0.000,0.000,0.000,0.000,0.000,-0.032,-0.060
231.81,0.336,0,0.483,0.585,1,0.000,0.000,0.000,0.000,0.000,0.000,-0.032,-0.061
232.01,0.335,0,0.483,0.585,1,0.000,0.000,0.000,0.000,0.000,0.000,-0.032,-0.054
232.21,0.334,0,0.483,0.586,1,0.000,0.000,0.000,0.000,0.000,0.000,-0.033,-0.050
232.41,0.335,0,0.483,0.586,1,0.000,0.000,0.000,0.000,0.000,0.000,-0.033,-0.050
232.61,0.334,0,0.483,0.586,1,0.000,0.000,0.000,0.000,0.000,0.000,-0.030,-0.056
232.81,0.334,0,0.482,0.585,1,0.000,0.000,0.000,0.000,0.000,0.000,-0.029,-0.055
233.01,0.336,0,0.482,0.585,1,0.000,0.000,0.000,0.000,0.000,0.000,-0.030,-0.047
233.21,0.335,0,0.482,0.585,1,0.000,0.000,0.000,0.000,0.000,0.000,-0.034,-0.044
233.41,0.337,0,0.482,0.585,1,0.000,0.000,0.000,0.000,0.000,0.000,-0.030,-0.049
233.61,0.335,0,0.482,0.585,1,0.000,0.000,0.000,0.000,0.000,0.000,-0.025,-0.057
233.81,0.334,0,0.483,0.585,1,0.000,0.000,0.000,0.000,0.000,0.000,-0.028,-0.055
234.01,0.335,0,0.483,0.585,1,0.000,0.000,0.000,0.000,0.000,0.000,-0.032,-0.045
234.21,0.334,0,0.482,0.585,1,0.000,0.000,0.000,0.000,0.000,0.000,-0.030,-0.051
234.41,0.334,0,0.482,0.585,1,0.000,0.000,0.000,0.000,0.000,0.000,-0.029,-0.059
234.61,0.335,0,0.482,0.585,1,0.000,0.000,0.000,0.000,0.000,0.000,-0.032,-0.056
234.81,0.337,0,0.482,0.585,1,0.000,0.000,0.000,0.000,0.000,0.000,-0.031,-0.050
235.01,0.341,0,0.482,0.585,1,0.000,0.000,0.000,0.000,0.000,0.000,-0.031,-0.051
235.21,0.335,0,0.483,0.585,1,0.000,0.000,0.000,0.000,0.000,0.000,-0.030,-0.053
235.41,0.337,0,0.483,0.585,1,0.000,0.000,0.000,0.000,0.000,0.000,-0.035,-0.050
235.61,0.337,0,0.483,0.585,1,0.000,0.000,0.000,0.000,0.000,0.000,-0.035,-0.051
235.81,0.334,0,0.482,0.585,1,0.000,0.000,0.000,0.000,0.000,0.000,-0.028,-0.049
236.01,0.333,0,0.482,0.585,1,0.000,0.000,0.000,0.000,0.000,0.000,-0.027,-0.055
236.21,0.316,0,0.482,0.585,1,0.000,0.000,0.000,0.000,0.000,0.000,-0.034,-0.053
236.41,0.319,0,0.482,0.585,1,0.000,0.000,0.000,0.000,0.000,0.000,-0.043,-0.047
236.61,0.325,0,0.482,0.585,1,0.000,0.000,0.000,0.000,0.000,0.000,-0.036,-0.052
236.81,0.326,0,0.482,0.585,1,0.000,0.000,0.000,0.000,0.000,0.000,-0.029,-0.053
237.01,0.318,0,0.482,0.585,1,0.000,0.000,0.000,0.000,0.000,0.000,-0.036,-0.049
237.21,0.371,0,0.483,0.585,1,0.000,0.000,0.000,0.000,0.000,0.000,-0.039,-0.046
237.41,0.257,0,0.483,0.585,1,0.000,0.000,0.000,0.000,0.000,0.000,-0.039,-0.058
237.61,0.190,0,0.483,0.585,1,0.000,0.000,0.000,0.000,0.000,0.000,-0.044,-0.063
237.81,0.145,0,0.482,0.586,1,0.000,0.000,0.000,0.000,0.000,0.000,-0.059,-0.071
238.01,0.147,0,0.482,0.586,1,0.000,0.000,0.000,0.000,0.000,0.000,-0.061,-0.073
238.21,0.139,0,0.482,0.586,1,0.000,0.000,0.000,0.000,0.000,0.000,-0.062,-0.075
238.41,0.140,0,0.482,0.586,1,0.000,0.000,0.000,0.000,0.000,0.000,-0.059,-0.085
238.61,0.139,0,0.482,0.586,1,0.000,0.000,0.000,0.000,0.000,0.000,-0.076,-0.092
238.81,0.101,0,0.483,0.587,1,0.000,0.000,0.000,0.000,0.000,0.000,-0.064,-0.070
239.01,0.102,0,0.483,0.587,1,0.000,0.000,0.000,0.000,0.000,0.000,-0.055,-0.057
239.21,0.137,0,0.482,0.586,1,0.000,0.000,0.000,0.000,0.000,0.000,-0.061,-0.070
239.41,0.182,0,0.482,0.586,1,0.000,0.000,0.000,0.000,0.000,0.000,-0.064,-0.080
239.61,0.226,0,0.482,0.586,1,0.000,0.000,0.000,0.000,0.000,0.000,-0.059,-0.078
239.81,0.210,0,0.482,0.586,1,0.000,0.000,0.000,0.000,0.000,0.000,-0.056,-0.059
240.01,0.199,0,0.482,0.586,1,0.000,0.000,0.000,0.000,0.000,0.000,-0.053,-0.057
240.21,0.204,0,0.481,0.585,1,0.000,0.000,0.000,0.000,0.000,0.000,-0.049,-0.064
240.41,0.175,0,0.481,0.585,1,0.000,0.000,0.000,0.000,0.000,0.000,-0.045,-0.055
240.61,0.472,0,0.481,0.585,1,0.000,0.000,0.000,0.000,0.000,0.000,-0.050,-0.046
240.81,0.472,0,0.483,0.585,1,0.000,0.000,0.000,0.000,0.000,0.000,-0.044,-0.056
241.01,0.472,0,0.483,0.585,1,0.000,0.000,0.000,0.000,0.000,0.000,-0.036,-0.061
241.21,0.472,0,0.482,0.586,1,0.000,0.000,0.000,0.000,0.000,0.000,-0.037,-0.063
241.41,0.472,0,0.482,0.586,1,0.000,0.000,0.000,0.000,0.000,0.000,-0.040,-0.062
241.61,0.472,0,0.482,0.586,1,0.000,0.000,0.000,0.000,0.000,0.000,-0.037,-0.061
241.81,0.271,0,0.482,0.585,1,0.000,0.000,0.000,0.000,0.000,0.000,-0.042,-0.071
242.01,0.472,0,0.482,0.585,1,0.000,0.000,0.000,0.000,0.000,0.000,-0.046,-0.069
242.21,0.472,0,0.482,0.585,1,0.000,0.000,0.000,0.000,0.000,0.000,-0.040,-0.056
242.41,0.472,0,0.482,0.585,1,0.000,0.000,0.000,0.000,0.000,0.000,-0.043,-0.056
242.61,0.163,0,0.482,0.585,1,0.000,0.000,0.000,0.000,0.000,0.000,-0.045,-0.064
242.81,0.192,0,0.482,0.585,1,0.000,0.000,0.000,0.000,0.000,0.000,-0.049,-0.073
243.01,0.192,0,0.482,0.585,1,0.000,0.000,0.000,0.000,0.000,0.000,-0.043,-0.067
243.21,0.195,0,0.482,0.585,1,0.000,0.000,0.000,0.000,0.000,0.000,-0.048,-0.060
243.41,0.201,0,0.482,0.585,1,0.000,0.000,0.000,0.000,0.000,0.000,-0.051,-0.055
243.61,0.198,0,0.482,0.585,1,0.000,0.000,0.000,0.000,0.000,0.000,-0.054,-0.071
243.81,0.169,0,0.482,0.586,1,0.000,0.000,0.000,0.000,0.000,0.000,-0.050,-0.073
244.01,0.139,0,0.482,0.586,1,0.000,0.000,0.000,0.000,0.000,0.000,-0.048,-0.060
244.21,0.132,0,0.482,0.583,1,0.000,0.000,0.000,0.000,0.000,0.000,-0.070,-0.062
244.41,0.138,0,0.482,0.583,1,0.000,0.000,0.000,0.000,0.000,0.000,-0.065,-0.071
244.61,0.106,0,0.482,0.583,1,0.000,0.000,0.000,0.000,0.000,0.000,-0.052,-0.077
244.81,0.112,0,0.481,0.580,1,0.000,0.000,0.000,0.000,0.000,0.000,-0.051,-0.072
245.01,0.120,0,0.481,0.580,1,0.000,0.000,0.000,0.000,0.000,0.000,-0.068,-0.068
245.21,0.135,0,0.481,0.580,1,0.000,0.000,0.000,0.000,0.000,0.000,-0.063,-0.071
245.41,0.472,0,0.481,0.580,1,0.000,0.000,0.000,0.000,0.000,0.000,-0.049,-0.067
245.61,0.169,0,0.481,0.580,1,0.000,0.000,0.000,0.000,0.000,0.000,-0.048,-0.062
245.81,0.155,0,0.482,0.582,1,0.000,0.000,0.000,0.000,0.000,0.000,-0.051,-0.068
246.01,0.151,0,0.482,0.582,1,0.000,0.000,0.000,0.000,0.000,0.000,-0.040,-0.069
246.21,0.153,0,0.481,0.582,1,0.000,0.000,0.000,0.000,0.000,0.000,-0.052,-0.071
246.41,0.151,0,0.481,0.582,1,0.000,0.000,0.000,0.000,0.000,0.000,-0.072,-0.075
246.61,0.157,0,0.481,0.582,1,0.000,0.000,0.000,0.000,0.000,0.000,-0.070,-0.078
246.81,0.148,0,0.481,0.582,1,0.000,0.000,0.000,0.000,0.000,0.000,-0.050,-0.075
247.01,0.151,0,0.481,0.582,1,0.000,0.000,0.000,0.000,0.000,0.000,-0.051,-0.073
247.21,0.166,0,0.481,0.582,1,0.000,0.000,0.000,0.000,0.000,0.000,-0.065,-0.069
247.41,0.164,0,0.481,0.582,1,0.000,0.000,0.000,0.000,0.000,0.000,-0.061,-0.069
247.61,0.167,0,0.481,0.582,1,0.000,0.000,0.000,0.000,0.000,0.000,-0.062,-0.075
247.81,0.172,0,0.481,0.580,1,0.000,0.000,0.000,0.000,0.000,0.000,-0.063,-0.073
248.01,0.176,0,0.481,0.580,1,0.000,0.000,0.000,0.000,0.000,0.000,-0.057,-0.075
248.21,0.179,0,0.481,0.581,1,0.000,0.000,0.000,0.000,0.000,0.000,-0.058,-0.073
248.41,0.170,0,0.481,0.581,1,0.000,0.000,0.000,0.000,0.000,0.000,-0.057,-0.068
248.61,0.185,0,0.481,0.581,1,0.000,0.000,0.000,0.000,0.000,0.000,-0.056,-0.067
248.81,0.190,0,0.481,0.582,1,0.000,0.000,0.000,0.000,0.000,0.000,-0.065,-0.076
249.01,0.193,0,0.481,0.582,1,0.000,0.000,0.000,0.000,0.000,0.000,-0.063,-0.081
249.21,0.196,0,0.482,0.581,1,0.000,0.000,0.000,0.000,0.000,0.000,-0.058,-0.073
249.41,0.197,0,0.482,0.581,1,0.000,0.000,0.000,0.000,0.000,0.000,-0.067,-0.074
249.61,0.199,0,0.482,0.581,1,0.000,0.000,0.000,0.000,0.000,0.000,-0.065,-0.072
249.81,0.199,0,0.482,0.582,1,0.000,0.000,0.000,0.000,0.000,0.000,-0.064,-0.067
250.01,0.182,0,0.482,0.582,1,0.000,0.000,0.000,0.000,0.000,0.000,-0.061,-0.075
250.21,0.191,0,0.481,0.580,1,0.000,0.000,0.000,0.000,0.000,0.000,-0.057,-0.076
250.41,0.178,0,0.481,0.580,1,0.000,0.000,0.000,0.000,0.000,0.000,-0.058,-0.068
250.61,0.174,0,0.481,0.580,1,0.000,0.000,0.000,0.000,0.000,0.000,-0.074,-0.087
250.81,0.209,0,0.481,0.580,1,0.000,0.000,0.000,0.000,0.000,0.000,-0.074,-0.093
251.01,0.276,0,0.481,0.580,1,0.000,0.000,0.000,0.000,0.000,0.000,-0.038,-0.071
251.21,0.315,0,0.481,0.580,1,0.000,0.000,0.000,0.000,0.000,0.000,-0.029,-0.059
251.41,0.386,0,0.481,0.580,1,0.000,0.000,0.000,0.000,0.000,0.000,-0.047,-0.053
251.61,0.411,0,0.481,0.580,1,0.000,0.000,0.000,0.000,0.000,0.000,-0.060,-0.056
251.81,0.400,0,0.481,0.581,1,0.000,0.000,0.000,0.000,0.000,0.000,-0.059,-0.055
252.01,0.383,0,0.481,0.581,1,0.000,0.000,0.000,0.000,0.000,0.000,-0.049,-0.060
252.21,0.294,0,0.481,0.580,1,0.000,0.000,0.000,0.000,0.000,0.000,-0.049,-0.074
252.41,0.302,0,0.481,0.580,1,0.000,0.000,0.000,0.000,0.000,0.000,-0.053,-0.064
252.61,0.312,0,0.481,0.580,1,0.000,0.000,0.000,0.000,0.000,0.000,-0.048,-0.049
252.81,0.310,0,0.481,0.580,1,0.000,0.000,0.000,0.000,0.000,0.000,-0.046,-0.059
253.01,0.305,0,0.481,0.580,1,0.000,0.000,0.000,0.000,0.000,0.000,-0.042,-0.062
253.21,0.302,0,0.481,0.580,1,0.000,0.000,0.000,0.000,0.000,0.000,-0.052,-0.060
253.41,0.309,0,0.481,0.580,1,0.000,0.000,0.000,0.000,0.000,0.000,-0.055,-0.061
253.61,0.308,0,0.481,0.580,1,0.000,0.000,0.000,0.000,0.000,0.000,-0.051,-0.060
253.81,0.309,0,0.481,0.580,1,0.000,0.000,0.000,0.000,0.000,0.000,-0.050,-0.060
254.01,0.307,0,0.481,0.580,1,0.000,0.000,0.000,0.000,0.000,0.000,-0.050,-0.067
254.21,0.306,0,0.481,0.580,1,0.000,0.000,0.000,0.000,0.000,0.000,-0.039,-0.065
254.41,0.306,0,0.481,0.580,1,0.000,0.000,0.000,0.000,0.000,0.000,-0.049,-0.058
254.61,0.304,0,0.481,0.580,1,0.000,0.000,0.000,0.000,0.000,0.000,-0.066,-0.061
254.81,0.302,0,0.481,0.580,1,0.000,0.000,0.000,0.000,0.000,0.000,-0.047,-0.064
255.01,0.302,0,0.481,0.580,1,0.000,0.000,0.000,0.000,0.000,0.000,-0.039,-0.060
255.21,0.304,0,0.481,0.580,1,0.000,0.000,0.000,0.000,0.000,0.000,-0.048,-0.070
255.41,0.304,0,0.481,0.580,1,0.000,0.000,0.000,0.000,0.000,0.000,-0.049,-0.065
255.61,0.301,0,0.481,0.580,1,0.000,0.000,0.000,0.000,0.000,0.000,-0.045,-0.058
255.81,0.305,0,0.481,0.580,1,0.000,0.000,0.000,0.000,0.000,0.000,-0.045,-0.063
256.01,0.307,0,0.481,0.580,1,0.000,0.000,0.000,0.000,0.000,0.000,-0.052,-0.068
256.21,0.303,0,0.481,0.580,1,0.000,0.000,0.000,0.000,0.000,0.000,-0.050,-0.067
256.41,0.301,0,0.481,0.580,1,0.000,0.000,0.000,0.000,0.000,0.000,-0.040,-0.059
256.61,0.308,0,0.481,0.580,1,0.000,0.000,0.000,0.000,0.000,0.000,-0.032,-0.049
256.81,0.301,0,0.481,0.580,1,0.000,0.000,0.000,0.000,0.000,0.000,-0.033,-0.057
257.01,0.356,0,0.481,0.580,1,0.000,0.000,0.000,0.000,0.000,0.000,-0.042,-0.064
257.21,0.169,0,0.481,0.580,1,0.000,0.000,0.000,0.000,0.000,0.000,-0.056,-0.076
257.41,0.136,0,0.481,0.580,1,0.000,0.000,0.000,0.000,0.000,0.000,-0.067,-0.083
257.61,0.127,0,0.481,0.580,1,0.000,0.000,0.000,0.000,0.000,0.000,-0.079,-0.075
257.81,0.118,0,0.481,0.580,1,0.000,0.000,0.000,0.000,0.000,0.000,-0.060,-0.067
258.01,0.144,0,0.481,0.580,1,0.000,0.000,0.000,0.000,0.000,0.000,-0.056,-0.072
258.21,0.152,0,0.481,0.581,1,0.000,0.000,0.000,0.000,0.000,0.000,-0.060,-0.079
258.41,0.174,0,0.481,0.581,1,0.000,0.000,0.000,0.000,0.000,0.000,-0.052,-0.073
258.61,0.145,0,0.481,0.581,1,0.000,0.000,0.000,0.000,0.000,0.000,-0.056,-0.064
258.81,0.141,0,0.481,0.580,1,0.000,0.000,0.000,0.000,0.000,0.000,-0.072,-0.065
259.01,0.153,0,0.481,0.580,1,0.000,0.000,0.000,0.000,0.000,0.000,-0.066,-0.078
259.21,0.154,0,0.481,0.581,1,0.000,0.000,0.000,0.000,0.000,0.000,-0.054,-0.084
259.41,0.154,0,0.481,0.581,1,0.000,0.000,0.000,0.000,0.000,0.000,-0.059,-0.083
259.61,0.125,0,0.481,0.581,1,0.000,0.000,0.000,0.000,0.000,0.000,-0.066,-0.085
259.81,0.125,0,0.481,0.581,1,0.000,0.000,0.000,0.000,0.000,0.000,-0.072,-0.075
260.01,0.123,0,0.481,0.581,1,0.000,0.000,0.000,0.000,0.000,0.000,-0.071,-0.068
260.21,0.128,0,0.481,0.581,1,0.000,0.000,0.000,0.000,0.000,0.000,-0.060,-0.081
260.41,0.128,0,0.481,0.581,1,0.000,0.000,0.000,0.000,0.000,0.000,-0.059,-0.088
260.61,0.127,0,0.481,0.581,1,0.000,0.000,0.000,0.000,0.000,0.000,-0.054,-0.077
260.81,0.125,0,0.481,0.581,1,0.000,0.000,0.000,0.000,0.000,0.000,-0.056,-0.072
261.01,0.131,0,0.481,0.581,1,0.000,0.000,0.000,0.000,0.000,0.000,-0.069,-0.087
261.21,0.136,0,0.481,0.582,1,0.000,0.000,0.000,0.000,0.000,0.000,-0.062,-0.088
261.41,0.134,0,0.481,0.582,1,0.000,0.000,0.000,0.000,0.000,0.000,-0.061,-0.074
261.61,0.179,0,0.481,0.582,1,0.000,0.000,0.000,0.000,0.000,0.000,-0.062,-0.079
261.81,0.183,0,0.481,0.581,1,0.000,0.000,0.000,0.000,0.000,0.000,-0.063,-0.088
262.01,0.362,0,0.481,0.581,1,0.000,0.000,0.000,0.000,0.000,0.000,-0.057,-0.081
262.21,0.399,0,0.481,0.580,1,0.000,0.000,0.000,0.000,0.000,0.000,-0.041,-0.069
262.41,0.358,0,0.481,0.580,1,0.000,0.000,0.000,0.000,0.000,0.000,-0.035,-0.054
262.61,0.330,0,0.481,0.580,1,0.000,0.000,0.000,0.000,0.000,0.000,-0.049,-0.057
262.81,0.316,0,0.481,0.580,1,0.000,0.000,0.000,0.000,0.000,0.000,-0.052,-0.063
263.01,0.328,0,0.481,0.580,1,0.000,0.000,0.000,0.000,0.000,0.000,-0.050,-0.059
263.21,0.352,0,0.481,0.581,1,0.000,0.000,0.000,0.000,0.000,0.000,-0.023,-0.039
263.41,0.344,0,0.481,0.581,1,0.000,0.000,0.000,0.000,0.000,0.000,-0.035,-0.044
263.61,0.354,0,0.481,0.581,1,0.000,0.000,0.000,0.000,0.000,0.000,-0.050,-0.063
263.81,0.346,0,0.481,0.581,1,0.000,0.000,0.000,0.000,0.000,0.000,-0.034,-0.065
264.01,0.354,0,0.481,0.581,1,0.000,0.000,0.000,0.000,0.000,0.000,-0.025,-0.054
264.21,0.354,0,0.481,0.580,1,0.000,0.000,0.000,0.000,0.000,0.000,-0.036,-0.048
264.41,0.353,0,0.481,0.580,1,0.000,0.000,0.000,0.000,0.000,0.000,-0.036,-0.048
264.61,0.354,0,0.481,0.580,1,0.000,0.000,0.000,0.000,0.000,0.000,-0.027,-0.050
264.81,0.355,0,0.481,0.580,1,0.000,0.000,0.000,0.000,0.000,0.000,-0.026,-0.058
265.01,0.355,0,0.481,0.580,1,0.000,0.000,0.000,0.000,0.000,0.000,-0.034,-0.060
265.21,0.355,0,0.481,0.580,1,0.000,0.000,0.000,0.000,0.000,0.000,-0.040,-0.054
265.41,0.351,0,0.481,0.580,1,0.000,0.000,0.000,0.000,0.000,0.000,-0.031,-0.055
265.61,0.362,0,0.481,0.580,1,0.000,0.000,0.000,0.000,0.000,0.000,-0.026,-0.054
265.81,0.350,0,0.481,0.580,1,0.000,0.000,0.000,0.000,0.000,0.000,-0.025,-0.052
266.01,0.350,0,0.481,0.580,1,0.000,0.000,0.000,0.000,0.000,0.000,-0.028,-0.050
266.21,0.350,0,0.481,0.581,1,0.000,0.000,0.000,0.000,0.000,0.000,-0.027,-0.051
266.41,0.350,0,0.481,0.581,1,0.000,0.000,0.000,0.000,0.000,0.000,-0.031,-0.056
266.61,0.363,0,0.481,0.581,1,0.000,0.000,0.000,0.000,0.000,0.000,-0.032,-0.061
266.81,0.364,0,0.481,0.580,1,0.000,0.000,0.000,0.000,0.000,0.000,-0.024,-0.055
267.01,0.350,0,0.481,0.580,1,0.000,0.000,0.000,0.000,0.000,0.000,-0.029,-0.046
267.21,0.352,0,0.481,0.580,1,0.000,0.000,0.000,0.000,0.000,0.000,-0.038,-0.044
267.41,0.355,0,0.481,0.580,1,0.000,0.000,0.000,0.000,0.000,0.000,-0.026,-0.052
267.61,0.350,0,0.481,0.580,1,0.000,0.000,0.000,0.000,0.000,0.000,-0.025,-0.056
267.81,0.350,0,0.481,0.580,1,0.000,0.000,0.000,0.000,0.000,0.000,-0.037,-0.057
268.01,0.350,0,0.481,0.580,1,0.000,0.000,0.000,0.000,0.000,0.000,-0.032,-0.052
268.21,0.350,0,0.481,0.580,1,0.000,0.000,0.000,0.000,0.000,0.000,-0.037,-0.053
268.41,0.352,0,0.481,0.580,1,0.000,0.000,0.000,0.000,0.000,0.000,-0.028,-0.059
268.61,0.349,0,0.481,0.580,1,0.000,0.000,0.000,0.000,0.000,0.000,-0.025,-0.059
268.81,0.354,0,0.481,0.580,1,0.000,0.000,0.000,0.000,0.000,0.000,-0.024,-0.046
269.01,0.349,0,0.481,0.580,1,0.000,0.000,0.000,0.000,0.000,0.000,-0.027,-0.050
269.21,0.352,0,0.481,0.580,1,0.000,0.000,0.000,0.000,0.000,0.000,-0.034,-0.051
269.41,0.337,0,0.481,0.580,1,0.000,0.000,0.000,0.000,0.000,0.000,-0.033,-0.049
269.61,0.337,0,0.481,0.580,1,0.000,0.000,0.000,0.000,0.000,0.000,-0.030,-0.045
269.81,0.340,0,0.481,0.581,1,0.000,0.000,0.000,0.000,0.000,0.000,-0.026,-0.055
270.01,0.335,0,0.481,0.581,1,0.000,0.000,0.000,0.000,0.000,0.000,-0.034,-0.056
270.21,0.335,0,0.481,0.580,1,0.000,0.000,0.000,0.000,0.000,0.000,-0.038,-0.054
270.41,0.336,0,0.481,0.580,1,0.000,0.000,0.000,0.000,0.000,0.000,-0.034,-0.050
270.61,0.342,0,0.481,0.580,1,0.000,0.000,0.000,0.000,0.000,0.000,-0.026,-0.058
270.81,0.341,0,0.481,0.580,1,0.000,0.000,0.000,0.000,0.000,0.000,-0.032,-0.057
271.01,0.343,0,0.481,0.580,1,0.000,0.000,0.000,0.000,0.000,0.000,-0.040,-0.045
271.21,0.356,0,0.481,0.580,1,0.000,0.000,0.000,0.000,0.000,0.000,-0.031,-0.046
271.41,0.356,0,0.481,0.580,1,0.000,0.000,0.000,0.000,0.000,0.000,-0.025,-0.049
271.61,0.350,0,0.481,0.580,1,0.000,0.000,0.000,0.000,0.000,0.000,-0.028,-0.061
271.81,0.345,0,0.481,0.581,1,0.000,0.000,0.000,0.000,0.000,0.000,-0.050,-0.050
272.01,0.346,0,0.481,0.581,1,0.000,0.000,0.000,0.000,0.000,0.000,-0.040,-0.048
272.21,0.353,0,0.481,0.580,1,0.000,0.000,0.000,0.000,0.000,0.000,-0.022,-0.054
272.41,0.356,0,0.481,0.580,1,0.000,0.000,0.000,0.000,0.000,0.000,-0.025,-0.059
272.61,0.350,0,0.481,0.580,1,0.000,0.000,0.000,0.000,0.000,0.000,-0.036,-0.062
272.81,0.348,0,0.481,0.580,1,0.000,0.000,0.000,0.000,0.000,0.000,-0.037,-0.052
273.01,0.347,0,0.481,0.580,1,0.000,0.000,0.000,0.000,0.000,0.000,-0.024,-0.053
273.21,0.347,0,0.481,0.580,1,0.000,0.000,0.000,0.000,0.000,0.000,-0.027,-0.059
273.41,0.347,0,0.481,0.580,1,0.000,0.000,0.000,0.000,0.000,0.000,-0.043,-0.046
273.61,0.346,0,0.481,0.580,1,0.000,0.000,0.000,0.000,0.000,0.000,-0.032,-0.049
273.81,0.346,0,0.481,0.580,1,0.000,0.000,0.000,0.000,0.000,0.000,-0.028,-0.056
274.01,0.333,0,0.481,0.580,1,0.000,0.000,0.000,0.000,0.000,0.000,-0.036,-0.053
274.21,0.416,0,0.481,0.580,1,0.000,0.000,0.000,0.000,0.000,0.000,-0.042,-0.058
274.41,0.457,0,0.481,0.580,1,0.000,0.000,0.000,0.000,0.000,0.000,-0.055,-0.077
274.61,0.471,0,0.481,0.580,1,0.000,0.000,0.000,0.000,0.000,0.000,-0.049,-0.062
274.81,0.471,0,0.481,0.580,1,0.000,0.000,0.000,0.000,0.000,0.000,-0.051,-0.056
275.01,0.471,0,0.481,0.580,1,0.000,0.000,0.000,0.000,0.000,0.000,-0.057,-0.068
275.21,0.470,0,0.481,0.580,1,0.000,0.000,0.000,0.000,0.000,0.000,-0.057,-0.070
275.41,0.467,0,0.481,0.580,1,0.000,0.000,0.000,0.000,0.000,0.000,-0.058,-0.065
275.61,0.467,0,0.481,0.580,1,0.000,0.000,0.000,0.000,0.000,0.000,-0.054,-0.058
275.81,0.465,0,0.481,0.580,1,0.000,0.000,0.000,0.000,0.000,0.000,-0.061,-0.060
276.01,0.465,0,0.481,0.580,1,0.000,0.000,0.000,0.000,0.000,0.000,-0.053,-0.066
276.21,0.465,0,0.481,0.581,1,0.000,0.000,0.000,0.000,0.000,0.000,-0.049,-0.066
276.41,0.465,0,0.481,0.581,1,0.000,0.000,0.000,0.000,0.000,0.000,-0.053,-0.069
276.61,0.465,0,0.481,0.581,1,0.000,0.000,0.000,0.000,0.000,0.000,-0.052,-0.064
276.81,0.465,0,0.481,0.580,1,0.000,0.000,0.000,0.000,0.000,0.000,-0.047,-0.065
277.01,0.465,0,0.481,0.580,1,0.000,0.000,0.000,0.000,0.000,0.000,-0.051,-0.069
277.21,0.464,0,0.481,0.580,1,0.000,0.000,0.000,0.000,0.000,0.000,-0.054,-0.063
277.41,0.464,0,0.481,0.580,1,0.000,0.000,0.000,0.000,0.000,0.000,-0.050,-0.058
277.61,0.465,0,0.481,0.580,1,0.000,0.000,0.000,0.000,0.000,0.000,-0.052,-0.067
277.81,0.465,0,0.481,0.580,1,0.000,0.000,0.000,0.000,0.000,0.000,-0.053,-0.068
278.01,0.465,0,0.481,0.580,1,0.000,0.000,0.000,0.000,0.000,0.000,-0.052,-0.066
278.21,0.465,0,0.481,0.580,1,0.000,0.000,0.000,0.000,0.000,0.000,-0.051,-0.060
278.41,0.465,0,0.481,0.580,1,0.000,0.000,0.000,0.000,0.000,0.000,-0.055,-0.067
278.61,0.465,0,0.481,0.580,1,0.000,0.000,0.000,0.000,0.000,0.000,-0.050,-0.070
278.81,0.465,0,0.481,0.580,1,0.000,0.000,0.000,0.000,0.000,0.000,-0.052,-0.061
279.01,0.465,0,0.481,0.580,1,0.000,0.000,0.000,0.000,0.000,0.000,-0.057,-0.063
279.21,0.465,0,0.481,0.580,1,0.000,0.000,0.000,0.000,0.000,0.000,-0.054,-0.067
279.41,0.465,0,0.481,0.580,1,0.000,0.000,0.000,0.000,0.000,0.000,-0.049,-0.068
279.61,0.465,0,0.481,0.580,1,0.000,0.000,0.000,0.000,0.000,0.000,-0.048,-0.064
279.81,0.465,0,0.481,0.580,1,0.000,0.000,0.000,0.000,0.000,0.000,-0.055,-0.066
280.01,0.464,0,0.481,0.580,1,0.000,0.000,0.000,0.000,0.000,0.000,-0.060,-0.067
280.21,0.466,0,0.481,0.580,1,0.000,0.000,0.000,0.000,0.000,0.000,-0.059,-0.063
280.41,0.464,0,0.481,0.580,1,0.000,0.000,0.000,0.000,0.000,0.000,-0.056,-0.061
280.61,0.464,0,0.481,0.580,1,0.000,0.000,0.000,0.000,0.000,0.000,-0.046,-0.069
280.81,0.463,0,0.481,0.580,1,0.000,0.000,0.000,0.000,0.000,0.000,-0.052,-0.071
281.01,0.464,0,0.481,0.580,1,0.000,0.000,0.000,0.000,0.000,0.000,-0.052,-0.067
281.21,0.463,0,0.481,0.580,1,0.000,0.000,0.000,0.000,0.000,0.000,-0.049,-0.063
281.41,0.464,0,0.481,0.580,1,0.000,0.000,0.000,0.000,0.000,0.000,-0.051,-0.062
281.61,0.466,0,0.481,0.580,1,0.000,0.000,0.000,0.000,0.000,0.000,-0.054,-0.067
281.81,0.463,0,0.481,0.580,1,0.000,0.000,0.000,0.000,0.000,0.000,-0.052,-0.070
282.01,0.463,0,0.481,0.580,1,0.000,0.000,0.000,0.000,0.000,0.000,-0.060,-0.062
282.21,0.463,0,0.481,0.580,1,0.000,0.000,0.000,0.000,0.000,0.000,-0.058,-0.062
282.41,0.461,0,0.481,0.580,1,0.000,0.000,0.000,0.000,0.000,0.000,-0.052,-0.069
282.61,0.461,0,0.481,0.580,1,0.000,0.000,0.000,0.000,0.000,0.000,-0.055,-0.069
282.81,0.461,0,0.481,0.580,1,0.000,0.000,0.000,0.000,0.000,0.000,-0.059,-0.063
283.01,0.460,0,0.481,0.580,1,0.000,0.000,0.000,0.000,0.000,0.000,-0.058,-0.061
283.21,0.460,0,0.481,0.580,1,0.000,0.000,0.000,0.000,0.000,0.000,-0.052,-0.064
283.41,0.461,0,0.481,0.580,1,0.000,0.000,0.000,0.000,0.000,0.000,-0.052,-0.063
283.61,0.465,0,0.481,0.580,1,0.000,0.000,0.000,0.000,0.000,0.000,-0.051,-0.068
283.81,0.471,0,0.481,0.581,1,0.000,0.000,0.000,0.000,0.000,0.000,-0.053,-0.067
284.01,0.471,0,0.481,0.581,1,0.000,0.000,0.000,0.000,0.000,0.000,-0.046,-0.056
284.21,0.471,0,0.481,0.581,1,0.000,0.000,0.000,0.000,0.000,0.000,-0.044,-0.059
284.41,0.415,0,0.481,0.581,1,0.000,0.000,0.000,0.000,0.000,0.000,-0.044,-0.079
284.61,0.377,0,0.481,0.581,1,0.000,0.000,0.000,0.000,0.000,0.000,-0.046,-0.072
284.81,0.328,0,0.481,0.581,1,0.000,0.000,0.000,0.000,0.000,0.000,-0.054,-0.058
285.01,0.331,0,0.481,0.581,1,0.000,0.000,0.000,0.000,0.000,0.000,-0.041,-0.056
285.21,0.337,0,0.481,0.581,1,0.000,0.000,0.000,0.000,0.000,0.000,-0.023,-0.052
285.41,0.325,0,0.481,0.581,1,0.000,0.000,0.000,0.000,0.000,0.000,-0.029,-0.048
285.61,0.331,0,0.481,0.581,1,0.000,0.000,0.000,0.000,0.000,0.000,-0.063,-0.057
285.81,0.329,0,0.481,0.581,1,0.000,0.000,0.000,0.000,0.000,0.000,-0.064,-0.070
286.01,0.333,0,0.481,0.581,1,0.000,0.000,0.000,0.000,0.000,0.000,-0.049,-0.070
286.21,0.358,0,0.481,0.581,1,0.000,0.000,0.000,0.000,0.000,0.000,-0.056,-0.065
286.41,0.347,0,0.481,0.581,1,0.000,0.000,0.000,0.000,0.000,0.000,-0.063,-0.064
286.61,0.347,0,0.481,0.581,1,0.000,0.000,0.000,0.000,0.000,0.000,-0.061,-0.074
286.81,0.346,0,0.481,0.580,1,0.000,0.000,0.000,0.000,0.000,0.000,-0.038,-0.063
287.01,0.352,0,0.481,0.580,1,0.000,0.000,0.000,0.000,0.000,0.000,-0.018,-0.045
287.21,0.348,0,0.481,0.580,1,0.000,0.000,0.000,0.000,0.000,0.000,-0.019,-0.049
287.41,0.329,0,0.481,0.580,1,0.000,0.000,0.000,0.000,0.000,0.000,-0.035,-0.060
287.61,0.324,0,0.481,0.580,1,0.000,0.000,0.000,0.000,0.000,0.000,-0.039,-0.059
287.81,0.313,0,0.481,0.580,1,0.000,0.000,0.000,0.000,0.000,0.000,-0.029,-0.057
288.01,0.308,0,0.481,0.580,1,0.000,0.000,0.000,0.000,0.000,0.000,-0.029,-0.054
288.21,0.323,0,0.481,0.580,1,0.000,0.000,0.000,0.000,0.000,0.000,-0.041,-0.062
288.41,0.321,0,0.481,0.580,1,0.000,0.000,0.000,0.000,0.000,0.000,-0.045,-0.066
288.61,0.321,0,0.481,0.580,1,0.000,0.000,0.000,0.000,0.000,0.000,-0.031,-0.058
288.81,0.322,0,0.481,0.580,1,0.000,0.000,0.000,0.000,0.000,0.000,-0.031,-0.056
289.01,0.321,0,0.481,0.580,1,0.000,0.000,0.000,0.000,0.000,0.000,-0.040,-0.059
289.21,0.321,0,0.481,0.580,1,0.000,0.000,0.000,0.000,0.000,0.000,-0.041,-0.062
289.41,0.320,0,0.481,0.580,1,0.000,0.000,0.000,0.000,0.000,0.000,-0.033,-0.062
289.61,0.321,0,0.481,0.580,1,0.000,0.000,0.000,0.000,0.000,0.000,-0.024,-0.060
289.81,0.323,0,0.481,0.580,1,0.000,0.000,0.000,0.000,0.000,0.000,-0.034,-0.060
290.01,0.321,0,0.481,0.580,1,0.000,0.000,0.000,0.000,0.000,0.000,-0.035,-0.057
290.21,0.319,0,0.481,0.581,1,0.000,0.000,0.000,0.000,0.000,0.000,-0.031,-0.058
290.41,0.322,0,0.481,0.581,1,0.000,0.000,0.000,0.000,0.000,0.000,-0.031,-0.058
290.61,0.320,0,0.481,0.581,1,0.000,0.000,0.000,0.000,0.000,0.000,-0.032,-0.060
290.81,0.320,0,0.481,0.580,1,0.000,0.000,0.000,0.000,0.000,0.000,-0.036,-0.059
291.01,0.318,0,0.481,0.580,1,0.000,0.000,0.000,0.000,0.000,0.000,-0.036,-0.057
291.21,0.318,0,0.481,0.580,1,0.000,0.000,0.000,0.000,0.000,0.000,-0.031,-0.062
291.41,0.322,0,0.481,0.580,1,0.000,0.000,0.000,0.000,0.000,0.000,-0.032,-0.064
291.61,0.321,0,0.481,0.580,1,0.000,0.000,0.000,0.000,0.000,0.000,-0.034,-0.061
291.81,0.320,0,0.481,0.581,1,0.000,0.000,0.000,0.000,0.000,0.000,-0.030,-0.059
292.01,0.318,0,0.481,0.581,1,0.000,0.000,0.000,0.000,0.000,0.000,-0.029,-0.059
292.21,0.317,0,0.481,0.581,1,0.000,0.000,0.000,0.000,0.000,0.000,-0.035,-0.058
292.41,0.317,0,0.481,0.581,1,0.000,0.000,0.000,0.000,0.000,0.000,-0.034,-0.062
292.61,0.319,0,0.481,0.581,1,0.000,0.000,0.000,0.000,0.000,0.000,-0.032,-0.064
292.81,0.317,0,0.481,0.580,1,0.000,0.000,0.000,0.000,0.000,0.000,-0.036,-0.064
293.01,0.319,0,0.481,0.580,1,0.000,0.000,0.000,0.000,0.000,0.000,-0.031,-0.061
293.21,0.317,0,0.481,0.580,1,0.000,0.000,0.000,0.000,0.000,0.000,-0.032,-0.056
293.41,0.319,0,0.481,0.580,1,0.000,0.000,0.000,0.000,0.000,0.000,-0.032,-0.061
293.61,0.320,0,0.481,0.580,1,0.000,0.000,0.000,0.000,0.000,0.000,-0.036,-0.065
293.81,0.320,0,0.481,0.580,1,0.000,0.000,0.000,0.000,0.000,0.000,-0.030,-0.061
294.01,0.318,0,0.481,0.580,1,0.000,0.000,0.000,0.000,0.000,0.000,-0.031,-0.058
294.21,0.317,0,0.481,0.580,1,0.000,0.000,0.000,0.000,0.000,0.000,-0.038,-0.065
294.41,0.319,0,0.481,0.580,1,0.000,0.000,0.000,0.000,0.000,0.000,-0.037,-0.067
294.61,0.317,0,0.481,0.580,1,0.000,0.000,0.000,0.000,0.000,0.000,-0.035,-0.062
294.81,0.318,0,0.481,0.581,1,0.000,0.000,0.000,0.000,0.000,0.000,-0.030,-0.057
295.01,0.317,0,0.481,0.581,1,0.000,0.000,0.000,0.000,0.000,0.000,-0.031,-0.057
295.21,0.317,0,0.481,0.580,1,0.000,0.000,0.000,0.000,0.000,0.000,-0.034,-0.063
295.41,0.317,0,0.481,0.580,1,0.000,0.000,0.000,0.000,0.000,0.000,-0.031,-0.065
295.61,0.318,0,0.481,0.580,1,0.000,0.000,0.000,0.000,0.000,0.000,-0.034,-0.062
295.81,0.318,0,0.481,0.581,1,0.000,0.000,0.000,0.000,0.000,0.000,-0.038,-0.060
296.01,0.317,0,0.481,0.581,1,0.000,0.000,0.000,0.000,0.000,0.000,-0.037,-0.062
296.21,0.318,0,0.481,0.580,1,0.000,0.000,0.000,0.000,0.000,0.000,-0.033,-0.062
296.41,0.317,0,0.481,0.580,1,0.000,0.000,0.000,0.000,0.000,0.000,-0.034,-0.062
296.61,0.319,0,0.481,0.580,1,0.000,0.000,0.000,0.000,0.000,0.000,-0.038,-0.061
296.81,0.323,0,0.481,0.580,1,0.000,0.000,0.000,0.000,0.000,0.000,-0.039,-0.059
297.01,0.317,0,0.481,0.580,1,0.000,0.000,0.000,0.000,0.000,0.000,-0.037,-0.059
297.21,0.318,0,0.481,0.580,1,0.000,0.000,0.000,0.000,0.000,0.000,-0.033,-0.058
297.41,0.317,0,0.481,0.580,1,0.000,0.000,0.000,0.000,0.000,0.000,-0.032,-0.062
297.61,0.319,0,0.481,0.580,1,0.000,0.000,0.000,0.000,0.000,0.000,-0.036,-0.062
297.81,0.317,0,0.481,0.580,1,0.000,0.000,0.000,0.000,0.000,0.000,-0.032,-0.062
298.01,0.317,0,0.481,0.580,1,0.000,0.000,0.000,0.000,0.000,0.000,-0.029,-0.061
298.21,0.318,0,0.481,0.580,1,0.000,0.000,0.000,0.000,0.000,0.000,-0.033,-0.061
298.41,0.317,0,0.481,0.580,1,0.000,0.000,0.000,0.000,0.000,0.000,-0.035,-0.063
298.61,0.317,0,0.481,0.580,1,0.000,0.000,0.000,0.000,0.000,0.000,-0.032,-0.065
298.81,0.322,0,0.481,0.580,1,0.000,0.000,0.000,0.000,0.000,0.000,-0.029,-0.066
299.01,0.322,0,0.481,0.580,1,0.000,0.000,0.000,0.000,0.000,0.000,-0.032,-0.062
299.21,0.317,0,0.481,0.581,1,0.000,0.000,0.000,0.000,0.000,0.000,-0.041,-0.060
299.41,0.318,0,0.481,0.581,1,0.000,0.000,0.000,0.000,0.000,0.000,-0.039,-0.065
299.61,0.317,0,0.481,0.581,1,0.000,0.000,0.000,0.000,0.000,0.000,-0.031,-0.066
299.81,0.317,0,0.481,0.581,1,0.000,0.000,0.000,0.000,0.000,0.000,-0.026,-0.058
300.01,0.318,0,0.481,0.581,1,0.000,0.000,0.000,0.000,0.000,0.000,-0.032,-0.055
300.21,0.317,0,0.481,0.581,1,0.000,0.000,0.000,0.000,0.000,0.000,-0.035,-0.063
300.41,0.321,0,0.481,0.581,1,0.000,0.000,0.000,0.000,0.000,0.000,-0.033,-0.065
300.61,0.318,0,0.481,0.581,1,0.000,0.000,0.000,0.000,0.000,0.000,-0.035,-0.065
300.81,0.319,0,0.481,0.580,1,0.000,0.000,0.000,0.000,0.000,0.000,-0.035,-0.065
301.01,0.322,0,0.481,0.580,1,0.000,0.000,0.000,0.000,0.000,0.000,-0.033,-0.062
301.21,0.314,0,0.481,0.580,1,0.000,0.000,0.000,0.000,0.000,0.000,-0.036,-0.063
301.41,0.308,0,0.481,0.580,1,0.000,0.000,0.000,0.000,0.000,0.000,-0.033,-0.058
301.61,0.312,0,0.481,0.580,1,0.000,0.000,0.000,0.000,0.000,0.000,-0.040,-0.063
301.81,0.311,0,0.481,0.580,1,0.000,0.000,0.000,0.000,0.000,0.000,-0.038,-0.065
302.01,0.318,0,0.481,0.580,1,0.000,0.000,0.000,0.000,0.000,0.000,-0.030,-0.060
302.21,0.324,0,0.481,0.581,1,0.000,0.000,0.000,0.000,0.000,0.000,-0.028,-0.055
302.41,0.323,0,0.481,0.581,1,0.000,0.000,0.000,0.000,0.000,0.000,-0.032,-0.061
302.61,0.324,0,0.481,0.581,1,0.000,0.000,0.000,0.000,0.000,0.000,-0.040,-0.063
302.81,0.324,0,0.481,0.581,1,0.000,0.000,0.000,0.000,0.000,0.000,-0.035,-0.063
303.01,0.323,0,0.481,0.581,1,0.000,0.000,0.000,0.000,0.000,0.000,-0.035,-0.060
303.21,0.323,0,0.481,0.580,1,0.000,0.000,0.000,0.000,0.000,0.000,-0.035,-0.062
303.41,0.323,0,0.481,0.580,1,0.000,0.000,0.000,0.000,0.000,0.000,-0.032,-0.063
303.61,0.322,0,0.481,0.580,1,0.000,0.000,0.000,0.000,0.000,0.000,-0.032,-0.057
303.81,0.322,0,0.481,0.580,1,0.000,0.000,0.000,0.000,0.000,0.000,-0.027,-0.063
304.01,0.322,0,0.481,0.580,1,0.000,0.000,0.000,0.000,0.000,0.000,-0.032,-0.066
304.21,0.322,0,0.481,0.580,1,0.000,0.000,0.000,0.000,0.000,0.000,-0.038,-0.057
304.41,0.321,0,0.481,0.580,1,0.000,0.000,0.000,0.000,0.000,0.000,-0.037,-0.062
304.61,0.322,0,0.481,0.580,1,0.000,0.000,0.000,0.000,0.000,0.000,-0.029,-0.066
304.81,0.322,0,0.481,0.580,1,0.000,0.000,0.000,0.000,0.000,0.000,-0.030,-0.061
305.01,0.322,0,0.481,0.580,1,0.000,0.000,0.000,0.000,0.000,0.000,-0.031,-0.058
305.21,0.322,0,0.481,0.581,1,0.000,0.000,0.000,0.000,0.000,0.000,-0.032,-0.059
305.41,0.352,0,0.481,0.581,1,0.000,0.000,0.000,0.000,0.000,0.000,-0.037,-0.056
305.61,0.433,0,0.481,0.581,1,0.000,0.000,0.000,0.000,0.000,0.000,-0.055,-0.067
305.81,0.471,0,0.481,0.580,1,0.000,0.000,0.000,0.000,0.000,0.000,-0.073,-0.074
306.01,0.471,0,0.481,0.580,1,0.000,0.000,0.000,0.000,0.000,0.000,-0.057,-0.072
306.21,0.471,0,0.481,0.580,1,0.000,0.000,0.000,0.000,0.000,0.000,-0.039,-0.073
306.41,0.471,0,0.481,0.580,1,0.000,0.000,0.000,0.000,0.000,0.000,-0.041,-0.073
306.61,0.471,0,0.481,0.580,1,0.000,0.000,0.000,0.000,0.000,0.000,-0.047,-0.070
306.81,0.471,0,0.481,0.580,1,0.000,0.000,0.000,0.000,0.000,0.000,-0.042,-0.074
307.01,0.471,0,0.481,0.580,1,0.000,0.000,0.000,0.000,0.000,0.000,-0.040,-0.074
307.21,0.471,0,0.481,0.580,1,0.000,0.000,0.000,0.000,0.000,0.000,-0.052,-0.064
307.41,0.471,0,0.481,0.580,1,0.000,0.000,0.000,0.000,0.000,0.000,-0.052,-0.065
307.61,0.471,0,0.481,0.580,1,0.000,0.000,0.000,0.000,0.000,0.000,-0.046,-0.072
307.81,0.471,0,0.481,0.580,1,0.000,0.000,0.000,0.000,0.000,0.000,-0.040,-0.082
308.01,0.471,0,0.481,0.580,1,0.000,0.000,0.000,0.000,0.000,0.000,-0.043,-0.076
308.21,0.471,0,0.481,0.580,1,0.000,0.000,0.000,0.000,0.000,0.000,-0.045,-0.072
308.41,0.471,0,0.481,0.580,1,0.000,0.000,0.000,0.000,0.000,0.000,-0.044,-0.076
308.61,0.471,0,0.481,0.580,1,0.000,0.000,0.000,0.000,0.000,0.000,-0.040,-0.071
308.81,0.471,0,0.481,0.580,1,0.000,0.000,0.000,0.000,0.000,0.000,-0.043,-0.072
309.01,0.471,0,0.481,0.580,1,0.000,0.000,0.000,0.000,0.000,0.000,-0.043,-0.075
309.21,0.471,0,0.481,0.580,1,0.000,0.000,0.000,0.000,0.000,0.000,-0.042,-0.081
309.41,0.471,0,0.481,0.580,1,0.000,0.000,0.000,0.000,0.000,0.000,-0.042,-0.082
309.61,0.471,0,0.481,0.580,1,0.000,0.000,0.000,0.000,0.000,0.000,-0.045,-0.077
309.81,0.471,0,0.481,0.580,1,0.000,0.000,0.000,0.000,0.000,0.000,-0.038,-0.078
310.01,0.471,0,0.481,0.580,1,0.000,0.000,0.000,0.000,0.000,0.000,-0.038,-0.079
310.21,0.471,0,0.481,0.580,1,0.000,0.000,0.000,0.000,0.000,0.000,-0.041,-0.077
310.41,0.471,0,0.481,0.580,1,0.000,0.000,0.000,0.000,0.000,0.000,-0.041,-0.076
310.61,0.471,0,0.481,0.580,1,0.000,0.000,0.000,0.000,0.000,0.000,-0.038,-0.079
310.81,0.471,0,0.481,0.581,1,0.000,0.000,0.000,0.000,0.000,0.000,-0.037,-0.077
311.01,0.471,0,0.481,0.581,1,0.000,0.000,0.000,0.000,0.000,0.000,-0.043,-0.076
311.21,0.471,0,0.481,0.580,1,0.000,0.000,0.000,0.000,0.000,0.000,-0.043,-0.075
311.41,0.471,0,0.481,0.580,1,0.000,0.000,0.000,0.000,0.000,0.000,-0.041,-0.075
311.61,0.471,0,0.481,0.580,1,0.000,0.000,0.000,0.000,0.000,0.000,-0.040,-0.074
311.81,0.471,0,0.481,0.580,1,0.000,0.000,0.000,0.000,0.000,0.000,-0.040,-0.074
312.01,0.471,0,0.481,0.580,1,0.000,0.000,0.000,0.000,0.000,0.000,-0.040,-0.075
312.21,0.471,0,0.481,0.580,1,0.000,0.000,0.000,0.000,0.000,0.000,-0.038,-0.084
312.41,0.471,0,0.481,0.580,1,0.000,0.000,0.000,0.000,0.000,0.000,-0.040,-0.086
312.61,0.471,0,0.481,0.580,1,0.000,0.000,0.000,0.000,0.000,0.000,-0.048,-0.075
312.81,0.471,0,0.481,0.580,1,0.000,0.000,0.000,0.000,0.000,0.000,-0.047,-0.072
313.01,0.471,0,0.481,0.580,1,0.000,0.000,0.000,0.000,0.000,0.000,-0.038,-0.074
313.21,0.471,0,0.481,0.580,1,0.000,0.000,0.000,0.000,0.000,0.000,-0.035,-0.075
313.41,0.471,0,0.481,0.580,1,0.000,0.000,0.000,0.000,0.000,0.000,-0.035,-0.069
313.61,0.471,0,0.481,0.580,1,0.000,0.000,0.000,0.000,0.000,0.000,-0.035,-0.068
313.81,0.471,0,0.481,0.580,1,0.000,0.000,0.000,0.000,0.000,0.000,-0.042,-0.076
314.01,0.471,0,0.481,0.580,1,0.000,0.000,0.000,0.000,0.000,0.000,-0.038,-0.072
314.21,0.471,0,0.481,0.581,1,0.000,0.000,0.000,0.000,0.000,0.000,-0.031,-0.070
314.41,0.471,0,0.481,0.581,1,0.000,0.000,0.000,0.000,0.000,0.000,-0.034,-0.073
314.61,0.471,0,0.481,0.581,1,0.000,0.000,0.000,0.000,0.000,0.000,-0.041,-0.076
314.81,0.471,0,0.481,0.580,1,0.000,0.000,0.000,0.000,0.000,0.000,-0.036,-0.073
315.01,0.471,0,0.481,0.580,1,0.000,0.000,0.000,0.000,0.000,0.000,-0.033,-0.073
315.21,0.471,0,0.481,0.580,1,0.000,0.000,0.000,0.000,0.000,0.000,-0.036,-0.074
315.41,0.471,0,0.481,0.580,1,0.000,0.000,0.000,0.000,0.000,0.000,-0.041,-0.073
315.61,0.471,0,0.481,0.580,1,0.000,0.000,0.000,0.000,0.000,0.000,-0.032,-0.073
315.81,0.471,0,0.481,0.580,1,0.000,0.000,0.000,0.000,0.000,0.000,-0.031,-0.071
316.01,0.471,0,0.481,0.580,1,0.000,0.000,0.000,0.000,0.000,0.000,-0.031,-0.075
316.21,0.471,0,0.481,0.581,1,0.000,0.000,0.000,0.000,0.000,0.000,-0.035,-0.076
316.41,0.471,0,0.481,0.581,1,0.000,0.000,0.000,0.000,0.000,0.000,-0.036,-0.072
316.61,0.471,0,0.481,0.581,1,0.000,0.000,0.000,0.000,0.000,0.000,-0.037,-0.073
316.81,0.471,0,0.481,0.580,1,0.000,0.000,0.000,0.000,0.000,0.000,-0.033,-0.076
317.01,0.471,0,0.481,0.580,1,0.000,0.000,0.000,0.000,0.000,0.000,-0.030,-0.070
317.21,0.471,0,0.481,0.580,1,0.000,0.000,0.000,0.000,0.000,0.000,-0.033,-0.068
317.41,0.471,0,0.481,0.580,1,0.000,0.000,0.000,0.000,0.000,0.000,-0.038,-0.072
317.61,0.471,0,0.481,0.580,1,0.000,0.000,0.000,0.000,0.000,0.000,-0.035,-0.074
317.81,0.471,0,0.481,0.581,1,0.000,0.000,0.000,0.000,0.000,0.000,-0.037,-0.078
318.01,0.471,0,0.481,0.581,1,0.000,0.000,0.000,0.000,0.000,0.000,-0.036,-0.077
318.21,0.471,0,0.481,0.580,1,0.000,0.000,0.000,0.000,0.000,0.000,-0.034,-0.068
318.41,0.471,0,0.481,0.580,1,0.000,0.000,0.000,0.000,0.000,0.000,-0.034,-0.068
318.61,0.471,0,0.481,0.580,1,0.000,0.000,0.000,0.000,0.000,0.000,-0.032,-0.074
318.81,0.471,0,0.481,0.581,1,0.000,0.000,0.000,0.000,0.000,0.000,-0.033,-0.078
319.01,0.471,0,0.481,0.581,1,0.000,0.000,0.000,0.000,0.000,0.000,-0.034,-0.075
319.21,0.471,0,0.481,0.580,1,0.000,0.000,0.000,0.000,0.000,0.000,-0.037,-0.076
319.41,0.471,0,0.481,0.580,1,0.000,0.000,0.000,0.000,0.000,0.000,-0.035,-0.075
319.61,0.471,0,0.481,0.580,1,0.000,0.000,0.000,0.000,0.000,0.000,-0.036,-0.076
319.81,0.471,0,0.481,0.580,1,0.000,0.000,0.000,0.000,0.000,0.000,-0.033,-0.072
320.01,0.471,0,0.481,0.580,1,0.000,0.000,0.000,0.000,0.000,0.000,-0.038,-0.073
320.21,0.471,0,0.481,0.580,1,0.000,0.000,0.000,0.000,0.000,0.000,-0.037,-0.076
320.41,0.471,0,0.481,0.580,1,0.000,0.000,0.000,0.000,0.000,0.000,-0.036,-0.068
320.61,0.471,0,0.481,0.580,1,0.000,0.000,0.000,0.000,0.000,0.000,-0.032,-0.071
320.81,0.471,0,0.481,0.580,1,0.000,0.000,0.000,0.000,0.000,0.000,-0.031,-0.079
321.01,0.471,0,0.481,0.580,1,0.000,0.000,0.000,0.000,0.000,0.000,-0.034,-0.071
321.21,0.471,0,0.481,0.580,1,0.000,0.000,0.000,0.000,0.000,0.000,-0.037,-0.070
321.41,0.471,0,0.481,0.580,1,0.000,0.000,0.000,0.000,0.000,0.000,-0.035,-0.075
321.61,0.471,0,0.481,0.580,1,0.000,0.000,0.000,0.000,0.000,0.000,-0.039,-0.079
321.81,0.471,0,0.481,0.580,1,0.000,0.000,0.000,0.000,0.000,0.000,-0.034,-0.077
322.01,0.471,0,0.481,0.580,1,0.000,0.000,0.000,0.000,0.000,0.000,-0.032,-0.071
322.21,0.471,0,0.481,0.580,1,0.000,0.000,0.000,0.000,0.000,0.000,-0.042,-0.074
322.41,0.471,0,0.481,0.580,1,0.000,0.000,0.000,0.000,0.000,0.000,-0.040,-0.076
322.61,0.471,0,0.481,0.580,1,0.000,0.000,0.000,0.000,0.000,0.000,-0.032,-0.077
322.81,0.471,0,0.481,0.580,1,0.000,0.000,0.000,0.000,0.000,0.000,-0.031,-0.077
323.01,0.471,0,0.481,0.580,1,0.000,0.000,0.000,0.000,0.000,0.000,-0.036,-0.077
323.21,0.471,0,0.481,0.581,1,0.000,0.000,0.000,0.000,0.000,0.000,-0.037,-0.070
323.41,0.471,0,0.481,0.581,1,0.000,0.000,0.000,0.000,0.000,0.000,-0.035,-0.074
323.61,0.471,0,0.481,0.581,1,0.000,0.000,0.000,0.000,0.000,0.000,-0.039,-0.078
323.81,0.471,0,0.481,0.580,1,0.000,0.000,0.000,0.000,0.000,0.000,-0.032,-0.075
324.01,0.471,0,0.481,0.580,1,0.000,0.000,0.000,0.000,0.000,0.000,-0.032,-0.071
324.21,0.471,0,0.481,0.581,1,0.000,0.000,0.000,0.000,0.000,0.000,-0.037,-0.074
324.41,0.471,0,0.481,0.581,1,0.000,0.000,0.000,0.000,0.000,0.000,-0.038,-0.078
324.61,0.471,0,0.481,0.581,1,0.000,0.000,0.000,0.000,0.000,0.000,-0.038,-0.075
324.81,0.471,0,0.481,0.580,1,0.000,0.000,0.000,0.000,0.000,0.000,-0.036,-0.074
325.01,0.471,0,0.481,0.580,1,0.000,0.000,0.000,0.000,0.000,0.000,-0.033,-0.079
325.21,0.471,0,0.481,0.580,1,0.000,0.000,0.000,0.000,0.000,0.000,-0.031,-0.074
325.41,0.471,0,0.481,0.580,1,0.000,0.000,0.000,0.000,0.000,0.000,-0.032,-0.070
325.61,0.471,0,0.481,0.580,1,0.000,0.000,0.000,0.000,0.000,0.000,-0.032,-0.069
325.81,0.471,0,0.481,0.580,1,0.000,0.000,0.000,0.000,0.000,0.000,-0.046,-0.075
326.01,0.471,0,0.481,0.580,1,0.000,0.000,0.000,0.000,0.000,0.000,-0.043,-0.075
326.21,0.471,0,0.481,0.580,1,0.000,0.000,0.000,0.000,0.000,0.000,-0.030,-0.076
326.41,0.471,0,0.481,0.580,1,0.000,0.000,0.000,0.000,0.000,0.000,-0.029,-0.077
326.61,0.471,0,0.481,0.580,1,0.000,0.000,0.000,0.000,0.000,0.000,-0.035,-0.072
326.81,0.471,0,0.481,0.580,1,0.000,0.000,0.000,0.000,0.000,0.000,-0.047,-0.076
327.01,0.471,0,0.481,0.580,1,0.000,0.000,0.000,0.000,0.000,0.000,-0.042,-0.082
327.21,0.471,0,0.481,0.580,1,0.000,0.000,0.000,0.000,0.000,0.000,-0.041,-0.083
327.41,0.471,0,0.481,0.580,1,0.000,0.000,0.000,0.000,0.000,0.000,-0.044,-0.079
327.61,0.471,0,0.481,0.580,1,0.000,0.000,0.000,0.000,0.000,0.000,-0.039,-0.073
327.81,0.471,0,0.481,0.581,1,0.000,0.000,0.000,0.000,0.000,0.000,-0.036,-0.075
328.01,0.471,0,0.481,0.581,1,0.000,0.000,0.000,0.000,0.000,0.000,-0.035,-0.077
328.21,0.471,0,0.481,0.581,1,0.000,0.000,0.000,0.000,0.000,0.000,-0.039,-0.077
328.41,0.471,0,0.481,0.581,1,0.000,0.000,0.000,0.000,0.000,0.000,-0.041,-0.072
328.61,0.471,0,0.481,0.581,1,0.000,0.000,0.000,0.000,0.000,0.000,-0.037,-0.073
328.81,0.471,0,0.481,0.581,1,0.000,0.000,0.000,0.000,0.000,0.000,-0.037,-0.076
329.01,0.471,0,0.481,0.581,1,0.000,0.000,0.000,0.000,0.000,0.000,-0.040,-0.076
329.21,0.471,0,0.481,0.580,1,0.000,0.000,0.000,0.000,0.000,0.000,-0.041,-0.074
329.41,0.471,0,0.481,0.580,1,0.000,0.000,0.000,0.000,0.000,0.000,-0.038,-0.075
329.61,0.471,0,0.481,0.580,1,0.000,0.000,0.000,0.000,0.000,0.000,-0.035,-0.077
329.81,0.471,0,0.481,0.580,1,0.000,0.000,0.000,0.000,0.000,0.000,-0.046,-0.082
330.01,0.471,0,0.481,0.580,1,0.000,0.000,0.000,0.000,0.000,0.000,-0.043,-0.081
330.21,0.471,0,0.481,0.580,1,0.000,0.000,0.000,0.000,0.000,0.000,-0.035,-0.075
330.41,0.471,0,0.481,0.580,1,0.000,0.000,0.000,0.000,0.000,0.000,-0.037,-0.074
330.61,0.471,0,0.481,0.580,1,0.000,0.000,0.000,0.000,0.000,0.000,-0.039,-0.080
330.81,0.471,0,0.481,0.580,1,0.000,0.000,0.000,0.000,0.000,0.000,-0.039,-0.080
331.01,0.471,0,0.481,0.580,1,0.000,0.000,0.000,0.000,0.000,0.000,-0.036,-0.074
331.21,0.471,0,0.481,0.580,1,0.000,0.000,0.000,0.000,0.000,0.000,-0.035,-0.070
331.41,0.471,0,0.481,0.580,1,0.000,0.000,0.000,0.000,0.000,0.000,-0.035,-0.077
331.61,0.471,0,0.481,0.580,1,0.000,0.000,0.000,0.000,0.000,0.000,-0.036,-0.075
331.81,0.471,0,0.481,0.580,1,0.000,0.000,0.000,0.000,0.000,0.000,-0.035,-0.073
332.01,0.471,0,0.481,0.580,1,0.000,0.000,0.000,0.000,0.000,0.000,-0.041,-0.074
332.21,0.471,0,0.481,0.580,1,0.000,0.000,0.000,0.000,0.000,0.000,-0.041,-0.075
332.41,0.471,0,0.481,0.580,1,0.000,0.000,0.000,0.000,0.000,0.000,-0.040,-0.075
332.61,0.471,0,0.481,0.580,1,0.000,0.000,0.000,0.000,0.000,0.000,-0.041,-0.075
332.81,0.471,0,0.481,0.580,1,0.000,0.000,0.000,0.000,0.000,0.000,-0.038,-0.073
333.01,0.471,0,0.481,0.580,1,0.000,0.000,0.000,0.000,0.000,0.000,-0.037,-0.080
333.21,0.471,0,0.481,0.580,1,0.000,0.000,0.000,0.000,0.000,0.000,-0.037,-0.078
333.41,0.471,0,0.481,0.580,1,0.000,0.000,0.000,0.000,0.000,0.000,-0.039,-0.074
333.61,0.471,0,0.481,0.580,1,0.000,0.000,0.000,0.000,0.000,0.000,-0.041,-0.077
333.81,0.471,0,0.481,0.580,1,0.000,0.000,0.000,0.000,0.000,0.000,-0.034,-0.078
334.01,0.471,0,0.481,0.580,1,0.000,0.000,0.000,0.000,0.000,0.000,-0.041,-0.077
334.21,0.471,0,0.481,0.581,1,0.000,0.000,0.000,0.000,0.000,0.000,-0.040,-0.076
334.41,0.471,0,0.481,0.581,1,0.000,0.000,0.000,0.000,0.000,0.000,-0.037,-0.077
334.61,0.471,0,0.481,0.581,1,0.000,0.000,0.000,0.000,0.000,0.000,-0.039,-0.075
334.81,0.471,0,0.481,0.580,1,0.000,0.000,0.000,0.000,0.000,0.000,-0.041,-0.075
335.01,0.471,0,0.481,0.580,1,0.000,0.000,0.000,0.000,0.000,0.000,-0.044,-0.076
335.21,0.471,0,0.481,0.580,1,0.000,0.000,0.000,0.000,0.000,0.000,-0.041,-0.078
335.41,0.471,0,0.481,0.580,1,0.000,0.000,0.000,0.000,0.000,0.000,-0.036,-0.080
335.61,0.471,0,0.481,0.580,1,0.000,0.000,0.000,0.000,0.000,0.000,-0.034,-0.079
335.81,0.471,0,0.481,0.580,1,0.000,0.000,0.000,0.000,0.000,0.000,-0.041,-0.078
336.01,0.471,0,0.481,0.580,1,0.000,0.000,0.000,0.000,0.000,0.000,-0.045,-0.073
336.21,0.471,0,0.481,0.580,1,0.000,0.000,0.000,0.000,0.000,0.000,-0.038,-0.071
336.41,0.471,0,0.481,0.580,1,0.000,0.000,0.000,0.000,0.000,0.000,-0.042,-0.074
336.61,0.471,0,0.481,0.580,1,0.000,0.000,0.000,0.000,0.000,0.000,-0.044,-0.077
336.81,0.471,0,0.481,0.580,1,0.000,0.000,0.000,0.000,0.000,0.000,-0.037,-0.075
337.01,0.471,0,0.481,0.580,1,0.000,0.000,0.000,0.000,0.000,0.000,-0.033,-0.079
337.21,0.471,0,0.481,0.581,1,0.000,0.000,0.000,0.000,0.000,0.000,-0.039,-0.084
337.41,0.471,0,0.481,0.581,1,0.000,0.000,0.000,0.000,0.000,0.000,-0.040,-0.078
337.61,0.471,0,0.481,0.581,1,0.000,0.000,0.000,0.000,0.000,0.000,-0.035,-0.070
337.81,0.471,0,0.481,0.580,1,0.000,0.000,0.000,0.000,0.000,0.000,-0.033,-0.074
338.01,0.471,0,0.481,0.580,1,0.000,0.000,0.000,0.000,0.000,0.000,-0.044,-0.082
338.21,0.471,0,0.481,0.580,1,0.000,0.000,0.000,0.000,0.000,0.000,-0.043,-0.082
338.41,0.471,0,0.481,0.580,1,0.000,0.000,0.000,0.000,0.000,0.000,-0.036,-0.077
338.61,0.471,0,0.481,0.580,1,0.000,0.000,0.000,0.000,0.000,0.000,-0.041,-0.077
338.81,0.471,0,0.481,0.580,1,0.000,0.000,0.000,0.000,0.000,0.000,-0.042,-0.078
339.01,0.471,0,0.481,0.580,1,0.000,0.000,0.000,0.000,0.000,0.000,-0.033,-0.077
339.21,0.471,0,0.481,0.581,1,0.000,0.000,0.000,0.000,0.000,0.000,-0.033,-0.079
339.41,0.471,0,0.481,0.581,1,0.000,0.000,0.000,0.000,0.000,0.000,-0.035,-0.079
339.61,0.471,0,0.481,0.581,1,0.000,0.000,0.000,0.000,0.000,0.000,-0.041,-0.071
339.81,0.471,0,0.481,0.580,1,0.000,0.000,0.000,0.000,0.000,0.000,-0.047,-0.072
340.01,0.471,0,0.481,0.580,1,0.000,0.000,0.000,0.000,0.000,0.000,-0.039,-0.075
340.21,0.471,0,0.481,0.580,1,0.000,0.000,0.000,0.000,0.000,0.000,-0.035,-0.085
340.41,0.471,0,0.481,0.580,1,0.000,0.000,0.000,0.000,0.000,0.000,-0.037,-0.079
340.61,0.471,0,0.481,0.580,1,0.000,0.000,0.000,0.000,0.000,0.000,-0.043,-0.067
340.81,0.471,0,0.481,0.580,1,0.000,0.000,0.000,0.000,0.000,0.000,-0.041,-0.071
341.01,0.471,0,0.481,0.580,1,0.000,0.000,0.000,0.000,0.000,0.000,-0.039,-0.084
341.21,0.471,0,0.481,0.580,1,0.000,0.000,0.000,0.000,0.000,0.000,-0.036,-0.084
341.41,0.471,0,0.481,0.580,1,0.000,0.000,0.000,0.000,0.000,0.000,-0.040,-0.070
341.61,0.471,0,0.481,0.580,1,0.000,0.000,0.000,0.000,0.000,0.000,-0.039,-0.073
341.81,0.471,0,0.481,0.581,1,0.000,0.000,0.000,0.000,0.000,0.000,-0.038,-0.079
342.01,0.471,0,0.481,0.581,1,0.000,0.000,0.000,0.000,0.000,0.000,-0.038,-0.072
342.21,0.471,0,0.481,0.580,1,0.000,0.000,0.000,0.000,0.000,0.000,-0.041,-0.070
342.41,0.471,0,0.481,0.580,1,0.000,0.000,0.000,0.000,0.000,0.000,-0.039,-0.073
342.61,0.471,0,0.481,0.580,1,0.000,0.000,0.000,0.000,0.000,0.000,-0.038,-0.076
342.81,0.471,0,0.481,0.580,1,0.000,0.000,0.000,0.000,0.000,0.000,-0.040,-0.077
343.01,0.471,0,0.481,0.580,1,0.000,0.000,0.000,0.000,0.000,0.000,-0.052,-0.078
343.21,0.471,0,0.481,0.581,1,0.000,0.000,0.000,0.000,0.000,0.000,-0.052,-0.077
343.41,0.471,0,0.481,0.581,1,0.000,0.000,0.000,0.000,0.000,0.000,-0.051,-0.078
343.61,0.471,0,0.481,0.581,1,0.000,0.000,0.000,0.000,0.000,0.000,-0.053,-0.077
343.81,0.471,0,0.481,0.580,1,0.000,0.000,0.000,0.000,0.000,0.000,-0.050,-0.076
344.01,0.471,0,0.481,0.580,1,0.000,0.000,0.000,0.000,0.000,0.000,-0.053,-0.073
344.21,0.471,0,0.481,0.579,1,0.000,0.000,0.000,0.000,0.000,0.000,-0.050,-0.071
344.41,0.471,0,0.481,0.579,1,0.000,0.000,0.000,0.000,0.000,0.000,-0.044,-0.066
344.61,0.471,0,0.481,0.579,1,0.000,0.000,0.000,0.000,0.000,0.000,-0.051,-0.070
344.81,0.471,0,0.481,0.580,1,0.000,0.000,0.000,0.000,0.000,0.000,-0.048,-0.069
345.01,0.471,0,0.481,0.580,1,0.000,0.000,0.000,0.000,0.000,0.000,-0.041,-0.074
345.21,0.471,0,0.481,0.580,1,0.000,0.000,0.000,0.000,0.000,0.000,-0.043,-0.078
345.41,0.471,0,0.481,0.580,1,0.000,0.000,0.000,0.000,0.000,0.000,-0.046,-0.080
345.61,0.471,0,0.481,0.580,1,0.000,0.000,0.000,0.000,0.000,0.000,-0.047,-0.073
345.81,0.471,0,0.481,0.580,1,0.000,0.000,0.000,0.000,0.000,0.000,-0.043,-0.073
346.01,0.471,0,0.481,0.580,1,0.000,0.000,0.000,0.000,0.000,0.000,-0.034,-0.077
346.21,0.471,0,0.481,0.580,1,0.000,0.000,0.000,0.000,0.000,0.000,-0.033,-0.078
346.41,0.471,0,0.481,0.580,1,0.000,0.000,0.000,0.000,0.000,0.000,-0.026,-0.070
346.61,0.471,0,0.481,0.580,1,0.000,0.000,0.000,0.000,0.000,0.000,-0.029,-0.067
346.81,0.471,0,0.481,0.580,1,0.000,0.000,0.000,0.000,0.000,0.000,-0.044,-0.073
347.01,0.470,0,0.481,0.580,1,0.000,0.000,0.000,0.000,0.000,0.000,-0.038,-0.077
347.21,0.471,0,0.481,0.580,1,0.000,0.000,0.000,0.000,0.000,0.000,-0.029,-0.075
347.41,0.471,0,0.481,0.580,1,0.000,0.000,0.000,0.000,0.000,0.000,-0.036,-0.069
347.61,0.471,0,0.481,0.580,1,0.000,0.000,0.000,0.000,0.000,0.000,-0.041,-0.068
347.81,0.471,0,0.481,0.581,1,0.000,0.000,0.000,0.000,0.000,0.000,-0.041,-0.076
348.01,0.471,0,0.481,0.581,1,0.000,0.000,0.000,0.000,0.000,0.000,-0.039,-0.077
348.21,0.471,0,0.481,0.580,1,0.000,0.000,0.000,0.000,0.000,0.000,-0.035,-0.076
348.41,0.471,0,0.481,0.580,1,0.000,0.000,0.000,0.000,0.000,0.000,-0.030,-0.070
348.61,0.471,0,0.481,0.580,1,0.000,0.000,0.000,0.000,0.000,0.000,-0.029,-0.065
348.81,0.471,0,0.481,0.580,1,0.000,0.000,0.000,0.000,0.000,0.000,-0.029,-0.068
349.01,0.471,0,0.481,0.580,1,0.000,0.000,0.000,0.000,0.000,0.000,-0.034,-0.073
349.21,0.471,0,0.481,0.580,1,0.000,0.000,0.000,0.000,0.000,0.000,-0.038,-0.076
349.41,0.471,0,0.481,0.580,1,0.000,0.000,0.000,0.000,0.000,0.000,-0.043,-0.079
349.61,0.471,0,0.481,0.580,1,0.000,0.000,0.000,0.000,0.000,0.000,-0.047,-0.080
349.81,0.471,0,0.481,0.581,1,0.000,0.000,0.000,0.000,0.000,0.000,-0.038,-0.079
350.01,0.471,0,0.481,0.581,1,0.000,0.000,0.000,0.000,0.000,0.000,-0.032,-0.073
350.21,0.471,0,0.481,0.580,1,0.000,0.000,0.000,0.000,0.000,0.000,-0.033,-0.071
350.41,0.471,0,0.481,0.580,1,0.000,0.000,0.000,0.000,0.000,0.000,-0.037,-0.073
350.61,0.471,0,0.481,0.580,1,0.000,0.000,0.000,0.000,0.000,0.000,-0.039,-0.074
350.81,0.471,0,0.481,0.580,1,0.000,0.000,0.000,0.000,0.000,0.000,-0.037,-0.071
351.01,0.471,0,0.481,0.580,1,0.000,0.000,0.000,0.000,0.000,0.000,-0.031,-0.068
351.21,0.471,0,0.481,0.580,1,0.000,0.000,0.000,0.000,0.000,0.000,-0.036,-0.076
351.41,0.471,0,0.481,0.580,1,0.000,0.000,0.000,0.000,0.000,0.000,-0.037,-0.078
351.61,0.471,0,0.481,0.580,1,0.000,0.000,0.000,0.000,0.000,0.000,-0.028,-0.059
351.81,0.471,0,0.481,0.580,1,0.000,0.000,0.000,0.000,0.000,0.000,-0.028,-0.053
352.01,0.471,0,0.481,0.580,1,0.000,0.000,0.000,0.000,0.000,0.000,-0.034,-0.061
352.21,0.471,0,0.481,0.580,1,0.000,0.000,0.000,0.000,0.000,0.000,-0.032,-0.066
352.41,0.471,0,0.481,0.580,1,0.000,0.000,0.000,0.000,0.000,0.000,-0.030,-0.064
352.61,0.471,0,0.481,0.580,1,0.000,0.000,0.000,0.000,0.000,0.000,-0.039,-0.067
352.81,0.471,0,0.481,0.581,1,0.000,0.000,0.000,0.000,0.000,0.000,-0.040,-0.076
353.01,0.471,0,0.481,0.581,1,0.000,0.000,0.000,0.000,0.000,0.000,-0.032,-0.078
353.21,0.471,0,0.481,0.580,1,0.000,0.000,0.000,0.000,0.000,0.000,-0.026,-0.066
353.41,0.471,0,0.481,0.580,1,0.000,0.000,0.000,0.000,0.000,0.000,-0.028,-0.070
353.61,0.471,0,0.481,0.580,1,0.000,0.000,0.000,0.000,0.000,0.000,-0.038,-0.079
353.81,0.471,0,0.481,0.581,1,0.000,0.000,0.000,0.000,0.000,0.000,-0.031,-0.086
354.01,0.471,0,0.481,0.581,1,0.000,0.000,0.000,0.000,0.000,0.000,-0.024,-0.084
354.21,0.471,0,0.481,0.580,1,0.000,0.000,0.000,0.000,0.000,0.000,-0.028,-0.073
354.41,0.471,0,0.481,0.580,1,0.000,0.000,0.000,0.000,0.000,0.000,-0.031,-0.068
354.61,0.471,0,0.481,0.580,1,0.000,0.000,0.000,0.000,0.000,0.000,-0.029,-0.061
354.81,0.471,0,0.481,0.580,1,0.000,0.000,0.000,0.000,0.000,0.000,-0.027,-0.063
355.01,0.471,0,0.481,0.580,1,0.000,0.000,0.000,0.000,0.000,0.000,-0.028,-0.074
355.21,0.471,0,0.481,0.580,1,0.000,0.000,0.000,0.000,0.000,0.000,-0.037,-0.071
355.41,0.471,0,0.481,0.580,1,0.000,0.000,0.000,0.000,0.000,0.000,-0.039,-0.060
355.61,0.471,0,0.481,0.580,1,0.000,0.000,0.000,0.000,0.000,0.000,-0.031,-0.053
355.81,0.471,0,0.481,0.580,1,0.000,0.000,0.000,0.000,0.000,0.000,-0.029,-0.061
356.01,0.471,0,0.481,0.580,1,0.000,0.000,0.000,0.000,0.000,0.000,-0.036,-0.063
356.21,0.471,0,0.481,0.579,1,0.000,0.000,0.000,0.000,0.000,0.000,-0.037,-0.068
356.41,0.471,0,0.481,0.579,1,0.000,0.000,0.000,0.000,0.000,0.000,-0.034,-0.067
356.61,0.471,0,0.481,0.579,1,0.000,0.000,0.000,0.000,0.000,0.000,-0.030,-0.061
356.81,0.471,0,0.481,0.580,1,0.000,0.000,0.000,0.000,0.000,0.000,-0.036,-0.068
357.01,0.471,0,0.481,0.580,1,0.000,0.000,0.000,0.000,0.000,0.000,-0.041,-0.070
357.21,0.471,0,0.481,0.580,1,0.000,0.000,0.000,0.000,0.000,0.000,-0.033,-0.063
357.41,0.471,0,0.481,0.580,1,0.000,0.000,0.000,0.000,0.000,0.000,-0.027,-0.063
357.61,0.471,0,0.481,0.580,1,0.000,0.000,0.000,0.000,0.000,0.000,-0.034,-0.065
357.81,0.471,0,0.481,0.580,1,0.000,0.000,0.000,0.000,0.000,0.000,-0.034,-0.067
358.01,0.471,0,0.481,0.580,1,0.000,0.000,0.000,0.000,0.000,0.000,-0.032,-0.065
358.21,0.471,0,0.481,0.580,1,0.000,0.000,0.000,0.000,0.000,0.000,-0.032,-0.060
358.41,0.471,0,0.481,0.580,1,0.000,0.000,0.000,0.000,0.000,0.000,-0.033,-0.063
358.61,0.471,0,0.481,0.580,1,0.000,0.000,0.000,0.000,0.000,0.000,-0.032,-0.066
358.81,0.471,0,0.481,0.580,1,0.000,0.000,0.000,0.000,0.000,0.000,-0.032,-0.069
359.01,0.471,0,0.481,0.580,1,0.000,0.000,0.000,0.000,0.000,0.000,-0.035,-0.066
359.21,0.471,0,0.481,0.580,1,0.000,0.000,0.000,0.000,0.000,0.000,-0.038,-0.064
359.41,0.471,0,0.481,0.580,1,0.000,0.000,0.000,0.000,0.000,0.000,-0.029,-0.065
359.61,0.471,0,0.481,0.580,1,0.000,0.000,0.000,0.000,0.000,0.000,-0.029,-0.065
359.81,0.471,0,0.481,0.580,1,0.000,0.000,0.000,0.000,0.000,0.000,-0.033,-0.069
360.01,0.471,0,0.481,0.580,1,0.000,0.000,0.000,0.000,0.000,0.000,-0.032,-0.067
360.21,0.471,0,0.481,0.581,1,0.000,0.000,0.000,0.000,0.000,0.000,-0.030,-0.062
360.41,0.471,0,0.481,0.581,1,0.000,0.000,0.000,0.000,0.000,0.000,-0.034,-0.062
