t,min_range,blocked,lidar_range,camera_range,agree,cmd_in_vx,cmd_in_vy,cmd_in_wz,cmd_out_vx,cmd_out_vy,cmd_out_wz,odom_x,odom_y
0.21,nan,0,nan,nan,0,0.000,0.000,0.000,0.000,0.000,0.000,0.000,0.000
0.41,nan,0,nan,nan,0,0.000,0.000,0.000,0.000,0.000,0.000,0.000,0.000
0.61,nan,0,nan,nan,0,0.000,0.000,0.000,0.000,0.000,0.000,0.000,0.000
0.81,nan,0,nan,nan,0,0.000,0.000,0.000,0.000,0.000,0.000,0.000,0.000
1.01,nan,0,nan,nan,0,0.000,0.000,0.000,0.000,0.000,0.000,0.000,0.000
1.21,nan,0,nan,nan,0,0.000,0.000,0.000,0.000,0.000,0.000,0.000,0.000
1.41,nan,0,nan,nan,0,0.000,0.000,0.000,0.000,0.000,0.000,0.000,0.000
1.61,nan,0,nan,nan,0,0.000,0.000,0.000,0.000,0.000,0.000,0.000,0.000
1.81,nan,0,nan,nan,0,0.000,0.000,0.000,0.000,0.000,0.000,0.000,0.000
2.01,0.107,0,nan,nan,0,0.000,0.000,0.000,0.000,0.000,0.000,0.000,0.000
2.21,0.107,0,nan,nan,0,0.000,0.000,0.000,0.000,0.000,0.000,0.000,0.000
2.41,0.107,0,nan,nan,0,0.000,0.000,0.000,0.000,0.000,0.000,0.000,0.000
2.61,0.107,0,nan,nan,0,0.000,0.000,0.000,0.000,0.000,0.000,0.000,0.000
2.81,0.107,0,nan,nan,0,0.000,0.000,0.000,0.000,0.000,0.000,0.000,0.000
3.01,0.105,0,nan,nan,0,0.000,0.000,0.000,0.000,0.000,0.000,0.000,0.000
3.21,0.105,0,nan,nan,0,0.000,0.000,0.000,0.000,0.000,0.000,0.003,-0.003
3.41,0.105,0,nan,nan,0,0.000,0.000,0.000,0.000,0.000,0.000,0.008,-0.001
3.61,0.105,0,0.750,0.648,1,0.000,0.000,0.000,0.000,0.000,0.000,0.005,0.002
3.81,0.105,0,0.750,0.648,1,0.000,0.000,0.000,0.000,0.000,0.000,0.005,0.002
4.01,0.108,0,0.653,0.647,1,0.000,0.000,0.000,0.000,0.000,0.000,-0.000,-0.001
4.21,0.105,0,0.653,0.647,1,0.000,0.000,0.000,0.000,0.000,0.000,0.001,-0.002
4.41,0.108,0,0.653,0.647,1,0.000,0.000,0.000,0.000,0.000,0.000,0.002,0.001
4.61,0.108,0,0.695,0.648,1,0.000,0.000,0.000,0.000,0.000,0.000,0.003,-0.001
4.81,0.105,0,0.695,0.648,1,0.000,0.000,0.000,0.000,0.000,0.000,0.003,-0.001
5.01,0.105,0,0.767,0.649,1,0.000,0.000,0.000,0.000,0.000,0.000,0.002,-0.001
5.21,0.105,0,0.767,0.649,1,0.000,0.000,0.000,0.000,0.000,0.000,0.007,0.001
5.41,0.105,0,0.767,0.649,1,0.000,0.000,0.000,0.000,0.000,0.000,0.012,0.002
5.61,0.107,0,0.618,0.647,1,0.000,0.000,0.000,0.000,0.000,0.000,0.003,0.001
5.81,0.105,0,0.618,0.647,1,0.000,0.000,0.000,0.000,0.000,0.000,0.003,0.001
6.01,0.105,0,0.625,0.649,1,0.000,0.000,0.000,0.000,0.000,0.000,0.002,-0.002
6.21,0.106,0,0.625,0.649,1,0.000,0.000,0.000,0.000,0.000,0.000,-0.020,-0.010
6.41,0.106,0,0.625,0.649,1,0.000,0.000,0.000,0.000,0.000,0.000,-0.050,-0.026
6.61,0.105,0,1.147,0.646,0,0.000,0.000,0.000,0.000,0.000,0.000,-0.050,-0.026
6.81,0.105,0,1.147,0.646,0,0.000,0.000,0.000,0.000,0.000,0.000,-0.059,-0.035
7.01,0.107,0,1.132,1.099,1,0.000,0.000,0.000,0.000,0.000,0.000,-0.042,-0.026
7.21,0.105,0,1.132,1.099,1,0.000,0.000,0.000,0.000,0.000,0.000,-0.024,-0.036
7.41,0.105,0,1.132,1.099,1,0.000,0.000,0.000,0.000,0.000,0.000,-0.026,-0.045
7.61,0.393,0,0.558,1.082,0,0.000,0.000,0.000,0.000,0.000,0.000,-0.026,-0.045
7.81,0.394,0,0.558,1.082,0,0.000,0.000,0.000,0.000,0.000,0.000,-0.032,-0.052
8.01,0.394,0,0.548,0.480,1,0.000,0.000,0.000,0.000,0.000,0.000,-0.022,-0.056
8.21,0.395,0,0.548,0.480,1,0.000,0.000,0.000,0.000,0.000,0.000,-0.011,-0.056
8.41,0.395,0,0.548,0.480,1,0.000,0.000,0.000,0.000,0.000,0.000,0.007,-0.040
8.61,0.107,0,0.477,0.484,1,0.000,0.000,0.000,0.000,0.000,0.000,0.007,-0.040
8.81,0.386,0,0.477,0.484,1,0.000,0.000,0.000,0.000,0.000,0.000,0.007,-0.040
9.01,0.372,0,1.114,1.093,1,0.000,0.000,0.000,0.000,0.000,0.000,0.007,-0.040
9.21,0.372,0,1.114,1.093,1,0.000,0.000,0.000,0.000,0.000,0.000,0.007,-0.040
9.41,0.105,0,1.114,1.093,1,0.000,0.000,0.000,0.000,0.000,0.000,0.007,-0.040
9.61,0.107,0,1.128,0.619,0,0.000,0.000,0.000,0.000,0.000,0.000,0.007,-0.040
9.81,0.106,0,1.128,0.619,0,0.000,0.000,0.000,0.000,0.000,0.000,0.007,-0.040
10.01,0.108,0,1.119,0.619,0,0.000,0.000,0.000,0.000,0.000,0.000,0.007,-0.040
10.21,0.108,0,1.119,0.619,0,0.000,0.000,0.000,0.000,0.000,0.000,0.014,-0.051
10.41,0.105,0,1.119,0.619,0,0.000,0.000,0.000,0.000,0.000,0.000,0.014,-0.051
10.61,0.108,0,1.114,0.619,0,0.000,0.000,0.000,0.000,0.000,0.000,0.007,-0.044
10.81,0.106,0,1.114,0.619,0,0.000,0.000,0.000,0.000,0.000,0.000,0.010,-0.046
11.01,0.105,0,1.116,0.620,0,0.000,0.000,0.000,0.000,0.000,0.000,0.008,-0.042
11.21,0.105,0,1.116,0.620,0,0.000,0.000,0.000,0.000,0.000,0.000,0.008,-0.042
11.41,0.105,0,1.116,0.620,0,0.000,0.000,0.000,0.000,0.000,0.000,0.008,-0.042
11.61,0.105,0,1.118,0.620,0,0.000,0.000,0.000,0.000,0.000,0.000,0.006,-0.042
11.81,0.105,0,1.118,0.620,0,0.000,0.000,0.000,0.000,0.000,0.000,0.005,-0.043
12.01,0.105,0,1.119,0.620,0,0.000,0.000,0.000,0.000,0.000,0.000,0.005,-0.044
12.21,0.106,0,1.119,0.620,0,0.000,0.000,0.000,0.000,0.000,0.000,0.008,-0.040
12.41,0.105,0,1.119,0.620,0,0.000,0.000,0.000,0.000,0.000,0.000,0.008,-0.040
12.61,0.105,0,1.123,0.619,0,0.000,0.000,0.000,0.000,0.000,0.000,0.006,-0.039
12.81,0.107,0,1.123,0.619,0,0.000,0.000,0.000,0.000,0.000,0.000,0.008,-0.043
13.01,0.107,0,1.130,0.620,0,0.000,0.000,0.000,0.000,0.000,0.000,0.002,-0.045
13.21,0.107,0,1.130,0.620,0,0.000,0.000,0.000,0.000,0.000,0.000,0.002,-0.045
13.41,0.105,0,1.130,0.620,0,0.000,0.000,0.000,0.000,0.000,0.000,0.007,-0.043
13.61,0.106,0,1.096,0.619,0,0.000,0.000,0.000,0.000,0.000,0.000,0.010,-0.039
13.81,0.106,0,1.096,0.619,0,0.000,0.000,0.000,0.000,0.000,0.000,0.004,-0.045
14.01,0.106,0,1.056,0.619,0,0.000,0.000,0.000,0.000,0.000,0.000,0.010,-0.044
14.21,0.105,0,1.056,0.619,0,0.000,0.000,0.000,0.000,0.000,0.000,0.010,-0.044
14.41,0.106,0,1.056,0.619,0,0.000,0.000,0.000,0.000,0.000,0.000,0.011,-0.041
14.61,0.106,0,1.045,0.620,0,0.000,0.000,0.000,0.000,0.000,0.000,0.005,-0.039
14.81,0.106,0,1.045,0.620,0,0.000,0.000,0.000,0.000,0.000,0.000,0.008,-0.039
15.01,0.108,0,0.739,0.620,1,0.000,0.000,0.000,0.000,0.000,0.000,0.008,-0.042
15.21,0.108,0,0.739,0.620,1,0.000,0.000,0.000,0.000,0.000,0.000,0.008,-0.042
15.41,0.107,0,0.739,0.620,1,0.000,0.000,0.000,0.000,0.000,0.000,0.011,-0.046
15.61,0.105,0,1.026,0.619,0,0.000,0.000,0.000,0.000,0.000,0.000,0.013,-0.042
15.81,0.105,0,1.026,0.619,0,0.000,0.000,0.000,0.000,0.000,0.000,0.010,-0.042
16.01,0.107,0,1.016,0.618,0,0.000,0.000,0.000,0.000,0.000,0.000,0.010,-0.042
16.21,0.105,0,1.016,0.618,0,0.000,0.000,0.000,0.000,0.000,0.000,0.007,-0.043
16.41,0.105,0,1.016,0.618,0,0.000,0.000,0.000,0.000,0.000,0.000,0.010,-0.041
16.61,0.105,0,1.013,0.619,0,0.000,0.000,0.000,0.000,0.000,0.000,0.012,-0.044
16.81,0.105,0,1.013,0.619,0,0.000,0.000,0.000,0.000,0.000,0.000,0.047,-0.053
17.01,0.105,0,1.015,0.617,0,0.000,0.000,0.000,0.000,0.000,0.000,0.047,-0.053
17.21,0.105,0,1.015,0.617,0,0.000,0.000,0.000,0.000,0.000,0.000,0.090,-0.051
17.41,0.107,0,1.015,0.617,0,0.000,0.000,0.000,0.000,0.000,0.000,0.091,-0.024
17.61,0.105,0,0.349,0.608,0,0.000,0.000,0.000,0.000,0.000,0.000,0.083,-0.023
17.81,0.105,0,0.349,0.608,0,0.000,0.000,0.000,0.000,0.000,0.000,0.078,-0.011
18.01,0.106,0,0.338,0.366,1,0.000,0.000,0.000,0.000,0.000,0.000,0.078,-0.011
18.21,0.106,0,0.338,0.366,1,0.000,0.000,0.000,0.000,0.000,0.000,0.085,0.008
18.41,0.106,0,0.338,0.366,1,0.000,0.000,0.000,0.000,0.000,0.000,0.085,0.008
18.61,0.106,0,0.339,0.371,1,0.000,0.000,0.000,0.000,0.000,0.000,0.085,0.008
18.81,0.108,0,0.339,0.371,1,0.000,0.000,0.000,0.000,0.000,0.000,0.085,0.008
19.01,0.106,0,0.339,0.373,1,0.000,0.000,0.000,0.000,0.000,0.000,0.085,0.008
19.21,0.324,0,0.339,0.373,1,0.000,0.000,0.000,0.000,0.000,0.000,0.085,0.008
19.41,0.107,0,0.339,0.373,1,0.000,0.000,0.000,0.000,0.000,0.000,0.085,0.008
19.61,0.107,0,0.340,0.386,1,0.000,0.000,0.000,0.000,0.000,0.000,0.085,0.008
19.81,0.332,0,0.340,0.386,1,0.000,0.000,0.000,0.000,0.000,0.000,0.085,0.008
20.01,0.333,0,0.344,0.393,1,0.000,0.000,0.000,0.000,0.000,0.000,0.066,0.001
20.21,0.336,0,0.344,0.393,1,0.000,0.000,0.000,0.000,0.000,0.000,0.075,0.017
20.41,0.338,0,0.344,0.393,1,0.000,0.000,0.000,0.000,0.000,0.000,0.064,0.027
20.61,0.338,0,0.350,0.393,1,0.000,0.000,0.000,0.000,0.000,0.000,0.048,0.018
20.81,0.106,0,0.350,0.393,1,0.000,0.000,0.000,0.000,0.000,0.000,0.048,0.018
21.01,0.108,0,0.356,0.345,1,0.000,0.000,0.000,0.000,0.000,0.000,0.064,0.035
21.21,0.104,0,0.356,0.345,1,0.000,0.000,0.000,0.000,0.000,0.000,0.052,0.034
21.41,0.104,0,0.356,0.345,1,0.000,0.000,0.000,0.000,0.000,0.000,0.053,0.047
21.61,0.353,0,0.823,0.337,0,0.000,0.000,0.000,0.000,0.000,0.000,0.053,0.047
21.81,0.357,0,0.823,0.337,0,0.000,0.000,0.000,0.000,0.000,0.000,0.036,0.045
22.01,0.106,0,0.403,0.341,1,0.000,0.000,0.000,0.000,0.000,0.000,0.040,0.046
22.21,0.105,0,0.403,0.341,1,0.000,0.000,0.000,0.000,0.000,0.000,0.037,0.057
22.41,0.105,0,0.403,0.341,1,0.000,0.000,0.000,0.000,0.000,0.000,0.024,0.031
22.61,0.105,0,0.400,0.342,1,0.000,0.000,0.000,0.000,0.000,0.000,0.024,0.031
22.81,0.106,0,0.400,0.342,1,0.000,0.000,0.000,0.000,0.000,0.000,0.018,0.034
23.01,0.107,0,0.405,0.342,1,0.000,0.000,0.000,0.000,0.000,0.000,0.028,0.027
23.21,0.108,0,0.405,0.342,1,0.000,0.000,0.000,0.000,0.000,0.000,0.034,0.031
23.41,0.108,0,0.405,0.342,1,0.000,0.000,0.000,0.000,0.000,0.000,0.034,0.027
23.61,0.107,0,0.403,0.342,1,0.000,0.000,0.000,0.000,0.000,0.000,0.034,0.027
23.81,0.105,0,0.403,0.342,1,0.000,0.000,0.000,0.000,0.000,0.000,0.009,0.019
24.01,0.106,0,0.362,0.341,1,0.000,0.000,0.000,0.000,0.000,0.000,0.029,-0.043
24.21,0.106,0,0.362,0.341,1,0.000,0.000,0.000,0.000,0.000,0.000,0.028,-0.046
24.41,0.105,0,0.362,0.341,1,0.000,0.000,0.000,0.000,0.000,0.000,0.028,-0.046
24.61,0.345,0,0.357,0.395,1,0.000,0.000,0.000,0.000,0.000,0.000,0.010,-0.045
24.81,0.342,0,0.357,0.395,1,0.000,0.000,0.000,0.000,0.000,0.000,0.015,-0.049
25.01,0.106,0,0.356,0.398,1,0.000,0.000,0.000,0.000,0.000,0.000,0.036,-0.048
25.21,0.106,0,0.356,0.398,1,0.000,0.000,0.000,0.000,0.000,0.000,0.031,-0.038
25.41,0.105,0,0.356,0.398,1,0.000,0.000,0.000,0.000,0.000,0.000,0.031,-0.038
25.61,0.106,0,0.358,0.392,1,0.000,0.000,0.000,0.000,0.000,0.000,0.025,-0.043
25.81,0.105,0,0.358,0.392,1,0.000,0.000,0.000,0.000,0.000,0.000,0.042,-0.022
26.01,0.105,0,0.355,0.392,1,0.000,0.000,0.000,0.000,0.000,0.000,0.031,-0.034
26.21,0.105,0,0.355,0.392,1,0.000,0.000,0.000,0.000,0.000,0.000,0.045,-0.018
26.41,0.106,0,0.355,0.392,1,0.000,0.000,0.000,0.000,0.000,0.000,0.045,-0.018
26.61,0.342,0,0.357,0.394,1,0.000,0.000,0.000,0.000,0.000,0.000,0.060,-0.003
26.81,0.107,0,0.357,0.394,1,0.000,0.000,0.000,0.000,0.000,0.000,0.040,0.008
27.01,0.107,0,0.354,0.396,1,0.000,0.000,0.000,0.000,0.000,0.000,0.039,-0.010
27.21,0.105,0,0.354,0.396,1,0.000,0.000,0.000,0.000,0.000,0.000,0.033,-0.006
27.41,0.106,0,0.354,0.396,1,0.000,0.000,0.000,0.000,0.000,0.000,0.033,-0.006
27.61,0.347,0,0.355,0.394,1,0.000,0.000,0.000,0.000,0.000,0.000,0.033,-0.006
27.81,0.105,0,0.355,0.394,1,0.000,0.000,0.000,0.000,0.000,0.000,0.033,-0.006
28.01,0.105,0,0.361,0.383,1,0.000,0.000,0.000,0.000,0.000,0.000,0.033,-0.006
28.21,0.106,0,0.361,0.383,1,0.000,0.000,0.000,0.000,0.000,0.000,0.033,-0.006
28.41,0.105,0,0.361,0.383,1,0.000,0.000,0.000,0.000,0.000,0.000,0.033,-0.006
28.61,0.106,0,0.368,0.661,0,0.000,0.000,0.000,0.000,0.000,0.000,0.033,-0.006
28.81,0.106,0,0.368,0.661,0,0.000,0.000,0.000,0.000,0.000,0.000,0.033,-0.006
29.01,0.106,0,0.771,0.652,1,0.000,0.000,0.000,0.000,0.000,0.000,0.012,-0.013
29.21,0.108,0,0.771,0.652,1,0.000,0.000,0.000,0.000,0.000,0.000,0.012,-0.013
29.41,0.106,0,0.771,0.652,1,0.000,0.000,0.000,0.000,0.000,0.000,0.022,-0.028
29.61,0.107,0,1.115,0.652,0,0.000,0.000,0.000,0.000,0.000,0.000,0.020,-0.019
29.81,0.107,0,1.115,0.652,0,0.000,0.000,0.000,0.000,0.000,0.000,0.013,-0.022
30.01,0.105,0,0.507,1.096,0,0.000,0.000,0.000,0.000,0.000,0.000,0.014,-0.023
30.21,0.105,0,0.507,1.096,0,0.000,0.000,0.000,0.000,0.000,0.000,0.014,-0.023
30.41,0.397,0,0.507,1.096,0,0.000,0.000,0.000,0.000,0.000,0.000,0.013,-0.039
30.61,0.401,0,0.482,0.464,1,0.000,0.000,0.000,0.000,0.000,0.000,0.034,-0.049
30.81,0.401,0,0.482,0.464,1,0.000,0.000,0.000,0.000,0.000,0.000,0.043,-0.056
31.01,0.403,0,0.469,0.466,1,0.000,0.000,0.000,0.000,0.000,0.000,0.043,-0.056
31.21,0.401,0,0.469,0.466,1,0.000,0.000,0.000,0.000,0.000,0.000,0.045,-0.045
31.41,0.401,0,0.469,0.466,1,0.000,0.000,0.000,0.000,0.000,0.000,0.036,-0.044
31.61,0.400,0,0.473,0.472,1,0.000,0.000,0.000,0.000,0.000,0.000,0.060,-0.047
31.81,0.400,0,0.473,0.472,1,0.000,0.000,0.000,0.000,0.000,0.000,0.070,-0.045
32.01,0.397,0,0.496,1.105,0,0.000,0.000,0.000,0.000,0.000,0.000,0.070,-0.045
32.21,0.105,0,0.496,1.105,0,0.000,0.000,0.000,0.000,0.000,0.000,0.081,-0.041
32.41,0.106,0,0.496,1.105,0,0.000,0.000,0.000,0.000,0.000,0.000,0.109,-0.034
32.61,0.106,0,1.117,0.640,0,0.000,0.000,0.000,0.000,0.000,0.000,0.130,-0.010
32.81,0.106,0,1.117,0.640,0,0.000,0.000,0.000,0.000,0.000,0.000,0.128,0.015
33.01,0.107,0,0.599,0.643,1,0.000,0.000,0.000,0.000,0.000,0.000,0.128,0.015
33.21,0.106,0,0.599,0.643,1,0.000,0.000,0.000,0.000,0.000,0.000,0.123,0.046
33.41,0.108,0,0.599,0.643,1,0.000,0.000,0.000,0.000,0.000,0.000,0.091,0.048
33.61,0.108,0,0.339,0.362,1,0.000,0.000,0.000,0.000,0.000,0.000,0.091,0.048
33.81,0.105,0,0.339,0.362,1,0.000,0.000,0.000,0.000,0.000,0.000,0.091,0.048
34.01,0.108,0,0.339,0.362,1,0.000,0.000,0.000,0.000,0.000,0.000,0.091,0.048
34.21,0.105,0,0.339,0.362,1,0.000,0.000,0.000,0.000,0.000,0.000,0.091,0.048
34.41,0.105,0,0.339,0.362,1,0.000,0.000,0.000,0.000,0.000,0.000,0.091,0.048
34.61,0.105,0,0.341,0.362,1,0.000,0.000,0.000,0.000,0.000,0.000,0.091,0.048
34.81,0.106,0,0.341,0.362,1,0.000,0.000,0.000,0.000,0.000,0.000,0.091,0.048
35.01,0.105,0,0.341,0.362,1,0.000,0.000,0.000,0.000,0.000,0.000,0.091,0.048
35.21,0.104,0,0.341,0.362,1,0.000,0.000,0.000,0.000,0.000,0.000,0.089,0.047
35.41,0.105,0,0.341,0.362,1,0.000,0.000,0.000,0.000,0.000,0.000,0.094,0.047
35.61,0.105,0,0.341,0.362,1,0.000,0.000,0.000,0.000,0.000,0.000,0.086,0.045
35.81,0.106,0,0.341,0.362,1,0.000,0.000,0.000,0.000,0.000,0.000,0.086,0.045
36.01,0.105,0,0.341,0.363,1,0.000,0.000,0.000,0.000,0.000,0.000,0.089,0.045
36.21,0.107,0,0.341,0.363,1,0.000,0.000,0.000,0.000,0.000,0.000,0.100,0.061
36.41,0.107,0,0.341,0.363,1,0.000,0.000,0.000,0.000,0.000,0.000,0.096,0.065
36.61,0.106,0,0.348,0.382,1,0.000,0.000,0.000,0.000,0.000,0.000,0.109,0.081
36.81,0.339,0,0.348,0.382,1,0.000,0.000,0.000,0.000,0.000,0.000,0.109,0.081
37.01,0.105,0,0.350,0.389,1,0.000,0.000,0.000,0.000,0.000,0.000,0.109,0.081
37.21,0.108,0,0.350,0.389,1,0.000,0.000,0.000,0.000,0.000,0.000,0.109,0.081
37.41,0.108,0,0.350,0.389,1,0.000,0.000,0.000,0.000,0.000,0.000,0.109,0.081
37.61,0.105,0,0.346,0.389,1,0.000,0.000,0.000,0.000,0.000,0.000,0.109,0.081
37.81,0.106,0,0.346,0.389,1,0.000,0.000,0.000,0.000,0.000,0.000,0.109,0.081
38.01,0.105,0,0.352,0.389,1,0.000,0.000,0.000,0.000,0.000,0.000,0.109,0.081
38.21,0.105,0,0.352,0.389,1,0.000,0.000,0.000,0.000,0.000,0.000,0.109,0.081
38.41,0.105,0,0.352,0.389,1,0.000,0.000,0.000,0.000,0.000,0.000,0.105,0.081
38.61,0.106,0,0.349,0.389,1,0.000,0.000,0.000,0.000,0.000,0.000,0.105,0.081
38.81,0.105,0,0.349,0.389,1,0.000,0.000,0.000,0.000,0.000,0.000,0.109,0.080
39.01,0.108,0,0.348,0.389,1,0.000,0.000,0.000,0.000,0.000,0.000,0.111,0.081
39.21,0.108,0,0.348,0.389,1,0.000,0.000,0.000,0.000,0.000,0.000,0.108,0.079
39.41,0.105,0,0.348,0.389,1,0.000,0.000,0.000,0.000,0.000,0.000,0.107,0.080
39.61,0.106,0,0.352,0.389,1,0.000,0.000,0.000,0.000,0.000,0.000,0.107,0.080
39.81,0.108,0,0.352,0.389,1,0.000,0.000,0.000,0.000,0.000,0.000,0.107,0.080
40.01,0.360,0,0.371,0.411,1,0.000,0.000,0.000,0.000,0.000,0.000,0.107,0.080
40.21,0.360,0,0.371,0.411,1,0.000,0.000,0.000,0.000,0.000,0.000,0.107,0.080
40.41,0.364,0,0.371,0.411,1,0.000,0.000,0.000,0.000,0.000,0.000,0.107,0.080
40.61,0.108,0,0.386,0.349,1,0.000,0.000,0.000,0.000,0.000,0.000,0.107,0.080
40.81,0.377,0,0.386,0.349,1,0.000,0.000,0.000,0.000,0.000,0.000,0.107,0.080
41.01,0.382,0,0.394,0.346,1,0.000,0.000,0.000,0.000,0.000,0.000,0.107,0.080
41.21,0.382,0,0.394,0.346,1,0.000,0.000,0.000,0.000,0.000,0.000,0.105,0.087
41.41,0.105,0,0.394,0.346,1,0.000,0.000,0.000,0.000,0.000,0.000,0.105,0.087
41.61,0.107,0,0.394,0.345,1,0.000,0.000,0.000,0.000,0.000,0.000,0.121,0.103
41.81,0.108,0,0.394,0.345,1,0.000,0.000,0.000,0.000,0.000,0.000,0.103,0.114
42.01,0.108,0,0.381,0.344,1,0.000,0.000,0.000,0.000,0.000,0.000,0.103,0.094
42.21,0.105,0,0.381,0.344,1,0.000,0.000,0.000,0.000,0.000,0.000,0.103,0.094
42.41,0.105,0,0.381,0.344,1,0.000,0.000,0.000,0.000,0.000,0.000,0.103,0.121
42.61,0.362,0,0.375,0.344,1,0.000,0.000,0.000,0.000,0.000,0.000,0.097,0.102
42.81,0.107,0,0.375,0.344,1,0.000,0.000,0.000,0.000,0.000,0.000,0.096,0.108
43.01,0.107,0,0.373,0.345,1,0.000,0.000,0.000,0.000,0.000,0.000,0.098,0.112
43.21,0.107,0,0.373,0.345,1,0.000,0.000,0.000,0.000,0.000,0.000,0.098,0.112
43.41,0.108,0,0.373,0.345,1,0.000,0.000,0.000,0.000,0.000,0.000,0.090,0.103
43.61,0.107,0,0.373,0.344,1,0.000,0.000,0.000,0.000,0.000,0.000,0.106,0.109
43.81,0.359,0,0.373,0.344,1,0.000,0.000,0.000,0.000,0.000,0.000,0.104,0.128
44.01,0.359,0,0.370,0.353,1,0.000,0.000,0.000,0.000,0.000,0.000,0.080,0.100
44.21,0.105,0,0.370,0.353,1,0.000,0.000,0.000,0.000,0.000,0.000,0.080,0.100
44.41,0.359,0,0.370,0.353,1,0.000,0.000,0.000,0.000,0.000,0.000,0.092,0.111
44.61,0.361,0,0.370,0.353,1,0.000,0.000,0.000,0.000,0.000,0.000,0.068,0.089
44.81,0.361,0,0.370,0.353,1,0.000,0.000,0.000,0.000,0.000,0.000,0.099,0.128
45.01,0.368,0,0.379,0.353,1,0.000,0.000,0.000,0.000,0.000,0.000,0.099,0.128
45.21,0.107,0,0.379,0.353,1,0.000,0.000,0.000,0.000,0.000,0.000,0.097,0.099
45.41,0.107,0,0.379,0.353,1,0.000,0.000,0.000,0.000,0.000,0.000,0.101,0.100
45.61,0.105,0,0.381,0.354,1,0.000,0.000,0.000,0.000,0.000,0.000,0.102,0.101
45.81,0.105,0,0.381,0.354,1,0.000,0.000,0.000,0.000,0.000,0.000,0.099,0.098
46.01,0.369,0,0.380,0.353,1,0.000,0.000,0.000,0.000,0.000,0.000,0.099,0.098
46.21,0.105,0,0.380,0.353,1,0.000,0.000,0.000,0.000,0.000,0.000,0.103,0.103
46.41,0.105,0,0.380,0.353,1,0.000,0.000,0.000,0.000,0.000,0.000,0.102,0.093
46.61,0.105,0,0.380,0.353,1,0.000,0.000,0.000,0.000,0.000,0.000,0.097,0.097
46.81,0.105,0,0.380,0.353,1,0.000,0.000,0.000,0.000,0.000,0.000,0.096,0.096
47.01,0.105,0,0.379,0.354,1,0.000,0.000,0.000,0.000,0.000,0.000,0.096,0.096
47.21,0.106,0,0.379,0.354,1,0.000,0.000,0.000,0.000,0.000,0.000,0.098,0.098
47.41,0.107,0,0.379,0.354,1,0.000,0.000,0.000,0.000,0.000,0.000,0.100,0.096
47.61,0.107,0,0.380,0.353,1,0.000,0.000,0.000,0.000,0.000,0.000,0.099,0.099
47.81,0.105,0,0.380,0.353,1,0.000,0.000,0.000,0.000,0.000,0.000,0.099,0.099
48.01,0.106,0,0.380,0.354,1,0.000,0.000,0.000,0.000,0.000,0.000,0.095,0.103
48.21,0.106,0,0.380,0.354,1,0.000,0.000,0.000,0.000,0.000,0.000,0.104,0.097
48.41,0.107,0,0.380,0.354,1,0.000,0.000,0.000,0.000,0.000,0.000,0.099,0.097
48.61,0.107,0,0.380,0.354,1,0.000,0.000,0.000,0.000,0.000,0.000,0.099,0.098
48.81,0.107,0,0.380,0.354,1,0.000,0.000,0.000,0.000,0.000,0.000,0.099,0.098
49.01,0.105,0,0.380,0.354,1,0.000,0.000,0.000,0.000,0.000,0.000,0.099,0.089
49.21,0.105,0,0.380,0.354,1,0.000,0.000,0.000,0.000,0.000,0.000,0.098,0.097
49.41,0.105,0,0.380,0.354,1,0.000,0.000,0.000,0.000,0.000,0.000,0.099,0.096
49.61,0.106,0,0.380,0.353,1,0.000,0.000,0.000,0.000,0.000,0.000,0.097,0.097
49.81,0.106,0,0.380,0.353,1,0.000,0.000,0.000,0.000,0.000,0.000,0.097,0.097
50.01,0.108,0,0.380,0.353,1,0.000,0.000,0.000,0.000,0.000,0.000,0.100,0.102
50.21,0.105,0,0.380,0.353,1,0.000,0.000,0.000,0.000,0.000,0.000,0.097,0.104
50.41,0.105,0,0.380,0.353,1,0.000,0.000,0.000,0.000,0.000,0.000,0.099,0.100
50.61,0.105,0,0.380,0.353,1,0.000,0.000,0.000,0.000,0.000,0.000,0.099,0.100
50.81,0.105,0,0.380,0.353,1,0.000,0.000,0.000,0.000,0.000,0.000,0.097,0.098
51.01,0.106,0,0.381,0.354,1,0.000,0.000,0.000,0.000,0.000,0.000,0.102,0.107
51.21,0.106,0,0.381,0.354,1,0.000,0.000,0.000,0.000,0.000,0.000,0.102,0.106
51.41,0.106,0,0.381,0.354,1,0.000,0.000,0.000,0.000,0.000,0.000,0.099,0.104
51.61,0.106,0,0.381,0.353,1,0.000,0.000,0.000,0.000,0.000,0.000,0.099,0.104
51.81,0.106,0,0.381,0.353,1,0.000,0.000,0.000,0.000,0.000,0.000,0.098,0.106
52.01,0.106,0,0.381,0.354,1,0.000,0.000,0.000,0.000,0.000,0.000,0.098,0.109
52.21,0.106,0,0.381,0.354,1,0.000,0.000,0.000,0.000,0.000,0.000,0.103,0.108
52.41,0.105,0,0.381,0.354,1,0.000,0.000,0.000,0.000,0.000,0.000,0.099,0.107
52.61,0.106,0,0.379,0.353,1,0.000,0.000,0.000,0.000,0.000,0.000,0.099,0.107
52.81,0.106,0,0.379,0.353,1,0.000,0.000,0.000,0.000,0.000,0.000,0.101,0.105
53.01,0.106,0,0.381,0.354,1,0.000,0.000,0.000,0.000,0.000,0.000,0.097,0.109
53.21,0.106,0,0.381,0.354,1,0.000,0.000,0.000,0.000,0.000,0.000,0.099,0.099
53.41,0.105,0,0.381,0.354,1,0.000,0.000,0.000,0.000,0.000,0.000,0.099,0.099
53.61,0.105,0,0.380,0.353,1,0.000,0.000,0.000,0.000,0.000,0.000,0.099,0.103
53.81,0.108,0,0.380,0.353,1,0.000,0.000,0.000,0.000,0.000,0.000,0.096,0.106
54.01,0.106,0,0.378,0.353,1,0.000,0.000,0.000,0.000,0.000,0.000,0.100,0.106
54.21,0.106,0,0.378,0.353,1,0.000,0.000,0.000,0.000,0.000,0.000,0.101,0.106
54.41,0.105,0,0.378,0.353,1,0.000,0.000,0.000,0.000,0.000,0.000,0.101,0.106
54.61,0.105,0,0.381,0.354,1,0.000,0.000,0.000,0.000,0.000,0.000,0.100,0.109
54.81,0.107,0,0.381,0.354,1,0.000,0.000,0.000,0.000,0.000,0.000,0.096,0.106
55.01,0.107,0,0.379,0.354,1,0.000,0.000,0.000,0.000,0.000,0.000,0.097,0.101
55.21,0.105,0,0.379,0.354,1,0.000,0.000,0.000,0.000,0.000,0.000,0.097,0.101
55.41,0.106,0,0.379,0.354,1,0.000,0.000,0.000,0.000,0.000,0.000,0.095,0.105
55.61,0.108,0,0.380,0.354,1,0.000,0.000,0.000,0.000,0.000,0.000,0.094,0.114
55.81,0.106,0,0.380,0.354,1,0.000,0.000,0.000,0.000,0.000,0.000,0.102,0.124
56.01,0.106,0,0.380,0.354,1,0.000,0.000,0.000,0.000,0.000,0.000,0.101,0.118
56.21,0.106,0,0.380,0.354,1,0.000,0.000,0.000,0.000,0.000,0.000,0.101,0.118
56.41,0.106,0,0.380,0.354,1,0.000,0.000,0.000,0.000,0.000,0.000,0.098,0.111
56.61,0.107,0,0.380,0.354,1,0.000,0.000,0.000,0.000,0.000,0.000,0.101,0.105
56.81,0.107,0,0.380,0.354,1,0.000,0.000,0.000,0.000,0.000,0.000,0.096,0.114
57.01,0.106,0,0.380,0.354,1,0.000,0.000,0.000,0.000,0.000,0.000,0.093,0.112
57.21,0.105,0,0.380,0.354,1,0.000,0.000,0.000,0.000,0.000,0.000,0.093,0.112
57.41,0.105,0,0.380,0.354,1,0.000,0.000,0.000,0.000,0.000,0.000,0.095,0.105
57.61,0.106,0,0.380,0.354,1,0.000,0.000,0.000,0.000,0.000,0.000,0.098,0.115
57.81,0.106,0,0.380,0.354,1,0.000,0.000,0.000,0.000,0.000,0.000,0.098,0.114
58.01,0.107,0,0.380,0.354,1,0.000,0.000,0.000,0.000,0.000,0.000,0.098,0.114
58.21,0.108,0,0.380,0.354,1,0.000,0.000,0.000,0.000,0.000,0.000,0.096,0.114
58.41,0.106,0,0.380,0.354,1,0.000,0.000,0.000,0.000,0.000,0.000,0.102,0.106
58.61,0.107,0,0.380,0.354,1,0.000,0.000,0.000,0.000,0.000,0.000,0.100,0.105
58.81,0.107,0,0.380,0.354,1,0.000,0.000,0.000,0.000,0.000,0.000,0.103,0.108
59.01,0.105,0,0.379,0.354,1,0.000,0.000,0.000,0.000,0.000,0.000,0.103,0.108
59.21,0.105,0,0.379,0.354,1,0.000,0.000,0.000,0.000,0.000,0.000,0.097,0.117
59.41,0.105,0,0.379,0.354,1,0.000,0.000,0.000,0.000,0.000,0.000,0.102,0.110
59.61,0.105,0,0.380,0.354,1,0.000,0.000,0.000,0.000,0.000,0.000,0.101,0.114
59.81,0.105,0,0.380,0.354,1,0.000,0.000,0.000,0.000,0.000,0.000,0.099,0.116
60.01,0.107,0,0.379,0.353,1,0.000,0.000,0.000,0.000,0.000,0.000,0.099,0.116
60.21,0.106,0,0.379,0.353,1,0.000,0.000,0.000,0.000,0.000,0.000,0.097,0.111
60.41,0.106,0,0.379,0.353,1,0.000,0.000,0.000,0.000,0.000,0.000,0.100,0.119
60.61,0.106,0,0.381,0.354,1,0.000,0.000,0.000,0.000,0.000,0.000,0.098,0.115
60.81,0.106,0,0.381,0.354,1,0.000,0.000,0.000,0.000,0.000,0.000,0.098,0.115
61.01,0.106,0,0.380,0.354,1,0.000,0.000,0.000,0.000,0.000,0.000,0.101,0.118
61.21,0.105,0,0.380,0.354,1,0.000,0.000,0.000,0.000,0.000,0.000,0.101,0.121
61.41,0.107,0,0.380,0.354,1,0.000,0.000,0.000,0.000,0.000,0.000,0.100,0.123
61.61,0.107,0,0.381,0.354,1,0.000,0.000,0.000,0.000,0.000,0.000,0.104,0.113
61.81,0.105,0,0.381,0.354,1,0.000,0.000,0.000,0.000,0.000,0.000,0.104,0.113
62.01,0.105,0,0.381,0.354,1,0.000,0.000,0.000,0.000,0.000,0.000,0.105,0.118
62.21,0.105,0,0.381,0.354,1,0.000,0.000,0.000,0.000,0.000,0.000,0.101,0.110
62.41,0.105,0,0.381,0.354,1,0.000,0.000,0.000,0.000,0.000,0.000,0.096,0.105
62.61,0.106,0,0.380,0.354,1,0.000,0.000,0.000,0.000,0.000,0.000,0.105,0.104
62.81,0.107,0,0.380,0.354,1,0.000,0.000,0.000,0.000,0.000,0.000,0.105,0.104
63.01,0.105,0,0.379,0.354,1,0.000,0.000,0.000,0.000,0.000,0.000,0.102,0.107
63.21,0.107,0,0.379,0.354,1,0.000,0.000,0.000,0.000,0.000,0.000,0.099,0.107
63.41,0.107,0,0.379,0.354,1,0.000,0.000,0.000,0.000,0.000,0.000,0.100,0.103
63.61,0.105,0,0.380,0.354,1,0.000,0.000,0.000,0.000,0.000,0.000,0.100,0.103
63.81,0.107,0,0.380,0.354,1,0.000,0.000,0.000,0.000,0.000,0.000,0.102,0.106
64.01,0.105,0,0.380,0.354,1,0.000,0.000,0.000,0.000,0.000,0.000,0.103,0.105
64.21,0.105,0,0.380,0.354,1,0.000,0.000,0.000,0.000,0.000,0.000,0.107,0.107
64.41,0.105,0,0.380,0.354,1,0.000,0.000,0.000,0.000,0.000,0.000,0.109,0.109
64.61,0.106,0,0.380,0.354,1,0.000,0.000,0.000,0.000,0.000,0.000,0.109,0.109
64.81,0.106,0,0.380,0.354,1,0.000,0.000,0.000,0.000,0.000,0.000,0.102,0.111
65.01,0.106,0,0.380,0.354,1,0.000,0.000,0.000,0.000,0.000,0.000,0.104,0.112
65.21,0.106,0,0.380,0.354,1,0.000,0.000,0.000,0.000,0.000,0.000,0.102,0.113
65.41,0.106,0,0.380,0.354,1,0.000,0.000,0.000,0.000,0.000,0.000,0.099,0.112
65.61,0.108,0,0.379,0.354,1,0.000,0.000,0.000,0.000,0.000,0.000,0.099,0.112
65.81,0.105,0,0.379,0.354,1,0.000,0.000,0.000,0.000,0.000,0.000,0.099,0.107
66.01,0.107,0,0.380,0.354,1,0.000,0.000,0.000,0.000,0.000,0.000,0.097,0.105
66.21,0.107,0,0.380,0.354,1,0.000,0.000,0.000,0.000,0.000,0.000,0.105,0.111
66.41,0.105,0,0.380,0.354,1,0.000,0.000,0.000,0.000,0.000,0.000,0.105,0.111
66.61,0.106,0,0.379,0.354,1,0.000,0.000,0.000,0.000,0.000,0.000,0.098,0.110
66.81,0.106,0,0.379,0.354,1,0.000,0.000,0.000,0.000,0.000,0.000,0.100,0.112
67.01,0.106,0,0.379,0.354,1,0.000,0.000,0.000,0.000,0.000,0.000,0.100,0.111
67.21,0.106,0,0.379,0.354,1,0.000,0.000,0.000,0.000,0.000,0.000,0.102,0.113
67.41,0.105,0,0.379,0.354,1,0.000,0.000,0.000,0.000,0.000,0.000,0.102,0.113
67.61,0.106,0,0.381,0.354,1,0.000,0.000,0.000,0.000,0.000,0.000,0.098,0.114
67.81,0.108,0,0.381,0.354,1,0.000,0.000,0.000,0.000,0.000,0.000,0.097,0.108
68.01,0.108,0,0.379,0.354,1,0.000,0.000,0.000,0.000,0.000,0.000,0.105,0.112
68.21,0.106,0,0.379,0.354,1,0.000,0.000,0.000,0.000,0.000,0.000,0.107,0.116
68.41,0.106,0,0.379,0.354,1,0.000,0.000,0.000,0.000,0.000,0.000,0.107,0.116
68.61,0.107,0,0.380,0.354,1,0.000,0.000,0.000,0.000,0.000,0.000,0.095,0.115
68.81,0.105,0,0.380,0.354,1,0.000,0.000,0.000,0.000,0.000,0.000,0.097,0.117
69.01,0.105,0,0.380,0.354,1,0.000,0.000,0.000,0.000,0.000,0.000,0.101,0.110
69.21,0.106,0,0.380,0.354,1,0.000,0.000,0.000,0.000,0.000,0.000,0.101,0.110
69.41,0.106,0,0.380,0.354,1,0.000,0.000,0.000,0.000,0.000,0.000,0.099,0.108
69.61,0.105,0,0.381,0.354,1,0.000,0.000,0.000,0.000,0.000,0.000,0.106,0.116
69.81,0.105,0,0.381,0.354,1,0.000,0.000,0.000,0.000,0.000,0.000,0.099,0.108
70.01,0.105,0,0.380,0.354,1,0.000,0.000,0.000,0.000,0.000,0.000,0.102,0.113
70.21,0.105,0,0.380,0.354,1,0.000,0.000,0.000,0.000,0.000,0.000,0.102,0.113
70.41,0.106,0,0.380,0.354,1,0.000,0.000,0.000,0.000,0.000,0.000,0.101,0.111
70.61,0.105,0,0.380,0.354,1,0.000,0.000,0.000,0.000,0.000,0.000,0.101,0.107
70.81,0.105,0,0.380,0.354,1,0.000,0.000,0.000,0.000,0.000,0.000,0.103,0.116
71.01,0.107,0,0.380,0.354,1,0.000,0.000,0.000,0.000,0.000,0.000,0.102,0.124
71.21,0.107,0,0.380,0.354,1,0.000,0.000,0.000,0.000,0.000,0.000,0.102,0.124
71.41,0.108,0,0.380,0.354,1,0.000,0.000,0.000,0.000,0.000,0.000,0.103,0.127
71.61,0.105,0,0.379,0.354,1,0.000,0.000,0.000,0.000,0.000,0.000,0.110,0.131
71.81,0.105,0,0.379,0.354,1,0.000,0.000,0.000,0.000,0.000,0.000,0.112,0.127
72.01,0.105,0,0.379,0.354,1,0.000,0.000,0.000,0.000,0.000,0.000,0.112,0.127
72.21,0.106,0,0.379,0.354,1,0.000,0.000,0.000,0.000,0.000,0.000,0.112,0.124
72.41,0.106,0,0.379,0.354,1,0.000,0.000,0.000,0.000,0.000,0.000,0.106,0.125
72.61,0.106,0,0.380,0.354,1,0.000,0.000,0.000,0.000,0.000,0.000,0.101,0.120
72.81,0.106,0,0.380,0.354,1,0.000,0.000,0.000,0.000,0.000,0.000,0.103,0.118
73.01,0.106,0,0.380,0.354,1,0.000,0.000,0.000,0.000,0.000,0.000,0.103,0.118
73.21,0.106,0,0.380,0.354,1,0.000,0.000,0.000,0.000,0.000,0.000,0.106,0.114
73.41,0.105,0,0.380,0.354,1,0.000,0.000,0.000,0.000,0.000,0.000,0.102,0.112
73.61,0.105,0,0.380,0.354,1,0.000,0.000,0.000,0.000,0.000,0.000,0.106,0.108
73.81,0.106,0,0.380,0.354,1,0.000,0.000,0.000,0.000,0.000,0.000,0.106,0.108
74.01,0.105,0,0.381,0.354,1,0.000,0.000,0.000,0.000,0.000,0.000,0.099,0.103
74.21,0.106,0,0.381,0.354,1,0.000,0.000,0.000,0.000,0.000,0.000,0.104,0.122
74.41,0.105,0,0.381,0.354,1,0.000,0.000,0.000,0.000,0.000,0.000,0.104,0.110
74.61,0.105,0,0.381,0.354,1,0.000,0.000,0.000,0.000,0.000,0.000,0.107,0.107
74.81,0.105,0,0.381,0.354,1,0.000,0.000,0.000,0.000,0.000,0.000,0.107,0.107
75.01,0.107,0,0.380,0.354,1,0.000,0.000,0.000,0.000,0.000,0.000,0.100,0.108
75.21,0.106,0,0.380,0.354,1,0.000,0.000,0.000,0.000,0.000,0.000,0.096,0.108
75.41,0.105,0,0.380,0.354,1,0.000,0.000,0.000,0.000,0.000,0.000,0.095,0.117
75.61,0.105,0,0.379,0.354,1,0.000,0.000,0.000,0.000,0.000,0.000,0.100,0.108
75.81,0.105,0,0.379,0.354,1,0.000,0.000,0.000,0.000,0.000,0.000,0.100,0.108
76.01,0.105,0,0.380,0.354,1,0.000,0.000,0.000,0.000,0.000,0.000,0.098,0.119
76.21,0.107,0,0.380,0.354,1,0.000,0.000,0.000,0.000,0.000,0.000,0.101,0.117
76.41,0.107,0,0.380,0.354,1,0.000,0.000,0.000,0.000,0.000,0.000,0.099,0.111
76.61,0.108,0,0.380,0.354,1,0.000,0.000,0.000,0.000,0.000,0.000,0.099,0.111
76.81,0.105,0,0.380,0.354,1,0.000,0.000,0.000,0.000,0.000,0.000,0.099,0.105
77.01,0.108,0,0.380,0.354,1,0.000,0.000,0.000,0.000,0.000,0.000,0.092,0.102
77.21,0.105,0,0.380,0.354,1,0.000,0.000,0.000,0.000,0.000,0.000,0.098,0.110
77.41,0.105,0,0.380,0.354,1,0.000,0.000,0.000,0.000,0.000,0.000,0.097,0.107
77.61,0.106,0,0.380,0.354,1,0.000,0.000,0.000,0.000,0.000,0.000,0.097,0.107
77.81,0.108,0,0.380,0.354,1,0.000,0.000,0.000,0.000,0.000,0.000,0.095,0.106
78.01,0.107,0,0.380,0.354,1,0.000,0.000,0.000,0.000,0.000,0.000,0.103,0.106
78.21,0.107,0,0.380,0.354,1,0.000,0.000,0.000,0.000,0.000,0.000,0.098,0.108
78.41,0.105,0,0.380,0.354,1,0.000,0.000,0.000,0.000,0.000,0.000,0.102,0.098
78.61,0.106,0,0.380,0.354,1,0.000,0.000,0.000,0.000,0.000,0.000,0.102,0.098
78.81,0.107,0,0.380,0.354,1,0.000,0.000,0.000,0.000,0.000,0.000,0.092,0.101
79.01,0.105,0,0.380,0.354,1,0.000,0.000,0.000,0.000,0.000,0.000,0.096,0.102
79.21,0.105,0,0.380,0.354,1,0.000,0.000,0.000,0.000,0.000,0.000,0.094,0.111
79.41,0.106,0,0.380,0.354,1,0.000,0.000,0.000,0.000,0.000,0.000,0.094,0.111
79.61,0.106,0,0.380,0.354,1,0.000,0.000,0.000,0.000,0.000,0.000,0.098,0.099
79.81,0.105,0,0.380,0.354,1,0.000,0.000,0.000,0.000,0.000,0.000,0.096,0.107
80.01,0.105,0,0.379,0.354,1,0.000,0.000,0.000,0.000,0.000,0.000,0.099,0.096
80.21,0.105,0,0.379,0.354,1,0.000,0.000,0.000,0.000,0.000,0.000,0.102,0.099
80.41,0.108,0,0.379,0.354,1,0.000,0.000,0.000,0.000,0.000,0.000,0.102,0.099
80.61,0.108,0,0.379,0.354,1,0.000,0.000,0.000,0.000,0.000,0.000,0.098,0.099
80.81,0.105,0,0.379,0.354,1,0.000,0.000,0.000,0.000,0.000,0.000,0.098,0.104
81.01,0.105,0,0.380,0.354,1,0.000,0.000,0.000,0.000,0.000,0.000,0.102,0.113
81.21,0.108,0,0.380,0.354,1,0.000,0.000,0.000,0.000,0.000,0.000,0.104,0.116
81.41,0.107,0,0.380,0.354,1,0.000,0.000,0.000,0.000,0.000,0.000,0.104,0.116
81.61,0.105,0,0.380,0.354,1,0.000,0.000,0.000,0.000,0.000,0.000,0.102,0.103
81.81,0.108,0,0.380,0.354,1,0.000,0.000,0.000,0.000,0.000,0.000,0.106,0.109
82.01,0.108,0,0.381,0.354,1,0.000,0.000,0.000,0.000,0.000,0.000,0.100,0.101
82.21,0.106,0,0.381,0.354,1,0.000,0.000,0.000,0.000,0.000,0.000,0.100,0.101
82.41,0.106,0,0.381,0.354,1,0.000,0.000,0.000,0.000,0.000,0.000,0.096,0.099
82.61,0.107,0,0.380,0.354,1,0.000,0.000,0.000,0.000,0.000,0.000,0.098,0.100
82.81,0.107,0,0.380,0.354,1,0.000,0.000,0.000,0.000,0.000,0.000,0.102,0.093
83.01,0.107,0,0.380,0.354,1,0.000,0.000,0.000,0.000,0.000,0.000,0.101,0.092
83.21,0.107,0,0.380,0.354,1,0.000,0.000,0.000,0.000,0.000,0.000,0.101,0.092
83.41,0.105,0,0.380,0.354,1,0.000,0.000,0.000,0.000,0.000,0.000,0.100,0.092
83.61,0.107,0,0.379,0.354,1,0.000,0.000,0.000,0.000,0.000,0.000,0.101,0.093
83.81,0.107,0,0.379,0.354,1,0.000,0.000,0.000,0.000,0.000,0.000,0.094,0.096
84.01,0.107,0,0.380,0.354,1,0.000,0.000,0.000,0.000,0.000,0.000,0.094,0.096
84.21,0.108,0,0.380,0.354,1,0.000,0.000,0.000,0.000,0.000,0.000,0.107,0.104
84.41,0.107,0,0.380,0.354,1,0.000,0.000,0.000,0.000,0.000,0.000,0.091,0.094
84.61,0.105,0,0.381,0.354,1,0.000,0.000,0.000,0.000,0.000,0.000,0.096,0.096
84.81,0.105,0,0.381,0.354,1,0.000,0.000,0.000,0.000,0.000,0.000,0.101,0.100
85.01,0.105,0,0.379,0.354,1,0.000,0.000,0.000,0.000,0.000,0.000,0.101,0.100
85.21,0.106,0,0.379,0.354,1,0.000,0.000,0.000,0.000,0.000,0.000,0.094,0.099
85.41,0.105,0,0.379,0.354,1,0.000,0.000,0.000,0.000,0.000,0.000,0.093,0.099
85.61,0.105,0,0.380,0.354,1,0.000,0.000,0.000,0.000,0.000,0.000,0.090,0.082
85.81,0.105,0,0.380,0.354,1,0.000,0.000,0.000,0.000,0.000,0.000,0.100,0.097
86.01,0.106,0,0.380,0.354,1,0.000,0.000,0.000,0.000,0.000,0.000,0.100,0.097
86.21,0.105,0,0.380,0.354,1,0.000,0.000,0.000,0.000,0.000,0.000,0.093,0.085
86.41,0.105,0,0.380,0.354,1,0.000,0.000,0.000,0.000,0.000,0.000,0.100,0.096
86.61,0.105,0,0.380,0.354,1,0.000,0.000,0.000,0.000,0.000,0.000,0.099,0.097
86.81,0.107,0,0.380,0.354,1,0.000,0.000,0.000,0.000,0.000,0.000,0.099,0.097
87.01,0.106,0,0.381,0.354,1,0.000,0.000,0.000,0.000,0.000,0.000,0.101,0.100
87.21,0.105,0,0.381,0.354,1,0.000,0.000,0.000,0.000,0.000,0.000,0.092,0.096
87.41,0.105,0,0.381,0.354,1,0.000,0.000,0.000,0.000,0.000,0.000,0.090,0.089
87.61,0.105,0,0.381,0.354,1,0.000,0.000,0.000,0.000,0.000,0.000,0.106,0.099
87.81,0.105,0,0.381,0.354,1,0.000,0.000,0.000,0.000,0.000,0.000,0.106,0.099
88.01,0.106,0,0.380,0.354,1,0.000,0.000,0.000,0.000,0.000,0.000,0.104,0.096
88.21,0.106,0,0.380,0.354,1,0.000,0.000,0.000,0.000,0.000,0.000,0.103,0.099
88.41,0.106,0,0.380,0.354,1,0.000,0.000,0.000,0.000,0.000,0.000,0.103,0.098
88.61,0.105,0,0.381,0.354,1,0.000,0.000,0.000,0.000,0.000,0.000,0.103,0.098
88.81,0.108,0,0.381,0.354,1,0.000,0.000,0.000,0.000,0.000,0.000,0.097,0.091
89.01,0.105,0,0.381,0.354,1,0.000,0.000,0.000,0.000,0.000,0.000,0.096,0.087
89.21,0.105,0,0.381,0.354,1,0.000,0.000,0.000,0.000,0.000,0.000,0.093,0.090
89.41,0.105,0,0.381,0.354,1,0.000,0.000,0.000,0.000,0.000,0.000,0.090,0.102
89.61,0.106,0,0.380,0.354,1,0.000,0.000,0.000,0.000,0.000,0.000,0.090,0.102
89.81,0.105,0,0.380,0.354,1,0.000,0.000,0.000,0.000,0.000,0.000,0.098,0.089
90.01,0.106,0,0.381,0.354,1,0.000,0.000,0.000,0.000,0.000,0.000,0.083,0.090
90.21,0.107,0,0.381,0.354,1,0.000,0.000,0.000,0.000,0.000,0.000,0.090,0.085
90.41,0.107,0,0.381,0.354,1,0.000,0.000,0.000,0.000,0.000,0.000,0.093,0.095
90.61,0.105,0,0.381,0.354,1,0.000,0.000,0.000,0.000,0.000,0.000,0.093,0.095
90.81,0.108,0,0.381,0.354,1,0.000,0.000,0.000,0.000,0.000,0.000,0.086,0.084
91.01,0.106,0,0.381,0.354,1,0.000,0.000,0.000,0.000,0.000,0.000,0.085,0.084
91.21,0.106,0,0.381,0.354,1,0.000,0.000,0.000,0.000,0.000,0.000,0.084,0.075
91.41,0.108,0,0.381,0.354,1,0.000,0.000,0.000,0.000,0.000,0.000,0.084,0.075
91.61,0.105,0,0.381,0.354,1,0.000,0.000,0.000,0.000,0.000,0.000,0.085,0.082
91.81,0.105,0,0.381,0.354,1,0.000,0.000,0.000,0.000,0.000,0.000,0.084,0.077
92.01,0.106,0,0.381,0.354,1,0.000,0.000,0.000,0.000,0.000,0.000,0.084,0.084
92.21,0.106,0,0.381,0.354,1,0.000,0.000,0.000,0.000,0.000,0.000,0.090,0.087
92.41,0.105,0,0.381,0.354,1,0.000,0.000,0.000,0.000,0.000,0.000,0.090,0.087
92.61,0.105,0,0.380,0.354,1,0.000,0.000,0.000,0.000,0.000,0.000,0.096,0.089
92.81,0.107,0,0.380,0.354,1,0.000,0.000,0.000,0.000,0.000,0.000,0.099,0.091
93.01,0.107,0,0.380,0.353,1,0.000,0.000,0.000,0.000,0.000,0.000,0.087,0.085
93.21,0.105,0,0.380,0.353,1,0.000,0.000,0.000,0.000,0.000,0.000,0.095,0.098
93.41,0.105,0,0.380,0.353,1,0.000,0.000,0.000,0.000,0.000,0.000,0.095,0.098
93.61,0.106,0,0.381,0.354,1,0.000,0.000,0.000,0.000,0.000,0.000,0.095,0.087
93.81,0.105,0,0.381,0.354,1,0.000,0.000,0.000,0.000,0.000,0.000,0.101,0.093
94.01,0.105,0,0.381,0.354,1,0.000,0.000,0.000,0.000,0.000,0.000,0.095,0.097
94.21,0.106,0,0.381,0.354,1,0.000,0.000,0.000,0.000,0.000,0.000,0.095,0.097
94.41,0.106,0,0.381,0.354,1,0.000,0.000,0.000,0.000,0.000,0.000,0.099,0.102
94.61,0.105,0,0.380,0.354,1,0.000,0.000,0.000,0.000,0.000,0.000,0.101,0.089
94.81,0.105,0,0.380,0.354,1,0.000,0.000,0.000,0.000,0.000,0.000,0.097,0.080
95.01,0.105,0,0.381,0.354,1,0.000,0.000,0.000,0.000,0.000,0.000,0.088,0.089
95.21,0.108,0,0.381,0.354,1,0.000,0.000,0.000,0.000,0.000,0.000,0.088,0.089
95.41,0.105,0,0.381,0.354,1,0.000,0.000,0.000,0.000,0.000,0.000,0.098,0.080
95.61,0.105,0,0.381,0.354,1,0.000,0.000,0.000,0.000,0.000,0.000,0.099,0.095
95.81,0.105,0,0.381,0.354,1,0.000,0.000,0.000,0.000,0.000,0.000,0.097,0.081
96.01,0.107,0,0.381,0.354,1,0.000,0.000,0.000,0.000,0.000,0.000,0.097,0.081
96.21,0.107,0,0.381,0.354,1,0.000,0.000,0.000,0.000,0.000,0.000,0.105,0.089
96.41,0.108,0,0.381,0.354,1,0.000,0.000,0.000,0.000,0.000,0.000,0.095,0.076
96.61,0.105,0,0.381,0.354,1,0.000,0.000,0.000,0.000,0.000,0.000,0.096,0.086
96.81,0.105,0,0.381,0.354,1,0.000,0.000,0.000,0.000,0.000,0.000,0.095,0.080
97.01,0.107,0,0.381,0.354,1,0.000,0.000,0.000,0.000,0.000,0.000,0.095,0.080
97.21,0.108,0,0.381,0.354,1,0.000,0.000,0.000,0.000,0.000,0.000,0.097,0.080
97.41,0.108,0,0.381,0.354,1,0.000,0.000,0.000,0.000,0.000,0.000,0.092,0.079
97.61,0.108,0,0.381,0.354,1,0.000,0.000,0.000,0.000,0.000,0.000,0.091,0.076
97.81,0.105,0,0.381,0.354,1,0.000,0.000,0.000,0.000,0.000,0.000,0.092,0.081
98.01,0.108,0,0.381,0.354,1,0.000,0.000,0.000,0.000,0.000,0.000,0.092,0.081
98.21,0.106,0,0.381,0.354,1,0.000,0.000,0.000,0.000,0.000,0.000,0.099,0.080
98.41,0.106,0,0.381,0.354,1,0.000,0.000,0.000,0.000,0.000,0.000,0.091,0.084
98.61,0.106,0,0.380,0.354,1,0.000,0.000,0.000,0.000,0.000,0.000,0.095,0.085
98.81,0.106,0,0.380,0.354,1,0.000,0.000,0.000,0.000,0.000,0.000,0.095,0.085
99.01,0.107,0,0.380,0.354,1,0.000,0.000,0.000,0.000,0.000,0.000,0.089,0.090
99.21,0.108,0,0.380,0.354,1,0.000,0.000,0.000,0.000,0.000,0.000,0.090,0.085
99.41,0.108,0,0.380,0.354,1,0.000,0.000,0.000,0.000,0.000,0.000,0.087,0.085
99.61,0.108,0,0.381,0.354,1,0.000,0.000,0.000,0.000,0.000,0.000,0.088,0.095
99.81,0.105,0,0.381,0.354,1,0.000,0.000,0.000,0.000,0.000,0.000,0.088,0.095
100.01,0.105,0,0.381,0.354,1,0.000,0.000,0.000,0.000,0.000,0.000,0.087,0.093
100.21,0.105,0,0.381,0.354,1,0.000,0.000,0.000,0.000,0.000,0.000,0.086,0.088
100.41,0.105,0,0.381,0.354,1,0.000,0.000,0.000,0.000,0.000,0.000,0.087,0.083
100.61,0.105,0,0.380,0.354,1,0.000,0.000,0.000,0.000,0.000,0.000,0.088,0.091
100.81,0.105,0,0.380,0.354,1,0.000,0.000,0.000,0.000,0.000,0.000,0.088,0.091
101.01,0.105,0,0.381,0.354,1,0.000,0.000,0.000,0.000,0.000,0.000,0.095,0.084
101.21,0.105,0,0.381,0.354,1,0.000,0.000,0.000,0.000,0.000,0.000,0.085,0.077
101.41,0.105,0,0.381,0.354,1,0.000,0.000,0.000,0.000,0.000,0.000,0.093,0.087
101.61,0.106,0,0.380,0.354,1,0.000,0.000,0.000,0.000,0.000,0.000,0.093,0.087
101.81,0.105,0,0.380,0.354,1,0.000,0.000,0.000,0.000,0.000,0.000,0.091,0.087
102.01,0.106,0,0.381,0.354,1,0.000,0.000,0.000,0.000,0.000,0.000,0.091,0.092
102.21,0.105,0,0.381,0.354,1,0.000,0.000,0.000,0.000,0.000,0.000,0.090,0.097
102.41,0.105,0,0.381,0.354,1,0.000,0.000,0.000,0.000,0.000,0.000,0.090,0.097
102.61,0.105,0,0.380,0.354,1,0.000,0.000,0.000,0.000,0.000,0.000,0.090,0.097
102.81,0.106,0,0.380,0.354,1,0.000,0.000,0.000,0.000,0.000,0.000,0.089,0.098
103.01,0.106,0,0.379,0.354,1,0.000,0.000,0.000,0.000,0.000,0.000,0.098,0.097
103.21,0.106,0,0.379,0.354,1,0.000,0.000,0.000,0.000,0.000,0.000,0.099,0.104
103.41,0.107,0,0.379,0.354,1,0.000,0.000,0.000,0.000,0.000,0.000,0.099,0.104
103.61,0.108,0,0.380,0.354,1,0.000,0.000,0.000,0.000,0.000,0.000,0.097,0.106
103.81,0.106,0,0.380,0.354,1,0.000,0.000,0.000,0.000,0.000,0.000,0.100,0.105
104.01,0.108,0,0.380,0.354,1,0.000,0.000,0.000,0.000,0.000,0.000,0.097,0.088
104.21,0.108,0,0.380,0.354,1,0.000,0.000,0.000,0.000,0.000,0.000,0.095,0.091
104.41,0.106,0,0.380,0.354,1,0.000,0.000,0.000,0.000,0.000,0.000,0.095,0.091
104.61,0.108,0,0.380,0.354,1,0.000,0.000,0.000,0.000,0.000,0.000,0.095,0.098
104.81,0.106,0,0.380,0.354,1,0.000,0.000,0.000,0.000,0.000,0.000,0.103,0.091
105.01,0.106,0,0.380,0.354,1,0.000,0.000,0.000,0.000,0.000,0.000,0.095,0.103
105.21,0.106,0,0.380,0.354,1,0.000,0.000,0.000,0.000,0.000,0.000,0.097,0.106
105.41,0.105,0,0.380,0.354,1,0.000,0.000,0.000,0.000,0.000,0.000,0.097,0.106
105.61,0.105,0,0.379,0.354,1,0.000,0.000,0.000,0.000,0.000,0.000,0.102,0.104
105.81,0.107,0,0.379,0.354,1,0.000,0.000,0.000,0.000,0.000,0.000,0.100,0.097
106.01,0.107,0,0.381,0.354,1,0.000,0.000,0.000,0.000,0.000,0.000,0.105,0.103
106.21,0.105,0,0.381,0.354,1,0.000,0.000,0.000,0.000,0.000,0.000,0.105,0.103
106.41,0.106,0,0.381,0.354,1,0.000,0.000,0.000,0.000,0.000,0.000,0.097,0.104
106.61,0.105,0,0.381,0.354,1,0.000,0.000,0.000,0.000,0.000,0.000,0.105,0.102
106.81,0.105,0,0.381,0.354,1,0.000,0.000,0.000,0.000,0.000,0.000,0.095,0.104
107.01,0.105,0,0.380,0.354,1,0.000,0.000,0.000,0.000,0.000,0.000,0.096,0.096
107.21,0.105,0,0.380,0.354,1,0.000,0.000,0.000,0.000,0.000,0.000,0.096,0.096
107.41,0.108,0,0.380,0.354,1,0.000,0.000,0.000,0.000,0.000,0.000,0.093,0.111
107.61,0.105,0,0.380,0.354,1,0.000,0.000,0.000,0.000,0.000,0.000,0.100,0.103
107.81,0.105,0,0.380,0.354,1,0.000,0.000,0.000,0.000,0.000,0.000,0.096,0.103
108.01,0.106,0,0.380,0.354,1,0.000,0.000,0.000,0.000,0.000,0.000,0.096,0.103
108.21,0.105,0,0.380,0.354,1,0.000,0.000,0.000,0.000,0.000,0.000,0.100,0.102
108.41,0.105,0,0.380,0.354,1,0.000,0.000,0.000,0.000,0.000,0.000,0.095,0.107
108.61,0.106,0,0.381,0.354,1,0.000,0.000,0.000,0.000,0.000,0.000,0.100,0.104
108.81,0.106,0,0.381,0.354,1,0.000,0.000,0.000,0.000,0.000,0.000,0.097,0.102
109.01,0.105,0,0.380,0.350,1,0.000,0.000,0.000,0.000,0.000,0.000,0.097,0.102
109.21,0.105,0,0.380,0.350,1,0.000,0.000,0.000,0.000,0.000,0.000,0.067,0.050
109.41,0.105,0,0.380,0.350,1,0.000,0.000,0.000,0.000,0.000,0.000,0.104,0.065
109.61,0.370,0,0.386,0.336,1,0.000,0.000,0.000,0.000,0.000,0.000,0.096,0.062
109.81,0.370,0,0.386,0.336,1,0.000,0.000,0.000,0.000,0.000,0.000,0.114,0.039
110.01,0.364,0,0.391,0.331,1,0.000,0.000,0.000,0.000,0.000,0.000,0.114,0.039
110.21,0.105,0,0.391,0.331,1,0.000,0.000,0.000,0.000,0.000,0.000,0.115,0.067
110.41,0.106,0,0.391,0.331,1,0.000,0.000,0.000,0.000,0.000,0.000,0.111,0.071
110.61,0.106,0,0.394,0.331,1,0.000,0.000,0.000,0.000,0.000,0.000,0.137,0.090
110.81,0.366,0,0.394,0.331,1,0.000,0.000,0.000,0.000,0.000,0.000,0.137,0.090
111.01,0.373,0,0.386,0.336,1,0.000,0.000,0.000,0.000,0.000,0.000,0.134,0.124
111.21,0.105,0,0.386,0.336,1,0.000,0.000,0.000,0.000,0.000,0.000,0.132,0.112
111.41,0.107,0,0.386,0.336,1,0.000,0.000,0.000,0.000,0.000,0.000,0.118,0.122
111.61,0.107,0,0.378,0.342,1,0.000,0.000,0.000,0.000,0.000,0.000,0.112,0.124
111.81,0.106,0,0.378,0.342,1,0.000,0.000,0.000,0.000,0.000,0.000,0.112,0.124
112.01,0.105,0,0.377,0.350,1,0.000,0.000,0.000,0.000,0.000,0.000,0.121,0.136
112.21,0.106,0,0.377,0.350,1,0.000,0.000,0.000,0.000,0.000,0.000,0.111,0.124
112.41,0.366,0,0.377,0.350,1,0.000,0.000,0.000,0.000,0.000,0.000,0.102,0.126
112.61,0.366,0,0.377,0.358,1,0.000,0.000,0.000,0.000,0.000,0.000,0.095,0.126
112.81,0.365,0,0.377,0.358,1,0.000,0.000,0.000,0.000,0.000,0.000,0.095,0.126
113.01,0.366,0,0.377,0.364,1,0.000,0.000,0.000,0.000,0.000,0.000,0.096,0.138
113.21,0.366,0,0.377,0.364,1,0.000,0.000,0.000,0.000,0.000,0.000,0.099,0.138
113.41,0.366,0,0.377,0.364,1,0.000,0.000,0.000,0.000,0.000,0.000,0.093,0.154
113.61,0.369,0,0.380,0.390,1,0.000,0.000,0.000,0.000,0.000,0.000,0.093,0.154
113.81,0.369,0,0.380,0.390,1,0.000,0.000,0.000,0.000,0.000,0.000,0.084,0.124
114.01,0.367,0,0.378,0.392,1,0.000,0.000,0.000,0.000,0.000,0.000,0.085,0.119
114.21,0.366,0,0.378,0.392,1,0.000,0.000,0.000,0.000,0.000,0.000,0.084,0.111
114.41,0.366,0,0.378,0.392,1,0.000,0.000,0.000,0.000,0.000,0.000,0.073,0.111
114.61,0.369,0,0.380,0.392,1,0.000,0.000,0.000,0.000,0.000,0.000,0.073,0.111
114.81,0.370,0,0.380,0.392,1,0.000,0.000,0.000,0.000,0.000,0.000,0.070,0.104
115.01,0.100,0,0.381,0.393,1,0.000,0.000,0.000,0.000,0.000,0.000,0.069,0.105
115.21,0.101,0,0.381,0.393,1,0.000,0.000,0.000,0.000,0.000,0.000,0.074,0.114
115.41,0.101,0,0.381,0.393,1,0.000,0.000,0.000,0.000,0.000,0.000,0.052,0.075
115.61,0.100,0,3.110,0.393,0,0.000,0.000,0.000,0.000,0.000,0.000,0.052,0.075
115.81,0.100,0,3.110,0.393,0,0.000,0.000,0.000,0.000,0.000,0.000,0.053,0.078
116.01,0.100,0,3.018,0.393,0,0.000,0.000,0.000,0.000,0.000,0.000,0.053,0.078
116.21,0.100,0,3.018,0.393,0,0.000,0.000,0.000,0.000,0.000,0.000,0.053,0.078
116.41,0.100,0,3.018,0.393,0,0.000,0.000,0.000,0.000,0.000,0.000,0.053,0.078
116.61,0.100,0,3.018,0.393,0,0.000,0.000,0.000,0.000,0.000,0.000,0.053,0.078
116.81,0.101,0,3.018,0.393,0,0.000,0.000,0.000,0.000,0.000,0.000,0.080,0.089
117.01,0.100,0,4.153,0.392,0,0.000,0.000,0.000,0.000,0.000,0.000,0.080,0.089
117.21,0.100,0,4.153,0.392,0,0.000,0.000,0.000,0.000,0.000,0.000,0.080,0.089
117.41,0.100,0,4.153,0.392,0,0.000,0.000,0.000,0.000,0.000,0.000,0.080,0.089
117.61,0.101,0,0.384,0.392,1,0.000,0.000,0.000,0.000,0.000,0.000,0.080,0.089
117.81,0.100,0,0.384,0.392,1,0.000,0.000,0.000,0.000,0.000,0.000,0.080,0.089
118.01,0.100,0,0.135,0.393,0,0.000,0.000,0.000,0.000,0.000,0.000,0.080,0.089
118.21,0.100,0,0.135,0.393,0,0.000,0.000,0.000,0.000,0.000,0.000,0.080,0.089
118.41,0.101,0,0.135,0.393,0,0.000,0.000,0.000,0.000,0.000,0.000,0.080,0.089
118.61,0.100,0,0.138,0.392,0,0.000,0.000,0.000,0.000,0.000,0.000,0.079,0.094
118.81,0.101,0,0.138,0.392,0,0.000,0.000,0.000,0.000,0.000,0.000,0.082,0.087
119.01,0.101,0,0.456,0.393,1,0.000,0.000,0.000,0.000,0.000,0.000,0.081,0.087
119.21,0.101,0,0.456,0.393,1,0.000,0.000,0.000,0.000,0.000,0.000,0.077,0.086
119.41,0.101,0,0.456,0.393,1,0.000,0.000,0.000,0.000,0.000,0.000,0.077,0.086
119.61,0.100,0,0.449,0.392,1,0.000,0.000,0.000,0.000,0.000,0.000,0.075,0.089
119.81,0.100,0,0.449,0.392,1,0.000,0.000,0.000,0.000,0.000,0.000,0.079,0.088
120.01,0.100,0,0.135,0.392,0,0.000,0.000,0.000,0.000,0.000,0.000,0.071,0.088
120.21,0.100,0,0.135,0.392,0,0.000,0.000,0.000,0.000,0.000,0.000,0.071,0.088
120.41,0.110,0,0.135,0.392,0,0.000,0.000,0.000,0.000,0.000,0.000,0.067,0.088
120.61,0.137,0,0.142,0.392,0,0.000,0.000,0.000,0.000,0.000,0.000,0.074,0.098
120.81,0.203,0,0.142,0.392,0,0.000,0.000,0.000,0.000,0.000,0.000,0.081,0.102
121.01,0.203,0,0.378,0.393,1,0.000,0.000,0.000,0.000,0.000,0.000,0.073,0.095
121.21,0.370,0,0.378,0.393,1,0.000,0.000,0.000,0.000,0.000,0.000,0.073,0.095
121.41,0.370,0,0.378,0.393,1,0.000,0.000,0.000,0.000,0.000,0.000,0.073,0.101
121.61,0.370,0,0.381,0.392,1,0.000,0.000,0.000,0.000,0.000,0.000,0.073,0.096
121.81,0.370,0,0.381,0.392,1,0.000,0.000,0.000,0.000,0.000,0.000,0.076,0.095
122.01,0.370,0,0.381,0.393,1,0.000,0.000,0.000,0.000,0.000,0.000,0.071,0.095
122.21,0.368,0,0.381,0.393,1,0.000,0.000,0.000,0.000,0.000,0.000,0.071,0.095
122.41,0.368,0,0.381,0.393,1,0.000,0.000,0.000,0.000,0.000,0.000,0.076,0.101
122.61,0.369,0,0.379,0.393,1,0.000,0.000,0.000,0.000,0.000,0.000,0.068,0.093
122.81,0.369,0,0.379,0.393,1,0.000,0.000,0.000,0.000,0.000,0.000,0.014,0.119
123.01,0.370,0,0.381,0.357,1,0.000,0.000,0.000,0.000,0.000,0.000,0.014,0.119
123.21,0.374,0,0.381,0.357,1,0.000,0.000,0.000,0.000,0.000,0.000,0.021,0.120
123.41,0.106,0,0.381,0.357,1,0.000,0.000,0.000,0.000,0.000,0.000,0.038,0.108
123.61,0.362,0,0.390,0.340,1,0.000,0.000,0.000,0.000,0.000,0.000,0.052,0.090
123.81,0.362,0,0.390,0.340,1,0.000,0.000,0.000,0.000,0.000,0.000,0.057,0.094
124.01,0.106,0,0.367,0.347,1,0.000,0.000,0.000,0.000,0.000,0.000,0.057,0.094
124.21,0.106,0,0.367,0.347,1,0.000,0.000,0.000,0.000,0.000,0.000,0.056,0.092
124.41,0.347,0,0.367,0.347,1,0.000,0.000,0.000,0.000,0.000,0.000,0.073,0.061
124.61,0.347,0,0.358,0.401,1,0.000,0.000,0.000,0.000,0.000,0.000,0.066,0.068
124.81,0.345,0,0.358,0.401,1,0.000,0.000,0.000,0.000,0.000,0.000,0.063,0.060
125.01,0.339,0,0.351,0.402,1,0.000,0.000,0.000,0.000,0.000,0.000,0.063,0.060
125.21,0.339,0,0.351,0.402,1,0.000,0.000,0.000,0.000,0.000,0.000,0.062,0.081
125.41,0.340,0,0.351,0.402,1,0.000,0.000,0.000,0.000,0.000,0.000,0.066,0.079
125.61,0.340,0,0.351,0.402,1,0.000,0.000,0.000,0.000,0.000,0.000,0.071,0.092
125.81,0.344,0,0.351,0.402,1,0.000,0.000,0.000,0.000,0.000,0.000,0.071,0.092
126.01,0.339,0,0.351,0.402,1,0.000,0.000,0.000,0.000,0.000,0.000,0.081,0.113
126.21,0.301,0,0.351,0.402,1,0.000,0.000,0.000,0.000,0.000,0.000,0.083,0.105
126.41,0.343,0,0.351,0.402,1,0.000,0.000,0.000,0.000,0.000,0.000,0.071,0.106
126.61,0.343,0,0.355,0.402,1,0.000,0.000,0.000,0.000,0.000,0.000,0.071,0.113
126.81,0.340,0,0.355,0.402,1,0.000,0.000,0.000,0.000,0.000,0.000,0.071,0.113
127.01,0.340,0,0.352,0.402,1,0.000,0.000,0.000,0.000,0.000,0.000,0.078,0.107
127.21,0.339,0,0.352,0.402,1,0.000,0.000,0.000,0.000,0.000,0.000,0.077,0.106
127.41,0.339,0,0.352,0.402,1,0.000,0.000,0.000,0.000,0.000,0.000,0.076,0.106
127.61,0.340,0,0.352,0.402,1,0.000,0.000,0.000,0.000,0.000,0.000,0.076,0.106
127.81,0.340,0,0.352,0.402,1,0.000,0.000,0.000,0.000,0.000,0.000,0.072,0.111
128.01,0.339,0,0.351,0.402,1,0.000,0.000,0.000,0.000,0.000,0.000,0.076,0.113
128.21,0.344,0,0.351,0.402,1,0.000,0.000,0.000,0.000,0.000,0.000,0.077,0.102
128.41,0.344,0,0.351,0.402,1,0.000,0.000,0.000,0.000,0.000,0.000,0.076,0.098
128.61,0.344,0,0.356,0.402,1,0.000,0.000,0.000,0.000,0.000,0.000,0.076,0.098
128.81,0.343,0,0.356,0.402,1,0.000,0.000,0.000,0.000,0.000,0.000,0.071,0.108
129.01,0.339,0,0.351,0.402,1,0.000,0.000,0.000,0.000,0.000,0.000,0.076,0.101
129.21,0.342,0,0.351,0.402,1,0.000,0.000,0.000,0.000,0.000,0.000,0.076,0.107
129.41,0.342,0,0.351,0.402,1,0.000,0.000,0.000,0.000,0.000,0.000,0.069,0.100
129.61,0.343,0,0.355,0.402,1,0.000,0.000,0.000,0.000,0.000,0.000,0.069,0.100
129.81,0.343,0,0.355,0.402,1,0.000,0.000,0.000,0.000,0.000,0.000,0.071,0.099
130.01,0.343,0,0.354,0.402,1,0.000,0.000,0.000,0.000,0.000,0.000,0.071,0.102
130.21,0.343,0,0.354,0.402,1,0.000,0.000,0.000,0.000,0.000,0.000,0.072,0.103
130.41,0.339,0,0.354,0.402,1,0.000,0.000,0.000,0.000,0.000,0.000,0.075,0.107
130.61,0.343,0,0.354,0.402,1,0.000,0.000,0.000,0.000,0.000,0.000,0.075,0.107
130.81,0.340,0,0.354,0.402,1,0.000,0.000,0.000,0.000,0.000,0.000,0.072,0.105
131.01,0.342,0,0.354,0.402,1,0.000,0.000,0.000,0.000,0.000,0.000,0.074,0.102
131.21,0.342,0,0.354,0.402,1,0.000,0.000,0.000,0.000,0.000,0.000,0.069,0.105
131.41,0.343,0,0.354,0.402,1,0.000,0.000,0.000,0.000,0.000,0.000,0.069,0.105
131.61,0.339,0,0.355,0.402,1,0.000,0.000,0.000,0.000,0.000,0.000,0.072,0.108
131.81,0.339,0,0.355,0.402,1,0.000,0.000,0.000,0.000,0.000,0.000,0.079,0.107
132.01,0.340,0,0.351,0.402,1,0.000,0.000,0.000,0.000,0.000,0.000,0.075,0.111
132.21,0.340,0,0.351,0.402,1,0.000,0.000,0.000,0.000,0.000,0.000,0.076,0.105
132.41,0.340,0,0.351,0.402,1,0.000,0.000,0.000,0.000,0.000,0.000,0.076,0.105
132.61,0.342,0,0.352,0.402,1,0.000,0.000,0.000,0.000,0.000,0.000,0.074,0.107
132.81,0.340,0,0.352,0.402,1,0.000,0.000,0.000,0.000,0.000,0.000,0.077,0.105
133.01,0.340,0,0.352,0.402,1,0.000,0.000,0.000,0.000,0.000,0.000,0.074,0.106
133.21,0.339,0,0.352,0.402,1,0.000,0.000,0.000,0.000,0.000,0.000,0.074,0.106
133.41,0.290,0,0.352,0.402,1,0.000,0.000,0.000,0.000,0.000,0.000,0.074,0.108
133.61,0.106,0,0.351,0.402,1,0.000,0.000,0.000,0.000,0.000,0.000,0.049,0.114
133.81,0.101,0,0.351,0.402,1,0.000,0.000,0.000,0.000,0.000,0.000,0.061,0.102
134.01,0.101,0,1.341,0.402,0,0.000,0.000,0.000,0.000,0.000,0.000,0.056,0.093
134.21,0.101,0,1.341,0.402,0,0.000,0.000,0.000,0.000,0.000,0.000,0.056,0.093
134.41,0.108,0,1.341,0.402,0,0.000,0.000,0.000,0.000,0.000,0.000,0.044,0.100
134.61,0.101,0,0.141,0.402,0,0.000,0.000,0.000,0.000,0.000,0.000,0.061,0.093
134.81,0.101,0,0.141,0.402,0,0.000,0.000,0.000,0.000,0.000,0.000,0.068,0.091
135.01,0.100,0,1.336,0.342,0,0.000,0.000,0.000,0.000,0.000,0.000,0.074,0.094
135.21,0.411,0,1.336,0.342,0,0.000,0.000,0.000,0.000,0.000,0.000,0.074,0.094
135.41,0.100,0,1.336,0.342,0,0.000,0.000,0.000,0.000,0.000,0.000,0.076,0.102
135.61,0.101,0,0.135,0.401,0,0.000,0.000,0.000,0.000,0.000,0.000,0.056,0.106
135.81,0.101,0,0.135,0.401,0,0.000,0.000,0.000,0.000,0.000,0.000,0.058,0.105
136.01,0.104,0,0.138,0.402,0,0.000,0.000,0.000,0.000,0.000,0.000,0.058,0.105
136.21,0.309,0,0.138,0.402,0,0.000,0.000,0.000,0.000,0.000,0.000,0.068,0.112
136.41,0.341,0,0.138,0.402,0,0.000,0.000,0.000,0.000,0.000,0.000,0.071,0.117
136.61,0.342,0,0.353,0.402,1,0.000,0.000,0.000,0.000,0.000,0.000,0.078,0.115
136.81,0.342,0,0.353,0.402,1,0.000,0.000,0.000,0.000,0.000,0.000,0.069,0.121
137.01,0.343,0,0.355,0.402,1,0.000,0.000,0.000,0.000,0.000,0.000,0.069,0.121
137.21,0.344,0,0.355,0.402,1,0.000,0.000,0.000,0.000,0.000,0.000,0.072,0.125
137.41,0.343,0,0.355,0.402,1,0.000,0.000,0.000,0.000,0.000,0.000,0.074,0.127
137.61,0.343,0,0.354,0.402,1,0.000,0.000,0.000,0.000,0.000,0.000,0.071,0.121
137.81,0.339,0,0.354,0.402,1,0.000,0.000,0.000,0.000,0.000,0.000,0.069,0.120
138.01,0.343,0,0.355,0.402,1,0.000,0.000,0.000,0.000,0.000,0.000,0.069,0.120
138.21,0.339,0,0.355,0.402,1,0.000,0.000,0.000,0.000,0.000,0.000,0.073,0.128
138.41,0.343,0,0.355,0.402,1,0.000,0.000,0.000,0.000,0.000,0.000,0.069,0.128
138.61,0.343,0,0.354,0.402,1,0.000,0.000,0.000,0.000,0.000,0.000,0.073,0.126
138.81,0.342,0,0.354,0.402,1,0.000,0.000,0.000,0.000,0.000,0.000,0.073,0.126
139.01,0.343,0,0.355,0.402,1,0.000,0.000,0.000,0.000,0.000,0.000,0.078,0.130
139.21,0.339,0,0.355,0.402,1,0.000,0.000,0.000,0.000,0.000,0.000,0.077,0.132
139.41,0.343,0,0.355,0.402,1,0.000,0.000,0.000,0.000,0.000,0.000,0.082,0.116
139.61,0.343,0,0.355,0.402,1,0.000,0.000,0.000,0.000,0.000,0.000,0.073,0.122
139.81,0.341,0,0.355,0.402,1,0.000,0.000,0.000,0.000,0.000,0.000,0.073,0.122
140.01,0.342,0,0.354,0.402,1,0.000,0.000,0.000,0.000,0.000,0.000,0.077,0.121
140.21,0.343,0,0.354,0.402,1,0.000,0.000,0.000,0.000,0.000,0.000,0.069,0.122
140.41,0.343,0,0.354,0.402,1,0.000,0.000,0.000,0.000,0.000,0.000,0.078,0.103
140.61,0.339,0,0.351,0.402,1,0.000,0.000,0.000,0.000,0.000,0.000,0.072,0.107
140.81,0.340,0,0.351,0.402,1,0.000,0.000,0.000,0.000,0.000,0.000,0.072,0.107
141.01,0.343,0,0.355,0.402,1,0.000,0.000,0.000,0.000,0.000,0.000,0.080,0.109
141.21,0.343,0,0.355,0.402,1,0.000,0.000,0.000,0.000,0.000,0.000,0.072,0.099
141.41,0.343,0,0.355,0.402,1,0.000,0.000,0.000,0.000,0.000,0.000,0.078,0.099
141.61,0.344,0,0.356,0.401,1,0.000,0.000,0.000,0.000,0.000,0.000,0.078,0.099
141.81,0.342,0,0.356,0.401,1,0.000,0.000,0.000,0.000,0.000,0.000,0.077,0.100
142.01,0.341,0,0.353,0.402,1,0.000,0.000,0.000,0.000,0.000,0.000,0.072,0.103
142.21,0.343,0,0.353,0.402,1,0.000,0.000,0.000,0.000,0.000,0.000,0.075,0.104
142.41,0.343,0,0.353,0.402,1,0.000,0.000,0.000,0.000,0.000,0.000,0.085,0.106
142.61,0.341,0,0.353,0.402,1,0.000,0.000,0.000,0.000,0.000,0.000,0.085,0.106
142.81,0.340,0,0.353,0.402,1,0.000,0.000,0.000,0.000,0.000,0.000,0.079,0.103
143.01,0.341,0,0.353,0.402,1,0.000,0.000,0.000,0.000,0.000,0.000,0.080,0.112
143.21,0.341,0,0.353,0.402,1,0.000,0.000,0.000,0.000,0.000,0.000,0.079,0.099
143.41,0.342,0,0.353,0.402,1,0.000,0.000,0.000,0.000,0.000,0.000,0.068,0.089
143.61,0.344,0,0.356,0.402,1,0.000,0.000,0.000,0.000,0.000,0.000,0.068,0.089
143.81,0.339,0,0.356,0.402,1,0.000,0.000,0.000,0.000,0.000,0.000,0.074,0.097
144.01,0.340,0,0.352,0.402,1,0.000,0.000,0.000,0.000,0.000,0.000,0.078,0.087
144.21,0.340,0,0.352,0.402,1,0.000,0.000,0.000,0.000,0.000,0.000,0.078,0.081
144.41,0.340,0,0.352,0.402,1,0.000,0.000,0.000,0.000,0.000,0.000,0.078,0.081
144.61,0.341,0,0.353,0.401,1,0.000,0.000,0.000,0.000,0.000,0.000,0.077,0.084
144.81,0.340,0,0.353,0.401,1,0.000,0.000,0.000,0.000,0.000,0.000,0.075,0.092
145.01,0.343,0,0.351,0.402,1,0.000,0.000,0.000,0.000,0.000,0.000,0.080,0.097
145.21,0.343,0,0.351,0.402,1,0.000,0.000,0.000,0.000,0.000,0.000,0.080,0.101
145.41,0.343,0,0.351,0.402,1,0.000,0.000,0.000,0.000,0.000,0.000,0.080,0.101
145.61,0.341,0,0.354,0.402,1,0.000,0.000,0.000,0.000,0.000,0.000,0.078,0.107
145.81,0.340,0,0.354,0.402,1,0.000,0.000,0.000,0.000,0.000,0.000,0.075,0.102
146.01,0.340,0,0.352,0.402,1,0.000,0.000,0.000,0.000,0.000,0.000,0.075,0.095
146.21,0.343,0,0.352,0.402,1,0.000,0.000,0.000,0.000,0.000,0.000,0.075,0.095
146.41,0.343,0,0.352,0.402,1,0.000,0.000,0.000,0.000,0.000,0.000,0.073,0.092
146.61,0.344,0,0.355,0.402,1,0.000,0.000,0.000,0.000,0.000,0.000,0.079,0.092
146.81,0.340,0,0.355,0.402,1,0.000,0.000,0.000,0.000,0.000,0.000,0.080,0.103
147.01,0.340,0,0.352,0.402,1,0.000,0.000,0.000,0.000,0.000,0.000,0.078,0.097
147.21,0.342,0,0.352,0.402,1,0.000,0.000,0.000,0.000,0.000,0.000,0.078,0.097
147.41,0.344,0,0.352,0.402,1,0.000,0.000,0.000,0.000,0.000,0.000,0.071,0.094
147.61,0.343,0,0.356,0.402,1,0.000,0.000,0.000,0.000,0.000,0.000,0.076,0.090
147.81,0.341,0,0.356,0.402,1,0.000,0.000,0.000,0.000,0.000,0.000,0.073,0.086
148.01,0.341,0,0.353,0.402,1,0.000,0.000,0.000,0.000,0.000,0.000,0.071,0.082
148.21,0.343,0,0.353,0.402,1,0.000,0.000,0.000,0.000,0.000,0.000,0.071,0.082
148.41,0.342,0,0.353,0.402,1,0.000,0.000,0.000,0.000,0.000,0.000,0.071,0.088
148.61,0.341,0,0.354,0.402,1,0.000,0.000,0.000,0.000,0.000,0.000,0.073,0.094
148.81,0.341,0,0.354,0.402,1,0.000,0.000,0.000,0.000,0.000,0.000,0.074,0.092
149.01,0.340,0,0.352,0.402,1,0.000,0.000,0.000,0.000,0.000,0.000,0.074,0.092
149.21,0.339,0,0.352,0.402,1,0.000,0.000,0.000,0.000,0.000,0.000,0.072,0.095
149.41,0.342,0,0.352,0.402,1,0.000,0.000,0.000,0.000,0.000,0.000,0.078,0.094
149.61,0.339,0,0.354,0.402,1,0.000,0.000,0.000,0.000,0.000,0.000,0.075,0.092
149.81,0.339,0,0.354,0.402,1,0.000,0.000,0.000,0.000,0.000,0.000,0.071,0.091
150.01,0.339,0,0.351,0.402,1,0.000,0.000,0.000,0.000,0.000,0.000,0.071,0.091
150.21,0.341,0,0.351,0.402,1,0.000,0.000,0.000,0.000,0.000,0.000,0.076,0.091
150.41,0.340,0,0.351,0.402,1,0.000,0.000,0.000,0.000,0.000,0.000,0.070,0.086
150.61,0.342,0,0.352,0.402,1,0.000,0.000,0.000,0.000,0.000,0.000,0.074,0.080
150.81,0.342,0,0.352,0.402,1,0.000,0.000,0.000,0.000,0.000,0.000,0.072,0.079
151.01,0.341,0,0.353,0.402,1,0.000,0.000,0.000,0.000,0.000,0.000,0.072,0.079
151.21,0.341,0,0.353,0.402,1,0.000,0.000,0.000,0.000,0.000,0.000,0.075,0.087
151.41,0.344,0,0.353,0.402,1,0.000,0.000,0.000,0.000,0.000,0.000,0.073,0.077
151.61,0.344,0,0.356,0.402,1,0.000,0.000,0.000,0.000,0.000,0.000,0.069,0.074
151.81,0.331,0,0.356,0.402,1,0.000,0.000,0.000,0.000,0.000,0.000,0.069,0.074
152.01,0.312,0,0.353,0.402,1,0.000,0.000,0.000,0.000,0.000,0.000,0.079,0.052
152.21,0.313,0,0.353,0.402,1,0.000,0.000,0.000,0.000,0.000,0.000,0.082,0.055
152.41,0.339,0,0.353,0.402,1,0.000,0.000,0.000,0.000,0.000,0.000,0.078,0.075
152.61,0.339,0,0.351,0.402,1,0.000,0.000,0.000,0.000,0.000,0.000,0.073,0.076
152.81,0.343,0,0.351,0.402,1,0.000,0.000,0.000,0.000,0.000,0.000,0.073,0.076
153.01,0.343,0,0.355,0.402,1,0.000,0.000,0.000,0.000,0.000,0.000,0.080,0.083
153.21,0.339,0,0.355,0.402,1,0.000,0.000,0.000,0.000,0.000,0.000,0.075,0.091
153.41,0.343,0,0.355,0.402,1,0.000,0.000,0.000,0.000,0.000,0.000,0.070,0.071
153.61,0.343,0,0.355,0.402,1,0.000,0.000,0.000,0.000,0.000,0.000,0.074,0.097
153.81,0.341,0,0.355,0.402,1,0.000,0.000,0.000,0.000,0.000,0.000,0.074,0.097
154.01,0.339,0,0.351,0.402,1,0.000,0.000,0.000,0.000,0.000,0.000,0.078,0.094
154.21,0.342,0,0.351,0.402,1,0.000,0.000,0.000,0.000,0.000,0.000,0.076,0.103
154.41,0.342,0,0.351,0.402,1,0.000,0.000,0.000,0.000,0.000,0.000,0.078,0.102
154.61,0.343,0,0.355,0.402,1,0.000,0.000,0.000,0.000,0.000,0.000,0.078,0.102
154.81,0.339,0,0.355,0.402,1,0.000,0.000,0.000,0.000,0.000,0.000,0.077,0.085
155.01,0.340,0,0.351,0.402,1,0.000,0.000,0.000,0.000,0.000,0.000,0.074,0.092
155.21,0.343,0,0.351,0.402,1,0.000,0.000,0.000,0.000,0.000,0.000,0.071,0.095
155.41,0.343,0,0.351,0.402,1,0.000,0.000,0.000,0.000,0.000,0.000,0.071,0.096
155.61,0.339,0,0.351,0.402,1,0.000,0.000,0.000,0.000,0.000,0.000,0.071,0.096
155.81,0.339,0,0.351,0.402,1,0.000,0.000,0.000,0.000,0.000,0.000,0.077,0.102
156.01,0.343,0,0.355,0.402,1,0.000,0.000,0.000,0.000,0.000,0.000,0.069,0.093
156.21,0.343,0,0.355,0.402,1,0.000,0.000,0.000,0.000,0.000,0.000,0.079,0.091
156.41,0.343,0,0.355,0.402,1,0.000,0.000,0.000,0.000,0.000,0.000,0.072,0.099
156.61,0.339,0,0.351,0.402,1,0.000,0.000,0.000,0.000,0.000,0.000,0.072,0.099
156.81,0.341,0,0.351,0.402,1,0.000,0.000,0.000,0.000,0.000,0.000,0.074,0.087
157.01,0.340,0,0.352,0.402,1,0.000,0.000,0.000,0.000,0.000,0.000,0.075,0.087
157.21,0.340,0,0.352,0.402,1,0.000,0.000,0.000,0.000,0.000,0.000,0.079,0.086
157.41,0.341,0,0.352,0.402,1,0.000,0.000,0.000,0.000,0.000,0.000,0.079,0.086
157.61,0.339,0,0.351,0.402,1,0.000,0.000,0.000,0.000,0.000,0.000,0.078,0.099
157.81,0.343,0,0.351,0.402,1,0.000,0.000,0.000,0.000,0.000,0.000,0.082,0.093
158.01,0.344,0,0.356,0.402,1,0.000,0.000,0.000,0.000,0.000,0.000,0.073,0.087
158.21,0.344,0,0.356,0.402,1,0.000,0.000,0.000,0.000,0.000,0.000,0.071,0.092
158.41,0.339,0,0.356,0.402,1,0.000,0.000,0.000,0.000,0.000,0.000,0.071,0.092
158.61,0.342,0,0.351,0.402,1,0.000,0.000,0.000,0.000,0.000,0.000,0.076,0.085
158.81,0.343,0,0.351,0.402,1,0.000,0.000,0.000,0.000,0.000,0.000,0.073,0.108
159.01,0.343,0,0.354,0.402,1,0.000,0.000,0.000,0.000,0.000,0.000,0.076,0.085
159.21,0.341,0,0.354,0.402,1,0.000,0.000,0.000,0.000,0.000,0.000,0.078,0.092
159.41,0.340,0,0.354,0.402,1,0.000,0.000,0.000,0.000,0.000,0.000,0.078,0.092
159.61,0.341,0,0.352,0.402,1,0.000,0.000,0.000,0.000,0.000,0.000,0.072,0.088
159.81,0.340,0,0.352,0.402,1,0.000,0.000,0.000,0.000,0.000,0.000,0.071,0.090
160.01,0.340,0,0.351,0.402,1,0.000,0.000,0.000,0.000,0.000,0.000,0.080,0.094
160.21,0.339,0,0.351,0.402,1,0.000,0.000,0.000,0.000,0.000,0.000,0.080,0.094
160.41,0.342,0,0.351,0.402,1,0.000,0.000,0.000,0.000,0.000,0.000,0.074,0.090
160.61,0.343,0,0.354,0.402,1,0.000,0.000,0.000,0.000,0.000,0.000,0.074,0.093
160.81,0.339,0,0.354,0.402,1,0.000,0.000,0.000,0.000,0.000,0.000,0.079,0.100
161.01,0.339,0,0.351,0.402,1,0.000,0.000,0.000,0.000,0.000,0.000,0.077,0.087
161.21,0.339,0,0.351,0.402,1,0.000,0.000,0.000,0.000,0.000,0.000,0.077,0.087
161.41,0.339,0,0.351,0.402,1,0.000,0.000,0.000,0.000,0.000,0.000,0.077,0.093
161.61,0.339,0,0.351,0.402,1,0.000,0.000,0.000,0.000,0.000,0.000,0.077,0.091
161.81,0.339,0,0.351,0.402,1,0.000,0.000,0.000,0.000,0.000,0.000,0.083,0.095
162.01,0.342,0,0.353,0.402,1,0.000,0.000,0.000,0.000,0.000,0.000,0.077,0.097
162.21,0.341,0,0.353,0.402,1,0.000,0.000,0.000,0.000,0.000,0.000,0.077,0.097
162.41,0.341,0,0.353,0.402,1,0.000,0.000,0.000,0.000,0.000,0.000,0.073,0.102
162.61,0.339,0,0.353,0.402,1,0.000,0.000,0.000,0.000,0.000,0.000,0.076,0.106
162.81,0.339,0,0.353,0.402,1,0.000,0.000,0.000,0.000,0.000,0.000,0.078,0.098
163.01,0.343,0,0.354,0.402,1,0.000,0.000,0.000,0.000,0.000,0.000,0.078,0.098
163.21,0.342,0,0.354,0.402,1,0.000,0.000,0.000,0.000,0.000,0.000,0.071,0.100
163.41,0.342,0,0.354,0.402,1,0.000,0.000,0.000,0.000,0.000,0.000,0.074,0.102
163.61,0.340,0,0.353,0.402,1,0.000,0.000,0.000,0.000,0.000,0.000,0.077,0.107
163.81,0.340,0,0.353,0.402,1,0.000,0.000,0.000,0.000,0.000,0.000,0.075,0.101
164.01,0.342,0,0.354,0.402,1,0.000,0.000,0.000,0.000,0.000,0.000,0.075,0.101
164.21,0.344,0,0.354,0.402,1,0.000,0.000,0.000,0.000,0.000,0.000,0.072,0.094
164.41,0.344,0,0.354,0.402,1,0.000,0.000,0.000,0.000,0.000,0.000,0.072,0.099
164.61,0.344,0,0.356,0.402,1,0.000,0.000,0.000,0.000,0.000,0.000,0.072,0.092
164.81,0.339,0,0.356,0.402,1,0.000,0.000,0.000,0.000,0.000,0.000,0.077,0.098
165.01,0.341,0,0.353,0.402,1,0.000,0.000,0.000,0.000,0.000,0.000,0.077,0.098
165.21,0.344,0,0.353,0.402,1,0.000,0.000,0.000,0.000,0.000,0.000,0.074,0.091
165.41,0.343,0,0.353,0.402,1,0.000,0.000,0.000,0.000,0.000,0.000,0.068,0.089
165.61,0.343,0,0.355,0.402,1,0.000,0.000,0.000,0.000,0.000,0.000,0.076,0.087
165.81,0.340,0,0.355,0.402,1,0.000,0.000,0.000,0.000,0.000,0.000,0.076,0.087
166.01,0.341,0,0.353,0.402,1,0.000,0.000,0.000,0.000,0.000,0.000,0.069,0.083
166.21,0.106,0,0.353,0.402,1,0.000,0.000,0.000,0.000,0.000,0.000,0.076,0.087
166.41,0.339,0,0.353,0.402,1,0.000,0.000,0.000,0.000,0.000,0.000,0.085,0.091
166.61,0.339,0,0.351,0.402,1,0.000,0.000,0.000,0.000,0.000,0.000,0.073,0.085
166.81,0.339,0,0.351,0.402,1,0.000,0.000,0.000,0.000,0.000,0.000,0.073,0.085
167.01,0.340,0,0.352,0.402,1,0.000,0.000,0.000,0.000,0.000,0.000,0.073,0.093
167.21,0.339,0,0.352,0.402,1,0.000,0.000,0.000,0.000,0.000,0.000,0.078,0.097
167.41,0.339,0,0.352,0.402,1,0.000,0.000,0.000,0.000,0.000,0.000,0.081,0.092
167.61,0.342,0,0.353,0.402,1,0.000,0.000,0.000,0.000,0.000,0.000,0.081,0.092
167.81,0.340,0,0.353,0.402,1,0.000,0.000,0.000,0.000,0.000,0.000,0.078,0.085
168.01,0.343,0,0.355,0.402,1,0.000,0.000,0.000,0.000,0.000,0.000,0.079,0.092
168.21,0.343,0,0.355,0.402,1,0.000,0.000,0.000,0.000,0.000,0.000,0.076,0.095
168.41,0.343,0,0.355,0.402,1,0.000,0.000,0.000,0.000,0.000,0.000,0.078,0.086
168.61,0.343,0,0.355,0.402,1,0.000,0.000,0.000,0.000,0.000,0.000,0.078,0.086
168.81,0.340,0,0.355,0.402,1,0.000,0.000,0.000,0.000,0.000,0.000,0.074,0.087
169.01,0.340,0,0.352,0.402,1,0.000,0.000,0.000,0.000,0.000,0.000,0.079,0.091
169.21,0.339,0,0.352,0.402,1,0.000,0.000,0.000,0.000,0.000,0.000,0.087,0.097
169.41,0.339,0,0.352,0.402,1,0.000,0.000,0.000,0.000,0.000,0.000,0.081,0.092
169.61,0.341,0,0.353,0.402,1,0.000,0.000,0.000,0.000,0.000,0.000,0.081,0.092
169.81,0.343,0,0.353,0.402,1,0.000,0.000,0.000,0.000,0.000,0.000,0.074,0.094
170.01,0.344,0,0.356,0.402,1,0.000,0.000,0.000,0.000,0.000,0.000,0.072,0.091
170.21,0.344,0,0.356,0.402,1,0.000,0.000,0.000,0.000,0.000,0.000,0.084,0.097
170.41,0.343,0,0.356,0.402,1,0.000,0.000,0.000,0.000,0.000,0.000,0.084,0.097
170.61,0.340,0,0.351,0.402,1,0.000,0.000,0.000,0.000,0.000,0.000,0.078,0.090
170.81,0.341,0,0.351,0.402,1,0.000,0.000,0.000,0.000,0.000,0.000,0.078,0.080
171.01,0.339,0,0.351,0.402,1,0.000,0.000,0.000,0.000,0.000,0.000,0.085,0.091
171.21,0.339,0,0.351,0.402,1,0.000,0.000,0.000,0.000,0.000,0.000,0.088,0.093
171.41,0.341,0,0.351,0.402,1,0.000,0.000,0.000,0.000,0.000,0.000,0.088,0.093
171.61,0.340,0,0.353,0.402,1,0.000,0.000,0.000,0.000,0.000,0.000,0.078,0.096
171.81,0.340,0,0.353,0.402,1,0.000,0.000,0.000,0.000,0.000,0.000,0.076,0.091
172.01,0.340,0,0.352,0.402,1,0.000,0.000,0.000,0.000,0.000,0.000,0.075,0.093
172.21,0.343,0,0.352,0.402,1,0.000,0.000,0.000,0.000,0.000,0.000,0.074,0.085
172.41,0.343,0,0.352,0.402,1,0.000,0.000,0.000,0.000,0.000,0.000,0.074,0.085
172.61,0.344,0,0.355,0.402,1,0.000,0.000,0.000,0.000,0.000,0.000,0.073,0.093
172.81,0.343,0,0.355,0.402,1,0.000,0.000,0.000,0.000,0.000,0.000,0.074,0.092
173.01,0.343,0,0.355,0.402,1,0.000,0.000,0.000,0.000,0.000,0.000,0.077,0.079
173.21,0.343,0,0.355,0.402,1,0.000,0.000,0.000,0.000,0.000,0.000,0.077,0.079
173.41,0.343,0,0.355,0.402,1,0.000,0.000,0.000,0.000,0.000,0.000,0.071,0.082
173.61,0.340,0,0.355,0.402,1,0.000,0.000,0.000,0.000,0.000,0.000,0.080,0.094
173.81,0.341,0,0.355,0.402,1,0.000,0.000,0.000,0.000,0.000,0.000,0.079,0.094
174.01,0.341,0,0.353,0.402,1,0.000,0.000,0.000,0.000,0.000,0.000,0.079,0.096
174.21,0.339,0,0.353,0.402,1,0.000,0.000,0.000,0.000,0.000,0.000,0.079,0.096
174.41,0.344,0,0.353,0.402,1,0.000,0.000,0.000,0.000,0.000,0.000,0.073,0.089
174.61,0.343,0,0.356,0.402,1,0.000,0.000,0.000,0.000,0.000,0.000,0.086,0.095
174.81,0.343,0,0.356,0.402,1,0.000,0.000,0.000,0.000,0.000,0.000,0.078,0.092
175.01,0.339,0,0.351,0.402,1,0.000,0.000,0.000,0.000,0.000,0.000,0.078,0.092
175.21,0.342,0,0.351,0.402,1,0.000,0.000,0.000,0.000,0.000,0.000,0.082,0.085
175.41,0.340,0,0.351,0.402,1,0.000,0.000,0.000,0.000,0.000,0.000,0.074,0.088
175.61,0.340,0,0.352,0.402,1,0.000,0.000,0.000,0.000,0.000,0.000,0.073,0.094
175.81,0.340,0,0.352,0.402,1,0.000,0.000,0.000,0.000,0.000,0.000,0.078,0.091
176.01,0.340,0,0.352,0.402,1,0.000,0.000,0.000,0.000,0.000,0.000,0.078,0.091
176.21,0.341,0,0.352,0.402,1,0.000,0.000,0.000,0.000,0.000,0.000,0.078,0.090
176.41,0.343,0,0.352,0.402,1,0.000,0.000,0.000,0.000,0.000,0.000,0.078,0.090
176.61,0.343,0,0.355,0.402,1,0.000,0.000,0.000,0.000,0.000,0.000,0.077,0.087
176.81,0.343,0,0.355,0.402,1,0.000,0.000,0.000,0.000,0.000,0.000,0.079,0.092
177.01,0.340,0,0.352,0.402,1,0.000,0.000,0.000,0.000,0.000,0.000,0.079,0.092
177.21,0.339,0,0.352,0.402,1,0.000,0.000,0.000,0.000,0.000,0.000,0.076,0.095
177.41,0.343,0,0.352,0.402,1,0.000,0.000,0.000,0.000,0.000,0.000,0.082,0.098
177.61,0.343,0,0.355,0.402,1,0.000,0.000,0.000,0.000,0.000,0.000,0.078,0.097
177.81,0.342,0,0.355,0.402,1,0.000,0.000,0.000,0.000,0.000,0.000,0.078,0.097
178.01,0.340,0,0.352,0.402,1,0.000,0.000,0.000,0.000,0.000,0.000,0.075,0.094
178.21,0.344,0,0.352,0.402,1,0.000,0.000,0.000,0.000,0.000,0.000,0.075,0.094
178.41,0.342,0,0.352,0.402,1,0.000,0.000,0.000,0.000,0.000,0.000,0.074,0.083
178.61,0.342,0,0.353,0.401,1,0.000,0.000,0.000,0.000,0.000,0.000,0.076,0.081
178.81,0.342,0,0.353,0.401,1,0.000,0.000,0.000,0.000,0.000,0.000,0.076,0.081
179.01,0.343,0,0.354,0.401,1,0.000,0.000,0.000,0.000,0.000,0.000,0.071,0.087
179.21,0.344,0,0.354,0.401,1,0.000,0.000,0.000,0.000,0.000,0.000,0.075,0.079
179.41,0.344,0,0.354,0.401,1,0.000,0.000,0.000,0.000,0.000,0.000,0.067,0.082
179.61,0.341,0,0.353,0.401,1,0.000,0.000,0.000,0.000,0.000,0.000,0.073,0.082
179.81,0.339,0,0.353,0.401,1,0.000,0.000,0.000,0.000,0.000,0.000,0.073,0.082
180.01,0.339,0,0.351,0.402,1,0.000,0.000,0.000,0.000,0.000,0.000,0.075,0.098
180.21,0.339,0,0.351,0.402,1,0.000,0.000,0.000,0.000,0.000,0.000,0.075,0.106
180.41,0.339,0,0.351,0.402,1,0.000,0.000,0.000,0.000,0.000,0.000,0.072,0.116
180.61,0.344,0,0.356,0.402,1,0.000,0.000,0.000,0.000,0.000,0.000,0.072,0.116
180.81,0.344,0,0.356,0.402,1,0.000,0.000,0.000,0.000,0.000,0.000,0.072,0.107
181.01,0.343,0,0.355,0.402,1,0.000,0.000,0.000,0.000,0.000,0.000,0.075,0.109
181.21,0.343,0,0.355,0.402,1,0.000,0.000,0.000,0.000,0.000,0.000,0.077,0.116
181.41,0.343,0,0.355,0.402,1,0.000,0.000,0.000,0.000,0.000,0.000,0.074,0.112
181.61,0.339,0,0.351,0.402,1,0.000,0.000,0.000,0.000,0.000,0.000,0.074,0.112
181.81,0.341,0,0.351,0.402,1,0.000,0.000,0.000,0.000,0.000,0.000,0.080,0.116
182.01,0.343,0,0.354,0.402,1,0.000,0.000,0.000,0.000,0.000,0.000,0.079,0.113
182.21,0.343,0,0.354,0.402,1,0.000,0.000,0.000,0.000,0.000,0.000,0.076,0.118
182.41,0.340,0,0.354,0.402,1,0.000,0.000,0.000,0.000,0.000,0.000,0.076,0.118
182.61,0.342,0,0.354,0.402,1,0.000,0.000,0.000,0.000,0.000,0.000,0.081,0.122
182.81,0.340,0,0.354,0.402,1,0.000,0.000,0.000,0.000,0.000,0.000,0.074,0.123
183.01,0.341,0,0.353,0.402,1,0.000,0.000,0.000,0.000,0.000,0.000,0.080,0.118
183.21,0.341,0,0.353,0.402,1,0.000,0.000,0.000,0.000,0.000,0.000,0.075,0.114
183.41,0.343,0,0.353,0.402,1,0.000,0.000,0.000,0.000,0.000,0.000,0.075,0.114
183.61,0.342,0,0.355,0.402,1,0.000,0.000,0.000,0.000,0.000,0.000,0.076,0.117
183.81,0.343,0,0.355,0.402,1,0.000,0.000,0.000,0.000,0.000,0.000,0.079,0.116
184.01,0.343,0,0.355,0.402,1,0.000,0.000,0.000,0.000,0.000,0.000,0.077,0.117
184.21,0.340,0,0.355,0.402,1,0.000,0.000,0.000,0.000,0.000,0.000,0.082,0.116
184.41,0.343,0,0.355,0.402,1,0.000,0.000,0.000,0.000,0.000,0.000,0.082,0.116
184.61,0.343,0,0.354,0.402,1,0.000,0.000,0.000,0.000,0.000,0.000,0.078,0.117
184.81,0.344,0,0.354,0.402,1,0.000,0.000,0.000,0.000,0.000,0.000,0.081,0.124
185.01,0.344,0,0.356,0.402,1,0.000,0.000,0.000,0.000,0.000,0.000,0.073,0.120
185.21,0.343,0,0.356,0.402,1,0.000,0.000,0.000,0.000,0.000,0.000,0.073,0.120
185.41,0.343,0,0.356,0.402,1,0.000,0.000,0.000,0.000,0.000,0.000,0.082,0.119
185.61,0.339,0,0.354,0.402,1,0.000,0.000,0.000,0.000,0.000,0.000,0.075,0.122
185.81,0.340,0,0.354,0.402,1,0.000,0.000,0.000,0.000,0.000,0.000,0.081,0.114
186.01,0.340,0,0.352,0.402,1,0.000,0.000,0.000,0.000,0.000,0.000,0.076,0.126
186.21,0.343,0,0.352,0.402,1,0.000,0.000,0.000,0.000,0.000,0.000,0.076,0.126
186.41,0.343,0,0.352,0.402,1,0.000,0.000,0.000,0.000,0.000,0.000,0.079,0.117
186.61,0.344,0,0.354,0.402,1,0.000,0.000,0.000,0.000,0.000,0.000,0.072,0.127
186.81,0.344,0,0.354,0.402,1,0.000,0.000,0.000,0.000,0.000,0.000,0.078,0.127
187.01,0.343,0,0.355,0.402,1,0.000,0.000,0.000,0.000,0.000,0.000,0.078,0.125
187.21,0.344,0,0.355,0.402,1,0.000,0.000,0.000,0.000,0.000,0.000,0.078,0.125
187.41,0.342,0,0.355,0.402,1,0.000,0.000,0.000,0.000,0.000,0.000,0.084,0.123
187.61,0.339,0,0.353,0.402,1,0.000,0.000,0.000,0.000,0.000,0.000,0.082,0.130
187.81,0.339,0,0.353,0.402,1,0.000,0.000,0.000,0.000,0.000,0.000,0.084,0.130
188.01,0.343,0,0.355,0.402,1,0.000,0.000,0.000,0.000,0.000,0.000,0.084,0.130
188.21,0.343,0,0.355,0.402,1,0.000,0.000,0.000,0.000,0.000,0.000,0.079,0.117
188.41,0.340,0,0.355,0.402,1,0.000,0.000,0.000,0.000,0.000,0.000,0.075,0.120
188.61,0.340,0,0.352,0.402,1,0.000,0.000,0.000,0.000,0.000,0.000,0.074,0.121
188.81,0.340,0,0.352,0.402,1,0.000,0.000,0.000,0.000,0.000,0.000,0.077,0.122
189.01,0.339,0,0.351,0.402,1,0.000,0.000,0.000,0.000,0.000,0.000,0.077,0.122
189.21,0.343,0,0.351,0.402,1,0.000,0.000,0.000,0.000,0.000,0.000,0.080,0.114
189.41,0.339,0,0.351,0.402,1,0.000,0.000,0.000,0.000,0.000,0.000,0.075,0.120
189.61,0.339,0,0.351,0.402,1,0.000,0.000,0.000,0.000,0.000,0.000,0.075,0.118
189.81,0.340,0,0.351,0.402,1,0.000,0.000,0.000,0.000,0.000,0.000,0.075,0.118
190.01,0.341,0,0.353,0.402,1,0.000,0.000,0.000,0.000,0.000,0.000,0.080,0.125
190.21,0.343,0,0.353,0.402,1,0.000,0.000,0.000,0.000,0.000,0.000,0.078,0.128
190.41,0.343,0,0.353,0.402,1,0.000,0.000,0.000,0.000,0.000,0.000,0.074,0.126
190.61,0.343,0,0.355,0.402,1,0.000,0.000,0.000,0.000,0.000,0.000,0.078,0.130
190.81,0.339,0,0.355,0.402,1,0.000,0.000,0.000,0.000,0.000,0.000,0.078,0.130
191.01,0.343,0,0.354,0.402,1,0.000,0.000,0.000,0.000,0.000,0.000,0.078,0.109
191.21,0.343,0,0.354,0.402,1,0.000,0.000,0.000,0.000,0.000,0.000,0.074,0.129
191.41,0.343,0,0.354,0.402,1,0.000,0.000,0.000,0.000,0.000,0.000,0.075,0.120
191.61,0.343,0,0.355,0.402,1,0.000,0.000,0.000,0.000,0.000,0.000,0.072,0.125
191.81,0.341,0,0.355,0.402,1,0.000,0.000,0.000,0.000,0.000,0.000,0.072,0.125
192.01,0.340,0,0.352,0.402,1,0.000,0.000,0.000,0.000,0.000,0.000,0.069,0.114
192.21,0.343,0,0.352,0.402,1,0.000,0.000,0.000,0.000,0.000,0.000,0.064,0.118
192.41,0.343,0,0.352,0.402,1,0.000,0.000,0.000,0.000,0.000,0.000,0.073,0.123
192.61,0.342,0,0.353,0.402,1,0.000,0.000,0.000,0.000,0.000,0.000,0.073,0.123
192.81,0.341,0,0.353,0.402,1,0.000,0.000,0.000,0.000,0.000,0.000,0.072,0.121
193.01,0.342,0,0.354,0.402,1,0.000,0.000,0.000,0.000,0.000,0.000,0.069,0.110
193.21,0.343,0,0.354,0.402,1,0.000,0.000,0.000,0.000,0.000,0.000,0.073,0.110
193.41,0.343,0,0.354,0.402,1,0.000,0.000,0.000,0.000,0.000,0.000,0.081,0.121
193.61,0.343,0,0.354,0.402,1,0.000,0.000,0.000,0.000,0.000,0.000,0.081,0.121
193.81,0.340,0,0.354,0.402,1,0.000,0.000,0.000,0.000,0.000,0.000,0.076,0.119
194.01,0.343,0,0.355,0.402,1,0.000,0.000,0.000,0.000,0.000,0.000,0.073,0.119
194.21,0.343,0,0.355,0.402,1,0.000,0.000,0.000,0.000,0.000,0.000,0.071,0.115
194.41,0.343,0,0.355,0.402,1,0.000,0.000,0.000,0.000,0.000,0.000,0.071,0.115
194.61,0.344,0,0.356,0.402,1,0.000,0.000,0.000,0.000,0.000,0.000,0.074,0.118
194.81,0.343,0,0.356,0.402,1,0.000,0.000,0.000,0.000,0.000,0.000,0.072,0.113
195.01,0.343,0,0.354,0.402,1,0.000,0.000,0.000,0.000,0.000,0.000,0.078,0.124
195.21,0.343,0,0.354,0.402,1,0.000,0.000,0.000,0.000,0.000,0.000,0.070,0.124
195.41,0.342,0,0.354,0.402,1,0.000,0.000,0.000,0.000,0.000,0.000,0.070,0.124
195.61,0.340,0,0.353,0.402,1,0.000,0.000,0.000,0.000,0.000,0.000,0.078,0.120
195.81,0.344,0,0.353,0.402,1,0.000,0.000,0.000,0.000,0.000,0.000,0.070,0.116
196.01,0.344,0,0.356,0.402,1,0.000,0.000,0.000,0.000,0.000,0.000,0.066,0.107
196.21,0.343,0,0.356,0.402,1,0.000,0.000,0.000,0.000,0.000,0.000,0.064,0.114
196.41,0.339,0,0.356,0.402,1,0.000,0.000,0.000,0.000,0.000,0.000,0.064,0.114
196.61,0.343,0,0.351,0.402,1,0.000,0.000,0.000,0.000,0.000,0.000,0.073,0.110
196.81,0.341,0,0.351,0.402,1,0.000,0.000,0.000,0.000,0.000,0.000,0.066,0.120
197.01,0.341,0,0.353,0.401,1,0.000,0.000,0.000,0.000,0.000,0.000,0.075,0.125
197.21,0.341,0,0.353,0.401,1,0.000,0.000,0.000,0.000,0.000,0.000,0.075,0.125
197.41,0.342,0,0.353,0.401,1,0.000,0.000,0.000,0.000,0.000,0.000,0.071,0.113
197.61,0.344,0,0.353,0.402,1,0.000,0.000,0.000,0.000,0.000,0.000,0.066,0.109
197.81,0.342,0,0.353,0.402,1,0.000,0.000,0.000,0.000,0.000,0.000,0.072,0.119
198.01,0.342,0,0.353,0.402,1,0.000,0.000,0.000,0.000,0.000,0.000,0.069,0.123
198.21,0.341,0,0.353,0.402,1,0.000,0.000,0.000,0.000,0.000,0.000,0.069,0.123
198.41,0.343,0,0.353,0.402,1,0.000,0.000,0.000,0.000,0.000,0.000,0.070,0.117
198.61,0.344,0,0.355,0.402,1,0.000,0.000,0.000,0.000,0.000,0.000,0.074,0.126
198.81,0.344,0,0.355,0.402,1,0.000,0.000,0.000,0.000,0.000,0.000,0.070,0.119
199.01,0.343,0,0.354,0.402,1,0.000,0.000,0.000,0.000,0.000,0.000,0.069,0.119
199.21,0.343,0,0.354,0.402,1,0.000,0.000,0.000,0.000,0.000,0.000,0.069,0.119
199.41,0.341,0,0.354,0.402,1,0.000,0.000,0.000,0.000,0.000,0.000,0.071,0.117
199.61,0.344,0,0.353,0.402,1,0.000,0.000,0.000,0.000,0.000,0.000,0.075,0.123
199.81,0.344,0,0.353,0.402,1,0.000,0.000,0.000,0.000,0.000,0.000,0.073,0.124
200.01,0.339,0,0.351,0.402,1,0.000,0.000,0.000,0.000,0.000,0.000,0.073,0.124
200.21,0.340,0,0.351,0.402,1,0.000,0.000,0.000,0.000,0.000,0.000,0.075,0.117
200.41,0.340,0,0.351,0.402,1,0.000,0.000,0.000,0.000,0.000,0.000,0.074,0.111
200.61,0.342,0,0.352,0.402,1,0.000,0.000,0.000,0.000,0.000,0.000,0.066,0.115
200.81,0.342,0,0.352,0.402,1,0.000,0.000,0.000,0.000,0.000,0.000,0.071,0.121
201.01,0.339,0,0.351,0.402,1,0.000,0.000,0.000,0.000,0.000,0.000,0.071,0.121
201.21,0.342,0,0.351,0.402,1,0.000,0.000,0.000,0.000,0.000,0.000,0.073,0.118
201.41,0.341,0,0.351,0.402,1,0.000,0.000,0.000,0.000,0.000,0.000,0.073,0.117
201.61,0.341,0,0.353,0.402,1,0.000,0.000,0.000,0.000,0.000,0.000,0.071,0.124
201.81,0.344,0,0.353,0.402,1,0.000,0.000,0.000,0.000,0.000,0.000,0.071,0.124
202.01,0.339,0,0.351,0.402,1,0.000,0.000,0.000,0.000,0.000,0.000,0.075,0.123
202.21,0.341,0,0.351,0.402,1,0.000,0.000,0.000,0.000,0.000,0.000,0.078,0.119
202.41,0.340,0,0.351,0.402,1,0.000,0.000,0.000,0.000,0.000,0.000,0.070,0.117
202.61,0.340,0,0.352,0.402,1,0.000,0.000,0.000,0.000,0.000,0.000,0.073,0.120
202.81,0.339,0,0.352,0.402,1,0.000,0.000,0.000,0.000,0.000,0.000,0.073,0.120
203.01,0.341,0,0.353,0.402,1,0.000,0.000,0.000,0.000,0.000,0.000,0.073,0.126
203.21,0.339,0,0.353,0.402,1,0.000,0.000,0.000,0.000,0.000,0.000,0.073,0.118
203.41,0.339,0,0.353,0.402,1,0.000,0.000,0.000,0.000,0.000,0.000,0.076,0.119
203.61,0.341,0,0.353,0.402,1,0.000,0.000,0.000,0.000,0.000,0.000,0.077,0.129
203.81,0.342,0,0.353,0.402,1,0.000,0.000,0.000,0.000,0.000,0.000,0.077,0.129
204.01,0.343,0,0.354,0.402,1,0.000,0.000,0.000,0.000,0.000,0.000,0.080,0.130
204.21,0.339,0,0.354,0.402,1,0.000,0.000,0.000,0.000,0.000,0.000,0.069,0.120
204.41,0.339,0,0.354,0.402,1,0.000,0.000,0.000,0.000,0.000,0.000,0.072,0.127
204.61,0.340,0,0.352,0.402,1,0.000,0.000,0.000,0.000,0.000,0.000,0.072,0.127
204.81,0.341,0,0.352,0.402,1,0.000,0.000,0.000,0.000,0.000,0.000,0.077,0.123
205.01,0.342,0,0.354,0.402,1,0.000,0.000,0.000,0.000,0.000,0.000,0.075,0.124
205.21,0.339,0,0.354,0.402,1,0.000,0.000,0.000,0.000,0.000,0.000,0.080,0.126
205.41,0.339,0,0.354,0.402,1,0.000,0.000,0.000,0.000,0.000,0.000,0.076,0.124
205.61,0.342,0,0.354,0.402,1,0.000,0.000,0.000,0.000,0.000,0.000,0.076,0.124
205.81,0.343,0,0.354,0.402,1,0.000,0.000,0.000,0.000,0.000,0.000,0.070,0.119
206.01,0.341,0,0.353,0.402,1,0.000,0.000,0.000,0.000,0.000,0.000,0.072,0.119
206.21,0.341,0,0.353,0.402,1,0.000,0.000,0.000,0.000,0.000,0.000,0.074,0.121
206.41,0.344,0,0.353,0.402,1,0.000,0.000,0.000,0.000,0.000,0.000,0.074,0.121
206.61,0.344,0,0.356,0.402,1,0.000,0.000,0.000,0.000,0.000,0.000,0.071,0.116
206.81,0.343,0,0.356,0.402,1,0.000,0.000,0.000,0.000,0.000,0.000,0.066,0.105
207.01,0.342,0,0.354,0.402,1,0.000,0.000,0.000,0.000,0.000,0.000,0.074,0.094
207.21,0.342,0,0.354,0.402,1,0.000,0.000,0.000,0.000,0.000,0.000,0.069,0.101
207.41,0.343,0,0.354,0.402,1,0.000,0.000,0.000,0.000,0.000,0.000,0.069,0.101
207.61,0.342,0,0.354,0.402,1,0.000,0.000,0.000,0.000,0.000,0.000,0.068,0.100
207.81,0.339,0,0.354,0.402,1,0.000,0.000,0.000,0.000,0.000,0.000,0.072,0.099
208.01,0.340,0,0.351,0.402,1,0.000,0.000,0.000,0.000,0.000,0.000,0.068,0.088
208.21,0.340,0,0.351,0.402,1,0.000,0.000,0.000,0.000,0.000,0.000,0.073,0.092
208.41,0.344,0,0.351,0.402,1,0.000,0.000,0.000,0.000,0.000,0.000,0.073,0.092
208.61,0.343,0,0.356,0.402,1,0.000,0.000,0.000,0.000,0.000,0.000,0.078,0.095
208.81,0.341,0,0.356,0.402,1,0.000,0.000,0.000,0.000,0.000,0.000,0.074,0.086
209.01,0.341,0,0.353,0.402,1,0.000,0.000,0.000,0.000,0.000,0.000,0.073,0.091
209.21,0.341,0,0.353,0.402,1,0.000,0.000,0.000,0.000,0.000,0.000,0.073,0.091
209.41,0.340,0,0.353,0.402,1,0.000,0.000,0.000,0.000,0.000,0.000,0.072,0.087
209.61,0.339,0,0.352,0.401,1,0.000,0.000,0.000,0.000,0.000,0.000,0.074,0.077
209.81,0.340,0,0.352,0.401,1,0.000,0.000,0.000,0.000,0.000,0.000,0.072,0.084
210.01,0.340,0,0.352,0.402,1,0.000,0.000,0.000,0.000,0.000,0.000,0.063,0.083
210.21,0.342,0,0.352,0.402,1,0.000,0.000,0.000,0.000,0.000,0.000,0.063,0.083
210.41,0.339,0,0.352,0.402,1,0.000,0.000,0.000,0.000,0.000,0.000,0.070,0.086
210.61,0.340,0,0.351,0.402,1,0.000,0.000,0.000,0.000,0.000,0.000,0.073,0.077
210.81,0.340,0,0.351,0.402,1,0.000,0.000,0.000,0.000,0.000,0.000,0.076,0.093
211.01,0.344,0,0.356,0.402,1,0.000,0.000,0.000,0.000,0.000,0.000,0.069,0.084
211.21,0.341,0,0.356,0.402,1,0.000,0.000,0.000,0.000,0.000,0.000,0.069,0.084
211.41,0.341,0,0.356,0.402,1,0.000,0.000,0.000,0.000,0.000,0.000,0.078,0.092
211.61,0.339,0,0.353,0.402,1,0.000,0.000,0.000,0.000,0.000,0.000,0.069,0.089
211.81,0.339,0,0.353,0.402,1,0.000,0.000,0.000,0.000,0.000,0.000,0.072,0.086
212.01,0.343,0,0.354,0.402,1,0.000,0.000,0.000,0.000,0.000,0.000,0.072,0.086
212.21,0.343,0,0.354,0.402,1,0.000,0.000,0.000,0.000,0.000,0.000,0.077,0.089
212.41,0.343,0,0.354,0.402,1,0.000,0.000,0.000,0.000,0.000,0.000,0.076,0.093
212.61,0.339,0,0.354,0.402,1,0.000,0.000,0.000,0.000,0.000,0.000,0.073,0.087
212.81,0.339,0,0.354,0.402,1,0.000,0.000,0.000,0.000,0.000,0.000,0.076,0.086
213.01,0.341,0,0.353,0.402,1,0.000,0.000,0.000,0.000,0.000,0.000,0.076,0.086
213.21,0.341,0,0.353,0.402,1,0.000,0.000,0.000,0.000,0.000,0.000,0.072,0.089
213.41,0.341,0,0.353,0.402,1,0.000,0.000,0.000,0.000,0.000,0.000,0.073,0.089
213.61,0.341,0,0.353,0.402,1,0.000,0.000,0.000,0.000,0.000,0.000,0.070,0.096
213.81,0.341,0,0.353,0.402,1,0.000,0.000,0.000,0.000,0.000,0.000,0.070,0.096
214.01,0.340,0,0.352,0.401,1,0.000,0.000,0.000,0.000,0.000,0.000,0.076,0.094
214.21,0.343,0,0.352,0.401,1,0.000,0.000,0.000,0.000,0.000,0.000,0.066,0.108
214.41,0.343,0,0.352,0.401,1,0.000,0.000,0.000,0.000,0.000,0.000,0.072,0.108
214.61,0.343,0,0.355,0.402,1,0.000,0.000,0.000,0.000,0.000,0.000,0.060,0.118
214.81,0.343,0,0.355,0.402,1,0.000,0.000,0.000,0.000,0.000,0.000,0.060,0.118
215.01,0.343,0,0.355,0.402,1,0.000,0.000,0.000,0.000,0.000,0.000,0.069,0.103
215.21,0.339,0,0.355,0.402,1,0.000,0.000,0.000,0.000,0.000,0.000,0.070,0.114
215.41,0.339,0,0.355,0.402,1,0.000,0.000,0.000,0.000,0.000,0.000,0.072,0.113
215.61,0.343,0,0.355,0.402,1,0.000,0.000,0.000,0.000,0.000,0.000,0.075,0.116
215.81,0.343,0,0.355,0.402,1,0.000,0.000,0.000,0.000,0.000,0.000,0.075,0.116
216.01,0.340,0,0.352,0.402,1,0.000,0.000,0.000,0.000,0.000,0.000,0.067,0.116
216.21,0.340,0,0.352,0.402,1,0.000,0.000,0.000,0.000,0.000,0.000,0.072,0.121
216.41,0.340,0,0.352,0.402,1,0.000,0.000,0.000,0.000,0.000,0.000,0.074,0.115
216.61,0.342,0,0.354,0.402,1,0.000,0.000,0.000,0.000,0.000,0.000,0.074,0.115
216.81,0.341,0,0.354,0.402,1,0.000,0.000,0.000,0.000,0.000,0.000,0.069,0.117
217.01,0.344,0,0.356,0.402,1,0.000,0.000,0.000,0.000,0.000,0.000,0.070,0.122
217.21,0.339,0,0.356,0.402,1,0.000,0.000,0.000,0.000,0.000,0.000,0.068,0.123
217.41,0.339,0,0.356,0.402,1,0.000,0.000,0.000,0.000,0.000,0.000,0.066,0.115
217.61,0.343,0,0.355,0.401,1,0.000,0.000,0.000,0.000,0.000,0.000,0.066,0.115
217.81,0.340,0,0.355,0.401,1,0.000,0.000,0.000,0.000,0.000,0.000,0.071,0.126
218.01,0.341,0,0.353,0.402,1,0.000,0.000,0.000,0.000,0.000,0.000,0.071,0.119
218.21,0.341,0,0.353,0.402,1,0.000,0.000,0.000,0.000,0.000,0.000,0.067,0.119
218.41,0.343,0,0.353,0.402,1,0.000,0.000,0.000,0.000,0.000,0.000,0.067,0.119
218.61,0.340,0,0.352,0.402,1,0.000,0.000,0.000,0.000,0.000,0.000,0.074,0.126
218.81,0.340,0,0.352,0.402,1,0.000,0.000,0.000,0.000,0.000,0.000,0.071,0.123
219.01,0.341,0,0.353,0.402,1,0.000,0.000,0.000,0.000,0.000,0.000,0.071,0.105
219.21,0.341,0,0.353,0.402,1,0.000,0.000,0.000,0.000,0.000,0.000,0.077,0.108
219.41,0.342,0,0.353,0.402,1,0.000,0.000,0.000,0.000,0.000,0.000,0.077,0.108
219.61,0.341,0,0.353,0.402,1,0.000,0.000,0.000,0.000,0.000,0.000,0.078,0.111
219.81,0.343,0,0.353,0.402,1,0.000,0.000,0.000,0.000,0.000,0.000,0.071,0.111
220.01,0.343,0,0.355,0.402,1,0.000,0.000,0.000,0.000,0.000,0.000,0.071,0.117
220.21,0.340,0,0.355,0.402,1,0.000,0.000,0.000,0.000,0.000,0.000,0.071,0.128
220.41,0.339,0,0.355,0.402,1,0.000,0.000,0.000,0.000,0.000,0.000,0.071,0.128
220.61,0.343,0,0.351,0.402,1,0.000,0.000,0.000,0.000,0.000,0.000,0.074,0.131
220.81,0.343,0,0.351,0.402,1,0.000,0.000,0.000,0.000,0.000,0.000,0.065,0.130
221.01,0.343,0,0.354,0.402,1,0.000,0.000,0.000,0.000,0.000,0.000,0.068,0.125
221.21,0.342,0,0.354,0.402,1,0.000,0.000,0.000,0.000,0.000,0.000,0.068,0.125
221.41,0.341,0,0.354,0.402,1,0.000,0.000,0.000,0.000,0.000,0.000,0.068,0.125
221.61,0.340,0,0.353,0.402,1,0.000,0.000,0.000,0.000,0.000,0.000,0.068,0.124
221.81,0.340,0,0.353,0.402,1,0.000,0.000,0.000,0.000,0.000,0.000,0.070,0.112
222.01,0.340,0,0.352,0.402,1,0.000,0.000,0.000,0.000,0.000,0.000,0.061,0.119
222.21,0.343,0,0.352,0.402,1,0.000,0.000,0.000,0.000,0.000,0.000,0.061,0.119
222.41,0.340,0,0.352,0.402,1,0.000,0.000,0.000,0.000,0.000,0.000,0.070,0.118
222.61,0.344,0,0.352,0.402,1,0.000,0.000,0.000,0.000,0.000,0.000,0.056,0.115
222.81,0.344,0,0.352,0.402,1,0.000,0.000,0.000,0.000,0.000,0.000,0.063,0.098
223.01,0.343,0,0.355,0.402,1,0.000,0.000,0.000,0.000,0.000,0.000,0.063,0.098
223.21,0.343,0,0.355,0.402,1,0.000,0.000,0.000,0.000,0.000,0.000,0.064,0.110
223.41,0.340,0,0.355,0.402,1,0.000,0.000,0.000,0.000,0.000,0.000,0.068,0.110
223.61,0.344,0,0.352,0.402,1,0.000,0.000,0.000,0.000,0.000,0.000,0.067,0.103
223.81,0.344,0,0.352,0.402,1,0.000,0.000,0.000,0.000,0.000,0.000,0.067,0.100
224.01,0.343,0,0.354,0.402,1,0.000,0.000,0.000,0.000,0.000,0.000,0.067,0.100
224.21,0.343,0,0.354,0.402,1,0.000,0.000,0.000,0.000,0.000,0.000,0.061,0.102
224.41,0.342,0,0.354,0.402,1,0.000,0.000,0.000,0.000,0.000,0.000,0.067,0.110
224.61,0.342,0,0.353,0.402,1,0.000,0.000,0.000,0.000,0.000,0.000,0.068,0.118
224.81,0.343,0,0.353,0.402,1,0.000,0.000,0.000,0.000,0.000,0.000,0.066,0.123
225.01,0.340,0,0.352,0.402,1,0.000,0.000,0.000,0.000,0.000,0.000,0.066,0.123
225.21,0.343,0,0.352,0.402,1,0.000,0.000,0.000,0.000,0.000,0.000,0.060,0.111
225.41,0.340,0,0.352,0.402,1,0.000,0.000,0.000,0.000,0.000,0.000,0.076,0.120
225.61,0.340,0,0.351,0.402,1,0.000,0.000,0.000,0.000,0.000,0.000,0.071,0.115
225.81,0.343,0,0.351,0.402,1,0.000,0.000,0.000,0.000,0.000,0.000,0.071,0.115
226.01,0.344,0,0.356,0.402,1,0.000,0.000,0.000,0.000,0.000,0.000,0.068,0.123
226.21,0.342,0,0.356,0.402,1,0.000,0.000,0.000,0.000,0.000,0.000,0.071,0.122
226.41,0.340,0,0.356,0.402,1,0.000,0.000,0.000,0.000,0.000,0.000,0.070,0.121
226.61,0.340,0,0.352,0.402,1,0.000,0.000,0.000,0.000,0.000,0.000,0.075,0.123
226.81,0.340,0,0.352,0.402,1,0.000,0.000,0.000,0.000,0.000,0.000,0.075,0.123
227.01,0.343,0,0.354,0.402,1,0.000,0.000,0.000,0.000,0.000,0.000,0.063,0.117
227.21,0.343,0,0.354,0.402,1,0.000,0.000,0.000,0.000,0.000,0.000,0.064,0.123
227.41,0.343,0,0.354,0.402,1,0.000,0.000,0.000,0.000,0.000,0.000,0.071,0.130
227.61,0.340,0,0.352,0.402,1,0.000,0.000,0.000,0.000,0.000,0.000,0.071,0.130
227.81,0.339,0,0.352,0.402,1,0.000,0.000,0.000,0.000,0.000,0.000,0.072,0.125
228.01,0.344,0,0.356,0.402,1,0.000,0.000,0.000,0.000,0.000,0.000,0.079,0.131
228.21,0.342,0,0.356,0.402,1,0.000,0.000,0.000,0.000,0.000,0.000,0.079,0.120
228.41,0.342,0,0.356,0.402,1,0.000,0.000,0.000,0.000,0.000,0.000,0.076,0.121
228.61,0.340,0,0.352,0.402,1,0.000,0.000,0.000,0.000,0.000,0.000,0.076,0.121
228.81,0.340,0,0.352,0.402,1,0.000,0.000,0.000,0.000,0.000,0.000,0.082,0.121
229.01,0.342,0,0.354,0.402,1,0.000,0.000,0.000,0.000,0.000,0.000,0.081,0.120
229.21,0.342,0,0.354,0.402,1,0.000,0.000,0.000,0.000,0.000,0.000,0.075,0.117
229.41,0.344,0,0.354,0.402,1,0.000,0.000,0.000,0.000,0.000,0.000,0.075,0.105
229.61,0.343,0,0.355,0.402,1,0.000,0.000,0.000,0.000,0.000,0.000,0.075,0.105
229.81,0.343,0,0.355,0.402,1,0.000,0.000,0.000,0.000,0.000,0.000,0.076,0.116
230.01,0.340,0,0.352,0.402,1,0.000,0.000,0.000,0.000,0.000,0.000,0.064,0.105
230.21,0.340,0,0.352,0.402,1,0.000,0.000,0.000,0.000,0.000,0.000,0.069,0.105
230.41,0.339,0,0.352,0.402,1,0.000,0.000,0.000,0.000,0.000,0.000,0.069,0.105
230.61,0.343,0,0.355,0.402,1,0.000,0.000,0.000,0.000,0.000,0.000,0.074,0.109
230.81,0.343,0,0.355,0.402,1,0.000,0.000,0.000,0.000,0.000,0.000,0.069,0.105
231.01,0.341,0,0.355,0.402,1,0.000,0.000,0.000,0.000,0.000,0.000,0.069,0.112
231.21,0.341,0,0.355,0.402,1,0.000,0.000,0.000,0.000,0.000,0.000,0.075,0.114
231.41,0.343,0,0.355,0.402,1,0.000,0.000,0.000,0.000,0.000,0.000,0.075,0.114
231.61,0.343,0,0.354,0.402,1,0.000,0.000,0.000,0.000,0.000,0.000,0.062,0.089
231.81,0.344,0,0.354,0.402,1,0.000,0.000,0.000,0.000,0.000,0.000,0.071,0.085
232.01,0.344,0,0.356,0.402,1,0.000,0.000,0.000,0.000,0.000,0.000,0.068,0.087
232.21,0.343,0,0.356,0.402,1,0.000,0.000,0.000,0.000,0.000,0.000,0.068,0.087
232.41,0.340,0,0.356,0.402,1,0.000,0.000,0.000,0.000,0.000,0.000,0.069,0.090
232.61,0.340,0,0.352,0.402,1,0.000,0.000,0.000,0.000,0.000,0.000,0.063,0.087
232.81,0.340,0,0.352,0.402,1,0.000,0.000,0.000,0.000,0.000,0.000,0.070,0.089
233.01,0.340,0,0.352,0.402,1,0.000,0.000,0.000,0.000,0.000,0.000,0.074,0.088
233.21,0.341,0,0.352,0.402,1,0.000,0.000,0.000,0.000,0.000,0.000,0.074,0.088
233.41,0.340,0,0.352,0.402,1,0.000,0.000,0.000,0.000,0.000,0.000,0.065,0.091
233.61,0.339,0,0.352,0.402,1,0.000,0.000,0.000,0.000,0.000,0.000,0.070,0.102
233.81,0.339,0,0.352,0.402,1,0.000,0.000,0.000,0.000,0.000,0.000,0.062,0.105
234.01,0.339,0,0.351,0.402,1,0.000,0.000,0.000,0.000,0.000,0.000,0.064,0.106
234.21,0.339,0,0.351,0.402,1,0.000,0.000,0.000,0.000,0.000,0.000,0.064,0.106
234.41,0.343,0,0.351,0.402,1,0.000,0.000,0.000,0.000,0.000,0.000,0.063,0.099
234.61,0.343,0,0.355,0.402,1,0.000,0.000,0.000,0.000,0.000,0.000,0.074,0.107
234.81,0.343,0,0.355,0.402,1,0.000,0.000,0.000,0.000,0.000,0.000,0.076,0.097
235.01,0.343,0,0.354,0.402,1,0.000,0.000,0.000,0.000,0.000,0.000,0.076,0.097
235.21,0.341,0,0.354,0.402,1,0.000,0.000,0.000,0.000,0.000,0.000,0.065,0.083
235.41,0.339,0,0.354,0.402,1,0.000,0.000,0.000,0.000,0.000,0.000,0.069,0.092
235.61,0.344,0,0.351,0.402,1,0.000,0.000,0.000,0.000,0.000,0.000,0.065,0.097
235.81,0.344,0,0.351,0.402,1,0.000,0.000,0.000,0.000,0.000,0.000,0.069,0.088
236.01,0.343,0,0.355,0.402,1,0.000,0.000,0.000,0.000,0.000,0.000,0.069,0.088
236.21,0.342,0,0.355,0.402,1,0.000,0.000,0.000,0.000,0.000,0.000,0.073,0.088
236.41,0.340,0,0.355,0.402,1,0.000,0.000,0.000,0.000,0.000,0.000,0.075,0.089
236.61,0.340,0,0.352,0.402,1,0.000,0.000,0.000,0.000,0.000,0.000,0.072,0.096
236.81,0.343,0,0.352,0.402,1,0.000,0.000,0.000,0.000,0.000,0.000,0.069,0.096
237.01,0.343,0,0.355,0.402,1,0.000,0.000,0.000,0.000,0.000,0.000,0.069,0.096
237.21,0.342,0,0.355,0.402,1,0.000,0.000,0.000,0.000,0.000,0.000,0.064,0.095
237.41,0.344,0,0.355,0.402,1,0.000,0.000,0.000,0.000,0.000,0.000,0.076,0.092
237.61,0.344,0,0.356,0.402,1,0.000,0.000,0.000,0.000,0.000,0.000,0.068,0.094
237.81,0.340,0,0.356,0.402,1,0.000,0.000,0.000,0.000,0.000,0.000,0.068,0.094
238.01,0.343,0,0.355,0.402,1,0.000,0.000,0.000,0.000,0.000,0.000,0.067,0.098
238.21,0.343,0,0.355,0.402,1,0.000,0.000,0.000,0.000,0.000,0.000,0.070,0.093
238.41,0.343,0,0.355,0.402,1,0.000,0.000,0.000,0.000,0.000,0.000,0.069,0.097
238.61,0.343,0,0.355,0.402,1,0.000,0.000,0.000,0.000,0.000,0.000,0.067,0.093
238.81,0.340,0,0.355,0.402,1,0.000,0.000,0.000,0.000,0.000,0.000,0.067,0.093
239.01,0.344,0,0.356,0.402,1,0.000,0.000,0.000,0.000,0.000,0.000,0.069,0.091
239.21,0.341,0,0.356,0.402,1,0.000,0.000,0.000,0.000,0.000,0.000,0.077,0.093
239.41,0.341,0,0.356,0.402,1,0.000,0.000,0.000,0.000,0.000,0.000,0.068,0.091
239.61,0.344,0,0.356,0.402,1,0.000,0.000,0.000,0.000,0.000,0.000,0.068,0.091
239.81,0.343,0,0.356,0.402,1,0.000,0.000,0.000,0.000,0.000,0.000,0.070,0.085
240.01,0.339,0,0.351,0.402,1,0.000,0.000,0.000,0.000,0.000,0.000,0.070,0.100
240.21,0.343,0,0.351,0.402,1,0.000,0.000,0.000,0.000,0.000,0.000,0.067,0.092
240.41,0.343,0,0.351,0.402,1,0.000,0.000,0.000,0.000,0.000,0.000,0.074,0.097
240.61,0.339,0,0.351,0.402,1,0.000,0.000,0.000,0.000,0.000,0.000,0.074,0.097
240.81,0.343,0,0.351,0.402,1,0.000,0.000,0.000,0.000,0.000,0.000,0.074,0.094
241.01,0.341,0,0.353,0.402,1,0.000,0.000,0.000,0.000,0.000,0.000,0.067,0.095
241.21,0.341,0,0.353,0.402,1,0.000,0.000,0.000,0.000,0.000,0.000,0.069,0.090
241.41,0.339,0,0.353,0.402,1,0.000,0.000,0.000,0.000,0.000,0.000,0.065,0.093
241.61,0.339,0,0.351,0.401,1,0.000,0.000,0.000,0.000,0.000,0.000,0.065,0.093
241.81,0.344,0,0.351,0.401,1,0.000,0.000,0.000,0.000,0.000,0.000,0.070,0.096
242.01,0.340,0,0.352,0.402,1,0.000,0.000,0.000,0.000,0.000,0.000,0.065,0.090
242.21,0.340,0,0.352,0.402,1,0.000,0.000,0.000,0.000,0.000,0.000,0.064,0.093
242.41,0.343,0,0.352,0.402,1,0.000,0.000,0.000,0.000,0.000,0.000,0.064,0.093
242.61,0.343,0,0.354,0.402,1,0.000,0.000,0.000,0.000,0.000,0.000,0.073,0.094
242.81,0.343,0,0.354,0.402,1,0.000,0.000,0.000,0.000,0.000,0.000,0.065,0.100
243.01,0.343,0,0.354,0.402,1,0.000,0.000,0.000,0.000,0.000,0.000,0.061,0.088
243.21,0.343,0,0.354,0.402,1,0.000,0.000,0.000,0.000,0.000,0.000,0.067,0.087
243.41,0.343,0,0.354,0.402,1,0.000,0.000,0.000,0.000,0.000,0.000,0.067,0.087
243.61,0.343,0,0.355,0.402,1,0.000,0.000,0.000,0.000,0.000,0.000,0.068,0.091
243.81,0.341,0,0.355,0.402,1,0.000,0.000,0.000,0.000,0.000,0.000,0.069,0.083
244.01,0.341,0,0.353,0.402,1,0.000,0.000,0.000,0.000,0.000,0.000,0.075,0.090
244.21,0.339,0,0.353,0.402,1,0.000,0.000,0.000,0.000,0.000,0.000,0.075,0.090
244.41,0.343,0,0.353,0.402,1,0.000,0.000,0.000,0.000,0.000,0.000,0.070,0.091
244.61,0.343,0,0.355,0.402,1,0.000,0.000,0.000,0.000,0.000,0.000,0.070,0.096
244.81,0.343,0,0.355,0.402,1,0.000,0.000,0.000,0.000,0.000,0.000,0.071,0.087
245.01,0.343,0,0.355,0.402,1,0.000,0.000,0.000,0.000,0.000,0.000,0.077,0.090
245.21,0.340,0,0.355,0.402,1,0.000,0.000,0.000,0.000,0.000,0.000,0.077,0.090
245.41,0.342,0,0.355,0.402,1,0.000,0.000,0.000,0.000,0.000,0.000,0.082,0.089
245.61,0.343,0,0.353,0.402,1,0.000,0.000,0.000,0.000,0.000,0.000,0.072,0.089
245.81,0.343,0,0.353,0.402,1,0.000,0.000,0.000,0.000,0.000,0.000,0.076,0.101
246.01,0.340,0,0.351,0.402,1,0.000,0.000,0.000,0.000,0.000,0.000,0.076,0.101
246.21,0.341,0,0.351,0.402,1,0.000,0.000,0.000,0.000,0.000,0.000,0.072,0.109
246.41,0.343,0,0.351,0.402,1,0.000,0.000,0.000,0.000,0.000,0.000,0.071,0.111
246.61,0.342,0,0.354,0.402,1,0.000,0.000,0.000,0.000,0.000,0.000,0.071,0.113
246.81,0.342,0,0.354,0.402,1,0.000,0.000,0.000,0.000,0.000,0.000,0.076,0.113
247.01,0.340,0,0.352,0.402,1,0.000,0.000,0.000,0.000,0.000,0.000,0.076,0.113
247.21,0.340,0,0.352,0.402,1,0.000,0.000,0.000,0.000,0.000,0.000,0.069,0.103
247.41,0.342,0,0.352,0.402,1,0.000,0.000,0.000,0.000,0.000,0.000,0.067,0.099
247.61,0.341,0,0.353,0.402,1,0.000,0.000,0.000,0.000,0.000,0.000,0.074,0.101
247.81,0.341,0,0.353,0.402,1,0.000,0.000,0.000,0.000,0.000,0.000,0.071,0.097
248.01,0.342,0,0.354,0.402,1,0.000,0.000,0.000,0.000,0.000,0.000,0.071,0.097
248.21,0.342,0,0.354,0.402,1,0.000,0.000,0.000,0.000,0.000,0.000,0.064,0.089
248.41,0.340,0,0.354,0.402,1,0.000,0.000,0.000,0.000,0.000,0.000,0.067,0.092
248.61,0.340,0,0.352,0.402,1,0.000,0.000,0.000,0.000,0.000,0.000,0.068,0.098
248.81,0.340,0,0.352,0.402,1,0.000,0.000,0.000,0.000,0.000,0.000,0.068,0.098
249.01,0.341,0,0.353,0.402,1,0.000,0.000,0.000,0.000,0.000,0.000,0.063,0.101
249.21,0.343,0,0.353,0.402,1,0.000,0.000,0.000,0.000,0.000,0.000,0.067,0.092
249.41,0.339,0,0.353,0.402,1,0.000,0.000,0.000,0.000,0.000,0.000,0.057,0.099
249.61,0.339,0,0.351,0.402,1,0.000,0.000,0.000,0.000,0.000,0.000,0.057,0.100
249.81,0.342,0,0.351,0.402,1,0.000,0.000,0.000,0.000,0.000,0.000,0.057,0.100
250.01,0.341,0,0.353,0.402,1,0.000,0.000,0.000,0.000,0.000,0.000,0.065,0.094
250.21,0.344,0,0.353,0.402,1,0.000,0.000,0.000,0.000,0.000,0.000,0.062,0.082
250.41,0.344,0,0.353,0.402,1,0.000,0.000,0.000,0.000,0.000,0.000,0.071,0.089
250.61,0.341,0,0.353,0.401,1,0.000,0.000,0.000,0.000,0.000,0.000,0.064,0.091
250.81,0.342,0,0.353,0.401,1,0.000,0.000,0.000,0.000,0.000,0.000,0.064,0.091
251.01,0.344,0,0.356,0.402,1,0.000,0.000,0.000,0.000,0.000,0.000,0.071,0.089
251.21,0.340,0,0.356,0.402,1,0.000,0.000,0.000,0.000,0.000,0.000,0.063,0.090
251.41,0.340,0,0.356,0.402,1,0.000,0.000,0.000,0.000,0.000,0.000,0.072,0.093
251.61,0.342,0,0.353,0.401,1,0.000,0.000,0.000,0.000,0.000,0.000,0.072,0.093
251.81,0.339,0,0.353,0.401,1,0.000,0.000,0.000,0.000,0.000,0.000,0.063,0.092
252.01,0.340,0,0.352,0.402,1,0.000,0.000,0.000,0.000,0.000,0.000,0.063,0.086
252.21,0.342,0,0.352,0.402,1,0.000,0.000,0.000,0.000,0.000,0.000,0.063,0.086
252.41,0.342,0,0.352,0.402,1,0.000,0.000,0.000,0.000,0.000,0.000,0.072,0.084
252.61,0.344,0,0.356,0.402,1,0.000,0.000,0.000,0.000,0.000,0.000,0.072,0.084
252.81,0.343,0,0.356,0.402,1,0.000,0.000,0.000,0.000,0.000,0.000,0.073,0.082
253.01,0.343,0,0.355,0.402,1,0.000,0.000,0.000,0.000,0.000,0.000,0.062,0.080
253.21,0.343,0,0.355,0.402,1,0.000,0.000,0.000,0.000,0.000,0.000,0.068,0.085
253.41,0.344,0,0.355,0.402,1,0.000,0.000,0.000,0.000,0.000,0.000,0.068,0.085
253.61,0.342,0,0.354,0.402,1,0.000,0.000,0.000,0.000,0.000,0.000,0.062,0.090
253.81,0.344,0,0.354,0.402,1,0.000,0.000,0.000,0.000,0.000,0.000,0.066,0.078
254.01,0.340,0,0.352,0.402,1,0.000,0.000,0.000,0.000,0.000,0.000,0.064,0.087
254.21,0.340,0,0.352,0.402,1,0.000,0.000,0.000,0.000,0.000,0.000,0.061,0.088
254.41,0.343,0,0.352,0.402,1,0.000,0.000,0.000,0.000,0.000,0.000,0.061,0.088
254.61,0.340,0,0.355,0.402,1,0.000,0.000,0.000,0.000,0.000,0.000,0.066,0.080
254.81,0.343,0,0.355,0.402,1,0.000,0.000,0.000,0.000,0.000,0.000,0.062,0.078
255.01,0.343,0,0.355,0.402,1,0.000,0.000,0.000,0.000,0.000,0.000,0.062,0.079
255.21,0.339,0,0.355,0.402,1,0.000,0.000,0.000,0.000,0.000,0.000,0.054,0.075
255.41,0.343,0,0.355,0.402,1,0.000,0.000,0.000,0.000,0.000,0.000,0.054,0.075
255.61,0.342,0,0.355,0.402,1,0.000,0.000,0.000,0.000,0.000,0.000,0.055,0.059
255.81,0.340,0,0.355,0.402,1,0.000,0.000,0.000,0.000,0.000,0.000,0.055,0.070
256.01,0.340,0,0.352,0.402,1,0.000,0.000,0.000,0.000,0.000,0.000,0.059,0.070
256.21,0.341,0,0.352,0.402,1,0.000,0.000,0.000,0.000,0.000,0.000,0.059,0.070
256.41,0.343,0,0.352,0.402,1,0.000,0.000,0.000,0.000,0.000,0.000,0.054,0.071
256.61,0.340,0,0.355,0.402,1,0.000,0.000,0.000,0.000,0.000,0.000,0.044,0.065
256.81,0.336,0,0.355,0.402,1,0.000,0.000,0.000,0.000,0.000,0.000,0.045,0.016
257.01,0.336,0,0.348,0.384,1,0.000,0.000,0.000,0.000,0.000,0.000,0.043,0.015
257.21,0.105,0,0.348,0.384,1,0.000,0.000,0.000,0.000,0.000,0.000,0.043,0.015
257.41,0.329,0,0.348,0.384,1,0.000,0.000,0.000,0.000,0.000,0.000,0.033,-0.009
257.61,0.108,0,0.342,0.369,1,0.000,0.000,0.000,0.000,0.000,0.000,0.046,0.018
257.81,0.108,0,0.342,0.369,1,0.000,0.000,0.000,0.000,0.000,0.000,0.042,0.009
258.01,0.105,0,0.339,0.355,1,0.000,0.000,0.000,0.000,0.000,0.000,0.042,0.009
258.21,0.108,0,0.339,0.355,1,0.000,0.000,0.000,0.000,0.000,0.000,0.045,0.011
258.41,0.105,0,0.339,0.355,1,0.000,0.000,0.000,0.000,0.000,0.000,0.045,-0.002
258.61,0.105,0,0.344,0.627,0,0.000,0.000,0.000,0.000,0.000,0.000,0.047,0.007
258.81,0.105,0,0.344,0.627,0,0.000,0.000,0.000,0.000,0.000,0.000,0.041,0.003
259.01,0.108,0,0.587,0.620,1,0.000,0.000,0.000,0.000,0.000,0.000,0.041,0.003
259.21,0.106,0,0.587,0.620,1,0.000,0.000,0.000,0.000,0.000,0.000,0.052,-0.032
259.41,0.105,0,0.587,0.620,1,0.000,0.000,0.000,0.000,0.000,0.000,0.085,-0.054
259.61,0.105,0,0.709,0.620,1,0.000,0.000,0.000,0.000,0.000,0.000,0.085,-0.054
259.81,0.105,0,0.709,0.620,1,0.000,0.000,0.000,0.000,0.000,0.000,0.085,-0.054
260.01,0.105,0,0.331,0.352,1,0.000,0.000,0.000,0.000,0.000,0.000,0.085,-0.054
260.21,0.105,0,0.331,0.352,1,0.000,0.000,0.000,0.000,0.000,0.000,0.085,-0.054
260.41,0.108,0,0.331,0.352,1,0.000,0.000,0.000,0.000,0.000,0.000,0.085,-0.054
260.61,0.108,0,0.328,0.374,1,0.000,0.000,0.000,0.000,0.000,0.000,0.085,-0.054
260.81,0.321,0,0.328,0.374,1,0.000,0.000,0.000,0.000,0.000,0.000,0.085,-0.054
261.01,0.324,0,0.336,0.387,1,0.000,0.000,0.000,0.000,0.000,0.000,0.085,-0.054
261.21,0.322,0,0.336,0.387,1,0.000,0.000,0.000,0.000,0.000,0.000,0.086,-0.052
261.41,0.322,0,0.336,0.387,1,0.000,0.000,0.000,0.000,0.000,0.000,0.087,-0.056
261.61,0.325,0,0.337,0.387,1,0.000,0.000,0.000,0.000,0.000,0.000,0.084,-0.058
261.81,0.273,0,0.337,0.387,1,0.000,0.000,0.000,0.000,0.000,0.000,0.084,-0.058
262.01,0.326,0,0.338,0.387,1,0.000,0.000,0.000,0.000,0.000,0.000,0.084,-0.059
262.21,0.321,0,0.338,0.387,1,0.000,0.000,0.000,0.000,0.000,0.000,0.080,-0.059
262.41,0.321,0,0.338,0.387,1,0.000,0.000,0.000,0.000,0.000,0.000,0.083,-0.057
262.61,0.326,0,0.338,0.387,1,0.000,0.000,0.000,0.000,0.000,0.000,0.083,-0.057
262.81,0.326,0,0.338,0.387,1,0.000,0.000,0.000,0.000,0.000,0.000,0.080,-0.059
263.01,0.324,0,0.336,0.387,1,0.000,0.000,0.000,0.000,0.000,0.000,0.079,-0.057
263.21,0.321,0,0.336,0.387,1,0.000,0.000,0.000,0.000,0.000,0.000,0.078,-0.056
263.41,0.321,0,0.336,0.387,1,0.000,0.000,0.000,0.000,0.000,0.000,0.099,-0.061
263.61,0.326,0,0.338,0.391,1,0.000,0.000,0.000,0.000,0.000,0.000,0.099,-0.061
263.81,0.333,0,0.338,0.391,1,0.000,0.000,0.000,0.000,0.000,0.000,0.116,-0.062
264.01,0.105,0,0.360,0.343,1,0.000,0.000,0.000,0.000,0.000,0.000,0.110,-0.029
264.21,0.105,0,0.360,0.343,1,0.000,0.000,0.000,0.000,0.000,0.000,0.104,-0.018
264.41,0.351,0,0.360,0.343,1,0.000,0.000,0.000,0.000,0.000,0.000,0.104,-0.018
264.61,0.105,0,0.409,0.353,1,0.000,0.000,0.000,0.000,0.000,0.000,0.114,-0.006
264.81,0.105,0,0.409,0.353,1,0.000,0.000,0.000,0.000,0.000,0.000,0.105,0.005
265.01,0.376,0,0.406,0.365,1,0.000,0.000,0.000,0.000,0.000,0.000,0.112,0.009
265.21,0.376,0,0.406,0.365,1,0.000,0.000,0.000,0.000,0.000,0.000,0.094,0.015
265.41,0.383,0,0.406,0.365,1,0.000,0.000,0.000,0.000,0.000,0.000,0.094,0.015
265.61,0.389,0,0.406,0.377,1,0.000,0.000,0.000,0.000,0.000,0.000,0.088,0.017
265.81,0.394,0,0.406,0.377,1,0.000,0.000,0.000,0.000,0.000,0.000,0.075,0.016
266.01,0.394,0,0.408,0.381,1,0.000,0.000,0.000,0.000,0.000,0.000,0.058,0.006
266.21,0.391,0,0.408,0.381,1,0.000,0.000,0.000,0.000,0.000,0.000,0.058,0.006
266.41,0.389,0,0.408,0.381,1,0.000,0.000,0.000,0.000,0.000,0.000,0.056,-0.003
266.61,0.378,0,0.407,0.372,1,0.000,0.000,0.000,0.000,0.000,0.000,0.050,0.021
266.81,0.367,0,0.407,0.372,1,0.000,0.000,0.000,0.000,0.000,0.000,0.067,0.005
267.01,0.367,0,0.401,0.348,1,0.000,0.000,0.000,0.000,0.000,0.000,0.048,-0.014
267.21,0.105,0,0.401,0.348,1,0.000,0.000,0.000,0.000,0.000,0.000,0.048,-0.014
267.41,0.105,0,0.401,0.348,1,0.000,0.000,0.000,0.000,0.000,0.000,0.043,-0.031
267.61,0.107,0,0.403,0.331,1,0.000,0.000,0.000,0.000,0.000,0.000,0.030,-0.048
267.81,0.107,0,0.403,0.331,1,0.000,0.000,0.000,0.000,0.000,0.000,0.037,-0.057
268.01,0.107,0,0.331,0.389,1,0.000,0.000,0.000,0.000,0.000,0.000,0.041,-0.076
268.21,0.312,0,0.331,0.389,1,0.000,0.000,0.000,0.000,0.000,0.000,0.041,-0.076
268.41,0.312,0,0.331,0.389,1,0.000,0.000,0.000,0.000,0.000,0.000,0.065,-0.083
268.61,0.308,0,0.325,0.383,1,0.000,0.000,0.000,0.000,0.000,0.000,0.068,-0.076
268.81,0.308,0,0.325,0.383,1,0.000,0.000,0.000,0.000,0.000,0.000,0.068,-0.073
269.01,0.310,0,0.323,0.382,1,0.000,0.000,0.000,0.000,0.000,0.000,0.068,-0.073
269.21,0.152,0,0.323,0.382,1,0.000,0.000,0.000,0.000,0.000,0.000,0.070,-0.074
269.41,0.195,0,0.323,0.382,1,0.000,0.000,0.000,0.000,0.000,0.000,0.085,-0.066
269.61,0.100,0,0.322,0.382,1,0.000,0.000,0.000,0.000,0.000,0.000,0.097,-0.070
269.81,0.100,0,0.322,0.382,1,0.000,0.000,0.000,0.000,0.000,0.000,0.073,-0.068
270.01,0.112,0,0.324,0.382,1,0.000,0.000,0.000,0.000,0.000,0.000,0.073,-0.068
270.21,0.100,0,0.324,0.382,1,0.000,0.000,0.000,0.000,0.000,0.000,0.079,-0.066
270.41,0.100,0,0.324,0.382,1,0.000,0.000,0.000,0.000,0.000,0.000,0.092,-0.049
270.61,0.100,0,0.135,0.383,0,0.000,0.000,0.000,0.000,0.000,0.000,0.098,-0.039
270.81,0.200,0,0.135,0.383,0,0.000,0.000,0.000,0.000,0.000,0.000,0.098,-0.039
271.01,0.214,0,0.282,0.384,1,0.000,0.000,0.000,0.000,0.000,0.000,0.087,-0.048
271.21,0.280,0,0.282,0.384,1,0.000,0.000,0.000,0.000,0.000,0.000,0.084,-0.058
271.41,0.273,0,0.282,0.384,1,0.000,0.000,0.000,0.000,0.000,0.000,0.085,-0.072
271.61,0.273,0,0.324,0.382,1,0.000,0.000,0.000,0.000,0.000,0.000,0.081,-0.054
271.81,0.311,0,0.324,0.382,1,0.000,0.000,0.000,0.000,0.000,0.000,0.081,-0.054
272.01,0.312,0,0.325,0.383,1,0.000,0.000,0.000,0.000,0.000,0.000,0.084,-0.062
272.21,0.310,0,0.325,0.383,1,0.000,0.000,0.000,0.000,0.000,0.000,0.077,-0.057
272.41,0.310,0,0.325,0.383,1,0.000,0.000,0.000,0.000,0.000,0.000,0.079,-0.060
272.61,0.311,0,0.324,0.383,1,0.000,0.000,0.000,0.000,0.000,0.000,0.075,-0.064
272.81,0.308,0,0.324,0.383,1,0.000,0.000,0.000,0.000,0.000,0.000,0.075,-0.064
273.01,0.309,0,0.322,0.381,1,0.000,0.000,0.000,0.000,0.000,0.000,0.081,-0.057
273.21,0.308,0,0.322,0.381,1,0.000,0.000,0.000,0.000,0.000,0.000,0.078,-0.059
273.41,0.308,0,0.322,0.381,1,0.000,0.000,0.000,0.000,0.000,0.000,0.077,-0.060
273.61,0.312,0,0.325,0.384,1,0.000,0.000,0.000,0.000,0.000,0.000,0.077,-0.060
273.81,0.308,0,0.325,0.384,1,0.000,0.000,0.000,0.000,0.000,0.000,0.083,-0.060
274.01,0.312,0,0.325,0.379,1,0.000,0.000,0.000,0.000,0.000,0.000,0.068,-0.060
274.21,0.307,0,0.325,0.379,1,0.000,0.000,0.000,0.000,0.000,0.000,0.015,-0.053
274.41,0.307,0,0.325,0.379,1,0.000,0.000,0.000,0.000,0.000,0.000,0.031,-0.053
274.61,0.107,0,0.317,0.356,1,0.000,0.000,0.000,0.000,0.000,0.000,0.031,-0.053
274.81,0.304,0,0.317,0.356,1,0.000,0.000,0.000,0.000,0.000,0.000,0.029,-0.036
275.01,0.107,0,0.313,0.332,1,0.000,0.000,0.000,0.000,0.000,0.000,0.009,-0.040
275.21,0.107,0,0.313,0.332,1,0.000,0.000,0.000,0.000,0.000,0.000,0.020,-0.038
275.41,0.105,0,0.313,0.332,1,0.000,0.000,0.000,0.000,0.000,0.000,0.020,-0.038
275.61,0.105,0,0.714,0.617,1,0.000,0.000,0.000,0.000,0.000,0.000,0.008,-0.020
275.81,0.105,0,0.714,0.617,1,0.000,0.000,0.000,0.000,0.000,0.000,0.001,-0.002
276.01,0.105,0,0.763,0.662,1,0.000,0.000,0.000,0.000,0.000,0.000,-0.013,-0.029
276.21,0.105,0,0.763,0.662,1,0.000,0.000,0.000,0.000,0.000,0.000,-0.009,-0.017
276.41,0.106,0,0.763,0.662,1,0.000,0.000,0.000,0.000,0.000,0.000,-0.009,-0.017
276.61,0.356,0,0.452,0.460,1,0.000,0.000,0.000,0.000,0.000,0.000,-0.026,-0.050
276.81,0.354,0,0.452,0.460,1,0.000,0.000,0.000,0.000,0.000,0.000,-0.034,-0.053
277.01,0.354,0,0.453,0.494,1,0.000,0.000,0.000,0.000,0.000,0.000,-0.024,-0.050
277.21,0.354,0,0.453,0.494,1,0.000,0.000,0.000,0.000,0.000,0.000,-0.017,-0.051
277.41,0.352,0,0.453,0.494,1,0.000,0.000,0.000,0.000,0.000,0.000,-0.017,-0.051
277.61,0.354,0,0.465,0.377,1,0.000,0.000,0.000,0.000,0.000,0.000,-0.015,-0.049
277.81,0.356,0,0.465,0.377,1,0.000,0.000,0.000,0.000,0.000,0.000,-0.018,-0.050
278.01,0.356,0,0.430,0.354,1,0.000,0.000,0.000,0.000,0.000,0.000,-0.024,-0.049
278.21,0.357,0,0.430,0.354,1,0.000,0.000,0.000,0.000,0.000,0.000,-0.024,-0.049
278.41,0.352,0,0.430,0.354,1,0.000,0.000,0.000,0.000,0.000,0.000,-0.028,-0.053
278.61,0.357,0,0.418,0.337,1,0.000,0.000,0.000,0.000,0.000,0.000,-0.030,-0.051
278.81,0.106,0,0.418,0.337,1,0.000,0.000,0.000,0.000,0.000,0.000,-0.026,-0.049
279.01,0.106,0,0.402,0.344,1,0.000,0.000,0.000,0.000,0.000,0.000,-0.037,-0.053
279.21,0.357,0,0.402,0.344,1,0.000,0.000,0.000,0.000,0.000,0.000,-0.037,-0.053
279.41,0.356,0,0.402,0.344,1,0.000,0.000,0.000,0.000,0.000,0.000,-0.035,-0.058
279.61,0.356,0,0.412,0.371,1,0.000,0.000,0.000,0.000,0.000,0.000,-0.035,-0.059
279.81,0.356,0,0.412,0.371,1,0.000,0.000,0.000,0.000,0.000,0.000,-0.036,-0.057
280.01,0.356,0,0.463,0.337,1,0.000,0.000,0.000,0.000,0.000,0.000,-0.030,-0.053
280.21,0.356,0,0.463,0.337,1,0.000,0.000,0.000,0.000,0.000,0.000,-0.030,-0.053
280.41,0.352,0,0.463,0.337,1,0.000,0.000,0.000,0.000,0.000,0.000,-0.026,-0.053
280.61,0.352,0,0.409,0.348,1,0.000,0.000,0.000,0.000,0.000,0.000,-0.039,-0.056
280.81,0.352,0,0.409,0.348,1,0.000,0.000,0.000,0.000,0.000,0.000,-0.039,-0.055
281.01,0.338,0,0.390,0.356,1,0.000,0.000,0.000,0.000,0.000,0.000,-0.039,-0.055
281.21,0.334,0,0.390,0.356,1,0.000,0.000,0.000,0.000,0.000,0.000,-0.039,-0.054
281.41,0.340,0,0.390,0.356,1,0.000,0.000,0.000,0.000,0.000,0.000,-0.020,-0.040
281.61,0.340,0,0.393,0.335,1,0.000,0.000,0.000,0.000,0.000,0.000,-0.015,0.010
281.81,0.348,0,0.393,0.335,1,0.000,0.000,0.000,0.000,0.000,0.000,-0.034,-0.010
282.01,0.354,0,0.365,0.325,1,0.000,0.000,0.000,0.000,0.000,0.000,-0.034,-0.010
282.21,0.360,0,0.365,0.325,1,0.000,0.000,0.000,0.000,0.000,0.000,-0.016,0.020
282.41,0.364,0,0.365,0.325,1,0.000,0.000,0.000,0.000,0.000,0.000,-0.029,0.019
282.61,0.364,0,0.375,0.337,1,0.000,0.000,0.000,0.000,0.000,0.000,-0.017,0.019
282.81,0.107,0,0.375,0.337,1,0.000,0.000,0.000,0.000,0.000,0.000,-0.017,0.019
283.01,0.106,0,0.377,0.350,1,0.000,0.000,0.000,0.000,0.000,0.000,-0.024,0.009
283.21,0.106,0,0.377,0.350,1,0.000,0.000,0.000,0.000,0.000,0.000,-0.019,0.009
283.41,0.108,0,0.377,0.350,1,0.000,0.000,0.000,0.000,0.000,0.000,-0.020,0.005
283.61,0.108,0,0.393,0.373,1,0.000,0.000,0.000,0.000,0.000,0.000,-0.022,0.013
283.81,0.106,0,0.393,0.373,1,0.000,0.000,0.000,0.000,0.000,0.000,-0.022,0.013
284.01,0.108,0,0.389,0.355,1,0.000,0.000,0.000,0.000,0.000,0.000,-0.026,0.013
284.21,0.108,0,0.389,0.355,1,0.000,0.000,0.000,0.000,0.000,0.000,-0.025,0.013
284.41,0.108,0,0.389,0.355,1,0.000,0.000,0.000,0.000,0.000,0.000,-0.021,0.004
284.61,0.377,0,0.388,0.349,1,0.000,0.000,0.000,0.000,0.000,0.000,-0.025,0.012
284.81,0.106,0,0.388,0.349,1,0.000,0.000,0.000,0.000,0.000,0.000,-0.025,0.012
285.01,0.105,0,0.381,0.332,1,0.000,0.000,0.000,0.000,0.000,0.000,-0.031,0.012
285.21,0.106,0,0.381,0.332,1,0.000,0.000,0.000,0.000,0.000,0.000,-0.050,-0.043
285.41,0.106,0,0.381,0.332,1,0.000,0.000,0.000,0.000,0.000,0.000,-0.031,-0.039
285.61,0.105,0,0.374,0.309,1,0.000,0.000,0.000,0.000,0.000,0.000,-0.031,-0.039
285.81,0.368,0,0.374,0.309,1,0.000,0.000,0.000,0.000,0.000,0.000,-0.034,-0.009
286.01,0.377,0,0.388,0.342,1,0.000,0.000,0.000,0.000,0.000,0.000,-0.030,-0.012
286.21,0.383,0,0.388,0.342,1,0.000,0.000,0.000,0.000,0.000,0.000,-0.033,-0.019
286.41,0.383,0,0.388,0.342,1,0.000,0.000,0.000,0.000,0.000,0.000,-0.037,-0.018
286.61,0.387,0,0.399,0.344,1,0.000,0.000,0.000,0.000,0.000,0.000,-0.037,-0.018
286.81,0.108,0,0.399,0.344,1,0.000,0.000,0.000,0.000,0.000,0.000,-0.026,-0.010
287.01,0.320,0,0.332,0.369,1,0.000,0.000,0.000,0.000,0.000,0.000,-0.021,-0.008
287.21,0.320,0,0.332,0.369,1,0.000,0.000,0.000,0.000,0.000,0.000,-0.029,-0.015
287.41,0.308,0,0.332,0.369,1,0.000,0.000,0.000,0.000,0.000,0.000,-0.029,-0.015
287.61,0.304,0,0.317,0.399,1,0.000,0.000,0.000,0.000,0.000,0.000,-0.034,-0.007
287.81,0.309,0,0.317,0.399,1,0.000,0.000,0.000,0.000,0.000,0.000,-0.025,-0.015
288.01,0.330,0,0.342,0.420,1,0.000,0.000,0.000,0.000,0.000,0.000,-0.025,-0.016
288.21,0.330,0,0.342,0.420,1,0.000,0.000,0.000,0.000,0.000,0.000,-0.031,-0.010
288.41,0.108,0,0.342,0.420,1,0.000,0.000,0.000,0.000,0.000,0.000,-0.031,-0.010
288.61,0.389,0,0.358,0.440,1,0.000,0.000,0.000,0.000,0.000,0.000,-0.030,-0.013
288.81,0.388,0,0.358,0.440,1,0.000,0.000,0.000,0.000,0.000,0.000,-0.029,-0.016
289.01,0.388,0,0.443,0.477,1,0.000,0.000,0.000,0.000,0.000,0.000,-0.026,-0.017
289.21,0.388,0,0.443,0.477,1,0.000,0.000,0.000,0.000,0.000,0.000,-0.035,-0.018
289.41,0.387,0,0.443,0.477,1,0.000,0.000,0.000,0.000,0.000,0.000,-0.035,-0.018
289.61,0.386,0,0.468,0.498,1,0.000,0.000,0.000,0.000,0.000,0.000,-0.025,-0.012
289.81,0.386,0,0.468,0.498,1,0.000,0.000,0.000,0.000,0.000,0.000,-0.031,-0.016
290.01,0.386,0,0.429,0.480,1,0.000,0.000,0.000,0.000,0.000,0.000,-0.032,-0.019
290.21,0.384,0,0.429,0.480,1,0.000,0.000,0.000,0.000,0.000,0.000,-0.032,-0.019
290.41,0.388,0,0.429,0.480,1,0.000,0.000,0.000,0.000,0.000,0.000,-0.030,-0.017
290.61,0.388,0,0.404,0.493,1,0.000,0.000,0.000,0.000,0.000,0.000,-0.029,-0.018
290.81,0.388,0,0.404,0.493,1,0.000,0.000,0.000,0.000,0.000,0.000,-0.033,-0.024
291.01,0.388,0,0.459,0.493,1,0.000,0.000,0.000,0.000,0.000,0.000,-0.031,-0.019
291.21,0.386,0,0.459,0.493,1,0.000,0.000,0.000,0.000,0.000,0.000,-0.031,-0.019
291.41,0.384,0,0.459,0.493,1,0.000,0.000,0.000,0.000,0.000,0.000,-0.030,-0.017
291.61,0.388,0,0.429,0.484,1,0.000,0.000,0.000,0.000,0.000,0.000,-0.030,-0.019
291.81,0.388,0,0.429,0.484,1,0.000,0.000,0.000,0.000,0.000,0.000,-0.033,-0.080
292.01,0.387,0,0.462,0.758,0,0.000,0.000,0.000,0.000,0.000,0.000,-0.033,-0.080
292.21,0.370,0,0.462,0.758,0,0.000,0.000,0.000,0.000,0.000,0.000,-0.022,-0.112
292.41,0.359,0,0.462,0.758,0,0.000,0.000,0.000,0.000,0.000,0.000,0.001,-0.086
292.61,0.106,0,0.712,0.643,1,0.000,0.000,0.000,0.000,0.000,0.000,0.003,-0.099
292.81,0.106,0,0.712,0.643,1,0.000,0.000,0.000,0.000,0.000,0.000,0.038,-0.050
293.01,0.106,0,0.356,0.652,0,0.000,0.000,0.000,0.000,0.000,0.000,0.038,-0.050
293.21,0.106,0,0.356,0.652,0,0.000,0.000,0.000,0.000,0.000,0.000,0.038,-0.050
293.41,0.106,0,0.356,0.652,0,0.000,0.000,0.000,0.000,0.000,0.000,0.038,-0.050
293.61,0.106,0,0.356,0.652,0,0.000,0.000,0.000,0.000,0.000,0.000,0.038,-0.050
293.81,0.105,0,0.356,0.652,0,0.000,0.000,0.000,0.000,0.000,0.000,0.038,-0.050
294.01,0.105,0,0.356,0.652,0,0.000,0.000,0.000,0.000,0.000,0.000,0.038,-0.050
294.21,0.107,0,0.356,0.652,0,0.000,0.000,0.000,0.000,0.000,0.000,0.038,-0.050
294.41,0.105,0,0.356,0.652,0,0.000,0.000,0.000,0.000,0.000,0.000,0.038,-0.050
294.61,0.105,0,0.356,0.652,0,0.000,0.000,0.000,0.000,0.000,0.000,0.047,-0.086
294.81,0.106,0,0.356,0.652,0,0.000,0.000,0.000,0.000,0.000,0.000,0.047,-0.086
295.01,0.105,0,0.344,0.360,1,0.000,0.000,0.000,0.000,0.000,0.000,0.060,-0.089
295.21,0.106,0,0.344,0.360,1,0.000,0.000,0.000,0.000,0.000,0.000,0.070,-0.052
295.41,0.107,0,0.344,0.360,1,0.000,0.000,0.000,0.000,0.000,0.000,0.073,-0.066
295.61,0.107,0,0.339,0.365,1,0.000,0.000,0.000,0.000,0.000,0.000,0.105,-0.061
295.81,0.108,0,0.339,0.365,1,0.000,0.000,0.000,0.000,0.000,0.000,0.105,-0.061
296.01,0.105,0,0.333,0.374,1,0.000,0.000,0.000,0.000,0.000,0.000,0.078,-0.042
296.21,0.320,0,0.333,0.374,1,0.000,0.000,0.000,0.000,0.000,0.000,0.069,-0.046
296.41,0.320,0,0.333,0.374,1,0.000,0.000,0.000,0.000,0.000,0.000,0.071,-0.043
296.61,0.321,0,0.333,0.374,1,0.000,0.000,0.000,0.000,0.000,0.000,0.079,-0.045
296.81,0.323,0,0.333,0.374,1,0.000,0.000,0.000,0.000,0.000,0.000,0.079,-0.045
297.01,0.320,0,0.332,0.374,1,0.000,0.000,0.000,0.000,0.000,0.000,0.076,-0.043
297.21,0.321,0,0.332,0.374,1,0.000,0.000,0.000,0.000,0.000,0.000,0.080,-0.047
297.41,0.321,0,0.332,0.374,1,0.000,0.000,0.000,0.000,0.000,0.000,0.075,-0.046
297.61,0.290,0,0.334,0.374,1,0.000,0.000,0.000,0.000,0.000,0.000,0.075,-0.046
297.81,0.324,0,0.334,0.374,1,0.000,0.000,0.000,0.000,0.000,0.000,0.069,-0.049
298.01,0.320,0,0.332,0.374,1,0.000,0.000,0.000,0.000,0.000,0.000,0.076,-0.040
298.21,0.320,0,0.332,0.374,1,0.000,0.000,0.000,0.000,0.000,0.000,0.083,-0.037
298.41,0.296,0,0.332,0.374,1,0.000,0.000,0.000,0.000,0.000,0.000,0.075,-0.030
298.61,0.299,0,0.334,0.374,1,0.000,0.000,0.000,0.000,0.000,0.000,0.075,-0.030
298.81,0.296,0,0.334,0.374,1,0.000,0.000,0.000,0.000,0.000,0.000,0.075,-0.038
299.01,0.312,0,0.332,0.374,1,0.000,0.000,0.000,0.000,0.000,0.000,0.075,-0.036
299.21,0.312,0,0.332,0.374,1,0.000,0.000,0.000,0.000,0.000,0.000,0.076,-0.040
299.41,0.299,0,0.332,0.374,1,0.000,0.000,0.000,0.000,0.000,0.000,0.076,-0.040
299.61,0.277,0,0.332,0.374,1,0.000,0.000,0.000,0.000,0.000,0.000,0.078,-0.037
299.81,0.256,0,0.332,0.374,1,0.000,0.000,0.000,0.000,0.000,0.000,0.084,-0.033
300.01,0.229,0,0.333,0.374,1,0.000,0.000,0.000,0.000,0.000,0.000,0.086,-0.039
300.21,0.229,0,0.333,0.374,1,0.000,0.000,0.000,0.000,0.000,0.000,0.089,-0.035
300.41,0.231,0,0.333,0.374,1,0.000,0.000,0.000,0.000,0.000,0.000,0.089,-0.035
300.61,0.109,0,0.333,0.374,1,0.000,0.000,0.000,0.000,0.000,0.000,0.087,-0.038
300.81,0.322,0,0.333,0.374,1,0.000,0.000,0.000,0.000,0.000,0.000,0.088,-0.045
301.01,0.322,0,0.334,0.374,1,0.000,0.000,0.000,0.000,0.000,0.000,0.088,-0.047
301.21,0.320,0,0.334,0.374,1,0.000,0.000,0.000,0.000,0.000,0.000,0.089,-0.042
301.41,0.323,0,0.334,0.374,1,0.000,0.000,0.000,0.000,0.000,0.000,0.089,-0.042
301.61,0.320,0,0.335,0.374,1,0.000,0.000,0.000,0.000,0.000,0.000,0.089,-0.039
301.81,0.243,0,0.335,0.374,1,0.000,0.000,0.000,0.000,0.000,0.000,0.088,-0.036
302.01,0.243,0,0.336,0.374,1,0.000,0.000,0.000,0.000,0.000,0.000,0.091,-0.039
302.21,0.324,0,0.336,0.374,1,0.000,0.000,0.000,0.000,0.000,0.000,0.091,-0.039
302.41,0.320,0,0.336,0.374,1,0.000,0.000,0.000,0.000,0.000,0.000,0.098,-0.036
302.61,0.324,0,0.332,0.374,1,0.000,0.000,0.000,0.000,0.000,0.000,0.101,-0.040
302.81,0.321,0,0.332,0.374,1,0.000,0.000,0.000,0.000,0.000,0.000,0.087,-0.035
303.01,0.321,0,0.333,0.374,1,0.000,0.000,0.000,0.000,0.000,0.000,0.081,-0.039
303.21,0.320,0,0.333,0.374,1,0.000,0.000,0.000,0.000,0.000,0.000,0.081,-0.039
303.41,0.324,0,0.333,0.374,1,0.000,0.000,0.000,0.000,0.000,0.000,0.080,-0.046
303.61,0.324,0,0.336,0.374,1,0.000,0.000,0.000,0.000,0.000,0.000,0.081,-0.039
303.81,0.324,0,0.336,0.374,1,0.000,0.000,0.000,0.000,0.000,0.000,0.076,-0.044
304.01,0.321,0,0.333,0.374,1,0.000,0.000,0.000,0.000,0.000,0.000,0.076,-0.044
304.21,0.320,0,0.333,0.374,1,0.000,0.000,0.000,0.000,0.000,0.000,0.080,-0.041
304.41,0.320,0,0.333,0.374,1,0.000,0.000,0.000,0.000,0.000,0.000,0.074,-0.043
304.61,0.324,0,0.332,0.374,1,0.000,0.000,0.000,0.000,0.000,0.000,0.071,-0.040
304.81,0.324,0,0.332,0.374,1,0.000,0.000,0.000,0.000,0.000,0.000,0.070,-0.056
305.01,0.322,0,0.334,0.380,1,0.000,0.000,0.000,0.000,0.000,0.000,0.070,-0.056
305.21,0.331,0,0.334,0.380,1,0.000,0.000,0.000,0.000,0.000,0.000,0.070,-0.056
305.41,0.342,0,0.334,0.380,1,0.000,0.000,0.000,0.000,0.000,0.000,0.070,-0.056
305.61,0.342,0,0.354,0.388,1,0.000,0.000,0.000,0.000,0.000,0.000,0.070,-0.056
305.81,0.349,0,0.354,0.388,1,0.000,0.000,0.000,0.000,0.000,0.000,0.070,-0.056
306.01,0.355,0,0.366,0.332,1,0.000,0.000,0.000,0.000,0.000,0.000,0.070,-0.056
306.21,0.104,0,0.366,0.332,1,0.000,0.000,0.000,0.000,0.000,0.000,0.070,-0.056
306.41,0.107,0,0.366,0.332,1,0.000,0.000,0.000,0.000,0.000,0.000,0.070,-0.056
306.61,0.107,0,0.384,0.323,1,0.000,0.000,0.000,0.000,0.000,0.000,0.091,-0.056
306.81,0.106,0,0.384,0.323,1,0.000,0.000,0.000,0.000,0.000,0.000,0.091,-0.056
307.01,0.365,0,0.376,0.329,1,0.000,0.000,0.000,0.000,0.000,0.000,0.081,-0.036
307.21,0.105,0,0.376,0.329,1,0.000,0.000,0.000,0.000,0.000,0.000,0.097,-0.041
307.41,0.106,0,0.376,0.329,1,0.000,0.000,0.000,0.000,0.000,0.000,0.098,-0.032
307.61,0.106,0,0.372,0.338,1,0.000,0.000,0.000,0.000,0.000,0.000,0.103,-0.027
307.81,0.106,0,0.372,0.338,1,0.000,0.000,0.000,0.000,0.000,0.000,0.103,-0.027
308.01,0.361,0,0.372,0.349,1,0.000,0.000,0.000,0.000,0.000,0.000,0.102,-0.012
308.21,0.363,0,0.372,0.349,1,0.000,0.000,0.000,0.000,0.000,0.000,0.108,-0.017
308.41,0.363,0,0.372,0.349,1,0.000,0.000,0.000,0.000,0.000,0.000,0.094,0.004
308.61,0.363,0,0.374,0.361,1,0.000,0.000,0.000,0.000,0.000,0.000,0.094,0.004
308.81,0.365,0,0.374,0.361,1,0.000,0.000,0.000,0.000,0.000,0.000,0.096,0.000
309.01,0.368,0,0.379,0.358,1,0.000,0.000,0.000,0.000,0.000,0.000,0.080,0.005
309.21,0.107,0,0.379,0.358,1,0.000,0.000,0.000,0.000,0.000,0.000,0.050,0.004
309.41,0.107,0,0.379,0.358,1,0.000,0.000,0.000,0.000,0.000,0.000,0.040,0.014
309.61,0.105,0,0.389,0.356,1,0.000,0.000,0.000,0.000,0.000,0.000,0.040,0.014
309.81,0.385,0,0.389,0.356,1,0.000,0.000,0.000,0.000,0.000,0.000,0.028,0.004
310.01,0.105,0,0.395,0.357,1,0.000,0.000,0.000,0.000,0.000,0.000,0.002,-0.004
310.21,0.105,0,0.395,0.357,1,0.000,0.000,0.000,0.000,0.000,0.000,0.009,0.004
310.41,0.108,0,0.395,0.357,1,0.000,0.000,0.000,0.000,0.000,0.000,-0.015,-0.010
310.61,0.383,0,0.393,0.429,1,0.000,0.000,0.000,0.000,0.000,0.000,-0.015,-0.010
310.81,0.378,0,0.393,0.429,1,0.000,0.000,0.000,0.000,0.000,0.000,0.010,-0.019
311.01,0.377,0,0.388,0.426,1,0.000,0.000,0.000,0.000,0.000,0.000,0.015,-0.025
311.21,0.377,0,0.388,0.426,1,0.000,0.000,0.000,0.000,0.000,0.000,0.008,-0.023
311.41,0.384,0,0.388,0.426,1,0.000,0.000,0.000,0.000,0.000,0.000,0.008,-0.023
311.61,0.382,0,0.392,0.395,1,0.000,0.000,0.000,0.000,0.000,0.000,0.046,-0.036
311.81,0.386,0,0.392,0.395,1,0.000,0.000,0.000,0.000,0.000,0.000,0.020,-0.015
312.01,0.383,0,0.396,0.379,1,0.000,0.000,0.000,0.000,0.000,0.000,0.021,-0.016
312.21,0.383,0,0.396,0.379,1,0.000,0.000,0.000,0.000,0.000,0.000,-0.008,0.008
312.41,0.385,0,0.396,0.379,1,0.000,0.000,0.000,0.000,0.000,0.000,-0.008,0.008
312.61,0.379,0,0.395,0.421,1,0.000,0.000,0.000,0.000,0.000,0.000,0.011,-0.021
312.81,0.380,0,0.395,0.421,1,0.000,0.000,0.000,0.000,0.000,0.000,0.014,-0.019
313.01,0.380,0,0.390,0.421,1,0.000,0.000,0.000,0.000,0.000,0.000,0.019,-0.020
313.21,0.380,0,0.390,0.421,1,0.000,0.000,0.000,0.000,0.000,0.000,0.019,-0.020
313.41,0.377,0,0.390,0.421,1,0.000,0.000,0.000,0.000,0.000,0.000,0.012,-0.019
313.61,0.258,0,0.388,0.421,1,0.000,0.000,0.000,0.000,0.000,0.000,0.015,-0.031
313.81,0.377,0,0.388,0.421,1,0.000,0.000,0.000,0.000,0.000,0.000,0.013,-0.021
314.01,0.377,0,0.388,0.421,1,0.000,0.000,0.000,0.000,0.000,0.000,0.017,-0.020
314.21,0.378,0,0.388,0.421,1,0.000,0.000,0.000,0.000,0.000,0.000,0.017,-0.020
314.41,0.382,0,0.388,0.421,1,0.000,0.000,0.000,0.000,0.000,0.000,0.014,-0.015
314.61,0.382,0,0.392,0.421,1,0.000,0.000,0.000,0.000,0.000,0.000,0.018,-0.024
314.81,0.379,0,0.392,0.421,1,0.000,0.000,0.000,0.000,0.000,0.000,0.024,-0.022
315.01,0.379,0,0.390,0.422,1,0.000,0.000,0.000,0.000,0.000,0.000,0.026,-0.021
315.21,0.380,0,0.390,0.422,1,0.000,0.000,0.000,0.000,0.000,0.000,0.026,-0.021
315.41,0.382,0,0.390,0.422,1,0.000,0.000,0.000,0.000,0.000,0.000,0.024,-0.022
315.61,0.380,0,0.392,0.422,1,0.000,0.000,0.000,0.000,0.000,0.000,0.021,-0.022
315.81,0.380,0,0.392,0.422,1,0.000,0.000,0.000,0.000,0.000,0.000,0.021,-0.019
316.01,0.380,0,0.391,0.421,1,0.000,0.000,0.000,0.000,0.000,0.000,0.021,-0.019
316.21,0.381,0,0.391,0.421,1,0.000,0.000,0.000,0.000,0.000,0.000,0.029,-0.026
316.41,0.377,0,0.391,0.421,1,0.000,0.000,0.000,0.000,0.000,0.000,0.019,-0.023
316.61,0.382,0,0.388,0.421,1,0.000,0.000,0.000,0.000,0.000,0.000,0.017,-0.019
316.81,0.382,0,0.388,0.421,1,0.000,0.000,0.000,0.000,0.000,0.000,0.024,-0.018
317.01,0.377,0,0.388,0.422,1,0.000,0.000,0.000,0.000,0.000,0.000,0.024,-0.018
317.21,0.377,0,0.388,0.422,1,0.000,0.000,0.000,0.000,0.000,0.000,0.026,-0.016
317.41,0.381,0,0.388,0.422,1,0.000,0.000,0.000,0.000,0.000,0.000,0.021,-0.026
317.61,0.381,0,0.391,0.421,1,0.000,0.000,0.000,0.000,0.000,0.000,0.016,-0.021
317.81,0.382,0,0.391,0.421,1,0.000,0.000,0.000,0.000,0.000,0.000,0.021,-0.016
318.01,0.381,0,0.391,0.422,1,0.000,0.000,0.000,0.000,0.000,0.000,0.021,-0.016
318.21,0.380,0,0.391,0.422,1,0.000,0.000,0.000,0.000,0.000,0.000,0.016,-0.017
318.41,0.381,0,0.391,0.422,1,0.000,0.000,0.000,0.000,0.000,0.000,0.010,-0.022
318.61,0.381,0,0.391,0.421,1,0.000,0.000,0.000,0.000,0.000,0.000,0.013,-0.016
318.81,0.380,0,0.391,0.421,1,0.000,0.000,0.000,0.000,0.000,0.000,0.013,-0.016
319.01,0.379,0,0.390,0.422,1,0.000,0.000,0.000,0.000,0.000,0.000,0.014,-0.021
319.21,0.377,0,0.390,0.422,1,0.000,0.000,0.000,0.000,0.000,0.000,0.013,-0.017
319.41,0.377,0,0.390,0.422,1,0.000,0.000,0.000,0.000,0.000,0.000,0.012,-0.020
319.61,0.377,0,0.388,0.421,1,0.000,0.000,0.000,0.000,0.000,0.000,0.013,-0.011
319.81,0.379,0,0.388,0.421,1,0.000,0.000,0.000,0.000,0.000,0.000,0.013,-0.011
320.01,0.383,0,0.393,0.421,1,0.000,0.000,0.000,0.000,0.000,0.000,0.017,-0.019
320.21,0.380,0,0.393,0.421,1,0.000,0.000,0.000,0.000,0.000,0.000,0.015,-0.022
320.41,0.380,0,0.393,0.421,1,0.000,0.000,0.000,0.000,0.000,0.000,0.013,-0.016
320.61,0.382,0,0.392,0.421,1,0.000,0.000,0.000,0.000,0.000,0.000,0.013,-0.016
320.81,0.379,0,0.392,0.421,1,0.000,0.000,0.000,0.000,0.000,0.000,0.017,-0.016
321.01,0.379,0,0.390,0.421,1,0.000,0.000,0.000,0.000,0.000,0.000,0.015,-0.021
321.21,0.382,0,0.390,0.421,1,0.000,0.000,0.000,0.000,0.000,0.000,0.009,-0.016
321.41,0.382,0,0.390,0.421,1,0.000,0.000,0.000,0.000,0.000,0.000,0.018,-0.013
321.61,0.377,0,0.388,0.421,1,0.000,0.000,0.000,0.000,0.000,0.000,0.018,-0.013
321.81,0.377,0,0.388,0.421,1,0.000,0.000,0.000,0.000,0.000,0.000,0.008,-0.011
322.01,0.377,0,0.388,0.421,1,0.000,0.000,0.000,0.000,0.000,0.000,0.011,-0.014
322.21,0.377,0,0.388,0.421,1,0.000,0.000,0.000,0.000,0.000,0.000,0.015,-0.026
322.41,0.378,0,0.388,0.421,1,0.000,0.000,0.000,0.000,0.000,0.000,0.015,-0.026
322.61,0.377,0,0.388,0.420,1,0.000,0.000,0.000,0.000,0.000,0.000,0.010,-0.013
322.81,0.380,0,0.388,0.420,1,0.000,0.000,0.000,0.000,0.000,0.000,0.019,-0.017
323.01,0.377,0,0.388,0.422,1,0.000,0.000,0.000,0.000,0.000,0.000,0.014,-0.020
323.21,0.377,0,0.388,0.422,1,0.000,0.000,0.000,0.000,0.000,0.000,0.003,-0.017
323.41,0.312,0,0.388,0.422,1,0.000,0.000,0.000,0.000,0.000,0.000,0.003,-0.017
323.61,0.301,0,0.390,0.422,1,0.000,0.000,0.000,0.000,0.000,0.000,0.001,-0.006
323.81,0.378,0,0.390,0.422,1,0.000,0.000,0.000,0.000,0.000,0.000,0.005,-0.011
324.01,0.378,0,0.389,0.422,1,0.000,0.000,0.000,0.000,0.000,0.000,0.015,-0.020
324.21,0.382,0,0.389,0.422,1,0.000,0.000,0.000,0.000,0.000,0.000,0.016,-0.012
324.41,0.379,0,0.389,0.422,1,0.000,0.000,0.000,0.000,0.000,0.000,0.016,-0.012
324.61,0.378,0,0.390,0.421,1,0.000,0.000,0.000,0.000,0.000,0.000,0.011,-0.019
324.81,0.382,0,0.390,0.421,1,0.000,0.000,0.000,0.000,0.000,0.000,0.012,-0.020
325.01,0.382,0,0.392,0.421,1,0.000,0.000,0.000,0.000,0.000,0.000,0.004,-0.016
325.21,0.382,0,0.392,0.421,1,0.000,0.000,0.000,0.000,0.000,0.000,0.004,-0.016
325.41,0.380,0,0.392,0.421,1,0.000,0.000,0.000,0.000,0.000,0.000,0.005,-0.012
325.61,0.378,0,0.391,0.421,1,0.000,0.000,0.000,0.000,0.000,0.000,0.009,-0.015
325.81,0.381,0,0.391,0.421,1,0.000,0.000,0.000,0.000,0.000,0.000,0.007,-0.017
326.01,0.381,0,0.391,0.421,1,0.000,0.000,0.000,0.000,0.000,0.000,0.013,-0.021
326.21,0.380,0,0.391,0.421,1,0.000,0.000,0.000,0.000,0.000,0.000,0.013,-0.021
326.41,0.379,0,0.391,0.421,1,0.000,0.000,0.000,0.000,0.000,0.000,0.013,-0.017
326.61,0.381,0,0.390,0.421,1,0.000,0.000,0.000,0.000,0.000,0.000,0.008,-0.011
326.81,0.381,0,0.390,0.421,1,0.000,0.000,0.000,0.000,0.000,0.000,0.010,-0.014
327.01,0.377,0,0.388,0.421,1,0.000,0.000,0.000,0.000,0.000,0.000,0.010,-0.014
327.21,0.382,0,0.388,0.421,1,0.000,0.000,0.000,0.000,0.000,0.000,0.021,-0.016
327.41,0.376,0,0.388,0.421,1,0.000,0.000,0.000,0.000,0.000,0.000,0.016,-0.015
327.61,0.379,0,0.387,0.420,1,0.000,0.000,0.000,0.000,0.000,0.000,0.014,-0.016
327.81,0.379,0,0.387,0.420,1,0.000,0.000,0.000,0.000,0.000,0.000,0.007,-0.017
328.01,0.377,0,0.388,0.421,1,0.000,0.000,0.000,0.000,0.000,0.000,0.007,-0.017
328.21,0.377,0,0.388,0.421,1,0.000,0.000,0.000,0.000,0.000,0.000,0.011,-0.016
328.41,0.378,0,0.388,0.421,1,0.000,0.000,0.000,0.000,0.000,0.000,0.011,-0.018
328.61,0.378,0,0.389,0.421,1,0.000,0.000,0.000,0.000,0.000,0.000,0.011,-0.028
328.81,0.378,0,0.389,0.421,1,0.000,0.000,0.000,0.000,0.000,0.000,0.011,-0.023
329.01,0.378,0,0.389,0.422,1,0.000,0.000,0.000,0.000,0.000,0.000,0.011,-0.023
329.21,0.380,0,0.389,0.422,1,0.000,0.000,0.000,0.000,0.000,0.000,0.004,-0.013
329.41,0.381,0,0.389,0.422,1,0.000,0.000,0.000,0.000,0.000,0.000,0.011,-0.018
329.61,0.381,0,0.391,0.422,1,0.000,0.000,0.000,0.000,0.000,0.000,0.007,-0.022
329.81,0.377,0,0.391,0.422,1,0.000,0.000,0.000,0.000,0.000,0.000,0.007,-0.022
330.01,0.382,0,0.392,0.422,1,0.000,0.000,0.000,0.000,0.000,0.000,0.009,-0.017
330.21,0.382,0,0.392,0.422,1,0.000,0.000,0.000,0.000,0.000,0.000,0.007,-0.015
330.41,0.381,0,0.392,0.422,1,0.000,0.000,0.000,0.000,0.000,0.000,0.010,-0.011
330.61,0.381,0,0.391,0.422,1,0.000,0.000,0.000,0.000,0.000,0.000,0.011,-0.015
330.81,0.381,0,0.391,0.422,1,0.000,0.000,0.000,0.000,0.000,0.000,0.011,-0.015
331.01,0.383,0,0.393,0.422,1,0.000,0.000,0.000,0.000,0.000,0.000,0.012,-0.012
331.21,0.382,0,0.393,0.422,1,0.000,0.000,0.000,0.000,0.000,0.000,0.013,-0.024
331.41,0.382,0,0.393,0.422,1,0.000,0.000,0.000,0.000,0.000,0.000,0.009,-0.021
331.61,0.382,0,0.392,0.420,1,0.000,0.000,0.000,0.000,0.000,0.000,0.014,-0.023
331.81,0.382,0,0.392,0.420,1,0.000,0.000,0.000,0.000,0.000,0.000,0.014,-0.023
332.01,0.377,0,0.388,0.422,1,0.000,0.000,0.000,0.000,0.000,0.000,0.009,-0.016
332.21,0.380,0,0.388,0.422,1,0.000,0.000,0.000,0.000,0.000,0.000,0.014,-0.022
332.41,0.380,0,0.388,0.422,1,0.000,0.000,0.000,0.000,0.000,0.000,0.007,-0.017
332.61,0.377,0,0.388,0.421,1,0.000,0.000,0.000,0.000,0.000,0.000,0.007,-0.017
332.81,0.382,0,0.388,0.421,1,0.000,0.000,0.000,0.000,0.000,0.000,0.008,-0.021
333.01,0.376,0,0.387,0.422,1,0.000,0.000,0.000,0.000,0.000,0.000,0.007,-0.015
333.21,0.380,0,0.387,0.422,1,0.000,0.000,0.000,0.000,0.000,0.000,0.010,-0.021
333.41,0.380,0,0.387,0.422,1,0.000,0.000,0.000,0.000,0.000,0.000,0.008,-0.020
333.61,0.381,0,0.391,0.422,1,0.000,0.000,0.000,0.000,0.000,0.000,0.008,-0.020
333.81,0.377,0,0.391,0.422,1,0.000,0.000,0.000,0.000,0.000,0.000,0.010,-0.019
334.01,0.380,0,0.391,0.422,1,0.000,0.000,0.000,0.000,0.000,0.000,0.010,-0.017
334.21,0.380,0,0.391,0.422,1,0.000,0.000,0.000,0.000,0.000,0.000,0.009,-0.018
334.41,0.378,0,0.391,0.422,1,0.000,0.000,0.000,0.000,0.000,0.000,0.009,-0.018
334.61,0.381,0,0.391,0.421,1,0.000,0.000,0.000,0.000,0.000,0.000,0.010,-0.019
334.81,0.379,0,0.391,0.421,1,0.000,0.000,0.000,0.000,0.000,0.000,0.008,-0.013
335.01,0.381,0,0.390,0.421,1,0.000,0.000,0.000,0.000,0.000,0.000,0.010,-0.015
335.21,0.381,0,0.390,0.421,1,0.000,0.000,0.000,0.000,0.000,0.000,0.010,-0.022
335.41,0.377,0,0.390,0.421,1,0.000,0.000,0.000,0.000,0.000,0.000,0.010,-0.022
335.61,0.382,0,0.388,0.421,1,0.000,0.000,0.000,0.000,0.000,0.000,0.008,-0.015
335.81,0.377,0,0.388,0.421,1,0.000,0.000,0.000,0.000,0.000,0.000,0.011,-0.014
336.01,0.377,0,0.388,0.421,1,0.000,0.000,0.000,0.000,0.000,0.000,0.013,-0.018
336.21,0.378,0,0.388,0.421,1,0.000,0.000,0.000,0.000,0.000,0.000,0.013,-0.018
336.41,0.382,0,0.388,0.421,1,0.000,0.000,0.000,0.000,0.000,0.000,0.014,-0.018
336.61,0.380,0,0.392,0.421,1,0.000,0.000,0.000,0.000,0.000,0.000,0.010,-0.021
336.81,0.378,0,0.392,0.421,1,0.000,0.000,0.000,0.000,0.000,0.000,0.009,-0.015
337.01,0.378,0,0.389,0.421,1,0.000,0.000,0.000,0.000,0.000,0.000,0.008,-0.021
337.21,0.380,0,0.389,0.421,1,0.000,0.000,0.000,0.000,0.000,0.000,0.008,-0.021
337.41,0.379,0,0.389,0.421,1,0.000,0.000,0.000,0.000,0.000,0.000,0.013,-0.015
337.61,0.381,0,0.390,0.422,1,0.000,0.000,0.000,0.000,0.000,0.000,0.010,-0.016
337.81,0.381,0,0.390,0.422,1,0.000,0.000,0.000,0.000,0.000,0.000,0.014,-0.021
338.01,0.379,0,0.390,0.422,1,0.000,0.000,0.000,0.000,0.000,0.000,0.005,-0.018
338.21,0.379,0,0.390,0.422,1,0.000,0.000,0.000,0.000,0.000,0.000,0.005,-0.018
338.41,0.382,0,0.390,0.422,1,0.000,0.000,0.000,0.000,0.000,0.000,0.006,-0.014
338.61,0.379,0,0.392,0.421,1,0.000,0.000,0.000,0.000,0.000,0.000,0.000,-0.016
338.81,0.379,0,0.392,0.421,1,0.000,0.000,0.000,0.000,0.000,0.000,0.008,-0.014
339.01,0.379,0,0.390,0.421,1,0.000,0.000,0.000,0.000,0.000,0.000,0.008,-0.014
339.21,0.380,0,0.390,0.421,1,0.000,0.000,0.000,0.000,0.000,0.000,0.005,-0.017
339.41,0.378,0,0.390,0.421,1,0.000,0.000,0.000,0.000,0.000,0.000,0.010,-0.013
339.61,0.377,0,0.389,0.422,1,0.000,0.000,0.000,0.000,0.000,0.000,0.013,-0.019
339.81,0.377,0,0.389,0.422,1,0.000,0.000,0.000,0.000,0.000,0.000,0.014,-0.019
340.01,0.377,0,0.388,0.421,1,0.000,0.000,0.000,0.000,0.000,0.000,0.014,-0.019
340.21,0.377,0,0.388,0.421,1,0.000,0.000,0.000,0.000,0.000,0.000,0.006,-0.020
340.41,0.381,0,0.388,0.421,1,0.000,0.000,0.000,0.000,0.000,0.000,0.013,-0.015
340.61,0.381,0,0.391,0.421,1,0.000,0.000,0.000,0.000,0.000,0.000,0.012,-0.015
340.81,0.382,0,0.391,0.421,1,0.000,0.000,0.000,0.000,0.000,0.000,0.012,-0.015
341.01,0.378,0,0.389,0.421,1,0.000,0.000,0.000,0.000,0.000,0.000,0.011,-0.025
341.21,0.382,0,0.389,0.421,1,0.000,0.000,0.000,0.000,0.000,0.000,0.014,-0.017
341.41,0.382,0,0.389,0.421,1,0.000,0.000,0.000,0.000,0.000,0.000,0.011,-0.017
341.61,0.382,0,0.392,0.422,1,0.000,0.000,0.000,0.000,0.000,0.000,0.016,-0.017
341.81,0.381,0,0.392,0.422,1,0.000,0.000,0.000,0.000,0.000,0.000,0.016,-0.017
342.01,0.380,0,0.391,0.421,1,0.000,0.000,0.000,0.000,0.000,0.000,0.007,-0.013
342.21,0.380,0,0.391,0.421,1,0.000,0.000,0.000,0.000,0.000,0.000,0.006,-0.019
342.41,0.380,0,0.391,0.421,1,0.000,0.000,0.000,0.000,0.000,0.000,0.010,-0.018
342.61,0.382,0,0.392,0.421,1,0.000,0.000,0.000,0.000,0.000,0.000,0.017,-0.022
342.81,0.377,0,0.392,0.421,1,0.000,0.000,0.000,0.000,0.000,0.000,0.017,-0.022
343.01,0.377,0,0.388,0.422,1,0.000,0.000,0.000,0.000,0.000,0.000,0.003,-0.021
343.21,0.380,0,0.388,0.422,1,0.000,0.000,0.000,0.000,0.000,0.000,0.009,-0.016
343.41,0.380,0,0.388,0.422,1,0.000,0.000,0.000,0.000,0.000,0.000,0.011,-0.015
343.61,0.377,0,0.388,0.421,1,0.000,0.000,0.000,0.000,0.000,0.000,0.011,-0.015
343.81,0.380,0,0.388,0.421,1,0.000,0.000,0.000,0.000,0.000,0.000,0.010,-0.021
344.01,0.379,0,0.390,0.421,1,0.000,0.000,0.000,0.000,0.000,0.000,0.014,-0.020
344.21,0.379,0,0.390,0.421,1,0.000,0.000,0.000,0.000,0.000,0.000,0.016,-0.020
344.41,0.377,0,0.390,0.421,1,0.000,0.000,0.000,0.000,0.000,0.000,0.019,-0.015
344.61,0.379,0,0.390,0.421,1,0.000,0.000,0.000,0.000,0.000,0.000,0.019,-0.015
344.81,0.378,0,0.390,0.421,1,0.000,0.000,0.000,0.000,0.000,0.000,0.011,-0.020
345.01,0.276,0,0.389,0.421,1,0.000,0.000,0.000,0.000,0.000,0.000,0.019,-0.018
345.21,0.276,0,0.389,0.421,1,0.000,0.000,0.000,0.000,0.000,0.000,0.017,-0.019
345.41,0.266,0,0.389,0.421,1,0.000,0.000,0.000,0.000,0.000,0.000,0.017,-0.019
345.61,0.287,0,0.390,0.422,1,0.000,0.000,0.000,0.000,0.000,0.000,0.020,-0.015
345.81,0.326,0,0.390,0.422,1,0.000,0.000,0.000,0.000,0.000,0.000,0.017,-0.019
346.01,0.348,0,0.392,0.421,1,0.000,0.000,0.000,0.000,0.000,0.000,0.024,-0.007
346.21,0.348,0,0.392,0.421,1,0.000,0.000,0.000,0.000,0.000,0.000,0.029,-0.012
346.41,0.379,0,0.392,0.421,1,0.000,0.000,0.000,0.000,0.000,0.000,0.029,-0.012
346.61,0.377,0,0.390,0.421,1,0.000,0.000,0.000,0.000,0.000,0.000,0.021,-0.021
346.81,0.378,0,0.390,0.421,1,0.000,0.000,0.000,0.000,0.000,0.000,0.024,-0.014
347.01,0.378,0,0.389,0.422,1,0.000,0.000,0.000,0.000,0.000,0.000,0.020,-0.017
347.21,0.382,0,0.389,0.422,1,0.000,0.000,0.000,0.000,0.000,0.000,0.020,-0.017
347.41,0.378,0,0.389,0.422,1,0.000,0.000,0.000,0.000,0.000,0.000,0.021,-0.016
347.61,0.381,0,0.389,0.422,1,0.000,0.000,0.000,0.000,0.000,0.000,0.019,-0.011
347.81,0.381,0,0.389,0.422,1,0.000,0.000,0.000,0.000,0.000,0.000,0.023,-0.014
348.01,0.381,0,0.391,0.421,1,0.000,0.000,0.000,0.000,0.000,0.000,0.014,-0.023
348.21,0.354,0,0.391,0.421,1,0.000,0.000,0.000,0.000,0.000,0.000,0.014,-0.023
348.41,0.315,0,0.391,0.421,1,0.000,0.000,0.000,0.000,0.000,0.000,0.016,-0.019
348.61,0.297,0,0.392,0.422,1,0.000,0.000,0.000,0.000,0.000,0.000,0.011,-0.017
348.81,0.297,0,0.392,0.422,1,0.000,0.000,0.000,0.000,0.000,0.000,0.004,-0.010
349.01,0.292,0,0.391,0.421,1,0.000,0.000,0.000,0.000,0.000,0.000,0.016,-0.014
349.21,0.292,0,0.391,0.421,1,0.000,0.000,0.000,0.000,0.000,0.000,0.016,-0.014
349.41,0.292,0,0.391,0.421,1,0.000,0.000,0.000,0.000,0.000,0.000,0.013,-0.021
349.61,0.288,0,0.389,0.421,1,0.000,0.000,0.000,0.000,0.000,0.000,0.004,-0.008
349.81,0.288,0,0.389,0.421,1,0.000,0.000,0.000,0.000,0.000,0.000,0.008,-0.011
350.01,0.287,0,0.391,0.421,1,0.000,0.000,0.000,0.000,0.000,0.000,0.008,-0.011
350.21,0.289,0,0.391,0.421,1,0.000,0.000,0.000,0.000,0.000,0.000,0.004,-0.011
350.41,0.294,0,0.391,0.421,1,0.000,0.000,0.000,0.000,0.000,0.000,0.003,-0.007
350.61,0.316,0,0.393,0.422,1,0.000,0.000,0.000,0.000,0.000,0.000,0.014,-0.015
350.81,0.316,0,0.393,0.422,1,0.000,0.000,0.000,0.000,0.000,0.000,0.021,-0.009
351.01,0.264,0,0.388,0.421,1,0.000,0.000,0.000,0.000,0.000,0.000,0.021,-0.009
351.21,0.368,0,0.388,0.421,1,0.000,0.000,0.000,0.000,0.000,0.000,0.014,-0.020
351.41,0.377,0,0.388,0.421,1,0.000,0.000,0.000,0.000,0.000,0.000,0.010,-0.012
351.61,0.377,0,0.388,0.422,1,0.000,0.000,0.000,0.000,0.000,0.000,0.023,-0.016
351.81,0.381,0,0.388,0.422,1,0.000,0.000,0.000,0.000,0.000,0.000,0.023,-0.016
352.01,0.381,0,0.391,0.421,1,0.000,0.000,0.000,0.000,0.000,0.000,0.023,-0.020
352.21,0.377,0,0.391,0.421,1,0.000,0.000,0.000,0.000,0.000,0.000,0.019,-0.019
352.41,0.381,0,0.391,0.421,1,0.000,0.000,0.000,0.000,0.000,0.000,0.016,-0.017
352.61,0.381,0,0.391,0.421,1,0.000,0.000,0.000,0.000,0.000,0.000,0.013,-0.018
352.81,0.379,0,0.391,0.421,1,0.000,0.000,0.000,0.000,0.000,0.000,0.013,-0.018
353.01,0.380,0,0.391,0.423,1,0.000,0.000,0.000,0.000,0.000,0.000,0.015,-0.014
353.21,0.378,0,0.391,0.423,1,0.000,0.000,0.000,0.000,0.000,0.000,0.020,-0.022
353.41,0.378,0,0.391,0.423,1,0.000,0.000,0.000,0.000,0.000,0.000,0.021,-0.013
353.61,0.381,0,0.391,0.421,1,0.000,0.000,0.000,0.000,0.000,0.000,0.021,-0.013
353.81,0.380,0,0.391,0.421,1,0.000,0.000,0.000,0.000,0.000,0.000,0.020,-0.018
354.01,0.379,0,0.390,0.421,1,0.000,0.000,0.000,0.000,0.000,0.000,0.023,-0.019
354.21,0.378,0,0.390,0.421,1,0.000,0.000,0.000,0.000,0.000,0.000,0.022,-0.018
354.41,0.378,0,0.390,0.421,1,0.000,0.000,0.000,0.000,0.000,0.000,0.020,-0.015
354.61,0.377,0,0.388,0.420,1,0.000,0.000,0.000,0.000,0.000,0.000,0.020,-0.015
354.81,0.382,0,0.388,0.420,1,0.000,0.000,0.000,0.000,0.000,0.000,0.012,-0.009
355.01,0.381,0,0.391,0.421,1,0.000,0.000,0.000,0.000,0.000,0.000,0.006,-0.017
355.21,0.381,0,0.391,0.421,1,0.000,0.000,0.000,0.000,0.000,0.000,0.016,-0.020
355.41,0.377,0,0.391,0.421,1,0.000,0.000,0.000,0.000,0.000,0.000,0.013,-0.017
355.61,0.377,0,0.388,0.422,1,0.000,0.000,0.000,0.000,0.000,0.000,0.013,-0.017
355.81,0.382,0,0.388,0.422,1,0.000,0.000,0.000,0.000,0.000,0.000,0.012,-0.016
356.01,0.377,0,0.388,0.421,1,0.000,0.000,0.000,0.000,0.000,0.000,0.009,-0.022
356.21,0.377,0,0.388,0.421,1,0.000,0.000,0.000,0.000,0.000,0.000,0.013,-0.018
356.41,0.382,0,0.388,0.421,1,0.000,0.000,0.000,0.000,0.000,0.000,0.013,-0.018
356.61,0.377,0,0.388,0.422,1,0.000,0.000,0.000,0.000,0.000,0.000,0.020,-0.021
356.81,0.382,0,0.388,0.422,1,0.000,0.000,0.000,0.000,0.000,0.000,0.018,-0.023
357.01,0.377,0,0.392,0.422,1,0.000,0.000,0.000,0.000,0.000,0.000,0.010,-0.017
357.21,0.377,0,0.392,0.422,1,0.000,0.000,0.000,0.000,0.000,0.000,0.013,-0.008
357.41,0.379,0,0.392,0.422,1,0.000,0.000,0.000,0.000,0.000,0.000,0.013,-0.008
357.61,0.377,0,0.390,0.422,1,0.000,0.000,0.000,0.000,0.000,0.000,0.014,-0.010
357.81,0.377,0,0.390,0.422,1,0.000,0.000,0.000,0.000,0.000,0.000,-0.005,-0.011
358.01,0.377,0,0.388,0.421,1,0.000,0.000,0.000,0.000,0.000,0.000,-0.008,-0.006
358.21,0.383,0,0.388,0.421,1,0.000,0.000,0.000,0.000,0.000,0.000,-0.008,-0.006
358.41,0.378,0,0.388,0.421,1,0.000,0.000,0.000,0.000,0.000,0.000,-0.003,-0.011
358.61,0.380,0,0.389,0.421,1,0.000,0.000,0.000,0.000,0.000,0.000,0.009,-0.012
358.81,0.381,0,0.389,0.421,1,0.000,0.000,0.000,0.000,0.000,0.000,0.003,-0.011
359.01,0.381,0,0.391,0.422,1,0.000,0.000,0.000,0.000,0.000,0.000,-0.001,-0.010
359.21,0.381,0,0.391,0.422,1,0.000,0.000,0.000,0.000,0.000,0.000,-0.001,-0.010
359.41,0.379,0,0.391,0.422,1,0.000,0.000,0.000,0.000,0.000,0.000,0.011,-0.022
359.61,0.379,0,0.390,0.421,1,0.000,0.000,0.000,0.000,0.000,0.000,0.011,-0.020
359.81,0.379,0,0.390,0.421,1,0.000,0.000,0.000,0.000,0.000,0.000,0.006,-0.019
360.01,0.377,0,0.388,0.422,1,0.000,0.000,0.000,0.000,0.000,0.000,0.007,-0.017
360.21,0.377,0,0.388,0.422,1,0.000,0.000,0.000,0.000,0.000,0.000,0.007,-0.017
360.41,0.378,0,0.388,0.422,1,0.000,0.000,0.000,0.000,0.000,0.000,0.009,-0.015
360.61,0.378,0,0.389,0.421,1,0.000,0.000,0.000,0.000,0.000,0.000,0.012,-0.014
360.81,0.378,0,0.389,0.421,1,0.000,0.000,0.000,0.000,0.000,0.000,0.010,-0.006
361.01,0.379,0,0.390,0.422,1,0.000,0.000,0.000,0.000,0.000,0.000,0.010,-0.006
361.21,0.379,0,0.390,0.422,1,0.000,0.000,0.000,0.000,0.000,0.000,0.015,-0.016
361.41,0.380,0,0.390,0.422,1,0.000,0.000,0.000,0.000,0.000,0.000,0.011,-0.002
361.61,0.380,0,0.391,0.421,1,0.000,0.000,0.000,0.000,0.000,0.000,-0.000,-0.012
361.81,0.381,0,0.391,0.421,1,0.000,0.000,0.000,0.000,0.000,0.000,0.008,-0.013
362.01,0.379,0,0.390,0.422,1,0.000,0.000,0.000,0.000,0.000,0.000,0.008,-0.013
362.21,0.377,0,0.390,0.422,1,0.000,0.000,0.000,0.000,0.000,0.000,0.012,-0.013
362.41,0.376,0,0.390,0.422,1,0.000,0.000,0.000,0.000,0.000,0.000,0.009,-0.011
362.61,0.376,0,0.387,0.421,1,0.000,0.000,0.000,0.000,0.000,0.000,-0.001,-0.009
362.81,0.377,0,0.387,0.421,1,0.000,0.000,0.000,0.000,0.000,0.000,-0.001,-0.009
363.01,0.382,0,0.392,0.422,1,0.000,0.000,0.000,0.000,0.000,0.000,0.008,-0.010
363.21,0.380,0,0.392,0.422,1,0.000,0.000,0.000,0.000,0.000,0.000,0.013,-0.006
363.41,0.381,0,0.392,0.422,1,0.000,0.000,0.000,0.000,0.000,0.000,0.012,-0.008
363.61,0.381,0,0.391,0.422,1,0.000,0.000,0.000,0.000,0.000,0.000,0.015,-0.008
363.81,0.377,0,0.391,0.422,1,0.000,0.000,0.000,0.000,0.000,0.000,0.015,-0.008
364.01,0.382,0,0.392,0.421,1,0.000,0.000,0.000,0.000,0.000,0.000,0.015,-0.011
364.21,0.382,0,0.392,0.421,1,0.000,0.000,0.000,0.000,0.000,0.000,0.011,-0.007
364.41,0.382,0,0.392,0.421,1,0.000,0.000,0.000,0.000,0.000,0.000,0.010,-0.011
364.61,0.381,0,0.391,0.421,1,0.000,0.000,0.000,0.000,0.000,0.000,0.009,-0.016
364.81,0.382,0,0.391,0.421,1,0.000,0.000,0.000,0.000,0.000,0.000,0.009,-0.016
365.01,0.382,0,0.392,0.421,1,0.000,0.000,0.000,0.000,0.000,0.000,0.007,-0.014
365.21,0.377,0,0.392,0.421,1,0.000,0.000,0.000,0.000,0.000,0.000,0.013,-0.010
365.41,0.377,0,0.392,0.421,1,0.000,0.000,0.000,0.000,0.000,0.000,0.005,-0.011
365.61,0.380,0,0.391,0.423,1,0.000,0.000,0.000,0.000,0.000,0.000,0.005,-0.011
365.81,0.380,0,0.391,0.423,1,0.000,0.000,0.000,0.000,0.000,0.000,0.028,-0.011
366.01,0.377,0,0.388,0.420,1,0.000,0.000,0.000,0.000,0.000,0.000,0.017,-0.015
366.21,0.380,0,0.388,0.420,1,0.000,0.000,0.000,0.000,0.000,0.000,0.018,-0.014
366.41,0.380,0,0.388,0.420,1,0.000,0.000,0.000,0.000,0.000,0.000,0.019,-0.010
366.61,0.378,0,0.389,0.421,1,0.000,0.000,0.000,0.000,0.000,0.000,0.019,-0.010
366.81,0.379,0,0.389,0.421,1,0.000,0.000,0.000,0.000,0.000,0.000,0.015,-0.017
367.01,0.381,0,0.391,0.422,1,0.000,0.000,0.000,0.000,0.000,0.000,0.019,-0.013
367.21,0.381,0,0.391,0.422,1,0.000,0.000,0.000,0.000,0.000,0.000,0.001,-0.012
367.41,0.380,0,0.391,0.422,1,0.000,0.000,0.000,0.000,0.000,0.000,0.001,-0.012
367.61,0.382,0,0.392,0.422,1,0.000,0.000,0.000,0.000,0.000,0.000,0.004,-0.012
367.81,0.378,0,0.392,0.422,1,0.000,0.000,0.000,0.000,0.000,0.000,0.003,-0.010
368.01,0.379,0,0.390,0.422,1,0.000,0.000,0.000,0.000,0.000,0.000,0.015,-0.014
368.21,0.379,0,0.390,0.422,1,0.000,0.000,0.000,0.000,0.000,0.000,0.011,-0.014
368.41,0.377,0,0.390,0.422,1,0.000,0.000,0.000,0.000,0.000,0.000,0.011,-0.014
368.61,0.378,0,0.388,0.421,1,0.000,0.000,0.000,0.000,0.000,0.000,-0.001,-0.009
368.81,0.378,0,0.388,0.421,1,0.000,0.000,0.000,0.000,0.000,0.000,0.013,-0.016
369.01,0.378,0,0.389,0.422,1,0.000,0.000,0.000,0.000,0.000,0.000,-0.005,-0.019
369.21,0.380,0,0.389,0.422,1,0.000,0.000,0.000,0.000,0.000,0.000,0.006,-0.009
369.41,0.378,0,0.389,0.422,1,0.000,0.000,0.000,0.000,0.000,0.000,0.006,-0.009
369.61,0.377,0,0.389,0.421,1,0.000,0.000,0.000,0.000,0.000,0.000,0.005,-0.016
369.81,0.381,0,0.389,0.421,1,0.000,0.000,0.000,0.000,0.000,0.000,0.007,-0.012
370.01,0.381,0,0.391,0.422,1,0.000,0.000,0.000,0.000,0.000,0.000,-0.009,-0.009
370.21,0.380,0,0.391,0.422,1,0.000,0.000,0.000,0.000,0.000,0.000,-0.009,-0.009
370.41,0.380,0,0.391,0.422,1,0.000,0.000,0.000,0.000,0.000,0.000,-0.012,-0.010
370.61,0.379,0,0.391,0.422,1,0.000,0.000,0.000,0.000,0.000,0.000,0.002,-0.018
370.81,0.381,0,0.391,0.422,1,0.000,0.000,0.000,0.000,0.000,0.000,-0.003,-0.008
371.01,0.381,0,0.391,0.422,1,0.000,0.000,0.000,0.000,0.000,0.000,-0.019,-0.011
371.21,0.381,0,0.391,0.422,1,0.000,0.000,0.000,0.000,0.000,0.000,-0.019,-0.011
371.41,0.380,0,0.391,0.422,1,0.000,0.000,0.000,0.000,0.000,0.000,0.004,-0.010
371.61,0.381,0,0.391,0.421,1,0.000,0.000,0.000,0.000,0.000,0.000,0.013,-0.015
371.81,0.381,0,0.391,0.421,1,0.000,0.000,0.000,0.000,0.000,0.000,0.005,-0.017
372.01,0.378,0,0.389,0.422,1,0.000,0.000,0.000,0.000,0.000,0.000,0.005,-0.017
372.21,0.378,0,0.389,0.422,1,0.000,0.000,0.000,0.000,0.000,0.000,-0.006,-0.007
372.41,0.378,0,0.389,0.422,1,0.000,0.000,0.000,0.000,0.000,0.000,0.004,-0.014
372.61,0.377,0,0.389,0.422,1,0.000,0.000,0.000,0.000,0.000,0.000,0.006,-0.017
372.81,0.377,0,0.389,0.422,1,0.000,0.000,0.000,0.000,0.000,0.000,0.007,-0.014
373.01,0.378,0,0.389,0.422,1,0.000,0.000,0.000,0.000,0.000,0.000,0.007,-0.014
373.21,0.378,0,0.389,0.422,1,0.000,0.000,0.000,0.000,0.000,0.000,0.009,-0.011
373.41,0.382,0,0.389,0.422,1,0.000,0.000,0.000,0.000,0.000,0.000,0.009,-0.013
373.61,0.382,0,0.392,0.421,1,0.000,0.000,0.000,0.000,0.000,0.000,0.002,-0.010
373.81,0.381,0,0.392,0.421,1,0.000,0.000,0.000,0.000,0.000,0.000,-0.002,-0.013
374.01,0.379,0,0.390,0.422,1,0.000,0.000,0.000,0.000,0.000,0.000,-0.002,-0.013
374.21,0.380,0,0.390,0.422,1,0.000,0.000,0.000,0.000,0.000,0.000,-0.001,-0.009
374.41,0.382,0,0.390,0.422,1,0.000,0.000,0.000,0.000,0.000,0.000,0.005,-0.009
374.61,0.382,0,0.392,0.421,1,0.000,0.000,0.000,0.000,0.000,0.000,-0.004,-0.003
374.81,0.381,0,0.392,0.421,1,0.000,0.000,0.000,0.000,0.000,0.000,-0.004,-0.003
375.01,0.382,0,0.392,0.421,1,0.000,0.000,0.000,0.000,0.000,0.000,-0.004,-0.007
375.21,0.377,0,0.392,0.421,1,0.000,0.000,0.000,0.000,0.000,0.000,0.004,-0.006
375.41,0.379,0,0.392,0.421,1,0.000,0.000,0.000,0.000,0.000,0.000,0.008,-0.010
375.61,0.379,0,0.390,0.420,1,0.000,0.000,0.000,0.000,0.000,0.000,0.014,-0.014
375.81,0.377,0,0.390,0.420,1,0.000,0.000,0.000,0.000,0.000,0.000,0.014,-0.014
376.01,0.380,0,0.391,0.421,1,0.000,0.000,0.000,0.000,0.000,0.000,0.015,-0.014
376.21,0.377,0,0.391,0.421,1,0.000,0.000,0.000,0.000,0.000,0.000,0.014,-0.017
376.41,0.377,0,0.391,0.421,1,0.000,0.000,0.000,0.000,0.000,0.000,0.014,-0.015
376.61,0.382,0,0.392,0.421,1,0.000,0.000,0.000,0.000,0.000,0.000,0.014,-0.015
376.81,0.380,0,0.392,0.421,1,0.000,0.000,0.000,0.000,0.000,0.000,0.015,-0.015
377.01,0.378,0,0.389,0.421,1,0.000,0.000,0.000,0.000,0.000,0.000,0.023,-0.018
377.21,0.380,0,0.389,0.421,1,0.000,0.000,0.000,0.000,0.000,0.000,0.024,-0.015
377.41,0.380,0,0.389,0.421,1,0.000,0.000,0.000,0.000,0.000,0.000,0.024,-0.020
377.61,0.382,0,0.392,0.421,1,0.000,0.000,0.000,0.000,0.000,0.000,0.024,-0.020
377.81,0.380,0,0.392,0.421,1,0.000,0.000,0.000,0.000,0.000,0.000,0.027,-0.024
378.01,0.377,0,0.388,0.421,1,0.000,0.000,0.000,0.000,0.000,0.000,0.030,-0.024
378.21,0.377,0,0.388,0.421,1,0.000,0.000,0.000,0.000,0.000,0.000,0.028,-0.017
378.41,0.378,0,0.388,0.421,1,0.000,0.000,0.000,0.000,0.000,0.000,0.028,-0.017
378.61,0.382,0,0.392,0.422,1,0.000,0.000,0.000,0.000,0.000,0.000,0.028,-0.018
378.81,0.377,0,0.392,0.422,1,0.000,0.000,0.000,0.000,0.000,0.000,0.028,-0.013
379.01,0.382,0,0.392,0.421,1,0.000,0.000,0.000,0.000,0.000,0.000,0.026,-0.020
379.21,0.382,0,0.392,0.421,1,0.000,0.000,0.000,0.000,0.000,0.000,0.028,-0.025
379.41,0.378,0,0.392,0.421,1,0.000,0.000,0.000,0.000,0.000,0.000,0.028,-0.025
379.61,0.378,0,0.389,0.421,1,0.000,0.000,0.000,0.000,0.000,0.000,0.019,-0.017
379.81,0.377,0,0.389,0.421,1,0.000,0.000,0.000,0.000,0.000,0.000,0.019,-0.018
380.01,0.377,0,0.388,0.421,1,0.000,0.000,0.000,0.000,0.000,0.000,0.019,-0.025
380.21,0.382,0,0.388,0.421,1,0.000,0.000,0.000,0.000,0.000,0.000,0.020,-0.026
380.41,0.378,0,0.388,0.421,1,0.000,0.000,0.000,0.000,0.000,0.000,0.020,-0.026
380.61,0.380,0,0.389,0.422,1,0.000,0.000,0.000,0.000,0.000,0.000,0.022,-0.027
380.81,0.380,0,0.389,0.422,1,0.000,0.000,0.000,0.000,0.000,0.000,0.023,-0.022
381.01,0.380,0,0.391,0.421,1,0.000,0.000,0.000,0.000,0.000,0.000,0.018,-0.018
381.21,0.378,0,0.391,0.421,1,0.000,0.000,0.000,0.000,0.000,0.000,0.018,-0.018
381.41,0.383,0,0.391,0.421,1,0.000,0.000,0.000,0.000,0.000,0.000,0.017,-0.020
381.61,0.381,0,0.393,0.422,1,0.000,0.000,0.000,0.000,0.000,0.000,0.019,-0.019
381.81,0.380,0,0.393,0.422,1,0.000,0.000,0.000,0.000,0.000,0.000,0.018,-0.020
382.01,0.380,0,0.391,0.423,1,0.000,0.000,0.000,0.000,0.000,0.000,0.021,-0.021
382.21,0.381,0,0.391,0.423,1,0.000,0.000,0.000,0.000,0.000,0.000,0.021,-0.021
382.41,0.378,0,0.391,0.423,1,0.000,0.000,0.000,0.000,0.000,0.000,0.015,-0.021
382.61,0.382,0,0.389,0.421,1,0.000,0.000,0.000,0.000,0.000,0.000,0.022,-0.025
382.81,0.382,0,0.389,0.421,1,0.000,0.000,0.000,0.000,0.000,0.000,0.026,-0.023
383.01,0.381,0,0.391,0.421,1,0.000,0.000,0.000,0.000,0.000,0.000,0.026,-0.023
383.21,0.377,0,0.391,0.421,1,0.000,0.000,0.000,0.000,0.000,0.000,0.028,-0.024
383.41,0.382,0,0.391,0.421,1,0.000,0.000,0.000,0.000,0.000,0.000,0.027,-0.023
383.61,0.377,0,0.392,0.421,1,0.000,0.000,0.000,0.000,0.000,0.000,0.023,-0.020
383.81,0.377,0,0.392,0.421,1,0.000,0.000,0.000,0.000,0.000,0.000,0.024,-0.028
384.01,0.379,0,0.390,0.422,1,0.000,0.000,0.000,0.000,0.000,0.000,0.024,-0.028
384.21,0.382,0,0.390,0.422,1,0.000,0.000,0.000,0.000,0.000,0.000,0.018,-0.026
384.41,0.382,0,0.390,0.422,1,0.000,0.000,0.000,0.000,0.000,0.000,0.017,-0.018
384.61,0.382,0,0.392,0.421,1,0.000,0.000,0.000,0.000,0.000,0.000,0.016,-0.020
384.81,0.377,0,0.392,0.421,1,0.000,0.000,0.000,0.000,0.000,0.000,0.012,-0.017
385.01,0.381,0,0.391,0.421,1,0.000,0.000,0.000,0.000,0.000,0.000,0.012,-0.017
385.21,0.380,0,0.391,0.421,1,0.000,0.000,0.000,0.000,0.000,0.000,0.013,-0.011
385.41,0.378,0,0.391,0.421,1,0.000,0.000,0.000,0.000,0.000,0.000,0.021,-0.017
385.61,0.378,0,0.389,0.423,1,0.000,0.000,0.000,0.000,0.000,0.000,0.031,-0.020
385.81,0.377,0,0.389,0.423,1,0.000,0.000,0.000,0.000,0.000,0.000,0.031,-0.020
386.01,0.379,0,0.390,0.421,1,0.000,0.000,0.000,0.000,0.000,0.000,0.024,-0.024
386.21,0.378,0,0.390,0.421,1,0.000,0.000,0.000,0.000,0.000,0.000,0.014,-0.019
386.41,0.381,0,0.390,0.421,1,0.000,0.000,0.000,0.000,0.000,0.000,0.016,-0.019
386.61,0.381,0,0.391,0.421,1,0.000,0.000,0.000,0.000,0.000,0.000,0.017,-0.018
386.81,0.379,0,0.391,0.421,1,0.000,0.000,0.000,0.000,0.000,0.000,0.017,-0.018
387.01,0.378,0,0.389,0.421,1,0.000,0.000,0.000,0.000,0.000,0.000,0.016,-0.013
387.21,0.378,0,0.389,0.421,1,0.000,0.000,0.000,0.000,0.000,0.000,0.017,-0.009
387.41,0.378,0,0.389,0.421,1,0.000,0.000,0.000,0.000,0.000,0.000,0.019,-0.020
387.61,0.379,0,0.390,0.421,1,0.000,0.000,0.000,0.000,0.000,0.000,0.019,-0.020
387.81,0.381,0,0.390,0.421,1,0.000,0.000,0.000,0.000,0.000,0.000,0.018,-0.017
388.01,0.377,0,0.388,0.422,1,0.000,0.000,0.000,0.000,0.000,0.000,0.002,-0.007
388.21,0.381,0,0.388,0.422,1,0.000,0.000,0.000,0.000,0.000,0.000,0.008,-0.012
388.41,0.381,0,0.388,0.422,1,0.000,0.000,0.000,0.000,0.000,0.000,0.011,-0.017
388.61,0.377,0,0.388,0.421,1,0.000,0.000,0.000,0.000,0.000,0.000,0.011,-0.017
388.81,0.378,0,0.388,0.421,1,0.000,0.000,0.000,0.000,0.000,0.000,0.007,-0.022
389.01,0.379,0,0.390,0.421,1,0.000,0.000,0.000,0.000,0.000,0.000,0.012,-0.021
389.21,0.379,0,0.390,0.421,1,0.000,0.000,0.000,0.000,0.000,0.000,0.026,-0.027
389.41,0.378,0,0.390,0.421,1,0.000,0.000,0.000,0.000,0.000,0.000,0.026,-0.024
389.61,0.378,0,0.389,0.421,1,0.000,0.000,0.000,0.000,0.000,0.000,0.026,-0.024
389.81,0.382,0,0.389,0.421,1,0.000,0.000,0.000,0.000,0.000,0.000,0.019,-0.020
390.01,0.377,0,0.388,0.422,1,0.000,0.000,0.000,0.000,0.000,0.000,0.031,-0.021
390.21,0.377,0,0.388,0.422,1,0.000,0.000,0.000,0.000,0.000,0.000,0.027,-0.030
390.41,0.382,0,0.388,0.422,1,0.000,0.000,0.000,0.000,0.000,0.000,0.027,-0.030
390.61,0.380,0,0.391,0.421,1,0.000,0.000,0.000,0.000,0.000,0.000,0.036,-0.022
390.81,0.378,0,0.391,0.421,1,0.000,0.000,0.000,0.000,0.000,0.000,0.011,-0.022
391.01,0.378,0,0.389,0.422,1,0.000,0.000,0.000,0.000,0.000,0.000,0.008,-0.014
391.21,0.378,0,0.389,0.422,1,0.000,0.000,0.000,0.000,0.000,0.000,-0.006,-0.012
391.41,0.380,0,0.389,0.422,1,0.000,0.000,0.000,0.000,0.000,0.000,-0.006,-0.012
391.61,0.377,0,0.391,0.421,1,0.000,0.000,0.000,0.000,0.000,0.000,-0.003,-0.015
391.81,0.379,0,0.391,0.421,1,0.000,0.000,0.000,0.000,0.000,0.000,0.004,-0.022
392.01,0.379,0,0.390,0.421,1,0.000,0.000,0.000,0.000,0.000,0.000,0.009,-0.016
392.21,0.378,0,0.390,0.421,1,0.000,0.000,0.000,0.000,0.000,0.000,0.009,-0.016
392.41,0.380,0,0.390,0.421,1,0.000,0.000,0.000,0.000,0.000,0.000,0.020,-0.020
392.61,0.380,0,0.391,0.421,1,0.000,0.000,0.000,0.000,0.000,0.000,0.015,-0.018
392.81,0.379,0,0.391,0.421,1,0.000,0.000,0.000,0.000,0.000,0.000,0.020,-0.017
393.01,0.379,0,0.390,0.421,1,0.000,0.000,0.000,0.000,0.000,0.000,0.021,-0.017
393.21,0.381,0,0.390,0.421,1,0.000,0.000,0.000,0.000,0.000,0.000,0.021,-0.017
393.41,0.377,0,0.390,0.421,1,0.000,0.000,0.000,0.000,0.000,0.000,0.016,-0.021
393.61,0.380,0,0.388,0.421,1,0.000,0.000,0.000,0.000,0.000,0.000,-0.005,-0.008
393.81,0.380,0,0.388,0.421,1,0.000,0.000,0.000,0.000,0.000,0.000,-0.001,-0.005
394.01,0.378,0,0.389,0.421,1,0.000,0.000,0.000,0.000,0.000,0.000,-0.001,-0.005
394.21,0.377,0,0.389,0.421,1,0.000,0.000,0.000,0.000,0.000,0.000,0.001,-0.013
394.41,0.377,0,0.389,0.421,1,0.000,0.000,0.000,0.000,0.000,0.000,0.001,-0.012
394.61,0.380,0,0.388,0.421,1,0.000,0.000,0.000,0.000,0.000,0.000,0.009,-0.016
394.81,0.380,0,0.388,0.421,1,0.000,0.000,0.000,0.000,0.000,0.000,0.013,-0.019
395.01,0.378,0,0.389,0.421,1,0.000,0.000,0.000,0.000,0.000,0.000,0.013,-0.019
395.21,0.382,0,0.389,0.421,1,0.000,0.000,0.000,0.000,0.000,0.000,0.005,-0.004
395.41,0.380,0,0.389,0.421,1,0.000,0.000,0.000,0.000,0.000,0.000,-0.003,0.002
395.61,0.380,0,0.391,0.422,1,0.000,0.000,0.000,0.000,0.000,0.000,0.009,-0.005
395.81,0.377,0,0.391,0.422,1,0.000,0.000,0.000,0.000,0.000,0.000,0.015,-0.012
396.01,0.379,0,0.390,0.421,1,0.000,0.000,0.000,0.000,0.000,0.000,0.015,-0.012
396.21,0.378,0,0.390,0.421,1,0.000,0.000,0.000,0.000,0.000,0.000,0.014,-0.007
396.41,0.377,0,0.390,0.421,1,0.000,0.000,0.000,0.000,0.000,0.000,0.016,-0.003
396.61,0.377,0,0.388,0.421,1,0.000,0.000,0.000,0.000,0.000,0.000,0.019,-0.001
396.81,0.379,0,0.388,0.421,1,0.000,0.000,0.000,0.000,0.000,0.000,0.019,-0.001
397.01,0.382,0,0.392,0.421,1,0.000,0.000,0.000,0.000,0.000,0.000,0.022,-0.008
397.21,0.380,0,0.392,0.421,1,0.000,0.000,0.000,0.000,0.000,0.000,0.018,-0.009
397.41,0.377,0,0.392,0.421,1,0.000,0.000,0.000,0.000,0.000,0.000,0.013,-0.003
397.61,0.377,0,0.388,0.421,1,0.000,0.000,0.000,0.000,0.000,0.000,0.017,-0.012
397.81,0.377,0,0.388,0.421,1,0.000,0.000,0.000,0.000,0.000,0.000,0.017,-0.012
398.01,0.378,0,0.389,0.421,1,0.000,0.000,0.000,0.000,0.000,0.000,0.014,-0.003
398.21,0.381,0,0.389,0.421,1,0.000,0.000,0.000,0.000,0.000,0.000,0.015,0.001
398.41,0.381,0,0.389,0.421,1,0.000,0.000,0.000,0.000,0.000,0.000,0.014,-0.003
398.61,0.378,0,0.389,0.421,1,0.000,0.000,0.000,0.000,0.000,0.000,0.014,-0.003
398.81,0.379,0,0.389,0.421,1,0.000,0.000,0.000,0.000,0.000,0.000,0.022,-0.003
399.01,0.380,0,0.391,0.421,1,0.000,0.000,0.000,0.000,0.000,0.000,0.019,-0.004
399.21,0.380,0,0.391,0.421,1,0.000,0.000,0.000,0.000,0.000,0.000,0.007,0.001
399.41,0.380,0,0.391,0.421,1,0.000,0.000,0.000,0.000,0.000,0.000,0.015,-0.003
399.61,0.377,0,0.388,0.421,1,0.000,0.000,0.000,0.000,0.000,0.000,0.015,-0.003
399.81,0.378,0,0.388,0.421,1,0.000,0.000,0.000,0.000,0.000,0.000,0.020,0.004
400.01,0.382,0,0.392,0.422,1,0.000,0.000,0.000,0.000,0.000,0.000,0.011,-0.021
400.21,0.382,0,0.392,0.422,1,0.000,0.000,0.000,0.000,0.000,0.000,0.017,-0.009
400.41,0.381,0,0.392,0.422,1,0.000,0.000,0.000,0.000,0.000,0.000,0.017,-0.009
400.61,0.378,0,0.389,0.421,1,0.000,0.000,0.000,0.000,0.000,0.000,0.013,-0.009
400.81,0.105,0,0.389,0.421,1,0.000,0.000,0.000,0.000,0.000,0.000,0.012,-0.011
401.01,0.380,0,0.391,0.421,1,0.000,0.000,0.000,0.000,0.000,0.000,0.004,-0.017
401.21,0.380,0,0.391,0.421,1,0.000,0.000,0.000,0.000,0.000,0.000,0.016,-0.015
401.41,0.382,0,0.391,0.421,1,0.000,0.000,0.000,0.000,0.000,0.000,0.016,-0.015
401.61,0.380,0,0.392,0.421,1,0.000,0.000,0.000,0.000,0.000,0.000,0.013,-0.019
401.81,0.377,0,0.392,0.421,1,0.000,0.000,0.000,0.000,0.000,0.000,0.018,-0.024
402.01,0.377,0,0.388,0.421,1,0.000,0.000,0.000,0.000,0.000,0.000,0.010,-0.017
402.21,0.377,0,0.388,0.421,1,0.000,0.000,0.000,0.000,0.000,0.000,0.013,-0.018
402.41,0.380,0,0.388,0.421,1,0.000,0.000,0.000,0.000,0.000,0.000,0.013,-0.018
402.61,0.378,0,0.391,0.422,1,0.000,0.000,0.000,0.000,0.000,0.000,0.016,-0.012
402.81,0.379,0,0.391,0.422,1,0.000,0.000,0.000,0.000,0.000,0.000,0.013,-0.018
403.01,0.379,0,0.390,0.421,1,0.000,0.000,0.000,0.000,0.000,0.000,0.012,-0.020
403.21,0.377,0,0.390,0.421,1,0.000,0.000,0.000,0.000,0.000,0.000,0.012,-0.020
403.41,0.382,0,0.390,0.421,1,0.000,0.000,0.000,0.000,0.000,0.000,0.024,-0.025
403.61,0.381,0,0.392,0.421,1,0.000,0.000,0.000,0.000,0.000,0.000,0.023,-0.017
403.81,0.379,0,0.392,0.421,1,0.000,0.000,0.000,0.000,0.000,0.000,0.018,-0.020
404.01,0.379,0,0.390,0.421,1,0.000,0.000,0.000,0.000,0.000,0.000,0.020,-0.018
404.21,0.381,0,0.390,0.421,1,0.000,0.000,0.000,0.000,0.000,0.000,0.020,-0.018
404.41,0.378,0,0.390,0.421,1,0.000,0.000,0.000,0.000,0.000,0.000,0.027,-0.023
404.61,0.379,0,0.389,0.421,1,0.000,0.000,0.000,0.000,0.000,0.000,0.015,-0.020
404.81,0.379,0,0.389,0.421,1,0.000,0.000,0.000,0.000,0.000,0.000,0.021,-0.025
405.01,0.382,0,0.392,0.422,1,0.000,0.000,0.000,0.000,0.000,0.000,0.021,-0.025
405.21,0.382,0,0.392,0.422,1,0.000,0.000,0.000,0.000,0.000,0.000,0.024,-0.015
405.41,0.380,0,0.392,0.422,1,0.000,0.000,0.000,0.000,0.000,0.000,0.029,-0.021
405.61,0.378,0,0.391,0.421,1,0.000,0.000,0.000,0.000,0.000,0.000,0.022,-0.019
405.81,0.378,0,0.391,0.421,1,0.000,0.000,0.000,0.000,0.000,0.000,0.020,-0.015
406.01,0.379,0,0.390,0.421,1,0.000,0.000,0.000,0.000,0.000,0.000,0.020,-0.015
406.21,0.377,0,0.390,0.421,1,0.000,0.000,0.000,0.000,0.000,0.000,0.020,-0.017
406.41,0.381,0,0.390,0.421,1,0.000,0.000,0.000,0.000,0.000,0.000,0.026,-0.021
406.61,0.381,0,0.391,0.421,1,0.000,0.000,0.000,0.000,0.000,0.000,0.024,-0.026
406.81,0.378,0,0.391,0.421,1,0.000,0.000,0.000,0.000,0.000,0.000,0.030,-0.025
407.01,0.382,0,0.392,0.421,1,0.000,0.000,0.000,0.000,0.000,0.000,0.030,-0.025
407.21,0.368,0,0.392,0.421,1,0.000,0.000,0.000,0.000,0.000,0.000,0.016,-0.023
407.41,0.377,0,0.392,0.421,1,0.000,0.000,0.000,0.000,0.000,0.000,0.016,-0.018
407.61,0.377,0,0.388,0.421,1,0.000,0.000,0.000,0.000,0.000,0.000,0.027,-0.029
407.81,0.382,0,0.388,0.421,1,0.000,0.000,0.000,0.000,0.000,0.000,0.027,-0.029
408.01,0.379,0,0.390,0.421,1,0.000,0.000,0.000,0.000,0.000,0.000,0.031,-0.021
408.21,0.381,0,0.390,0.421,1,0.000,0.000,0.000,0.000,0.000,0.000,0.025,-0.029
408.41,0.381,0,0.390,0.421,1,0.000,0.000,0.000,0.000,0.000,0.000,0.022,-0.029
408.61,0.381,0,0.391,0.422,1,0.000,0.000,0.000,0.000,0.000,0.000,0.027,-0.027
408.81,0.382,0,0.391,0.422,1,0.000,0.000,0.000,0.000,0.000,0.000,0.027,-0.027
409.01,0.382,0,0.392,0.420,1,0.000,0.000,0.000,0.000,0.000,0.000,0.023,-0.031
409.21,0.377,0,0.392,0.420,1,0.000,0.000,0.000,0.000,0.000,0.000,0.025,-0.018
409.41,0.377,0,0.392,0.420,1,0.000,0.000,0.000,0.000,0.000,0.000,0.026,-0.028
409.61,0.381,0,0.391,0.422,1,0.000,0.000,0.000,0.000,0.000,0.000,0.026,-0.028
409.81,0.381,0,0.391,0.422,1,0.000,0.000,0.000,0.000,0.000,0.000,0.022,-0.021
410.01,0.380,0,0.391,0.421,1,0.000,0.000,0.000,0.000,0.000,0.000,0.027,-0.021
410.21,0.378,0,0.391,0.421,1,0.000,0.000,0.000,0.000,0.000,0.000,0.025,-0.024
410.41,0.378,0,0.391,0.421,1,0.000,0.000,0.000,0.000,0.000,0.000,0.014,-0.018
410.61,0.378,0,0.389,0.421,1,0.000,0.000,0.000,0.000,0.000,0.000,0.014,-0.018
410.81,0.381,0,0.389,0.421,1,0.000,0.000,0.000,0.000,0.000,0.000,0.014,-0.025
411.01,0.378,0,0.389,0.421,1,0.000,0.000,0.000,0.000,0.000,0.000,0.024,-0.025
411.21,0.378,0,0.389,0.421,1,0.000,0.000,0.000,0.000,0.000,0.000,0.017,-0.020
411.41,0.380,0,0.389,0.421,1,0.000,0.000,0.000,0.000,0.000,0.000,0.017,-0.020
411.61,0.378,0,0.389,0.423,1,0.000,0.000,0.000,0.000,0.000,0.000,0.025,-0.012
411.81,0.378,0,0.389,0.423,1,0.000,0.000,0.000,0.000,0.000,0.000,0.024,-0.033
412.01,0.382,0,0.392,0.421,1,0.000,0.000,0.000,0.000,0.000,0.000,0.028,-0.031
412.21,0.382,0,0.392,0.421,1,0.000,0.000,0.000,0.000,0.000,0.000,0.016,-0.025
412.41,0.381,0,0.392,0.421,1,0.000,0.000,0.000,0.000,0.000,0.000,0.016,-0.025
412.61,0.381,0,0.391,0.421,1,0.000,0.000,0.000,0.000,0.000,0.000,0.011,-0.022
412.81,0.378,0,0.391,0.421,1,0.000,0.000,0.000,0.000,0.000,0.000,0.006,-0.024
413.01,0.378,0,0.389,0.421,1,0.000,0.000,0.000,0.000,0.000,0.000,0.020,-0.026
413.21,0.107,0,0.389,0.421,1,0.000,0.000,0.000,0.000,0.000,0.000,0.019,-0.023
413.41,0.105,0,0.389,0.421,1,0.000,0.000,0.000,0.000,0.000,0.000,0.019,-0.023
413.61,0.106,0,0.391,0.420,1,0.000,0.000,0.000,0.000,0.000,0.000,0.018,-0.023
413.81,0.380,0,0.391,0.420,1,0.000,0.000,0.000,0.000,0.000,0.000,0.015,-0.032
414.01,0.380,0,0.391,0.422,1,0.000,0.000,0.000,0.000,0.000,0.000,0.014,-0.022
414.21,0.382,0,0.391,0.422,1,0.000,0.000,0.000,0.000,0.000,0.000,0.014,-0.022
414.41,0.379,0,0.391,0.422,1,0.000,0.000,0.000,0.000,0.000,0.000,0.016,-0.024
414.61,0.380,0,0.390,0.422,1,0.000,0.000,0.000,0.000,0.000,0.000,0.008,-0.022
414.81,0.378,0,0.390,0.422,1,0.000,0.000,0.000,0.000,0.000,0.000,0.019,-0.023
415.01,0.378,0,0.389,0.421,1,0.000,0.000,0.000,0.000,0.000,0.000,0.014,-0.026
415.21,0.382,0,0.389,0.421,1,0.000,0.000,0.000,0.000,0.000,0.000,0.014,-0.026
415.41,0.379,0,0.389,0.421,1,0.000,0.000,0.000,0.000,0.000,0.000,0.030,-0.030
415.61,0.107,0,0.390,0.420,1,0.000,0.000,0.000,0.000,0.000,0.000,0.020,-0.024
415.81,0.107,0,0.390,0.420,1,0.000,0.000,0.000,0.000,0.000,0.000,0.019,-0.022
416.01,0.377,0,0.388,0.421,1,0.000,0.000,0.000,0.000,0.000,0.000,0.019,-0.022
416.21,0.379,0,0.388,0.421,1,0.000,0.000,0.000,0.000,0.000,0.000,0.019,-0.023
416.41,0.380,0,0.388,0.421,1,0.000,0.000,0.000,0.000,0.000,0.000,0.019,-0.024
416.61,0.378,0,0.391,0.421,1,0.000,0.000,0.000,0.000,0.000,0.000,0.020,-0.021
416.81,0.378,0,0.391,0.421,1,0.000,0.000,0.000,0.000,0.000,0.000,0.017,-0.025
417.01,0.381,0,0.391,0.422,1,0.000,0.000,0.000,0.000,0.000,0.000,0.017,-0.025
417.21,0.377,0,0.391,0.422,1,0.000,0.000,0.000,0.000,0.000,0.000,0.016,-0.017
417.41,0.379,0,0.391,0.422,1,0.000,0.000,0.000,0.000,0.000,0.000,0.019,-0.020
417.61,0.379,0,0.390,0.421,1,0.000,0.000,0.000,0.000,0.000,0.000,0.019,-0.018
417.81,0.378,0,0.390,0.421,1,0.000,0.000,0.000,0.000,0.000,0.000,0.024,-0.025
418.01,0.382,0,0.392,0.421,1,0.000,0.000,0.000,0.000,0.000,0.000,0.024,-0.025
418.21,0.382,0,0.392,0.421,1,0.000,0.000,0.000,0.000,0.000,0.000,0.028,-0.029
418.41,0.382,0,0.392,0.421,1,0.000,0.000,0.000,0.000,0.000,0.000,0.029,-0.025
418.61,0.382,0,0.392,0.422,1,0.000,0.000,0.000,0.000,0.000,0.000,0.024,-0.023
418.81,0.379,0,0.392,0.422,1,0.000,0.000,0.000,0.000,0.000,0.000,0.024,-0.023
419.01,0.381,0,0.391,0.421,1,0.000,0.000,0.000,0.000,0.000,0.000,0.026,-0.023
419.21,0.378,0,0.391,0.421,1,0.000,0.000,0.000,0.000,0.000,0.000,0.026,-0.026
419.41,0.378,0,0.391,0.421,1,0.000,0.000,0.000,0.000,0.000,0.000,0.033,-0.023
419.61,0.377,0,0.388,0.422,1,0.000,0.000,0.000,0.000,0.000,0.000,0.027,-0.022
419.81,0.382,0,0.388,0.422,1,0.000,0.000,0.000,0.000,0.000,0.000,0.027,-0.022
420.01,0.377,0,0.388,0.421,1,0.000,0.000,0.000,0.000,0.000,0.000,0.023,-0.023
420.21,0.382,0,0.388,0.421,1,0.000,0.000,0.000,0.000,0.000,0.000,0.025,-0.023
420.41,0.382,0,0.388,0.421,1,0.000,0.000,0.000,0.000,0.000,0.000,0.024,-0.020
420.61,0.380,0,0.391,0.422,1,0.000,0.000,0.000,0.000,0.000,0.000,0.024,-0.020
420.81,0.381,0,0.391,0.422,1,0.000,0.000,0.000,0.000,0.000,0.000,0.024,-0.023
421.01,0.378,0,0.389,0.421,1,0.000,0.000,0.000,0.000,0.000,0.000,0.025,-0.022
421.21,0.381,0,0.389,0.421,1,0.000,0.000,0.000,0.000,0.000,0.000,0.021,-0.022
421.41,0.381,0,0.389,0.421,1,0.000,0.000,0.000,0.000,0.000,0.000,0.021,-0.019
421.61,0.380,0,0.390,0.422,1,0.000,0.000,0.000,0.000,0.000,0.000,0.021,-0.019
421.81,0.381,0,0.390,0.422,1,0.000,0.000,0.000,0.000,0.000,0.000,0.014,-0.019
422.01,0.379,0,0.390,0.421,1,0.000,0.000,0.000,0.000,0.000,0.000,0.017,-0.017
422.21,0.379,0,0.390,0.421,1,0.000,0.000,0.000,0.000,0.000,0.000,0.020,-0.019
422.41,0.381,0,0.390,0.421,1,0.000,0.000,0.000,0.000,0.000,0.000,0.020,-0.019
422.61,0.382,0,0.392,0.422,1,0.000,0.000,0.000,0.000,0.000,0.000,0.019,-0.021
422.81,0.377,0,0.392,0.422,1,0.000,0.000,0.000,0.000,0.000,0.000,0.024,-0.019
423.01,0.377,0,0.388,0.423,1,0.000,0.000,0.000,0.000,0.000,0.000,0.021,-0.016
423.21,0.377,0,0.388,0.423,1,0.000,0.000,0.000,0.000,0.000,0.000,0.025,-0.008
423.41,0.379,0,0.388,0.423,1,0.000,0.000,0.000,0.000,0.000,0.000,0.025,-0.008
423.61,0.382,0,0.390,0.421,1,0.000,0.000,0.000,0.000,0.000,0.000,0.022,-0.017
423.81,0.382,0,0.390,0.421,1,0.000,0.000,0.000,0.000,0.000,0.000,0.021,-0.016
424.01,0.382,0,0.392,0.421,1,0.000,0.000,0.000,0.000,0.000,0.000,0.019,-0.016
424.21,0.378,0,0.392,0.421,1,0.000,0.000,0.000,0.000,0.000,0.000,0.019,-0.016
424.41,0.382,0,0.392,0.421,1,0.000,0.000,0.000,0.000,0.000,0.000,0.024,-0.019
424.61,0.382,0,0.392,0.422,1,0.000,0.000,0.000,0.000,0.000,0.000,0.024,-0.015
424.81,0.382,0,0.392,0.422,1,0.000,0.000,0.000,0.000,0.000,0.000,0.022,-0.018
425.01,0.382,0,0.392,0.421,1,0.000,0.000,0.000,0.000,0.000,0.000,0.028,-0.018
425.21,0.379,0,0.392,0.421,1,0.000,0.000,0.000,0.000,0.000,0.000,0.028,-0.018
425.41,0.379,0,0.392,0.421,1,0.000,0.000,0.000,0.000,0.000,0.000,0.022,-0.020
425.61,0.381,0,0.390,0.421,1,0.000,0.000,0.000,0.000,0.000,0.000,0.023,-0.020
425.81,0.381,0,0.390,0.421,1,0.000,0.000,0.000,0.000,0.000,0.000,0.019,-0.022
426.01,0.377,0,0.388,0.421,1,0.000,0.000,0.000,0.000,0.000,0.000,0.019,-0.022
426.21,0.378,0,0.388,0.421,1,0.000,0.000,0.000,0.000,0.000,0.000,0.021,-0.022
426.41,0.381,0,0.388,0.421,1,0.000,0.000,0.000,0.000,0.000,0.000,0.022,-0.024
426.61,0.379,0,0.391,0.421,1,0.000,0.000,0.000,0.000,0.000,0.000,0.021,-0.018
426.81,0.379,0,0.391,0.421,1,0.000,0.000,0.000,0.000,0.000,0.000,0.021,-0.017
427.01,0.377,0,0.388,0.423,1,0.000,0.000,0.000,0.000,0.000,0.000,0.021,-0.017
427.21,0.379,0,0.388,0.423,1,0.000,0.000,0.000,0.000,0.000,0.000,0.023,-0.021
427.41,0.383,0,0.388,0.423,1,0.000,0.000,0.000,0.000,0.000,0.000,0.018,-0.018
427.61,0.383,0,0.393,0.421,1,0.000,0.000,0.000,0.000,0.000,0.000,0.025,-0.017
427.81,0.381,0,0.393,0.421,1,0.000,0.000,0.000,0.000,0.000,0.000,0.025,-0.017
428.01,0.382,0,0.392,0.421,1,0.000,0.000,0.000,0.000,0.000,0.000,0.025,-0.020
428.21,0.382,0,0.392,0.421,1,0.000,0.000,0.000,0.000,0.000,0.000,0.023,-0.022
428.41,0.378,0,0.392,0.421,1,0.000,0.000,0.000,0.000,0.000,0.000,0.024,-0.022
428.61,0.378,0,0.389,0.421,1,0.000,0.000,0.000,0.000,0.000,0.000,0.020,-0.019
428.81,0.377,0,0.389,0.421,1,0.000,0.000,0.000,0.000,0.000,0.000,0.020,-0.019
429.01,0.380,0,0.391,0.421,1,0.000,0.000,0.000,0.000,0.000,0.000,0.030,-0.019
429.21,0.382,0,0.391,0.421,1,0.000,0.000,0.000,0.000,0.000,0.000,0.021,-0.023
429.41,0.382,0,0.391,0.421,1,0.000,0.000,0.000,0.000,0.000,0.000,0.020,-0.013
429.61,0.378,0,0.389,0.421,1,0.000,0.000,0.000,0.000,0.000,0.000,0.022,-0.019
429.81,0.377,0,0.389,0.421,1,0.000,0.000,0.000,0.000,0.000,0.000,0.022,-0.019
430.01,0.377,0,0.388,0.421,1,0.000,0.000,0.000,0.000,0.000,0.000,0.027,-0.017
430.21,0.378,0,0.388,0.421,1,0.000,0.000,0.000,0.000,0.000,0.000,0.021,-0.017
430.41,0.378,0,0.388,0.421,1,0.000,0.000,0.000,0.000,0.000,0.000,0.024,-0.020
430.61,0.381,0,0.391,0.420,1,0.000,0.000,0.000,0.000,0.000,0.000,0.024,-0.020
430.81,0.378,0,0.391,0.420,1,0.000,0.000,0.000,0.000,0.000,0.000,0.025,-0.015
431.01,0.381,0,0.391,0.421,1,0.000,0.000,0.000,0.000,0.000,0.000,0.027,-0.025
431.21,0.377,0,0.391,0.421,1,0.000,0.000,0.000,0.000,0.000,0.000,0.030,-0.018
431.41,0.377,0,0.391,0.421,1,0.000,0.000,0.000,0.000,0.000,0.000,0.030,-0.017
431.61,0.382,0,0.392,0.421,1,0.000,0.000,0.000,0.000,0.000,0.000,0.030,-0.017
431.81,0.379,0,0.392,0.421,1,0.000,0.000,0.000,0.000,0.000,0.000,0.029,-0.019
432.01,0.381,0,0.391,0.421,1,0.000,0.000,0.000,0.000,0.000,0.000,0.025,-0.021
432.21,0.381,0,0.391,0.421,1,0.000,0.000,0.000,0.000,0.000,0.000,0.030,-0.020
432.41,0.377,0,0.391,0.421,1,0.000,0.000,0.000,0.000,0.000,0.000,0.030,-0.020
432.61,0.377,0,0.388,0.421,1,0.000,0.000,0.000,0.000,0.000,0.000,0.033,-0.022
432.81,0.382,0,0.388,0.421,1,0.000,0.000,0.000,0.000,0.000,0.000,0.022,-0.022
433.01,0.379,0,0.392,0.420,1,0.000,0.000,0.000,0.000,0.000,0.000,0.031,-0.020
433.21,0.379,0,0.392,0.420,1,0.000,0.000,0.000,0.000,0.000,0.000,0.025,-0.015
433.41,0.107,0,0.392,0.420,1,0.000,0.000,0.000,0.000,0.000,0.000,0.025,-0.015
433.61,0.106,0,0.388,0.421,1,0.000,0.000,0.000,0.000,0.000,0.000,0.029,-0.011
433.81,0.108,0,0.388,0.421,1,0.000,0.000,0.000,0.000,0.000,0.000,0.026,-0.017
434.01,0.108,0,0.388,0.421,1,0.000,0.000,0.000,0.000,0.000,0.000,0.027,-0.019
434.21,0.380,0,0.388,0.421,1,0.000,0.000,0.000,0.000,0.000,0.000,0.027,-0.019
434.41,0.380,0,0.388,0.421,1,0.000,0.000,0.000,0.000,0.000,0.000,0.027,-0.014
434.61,0.382,0,0.391,0.421,1,0.000,0.000,0.000,0.000,0.000,0.000,0.034,-0.013
434.81,0.382,0,0.391,0.421,1,0.000,0.000,0.000,0.000,0.000,0.000,0.024,-0.015
435.01,0.382,0,0.392,0.422,1,0.000,0.000,0.000,0.000,0.000,0.000,0.029,-0.009
435.21,0.379,0,0.392,0.422,1,0.000,0.000,0.000,0.000,0.000,0.000,0.029,-0.009
435.41,0.378,0,0.392,0.422,1,0.000,0.000,0.000,0.000,0.000,0.000,0.031,-0.027
435.61,0.382,0,0.389,0.421,1,0.000,0.000,0.000,0.000,0.000,0.000,0.022,-0.011
435.81,0.382,0,0.389,0.421,1,0.000,0.000,0.000,0.000,0.000,0.000,0.021,-0.015
436.01,0.381,0,0.391,0.421,1,0.000,0.000,0.000,0.000,0.000,0.000,0.031,-0.012
436.21,0.383,0,0.391,0.421,1,0.000,0.000,0.000,0.000,0.000,0.000,0.031,-0.012
436.41,0.378,0,0.391,0.421,1,0.000,0.000,0.000,0.000,0.000,0.000,0.036,-0.015
436.61,0.380,0,0.389,0.422,1,0.000,0.000,0.000,0.000,0.000,0.000,0.026,-0.023
436.81,0.380,0,0.389,0.422,1,0.000,0.000,0.000,0.000,0.000,0.000,0.030,-0.019
437.01,0.377,0,0.388,0.420,1,0.000,0.000,0.000,0.000,0.000,0.000,0.030,-0.019
437.21,0.380,0,0.388,0.420,1,0.000,0.000,0.000,0.000,0.000,0.000,0.027,-0.018
437.41,0.381,0,0.388,0.420,1,0.000,0.000,0.000,0.000,0.000,0.000,0.027,-0.015
437.61,0.380,0,0.391,0.421,1,0.000,0.000,0.000,0.000,0.000,0.000,0.020,-0.015
437.81,0.380,0,0.391,0.421,1,0.000,0.000,0.000,0.000,0.000,0.000,0.015,-0.014
438.01,0.382,0,0.392,0.421,1,0.000,0.000,0.000,0.000,0.000,0.000,0.015,-0.014
438.21,0.381,0,0.392,0.421,1,0.000,0.000,0.000,0.000,0.000,0.000,0.016,-0.008
438.41,0.377,0,0.392,0.421,1,0.000,0.000,0.000,0.000,0.000,0.000,0.020,-0.000
438.61,0.377,0,0.388,0.421,1,0.000,0.000,0.000,0.000,0.000,0.000,0.019,-0.009
438.81,0.379,0,0.388,0.421,1,0.000,0.000,0.000,0.000,0.000,0.000,0.019,-0.009
439.01,0.379,0,0.390,0.421,1,0.000,0.000,0.000,0.000,0.000,0.000,0.034,-0.005
439.21,0.377,0,0.390,0.421,1,0.000,0.000,0.000,0.000,0.000,0.000,0.035,-0.005
439.41,0.382,0,0.390,0.421,1,0.000,0.000,0.000,0.000,0.000,0.000,0.026,-0.017
439.61,0.382,0,0.392,0.421,1,0.000,0.000,0.000,0.000,0.000,0.000,0.032,-0.017
439.81,0.377,0,0.392,0.421,1,0.000,0.000,0.000,0.000,0.000,0.000,0.032,-0.017
440.01,0.379,0,0.390,0.421,1,0.000,0.000,0.000,0.000,0.000,0.000,0.030,-0.013
440.21,0.381,0,0.390,0.421,1,0.000,0.000,0.000,0.000,0.000,0.000,0.026,-0.010
440.41,0.381,0,0.390,0.421,1,0.000,0.000,0.000,0.000,0.000,0.000,0.024,-0.012
440.61,0.377,0,0.388,0.420,1,0.000,0.000,0.000,0.000,0.000,0.000,0.024,-0.012
440.81,0.377,0,0.388,0.420,1,0.000,0.000,0.000,0.000,0.000,0.000,0.024,-0.008
441.01,0.377,0,0.388,0.421,1,0.000,0.000,0.000,0.000,0.000,0.000,0.022,-0.013
441.21,0.377,0,0.388,0.421,1,0.000,0.000,0.000,0.000,0.000,0.000,0.029,-0.013
441.41,0.377,0,0.388,0.421,1,0.000,0.000,0.000,0.000,0.000,0.000,0.022,-0.008
441.61,0.381,0,0.391,0.421,1,0.000,0.000,0.000,0.000,0.000,0.000,0.022,-0.008
441.81,0.381,0,0.391,0.421,1,0.000,0.000,0.000,0.000,0.000,0.000,0.023,-0.008
442.01,0.380,0,0.391,0.421,1,0.000,0.000,0.000,0.000,0.000,0.000,0.025,-0.009
442.21,0.380,0,0.391,0.421,1,0.000,0.000,0.000,0.000,0.000,0.000,0.024,-0.012
442.41,0.382,0,0.391,0.421,1,0.000,0.000,0.000,0.000,0.000,0.000,0.029,-0.005
442.61,0.380,0,0.391,0.422,1,0.000,0.000,0.000,0.000,0.000,0.000,0.029,-0.005
442.81,0.377,0,0.391,0.422,1,0.000,0.000,0.000,0.000,0.000,0.000,0.026,-0.007
443.01,0.377,0,0.388,0.422,1,0.000,0.000,0.000,0.000,0.000,0.000,0.029,-0.012
443.21,0.377,0,0.388,0.422,1,0.000,0.000,0.000,0.000,0.000,0.000,0.027,-0.011
443.41,0.378,0,0.388,0.422,1,0.000,0.000,0.000,0.000,0.000,0.000,0.027,-0.011
443.61,0.380,0,0.391,0.422,1,0.000,0.000,0.000,0.000,0.000,0.000,0.033,-0.008
443.81,0.380,0,0.391,0.422,1,0.000,0.000,0.000,0.000,0.000,0.000,0.033,-0.008
444.01,0.381,0,0.391,0.421,1,0.000,0.000,0.000,0.000,0.000,0.000,0.031,-0.010
444.21,0.381,0,0.391,0.421,1,0.000,0.000,0.000,0.000,0.000,0.000,0.025,-0.010
444.41,0.377,0,0.391,0.421,1,0.000,0.000,0.000,0.000,0.000,0.000,0.025,-0.010
444.61,0.382,0,0.388,0.421,1,0.000,0.000,0.000,0.000,0.000,0.000,0.013,-0.008
444.81,0.381,0,0.388,0.421,1,0.000,0.000,0.000,0.000,0.000,0.000,0.035,-0.016
445.01,0.381,0,0.391,0.421,1,0.000,0.000,0.000,0.000,0.000,0.000,0.023,-0.019
445.21,0.382,0,0.391,0.421,1,0.000,0.000,0.000,0.000,0.000,0.000,0.023,-0.019
445.41,0.377,0,0.391,0.421,1,0.000,0.000,0.000,0.000,0.000,0.000,0.028,-0.024
445.61,0.382,0,0.388,0.421,1,0.000,0.000,0.000,0.000,0.000,0.000,0.028,-0.018
445.81,0.380,0,0.388,0.421,1,0.000,0.000,0.000,0.000,0.000,0.000,0.031,-0.020
446.01,0.380,0,0.391,0.422,1,0.000,0.000,0.000,0.000,0.000,0.000,0.021,-0.022
446.21,0.381,0,0.391,0.422,1,0.000,0.000,0.000,0.000,0.000,0.000,0.021,-0.022
446.41,0.382,0,0.391,0.422,1,0.000,0.000,0.000,0.000,0.000,0.000,0.016,-0.017
446.61,0.377,0,0.392,0.421,1,0.000,0.000,0.000,0.000,0.000,0.000,0.028,-0.016
446.81,0.377,0,0.392,0.421,1,0.000,0.000,0.000,0.000,0.000,0.000,0.027,-0.014
447.01,0.378,0,0.389,0.422,1,0.000,0.000,0.000,0.000,0.000,0.000,0.027,-0.014
447.21,0.378,0,0.389,0.422,1,0.000,0.000,0.000,0.000,0.000,0.000,0.030,-0.015
447.41,0.379,0,0.389,0.422,1,0.000,0.000,0.000,0.000,0.000,0.000,0.041,-0.022
447.61,0.382,0,0.390,0.422,1,0.000,0.000,0.000,0.000,0.000,0.000,0.031,-0.022
447.81,0.382,0,0.390,0.422,1,0.000,0.000,0.000,0.000,0.000,0.000,0.026,-0.022
448.01,0.377,0,0.388,0.422,1,0.000,0.000,0.000,0.000,0.000,0.000,0.026,-0.022
448.21,0.377,0,0.388,0.422,1,0.000,0.000,0.000,0.000,0.000,0.000,0.025,-0.021
448.41,0.378,0,0.388,0.422,1,0.000,0.000,0.000,0.000,0.000,0.000,0.032,-0.018
448.61,0.378,0,0.389,0.421,1,0.000,0.000,0.000,0.000,0.000,0.000,0.033,-0.024
448.81,0.377,0,0.389,0.421,1,0.000,0.000,0.000,0.000,0.000,0.000,0.033,-0.021
449.01,0.379,0,0.390,0.421,1,0.000,0.000,0.000,0.000,0.000,0.000,0.033,-0.021
449.21,0.382,0,0.390,0.421,1,0.000,0.000,0.000,0.000,0.000,0.000,0.031,-0.019
449.41,0.381,0,0.390,0.421,1,0.000,0.000,0.000,0.000,0.000,0.000,0.040,-0.024
449.61,0.381,0,0.391,0.421,1,0.000,0.000,0.000,0.000,0.000,0.000,0.038,-0.018
449.81,0.377,0,0.391,0.421,1,0.000,0.000,0.000,0.000,0.000,0.000,0.038,-0.018
450.01,0.377,0,0.388,0.422,1,0.000,0.000,0.000,0.000,0.000,0.000,0.035,-0.015
450.21,0.377,0,0.388,0.422,1,0.000,0.000,0.000,0.000,0.000,0.000,0.026,-0.009
450.41,0.377,0,0.388,0.422,1,0.000,0.000,0.000,0.000,0.000,0.000,0.026,-0.016
450.61,0.377,0,0.388,0.421,1,0.000,0.000,0.000,0.000,0.000,0.000,0.036,-0.013
450.81,0.377,0,0.388,0.421,1,0.000,0.000,0.000,0.000,0.000,0.000,0.036,-0.013
451.01,0.380,0,0.391,0.421,1,0.000,0.000,0.000,0.000,0.000,0.000,0.038,-0.019
451.21,0.378,0,0.391,0.421,1,0.000,0.000,0.000,0.000,0.000,0.000,0.036,-0.017
451.41,0.378,0,0.391,0.421,1,0.000,0.000,0.000,0.000,0.000,0.000,0.042,-0.019
451.61,0.381,0,0.391,0.421,1,0.000,0.000,0.000,0.000,0.000,0.000,0.042,-0.019
451.81,0.382,0,0.391,0.421,1,0.000,0.000,0.000,0.000,0.000,0.000,0.043,-0.021
452.01,0.378,0,0.389,0.420,1,0.000,0.000,0.000,0.000,0.000,0.000,0.049,-0.011
452.21,0.381,0,0.389,0.420,1,0.000,0.000,0.000,0.000,0.000,0.000,0.058,-0.025
452.41,0.381,0,0.389,0.420,1,0.000,0.000,0.000,0.000,0.000,0.000,0.044,-0.020
452.61,0.378,0,0.389,0.421,1,0.000,0.000,0.000,0.000,0.000,0.000,0.044,-0.020
452.81,0.377,0,0.389,0.421,1,0.000,0.000,0.000,0.000,0.000,0.000,0.041,-0.020
453.01,0.381,0,0.391,0.421,1,0.000,0.000,0.000,0.000,0.000,0.000,0.045,-0.014
453.21,0.381,0,0.391,0.421,1,0.000,0.000,0.000,0.000,0.000,0.000,0.036,-0.018
453.41,0.381,0,0.391,0.421,1,0.000,0.000,0.000,0.000,0.000,0.000,0.036,-0.018
453.61,0.381,0,0.391,0.421,1,0.000,0.000,0.000,0.000,0.000,0.000,0.033,-0.017
453.81,0.377,0,0.391,0.421,1,0.000,0.000,0.000,0.000,0.000,0.000,0.033,-0.013
454.01,0.379,0,0.388,0.421,1,0.000,0.000,0.000,0.000,0.000,0.000,0.018,-0.014
454.21,0.379,0,0.388,0.421,1,0.000,0.000,0.000,0.000,0.000,0.000,0.022,-0.014
454.41,0.379,0,0.388,0.421,1,0.000,0.000,0.000,0.000,0.000,0.000,0.022,-0.014
454.61,0.377,0,0.390,0.421,1,0.000,0.000,0.000,0.000,0.000,0.000,0.015,-0.016
454.81,0.378,0,0.390,0.421,1,0.000,0.000,0.000,0.000,0.000,0.000,0.025,-0.015
455.01,0.378,0,0.389,0.421,1,0.000,0.000,0.000,0.000,0.000,0.000,0.026,-0.024
455.21,0.379,0,0.389,0.421,1,0.000,0.000,0.000,0.000,0.000,0.000,0.026,-0.024
455.41,0.379,0,0.389,0.421,1,0.000,0.000,0.000,0.000,0.000,0.000,0.011,-0.018
455.61,0.382,0,0.390,0.422,1,0.000,0.000,0.000,0.000,0.000,0.000,0.009,-0.018
455.81,0.379,0,0.390,0.422,1,0.000,0.000,0.000,0.000,0.000,0.000,0.010,-0.006
456.01,0.379,0,0.390,0.421,1,0.000,0.000,0.000,0.000,0.000,0.000,0.009,-0.008
456.21,0.379,0,0.390,0.421,1,0.000,0.000,0.000,0.000,0.000,0.000,0.009,-0.008
456.41,0.381,0,0.390,0.421,1,0.000,0.000,0.000,0.000,0.000,0.000,0.026,-0.016
456.61,0.381,0,0.391,0.421,1,0.000,0.000,0.000,0.000,0.000,0.000,0.021,-0.005
456.81,0.381,0,0.391,0.421,1,0.000,0.000,0.000,0.000,0.000,0.000,0.024,-0.018
457.01,0.379,0,0.390,0.421,1,0.000,0.000,0.000,0.000,0.000,0.000,0.024,-0.018
457.21,0.382,0,0.390,0.421,1,0.000,0.000,0.000,0.000,0.000,0.000,0.037,-0.017
457.41,0.377,0,0.390,0.421,1,0.000,0.000,0.000,0.000,0.000,0.000,0.029,-0.016
457.61,0.382,0,0.388,0.421,1,0.000,0.000,0.000,0.000,0.000,0.000,0.021,-0.013
457.81,0.382,0,0.388,0.421,1,0.000,0.000,0.000,0.000,0.000,0.000,0.034,-0.017
458.01,0.378,0,0.389,0.421,1,0.000,0.000,0.000,0.000,0.000,0.000,0.034,-0.017
458.21,0.382,0,0.389,0.421,1,0.000,0.000,0.000,0.000,0.000,0.000,0.030,-0.015
458.41,0.378,0,0.389,0.421,1,0.000,0.000,0.000,0.000,0.000,0.000,0.024,-0.015
458.61,0.378,0,0.389,0.421,1,0.000,0.000,0.000,0.000,0.000,0.000,0.038,-0.014
458.81,0.381,0,0.389,0.421,1,0.000,0.000,0.000,0.000,0.000,0.000,0.045,-0.016
459.01,0.379,0,0.390,0.420,1,0.000,0.000,0.000,0.000,0.000,0.000,0.045,-0.016
459.21,0.380,0,0.390,0.420,1,0.000,0.000,0.000,0.000,0.000,0.000,0.047,-0.026
459.41,0.382,0,0.390,0.420,1,0.000,0.000,0.000,0.000,0.000,0.000,0.041,-0.021
459.61,0.382,0,0.392,0.420,1,0.000,0.000,0.000,0.000,0.000,0.000,0.045,-0.025
459.81,0.381,0,0.392,0.420,1,0.000,0.000,0.000,0.000,0.000,0.000,0.045,-0.025
460.01,0.382,0,0.392,0.421,1,0.000,0.000,0.000,0.000,0.000,0.000,0.051,-0.015
460.21,0.377,0,0.392,0.421,1,0.000,0.000,0.000,0.000,0.000,0.000,0.048,-0.014
460.41,0.377,0,0.392,0.421,1,0.000,0.000,0.000,0.000,0.000,0.000,0.050,-0.004
460.61,0.377,0,0.388,0.420,1,0.000,0.000,0.000,0.000,0.000,0.000,0.043,-0.011
460.81,0.382,0,0.388,0.420,1,0.000,0.000,0.000,0.000,0.000,0.000,0.043,-0.011
461.01,0.381,0,0.391,0.421,1,0.000,0.000,0.000,0.000,0.000,0.000,0.049,-0.024
461.21,0.382,0,0.391,0.421,1,0.000,0.000,0.000,0.000,0.000,0.000,0.047,-0.022
461.41,0.382,0,0.391,0.421,1,0.000,0.000,0.000,0.000,0.000,0.000,0.050,-0.011
461.61,0.380,0,0.391,0.421,1,0.000,0.000,0.000,0.000,0.000,0.000,0.050,-0.011
461.81,0.382,0,0.391,0.421,1,0.000,0.000,0.000,0.000,0.000,0.000,0.039,-0.015
462.01,0.317,0,0.389,0.421,1,0.000,0.000,0.000,0.000,0.000,0.000,0.045,-0.008
462.21,0.321,0,0.389,0.421,1,0.000,0.000,0.000,0.000,0.000,0.000,0.032,-0.015
462.41,0.321,0,0.389,0.421,1,0.000,0.000,0.000,0.000,0.000,0.000,0.039,-0.016
462.61,0.332,0,0.391,0.421,1,0.000,0.000,0.000,0.000,0.000,0.000,0.039,-0.016
462.81,0.303,0,0.391,0.421,1,0.000,0.000,0.000,0.000,0.000,0.000,0.032,-0.014
463.01,0.317,0,0.391,0.421,1,0.000,0.000,0.000,0.000,0.000,0.000,0.026,-0.022
463.21,0.317,0,0.391,0.421,1,0.000,0.000,0.000,0.000,0.000,0.000,0.037,-0.010
463.41,0.347,0,0.391,0.421,1,0.000,0.000,0.000,0.000,0.000,0.000,0.037,-0.010
463.61,0.369,0,0.391,0.421,1,0.000,0.000,0.000,0.000,0.000,0.000,0.046,-0.007
463.81,0.362,0,0.391,0.421,1,0.000,0.000,0.000,0.000,0.000,0.000,0.049,-0.017
464.01,0.283,0,0.392,0.420,1,0.000,0.000,0.000,0.000,0.000,0.000,0.021,-0.015
464.21,0.283,0,0.392,0.420,1,0.000,0.000,0.000,0.000,0.000,0.000,0.025,-0.013
464.41,0.272,0,0.392,0.420,1,0.000,0.000,0.000,0.000,0.000,0.000,0.025,-0.013
464.61,0.240,0,0.390,0.420,1,0.000,0.000,0.000,0.000,0.000,0.000,0.024,-0.024
464.81,0.240,0,0.390,0.420,1,0.000,0.000,0.000,0.000,0.000,0.000,0.026,-0.017
465.01,0.240,0,0.392,0.421,1,0.000,0.000,0.000,0.000,0.000,0.000,0.013,-0.011
465.21,0.260,0,0.392,0.421,1,0.000,0.000,0.000,0.000,0.000,0.000,0.013,-0.011
465.41,0.264,0,0.392,0.421,1,0.000,0.000,0.000,0.000,0.000,0.000,0.029,-0.014
465.61,0.289,0,0.388,0.421,1,0.000,0.000,0.000,0.000,0.000,0.000,0.038,-0.011
465.81,0.281,0,0.388,0.421,1,0.000,0.000,0.000,0.000,0.000,0.000,0.019,-0.015
466.01,0.281,0,0.392,0.422,1,0.000,0.000,0.000,0.000,0.000,0.000,0.030,-0.003
466.21,0.377,0,0.392,0.422,1,0.000,0.000,0.000,0.000,0.000,0.000,0.030,-0.003
466.41,0.382,0,0.392,0.422,1,0.000,0.000,0.000,0.000,0.000,0.000,0.027,-0.007
466.61,0.382,0,0.392,0.421,1,0.000,0.000,0.000,0.000,0.000,0.000,0.021,-0.011
466.81,0.382,0,0.392,0.421,1,0.000,0.000,0.000,0.000,0.000,0.000,0.019,-0.011
467.01,0.382,0,0.392,0.422,1,0.000,0.000,0.000,0.000,0.000,0.000,0.014,-0.008
467.21,0.379,0,0.392,0.422,1,0.000,0.000,0.000,0.000,0.000,0.000,0.014,-0.008
467.41,0.379,0,0.392,0.422,1,0.000,0.000,0.000,0.000,0.000,0.000,0.024,-0.012
467.61,0.384,0,0.390,0.421,1,0.000,0.000,0.000,0.000,0.000,0.000,0.022,-0.008
467.81,0.384,0,0.390,0.421,1,0.000,0.000,0.000,0.000,0.000,0.000,0.018,-0.015
468.01,0.372,0,0.388,0.422,1,0.000,0.000,0.000,0.000,0.000,0.000,0.018,-0.015
468.21,0.362,0,0.388,0.422,1,0.000,0.000,0.000,0.000,0.000,0.000,0.019,-0.016
468.41,0.327,0,0.388,0.422,1,0.000,0.000,0.000,0.000,0.000,0.000,0.005,-0.015
468.61,0.327,0,0.390,0.421,1,0.000,0.000,0.000,0.000,0.000,0.000,0.011,-0.020
468.81,0.256,0,0.390,0.421,1,0.000,0.000,0.000,0.000,0.000,0.000,0.019,-0.018
469.01,0.224,0,0.388,0.422,1,0.000,0.000,0.000,0.000,0.000,0.000,0.019,-0.018
469.21,0.214,0,0.388,0.422,1,0.000,0.000,0.000,0.000,0.000,0.000,0.020,-0.026
469.41,0.194,0,0.388,0.422,1,0.000,0.000,0.000,0.000,0.000,0.000,0.017,-0.025
469.61,0.194,0,0.391,0.421,1,0.000,0.000,0.000,0.000,0.000,0.000,0.001,-0.022
469.81,0.193,0,0.391,0.421,1,0.000,0.000,0.000,0.000,0.000,0.000,0.001,-0.022
470.01,0.191,0,0.391,0.423,1,0.000,0.000,0.000,0.000,0.000,0.000,0.020,-0.024
470.21,0.185,0,0.391,0.423,1,0.000,0.000,0.000,0.000,0.000,0.000,0.017,-0.024
470.41,0.184,0,0.391,0.423,1,0.000,0.000,0.000,0.000,0.000,0.000,0.016,-0.028
470.61,0.184,0,0.391,0.422,1,0.000,0.000,0.000,0.000,0.000,0.000,0.009,-0.025
470.81,0.185,0,0.391,0.422,1,0.000,0.000,0.000,0.000,0.000,0.000,0.009,-0.025
471.01,0.190,0,0.391,0.422,1,0.000,0.000,0.000,0.000,0.000,0.000,0.014,-0.027
471.21,0.193,0,0.391,0.422,1,0.000,0.000,0.000,0.000,0.000,0.000,0.016,-0.020
471.41,0.193,0,0.391,0.422,1,0.000,0.000,0.000,0.000,0.000,0.000,0.008,-0.022
471.61,0.197,0,0.393,0.421,1,0.000,0.000,0.000,0.000,0.000,0.000,0.008,-0.022
471.81,0.200,0,0.393,0.421,1,0.000,0.000,0.000,0.000,0.000,0.000,0.016,-0.020
472.01,0.200,0,0.388,0.421,1,0.000,0.000,0.000,0.000,0.000,0.000,0.015,-0.025
472.21,0.202,0,0.388,0.421,1,0.000,0.000,0.000,0.000,0.000,0.000,0.011,-0.030
472.41,0.202,0,0.388,0.421,1,0.000,0.000,0.000,0.000,0.000,0.000,0.008,-0.026
472.61,0.205,0,0.391,0.420,1,0.000,0.000,0.000,0.000,0.000,0.000,0.008,-0.026
472.81,0.205,0,0.391,0.420,1,0.000,0.000,0.000,0.000,0.000,0.000,0.012,-0.022
473.01,0.205,0,0.392,0.421,1,0.000,0.000,0.000,0.000,0.000,0.000,0.013,-0.027
473.21,0.205,0,0.392,0.421,1,0.000,0.000,0.000,0.000,0.000,0.000,0.015,-0.022
473.41,0.204,0,0.392,0.421,1,0.000,0.000,0.000,0.000,0.000,0.000,0.015,-0.022
473.61,0.203,0,0.388,0.420,1,0.000,0.000,0.000,0.000,0.000,0.000,0.014,-0.021
473.81,0.201,0,0.388,0.420,1,0.000,0.000,0.000,0.000,0.000,0.000,0.016,-0.026
474.01,0.201,0,0.390,0.421,1,0.000,0.000,0.000,0.000,0.000,0.000,0.011,-0.023
474.21,0.201,0,0.390,0.421,1,0.000,0.000,0.000,0.000,0.000,0.000,0.013,-0.028
474.41,0.203,0,0.390,0.421,1,0.000,0.000,0.000,0.000,0.000,0.000,0.013,-0.028
474.61,0.207,0,0.392,0.421,1,0.000,0.000,0.000,0.000,0.000,0.000,0.011,-0.024
474.81,0.209,0,0.392,0.421,1,0.000,0.000,0.000,0.000,0.000,0.000,0.007,-0.023
475.01,0.209,0,0.392,0.422,1,0.000,0.000,0.000,0.000,0.000,0.000,0.012,-0.020
475.21,0.208,0,0.392,0.422,1,0.000,0.000,0.000,0.000,0.000,0.000,0.012,-0.020
475.41,0.210,0,0.392,0.422,1,0.000,0.000,0.000,0.000,0.000,0.000,0.007,-0.031
475.61,0.212,0,0.392,0.420,1,0.000,0.000,0.000,0.000,0.000,0.000,0.009,-0.030
475.81,0.212,0,0.392,0.420,1,0.000,0.000,0.000,0.000,0.000,0.000,0.011,-0.023
476.01,0.212,0,0.392,0.420,1,0.000,0.000,0.000,0.000,0.000,0.000,0.010,-0.027
476.21,0.211,0,0.392,0.420,1,0.000,0.000,0.000,0.000,0.000,0.000,0.010,-0.027
476.41,0.211,0,0.392,0.420,1,0.000,0.000,0.000,0.000,0.000,0.000,0.014,-0.026
476.61,0.212,0,0.391,0.422,1,0.000,0.000,0.000,0.000,0.000,0.000,0.021,-0.024
476.81,0.212,0,0.391,0.422,1,0.000,0.000,0.000,0.000,0.000,0.000,0.023,-0.022
477.01,0.212,0,0.388,0.421,1,0.000,0.000,0.000,0.000,0.000,0.000,0.023,-0.022
477.21,0.212,0,0.388,0.421,1,0.000,0.000,0.000,0.000,0.000,0.000,0.013,-0.029
477.41,0.214,0,0.388,0.421,1,0.000,0.000,0.000,0.000,0.000,0.000,0.010,-0.030
477.61,0.216,0,0.391,0.421,1,0.000,0.000,0.000,0.000,0.000,0.000,0.017,-0.026
477.81,0.216,0,0.391,0.421,1,0.000,0.000,0.000,0.000,0.000,0.000,0.017,-0.028
478.01,0.216,0,0.390,0.421,1,0.000,0.000,0.000,0.000,0.000,0.000,0.017,-0.028
478.21,0.216,0,0.390,0.421,1,0.000,0.000,0.000,0.000,0.000,0.000,0.013,-0.028
478.41,0.216,0,0.390,0.421,1,0.000,0.000,0.000,0.000,0.000,0.000,0.011,-0.028
478.61,0.216,0,0.391,0.421,1,0.000,0.000,0.000,0.000,0.000,0.000,0.016,-0.029
478.81,0.217,0,0.391,0.421,1,0.000,0.000,0.000,0.000,0.000,0.000,0.016,-0.029
479.01,0.218,0,0.388,0.420,1,0.000,0.000,0.000,0.000,0.000,0.000,0.012,-0.026
479.21,0.218,0,0.388,0.420,1,0.000,0.000,0.000,0.000,0.000,0.000,0.009,-0.031
479.41,0.219,0,0.388,0.420,1,0.000,0.000,0.000,0.000,0.000,0.000,0.014,-0.028
479.61,0.219,0,0.392,0.421,1,0.000,0.000,0.000,0.000,0.000,0.000,0.021,-0.024
479.81,0.221,0,0.392,0.421,1,0.000,0.000,0.000,0.000,0.000,0.000,0.021,-0.024
480.01,0.224,0,0.390,0.420,1,0.000,0.000,0.000,0.000,0.000,0.000,0.013,-0.028
480.21,0.224,0,0.390,0.420,1,0.000,0.000,0.000,0.000,0.000,0.000,0.014,-0.027
480.41,0.224,0,0.390,0.420,1,0.000,0.000,0.000,0.000,0.000,0.000,0.012,-0.028
480.61,0.226,0,0.392,0.420,1,0.000,0.000,0.000,0.000,0.000,0.000,0.017,-0.025
480.81,0.228,0,0.392,0.420,1,0.000,0.000,0.000,0.000,0.000,0.000,0.017,-0.025
481.01,0.227,0,0.393,0.420,1,0.000,0.000,0.000,0.000,0.000,0.000,0.016,-0.022
481.21,0.225,0,0.393,0.420,1,0.000,0.000,0.000,0.000,0.000,0.000,0.012,-0.028
481.41,0.225,0,0.393,0.420,1,0.000,0.000,0.000,0.000,0.000,0.000,0.013,-0.024
481.61,0.224,0,0.388,0.420,1,0.000,0.000,0.000,0.000,0.000,0.000,0.013,-0.024
481.81,0.224,0,0.388,0.420,1,0.000,0.000,0.000,0.000,0.000,0.000,0.012,-0.028
482.01,0.223,0,0.391,0.421,1,0.000,0.000,0.000,0.000,0.000,0.000,0.010,-0.027
482.21,0.223,0,0.391,0.421,1,0.000,0.000,0.000,0.000,0.000,0.000,0.011,-0.015
482.41,0.226,0,0.391,0.421,1,0.000,0.000,0.000,0.000,0.000,0.000,0.015,-0.024
482.61,0.227,0,0.388,0.422,1,0.000,0.000,0.000,0.000,0.000,0.000,0.015,-0.024
482.81,0.229,0,0.388,0.422,1,0.000,0.000,0.000,0.000,0.000,0.000,0.008,-0.021
483.01,0.233,0,0.388,0.421,1,0.000,0.000,0.000,0.000,0.000,0.000,0.003,-0.016
483.21,0.233,0,0.388,0.421,1,0.000,0.000,0.000,0.000,0.000,0.000,0.017,-0.025
483.41,0.239,0,0.388,0.421,1,0.000,0.000,0.000,0.000,0.000,0.000,0.017,-0.025
483.61,0.240,0,0.391,0.420,1,0.000,0.000,0.000,0.000,0.000,0.000,0.018,-0.022
483.81,0.243,0,0.391,0.420,1,0.000,0.000,0.000,0.000,0.000,0.000,0.017,-0.021
484.01,0.243,0,0.391,0.420,1,0.000,0.000,0.000,0.000,0.000,0.000,0.017,-0.025
484.21,0.243,0,0.391,0.420,1,0.000,0.000,0.000,0.000,0.000,0.000,0.015,-0.028
484.41,0.241,0,0.391,0.420,1,0.000,0.000,0.000,0.000,0.000,0.000,0.015,-0.028
484.61,0.239,0,0.392,0.421,1,0.000,0.000,0.000,0.000,0.000,0.000,0.019,-0.020
484.81,0.254,0,0.392,0.421,1,0.000,0.000,0.000,0.000,0.000,0.000,0.005,-0.020
485.01,0.254,0,0.392,0.421,1,0.000,0.000,0.000,0.000,0.000,0.000,0.018,-0.024
485.21,0.250,0,0.392,0.421,1,0.000,0.000,0.000,0.000,0.000,0.000,0.018,-0.024
485.41,0.213,0,0.392,0.421,1,0.000,0.000,0.000,0.000,0.000,0.000,0.018,-0.017
485.61,0.198,0,0.391,0.421,1,0.000,0.000,0.000,0.000,0.000,0.000,0.022,-0.021
485.81,0.189,0,0.391,0.421,1,0.000,0.000,0.000,0.000,0.000,0.000,0.029,-0.021
486.01,0.189,0,0.392,0.421,1,0.000,0.000,0.000,0.000,0.000,0.000,0.024,-0.031
486.21,0.195,0,0.392,0.421,1,0.000,0.000,0.000,0.000,0.000,0.000,0.024,-0.031
486.41,0.198,0,0.392,0.421,1,0.000,0.000,0.000,0.000,0.000,0.000,0.022,-0.023
486.61,0.197,0,0.392,0.421,1,0.000,0.000,0.000,0.000,0.000,0.000,0.020,-0.023
486.81,0.197,0,0.392,0.421,1,0.000,0.000,0.000,0.000,0.000,0.000,0.019,-0.020
487.01,0.197,0,0.391,0.421,1,0.000,0.000,0.000,0.000,0.000,0.000,0.019,-0.020
487.21,0.199,0,0.391,0.421,1,0.000,0.000,0.000,0.000,0.000,0.000,0.024,-0.013
487.41,0.200,0,0.391,0.421,1,0.000,0.000,0.000,0.000,0.000,0.000,0.018,-0.022
487.61,0.202,0,0.391,0.422,1,0.000,0.000,0.000,0.000,0.000,0.000,0.018,-0.019
487.81,0.202,0,0.391,0.422,1,0.000,0.000,0.000,0.000,0.000,0.000,0.036,-0.027
488.01,0.206,0,0.391,0.421,1,0.000,0.000,0.000,0.000,0.000,0.000,0.036,-0.027
488.21,0.205,0,0.391,0.421,1,0.000,0.000,0.000,0.000,0.000,0.000,0.023,-0.022
488.41,0.204,0,0.391,0.421,1,0.000,0.000,0.000,0.000,0.000,0.000,0.018,-0.024
488.61,0.204,0,0.392,0.421,1,0.000,0.000,0.000,0.000,0.000,0.000,0.021,-0.021
488.81,0.201,0,0.392,0.421,1,0.000,0.000,0.000,0.000,0.000,0.000,0.021,-0.021
489.01,0.198,0,0.390,0.420,1,0.000,0.000,0.000,0.000,0.000,0.000,0.022,-0.024
489.21,0.196,0,0.390,0.420,1,0.000,0.000,0.000,0.000,0.000,0.000,0.028,-0.021
489.41,0.193,0,0.390,0.420,1,0.000,0.000,0.000,0.000,0.000,0.000,0.021,-0.023
489.61,0.193,0,0.393,0.423,1,0.000,0.000,0.000,0.000,0.000,0.000,0.023,-0.020
489.81,0.194,0,0.393,0.423,1,0.000,0.000,0.000,0.000,0.000,0.000,0.023,-0.020
490.01,0.199,0,0.392,0.420,1,0.000,0.000,0.000,0.000,0.000,0.000,0.021,-0.022
490.21,0.201,0,0.392,0.420,1,0.000,0.000,0.000,0.000,0.000,0.000,0.020,-0.018
490.41,0.201,0,0.392,0.420,1,0.000,0.000,0.000,0.000,0.000,0.000,0.020,-0.017
490.61,0.201,0,0.390,0.421,1,0.000,0.000,0.000,0.000,0.000,0.000,0.020,-0.017
490.81,0.202,0,0.390,0.421,1,0.000,0.000,0.000,0.000,0.000,0.000,0.024,-0.020
491.01,0.202,0,0.387,0.422,1,0.000,0.000,0.000,0.000,0.000,0.000,0.023,-0.019
491.21,0.203,0,0.387,0.422,1,0.000,0.000,0.000,0.000,0.000,0.000,0.016,-0.020
491.41,0.203,0,0.387,0.422,1,0.000,0.000,0.000,0.000,0.000,0.000,0.024,-0.019
491.61,0.198,0,0.392,0.421,1,0.000,0.000,0.000,0.000,0.000,0.000,0.024,-0.019
491.81,0.196,0,0.392,0.421,1,0.000,0.000,0.000,0.000,0.000,0.000,0.023,-0.021
492.01,0.198,0,0.388,0.422,1,0.000,0.000,0.000,0.000,0.000,0.000,0.026,-0.021
492.21,0.198,0,0.388,0.422,1,0.000,0.000,0.000,0.000,0.000,0.000,0.021,-0.021
492.41,0.202,0,0.388,0.422,1,0.000,0.000,0.000,0.000,0.000,0.000,0.021,-0.021
492.61,0.202,0,0.388,0.421,1,0.000,0.000,0.000,0.000,0.000,0.000,0.024,-0.018
492.81,0.200,0,0.388,0.421,1,0.000,0.000,0.000,0.000,0.000,0.000,0.028,-0.023
493.01,0.201,0,0.392,0.421,1,0.000,0.000,0.000,0.000,0.000,0.000,0.019,-0.021
493.21,0.201,0,0.392,0.421,1,0.000,0.000,0.000,0.000,0.000,0.000,0.020,-0.023
493.41,0.200,0,0.392,0.421,1,0.000,0.000,0.000,0.000,0.000,0.000,0.020,-0.023
493.61,0.199,0,0.390,0.421,1,0.000,0.000,0.000,0.000,0.000,0.000,0.025,-0.021
493.81,0.199,0,0.390,0.421,1,0.000,0.000,0.000,0.000,0.000,0.000,0.021,-0.022
494.01,0.199,0,0.390,0.420,1,0.000,0.000,0.000,0.000,0.000,0.000,0.019,-0.023
494.21,0.199,0,0.390,0.420,1,0.000,0.000,0.000,0.000,0.000,0.000,0.021,-0.022
494.41,0.200,0,0.390,0.420,1,0.000,0.000,0.000,0.000,0.000,0.000,0.021,-0.022
494.61,0.201,0,0.389,0.422,1,0.000,0.000,0.000,0.000,0.000,0.000,0.024,-0.024
494.81,0.202,0,0.389,0.422,1,0.000,0.000,0.000,0.000,0.000,0.000,0.032,-0.017
495.01,0.202,0,0.391,0.421,1,0.000,0.000,0.000,0.000,0.000,0.000,0.025,-0.019
495.21,0.200,0,0.391,0.421,1,0.000,0.000,0.000,0.000,0.000,0.000,0.025,-0.019
495.41,0.201,0,0.391,0.421,1,0.000,0.000,0.000,0.000,0.000,0.000,0.022,-0.015
495.61,0.201,0,0.391,0.421,1,0.000,0.000,0.000,0.000,0.000,0.000,0.030,-0.026
495.81,0.201,0,0.391,0.421,1,0.000,0.000,0.000,0.000,0.000,0.000,0.030,-0.025
496.01,0.201,0,0.391,0.421,1,0.000,0.000,0.000,0.000,0.000,0.000,0.033,-0.021
496.21,0.201,0,0.391,0.421,1,0.000,0.000,0.000,0.000,0.000,0.000,0.033,-0.021
496.41,0.199,0,0.391,0.421,1,0.000,0.000,0.000,0.000,0.000,0.000,0.027,-0.022
496.61,0.198,0,0.391,0.421,1,0.000,0.000,0.000,0.000,0.000,0.000,0.036,-0.019
496.81,0.198,0,0.391,0.421,1,0.000,0.000,0.000,0.000,0.000,0.000,0.029,-0.023
497.01,0.195,0,0.392,0.422,1,0.000,0.000,0.000,0.000,0.000,0.000,0.029,-0.023
497.21,0.191,0,0.392,0.422,1,0.000,0.000,0.000,0.000,0.000,0.000,0.024,-0.025
497.41,0.192,0,0.392,0.422,1,0.000,0.000,0.000,0.000,0.000,0.000,0.030,-0.021
497.61,0.192,0,0.388,0.420,1,0.000,0.000,0.000,0.000,0.000,0.000,0.033,-0.020
497.81,0.193,0,0.388,0.420,1,0.000,0.000,0.000,0.000,0.000,0.000,0.033,-0.020
498.01,0.192,0,0.391,0.421,1,0.000,0.000,0.000,0.000,0.000,0.000,0.029,-0.014
498.21,0.192,0,0.391,0.421,1,0.000,0.000,0.000,0.000,0.000,0.000,0.035,-0.013
498.41,0.189,0,0.391,0.421,1,0.000,0.000,0.000,0.000,0.000,0.000,0.028,-0.019
498.61,0.189,0,0.388,0.420,1,0.000,0.000,0.000,0.000,0.000,0.000,0.033,-0.019
498.81,0.193,0,0.388,0.420,1,0.000,0.000,0.000,0.000,0.000,0.000,0.033,-0.019
499.01,0.196,0,0.390,0.421,1,0.000,0.000,0.000,0.000,0.000,0.000,0.027,-0.017
499.21,0.201,0,0.390,0.421,1,0.000,0.000,0.000,0.000,0.000,0.000,0.029,-0.018
499.41,0.201,0,0.390,0.421,1,0.000,0.000,0.000,0.000,0.000,0.000,0.028,-0.014
499.61,0.207,0,0.390,0.421,1,0.000,0.000,0.000,0.000,0.000,0.000,0.025,-0.019
499.81,0.208,0,0.390,0.421,1,0.000,0.000,0.000,0.000,0.000,0.000,0.025,-0.019
500.01,0.206,0,0.392,0.422,1,0.000,0.000,0.000,0.000,0.000,0.000,0.030,-0.016
500.21,0.209,0,0.392,0.422,1,0.000,0.000,0.000,0.000,0.000,0.000,0.032,-0.021
500.41,0.209,0,0.392,0.422,1,0.000,0.000,0.000,0.000,0.000,0.000,0.030,-0.018
500.61,0.204,0,0.388,0.421,1,0.000,0.000,0.000,0.000,0.000,0.000,0.030,-0.018
500.81,0.201,0,0.388,0.421,1,0.000,0.000,0.000,0.000,0.000,0.000,0.027,-0.013
501.01,0.197,0,0.392,0.421,1,0.000,0.000,0.000,0.000,0.000,0.000,0.026,-0.013
501.21,0.197,0,0.392,0.421,1,0.000,0.000,0.000,0.000,0.000,0.000,0.025,-0.018
501.41,0.195,0,0.392,0.421,1,0.000,0.000,0.000,0.000,0.000,0.000,0.026,-0.020
501.61,0.194,0,0.391,0.420,1,0.000,0.000,0.000,0.000,0.000,0.000,0.026,-0.020
501.81,0.195,0,0.391,0.420,1,0.000,0.000,0.000,0.000,0.000,0.000,0.025,-0.020
502.01,0.195,0,0.392,0.421,1,0.000,0.000,0.000,0.000,0.000,0.000,0.029,-0.018
502.21,0.195,0,0.392,0.421,1,0.000,0.000,0.000,0.000,0.000,0.000,0.030,-0.016
502.41,0.199,0,0.392,0.421,1,0.000,0.000,0.000,0.000,0.000,0.000,0.030,-0.016
502.61,0.198,0,0.392,0.421,1,0.000,0.000,0.000,0.000,0.000,0.000,0.024,-0.025
502.81,0.207,0,0.392,0.421,1,0.000,0.000,0.000,0.000,0.000,0.000,0.017,-0.031
503.01,0.207,0,0.392,0.420,1,0.000,0.000,0.000,0.000,0.000,0.000,0.023,-0.030
503.21,0.251,0,0.392,0.420,1,0.000,0.000,0.000,0.000,0.000,0.000,0.029,-0.029
503.41,0.261,0,0.392,0.420,1,0.000,0.000,0.000,0.000,0.000,0.000,0.029,-0.029
503.61,0.249,0,0.391,0.420,1,0.000,0.000,0.000,0.000,0.000,0.000,0.017,-0.023
503.81,0.244,0,0.391,0.420,1,0.000,0.000,0.000,0.000,0.000,0.000,0.016,-0.024
504.01,0.244,0,0.389,0.420,1,0.000,0.000,0.000,0.000,0.000,0.000,0.018,-0.022
504.21,0.240,0,0.389,0.420,1,0.000,0.000,0.000,0.000,0.000,0.000,0.018,-0.022
504.41,0.239,0,0.389,0.420,1,0.000,0.000,0.000,0.000,0.000,0.000,0.010,-0.023
504.61,0.235,0,0.391,0.422,1,0.000,0.000,0.000,0.000,0.000,0.000,0.010,-0.024
504.81,0.236,0,0.391,0.422,1,0.000,0.000,0.000,0.000,0.000,0.000,0.020,-0.026
505.01,0.236,0,0.391,0.420,1,0.000,0.000,0.000,0.000,0.000,0.000,0.013,-0.030
505.21,0.237,0,0.391,0.420,1,0.000,0.000,0.000,0.000,0.000,0.000,0.013,-0.030
505.41,0.239,0,0.391,0.420,1,0.000,0.000,0.000,0.000,0.000,0.000,0.007,-0.018
505.61,0.240,0,0.391,0.421,1,0.000,0.000,0.000,0.000,0.000,0.000,0.012,-0.022
505.81,0.240,0,0.391,0.421,1,0.000,0.000,0.000,0.000,0.000,0.000,0.013,-0.028
506.01,0.236,0,0.388,0.420,1,0.000,0.000,0.000,0.000,0.000,0.000,0.013,-0.028
506.21,0.233,0,0.388,0.420,1,0.000,0.000,0.000,0.000,0.000,0.000,0.019,-0.030
506.41,0.240,0,0.388,0.420,1,0.000,0.000,0.000,0.000,0.000,0.000,0.013,-0.027
506.61,0.284,0,0.391,0.421,1,0.000,0.000,0.000,0.000,0.000,0.000,0.014,-0.025
506.81,0.284,0,0.391,0.421,1,0.000,0.000,0.000,0.000,0.000,0.000,0.018,-0.024
507.01,0.381,0,0.391,0.421,1,0.000,0.000,0.000,0.000,0.000,0.000,0.018,-0.024
507.21,0.377,0,0.391,0.421,1,0.000,0.000,0.000,0.000,0.000,0.000,0.021,-0.021
507.41,0.382,0,0.391,0.421,1,0.000,0.000,0.000,0.000,0.000,0.000,0.020,-0.018
507.61,0.382,0,0.392,0.421,1,0.000,0.000,0.000,0.000,0.000,0.000,0.025,-0.021
507.81,0.376,0,0.392,0.421,1,0.000,0.000,0.000,0.000,0.000,0.000,0.025,-0.021
508.01,0.382,0,0.392,0.421,1,0.000,0.000,0.000,0.000,0.000,0.000,0.033,-0.021
508.21,0.382,0,0.392,0.421,1,0.000,0.000,0.000,0.000,0.000,0.000,0.025,-0.027
508.41,0.380,0,0.392,0.421,1,0.000,0.000,0.000,0.000,0.000,0.000,0.030,-0.015
508.61,0.380,0,0.391,0.421,1,0.000,0.000,0.000,0.000,0.000,0.000,0.027,-0.017
508.81,0.381,0,0.391,0.421,1,0.000,0.000,0.000,0.000,0.000,0.000,0.027,-0.017
509.01,0.380,0,0.391,0.421,1,0.000,0.000,0.000,0.000,0.000,0.000,0.028,-0.015
509.21,0.382,0,0.391,0.421,1,0.000,0.000,0.000,0.000,0.000,0.000,0.019,-0.017
509.41,0.382,0,0.391,0.421,1,0.000,0.000,0.000,0.000,0.000,0.000,0.024,-0.020
509.61,0.381,0,0.391,0.421,1,0.000,0.000,0.000,0.000,0.000,0.000,0.024,-0.020
509.81,0.378,0,0.391,0.421,1,0.000,0.000,0.000,0.000,0.000,0.000,0.021,-0.015
510.01,0.381,0,0.391,0.421,1,0.000,0.000,0.000,0.000,0.000,0.000,0.017,-0.021
510.21,0.381,0,0.391,0.421,1,0.000,0.000,0.000,0.000,0.000,0.000,0.018,-0.024
510.41,0.381,0,0.391,0.421,1,0.000,0.000,0.000,0.000,0.000,0.000,0.024,-0.015
510.61,0.380,0,0.391,0.420,1,0.000,0.000,0.000,0.000,0.000,0.000,0.024,-0.015
510.81,0.377,0,0.391,0.420,1,0.000,0.000,0.000,0.000,0.000,0.000,0.017,-0.018
511.01,0.377,0,0.388,0.422,1,0.000,0.000,0.000,0.000,0.000,0.000,0.016,-0.013
511.21,0.377,0,0.388,0.422,1,0.000,0.000,0.000,0.000,0.000,0.000,0.013,-0.005
511.41,0.381,0,0.388,0.422,1,0.000,0.000,0.000,0.000,0.000,0.000,0.013,-0.005
511.61,0.377,0,0.388,0.421,1,0.000,0.000,0.000,0.000,0.000,0.000,0.017,-0.002
511.81,0.378,0,0.388,0.421,1,0.000,0.000,0.000,0.000,0.000,0.000,0.016,-0.003
512.01,0.380,0,0.391,0.420,1,0.000,0.000,0.000,0.000,0.000,0.000,-0.000,0.008
512.21,0.380,0,0.391,0.420,1,0.000,0.000,0.000,0.000,0.000,0.000,0.011,0.001
512.41,0.377,0,0.391,0.420,1,0.000,0.000,0.000,0.000,0.000,0.000,0.011,0.001
512.61,0.380,0,0.388,0.421,1,0.000,0.000,0.000,0.000,0.000,0.000,0.012,-0.008
512.81,0.381,0,0.388,0.421,1,0.000,0.000,0.000,0.000,0.000,0.000,0.014,-0.004
513.01,0.381,0,0.391,0.421,1,0.000,0.000,0.000,0.000,0.000,0.000,-0.001,0.001
513.21,0.382,0,0.391,0.421,1,0.000,0.000,0.000,0.000,0.000,0.000,-0.001,0.001
513.41,0.146,0,0.391,0.421,1,0.000,0.000,0.000,0.000,0.000,0.000,0.005,-0.002
513.61,0.382,0,0.391,0.421,1,0.000,0.000,0.000,0.000,0.000,0.000,0.023,-0.006
513.81,0.380,0,0.391,0.421,1,0.000,0.000,0.000,0.000,0.000,0.000,0.013,-0.016
514.01,0.380,0,0.391,0.421,1,0.000,0.000,0.000,0.000,0.000,0.000,0.012,-0.012
514.21,0.382,0,0.391,0.421,1,0.000,0.000,0.000,0.000,0.000,0.000,0.012,-0.012
514.41,0.379,0,0.391,0.421,1,0.000,0.000,0.000,0.000,0.000,0.000,0.010,-0.005
514.61,0.378,0,0.390,0.420,1,0.000,0.000,0.000,0.000,0.000,0.000,0.008,-0.005
514.81,0.378,0,0.390,0.420,1,0.000,0.000,0.000,0.000,0.000,0.000,0.013,-0.016
515.01,0.381,0,0.391,0.421,1,0.000,0.000,0.000,0.000,0.000,0.000,0.013,-0.016
515.21,0.378,0,0.391,0.421,1,0.000,0.000,0.000,0.000,0.000,0.000,0.016,-0.007
515.41,0.379,0,0.391,0.421,1,0.000,0.000,0.000,0.000,0.000,0.000,0.010,-0.010
515.61,0.377,0,0.390,0.420,1,0.000,0.000,0.000,0.000,0.000,0.000,0.013,-0.007
515.81,0.377,0,0.390,0.420,1,0.000,0.000,0.000,0.000,0.000,0.000,0.014,-0.009
516.01,0.382,0,0.392,0.422,1,0.000,0.000,0.000,0.000,0.000,0.000,0.014,-0.009
516.21,0.377,0,0.392,0.422,1,0.000,0.000,0.000,0.000,0.000,0.000,0.016,-0.006
516.41,0.377,0,0.392,0.422,1,0.000,0.000,0.000,0.000,0.000,0.000,0.015,-0.019
516.61,0.377,0,0.388,0.421,1,0.000,0.000,0.000,0.000,0.000,0.000,0.017,-0.017
516.81,0.379,0,0.388,0.421,1,0.000,0.000,0.000,0.000,0.000,0.000,0.013,-0.017
517.01,0.377,0,0.388,0.420,1,0.000,0.000,0.000,0.000,0.000,0.000,0.013,-0.017
517.21,0.378,0,0.388,0.420,1,0.000,0.000,0.000,0.000,0.000,0.000,0.016,-0.018
517.41,0.378,0,0.388,0.420,1,0.000,0.000,0.000,0.000,0.000,0.000,0.019,-0.011
517.61,0.378,0,0.389,0.421,1,0.000,0.000,0.000,0.000,0.000,0.000,0.010,-0.016
517.81,0.379,0,0.389,0.421,1,0.000,0.000,0.000,0.000,0.000,0.000,0.010,-0.016
518.01,0.379,0,0.390,0.421,1,0.000,0.000,0.000,0.000,0.000,0.000,0.017,-0.013
518.21,0.377,0,0.390,0.421,1,0.000,0.000,0.000,0.000,0.000,0.000,0.021,-0.017
518.41,0.377,0,0.390,0.421,1,0.000,0.000,0.000,0.000,0.000,0.000,0.017,-0.015
518.61,0.377,0,0.388,0.421,1,0.000,0.000,0.000,0.000,0.000,0.000,0.010,-0.022
518.81,0.382,0,0.388,0.421,1,0.000,0.000,0.000,0.000,0.000,0.000,0.010,-0.022
519.01,0.381,0,0.391,0.421,1,0.000,0.000,0.000,0.000,0.000,0.000,0.015,-0.019
519.21,0.381,0,0.391,0.421,1,0.000,0.000,0.000,0.000,0.000,0.000,0.019,-0.014
519.41,0.381,0,0.391,0.421,1,0.000,0.000,0.000,0.000,0.000,0.000,0.014,-0.018
519.61,0.382,0,0.392,0.421,1,0.000,0.000,0.000,0.000,0.000,0.000,0.014,-0.018
519.81,0.382,0,0.392,0.421,1,0.000,0.000,0.000,0.000,0.000,0.000,0.016,-0.013
520.01,0.382,0,0.392,0.420,1,0.000,0.000,0.000,0.000,0.000,0.000,0.012,-0.017
520.21,0.382,0,0.392,0.420,1,0.000,0.000,0.000,0.000,0.000,0.000,0.016,-0.014
520.41,0.381,0,0.392,0.420,1,0.000,0.000,0.000,0.000,0.000,0.000,0.011,-0.014
520.61,0.377,0,0.388,0.421,1,0.000,0.000,0.000,0.000,0.000,0.000,0.011,-0.014
520.81,0.379,0,0.388,0.421,1,0.000,0.000,0.000,0.000,0.000,0.000,0.010,-0.014
521.01,0.378,0,0.389,0.422,1,0.000,0.000,0.000,0.000,0.000,0.000,0.016,-0.015
521.21,0.378,0,0.389,0.422,1,0.000,0.000,0.000,0.000,0.000,0.000,0.020,-0.014
521.41,0.377,0,0.389,0.422,1,0.000,0.000,0.000,0.000,0.000,0.000,0.020,-0.014
521.61,0.382,0,0.388,0.421,1,0.000,0.000,0.000,0.000,0.000,0.000,0.013,-0.017
521.81,0.377,0,0.388,0.421,1,0.000,0.000,0.000,0.000,0.000,0.000,0.016,-0.022
522.01,0.377,0,0.388,0.420,1,0.000,0.000,0.000,0.000,0.000,0.000,0.018,-0.018
522.21,0.382,0,0.388,0.420,1,0.000,0.000,0.000,0.000,0.000,0.000,0.015,-0.017
522.41,0.377,0,0.388,0.420,1,0.000,0.000,0.000,0.000,0.000,0.000,0.015,-0.017
522.61,0.378,0,0.388,0.420,1,0.000,0.000,0.000,0.000,0.000,0.000,0.016,-0.014
522.81,0.381,0,0.388,0.420,1,0.000,0.000,0.000,0.000,0.000,0.000,0.015,-0.018
523.01,0.381,0,0.391,0.422,1,0.000,0.000,0.000,0.000,0.000,0.000,0.017,-0.014
523.21,0.382,0,0.391,0.422,1,0.000,0.000,0.000,0.000,0.000,0.000,0.017,-0.014
523.41,0.382,0,0.391,0.422,1,0.000,0.000,0.000,0.000,0.000,0.000,0.013,-0.017
523.61,0.382,0,0.392,0.422,1,0.000,0.000,0.000,0.000,0.000,0.000,0.016,-0.010
523.81,0.382,0,0.392,0.422,1,0.000,0.000,0.000,0.000,0.000,0.000,0.014,-0.015
524.01,0.325,0,0.389,0.421,1,0.000,0.000,0.000,0.000,0.000,0.000,0.021,-0.015
524.21,0.382,0,0.389,0.421,1,0.000,0.000,0.000,0.000,0.000,0.000,0.021,-0.015
524.41,0.378,0,0.389,0.421,1,0.000,0.000,0.000,0.000,0.000,0.000,0.009,-0.011
524.61,0.377,0,0.389,0.422,1,0.000,0.000,0.000,0.000,0.000,0.000,0.015,-0.014
524.81,0.377,0,0.389,0.422,1,0.000,0.000,0.000,0.000,0.000,0.000,0.020,-0.014
525.01,0.382,0,0.392,0.421,1,0.000,0.000,0.000,0.000,0.000,0.000,0.020,-0.014
525.21,0.377,0,0.392,0.421,1,0.000,0.000,0.000,0.000,0.000,0.000,0.019,-0.017
525.41,0.380,0,0.392,0.421,1,0.000,0.000,0.000,0.000,0.000,0.000,0.012,-0.014
525.61,0.378,0,0.391,0.421,1,0.000,0.000,0.000,0.000,0.000,0.000,0.018,-0.011
525.81,0.378,0,0.391,0.421,1,0.000,0.000,0.000,0.000,0.000,0.000,0.015,-0.011
526.01,0.378,0,0.389,0.421,1,0.000,0.000,0.000,0.000,0.000,0.000,0.015,-0.011
526.21,0.378,0,0.389,0.421,1,0.000,0.000,0.000,0.000,0.000,0.000,0.010,-0.015
526.41,0.381,0,0.389,0.421,1,0.000,0.000,0.000,0.000,0.000,0.000,0.013,-0.014
526.61,0.381,0,0.391,0.422,1,0.000,0.000,0.000,0.000,0.000,0.000,0.017,-0.016
526.81,0.382,0,0.391,0.422,1,0.000,0.000,0.000,0.000,0.000,0.000,0.017,-0.016
527.01,0.381,0,0.391,0.421,1,0.000,0.000,0.000,0.000,0.000,0.000,0.021,-0.016
527.21,0.380,0,0.391,0.421,1,0.000,0.000,0.000,0.000,0.000,0.000,0.014,-0.014
527.41,0.383,0,0.391,0.421,1,0.000,0.000,0.000,0.000,0.000,0.000,0.015,-0.013
