t,min_range,blocked,lidar_range,camera_range,agree,cmd_in_vx,cmd_in_vy,cmd_in_wz,cmd_out_vx,cmd_out_vy,cmd_out_wz,odom_x,odom_y
0.21,nan,0,nan,nan,0,0.000,0.000,0.000,0.000,0.000,0.000,0.000,0.000
0.41,nan,0,nan,nan,0,0.000,0.000,0.000,0.000,0.000,0.000,0.000,0.000
0.61,nan,0,nan,nan,0,0.000,0.000,0.000,0.000,0.000,0.000,0.000,0.000
0.81,nan,0,nan,nan,0,0.000,0.000,0.000,0.000,0.000,0.000,0.000,0.000
1.01,nan,0,nan,nan,0,0.000,0.000,0.000,0.000,0.000,0.000,0.000,0.000
1.21,nan,0,nan,nan,0,0.000,0.000,0.000,0.000,0.000,0.000,0.000,0.000
1.41,nan,0,nan,nan,0,0.000,0.000,0.000,0.000,0.000,0.000,0.000,0.000
1.61,nan,0,nan,nan,0,0.000,0.000,0.000,0.000,0.000,0.000,0.000,0.000
1.81,nan,0,nan,nan,0,0.000,0.000,0.000,0.000,0.000,0.000,0.000,0.000
2.01,nan,0,nan,nan,0,0.000,0.000,0.000,0.000,0.000,0.000,0.000,0.000
2.21,nan,0,nan,nan,0,0.000,0.000,0.000,0.000,0.000,0.000,0.000,0.000
2.41,nan,0,nan,nan,0,0.000,0.000,0.000,0.000,0.000,0.000,0.000,0.000
2.61,nan,0,nan,nan,0,0.000,0.000,0.000,0.000,0.000,0.000,0.000,0.000
2.81,0.199,0,nan,nan,0,0.000,0.000,0.000,0.000,0.000,0.000,0.000,0.000
3.01,0.191,0,nan,nan,0,0.000,0.000,0.000,0.000,0.000,0.000,0.000,0.000
3.21,0.106,0,nan,nan,0,0.000,0.000,0.000,0.000,0.000,0.000,0.022,-0.015
3.41,0.108,0,0.798,0.519,0,0.000,0.000,0.000,0.000,0.000,0.000,0.010,-0.010
3.61,0.106,0,0.798,0.519,0,0.000,0.000,0.000,0.000,0.000,0.000,0.017,-0.027
3.81,0.251,0,0.798,0.519,0,0.000,0.000,0.000,0.000,0.000,0.000,0.012,-0.028
4.01,0.106,0,0.806,0.519,0,0.000,0.000,0.000,0.000,0.000,0.000,0.012,-0.010
4.21,0.108,0,0.806,0.519,0,0.000,0.000,0.000,0.000,0.000,0.000,0.003,-0.003
4.41,0.105,0,0.859,0.519,0,0.000,0.000,0.000,0.000,0.000,0.000,0.016,-0.016
4.61,0.106,0,0.859,0.519,0,0.000,0.000,0.000,0.000,0.000,0.000,0.003,-0.012
4.81,0.473,0,0.859,0.519,0,0.000,0.000,0.000,0.000,0.000,0.000,-0.005,-0.009
5.01,0.105,0,0.875,0.520,0,0.000,0.000,0.000,0.000,0.000,0.000,0.005,-0.006
5.21,0.368,0,0.875,0.520,0,0.000,0.000,0.000,0.000,0.000,0.000,0.004,-0.003
5.41,0.106,0,0.853,0.519,0,0.000,0.000,0.000,0.000,0.000,0.000,0.003,-0.014
5.61,0.105,0,0.853,0.519,0,0.000,0.000,0.000,0.000,0.000,0.000,-0.004,-0.016
5.81,0.486,0,0.853,0.519,0,0.000,0.000,0.000,0.000,0.000,0.000,-0.005,-0.008
6.01,0.105,0,0.831,0.519,0,0.000,0.000,0.000,0.000,0.000,0.000,0.001,-0.001
6.21,0.108,0,0.831,0.519,0,0.000,0.000,0.000,0.000,0.000,0.000,-0.002,0.001
6.41,0.106,0,0.823,0.519,0,0.000,0.000,0.000,0.000,0.000,0.000,-0.001,-0.002
6.61,0.105,0,0.823,0.519,0,0.000,0.000,0.000,0.000,0.000,0.000,0.002,-0.000
6.81,0.486,0,0.823,0.519,0,0.000,0.000,0.000,0.000,0.000,0.000,0.003,-0.006
7.01,0.387,0,0.822,0.519,0,0.000,0.000,0.000,0.000,0.000,0.000,-0.002,-0.010
7.21,0.106,0,0.822,0.519,0,0.000,0.000,0.000,0.000,0.000,0.000,0.005,-0.011
7.41,0.387,0,0.815,0.519,0,0.000,0.000,0.000,0.000,0.000,0.000,0.004,-0.009
7.61,0.106,0,0.815,0.519,0,0.000,0.000,0.000,0.000,0.000,0.000,0.004,-0.015
7.81,0.108,0,0.815,0.519,0,0.000,0.000,0.000,0.000,0.000,0.000,0.002,-0.005
8.01,0.387,0,0.813,0.519,0,0.000,0.000,0.000,0.000,0.000,0.000,0.030,-0.005
8.21,0.479,0,0.813,0.519,0,0.000,0.000,0.000,0.000,0.000,0.000,0.026,0.014
8.41,0.105,0,0.391,0.546,1,0.000,0.000,0.000,0.000,0.000,0.000,0.010,0.011
8.61,0.108,0,0.391,0.546,1,0.000,0.000,0.000,0.000,0.000,0.000,0.012,0.010
8.81,0.106,0,0.391,0.546,1,0.000,0.000,0.000,0.000,0.000,0.000,0.019,0.008
9.01,0.106,0,0.386,0.543,1,0.000,0.000,0.000,0.000,0.000,0.000,0.010,0.017
9.21,0.106,0,0.386,0.543,1,0.000,0.000,0.000,0.000,0.000,0.000,0.016,0.004
9.41,0.106,0,0.759,0.540,0,0.000,0.000,0.000,0.000,0.000,0.000,0.006,-0.002
9.61,0.106,0,0.759,0.540,0,0.000,0.000,0.000,0.000,0.000,0.000,0.012,0.014
9.81,0.375,0,0.759,0.540,0,0.000,0.000,0.000,0.000,0.000,0.000,0.011,-0.000
10.01,0.106,0,0.387,0.540,1,0.000,0.000,0.000,0.000,0.000,0.000,-0.005,-0.003
10.21,0.106,0,0.387,0.540,1,0.000,0.000,0.000,0.000,0.000,0.000,-0.003,-0.002
10.41,0.108,0,0.678,0.545,1,0.000,0.000,0.000,0.000,0.000,0.000,0.002,-0.014
10.61,0.387,0,0.678,0.545,1,0.000,0.000,0.000,0.000,0.000,0.000,-0.004,-0.016
10.81,0.106,0,0.678,0.545,1,0.000,0.000,0.000,0.000,0.000,0.000,0.005,-0.029
11.01,0.108,0,0.809,0.526,0,0.000,0.000,0.000,0.000,0.000,0.000,-0.000,-0.038
11.21,0.398,0,0.809,0.526,0,0.000,0.000,0.000,0.000,0.000,0.000,0.004,-0.034
11.41,0.105,0,0.812,0.525,0,0.000,0.000,0.000,0.000,0.000,0.000,0.003,-0.024
11.61,0.105,0,0.812,0.525,0,0.000,0.000,0.000,0.000,0.000,0.000,0.008,-0.030
11.81,0.484,0,0.812,0.525,0,0.000,0.000,0.000,0.000,0.000,0.000,0.006,-0.015
12.01,0.105,0,0.811,0.525,0,0.000,0.000,0.000,0.000,0.000,0.000,0.007,-0.029
12.21,0.105,0,0.811,0.525,0,0.000,0.000,0.000,0.000,0.000,0.000,-0.003,-0.010
12.41,0.105,0,0.811,0.525,0,0.000,0.000,0.000,0.000,0.000,0.000,0.007,-0.026
12.61,0.106,0,0.811,0.525,0,0.000,0.000,0.000,0.000,0.000,0.000,0.010,-0.013
12.81,0.484,0,0.811,0.525,0,0.000,0.000,0.000,0.000,0.000,0.000,0.001,-0.013
13.01,0.105,0,0.811,0.525,0,0.000,0.000,0.000,0.000,0.000,0.000,-0.008,-0.031
13.21,0.108,0,0.811,0.525,0,0.000,0.000,0.000,0.000,0.000,0.000,-0.011,-0.024
13.41,0.108,0,0.814,0.525,0,0.000,0.000,0.000,0.000,0.000,0.000,0.010,-0.047
13.61,0.105,0,0.814,0.525,0,0.000,0.000,0.000,0.000,0.000,0.000,0.017,-0.020
13.81,0.105,0,0.814,0.525,0,0.000,0.000,0.000,0.000,0.000,0.000,0.014,-0.016
14.01,0.484,0,0.811,0.525,0,0.000,0.000,0.000,0.000,0.000,0.000,0.001,-0.013
14.21,0.398,0,0.811,0.525,0,0.000,0.000,0.000,0.000,0.000,0.000,-0.010,-0.026
14.41,0.108,0,0.810,0.525,0,0.000,0.000,0.000,0.000,0.000,0.000,-0.012,-0.026
14.61,0.108,0,0.810,0.525,0,0.000,0.000,0.000,0.000,0.000,0.000,0.008,-0.041
14.81,0.106,0,0.810,0.525,0,0.000,0.000,0.000,0.000,0.000,0.000,0.017,-0.025
15.01,0.105,0,0.809,0.525,0,0.000,0.000,0.000,0.000,0.000,0.000,-0.009,-0.039
15.21,0.105,0,0.809,0.525,0,0.000,0.000,0.000,0.000,0.000,0.000,0.012,-0.015
15.41,0.108,0,0.809,0.525,0,0.000,0.000,0.000,0.000,0.000,0.000,0.006,-0.040
15.61,0.396,0,0.809,0.525,0,0.000,0.000,0.000,0.000,0.000,0.000,0.003,-0.029
15.81,0.108,0,0.809,0.525,0,0.000,0.000,0.000,0.000,0.000,0.000,0.000,-0.040
16.01,0.106,0,0.812,0.525,0,0.000,0.000,0.000,0.000,0.000,0.000,0.008,-0.034
16.21,0.106,0,0.812,0.525,0,0.000,0.000,0.000,0.000,0.000,0.000,0.015,-0.027
16.41,0.108,0,0.814,0.522,0,0.000,0.000,0.000,0.000,0.000,0.000,-0.007,-0.042
16.61,0.108,0,0.814,0.522,0,0.000,0.000,0.000,0.000,0.000,0.000,-0.006,-0.038
16.81,0.408,0,0.814,0.522,0,0.000,0.000,0.000,0.000,0.000,0.000,-0.018,-0.037
17.01,0.108,0,0.506,0.517,1,0.000,0.000,0.000,0.000,0.000,0.000,-0.011,-0.046
17.21,0.412,0,0.506,0.517,1,0.000,0.000,0.000,0.000,0.000,0.000,0.010,-0.053
17.41,0.412,0,0.495,0.515,1,0.000,0.000,0.000,0.000,0.000,0.000,-0.002,-0.039
17.61,0.106,0,0.495,0.515,1,0.000,0.000,0.000,0.000,0.000,0.000,0.014,-0.038
17.81,0.412,0,0.495,0.515,1,0.000,0.000,0.000,0.000,0.000,0.000,0.005,-0.043
18.01,0.419,0,0.488,0.514,1,0.000,0.000,0.000,0.000,0.000,0.000,-0.009,-0.042
18.21,0.429,0,0.488,0.514,1,0.000,0.000,0.000,0.000,0.000,0.000,-0.014,-0.044
18.41,0.414,0,0.459,0.456,1,0.000,0.000,0.000,0.000,0.000,0.000,-0.018,-0.031
18.61,0.410,0,0.459,0.456,1,0.000,0.000,0.000,0.000,0.000,0.000,-0.005,-0.059
18.81,0.397,0,0.459,0.456,1,0.000,0.000,0.000,0.000,0.000,0.000,-0.008,-0.049
19.01,0.389,0,0.400,0.456,1,0.000,0.000,0.000,0.000,0.000,0.000,0.015,-0.075
19.21,0.376,0,0.400,0.456,1,0.000,0.000,0.000,0.000,0.000,0.000,0.011,-0.076
19.41,0.376,0,0.387,0.456,1,0.000,0.000,0.000,0.000,0.000,0.000,0.000,-0.065
19.61,0.382,0,0.387,0.456,1,0.000,0.000,0.000,0.000,0.000,0.000,0.020,-0.082
19.81,0.383,0,0.387,0.456,1,0.000,0.000,0.000,0.000,0.000,0.000,0.010,-0.078
20.01,0.380,0,0.391,0.469,1,0.000,0.000,0.000,0.000,0.000,0.000,0.011,-0.074
20.21,0.108,0,0.391,0.469,1,0.000,0.000,0.000,0.000,0.000,0.000,0.019,-0.069
20.41,0.401,0,0.419,0.468,1,0.000,0.000,0.000,0.000,0.000,0.000,0.029,-0.057
20.61,0.418,0,0.419,0.468,1,0.000,0.000,0.000,0.000,0.000,0.000,0.046,-0.035
20.81,0.446,0,0.419,0.468,1,0.000,0.000,0.000,0.000,0.000,0.000,0.023,-0.021
21.01,0.106,0,0.806,0.513,0,0.000,0.000,0.000,0.000,0.000,0.000,0.034,-0.012
21.21,0.106,0,0.806,0.513,0,0.000,0.000,0.000,0.000,0.000,0.000,0.028,-0.011
21.41,0.106,0,0.820,0.541,0,0.000,0.000,0.000,0.000,0.000,0.000,0.013,0.005
21.61,0.108,0,0.820,0.541,0,0.000,0.000,0.000,0.000,0.000,0.000,0.021,-0.026
21.81,0.106,0,0.820,0.541,0,0.000,0.000,0.000,0.000,0.000,0.000,0.008,-0.008
22.01,0.108,0,0.835,0.565,0,0.000,0.000,0.000,0.000,0.000,0.000,0.017,-0.026
22.21,0.108,0,0.835,0.565,0,0.000,0.000,0.000,0.000,0.000,0.000,0.009,-0.011
22.41,0.105,0,0.833,0.535,0,0.000,0.000,0.000,0.000,0.000,0.000,-0.004,-0.005
22.61,0.380,0,0.833,0.535,0,0.000,0.000,0.000,0.000,0.000,0.000,0.006,-0.013
22.81,0.105,0,0.833,0.535,0,0.000,0.000,0.000,0.000,0.000,0.000,0.007,-0.008
23.01,0.105,0,0.669,0.537,1,0.000,0.000,0.000,0.000,0.000,0.000,0.007,-0.014
23.21,0.387,0,0.669,0.537,1,0.000,0.000,0.000,0.000,0.000,0.000,0.008,-0.013
23.41,0.106,0,0.870,0.540,0,0.000,0.000,0.000,0.000,0.000,0.000,0.011,-0.011
23.61,0.106,0,0.870,0.540,0,0.000,0.000,0.000,0.000,0.000,0.000,0.006,-0.002
23.81,0.108,0,0.870,0.540,0,0.000,0.000,0.000,0.000,0.000,0.000,0.006,-0.009
24.01,0.105,0,0.874,0.539,0,0.000,0.000,0.000,0.000,0.000,0.000,-0.008,-0.005
24.21,0.108,0,0.874,0.539,0,0.000,0.000,0.000,0.000,0.000,0.000,0.011,-0.010
24.41,0.106,0,0.865,0.541,0,0.000,0.000,0.000,0.000,0.000,0.000,0.006,-0.007
24.61,0.380,0,0.865,0.541,0,0.000,0.000,0.000,0.000,0.000,0.000,-0.006,-0.001
24.81,0.478,0,0.865,0.541,0,0.000,0.000,0.000,0.000,0.000,0.000,-0.010,-0.006
25.01,0.380,0,0.860,0.542,0,0.000,0.000,0.000,0.000,0.000,0.000,0.010,-0.008
25.21,0.105,0,0.860,0.542,0,0.000,0.000,0.000,0.000,0.000,0.000,0.002,-0.009
25.41,0.108,0,0.856,0.540,0,0.000,0.000,0.000,0.000,0.000,0.000,0.013,-0.006
25.61,0.105,0,0.856,0.540,0,0.000,0.000,0.000,0.000,0.000,0.000,0.007,-0.016
25.81,0.380,0,0.856,0.540,0,0.000,0.000,0.000,0.000,0.000,0.000,0.002,-0.008
26.01,0.477,0,0.856,0.543,0,0.000,0.000,0.000,0.000,0.000,0.000,0.003,-0.016
26.21,0.106,0,0.856,0.543,0,0.000,0.000,0.000,0.000,0.000,0.000,0.020,-0.015
26.41,0.108,0,0.649,0.541,1,0.000,0.000,0.000,0.000,0.000,0.000,0.019,-0.018
26.61,0.380,0,0.649,0.541,1,0.000,0.000,0.000,0.000,0.000,0.000,-0.004,-0.008
26.81,0.108,0,0.649,0.541,1,0.000,0.000,0.000,0.000,0.000,0.000,0.011,-0.013
27.01,0.377,0,0.404,0.452,1,0.000,0.000,0.000,0.000,0.000,0.000,0.021,0.014
27.21,0.105,0,0.404,0.452,1,0.000,0.000,0.000,0.000,0.000,0.000,0.009,0.009
27.41,0.373,0,0.384,0.399,1,0.000,0.000,0.000,0.000,0.000,0.000,-0.016,-0.006
27.61,0.105,0,0.384,0.399,1,0.000,0.000,0.000,0.000,0.000,0.000,-0.025,0.011
27.81,0.106,0,0.384,0.399,1,0.000,0.000,0.000,0.000,0.000,0.000,-0.010,0.007
28.01,0.105,0,0.383,0.408,1,0.000,0.000,0.000,0.000,0.000,0.000,-0.009,0.019
28.21,0.370,0,0.383,0.408,1,0.000,0.000,0.000,0.000,0.000,0.000,-0.008,0.025
28.41,0.106,0,0.378,0.407,1,0.000,0.000,0.000,0.000,0.000,0.000,-0.010,0.018
28.61,0.361,0,0.378,0.407,1,0.000,0.000,0.000,0.000,0.000,0.000,-0.004,0.036
28.81,0.356,0,0.378,0.407,1,0.000,0.000,0.000,0.000,0.000,0.000,-0.019,0.031
29.01,0.354,0,0.368,0.404,1,0.000,0.000,0.000,0.000,0.000,0.000,-0.029,0.045
29.21,0.108,0,0.368,0.404,1,0.000,0.000,0.000,0.000,0.000,0.000,-0.036,0.056
29.41,0.108,0,0.373,0.417,1,0.000,0.000,0.000,0.000,0.000,0.000,-0.021,0.053
29.61,0.364,0,0.373,0.417,1,0.000,0.000,0.000,0.000,0.000,0.000,-0.038,0.062
29.81,0.370,0,0.373,0.417,1,0.000,0.000,0.000,0.000,0.000,0.000,-0.063,0.066
30.01,0.382,0,0.386,0.414,1,0.000,0.000,0.000,0.000,0.000,0.000,-0.054,0.066
30.21,0.382,0,0.386,0.414,1,0.000,0.000,0.000,0.000,0.000,0.000,-0.056,0.066
30.41,0.108,0,0.398,0.352,1,0.000,0.000,0.000,0.000,0.000,0.000,-0.066,0.046
30.61,0.108,0,0.398,0.352,1,0.000,0.000,0.000,0.000,0.000,0.000,-0.071,0.048
30.81,0.393,0,0.398,0.352,1,0.000,0.000,0.000,0.000,0.000,0.000,-0.081,0.027
31.01,0.106,0,0.403,0.357,1,0.000,0.000,0.000,0.000,0.000,0.000,-0.083,0.047
31.21,0.105,0,0.403,0.357,1,0.000,0.000,0.000,0.000,0.000,0.000,-0.095,0.050
31.41,0.106,0,0.393,0.356,1,0.000,0.000,0.000,0.000,0.000,0.000,-0.095,0.057
31.61,0.105,0,0.393,0.356,1,0.000,0.000,0.000,0.000,0.000,0.000,-0.094,0.058
31.81,0.108,0,0.393,0.356,1,0.000,0.000,0.000,0.000,0.000,0.000,-0.082,0.036
32.01,0.373,0,0.384,0.358,1,0.000,0.000,0.000,0.000,0.000,0.000,-0.121,0.032
32.21,0.371,0,0.384,0.358,1,0.000,0.000,0.000,0.000,0.000,0.000,-0.093,0.038
32.41,0.367,0,0.378,0.360,1,0.000,0.000,0.000,0.000,0.000,0.000,-0.115,0.035
32.61,0.366,0,0.378,0.360,1,0.000,0.000,0.000,0.000,0.000,0.000,-0.101,0.038
32.81,0.105,0,0.378,0.360,1,0.000,0.000,0.000,0.000,0.000,0.000,-0.120,0.050
33.01,0.106,0,0.374,0.360,1,0.000,0.000,0.000,0.000,0.000,0.000,-0.101,0.044
33.21,0.362,0,0.374,0.360,1,0.000,0.000,0.000,0.000,0.000,0.000,-0.116,0.041
33.41,0.105,0,0.373,0.361,1,0.000,0.000,0.000,0.000,0.000,0.000,-0.114,0.034
33.61,0.105,0,0.373,0.361,1,0.000,0.000,0.000,0.000,0.000,0.000,-0.117,0.036
33.81,0.106,0,0.373,0.361,1,0.000,0.000,0.000,0.000,0.000,0.000,-0.114,0.040
34.01,0.106,0,0.372,0.360,1,0.000,0.000,0.000,0.000,0.000,0.000,-0.105,0.043
34.21,0.108,0,0.372,0.360,1,0.000,0.000,0.000,0.000,0.000,0.000,-0.092,0.044
34.41,0.105,0,0.370,0.353,1,0.000,0.000,0.000,0.000,0.000,0.000,-0.093,0.042
34.61,0.106,0,0.370,0.353,1,0.000,0.000,0.000,0.000,0.000,0.000,-0.078,0.040
34.81,0.106,0,0.370,0.353,1,0.000,0.000,0.000,0.000,0.000,0.000,-0.080,0.047
35.01,0.108,0,0.376,0.337,1,0.000,0.000,0.000,0.000,0.000,0.000,-0.072,0.041
35.21,0.105,0,0.376,0.337,1,0.000,0.000,0.000,0.000,0.000,0.000,-0.064,0.030
35.41,0.106,0,0.396,0.328,1,0.000,0.000,0.000,0.000,0.000,0.000,-0.063,0.031
35.61,0.108,0,0.396,0.328,1,0.000,0.000,0.000,0.000,0.000,0.000,-0.056,0.056
35.81,0.373,0,0.396,0.328,1,0.000,0.000,0.000,0.000,0.000,0.000,-0.046,0.041
36.01,0.369,0,0.382,0.353,1,0.000,0.000,0.000,0.000,0.000,0.000,-0.047,0.041
36.21,0.367,0,0.382,0.353,1,0.000,0.000,0.000,0.000,0.000,0.000,-0.031,0.048
36.41,0.106,0,0.376,0.424,1,0.000,0.000,0.000,0.000,0.000,0.000,-0.052,0.044
36.61,0.106,0,0.376,0.424,1,0.000,0.000,0.000,0.000,0.000,0.000,-0.030,0.050
36.81,0.363,0,0.376,0.424,1,0.000,0.000,0.000,0.000,0.000,0.000,-0.044,0.058
37.01,0.106,0,0.374,0.421,1,0.000,0.000,0.000,0.000,0.000,0.000,-0.033,0.052
37.21,0.108,0,0.374,0.421,1,0.000,0.000,0.000,0.000,0.000,0.000,-0.042,0.032
37.41,0.108,0,0.373,0.419,1,0.000,0.000,0.000,0.000,0.000,0.000,-0.043,0.049
37.61,0.108,0,0.373,0.419,1,0.000,0.000,0.000,0.000,0.000,0.000,-0.029,0.034
37.81,0.324,0,0.373,0.419,1,0.000,0.000,0.000,0.000,0.000,0.000,-0.030,0.022
38.01,0.108,0,0.336,0.415,1,0.000,0.000,0.000,0.000,0.000,0.000,-0.031,0.025
38.21,0.108,0,0.336,0.415,1,0.000,0.000,0.000,0.000,0.000,0.000,-0.021,0.029
38.41,0.366,0,0.377,0.413,1,0.000,0.000,0.000,0.000,0.000,0.000,-0.034,0.041
38.61,0.370,0,0.377,0.413,1,0.000,0.000,0.000,0.000,0.000,0.000,-0.024,0.032
38.81,0.105,0,0.377,0.413,1,0.000,0.000,0.000,0.000,0.000,0.000,-0.046,0.016
39.01,0.106,0,0.378,0.413,1,0.000,0.000,0.000,0.000,0.000,0.000,-0.038,0.027
39.21,0.105,0,0.378,0.413,1,0.000,0.000,0.000,0.000,0.000,0.000,-0.032,0.035
39.41,0.377,0,0.388,0.413,1,0.000,0.000,0.000,0.000,0.000,0.000,-0.041,0.019
39.61,0.106,0,0.388,0.413,1,0.000,0.000,0.000,0.000,0.000,0.000,-0.043,0.028
39.81,0.370,0,0.388,0.413,1,0.000,0.000,0.000,0.000,0.000,0.000,-0.029,0.040
40.01,0.370,0,0.381,0.413,1,0.000,0.000,0.000,0.000,0.000,0.000,-0.031,0.037
40.21,0.108,0,0.381,0.413,1,0.000,0.000,0.000,0.000,0.000,0.000,-0.033,0.041
40.41,0.106,0,0.380,0.412,1,0.000,0.000,0.000,0.000,0.000,0.000,-0.040,0.027
40.61,0.370,0,0.380,0.412,1,0.000,0.000,0.000,0.000,0.000,0.000,-0.036,0.047
40.81,0.368,0,0.380,0.412,1,0.000,0.000,0.000,0.000,0.000,0.000,-0.046,0.055
41.01,0.370,0,0.381,0.412,1,0.000,0.000,0.000,0.000,0.000,0.000,-0.053,0.030
41.21,0.106,0,0.381,0.412,1,0.000,0.000,0.000,0.000,0.000,0.000,-0.033,0.051
41.41,0.370,0,0.381,0.413,1,0.000,0.000,0.000,0.000,0.000,0.000,-0.032,0.043
41.61,0.106,0,0.381,0.413,1,0.000,0.000,0.000,0.000,0.000,0.000,-0.035,0.035
41.81,0.108,0,0.381,0.413,1,0.000,0.000,0.000,0.000,0.000,0.000,-0.047,0.054
42.01,0.105,0,0.381,0.412,1,0.000,0.000,0.000,0.000,0.000,0.000,-0.044,0.049
42.21,0.370,0,0.381,0.412,1,0.000,0.000,0.000,0.000,0.000,0.000,-0.045,0.054
42.41,0.105,0,0.381,0.412,1,0.000,0.000,0.000,0.000,0.000,0.000,-0.063,0.039
42.61,0.106,0,0.381,0.412,1,0.000,0.000,0.000,0.000,0.000,0.000,-0.051,0.042
42.81,0.105,0,0.381,0.412,1,0.000,0.000,0.000,0.000,0.000,0.000,-0.067,0.051
43.01,0.105,0,0.381,0.413,1,0.000,0.000,0.000,0.000,0.000,0.000,-0.043,0.054
43.21,0.105,0,0.381,0.413,1,0.000,0.000,0.000,0.000,0.000,0.000,-0.047,0.052
43.41,0.105,0,0.381,0.413,1,0.000,0.000,0.000,0.000,0.000,0.000,-0.038,0.050
43.61,0.370,0,0.381,0.413,1,0.000,0.000,0.000,0.000,0.000,0.000,-0.039,0.052
43.81,0.370,0,0.381,0.413,1,0.000,0.000,0.000,0.000,0.000,0.000,-0.041,0.057
44.01,0.370,0,0.381,0.413,1,0.000,0.000,0.000,0.000,0.000,0.000,-0.033,0.055
44.21,0.370,0,0.381,0.413,1,0.000,0.000,0.000,0.000,0.000,0.000,-0.042,0.048
44.41,0.105,0,0.381,0.413,1,0.000,0.000,0.000,0.000,0.000,0.000,-0.045,0.050
44.61,0.105,0,0.381,0.413,1,0.000,0.000,0.000,0.000,0.000,0.000,-0.059,0.044
44.81,0.105,0,0.381,0.413,1,0.000,0.000,0.000,0.000,0.000,0.000,-0.039,0.051
45.01,0.105,0,0.381,0.413,1,0.000,0.000,0.000,0.000,0.000,0.000,-0.043,0.069
45.21,0.370,0,0.381,0.413,1,0.000,0.000,0.000,0.000,0.000,0.000,-0.043,0.045
45.41,0.105,0,0.382,0.413,1,0.000,0.000,0.000,0.000,0.000,0.000,-0.064,0.044
45.61,0.105,0,0.382,0.413,1,0.000,0.000,0.000,0.000,0.000,0.000,-0.063,0.044
45.81,0.106,0,0.382,0.413,1,0.000,0.000,0.000,0.000,0.000,0.000,-0.049,0.046
46.01,0.108,0,0.384,0.413,1,0.000,0.000,0.000,0.000,0.000,0.000,-0.051,0.044
46.21,0.377,0,0.384,0.413,1,0.000,0.000,0.000,0.000,0.000,0.000,-0.031,0.030
46.41,0.106,0,0.381,0.413,1,0.000,0.000,0.000,0.000,0.000,0.000,-0.054,0.038
46.61,0.105,0,0.381,0.413,1,0.000,0.000,0.000,0.000,0.000,0.000,-0.046,0.037
46.81,0.106,0,0.381,0.413,1,0.000,0.000,0.000,0.000,0.000,0.000,-0.038,0.050
47.01,0.370,0,0.381,0.413,1,0.000,0.000,0.000,0.000,0.000,0.000,-0.038,0.051
47.21,0.370,0,0.381,0.413,1,0.000,0.000,0.000,0.000,0.000,0.000,-0.035,0.052
47.41,0.108,0,0.380,0.413,1,0.000,0.000,0.000,0.000,0.000,0.000,-0.049,0.044
47.61,0.105,0,0.380,0.413,1,0.000,0.000,0.000,0.000,0.000,0.000,-0.052,0.043
47.81,0.372,0,0.380,0.413,1,0.000,0.000,0.000,0.000,0.000,0.000,-0.039,0.046
48.01,0.375,0,0.388,0.413,1,0.000,0.000,0.000,0.000,0.000,0.000,-0.032,0.047
48.21,0.375,0,0.388,0.413,1,0.000,0.000,0.000,0.000,0.000,0.000,-0.034,0.051
48.41,0.371,0,0.382,0.413,1,0.000,0.000,0.000,0.000,0.000,0.000,-0.046,0.024
48.61,0.105,0,0.382,0.413,1,0.000,0.000,0.000,0.000,0.000,0.000,-0.038,0.051
48.81,0.370,0,0.382,0.413,1,0.000,0.000,0.000,0.000,0.000,0.000,-0.062,0.060
49.01,0.370,0,0.378,0.413,1,0.000,0.000,0.000,0.000,0.000,0.000,-0.045,0.042
49.21,0.370,0,0.378,0.413,1,0.000,0.000,0.000,0.000,0.000,0.000,-0.029,0.048
49.41,0.108,0,0.380,0.413,1,0.000,0.000,0.000,0.000,0.000,0.000,-0.042,0.049
49.61,0.105,0,0.380,0.413,1,0.000,0.000,0.000,0.000,0.000,0.000,-0.058,0.044
49.81,0.105,0,0.380,0.413,1,0.000,0.000,0.000,0.000,0.000,0.000,-0.041,0.051
50.01,0.108,0,0.381,0.413,1,0.000,0.000,0.000,0.000,0.000,0.000,-0.037,0.055
50.21,0.106,0,0.381,0.413,1,0.000,0.000,0.000,0.000,0.000,0.000,-0.058,0.051
50.41,0.106,0,0.377,0.413,1,0.000,0.000,0.000,0.000,0.000,0.000,-0.048,0.065
50.61,0.108,0,0.377,0.413,1,0.000,0.000,0.000,0.000,0.000,0.000,-0.043,0.041
50.81,0.108,0,0.377,0.413,1,0.000,0.000,0.000,0.000,0.000,0.000,-0.044,0.048
51.01,0.108,0,0.380,0.413,1,0.000,0.000,0.000,0.000,0.000,0.000,-0.062,0.058
51.21,0.105,0,0.380,0.413,1,0.000,0.000,0.000,0.000,0.000,0.000,-0.061,0.052
51.41,0.370,0,0.381,0.413,1,0.000,0.000,0.000,0.000,0.000,0.000,-0.039,0.061
51.61,0.370,0,0.381,0.413,1,0.000,0.000,0.000,0.000,0.000,0.000,-0.039,0.056
51.81,0.105,0,0.381,0.413,1,0.000,0.000,0.000,0.000,0.000,0.000,-0.038,0.051
52.01,0.370,0,0.381,0.413,1,0.000,0.000,0.000,0.000,0.000,0.000,-0.039,0.050
52.21,0.370,0,0.381,0.413,1,0.000,0.000,0.000,0.000,0.000,0.000,-0.040,0.053
52.41,0.370,0,0.381,0.413,1,0.000,0.000,0.000,0.000,0.000,0.000,-0.040,0.073
52.61,0.370,0,0.381,0.413,1,0.000,0.000,0.000,0.000,0.000,0.000,-0.040,0.068
52.81,0.370,0,0.381,0.413,1,0.000,0.000,0.000,0.000,0.000,0.000,-0.042,0.057
53.01,0.370,0,0.381,0.413,1,0.000,0.000,0.000,0.000,0.000,0.000,-0.039,0.059
53.21,0.105,0,0.381,0.413,1,0.000,0.000,0.000,0.000,0.000,0.000,-0.045,0.055
53.41,0.370,0,0.381,0.413,1,0.000,0.000,0.000,0.000,0.000,0.000,-0.041,0.051
53.61,0.370,0,0.381,0.413,1,0.000,0.000,0.000,0.000,0.000,0.000,-0.041,0.054
53.81,0.106,0,0.381,0.413,1,0.000,0.000,0.000,0.000,0.000,0.000,-0.057,0.058
54.01,0.108,0,0.378,0.413,1,0.000,0.000,0.000,0.000,0.000,0.000,-0.052,0.055
54.21,0.108,0,0.378,0.413,1,0.000,0.000,0.000,0.000,0.000,0.000,-0.049,0.055
54.41,0.105,0,0.381,0.413,1,0.000,0.000,0.000,0.000,0.000,0.000,-0.066,0.056
54.61,0.105,0,0.381,0.413,1,0.000,0.000,0.000,0.000,0.000,0.000,-0.049,0.052
54.81,0.377,0,0.381,0.413,1,0.000,0.000,0.000,0.000,0.000,0.000,-0.039,0.045
55.01,0.108,0,0.381,0.413,1,0.000,0.000,0.000,0.000,0.000,0.000,-0.045,0.051
55.21,0.370,0,0.381,0.413,1,0.000,0.000,0.000,0.000,0.000,0.000,-0.060,0.037
55.41,0.105,0,0.381,0.413,1,0.000,0.000,0.000,0.000,0.000,0.000,-0.045,0.059
55.61,0.373,0,0.381,0.413,1,0.000,0.000,0.000,0.000,0.000,0.000,-0.039,0.049
55.81,0.105,0,0.381,0.413,1,0.000,0.000,0.000,0.000,0.000,0.000,-0.038,0.038
56.01,0.372,0,0.382,0.413,1,0.000,0.000,0.000,0.000,0.000,0.000,-0.040,0.046
56.21,0.105,0,0.382,0.413,1,0.000,0.000,0.000,0.000,0.000,0.000,-0.047,0.057
56.41,0.370,0,0.381,0.413,1,0.000,0.000,0.000,0.000,0.000,0.000,-0.045,0.055
56.61,0.368,0,0.381,0.413,1,0.000,0.000,0.000,0.000,0.000,0.000,-0.051,0.064
56.81,0.369,0,0.381,0.413,1,0.000,0.000,0.000,0.000,0.000,0.000,-0.053,0.056
57.01,0.370,0,0.381,0.413,1,0.000,0.000,0.000,0.000,0.000,0.000,-0.059,0.053
57.21,0.106,0,0.381,0.413,1,0.000,0.000,0.000,0.000,0.000,0.000,-0.040,0.050
57.41,0.108,0,0.381,0.413,1,0.000,0.000,0.000,0.000,0.000,0.000,-0.032,0.065
57.61,0.370,0,0.381,0.413,1,0.000,0.000,0.000,0.000,0.000,0.000,-0.036,0.048
57.81,0.106,0,0.381,0.413,1,0.000,0.000,0.000,0.000,0.000,0.000,-0.045,0.047
58.01,0.370,0,0.381,0.413,1,0.000,0.000,0.000,0.000,0.000,0.000,-0.035,0.053
58.21,0.105,0,0.381,0.413,1,0.000,0.000,0.000,0.000,0.000,0.000,-0.033,0.042
58.41,0.105,0,0.381,0.413,1,0.000,0.000,0.000,0.000,0.000,0.000,-0.057,0.038
58.61,0.105,0,0.381,0.413,1,0.000,0.000,0.000,0.000,0.000,0.000,-0.034,0.050
58.81,0.105,0,0.381,0.413,1,0.000,0.000,0.000,0.000,0.000,0.000,-0.053,0.034
59.01,0.105,0,0.381,0.413,1,0.000,0.000,0.000,0.000,0.000,0.000,-0.054,0.043
59.21,0.106,0,0.381,0.413,1,0.000,0.000,0.000,0.000,0.000,0.000,-0.045,0.054
59.41,0.106,0,0.384,0.413,1,0.000,0.000,0.000,0.000,0.000,0.000,-0.043,0.046
59.61,0.108,0,0.384,0.413,1,0.000,0.000,0.000,0.000,0.000,0.000,-0.038,0.047
59.81,0.375,0,0.384,0.413,1,0.000,0.000,0.000,0.000,0.000,0.000,-0.040,0.051
60.01,0.108,0,0.384,0.413,1,0.000,0.000,0.000,0.000,0.000,0.000,-0.032,0.047
60.21,0.108,0,0.384,0.413,1,0.000,0.000,0.000,0.000,0.000,0.000,-0.037,0.048
60.41,0.108,0,0.382,0.413,1,0.000,0.000,0.000,0.000,0.000,0.000,-0.043,0.047
60.61,0.106,0,0.382,0.413,1,0.000,0.000,0.000,0.000,0.000,0.000,-0.051,0.046
60.81,0.106,0,0.382,0.413,1,0.000,0.000,0.000,0.000,0.000,0.000,-0.060,0.059
61.01,0.106,0,0.382,0.413,1,0.000,0.000,0.000,0.000,0.000,0.000,-0.050,0.050
61.21,0.371,0,0.382,0.413,1,0.000,0.000,0.000,0.000,0.000,0.000,-0.068,0.048
61.41,0.108,0,0.381,0.413,1,0.000,0.000,0.000,0.000,0.000,0.000,-0.050,0.060
61.61,0.368,0,0.381,0.413,1,0.000,0.000,0.000,0.000,0.000,0.000,-0.050,0.065
61.81,0.370,0,0.381,0.413,1,0.000,0.000,0.000,0.000,0.000,0.000,-0.047,0.068
62.01,0.370,0,0.381,0.413,1,0.000,0.000,0.000,0.000,0.000,0.000,-0.050,0.072
62.21,0.370,0,0.381,0.413,1,0.000,0.000,0.000,0.000,0.000,0.000,-0.055,0.063
62.41,0.370,0,0.381,0.413,1,0.000,0.000,0.000,0.000,0.000,0.000,-0.059,0.060
62.61,0.370,0,0.381,0.413,1,0.000,0.000,0.000,0.000,0.000,0.000,-0.058,0.064
62.81,0.370,0,0.381,0.413,1,0.000,0.000,0.000,0.000,0.000,0.000,-0.046,0.061
63.01,0.369,0,0.380,0.413,1,0.000,0.000,0.000,0.000,0.000,0.000,-0.056,0.072
63.21,0.368,0,0.380,0.413,1,0.000,0.000,0.000,0.000,0.000,0.000,-0.055,0.068
63.41,0.368,0,0.377,0.413,1,0.000,0.000,0.000,0.000,0.000,0.000,-0.053,0.061
63.61,0.370,0,0.377,0.413,1,0.000,0.000,0.000,0.000,0.000,0.000,-0.070,0.067
63.81,0.370,0,0.377,0.413,1,0.000,0.000,0.000,0.000,0.000,0.000,-0.048,0.062
64.01,0.370,0,0.381,0.413,1,0.000,0.000,0.000,0.000,0.000,0.000,-0.048,0.059
64.21,0.368,0,0.381,0.413,1,0.000,0.000,0.000,0.000,0.000,0.000,-0.053,0.067
64.41,0.369,0,0.380,0.413,1,0.000,0.000,0.000,0.000,0.000,0.000,-0.065,0.069
64.61,0.370,0,0.380,0.413,1,0.000,0.000,0.000,0.000,0.000,0.000,-0.049,0.064
64.81,0.369,0,0.380,0.413,1,0.000,0.000,0.000,0.000,0.000,0.000,-0.055,0.063
65.01,0.370,0,0.380,0.413,1,0.000,0.000,0.000,0.000,0.000,0.000,-0.048,0.065
65.21,0.370,0,0.380,0.413,1,0.000,0.000,0.000,0.000,0.000,0.000,-0.048,0.067
65.41,0.370,0,0.381,0.413,1,0.000,0.000,0.000,0.000,0.000,0.000,-0.056,0.059
65.61,0.108,0,0.381,0.413,1,0.000,0.000,0.000,0.000,0.000,0.000,-0.051,0.066
65.81,0.370,0,0.381,0.413,1,0.000,0.000,0.000,0.000,0.000,0.000,-0.068,0.057
66.01,0.105,0,0.381,0.413,1,0.000,0.000,0.000,0.000,0.000,0.000,-0.072,0.060
66.21,0.105,0,0.381,0.413,1,0.000,0.000,0.000,0.000,0.000,0.000,-0.045,0.073
66.41,0.108,0,0.377,0.413,1,0.000,0.000,0.000,0.000,0.000,0.000,-0.048,0.050
66.61,0.105,0,0.377,0.413,1,0.000,0.000,0.000,0.000,0.000,0.000,-0.041,0.046
66.81,0.370,0,0.377,0.413,1,0.000,0.000,0.000,0.000,0.000,0.000,-0.042,0.049
67.01,0.369,0,0.381,0.413,1,0.000,0.000,0.000,0.000,0.000,0.000,-0.041,0.053
67.21,0.368,0,0.381,0.413,1,0.000,0.000,0.000,0.000,0.000,0.000,-0.054,0.063
67.41,0.370,0,0.380,0.413,1,0.000,0.000,0.000,0.000,0.000,0.000,-0.063,0.056
67.61,0.368,0,0.380,0.413,1,0.000,0.000,0.000,0.000,0.000,0.000,-0.059,0.053
67.81,0.370,0,0.380,0.413,1,0.000,0.000,0.000,0.000,0.000,0.000,-0.042,0.064
68.01,0.370,0,0.381,0.413,1,0.000,0.000,0.000,0.000,0.000,0.000,-0.042,0.052
68.21,0.370,0,0.381,0.413,1,0.000,0.000,0.000,0.000,0.000,0.000,-0.048,0.052
68.41,0.105,0,0.381,0.413,1,0.000,0.000,0.000,0.000,0.000,0.000,-0.060,0.052
68.61,0.106,0,0.381,0.413,1,0.000,0.000,0.000,0.000,0.000,0.000,-0.062,0.051
68.81,0.105,0,0.381,0.413,1,0.000,0.000,0.000,0.000,0.000,0.000,-0.063,0.055
69.01,0.370,0,0.381,0.413,1,0.000,0.000,0.000,0.000,0.000,0.000,-0.046,0.045
69.21,0.105,0,0.381,0.413,1,0.000,0.000,0.000,0.000,0.000,0.000,-0.061,0.052
69.41,0.106,0,0.381,0.413,1,0.000,0.000,0.000,0.000,0.000,0.000,-0.062,0.053
69.61,0.105,0,0.381,0.413,1,0.000,0.000,0.000,0.000,0.000,0.000,-0.059,0.052
69.81,0.106,0,0.381,0.413,1,0.000,0.000,0.000,0.000,0.000,0.000,-0.065,0.055
70.01,0.106,0,0.380,0.413,1,0.000,0.000,0.000,0.000,0.000,0.000,-0.051,0.066
70.21,0.108,0,0.380,0.413,1,0.000,0.000,0.000,0.000,0.000,0.000,-0.044,0.065
70.41,0.370,0,0.381,0.413,1,0.000,0.000,0.000,0.000,0.000,0.000,-0.044,0.074
70.61,0.370,0,0.381,0.413,1,0.000,0.000,0.000,0.000,0.000,0.000,-0.073,0.049
70.81,0.105,0,0.381,0.413,1,0.000,0.000,0.000,0.000,0.000,0.000,-0.066,0.055
71.01,0.370,0,0.381,0.413,1,0.000,0.000,0.000,0.000,0.000,0.000,-0.048,0.073
71.21,0.108,0,0.381,0.413,1,0.000,0.000,0.000,0.000,0.000,0.000,-0.041,0.064
71.41,0.106,0,0.381,0.413,1,0.000,0.000,0.000,0.000,0.000,0.000,-0.051,0.044
71.61,0.105,0,0.381,0.413,1,0.000,0.000,0.000,0.000,0.000,0.000,-0.053,0.055
71.81,0.105,0,0.381,0.413,1,0.000,0.000,0.000,0.000,0.000,0.000,-0.042,0.044
72.01,0.370,0,0.381,0.413,1,0.000,0.000,0.000,0.000,0.000,0.000,-0.041,0.059
72.21,0.370,0,0.381,0.413,1,0.000,0.000,0.000,0.000,0.000,0.000,-0.042,0.064
72.41,0.105,0,0.381,0.413,1,0.000,0.000,0.000,0.000,0.000,0.000,-0.039,0.043
72.61,0.105,0,0.381,0.413,1,0.000,0.000,0.000,0.000,0.000,0.000,-0.052,0.048
72.81,0.108,0,0.381,0.413,1,0.000,0.000,0.000,0.000,0.000,0.000,-0.046,0.068
73.01,0.105,0,0.381,0.413,1,0.000,0.000,0.000,0.000,0.000,0.000,-0.057,0.060
73.21,0.108,0,0.381,0.413,1,0.000,0.000,0.000,0.000,0.000,0.000,-0.055,0.053
73.41,0.106,0,0.381,0.413,1,0.000,0.000,0.000,0.000,0.000,0.000,-0.061,0.058
73.61,0.105,0,0.381,0.413,1,0.000,0.000,0.000,0.000,0.000,0.000,-0.065,0.055
73.81,0.105,0,0.381,0.413,1,0.000,0.000,0.000,0.000,0.000,0.000,-0.057,0.043
74.01,0.105,0,0.381,0.413,1,0.000,0.000,0.000,0.000,0.000,0.000,-0.066,0.053
74.21,0.370,0,0.381,0.413,1,0.000,0.000,0.000,0.000,0.000,0.000,-0.049,0.063
74.41,0.370,0,0.381,0.413,1,0.000,0.000,0.000,0.000,0.000,0.000,-0.045,0.072
74.61,0.370,0,0.381,0.413,1,0.000,0.000,0.000,0.000,0.000,0.000,-0.048,0.066
74.81,0.370,0,0.381,0.413,1,0.000,0.000,0.000,0.000,0.000,0.000,-0.042,0.074
75.01,0.370,0,0.381,0.413,1,0.000,0.000,0.000,0.000,0.000,0.000,-0.043,0.064
75.21,0.108,0,0.381,0.413,1,0.000,0.000,0.000,0.000,0.000,0.000,-0.052,0.058
75.41,0.106,0,0.380,0.413,1,0.000,0.000,0.000,0.000,0.000,0.000,-0.052,0.056
75.61,0.108,0,0.380,0.413,1,0.000,0.000,0.000,0.000,0.000,0.000,-0.054,0.056
75.81,0.370,0,0.380,0.413,1,0.000,0.000,0.000,0.000,0.000,0.000,-0.043,0.068
76.01,0.370,0,0.381,0.413,1,0.000,0.000,0.000,0.000,0.000,0.000,-0.043,0.047
76.21,0.106,0,0.381,0.413,1,0.000,0.000,0.000,0.000,0.000,0.000,-0.040,0.065
76.41,0.106,0,0.383,0.413,1,0.000,0.000,0.000,0.000,0.000,0.000,-0.051,0.055
76.61,0.108,0,0.383,0.413,1,0.000,0.000,0.000,0.000,0.000,0.000,-0.055,0.054
76.81,0.373,0,0.383,0.413,1,0.000,0.000,0.000,0.000,0.000,0.000,-0.046,0.062
77.01,0.377,0,0.387,0.413,1,0.000,0.000,0.000,0.000,0.000,0.000,-0.043,0.024
77.21,0.105,0,0.387,0.413,1,0.000,0.000,0.000,0.000,0.000,0.000,-0.049,0.045
77.41,0.105,0,0.382,0.413,1,0.000,0.000,0.000,0.000,0.000,0.000,-0.042,0.036
77.61,0.105,0,0.382,0.413,1,0.000,0.000,0.000,0.000,0.000,0.000,-0.042,0.043
77.81,0.108,0,0.382,0.413,1,0.000,0.000,0.000,0.000,0.000,0.000,-0.052,0.049
78.01,0.106,0,0.382,0.413,1,0.000,0.000,0.000,0.000,0.000,0.000,-0.047,0.056
78.21,0.108,0,0.382,0.413,1,0.000,0.000,0.000,0.000,0.000,0.000,-0.042,0.054
78.41,0.105,0,0.382,0.413,1,0.000,0.000,0.000,0.000,0.000,0.000,-0.055,0.032
78.61,0.106,0,0.382,0.413,1,0.000,0.000,0.000,0.000,0.000,0.000,-0.043,0.047
78.81,0.105,0,0.382,0.413,1,0.000,0.000,0.000,0.000,0.000,0.000,-0.064,0.040
79.01,0.105,0,0.382,0.413,1,0.000,0.000,0.000,0.000,0.000,0.000,-0.061,0.053
79.21,0.105,0,0.382,0.413,1,0.000,0.000,0.000,0.000,0.000,0.000,-0.066,0.054
79.41,0.105,0,0.381,0.413,1,0.000,0.000,0.000,0.000,0.000,0.000,-0.062,0.048
79.61,0.106,0,0.381,0.413,1,0.000,0.000,0.000,0.000,0.000,0.000,-0.046,0.045
79.81,0.106,0,0.381,0.413,1,0.000,0.000,0.000,0.000,0.000,0.000,-0.045,0.051
80.01,0.370,0,0.381,0.413,1,0.000,0.000,0.000,0.000,0.000,0.000,-0.046,0.070
80.21,0.370,0,0.381,0.413,1,0.000,0.000,0.000,0.000,0.000,0.000,-0.056,0.066
80.41,0.368,0,0.379,0.413,1,0.000,0.000,0.000,0.000,0.000,0.000,-0.045,0.064
80.61,0.369,0,0.379,0.413,1,0.000,0.000,0.000,0.000,0.000,0.000,-0.044,0.062
80.81,0.370,0,0.379,0.413,1,0.000,0.000,0.000,0.000,0.000,0.000,-0.036,0.034
81.01,0.105,0,0.381,0.413,1,0.000,0.000,0.000,0.000,0.000,0.000,-0.059,0.041
81.21,0.105,0,0.381,0.413,1,0.000,0.000,0.000,0.000,0.000,0.000,-0.048,0.025
81.41,0.370,0,0.380,0.413,1,0.000,0.000,0.000,0.000,0.000,0.000,-0.035,0.046
81.61,0.370,0,0.380,0.413,1,0.000,0.000,0.000,0.000,0.000,0.000,-0.070,0.056
81.81,0.370,0,0.380,0.413,1,0.000,0.000,0.000,0.000,0.000,0.000,-0.041,0.047
82.01,0.370,0,0.381,0.413,1,0.000,0.000,0.000,0.000,0.000,0.000,-0.036,0.045
82.21,0.106,0,0.381,0.413,1,0.000,0.000,0.000,0.000,0.000,0.000,-0.057,0.052
82.41,0.105,0,0.383,0.413,1,0.000,0.000,0.000,0.000,0.000,0.000,-0.068,0.050
82.61,0.373,0,0.383,0.413,1,0.000,0.000,0.000,0.000,0.000,0.000,-0.039,0.047
82.81,0.106,0,0.383,0.413,1,0.000,0.000,0.000,0.000,0.000,0.000,-0.055,0.052
83.01,0.105,0,0.381,0.413,1,0.000,0.000,0.000,0.000,0.000,0.000,-0.059,0.041
83.21,0.105,0,0.381,0.413,1,0.000,0.000,0.000,0.000,0.000,0.000,-0.039,0.054
83.41,0.105,0,0.383,0.413,1,0.000,0.000,0.000,0.000,0.000,0.000,-0.035,0.044
83.61,0.371,0,0.383,0.413,1,0.000,0.000,0.000,0.000,0.000,0.000,-0.026,0.030
83.81,0.106,0,0.383,0.413,1,0.000,0.000,0.000,0.000,0.000,0.000,-0.018,0.039
84.01,0.370,0,0.380,0.413,1,0.000,0.000,0.000,0.000,0.000,0.000,-0.032,0.051
84.21,0.370,0,0.380,0.413,1,0.000,0.000,0.000,0.000,0.000,0.000,-0.029,0.053
84.41,0.370,0,0.381,0.413,1,0.000,0.000,0.000,0.000,0.000,0.000,-0.024,0.044
84.61,0.370,0,0.381,0.413,1,0.000,0.000,0.000,0.000,0.000,0.000,-0.039,0.038
84.81,0.370,0,0.381,0.413,1,0.000,0.000,0.000,0.000,0.000,0.000,-0.025,0.043
85.01,0.369,0,0.381,0.413,1,0.000,0.000,0.000,0.000,0.000,0.000,-0.010,0.045
85.21,0.370,0,0.381,0.413,1,0.000,0.000,0.000,0.000,0.000,0.000,-0.017,0.046
85.41,0.368,0,0.380,0.413,1,0.000,0.000,0.000,0.000,0.000,0.000,-0.025,0.044
85.61,0.370,0,0.380,0.413,1,0.000,0.000,0.000,0.000,0.000,0.000,-0.006,0.050
85.81,0.370,0,0.380,0.413,1,0.000,0.000,0.000,0.000,0.000,0.000,-0.016,0.032
86.01,0.369,0,0.381,0.413,1,0.000,0.000,0.000,0.000,0.000,0.000,-0.022,0.048
86.21,0.366,0,0.381,0.413,1,0.000,0.000,0.000,0.000,0.000,0.000,-0.032,0.055
86.41,0.368,0,0.379,0.412,1,0.000,0.000,0.000,0.000,0.000,0.000,-0.028,0.050
86.61,0.370,0,0.379,0.412,1,0.000,0.000,0.000,0.000,0.000,0.000,-0.016,0.039
86.81,0.370,0,0.379,0.412,1,0.000,0.000,0.000,0.000,0.000,0.000,-0.024,0.037
87.01,0.105,0,0.381,0.413,1,0.000,0.000,0.000,0.000,0.000,0.000,-0.038,0.038
87.21,0.105,0,0.381,0.413,1,0.000,0.000,0.000,0.000,0.000,0.000,-0.033,0.026
87.41,0.369,0,0.378,0.413,1,0.000,0.000,0.000,0.000,0.000,0.000,-0.030,0.050
87.61,0.370,0,0.378,0.413,1,0.000,0.000,0.000,0.000,0.000,0.000,-0.043,0.030
87.81,0.370,0,0.378,0.413,1,0.000,0.000,0.000,0.000,0.000,0.000,-0.048,0.029
88.01,0.370,0,0.381,0.413,1,0.000,0.000,0.000,0.000,0.000,0.000,-0.042,0.023
88.21,0.370,0,0.381,0.413,1,0.000,0.000,0.000,0.000,0.000,0.000,-0.043,0.030
88.41,0.370,0,0.381,0.413,1,0.000,0.000,0.000,0.000,0.000,0.000,-0.049,0.033
88.61,0.368,0,0.381,0.413,1,0.000,0.000,0.000,0.000,0.000,0.000,-0.027,0.057
88.81,0.370,0,0.381,0.413,1,0.000,0.000,0.000,0.000,0.000,0.000,-0.018,0.044
89.01,0.105,0,0.381,0.413,1,0.000,0.000,0.000,0.000,0.000,0.000,-0.040,0.036
89.21,0.106,0,0.381,0.413,1,0.000,0.000,0.000,0.000,0.000,0.000,-0.017,0.048
89.41,0.108,0,0.377,0.413,1,0.000,0.000,0.000,0.000,0.000,0.000,-0.033,0.045
89.61,0.108,0,0.377,0.413,1,0.000,0.000,0.000,0.000,0.000,0.000,-0.025,0.045
89.81,0.370,0,0.377,0.413,1,0.000,0.000,0.000,0.000,0.000,0.000,-0.025,0.049
90.01,0.108,0,0.381,0.413,1,0.000,0.000,0.000,0.000,0.000,0.000,-0.033,0.051
90.21,0.108,0,0.381,0.413,1,0.000,0.000,0.000,0.000,0.000,0.000,-0.044,0.046
90.41,0.106,0,0.379,0.413,1,0.000,0.000,0.000,0.000,0.000,0.000,-0.038,0.037
90.61,0.369,0,0.379,0.413,1,0.000,0.000,0.000,0.000,0.000,0.000,-0.027,0.043
90.81,0.370,0,0.379,0.413,1,0.000,0.000,0.000,0.000,0.000,0.000,-0.028,0.043
91.01,0.108,0,0.381,0.413,1,0.000,0.000,0.000,0.000,0.000,0.000,-0.034,0.038
91.21,0.106,0,0.381,0.413,1,0.000,0.000,0.000,0.000,0.000,0.000,-0.034,0.037
91.41,0.108,0,0.381,0.413,1,0.000,0.000,0.000,0.000,0.000,0.000,-0.026,0.043
91.61,0.370,0,0.381,0.413,1,0.000,0.000,0.000,0.000,0.000,0.000,-0.022,0.045
91.81,0.370,0,0.381,0.413,1,0.000,0.000,0.000,0.000,0.000,0.000,-0.017,0.045
92.01,0.370,0,0.381,0.413,1,0.000,0.000,0.000,0.000,0.000,0.000,-0.025,0.045
92.21,0.105,0,0.381,0.413,1,0.000,0.000,0.000,0.000,0.000,0.000,-0.037,0.027
92.41,0.108,0,0.381,0.413,1,0.000,0.000,0.000,0.000,0.000,0.000,-0.019,0.024
92.61,0.108,0,0.381,0.413,1,0.000,0.000,0.000,0.000,0.000,0.000,-0.032,0.025
92.81,0.105,0,0.381,0.413,1,0.000,0.000,0.000,0.000,0.000,0.000,-0.033,0.022
93.01,0.108,0,0.378,0.413,1,0.000,0.000,0.000,0.000,0.000,0.000,-0.035,0.042
93.21,0.368,0,0.378,0.413,1,0.000,0.000,0.000,0.000,0.000,0.000,-0.051,0.054
93.41,0.370,0,0.381,0.413,1,0.000,0.000,0.000,0.000,0.000,0.000,-0.036,0.039
93.61,0.370,0,0.381,0.413,1,0.000,0.000,0.000,0.000,0.000,0.000,-0.036,0.037
93.81,0.108,0,0.381,0.413,1,0.000,0.000,0.000,0.000,0.000,0.000,-0.034,0.046
94.01,0.368,0,0.381,0.413,1,0.000,0.000,0.000,0.000,0.000,0.000,-0.031,0.032
94.21,0.370,0,0.381,0.413,1,0.000,0.000,0.000,0.000,0.000,0.000,-0.042,0.031
94.41,0.108,0,0.380,0.413,1,0.000,0.000,0.000,0.000,0.000,0.000,-0.031,0.037
94.61,0.370,0,0.380,0.413,1,0.000,0.000,0.000,0.000,0.000,0.000,-0.028,0.032
94.81,0.370,0,0.380,0.413,1,0.000,0.000,0.000,0.000,0.000,0.000,-0.046,0.035
95.01,0.105,0,0.381,0.413,1,0.000,0.000,0.000,0.000,0.000,0.000,-0.032,0.029
95.21,0.108,0,0.381,0.413,1,0.000,0.000,0.000,0.000,0.000,0.000,-0.035,0.023
95.41,0.108,0,0.381,0.413,1,0.000,0.000,0.000,0.000,0.000,0.000,-0.028,0.018
95.61,0.105,0,0.381,0.413,1,0.000,0.000,0.000,0.000,0.000,0.000,-0.033,0.016
95.81,0.370,0,0.381,0.413,1,0.000,0.000,0.000,0.000,0.000,0.000,-0.036,0.022
96.01,0.108,0,0.381,0.412,1,0.000,0.000,0.000,0.000,0.000,0.000,-0.033,0.031
96.21,0.106,0,0.381,0.412,1,0.000,0.000,0.000,0.000,0.000,0.000,-0.052,0.035
96.41,0.106,0,0.380,0.413,1,0.000,0.000,0.000,0.000,0.000,0.000,-0.039,0.035
96.61,0.108,0,0.380,0.413,1,0.000,0.000,0.000,0.000,0.000,0.000,-0.031,0.036
96.81,0.105,0,0.380,0.413,1,0.000,0.000,0.000,0.000,0.000,0.000,-0.028,0.019
97.01,0.106,0,0.381,0.413,1,0.000,0.000,0.000,0.000,0.000,0.000,-0.027,0.045
97.21,0.371,0,0.381,0.413,1,0.000,0.000,0.000,0.000,0.000,0.000,-0.029,0.012
97.41,0.105,0,0.381,0.413,1,0.000,0.000,0.000,0.000,0.000,0.000,-0.044,0.017
97.61,0.108,0,0.381,0.413,1,0.000,0.000,0.000,0.000,0.000,0.000,-0.038,0.037
97.81,0.370,0,0.381,0.413,1,0.000,0.000,0.000,0.000,0.000,0.000,-0.042,0.039
98.01,0.370,0,0.379,0.413,1,0.000,0.000,0.000,0.000,0.000,0.000,-0.038,0.050
98.21,0.105,0,0.379,0.413,1,0.000,0.000,0.000,0.000,0.000,0.000,-0.052,0.038
98.41,0.106,0,0.381,0.413,1,0.000,0.000,0.000,0.000,0.000,0.000,-0.041,0.031
98.61,0.105,0,0.381,0.413,1,0.000,0.000,0.000,0.000,0.000,0.000,-0.044,0.010
98.81,0.105,0,0.381,0.413,1,0.000,0.000,0.000,0.000,0.000,0.000,-0.043,0.011
99.01,0.370,0,0.381,0.413,1,0.000,0.000,0.000,0.000,0.000,0.000,-0.033,0.023
99.21,0.105,0,0.381,0.413,1,0.000,0.000,0.000,0.000,0.000,0.000,-0.045,0.022
99.41,0.108,0,0.381,0.413,1,0.000,0.000,0.000,0.000,0.000,0.000,-0.031,0.038
99.61,0.106,0,0.381,0.413,1,0.000,0.000,0.000,0.000,0.000,0.000,-0.043,0.042
99.81,0.108,0,0.381,0.413,1,0.000,0.000,0.000,0.000,0.000,0.000,-0.040,0.029
100.01,0.106,0,0.381,0.413,1,0.000,0.000,0.000,0.000,0.000,0.000,-0.050,0.036
100.21,0.108,0,0.381,0.413,1,0.000,0.000,0.000,0.000,0.000,0.000,-0.036,0.034
100.41,0.105,0,0.382,0.413,1,0.000,0.000,0.000,0.000,0.000,0.000,-0.050,0.011
100.61,0.106,0,0.382,0.413,1,0.000,0.000,0.000,0.000,0.000,0.000,-0.049,0.014
100.81,0.106,0,0.382,0.413,1,0.000,0.000,0.000,0.000,0.000,0.000,-0.047,0.032
101.01,0.108,0,0.377,0.413,1,0.000,0.000,0.000,0.000,0.000,0.000,-0.036,0.024
101.21,0.108,0,0.377,0.413,1,0.000,0.000,0.000,0.000,0.000,0.000,-0.047,0.029
101.41,0.370,0,0.381,0.413,1,0.000,0.000,0.000,0.000,0.000,0.000,-0.036,0.054
101.61,0.370,0,0.381,0.413,1,0.000,0.000,0.000,0.000,0.000,0.000,-0.041,0.036
101.81,0.370,0,0.381,0.413,1,0.000,0.000,0.000,0.000,0.000,0.000,-0.053,0.027
102.01,0.369,0,0.377,0.413,1,0.000,0.000,0.000,0.000,0.000,0.000,-0.049,0.037
102.21,0.370,0,0.377,0.413,1,0.000,0.000,0.000,0.000,0.000,0.000,-0.035,0.042
102.41,0.370,0,0.381,0.413,1,0.000,0.000,0.000,0.000,0.000,0.000,-0.045,0.022
102.61,0.108,0,0.381,0.413,1,0.000,0.000,0.000,0.000,0.000,0.000,-0.046,0.038
102.81,0.370,0,0.381,0.413,1,0.000,0.000,0.000,0.000,0.000,0.000,-0.033,0.052
103.01,0.108,0,0.381,0.413,1,0.000,0.000,0.000,0.000,0.000,0.000,-0.045,0.043
103.21,0.105,0,0.381,0.413,1,0.000,0.000,0.000,0.000,0.000,0.000,-0.049,0.033
103.41,0.370,0,0.381,0.413,1,0.000,0.000,0.000,0.000,0.000,0.000,-0.044,0.048
103.61,0.370,0,0.381,0.413,1,0.000,0.000,0.000,0.000,0.000,0.000,-0.049,0.068
103.81,0.108,0,0.381,0.413,1,0.000,0.000,0.000,0.000,0.000,0.000,-0.051,0.045
104.01,0.105,0,0.381,0.413,1,0.000,0.000,0.000,0.000,0.000,0.000,-0.063,0.047
104.21,0.372,0,0.381,0.413,1,0.000,0.000,0.000,0.000,0.000,0.000,-0.043,0.051
104.41,0.375,0,0.385,0.413,1,0.000,0.000,0.000,0.000,0.000,0.000,-0.043,0.051
104.61,0.375,0,0.385,0.413,1,0.000,0.000,0.000,0.000,0.000,0.000,-0.043,0.049
104.81,0.375,0,0.385,0.413,1,0.000,0.000,0.000,0.000,0.000,0.000,-0.041,0.038
105.01,0.417,0,0.657,0.413,0,0.000,0.000,0.000,0.000,0.000,0.000,-0.040,0.029
105.21,0.105,0,0.657,0.413,0,0.000,0.000,0.000,0.000,0.000,0.000,-0.061,0.035
105.41,0.108,0,0.379,0.413,1,0.000,0.000,0.000,0.000,0.000,0.000,-0.046,0.039
105.61,0.108,0,0.379,0.413,1,0.000,0.000,0.000,0.000,0.000,0.000,-0.053,0.039
105.81,0.370,0,0.379,0.413,1,0.000,0.000,0.000,0.000,0.000,0.000,-0.043,0.041
106.01,0.106,0,0.380,0.413,1,0.000,0.000,0.000,0.000,0.000,0.000,-0.044,0.034
106.21,0.108,0,0.380,0.413,1,0.000,0.000,0.000,0.000,0.000,0.000,-0.049,0.038
106.41,0.370,0,0.381,0.413,1,0.000,0.000,0.000,0.000,0.000,0.000,-0.038,0.041
106.61,0.370,0,0.381,0.413,1,0.000,0.000,0.000,0.000,0.000,0.000,-0.034,0.034
106.81,0.368,0,0.381,0.413,1,0.000,0.000,0.000,0.000,0.000,0.000,-0.050,0.049
107.01,0.370,0,0.379,0.413,1,0.000,0.000,0.000,0.000,0.000,0.000,-0.020,0.032
107.21,0.370,0,0.379,0.413,1,0.000,0.000,0.000,0.000,0.000,0.000,-0.026,0.025
107.41,0.105,0,0.377,0.413,1,0.000,0.000,0.000,0.000,0.000,0.000,-0.029,0.038
107.61,0.108,0,0.377,0.413,1,0.000,0.000,0.000,0.000,0.000,0.000,-0.028,0.041
107.81,0.108,0,0.377,0.413,1,0.000,0.000,0.000,0.000,0.000,0.000,-0.021,0.046
108.01,0.370,0,0.381,0.413,1,0.000,0.000,0.000,0.000,0.000,0.000,-0.017,0.047
108.21,0.105,0,0.381,0.413,1,0.000,0.000,0.000,0.000,0.000,0.000,-0.041,0.032
108.41,0.106,0,0.380,0.413,1,0.000,0.000,0.000,0.000,0.000,0.000,-0.028,0.031
108.61,0.370,0,0.380,0.413,1,0.000,0.000,0.000,0.000,0.000,0.000,-0.023,0.027
108.81,0.108,0,0.380,0.413,1,0.000,0.000,0.000,0.000,0.000,0.000,-0.026,0.034
109.01,0.417,0,0.384,0.413,1,0.000,0.000,0.000,0.000,0.000,0.000,-0.028,0.035
109.21,0.105,0,0.384,0.413,1,0.000,0.000,0.000,0.000,0.000,0.000,-0.045,0.030
109.41,0.106,0,0.379,0.413,1,0.000,0.000,0.000,0.000,0.000,0.000,-0.033,0.036
109.61,0.370,0,0.379,0.413,1,0.000,0.000,0.000,0.000,0.000,0.000,-0.033,0.044
109.81,0.370,0,0.379,0.413,1,0.000,0.000,0.000,0.000,0.000,0.000,-0.048,0.051
110.01,0.370,0,0.381,0.413,1,0.000,0.000,0.000,0.000,0.000,0.000,-0.036,0.043
110.21,0.108,0,0.381,0.413,1,0.000,0.000,0.000,0.000,0.000,0.000,-0.050,0.059
110.41,0.108,0,0.381,0.413,1,0.000,0.000,0.000,0.000,0.000,0.000,-0.040,0.056
110.61,0.105,0,0.381,0.413,1,0.000,0.000,0.000,0.000,0.000,0.000,-0.054,0.047
110.81,0.108,0,0.381,0.413,1,0.000,0.000,0.000,0.000,0.000,0.000,-0.050,0.045
111.01,0.108,0,0.381,0.413,1,0.000,0.000,0.000,0.000,0.000,0.000,-0.042,0.048
111.21,0.108,0,0.381,0.413,1,0.000,0.000,0.000,0.000,0.000,0.000,-0.035,0.062
111.41,0.106,0,0.383,0.413,1,0.000,0.000,0.000,0.000,0.000,0.000,-0.042,0.045
111.61,0.108,0,0.383,0.413,1,0.000,0.000,0.000,0.000,0.000,0.000,-0.040,0.034
111.81,0.105,0,0.383,0.413,1,0.000,0.000,0.000,0.000,0.000,0.000,-0.053,0.045
112.01,0.108,0,0.378,0.413,1,0.000,0.000,0.000,0.000,0.000,0.000,-0.047,0.056
112.21,0.370,0,0.378,0.413,1,0.000,0.000,0.000,0.000,0.000,0.000,-0.048,0.059
112.41,0.368,0,0.379,0.413,1,0.000,0.000,0.000,0.000,0.000,0.000,-0.043,0.060
112.61,0.370,0,0.379,0.413,1,0.000,0.000,0.000,0.000,0.000,0.000,-0.031,0.036
112.81,0.106,0,0.379,0.413,1,0.000,0.000,0.000,0.000,0.000,0.000,-0.041,0.047
113.01,0.370,0,0.379,0.413,1,0.000,0.000,0.000,0.000,0.000,0.000,-0.029,0.053
113.21,0.105,0,0.379,0.413,1,0.000,0.000,0.000,0.000,0.000,0.000,-0.033,0.047
113.41,0.370,0,0.381,0.413,1,0.000,0.000,0.000,0.000,0.000,0.000,-0.032,0.052
113.61,0.370,0,0.381,0.413,1,0.000,0.000,0.000,0.000,0.000,0.000,-0.053,0.031
113.81,0.105,0,0.381,0.413,1,0.000,0.000,0.000,0.000,0.000,0.000,-0.052,0.044
114.01,0.105,0,0.381,0.413,1,0.000,0.000,0.000,0.000,0.000,0.000,-0.052,0.041
114.21,0.106,0,0.381,0.413,1,0.000,0.000,0.000,0.000,0.000,0.000,-0.040,0.041
114.41,0.108,0,0.381,0.413,1,0.000,0.000,0.000,0.000,0.000,0.000,-0.034,0.057
114.61,0.370,0,0.381,0.413,1,0.000,0.000,0.000,0.000,0.000,0.000,-0.049,0.053
114.81,0.105,0,0.381,0.413,1,0.000,0.000,0.000,0.000,0.000,0.000,-0.034,0.043
115.01,0.105,0,0.381,0.413,1,0.000,0.000,0.000,0.000,0.000,0.000,-0.034,0.045
115.21,0.105,0,0.381,0.413,1,0.000,0.000,0.000,0.000,0.000,0.000,-0.039,0.037
115.41,0.377,0,0.388,0.413,1,0.000,0.000,0.000,0.000,0.000,0.000,-0.027,0.040
115.61,0.106,0,0.388,0.413,1,0.000,0.000,0.000,0.000,0.000,0.000,-0.032,0.035
115.81,0.370,0,0.388,0.413,1,0.000,0.000,0.000,0.000,0.000,0.000,-0.057,0.052
116.01,0.369,0,0.377,0.413,1,0.000,0.000,0.000,0.000,0.000,0.000,-0.036,0.044
116.21,0.106,0,0.377,0.413,1,0.000,0.000,0.000,0.000,0.000,0.000,-0.040,0.054
116.41,0.370,0,0.381,0.413,1,0.000,0.000,0.000,0.000,0.000,0.000,-0.035,0.050
116.61,0.106,0,0.381,0.413,1,0.000,0.000,0.000,0.000,0.000,0.000,-0.050,0.058
116.81,0.108,0,0.381,0.413,1,0.000,0.000,0.000,0.000,0.000,0.000,-0.038,0.069
117.01,0.370,0,0.381,0.413,1,0.000,0.000,0.000,0.000,0.000,0.000,-0.037,0.066
117.21,0.370,0,0.381,0.413,1,0.000,0.000,0.000,0.000,0.000,0.000,-0.027,0.044
117.41,0.106,0,0.384,0.413,1,0.000,0.000,0.000,0.000,0.000,0.000,-0.020,0.040
117.61,0.372,0,0.384,0.413,1,0.000,0.000,0.000,0.000,0.000,0.000,-0.032,0.037
117.81,0.370,0,0.384,0.413,1,0.000,0.000,0.000,0.000,0.000,0.000,-0.037,0.044
118.01,0.369,0,0.378,0.413,1,0.000,0.000,0.000,0.000,0.000,0.000,-0.036,0.038
118.21,0.370,0,0.378,0.413,1,0.000,0.000,0.000,0.000,0.000,0.000,-0.032,0.030
118.41,0.105,0,0.381,0.413,1,0.000,0.000,0.000,0.000,0.000,0.000,-0.052,0.045
118.61,0.108,0,0.381,0.413,1,0.000,0.000,0.000,0.000,0.000,0.000,-0.050,0.045
118.81,0.370,0,0.381,0.413,1,0.000,0.000,0.000,0.000,0.000,0.000,-0.041,0.056
119.01,0.370,0,0.381,0.413,1,0.000,0.000,0.000,0.000,0.000,0.000,-0.050,0.044
119.21,0.106,0,0.381,0.413,1,0.000,0.000,0.000,0.000,0.000,0.000,-0.058,0.046
119.41,0.108,0,0.381,0.413,1,0.000,0.000,0.000,0.000,0.000,0.000,-0.048,0.035
119.61,0.108,0,0.381,0.413,1,0.000,0.000,0.000,0.000,0.000,0.000,-0.043,0.041
119.81,0.108,0,0.381,0.413,1,0.000,0.000,0.000,0.000,0.000,0.000,-0.050,0.064
120.01,0.105,0,0.381,0.413,1,0.000,0.000,0.000,0.000,0.000,0.000,-0.057,0.038
120.21,0.417,0,0.381,0.413,1,0.000,0.000,0.000,0.000,0.000,0.000,-0.050,0.054
120.41,0.105,0,0.381,0.413,1,0.000,0.000,0.000,0.000,0.000,0.000,-0.058,0.041
120.61,0.370,0,0.381,0.413,1,0.000,0.000,0.000,0.000,0.000,0.000,-0.065,0.048
120.81,0.370,0,0.381,0.413,1,0.000,0.000,0.000,0.000,0.000,0.000,-0.043,0.048
121.01,0.370,0,0.381,0.413,1,0.000,0.000,0.000,0.000,0.000,0.000,-0.038,0.057
121.21,0.106,0,0.381,0.413,1,0.000,0.000,0.000,0.000,0.000,0.000,-0.047,0.058
121.41,0.105,0,0.381,0.413,1,0.000,0.000,0.000,0.000,0.000,0.000,-0.054,0.033
121.61,0.106,0,0.381,0.413,1,0.000,0.000,0.000,0.000,0.000,0.000,-0.036,0.039
121.81,0.377,0,0.381,0.413,1,0.000,0.000,0.000,0.000,0.000,0.000,-0.023,0.040
122.01,0.105,0,0.383,0.413,1,0.000,0.000,0.000,0.000,0.000,0.000,-0.043,0.028
122.21,0.370,0,0.383,0.413,1,0.000,0.000,0.000,0.000,0.000,0.000,-0.032,0.041
122.41,0.370,0,0.381,0.413,1,0.000,0.000,0.000,0.000,0.000,0.000,-0.034,0.039
122.61,0.106,0,0.381,0.413,1,0.000,0.000,0.000,0.000,0.000,0.000,-0.030,0.041
122.81,0.370,0,0.381,0.413,1,0.000,0.000,0.000,0.000,0.000,0.000,-0.047,0.036
123.01,0.108,0,0.381,0.413,1,0.000,0.000,0.000,0.000,0.000,0.000,-0.031,0.053
123.21,0.105,0,0.381,0.413,1,0.000,0.000,0.000,0.000,0.000,0.000,-0.050,0.041
123.41,0.108,0,0.384,0.413,1,0.000,0.000,0.000,0.000,0.000,0.000,-0.043,0.042
123.61,0.417,0,0.384,0.413,1,0.000,0.000,0.000,0.000,0.000,0.000,-0.037,0.061
123.81,0.373,0,0.384,0.413,1,0.000,0.000,0.000,0.000,0.000,0.000,-0.029,0.039
124.01,0.370,0,0.383,0.413,1,0.000,0.000,0.000,0.000,0.000,0.000,-0.029,0.034
124.21,0.108,0,0.383,0.413,1,0.000,0.000,0.000,0.000,0.000,0.000,-0.036,0.060
124.41,0.370,0,0.381,0.413,1,0.000,0.000,0.000,0.000,0.000,0.000,-0.066,0.046
124.61,0.370,0,0.381,0.413,1,0.000,0.000,0.000,0.000,0.000,0.000,-0.054,0.038
124.81,0.370,0,0.381,0.413,1,0.000,0.000,0.000,0.000,0.000,0.000,-0.056,0.044
125.01,0.366,0,0.381,0.413,1,0.000,0.000,0.000,0.000,0.000,0.000,-0.046,0.046
125.21,0.369,0,0.381,0.413,1,0.000,0.000,0.000,0.000,0.000,0.000,-0.039,0.039
125.41,0.370,0,0.381,0.413,1,0.000,0.000,0.000,0.000,0.000,0.000,-0.029,0.023
125.61,0.108,0,0.381,0.413,1,0.000,0.000,0.000,0.000,0.000,0.000,-0.032,0.044
125.81,0.105,0,0.381,0.413,1,0.000,0.000,0.000,0.000,0.000,0.000,-0.044,0.028
126.01,0.108,0,0.380,0.413,1,0.000,0.000,0.000,0.000,0.000,0.000,-0.031,0.045
126.21,0.106,0,0.380,0.413,1,0.000,0.000,0.000,0.000,0.000,0.000,-0.035,0.033
126.41,0.377,0,0.388,0.413,1,0.000,0.000,0.000,0.000,0.000,0.000,-0.032,0.035
126.61,0.372,0,0.388,0.413,1,0.000,0.000,0.000,0.000,0.000,0.000,-0.042,0.017
126.81,0.106,0,0.388,0.413,1,0.000,0.000,0.000,0.000,0.000,0.000,-0.030,0.038
127.01,0.108,0,0.380,0.413,1,0.000,0.000,0.000,0.000,0.000,0.000,-0.026,0.046
127.21,0.370,0,0.380,0.413,1,0.000,0.000,0.000,0.000,0.000,0.000,-0.031,0.052
127.41,0.368,0,0.378,0.413,1,0.000,0.000,0.000,0.000,0.000,0.000,-0.036,0.041
127.61,0.370,0,0.378,0.413,1,0.000,0.000,0.000,0.000,0.000,0.000,-0.020,0.042
127.81,0.105,0,0.378,0.413,1,0.000,0.000,0.000,0.000,0.000,0.000,-0.038,0.028
128.01,0.106,0,0.378,0.413,1,0.000,0.000,0.000,0.000,0.000,0.000,-0.033,0.034
128.21,0.370,0,0.378,0.413,1,0.000,0.000,0.000,0.000,0.000,0.000,-0.020,0.052
128.41,0.370,0,0.381,0.413,1,0.000,0.000,0.000,0.000,0.000,0.000,-0.028,0.030
128.61,0.370,0,0.381,0.413,1,0.000,0.000,0.000,0.000,0.000,0.000,-0.042,0.021
128.81,0.105,0,0.381,0.413,1,0.000,0.000,0.000,0.000,0.000,0.000,-0.048,0.028
129.01,0.108,0,0.379,0.413,1,0.000,0.000,0.000,0.000,0.000,0.000,-0.025,0.043
129.21,0.105,0,0.379,0.413,1,0.000,0.000,0.000,0.000,0.000,0.000,-0.017,0.027
129.41,0.370,0,0.381,0.413,1,0.000,0.000,0.000,0.000,0.000,0.000,-0.023,0.032
129.61,0.108,0,0.381,0.413,1,0.000,0.000,0.000,0.000,0.000,0.000,-0.028,0.040
129.81,0.370,0,0.381,0.413,1,0.000,0.000,0.000,0.000,0.000,0.000,-0.019,0.023
130.01,0.370,0,0.381,0.413,1,0.000,0.000,0.000,0.000,0.000,0.000,-0.018,0.024
130.21,0.105,0,0.381,0.413,1,0.000,0.000,0.000,0.000,0.000,0.000,-0.014,0.027
130.41,0.370,0,0.381,0.413,1,0.000,0.000,0.000,0.000,0.000,0.000,-0.016,0.025
130.61,0.370,0,0.381,0.413,1,0.000,0.000,0.000,0.000,0.000,0.000,-0.042,0.016
130.81,0.105,0,0.381,0.413,1,0.000,0.000,0.000,0.000,0.000,0.000,-0.041,0.023
131.01,0.106,0,0.381,0.413,1,0.000,0.000,0.000,0.000,0.000,0.000,-0.019,0.023
131.21,0.370,0,0.381,0.413,1,0.000,0.000,0.000,0.000,0.000,0.000,-0.015,0.032
131.41,0.105,0,0.381,0.413,1,0.000,0.000,0.000,0.000,0.000,0.000,-0.041,0.030
131.61,0.105,0,0.381,0.413,1,0.000,0.000,0.000,0.000,0.000,0.000,-0.043,0.039
131.81,0.417,0,0.381,0.413,1,0.000,0.000,0.000,0.000,0.000,0.000,-0.017,0.033
132.01,0.372,0,0.388,0.413,1,0.000,0.000,0.000,0.000,0.000,0.000,-0.002,0.006
132.21,0.372,0,0.388,0.413,1,0.000,0.000,0.000,0.000,0.000,0.000,-0.007,0.014
132.41,0.106,0,0.378,0.413,1,0.000,0.000,0.000,0.000,0.000,0.000,-0.018,0.031
132.61,0.108,0,0.378,0.413,1,0.000,0.000,0.000,0.000,0.000,0.000,-0.035,0.036
132.81,0.108,0,0.378,0.413,1,0.000,0.000,0.000,0.000,0.000,0.000,-0.027,0.026
133.01,0.370,0,0.381,0.413,1,0.000,0.000,0.000,0.000,0.000,0.000,-0.025,0.036
133.21,0.370,0,0.381,0.413,1,0.000,0.000,0.000,0.000,0.000,0.000,-0.024,0.020
133.41,0.370,0,0.381,0.413,1,0.000,0.000,0.000,0.000,0.000,0.000,-0.039,0.031
133.61,0.105,0,0.381,0.413,1,0.000,0.000,0.000,0.000,0.000,0.000,-0.033,0.029
133.81,0.106,0,0.381,0.413,1,0.000,0.000,0.000,0.000,0.000,0.000,-0.040,0.029
134.01,0.106,0,0.378,0.413,1,0.000,0.000,0.000,0.000,0.000,0.000,-0.036,0.029
134.21,0.108,0,0.378,0.413,1,0.000,0.000,0.000,0.000,0.000,0.000,-0.032,0.029
134.41,0.106,0,0.377,0.413,1,0.000,0.000,0.000,0.000,0.000,0.000,-0.029,0.017
134.61,0.108,0,0.377,0.413,1,0.000,0.000,0.000,0.000,0.000,0.000,-0.032,0.029
134.81,0.108,0,0.377,0.413,1,0.000,0.000,0.000,0.000,0.000,0.000,-0.036,0.026
135.01,0.105,0,0.381,0.413,1,0.000,0.000,0.000,0.000,0.000,0.000,-0.028,0.007
135.21,0.105,0,0.381,0.413,1,0.000,0.000,0.000,0.000,0.000,0.000,-0.033,0.019
135.41,0.105,0,0.381,0.413,1,0.000,0.000,0.000,0.000,0.000,0.000,-0.021,0.023
135.61,0.106,0,0.381,0.413,1,0.000,0.000,0.000,0.000,0.000,0.000,-0.014,0.012
135.81,0.105,0,0.381,0.413,1,0.000,0.000,0.000,0.000,0.000,0.000,-0.022,0.016
136.01,0.106,0,0.380,0.413,1,0.000,0.000,0.000,0.000,0.000,0.000,-0.020,0.029
136.21,0.370,0,0.380,0.413,1,0.000,0.000,0.000,0.000,0.000,0.000,0.002,0.008
136.41,0.106,0,0.378,0.413,1,0.000,0.000,0.000,0.000,0.000,0.000,-0.021,0.008
136.61,0.108,0,0.378,0.413,1,0.000,0.000,0.000,0.000,0.000,0.000,-0.014,0.018
136.81,0.105,0,0.378,0.413,1,0.000,0.000,0.000,0.000,0.000,0.000,-0.023,-0.012
137.01,0.105,0,0.381,0.413,1,0.000,0.000,0.000,0.000,0.000,0.000,-0.026,0.004
137.21,0.106,0,0.381,0.413,1,0.000,0.000,0.000,0.000,0.000,0.000,-0.025,0.018
137.41,0.106,0,0.379,0.413,1,0.000,0.000,0.000,0.000,0.000,0.000,-0.002,-0.002
137.61,0.370,0,0.379,0.413,1,0.000,0.000,0.000,0.000,0.000,0.000,-0.010,0.015
137.81,0.370,0,0.379,0.413,1,0.000,0.000,0.000,0.000,0.000,0.000,-0.009,0.002
138.01,0.370,0,0.381,0.413,1,0.000,0.000,0.000,0.000,0.000,0.000,-0.025,0.009
138.21,0.369,0,0.381,0.413,1,0.000,0.000,0.000,0.000,0.000,0.000,-0.019,0.005
138.41,0.370,0,0.381,0.413,1,0.000,0.000,0.000,0.000,0.000,0.000,-0.002,0.002
138.61,0.106,0,0.381,0.413,1,0.000,0.000,0.000,0.000,0.000,0.000,-0.027,0.019
138.81,0.370,0,0.381,0.413,1,0.000,0.000,0.000,0.000,0.000,0.000,-0.031,-0.001
139.01,0.108,0,0.378,0.413,1,0.000,0.000,0.000,0.000,0.000,0.000,-0.026,0.022
139.21,0.108,0,0.378,0.413,1,0.000,0.000,0.000,0.000,0.000,0.000,-0.032,0.028
139.41,0.370,0,0.381,0.413,1,0.000,0.000,0.000,0.000,0.000,0.000,-0.010,0.020
139.61,0.108,0,0.381,0.413,1,0.000,0.000,0.000,0.000,0.000,0.000,-0.026,0.001
139.81,0.370,0,0.381,0.413,1,0.000,0.000,0.000,0.000,0.000,0.000,-0.017,0.024
140.01,0.366,0,0.381,0.413,1,0.000,0.000,0.000,0.000,0.000,0.000,-0.028,0.017
140.21,0.370,0,0.381,0.413,1,0.000,0.000,0.000,0.000,0.000,0.000,-0.007,0.013
140.41,0.105,0,0.381,0.413,1,0.000,0.000,0.000,0.000,0.000,0.000,-0.017,0.010
140.61,0.106,0,0.381,0.413,1,0.000,0.000,0.000,0.000,0.000,0.000,-0.023,0.035
140.81,0.370,0,0.381,0.413,1,0.000,0.000,0.000,0.000,0.000,0.000,-0.007,0.013
141.01,0.106,0,0.378,0.413,1,0.000,0.000,0.000,0.000,0.000,0.000,-0.022,0.024
141.21,0.108,0,0.378,0.413,1,0.000,0.000,0.000,0.000,0.000,0.000,-0.010,0.024
141.41,0.105,0,0.381,0.413,1,0.000,0.000,0.000,0.000,0.000,0.000,0.000,0.011
141.61,0.370,0,0.381,0.413,1,0.000,0.000,0.000,0.000,0.000,0.000,0.002,0.007
141.81,0.370,0,0.381,0.413,1,0.000,0.000,0.000,0.000,0.000,0.000,-0.013,0.015
142.01,0.370,0,0.381,0.413,1,0.000,0.000,0.000,0.000,0.000,0.000,-0.014,0.020
142.21,0.105,0,0.381,0.413,1,0.000,0.000,0.000,0.000,0.000,0.000,-0.028,0.001
142.41,0.108,0,0.383,0.413,1,0.000,0.000,0.000,0.000,0.000,0.000,-0.010,0.016
142.61,0.370,0,0.383,0.413,1,0.000,0.000,0.000,0.000,0.000,0.000,-0.017,0.028
142.81,0.369,0,0.383,0.413,1,0.000,0.000,0.000,0.000,0.000,0.000,-0.006,0.011
143.01,0.105,0,0.381,0.413,1,0.000,0.000,0.000,0.000,0.000,0.000,-0.021,0.008
143.21,0.106,0,0.381,0.413,1,0.000,0.000,0.000,0.000,0.000,0.000,-0.019,0.020
143.41,0.370,0,0.381,0.413,1,0.000,0.000,0.000,0.000,0.000,0.000,-0.009,0.020
143.61,0.370,0,0.381,0.413,1,0.000,0.000,0.000,0.000,0.000,0.000,-0.023,0.008
143.81,0.106,0,0.381,0.413,1,0.000,0.000,0.000,0.000,0.000,0.000,-0.011,0.010
144.01,0.370,0,0.381,0.413,1,0.000,0.000,0.000,0.000,0.000,0.000,-0.010,0.016
144.21,0.108,0,0.381,0.413,1,0.000,0.000,0.000,0.000,0.000,0.000,-0.015,0.031
144.41,0.108,0,0.381,0.413,1,0.000,0.000,0.000,0.000,0.000,0.000,-0.015,0.026
144.61,0.108,0,0.381,0.413,1,0.000,0.000,0.000,0.000,0.000,0.000,-0.016,0.024
144.81,0.370,0,0.381,0.413,1,0.000,0.000,0.000,0.000,0.000,0.000,-0.012,0.019
145.01,0.105,0,0.381,0.413,1,0.000,0.000,0.000,0.000,0.000,0.000,-0.008,0.010
145.21,0.105,0,0.381,0.413,1,0.000,0.000,0.000,0.000,0.000,0.000,-0.021,0.008
145.41,0.106,0,0.383,0.413,1,0.000,0.000,0.000,0.000,0.000,0.000,-0.024,0.025
145.61,0.108,0,0.383,0.413,1,0.000,0.000,0.000,0.000,0.000,0.000,-0.029,0.025
145.81,0.105,0,0.383,0.413,1,0.000,0.000,0.000,0.000,0.000,0.000,-0.032,0.014
146.01,0.105,0,0.381,0.413,1,0.000,0.000,0.000,0.000,0.000,0.000,-0.036,0.011
146.21,0.105,0,0.381,0.413,1,0.000,0.000,0.000,0.000,0.000,0.000,-0.036,0.017
146.41,0.105,0,0.381,0.413,1,0.000,0.000,0.000,0.000,0.000,0.000,-0.018,0.012
146.61,0.370,0,0.381,0.413,1,0.000,0.000,0.000,0.000,0.000,0.000,-0.025,0.030
146.81,0.108,0,0.381,0.413,1,0.000,0.000,0.000,0.000,0.000,0.000,-0.040,0.023
147.01,0.106,0,0.377,0.413,1,0.000,0.000,0.000,0.000,0.000,0.000,-0.040,0.026
147.21,0.108,0,0.377,0.413,1,0.000,0.000,0.000,0.000,0.000,0.000,-0.032,0.037
147.41,0.105,0,0.382,0.413,1,0.000,0.000,0.000,0.000,0.000,0.000,-0.039,0.033
147.61,0.108,0,0.382,0.413,1,0.000,0.000,0.000,0.000,0.000,0.000,-0.025,0.030
147.81,0.105,0,0.382,0.413,1,0.000,0.000,0.000,0.000,0.000,0.000,-0.028,0.012
148.01,0.106,0,0.379,0.413,1,0.000,0.000,0.000,0.000,0.000,0.000,-0.022,0.005
148.21,0.108,0,0.379,0.413,1,0.000,0.000,0.000,0.000,0.000,0.000,-0.029,0.020
148.41,0.370,0,0.381,0.413,1,0.000,0.000,0.000,0.000,0.000,0.000,-0.023,0.005
148.61,0.370,0,0.381,0.413,1,0.000,0.000,0.000,0.000,0.000,0.000,-0.021,0.025
148.81,0.105,0,0.381,0.413,1,0.000,0.000,0.000,0.000,0.000,0.000,-0.022,0.012
149.01,0.370,0,0.380,0.413,1,0.000,0.000,0.000,0.000,0.000,0.000,-0.014,0.025
149.21,0.105,0,0.380,0.413,1,0.000,0.000,0.000,0.000,0.000,0.000,-0.037,0.014
149.41,0.106,0,0.380,0.413,1,0.000,0.000,0.000,0.000,0.000,0.000,-0.030,0.011
149.61,0.106,0,0.380,0.413,1,0.000,0.000,0.000,0.000,0.000,0.000,-0.018,0.023
149.81,0.370,0,0.380,0.413,1,0.000,0.000,0.000,0.000,0.000,0.000,-0.015,0.010
150.01,0.105,0,0.381,0.413,1,0.000,0.000,0.000,0.000,0.000,0.000,-0.011,0.012
150.21,0.105,0,0.381,0.413,1,0.000,0.000,0.000,0.000,0.000,0.000,-0.019,0.006
150.41,0.108,0,0.380,0.413,1,0.000,0.000,0.000,0.000,0.000,0.000,-0.026,0.029
150.61,0.108,0,0.380,0.413,1,0.000,0.000,0.000,0.000,0.000,0.000,-0.023,0.041
150.81,0.370,0,0.380,0.413,1,0.000,0.000,0.000,0.000,0.000,0.000,-0.018,0.037
151.01,0.370,0,0.381,0.413,1,0.000,0.000,0.000,0.000,0.000,0.000,-0.027,0.024
151.21,0.366,0,0.381,0.413,1,0.000,0.000,0.000,0.000,0.000,0.000,-0.025,0.016
151.41,0.369,0,0.380,0.413,1,0.000,0.000,0.000,0.000,0.000,0.000,-0.032,0.013
151.61,0.370,0,0.380,0.413,1,0.000,0.000,0.000,0.000,0.000,0.000,-0.021,0.024
151.81,0.368,0,0.380,0.413,1,0.000,0.000,0.000,0.000,0.000,0.000,-0.029,0.011
152.01,0.370,0,0.381,0.413,1,0.000,0.000,0.000,0.000,0.000,0.000,-0.024,0.020
152.21,0.370,0,0.381,0.413,1,0.000,0.000,0.000,0.000,0.000,0.000,-0.025,0.033
152.41,0.108,0,0.381,0.413,1,0.000,0.000,0.000,0.000,0.000,0.000,-0.023,0.030
152.61,0.108,0,0.381,0.413,1,0.000,0.000,0.000,0.000,0.000,0.000,-0.023,0.023
152.81,0.106,0,0.381,0.413,1,0.000,0.000,0.000,0.000,0.000,0.000,-0.014,0.011
153.01,0.106,0,0.377,0.413,1,0.000,0.000,0.000,0.000,0.000,0.000,-0.026,0.028
153.21,0.106,0,0.377,0.413,1,0.000,0.000,0.000,0.000,0.000,0.000,-0.015,0.004
153.41,0.108,0,0.379,0.413,1,0.000,0.000,0.000,0.000,0.000,0.000,-0.028,0.025
153.61,0.106,0,0.379,0.413,1,0.000,0.000,0.000,0.000,0.000,0.000,-0.029,0.010
153.81,0.372,0,0.379,0.413,1,0.000,0.000,0.000,0.000,0.000,0.000,-0.002,-0.006
154.01,0.105,0,0.382,0.413,1,0.000,0.000,0.000,0.000,0.000,0.000,-0.026,0.003
154.21,0.372,0,0.382,0.413,1,0.000,0.000,0.000,0.000,0.000,0.000,-0.009,-0.003
154.41,0.377,0,0.388,0.413,1,0.000,0.000,0.000,0.000,0.000,0.000,-0.016,0.017
154.61,0.372,0,0.388,0.413,1,0.000,0.000,0.000,0.000,0.000,0.000,-0.005,-0.003
154.81,0.105,0,0.388,0.413,1,0.000,0.000,0.000,0.000,0.000,0.000,-0.021,0.001
155.01,0.108,0,0.378,0.412,1,0.000,0.000,0.000,0.000,0.000,0.000,-0.031,0.030
155.21,0.370,0,0.378,0.412,1,0.000,0.000,0.000,0.000,0.000,0.000,-0.028,0.021
155.41,0.370,0,0.381,0.413,1,0.000,0.000,0.000,0.000,0.000,0.000,-0.043,0.019
155.61,0.368,0,0.381,0.413,1,0.000,0.000,0.000,0.000,0.000,0.000,-0.024,0.021
155.81,0.368,0,0.381,0.413,1,0.000,0.000,0.000,0.000,0.000,0.000,-0.033,0.032
156.01,0.370,0,0.380,0.413,1,0.000,0.000,0.000,0.000,0.000,0.000,-0.011,0.021
156.21,0.105,0,0.380,0.413,1,0.000,0.000,0.000,0.000,0.000,0.000,-0.018,0.010
156.41,0.106,0,0.379,0.413,1,0.000,0.000,0.000,0.000,0.000,0.000,-0.028,0.029
156.61,0.370,0,0.379,0.413,1,0.000,0.000,0.000,0.000,0.000,0.000,-0.015,0.026
156.81,0.108,0,0.379,0.413,1,0.000,0.000,0.000,0.000,0.000,0.000,-0.022,0.029
157.01,0.370,0,0.380,0.413,1,0.000,0.000,0.000,0.000,0.000,0.000,-0.013,0.027
157.21,0.106,0,0.380,0.413,1,0.000,0.000,0.000,0.000,0.000,0.000,-0.034,0.028
157.41,0.370,0,0.381,0.413,1,0.000,0.000,0.000,0.000,0.000,0.000,-0.017,0.026
157.61,0.370,0,0.381,0.413,1,0.000,0.000,0.000,0.000,0.000,0.000,-0.024,0.031
157.81,0.108,0,0.381,0.413,1,0.000,0.000,0.000,0.000,0.000,0.000,-0.025,0.019
158.01,0.105,0,0.380,0.413,1,0.000,0.000,0.000,0.000,0.000,0.000,-0.013,0.015
158.21,0.370,0,0.380,0.413,1,0.000,0.000,0.000,0.000,0.000,0.000,-0.017,0.030
158.41,0.370,0,0.381,0.413,1,0.000,0.000,0.000,0.000,0.000,0.000,-0.015,0.024
158.61,0.105,0,0.381,0.413,1,0.000,0.000,0.000,0.000,0.000,0.000,-0.031,0.008
158.81,0.108,0,0.381,0.413,1,0.000,0.000,0.000,0.000,0.000,0.000,-0.028,0.022
159.01,0.106,0,0.379,0.413,1,0.000,0.000,0.000,0.000,0.000,0.000,-0.029,0.007
159.21,0.106,0,0.379,0.413,1,0.000,0.000,0.000,0.000,0.000,0.000,-0.038,0.019
159.41,0.105,0,0.381,0.413,1,0.000,0.000,0.000,0.000,0.000,0.000,-0.035,0.009
159.61,0.370,0,0.381,0.413,1,0.000,0.000,0.000,0.000,0.000,0.000,-0.016,0.017
159.81,0.370,0,0.381,0.413,1,0.000,0.000,0.000,0.000,0.000,0.000,-0.016,0.021
160.01,0.370,0,0.381,0.413,1,0.000,0.000,0.000,0.000,0.000,0.000,-0.016,0.022
160.21,0.369,0,0.381,0.413,1,0.000,0.000,0.000,0.000,0.000,0.000,-0.021,0.037
160.41,0.106,0,0.379,0.413,1,0.000,0.000,0.000,0.000,0.000,0.000,-0.013,0.010
160.61,0.105,0,0.379,0.413,1,0.000,0.000,0.000,0.000,0.000,0.000,-0.031,0.018
160.81,0.106,0,0.379,0.413,1,0.000,0.000,0.000,0.000,0.000,0.000,-0.026,0.016
161.01,0.108,0,0.378,0.413,1,0.000,0.000,0.000,0.000,0.000,0.000,-0.026,0.030
161.21,0.370,0,0.378,0.413,1,0.000,0.000,0.000,0.000,0.000,0.000,-0.009,0.016
161.41,0.105,0,0.381,0.413,1,0.000,0.000,0.000,0.000,0.000,0.000,-0.033,0.018
161.61,0.370,0,0.381,0.413,1,0.000,0.000,0.000,0.000,0.000,0.000,-0.019,0.029
161.81,0.370,0,0.381,0.413,1,0.000,0.000,0.000,0.000,0.000,0.000,-0.002,0.023
162.01,0.105,0,0.381,0.413,1,0.000,0.000,0.000,0.000,0.000,0.000,-0.035,0.025
162.21,0.106,0,0.381,0.413,1,0.000,0.000,0.000,0.000,0.000,0.000,-0.029,0.014
162.41,0.106,0,0.377,0.413,1,0.000,0.000,0.000,0.000,0.000,0.000,-0.028,0.022
162.61,0.108,0,0.377,0.413,1,0.000,0.000,0.000,0.000,0.000,0.000,-0.023,0.021
162.81,0.106,0,0.377,0.413,1,0.000,0.000,0.000,0.000,0.000,0.000,-0.018,0.015
163.01,0.106,0,0.377,0.413,1,0.000,0.000,0.000,0.000,0.000,0.000,-0.024,0.020
163.21,0.106,0,0.377,0.413,1,0.000,0.000,0.000,0.000,0.000,0.000,-0.026,0.015
163.41,0.106,0,0.378,0.413,1,0.000,0.000,0.000,0.000,0.000,0.000,-0.023,0.020
163.61,0.370,0,0.378,0.413,1,0.000,0.000,0.000,0.000,0.000,0.000,-0.033,0.016
163.81,0.108,0,0.378,0.413,1,0.000,0.000,0.000,0.000,0.000,0.000,-0.027,0.023
164.01,0.417,0,0.386,0.413,1,0.000,0.000,0.000,0.000,0.000,0.000,0.008,0.003
164.21,0.105,0,0.386,0.413,1,0.000,0.000,0.000,0.000,0.000,0.000,-0.009,0.000
164.41,0.108,0,0.381,0.413,1,0.000,0.000,0.000,0.000,0.000,0.000,-0.016,0.036
164.61,0.370,0,0.381,0.413,1,0.000,0.000,0.000,0.000,0.000,0.000,-0.016,0.030
164.81,0.370,0,0.381,0.413,1,0.000,0.000,0.000,0.000,0.000,0.000,-0.039,0.033
165.01,0.370,0,0.381,0.413,1,0.000,0.000,0.000,0.000,0.000,0.000,-0.025,0.024
165.21,0.370,0,0.381,0.413,1,0.000,0.000,0.000,0.000,0.000,0.000,-0.008,0.025
165.41,0.108,0,0.380,0.413,1,0.000,0.000,0.000,0.000,0.000,0.000,-0.021,0.020
165.61,0.108,0,0.380,0.413,1,0.000,0.000,0.000,0.000,0.000,0.000,-0.017,0.022
165.81,0.106,0,0.380,0.413,1,0.000,0.000,0.000,0.000,0.000,0.000,-0.019,0.011
166.01,0.106,0,0.377,0.413,1,0.000,0.000,0.000,0.000,0.000,0.000,-0.004,0.019
166.21,0.108,0,0.377,0.413,1,0.000,0.000,0.000,0.000,0.000,0.000,-0.005,0.020
166.41,0.417,0,0.654,0.413,0,0.000,0.000,0.000,0.000,0.000,0.000,-0.016,0.032
166.61,0.106,0,0.654,0.413,0,0.000,0.000,0.000,0.000,0.000,0.000,-0.017,0.018
166.81,0.105,0,0.654,0.413,0,0.000,0.000,0.000,0.000,0.000,0.000,0.008,0.012
167.01,0.108,0,0.381,0.413,1,0.000,0.000,0.000,0.000,0.000,0.000,-0.006,0.030
167.21,0.108,0,0.381,0.413,1,0.000,0.000,0.000,0.000,0.000,0.000,-0.005,0.029
167.41,0.108,0,0.379,0.413,1,0.000,0.000,0.000,0.000,0.000,0.000,-0.018,0.022
167.61,0.106,0,0.379,0.413,1,0.000,0.000,0.000,0.000,0.000,0.000,-0.010,0.008
167.81,0.370,0,0.379,0.413,1,0.000,0.000,0.000,0.000,0.000,0.000,0.005,0.026
168.01,0.108,0,0.380,0.413,1,0.000,0.000,0.000,0.000,0.000,0.000,-0.010,0.012
168.21,0.105,0,0.380,0.413,1,0.000,0.000,0.000,0.000,0.000,0.000,-0.005,0.006
168.41,0.370,0,0.381,0.413,1,0.000,0.000,0.000,0.000,0.000,0.000,0.007,0.015
168.61,0.370,0,0.381,0.413,1,0.000,0.000,0.000,0.000,0.000,0.000,0.001,0.027
168.81,0.370,0,0.381,0.413,1,0.000,0.000,0.000,0.000,0.000,0.000,-0.010,0.023
169.01,0.370,0,0.378,0.413,1,0.000,0.000,0.000,0.000,0.000,0.000,0.003,0.008
169.21,0.370,0,0.378,0.413,1,0.000,0.000,0.000,0.000,0.000,0.000,0.003,0.011
169.41,0.105,0,0.382,0.413,1,0.000,0.000,0.000,0.000,0.000,0.000,0.003,-0.002
169.61,0.377,0,0.382,0.413,1,0.000,0.000,0.000,0.000,0.000,0.000,0.016,-0.005
169.81,0.371,0,0.382,0.413,1,0.000,0.000,0.000,0.000,0.000,0.000,0.017,-0.005
170.01,0.105,0,0.383,0.413,1,0.000,0.000,0.000,0.000,0.000,0.000,0.001,0.002
170.21,0.108,0,0.383,0.413,1,0.000,0.000,0.000,0.000,0.000,0.000,-0.012,0.017
170.41,0.370,0,0.381,0.413,1,0.000,0.000,0.000,0.000,0.000,0.000,-0.017,0.021
170.61,0.370,0,0.381,0.413,1,0.000,0.000,0.000,0.000,0.000,0.000,-0.016,0.026
170.81,0.368,0,0.381,0.413,1,0.000,0.000,0.000,0.000,0.000,0.000,-0.021,0.030
171.01,0.366,0,0.378,0.413,1,0.000,0.000,0.000,0.000,0.000,0.000,-0.024,0.032
171.21,0.366,0,0.378,0.413,1,0.000,0.000,0.000,0.000,0.000,0.000,-0.014,0.020
171.41,0.370,0,0.381,0.413,1,0.000,0.000,0.000,0.000,0.000,0.000,-0.010,0.017
171.61,0.370,0,0.381,0.413,1,0.000,0.000,0.000,0.000,0.000,0.000,-0.002,0.028
171.81,0.108,0,0.381,0.413,1,0.000,0.000,0.000,0.000,0.000,0.000,-0.014,0.026
172.01,0.106,0,0.377,0.413,1,0.000,0.000,0.000,0.000,0.000,0.000,0.011,-0.016
172.21,0.377,0,0.377,0.413,1,0.000,0.000,0.000,0.000,0.000,0.000,0.014,-0.005
172.41,0.108,0,0.383,0.413,1,0.000,0.000,0.000,0.000,0.000,0.000,-0.014,0.021
172.61,0.108,0,0.383,0.413,1,0.000,0.000,0.000,0.000,0.000,0.000,-0.008,0.021
172.81,0.370,0,0.383,0.413,1,0.000,0.000,0.000,0.000,0.000,0.000,0.006,0.034
173.01,0.108,0,0.381,0.413,1,0.000,0.000,0.000,0.000,0.000,0.000,-0.005,0.033
173.21,0.369,0,0.381,0.413,1,0.000,0.000,0.000,0.000,0.000,0.000,-0.001,0.042
173.41,0.106,0,0.380,0.413,1,0.000,0.000,0.000,0.000,0.000,0.000,-0.005,0.011
173.61,0.105,0,0.380,0.413,1,0.000,0.000,0.000,0.000,0.000,0.000,-0.012,0.017
173.81,0.369,0,0.380,0.413,1,0.000,0.000,0.000,0.000,0.000,0.000,-0.023,0.025
174.01,0.370,0,0.379,0.413,1,0.000,0.000,0.000,0.000,0.000,0.000,-0.012,0.016
174.21,0.358,0,0.379,0.413,1,0.000,0.000,0.000,0.000,0.000,0.000,-0.016,0.020
174.41,0.347,0,0.381,0.413,1,0.000,0.000,0.000,0.000,0.000,0.000,-0.020,0.030
174.61,0.108,0,0.381,0.413,1,0.000,0.000,0.000,0.000,0.000,0.000,-0.021,0.007
174.81,0.105,0,0.381,0.413,1,0.000,0.000,0.000,0.000,0.000,0.000,-0.000,-0.007
175.01,0.373,0,0.388,0.413,1,0.000,0.000,0.000,0.000,0.000,0.000,-0.017,0.024
175.21,0.108,0,0.388,0.413,1,0.000,0.000,0.000,0.000,0.000,0.000,-0.022,0.018
175.41,0.105,0,0.381,0.413,1,0.000,0.000,0.000,0.000,0.000,0.000,-0.012,0.003
175.61,0.370,0,0.381,0.413,1,0.000,0.000,0.000,0.000,0.000,0.000,-0.015,0.021
175.81,0.370,0,0.381,0.413,1,0.000,0.000,0.000,0.000,0.000,0.000,-0.012,0.018
176.01,0.370,0,0.381,0.413,1,0.000,0.000,0.000,0.000,0.000,0.000,-0.010,-0.000
176.21,0.370,0,0.381,0.413,1,0.000,0.000,0.000,0.000,0.000,0.000,-0.013,0.032
176.41,0.108,0,0.380,0.413,1,0.000,0.000,0.000,0.000,0.000,0.000,-0.014,0.023
176.61,0.108,0,0.380,0.413,1,0.000,0.000,0.000,0.000,0.000,0.000,-0.024,0.027
176.81,0.108,0,0.380,0.413,1,0.000,0.000,0.000,0.000,0.000,0.000,-0.018,0.034
177.01,0.370,0,0.381,0.413,1,0.000,0.000,0.000,0.000,0.000,0.000,-0.009,0.025
177.21,0.105,0,0.381,0.413,1,0.000,0.000,0.000,0.000,0.000,0.000,-0.020,0.018
177.41,0.105,0,0.381,0.413,1,0.000,0.000,0.000,0.000,0.000,0.000,-0.025,0.015
177.61,0.370,0,0.381,0.413,1,0.000,0.000,0.000,0.000,0.000,0.000,-0.016,0.033
177.81,0.106,0,0.381,0.413,1,0.000,0.000,0.000,0.000,0.000,0.000,-0.005,0.006
178.01,0.370,0,0.381,0.413,1,0.000,0.000,0.000,0.000,0.000,0.000,-0.014,0.027
178.21,0.108,0,0.381,0.413,1,0.000,0.000,0.000,0.000,0.000,0.000,-0.026,0.027
178.41,0.106,0,0.377,0.413,1,0.000,0.000,0.000,0.000,0.000,0.000,-0.007,0.012
178.61,0.370,0,0.377,0.413,1,0.000,0.000,0.000,0.000,0.000,0.000,-0.011,0.017
178.81,0.370,0,0.377,0.413,1,0.000,0.000,0.000,0.000,0.000,0.000,-0.019,0.023
179.01,0.106,0,0.380,0.413,1,0.000,0.000,0.000,0.000,0.000,0.000,-0.007,0.003
179.21,0.372,0,0.380,0.413,1,0.000,0.000,0.000,0.000,0.000,0.000,0.006,-0.009
179.41,0.108,0,0.384,0.413,1,0.000,0.000,0.000,0.000,0.000,0.000,-0.009,0.024
179.61,0.108,0,0.384,0.413,1,0.000,0.000,0.000,0.000,0.000,0.000,-0.022,0.024
179.81,0.105,0,0.384,0.413,1,0.000,0.000,0.000,0.000,0.000,0.000,-0.003,0.007
180.01,0.108,0,0.381,0.413,1,0.000,0.000,0.000,0.000,0.000,0.000,-0.008,0.022
180.21,0.105,0,0.381,0.413,1,0.000,0.000,0.000,0.000,0.000,0.000,-0.006,0.010
180.41,0.370,0,0.381,0.413,1,0.000,0.000,0.000,0.000,0.000,0.000,-0.016,0.017
180.61,0.105,0,0.381,0.413,1,0.000,0.000,0.000,0.000,0.000,0.000,-0.003,0.006
180.81,0.106,0,0.381,0.413,1,0.000,0.000,0.000,0.000,0.000,0.000,0.001,0.001
181.01,0.370,0,0.381,0.413,1,0.000,0.000,0.000,0.000,0.000,0.000,-0.005,0.015
181.21,0.368,0,0.381,0.413,1,0.000,0.000,0.000,0.000,0.000,0.000,-0.014,0.012
181.41,0.370,0,0.381,0.413,1,0.000,0.000,0.000,0.000,0.000,0.000,-0.011,0.031
181.61,0.106,0,0.381,0.413,1,0.000,0.000,0.000,0.000,0.000,0.000,-0.011,0.003
181.81,0.105,0,0.381,0.413,1,0.000,0.000,0.000,0.000,0.000,0.000,-0.027,0.005
182.01,0.377,0,0.383,0.413,1,0.000,0.000,0.000,0.000,0.000,0.000,-0.011,0.018
182.21,0.108,0,0.383,0.413,1,0.000,0.000,0.000,0.000,0.000,0.000,-0.015,0.015
182.41,0.105,0,0.381,0.413,1,0.000,0.000,0.000,0.000,0.000,0.000,-0.010,0.021
182.61,0.106,0,0.381,0.413,1,0.000,0.000,0.000,0.000,0.000,0.000,-0.020,0.014
182.81,0.370,0,0.381,0.413,1,0.000,0.000,0.000,0.000,0.000,0.000,-0.013,0.008
183.01,0.108,0,0.381,0.413,1,0.000,0.000,0.000,0.000,0.000,0.000,-0.018,0.030
183.21,0.106,0,0.381,0.413,1,0.000,0.000,0.000,0.000,0.000,0.000,-0.018,0.010
183.41,0.369,0,0.380,0.413,1,0.000,0.000,0.000,0.000,0.000,0.000,-0.024,0.026
183.61,0.370,0,0.380,0.413,1,0.000,0.000,0.000,0.000,0.000,0.000,-0.020,0.033
183.81,0.106,0,0.380,0.413,1,0.000,0.000,0.000,0.000,0.000,0.000,-0.025,0.004
184.01,0.373,0,0.388,0.413,1,0.000,0.000,0.000,0.000,0.000,0.000,-0.014,0.014
184.21,0.105,0,0.388,0.413,1,0.000,0.000,0.000,0.000,0.000,0.000,-0.031,0.006
184.41,0.108,0,0.381,0.413,1,0.000,0.000,0.000,0.000,0.000,0.000,-0.016,0.029
184.61,0.105,0,0.381,0.413,1,0.000,0.000,0.000,0.000,0.000,0.000,-0.031,-0.005
184.81,0.108,0,0.381,0.413,1,0.000,0.000,0.000,0.000,0.000,0.000,-0.008,0.010
185.01,0.368,0,0.381,0.413,1,0.000,0.000,0.000,0.000,0.000,0.000,-0.021,0.019
185.21,0.370,0,0.381,0.413,1,0.000,0.000,0.000,0.000,0.000,0.000,-0.023,0.028
185.41,0.105,0,0.382,0.413,1,0.000,0.000,0.000,0.000,0.000,0.000,0.002,-0.010
185.61,0.373,0,0.382,0.413,1,0.000,0.000,0.000,0.000,0.000,0.000,-0.014,0.031
185.81,0.105,0,0.382,0.413,1,0.000,0.000,0.000,0.000,0.000,0.000,-0.030,0.005
186.01,0.370,0,0.381,0.413,1,0.000,0.000,0.000,0.000,0.000,0.000,-0.016,0.032
186.21,0.106,0,0.381,0.413,1,0.000,0.000,0.000,0.000,0.000,0.000,-0.028,0.022
186.41,0.105,0,0.381,0.413,1,0.000,0.000,0.000,0.000,0.000,0.000,-0.035,0.016
186.61,0.105,0,0.381,0.413,1,0.000,0.000,0.000,0.000,0.000,0.000,-0.029,0.006
186.81,0.370,0,0.381,0.413,1,0.000,0.000,0.000,0.000,0.000,0.000,-0.010,0.014
187.01,0.370,0,0.381,0.413,1,0.000,0.000,0.000,0.000,0.000,0.000,-0.014,0.031
187.21,0.108,0,0.381,0.413,1,0.000,0.000,0.000,0.000,0.000,0.000,-0.020,0.025
187.41,0.106,0,0.379,0.413,1,0.000,0.000,0.000,0.000,0.000,0.000,-0.021,0.023
187.61,0.106,0,0.379,0.413,1,0.000,0.000,0.000,0.000,0.000,0.000,-0.024,0.031
187.81,0.106,0,0.379,0.413,1,0.000,0.000,0.000,0.000,0.000,0.000,-0.016,0.015
188.01,0.370,0,0.381,0.413,1,0.000,0.000,0.000,0.000,0.000,0.000,-0.008,0.027
188.21,0.369,0,0.381,0.413,1,0.000,0.000,0.000,0.000,0.000,0.000,-0.016,0.031
188.41,0.370,0,0.381,0.413,1,0.000,0.000,0.000,0.000,0.000,0.000,-0.026,0.030
188.61,0.108,0,0.381,0.413,1,0.000,0.000,0.000,0.000,0.000,0.000,-0.015,0.026
188.81,0.108,0,0.381,0.413,1,0.000,0.000,0.000,0.000,0.000,0.000,-0.027,0.023
189.01,0.131,0,0.381,0.413,1,0.000,0.000,0.000,0.000,0.000,0.000,-0.016,0.035
189.21,0.370,0,0.381,0.413,1,0.000,0.000,0.000,0.000,0.000,0.000,-0.013,0.029
189.41,0.370,0,0.381,0.413,1,0.000,0.000,0.000,0.000,0.000,0.000,-0.011,0.021
189.61,0.369,0,0.381,0.413,1,0.000,0.000,0.000,0.000,0.000,0.000,-0.017,0.035
189.81,0.108,0,0.381,0.413,1,0.000,0.000,0.000,0.000,0.000,0.000,-0.022,0.032
190.01,0.105,0,0.382,0.413,1,0.000,0.000,0.000,0.000,0.000,0.000,-0.027,0.020
190.21,0.105,0,0.382,0.413,1,0.000,0.000,0.000,0.000,0.000,0.000,-0.004,0.011
190.41,0.108,0,0.378,0.413,1,0.000,0.000,0.000,0.000,0.000,0.000,-0.026,0.022
190.61,0.370,0,0.378,0.413,1,0.000,0.000,0.000,0.000,0.000,0.000,-0.012,0.028
190.81,0.105,0,0.378,0.413,1,0.000,0.000,0.000,0.000,0.000,0.000,-0.007,0.010
191.01,0.370,0,0.381,0.413,1,0.000,0.000,0.000,0.000,0.000,0.000,-0.022,0.018
191.21,0.106,0,0.381,0.413,1,0.000,0.000,0.000,0.000,0.000,0.000,-0.016,0.002
191.41,0.108,0,0.382,0.413,1,0.000,0.000,0.000,0.000,0.000,0.000,-0.025,0.022
191.61,0.105,0,0.382,0.413,1,0.000,0.000,0.000,0.000,0.000,0.000,-0.009,0.010
191.81,0.108,0,0.382,0.413,1,0.000,0.000,0.000,0.000,0.000,0.000,-0.014,0.011
192.01,0.370,0,0.381,0.413,1,0.000,0.000,0.000,0.000,0.000,0.000,-0.019,0.029
192.21,0.105,0,0.381,0.413,1,0.000,0.000,0.000,0.000,0.000,0.000,-0.014,0.010
192.41,0.369,0,0.380,0.413,1,0.000,0.000,0.000,0.000,0.000,0.000,-0.028,0.018
192.61,0.370,0,0.380,0.413,1,0.000,0.000,0.000,0.000,0.000,0.000,-0.024,0.018
192.81,0.370,0,0.380,0.413,1,0.000,0.000,0.000,0.000,0.000,0.000,-0.013,0.018
193.01,0.108,0,0.381,0.413,1,0.000,0.000,0.000,0.000,0.000,0.000,-0.015,0.026
193.21,0.106,0,0.381,0.413,1,0.000,0.000,0.000,0.000,0.000,0.000,-0.016,0.003
193.41,0.106,0,0.381,0.413,1,0.000,0.000,0.000,0.000,0.000,0.000,-0.021,-0.005
193.62,0.105,0,0.381,0.413,1,0.000,0.000,0.000,0.000,0.000,0.000,-0.017,0.035
193.81,0.108,0,0.381,0.413,1,0.000,0.000,0.000,0.000,0.000,0.000,-0.014,0.009
194.01,0.106,0,0.380,0.413,1,0.000,0.000,0.000,0.000,0.000,0.000,-0.029,0.009
194.21,0.370,0,0.380,0.413,1,0.000,0.000,0.000,0.000,0.000,0.000,-0.022,0.046
194.41,0.106,0,0.381,0.413,1,0.000,0.000,0.000,0.000,0.000,0.000,-0.019,0.021
194.61,0.370,0,0.381,0.413,1,0.000,0.000,0.000,0.000,0.000,0.000,-0.039,0.038
194.81,0.370,0,0.381,0.413,1,0.000,0.000,0.000,0.000,0.000,0.000,-0.023,0.036
195.01,0.108,0,0.381,0.413,1,0.000,0.000,0.000,0.000,0.000,0.000,-0.011,0.031
195.21,0.106,0,0.381,0.413,1,0.000,0.000,0.000,0.000,0.000,0.000,-0.025,0.022
195.41,0.106,0,0.381,0.413,1,0.000,0.000,0.000,0.000,0.000,0.000,-0.026,0.020
195.61,0.106,0,0.381,0.413,1,0.000,0.000,0.000,0.000,0.000,0.000,-0.007,-0.005
195.81,0.105,0,0.381,0.413,1,0.000,0.000,0.000,0.000,0.000,0.000,-0.016,0.005
196.01,0.105,0,0.382,0.397,1,0.000,0.000,0.000,0.000,0.000,0.000,0.001,-0.006
196.21,0.105,0,0.382,0.397,1,0.000,0.000,0.000,0.000,0.000,0.000,-0.009,-0.003
196.41,0.106,0,0.383,0.557,1,0.000,0.000,0.000,0.000,0.000,0.000,0.007,-0.006
196.61,0.105,0,0.383,0.557,1,0.000,0.000,0.000,0.000,0.000,0.000,-0.001,-0.004
196.81,0.108,0,0.383,0.557,1,0.000,0.000,0.000,0.000,0.000,0.000,0.022,-0.008
197.01,0.108,0,0.374,0.395,1,0.000,0.000,0.000,0.000,0.000,0.000,0.019,0.010
197.21,0.361,0,0.374,0.395,1,0.000,0.000,0.000,0.000,0.000,0.000,-0.005,0.035
197.41,0.359,0,0.370,0.405,1,0.000,0.000,0.000,0.000,0.000,0.000,-0.015,0.040
197.61,0.359,0,0.370,0.405,1,0.000,0.000,0.000,0.000,0.000,0.000,-0.005,0.045
197.81,0.106,0,0.370,0.405,1,0.000,0.000,0.000,0.000,0.000,0.000,-0.022,0.027
198.01,0.361,0,0.375,0.418,1,0.000,0.000,0.000,0.000,0.000,0.000,-0.011,0.039
198.21,0.105,0,0.375,0.418,1,0.000,0.000,0.000,0.000,0.000,0.000,0.007,0.003
198.41,0.106,0,0.178,0.418,0,0.000,0.000,0.000,0.000,0.000,0.000,-0.003,0.018
198.61,0.101,0,0.178,0.418,0,0.000,0.000,0.000,0.000,0.000,0.000,0.010,-0.017
198.81,0.101,0,0.178,0.418,0,0.000,0.000,0.000,0.000,0.000,0.000,0.017,-0.016
199.01,0.101,0,0.135,0.418,0,0.000,0.000,0.000,0.000,0.000,0.000,0.004,-0.009
199.21,0.116,0,0.135,0.418,0,0.000,0.000,0.000,0.000,0.000,0.000,0.007,-0.000
199.41,0.108,0,0.166,nan,0,0.000,0.000,0.000,0.000,0.000,0.000,0.011,0.014
199.61,0.106,0,0.166,nan,0,0.000,0.000,0.000,0.000,0.000,0.000,-0.008,0.010
199.81,0.106,0,0.166,nan,0,0.000,0.000,0.000,0.000,0.000,0.000,0.002,0.001
200.01,0.106,0,0.199,0.419,0,0.000,0.000,0.000,0.000,0.000,0.000,-0.012,0.015
200.21,0.105,0,0.199,0.419,0,0.000,0.000,0.000,0.000,0.000,0.000,-0.010,0.017
200.41,0.105,0,0.374,0.419,1,0.000,0.000,0.000,0.000,0.000,0.000,0.007,0.004
200.61,0.363,0,0.374,0.419,1,0.000,0.000,0.000,0.000,0.000,0.000,0.002,0.025
200.81,0.359,0,0.374,0.419,1,0.000,0.000,0.000,0.000,0.000,0.000,-0.018,0.027
201.01,0.363,0,0.372,0.418,1,0.000,0.000,0.000,0.000,0.000,0.000,-0.020,0.024
201.21,0.363,0,0.372,0.418,1,0.000,0.000,0.000,0.000,0.000,0.000,0.008,0.005
201.41,0.364,0,0.375,0.420,1,0.000,0.000,0.000,0.000,0.000,0.000,0.005,0.011
201.61,0.368,0,0.375,0.420,1,0.000,0.000,0.000,0.000,0.000,0.000,-0.021,0.012
201.81,0.373,0,0.375,0.420,1,0.000,0.000,0.000,0.000,0.000,0.000,-0.022,0.023
202.01,0.380,0,0.385,0.412,1,0.000,0.000,0.000,0.000,0.000,0.000,-0.034,0.025
202.21,0.105,0,0.385,0.412,1,0.000,0.000,0.000,0.000,0.000,0.000,-0.026,0.012
202.41,0.106,0,0.399,0.348,1,0.000,0.000,0.000,0.000,0.000,0.000,-0.035,0.015
202.61,0.391,0,0.399,0.348,1,0.000,0.000,0.000,0.000,0.000,0.000,-0.081,0.004
202.81,0.389,0,0.399,0.348,1,0.000,0.000,0.000,0.000,0.000,0.000,-0.064,0.010
203.01,0.389,0,0.398,0.359,1,0.000,0.000,0.000,0.000,0.000,0.000,-0.076,-0.007
203.21,0.385,0,0.398,0.359,1,0.000,0.000,0.000,0.000,0.000,0.000,-0.082,-0.008
203.41,0.381,0,0.391,0.370,1,0.000,0.000,0.000,0.000,0.000,0.000,-0.077,-0.009
203.61,0.108,0,0.391,0.370,1,0.000,0.000,0.000,0.000,0.000,0.000,-0.076,-0.013
203.81,0.106,0,0.391,0.370,1,0.000,0.000,0.000,0.000,0.000,0.000,-0.081,-0.010
204.01,0.105,0,0.390,0.377,1,0.000,0.000,0.000,0.000,0.000,0.000,-0.069,-0.026
204.21,0.106,0,0.390,0.377,1,0.000,0.000,0.000,0.000,0.000,0.000,-0.085,-0.018
204.41,0.108,0,0.391,0.375,1,0.000,0.000,0.000,0.000,0.000,0.000,-0.071,-0.003
204.61,0.108,0,0.391,0.375,1,0.000,0.000,0.000,0.000,0.000,0.000,-0.064,-0.022
204.81,0.108,0,0.391,0.375,1,0.000,0.000,0.000,0.000,0.000,0.000,-0.057,-0.041
205.01,0.381,0,0.391,0.376,1,0.000,0.000,0.000,0.000,0.000,0.000,-0.078,-0.019
205.21,0.381,0,0.391,0.376,1,0.000,0.000,0.000,0.000,0.000,0.000,-0.036,-0.042
205.41,0.108,0,0.391,0.352,1,0.000,0.000,0.000,0.000,0.000,0.000,0.010,-0.072
205.61,0.106,0,0.391,0.352,1,0.000,0.000,0.000,0.000,0.000,0.000,0.021,-0.066
205.81,0.387,0,0.391,0.352,1,0.000,0.000,0.000,0.000,0.000,0.000,0.011,-0.020
206.01,0.378,0,0.391,0.412,1,0.000,0.000,0.000,0.000,0.000,0.000,0.016,-0.030
206.21,0.105,0,0.391,0.412,1,0.000,0.000,0.000,0.000,0.000,0.000,0.038,-0.023
206.41,0.365,0,0.376,0.415,1,0.000,0.000,0.000,0.000,0.000,0.000,0.034,-0.034
206.61,0.106,0,0.376,0.415,1,0.000,0.000,0.000,0.000,0.000,0.000,0.019,-0.013
206.81,0.363,0,0.376,0.415,1,0.000,0.000,0.000,0.000,0.000,0.000,0.003,-0.010
207.01,0.357,0,0.366,0.391,1,0.000,0.000,0.000,0.000,0.000,0.000,0.028,-0.033
207.21,0.108,0,0.366,0.391,1,0.000,0.000,0.000,0.000,0.000,0.000,0.024,-0.041
207.41,0.108,0,0.496,0.535,1,0.000,0.000,0.000,0.000,0.000,0.000,0.043,-0.026
207.61,0.106,0,0.496,0.535,1,0.000,0.000,0.000,0.000,0.000,0.000,0.025,-0.036
207.81,0.105,0,0.496,0.535,1,0.000,0.000,0.000,0.000,0.000,0.000,0.018,-0.053
208.01,0.106,0,0.495,0.542,1,0.000,0.000,0.000,0.000,0.000,0.000,0.021,-0.056
208.21,0.106,0,0.495,0.542,1,0.000,0.000,0.000,0.000,0.000,0.000,0.032,-0.082
208.41,0.106,0,0.485,0.525,1,0.000,0.000,0.000,0.000,0.000,0.000,0.026,-0.058
208.61,0.105,0,0.485,0.525,1,0.000,0.000,0.000,0.000,0.000,0.000,0.036,-0.062
208.81,0.106,0,0.485,0.525,1,0.000,0.000,0.000,0.000,0.000,0.000,0.017,-0.064
209.01,0.389,0,0.448,0.443,1,0.000,0.000,0.000,0.000,0.000,0.000,0.043,-0.089
209.21,0.391,0,0.448,0.443,1,0.000,0.000,0.000,0.000,0.000,0.000,0.040,-0.087
209.41,0.391,0,0.452,0.459,1,0.000,0.000,0.000,0.000,0.000,0.000,0.044,-0.081
209.61,0.394,0,0.452,0.459,1,0.000,0.000,0.000,0.000,0.000,0.000,0.040,-0.073
209.81,0.105,0,0.452,0.459,1,0.000,0.000,0.000,0.000,0.000,0.000,0.033,-0.070
210.01,0.389,0,0.438,0.408,1,0.000,0.000,0.000,0.000,0.000,0.000,0.041,-0.075
210.21,0.389,0,0.438,0.408,1,0.000,0.000,0.000,0.000,0.000,0.000,0.028,-0.078
210.41,0.106,0,0.436,0.359,1,0.000,0.000,0.000,0.000,0.000,0.000,0.033,-0.063
210.61,0.105,0,0.436,0.359,1,0.000,0.000,0.000,0.000,0.000,0.000,0.042,-0.070
210.81,0.387,0,0.436,0.359,1,0.000,0.000,0.000,0.000,0.000,0.000,0.041,-0.071
211.01,0.389,0,0.408,0.512,1,0.000,0.000,0.000,0.000,0.000,0.000,0.032,-0.083
211.21,0.376,0,0.408,0.512,1,0.000,0.000,0.000,0.000,0.000,0.000,0.036,-0.085
211.41,0.365,0,0.373,0.364,1,0.000,0.000,0.000,0.000,0.000,0.000,0.052,-0.080
211.61,0.358,0,0.373,0.364,1,0.000,0.000,0.000,0.000,0.000,0.000,0.045,-0.077
211.81,0.360,0,0.373,0.364,1,0.000,0.000,0.000,0.000,0.000,0.000,0.040,-0.084
212.01,0.357,0,0.365,0.351,1,0.000,0.000,0.000,0.000,0.000,0.000,0.008,-0.085
212.21,0.347,0,0.365,0.351,1,0.000,0.000,0.000,0.000,0.000,0.000,0.025,-0.106
212.41,0.349,0,0.360,0.314,1,0.000,0.000,0.000,0.000,0.000,0.000,0.020,-0.099
212.61,0.353,0,0.360,0.314,1,0.000,0.000,0.000,0.000,0.000,0.000,0.017,-0.104
212.81,0.360,0,0.360,0.314,1,0.000,0.000,0.000,0.000,0.000,0.000,0.021,-0.107
213.01,0.364,0,0.373,0.330,1,0.000,0.000,0.000,0.000,0.000,0.000,0.019,-0.129
213.21,0.365,0,0.373,0.330,1,0.000,0.000,0.000,0.000,0.000,0.000,0.035,-0.135
213.41,0.368,0,0.379,0.341,1,0.000,0.000,0.000,0.000,0.000,0.000,0.015,-0.118
213.61,0.372,0,0.379,0.341,1,0.000,0.000,0.000,0.000,0.000,0.000,0.027,-0.137
213.81,0.371,0,0.379,0.341,1,0.000,0.000,0.000,0.000,0.000,0.000,0.032,-0.137
214.01,0.363,0,0.377,0.343,1,0.000,0.000,0.000,0.000,0.000,0.000,0.018,-0.139
214.21,0.356,0,0.377,0.343,1,0.000,0.000,0.000,0.000,0.000,0.000,0.011,-0.144
214.41,0.354,0,0.365,0.363,1,0.000,0.000,0.000,0.000,0.000,0.000,0.012,-0.140
214.61,0.353,0,0.365,0.363,1,0.000,0.000,0.000,0.000,0.000,0.000,-0.015,-0.147
214.81,0.351,0,0.365,0.363,1,0.000,0.000,0.000,0.000,0.000,0.000,0.013,-0.157
215.01,0.352,0,0.362,0.377,1,0.000,0.000,0.000,0.000,0.000,0.000,0.008,-0.157
215.21,0.354,0,0.362,0.377,1,0.000,0.000,0.000,0.000,0.000,0.000,-0.009,-0.132
215.41,0.105,0,0.366,0.380,1,0.000,0.000,0.000,0.000,0.000,0.000,0.009,-0.166
215.61,0.352,0,0.366,0.380,1,0.000,0.000,0.000,0.000,0.000,0.000,0.013,-0.156
215.81,0.106,0,0.366,0.380,1,0.000,0.000,0.000,0.000,0.000,0.000,0.010,-0.163
216.01,0.108,0,0.361,0.373,1,0.000,0.000,0.000,0.000,0.000,0.000,0.003,-0.159
216.21,0.349,0,0.361,0.373,1,0.000,0.000,0.000,0.000,0.000,0.000,-0.007,-0.151
216.41,0.108,0,0.361,0.372,1,0.000,0.000,0.000,0.000,0.000,0.000,-0.033,-0.143
216.61,0.105,0,0.361,0.372,1,0.000,0.000,0.000,0.000,0.000,0.000,-0.016,-0.150
216.81,0.106,0,0.361,0.372,1,0.000,0.000,0.000,0.000,0.000,0.000,-0.014,-0.140
217.01,0.355,0,0.364,0.371,1,0.000,0.000,0.000,0.000,0.000,0.000,-0.002,-0.144
217.21,0.364,0,0.364,0.371,1,0.000,0.000,0.000,0.000,0.000,0.000,0.001,-0.154
217.41,0.374,0,0.385,0.386,1,0.000,0.000,0.000,0.000,0.000,0.000,-0.009,-0.147
217.61,0.108,0,0.385,0.386,1,0.000,0.000,0.000,0.000,0.000,0.000,-0.020,-0.113
217.81,0.108,0,0.385,0.386,1,0.000,0.000,0.000,0.000,0.000,0.000,-0.009,-0.130
218.01,0.161,0,0.195,0.437,0,0.000,0.000,0.000,0.000,0.000,0.000,-0.016,-0.152
218.21,0.475,0,0.195,0.437,0,0.000,0.000,0.000,0.000,0.000,0.000,-0.015,-0.139
218.41,0.193,0,0.213,0.538,0,0.000,0.000,0.000,0.000,0.000,0.000,0.001,-0.148
218.61,0.162,0,0.213,0.538,0,0.000,0.000,0.000,0.000,0.000,0.000,0.008,-0.157
218.81,0.147,0,0.213,0.538,0,0.000,0.000,0.000,0.000,0.000,0.000,-0.006,-0.168
219.01,0.157,0,0.188,0.517,0,0.000,0.000,0.000,0.000,0.000,0.000,-0.009,-0.121
219.21,0.470,0,0.188,0.517,0,0.000,0.000,0.000,0.000,0.000,0.000,-0.013,-0.128
219.41,0.474,0,0.582,0.560,1,0.000,0.000,0.000,0.000,0.000,0.000,-0.023,-0.135
219.61,0.105,0,0.582,0.560,1,0.000,0.000,0.000,0.000,0.000,0.000,-0.018,-0.138
219.81,0.474,0,0.582,0.560,1,0.000,0.000,0.000,0.000,0.000,0.000,-0.027,-0.132
220.01,0.474,0,0.578,0.578,1,0.000,0.000,0.000,0.000,0.000,0.000,-0.017,-0.123
220.21,0.105,0,0.578,0.578,1,0.000,0.000,0.000,0.000,0.000,0.000,-0.017,-0.137
220.41,0.475,0,0.572,0.575,1,0.000,0.000,0.000,0.000,0.000,0.000,0.007,-0.133
220.61,0.475,0,0.572,0.575,1,0.000,0.000,0.000,0.000,0.000,0.000,0.003,-0.130
220.81,0.106,0,0.572,0.575,1,0.000,0.000,0.000,0.000,0.000,0.000,0.003,-0.141
221.01,0.506,0,0.574,0.576,1,0.000,0.000,0.000,0.000,0.000,0.000,0.000,-0.130
221.21,0.220,0,0.574,0.576,1,0.000,0.000,0.000,0.000,0.000,0.000,0.012,-0.132
221.41,0.226,0,0.243,0.547,0,0.000,0.000,0.000,0.000,0.000,0.000,0.011,-0.151
221.61,0.444,0,0.243,0.547,0,0.000,0.000,0.000,0.000,0.000,0.000,-0.004,-0.129
221.81,0.433,0,0.243,0.547,0,0.000,0.000,0.000,0.000,0.000,0.000,0.008,-0.121
222.01,0.442,0,0.443,0.522,1,0.000,0.000,0.000,0.000,0.000,0.000,0.004,-0.125
222.21,0.108,0,0.443,0.522,1,0.000,0.000,0.000,0.000,0.000,0.000,-0.010,-0.112
222.41,0.462,0,0.471,0.542,1,0.000,0.000,0.000,0.000,0.000,0.000,0.000,-0.133
222.61,0.462,0,0.471,0.542,1,0.000,0.000,0.000,0.000,0.000,0.000,0.012,-0.127
222.81,0.402,0,0.471,0.542,1,0.000,0.000,0.000,0.000,0.000,0.000,0.006,-0.117
223.01,0.385,0,0.403,0.538,1,0.000,0.000,0.000,0.000,0.000,0.000,0.022,-0.140
223.21,0.377,0,0.403,0.538,1,0.000,0.000,0.000,0.000,0.000,0.000,0.007,-0.140
223.41,0.376,0,0.387,0.521,1,0.000,0.000,0.000,0.000,0.000,0.000,-0.009,-0.116
223.61,0.380,0,0.387,0.521,1,0.000,0.000,0.000,0.000,0.000,0.000,0.014,-0.140
223.81,0.382,0,0.387,0.521,1,0.000,0.000,0.000,0.000,0.000,0.000,0.022,-0.135
224.01,0.388,0,0.394,0.533,1,0.000,0.000,0.000,0.000,0.000,0.000,0.001,-0.112
224.21,0.392,0,0.394,0.533,1,0.000,0.000,0.000,0.000,0.000,0.000,0.010,-0.128
224.41,0.397,0,0.407,0.534,1,0.000,0.000,0.000,0.000,0.000,0.000,0.023,-0.138
224.61,0.108,0,0.407,0.534,1,0.000,0.000,0.000,0.000,0.000,0.000,0.015,-0.123
224.81,0.400,0,0.407,0.534,1,0.000,0.000,0.000,0.000,0.000,0.000,0.004,-0.144
225.01,0.411,0,0.417,0.535,1,0.000,0.000,0.000,0.000,0.000,0.000,0.024,-0.122
225.21,0.106,0,0.417,0.535,1,0.000,0.000,0.000,0.000,0.000,0.000,0.017,-0.124
225.41,0.416,0,0.426,0.537,1,0.000,0.000,0.000,0.000,0.000,0.000,0.020,-0.125
225.61,0.414,0,0.426,0.537,1,0.000,0.000,0.000,0.000,0.000,0.000,0.007,-0.138
225.81,0.407,0,0.426,0.537,1,0.000,0.000,0.000,0.000,0.000,0.000,0.018,-0.134
226.01,0.408,0,0.416,0.535,1,0.000,0.000,0.000,0.000,0.000,0.000,0.019,-0.145
226.21,0.108,0,0.416,0.535,1,0.000,0.000,0.000,0.000,0.000,0.000,0.003,-0.121
226.41,0.411,0,0.431,0.537,1,0.000,0.000,0.000,0.000,0.000,0.000,0.012,-0.161
226.61,0.444,0,0.431,0.537,1,0.000,0.000,0.000,0.000,0.000,0.000,0.010,-0.129
226.81,0.106,0,0.431,0.537,1,0.000,0.000,0.000,0.000,0.000,0.000,-0.002,-0.138
227.01,0.455,0,0.464,0.543,1,0.000,0.000,0.000,0.000,0.000,0.000,0.000,-0.140
227.21,0.455,0,0.464,0.543,1,0.000,0.000,0.000,0.000,0.000,0.000,0.022,-0.145
227.41,0.453,0,0.462,0.541,1,0.000,0.000,0.000,0.000,0.000,0.000,0.009,-0.143
227.61,0.467,0,0.462,0.541,1,0.000,0.000,0.000,0.000,0.000,0.000,0.004,-0.135
227.81,0.481,0,0.462,0.541,1,0.000,0.000,0.000,0.000,0.000,0.000,0.032,-0.142
228.01,0.475,0,0.499,0.551,1,0.000,0.000,0.000,0.000,0.000,0.000,0.018,-0.151
228.21,0.472,0,0.499,0.551,1,0.000,0.000,0.000,0.000,0.000,0.000,0.027,-0.132
228.41,0.475,0,0.487,0.502,1,0.000,0.000,0.000,0.000,0.000,0.000,0.028,-0.151
228.61,0.108,0,0.487,0.502,1,0.000,0.000,0.000,0.000,0.000,0.000,0.015,-0.156
228.81,0.435,0,0.487,0.502,1,0.000,0.000,0.000,0.000,0.000,0.000,0.031,-0.142
229.01,0.418,0,0.432,0.454,1,0.000,0.000,0.000,0.000,0.000,0.000,0.028,-0.150
229.21,0.108,0,0.432,0.454,1,0.000,0.000,0.000,0.000,0.000,0.000,0.021,-0.148
229.41,0.391,0,0.401,0.431,1,0.000,0.000,0.000,0.000,0.000,0.000,0.036,-0.172
229.61,0.106,0,0.401,0.431,1,0.000,0.000,0.000,0.000,0.000,0.000,0.029,-0.138
229.81,0.374,0,0.401,0.431,1,0.000,0.000,0.000,0.000,0.000,0.000,0.047,-0.163
230.01,0.105,0,0.380,0.416,1,0.000,0.000,0.000,0.000,0.000,0.000,0.064,-0.179
230.21,0.359,0,0.380,0.416,1,0.000,0.000,0.000,0.000,0.000,0.000,0.056,-0.170
230.41,0.358,0,0.369,0.342,1,0.000,0.000,0.000,0.000,0.000,0.000,0.104,-0.178
230.61,0.357,0,0.369,0.342,1,0.000,0.000,0.000,0.000,0.000,0.000,0.076,-0.153
230.81,0.355,0,0.369,0.342,1,0.000,0.000,0.000,0.000,0.000,0.000,0.087,-0.149
231.01,0.347,0,0.362,0.320,1,0.000,0.000,0.000,0.000,0.000,0.000,0.063,-0.144
231.21,0.344,0,0.362,0.320,1,0.000,0.000,0.000,0.000,0.000,0.000,0.050,-0.120
231.41,0.343,0,0.357,0.321,1,0.000,0.000,0.000,0.000,0.000,0.000,0.067,-0.148
231.61,0.337,0,0.357,0.321,1,0.000,0.000,0.000,0.000,0.000,0.000,0.052,-0.134
231.81,0.327,0,0.357,0.321,1,0.000,0.000,0.000,0.000,0.000,0.000,0.089,-0.150
232.01,0.326,0,0.375,0.342,1,0.000,0.000,0.000,0.000,0.000,0.000,0.094,-0.133
232.21,0.108,0,0.375,0.342,1,0.000,0.000,0.000,0.000,0.000,0.000,0.061,-0.121
232.41,0.317,0,0.363,0.527,1,0.000,0.000,0.000,0.000,0.000,0.000,0.069,-0.111
232.61,0.108,0,0.363,0.527,1,0.000,0.000,0.000,0.000,0.000,0.000,0.060,-0.106
232.81,0.105,0,0.363,0.527,1,0.000,0.000,0.000,0.000,0.000,0.000,0.065,-0.130
233.01,0.108,0,0.714,0.541,1,0.000,0.000,0.000,0.000,0.000,0.000,0.055,-0.121
233.21,0.108,0,0.714,0.541,1,0.000,0.000,0.000,0.000,0.000,0.000,0.056,-0.091
233.41,0.304,0,0.722,0.586,1,0.000,0.000,0.000,0.000,0.000,0.000,0.063,-0.119
233.61,0.302,0,0.722,0.586,1,0.000,0.000,0.000,0.000,0.000,0.000,0.054,-0.110
233.81,0.299,0,0.722,0.586,1,0.000,0.000,0.000,0.000,0.000,0.000,0.034,-0.119
234.01,0.300,0,0.417,0.601,1,0.000,0.000,0.000,0.000,0.000,0.000,0.047,-0.126
234.21,0.105,0,0.417,0.601,1,0.000,0.000,0.000,0.000,0.000,0.000,0.055,-0.105
234.41,0.105,0,0.415,0.601,1,0.000,0.000,0.000,0.000,0.000,0.000,0.052,-0.100
234.61,0.106,0,0.415,0.601,1,0.000,0.000,0.000,0.000,0.000,0.000,0.047,-0.090
234.81,0.105,0,0.415,0.601,1,0.000,0.000,0.000,0.000,0.000,0.000,0.039,-0.099
235.01,0.108,0,0.410,0.424,1,0.000,0.000,0.000,0.000,0.000,0.000,0.042,-0.084
235.21,0.105,0,0.410,0.424,1,0.000,0.000,0.000,0.000,0.000,0.000,0.029,-0.086
235.41,0.108,0,0.785,0.423,0,0.000,0.000,0.000,0.000,0.000,0.000,0.043,-0.093
235.61,0.356,0,0.785,0.423,0,0.000,0.000,0.000,0.000,0.000,0.000,0.043,-0.091
235.81,0.105,0,0.785,0.423,0,0.000,0.000,0.000,0.000,0.000,0.000,0.044,-0.095
236.01,0.401,0,0.411,0.424,1,0.000,0.000,0.000,0.000,0.000,0.000,0.022,-0.079
236.21,0.105,0,0.411,0.424,1,0.000,0.000,0.000,0.000,0.000,0.000,0.027,-0.064
236.41,0.108,0,0.411,0.424,1,0.000,0.000,0.000,0.000,0.000,0.000,0.003,-0.058
236.61,0.108,0,0.411,0.424,1,0.000,0.000,0.000,0.000,0.000,0.000,0.007,-0.070
236.81,0.108,0,0.411,0.424,1,0.000,0.000,0.000,0.000,0.000,0.000,0.012,-0.059
237.01,0.108,0,0.411,0.423,1,0.000,0.000,0.000,0.000,0.000,0.000,0.018,-0.061
237.21,0.401,0,0.411,0.423,1,0.000,0.000,0.000,0.000,0.000,0.000,0.038,-0.074
237.41,0.108,0,0.408,0.424,1,0.000,0.000,0.000,0.000,0.000,0.000,0.025,-0.068
237.61,0.106,0,0.408,0.424,1,0.000,0.000,0.000,0.000,0.000,0.000,0.043,-0.071
237.81,0.106,0,0.408,0.424,1,0.000,0.000,0.000,0.000,0.000,0.000,0.047,-0.078
238.01,0.401,0,0.413,0.423,1,0.000,0.000,0.000,0.000,0.000,0.000,0.032,-0.073
238.21,0.403,0,0.413,0.423,1,0.000,0.000,0.000,0.000,0.000,0.000,0.025,-0.061
238.41,0.105,0,0.410,0.424,1,0.000,0.000,0.000,0.000,0.000,0.000,0.037,-0.069
238.61,0.106,0,0.410,0.424,1,0.000,0.000,0.000,0.000,0.000,0.000,0.035,-0.078
238.81,0.106,0,0.410,0.424,1,0.000,0.000,0.000,0.000,0.000,0.000,0.028,-0.066
239.01,0.106,0,0.412,0.423,1,0.000,0.000,0.000,0.000,0.000,0.000,0.033,-0.082
239.21,0.106,0,0.412,0.423,1,0.000,0.000,0.000,0.000,0.000,0.000,0.026,-0.074
239.41,0.106,0,0.412,0.423,1,0.000,0.000,0.000,0.000,0.000,0.000,0.013,-0.090
239.61,0.108,0,0.412,0.423,1,0.000,0.000,0.000,0.000,0.000,0.000,0.020,-0.072
239.81,0.401,0,0.412,0.423,1,0.000,0.000,0.000,0.000,0.000,0.000,0.020,-0.073
240.01,0.108,0,0.412,0.423,1,0.000,0.000,0.000,0.000,0.000,0.000,0.004,-0.070
240.21,0.403,0,0.412,0.423,1,0.000,0.000,0.000,0.000,0.000,0.000,0.011,-0.082
240.41,0.401,0,0.411,0.424,1,0.000,0.000,0.000,0.000,0.000,0.000,0.035,-0.083
240.61,0.105,0,0.411,0.424,1,0.000,0.000,0.000,0.000,0.000,0.000,0.032,-0.075
240.81,0.106,0,0.411,0.424,1,0.000,0.000,0.000,0.000,0.000,0.000,0.021,-0.079
241.01,0.403,0,0.779,0.423,0,0.000,0.000,0.000,0.000,0.000,0.000,0.023,-0.073
241.21,0.108,0,0.779,0.423,0,0.000,0.000,0.000,0.000,0.000,0.000,0.006,-0.073
241.41,0.108,0,0.783,0.423,0,0.000,0.000,0.000,0.000,0.000,0.000,0.012,-0.075
241.61,0.105,0,0.783,0.423,0,0.000,0.000,0.000,0.000,0.000,0.000,0.033,-0.078
241.81,0.105,0,0.783,0.423,0,0.000,0.000,0.000,0.000,0.000,0.000,0.034,-0.081
242.01,0.108,0,0.411,0.423,1,0.000,0.000,0.000,0.000,0.000,0.000,0.021,-0.088
242.21,0.403,0,0.411,0.423,1,0.000,0.000,0.000,0.000,0.000,0.000,0.036,-0.085
242.41,0.106,0,0.412,0.423,1,0.000,0.000,0.000,0.000,0.000,0.000,0.021,-0.089
242.61,0.108,0,0.412,0.423,1,0.000,0.000,0.000,0.000,0.000,0.000,0.025,-0.087
242.81,0.403,0,0.412,0.423,1,0.000,0.000,0.000,0.000,0.000,0.000,0.035,-0.089
243.01,0.105,0,0.410,0.424,1,0.000,0.000,0.000,0.000,0.000,0.000,0.048,-0.083
243.21,0.401,0,0.410,0.424,1,0.000,0.000,0.000,0.000,0.000,0.000,0.032,-0.081
243.41,0.105,0,0.411,0.423,1,0.000,0.000,0.000,0.000,0.000,0.000,0.052,-0.098
243.61,0.403,0,0.411,0.423,1,0.000,0.000,0.000,0.000,0.000,0.000,0.035,-0.083
243.81,0.108,0,0.411,0.423,1,0.000,0.000,0.000,0.000,0.000,0.000,0.042,-0.101
244.01,0.401,0,0.753,0.424,0,0.000,0.000,0.000,0.000,0.000,0.000,0.022,-0.096
244.21,0.403,0,0.753,0.424,0,0.000,0.000,0.000,0.000,0.000,0.000,0.036,-0.083
244.41,0.105,0,0.410,0.423,1,0.000,0.000,0.000,0.000,0.000,0.000,0.046,-0.084
244.61,0.105,0,0.410,0.423,1,0.000,0.000,0.000,0.000,0.000,0.000,0.042,-0.073
244.81,0.106,0,0.410,0.423,1,0.000,0.000,0.000,0.000,0.000,0.000,0.022,-0.075
245.01,0.105,0,0.411,0.423,1,0.000,0.000,0.000,0.000,0.000,0.000,0.032,-0.072
245.21,0.401,0,0.411,0.423,1,0.000,0.000,0.000,0.000,0.000,0.000,0.034,-0.098
245.41,0.108,0,0.412,0.423,1,0.000,0.000,0.000,0.000,0.000,0.000,0.018,-0.095
245.61,0.105,0,0.412,0.423,1,0.000,0.000,0.000,0.000,0.000,0.000,0.030,-0.073
245.81,0.108,0,0.412,0.423,1,0.000,0.000,0.000,0.000,0.000,0.000,0.014,-0.081
246.01,0.401,0,0.412,0.424,1,0.000,0.000,0.000,0.000,0.000,0.000,0.029,-0.067
246.21,0.108,0,0.412,0.424,1,0.000,0.000,0.000,0.000,0.000,0.000,0.024,-0.075
246.41,0.401,0,0.789,0.424,0,0.000,0.000,0.000,0.000,0.000,0.000,0.024,-0.079
246.61,0.400,0,0.789,0.424,0,0.000,0.000,0.000,0.000,0.000,0.000,0.030,-0.076
246.81,0.108,0,0.789,0.424,0,0.000,0.000,0.000,0.000,0.000,0.000,0.020,-0.077
247.01,0.108,0,0.409,0.423,1,0.000,0.000,0.000,0.000,0.000,0.000,0.019,-0.088
247.21,0.106,0,0.409,0.423,1,0.000,0.000,0.000,0.000,0.000,0.000,0.021,-0.083
247.41,0.105,0,0.412,0.423,1,0.000,0.000,0.000,0.000,0.000,0.000,0.030,-0.075
247.61,0.403,0,0.412,0.423,1,0.000,0.000,0.000,0.000,0.000,0.000,0.028,-0.084
247.81,0.106,0,0.412,0.423,1,0.000,0.000,0.000,0.000,0.000,0.000,0.024,-0.076
248.01,0.401,0,0.409,0.424,1,0.000,0.000,0.000,0.000,0.000,0.000,0.028,-0.097
248.21,0.105,0,0.409,0.424,1,0.000,0.000,0.000,0.000,0.000,0.000,0.035,-0.077
248.41,0.105,0,0.411,0.423,1,0.000,0.000,0.000,0.000,0.000,0.000,0.042,-0.088
248.61,0.401,0,0.411,0.423,1,0.000,0.000,0.000,0.000,0.000,0.000,0.026,-0.088
248.81,0.106,0,0.411,0.423,1,0.000,0.000,0.000,0.000,0.000,0.000,0.022,-0.072
249.01,0.398,0,0.410,0.424,1,0.000,0.000,0.000,0.000,0.000,0.000,0.035,-0.086
249.21,0.105,0,0.410,0.424,1,0.000,0.000,0.000,0.000,0.000,0.000,0.021,-0.080
249.41,0.108,0,0.412,0.423,1,0.000,0.000,0.000,0.000,0.000,0.000,0.008,-0.092
249.61,0.106,0,0.412,0.423,1,0.000,0.000,0.000,0.000,0.000,0.000,0.014,-0.078
249.81,0.403,0,0.412,0.423,1,0.000,0.000,0.000,0.000,0.000,0.000,0.019,-0.082
250.01,0.108,0,0.790,0.423,0,0.000,0.000,0.000,0.000,0.000,0.000,0.020,-0.085
250.21,0.105,0,0.790,0.423,0,0.000,0.000,0.000,0.000,0.000,0.000,0.033,-0.086
250.41,0.401,0,0.411,0.423,1,0.000,0.000,0.000,0.000,0.000,0.000,0.010,-0.083
250.61,0.105,0,0.411,0.423,1,0.000,0.000,0.000,0.000,0.000,0.000,0.025,-0.075
250.81,0.108,0,0.411,0.423,1,0.000,0.000,0.000,0.000,0.000,0.000,0.017,-0.082
251.01,0.403,0,0.412,0.423,1,0.000,0.000,0.000,0.000,0.000,0.000,0.003,-0.091
251.21,0.105,0,0.412,0.423,1,0.000,0.000,0.000,0.000,0.000,0.000,0.018,-0.071
251.41,0.106,0,0.412,0.423,1,0.000,0.000,0.000,0.000,0.000,0.000,0.022,-0.075
251.61,0.105,0,0.412,0.423,1,0.000,0.000,0.000,0.000,0.000,0.000,0.013,-0.076
251.81,0.108,0,0.412,0.423,1,0.000,0.000,0.000,0.000,0.000,0.000,0.005,-0.084
252.01,0.400,0,0.412,0.423,1,0.000,0.000,0.000,0.000,0.000,0.000,0.031,-0.081
252.21,0.106,0,0.412,0.423,1,0.000,0.000,0.000,0.000,0.000,0.000,0.021,-0.083
252.41,0.108,0,0.411,0.423,1,0.000,0.000,0.000,0.000,0.000,0.000,0.028,-0.088
252.61,0.401,0,0.411,0.423,1,0.000,0.000,0.000,0.000,0.000,0.000,0.023,-0.087
252.81,0.460,0,0.411,0.423,1,0.000,0.000,0.000,0.000,0.000,0.000,0.029,-0.079
253.01,0.105,0,0.412,0.423,1,0.000,0.000,0.000,0.000,0.000,0.000,0.038,-0.079
253.21,0.108,0,0.412,0.423,1,0.000,0.000,0.000,0.000,0.000,0.000,0.020,-0.080
253.41,0.105,0,0.808,0.423,0,0.000,0.000,0.000,0.000,0.000,0.000,0.040,-0.087
253.61,0.400,0,0.808,0.423,0,0.000,0.000,0.000,0.000,0.000,0.000,0.025,-0.080
253.81,0.108,0,0.808,0.423,0,0.000,0.000,0.000,0.000,0.000,0.000,0.019,-0.076
254.01,0.403,0,0.410,0.423,1,0.000,0.000,0.000,0.000,0.000,0.000,0.025,-0.073
254.21,0.105,0,0.410,0.423,1,0.000,0.000,0.000,0.000,0.000,0.000,0.036,-0.078
254.41,0.108,0,0.412,0.423,1,0.000,0.000,0.000,0.000,0.000,0.000,0.023,-0.072
254.61,0.401,0,0.412,0.423,1,0.000,0.000,0.000,0.000,0.000,0.000,0.022,-0.067
254.81,0.106,0,0.412,0.423,1,0.000,0.000,0.000,0.000,0.000,0.000,0.031,-0.065
255.01,0.108,0,0.797,0.424,0,0.000,0.000,0.000,0.000,0.000,0.000,0.014,-0.077
255.21,0.108,0,0.797,0.424,0,0.000,0.000,0.000,0.000,0.000,0.000,0.004,-0.080
255.41,0.401,0,0.411,0.423,1,0.000,0.000,0.000,0.000,0.000,0.000,0.024,-0.082
255.61,0.401,0,0.411,0.423,1,0.000,0.000,0.000,0.000,0.000,0.000,0.011,-0.077
255.81,0.105,0,0.411,0.423,1,0.000,0.000,0.000,0.000,0.000,0.000,0.003,-0.081
256.01,0.401,0,0.410,0.424,1,0.000,0.000,0.000,0.000,0.000,0.000,0.014,-0.075
256.21,0.105,0,0.410,0.424,1,0.000,0.000,0.000,0.000,0.000,0.000,0.019,-0.063
256.41,0.105,0,0.409,0.424,1,0.000,0.000,0.000,0.000,0.000,0.000,0.038,-0.079
256.61,0.105,0,0.409,0.424,1,0.000,0.000,0.000,0.000,0.000,0.000,0.017,-0.075
256.81,0.106,0,0.409,0.424,1,0.000,0.000,0.000,0.000,0.000,0.000,0.024,-0.066
257.01,0.108,0,0.799,0.423,0,0.000,0.000,0.000,0.000,0.000,0.000,0.000,-0.088
257.21,0.106,0,0.799,0.423,0,0.000,0.000,0.000,0.000,0.000,0.000,0.022,-0.069
257.41,0.106,0,0.412,0.424,1,0.000,0.000,0.000,0.000,0.000,0.000,0.023,-0.076
257.61,0.400,0,0.412,0.424,1,0.000,0.000,0.000,0.000,0.000,0.000,0.036,-0.084
257.81,0.106,0,0.412,0.424,1,0.000,0.000,0.000,0.000,0.000,0.000,0.022,-0.067
258.01,0.106,0,0.412,0.423,1,0.000,0.000,0.000,0.000,0.000,0.000,0.022,-0.079
258.21,0.403,0,0.412,0.423,1,0.000,0.000,0.000,0.000,0.000,0.000,0.015,-0.081
258.41,0.106,0,0.411,0.424,1,0.000,0.000,0.000,0.000,0.000,0.000,0.022,-0.080
258.61,0.108,0,0.411,0.424,1,0.000,0.000,0.000,0.000,0.000,0.000,0.031,-0.089
258.81,0.106,0,0.411,0.424,1,0.000,0.000,0.000,0.000,0.000,0.000,0.015,-0.069
259.01,0.108,0,0.411,0.423,1,0.000,0.000,0.000,0.000,0.000,0.000,-0.002,-0.078
259.21,0.462,0,0.411,0.423,1,0.000,0.000,0.000,0.000,0.000,0.000,0.002,-0.070
259.41,0.401,0,0.411,0.423,1,0.000,0.000,0.000,0.000,0.000,0.000,0.010,-0.072
259.61,0.403,0,0.411,0.423,1,0.000,0.000,0.000,0.000,0.000,0.000,0.012,-0.068
259.81,0.108,0,0.411,0.423,1,0.000,0.000,0.000,0.000,0.000,0.000,0.004,-0.078
260.01,0.105,0,0.409,0.423,1,0.000,0.000,0.000,0.000,0.000,0.000,0.015,-0.079
260.21,0.401,0,0.409,0.423,1,0.000,0.000,0.000,0.000,0.000,0.000,-0.011,-0.067
260.41,0.105,0,0.412,0.423,1,0.000,0.000,0.000,0.000,0.000,0.000,0.012,-0.077
260.61,0.108,0,0.412,0.423,1,0.000,0.000,0.000,0.000,0.000,0.000,0.016,-0.072
260.81,0.108,0,0.412,0.423,1,0.000,0.000,0.000,0.000,0.000,0.000,0.016,-0.075
261.01,0.398,0,0.412,0.423,1,0.000,0.000,0.000,0.000,0.000,0.000,0.018,-0.080
261.21,0.106,0,0.412,0.423,1,0.000,0.000,0.000,0.000,0.000,0.000,0.012,-0.081
261.41,0.460,0,0.901,0.423,0,0.000,0.000,0.000,0.000,0.000,0.000,0.008,-0.074
261.61,0.398,0,0.901,0.423,0,0.000,0.000,0.000,0.000,0.000,0.000,0.008,-0.075
261.81,0.106,0,0.901,0.423,0,0.000,0.000,0.000,0.000,0.000,0.000,0.011,-0.071
262.01,0.108,0,0.412,0.423,1,0.000,0.000,0.000,0.000,0.000,0.000,0.019,-0.067
262.21,0.108,0,0.412,0.423,1,0.000,0.000,0.000,0.000,0.000,0.000,0.013,-0.062
262.41,0.108,0,0.412,0.423,1,0.000,0.000,0.000,0.000,0.000,0.000,0.005,-0.060
262.61,0.105,0,0.412,0.423,1,0.000,0.000,0.000,0.000,0.000,0.000,0.011,-0.064
262.81,0.105,0,0.412,0.423,1,0.000,0.000,0.000,0.000,0.000,0.000,-0.005,-0.063
263.01,0.401,0,0.410,0.424,1,0.000,0.000,0.000,0.000,0.000,0.000,-0.010,-0.055
263.21,0.401,0,0.410,0.424,1,0.000,0.000,0.000,0.000,0.000,0.000,0.007,-0.060
263.41,0.106,0,0.745,0.423,0,0.000,0.000,0.000,0.000,0.000,0.000,0.016,-0.054
263.61,0.108,0,0.745,0.423,0,0.000,0.000,0.000,0.000,0.000,0.000,0.009,-0.058
263.81,0.398,0,0.745,0.423,0,0.000,0.000,0.000,0.000,0.000,0.000,0.014,-0.055
264.01,0.106,0,0.412,0.423,1,0.000,0.000,0.000,0.000,0.000,0.000,0.004,-0.046
264.21,0.105,0,0.412,0.423,1,0.000,0.000,0.000,0.000,0.000,0.000,0.016,-0.058
264.41,0.398,0,0.408,0.423,1,0.000,0.000,0.000,0.000,0.000,0.000,0.017,-0.062
264.61,0.403,0,0.408,0.423,1,0.000,0.000,0.000,0.000,0.000,0.000,0.015,-0.065
264.81,0.108,0,0.408,0.423,1,0.000,0.000,0.000,0.000,0.000,0.000,0.003,-0.066
265.01,0.106,0,0.356,0.422,1,0.000,0.000,0.000,0.000,0.000,0.000,0.021,-0.073
265.21,0.403,0,0.356,0.422,1,0.000,0.000,0.000,0.000,0.000,0.000,0.000,-0.076
265.41,0.401,0,0.411,0.421,1,0.000,0.000,0.000,0.000,0.000,0.000,-0.000,-0.078
265.61,0.105,0,0.411,0.421,1,0.000,0.000,0.000,0.000,0.000,0.000,0.024,-0.068
265.81,0.400,0,0.411,0.421,1,0.000,0.000,0.000,0.000,0.000,0.000,0.028,-0.080
266.01,0.108,0,0.411,0.420,1,0.000,0.000,0.000,0.000,0.000,0.000,0.024,-0.077
266.21,0.106,0,0.411,0.420,1,0.000,0.000,0.000,0.000,0.000,0.000,0.020,-0.078
266.41,0.403,0,0.412,0.418,1,0.000,0.000,0.000,0.000,0.000,0.000,0.022,-0.081
266.61,0.105,0,0.412,0.418,1,0.000,0.000,0.000,0.000,0.000,0.000,0.029,-0.078
266.81,0.408,0,0.412,0.418,1,0.000,0.000,0.000,0.000,0.000,0.000,-0.001,-0.071
267.01,0.401,0,0.410,0.419,1,0.000,0.000,0.000,0.000,0.000,0.000,0.024,-0.074
267.21,0.403,0,0.410,0.419,1,0.000,0.000,0.000,0.000,0.000,0.000,0.023,-0.073
267.41,0.108,0,0.409,0.410,1,0.000,0.000,0.000,0.000,0.000,0.000,0.022,-0.070
267.61,0.106,0,0.409,0.410,1,0.000,0.000,0.000,0.000,0.000,0.000,0.021,-0.074
267.81,0.400,0,0.409,0.410,1,0.000,0.000,0.000,0.000,0.000,0.000,0.008,-0.075
268.01,0.403,0,0.414,0.414,1,0.000,0.000,0.000,0.000,0.000,0.000,0.026,-0.074
268.21,0.108,0,0.414,0.414,1,0.000,0.000,0.000,0.000,0.000,0.000,0.026,-0.080
268.41,0.105,0,0.432,0.418,1,0.000,0.000,0.000,0.000,0.000,0.000,0.020,-0.078
268.61,0.403,0,0.432,0.418,1,0.000,0.000,0.000,0.000,0.000,0.000,0.009,-0.086
268.81,0.105,0,0.432,0.418,1,0.000,0.000,0.000,0.000,0.000,0.000,0.032,-0.089
269.01,0.106,0,0.411,0.420,1,0.000,0.000,0.000,0.000,0.000,0.000,0.007,-0.074
269.21,0.401,0,0.411,0.420,1,0.000,0.000,0.000,0.000,0.000,0.000,0.005,-0.078
269.41,0.403,0,0.412,0.419,1,0.000,0.000,0.000,0.000,0.000,0.000,0.010,-0.074
269.61,0.403,0,0.412,0.419,1,0.000,0.000,0.000,0.000,0.000,0.000,0.029,-0.081
269.81,0.105,0,0.412,0.419,1,0.000,0.000,0.000,0.000,0.000,0.000,0.017,-0.066
270.01,0.108,0,0.409,0.420,1,0.000,0.000,0.000,0.000,0.000,0.000,0.023,-0.071
270.21,0.108,0,0.409,0.420,1,0.000,0.000,0.000,0.000,0.000,0.000,0.025,-0.069
270.41,0.108,0,0.412,0.422,1,0.000,0.000,0.000,0.000,0.000,0.000,0.019,-0.066
270.61,0.106,0,0.412,0.422,1,0.000,0.000,0.000,0.000,0.000,0.000,0.022,-0.076
270.81,0.401,0,0.412,0.422,1,0.000,0.000,0.000,0.000,0.000,0.000,0.005,-0.074
271.01,0.401,0,0.411,0.423,1,0.000,0.000,0.000,0.000,0.000,0.000,0.010,-0.077
271.21,0.108,0,0.411,0.423,1,0.000,0.000,0.000,0.000,0.000,0.000,-0.005,-0.070
271.41,0.105,0,0.411,0.423,1,0.000,0.000,0.000,0.000,0.000,0.000,0.025,-0.076
271.61,0.105,0,0.411,0.423,1,0.000,0.000,0.000,0.000,0.000,0.000,0.015,-0.076
271.81,0.105,0,0.411,0.423,1,0.000,0.000,0.000,0.000,0.000,0.000,0.020,-0.076
272.01,0.106,0,0.411,0.423,1,0.000,0.000,0.000,0.000,0.000,0.000,0.021,-0.075
272.21,0.108,0,0.411,0.423,1,0.000,0.000,0.000,0.000,0.000,0.000,0.025,-0.073
272.41,0.108,0,0.696,0.423,0,0.000,0.000,0.000,0.000,0.000,0.000,0.007,-0.079
272.61,0.401,0,0.696,0.423,0,0.000,0.000,0.000,0.000,0.000,0.000,0.004,-0.082
272.81,0.400,0,0.696,0.423,0,0.000,0.000,0.000,0.000,0.000,0.000,0.016,-0.076
273.01,0.108,0,0.412,0.423,1,0.000,0.000,0.000,0.000,0.000,0.000,0.006,-0.073
273.21,0.401,0,0.412,0.423,1,0.000,0.000,0.000,0.000,0.000,0.000,0.017,-0.091
273.41,0.105,0,0.409,0.423,1,0.000,0.000,0.000,0.000,0.000,0.000,0.022,-0.084
273.61,0.106,0,0.409,0.423,1,0.000,0.000,0.000,0.000,0.000,0.000,0.016,-0.076
273.81,0.108,0,0.409,0.423,1,0.000,0.000,0.000,0.000,0.000,0.000,0.005,-0.085
274.01,0.105,0,0.411,0.423,1,0.000,0.000,0.000,0.000,0.000,0.000,0.028,-0.086
274.21,0.106,0,0.411,0.423,1,0.000,0.000,0.000,0.000,0.000,0.000,0.018,-0.072
274.41,0.106,0,0.779,0.423,0,0.000,0.000,0.000,0.000,0.000,0.000,0.023,-0.079
274.61,0.400,0,0.779,0.423,0,0.000,0.000,0.000,0.000,0.000,0.000,0.021,-0.080
274.81,0.105,0,0.779,0.423,0,0.000,0.000,0.000,0.000,0.000,0.000,-0.004,-0.070
275.01,0.105,0,0.411,0.423,1,0.000,0.000,0.000,0.000,0.000,0.000,0.009,-0.069
275.21,0.403,0,0.411,0.423,1,0.000,0.000,0.000,0.000,0.000,0.000,0.015,-0.065
275.41,0.106,0,0.412,0.419,1,0.000,0.000,0.000,0.000,0.000,0.000,-0.002,-0.051
275.61,0.108,0,0.412,0.419,1,0.000,0.000,0.000,0.000,0.000,0.000,-0.003,-0.049
275.81,0.108,0,0.412,0.419,1,0.000,0.000,0.000,0.000,0.000,0.000,-0.012,-0.062
276.01,0.106,0,0.412,0.418,1,0.000,0.000,0.000,0.000,0.000,0.000,0.014,-0.055
276.21,0.108,0,0.412,0.418,1,0.000,0.000,0.000,0.000,0.000,0.000,-0.004,-0.056
276.41,0.105,0,0.408,0.418,1,0.000,0.000,0.000,0.000,0.000,0.000,-0.019,-0.039
276.61,0.105,0,0.408,0.418,1,0.000,0.000,0.000,0.000,0.000,0.000,0.014,-0.056
276.81,0.108,0,0.408,0.418,1,0.000,0.000,0.000,0.000,0.000,0.000,-0.015,-0.057
277.01,0.106,0,0.781,0.420,0,0.000,0.000,0.000,0.000,0.000,0.000,0.014,-0.056
277.21,0.108,0,0.781,0.420,0,0.000,0.000,0.000,0.000,0.000,0.000,-0.005,-0.057
277.41,0.105,0,0.415,0.422,1,0.000,0.000,0.000,0.000,0.000,0.000,0.012,-0.052
277.61,0.401,0,0.415,0.422,1,0.000,0.000,0.000,0.000,0.000,0.000,0.015,-0.063
277.81,0.105,0,0.415,0.422,1,0.000,0.000,0.000,0.000,0.000,0.000,0.019,-0.065
278.01,0.401,0,0.411,0.423,1,0.000,0.000,0.000,0.000,0.000,0.000,0.023,-0.069
278.21,0.106,0,0.411,0.423,1,0.000,0.000,0.000,0.000,0.000,0.000,0.001,-0.077
278.41,0.401,0,0.411,0.420,1,0.000,0.000,0.000,0.000,0.000,0.000,0.031,-0.090
278.61,0.105,0,0.411,0.420,1,0.000,0.000,0.000,0.000,0.000,0.000,0.019,-0.081
278.81,0.105,0,0.411,0.420,1,0.000,0.000,0.000,0.000,0.000,0.000,0.025,-0.074
279.01,0.105,0,0.409,0.421,1,0.000,0.000,0.000,0.000,0.000,0.000,0.025,-0.086
279.21,0.105,0,0.409,0.421,1,0.000,0.000,0.000,0.000,0.000,0.000,0.016,-0.075
279.41,0.108,0,0.411,0.422,1,0.000,0.000,0.000,0.000,0.000,0.000,-0.002,-0.066
279.61,0.108,0,0.411,0.422,1,0.000,0.000,0.000,0.000,0.000,0.000,0.008,-0.079
279.81,0.398,0,0.411,0.422,1,0.000,0.000,0.000,0.000,0.000,0.000,0.011,-0.073
280.01,0.106,0,0.411,0.423,1,0.000,0.000,0.000,0.000,0.000,0.000,0.007,-0.077
280.21,0.108,0,0.411,0.423,1,0.000,0.000,0.000,0.000,0.000,0.000,-0.001,-0.066
280.41,0.401,0,0.411,0.423,1,0.000,0.000,0.000,0.000,0.000,0.000,0.013,-0.082
280.61,0.403,0,0.411,0.423,1,0.000,0.000,0.000,0.000,0.000,0.000,0.008,-0.078
280.81,0.108,0,0.411,0.423,1,0.000,0.000,0.000,0.000,0.000,0.000,-0.001,-0.070
281.01,0.403,0,0.783,0.423,0,0.000,0.000,0.000,0.000,0.000,0.000,-0.010,-0.062
281.21,0.108,0,0.783,0.423,0,0.000,0.000,0.000,0.000,0.000,0.000,0.006,-0.068
281.41,0.106,0,0.412,0.423,1,0.000,0.000,0.000,0.000,0.000,0.000,0.015,-0.073
281.61,0.400,0,0.412,0.423,1,0.000,0.000,0.000,0.000,0.000,0.000,0.006,-0.079
281.81,0.108,0,0.412,0.423,1,0.000,0.000,0.000,0.000,0.000,0.000,0.011,-0.079
282.01,0.105,0,0.416,0.423,1,0.000,0.000,0.000,0.000,0.000,0.000,0.016,-0.074
282.21,0.106,0,0.416,0.423,1,0.000,0.000,0.000,0.000,0.000,0.000,0.011,-0.077
282.41,0.106,0,0.412,0.423,1,0.000,0.000,0.000,0.000,0.000,0.000,0.009,-0.071
282.61,0.105,0,0.412,0.423,1,0.000,0.000,0.000,0.000,0.000,0.000,0.007,-0.076
282.81,0.401,0,0.412,0.423,1,0.000,0.000,0.000,0.000,0.000,0.000,0.008,-0.074
283.01,0.105,0,0.409,0.423,1,0.000,0.000,0.000,0.000,0.000,0.000,0.019,-0.078
283.21,0.401,0,0.409,0.423,1,0.000,0.000,0.000,0.000,0.000,0.000,0.011,-0.074
283.41,0.401,0,1.004,0.423,0,0.000,0.000,0.000,0.000,0.000,0.000,0.006,-0.053
283.61,0.401,0,1.004,0.423,0,0.000,0.000,0.000,0.000,0.000,0.000,0.012,-0.071
283.81,0.108,0,1.004,0.423,0,0.000,0.000,0.000,0.000,0.000,0.000,0.021,-0.071
284.01,0.403,0,0.412,0.423,1,0.000,0.000,0.000,0.000,0.000,0.000,0.012,-0.065
284.21,0.106,0,0.412,0.423,1,0.000,0.000,0.000,0.000,0.000,0.000,0.015,-0.071
284.41,0.403,0,0.412,0.423,1,0.000,0.000,0.000,0.000,0.000,0.000,0.017,-0.081
284.61,0.106,0,0.412,0.423,1,0.000,0.000,0.000,0.000,0.000,0.000,-0.002,-0.063
284.81,0.403,0,0.412,0.423,1,0.000,0.000,0.000,0.000,0.000,0.000,0.018,-0.074
285.01,0.403,0,0.412,0.423,1,0.000,0.000,0.000,0.000,0.000,0.000,0.010,-0.069
285.21,0.106,0,0.412,0.423,1,0.000,0.000,0.000,0.000,0.000,0.000,0.021,-0.072
285.41,0.108,0,0.409,0.423,1,0.000,0.000,0.000,0.000,0.000,0.000,0.015,-0.073
285.61,0.105,0,0.409,0.423,1,0.000,0.000,0.000,0.000,0.000,0.000,0.000,-0.073
285.81,0.401,0,0.409,0.423,1,0.000,0.000,0.000,0.000,0.000,0.000,0.010,-0.067
286.01,0.106,0,0.411,0.423,1,0.000,0.000,0.000,0.000,0.000,0.000,-0.001,-0.085
286.21,0.108,0,0.411,0.423,1,0.000,0.000,0.000,0.000,0.000,0.000,0.014,-0.077
286.41,0.403,0,0.412,0.423,1,0.000,0.000,0.000,0.000,0.000,0.000,0.014,-0.068
286.61,0.105,0,0.412,0.423,1,0.000,0.000,0.000,0.000,0.000,0.000,0.018,-0.067
286.81,0.108,0,0.412,0.423,1,0.000,0.000,0.000,0.000,0.000,0.000,0.006,-0.061
287.01,0.105,0,0.408,0.423,1,0.000,0.000,0.000,0.000,0.000,0.000,-0.001,-0.061
287.21,0.105,0,0.408,0.423,1,0.000,0.000,0.000,0.000,0.000,0.000,0.019,-0.063
287.41,0.108,0,0.411,0.423,1,0.000,0.000,0.000,0.000,0.000,0.000,0.011,-0.070
287.61,0.108,0,0.411,0.423,1,0.000,0.000,0.000,0.000,0.000,0.000,0.001,-0.067
287.81,0.105,0,0.411,0.423,1,0.000,0.000,0.000,0.000,0.000,0.000,0.001,-0.063
288.01,0.105,0,0.408,0.423,1,0.000,0.000,0.000,0.000,0.000,0.000,0.010,-0.067
288.22,0.108,0,0.408,0.423,1,0.000,0.000,0.000,0.000,0.000,0.000,0.013,-0.065
288.41,0.398,0,0.408,0.423,1,0.000,0.000,0.000,0.000,0.000,0.000,0.019,-0.074
288.61,0.108,0,0.408,0.423,1,0.000,0.000,0.000,0.000,0.000,0.000,0.014,-0.075
288.81,0.398,0,0.408,0.423,1,0.000,0.000,0.000,0.000,0.000,0.000,0.008,-0.078
289.01,0.105,0,0.418,0.423,1,0.000,0.000,0.000,0.000,0.000,0.000,0.015,-0.067
289.21,0.108,0,0.418,0.423,1,0.000,0.000,0.000,0.000,0.000,0.000,-0.005,-0.067
289.41,0.108,0,0.412,0.423,1,0.000,0.000,0.000,0.000,0.000,0.000,0.017,-0.075
289.61,0.106,0,0.412,0.423,1,0.000,0.000,0.000,0.000,0.000,0.000,0.001,-0.069
289.81,0.105,0,0.412,0.423,1,0.000,0.000,0.000,0.000,0.000,0.000,0.017,-0.077
290.01,0.108,0,0.411,0.423,1,0.000,0.000,0.000,0.000,0.000,0.000,-0.006,-0.069
290.21,0.403,0,0.411,0.423,1,0.000,0.000,0.000,0.000,0.000,0.000,-0.016,-0.075
290.41,0.108,0,1.003,0.423,0,0.000,0.000,0.000,0.000,0.000,0.000,-0.001,-0.072
290.61,0.105,0,1.003,0.423,0,0.000,0.000,0.000,0.000,0.000,0.000,0.021,-0.068
290.81,0.403,0,1.003,0.423,0,0.000,0.000,0.000,0.000,0.000,0.000,0.016,-0.072
291.01,0.403,0,0.408,0.423,1,0.000,0.000,0.000,0.000,0.000,0.000,0.002,-0.064
291.21,0.108,0,0.408,0.423,1,0.000,0.000,0.000,0.000,0.000,0.000,0.013,-0.071
291.41,0.105,0,0.744,0.423,0,0.000,0.000,0.000,0.000,0.000,0.000,0.014,-0.069
291.61,0.108,0,0.744,0.423,0,0.000,0.000,0.000,0.000,0.000,0.000,0.006,-0.074
291.81,0.105,0,0.744,0.423,0,0.000,0.000,0.000,0.000,0.000,0.000,0.008,-0.068
292.01,0.393,0,0.788,0.423,0,0.000,0.000,0.000,0.000,0.000,0.000,0.014,-0.083
292.21,0.105,0,0.788,0.423,0,0.000,0.000,0.000,0.000,0.000,0.000,0.017,-0.072
292.41,0.359,0,0.408,0.423,1,0.000,0.000,0.000,0.000,0.000,0.000,0.012,-0.074
292.61,0.105,0,0.408,0.423,1,0.000,0.000,0.000,0.000,0.000,0.000,0.004,-0.067
292.81,0.317,0,0.408,0.423,1,0.000,0.000,0.000,0.000,0.000,0.000,-0.002,-0.064
293.01,0.324,0,0.408,0.422,1,0.000,0.000,0.000,0.000,0.000,0.000,0.008,-0.068
293.21,0.105,0,0.408,0.422,1,0.000,0.000,0.000,0.000,0.000,0.000,-0.000,-0.063
293.41,0.106,0,0.411,0.366,1,0.000,0.000,0.000,0.000,0.000,0.000,0.007,-0.066
293.61,0.105,0,0.411,0.366,1,0.000,0.000,0.000,0.000,0.000,0.000,0.009,-0.065
293.81,0.106,0,0.411,0.366,1,0.000,0.000,0.000,0.000,0.000,0.000,-0.001,-0.066
294.01,0.108,0,0.411,0.370,1,0.000,0.000,0.000,0.000,0.000,0.000,-0.015,-0.052
294.21,0.108,0,0.411,0.370,1,0.000,0.000,0.000,0.000,0.000,0.000,-0.018,-0.051
294.41,0.350,0,0.413,0.369,1,0.000,0.000,0.000,0.000,0.000,0.000,0.008,-0.063
294.61,0.350,0,0.413,0.369,1,0.000,0.000,0.000,0.000,0.000,0.000,0.021,-0.083
294.81,0.105,0,0.413,0.369,1,0.000,0.000,0.000,0.000,0.000,0.000,0.010,-0.085
295.01,0.352,0,0.411,0.368,1,0.000,0.000,0.000,0.000,0.000,0.000,0.000,-0.064
295.21,0.106,0,0.411,0.368,1,0.000,0.000,0.000,0.000,0.000,0.000,0.010,-0.083
295.41,0.105,0,0.412,0.374,1,0.000,0.000,0.000,0.000,0.000,0.000,0.019,-0.078
295.61,0.351,0,0.412,0.374,1,0.000,0.000,0.000,0.000,0.000,0.000,-0.002,-0.065
295.81,0.105,0,0.412,0.374,1,0.000,0.000,0.000,0.000,0.000,0.000,0.009,-0.060
296.01,0.352,0,0.411,0.369,1,0.000,0.000,0.000,0.000,0.000,0.000,-0.018,-0.052
296.21,0.105,0,0.411,0.369,1,0.000,0.000,0.000,0.000,0.000,0.000,0.007,-0.079
296.41,0.355,0,0.409,0.399,1,0.000,0.000,0.000,0.000,0.000,0.000,0.024,-0.085
296.61,0.106,0,0.409,0.399,1,0.000,0.000,0.000,0.000,0.000,0.000,-0.017,-0.057
296.81,0.355,0,0.409,0.399,1,0.000,0.000,0.000,0.000,0.000,0.000,0.003,-0.063
297.01,0.356,0,0.411,0.393,1,0.000,0.000,0.000,0.000,0.000,0.000,-0.002,-0.063
297.21,0.105,0,0.411,0.393,1,0.000,0.000,0.000,0.000,0.000,0.000,0.017,-0.071
297.41,0.355,0,0.412,0.399,1,0.000,0.000,0.000,0.000,0.000,0.000,0.003,-0.068
297.61,0.108,0,0.412,0.399,1,0.000,0.000,0.000,0.000,0.000,0.000,-0.006,-0.057
297.81,0.357,0,0.412,0.399,1,0.000,0.000,0.000,0.000,0.000,0.000,0.010,-0.076
298.01,0.105,0,0.410,0.367,1,0.000,0.000,0.000,0.000,0.000,0.000,0.004,-0.063
298.21,0.108,0,0.410,0.367,1,0.000,0.000,0.000,0.000,0.000,0.000,-0.009,-0.070
298.41,0.106,0,0.412,0.392,1,0.000,0.000,0.000,0.000,0.000,0.000,0.014,-0.077
298.61,0.105,0,0.412,0.392,1,0.000,0.000,0.000,0.000,0.000,0.000,0.015,-0.062
298.81,0.106,0,0.412,0.392,1,0.000,0.000,0.000,0.000,0.000,0.000,0.019,-0.075
299.01,0.105,0,0.409,0.380,1,0.000,0.000,0.000,0.000,0.000,0.000,0.017,-0.060
299.21,0.386,0,0.409,0.380,1,0.000,0.000,0.000,0.000,0.000,0.000,0.018,-0.073
299.41,0.106,0,0.768,0.397,0,0.000,0.000,0.000,0.000,0.000,0.000,0.027,-0.076
299.61,0.378,0,0.768,0.397,0,0.000,0.000,0.000,0.000,0.000,0.000,0.024,-0.070
299.81,0.106,0,0.768,0.397,0,0.000,0.000,0.000,0.000,0.000,0.000,-0.007,-0.054
300.01,0.378,0,0.411,0.371,1,0.000,0.000,0.000,0.000,0.000,0.000,0.009,-0.067
300.21,0.108,0,0.411,0.371,1,0.000,0.000,0.000,0.000,0.000,0.000,0.008,-0.058
300.41,0.105,0,0.780,0.386,0,0.000,0.000,0.000,0.000,0.000,0.000,0.020,-0.067
300.61,0.374,0,0.780,0.386,0,0.000,0.000,0.000,0.000,0.000,0.000,0.030,-0.082
300.81,0.106,0,0.780,0.386,0,0.000,0.000,0.000,0.000,0.000,0.000,0.017,-0.090
301.01,0.105,0,0.412,0.403,1,0.000,0.000,0.000,0.000,0.000,0.000,0.020,-0.078
301.21,0.361,0,0.412,0.403,1,0.000,0.000,0.000,0.000,0.000,0.000,0.005,-0.080
301.41,0.105,0,0.410,0.421,1,0.000,0.000,0.000,0.000,0.000,0.000,-0.006,-0.066
301.61,0.108,0,0.410,0.421,1,0.000,0.000,0.000,0.000,0.000,0.000,0.005,-0.076
301.81,0.108,0,0.410,0.421,1,0.000,0.000,0.000,0.000,0.000,0.000,0.011,-0.077
302.01,0.105,0,0.410,0.421,1,0.000,0.000,0.000,0.000,0.000,0.000,0.019,-0.083
302.21,0.401,0,0.410,0.421,1,0.000,0.000,0.000,0.000,0.000,0.000,-0.010,-0.057
302.41,0.105,0,0.410,0.421,1,0.000,0.000,0.000,0.000,0.000,0.000,0.011,-0.059
302.61,0.105,0,0.410,0.421,1,0.000,0.000,0.000,0.000,0.000,0.000,0.016,-0.062
302.81,0.398,0,0.410,0.421,1,0.000,0.000,0.000,0.000,0.000,0.000,0.025,-0.066
303.01,0.105,0,0.412,0.421,1,0.000,0.000,0.000,0.000,0.000,0.000,-0.029,-0.055
303.21,0.105,0,0.412,0.421,1,0.000,0.000,0.000,0.000,0.000,0.000,0.004,-0.077
303.41,0.106,0,0.412,0.421,1,0.000,0.000,0.000,0.000,0.000,0.000,-0.010,-0.084
303.61,0.401,0,0.412,0.421,1,0.000,0.000,0.000,0.000,0.000,0.000,-0.007,-0.065
303.82,0.400,0,0.412,0.421,1,0.000,0.000,0.000,0.000,0.000,0.000,0.015,-0.070
304.01,0.105,0,0.411,0.421,1,0.000,0.000,0.000,0.000,0.000,0.000,0.004,-0.074
304.21,0.105,0,0.411,0.421,1,0.000,0.000,0.000,0.000,0.000,0.000,-0.001,-0.061
304.41,0.106,0,0.412,0.421,1,0.000,0.000,0.000,0.000,0.000,0.000,-0.009,-0.080
304.61,0.401,0,0.412,0.421,1,0.000,0.000,0.000,0.000,0.000,0.000,0.012,-0.076
304.81,0.106,0,0.412,0.421,1,0.000,0.000,0.000,0.000,0.000,0.000,-0.008,-0.048
305.01,0.108,0,0.412,0.421,1,0.000,0.000,0.000,0.000,0.000,0.000,0.025,-0.081
305.21,0.108,0,0.412,0.421,1,0.000,0.000,0.000,0.000,0.000,0.000,0.015,-0.074
305.41,0.106,0,0.411,0.421,1,0.000,0.000,0.000,0.000,0.000,0.000,-0.001,-0.065
305.61,0.403,0,0.411,0.421,1,0.000,0.000,0.000,0.000,0.000,0.000,-0.012,-0.067
305.81,0.108,0,0.411,0.421,1,0.000,0.000,0.000,0.000,0.000,0.000,0.017,-0.070
306.01,0.105,0,0.411,0.421,1,0.000,0.000,0.000,0.000,0.000,0.000,0.006,-0.075
306.21,0.105,0,0.411,0.421,1,0.000,0.000,0.000,0.000,0.000,0.000,-0.020,-0.075
306.41,0.108,0,0.411,0.421,1,0.000,0.000,0.000,0.000,0.000,0.000,0.003,-0.085
306.61,0.398,0,0.411,0.421,1,0.000,0.000,0.000,0.000,0.000,0.000,0.039,-0.100
306.81,0.403,0,0.411,0.421,1,0.000,0.000,0.000,0.000,0.000,0.000,0.005,-0.094
307.01,0.108,0,0.410,0.421,1,0.000,0.000,0.000,0.000,0.000,0.000,0.042,-0.088
307.21,0.106,0,0.410,0.421,1,0.000,0.000,0.000,0.000,0.000,0.000,0.026,-0.083
307.41,0.108,0,0.411,0.421,1,0.000,0.000,0.000,0.000,0.000,0.000,0.026,-0.072
307.61,0.105,0,0.411,0.421,1,0.000,0.000,0.000,0.000,0.000,0.000,-0.006,-0.065
307.81,0.106,0,0.411,0.421,1,0.000,0.000,0.000,0.000,0.000,0.000,0.002,-0.054
308.01,0.105,0,0.412,0.421,1,0.000,0.000,0.000,0.000,0.000,0.000,-0.007,-0.072
308.21,0.108,0,0.412,0.421,1,0.000,0.000,0.000,0.000,0.000,0.000,0.043,-0.076
308.41,0.106,0,0.411,0.421,1,0.000,0.000,0.000,0.000,0.000,0.000,0.015,-0.068
308.61,0.108,0,0.411,0.421,1,0.000,0.000,0.000,0.000,0.000,0.000,0.047,-0.084
308.81,0.108,0,0.411,0.421,1,0.000,0.000,0.000,0.000,0.000,0.000,0.042,-0.100
309.01,0.400,0,0.411,0.421,1,0.000,0.000,0.000,0.000,0.000,0.000,0.056,-0.114
309.21,0.106,0,0.411,0.421,1,0.000,0.000,0.000,0.000,0.000,0.000,0.020,-0.099
309.41,0.108,0,0.414,0.421,1,0.000,0.000,0.000,0.000,0.000,0.000,0.054,-0.103
309.61,0.108,0,0.414,0.421,1,0.000,0.000,0.000,0.000,0.000,0.000,0.039,-0.090
309.81,0.105,0,0.414,0.421,1,0.000,0.000,0.000,0.000,0.000,0.000,0.020,-0.091
310.01,0.400,0,0.411,0.421,1,0.000,0.000,0.000,0.000,0.000,0.000,0.046,-0.118
310.21,0.401,0,0.411,0.421,1,0.000,0.000,0.000,0.000,0.000,0.000,0.028,-0.104
310.41,0.400,0,0.410,0.422,1,0.000,0.000,0.000,0.000,0.000,0.000,0.037,-0.093
310.61,0.105,0,0.410,0.422,1,0.000,0.000,0.000,0.000,0.000,0.000,0.010,-0.082
310.81,0.401,0,0.410,0.422,1,0.000,0.000,0.000,0.000,0.000,0.000,0.025,-0.080
311.01,0.108,0,0.410,0.422,1,0.000,0.000,0.000,0.000,0.000,0.000,0.050,-0.083
311.21,0.105,0,0.410,0.422,1,0.000,0.000,0.000,0.000,0.000,0.000,0.040,-0.105
311.41,0.106,0,1.026,0.421,0,0.000,0.000,0.000,0.000,0.000,0.000,0.015,-0.100
311.61,0.461,0,1.026,0.421,0,0.000,0.000,0.000,0.000,0.000,0.000,0.034,-0.091
311.81,0.106,0,1.026,0.421,0,0.000,0.000,0.000,0.000,0.000,0.000,0.041,-0.098
312.01,0.401,0,0.409,0.421,1,0.000,0.000,0.000,0.000,0.000,0.000,0.037,-0.097
312.21,0.403,0,0.409,0.421,1,0.000,0.000,0.000,0.000,0.000,0.000,0.046,-0.095
312.41,0.108,0,0.411,0.422,1,0.000,0.000,0.000,0.000,0.000,0.000,0.035,-0.079
312.61,0.105,0,0.411,0.422,1,0.000,0.000,0.000,0.000,0.000,0.000,0.050,-0.074
312.81,0.108,0,0.411,0.422,1,0.000,0.000,0.000,0.000,0.000,0.000,0.040,-0.087
313.01,0.105,0,0.412,0.421,1,0.000,0.000,0.000,0.000,0.000,0.000,0.051,-0.091
313.21,0.105,0,0.412,0.421,1,0.000,0.000,0.000,0.000,0.000,0.000,0.009,-0.100
313.41,0.461,0,0.770,0.421,0,0.000,0.000,0.000,0.000,0.000,0.000,0.032,-0.116
313.61,0.105,0,0.770,0.421,0,0.000,0.000,0.000,0.000,0.000,0.000,0.003,-0.103
313.81,0.461,0,0.770,0.421,0,0.000,0.000,0.000,0.000,0.000,0.000,0.041,-0.095
314.01,0.108,0,0.418,0.422,1,0.000,0.000,0.000,0.000,0.000,0.000,0.056,-0.088
314.21,0.106,0,0.418,0.422,1,0.000,0.000,0.000,0.000,0.000,0.000,0.040,-0.102
314.41,0.401,0,0.411,0.422,1,0.000,0.000,0.000,0.000,0.000,0.000,0.035,-0.101
314.61,0.401,0,0.411,0.422,1,0.000,0.000,0.000,0.000,0.000,0.000,0.046,-0.075
314.81,0.106,0,0.411,0.422,1,0.000,0.000,0.000,0.000,0.000,0.000,0.022,-0.083
315.01,0.105,0,0.412,0.422,1,0.000,0.000,0.000,0.000,0.000,0.000,0.043,-0.088
315.21,0.106,0,0.412,0.422,1,0.000,0.000,0.000,0.000,0.000,0.000,0.042,-0.093
315.41,0.105,0,0.410,0.422,1,0.000,0.000,0.000,0.000,0.000,0.000,0.045,-0.096
315.61,0.108,0,0.410,0.422,1,0.000,0.000,0.000,0.000,0.000,0.000,0.049,-0.080
315.81,0.106,0,0.410,0.422,1,0.000,0.000,0.000,0.000,0.000,0.000,0.006,-0.111
316.01,0.108,0,0.769,0.422,0,0.000,0.000,0.000,0.000,0.000,0.000,0.047,-0.086
316.21,0.108,0,0.769,0.422,0,0.000,0.000,0.000,0.000,0.000,0.000,0.033,-0.085
316.41,0.105,0,0.412,0.422,1,0.000,0.000,0.000,0.000,0.000,0.000,0.013,-0.105
316.61,0.400,0,0.412,0.422,1,0.000,0.000,0.000,0.000,0.000,0.000,0.032,-0.081
316.81,0.401,0,0.412,0.422,1,0.000,0.000,0.000,0.000,0.000,0.000,0.049,-0.093
317.01,0.108,0,0.410,0.422,1,0.000,0.000,0.000,0.000,0.000,0.000,0.051,-0.075
317.21,0.106,0,0.410,0.422,1,0.000,0.000,0.000,0.000,0.000,0.000,0.036,-0.081
317.41,0.105,0,0.412,0.422,1,0.000,0.000,0.000,0.000,0.000,0.000,0.015,-0.110
317.61,0.400,0,0.412,0.422,1,0.000,0.000,0.000,0.000,0.000,0.000,0.055,-0.093
317.81,0.106,0,0.412,0.422,1,0.000,0.000,0.000,0.000,0.000,0.000,0.024,-0.082
318.01,0.106,0,0.411,0.421,1,0.000,0.000,0.000,0.000,0.000,0.000,0.031,-0.078
318.21,0.106,0,0.411,0.421,1,0.000,0.000,0.000,0.000,0.000,0.000,0.042,-0.086
318.41,0.401,0,0.411,0.421,1,0.000,0.000,0.000,0.000,0.000,0.000,0.043,-0.095
318.61,0.106,0,0.411,0.421,1,0.000,0.000,0.000,0.000,0.000,0.000,0.046,-0.079
318.81,0.108,0,0.411,0.421,1,0.000,0.000,0.000,0.000,0.000,0.000,0.056,-0.082
319.01,0.108,0,0.409,0.421,1,0.000,0.000,0.000,0.000,0.000,0.000,0.056,-0.086
319.21,0.108,0,0.409,0.421,1,0.000,0.000,0.000,0.000,0.000,0.000,0.050,-0.079
319.41,0.106,0,0.411,0.421,1,0.000,0.000,0.000,0.000,0.000,0.000,0.028,-0.092
319.61,0.105,0,0.411,0.421,1,0.000,0.000,0.000,0.000,0.000,0.000,0.012,-0.095
319.81,0.106,0,0.411,0.421,1,0.000,0.000,0.000,0.000,0.000,0.000,0.035,-0.057
320.01,0.108,0,0.411,0.422,1,0.000,0.000,0.000,0.000,0.000,0.000,0.046,-0.073
320.21,0.106,0,0.411,0.422,1,0.000,0.000,0.000,0.000,0.000,0.000,0.032,-0.073
320.41,0.106,0,0.411,0.422,1,0.000,0.000,0.000,0.000,0.000,0.000,0.034,-0.063
320.61,0.108,0,0.411,0.422,1,0.000,0.000,0.000,0.000,0.000,0.000,0.055,-0.103
320.81,0.403,0,0.411,0.422,1,0.000,0.000,0.000,0.000,0.000,0.000,0.038,-0.105
321.01,0.401,0,0.412,0.421,1,0.000,0.000,0.000,0.000,0.000,0.000,0.042,-0.073
321.21,0.401,0,0.412,0.421,1,0.000,0.000,0.000,0.000,0.000,0.000,0.039,-0.075
321.41,0.403,0,0.412,0.422,1,0.000,0.000,0.000,0.000,0.000,0.000,0.025,-0.100
321.61,0.403,0,0.412,0.422,1,0.000,0.000,0.000,0.000,0.000,0.000,0.039,-0.094
321.81,0.403,0,0.412,0.422,1,0.000,0.000,0.000,0.000,0.000,0.000,0.062,-0.087
322.01,0.398,0,0.410,0.421,1,0.000,0.000,0.000,0.000,0.000,0.000,0.059,-0.093
322.21,0.400,0,0.410,0.421,1,0.000,0.000,0.000,0.000,0.000,0.000,0.053,-0.105
322.41,0.398,0,0.409,0.421,1,0.000,0.000,0.000,0.000,0.000,0.000,0.052,-0.098
322.61,0.401,0,0.409,0.421,1,0.000,0.000,0.000,0.000,0.000,0.000,0.045,-0.096
322.81,0.398,0,0.409,0.421,1,0.000,0.000,0.000,0.000,0.000,0.000,0.053,-0.091
323.01,0.403,0,0.411,0.421,1,0.000,0.000,0.000,0.000,0.000,0.000,0.048,-0.094
323.21,0.403,0,0.411,0.421,1,0.000,0.000,0.000,0.000,0.000,0.000,0.021,-0.102
323.41,0.401,0,0.411,0.421,1,0.000,0.000,0.000,0.000,0.000,0.000,0.055,-0.102
323.61,0.400,0,0.411,0.421,1,0.000,0.000,0.000,0.000,0.000,0.000,0.059,-0.094
323.81,0.106,0,0.411,0.421,1,0.000,0.000,0.000,0.000,0.000,0.000,0.023,-0.098
324.01,0.108,0,0.411,0.421,1,0.000,0.000,0.000,0.000,0.000,0.000,0.062,-0.104
324.21,0.108,0,0.411,0.421,1,0.000,0.000,0.000,0.000,0.000,0.000,0.056,-0.087
324.41,0.108,0,0.410,0.421,1,0.000,0.000,0.000,0.000,0.000,0.000,0.056,-0.094
324.61,0.105,0,0.410,0.421,1,0.000,0.000,0.000,0.000,0.000,0.000,0.051,-0.111
324.81,0.108,0,0.410,0.421,1,0.000,0.000,0.000,0.000,0.000,0.000,0.050,-0.102
325.01,0.105,0,0.710,0.421,0,0.000,0.000,0.000,0.000,0.000,0.000,0.050,-0.100
325.21,0.108,0,0.710,0.421,0,0.000,0.000,0.000,0.000,0.000,0.000,0.061,-0.093
325.41,0.108,0,0.412,0.422,1,0.000,0.000,0.000,0.000,0.000,0.000,0.046,-0.081
325.61,0.108,0,0.412,0.422,1,0.000,0.000,0.000,0.000,0.000,0.000,0.059,-0.088
325.81,0.106,0,0.412,0.422,1,0.000,0.000,0.000,0.000,0.000,0.000,0.018,-0.110
326.01,0.105,0,0.412,0.421,1,0.000,0.000,0.000,0.000,0.000,0.000,0.026,-0.125
326.21,0.400,0,0.412,0.421,1,0.000,0.000,0.000,0.000,0.000,0.000,0.056,-0.110
326.41,0.398,0,0.409,0.421,1,0.000,0.000,0.000,0.000,0.000,0.000,0.050,-0.092
326.61,0.400,0,0.409,0.421,1,0.000,0.000,0.000,0.000,0.000,0.000,0.060,-0.100
326.81,0.401,0,0.409,0.421,1,0.000,0.000,0.000,0.000,0.000,0.000,0.039,-0.103
327.01,0.403,0,0.412,0.421,1,0.000,0.000,0.000,0.000,0.000,0.000,0.048,-0.103
327.21,0.108,0,0.412,0.421,1,0.000,0.000,0.000,0.000,0.000,0.000,0.056,-0.090
327.41,0.106,0,0.410,0.421,1,0.000,0.000,0.000,0.000,0.000,0.000,0.055,-0.095
327.61,0.106,0,0.410,0.421,1,0.000,0.000,0.000,0.000,0.000,0.000,0.039,-0.092
327.81,0.105,0,0.410,0.421,1,0.000,0.000,0.000,0.000,0.000,0.000,0.040,-0.079
328.01,0.108,0,0.411,0.421,1,0.000,0.000,0.000,0.000,0.000,0.000,0.054,-0.108
328.21,0.105,0,0.411,0.421,1,0.000,0.000,0.000,0.000,0.000,0.000,0.044,-0.077
328.41,0.108,0,0.411,0.421,1,0.000,0.000,0.000,0.000,0.000,0.000,0.052,-0.099
328.61,0.401,0,0.411,0.421,1,0.000,0.000,0.000,0.000,0.000,0.000,0.035,-0.082
328.81,0.403,0,0.411,0.421,1,0.000,0.000,0.000,0.000,0.000,0.000,0.053,-0.098
329.01,0.401,0,0.410,0.422,1,0.000,0.000,0.000,0.000,0.000,0.000,0.034,-0.099
329.21,0.108,0,0.410,0.422,1,0.000,0.000,0.000,0.000,0.000,0.000,0.059,-0.099
329.41,0.105,0,0.787,0.421,0,0.000,0.000,0.000,0.000,0.000,0.000,0.023,-0.130
329.61,0.106,0,0.787,0.421,0,0.000,0.000,0.000,0.000,0.000,0.000,0.061,-0.087
329.81,0.105,0,0.787,0.421,0,0.000,0.000,0.000,0.000,0.000,0.000,0.054,-0.083
330.01,0.105,0,0.410,0.421,1,0.000,0.000,0.000,0.000,0.000,0.000,0.034,-0.081
330.21,0.401,0,0.410,0.421,1,0.000,0.000,0.000,0.000,0.000,0.000,0.051,-0.104
330.41,0.106,0,0.412,0.421,1,0.000,0.000,0.000,0.000,0.000,0.000,0.047,-0.082
330.61,0.461,0,0.412,0.421,1,0.000,0.000,0.000,0.000,0.000,0.000,0.040,-0.092
330.81,0.108,0,0.412,0.421,1,0.000,0.000,0.000,0.000,0.000,0.000,0.042,-0.106
331.01,0.106,0,0.411,0.421,1,0.000,0.000,0.000,0.000,0.000,0.000,0.047,-0.089
331.21,0.403,0,0.411,0.421,1,0.000,0.000,0.000,0.000,0.000,0.000,0.031,-0.096
331.41,0.106,0,0.412,0.422,1,0.000,0.000,0.000,0.000,0.000,0.000,0.042,-0.105
331.61,0.403,0,0.412,0.422,1,0.000,0.000,0.000,0.000,0.000,0.000,0.021,-0.100
331.81,0.461,0,0.412,0.422,1,0.000,0.000,0.000,0.000,0.000,0.000,0.041,-0.061
332.01,0.403,0,0.410,0.422,1,0.000,0.000,0.000,0.000,0.000,0.000,0.034,-0.094
332.21,0.105,0,0.410,0.422,1,0.000,0.000,0.000,0.000,0.000,0.000,0.038,-0.076
332.41,0.108,0,0.408,0.422,1,0.000,0.000,0.000,0.000,0.000,0.000,0.044,-0.074
332.61,0.401,0,0.408,0.422,1,0.000,0.000,0.000,0.000,0.000,0.000,0.021,-0.090
332.81,0.106,0,0.408,0.422,1,0.000,0.000,0.000,0.000,0.000,0.000,0.043,-0.080
333.01,0.401,0,0.410,0.422,1,0.000,0.000,0.000,0.000,0.000,0.000,0.041,-0.086
333.21,0.106,0,0.410,0.422,1,0.000,0.000,0.000,0.000,0.000,0.000,0.039,-0.075
333.41,0.105,0,0.770,0.422,0,0.000,0.000,0.000,0.000,0.000,0.000,0.026,-0.082
333.61,0.106,0,0.770,0.422,0,0.000,0.000,0.000,0.000,0.000,0.000,0.036,-0.066
333.81,0.108,0,0.770,0.422,0,0.000,0.000,0.000,0.000,0.000,0.000,0.048,-0.077
334.01,0.108,0,0.409,0.422,1,0.000,0.000,0.000,0.000,0.000,0.000,0.035,-0.087
334.21,0.105,0,0.409,0.422,1,0.000,0.000,0.000,0.000,0.000,0.000,0.027,-0.088
334.41,0.106,0,0.411,0.422,1,0.000,0.000,0.000,0.000,0.000,0.000,0.040,-0.072
334.61,0.105,0,0.411,0.422,1,0.000,0.000,0.000,0.000,0.000,0.000,0.034,-0.082
334.81,0.108,0,0.411,0.422,1,0.000,0.000,0.000,0.000,0.000,0.000,0.052,-0.084
335.01,0.401,0,0.411,0.422,1,0.000,0.000,0.000,0.000,0.000,0.000,0.038,-0.076
335.21,0.401,0,0.411,0.422,1,0.000,0.000,0.000,0.000,0.000,0.000,0.028,-0.084
335.41,0.105,0,0.823,0.422,0,0.000,0.000,0.000,0.000,0.000,0.000,0.037,-0.075
335.61,0.401,0,0.823,0.422,0,0.000,0.000,0.000,0.000,0.000,0.000,0.037,-0.089
335.81,0.403,0,0.823,0.422,0,0.000,0.000,0.000,0.000,0.000,0.000,0.038,-0.087
336.01,0.106,0,0.411,0.422,1,0.000,0.000,0.000,0.000,0.000,0.000,0.046,-0.079
336.21,0.401,0,0.411,0.422,1,0.000,0.000,0.000,0.000,0.000,0.000,0.038,-0.085
336.41,0.401,0,0.411,0.422,1,0.000,0.000,0.000,0.000,0.000,0.000,0.045,-0.111
336.61,0.108,0,0.411,0.422,1,0.000,0.000,0.000,0.000,0.000,0.000,0.047,-0.081
336.81,0.461,0,0.411,0.422,1,0.000,0.000,0.000,0.000,0.000,0.000,0.012,-0.108
337.01,0.105,0,0.906,0.422,0,0.000,0.000,0.000,0.000,0.000,0.000,0.040,-0.089
337.21,0.108,0,0.906,0.422,0,0.000,0.000,0.000,0.000,0.000,0.000,0.034,-0.084
337.41,0.401,0,0.411,0.422,1,0.000,0.000,0.000,0.000,0.000,0.000,0.037,-0.078
337.61,0.105,0,0.411,0.422,1,0.000,0.000,0.000,0.000,0.000,0.000,0.033,-0.086
337.81,0.106,0,0.411,0.422,1,0.000,0.000,0.000,0.000,0.000,0.000,0.048,-0.073
338.01,0.105,0,0.411,0.421,1,0.000,0.000,0.000,0.000,0.000,0.000,0.036,-0.080
338.21,0.106,0,0.411,0.421,1,0.000,0.000,0.000,0.000,0.000,0.000,0.046,-0.080
338.41,0.403,0,0.412,0.422,1,0.000,0.000,0.000,0.000,0.000,0.000,0.037,-0.102
338.61,0.105,0,0.412,0.422,1,0.000,0.000,0.000,0.000,0.000,0.000,0.011,-0.103
338.81,0.461,0,0.412,0.422,1,0.000,0.000,0.000,0.000,0.000,0.000,0.035,-0.105
339.01,0.106,0,0.838,0.423,0,0.000,0.000,0.000,0.000,0.000,0.000,0.048,-0.087
339.21,0.106,0,0.838,0.423,0,0.000,0.000,0.000,0.000,0.000,0.000,0.048,-0.078
339.41,0.403,0,0.412,0.423,1,0.000,0.000,0.000,0.000,0.000,0.000,0.028,-0.086
339.61,0.401,0,0.412,0.423,1,0.000,0.000,0.000,0.000,0.000,0.000,0.042,-0.084
339.81,0.106,0,0.412,0.423,1,0.000,0.000,0.000,0.000,0.000,0.000,0.041,-0.084
340.01,0.105,0,0.776,0.424,0,0.000,0.000,0.000,0.000,0.000,0.000,0.038,-0.071
340.21,0.108,0,0.776,0.424,0,0.000,0.000,0.000,0.000,0.000,0.000,0.041,-0.092
340.41,0.106,0,0.412,0.424,1,0.000,0.000,0.000,0.000,0.000,0.000,0.047,-0.075
340.61,0.403,0,0.412,0.424,1,0.000,0.000,0.000,0.000,0.000,0.000,0.042,-0.095
340.81,0.401,0,0.412,0.424,1,0.000,0.000,0.000,0.000,0.000,0.000,0.045,-0.110
341.01,0.106,0,0.411,0.424,1,0.000,0.000,0.000,0.000,0.000,0.000,0.031,-0.072
341.21,0.461,0,0.411,0.424,1,0.000,0.000,0.000,0.000,0.000,0.000,0.035,-0.109
341.41,0.403,0,0.412,0.424,1,0.000,0.000,0.000,0.000,0.000,0.000,0.030,-0.099
341.61,0.105,0,0.412,0.424,1,0.000,0.000,0.000,0.000,0.000,0.000,0.039,-0.068
341.81,0.108,0,0.412,0.424,1,0.000,0.000,0.000,0.000,0.000,0.000,0.047,-0.076
342.01,0.403,0,0.411,0.424,1,0.000,0.000,0.000,0.000,0.000,0.000,0.037,-0.083
342.21,0.106,0,0.411,0.424,1,0.000,0.000,0.000,0.000,0.000,0.000,0.042,-0.076
342.41,0.403,0,0.412,0.424,1,0.000,0.000,0.000,0.000,0.000,0.000,0.031,-0.104
342.61,0.400,0,0.412,0.424,1,0.000,0.000,0.000,0.000,0.000,0.000,0.046,-0.103
342.81,0.106,0,0.412,0.424,1,0.000,0.000,0.000,0.000,0.000,0.000,0.044,-0.068
343.01,0.106,0,0.772,0.424,0,0.000,0.000,0.000,0.000,0.000,0.000,0.044,-0.084
343.21,0.105,0,0.772,0.424,0,0.000,0.000,0.000,0.000,0.000,0.000,0.035,-0.097
343.41,0.108,0,0.411,0.424,1,0.000,0.000,0.000,0.000,0.000,0.000,0.041,-0.090
343.61,0.108,0,0.411,0.424,1,0.000,0.000,0.000,0.000,0.000,0.000,0.050,-0.110
343.81,0.106,0,0.411,0.424,1,0.000,0.000,0.000,0.000,0.000,0.000,0.038,-0.062
344.01,0.461,0,0.416,0.424,1,0.000,0.000,0.000,0.000,0.000,0.000,0.039,-0.114
344.21,0.108,0,0.416,0.424,1,0.000,0.000,0.000,0.000,0.000,0.000,0.028,-0.083
344.41,0.108,0,0.410,0.424,1,0.000,0.000,0.000,0.000,0.000,0.000,0.046,-0.081
344.61,0.106,0,0.410,0.424,1,0.000,0.000,0.000,0.000,0.000,0.000,0.044,-0.070
344.81,0.401,0,0.410,0.424,1,0.000,0.000,0.000,0.000,0.000,0.000,0.046,-0.079
345.01,0.108,0,0.411,0.424,1,0.000,0.000,0.000,0.000,0.000,0.000,0.043,-0.083
345.21,0.105,0,0.411,0.424,1,0.000,0.000,0.000,0.000,0.000,0.000,0.055,-0.090
345.41,0.108,0,0.411,0.424,1,0.000,0.000,0.000,0.000,0.000,0.000,0.041,-0.091
345.61,0.108,0,0.411,0.424,1,0.000,0.000,0.000,0.000,0.000,0.000,0.051,-0.087
345.81,0.403,0,0.411,0.424,1,0.000,0.000,0.000,0.000,0.000,0.000,0.045,-0.104
346.01,0.461,0,0.412,0.424,1,0.000,0.000,0.000,0.000,0.000,0.000,0.025,-0.077
346.21,0.105,0,0.412,0.424,1,0.000,0.000,0.000,0.000,0.000,0.000,0.042,-0.078
346.41,0.403,0,0.412,0.423,1,0.000,0.000,0.000,0.000,0.000,0.000,0.053,-0.098
346.61,0.105,0,0.412,0.423,1,0.000,0.000,0.000,0.000,0.000,0.000,0.029,-0.082
346.81,0.105,0,0.412,0.423,1,0.000,0.000,0.000,0.000,0.000,0.000,0.048,-0.098
347.01,0.106,0,0.411,0.424,1,0.000,0.000,0.000,0.000,0.000,0.000,0.042,-0.085
347.21,0.401,0,0.411,0.424,1,0.000,0.000,0.000,0.000,0.000,0.000,0.045,-0.089
347.41,0.108,0,0.790,0.423,0,0.000,0.000,0.000,0.000,0.000,0.000,0.033,-0.094
347.61,0.105,0,0.790,0.423,0,0.000,0.000,0.000,0.000,0.000,0.000,0.029,-0.087
347.81,0.403,0,0.790,0.423,0,0.000,0.000,0.000,0.000,0.000,0.000,0.057,-0.091
348.01,0.106,0,0.412,0.424,1,0.000,0.000,0.000,0.000,0.000,0.000,0.040,-0.087
348.21,0.108,0,0.412,0.424,1,0.000,0.000,0.000,0.000,0.000,0.000,0.054,-0.108
348.41,0.106,0,0.410,0.424,1,0.000,0.000,0.000,0.000,0.000,0.000,0.020,-0.086
348.61,0.403,0,0.410,0.424,1,0.000,0.000,0.000,0.000,0.000,0.000,0.055,-0.118
348.81,0.400,0,0.410,0.424,1,0.000,0.000,0.000,0.000,0.000,0.000,0.036,-0.085
349.01,0.105,0,0.412,0.424,1,0.000,0.000,0.000,0.000,0.000,0.000,0.035,-0.088
349.21,0.108,0,0.412,0.424,1,0.000,0.000,0.000,0.000,0.000,0.000,0.053,-0.112
349.41,0.108,0,0.410,0.424,1,0.000,0.000,0.000,0.000,0.000,0.000,0.054,-0.108
349.61,0.106,0,0.410,0.424,1,0.000,0.000,0.000,0.000,0.000,0.000,0.048,-0.113
349.81,0.400,0,0.410,0.424,1,0.000,0.000,0.000,0.000,0.000,0.000,0.051,-0.127
350.01,0.106,0,0.412,0.423,1,0.000,0.000,0.000,0.000,0.000,0.000,0.027,-0.109
350.21,0.108,0,0.412,0.423,1,0.000,0.000,0.000,0.000,0.000,0.000,0.039,-0.111
350.41,0.105,0,0.411,0.423,1,0.000,0.000,0.000,0.000,0.000,0.000,0.039,-0.087
350.61,0.105,0,0.411,0.423,1,0.000,0.000,0.000,0.000,0.000,0.000,0.020,-0.092
350.81,0.403,0,0.411,0.423,1,0.000,0.000,0.000,0.000,0.000,0.000,0.043,-0.122
351.01,0.105,0,0.412,0.423,1,0.000,0.000,0.000,0.000,0.000,0.000,0.030,-0.094
351.21,0.106,0,0.412,0.423,1,0.000,0.000,0.000,0.000,0.000,0.000,0.012,-0.107
351.41,0.403,0,0.412,0.423,1,0.000,0.000,0.000,0.000,0.000,0.000,0.031,-0.106
351.61,0.108,0,0.412,0.423,1,0.000,0.000,0.000,0.000,0.000,0.000,0.033,-0.098
351.81,0.403,0,0.412,0.423,1,0.000,0.000,0.000,0.000,0.000,0.000,0.010,-0.080
352.01,0.461,0,0.412,0.423,1,0.000,0.000,0.000,0.000,0.000,0.000,0.036,-0.093
352.21,0.105,0,0.412,0.423,1,0.000,0.000,0.000,0.000,0.000,0.000,0.024,-0.074
352.41,0.403,0,0.411,0.423,1,0.000,0.000,0.000,0.000,0.000,0.000,0.022,-0.066
352.61,0.401,0,0.411,0.423,1,0.000,0.000,0.000,0.000,0.000,0.000,0.040,-0.082
352.81,0.401,0,0.411,0.423,1,0.000,0.000,0.000,0.000,0.000,0.000,0.032,-0.075
353.01,0.403,0,0.409,0.423,1,0.000,0.000,0.000,0.000,0.000,0.000,0.048,-0.102
353.21,0.461,0,0.409,0.423,1,0.000,0.000,0.000,0.000,0.000,0.000,0.043,-0.099
353.41,0.106,0,0.410,0.423,1,0.000,0.000,0.000,0.000,0.000,0.000,0.052,-0.086
353.61,0.106,0,0.410,0.423,1,0.000,0.000,0.000,0.000,0.000,0.000,0.051,-0.108
353.81,0.400,0,0.410,0.423,1,0.000,0.000,0.000,0.000,0.000,0.000,0.066,-0.099
354.01,0.106,0,0.412,0.424,1,0.000,0.000,0.000,0.000,0.000,0.000,0.026,-0.095
354.21,0.108,0,0.412,0.424,1,0.000,0.000,0.000,0.000,0.000,0.000,0.055,-0.120
354.41,0.108,0,0.410,0.423,1,0.000,0.000,0.000,0.000,0.000,0.000,0.062,-0.106
354.61,0.403,0,0.410,0.423,1,0.000,0.000,0.000,0.000,0.000,0.000,0.060,-0.117
354.81,0.105,0,0.410,0.423,1,0.000,0.000,0.000,0.000,0.000,0.000,0.048,-0.082
355.01,0.105,0,0.777,0.424,0,0.000,0.000,0.000,0.000,0.000,0.000,0.055,-0.103
355.21,0.105,0,0.777,0.424,0,0.000,0.000,0.000,0.000,0.000,0.000,0.071,-0.117
355.41,0.403,0,0.412,0.423,1,0.000,0.000,0.000,0.000,0.000,0.000,0.059,-0.103
355.61,0.403,0,0.412,0.423,1,0.000,0.000,0.000,0.000,0.000,0.000,0.060,-0.085
355.81,0.108,0,0.412,0.423,1,0.000,0.000,0.000,0.000,0.000,0.000,0.084,-0.137
356.01,0.108,0,0.411,0.424,1,0.000,0.000,0.000,0.000,0.000,0.000,0.087,-0.125
356.21,0.403,0,0.411,0.424,1,0.000,0.000,0.000,0.000,0.000,0.000,0.075,-0.122
356.41,0.105,0,0.411,0.423,1,0.000,0.000,0.000,0.000,0.000,0.000,0.069,-0.126
356.61,0.108,0,0.411,0.423,1,0.000,0.000,0.000,0.000,0.000,0.000,0.069,-0.109
356.81,0.401,0,0.411,0.423,1,0.000,0.000,0.000,0.000,0.000,0.000,0.081,-0.138
357.01,0.461,0,0.411,0.424,1,0.000,0.000,0.000,0.000,0.000,0.000,0.069,-0.133
357.21,0.403,0,0.411,0.424,1,0.000,0.000,0.000,0.000,0.000,0.000,0.043,-0.122
357.41,0.403,0,0.412,0.423,1,0.000,0.000,0.000,0.000,0.000,0.000,0.024,-0.112
357.61,0.108,0,0.412,0.423,1,0.000,0.000,0.000,0.000,0.000,0.000,0.051,-0.088
357.81,0.108,0,0.412,0.423,1,0.000,0.000,0.000,0.000,0.000,0.000,0.043,-0.115
358.01,0.108,0,0.412,0.423,1,0.000,0.000,0.000,0.000,0.000,0.000,0.036,-0.089
358.21,0.108,0,0.412,0.423,1,0.000,0.000,0.000,0.000,0.000,0.000,0.059,-0.114
358.41,0.108,0,0.411,0.424,1,0.000,0.000,0.000,0.000,0.000,0.000,0.052,-0.117
358.61,0.401,0,0.411,0.424,1,0.000,0.000,0.000,0.000,0.000,0.000,0.033,-0.090
358.81,0.106,0,0.411,0.424,1,0.000,0.000,0.000,0.000,0.000,0.000,0.053,-0.113
359.01,0.106,0,0.791,0.423,0,0.000,0.000,0.000,0.000,0.000,0.000,0.054,-0.122
359.21,0.108,0,0.791,0.423,0,0.000,0.000,0.000,0.000,0.000,0.000,0.045,-0.115
359.41,0.105,0,0.411,0.423,1,0.000,0.000,0.000,0.000,0.000,0.000,0.044,-0.118
359.61,0.105,0,0.411,0.423,1,0.000,0.000,0.000,0.000,0.000,0.000,0.052,-0.112
359.81,0.105,0,0.411,0.423,1,0.000,0.000,0.000,0.000,0.000,0.000,0.053,-0.103
360.01,0.401,0,0.412,0.423,1,0.000,0.000,0.000,0.000,0.000,0.000,0.080,-0.144
360.21,0.106,0,0.412,0.423,1,0.000,0.000,0.000,0.000,0.000,0.000,0.055,-0.109
360.41,0.108,0,0.410,0.423,1,0.000,0.000,0.000,0.000,0.000,0.000,0.056,-0.104
360.61,0.106,0,0.410,0.423,1,0.000,0.000,0.000,0.000,0.000,0.000,0.050,-0.091
360.81,0.108,0,0.410,0.423,1,0.000,0.000,0.000,0.000,0.000,0.000,0.054,-0.102
361.01,0.400,0,0.411,0.424,1,0.000,0.000,0.000,0.000,0.000,0.000,0.061,-0.126
361.21,0.461,0,0.411,0.424,1,0.000,0.000,0.000,0.000,0.000,0.000,0.039,-0.110
361.41,0.106,0,0.884,0.423,0,0.000,0.000,0.000,0.000,0.000,0.000,0.046,-0.092
361.61,0.105,0,0.884,0.423,0,0.000,0.000,0.000,0.000,0.000,0.000,0.028,-0.075
361.81,0.403,0,0.884,0.423,0,0.000,0.000,0.000,0.000,0.000,0.000,0.029,-0.079
362.01,0.398,0,0.412,0.423,1,0.000,0.000,0.000,0.000,0.000,0.000,0.043,-0.100
362.21,0.108,0,0.412,0.423,1,0.000,0.000,0.000,0.000,0.000,0.000,0.045,-0.103
362.41,0.106,0,0.409,0.423,1,0.000,0.000,0.000,0.000,0.000,0.000,0.050,-0.097
362.61,0.106,0,0.409,0.423,1,0.000,0.000,0.000,0.000,0.000,0.000,0.055,-0.093
362.81,0.105,0,0.409,0.423,1,0.000,0.000,0.000,0.000,0.000,0.000,0.049,-0.095
363.01,0.108,0,0.791,0.424,0,0.000,0.000,0.000,0.000,0.000,0.000,0.055,-0.125
363.21,0.108,0,0.791,0.424,0,0.000,0.000,0.000,0.000,0.000,0.000,0.061,-0.121
363.41,0.403,0,0.412,0.423,1,0.000,0.000,0.000,0.000,0.000,0.000,0.033,-0.103
363.61,0.108,0,0.412,0.423,1,0.000,0.000,0.000,0.000,0.000,0.000,0.045,-0.108
363.81,0.108,0,0.412,0.423,1,0.000,0.000,0.000,0.000,0.000,0.000,0.049,-0.103
364.01,0.108,0,0.411,0.423,1,0.000,0.000,0.000,0.000,0.000,0.000,0.064,-0.114
364.21,0.400,0,0.411,0.423,1,0.000,0.000,0.000,0.000,0.000,0.000,0.046,-0.105
364.41,0.106,0,0.410,0.423,1,0.000,0.000,0.000,0.000,0.000,0.000,0.050,-0.120
364.61,0.105,0,0.410,0.423,1,0.000,0.000,0.000,0.000,0.000,0.000,0.050,-0.096
364.81,0.106,0,0.410,0.423,1,0.000,0.000,0.000,0.000,0.000,0.000,0.072,-0.112
365.01,0.108,0,0.780,0.423,0,0.000,0.000,0.000,0.000,0.000,0.000,0.052,-0.112
365.21,0.108,0,0.780,0.423,0,0.000,0.000,0.000,0.000,0.000,0.000,0.066,-0.121
365.41,0.105,0,0.411,0.423,1,0.000,0.000,0.000,0.000,0.000,0.000,0.054,-0.101
365.61,0.106,0,0.411,0.423,1,0.000,0.000,0.000,0.000,0.000,0.000,0.068,-0.104
365.81,0.403,0,0.411,0.423,1,0.000,0.000,0.000,0.000,0.000,0.000,0.056,-0.126
366.01,0.461,0,0.412,0.424,1,0.000,0.000,0.000,0.000,0.000,0.000,0.037,-0.095
366.21,0.403,0,0.412,0.424,1,0.000,0.000,0.000,0.000,0.000,0.000,0.067,-0.103
366.41,0.108,0,0.411,0.423,1,0.000,0.000,0.000,0.000,0.000,0.000,0.058,-0.111
366.61,0.106,0,0.411,0.423,1,0.000,0.000,0.000,0.000,0.000,0.000,0.059,-0.102
366.81,0.108,0,0.411,0.423,1,0.000,0.000,0.000,0.000,0.000,0.000,0.048,-0.098
367.01,0.403,0,0.411,0.423,1,0.000,0.000,0.000,0.000,0.000,0.000,0.061,-0.117
367.21,0.459,0,0.411,0.423,1,0.000,0.000,0.000,0.000,0.000,0.000,0.027,-0.106
367.41,0.401,0,0.411,0.423,1,0.000,0.000,0.000,0.000,0.000,0.000,0.052,-0.100
367.61,0.401,0,0.411,0.423,1,0.000,0.000,0.000,0.000,0.000,0.000,0.052,-0.098
367.81,0.106,0,0.411,0.423,1,0.000,0.000,0.000,0.000,0.000,0.000,0.061,-0.107
368.01,0.108,0,0.412,0.423,1,0.000,0.000,0.000,0.000,0.000,0.000,0.052,-0.106
368.21,0.401,0,0.412,0.423,1,0.000,0.000,0.000,0.000,0.000,0.000,0.063,-0.121
368.41,0.108,0,0.747,0.424,0,0.000,0.000,0.000,0.000,0.000,0.000,0.051,-0.104
368.61,0.108,0,0.747,0.424,0,0.000,0.000,0.000,0.000,0.000,0.000,0.063,-0.101
368.81,0.403,0,0.747,0.424,0,0.000,0.000,0.000,0.000,0.000,0.000,0.040,-0.099
369.01,0.108,0,0.412,0.424,1,0.000,0.000,0.000,0.000,0.000,0.000,0.063,-0.108
369.21,0.403,0,0.412,0.424,1,0.000,0.000,0.000,0.000,0.000,0.000,0.035,-0.095
369.41,0.403,0,0.412,0.424,1,0.000,0.000,0.000,0.000,0.000,0.000,0.035,-0.101
369.61,0.105,0,0.412,0.424,1,0.000,0.000,0.000,0.000,0.000,0.000,0.055,-0.104
369.81,0.105,0,0.412,0.424,1,0.000,0.000,0.000,0.000,0.000,0.000,0.039,-0.094
370.01,0.401,0,0.409,0.423,1,0.000,0.000,0.000,0.000,0.000,0.000,0.042,-0.097
370.21,0.105,0,0.409,0.423,1,0.000,0.000,0.000,0.000,0.000,0.000,0.034,-0.110
370.41,0.108,0,0.410,0.423,1,0.000,0.000,0.000,0.000,0.000,0.000,0.051,-0.100
370.61,0.106,0,0.410,0.423,1,0.000,0.000,0.000,0.000,0.000,0.000,0.034,-0.094
370.81,0.401,0,0.410,0.423,1,0.000,0.000,0.000,0.000,0.000,0.000,0.055,-0.110
371.01,0.400,0,0.411,0.423,1,0.000,0.000,0.000,0.000,0.000,0.000,0.037,-0.098
371.21,0.105,0,0.411,0.423,1,0.000,0.000,0.000,0.000,0.000,0.000,0.044,-0.091
371.41,0.108,0,0.411,0.424,1,0.000,0.000,0.000,0.000,0.000,0.000,0.054,-0.090
371.61,0.400,0,0.411,0.424,1,0.000,0.000,0.000,0.000,0.000,0.000,0.049,-0.104
371.81,0.108,0,0.411,0.424,1,0.000,0.000,0.000,0.000,0.000,0.000,0.045,-0.106
372.01,0.403,0,0.411,0.423,1,0.000,0.000,0.000,0.000,0.000,0.000,0.030,-0.090
372.21,0.401,0,0.411,0.423,1,0.000,0.000,0.000,0.000,0.000,0.000,0.058,-0.112
372.41,0.108,0,0.787,0.423,0,0.000,0.000,0.000,0.000,0.000,0.000,0.041,-0.104
372.61,0.105,0,0.787,0.423,0,0.000,0.000,0.000,0.000,0.000,0.000,0.029,-0.089
372.81,0.336,0,0.787,0.423,0,0.000,0.000,0.000,0.000,0.000,0.000,0.053,-0.099
373.01,0.108,0,0.412,0.423,1,0.000,0.000,0.000,0.000,0.000,0.000,0.056,-0.115
373.21,0.361,0,0.412,0.423,1,0.000,0.000,0.000,0.000,0.000,0.000,0.035,-0.085
373.41,0.349,0,0.412,0.424,1,0.000,0.000,0.000,0.000,0.000,0.000,0.054,-0.107
373.61,0.105,0,0.412,0.424,1,0.000,0.000,0.000,0.000,0.000,0.000,0.054,-0.090
373.81,0.106,0,0.412,0.424,1,0.000,0.000,0.000,0.000,0.000,0.000,0.062,-0.093
374.01,0.400,0,0.411,0.423,1,0.000,0.000,0.000,0.000,0.000,0.000,0.053,-0.103
374.21,0.108,0,0.411,0.423,1,0.000,0.000,0.000,0.000,0.000,0.000,0.040,-0.098
374.41,0.105,0,0.411,0.424,1,0.000,0.000,0.000,0.000,0.000,0.000,0.038,-0.082
374.61,0.401,0,0.411,0.424,1,0.000,0.000,0.000,0.000,0.000,0.000,0.055,-0.107
374.81,0.105,0,0.411,0.424,1,0.000,0.000,0.000,0.000,0.000,0.000,0.053,-0.081
375.01,0.105,0,0.792,0.424,0,0.000,0.000,0.000,0.000,0.000,0.000,0.066,-0.096
375.21,0.403,0,0.792,0.424,0,0.000,0.000,0.000,0.000,0.000,0.000,0.038,-0.094
375.41,0.108,0,0.410,0.424,1,0.000,0.000,0.000,0.000,0.000,0.000,0.035,-0.101
375.61,0.105,0,0.410,0.424,1,0.000,0.000,0.000,0.000,0.000,0.000,0.047,-0.080
375.81,0.105,0,0.410,0.424,1,0.000,0.000,0.000,0.000,0.000,0.000,0.052,-0.088
376.01,0.403,0,0.769,0.423,0,0.000,0.000,0.000,0.000,0.000,0.000,0.032,-0.092
376.21,0.403,0,0.769,0.423,0,0.000,0.000,0.000,0.000,0.000,0.000,0.039,-0.096
376.41,0.108,0,0.411,0.424,1,0.000,0.000,0.000,0.000,0.000,0.000,0.044,-0.097
376.61,0.400,0,0.411,0.424,1,0.000,0.000,0.000,0.000,0.000,0.000,0.059,-0.107
376.81,0.461,0,0.411,0.424,1,0.000,0.000,0.000,0.000,0.000,0.000,0.048,-0.094
377.01,0.105,0,0.408,0.423,1,0.000,0.000,0.000,0.000,0.000,0.000,0.043,-0.082
377.21,0.400,0,0.408,0.423,1,0.000,0.000,0.000,0.000,0.000,0.000,0.047,-0.098
377.41,0.106,0,0.410,0.424,1,0.000,0.000,0.000,0.000,0.000,0.000,0.048,-0.099
377.61,0.401,0,0.410,0.424,1,0.000,0.000,0.000,0.000,0.000,0.000,0.046,-0.100
377.81,0.106,0,0.410,0.424,1,0.000,0.000,0.000,0.000,0.000,0.000,0.048,-0.096
378.01,0.403,0,0.411,0.423,1,0.000,0.000,0.000,0.000,0.000,0.000,0.038,-0.095
378.21,0.105,0,0.411,0.423,1,0.000,0.000,0.000,0.000,0.000,0.000,0.053,-0.100
378.41,0.105,0,0.411,0.424,1,0.000,0.000,0.000,0.000,0.000,0.000,0.042,-0.084
378.61,0.461,0,0.411,0.424,1,0.000,0.000,0.000,0.000,0.000,0.000,0.033,-0.093
378.81,0.108,0,0.411,0.424,1,0.000,0.000,0.000,0.000,0.000,0.000,0.044,-0.098
379.01,0.106,0,0.410,0.424,1,0.000,0.000,0.000,0.000,0.000,0.000,0.050,-0.100
379.21,0.401,0,0.410,0.424,1,0.000,0.000,0.000,0.000,0.000,0.000,0.033,-0.090
379.41,0.401,0,0.411,0.423,1,0.000,0.000,0.000,0.000,0.000,0.000,0.056,-0.093
379.61,0.461,0,0.411,0.423,1,0.000,0.000,0.000,0.000,0.000,0.000,0.024,-0.085
379.81,0.108,0,0.411,0.423,1,0.000,0.000,0.000,0.000,0.000,0.000,0.038,-0.099
380.01,0.108,0,0.412,0.424,1,0.000,0.000,0.000,0.000,0.000,0.000,0.045,-0.098
380.21,0.106,0,0.412,0.424,1,0.000,0.000,0.000,0.000,0.000,0.000,0.065,-0.091
380.41,0.403,0,0.412,0.424,1,0.000,0.000,0.000,0.000,0.000,0.000,0.038,-0.091
380.61,0.105,0,0.412,0.424,1,0.000,0.000,0.000,0.000,0.000,0.000,0.052,-0.094
380.81,0.401,0,0.412,0.424,1,0.000,0.000,0.000,0.000,0.000,0.000,0.047,-0.088
381.01,0.105,0,0.883,0.423,0,0.000,0.000,0.000,0.000,0.000,0.000,0.050,-0.097
381.21,0.401,0,0.883,0.423,0,0.000,0.000,0.000,0.000,0.000,0.000,0.033,-0.091
381.41,0.108,0,0.412,0.424,1,0.000,0.000,0.000,0.000,0.000,0.000,0.039,-0.098
381.61,0.105,0,0.412,0.424,1,0.000,0.000,0.000,0.000,0.000,0.000,0.051,-0.108
381.81,0.105,0,0.412,0.424,1,0.000,0.000,0.000,0.000,0.000,0.000,0.034,-0.083
382.01,0.106,0,0.782,0.423,0,0.000,0.000,0.000,0.000,0.000,0.000,0.058,-0.100
382.21,0.403,0,0.782,0.423,0,0.000,0.000,0.000,0.000,0.000,0.000,0.041,-0.088
382.41,0.105,0,0.786,0.423,0,0.000,0.000,0.000,0.000,0.000,0.000,0.042,-0.094
382.61,0.108,0,0.786,0.423,0,0.000,0.000,0.000,0.000,0.000,0.000,0.035,-0.097
382.81,0.400,0,0.786,0.423,0,0.000,0.000,0.000,0.000,0.000,0.000,0.067,-0.108
383.01,0.401,0,0.885,0.423,0,0.000,0.000,0.000,0.000,0.000,0.000,0.041,-0.095
383.21,0.108,0,0.885,0.423,0,0.000,0.000,0.000,0.000,0.000,0.000,0.029,-0.108
383.41,0.108,0,0.411,0.423,1,0.000,0.000,0.000,0.000,0.000,0.000,0.049,-0.108
383.61,0.106,0,0.411,0.423,1,0.000,0.000,0.000,0.000,0.000,0.000,0.064,-0.116
383.81,0.105,0,0.411,0.423,1,0.000,0.000,0.000,0.000,0.000,0.000,0.065,-0.113
384.01,0.105,0,0.411,0.424,1,0.000,0.000,0.000,0.000,0.000,0.000,0.050,-0.100
384.21,0.108,0,0.411,0.424,1,0.000,0.000,0.000,0.000,0.000,0.000,0.045,-0.108
384.41,0.106,0,0.409,0.423,1,0.000,0.000,0.000,0.000,0.000,0.000,0.068,-0.103
384.61,0.105,0,0.409,0.423,1,0.000,0.000,0.000,0.000,0.000,0.000,0.056,-0.103
384.81,0.105,0,0.409,0.423,1,0.000,0.000,0.000,0.000,0.000,0.000,0.058,-0.099
385.01,0.105,0,0.411,0.422,1,0.000,0.000,0.000,0.000,0.000,0.000,0.060,-0.102
385.21,0.403,0,0.411,0.422,1,0.000,0.000,0.000,0.000,0.000,0.000,0.044,-0.096
385.41,0.401,0,0.411,0.423,1,0.000,0.000,0.000,0.000,0.000,0.000,0.059,-0.111
385.61,0.105,0,0.411,0.423,1,0.000,0.000,0.000,0.000,0.000,0.000,0.059,-0.108
385.81,0.403,0,0.411,0.423,1,0.000,0.000,0.000,0.000,0.000,0.000,0.067,-0.110
386.01,0.108,0,0.411,0.423,1,0.000,0.000,0.000,0.000,0.000,0.000,0.047,-0.106
386.21,0.105,0,0.411,0.423,1,0.000,0.000,0.000,0.000,0.000,0.000,0.066,-0.104
386.41,0.108,0,0.786,0.423,0,0.000,0.000,0.000,0.000,0.000,0.000,0.034,-0.106
386.61,0.106,0,0.786,0.423,0,0.000,0.000,0.000,0.000,0.000,0.000,0.058,-0.096
386.81,0.106,0,0.786,0.423,0,0.000,0.000,0.000,0.000,0.000,0.000,0.051,-0.107
387.01,0.106,0,0.410,0.423,1,0.000,0.000,0.000,0.000,0.000,0.000,0.059,-0.129
387.21,0.105,0,0.410,0.423,1,0.000,0.000,0.000,0.000,0.000,0.000,0.049,-0.099
387.41,0.401,0,0.411,0.424,1,0.000,0.000,0.000,0.000,0.000,0.000,0.039,-0.091
387.61,0.401,0,0.411,0.424,1,0.000,0.000,0.000,0.000,0.000,0.000,0.065,-0.103
387.81,0.106,0,0.411,0.424,1,0.000,0.000,0.000,0.000,0.000,0.000,0.057,-0.101
388.01,0.108,0,0.408,0.424,1,0.000,0.000,0.000,0.000,0.000,0.000,0.055,-0.106
388.21,0.401,0,0.408,0.424,1,0.000,0.000,0.000,0.000,0.000,0.000,0.068,-0.124
388.41,0.401,0,0.411,0.424,1,0.000,0.000,0.000,0.000,0.000,0.000,0.043,-0.096
388.61,0.108,0,0.411,0.424,1,0.000,0.000,0.000,0.000,0.000,0.000,0.062,-0.114
388.81,0.410,0,0.411,0.424,1,0.000,0.000,0.000,0.000,0.000,0.000,0.038,-0.093
389.01,0.108,0,0.409,0.424,1,0.000,0.000,0.000,0.000,0.000,0.000,0.051,-0.106
389.21,0.105,0,0.409,0.424,1,0.000,0.000,0.000,0.000,0.000,0.000,0.061,-0.115
389.41,0.105,0,0.412,0.425,1,0.000,0.000,0.000,0.000,0.000,0.000,0.062,-0.101
389.61,0.105,0,0.412,0.425,1,0.000,0.000,0.000,0.000,0.000,0.000,0.044,-0.088
389.81,0.401,0,0.412,0.425,1,0.000,0.000,0.000,0.000,0.000,0.000,0.035,-0.087
390.01,0.400,0,0.409,0.423,1,0.000,0.000,0.000,0.000,0.000,0.000,0.060,-0.114
390.21,0.105,0,0.409,0.423,1,0.000,0.000,0.000,0.000,0.000,0.000,0.053,-0.084
